elapsed_s,rx_app,packet_bytes
0.160016082,1456,1456
0.162468882,1460,4
0.162468882,2905,1445
0.166091282,2920,15
0.166091282,4354,1434
0.176091282,4380,26
0.176091282,5803,1423
0.270838163,5840,37
0.270838163,7252,1412
0.273302163,7300,48
0.273302163,8701,1401
0.275766163,8760,59
0.275766163,10150,1390
0.278230163,10220,70
0.278230163,11598,1378
0.280694163,11680,82
0.280694163,13046,1366
0.283158163,13140,94
0.283158163,14494,1354
0.290839922,14600,106
0.290839922,15942,1342
0.293304322,16060,118
0.293304322,17390,1330
0.381513204,17520,130
0.381513204,18834,1314
0.383980404,18980,146
0.383980404,20278,1298
0.386447604,20440,162
0.386447604,21722,1282
0.388914804,21900,178
0.388914804,23166,1266
0.391382004,23360,194
0.391382004,24610,1250
0.393849204,24820,210
0.393849204,26054,1234
0.396316244,26280,226
0.396316244,27498,1218
0.398780244,27740,242
0.398780244,28942,1202
0.401244244,29200,258
0.401244244,30386,1186
0.403708644,30660,274
0.403708644,31830,1170
0.406180244,32120,290
0.406180244,33274,1154
0.408644244,33580,306
0.408644244,34718,1138
0.411199444,35040,322
0.411199444,36162,1122
0.413663444,36500,338
0.413663444,37606,1106
0.416127444,37960,354
0.416127444,39050,1090
0.418591444,39420,370
0.418591444,40494,1074
0.493203445,40880,386
0.493203445,41938,1058
0.495671045,42340,402
0.495671045,43382,1042
0.498145845,43800,418
0.498145845,44826,1026
0.500613045,45260,434
0.500613045,46270,1010
0.503080245,46720,450
0.503080245,47714,994
0.505547445,48180,466
0.505547445,49158,978
0.508014485,49640,482
0.508014485,50602,962
0.510478485,51100,498
0.510478485,52046,946
0.512942485,52560,514
0.512942485,53490,930
0.515406485,54020,530
0.515406485,54934,914
0.517870485,55480,546
0.517870485,56378,898
0.520334485,56940,562
0.520334485,57822,882
0.522798885,58400,578
0.522798885,59266,866
0.525270485,59860,594
0.525270485,60710,850
0.527734485,61320,610
0.527734485,62154,834
0.530198485,62780,626
0.530198485,63598,818
0.532662485,64240,642
0.532662485,65042,802
0.535126485,65700,658
0.535126485,66486,786
0.537681685,67160,674
0.537681685,67930,770
0.540145685,68620,690
0.540145685,69374,754
0.542609685,70080,706
0.542609685,70818,738
0.545073685,71540,722
0.545073685,72262,722
0.547538085,73000,738
0.547538085,73706,706
0.550009685,74460,754
0.550009685,75150,690
0.552470645,75920,770
0.552470645,76594,674
0.553937685,77380,786
0.553937685,78038,658
0.556401685,78840,802
0.556401685,79482,642
0.558865685,80300,818
0.558865685,80926,626
0.561420885,81760,834
0.561420885,82370,610
0.563884885,83220,850
0.563884885,83814,594
0.566348885,84680,866
0.566348885,85258,578
0.568812885,86140,882
0.568812885,86702,562
0.603892726,87600,898
0.603892726,88146,546
0.606356726,89060,914
0.606356726,89590,530
0.608820726,90520,930
0.608820726,91034,514
0.611284726,91980,946
0.611284726,92478,498
0.613748726,93440,962
0.613748726,93922,482
0.616212726,94900,978
0.616212726,95366,466
0.618767926,96360,994
0.618767926,96810,450
0.621231926,97820,1010
0.621231926,98254,434
0.623695926,99280,1026
0.623695926,99698,418
0.626160326,100740,1042
0.626160326,101142,402
0.628631926,102200,1058
0.628631926,102586,386
0.631095926,103660,1074
0.631095926,104030,370
0.633559926,105120,1090
0.633559926,105474,354
0.636023926,106580,1106
0.636023926,106918,338
0.638487926,108040,1122
0.638487926,108362,322
0.640951926,109500,1138
0.640951926,109806,306
0.643415926,110960,1154
0.643415926,111250,290
0.645879926,112420,1170
0.645879926,112694,274
0.648435126,113880,1186
0.648435126,114138,258
0.650899526,115340,1202
0.650899526,115582,242
0.653368086,116800,1218
0.653368086,117026,226
0.654835126,118260,1234
0.654835126,118470,210
0.657299126,119720,1250
0.657299126,119914,194
0.659763126,121180,1266
0.659763126,121358,178
0.662227126,122640,1282
0.662227126,122802,162
0.664691126,124100,1298
0.664691126,124246,146
0.667155126,125560,1314
0.667155126,125690,130
0.669619126,127020,1330
0.669619126,127134,114
0.672083126,128480,1346
0.672083126,128578,98
0.674547126,129940,1362
0.674547126,130022,82
0.677110326,131400,1378
0.677110326,131466,66
0.679574246,132860,1394
0.679574246,132910,50
0.682036646,134320,1410
0.682036646,134354,34
0.684499046,135780,1426
0.684499046,135798,18
0.686961446,137240,1442
0.686961446,137242,2
0.689423926,138694,1452
0.691887926,138700,6
0.691887926,140139,1439
0.694351926,140160,21
0.694351926,141584,1424
0.696815926,141620,36
0.696815926,143029,1409
0.699279926,143080,51
0.699279926,144474,1394
0.701744326,144540,66
0.701744326,145918,1378
0.704215926,146000,82
0.704215926,147362,1362
0.706679926,147460,98
0.706679926,148806,1346
0.709143926,148920,114
0.709143926,150250,1330
0.711607926,150380,130
0.711607926,151694,1314
0.714071926,151840,146
0.714071926,153138,1298
0.716627126,153300,162
0.716627126,154582,1282
0.719091126,154760,178
0.719091126,156026,1266
0.721555126,156220,194
0.721555126,157470,1250
0.724019126,157680,210
0.724019126,158914,1234
0.726483526,159140,226
0.726483526,160358,1218
0.728955126,160600,242
0.728955126,161802,1202
0.731419126,162060,258
0.731419126,163246,1186
0.733883126,163520,274
0.733883126,164690,1170
0.736347126,164980,290
0.736347126,166134,1154
0.738811126,166440,306
0.738811126,167578,1138
0.741366326,167900,322
0.741366326,169022,1122
0.743830326,169360,338
0.743830326,170466,1106
0.746294326,170820,354
0.746294326,171910,1090
0.748758326,172280,370
0.748758326,173354,1074
0.751222726,173740,386
0.751222726,174798,1058
0.753694326,175200,402
0.753694326,176242,1042
0.756158326,176660,418
0.756158326,177686,1026
0.758622326,178120,434
0.758622326,179130,1010
0.761177526,179580,450
0.761177526,180574,994
0.763641526,181040,466
0.763641526,182018,978
0.766105526,182500,482
0.766105526,183462,962
0.768569526,183960,498
0.768569526,184906,946
0.771033526,185420,514
0.771033526,186350,930
0.773497526,186880,530
0.773497526,187794,914
0.776060726,188340,546
0.776060726,189238,898
0.778524726,189800,562
0.778524726,190682,882
0.780988726,191260,578
0.780988726,192126,866
0.783452726,192720,594
0.783452726,193570,850
0.785916726,194180,610
0.785916726,195014,834
0.788380726,195640,626
0.788380726,196458,818
0.790844726,197100,642
0.790844726,197902,802
0.793308726,198560,658
0.793308726,199346,786
0.795772726,200020,674
0.795772726,200790,770
0.798236726,201480,690
0.798236726,202234,754
0.800701126,202940,706
0.800701126,203678,738
0.803172726,204400,722
0.803172726,205122,722
0.805636726,205860,738
0.805636726,206566,706
0.808100726,207320,754
0.808100726,208010,690
0.810564726,208780,770
0.810564726,209454,674
0.813028726,210240,786
0.813028726,210898,658
0.815583926,211700,802
0.815583926,212342,642
0.818047926,213160,818
0.818047926,213786,626
0.820511926,214620,834
0.820511926,215230,610
0.822975926,216080,850
0.822975926,216674,594
0.825440326,217540,866
0.825440326,218118,578
0.827911926,219000,882
0.827911926,219562,562
0.830375926,220460,898
0.830375926,221006,546
0.832839926,221920,914
0.832839926,222450,530
0.835303926,223380,930
0.835303926,223894,514
0.837767926,224840,946
0.837767926,225338,498
0.840231926,226300,962
0.840231926,226782,482
0.842695926,227760,978
0.842695926,228226,466
0.845251126,229220,994
0.845251126,229670,450
0.847715126,230680,1010
0.847715126,231114,434
0.851128166,232140,1026
0.851128166,232558,418
0.853651126,233600,1042
0.853651126,234002,402
0.856115126,235060,1058
0.856115126,235446,386
0.858579126,236520,1074
0.858579126,236890,370
0.861043126,237980,1090
0.861043126,238334,354
0.863507126,239440,1106
0.863507126,239778,338
0.865971126,240900,1122
0.865971126,241222,322
0.868435126,242360,1138
0.868435126,242666,306
0.870899126,243820,1154
0.870899126,244110,290
0.873363126,245280,1170
0.873363126,245554,274
0.875827126,246740,1186
0.875827126,246998,258
0.878291526,248200,1202
0.878291526,248442,242
0.880763126,249660,1218
0.880763126,249886,226
0.883227126,251120,1234
0.883227126,251330,210
0.885782326,252580,1250
0.885782326,252774,194
0.888246326,254040,1266
0.888246326,254218,178
0.890710326,255500,1282
0.890710326,255662,162
0.893353686,256960,1298
0.893353686,257106,146
0.896006486,258420,1314
0.896006486,258550,130
0.898409686,259880,1330
0.898409686,259994,114
0.902899286,261340,1346
0.902899286,261438,98
0.906723286,262800,1362
0.906723286,262882,82
1.360710486,264260,1378
1.360710486,382746,118486
1.364085686,383980,1234
1.364085686,402962,18982
1.371695286,534378,131416
1.374177686,535820,1442
1.374177686,535822,2
1.376644966,537274,1452
1.379114166,537280,6
1.379114166,538719,1439
1.381590566,538740,21
1.381590566,540164,1424
1.384059366,540200,36
1.384059366,541609,1409
1.386528166,541660,51
1.386528166,543054,1394
1.388996966,543120,66
1.388996966,544498,1378
1.391465766,544580,82
1.391465766,545942,1362
1.393934566,546040,98
1.393934566,547386,1346
1.396499366,547500,114
1.396499366,548830,1330
1.398968166,548960,130
1.398968166,550274,1314
1.401436966,550420,146
1.401436966,551718,1298
1.403906166,551880,162
1.403906166,553162,1282
1.406382566,553340,178
1.406382566,554606,1266
1.408851366,554800,194
1.408851366,556050,1250
1.411320166,556260,210
1.411320166,557494,1234
1.413788966,557720,226
1.413788966,558938,1218
1.416353766,559180,242
1.416353766,560382,1202
1.418822566,560640,258
1.418822566,561826,1186
1.421291366,562100,274
1.421291366,563270,1170
1.423760166,563560,290
1.423760166,564714,1154
1.426228966,565020,306
1.426228966,566158,1138
1.428698166,566480,322
1.428698166,567602,1122
1.431174566,567940,338
1.431174566,569046,1106
1.433643366,569400,354
1.433643366,570490,1090
1.436112166,570860,370
1.436112166,571934,1074
1.438676966,572320,386
1.438676966,573378,1058
1.441145766,573780,402
1.441145766,574822,1042
1.443614566,575240,418
1.443614566,576266,1026
1.446083366,576700,434
1.446083366,577710,1010
1.448552166,578160,450
1.448552166,579154,994
1.451020966,579620,466
1.451020966,580598,978
1.454443606,581080,482
1.454443606,582042,962
1.456966566,582540,498
1.456966566,583486,946
1.459531366,584000,514
1.459531366,584930,930
1.462456086,585460,530
1.462456086,586374,914
1.464859286,586920,546
1.464859286,587818,898
1.467262486,588380,562
1.467262486,589262,882
1.469665686,589840,578
1.469665686,590706,866
1.472068886,591300,594
1.472068886,592150,850
1.474472086,592760,610
1.474472086,593594,834
1.476875286,594220,626
1.476875286,595038,818
1.479385766,595680,642
1.479385766,596482,802
1.481982486,597140,658
1.481982486,597926,786
1.484385686,598600,674
1.484385686,599370,770
1.486792166,600060,690
1.486792166,600814,754
1.489260966,601520,706
1.489260966,602258,738
1.491792086,602980,722
1.491792086,603702,722
1.494198566,604440,738
1.494198566,605146,706
1.496729686,605900,754
1.496729686,606590,690
1.499232166,607360,770
1.499232166,608034,674
1.501701366,608820,786
1.501701366,609478,658
1.504240086,610280,802
1.504240086,610922,642
1.506646566,611740,818
1.506646566,612366,626
1.509115366,613200,834
1.509115366,613810,610
1.511646486,614660,850
1.511646486,615254,594
1.514052966,616120,866
1.514052966,616698,578
1.516521766,617580,882
1.516521766,618142,562
1.519052886,619040,898
1.519052886,619586,546
1.521555366,620500,914
1.521555366,621030,530
1.524024166,621960,930
1.524024166,622474,514
1.526563286,623420,946
1.526563286,623918,498
1.528969766,624880,962
1.528969766,625362,482
1.531566486,626340,978
1.531566486,626806,466
1.533969686,627800,994
1.533969686,628250,450
1.536504086,629260,1010
1.536504086,629694,434
1.538907286,630720,1026
1.538907286,631138,418
1.541409766,632180,1042
1.541409766,632582,402
1.544006486,633640,1058
1.544006486,634026,386
1.546409686,635100,1074
1.546409686,635470,370
1.548816166,636560,1090
1.548816166,636914,354
1.551420886,638020,1106
1.551420886,638358,338
1.553824086,639480,1122
1.553824086,639802,322
1.556227286,640940,1138
1.556227286,642690,1750
1.557230486,643860,1170
1.557230486,644134,274
1.559860886,645320,1186
1.559860886,645578,258
1.562264086,646780,1202
1.562264086,647022,242
1.564670566,648240,1218
1.564670566,648466,226
1.567267286,649700,1234
1.567267286,649910,210
1.569670486,651160,1250
1.569670486,651354,194
1.572077366,652620,1266
1.572077366,652798,178
1.574681686,654080,1282
1.574681686,654242,162
1.577084886,655540,1298
1.577084886,655686,146
1.579587366,657000,1314
1.579587366,657130,130
1.582056166,658460,1330
1.582056166,658574,114
1.584524966,659920,1346
1.584524966,660018,98
1.586993766,661380,1362
1.586993766,661462,82
1.589660886,662840,1378
1.589660886,662906,66
1.592288086,664300,1394
1.592288086,664350,50
1.594691286,665760,1410
1.594691286,665794,34
1.597387286,667220,1426
1.597387286,667238,18
1.599790486,668680,1442
1.599790486,668682,2
1.602486486,670134,1452
1.604889686,670140,6
1.604889686,671579,1439
1.607292886,671600,21
1.607292886,673024,1424
1.609696086,673060,36
1.609696086,674469,1409
1.612304086,674520,51
1.612304086,675914,1394
1.614838486,675980,66
1.614838486,677358,1378
1.617241686,677440,82
1.617241686,678802,1362
1.619644886,678900,98
1.619644886,680246,1346
1.622048086,680360,114
1.622048086,681690,1330
1.624547286,681820,130
1.624547286,683134,1314
1.627147286,683280,146
1.627147286,684578,1298
1.629550486,684740,162
1.629550486,686022,1282
1.631953686,686200,178
1.631953686,687466,1266
1.634356886,687660,194
1.634356886,688910,1250
1.637192086,689120,210
1.637192086,690354,1234
1.639595286,690580,226
1.639595286,691798,1218
1.641998486,692040,242
1.641998486,693242,1202
1.644401686,693500,258
1.644401686,694686,1186
1.646804886,694960,274
1.646804886,696130,1170
1.649211366,696420,290
1.649211366,697574,1154
1.651808086,697880,306
1.651808086,699018,1138
1.655211286,699340,322
1.655211286,700462,1122
1.657713766,700800,338
1.657713766,701906,1106
1.660449686,702260,354
1.660449686,703350,1090
1.662852886,703720,370
1.662852886,704794,1074
1.665256086,705180,386
1.665256086,706238,1058
1.667856086,706640,402
1.667856086,707682,1042
1.670355286,708100,418
1.670355286,709126,1026
1.672758486,709560,434
1.672758486,710570,1010
1.675161686,711020,450
1.675161686,712014,994
1.677568166,712480,466
1.677568166,713458,978
1.680304086,713940,482
1.680304086,714902,962
1.682707286,715400,498
1.682707286,716346,946
1.685403286,716860,514
1.685403286,717790,930
1.687806486,718320,530
1.687806486,719234,914
1.690209686,719780,546
1.690209686,720678,898
1.692612886,721240,562
1.692612886,722122,882
1.695212886,722700,578
1.695212886,723566,866
1.697747286,724160,594
1.697747286,725010,850
1.700150486,725620,610
1.700150486,726454,834
1.702553686,727080,626
1.702553686,727898,818
1.705052886,728540,642
1.705052886,729342,802
1.707456086,730000,658
1.707456086,730786,786
1.709862566,731460,674
1.709862566,732230,770
1.712331766,732920,690
1.712331766,733674,754
1.714870486,734380,706
1.714870486,735118,738
1.717372966,735840,722
1.717372966,736562,722
1.719841766,737300,738
1.719841766,738006,706
1.722372886,738760,754
1.722372886,739450,690
1.724779366,740220,770
1.724779366,740894,674
1.727248166,741680,786
1.727248166,742338,658
1.729910486,743140,802
1.729910486,743782,642
1.732313686,744600,818
1.732313686,745226,626
1.734716886,746060,834
1.734716886,746670,610
1.737227366,747520,850
1.737227366,748114,594
1.739955286,748980,866
1.739955286,749558,578
1.742358486,750440,882
1.742358486,751002,562
1.744761686,751900,898
1.744761686,752446,546
1.747164886,753360,914
1.747164886,753890,530
1.750000086,754820,930
1.750000086,755334,514
1.752468886,756280,946
1.752468886,756778,498
1.754872086,757740,962
1.754872086,758222,482
1.757275286,759200,978
1.757275286,759666,466
1.759809686,760660,994
1.759809686,761110,450
1.762409686,762120,1010
1.762409686,762554,434
1.764908886,763580,1026
1.764908886,763998,418
1.767377686,765040,1042
1.767377686,765442,402
1.769912086,766500,1058
1.769912086,766886,386
1.772315286,767960,1074
1.772315286,768330,370
1.774718486,769420,1090
1.774718486,769774,354
1.777121686,770880,1106
1.777121686,771218,338
1.779852886,772340,1122
1.779852886,772662,322
1.782256086,773800,1138
1.782256086,774106,306
1.784763286,775260,1154
1.784763286,775550,290
1.787363286,776720,1170
1.787363286,776994,274
1.789766486,778180,1186
1.789766486,778438,258
1.792169686,779640,1202
1.792169686,779882,242
1.794572886,781100,1218
1.794572886,781326,226
1.797276886,782560,1234
1.797276886,782770,210
1.799680086,784020,1250
1.799680086,784214,194
1.802083286,785480,1266
1.802083286,785658,178
1.804617686,786940,1282
1.804617686,787102,162
1.807216086,788400,1298
1.807216086,788546,146
1.809619286,789860,1314
1.809619286,789990,130
1.812022486,791320,1330
1.812022486,791434,114
1.814425686,792780,1346
1.814425686,792878,98
1.817321686,794240,1362
1.817321686,794322,82
1.819724886,795700,1378
1.819724886,795766,66
1.822128086,797160,1394
1.822128086,797210,50
1.824531286,798620,1410
1.824531286,798654,34
1.827131286,800080,1426
1.827131286,800098,18
1.829630486,801540,1442
1.829630486,801542,2
1.832033686,802994,1452
1.834772886,803000,6
1.834772886,804439,1439
1.837176086,804460,21
1.837176086,805884,1424
1.839579286,805920,36
1.839579286,807329,1409
1.841982486,807380,51
1.841982486,808774,1394
1.844385686,808840,66
1.844385686,810218,1378
1.847081686,810300,82
1.847081686,811662,1362
1.849484886,811760,98
1.849484886,813106,1346
1.851888086,813220,114
1.851888086,814550,1330
1.855291286,814680,130
1.855291286,815994,1314
1.857825686,816140,146
1.857825686,817438,1298
1.860529686,817600,162
1.860529686,818882,1282
1.862932886,819060,178
1.862932886,820326,1266
1.865336086,820520,194
1.865336086,821770,1250
1.867739286,821980,210
1.867739286,823214,1234
1.870142486,823440,226
1.870142486,824658,1218
1.872838486,824900,242
1.872838486,826102,1202
1.875241686,826360,258
1.875241686,827546,1186
1.877644886,827820,274
1.877644886,828990,1170
1.880048086,829280,290
1.880048086,830434,1154
1.882451286,830740,306
1.882451286,831878,1138
1.884985686,832200,322
1.884985686,833322,1122
1.887388886,833660,338
1.887388886,834766,1106
1.889792086,835120,354
1.889792086,836210,1090
1.892294566,836580,370
1.892294566,837654,1074
1.895030486,838040,386
1.895030486,839098,1058
1.897433686,839500,402
1.897433686,840542,1042
1.899836886,840960,418
1.899836886,841986,1026
1.902240086,842420,434
1.902240086,843430,1010
1.904936086,843880,450
1.904936086,844874,994
1.907339286,845340,466
1.907339286,846318,978
1.909742486,846800,482
1.909742486,847762,962
1.912276886,848260,498
1.912276886,849206,946
1.914876886,849720,514
1.914876886,850650,930
1.917280086,851180,530
1.917280086,852094,914
1.919683286,852640,546
1.919683286,853538,898
1.922086486,854100,562
1.922086486,854982,882
1.924790486,855560,578
1.924790486,856426,866
1.927193686,857020,594
1.927193686,857870,850
1.929596886,858480,610
1.929596886,859314,834
1.932131286,859940,626
1.932131286,860758,818
1.934731286,861400,642
1.934731286,862202,802
1.937230486,862860,658
1.937230486,863646,786
1.939633686,864320,674
1.939633686,865090,770
1.942036886,865780,690
1.942036886,866534,754
1.944571286,867240,706
1.944571286,867978,738
1.946974486,868700,722
1.946974486,869422,722
1.949484966,870160,738
1.949484966,870866,706
1.952081686,871620,754
1.952081686,872310,690
1.954484886,873080,770
1.954484886,873754,674
1.956891366,874540,786
1.956891366,875198,658
1.959360166,876000,802
1.959360166,876642,642
1.961828966,877460,818
1.961828966,878086,626
1.964425686,878920,834
1.964425686,879530,610
1.966828886,880380,850
1.966828886,880974,594
1.969331366,881840,866
1.969331366,882418,578
1.971800566,883300,882
1.971800566,883862,562
1.974470486,884760,898
1.974470486,885306,546
1.976873686,886220,914
1.976873686,886750,530
1.979276886,887680,930
1.979276886,888194,514
1.981779366,889140,946
1.981779366,889638,498
1.984248166,890600,962
1.984248166,891082,482
1.986779286,892060,978
1.986779286,892526,466
1.989379286,893520,994
1.989379286,893970,450
1.991782486,894980,1010
1.991782486,895414,434
1.994185686,896440,1026
1.994185686,896858,418
1.996728086,897900,1042
1.996728086,898302,402
1.999328086,899360,1058
1.999328086,899746,386
2.002163286,900820,1074
2.002163286,901190,370
2.004566486,902280,1090
2.004566486,902634,354
2.006969686,903740,1106
2.006969686,904078,338
2.009372886,905200,1122
2.009372886,905522,322
2.011776086,906660,1138
2.011776086,906966,306
2.014179286,908120,1154
2.014179286,908410,290
2.016875286,909580,1170
2.016875286,909854,274
2.019278486,911040,1186
2.019278486,911298,258
2.021812886,912500,1202
2.021812886,912742,242
2.024216086,913960,1218
2.024216086,914186,226
2.026619286,915420,1234
2.026619286,915630,210
2.029219286,916880,1250
2.029219286,917074,194
2.031622486,918340,1266
2.031622486,918518,178
2.034326486,919800,1282
2.034326486,919962,162
2.036729686,921260,1298
2.036729686,921406,146
2.039132886,922720,1314
2.039132886,922850,130
2.041665686,924180,1330
2.041665686,924294,114
2.044068886,925640,1346
2.044068886,925738,98
2.046472086,927100,1362
2.046472086,927182,82
2.049163286,928560,1378
2.049163286,928626,66
2.051566486,930020,1394
2.051566486,930070,50
2.054100886,931480,1410
2.054100886,931514,34
2.058504086,932940,1426
2.058504086,932958,18
2.060907286,934400,1442
2.060907286,934402,2
2.063742486,935854,1452
2.066145686,935860,6
2.066145686,937299,1439
2.068548886,937320,21
2.068548886,938744,1424
2.071148886,938780,36
2.071148886,940189,1409
2.073552086,940240,51
2.073552086,941634,1394
2.075955286,941700,66
2.075955286,943078,1378
2.078358486,943160,82
2.078358486,944522,1362
2.080988886,944620,98
2.080988886,945966,1346
2.083392086,946080,114
2.083392086,947410,1330
2.085795286,947540,130
2.085795286,948854,1314
2.088395286,949000,146
2.088395286,950298,1298
2.090798486,950460,162
2.090798486,951742,1282
2.323186486,951920,178
2.323186486,1087490,135570
2.326252966,1087700,210
2.326252966,1088934,1234
2.328721766,1089160,226
2.328721766,1090378,1218
2.331190566,1090620,242
2.331190566,1091822,1202
2.333755366,1092080,258
2.333755366,1093266,1186
2.336224566,1093540,274
2.336224566,1094710,1170
2.338700966,1095000,290
2.338700966,1096154,1154
2.341169766,1096460,306
2.341169766,1097598,1138
2.343638566,1097920,322
2.343638566,1099042,1122
2.346107366,1099380,338
2.346107366,1100486,1106
2.348576166,1100840,354
2.348576166,1101930,1090
2.351140966,1102300,370
2.351140966,1103374,1074
2.353609766,1103760,386
2.353609766,1104818,1058
2.356078566,1105220,402
2.356078566,1106262,1042
2.358547366,1106680,418
2.358547366,1107706,1026
2.361016566,1108140,434
2.361016566,1109150,1010
2.363492966,1109600,450
2.363492966,1110594,994
2.365961766,1111060,466
2.365961766,1112038,978
2.368430566,1112520,482
2.368430566,1113482,962
2.370995366,1113980,498
2.370995366,1114926,946
2.373464166,1115440,514
2.373464166,1116370,930
2.375932966,1116900,530
2.375932966,1117814,914
2.378401766,1118360,546
2.378401766,1119258,898
2.380870566,1119820,562
2.380870566,1120702,882
2.383339366,1121280,578
2.383339366,1122146,866
2.385808566,1122740,594
2.385808566,1123590,850
2.388284966,1124200,610
2.388284966,1125034,834
2.390849766,1125660,626
2.390849766,1126478,818
2.393318566,1127120,642
2.393318566,1127922,802
2.395787366,1128580,658
2.395787366,1129366,786
2.398256166,1130040,674
2.398256166,1130810,770
2.400724966,1131500,690
2.400724966,1132254,754
2.403193766,1132960,706
2.403193766,1133698,738
2.405662566,1134420,722
2.405662566,1135142,722
2.408131366,1135880,738
2.408131366,1136586,706
2.410704166,1137340,754
2.410704166,1138030,690
2.413172966,1138800,770
2.413172966,1139474,674
2.415641766,1140260,786
2.415641766,1140918,658
2.418110566,1141720,802
2.418110566,1142362,642
2.420579366,1143180,818
2.420579366,1143806,626
2.423048166,1144640,834
2.423048166,1145250,610
2.425516966,1146100,850
2.425516966,1146694,594
2.428081766,1147560,866
2.428081766,1148138,578
2.430550566,1149020,882
2.430550566,1149582,562
2.433019766,1150480,898
2.433019766,1151026,546
2.435496166,1151940,914
2.435496166,1152470,530
2.437964966,1153400,930
2.437964966,1153914,514
2.440433766,1154860,946
2.440433766,1155358,498
2.442998566,1156320,962
2.442998566,1156802,482
2.445467366,1157780,978
2.445467366,1158246,466
2.447936166,1159240,994
2.447936166,1159690,450
2.450500966,1160700,1010
2.450500966,1161134,434
2.452969766,1162160,1026
2.452969766,1162578,418
2.455435286,1163620,1042
2.455435286,1164022,402
2.456915366,1165080,1058
2.456915366,1165466,386
2.459384166,1166540,1074
2.459384166,1166910,370
2.461852966,1168000,1090
2.461852966,1168354,354
2.464321766,1169460,1106
2.464321766,1169798,338
2.466886566,1170920,1122
2.466886566,1171242,322
2.469355366,1172380,1138
2.469355366,1172686,306
2.471824166,1173840,1154
2.471824166,1174130,290
2.474292966,1175300,1170
2.474292966,1175574,274
2.476761766,1176760,1186
2.476761766,1177018,258
2.479230966,1178220,1202
2.479230966,1178462,242
2.481803366,1179680,1218
2.481803366,1179906,226
2.484272166,1181140,1234
2.484272166,1181350,210
2.486740966,1182600,1250
2.486740966,1182794,194
2.489209766,1184060,1266
2.489209766,1184238,178
2.491678566,1185520,1282
2.491678566,1185682,162
2.494243366,1186980,1298
2.494243366,1187126,146
2.496712166,1188440,1314
2.496712166,1188570,130
2.499180966,1189900,1330
2.499180966,1190014,114
2.501650166,1191360,1346
2.501650166,1191458,98
2.504126566,1192820,1362
2.504126566,1192902,82
2.506595366,1194280,1378
2.506595366,1194346,66
2.509064086,1195740,1394
2.509064086,1195790,50
2.511531286,1197200,1410
2.511531286,1197234,34
2.514094486,1198660,1426
2.514094486,1198678,18
2.516561686,1200120,1442
2.516561686,1200122,2
2.519028966,1201574,1452
2.521497766,1201580,6
2.521497766,1203019,1439
2.523966566,1203040,21
2.523966566,1204464,1424
2.526539366,1204500,36
2.526539366,1205909,1409
2.529008166,1205960,51
2.529008166,1207354,1394
2.531476966,1207420,66
2.531476966,1208798,1378
2.533945766,1208880,82
2.533945766,1210242,1362
2.536414566,1210340,98
2.536414566,1211686,1346
2.538883366,1211800,114
2.538883366,1213130,1330
2.541352166,1213260,130
2.541352166,1214574,1314
2.543820966,1214720,146
2.543820966,1216018,1298
2.546385766,1216180,162
2.546385766,1217462,1282
2.548854966,1217640,178
2.548854966,1218906,1266
2.551331366,1219100,194
2.551331366,1220350,1250
2.553796886,1220560,210
2.553796886,1221794,1234
2.554268966,1222020,226
2.554268966,1223238,1218
2.556833766,1223480,242
2.556833766,1224682,1202
2.559302566,1224940,258
2.559302566,1226126,1186
2.561771366,1226400,274
2.561771366,1227570,1170
2.564240166,1227860,290
2.564240166,1229014,1154
2.566708966,1229320,306
2.566708966,1230458,1138
2.569274166,1230780,322
2.569274166,1231902,1122
2.571750566,1232240,338
2.571750566,1233346,1106
2.574219366,1233700,354
2.574219366,1234790,1090
2.576688166,1235160,370
2.576688166,1236234,1074
2.579156966,1236620,386
2.579156966,1237678,1058
2.581625766,1238080,402
2.581625766,1239122,1042
2.584094566,1239540,418
2.584094566,1240566,1026
2.586563366,1241000,434
2.586563366,1242010,1010
2.589128166,1242460,450
2.589128166,1243454,994
2.591596966,1243920,466
2.591596966,1244898,978
2.594066166,1245380,482
2.594066166,1246342,962
2.596542566,1246840,498
2.596542566,1247786,946
2.599011366,1248300,514
2.599011366,1249230,930
2.601576166,1249760,530
2.601576166,1250674,914
2.604044966,1251220,546
2.604044966,1252118,898
2.606513766,1252680,562
2.606513766,1253562,882
2.608982566,1254140,578
2.608982566,1255006,866
2.611451366,1255600,594
2.611451366,1256450,850
2.613920166,1257060,610
2.613920166,1257894,834
2.616388966,1258520,626
2.616388966,1259338,818
2.618858166,1259980,642
2.618858166,1260782,802
2.621430566,1261440,658
2.621430566,1262226,786
2.623899366,1262900,674
2.623899366,1263670,770
2.626368166,1264360,690
2.626368166,1265114,754
2.628836966,1265820,706
2.628836966,1266558,738
2.631305766,1267280,722
2.631305766,1268002,722
2.633870566,1268740,738
2.633870566,1269446,706
2.636339366,1270200,754
2.636339366,1270890,690
2.638808166,1271660,770
2.638808166,1272334,674
2.641277366,1273120,786
2.641277366,1273778,658
2.643753766,1274580,802
2.643753766,1275222,642
2.646222566,1276040,818
2.646222566,1276666,626
2.648691366,1277500,834
2.648691366,1278110,610
2.653105606,1278960,850
2.653105606,1279554,594
2.655724966,1280420,866
2.655724966,1280998,578
2.658193766,1281880,882
2.658193766,1282442,562
2.660662566,1283340,898
2.660662566,1283886,546
2.663131366,1284800,914
2.663131366,1285330,530
2.665600166,1286260,930
2.665600166,1286774,514
2.668172966,1287720,946
2.668172966,1288218,498
2.670641766,1289180,962
2.670641766,1289662,482
2.673110566,1290640,978
2.673110566,1291106,466
2.675579366,1292100,994
2.675579366,1292550,450
2.678048166,1293560,1010
2.678048166,1293994,434
2.680516966,1295020,1026
2.680516966,1295438,418
2.683081766,1296480,1042
2.683081766,1296882,402
2.685550566,1297940,1058
2.685550566,1298326,386
2.688019366,1299400,1074
2.688019366,1299770,370
2.690488566,1300860,1090
2.690488566,1301214,354
2.692964966,1302320,1106
2.692964966,1302658,338
2.695433766,1303780,1122
2.695433766,1304102,322
2.697902566,1305240,1138
2.697902566,1305546,306
2.700371366,1306700,1154
2.700371366,1306990,290
2.702936166,1308160,1170
2.702936166,1308434,274
2.705404966,1309620,1186
2.705404966,1309878,258
2.707873766,1311080,1202
2.707873766,1311322,242
2.710342566,1312540,1218
2.710342566,1312766,226
2.712811366,1314000,1234
2.712811366,1314210,210
2.715384166,1315460,1250
2.715384166,1315654,194
2.717852966,1316920,1266
2.717852966,1317098,178
2.720321766,1318380,1282
2.720321766,1318542,162
2.722790566,1319840,1298
2.722790566,1319986,146
2.725259366,1321300,1314
2.725259366,1321430,130
2.727728166,1322760,1330
2.727728166,1322874,114
2.730196966,1324220,1346
2.730196966,1324318,98
2.732665766,1325680,1362
2.732665766,1325762,82
2.735230566,1327140,1378
2.735230566,1327206,66
2.737699686,1328600,1394
2.737699686,1328650,50
2.740174486,1330060,1410
2.740174486,1330094,34
2.742641686,1331520,1426
2.742641686,1331538,18
2.745108886,1332980,1442
2.745108886,1332982,2
2.747672166,1334434,1452
2.750140966,1334440,6
2.750140966,1335879,1439
2.752606486,1335900,21
2.752606486,1337324,1424
2.754078566,1337360,36
2.754078566,1338769,1409
2.756547366,1338820,51
2.756547366,1340214,1394
2.759112566,1340280,66
2.759112566,1341658,1378
2.761588966,1341740,82
2.761588966,1343102,1362
2.764057766,1343200,98
2.764057766,1344546,1346
2.766526566,1344660,114
2.766526566,1345990,1330
2.768995366,1346120,130
2.768995366,1347434,1314
2.771464166,1347580,146
2.771464166,1348878,1298
2.773932966,1349040,162
2.773932966,1350322,1282
2.776401766,1350500,178
2.776401766,1351766,1266
2.778966566,1351960,194
2.778966566,1353210,1250
2.781435366,1353420,210
2.781435366,1354654,1234
2.783904566,1354880,226
2.783904566,1356098,1218
2.786380966,1356340,242
2.786380966,1357542,1202
2.788849766,1357800,258
2.788849766,1358986,1186
2.791414566,1359260,274
2.791414566,1360430,1170
2.793883366,1360720,290
2.793883366,1361874,1154
2.796352166,1362180,306
2.796352166,1363318,1138
2.798820966,1363640,322
2.798820966,1364762,1122
2.801289766,1365100,338
2.801289766,1366206,1106
2.803758566,1366560,354
2.803758566,1367650,1090
2.806227366,1368020,370
2.806227366,1369094,1074
2.808696566,1369480,386
2.808696566,1370538,1058
2.811268966,1370940,402
2.811268966,1371982,1042
2.813737766,1372400,418
2.813737766,1373426,1026
2.816206566,1373860,434
2.816206566,1374870,1010
2.818675366,1375320,450
2.818675366,1376314,994
2.821144166,1376780,466
2.821144166,1377758,978
2.823708966,1378240,482
2.823708966,1379202,962
2.826177766,1379700,498
2.826177766,1380646,946
2.828646566,1381160,514
2.828646566,1382090,930
2.831115766,1382620,530
2.831115766,1383534,914
2.833592166,1384080,546
2.833592166,1384978,898
2.836060966,1385540,562
2.836060966,1386422,882
2.838529766,1387000,578
2.838529766,1387866,866
2.840998566,1388460,594
2.840998566,1389310,850
2.843563366,1389920,610
2.843563366,1390754,834
2.846032166,1391380,626
2.846032166,1392198,818
2.848500966,1392840,642
2.848500966,1393642,802
2.850969766,1394300,658
2.850969766,1395086,786
2.853435286,1395760,674
2.853435286,1396530,770
2.855011366,1397220,690
2.855011366,1397974,754
2.857480166,1398680,706
2.857480166,1399418,738
2.859948966,1400140,722
2.859948966,1400862,722
2.862417766,1401600,738
2.862417766,1402306,706
2.864886566,1403060,754
2.864886566,1403750,690
2.867451366,1404520,770
2.867451366,1405194,674
2.869920166,1405980,786
2.869920166,1406638,658
2.872388966,1407440,802
2.872388966,1408082,642
2.874857766,1408900,818
2.874857766,1409526,626
2.877326966,1410360,834
2.877326966,1410970,610
2.879803366,1411820,850
2.879803366,1412414,594
2.882272166,1413280,866
2.882272166,1413858,578
2.884740966,1414740,882
2.884740966,1415302,562
2.887305766,1416200,898
2.887305766,1416746,546
2.889774566,1417660,914
2.889774566,1418190,530
2.892243366,1419120,930
2.892243366,1419634,514
2.894712166,1420580,946
2.894712166,1421078,498
2.897180966,1422040,962
2.897180966,1422522,482
2.899746166,1423500,978
2.899746166,1423966,466
2.902222566,1424960,994
2.902222566,1425410,450
2.904691366,1426420,1010
2.904691366,1426854,434
2.907160166,1427880,1026
2.907160166,1428298,418
2.909628966,1429340,1042
2.909628966,1429742,402
2.912097766,1430800,1058
2.912097766,1431186,386
2.914566566,1432260,1074
2.914566566,1432630,370
2.917035366,1433720,1090
2.917035366,1434074,354
2.919600166,1435180,1106
2.919600166,1435518,338
2.922068966,1436640,1122
2.922068966,1436962,322
2.924538166,1438100,1138
2.924538166,1438406,306
2.927014566,1439560,1154
2.927014566,1439850,290
2.929483366,1441020,1170
2.929483366,1441294,274
2.932048166,1442480,1186
2.932048166,1442738,258
2.934516966,1443940,1202
2.934516966,1444182,242
2.936985766,1445400,1218
2.936985766,1445626,226
2.939454566,1446860,1234
2.939454566,1447070,210
2.941923366,1448320,1250
2.941923366,1448514,194
2.944392166,1449780,1266
2.944392166,1449958,178
2.946860966,1451240,1282
2.946860966,1451402,162
2.949330166,1452700,1298
2.949330166,1452846,146
2.952848006,1454160,1314
2.952848006,1454290,130
2.955371366,1455620,1330
2.955371366,1455734,114
2.957840166,1457080,1346
2.957840166,1457178,98
2.960308966,1458540,1362
2.960308966,1458622,82
2.962777766,1460000,1378
2.962777766,1460066,66
2.965342486,1461460,1394
2.965342486,1461510,50
2.967809686,1462920,1410
2.967809686,1462954,34
2.970276886,1464380,1426
2.970276886,1464398,18
2.972744486,1465840,1442
2.972744486,1465842,2
2.975219366,1467294,1452
2.977784166,1467300,6
2.977784166,1468739,1439
2.980252966,1468760,21
2.980252966,1470184,1424
2.982721766,1470220,36
2.982721766,1471629,1409
2.985190566,1471680,51
2.985190566,1473074,1394
2.987659366,1473140,66
2.987659366,1474518,1378
2.990128166,1474600,82
2.990128166,1475962,1362
2.992596966,1476060,98
2.992596966,1477406,1346
2.995065766,1477520,114
2.995065766,1478850,1330
2.997638566,1478980,130
2.997638566,1480294,1314
3.000107366,1480440,146
3.000107366,1481738,1298
3.002576166,1481900,162
3.002576166,1483182,1282
3.005044966,1483360,178
3.005044966,1484626,1266
3.007513766,1484820,194
3.007513766,1486070,1250
3.009982566,1486280,210
3.009982566,1487514,1234
3.012547366,1487740,226
3.012547366,1488958,1218
3.015016166,1489200,242
3.015016166,1490402,1202
3.017484966,1490660,258
3.017484966,1491846,1186
3.019954166,1492120,274
3.019954166,1493290,1170
3.022430566,1493580,290
3.022430566,1494734,1154
3.024899366,1495040,306
3.024899366,1496178,1138
3.027368166,1496500,322
3.027368166,1497622,1122
3.029836966,1497960,338
3.029836966,1499066,1106
3.032401766,1499420,354
3.032401766,1500510,1090
3.034870566,1500880,370
3.034870566,1501954,1074
3.037339366,1502340,386
3.037339366,1503398,1058
3.039808166,1503800,402
3.039808166,1504842,1042
3.042276966,1505260,418
3.042276966,1506286,1026
3.044849766,1506720,434
3.044849766,1507730,1010
3.047318566,1508180,450
3.047318566,1509174,994
3.049787366,1509640,466
3.049787366,1510618,978
3.052256166,1511100,482
3.052256166,1512062,962
3.054724966,1512560,498
3.054724966,1513506,946
3.057193766,1514020,514
3.057193766,1514950,930
3.059662566,1515480,530
3.059662566,1516394,914
3.062131366,1516940,546
3.062131366,1517838,898
3.064696166,1518400,562
3.064696166,1519282,882
3.067165366,1519860,578
3.067165366,1520726,866
3.069641766,1521320,594
3.069641766,1522170,850
3.072110566,1522780,610
3.072110566,1523614,834
3.074579366,1524240,626
3.074579366,1525058,818
3.077144166,1525700,642
3.077144166,1526502,802
3.079612966,1527160,658
3.079612966,1527946,786
3.082081766,1528620,674
3.082081766,1529390,770
3.084550566,1530080,690
3.084550566,1530834,754
3.087019366,1531540,706
3.087019366,1532278,738
3.089584566,1533000,722
3.089584566,1533722,722
3.092060966,1534460,738
3.092060966,1535166,706
3.094529766,1535920,754
3.094529766,1536610,690
3.096998566,1537380,770
3.096998566,1538054,674
3.099467366,1538840,786
3.099467366,1539498,658
3.101936166,1540300,802
3.101936166,1540942,642
3.104404966,1541760,818
3.104404966,1542386,626
3.106873766,1543220,834
3.106873766,1543830,610
3.109438566,1544680,850
3.109438566,1545274,594
3.111907366,1546140,866
3.111907366,1546718,578
3.114376566,1547600,882
3.114376566,1548162,562
3.116852966,1549060,898
3.116852966,1549606,546
3.119321766,1550520,914
3.119321766,1551050,530
3.121886566,1551980,930
3.121886566,1552494,514
3.124355366,1553440,946
3.124355366,1553938,498
3.126824166,1554900,962
3.126824166,1555382,482
3.129292966,1556360,978
3.129292966,1556826,466
3.131761766,1557820,994
3.131761766,1558270,450
3.134230566,1559280,1010
3.134230566,1559714,434
3.136699366,1560740,1026
3.136699366,1561158,418
3.139168566,1562200,1042
3.139168566,1562602,402
3.141740966,1563660,1058
3.141740966,1564046,386
3.144209766,1565120,1074
3.144209766,1565490,370
3.146678566,1566580,1090
3.146678566,1566934,354
3.149147366,1568040,1106
3.149147366,1568378,338
3.151616166,1569500,1122
3.151616166,1569822,322
3.154180966,1570960,1138
3.154180966,1571266,306
3.156649766,1572420,1154
3.156649766,1572710,290
3.159118566,1573880,1170
3.159118566,1574154,274
3.161587766,1575340,1186
3.161587766,1575598,258
3.164064166,1576800,1202
3.164064166,1577042,242
3.166532966,1578260,1218
3.166532966,1578486,226
3.169001766,1579720,1234
3.169001766,1579930,210
3.171470566,1581180,1250
3.171470566,1581374,194
3.174035366,1582640,1266
3.174035366,1582818,178
3.176504166,1584100,1282
3.176504166,1584262,162
3.178972966,1585560,1298
3.178972966,1585706,146
3.181441766,1587020,1314
3.181441766,1587150,130
3.183910566,1588480,1330
3.183910566,1588594,114
3.186483366,1589940,1346
3.186483366,1590038,98
3.188952166,1591400,1362
3.188952166,1591482,82
3.191420966,1592860,1378
3.191420966,1592926,66
3.193889686,1594320,1394
3.193889686,1594370,50
3.196356886,1595780,1410
3.196356886,1595814,34
3.198920086,1597240,1426
3.198920086,1597258,18
3.201387286,1598700,1442
3.201387286,1598702,2
3.203854566,1600154,1452
3.206323366,1600160,6
3.206323366,1601599,1439
3.208792566,1601620,21
3.208792566,1603044,1424
3.211268966,1603080,36
3.211268966,1604489,1409
3.213737766,1604540,51
3.213737766,1605934,1394
3.216206566,1606000,66
3.216206566,1607378,1378
3.218771366,1607460,82
3.218771366,1608822,1362
3.221240166,1608920,98
3.221240166,1610266,1346
3.223708966,1610380,114
3.223708966,1611710,1330
3.226177766,1611840,130
3.226177766,1613154,1314
3.228646566,1613300,146
3.228646566,1614598,1298
3.231211766,1614760,162
3.231211766,1616042,1282
3.233688166,1616220,178
3.233688166,1617486,1266
3.236156966,1617680,194
3.236156966,1618930,1250
3.238625766,1619140,210
3.238625766,1620374,1234
3.241094566,1620600,226
3.241094566,1621818,1218
3.243563366,1622060,242
3.243563366,1623262,1202
3.246032166,1623520,258
3.246032166,1624706,1186
3.248500966,1624980,274
3.248500966,1626150,1170
3.251065766,1626440,290
3.251065766,1627594,1154
3.252534566,1627900,306
3.252534566,1629038,1138
3.255003766,1629360,322
3.255003766,1630482,1122
3.257480166,1630820,338
3.257480166,1631926,1106
3.259948966,1632280,354
3.259948966,1633370,1090
3.262513766,1633740,370
3.262513766,1634814,1074
3.264982566,1635200,386
3.264982566,1636258,1058
3.267451366,1636660,402
3.267451366,1637702,1042
3.269920166,1638120,418
3.269920166,1639146,1026
3.272388966,1639580,434
3.272388966,1640590,1010
3.274953766,1641040,450
3.274953766,1642034,994
3.277422966,1642500,466
3.277422966,1643478,978
3.279899366,1643960,482
3.279899366,1644922,962
3.282368166,1645420,498
3.282368166,1646366,946
3.284836966,1646880,514
3.284836966,1647810,930
3.287305766,1648340,530
3.287305766,1649254,914
3.289774566,1649800,546
3.289774566,1650698,898
3.292243366,1651260,562
3.292243366,1652142,882
3.294808166,1652720,578
3.294808166,1653586,866
3.297276966,1654180,594
3.297276966,1655030,850
3.299745766,1655640,610
3.299745766,1656474,834
3.302214966,1657100,626
3.302214966,1657918,818
3.304691366,1658560,642
3.304691366,1659362,802
3.307256166,1660020,658
3.307256166,1660806,786
3.309724966,1661480,674
3.309724966,1662250,770
3.312193766,1662940,690
3.312193766,1663694,754
3.314662566,1664400,706
3.314662566,1665138,738
3.317131366,1665860,722
3.317131366,1666582,722
3.319600166,1667320,738
3.319600166,1668026,706
3.322068966,1668780,754
3.322068966,1669470,690
3.324537766,1670240,770
3.324537766,1670914,674
3.327006966,1671700,786
3.327006966,1672358,658
3.329579366,1673160,802
3.329579366,1673802,642
3.332048166,1674620,818
3.332048166,1675246,626
3.334516966,1676080,834
3.334516966,1676690,610
3.336985766,1677540,850
3.336985766,1678134,594
3.339454566,1679000,866
3.339454566,1679578,578
3.342019366,1680460,882
3.342019366,1681022,562
3.344488166,1681920,898
3.344488166,1682466,546
3.346956966,1683380,914
3.346956966,1683910,530
3.349426166,1684840,930
3.349426166,1685354,514
3.352848006,1686300,946
3.352848006,1686798,498
3.355371366,1687760,962
3.355371366,1688242,482
3.357840166,1689220,978
3.357840166,1689686,466
3.360308966,1690680,994
3.360308966,1691130,450
3.362873766,1692140,1010
3.362873766,1692574,434
3.365342566,1693600,1026
3.365342566,1694018,418
3.367811366,1695060,1042
3.367811366,1695462,402
3.370280166,1696520,1058
3.370280166,1696906,386
3.372748966,1697980,1074
3.372748966,1698350,370
3.375321766,1699440,1090
3.375321766,1699794,354
3.377790566,1700900,1106
3.377790566,1701238,338
3.380259366,1702360,1122
3.380259366,1702682,322
3.382728166,1703820,1138
3.382728166,1704126,306
3.385196966,1705280,1154
3.385196966,1705570,290
3.387761766,1706740,1170
3.387761766,1707014,274
3.390230566,1708200,1186
3.390230566,1708458,258
3.392699366,1709660,1202
3.392699366,1709902,242
3.395168166,1711120,1218
3.395168166,1711346,226
3.397637366,1712580,1234
3.397637366,1712790,210
3.400113766,1714040,1250
3.400113766,1714234,194
3.402582566,1715500,1266
3.402582566,1715678,178
3.405051366,1716960,1282
3.405051366,1717122,162
3.407616166,1718420,1298
3.407616166,1718566,146
3.410084966,1719880,1314
3.410084966,1720010,130
3.412553766,1721340,1330
3.412553766,1721454,114
3.415022566,1722800,1346
3.415022566,1722898,98
3.417491366,1724260,1362
3.417491366,1724342,82
3.420056566,1725720,1378
3.420056566,1725786,66
3.422532886,1727180,1394
3.422532886,1727230,50
3.425000086,1728640,1410
3.425000086,1728674,34
3.427467286,1730100,1426
3.427467286,1730118,18
3.429934486,1731560,1442
3.429934486,1731562,2
3.432401766,1733014,1452
3.434870566,1733020,6
3.434870566,1734459,1439
3.437339366,1734480,21
3.437339366,1735904,1424
3.439904166,1735940,36
3.439904166,1737349,1409
3.442372966,1737400,51
3.442372966,1738794,1394
3.444842166,1738860,66
3.444842166,1740238,1378
3.447318566,1740320,82
3.447318566,1741682,1362
3.449787366,1741780,98
3.449787366,1743126,1346
3.454201606,1743240,114
3.454201606,1744570,1330
3.456820966,1744700,130
3.456820966,1746014,1314
3.459289766,1746160,146
3.459289766,1747458,1298
3.461758566,1747620,162
3.461758566,1748902,1282
3.464227366,1749080,178
3.464227366,1750346,1266
3.466696166,1750540,194
3.466696166,1751790,1250
3.469164966,1752000,210
3.469164966,1753234,1234
3.471634166,1753460,226
3.471634166,1754678,1218
3.474206566,1754920,242
3.474206566,1756122,1202
3.476675366,1756380,258
3.476675366,1757566,1186
3.479144166,1757840,274
3.479144166,1759010,1170
3.481612966,1759300,290
3.481612966,1760454,1154
3.484081766,1760760,306
3.484081766,1761898,1138
3.486550566,1762220,322
3.486550566,1763342,1122
3.489115366,1763680,338
3.489115366,1764786,1106
3.491584166,1765140,354
3.491584166,1766230,1090
3.494053366,1766600,370
3.494053366,1767674,1074
3.496529766,1768060,386
3.496529766,1769118,1058
3.498998566,1769520,402
3.498998566,1770562,1042
3.501563366,1770980,418
3.501563366,1772006,1026
3.504032166,1772440,434
3.504032166,1773450,1010
3.506500966,1773900,450
3.506500966,1774894,994
3.508969766,1775360,466
3.508969766,1776338,978
3.511438566,1776820,482
3.511438566,1777782,962
3.513907366,1778280,498
3.513907366,1779226,946
3.516376166,1779740,514
3.516376166,1780670,930
3.518948966,1781200,530
3.518948966,1782114,914
3.521417766,1782660,546
3.521417766,1783558,898
3.523886566,1784120,562
3.523886566,1785002,882
3.526355366,1785580,578
3.526355366,1786446,866
3.528824166,1787040,594
3.528824166,1787890,850
3.531292966,1788500,610
3.531292966,1789334,834
3.533857766,1789960,626
3.533857766,1790778,818
3.536326566,1791420,642
3.536326566,1792222,802
3.538795366,1792880,658
3.538795366,1793666,786
3.541264566,1794340,674
3.541264566,1795110,770
3.543740966,1795800,690
3.543740966,1796554,754
3.546209766,1797260,706
3.546209766,1797998,738
3.548678566,1798720,722
3.548678566,1799442,722
3.551243366,1800180,738
3.551243366,1800886,706
3.553708886,1801640,754
3.553708886,1802330,690
3.554180966,1803100,770
3.554180966,1803774,674
3.556649766,1804560,786
3.556649766,1805218,658
3.559118566,1806020,802
3.559118566,1806662,642
3.561587366,1807480,818
3.561587366,1808106,626
3.564160166,1808940,834
3.564160166,1809550,610
3.566628966,1810400,850
3.566628966,1810994,594
3.569097766,1811860,866
3.569097766,1812438,578
3.571566566,1813320,882
3.571566566,1813882,562
3.574035366,1814780,898
3.574035366,1815326,546
3.576504166,1816240,914
3.576504166,1816770,530
3.578972966,1817700,930
3.578972966,1818214,514
3.581537766,1819160,946
3.581537766,1819658,498
3.584006566,1820620,962
3.584006566,1821102,482
3.586475766,1822080,978
3.586475766,1822546,466
3.588952166,1823540,994
3.588952166,1823990,450
3.591420966,1825000,1010
3.591420966,1825434,434
3.593889766,1826460,1026
3.593889766,1826878,418
3.596454566,1827920,1042
3.596454566,1828322,402
3.598923366,1829380,1058
3.598923366,1829766,386
3.601392166,1830840,1074
3.601392166,1831210,370
3.603860966,1832300,1090
3.603860966,1832654,354
3.606329766,1833760,1106
3.606329766,1834098,338
3.608894966,1835220,1122
3.608894966,1835542,322
3.611371366,1836680,1138
3.611371366,1836986,306
3.613840166,1838140,1154
3.613840166,1838430,290
3.616308966,1839600,1170
3.616308966,1839874,274
3.618777766,1841060,1186
3.618777766,1841318,258
3.621246566,1842520,1202
3.621246566,1842762,242
3.623715366,1843980,1218
3.623715366,1844206,226
3.626280166,1845440,1234
3.626280166,1845650,210
3.628748966,1846900,1250
3.628748966,1847094,194
3.631217766,1848360,1266
3.631217766,1848538,178
3.633686966,1849820,1282
3.633686966,1849982,162
3.636163366,1851280,1298
3.636163366,1851426,146
3.638632166,1852740,1314
3.638632166,1852870,130
3.641196966,1854200,1330
3.641196966,1854314,114
3.643665766,1855660,1346
3.643665766,1855758,98
3.646134566,1857120,1362
3.646134566,1857202,82
3.648603366,1858580,1378
3.648603366,1858646,66
3.651072086,1860040,1394
3.651072086,1860090,50
3.653539286,1861500,1410
3.653539286,1861534,34
3.656006486,1862960,1426
3.656006486,1862978,18
3.658474086,1864420,1442
3.658474086,1864422,2
3.661044966,1865874,1452
3.663513766,1865880,6
3.663513766,1867319,1439
3.665982566,1867340,21
3.665982566,1868764,1424
3.668451366,1868800,36
3.668451366,1870209,1409
3.670920166,1870260,51
3.670920166,1871654,1394
3.673388966,1871720,66
3.673388966,1873098,1378
3.675953766,1873180,82
3.675953766,1874542,1362
3.678422566,1874640,98
3.678422566,1875986,1346
3.680891766,1876100,114
3.680891766,1877430,1330
3.683368166,1877560,130
3.683368166,1878874,1314
3.685836966,1879020,146
3.685836966,1880318,1298
3.688401766,1880480,162
3.688401766,1881762,1282
3.690870566,1881940,178
3.690870566,1883206,1266
3.693339366,1883400,194
3.693339366,1884650,1250
3.695808166,1884860,210
3.695808166,1886094,1234
3.698276966,1886320,226
3.698276966,1887538,1218
3.700745766,1887780,242
3.700745766,1888982,1202
3.703214566,1889240,258
3.703214566,1890426,1186
3.705683766,1890700,274
3.705683766,1891870,1170
3.708256166,1892160,290
3.708256166,1893314,1154
3.710724966,1893620,306
3.710724966,1894758,1138
3.713193766,1895080,322
3.713193766,1896202,1122
3.715662566,1896540,338
3.715662566,1897646,1106
3.718131366,1898000,354
3.718131366,1899090,1090
3.720696166,1899460,370
3.720696166,1900534,1074
3.723164966,1900920,386
3.723164966,1901978,1058
3.725633766,1902380,402
3.725633766,1903422,1042
3.728102966,1903840,418
3.728102966,1904866,1026
3.730579366,1905300,434
3.730579366,1906310,1010
3.733048166,1906760,450
3.733048166,1907754,994
3.735516966,1908220,466
3.735516966,1909198,978
3.738081766,1909680,482
3.738081766,1910642,962
3.740550566,1911140,498
3.740550566,1912086,946
3.743019366,1912600,514
3.743019366,1913530,930
3.745488166,1914060,530
3.745488166,1914974,914
3.747956966,1915520,546
3.747956966,1916418,898
3.750425766,1916980,562
3.750425766,1917862,882
3.754944006,1918440,578
3.754944006,1919306,866
3.757467366,1919900,594
3.757467366,1920750,850
3.759936166,1921360,610
3.759936166,1922194,834
3.762404966,1922820,626
3.762404966,1923638,818
3.764873766,1924280,642
3.764873766,1925082,802
3.767342566,1925740,658
3.767342566,1926526,786
3.769811366,1927200,674
3.769811366,1927970,770
3.772376166,1928660,690
3.772376166,1929414,754
3.774844966,1930120,706
3.774844966,1930858,738
3.777314166,1931580,722
3.777314166,1932302,722
3.779790566,1933040,738
3.779790566,1933746,706
3.782259366,1934500,754
3.782259366,1935190,690
3.784728166,1935960,770
3.784728166,1936634,674
3.787292966,1937420,786
3.787292966,1938078,658
3.789761766,1938880,802
3.789761766,1939522,642
3.792230566,1940340,818
3.792230566,1940966,626
3.794699366,1941800,834
3.794699366,1942410,610
3.797168166,1943260,850
3.797168166,1943854,594
3.799733366,1944720,866
3.799733366,1945298,578
3.802209766,1946180,882
3.802209766,1946742,562
3.804678566,1947640,898
3.804678566,1948186,546
3.807147366,1949100,914
3.807147366,1949630,530
3.809616166,1950560,930
3.809616166,1951074,514
3.812084966,1952020,946
3.812084966,1952518,498
3.814553766,1953480,962
3.814553766,1953962,482
3.817118566,1954940,978
3.817118566,1955406,466
3.819587366,1956400,994
3.819587366,1956850,450
3.822056166,1957860,1010
3.822056166,1958294,434
3.824525366,1959320,1026
3.824525366,1959738,418
3.827001766,1960780,1042
3.827001766,1961182,402
3.829470566,1962240,1058
3.829470566,1962626,386
3.832035366,1963700,1074
3.832035366,1964070,370
3.834504166,1965160,1090
3.834504166,1965514,354
3.836972966,1966620,1106
3.836972966,1966958,338
3.839441766,1968080,1122
3.839441766,1968402,322
3.841910566,1969540,1138
3.841910566,1969846,306
3.844379366,1971000,1154
3.844379366,1971290,290
3.846848166,1972460,1170
3.846848166,1972734,274
3.849420966,1973920,1186
3.849420966,1974178,258
3.851889766,1975380,1202
3.851889766,1975622,242
3.855304006,1976840,1218
3.855304006,1977066,226
3.857827366,1978300,1234
3.857827366,1978510,210
3.860296166,1979760,1250
3.860296166,1979954,194
3.862764966,1981220,1266
3.862764966,1981398,178
3.865329766,1982680,1282
3.865329766,1982842,162
3.867798566,1984140,1298
3.867798566,1984286,146
3.870267366,1985600,1314
3.870267366,1985730,130
3.872736566,1987060,1330
3.872736566,1987174,114
3.875212966,1988520,1346
3.875212966,1988618,98
3.877681766,1989980,1362
3.877681766,1990062,82
3.880150566,1991440,1378
3.880150566,1991506,66
3.882715286,1992900,1394
3.882715286,1992950,50
3.885182486,1994360,1410
3.885182486,1994394,34
3.887649686,1995820,1426
3.887649686,1995838,18
3.890116886,1997280,1442
3.890116886,1997282,2
3.892584166,1998734,1452
3.895052966,1998740,6
3.895052966,2000179,1439
3.897625766,2000200,21
3.897625766,2001624,1424
3.900094566,2001660,36
3.900094566,2003069,1409
3.902563366,2003120,51
3.902563366,2004514,1394
3.905032166,2004580,66
3.905032166,2005958,1378
3.907500966,2006040,82
3.907500966,2007402,1362
3.910065766,2007500,98
3.910065766,2008846,1346
3.912534566,2008960,114
3.912534566,2010290,1330
3.915003366,2010420,130
3.915003366,2011734,1314
3.917472166,2011880,146
3.917472166,2013178,1298
3.919941366,2013340,162
3.919941366,2014622,1282
3.922417766,2014800,178
3.922417766,2016066,1266
3.924886566,2016260,194
3.924886566,2017510,1250
3.927451366,2017720,210
3.927451366,2018954,1234
3.929920166,2019180,226
3.929920166,2020398,1218
3.932388966,2020640,242
3.932388966,2021842,1202
3.934857766,2022100,258
3.934857766,2023286,1186
3.937326566,2023560,274
3.937326566,2024730,1170
3.939795366,2025020,290
3.939795366,2026174,1154
3.942360566,2026480,306
3.942360566,2027618,1138
3.944836966,2027940,322
3.944836966,2029062,1122
3.947305766,2029400,338
3.947305766,2030506,1106
3.949774566,2030860,354
3.949774566,2031950,1090
3.952243366,2032320,370
3.952243366,2033394,1074
3.954708886,2033780,386
3.954708886,2034838,1058
3.955180966,2035240,402
3.955180966,2036282,1042
3.957745766,2036700,418
3.957745766,2037726,1026
3.960214566,2038160,434
3.960214566,2039170,1010
3.962683366,2039620,450
3.962683366,2040614,994
3.965152566,2041080,466
3.965152566,2042058,978
3.967628966,2042540,482
3.967628966,2043502,962
3.970097766,2044000,498
3.970097766,2044946,946
3.972662566,2045460,514
3.972662566,2046390,930
3.975131366,2046920,530
3.975131366,2047834,914
3.977600166,2048380,546
3.977600166,2049278,898
3.980068966,2049840,562
3.980068966,2050722,882
3.982537766,2051300,578
3.982537766,2052166,866
3.985006566,2052760,594
3.985006566,2053610,850
3.987475366,2054220,610
3.987475366,2055054,834
3.990048166,2055680,626
3.990048166,2056498,818
3.992516966,2057140,642
3.992516966,2057942,802
3.994985766,2058600,658
3.994985766,2059386,786
3.997454566,2060060,674
3.997454566,2060830,770
3.999923366,2061520,690
3.999923366,2062274,754
4.002392166,2062980,706
4.002392166,2063718,738
4.004860966,2064440,722
4.004860966,2065162,722
4.007425766,2065900,738
4.007425766,2066606,706
4.009894566,2067360,754
4.009894566,2068050,690
4.012363766,2068820,770
4.012363766,2069494,674
4.014840166,2070280,786
4.014840166,2070938,658
4.017308966,2071740,802
4.017308966,2072382,642
4.019873766,2073200,818
4.019873766,2073826,626
4.022342566,2074660,834
4.022342566,2075270,610
4.024811366,2076120,850
4.024811366,2076714,594
4.027280166,2077580,866
4.027280166,2078158,578
4.029748966,2079040,882
4.029748966,2079602,562
4.032217766,2080500,898
4.032217766,2081046,546
4.034686566,2081960,914
4.034686566,2082490,530
4.037259366,2083420,930
4.037259366,2083934,514
4.039728166,2084880,946
4.039728166,2085378,498
4.042196966,2086340,962
4.042196966,2086822,482
4.044665766,2087800,978
4.044665766,2088266,466
4.047134566,2089260,994
4.047134566,2089710,450
4.049603366,2090720,1010
4.049603366,2091154,434
4.052164886,2092180,1026
4.052164886,2092598,418
4.052636966,2093640,1042
4.052636966,2094042,402
4.055105766,2095100,1058
4.055105766,2095486,386
4.057574966,2096560,1074
4.057574966,2096930,370
4.060051366,2098020,1090
4.060051366,2098374,354
4.062520166,2099480,1106
4.062520166,2099818,338
4.064988966,2100940,1122
4.064988966,2101262,322
4.067553766,2102400,1138
4.067553766,2102706,306
4.070022566,2103860,1154
4.070022566,2104150,290
4.072491366,2105320,1170
4.072491366,2105594,274
4.074960166,2106780,1186
4.074960166,2107038,258
4.077428966,2108240,1202
4.077428966,2108482,242
4.079897766,2109700,1218
4.079897766,2109926,226
4.082470566,2111160,1234
4.082470566,2111370,210
4.084939366,2112620,1250
4.084939366,2112814,194
4.087408166,2114080,1266
4.087408166,2114258,178
4.089876966,2115540,1282
4.089876966,2115702,162
4.092345766,2117000,1298
4.092345766,2117146,146
4.094814566,2118460,1314
4.094814566,2118590,130
4.097283366,2119920,1330
4.097283366,2120034,114
4.099848166,2121380,1346
4.099848166,2121478,98
4.102316966,2122840,1362
4.102316966,2122922,82
4.104786166,2124300,1378
4.104786166,2124366,66
4.107262486,2125760,1394
4.107262486,2125810,50
4.109729686,2127220,1410
4.109729686,2127254,34
4.112196886,2128680,1426
4.112196886,2128698,18
4.114760086,2130140,1442
4.114760086,2130142,2
4.117227366,2131594,1452
4.119696166,2131600,6
4.119696166,2133039,1439
4.122164966,2133060,21
4.122164966,2134484,1424
4.124633766,2134520,36
4.124633766,2135929,1409
4.127198966,2135980,51
4.127198966,2137374,1394
4.129675366,2137440,66
4.129675366,2138818,1378
4.132144166,2138900,82
4.132144166,2140262,1362
4.134612966,2140360,98
4.134612966,2141706,1346
4.137081766,2141820,114
4.137081766,2143150,1330
4.139550566,2143280,130
4.139550566,2144594,1314
4.142019366,2144740,146
4.142019366,2146038,1298
4.144488166,2146200,162
4.144488166,2147482,1282
4.147052966,2147660,178
4.147052966,2148926,1266
4.149521766,2149120,194
4.149521766,2150370,1250
4.151990966,2150580,210
4.151990966,2151814,1234
4.154467366,2152040,226
4.154467366,2153258,1218
4.156936166,2153500,242
4.156936166,2154702,1202
4.159500966,2154960,258
4.159500966,2156146,1186
4.161969766,2156420,274
4.161969766,2157590,1170
4.164438566,2157880,290
4.164438566,2159034,1154
4.166907366,2159340,306
4.166907366,2160478,1138
4.169376166,2160800,322
4.169376166,2161922,1122
4.171844966,2162260,338
4.171844966,2163366,1106
4.174313766,2163720,354
4.174313766,2164810,1090
4.176782966,2165180,370
4.176782966,2166254,1074
4.179355366,2166640,386
4.179355366,2167698,1058
4.181824166,2168100,402
4.181824166,2169142,1042
4.184292966,2169560,418
4.184292966,2170586,1026
4.186761766,2171020,434
4.186761766,2172030,1010
4.189230566,2172480,450
4.189230566,2173474,994
4.191795366,2173940,466
4.191795366,2174918,978
4.194264166,2175400,482
4.194264166,2176362,962
4.196732966,2176860,498
4.196732966,2177806,946
4.199202166,2178320,514
4.199202166,2179250,930
4.201678566,2179780,530
4.201678566,2180694,914
4.204243366,2181240,546
4.204243366,2182138,898
4.206712166,2182700,562
4.206712166,2183582,882
4.209180966,2184160,578
4.209180966,2185026,866
4.211649766,2185620,594
4.211649766,2186470,850
4.214118566,2187080,610
4.214118566,2187914,834
4.216587366,2188540,626
4.216587366,2189358,818
4.219056166,2190000,642
4.219056166,2190802,802
4.221524966,2191460,658
4.221524966,2192246,786
4.224097766,2192920,674
4.224097766,2193690,770
4.226566566,2194380,690
4.226566566,2195134,754
4.229035366,2195840,706
4.229035366,2196578,738
4.231504166,2197300,722
4.231504166,2198022,722
4.233972966,2198760,738
4.233972966,2199466,706
4.236537766,2200220,754
4.236537766,2200910,690
4.239006566,2201680,770
4.239006566,2202354,674
4.241475366,2203140,786
4.241475366,2203798,658
4.243944166,2204600,802
4.243944166,2205242,642
4.246413366,2206060,818
4.246413366,2206686,626
4.248889766,2207520,834
4.248889766,2208130,610
4.253304006,2208980,850
4.253304006,2209574,594
4.255827366,2210440,866
4.255827366,2211018,578
4.258392166,2211900,882
4.258392166,2212462,562
4.260860966,2213360,898
4.260860966,2213906,546
4.263329766,2214820,914
4.263329766,2215350,530
4.265798566,2216280,930
4.265798566,2216794,514
4.268267366,2217740,946
4.268267366,2218238,498
4.270832566,2219200,962
4.270832566,2219682,482
4.273308966,2220660,978
4.273308966,2221126,466
4.275777766,2222120,994
4.275777766,2222570,450
4.278246566,2223580,1010
4.278246566,2224014,434
4.280715366,2225040,1026
4.280715366,2225458,418
4.283184166,2226500,1042
4.283184166,2226902,402
4.285652966,2227960,1058
4.285652966,2228346,386
4.288121766,2229420,1074
4.288121766,2229790,370
4.290686566,2230880,1090
4.290686566,2231234,354
4.293155366,2232340,1106
4.293155366,2232678,338
4.295624566,2233800,1122
4.295624566,2234122,322
4.298100966,2235260,1138
4.298100966,2235566,306
4.300569766,2236720,1154
4.300569766,2237010,290
4.303134566,2238180,1170
4.303134566,2238454,274
4.305603366,2239640,1186
4.305603366,2239898,258
4.308072166,2241100,1202
4.308072166,2241342,242
4.310540966,2242560,1218
4.310540966,2242786,226
4.313009766,2244020,1234
4.313009766,2244230,210
4.315574566,2245480,1250
4.315574566,2245674,194
4.318043766,2246940,1266
4.318043766,2247118,178
4.320520166,2248400,1282
4.320520166,2248562,162
4.322988966,2249860,1298
4.322988966,2250006,146
4.325457766,2251320,1314
4.325457766,2251450,130
4.327926566,2252780,1330
4.327926566,2252894,114
4.330395366,2254240,1346
4.330395366,2254338,98
4.332864166,2255700,1362
4.332864166,2255782,82
4.335428966,2257160,1378
4.335428966,2257226,66
4.337897686,2258620,1394
4.337897686,2258670,50
4.340364886,2260080,1410
4.340364886,2260114,34
4.342832486,2261540,1426
4.342832486,2261558,18
4.345307286,2263000,1442
4.345307286,2263002,2
4.347870566,2264454,1452
4.350339366,2264460,6
4.350339366,2265899,1439
4.352808166,2265920,21
4.352808166,2267344,1424
4.355276966,2267380,36
4.355276966,2268789,1409
4.357745766,2268840,51
4.357745766,2270234,1394
4.360214566,2270300,66
4.360214566,2271678,1378
4.362683366,2271760,82
4.362683366,2273122,1362
4.365152166,2273220,98
4.365152166,2274566,1346
4.367621366,2274680,114
4.367621366,2276010,1330
4.370193766,2276140,130
4.370193766,2277454,1314
4.372662566,2277600,146
4.372662566,2278898,1298
4.375131366,2279060,162
4.375131366,2280342,1282
4.377600166,2280520,178
4.377600166,2281786,1266
4.380068966,2281980,194
4.380068966,2283230,1250
4.382633766,2283440,210
4.382633766,2284674,1234
4.385102566,2284900,226
4.385102566,2286118,1218
4.387571366,2286360,242
4.387571366,2287562,1202
4.390040566,2287820,258
4.390040566,2289006,1186
4.392516966,2289280,274
4.392516966,2290450,1170
4.395081766,2290740,290
4.395081766,2291894,1154
4.397550566,2292200,306
4.397550566,2293338,1138
4.400019366,2293660,322
4.400019366,2294782,1122
4.402488166,2295120,338
4.402488166,2296226,1106
4.404956966,2296580,354
4.404956966,2297670,1090
4.407425766,2298040,370
4.407425766,2299114,1074
4.409894566,2299500,386
4.409894566,2300558,1058
4.412363366,2300960,402
4.412363366,2302002,1042
4.414936166,2302420,418
4.414936166,2303446,1026
4.417404966,2303880,434
4.417404966,2304890,1010
4.419873766,2305340,450
4.419873766,2306334,994
4.422342566,2306800,466
4.422342566,2307778,978
4.424811366,2308260,482
4.424811366,2309222,962
4.427376166,2309720,498
4.427376166,2310666,946
4.429844966,2311180,514
4.429844966,2312110,930
4.432313766,2312640,530
4.432313766,2313554,914
4.434782566,2314100,546
4.434782566,2314998,898
4.437251766,2315560,562
4.437251766,2316442,882
4.439728166,2317020,578
4.439728166,2317886,866
4.442196966,2318480,594
4.442196966,2319330,850
4.444665766,2319940,610
4.444665766,2320774,834
4.447230566,2321400,626
4.447230566,2322218,818
4.449699366,2322860,642
4.449699366,2323662,802
4.452164886,2324320,658
4.452164886,2325106,786
4.453636966,2325780,674
4.453636966,2326550,770
4.456105766,2327240,690
4.456105766,2327994,754
4.458670966,2328700,706
4.458670966,2329438,738
4.461147366,2330160,722
4.461147366,2330882,722
4.463616166,2331620,738
4.463616166,2332326,706
4.466084966,2333080,754
4.466084966,2333770,690
4.468553766,2334540,770
4.468553766,2335214,674
4.471022566,2336000,786
4.471022566,2336658,658
4.473491366,2337460,802
4.473491366,2338102,642
4.475960166,2338920,818
4.475960166,2339546,626
4.478524966,2340380,834
4.478524966,2340990,610
4.480993766,2341840,850
4.480993766,2342434,594
4.483462966,2343300,866
4.483462966,2343878,578
4.485939366,2344760,882
4.485939366,2345322,562
4.488408166,2346220,898
4.488408166,2346766,546
4.490972966,2347680,914
4.490972966,2348210,530
4.493441766,2349140,930
4.493441766,2349654,514
4.495910566,2350600,946
4.495910566,2351098,498
4.498379366,2352060,962
4.498379366,2352542,482
4.500848166,2353520,978
4.500848166,2353986,466
4.503412966,2354980,994
4.503412966,2355430,450
4.505882166,2356440,1010
4.505882166,2356874,434
4.508358566,2357900,1026
4.508358566,2358318,418
4.510827366,2359360,1042
4.510827366,2359762,402
4.513296166,2360820,1058
4.513296166,2361206,386
4.515764966,2362280,1074
4.515764966,2362650,370
4.518233766,2363740,1090
4.518233766,2364094,354
4.520702566,2365200,1106
4.520702566,2365538,338
4.523267366,2366660,1122
4.523267366,2366982,322
4.525736166,2368120,1138
4.525736166,2368426,306
4.528204966,2369580,1154
4.528204966,2369870,290
4.530674166,2371040,1170
4.530674166,2371314,274
4.533150566,2372500,1186
4.533150566,2372758,258
4.535715366,2373960,1202
4.535715366,2374202,242
4.538184166,2375420,1218
4.538184166,2375646,226
4.540652966,2376880,1234
4.540652966,2377090,210
4.543121766,2378340,1250
4.543121766,2378534,194
4.545590566,2379800,1266
4.545590566,2379978,178
4.548059366,2381260,1282
4.548059366,2381422,162
4.550528166,2382720,1298
4.550528166,2382866,146
4.554942406,2384180,1314
4.554942406,2384310,130
4.557569766,2385640,1330
4.557569766,2385754,114
4.560038566,2387100,1346
4.560038566,2387198,98
4.562507366,2388560,1362
4.562507366,2388642,82
4.564976166,2390020,1378
4.564976166,2390086,66
4.567444886,2391480,1394
4.567444886,2391530,50
4.570008086,2392940,1410
4.570008086,2392974,34
4.572475286,2394400,1426
4.572475286,2394418,18
4.574942486,2395860,1442
4.574942486,2395862,2
4.577409766,2397314,1452
4.579878966,2397320,6
4.579878966,2398759,1439
4.582355366,2398780,21
4.582355366,2400204,1424
4.584824166,2400240,36
4.584824166,2401649,1409
4.587292966,2401700,51
4.587292966,2403094,1394
4.589857766,2403160,66
4.589857766,2404538,1378
4.592326566,2404620,82
4.592326566,2405982,1362
4.594795366,2406080,98
4.594795366,2407426,1346
4.597264166,2407540,114
4.597264166,2408870,1330
4.599732966,2409000,130
4.599732966,2410314,1314
4.602298166,2410460,146
4.602298166,2411758,1298
4.604774566,2411920,162
4.604774566,2413202,1282
4.607243366,2413380,178
4.607243366,2414646,1266
4.609712166,2414840,194
4.609712166,2416090,1250
4.612180966,2416300,210
4.612180966,2417534,1234
4.614745766,2417760,226
4.614745766,2418978,1218
4.617214566,2419220,242
4.617214566,2420422,1202
4.619683366,2420680,258
4.619683366,2421866,1186
4.622152166,2422140,274
4.622152166,2423310,1170
4.624620966,2423600,290
4.624620966,2424754,1154
4.627090166,2425060,306
4.627090166,2426198,1138
4.629566566,2426520,322
4.629566566,2427642,1122
4.632035366,2427980,338
4.632035366,2429086,1106
4.634600166,2429440,354
4.634600166,2430530,1090
4.637068966,2430900,370
4.637068966,2431974,1074
4.639537766,2432360,386
4.639537766,2433418,1058
4.642006566,2433820,402
4.642006566,2434862,1042
4.644475366,2435280,418
4.644475366,2436306,1026
4.647040166,2436740,434
4.647040166,2437750,1010
4.649509366,2438200,450
4.649509366,2439194,994
4.651985766,2439660,466
4.651985766,2440638,978
4.655400006,2441120,482
4.655400006,2442082,962
4.657923366,2442580,498
4.657923366,2443526,946
4.660392166,2444040,514
4.660392166,2444970,930
4.662860966,2445500,530
4.662860966,2446414,914
4.665329766,2446960,546
4.665329766,2447858,898
4.667894566,2448420,562
4.667894566,2449302,882
4.670363366,2449880,578
4.670363366,2450746,866
4.672832166,2451340,594
4.672832166,2452190,850
4.675301366,2452800,610
4.675301366,2453634,834
4.677777766,2454260,626
4.677777766,2455078,818
4.680342566,2455720,642
4.680342566,2456522,802
4.682811366,2457180,658
4.682811366,2457966,786
4.685280166,2458640,674
4.685280166,2459410,770
4.687748966,2460100,690
4.687748966,2460854,754
4.690217766,2461560,706
4.690217766,2462298,738
4.692686566,2463020,722
4.692686566,2463742,722
4.695155366,2464480,738
4.695155366,2465186,706
4.697624166,2465940,754
4.697624166,2466630,690
4.700196966,2467400,770
4.700196966,2468074,674
4.702665766,2468860,786
4.702665766,2469518,658
4.705134566,2470320,802
4.705134566,2470962,642
4.707603366,2471780,818
4.707603366,2472406,626
4.710072166,2473240,834
4.710072166,2473850,610
4.712540966,2474700,850
4.712540966,2475294,594
4.715105766,2476160,866
4.715105766,2476738,578
4.717574566,2477620,882
4.717574566,2478182,562
4.720043366,2479080,898
4.720043366,2479626,546
4.722512566,2480540,914
4.722512566,2481070,530
4.724988966,2482000,930
4.724988966,2482514,514
4.727553766,2483460,946
4.727553766,2483958,498
4.730022566,2484920,962
4.730022566,2485402,482
4.732491366,2486380,978
4.732491366,2486846,466
4.734960166,2487840,994
4.734960166,2488290,450
4.737428966,2489300,1010
4.737428966,2489734,434
4.739897766,2490760,1026
4.739897766,2491178,418
4.742366566,2492220,1042
4.742366566,2492622,402
4.744835366,2493680,1058
4.744835366,2494066,386
4.747408166,2495140,1074
4.747408166,2495510,370
4.749876966,2496600,1090
4.749876966,2496954,354
4.752345766,2498060,1106
4.752345766,2498398,338
4.754811286,2499520,1122
4.754811286,2501286,1766
4.755848166,2502440,1154
4.755848166,2502730,290
4.758316966,2503900,1170
4.758316966,2504174,274
4.760785766,2505360,1186
4.760785766,2505618,258
4.763254566,2506820,1202
4.763254566,2507062,242
4.765723766,2508280,1218
4.765723766,2508506,226
4.768200166,2509740,1234
4.768200166,2509950,210
4.770668966,2511200,1250
4.770668966,2511394,194
4.773137766,2512660,1266
4.773137766,2512838,178
4.775702566,2514120,1282
4.775702566,2514282,162
4.778171366,2515580,1298
4.778171366,2515726,146
4.780640166,2517040,1314
4.780640166,2517170,130
4.783108966,2518500,1330
4.783108966,2518614,114
4.785577766,2519960,1346
4.785577766,2520058,98
4.788142966,2521420,1362
4.788142966,2521502,82
4.790619366,2522880,1378
4.790619366,2522946,66
4.793088086,2524340,1394
4.793088086,2524390,50
4.795555286,2525800,1410
4.795555286,2525834,34
4.798022486,2527260,1426
4.798022486,2527278,18
4.800489686,2528720,1442
4.800489686,2528722,2
4.802956966,2530174,1452
4.805425766,2530180,6
4.805425766,2531619,1439
4.807990566,2531640,21
4.807990566,2533064,1424
4.810459366,2533100,36
4.810459366,2534509,1409
4.812928566,2534560,51
4.812928566,2535954,1394
4.815404966,2536020,66
4.815404966,2537398,1378
4.817873766,2537480,82
4.817873766,2538842,1362
4.820438566,2538940,98
4.820438566,2540286,1346
4.822907366,2540400,114
4.822907366,2541730,1330
4.825376166,2541860,130
4.825376166,2543174,1314
4.827844966,2543320,146
4.827844966,2544618,1298
4.830313766,2544780,162
4.830313766,2546062,1282
4.832878566,2546240,178
4.832878566,2547506,1266
4.835347766,2547700,194
4.835347766,2548950,1250
4.837824166,2549160,210
4.837824166,2550394,1234
4.840292966,2550620,226
4.840292966,2551838,1218
4.842761766,2552080,242
4.842761766,2553282,1202
4.845230566,2553540,258
4.845230566,2554726,1186
4.847699366,2555000,274
4.847699366,2556170,1170
4.853113606,2556460,290
4.853113606,2557614,1154
4.855732966,2557920,306
4.855732966,2559058,1138
4.858201766,2559380,322
4.858201766,2560502,1122
4.860670566,2560840,338
4.860670566,2561946,1106
4.863139766,2562300,354
4.863139766,2563390,1090
4.865616166,2563760,370
4.865616166,2564834,1074
4.868180966,2565220,386
4.868180966,2566278,1058
4.870649766,2566680,402
4.870649766,2567722,1042
4.873118566,2568140,418
4.873118566,2569166,1026
4.875587366,2569600,434
4.875587366,2570610,1010
4.878056166,2571060,450
4.878056166,2572054,994
4.880524966,2572520,466
4.880524966,2573498,978
4.882993766,2573980,482
4.882993766,2574942,962
4.885462566,2575440,498
4.885462566,2576386,946
4.888035366,2576900,514
4.888035366,2577830,930
4.890504166,2578360,530
4.890504166,2579274,914
4.892972966,2579820,546
4.892972966,2580718,898
4.895441766,2581280,562
4.895441766,2582162,882
4.897910566,2582740,578
4.897910566,2583606,866
4.900475366,2584200,594
4.900475366,2585050,850
4.902944166,2585660,610
4.902944166,2586494,834
4.905412966,2587120,626
4.905412966,2587938,818
4.907881766,2588580,642
4.907881766,2589382,802
4.910350966,2590040,658
4.910350966,2590826,786
4.912827366,2591500,674
4.912827366,2592270,770
4.915296166,2592960,690
4.915296166,2593714,754
4.917764966,2594420,706
4.917764966,2595158,738
4.920329766,2595880,722
4.920329766,2596602,722
4.922798566,2597340,738
4.922798566,2598046,706
4.925267366,2598800,754
4.925267366,2599490,690
4.927736166,2600260,770
4.927736166,2600934,674
4.930204966,2601720,786
4.930204966,2602378,658
4.932770166,2603180,802
4.932770166,2603822,642
4.935246566,2604640,818
4.935246566,2605266,626
4.937715366,2606100,834
4.937715366,2606710,610
4.940184166,2607560,850
4.940184166,2608154,594
4.942652966,2609020,866
4.942652966,2609598,578
4.945217766,2610480,882
4.945217766,2611042,562
4.947686566,2611940,898
4.947686566,2612486,546
4.950155366,2613400,914
4.950155366,2613930,530
4.952624166,2614860,930
4.952624166,2615374,514
4.956038406,2616320,946
4.956038406,2616818,498
4.958562166,2617780,962
4.958562166,2618262,482
4.961038566,2619240,978
4.961038566,2619706,466
4.963507366,2620700,994
4.963507366,2621150,450
4.966072166,2622160,1010
4.966072166,2622594,434
4.968540966,2623620,1026
4.968540966,2624038,418
4.971009766,2625080,1042
4.971009766,2625482,402
4.973478566,2626540,1058
4.973478566,2626926,386
4.975947366,2628000,1074
4.975947366,2628370,370
4.978512166,2629460,1090
4.978512166,2629814,354
4.980981366,2630920,1106
4.980981366,2631258,338
4.983457766,2632380,1122
4.983457766,2632702,322
4.985926566,2633840,1138
4.985926566,2634146,306
4.988395366,2635300,1154
4.988395366,2635590,290
4.990864166,2636760,1170
4.990864166,2637034,274
4.993332966,2638220,1186
4.993332966,2638478,258
4.995801766,2639680,1202
4.995801766,2639922,242
4.998366566,2641140,1218
4.998366566,2641366,226
5.000835366,2642600,1234
5.000835366,2642810,210
5.003304166,2644060,1250
5.003304166,2644254,194
5.005773366,2645520,1266
5.005773366,2645698,178
5.008249766,2646980,1282
5.008249766,2647142,162
5.010814566,2648440,1298
5.010814566,2648586,146
5.013283366,2649900,1314
5.013283366,2650030,130
5.015752166,2651360,1330
5.015752166,2651474,114
5.018220966,2652820,1346
5.018220966,2652918,98
5.020689766,2654280,1362
5.020689766,2654362,82
5.023158566,2655740,1378
5.023158566,2655806,66
5.025627286,2657200,1394
5.025627286,2657250,50
5.028094486,2658660,1410
5.028094486,2658694,34
5.030665686,2660120,1426
5.030665686,2660138,18
5.033132886,2661580,1442
5.033132886,2661582,2
5.035600166,2663034,1452
5.038068966,2663040,6
5.038068966,2664479,1439
5.040537766,2664500,21
5.040537766,2665924,1424
5.043102566,2665960,36
5.043102566,2667369,1409
5.045571366,2667420,51
5.045571366,2668814,1394
5.048040166,2668880,66
5.048040166,2670258,1378
5.050508966,2670340,82
5.050508966,2671702,1362
5.052978166,2671800,98
5.052978166,2673146,1346
5.055547286,2673260,114
5.055547286,2676034,2774
5.057488166,2676180,146
5.057488166,2677478,1298
5.059956966,2677640,162
5.059956966,2678922,1282
5.062425766,2679100,178
5.062425766,2680366,1266
5.064894566,2680560,194
5.064894566,2681810,1250
5.067363366,2682020,210
5.067363366,2683254,1234
5.069832166,2683480,226
5.069832166,2684698,1218
5.072300966,2684940,242
5.072300966,2686142,1202
5.074873766,2686400,258
5.074873766,2687586,1186
5.077342566,2687860,274
5.077342566,2689030,1170
5.079811366,2689320,290
5.079811366,2690474,1154
5.082280166,2690780,306
5.082280166,2691918,1138
5.084748966,2692240,322
5.084748966,2693362,1122
5.087313766,2693700,338
5.087313766,2694806,1106
5.089782566,2695160,354
5.089782566,2696250,1090
5.092251366,2696620,370
5.092251366,2697694,1074
5.094720166,2698080,386
5.094720166,2699138,1058
5.097189366,2699540,402
5.097189366,2700582,1042
5.099665766,2701000,418
5.099665766,2702026,1026
5.102134566,2702460,434
5.102134566,2703470,1010
5.104603366,2703920,450
5.104603366,2704914,994
5.107168166,2705380,466
5.107168166,2706358,978
5.109636966,2706840,482
5.109636966,2707802,962
5.112105766,2708300,498
5.112105766,2709246,946
5.114574566,2709760,514
5.114574566,2710690,930
5.117043366,2711220,530
5.117043366,2712134,914
5.119608566,2712680,546
5.119608566,2713578,898
5.122084966,2714140,562
5.122084966,2715022,882
5.124553766,2715600,578
5.124553766,2716466,866
5.127022566,2717060,594
5.127022566,2717910,850
5.129491366,2718520,610
5.129491366,2719354,834
5.132056166,2719980,626
5.132056166,2720798,818
5.134524966,2721440,642
5.134524966,2722242,802
5.136993766,2722900,658
5.136993766,2723686,786
5.139462566,2724360,674
5.139462566,2725130,770
5.141931366,2725820,690
5.141931366,2726574,754
5.144400566,2727280,706
5.144400566,2728018,738
5.146876966,2728740,722
5.146876966,2729462,722
5.149345766,2730200,738
5.149345766,2730906,706
5.151910566,2731660,754
5.151910566,2732350,690
5.154379366,2733120,770
5.154379366,2733794,674
5.156848166,2734580,786
5.156848166,2735238,658
5.159316966,2736040,802
5.159316966,2736682,642
5.161785766,2737500,818
5.161785766,2738126,626
5.164350566,2738960,834
5.164350566,2739570,610
5.166819766,2740420,850
5.166819766,2741014,594
5.169296166,2741880,866
5.169296166,2742458,578
5.171764966,2743340,882
5.171764966,2743902,562
5.174233766,2744800,898
5.174233766,2745346,546
5.176702566,2746260,914
5.176702566,2746790,530
5.179171366,2747720,930
5.179171366,2748234,514
5.181640166,2749180,946
5.181640166,2749678,498
5.184204966,2750640,962
5.184204966,2751122,482
5.186673766,2752100,978
5.186673766,2752566,466
5.189142566,2753560,994
5.189142566,2754010,450
5.191611766,2755020,1010
5.191611766,2755454,434
5.194088166,2756480,1026
5.194088166,2756898,418
5.196652966,2757940,1042
5.196652966,2758342,402
5.199121766,2759400,1058
5.199121766,2759786,386
5.201590566,2760860,1074
5.201590566,2761230,370
5.204059366,2762320,1090
5.204059366,2762674,354
5.206528166,2763780,1106
5.206528166,2764118,338
5.208996966,2765240,1122
5.208996966,2765562,322
5.211465766,2766700,1138
5.211465766,2767006,306
5.213934566,2768160,1154
5.213934566,2768450,290
5.216507366,2769620,1170
5.216507366,2769894,274
5.218976166,2771080,1186
5.218976166,2771338,258
5.221444966,2772540,1202
5.221444966,2772782,242
5.223913766,2774000,1218
5.223913766,2774226,226
5.226382566,2775460,1234
5.226382566,2775670,210
5.228947366,2776920,1250
5.228947366,2777114,194
5.231416166,2778380,1266
5.231416166,2778558,178
5.233884966,2779840,1282
5.233884966,2780002,162
5.236353766,2781300,1298
5.236353766,2781446,146
5.238822966,2782760,1314
5.238822966,2782890,130
5.241299366,2784220,1330
5.241299366,2784334,114
5.243864166,2785680,1346
5.243864166,2785778,98
5.246332966,2787140,1362
5.246332966,2787222,82
5.248801766,2788600,1378
5.248801766,2788666,66
5.253214326,2790060,1394
5.253214326,2790110,50
5.255737686,2791520,1410
5.255737686,2791554,34
5.258204886,2792980,1426
5.258204886,2792998,18
5.260672086,2794440,1442
5.260672086,2794442,2
5.263235766,2795894,1452
5.265712166,2795900,6
5.265712166,2797339,1439
5.268180966,2797360,21
5.268180966,2798784,1424
5.270649766,2798820,36
5.270649766,2800229,1409
5.273118566,2800280,51
5.273118566,2801674,1394
5.275683366,2801740,66
5.275683366,2803118,1378
5.278152166,2803200,82
5.278152166,2804562,1362
5.280620966,2804660,98
5.280620966,2806006,1346
5.283089766,2806120,114
5.283089766,2807450,1330
5.285558566,2807580,130
5.285558566,2808894,1314
5.288027766,2809040,146
5.288027766,2810338,1298
5.290504166,2810500,162
5.290504166,2811782,1282
5.292972966,2811960,178
5.292972966,2813226,1266
5.295537766,2813420,194
5.295537766,2814670,1250
5.298006566,2814880,210
5.298006566,2816114,1234
5.300475366,2816340,226
5.300475366,2817558,1218
5.302944166,2817800,242
5.302944166,2819002,1202
5.305412966,2819260,258
5.305412966,2820446,1186
5.307977766,2820720,274
5.307977766,2821890,1170
5.310446966,2822180,290
5.310446966,2823334,1154
5.312923366,2823640,306
5.312923366,2824778,1138
5.315392166,2825100,322
5.315392166,2826222,1122
5.317860966,2826560,338
5.317860966,2827666,1106
5.320329766,2828020,354
5.320329766,2829110,1090
5.322798566,2829480,370
5.322798566,2830554,1074
5.325267366,2830940,386
5.325267366,2831998,1058
5.327832166,2832400,402
5.327832166,2833442,1042
5.330300966,2833860,418
5.330300966,2834886,1026
5.332769766,2835320,434
5.332769766,2836330,1010
5.335238966,2836780,450
5.335238966,2837774,994
5.337715366,2838240,466
5.337715366,2839218,978
5.340280166,2839700,482
5.340280166,2840662,962
5.342748966,2841160,498
5.342748966,2842106,946
5.345217766,2842620,514
5.345217766,2843550,930
5.347686566,2844080,530
5.347686566,2844994,914
5.350155366,2845540,546
5.350155366,2846438,898
5.352624166,2847000,562
5.352624166,2847882,882
5.355185686,2848460,578
5.355185686,2849326,866
5.355658166,2849920,594
5.355658166,2850770,850
5.358134566,2851380,610
5.358134566,2852214,834
5.360603366,2852840,626
5.360603366,2853658,818
5.363072166,2854300,642
5.363072166,2855102,802
5.365540966,2855760,658
5.365540966,2856546,786
5.368009766,2857220,674
5.368009766,2857990,770
5.370574566,2858680,690
5.370574566,2859434,754
5.373043366,2860140,706
5.373043366,2860878,738
5.375512166,2861600,722
5.375512166,2862322,722
5.377980966,2863060,738
5.377980966,2863766,706
5.380450166,2864520,754
5.380450166,2865210,690
5.383022566,2865980,770
5.383022566,2866654,674
5.385491366,2867440,786
5.385491366,2868098,658
5.387960166,2868900,802
5.387960166,2869542,642
5.390428966,2870360,818
5.390428966,2870986,626
5.392897766,2871820,834
5.392897766,2872430,610
5.395366566,2873280,850
5.395366566,2873874,594
5.397835366,2874740,866
5.397835366,2875318,578
5.400304166,2876200,882
5.400304166,2876762,562
5.402869366,2877660,898
5.402869366,2878206,546
5.405345766,2879120,914
5.405345766,2879650,530
5.407814566,2880580,930
5.407814566,2881094,514
5.410283366,2882040,946
5.410283366,2882538,498
5.412752166,2883500,962
5.412752166,2883982,482
5.415316966,2884960,978
5.415316966,2885426,466
5.417785766,2886420,994
5.417785766,2886870,450
5.420254566,2887880,1010
5.420254566,2888314,434
5.422723366,2889340,1026
5.422723366,2889758,418
5.425192166,2890800,1042
5.425192166,2891202,402
5.427661366,2892260,1058
5.427661366,2892646,386
5.430137766,2893720,1074
5.430137766,2894090,370
5.432606566,2895180,1090
5.432606566,2895534,354
5.435075366,2896640,1106
5.435075366,2896978,338
5.437640166,2898100,1122
5.437640166,2898422,322
5.440108966,2899560,1138
5.440108966,2899866,306
5.442577766,2901020,1154
5.442577766,2901310,290
5.445046566,2902480,1170
5.445046566,2902754,274
5.447515366,2903940,1186
5.447515366,2904198,258
5.450080566,2905400,1202
5.450080566,2905642,242
5.452556966,2906860,1218
5.452556966,2907086,226
5.455025766,2908320,1234
5.455025766,2908530,210
5.457494566,2909780,1250
5.457494566,2909974,194
5.459963366,2911240,1266
5.459963366,2911418,178
5.462432166,2912700,1282
5.462432166,2912862,162
5.464996966,2914160,1298
5.464996966,2914306,146
5.467465766,2915620,1314
5.467465766,2915750,130
5.469934566,2917080,1330
5.469934566,2917194,114
5.472403366,2918540,1346
5.472403366,2918638,98
5.474872566,2920000,1362
5.474872566,2920082,82
5.477348966,2921460,1378
5.477348966,2921526,66
5.479817686,2922920,1394
5.479817686,2922970,50
5.482380886,2924380,1410
5.482380886,2924414,34
5.484848086,2925840,1426
5.484848086,2925858,18
5.487315286,2927300,1442
5.487315286,2927302,2
5.489782566,2928754,1452
5.492251366,2928760,6
5.492251366,2930199,1439
5.494816166,2930220,21
5.494816166,2931644,1424
5.497285366,2931680,36
5.497285366,2933089,1409
5.499761766,2933140,51
5.499761766,2934534,1394
5.502230566,2934600,66
5.502230566,2935978,1378
5.504699366,2936060,82
5.504699366,2937422,1362
5.507168166,2937520,98
5.507168166,2938866,1346
5.509636966,2938980,114
5.509636966,2940310,1330
5.512105766,2940440,130
5.512105766,2941754,1314
5.514670566,2941900,146
5.514670566,2943198,1298
5.517139366,2943360,162
5.517139366,2944642,1282
5.519608166,2944820,178
5.519608166,2946086,1266
5.522077366,2946280,194
5.522077366,2947530,1250
5.524553766,2947740,210
5.524553766,2948974,1234
5.527118566,2949200,226
5.527118566,2950418,1218
5.529587366,2950660,242
5.529587366,2951862,1202
5.532056166,2952120,258
5.532056166,2953306,1186
5.534524966,2953580,274
5.534524966,2954750,1170
5.536993766,2955040,290
5.536993766,2956194,1154
5.539462566,2956500,306
5.539462566,2957638,1138
5.542027366,2957960,322
5.542027366,2959082,1122
5.544496566,2959420,338
5.544496566,2960526,1106
5.546972966,2960880,354
5.546972966,2961970,1090
5.549441766,2962340,370
5.549441766,2963414,1074
5.551907286,2963800,386
5.551907286,2964858,1058
5.553379366,2965260,402
5.553379366,2966302,1042
5.555848166,2966720,418
5.555848166,2967746,1026
5.558412966,2968180,434
5.558412966,2969190,1010
5.560881766,2969640,450
5.560881766,2970634,994
5.563350566,2971100,466
5.563350566,2972078,978
5.565819366,2972560,482
5.565819366,2973522,962
5.568288566,2974020,498
5.568288566,2974966,946
5.570764966,2975480,514
5.570764966,2976410,930
5.573329766,2976940,530
5.573329766,2977854,914
5.575798566,2978400,546
5.575798566,2979298,898
5.578267366,2979860,562
5.578267366,2980742,882
5.580736166,2981320,578
5.580736166,2982186,866
5.583204966,2982780,594
5.583204966,2983630,850
5.585673766,2984240,610
5.585673766,2985074,834
5.588142566,2985700,626
5.588142566,2986518,818
5.590707766,2987160,642
5.590707766,2987962,802
5.593184166,2988620,658
5.593184166,2989406,786
5.595652966,2990080,674
5.595652966,2990850,770
5.598121766,2991540,690
5.598121766,2992294,754
5.600590566,2993000,706
5.600590566,2993738,738
5.603155366,2994460,722
5.603155366,2995182,722
5.605624166,2995920,738
5.605624166,2996626,706
5.608092966,2997380,754
5.608092966,2998070,690
5.610561766,2998840,770
5.610561766,2999514,674
5.613030566,3000300,786
5.613030566,3000958,658
5.615499766,3001760,802
5.615499766,3002402,642
5.617976166,3003220,818
5.617976166,3003846,626
5.620444966,3004680,834
5.620444966,3005290,610
5.623009766,3006140,850
5.623009766,3006734,594
5.625478566,3007600,866
5.625478566,3008178,578
5.627947366,3009060,882
5.627947366,3009622,562
5.630416166,3010520,898
5.630416166,3011066,546
5.632884966,3011980,914
5.632884966,3012510,530
5.635449766,3013440,930
5.635449766,3013954,514
5.637918966,3014900,946
5.637918966,3015398,498
5.640395366,3016360,962
5.640395366,3016842,482
5.642864166,3017820,978
5.642864166,3018286,466
5.645332966,3019280,994
5.645332966,3019730,450
5.647801766,3020740,1010
5.647801766,3021174,434
5.650366566,3022200,1026
5.650366566,3022618,418
5.652835366,3023660,1042
5.652835366,3024062,402
5.655304166,3025120,1058
5.655304166,3025506,386
5.657772966,3026580,1074
5.657772966,3026950,370
5.660241766,3028040,1090
5.660241766,3028394,354
5.662710966,3029500,1106
5.662710966,3029838,338
5.665187366,3030960,1122
5.665187366,3031282,322
5.667752166,3032420,1138
5.667752166,3032726,306
5.670220966,3033880,1154
5.670220966,3034170,290
5.672689766,3035340,1170
5.672689766,3035614,274
5.675158566,3036800,1186
5.675158566,3037058,258
5.677627366,3038260,1202
5.677627366,3038502,242
5.680192166,3039720,1218
5.680192166,3039946,226
5.682660966,3041180,1234
5.682660966,3041390,210
5.685130166,3042640,1250
5.685130166,3042834,194
5.687606566,3044100,1266
5.687606566,3044278,178
5.690075366,3045560,1282
5.690075366,3045722,162
5.692544166,3047020,1298
5.692544166,3047166,146
5.695012966,3048480,1314
5.695012966,3048610,130
5.697481766,3049940,1330
5.697481766,3050054,114
5.700046566,3051400,1346
5.700046566,3051498,98
5.702515366,3052860,1362
5.702515366,3052942,82
5.704984166,3054320,1378
5.704984166,3054386,66
5.707452886,3055780,1394
5.707452886,3055830,50
5.709920486,3057240,1410
5.709920486,3057274,34
5.712491286,3058700,1426
5.712491286,3058718,18
5.714958486,3060160,1442
5.714958486,3060162,2
5.717425766,3061614,1452
5.719894566,3061620,6
5.719894566,3063059,1439
5.722363366,3063080,21
5.722363366,3064504,1424
5.724832166,3064540,36
5.724832166,3065949,1409
5.727300966,3066000,51
5.727300966,3067394,1394
5.729769766,3067460,66
5.729769766,3068838,1378
5.732334966,3068920,82
5.732334966,3070282,1362
5.734811366,3070380,98
5.734811366,3071726,1346
5.737280166,3071840,114
5.737280166,3073170,1330
5.739748966,3073300,130
5.739748966,3074614,1314
5.742217766,3074760,146
5.742217766,3076058,1298
5.744782566,3076220,162
5.744782566,3077502,1282
5.747251366,3077680,178
5.747251366,3078946,1266
5.749720166,3079140,194
5.749720166,3080390,1250
5.752188966,3080600,210
5.752188966,3081834,1234
5.754657766,3082060,226
5.754657766,3083278,1218
5.757126966,3083520,242
5.757126966,3084722,1202
5.759699366,3084980,258
5.759699366,3086166,1186
5.762168166,3086440,274
5.762168166,3087610,1170
5.764636966,3087900,290
5.764636966,3089054,1154
5.767105766,3089360,306
5.767105766,3090498,1138
5.769574566,3090820,322
5.769574566,3091942,1122
5.772043366,3092280,338
5.772043366,3093386,1106
5.774512166,3093740,354
5.774512166,3094830,1090
5.777076966,3095200,370
5.777076966,3096274,1074
5.779546166,3096660,386
5.779546166,3097718,1058
5.782022566,3098120,402
5.782022566,3099162,1042
5.784491366,3099580,418
5.784491366,3100606,1026
5.786960166,3101040,434
5.786960166,3102050,1010
5.789524966,3102500,450
5.789524966,3103494,994
5.791993766,3103960,466
5.791993766,3104938,978
5.794462566,3105420,482
5.794462566,3106382,962
5.796931366,3106880,498
5.796931366,3107826,946
5.799400166,3108340,514
5.799400166,3109270,930
5.801868966,3109800,530
5.801868966,3110714,914
5.804338166,3111260,546
5.804338166,3112158,898
5.806814566,3112720,562
5.806814566,3113602,882
5.809283366,3114180,578
5.809283366,3115046,866
5.811848166,3115640,594
5.811848166,3116490,850
5.814316966,3117100,610
5.814316966,3117934,834
5.816785766,3118560,626
5.816785766,3119378,818
5.819254566,3120020,642
5.819254566,3120822,802
5.821723366,3121480,658
5.821723366,3122266,786
5.824288166,3122940,674
5.824288166,3123710,770
5.826757366,3124400,690
5.826757366,3125154,754
5.829233766,3125860,706
5.829233766,3126598,738
5.831702566,3127320,722
5.831702566,3128042,722
5.834171366,3128780,738
5.834171366,3129486,706
5.836640166,3130240,754
5.836640166,3130930,690
5.839108966,3131700,770
5.839108966,3132374,674
5.841577766,3133160,786
5.841577766,3133818,658
5.844142566,3134620,802
5.844142566,3135262,642
5.846611366,3136080,818
5.846611366,3136706,626
5.849080166,3137540,834
5.849080166,3138150,610
5.855502806,3139000,850
5.855502806,3139594,594
5.858025766,3140460,866
5.858025766,3141038,578
5.860590566,3141920,882
5.860590566,3142482,562
5.863059366,3143380,898
5.863059366,3143926,546
5.865528166,3144840,914
5.865528166,3145370,530
5.867996966,3146300,930
5.867996966,3146814,514
5.870465766,3147760,946
5.870465766,3148258,498
5.872934566,3149220,962
5.872934566,3149702,482
5.875499366,3150680,978
5.875499366,3151146,466
5.877968566,3152140,994
5.877968566,3152590,450
5.880444966,3153600,1010
5.880444966,3154034,434
5.882913766,3155060,1026
5.882913766,3155478,418
5.885382566,3156520,1042
5.885382566,3156922,402
5.887851366,3157980,1058
5.887851366,3158366,386
5.890320166,3159440,1074
5.890320166,3159810,370
5.892884966,3160900,1090
5.892884966,3161254,354
5.895353766,3162360,1106
5.895353766,3162698,338
5.897822566,3163820,1122
5.897822566,3164142,322
5.900291366,3165280,1138
5.900291366,3165586,306
5.902760566,3166740,1154
5.902760566,3167030,290
5.905332966,3168200,1170
5.905332966,3168474,274
5.907801766,3169660,1186
5.907801766,3169918,258
5.910270566,3171120,1202
5.910270566,3171362,242
5.912739366,3172580,1218
5.912739366,3172806,226
5.915208166,3174040,1234
5.915208166,3174250,210
5.917676966,3175500,1250
5.917676966,3175694,194
5.920145766,3176960,1266
5.920145766,3177138,178
5.922614566,3178420,1282
5.922614566,3178582,162
5.925179766,3179880,1298
5.925179766,3180026,146
5.927656166,3181340,1314
5.927656166,3181470,130
5.930124966,3182800,1330
5.930124966,3182914,114
5.932593766,3184260,1346
5.932593766,3184358,98
5.935062566,3185720,1362
5.935062566,3185802,82
5.937627366,3187180,1378
5.937627366,3187246,66
5.940096086,3188640,1394
5.940096086,3188690,50
5.942563286,3190100,1410
5.942563286,3190134,34
5.945030486,3191560,1426
5.945030486,3191578,18
5.947497686,3193020,1442
5.947497686,3193022,2
5.949965366,3194474,1452
5.952441766,3194480,6
5.952441766,3195919,1439
5.954907286,3195940,21
5.954907286,3198809,2869
5.956944166,3198860,51
5.956944166,3200254,1394
5.959412966,3200320,66
5.959412966,3201698,1378
5.961881766,3201780,82
5.961881766,3203142,1362
5.964350566,3203240,98
5.964350566,3204586,1346
5.966915366,3204700,114
5.966915366,3206030,1330
5.969384566,3206160,130
5.969384566,3207474,1314
5.971860966,3207620,146
5.971860966,3208918,1298
5.974329766,3209080,162
5.974329766,3210362,1282
5.976798566,3210540,178
5.976798566,3211806,1266
5.979267366,3212000,194
5.979267366,3213250,1250
5.981832166,3213460,210
5.981832166,3214694,1234
5.984300966,3214920,226
5.984300966,3216138,1218
5.986769766,3216380,242
5.986769766,3217582,1202
5.989238566,3217840,258
5.989238566,3219026,1186
5.991707366,3219300,274
5.991707366,3220470,1170
5.994176566,3220760,290
5.994176566,3221914,1154
5.996652966,3222220,306
5.996652966,3223358,1138
5.999217766,3223680,322
5.999217766,3224802,1122
6.001686566,3225140,338
6.001686566,3226246,1106
6.004155366,3226600,354
6.004155366,3227690,1090
6.006624166,3228060,370
6.006624166,3229134,1074
6.009092966,3229520,386
6.009092966,3230578,1058
6.011561766,3230980,402
6.011561766,3232022,1042
6.014126566,3232440,418
6.014126566,3233466,1026
6.016595766,3233900,434
6.016595766,3234910,1010
6.019072166,3235360,450
6.019072166,3236354,994
6.021540966,3236820,466
6.021540966,3237798,978
6.024009766,3238280,482
6.024009766,3239242,962
6.026478566,3239740,498
6.026478566,3240686,946
6.028947366,3241200,514
6.028947366,3242130,930
6.031512166,3242660,530
6.031512166,3243574,914
6.033980966,3244120,546
6.033980966,3245018,898
6.036449766,3245580,562
6.036449766,3246462,882
6.038918566,3247040,578
6.038918566,3247906,866
6.041387766,3248500,594
6.041387766,3249350,850
6.043960166,3249960,610
6.043960166,3250794,834
6.046428966,3251420,626
6.046428966,3252238,818
6.048897766,3252880,642
6.048897766,3253682,802
6.051366566,3254340,658
6.051366566,3255126,786
6.053835366,3255800,674
6.053835366,3256570,770
6.056304166,3257260,690
6.056304166,3258014,754
6.058868966,3258720,706
6.058868966,3259458,738
6.061337766,3260180,722
6.061337766,3260902,722
6.063806966,3261640,738
6.063806966,3262346,706
6.066283366,3263100,754
6.066283366,3263790,690
6.068752166,3264560,770
6.068752166,3265234,674
6.071220966,3266020,786
6.071220966,3266678,658
6.073689766,3267480,802
6.073689766,3268122,642
6.076254566,3268940,818
6.076254566,3269566,626
6.078723366,3270400,834
6.078723366,3271010,610
6.081192166,3271860,850
6.081192166,3272454,594
6.083660966,3273320,866
6.083660966,3273898,578
6.086129766,3274780,882
6.086129766,3275342,562
6.088598966,3276240,898
6.088598966,3276786,546
6.091171366,3277700,914
6.091171366,3278230,530
6.093640166,3279160,930
6.093640166,3279674,514
6.096108966,3280620,946
6.096108966,3281118,498
6.098577766,3282080,962
6.098577766,3282562,482
6.101046566,3283540,978
6.101046566,3284006,466
6.103515366,3285000,994
6.103515366,3285450,450
6.105984166,3286460,1010
6.105984166,3286894,434
6.108548966,3287920,1026
6.108548966,3288338,418
6.111018166,3289380,1042
6.111018166,3289782,402
6.113494566,3290840,1058
6.113494566,3291226,386
6.115963366,3292300,1074
6.115963366,3292670,370
6.118432166,3293760,1090
6.118432166,3294114,354
6.120900966,3295220,1106
6.120900966,3295558,338
6.123465766,3296680,1122
6.123465766,3297002,322
6.125934566,3298140,1138
6.125934566,3298446,306
6.128403366,3299600,1154
6.128403366,3299890,290
6.130872166,3301060,1170
6.130872166,3301334,274
6.133340966,3302520,1186
6.133340966,3302778,258
6.135810166,3303980,1202
6.135810166,3304222,242
6.138286566,3305440,1218
6.138286566,3305666,226
6.140851366,3306900,1234
6.140851366,3307110,210
6.143320166,3308360,1250
6.143320166,3308554,194
6.145788966,3309820,1266
6.145788966,3309998,178
6.148257766,3311280,1282
6.148257766,3311442,162
6.150726566,3312740,1298
6.150726566,3312886,146
6.156140806,3314200,1314
6.156140806,3314330,130
6.158760166,3315660,1330
6.158760166,3315774,114
6.161229366,3317120,1346
6.161229366,3317218,98
6.163705766,3318580,1362
6.163705766,3318662,82
6.166174566,3320040,1378
6.166174566,3320106,66
6.168643286,3321500,1394
6.168643286,3321550,50
6.171206486,3322960,1410
6.171206486,3322994,34
6.173673686,3324420,1426
6.173673686,3324438,18
6.176140886,3325880,1442
6.176140886,3325882,2
6.178608166,3327334,1452
6.181076966,3327340,6
6.181076966,3328779,1439
6.183545766,3328800,21
6.183545766,3330224,1424
6.186014966,3330260,36
6.186014966,3331669,1409
6.188491366,3331720,51
6.188491366,3333114,1394
6.191056166,3333180,66
6.191056166,3334558,1378
6.193524966,3334640,82
6.193524966,3336002,1362
6.195993766,3336100,98
6.195993766,3337446,1346
6.198462566,3337560,114
6.198462566,3338890,1330
6.200931366,3339020,130
6.200931366,3340334,1314
6.203400166,3340480,146
6.203400166,3341778,1298
6.205964966,3341940,162
6.205964966,3343222,1282
6.208434166,3343400,178
6.208434166,3344666,1266
6.210910566,3344860,194
6.210910566,3346110,1250
6.213379366,3346320,210
6.213379366,3347554,1234
6.215848166,3347780,226
6.215848166,3348998,1218
6.218316966,3349240,242
6.218316966,3350442,1202
6.220785766,3350700,258
6.220785766,3351886,1186
6.223350566,3352160,274
6.223350566,3353330,1170
6.225819366,3353620,290
6.225819366,3354774,1154
6.228288166,3355080,306
6.228288166,3356218,1138
6.230756966,3356540,322
6.230756966,3357662,1122
6.233226166,3358000,338
6.233226166,3359106,1106
6.235702566,3359460,354
6.235702566,3360550,1090
6.238267366,3360920,370
6.238267366,3361994,1074
6.240736166,3362380,386
6.240736166,3363438,1058
6.243204966,3363840,402
6.243204966,3364882,1042
6.245673766,3365300,418
6.245673766,3366326,1026
6.248142566,3366760,434
6.248142566,3367770,1010
6.250611366,3368220,450
6.250611366,3369214,994
6.253080166,3369680,466
6.253080166,3370658,978
6.255641686,3371140,482
6.255641686,3373546,2406
6.256590566,3374060,514
6.256590566,3374990,930
6.259059366,3375520,530
6.259059366,3376434,914
6.261528166,3376980,546
6.261528166,3377878,898
6.263996966,3378440,562
6.263996966,3379322,882
6.266561766,3379900,578
6.266561766,3380766,866
6.269030566,3381360,594
6.269030566,3382210,850
6.271499366,3382820,610
6.271499366,3383654,834
6.273968166,3384280,626
6.273968166,3385098,818
6.276437366,3385740,642
6.276437366,3386542,802
6.279009766,3387200,658
6.279009766,3387986,786
6.281478566,3388660,674
6.281478566,3389430,770
6.283947366,3390120,690
6.283947366,3390874,754
6.286416166,3391580,706
6.286416166,3392318,738
6.288884966,3393040,722
6.288884966,3393762,722
6.291353766,3394500,738
6.291353766,3395206,706
6.293822566,3395960,754
6.293822566,3396650,690
6.296291366,3397420,770
6.296291366,3398094,674
6.298856566,3398880,786
6.298856566,3399538,658
6.301332966,3400340,802
6.301332966,3400982,642
6.303801766,3401800,818
6.303801766,3402426,626
6.306270566,3403260,834
6.306270566,3403870,610
6.308739366,3404720,850
6.308739366,3405314,594
6.311304166,3406180,866
6.311304166,3406758,578
6.313772966,3407640,882
6.313772966,3408202,562
6.316241766,3409100,898
6.316241766,3409646,546
6.318710566,3410560,914
6.318710566,3411090,530
6.321179366,3412020,930
6.321179366,3412534,514
6.323648566,3413480,946
6.323648566,3413978,498
6.326124966,3414940,962
6.326124966,3415422,482
6.328593766,3416400,978
6.328593766,3416866,466
6.331158566,3417860,994
6.331158566,3418310,450
6.333627366,3419320,1010
6.333627366,3419754,434
6.336096166,3420780,1026
6.336096166,3421198,418
6.338564966,3422240,1042
6.338564966,3422642,402
6.341033766,3423700,1058
6.341033766,3424086,386
6.343598566,3425160,1074
6.343598566,3425530,370
6.346067766,3426620,1090
6.346067766,3426974,354
6.348544166,3428080,1106
6.348544166,3428418,338
6.354958406,3429540,1122
6.354958406,3429862,322
6.357481766,3431000,1138
6.357481766,3431306,306
6.360046566,3432460,1154
6.360046566,3432750,290
6.362515366,3433920,1170
6.362515366,3434194,274
6.364984166,3435380,1186
6.364984166,3435638,258
6.367452966,3436840,1202
6.367452966,3437082,242
6.369921766,3438300,1218
6.369921766,3438526,226
6.372390566,3439760,1234
6.372390566,3439970,210
6.374859766,3441220,1250
6.374859766,3441414,194
6.377336166,3442680,1266
6.377336166,3442858,178
6.379900966,3444140,1282
6.379900966,3444302,162
6.382369766,3445600,1298
6.382369766,3445746,146
6.384838566,3447060,1314
6.384838566,3447190,130
6.387307366,3448520,1330
6.387307366,3448634,114
6.389776166,3449980,1346
6.389776166,3450078,98
6.392340966,3451440,1362
6.392340966,3451522,82
6.394809766,3452900,1378
6.394809766,3452966,66
6.397278886,3454360,1394
6.397278886,3454410,50
6.399753686,3455820,1410
6.399753686,3455854,34
6.402220886,3457280,1426
6.402220886,3457298,18
6.404688086,3458740,1442
6.404688086,3458742,2
6.407155366,3460194,1452
6.409624166,3460200,6
6.409624166,3461639,1439
6.412188966,3461660,21
6.412188966,3463084,1424
6.414657766,3463120,36
6.414657766,3464529,1409
6.417126566,3464580,51
6.417126566,3465974,1394
6.419595366,3466040,66
6.419595366,3467418,1378
6.422064566,3467500,82
6.422064566,3468862,1362
6.424636966,3468960,98
6.424636966,3470306,1346
6.427105766,3470420,114
6.427105766,3471750,1330
6.429574566,3471880,130
6.429574566,3473194,1314
6.432043366,3473340,146
6.432043366,3474638,1298
6.434512166,3474800,162
6.434512166,3476082,1282
6.436980966,3476260,178
6.436980966,3477526,1266
6.439449766,3477720,194
6.439449766,3478970,1250
6.441918566,3479180,210
6.441918566,3480414,1234
6.444483766,3480640,226
6.444483766,3481858,1218
6.446960166,3482100,242
6.446960166,3483302,1202
6.449428966,3483560,258
6.449428966,3484746,1186
6.451897766,3485020,274
6.451897766,3486190,1170
6.454363286,3486480,290
6.454363286,3489078,2598
6.455400166,3489400,322
6.455400166,3490522,1122
6.457868966,3490860,338
6.457868966,3491966,1106
6.460337766,3492320,354
6.460337766,3493410,1090
6.462806566,3493780,370
6.462806566,3494854,1074
6.465379366,3495240,386
6.465379366,3496298,1058
6.467848166,3496700,402
6.467848166,3497742,1042
6.470316966,3498160,418
6.470316966,3499186,1026
6.472785766,3499620,434
6.472785766,3500630,1010
6.475254566,3501080,450
6.475254566,3502074,994
6.477723366,3502540,466
6.477723366,3503518,978
6.480192166,3504000,482
6.480192166,3504962,962
6.482660966,3505460,498
6.482660966,3506406,946
6.485225766,3506920,514
6.485225766,3507850,930
6.487694966,3508380,530
6.487694966,3509294,914
6.490171366,3509840,546
6.490171366,3510738,898
6.492640166,3511300,562
6.492640166,3512182,882
6.495108966,3512760,578
6.495108966,3513626,866
6.497673766,3514220,594
6.497673766,3515070,850
6.500142566,3515680,610
6.500142566,3516514,834
6.502611366,3517140,626
6.502611366,3517958,818
6.505080166,3518600,642
6.505080166,3519402,802
6.507548966,3520060,658
6.507548966,3520846,786
6.510017766,3521520,674
6.510017766,3522290,770
6.512486966,3522980,690
6.512486966,3523734,754
6.514963366,3524440,706
6.514963366,3525178,738
6.517528166,3525900,722
6.517528166,3526622,722
6.519996966,3527360,738
6.519996966,3528066,706
6.522465766,3528820,754
6.522465766,3529510,690
6.524934566,3530280,770
6.524934566,3530954,674
6.527403366,3531740,786
6.527403366,3532398,658
6.529968166,3533200,802
6.529968166,3533842,642
6.532436966,3534660,818
6.532436966,3535286,626
6.534906166,3536120,834
6.534906166,3536730,610
6.537382566,3537580,850
6.537382566,3538174,594
6.539851366,3539040,866
6.539851366,3539618,578
6.542320166,3540500,882
6.542320166,3541062,562
6.544788966,3541960,898
6.544788966,3542506,546
6.547257766,3543420,914
6.547257766,3543950,530
6.549822566,3544880,930
6.549822566,3545394,514
6.556236806,3546340,946
6.556236806,3546838,498
6.558760166,3547800,962
6.558760166,3548282,482
6.561228966,3549260,978
6.561228966,3549726,466
6.563698166,3550720,994
6.563698166,3551170,450
6.566270566,3552180,1010
6.566270566,3552614,434
6.568739366,3553640,1026
6.568739366,3554058,418
6.571208166,3555100,1042
6.571208166,3555502,402
6.573676966,3556560,1058
6.573676966,3556946,386
6.576145766,3558020,1074
6.576145766,3558390,370
6.578614566,3559480,1090
6.578614566,3559834,354
6.581179366,3560940,1106
6.581179366,3561278,338
6.583648166,3562400,1122
6.583648166,3562722,322
6.586117366,3563860,1138
6.586117366,3564166,306
6.588593766,3565320,1154
6.588593766,3565610,290
6.591062566,3566780,1170
6.591062566,3567054,274
6.593531366,3568240,1186
6.593531366,3568498,258
6.596000166,3569700,1202
6.596000166,3569942,242
6.598564966,3571160,1218
6.598564966,3571386,226
6.601033766,3572620,1234
6.601033766,3572830,210
6.603502566,3574080,1250
6.603502566,3574274,194
6.605971366,3575540,1266
6.605971366,3575718,178
6.608440166,3577000,1282
6.608440166,3577162,162
6.610909366,3578460,1298
6.610909366,3578606,146
6.613481766,3579920,1314
6.613481766,3580050,130
6.615950566,3581380,1330
6.615950566,3581494,114
6.618419366,3582840,1346
6.618419366,3582938,98
6.620888166,3584300,1362
6.620888166,3584382,82
6.623356966,3585760,1378
6.623356966,3585826,66
6.625825686,3587220,1394
6.625825686,3587270,50
6.628292886,3588680,1410
6.628292886,3588714,34
6.630760086,3590140,1426
6.630760086,3590158,18
6.633323686,3591600,1442
6.633323686,3591602,2
6.635798566,3593054,1452
6.638267366,3593060,6
6.638267366,3594499,1439
6.640736166,3594520,21
6.640736166,3595944,1424
6.643204966,3595980,36
6.643204966,3597389,1409
6.645769766,3597440,51
6.645769766,3598834,1394
6.648238566,3598900,66
6.648238566,3600278,1378
6.650707366,3600360,82
6.650707366,3601722,1362
6.653176166,3601820,98
6.653176166,3603166,1346
6.655641686,3603280,114
6.655641686,3606054,2774
6.656590566,3606200,146
6.656590566,3607498,1298
6.659059366,3607660,162
6.659059366,3608942,1282
6.661624166,3609120,178
6.661624166,3610386,1266
6.664092966,3610580,194
6.664092966,3611830,1250
6.666561766,3612040,210
6.666561766,3613274,1234
6.669030566,3613500,226
6.669030566,3614718,1218
6.671499366,3614960,242
6.671499366,3616162,1202
6.674064166,3616420,258
6.674064166,3617606,1186
6.676533366,3617880,274
6.676533366,3619050,1170
6.679009766,3619340,290
6.679009766,3620494,1154
6.681478566,3620800,306
6.681478566,3621938,1138
6.683947366,3622260,322
6.683947366,3623382,1122
6.686512166,3623720,338
6.686512166,3624826,1106
6.688980966,3625180,354
6.688980966,3626270,1090
6.691449766,3626640,370
6.691449766,3627714,1074
6.693918566,3628100,386
6.693918566,3629158,1058
6.696387366,3629560,402
6.696387366,3630602,1042
6.698856166,3631020,418
6.698856166,3632046,1026
6.701325366,3632480,434
6.701325366,3633490,1010
6.703801766,3633940,450
6.703801766,3634934,994
6.706366566,3635400,466
6.706366566,3636378,978
6.708835366,3636860,482
6.708835366,3637822,962
6.711304166,3638320,498
6.711304166,3639266,946
6.713772966,3639780,514
6.713772966,3640710,930
6.716241766,3641240,530
6.716241766,3642154,914
6.718806566,3642700,546
6.718806566,3643598,898
6.721275366,3644160,562
6.721275366,3645042,882
6.723744566,3645620,578
6.723744566,3646486,866
6.726220966,3647080,594
6.726220966,3647930,850
6.728689766,3648540,610
6.728689766,3649374,834
6.731158566,3650000,626
6.731158566,3650818,818
6.733627366,3651460,642
6.733627366,3652262,802
6.736096166,3652920,658
6.736096166,3653706,786
6.738660966,3654380,674
6.738660966,3655150,770
6.741129766,3655840,690
6.741129766,3656594,754
6.743598566,3657300,706
6.743598566,3658038,738
6.746067366,3658760,722
6.746067366,3659482,722
6.748536566,3660220,738
6.748536566,3660926,706
6.754054406,3661680,754
6.754054406,3662370,690
6.756577766,3663140,770
6.756577766,3663814,674
6.759046566,3664600,786
6.759046566,3665258,658
6.761515366,3666060,802
6.761515366,3666702,642
6.763984166,3667520,818
6.763984166,3668146,626
6.766548966,3668980,834
6.766548966,3669590,610
6.769017766,3670440,850
6.769017766,3671034,594
6.771486566,3671900,866
6.771486566,3672478,578
6.773955766,3673360,882
6.773955766,3673922,562
6.776432166,3674820,898
6.776432166,3675366,546
6.778900966,3676280,914
6.778900966,3676810,530
6.781369766,3677740,930
6.781369766,3678254,514
6.783838566,3679200,946
6.783838566,3679698,498
6.786403366,3680660,962
6.786403366,3681142,482
6.788872166,3682120,978
6.788872166,3682586,466
6.791340966,3683580,994
6.791340966,3684030,450
6.793809766,3685040,1010
6.793809766,3685474,434
6.796278566,3686500,1026
6.796278566,3686918,418
6.798851366,3687960,1042
6.798851366,3688362,402
6.801320166,3689420,1058
6.801320166,3689806,386
6.803788966,3690880,1074
6.803788966,3691250,370
6.806257766,3692340,1090
6.806257766,3692694,354
6.808726566,3693800,1106
6.808726566,3694138,338
6.811195366,3695260,1122
6.811195366,3695582,322
6.813664166,3696720,1138
6.813664166,3697026,306
6.816132966,3698180,1154
6.816132966,3698470,290
6.818697766,3699640,1170
6.818697766,3699914,274
6.821166966,3701100,1186
6.821166966,3701358,258
6.823643366,3702560,1202
6.823643366,3702802,242
6.826112166,3704020,1218
6.826112166,3704246,226
6.828580966,3705480,1234
6.828580966,3705690,210
6.831145766,3706940,1250
6.831145766,3707134,194
6.833614566,3708400,1266
6.833614566,3708578,178
6.836083366,3709860,1282
6.836083366,3710022,162
6.838552166,3711320,1298
6.838552166,3711466,146
6.841020966,3712780,1314
6.841020966,3712910,130
6.843489766,3714240,1330
6.843489766,3714354,114
6.845958966,3715700,1346
6.845958966,3715798,98
6.848435366,3717160,1362
6.848435366,3717242,82
6.851000166,3718620,1378
6.851000166,3718686,66
6.853465686,3720080,1394
6.853465686,3720130,50
6.853936086,3721540,1410
6.853936086,3721574,34
6.856403286,3723000,1426
6.856403286,3723018,18
6.858870486,3724460,1442
6.858870486,3724462,2
6.861433766,3725914,1452
6.863902566,3725920,6
6.863902566,3727359,1439
6.866371766,3727380,21
6.866371766,3728804,1424
6.868848166,3728840,36
6.868848166,3730249,1409
6.871316966,3730300,51
6.871316966,3731694,1394
6.873881766,3731760,66
6.873881766,3733138,1378
6.876350566,3733220,82
6.876350566,3734582,1362
6.878819366,3734680,98
6.878819366,3736026,1346
6.881288166,3736140,114
6.881288166,3737470,1330
6.883756966,3737600,130
6.883756966,3738914,1314
6.886225766,3739060,146
6.886225766,3740358,1298
6.888694566,3740520,162
6.888694566,3741802,1282
6.891163766,3741980,178
6.891163766,3743246,1266
6.893736166,3743440,194
6.893736166,3744690,1250
6.896204966,3744900,210
6.896204966,3746134,1234
6.898673766,3746360,226
6.898673766,3747578,1218
6.901142566,3747820,242
6.901142566,3749022,1202
6.903611366,3749280,258
6.903611366,3750466,1186
6.906176166,3750740,274
6.906176166,3751910,1170
6.908644966,3752200,290
6.908644966,3753354,1154
6.911113766,3753660,306
6.911113766,3754798,1138
6.913582966,3755120,322
6.913582966,3756242,1122
6.916059366,3756580,338
6.916059366,3757686,1106
6.918528166,3758040,354
6.918528166,3759130,1090
6.920996966,3759500,370
6.920996966,3760574,1074
6.923465766,3760960,386
6.923465766,3762018,1058
6.926030566,3762420,402
6.926030566,3763462,1042
6.928499366,3763880,418
6.928499366,3764906,1026
6.930968166,3765340,434
6.930968166,3766350,1010
6.933436966,3766800,450
6.933436966,3767794,994
6.935905766,3768260,466
6.935905766,3769238,978
6.938478566,3769720,482
6.938478566,3770682,962
6.940947366,3771180,498
6.940947366,3772126,946
6.943416166,3772640,514
6.943416166,3773570,930
6.945884966,3774100,530
6.945884966,3775014,914
6.948353766,3775560,546
6.948353766,3776458,898
6.950822566,3777020,562
6.950822566,3777902,882
6.953291366,3778480,578
6.953291366,3779346,866
6.955760166,3779940,594
6.955760166,3780790,850
6.958324966,3781400,610
6.958324966,3782234,834
6.960794166,3782860,626
6.960794166,3783678,818
6.963270566,3784320,642
6.963270566,3785122,802
6.965739366,3785780,658
6.965739366,3786566,786
6.968208166,3787240,674
6.968208166,3788010,770
6.970676966,3788700,690
6.970676966,3789454,754
6.973241766,3790160,706
6.973241766,3790898,738
6.975710566,3791620,722
6.975710566,3792342,722
6.978179366,3793080,738
6.978179366,3793786,706
6.980648166,3794540,754
6.980648166,3795230,690
6.983116966,3796000,770
6.983116966,3796674,674
6.985689766,3797460,786
6.985689766,3798118,658
6.988158566,3798920,802
6.988158566,3799562,642
6.990627366,3800380,818
6.990627366,3801006,626
6.993096166,3801840,834
6.993096166,3802450,610
6.995564966,3803300,850
6.995564966,3803894,594
6.998033766,3804760,866
6.998033766,3805338,578
7.000502566,3806220,882
7.000502566,3806782,562
7.002971366,3807680,898
7.002971366,3808226,546
7.005536166,3809140,914
7.005536166,3809670,530
7.008005366,3810600,930
7.008005366,3811114,514
7.010481766,3812060,946
7.010481766,3812558,498
7.012950566,3813520,962
7.012950566,3814002,482
7.015419366,3814980,978
7.015419366,3815446,466
7.017984166,3816440,994
7.017984166,3816890,450
7.020452966,3817900,1010
7.020452966,3818334,434
7.022921766,3819360,1026
7.022921766,3819778,418
7.025390566,3820820,1042
7.025390566,3821222,402
7.027859366,3822280,1058
7.027859366,3822666,386
7.030328166,3823740,1074
7.030328166,3824110,370
7.032797366,3825200,1090
7.032797366,3825554,354
7.035273766,3826660,1106
7.035273766,3826998,338
7.037838566,3828120,1122
7.037838566,3828442,322
7.040307366,3829580,1138
7.040307366,3829886,306
7.042776166,3831040,1154
7.042776166,3831330,290
7.045244966,3832500,1170
7.045244966,3832774,274
7.047713766,3833960,1186
7.047713766,3834218,258
7.050278566,3835420,1202
7.050278566,3835662,242
7.054692806,3836880,1218
7.054692806,3837106,226
7.057216566,3838340,1234
7.057216566,3838550,210
7.059692966,3839800,1250
7.059692966,3839994,194
7.062161766,3841260,1266
7.062161766,3841438,178
7.064630566,3842720,1282
7.064630566,3842882,162
7.067099366,3844180,1298
7.067099366,3844326,146
7.069568166,3845640,1314
7.069568166,3845770,130
7.072132966,3847100,1330
7.072132966,3847214,114
7.074601766,3848560,1346
7.074601766,3848658,98
7.077070566,3850020,1362
7.077070566,3850102,82
7.079539366,3851480,1378
7.079539366,3851546,66
7.082008486,3852940,1394
7.082008486,3852990,50
7.084579286,3854400,1410
7.084579286,3854434,34
7.087046486,3855860,1426
7.087046486,3855878,18
7.089513686,3857320,1442
7.089513686,3857322,2
7.091980966,3858774,1452
7.094449766,3858780,6
7.094449766,3860219,1439
7.097014566,3860240,21
7.097014566,3861664,1424
7.099483366,3861700,36
7.099483366,3863109,1409
7.101952166,3863160,51
7.101952166,3864554,1394
7.104421366,3864620,66
7.104421366,3865998,1378
7.106897766,3866080,82
7.106897766,3867442,1362
7.109366566,3867540,98
7.109366566,3868886,1346
7.111835366,3869000,114
7.111835366,3870330,1330
7.114304166,3870460,130
7.114304166,3871774,1314
7.116868966,3871920,146
7.116868966,3873218,1298
7.119337766,3873380,162
7.119337766,3874662,1282
7.121806566,3874840,178
7.121806566,3876106,1266
7.124275366,3876300,194
7.124275366,3877550,1250
7.126744166,3877760,210
7.126744166,3878994,1234
7.129316966,3879220,226
7.129316966,3880438,1218
7.131785766,3880680,242
7.131785766,3881882,1202
7.134254566,3882140,258
7.134254566,3883326,1186
7.136723366,3883600,274
7.136723366,3884770,1170
7.139192166,3885060,290
7.139192166,3886214,1154
7.141660966,3886520,306
7.141660966,3887658,1138
7.144129766,3887980,322
7.144129766,3889102,1122
7.146598566,3889440,338
7.146598566,3890546,1106
7.149163366,3890900,354
7.149163366,3891990,1090
7.151632566,3892360,370
7.151632566,3893434,1074
7.154105686,3893820,386
7.154105686,3896322,2502
7.156046566,3896740,418
7.156046566,3897766,1026
7.158611366,3898200,434
7.158611366,3899210,1010
7.161080166,3899660,450
7.161080166,3900654,994
7.163548966,3901120,466
7.163548966,3902098,978
7.166017766,3902580,482
7.166017766,3903542,962
7.168486566,3904040,498
7.168486566,3904986,946
7.171051766,3905500,514
7.171051766,3906430,930
7.173528166,3906960,530
7.173528166,3907874,914
7.175996966,3908420,546
7.175996966,3909318,898
7.178465766,3909880,562
7.178465766,3910762,882
7.180934566,3911340,578
7.180934566,3912206,866
7.183403366,3912800,594
7.183403366,3913650,850
7.185872166,3914260,610
7.185872166,3915094,834
7.188340966,3915720,626
7.188340966,3916538,818
7.190905766,3917180,642
7.190905766,3917982,802
7.193374566,3918640,658
7.193374566,3919426,786
7.195843766,3920100,674
7.195843766,3920870,770
7.198320166,3921560,690
7.198320166,3922314,754
7.200788966,3923020,706
7.200788966,3923758,738
7.203353766,3924480,722
7.203353766,3925202,722
7.205822566,3925940,738
7.205822566,3926646,706
7.208291366,3927400,754
7.208291366,3928090,690
7.210760166,3928860,770
7.210760166,3929534,674
7.213228966,3930320,786
7.213228966,3930978,658
7.215697766,3931780,802
7.215697766,3932422,642
7.218166566,3933240,818
7.218166566,3933866,626
7.220635766,3934700,834
7.220635766,3935310,610
7.223208166,3936160,850
7.223208166,3936754,594
7.225676966,3937620,866
7.225676966,3938198,578
7.228145766,3939080,882
7.228145766,3939642,562
7.230614566,3940540,898
7.230614566,3941086,546
7.233083366,3942000,914
7.233083366,3942530,530
7.235648166,3943460,930
7.235648166,3943974,514
7.238116966,3944920,946
7.238116966,3945418,498
7.240585766,3946380,962
7.240585766,3946862,482
7.243054966,3947840,978
7.243054966,3948306,466
7.245531366,3949300,994
7.245531366,3949750,450
7.248000166,3950760,1010
7.248000166,3951194,434
7.250468966,3952220,1026
7.250468966,3952638,418
7.252937766,3953680,1042
7.252937766,3954082,402
7.255502566,3955140,1058
7.255502566,3955526,386
7.257971366,3956600,1074
7.257971366,3956970,370
7.260440166,3958060,1090
7.260440166,3958414,354
7.262908966,3959520,1106
7.262908966,3959858,338
7.265377766,3960980,1122
7.265377766,3961302,322
7.267950566,3962440,1138
7.267950566,3962746,306
7.270419366,3963900,1154
7.270419366,3964190,290
7.272888166,3965360,1170
7.272888166,3965634,274
7.275356966,3966820,1186
7.275356966,3967078,258
7.277825766,3968280,1202
7.277825766,3968522,242
7.280390566,3969740,1218
7.280390566,3969966,226
7.282859366,3971200,1234
7.282859366,3971410,210
7.285328166,3972660,1250
7.285328166,3972854,194
7.287796966,3974120,1266
7.287796966,3974298,178
7.290266166,3975580,1282
7.290266166,3975742,162
7.292742566,3977040,1298
7.292742566,3977186,146
7.295211366,3978500,1314
7.295211366,3978630,130
7.297680166,3979960,1330
7.297680166,3980074,114
7.300244966,3981420,1346
7.300244966,3981518,98
7.302713766,3982880,1362
7.302713766,3982962,82
7.305182566,3984340,1378
7.305182566,3984406,66
7.307651286,3985800,1394
7.307651286,3985850,50
7.310118486,3987260,1410
7.310118486,3987294,34
7.312682086,3988720,1426
7.312682086,3988738,18
7.315156886,3990180,1442
7.315156886,3990182,2
7.317624166,3991634,1452
7.320092966,3991640,6
7.320092966,3993079,1439
7.322561766,3993100,21
7.322561766,3994524,1424
7.325030566,3994560,36
7.325030566,3995969,1409
7.327499366,3996020,51
7.327499366,3997414,1394
7.329968166,3997480,66
7.329968166,3998858,1378
7.332532966,3998940,82
7.332532966,4000302,1362
7.335001766,4000400,98
7.335001766,4001746,1346
7.337470966,4001860,114
7.337470966,4003190,1330
7.339947366,4003320,130
7.339947366,4004634,1314
7.342416166,4004780,146
7.342416166,4006078,1298
7.344980966,4006240,162
7.344980966,4007522,1282
7.347449766,4007700,178
7.347449766,4008966,1266
7.349918566,4009160,194
7.349918566,4010410,1250
7.354332806,4010620,210
7.354332806,4011854,1234
7.356856166,4012080,226
7.356856166,4013298,1218
7.359324966,4013540,242
7.359324966,4014742,1202
7.361793766,4015000,258
7.361793766,4016186,1186
7.364262966,4016460,274
7.364262966,4017630,1170
7.366739366,4017920,290
7.366739366,4019074,1154
7.369304166,4019380,306
7.369304166,4020518,1138
7.371772966,4020840,322
7.371772966,4021962,1122
7.374241766,4022300,338
7.374241766,4023406,1106
7.376710566,4023760,354
7.376710566,4024850,1090
7.379179366,4025220,370
7.379179366,4026294,1074
7.381744166,4026680,386
7.381744166,4027738,1058
7.384212966,4028140,402
7.384212966,4029182,1042
7.386682166,4029600,418
7.386682166,4030626,1026
7.389158566,4031060,434
7.389158566,4032070,1010
7.391627366,4032520,450
7.391627366,4033514,994
7.394192166,4033980,466
7.394192166,4034958,978
7.396660966,4035440,482
7.396660966,4036402,962
7.399129766,4036900,498
7.399129766,4037846,946
7.401598566,4038360,514
7.401598566,4039290,930
7.404067366,4039820,530
7.404067366,4040734,914
7.406536166,4041280,546
7.406536166,4042178,898
7.409004966,4042740,562
7.409004966,4043622,882
7.411474166,4044200,578
7.411474166,4045066,866
7.414046566,4045660,594
7.414046566,4046510,850
7.416515366,4047120,610
7.416515366,4047954,834
7.418984166,4048580,626
7.418984166,4049398,818
7.421452966,4050040,642
7.421452966,4050842,802
7.423921766,4051500,658
7.423921766,4052286,786
7.426486566,4052960,674
7.426486566,4053730,770
7.428955366,4054420,690
7.428955366,4055174,754
7.431424166,4055880,706
7.431424166,4056618,738
7.433893366,4057340,722
7.433893366,4058062,722
7.436369766,4058800,738
7.436369766,4059506,706
7.438838566,4060260,754
7.438838566,4060950,690
7.441307366,4061720,770
7.441307366,4062394,674
7.443776166,4063180,786
7.443776166,4063838,658
7.446340966,4064640,802
7.446340966,4065282,642
7.448809766,4066100,818
7.448809766,4066726,626
7.451278566,4067560,834
7.451278566,4068170,610
7.453747366,4069020,850
7.453747366,4069614,594
7.456216166,4070480,866
7.456216166,4071058,578
7.458788966,4071940,882
7.458788966,4072502,562
7.461257766,4073400,898
7.461257766,4073946,546
7.463726566,4074860,914
7.463726566,4075390,530
7.466195366,4076320,930
7.466195366,4076834,514
7.468664166,4077780,946
7.468664166,4078278,498
7.471132966,4079240,962
7.471132966,4079722,482
7.473601766,4080700,978
7.473601766,4081166,466
7.476070566,4082160,994
7.476070566,4082610,450
7.478635366,4083620,1010
7.478635366,4084054,434
7.481104566,4085080,1026
7.481104566,4085498,418
7.483580966,4086540,1042
7.483580966,4086942,402
7.486049766,4088000,1058
7.486049766,4088386,386
7.488518566,4089460,1074
7.488518566,4089830,370
7.491083366,4090920,1090
7.491083366,4091274,354
7.493552166,4092380,1106
7.493552166,4092718,338
7.496020966,4093840,1122
7.496020966,4094162,322
7.498489766,4095300,1138
7.498489766,4095606,306
7.500958566,4096760,1154
7.500958566,4097050,290
7.503523766,4098220,1170
7.503523766,4098494,274
7.506000166,4099680,1186
7.506000166,4099938,258
7.508468966,4101140,1202
7.508468966,4101382,242
7.510937766,4102600,1218
7.510937766,4102826,226
7.513406566,4104060,1234
7.513406566,4104270,210
7.515875366,4105520,1250
7.515875366,4105714,194
7.518344166,4106980,1266
7.518344166,4107158,178
7.520812966,4108440,1282
7.520812966,4108602,162
7.523377766,4109900,1298
7.523377766,4110046,146
7.525846566,4111360,1314
7.525846566,4111490,130
7.528315766,4112820,1330
7.528315766,4112934,114
7.530792166,4114280,1346
7.530792166,4114378,98
7.533260966,4115740,1362
7.533260966,4115822,82
7.535825766,4117200,1378
7.535825766,4117266,66
7.538294486,4118660,1394
7.538294486,4118710,50
7.540761686,4120120,1410
7.540761686,4120154,34
7.543228886,4121580,1426
7.543228886,4121598,18
7.545696086,4123040,1442
7.545696086,4123042,2
7.548163366,4124494,1452
7.550632166,4124500,6
7.550632166,4125939,1439
7.555054806,4125960,21
7.555054806,4127384,1424
7.557673766,4127420,36
7.557673766,4128829,1409
7.560142566,4128880,51
7.560142566,4130274,1394
7.562611366,4130340,66
7.562611366,4131718,1378
7.565080166,4131800,82
7.565080166,4133162,1362
7.567548966,4133260,98
7.567548966,4134606,1346
7.570113766,4134720,114
7.570113766,4136050,1330
7.572582566,4136180,130
7.572582566,4137494,1314
7.575051366,4137640,146
7.575051366,4138938,1298
7.577520566,4139100,162
7.577520566,4140382,1282
7.579996966,4140560,178
7.579996966,4141826,1266
7.582561766,4142020,194
7.582561766,4143270,1250
7.585030566,4143480,210
7.585030566,4144714,1234
7.587499366,4144940,226
7.587499366,4146158,1218
7.589968166,4146400,242
7.589968166,4147602,1202
7.592436966,4147860,258
7.592436966,4149046,1186
7.594905766,4149320,274
7.594905766,4150490,1170
7.597374566,4150780,290
7.597374566,4151934,1154
7.599843366,4152240,306
7.599843366,4153378,1138
7.602416166,4153700,322
7.602416166,4154822,1122
7.604884966,4155160,338
7.604884966,4156266,1106
7.607353766,4156620,354
7.607353766,4157710,1090
7.609822566,4158080,370
7.609822566,4159154,1074
7.612291366,4159540,386
7.612291366,4160598,1058
7.614856166,4161000,402
7.614856166,4162042,1042
7.617324966,4162460,418
7.617324966,4163486,1026
7.619793766,4163920,434
7.619793766,4164930,1010
7.622262566,4165380,450
7.622262566,4166374,994
7.624731766,4166840,466
7.624731766,4167818,978
7.627208166,4168300,482
7.627208166,4169262,962
7.629676966,4169760,498
7.629676966,4170706,946
7.632145766,4171220,514
7.632145766,4172150,930
7.634710566,4172680,530
7.634710566,4173594,914
7.637179366,4174140,546
7.637179366,4175038,898
7.639648166,4175600,562
7.639648166,4176482,882
7.642116966,4177060,578
7.642116966,4177926,866
7.644585766,4178520,594
7.644585766,4179370,850
7.647150966,4179980,610
7.647150966,4180814,834
7.649627366,4181440,626
7.649627366,4182258,818
7.652096166,4182900,642
7.652096166,4183702,802
7.654561686,4184360,658
7.654561686,4186590,2230
7.656502566,4187280,690
7.656502566,4188034,754
7.658971366,4188740,706
7.658971366,4189478,738
7.661440166,4190200,722
7.661440166,4190922,722
7.664004966,4191660,738
7.664004966,4192366,706
7.666473766,4193120,754
7.666473766,4193810,690
7.668942966,4194580,770
7.668942966,4195254,674
7.671419366,4196040,786
7.671419366,4196698,658
7.673888166,4197500,802
7.673888166,4198142,642
7.676452966,4198960,818
7.676452966,4199586,626
7.678921766,4200420,834
7.678921766,4201030,610
7.681390566,4201880,850
7.681390566,4202474,594
7.683859366,4203340,866
7.683859366,4203918,578
7.686328166,4204800,882
7.686328166,4205362,562
7.688892966,4206260,898
7.688892966,4206806,546
7.691362166,4207720,914
7.691362166,4208250,530
7.693838566,4209180,930
7.693838566,4209694,514
7.696307366,4210640,946
7.696307366,4211138,498
7.698776166,4212100,962
7.698776166,4212582,482
7.701244966,4213560,978
7.701244966,4214026,466
7.703713766,4215020,994
7.703713766,4215470,450
7.706182566,4216480,1010
7.706182566,4216914,434
7.708747366,4217940,1026
7.708747366,4218358,418
7.711216166,4219400,1042
7.711216166,4219802,402
7.713684966,4220860,1058
7.713684966,4221246,386
7.716154166,4222320,1074
7.716154166,4222690,370
7.718630566,4223780,1090
7.718630566,4224134,354
7.721195366,4225240,1106
7.721195366,4225578,338
7.723664166,4226700,1122
7.723664166,4227022,322
7.726132966,4228160,1138
7.726132966,4228466,306
7.728601766,4229620,1154
7.728601766,4229910,290
7.731070566,4231080,1170
7.731070566,4231354,274
7.733539366,4232540,1186
7.733539366,4232798,258
7.736008166,4234000,1202
7.736008166,4234242,242
7.738476966,4235460,1218
7.738476966,4235686,226
7.741049766,4236920,1234
7.741049766,4237130,210
7.743518566,4238380,1250
7.743518566,4238574,194
7.745987366,4239840,1266
7.745987366,4240018,178
7.748456486,4241300,1282
7.748456486,4241462,162
7.750931686,4242760,1298
7.750931686,4242906,146
7.756448006,4244220,1314
7.756448006,4244350,130
7.758971366,4245680,1330
7.758971366,4245794,114
7.761440166,4247140,1346
7.761440166,4247238,98
7.763908966,4248600,1362
7.763908966,4248682,82
7.766378166,4250060,1378
7.766378166,4250126,66
7.768854486,4251520,1394
7.768854486,4251570,50
7.771321686,4252980,1410
7.771321686,4253014,34
7.773788886,4254440,1426
7.773788886,4254458,18
7.776352086,4255900,1442
7.776352086,4255902,2
7.778819366,4257354,1452
7.781288166,4257360,6
7.781288166,4258799,1439
7.783756966,4258820,21
7.783756966,4260244,1424
7.786225766,4260280,36
7.786225766,4261689,1409
7.788694566,4261740,51
7.788694566,4263134,1394
7.791267366,4263200,66
7.791267366,4264578,1378
7.793736166,4264660,82
7.793736166,4266022,1362
7.796204966,4266120,98
7.796204966,4267466,1346
7.798673766,4267580,114
7.798673766,4268910,1330
7.801142566,4269040,130
7.801142566,4270354,1314
7.803611366,4270500,146
7.803611366,4271798,1298
7.806080166,4271960,162
7.806080166,4273242,1282
7.808548966,4273420,178
7.808548966,4274686,1266
7.811113766,4274880,194
7.811113766,4276130,1250
7.813582966,4276340,210
7.813582966,4277574,1234
7.816059366,4277800,226
7.816059366,4279018,1218
7.818528166,4279260,242
7.818528166,4280462,1202
7.820996966,4280720,258
7.820996966,4281906,1186
7.823561766,4282180,274
7.823561766,4283350,1170
7.826030566,4283640,290
7.826030566,4284794,1154
7.828499366,4285100,306
7.828499366,4286238,1138
7.830968166,4286560,322
7.830968166,4287682,1122
7.833436966,4288020,338
7.833436966,4289126,1106
7.836002166,4289480,354
7.836002166,4290570,1090
7.838478566,4290940,370
7.838478566,4292014,1074
7.840947366,4292400,386
7.840947366,4293458,1058
7.843416166,4293860,402
7.843416166,4294902,1042
7.845884966,4295320,418
7.845884966,4296346,1026
7.848353766,4296780,434
7.848353766,4297790,1010
7.850822566,4298240,450
7.850822566,4299234,994
7.853291366,4299700,466
7.853291366,4300678,978
7.855856166,4301160,482
7.855856166,4302122,962
7.858324966,4302620,498
7.858324966,4303566,946
7.860794166,4304080,514
7.860794166,4305010,930
7.863270566,4305540,530
7.863270566,4306454,914
7.865739366,4307000,546
7.865739366,4307898,898
7.868304166,4308460,562
7.868304166,4309342,882
7.870772966,4309920,578
7.870772966,4310786,866
7.873241766,4311380,594
7.873241766,4312230,850
7.875710566,4312840,610
7.875710566,4313674,834
7.878179366,4314300,626
7.878179366,4315118,818
7.880648166,4315760,642
7.880648166,4316562,802
7.883116966,4317220,658
7.883116966,4318006,786
7.885586166,4318680,674
7.885586166,4319450,770
7.888158566,4320140,690
7.888158566,4320894,754
7.890627366,4321600,706
7.890627366,4322338,738
7.893096166,4323060,722
7.893096166,4323782,722
7.895564966,4324520,738
7.895564966,4325226,706
7.898033766,4325980,754
7.898033766,4326670,690
7.900598566,4327440,770
7.900598566,4328114,674
7.903067366,4328900,786
7.903067366,4329558,658
7.905536166,4330360,802
7.905536166,4331002,642
7.908005366,4331820,818
7.908005366,4332446,626
7.910481766,4333280,834
7.910481766,4333890,610
7.912950566,4334740,850
7.912950566,4335334,594
7.915419366,4336200,866
7.915419366,4336778,578
7.917888166,4337660,882
7.917888166,4338222,562
7.920452966,4339120,898
7.920452966,4339666,546
7.922921766,4340580,914
7.922921766,4341110,530
7.925390566,4342040,930
7.925390566,4342554,514
7.927859366,4343500,946
7.927859366,4343998,498
7.930328166,4344960,962
7.930328166,4345442,482
7.932900966,4346420,978
7.932900966,4346886,466
7.935369766,4347880,994
7.935369766,4348330,450
7.937838566,4349340,1010
7.937838566,4349774,434
7.940307366,4350800,1026
7.940307366,4351218,418
7.942776166,4352260,1042
7.942776166,4352662,402
7.945340966,4353720,1058
7.945340966,4354106,386
7.947809766,4355180,1074
7.947809766,4355550,370
7.950278566,4356640,1090
7.950278566,4356994,354
7.952747366,4358100,1106
7.952747366,4358438,338
7.955212886,4359560,1122
7.955212886,4359882,322
7.955692966,4361020,1138
7.955692966,4361326,306
7.958161766,4362480,1154
7.958161766,4362770,290
7.960630566,4363940,1170
7.960630566,4364214,274
7.963195366,4365400,1186
7.963195366,4365658,258
7.965664166,4366860,1202
7.965664166,4367102,242
7.968132966,4368320,1218
7.968132966,4368546,226
7.970601766,4369780,1234
7.970601766,4369990,210
7.973070566,4371240,1250
7.973070566,4371434,194
7.975635766,4372700,1266
7.975635766,4372878,178
7.978112166,4374160,1282
7.978112166,4374322,162
7.980580966,4375620,1298
7.980580966,4375766,146
7.983049766,4377080,1314
7.983049766,4377210,130
7.985518566,4378540,1330
7.985518566,4378654,114
7.987987366,4380000,1346
7.987987366,4380098,98
7.990456166,4381460,1362
7.990456166,4381542,82
7.992924966,4382920,1378
7.992924966,4382986,66
7.995489686,4384380,1394
7.995489686,4384430,50
7.997956886,4385840,1410
7.997956886,4385874,34
8.000424486,4387300,1426
8.000424486,4387318,18
8.002899286,4388760,1442
8.002899286,4388762,2
8.005366566,4390214,1452
8.007931366,4390220,6
8.007931366,4391659,1439
8.010400166,4391680,21
8.010400166,4393104,1424
8.012868966,4393140,36
8.012868966,4394549,1409
8.015337766,4394600,51
8.015337766,4395994,1394
8.017806566,4396060,66
8.017806566,4397438,1378
8.020275366,4397520,82
8.020275366,4398882,1362
8.022744166,4398980,98
8.022744166,4400326,1346
8.025213366,4400440,114
8.025213366,4401770,1330
8.027785766,4401900,130
8.027785766,4403214,1314
8.030254566,4403360,146
8.030254566,4404658,1298
8.032723366,4404820,162
8.032723366,4406102,1282
8.035192166,4406280,178
8.035192166,4407546,1266
8.037660966,4407740,194
8.037660966,4408990,1250
8.040225766,4409200,210
8.040225766,4410434,1234
8.042694566,4410660,226
8.042694566,4411878,1218
8.045163366,4412120,242
8.045163366,4413322,1202
8.047632566,4413580,258
8.047632566,4414766,1186
8.050108966,4415040,274
8.050108966,4416210,1170
8.053619206,4416500,290
8.053619206,4417654,1154
8.056142566,4417960,306
8.056142566,4419098,1138
8.058611366,4419420,322
8.058611366,4420542,1122
8.061080166,4420880,338
8.061080166,4421986,1106
8.063548966,4422340,354
8.063548966,4423430,1090
8.066017766,4423800,370
8.066017766,4424874,1074
8.068486566,4425260,386
8.068486566,4426318,1058
8.070955366,4426720,402
8.070955366,4427762,1042
8.073528166,4428180,418
8.073528166,4429206,1026
8.075996966,4429640,434
8.075996966,4430650,1010
8.078465766,4431100,450
8.078465766,4432094,994
8.080934566,4432560,466
8.080934566,4433538,978
8.083403366,4434020,482
8.083403366,4434982,962
8.085968166,4435480,498
8.085968166,4436426,946
8.088436966,4436940,514
8.088436966,4437870,930
8.090905766,4438400,530
8.090905766,4439314,914
8.093374566,4439860,546
8.093374566,4440758,898
8.095843766,4441320,562
8.095843766,4442202,882
8.098320166,4442780,578
8.098320166,4443646,866
8.100788966,4444240,594
8.100788966,4445090,850
8.103257766,4445700,610
8.103257766,4446534,834
8.105822566,4447160,626
8.105822566,4447978,818
8.108291366,4448620,642
8.108291366,4449422,802
8.110760166,4450080,658
8.110760166,4450866,786
8.113228966,4451540,674
8.113228966,4452310,770
8.115697766,4453000,690
8.115697766,4453754,754
8.118262966,4454460,706
8.118262966,4455198,738
8.120739366,4455920,722
8.120739366,4456642,722
8.123208166,4457380,738
8.123208166,4458086,706
8.125676966,4458840,754
8.125676966,4459530,690
8.128145766,4460300,770
8.128145766,4460974,674
8.130710566,4461760,786
8.130710566,4462418,658
8.133179366,4463220,802
8.133179366,4463862,642
8.135648166,4464680,818
8.135648166,4465306,626
8.138116966,4466140,834
8.138116966,4466750,610
8.140585766,4467600,850
8.140585766,4468194,594
8.143054966,4469060,866
8.143054966,4469638,578
8.145531366,4470520,882
8.145531366,4471082,562
8.148000166,4471980,898
8.148000166,4472526,546
8.150564966,4473440,914
8.150564966,4473970,530
8.153033766,4474900,930
8.153033766,4475414,514
8.155499286,4476360,946
8.155499286,4476858,498
8.155971366,4477820,962
8.155971366,4478302,482
8.158440166,4479280,978
8.158440166,4479746,466
8.161004966,4480740,994
8.161004966,4481190,450
8.163474166,4482200,1010
8.163474166,4482634,434
8.165950566,4483660,1026
8.165950566,4484078,418
8.168419366,4485120,1042
8.168419366,4485522,402
8.170888166,4486580,1058
8.170888166,4486966,386
8.173356966,4488040,1074
8.173356966,4488410,370
8.175825766,4489500,1090
8.175825766,4489854,354
8.178294566,4490960,1106
8.178294566,4491298,338
8.180859366,4492420,1122
8.180859366,4492742,322
8.183328166,4493880,1138
8.183328166,4494186,306
8.185796966,4495340,1154
8.185796966,4495630,290
8.188266166,4496800,1170
8.188266166,4497074,274
8.190742566,4498260,1186
8.190742566,4498518,258
8.193211366,4499720,1202
8.193211366,4499962,242
8.195776166,4501180,1218
8.195776166,4501406,226
8.198244966,4502640,1234
8.198244966,4502850,210
8.200713766,4504100,1250
8.200713766,4504294,194
8.203182566,4505560,1266
8.203182566,4505738,178
8.205651366,4507020,1282
8.205651366,4507182,162
8.208120166,4508480,1298
8.208120166,4508626,146
8.210588966,4509940,1314
8.210588966,4510070,130
8.213058166,4511400,1330
8.213058166,4511514,114
8.215630566,4512860,1346
8.215630566,4512958,98
8.218099366,4514320,1362
8.218099366,4514402,82
8.220568166,4515780,1378
8.220568166,4515846,66
8.223036886,4517240,1394
8.223036886,4517290,50
8.225504086,4518700,1410
8.225504086,4518734,34
8.228067286,4520160,1426
8.228067286,4520178,18
8.230534486,4521620,1442
8.230534486,4521622,2
8.233001766,4523074,1452
8.235470966,4523080,6
8.235470966,4524519,1439
8.237947366,4524540,21
8.237947366,4525964,1424
8.240512166,4526000,36
8.240512166,4527409,1409
8.242980966,4527460,51
8.242980966,4528854,1394
8.245449766,4528920,66
8.245449766,4530298,1378
8.247918566,4530380,82
8.247918566,4531742,1362
8.250387366,4531840,98
8.250387366,4533186,1346
8.252856166,4533300,114
8.252856166,4534630,1330
8.255324966,4534760,130
8.255324966,4536074,1314
8.257793766,4536220,146
8.257793766,4537518,1298
8.260366566,4537680,162
8.260366566,4538962,1282
8.262835366,4539140,178
8.262835366,4540406,1266
8.265304166,4540600,194
8.265304166,4541850,1250
8.267772966,4542060,210
8.267772966,4543294,1234
8.270241766,4543520,226
8.270241766,4544738,1218
8.272806566,4544980,242
8.272806566,4546182,1202
8.275275366,4546440,258
8.275275366,4547626,1186
8.277744166,4547900,274
8.277744166,4549070,1170
8.280212966,4549360,290
8.280212966,4550514,1154
8.282682166,4550820,306
8.282682166,4551958,1138
8.285158566,4552280,322
8.285158566,4553402,1122
8.287627366,4553740,338
8.287627366,4554846,1106
8.290096166,4555200,354
8.290096166,4556290,1090
8.292660966,4556660,370
8.292660966,4557734,1074
8.295129766,4558120,386
8.295129766,4559178,1058
8.297598566,4559580,402
8.297598566,4560622,1042
8.300067366,4561040,418
8.300067366,4562066,1026
8.302536166,4562500,434
8.302536166,4563510,1010
8.305101366,4563960,450
8.305101366,4564954,994
8.307577766,4565420,466
8.307577766,4566398,978
8.310046566,4566880,482
8.310046566,4567842,962
8.312515366,4568340,498
8.312515366,4569286,946
8.314984166,4569800,514
8.314984166,4570730,930
8.317452966,4571260,530
8.317452966,4572174,914
8.319921766,4572720,546
8.319921766,4573618,898
8.322390566,4574180,562
8.322390566,4575062,882
8.324955366,4575640,578
8.324955366,4576506,866
8.327424166,4577100,594
8.327424166,4577950,850
8.329893366,4578560,610
8.329893366,4579394,834
8.332369766,4580020,626
8.332369766,4580838,818
8.334838566,4581480,642
8.334838566,4582282,802
8.337403366,4582940,658
8.337403366,4583726,786
8.339872166,4584400,674
8.339872166,4585170,770
8.342340966,4585860,690
8.342340966,4586614,754
8.344809766,4587320,706
8.344809766,4588058,738
8.347278566,4588780,722
8.347278566,4589502,722
8.349747366,4590240,738
8.349747366,4590946,706
8.355266006,4591700,754
8.355266006,4592390,690
8.357788966,4593160,770
8.357788966,4593834,674
8.360257766,4594620,786
8.360257766,4595278,658
8.362726566,4596080,802
8.362726566,4596722,642
8.365195366,4597540,818
8.365195366,4598166,626
8.367664166,4599000,834
8.367664166,4599610,610
8.370132966,4600460,850
8.370132966,4601054,594
8.372601766,4601920,866
8.372601766,4602498,578
8.375166566,4603380,882
8.375166566,4603942,562
8.377635366,4604840,898
8.377635366,4605386,546
8.380104566,4606300,914
8.380104566,4606830,530
8.382580966,4607760,930
8.382580966,4608274,514
8.385049766,4609220,946
8.385049766,4609718,498
8.387614566,4610680,962
8.387614566,4611162,482
8.390083366,4612140,978
8.390083366,4612606,466
8.392552166,4613600,994
8.392552166,4614050,450
8.395020966,4615060,1010
8.395020966,4615494,434
8.397489766,4616520,1026
8.397489766,4616938,418
8.399958566,4617980,1042
8.399958566,4618382,402
8.402427366,4619440,1058
8.402427366,4619826,386
8.405000166,4620900,1074
8.405000166,4621270,370
8.407468966,4622360,1090
8.407468966,4622714,354
8.409937766,4623820,1106
8.409937766,4624158,338
8.412406566,4625280,1122
8.412406566,4625602,322
8.414875366,4626740,1138
8.414875366,4627046,306
8.417344166,4628200,1154
8.417344166,4628490,290
8.419908966,4629660,1170
8.419908966,4629934,274
8.422377766,4631120,1186
8.422377766,4631378,258
8.424846566,4632580,1202
8.424846566,4632822,242
8.427315766,4634040,1218
8.427315766,4634266,226
8.429792166,4635500,1234
8.429792166,4635710,210
8.432260966,4636960,1250
8.432260966,4637154,194
8.434729766,4638420,1266
8.434729766,4638598,178
8.437294566,4639880,1282
8.437294566,4640042,162
8.439763366,4641340,1298
8.439763366,4641486,146
8.442232166,4642800,1314
8.442232166,4642930,130
8.444700966,4644260,1330
8.444700966,4644374,114
8.447169766,4645720,1346
8.447169766,4645818,98
8.449638566,4647180,1362
8.449638566,4647262,82
8.452211366,4648640,1378
8.452211366,4648706,66
8.454676886,4650100,1394
8.454676886,4650150,50
8.455147286,4651560,1410
8.455147286,4651594,34
8.457614486,4653020,1426
8.457614486,4653038,18
8.460081686,4654480,1442
8.460081686,4654482,2
8.462644966,4655934,1452
8.465113766,4655940,6
8.465113766,4657379,1439
8.467582566,4657400,21
8.467582566,4658824,1424
8.470051366,4658860,36
8.470051366,4660269,1409
8.472520566,4660320,51
8.472520566,4661714,1394
8.474996966,4661780,66
8.474996966,4663158,1378
8.477465766,4663240,82
8.477465766,4664602,1362
8.479934566,4664700,98
8.479934566,4666046,1346
8.482499366,4666160,114
8.482499366,4667490,1330
8.484968166,4667620,130
8.484968166,4668934,1314
8.487436966,4669080,146
8.487436966,4670378,1298
8.489905766,4670540,162
8.489905766,4671822,1282
8.492374566,4672000,178
8.492374566,4673266,1266
8.494939766,4673460,194
8.494939766,4674710,1250
8.497416166,4674920,210
8.497416166,4676154,1234
8.499884966,4676380,226
8.499884966,4677598,1218
8.502353766,4677840,242
8.502353766,4679042,1202
8.504822566,4679300,258
8.504822566,4680486,1186
8.507291366,4680760,274
8.507291366,4681930,1170
8.509760166,4682220,290
8.509760166,4683374,1154
8.512324966,4683680,306
8.512324966,4684818,1138
8.514793766,4685140,322
8.514793766,4686262,1122
8.517262566,4686600,338
8.517262566,4687706,1106
8.519731766,4688060,354
8.519731766,4689150,1090
8.522208166,4689520,370
8.522208166,4690594,1074
8.524676966,4690980,386
8.524676966,4692038,1058
8.527241766,4692440,402
8.527241766,4693482,1042
8.529710566,4693900,418
8.529710566,4694926,1026
8.532179366,4695360,434
8.532179366,4696370,1010
8.534648166,4696820,450
8.534648166,4697814,994
8.537116966,4698280,466
8.537116966,4699258,978
8.539681766,4699740,482
8.539681766,4700702,962
8.542150966,4701200,498
8.542150966,4702146,946
8.544627366,4702660,514
8.544627366,4703590,930
8.547096166,4704120,530
8.547096166,4705034,914
8.549564966,4705580,546
8.549564966,4706478,898
8.552033766,4707040,562
8.552033766,4707922,882
8.554499286,4708500,578
8.554499286,4709366,866
8.554971366,4709960,594
8.554971366,4710810,850
8.557536166,4711420,610
8.557536166,4712254,834
8.560004966,4712880,626
8.560004966,4713698,818
8.562473766,4714340,642
8.562473766,4715142,802
8.564942966,4715800,658
8.564942966,4716586,786
8.567419366,4717260,674
8.567419366,4718030,770
8.569984166,4718720,690
8.569984166,4719474,754
8.572452966,4720180,706
8.572452966,4720918,738
8.574921766,4721640,722
8.574921766,4722362,722
8.577390566,4723100,738
8.577390566,4723806,706
8.579859366,4724560,754
8.579859366,4725250,690
8.582328166,4726020,770
8.582328166,4726694,674
8.584796966,4727480,786
8.584796966,4728138,658
8.587265766,4728940,802
8.587265766,4729582,642
8.589838566,4730400,818
8.589838566,4731026,626
8.592307366,4731860,834
8.592307366,4732470,610
8.594776166,4733320,850
8.594776166,4733914,594
8.597244966,4734780,866
8.597244966,4735358,578
8.599713766,4736240,882
8.599713766,4736802,562
8.602278566,4737700,898
8.602278566,4738246,546
8.604747366,4739160,914
8.604747366,4739690,530
8.607216166,4740620,930
8.607216166,4741134,514
8.609684966,4742080,946
8.609684966,4742578,498
8.612154166,4743540,962
8.612154166,4744022,482
8.614630566,4745000,978
8.614630566,4745466,466
8.617099366,4746460,994
8.617099366,4746910,450
8.619568166,4747920,1010
8.619568166,4748354,434
8.622132966,4749380,1026
8.622132966,4749798,418
8.624601766,4750840,1042
8.624601766,4751242,402
8.627070566,4752300,1058
8.627070566,4752686,386
8.629539366,4753760,1074
8.629539366,4754130,370
8.632008166,4755220,1090
8.632008166,4755574,354
8.634476966,4756680,1106
8.634476966,4757018,338
8.637049766,4758140,1122
8.637049766,4758462,322
8.639518566,4759600,1138
8.639518566,4759906,306
8.641987366,4761060,1154
8.641987366,4761350,290
8.644456166,4762520,1170
8.644456166,4762794,274
8.646924966,4763980,1186
8.646924966,4764238,258
8.649489766,4765440,1202
8.649489766,4765682,242
8.652904006,4766900,1218
8.652904006,4767126,226
8.655427366,4768360,1234
8.655427366,4768570,210
8.657896166,4769820,1250
8.657896166,4770014,194
8.660365366,4771280,1266
8.660365366,4771458,178
8.662841766,4772740,1282
8.662841766,4772902,162
8.665310566,4774200,1298
8.665310566,4774346,146
8.667779366,4775660,1314
8.667779366,4775790,130
8.670344166,4777120,1330
8.670344166,4777234,114
8.672812966,4778580,1346
8.672812966,4778678,98
8.675281766,4780040,1362
8.675281766,4780122,82
8.677750566,4781500,1378
8.677750566,4781566,66
8.680219286,4782960,1394
8.680219286,4783010,50
8.682782886,4784420,1410
8.682782886,4784454,34
8.685257686,4785880,1426
8.685257686,4785898,18
8.687724886,4787340,1442
8.687724886,4787342,2
8.690192166,4788794,1452
8.692660966,4788800,6
8.692660966,4790239,1439
8.695129766,4790260,21
8.695129766,4791684,1424
8.697598566,4791720,36
8.697598566,4793129,1409
8.700163366,4793180,51
8.700163366,4794574,1394
8.702632166,4794640,66
8.702632166,4796018,1378
8.705100966,4796100,82
8.705100966,4797462,1362
8.707570166,4797560,98
8.707570166,4798906,1346
8.710046566,4799020,114
8.710046566,4800350,1330
8.712515366,4800480,130
8.712515366,4801794,1314
8.715080166,4801940,146
8.715080166,4803238,1298
8.717548966,4803400,162
8.717548966,4804682,1282
8.720017766,4804860,178
8.720017766,4806126,1266
8.722486566,4806320,194
8.722486566,4807570,1250
8.724955366,4807780,210
8.724955366,4809014,1234
8.727424166,4809240,226
8.727424166,4810458,1218
8.729892966,4810700,242
8.729892966,4811902,1202
8.732465766,4812160,258
8.732465766,4813346,1186
8.734934566,4813620,274
8.734934566,4814790,1170
8.737403366,4815080,290
8.737403366,4816234,1154
8.739872166,4816540,306
8.739872166,4817678,1138
8.742340966,4818000,322
8.742340966,4819122,1122
8.744809766,4819460,338
8.744809766,4820566,1106
8.747374566,4820920,354
8.747374566,4822010,1090
8.749843366,4822380,370
8.749843366,4823454,1074
8.753257606,4823840,386
8.753257606,4824898,1058
8.755781366,4825300,402
8.755781366,4826342,1042
8.758257766,4826760,418
8.758257766,4827786,1026
8.760822566,4828220,434
8.760822566,4829230,1010
8.763291366,4829680,450
8.763291366,4830674,994
8.765760166,4831140,466
8.765760166,4832118,978
8.768228966,4832600,482
8.768228966,4833562,962
8.770697766,4834060,498
8.770697766,4835006,946
8.773166566,4835520,514
8.773166566,4836450,930
8.775635366,4836980,530
8.775635366,4837894,914
8.778104166,4838440,546
8.778104166,4839338,898
8.780676966,4839900,562
8.780676966,4840782,882
8.783145766,4841360,578
8.783145766,4842226,866
8.785614566,4842820,594
8.785614566,4843670,850
8.788083366,4844280,610
8.788083366,4845114,834
8.790552166,4845740,626
8.790552166,4846558,818
8.793116966,4847200,642
8.793116966,4848002,802
8.795585766,4848660,658
8.795585766,4849446,786
8.798054566,4850120,674
8.798054566,4850890,770
8.800523366,4851580,690
8.800523366,4852334,754
8.802992566,4853040,706
8.802992566,4853778,738
8.805468966,4854500,722
8.805468966,4855222,722
8.807937766,4855960,738
8.807937766,4856666,706
8.810502566,4857420,754
8.810502566,4858110,690
8.812971366,4858880,770
8.812971366,4859554,674
8.815440166,4860340,786
8.815440166,4860998,658
8.817908966,4861800,802
8.817908966,4862442,642
8.820377766,4863260,818
8.820377766,4863886,626
8.822846566,4864720,834
8.822846566,4865330,610
8.825411766,4866180,850
8.825411766,4866774,594
8.827888166,4867640,866
8.827888166,4868218,578
8.830356966,4869100,882
8.830356966,4869662,562
8.832825766,4870560,898
8.832825766,4871106,546
8.835294566,4872020,914
8.835294566,4872550,530
8.837763366,4873480,930
8.837763366,4873994,514
8.840232166,4874940,946
8.840232166,4875438,498
8.842796966,4876400,962
8.842796966,4876882,482
8.845265766,4877860,978
8.845265766,4878326,466
8.847734566,4879320,994
8.847734566,4879770,450
8.850203766,4880780,1010
8.850203766,4881214,434
8.852676886,4882240,1026
8.852676886,4882658,418
8.853148966,4883700,1042
8.853148966,4884102,402
8.855713766,4885160,1058
8.855713766,4885546,386
8.858182566,4886620,1074
8.858182566,4886990,370
8.860651366,4888080,1090
8.860651366,4888434,354
8.863120166,4889540,1106
8.863120166,4889878,338
8.865588966,4891000,1122
8.865588966,4891322,322
8.868153766,4892460,1138
8.868153766,4892766,306
8.870622966,4893920,1154
8.870622966,4894210,290
8.873099366,4895380,1170
8.873099366,4895654,274
8.875568166,4896840,1186
8.875568166,4897098,258
8.878036966,4898300,1202
8.878036966,4898542,242
8.880505766,4899760,1218
8.880505766,4899986,226
8.882974566,4901220,1234
8.882974566,4901430,210
8.885443366,4902680,1250
8.885443366,4902874,194
8.888008166,4904140,1266
8.888008166,4904318,178
8.890476966,4905600,1282
8.890476966,4905762,162
8.892945766,4907060,1298
8.892945766,4907206,146
8.895414966,4908520,1314
8.895414966,4908650,130
8.897891366,4909980,1330
8.897891366,4910094,114
8.900456166,4911440,1346
8.900456166,4911538,98
8.902924966,4912900,1362
8.902924966,4912982,82
8.905393766,4914360,1378
8.905393766,4914426,66
8.907862486,4915820,1394
8.907862486,4915870,50
8.910329686,4917280,1410
8.910329686,4917314,34
8.912796886,4918740,1426
8.912796886,4918758,18
8.915264086,4920200,1442
8.915264086,4920202,2
8.917827766,4921654,1452
8.920304166,4921660,6
8.920304166,4923099,1439
8.922772966,4923120,21
8.922772966,4924544,1424
8.925241766,4924580,36
8.925241766,4925989,1409
8.927710566,4926040,51
8.927710566,4927434,1394
8.930179366,4927500,66
8.930179366,4928878,1378
8.932744166,4928960,82
8.932744166,4930322,1362
8.935212966,4930420,98
8.935212966,4931766,1346
8.937681766,4931880,114
8.937681766,4933210,1330
8.940150566,4933340,130
8.940150566,4934654,1314
8.942619766,4934800,146
8.942619766,4936098,1298
8.945096166,4936260,162
8.945096166,4937542,1282
8.947564966,4937720,178
8.947564966,4938986,1266
8.952075206,4939180,194
8.952075206,4940430,1250
8.954598566,4940640,210
8.954598566,4941874,1234
8.957067366,4942100,226
8.957067366,4943318,1218
8.959536166,4943560,242
8.959536166,4944762,1202
8.962004966,4945020,258
8.962004966,4946206,1186
8.964473766,4946480,274
8.964473766,4947650,1170
8.967038966,4947940,290
8.967038966,4949094,1154
8.969515366,4949400,306
8.969515366,4950538,1138
8.971984166,4950860,322
8.971984166,4951982,1122
8.974452966,4952320,338
8.974452966,4953426,1106
8.976921766,4953780,354
8.976921766,4954870,1090
8.979486566,4955240,370
8.979486566,4956314,1074
8.981955366,4956700,386
8.981955366,4957758,1058
8.984424166,4958160,402
8.984424166,4959202,1042
8.986892966,4959620,418
8.986892966,4960646,1026
8.989361766,4961080,434
8.989361766,4962090,1010
8.991830966,4962540,450
8.991830966,4963534,994
8.994307366,4964000,466
8.994307366,4964978,978
8.996776166,4965460,482
8.996776166,4966422,962
8.999340966,4966920,498
8.999340966,4967866,946
9.001809766,4968380,514
9.001809766,4969310,930
9.004278566,4969840,530
9.004278566,4970754,914
9.006747366,4971300,546
9.006747366,4972198,898
9.009216166,4972760,562
9.009216166,4973642,882
9.011780966,4974220,578
9.011780966,4975086,866
9.014250166,4975680,594
9.014250166,4976530,850
9.016726566,4977140,610
9.016726566,4977974,834
9.019195366,4978600,626
9.019195366,4979418,818
9.021664166,4980060,642
9.021664166,4980862,802
9.024132966,4981520,658
9.024132966,4982306,786
9.026601766,4982980,674
9.026601766,4983750,770
9.029166566,4984440,690
9.029166566,4985194,754
9.031635366,4985900,706
9.031635366,4986638,738
9.034104166,4987360,722
9.034104166,4988082,722
9.036572966,4988820,738
9.036572966,4989526,706
9.039042166,4990280,754
9.039042166,4990970,690
9.041518566,4991740,770
9.041518566,4992414,674
9.044083366,4993200,786
9.044083366,4993858,658
9.046552166,4994660,802
9.046552166,4995302,642
9.049020966,4996120,818
9.049020966,4996746,626
9.051489766,4997580,834
9.051489766,4998190,610
9.053955286,4999040,850
9.053955286,4999634,594
9.054427366,5000500,866
9.054427366,5001078,578
9.056992166,5001960,882
9.056992166,5002522,562
9.059461366,5003420,898
9.059461366,5003966,546
9.061937766,5004880,914
9.061937766,5005410,530
9.064406566,5006340,930
9.064406566,5006854,514
9.066875366,5007800,946
9.066875366,5008298,498
9.069344166,5009260,962
9.069344166,5009742,482
9.071812966,5010720,978
9.071812966,5011186,466
9.074281766,5012180,994
9.074281766,5012630,450
9.076846566,5013640,1010
9.076846566,5014074,434
9.079315366,5015100,1026
9.079315366,5015518,418
9.081784166,5016560,1042
9.081784166,5016962,402
9.084253366,5018020,1058
9.084253366,5018406,386
9.086729766,5019480,1074
9.086729766,5019850,370
9.089294566,5020940,1090
9.089294566,5021294,354
9.091763366,5022400,1106
9.091763366,5022738,338
9.094232166,5023860,1122
9.094232166,5024182,322
9.096700966,5025320,1138
9.096700966,5025626,306
9.099169766,5026780,1154
9.099169766,5027070,290
9.101638566,5028240,1170
9.101638566,5028514,274
9.104107366,5029700,1186
9.104107366,5029958,258
9.106576166,5031160,1202
9.106576166,5031402,242
9.109148966,5032620,1218
9.109148966,5032846,226
9.111617766,5034080,1234
9.111617766,5034290,210
9.114086566,5035540,1250
9.114086566,5035734,194
9.116555366,5037000,1266
9.116555366,5037178,178
9.119024166,5038460,1282
9.119024166,5038622,162
9.121588966,5039920,1298
9.121588966,5040066,146
9.124057766,5041380,1314
9.124057766,5041510,130
9.126526566,5042840,1330
9.126526566,5042954,114
9.128995366,5044300,1346
9.128995366,5044398,98
9.131464566,5045760,1362
9.131464566,5045842,82
9.133940966,5047220,1378
9.133940966,5047286,66
9.136409686,5048680,1394
9.136409686,5048730,50
9.138972886,5050140,1410
9.138972886,5050174,34
9.141440086,5051600,1426
9.141440086,5051618,18
9.143907286,5053060,1442
9.143907286,5053062,2
9.146374566,5054514,1452
9.148843366,5054520,6
9.148843366,5055959,1439
9.154257606,5055980,21
9.154257606,5057404,1424
9.156877366,5057440,36
9.156877366,5058849,1409
9.159353766,5058900,51
9.159353766,5060294,1394
9.161822566,5060360,66
9.161822566,5061738,1378
9.164291366,5061820,82
9.164291366,5063182,1362
9.166760166,5063280,98
9.166760166,5064626,1346
9.169324966,5064740,114
9.169324966,5066070,1330
9.171793766,5066200,130
9.171793766,5067514,1314
9.174262566,5067660,146
9.174262566,5068958,1298
9.176731366,5069120,162
9.176731366,5070402,1282
9.179200166,5070580,178
9.179200166,5071846,1266
9.181669366,5072040,194
9.181669366,5073290,1250
9.184145766,5073500,210
9.184145766,5074734,1234
9.186614566,5074960,226
9.186614566,5076178,1218
9.189179366,5076420,242
9.189179366,5077622,1202
9.191648166,5077880,258
9.191648166,5079066,1186
9.194116966,5079340,274
9.194116966,5080510,1170
9.196585766,5080800,290
9.196585766,5081954,1154
9.199054566,5082260,306
9.199054566,5083398,1138
9.201619366,5083720,322
9.201619366,5084842,1122
9.204088566,5085180,338
9.204088566,5086286,1106
9.206564966,5086640,354
9.206564966,5087730,1090
9.209033766,5088100,370
9.209033766,5089174,1074
9.211502566,5089560,386
9.211502566,5090618,1058
9.213971366,5091020,402
9.213971366,5092062,1042
9.216440166,5092480,418
9.216440166,5093506,1026
9.218908966,5093940,434
9.218908966,5094950,1010
9.221473766,5095400,450
9.221473766,5096394,994
9.223942566,5096860,466
9.223942566,5097838,978
9.226411366,5098320,482
9.226411366,5099282,962
9.228880566,5099780,498
9.228880566,5100726,946
9.231356966,5101240,514
9.231356966,5102170,930
9.233921766,5102700,530
9.233921766,5103614,914
9.236390566,5104160,546
9.236390566,5105058,898
9.238859366,5105620,562
9.238859366,5106502,882
9.241328166,5107080,578
9.241328166,5107946,866
9.243796966,5108540,594
9.243796966,5109390,850
9.246361766,5110000,610
9.246361766,5110834,834
9.248830566,5111460,626
9.248830566,5112278,818
9.251299766,5112920,642
9.251299766,5113722,802
9.253776166,5114380,658
9.253776166,5115166,786
9.256244966,5115840,674
9.256244966,5116610,770
9.258713766,5117300,690
9.258713766,5118054,754
9.261182566,5118760,706
9.261182566,5119498,738
9.263651366,5120220,722
9.263651366,5120942,722
9.266216166,5121680,738
9.266216166,5122386,706
9.268684966,5123140,754
9.268684966,5123830,690
9.271153766,5124600,770
9.271153766,5125274,674
9.273622566,5126060,786
9.273622566,5126718,658
9.276091766,5127520,802
9.276091766,5128162,642
9.278664166,5128980,818
9.278664166,5129606,626
9.281132966,5130440,834
9.281132966,5131050,610
9.283601766,5131900,850
9.283601766,5132494,594
9.286070566,5133360,866
9.286070566,5133938,578
9.288539366,5134820,882
9.288539366,5135382,562
9.291008166,5136280,898
9.291008166,5136826,546
9.293476966,5137740,914
9.293476966,5138270,530
9.295945766,5139200,930
9.295945766,5139714,514
9.298510966,5140660,946
9.298510966,5141158,498
9.300987366,5142120,962
9.300987366,5142602,482
9.303456166,5143580,978
9.303456166,5144046,466
9.305924966,5145040,994
9.305924966,5145490,450
9.308393766,5146500,1010
9.308393766,5146934,434
9.310958566,5147960,1026
9.310958566,5148378,418
9.313427366,5149420,1042
9.313427366,5149822,402
9.315896166,5150880,1058
9.315896166,5151266,386
9.318364966,5152340,1074
9.318364966,5152710,370
9.320833766,5153800,1090
9.320833766,5154154,354
9.323302966,5155260,1106
9.323302966,5155598,338
9.325779366,5156720,1122
9.325779366,5157042,322
9.328248166,5158180,1138
9.328248166,5158486,306
9.330812966,5159640,1154
9.330812966,5159930,290
9.333281766,5161100,1170
9.333281766,5161374,274
9.335750566,5162560,1186
9.335750566,5162818,258
9.338219366,5164020,1202
9.338219366,5164262,242
9.340688166,5165480,1218
9.340688166,5165706,226
9.343252966,5166940,1234
9.343252966,5167150,210
9.345722166,5168400,1250
9.345722166,5168594,194
9.348198566,5169860,1266
9.348198566,5170038,178
9.350667366,5171320,1282
9.350667366,5171482,162
9.353136166,5172780,1298
9.353136166,5172926,146
9.355700966,5174240,1314
9.355700966,5174370,130
9.358169766,5175700,1330
9.358169766,5175814,114
9.360638566,5177160,1346
9.360638566,5177258,98
9.363107366,5178620,1362
9.363107366,5178702,82
9.365576166,5180080,1378
9.365576166,5180146,66
9.368044886,5181540,1394
9.368044886,5181590,50
9.370512486,5183000,1410
9.370512486,5183034,34
9.372987286,5184460,1426
9.372987286,5184478,18
9.375550486,5185920,1442
9.375550486,5185922,2
9.378017766,5187374,1452
9.380486566,5187380,6
9.380486566,5188819,1439
9.382955366,5188840,21
9.382955366,5190264,1424
9.385424166,5190300,36
9.385424166,5191709,1409
9.387988966,5191760,51
9.387988966,5193154,1394
9.390457766,5193220,66
9.390457766,5194598,1378
9.392926966,5194680,82
9.392926966,5196042,1362
9.395403366,5196140,98
9.395403366,5197486,1346
9.397872166,5197600,114
9.397872166,5198930,1330
9.400340966,5199060,130
9.400340966,5200374,1314
9.402809766,5200520,146
9.402809766,5201818,1298
9.405278566,5201980,162
9.405278566,5203262,1282
9.407843366,5203440,178
9.407843366,5204706,1266
9.410312166,5204900,194
9.410312166,5206150,1250
9.412780966,5206360,210
9.412780966,5207594,1234
9.415249766,5207820,226
9.415249766,5209038,1218
9.417718966,5209280,242
9.417718966,5210482,1202
9.420291366,5210740,258
9.420291366,5211926,1186
9.422760166,5212200,274
9.422760166,5213370,1170
9.425228966,5213660,290
9.425228966,5214814,1154
9.427697766,5215120,306
9.427697766,5216258,1138
9.430166566,5216580,322
9.430166566,5217702,1122
9.432635366,5218040,338
9.432635366,5219146,1106
9.435104166,5219500,354
9.435104166,5220590,1090
9.437572966,5220960,370
9.437572966,5222034,1074
9.440138166,5222420,386
9.440138166,5223478,1058
9.442614566,5223880,402
9.442614566,5224922,1042
9.445083366,5225340,418
9.445083366,5226366,1026
9.447552166,5226800,434
9.447552166,5227810,1010
9.450020966,5228260,450
9.450020966,5229254,994
9.452585766,5229720,466
9.452585766,5230698,978
9.455051286,5231180,482
9.455051286,5232142,962
9.455523366,5232640,498
9.455523366,5233586,946
9.457992166,5234100,514
9.457992166,5235030,930
9.460460966,5235560,530
9.460460966,5236474,914
9.463033766,5237020,546
9.463033766,5237918,898
9.465502566,5238480,562
9.465502566,5239362,882
9.467971366,5239940,578
9.467971366,5240806,866
9.470440166,5241400,594
9.470440166,5242250,850
9.471568406,5242860,610
9.471568406,5242880,20
