elapsed_s,rx_app,packet_bytes
0.165086984,1456,1456
0.167249695,1460,4
0.167249695,2905,1445
0.171625356,2920,15
0.171625356,4354,1434
0.181625356,4380,26
0.181625356,5803,1423
0.275272816,5840,37
0.275272816,7252,1412
0.277648979,7300,48
0.277648979,8701,1401
0.280025142,8760,59
0.280025142,10150,1390
0.282401305,10220,70
0.282401305,11598,1378
0.284777468,11680,82
0.284777468,13046,1366
0.287153631,13140,94
0.287153631,14494,1354
0.295274334,14600,106
0.295274334,15942,1342
0.297650897,16060,118
0.297650897,17390,1330
0.385686292,17520,130
0.385686292,18834,1314
0.388079431,18980,146
0.388079431,20278,1298
0.390472570,20440,162
0.390472570,21722,1282
0.392865709,21900,178
0.392865709,23166,1266
0.395258848,23360,194
0.395258848,24610,1250
0.397651987,24820,210
0.397651987,26054,1234
0.400044966,26280,226
0.400044966,27498,1218
0.402435001,27740,242
0.402435001,28942,1202
0.404825036,29200,258
0.404825036,30386,1186
0.407215471,30660,274
0.407215471,31830,1170
0.409612866,32120,290
0.409612866,33274,1154
0.412002901,33580,306
0.412002901,34718,1138
0.414481398,35040,322
0.414481398,36162,1122
0.416871433,36500,338
0.416871433,37606,1106
0.419261468,37960,354
0.419261468,39050,1090
0.421651503,39420,370
0.421651503,40494,1074
0.496877351,40880,386
0.496877351,41938,1058
0.498999898,42340,402
0.498999898,43382,1042
0.501128526,43800,418
0.501128526,44826,1026
0.503250673,45260,434
0.503250673,46270,1010
0.505372820,46720,450
0.505372820,47714,994
0.507494967,48180,466
0.507494967,49158,978
0.509616954,49640,482
0.509616954,50602,962
0.511736348,51100,498
0.511736348,52046,946
0.513855742,52560,514
0.513855742,53490,930
0.515975136,54020,530
0.515975136,54934,914
0.518094530,55480,546
0.518094530,56378,898
0.520213924,56940,562
0.520213924,57822,882
0.522333718,58400,578
0.522333718,59266,866
0.524459593,59860,594
0.524459593,60710,850
0.526578987,61320,610
0.526578987,62154,834
0.528698381,62780,626
0.528698381,63598,818
0.530817775,64240,642
0.530817775,65042,802
0.532937169,65700,658
0.532937169,66486,786
0.535135008,67160,674
0.535135008,67930,770
0.537254402,68620,690
0.537254402,69374,754
0.539373796,70080,706
0.539373796,70818,738
0.541493190,71540,722
0.541493190,72262,722
0.543612984,73000,738
0.543612984,73706,706
0.545738859,74460,754
0.545738859,75150,690
0.547858253,75920,770
0.547858253,76594,674
0.549977647,77380,786
0.549977647,78038,658
0.555030520,78840,802
0.555030520,79482,642
0.557270844,80300,818
0.557270844,80926,626
0.559525105,81760,834
0.559525105,82370,610
0.561698908,83220,850
0.561698908,83814,594
0.563872711,84680,866
0.563872711,85258,578
0.566046514,86140,882
0.566046514,86702,562
0.604447122,87600,898
0.604447122,88146,546
0.606620925,89060,914
0.606620925,89590,530
0.613700766,90520,930
0.613700766,91034,514
0.615874569,91980,946
0.615874569,92478,498
0.618048372,93440,962
0.618048372,93922,482
0.620222175,94900,978
0.620222175,95366,466
0.622395978,96360,994
0.622395978,96810,450
0.624569781,97820,1010
0.624569781,98254,434
0.626824042,99280,1026
0.626824042,99698,418
0.628998245,100740,1042
0.628998245,101142,402
0.631178706,102200,1058
0.631178706,102586,386
0.633352509,103660,1074
0.633352509,104030,370
0.635526312,105120,1090
0.635526312,105474,354
0.637700115,106580,1106
0.637700115,106918,338
0.639873918,108040,1122
0.639873918,108362,322
0.642047721,109500,1138
0.642047721,109806,306
0.644221524,110960,1154
0.644221524,111250,290
0.646395327,112420,1170
0.646395327,112694,274
0.648569130,113880,1186
0.648569130,114138,258
0.650742933,115340,1202
0.650742933,115582,242
0.653004252,116800,1218
0.653004252,117026,226
0.655175015,118260,1234
0.655175015,118470,210
0.656271422,119720,1250
0.656271422,119914,194
0.658364789,121180,1266
0.658364789,121358,178
0.660458156,122640,1282
0.660458156,122802,162
0.662551523,124100,1298
0.662551523,124246,146
0.664644890,125560,1314
0.664644890,125690,130
0.666738257,127020,1330
0.666738257,127134,114
0.668831624,128480,1346
0.668831624,128578,98
0.670924991,129940,1362
0.670924991,130022,82
0.673018758,131400,1378
0.673018758,131466,66
0.675118442,132860,1394
0.675118442,132910,50
0.677287931,134320,1410
0.677287931,134354,34
0.679379939,135780,1426
0.679379939,135798,18
0.681471947,137240,1442
0.681471947,137242,2
0.683564035,138694,1452
0.685657402,138700,6
0.685657402,140139,1439
0.687750769,140160,21
0.687750769,141584,1424
0.689844136,141620,36
0.689844136,143029,1409
0.691937503,143080,51
0.691937503,144474,1394
0.694031270,144540,66
0.694031270,145918,1378
0.696131034,146000,82
0.696131034,147362,1362
0.698224401,147460,98
0.698224401,148806,1346
0.700317768,148920,114
0.700317768,150250,1330
0.702411135,150380,130
0.702411135,151694,1314
0.704504502,151840,146
0.704504502,153138,1298
0.706597869,153300,162
0.706597869,154582,1282
0.708691236,154760,178
0.708691236,156026,1266
0.710862084,156220,194
0.710862084,157470,1250
0.712955451,157680,210
0.712955451,158914,1234
0.715049218,159140,226
0.715049218,160358,1218
0.717148982,160600,242
0.717148982,161802,1202
0.719242349,162060,258
0.719242349,163246,1186
0.721335716,163520,274
0.721335716,164690,1170
0.723429083,164980,290
0.723429083,166134,1154
0.725522450,166440,306
0.725522450,167578,1138
0.727615817,167900,322
0.727615817,169022,1122
0.729709184,169360,338
0.729709184,170466,1106
0.731880032,170820,354
0.731880032,171910,1090
0.733973399,172280,370
0.733973399,173354,1074
0.736067166,173740,386
0.736067166,174798,1058
0.738166930,175200,402
0.738166930,176242,1042
0.740260297,176660,418
0.740260297,177686,1026
0.742353664,178120,434
0.742353664,179130,1010
0.744524672,179580,450
0.744524672,180574,994
0.746620758,181040,466
0.746620758,182018,978
0.748716844,182500,482
0.748716844,183462,962
0.750812930,183960,498
0.750812930,184906,946
0.752909016,185420,514
0.752909016,186350,930
0.755005102,186880,530
0.755005102,187794,914
0.757572828,188340,546
0.757572828,189238,898
0.760036719,189800,562
0.760036719,190682,882
0.762500610,191260,578
0.762500610,192126,866
0.764964501,192720,594
0.764964501,193570,850
0.767428392,194180,610
0.767428392,195014,834
0.769892283,195640,626
0.769892283,196458,818
0.772356174,197100,642
0.772356174,197902,802
0.774820065,198560,658
0.774820065,199346,786
0.777283956,200020,674
0.777283956,200790,770
0.779747847,201480,690
0.779747847,202234,754
0.782310933,202940,706
0.782310933,203678,738
0.784774824,204400,722
0.784774824,205122,722
0.787238715,205860,738
0.787238715,206566,706
0.789702606,207320,754
0.789702606,208010,690
0.792166497,208780,770
0.792166497,209454,674
0.794630388,210240,786
0.794630388,210898,658
0.797094279,211700,802
0.797094279,212342,642
0.799558170,213160,818
0.799558170,213786,626
0.802022061,214620,834
0.802022061,215230,610
0.804485952,216080,850
0.804485952,216674,594
0.806950243,217540,866
0.806950243,218118,578
0.809421733,219000,882
0.809421733,219562,562
0.811976820,220460,898
0.811976820,221006,546
0.814440711,221920,914
0.814440711,222450,530
0.816904602,223380,930
0.816904602,223894,514
0.819368493,224840,946
0.819368493,225338,498
0.821832384,226300,962
0.821832384,226782,482
0.824296275,227760,978
0.824296275,228226,466
0.826760166,229220,994
0.826760166,229670,450
0.829224057,230680,1010
0.829224057,231114,434
0.831688348,232140,1026
0.831688348,232558,418
0.834159838,233600,1042
0.834159838,234002,402
0.836623729,235060,1058
0.836623729,235446,386
0.839087620,236520,1074
0.839087620,236890,370
0.841551511,237980,1090
0.841551511,238334,354
0.844015402,239440,1106
0.844015402,239778,338
0.846479293,240900,1122
0.846479293,241222,322
0.848943184,242360,1138
0.848943184,242666,306
0.851498271,243820,1154
0.851498271,244110,290
0.854896185,245280,1170
0.854896185,245554,274
0.857158430,246740,1186
0.857158430,246998,258
0.859361028,248200,1202
0.859361028,248442,242
0.861556896,249660,1218
0.861556896,249886,226
0.863752764,251120,1234
0.863752764,251330,210
0.865948632,252580,1250
0.865948632,252774,194
0.868144500,254040,1266
0.868144500,254218,178
0.870340368,255500,1282
0.870340368,255662,162
0.872536236,256960,1298
0.872536236,257106,146
0.874732104,258420,1314
0.874732104,258550,130
0.876927972,259880,1330
0.876927972,259994,114
0.879205515,261340,1346
0.879205515,261438,98
0.881408113,262800,1362
0.881408113,262882,82
0.883603981,264260,1378
0.883603981,264326,66
0.885799769,265720,1394
0.885799769,265770,50
0.887994211,267180,1410
0.887994211,267214,34
0.890188653,268640,1426
0.890188653,268658,18
0.892383095,270100,1442
0.892383095,270102,2
0.894577617,271554,1452
0.896773485,271560,6
0.896773485,272999,1439
0.898969353,273020,21
0.898969353,274444,1424
0.901165221,274480,36
0.901165221,275889,1409
0.903361489,275940,51
0.903361489,277334,1394
0.905564087,277400,66
0.905564087,278778,1378
0.907919464,278860,82
0.907919464,280222,1362
0.914608263,280320,98
0.914608263,281666,1346
0.917869261,281780,114
0.917869261,283110,1330
0.920442987,283240,130
0.920442987,284554,1314
0.922584672,284700,146
0.922584672,285998,1298
0.924726357,286160,162
0.924726357,287442,1282
0.926868042,287620,178
0.926868042,288886,1266
0.929009727,289080,194
0.929009727,290330,1250
0.931151412,290540,210
0.931151412,291774,1234
0.933293097,292000,226
0.933293097,293218,1218
0.935434782,293460,242
0.935434782,294662,1202
0.937576467,294920,258
0.937576467,296106,1186
0.939718152,296380,274
0.939718152,297550,1170
0.941859837,297840,290
0.941859837,298994,1154
0.944001522,299300,306
0.944001522,300438,1138
0.946224482,300760,322
0.946224482,301882,1122
0.948366167,302220,338
0.948366167,303326,1106
0.950507852,303680,354
0.950507852,304770,1090
0.952649537,305140,370
0.952649537,306214,1074
0.954791222,306600,386
0.954791222,307658,1058
0.956159493,308060,402
0.956159493,309102,1042
0.958527764,309520,418
0.958527764,310546,1026
0.960896035,310980,434
0.960896035,311990,1010
0.963264306,312440,450
0.963264306,313434,994
0.965632577,313900,466
0.965632577,314878,978
0.968000848,315360,482
0.968000848,316322,962
0.970369119,316820,498
0.970369119,317766,946
0.972827264,318280,514
0.972827264,319210,930
0.975195535,319740,530
0.975195535,320654,914
0.977563806,321200,546
0.977563806,322098,898
0.979932077,322660,562
0.979932077,323542,882
0.982300348,324120,578
0.982300348,324986,866
0.984668619,325580,594
0.984668619,326430,850
0.987036890,327040,610
0.987036890,327874,834
0.989405161,328500,626
0.989405161,329318,818
0.991773432,329960,642
0.991773432,330762,802
0.994141703,331420,658
0.994141703,332206,786
0.996509974,332880,674
0.996509974,333650,770
0.998878245,334340,690
0.998878245,335094,754
1.001246516,335800,706
1.001246516,336538,738
1.003614787,337260,722
1.003614787,337982,722
1.005983058,338720,738
1.005983058,339426,706
1.008351329,340180,754
1.008351329,340870,690
1.010814204,341640,770
1.010814204,342314,674
1.013182475,343100,786
1.013182475,343758,658
1.015550746,344560,802
1.015550746,345202,642
1.017919017,346020,818
1.017919017,346646,626
1.020287288,347480,834
1.020287288,348090,610
1.022655559,348940,850
1.022655559,349534,594
1.025023830,350400,866
1.025023830,350978,578
1.027392101,351860,882
1.027392101,352422,562
1.029760372,353320,898
1.029760372,353866,546
1.032128643,354780,914
1.032128643,355310,530
1.034591518,356240,930
1.034591518,356754,514
1.036959789,357700,946
1.036959789,358198,498
1.039328060,359160,962
1.039328060,359642,482
1.041696331,360620,978
1.041696331,361086,466
1.044064602,362080,994
1.044064602,362530,450
1.046432873,363540,1010
1.046432873,363974,434
1.048801144,365000,1026
1.048801144,365418,418
1.051169415,366460,1042
1.051169415,366862,402
1.053537686,367920,1058
1.053537686,368306,386
1.055609366,369380,1074
1.055609366,369750,370
1.057681046,370840,1090
1.057681046,371194,354
1.059752726,372300,1106
1.059752726,372638,338
1.061824406,373760,1122
1.061824406,374082,322
1.063896086,375220,1138
1.063896086,375526,306
1.065967766,376680,1154
1.065967766,376970,290
1.068039446,378140,1170
1.068039446,378414,274
1.070193882,379600,1186
1.070193882,379858,258
1.072265562,381060,1202
1.072265562,381302,242
1.074337242,382520,1218
1.074337242,382746,226
1.076408922,383980,1234
1.076408922,384190,210
1.078480602,385440,1250
1.078480602,385634,194
1.080552282,386900,1266
1.080552282,387078,178
1.082623962,388360,1282
1.082623962,388522,162
1.084695642,389820,1298
1.084695642,389966,146
1.086767322,391280,1314
1.086767322,391410,130
1.088839002,392740,1330
1.088839002,392854,114
1.090993438,394200,1346
1.090993438,394298,98
1.093065118,395660,1362
1.093065118,395742,82
1.095136798,397120,1378
1.095136798,397186,66
1.097265028,398580,1394
1.097265028,398630,50
1.099393258,400040,1410
1.099393258,400074,34
1.101521488,401500,1426
1.101521488,401518,18
1.103656614,402960,1442
1.103656614,402962,2
1.105841394,404414,1452
1.107913074,404420,6
1.107913074,405859,1439
1.109984754,405880,21
1.109984754,407304,1424
1.112056434,407340,36
1.112056434,408749,1409
1.114128114,408800,51
1.114128114,410194,1394
1.747609215,410260,66
1.747609215,414526,4266
1.749928462,414640,114
1.749928462,541609,126969
1.753028705,541660,51
1.753028705,543054,1394
1.753028705,543120,66
1.753028705,544498,1378
1.753028705,544580,82
1.753028705,547386,2806
2.048901835,547500,114
2.048901835,758222,210722
2.104653950,759200,978
2.104653950,960406,201206
2.104653950,960680,274
2.104653950,967626,6946
2.120215102,967980,354
2.120215102,970514,2534
2.120215102,970900,386
2.120215102,973402,2502
2.129018939,973820,418
2.129018939,976290,2470
2.129018939,976740,450
2.129018939,989286,12546
2.146840516,989880,594
2.146840516,1000838,10958
2.165840539,1001560,722
2.165840539,1016722,15162
2.196887716,1017620,898
2.196887716,1103374,85754
2.199104235,1103760,386
2.199104235,1104818,1058
2.201314961,1105220,402
2.201314961,1106262,1042
2.203518945,1106680,418
2.203518945,1107706,1026
2.205722929,1108140,434
2.205722929,1109150,1010
2.207926913,1109600,450
2.207926913,1110594,994
2.210130897,1111060,466
2.210130897,1112038,978
2.212334881,1112520,482
2.212334881,1113482,962
2.214538865,1113980,498
2.214538865,1114926,946
2.216828551,1115440,514
2.216828551,1116370,930
2.219118637,1116900,530
2.219118637,1117814,914
2.221329363,1118360,546
2.221329363,1119258,898
2.223533347,1119820,562
2.223533347,1120702,882
2.225737331,1121280,578
2.225737331,1122146,866
2.227941315,1122740,594
2.227941315,1123590,850
2.230145299,1124200,610
2.230145299,1125034,834
2.232349283,1125660,626
2.232349283,1126478,818
2.234638969,1127120,642
2.234638969,1127922,802
2.236842953,1128580,658
2.236842953,1129366,786
2.239046937,1130040,674
2.239046937,1130810,770
2.241251321,1131500,690
2.241251321,1132254,754
2.243462047,1132960,706
2.243462047,1133698,738
2.245666031,1134420,722
2.245666031,1135142,722
2.247870015,1135880,738
2.247870015,1136586,706
2.250073999,1137340,754
2.250073999,1138030,690
2.252363685,1138800,770
2.252363685,1139474,674
2.254564389,1140260,786
2.254564389,1140918,658
2.256019391,1141720,802
2.256019391,1142362,642
2.258566448,1143180,818
2.258566448,1143806,626
2.261018570,1144640,834
2.261018570,1145250,610
2.263477836,1146100,850
2.263477836,1146694,594
2.265929558,1147560,866
2.265929558,1148138,578
2.268381280,1149020,882
2.268381280,1149582,562
2.270833002,1150480,898
2.270833002,1151026,546
2.273284724,1151940,914
2.273284724,1152470,530
2.275736446,1153400,930
2.275736446,1153914,514
2.278188168,1154860,946
2.278188168,1155358,498
2.280639890,1156320,962
2.280639890,1156802,482
2.283186947,1157780,978
2.283186947,1158246,466
2.285639069,1159240,994
2.285639069,1159690,450
2.288098335,1160700,1010
2.288098335,1161134,434
2.290550057,1162160,1026
2.290550057,1162578,418
2.293001779,1163620,1042
2.293001779,1164022,402
2.295453501,1165080,1058
2.295453501,1165466,386
2.297905223,1166540,1074
2.297905223,1166910,370
2.300452280,1168000,1090
2.300452280,1168354,354
2.302904002,1169460,1106
2.302904002,1169798,338
2.305355724,1170920,1122
2.305355724,1171242,322
2.307807446,1172380,1138
2.307807446,1172686,306
2.310259568,1173840,1154
2.310259568,1174130,290
2.312814169,1175300,1170
2.312814169,1175574,274
2.315265891,1176760,1186
2.315265891,1177018,258
2.317717613,1178220,1202
2.317717613,1178462,242
2.320169335,1179680,1218
2.320169335,1179906,226
2.322621057,1181140,1234
2.322621057,1181350,210
2.325072779,1182600,1250
2.325072779,1182794,194
2.327524501,1184060,1266
2.327524501,1184238,178
2.329976223,1185520,1282
2.329976223,1185682,162
2.332523680,1186980,1298
2.332523680,1187126,146
2.334982946,1188440,1314
2.334982946,1188570,130
2.337434668,1189900,1330
2.337434668,1190014,114
2.339886390,1191360,1346
2.339886390,1191458,98
2.342338112,1192820,1362
2.342338112,1192902,82
2.344789834,1194280,1378
2.344789834,1194346,66
2.347241476,1195740,1394
2.347241476,1195790,50
2.349691609,1197200,1410
2.349691609,1197234,34
2.353175123,1198660,1426
2.353175123,1198678,18
2.355480924,1200120,1442
2.355480924,1200122,2
2.357725251,1201574,1452
2.359977429,1201580,6
2.359977429,1203019,1439
2.362222731,1203040,21
2.362222731,1204464,1424
2.364555342,1204500,36
2.364555342,1205909,1409
2.366800644,1205960,51
2.366800644,1207354,1394
2.369045946,1207420,66
2.369045946,1208798,1378
2.371291248,1208880,82
2.371291248,1210242,1362
2.373536550,1210340,98
2.373536550,1211686,1346
2.375781852,1211800,114
2.375781852,1213130,1330
2.378114863,1213260,130
2.378114863,1214574,1314
2.380367041,1214720,146
2.380367041,1216018,1298
2.382612343,1216180,162
2.382612343,1217462,1282
2.384857645,1217640,178
2.384857645,1218906,1266
2.387102947,1219100,194
2.387102947,1220350,1250
2.389435558,1220560,210
2.389435558,1221794,1234
2.391680860,1222020,226
2.391680860,1223238,1218
2.393926162,1223480,242
2.393926162,1224682,1202
2.396171464,1224940,258
2.396171464,1226126,1186
2.398416766,1226400,274
2.398416766,1227570,1170
2.400662468,1227860,290
2.400662468,1229014,1154
2.402914646,1229320,306
2.402914646,1230458,1138
2.405247257,1230780,322
2.405247257,1231902,1122
2.407492559,1232240,338
2.407492559,1233346,1106
2.409737861,1233700,354
2.409737861,1234790,1090
2.411983163,1235160,370
2.411983163,1236234,1074
2.414228465,1236620,386
2.414228465,1237678,1058
2.416473767,1238080,402
2.416473767,1239122,1042
2.418806378,1239540,418
2.418806378,1240566,1026
2.421052080,1241000,434
2.421052080,1242010,1010
2.423304258,1242460,450
2.423304258,1243454,994
2.425549560,1243920,466
2.425549560,1244898,978
2.427794862,1245380,482
2.427794862,1246342,962
2.430040164,1246840,498
2.430040164,1247786,946
2.432285466,1248300,514
2.432285466,1249230,930
2.434618077,1249760,530
2.434618077,1250674,914
2.436863379,1251220,546
2.436863379,1252118,898
2.439108681,1252680,562
2.439108681,1253562,882
2.441353983,1254140,578
2.441353983,1255006,866
2.443599685,1255600,594
2.443599685,1256450,850
2.445851863,1257060,610
2.445851863,1257894,834
2.448184474,1258520,626
2.448184474,1259338,818
2.450429776,1259980,642
2.450429776,1260782,802
2.452675078,1261440,658
2.452675078,1262226,786
2.454920380,1262900,674
2.454920380,1263670,770
2.457042930,1264360,690
2.457042930,1265114,754
2.459248016,1265820,706
2.459248016,1266558,738
2.461370566,1267280,722
2.461370566,1268002,722
2.463493516,1268740,738
2.463493516,1269446,706
2.465622544,1270200,754
2.465622544,1270890,690
2.467745094,1271660,770
2.467745094,1272334,674
2.469867644,1273120,786
2.469867644,1273778,658
2.471990194,1274580,802
2.471990194,1275222,642
2.474112744,1276040,818
2.474112744,1276666,626
2.476317830,1277500,834
2.476317830,1278110,610
2.478440380,1278960,850
2.478440380,1279554,594
2.480562930,1280420,866
2.480562930,1280998,578
2.482685480,1281880,882
2.482685480,1282442,562
2.484808430,1283340,898
2.484808430,1283886,546
2.487019994,1284800,914
2.487019994,1285330,530
2.489142544,1286260,930
2.489142544,1286774,514
2.491265094,1287720,946
2.491265094,1288218,498
2.493387644,1289180,962
2.493387644,1289662,482
2.495510194,1290640,978
2.495510194,1291106,466
2.497632744,1292100,994
2.497632744,1292550,450
2.499755294,1293560,1010
2.499755294,1293994,434
2.501877844,1295020,1026
2.501877844,1295438,418
2.504083330,1296480,1042
2.504083330,1296882,402
2.506212358,1297940,1058
2.506212358,1298326,386
2.508334908,1299400,1074
2.508334908,1299770,370
2.510457458,1300860,1090
2.510457458,1301214,354
2.512580008,1302320,1106
2.512580008,1302658,338
2.514785094,1303780,1122
2.514785094,1304102,322
2.516907644,1305240,1138
2.516907644,1305546,306
2.519030194,1306700,1154
2.519030194,1306990,290
2.521152744,1308160,1170
2.521152744,1308434,274
2.523275294,1309620,1186
2.523275294,1309878,258
2.525398244,1311080,1202
2.525398244,1311322,242
2.527527272,1312540,1218
2.527527272,1312766,226
2.529649822,1314000,1234
2.529649822,1314210,210
2.531854908,1315460,1250
2.531854908,1315654,194
2.533977458,1316920,1266
2.533977458,1317098,178
2.536100008,1318380,1282
2.536100008,1318542,162
2.538222558,1319840,1298
2.538222558,1319986,146
2.540345108,1321300,1314
2.540345108,1321430,130
2.542550194,1322760,1330
2.542550194,1322874,114
2.544673144,1324220,1346
2.544673144,1324318,98
2.546802172,1325680,1362
2.546802172,1325762,82
2.548924722,1327140,1378
2.548924722,1327206,66
2.551047192,1328600,1394
2.551047192,1328650,50
2.553247703,1330060,1410
2.553247703,1331538,1478
2.555173165,1332980,1442
2.555173165,1332982,2
2.557634376,1334434,1452
2.560097103,1334440,6
2.560097103,1335879,1439
2.562559830,1335900,21
2.562559830,1337324,1424
2.565022957,1337360,36
2.565022957,1338769,1409
2.567493264,1338820,51
2.567493264,1340214,1394
2.570051754,1340280,66
2.570051754,1341658,1378
2.572514481,1341740,82
2.572514481,1343102,1362
2.574977208,1343200,98
2.574977208,1344546,1346
2.577439935,1344660,114
2.577439935,1345990,1330
2.579902662,1346120,130
2.579902662,1347434,1314
2.582461152,1347580,146
2.582461152,1348878,1298
2.584923879,1349040,162
2.584923879,1350322,1282
2.587387006,1350500,178
2.587387006,1351766,1266
2.589857313,1351960,194
2.589857313,1353210,1250
2.592320040,1353420,210
2.592320040,1354654,1234
2.594782767,1354880,226
2.594782767,1356098,1218
2.597245494,1356340,242
2.597245494,1357542,1202
2.599708221,1357800,258
2.599708221,1358986,1186
2.602266711,1359260,274
2.602266711,1360430,1170
2.604729438,1360720,290
2.604729438,1361874,1154
2.607192165,1362180,306
2.607192165,1363318,1138
2.609654892,1363640,322
2.609654892,1364762,1122
2.612118019,1365100,338
2.612118019,1366206,1106
2.614684089,1366560,354
2.614684089,1367650,1090
2.617146816,1368020,370
2.617146816,1369094,1074
2.619609543,1369480,386
2.619609543,1370538,1058
2.622072270,1370940,402
2.622072270,1371982,1042
2.624534997,1372400,418
2.624534997,1373426,1026
2.626997724,1373860,434
2.626997724,1374870,1010
2.629460451,1375320,450
2.629460451,1376314,994
2.631923178,1376780,466
2.631923178,1377758,978
2.634385905,1378240,482
2.634385905,1379202,962
2.636952376,1379700,498
2.636952376,1380646,946
2.639415103,1381160,514
2.639415103,1382090,930
2.641877830,1382620,530
2.641877830,1383534,914
2.644340557,1384080,546
2.644340557,1384978,898
2.646803284,1385540,562
2.646803284,1386422,882
2.649361774,1387000,578
2.649361774,1387866,866
2.652765836,1388460,594
2.652765836,1389310,850
2.655138824,1389920,610
2.655138824,1390754,834
2.657453147,1391380,626
2.657453147,1392198,818
2.659767870,1392840,642
2.659767870,1393642,802
2.662179285,1394300,658
2.662179285,1395086,786
2.664493608,1395760,674
2.664493608,1396530,770
2.666807931,1397220,690
2.666807931,1397974,754
2.669122254,1398680,706
2.669122254,1399418,738
2.671436577,1400140,722
2.671436577,1400862,722
2.673750900,1401600,738
2.673750900,1402306,706
2.676065223,1403060,754
2.676065223,1403750,690
2.678379546,1404520,770
2.678379546,1405194,674
2.680784262,1405980,786
2.680784262,1406638,658
2.683105684,1407440,802
2.683105684,1408082,642
2.685420007,1408900,818
2.685420007,1409526,626
2.687734330,1410360,834
2.687734330,1410970,610
2.690048653,1411820,850
2.690048653,1412414,594
2.692452969,1413280,866
2.692452969,1413858,578
2.694767292,1414740,882
2.694767292,1415302,562
2.697081615,1416200,898
2.697081615,1416746,546
2.699395938,1417660,914
2.699395938,1418190,530
2.701710261,1419120,930
2.701710261,1419634,514
2.704024984,1420580,946
2.704024984,1421078,498
2.706346406,1422040,962
2.706346406,1422522,482
2.708660729,1423500,978
2.708660729,1423966,466
2.711065045,1424960,994
2.711065045,1425410,450
2.713379368,1426420,1010
2.713379368,1426854,434
2.715693691,1427880,1026
2.715693691,1428298,418
2.718008014,1429340,1042
2.718008014,1429742,402
2.720322337,1430800,1058
2.720322337,1431186,386
2.722726653,1432260,1074
2.722726653,1432630,370
2.725041376,1433720,1090
2.725041376,1434074,354
2.727362798,1435180,1106
2.727362798,1435518,338
2.729677121,1436640,1122
2.729677121,1436962,322
2.731991444,1438100,1138
2.731991444,1438406,306
2.734305767,1439560,1154
2.734305767,1439850,290
2.736620090,1441020,1170
2.736620090,1441294,274
2.738934413,1442480,1186
2.738934413,1442738,258
2.741338729,1443940,1202
2.741338729,1444182,242
2.743653052,1445400,1218
2.743653052,1445626,226
2.745967375,1446860,1234
2.745967375,1447070,210
2.748282098,1448320,1250
2.748282098,1448514,194
2.750603520,1449780,1266
2.750603520,1449958,178
2.753007836,1451240,1282
2.753007836,1451402,162
2.755067904,1452700,1298
2.755067904,1452846,146
2.757127972,1454160,1314
2.757127972,1454290,130
2.759188040,1455620,1330
2.759188040,1455734,114
2.761248108,1457080,1346
2.761248108,1457178,98
2.763388282,1458540,1362
2.763388282,1458622,82
2.765448350,1460000,1378
2.765448350,1460066,66
2.767508738,1461460,1394
2.767508738,1461510,50
2.769573746,1462920,1410
2.769573746,1462954,34
2.771632479,1464380,1426
2.771632479,1464398,18
2.773691212,1465840,1442
2.773691212,1465842,2
2.775750025,1467294,1452
2.777810093,1467300,6
2.777810093,1468739,1439
2.779950267,1468760,21
2.779950267,1470184,1424
2.782010335,1470220,36
2.782010335,1471629,1409
2.784070403,1471680,51
2.784070403,1473074,1394
2.786130471,1473140,66
2.786130471,1474518,1378
2.788190939,1474600,82
2.788190939,1475962,1362
2.790337388,1476060,98
2.790337388,1477406,1346
2.792397456,1477520,114
2.792397456,1478850,1330
2.794457524,1478980,130
2.794457524,1480294,1314
2.796517592,1480440,146
2.796517592,1481738,1298
2.798577660,1481900,162
2.798577660,1483182,1282
2.800637728,1483360,178
2.800637728,1484626,1266
2.802697796,1484820,194
2.802697796,1486070,1250
2.804757864,1486280,210
2.804757864,1487514,1234
2.806898438,1487740,226
2.806898438,1488958,1218
2.808964781,1489200,242
2.808964781,1490402,1202
2.811024849,1490660,258
2.811024849,1491846,1186
2.813084917,1492120,274
2.813084917,1493290,1170
2.815144985,1493580,290
2.815144985,1494734,1154
2.817285159,1495040,306
2.817285159,1496178,1138
2.819345227,1496500,322
2.819345227,1497622,1122
2.821405295,1497960,338
2.821405295,1499066,1106
2.823465363,1499420,354
2.823465363,1500510,1090
2.825525431,1500880,370
2.825525431,1501954,1074
2.827672280,1502340,386
2.827672280,1503398,1058
2.829732348,1503800,402
2.829732348,1504842,1042
2.831792416,1505260,418
2.831792416,1506286,1026
2.833852484,1506720,434
2.833852484,1507730,1010
2.835912552,1508180,450
2.835912552,1509174,994
2.837972620,1509640,466
2.837972620,1510618,978
2.840032688,1511100,482
2.840032688,1512062,962
2.842092756,1512560,498
2.842092756,1513506,946
2.844232930,1514020,514
2.844232930,1514950,930
2.846293398,1515480,530
2.846293398,1516394,914
2.848359741,1516940,546
2.848359741,1517838,898
2.850419809,1518400,562
2.850419809,1519282,882
2.852476597,1519860,578
2.852476597,1520726,866
2.853863346,1521320,594
2.853863346,1522170,850
2.856157603,1522780,610
2.856157603,1523614,834
2.858451860,1524240,626
2.858451860,1525058,818
2.860746117,1525700,642
2.860746117,1526502,802
2.863040374,1527160,658
2.863040374,1527946,786
2.865334631,1528620,674
2.865334631,1529390,770
2.867629288,1530080,690
2.867629288,1530834,754
2.869930579,1531540,706
2.869930579,1532278,738
2.872314048,1533000,722
2.872314048,1533722,722
2.874608305,1534460,738
2.874608305,1535166,706
2.876902562,1535920,754
2.876902562,1536610,690
2.879196819,1537380,770
2.879196819,1538054,674
2.881491076,1538840,786
2.881491076,1539498,658
2.883874545,1540300,802
2.883874545,1540942,642
2.886168802,1541760,818
2.886168802,1542386,626
2.888463459,1543220,834
2.888463459,1543830,610
2.890764750,1544680,850
2.890764750,1545274,594
2.893059007,1546140,866
2.893059007,1546718,578
2.895353264,1547600,882
2.895353264,1548162,562
2.897647521,1549060,898
2.897647521,1549606,546
2.899941778,1550520,914
2.899941778,1551050,530
2.902325247,1551980,930
2.902325247,1552494,514
2.904619504,1553440,946
2.904619504,1553938,498
2.906913761,1554900,962
2.906913761,1555382,482
2.909208018,1556360,978
2.909208018,1556826,466
2.911502675,1557820,994
2.911502675,1558270,450
2.913893178,1559280,1010
2.913893178,1559714,434
2.916187435,1560740,1026
2.916187435,1561158,418
2.918481692,1562200,1042
2.918481692,1562602,402
2.920775949,1563660,1058
2.920775949,1564046,386
2.923070206,1565120,1074
2.923070206,1565490,370
2.925453675,1566580,1090
2.925453675,1566934,354
2.927747932,1568040,1106
2.927747932,1568378,338
2.930042189,1569500,1122
2.930042189,1569822,322
2.932336846,1570960,1138
2.932336846,1571266,306
2.934638137,1572420,1154
2.934638137,1572710,290
2.936932394,1573880,1170
2.936932394,1574154,274
2.939226651,1575340,1186
2.939226651,1575598,258
2.941520908,1576800,1202
2.941520908,1577042,242
2.943904377,1578260,1218
2.943904377,1578486,226
2.946198634,1579720,1234
2.946198634,1579930,210
2.948492891,1581180,1250
2.948492891,1581374,194
2.950787148,1582640,1266
2.950787148,1582818,178
2.953071325,1584100,1282
2.953071325,1584262,162
2.955451724,1585560,1298
2.955451724,1585706,146
2.957735901,1587020,1314
2.957735901,1587150,130
2.960020078,1588480,1330
2.960020078,1588594,114
2.962304255,1589940,1346
2.962304255,1590038,98
2.964588432,1591400,1362
2.964588432,1591482,82
2.966872609,1592860,1378
2.966872609,1592926,66
2.969156706,1594320,1394
2.969156706,1594370,50
2.971439402,1595780,1410
2.971439402,1595814,34
2.973810918,1597240,1426
2.973810918,1597258,18
2.976094014,1598700,1442
2.976094014,1598702,2
2.978383792,1600154,1452
2.980667969,1600160,6
2.980667969,1601599,1439
2.982952146,1601620,21
2.982952146,1603044,1424
2.985325143,1603080,36
2.985325143,1604489,1409
2.987609320,1604540,51
2.987609320,1605934,1394
2.989893497,1606000,66
2.989893497,1607378,1378
2.992177674,1607460,82
2.992177674,1608822,1362
2.994461851,1608920,98
2.994461851,1610266,1346
2.996746028,1610380,114
2.996746028,1611710,1330
2.999030605,1611840,130
2.999030605,1613154,1314
3.001321784,1613300,146
3.001321784,1614598,1298
3.003694781,1614760,162
3.003694781,1616042,1282
3.005978958,1616220,178
3.005978958,1617486,1266
3.008263135,1617680,194
3.008263135,1618930,1250
3.010547312,1619140,210
3.010547312,1620374,1234
3.012831489,1620600,226
3.012831489,1621818,1218
3.015204486,1622060,242
3.015204486,1623262,1202
3.017488663,1623520,258
3.017488663,1624706,1186
3.019773240,1624980,274
3.019773240,1626150,1170
3.022064419,1626440,290
3.022064419,1627594,1154
3.024348596,1627900,306
3.024348596,1629038,1138
3.026721593,1629360,322
3.026721593,1630482,1122
3.029005770,1630820,338
3.029005770,1631926,1106
3.031289947,1632280,354
3.031289947,1633370,1090
3.033574124,1633740,370
3.033574124,1634814,1074
3.035858301,1635200,386
3.035858301,1636258,1058
3.038142478,1636660,402
3.038142478,1637702,1042
3.040426655,1638120,418
3.040426655,1639146,1026
3.042711232,1639580,434
3.042711232,1640590,1010
3.045091231,1641040,450
3.045091231,1642034,994
3.047375408,1642500,466
3.047375408,1643478,978
3.049659585,1643960,482
3.049659585,1644922,962
3.052884023,1645420,498
3.052884023,1646366,946
3.055217662,1646880,514
3.055217662,1647810,930
3.057579983,1648340,530
3.057579983,1649254,914
3.059853883,1649800,546
3.059853883,1650698,898
3.062127783,1651260,562
3.062127783,1652142,882
3.064402083,1652720,578
3.064402083,1653586,866
3.066682951,1654180,594
3.066682951,1655030,850
3.068956851,1655640,610
3.068956851,1656474,834
3.071230751,1657100,626
3.071230751,1657918,818
3.073504651,1658560,642
3.073504651,1659362,802
3.075778551,1660020,658
3.075778551,1660806,786
3.078140872,1661480,674
3.078140872,1662250,770
3.080414772,1662940,690
3.080414772,1663694,754
3.082688672,1664400,706
3.082688672,1665138,738
3.084962572,1665860,722
3.084962572,1666582,722
3.087236872,1667320,738
3.087236872,1668026,706
3.089606161,1668780,754
3.089606161,1669470,690
3.091880061,1670240,770
3.091880061,1670914,674
3.094153961,1671700,786
3.094153961,1672358,658
3.096427861,1673160,802
3.096427861,1673802,642
3.098701761,1674620,818
3.098701761,1675246,626
3.100975661,1676080,834
3.100975661,1676690,610
3.103249561,1677540,850
3.103249561,1678134,594
3.105523461,1679000,866
3.105523461,1679578,578
3.107886182,1680460,882
3.107886182,1681022,562
3.110167050,1681920,898
3.110167050,1682466,546
3.112440950,1683380,914
3.112440950,1683910,530
3.114714850,1684840,930
3.114714850,1685354,514
3.116988750,1686300,946
3.116988750,1686798,498
3.119351071,1687760,962
3.119351071,1688242,482
3.121624971,1689220,978
3.121624971,1689686,466
3.123898871,1690680,994
3.123898871,1691130,450
3.126172771,1692140,1010
3.126172771,1692574,434
3.128446671,1693600,1026
3.128446671,1694018,418
3.130816360,1695060,1042
3.130816360,1695462,402
3.133090260,1696520,1058
3.133090260,1696906,386
3.135364160,1697980,1074
3.135364160,1698350,370
3.137638060,1699440,1090
3.137638060,1699794,354
3.139911960,1700900,1106
3.139911960,1701238,338
3.142185860,1702360,1122
3.142185860,1702682,322
3.144459760,1703820,1138
3.144459760,1704126,306
3.146733660,1705280,1154
3.146733660,1705570,290
3.149095981,1706740,1170
3.149095981,1707014,274
3.151370281,1708200,1186
3.151370281,1708458,258
3.153505870,1709660,1202
3.153505870,1709902,242
3.155634960,1711120,1218
3.155634960,1711346,226
3.157764050,1712580,1234
3.157764050,1712790,210
3.159975930,1714040,1250
3.159975930,1714234,194
3.162105020,1715500,1266
3.162105020,1715678,178
3.164234110,1716960,1282
3.164234110,1717122,162
3.166363200,1718420,1298
3.166363200,1718566,146
3.168492290,1719880,1314
3.168492290,1720010,130
3.170621380,1721340,1330
3.170621380,1721454,114
3.172750870,1722800,1346
3.172750870,1722898,98
3.174886459,1724260,1362
3.174886459,1724342,82
3.177098339,1725720,1378
3.177098339,1725786,66
3.179227349,1727180,1394
3.179227349,1727230,50
3.181355059,1728640,1410
3.181355059,1728674,34
3.183482769,1730100,1426
3.183482769,1730118,18
3.185610479,1731560,1442
3.185610479,1731562,2
3.187821059,1733014,1452
3.189950149,1733020,6
3.189950149,1734459,1439
3.192079639,1734480,21
3.192079639,1735904,1424
3.194215228,1735940,36
3.194215228,1737349,1409
3.196344318,1737400,51
3.196344318,1738794,1394
3.198473408,1738860,66
3.198473408,1740238,1378
3.200602498,1740320,82
3.200602498,1741682,1362
3.202731588,1741780,98
3.202731588,1743126,1346
3.204943468,1743240,114
3.204943468,1744570,1330
3.207072558,1744700,130
3.207072558,1746014,1314
3.209201648,1746160,146
3.209201648,1747458,1298
3.211330738,1747620,162
3.211330738,1748902,1282
3.213460228,1749080,178
3.213460228,1750346,1266
3.215678607,1750540,194
3.215678607,1751790,1250
3.217807697,1752000,210
3.217807697,1753234,1234
3.219936787,1753460,226
3.219936787,1754678,1218
3.222065877,1754920,242
3.222065877,1756122,1202
3.224194967,1756380,258
3.224194967,1757566,1186
3.226406847,1757840,274
3.226406847,1759010,1170
3.228535937,1759300,290
3.228535937,1760454,1154
3.230665027,1760760,306
3.230665027,1761898,1138
3.232794517,1762220,322
3.232794517,1763342,1122
3.234930106,1763680,338
3.234930106,1764786,1106
3.237059196,1765140,354
3.237059196,1766230,1090
3.239188286,1766600,370
3.239188286,1767674,1074
3.241317376,1768060,386
3.241317376,1769118,1058
3.243529256,1769520,402
3.243529256,1770562,1042
3.245658346,1770980,418
3.245658346,1772006,1026
3.247787436,1772440,434
3.247787436,1773450,1010
3.249916526,1773900,450
3.249916526,1774894,994
3.252045616,1775360,466
3.252045616,1776338,978
3.254349766,1776820,482
3.254349766,1777782,962
3.256560776,1778280,498
3.256560776,1779226,946
3.258771786,1779740,514
3.258771786,1780670,930
3.260982796,1781200,530
3.260982796,1782114,914
3.263193806,1782660,546
3.263193806,1783558,898
3.265404816,1784120,562
3.265404816,1785002,882
3.267615826,1785580,578
3.267615826,1786446,866
3.269826836,1787040,594
3.269826836,1787890,850
3.272123821,1788500,610
3.272123821,1789334,834
3.274335231,1789960,626
3.274335231,1790778,818
3.276553005,1791420,642
3.276553005,1792222,802
3.278764015,1792880,658
3.278764015,1793666,786
3.280975025,1794340,674
3.280975025,1795110,770
3.283272010,1795800,690
3.283272010,1796554,754
3.285483020,1797260,706
3.285483020,1797998,738
3.287694030,1798720,722
3.287694030,1799442,722
3.289905040,1800180,738
3.289905040,1800886,706
3.292116050,1801640,754
3.292116050,1802330,690
3.294413435,1803100,770
3.294413435,1803774,674
3.296631209,1804560,786
3.296631209,1805218,658
3.298842219,1806020,802
3.298842219,1806662,642
3.301053229,1807480,818
3.301053229,1808106,626
3.303264239,1808940,834
3.303264239,1809550,610
3.305475249,1810400,850
3.305475249,1810994,594
3.307686259,1811860,866
3.307686259,1812438,578
3.309897269,1813320,882
3.309897269,1813882,562
3.312194254,1814780,898
3.312194254,1815326,546
3.314405264,1816240,914
3.314405264,1816770,530
3.316616674,1817700,930
3.316616674,1818214,514
3.318834448,1819160,946
3.318834448,1819658,498
3.321045458,1820620,962
3.321045458,1821102,482
3.323342443,1822080,978
3.323342443,1822546,466
3.325553453,1823540,994
3.325553453,1823990,450
3.327764463,1825000,1010
3.327764463,1825434,434
3.329975473,1826460,1026
3.329975473,1826878,418
3.332186483,1827920,1042
3.332186483,1828322,402
3.334397493,1829380,1058
3.334397493,1829766,386
3.336608503,1830840,1074
3.336608503,1831210,370
3.338819913,1832300,1090
3.338819913,1832654,354
3.341123662,1833760,1106
3.341123662,1834098,338
3.343334672,1835220,1122
3.343334672,1835542,322
3.345545682,1836680,1138
3.345545682,1836986,306
3.347756692,1838140,1154
3.347756692,1838430,290
3.349967702,1839600,1170
3.349967702,1839874,274
3.352261407,1841060,1186
3.352261407,1841318,258
3.353623059,1842520,1202
3.353623059,1842762,242
3.355981431,1843980,1218
3.355981431,1844206,226
3.358340203,1845440,1234
3.358340203,1845650,210
3.360705817,1846900,1250
3.360705817,1847094,194
3.363064189,1848360,1266
3.363064189,1848538,178
3.365422561,1849820,1282
3.365422561,1849982,162
3.367780933,1851280,1298
3.367780933,1851426,146
3.370231011,1852740,1314
3.370231011,1852870,130
3.372589383,1854200,1330
3.372589383,1854314,114
3.374947755,1855660,1346
3.374947755,1855758,98
3.377306127,1857120,1362
3.377306127,1857202,82
3.379664499,1858580,1378
3.379664499,1858646,66
3.382122139,1860040,1394
3.382122139,1860090,50
3.384478983,1861500,1410
3.384478983,1861534,34
3.386835827,1862960,1426
3.386835827,1862978,18
3.389192671,1864420,1442
3.389192671,1864422,2
3.391549595,1865874,1452
3.393999673,1865880,6
3.393999673,1867319,1439
3.396358045,1867340,21
3.396358045,1868764,1424
3.398716417,1868800,36
3.398716417,1870209,1409
3.401074789,1870260,51
3.401074789,1871654,1394
3.403433561,1871720,66
3.403433561,1873098,1378
3.405799175,1873180,82
3.405799175,1874542,1362
3.408157547,1874640,98
3.408157547,1875986,1346
3.410515919,1876100,114
3.410515919,1877430,1330
3.412965997,1877560,130
3.412965997,1878874,1314
3.415324369,1879020,146
3.415324369,1880318,1298
3.417682741,1880480,162
3.417682741,1881762,1282
3.420041113,1881940,178
3.420041113,1883206,1266
3.422399485,1883400,194
3.422399485,1884650,1250
3.424849963,1884860,210
3.424849963,1886094,1234
3.427215577,1886320,226
3.427215577,1887538,1218
3.429573949,1887780,242
3.429573949,1888982,1202
3.431932321,1889240,258
3.431932321,1890426,1186
3.434290693,1890700,274
3.434290693,1891870,1170
3.436649065,1892160,290
3.436649065,1893314,1154
3.439007437,1893620,306
3.439007437,1894758,1138
3.441365809,1895080,322
3.441365809,1896202,1122
3.443815887,1896540,338
3.443815887,1897646,1106
3.446174259,1898000,354
3.446174259,1899090,1090
3.448533031,1899460,370
3.448533031,1900534,1074
3.454835297,1900920,386
3.454835297,1901978,1058
3.457036729,1902380,402
3.457036729,1903422,1042
3.459257953,1903840,418
3.459257953,1904866,1026
3.461396037,1905300,434
3.461396037,1906310,1010
3.463534121,1906760,450
3.463534121,1907754,994
3.465672205,1908220,466
3.465672205,1909198,978
3.467810289,1909680,482
3.467810289,1910642,962
3.469948373,1911140,498
3.469948373,1912086,946
3.472086457,1912600,514
3.472086457,1913530,930
3.474224941,1914060,530
3.474224941,1914974,914
3.476452693,1915520,546
3.476452693,1916418,898
3.478590777,1916980,562
3.478590777,1917862,882
3.480728861,1918440,578
3.480728861,1919306,866
3.482866945,1919900,594
3.482866945,1920750,850
3.485005029,1921360,610
3.485005029,1922194,834
3.487226253,1922820,626
3.487226253,1923638,818
3.489364337,1924280,642
3.489364337,1925082,802
3.491502421,1925740,658
3.491502421,1926526,786
3.493640905,1927200,674
3.493640905,1927970,770
3.495785517,1928660,690
3.495785517,1929414,754
3.498006741,1930120,706
3.498006741,1930858,738
3.500144825,1931580,722
3.500144825,1932302,722
3.502282909,1933040,738
3.502282909,1933746,706
3.504420993,1934500,754
3.504420993,1935190,690
3.506559077,1935960,770
3.506559077,1936634,674
3.508697161,1937420,786
3.508697161,1938078,658
3.510835245,1938880,802
3.510835245,1939522,642
3.512973329,1940340,818
3.512973329,1940966,626
3.515111813,1941800,834
3.515111813,1942410,610
3.517339565,1943260,850
3.517339565,1943854,594
3.519477649,1944720,866
3.519477649,1945298,578
3.521615733,1946180,882
3.521615733,1946742,562
3.523753817,1947640,898
3.523753817,1948186,546
3.525891901,1949100,914
3.525891901,1949630,530
3.528113125,1950560,930
3.528113125,1951074,514
3.530251209,1952020,946
3.530251209,1952518,498
3.532389293,1953480,962
3.532389293,1953962,482
3.534527777,1954940,978
3.534527777,1955406,466
3.536672389,1956400,994
3.536672389,1956850,450
3.538810473,1957860,1010
3.538810473,1958294,434
3.540948557,1959320,1026
3.540948557,1959738,418
3.543086641,1960780,1042
3.543086641,1961182,402
3.545307865,1962240,1058
3.545307865,1962626,386
3.547445949,1963700,1074
3.547445949,1964070,370
3.549584033,1965160,1090
3.549584033,1965514,354
3.551722117,1966620,1106
3.551722117,1966958,338
3.553860201,1968080,1122
3.553860201,1968402,322
3.556088353,1969540,1138
3.556088353,1969846,306
3.558424459,1971000,1154
3.558424459,1971290,290
3.560760565,1972460,1170
3.560760565,1972734,274
3.563096671,1973920,1186
3.563096671,1974178,258
3.565432777,1975380,1202
3.565432777,1975622,242
3.567768883,1976840,1218
3.567768883,1977066,226
3.570104989,1978300,1234
3.570104989,1978510,210
3.572441095,1979760,1250
3.572441095,1979954,194
3.574868041,1981220,1266
3.574868041,1981398,178
3.577204547,1982680,1282
3.577204547,1982842,162
3.579547823,1984140,1298
3.579547823,1984286,146
3.581883929,1985600,1314
3.581883929,1985730,130
3.584220035,1987060,1330
3.584220035,1987174,114
3.586646981,1988520,1346
3.586646981,1988618,98
3.588983087,1989980,1362
3.588983087,1990062,82
3.591319193,1991440,1378
3.591319193,1991506,66
3.593655219,1992900,1394
3.593655219,1992950,50
3.595989811,1994360,1410
3.595989811,1994394,34
3.598415643,1995820,1426
3.598415643,1995838,18
3.600757405,1997280,1442
3.600757405,1997282,2
3.603092077,1998734,1452
3.605428183,1998740,6
3.605428183,2000179,1439
3.607764289,2000200,21
3.607764289,2001624,1424
3.610100395,2001660,36
3.610100395,2003069,1409
3.612436501,2003120,51
3.612436501,2004514,1394
3.614772607,2004580,66
3.614772607,2005958,1378
3.617199553,2006040,82
3.617199553,2007402,1362
3.619535659,2007500,98
3.619535659,2008846,1346
3.621872165,2008960,114
3.621872165,2010290,1330
3.624215441,2010420,130
3.624215441,2011734,1314
3.626551547,2011880,146
3.626551547,2013178,1298
3.628978493,2013340,162
3.628978493,2014622,1282
3.631314599,2014800,178
3.631314599,2016066,1266
3.633650705,2016260,194
3.633650705,2017510,1250
3.635986811,2017720,210
3.635986811,2018954,1234
3.638322917,2019180,226
3.638322917,2020398,1218
3.640659023,2020640,242
3.640659023,2021842,1202
3.642995129,2022100,258
3.642995129,2023286,1186
3.645331635,2023560,274
3.645331635,2024730,1170
3.647765751,2025020,290
3.647765751,2026174,1154
3.650101857,2026480,306
3.650101857,2027618,1138
3.652437963,2027940,322
3.652437963,2029062,1122
3.654770789,2029400,338
3.654770789,2031950,2550
3.655122002,2032320,370
3.655122002,2033394,1074
3.657254507,2033780,386
3.657254507,2034838,1058
3.659387012,2035240,402
3.659387012,2036282,1042
3.661519917,2036700,418
3.661519917,2037726,1026
3.663658932,2038160,434
3.663658932,2039170,1010
3.665874360,2039620,450
3.665874360,2040614,994
3.668006865,2041080,466
3.668006865,2042058,978
3.670139370,2042540,482
3.670139370,2043502,962
3.672271875,2044000,498
3.672271875,2044946,946
3.674404380,2045460,514
3.674404380,2046390,930
3.676536885,2046920,530
3.676536885,2047834,914
3.678669390,2048380,546
3.678669390,2049278,898
3.680801895,2049840,562
3.680801895,2050722,882
3.683024233,2051300,578
3.683024233,2052166,866
3.685156738,2052760,594
3.685156738,2053610,850
3.687289243,2054220,610
3.687289243,2055054,834
3.689421748,2055680,626
3.689421748,2056498,818
3.691554253,2057140,642
3.691554253,2057942,802
3.693769681,2058600,658
3.693769681,2059386,786
3.695902186,2060060,674
3.695902186,2060830,770
3.698034691,2061520,690
3.698034691,2062274,754
3.700167196,2062980,706
3.700167196,2063718,738
3.702300101,2064440,722
3.702300101,2065162,722
3.704439116,2065900,738
3.704439116,2066606,706
3.706571621,2067360,754
3.706571621,2068050,690
3.708704126,2068820,770
3.708704126,2069494,674
3.710919554,2070280,786
3.710919554,2070938,658
3.713052059,2071740,802
3.713052059,2072382,642
3.715184564,2073200,818
3.715184564,2073826,626
3.717317069,2074660,834
3.717317069,2075270,610
3.719449574,2076120,850
3.719449574,2076714,594
3.721665402,2077580,866
3.721665402,2078158,578
3.723804417,2079040,882
3.723804417,2079602,562
3.725936922,2080500,898
3.725936922,2081046,546
3.728069427,2081960,914
3.728069427,2082490,530
3.730201932,2083420,930
3.730201932,2083934,514
3.732334437,2084880,946
3.732334437,2085378,498
3.734466942,2086340,962
3.734466942,2086822,482
3.736599447,2087800,978
3.736599447,2088266,466
3.738814875,2089260,994
3.738814875,2089710,450
3.740947380,2090720,1010
3.740947380,2091154,434
3.743080285,2092180,1026
3.743080285,2092598,418
3.745219300,2093640,1042
3.745219300,2094042,402
3.747351805,2095100,1058
3.747351805,2095486,386
3.749567233,2096560,1074
3.749567233,2096930,370
3.753635189,2098020,1090
3.753635189,2098374,354
3.755792637,2099480,1106
3.755792637,2099818,338
3.757885536,2100940,1122
3.757885536,2101262,322
3.759978435,2102400,1138
3.759978435,2102706,306
3.762152717,2103860,1154
3.762152717,2104150,290
3.764246016,2105320,1170
3.764246016,2105594,274
3.766345297,2106780,1186
3.766345297,2107038,258
3.768438196,2108240,1202
3.768438196,2108482,242
3.770531095,2109700,1218
3.770531095,2109926,226
3.772623994,2111160,1234
3.772623994,2111370,210
3.774716893,2112620,1250
3.774716893,2112814,194
3.776809792,2114080,1266
3.776809792,2114258,178
3.778984074,2115540,1282
3.778984074,2115702,162
3.781076973,2117000,1298
3.781076973,2117146,146
3.783169872,2118460,1314
3.783169872,2118590,130
3.785263171,2119920,1330
3.785263171,2120034,114
3.787362452,2121380,1346
3.787362452,2121478,98
3.789536734,2122840,1362
3.789536734,2122922,82
3.791629633,2124300,1378
3.791629633,2124366,66
3.793722452,2125760,1394
3.793722452,2125810,50
3.795813995,2127220,1410
3.795813995,2127254,34
3.797905538,2128680,1426
3.797905538,2128698,18
3.799997081,2130140,1442
3.799997081,2130142,2
3.802088704,2131594,1452
3.804181603,2131600,6
3.804181603,2133039,1439
3.806362666,2133060,21
3.806362666,2134484,1424
3.808455565,2134520,36
3.808455565,2135929,1409
3.810548464,2135980,51
3.810548464,2137374,1394
3.812641363,2137440,66
3.812641363,2138818,1378
3.814734262,2138900,82
3.814734262,2140262,1362
3.816908544,2140360,98
3.816908544,2141706,1346
3.819001443,2141820,114
3.819001443,2143150,1330
3.821094342,2143280,130
3.821094342,2144594,1314
3.823187241,2144740,146
3.823187241,2146038,1298
3.825280540,2146200,162
3.825280540,2147482,1282
3.827379821,2147660,178
3.827379821,2148926,1266
3.829472720,2149120,194
3.829472720,2150370,1250
3.831565619,2150580,210
3.831565619,2151814,1234
3.833739901,2152040,226
3.833739901,2153258,1218
3.835832800,2153500,242
3.835832800,2154702,1202
3.837925699,2154960,258
3.837925699,2156146,1186
3.840018598,2156420,274
3.840018598,2157590,1170
3.842111497,2157880,290
3.842111497,2159034,1154
3.844286179,2159340,306
3.844286179,2160478,1138
3.846385460,2160800,322
3.846385460,2161922,1122
3.848478359,2162260,338
3.848478359,2163366,1106
3.850571258,2163720,354
3.850571258,2164810,1090
3.854602027,2165180,370
3.854602027,2166254,1074
3.856848074,2166640,386
3.856848074,2167698,1058
3.859031991,2168100,402
3.859031991,2169142,1042
3.861215908,2169560,418
3.861215908,2170586,1026
3.863484747,2171020,434
3.863484747,2172030,1010
3.865668664,2172480,450
3.865668664,2173474,994
3.867852981,2173940,466
3.867852981,2174918,978
3.870043575,2175400,482
3.870043575,2176362,962
3.872227492,2176860,498
3.872227492,2177806,946
3.874496331,2178320,514
3.874496331,2179250,930
3.876680248,2179780,530
3.876680248,2180694,914
3.878864165,2181240,546
3.878864165,2182138,898
3.881048082,2182700,562
3.881048082,2183582,882
3.883231999,2184160,578
3.883231999,2185026,866
3.885500838,2185620,594
3.885500838,2186470,850
3.887685155,2187080,610
3.887685155,2187914,834
3.889875749,2188540,626
3.889875749,2189358,818
3.892059666,2190000,642
3.892059666,2190802,802
3.894243583,2191460,658
3.894243583,2192246,786
3.896427500,2192920,674
3.896427500,2193690,770
3.898611417,2194380,690
3.898611417,2195134,754
3.900795334,2195840,706
3.900795334,2196578,738
3.903064173,2197300,722
3.903064173,2198022,722
3.905248090,2198760,738
3.905248090,2199466,706
3.907432007,2200220,754
3.907432007,2200910,690
3.909616324,2201680,770
3.909616324,2202354,674
3.911806918,2203140,786
3.911806918,2203798,658
3.914075757,2204600,802
3.914075757,2205242,642
3.916259674,2206060,818
3.916259674,2206686,626
3.918443591,2207520,834
3.918443591,2208130,610
3.920627508,2208980,850
3.920627508,2209574,594
3.922811425,2210440,866
3.922811425,2211018,578
3.924995342,2211900,882
3.924995342,2212462,562
3.927179259,2213360,898
3.927179259,2213906,546
3.929363176,2214820,914
3.929363176,2215350,530
3.931639092,2216280,930
3.931639092,2216794,514
3.933823009,2217740,946
3.933823009,2218238,498
3.936006926,2219200,962
3.936006926,2219682,482
3.938190843,2220660,978
3.938190843,2221126,466
3.940374760,2222120,994
3.940374760,2222570,450
3.942643599,2223580,1010
3.942643599,2224014,434
3.944827516,2225040,1026
3.944827516,2225458,418
3.947011433,2226500,1042
3.947011433,2226902,402
3.949195350,2227960,1058
3.949195350,2228346,386
3.951379667,2229420,1074
3.951379667,2229790,370
3.953655183,2230880,1090
3.953655183,2231234,354
3.955835820,2232340,1106
3.955835820,2232678,338
3.956912148,2233800,1122
3.956912148,2234122,322
3.958985196,2235260,1138
3.958985196,2235566,306
3.961058244,2236720,1154
3.961058244,2237010,290
3.963131292,2238180,1170
3.963131292,2238454,274
3.965204340,2239640,1186
3.965204340,2239898,258
3.967277388,2241100,1202
3.967277388,2241342,242
3.969350436,2242560,1218
3.969350436,2242786,226
3.971510812,2244020,1234
3.971510812,2244230,210
3.973583860,2245480,1250
3.973583860,2245674,194
3.975656908,2246940,1266
3.975656908,2247118,178
3.977729956,2248400,1282
3.977729956,2248562,162
3.979803004,2249860,1298
3.979803004,2250006,146
3.981956663,2251320,1314
3.981956663,2251450,130
3.984029711,2252780,1330
3.984029711,2252894,114
3.986102759,2254240,1346
3.986102759,2254338,98
3.988175807,2255700,1362
3.988175807,2255782,82
3.990249255,2257160,1378
3.990249255,2257226,66
3.992328540,2258620,1394
3.992328540,2258670,50
3.994400244,2260080,1410
3.994400244,2260114,34
3.996471948,2261540,1426
3.996471948,2261558,18
3.998624263,2263000,1442
3.998624263,2263002,2
4.000696047,2264454,1452
4.002769095,2264460,6
4.002769095,2265899,1439
4.004842143,2265920,21
4.004842143,2267344,1424
4.006915191,2267380,36
4.006915191,2268789,1409
4.009069250,2268840,51
4.009069250,2270234,1394
4.011148615,2270300,66
4.011148615,2271678,1378
4.013221663,2271760,82
4.013221663,2273122,1362
4.015294711,2273220,98
4.015294711,2274566,1346
4.017367759,2274680,114
4.017367759,2276010,1330
4.019440807,2276140,130
4.019440807,2277454,1314
4.021513855,2277600,146
4.021513855,2278898,1298
4.023586903,2279060,162
4.023586903,2280342,1282
4.025740562,2280520,178
4.025740562,2281786,1266
4.027813610,2281980,194
4.027813610,2283230,1250
4.029887058,2283440,210
4.029887058,2284674,1234
4.031966423,2284900,226
4.031966423,2286118,1218
4.034039471,2286360,242
4.034039471,2287562,1202
4.036193130,2287820,258
4.036193130,2289006,1186
4.038266178,2289280,274
4.038266178,2290450,1170
4.040339226,2290740,290
4.040339226,2291894,1154
4.042412274,2292200,306
4.042412274,2293338,1138
4.044485322,2293660,322
4.044485322,2294782,1122
4.046638981,2295120,338
4.046638981,2296226,1106
4.048712429,2296580,354
4.048712429,2297670,1090
4.050791794,2298040,370
4.050791794,2299114,1074
4.052864842,2299500,386
4.052864842,2300558,1058
4.054934610,2300960,402
4.054934610,2302002,1042
4.056288892,2302420,418
4.056288892,2303446,1026
4.058639894,2303880,434
4.058639894,2304890,1010
4.060990896,2305340,450
4.060990896,2306334,994
4.063433317,2306800,466
4.063433317,2307778,978
4.065784319,2308260,482
4.065784319,2309222,962
4.068135321,2309720,498
4.068135321,2310666,946
4.070486723,2311180,514
4.070486723,2312110,930
4.072844944,2312640,530
4.072844944,2313554,914
4.075287365,2314100,546
4.075287365,2314998,898
4.077638367,2315560,562
4.077638367,2316442,882
4.079989369,2317020,578
4.079989369,2317886,866
4.082340371,2318480,594
4.082340371,2319330,850
4.084691373,2319940,610
4.084691373,2320774,834
4.087042375,2321400,626
4.087042375,2322218,818
4.089393377,2322860,642
4.089393377,2323662,802
4.091744379,2324320,658
4.091744379,2325106,786
4.094194418,2325780,674
4.094194418,2326550,770
4.096545420,2327240,690
4.096545420,2327994,754
4.098896422,2328700,706
4.098896422,2329438,738
4.101247424,2330160,722
4.101247424,2330882,722
4.103598426,2331620,738
4.103598426,2332326,706
4.106040847,2333080,754
4.106040847,2333770,690
4.108391849,2334540,770
4.108391849,2335214,674
4.110742851,2336000,786
4.110742851,2336658,658
4.113093853,2337460,802
4.113093853,2338102,642
4.115445255,2338920,818
4.115445255,2339546,626
4.117803476,2340380,834
4.117803476,2340990,610
4.120154478,2341840,850
4.120154478,2342434,594
4.122505480,2343300,866
4.122505480,2343878,578
4.124947901,2344760,882
4.124947901,2345322,562
4.127298903,2346220,898
4.127298903,2346766,546
4.129649905,2347680,914
4.129649905,2348210,530
4.132000907,2349140,930
4.132000907,2349654,514
4.134351909,2350600,946
4.134351909,2351098,498
4.136702911,2352060,962
4.136702911,2352542,482
4.139152950,2353520,978
4.139152950,2353986,466
4.141503952,2354980,994
4.141503952,2355430,450
4.143854954,2356440,1010
4.143854954,2356874,434
4.146205956,2357900,1026
4.146205956,2358318,418
4.148556958,2359360,1042
4.148556958,2359762,402
4.150999379,2360820,1058
4.150999379,2361206,386
4.154291641,2362280,1074
4.154291641,2362650,370
4.156661887,2363740,1090
4.156661887,2364094,354
4.158973393,2365200,1106
4.158973393,2365538,338
4.161285299,2366660,1122
4.161285299,2366982,322
4.163603895,2368120,1138
4.163603895,2368426,306
4.165915401,2369580,1154
4.165915401,2369870,290
4.168226907,2371040,1170
4.168226907,2371314,274
4.170628296,2372500,1186
4.170628296,2372758,258
4.172939802,2373960,1202
4.172939802,2374202,242
4.175251308,2375420,1218
4.175251308,2375646,226
4.177562814,2376880,1234
4.177562814,2377090,210
4.179874320,2378340,1250
4.179874320,2378534,194
4.182276109,2379800,1266
4.182276109,2379978,178
4.184594705,2381260,1282
4.184594705,2381422,162
4.186906211,2382720,1298
4.186906211,2382866,146
4.189217717,2384180,1314
4.189217717,2384310,130
4.191529223,2385640,1330
4.191529223,2385754,114
4.193840729,2387100,1346
4.193840729,2387198,98
4.196152235,2388560,1362
4.196152235,2388642,82
4.198463741,2390020,1378
4.198463741,2390086,66
4.200865050,2391480,1394
4.200865050,2391530,50
4.203175058,2392940,1410
4.203175058,2392974,34
4.205485466,2394400,1426
4.205485466,2394418,18
4.207802564,2395860,1442
4.207802564,2395862,2
4.210112652,2397314,1452
4.212514041,2397320,6
4.212514041,2398759,1439
4.214825547,2398780,21
4.214825547,2400204,1424
4.217137053,2400240,36
4.217137053,2401649,1409
4.219448559,2401700,51
4.219448559,2403094,1394
4.221760065,2403160,66
4.221760065,2404538,1378
4.224071571,2404620,82
4.224071571,2405982,1362
4.226383077,2406080,98
4.226383077,2407426,1346
4.228791956,2407540,114
4.228791956,2408870,1330
4.231103462,2409000,130
4.231103462,2410314,1314
4.233414968,2410460,146
4.233414968,2411758,1298
4.235726474,2411920,162
4.235726474,2413202,1282
4.238037980,2413380,178
4.238037980,2414646,1266
4.240349486,2414840,194
4.240349486,2416090,1250
4.242750875,2416300,210
4.242750875,2417534,1234
4.245062381,2417760,226
4.245062381,2418978,1218
4.247373887,2419220,242
4.247373887,2420422,1202
4.249685793,2420680,258
4.249685793,2421866,1186
4.252004389,2422140,274
4.252004389,2423310,1170
4.254405778,2423600,290
4.254405778,2424754,1154
4.256532663,2425060,306
4.256532663,2426198,1138
4.258659548,2426520,322
4.258659548,2427642,1122
4.260786433,2427980,338
4.260786433,2429086,1106
4.262913318,2429440,354
4.262913318,2430530,1090
4.265040203,2430900,370
4.265040203,2431974,1074
4.267167088,2432360,386
4.267167088,2433418,1058
4.269293973,2433820,402
4.269293973,2434862,1042
4.271510454,2435280,418
4.271510454,2436306,1026
4.273637339,2436740,434
4.273637339,2437750,1010
4.275764224,2438200,450
4.275764224,2439194,994
4.277891109,2439660,466
4.277891109,2440638,978
4.280017994,2441120,482
4.280017994,2442082,962
4.282227583,2442580,498
4.282227583,2443526,946
4.284354468,2444040,514
4.284354468,2444970,930
4.286481353,2445500,530
4.286481353,2446414,914
4.288608238,2446960,546
4.288608238,2447858,898
4.290735523,2448420,562
4.290735523,2449302,882
4.292868900,2449880,578
4.292868900,2450746,866
4.294995785,2451340,594
4.294995785,2452190,850
4.297122670,2452800,610
4.297122670,2453634,834
4.299332259,2454260,626
4.299332259,2455078,818
4.301459144,2455720,642
4.301459144,2456522,802
4.303586029,2457180,658
4.303586029,2457966,786
4.305712914,2458640,674
4.305712914,2459410,770
4.307839799,2460100,690
4.307839799,2460854,754
4.310049788,2461560,706
4.310049788,2462298,738
4.312183165,2463020,722
4.312183165,2463742,722
4.314310050,2464480,738
4.314310050,2465186,706
4.316436935,2465940,754
4.316436935,2466630,690
4.318563820,2467400,770
4.318563820,2468074,674
4.320773409,2468860,786
4.320773409,2469518,658
4.322900294,2470320,802
4.322900294,2470962,642
4.325027179,2471780,818
4.325027179,2472406,626
4.327154064,2473240,834
4.327154064,2473850,610
4.329280949,2474700,850
4.329280949,2475294,594
4.331408234,2476160,866
4.331408234,2476738,578
4.333541611,2477620,882
4.333541611,2478182,562
4.335668496,2479080,898
4.335668496,2479626,546
4.337878085,2480540,914
4.337878085,2481070,530
4.340004970,2482000,930
4.340004970,2482514,514
4.342131855,2483460,946
4.342131855,2483958,498
4.344258740,2484920,962
4.344258740,2485402,482
4.346385625,2486380,978
4.346385625,2486846,466
4.348595214,2487840,994
4.348595214,2488290,450
4.350722499,2489300,1010
4.350722499,2489734,434
4.352855876,2490760,1026
4.352855876,2491178,418
4.354979481,2492220,1042
4.354979481,2492622,402
4.355369987,2493680,1058
4.355369987,2494066,386
4.357757213,2495140,1074
4.357757213,2495510,370
4.360144439,2496600,1090
4.360144439,2496954,354
4.362531665,2498060,1106
4.362531665,2498398,338
4.365011718,2499520,1122
4.365011718,2499842,322
4.367398944,2500980,1138
4.367398944,2501286,306
4.369786170,2502440,1154
4.369786170,2502730,290
4.372173796,2503900,1170
4.372173796,2504174,274
4.374568358,2505360,1186
4.374568358,2505618,258
4.377048411,2506820,1202
4.377048411,2507062,242
4.379435637,2508280,1218
4.379435637,2508506,226
4.381822863,2509740,1234
4.381822863,2509950,210
4.384210089,2511200,1250
4.384210089,2511394,194
4.386597315,2512660,1266
4.386597315,2512838,178
4.388984541,2514120,1282
4.388984541,2514282,162
4.391371767,2515580,1298
4.391371767,2515726,146
4.393758993,2517040,1314
4.393758993,2517170,130
4.396246782,2518500,1330
4.396246782,2518614,114
4.398634008,2519960,1346
4.398634008,2520058,98
4.401021234,2521420,1362
4.401021234,2521502,82
4.403408460,2522880,1378
4.403408460,2522946,66
4.405795606,2524340,1394
4.405795606,2524390,50
4.408274112,2525800,1410
4.408274112,2525834,34
4.410659791,2527260,1426
4.410659791,2527278,18
4.413045470,2528720,1442
4.413045470,2528722,2
4.415431229,2530174,1452
4.417818855,2530180,6
4.417818855,2531619,1439
4.420213417,2531640,21
4.420213417,2533064,1424
4.422693470,2533100,36
4.422693470,2534509,1409
4.425080696,2534560,51
4.425080696,2535954,1394
4.427467922,2536020,66
4.427467922,2537398,1378
4.429855148,2537480,82
4.429855148,2538842,1362
4.432242374,2538940,98
4.432242374,2540286,1346
4.434629600,2540400,114
4.434629600,2541730,1330
4.437016826,2541860,130
4.437016826,2543174,1314
4.439404052,2543320,146
4.439404052,2544618,1298
4.441891841,2544780,162
4.441891841,2546062,1282
4.444279067,2546240,178
4.444279067,2547506,1266
4.446666293,2547700,194
4.446666293,2548950,1250
4.449053519,2549160,210
4.449053519,2550394,1234
4.451437465,2550620,226
4.451437465,2551838,1218
4.452707625,2552080,242
4.452707625,2553282,1202
4.454889657,2553540,258
4.454889657,2554726,1186
4.457071689,2555000,274
4.457071689,2556170,1170
4.459253721,2556460,290
4.459253721,2557614,1154
4.461436153,2557920,306
4.461436153,2559058,1138
4.463624855,2559380,322
4.463624855,2560502,1122
4.465806887,2560840,338
4.465806887,2561946,1106
4.467988919,2562300,354
4.467988919,2563390,1090
4.470255799,2563760,370
4.470255799,2564834,1074
4.472437831,2565220,386
4.472437831,2566278,1058
4.474619863,2566680,402
4.474619863,2567722,1042
4.476801895,2568140,418
4.476801895,2569166,1026
4.478983927,2569600,434
4.478983927,2570610,1010
4.481251207,2571060,450
4.481251207,2572054,994
4.483439909,2572520,466
4.483439909,2573498,978
4.485621941,2573980,482
4.485621941,2574942,962
4.487803973,2575440,498
4.487803973,2576386,946
4.489986005,2576900,514
4.489986005,2577830,930
4.492168037,2578360,530
4.492168037,2579274,914
4.494350069,2579820,546
4.494350069,2580718,898
4.496616949,2581280,562
4.496616949,2582162,882
4.498798981,2582740,578
4.498798981,2583606,866
4.500981013,2584200,594
4.500981013,2585050,850
4.503163445,2585660,610
4.503163445,2586494,834
4.505352147,2587120,626
4.505352147,2587938,818
4.507534179,2588580,642
4.507534179,2589382,802
4.509801059,2590040,658
4.509801059,2590826,786
4.511983091,2591500,674
4.511983091,2592270,770
4.514165123,2592960,690
4.514165123,2593714,754
4.516347155,2594420,706
4.516347155,2595158,738
4.518529187,2595880,722
4.518529187,2596602,722
4.520796067,2597340,738
4.520796067,2598046,706
4.522978499,2598800,754
4.522978499,2599490,690
4.525167201,2600260,770
4.525167201,2600934,674
4.527349233,2601720,786
4.527349233,2602378,658
4.529531265,2603180,802
4.529531265,2603822,642
4.531713297,2604640,818
4.531713297,2605266,626
4.533895329,2606100,834
4.533895329,2606710,610
4.536077361,2607560,850
4.536077361,2608154,594
4.538344241,2609020,866
4.538344241,2609598,578
4.540526273,2610480,882
4.540526273,2611042,562
4.542708305,2611940,898
4.542708305,2612486,546
4.544890737,2613400,914
4.544890737,2613930,530
4.547079439,2614860,930
4.547079439,2615374,514
4.549346319,2616320,946
4.549346319,2616818,498
4.555467104,2617780,962
4.555467104,2618262,482
4.557745502,2619240,978
4.557745502,2619706,466
4.559962653,2620700,994
4.559962653,2621150,450
4.562179804,2622160,1010
4.562179804,2622594,434
4.564396955,2623620,1026
4.564396955,2624038,418
4.566614106,2625080,1042
4.566614106,2625482,402
4.568831257,2626540,1058
4.568831257,2626926,386
4.571141807,2628000,1074
4.571141807,2628370,370
4.573358958,2629460,1090
4.573358958,2629814,354
4.575576109,2630920,1106
4.575576109,2631258,338
4.577793260,2632380,1122
4.577793260,2632702,322
4.580010411,2633840,1138
4.580010411,2634146,306
4.582313776,2635300,1154
4.582313776,2635590,290
4.584530927,2636760,1170
4.584530927,2637034,274
4.586748078,2638220,1186
4.586748078,2638478,258
4.588965229,2639680,1202
4.588965229,2639922,242
4.591182780,2641140,1218
4.591182780,2641366,226
4.593406715,2642600,1234
4.593406715,2642810,210
4.595623866,2644060,1250
4.595623866,2644254,194
4.597927231,2645520,1266
4.597927231,2645698,178
4.600144382,2646980,1282
4.600144382,2647142,162
4.602361533,2648440,1298
4.602361533,2648586,146
4.604578684,2649900,1314
4.604578684,2650030,130
4.606795835,2651360,1330
4.606795835,2651474,114
4.609012986,2652820,1346
4.609012986,2652918,98
4.611316751,2654280,1362
4.611316751,2654362,82
4.613540686,2655740,1378
4.613540686,2655806,66
4.615757757,2657200,1394
4.615757757,2657250,50
4.617973471,2658660,1410
4.617973471,2658694,34
4.620189185,2660120,1426
4.620189185,2660138,18
4.622491113,2661580,1442
4.622491113,2661582,2
4.624706907,2663034,1452
4.626924058,2663040,6
4.626924058,2664479,1439
4.629141209,2664500,21
4.629141209,2665924,1424
4.631358360,2665960,36
4.631358360,2667369,1409
4.633575911,2667420,51
4.633575911,2668814,1394
4.635799846,2668880,66
4.635799846,2670258,1378
4.638016997,2670340,82
4.638016997,2671702,1362
4.640320362,2671800,98
4.640320362,2673146,1346
4.642537513,2673260,114
4.642537513,2674590,1330
4.644754664,2674720,130
4.644754664,2676034,1314
4.646971815,2676180,146
4.646971815,2677478,1298
4.649188966,2677640,162
4.649188966,2678922,1282
4.651492331,2679100,178
4.651492331,2680366,1266
4.653709882,2680560,194
4.653709882,2681810,1250
4.655930537,2682020,210
4.655930537,2684698,2678
4.657607091,2684940,242
4.657607091,2686142,1202
4.659943728,2686400,258
4.659943728,2687586,1186
4.662280365,2687860,274
4.662280365,2689030,1170
4.664617002,2689320,290
4.664617002,2690474,1154
4.667044499,2690780,306
4.667044499,2691918,1138
4.669381136,2692240,322
4.669381136,2693362,1122
4.671717773,2693700,338
4.671717773,2694806,1106
4.674054810,2695160,354
4.674054810,2696250,1090
4.676398618,2696620,370
4.676398618,2697694,1074
4.678826115,2698080,386
4.678826115,2699138,1058
4.681162752,2699540,402
4.681162752,2700582,1042
4.683499389,2701000,418
4.683499389,2702026,1026
4.685836026,2702460,434
4.685836026,2703470,1010
4.688172663,2703920,450
4.688172663,2704914,994
4.690600160,2705380,466
4.690600160,2706358,978
4.692936797,2706840,482
4.692936797,2707802,962
4.695273834,2708300,498
4.695273834,2709246,946
4.697617642,2709760,514
4.697617642,2710690,930
4.699954279,2711220,530
4.699954279,2712134,914
4.702290916,2712680,546
4.702290916,2713578,898
4.704627553,2714140,562
4.704627553,2715022,882
4.706964190,2715600,578
4.706964190,2716466,866
4.709391687,2717060,594
4.709391687,2717910,850
4.711728324,2718520,610
4.711728324,2719354,834
4.714064961,2719980,626
4.714064961,2720798,818
4.716401598,2721440,642
4.716401598,2722242,802
4.718738635,2722900,658
4.718738635,2723686,786
4.721173303,2724360,674
4.721173303,2725130,770
4.723509940,2725820,690
4.723509940,2726574,754
4.725846577,2727280,706
4.725846577,2728018,738
4.728183214,2728740,722
4.728183214,2729462,722
4.730519851,2730200,738
4.730519851,2730906,706
4.732856488,2731660,754
4.732856488,2732350,690
4.735193125,2733120,770
4.735193125,2733794,674
4.737529762,2734580,786
4.737529762,2735238,658
4.739957659,2736040,802
4.739957659,2736682,642
4.742301467,2737500,818
4.742301467,2738126,626
4.744638104,2738960,834
4.744638104,2739570,610
4.746974741,2740420,850
4.746974741,2741014,594
4.749311378,2741880,866
4.749311378,2742458,578
4.751735595,2743340,882
4.751735595,2743902,562
4.753152761,2744800,898
4.753152761,2745346,546
4.755566647,2746260,914
4.755566647,2746790,530
4.757980533,2747720,930
4.757980533,2748234,514
4.760394419,2749180,946
4.760394419,2749678,498
4.762808705,2750640,962
4.762808705,2751122,482
4.765230013,2752100,978
4.765230013,2752566,466
4.767643899,2753560,994
4.767643899,2754010,450
4.770151649,2755020,1010
4.770151649,2755454,434
4.772565535,2756480,1026
4.772565535,2756898,418
4.774979421,2757940,1042
4.774979421,2758342,402
4.777393307,2759400,1058
4.777393307,2759786,386
4.779807193,2760860,1074
4.779807193,2761230,370
4.782314943,2762320,1090
4.782314943,2762674,354
4.784729229,2763780,1106
4.784729229,2764118,338
4.787150537,2765240,1122
4.787150537,2765562,322
4.789564423,2766700,1138
4.789564423,2767006,306
4.791978309,2768160,1154
4.791978309,2768450,290
4.794486059,2769620,1170
4.794486059,2769894,274
4.796899945,2771080,1186
4.796899945,2771338,258
4.799313831,2772540,1202
4.799313831,2772782,242
4.801727717,2774000,1218
4.801727717,2774226,226
4.804141603,2775460,1234
4.804141603,2775670,210
4.806555489,2776920,1250
4.806555489,2777114,194
4.808969775,2778380,1266
4.808969775,2778558,178
4.811391083,2779840,1282
4.811391083,2780002,162
4.813898833,2781300,1298
4.813898833,2781446,146
4.816312719,2782760,1314
4.816312719,2782890,130
4.818726605,2784220,1330
4.818726605,2784334,114
4.821140491,2785680,1346
4.821140491,2785778,98
4.823554377,2787140,1362
4.823554377,2787222,82
4.826062127,2788600,1378
4.826062127,2788666,66
4.828475933,2790060,1394
4.828475933,2790110,50
4.830888655,2791520,1410
4.830888655,2791554,34
4.833308399,2792980,1426
4.833308399,2792998,18
4.835720721,2794440,1442
4.835720721,2794442,2
4.838133123,2795894,1452
4.840547009,2795900,6
4.840547009,2797339,1439
4.842960895,2797360,21
4.842960895,2798784,1424
4.845468645,2798820,36
4.845468645,2800229,1409
4.847882531,2800280,51
4.847882531,2801674,1394
4.852241205,2801740,66
4.852241205,2803118,1378
4.854740707,2803200,82
4.854740707,2804562,1362
4.857185397,2804660,98
4.857185397,2806006,1346
4.859732254,2806120,114
4.859732254,2807450,1330
4.862176544,2807580,130
4.862176544,2808894,1314
4.864620834,2809040,146
4.864620834,2810338,1298
4.867065124,2810500,162
4.867065124,2811782,1282
4.869509414,2811960,178
4.869509414,2813226,1266
4.871953704,2813420,194
4.871953704,2814670,1250
4.874397994,2814880,210
4.874397994,2816114,1234
4.876937330,2816340,226
4.876937330,2817558,1218
4.879382020,2817800,242
4.879382020,2819002,1202
4.881833831,2819260,258
4.881833831,2820446,1186
4.884278121,2820720,274
4.884278121,2821890,1170
4.886722411,2822180,290
4.886722411,2823334,1154
4.889166701,2823640,306
4.889166701,2824778,1138
4.891706037,2825100,322
4.891706037,2826222,1122
4.894150327,2826560,338
4.894150327,2827666,1106
4.896594617,2828020,354
4.896594617,2829110,1090
4.899038907,2829480,370
4.899038907,2830554,1074
4.901483197,2830940,386
4.901483197,2831998,1058
4.904030454,2832400,402
4.904030454,2833442,1042
4.906474744,2833860,418
4.906474744,2834886,1026
4.908919034,2835320,434
4.908919034,2836330,1010
4.911363324,2836780,450
4.911363324,2837774,994
4.913807614,2838240,466
4.913807614,2839218,978
4.916251904,2839700,482
4.916251904,2840662,962
4.918696194,2841160,498
4.918696194,2842106,946
4.921140484,2842620,514
4.921140484,2843550,930
4.923584774,2844080,530
4.923584774,2844994,914
4.926124510,2845540,546
4.926124510,2846438,898
4.928576321,2847000,562
4.928576321,2847882,882
4.931020611,2848460,578
4.931020611,2849326,866
4.933464901,2849920,594
4.933464901,2850770,850
4.935909191,2851380,610
4.935909191,2852214,834
4.938448527,2852840,626
4.938448527,2853658,818
4.940892817,2854300,642
4.940892817,2855102,802
4.943337107,2855760,658
4.943337107,2856546,786
4.945781397,2857220,674
4.945781397,2857990,770
4.948225687,2858680,690
4.948225687,2859434,754
4.950670377,2860140,706
4.950670377,2860878,738
4.953118908,2861600,722
4.953118908,2862322,722
4.954256253,2863060,738
4.954256253,2863766,706
4.956473301,2864520,754
4.956473301,2865210,690
4.958607366,2865980,770
4.958607366,2866654,674
4.960741431,2867440,786
4.960741431,2868098,658
4.962875496,2868900,802
4.962875496,2869542,642
4.965009561,2870360,818
4.965009561,2870986,626
4.967226609,2871820,834
4.967226609,2872430,610
4.969361074,2873280,850
4.969361074,2873874,594
4.971501654,2874740,866
4.971501654,2875318,578
4.973635719,2876200,882
4.973635719,2876762,562
4.975769784,2877660,898
4.975769784,2878206,546
4.977903849,2879120,914
4.977903849,2879650,530
4.980037914,2880580,930
4.980037914,2881094,514
4.982254962,2882040,946
4.982254962,2882538,498
4.984389027,2883500,962
4.984389027,2883982,482
4.986523092,2884960,978
4.986523092,2885426,466
4.988657157,2886420,994
4.988657157,2886870,450
4.990791622,2887880,1010
4.990791622,2888314,434
4.992932202,2889340,1026
4.992932202,2889758,418
4.995149250,2890800,1042
4.995149250,2891202,402
4.997283315,2892260,1058
4.997283315,2892646,386
4.999417380,2893720,1074
4.999417380,2894090,370
5.001551445,2895180,1090
5.001551445,2895534,354
5.003685510,2896640,1106
5.003685510,2896978,338
5.005902558,2898100,1122
5.005902558,2898422,322
5.008036623,2899560,1138
5.008036623,2899866,306
5.010171088,2901020,1154
5.010171088,2901310,290
5.012311668,2902480,1170
5.012311668,2902754,274
5.014445733,2903940,1186
5.014445733,2904198,258
5.016579798,2905400,1202
5.016579798,2905642,242
5.018713863,2906860,1218
5.018713863,2907086,226
5.020847928,2908320,1234
5.020847928,2908530,210
5.023064976,2909780,1250
5.023064976,2909974,194
5.025199041,2911240,1266
5.025199041,2911418,178
5.027333106,2912700,1282
5.027333106,2912862,162
5.029467171,2914160,1298
5.029467171,2914306,146
5.031601636,2915620,1314
5.031601636,2915750,130
5.033825199,2917080,1330
5.033825199,2917194,114
5.035959264,2918540,1346
5.035959264,2918638,98
5.038093329,2920000,1362
5.038093329,2920082,82
5.040227394,2921460,1378
5.040227394,2921526,66
5.042361379,2922920,1394
5.042361379,2922970,50
5.044494061,2924380,1410
5.044494061,2924414,34
5.046626743,2925840,1426
5.046626743,2925858,18
5.048759425,2927300,1442
5.048759425,2927302,2
5.050975570,2928754,1452
5.053116150,2928760,6
5.053116150,2930199,1439
5.055228555,2930220,21
5.055228555,2931644,1424
5.057340960,2931680,36
5.057340960,2933089,1409
5.059453365,2933140,51
5.059453365,2934534,1394
5.061647911,2934600,66
5.061647911,2935978,1378
5.063760316,2936060,82
5.063760316,2937422,1362
5.065872721,2937520,98
5.065872721,2938866,1346
5.067985126,2938980,114
5.067985126,2940310,1330
5.070097531,2940440,130
5.070097531,2941754,1314
5.072210336,2941900,146
5.072210336,2943198,1298
5.074329186,2943360,162
5.074329186,2944642,1282
5.076523732,2944820,178
5.076523732,2946086,1266
5.078636137,2946280,194
5.078636137,2947530,1250
5.080748542,2947740,210
5.080748542,2948974,1234
5.082860947,2949200,226
5.082860947,2950418,1218
5.084973352,2950660,242
5.084973352,2951862,1202
5.087085757,2952120,258
5.087085757,2953306,1186
5.089280303,2953580,274
5.089280303,2954750,1170
5.091393108,2955040,290
5.091393108,2956194,1154
5.093511958,2956500,306
5.093511958,2957638,1138
5.095624363,2957960,322
5.095624363,2959082,1122
5.097736768,2959420,338
5.097736768,2960526,1106
5.099931314,2960880,354
5.099931314,2961970,1090
5.102043719,2962340,370
5.102043719,2963414,1074
5.104156124,2963800,386
5.104156124,2964858,1058
5.106268529,2965260,402
5.106268529,2966302,1042
5.108380934,2966720,418
5.108380934,2967746,1026
5.110493339,2968180,434
5.110493339,2969190,1010
5.112606144,2969640,450
5.112606144,2970634,994
5.114724994,2971100,466
5.114724994,2972078,978
5.116919540,2972560,482
5.116919540,2973522,962
5.119031945,2974020,498
5.119031945,2974966,946
5.121144350,2975480,514
5.121144350,2976410,930
5.123256755,2976940,530
5.123256755,2977854,914
5.125369160,2978400,546
5.125369160,2979298,898
5.127563706,2979860,562
5.127563706,2980742,882
5.129676111,2981320,578
5.129676111,2982186,866
5.131788916,2982780,594
5.131788916,2983630,850
5.133907766,2984240,610
5.133907766,2985074,834
5.136020171,2985700,626
5.136020171,2986518,818
5.138132576,2987160,642
5.138132576,2987962,802
5.140244981,2988620,658
5.140244981,2989406,786
5.142357386,2990080,674
5.142357386,2990850,770
5.144551932,2991540,690
5.144551932,2992294,754
5.146664337,2993000,706
5.146664337,2993738,738
5.148776742,2994460,722
5.148776742,2995182,722
5.150889147,2995920,738
5.150889147,2996626,706
5.153001952,2997380,754
5.153001952,2998070,690
5.155485464,2998840,770
5.155485464,2999514,674
5.157868969,3000300,786
5.157868969,3000958,658
5.160252474,3001760,802
5.160252474,3002402,642
5.162635979,3003220,818
5.162635979,3003846,626
5.165019484,3004680,834
5.165019484,3005290,610
5.167495672,3006140,850
5.167495672,3006734,594
5.169879177,3007600,866
5.169879177,3008178,578
5.172262682,3009060,882
5.172262682,3009622,562
5.174646587,3010520,898
5.174646587,3011066,546
5.177037416,3011980,914
5.177037416,3012510,530
5.179420921,3013440,930
5.179420921,3013954,514
5.181804426,3014900,946
5.181804426,3015398,498
5.184187931,3016360,962
5.184187931,3016842,482
5.186664119,3017820,978
5.186664119,3018286,466
5.189047624,3019280,994
5.189047624,3019730,450
5.191431129,3020740,1010
5.191431129,3021174,434
5.193814634,3022200,1026
5.193814634,3022618,418
5.196198139,3023660,1042
5.196198139,3024062,402
5.198682050,3025120,1058
5.198682050,3025506,386
5.201065555,3026580,1074
5.201065555,3026950,370
5.203449060,3028040,1090
5.203449060,3028394,354
5.205832565,3029500,1106
5.205832565,3029838,338
5.208216070,3030960,1122
5.208216070,3031282,322
5.210599575,3032420,1138
5.210599575,3032726,306
5.212983080,3033880,1154
5.212983080,3034170,290
5.215366585,3035340,1170
5.215366585,3035614,274
5.217842773,3036800,1186
5.217842773,3037058,258
5.220226678,3038260,1202
5.220226678,3038502,242
5.222617507,3039720,1218
5.222617507,3039946,226
5.225001012,3041180,1234
5.225001012,3041390,210
5.227384517,3042640,1250
5.227384517,3042834,194
5.229860705,3044100,1266
5.229860705,3044278,178
5.232244210,3045560,1282
5.232244210,3045722,162
5.234627715,3047020,1298
5.234627715,3047166,146
5.237011220,3048480,1314
5.237011220,3048610,130
5.239394725,3049940,1330
5.239394725,3050054,114
5.241778230,3051400,1346
5.241778230,3051498,98
5.244162135,3052860,1362
5.244162135,3052942,82
5.246552964,3054320,1378
5.246552964,3054386,66
5.249029072,3055780,1394
5.249029072,3055830,50
5.251407832,3057240,1410
5.251407832,3057274,34
5.252778367,3058700,1426
5.252778367,3058718,18
5.255145702,3060160,1442
5.255145702,3060162,2
5.257513117,3061614,1452
5.259974101,3061620,6
5.259974101,3063059,1439
5.262342971,3063080,21
5.262342971,3064504,1424
5.264712241,3064540,36
5.264712241,3065949,1409
5.267088387,3066000,51
5.267088387,3067394,1394
5.269457257,3067460,66
5.269457257,3068838,1378
5.271918241,3068920,82
5.271918241,3070282,1362
5.274287111,3070380,98
5.274287111,3071726,1346
5.276655981,3071840,114
5.276655981,3073170,1330
5.279024851,3073300,130
5.279024851,3074614,1314
5.281393721,3074760,146
5.281393721,3076058,1298
5.283762591,3076220,162
5.283762591,3077502,1282
5.286131461,3077680,178
5.286131461,3078946,1266
5.288500731,3079140,194
5.288500731,3080390,1250
5.290968991,3080600,210
5.290968991,3081834,1234
5.293337861,3082060,226
5.293337861,3083278,1218
5.295706731,3083520,242
5.295706731,3084722,1202
5.298075601,3084980,258
5.298075601,3086166,1186
5.300444471,3086440,274
5.300444471,3087610,1170
5.302905455,3087900,290
5.302905455,3089054,1154
5.305274325,3089360,306
5.305274325,3090498,1138
5.307643195,3090820,322
5.307643195,3091942,1122
5.310012465,3092280,338
5.310012465,3093386,1106
5.312388611,3093740,354
5.312388611,3094830,1090
5.314757481,3095200,370
5.314757481,3096274,1074
5.317126351,3096660,386
5.317126351,3097718,1058
5.319495221,3098120,402
5.319495221,3099162,1042
5.321956205,3099580,418
5.321956205,3100606,1026
5.324325075,3101040,434
5.324325075,3102050,1010
5.326693945,3102500,450
5.326693945,3103494,994
5.329062815,3103960,466
5.329062815,3104938,978
5.331431685,3105420,482
5.331431685,3106382,962
5.333900345,3106880,498
5.333900345,3107826,946
5.336269215,3108340,514
5.336269215,3109270,930
5.338638085,3109800,530
5.338638085,3110714,914
5.341006955,3111260,546
5.341006955,3112158,898
5.343375825,3112720,562
5.343375825,3113602,882
5.345836809,3114180,578
5.345836809,3115046,866
5.348205679,3115640,594
5.348205679,3116490,850
5.354510533,3117100,610
5.354510533,3117934,834
5.356687503,3118560,626
5.356687503,3119378,818
5.358800857,3120020,642
5.358800857,3120822,802
5.360920258,3121480,658
5.360920258,3122266,786
5.363033212,3122940,674
5.363033212,3123710,770
5.365146166,3124400,690
5.365146166,3125154,754
5.367341282,3125860,706
5.367341282,3126598,738
5.369454236,3127320,722
5.369454236,3128042,722
5.371567190,3128780,738
5.371567190,3129486,706
5.373680144,3130240,754
5.373680144,3130930,690
5.375793098,3131700,770
5.375793098,3132374,674
5.377988614,3133160,786
5.377988614,3133818,658
5.380108015,3134620,802
5.380108015,3135262,642
5.382220969,3136080,818
5.382220969,3136706,626
5.384333923,3137540,834
5.384333923,3138150,610
5.386446877,3139000,850
5.386446877,3139594,594
5.388559831,3140460,866
5.388559831,3141038,578
5.390672785,3141920,882
5.390672785,3142482,562
5.392785739,3143380,898
5.392785739,3143926,546
5.394898693,3144840,914
5.394898693,3145370,530
5.397093809,3146300,930
5.397093809,3146814,514
5.399207163,3147760,946
5.399207163,3148258,498
5.401326564,3149220,962
5.401326564,3149702,482
5.403439518,3150680,978
5.403439518,3151146,466
5.405552472,3152140,994
5.405552472,3152590,450
5.407747588,3153600,1010
5.407747588,3154034,434
5.409860542,3155060,1026
5.409860542,3155478,418
5.411973496,3156520,1042
5.411973496,3156922,402
5.414086450,3157980,1058
5.414086450,3158366,386
5.416199404,3159440,1074
5.416199404,3159810,370
5.418312358,3160900,1090
5.418312358,3161254,354
5.420425712,3162360,1106
5.420425712,3162698,338
5.422545113,3163820,1122
5.422545113,3164142,322
5.424740229,3165280,1138
5.424740229,3165586,306
5.426853183,3166740,1154
5.426853183,3167030,290
5.428966137,3168200,1170
5.428966137,3168474,274
5.431079091,3169660,1186
5.431079091,3169918,258
5.433192045,3171120,1202
5.433192045,3171362,242
5.435387161,3172580,1218
5.435387161,3172806,226
5.437500115,3174040,1234
5.437500115,3174250,210
5.439613469,3175500,1250
5.439613469,3175694,194
5.441732870,3176960,1266
5.441732870,3177138,178
5.443845824,3178420,1282
5.443845824,3178582,162
5.446040940,3179880,1298
5.446040940,3180026,146
5.448153894,3181340,1314
5.448153894,3181470,130
5.450266848,3182800,1330
5.450266848,3182914,114
5.452379802,3184260,1346
5.452379802,3184358,98
5.454489476,3185720,1362
5.454489476,3185802,82
5.454659680,3187180,1378
5.454659680,3187246,66
5.456826524,3188640,1394
5.456826524,3188690,50
5.458992444,3190100,1410
5.458992444,3190134,34
5.461248847,3191560,1426
5.461248847,3191578,18
5.463414367,3193020,1442
5.463414367,3193022,2
5.465579967,3194474,1452
5.467746891,3194480,6
5.467746891,3195919,1439
5.469913815,3195940,21
5.469913815,3197364,1424
5.472165000,3197400,36
5.472165000,3198809,1409
5.474331924,3198860,51
5.474331924,3200254,1394
5.476498848,3200320,66
5.476498848,3201698,1378
5.478666172,3201780,82
5.478666172,3203142,1362
5.480839718,3203240,98
5.480839718,3204586,1346
5.483006642,3204700,114
5.483006642,3206030,1330
5.485173566,3206160,130
5.485173566,3207474,1314
5.487340490,3207620,146
5.487340490,3208918,1298
5.489591675,3209080,162
5.489591675,3210362,1282
5.491758599,3210540,178
5.491758599,3211806,1266
5.493925523,3212000,194
5.493925523,3213250,1250
5.496092447,3213460,210
5.496092447,3214694,1234
5.498259371,3214920,226
5.498259371,3216138,1218
5.500517578,3216380,242
5.500517578,3217582,1202
5.502684502,3217840,258
5.502684502,3219026,1186
5.504851426,3219300,274
5.504851426,3220470,1170
5.507018350,3220760,290
5.507018350,3221914,1154
5.509185274,3222220,306
5.509185274,3223358,1138
5.511352198,3223680,322
5.511352198,3224802,1122
5.513519122,3225140,338
5.513519122,3226246,1106
5.515686046,3226600,354
5.515686046,3227690,1090
5.517937231,3228060,370
5.517937231,3229134,1074
5.520104555,3229520,386
5.520104555,3230578,1058
5.522278101,3230980,402
5.522278101,3232022,1042
5.524445025,3232440,418
5.524445025,3233466,1026
5.526611949,3233900,434
5.526611949,3234910,1010
5.528863134,3235360,450
5.528863134,3236354,994
5.531030058,3236820,466
5.531030058,3237798,978
5.533196982,3238280,482
5.533196982,3239242,962
5.535363906,3239740,498
5.535363906,3240686,946
5.537530830,3241200,514
5.537530830,3242130,930
5.539782415,3242660,530
5.539782415,3243574,914
5.541955961,3244120,546
5.541955961,3245018,898
5.544122885,3245580,562
5.544122885,3246462,882
5.546289809,3247040,578
5.546289809,3247906,866
5.548456733,3248500,594
5.548456733,3249350,850
5.550623657,3249960,610
5.550623657,3250794,834
5.553728923,3251420,626
5.553728923,3252238,818
5.555992258,3252880,642
5.555992258,3253682,802
5.558279547,3254340,658
5.558279547,3255126,786
5.560481224,3255800,674
5.560481224,3256570,770
5.562683301,3257260,690
5.562683301,3258014,754
5.564891712,3258720,706
5.564891712,3259458,738
5.567093389,3260180,722
5.567093389,3260902,722
5.569380678,3261640,738
5.569380678,3262346,706
5.571582355,3263100,754
5.571582355,3263790,690
5.573784032,3264560,770
5.573784032,3265234,674
5.575985709,3266020,786
5.575985709,3266678,658
5.578187386,3267480,802
5.578187386,3268122,642
5.580389063,3268940,818
5.580389063,3269566,626
5.582590740,3270400,834
5.582590740,3271010,610
5.584792817,3271860,850
5.584792817,3272454,594
5.587086840,3273320,866
5.587086840,3273898,578
5.589288517,3274780,882
5.589288517,3275342,562
5.591490194,3276240,898
5.591490194,3276786,546
5.593691871,3277700,914
5.593691871,3278230,530
5.595893548,3279160,930
5.595893548,3279674,514
5.598180837,3280620,946
5.598180837,3281118,498
5.600382514,3282080,962
5.600382514,3282562,482
5.602584191,3283540,978
5.602584191,3284006,466
5.604786268,3285000,994
5.604786268,3285450,450
5.606994679,3286460,1010
5.606994679,3286894,434
5.609196356,3287920,1026
5.609196356,3288338,418
5.611398033,3289380,1042
5.611398033,3289782,402
5.613599710,3290840,1058
5.613599710,3291226,386
5.615886999,3292300,1074
5.615886999,3292670,370
5.618088676,3293760,1090
5.618088676,3294114,354
5.620290353,3295220,1106
5.620290353,3295558,338
5.622492030,3296680,1122
5.622492030,3297002,322
5.624693707,3298140,1138
5.624693707,3298446,306
5.626988131,3299600,1154
5.626988131,3299890,290
5.629189808,3301060,1170
5.629189808,3301334,274
5.631391485,3302520,1186
5.631391485,3302778,258
5.633593162,3303980,1202
5.633593162,3304222,242
5.635794839,3305440,1218
5.635794839,3305666,226
5.638082128,3306900,1234
5.638082128,3307110,210
5.640283805,3308360,1250
5.640283805,3308554,194
5.642485482,3309820,1266
5.642485482,3309998,178
5.644687159,3311280,1282
5.644687159,3311442,162
5.646889236,3312740,1298
5.646889236,3312886,146
5.649097647,3314200,1314
5.649097647,3314330,130
5.651299324,3315660,1330
5.651299324,3315774,114
5.653497721,3317120,1346
5.653497721,3317218,98
5.653947572,3318580,1362
5.653947572,3318662,82
5.656302569,3320040,1378
5.656302569,3320106,66
5.658657486,3321500,1394
5.658657486,3321550,50
5.661010956,3322960,1410
5.661010956,3322994,34
5.663364426,3324420,1426
5.663364426,3324438,18
5.665809870,3325880,1442
5.665809870,3325882,2
5.668170652,3327334,1452
5.670525649,3327340,6
5.670525649,3328779,1439
5.672880646,3328800,21
5.672880646,3330224,1424
5.675235643,3330260,36
5.675235643,3331669,1409
5.677590640,3331720,51
5.677590640,3333114,1394
5.679945637,3333180,66
5.679945637,3334558,1378
5.682300634,3334640,82
5.682300634,3336002,1362
5.684747205,3336100,98
5.684747205,3337446,1346
5.687102202,3337560,114
5.687102202,3338890,1330
5.689457599,3339020,130
5.689457599,3340334,1314
5.691819827,3340480,146
5.691819827,3341778,1298
5.694174824,3341940,162
5.694174824,3343222,1282
5.696621395,3343400,178
5.696621395,3344666,1266
5.698976392,3344860,194
5.698976392,3346110,1250
5.701331389,3346320,210
5.701331389,3347554,1234
5.703686386,3347780,226
5.703686386,3348998,1218
5.706041383,3349240,242
5.706041383,3350442,1202
5.708396380,3350700,258
5.708396380,3351886,1186
5.710751377,3352160,274
5.710751377,3353330,1170
5.713106774,3353620,290
5.713106774,3354774,1154
5.715560576,3355080,306
5.715560576,3356218,1138
5.717915573,3356540,322
5.717915573,3357662,1122
5.720270570,3358000,338
5.720270570,3359106,1106
5.722625567,3359460,354
5.722625567,3360550,1090
5.724980564,3360920,370
5.724980564,3361994,1074
5.727427135,3362380,386
5.727427135,3363438,1058
5.729782132,3363840,402
5.729782132,3364882,1042
5.732137129,3365300,418
5.732137129,3366326,1026
5.734492526,3366760,434
5.734492526,3367770,1010
5.736854754,3368220,450
5.736854754,3369214,994
5.739301325,3369680,466
5.739301325,3370658,978
5.741656322,3371140,482
5.741656322,3372102,962
5.744011319,3372600,498
5.744011319,3373546,946
5.746366316,3374060,514
5.746366316,3374990,930
5.748721313,3375520,530
5.748721313,3376434,914
5.751076310,3376980,546
5.751076310,3377878,898
5.753298534,3378440,562
5.753298534,3379322,882
5.755517133,3379900,578
5.755517133,3380766,866
5.757829192,3381360,594
5.757829192,3382210,850
5.760047791,3382820,610
5.760047791,3383654,834
5.762266390,3384280,626
5.762266390,3385098,818
5.764484989,3385740,642
5.764484989,3386542,802
5.766703588,3387200,658
5.766703588,3387986,786
5.769008457,3388660,674
5.769008457,3389430,770
5.771227056,3390120,690
5.771227056,3390874,754
5.773445655,3391580,706
5.773445655,3392318,738
5.775664254,3393040,722
5.775664254,3393762,722
5.777883253,3394500,738
5.777883253,3395206,706
5.780108642,3395960,754
5.780108642,3396650,690
5.782327241,3397420,770
5.782327241,3398094,674
5.784545840,3398880,786
5.784545840,3399538,658
5.786850709,3400340,802
5.786850709,3400982,642
5.789069308,3401800,818
5.789069308,3402426,626
5.791287907,3403260,834
5.791287907,3403870,610
5.793506506,3404720,850
5.793506506,3405314,594
5.795725105,3406180,866
5.795725105,3406758,578
5.798030374,3407640,882
5.798030374,3408202,562
5.800255763,3409100,898
5.800255763,3409646,546
5.802474362,3410560,914
5.802474362,3411090,530
5.804692961,3412020,930
5.804692961,3412534,514
5.806911560,3413480,946
5.806911560,3413978,498
5.809216429,3414940,962
5.809216429,3415422,482
5.811435028,3416400,978
5.811435028,3416866,466
5.813653627,3417860,994
5.813653627,3418310,450
5.815872226,3419320,1010
5.815872226,3419754,434
5.818090825,3420780,1026
5.818090825,3421198,418
5.820309824,3422240,1042
5.820309824,3422642,402
5.822535213,3423700,1058
5.822535213,3424086,386
5.824753812,3425160,1074
5.824753812,3425530,370
5.827058681,3426620,1090
5.827058681,3426974,354
5.829277280,3428080,1106
5.829277280,3428418,338
5.831495879,3429540,1122
5.831495879,3429862,322
5.833714478,3431000,1138
5.833714478,3431306,306
5.835933077,3432460,1154
5.835933077,3432750,290
5.838237946,3433920,1170
5.838237946,3434194,274
5.840456945,3435380,1186
5.840456945,3435638,258
5.842682334,3436840,1202
5.842682334,3437082,242
5.844900933,3438300,1218
5.844900933,3438526,226
5.847119532,3439760,1234
5.847119532,3439970,210
5.849338131,3441220,1250
5.849338131,3441414,194
5.852495199,3442680,1266
5.852495199,3442858,178
5.854763204,3444140,1282
5.854763204,3444302,162
5.857055477,3445600,1298
5.857055477,3445746,146
5.859261951,3447060,1314
5.859261951,3447190,130
5.861468425,3448520,1330
5.861468425,3448634,114
5.863675299,3449980,1346
5.863675299,3450078,98
5.865888523,3451440,1362
5.865888523,3451522,82
5.868094997,3452900,1378
5.868094997,3452966,66
5.870387190,3454360,1394
5.870387190,3454410,50
5.872592234,3455820,1410
5.872592234,3455854,34
5.874797278,3457280,1426
5.874797278,3457298,18
5.877002322,3458740,1442
5.877002322,3458742,2
5.879207446,3460194,1452
5.881413920,3460200,6
5.881413920,3461639,1439
5.883620394,3461660,21
5.883620394,3463084,1424
5.885827268,3463120,36
5.885827268,3464529,1409
5.888126291,3464580,51
5.888126291,3465974,1394
5.890332765,3466040,66
5.890332765,3467418,1378
5.892539239,3467500,82
5.892539239,3468862,1362
5.894745713,3468960,98
5.894745713,3470306,1346
5.896952187,3470420,114
5.896952187,3471750,1330
5.899244460,3471880,130
5.899244460,3473194,1314
5.901450934,3473340,146
5.901450934,3474638,1298
5.903657408,3474800,162
5.903657408,3476082,1282
5.905864282,3476260,178
5.905864282,3477526,1266
5.908077506,3477720,194
5.908077506,3478970,1250
5.910369779,3479180,210
5.910369779,3480414,1234
5.912576253,3480640,226
5.912576253,3481858,1218
5.914782727,3482100,242
5.914782727,3483302,1202
5.916989201,3483560,258
5.916989201,3484746,1186
5.919195675,3485020,274
5.919195675,3486190,1170
5.921402149,3486480,290
5.921402149,3487634,1154
5.923608623,3487940,306
5.923608623,3489078,1138
5.925815097,3489400,322
5.925815097,3490522,1122
5.928114520,3490860,338
5.928114520,3491966,1106
5.930320994,3492320,354
5.930320994,3493410,1090
5.932527468,3493780,370
5.932527468,3494854,1074
5.934733942,3495240,386
5.934733942,3496298,1058
5.936940416,3496700,402
5.936940416,3497742,1042
5.939232689,3498160,418
5.939232689,3499186,1026
5.941439163,3499620,434
5.941439163,3500630,1010
5.943645637,3501080,450
5.943645637,3502074,994
5.945852111,3502540,466
5.945852111,3503518,978
5.948058985,3504000,482
5.948058985,3504962,962
5.950272209,3505460,498
5.950272209,3506406,946
5.952478683,3506920,514
5.952478683,3507850,930
5.954910365,3508380,530
5.954910365,3509294,914
5.957436603,3509840,546
5.957436603,3510738,898
5.959868285,3511300,562
5.959868285,3512182,882
5.962299967,3512760,578
5.962299967,3513626,866
5.964731649,3514220,594
5.964731649,3515070,850
5.967163331,3515680,610
5.967163331,3516514,834
5.969689969,3517140,626
5.969689969,3517958,818
5.972129131,3518600,642
5.972129131,3519402,802
5.974560813,3520060,658
5.974560813,3520846,786
5.976992495,3521520,674
5.976992495,3522290,770
5.979424177,3522980,690
5.979424177,3523734,754
5.981855859,3524440,706
5.981855859,3525178,738
5.984287541,3525900,722
5.984287541,3526622,722
5.986719223,3527360,738
5.986719223,3528066,706
5.989245461,3528820,754
5.989245461,3529510,690
5.991677143,3530280,770
5.991677143,3530954,674
5.994109225,3531740,786
5.994109225,3532398,658
5.996548387,3533200,802
5.996548387,3533842,642
5.998980069,3534660,818
5.998980069,3535286,626
6.001506307,3536120,834
6.001506307,3536730,610
6.003937989,3537580,850
6.003937989,3538174,594
6.006369671,3539040,866
6.006369671,3539618,578
6.008801353,3540500,882
6.008801353,3541062,562
6.011233035,3541960,898
6.011233035,3542506,546
6.013759273,3543420,914
6.013759273,3543950,530
6.016191355,3544880,930
6.016191355,3545394,514
6.018630517,3546340,946
6.018630517,3546838,498
6.021062199,3547800,962
6.021062199,3548282,482
6.023493881,3549260,978
6.023493881,3549726,466
6.025925563,3550720,994
6.025925563,3551170,450
6.028357245,3552180,1010
6.028357245,3552614,434
6.030788927,3553640,1026
6.030788927,3554058,418
6.033315165,3555100,1042
6.033315165,3555502,402
6.035746847,3556560,1058
6.035746847,3556946,386
6.038178529,3558020,1074
6.038178529,3558390,370
6.040610611,3559480,1090
6.040610611,3559834,354
6.043049773,3560940,1106
6.043049773,3561278,338
6.045576011,3562400,1122
6.045576011,3562722,322
6.048007693,3563860,1138
6.048007693,3564166,306
6.050439375,3565320,1154
6.050439375,3565610,290
6.052871057,3566780,1170
6.052871057,3567054,274
6.055161113,3568240,1186
6.055161113,3568498,258
6.057451169,3569700,1202
6.057451169,3569942,242
6.059741225,3571160,1218
6.059741225,3571386,226
6.062031281,3572620,1234
6.062031281,3572830,210
6.064417807,3574080,1250
6.064417807,3574274,194
6.066707863,3575540,1266
6.066707863,3575718,178
6.068997919,3577000,1282
6.068997919,3577162,162
6.071287975,3578460,1298
6.071287975,3578606,146
6.073578031,3579920,1314
6.073578031,3580050,130
6.075957136,3581380,1330
6.075957136,3581494,114
6.078247192,3582840,1346
6.078247192,3582938,98
6.080537248,3584300,1362
6.080537248,3584382,82
6.082827304,3585760,1378
6.082827304,3585826,66
6.085117680,3587220,1394
6.085117680,3587270,50
6.087413273,3588680,1410
6.087413273,3588714,34
6.089701845,3590140,1426
6.089701845,3590158,18
6.091990417,3591600,1442
6.091990417,3591602,2
6.094368118,3593054,1452
6.096658174,3593060,6
6.096658174,3594499,1439
6.098948230,3594520,21
6.098948230,3595944,1424
6.101238286,3595980,36
6.101238286,3597389,1409
6.103528342,3597440,51
6.103528342,3598834,1394
6.105907847,3598900,66
6.105907847,3600278,1378
6.108204924,3600360,82
6.108204924,3601722,1362
6.110494980,3601820,98
6.110494980,3603166,1346
6.112785036,3603280,114
6.112785036,3604610,1330
6.115075092,3604740,130
6.115075092,3606054,1314
6.117454197,3606200,146
6.117454197,3607498,1298
6.119744253,3607660,162
6.119744253,3608942,1282
6.122034309,3609120,178
6.122034309,3610386,1266
6.124324365,3610580,194
6.124324365,3611830,1250
6.126614421,3612040,210
6.126614421,3613274,1234
6.128904877,3613500,226
6.128904877,3614718,1218
6.131201954,3614960,242
6.131201954,3616162,1202
6.133492010,3616420,258
6.133492010,3617606,1186
6.135871115,3617880,274
6.135871115,3619050,1170
6.138161171,3619340,290
6.138161171,3620494,1154
6.140451227,3620800,306
6.140451227,3621938,1138
6.142741283,3622260,322
6.142741283,3623382,1122
6.145031339,3623720,338
6.145031339,3624826,1106
6.147410444,3625180,354
6.147410444,3626270,1090
6.149700900,3626640,370
6.149700900,3627714,1074
6.151997977,3628100,386
6.151997977,3629158,1058
6.155230763,3629560,402
6.155230763,3630602,1042
6.157654855,3631020,418
6.157654855,3632046,1026
6.160021677,3632480,434
6.160021677,3633490,1010
6.162388499,3633940,450
6.162388499,3634934,994
6.164755321,3635400,466
6.164755321,3636378,978
6.167214177,3636860,482
6.167214177,3637822,962
6.169580999,3638320,498
6.169580999,3639266,946
6.171947821,3639780,514
6.171947821,3640710,930
6.174315043,3641240,530
6.174315043,3642154,914
6.176689134,3642700,546
6.176689134,3643598,898
6.179147990,3644160,562
6.179147990,3645042,882
6.181514812,3645620,578
6.181514812,3646486,866
6.183881634,3647080,594
6.183881634,3647930,850
6.186248456,3648540,610
6.186248456,3649374,834
6.188615278,3650000,626
6.188615278,3650818,818
6.191074134,3651460,642
6.191074134,3652262,802
6.193440956,3652920,658
6.193440956,3653706,786
6.195808178,3654380,674
6.195808178,3655150,770
6.198182269,3655840,690
6.198182269,3656594,754
6.200549091,3657300,706
6.200549091,3658038,738
6.202915913,3658760,722
6.202915913,3659482,722
6.205282735,3660220,738
6.205282735,3660926,706
6.207649557,3661680,754
6.207649557,3662370,690
6.210108413,3663140,770
6.210108413,3663814,674
6.212475235,3664600,786
6.212475235,3665258,658
6.214842057,3666060,802
6.214842057,3666702,642
6.217208879,3667520,818
6.217208879,3668146,626
6.219576101,3668980,834
6.219576101,3669590,610
6.222042226,3670440,850
6.222042226,3671034,594
6.224409048,3671900,866
6.224409048,3672478,578
6.226775870,3673360,882
6.226775870,3673922,562
6.229142692,3674820,898
6.229142692,3675366,546
6.231509514,3676280,914
6.231509514,3676810,530
6.233876336,3677740,930
6.233876336,3678254,514
6.236243158,3679200,946
6.236243158,3679698,498
6.238609980,3680660,962
6.238609980,3681142,482
6.241069236,3682120,978
6.241069236,3682586,466
6.243443327,3683580,994
6.243443327,3684030,450
6.245810149,3685040,1010
6.245810149,3685474,434
6.248176971,3686500,1026
6.248176971,3686918,418
6.250543793,3687960,1042
6.250543793,3688362,402
6.253002649,3689420,1058
6.253002649,3689806,386
6.255366191,3690880,1074
6.255366191,3691250,370
6.256581043,3692340,1090
6.256581043,3692694,354
6.258792615,3693800,1106
6.258792615,3694138,338
6.261004187,3695260,1122
6.261004187,3695582,322
6.263216159,3696720,1138
6.263216159,3697026,306
6.265434497,3698180,1154
6.265434497,3698470,290
6.267646069,3699640,1170
6.267646069,3699914,274
6.269943638,3701100,1186
6.269943638,3701358,258
6.272155210,3702560,1202
6.272155210,3702802,242
6.274366782,3704020,1218
6.274366782,3704246,226
6.276578354,3705480,1234
6.276578354,3705690,210
6.278789926,3706940,1250
6.278789926,3707134,194
6.281087495,3708400,1266
6.281087495,3708578,178
6.283299467,3709860,1282
6.283299467,3710022,162
6.285517805,3711320,1298
6.285517805,3711466,146
6.287729377,3712780,1314
6.287729377,3712910,130
6.289940949,3714240,1330
6.289940949,3714354,114
6.292238518,3715700,1346
6.292238518,3715798,98
6.294450090,3717160,1362
6.294450090,3717242,82
6.296661662,3718620,1378
6.296661662,3718686,66
6.298873154,3720080,1394
6.298873154,3720130,50
6.301083292,3721540,1410
6.301083292,3721574,34
6.303293430,3723000,1426
6.303293430,3723018,18
6.305503968,3724460,1442
6.305503968,3724462,2
6.307720953,3725914,1452
6.310018522,3725920,6
6.310018522,3727359,1439
6.312230094,3727380,21
6.312230094,3728804,1424
6.314441666,3728840,36
6.314441666,3730249,1409
6.316653238,3730300,51
6.316653238,3731694,1394
6.318864810,3731760,66
6.318864810,3733138,1378
6.321162379,3733220,82
6.321162379,3734582,1362
6.323373951,3734680,98
6.323373951,3736026,1346
6.325585923,3736140,114
6.325585923,3737470,1330
6.327804261,3737600,130
6.327804261,3738914,1314
6.330015833,3739060,146
6.330015833,3740358,1298
6.332227405,3740520,162
6.332227405,3741802,1282
6.334438977,3741980,178
6.334438977,3743246,1266
6.336650549,3743440,194
6.336650549,3744690,1250
6.338948118,3744900,210
6.338948118,3746134,1234
6.341159690,3746360,226
6.341159690,3747578,1218
6.343371262,3747820,242
6.343371262,3749022,1202
6.345582834,3749280,258
6.345582834,3750466,1186
6.347794806,3750740,274
6.347794806,3751910,1170
6.350099141,3752200,290
6.350099141,3753354,1154
6.352307433,3753660,306
6.352307433,3754798,1138
6.353526480,3755120,322
6.353526480,3756242,1122
6.355742247,3756580,338
6.355742247,3757686,1106
6.357958014,3758040,354
6.357958014,3759130,1090
6.360173781,3759500,370
6.360173781,3760574,1074
6.362389548,3760960,386
6.362389548,3762018,1058
6.364605315,3762420,402
6.364605315,3763462,1042
6.366821082,3763880,418
6.366821082,3764906,1026
6.369130189,3765340,434
6.369130189,3766350,1010
6.371345956,3766800,450
6.371345956,3767794,994
6.373561723,3768260,466
6.373561723,3769238,978
6.375777490,3769720,482
6.375777490,3770682,962
6.377993257,3771180,498
6.377993257,3772126,946
6.380295184,3772640,514
6.380295184,3773570,930
6.382510951,3774100,530
6.382510951,3775014,914
6.384726718,3775560,546
6.384726718,3776458,898
6.386942485,3777020,562
6.386942485,3777902,882
6.389158652,3778480,578
6.389158652,3779346,866
6.391467359,3779940,594
6.391467359,3780790,850
6.393683126,3781400,610
6.393683126,3782234,834
6.395898893,3782860,626
6.395898893,3783678,818
6.398114660,3784320,642
6.398114660,3785122,802
6.400330427,3785780,658
6.400330427,3786566,786
6.402546194,3787240,674
6.402546194,3788010,770
6.404761961,3788700,690
6.404761961,3789454,754
6.406977728,3790160,706
6.406977728,3790898,738
6.409280055,3791620,722
6.409280055,3792342,722
6.411502602,3793080,738
6.411502602,3793786,706
6.413718369,3794540,754
6.413718369,3795230,690
6.415934136,3796000,770
6.415934136,3796674,674
6.418149903,3797460,786
6.418149903,3798118,658
6.420451830,3798920,802
6.420451830,3799562,642
6.422667597,3800380,818
6.422667597,3801006,626
6.424883364,3801840,834
6.424883364,3802450,610
6.427099131,3803300,850
6.427099131,3803894,594
6.429314898,3804760,866
6.429314898,3805338,578
6.431531065,3806220,882
6.431531065,3806782,562
6.433753612,3807680,898
6.433753612,3808226,546
6.435969379,3809140,914
6.435969379,3809670,530
6.438271306,3810600,930
6.438271306,3811114,514
6.440487073,3812060,946
6.440487073,3812558,498
6.442702840,3813520,962
6.442702840,3814002,482
6.444918607,3814980,978
6.444918607,3815446,466
6.447134374,3816440,994
6.447134374,3816890,450
6.449436301,3817900,1010
6.449436301,3818334,434
6.453603902,3819360,1026
6.453603902,3819778,418
6.456061366,3820820,1042
6.456061366,3821222,402
6.458462882,3822280,1058
6.458462882,3822666,386
6.460864398,3823740,1074
6.460864398,3824110,370
6.463265914,3825200,1090
6.463265914,3825554,354
6.465667430,3826660,1106
6.465667430,3826998,338
6.468068946,3828120,1122
6.468068946,3828442,322
6.470563845,3829580,1138
6.470563845,3829886,306
6.472965361,3831040,1154
6.472965361,3831330,290
6.475366877,3832500,1170
6.475366877,3832774,274
6.477768793,3833960,1186
6.477768793,3834218,258
6.480177691,3835420,1202
6.480177691,3835662,242
6.482672590,3836880,1218
6.482672590,3837106,226
6.485074106,3838340,1234
6.485074106,3838550,210
6.487475622,3839800,1250
6.487475622,3839994,194
6.489877138,3841260,1266
6.489877138,3841438,178
6.492278654,3842720,1282
6.492278654,3842882,162
6.494773553,3844180,1298
6.494773553,3844326,146
6.497175069,3845640,1314
6.497175069,3845770,130
6.499576985,3847100,1330
6.499576985,3847214,114
6.501985883,3848560,1346
6.501985883,3848658,98
6.504387399,3850020,1362
6.504387399,3850102,82
6.506788915,3851480,1378
6.506788915,3851546,66
6.509190351,3852940,1394
6.509190351,3852990,50
6.511590310,3854400,1410
6.511590310,3854434,34
6.514083652,3855860,1426
6.514083652,3855878,18
6.516483611,3857320,1442
6.516483611,3857322,2
6.518883650,3858774,1452
6.521285166,3858780,6
6.521285166,3860219,1439
6.523687082,3860240,21
6.523687082,3861664,1424
6.526189363,3861700,36
6.526189363,3863109,1409
6.528590879,3863160,51
6.528590879,3864554,1394
6.530992395,3864620,66
6.530992395,3865998,1378
6.533393911,3866080,82
6.533393911,3867442,1362
6.535795427,3867540,98
6.535795427,3868886,1346
6.538196943,3869000,114
6.538196943,3870330,1330
6.540598459,3870460,130
6.540598459,3871774,1314
6.542999975,3871920,146
6.542999975,3873218,1298
6.545495274,3873380,162
6.545495274,3874662,1282
6.547904172,3874840,178
6.547904172,3876106,1266
6.550305688,3876300,194
6.550305688,3877550,1250
6.552707204,3877760,210
6.552707204,3878994,1234
6.555105440,3879220,226
6.555105440,3880438,1218
6.555228880,3880680,242
6.555228880,3881882,1202
6.557416823,3882140,258
6.557416823,3883326,1186
6.559529793,3883600,274
6.559529793,3884770,1170
6.561642763,3885060,290
6.561642763,3886214,1154
6.563755733,3886520,306
6.563755733,3887658,1138
6.565869103,3887980,322
6.565869103,3889102,1122
6.567988520,3889440,338
6.567988520,3890546,1106
6.570101490,3890900,354
6.570101490,3891990,1090
6.572296623,3892360,370
6.572296623,3893434,1074
6.574409593,3893820,386
6.574409593,3894878,1058
6.576522563,3895280,402
6.576522563,3896322,1042
6.578635533,3896740,418
6.578635533,3897766,1026
6.580748503,3898200,434
6.580748503,3899210,1010
6.582943636,3899660,450
6.582943636,3900654,994
6.585057006,3901120,466
6.585057006,3902098,978
6.587176423,3902580,482
6.587176423,3903542,962
6.589289393,3904040,498
6.589289393,3904986,946
6.591402363,3905500,514
6.591402363,3906430,930
6.593515333,3906960,530
6.593515333,3907874,914
6.595710466,3908420,546
6.595710466,3909318,898
6.597823436,3909880,562
6.597823436,3910762,882
6.599936406,3911340,578
6.599936406,3912206,866
6.602049376,3912800,594
6.602049376,3913650,850
6.604162346,3914260,610
6.604162346,3915094,834
6.606275716,3915720,626
6.606275716,3916538,818
6.608395133,3917180,642
6.608395133,3917982,802
6.610590266,3918640,658
6.610590266,3919426,786
6.612703236,3920100,674
6.612703236,3920870,770
6.614816206,3921560,690
6.614816206,3922314,754
6.616929176,3923020,706
6.616929176,3923758,738
6.619042146,3924480,722
6.619042146,3925202,722
6.621155116,3925940,738
6.621155116,3926646,706
6.623350249,3927400,754
6.623350249,3928090,690
6.625463619,3928860,770
6.625463619,3929534,674
6.627583036,3930320,786
6.627583036,3930978,658
6.629696006,3931780,802
6.629696006,3932422,642
6.631808976,3933240,818
6.631808976,3933866,626
6.633921946,3934700,834
6.633921946,3935310,610
6.636034916,3936160,850
6.636034916,3936754,594
6.638230049,3937620,866
6.638230049,3938198,578
6.640343019,3939080,882
6.640343019,3939642,562
6.642455989,3940540,898
6.642455989,3941086,546
6.644568959,3942000,914
6.644568959,3942530,530
6.646682329,3943460,930
6.646682329,3943974,514
6.648801746,3944920,946
6.648801746,3945418,498
6.650996879,3946380,962
6.650996879,3946862,482
6.654053555,3947840,978
6.654053555,3948306,466
6.656513418,3949300,994
6.656513418,3949750,450
6.658916987,3950760,1010
6.658916987,3951194,434
6.661320556,3952220,1026
6.661320556,3952638,418
6.663817588,3953680,1042
6.663817588,3954082,402
6.666221157,3955140,1058
6.666221157,3955526,386
6.668625126,3956600,1074
6.668625126,3956970,370
6.671036084,3958060,1090
6.671036084,3958414,354
6.673439653,3959520,1106
6.673439653,3959858,338
6.675843222,3960980,1122
6.675843222,3961302,322
6.678246791,3962440,1138
6.678246791,3962746,306
6.680743823,3963900,1154
6.680743823,3964190,290
6.683147392,3965360,1170
6.683147392,3965634,274
6.685550961,3966820,1186
6.685550961,3967078,258
6.687954530,3968280,1202
6.687954530,3968522,242
6.690358099,3969740,1218
6.690358099,3969966,226
6.692762068,3971200,1234
6.692762068,3971410,210
6.695266489,3972660,1250
6.695266489,3972854,194
6.697670058,3974120,1266
6.697670058,3974298,178
6.700073627,3975580,1282
6.700073627,3975742,162
6.702477196,3977040,1298
6.702477196,3977186,146
6.704880765,3978500,1314
6.704880765,3978630,130
6.707284334,3979960,1330
6.707284334,3980074,114
6.709687903,3981420,1346
6.709687903,3981518,98
6.712184935,3982880,1362
6.712184935,3982962,82
6.714588904,3984340,1378
6.714588904,3984406,66
6.716999782,3985800,1394
6.716999782,3985850,50
6.719401794,3987260,1410
6.719401794,3987294,34
6.721803806,3988720,1426
6.721803806,3988738,18
6.724205818,3990180,1442
6.724205818,3990182,2
6.726701373,3991634,1452
6.729104942,3991640,6
6.729104942,3993079,1439
6.731508511,3993100,21
6.731508511,3994524,1424
6.733912080,3994560,36
6.733912080,3995969,1409
6.736315649,3996020,51
6.736315649,3997414,1394
6.738719618,3997480,66
6.738719618,3998858,1378
6.741130576,3998940,82
6.741130576,4000302,1362
6.743627608,4000400,98
6.743627608,4001746,1346
6.746031177,4001860,114
6.746031177,4003190,1330
6.748434746,4003320,130
6.748434746,4004634,1314
6.750838315,4004780,146
6.750838315,4006078,1298
6.753238604,4006240,162
6.753238604,4007522,1282
6.753399496,4007700,178
6.753399496,4008966,1266
6.755641007,4009160,194
6.755641007,4010410,1250
6.757799019,4010620,210
6.757799019,4011854,1234
6.759963222,4012080,226
6.759963222,4013298,1218
6.762120834,4013540,242
6.762120834,4014742,1202
6.764278446,4015000,258
6.764278446,4016186,1186
6.766519957,4016460,274
6.766519957,4017630,1170
6.768677569,4017920,290
6.768677569,4019074,1154
6.770835181,4019380,306
6.770835181,4020518,1138
6.772992793,4020840,322
6.772992793,4021962,1122
6.775150405,4022300,338
6.775150405,4023406,1106
6.777308017,4023760,354
6.777308017,4024850,1090
6.779466029,4025220,370
6.779466029,4026294,1074
6.781714131,4026680,386
6.781714131,4027738,1058
6.783871743,4028140,402
6.783871743,4029182,1042
6.786029355,4029600,418
6.786029355,4030626,1026
6.788186967,4031060,434
6.788186967,4032070,1010
6.790344579,4032520,450
6.790344579,4033514,994
6.792502191,4033980,466
6.792502191,4034958,978
6.794743702,4035440,482
6.794743702,4036402,962
6.796901314,4036900,498
6.796901314,4037846,946
6.799059326,4038360,514
6.799059326,4039290,930
6.801223529,4039820,530
6.801223529,4040734,914
6.803381141,4041280,546
6.803381141,4042178,898
6.805538753,4042740,562
6.805538753,4043622,882
6.807696365,4044200,578
6.807696365,4045066,866
6.809937876,4045660,594
6.809937876,4046510,850
6.812095488,4047120,610
6.812095488,4047954,834
6.814253100,4048580,626
6.814253100,4049398,818
6.816410712,4050040,642
6.816410712,4050842,802
6.818568324,4051500,658
6.818568324,4052286,786
6.820726336,4052960,674
6.820726336,4053730,770
6.822974438,4054420,690
6.822974438,4055174,754
6.825132050,4055880,706
6.825132050,4056618,738
6.827289662,4057340,722
6.827289662,4058062,722
6.829447274,4058800,738
6.829447274,4059506,706
6.831604886,4060260,754
6.831604886,4060950,690
6.833762498,4061720,770
6.833762498,4062394,674
6.835920110,4063180,786
6.835920110,4063838,658
6.838161621,4064640,802
6.838161621,4065282,642
6.840319633,4066100,818
6.840319633,4066726,626
6.842483836,4067560,834
6.842483836,4068170,610
6.844641448,4069020,850
6.844641448,4069614,594
6.846799060,4070480,866
6.846799060,4071058,578
6.849040571,4071940,882
6.849040571,4072502,562
6.855139205,4073400,898
6.855139205,4073946,546
6.857500732,4074860,914
6.857500732,4075390,530
6.859803281,4076320,930
6.859803281,4076834,514
6.862105830,4077780,946
6.862105830,4078278,498
6.864408379,4079240,962
6.864408379,4079722,482
6.866711328,4080700,978
6.866711328,4081166,466
6.869110473,4082160,994
6.869110473,4082610,450
6.871413022,4083620,1010
6.871413022,4084054,434
6.873715571,4085080,1026
6.873715571,4085498,418
6.876018120,4086540,1042
6.876018120,4086942,402
6.878320669,4088000,1058
6.878320669,4088386,386
6.880623218,4089460,1074
6.880623218,4089830,370
6.882925767,4090920,1090
6.882925767,4091274,354
6.885317851,4092380,1106
6.885317851,4092718,338
6.887620800,4093840,1122
6.887620800,4094162,322
6.889930410,4095300,1138
6.889930410,4095606,306
6.892232959,4096760,1154
6.892232959,4097050,290
6.894535508,4098220,1170
6.894535508,4098494,274
6.896838057,4099680,1186
6.896838057,4099938,258
6.899230141,4101140,1202
6.899230141,4101382,242
6.901532690,4102600,1218
6.901532690,4102826,226
6.903835239,4104060,1234
6.903835239,4104270,210
6.906137788,4105520,1250
6.906137788,4105714,194
6.908440337,4106980,1266
6.908440337,4107158,178
6.910743286,4108440,1282
6.910743286,4108602,162
6.913052896,4109900,1298
6.913052896,4110046,146
6.915444980,4111360,1314
6.915444980,4111490,130
6.917747529,4112820,1330
6.917747529,4112934,114
6.920050078,4114280,1346
6.920050078,4114378,98
6.922352627,4115740,1362
6.922352627,4115822,82
6.924655176,4117200,1378
6.924655176,4117266,66
6.926957645,4118660,1394
6.926957645,4118710,50
6.929348237,4120120,1410
6.929348237,4120154,34
6.931649694,4121580,1426
6.931649694,4121598,18
6.933957812,4123040,1442
6.933957812,4123042,2
6.936258949,4124494,1452
6.938561498,4124500,6
6.938561498,4125939,1439
6.940864047,4125960,21
6.940864047,4127384,1424
6.943166596,4127420,36
6.943166596,4128829,1409
6.945558680,4128880,51
6.945558680,4130274,1394
6.947861229,4130340,66
6.947861229,4131718,1378
6.950163778,4131800,82
6.950163778,4133162,1362
6.952466327,4133260,98
6.952466327,4134606,1346
6.954765596,4134720,114
6.954765596,4137494,2774
6.956556548,4137640,146
6.956556548,4138938,1298
6.958901003,4139100,162
6.958901003,4140382,1282
6.961245458,4140560,178
6.961245458,4141826,1266
6.963589913,4142020,194
6.963589913,4143270,1250
6.965934368,4143480,210
6.965934368,4144714,1234
6.968369987,4144940,226
6.968369987,4146158,1218
6.970714442,4146400,242
6.970714442,4147602,1202
6.973059297,4147860,258
6.973059297,4149046,1186
6.975410950,4149320,274
6.975410950,4150490,1170
6.977755405,4150780,290
6.977755405,4151934,1154
6.980099860,4152240,306
6.980099860,4153378,1138
6.982444315,4153700,322
6.982444315,4154822,1122
6.984879934,4155160,338
6.984879934,4156266,1106
6.987224389,4156620,354
6.987224389,4157710,1090
6.989568844,4158080,370
6.989568844,4159154,1074
6.991913299,4159540,386
6.991913299,4160598,1058
6.994257754,4161000,402
6.994257754,4162042,1042
6.996602609,4162460,418
6.996602609,4163486,1026
6.999045426,4163920,434
6.999045426,4164930,1010
7.001389881,4165380,450
7.001389881,4166374,994
7.003734336,4166840,466
7.003734336,4167818,978
7.006078791,4168300,482
7.006078791,4169262,962
7.008423246,4169760,498
7.008423246,4170706,946
7.010767701,4171220,514
7.010767701,4172150,930
7.013112156,4172680,530
7.013112156,4173594,914
7.015547775,4174140,546
7.015547775,4175038,898
7.017892630,4175600,562
7.017892630,4176482,882
7.020244283,4177060,578
7.020244283,4177926,866
7.022588738,4178520,594
7.022588738,4179370,850
7.024933193,4179980,610
7.024933193,4180814,834
7.027277648,4181440,626
7.027277648,4182258,818
7.029713267,4182900,642
7.029713267,4183702,802
7.032057722,4184360,658
7.032057722,4185146,786
7.034402177,4185820,674
7.034402177,4186590,770
7.036746632,4187280,690
7.036746632,4188034,754
7.039091087,4188740,706
7.039091087,4189478,738
7.041534303,4190200,722
7.041534303,4190922,722
7.043878758,4191660,738
7.043878758,4192366,706
7.046223213,4193120,754
7.046223213,4193810,690
7.048567668,4194580,770
7.048567668,4195254,674
7.050912123,4196040,786
7.050912123,4196698,658
7.054199226,4197500,802
7.054199226,4198142,642
7.056620331,4198960,818
7.056620331,4199586,626
7.059075999,4200420,834
7.059075999,4201030,610
7.061439752,4201880,850
7.061439752,4202474,594
7.063803905,4203340,866
7.063803905,4203918,578
7.066174918,4204800,882
7.066174918,4205362,562
7.068538671,4206260,898
7.068538671,4206806,546
7.070902424,4207720,914
7.070902424,4208250,530
7.073358092,4209180,930
7.073358092,4209694,514
7.075721845,4210640,946
7.075721845,4211138,498
7.078085598,4212100,962
7.078085598,4212582,482
7.080449351,4213560,978
7.080449351,4214026,466
7.082813104,4215020,994
7.082813104,4215470,450
7.085176857,4216480,1010
7.085176857,4216914,434
7.087541010,4217940,1026
7.087541010,4218358,418
7.090003938,4219400,1042
7.090003938,4219802,402
7.092367691,4220860,1058
7.092367691,4221246,386
7.094731444,4222320,1074
7.094731444,4222690,370
7.097095197,4223780,1090
7.097095197,4224134,354
7.099458950,4225240,1106
7.099458950,4225578,338
7.101822703,4226700,1122
7.101822703,4227022,322
7.104278371,4228160,1138
7.104278371,4228466,306
7.106642124,4229620,1154
7.106642124,4229910,290
7.109006277,4231080,1170
7.109006277,4231354,274
7.111377290,4232540,1186
7.111377290,4232798,258
7.113741043,4234000,1202
7.113741043,4234242,242
7.116104796,4235460,1218
7.116104796,4235686,226
7.118468549,4236920,1234
7.118468549,4237130,210
7.120924217,4238380,1250
7.120924217,4238574,194
7.123287970,4239840,1266
7.123287970,4240018,178
7.125651723,4241300,1282
7.125651723,4241462,162
7.128015476,4242760,1298
7.128015476,4242906,146
7.130379229,4244220,1314
7.130379229,4244350,130
7.132743382,4245680,1330
7.132743382,4245794,114
7.135206310,4247140,1346
7.135206310,4247238,98
7.137570063,4248600,1362
7.137570063,4248682,82
7.139933816,4250060,1378
7.139933816,4250126,66
7.142297489,4251520,1394
7.142297489,4251570,50
7.144659710,4252980,1410
7.144659710,4253014,34
7.147021931,4254440,1426
7.147021931,4254458,18
7.149384152,4255900,1442
7.149384152,4255902,2
7.151838368,4257354,1452
7.154202521,4257360,6
7.154202521,4258799,1439
7.156564132,4258820,21
7.156564132,4260244,1424
7.158918514,4260280,36
7.158918514,4261689,1409
7.161272896,4261740,51
7.161272896,4263134,1394
7.163718828,4263200,66
7.163718828,4264578,1378
7.166073210,4264660,82
7.166073210,4266022,1362
7.168427592,4266120,98
7.168427592,4267466,1346
7.170781974,4267580,114
7.170781974,4268910,1330
7.173136356,4269040,130
7.173136356,4270354,1314
7.175490738,4270500,146
7.175490738,4271798,1298
7.177944300,4271960,162
7.177944300,4273242,1282
7.180298682,4273420,178
7.180298682,4274686,1266
7.182653064,4274880,194
7.182653064,4276130,1250
7.185007446,4276340,210
7.185007446,4277574,1234
7.187361828,4277800,226
7.187361828,4279018,1218
7.189716210,4279260,242
7.189716210,4280462,1202
7.192070592,4280720,258
7.192070592,4281906,1186
7.194516524,4282180,274
7.194516524,4283350,1170
7.196870906,4283640,290
7.196870906,4284794,1154
7.199225688,4285100,306
7.199225688,4286238,1138
7.201587299,4286560,322
7.201587299,4287682,1122
7.203941681,4288020,338
7.203941681,4289126,1106
7.206296063,4289480,354
7.206296063,4290570,1090
7.208741995,4290940,370
7.208741995,4292014,1074
7.211096377,4292400,386
7.211096377,4293458,1058
7.213450759,4293860,402
7.213450759,4294902,1042
7.215805141,4295320,418
7.215805141,4296346,1026
7.218159523,4296780,434
7.218159523,4297790,1010
7.220513905,4298240,450
7.220513905,4299234,994
7.222868687,4299700,466
7.222868687,4300678,978
7.225321848,4301160,482
7.225321848,4302122,962
7.227676230,4302620,498
7.227676230,4303566,946
7.230030612,4304080,514
7.230030612,4305010,930
7.232384994,4305540,530
7.232384994,4306454,914
7.234739376,4307000,546
7.234739376,4307898,898
7.237185308,4308460,562
7.237185308,4309342,882
7.239539690,4309920,578
7.239539690,4310786,866
7.241894072,4311380,594
7.241894072,4312230,850
7.244248854,4312840,610
7.244248854,4313674,834
7.246610465,4314300,626
7.246610465,4315118,818
7.248964847,4315760,642
7.248964847,4316562,802
7.251410779,4317220,658
7.251410779,4318006,786
7.253761881,4318680,674
7.253761881,4319450,770
7.255110602,4320140,690
7.255110602,4320894,754
7.257456043,4321600,706
7.257456043,4322338,738
7.259801484,4323060,722
7.259801484,4323782,722
7.262146925,4324520,738
7.262146925,4325226,706
7.264492366,4325980,754
7.264492366,4326670,690
7.266936610,4327440,770
7.266936610,4328114,674
7.269282051,4328900,786
7.269282051,4329558,658
7.271627492,4330360,802
7.271627492,4331002,642
7.273972933,4331820,818
7.273972933,4332446,626
7.276318374,4333280,834
7.276318374,4333890,610
7.278663815,4334740,850
7.278663815,4335334,594
7.281100459,4336200,866
7.281100459,4336778,578
7.283445900,4337660,882
7.283445900,4338222,562
7.285791341,4339120,898
7.285791341,4339666,546
7.288137182,4340580,914
7.288137182,4341110,530
7.290489823,4342040,930
7.290489823,4342554,514
7.292835264,4343500,946
7.292835264,4343998,498
7.295180705,4344960,962
7.295180705,4345442,482
7.297617349,4346420,978
7.297617349,4346886,466
7.299962790,4347880,994
7.299962790,4348330,450
7.302308231,4349340,1010
7.302308231,4349774,434
7.304653672,4350800,1026
7.304653672,4351218,418
7.306999113,4352260,1042
7.306999113,4352662,402
7.309344554,4353720,1058
7.309344554,4354106,386
7.311788798,4355180,1074
7.311788798,4355550,370
7.314134239,4356640,1090
7.314134239,4356994,354
7.316479680,4358100,1106
7.316479680,4358438,338
7.318825121,4359560,1122
7.318825121,4359882,322
7.321170562,4361020,1138
7.321170562,4361326,306
7.323516003,4362480,1154
7.323516003,4362770,290
7.325861444,4363940,1170
7.325861444,4364214,274
7.328298088,4365400,1186
7.328298088,4365658,258
7.330643529,4366860,1202
7.330643529,4367102,242
7.332989370,4368320,1218
7.332989370,4368546,226
7.335342011,4369780,1234
7.335342011,4369990,210
7.337687452,4371240,1250
7.337687452,4371434,194
7.340032893,4372700,1266
7.340032893,4372878,178
7.342469537,4374160,1282
7.342469537,4374322,162
7.344814978,4375620,1298
7.344814978,4375766,146
7.347160419,4377080,1314
7.347160419,4377210,130
7.349505860,4378540,1330
7.349505860,4378654,114
7.354786405,4380000,1346
7.354786405,4380098,98
7.357012390,4381460,1362
7.357012390,4381542,82
7.359098544,4382920,1378
7.359098544,4382986,66
7.361178279,4384380,1394
7.361178279,4384430,50
7.363256746,4385840,1410
7.363256746,4385874,34
7.365335213,4387300,1426
7.365335213,4387318,18
7.367413680,4388760,1442
7.367413680,4388762,2
7.369492227,4390214,1452
7.371652916,4390220,6
7.371652916,4391659,1439
7.373732731,4391680,21
7.373732731,4393104,1424
7.375812546,4393140,36
7.375812546,4394549,1409
7.377892761,4394600,51
7.377892761,4395994,1394
7.379978915,4396060,66
7.379978915,4397438,1378
7.382058730,4397520,82
7.382058730,4398882,1362
7.384219419,4398980,98
7.384219419,4400326,1346
7.386299234,4400440,114
7.386299234,4401770,1330
7.388379049,4401900,130
7.388379049,4403214,1314
7.390458864,4403360,146
7.390458864,4404658,1298
7.392538679,4404820,162
7.392538679,4406102,1282
7.394618494,4406280,178
7.394618494,4407546,1266
7.396698309,4407740,194
7.396698309,4408990,1250
7.398778524,4409200,210
7.398778524,4410434,1234
7.400945552,4410660,226
7.400945552,4411878,1218
7.403025367,4412120,242
7.403025367,4413322,1202
7.405105182,4413580,258
7.405105182,4414766,1186
7.407184997,4415040,274
7.407184997,4416210,1170
7.409264812,4416500,290
7.409264812,4417654,1154
7.411344627,4417960,306
7.411344627,4419098,1138
7.413505316,4419420,322
7.413505316,4420542,1122
7.415585131,4420880,338
7.415585131,4421986,1106
7.417665346,4422340,354
7.417665346,4423430,1090
7.419751500,4423800,370
7.419751500,4424874,1074
7.421831315,4425260,386
7.421831315,4426318,1058
7.423911130,4426720,402
7.423911130,4427762,1042
7.425990945,4428180,418
7.425990945,4429206,1026
7.428151634,4429640,434
7.428151634,4430650,1010
7.430231449,4431100,450
7.430231449,4432094,994
7.432311264,4432560,466
7.432311264,4433538,978
7.434391079,4434020,482
7.434391079,4434982,962
7.436470894,4435480,498
7.436470894,4436426,946
7.438638322,4436940,514
7.438638322,4437870,930
7.440718137,4438400,530
7.440718137,4439314,914
7.442797952,4439860,546
7.442797952,4440758,898
7.444877767,4441320,562
7.444877767,4442202,882
7.446957582,4442780,578
7.446957582,4443646,866
7.449037397,4444240,594
7.449037397,4445090,850
7.451198086,4445700,610
7.451198086,4446534,834
7.453277901,4447160,626
7.453277901,4447978,818
7.455354436,4448620,642
7.455354436,4449422,802
7.456723302,4450080,658
7.456723302,4450866,786
7.459095753,4451540,674
7.459095753,4452310,770
7.461460939,4453000,690
7.461460939,4453754,754
7.463826125,4454460,706
7.463826125,4455198,738
7.466283281,4455920,722
7.466283281,4456642,722
7.468648467,4457380,738
7.468648467,4458086,706
7.471013653,4458840,754
7.471013653,4459530,690
7.473378839,4460300,770
7.473378839,4460974,674
7.475744025,4461760,786
7.475744025,4462418,658
7.478109211,4463220,802
7.478109211,4463862,642
7.480574032,4464680,818
7.480574032,4465306,626
7.482939218,4466140,834
7.482939218,4466750,610
7.485304404,4467600,850
7.485304404,4468194,594
7.487669590,4469060,866
7.487669590,4469638,578
7.490034776,4470520,882
7.490034776,4471082,562
7.492399962,4471980,898
7.492399962,4472526,546
7.494765148,4473440,914
7.494765148,4473970,530
7.497222304,4474900,930
7.497222304,4475414,514
7.499587490,4476360,946
7.499587490,4476858,498
7.501953076,4477820,962
7.501953076,4478302,482
7.504325527,4479280,978
7.504325527,4479746,466
7.506690713,4480740,994
7.506690713,4481190,450
7.509055899,4482200,1010
7.509055899,4482634,434
7.511513055,4483660,1026
7.511513055,4484078,418
7.513878241,4485120,1042
7.513878241,4485522,402
7.516243427,4486580,1058
7.516243427,4486966,386
7.518608613,4488040,1074
7.518608613,4488410,370
7.520973799,4489500,1090
7.520973799,4489854,354
7.523431355,4490960,1106
7.523431355,4491298,338
7.525803806,4492420,1122
7.525803806,4492742,322
7.528168992,4493880,1138
7.528168992,4494186,306
7.530534178,4495340,1154
7.530534178,4495630,290
7.532899364,4496800,1170
7.532899364,4497074,274
7.535264550,4498260,1186
7.535264550,4498518,258
7.537629736,4499720,1202
7.537629736,4499962,242
7.540086892,4501180,1218
7.540086892,4501406,226
7.542452078,4502640,1234
7.542452078,4502850,210
7.544817264,4504100,1250
7.544817264,4504294,194
7.547182850,4505560,1266
7.547182850,4505738,178
7.549555301,4507020,1282
7.549555301,4507182,162
7.551920487,4508480,1298
7.551920487,4508626,146
7.555319752,4509940,1314
7.555319752,4510070,130
7.557721084,4511400,1330
7.557721084,4511514,114
7.560064525,4512860,1346
7.560064525,4512958,98
7.562407966,4514320,1362
7.562407966,4514402,82
7.564751407,4515780,1378
7.564751407,4515846,66
7.567094768,4517240,1394
7.567094768,4517290,50
7.569436690,4518700,1410
7.569436690,4518734,34
7.571877331,4520160,1426
7.571877331,4520178,18
7.574219253,4521620,1442
7.574219253,4521622,2
7.576561255,4523074,1452
7.578904696,4523080,6
7.578904696,4524519,1439
7.581248137,4524540,21
7.581248137,4525964,1424
7.583591578,4526000,36
7.583591578,4527409,1409
7.586026144,4527460,51
7.586026144,4528854,1394
7.588369585,4528920,66
7.588369585,4530298,1378
7.590713026,4530380,82
7.590713026,4531742,1362
7.593056867,4531840,98
7.593056867,4533186,1346
7.595407501,4533300,114
7.595407501,4534630,1330
7.597750942,4534760,130
7.597750942,4536074,1314
7.600094383,4536220,146
7.600094383,4537518,1298
7.602437824,4537680,162
7.602437824,4538962,1282
7.604872390,4539140,178
7.604872390,4540406,1266
7.607215831,4540600,194
7.607215831,4541850,1250
7.609559272,4542060,210
7.609559272,4543294,1234
7.611902713,4543520,226
7.611902713,4544738,1218
7.614246154,4544980,242
7.614246154,4546182,1202
7.616688314,4546440,258
7.616688314,4547626,1186
7.619031755,4547900,274
7.619031755,4549070,1170
7.621375196,4549360,290
7.621375196,4550514,1154
7.623718637,4550820,306
7.623718637,4551958,1138
7.626062078,4552280,322
7.626062078,4553402,1122
7.628496644,4553740,338
7.628496644,4554846,1106
7.630840085,4555200,354
7.630840085,4556290,1090
7.633183526,4556660,370
7.633183526,4557734,1074
7.635526967,4558120,386
7.635526967,4559178,1058
7.637870808,4559580,402
7.637870808,4560622,1042
7.640221442,4561040,418
7.640221442,4562066,1026
7.642564883,4562500,434
7.642564883,4563510,1010
7.644908324,4563960,450
7.644908324,4564954,994
7.647342890,4565420,466
7.647342890,4566398,978
7.649686331,4566880,482
7.649686331,4567842,962
7.652029772,4568340,498
7.652029772,4569286,946
7.654369933,4569800,514
7.654369933,4572174,2374
7.655968269,4572720,546
7.655968269,4573618,898
7.658228685,4574180,562
7.658228685,4575062,882
7.660482199,4575640,578
7.660482199,4576506,866
7.662735713,4577100,594
7.662735713,4577950,850
7.664989227,4578560,610
7.664989227,4579394,834
7.667242741,4580020,626
7.667242741,4580838,818
7.669496255,4581480,642
7.669496255,4582282,802
7.671749769,4582940,658
7.671749769,4583726,786
7.674090911,4584400,674
7.674090911,4585170,770
7.676344425,4585860,690
7.676344425,4586614,754
7.678598339,4587320,706
7.678598339,4588058,738
7.680858755,4588780,722
7.680858755,4589502,722
7.683112269,4590240,738
7.683112269,4590946,706
7.685453411,4591700,754
7.685453411,4592390,690
7.687706925,4593160,770
7.687706925,4593834,674
7.689960439,4594620,786
7.689960439,4595278,658
7.692213953,4596080,802
7.692213953,4596722,642
7.694467467,4597540,818
7.694467467,4598166,626
7.696808609,4599000,834
7.696808609,4599610,610
7.699062523,4600460,850
7.699062523,4601054,594
7.701322939,4601920,866
7.701322939,4602498,578
7.703576453,4603380,882
7.703576453,4603942,562
7.705829967,4604840,898
7.705829967,4605386,546
7.708083481,4606300,914
7.708083481,4606830,530
7.710336995,4607760,930
7.710336995,4608274,514
7.712590509,4609220,946
7.712590509,4609718,498
7.714931651,4610680,962
7.714931651,4611162,482
7.717185165,4612140,978
7.717185165,4612606,466
7.719438679,4613600,994
7.719438679,4614050,450
7.721692593,4615060,1010
7.721692593,4615494,434
7.723953009,4616520,1026
7.723953009,4616938,418
7.726294151,4617980,1042
7.726294151,4618382,402
7.728547665,4619440,1058
7.728547665,4619826,386
7.730801179,4620900,1074
7.730801179,4621270,370
7.733054693,4622360,1090
7.733054693,4622714,354
7.735308207,4623820,1106
7.735308207,4624158,338
7.737561721,4625280,1122
7.737561721,4625602,322
7.739815235,4626740,1138
7.739815235,4627046,306
7.742068749,4628200,1154
7.742068749,4628490,290
7.744417193,4629660,1170
7.744417193,4629934,274
7.746670707,4631120,1186
7.746670707,4631378,258
7.748924221,4632580,1202
7.748924221,4632822,242
7.753112454,4634040,1218
7.753112454,4634266,226
7.755243078,4635500,1234
7.755243078,4635710,210
7.757388732,4636960,1250
7.757388732,4637154,194
7.759454075,4638420,1266
7.759454075,4638598,178
7.761519418,4639880,1282
7.761519418,4640042,162
7.763584761,4641340,1298
7.763584761,4641486,146
7.765650504,4642800,1314
7.765650504,4642930,130
7.767722140,4644260,1330
7.767722140,4644374,114
7.769787483,4645720,1346
7.769787483,4645818,98
7.771852826,4647180,1362
7.771852826,4647262,82
7.773998480,4648640,1378
7.773998480,4648706,66
7.776063743,4650100,1394
7.776063743,4650150,50
7.778127747,4651560,1410
7.778127747,4651594,34
7.780191751,4653020,1426
7.780191751,4653038,18
7.782255755,4654480,1442
7.782255755,4654482,2
7.784400550,4655934,1452
7.786472186,4655940,6
7.786472186,4657379,1439
7.788537529,4657400,21
7.788537529,4658824,1424
7.790602872,4658860,36
7.790602872,4660269,1409
7.792668215,4660320,51
7.792668215,4661714,1394
7.794813869,4661780,66
7.794813869,4663158,1378
7.796879212,4663240,82
7.796879212,4664602,1362
7.798944555,4664700,98
7.798944555,4666046,1346
7.801009898,4666160,114
7.801009898,4667490,1330
7.803075241,4667620,130
7.803075241,4668934,1314
7.805140984,4669080,146
7.805140984,4670378,1298
7.807212620,4670540,162
7.807212620,4671822,1282
7.809277963,4672000,178
7.809277963,4673266,1266
7.811423617,4673460,194
7.811423617,4674710,1250
7.813488960,4674920,210
7.813488960,4676154,1234
7.815554303,4676380,226
7.815554303,4677598,1218
7.817619646,4677840,242
7.817619646,4679042,1202
7.819684989,4679300,258
7.819684989,4680486,1186
7.821830643,4680760,274
7.821830643,4681930,1170
7.823896386,4682220,290
7.823896386,4683374,1154
7.825968022,4683680,306
7.825968022,4684818,1138
7.828033365,4685140,322
7.828033365,4686262,1122
7.830098708,4686600,338
7.830098708,4687706,1106
7.832164051,4688060,354
7.832164051,4689150,1090
7.834229394,4689520,370
7.834229394,4690594,1074
7.836375048,4690980,386
7.836375048,4692038,1058
7.838440391,4692440,402
7.838440391,4693482,1042
7.840505734,4693900,418
7.840505734,4694926,1026
7.842571077,4695360,434
7.842571077,4696370,1010
7.844636820,4696820,450
7.844636820,4697814,994
7.846708456,4698280,466
7.846708456,4699258,978
7.848854110,4699740,482
7.848854110,4700702,962
7.850919453,4701200,498
7.850919453,4702146,946
7.852984796,4702660,514
7.852984796,4703590,930
7.855046859,4704120,530
7.855046859,4705034,914
7.856188745,4705580,546
7.856188745,4706478,898
7.858327351,4707040,562
7.858327351,4707922,882
7.860465957,4708500,578
7.860465957,4709366,866
7.862604563,4709960,594
7.862604563,4710810,850
7.864833259,4711420,610
7.864833259,4712254,834
7.866971865,4712880,626
7.866971865,4713698,818
7.869110471,4714340,642
7.869110471,4715142,802
7.871249077,4715800,658
7.871249077,4716586,786
7.873387683,4717260,674
7.873387683,4718030,770
7.875609449,4718720,690
7.875609449,4719474,754
7.877748055,4720180,706
7.877748055,4720918,738
7.879886661,4721640,722
7.879886661,4722362,722
7.882025267,4723100,738
7.882025267,4723806,706
7.884164273,4724560,754
7.884164273,4725250,690
7.886309409,4726020,770
7.886309409,4726694,674
7.888531175,4727480,786
7.888531175,4728138,658
7.890669781,4728940,802
7.890669781,4729582,642
7.892808387,4730400,818
7.892808387,4731026,626
7.894946993,4731860,834
7.894946993,4732470,610
7.897085599,4733320,850
7.897085599,4733914,594
7.899224205,4734780,866
7.899224205,4735358,578
7.901362811,4736240,882
7.901362811,4736802,562
7.903501417,4737700,898
7.903501417,4738246,546
7.905730113,4739160,914
7.905730113,4739690,530
7.907868719,4740620,930
7.907868719,4741134,514
7.910007325,4742080,946
7.910007325,4742578,498
7.912145931,4743540,962
7.912145931,4744022,482
7.914284537,4745000,978
7.914284537,4745466,466
7.916506303,4746460,994
7.916506303,4746910,450
7.918644909,4747920,1010
7.918644909,4748354,434
7.920783515,4749380,1026
7.920783515,4749798,418
7.922922121,4750840,1042
7.922922121,4751242,402
7.925061127,4752300,1058
7.925061127,4752686,386
7.927206263,4753760,1074
7.927206263,4754130,370
7.929344869,4755220,1090
7.929344869,4755574,354
7.931483475,4756680,1106
7.931483475,4757018,338
7.933705241,4758140,1122
7.933705241,4758462,322
7.935843847,4759600,1138
7.935843847,4759906,306
7.937982453,4761060,1154
7.937982453,4761350,290
7.940121059,4762520,1170
7.940121059,4762794,274
7.942259665,4763980,1186
7.942259665,4764238,258
7.944481831,4765440,1202
7.944481831,4765682,242
7.946626967,4766900,1218
7.946626967,4767126,226
7.948765573,4768360,1234
7.948765573,4768570,210
7.950904179,4769820,1250
7.950904179,4770014,194
7.954986617,4771280,1266
7.954986617,4771458,178
7.957451089,4772740,1282
7.957451089,4772902,162
7.959859393,4774200,1298
7.959859393,4774346,146
7.962267697,4775660,1314
7.962267697,4775790,130
7.964769648,4777120,1330
7.964769648,4777234,114
7.967177952,4778580,1346
7.967177952,4778678,98
7.969586656,4780040,1362
7.969586656,4780122,82
7.972002364,4781500,1378
7.972002364,4781566,66
7.974410588,4782960,1394
7.974410588,4783010,50
7.976910978,4784420,1410
7.976910978,4784454,34
7.979317721,4785880,1426
7.979317721,4785898,18
7.981724464,4787340,1442
7.981724464,4787342,2
7.984131287,4788794,1452
7.986539591,4788800,6
7.986539591,4790239,1439
7.989041542,4790260,21
7.989041542,4791684,1424
7.991450246,4791720,36
7.991450246,4793129,1409
7.993865954,4793180,51
7.993865954,4794574,1394
7.996274258,4794640,66
7.996274258,4796018,1378
7.998682562,4796100,82
7.998682562,4797462,1362
8.001090866,4797560,98
8.001090866,4798906,1346
8.003499170,4799020,114
8.003499170,4800350,1330
8.005907474,4800480,130
8.005907474,4801794,1314
8.008409425,4801940,146
8.008409425,4803238,1298
8.010817729,4803400,162
8.010817729,4804682,1282
8.013226033,4804860,178
8.013226033,4806126,1266
8.015634737,4806320,194
8.015634737,4807570,1250
8.018050445,4807780,210
8.018050445,4809014,1234
8.020552396,4809240,226
8.020552396,4810458,1218
8.022960700,4810700,242
8.022960700,4811902,1202
8.025369004,4812160,258
8.025369004,4813346,1186
8.027777308,4813620,274
8.027777308,4814790,1170
8.030185612,4815080,290
8.030185612,4816234,1154
8.032593916,4816540,306
8.032593916,4817678,1138
8.035002220,4818000,322
8.035002220,4819122,1122
8.037410524,4819460,338
8.037410524,4820566,1106
8.039920279,4820920,354
8.039920279,4822010,1090
8.042328583,4822380,370
8.042328583,4823454,1074
8.044736887,4823840,386
8.044736887,4824898,1058
8.047145191,4825300,402
8.047145191,4826342,1042
8.049553495,4826760,418
8.049553495,4827786,1026
8.052055446,4828220,434
8.052055446,4829230,1010
8.054460470,4829680,450
8.054460470,4830674,994
8.054583910,4831140,466
8.054583910,4832118,978
8.056680178,4832600,482
8.056680178,4833562,962
8.058788792,4834060,498
8.058788792,4835006,946
8.060903438,4835520,514
8.060903438,4836450,930
8.063011652,4836980,530
8.063011652,4837894,914
8.065119866,4838440,546
8.065119866,4839338,898
8.067310058,4839900,562
8.067310058,4840782,882
8.069418272,4841360,578
8.069418272,4842226,866
8.071526486,4842820,594
8.071526486,4843670,850
8.073634700,4844280,610
8.073634700,4845114,834
8.075742914,4845740,626
8.075742914,4846558,818
8.077933506,4847200,642
8.077933506,4848002,802
8.080048152,4848660,658
8.080048152,4849446,786
8.082156366,4850120,674
8.082156366,4850890,770
8.084264580,4851580,690
8.084264580,4852334,754
8.086372794,4853040,706
8.086372794,4853778,738
8.088562986,4854500,722
8.088562986,4855222,722
8.090671200,4855960,738
8.090671200,4856666,706
8.092779414,4857420,754
8.092779414,4858110,690
8.094887628,4858880,770
8.094887628,4859554,674
8.096995842,4860340,786
8.096995842,4860998,658
8.099104456,4861800,802
8.099104456,4862442,642
8.101219102,4863260,818
8.101219102,4863886,626
8.103327316,4864720,834
8.103327316,4865330,610
8.105517508,4866180,850
8.105517508,4866774,594
8.107625722,4867640,866
8.107625722,4868218,578
8.109733936,4869100,882
8.109733936,4869662,562
8.111842150,4870560,898
8.111842150,4871106,546
8.113950364,4872020,914
8.113950364,4872550,530
8.116140556,4873480,930
8.116140556,4873994,514
8.118249170,4874940,946
8.118249170,4875438,498
8.120363816,4876400,962
8.120363816,4876882,482
8.122472030,4877860,978
8.122472030,4878326,466
8.124580244,4879320,994
8.124580244,4879770,450
8.126688458,4880780,1010
8.126688458,4881214,434
8.128796672,4882240,1026
8.128796672,4882658,418
8.130904886,4883700,1042
8.130904886,4884102,402
8.133095078,4885160,1058
8.133095078,4885546,386
8.135203292,4886620,1074
8.135203292,4886990,370
8.137311506,4888080,1090
8.137311506,4888434,354
8.139420120,4889540,1106
8.139420120,4889878,338
8.141534766,4891000,1122
8.141534766,4891322,322
8.143724958,4892460,1138
8.143724958,4892766,306
8.145833172,4893920,1154
8.145833172,4894210,290
8.147941386,4895380,1170
8.147941386,4895654,274
8.150049600,4896840,1186
8.150049600,4897098,258
8.154098193,4898300,1202
8.154098193,4898542,242
8.156524755,4899760,1218
8.156524755,4899986,226
8.158803102,4901220,1234
8.158803102,4901430,210
8.161081849,4902680,1250
8.161081849,4902874,194
8.163367179,4904140,1266
8.163367179,4904318,178
8.165645526,4905600,1282
8.165645526,4905762,162
8.167923873,4907060,1298
8.167923873,4907206,146
8.170202220,4908520,1314
8.170202220,4908650,130
8.172480567,4909980,1330
8.172480567,4910094,114
8.174847508,4911440,1346
8.174847508,4911538,98
8.177125855,4912900,1362
8.177125855,4912982,82
8.179404202,4914360,1378
8.179404202,4914426,66
8.181682469,4915820,1394
8.181682469,4915870,50
8.183959739,4917280,1410
8.183959739,4917314,34
8.186332186,4918740,1426
8.186332186,4918758,18
8.188609056,4920200,1442
8.188609056,4920202,2
8.190886006,4921654,1452
8.193164353,4921660,6
8.193164353,4923099,1439
8.195442700,4923120,21
8.195442700,4924544,1424
8.197721047,4924580,36
8.197721047,4925989,1409
8.199999394,4926040,51
8.199999394,4927434,1394
8.202277741,4927500,66
8.202277741,4928878,1378
8.204645082,4928960,82
8.204645082,4930322,1362
8.206930412,4930420,98
8.206930412,4931766,1346
8.209208759,4931880,114
8.209208759,4933210,1330
8.211487106,4933340,130
8.211487106,4934654,1314
8.213765453,4934800,146
8.213765453,4936098,1298
8.216132394,4936260,162
8.216132394,4937542,1282
8.218410741,4937720,178
8.218410741,4938986,1266
8.220689088,4939180,194
8.220689088,4940430,1250
8.222967435,4940640,210
8.222967435,4941874,1234
8.225245782,4942100,226
8.225245782,4943318,1218
8.227524529,4943560,242
8.227524529,4944762,1202
8.229809859,4945020,258
8.229809859,4946206,1186
8.232088206,4946480,274
8.232088206,4947650,1170
8.234455147,4947940,290
8.234455147,4949094,1154
8.236733494,4949400,306
8.236733494,4950538,1138
8.239011841,4950860,322
8.239011841,4951982,1122
8.241290188,4952320,338
8.241290188,4953426,1106
8.243568535,4953780,354
8.243568535,4954870,1090
8.245935476,4955240,370
8.245935476,4956314,1074
8.248214223,4956700,386
8.248214223,4957758,1058
8.250499553,4958160,402
8.250499553,4959202,1042
8.252777900,4959620,418
8.252777900,4960646,1026
8.255056247,4961080,434
8.255056247,4962090,1010
8.257415466,4962540,450
8.257415466,4963534,994
8.259686380,4964000,466
8.259686380,4964978,978
8.261957294,4965460,482
8.261957294,4966422,962
8.264228208,4966920,498
8.264228208,4967866,946
8.266499122,4968380,514
8.266499122,4969310,930
8.268770036,4969840,530
8.268770036,4970754,914
8.271041350,4971300,546
8.271041350,4972198,898
8.273319223,4972760,562
8.273319223,4973642,882
8.275678442,4974220,578
8.275678442,4975086,866
8.277949356,4975680,594
8.277949356,4976530,850
8.280220270,4977140,610
8.280220270,4977974,834
8.282491184,4978600,626
8.282491184,4979418,818
8.284762098,4980060,642
8.284762098,4980862,802
8.287121317,4981520,658
8.287121317,4982306,786
8.289392231,4982980,674
8.289392231,4983750,770
8.291663545,4984440,690
8.291663545,4985194,754
8.293941418,4985900,706
8.293941418,4986638,738
8.296212332,4987360,722
8.296212332,4988082,722
8.298483246,4988820,738
8.298483246,4989526,706
8.300754160,4990280,754
8.300754160,4990970,690
8.303025074,4991740,770
8.303025074,4992414,674
8.305384293,4993200,786
8.305384293,4993858,658
8.307655207,4994660,802
8.307655207,4995302,642
8.309926121,4996120,818
8.309926121,4996746,626
8.312197035,4997580,834
8.312197035,4998190,610
8.314468349,4999040,850
8.314468349,4999634,594
8.316834527,5000500,866
8.316834527,5001078,578
8.319105441,5001960,882
8.319105441,5002522,562
8.321376355,5003420,898
8.321376355,5003966,546
8.323647269,5004880,914
8.323647269,5005410,530
8.325918183,5006340,930
8.325918183,5006854,514
8.328189097,5007800,946
8.328189097,5008298,498
8.330460011,5009260,962
8.330460011,5009742,482
8.332730925,5010720,978
8.332730925,5011186,466
8.335090544,5012180,994
8.335090544,5012630,450
8.337368417,5013640,1010
8.337368417,5014074,434
8.339639331,5015100,1026
8.339639331,5015518,418
8.341910245,5016560,1042
8.341910245,5016962,402
8.344181159,5018020,1058
8.344181159,5018406,386
8.346540378,5019480,1074
8.346540378,5019850,370
8.348811292,5020940,1090
8.348811292,5021294,354
8.351082206,5022400,1106
8.351082206,5022738,338
8.353353120,5023860,1122
8.353353120,5024182,322
8.355620754,5025320,1138
8.355620754,5027070,1750
8.357175313,5028240,1170
8.357175313,5028514,274
8.359404010,5029700,1186
8.359404010,5029958,258
8.361632707,5031160,1202
8.361632707,5031402,242
8.363861404,5032620,1218
8.363861404,5032846,226
8.366090101,5034080,1234
8.366090101,5034290,210
8.368318798,5035540,1250
8.368318798,5035734,194
8.370547495,5037000,1266
8.370547495,5037178,178
8.372862855,5038460,1282
8.372862855,5038622,162
8.375091952,5039920,1298
8.375091952,5040066,146
8.377327471,5041380,1314
8.377327471,5041510,130
8.379556168,5042840,1330
8.379556168,5042954,114
8.381784865,5044300,1346
8.381784865,5044398,98
8.384100225,5045760,1362
8.384100225,5045842,82
8.386328922,5047220,1378
8.386328922,5047286,66
8.388557539,5048680,1394
8.388557539,5048730,50
8.390784791,5050140,1410
8.390784791,5050174,34
8.393012043,5051600,1426
8.393012043,5051618,18
8.395239295,5053060,1442
8.395239295,5053062,2
8.397467027,5054514,1452
8.399702546,5054520,6
8.399702546,5055959,1439
8.401931243,5055980,21
8.401931243,5057404,1424
8.404246603,5057440,36
8.404246603,5058849,1409
8.406475300,5058900,51
8.406475300,5060294,1394
8.408703997,5060360,66
8.408703997,5061738,1378
8.410932694,5061820,82
8.410932694,5063182,1362
8.413161391,5063280,98
8.413161391,5064626,1346
8.415476751,5064740,114
8.415476751,5066070,1330
8.417705848,5066200,130
8.417705848,5067514,1314
8.419941367,5067660,146
8.419941367,5068958,1298
8.422170064,5069120,162
8.422170064,5070402,1282
8.424398761,5070580,178
8.424398761,5071846,1266
8.426627458,5072040,194
8.426627458,5073290,1250
8.428856155,5073500,210
8.428856155,5074734,1234
8.431084852,5074960,226
8.431084852,5076178,1218
8.433400212,5076420,242
8.433400212,5077622,1202
8.435628909,5077880,258
8.435628909,5079066,1186
8.437857606,5079340,274
8.437857606,5080510,1170
8.440086703,5080800,290
8.440086703,5081954,1154
8.442322222,5082260,306
8.442322222,5083398,1138
8.444637582,5083720,322
8.444637582,5084842,1122
8.446866279,5085180,338
8.446866279,5086286,1106
8.449094976,5086640,354
8.449094976,5087730,1090
8.453259826,5088100,370
8.453259826,5089174,1074
8.455442998,5089560,386
8.455442998,5090618,1058
8.457644733,5091020,402
8.457644733,5092062,1042
8.459764058,5092480,418
8.459764058,5093506,1026
8.461883783,5093940,434
8.461883783,5094950,1010
8.464009576,5095400,450
8.464009576,5096394,994
8.466128901,5096860,466
8.466128901,5097838,978
8.468248226,5098320,482
8.468248226,5099282,962
8.470367551,5099780,498
8.470367551,5100726,946
8.472486876,5101240,514
8.472486876,5102170,930
8.474688611,5102700,530
8.474688611,5103614,914
8.476807936,5104160,546
8.476807936,5105058,898
8.478927261,5105620,562
8.478927261,5106502,882
8.481046586,5107080,578
8.481046586,5107946,866
8.483166311,5108540,594
8.483166311,5109390,850
8.485374514,5110000,610
8.485374514,5110834,834
8.487493839,5111460,626
8.487493839,5112278,818
8.489613164,5112920,642
8.489613164,5113722,802
8.491732489,5114380,658
8.491732489,5115166,786
8.493851814,5115840,674
8.493851814,5116610,770
8.495971139,5117300,690
8.495971139,5118054,754
8.498090464,5118760,706
8.498090464,5119498,738
8.500209789,5120220,722
8.500209789,5120942,722
8.502411924,5121680,738
8.502411924,5122386,706
8.504537717,5123140,754
8.504537717,5123830,690
8.506657042,5124600,770
8.506657042,5125274,674
8.508776367,5126060,786
8.508776367,5126718,658
8.510895692,5127520,802
8.510895692,5128162,642
8.513097427,5128980,818
8.513097427,5129606,626
8.515216752,5130440,834
8.515216752,5131050,610
8.517336077,5131900,850
8.517336077,5132494,594
8.519455402,5133360,866
8.519455402,5133938,578
8.521574727,5134820,882
8.521574727,5135382,562
8.523783330,5136280,898
8.523783330,5136826,546
8.525902655,5137740,914
8.525902655,5138270,530
8.528021980,5139200,930
8.528021980,5139714,514
8.530141305,5140660,946
8.530141305,5141158,498
8.532260630,5142120,962
8.532260630,5142602,482
8.534379955,5143580,978
8.534379955,5144046,466
8.536499280,5145040,994
8.536499280,5145490,450
8.538701015,5146500,1010
8.538701015,5146934,434
8.540820340,5147960,1026
8.540820340,5148378,418
8.542940065,5149420,1042
8.542940065,5149822,402
8.545065858,5150880,1058
8.545065858,5151266,386
8.547185183,5152340,1074
8.547185183,5152710,370
8.549304508,5153800,1090
8.549304508,5154154,354
8.551506243,5155260,1106
8.551506243,5155598,338
8.553622288,5156720,1122
8.553622288,5158486,1766
8.555050256,5159640,1154
8.555050256,5159930,290
8.557262600,5161100,1170
8.557262600,5161374,274
8.559474944,5162560,1186
8.559474944,5162818,258
8.561687688,5164020,1202
8.561687688,5164262,242
8.563906801,5165480,1218
8.563906801,5165706,226
8.566205172,5166940,1234
8.566205172,5167150,210
8.568417516,5168400,1250
8.568417516,5168594,194
8.570629860,5169860,1266
8.570629860,5170038,178
8.572842204,5171320,1282
8.572842204,5171482,162
8.575054548,5172780,1298
8.575054548,5172926,146
8.577352919,5174240,1314
8.577352919,5174370,130
8.579565263,5175700,1330
8.579565263,5175814,114
8.581778007,5177160,1346
8.581778007,5177258,98
8.583997120,5178620,1362
8.583997120,5178702,82
8.586209464,5180080,1378
8.586209464,5180146,66
8.588421728,5181540,1394
8.588421728,5181590,50
8.590632638,5183000,1410
8.590632638,5183034,34
8.592843548,5184460,1426
8.592843548,5184478,18
8.595140485,5185920,1442
8.595140485,5185922,2
8.597351475,5187374,1452
8.599563819,5187380,6
8.599563819,5188819,1439
8.601776163,5188840,21
8.601776163,5190264,1424
8.603988907,5190300,36
8.603988907,5191709,1409
8.606294047,5191760,51
8.606294047,5193154,1394
8.608506391,5193220,66
8.608506391,5194598,1378
8.610718735,5194680,82
8.610718735,5196042,1362
8.612931079,5196140,98
8.612931079,5197486,1346
8.615143423,5197600,114
8.615143423,5198930,1330
8.617441794,5199060,130
8.617441794,5200374,1314
8.619654138,5200520,146
8.619654138,5201818,1298
8.621866482,5201980,162
8.621866482,5203262,1282
8.624079226,5203440,178
8.624079226,5204706,1266
8.626298339,5204900,194
8.626298339,5206150,1250
8.628510683,5206360,210
8.628510683,5207594,1234
8.630723027,5207820,226
8.630723027,5209038,1218
8.632935371,5209280,242
8.632935371,5210482,1202
8.635233742,5210740,258
8.635233742,5211926,1186
8.637446086,5212200,274
8.637446086,5213370,1170
8.639658430,5213660,290
8.639658430,5214814,1154
8.641870774,5215120,306
8.641870774,5216258,1138
8.644083118,5216580,322
8.644083118,5217702,1122
8.646388658,5218040,338
8.646388658,5219146,1106
8.648601002,5219500,354
8.648601002,5220590,1090
8.652750700,5220960,370
8.652750700,5222034,1074
8.654977838,5222420,386
8.654977838,5223478,1058
8.657142330,5223880,402
8.657142330,5224922,1042
8.659306822,5225340,418
8.659306822,5226366,1026
8.661471314,5226800,434
8.661471314,5227810,1010
8.663635806,5228260,450
8.663635806,5229254,994
8.665884464,5229720,466
8.665884464,5230698,978
8.668049356,5231180,482
8.668049356,5232142,962
8.670220461,5232640,498
8.670220461,5233586,946
8.672384953,5234100,514
8.672384953,5235030,930
8.674549445,5235560,530
8.674549445,5236474,914
8.676798103,5237020,546
8.676798103,5237918,898
8.678962595,5238480,562
8.678962595,5239362,882
8.681127087,5239940,578
8.681127087,5240806,866
8.683291579,5241400,594
8.683291579,5242250,850
8.684143494,5242800,550
