elapsed_s,rx_app,packet_bytes
0.157827265,1456,1456
0.159928944,1460,4
0.159928944,2905,1445
0.164465475,2920,15
0.164465475,4354,1434
0.174465475,4380,26
0.174465475,5803,1423
0.267154260,5840,37
0.267154260,7252,1412
0.269573543,7300,48
0.269573543,8701,1401
0.271992826,8760,59
0.271992826,10150,1390
0.274412109,10220,70
0.274412109,11598,1378
0.276831392,11680,82
0.276831392,13046,1366
0.279250675,13140,94
0.279250675,14494,1354
0.287155765,14600,106
0.287155765,15942,1342
0.289575448,16060,118
0.289575448,17390,1330
0.374688764,17520,130
0.374688764,18834,1314
0.377118368,18980,146
0.377118368,20278,1298
0.379547972,20440,162
0.379547972,21722,1282
0.381977576,21900,178
0.381977576,23166,1266
0.384407180,23360,194
0.384407180,24610,1250
0.386836784,24820,210
0.386836784,26054,1234
0.389266228,26280,226
0.389266228,27498,1218
0.391692681,27740,242
0.391692681,28942,1202
0.394119134,29200,258
0.394119134,30386,1186
0.396545987,30660,274
0.396545987,31830,1170
0.398979918,32120,290
0.398979918,33274,1154
0.401406371,33580,306
0.401406371,34718,1138
0.403922634,35040,322
0.403922634,36162,1122
0.406349087,36500,338
0.406349087,37606,1106
0.408775540,37960,354
0.408775540,39050,1090
0.411201993,39420,370
0.411201993,40494,1074
0.482107373,40880,386
0.482107373,41938,1058
0.484389475,42340,402
0.484389475,43382,1042
0.486678175,43800,418
0.486678175,44826,1026
0.488959877,45260,434
0.488959877,46270,1010
0.491241579,46720,450
0.491241579,47714,994
0.493523281,48180,466
0.493523281,49158,978
0.495804823,49640,482
0.495804823,50602,962
0.498083565,51100,498
0.498083565,52046,946
0.500362307,52560,514
0.500362307,53490,930
0.502641049,54020,530
0.502641049,54934,914
0.504919791,55480,546
0.504919791,56378,898
0.507198533,56940,562
0.507198533,57822,882
0.509477675,58400,578
0.509477675,59266,866
0.511763416,59860,594
0.511763416,60710,850
0.514042158,61320,610
0.514042158,62154,834
0.516320900,62780,626
0.516320900,63598,818
0.518599642,64240,642
0.518599642,65042,802
0.520878384,65700,658
0.520878384,66486,786
0.523241469,67160,674
0.523241469,67930,770
0.525520211,68620,690
0.525520211,69374,754
0.527798953,70080,706
0.527798953,70818,738
0.530077695,71540,722
0.530077695,72262,722
0.532356837,73000,738
0.532356837,73706,706
0.534642578,74460,754
0.534642578,75150,690
0.536921320,75920,770
0.536921320,76594,674
0.539200062,77380,786
0.539200062,78038,658
0.541478804,78840,802
0.541478804,79482,642
0.543757546,80300,818
0.543757546,80926,626
0.546120631,81760,834
0.546120631,82370,610
0.548399373,83220,850
0.548399373,83814,594
0.550678115,84680,866
0.550678115,85258,578
0.552789965,86140,882
0.552789965,86702,562
0.586778413,87600,898
0.586778413,88146,546
0.588890263,89060,914
0.588890263,89590,530
0.591002113,90520,930
0.591002113,91034,514
0.593113963,91980,946
0.593113963,92478,498
0.595225813,93440,962
0.595225813,93922,482
0.597337663,94900,978
0.597337663,95366,466
0.599449513,96360,994
0.599449513,96810,450
0.601561363,97820,1010
0.601561363,98254,434
0.603673213,99280,1026
0.603673213,99698,418
0.605785063,100740,1042
0.605785063,101142,402
0.607981935,102200,1058
0.607981935,102586,386
0.610093785,103660,1074
0.610093785,104030,370
0.612205635,105120,1090
0.612205635,105474,354
0.614317485,106580,1106
0.614317485,106918,338
0.616429335,108040,1122
0.616429335,108362,322
0.618541185,109500,1138
0.618541185,109806,306
0.620653035,110960,1154
0.620653035,111250,290
0.622764885,112420,1170
0.622764885,112694,274
0.624876735,113880,1186
0.624876735,114138,258
0.626988585,115340,1202
0.626988585,115582,242
0.629100835,116800,1218
0.629100835,117026,226
0.631219142,118260,1234
0.631219142,118470,210
0.633409157,119720,1250
0.633409157,119914,194
0.635521007,121180,1266
0.635521007,121358,178
0.637632857,122640,1282
0.637632857,122802,162
0.639744707,124100,1298
0.639744707,124246,146
0.641856557,125560,1314
0.641856557,125690,130
0.643968407,127020,1330
0.643968407,127134,114
0.646080257,128480,1346
0.646080257,128578,98
0.648192107,129940,1362
0.648192107,130022,82
0.650304357,131400,1378
0.650304357,131466,66
0.652383763,132860,1394
0.652383763,132910,50
0.654455572,134320,1410
0.654455572,134354,34
0.656527381,135780,1426
0.656527381,135798,18
0.658675923,137240,1442
0.658675923,137242,2
0.660747812,138694,1452
0.662820967,138700,6
0.662820967,140139,1439
0.664894122,140160,21
0.664894122,141584,1424
0.666967277,141620,36
0.666967277,143029,1409
0.669040432,143080,51
0.669040432,144474,1394
0.671113987,144540,66
0.671113987,145918,1378
0.673193473,146000,82
0.673193473,147362,1362
0.675266628,147460,98
0.675266628,148806,1346
0.677339783,148920,114
0.677339783,150250,1330
0.679412938,150380,130
0.679412938,151694,1314
0.681486093,151840,146
0.681486093,153138,1298
0.683559248,153300,162
0.683559248,154582,1282
0.685632403,154760,178
0.685632403,156026,1266
0.687705558,156220,194
0.687705558,157470,1250
0.689778713,157680,210
0.689778713,158914,1234
0.691929001,159140,226
0.691929001,160358,1218
0.694008487,160600,242
0.694008487,161802,1202
0.696081642,162060,258
0.696081642,163246,1186
0.698154797,163520,274
0.698154797,164690,1170
0.700227952,164980,290
0.700227952,166134,1154
0.702301107,166440,306
0.702301107,167578,1138
0.704374262,167900,322
0.704374262,169022,1122
0.706447417,169360,338
0.706447417,170466,1106
0.708520572,170820,354
0.708520572,171910,1090
0.710593727,172280,370
0.710593727,173354,1074
0.712744015,173740,386
0.712744015,174798,1058
0.714823501,175200,402
0.714823501,176242,1042
0.716896656,176660,418
0.716896656,177686,1026
0.718969811,178120,434
0.718969811,179130,1010
0.721119699,179580,450
0.721119699,180574,994
0.723192854,181040,466
0.723192854,182018,978
0.725266009,182500,482
0.725266009,183462,962
0.727339164,183960,498
0.727339164,184906,946
0.729412319,185420,514
0.729412319,186350,930
0.731485474,186880,530
0.731485474,187794,914
0.733559029,188340,546
0.733559029,189238,898
0.735638515,189800,562
0.735638515,190682,882
0.737711670,191260,578
0.737711670,192126,866
0.739784825,192720,594
0.739784825,193570,850
0.741857980,194180,610
0.741857980,195014,834
0.743931135,195640,626
0.743931135,196458,818
0.746081023,197100,642
0.746081023,197902,802
0.748154178,198560,658
0.748154178,199346,786
0.750227333,200020,674
0.750227333,200790,770
0.752691278,201480,690
0.752691278,202234,754
0.755155623,202940,706
0.755155623,203678,738
0.757627168,204400,722
0.757627168,205122,722
0.760091113,205860,738
0.760091113,206566,706
0.762555058,207320,754
0.762555058,208010,690
0.765019003,208780,770
0.765019003,209454,674
0.767482948,210240,786
0.767482948,210898,658
0.769946893,211700,802
0.769946893,212342,642
0.772410838,213160,818
0.772410838,213786,626
0.774874783,214620,834
0.774874783,215230,610
0.777338728,216080,850
0.777338728,216674,594
0.779802673,217540,866
0.779802673,218118,578
0.782267018,219000,882
0.782267018,219562,562
0.784829760,220460,898
0.784829760,221006,546
0.787293705,221920,914
0.787293705,222450,530
0.789757650,223380,930
0.789757650,223894,514
0.792221595,224840,946
0.792221595,225338,498
0.794685540,226300,962
0.794685540,226782,482
0.797149485,227760,978
0.797149485,228226,466
0.799613430,229220,994
0.799613430,229670,450
0.802077375,230680,1010
0.802077375,231114,434
0.804541320,232140,1026
0.804541320,232558,418
0.807005665,233600,1042
0.807005665,234002,402
0.809477210,235060,1058
0.809477210,235446,386
0.811941155,236520,1074
0.811941155,236890,370
0.814496297,237980,1090
0.814496297,238334,354
0.816960242,239440,1106
0.816960242,239778,338
0.819424187,240900,1122
0.819424187,241222,322
0.821888132,242360,1138
0.821888132,242666,306
0.824352077,243820,1154
0.824352077,244110,290
0.826816022,245280,1170
0.826816022,245554,274
0.829279967,246740,1186
0.829279967,246998,258
0.831744312,248200,1202
0.831744312,248442,242
0.834215857,249660,1218
0.834215857,249886,226
0.836679802,251120,1234
0.836679802,251330,210
0.839234944,252580,1250
0.839234944,252774,194
0.841698889,254040,1266
0.841698889,254218,178
0.844162834,255500,1282
0.844162834,255662,162
0.846626779,256960,1298
0.846626779,257106,146
0.849090724,258420,1314
0.849090724,258550,130
0.851554669,259880,1330
0.851554669,259994,114
0.853876888,261340,1346
0.853876888,261438,98
0.856199507,262800,1362
0.856199507,262882,82
0.858528866,264260,1378
0.858528866,264326,66
0.860851005,265720,1394
0.860851005,265770,50
0.863171716,267180,1410
0.863171716,267214,34
0.865492427,268640,1426
0.865492427,268658,18
0.867813138,270100,1442
0.867813138,270102,2
0.870133929,271554,1452
0.872456148,271560,6
0.872456148,272999,1439
0.874778367,273020,21
0.874778367,274444,1424
0.877212148,274480,36
0.877212148,275889,1409
0.879477066,275940,51
0.879477066,277334,1394
0.886654803,277400,66
0.886654803,278778,1378
0.890783519,278860,82
0.890783519,280222,1362
0.893048437,280320,98
0.893048437,281666,1346
0.895313355,281780,114
0.895313355,283110,1330
0.897578273,283240,130
0.897578273,284554,1314
0.899843191,284700,146
0.899843191,285998,1298
0.902108109,286160,162
0.902108109,287442,1282
0.904373027,287620,178
0.904373027,288886,1266
0.906637945,289080,194
0.906637945,290330,1250
0.908902863,290540,210
0.908902863,291774,1234
0.911261272,292000,226
0.911261272,293218,1218
0.913526190,293460,242
0.913526190,294662,1202
0.915791108,294920,258
0.915791108,296106,1186
0.918056026,296380,274
0.918056026,297550,1170
0.920320944,297840,290
0.920320944,298994,1154
0.922585862,299300,306
0.922585862,300438,1138
0.924850780,300760,322
0.924850780,301882,1122
0.927115698,302220,338
0.927115698,303326,1106
0.929380616,303680,354
0.929380616,304770,1090
0.931645534,305140,370
0.931645534,306214,1074
0.933910452,306600,386
0.933910452,307658,1058
0.936175370,308060,402
0.936175370,309102,1042
0.938440288,309520,418
0.938440288,310546,1026
0.940705206,310980,434
0.940705206,311990,1010
0.942970124,312440,450
0.942970124,313434,994
0.945235042,313900,466
0.945235042,314878,978
0.947499960,315360,482
0.947499960,316322,962
0.949764878,316820,498
0.949764878,317766,946
0.952115748,318280,514
0.952115748,319210,930
0.954285926,319740,530
0.954285926,320654,914
0.956456104,321200,546
0.956456104,322098,898
0.958626282,322660,562
0.958626282,323542,882
0.960796460,324120,578
0.960796460,324986,866
0.962966638,325580,594
0.962966638,326430,850
0.965136816,327040,610
0.965136816,327874,834
0.967306994,328500,626
0.967306994,329318,818
0.969477172,329960,642
0.969477172,330762,802
0.971647350,331420,658
0.971647350,332206,786
0.973899884,332880,674
0.973899884,333650,770
0.976129301,334340,690
0.976129301,335094,754
0.978358718,335800,706
0.978358718,336538,738
0.980595359,337260,722
0.980595359,337982,722
0.982824776,338720,738
0.982824776,339426,706
0.985054193,340180,754
0.985054193,340870,690
0.987283610,341640,770
0.987283610,342314,674
0.989453788,343100,786
0.989453788,343758,658
0.991623966,344560,802
0.991623966,345202,642
0.993794144,346020,818
0.993794144,346646,626
0.995964322,347480,834
0.995964322,348090,610
0.998134500,348940,850
0.998134500,349534,594
1.000391369,350400,866
1.000391369,350978,578
1.002561547,351860,882
1.002561547,352422,562
1.004731725,353320,898
1.004731725,353866,546
1.006901903,354780,914
1.006901903,355310,530
1.009072081,356240,930
1.009072081,356754,514
1.011242259,357700,946
1.011242259,358198,498
1.013412437,359160,962
1.013412437,359642,482
1.015582615,360620,978
1.015582615,361086,466
1.017752793,362080,994
1.017752793,362530,450
1.019922971,363540,1010
1.019922971,363974,434
1.022093149,365000,1026
1.022093149,365418,418
1.024263327,366460,1042
1.024263327,366862,402
1.026433505,367920,1058
1.026433505,368306,386
1.028603683,369380,1074
1.028603683,369750,370
1.030860552,370840,1090
1.030860552,371194,354
1.033030730,372300,1106
1.033030730,372638,338
1.035200908,373760,1122
1.035200908,374082,322
1.037371086,375220,1138
1.037371086,375526,306
1.039541264,376680,1154
1.039541264,376970,290
1.041711442,378140,1170
1.041711442,378414,274
1.043881620,379600,1186
1.043881620,379858,258
1.046051798,381060,1202
1.046051798,381302,242
1.048221976,382520,1218
1.048221976,382746,226
1.050392154,383980,1234
1.050392154,384190,210
1.052617313,385440,1250
1.052617313,385634,194
1.054842472,386900,1266
1.054842472,387078,178
1.057277998,388360,1282
1.057277998,388522,162
1.059563897,389820,1298
1.059563897,389966,146
1.061849796,391280,1314
1.061849796,391410,130
1.064074955,392740,1330
1.064074955,392854,114
1.066300114,394200,1346
1.066300114,394298,98
1.068525273,395660,1362
1.068525273,395742,82
1.070750432,397120,1378
1.070750432,397186,66
1.072975591,398580,1394
1.072975591,398630,50
1.075200750,400040,1410
1.075200750,400074,34
1.077425909,401500,1426
1.077425909,401518,18
1.079651068,402960,1442
1.079651068,402962,2
1.081876227,404414,1452
1.707133546,404420,6
1.707133546,530046,125626
1.710602170,531440,1394
1.710602170,531490,50
1.710602170,532900,1410
1.710602170,532934,34
1.710602170,534360,1426
1.710602170,665794,131434
1.788018550,667220,1426
1.788018550,701906,34686
1.840863895,702260,354
1.840863895,729342,27082
1.879290830,730000,658
1.879290830,749558,19558
1.911333836,750440,882
1.911333836,772662,22222
1.936333826,773800,1138
1.936333826,795766,21966
1.972130256,797160,1394
1.972130256,815994,18834
2.003151601,816140,146
2.003151601,817438,1298
2.003151601,817600,162
2.003151601,820326,2726
2.003151601,820520,194
2.003151601,821770,1250
2.005290909,821980,210
2.005290909,943078,121098
2.048397054,943160,82
2.048397054,944522,1362
2.048397054,944620,98
2.048397054,947410,2790
2.048397054,947540,130
2.048397054,951742,4202
2.057502701,951920,178
2.057502701,954630,2710
2.066867504,954840,210
2.066867504,963294,8454
2.080988777,963600,306
2.080988777,977734,14134
2.106895950,978200,466
2.106895950,1006614,28414
2.153701311,1007400,786
2.153701311,1094710,87310
2.155841137,1095000,290
2.155841137,1096154,1154
2.157969270,1096460,306
2.157969270,1097598,1138
2.160097403,1097920,322
2.160097403,1099042,1122
2.162225536,1099380,338
2.162225536,1100486,1106
2.164353669,1100840,354
2.164353669,1101930,1090
2.166481802,1102300,370
2.166481802,1103374,1074
2.168693088,1103760,386
2.168693088,1104818,1058
2.170827718,1105220,402
2.170827718,1106262,1042
2.172955851,1106680,418
2.172955851,1107706,1026
2.175083984,1108140,434
2.175083984,1109150,1010
2.177294870,1109600,450
2.177294870,1110594,994
2.179423003,1111060,466
2.179423003,1112038,978
2.181551136,1112520,482
2.181551136,1113482,962
2.183679269,1113980,498
2.183679269,1114926,946
2.185807402,1115440,514
2.185807402,1116370,930
2.187935535,1116900,530
2.187935535,1117814,914
2.190064068,1118360,546
2.190064068,1119258,898
2.192198698,1119820,562
2.192198698,1120702,882
2.194409584,1121280,578
2.194409584,1122146,866
2.196537717,1122740,594
2.196537717,1123590,850
2.198665850,1124200,610
2.198665850,1125034,834
2.200793983,1125660,626
2.200793983,1126478,818
2.202922116,1127120,642
2.202922116,1127922,802
2.205133002,1128580,658
2.205133002,1129366,786
2.207261135,1130040,674
2.207261135,1130810,770
2.209389668,1131500,690
2.209389668,1132254,754
2.211524298,1132960,706
2.211524298,1133698,738
2.213652431,1134420,722
2.213652431,1135142,722
2.215780564,1135880,738
2.215780564,1136586,706
2.217908697,1137340,754
2.217908697,1138030,690
2.220036830,1138800,770
2.220036830,1139474,674
2.222164963,1140260,786
2.222164963,1140918,658
2.224293096,1141720,802
2.224293096,1142362,642
2.226503982,1143180,818
2.226503982,1143806,626
2.228632115,1144640,834
2.228632115,1145250,610
2.230760648,1146100,850
2.230760648,1146694,594
2.232895278,1147560,866
2.232895278,1148138,578
2.235023411,1149020,882
2.235023411,1149582,562
2.237234297,1150480,898
2.237234297,1151026,546
2.239362430,1151940,914
2.239362430,1152470,530
2.241490563,1153400,930
2.241490563,1153914,514
2.243618696,1154860,946
2.243618696,1155358,498
2.245746829,1156320,962
2.245746829,1156802,482
2.247874962,1157780,978
2.247874962,1158246,466
2.250003095,1159240,994
2.250003095,1159690,450
2.252131628,1160700,1010
2.252131628,1161134,434
2.254695097,1162160,1026
2.254695097,1162578,418
2.257155328,1163620,1042
2.257155328,1164022,402
2.259615559,1165080,1058
2.259615559,1165466,386
2.262075790,1166540,1074
2.262075790,1166910,370
2.264536021,1168000,1090
2.264536021,1168354,354
2.266996252,1169460,1106
2.266996252,1169798,338
2.269456483,1170920,1122
2.269456483,1171242,322
2.271916714,1172380,1138
2.271916714,1172686,306
2.274473011,1173840,1154
2.274473011,1174130,290
2.276940814,1175300,1170
2.276940814,1175574,274
2.279401045,1176760,1186
2.279401045,1177018,258
2.281861276,1178220,1202
2.281861276,1178462,242
2.284321507,1179680,1218
2.284321507,1179906,226
2.286781738,1181140,1234
2.286781738,1181350,210
2.289241969,1182600,1250
2.289241969,1182794,194
2.291702200,1184060,1266
2.291702200,1184238,178
2.294258097,1185520,1282
2.294258097,1185682,162
2.296718328,1186980,1298
2.296718328,1187126,146
2.299178959,1188440,1314
2.299178959,1188570,130
2.301646762,1189900,1330
2.301646762,1190014,114
2.304106993,1191360,1346
2.304106993,1191458,98
2.306567224,1192820,1362
2.306567224,1192902,82
2.309027455,1194280,1378
2.309027455,1194346,66
2.311487606,1195740,1394
2.311487606,1195790,50
2.314041908,1197200,1410
2.314041908,1197234,34
2.316500544,1198660,1426
2.316500544,1198678,18
2.319054846,1200120,1442
2.319054846,1200122,2
2.321513962,1201574,1452
2.323981765,1201580,6
2.323981765,1203019,1439
2.326441996,1203040,21
2.326441996,1204464,1424
2.328902227,1204500,36
2.328902227,1205909,1409
2.331362458,1205960,51
2.331362458,1207354,1394
2.333822689,1207420,66
2.333822689,1208798,1378
2.336282920,1208880,82
2.336282920,1210242,1362
2.338838817,1210340,98
2.338838817,1211686,1346
2.341299048,1211800,114
2.341299048,1213130,1330
2.343759279,1213260,130
2.343759279,1214574,1314
2.346219910,1214720,146
2.346219910,1216018,1298
2.348687713,1216180,162
2.348687713,1217462,1282
2.351243610,1217640,178
2.351243610,1218906,1266
2.353390820,1219100,194
2.353390820,1220350,1250
2.355538030,1220560,210
2.355538030,1221794,1234
2.357685240,1222020,226
2.357685240,1223238,1218
2.359832450,1223480,242
2.359832450,1224682,1202
2.362063154,1224940,258
2.362063154,1226126,1186
2.364210364,1226400,274
2.364210364,1227570,1170
2.366357974,1227860,290
2.366357974,1229014,1154
2.368511742,1229320,306
2.368511742,1230458,1138
2.370658952,1230780,322
2.370658952,1231902,1122
2.372806162,1232240,338
2.372806162,1233346,1106
2.374953372,1233700,354
2.374953372,1234790,1090
2.377100582,1235160,370
2.377100582,1236234,1074
2.379331286,1236620,386
2.379331286,1237678,1058
2.381478496,1238080,402
2.381478496,1239122,1042
2.383625706,1239540,418
2.383625706,1240566,1026
2.385772916,1241000,434
2.385772916,1242010,1010
2.387920526,1242460,450
2.387920526,1243454,994
2.390074294,1243920,466
2.390074294,1244898,978
2.392304998,1245380,482
2.392304998,1246342,962
2.394452208,1246840,498
2.394452208,1247786,946
2.396599418,1248300,514
2.396599418,1249230,930
2.398746628,1249760,530
2.398746628,1250674,914
2.400893838,1251220,546
2.400893838,1252118,898
2.403041048,1252680,562
2.403041048,1253562,882
2.405188258,1254140,578
2.405188258,1255006,866
2.407419362,1255600,594
2.407419362,1256450,850
2.409573130,1257060,610
2.409573130,1257894,834
2.411720340,1258520,626
2.411720340,1259338,818
2.413867550,1259980,642
2.413867550,1260782,802
2.416014760,1261440,658
2.416014760,1262226,786
2.418161970,1262900,674
2.418161970,1263670,770
2.420392674,1264360,690
2.420392674,1265114,754
2.422539884,1265820,706
2.422539884,1266558,738
2.424687094,1267280,722
2.424687094,1268002,722
2.426834304,1268740,738
2.426834304,1269446,706
2.428981914,1270200,754
2.428981914,1270890,690
2.431219176,1271660,770
2.431219176,1272334,674
2.433366386,1273120,786
2.433366386,1273778,658
2.435513596,1274580,802
2.435513596,1275222,642
2.437660806,1276040,818
2.437660806,1276666,626
2.439808016,1277500,834
2.439808016,1278110,610
2.441955226,1278960,850
2.441955226,1279554,594
2.444102436,1280420,866
2.444102436,1280998,578
2.446249646,1281880,882
2.446249646,1282442,562
2.448480750,1283340,898
2.448480750,1283886,546
2.450634518,1284800,914
2.450634518,1285330,530
2.452723949,1286260,930
2.452723949,1286774,514
2.454813380,1287720,946
2.454813380,1288218,498
2.456902811,1289180,962
2.456902811,1289662,482
2.459073490,1290640,978
2.459073490,1291106,466
2.461162921,1292100,994
2.461162921,1292550,450
2.463252352,1293560,1010
2.463252352,1293994,434
2.465341783,1295020,1026
2.465341783,1295438,418
2.467431214,1296480,1042
2.467431214,1296882,402
2.469521045,1297940,1058
2.469521045,1298326,386
2.471616847,1299400,1074
2.471616847,1299770,370
2.473706278,1300860,1090
2.473706278,1301214,354
2.475876957,1302320,1106
2.475876957,1302658,338
2.477966388,1303780,1122
2.477966388,1304102,322
2.480055819,1305240,1138
2.480055819,1305546,306
2.482145250,1306700,1154
2.482145250,1306990,290
2.484234681,1308160,1170
2.484234681,1308434,274
2.486405360,1309620,1186
2.486405360,1309878,258
2.488495191,1311080,1202
2.488495191,1311322,242
2.490590993,1312540,1218
2.490590993,1312766,226
2.492680424,1314000,1234
2.492680424,1314210,210
2.494769855,1315460,1250
2.494769855,1315654,194
2.496859286,1316920,1266
2.496859286,1317098,178
2.498948717,1318380,1282
2.498948717,1318542,162
2.501038148,1319840,1298
2.501038148,1319986,146
2.503208827,1321300,1314
2.503208827,1321430,130
2.505298258,1322760,1330
2.505298258,1322874,114
2.507387689,1324220,1346
2.507387689,1324318,98
2.509477520,1325680,1362
2.509477520,1325762,82
2.511573322,1327140,1378
2.511573322,1327206,66
2.513743921,1328600,1394
2.513743921,1328650,50
2.515831998,1330060,1410
2.515831998,1330094,34
2.517920075,1331520,1426
2.517920075,1331538,18
2.520008152,1332980,1442
2.520008152,1332982,2
2.522096309,1334434,1452
2.524266988,1334440,6
2.524266988,1335879,1439
2.526356419,1335900,21
2.526356419,1337324,1424
2.528446250,1337360,36
2.528446250,1338769,1409
2.530542052,1338820,51
2.530542052,1340214,1394
2.532631483,1340280,66
2.532631483,1341658,1378
2.534720914,1341740,82
2.534720914,1343102,1362
2.536810345,1343200,98
2.536810345,1344546,1346
2.538899776,1344660,114
2.538899776,1345990,1330
2.541070455,1346120,130
2.541070455,1347434,1314
2.543159886,1347580,146
2.543159886,1348878,1298
2.545249317,1349040,162
2.545249317,1350322,1282
2.547338748,1350500,178
2.547338748,1351766,1266
2.549428579,1351960,194
2.549428579,1353210,1250
2.551524381,1353420,210
2.551524381,1354654,1234
2.553853406,1354880,226
2.553853406,1356098,1218
2.556095256,1356340,242
2.556095256,1357542,1202
2.558337106,1357800,258
2.558337106,1358986,1186
2.560578956,1359260,274
2.560578956,1360430,1170
2.562820806,1360720,290
2.562820806,1361874,1154
2.565062656,1362180,306
2.565062656,1363318,1138
2.567304506,1363640,322
2.567304506,1364762,1122
2.569546356,1365100,338
2.569546356,1366206,1106
2.571882645,1366560,354
2.571882645,1367650,1090
2.574124495,1368020,370
2.574124495,1369094,1074
2.576366345,1369480,386
2.576366345,1370538,1058
2.578608195,1370940,402
2.578608195,1371982,1042
2.580850045,1372400,418
2.580850045,1373426,1026
2.583179070,1373860,434
2.583179070,1374870,1010
2.585420920,1375320,450
2.585420920,1376314,994
2.587662770,1376780,466
2.587662770,1377758,978
2.589904620,1378240,482
2.589904620,1379202,962
2.592146870,1379700,498
2.592146870,1380646,946
2.594395585,1381160,514
2.594395585,1382090,930
2.596637435,1382620,530
2.596637435,1383534,914
2.598879285,1384080,546
2.598879285,1384978,898
2.601208310,1385540,562
2.601208310,1386422,882
2.603450160,1387000,578
2.603450160,1387866,866
2.605692010,1388460,594
2.605692010,1389310,850
2.607933860,1389920,610
2.607933860,1390754,834
2.610175710,1391380,626
2.610175710,1392198,818
2.612505135,1392840,642
2.612505135,1393642,802
2.614753850,1394300,658
2.614753850,1395086,786
2.616995700,1395760,674
2.616995700,1396530,770
2.619237550,1397220,690
2.619237550,1397974,754
2.621479400,1398680,706
2.621479400,1399418,738
2.623808425,1400140,722
2.623808425,1400862,722
2.626050275,1401600,738
2.626050275,1402306,706
2.628292125,1403060,754
2.628292125,1403750,690
2.630533975,1404520,770
2.630533975,1405194,674
2.632775825,1405980,786
2.632775825,1406638,658
2.635018075,1407440,802
2.635018075,1408082,642
2.637266790,1408900,818
2.637266790,1409526,626
2.639508640,1410360,834
2.639508640,1410970,610
2.641837665,1411820,850
2.641837665,1412414,594
2.644079515,1413280,866
2.644079515,1413858,578
2.646321365,1414740,882
2.646321365,1415302,562
2.648563215,1416200,898
2.648563215,1416746,546
2.650805065,1417660,914
2.650805065,1418190,530
2.653068040,1419120,930
2.653068040,1419634,514
2.655246713,1420580,946
2.655246713,1421078,498
2.657431644,1422040,962
2.657431644,1422522,482
2.659609917,1423500,978
2.659609917,1423966,466
2.661788190,1424960,994
2.661788190,1425410,450
2.663966463,1426420,1010
2.663966463,1426854,434
2.666144736,1427880,1026
2.666144736,1428298,418
2.668323009,1429340,1042
2.668323009,1429742,402
2.670585984,1430800,1058
2.670585984,1431186,386
2.672764257,1432260,1074
2.672764257,1432630,370
2.674942530,1433720,1090
2.674942530,1434074,354
2.677121203,1435180,1106
2.677121203,1435518,338
2.679306134,1436640,1122
2.679306134,1436962,322
2.681569109,1438100,1138
2.681569109,1438406,306
2.683747382,1439560,1154
2.683747382,1439850,290
2.685925655,1441020,1170
2.685925655,1441294,274
2.688103928,1442480,1186
2.688103928,1442738,258
2.690282201,1443940,1202
2.690282201,1444182,242
2.692460474,1445400,1218
2.692460474,1445626,226
2.694638747,1446860,1234
2.694638747,1447070,210
2.696817020,1448320,1250
2.696817020,1448514,194
2.699087054,1449780,1266
2.699087054,1449958,178
2.701265327,1451240,1282
2.701265327,1451402,162
2.703443600,1452700,1298
2.703443600,1452846,146
2.705621873,1454160,1314
2.705621873,1454290,130
2.707800146,1455620,1330
2.707800146,1455734,114
2.710063121,1457080,1346
2.710063121,1457178,98
2.712241394,1458540,1362
2.712241394,1458622,82
2.714419667,1460000,1378
2.714419667,1460066,66
2.716597860,1461460,1394
2.716597860,1461510,50
2.718775121,1462920,1410
2.718775121,1462954,34
2.721043343,1464380,1426
2.721043343,1464398,18
2.723220204,1465840,1442
2.723220204,1465842,2
2.725397145,1467294,1452
2.727575418,1467300,6
2.727575418,1468739,1439
2.729753691,1468760,21
2.729753691,1470184,1424
2.731931964,1470220,36
2.731931964,1471629,1409
2.734110237,1471680,51
2.734110237,1473074,1394
2.736288510,1473140,66
2.736288510,1474518,1378
2.738551885,1474600,82
2.738551885,1475962,1362
2.740736816,1476060,98
2.740736816,1477406,1346
2.742915089,1477520,114
2.742915089,1478850,1330
2.745093362,1478980,130
2.745093362,1480294,1314
2.747271635,1480440,146
2.747271635,1481738,1298
2.749534610,1481900,162
2.749534610,1483182,1282
2.751712883,1483360,178
2.751712883,1484626,1266
2.753771581,1484820,194
2.753771581,1486070,1250
2.755830279,1486280,210
2.755830279,1487514,1234
2.757888977,1487740,226
2.757888977,1488958,1218
2.759948075,1489200,242
2.759948075,1490402,1202
2.762013045,1490660,258
2.762013045,1491846,1186
2.764071743,1492120,274
2.764071743,1493290,1170
2.766210494,1493580,290
2.766210494,1494734,1154
2.768269192,1495040,306
2.768269192,1496178,1138
2.770327890,1496500,322
2.770327890,1497622,1122
2.772386588,1497960,338
2.772386588,1499066,1106
2.774445286,1499420,354
2.774445286,1500510,1090
2.776584037,1500880,370
2.776584037,1501954,1074
2.778643135,1502340,386
2.778643135,1503398,1058
2.780708105,1503800,402
2.780708105,1504842,1042
2.782766803,1505260,418
2.782766803,1506286,1026
2.784825501,1506720,434
2.784825501,1507730,1010
2.786964252,1508180,450
2.786964252,1509174,994
2.789022950,1509640,466
2.789022950,1510618,978
2.791081648,1511100,482
2.791081648,1512062,962
2.793140346,1512560,498
2.793140346,1513506,946
2.795199044,1514020,514
2.795199044,1514950,930
2.797257742,1515480,530
2.797257742,1516394,914
2.799316840,1516940,546
2.799316840,1517838,898
2.801381810,1518400,562
2.801381810,1519282,882
2.803520561,1519860,578
2.803520561,1520726,866
2.805579259,1521320,594
2.805579259,1522170,850
2.807637957,1522780,610
2.807637957,1523614,834
2.809696655,1524240,626
2.809696655,1525058,818
2.811755353,1525700,642
2.811755353,1526502,802
2.813894104,1527160,658
2.813894104,1527946,786
2.815952802,1528620,674
2.815952802,1529390,770
2.818011900,1530080,690
2.818011900,1530834,754
2.820076870,1531540,706
2.820076870,1532278,738
2.822135568,1533000,722
2.822135568,1533722,722
2.824194266,1534460,738
2.824194266,1535166,706
2.826252964,1535920,754
2.826252964,1536610,690
2.828311662,1537380,770
2.828311662,1538054,674
2.830450413,1538840,786
2.830450413,1539498,658
2.832509111,1540300,802
2.832509111,1540942,642
2.834567809,1541760,818
2.834567809,1542386,626
2.836626507,1543220,834
2.836626507,1543830,610
2.838685605,1544680,850
2.838685605,1545274,594
2.840830628,1546140,866
2.840830628,1546718,578
2.842889326,1547600,882
2.842889326,1548162,562
2.844948024,1549060,898
2.844948024,1549606,546
2.847006722,1550520,914
2.847006722,1551050,530
2.849065420,1551980,930
2.849065420,1552494,514
2.851124118,1553440,946
2.851124118,1553938,498
2.853502447,1554900,962
2.853502447,1555382,482
2.855880776,1556360,978
2.855880776,1556826,466
2.858351987,1557820,994
2.858351987,1558270,450
2.860737622,1559280,1010
2.860737622,1559714,434
2.863115951,1560740,1026
2.863115951,1561158,418
2.865494280,1562200,1042
2.865494280,1562602,402
2.867872609,1563660,1058
2.867872609,1564046,386
2.870343420,1565120,1074
2.870343420,1565490,370
2.872721749,1566580,1090
2.872721749,1566934,354
2.875100078,1568040,1106
2.875100078,1568378,338
2.877478407,1569500,1122
2.877478407,1569822,322
2.879856736,1570960,1138
2.879856736,1571266,306
2.882335253,1572420,1154
2.882335253,1572710,290
2.884713582,1573880,1170
2.884713582,1574154,274
2.887091911,1575340,1186
2.887091911,1575598,258
2.889470240,1576800,1202
2.889470240,1577042,242
2.891848569,1578260,1218
2.891848569,1578486,226
2.894226898,1579720,1234
2.894226898,1579930,210
2.896605227,1581180,1250
2.896605227,1581374,194
2.898983556,1582640,1266
2.898983556,1582818,178
2.901454367,1584100,1282
2.901454367,1584262,162
2.903833096,1585560,1298
2.903833096,1585706,146
2.906218731,1587020,1314
2.906218731,1587150,130
2.908597060,1588480,1330
2.908597060,1588594,114
2.910975389,1589940,1346
2.910975389,1590038,98
2.913446200,1591400,1362
2.913446200,1591482,82
2.915824529,1592860,1378
2.915824529,1592926,66
2.918202778,1594320,1394
2.918202778,1594370,50
2.920579565,1595780,1410
2.920579565,1595814,34
2.922956352,1597240,1426
2.922956352,1597258,18
2.925333139,1598700,1442
2.925333139,1598702,2
2.927710406,1600154,1452
2.930096041,1600160,6
2.930096041,1601599,1439
2.932566852,1601620,21
2.932566852,1603044,1424
2.934945181,1603080,36
2.934945181,1604489,1409
2.937323510,1604540,51
2.937323510,1605934,1394
2.939701839,1606000,66
2.939701839,1607378,1378
2.942080168,1607460,82
2.942080168,1608822,1362
2.944550979,1608920,98
2.944550979,1610266,1346
2.946929308,1610380,114
2.946929308,1611710,1330
2.949308037,1611840,130
2.949308037,1613154,1314
2.951693672,1613300,146
2.951693672,1614598,1298
2.954066573,1614760,162
2.954066573,1616042,1282
2.956439474,1616220,178
2.956439474,1617486,1266
2.958812375,1617680,194
2.958812375,1618930,1250
2.961185276,1619140,210
2.961185276,1620374,1234
2.963650447,1620600,226
2.963650447,1621818,1218
2.966023348,1622060,242
2.966023348,1623262,1202
2.968396249,1623520,258
2.968396249,1624706,1186
2.970769150,1624980,274
2.970769150,1626150,1170
2.973142451,1626440,290
2.973142451,1627594,1154
2.975614912,1627900,306
2.975614912,1629038,1138
2.977987813,1629360,322
2.977987813,1630482,1122
2.980360714,1630820,338
2.980360714,1631926,1106
2.982733615,1632280,354
2.982733615,1633370,1090
2.985106516,1633740,370
2.985106516,1634814,1074
2.987479417,1635200,386
2.987479417,1636258,1058
2.989944588,1636660,402
2.989944588,1637702,1042
2.992317489,1638120,418
2.992317489,1639146,1026
2.994690790,1639580,434
2.994690790,1640590,1010
2.997070981,1641040,450
2.997070981,1642034,994
2.999443882,1642500,466
2.999443882,1643478,978
3.001816783,1643960,482
3.001816783,1644922,962
3.004189684,1645420,498
3.004189684,1646366,946
3.006562585,1646880,514
3.006562585,1647810,930
3.009027756,1648340,530
3.009027756,1649254,914
3.011400657,1649800,546
3.011400657,1650698,898
3.013773558,1651260,562
3.013773558,1652142,882
3.016146459,1652720,578
3.016146459,1653586,866
3.018519760,1654180,594
3.018519760,1655030,850
3.020992221,1655640,610
3.020992221,1656474,834
3.023365122,1657100,626
3.023365122,1657918,818
3.025738023,1658560,642
3.025738023,1659362,802
3.028110924,1660020,658
3.028110924,1660806,786
3.030483825,1661480,674
3.030483825,1662250,770
3.032856726,1662940,690
3.032856726,1663694,754
3.035229627,1664400,706
3.035229627,1665138,738
3.037602528,1665860,722
3.037602528,1666582,722
3.040068099,1667320,738
3.040068099,1668026,706
3.042448290,1668780,754
3.042448290,1669470,690
3.044821191,1670240,770
3.044821191,1670914,674
3.047194092,1671700,786
3.047194092,1672358,658
3.049566993,1673160,802
3.049566993,1673802,642
3.052032164,1674620,818
3.052032164,1675246,626
3.054399508,1676080,834
3.054399508,1676690,610
3.056766852,1677540,850
3.056766852,1678134,594
3.059134196,1679000,866
3.059134196,1679578,578
3.061501540,1680460,882
3.061501540,1681022,562
3.063869284,1681920,898
3.063869284,1682466,546
3.066243899,1683380,914
3.066243899,1683910,530
3.068611243,1684840,930
3.068611243,1685354,514
3.071070641,1686300,946
3.071070641,1686798,498
3.073437985,1687760,962
3.073437985,1688242,482
3.075805329,1689220,978
3.075805329,1689686,466
3.078172673,1690680,994
3.078172673,1691130,450
3.080540017,1692140,1010
3.080540017,1692574,434
3.082999415,1693600,1026
3.082999415,1694018,418
3.085367159,1695060,1042
3.085367159,1695462,402
3.087741774,1696520,1058
3.087741774,1696906,386
3.090109118,1697980,1074
3.090109118,1698350,370
3.092476462,1699440,1090
3.092476462,1699794,354
3.094935860,1700900,1106
3.094935860,1701238,338
3.097303204,1702360,1122
3.097303204,1702682,322
3.099670548,1703820,1138
3.099670548,1704126,306
3.102037892,1705280,1154
3.102037892,1705570,290
3.104405236,1706740,1170
3.104405236,1707014,274
3.106772580,1708200,1186
3.106772580,1708458,258
3.109140324,1709660,1202
3.109140324,1709902,242
3.111514939,1711120,1218
3.111514939,1711346,226
3.113974337,1712580,1234
3.113974337,1712790,210
3.116341681,1714040,1250
3.116341681,1714234,194
3.118709025,1715500,1266
3.118709025,1715678,178
3.121076369,1716960,1282
3.121076369,1717122,162
3.123443713,1718420,1298
3.123443713,1718566,146
3.125903111,1719880,1314
3.125903111,1720010,130
3.128270455,1721340,1330
3.128270455,1721454,114
3.130638199,1722800,1346
3.130638199,1722898,98
3.133012814,1724260,1362
3.133012814,1724342,82
3.135380158,1725720,1378
3.135380158,1725786,66
3.137747422,1727180,1394
3.137747422,1727230,50
3.140113231,1728640,1410
3.140113231,1728674,34
3.142479040,1730100,1426
3.142479040,1730118,18
3.144936903,1731560,1442
3.144936903,1731562,2
3.147302792,1733014,1452
3.149670136,1733020,6
3.149670136,1734459,1439
3.152037480,1734480,21
3.152037480,1735904,1424
3.154324275,1735940,36
3.154324275,1737349,1409
3.156706586,1737400,51
3.156706586,1738794,1394
3.158992981,1738860,66
3.158992981,1740238,1378
3.161279376,1740320,82
3.161279376,1741682,1362
3.163565771,1741780,98
3.163565771,1743126,1346
3.165852166,1743240,114
3.165852166,1744570,1330
3.168138561,1744700,130
3.168138561,1746014,1314
3.170424956,1746160,146
3.170424956,1747458,1298
3.172711351,1747620,162
3.172711351,1748902,1282
3.175087053,1749080,178
3.175087053,1750346,1266
3.177380457,1750540,194
3.177380457,1751790,1250
3.179666852,1752000,210
3.179666852,1753234,1234
3.181953247,1753460,226
3.181953247,1754678,1218
3.184239642,1754920,242
3.184239642,1756122,1202
3.186614944,1756380,258
3.186614944,1757566,1186
3.188901339,1757840,274
3.188901339,1759010,1170
3.191187734,1759300,290
3.191187734,1760454,1154
3.193474129,1760760,306
3.193474129,1761898,1138
3.195760524,1762220,322
3.195760524,1763342,1122
3.198143235,1763680,338
3.198143235,1764786,1106
3.200429630,1765140,354
3.200429630,1766230,1090
3.202716025,1766600,370
3.202716025,1767674,1074
3.205002420,1768060,386
3.205002420,1769118,1058
3.207288815,1769520,402
3.207288815,1770562,1042
3.209575210,1770980,418
3.209575210,1772006,1026
3.211861605,1772440,434
3.211861605,1773450,1010
3.214148000,1773900,450
3.214148000,1774894,994
3.216523302,1775360,466
3.216523302,1776338,978
3.218810097,1776820,482
3.218810097,1777782,962
3.221103501,1778280,498
3.221103501,1779226,946
3.223389896,1779740,514
3.223389896,1780670,930
3.225676291,1781200,530
3.225676291,1782114,914
3.228051593,1782660,546
3.228051593,1783558,898
3.230337988,1784120,562
3.230337988,1785002,882
3.232624383,1785580,578
3.232624383,1786446,866
3.234910778,1787040,594
3.234910778,1787890,850
3.237197173,1788500,610
3.237197173,1789334,834
3.239483568,1789960,626
3.239483568,1790778,818
3.241770363,1791420,642
3.241770363,1792222,802
3.244063767,1792880,658
3.244063767,1793666,786
3.246439069,1794340,674
3.246439069,1795110,770
3.248725464,1795800,690
3.248725464,1796554,754
3.251011859,1797260,706
3.251011859,1797998,738
3.253344662,1798720,722
3.253344662,1799442,722
3.255677465,1800180,738
3.255677465,1800886,706
3.258100979,1801640,754
3.258100979,1802330,690
3.260433782,1803100,770
3.260433782,1803774,674
3.262766985,1804560,786
3.262766985,1805218,658
3.265106947,1806020,802
3.265106947,1806662,642
3.267439750,1807480,818
3.267439750,1808106,626
3.269863264,1808940,834
3.269863264,1809550,610
3.272196067,1810400,850
3.272196067,1810994,594
3.274528870,1811860,866
3.274528870,1812438,578
3.276861673,1813320,882
3.276861673,1813882,562
3.279194476,1814780,898
3.279194476,1815326,546
3.281527279,1816240,914
3.281527279,1816770,530
3.283860082,1817700,930
3.283860082,1818214,514
3.286193285,1819160,946
3.286193285,1819658,498
3.288623958,1820620,962
3.288623958,1821102,482
3.290956761,1822080,978
3.290956761,1822546,466
3.293289564,1823540,994
3.293289564,1823990,450
3.295622367,1825000,1010
3.295622367,1825434,434
3.297955170,1826460,1026
3.297955170,1826878,418
3.300378684,1827920,1042
3.300378684,1828322,402
3.302711487,1829380,1058
3.302711487,1829766,386
3.305044290,1830840,1074
3.305044290,1831210,370
3.307377493,1832300,1090
3.307377493,1832654,354
3.309717455,1833760,1106
3.309717455,1834098,338
3.312050258,1835220,1122
3.312050258,1835542,322
3.314383061,1836680,1138
3.314383061,1836986,306
3.316715864,1838140,1154
3.316715864,1838430,290
3.319139378,1839600,1170
3.319139378,1839874,274
3.321472181,1841060,1186
3.321472181,1841318,258
3.323804984,1842520,1202
3.323804984,1842762,242
3.326137787,1843980,1218
3.326137787,1844206,226
3.328470590,1845440,1234
3.328470590,1845650,210
3.330901664,1846900,1250
3.330901664,1847094,194
3.333234467,1848360,1266
3.333234467,1848538,178
3.335567270,1849820,1282
3.335567270,1849982,162
3.337900073,1851280,1298
3.337900073,1851426,146
3.340232876,1852740,1314
3.340232876,1852870,130
3.342565679,1854200,1330
3.342565679,1854314,114
3.344898482,1855660,1346
3.344898482,1855758,98
3.347231285,1857120,1362
3.347231285,1857202,82
3.349654799,1858580,1378
3.349654799,1858646,66
3.351987922,1860040,1394
3.351987922,1860090,50
3.354406096,1861500,1410
3.354406096,1861534,34
3.356816853,1862960,1426
3.356816853,1862978,18
3.359227610,1864420,1442
3.359227610,1864422,2
3.361732250,1865874,1452
3.364144571,1865880,6
3.364144571,1867319,1439
3.366556892,1867340,21
3.366556892,1868764,1424
3.368969213,1868800,36
3.368969213,1870209,1409
3.371381534,1870260,51
3.371381534,1871654,1394
3.373888058,1871720,66
3.373888058,1873098,1378
3.376307796,1873180,82
3.376307796,1874542,1362
3.378720117,1874640,98
3.378720117,1875986,1346
3.381132438,1876100,114
3.381132438,1877430,1330
3.383544759,1877560,130
3.383544759,1878874,1314
3.385957080,1879020,146
3.385957080,1880318,1298
3.388369401,1880480,162
3.388369401,1881762,1282
3.390781722,1881940,178
3.390781722,1883206,1266
3.393287846,1883400,194
3.393287846,1884650,1250
3.395700167,1884860,210
3.395700167,1886094,1234
3.398112888,1886320,226
3.398112888,1887538,1218
3.400532626,1887780,242
3.400532626,1888982,1202
3.402944947,1889240,258
3.402944947,1890426,1186
3.405451071,1890700,274
3.405451071,1891870,1170
3.407863392,1892160,290
3.407863392,1893314,1154
3.410275713,1893620,306
3.410275713,1894758,1138
3.412688034,1895080,322
3.412688034,1896202,1122
3.415100355,1896540,338
3.415100355,1897646,1106
3.417512676,1898000,354
3.417512676,1899090,1090
3.419924997,1899460,370
3.419924997,1900534,1074
3.422337718,1900920,386
3.422337718,1901978,1058
3.424851259,1902380,402
3.424851259,1903422,1042
3.427263580,1903840,418
3.427263580,1904866,1026
3.429675901,1905300,434
3.429675901,1906310,1010
3.432088222,1906760,450
3.432088222,1907754,994
3.434500543,1908220,466
3.434500543,1909198,978
3.437006667,1909680,482
3.437006667,1910642,962
3.439418988,1911140,498
3.439418988,1912086,946
3.441831309,1912600,514
3.441831309,1913530,930
3.444244030,1914060,530
3.444244030,1914974,914
3.446663768,1915520,546
3.446663768,1916418,898
3.449076089,1916980,562
3.449076089,1917862,882
3.451488410,1918440,578
3.451488410,1919306,866
3.453585341,1919900,594
3.453585341,1920750,850
3.455682272,1921360,610
3.455682272,1922194,834
3.457860742,1922820,626
3.457860742,1923638,818
3.459957673,1924280,642
3.459957673,1925082,802
3.462054604,1925740,658
3.462054604,1926526,786
3.464151535,1927200,674
3.464151535,1927970,770
3.466248866,1928660,690
3.466248866,1929414,754
3.468433731,1930120,706
3.468433731,1930858,738
3.470530662,1931580,722
3.470530662,1932302,722
3.472627593,1933040,738
3.472627593,1933746,706
3.474724524,1934500,754
3.474724524,1935190,690
3.476821455,1935960,770
3.476821455,1936634,674
3.478999925,1937420,786
3.478999925,1938078,658
3.481096856,1938880,802
3.481096856,1939522,642
3.483193787,1940340,818
3.483193787,1940966,626
3.485291118,1941800,834
3.485291118,1942410,610
3.487394444,1943260,850
3.487394444,1943854,594
3.489491375,1944720,866
3.489491375,1945298,578
3.491588306,1946180,882
3.491588306,1946742,562
3.493685237,1947640,898
3.493685237,1948186,546
3.495863707,1949100,914
3.495863707,1949630,530
3.497960638,1950560,930
3.497960638,1951074,514
3.500057569,1952020,946
3.500057569,1952518,498
3.502154500,1953480,962
3.502154500,1953962,482
3.504251431,1954940,978
3.504251431,1955406,466
3.506436696,1956400,994
3.506436696,1956850,450
3.508533627,1957860,1010
3.508533627,1958294,434
3.510630558,1959320,1026
3.510630558,1959738,418
3.512727489,1960780,1042
3.512727489,1961182,402
3.514824420,1962240,1058
3.514824420,1962626,386
3.516921351,1963700,1074
3.516921351,1964070,370
3.519018282,1965160,1090
3.519018282,1965514,354
3.521115213,1966620,1106
3.521115213,1966958,338
3.523293683,1968080,1122
3.523293683,1968402,322
3.525391014,1969540,1138
3.525391014,1969846,306
3.527494340,1971000,1154
3.527494340,1971290,290
3.529591271,1972460,1170
3.529591271,1972734,274
3.531688202,1973920,1186
3.531688202,1974178,258
3.533866672,1975380,1202
3.533866672,1975622,242
3.535963603,1976840,1218
3.535963603,1977066,226
3.538060534,1978300,1234
3.538060534,1978510,210
3.540157465,1979760,1250
3.540157465,1979954,194
3.542254396,1981220,1266
3.542254396,1981398,178
3.544351327,1982680,1282
3.544351327,1982842,162
3.546448658,1984140,1298
3.546448658,1984286,146
3.548551984,1985600,1314
3.548551984,1985730,130
3.550730454,1987060,1330
3.550730454,1987174,114
3.553131073,1988520,1346
3.553131073,1988618,98
3.555531692,1989980,1362
3.555531692,1990062,82
3.557932311,1991440,1378
3.557932311,1991506,66
3.560332850,1992900,1394
3.560332850,1992950,50
3.562825261,1994360,1410
3.562825261,1994394,34
3.565224324,1995820,1426
3.565224324,1995838,18
3.567623787,1997280,1442
3.567623787,1997282,2
3.570030309,1998734,1452
3.572430928,1998740,6
3.572430928,2000179,1439
3.574924895,2000200,21
3.574924895,2001624,1424
3.577325514,2001660,36
3.577325514,2003069,1409
3.579726133,2003120,51
3.579726133,2004514,1394
3.582126752,2004580,66
3.582126752,2005958,1378
3.584527371,2006040,82
3.584527371,2007402,1362
3.586927990,2007500,98
3.586927990,2008846,1346
3.589328609,2008960,114
3.589328609,2010290,1330
3.591729628,2010420,130
3.591729628,2011734,1314
3.594230974,2011880,146
3.594230974,2013178,1298
3.596631593,2013340,162
3.596631593,2014622,1282
3.599032212,2014800,178
3.599032212,2016066,1266
3.601432831,2016260,194
3.601432831,2017510,1250
3.603833450,2017720,210
3.603833450,2018954,1234
3.606327417,2019180,226
3.606327417,2020398,1218
3.608728036,2020640,242
3.608728036,2021842,1202
3.611128655,2022100,258
3.611128655,2023286,1186
3.613529674,2023560,274
3.613529674,2024730,1170
3.615937672,2025020,290
3.615937672,2026174,1154
3.618338291,2026480,306
3.618338291,2027618,1138
3.620738910,2027940,322
3.620738910,2029062,1122
3.623139529,2029400,338
3.623139529,2030506,1106
3.625633496,2030860,354
3.625633496,2031950,1090
3.628034115,2032320,370
3.628034115,2033394,1074
3.630434734,2033780,386
3.630434734,2034838,1058
3.632835353,2035240,402
3.632835353,2036282,1042
3.635235972,2036700,418
3.635235972,2037726,1026
3.637737718,2038160,434
3.637737718,2039170,1010
3.640138337,2039620,450
3.640138337,2040614,994
3.642538956,2041080,466
3.642538956,2042058,978
3.644939575,2042540,482
3.644939575,2043502,962
3.647340194,2044000,498
3.647340194,2044946,946
3.649834161,2045460,514
3.649834161,2046390,930
3.652234780,2046920,530
3.652234780,2047834,914
3.654523142,2048380,546
3.654523142,2049278,898
3.656811504,2049840,562
3.656811504,2050722,882
3.659100266,2051300,578
3.659100266,2052166,866
3.661395643,2052760,594
3.661395643,2053610,850
3.663684005,2054220,610
3.663684005,2055054,834
3.665972367,2055680,626
3.665972367,2056498,818
3.668349712,2057140,642
3.668349712,2057942,802
3.670638074,2058600,658
3.670638074,2059386,786
3.672926436,2060060,674
3.672926436,2060830,770
3.675214798,2061520,690
3.675214798,2062274,754
3.677503160,2062980,706
3.677503160,2063718,738
3.679880905,2064440,722
3.679880905,2065162,722
3.682176282,2065900,738
3.682176282,2066606,706
3.684464644,2067360,754
3.684464644,2068050,690
3.686753006,2068820,770
3.686753006,2069494,674
3.689041368,2070280,786
3.689041368,2070938,658
3.691329730,2071740,802
3.691329730,2072382,642
3.693618092,2073200,818
3.693618092,2073826,626
3.695906454,2074660,834
3.695906454,2075270,610
3.698283799,2076120,850
3.698283799,2076714,594
3.700572161,2077580,866
3.700572161,2078158,578
3.702860923,2079040,882
3.702860923,2079602,562
3.705156300,2080500,898
3.705156300,2081046,546
3.707444662,2081960,914
3.707444662,2082490,530
3.709822007,2083420,930
3.709822007,2083934,514
3.712110369,2084880,946
3.712110369,2085378,498
3.714398731,2086340,962
3.714398731,2086822,482
3.716687093,2087800,978
3.716687093,2088266,466
3.718975455,2089260,994
3.718975455,2089710,450
3.721263817,2090720,1010
3.721263817,2091154,434
3.723552179,2092180,1026
3.723552179,2092598,418
3.725840941,2093640,1042
3.725840941,2094042,402
3.728225301,2095100,1058
3.728225301,2095486,386
3.730513663,2096560,1074
3.730513663,2096930,370
3.732802025,2098020,1090
3.732802025,2098374,354
3.735090387,2099480,1106
3.735090387,2099818,338
3.737378749,2100940,1122
3.737378749,2101262,322
3.739756094,2102400,1138
3.739756094,2102706,306
3.742044456,2103860,1154
3.742044456,2104150,290
3.744332818,2105320,1170
3.744332818,2105594,274
3.746621580,2106780,1186
3.746621580,2107038,258
3.748916957,2108240,1202
3.748916957,2108482,242
3.751294302,2109700,1218
3.751294302,2109926,226
3.753369265,2111160,1234
3.753369265,2111370,210
3.755444228,2112620,1250
3.755444228,2112814,194
3.757519191,2114080,1266
3.757519191,2114258,178
3.759594154,2115540,1282
3.759594154,2115702,162
3.761669117,2117000,1298
3.761669117,2117146,146
3.763744080,2118460,1314
3.763744080,2118590,130
3.765819043,2119920,1330
3.765819043,2120034,114
3.767981415,2121380,1346
3.767981415,2121478,98
3.770056378,2122840,1362
3.770056378,2122922,82
3.772131341,2124300,1378
3.772131341,2124366,66
3.774206224,2125760,1394
3.774206224,2125810,50
3.776279842,2127220,1410
3.776279842,2127254,34
3.778434145,2128680,1426
3.778434145,2128698,18
3.780507763,2130140,1442
3.780507763,2130142,2
3.782581461,2131594,1452
3.784656424,2131600,6
3.784656424,2133039,1439
3.786731787,2133060,21
3.786731787,2134484,1424
3.788813073,2134520,36
3.788813073,2135929,1409
3.790888036,2135980,51
3.790888036,2137374,1394
3.792962999,2137440,66
3.792962999,2138818,1378
3.795118647,2138900,82
3.795118647,2140262,1362
3.797193610,2140360,98
3.797193610,2141706,1346
3.799268573,2141820,114
3.799268573,2143150,1330
3.801343536,2143280,130
3.801343536,2144594,1314
3.803418499,2144740,146
3.803418499,2146038,1298
3.805574547,2146200,162
3.805574547,2147482,1282
3.807655833,2147660,178
3.807655833,2148926,1266
3.809730796,2149120,194
3.809730796,2150370,1250
3.811805759,2150580,210
3.811805759,2151814,1234
3.813880722,2152040,226
3.813880722,2153258,1218
3.815955685,2153500,242
3.815955685,2154702,1202
3.818030648,2154960,258
3.818030648,2156146,1186
3.820105611,2156420,274
3.820105611,2157590,1170
3.822261259,2157880,290
3.822261259,2159034,1154
3.824336222,2159340,306
3.824336222,2160478,1138
3.826411585,2160800,322
3.826411585,2161922,1122
3.828492871,2162260,338
3.828492871,2163366,1106
3.830567834,2163720,354
3.830567834,2164810,1090
3.832723482,2165180,370
3.832723482,2166254,1074
3.834798445,2166640,386
3.834798445,2167698,1058
3.836873408,2168100,402
3.836873408,2169142,1042
3.838948371,2169560,418
3.838948371,2170586,1026
3.841023334,2171020,434
3.841023334,2172030,1010
3.843178982,2172480,450
3.843178982,2173474,994
3.845254345,2173940,466
3.845254345,2174918,978
3.847335631,2175400,482
3.847335631,2176362,962
3.849410594,2176860,498
3.849410594,2177806,946
3.851485557,2178320,514
3.851485557,2179250,930
3.853604292,2179780,530
3.853604292,2180694,914
3.855723027,2181240,546
3.855723027,2182138,898
3.857841762,2182700,562
3.857841762,2183582,882
3.860042884,2184160,578
3.860042884,2185026,866
3.862161619,2185620,594
3.862161619,2186470,850
3.864280354,2187080,610
3.864280354,2187914,834
3.866399489,2188540,626
3.866399489,2189358,818
3.868524689,2190000,642
3.868524689,2190802,802
3.870725811,2191460,658
3.870725811,2192246,786
3.872844546,2192920,674
3.872844546,2193690,770
3.874963281,2194380,690
3.874963281,2195134,754
3.877082016,2195840,706
3.877082016,2196578,738
3.879200751,2197300,722
3.879200751,2198022,722
3.881319486,2198760,738
3.881319486,2199466,706
3.883438221,2200220,754
3.883438221,2200910,690
3.885556956,2201680,770
3.885556956,2202354,674
3.887676091,2203140,786
3.887676091,2203798,658
3.889883678,2204600,802
3.889883678,2205242,642
3.892002413,2206060,818
3.892002413,2206686,626
3.894121148,2207520,834
3.894121148,2208130,610
3.896239883,2208980,850
3.896239883,2209574,594
3.898358618,2210440,866
3.898358618,2211018,578
3.900559740,2211900,882
3.900559740,2212462,562
3.902678475,2213360,898
3.902678475,2213906,546
3.904797210,2214820,914
3.904797210,2215350,530
3.906916345,2216280,930
3.906916345,2216794,514
3.909041545,2217740,946
3.909041545,2218238,498
3.911160280,2219200,962
3.911160280,2219682,482
3.913279015,2220660,978
3.913279015,2221126,466
3.915397750,2222120,994
3.915397750,2222570,450
3.917598872,2223580,1010
3.917598872,2224014,434
3.919717607,2225040,1026
3.919717607,2225458,418
3.921836342,2226500,1042
3.921836342,2226902,402
3.923955077,2227960,1058
3.923955077,2228346,386
3.926073812,2229420,1074
3.926073812,2229790,370
3.928281800,2230880,1090
3.928281800,2231234,354
3.930400535,2232340,1106
3.930400535,2232678,338
3.932519270,2233800,1122
3.932519270,2234122,322
3.934638005,2235260,1138
3.934638005,2235566,306
3.936756740,2236720,1154
3.936756740,2237010,290
3.938957862,2238180,1170
3.938957862,2238454,274
3.941076597,2239640,1186
3.941076597,2239898,258
3.943195332,2241100,1202
3.943195332,2241342,242
3.945314067,2242560,1218
3.945314067,2242786,226
3.947433202,2244020,1234
3.947433202,2244230,210
3.949558402,2245480,1250
3.949558402,2245674,194
3.951677137,2246940,1266
3.951677137,2247118,178
3.953930817,2248400,1282
3.953930817,2248562,162
3.956272132,2249860,1298
3.956272132,2250006,146
3.958525812,2251320,1314
3.958525812,2251450,130
3.960779492,2252780,1330
3.960779492,2252894,114
3.963033172,2254240,1346
3.963033172,2254338,98
3.965286852,2255700,1362
3.965286852,2255782,82
3.967628567,2257160,1378
3.967628567,2257226,66
3.969889070,2258620,1394
3.969889070,2258670,50
3.972141290,2260080,1410
3.972141290,2260114,34
3.974393510,2261540,1426
3.974393510,2261558,18
3.976645730,2263000,1442
3.976645730,2263002,2
3.978898030,2264454,1452
3.981151710,2264460,6
3.981151710,2265899,1439
3.983405390,2265920,21
3.983405390,2267344,1424
3.985746705,2267380,36
3.985746705,2268789,1409
3.988000385,2268840,51
3.988000385,2270234,1394
3.990254465,2270300,66
3.990254465,2271678,1378
3.992515048,2271760,82
3.992515048,2273122,1362
3.994768728,2273220,98
3.994768728,2274566,1346
3.997110043,2274680,114
3.997110043,2276010,1330
3.999363723,2276140,130
3.999363723,2277454,1314
4.001617403,2277600,146
4.001617403,2278898,1298
4.003871083,2279060,162
4.003871083,2280342,1282
4.006124763,2280520,178
4.006124763,2281786,1266
4.008378443,2281980,194
4.008378443,2283230,1250
4.010632123,2283440,210
4.010632123,2284674,1234
4.012886203,2284900,226
4.012886203,2286118,1218
4.015234421,2286360,242
4.015234421,2287562,1202
4.017488101,2287820,258
4.017488101,2289006,1186
4.019741781,2289280,274
4.019741781,2290450,1170
4.021995461,2290740,290
4.021995461,2291894,1154
4.024249141,2292200,306
4.024249141,2293338,1138
4.026590456,2293660,322
4.026590456,2294782,1122
4.028844136,2295120,338
4.028844136,2296226,1106
4.031097816,2296580,354
4.031097816,2297670,1090
4.033351896,2298040,370
4.033351896,2299114,1074
4.035612479,2299500,386
4.035612479,2300558,1058
4.037953794,2300960,402
4.037953794,2302002,1042
4.040207474,2302420,418
4.040207474,2303446,1026
4.042461154,2303880,434
4.042461154,2304890,1010
4.044714834,2305340,450
4.044714834,2306334,994
4.046968514,2306800,466
4.046968514,2307778,978
4.049222194,2308260,482
4.049222194,2309222,962
4.051475874,2309720,498
4.051475874,2310666,946
4.053670259,2311180,514
4.053670259,2312110,930
4.055957084,2312640,530
4.055957084,2313554,914
4.058151469,2314100,546
4.058151469,2314998,898
4.060345854,2315560,562
4.060345854,2316442,882
4.062540239,2317020,578
4.062540239,2317886,866
4.064734624,2318480,594
4.064734624,2319330,850
4.067014338,2319940,610
4.067014338,2320774,834
4.069208723,2321400,626
4.069208723,2322218,818
4.071403108,2322860,642
4.071403108,2323662,802
4.073597493,2324320,658
4.073597493,2325106,786
4.075792278,2325780,674
4.075792278,2326550,770
4.077993374,2327240,690
4.077993374,2327994,754
4.080187759,2328700,706
4.080187759,2329438,738
4.082382144,2330160,722
4.082382144,2330882,722
4.084661858,2331620,738
4.084661858,2332326,706
4.086856243,2333080,754
4.086856243,2333770,690
4.089050628,2334540,770
4.089050628,2335214,674
4.091245013,2336000,786
4.091245013,2336658,658
4.093439398,2337460,802
4.093439398,2338102,642
4.095719512,2338920,818
4.095719512,2339546,626
4.097920608,2340380,834
4.097920608,2340990,610
4.100114993,2341840,850
4.100114993,2342434,594
4.102309378,2343300,866
4.102309378,2343878,578
4.104503763,2344760,882
4.104503763,2345322,562
4.106783477,2346220,898
4.106783477,2346766,546
4.108977862,2347680,914
4.108977862,2348210,530
4.111172247,2349140,930
4.111172247,2349654,514
4.113366632,2350600,946
4.113366632,2351098,498
4.115561017,2352060,962
4.115561017,2352542,482
4.117755802,2353520,978
4.117755802,2353986,466
4.119956898,2354980,994
4.119956898,2355430,450
4.122151283,2356440,1010
4.122151283,2356874,434
4.124430997,2357900,1026
4.124430997,2358318,418
4.126625382,2359360,1042
4.126625382,2359762,402
4.128819767,2360820,1058
4.128819767,2361206,386
4.131014152,2362280,1074
4.131014152,2362650,370
4.133208537,2363740,1090
4.133208537,2364094,354
4.135488251,2365200,1106
4.135488251,2365538,338
4.137683036,2366660,1122
4.137683036,2366982,322
4.139884132,2368120,1138
4.139884132,2368426,306
4.142078517,2369580,1154
4.142078517,2369870,290
4.144272902,2371040,1170
4.144272902,2371314,274
4.146467287,2372500,1186
4.146467287,2372758,258
4.148661672,2373960,1202
4.148661672,2374202,242
4.150856057,2375420,1218
4.150856057,2375646,226
4.153336462,2376880,1234
4.153336462,2377090,210
4.155724026,2378340,1250
4.155724026,2378534,194
4.158111590,2379800,1266
4.158111590,2379978,178
4.160499554,2381260,1282
4.160499554,2381422,162
4.162894455,2382720,1298
4.162894455,2382866,146
4.165374860,2384180,1314
4.165374860,2384310,130
4.167762424,2385640,1330
4.167762424,2385754,114
4.170149988,2387100,1346
4.170149988,2387198,98
4.172537552,2388560,1362
4.172537552,2388642,82
4.174925116,2390020,1378
4.174925116,2390086,66
4.177312600,2391480,1394
4.177312600,2391530,50
4.179698617,2392940,1410
4.179698617,2392974,34
4.182084634,2394400,1426
4.182084634,2394418,18
4.184571228,2395860,1442
4.184571228,2395862,2
4.186957325,2397314,1452
4.189344889,2397320,6
4.189344889,2398759,1439
4.191732453,2398780,21
4.191732453,2400204,1424
4.194120017,2400240,36
4.194120017,2401649,1409
4.196600422,2401700,51
4.196600422,2403094,1394
4.198987986,2403160,66
4.198987986,2404538,1378
4.201375550,2404620,82
4.201375550,2405982,1362
4.203763114,2406080,98
4.203763114,2407426,1346
4.206151078,2407540,114
4.206151078,2408870,1330
4.208638820,2409000,130
4.208638820,2410314,1314
4.211026384,2410460,146
4.211026384,2411758,1298
4.213413948,2411920,162
4.213413948,2413202,1282
4.215801512,2413380,178
4.215801512,2414646,1266
4.218189076,2414840,194
4.218189076,2416090,1250
4.220576640,2416300,210
4.220576640,2417534,1234
4.222964204,2417760,226
4.222964204,2418978,1218
4.225351768,2419220,242
4.225351768,2420422,1202
4.227832573,2420680,258
4.227832573,2421866,1186
4.230227474,2422140,274
4.230227474,2423310,1170
4.232615038,2423600,290
4.232615038,2424754,1154
4.235002602,2425060,306
4.235002602,2426198,1138
4.237390166,2426520,322
4.237390166,2427642,1122
4.239870571,2427980,338
4.239870571,2429086,1106
4.242258135,2429440,354
4.242258135,2430530,1090
4.244645699,2430900,370
4.244645699,2431974,1074
4.247033263,2432360,386
4.247033263,2433418,1058
4.249420827,2433820,402
4.249420827,2434862,1042
4.251808791,2435280,418
4.251808791,2436306,1026
4.254100918,2436740,434
4.254100918,2437750,1010
4.256386040,2438200,450
4.256386040,2439194,994
4.258760019,2439660,466
4.258760019,2440638,978
4.261045141,2441120,482
4.261045141,2442082,962
4.263330263,2442580,498
4.263330263,2443526,946
4.265615385,2444040,514
4.265615385,2444970,930
4.267900507,2445500,530
4.267900507,2446414,914
4.270274486,2446960,546
4.270274486,2447858,898
4.272560008,2448420,562
4.272560008,2449302,882
4.274852135,2449880,578
4.274852135,2450746,866
4.277137257,2451340,594
4.277137257,2452190,850
4.279422379,2452800,610
4.279422379,2453634,834
4.281707501,2454260,626
4.281707501,2455078,818
4.283992623,2455720,642
4.283992623,2456522,802
4.286277745,2457180,658
4.286277745,2457966,786
4.288651724,2458640,674
4.288651724,2459410,770
4.290936846,2460100,690
4.290936846,2460854,754
4.293221968,2461560,706
4.293221968,2462298,738
4.295507490,2463020,722
4.295507490,2463742,722
4.297799617,2464480,738
4.297799617,2465186,706
4.300173596,2465940,754
4.300173596,2466630,690
4.302458718,2467400,770
4.302458718,2468074,674
4.304743840,2468860,786
4.304743840,2469518,658
4.307028962,2470320,802
4.307028962,2470962,642
4.309314084,2471780,818
4.309314084,2472406,626
4.311688063,2473240,834
4.311688063,2473850,610
4.313973185,2474700,850
4.313973185,2475294,594
4.316258707,2476160,866
4.316258707,2476738,578
4.318550834,2477620,882
4.318550834,2478182,562
4.320835956,2479080,898
4.320835956,2479626,546
4.323121078,2480540,914
4.323121078,2481070,530
4.325406200,2482000,930
4.325406200,2482514,514
4.327691322,2483460,946
4.327691322,2483958,498
4.330065301,2484920,962
4.330065301,2485402,482
4.332350423,2486380,978
4.332350423,2486846,466
4.334635545,2487840,994
4.334635545,2488290,450
4.336920667,2489300,1010
4.336920667,2489734,434
4.339206189,2490760,1026
4.339206189,2491178,418
4.341498316,2492220,1042
4.341498316,2492622,402
4.343872295,2493680,1058
4.343872295,2494066,386
4.346157417,2495140,1074
4.346157417,2495510,370
4.348442539,2496600,1090
4.348442539,2496954,354
4.350727661,2498060,1106
4.350727661,2498398,338
4.353154988,2499520,1122
4.353154988,2499842,322
4.355582315,2500980,1138
4.355582315,2501286,306
4.358009642,2502440,1154
4.358009642,2502730,290
4.360436969,2503900,1170
4.360436969,2504174,274
4.362966548,2505360,1186
4.362966548,2505618,258
4.365393875,2506820,1202
4.365393875,2507062,242
4.367821202,2508280,1218
4.367821202,2508506,226
4.370248529,2509740,1234
4.370248529,2509950,210
4.372675856,2511200,1250
4.372675856,2511394,194
4.375197570,2512660,1266
4.375197570,2512838,178
4.377624897,2514120,1282
4.377624897,2514282,162
4.380052224,2515580,1298
4.380052224,2515726,146
4.382479551,2517040,1314
4.382479551,2517170,130
4.384907278,2518500,1330
4.384907278,2518614,114
4.387342070,2519960,1346
4.387342070,2520058,98
4.389769397,2521420,1362
4.389769397,2521502,82
4.392196724,2522880,1378
4.392196724,2522946,66
4.394718358,2524340,1394
4.394718358,2524390,50
4.397144111,2525800,1410
4.397144111,2525834,34
4.399569864,2527260,1426
4.399569864,2527278,18
4.401995617,2528720,1442
4.401995617,2528722,2
4.404421450,2530174,1452
4.406943564,2530180,6
4.406943564,2531619,1439
4.409378356,2531640,21
4.409378356,2533064,1424
4.411805683,2533100,36
4.411805683,2534509,1409
4.414233010,2534560,51
4.414233010,2535954,1394
4.416660337,2536020,66
4.416660337,2537398,1378
4.419182051,2537480,82
4.419182051,2538842,1362
4.421609378,2538940,98
4.421609378,2540286,1346
4.424036705,2540400,114
4.424036705,2541730,1330
4.426464032,2541860,130
4.426464032,2543174,1314
4.428891359,2543320,146
4.428891359,2544618,1298
4.431319086,2544780,162
4.431319086,2546062,1282
4.433753878,2546240,178
4.433753878,2547506,1266
4.436181205,2547700,194
4.436181205,2548950,1250
4.438702919,2549160,210
4.438702919,2550394,1234
4.441130246,2550620,226
4.441130246,2551838,1218
4.443557573,2552080,242
4.443557573,2553282,1202
4.445984900,2553540,258
4.445984900,2554726,1186
4.448412227,2555000,274
4.448412227,2556170,1170
4.450933941,2556460,290
4.450933941,2557614,1154
4.453250916,2557920,306
4.453250916,2559058,1138
4.455574597,2559380,322
4.455574597,2560502,1122
4.457891172,2560840,338
4.457891172,2561946,1106
4.460207747,2562300,354
4.460207747,2563390,1090
4.462524322,2563760,370
4.462524322,2564834,1074
4.464840897,2565220,386
4.464840897,2566278,1058
4.467157472,2566680,402
4.467157472,2567722,1042
4.469564127,2568140,418
4.469564127,2569166,1026
4.471880702,2569600,434
4.471880702,2570610,1010
4.474197277,2571060,450
4.474197277,2572054,994
4.476514252,2572520,466
4.476514252,2573498,978
4.478837933,2573980,482
4.478837933,2574942,962
4.481244588,2575440,498
4.481244588,2576386,946
4.483561163,2576900,514
4.483561163,2577830,930
4.485877738,2578360,530
4.485877738,2579274,914
4.488194313,2579820,546
4.488194313,2580718,898
4.490510888,2581280,562
4.490510888,2582162,882
4.492917543,2582740,578
4.492917543,2583606,866
4.495234118,2584200,594
4.495234118,2585050,850
4.497551093,2585660,610
4.497551093,2586494,834
4.499874774,2587120,626
4.499874774,2587938,818
4.502191349,2588580,642
4.502191349,2589382,802
4.504507924,2590040,658
4.504507924,2590826,786
4.506824499,2591500,674
4.506824499,2592270,770
4.509141074,2592960,690
4.509141074,2593714,754
4.511547729,2594420,706
4.511547729,2595158,738
4.513864304,2595880,722
4.513864304,2596602,722
4.516180879,2597340,738
4.516180879,2598046,706
4.518497454,2598800,754
4.518497454,2599490,690
4.520814429,2600260,770
4.520814429,2600934,674
4.523138110,2601720,786
4.523138110,2602378,658
4.525544765,2603180,802
4.525544765,2603822,642
4.527861340,2604640,818
4.527861340,2605266,626
4.530177915,2606100,834
4.530177915,2606710,610
4.532494490,2607560,850
4.532494490,2608154,594
4.534811065,2609020,866
4.534811065,2609598,578
4.537127640,2610480,882
4.537127640,2611042,562
4.539444215,2611940,898
4.539444215,2612486,546
4.541760790,2613400,914
4.541760790,2613930,530
4.544174952,2614860,930
4.544174952,2615374,514
4.546491527,2616320,946
4.546491527,2616818,498
4.548808102,2617780,962
4.548808102,2618262,482
4.551124677,2619240,978
4.551124677,2619706,466
4.553258931,2620700,994
4.553258931,2621150,450
4.555476176,2622160,1010
4.555476176,2622594,434
4.557610430,2623620,1026
4.557610430,2624038,418
4.559744684,2625080,1042
4.559744684,2625482,402
4.561878938,2626540,1058
4.561878938,2626926,386
4.564013592,2628000,1074
4.564013592,2628370,370
4.566154362,2629460,1090
4.566154362,2629814,354
4.568288616,2630920,1106
4.568288616,2631258,338
4.570422870,2632380,1122
4.570422870,2632702,322
4.572640115,2633840,1138
4.572640115,2634146,306
4.574774369,2635300,1154
4.574774369,2635590,290
4.576908623,2636760,1170
4.576908623,2637034,274
4.579042877,2638220,1186
4.579042877,2638478,258
4.581177131,2639680,1202
4.581177131,2639922,242
4.583394776,2641140,1218
4.583394776,2641366,226
4.585535546,2642600,1234
4.585535546,2642810,210
4.587669800,2644060,1250
4.587669800,2644254,194
4.589804054,2645520,1266
4.589804054,2645698,178
4.591938308,2646980,1282
4.591938308,2647142,162
4.594155553,2648440,1298
4.594155553,2648586,146
4.596289807,2649900,1314
4.596289807,2650030,130
4.598424061,2651360,1330
4.598424061,2651474,114
4.600558315,2652820,1346
4.600558315,2652918,98
4.602692569,2654280,1362
4.602692569,2654362,82
4.604827223,2655740,1378
4.604827223,2655806,66
4.606967913,2657200,1394
4.606967913,2657250,50
4.609100784,2658660,1410
4.609100784,2658694,34
4.611316646,2660120,1426
4.611316646,2660138,18
4.613449517,2661580,1442
4.613449517,2661582,2
4.615582468,2663034,1452
4.617716722,2663040,6
4.617716722,2664479,1439
4.619850976,2664500,21
4.619850976,2665924,1424
4.622068221,2665960,36
4.622068221,2667369,1409
4.624202875,2667420,51
4.624202875,2668814,1394
4.626343645,2668880,66
4.626343645,2670258,1378
4.628477899,2670340,82
4.628477899,2671702,1362
4.630612153,2671800,98
4.630612153,2673146,1346
4.632746407,2673260,114
4.632746407,2674590,1330
4.634880661,2674720,130
4.634880661,2676034,1314
4.637014915,2676180,146
4.637014915,2677478,1298
4.639232160,2677640,162
4.639232160,2678922,1282
4.641366414,2679100,178
4.641366414,2680366,1266
4.643500668,2680560,194
4.643500668,2681810,1250
4.645635322,2682020,210
4.645635322,2683254,1234
4.647776092,2683480,226
4.647776092,2684698,1218
4.649993337,2684940,242
4.649993337,2686142,1202
4.652127591,2686400,258
4.652127591,2687586,1186
4.654315697,2687860,274
4.654315697,2689030,1170
4.656503803,2689320,290
4.656503803,2690474,1154
4.658691909,2690780,306
4.658691909,2691918,1138
4.660880015,2692240,322
4.660880015,2693362,1122
4.663068121,2693700,338
4.663068121,2694806,1106
4.665341712,2695160,354
4.665341712,2696250,1090
4.667536508,2696620,370
4.667536508,2697694,1074
4.669724614,2698080,386
4.669724614,2699138,1058
4.671912720,2699540,402
4.671912720,2700582,1042
4.674100826,2701000,418
4.674100826,2702026,1026
4.676288932,2702460,434
4.676288932,2703470,1010
4.678562123,2703920,450
4.678562123,2704914,994
4.680750229,2705380,466
4.680750229,2706358,978
4.682938335,2706840,482
4.682938335,2707802,962
4.685126441,2708300,498
4.685126441,2709246,946
4.687314947,2709760,514
4.687314947,2710690,930
4.689594828,2711220,530
4.689594828,2712134,914
4.691782934,2712680,546
4.691782934,2713578,898
4.693971040,2714140,562
4.693971040,2715022,882
4.696159146,2715600,578
4.696159146,2716466,866
4.698347252,2717060,594
4.698347252,2717910,850
4.700535358,2718520,610
4.700535358,2719354,834
4.702723464,2719980,626
4.702723464,2720798,818
4.704911570,2721440,642
4.704911570,2722242,802
4.707185161,2722900,658
4.707185161,2723686,786
4.709379957,2724360,674
4.709379957,2725130,770
4.711568063,2725820,690
4.711568063,2726574,754
4.713756169,2727280,706
4.713756169,2728018,738
4.715944275,2728740,722
4.715944275,2729462,722
4.718217466,2730200,738
4.718217466,2730906,706
4.720405572,2731660,754
4.720405572,2732350,690
4.722593678,2733120,770
4.722593678,2733794,674
4.724781784,2734580,786
4.724781784,2735238,658
4.726969890,2736040,802
4.726969890,2736682,642
4.729158396,2737500,818
4.729158396,2738126,626
4.731353192,2738960,834
4.731353192,2739570,610
4.733541298,2740420,850
4.733541298,2741014,594
4.735814489,2741880,866
4.735814489,2742458,578
4.738002595,2743340,882
4.738002595,2743902,562
4.740190701,2744800,898
4.740190701,2745346,546
4.742378807,2746260,914
4.742378807,2746790,530
4.744566913,2747720,930
4.744566913,2748234,514
4.746840104,2749180,946
4.746840104,2749678,498
4.749028610,2750640,962
4.749028610,2751122,482
4.751223406,2752100,978
4.751223406,2752566,466
4.753664439,2753560,994
4.753664439,2754010,450
4.756105472,2755020,1010
4.756105472,2755454,434
4.758546505,2756480,1026
4.758546505,2756898,418
4.760987538,2757940,1042
4.760987538,2758342,402
4.763523491,2759400,1058
4.763523491,2759786,386
4.765964524,2760860,1074
4.765964524,2761230,370
4.768405557,2762320,1090
4.768405557,2762674,354
4.770846590,2763780,1106
4.770846590,2764118,338
4.773288023,2765240,1122
4.773288023,2765562,322
4.775736566,2766700,1138
4.775736566,2767006,306
4.778272519,2768160,1154
4.778272519,2768450,290
4.780713552,2769620,1170
4.780713552,2769894,274
4.783154585,2771080,1186
4.783154585,2771338,258
4.785595618,2772540,1202
4.785595618,2772782,242
4.788036651,2774000,1218
4.788036651,2774226,226
4.790572604,2775460,1234
4.790572604,2775670,210
4.793013637,2776920,1250
4.793013637,2777114,194
4.795455070,2778380,1266
4.795455070,2778558,178
4.797903613,2779840,1282
4.797903613,2780002,162
4.800344646,2781300,1298
4.800344646,2781446,146
4.802785679,2782760,1314
4.802785679,2782890,130
4.805226712,2784220,1330
4.805226712,2784334,114
4.807667745,2785680,1346
4.807667745,2785778,98
4.810203698,2787140,1362
4.810203698,2787222,82
4.812644731,2788600,1378
4.812644731,2788666,66
4.815085684,2790060,1394
4.815085684,2790110,50
4.817525135,2791520,1410
4.817525135,2791554,34
4.819964986,2792980,1426
4.819964986,2792998,18
4.822411947,2794440,1442
4.822411947,2794442,2
4.824946398,2795894,1452
4.827387431,2795900,6
4.827387431,2797339,1439
4.829828464,2797360,21
4.829828464,2798784,1424
4.832269497,2798820,36
4.832269497,2800229,1409
4.834710530,2800280,51
4.834710530,2801674,1394
4.837151563,2801740,66
4.837151563,2803118,1378
4.839592596,2803200,82
4.839592596,2804562,1362
4.842033629,2804660,98
4.842033629,2806006,1346
4.844577492,2806120,114
4.844577492,2807450,1330
4.847018525,2807580,130
4.847018525,2808894,1314
4.849459558,2809040,146
4.849459558,2810338,1298
4.851900591,2810500,162
4.851900591,2811782,1282
4.854134771,2811960,178
4.854134771,2813226,1266
4.856455827,2813420,194
4.856455827,2814670,1250
4.858690007,2814880,210
4.858690007,2816114,1234
4.860924187,2816340,226
4.860924187,2817558,1218
4.863158367,2817800,242
4.863158367,2819002,1202
4.865392947,2819260,258
4.865392947,2820446,1186
4.867633967,2820720,274
4.867633967,2821890,1170
4.869868147,2822180,290
4.869868147,2823334,1154
4.872189203,2823640,306
4.872189203,2824778,1138
4.874423383,2825100,322
4.874423383,2826222,1122
4.876657563,2826560,338
4.876657563,2827666,1106
4.878891743,2828020,354
4.878891743,2829110,1090
4.881125923,2829480,370
4.881125923,2830554,1074
4.883360103,2830940,386
4.883360103,2831998,1058
4.885681559,2832400,402
4.885681559,2833442,1042
4.887922579,2833860,418
4.887922579,2834886,1026
4.890156759,2835320,434
4.890156759,2836330,1010
4.892390939,2836780,450
4.892390939,2837774,994
4.894625119,2838240,466
4.894625119,2839218,978
4.896946175,2839700,482
4.896946175,2840662,962
4.899180355,2841160,498
4.899180355,2842106,946
4.901414535,2842620,514
4.901414535,2843550,930
4.903648715,2844080,530
4.903648715,2844994,914
4.905882895,2845540,546
4.905882895,2846438,898
4.908117475,2847000,562
4.908117475,2847882,882
4.910358495,2848460,578
4.910358495,2849326,866
4.912592675,2849920,594
4.912592675,2850770,850
4.914913731,2851380,610
4.914913731,2852214,834
4.917147911,2852840,626
4.917147911,2853658,818
4.919382091,2854300,642
4.919382091,2855102,802
4.921616271,2855760,658
4.921616271,2856546,786
4.923850451,2857220,674
4.923850451,2857990,770
4.926171507,2858680,690
4.926171507,2859434,754
4.928406087,2860140,706
4.928406087,2860878,738
4.930647107,2861600,722
4.930647107,2862322,722
4.932881287,2863060,738
4.932881287,2863766,706
4.935115467,2864520,754
4.935115467,2865210,690
4.937349647,2865980,770
4.937349647,2866654,674
4.939583827,2867440,786
4.939583827,2868098,658
4.941818007,2868900,802
4.941818007,2869542,642
4.944139063,2870360,818
4.944139063,2870986,626
4.946373243,2871820,834
4.946373243,2872430,610
4.948607423,2873280,850
4.948607423,2873874,594
4.950842003,2874740,866
4.950842003,2875318,578
4.953138281,2876200,882
4.953138281,2876762,562
4.955516559,2877660,898
4.955516559,2878206,546
4.957805819,2879120,914
4.957805819,2879650,530
4.960095079,2880580,930
4.960095079,2881094,514
4.962384339,2882040,946
4.962384339,2882538,498
4.964673599,2883500,962
4.964673599,2883982,482
4.967051877,2884960,978
4.967051877,2885426,466
4.969341137,2886420,994
4.969341137,2886870,450
4.971630797,2887880,1010
4.971630797,2888314,434
4.973927075,2889340,1026
4.973927075,2889758,418
4.976216335,2890800,1042
4.976216335,2891202,402
4.978505595,2892260,1058
4.978505595,2892646,386
4.980794855,2893720,1074
4.980794855,2894090,370
4.983084115,2895180,1090
4.983084115,2895534,354
4.985462393,2896640,1106
4.985462393,2896978,338
4.987751653,2898100,1122
4.987751653,2898422,322
4.990040913,2899560,1138
4.990040913,2899866,306
4.992330173,2901020,1154
4.992330173,2901310,290
4.994619833,2902480,1170
4.994619833,2902754,274
4.997005129,2903940,1186
4.997005129,2904198,258
4.999294389,2905400,1202
4.999294389,2905642,242
5.001583649,2906860,1218
5.001583649,2907086,226
5.003872909,2908320,1234
5.003872909,2908530,210
5.006162169,2909780,1250
5.006162169,2909974,194
5.008451429,2911240,1266
5.008451429,2911418,178
5.010740689,2912700,1282
5.010740689,2912862,162
5.013029949,2914160,1298
5.013029949,2914306,146
5.015408627,2915620,1314
5.015408627,2915750,130
5.017704905,2917080,1330
5.017704905,2917194,114
5.019994165,2918540,1346
5.019994165,2918638,98
5.022283425,2920000,1362
5.022283425,2920082,82
5.024572685,2921460,1378
5.024572685,2921526,66
5.026950883,2922920,1394
5.026950883,2922970,50
5.029238659,2924380,1410
5.029238659,2924414,34
5.031526435,2925840,1426
5.031526435,2925858,18
5.033814211,2927300,1442
5.033814211,2927302,2
5.036102067,2928754,1452
5.038391727,2928760,6
5.038391727,2930199,1439
5.040688005,2930220,21
5.040688005,2931644,1424
5.042977265,2931680,36
5.042977265,2933089,1409
5.045355543,2933140,51
5.045355543,2934534,1394
5.047644803,2934600,66
5.047644803,2935978,1378
5.049934063,2936060,82
5.049934063,2937422,1362
5.052223323,2937520,98
5.052223323,2938866,1346
5.054500062,2938980,114
5.054500062,2940310,1330
5.056865332,2940440,130
5.056865332,2941754,1314
5.059142471,2941900,146
5.059142471,2943198,1298
5.061426188,2943360,162
5.061426188,2944642,1282
5.063702927,2944820,178
5.063702927,2946086,1266
5.065979666,2946280,194
5.065979666,2947530,1250
5.068344936,2947740,210
5.068344936,2948974,1234
5.070621675,2949200,226
5.070621675,2950418,1218
5.072898414,2950660,242
5.072898414,2951862,1202
5.075175153,2952120,258
5.075175153,2953306,1186
5.077451892,2953580,274
5.077451892,2954750,1170
5.079728631,2955040,290
5.079728631,2956194,1154
5.082005770,2956500,306
5.082005770,2957638,1138
5.084289487,2957960,322
5.084289487,2959082,1122
5.086654757,2959420,338
5.086654757,2960526,1106
5.088931496,2960880,354
5.088931496,2961970,1090
5.091208235,2962340,370
5.091208235,2963414,1074
5.093484974,2963800,386
5.093484974,2964858,1058
5.095761713,2965260,402
5.095761713,2966302,1042
5.098126983,2966720,418
5.098126983,2967746,1026
5.100403722,2968180,434
5.100403722,2969190,1010
5.102680861,2969640,450
5.102680861,2970634,994
5.104964578,2971100,466
5.104964578,2972078,978
5.107241317,2972560,482
5.107241317,2973522,962
5.109518056,2974020,498
5.109518056,2974966,946
5.111794795,2975480,514
5.111794795,2976410,930
5.114071534,2976940,530
5.114071534,2977854,914
5.116436804,2978400,546
5.116436804,2979298,898
5.118713543,2979860,562
5.118713543,2980742,882
5.120990282,2981320,578
5.120990282,2982186,866
5.123267021,2982780,594
5.123267021,2983630,850
5.125544160,2984240,610
5.125544160,2985074,834
5.127916408,2985700,626
5.127916408,2986518,818
5.130193147,2987160,642
5.130193147,2987962,802
5.132469886,2988620,658
5.132469886,2989406,786
5.134746625,2990080,674
5.134746625,2990850,770
5.137023364,2991540,690
5.137023364,2992294,754
5.139300103,2993000,706
5.139300103,2993738,738
5.141576842,2994460,722
5.141576842,2995182,722
5.143942112,2995920,738
5.143942112,2996626,706
5.146219251,2997380,754
5.146219251,2998070,690
5.148502968,2998840,770
5.148502968,2999514,674
5.150779707,3000300,786
5.150779707,3000958,658
5.153205107,3001760,802
5.153205107,3002402,642
5.155630507,3003220,818
5.155630507,3003846,626
5.158150219,3004680,834
5.158150219,3005290,610
5.160575619,3006140,850
5.160575619,3006734,594
5.163001019,3007600,866
5.163001019,3008178,578
5.165426419,3009060,882
5.165426419,3009622,562
5.167851819,3010520,898
5.167851819,3011066,546
5.170379390,3011980,914
5.170379390,3012510,530
5.172804790,3013440,930
5.172804790,3013954,514
5.175230190,3014900,946
5.175230190,3015398,498
5.177655590,3016360,962
5.177655590,3016842,482
5.180080990,3017820,978
5.180080990,3018286,466
5.182506390,3019280,994
5.182506390,3019730,450
5.184931790,3020740,1010
5.184931790,3021174,434
5.187357190,3022200,1026
5.187357190,3022618,418
5.189876902,3023660,1042
5.189876902,3024062,402
5.192302702,3025120,1058
5.192302702,3025506,386
5.194735562,3026580,1074
5.194735562,3026950,370
5.197160962,3028040,1090
5.197160962,3028394,354
5.199586362,3029500,1106
5.199586362,3029838,338
5.202106074,3030960,1122
5.202106074,3031282,322
5.204531474,3032420,1138
5.204531474,3032726,306
5.206956874,3033880,1154
5.206956874,3034170,290
5.209382274,3035340,1170
5.209382274,3035614,274
5.211807674,3036800,1186
5.211807674,3037058,258
5.214233074,3038260,1202
5.214233074,3038502,242
5.216658874,3039720,1218
5.216658874,3039946,226
5.219091734,3041180,1234
5.219091734,3041390,210
5.221611446,3042640,1250
5.221611446,3042834,194
5.224036846,3044100,1266
5.224036846,3044278,178
5.226462246,3045560,1282
5.226462246,3045722,162
5.228887646,3047020,1298
5.228887646,3047166,146
5.231313046,3048480,1314
5.231313046,3048610,130
5.233832758,3049940,1330
5.233832758,3050054,114
5.236258158,3051400,1346
5.236258158,3051498,98
5.238683958,3052860,1362
5.238683958,3052942,82
5.241116818,3054320,1378
5.241116818,3054386,66
5.243542138,3055780,1394
5.243542138,3055830,50
5.245965966,3057240,1410
5.245965966,3057274,34
5.248389794,3058700,1426
5.248389794,3058718,18
5.250907934,3060160,1442
5.250907934,3060162,2
5.253324249,3061614,1452
5.255742051,3061620,6
5.255742051,3063059,1439
5.258159853,3063080,21
5.258159853,3064504,1424
5.260577655,3064540,36
5.260577655,3065949,1409
5.262995857,3066000,51
5.262995857,3067394,1394
5.265515110,3067460,66
5.265515110,3068838,1378
5.267932912,3068920,82
5.267932912,3070282,1362
5.270350714,3070380,98
5.270350714,3071726,1346
5.272768516,3071840,114
5.272768516,3073170,1330
5.275186318,3073300,130
5.275186318,3074614,1314
5.277698136,3074760,146
5.277698136,3076058,1298
5.280115938,3076220,162
5.280115938,3077502,1282
5.282533740,3077680,178
5.282533740,3078946,1266
5.284951942,3079140,194
5.284951942,3080390,1250
5.287377179,3080600,210
5.287377179,3081834,1234
5.289794981,3082060,226
5.289794981,3083278,1218
5.292212783,3083520,242
5.292212783,3084722,1202
5.294630585,3084980,258
5.294630585,3086166,1186
5.297142403,3086440,274
5.297142403,3087610,1170
5.299560205,3087900,290
5.299560205,3089054,1154
5.301978007,3089360,306
5.301978007,3090498,1138
5.304395809,3090820,322
5.304395809,3091942,1122
5.306813611,3092280,338
5.306813611,3093386,1106
5.309231813,3093740,354
5.309231813,3094830,1090
5.311751066,3095200,370
5.311751066,3096274,1074
5.314168868,3096660,386
5.314168868,3097718,1058
5.316586670,3098120,402
5.316586670,3099162,1042
5.319004472,3099580,418
5.319004472,3100606,1026
5.321422274,3101040,434
5.321422274,3102050,1010
5.323840076,3102500,450
5.323840076,3103494,994
5.326257878,3103960,466
5.326257878,3104938,978
5.328675680,3105420,482
5.328675680,3106382,962
5.331187898,3106880,498
5.331187898,3107826,946
5.333613135,3108340,514
5.333613135,3109270,930
5.336030937,3109800,530
5.336030937,3110714,914
5.338448739,3111260,546
5.338448739,3112158,898
5.340866541,3112720,562
5.340866541,3113602,882
5.343378359,3114180,578
5.343378359,3115046,866
5.345796161,3115640,594
5.345796161,3116490,850
5.348213963,3117100,610
5.348213963,3117934,834
5.350631765,3118560,626
5.350631765,3119378,818
5.352908823,3120020,642
5.352908823,3120822,802
5.355281803,3121480,658
5.355281803,3122266,786
5.357558861,3122940,674
5.357558861,3123710,770
5.359835919,3124400,690
5.359835919,3125154,754
5.362112977,3125860,706
5.362112977,3126598,738
5.364390035,3127320,722
5.364390035,3128042,722
5.366667093,3128780,738
5.366667093,3129486,706
5.368944151,3130240,754
5.368944151,3130930,690
5.371221209,3131700,770
5.371221209,3132374,674
5.373586811,3133160,786
5.373586811,3133818,658
5.375864269,3134620,802
5.375864269,3135262,642
5.378148305,3136080,818
5.378148305,3136706,626
5.380425363,3137540,834
5.380425363,3138150,610
5.382702421,3139000,850
5.382702421,3139594,594
5.385068023,3140460,866
5.385068023,3141038,578
5.387345081,3141920,882
5.387345081,3142482,562
5.389622139,3143380,898
5.389622139,3143926,546
5.391899197,3144840,914
5.391899197,3145370,530
5.394176255,3146300,930
5.394176255,3146814,514
5.396453313,3147760,946
5.396453313,3148258,498
5.398730771,3149220,962
5.398730771,3149702,482
5.401014807,3150680,978
5.401014807,3151146,466
5.403380409,3152140,994
5.403380409,3152590,450
5.405657467,3153600,1010
5.405657467,3154034,434
5.407934525,3155060,1026
5.407934525,3155478,418
5.410211583,3156520,1042
5.410211583,3156922,402
5.412488641,3157980,1058
5.412488641,3158366,386
5.414854243,3159440,1074
5.414854243,3159810,370
5.417131301,3160900,1090
5.417131301,3161254,354
5.419408759,3162360,1106
5.419408759,3162698,338
5.421692795,3163820,1122
5.421692795,3164142,322
5.423969853,3165280,1138
5.423969853,3165586,306
5.426246911,3166740,1154
5.426246911,3167030,290
5.428523969,3168200,1170
5.428523969,3168474,274
5.430801027,3169660,1186
5.430801027,3169918,258
5.433166629,3171120,1202
5.433166629,3171362,242
5.435443687,3172580,1218
5.435443687,3172806,226
5.437720745,3174040,1234
5.437720745,3174250,210
5.439997803,3175500,1250
5.439997803,3175694,194
5.442275261,3176960,1266
5.442275261,3177138,178
5.444647841,3178420,1282
5.444647841,3178582,162
5.446924899,3179880,1298
5.446924899,3180026,146
5.449201957,3181340,1314
5.449201957,3181470,130
5.451479015,3182800,1330
5.451479015,3182914,114
5.453787047,3184260,1346
5.453787047,3184358,98
5.456184827,3185720,1362
5.456184827,3185802,82
5.458492859,3187180,1378
5.458492859,3187246,66
5.460800811,3188640,1394
5.460800811,3188690,50
5.463107747,3190100,1410
5.463107747,3190134,34
5.465421362,3191560,1426
5.465421362,3191578,18
5.467727898,3193020,1442
5.467727898,3193022,2
5.470034514,3194474,1452
5.472342546,3194480,6
5.472342546,3195919,1439
5.474740326,3195940,21
5.474740326,3197364,1424
5.477048358,3197400,36
5.477048358,3198809,1409
5.479356390,3198860,51
5.479356390,3200254,1394
5.481664422,3200320,66
5.481664422,3201698,1378
5.483972454,3201780,82
5.483972454,3203142,1362
5.486377713,3203240,98
5.486377713,3204586,1346
5.488685745,3204700,114
5.488685745,3206030,1330
5.490993777,3206160,130
5.490993777,3207474,1314
5.493301809,3207620,146
5.493301809,3208918,1298
5.495609841,3209080,162
5.495609841,3210362,1282
5.497917873,3210540,178
5.497917873,3211806,1266
5.500225905,3212000,194
5.500225905,3213250,1250
5.502533937,3213460,210
5.502533937,3214694,1234
5.504931717,3214920,226
5.504931717,3216138,1218
5.507240149,3216380,242
5.507240149,3217582,1202
5.509555260,3217840,258
5.509555260,3219026,1186
5.511863292,3219300,274
5.511863292,3220470,1170
5.514171324,3220760,290
5.514171324,3221914,1154
5.516569104,3222220,306
5.516569104,3223358,1138
5.518877136,3223680,322
5.518877136,3224802,1122
5.521185168,3225140,338
5.521185168,3226246,1106
5.523493200,3226600,354
5.523493200,3227690,1090
5.525801232,3228060,370
5.525801232,3229134,1074
5.528109264,3229520,386
5.528109264,3230578,1058
5.530417696,3230980,402
5.530417696,3232022,1042
5.532732807,3232440,418
5.532732807,3233466,1026
5.535130587,3233900,434
5.535130587,3234910,1010
5.537438619,3235360,450
5.537438619,3236354,994
5.539746651,3236820,466
5.539746651,3237798,978
5.542054683,3238280,482
5.542054683,3239242,962
5.544362715,3239740,498
5.544362715,3240686,946
5.546760495,3241200,514
5.546760495,3242130,930
5.549068527,3242660,530
5.549068527,3243574,914
5.551376959,3244120,546
5.551376959,3245018,898
5.553711699,3245580,562
5.553711699,3246462,882
5.556039297,3247040,578
5.556039297,3247906,866
5.558457404,3248500,594
5.558457404,3249350,850
5.560785002,3249960,610
5.560785002,3250794,834
5.563112600,3251420,626
5.563112600,3252238,818
5.565440198,3252880,642
5.565440198,3253682,802
5.567767796,3254340,658
5.567767796,3255126,786
5.570095394,3255800,674
5.570095394,3256570,770
5.572422992,3257260,690
5.572422992,3258014,754
5.574750990,3258720,706
5.574750990,3259458,738
5.577176239,3260180,722
5.577176239,3260902,722
5.579503837,3261640,738
5.579503837,3262346,706
5.581831435,3263100,754
5.581831435,3263790,690
5.584159033,3264560,770
5.584159033,3265234,674
5.586486631,3266020,786
5.586486631,3266678,658
5.588904738,3267480,802
5.588904738,3268122,642
5.591232336,3268940,818
5.591232336,3269566,626
5.593559934,3270400,834
5.593559934,3271010,610
5.595887932,3271860,850
5.595887932,3272454,594
5.598222672,3273320,866
5.598222672,3273898,578
5.600550270,3274780,882
5.600550270,3275342,562
5.602877868,3276240,898
5.602877868,3276786,546
5.605205466,3277700,914
5.605205466,3278230,530
5.607623573,3279160,930
5.607623573,3279674,514
5.609951171,3280620,946
5.609951171,3281118,498
5.612278769,3282080,962
5.612278769,3282562,482
5.614606367,3283540,978
5.614606367,3284006,466
5.616933965,3285000,994
5.616933965,3285450,450
5.619359614,3286460,1010
5.619359614,3286894,434
5.621687212,3287920,1026
5.621687212,3288338,418
5.624014810,3289380,1042
5.624014810,3289782,402
5.626342408,3290840,1058
5.626342408,3291226,386
5.628670006,3292300,1074
5.628670006,3292670,370
5.631088113,3293760,1090
5.631088113,3294114,354
5.633415711,3295220,1106
5.633415711,3295558,338
5.635743309,3296680,1122
5.635743309,3297002,322
5.638070907,3298140,1138
5.638070907,3298446,306
5.640398905,3299600,1154
5.640398905,3299890,290
5.642733645,3301060,1170
5.642733645,3301334,274
5.645061243,3302520,1186
5.645061243,3302778,258
5.647388841,3303980,1202
5.647388841,3304222,242
5.649806948,3305440,1218
5.649806948,3305666,226
5.652134546,3306900,1234
5.652134546,3307110,210
5.654545101,3308360,1250
5.654545101,3308554,194
5.656955656,3309820,1266
5.656955656,3309998,178
5.659366211,3311280,1282
5.659366211,3311442,162
5.661870901,3312740,1298
5.661870901,3312886,146
5.664288867,3314200,1314
5.664288867,3314330,130
5.666699422,3315660,1330
5.666699422,3315774,114
5.669109977,3317120,1346
5.669109977,3317218,98
5.671520532,3318580,1362
5.671520532,3318662,82
5.673931087,3320040,1378
5.673931087,3320106,66
5.676341562,3321500,1394
5.676341562,3321550,50
5.678750555,3322960,1410
5.678750555,3322994,34
5.681253283,3324420,1426
5.681253283,3324438,18
5.683662276,3325880,1442
5.683662276,3325882,2
5.686071749,3327334,1452
5.688489715,3327340,6
5.688489715,3328779,1439
5.690900270,3328800,21
5.690900270,3330224,1424
5.693404560,3330260,36
5.693404560,3331669,1409
5.695815115,3331720,51
5.695815115,3333114,1394
5.698225670,3333180,66
5.698225670,3334558,1378
5.700636225,3334640,82
5.700636225,3336002,1362
5.703046780,3336100,98
5.703046780,3337446,1346
5.705457335,3337560,114
5.705457335,3338890,1330
5.707867890,3339020,130
5.707867890,3340334,1314
5.710278845,3340480,146
5.710278845,3341778,1298
5.712790546,3341940,162
5.712790546,3343222,1282
5.715201101,3343400,178
5.715201101,3344666,1266
5.717611656,3344860,194
5.717611656,3346110,1250
5.720022211,3346320,210
5.720022211,3347554,1234
5.722432766,3347780,226
5.722432766,3348998,1218
5.724937056,3349240,242
5.724937056,3350442,1202
5.727347611,3350700,258
5.727347611,3351886,1186
5.729758166,3352160,274
5.729758166,3353330,1170
5.732169121,3353620,290
5.732169121,3354774,1154
5.734587087,3355080,306
5.734587087,3356218,1138
5.737091377,3356540,322
5.737091377,3357662,1122
5.739501932,3358000,338
5.739501932,3359106,1106
5.741912487,3359460,354
5.741912487,3360550,1090
5.744323042,3360920,370
5.744323042,3361994,1074
5.746733597,3362380,386
5.746733597,3363438,1058
5.749144152,3363840,402
5.749144152,3364882,1042
5.751554707,3365300,418
5.751554707,3366326,1026
5.753689632,3366760,434
5.753689632,3367770,1010
5.755914492,3368220,450
5.755914492,3369214,994
5.758049417,3369680,466
5.758049417,3370658,978
5.760184342,3371140,482
5.760184342,3372102,962
5.762319267,3372600,498
5.762319267,3373546,946
5.764454192,3374060,514
5.764454192,3374990,930
5.766672134,3375520,530
5.766672134,3376434,914
5.768807059,3376980,546
5.768807059,3377878,898
5.770941984,3378440,562
5.770941984,3379322,882
5.773076909,3379900,578
5.773076909,3380766,866
5.775212234,3381360,594
5.775212234,3382210,850
5.777353677,3382820,610
5.777353677,3383654,834
5.779488602,3384280,626
5.779488602,3385098,818
5.781623527,3385740,642
5.781623527,3386542,802
5.783841469,3387200,658
5.783841469,3387986,786
5.785976394,3388660,674
5.785976394,3389430,770
5.788111319,3390120,690
5.788111319,3390874,754
5.790246244,3391580,706
5.790246244,3392318,738
5.792381169,3393040,722
5.792381169,3393762,722
5.794599511,3394500,738
5.794599511,3395206,706
5.796740954,3395960,754
5.796740954,3396650,690
5.798875879,3397420,770
5.798875879,3398094,674
5.801010804,3398880,786
5.801010804,3399538,658
5.803145729,3400340,802
5.803145729,3400982,642
5.805280654,3401800,818
5.805280654,3402426,626
5.807415579,3403260,834
5.807415579,3403870,610
5.809550504,3404720,850
5.809550504,3405314,594
5.811685429,3406180,866
5.811685429,3406758,578
5.813903371,3407640,882
5.813903371,3408202,562
5.816038696,3409100,898
5.816038696,3409646,546
5.818180139,3410560,914
5.818180139,3411090,530
5.820315064,3412020,930
5.820315064,3412534,514
5.822449989,3413480,946
5.822449989,3413978,498
5.824667931,3414940,962
5.824667931,3415422,482
5.826802856,3416400,978
5.826802856,3416866,466
5.828937781,3417860,994
5.828937781,3418310,450
5.831072706,3419320,1010
5.831072706,3419754,434
5.833207631,3420780,1026
5.833207631,3421198,418
5.835425973,3422240,1042
5.835425973,3422642,402
5.837567416,3423700,1058
5.837567416,3424086,386
5.839702341,3425160,1074
5.839702341,3425530,370
5.841837266,3426620,1090
5.841837266,3426974,354
5.843972191,3428080,1106
5.843972191,3428418,338
5.846107116,3429540,1122
5.846107116,3429862,322
5.848242041,3431000,1138
5.848242041,3431306,306
5.850376966,3432460,1154
5.850376966,3432750,290
5.852797855,3433920,1170
5.852797855,3434194,274
5.855128131,3435380,1186
5.855128131,3435638,258
5.857458807,3436840,1202
5.857458807,3437082,242
5.859796234,3438300,1218
5.859796234,3438526,226
5.862126510,3439760,1234
5.862126510,3439970,210
5.864547399,3441220,1250
5.864547399,3441414,194
5.866877675,3442680,1266
5.866877675,3442858,178
5.869207951,3444140,1282
5.869207951,3444302,162
5.871538227,3445600,1298
5.871538227,3445746,146
5.873868503,3447060,1314
5.873868503,3447190,130
5.876198779,3448520,1330
5.876198779,3448634,114
5.878529055,3449980,1346
5.878529055,3450078,98
5.880859731,3451440,1362
5.880859731,3451522,82
5.883287771,3452900,1378
5.883287771,3452966,66
5.885617967,3454360,1394
5.885617967,3454410,50
5.887946732,3455820,1410
5.887946732,3455854,34
5.890275497,3457280,1426
5.890275497,3457298,18
5.892604262,3458740,1442
5.892604262,3458742,2
5.895023720,3460194,1452
5.897353996,3460200,6
5.897353996,3461639,1439
5.899684272,3461660,21
5.899684272,3463084,1424
5.902014948,3463120,36
5.902014948,3464529,1409
5.904352375,3464580,51
5.904352375,3465974,1394
5.906682651,3466040,66
5.906682651,3467418,1378
5.909012927,3467500,82
5.909012927,3468862,1362
5.911343203,3468960,98
5.911343203,3470306,1346
5.913764092,3470420,114
5.913764092,3471750,1330
5.916094368,3471880,130
5.916094368,3473194,1314
5.918424644,3473340,146
5.918424644,3474638,1298
5.920754920,3474800,162
5.920754920,3476082,1282
5.923085196,3476260,178
5.923085196,3477526,1266
5.925513636,3477720,194
5.925513636,3478970,1250
5.927843912,3479180,210
5.927843912,3480414,1234
5.930174188,3480640,226
5.930174188,3481858,1218
5.932504464,3482100,242
5.932504464,3483302,1202
5.934834740,3483560,258
5.934834740,3484746,1186
5.937255629,3485020,274
5.937255629,3486190,1170
5.939585905,3486480,290
5.939585905,3487634,1154
5.941916181,3487940,306
5.941916181,3489078,1138
5.944246457,3489400,322
5.944246457,3490522,1122
5.946577133,3490860,338
5.946577133,3491966,1106
5.948914560,3492320,354
5.948914560,3493410,1090
5.951244836,3493780,370
5.951244836,3494854,1074
5.953694935,3495240,386
5.953694935,3496298,1058
5.956240306,3496700,402
5.956240306,3497742,1042
5.958690405,3498160,418
5.958690405,3499186,1026
5.961140504,3499620,434
5.961140504,3500630,1010
5.963590603,3501080,450
5.963590603,3502074,994
5.966040702,3502540,466
5.966040702,3503518,978
5.968586473,3504000,482
5.968586473,3504962,962
5.971044111,3505460,498
5.971044111,3506406,946
5.973494210,3506920,514
5.973494210,3507850,930
5.975944309,3508380,530
5.975944309,3509294,914
5.978394408,3509840,546
5.978394408,3510738,898
5.980844507,3511300,562
5.980844507,3512182,882
5.983294606,3512760,578
5.983294606,3513626,866
5.985744705,3514220,594
5.985744705,3515070,850
5.988290076,3515680,610
5.988290076,3516514,834
5.990740175,3517140,626
5.990740175,3517958,818
5.993190674,3518600,642
5.993190674,3519402,802
5.995648312,3520060,658
5.995648312,3520846,786
5.998098411,3521520,674
5.998098411,3522290,770
6.000643782,3522980,690
6.000643782,3523734,754
6.003093881,3524440,706
6.003093881,3525178,738
6.005543980,3525900,722
6.005543980,3526622,722
6.007994079,3527360,738
6.007994079,3528066,706
6.010444178,3528820,754
6.010444178,3529510,690
6.012989549,3530280,770
6.012989549,3530954,674
6.015440048,3531740,786
6.015440048,3532398,658
6.017897686,3533200,802
6.017897686,3533842,642
6.020347785,3534660,818
6.020347785,3535286,626
6.022797884,3536120,834
6.022797884,3536730,610
6.025247983,3537580,850
6.025247983,3538174,594
6.027698082,3539040,866
6.027698082,3539618,578
6.030148181,3540500,882
6.030148181,3541062,562
6.032693552,3541960,898
6.032693552,3542506,546
6.035143651,3543420,914
6.035143651,3543950,530
6.037593750,3544880,930
6.037593750,3545394,514
6.040044249,3546340,946
6.040044249,3546838,498
6.042501887,3547800,962
6.042501887,3548282,482
6.045047258,3549260,978
6.045047258,3549726,466
6.047497357,3550720,994
6.047497357,3551170,450
6.049947456,3552180,1010
6.049947456,3552614,434
6.052397555,3553640,1026
6.052397555,3554058,418
6.054773626,3555100,1042
6.054773626,3555502,402
6.057149697,3556560,1058
6.057149697,3556946,386
6.059525768,3558020,1074
6.059525768,3558390,370
6.061901839,3559480,1090
6.061901839,3559834,354
6.064378003,3560940,1106
6.064378003,3561278,338
6.066754074,3562400,1122
6.066754074,3562722,322
6.069130145,3563860,1138
6.069130145,3564166,306
6.071506216,3565320,1154
6.071506216,3565610,290
6.073882287,3566780,1170
6.073882287,3567054,274
6.076350752,3568240,1186
6.076350752,3568498,258
6.078726823,3569700,1202
6.078726823,3569942,242
6.081102894,3571160,1218
6.081102894,3571386,226
6.083478965,3572620,1234
6.083478965,3572830,210
6.085855436,3574080,1250
6.085855436,3574274,194
6.088238806,3575540,1266
6.088238806,3575718,178
6.090614877,3577000,1282
6.090614877,3577162,162
6.092990948,3578460,1298
6.092990948,3578606,146
6.095459413,3579920,1314
6.095459413,3580050,130
6.097835484,3581380,1330
6.097835484,3581494,114
6.100211555,3582840,1346
6.100211555,3582938,98
6.102587626,3584300,1362
6.102587626,3584382,82
6.104963697,3585760,1378
6.104963697,3585826,66
6.107432482,3587220,1394
6.107432482,3587270,50
6.109814312,3588680,1410
6.109814312,3588714,34
6.112188843,3590140,1426
6.112188843,3590158,18
6.114563374,3591600,1442
6.114563374,3591602,2
6.116937985,3593054,1452
6.119406450,3593060,6
6.119406450,3594499,1439
6.121782521,3594520,21
6.121782521,3595944,1424
6.124158592,3595980,36
6.124158592,3597389,1409
6.126534663,3597440,51
6.126534663,3598834,1394
6.128910734,3598900,66
6.128910734,3600278,1378
6.131287205,3600360,82
6.131287205,3601722,1362
6.133670575,3601820,98
6.133670575,3603166,1346
6.136046646,3603280,114
6.136046646,3604610,1330
6.138515111,3604740,130
6.138515111,3606054,1314
6.140891182,3606200,146
6.140891182,3607498,1298
6.143267253,3607660,162
6.143267253,3608942,1282
6.145643324,3609120,178
6.145643324,3610386,1266
6.148019395,3610580,194
6.148019395,3611830,1250
6.150487860,3612040,210
6.150487860,3613274,1234
6.152904994,3613500,226
6.152904994,3614718,1218
6.155329159,3614960,242
6.155329159,3616162,1202
6.157745893,3616420,258
6.157745893,3617606,1186
6.160162627,3617880,274
6.160162627,3619050,1170
6.162579361,3619340,290
6.162579361,3620494,1154
6.164996095,3620800,306
6.164996095,3621938,1138
6.167412829,3622260,322
6.167412829,3623382,1122
6.169923538,3623720,338
6.169923538,3624826,1106
6.172340272,3625180,354
6.172340272,3626270,1090
6.174757006,3626640,370
6.174757006,3627714,1074
6.177174140,3628100,386
6.177174140,3629158,1058
6.179598305,3629560,402
6.179598305,3630602,1042
6.182109014,3631020,418
6.182109014,3632046,1026
6.184525748,3632480,434
6.184525748,3633490,1010
6.186942482,3633940,450
6.186942482,3634934,994
6.189359216,3635400,466
6.189359216,3636378,978
6.191775950,3636860,482
6.191775950,3637822,962
6.194192684,3638320,498
6.194192684,3639266,946
6.196609418,3639780,514
6.196609418,3640710,930
6.199026152,3641240,530
6.199026152,3642154,914
6.201544692,3642700,546
6.201544692,3643598,898
6.203961426,3644160,562
6.203961426,3645042,882
6.206378160,3645620,578
6.206378160,3646486,866
6.208794894,3647080,594
6.208794894,3647930,850
6.211211628,3648540,610
6.211211628,3649374,834
6.213722337,3650000,626
6.213722337,3650818,818
6.216139071,3651460,642
6.216139071,3652262,802
6.218555805,3652920,658
6.218555805,3653706,786
6.220972539,3654380,674
6.220972539,3655150,770
6.223389673,3655840,690
6.223389673,3656594,754
6.225907813,3657300,706
6.225907813,3658038,738
6.228324547,3658760,722
6.228324547,3659482,722
6.230741281,3660220,738
6.230741281,3660926,706
6.233158015,3661680,754
6.233158015,3662370,690
6.235574749,3663140,770
6.235574749,3663814,674
6.237991483,3664600,786
6.237991483,3665258,658
6.240408217,3666060,802
6.240408217,3666702,642
6.242824951,3667520,818
6.242824951,3668146,626
6.245336060,3668980,834
6.245336060,3669590,610
6.247760225,3670440,850
6.247760225,3671034,594
6.250176959,3671900,866
6.250176959,3672478,578
6.252308623,3673360,882
6.252308623,3673922,562
6.254440287,3674820,898
6.254440287,3675366,546
6.256654841,3676280,914
6.256654841,3676810,530
6.258786505,3677740,930
6.258786505,3678254,514
6.260918169,3679200,946
6.260918169,3679698,498
6.263049833,3680660,962
6.263049833,3681142,482
6.265181497,3682120,978
6.265181497,3682586,466
6.267313561,3683580,994
6.267313561,3684030,450
6.269451733,3685040,1010
6.269451733,3685474,434
6.271583397,3686500,1026
6.271583397,3686918,418
6.273797951,3687960,1042
6.273797951,3688362,402
6.275929615,3689420,1058
6.275929615,3689806,386
6.278061279,3690880,1074
6.278061279,3691250,370
6.280192943,3692340,1090
6.280192943,3692694,354
6.282324607,3693800,1106
6.282324607,3694138,338
6.284539161,3695260,1122
6.284539161,3695582,322
6.286671225,3696720,1138
6.286671225,3697026,306
6.288809397,3698180,1154
6.288809397,3698470,290
6.290941061,3699640,1170
6.290941061,3699914,274
6.293072725,3701100,1186
6.293072725,3701358,258
6.295204389,3702560,1202
6.295204389,3702802,242
6.297336053,3704020,1218
6.297336053,3704246,226
6.299467717,3705480,1234
6.299467717,3705690,210
6.301682271,3706940,1250
6.301682271,3707134,194
6.303813935,3708400,1266
6.303813935,3708578,178
6.305945599,3709860,1282
6.305945599,3710022,162
6.308077663,3711320,1298
6.308077663,3711466,146
6.310215835,3712780,1314
6.310215835,3712910,130
6.312347499,3714240,1330
6.312347499,3714354,114
6.314562053,3715700,1346
6.314562053,3715798,98
6.316693717,3717160,1362
6.316693717,3717242,82
6.318825381,3718620,1378
6.318825381,3718686,66
6.320956965,3720080,1394
6.320956965,3720130,50
6.323087248,3721540,1410
6.323087248,3721574,34
6.325300421,3723000,1426
6.325300421,3723018,18
6.327431104,3724460,1442
6.327431104,3724462,2
6.329567974,3725914,1452
6.331699638,3725920,6
6.331699638,3727359,1439
6.333831302,3727380,21
6.333831302,3728804,1424
6.335962966,3728840,36
6.335962966,3730249,1409
6.338094630,3730300,51
6.338094630,3731694,1394
6.340226294,3731760,66
6.340226294,3733138,1378
6.342440848,3733220,82
6.342440848,3734582,1362
6.344572512,3734680,98
6.344572512,3736026,1346
6.346704176,3736140,114
6.346704176,3737470,1330
6.348836240,3737600,130
6.348836240,3738914,1314
6.350974412,3739060,146
6.350974412,3740358,1298
6.353190991,3740520,162
6.353190991,3741802,1282
6.355324604,3741980,178
6.355324604,3743246,1266
6.357458217,3743440,194
6.357458217,3744690,1250
6.359591830,3744900,210
6.359591830,3746134,1234
6.361725443,3746360,226
6.361725443,3747578,1218
6.363859056,3747820,242
6.363859056,3749022,1202
6.365992669,3749280,258
6.365992669,3750466,1186
6.368126282,3750740,274
6.368126282,3751910,1170
6.370349775,3752200,290
6.370349775,3753354,1154
6.372483388,3753660,306
6.372483388,3754798,1138
6.374617001,3755120,322
6.374617001,3756242,1122
6.376750614,3756580,338
6.376750614,3757686,1106
6.378884227,3758040,354
6.378884227,3759130,1090
6.381100806,3759500,370
6.381100806,3760574,1074
6.383234419,3760960,386
6.383234419,3762018,1058
6.385368032,3762420,402
6.385368032,3763462,1042
6.387501645,3763880,418
6.387501645,3764906,1026
6.389635658,3765340,434
6.389635658,3766350,1010
6.391775785,3766800,450
6.391775785,3767794,994
6.393909398,3768260,466
6.393909398,3769238,978
6.396043011,3769720,482
6.396043011,3770682,962
6.398259590,3771180,498
6.398259590,3772126,946
6.400393203,3772640,514
6.400393203,3773570,930
6.402526816,3774100,530
6.402526816,3775014,914
6.404660429,3775560,546
6.404660429,3776458,898
6.406794042,3777020,562
6.406794042,3777902,882
6.409011021,3778480,578
6.409011021,3779346,866
6.411151148,3779940,594
6.411151148,3780790,850
6.413284761,3781400,610
6.413284761,3782234,834
6.415418374,3782860,626
6.415418374,3783678,818
6.417551987,3784320,642
6.417551987,3785122,802
6.419768566,3785780,658
6.419768566,3786566,786
6.421902179,3787240,674
6.421902179,3788010,770
6.424035792,3788700,690
6.424035792,3789454,754
6.426169405,3790160,706
6.426169405,3790898,738
6.428303018,3791620,722
6.428303018,3792342,722
6.430437031,3793080,738
6.430437031,3793786,706
6.432577158,3794540,754
6.432577158,3795230,690
6.434710771,3796000,770
6.434710771,3796674,674
6.436927350,3797460,786
6.436927350,3798118,658
6.439060963,3798920,802
6.439060963,3799562,642
6.441194576,3800380,818
6.441194576,3801006,626
6.443328189,3801840,834
6.443328189,3802450,610
6.445461802,3803300,850
6.445461802,3803894,594
6.447678381,3804760,866
6.447678381,3805338,578
6.449812394,3806220,882
6.449812394,3806782,562
6.451952521,3807680,898
6.451952521,3808226,546
6.454387214,3809140,914
6.454387214,3809670,530
6.456821907,3810600,930
6.456821907,3811114,514
6.459256600,3812060,946
6.459256600,3812558,498
6.461691293,3813520,962
6.461691293,3814002,482
6.464125986,3814980,978
6.464125986,3815446,466
6.466655352,3816440,994
6.466655352,3816890,450
6.469090045,3817900,1010
6.469090045,3818334,434
6.471524738,3819360,1026
6.471524738,3819778,418
6.473959831,3820820,1042
6.473959831,3821222,402
6.476402014,3822280,1058
6.476402014,3822666,386
6.478931380,3823740,1074
6.478931380,3824110,370
6.481366073,3825200,1090
6.481366073,3825554,354
6.483800766,3826660,1106
6.483800766,3826998,338
6.486235459,3828120,1122
6.486235459,3828442,322
6.488670152,3829580,1138
6.488670152,3829886,306
6.491199518,3831040,1154
6.491199518,3831330,290
6.493634211,3832500,1170
6.493634211,3832774,274
6.496069304,3833960,1186
6.496069304,3834218,258
6.498511487,3835420,1202
6.498511487,3835662,242
6.500946180,3836880,1218
6.500946180,3837106,226
6.503380873,3838340,1234
6.503380873,3838550,210
6.505815566,3839800,1250
6.505815566,3839994,194
6.508250259,3841260,1266
6.508250259,3841438,178
6.510779625,3842720,1282
6.510779625,3842882,162
6.513214318,3844180,1298
6.513214318,3844326,146
6.515649011,3845640,1314
6.515649011,3845770,130
6.518083704,3847100,1330
6.518083704,3847214,114
6.520518797,3848560,1346
6.520518797,3848658,98
6.523055653,3850020,1362
6.523055653,3850102,82
6.525490346,3851480,1378
6.525490346,3851546,66
6.527924959,3852940,1394
6.527924959,3852990,50
6.530358074,3854400,1410
6.530358074,3854434,34
6.532791189,3855860,1426
6.532791189,3855878,18
6.535224304,3857320,1442
6.535224304,3857322,2
6.537657499,3858774,1452
6.540092192,3858780,6
6.540092192,3860219,1439
6.542621958,3860240,21
6.542621958,3861664,1424
6.545064141,3861700,36
6.545064141,3863109,1409
6.547498834,3863160,51
6.547498834,3864554,1394
6.549933527,3864620,66
6.549933527,3865998,1378
6.552368220,3866080,82
6.552368220,3867442,1362
6.554733830,3867540,98
6.554733830,3868886,1346
6.557010896,3869000,114
6.557010896,3870330,1330
6.559287962,3870460,130
6.559287962,3871774,1314
6.561565028,3871920,146
6.561565028,3873218,1298
6.563842094,3873380,162
6.563842094,3874662,1282
6.566119560,3874840,178
6.566119560,3876106,1266
6.568403605,3876300,194
6.568403605,3877550,1250
6.570680671,3877760,210
6.570680671,3878994,1234
6.573046281,3879220,226
6.573046281,3880438,1218
6.575323347,3880680,242
6.575323347,3881882,1202
6.577600413,3882140,258
6.577600413,3883326,1186
6.579877479,3883600,274
6.579877479,3884770,1170
6.582154545,3885060,290
6.582154545,3886214,1154
6.584520155,3886520,306
6.584520155,3887658,1138
6.586797621,3887980,322
6.586797621,3889102,1122
6.589081666,3889440,338
6.589081666,3890546,1106
6.591358732,3890900,354
6.591358732,3891990,1090
6.593635798,3892360,370
6.593635798,3893434,1074
6.596001408,3893820,386
6.596001408,3894878,1058
6.598278474,3895280,402
6.598278474,3896322,1042
6.600555540,3896740,418
6.600555540,3897766,1026
6.602832606,3898200,434
6.602832606,3899210,1010
6.605109672,3899660,450
6.605109672,3900654,994
6.607386738,3901120,466
6.607386738,3902098,978
6.609664204,3902580,482
6.609664204,3903542,962
6.611948249,3904040,498
6.611948249,3904986,946
6.614313859,3905500,514
6.614313859,3906430,930
6.616590925,3906960,530
6.616590925,3907874,914
6.618867991,3908420,546
6.618867991,3909318,898
6.621145057,3909880,562
6.621145057,3910762,882
6.623422123,3911340,578
6.623422123,3912206,866
6.625787733,3912800,594
6.625787733,3913650,850
6.628064799,3914260,610
6.628064799,3915094,834
6.630342265,3915720,626
6.630342265,3916538,818
6.632626310,3917180,642
6.632626310,3917982,802
6.634903376,3918640,658
6.634903376,3919426,786
6.637180442,3920100,674
6.637180442,3920870,770
6.639457508,3921560,690
6.639457508,3922314,754
6.641734574,3923020,706
6.641734574,3923758,738
6.644100184,3924480,722
6.644100184,3925202,722
6.646377250,3925940,738
6.646377250,3926646,706
6.648654316,3927400,754
6.648654316,3928090,690
6.650931382,3928860,770
6.650931382,3929534,674
6.653148796,3930320,786
6.653148796,3930978,658
6.655458803,3931780,802
6.655458803,3932422,642
6.657675817,3933240,818
6.657675817,3933866,626
6.659892831,3934700,834
6.659892831,3935310,610
6.662109845,3936160,850
6.662109845,3936754,594
6.664326859,3937620,866
6.664326859,3938198,578
6.666543873,3939080,882
6.666543873,3939642,562
6.668760887,3940540,898
6.668760887,3941086,546
6.670977901,3942000,914
6.670977901,3942530,530
6.673281524,3943460,930
6.673281524,3943974,514
6.675505322,3944920,946
6.675505322,3945418,498
6.677722336,3946380,962
6.677722336,3946862,482
6.679939350,3947840,978
6.679939350,3948306,466
6.682156364,3949300,994
6.682156364,3949750,450
6.684459587,3950760,1010
6.684459587,3951194,434
6.686676601,3952220,1026
6.686676601,3952638,418
6.688893615,3953680,1042
6.688893615,3954082,402
6.691110629,3955140,1058
6.691110629,3955526,386
6.693327643,3956600,1074
6.693327643,3956970,370
6.695638050,3958060,1090
6.695638050,3958414,354
6.697855064,3959520,1106
6.697855064,3959858,338
6.700072078,3960980,1122
6.700072078,3961302,322
6.702289092,3962440,1138
6.702289092,3962746,306
6.704506106,3963900,1154
6.704506106,3964190,290
6.706723120,3965360,1170
6.706723120,3965634,274
6.708940134,3966820,1186
6.708940134,3967078,258
6.711157148,3968280,1202
6.711157148,3968522,242
6.713460371,3969740,1218
6.713460371,3969966,226
6.715677785,3971200,1234
6.715677785,3971410,210
6.717901583,3972660,1250
6.717901583,3972854,194
6.720118597,3974120,1266
6.720118597,3974298,178
6.722335611,3975580,1282
6.722335611,3975742,162
6.724638834,3977040,1298
6.724638834,3977186,146
6.726855848,3978500,1314
6.726855848,3978630,130
6.729072862,3979960,1330
6.729072862,3980074,114
6.731289876,3981420,1346
6.731289876,3981518,98
6.733506890,3982880,1362
6.733506890,3982962,82
6.735723904,3984340,1378
6.735723904,3984406,66
6.737941238,3985800,1394
6.737941238,3985850,50
6.740163599,3987260,1410
6.740163599,3987294,34
6.742465385,3988720,1426
6.742465385,3988738,18
6.744680962,3990180,1442
6.744680962,3990182,2
6.746896619,3991634,1452
6.749113633,3991640,6
6.749113633,3993079,1439
6.751330647,3993100,21
6.751330647,3994524,1424
6.753518829,3994560,36
6.753518829,3995969,1409
6.755625108,3996020,51
6.755625108,3997414,1394
6.757731787,3997480,66
6.757731787,3998858,1378
6.759844491,3998940,82
6.759844491,4000302,1362
6.761950770,4000400,98
6.761950770,4001746,1346
6.764057049,4001860,114
6.764057049,4003190,1330
6.766163328,4003320,130
6.766163328,4004634,1314
6.768269607,4004780,146
6.768269607,4006078,1298
6.770457789,4006240,162
6.770457789,4007522,1282
6.772564068,4007700,178
6.772564068,4008966,1266
6.774670347,4009160,194
6.774670347,4010410,1250
6.776776626,4010620,210
6.776776626,4011854,1234
6.778883305,4012080,226
6.778883305,4013298,1218
6.781077912,4013540,242
6.781077912,4014742,1202
6.783184191,4015000,258
6.783184191,4016186,1186
6.785290470,4016460,274
6.785290470,4017630,1170
6.787396749,4017920,290
6.787396749,4019074,1154
6.789503028,4019380,306
6.789503028,4020518,1138
6.791609307,4020840,322
6.791609307,4021962,1122
6.793797489,4022300,338
6.793797489,4023406,1106
6.795903768,4023760,354
6.795903768,4024850,1090
6.798010447,4025220,370
6.798010447,4026294,1074
6.800123151,4026680,386
6.800123151,4027738,1058
6.802229430,4028140,402
6.802229430,4029182,1042
6.804335709,4029600,418
6.804335709,4030626,1026
6.806441988,4031060,434
6.806441988,4032070,1010
6.808548267,4032520,450
6.808548267,4033514,994
6.810736449,4033980,466
6.810736449,4034958,978
6.812842728,4035440,482
6.812842728,4036402,962
6.814949007,4036900,498
6.814949007,4037846,946
6.817055286,4038360,514
6.817055286,4039290,930
6.819161965,4039820,530
6.819161965,4040734,914
6.821356572,4041280,546
6.821356572,4042178,898
6.823462851,4042740,562
6.823462851,4043622,882
6.825569130,4044200,578
6.825569130,4045066,866
6.827675409,4045660,594
6.827675409,4046510,850
6.829781688,4047120,610
6.829781688,4047954,834
6.831887967,4048580,626
6.831887967,4049398,818
6.833994246,4050040,642
6.833994246,4050842,802
6.836100525,4051500,658
6.836100525,4052286,786
6.838289107,4052960,674
6.838289107,4053730,770
6.840401811,4054420,690
6.840401811,4055174,754
6.842508090,4055880,706
6.842508090,4056618,738
6.844614369,4057340,722
6.844614369,4058062,722
6.846720648,4058800,738
6.846720648,4059506,706
6.848908830,4060260,754
6.848908830,4060950,690
6.851015109,4061720,770
6.851015109,4062394,674
6.853188154,4063180,786
6.853188154,4063838,658
6.855361199,4064640,802
6.855361199,4065282,642
6.857534244,4066100,818
6.857534244,4066726,626
6.859798830,4067560,834
6.859798830,4068170,610
6.861971875,4069020,850
6.861971875,4069614,594
6.864144920,4070480,866
6.864144920,4071058,578
6.866317965,4071940,882
6.866317965,4072502,562
6.868491010,4073400,898
6.868491010,4073946,546
6.870664055,4074860,914
6.870664055,4075390,530
6.872837100,4076320,930
6.872837100,4076834,514
6.875010145,4077780,946
6.875010145,4078278,498
6.877267689,4079240,962
6.877267689,4079722,482
6.879441134,4080700,978
6.879441134,4081166,466
6.881620820,4082160,994
6.881620820,4082610,450
6.883793865,4083620,1010
6.883793865,4084054,434
6.885966910,4085080,1026
6.885966910,4085498,418
6.888224454,4086540,1042
6.888224454,4086942,402
6.890397499,4088000,1058
6.890397499,4088386,386
6.892570544,4089460,1074
6.892570544,4089830,370
6.894743589,4090920,1090
6.894743589,4091274,354
6.896916634,4092380,1106
6.896916634,4092718,338
6.899089679,4093840,1122
6.899089679,4094162,322
6.901263124,4095300,1138
6.901263124,4095606,306
6.903442810,4096760,1154
6.903442810,4097050,290
6.905700354,4098220,1170
6.905700354,4098494,274
6.907873399,4099680,1186
6.907873399,4099938,258
6.910046444,4101140,1202
6.910046444,4101382,242
6.912219489,4102600,1218
6.912219489,4102826,226
6.914392534,4104060,1234
6.914392534,4104270,210
6.916650078,4105520,1250
6.916650078,4105714,194
6.918823123,4106980,1266
6.918823123,4107158,178
6.920996568,4108440,1282
6.920996568,4108602,162
6.923176254,4109900,1298
6.923176254,4110046,146
6.925349299,4111360,1314
6.925349299,4111490,130
6.927522344,4112820,1330
6.927522344,4112934,114
6.929695389,4114280,1346
6.929695389,4114378,98
6.931868434,4115740,1362
6.931868434,4115822,82
6.934125978,4117200,1378
6.934125978,4117266,66
6.936298943,4118660,1394
6.936298943,4118710,50
6.938470579,4120120,1410
6.938470579,4120154,34
6.940642215,4121580,1426
6.940642215,4121598,18
6.942814251,4123040,1442
6.942814251,4123042,2
6.945077108,4124494,1452
6.947250153,4124500,6
6.947250153,4125939,1439
6.949423198,4125960,21
6.949423198,4127384,1424
6.951596243,4127420,36
6.951596243,4128829,1409
6.954001263,4128880,51
6.954001263,4130274,1394
6.956499802,4130340,66
6.956499802,4131718,1378
6.958904822,4131800,82
6.958904822,4133162,1362
6.961309842,4133260,98
6.961309842,4134606,1346
6.963715262,4134720,114
6.963715262,4136050,1330
6.966127675,4136180,130
6.966127675,4137494,1314
6.968532695,4137640,146
6.968532695,4138938,1298
6.970937715,4139100,162
6.970937715,4140382,1282
6.973342735,4140560,178
6.973342735,4141826,1266
6.975841274,4142020,194
6.975841274,4143270,1250
6.978246294,4143480,210
6.978246294,4144714,1234
6.980651314,4144940,226
6.980651314,4146158,1218
6.983056334,4146400,242
6.983056334,4147602,1202
6.985461354,4147860,258
6.985461354,4149046,1186
6.987866774,4149320,274
6.987866774,4150490,1170
6.990372706,4150780,290
6.990372706,4151934,1154
6.992777726,4152240,306
6.992777726,4153378,1138
6.995182746,4153700,322
6.995182746,4154822,1122
6.997587766,4155160,338
6.997587766,4156266,1106
6.999992786,4156620,354
6.999992786,4157710,1090
7.002397806,4158080,370
7.002397806,4159154,1074
7.004802826,4159540,386
7.004802826,4160598,1058
7.007301365,4161000,402
7.007301365,4162042,1042
7.009706785,4162460,418
7.009706785,4163486,1026
7.012119198,4163920,434
7.012119198,4164930,1010
7.014524218,4165380,450
7.014524218,4166374,994
7.016929238,4166840,466
7.016929238,4167818,978
7.019334258,4168300,482
7.019334258,4169262,962
7.021832797,4169760,498
7.021832797,4170706,946
7.024237817,4171220,514
7.024237817,4172150,930
7.026642837,4172680,530
7.026642837,4173594,914
7.029047857,4174140,546
7.029047857,4175038,898
7.031452877,4175600,562
7.031452877,4176482,882
7.033858297,4177060,578
7.033858297,4177926,866
7.036270710,4178520,594
7.036270710,4179370,850
7.038769249,4179980,610
7.038769249,4180814,834
7.041174269,4181440,626
7.041174269,4182258,818
7.043579289,4182900,642
7.043579289,4183702,802
7.045984309,4184360,658
7.045984309,4185146,786
7.048389329,4185820,674
7.048389329,4186590,770
7.050887868,4187280,690
7.050887868,4188034,754
7.053303003,4188740,706
7.053303003,4189478,738
7.055718538,4190200,722
7.055718538,4190922,722
7.058141099,4191660,738
7.058141099,4192366,706
7.060556234,4193120,754
7.060556234,4193810,690
7.062971369,4194580,770
7.062971369,4195254,674
7.065480417,4196040,786
7.065480417,4196698,658
7.067895552,4197500,802
7.067895552,4198142,642
7.070310687,4198960,818
7.070310687,4199586,626
7.072725822,4200420,834
7.072725822,4201030,610
7.075140957,4201880,850
7.075140957,4202474,594
7.077556092,4203340,866
7.077556092,4203918,578
7.079971627,4204800,882
7.079971627,4205362,562
7.082488101,4206260,898
7.082488101,4206806,546
7.084903236,4207720,914
7.084903236,4208250,530
7.087318371,4209180,930
7.087318371,4209694,514
7.089733506,4210640,946
7.089733506,4211138,498
7.092148641,4212100,962
7.092148641,4212582,482
7.094563776,4213560,978
7.094563776,4214026,466
7.097072824,4215020,994
7.097072824,4215470,450
7.099487959,4216480,1010
7.099487959,4216914,434
7.101903494,4217940,1026
7.101903494,4218358,418
7.104326055,4219400,1042
7.104326055,4219802,402
7.106741190,4220860,1058
7.106741190,4221246,386
7.109156325,4222320,1074
7.109156325,4222690,370
7.111571460,4223780,1090
7.111571460,4224134,354
7.114080508,4225240,1106
7.114080508,4225578,338
7.116495643,4226700,1122
7.116495643,4227022,322
7.118910778,4228160,1138
7.118910778,4228466,306
7.121325913,4229620,1154
7.121325913,4229910,290
7.123741048,4231080,1170
7.123741048,4231354,274
7.126156583,4232540,1186
7.126156583,4232798,258
7.128673057,4234000,1202
7.128673057,4234242,242
7.131088192,4235460,1218
7.131088192,4235686,226
7.133503327,4236920,1234
7.133503327,4237130,210
7.135918462,4238380,1250
7.135918462,4238574,194
7.138333597,4239840,1266
7.138333597,4240018,178
7.140748732,4241300,1282
7.140748732,4241462,162
7.143163867,4242760,1298
7.143163867,4242906,146
7.145672915,4244220,1314
7.145672915,4244350,130
7.148088450,4245680,1330
7.148088450,4245794,114
7.150511011,4247140,1346
7.150511011,4247238,98
7.152921243,4248600,1362
7.152921243,4248682,82
7.155331475,4250060,1378
7.155331475,4250126,66
7.157835349,4251520,1394
7.157835349,4251570,50
7.160244019,4252980,1410
7.160244019,4253014,34
7.162652689,4254440,1426
7.162652689,4254458,18
7.165061359,4255900,1442
7.165061359,4255902,2
7.167470109,4257354,1452
7.169880341,4257360,6
7.169880341,4258799,1439
7.172392105,4258820,21
7.172392105,4260244,1424
7.174802337,4260280,36
7.174802337,4261689,1409
7.177212569,4261740,51
7.177212569,4263134,1394
7.179622801,4263200,66
7.179622801,4264578,1378
7.182033033,4264660,82
7.182033033,4266022,1362
7.184443265,4266120,98
7.184443265,4267466,1346
7.186853497,4267580,114
7.186853497,4268910,1330
7.189357451,4269040,130
7.189357451,4270354,1314
7.191767683,4270500,146
7.191767683,4271798,1298
7.194178315,4271960,162
7.194178315,4273242,1282
7.196595958,4273420,178
7.196595958,4274686,1266
7.199006190,4274880,194
7.199006190,4276130,1250
7.201416422,4276340,210
7.201416422,4277574,1234
7.203920376,4277800,226
7.203920376,4279018,1218
7.206330608,4279260,242
7.206330608,4280462,1202
7.208740840,4280720,258
7.208740840,4281906,1186
7.211151072,4282180,274
7.211151072,4283350,1170
7.213561304,4283640,290
7.213561304,4284794,1154
7.215971536,4285100,306
7.215971536,4286238,1138
7.218382168,4286560,322
7.218382168,4287682,1122
7.220893533,4288020,338
7.220893533,4289126,1106
7.223303765,4289480,354
7.223303765,4290570,1090
7.225713997,4290940,370
7.225713997,4292014,1074
7.228124229,4292400,386
7.228124229,4293458,1058
7.230534461,4293860,402
7.230534461,4294902,1042
7.232944693,4295320,418
7.232944693,4296346,1026
7.235448647,4296780,434
7.235448647,4297790,1010
7.237858879,4298240,450
7.237858879,4299234,994
7.240269511,4299700,466
7.240269511,4300678,978
7.242687154,4301160,482
7.242687154,4302122,962
7.245097386,4302620,498
7.245097386,4303566,946
7.247507618,4304080,514
7.247507618,4305010,930
7.249917850,4305540,530
7.249917850,4306454,914
7.252421804,4307000,546
7.252421804,4307898,898
7.254613762,4308460,562
7.254613762,4309342,882
7.256805720,4309920,578
7.256805720,4310786,866
7.258997678,4311380,594
7.258997678,4312230,850
7.261189636,4312840,610
7.261189636,4313674,834
7.263473931,4314300,626
7.263473931,4315118,818
7.265665889,4315760,642
7.265665889,4316562,802
7.267857847,4317220,658
7.267857847,4318006,786
7.270049805,4318680,674
7.270049805,4319450,770
7.272241763,4320140,690
7.272241763,4320894,754
7.274433721,4321600,706
7.274433721,4322338,738
7.276710913,4323060,722
7.276710913,4323782,722
7.278902871,4324520,738
7.278902871,4325226,706
7.281094829,4325980,754
7.281094829,4326670,690
7.283287187,4327440,770
7.283287187,4328114,674
7.285485848,4328900,786
7.285485848,4329558,658
7.287677806,4330360,802
7.287677806,4331002,642
7.289869764,4331820,818
7.289869764,4332446,626
7.292061722,4333280,834
7.292061722,4333890,610
7.294338914,4334740,850
7.294338914,4335334,594
7.296530872,4336200,866
7.296530872,4336778,578
7.298722830,4337660,882
7.298722830,4338222,562
7.300914788,4339120,898
7.300914788,4339666,546
7.303106746,4340580,914
7.303106746,4341110,530
7.305299104,4342040,930
7.305299104,4342554,514
7.307582999,4343500,946
7.307582999,4343998,498
7.309774957,4344960,962
7.309774957,4345442,482
7.311966915,4346420,978
7.311966915,4346886,466
7.314158873,4347880,994
7.314158873,4348330,450
7.316350831,4349340,1010
7.316350831,4349774,434
7.318542789,4350800,1026
7.318542789,4351218,418
7.320734747,4352260,1042
7.320734747,4352662,402
7.323011939,4353720,1058
7.323011939,4354106,386
7.325204297,4355180,1074
7.325204297,4355550,370
7.327402958,4356640,1090
7.327402958,4356994,354
7.329594916,4358100,1106
7.329594916,4358438,338
7.331786874,4359560,1122
7.331786874,4359882,322
7.333978832,4361020,1138
7.333978832,4361326,306
7.336256024,4362480,1154
7.336256024,4362770,290
7.338447982,4363940,1170
7.338447982,4364214,274
7.340639940,4365400,1186
7.340639940,4365658,258
7.342831898,4366860,1202
7.342831898,4367102,242
7.345023856,4368320,1218
7.345023856,4368546,226
7.347308151,4369780,1234
7.347308151,4369990,210
7.349500109,4371240,1250
7.349500109,4371434,194
7.351692067,4372700,1266
7.351692067,4372878,178
7.353949741,4374160,1282
7.353949741,4374322,162
7.356207415,4375620,1298
7.356207415,4375766,146
7.358465089,4377080,1314
7.358465089,4377210,130
7.360722763,4378540,1330
7.360722763,4378654,114
7.363068227,4380000,1346
7.363068227,4380098,98
7.365325901,4381460,1362
7.365325901,4381542,82
7.367583975,4382920,1378
7.367583975,4382986,66
7.369848484,4384380,1394
7.369848484,4384430,50
7.372104694,4385840,1410
7.372104694,4385874,34
7.374360904,4387300,1426
7.374360904,4387318,18
7.376704904,4388760,1442
7.376704904,4388762,2
7.378961194,4390214,1452
7.381218868,4390220,6
7.381218868,4391659,1439
7.383476542,4391680,21
7.383476542,4393104,1424
7.385734216,4393140,36
7.385734216,4394549,1409
7.387991890,4394600,51
7.387991890,4395994,1394
7.390249964,4396060,66
7.390249964,4397438,1378
7.392602343,4397520,82
7.392602343,4398882,1362
7.394860017,4398980,98
7.394860017,4400326,1346
7.397117691,4400440,114
7.397117691,4401770,1330
7.399375365,4401900,130
7.399375365,4403214,1314
7.401633039,4403360,146
7.401633039,4404658,1298
7.403890713,4404820,162
7.403890713,4406102,1282
7.406236177,4406280,178
7.406236177,4407546,1266
7.408493851,4407740,194
7.408493851,4408990,1250
7.410751925,4409200,210
7.410751925,4410434,1234
7.413016514,4410660,226
7.413016514,4411878,1218
7.415274188,4412120,242
7.415274188,4413322,1202
7.417531862,4413580,258
7.417531862,4414766,1186
7.419789536,4415040,274
7.419789536,4416210,1170
7.422135000,4416500,290
7.422135000,4417654,1154
7.424392674,4417960,306
7.424392674,4419098,1138
7.426650348,4419420,322
7.426650348,4420542,1122
7.428908022,4420880,338
7.428908022,4421986,1106
7.431165696,4422340,354
7.431165696,4423430,1090
7.433423770,4423800,370
7.433423770,4424874,1074
7.435776149,4425260,386
7.435776149,4426318,1058
7.438033823,4426720,402
7.438033823,4427762,1042
7.440291497,4428180,418
7.440291497,4429206,1026
7.442549171,4429640,434
7.442549171,4430650,1010
7.444806845,4431100,450
7.444806845,4432094,994
7.447152309,4432560,466
7.447152309,4433538,978
7.449409983,4434020,482
7.449409983,4434982,962
7.451667657,4435480,498
7.451667657,4436426,946
7.453868602,4436940,514
7.453868602,4437870,930
7.456075877,4438400,530
7.456075877,4439314,914
7.458276422,4439860,546
7.458276422,4440758,898
7.460476967,4441320,562
7.460476967,4442202,882
7.462763080,4442780,578
7.462763080,4443646,866
7.464963625,4444240,594
7.464963625,4445090,850
7.467164170,4445700,610
7.467164170,4446534,834
7.469364715,4447160,626
7.469364715,4447978,818
7.471565260,4448620,642
7.471565260,4449422,802
7.473765805,4450080,658
7.473765805,4450866,786
7.476059049,4451540,674
7.476059049,4452310,770
7.478259594,4453000,690
7.478259594,4453754,754
7.480460139,4454460,706
7.480460139,4455198,738
7.482660684,4455920,722
7.482660684,4456642,722
7.484861229,4457380,738
7.484861229,4458086,706
7.487061774,4458840,754
7.487061774,4459530,690
7.489262319,4460300,770
7.489262319,4460974,674
7.491548432,4461760,786
7.491548432,4462418,658
7.493748977,4463220,802
7.493748977,4463862,642
7.495949922,4464680,818
7.495949922,4465306,626
7.498157197,4466140,834
7.498157197,4466750,610
7.500357742,4467600,850
7.500357742,4468194,594
7.502558287,4469060,866
7.502558287,4469638,578
7.504844400,4470520,882
7.504844400,4471082,562
7.507044945,4471980,898
7.507044945,4472526,546
7.509245490,4473440,914
7.509245490,4473970,530
7.511446035,4474900,930
7.511446035,4475414,514
7.513646580,4476360,946
7.513646580,4476858,498
7.515847125,4477820,962
7.515847125,4478302,482
7.518048070,4479280,978
7.518048070,4479746,466
7.520340913,4480740,994
7.520340913,4481190,450
7.522541458,4482200,1010
7.522541458,4482634,434
7.524742003,4483660,1026
7.524742003,4484078,418
7.526942548,4485120,1042
7.526942548,4485522,402
7.529143093,4486580,1058
7.529143093,4486966,386
7.531429206,4488040,1074
7.531429206,4488410,370
7.533629751,4489500,1090
7.533629751,4489854,354
7.535830296,4490960,1106
7.535830296,4491298,338
7.538031241,4492420,1122
7.538031241,4492742,322
7.540238516,4493880,1138
7.540238516,4494186,306
7.542439061,4495340,1154
7.542439061,4495630,290
7.544725174,4496800,1170
7.544725174,4497074,274
7.546925719,4498260,1186
7.546925719,4498518,258
7.549126264,4499720,1202
7.549126264,4499962,242
7.551326809,4501180,1218
7.551326809,4501406,226
7.553517894,4502640,1234
7.553517894,4502850,210
7.555708979,4504100,1250
7.555708979,4504294,194
7.557900064,4505560,1266
7.557900064,4505738,178
7.560183450,4507020,1282
7.560183450,4507182,162
7.562374535,4508480,1298
7.562374535,4508626,146
7.564565620,4509940,1314
7.564565620,4510070,130
7.566756705,4511400,1330
7.566756705,4511514,114
7.568947790,4512860,1346
7.568947790,4512958,98
7.571138875,4514320,1362
7.571138875,4514402,82
7.573415161,4515780,1378
7.573415161,4515846,66
7.575606166,4517240,1394
7.575606166,4517290,50
7.577795831,4518700,1410
7.577795831,4518734,34
7.579985896,4520160,1426
7.579985896,4520178,18
7.582182261,4521620,1442
7.582182261,4521622,2
7.584372006,4523074,1452
7.586563091,4523080,6
7.586563091,4524519,1439
7.588839377,4524540,21
7.588839377,4525964,1424
7.591030462,4526000,36
7.591030462,4527409,1409
7.593221547,4527460,51
7.593221547,4528854,1394
7.595412632,4528920,66
7.595412632,4530298,1378
7.597603717,4530380,82
7.597603717,4531742,1362
7.599794802,4531840,98
7.599794802,4533186,1346
7.602078188,4533300,114
7.602078188,4534630,1330
7.604269273,4534760,130
7.604269273,4536074,1314
7.606460358,4536220,146
7.606460358,4537518,1298
7.608651443,4537680,162
7.608651443,4538962,1282
7.610842528,4539140,178
7.610842528,4540406,1266
7.613033613,4540600,194
7.613033613,4541850,1250
7.615224698,4542060,210
7.615224698,4543294,1234
7.617500984,4543520,226
7.617500984,4544738,1218
7.619692069,4544980,242
7.619692069,4546182,1202
7.621883554,4546440,258
7.621883554,4547626,1186
7.624081339,4547900,274
7.624081339,4549070,1170
7.626272424,4549360,290
7.626272424,4550514,1154
7.628548710,4550820,306
7.628548710,4551958,1138
7.630739795,4552280,322
7.630739795,4553402,1122
7.632930880,4553740,338
7.632930880,4554846,1106
7.635121965,4555200,354
7.635121965,4556290,1090
7.637313050,4556660,370
7.637313050,4557734,1074
7.639504135,4558120,386
7.639504135,4559178,1058
7.641780821,4559580,402
7.641780821,4560622,1042
7.643978606,4561040,418
7.643978606,4562066,1026
7.646169691,4562500,434
7.646169691,4563510,1010
7.648360776,4563960,450
7.648360776,4564954,994
7.650551861,4565420,466
7.650551861,4566398,978
7.652702820,4566880,482
7.652702820,4567842,962
7.654853779,4568340,498
7.654853779,4569286,946
7.657088378,4569800,514
7.657088378,4570730,930
7.659239337,4571260,530
7.659239337,4572174,914
7.661390296,4572720,546
7.661390296,4573618,898
7.663541655,4574180,562
7.663541655,4575062,882
7.665699184,4575640,578
7.665699184,4576506,866
7.667850143,4577100,594
7.667850143,4577950,850
7.670084742,4578560,610
7.670084742,4579394,834
7.672235701,4580020,626
7.672235701,4580838,818
7.674386660,4581480,642
7.674386660,4582282,802
7.676537619,4582940,658
7.676537619,4583726,786
7.678688578,4584400,674
7.678688578,4585170,770
7.680839537,4585860,690
7.680839537,4586614,754
7.682990496,4587320,706
7.682990496,4588058,738
7.685232065,4588780,722
7.685232065,4589502,722
7.687383024,4590240,738
7.687383024,4590946,706
7.689533983,4591700,754
7.689533983,4592390,690
7.691684942,4593160,770
7.691684942,4593834,674
7.693835901,4594620,786
7.693835901,4595278,658
7.695986860,4596080,802
7.695986860,4596722,642
7.698221459,4597540,818
7.698221459,4598166,626
7.700372418,4599000,834
7.700372418,4599610,610
7.702523377,4600460,850
7.702523377,4601054,594
7.704674736,4601920,866
7.704674736,4602498,578
7.706832265,4603380,882
7.706832265,4603942,562
7.709066864,4604840,898
7.709066864,4605386,546
7.711217823,4606300,914
7.711217823,4606830,530
7.713368782,4607760,930
7.713368782,4608274,514
7.715519741,4609220,946
7.715519741,4609718,498
7.717670700,4610680,962
7.717670700,4611162,482
7.719821659,4612140,978
7.719821659,4612606,466
7.721972618,4613600,994
7.721972618,4614050,450
7.724207617,4615060,1010
7.724207617,4615494,434
7.726365146,4616520,1026
7.726365146,4616938,418
7.728516105,4617980,1042
7.728516105,4618382,402
7.730667064,4619440,1058
7.730667064,4619826,386
7.732818023,4620900,1074
7.732818023,4621270,370
7.734968982,4622360,1090
7.734968982,4622714,354
7.737203581,4623820,1106
7.737203581,4624158,338
7.739354540,4625280,1122
7.739354540,4625602,322
7.741505499,4626740,1138
7.741505499,4627046,306
7.743656458,4628200,1154
7.743656458,4628490,290
7.745807817,4629660,1170
7.745807817,4629934,274
7.747965346,4631120,1186
7.747965346,4631378,258
7.750116305,4632580,1202
7.750116305,4632822,242
7.752450273,4634040,1218
7.752450273,4634266,226
7.754699392,4635500,1234
7.754699392,4635710,210
7.756948511,4636960,1250
7.756948511,4637154,194
7.759197630,4638420,1266
7.759197630,4638598,178
7.761446749,4639880,1282
7.761446749,4640042,162
7.763695868,4641340,1298
7.763695868,4641486,146
7.766032844,4642800,1314
7.766032844,4642930,130
7.768288851,4644260,1330
7.768288851,4644374,114
7.770537970,4645720,1346
7.770537970,4645818,98
7.772787089,4647180,1362
7.772787089,4647262,82
7.775036208,4648640,1378
7.775036208,4648706,66
7.777285247,4650100,1394
7.777285247,4650150,50
7.779532909,4651560,1410
7.779532909,4651594,34
7.781868028,4653020,1426
7.781868028,4653038,18
7.784115690,4654480,1442
7.784115690,4654482,2
7.786363432,4655934,1452
7.788612951,4655940,6
7.788612951,4657379,1439
7.790868958,4657400,21
7.790868958,4658824,1424
7.793118077,4658860,36
7.793118077,4660269,1409
7.795367196,4660320,51
7.795367196,4661714,1394
7.797703772,4661780,66
7.797703772,4663158,1378
7.799952891,4663240,82
7.799952891,4664602,1362
7.802202010,4664700,98
7.802202010,4666046,1346
7.804451129,4666160,114
7.804451129,4667490,1330
7.806700248,4667620,130
7.806700248,4668934,1314
7.809037224,4669080,146
7.809037224,4670378,1298
7.811293231,4670540,162
7.811293231,4671822,1282
7.813542350,4672000,178
7.813542350,4673266,1266
7.815791469,4673460,194
7.815791469,4674710,1250
7.818040588,4674920,210
7.818040588,4676154,1234
7.820289707,4676380,226
7.820289707,4677598,1218
7.822538826,4677840,242
7.822538826,4679042,1202
7.824875402,4679300,258
7.824875402,4680486,1186
7.827124521,4680760,274
7.827124521,4681930,1170
7.829373640,4682220,290
7.829373640,4683374,1154
7.831623159,4683680,306
7.831623159,4684818,1138
7.833879166,4685140,322
7.833879166,4686262,1122
7.836128285,4686600,338
7.836128285,4687706,1106
7.838464861,4688060,354
7.838464861,4689150,1090
7.840713980,4689520,370
7.840713980,4690594,1074
7.842963099,4690980,386
7.842963099,4692038,1058
7.845212218,4692440,402
7.845212218,4693482,1042
7.847461337,4693900,418
7.847461337,4694926,1026
7.849710456,4695360,434
7.849710456,4696370,1010
7.851959575,4696820,450
7.851959575,4697814,994
7.854145102,4698280,466
7.854145102,4699258,978
7.856242284,4699740,482
7.856242284,4700702,962
7.858339466,4701200,498
7.858339466,4702146,946
7.860436648,4702660,514
7.860436648,4703590,930
7.862533830,4704120,530
7.862533830,4705034,914
7.864631012,4705580,546
7.864631012,4706478,898
7.866809743,4707040,562
7.866809743,4707922,882
7.868906925,4708500,578
7.868906925,4709366,866
7.871004107,4709960,594
7.871004107,4710810,850
7.873101689,4711420,610
7.873101689,4712254,834
7.875205267,4712880,626
7.875205267,4713698,818
7.877302449,4714340,642
7.877302449,4715142,802
7.879399631,4715800,658
7.879399631,4716586,786
7.881578362,4717260,674
7.881578362,4718030,770
7.883675544,4718720,690
7.883675544,4719474,754
7.885772726,4720180,706
7.885772726,4720918,738
7.887869908,4721640,722
7.887869908,4722362,722
7.889967090,4723100,738
7.889967090,4723806,706
7.892146221,4724560,754
7.892146221,4725250,690
7.894249799,4726020,770
7.894249799,4726694,674
7.896346981,4727480,786
7.896346981,4728138,658
7.898444163,4728940,802
7.898444163,4729582,642
7.900541345,4730400,818
7.900541345,4731026,626
7.902638527,4731860,834
7.902638527,4732470,610
7.904817258,4733320,850
7.904817258,4733914,594
7.906914440,4734780,866
7.906914440,4735358,578
7.909011622,4736240,882
7.909011622,4736802,562
7.911108804,4737700,898
7.911108804,4738246,546
7.913206386,4739160,914
7.913206386,4739690,530
7.915309964,4740620,930
7.915309964,4741134,514
7.917407146,4742080,946
7.917407146,4742578,498
7.919585877,4743540,962
7.919585877,4744022,482
7.921683059,4745000,978
7.921683059,4745466,466
7.923780241,4746460,994
7.923780241,4746910,450
7.925877423,4747920,1010
7.925877423,4748354,434
7.927974605,4749380,1026
7.927974605,4749798,418
7.930071787,4750840,1042
7.930071787,4751242,402
7.932250918,4752300,1058
7.932250918,4752686,386
7.934354496,4753760,1074
7.934354496,4754130,370
7.936451678,4755220,1090
7.936451678,4755574,354
7.938548860,4756680,1106
7.938548860,4757018,338
7.940646042,4758140,1122
7.940646042,4758462,322
7.942743224,4759600,1138
7.942743224,4759906,306
7.944840406,4761060,1154
7.944840406,4761350,290
7.947019137,4762520,1170
7.947019137,4762794,274
7.949116319,4763980,1186
7.949116319,4764238,258
7.951213501,4765440,1202
7.951213501,4765682,242
7.953432928,4766900,1218
7.953432928,4767126,226
7.955658745,4768360,1234
7.955658745,4768570,210
7.957877772,4769820,1250
7.957877772,4770014,194
7.960183086,4771280,1266
7.960183086,4771458,178
7.962402113,4772740,1282
7.962402113,4772902,162
7.964621140,4774200,1298
7.964621140,4774346,146
7.966840167,4775660,1314
7.966840167,4775790,130
7.969059194,4777120,1330
7.969059194,4777234,114
7.971364508,4778580,1346
7.971364508,4778678,98
7.973583935,4780040,1362
7.973583935,4780122,82
7.975809752,4781500,1378
7.975809752,4781566,66
7.978028699,4782960,1394
7.978028699,4783010,50
7.980246288,4784420,1410
7.980246288,4784454,34
7.982463877,4785880,1426
7.982463877,4785898,18
7.984681466,4787340,1442
7.984681466,4787342,2
7.986899135,4788794,1452
7.989204449,4788800,6
7.989204449,4790239,1439
7.991423476,4790260,21
7.991423476,4791684,1424
7.993642503,4791720,36
7.993642503,4793129,1409
7.995861930,4793180,51
7.995861930,4794574,1394
7.998087747,4794640,66
7.998087747,4796018,1378
8.000393061,4796100,82
8.000393061,4797462,1362
8.002612088,4797560,98
8.002612088,4798906,1346
8.004831115,4799020,114
8.004831115,4800350,1330
8.007050142,4800480,130
8.007050142,4801794,1314
8.009269169,4801940,146
8.009269169,4803238,1298
8.011488196,4803400,162
8.011488196,4804682,1282
8.013707223,4804860,178
8.013707223,4806126,1266
8.015926250,4806320,194
8.015926250,4807570,1250
8.018238755,4807780,210
8.018238755,4809014,1234
8.020457782,4809240,226
8.020457782,4810458,1218
8.022676809,4810700,242
8.022676809,4811902,1202
8.024895836,4812160,258
8.024895836,4813346,1186
8.027114863,4813620,274
8.027114863,4814790,1170
8.029420177,4815080,290
8.029420177,4816234,1154
8.031639204,4816540,306
8.031639204,4817678,1138
8.033858231,4818000,322
8.033858231,4819122,1122
8.036077258,4819460,338
8.036077258,4820566,1106
8.038296685,4820920,354
8.038296685,4822010,1090
8.040522502,4822380,370
8.040522502,4823454,1074
8.042741529,4823840,386
8.042741529,4824898,1058
8.044960556,4825300,402
8.044960556,4826342,1042
8.047265870,4826760,418
8.047265870,4827786,1026
8.049484897,4828220,434
8.049484897,4829230,1010
8.051703924,4829680,450
8.051703924,4830674,994
8.053786387,4831140,466
8.053786387,4832118,978
8.055868850,4832600,482
8.055868850,4833562,962
8.058032690,4834060,498
8.058032690,4835006,946
8.060121501,4835520,514
8.060121501,4836450,930
8.062203964,4836980,530
8.062203964,4837894,914
8.064286427,4838440,546
8.064286427,4839338,898
8.066368890,4839900,562
8.066368890,4840782,882
8.068532330,4841360,578
8.068532330,4842226,866
8.070614793,4842820,594
8.070614793,4843670,850
8.072697256,4844280,610
8.072697256,4845114,834
8.074779719,4845740,626
8.074779719,4846558,818
8.076862182,4847200,642
8.076862182,4848002,802
8.078945045,4848660,658
8.078945045,4849446,786
8.081033856,4850120,674
8.081033856,4850890,770
8.083116319,4851580,690
8.083116319,4852334,754
8.085279759,4853040,706
8.085279759,4853778,738
8.087362222,4854500,722
8.087362222,4855222,722
8.089444685,4855960,738
8.089444685,4856666,706
8.091527148,4857420,754
8.091527148,4858110,690
8.093609611,4858880,770
8.093609611,4859554,674
8.095773051,4860340,786
8.095773051,4860998,658
8.097855914,4861800,802
8.097855914,4862442,642
8.099944725,4863260,818
8.099944725,4863886,626
8.102027188,4864720,834
8.102027188,4865330,610
8.104109651,4866180,850
8.104109651,4866774,594
8.106192114,4867640,866
8.106192114,4868218,578
8.108274577,4869100,882
8.108274577,4869662,562
8.110357040,4870560,898
8.110357040,4871106,546
8.112520480,4872020,914
8.112520480,4872550,530
8.114602943,4873480,930
8.114602943,4873994,514
8.116685406,4874940,946
8.116685406,4875438,498
8.118768269,4876400,962
8.118768269,4876882,482
8.120857080,4877860,978
8.120857080,4878326,466
8.123020520,4879320,994
8.123020520,4879770,450
8.125102983,4880780,1010
8.125102983,4881214,434
8.127185446,4882240,1026
8.127185446,4882658,418
8.129267909,4883700,1042
8.129267909,4884102,402
8.131350372,4885160,1058
8.131350372,4885546,386
8.133432835,4886620,1074
8.133432835,4886990,370
8.135515298,4888080,1090
8.135515298,4888434,354
8.137597761,4889540,1106
8.137597761,4889878,338
8.139767949,4891000,1122
8.139767949,4891322,322
8.141850412,4892460,1138
8.141850412,4892766,306
8.143932875,4893920,1154
8.143932875,4894210,290
8.146015338,4895380,1170
8.146015338,4895654,274
8.148097801,4896840,1186
8.148097801,4897098,258
8.150261241,4898300,1202
8.150261241,4898542,242
8.152630994,4899760,1218
8.152630994,4899986,226
8.155000747,4901220,1234
8.155000747,4901430,210
8.157370500,4902680,1250
8.157370500,4902874,194
8.159740653,4904140,1266
8.159740653,4904318,178
8.162209833,4905600,1282
8.162209833,4905762,162
8.164579586,4907060,1298
8.164579586,4907206,146
8.166949339,4908520,1314
8.166949339,4908650,130
8.169319092,4909980,1330
8.169319092,4910094,114
8.171688845,4911440,1346
8.171688845,4911538,98
8.174058598,4912900,1362
8.174058598,4912982,82
8.176428351,4914360,1378
8.176428351,4914426,66
8.178798024,4915820,1394
8.178798024,4915870,50
8.181258789,4917280,1410
8.181258789,4917314,34
8.183634285,4918740,1426
8.183634285,4918758,18
8.186002502,4920200,1442
8.186002502,4920202,2
8.188370799,4921654,1452
8.190740552,4921660,6
8.190740552,4923099,1439
8.193202453,4923120,21
8.193202453,4924544,1424
8.195572206,4924580,36
8.195572206,4925989,1409
8.197941959,4926040,51
8.197941959,4927434,1394
8.200311712,4927500,66
8.200311712,4928878,1378
8.202681465,4928960,82
8.202681465,4930322,1362
8.205051618,4930420,98
8.205051618,4931766,1346
8.207428650,4931880,114
8.207428650,4933210,1330
8.209798403,4933340,130
8.209798403,4934654,1314
8.212260304,4934800,146
8.212260304,4936098,1298
8.214630057,4936260,162
8.214630057,4937542,1282
8.216999810,4937720,178
8.216999810,4938986,1266
8.219369563,4939180,194
8.219369563,4940430,1250
8.221739316,4940640,210
8.221739316,4941874,1234
8.224201217,4942100,226
8.224201217,4943318,1218
8.226571370,4943560,242
8.226571370,4944762,1202
8.228948402,4945020,258
8.228948402,4946206,1186
8.231318155,4946480,274
8.231318155,4947650,1170
8.233687908,4947940,290
8.233687908,4949094,1154
8.236057661,4949400,306
8.236057661,4950538,1138
8.238427414,4950860,322
8.238427414,4951982,1122
8.240797167,4952320,338
8.240797167,4953426,1106
8.243259068,4953780,354
8.243259068,4954870,1090
8.245628821,4955240,370
8.245628821,4956314,1074
8.247998574,4956700,386
8.247998574,4957758,1058
8.250368727,4958160,402
8.250368727,4959202,1042
8.252741719,4959620,418
8.252741719,4960646,1026
8.255199436,4961080,434
8.255199436,4962090,1010
8.257565162,4962540,450
8.257565162,4963534,994
8.259930888,4964000,466
8.259930888,4964978,978
8.262296614,4965460,482
8.262296614,4966422,962
8.264662340,4966920,498
8.264662340,4967866,946
8.267120057,4968380,514
8.267120057,4969310,930
8.269485783,4969840,530
8.269485783,4970754,914
8.271851909,4971300,546
8.271851909,4972198,898
8.274224901,4972760,562
8.274224901,4973642,882
8.276590627,4974220,578
8.276590627,4975086,866
8.278956353,4975680,594
8.278956353,4976530,850
8.281322079,4977140,610
8.281322079,4977974,834
8.283687805,4978600,626
8.283687805,4979418,818
8.286053531,4980060,642
8.286053531,4980862,802
8.288511248,4981520,658
8.288511248,4982306,786
8.290876974,4982980,674
8.290876974,4983750,770
8.293242700,4984440,690
8.293242700,4985194,754
8.295608826,4985900,706
8.295608826,4986638,738
8.297981818,4987360,722
8.297981818,4988082,722
8.300439535,4988820,738
8.300439535,4989526,706
8.302805261,4990280,754
8.302805261,4990970,690
8.305170987,4991740,770
8.305170987,4992414,674
8.307536713,4993200,786
8.307536713,4993858,658
8.309902439,4994660,802
8.309902439,4995302,642
8.312268165,4996120,818
8.312268165,4996746,626
8.314633891,4997580,834
8.314633891,4998190,610
8.316999617,4999040,850
8.316999617,4999634,594
8.319465000,5000500,866
8.319465000,5001078,578
8.321830726,5001960,882
8.321830726,5002522,562
8.324196452,5003420,898
8.324196452,5003966,546
8.326562178,5004880,914
8.326562178,5005410,530
8.328927904,5006340,930
8.328927904,5006854,514
8.331385621,5007800,946
8.331385621,5008298,498
8.333751347,5009260,962
8.333751347,5009742,482
8.336117073,5010720,978
8.336117073,5011186,466
8.338482799,5012180,994
8.338482799,5012630,450
8.340848925,5013640,1010
8.340848925,5014074,434
8.343313908,5015100,1026
8.343313908,5015518,418
8.345679634,5016560,1042
8.345679634,5016962,402
8.348045360,5018020,1058
8.348045360,5018406,386
8.350411086,5019480,1074
8.350411086,5019850,370
8.352753697,5020940,1090
8.352753697,5021294,354
8.355096308,5022400,1106
8.355096308,5022738,338
8.357438919,5023860,1122
8.357438919,5024182,322
8.359781530,5025320,1138
8.359781530,5025626,306
8.362215634,5026780,1154
8.362215634,5027070,290
8.364565437,5028240,1170
8.364565437,5028514,274
8.366908048,5029700,1186
8.366908048,5029958,258
8.369250659,5031160,1202
8.369250659,5031402,242
8.371593270,5032620,1218
8.371593270,5032846,226
8.374026974,5034080,1234
8.374026974,5034290,210
8.376369585,5035540,1250
8.376369585,5035734,194
8.378712196,5037000,1266
8.378712196,5037178,178
8.381054807,5038460,1282
8.381054807,5038622,162
8.383397418,5039920,1298
8.383397418,5040066,146
8.385740429,5041380,1314
8.385740429,5041510,130
8.388090232,5042840,1330
8.388090232,5042954,114
8.390432843,5044300,1346
8.390432843,5044398,98
8.392866547,5045760,1362
8.392866547,5045842,82
8.395209158,5047220,1378
8.395209158,5047286,66
8.397551689,5048680,1394
8.397551689,5048730,50
8.399892782,5050140,1410
8.399892782,5050174,34
8.402233875,5051600,1426
8.402233875,5051618,18
8.404666061,5053060,1442
8.404666061,5053062,2
8.407007634,5054514,1452
8.409357437,5054520,6
8.409357437,5055959,1439
8.411700048,5055980,21
8.411700048,5057404,1424
8.414042659,5057440,36
8.414042659,5058849,1409
8.416385270,5058900,51
8.416385270,5060294,1394
8.418727881,5060360,66
8.418727881,5061738,1378
8.421070492,5061820,82
8.421070492,5063182,1362
8.423504196,5063280,98
8.423504196,5064626,1346
8.425846807,5064740,114
8.425846807,5066070,1330
8.428189418,5066200,130
8.428189418,5067514,1314
8.430532429,5067660,146
8.430532429,5068958,1298
8.432882232,5069120,162
8.432882232,5070402,1282
8.435315936,5070580,178
8.435315936,5071846,1266
8.437658547,5072040,194
8.437658547,5073290,1250
8.440001158,5073500,210
8.440001158,5074734,1234
8.442343769,5074960,226
8.442343769,5076178,1218
8.444686380,5076420,242
8.444686380,5077622,1202
8.447120084,5077880,258
8.447120084,5079066,1186
8.449462695,5079340,274
8.449462695,5080510,1170
8.451805706,5080800,290
8.451805706,5081954,1154
8.454093449,5082260,306
8.454093449,5083398,1138
8.456374202,5083720,322
8.456374202,5084842,1122
8.458654955,5085180,338
8.458654955,5086286,1106
8.460935708,5086640,354
8.460935708,5087730,1090
8.463216461,5088100,370
8.463216461,5089174,1074
8.465585901,5089560,386
8.465585901,5090618,1058
8.467866654,5091020,402
8.467866654,5092062,1042
8.470147407,5092480,418
8.470147407,5093506,1026
8.472428160,5093940,434
8.472428160,5094950,1010
8.474709313,5095400,450
8.474709313,5096394,994
8.477085743,5096860,466
8.477085743,5097838,978
8.479366496,5098320,482
8.479366496,5099282,962
8.481647249,5099780,498
8.481647249,5100726,946
8.483928002,5101240,514
8.483928002,5102170,930
8.486208755,5102700,530
8.486208755,5103614,914
8.488489508,5104160,546
8.488489508,5105058,898
8.490770261,5105620,562
8.490770261,5106502,882
8.493051014,5107080,578
8.493051014,5107946,866
8.495420854,5108540,594
8.495420854,5109390,850
8.497708597,5110000,610
8.497708597,5110834,834
8.499989350,5111460,626
8.499989350,5112278,818
8.502270103,5112920,642
8.502270103,5113722,802
8.504550856,5114380,658
8.504550856,5115166,786
8.506920296,5115840,674
8.506920296,5116610,770
8.509201049,5117300,690
8.509201049,5118054,754
8.511481802,5118760,706
8.511481802,5119498,738
8.513762555,5120220,722
8.513762555,5120942,722
8.516043308,5121680,738
8.516043308,5122386,706
8.518324461,5123140,754
8.518324461,5123830,690
8.520612204,5124600,770
8.520612204,5125274,674
8.522892957,5126060,786
8.522892957,5126718,658
8.525262397,5127520,802
8.525262397,5128162,642
8.527543150,5128980,818
8.527543150,5129606,626
8.529823903,5130440,834
8.529823903,5131050,610
8.532104656,5131900,850
8.532104656,5132494,594
8.534385409,5133360,866
8.534385409,5133938,578
8.536754849,5134820,882
8.536754849,5135382,562
8.539036002,5136280,898
8.539036002,5136826,546
8.541323745,5137740,914
8.541323745,5138270,530
8.543604498,5139200,930
8.543604498,5139714,514
8.545885251,5140660,946
8.545885251,5141158,498
8.548254691,5142120,962
8.548254691,5142602,482
8.550535444,5143580,978
8.550535444,5144046,466
8.552868991,5145040,994
8.552868991,5145490,450
8.555202538,5146500,1010
8.555202538,5146934,434
8.557536085,5147960,1026
8.557536085,5148378,418
8.559869632,5149420,1042
8.559869632,5149822,402
8.562203579,5150880,1058
8.562203579,5151266,386
8.564544287,5152340,1074
8.564544287,5152710,370
8.566968574,5153800,1090
8.566968574,5154154,354
8.569302121,5155260,1106
8.569302121,5155598,338
8.571635668,5156720,1122
8.571635668,5157042,322
8.573969215,5158180,1138
8.573969215,5158486,306
8.576302762,5159640,1154
8.576302762,5159930,290
8.578727049,5161100,1170
8.578727049,5161374,274
8.581060596,5162560,1186
8.581060596,5162818,258
8.583394543,5164020,1202
8.583394543,5164262,242
8.585735251,5165480,1218
8.585735251,5165706,226
8.588068798,5166940,1234
8.588068798,5167150,210
8.590402345,5168400,1250
8.590402345,5168594,194
8.592735892,5169860,1266
8.592735892,5170038,178
8.595069439,5171320,1282
8.595069439,5171482,162
8.597493726,5172780,1298
8.597493726,5172926,146
8.599827273,5174240,1314
8.599827273,5174370,130
8.602160820,5175700,1330
8.602160820,5175814,114
8.604494367,5177160,1346
8.604494367,5177258,98
8.606828314,5178620,1362
8.606828314,5178702,82
8.609259762,5180080,1378
8.609259762,5180146,66
8.611593229,5181540,1394
8.611593229,5181590,50
8.613925263,5183000,1410
8.613925263,5183034,34
8.616257297,5184460,1426
8.616257297,5184478,18
8.618589331,5185920,1442
8.618589331,5185922,2
8.620921445,5187374,1452
8.623254992,5187380,6
8.623254992,5188819,1439
8.625588539,5188840,21
8.625588539,5190264,1424
8.628013226,5190300,36
8.628013226,5191709,1409
8.630353934,5191760,51
8.630353934,5193154,1394
8.632687481,5193220,66
8.632687481,5194598,1378
8.635021028,5194680,82
8.635021028,5196042,1362
8.637354575,5196140,98
8.637354575,5197486,1346
8.639778862,5197600,114
8.639778862,5198930,1330
8.642112409,5199060,130
8.642112409,5200374,1314
8.644445956,5200520,146
8.644445956,5201818,1298
8.646779503,5201980,162
8.646779503,5203262,1282
8.649113050,5203440,178
8.649113050,5204706,1266
8.651544899,5204900,194
8.651544899,5206150,1250
8.653654450,5206360,210
8.653654450,5207594,1234
8.655764001,5207820,226
8.655764001,5209038,1218
8.657873552,5209280,242
8.657873552,5210482,1202
8.659983103,5210740,258
8.659983103,5211926,1186
8.662092654,5212200,274
8.662092654,5213370,1170
8.664202205,5213660,290
8.664202205,5214814,1154
8.666311756,5215120,306
8.666311756,5216258,1138
8.668503337,5216580,322
8.668503337,5217702,1122
8.670613288,5218040,338
8.670613288,5219146,1106
8.672729275,5219500,354
8.672729275,5220590,1090
8.674838826,5220960,370
8.674838826,5222034,1074
8.676948377,5222420,386
8.676948377,5223478,1058
8.679139958,5223880,402
8.679139958,5224922,1042
8.681249509,5225340,418
8.681249509,5226366,1026
8.683359060,5226800,434
8.683359060,5227810,1010
8.685468611,5228260,450
8.685468611,5229254,994
8.687578162,5229720,466
8.687578162,5230698,978
8.689687713,5231180,482
8.689687713,5232142,962
8.691797664,5232640,498
8.691797664,5233586,946
8.693913651,5234100,514
8.693913651,5235030,930
8.696105232,5235560,530
8.696105232,5236474,914
8.698214783,5237020,546
8.698214783,5237918,898
8.700324334,5238480,562
8.700324334,5239362,882
8.702433885,5239940,578
8.702433885,5240806,866
8.704543436,5241400,594
8.704543436,5242250,850
8.705579785,5242860,610
8.705579785,5242880,20
