elapsed_s,rx_app,packet_bytes
0.158286219,1456,1456
0.160508777,1460,4
0.160508777,2905,1445
0.164732019,2920,15
0.164732019,4354,1434
0.174732019,4380,26
0.174732019,5803,1423
0.267127942,5840,37
0.267127942,7252,1412
0.269240529,7300,48
0.269240529,8701,1401
0.271353116,8760,59
0.271353116,10150,1390
0.273465703,10220,70
0.273465703,11598,1378
0.275578290,11680,82
0.275578290,13046,1366
0.277690877,13140,94
0.277690877,14494,1354
0.287129557,14600,106
0.287129557,15942,1342
0.289242544,16060,118
0.289242544,17390,1330
0.373798179,17520,130
0.373798179,18834,1314
0.375963794,18980,146
0.375963794,20278,1298
0.378129409,20440,162
0.378129409,21722,1282
0.380295024,21900,178
0.380295024,23166,1266
0.382460639,23360,194
0.382460639,24610,1250
0.384626254,24820,210
0.384626254,26054,1234
0.386791709,26280,226
0.386791709,27498,1218
0.388954515,27740,242
0.388954515,28942,1202
0.391117321,29200,258
0.391117321,30386,1186
0.393280527,30660,274
0.393280527,31830,1170
0.395449956,32120,290
0.395449956,33274,1154
0.397612762,33580,306
0.397612762,34718,1138
0.399855619,35040,322
0.399855619,36162,1122
0.402018425,36500,338
0.402018425,37606,1106
0.404181231,37960,354
0.404181231,39050,1090
0.406344037,39420,370
0.406344037,40494,1074
0.480596678,40880,386
0.480596678,41938,1058
0.482777197,42340,402
0.482777197,43382,1042
0.484963985,43800,418
0.484963985,44826,1026
0.487144104,45260,434
0.487144104,46270,1010
0.489324223,46720,450
0.489324223,47714,994
0.491504342,48180,466
0.491504342,49158,978
0.493684301,49640,482
0.493684301,50602,962
0.495861592,51100,498
0.495861592,52046,946
0.498038883,52560,514
0.498038883,53490,930
0.500216174,54020,530
0.500216174,54934,914
0.502393465,55480,546
0.502393465,56378,898
0.504570756,56940,562
0.504570756,57822,882
0.506748447,58400,578
0.506748447,59266,866
0.508932407,59860,594
0.508932407,60710,850
0.511109698,61320,610
0.511109698,62154,834
0.513286989,62780,626
0.513286989,63598,818
0.515464280,64240,642
0.515464280,65042,802
0.517641571,65700,658
0.517641571,66486,786
0.519899450,67160,674
0.519899450,67930,770
0.522076741,68620,690
0.522076741,69374,754
0.524254032,70080,706
0.524254032,70818,738
0.526431323,71540,722
0.526431323,72262,722
0.528609014,73000,738
0.528609014,73706,706
0.530792974,74460,754
0.530792974,75150,690
0.532970265,75920,770
0.532970265,76594,674
0.535147556,77380,786
0.535147556,78038,658
0.537324847,78840,802
0.537324847,79482,642
0.539502138,80300,818
0.539502138,80926,626
0.541760017,81760,834
0.541760017,82370,610
0.543937308,83220,850
0.543937308,83814,594
0.546114599,84680,866
0.546114599,85258,578
0.548291890,86140,882
0.548291890,86702,562
0.585295923,87600,898
0.585295923,88146,546
0.587534420,89060,914
0.587534420,89590,530
0.589772917,90520,930
0.589772917,91034,514
0.592011414,91980,946
0.592011414,92478,498
0.594249911,93440,962
0.594249911,93922,482
0.596488408,94900,978
0.596488408,95366,466
0.598726905,96360,994
0.598726905,96810,450
0.600965402,97820,1010
0.600965402,98254,434
0.603203899,99280,1026
0.603203899,99698,418
0.605442396,100740,1042
0.605442396,101142,402
0.607771014,102200,1058
0.607771014,102586,386
0.610009511,103660,1074
0.610009511,104030,370
0.612248008,105120,1090
0.612248008,105474,354
0.614486505,106580,1106
0.614486505,106918,338
0.616725002,108040,1122
0.616725002,108362,322
0.618963499,109500,1138
0.618963499,109806,306
0.621201996,110960,1154
0.621201996,111250,290
0.623440493,112420,1170
0.623440493,112694,274
0.625678990,113880,1186
0.625678990,114138,258
0.627917487,115340,1202
0.627917487,115582,242
0.630156384,116800,1218
0.630156384,117026,226
0.632401749,118260,1234
0.632401749,118470,210
0.634723099,119720,1250
0.634723099,119914,194
0.636961596,121180,1266
0.636961596,121358,178
0.639200093,122640,1282
0.639200093,122802,162
0.641438590,124100,1298
0.641438590,124246,146
0.643677087,125560,1314
0.643677087,125690,130
0.645915584,127020,1330
0.645915584,127134,114
0.648154081,128480,1346
0.648154081,128578,98
0.650392578,129940,1362
0.650392578,130022,82
0.652639669,131400,1378
0.652639669,131466,66
0.654893175,132860,1394
0.654893175,132910,50
0.657138407,134320,1410
0.657138407,134354,34
0.659383639,135780,1426
0.659383639,135798,18
0.661712027,137240,1442
0.661712027,137242,2
0.663957339,138694,1452
0.666204030,138700,6
0.666204030,140139,1439
0.668450721,140160,21
0.668450721,141584,1424
0.670697412,141620,36
0.670697412,143029,1409
0.672944103,143080,51
0.672944103,144474,1394
0.675191194,144540,66
0.675191194,145918,1378
0.677444780,146000,82
0.677444780,147362,1362
0.679691471,147460,98
0.679691471,148806,1346
0.681938162,148920,114
0.681938162,150250,1330
0.684184853,150380,130
0.684184853,151694,1314
0.686431544,151840,146
0.686431544,153138,1298
0.688678235,153300,162
0.688678235,154582,1282
0.690924926,154760,178
0.690924926,156026,1266
0.693171617,156220,194
0.693171617,157470,1250
0.695418308,157680,210
0.695418308,158914,1234
0.697748555,159140,226
0.697748555,160358,1218
0.700002141,160600,242
0.700002141,161802,1202
0.702248832,162060,258
0.702248832,163246,1186
0.704495523,163520,274
0.704495523,164690,1170
0.706742214,164980,290
0.706742214,166134,1154
0.708988905,166440,306
0.708988905,167578,1138
0.711235596,167900,322
0.711235596,169022,1122
0.713482287,169360,338
0.713482287,170466,1106
0.715728978,170820,354
0.715728978,171910,1090
0.717975669,172280,370
0.717975669,173354,1074
0.720305916,173740,386
0.720305916,174798,1058
0.722559502,175200,402
0.722559502,176242,1042
0.724806193,176660,418
0.724806193,177686,1026
0.727052884,178120,434
0.727052884,179130,1010
0.729384190,179580,450
0.729384190,180574,994
0.731630881,181040,466
0.731630881,182018,978
0.733877572,182500,482
0.733877572,183462,962
0.736124263,183960,498
0.736124263,184906,946
0.738370954,185420,514
0.738370954,186350,930
0.740617645,186880,530
0.740617645,187794,914
0.742954787,188340,546
0.742954787,189238,898
0.745201478,189800,562
0.745201478,190682,882
0.747448169,191260,578
0.747448169,192126,866
0.749694860,192720,594
0.749694860,193570,850
0.751941551,194180,610
0.751941551,195014,834
0.754405075,195640,626
0.754405075,196458,818
0.756868599,197100,642
0.756868599,197902,802
0.759332123,198560,658
0.759332123,199346,786
0.761795647,200020,674
0.761795647,200790,770
0.764259171,201480,690
0.764259171,202234,754
0.766723095,202940,706
0.766723095,203678,738
0.769194217,204400,722
0.769194217,205122,722
0.771657741,205860,738
0.771657741,206566,706
0.774121265,207320,754
0.774121265,208010,690
0.776584789,208780,770
0.776584789,209454,674
0.779048313,210240,786
0.779048313,210898,658
0.781603019,211700,802
0.781603019,212342,642
0.784066543,213160,818
0.784066543,213786,626
0.786530067,214620,834
0.786530067,215230,610
0.788993591,216080,850
0.788993591,216674,594
0.791457515,217540,866
0.791457515,218118,578
0.793928637,219000,882
0.793928637,219562,562
0.796392161,220460,898
0.796392161,221006,546
0.798855685,221920,914
0.798855685,222450,530
0.801319209,223380,930
0.801319209,223894,514
0.803782733,224840,946
0.803782733,225338,498
0.806246257,226300,962
0.806246257,226782,482
0.808709781,227760,978
0.808709781,228226,466
0.811264487,229220,994
0.811264487,229670,450
0.813728011,230680,1010
0.813728011,231114,434
0.816191935,232140,1026
0.816191935,232558,418
0.818663057,233600,1042
0.818663057,234002,402
0.821126581,235060,1058
0.821126581,235446,386
0.823590105,236520,1074
0.823590105,236890,370
0.826053629,237980,1090
0.826053629,238334,354
0.828517153,239440,1106
0.828517153,239778,338
0.830980677,240900,1122
0.830980677,241222,322
0.833444201,242360,1138
0.833444201,242666,306
0.835907725,243820,1154
0.835907725,244110,290
0.838371249,245280,1170
0.838371249,245554,274
0.840834773,246740,1186
0.840834773,246998,258
0.843298697,248200,1202
0.843298697,248442,242
0.845769819,249660,1218
0.845769819,249886,226
0.848233343,251120,1234
0.848233343,251330,210
0.850788049,252580,1250
0.850788049,252774,194
0.852931629,254040,1266
0.852931629,254218,178
0.855075209,255500,1282
0.855075209,255662,162
0.857218789,256960,1298
0.857218789,257106,146
0.859362369,258420,1314
0.859362369,258550,130
0.861505949,259880,1330
0.861505949,259994,114
0.863649529,261340,1346
0.863649529,261438,98
0.865793509,262800,1362
0.865793509,262882,82
0.867943649,264260,1378
0.867943649,264326,66
0.870087149,265720,1394
0.870087149,265770,50
0.872329379,267180,1410
0.872329379,267214,34
0.874420066,268640,1426
0.874420066,268658,18
0.876593053,270100,1442
0.876593053,270102,2
0.880928734,271554,1452
0.885207531,271560,6
0.885207531,272999,1439
0.888676226,273020,21
0.888676226,274444,1424
0.890766913,274480,36
0.890766913,275889,1409
0.892857600,275940,51
0.892857600,277334,1394
0.894948287,277400,66
0.894948287,278778,1378
0.897038974,278860,82
0.897038974,280222,1362
0.899129661,280320,98
0.899129661,281666,1346
0.901220348,281780,114
0.901220348,283110,1330
0.903390375,283240,130
0.903390375,284554,1314
0.905481062,284700,146
0.905481062,285998,1298
0.907571749,286160,162
0.907571749,287442,1282
0.909662436,287620,178
0.909662436,288886,1266
0.911753123,289080,194
0.911753123,290330,1250
0.913843810,290540,210
0.913843810,291774,1234
0.915934497,292000,226
0.915934497,293218,1218
0.918025184,293460,242
0.918025184,294662,1202
0.920115871,294920,258
0.920115871,296106,1186
0.922206558,296380,274
0.922206558,297550,1170
0.924297245,297840,290
0.924297245,298994,1154
0.926387932,299300,306
0.926387932,300438,1138
0.928478619,300760,322
0.928478619,301882,1122
0.930569306,302220,338
0.930569306,303326,1106
0.932659993,303680,354
0.932659993,304770,1090
0.934750680,305140,370
0.934750680,306214,1074
0.936841367,306600,386
0.936841367,307658,1058
0.938932054,308060,402
0.938932054,309102,1042
0.941102081,309520,418
0.941102081,310546,1026
0.943192768,310980,434
0.943192768,311990,1010
0.945283455,312440,450
0.945283455,313434,994
0.947374142,313900,466
0.947374142,314878,978
0.949464829,315360,482
0.949464829,316322,962
0.951555516,316820,498
0.951555516,317766,946
0.953615931,318280,514
0.953615931,319210,930
0.955676346,319740,530
0.955676346,320654,914
0.957736761,321200,546
0.957736761,322098,898
0.959797176,322660,562
0.959797176,323542,882
0.962280098,324120,578
0.962280098,324986,866
0.964340513,325580,594
0.964340513,326430,850
0.966400928,327040,610
0.966400928,327874,834
0.968461343,328500,626
0.968461343,329318,818
0.970521758,329960,642
0.970521758,330762,802
0.972582173,331420,658
0.972582173,332206,786
0.974642588,332880,674
0.974642588,333650,770
0.976703003,334340,690
0.976703003,335094,754
0.978763418,335800,706
0.978763418,336538,738
0.980823833,337260,722
0.980823833,337982,722
0.982884248,338720,738
0.982884248,339426,706
0.984944663,340180,754
0.984944663,340870,690
0.987005078,341640,770
0.987005078,342314,674
0.989065493,343100,786
0.989065493,343758,658
0.991125908,344560,802
0.991125908,345202,642
0.993186323,346020,818
0.993186323,346646,626
0.995246738,347480,834
0.995246738,348090,610
0.997307153,348940,850
0.997307153,349534,594
0.999449874,350400,866
0.999449874,350978,578
1.001510289,351860,882
1.001510289,352422,562
1.003570704,353320,898
1.003570704,353866,546
1.005631119,354780,914
1.005631119,355310,530
1.007691534,356240,930
1.007691534,356754,514
1.009751949,357700,946
1.009751949,358198,498
1.011812364,359160,962
1.011812364,359642,482
1.013872779,360620,978
1.013872779,361086,466
1.015933194,362080,994
1.015933194,362530,450
1.017993609,363540,1010
1.017993609,363974,434
1.020136330,365000,1026
1.020136330,365418,418
1.022196745,366460,1042
1.022196745,366862,402
1.024482132,367920,1058
1.024482132,368306,386
1.026542547,369380,1074
1.026542547,369750,370
1.028602962,370840,1090
1.028602962,371194,354
1.030663377,372300,1106
1.030663377,372638,338
1.032723792,373760,1122
1.032723792,374082,322
1.034784207,375220,1138
1.034784207,375526,306
1.036844622,376680,1154
1.036844622,376970,290
1.038905037,378140,1170
1.038905037,378414,274
1.040965452,379600,1186
1.040965452,379858,258
1.043025867,381060,1202
1.043025867,381302,242
1.045086282,382520,1218
1.045086282,382746,226
1.047146697,383980,1234
1.047146697,384190,210
1.049289418,385440,1250
1.049289418,385634,194
1.051349833,386900,1266
1.051349833,387078,178
1.053495343,388360,1282
1.053495343,388522,162
1.055640853,389820,1298
1.055640853,389966,146
1.057786363,391280,1314
1.057786363,391410,130
1.059931873,392740,1330
1.059931873,392854,114
1.062077383,394200,1346
1.062077383,394298,98
1.064222893,395660,1362
1.064222893,395742,82
1.066368403,397120,1378
1.066368403,397186,66
1.068513913,398580,1394
1.068513913,398630,50
1.669075627,400040,1410
1.669075627,527158,127118
1.967588052,528520,1362
1.967588052,528602,82
1.967588052,529980,1378
1.967588052,531490,1510
1.967588052,532900,1410
1.967588052,805884,272984
1.969745238,805920,36
1.969745238,807329,1409
1.969745238,807380,51
1.969745238,810218,2838
1.971902424,810300,82
1.971902424,932958,122658
2.019294601,934400,1442
2.019294601,937299,2899
2.019294601,937320,21
2.019294601,943078,5758
2.041485541,943160,82
2.041485541,947410,4250
2.041485541,947540,130
2.041485541,953186,5646
2.050347829,953380,194
2.050347829,970514,17134
2.081640199,970900,386
2.081640199,983510,12610
2.101728864,984040,530
2.101728864,1068714,84674
2.103961977,1068720,6
2.103961977,1070159,1439
2.106182856,1070180,21
2.106182856,1071604,1424
2.108403735,1071640,36
2.108403735,1073049,1409
2.110624614,1073100,51
2.110624614,1074494,1394
2.112845493,1074560,66
2.112845493,1075938,1378
2.115152731,1076020,82
2.115152731,1077382,1362
2.117374010,1077480,98
2.117374010,1078826,1346
2.119601685,1078940,114
2.119601685,1080270,1330
2.121822564,1080400,130
2.121822564,1081714,1314
2.124043443,1081860,146
2.124043443,1083158,1298
2.126264322,1083320,162
2.126264322,1084602,1282
2.128485201,1084780,178
2.128485201,1086046,1266
2.130792439,1086240,194
2.130792439,1087490,1250
2.133013318,1087700,210
2.133013318,1088934,1234
2.135320556,1089160,226
2.135320556,1090378,1218
2.137541835,1090620,242
2.137541835,1091822,1202
2.139769510,1092080,258
2.139769510,1093266,1186
2.141990389,1093540,274
2.141990389,1094710,1170
2.144211268,1095000,290
2.144211268,1096154,1154
2.146432147,1096460,306
2.146432147,1097598,1138
2.148653026,1097920,322
2.148653026,1099042,1122
2.150873905,1099380,338
2.150873905,1100486,1106
2.153338431,1100840,354
2.153338431,1101930,1090
2.155710711,1102300,370
2.155710711,1103374,1074
2.158082991,1103760,386
2.158082991,1104818,1058
2.160455671,1105220,402
2.160455671,1106262,1042
2.162835238,1106680,418
2.162835238,1107706,1026
2.165207518,1108140,434
2.165207518,1109150,1010
2.167579798,1109600,450
2.167579798,1110594,994
2.169952078,1111060,466
2.169952078,1112038,978
2.172416604,1112520,482
2.172416604,1113482,962
2.174788884,1113980,498
2.174788884,1114926,946
2.177161164,1115440,514
2.177161164,1116370,930
2.179533444,1116900,530
2.179533444,1117814,914
2.181905724,1118360,546
2.181905724,1119258,898
2.184278404,1119820,562
2.184278404,1120702,882
2.186657971,1121280,578
2.186657971,1122146,866
2.189122497,1122740,594
2.189122497,1123590,850
2.191494777,1124200,610
2.191494777,1125034,834
2.193867057,1125660,626
2.193867057,1126478,818
2.196239337,1127120,642
2.196239337,1127922,802
2.198611617,1128580,658
2.198611617,1129366,786
2.200983897,1130040,674
2.200983897,1130810,770
2.203356177,1131500,690
2.203356177,1132254,754
2.205728457,1132960,706
2.205728457,1133698,738
2.208101137,1134420,722
2.208101137,1135142,722
2.210572950,1135880,738
2.210572950,1136586,706
2.212945230,1137340,754
2.212945230,1138030,690
2.215317510,1138800,770
2.215317510,1139474,674
2.217689790,1140260,786
2.217689790,1140918,658
2.220062070,1141720,802
2.220062070,1142362,642
2.222526596,1143180,818
2.222526596,1143806,626
2.224898876,1144640,834
2.224898876,1145250,610
2.227271156,1146100,850
2.227271156,1146694,594
2.229643836,1147560,866
2.229643836,1148138,578
2.232023403,1149020,882
2.232023403,1149582,562
2.234395683,1150480,898
2.234395683,1151026,546
2.236767963,1151940,914
2.236767963,1152470,530
2.239140243,1153400,930
2.239140243,1153914,514
2.241604769,1154860,946
2.241604769,1155358,498
2.243977049,1156320,962
2.243977049,1156802,482
2.246349329,1157780,978
2.246349329,1158246,466
2.248721609,1159240,994
2.248721609,1159690,450
2.251093889,1160700,1010
2.251093889,1161134,434
2.253488064,1162160,1026
2.253488064,1162578,418
2.255982278,1163620,1042
2.255982278,1164022,402
2.258376053,1165080,1058
2.258376053,1165466,386
2.260769828,1166540,1074
2.260769828,1166910,370
2.263163603,1168000,1090
2.263163603,1168354,354
2.265557378,1169460,1106
2.265557378,1169798,338
2.268044235,1170920,1122
2.268044235,1171242,322
2.270438010,1172380,1138
2.270438010,1172686,306
2.272831785,1173840,1154
2.272831785,1174130,290
2.275225960,1175300,1170
2.275225960,1175574,274
2.277627092,1176760,1186
2.277627092,1177018,258
2.280020867,1178220,1202
2.280020867,1178462,242
2.282414642,1179680,1218
2.282414642,1179906,226
2.284808417,1181140,1234
2.284808417,1181350,210
2.287295274,1182600,1250
2.287295274,1182794,194
2.289689049,1184060,1266
2.289689049,1184238,178
2.292082824,1185520,1282
2.292082824,1185682,162
2.294476599,1186980,1298
2.294476599,1187126,146
2.296870374,1188440,1314
2.296870374,1188570,130
2.299364988,1189900,1330
2.299364988,1190014,114
2.301758763,1191360,1346
2.301758763,1191458,98
2.304152538,1192820,1362
2.304152538,1192902,82
2.306546313,1194280,1378
2.306546313,1194346,66
2.308940008,1195740,1394
2.308940008,1195790,50
2.311332232,1197200,1410
2.311332232,1197234,34
2.313724456,1198660,1426
2.313724456,1198678,18
2.316116680,1200120,1442
2.316116680,1200122,2
2.318602066,1201574,1452
2.320996241,1201580,6
2.320996241,1203019,1439
2.323397373,1203040,21
2.323397373,1204464,1424
2.325791148,1204500,36
2.325791148,1205909,1409
2.328184923,1205960,51
2.328184923,1207354,1394
2.330671780,1207420,66
2.330671780,1208798,1378
2.333065555,1208880,82
2.333065555,1210242,1362
2.335459330,1210340,98
2.335459330,1211686,1346
2.337853105,1211800,114
2.337853105,1213130,1330
2.340246880,1213260,130
2.340246880,1214574,1314
2.342734137,1214720,146
2.342734137,1216018,1298
2.345135269,1216180,162
2.345135269,1217462,1282
2.347529044,1217640,178
2.347529044,1218906,1266
2.349922819,1219100,194
2.349922819,1220350,1250
2.352316594,1220560,210
2.352316594,1221794,1234
2.354467249,1222020,226
2.354467249,1223238,1218
2.356617904,1223480,242
2.356617904,1224682,1202
2.358768559,1224940,258
2.358768559,1226126,1186
2.361002842,1226400,274
2.361002842,1227570,1170
2.363153497,1227860,290
2.363153497,1229014,1154
2.365304552,1229320,306
2.365304552,1230458,1138
2.367461776,1230780,322
2.367461776,1231902,1122
2.369612431,1232240,338
2.369612431,1233346,1106
2.371763086,1233700,354
2.371763086,1234790,1090
2.373997369,1235160,370
2.373997369,1236234,1074
2.376148024,1236620,386
2.376148024,1237678,1058
2.378298679,1238080,402
2.378298679,1239122,1042
2.380449334,1239540,418
2.380449334,1240566,1026
2.382599989,1241000,434
2.382599989,1242010,1010
2.384750644,1242460,450
2.384750644,1243454,994
2.386901699,1243920,466
2.386901699,1244898,978
2.389142551,1245380,482
2.389142551,1246342,962
2.391293206,1246840,498
2.391293206,1247786,946
2.393443861,1248300,514
2.393443861,1249230,930
2.395594516,1249760,530
2.395594516,1250674,914
2.397745171,1251220,546
2.397745171,1252118,898
2.399895826,1252680,562
2.399895826,1253562,882
2.402130109,1254140,578
2.402130109,1255006,866
2.404280764,1255600,594
2.404280764,1256450,850
2.406431819,1257060,610
2.406431819,1257894,834
2.408589043,1258520,626
2.408589043,1259338,818
2.410739698,1259980,642
2.410739698,1260782,802
2.412973981,1261440,658
2.412973981,1262226,786
2.415124636,1262900,674
2.415124636,1263670,770
2.417275291,1264360,690
2.417275291,1265114,754
2.419425946,1265820,706
2.419425946,1266558,738
2.421576601,1267280,722
2.421576601,1268002,722
2.423727256,1268740,738
2.423727256,1269446,706
2.425877911,1270200,754
2.425877911,1270890,690
2.428119163,1271660,770
2.428119163,1272334,674
2.430269818,1273120,786
2.430269818,1273778,658
2.432420473,1274580,802
2.432420473,1275222,642
2.434571128,1276040,818
2.434571128,1276666,626
2.436721783,1277500,834
2.436721783,1278110,610
2.438872438,1278960,850
2.438872438,1279554,594
2.441106721,1280420,866
2.441106721,1280998,578
2.443257376,1281880,882
2.443257376,1282442,562
2.445408031,1283340,898
2.445408031,1283886,546
2.447559086,1284800,914
2.447559086,1285330,530
2.449716310,1286260,930
2.449716310,1286774,514
2.451866965,1287720,946
2.451866965,1288218,498
2.454254411,1289180,962
2.454254411,1289662,482
2.456734693,1290640,978
2.456734693,1291106,466
2.459122139,1292100,994
2.459122139,1292550,450
2.461509585,1293560,1010
2.461509585,1293994,434
2.463897031,1295020,1026
2.463897031,1295438,418
2.466284477,1296480,1042
2.466284477,1296882,402
2.468671923,1297940,1058
2.468671923,1298326,386
2.471159941,1299400,1074
2.471159941,1299770,370
2.473547387,1300860,1090
2.473547387,1301214,354
2.475934833,1302320,1106
2.475934833,1302658,338
2.478322279,1303780,1122
2.478322279,1304102,322
2.480709725,1305240,1138
2.480709725,1305546,306
2.483097171,1306700,1154
2.483097171,1306990,290
2.485484617,1308160,1170
2.485484617,1308434,274
2.487964899,1309620,1186
2.487964899,1309878,258
2.490352345,1311080,1202
2.490352345,1311322,242
2.492740191,1312540,1218
2.492740191,1312766,226
2.495134973,1314000,1234
2.495134973,1314210,210
2.497522419,1315460,1250
2.497522419,1315654,194
2.500002701,1316920,1266
2.500002701,1317098,178
2.502390147,1318380,1282
2.502390147,1318542,162
2.504777593,1319840,1298
2.504777593,1319986,146
2.507165039,1321300,1314
2.507165039,1321430,130
2.509552485,1322760,1330
2.509552485,1322874,114
2.511939931,1324220,1346
2.511939931,1324318,98
2.514420613,1325680,1362
2.514420613,1325762,82
2.516815395,1327140,1378
2.516815395,1327206,66
2.519202761,1328600,1394
2.519202761,1328650,50
2.521588660,1330060,1410
2.521588660,1330094,34
2.523974559,1331520,1426
2.523974559,1331538,18
2.526360458,1332980,1442
2.526360458,1332982,2
2.528746437,1334434,1452
2.531133883,1334440,6
2.531133883,1335879,1439
2.533521329,1335900,21
2.533521329,1337324,1424
2.536001611,1337360,36
2.536001611,1338769,1409
2.538389457,1338820,51
2.538389457,1340214,1394
2.540784239,1340280,66
2.540784239,1341658,1378
2.543171685,1341740,82
2.543171685,1343102,1362
2.545559131,1343200,98
2.545559131,1344546,1346
2.548039413,1344660,114
2.548039413,1345990,1330
2.550426859,1346120,130
2.550426859,1347434,1314
2.552648813,1347580,146
2.552648813,1348878,1298
2.554870767,1349040,162
2.554870767,1350322,1282
2.557092721,1350500,178
2.557092721,1351766,1266
2.559314675,1351960,194
2.559314675,1353210,1250
2.561537029,1353420,210
2.561537029,1354654,1234
2.563765784,1354880,226
2.563765784,1356098,1218
2.566074139,1356340,242
2.566074139,1357542,1202
2.568296093,1357800,258
2.568296093,1358986,1186
2.570518047,1359260,274
2.570518047,1360430,1170
2.572740001,1360720,290
2.572740001,1361874,1154
2.574961955,1362180,306
2.574961955,1363318,1138
2.577270310,1363640,322
2.577270310,1364762,1122
2.579492264,1365100,338
2.579492264,1366206,1106
2.581714618,1366560,354
2.581714618,1367650,1090
2.583943373,1368020,370
2.583943373,1369094,1074
2.586165327,1369480,386
2.586165327,1370538,1058
2.588387281,1370940,402
2.588387281,1371982,1042
2.590609235,1372400,418
2.590609235,1373426,1026
2.592917590,1373860,434
2.592917590,1374870,1010
2.595139544,1375320,450
2.595139544,1376314,994
2.597361498,1376780,466
2.597361498,1377758,978
2.599583452,1378240,482
2.599583452,1379202,962
2.601805406,1379700,498
2.601805406,1380646,946
2.604027760,1381160,514
2.604027760,1382090,930
2.606342916,1382620,530
2.606342916,1383534,914
2.608564870,1384080,546
2.608564870,1384978,898
2.610786824,1385540,562
2.610786824,1386422,882
2.613008778,1387000,578
2.613008778,1387866,866
2.615230732,1388460,594
2.615230732,1389310,850
2.617539087,1389920,610
2.617539087,1390754,834
2.619761041,1391380,626
2.619761041,1392198,818
2.621982995,1392840,642
2.621982995,1393642,802
2.624205349,1394300,658
2.624205349,1395086,786
2.626434104,1395760,674
2.626434104,1396530,770
2.628656058,1397220,690
2.628656058,1397974,754
2.630878012,1398680,706
2.630878012,1399418,738
2.633099966,1400140,722
2.633099966,1400862,722
2.635408321,1401600,738
2.635408321,1402306,706
2.637630275,1403060,754
2.637630275,1403750,690
2.639852229,1404520,770
2.639852229,1405194,674
2.642074183,1405980,786
2.642074183,1406638,658
2.644296137,1407440,802
2.644296137,1408082,642
2.646611692,1408900,818
2.646611692,1409526,626
2.648833646,1410360,834
2.648833646,1410970,610
2.651055600,1411820,850
2.651055600,1412414,594
2.653523504,1413280,866
2.653523504,1413858,578
2.655991408,1414740,882
2.655991408,1415302,562
2.658459312,1416200,898
2.658459312,1416746,546
2.660927216,1417660,914
2.660927216,1418190,530
2.663491085,1419120,930
2.663491085,1419634,514
2.665958989,1420580,946
2.665958989,1421078,498
2.668427293,1422040,962
2.668427293,1422522,482
2.670902794,1423500,978
2.670902794,1423966,466
2.673370698,1424960,994
2.673370698,1425410,450
2.675838602,1426420,1010
2.675838602,1426854,434
2.678402471,1427880,1026
2.678402471,1428298,418
2.680870375,1429340,1042
2.680870375,1429742,402
2.683338279,1430800,1058
2.683338279,1431186,386
2.685806183,1432260,1074
2.685806183,1432630,370
2.688274087,1433720,1090
2.688274087,1434074,354
2.690838356,1435180,1106
2.690838356,1435518,338
2.693313857,1436640,1122
2.693313857,1436962,322
2.695781761,1438100,1138
2.695781761,1438406,306
2.698249665,1439560,1154
2.698249665,1439850,290
2.700717569,1441020,1170
2.700717569,1441294,274
2.703185473,1442480,1186
2.703185473,1442738,258
2.705653377,1443940,1202
2.705653377,1444182,242
2.708121281,1445400,1218
2.708121281,1445626,226
2.710685150,1446860,1234
2.710685150,1447070,210
2.713153054,1448320,1250
2.713153054,1448514,194
2.715621358,1449780,1266
2.715621358,1449958,178
2.718096859,1451240,1282
2.718096859,1451402,162
2.720564763,1452700,1298
2.720564763,1452846,146
2.723128632,1454160,1314
2.723128632,1454290,130
2.725596536,1455620,1330
2.725596536,1455734,114
2.728064440,1457080,1346
2.728064440,1457178,98
2.730532344,1458540,1362
2.730532344,1458622,82
2.733000248,1460000,1378
2.733000248,1460066,66
2.735468072,1461460,1394
2.735468072,1461510,50
2.737934376,1462920,1410
2.737934376,1462954,34
2.740401080,1464380,1426
2.740401080,1464398,18
2.742970946,1465840,1442
2.742970946,1465842,2
2.745437330,1467294,1452
2.747905234,1467300,6
2.747905234,1468739,1439
2.750373138,1468760,21
2.750373138,1470184,1424
2.752442839,1470220,36
2.752442839,1471629,1409
2.754593020,1471680,51
2.754593020,1473074,1394
2.756662721,1473140,66
2.756662721,1474518,1378
2.758732422,1474600,82
2.758732422,1475962,1362
2.760802523,1476060,98
2.760802523,1477406,1346
2.762878531,1477520,114
2.762878531,1478850,1330
2.764948232,1478980,130
2.764948232,1480294,1314
2.767017933,1480440,146
2.767017933,1481738,1298
2.769087634,1481900,162
2.769087634,1483182,1282
2.771237815,1483360,178
2.771237815,1484626,1266
2.773307516,1484820,194
2.773307516,1486070,1250
2.775377217,1486280,210
2.775377217,1487514,1234
2.777446918,1487740,226
2.777446918,1488958,1218
2.779516619,1489200,242
2.779516619,1490402,1202
2.781673507,1490660,258
2.781673507,1491846,1186
2.783743208,1492120,274
2.783743208,1493290,1170
2.785812909,1493580,290
2.785812909,1494734,1154
2.787882610,1495040,306
2.787882610,1496178,1138
2.789952311,1496500,322
2.789952311,1497622,1122
2.792102492,1497960,338
2.792102492,1499066,1106
2.794172193,1499420,354
2.794172193,1500510,1090
2.796241894,1500880,370
2.796241894,1501954,1074
2.798311595,1502340,386
2.798311595,1503398,1058
2.800381696,1503800,402
2.800381696,1504842,1042
2.802457704,1505260,418
2.802457704,1506286,1026
2.804527405,1506720,434
2.804527405,1507730,1010
2.806597106,1508180,450
2.806597106,1509174,994
2.808747287,1509640,466
2.808747287,1510618,978
2.810816988,1511100,482
2.810816988,1512062,962
2.812886689,1512560,498
2.812886689,1513506,946
2.814956390,1514020,514
2.814956390,1514950,930
2.817026091,1515480,530
2.817026091,1516394,914
2.819176672,1516940,546
2.819176672,1517838,898
2.821252680,1518400,562
2.821252680,1519282,882
2.823322381,1519860,578
2.823322381,1520726,866
2.825392082,1521320,594
2.825392082,1522170,850
2.827461783,1522780,610
2.827461783,1523614,834
2.829531484,1524240,626
2.829531484,1525058,818
2.831601185,1525700,642
2.831601185,1526502,802
2.833670886,1527160,658
2.833670886,1527946,786
2.835821067,1528620,674
2.835821067,1529390,770
2.837890768,1530080,690
2.837890768,1530834,754
2.839960869,1531540,706
2.839960869,1532278,738
2.842036877,1533000,722
2.842036877,1533722,722
2.844106578,1534460,738
2.844106578,1535166,706
2.846256759,1535920,754
2.846256759,1536610,690
2.848326460,1537380,770
2.848326460,1538054,674
2.850396161,1538840,786
2.850396161,1539498,658
2.852557322,1540300,802
2.852557322,1540942,642
2.854718483,1541760,818
2.854718483,1542386,626
2.856879644,1543220,834
2.856879644,1543830,610
2.859040805,1544680,850
2.859040805,1545274,594
2.861202366,1546140,866
2.861202366,1546718,578
2.863454167,1547600,882
2.863454167,1548162,562
2.865615328,1549060,898
2.865615328,1549606,546
2.867776489,1550520,914
2.867776489,1551050,530
2.869937650,1551980,930
2.869937650,1552494,514
2.872098811,1553440,946
2.872098811,1553938,498
2.874344009,1554900,962
2.874344009,1555382,482
2.876505170,1556360,978
2.876505170,1556826,466
2.878666331,1557820,994
2.878666331,1558270,450
2.880827892,1559280,1010
2.880827892,1559714,434
2.882995656,1560740,1026
2.882995656,1561158,418
2.885240854,1562200,1042
2.885240854,1562602,402
2.887402015,1563660,1058
2.887402015,1564046,386
2.889563176,1565120,1074
2.889563176,1565490,370
2.891724337,1566580,1090
2.891724337,1566934,354
2.893885498,1568040,1106
2.893885498,1568378,338
2.896046659,1569500,1122
2.896046659,1569822,322
2.898207820,1570960,1138
2.898207820,1571266,306
2.900368981,1572420,1154
2.900368981,1572710,290
2.902621182,1573880,1170
2.902621182,1574154,274
2.904782343,1575340,1186
2.904782343,1575598,258
2.906943504,1576800,1202
2.906943504,1577042,242
2.909104665,1578260,1218
2.909104665,1578486,226
2.911265826,1579720,1234
2.911265826,1579930,210
2.913511024,1581180,1250
2.913511024,1581374,194
2.915672185,1582640,1266
2.915672185,1582818,178
2.917833346,1584100,1282
2.917833346,1584262,162
2.919994507,1585560,1298
2.919994507,1585706,146
2.922156068,1587020,1314
2.922156068,1587150,130
2.924323832,1588480,1330
2.924323832,1588594,114
2.926484993,1589940,1346
2.926484993,1590038,98
2.928646154,1591400,1362
2.928646154,1591482,82
2.930891352,1592860,1378
2.930891352,1592926,66
2.933052433,1594320,1394
2.933052433,1594370,50
2.935212193,1595780,1410
2.935212193,1595814,34
2.937371953,1597240,1426
2.937371953,1597258,18
2.939531713,1598700,1442
2.939531713,1598702,2
2.941775990,1600154,1452
2.943943754,1600160,6
2.943943754,1601599,1439
2.946104915,1601620,21
2.946104915,1603044,1424
2.948266076,1603080,36
2.948266076,1604489,1409
2.950427237,1604540,51
2.950427237,1605934,1394
2.952548717,1606000,66
2.952548717,1607378,1378
2.954670197,1607460,82
2.954670197,1608822,1362
2.956791677,1608920,98
2.956791677,1610266,1346
2.958995651,1610380,114
2.958995651,1611710,1330
2.961117131,1611840,130
2.961117131,1613154,1314
2.963239011,1613300,146
2.963239011,1614598,1298
2.965366965,1614760,162
2.965366965,1616042,1282
2.967488445,1616220,178
2.967488445,1617486,1266
2.969609925,1617680,194
2.969609925,1618930,1250
2.971813899,1619140,210
2.971813899,1620374,1234
2.973935379,1620600,226
2.973935379,1621818,1218
2.976056859,1622060,242
2.976056859,1623262,1202
2.978178339,1623520,258
2.978178339,1624706,1186
2.980299819,1624980,274
2.980299819,1626150,1170
2.982504193,1626440,290
2.982504193,1627594,1154
2.984632147,1627900,306
2.984632147,1629038,1138
2.986753627,1629360,322
2.986753627,1630482,1122
2.988875107,1630820,338
2.988875107,1631926,1106
2.990996587,1632280,354
2.990996587,1633370,1090
2.993118067,1633740,370
2.993118067,1634814,1074
2.995239547,1635200,386
2.995239547,1636258,1058
2.997361027,1636660,402
2.997361027,1637702,1042
2.999565001,1638120,418
2.999565001,1639146,1026
3.001686481,1639580,434
3.001686481,1640590,1010
3.003808361,1641040,450
3.003808361,1642034,994
3.005936315,1642500,466
3.005936315,1643478,978
3.008057795,1643960,482
3.008057795,1644922,962
3.010261769,1645420,498
3.010261769,1646366,946
3.012383249,1646880,514
3.012383249,1647810,930
3.014504729,1648340,530
3.014504729,1649254,914
3.016626209,1649800,546
3.016626209,1650698,898
3.018747689,1651260,562
3.018747689,1652142,882
3.020869169,1652720,578
3.020869169,1653586,866
3.022990649,1654180,594
3.022990649,1655030,850
3.025112529,1655640,610
3.025112529,1656474,834
3.027322977,1657100,626
3.027322977,1657918,818
3.029444457,1658560,642
3.029444457,1659362,802
3.031565937,1660020,658
3.031565937,1660806,786
3.033687417,1661480,674
3.033687417,1662250,770
3.035808897,1662940,690
3.035808897,1663694,754
3.038012871,1664400,706
3.038012871,1665138,738
3.040134351,1665860,722
3.040134351,1666582,722
3.042255831,1667320,738
3.042255831,1668026,706
3.044377711,1668780,754
3.044377711,1669470,690
3.046505665,1670240,770
3.046505665,1670914,674
3.048709639,1671700,786
3.048709639,1672358,658
3.050831119,1673160,802
3.050831119,1673802,642
3.052913264,1674620,818
3.052913264,1675246,626
3.054995409,1676080,834
3.054995409,1676690,610
3.057077554,1677540,850
3.057077554,1678134,594
3.059159699,1679000,866
3.059159699,1679578,578
3.061241844,1680460,882
3.061241844,1681022,562
3.063323989,1681920,898
3.063323989,1682466,546
3.065493845,1683380,914
3.065493845,1683910,530
3.067575990,1684840,930
3.067575990,1685354,514
3.069658135,1686300,946
3.069658135,1686798,498
3.071740280,1687760,962
3.071740280,1688242,482
3.073822425,1689220,978
3.073822425,1689686,466
3.075985534,1690680,994
3.075985534,1691130,450
3.078067679,1692140,1010
3.078067679,1692574,434
3.080149824,1693600,1026
3.080149824,1694018,418
3.082231969,1695060,1042
3.082231969,1695462,402
3.084314514,1696520,1058
3.084314514,1696906,386
3.086403007,1697980,1074
3.086403007,1698350,370
3.088485152,1699440,1090
3.088485152,1699794,354
3.090567297,1700900,1106
3.090567297,1701238,338
3.092730406,1702360,1122
3.092730406,1702682,322
3.094812551,1703820,1138
3.094812551,1704126,306
3.096894696,1705280,1154
3.096894696,1705570,290
3.098976841,1706740,1170
3.098976841,1707014,274
3.101058986,1708200,1186
3.101058986,1708458,258
3.103222495,1709660,1202
3.103222495,1709902,242
3.105310988,1711120,1218
3.105310988,1711346,226
3.107393133,1712580,1234
3.107393133,1712790,210
3.109475278,1714040,1250
3.109475278,1714234,194
3.111557423,1715500,1266
3.111557423,1715678,178
3.113639568,1716960,1282
3.113639568,1717122,162
3.115721713,1718420,1298
3.115721713,1718566,146
3.117803858,1719880,1314
3.117803858,1720010,130
3.119966967,1721340,1330
3.119966967,1721454,114
3.122049112,1722800,1346
3.122049112,1722898,98
3.124131657,1724260,1362
3.124131657,1724342,82
3.126220150,1725720,1378
3.126220150,1725786,66
3.128302215,1727180,1394
3.128302215,1727230,50
3.130463975,1728640,1410
3.130463975,1728674,34
3.132544771,1730100,1426
3.132544771,1730118,18
3.134625567,1731560,1442
3.134625567,1731562,2
3.136706443,1733014,1452
3.138788588,1733020,6
3.138788588,1734459,1439
3.140951697,1734480,21
3.140951697,1735904,1424
3.143034242,1735940,36
3.143034242,1737349,1409
3.145122735,1737400,51
3.145122735,1738794,1394
3.147204880,1738860,66
3.147204880,1740238,1378
3.149287025,1740320,82
3.149287025,1741682,1362
3.151369170,1741780,98
3.151369170,1743126,1346
3.153577397,1743240,114
3.153577397,1744570,1330
3.155785624,1744700,130
3.155785624,1746014,1314
3.158079718,1746160,146
3.158079718,1747458,1298
3.160287945,1747620,162
3.160287945,1748902,1282
3.162496172,1749080,178
3.162496172,1750346,1266
3.164704799,1750540,194
3.164704799,1751790,1250
3.166919781,1752000,210
3.166919781,1753234,1234
3.169213875,1753460,226
3.169213875,1754678,1218
3.171422102,1754920,242
3.171422102,1756122,1202
3.173630329,1756380,258
3.173630329,1757566,1186
3.175838556,1757840,274
3.175838556,1759010,1170
3.178046783,1759300,290
3.178046783,1760454,1154
3.180255010,1760760,306
3.180255010,1761898,1138
3.182463237,1762220,322
3.182463237,1763342,1122
3.184671464,1763680,338
3.184671464,1764786,1106
3.186972714,1765140,354
3.186972714,1766230,1090
3.189180941,1766600,370
3.189180941,1767674,1074
3.191389168,1768060,386
3.191389168,1769118,1058
3.193597395,1769520,402
3.193597395,1770562,1042
3.195805622,1770980,418
3.195805622,1772006,1026
3.198099716,1772440,434
3.198099716,1773450,1010
3.200307943,1773900,450
3.200307943,1774894,994
3.202516170,1775360,466
3.202516170,1776338,978
3.204724397,1776820,482
3.204724397,1777782,962
3.206933024,1778280,498
3.206933024,1779226,946
3.209148006,1779740,514
3.209148006,1780670,930
3.211356233,1781200,530
3.211356233,1782114,914
3.213564460,1782660,546
3.213564460,1783558,898
3.215858554,1784120,562
3.215858554,1785002,882
3.218066781,1785580,578
3.218066781,1786446,866
3.220275008,1787040,594
3.220275008,1787890,850
3.222483235,1788500,610
3.222483235,1789334,834
3.224691462,1789960,626
3.224691462,1790778,818
3.226985956,1791420,642
3.226985956,1792222,802
3.229200938,1792880,658
3.229200938,1793666,786
3.231409165,1794340,674
3.231409165,1795110,770
3.233617392,1795800,690
3.233617392,1796554,754
3.235825619,1797260,706
3.235825619,1797998,738
3.238119713,1798720,722
3.238119713,1799442,722
3.240327940,1800180,738
3.240327940,1800886,706
3.242536167,1801640,754
3.242536167,1802330,690
3.244744394,1803100,770
3.244744394,1803774,674
3.246952621,1804560,786
3.246952621,1805218,658
3.249161248,1806020,802
3.249161248,1806662,642
3.251376230,1807480,818
3.251376230,1808106,626
3.253571360,1808940,834
3.253571360,1809550,610
3.255851848,1810400,850
3.255851848,1810994,594
3.258046978,1811860,866
3.258046978,1812438,578
3.260242108,1813320,882
3.260242108,1813882,562
3.262437238,1814780,898
3.262437238,1815326,546
3.264632368,1816240,914
3.264632368,1816770,530
3.266912856,1817700,930
3.266912856,1818214,514
3.269108386,1819160,946
3.269108386,1819658,498
3.271310229,1820620,962
3.271310229,1821102,482
3.273505359,1822080,978
3.273505359,1822546,466
3.275700489,1823540,994
3.275700489,1823990,450
3.277895619,1825000,1010
3.277895619,1825434,434
3.280090749,1826460,1026
3.280090749,1826878,418
3.282285879,1827920,1042
3.282285879,1828322,402
3.284566367,1829380,1058
3.284566367,1829766,386
3.286761497,1830840,1074
3.286761497,1831210,370
3.288956627,1832300,1090
3.288956627,1832654,354
3.291152157,1833760,1106
3.291152157,1834098,338
3.293354000,1835220,1122
3.293354000,1835542,322
3.295634488,1836680,1138
3.295634488,1836986,306
3.297829618,1838140,1154
3.297829618,1838430,290
3.300024748,1839600,1170
3.300024748,1839874,274
3.302219878,1841060,1186
3.302219878,1841318,258
3.304415008,1842520,1202
3.304415008,1842762,242
3.306610138,1843980,1218
3.306610138,1844206,226
3.308805268,1845440,1234
3.308805268,1845650,210
3.311000398,1846900,1250
3.311000398,1847094,194
3.313287999,1848360,1266
3.313287999,1848538,178
3.315483129,1849820,1282
3.315483129,1849982,162
3.317678259,1851280,1298
3.317678259,1851426,146
3.319873389,1852740,1314
3.319873389,1852870,130
3.322068519,1854200,1330
3.322068519,1854314,114
3.324349007,1855660,1346
3.324349007,1855758,98
3.326544137,1857120,1362
3.326544137,1857202,82
3.328739267,1858580,1378
3.328739267,1858646,66
3.330934317,1860040,1394
3.330934317,1860090,50
3.333128424,1861500,1410
3.333128424,1861534,34
3.335414202,1862960,1426
3.335414202,1862978,18
3.337607909,1864420,1442
3.337607909,1864422,2
3.339801696,1865874,1452
3.341996826,1865880,6
3.341996826,1867319,1439
3.344191956,1867340,21
3.344191956,1868764,1424
3.346387086,1868800,36
3.346387086,1870209,1409
3.348582216,1870260,51
3.348582216,1871654,1394
3.350777346,1871720,66
3.350777346,1873098,1378
3.353315379,1873180,82
3.353315379,1874542,1362
3.355765544,1874640,98
3.355765544,1875986,1346
3.358208194,1876100,114
3.358208194,1877430,1330
3.360650844,1877560,130
3.360650844,1878874,1314
3.363093494,1879020,146
3.363093494,1880318,1298
3.365631127,1880480,162
3.365631127,1881762,1282
3.368073777,1881940,178
3.368073777,1883206,1266
3.370516427,1883400,194
3.370516427,1884650,1250
3.372959077,1884860,210
3.372959077,1886094,1234
3.375401727,1886320,226
3.375401727,1887538,1218
3.377844777,1887780,242
3.377844777,1888982,1202
3.380294942,1889240,258
3.380294942,1890426,1186
3.382737592,1890700,274
3.382737592,1891870,1170
3.385180242,1892160,290
3.385180242,1893314,1154
3.387717875,1893620,306
3.387717875,1894758,1138
3.390160525,1895080,322
3.390160525,1896202,1122
3.392603175,1896540,338
3.392603175,1897646,1106
3.395045825,1898000,354
3.395045825,1899090,1090
3.397488475,1899460,370
3.397488475,1900534,1074
3.400026508,1900920,386
3.400026508,1901978,1058
3.402476673,1902380,402
3.402476673,1903422,1042
3.404919323,1903840,418
3.404919323,1904866,1026
3.407361973,1905300,434
3.407361973,1906310,1010
3.409804623,1906760,450
3.409804623,1907754,994
3.412342256,1908220,466
3.412342256,1909198,978
3.414784906,1909680,482
3.414784906,1910642,962
3.417227556,1911140,498
3.417227556,1912086,946
3.419670206,1912600,514
3.419670206,1913530,930
3.422112856,1914060,530
3.422112856,1914974,914
3.424555906,1915520,546
3.424555906,1916418,898
3.427006071,1916980,562
3.427006071,1917862,882
3.429448721,1918440,578
3.429448721,1919306,866
3.431986354,1919900,594
3.431986354,1920750,850
3.434429004,1921360,610
3.434429004,1922194,834
3.436871654,1922820,626
3.436871654,1923638,818
3.439314304,1924280,642
3.439314304,1925082,802
3.441756954,1925740,658
3.441756954,1926526,786
3.444294587,1927200,674
3.444294587,1927970,770
3.446737637,1928660,690
3.446737637,1929414,754
3.449187802,1930120,706
3.449187802,1930858,738
3.451630452,1931580,722
3.451630452,1932302,722
3.453694581,1933040,738
3.453694581,1933746,706
3.455758710,1934500,754
3.455758710,1935190,690
3.457822839,1935960,770
3.457822839,1936634,674
3.459886968,1937420,786
3.459886968,1938078,658
3.462031361,1938880,802
3.462031361,1939522,642
3.464095490,1940340,818
3.464095490,1940966,626
3.466159619,1941800,834
3.466159619,1942410,610
3.468224148,1943260,850
3.468224148,1943854,594
3.470294565,1944720,866
3.470294565,1945298,578
3.472438958,1946180,882
3.472438958,1946742,562
3.474503087,1947640,898
3.474503087,1948186,546
3.476567216,1949100,914
3.476567216,1949630,530
3.478631345,1950560,930
3.478631345,1951074,514
3.480695474,1952020,946
3.480695474,1952518,498
3.482759603,1953480,962
3.482759603,1953962,482
3.484823732,1954940,978
3.484823732,1955406,466
3.486887861,1956400,994
3.486887861,1956850,450
3.489038942,1957860,1010
3.489038942,1958294,434
3.491103071,1959320,1026
3.491103071,1959738,418
3.493167200,1960780,1042
3.493167200,1961182,402
3.495231329,1962240,1058
3.495231329,1962626,386
3.497295458,1963700,1074
3.497295458,1964070,370
3.499439851,1965160,1090
3.499439851,1965514,354
3.501503980,1966620,1106
3.501503980,1966958,338
3.503568109,1968080,1122
3.503568109,1968402,322
3.505632238,1969540,1138
3.505632238,1969846,306
3.507696767,1971000,1154
3.507696767,1971290,290
3.509847448,1972460,1170
3.509847448,1972734,274
3.511911577,1973920,1186
3.511911577,1974178,258
3.513975706,1975380,1202
3.513975706,1975622,242
3.516039835,1976840,1218
3.516039835,1977066,226
3.518103964,1978300,1234
3.518103964,1978510,210
3.520168093,1979760,1250
3.520168093,1979954,194
3.522232222,1981220,1266
3.522232222,1981398,178
3.524296351,1982680,1282
3.524296351,1982842,162
3.526441144,1984140,1298
3.526441144,1984286,146
3.528511561,1985600,1314
3.528511561,1985730,130
3.530575690,1987060,1330
3.530575690,1987174,114
3.532639819,1988520,1346
3.532639819,1988618,98
3.534703948,1989980,1362
3.534703948,1990062,82
3.536848341,1991440,1378
3.536848341,1991506,66
3.538912390,1992900,1394
3.538912390,1992950,50
3.540975181,1994360,1410
3.540975181,1994394,34
3.543037972,1995820,1426
3.543037972,1995838,18
3.545100763,1997280,1442
3.545100763,1997282,2
3.547164034,1998734,1452
3.549234451,1998740,6
3.549234451,2000179,1439
3.551298580,2000200,21
3.551298580,2001624,1424
3.553728277,2001660,36
3.553728277,2003069,1409
3.556067031,2003120,51
3.556067031,2004514,1394
3.558405785,2004580,66
3.558405785,2005958,1378
3.560744539,2006040,82
3.560744539,2007402,1362
3.563083293,2007500,98
3.563083293,2008846,1346
3.565512990,2008960,114
3.565512990,2010290,1330
3.567852144,2010420,130
3.567852144,2011734,1314
3.570198077,2011880,146
3.570198077,2013178,1298
3.572536831,2013340,162
3.572536831,2014622,1282
3.574875585,2014800,178
3.574875585,2016066,1266
3.577214339,2016260,194
3.577214339,2017510,1250
3.579553093,2017720,210
3.579553093,2018954,1234
3.581891847,2019180,226
3.581891847,2020398,1218
3.584321544,2020640,242
3.584321544,2021842,1202
3.586660298,2022100,258
3.586660298,2023286,1186
3.588999052,2023560,274
3.588999052,2024730,1170
3.591338206,2025020,290
3.591338206,2026174,1154
3.593684139,2026480,306
3.593684139,2027618,1138
3.596113836,2027940,322
3.596113836,2029062,1122
3.598452590,2029400,338
3.598452590,2030506,1106
3.600791344,2030860,354
3.600791344,2031950,1090
3.603130098,2032320,370
3.603130098,2033394,1074
3.605468852,2033780,386
3.605468852,2034838,1058
3.607898549,2035240,402
3.607898549,2036282,1042
3.610237303,2036700,418
3.610237303,2037726,1026
3.612576457,2038160,434
3.612576457,2039170,1010
3.614922390,2039620,450
3.614922390,2040614,994
3.617261144,2041080,466
3.617261144,2042058,978
3.619599898,2042540,482
3.619599898,2043502,962
3.621938652,2044000,498
3.621938652,2044946,946
3.624277406,2045460,514
3.624277406,2046390,930
3.626707103,2046920,530
3.626707103,2047834,914
3.629045857,2048380,546
3.629045857,2049278,898
3.631384611,2049840,562
3.631384611,2050722,882
3.633723365,2051300,578
3.633723365,2052166,866
3.636062519,2052760,594
3.636062519,2053610,850
3.638499395,2054220,610
3.638499395,2055054,834
3.640838149,2055680,626
3.640838149,2056498,818
3.643176903,2057140,642
3.643176903,2057942,802
3.645515657,2058600,658
3.645515657,2059386,786
3.647854411,2060060,674
3.647854411,2060830,770
3.650193165,2061520,690
3.650193165,2062274,754
3.652418016,2062980,706
3.652418016,2063718,738
3.654642867,2064440,722
3.654642867,2065162,722
3.656954632,2065900,738
3.656954632,2066606,706
3.659186293,2067360,754
3.659186293,2068050,690
3.661411144,2068820,770
3.661411144,2069494,674
3.663635995,2070280,786
3.663635995,2070938,658
3.665860846,2071740,802
3.665860846,2072382,642
3.668172211,2073200,818
3.668172211,2073826,626
3.670397062,2074660,834
3.670397062,2075270,610
3.672621913,2076120,850
3.672621913,2076714,594
3.674846764,2077580,866
3.674846764,2078158,578
3.677071615,2079040,882
3.677071615,2079602,562
3.679296866,2080500,898
3.679296866,2081046,546
3.681528527,2081960,914
3.681528527,2082490,530
3.683753378,2083420,930
3.683753378,2083934,514
3.686064743,2084880,946
3.686064743,2085378,498
3.688289594,2086340,962
3.688289594,2086822,482
3.690514445,2087800,978
3.690514445,2088266,466
3.692739296,2089260,994
3.692739296,2089710,450
3.694964147,2090720,1010
3.694964147,2091154,434
3.697275512,2092180,1026
3.697275512,2092598,418
3.699500763,2093640,1042
3.699500763,2094042,402
3.701732424,2095100,1058
3.701732424,2095486,386
3.703957275,2096560,1074
3.703957275,2096930,370
3.706182126,2098020,1090
3.706182126,2098374,354
3.708493491,2099480,1106
3.708493491,2099818,338
3.710718342,2100940,1122
3.710718342,2101262,322
3.712943193,2102400,1138
3.712943193,2102706,306
3.715168044,2103860,1154
3.715168044,2104150,290
3.717392895,2105320,1170
3.717392895,2105594,274
3.719617746,2106780,1186
3.719617746,2107038,258
3.721842997,2108240,1202
3.721842997,2108482,242
3.724074658,2109700,1218
3.724074658,2109926,226
3.726386023,2111160,1234
3.726386023,2111370,210
3.728610874,2112620,1250
3.728610874,2112814,194
3.730835725,2114080,1266
3.730835725,2114258,178
3.733060576,2115540,1282
3.733060576,2115702,162
3.735285427,2117000,1298
3.735285427,2117146,146
3.737596792,2118460,1314
3.737596792,2118590,130
3.739821643,2119920,1330
3.739821643,2120034,114
3.742046894,2121380,1346
3.742046894,2121478,98
3.744278555,2122840,1362
3.744278555,2122922,82
3.746503406,2124300,1378
3.746503406,2124366,66
3.748728177,2125760,1394
3.748728177,2125810,50
3.750951587,2127220,1410
3.750951587,2127254,34
3.753177836,2128680,1426
3.753177836,2128698,18
3.755490709,2130140,1442
3.755490709,2130142,2
3.757717038,2131594,1452
3.759944731,2131600,6
3.759944731,2133039,1439
3.762172424,2133060,21
3.762172424,2134484,1424
3.764400517,2134520,36
3.764400517,2135929,1409
3.766721653,2135980,51
3.766721653,2137374,1394
3.768949346,2137440,66
3.768949346,2138818,1378
3.771177039,2138900,82
3.771177039,2140262,1362
3.773404732,2140360,98
3.773404732,2141706,1346
3.775632425,2141820,114
3.775632425,2143150,1330
3.777860118,2143280,130
3.777860118,2144594,1314
3.780087811,2144740,146
3.780087811,2146038,1298
3.782315504,2146200,162
3.782315504,2147482,1282
3.784630221,2147660,178
3.784630221,2148926,1266
3.786864733,2149120,194
3.786864733,2150370,1250
3.789092426,2150580,210
3.789092426,2151814,1234
3.791320119,2152040,226
3.791320119,2153258,1218
3.793547812,2153500,242
3.793547812,2154702,1202
3.795862129,2154960,258
3.795862129,2156146,1186
3.798089822,2156420,274
3.798089822,2157590,1170
3.800317515,2157880,290
3.800317515,2159034,1154
3.802545208,2159340,306
3.802545208,2160478,1138
3.804772901,2160800,322
3.804772901,2161922,1122
3.807094437,2162260,338
3.807094437,2163366,1106
3.809322130,2163720,354
3.809322130,2164810,1090
3.811549823,2165180,370
3.811549823,2166254,1074
3.813777516,2166640,386
3.813777516,2167698,1058
3.816005209,2168100,402
3.816005209,2169142,1042
3.818232902,2169560,418
3.818232902,2170586,1026
3.820460595,2171020,434
3.820460595,2172030,1010
3.822688288,2172480,450
3.822688288,2173474,994
3.824915981,2173940,466
3.824915981,2174918,978
3.827230698,2175400,482
3.827230698,2176362,962
3.829465210,2176860,498
3.829465210,2177806,946
3.831692903,2178320,514
3.831692903,2179250,930
3.833920596,2179780,530
3.833920596,2180694,914
3.836148289,2181240,546
3.836148289,2182138,898
3.838462606,2182700,562
3.838462606,2183582,882
3.840690299,2184160,578
3.840690299,2185026,866
3.842917992,2185620,594
3.842917992,2186470,850
3.845145685,2187080,610
3.845145685,2187914,834
3.847373378,2188540,626
3.847373378,2189358,818
3.849601471,2190000,642
3.849601471,2190802,802
3.851835983,2191460,658
3.851835983,2192246,786
3.854107182,2192920,674
3.854107182,2193690,770
3.856466697,2194380,690
3.856466697,2195134,754
3.858737896,2195840,706
3.858737896,2196578,738
3.861009095,2197300,722
3.861009095,2198022,722
3.863280294,2198760,738
3.863280294,2199466,706
3.865551493,2200220,754
3.865551493,2200910,690
3.867911008,2201680,770
3.867911008,2202354,674
3.870182607,2203140,786
3.870182607,2203798,658
3.872460766,2204600,802
3.872460766,2205242,642
3.874731965,2206060,818
3.874731965,2206686,626
3.877003164,2207520,834
3.877003164,2208130,610
3.879362679,2208980,850
3.879362679,2209574,594
3.881633878,2210440,866
3.881633878,2211018,578
3.883905077,2211900,882
3.883905077,2212462,562
3.886176276,2213360,898
3.886176276,2213906,546
3.888447475,2214820,914
3.888447475,2215350,530
3.890718674,2216280,930
3.890718674,2216794,514
3.892990273,2217740,946
3.892990273,2218238,498
3.895268432,2219200,962
3.895268432,2219682,482
3.897627947,2220660,978
3.897627947,2221126,466
3.899899146,2222120,994
3.899899146,2222570,450
3.902170345,2223580,1010
3.902170345,2224014,434
3.904441544,2225040,1026
3.904441544,2225458,418
3.906712743,2226500,1042
3.906712743,2226902,402
3.909072258,2227960,1058
3.909072258,2228346,386
3.911343457,2229420,1074
3.911343457,2229790,370
3.913615056,2230880,1090
3.913615056,2231234,354
3.915893215,2232340,1106
3.915893215,2232678,338
3.918164414,2233800,1122
3.918164414,2234122,322
3.920435613,2235260,1138
3.920435613,2235566,306
3.922706812,2236720,1154
3.922706812,2237010,290
3.924978011,2238180,1170
3.924978011,2238454,274
3.927337526,2239640,1186
3.927337526,2239898,258
3.929608725,2241100,1202
3.929608725,2241342,242
3.931879924,2242560,1218
3.931879924,2242786,226
3.934151123,2244020,1234
3.934151123,2244230,210
3.936422722,2245480,1250
3.936422722,2245674,194
3.938789197,2246940,1266
3.938789197,2247118,178
3.941060396,2248400,1282
3.941060396,2248562,162
3.943331595,2249860,1298
3.943331595,2250006,146
3.945602794,2251320,1314
3.945602794,2251450,130
3.947873993,2252780,1330
3.947873993,2252894,114
3.950145192,2254240,1346
3.950145192,2254338,98
3.952476306,2255700,1362
3.952476306,2255782,82
3.954807420,2257160,1378
3.954807420,2257226,66
3.957229500,2258620,1394
3.957229500,2258670,50
3.959566257,2260080,1410
3.959566257,2260114,34
3.961895860,2261540,1426
3.961895860,2261558,18
3.964225463,2263000,1442
3.964225463,2263002,2
3.966555146,2264454,1452
3.968976906,2264460,6
3.968976906,2265899,1439
3.971308020,2265920,21
3.971308020,2267344,1424
3.973639134,2267380,36
3.973639134,2268789,1409
3.975970248,2268840,51
3.975970248,2270234,1394
3.978301362,2270300,66
3.978301362,2271678,1378
3.980730675,2271760,82
3.980730675,2273122,1362
3.983061789,2273220,98
3.983061789,2274566,1346
3.985392903,2274680,114
3.985392903,2276010,1330
3.987724017,2276140,130
3.987724017,2277454,1314
3.990055131,2277600,146
3.990055131,2278898,1298
3.992386245,2279060,162
3.992386245,2280342,1282
3.994717359,2280520,178
3.994717359,2281786,1266
3.997048473,2281980,194
3.997048473,2283230,1250
3.999470233,2283440,210
3.999470233,2284674,1234
4.001801747,2284900,226
4.001801747,2286118,1218
4.004140015,2286360,242
4.004140015,2287562,1202
4.006471129,2287820,258
4.006471129,2289006,1186
4.008802243,2289280,274
4.008802243,2290450,1170
4.011224003,2290740,290
4.011224003,2291894,1154
4.013555117,2292200,306
4.013555117,2293338,1138
4.015886231,2293660,322
4.015886231,2294782,1122
4.018217345,2295120,338
4.018217345,2296226,1106
4.020548459,2296580,354
4.020548459,2297670,1090
4.022879573,2298040,370
4.022879573,2299114,1074
4.025211087,2299500,386
4.025211087,2300558,1058
4.027549355,2300960,402
4.027549355,2302002,1042
4.029971115,2302420,418
4.029971115,2303446,1026
4.032302229,2303880,434
4.032302229,2304890,1010
4.034633343,2305340,450
4.034633343,2306334,994
4.036964457,2306800,466
4.036964457,2307778,978
4.039295571,2308260,482
4.039295571,2309222,962
4.041717331,2309720,498
4.041717331,2310666,946
4.044048445,2311180,514
4.044048445,2312110,930
4.046379959,2312640,530
4.046379959,2313554,914
4.048718227,2314100,546
4.048718227,2314998,898
4.051049341,2315560,562
4.051049341,2316442,882
4.053242911,2317020,578
4.053242911,2317886,866
4.055436481,2318480,594
4.055436481,2319330,850
4.057630051,2319940,610
4.057630051,2320774,834
4.059908918,2321400,626
4.059908918,2322218,818
4.062102488,2322860,642
4.062102488,2323662,802
4.064296058,2324320,658
4.064296058,2325106,786
4.066489628,2325780,674
4.066489628,2326550,770
4.068683598,2327240,690
4.068683598,2327994,754
4.070969173,2328700,706
4.070969173,2329438,738
4.073162743,2330160,722
4.073162743,2330882,722
4.075356313,2331620,738
4.075356313,2332326,706
4.077549883,2333080,754
4.077549883,2333770,690
4.079743453,2334540,770
4.079743453,2335214,674
4.082022320,2336000,786
4.082022320,2336658,658
4.084215890,2337460,802
4.084215890,2338102,642
4.086409460,2338920,818
4.086409460,2339546,626
4.088603430,2340380,834
4.088603430,2340990,610
4.090803708,2341840,850
4.090803708,2342434,594
4.092997278,2343300,866
4.092997278,2343878,578
4.095190848,2344760,882
4.095190848,2345322,562
4.097384418,2346220,898
4.097384418,2346766,546
4.099663285,2347680,914
4.099663285,2348210,530
4.101856855,2349140,930
4.101856855,2349654,514
4.104050425,2350600,946
4.104050425,2351098,498
4.106243995,2352060,962
4.106243995,2352542,482
4.108437565,2353520,978
4.108437565,2353986,466
4.110723540,2354980,994
4.110723540,2355430,450
4.112917110,2356440,1010
4.112917110,2356874,434
4.115110680,2357900,1026
4.115110680,2358318,418
4.117304250,2359360,1042
4.117304250,2359762,402
4.119497820,2360820,1058
4.119497820,2361206,386
4.121691390,2362280,1074
4.121691390,2362650,370
4.123884960,2363740,1090
4.123884960,2364094,354
4.126078530,2365200,1106
4.126078530,2365538,338
4.128357397,2366660,1122
4.128357397,2366982,322
4.130551367,2368120,1138
4.130551367,2368426,306
4.132751645,2369580,1154
4.132751645,2369870,290
4.134945215,2371040,1170
4.134945215,2371314,274
4.137138785,2372500,1186
4.137138785,2372758,258
4.139417652,2373960,1202
4.139417652,2374202,242
4.141611222,2375420,1218
4.141611222,2375646,226
4.143804792,2376880,1234
4.143804792,2377090,210
4.145998362,2378340,1250
4.145998362,2378534,194
4.148191932,2379800,1266
4.148191932,2379978,178
4.150385502,2381260,1282
4.150385502,2381422,162
4.152617664,2382720,1298
4.152617664,2382866,146
4.154856258,2384180,1314
4.154856258,2384310,130
4.157174802,2385640,1330
4.157174802,2385754,114
4.159406564,2387100,1346
4.159406564,2387198,98
4.161638326,2388560,1362
4.161638326,2388642,82
4.163870088,2390020,1378
4.163870088,2390086,66
4.166101770,2391480,1394
4.166101770,2391530,50
4.168418868,2392940,1410
4.168418868,2392974,34
4.170649184,2394400,1426
4.170649184,2394418,18
4.172879900,2395860,1442
4.172879900,2395862,2
4.175117128,2397314,1452
4.177348890,2397320,6
4.177348890,2398759,1439
4.179667434,2398780,21
4.179667434,2400204,1424
4.181899196,2400240,36
4.181899196,2401649,1409
4.184130958,2401700,51
4.184130958,2403094,1394
4.186362720,2403160,66
4.186362720,2404538,1378
4.188594482,2404620,82
4.188594482,2405982,1362
4.190826244,2406080,98
4.190826244,2407426,1346
4.193058006,2407540,114
4.193058006,2408870,1330
4.195290168,2409000,130
4.195290168,2410314,1314
4.197615544,2410460,146
4.197615544,2411758,1298
4.199847306,2411920,162
4.199847306,2413202,1282
4.202079068,2413380,178
4.202079068,2414646,1266
4.204310830,2414840,194
4.204310830,2416090,1250
4.206542592,2416300,210
4.206542592,2417534,1234
4.208861136,2417760,226
4.208861136,2418978,1218
4.211092898,2419220,242
4.211092898,2420422,1202
4.213324660,2420680,258
4.213324660,2421866,1186
4.215556822,2422140,274
4.215556822,2423310,1170
4.217795416,2423600,290
4.217795416,2424754,1154
4.220027178,2425060,306
4.220027178,2426198,1138
4.222258940,2426520,322
4.222258940,2427642,1122
4.224490702,2427980,338
4.224490702,2429086,1106
4.226809246,2429440,354
4.226809246,2430530,1090
4.229041008,2430900,370
4.229041008,2431974,1074
4.231272770,2432360,386
4.231272770,2433418,1058
4.233504532,2433820,402
4.233504532,2434862,1042
4.235736294,2435280,418
4.235736294,2436306,1026
4.238062070,2436740,434
4.238062070,2437750,1010
4.240293832,2438200,450
4.240293832,2439194,994
4.242525594,2439660,466
4.242525594,2440638,978
4.244757356,2441120,482
4.244757356,2442082,962
4.246989118,2442580,498
4.246989118,2443526,946
4.249307662,2444040,514
4.249307662,2444970,930
4.251539424,2445500,530
4.251539424,2446414,914
4.253737019,2446960,546
4.253737019,2447858,898
4.255934614,2448420,562
4.255934614,2449302,882
4.258132609,2449880,578
4.258132609,2450746,866
4.260336925,2451340,594
4.260336925,2452190,850
4.262534520,2452800,610
4.262534520,2453634,834
4.264732115,2454260,626
4.264732115,2455078,818
4.267015164,2455720,642
4.267015164,2456522,802
4.269212759,2457180,658
4.269212759,2457966,786
4.271410354,2458640,674
4.271410354,2459410,770
4.273607949,2460100,690
4.273607949,2460854,754
4.275805544,2461560,706
4.275805544,2462298,738
4.278003139,2463020,722
4.278003139,2463742,722
4.280293309,2464480,738
4.280293309,2465186,706
4.282490904,2465940,754
4.282490904,2466630,690
4.284688499,2467400,770
4.284688499,2468074,674
4.286886094,2468860,786
4.286886094,2469518,658
4.289083689,2470320,802
4.289083689,2470962,642
4.291281284,2471780,818
4.291281284,2472406,626
4.293478879,2473240,834
4.293478879,2473850,610
4.295676474,2474700,850
4.295676474,2475294,594
4.297959523,2476160,866
4.297959523,2476738,578
4.300157518,2477620,882
4.300157518,2478182,562
4.302361834,2479080,898
4.302361834,2479626,546
4.304559429,2480540,914
4.304559429,2481070,530
4.306757024,2482000,930
4.306757024,2482514,514
4.309040073,2483460,946
4.309040073,2483958,498
4.311237668,2484920,962
4.311237668,2485402,482
4.313435263,2486380,978
4.313435263,2486846,466
4.315632858,2487840,994
4.315632858,2488290,450
4.317830453,2489300,1010
4.317830453,2489734,434
4.320028048,2490760,1026
4.320028048,2491178,418
4.322226043,2492220,1042
4.322226043,2492622,402
4.324430359,2493680,1058
4.324430359,2494066,386
4.326713408,2495140,1074
4.326713408,2495510,370
4.328911003,2496600,1090
4.328911003,2496954,354
4.331108598,2498060,1106
4.331108598,2498398,338
4.333306193,2499520,1122
4.333306193,2499842,322
4.335503788,2500980,1138
4.335503788,2501286,306
4.337786837,2502440,1154
4.337786837,2502730,290
4.339984432,2503900,1170
4.339984432,2504174,274
4.342182427,2505360,1186
4.342182427,2505618,258
4.344386743,2506820,1202
4.344386743,2507062,242
4.346584338,2508280,1218
4.346584338,2508506,226
4.348867387,2509740,1234
4.348867387,2509950,210
4.351064982,2511200,1250
4.351064982,2511394,194
4.353204754,2512660,1266
4.353204754,2512838,178
4.355344526,2514120,1282
4.355344526,2514282,162
4.357484298,2515580,1298
4.357484298,2515726,146
4.359624070,2517040,1314
4.359624070,2517170,130
4.361763842,2518500,1330
4.361763842,2518614,114
4.363904014,2519960,1346
4.363904014,2520058,98
4.366133525,2521420,1362
4.366133525,2521502,82
4.368273297,2522880,1378
4.368273297,2522946,66
4.370412989,2524340,1394
4.370412989,2524390,50
4.372551374,2525800,1410
4.372551374,2525834,34
4.374689759,2527260,1426
4.374689759,2527278,18
4.376911349,2528720,1442
4.376911349,2528722,2
4.379049814,2530174,1452
4.381189586,2530180,6
4.381189586,2531619,1439
4.383329758,2531640,21
4.383329758,2533064,1424
4.385476064,2533100,36
4.385476064,2534509,1409
4.387615836,2534560,51
4.387615836,2535954,1394
4.389755608,2536020,66
4.389755608,2537398,1378
4.391895380,2537480,82
4.391895380,2538842,1362
4.394118357,2538940,98
4.394118357,2540286,1346
4.396258129,2540400,114
4.396258129,2541730,1330
4.398397901,2541860,130
4.398397901,2543174,1314
4.400537673,2543320,146
4.400537673,2544618,1298
4.402677445,2544780,162
4.402677445,2546062,1282
4.404907356,2546240,178
4.404907356,2547506,1266
4.407047128,2547700,194
4.407047128,2548950,1250
4.409186900,2549160,210
4.409186900,2550394,1234
4.411326672,2550620,226
4.411326672,2551838,1218
4.413466444,2552080,242
4.413466444,2553282,1202
4.415606216,2553540,258
4.415606216,2554726,1186
4.417745988,2555000,274
4.417745988,2556170,1170
4.419885760,2556460,290
4.419885760,2557614,1154
4.422108737,2557920,306
4.422108737,2559058,1138
4.424248909,2559380,322
4.424248909,2560502,1122
4.426395215,2560840,338
4.426395215,2561946,1106
4.428534987,2562300,354
4.428534987,2563390,1090
4.430674759,2563760,370
4.430674759,2564834,1074
4.432897736,2565220,386
4.432897736,2566278,1058
4.435037508,2566680,402
4.435037508,2567722,1042
4.437177280,2568140,418
4.437177280,2569166,1026
4.439317052,2569600,434
4.439317052,2570610,1010
4.441456824,2571060,450
4.441456824,2572054,994
4.443680201,2572520,466
4.443680201,2573498,978
4.445826507,2573980,482
4.445826507,2574942,962
4.447966279,2575440,498
4.447966279,2576386,946
4.450106051,2576900,514
4.450106051,2577830,930
4.452180032,2578360,530
4.452180032,2579274,914
4.454252217,2579820,546
4.454252217,2580718,898
4.456324402,2581280,562
4.456324402,2582162,882
4.458396587,2582740,578
4.458396587,2583606,866
4.460549349,2584200,594
4.460549349,2585050,850
4.462621534,2585660,610
4.462621534,2586494,834
4.464694119,2587120,626
4.464694119,2587938,818
4.466772619,2588580,642
4.466772619,2589382,802
4.468844804,2590040,658
4.468844804,2590826,786
4.470997566,2591500,674
4.470997566,2592270,770
4.473069751,2592960,690
4.473069751,2593714,754
4.475141936,2594420,706
4.475141936,2595158,738
4.477214121,2595880,722
4.477214121,2596602,722
4.479286306,2597340,738
4.479286306,2598046,706
4.481358491,2598800,754
4.481358491,2599490,690
4.483430676,2600260,770
4.483430676,2600934,674
4.485503261,2601720,786
4.485503261,2602378,658
4.487662338,2603180,802
4.487662338,2603822,642
4.489734523,2604640,818
4.489734523,2605266,626
4.491806708,2606100,834
4.491806708,2606710,610
4.493878893,2607560,850
4.493878893,2608154,594
4.495951078,2609020,866
4.495951078,2609598,578
4.498103840,2610480,882
4.498103840,2611042,562
4.500176025,2611940,898
4.500176025,2612486,546
4.502248210,2613400,914
4.502248210,2613930,530
4.504320795,2614860,930
4.504320795,2615374,514
4.506399295,2616320,946
4.506399295,2616818,498
4.508471480,2617780,962
4.508471480,2618262,482
4.510543665,2619240,978
4.510543665,2619706,466
4.512615850,2620700,994
4.512615850,2621150,450
4.514768612,2622160,1010
4.514768612,2622594,434
4.516840797,2623620,1026
4.516840797,2624038,418
4.518912982,2625080,1042
4.518912982,2625482,402
4.520985167,2626540,1058
4.520985167,2626926,386
4.523057352,2628000,1074
4.523057352,2628370,370
4.525216829,2629460,1090
4.525216829,2629814,354
4.527289014,2630920,1106
4.527289014,2631258,338
4.529361199,2632380,1122
4.529361199,2632702,322
4.531433384,2633840,1138
4.531433384,2634146,306
4.533505569,2635300,1154
4.533505569,2635590,290
4.535658331,2636760,1170
4.535658331,2637034,274
4.537730516,2638220,1186
4.537730516,2638478,258
4.539802701,2639680,1202
4.539802701,2639922,242
4.541874886,2641140,1218
4.541874886,2641366,226
4.543947471,2642600,1234
4.543947471,2642810,210
4.546025971,2644060,1250
4.546025971,2644254,194
4.548098156,2645520,1266
4.548098156,2645698,178
4.550170341,2646980,1282
4.550170341,2647142,162
4.552707852,2648440,1298
4.552707852,2648586,146
4.555150385,2649900,1314
4.555150385,2650030,130
4.557592918,2651360,1330
4.557592918,2651474,114
4.560035451,2652820,1346
4.560035451,2652918,98
4.562477984,2654280,1362
4.562477984,2654362,82
4.565015895,2655740,1378
4.565015895,2655806,66
4.567465862,2657200,1394
4.567465862,2657250,50
4.569906812,2658660,1410
4.569906812,2658694,34
4.572347762,2660120,1426
4.572347762,2660138,18
4.574788712,2661580,1442
4.574788712,2661582,2
4.577229742,2663034,1452
4.579672275,2663040,6
4.579672275,2664479,1439
4.582114808,2664500,21
4.582114808,2665924,1424
4.584652319,2665960,36
4.584652319,2667369,1409
4.587094852,2667420,51
4.587094852,2668814,1394
4.589537785,2668880,66
4.589537785,2670258,1378
4.591987832,2670340,82
4.591987832,2671702,1362
4.594430365,2671800,98
4.594430365,2673146,1346
4.596967876,2673260,114
4.596967876,2674590,1330
4.599410409,2674720,130
4.599410409,2676034,1314
4.601852942,2676180,146
4.601852942,2677478,1298
4.604295475,2677640,162
4.604295475,2678922,1282
4.606738008,2679100,178
4.606738008,2680366,1266
4.609180541,2680560,194
4.609180541,2681810,1250
4.611623074,2682020,210
4.611623074,2683254,1234
4.614066007,2683480,226
4.614066007,2684698,1218
4.616611032,2684940,242
4.616611032,2686142,1202
4.619053565,2686400,258
4.619053565,2687586,1186
4.621496098,2687860,274
4.621496098,2689030,1170
4.623938631,2689320,290
4.623938631,2690474,1154
4.626381164,2690780,306
4.626381164,2691918,1138
4.628918675,2692240,322
4.628918675,2693362,1122
4.631361208,2693700,338
4.631361208,2694806,1106
4.633803741,2695160,354
4.633803741,2696250,1090
4.636246674,2696620,370
4.636246674,2697694,1074
4.638696721,2698080,386
4.638696721,2699138,1058
4.641234232,2699540,402
4.641234232,2700582,1042
4.643676765,2701000,418
4.643676765,2702026,1026
4.646119298,2702460,434
4.646119298,2703470,1010
4.648561831,2703920,450
4.648561831,2704914,994
4.651004364,2705380,466
4.651004364,2706358,978
4.653142738,2706840,482
4.653142738,2707802,962
4.655281112,2708300,498
4.655281112,2709246,946
4.657419486,2709760,514
4.657419486,2710690,930
4.659647940,2711220,530
4.659647940,2712134,914
4.661786314,2712680,546
4.661786314,2713578,898
4.663924688,2714140,562
4.663924688,2715022,882
4.666063062,2715600,578
4.666063062,2716466,866
4.668201436,2717060,594
4.668201436,2717910,850
4.670422961,2718520,610
4.670422961,2719354,834
4.672561335,2719980,626
4.672561335,2720798,818
4.674699709,2721440,642
4.674699709,2722242,802
4.676838083,2722900,658
4.676838083,2723686,786
4.678976857,2724360,674
4.678976857,2725130,770
4.681121760,2725820,690
4.681121760,2726574,754
4.683260134,2727280,706
4.683260134,2728018,738
4.685398508,2728740,722
4.685398508,2729462,722
4.687620033,2730200,738
4.687620033,2730906,706
4.689758407,2731660,754
4.689758407,2732350,690
4.691896781,2733120,770
4.691896781,2733794,674
4.694035155,2734580,786
4.694035155,2735238,658
4.696173529,2736040,802
4.696173529,2736682,642
4.698395454,2737500,818
4.698395454,2738126,626
4.700540357,2738960,834
4.700540357,2739570,610
4.702678731,2740420,850
4.702678731,2741014,594
4.704817105,2741880,866
4.704817105,2742458,578
4.706955479,2743340,882
4.706955479,2743902,562
4.709177004,2744800,898
4.709177004,2745346,546
4.711315378,2746260,914
4.711315378,2746790,530
4.713453752,2747720,930
4.713453752,2748234,514
4.715592126,2749180,946
4.715592126,2749678,498
4.717730500,2750640,962
4.717730500,2751122,482
4.719869274,2752100,978
4.719869274,2752566,466
4.722014177,2753560,994
4.722014177,2754010,450
4.724152551,2755020,1010
4.724152551,2755454,434
4.726290925,2756480,1026
4.726290925,2756898,418
4.728512450,2757940,1042
4.728512450,2758342,402
4.730650824,2759400,1058
4.730650824,2759786,386
4.732789198,2760860,1074
4.732789198,2761230,370
4.734927572,2762320,1090
4.734927572,2762674,354
4.737065946,2763780,1106
4.737065946,2764118,338
4.739287871,2765240,1122
4.739287871,2765562,322
4.741432774,2766700,1138
4.741432774,2767006,306
4.743571148,2768160,1154
4.743571148,2768450,290
4.745709522,2769620,1170
4.745709522,2769894,274
4.747847896,2771080,1186
4.747847896,2771338,258
4.749986270,2772540,1202
4.749986270,2772782,242
4.752124644,2774000,1218
4.752124644,2774226,226
4.754364188,2775460,1234
4.754364188,2775670,210
4.756690817,2776920,1250
4.756690817,2777114,194
4.758930361,2778380,1266
4.758930361,2778558,178
4.761170305,2779840,1282
4.761170305,2780002,162
4.763416706,2781300,1298
4.763416706,2781446,146
4.765656250,2782760,1314
4.765656250,2782890,130
4.767982879,2784220,1330
4.767982879,2784334,114
4.770222423,2785680,1346
4.770222423,2785778,98
4.772461967,2787140,1362
4.772461967,2787222,82
4.774701511,2788600,1378
4.774701511,2788666,66
4.776940975,2790060,1394
4.776940975,2790110,50
4.779179067,2791520,1410
4.779179067,2791554,34
4.781417159,2792980,1426
4.781417159,2792998,18
4.783655651,2794440,1442
4.783655651,2794442,2
4.785987766,2795894,1452
4.788227310,2795900,6
4.788227310,2797339,1439
4.790466854,2797360,21
4.790466854,2798784,1424
4.792706398,2798820,36
4.792706398,2800229,1409
4.794945942,2800280,51
4.794945942,2801674,1394
4.797272571,2801740,66
4.797272571,2803118,1378
4.799512115,2803200,82
4.799512115,2804562,1362
4.801751659,2804660,98
4.801751659,2806006,1346
4.803991603,2806120,114
4.803991603,2807450,1330
4.806238004,2807580,130
4.806238004,2808894,1314
4.808564633,2809040,146
4.808564633,2810338,1298
4.810804177,2810500,162
4.810804177,2811782,1282
4.813043721,2811960,178
4.813043721,2813226,1266
4.815283265,2813420,194
4.815283265,2814670,1250
4.817522809,2814880,210
4.817522809,2816114,1234
4.819762353,2816340,226
4.819762353,2817558,1218
4.822001897,2817800,242
4.822001897,2819002,1202
4.824241441,2819260,258
4.824241441,2820446,1186
4.826575327,2820720,274
4.826575327,2821890,1170
4.828814871,2822180,290
4.828814871,2823334,1154
4.831054415,2823640,306
4.831054415,2824778,1138
4.833293959,2825100,322
4.833293959,2826222,1122
4.835533503,2826560,338
4.835533503,2827666,1106
4.837860132,2828020,354
4.837860132,2829110,1090
4.840099676,2829480,370
4.840099676,2830554,1074
4.842339220,2830940,386
4.842339220,2831998,1058
4.844578764,2832400,402
4.844578764,2833442,1042
4.846818708,2833860,418
4.846818708,2834886,1026
4.849065109,2835320,434
4.849065109,2836330,1010
4.851304653,2836780,450
4.851304653,2837774,994
4.853460581,2838240,466
4.853460581,2839218,978
4.855700342,2839700,482
4.855700342,2840662,962
4.857856270,2841160,498
4.857856270,2842106,946
4.860012198,2842620,514
4.860012198,2843550,930
4.862168126,2844080,530
4.862168126,2844994,914
4.864324054,2845540,546
4.864324054,2846438,898
4.866564215,2847000,562
4.866564215,2847882,882
4.868726729,2848460,578
4.868726729,2849326,866
4.870882657,2849920,594
4.870882657,2850770,850
4.873038585,2851380,610
4.873038585,2852214,834
4.875194513,2852840,626
4.875194513,2853658,818
4.877350441,2854300,642
4.877350441,2855102,802
4.879506369,2855760,658
4.879506369,2856546,786
4.881662297,2857220,674
4.881662297,2857990,770
4.883902058,2858680,690
4.883902058,2859434,754
4.886057986,2860140,706
4.886057986,2860878,738
4.888214314,2861600,722
4.888214314,2862322,722
4.890376828,2863060,738
4.890376828,2863766,706
4.892532756,2864520,754
4.892532756,2865210,690
4.894688684,2865980,770
4.894688684,2866654,674
4.896928445,2867440,786
4.896928445,2868098,658
4.899084373,2868900,802
4.899084373,2869542,642
4.901240301,2870360,818
4.901240301,2870986,626
4.903396229,2871820,834
4.903396229,2872430,610
4.905552157,2873280,850
4.905552157,2873874,594
4.907792318,2874740,866
4.907792318,2875318,578
4.909954832,2876200,882
4.909954832,2876762,562
4.912110760,2877660,898
4.912110760,2878206,546
4.914266688,2879120,914
4.914266688,2879650,530
4.916422616,2880580,930
4.916422616,2881094,514
4.918578544,2882040,946
4.918578544,2882538,498
4.920734472,2883500,962
4.920734472,2883982,482
4.922890400,2884960,978
4.922890400,2885426,466
4.925130161,2886420,994
4.925130161,2886870,450
4.927286089,2887880,1010
4.927286089,2888314,434
4.929442417,2889340,1026
4.929442417,2889758,418
4.931604931,2890800,1042
4.931604931,2891202,402
4.933760859,2892260,1058
4.933760859,2892646,386
4.936000620,2893720,1074
4.936000620,2894090,370
4.938156548,2895180,1090
4.938156548,2895534,354
4.940312476,2896640,1106
4.940312476,2896978,338
4.942468404,2898100,1122
4.942468404,2898422,322
4.944624332,2899560,1138
4.944624332,2899866,306
4.946780260,2901020,1154
4.946780260,2901310,290
4.948936188,2902480,1170
4.948936188,2902754,274
4.951092516,2903940,1186
4.951092516,2904198,258
4.953418678,2905400,1202
4.953418678,2905642,242
4.955651194,2906860,1218
4.955651194,2907086,226
4.957883710,2908320,1234
4.957883710,2908530,210
4.960116226,2909780,1250
4.960116226,2909974,194
4.962348742,2911240,1266
4.962348742,2911418,178
4.964668070,2912700,1282
4.964668070,2912862,162
4.966900586,2914160,1298
4.966900586,2914306,146
4.969133102,2915620,1314
4.969133102,2915750,130
4.971366018,2917080,1330
4.971366018,2917194,114
4.973605368,2918540,1346
4.973605368,2918638,98
4.975837884,2920000,1362
4.975837884,2920082,82
4.978070400,2921460,1378
4.978070400,2921526,66
4.980389648,2922920,1394
4.980389648,2922970,50
4.982620717,2924380,1410
4.982620717,2924414,34
4.984851786,2925840,1426
4.984851786,2925858,18
4.987082855,2927300,1442
4.987082855,2927302,2
4.989314004,2928754,1452
4.991546520,2928760,6
4.991546520,2930199,1439
4.993873082,2930220,21
4.993873082,2931644,1424
4.996105598,2931680,36
4.996105598,2933089,1409
4.998338114,2933140,51
4.998338114,2934534,1394
5.000570630,2934600,66
5.000570630,2935978,1378
5.002803146,2936060,82
5.002803146,2937422,1362
5.005122474,2937520,98
5.005122474,2938866,1346
5.007354990,2938980,114
5.007354990,2940310,1330
5.009587506,2940440,130
5.009587506,2941754,1314
5.011820022,2941900,146
5.011820022,2943198,1298
5.014052938,2943360,162
5.014052938,2944642,1282
5.016292288,2944820,178
5.016292288,2946086,1266
5.018524804,2946280,194
5.018524804,2947530,1250
5.020757320,2947740,210
5.020757320,2948974,1234
5.023076648,2949200,226
5.023076648,2950418,1218
5.025309164,2950660,242
5.025309164,2951862,1202
5.027541680,2952120,258
5.027541680,2953306,1186
5.029774196,2953580,274
5.029774196,2954750,1170
5.032006712,2955040,290
5.032006712,2956194,1154
5.034326440,2956500,306
5.034326440,2957638,1138
5.036565790,2957960,322
5.036565790,2959082,1122
5.038798306,2959420,338
5.038798306,2960526,1106
5.041030822,2960880,354
5.041030822,2961970,1090
5.043263338,2962340,370
5.043263338,2963414,1074
5.045495854,2963800,386
5.045495854,2964858,1058
5.047728370,2965260,402
5.047728370,2966302,1042
5.049960886,2966720,418
5.049960886,2967746,1026
5.052280214,2968180,434
5.052280214,2969190,1010
5.054409933,2969640,450
5.054409933,2970634,994
5.056540052,2971100,466
5.056540052,2972078,978
5.058676272,2972560,482
5.058676272,2973522,962
5.060805991,2974020,498
5.060805991,2974966,946
5.063018524,2975480,514
5.063018524,2976410,930
5.065148243,2976940,530
5.065148243,2977854,914
5.067277962,2978400,546
5.067277962,2979298,898
5.069407681,2979860,562
5.069407681,2980742,882
5.071537400,2981320,578
5.071537400,2982186,866
5.073749933,2982780,594
5.073749933,2983630,850
5.075880052,2984240,610
5.075880052,2985074,834
5.078016272,2985700,626
5.078016272,2986518,818
5.080145991,2987160,642
5.080145991,2987962,802
5.082275710,2988620,658
5.082275710,2989406,786
5.084405429,2990080,674
5.084405429,2990850,770
5.086535148,2991540,690
5.086535148,2992294,754
5.088664867,2993000,706
5.088664867,2993738,738
5.090877400,2994460,722
5.090877400,2995182,722
5.093007119,2995920,738
5.093007119,2996626,706
5.095136838,2997380,754
5.095136838,2998070,690
5.097266957,2998840,770
5.097266957,2999514,674
5.099403177,3000300,786
5.099403177,3000958,658
5.101615710,3001760,802
5.101615710,3002402,642
5.103745429,3003220,818
5.103745429,3003846,626
5.105875148,3004680,834
5.105875148,3005290,610
5.108004867,3006140,850
5.108004867,3006734,594
5.110134586,3007600,866
5.110134586,3008178,578
5.112264305,3009060,882
5.112264305,3009622,562
5.114394024,3010520,898
5.114394024,3011066,546
5.116523743,3011980,914
5.116523743,3012510,530
5.118743178,3013440,930
5.118743178,3013954,514
5.120872897,3014900,946
5.120872897,3015398,498
5.123002616,3016360,962
5.123002616,3016842,482
5.125132335,3017820,978
5.125132335,3018286,466
5.127262054,3019280,994
5.127262054,3019730,450
5.129474587,3020740,1010
5.129474587,3021174,434
5.131604306,3022200,1026
5.131604306,3022618,418
5.133734025,3023660,1042
5.133734025,3024062,402
5.135863744,3025120,1058
5.135863744,3025506,386
5.137993863,3026580,1074
5.137993863,3026950,370
5.140130083,3028040,1090
5.140130083,3028394,354
5.142259802,3029500,1106
5.142259802,3029838,338
5.144389521,3030960,1122
5.144389521,3031282,322
5.146602054,3032420,1138
5.146602054,3032726,306
5.148731773,3033880,1154
5.148731773,3034170,290
5.150861492,3035340,1170
5.150861492,3035614,274
5.152987877,3036800,1186
5.152987877,3037058,258
5.155114262,3038260,1202
5.155114262,3038502,242
5.157323732,3039720,1218
5.157323732,3039946,226
5.159456607,3041180,1234
5.159456607,3041390,210
5.161582992,3042640,1250
5.161582992,3042834,194
5.163709377,3044100,1266
5.163709377,3044278,178
5.165835762,3045560,1282
5.165835762,3045722,162
5.168044832,3047020,1298
5.168044832,3047166,146
5.170171217,3048480,1314
5.170171217,3048610,130
5.172297602,3049940,1330
5.172297602,3050054,114
5.174423987,3051400,1346
5.174423987,3051498,98
5.176550372,3052860,1362
5.176550372,3052942,82
5.178677157,3054320,1378
5.178677157,3054386,66
5.180809952,3055780,1394
5.180809952,3055830,50
5.182934959,3057240,1410
5.182934959,3057274,34
5.185059966,3058700,1426
5.185059966,3058718,18
5.187267658,3060160,1442
5.187267658,3060162,2
5.189392745,3061614,1452
5.191519130,3061620,6
5.191519130,3063059,1439
5.193645515,3063080,21
5.193645515,3064504,1424
5.195771900,3064540,36
5.195771900,3065949,1409
5.197981370,3066000,51
5.197981370,3067394,1394
5.200114245,3067460,66
5.200114245,3068838,1378
5.202240630,3068920,82
5.202240630,3070282,1362
5.204367015,3070380,98
5.204367015,3071726,1346
5.206493400,3071840,114
5.206493400,3073170,1330
5.208619785,3073300,130
5.208619785,3074614,1314
5.210746170,3074760,146
5.210746170,3076058,1298
5.212872555,3076220,162
5.212872555,3077502,1282
5.215081625,3077680,178
5.215081625,3078946,1266
5.217208010,3079140,194
5.217208010,3080390,1250
5.219334795,3080600,210
5.219334795,3081834,1234
5.221467670,3082060,226
5.221467670,3083278,1218
5.223594055,3083520,242
5.223594055,3084722,1202
5.225803125,3084980,258
5.225803125,3086166,1186
5.227929510,3086440,274
5.227929510,3087610,1170
5.230055895,3087900,290
5.230055895,3089054,1154
5.232182280,3089360,306
5.232182280,3090498,1138
5.234308665,3090820,322
5.234308665,3091942,1122
5.236435050,3092280,338
5.236435050,3093386,1106
5.238561435,3093740,354
5.238561435,3094830,1090
5.240777395,3095200,370
5.240777395,3096274,1074
5.242903780,3096660,386
5.242903780,3097718,1058
5.245030165,3098120,402
5.245030165,3099162,1042
5.247156550,3099580,418
5.247156550,3100606,1026
5.249282935,3101040,434
5.249282935,3102050,1010
5.251409320,3102500,450
5.251409320,3103494,994
5.253564924,3103960,466
5.253564924,3104938,978
5.255639845,3105420,482
5.255639845,3106382,962
5.257714766,3106880,498
5.257714766,3107826,946
5.259790087,3108340,514
5.259790087,3109270,930
5.261871331,3109800,530
5.261871331,3110714,914
5.264026935,3111260,546
5.264026935,3112158,898
5.266101856,3112720,562
5.266101856,3113602,882
5.268176777,3114180,578
5.268176777,3115046,866
5.270251698,3115640,594
5.270251698,3116490,850
5.272326619,3117100,610
5.272326619,3117934,834
5.274401540,3118560,626
5.274401540,3119378,818
5.276476461,3120020,642
5.276476461,3120822,802
5.278551382,3121480,658
5.278551382,3122266,786
5.280713710,3122940,674
5.280713710,3123710,770
5.282788631,3124400,690
5.282788631,3125154,754
5.284863552,3125860,706
5.284863552,3126598,738
5.286938473,3127320,722
5.286938473,3128042,722
5.289013394,3128780,738
5.289013394,3129486,706
5.291168998,3130240,754
5.291168998,3130930,690
5.293243919,3131700,770
5.293243919,3132374,674
5.295318840,3133160,786
5.295318840,3133818,658
5.297393761,3134620,802
5.297393761,3135262,642
5.299469082,3136080,818
5.299469082,3136706,626
5.301550326,3137540,834
5.301550326,3138150,610
5.303625247,3139000,850
5.303625247,3139594,594
5.305700168,3140460,866
5.305700168,3141038,578
5.307855772,3141920,882
5.307855772,3142482,562
5.309930693,3143380,898
5.309930693,3143926,546
5.312005614,3144840,914
5.312005614,3145370,530
5.314080535,3146300,930
5.314080535,3146814,514
5.316155456,3147760,946
5.316155456,3148258,498
5.318311460,3149220,962
5.318311460,3149702,482
5.320392704,3150680,978
5.320392704,3151146,466
5.322467625,3152140,994
5.322467625,3152590,450
5.324542546,3153600,1010
5.324542546,3154034,434
5.326617467,3155060,1026
5.326617467,3155478,418
5.328692388,3156520,1042
5.328692388,3156922,402
5.330767309,3157980,1058
5.330767309,3158366,386
5.332922913,3159440,1074
5.332922913,3159810,370
5.334997834,3160900,1090
5.334997834,3161254,354
5.337072755,3162360,1106
5.337072755,3162698,338
5.339148076,3163820,1122
5.339148076,3164142,322
5.341229320,3165280,1138
5.341229320,3165586,306
5.343304241,3166740,1154
5.343304241,3167030,290
5.345459845,3168200,1170
5.345459845,3168474,274
5.347534766,3169660,1186
5.347534766,3169918,258
5.349609687,3171120,1202
5.349609687,3171362,242
5.351684608,3172580,1218
5.351684608,3172806,226
5.353816841,3174040,1234
5.353816841,3174250,210
5.356031986,3175500,1250
5.356031986,3175694,194
5.358164619,3176960,1266
5.358164619,3177138,178
5.360303362,3178420,1282
5.360303362,3178582,162
5.362435595,3179880,1298
5.362435595,3180026,146
5.364567828,3181340,1314
5.364567828,3181470,130
5.366700061,3182800,1330
5.366700061,3182914,114
5.368832294,3184260,1346
5.368832294,3184358,98
5.370964527,3185720,1362
5.370964527,3185802,82
5.373179672,3187180,1378
5.373179672,3187246,66
5.375311825,3188640,1394
5.375311825,3188690,50
5.377442677,3190100,1410
5.377442677,3190134,34
5.379573929,3191560,1426
5.379573929,3191578,18
5.381711290,3193020,1442
5.381711290,3193022,2
5.383925134,3194474,1452
5.386057367,3194480,6
5.386057367,3195919,1439
5.388189600,3195940,21
5.388189600,3197364,1424
5.390321833,3197400,36
5.390321833,3198809,1409
5.392454066,3198860,51
5.392454066,3200254,1394
5.394586299,3200320,66
5.394586299,3201698,1378
5.396718532,3201780,82
5.396718532,3203142,1362
5.398850765,3203240,98
5.398850765,3204586,1346
5.401072819,3204700,114
5.401072819,3206030,1330
5.403205052,3206160,130
5.403205052,3207474,1314
5.405337285,3207620,146
5.405337285,3208918,1298
5.407469518,3209080,162
5.407469518,3210362,1282
5.409601751,3210540,178
5.409601751,3211806,1266
5.411816896,3212000,194
5.411816896,3213250,1250
5.413949129,3213460,210
5.413949129,3214694,1234
5.416081362,3214920,226
5.416081362,3216138,1218
5.418213595,3216380,242
5.418213595,3217582,1202
5.420346228,3217840,258
5.420346228,3219026,1186
5.422484971,3219300,274
5.422484971,3220470,1170
5.424617204,3220760,290
5.424617204,3221914,1154
5.426832349,3222220,306
5.426832349,3223358,1138
5.428964582,3223680,322
5.428964582,3224802,1122
5.431096815,3225140,338
5.431096815,3226246,1106
5.433229048,3226600,354
5.433229048,3227690,1090
5.435361281,3228060,370
5.435361281,3229134,1074
5.437493514,3229520,386
5.437493514,3230578,1058
5.439709059,3230980,402
5.439709059,3232022,1042
5.441847802,3232440,418
5.441847802,3233466,1026
5.443980035,3233900,434
5.443980035,3234910,1010
5.446112268,3235360,450
5.446112268,3236354,994
5.448244501,3236820,466
5.448244501,3237798,978
5.450459646,3238280,482
5.450459646,3239242,962
5.452863779,3239740,498
5.452863779,3240686,946
5.455267912,3241200,514
5.455267912,3242130,930
5.457672045,3242660,530
5.457672045,3243574,914
5.460076178,3244120,546
5.460076178,3245018,898
5.462480711,3245580,562
5.462480711,3246462,882
5.464892235,3247040,578
5.464892235,3247906,866
5.467296368,3248500,594
5.467296368,3249350,850
5.469793986,3249960,610
5.469793986,3250794,834
5.472198119,3251420,626
5.472198119,3252238,818
5.474602252,3252880,642
5.474602252,3253682,802
5.477006385,3254340,658
5.477006385,3255126,786
5.479410518,3255800,674
5.479410518,3256570,770
5.481908136,3257260,690
5.481908136,3258014,754
5.484312669,3258720,706
5.484312669,3259458,738
5.486724193,3260180,722
5.486724193,3260902,722
5.489128326,3261640,738
5.489128326,3262346,706
5.491532459,3263100,754
5.491532459,3263790,690
5.493936592,3264560,770
5.493936592,3265234,674
5.496340725,3266020,786
5.496340725,3266678,658
5.498744858,3267480,802
5.498744858,3268122,642
5.501242476,3268940,818
5.501242476,3269566,626
5.503646609,3270400,834
5.503646609,3271010,610
5.506050742,3271860,850
5.506050742,3272454,594
5.508455275,3273320,866
5.508455275,3273898,578
5.510866799,3274780,882
5.510866799,3275342,562
5.513364417,3276240,898
5.513364417,3276786,546
5.515768550,3277700,914
5.515768550,3278230,530
5.518172683,3279160,930
5.518172683,3279674,514
5.520576816,3280620,946
5.520576816,3281118,498
5.522980949,3282080,962
5.522980949,3282562,482
5.525478567,3283540,978
5.525478567,3284006,466
5.527882700,3285000,994
5.527882700,3285450,450
5.530287233,3286460,1010
5.530287233,3286894,434
5.532698757,3287920,1026
5.532698757,3288338,418
5.535102890,3289380,1042
5.535102890,3289782,402
5.537507023,3290840,1058
5.537507023,3291226,386
5.539911156,3292300,1074
5.539911156,3292670,370
5.542315289,3293760,1090
5.542315289,3294114,354
5.544812907,3295220,1106
5.544812907,3295558,338
5.547217040,3296680,1122
5.547217040,3297002,322
5.549621173,3298140,1138
5.549621173,3298446,306
5.552025306,3299600,1154
5.552025306,3299890,290
5.554180040,3301060,1170
5.554180040,3301334,274
5.556424726,3302520,1186
5.556424726,3302778,258
5.558579060,3303980,1202
5.558579060,3304222,242
5.560733394,3305440,1218
5.560733394,3305666,226
5.562887728,3306900,1234
5.562887728,3307110,210
5.565042062,3308360,1250
5.565042062,3308554,194
5.567196396,3309820,1266
5.567196396,3309998,178
5.569350730,3311280,1282
5.569350730,3311442,162
5.571505064,3312740,1298
5.571505064,3312886,146
5.573743569,3314200,1314
5.573743569,3314330,130
5.575904484,3315660,1330
5.575904484,3315774,114
5.578058818,3317120,1346
5.578058818,3317218,98
5.580213152,3318580,1362
5.580213152,3318662,82
5.582367486,3320040,1378
5.582367486,3320106,66
5.584605511,3321500,1394
5.584605511,3321550,50
5.586758448,3322960,1410
5.586758448,3322994,34
5.588911385,3324420,1426
5.588911385,3324438,18
5.591064322,3325880,1442
5.591064322,3325882,2
5.593217339,3327334,1452
5.595372073,3327340,6
5.595372073,3328779,1439
5.597532988,3328800,21
5.597532988,3330224,1424
5.599687322,3330260,36
5.599687322,3331669,1409
5.601925427,3331720,51
5.601925427,3333114,1394
5.604079761,3333180,66
5.604079761,3334558,1378
5.606234095,3334640,82
5.606234095,3336002,1362
5.608388429,3336100,98
5.608388429,3337446,1346
5.610542763,3337560,114
5.610542763,3338890,1330
5.612780868,3339020,130
5.612780868,3340334,1314
5.614935602,3340480,146
5.614935602,3341778,1298
5.617096517,3341940,162
5.617096517,3343222,1282
5.619250851,3343400,178
5.619250851,3344666,1266
5.621405185,3344860,194
5.621405185,3346110,1250
5.623643290,3346320,210
5.623643290,3347554,1234
5.625797624,3347780,226
5.625797624,3348998,1218
5.627951958,3349240,242
5.627951958,3350442,1202
5.630106292,3350700,258
5.630106292,3351886,1186
5.632260626,3352160,274
5.632260626,3353330,1170
5.634414960,3353620,290
5.634414960,3354774,1154
5.636569694,3355080,306
5.636569694,3356218,1138
5.638730609,3356540,322
5.638730609,3357662,1122
5.640884943,3358000,338
5.640884943,3359106,1106
5.643123048,3359460,354
5.643123048,3360550,1090
5.645277382,3360920,370
5.645277382,3361994,1074
5.647431716,3362380,386
5.647431716,3363438,1058
5.649586050,3363840,402
5.649586050,3364882,1042
5.651740384,3365300,418
5.651740384,3366326,1026
5.654261174,3366760,434
5.654261174,3367770,1010
5.656688012,3368220,450
5.656688012,3369214,994
5.659121913,3369680,466
5.659121913,3370658,978
5.661548351,3371140,482
5.661548351,3372102,962
5.663974789,3372600,498
5.663974789,3373546,946
5.666401227,3374060,514
5.666401227,3374990,930
5.668827665,3375520,530
5.668827665,3376434,914
5.671254103,3376980,546
5.671254103,3377878,898
5.673774893,3378440,562
5.673774893,3379322,882
5.676201331,3379900,578
5.676201331,3380766,866
5.678627769,3381360,594
5.678627769,3382210,850
5.681054607,3382820,610
5.681054607,3383654,834
5.683488508,3384280,626
5.683488508,3385098,818
5.686009298,3385740,642
5.686009298,3386542,802
5.688435736,3387200,658
5.688435736,3387986,786
5.690862174,3388660,674
5.690862174,3389430,770
5.693288612,3390120,690
5.693288612,3390874,754
5.695715050,3391580,706
5.695715050,3392318,738
5.698141488,3393040,722
5.698141488,3393762,722
5.700567926,3394500,738
5.700567926,3395206,706
5.703089116,3395960,754
5.703089116,3396650,690
5.705523017,3397420,770
5.705523017,3398094,674
5.707949455,3398880,786
5.707949455,3399538,658
5.710375893,3400340,802
5.710375893,3400982,642
5.712802331,3401800,818
5.712802331,3402426,626
5.715228769,3403260,834
5.715228769,3403870,610
5.717749559,3404720,850
5.717749559,3405314,594
5.720175997,3406180,866
5.720175997,3406758,578
5.722602435,3407640,882
5.722602435,3408202,562
5.725028873,3409100,898
5.725028873,3409646,546
5.727455711,3410560,914
5.727455711,3411090,530
5.729983964,3412020,930
5.729983964,3412534,514
5.732410402,3413480,946
5.732410402,3413978,498
5.734836840,3414940,962
5.734836840,3415422,482
5.737263278,3416400,978
5.737263278,3416866,466
5.739689716,3417860,994
5.739689716,3418310,450
5.742116154,3419320,1010
5.742116154,3419754,434
5.744542592,3420780,1026
5.744542592,3421198,418
5.746969030,3422240,1042
5.746969030,3422642,402
5.749490220,3423700,1058
5.749490220,3424086,386
5.751924121,3425160,1074
5.751924121,3425530,370
5.754374590,3426620,1090
5.754374590,3426974,354
5.756825059,3428080,1106
5.756825059,3428418,338
5.759275528,3429540,1122
5.759275528,3429862,322
5.761821284,3431000,1138
5.761821284,3431306,306
5.764271753,3432460,1154
5.764271753,3432750,290
5.766722222,3433920,1170
5.766722222,3434194,274
5.769172691,3435380,1186
5.769172691,3435638,258
5.771623160,3436840,1202
5.771623160,3437082,242
5.774074029,3438300,1218
5.774074029,3438526,226
5.776532039,3439760,1234
5.776532039,3439970,210
5.778982508,3441220,1250
5.778982508,3441414,194
5.781528264,3442680,1266
5.781528264,3442858,178
5.783978733,3444140,1282
5.783978733,3444302,162
5.786429202,3445600,1298
5.786429202,3445746,146
5.788879671,3447060,1314
5.788879671,3447190,130
5.791330140,3448520,1330
5.791330140,3448634,114
5.793875896,3449980,1346
5.793875896,3450078,98
5.796326765,3451440,1362
5.796326765,3451522,82
5.798784775,3452900,1378
5.798784775,3452966,66
5.801235164,3454360,1394
5.801235164,3454410,50
5.803684045,3455820,1410
5.803684045,3455854,34
5.806132926,3457280,1426
5.806132926,3457298,18
5.808581807,3458740,1442
5.808581807,3458742,2
5.811126055,3460194,1452
5.813576524,3460200,6
5.813576524,3461639,1439
5.816026993,3461660,21
5.816026993,3463084,1424
5.818477462,3463120,36
5.818477462,3464529,1409
5.820928331,3464580,51
5.820928331,3465974,1394
5.823386341,3466040,66
5.823386341,3467418,1378
5.825932097,3467500,82
5.825932097,3468862,1362
5.828382566,3468960,98
5.828382566,3470306,1346
5.830833035,3470420,114
5.830833035,3471750,1330
5.833283504,3471880,130
5.833283504,3473194,1314
5.835733973,3473340,146
5.835733973,3474638,1298
5.838279729,3474800,162
5.838279729,3476082,1282
5.840730198,3476260,178
5.840730198,3477526,1266
5.843181067,3477720,194
5.843181067,3478970,1250
5.845639077,3479180,210
5.845639077,3480414,1234
5.848089546,3480640,226
5.848089546,3481858,1218
5.850540015,3482100,242
5.850540015,3483302,1202
5.852715169,3483560,258
5.852715169,3484746,1186
5.854890323,3485020,274
5.854890323,3486190,1170
5.857150058,3486480,290
5.857150058,3487634,1154
5.859325212,3487940,306
5.859325212,3489078,1138
5.861500366,3489400,322
5.861500366,3490522,1122
5.863675520,3490860,338
5.863675520,3491966,1106
5.865851074,3492320,354
5.865851074,3493410,1090
5.868117457,3493780,370
5.868117457,3494854,1074
5.870292611,3495240,386
5.870292611,3496298,1058
5.872467765,3496700,402
5.872467765,3497742,1042
5.874642919,3498160,418
5.874642919,3499186,1026
5.876818073,3499620,434
5.876818073,3500630,1010
5.878993227,3501080,450
5.878993227,3502074,994
5.881168381,3502540,466
5.881168381,3503518,978
5.883343535,3504000,482
5.883343535,3504962,962
5.885603670,3505460,498
5.885603670,3506406,946
5.887785472,3506920,514
5.887785472,3507850,930
5.889960626,3508380,530
5.889960626,3509294,914
5.892135780,3509840,546
5.892135780,3510738,898
5.894310934,3511300,562
5.894310934,3512182,882
5.896570669,3512760,578
5.896570669,3513626,866
5.898745823,3514220,594
5.898745823,3515070,850
5.900920977,3515680,610
5.900920977,3516514,834
5.903096131,3517140,626
5.903096131,3517958,818
5.905271285,3518600,642
5.905271285,3519402,802
5.907538068,3520060,658
5.907538068,3520846,786
5.909713222,3521520,674
5.909713222,3522290,770
5.911888376,3522980,690
5.911888376,3523734,754
5.914063530,3524440,706
5.914063530,3525178,738
5.916238684,3525900,722
5.916238684,3526622,722
5.918413838,3527360,738
5.918413838,3528066,706
5.920588992,3528820,754
5.920588992,3529510,690
5.922764146,3530280,770
5.922764146,3530954,674
5.925023881,3531740,786
5.925023881,3532398,658
5.927199435,3533200,802
5.927199435,3533842,642
5.929381237,3534660,818
5.929381237,3535286,626
5.931556391,3536120,834
5.931556391,3536730,610
5.933731545,3537580,850
5.933731545,3538174,594
5.935991280,3539040,866
5.935991280,3539618,578
5.938166434,3540500,882
5.938166434,3541062,562
5.940341588,3541960,898
5.940341588,3542506,546
5.942516742,3543420,914
5.942516742,3543950,530
5.944691896,3544880,930
5.944691896,3545394,514
5.946867050,3546340,946
5.946867050,3546838,498
5.949042604,3547800,962
5.949042604,3548282,482
5.951224406,3549260,978
5.951224406,3549726,466
5.953624363,3550720,994
5.953624363,3551170,450
5.955934490,3552180,1010
5.955934490,3552614,434
5.958244617,3553640,1026
5.958244617,3554058,418
5.960554744,3555100,1042
5.960554744,3555502,402
5.962864871,3556560,1058
5.962864871,3556946,386
5.965264828,3558020,1074
5.965264828,3558390,370
5.967574955,3559480,1090
5.967574955,3559834,354
5.969885482,3560940,1106
5.969885482,3561278,338
5.972202695,3562400,1122
5.972202695,3562722,322
5.974512822,3563860,1138
5.974512822,3564166,306
5.976822949,3565320,1154
5.976822949,3565610,290
5.979133076,3566780,1170
5.979133076,3567054,274
5.981443203,3568240,1186
5.981443203,3568498,258
5.983843160,3569700,1202
5.983843160,3569942,242
5.986153287,3571160,1218
5.986153287,3571386,226
5.988463414,3572620,1234
5.988463414,3572830,210
5.990773541,3574080,1250
5.990773541,3574274,194
5.993084068,3575540,1266
5.993084068,3575718,178
5.995491111,3577000,1282
5.995491111,3577162,162
5.997801238,3578460,1298
5.997801238,3578606,146
6.000111365,3579920,1314
6.000111365,3580050,130
6.002421492,3581380,1330
6.002421492,3581494,114
6.004731619,3582840,1346
6.004731619,3582938,98
6.007131576,3584300,1362
6.007131576,3584382,82
6.009441703,3585760,1378
6.009441703,3585826,66
6.011751750,3587220,1394
6.011751750,3587270,50
6.014060780,3588680,1410
6.014060780,3588714,34
6.016376496,3590140,1426
6.016376496,3590158,18
6.018685126,3591600,1442
6.018685126,3591602,2
6.020993836,3593054,1452
6.023303963,3593060,6
6.023303963,3594499,1439
6.025703920,3594520,21
6.025703920,3595944,1424
6.028014047,3595980,36
6.028014047,3597389,1409
6.030324174,3597440,51
6.030324174,3598834,1394
6.032634301,3598900,66
6.032634301,3600278,1378
6.034944428,3600360,82
6.034944428,3601722,1362
6.037351870,3601820,98
6.037351870,3603166,1346
6.039661997,3603280,114
6.039661997,3604610,1330
6.041972124,3604740,130
6.041972124,3606054,1314
6.044282251,3606200,146
6.044282251,3607498,1298
6.046592378,3607660,162
6.046592378,3608942,1282
6.048902505,3609120,178
6.048902505,3610386,1266
6.051212632,3610580,194
6.051212632,3611830,1250
6.053357118,3612040,210
6.053357118,3613274,1234
6.055584992,3613500,226
6.055584992,3614718,1218
6.057729878,3614960,242
6.057729878,3616162,1202
6.059880913,3616420,258
6.059880913,3617606,1186
6.062025399,3617880,274
6.062025399,3619050,1170
6.064169885,3619340,290
6.064169885,3620494,1154
6.066397759,3620800,306
6.066397759,3621938,1138
6.068542245,3622260,322
6.068542245,3623382,1122
6.070686731,3623720,338
6.070686731,3624826,1106
6.072831217,3625180,354
6.072831217,3626270,1090
6.074975703,3626640,370
6.074975703,3627714,1074
6.077120189,3628100,386
6.077120189,3629158,1058
6.079265075,3629560,402
6.079265075,3630602,1042
6.081416110,3631020,418
6.081416110,3632046,1026
6.083643984,3632480,434
6.083643984,3633490,1010
6.085788470,3633940,450
6.085788470,3634934,994
6.087932956,3635400,466
6.087932956,3636378,978
6.090077442,3636860,482
6.090077442,3637822,962
6.092221928,3638320,498
6.092221928,3639266,946
6.094449802,3639780,514
6.094449802,3640710,930
6.096594288,3641240,530
6.096594288,3642154,914
6.098739174,3642700,546
6.098739174,3643598,898
6.100890209,3644160,562
6.100890209,3645042,882
6.103034695,3645620,578
6.103034695,3646486,866
6.105262569,3647080,594
6.105262569,3647930,850
6.107407055,3648540,610
6.107407055,3649374,834
6.109551541,3650000,626
6.109551541,3650818,818
6.111696027,3651460,642
6.111696027,3652262,802
6.113840513,3652920,658
6.113840513,3653706,786
6.115984999,3654380,674
6.115984999,3655150,770
6.118129485,3655840,690
6.118129485,3656594,754
6.120274371,3657300,706
6.120274371,3658038,738
6.122508794,3658760,722
6.122508794,3659482,722
6.124653280,3660220,738
6.124653280,3660926,706
6.126797766,3661680,754
6.126797766,3662370,690
6.128942252,3663140,770
6.128942252,3663814,674
6.131086738,3664600,786
6.131086738,3665258,658
6.133231224,3666060,802
6.133231224,3666702,642
6.135459098,3667520,818
6.135459098,3668146,626
6.137603584,3668980,834
6.137603584,3669590,610
6.139748470,3670440,850
6.139748470,3671034,594
6.141899505,3671900,866
6.141899505,3672478,578
6.144043991,3673360,882
6.144043991,3673922,562
6.146188477,3674820,898
6.146188477,3675366,546
6.148332963,3676280,914
6.148332963,3676810,530
6.150477449,3677740,930
6.150477449,3678254,514
6.152625726,3679200,946
6.152625726,3679698,498
6.154693594,3680660,962
6.154693594,3681142,482
6.156761462,3682120,978
6.156761462,3682586,466
6.158829330,3683580,994
6.158829330,3684030,450
6.160897598,3685040,1010
6.160897598,3685474,434
6.163052176,3686500,1026
6.163052176,3686918,418
6.165120044,3687960,1042
6.165120044,3688362,402
6.167187912,3689420,1058
6.167187912,3689806,386
6.169255780,3690880,1074
6.169255780,3691250,370
6.171323648,3692340,1090
6.171323648,3692694,354
6.173471925,3693800,1106
6.173471925,3694138,338
6.175539793,3695260,1122
6.175539793,3695582,322
6.177607661,3696720,1138
6.177607661,3697026,306
6.179675929,3698180,1154
6.179675929,3698470,290
6.181750098,3699640,1170
6.181750098,3699914,274
6.183817966,3701100,1186
6.183817966,3701358,258
6.185885834,3702560,1202
6.185885834,3702802,242
6.187953702,3704020,1218
6.187953702,3704246,226
6.190101979,3705480,1234
6.190101979,3705690,210
6.192169847,3706940,1250
6.192169847,3707134,194
6.194237715,3708400,1266
6.194237715,3708578,178
6.196305583,3709860,1282
6.196305583,3710022,162
6.198373451,3711320,1298
6.198373451,3711466,146
6.200528429,3712780,1314
6.200528429,3712910,130
6.202596297,3714240,1330
6.202596297,3714354,114
6.204664165,3715700,1346
6.204664165,3715798,98
6.206732033,3717160,1362
6.206732033,3717242,82
6.208799901,3718620,1378
6.208799901,3718686,66
6.210867689,3720080,1394
6.210867689,3720130,50
6.212934217,3721540,1410
6.212934217,3721574,34
6.215000745,3723000,1426
6.215000745,3723018,18
6.217147682,3724460,1442
6.217147682,3724462,2
6.219214690,3725914,1452
6.221288859,3725920,6
6.221288859,3727359,1439
6.223356727,3727380,21
6.223356727,3728804,1424
6.225424595,3728840,36
6.225424595,3730249,1409
6.227572872,3730300,51
6.227572872,3731694,1394
6.229640740,3731760,66
6.229640740,3733138,1378
6.231708608,3733220,82
6.231708608,3734582,1362
6.233776476,3734680,98
6.233776476,3736026,1346
6.235844344,3736140,114
6.235844344,3737470,1330
6.237912212,3737600,130
6.237912212,3738914,1314
6.239980480,3739060,146
6.239980480,3740358,1298
6.242054649,3740520,162
6.242054649,3741802,1282
6.244202926,3741980,178
6.244202926,3743246,1266
6.246270794,3743440,194
6.246270794,3744690,1250
6.248338662,3744900,210
6.248338662,3746134,1234
6.250406530,3746360,226
6.250406530,3747578,1218
6.252818902,3747820,242
6.252818902,3749022,1202
6.255325079,3749280,258
6.255325079,3750466,1186
6.257737451,3750740,274
6.257737451,3751910,1170
6.260150223,3752200,290
6.260150223,3753354,1154
6.262570012,3753660,306
6.262570012,3754798,1138
6.264982384,3755120,322
6.264982384,3756242,1122
6.267488561,3756580,338
6.267488561,3757686,1106
6.269900933,3758040,354
6.269900933,3759130,1090
6.272313305,3759500,370
6.272313305,3760574,1074
6.274725677,3760960,386
6.274725677,3762018,1058
6.277138049,3762420,402
6.277138049,3763462,1042
6.279550421,3763880,418
6.279550421,3764906,1026
6.281962793,3765340,434
6.281962793,3766350,1010
6.284375565,3766800,450
6.284375565,3767794,994
6.286889159,3768260,466
6.286889159,3769238,978
6.289301531,3769720,482
6.289301531,3770682,962
6.291713903,3771180,498
6.291713903,3772126,946
6.294126275,3772640,514
6.294126275,3773570,930
6.296538647,3774100,530
6.296538647,3775014,914
6.299044824,3775560,546
6.299044824,3776458,898
6.301457196,3777020,562
6.301457196,3777902,882
6.303869568,3778480,578
6.303869568,3779346,866
6.306282340,3779940,594
6.306282340,3780790,850
6.308702129,3781400,610
6.308702129,3782234,834
6.311114501,3782860,626
6.311114501,3783678,818
6.313526873,3784320,642
6.313526873,3785122,802
6.315939245,3785780,658
6.315939245,3786566,786
6.318445422,3787240,674
6.318445422,3788010,770
6.320857794,3788700,690
6.320857794,3789454,754
6.323270166,3790160,706
6.323270166,3790898,738
6.325682538,3791620,722
6.325682538,3792342,722
6.328094910,3793080,738
6.328094910,3793786,706
6.330608904,3794540,754
6.330608904,3795230,690
6.333021276,3796000,770
6.333021276,3796674,674
6.335433648,3797460,786
6.335433648,3798118,658
6.337846020,3798920,802
6.337846020,3799562,642
6.340258392,3800380,818
6.340258392,3801006,626
6.342670764,3801840,834
6.342670764,3802450,610
6.345083136,3803300,850
6.345083136,3803894,594
6.347495508,3804760,866
6.347495508,3805338,578
6.350001685,3806220,882
6.350001685,3806782,562
6.352414457,3807680,898
6.352414457,3808226,546
6.354856954,3809140,914
6.354856954,3809670,530
6.357291961,3810600,930
6.357291961,3811114,514
6.359726968,3812060,946
6.359726968,3812558,498
6.362256660,3813520,962
6.362256660,3814002,482
6.364691667,3814980,978
6.364691667,3815446,466
6.367126674,3816440,994
6.367126674,3816890,450
6.369561681,3817900,1010
6.369561681,3818334,434
6.371996688,3819360,1026
6.371996688,3819778,418
6.374526780,3820820,1042
6.374526780,3821222,402
6.376969277,3822280,1058
6.376969277,3822666,386
6.379404284,3823740,1074
6.379404284,3824110,370
6.381839291,3825200,1090
6.381839291,3825554,354
6.384274298,3826660,1106
6.384274298,3826998,338
6.386709305,3828120,1122
6.386709305,3828442,322
6.389144312,3829580,1138
6.389144312,3829886,306
6.391579319,3831040,1154
6.391579319,3831330,290
6.394109011,3832500,1170
6.394109011,3832774,274
6.396544018,3833960,1186
6.396544018,3834218,258
6.398979425,3835420,1202
6.398979425,3835662,242
6.401421922,3836880,1218
6.401421922,3837106,226
6.403856929,3838340,1234
6.403856929,3838550,210
6.406386621,3839800,1250
6.406386621,3839994,194
6.408821628,3841260,1266
6.408821628,3841438,178
6.411256635,3842720,1282
6.411256635,3842882,162
6.413691642,3844180,1298
6.413691642,3844326,146
6.416126649,3845640,1314
6.416126649,3845770,130
6.418561656,3847100,1330
6.418561656,3847214,114
6.420996663,3848560,1346
6.420996663,3848658,98
6.423432070,3850020,1362
6.423432070,3850102,82
6.425969252,3851480,1378
6.425969252,3851546,66
6.428404179,3852940,1394
6.428404179,3852990,50
6.430837607,3854400,1410
6.430837607,3854434,34
6.433271035,3855860,1426
6.433271035,3855878,18
6.435704463,3857320,1442
6.435704463,3857322,2
6.438232656,3858774,1452
6.440667663,3858780,6
6.440667663,3860219,1439
6.443102670,3860240,21
6.443102670,3861664,1424
6.445538077,3861700,36
6.445538077,3863109,1409
6.447980574,3863160,51
6.447980574,3864554,1394
6.450415581,3864620,66
6.450415581,3865998,1378
6.452607973,3866080,82
6.452607973,3867442,1362
6.454800365,3867540,98
6.454800365,3868886,1346
6.457078008,3869000,114
6.457078008,3870330,1330
6.459270400,3870460,130
6.459270400,3871774,1314
6.461462792,3871920,146
6.461462792,3873218,1298
6.463655184,3873380,162
6.463655184,3874662,1282
6.465847576,3874840,178
6.465847576,3876106,1266
6.468132324,3876300,194
6.468132324,3877550,1250
6.470324716,3877760,210
6.470324716,3878994,1234
6.472517108,3879220,226
6.472517108,3880438,1218
6.474709500,3880680,242
6.474709500,3881882,1202
6.476901892,3882140,258
6.476901892,3883326,1186
6.479179535,3883600,274
6.479179535,3884770,1170
6.481371927,3885060,290
6.481371927,3886214,1154
6.483564319,3886520,306
6.483564319,3887658,1138
6.485756711,3887980,322
6.485756711,3889102,1122
6.487949503,3889440,338
6.487949503,3890546,1106
6.490148599,3890900,354
6.490148599,3891990,1090
6.492340991,3892360,370
6.492340991,3893434,1074
6.494533383,3893820,386
6.494533383,3894878,1058
6.496811026,3895280,402
6.496811026,3896322,1042
6.499003418,3896740,418
6.499003418,3897766,1026
6.501195810,3898200,434
6.501195810,3899210,1010
6.503388202,3899660,450
6.503388202,3900654,994
6.505580594,3901120,466
6.505580594,3902098,978
6.507858637,3902580,482
6.507858637,3903542,962
6.510057733,3904040,498
6.510057733,3904986,946
6.512250125,3905500,514
6.512250125,3906430,930
6.514442517,3906960,530
6.514442517,3907874,914
6.516634909,3908420,546
6.516634909,3909318,898
6.518827301,3909880,562
6.518827301,3910762,882
6.521019693,3911340,578
6.521019693,3912206,866
6.523212085,3912800,594
6.523212085,3913650,850
6.525489728,3914260,610
6.525489728,3915094,834
6.527682120,3915720,626
6.527682120,3916538,818
6.529874912,3917180,642
6.529874912,3917982,802
6.532074008,3918640,658
6.532074008,3919426,786
6.534266400,3920100,674
6.534266400,3920870,770
6.536544043,3921560,690
6.536544043,3922314,754
6.538736435,3923020,706
6.538736435,3923758,738
6.540928827,3924480,722
6.540928827,3925202,722
6.543121219,3925940,738
6.543121219,3926646,706
6.545313611,3927400,754
6.545313611,3928090,690
6.547591254,3928860,770
6.547591254,3929534,674
6.549784046,3930320,786
6.549784046,3930978,658
6.551983142,3931780,802
6.551983142,3932422,642
6.554115445,3933240,818
6.554115445,3933866,626
6.556247748,3934700,834
6.556247748,3935310,610
6.558380051,3936160,850
6.558380051,3936754,594
6.560512354,3937620,866
6.560512354,3938198,578
6.562644657,3939080,882
6.562644657,3939642,562
6.564859875,3940540,898
6.564859875,3941086,546
6.566992178,3942000,914
6.566992178,3942530,530
6.569124481,3943460,930
6.569124481,3943974,514
6.571257184,3944920,946
6.571257184,3945418,498
6.573395997,3946380,962
6.573395997,3946862,482
6.575611215,3947840,978
6.575611215,3948306,466
6.577743518,3949300,994
6.577743518,3949750,450
6.579875821,3950760,1010
6.579875821,3951194,434
6.582008124,3952220,1026
6.582008124,3952638,418
6.584140427,3953680,1042
6.584140427,3954082,402
6.586272730,3955140,1058
6.586272730,3955526,386
6.588405033,3956600,1074
6.588405033,3956970,370
6.590537336,3958060,1090
6.590537336,3958414,354
6.592759463,3959520,1106
6.592759463,3959858,338
6.594891766,3960980,1122
6.594891766,3961302,322
6.597024069,3962440,1138
6.597024069,3962746,306
6.599156372,3963900,1154
6.599156372,3964190,290
6.601288675,3965360,1170
6.601288675,3965634,274
6.603503893,3966820,1186
6.603503893,3967078,258
6.605636196,3968280,1202
6.605636196,3968522,242
6.607768499,3969740,1218
6.607768499,3969966,226
6.609900802,3971200,1234
6.609900802,3971410,210
6.612033505,3972660,1250
6.612033505,3972854,194
6.614172318,3974120,1266
6.614172318,3974298,178
6.616304621,3975580,1282
6.616304621,3975742,162
6.618436924,3977040,1298
6.618436924,3977186,146
6.620569227,3978500,1314
6.620569227,3978630,130
6.622784445,3979960,1330
6.622784445,3980074,114
6.624916748,3981420,1346
6.624916748,3981518,98
6.627049051,3982880,1362
6.627049051,3982962,82
6.629181354,3984340,1378
6.629181354,3984406,66
6.631313577,3985800,1394
6.631313577,3985850,50
6.633534322,3987260,1410
6.633534322,3987294,34
6.635665243,3988720,1426
6.635665243,3988738,18
6.637796164,3990180,1442
6.637796164,3990182,2
6.639927165,3991634,1452
6.642059468,3991640,6
6.642059468,3993079,1439
6.644274686,3993100,21
6.644274686,3994524,1424
6.646406989,3994560,36
6.646406989,3995969,1409
6.648539292,3996020,51
6.648539292,3997414,1394
6.650671595,3997480,66
6.650671595,3998858,1378
6.653087364,3998940,82
6.653087364,4000302,1362
6.655510160,4000400,98
6.655510160,4001746,1346
6.657925529,4001860,114
6.657925529,4003190,1330
6.660340898,4003320,130
6.660340898,4004634,1314
6.662850189,4004780,146
6.662850189,4006078,1298
6.665265558,4006240,162
6.665265558,4007522,1282
6.667680927,4007700,178
6.667680927,4008966,1266
6.670096296,4009160,194
6.670096296,4010410,1250
6.672511665,4010620,210
6.672511665,4011854,1234
6.675021356,4012080,226
6.675021356,4013298,1218
6.677444152,4013540,242
6.677444152,4014742,1202
6.679859521,4015000,258
6.679859521,4016186,1186
6.682274890,4016460,274
6.682274890,4017630,1170
6.684690259,4017920,290
6.684690259,4019074,1154
6.687105628,4019380,306
6.687105628,4020518,1138
6.689520997,4020840,322
6.689520997,4021962,1122
6.691936366,4022300,338
6.691936366,4023406,1106
6.694445657,4023760,354
6.694445657,4024850,1090
6.696861026,4025220,370
6.696861026,4026294,1074
6.699276795,4026680,386
6.699276795,4027738,1058
6.701699591,4028140,402
6.701699591,4029182,1042
6.704114960,4029600,418
6.704114960,4030626,1026
6.706624251,4031060,434
6.706624251,4032070,1010
6.709039620,4032520,450
6.709039620,4033514,994
6.711454989,4033980,466
6.711454989,4034958,978
6.713870358,4035440,482
6.713870358,4036402,962
6.716285727,4036900,498
6.716285727,4037846,946
6.718701096,4038360,514
6.718701096,4039290,930
6.721116465,4039820,530
6.721116465,4040734,914
6.723532234,4041280,546
6.723532234,4042178,898
6.726048952,4042740,562
6.726048952,4043622,882
6.728464321,4044200,578
6.728464321,4045066,866
6.730879690,4045660,594
6.730879690,4046510,850
6.733295059,4047120,610
6.733295059,4047954,834
6.735710428,4048580,626
6.735710428,4049398,818
6.738219719,4050040,642
6.738219719,4050842,802
6.740635088,4051500,658
6.740635088,4052286,786
6.743050457,4052960,674
6.743050457,4053730,770
6.745466226,4054420,690
6.745466226,4055174,754
6.747889022,4055880,706
6.747889022,4056618,738
6.750398313,4057340,722
6.750398313,4058062,722
6.752546917,4058800,738
6.752546917,4059506,706
6.754695521,4060260,754
6.754695521,4060950,690
6.756844125,4061720,770
6.756844125,4062394,674
6.758992729,4063180,786
6.758992729,4063838,658
6.761141333,4064640,802
6.761141333,4065282,642
6.763289937,4066100,818
6.763289937,4066726,626
6.765438541,4067560,834
6.765438541,4068170,610
6.767677656,4069020,850
6.767677656,4069614,594
6.769826260,4070480,866
6.769826260,4071058,578
6.771974864,4071940,882
6.771974864,4072502,562
6.774123468,4073400,898
6.774123468,4073946,546
6.776272072,4074860,914
6.776272072,4075390,530
6.778504225,4076320,930
6.778504225,4076834,514
6.780652829,4077780,946
6.780652829,4078278,498
6.782801433,4079240,962
6.782801433,4079722,482
6.784950037,4080700,978
6.784950037,4081166,466
6.787099041,4082160,994
6.787099041,4082610,450
6.789254208,4083620,1010
6.789254208,4084054,434
6.791402812,4085080,1026
6.791402812,4085498,418
6.793551416,4086540,1042
6.793551416,4086942,402
6.795783569,4088000,1058
6.795783569,4088386,386
6.797932173,4089460,1074
6.797932173,4089830,370
6.800080777,4090920,1090
6.800080777,4091274,354
6.802229381,4092380,1106
6.802229381,4092718,338
6.804377985,4093840,1122
6.804377985,4094162,322
6.806610538,4095300,1138
6.806610538,4095606,306
6.808765705,4096760,1154
6.808765705,4097050,290
6.810914309,4098220,1170
6.810914309,4098494,274
6.813062913,4099680,1186
6.813062913,4099938,258
6.815211517,4101140,1202
6.815211517,4101382,242
6.817360121,4102600,1218
6.817360121,4102826,226
6.819508725,4104060,1234
6.819508725,4104270,210
6.821657329,4105520,1250
6.821657329,4105714,194
6.823889482,4106980,1266
6.823889482,4107158,178
6.826038086,4108440,1282
6.826038086,4108602,162
6.828187090,4109900,1298
6.828187090,4110046,146
6.830342257,4111360,1314
6.830342257,4111490,130
6.832490861,4112820,1330
6.832490861,4112934,114
6.834723014,4114280,1346
6.834723014,4114378,98
6.836871618,4115740,1362
6.836871618,4115822,82
6.839020222,4117200,1378
6.839020222,4117266,66
6.841168746,4118660,1394
6.841168746,4118710,50
6.843315958,4120120,1410
6.843315958,4120154,34
6.845546719,4121580,1426
6.845546719,4121598,18
6.847694331,4123040,1442
6.847694331,4123042,2
6.849848185,4124494,1452
6.851996789,4124500,6
6.851996789,4125939,1439
6.854405583,4125960,21
6.854405583,4127384,1424
6.856814377,4127420,36
6.856814377,4128829,1409
6.859223171,4128880,51
6.859223171,4130274,1394
6.861631965,4130340,66
6.861631965,4131718,1378
6.864134425,4131800,82
6.864134425,4133162,1362
6.866543219,4133260,98
6.866543219,4134606,1346
6.868952013,4134720,114
6.868952013,4136050,1330
6.871361207,4136180,130
6.871361207,4137494,1314
6.873777407,4137640,146
6.873777407,4138938,1298
6.876279867,4139100,162
6.876279867,4140382,1282
6.878688661,4140560,178
6.878688661,4141826,1266
6.881097455,4142020,194
6.881097455,4143270,1250
6.883506249,4143480,210
6.883506249,4144714,1234
6.885915043,4144940,226
6.885915043,4146158,1218
6.888323837,4146400,242
6.888323837,4147602,1202
6.890732631,4147860,258
6.890732631,4149046,1186
6.893141425,4149320,274
6.893141425,4150490,1170
6.895651691,4150780,290
6.895651691,4151934,1154
6.898060485,4152240,306
6.898060485,4153378,1138
6.900469279,4153700,322
6.900469279,4154822,1122
6.902878073,4155160,338
6.902878073,4156266,1106
6.905286867,4156620,354
6.905286867,4157710,1090
6.907789327,4158080,370
6.907789327,4159154,1074
6.910198121,4159540,386
6.910198121,4160598,1058
6.912606915,4161000,402
6.912606915,4162042,1042
6.915015709,4162460,418
6.915015709,4163486,1026
6.917424903,4163920,434
6.917424903,4164930,1010
6.919841103,4165380,450
6.919841103,4166374,994
6.922249897,4166840,466
6.922249897,4167818,978
6.924658691,4168300,482
6.924658691,4169262,962
6.927161151,4169760,498
6.927161151,4170706,946
6.929569945,4171220,514
6.929569945,4172150,930
6.931978739,4172680,530
6.931978739,4173594,914
6.934387533,4174140,546
6.934387533,4175038,898
6.936796327,4175600,562
6.936796327,4176482,882
6.939299187,4177060,578
6.939299187,4177926,866
6.941715387,4178520,594
6.941715387,4179370,850
6.944124181,4179980,610
6.944124181,4180814,834
6.946532975,4181440,626
6.946532975,4182258,818
6.948941769,4182900,642
6.948941769,4183702,802
6.951444229,4184360,658
6.951444229,4185146,786
6.953821124,4185820,674
6.953821124,4186590,770
6.956198019,4187280,690
6.956198019,4188034,754
6.958574914,4188740,706
6.958574914,4189478,738
6.960951809,4190200,722
6.960951809,4190922,722
6.963329104,4191660,738
6.963329104,4192366,706
6.965713302,4193120,754
6.965713302,4193810,690
6.968090197,4194580,770
6.968090197,4195254,674
6.970559518,4196040,786
6.970559518,4196698,658
6.972936413,4197500,802
6.972936413,4198142,642
6.975313308,4198960,818
6.975313308,4199586,626
6.977690203,4200420,834
6.977690203,4201030,610
6.980067098,4201880,850
6.980067098,4202474,594
6.982536419,4203340,866
6.982536419,4203918,578
6.984913714,4204800,882
6.984913714,4205362,562
6.987297912,4206260,898
6.987297912,4206806,546
6.989674807,4207720,914
6.989674807,4208250,530
6.992051702,4209180,930
6.992051702,4209694,514
6.994428597,4210640,946
6.994428597,4211138,498
6.996805492,4212100,962
6.996805492,4212582,482
6.999182387,4213560,978
6.999182387,4214026,466
7.001651708,4215020,994
7.001651708,4215470,450
7.004028603,4216480,1010
7.004028603,4216914,434
7.006405498,4217940,1026
7.006405498,4218358,418
7.008782793,4219400,1042
7.008782793,4219802,402
7.011166991,4220860,1058
7.011166991,4221246,386
7.013636312,4222320,1074
7.013636312,4222690,370
7.016013207,4223780,1090
7.016013207,4224134,354
7.018390102,4225240,1106
7.018390102,4225578,338
7.020766997,4226700,1122
7.020766997,4227022,322
7.023143892,4228160,1138
7.023143892,4228466,306
7.025613213,4229620,1154
7.025613213,4229910,290
7.027990108,4231080,1170
7.027990108,4231354,274
7.030367403,4232540,1186
7.030367403,4232798,258
7.032751601,4234000,1202
7.032751601,4234242,242
7.035128496,4235460,1218
7.035128496,4235686,226
7.037505391,4236920,1234
7.037505391,4237130,210
7.039882286,4238380,1250
7.039882286,4238574,194
7.042259181,4239840,1266
7.042259181,4240018,178
7.044728502,4241300,1282
7.044728502,4241462,162
7.047105397,4242760,1298
7.047105397,4242906,146
7.049482292,4244220,1314
7.049482292,4244350,130
7.051859187,4245680,1330
7.051859187,4245794,114
7.053916952,4247140,1346
7.053916952,4247238,98
7.056060585,4248600,1362
7.056060585,4248682,82
7.058117950,4250060,1378
7.058117950,4250126,66
7.060175235,4251520,1394
7.060175235,4251570,50
7.062231267,4252980,1410
7.062231267,4253014,34
7.064287299,4254440,1426
7.064287299,4254458,18
7.066343331,4255900,1442
7.066343331,4255902,2
7.068399443,4257354,1452
7.070456808,4257360,6
7.070456808,4258799,1439
7.072594574,4258820,21
7.072594574,4260244,1424
7.074658206,4260280,36
7.074658206,4261689,1409
7.076715571,4261740,51
7.076715571,4263134,1394
7.078772936,4263200,66
7.078772936,4264578,1378
7.080830301,4264660,82
7.080830301,4266022,1362
7.082967667,4266120,98
7.082967667,4267466,1346
7.085025032,4267580,114
7.085025032,4268910,1330
7.087082397,4269040,130
7.087082397,4270354,1314
7.089139762,4270500,146
7.089139762,4271798,1298
7.091197127,4271960,162
7.091197127,4273242,1282
7.093254892,4273420,178
7.093254892,4274686,1266
7.095318524,4274880,194
7.095318524,4276130,1250
7.097375889,4276340,210
7.097375889,4277574,1234
7.099513255,4277800,226
7.099513255,4279018,1218
7.101570620,4279260,242
7.101570620,4280462,1202
7.103627985,4280720,258
7.103627985,4281906,1186
7.105685350,4282180,274
7.105685350,4283350,1170
7.107742715,4283640,290
7.107742715,4284794,1154
7.109800080,4285100,306
7.109800080,4286238,1138
7.111937846,4286560,322
7.111937846,4287682,1122
7.114001478,4288020,338
7.114001478,4289126,1106
7.116058843,4289480,354
7.116058843,4290570,1090
7.118116208,4290940,370
7.118116208,4292014,1074
7.120173573,4292400,386
7.120173573,4293458,1058
7.122310939,4293860,402
7.122310939,4294902,1042
7.124368304,4295320,418
7.124368304,4296346,1026
7.126425669,4296780,434
7.126425669,4297790,1010
7.128483034,4298240,450
7.128483034,4299234,994
7.130540399,4299700,466
7.130540399,4300678,978
7.132598164,4301160,482
7.132598164,4302122,962
7.134661796,4302620,498
7.134661796,4303566,946
7.136719161,4304080,514
7.136719161,4305010,930
7.138856527,4305540,530
7.138856527,4306454,914
7.140913892,4307000,546
7.140913892,4307898,898
7.142971257,4308460,562
7.142971257,4309342,882
7.145028622,4309920,578
7.145028622,4310786,866
7.147085987,4311380,594
7.147085987,4312230,850
7.149223353,4312840,610
7.149223353,4313674,834
7.151281118,4314300,626
7.151281118,4315118,818
7.153712080,4315760,642
7.153712080,4316562,802
7.156135589,4317220,658
7.156135589,4318006,786
7.158559098,4318680,674
7.158559098,4319450,770
7.160982607,4320140,690
7.160982607,4320894,754
7.163406116,4321600,706
7.163406116,4322338,738
7.165829625,4323060,722
7.165829625,4323782,722
7.168347372,4324520,738
7.168347372,4325226,706
7.170770881,4325980,754
7.170770881,4326670,690
7.173194390,4327440,770
7.173194390,4328114,674
7.175618299,4328900,786
7.175618299,4329558,658
7.178049261,4330360,802
7.178049261,4331002,642
7.180567008,4331820,818
7.180567008,4332446,626
7.182990517,4333280,834
7.182990517,4333890,610
7.185414026,4334740,850
7.185414026,4335334,594
7.187837535,4336200,866
7.187837535,4336778,578
7.190261044,4337660,882
7.190261044,4338222,562
7.192684553,4339120,898
7.192684553,4339666,546
7.195108062,4340580,914
7.195108062,4341110,530
7.197531571,4342040,930
7.197531571,4342554,514
7.200057172,4343500,946
7.200057172,4343998,498
7.202480681,4344960,962
7.202480681,4345442,482
7.204904190,4346420,978
7.204904190,4346886,466
7.207327699,4347880,994
7.207327699,4348330,450
7.209751208,4349340,1010
7.209751208,4349774,434
7.212268955,4350800,1026
7.212268955,4351218,418
7.214692464,4352260,1042
7.214692464,4352662,402
7.217115973,4353720,1058
7.217115973,4354106,386
7.219539482,4355180,1074
7.219539482,4355550,370
7.221963391,4356640,1090
7.221963391,4356994,354
7.224488591,4358100,1106
7.224488591,4358438,338
7.226912100,4359560,1122
7.226912100,4359882,322
7.229335609,4361020,1138
7.229335609,4361326,306
7.231759118,4362480,1154
7.231759118,4362770,290
7.234182627,4363940,1170
7.234182627,4364214,274
7.236606136,4365400,1186
7.236606136,4365658,258
7.239029645,4366860,1202
7.239029645,4367102,242
7.241453154,4368320,1218
7.241453154,4368546,226
7.243971301,4369780,1234
7.243971301,4369990,210
7.246402263,4371240,1250
7.246402263,4371434,194
7.248825772,4372700,1266
7.248825772,4372878,178
7.251249281,4374160,1282
7.251249281,4374322,162
7.253421224,4375620,1298
7.253421224,4375766,146
7.255677623,4377080,1314
7.255677623,4377210,130
7.257849566,4378540,1330
7.257849566,4378654,114
7.260021509,4380000,1346
7.260021509,4380098,98
7.262193452,4381460,1362
7.262193452,4381542,82
7.264365395,4382920,1378
7.264365395,4382986,66
7.266537658,4384380,1394
7.266537658,4384430,50
7.268714831,4385840,1410
7.268714831,4385874,34
7.270885366,4387300,1426
7.270885366,4387318,18
7.273140357,4388760,1442
7.273140357,4388762,2
7.275310972,4390214,1452
7.277482915,4390220,6
7.277482915,4391659,1439
7.279654858,4391680,21
7.279654858,4393104,1424
7.281826801,4393140,36
7.281826801,4394549,1409
7.284083200,4394600,51
7.284083200,4395994,1394
7.286255543,4396060,66
7.286255543,4397438,1378
7.288434124,4397520,82
7.288434124,4398882,1362
7.290606067,4398980,98
7.290606067,4400326,1346
7.292778010,4400440,114
7.292778010,4401770,1330
7.294949953,4401900,130
7.294949953,4403214,1314
7.297121896,4403360,146
7.297121896,4404658,1298
7.299293839,4404820,162
7.299293839,4406102,1282
7.301550238,4406280,178
7.301550238,4407546,1266
7.303722181,4407740,194
7.303722181,4408990,1250
7.305894124,4409200,210
7.305894124,4410434,1234
7.308066467,4410660,226
7.308066467,4411878,1218
7.310245048,4412120,242
7.310245048,4413322,1202
7.312501447,4413580,258
7.312501447,4414766,1186
7.314673390,4415040,274
7.314673390,4416210,1170
7.316845333,4416500,290
7.316845333,4417654,1154
7.319017276,4417960,306
7.319017276,4419098,1138
7.321189219,4419420,322
7.321189219,4420542,1122
7.323361162,4420880,338
7.323361162,4421986,1106
7.325617561,4422340,354
7.325617561,4423430,1090
7.327789904,4423800,370
7.327789904,4424874,1074
7.329968485,4425260,386
7.329968485,4426318,1058
7.332140428,4426720,402
7.332140428,4427762,1042
7.334312371,4428180,418
7.334312371,4429206,1026
7.336484314,4429640,434
7.336484314,4430650,1010
7.338656257,4431100,450
7.338656257,4432094,994
7.340912656,4432560,466
7.340912656,4433538,978
7.343084599,4434020,482
7.343084599,4434982,962
7.345256542,4435480,498
7.345256542,4436426,946
7.347428485,4436940,514
7.347428485,4437870,930
7.349600828,4438400,530
7.349600828,4439314,914
7.351779409,4439860,546
7.351779409,4440758,898
7.354241712,4441320,562
7.354241712,4442202,882
7.356611852,4442780,578
7.356611852,4443646,866
7.358981992,4444240,594
7.358981992,4445090,850
7.361352132,4445700,610
7.361352132,4446534,834
7.363722272,4447160,626
7.363722272,4447978,818
7.366092412,4448620,642
7.366092412,4449422,802
7.368462552,4450080,658
7.368462552,4450866,786
7.370925255,4451540,674
7.370925255,4452310,770
7.373302675,4453000,690
7.373302675,4453754,754
7.375672815,4454460,706
7.375672815,4455198,738
7.378042955,4455920,722
7.378042955,4456642,722
7.380413095,4457380,738
7.380413095,4458086,706
7.382783235,4458840,754
7.382783235,4459530,690
7.385245538,4460300,770
7.385245538,4460974,674
7.387615678,4461760,786
7.387615678,4462418,658
7.389985818,4463220,802
7.389985818,4463862,642
7.392355958,4464680,818
7.392355958,4465306,626
7.394726498,4466140,834
7.394726498,4466750,610
7.397196081,4467600,850
7.397196081,4468194,594
7.399566221,4469060,866
7.399566221,4469638,578
7.401936361,4470520,882
7.401936361,4471082,562
7.404306501,4471980,898
7.404306501,4472526,546
7.406676641,4473440,914
7.406676641,4473970,530
7.409046781,4474900,930
7.409046781,4475414,514
7.411416921,4476360,946
7.411416921,4476858,498
7.413879224,4477820,962
7.413879224,4478302,482
7.416249764,4479280,978
7.416249764,4479746,466
7.418627184,4480740,994
7.418627184,4481190,450
7.420997324,4482200,1010
7.420997324,4482634,434
7.423367464,4483660,1026
7.423367464,4484078,418
7.425737604,4485120,1042
7.425737604,4485522,402
7.428199907,4486580,1058
7.428199907,4486966,386
7.430570047,4488040,1074
7.430570047,4488410,370
7.432940187,4489500,1090
7.432940187,4489854,354
7.435310327,4490960,1106
7.435310327,4491298,338
7.437680467,4492420,1122
7.437680467,4492742,322
7.440051007,4493880,1138
7.440051007,4494186,306
7.442428427,4495340,1154
7.442428427,4495630,290
7.444890730,4496800,1170
7.444890730,4497074,274
7.447260870,4498260,1186
7.447260870,4498518,258
7.449631010,4499720,1202
7.449631010,4499962,242
7.452001150,4501180,1218
7.452001150,4501406,226
7.454251381,4502640,1234
7.454251381,4502850,210
7.456501612,4504100,1250
7.456501612,4504294,194
7.458839343,4505560,1266
7.458839343,4505738,178
7.461089974,4507020,1282
7.461089974,4507182,162
7.463347097,4508480,1298
7.463347097,4508626,146
7.465597328,4509940,1314
7.465597328,4510070,130
7.467847559,4511400,1330
7.467847559,4511514,114
7.470097790,4512860,1346
7.470097790,4512958,98
7.472348021,4514320,1362
7.472348021,4514402,82
7.474685752,4515780,1378
7.474685752,4515846,66
7.476935903,4517240,1394
7.476935903,4517290,50
7.479184675,4518700,1410
7.479184675,4518734,34
7.481433447,4520160,1426
7.481433447,4520178,18
7.483682619,4521620,1442
7.483682619,4521622,2
7.485938363,4523074,1452
7.488276094,4523080,6
7.488276094,4524519,1439
7.490526325,4524540,21
7.490526325,4525964,1424
7.492776556,4526000,36
7.492776556,4527409,1409
7.495026787,4527460,51
7.495026787,4528854,1394
7.497277018,4528920,66
7.497277018,4530298,1378
7.499614749,4530380,82
7.499614749,4531742,1362
7.501864980,4531840,98
7.501864980,4533186,1346
7.504115611,4533300,114
7.504115611,4534630,1330
7.506372734,4534760,130
7.506372734,4536074,1314
7.508622965,4536220,146
7.508622965,4537518,1298
7.510873196,4537680,162
7.510873196,4538962,1282
7.513123427,4539140,178
7.513123427,4540406,1266
7.515461158,4540600,194
7.515461158,4541850,1250
7.517711389,4542060,210
7.517711389,4543294,1234
7.519961620,4543520,226
7.519961620,4544738,1218
7.522211851,4544980,242
7.522211851,4546182,1202
7.524462082,4546440,258
7.524462082,4547626,1186
7.526712713,4547900,274
7.526712713,4549070,1170
7.529057336,4549360,290
7.529057336,4550514,1154
7.531307567,4550820,306
7.531307567,4551958,1138
7.533557798,4552280,322
7.533557798,4553402,1122
7.535808029,4553740,338
7.535808029,4554846,1106
7.538058260,4555200,354
7.538058260,4556290,1090
7.540308491,4556660,370
7.540308491,4557734,1074
7.542558722,4558120,386
7.542558722,4559178,1058
7.544896453,4559580,402
7.544896453,4560622,1042
7.547147084,4561040,418
7.547147084,4562066,1026
7.549404207,4562500,434
7.549404207,4563510,1010
7.551654438,4563960,450
7.551654438,4564954,994
7.553818684,4565420,466
7.553818684,4566398,978
7.555982930,4566880,482
7.555982930,4567842,962
7.558231333,4568340,498
7.558231333,4569286,946
7.560395579,4569800,514
7.560395579,4570730,930
7.562559825,4571260,530
7.562559825,4572174,914
7.564724071,4572720,546
7.564724071,4573618,898
7.566888317,4574180,562
7.566888317,4575062,882
7.569052963,4575640,578
7.569052963,4576506,866
7.571223822,4577100,594
7.571223822,4577950,850
7.573472225,4578560,610
7.573472225,4579394,834
7.575636471,4580020,626
7.575636471,4580838,818
7.577800717,4581480,642
7.577800717,4582282,802
7.579964963,4582940,658
7.579964963,4583726,786
7.582129209,4584400,674
7.582129209,4585170,770
7.584377612,4585860,690
7.584377612,4586614,754
7.586541858,4587320,706
7.586541858,4588058,738
7.588706504,4588780,722
7.588706504,4589502,722
7.590877363,4590240,738
7.590877363,4590946,706
7.593041609,4591700,754
7.593041609,4592390,690
7.595205855,4593160,770
7.595205855,4593834,674
7.597454258,4594620,786
7.597454258,4595278,658
7.599618504,4596080,802
7.599618504,4596722,642
7.601782750,4597540,818
7.601782750,4598166,626
7.603946996,4599000,834
7.603946996,4599610,610
7.606111242,4600460,850
7.606111242,4601054,594
7.608275488,4601920,866
7.608275488,4602498,578
7.610440134,4603380,882
7.610440134,4603942,562
7.612610993,4604840,898
7.612610993,4605386,546
7.614859396,4606300,914
7.614859396,4606830,530
7.617023642,4607760,930
7.617023642,4608274,514
7.619187888,4609220,946
7.619187888,4609718,498
7.621352134,4610680,962
7.621352134,4611162,482
7.623516380,4612140,978
7.623516380,4612606,466
7.625680626,4613600,994
7.625680626,4614050,450
7.627929029,4615060,1010
7.627929029,4615494,434
7.630093675,4616520,1026
7.630093675,4616938,418
7.632264534,4617980,1042
7.632264534,4618382,402
7.634428780,4619440,1058
7.634428780,4619826,386
7.636593026,4620900,1074
7.636593026,4621270,370
7.638757272,4622360,1090
7.638757272,4622714,354
7.640921518,4623820,1106
7.640921518,4624158,338
7.643169921,4625280,1122
7.643169921,4625602,322
7.645334167,4626740,1138
7.645334167,4627046,306
7.647498413,4628200,1154
7.647498413,4628490,290
7.649662659,4629660,1170
7.649662659,4629934,274
7.651827305,4631120,1186
7.651827305,4631378,258
7.654018964,4632580,1202
7.654018964,4632822,242
7.656288906,4634040,1218
7.656288906,4634266,226
7.658473885,4635500,1234
7.658473885,4635710,210
7.660658864,4636960,1250
7.660658864,4637154,194
7.662843843,4638420,1266
7.662843843,4638598,178
7.665028822,4639880,1282
7.665028822,4640042,162
7.667213801,4641340,1298
7.667213801,4641486,146
7.669398780,4642800,1314
7.669398780,4642930,130
7.671669122,4644260,1330
7.671669122,4644374,114
7.673860781,4645720,1346
7.673860781,4645818,98
7.676045760,4647180,1362
7.676045760,4647262,82
7.678230739,4648640,1378
7.678230739,4648706,66
7.680415638,4650100,1394
7.680415638,4650150,50
7.682684164,4651560,1410
7.682684164,4651594,34
7.684867727,4653020,1426
7.684867727,4653038,18
7.687051290,4654480,1442
7.687051290,4654482,2
7.689234933,4655934,1452
7.691419912,4655940,6
7.691419912,4657379,1439
7.693605291,4657400,21
7.693605291,4658824,1424
7.695881913,4658860,36
7.695881913,4660269,1409
7.698066892,4660320,51
7.698066892,4661714,1394
7.700251871,4661780,66
7.700251871,4663158,1378
7.702436850,4663240,82
7.702436850,4664602,1362
7.704621829,4664700,98
7.704621829,4666046,1346
7.706806808,4666160,114
7.706806808,4667490,1330
7.708991787,4667620,130
7.708991787,4668934,1314
7.711261729,4669080,146
7.711261729,4670378,1298
7.713447108,4670540,162
7.713447108,4671822,1282
7.715638767,4672000,178
7.715638767,4673266,1266
7.717823746,4673460,194
7.717823746,4674710,1250
7.720008725,4674920,210
7.720008725,4676154,1234
7.722193704,4676380,226
7.722193704,4677598,1218
7.724463646,4677840,242
7.724463646,4679042,1202
7.726648625,4679300,258
7.726648625,4680486,1186
7.728833604,4680760,274
7.728833604,4681930,1170
7.731018583,4682220,290
7.731018583,4683374,1154
7.733203562,4683680,306
7.733203562,4684818,1138
7.735388941,4685140,322
7.735388941,4686262,1122
7.737580600,4686600,338
7.737580600,4687706,1106
7.739850542,4688060,354
7.739850542,4689150,1090
7.742035521,4689520,370
7.742035521,4690594,1074
7.744220500,4690980,386
7.744220500,4692038,1058
7.746405479,4692440,402
7.746405479,4693482,1042
7.748590458,4693900,418
7.748590458,4694926,1026
7.750775437,4695360,434
7.750775437,4696370,1010
7.753152335,4696820,450
7.753152335,4697814,994
7.755440667,4698280,466
7.755440667,4699258,978
7.757735612,4699740,482
7.757735612,4700702,962
7.760023544,4701200,498
7.760023544,4702146,946
7.762311476,4702660,514
7.762311476,4703590,930
7.764599408,4704120,530
7.764599408,4705034,914
7.766887340,4705580,546
7.766887340,4706478,898
7.769264238,4707040,562
7.769264238,4707922,882
7.771552170,4708500,578
7.771552170,4709366,866
7.773840102,4709960,594
7.773840102,4710810,850
7.776128034,4711420,610
7.776128034,4712254,834
7.778416366,4712880,626
7.778416366,4713698,818
7.780800277,4714340,642
7.780800277,4715142,802
7.783088209,4715800,658
7.783088209,4716586,786
7.785376141,4717260,674
7.785376141,4718030,770
7.787664073,4718720,690
7.787664073,4719474,754
7.789952005,4720180,706
7.789952005,4720918,738
7.792239937,4721640,722
7.792239937,4722362,722
7.794616835,4723100,738
7.794616835,4723806,706
7.796904767,4724560,754
7.796904767,4725250,690
7.799193099,4726020,770
7.799193099,4726694,674
7.801488044,4727480,786
7.801488044,4728138,658
7.803775976,4728940,802
7.803775976,4729582,642
7.806063908,4730400,818
7.806063908,4731026,626
7.808351840,4731860,834
7.808351840,4732470,610
7.810728738,4733320,850
7.810728738,4733914,594
7.813016670,4734780,866
7.813016670,4735358,578
7.815304602,4736240,882
7.815304602,4736802,562
7.817592534,4737700,898
7.817592534,4738246,546
7.819880466,4739160,914
7.819880466,4739690,530
7.822168798,4740620,930
7.822168798,4741134,514
7.824552709,4742080,946
7.824552709,4742578,498
7.826840641,4743540,962
7.826840641,4744022,482
7.829128573,4745000,978
7.829128573,4745466,466
7.831416505,4746460,994
7.831416505,4746910,450
7.833704437,4747920,1010
7.833704437,4748354,434
7.835992369,4749380,1026
7.835992369,4749798,418
7.838280301,4750840,1042
7.838280301,4751242,402
7.840657199,4752300,1058
7.840657199,4752686,386
7.842945531,4753760,1074
7.842945531,4754130,370
7.845240476,4755220,1090
7.845240476,4755574,354
7.847528408,4756680,1106
7.847528408,4757018,338
7.849816340,4758140,1122
7.849816340,4758462,322
7.852104272,4759600,1138
7.852104272,4759906,306
7.854250935,4761060,1154
7.854250935,4761350,290
7.856317249,4762520,1170
7.856317249,4762794,274
7.858383563,4763980,1186
7.858383563,4764238,258
7.860449877,4765440,1202
7.860449877,4765682,242
7.862516191,4766900,1218
7.862516191,4767126,226
7.864669550,4768360,1234
7.864669550,4768570,210
7.866735864,4769820,1250
7.866735864,4770014,194
7.868802178,4771280,1266
7.868802178,4771458,178
7.870868492,4772740,1282
7.870868492,4772902,162
7.872934806,4774200,1298
7.872934806,4774346,146
7.875001120,4775660,1314
7.875001120,4775790,130
7.877067434,4777120,1330
7.877067434,4777234,114
7.879214097,4778580,1346
7.879214097,4778678,98
7.881280411,4780040,1362
7.881280411,4780122,82
7.883347125,4781500,1378
7.883347125,4781566,66
7.885419655,4782960,1394
7.885419655,4783010,50
7.887484630,4784420,1410
7.887484630,4784454,34
7.889549605,4785880,1426
7.889549605,4785898,18
7.891694929,4787340,1442
7.891694929,4787342,2
7.893759984,4788794,1452
7.895826298,4788800,6
7.895826298,4790239,1439
7.897892612,4790260,21
7.897892612,4791684,1424
7.899958926,4791720,36
7.899958926,4793129,1409
7.902025240,4793180,51
7.902025240,4794574,1394
7.904091954,4794640,66
7.904091954,4796018,1378
7.906244913,4796100,82
7.906244913,4797462,1362
7.908311227,4797560,98
7.908311227,4798906,1346
7.910377541,4799020,114
7.910377541,4800350,1330
7.912443855,4800480,130
7.912443855,4801794,1314
7.914510169,4801940,146
7.914510169,4803238,1298
7.916576483,4803400,162
7.916576483,4804682,1282
7.918723146,4804860,178
7.918723146,4806126,1266
7.920789460,4806320,194
7.920789460,4807570,1250
7.922856174,4807780,210
7.922856174,4809014,1234
7.924928784,4809240,226
7.924928784,4810458,1218
7.926995098,4810700,242
7.926995098,4811902,1202
7.929061412,4812160,258
7.929061412,4813346,1186
7.931127726,4813620,274
7.931127726,4814790,1170
7.933274389,4815080,290
7.933274389,4816234,1154
7.935340703,4816540,306
7.935340703,4817678,1138
7.937407017,4818000,322
7.937407017,4819122,1122
7.939473331,4819460,338
7.939473331,4820566,1106
7.941539645,4820920,354
7.941539645,4822010,1090
7.943606359,4822380,370
7.943606359,4823454,1074
7.945759318,4823840,386
7.945759318,4824898,1058
7.947825632,4825300,402
7.947825632,4826342,1042
7.949891946,4826760,418
7.949891946,4827786,1026
7.951958260,4828220,434
7.951958260,4829230,1010
7.954395293,4829680,450
7.954395293,4830674,994
7.956927090,4831140,466
7.956927090,4832118,978
7.959364123,4832600,482
7.959364123,4833562,962
7.961801156,4834060,498
7.961801156,4835006,946
7.964238589,4835520,514
7.964238589,4836450,930
7.966683120,4836980,530
7.966683120,4837894,914
7.969120153,4838440,546
7.969120153,4839338,898
7.971557186,4839900,562
7.971557186,4840782,882
7.974088983,4841360,578
7.974088983,4842226,866
7.976526016,4842820,594
7.976526016,4843670,850
7.978963049,4844280,610
7.978963049,4845114,834
7.981400082,4845740,626
7.981400082,4846558,818
7.983837115,4847200,642
7.983837115,4848002,802
7.986274148,4848660,658
7.986274148,4849446,786
7.988813842,4850120,674
7.988813842,4850890,770
7.991250875,4851580,690
7.991250875,4852334,754
7.993687908,4853040,706
7.993687908,4853778,738
7.996124941,4854500,722
7.996124941,4855222,722
7.998561974,4855960,738
7.998561974,4856666,706
8.000999007,4857420,754
8.000999007,4858110,690
8.003436040,4858880,770
8.003436040,4859554,674
8.005967837,4860340,786
8.005967837,4860998,658
8.008404870,4861800,802
8.008404870,4862442,642
8.010842303,4863260,818
8.010842303,4863886,626
8.013286834,4864720,834
8.013286834,4865330,610
8.015723867,4866180,850
8.015723867,4866774,594
8.018160900,4867640,866
8.018160900,4868218,578
8.020692697,4869100,882
8.020692697,4869662,562
8.023129730,4870560,898
8.023129730,4871106,546
8.025566763,4872020,914
8.025566763,4872550,530
8.028003796,4873480,930
8.028003796,4873994,514
8.030440829,4874940,946
8.030440829,4875438,498
8.032877862,4876400,962
8.032877862,4876882,482
8.035315295,4877860,978
8.035315295,4878326,466
8.037854590,4879320,994
8.037854590,4879770,450
8.040291623,4880780,1010
8.040291623,4881214,434
8.042728656,4882240,1026
8.042728656,4882658,418
8.045165689,4883700,1042
8.045165689,4884102,402
8.047602722,4885160,1058
8.047602722,4885546,386
8.050134519,4886620,1074
8.050134519,4886990,370
8.052442522,4888080,1090
8.052442522,4888434,354
8.054750525,4889540,1106
8.054750525,4889878,338
8.057058928,4891000,1122
8.057058928,4891322,322
8.059374010,4892460,1138
8.059374010,4892766,306
8.061682013,4893920,1154
8.061682013,4894210,290
8.064079763,4895380,1170
8.064079763,4895654,274
8.066387766,4896840,1186
8.066387766,4897098,258
8.068695769,4898300,1202
8.068695769,4898542,242
8.071003772,4899760,1218
8.071003772,4899986,226
8.073311775,4901220,1234
8.073311775,4901430,210
8.075619778,4902680,1250
8.075619778,4902874,194
8.077927781,4904140,1266
8.077927781,4904318,178
8.080333010,4905600,1282
8.080333010,4905762,162
8.082641013,4907060,1298
8.082641013,4907206,146
8.084949016,4908520,1314
8.084949016,4908650,130
8.087257019,4909980,1330
8.087257019,4910094,114
8.089565022,4911440,1346
8.089565022,4911538,98
8.091873025,4912900,1362
8.091873025,4912982,82
8.094270775,4914360,1378
8.094270775,4914426,66
8.096578698,4915820,1394
8.096578698,4915870,50
8.098885205,4917280,1410
8.098885205,4917314,34
8.101192112,4918740,1426
8.101192112,4918758,18
8.103505698,4920200,1442
8.103505698,4920202,2
8.105812285,4921654,1452
8.108120288,4921660,6
8.108120288,4923099,1439
8.110428291,4923120,21
8.110428291,4924544,1424
8.112826041,4924580,36
8.112826041,4925989,1409
8.115134044,4926040,51
8.115134044,4927434,1394
8.117442047,4927500,66
8.117442047,4928878,1378
8.119750050,4928960,82
8.119750050,4930322,1362
8.122058053,4930420,98
8.122058053,4931766,1346
8.124366456,4931880,114
8.124366456,4933210,1330
8.126771285,4933340,130
8.126771285,4934654,1314
8.129079288,4934800,146
8.129079288,4936098,1298
8.131387291,4936260,162
8.131387291,4937542,1282
8.133695294,4937720,178
8.133695294,4938986,1266
8.136003297,4939180,194
8.136003297,4940430,1250
8.138311300,4940640,210
8.138311300,4941874,1234
8.140619303,4942100,226
8.140619303,4943318,1218
8.143017053,4943560,242
8.143017053,4944762,1202
8.145325456,4945020,258
8.145325456,4946206,1186
8.147640538,4946480,274
8.147640538,4947650,1170
8.149948541,4947940,290
8.149948541,4949094,1154
8.152256544,4949400,306
8.152256544,4950538,1138
8.154437190,4950860,322
8.154437190,4951982,1122
8.156536215,4952320,338
8.156536215,4953426,1106
8.158635240,4953780,354
8.158635240,4954870,1090
8.160734265,4955240,370
8.160734265,4956314,1074
8.162833290,4956700,386
8.162833290,4957758,1058
8.164932315,4958160,402
8.164932315,4959202,1042
8.167119762,4959620,418
8.167119762,4960646,1026
8.169218787,4961080,434
8.169218787,4962090,1010
8.171317812,4962540,450
8.171317812,4963534,994
8.173416837,4964000,466
8.173416837,4964978,978
8.175515862,4965460,482
8.175515862,4966422,962
8.177614887,4966920,498
8.177614887,4967866,946
8.179713912,4968380,514
8.179713912,4969310,930
8.181894558,4969840,530
8.181894558,4970754,914
8.183993583,4971300,546
8.183993583,4972198,898
8.186093008,4972760,562
8.186093008,4973642,882
8.188198435,4974220,578
8.188198435,4975086,866
8.190297460,4975680,594
8.190297460,4976530,850
8.192396485,4977140,610
8.192396485,4977974,834
8.194577131,4978600,626
8.194577131,4979418,818
8.196676156,4980060,642
8.196676156,4980862,802
8.198775181,4981520,658
8.198775181,4982306,786
8.200874206,4982980,674
8.200874206,4983750,770
8.202973231,4984440,690
8.202973231,4985194,754
8.205072256,4985900,706
8.205072256,4986638,738
8.207171681,4987360,722
8.207171681,4988082,722
8.209358729,4988820,738
8.209358729,4989526,706
8.211457754,4990280,754
8.211457754,4990970,690
8.213556779,4991740,770
8.213556779,4992414,674
8.215655804,4993200,786
8.215655804,4993858,658
8.217754829,4994660,802
8.217754829,4995302,642
8.219853854,4996120,818
8.219853854,4996746,626
8.222034500,4997580,834
8.222034500,4998190,610
8.224133525,4999040,850
8.224133525,4999634,594
8.226232950,5000500,866
8.226232950,5001078,578
8.228338377,5001960,882
8.228338377,5002522,562
8.230437402,5003420,898
8.230437402,5003966,546
8.232618048,5004880,914
8.232618048,5005410,530
8.234717073,5006340,930
8.234717073,5006854,514
8.236816098,5007800,946
8.236816098,5008298,498
8.238915123,5009260,962
8.238915123,5009742,482
8.241014148,5010720,978
8.241014148,5011186,466
8.243113173,5012180,994
8.243113173,5012630,450
8.245212198,5013640,1010
8.245212198,5014074,434
8.247399645,5015100,1026
8.247399645,5015518,418
8.249498670,5016560,1042
8.249498670,5016962,402
8.251597695,5018020,1058
8.251597695,5018406,386
8.253668625,5019480,1074
8.253668625,5019850,370
8.255739555,5020940,1090
8.255739555,5021294,354
8.257810485,5022400,1106
8.257810485,5022738,338
8.259961943,5023860,1122
8.259961943,5024182,322
8.262032873,5025320,1138
8.262032873,5025626,306
8.264103803,5026780,1154
8.264103803,5027070,290
8.266175133,5028240,1170
8.266175133,5028514,274
8.268252374,5029700,1186
8.268252374,5029958,258
8.270323304,5031160,1202
8.270323304,5031402,242
8.272394234,5032620,1218
8.272394234,5032846,226
8.274545692,5034080,1234
8.274545692,5034290,210
8.276616622,5035540,1250
8.276616622,5035734,194
8.278687552,5037000,1266
8.278687552,5037178,178
8.280758482,5038460,1282
8.280758482,5038622,162
8.282829412,5039920,1298
8.282829412,5040066,146
8.284900342,5041380,1314
8.284900342,5041510,130
8.287058511,5042840,1330
8.287058511,5042954,114
8.289129441,5044300,1346
8.289129441,5044398,98
8.291200371,5045760,1362
8.291200371,5045842,82
8.293271301,5047220,1378
8.293271301,5047286,66
8.295342151,5048680,1394
8.295342151,5048730,50
8.297411739,5050140,1410
8.297411739,5050174,34
8.299481327,5051600,1426
8.299481327,5051618,18
8.301550915,5053060,1442
8.301550915,5053062,2
8.303701111,5054514,1452
8.305772441,5054520,6
8.305772441,5055959,1439
8.307849682,5055980,21
8.307849682,5057404,1424
8.309920612,5057440,36
8.309920612,5058849,1409
8.311991542,5058900,51
8.311991542,5060294,1394
8.314143000,5060360,66
8.314143000,5061738,1378
8.316213930,5061820,82
8.316213930,5063182,1362
8.318284860,5063280,98
8.318284860,5064626,1346
8.320355790,5064740,114
8.320355790,5066070,1330
8.322426720,5066200,130
8.322426720,5067514,1314
8.324578578,5067660,146
8.324578578,5068958,1298
8.326655819,5069120,162
8.326655819,5070402,1282
8.328726749,5070580,178
8.328726749,5071846,1266
8.330797679,5072040,194
8.330797679,5073290,1250
8.332868609,5073500,210
8.332868609,5074734,1234
8.334939539,5074960,226
8.334939539,5076178,1218
8.337010469,5076420,242
8.337010469,5077622,1202
8.339081399,5077880,258
8.339081399,5079066,1186
8.341232857,5079340,274
8.341232857,5080510,1170
8.343303787,5080800,290
8.343303787,5081954,1154
8.345375117,5082260,306
8.345375117,5083398,1138
8.347452358,5083720,322
8.347452358,5084842,1122
8.349523288,5085180,338
8.349523288,5086286,1106
8.351674746,5086640,354
8.351674746,5087730,1090
8.353950573,5088100,370
8.353950573,5089174,1074
8.356226400,5089560,386
8.356226400,5090618,1058
8.358502227,5091020,402
8.358502227,5092062,1042
8.360778054,5092480,418
8.360778054,5093506,1026
8.363053881,5093940,434
8.363053881,5094950,1010
8.365329708,5095400,450
8.365329708,5096394,994
8.367605935,5096860,466
8.367605935,5097838,978
8.369977233,5098320,482
8.369977233,5099282,962
8.372253060,5099780,498
8.372253060,5100726,946
8.374528887,5101240,514
8.374528887,5102170,930
8.376804714,5102700,530
8.376804714,5103614,914
8.379080541,5104160,546
8.379080541,5105058,898
8.381444864,5105620,562
8.381444864,5106502,882
8.383720691,5107080,578
8.383720691,5107946,866
8.385996518,5108540,594
8.385996518,5109390,850
8.388272745,5110000,610
8.388272745,5110834,834
8.390555547,5111460,626
8.390555547,5112278,818
8.392919870,5112920,642
8.392919870,5113722,802
8.395195697,5114380,658
8.395195697,5115166,786
8.397471524,5115840,674
8.397471524,5116610,770
8.399747351,5117300,690
8.399747351,5118054,754
8.402023178,5118760,706
8.402023178,5119498,738
8.404299005,5120220,722
8.404299005,5120942,722
8.406574832,5121680,738
8.406574832,5122386,706
8.408850659,5123140,754
8.408850659,5123830,690
8.411222356,5124600,770
8.411222356,5125274,674
8.413498183,5126060,786
8.413498183,5126718,658
8.415774010,5127520,802
8.415774010,5128162,642
8.418049837,5128980,818
8.418049837,5129606,626
8.420325664,5130440,834
8.420325664,5131050,610
8.422689987,5131900,850
8.422689987,5132494,594
8.424965814,5133360,866
8.424965814,5133938,578
8.427241641,5134820,882
8.427241641,5135382,562
8.429517468,5136280,898
8.429517468,5136826,546
8.431793695,5137740,914
8.431793695,5138270,530
8.434076497,5139200,930
8.434076497,5139714,514
8.436352324,5140660,946
8.436352324,5141158,498
8.438628151,5142120,962
8.438628151,5142602,482
8.440992474,5143580,978
8.440992474,5144046,466
8.443268301,5145040,994
8.443268301,5145490,450
8.445544128,5146500,1010
8.445544128,5146934,434
8.447819955,5147960,1026
8.447819955,5148378,418
8.450095782,5149420,1042
8.450095782,5149822,402
8.452345019,5150880,1058
8.452345019,5151266,386
8.454513370,5152340,1074
8.454513370,5152710,370
8.456675116,5153800,1090
8.456675116,5154154,354
8.458836862,5155260,1106
8.458836862,5155598,338
8.460998608,5156720,1122
8.460998608,5157042,322
8.463160354,5158180,1138
8.463160354,5158486,306
8.465322100,5159640,1154
8.465322100,5159930,290
8.467483846,5161100,1170
8.467483846,5161374,274
8.469729652,5162560,1186
8.469729652,5162818,258
8.471891398,5164020,1202
8.471891398,5164262,242
8.474053544,5165480,1218
8.474053544,5165706,226
8.476221895,5166940,1234
8.476221895,5167150,210
8.478383641,5168400,1250
8.478383641,5168594,194
8.480629447,5169860,1266
8.480629447,5170038,178
8.482791193,5171320,1282
8.482791193,5171482,162
8.484952939,5172780,1298
8.484952939,5172926,146
8.487114685,5174240,1314
8.487114685,5174370,130
8.489276431,5175700,1330
8.489276431,5175814,114
8.491522237,5177160,1346
8.491522237,5177258,98
8.493684383,5178620,1362
8.493684383,5178702,82
8.495852734,5180080,1378
8.495852734,5180146,66
8.498014400,5181540,1394
8.498014400,5181590,50
8.500174745,5183000,1410
8.500174745,5183034,34
8.502335090,5184460,1426
8.502335090,5184478,18
8.504495435,5185920,1442
8.504495435,5185922,2
8.506655860,5187374,1452
8.508901666,5187380,6
8.508901666,5188819,1439
8.511063412,5188840,21
8.511063412,5190264,1424
8.513225158,5190300,36
8.513225158,5191709,1409
8.515387304,5191760,51
8.515387304,5193154,1394
8.517555655,5193220,66
8.517555655,5194598,1378
8.519801461,5194680,82
8.519801461,5196042,1362
8.521963207,5196140,98
8.521963207,5197486,1346
8.524124953,5197600,114
8.524124953,5198930,1330
8.526286699,5199060,130
8.526286699,5200374,1314
8.528448445,5200520,146
8.528448445,5201818,1298
8.530610191,5201980,162
8.530610191,5203262,1282
8.532771937,5203440,178
8.532771937,5204706,1266
8.534933683,5204900,194
8.534933683,5206150,1250
8.537186494,5206360,210
8.537186494,5207594,1234
8.539348240,5207820,226
8.539348240,5209038,1218
8.541509986,5209280,242
8.541509986,5210482,1202
8.543671732,5210740,258
8.543671732,5211926,1186
8.545833478,5212200,274
8.545833478,5213370,1170
8.548079284,5213660,290
8.548079284,5214814,1154
8.550241030,5215120,306
8.550241030,5216258,1138
8.552442091,5216580,322
8.552442091,5217702,1122
8.554643152,5218040,338
8.554643152,5219146,1106
8.556844613,5219500,354
8.556844613,5220590,1090
8.559052407,5220960,370
8.559052407,5222034,1074
8.561253468,5222420,386
8.561253468,5223478,1058
8.563454529,5223880,402
8.563454529,5224922,1042
8.565741178,5225340,418
8.565741178,5226366,1026
8.567942239,5226800,434
8.567942239,5227810,1010
8.570143300,5228260,450
8.570143300,5229254,994
8.572344361,5229720,466
8.572344361,5230698,978
8.574545422,5231180,482
8.574545422,5232142,962
8.576832471,5232640,498
8.576832471,5233586,946
8.579040265,5234100,514
8.579040265,5235030,930
8.581241326,5235560,530
8.581241326,5236474,914
8.583442387,5237020,546
8.583442387,5237918,898
8.585643448,5238480,562
8.585643448,5239362,882
8.587930097,5239940,578
8.587930097,5240806,866
8.590131158,5241400,594
8.590131158,5242250,850
8.591129779,5242860,610
8.591129779,5242880,20
