1.05211	0	0	0	0	
1.15425	0	1200	1200	0	
1.15609	0	2400	2400	0	
1.15829	1	0	0	0	
1.16051	1	1456	1456	0	
1.16051	1	1460	1460	0	
1.16473	1	2905	2905	0	
1.16473	1	2920	2920	0	
1.17473	1	4354	4354	0	
1.17473	1	4380	4380	0	
1.26713	1	5803	5803	0	
1.26713	1	5840	5840	0	
1.26924	1	7252	7252	0	
1.26924	1	7300	7300	0	
1.27135	1	8701	8701	0	
1.27135	1	8760	8760	0	
1.27347	1	10150	10150	0	
1.27347	1	10220	10220	0	
1.27558	1	11598	11598	0	
1.27558	1	11680	11680	0	
1.27769	1	13046	13046	0	
1.27769	1	13140	13140	0	
1.28713	1	14494	14494	0	
1.28713	1	14600	14600	0	
1.28924	1	15942	15942	0	
1.28924	1	16060	16060	0	
1.3738	1	17390	17390	0	
1.3738	1	17520	17520	0	
1.37596	1	18834	18834	0	
1.37596	1	18980	18980	0	
1.37813	1	20278	20278	0	
1.37813	1	20440	20440	0	
1.3803	1	21722	21722	0	
1.3803	1	21900	21900	0	
1.38246	1	23166	23166	0	
1.38246	1	23360	23360	0	
1.38463	1	24610	24610	0	
1.38463	1	24820	24820	0	
1.38679	1	26054	26054	0	
1.38679	1	26280	26280	0	
1.38895	1	27498	27498	0	
1.38895	1	27740	27740	0	
1.39112	1	28942	28942	0	
1.39112	1	29200	29200	0	
1.39328	1	30386	30386	0	
1.39328	1	30660	30660	0	
1.39545	1	31830	31830	0	
1.39545	1	32120	32120	0	
1.39761	1	33274	33274	0	
1.39761	1	33580	33580	0	
1.39986	1	34718	34718	0	
1.39986	1	35040	35040	0	
1.40202	1	36162	36162	0	
1.40202	1	36500	36500	0	
1.40418	1	37606	37606	0	
1.40418	1	37960	37960	0	
1.40634	1	39050	39050	0	
1.40634	1	39420	39420	0	
1.4806	1	40494	40494	0	
1.4806	1	40880	40880	0	
1.48278	1	41938	41938	0	
1.48278	1	42340	42340	0	
1.48496	1	43382	43382	0	
1.48496	1	43800	43800	0	
1.48714	1	44826	44826	0	
1.48714	1	45260	45260	0	
1.48932	1	46270	46270	0	
1.48932	1	46720	46720	0	
1.4915	1	47714	47714	0	
1.4915	1	48180	48180	0	
1.49368	1	49158	49158	0	
1.49368	1	49640	49640	0	
1.49586	1	50602	50602	0	
1.49586	1	51100	51100	0	
1.49804	1	52046	52046	0	
1.49804	1	52560	52560	0	
1.50022	1	53490	53490	0	
1.50022	1	54020	54020	0	
1.50239	1	54934	54934	0	
1.50239	1	55480	55480	0	
1.50457	1	56378	56378	0	
1.50457	1	56940	56940	0	
1.50675	1	57822	57822	0	
1.50675	1	58400	58400	0	
1.50893	1	59266	59266	0	
1.50893	1	59860	59860	0	
1.51111	1	60710	60710	0	
1.51111	1	61320	61320	0	
1.51329	1	62154	62154	0	
1.51329	1	62780	62780	0	
1.51546	1	63598	63598	0	
1.51546	1	64240	64240	0	
1.51764	1	65042	65042	0	
1.51764	1	65700	65700	0	
1.5199	1	66486	66486	0	
1.5199	1	67160	67160	0	
1.52208	1	67930	67930	0	
1.52208	1	68620	68620	0	
1.52425	1	69374	69374	0	
1.52425	1	70080	70080	0	
1.52643	1	70818	70818	0	
1.52643	1	71540	71540	0	
1.52861	1	72262	72262	0	
1.52861	1	73000	73000	0	
1.53079	1	73706	73706	0	
1.53079	1	74460	74460	0	
1.53297	1	75150	75150	0	
1.53297	1	75920	75920	0	
1.53515	1	76594	76594	0	
1.53515	1	77380	77380	0	
1.53732	1	78038	78038	0	
1.53732	1	78840	78840	0	
1.5395	1	79482	79482	0	
1.5395	1	80300	80300	0	
1.54176	1	80926	80926	0	
1.54176	1	81760	81760	0	
1.54394	1	82370	82370	0	
1.54394	1	83220	83220	0	
1.54611	1	83814	83814	0	
1.54611	1	84680	84680	0	
1.54829	1	85258	85258	0	
1.54829	1	86140	86140	0	
1.5853	1	86702	86702	0	
1.5853	1	87600	87600	0	
1.58753	1	88146	88146	0	
1.58753	1	89060	89060	0	
1.58977	1	89590	89590	0	
1.58977	1	90520	90520	0	
1.59201	1	91034	91034	0	
1.59201	1	91980	91980	0	
1.59425	1	92478	92478	0	
1.59425	1	93440	93440	0	
1.59649	1	93922	93922	0	
1.59649	1	94900	94900	0	
1.59873	1	95366	95366	0	
1.59873	1	96360	96360	0	
1.60097	1	96810	96810	0	
1.60097	1	97820	97820	0	
1.6032	1	98254	98254	0	
1.6032	1	99280	99280	0	
1.60544	1	99698	99698	0	
1.60544	1	100740	100740	0	
1.60777	1	101142	101142	0	
1.60777	1	102200	102200	0	
1.61001	1	102586	102586	0	
1.61001	1	103660	103660	0	
1.61225	1	104030	104030	0	
1.61225	1	105120	105120	0	
1.61449	1	105474	105474	0	
1.61449	1	106580	106580	0	
1.61673	1	106918	106918	0	
1.61673	1	108040	108040	0	
1.61896	1	108362	108362	0	
1.61896	1	109500	109500	0	
1.6212	1	109806	109806	0	
1.6212	1	110960	110960	0	
1.62344	1	111250	111250	0	
1.62344	1	112420	112420	0	
1.62568	1	112694	112694	0	
1.62568	1	113880	113880	0	
1.62792	1	114138	114138	0	
1.62792	1	115340	115340	0	
1.63016	1	115582	115582	0	
1.63016	1	116800	116800	0	
1.6324	1	117026	117026	0	
1.6324	1	118260	118260	0	
1.63472	1	118470	118470	0	
1.63472	1	119720	119720	0	
1.63696	1	119914	119914	0	
1.63696	1	121180	121180	0	
1.6392	1	121358	121358	0	
1.6392	1	122640	122640	0	
1.64144	1	122802	122802	0	
1.64144	1	124100	124100	0	
1.64368	1	124246	124246	0	
1.64368	1	125560	125560	0	
1.64592	1	125690	125690	0	
1.64592	1	127020	127020	0	
1.64815	1	127134	127134	0	
1.64815	1	128480	128480	0	
1.65039	1	128578	128578	0	
1.65039	1	129940	129940	0	
1.65264	1	130022	130022	0	
1.65264	1	131400	131400	0	
1.65489	1	131466	131466	0	
1.65489	1	132860	132860	0	
1.65714	1	132910	132910	0	
1.65714	1	134320	134320	0	
1.65938	1	134354	134354	0	
1.65938	1	135780	135780	0	
1.66171	1	135798	135798	0	
1.66171	1	137240	137240	0	
1.66396	1	137242	137242	0	
1.6662	1	138694	138694	0	
1.6662	1	138700	138700	0	
1.66845	1	140139	140139	0	
1.66845	1	140160	140160	0	
1.6707	1	141584	141584	0	
1.6707	1	141620	141620	0	
1.67294	1	143029	143029	0	
1.67294	1	143080	143080	0	
1.67519	1	144474	144474	0	
1.67519	1	144540	144540	0	
1.67744	1	145918	145918	0	
1.67744	1	146000	146000	0	
1.67969	1	147362	147362	0	
1.67969	1	147460	147460	0	
1.68194	1	148806	148806	0	
1.68194	1	148920	148920	0	
1.68418	1	150250	150250	0	
1.68418	1	150380	150380	0	
1.68643	1	151694	151694	0	
1.68643	1	151840	151840	0	
1.68868	1	153138	153138	0	
1.68868	1	153300	153300	0	
1.69092	1	154582	154582	0	
1.69092	1	154760	154760	0	
1.69317	1	156026	156026	0	
1.69317	1	156220	156220	0	
1.69542	1	157470	157470	0	
1.69542	1	157680	157680	0	
1.69775	1	158914	158914	0	
1.69775	1	159140	159140	0	
1.7	1	160358	160358	0	
1.7	1	160600	160600	0	
1.70225	1	161802	161802	0	
1.70225	1	162060	162060	0	
1.7045	1	163246	163246	0	
1.7045	1	163520	163520	0	
1.70674	1	164690	164690	0	
1.70674	1	164980	164980	0	
1.70899	1	166134	166134	0	
1.70899	1	166440	166440	0	
1.71124	1	167578	167578	0	
1.71124	1	167900	167900	0	
1.71348	1	169022	169022	0	
1.71348	1	169360	169360	0	
1.71573	1	170466	170466	0	
1.71573	1	170820	170820	0	
1.71798	1	171910	171910	0	
1.71798	1	172280	172280	0	
1.72031	1	173354	173354	0	
1.72031	1	173740	173740	0	
1.72256	1	174798	174798	0	
1.72256	1	175200	175200	0	
1.72481	1	176242	176242	0	
1.72481	1	176660	176660	0	
1.72705	1	177686	177686	0	
1.72705	1	178120	178120	0	
1.72938	1	179130	179130	0	
1.72938	1	179580	179580	0	
1.73163	1	180574	180574	0	
1.73163	1	181040	181040	0	
1.73388	1	182018	182018	0	
1.73388	1	182500	182500	0	
1.73612	1	183462	183462	0	
1.73612	1	183960	183960	0	
1.73837	1	184906	184906	0	
1.73837	1	185420	185420	0	
1.74062	1	186350	186350	0	
1.74062	1	186880	186880	0	
1.74295	1	187794	187794	0	
1.74295	1	188340	188340	0	
1.7452	1	189238	189238	0	
1.7452	1	189800	189800	0	
1.74745	1	190682	190682	0	
1.74745	1	191260	191260	0	
1.74969	1	192126	192126	0	
1.74969	1	192720	192720	0	
1.75194	1	193570	193570	0	
1.75194	1	194180	194180	0	
1.75441	1	195014	195014	0	
1.75441	1	195640	195640	0	
1.75687	1	196458	196458	0	
1.75687	1	197100	197100	0	
1.75933	1	197902	197902	0	
1.75933	1	198560	198560	0	
1.7618	1	199346	199346	0	
1.7618	1	200020	200020	0	
1.76426	1	200790	200790	0	
1.76426	1	201480	201480	0	
1.76672	1	202234	202234	0	
1.76672	1	202940	202940	0	
1.76919	1	203678	203678	0	
1.76919	1	204400	204400	0	
1.77166	1	205122	205122	0	
1.77166	1	205860	205860	0	
1.77412	1	206566	206566	0	
1.77412	1	207320	207320	0	
1.77658	1	208010	208010	0	
1.77658	1	208780	208780	0	
1.77905	1	209454	209454	0	
1.77905	1	210240	210240	0	
1.7816	1	210898	210898	0	
1.7816	1	211700	211700	0	
1.78407	1	212342	212342	0	
1.78407	1	213160	213160	0	
1.78653	1	213786	213786	0	
1.78653	1	214620	214620	0	
1.78899	1	215230	215230	0	
1.78899	1	216080	216080	0	
1.79146	1	216674	216674	0	
1.79146	1	217540	217540	0	
1.79393	1	218118	218118	0	
1.79393	1	219000	219000	0	
1.79639	1	219562	219562	0	
1.79639	1	220460	220460	0	
1.79886	1	221006	221006	0	
1.79886	1	221920	221920	0	
1.80132	1	222450	222450	0	
1.80132	1	223380	223380	0	
1.80378	1	223894	223894	0	
1.80378	1	224840	224840	0	
1.80625	1	225338	225338	0	
1.80625	1	226300	226300	0	
1.80871	1	226782	226782	0	
1.80871	1	227760	227760	0	
1.81126	1	228226	228226	0	
1.81126	1	229220	229220	0	
1.81373	1	229670	229670	0	
1.81373	1	230680	230680	0	
1.81619	1	231114	231114	0	
1.81619	1	232140	232140	0	
1.81866	1	232558	232558	0	
1.81866	1	233600	233600	0	
1.82113	1	234002	234002	0	
1.82113	1	235060	235060	0	
1.82359	1	235446	235446	0	
1.82359	1	236520	236520	0	
1.82605	1	236890	236890	0	
1.82605	1	237980	237980	0	
1.82852	1	238334	238334	0	
1.82852	1	239440	239440	0	
1.83098	1	239778	239778	0	
1.83098	1	240900	240900	0	
1.83344	1	241222	241222	0	
1.83344	1	242360	242360	0	
1.83591	1	242666	242666	0	
1.83591	1	243820	243820	0	
1.83837	1	244110	244110	0	
1.83837	1	245280	245280	0	
1.84083	1	245554	245554	0	
1.84083	1	246740	246740	0	
1.8433	1	246998	246998	0	
1.8433	1	248200	248200	0	
1.84577	1	248442	248442	0	
1.84577	1	249660	249660	0	
1.84823	1	249886	249886	0	
1.84823	1	251120	251120	0	
1.85079	1	251330	251330	0	
1.85079	1	252580	252580	0	
1.85293	1	252774	252774	0	
1.85293	1	254040	254040	0	
1.85508	1	254218	254218	0	
1.85508	1	255500	255500	0	
1.85722	1	255662	255662	0	
1.85722	1	256960	256960	0	
1.85936	1	257106	257106	0	
1.85936	1	258420	258420	0	
1.86151	1	258550	258550	0	
1.86151	1	259880	259880	0	
1.86365	1	259994	259994	0	
1.86365	1	261340	261340	0	
1.86579	1	261438	261438	0	
1.86579	1	262800	262800	0	
1.86794	1	262882	262882	0	
1.86794	1	264260	264260	0	
1.87009	1	264326	264326	0	
1.87009	1	265720	265720	0	
1.87233	1	265770	265770	0	
1.87233	1	267180	267180	0	
1.87442	1	267214	267214	0	
1.87442	1	268640	268640	0	
1.87659	1	268658	268658	0	
1.87659	1	270100	270100	0	
1.88093	1	270102	270102	0	
1.88521	1	271554	271554	0	
1.88521	1	271560	271560	0	
1.88868	1	272999	272999	0	
1.88868	1	273020	273020	0	
1.89077	1	274444	274444	0	
1.89077	1	274480	274480	0	
1.89286	1	275889	275889	0	
1.89286	1	275940	275940	0	
1.89495	1	277334	277334	0	
1.89495	1	277400	277400	0	
1.89704	1	278778	278778	0	
1.89704	1	278860	278860	0	
1.89913	1	280222	280222	0	
1.89913	1	280320	280320	0	
1.90122	1	281666	281666	0	
1.90122	1	281780	281780	0	
1.90339	1	283110	283110	0	
1.90339	1	283240	283240	0	
1.90548	1	284554	284554	0	
1.90548	1	284700	284700	0	
1.90757	1	285998	285998	0	
1.90757	1	286160	286160	0	
1.90966	1	287442	287442	0	
1.90966	1	287620	287620	0	
1.91175	1	288886	288886	0	
1.91175	1	289080	289080	0	
1.91384	1	290330	290330	0	
1.91384	1	290540	290540	0	
1.91593	1	291774	291774	0	
1.91593	1	292000	292000	0	
1.91803	1	293218	293218	0	
1.91803	1	293460	293460	0	
1.92012	1	294662	294662	0	
1.92012	1	294920	294920	0	
1.92221	1	296106	296106	0	
1.92221	1	296380	296380	0	
1.9243	1	297550	297550	0	
1.9243	1	297840	297840	0	
1.92639	1	298994	298994	0	
1.92639	1	299300	299300	0	
1.92848	1	300438	300438	0	
1.92848	1	300760	300760	0	
1.93057	1	301882	301882	0	
1.93057	1	302220	302220	0	
1.93266	1	303326	303326	0	
1.93266	1	303680	303680	0	
1.93475	1	304770	304770	0	
1.93475	1	305140	305140	0	
1.93684	1	306214	306214	0	
1.93684	1	306600	306600	0	
1.93893	1	307658	307658	0	
1.93893	1	308060	308060	0	
1.9411	1	309102	309102	0	
1.9411	1	309520	309520	0	
1.94319	1	310546	310546	0	
1.94319	1	310980	310980	0	
1.94528	1	311990	311990	0	
1.94528	1	312440	312440	0	
1.94737	1	313434	313434	0	
1.94737	1	313900	313900	0	
1.94946	1	314878	314878	0	
1.94946	1	315360	315360	0	
1.95156	1	316322	316322	0	
1.95156	1	316820	316820	0	
1.95362	1	317766	317766	0	
1.95362	1	318280	318280	0	
1.95568	1	319210	319210	0	
1.95568	1	319740	319740	0	
1.95774	1	320654	320654	0	
1.95774	1	321200	321200	0	
1.9598	1	322098	322098	0	
1.9598	1	322660	322660	0	
1.96228	1	323542	323542	0	
1.96228	1	324120	324120	0	
1.96434	1	324986	324986	0	
1.96434	1	325580	325580	0	
1.9664	1	326430	326430	0	
1.9664	1	327040	327040	0	
1.96846	1	327874	327874	0	
1.96846	1	328500	328500	0	
1.97052	1	329318	329318	0	
1.97052	1	329960	329960	0	
1.97258	1	330762	330762	0	
1.97258	1	331420	331420	0	
1.97464	1	332206	332206	0	
1.97464	1	332880	332880	0	
1.9767	1	333650	333650	0	
1.9767	1	334340	334340	0	
1.97876	1	335094	335094	0	
1.97876	1	335800	335800	0	
1.98082	1	336538	336538	0	
1.98082	1	337260	337260	0	
1.98288	1	337982	337982	0	
1.98288	1	338720	338720	0	
1.98494	1	339426	339426	0	
1.98494	1	340180	340180	0	
1.98701	1	340870	340870	0	
1.98701	1	341640	341640	0	
1.98907	1	342314	342314	0	
1.98907	1	343100	343100	0	
1.99113	1	343758	343758	0	
1.99113	1	344560	344560	0	
1.99319	1	345202	345202	0	
1.99319	1	346020	346020	0	
1.99525	1	346646	346646	0	
1.99525	1	347480	347480	0	
1.99731	1	348090	348090	0	
1.99731	1	348940	348940	0	
1.99945	1	349534	349534	0	
1.99945	1	350400	350400	0	
2.00151	1	350978	350978	0	
2.00151	1	351860	351860	0	
2.00357	1	352422	352422	0	
2.00357	1	353320	353320	0	
2.00563	1	353866	353866	0	
2.00563	1	354780	354780	0	
2.00769	1	355310	355310	0	
2.00769	1	356240	356240	0	
2.00975	1	356754	356754	0	
2.00975	1	357700	357700	0	
2.01181	1	358198	358198	0	
2.01181	1	359160	359160	0	
2.01387	1	359642	359642	0	
2.01387	1	360620	360620	0	
2.01593	1	361086	361086	0	
2.01593	1	362080	362080	0	
2.01799	1	362530	362530	0	
2.01799	1	363540	363540	0	
2.02014	1	363974	363974	0	
2.02014	1	365000	365000	0	
2.0222	1	365418	365418	0	
2.0222	1	366460	366460	0	
2.02448	1	366862	366862	0	
2.02448	1	367920	367920	0	
2.02654	1	368306	368306	0	
2.02654	1	369380	369380	0	
2.0286	1	369750	369750	0	
2.0286	1	370840	370840	0	
2.03066	1	371194	371194	0	
2.03066	1	372300	372300	0	
2.03272	1	372638	372638	0	
2.03272	1	373760	373760	0	
2.03478	1	374082	374082	0	
2.03478	1	375220	375220	0	
2.03684	1	375526	375526	0	
2.03684	1	376680	376680	0	
2.03891	1	376970	376970	0	
2.03891	1	378140	378140	0	
2.04097	1	378414	378414	0	
2.04097	1	379600	379600	0	
2.04303	1	379858	379858	0	
2.04303	1	381060	381060	0	
2.04509	1	381302	381302	0	
2.04509	1	382520	382520	0	
2.04715	1	382746	382746	0	
2.04715	1	383980	383980	0	
2.04929	1	384190	384190	0	
2.04929	1	385440	385440	0	
2.05135	1	385634	385634	0	
2.05135	1	386900	386900	0	
2.0535	1	387078	387078	0	
2.0535	1	388360	388360	0	
2.05564	1	388522	388522	0	
2.05564	1	389820	389820	0	
2.05779	1	389966	389966	0	
2.05779	1	391280	391280	0	
2.05993	1	391410	391410	0	
2.05993	1	392740	392740	0	
2.06208	1	392854	392854	0	
2.06208	1	394200	394200	0	
2.06422	1	394298	394298	0	
2.06422	1	395660	395660	0	
2.06637	1	395742	395742	0	
2.06637	1	397120	397120	0	
2.06851	1	397186	397186	0	
2.06851	1	398580	398580	0	
2.07516	1	398630	400074	0	
2.07516	1	398630	401500	1426	
2.07969	1	398630	401518	1444	
2.07969	1	398630	402960	2886	
2.08409	1	398630	402962	2888	
2.08677	1	398630	404414	4340	
2.08677	1	398630	404420	4346	
2.08891	1	398630	405859	5785	
2.08891	1	398630	405880	5806	
2.09106	1	398630	407304	7230	
2.09106	1	398630	407340	7266	
2.0932	1	398630	408749	8675	
2.0932	1	398630	408800	8726	
2.09535	1	398630	410194	10120	
2.09535	1	398630	410260	10186	
2.09749	1	398630	411638	11564	
2.09749	1	398630	411720	11646	
2.09964	1	398630	413082	13008	
2.09964	1	398630	413180	13106	
2.10178	1	398630	414526	14452	
2.10178	1	398630	414640	14566	
2.10393	1	398630	415970	15896	
2.10393	1	398630	416100	16026	
2.10608	1	398630	417414	17340	
2.10608	1	398630	417560	17486	
2.10831	1	398630	418858	18784	
2.10831	1	398630	419020	18946	
2.11045	1	398630	420302	20228	
2.11045	1	398630	420480	20406	
2.1126	1	398630	421746	21672	
2.1126	1	398630	421940	21866	
2.11474	1	398630	423190	23116	
2.11474	1	398630	423400	23326	
2.11689	1	398630	424634	24560	
2.11689	1	398630	424860	24786	
2.11903	1	398630	426078	26004	
2.11903	1	398630	426320	26246	
2.12118	1	398630	427522	27448	
2.12118	1	398630	427780	27706	
2.12333	1	398630	428966	28892	
2.12333	1	398630	429240	29166	
2.12547	1	398630	430410	30336	
2.12547	1	398630	430700	30626	
2.12762	1	398630	431854	31780	
2.12762	1	398630	432160	32086	
2.12976	1	398630	433298	33224	
2.12976	1	398630	433620	33546	
2.13191	1	398630	434742	34668	
2.13191	1	398630	435080	35006	
2.13405	1	398630	436186	36112	
2.13405	1	398630	436540	36466	
2.1362	1	398630	437630	37556	
2.1362	1	398630	438000	37926	
2.13834	1	398630	439074	39000	
2.13834	1	398630	439460	39386	
2.14049	1	398630	440518	40444	
2.14049	1	398630	440920	40846	
2.14272	1	398630	441962	41888	
2.14272	1	398630	442380	42306	
2.14487	1	398630	443406	43332	
2.14487	1	398630	443840	43766	
2.14701	1	398630	444850	44776	
2.14701	1	398630	445300	45226	
2.14916	1	398630	446294	46220	
2.14916	1	398630	446760	46686	
2.1513	1	398630	447738	47664	
2.1513	1	398630	448220	48146	
2.15337	1	398630	449182	49108	
2.15337	1	398630	449680	49606	
2.15543	1	398630	450626	50552	
2.15543	1	398630	451140	51066	
2.1575	1	398630	452070	51996	
2.1575	1	398630	452600	52526	
2.15956	1	398630	453514	53440	
2.15956	1	398630	454060	53986	
2.16163	1	398630	454958	54884	
2.16163	1	398630	455520	55446	
2.16369	1	398630	456402	56328	
2.16369	1	398630	456980	56906	
2.16576	1	398630	457846	57772	
2.16576	1	398630	458440	58366	
2.1679	1	398630	459290	59216	
2.1679	1	398630	459900	59826	
2.16997	1	398630	460734	60660	
2.16997	1	398630	461360	61286	
2.17209	1	398630	462178	62104	
2.17209	1	398630	462820	62746	
2.17421	1	398630	463622	63548	
2.17421	1	398630	464280	64206	
2.17628	1	398630	465066	64992	
2.17628	1	398630	465740	65666	
2.1784	1	398630	466510	66436	
2.1784	1	398630	467200	67126	
2.18064	1	398630	467954	67880	
2.18064	1	398630	468660	68586	
2.1827	1	398630	469398	69324	
2.1827	1	398630	470120	70046	
2.18477	1	398630	470842	70768	
2.18477	1	398630	471580	71506	
2.18683	1	398630	472286	72212	
2.18683	1	398630	473040	72966	
2.18898	1	398630	473730	73656	
2.18898	1	398630	474500	74426	
2.19104	1	398630	475174	75100	
2.19104	1	398630	475960	75886	
2.19311	1	398630	476618	76544	
2.19311	1	398630	477420	77346	
2.19517	1	398630	478062	77988	
2.19517	1	398630	478880	78806	
2.19724	1	398630	479506	79432	
2.19724	1	398630	480340	80266	
2.1993	1	398630	480950	80876	
2.1993	1	398630	481800	81726	
2.20137	1	398630	482394	82320	
2.20137	1	398630	483260	83186	
2.20343	1	398630	483838	83764	
2.20343	1	398630	484720	84646	
2.2055	1	398630	485282	85208	
2.2055	1	398630	486180	86106	
2.20756	1	398630	486726	86652	
2.20756	1	398630	487640	87566	
2.20963	1	398630	488170	88096	
2.20963	1	398630	489100	89026	
2.21169	1	398630	489614	89540	
2.21169	1	398630	490560	90486	
2.21376	1	398630	491058	90984	
2.21376	1	398630	492020	91946	
2.21582	1	398630	492502	92428	
2.21582	1	398630	493480	93406	
2.21789	1	398630	493946	93872	
2.21789	1	398630	494940	94866	
2.21995	1	398630	495390	95316	
2.21995	1	398630	496400	96326	
2.22202	1	398630	496834	96760	
2.22202	1	398630	497860	97786	
2.22408	1	398630	498278	98204	
2.22408	1	398630	499320	99246	
2.22623	1	398630	499722	99648	
2.22623	1	398630	500780	100706	
2.2283	1	398630	501166	101092	
2.2283	1	398630	502240	102166	
2.23036	1	398630	502610	102536	
2.23036	1	398630	503700	103626	
2.23243	1	398630	504054	103980	
2.23243	1	398630	505160	105086	
2.23449	1	398630	505498	105424	
2.23449	1	398630	506620	106546	
2.23655	1	398630	506942	106868	
2.23655	1	398630	508080	108006	
2.23862	1	398630	508386	108312	
2.23862	1	398630	509540	109466	
2.24068	1	398630	509830	109756	
2.24068	1	398630	511000	110926	
2.24275	1	398630	511274	111200	
2.24275	1	398630	512460	112386	
2.24481	1	398630	512718	112644	
2.24481	1	398630	513920	113846	
2.24696	1	398630	514162	114088	
2.24696	1	398630	515380	115306	
2.24903	1	398630	515606	115532	
2.24903	1	398630	516840	116766	
2.25109	1	398630	517050	116976	
2.25109	1	398630	518300	118226	
2.25349	1	398630	518494	118420	
2.25349	1	398630	519760	119686	
2.25555	1	398630	519938	119864	
2.25555	1	398630	521220	121146	
2.25761	1	398630	521382	121308	
2.25761	1	398630	522680	122606	
2.25967	1	398630	522826	122752	
2.25967	1	398630	524140	124066	
2.26173	1	398630	524270	124196	
2.26173	1	398630	525600	125526	
2.26379	1	398630	525714	125640	
2.26379	1	398630	527060	126986	
2.27018	1	398630	530046	127084	
2.27018	1	398630	531440	128478	
2.2727	1	398630	532934	128528	
2.2727	1	398630	534360	129954	
2.27476	1	398630	534378	129972	
2.27476	1	398630	535820	131414	
2.27682	1	398630	535822	131416	
2.27888	1	398630	537274	132868	
2.27888	1	398630	537280	132874	
2.28094	1	398630	538719	134313	
2.28094	1	398630	538740	134334	
2.28308	1	398630	540164	135758	
2.28308	1	398630	540200	135794	
2.28514	1	398630	541609	137203	
2.28514	1	398630	541660	137254	
2.2872	1	398630	543054	138648	
2.2872	1	398630	543120	138714	
2.28926	1	398630	544498	140092	
2.28926	1	398630	544580	140174	
2.29132	1	398630	545942	141536	
2.29132	1	398630	546040	141634	
2.29338	1	398630	547386	142980	
2.29338	1	398630	547500	143094	
2.29544	1	398630	548830	144424	
2.29544	1	398630	548960	144554	
2.2975	1	398630	550274	145868	
2.2975	1	398630	550420	146014	
2.29956	1	398630	551718	147312	
2.29956	1	398630	551880	147474	
2.30162	1	398630	553162	148756	
2.30162	1	398630	553340	148934	
2.30376	1	398630	554606	150200	
2.30376	1	398630	554800	150394	
2.30582	1	398630	556050	151644	
2.30582	1	398630	556260	151854	
2.30788	1	398630	557494	153088	
2.30788	1	398630	557720	153314	
2.30994	1	398630	558938	154532	
2.30994	1	398630	559180	154774	
2.31201	1	398630	560382	155976	
2.31201	1	398630	560640	156234	
2.31407	1	398630	561826	157420	
2.31407	1	398630	562100	157694	
2.31613	1	398630	563270	158864	
2.31613	1	398630	563560	159154	
2.31819	1	398630	564714	160308	
2.31819	1	398630	565020	160614	
2.32025	1	398630	566158	161752	
2.32025	1	398630	566480	162074	
2.32231	1	398630	567602	163196	
2.32231	1	398630	567940	163534	
2.32437	1	398630	569046	164640	
2.32437	1	398630	569400	164994	
2.32643	1	398630	570490	166084	
2.32643	1	398630	570860	166454	
2.32858	1	398630	571934	167528	
2.32858	1	398630	572320	167914	
2.33064	1	398630	573378	168972	
2.33064	1	398630	573780	169374	
2.3327	1	398630	574822	170416	
2.3327	1	398630	575240	170834	
2.33476	1	398630	576266	171860	
2.33476	1	398630	576700	172294	
2.33682	1	398630	577710	173304	
2.33682	1	398630	578160	173754	
2.33888	1	398630	579154	174748	
2.33888	1	398630	579620	175214	
2.34094	1	398630	580598	176192	
2.34094	1	398630	581080	176674	
2.343	1	398630	582042	177636	
2.343	1	398630	582540	178134	
2.34506	1	398630	583486	179080	
2.34506	1	398630	584000	179594	
2.34712	1	398630	584930	180524	
2.34712	1	398630	585460	181054	
2.34918	1	398630	586374	181968	
2.34918	1	398630	586920	182514	
2.35124	1	398630	587818	183412	
2.35124	1	398630	588380	183974	
2.35328	1	398630	589262	184856	
2.35328	1	398630	589840	185434	
2.35531	1	398630	590706	186300	
2.35531	1	398630	591300	186894	
2.35735	1	398630	592150	187744	
2.35735	1	398630	592760	188354	
2.35939	1	398630	593594	189188	
2.35939	1	398630	594220	189814	
2.3615	1	398630	595038	190632	
2.3615	1	398630	595680	191274	
2.36354	1	398630	596482	192076	
2.36354	1	398630	597140	192734	
2.36558	1	398630	597926	193520	
2.36558	1	398630	598600	194194	
2.36762	1	398630	599370	194964	
2.36762	1	398630	600060	195654	
2.36965	1	398630	600814	196408	
2.36965	1	398630	601520	197114	
2.37169	1	398630	602258	197852	
2.37169	1	398630	602980	198574	
2.37373	1	398630	603702	199296	
2.37373	1	398630	604440	200034	
2.37576	1	398630	605146	200740	
2.37576	1	398630	605900	201494	
2.3778	1	398630	606590	202184	
2.3778	1	398630	607360	202954	
2.37984	1	398630	608034	203628	
2.37984	1	398630	608820	204414	
2.38187	1	398630	609478	205072	
2.38187	1	398630	610280	205874	
2.38391	1	398630	610922	206516	
2.38391	1	398630	611740	207334	
2.38603	1	398630	612366	207960	
2.38603	1	398630	613200	208794	
2.38807	1	398630	613810	209404	
2.38807	1	398630	614660	210254	
2.3901	1	398630	615254	210848	
2.3901	1	398630	616120	211714	
2.39214	1	398630	616698	212292	
2.39214	1	398630	617580	213174	
2.39418	1	398630	618142	213736	
2.39418	1	398630	619040	214634	
2.39621	1	398630	619586	215180	
2.39621	1	398630	620500	216094	
2.39825	1	398630	621030	216624	
2.39825	1	398630	621960	217554	
2.40029	1	398630	622474	218068	
2.40029	1	398630	623420	219014	
2.40232	1	398630	623918	219512	
2.40232	1	398630	624880	220474	
2.40436	1	398630	625362	220956	
2.40436	1	398630	626340	221934	
2.4064	1	398630	626806	222400	
2.4064	1	398630	627800	223394	
2.40843	1	398630	628250	223844	
2.40843	1	398630	629260	224854	
2.41047	1	398630	629694	225288	
2.41047	1	398630	630720	226314	
2.41251	1	398630	631138	226732	
2.41251	1	398630	632180	227774	
2.41454	1	398630	632582	228176	
2.41454	1	398630	633640	229234	
2.41658	1	398630	634026	229620	
2.41658	1	398630	635100	230694	
2.4187	1	398630	635470	231064	
2.4187	1	398630	636560	232154	
2.42074	1	398630	636914	232508	
2.42074	1	398630	638020	233614	
2.42277	1	398630	638358	233952	
2.42277	1	398630	639480	235074	
2.42481	1	398630	639802	235396	
2.42481	1	398630	640940	236534	
2.42685	1	398630	641246	236840	
2.42685	1	398630	642400	237994	
2.42888	1	398630	642690	238284	
2.42888	1	398630	643860	239454	
2.43092	1	398630	644134	239728	
2.43092	1	398630	645320	240914	
2.43296	1	398630	645578	241172	
2.43296	1	398630	646780	242374	
2.43499	1	398630	647022	242616	
2.43499	1	398630	648240	243834	
2.43703	1	398630	648466	244060	
2.43703	1	398630	649700	245294	
2.43907	1	398630	649910	245504	
2.43907	1	398630	651160	246754	
2.4411	1	398630	651354	246948	
2.4411	1	398630	652620	248214	
2.44322	1	398630	652798	248392	
2.44322	1	398630	654080	249674	
2.44526	1	398630	654242	249836	
2.44526	1	398630	655540	251134	
2.4473	1	398630	655686	251280	
2.4473	1	398630	657000	252594	
2.44933	1	398630	657130	252724	
2.44933	1	398630	658460	254054	
2.45137	1	398630	658574	254168	
2.45137	1	398630	659920	255514	
2.45369	1	398630	660018	255612	
2.45369	1	398630	661380	256974	
2.45601	1	398630	661462	257056	
2.45601	1	398630	662840	258434	
2.45833	1	398630	662906	258500	
2.45833	1	398630	664300	259894	
2.46065	1	398630	664350	259944	
2.46065	1	398630	665760	261354	
2.46297	1	398630	665794	261388	
2.46297	1	398630	667220	262814	
2.46539	1	398630	667238	262832	
2.46539	1	398630	668680	264274	
2.46771	1	398630	668682	264276	
2.47003	1	398630	670134	265728	
2.47003	1	398630	670140	265734	
2.47235	1	398630	673024	267173	
2.47235	1	398630	673060	267209	
2.47467	1	398630	674469	268618	
2.47467	1	398630	674520	268669	
2.47699	1	398630	675914	270063	
2.47699	1	398630	675980	270129	
2.47931	1	398630	677358	271507	
2.47931	1	398630	677440	271589	
2.48163	1	398630	678802	272951	
2.48163	1	398630	678900	273049	
2.48395	1	398630	680246	274395	
2.48395	1	398630	680360	274509	
2.48627	1	398630	681690	275839	
2.48627	1	398630	681820	275969	
2.48859	1	398630	683134	277283	
2.48859	1	398630	683280	277429	
2.49092	1	398630	684578	278727	
2.49092	1	398630	684740	278889	
2.49324	1	398630	686022	280171	
2.49324	1	398630	686200	280349	
2.49556	1	398630	687466	281615	
2.49556	1	398630	687660	281809	
2.49788	1	398630	688910	283059	
2.49788	1	398630	689120	283269	
2.5002	1	398630	690354	284503	
2.5002	1	398630	690580	284729	
2.50252	1	398630	691798	285947	
2.50252	1	398630	692040	286189	
2.50493	1	398630	693242	287391	
2.50493	1	398630	693500	287649	
2.50725	1	398630	694686	288835	
2.50725	1	398630	694960	289109	
2.50957	1	398630	696130	290279	
2.50957	1	398630	696420	290569	
2.51189	1	398630	697574	291723	
2.51189	1	398630	697880	292029	
2.51422	1	398630	699018	293167	
2.51422	1	398630	699340	293489	
2.51654	1	398630	700462	294611	
2.51654	1	398630	700800	294949	
2.51886	1	398630	701906	296055	
2.51886	1	398630	702260	296409	
2.52118	1	398630	703350	297499	
2.52118	1	398630	703720	297869	
2.5235	1	398630	706238	298943	
2.5235	1	398630	706640	299345	
2.52591	1	398630	707682	300387	
2.52591	1	398630	708100	300805	
2.52823	1	398630	709126	301831	
2.52823	1	398630	709560	302265	
2.53055	1	398630	710570	303275	
2.53055	1	398630	711020	303725	
2.53287	1	398630	712014	304719	
2.53287	1	398630	712480	305185	
2.53519	1	398630	713458	306163	
2.53519	1	398630	713940	306645	
2.53752	1	398630	714902	307607	
2.53752	1	398630	715400	308105	
2.53984	1	398630	716346	309051	
2.53984	1	398630	716860	309565	
2.54216	1	398630	717790	310495	
2.54216	1	398630	718320	311025	
2.54448	1	398630	719234	311939	
2.54448	1	398630	719780	312485	
2.5468	1	398630	720678	313383	
2.5468	1	398630	721240	313945	
2.54912	1	398630	722122	314827	
2.54912	1	398630	722700	315405	
2.55144	1	398630	723566	316271	
2.55144	1	398630	724160	316865	
2.55371	1	398630	725010	317715	
2.55371	1	398630	725620	318325	
2.55589	1	398630	726454	319159	
2.55589	1	398630	727080	319785	
2.55807	1	398630	727898	320603	
2.55807	1	398630	728540	321245	
2.56025	1	398630	729342	322047	
2.56025	1	398630	730000	322705	
2.56243	1	398630	730786	323491	
2.56243	1	398630	731460	324165	
2.56461	1	398630	732230	324935	
2.56461	1	398630	732920	325625	
2.5668	1	398630	733674	326379	
2.5668	1	398630	734380	327085	
2.56898	1	398630	736562	327823	
2.56898	1	398630	737300	328561	
2.57116	1	398630	738006	329267	
2.57116	1	398630	738760	330021	
2.57334	1	398630	739450	330711	
2.57334	1	398630	740220	331481	
2.57552	1	398630	740894	332155	
2.57552	1	398630	741680	332941	
2.5777	1	398630	742338	333599	
2.5777	1	398630	743140	334401	
2.58213	1	398630	743782	335043	
2.58213	1	398630	744600	335861	
2.58438	1	398630	745226	336487	
2.58438	1	398630	746060	337321	
2.58656	1	398630	746670	337931	
2.58656	1	398630	747520	338781	
2.58883	1	398630	748114	339375	
2.58883	1	398630	748980	340241	
2.59101	1	398630	749558	340819	
2.59101	1	398630	750440	341701	
2.59319	1	398630	751002	342263	
2.59319	1	398630	751900	343161	
2.59537	1	398630	752446	343707	
2.59537	1	398630	753360	344621	
2.59756	1	398630	753890	345151	
2.59756	1	398630	754820	346081	
2.59974	1	398630	755334	346595	
2.59974	1	398630	756280	347541	
2.60192	1	398630	756778	348039	
2.60192	1	398630	757740	349001	
2.6041	1	398630	759666	349483	
2.6041	1	398630	760660	350477	
2.60628	1	398630	761110	350927	
2.60628	1	398630	762120	351937	
2.60846	1	398630	762554	352371	
2.60846	1	398630	763580	353397	
2.61064	1	398630	763998	353815	
2.61064	1	398630	765040	354857	
2.61291	1	398630	765442	355259	
2.61291	1	398630	766500	356317	
2.61509	1	398630	766886	356703	
2.61509	1	398630	767960	357777	
2.61727	1	398630	768330	358147	
2.61727	1	398630	769420	359237	
2.61946	1	398630	769774	359591	
2.61946	1	398630	770880	360697	
2.62164	1	398630	771218	361035	
2.62164	1	398630	772340	362157	
2.62382	1	398630	772662	362479	
2.62382	1	398630	773800	363617	
2.626	1	398630	774106	363923	
2.626	1	398630	775260	365077	
2.62818	1	398630	775550	365367	
2.62818	1	398630	776720	366537	
2.63036	1	398630	776994	366811	
2.63036	1	398630	778180	367997	
2.63254	1	398630	778438	368255	
2.63254	1	398630	779640	369457	
2.63472	1	398630	779882	369699	
2.63472	1	398630	781100	370917	
2.63691	1	398630	781326	371143	
2.63691	1	398630	782560	372377	
2.63909	1	398630	782770	372587	
2.63909	1	398630	784020	373837	
2.64127	1	398630	785658	374031	
2.64127	1	398630	786940	375313	
2.64345	1	398630	787102	375475	
2.64345	1	398630	788400	376773	
2.64572	1	398630	788546	376919	
2.64572	1	398630	789860	378233	
2.6479	1	398630	789990	378363	
2.6479	1	398630	791320	379693	
2.65008	1	398630	791434	379807	
2.65008	1	398630	792780	381153	
2.65226	1	398630	792878	381251	
2.65226	1	398630	794240	382613	
2.65435	1	398630	794322	382695	
2.65435	1	398630	795700	384073	
2.65644	1	398630	795766	384139	
2.65644	1	398630	797160	385533	
2.65854	1	398630	797210	385583	
2.65854	1	398630	798620	386993	
2.66063	1	398630	798654	387027	
2.66063	1	398630	800080	388453	
2.66272	1	398630	800098	388471	
2.66272	1	398630	801540	389913	
2.66481	1	398630	801542	389915	
2.6669	1	398630	802994	391367	
2.6669	1	398630	803000	391373	
2.66908	1	398630	398630	392812	
2.66908	1	400040	400040	392812	
2.67455	1	527158	804439	265728	
2.67455	1	527158	804460	265749	
2.67887	1	527158	808774	267173	
2.67887	1	527158	808840	267239	
2.68159	1	527158	811662	268617	
2.68159	1	527158	811760	268715	
2.68369	1	527158	813106	270061	
2.68369	1	527158	813220	270175	
2.68578	1	527158	814550	271505	
2.68578	1	527158	814680	271635	
2.68787	1	527158	815994	272949	
2.68787	1	527158	816140	273095	
2.68996	1	527158	817438	274393	
2.68996	1	527158	817600	274555	
2.69213	1	527158	818882	275837	
2.69213	1	527158	819060	276015	
2.69423	1	527158	820326	277281	
2.69423	1	527158	820520	277475	
2.69632	1	527158	821770	278725	
2.69632	1	527158	821980	278935	
2.69841	1	527158	823214	280169	
2.69841	1	527158	823440	280395	
2.7005	1	527158	824658	281613	
2.7005	1	527158	824900	281855	
2.70259	1	527158	826102	283057	
2.70259	1	527158	826360	283315	
2.70468	1	527158	827546	284501	
2.70468	1	527158	827820	284775	
2.70677	1	527158	828990	285945	
2.70677	1	527158	829280	286235	
2.70886	1	527158	830434	287389	
2.70886	1	527158	830740	287695	
2.71104	1	527158	831878	288833	
2.71104	1	527158	832200	289155	
2.71313	1	527158	833322	290277	
2.71313	1	527158	833660	290615	
2.71522	1	527158	834766	291721	
2.71522	1	527158	835120	292075	
2.71731	1	527158	836210	293165	
2.71731	1	527158	836580	293535	
2.7194	1	527158	837654	294609	
2.7194	1	527158	838040	294995	
2.7215	1	527158	839098	296053	
2.7215	1	527158	839500	296455	
2.72359	1	527158	840542	297497	
2.72359	1	527158	840960	297915	
2.72568	1	527158	841986	298941	
2.72568	1	527158	842420	299375	
2.72785	1	527158	843430	300385	
2.72785	1	527158	843880	300835	
2.72994	1	527158	844874	301829	
2.72994	1	527158	845340	302295	
2.73204	1	527158	846318	303273	
2.73204	1	527158	846800	303755	
2.73413	1	527158	847762	304717	
2.73413	1	527158	848260	305215	
2.73622	1	527158	849206	306161	
2.73622	1	527158	849720	306675	
2.73831	1	527158	850650	307605	
2.73831	1	527158	851180	308135	
2.7404	1	527158	852094	309049	
2.7404	1	527158	852640	309595	
2.74249	1	527158	853538	310493	
2.74249	1	527158	854100	311055	
2.74467	1	527158	854982	311937	
2.74467	1	527158	855560	312515	
2.74676	1	527158	856426	313381	
2.74676	1	527158	857020	313975	
2.74891	1	527158	857870	314825	
2.74891	1	527158	858480	315435	
2.751	1	527158	859314	316269	
2.751	1	527158	859940	316895	
2.75326	1	527158	860758	317713	
2.75326	1	527158	861400	318355	
2.75552	1	527158	862202	319157	
2.75552	1	527158	862860	319815	
2.75773	1	527158	863646	320601	
2.75773	1	527158	864320	321275	
2.75993	1	527158	865090	322045	
2.75993	1	527158	865780	322735	
2.76222	1	527158	866534	323489	
2.76222	1	527158	867240	324195	
2.76443	1	527158	867978	324933	
2.76443	1	527158	868700	325655	
2.76663	1	527158	869422	326377	
2.76663	1	527158	870160	327115	
2.76883	1	527158	671579	327821	
2.76883	1	527158	671600	327842	
2.77104	1	527158	870866	329266	
2.77104	1	527158	871620	330020	
2.77324	1	527158	872310	330710	
2.77324	1	527158	873080	331480	
2.77545	1	527158	873754	332154	
2.77545	1	527158	874540	332940	
2.77765	1	527158	875198	333598	
2.77765	1	527158	876000	334400	
2.77985	1	527158	876642	335042	
2.77985	1	527158	877460	335860	
2.78206	1	527158	878086	336486	
2.78206	1	527158	878920	337320	
2.78435	1	527158	879530	337930	
2.78435	1	527158	880380	338780	
2.78655	1	527158	880974	339374	
2.78655	1	527158	881840	340240	
2.78876	1	527158	882418	340818	
2.78876	1	527158	883300	341700	
2.79096	1	527158	883862	342262	
2.79096	1	527158	884760	343160	
2.79316	1	527158	885306	343706	
2.79316	1	527158	886220	344620	
2.79537	1	527158	886750	345150	
2.79537	1	527158	887680	346080	
2.79757	1	527158	888194	346594	
2.79757	1	527158	889140	347540	
2.79978	1	527158	889638	348038	
2.79978	1	527158	890600	349000	
2.80207	1	527158	891082	349482	
2.80207	1	527158	892060	350460	
2.80427	1	527158	892526	350926	
2.80427	1	527158	893520	351920	
2.80648	1	527158	893970	352370	
2.80648	1	527158	894980	353380	
2.80868	1	527158	895414	353814	
2.80868	1	527158	896440	354840	
2.81088	1	527158	896858	355258	
2.81088	1	527158	897900	356300	
2.81309	1	527158	898302	356702	
2.81309	1	527158	899360	357760	
2.81529	1	527158	704794	358146	
2.81529	1	527158	705180	358532	
2.81749	1	527158	899746	359590	
2.81749	1	527158	900820	360664	
2.8197	1	527158	901190	361034	
2.8197	1	527158	902280	362124	
2.82199	1	527158	902634	362478	
2.82199	1	527158	903740	363584	
2.82419	1	527158	904078	363922	
2.82419	1	527158	905200	365044	
2.8264	1	527158	905522	365366	
2.8264	1	527158	906660	366504	
2.8286	1	527158	906966	366810	
2.8286	1	527158	908120	367964	
2.83081	1	527158	908410	368254	
2.83081	1	527158	909580	369424	
2.83301	1	527158	909854	369698	
2.83301	1	527158	911040	370884	
2.83521	1	527158	911298	371142	
2.83521	1	527158	912500	372344	
2.83742	1	527158	912742	372586	
2.83742	1	527158	913960	373804	
2.83962	1	527158	914186	374030	
2.83962	1	527158	915420	375264	
2.84191	1	527158	915630	375474	
2.84191	1	527158	916880	376724	
2.84412	1	527158	917074	376918	
2.84412	1	527158	918340	378184	
2.84632	1	527158	918518	378362	
2.84632	1	527158	919800	379644	
2.84878	1	527158	919962	379806	
2.84878	1	527158	921260	381104	
2.85099	1	527158	921406	381250	
2.85099	1	527158	922720	382564	
2.85326	1	527158	922850	382694	
2.85326	1	527158	924180	384024	
2.85554	1	527158	924294	384138	
2.85554	1	527158	925640	385484	
2.85782	1	527158	925738	385582	
2.85782	1	527158	927100	386944	
2.86019	1	527158	927182	387026	
2.86019	1	527158	928560	388404	
2.86246	1	527158	928626	388470	
2.86246	1	527158	930020	389864	
2.86474	1	527158	930070	389914	
2.86474	1	527158	931480	391324	
2.86702	1	527158	735118	391358	
2.86702	1	527158	735840	392080	
2.8693	1	527158	931514	392802	
2.8693	1	527158	932940	394228	
2.87189	1	527158	934402	394246	
2.87454	1	527158	935854	395698	
2.87454	1	527158	935860	395704	
2.8774	1	527158	938744	397143	
2.8774	1	527158	938780	397179	
2.88044	1	527158	940189	398588	
2.88044	1	527158	940240	398639	
2.88272	1	527158	941634	400033	
2.88272	1	527158	941700	400099	
2.88518	1	527158	944522	401477	
2.88518	1	527158	944620	401575	
2.88764	1	527158	945966	402921	
2.88764	1	527158	946080	403035	
2.89479	1	527158	948854	404365	
2.89479	1	527158	949000	404511	
2.89943	1	527158	950298	405809	
2.89943	1	527158	950460	405971	
2.90194	1	527158	758222	407253	
2.90194	1	527158	759200	408231	
2.90421	1	527158	951742	408697	
2.90421	1	527158	951920	408875	
2.90649	1	527158	954630	410141	
2.90649	1	527158	954840	410351	
2.90877	1	527158	956074	411585	
2.90877	1	527158	956300	411811	
2.91105	1	527158	957518	413029	
2.91105	1	527158	957760	413271	
2.91332	1	527158	958962	414473	
2.91332	1	527158	959220	414731	
2.9156	1	527158	960406	415917	
2.9156	1	527158	960680	416191	
2.91788	1	527158	961850	417361	
2.91788	1	527158	962140	417651	
2.92025	1	527158	963294	418805	
2.92025	1	527158	963600	419111	
2.92252	1	527158	964738	420249	
2.92252	1	527158	965060	420571	
2.9248	1	527158	966182	421693	
2.9248	1	527158	966520	422031	
2.92708	1	527158	967626	423137	
2.92708	1	527158	967980	423491	
2.92936	1	527158	969070	424581	
2.92936	1	527158	969440	424951	
2.93163	1	527158	971958	426025	
2.93163	1	527158	972360	426427	
2.93391	1	527158	973402	427469	
2.93391	1	527158	973820	427887	
2.93619	1	527158	974846	428913	
2.93619	1	527158	975280	429347	
2.93856	1	527158	784214	430357	
2.93856	1	527158	785480	431623	
2.94084	1	527158	976290	431801	
2.94084	1	527158	976740	432251	
2.94312	1	527158	977734	433245	
2.94312	1	527158	978200	433711	
2.9454	1	527158	979178	434689	
2.9454	1	527158	979660	435171	
2.94767	1	527158	980622	436133	
2.94767	1	527158	981120	436631	
2.94995	1	527158	982066	437577	
2.94995	1	527158	982580	438091	
2.95223	1	527158	984954	439021	
2.95223	1	527158	985500	439567	
2.95439	1	527158	986398	440465	
2.95439	1	527158	986960	441027	
2.95663	1	527158	987842	441909	
2.95663	1	527158	988420	442487	
2.95879	1	527158	989286	443353	
2.95879	1	527158	989880	443947	
2.96094	1	527158	990730	444797	
2.96094	1	527158	991340	445407	
2.9631	1	527158	992174	446241	
2.9631	1	527158	992800	446867	
2.96526	1	527158	993618	447685	
2.96526	1	527158	994260	448327	
2.96759	1	527158	527158	449129	
2.96759	1	528520	528520	449129	
2.96759	1	528602	528602	449129	
2.96759	1	529980	529980	449129	
2.96759	1	531490	531490	447685	
2.96759	1	532900	532900	447685	
2.96975	1	805884	805884	174735	
2.96975	1	805920	805920	174735	
2.96975	1	807329	807329	174735	
2.96975	1	807380	807380	174735	
2.9719	1	810218	810218	173291	
2.9719	1	810300	810300	173291	
2.97485	1	932958	995062	51995	
2.97485	1	932958	995720	52653	
2.97706	1	932958	996506	53439	
2.97706	1	932958	997180	54113	
2.97928	1	932958	997950	54883	
2.97928	1	932958	998640	55573	
2.98149	1	932958	999394	56327	
2.98149	1	932958	1000100	57033	
2.98372	1	932958	1000838	57771	
2.98372	1	932958	1001560	58493	
2.98593	1	932958	1002282	59215	
2.98593	1	932958	1003020	59953	
2.98815	1	932958	1003726	60659	
2.98815	1	932958	1004480	61413	
2.99037	1	932958	1005170	62103	
2.99037	1	932958	1005940	62873	
2.99267	1	932958	1006614	63547	
2.99267	1	932958	1007400	64333	
2.99488	1	932958	1008058	64991	
2.99488	1	932958	1008860	65793	
2.9971	1	932958	1009502	66435	
2.9971	1	932958	1010320	67253	
2.99932	1	932958	1010946	67879	
2.99932	1	932958	1011780	68713	
3.00153	1	932958	1012390	69323	
3.00153	1	932958	1013240	70173	
3.00375	1	932958	1013834	70767	
3.00375	1	932958	1014700	71633	
3.00597	1	932958	1015278	72211	
3.00597	1	932958	1016160	73093	
3.00819	1	932958	1016722	73655	
3.00819	1	932958	1017620	74553	
3.01049	1	932958	1018166	75099	
3.01049	1	932958	1019080	76013	
3.01271	1	932958	1019610	76543	
3.01271	1	932958	1020540	77473	
3.01492	1	932958	1021054	77987	
3.01492	1	932958	1022000	78933	
3.01929	1	932958	932958	79431	
3.01929	1	934400	934400	79431	
3.01929	1	937299	937299	76534	
3.01929	1	937320	937320	76534	
3.02151	1	943078	1022498	72200	
3.02151	1	943078	1023460	73162	
3.02372	1	943078	1023942	73644	
3.02372	1	943078	1024920	74622	
3.02594	1	943078	1025386	75088	
3.02594	1	943078	1026380	76082	
3.02816	1	943078	1026830	76532	
3.02816	1	943078	1027840	77542	
3.03038	1	943078	1028274	77976	
3.03038	1	943078	1029300	79002	
3.03259	1	943078	1029718	79420	
3.03259	1	943078	1030760	80462	
3.0349	1	943078	1031162	80864	
3.0349	1	943078	1032220	81922	
3.03711	1	943078	1032606	82308	
3.03711	1	943078	1033680	83382	
3.04149	1	943078	943078	83752	
3.04149	1	943160	943160	83752	
3.04149	1	947410	947410	80864	
3.04149	1	947540	947540	80864	
3.0437	1	953186	1034050	76532	
3.0437	1	953186	1035140	77622	
3.04591	1	953186	1035494	77976	
3.04591	1	953186	1036600	79082	
3.04813	1	953186	1036938	79420	
3.04813	1	953186	1038060	80542	
3.05035	1	953186	953186	80864	
3.05035	1	953380	953380	80864	
3.05258	1	970514	1038382	64980	
3.05258	1	970514	1039520	66118	
3.05481	1	970514	1039826	66424	
3.05481	1	970514	1040980	67578	
3.05703	1	970514	1041270	67868	
3.05703	1	970514	1042440	69038	
3.05934	1	970514	1042714	69312	
3.05934	1	970514	1043900	70498	
3.06156	1	970514	1044158	70756	
3.06156	1	970514	1045360	71958	
3.06378	1	970514	1045602	72200	
3.06378	1	970514	1046820	73418	
3.066	1	970514	1047046	73644	
3.066	1	970514	1048280	74878	
3.06822	1	970514	1048490	75088	
3.06822	1	970514	1049740	76338	
3.07044	1	970514	1049934	76532	
3.07044	1	970514	1051200	77798	
3.07266	1	970514	1051378	77976	
3.07266	1	970514	1052660	79258	
3.07488	1	970514	1052822	79420	
3.07488	1	970514	1054120	80718	
3.0772	1	970514	1054266	80864	
3.0772	1	970514	1055580	82178	
3.07942	1	970514	1055710	82308	
3.07942	1	970514	1057040	83638	
3.08164	1	970514	970514	83752	
3.08164	1	970900	970900	83752	
3.08387	1	983510	1057154	72200	
3.08387	1	983510	1058500	73546	
3.08609	1	983510	1058598	73644	
3.08609	1	983510	1059960	75006	
3.08832	1	983510	1060042	75088	
3.08832	1	983510	1061420	76466	
3.09054	1	983510	1061486	76532	
3.09054	1	983510	1062880	77926	
3.09276	1	983510	1062930	77976	
3.09276	1	983510	1064340	79386	
3.09497	1	983510	1064374	79420	
3.09497	1	983510	1065800	80846	
3.09729	1	983510	1065818	80864	
3.09729	1	983510	1067260	82306	
3.09951	1	983510	1067262	82308	
3.10173	1	983510	983510	83760	
3.10173	1	984040	984040	83760	
3.10396	1	1068714	1068714	0	
3.10396	1	1068720	1068720	0	
3.10618	1	1070159	1070159	0	
3.10618	1	1070180	1070180	0	
3.1084	1	1071604	1071604	0	
3.1084	1	1071640	1071640	0	
3.11062	1	1073049	1073049	0	
3.11062	1	1073100	1073100	0	
3.11285	1	1074494	1074494	0	
3.11285	1	1074560	1074560	0	
3.11515	1	1075938	1075938	0	
3.11515	1	1076020	1076020	0	
3.11737	1	1077382	1077382	0	
3.11737	1	1077480	1077480	0	
3.1196	1	1078826	1078826	0	
3.1196	1	1078940	1078940	0	
3.12182	1	1080270	1080270	0	
3.12182	1	1080400	1080400	0	
3.12404	1	1081714	1081714	0	
3.12404	1	1081860	1081860	0	
3.12626	1	1083158	1083158	0	
3.12626	1	1083320	1083320	0	
3.12849	1	1084602	1084602	0	
3.12849	1	1084780	1084780	0	
3.13079	1	1086046	1086046	0	
3.13079	1	1086240	1086240	0	
3.13301	1	1087490	1087490	0	
3.13301	1	1087700	1087700	0	
3.13532	1	1088934	1088934	0	
3.13532	1	1089160	1089160	0	
3.13754	1	1090378	1090378	0	
3.13754	1	1090620	1090620	0	
3.13977	1	1091822	1091822	0	
3.13977	1	1092080	1092080	0	
3.14199	1	1093266	1093266	0	
3.14199	1	1093540	1093540	0	
3.14421	1	1094710	1094710	0	
3.14421	1	1095000	1095000	0	
3.14643	1	1096154	1096154	0	
3.14643	1	1096460	1096460	0	
3.14865	1	1097598	1097598	0	
3.14865	1	1097920	1097920	0	
3.15087	1	1099042	1099042	0	
3.15087	1	1099380	1099380	0	
3.15334	1	1100486	1100486	0	
3.15334	1	1100840	1100840	0	
3.15571	1	1101930	1101930	0	
3.15571	1	1102300	1102300	0	
3.15808	1	1103374	1103374	0	
3.15808	1	1103760	1103760	0	
3.16046	1	1104818	1104818	0	
3.16046	1	1105220	1105220	0	
3.16284	1	1106262	1106262	0	
3.16284	1	1106680	1106680	0	
3.16521	1	1107706	1107706	0	
3.16521	1	1108140	1108140	0	
3.16758	1	1109150	1109150	0	
3.16758	1	1109600	1109600	0	
3.16995	1	1110594	1110594	0	
3.16995	1	1111060	1111060	0	
3.17242	1	1112038	1112038	0	
3.17242	1	1112520	1112520	0	
3.17479	1	1113482	1113482	0	
3.17479	1	1113980	1113980	0	
3.17716	1	1114926	1114926	0	
3.17716	1	1115440	1115440	0	
3.17953	1	1116370	1116370	0	
3.17953	1	1116900	1116900	0	
3.18191	1	1117814	1117814	0	
3.18191	1	1118360	1118360	0	
3.18428	1	1119258	1119258	0	
3.18428	1	1119820	1119820	0	
3.18666	1	1120702	1120702	0	
3.18666	1	1121280	1121280	0	
3.18912	1	1122146	1122146	0	
3.18912	1	1122740	1122740	0	
3.19149	1	1123590	1123590	0	
3.19149	1	1124200	1124200	0	
3.19387	1	1125034	1125034	0	
3.19387	1	1125660	1125660	0	
3.19624	1	1126478	1126478	0	
3.19624	1	1127120	1127120	0	
3.19861	1	1127922	1127922	0	
3.19861	1	1128580	1128580	0	
3.20098	1	1129366	1129366	0	
3.20098	1	1130040	1130040	0	
3.20336	1	1130810	1130810	0	
3.20336	1	1131500	1131500	0	
3.20573	1	1132254	1132254	0	
3.20573	1	1132960	1132960	0	
3.2081	1	1133698	1133698	0	
3.2081	1	1134420	1134420	0	
3.21057	1	1135142	1135142	0	
3.21057	1	1135880	1135880	0	
3.21295	1	1136586	1136586	0	
3.21295	1	1137340	1137340	0	
3.21532	1	1138030	1138030	0	
3.21532	1	1138800	1138800	0	
3.21769	1	1139474	1139474	0	
3.21769	1	1140260	1140260	0	
3.22006	1	1140918	1140918	0	
3.22006	1	1141720	1141720	0	
3.22253	1	1142362	1142362	0	
3.22253	1	1143180	1143180	0	
3.2249	1	1143806	1143806	0	
3.2249	1	1144640	1144640	0	
3.22727	1	1145250	1145250	0	
3.22727	1	1146100	1146100	0	
3.22964	1	1146694	1146694	0	
3.22964	1	1147560	1147560	0	
3.23202	1	1148138	1148138	0	
3.23202	1	1149020	1149020	0	
3.2344	1	1149582	1149582	0	
3.2344	1	1150480	1150480	0	
3.23677	1	1151026	1151026	0	
3.23677	1	1151940	1151940	0	
3.23914	1	1152470	1152470	0	
3.23914	1	1153400	1153400	0	
3.2416	1	1153914	1153914	0	
3.2416	1	1154860	1154860	0	
3.24398	1	1155358	1155358	0	
3.24398	1	1156320	1156320	0	
3.24635	1	1156802	1156802	0	
3.24635	1	1157780	1157780	0	
3.24872	1	1158246	1158246	0	
3.24872	1	1159240	1159240	0	
3.25109	1	1159690	1159690	0	
3.25109	1	1160700	1160700	0	
3.25349	1	1161134	1161134	0	
3.25349	1	1162160	1162160	0	
3.25598	1	1162578	1162578	0	
3.25598	1	1163620	1163620	0	
3.25838	1	1164022	1164022	0	
3.25838	1	1165080	1165080	0	
3.26077	1	1165466	1165466	0	
3.26077	1	1166540	1166540	0	
3.26316	1	1166910	1166910	0	
3.26316	1	1168000	1168000	0	
3.26556	1	1168354	1168354	0	
3.26556	1	1169460	1169460	0	
3.26804	1	1169798	1169798	0	
3.26804	1	1170920	1170920	0	
3.27044	1	1171242	1171242	0	
3.27044	1	1172380	1172380	0	
3.27283	1	1172686	1172686	0	
3.27283	1	1173840	1173840	0	
3.27523	1	1174130	1174130	0	
3.27523	1	1175300	1175300	0	
3.27763	1	1175574	1175574	0	
3.27763	1	1176760	1176760	0	
3.28002	1	1177018	1177018	0	
3.28002	1	1178220	1178220	0	
3.28241	1	1178462	1178462	0	
3.28241	1	1179680	1179680	0	
3.28481	1	1179906	1179906	0	
3.28481	1	1181140	1181140	0	
3.2873	1	1181350	1181350	0	
3.2873	1	1182600	1182600	0	
3.28969	1	1182794	1182794	0	
3.28969	1	1184060	1184060	0	
3.29208	1	1184238	1184238	0	
3.29208	1	1185520	1185520	0	
3.29448	1	1185682	1185682	0	
3.29448	1	1186980	1186980	0	
3.29687	1	1187126	1187126	0	
3.29687	1	1188440	1188440	0	
3.29936	1	1188570	1188570	0	
3.29936	1	1189900	1189900	0	
3.30176	1	1190014	1190014	0	
3.30176	1	1191360	1191360	0	
3.30415	1	1191458	1191458	0	
3.30415	1	1192820	1192820	0	
3.30655	1	1192902	1192902	0	
3.30655	1	1194280	1194280	0	
3.30894	1	1194346	1194346	0	
3.30894	1	1195740	1195740	0	
3.31133	1	1195790	1195790	0	
3.31133	1	1197200	1197200	0	
3.31372	1	1197234	1197234	0	
3.31372	1	1198660	1198660	0	
3.31612	1	1198678	1198678	0	
3.31612	1	1200120	1200120	0	
3.3186	1	1200122	1200122	0	
3.321	1	1201574	1201574	0	
3.321	1	1201580	1201580	0	
3.3234	1	1203019	1203019	0	
3.3234	1	1203040	1203040	0	
3.32579	1	1204464	1204464	0	
3.32579	1	1204500	1204500	0	
3.32818	1	1205909	1205909	0	
3.32818	1	1205960	1205960	0	
3.33067	1	1207354	1207354	0	
3.33067	1	1207420	1207420	0	
3.33307	1	1208798	1208798	0	
3.33307	1	1208880	1208880	0	
3.33546	1	1210242	1210242	0	
3.33546	1	1210340	1210340	0	
3.33785	1	1211686	1211686	0	
3.33785	1	1211800	1211800	0	
3.34025	1	1213130	1213130	0	
3.34025	1	1213260	1213260	0	
3.34273	1	1214574	1214574	0	
3.34273	1	1214720	1214720	0	
3.34514	1	1216018	1216018	0	
3.34514	1	1216180	1216180	0	
3.34753	1	1217462	1217462	0	
3.34753	1	1217640	1217640	0	
3.34992	1	1218906	1218906	0	
3.34992	1	1219100	1219100	0	
3.35232	1	1220350	1220350	0	
3.35232	1	1220560	1220560	0	
3.35447	1	1221794	1221794	0	
3.35447	1	1222020	1222020	0	
3.35662	1	1223238	1223238	0	
3.35662	1	1223480	1223480	0	
3.35877	1	1224682	1224682	0	
3.35877	1	1224940	1224940	0	
3.361	1	1226126	1226126	0	
3.361	1	1226400	1226400	0	
3.36315	1	1227570	1227570	0	
3.36315	1	1227860	1227860	0	
3.3653	1	1229014	1229014	0	
3.3653	1	1229320	1229320	0	
3.36746	1	1230458	1230458	0	
3.36746	1	1230780	1230780	0	
3.36961	1	1231902	1231902	0	
3.36961	1	1232240	1232240	0	
3.37176	1	1233346	1233346	0	
3.37176	1	1233700	1233700	0	
3.374	1	1234790	1234790	0	
3.374	1	1235160	1235160	0	
3.37615	1	1236234	1236234	0	
3.37615	1	1236620	1236620	0	
3.3783	1	1237678	1237678	0	
3.3783	1	1238080	1238080	0	
3.38045	1	1239122	1239122	0	
3.38045	1	1239540	1239540	0	
3.3826	1	1240566	1240566	0	
3.3826	1	1241000	1241000	0	
3.38475	1	1242010	1242010	0	
3.38475	1	1242460	1242460	0	
3.3869	1	1243454	1243454	0	
3.3869	1	1243920	1243920	0	
3.38914	1	1244898	1244898	0	
3.38914	1	1245380	1245380	0	
3.39129	1	1246342	1246342	0	
3.39129	1	1246840	1246840	0	
3.39344	1	1247786	1247786	0	
3.39344	1	1248300	1248300	0	
3.39559	1	1249230	1249230	0	
3.39559	1	1249760	1249760	0	
3.39775	1	1250674	1250674	0	
3.39775	1	1251220	1251220	0	
3.3999	1	1252118	1252118	0	
3.3999	1	1252680	1252680	0	
3.40213	1	1253562	1253562	0	
3.40213	1	1254140	1254140	0	
3.40428	1	1255006	1255006	0	
3.40428	1	1255600	1255600	0	
3.40643	1	1256450	1256450	0	
3.40643	1	1257060	1257060	0	
3.40859	1	1257894	1257894	0	
3.40859	1	1258520	1258520	0	
3.41074	1	1259338	1259338	0	
3.41074	1	1259980	1259980	0	
3.41297	1	1260782	1260782	0	
3.41297	1	1261440	1261440	0	
3.41512	1	1262226	1262226	0	
3.41512	1	1262900	1262900	0	
3.41728	1	1263670	1263670	0	
3.41728	1	1264360	1264360	0	
3.41943	1	1265114	1265114	0	
3.41943	1	1265820	1265820	0	
3.42158	1	1266558	1266558	0	
3.42158	1	1267280	1267280	0	
3.42373	1	1268002	1268002	0	
3.42373	1	1268740	1268740	0	
3.42588	1	1269446	1269446	0	
3.42588	1	1270200	1270200	0	
3.42812	1	1270890	1270890	0	
3.42812	1	1271660	1271660	0	
3.43027	1	1272334	1272334	0	
3.43027	1	1273120	1273120	0	
3.43242	1	1273778	1273778	0	
3.43242	1	1274580	1274580	0	
3.43457	1	1275222	1275222	0	
3.43457	1	1276040	1276040	0	
3.43672	1	1276666	1276666	0	
3.43672	1	1277500	1277500	0	
3.43887	1	1278110	1278110	0	
3.43887	1	1278960	1278960	0	
3.44111	1	1279554	1279554	0	
3.44111	1	1280420	1280420	0	
3.44326	1	1280998	1280998	0	
3.44326	1	1281880	1281880	0	
3.44541	1	1282442	1282442	0	
3.44541	1	1283340	1283340	0	
3.44756	1	1283886	1283886	0	
3.44756	1	1284800	1284800	0	
3.44972	1	1285330	1285330	0	
3.44972	1	1286260	1286260	0	
3.45187	1	1286774	1286774	0	
3.45187	1	1287720	1287720	0	
3.45425	1	1288218	1288218	0	
3.45425	1	1289180	1289180	0	
3.45673	1	1289662	1289662	0	
3.45673	1	1290640	1290640	0	
3.45912	1	1291106	1291106	0	
3.45912	1	1292100	1292100	0	
3.46151	1	1292550	1292550	0	
3.46151	1	1293560	1293560	0	
3.4639	1	1293994	1293994	0	
3.4639	1	1295020	1295020	0	
3.46628	1	1295438	1295438	0	
3.46628	1	1296480	1296480	0	
3.46867	1	1296882	1296882	0	
3.46867	1	1297940	1297940	0	
3.47116	1	1298326	1298326	0	
3.47116	1	1299400	1299400	0	
3.47355	1	1299770	1299770	0	
3.47355	1	1300860	1300860	0	
3.47593	1	1301214	1301214	0	
3.47593	1	1302320	1302320	0	
3.47832	1	1302658	1302658	0	
3.47832	1	1303780	1303780	0	
3.48071	1	1304102	1304102	0	
3.48071	1	1305240	1305240	0	
3.4831	1	1305546	1305546	0	
3.4831	1	1306700	1306700	0	
3.48548	1	1306990	1306990	0	
3.48548	1	1308160	1308160	0	
3.48796	1	1308434	1308434	0	
3.48796	1	1309620	1309620	0	
3.49035	1	1309878	1309878	0	
3.49035	1	1311080	1311080	0	
3.49274	1	1311322	1311322	0	
3.49274	1	1312540	1312540	0	
3.49513	1	1312766	1312766	0	
3.49513	1	1314000	1314000	0	
3.49752	1	1314210	1314210	0	
3.49752	1	1315460	1315460	0	
3.5	1	1315654	1315654	0	
3.5	1	1316920	1316920	0	
3.50239	1	1317098	1317098	0	
3.50239	1	1318380	1318380	0	
3.50478	1	1318542	1318542	0	
3.50478	1	1319840	1319840	0	
3.50717	1	1319986	1319986	0	
3.50717	1	1321300	1321300	0	
3.50955	1	1321430	1321430	0	
3.50955	1	1322760	1322760	0	
3.51194	1	1322874	1322874	0	
3.51194	1	1324220	1324220	0	
3.51442	1	1324318	1324318	0	
3.51442	1	1325680	1325680	0	
3.51682	1	1325762	1325762	0	
3.51682	1	1327140	1327140	0	
3.5192	1	1327206	1327206	0	
3.5192	1	1328600	1328600	0	
3.52159	1	1328650	1328650	0	
3.52159	1	1330060	1330060	0	
3.52397	1	1330094	1330094	0	
3.52397	1	1331520	1331520	0	
3.52636	1	1331538	1331538	0	
3.52636	1	1332980	1332980	0	
3.52875	1	1332982	1332982	0	
3.53113	1	1334434	1334434	0	
3.53113	1	1334440	1334440	0	
3.53352	1	1335879	1335879	0	
3.53352	1	1335900	1335900	0	
3.536	1	1337324	1337324	0	
3.536	1	1337360	1337360	0	
3.53839	1	1338769	1338769	0	
3.53839	1	1338820	1338820	0	
3.54078	1	1340214	1340214	0	
3.54078	1	1340280	1340280	0	
3.54317	1	1341658	1341658	0	
3.54317	1	1341740	1341740	0	
3.54556	1	1343102	1343102	0	
3.54556	1	1343200	1343200	0	
3.54804	1	1344546	1344546	0	
3.54804	1	1344660	1344660	0	
3.55043	1	1345990	1345990	0	
3.55043	1	1346120	1346120	0	
3.55265	1	1347434	1347434	0	
3.55265	1	1347580	1347580	0	
3.55487	1	1348878	1348878	0	
3.55487	1	1349040	1349040	0	
3.55709	1	1350322	1350322	0	
3.55709	1	1350500	1350500	0	
3.55931	1	1351766	1351766	0	
3.55931	1	1351960	1351960	0	
3.56154	1	1353210	1353210	0	
3.56154	1	1353420	1353420	0	
3.56377	1	1354654	1354654	0	
3.56377	1	1354880	1354880	0	
3.56607	1	1356098	1356098	0	
3.56607	1	1356340	1356340	0	
3.5683	1	1357542	1357542	0	
3.5683	1	1357800	1357800	0	
3.57052	1	1358986	1358986	0	
3.57052	1	1359260	1359260	0	
3.57274	1	1360430	1360430	0	
3.57274	1	1360720	1360720	0	
3.57496	1	1361874	1361874	0	
3.57496	1	1362180	1362180	0	
3.57727	1	1363318	1363318	0	
3.57727	1	1363640	1363640	0	
3.57949	1	1364762	1364762	0	
3.57949	1	1365100	1365100	0	
3.58171	1	1366206	1366206	0	
3.58171	1	1366560	1366560	0	
3.58394	1	1367650	1367650	0	
3.58394	1	1368020	1368020	0	
3.58617	1	1369094	1369094	0	
3.58617	1	1369480	1369480	0	
3.58839	1	1370538	1370538	0	
3.58839	1	1370940	1370940	0	
3.59061	1	1371982	1371982	0	
3.59061	1	1372400	1372400	0	
3.59292	1	1373426	1373426	0	
3.59292	1	1373860	1373860	0	
3.59514	1	1374870	1374870	0	
3.59514	1	1375320	1375320	0	
3.59736	1	1376314	1376314	0	
3.59736	1	1376780	1376780	0	
3.59958	1	1377758	1377758	0	
3.59958	1	1378240	1378240	0	
3.60181	1	1379202	1379202	0	
3.60181	1	1379700	1379700	0	
3.60403	1	1380646	1380646	0	
3.60403	1	1381160	1381160	0	
3.60634	1	1382090	1382090	0	
3.60634	1	1382620	1382620	0	
3.60856	1	1383534	1383534	0	
3.60856	1	1384080	1384080	0	
3.61079	1	1384978	1384978	0	
3.61079	1	1385540	1385540	0	
3.61301	1	1386422	1386422	0	
3.61301	1	1387000	1387000	0	
3.61523	1	1387866	1387866	0	
3.61523	1	1388460	1388460	0	
3.61754	1	1389310	1389310	0	
3.61754	1	1389920	1389920	0	
3.61976	1	1390754	1390754	0	
3.61976	1	1391380	1391380	0	
3.62198	1	1392198	1392198	0	
3.62198	1	1392840	1392840	0	
3.62421	1	1393642	1393642	0	
3.62421	1	1394300	1394300	0	
3.62643	1	1395086	1395086	0	
3.62643	1	1395760	1395760	0	
3.62866	1	1396530	1396530	0	
3.62866	1	1397220	1397220	0	
3.63088	1	1397974	1397974	0	
3.63088	1	1398680	1398680	0	
3.6331	1	1399418	1399418	0	
3.6331	1	1400140	1400140	0	
3.63541	1	1400862	1400862	0	
3.63541	1	1401600	1401600	0	
3.63763	1	1402306	1402306	0	
3.63763	1	1403060	1403060	0	
3.63985	1	1403750	1403750	0	
3.63985	1	1404520	1404520	0	
3.64207	1	1405194	1405194	0	
3.64207	1	1405980	1405980	0	
3.6443	1	1406638	1406638	0	
3.6443	1	1407440	1407440	0	
3.64661	1	1408082	1408082	0	
3.64661	1	1408900	1408900	0	
3.64883	1	1409526	1409526	0	
3.64883	1	1410360	1410360	0	
3.65106	1	1410970	1410970	0	
3.65106	1	1411820	1411820	0	
3.65352	1	1412414	1412414	0	
3.65352	1	1413280	1413280	0	
3.65599	1	1413858	1413858	0	
3.65599	1	1414740	1414740	0	
3.65846	1	1415302	1415302	0	
3.65846	1	1416200	1416200	0	
3.66093	1	1416746	1416746	0	
3.66093	1	1417660	1417660	0	
3.66349	1	1418190	1418190	0	
3.66349	1	1419120	1419120	0	
3.66596	1	1419634	1419634	0	
3.66596	1	1420580	1420580	0	
3.66843	1	1421078	1421078	0	
3.66843	1	1422040	1422040	0	
3.6709	1	1422522	1422522	0	
3.6709	1	1423500	1423500	0	
3.67337	1	1423966	1423966	0	
3.67337	1	1424960	1424960	0	
3.67584	1	1425410	1425410	0	
3.67584	1	1426420	1426420	0	
3.6784	1	1426854	1426854	0	
3.6784	1	1427880	1427880	0	
3.68087	1	1428298	1428298	0	
3.68087	1	1429340	1429340	0	
3.68334	1	1429742	1429742	0	
3.68334	1	1430800	1430800	0	
3.68581	1	1431186	1431186	0	
3.68581	1	1432260	1432260	0	
3.68827	1	1432630	1432630	0	
3.68827	1	1433720	1433720	0	
3.69084	1	1434074	1434074	0	
3.69084	1	1435180	1435180	0	
3.69331	1	1435518	1435518	0	
3.69331	1	1436640	1436640	0	
3.69578	1	1436962	1436962	0	
3.69578	1	1438100	1438100	0	
3.69825	1	1438406	1438406	0	
3.69825	1	1439560	1439560	0	
3.70072	1	1439850	1439850	0	
3.70072	1	1441020	1441020	0	
3.70319	1	1441294	1441294	0	
3.70319	1	1442480	1442480	0	
3.70565	1	1442738	1442738	0	
3.70565	1	1443940	1443940	0	
3.70812	1	1444182	1444182	0	
3.70812	1	1445400	1445400	0	
3.71069	1	1445626	1445626	0	
3.71069	1	1446860	1446860	0	
3.71315	1	1447070	1447070	0	
3.71315	1	1448320	1448320	0	
3.71562	1	1448514	1448514	0	
3.71562	1	1449780	1449780	0	
3.7181	1	1449958	1449958	0	
3.7181	1	1451240	1451240	0	
3.72056	1	1451402	1451402	0	
3.72056	1	1452700	1452700	0	
3.72313	1	1452846	1452846	0	
3.72313	1	1454160	1454160	0	
3.7256	1	1454290	1454290	0	
3.7256	1	1455620	1455620	0	
3.72806	1	1455734	1455734	0	
3.72806	1	1457080	1457080	0	
3.73053	1	1457178	1457178	0	
3.73053	1	1458540	1458540	0	
3.733	1	1458622	1458622	0	
3.733	1	1460000	1460000	0	
3.73547	1	1460066	1460066	0	
3.73547	1	1461460	1461460	0	
3.73793	1	1461510	1461510	0	
3.73793	1	1462920	1462920	0	
3.7404	1	1462954	1462954	0	
3.7404	1	1464380	1464380	0	
3.74297	1	1464398	1464398	0	
3.74297	1	1465840	1465840	0	
3.74544	1	1465842	1465842	0	
3.74791	1	1467294	1467294	0	
3.74791	1	1467300	1467300	0	
3.75037	1	1468739	1468739	0	
3.75037	1	1468760	1468760	0	
3.75244	1	1470184	1470184	0	
3.75244	1	1470220	1470220	0	
3.75459	1	1471629	1471629	0	
3.75459	1	1471680	1471680	0	
3.75666	1	1473074	1473074	0	
3.75666	1	1473140	1473140	0	
3.75873	1	1474518	1474518	0	
3.75873	1	1474600	1474600	0	
3.7608	1	1475962	1475962	0	
3.7608	1	1476060	1476060	0	
3.76288	1	1477406	1477406	0	
3.76288	1	1477520	1477520	0	
3.76495	1	1478850	1478850	0	
3.76495	1	1478980	1478980	0	
3.76702	1	1480294	1480294	0	
3.76702	1	1480440	1480440	0	
3.76909	1	1481738	1481738	0	
3.76909	1	1481900	1481900	0	
3.77124	1	1483182	1483182	0	
3.77124	1	1483360	1483360	0	
3.77331	1	1484626	1484626	0	
3.77331	1	1484820	1484820	0	
3.77538	1	1486070	1486070	0	
3.77538	1	1486280	1486280	0	
3.77745	1	1487514	1487514	0	
3.77745	1	1487740	1487740	0	
3.77952	1	1488958	1488958	0	
3.77952	1	1489200	1489200	0	
3.78167	1	1490402	1490402	0	
3.78167	1	1490660	1490660	0	
3.78374	1	1491846	1491846	0	
3.78374	1	1492120	1492120	0	
3.78581	1	1493290	1493290	0	
3.78581	1	1493580	1493580	0	
3.78788	1	1494734	1494734	0	
3.78788	1	1495040	1495040	0	
3.78995	1	1496178	1496178	0	
3.78995	1	1496500	1496500	0	
3.7921	1	1497622	1497622	0	
3.7921	1	1497960	1497960	0	
3.79417	1	1499066	1499066	0	
3.79417	1	1499420	1499420	0	
3.79624	1	1500510	1500510	0	
3.79624	1	1500880	1500880	0	
3.79831	1	1501954	1501954	0	
3.79831	1	1502340	1502340	0	
3.80038	1	1503398	1503398	0	
3.80038	1	1503800	1503800	0	
3.80246	1	1504842	1504842	0	
3.80246	1	1505260	1505260	0	
3.80453	1	1506286	1506286	0	
3.80453	1	1506720	1506720	0	
3.8066	1	1507730	1507730	0	
3.8066	1	1508180	1508180	0	
3.80875	1	1509174	1509174	0	
3.80875	1	1509640	1509640	0	
3.81082	1	1510618	1510618	0	
3.81082	1	1511100	1511100	0	
3.81289	1	1512062	1512062	0	
3.81289	1	1512560	1512560	0	
3.81496	1	1513506	1513506	0	
3.81496	1	1514020	1514020	0	
3.81703	1	1514950	1514950	0	
3.81703	1	1515480	1515480	0	
3.81918	1	1516394	1516394	0	
3.81918	1	1516940	1516940	0	
3.82125	1	1517838	1517838	0	
3.82125	1	1518400	1518400	0	
3.82332	1	1519282	1519282	0	
3.82332	1	1519860	1519860	0	
3.82539	1	1520726	1520726	0	
3.82539	1	1521320	1521320	0	
3.82746	1	1522170	1522170	0	
3.82746	1	1522780	1522780	0	
3.82953	1	1523614	1523614	0	
3.82953	1	1524240	1524240	0	
3.8316	1	1525058	1525058	0	
3.8316	1	1525700	1525700	0	
3.83367	1	1526502	1526502	0	
3.83367	1	1527160	1527160	0	
3.83582	1	1527946	1527946	0	
3.83582	1	1528620	1528620	0	
3.83789	1	1529390	1529390	0	
3.83789	1	1530080	1530080	0	
3.83996	1	1530834	1530834	0	
3.83996	1	1531540	1531540	0	
3.84204	1	1532278	1532278	0	
3.84204	1	1533000	1533000	0	
3.84411	1	1533722	1533722	0	
3.84411	1	1534460	1534460	0	
3.84626	1	1535166	1535166	0	
3.84626	1	1535920	1535920	0	
3.84833	1	1536610	1536610	0	
3.84833	1	1537380	1537380	0	
3.8504	1	1538054	1538054	0	
3.8504	1	1538840	1538840	0	
3.85256	1	1539498	1539498	0	
3.85256	1	1540300	1540300	0	
3.85472	1	1540942	1540942	0	
3.85472	1	1541760	1541760	0	
3.85688	1	1542386	1542386	0	
3.85688	1	1543220	1543220	0	
3.85904	1	1543830	1543830	0	
3.85904	1	1544680	1544680	0	
3.8612	1	1545274	1545274	0	
3.8612	1	1546140	1546140	0	
3.86345	1	1546718	1546718	0	
3.86345	1	1547600	1547600	0	
3.86562	1	1548162	1548162	0	
3.86562	1	1549060	1549060	0	
3.86778	1	1549606	1549606	0	
3.86778	1	1550520	1550520	0	
3.86994	1	1551050	1551050	0	
3.86994	1	1551980	1551980	0	
3.8721	1	1552494	1552494	0	
3.8721	1	1553440	1553440	0	
3.87434	1	1553938	1553938	0	
3.87434	1	1554900	1554900	0	
3.87651	1	1555382	1555382	0	
3.87651	1	1556360	1556360	0	
3.87867	1	1556826	1556826	0	
3.87867	1	1557820	1557820	0	
3.88083	1	1558270	1558270	0	
3.88083	1	1559280	1559280	0	
3.883	1	1559714	1559714	0	
3.883	1	1560740	1560740	0	
3.88524	1	1561158	1561158	0	
3.88524	1	1562200	1562200	0	
3.8874	1	1562602	1562602	0	
3.8874	1	1563660	1563660	0	
3.88956	1	1564046	1564046	0	
3.88956	1	1565120	1565120	0	
3.89172	1	1565490	1565490	0	
3.89172	1	1566580	1566580	0	
3.89389	1	1566934	1566934	0	
3.89389	1	1568040	1568040	0	
3.89605	1	1568378	1568378	0	
3.89605	1	1569500	1569500	0	
3.89821	1	1569822	1569822	0	
3.89821	1	1570960	1570960	0	
3.90037	1	1571266	1571266	0	
3.90037	1	1572420	1572420	0	
3.90262	1	1572710	1572710	0	
3.90262	1	1573880	1573880	0	
3.90478	1	1574154	1574154	0	
3.90478	1	1575340	1575340	0	
3.90694	1	1575598	1575598	0	
3.90694	1	1576800	1576800	0	
3.9091	1	1577042	1577042	0	
3.9091	1	1578260	1578260	0	
3.91127	1	1578486	1578486	0	
3.91127	1	1579720	1579720	0	
3.91351	1	1579930	1579930	0	
3.91351	1	1581180	1581180	0	
3.91567	1	1581374	1581374	0	
3.91567	1	1582640	1582640	0	
3.91783	1	1582818	1582818	0	
3.91783	1	1584100	1584100	0	
3.91999	1	1584262	1584262	0	
3.91999	1	1585560	1585560	0	
3.92216	1	1585706	1585706	0	
3.92216	1	1587020	1587020	0	
3.92432	1	1587150	1587150	0	
3.92432	1	1588480	1588480	0	
3.92648	1	1588594	1588594	0	
3.92648	1	1589940	1589940	0	
3.92865	1	1590038	1590038	0	
3.92865	1	1591400	1591400	0	
3.93089	1	1591482	1591482	0	
3.93089	1	1592860	1592860	0	
3.93305	1	1592926	1592926	0	
3.93305	1	1594320	1594320	0	
3.93521	1	1594370	1594370	0	
3.93521	1	1595780	1595780	0	
3.93737	1	1595814	1595814	0	
3.93737	1	1597240	1597240	0	
3.93953	1	1597258	1597258	0	
3.93953	1	1598700	1598700	0	
3.94178	1	1598702	1598702	0	
3.94394	1	1600154	1600154	0	
3.94394	1	1600160	1600160	0	
3.9461	1	1601599	1601599	0	
3.9461	1	1601620	1601620	0	
3.94827	1	1603044	1603044	0	
3.94827	1	1603080	1603080	0	
3.95043	1	1604489	1604489	0	
3.95043	1	1604540	1604540	0	
3.95255	1	1605934	1605934	0	
3.95255	1	1606000	1606000	0	
3.95467	1	1607378	1607378	0	
3.95467	1	1607460	1607460	0	
3.95679	1	1608822	1608822	0	
3.95679	1	1608920	1608920	0	
3.959	1	1610266	1610266	0	
3.959	1	1610380	1610380	0	
3.96112	1	1611710	1611710	0	
3.96112	1	1611840	1611840	0	
3.96324	1	1613154	1613154	0	
3.96324	1	1613300	1613300	0	
3.96537	1	1614598	1614598	0	
3.96537	1	1614760	1614760	0	
3.96749	1	1616042	1616042	0	
3.96749	1	1616220	1616220	0	
3.96961	1	1617486	1617486	0	
3.96961	1	1617680	1617680	0	
3.97181	1	1618930	1618930	0	
3.97181	1	1619140	1619140	0	
3.97394	1	1620374	1620374	0	
3.97394	1	1620600	1620600	0	
3.97606	1	1621818	1621818	0	
3.97606	1	1622060	1622060	0	
3.97818	1	1623262	1623262	0	
3.97818	1	1623520	1623520	0	
3.9803	1	1624706	1624706	0	
3.9803	1	1624980	1624980	0	
3.9825	1	1626150	1626150	0	
3.9825	1	1626440	1626440	0	
3.98463	1	1627594	1627594	0	
3.98463	1	1627900	1627900	0	
3.98675	1	1629038	1629038	0	
3.98675	1	1629360	1629360	0	
3.98888	1	1630482	1630482	0	
3.98888	1	1630820	1630820	0	
3.991	1	1631926	1631926	0	
3.991	1	1632280	1632280	0	
3.99312	1	1633370	1633370	0	
3.99312	1	1633740	1633740	0	
3.99524	1	1634814	1634814	0	
3.99524	1	1635200	1635200	0	
3.99736	1	1636258	1636258	0	
3.99736	1	1636660	1636660	0	
3.99957	1	1637702	1637702	0	
3.99957	1	1638120	1638120	0	
4.00169	1	1639146	1639146	0	
4.00169	1	1639580	1639580	0	
4.00381	1	1640590	1640590	0	
4.00381	1	1641040	1641040	0	
4.00594	1	1642034	1642034	0	
4.00594	1	1642500	1642500	0	
4.00806	1	1643478	1643478	0	
4.00806	1	1643960	1643960	0	
4.01026	1	1644922	1644922	0	
4.01026	1	1645420	1645420	0	
4.01238	1	1646366	1646366	0	
4.01238	1	1646880	1646880	0	
4.0145	1	1647810	1647810	0	
4.0145	1	1648340	1648340	0	
4.01663	1	1649254	1649254	0	
4.01663	1	1649800	1649800	0	
4.01875	1	1650698	1650698	0	
4.01875	1	1651260	1651260	0	
4.02087	1	1652142	1652142	0	
4.02087	1	1652720	1652720	0	
4.02299	1	1653586	1653586	0	
4.02299	1	1654180	1654180	0	
4.02511	1	1655030	1655030	0	
4.02511	1	1655640	1655640	0	
4.02732	1	1656474	1656474	0	
4.02732	1	1657100	1657100	0	
4.02944	1	1657918	1657918	0	
4.02944	1	1658560	1658560	0	
4.03157	1	1659362	1659362	0	
4.03157	1	1660020	1660020	0	
4.03369	1	1660806	1660806	0	
4.03369	1	1661480	1661480	0	
4.03581	1	1662250	1662250	0	
4.03581	1	1662940	1662940	0	
4.03801	1	1663694	1663694	0	
4.03801	1	1664400	1664400	0	
4.04013	1	1665138	1665138	0	
4.04013	1	1665860	1665860	0	
4.04226	1	1666582	1666582	0	
4.04226	1	1667320	1667320	0	
4.04438	1	1668026	1668026	0	
4.04438	1	1668780	1668780	0	
4.04651	1	1669470	1669470	0	
4.04651	1	1670240	1670240	0	
4.04871	1	1670914	1670914	0	
4.04871	1	1671700	1671700	0	
4.05083	1	1672358	1672358	0	
4.05083	1	1673160	1673160	0	
4.05291	1	1673802	1673802	0	
4.05291	1	1674620	1674620	0	
4.055	1	1675246	1675246	0	
4.055	1	1676080	1676080	0	
4.05708	1	1676690	1676690	0	
4.05708	1	1677540	1677540	0	
4.05916	1	1678134	1678134	0	
4.05916	1	1679000	1679000	0	
4.06124	1	1679578	1679578	0	
4.06124	1	1680460	1680460	0	
4.06332	1	1681022	1681022	0	
4.06332	1	1681920	1681920	0	
4.06549	1	1682466	1682466	0	
4.06549	1	1683380	1683380	0	
4.06758	1	1683910	1683910	0	
4.06758	1	1684840	1684840	0	
4.06966	1	1685354	1685354	0	
4.06966	1	1686300	1686300	0	
4.07174	1	1686798	1686798	0	
4.07174	1	1687760	1687760	0	
4.07382	1	1688242	1688242	0	
4.07382	1	1689220	1689220	0	
4.07599	1	1689686	1689686	0	
4.07599	1	1690680	1690680	0	
4.07807	1	1691130	1691130	0	
4.07807	1	1692140	1692140	0	
4.08015	1	1692574	1692574	0	
4.08015	1	1693600	1693600	0	
4.08223	1	1694018	1694018	0	
4.08223	1	1695060	1695060	0	
4.08431	1	1695462	1695462	0	
4.08431	1	1696520	1696520	0	
4.0864	1	1696906	1696906	0	
4.0864	1	1697980	1697980	0	
4.08849	1	1698350	1698350	0	
4.08849	1	1699440	1699440	0	
4.09057	1	1699794	1699794	0	
4.09057	1	1700900	1700900	0	
4.09273	1	1701238	1701238	0	
4.09273	1	1702360	1702360	0	
4.09481	1	1702682	1702682	0	
4.09481	1	1703820	1703820	0	
4.09689	1	1704126	1704126	0	
4.09689	1	1705280	1705280	0	
4.09898	1	1705570	1705570	0	
4.09898	1	1706740	1706740	0	
4.10106	1	1707014	1707014	0	
4.10106	1	1708200	1708200	0	
4.10322	1	1708458	1708458	0	
4.10322	1	1709660	1709660	0	
4.10531	1	1709902	1709902	0	
4.10531	1	1711120	1711120	0	
4.10739	1	1711346	1711346	0	
4.10739	1	1712580	1712580	0	
4.10948	1	1712790	1712790	0	
4.10948	1	1714040	1714040	0	
4.11156	1	1714234	1714234	0	
4.11156	1	1715500	1715500	0	
4.11364	1	1715678	1715678	0	
4.11364	1	1716960	1716960	0	
4.11572	1	1717122	1717122	0	
4.11572	1	1718420	1718420	0	
4.1178	1	1718566	1718566	0	
4.1178	1	1719880	1719880	0	
4.11997	1	1720010	1720010	0	
4.11997	1	1721340	1721340	0	
4.12205	1	1721454	1721454	0	
4.12205	1	1722800	1722800	0	
4.12413	1	1722898	1722898	0	
4.12413	1	1724260	1724260	0	
4.12622	1	1724342	1724342	0	
4.12622	1	1725720	1725720	0	
4.1283	1	1725786	1725786	0	
4.1283	1	1727180	1727180	0	
4.13046	1	1727230	1727230	0	
4.13046	1	1728640	1728640	0	
4.13254	1	1728674	1728674	0	
4.13254	1	1730100	1730100	0	
4.13463	1	1730118	1730118	0	
4.13463	1	1731560	1731560	0	
4.13671	1	1731562	1731562	0	
4.13879	1	1733014	1733014	0	
4.13879	1	1733020	1733020	0	
4.14095	1	1734459	1734459	0	
4.14095	1	1734480	1734480	0	
4.14303	1	1735904	1735904	0	
4.14303	1	1735940	1735940	0	
4.14512	1	1737349	1737349	0	
4.14512	1	1737400	1737400	0	
4.1472	1	1738794	1738794	0	
4.1472	1	1738860	1738860	0	
4.14929	1	1740238	1740238	0	
4.14929	1	1740320	1740320	0	
4.15137	1	1741682	1741682	0	
4.15137	1	1741780	1741780	0	
4.15358	1	1743126	1743126	0	
4.15358	1	1743240	1743240	0	
4.15579	1	1744570	1744570	0	
4.15579	1	1744700	1744700	0	
4.15808	1	1746014	1746014	0	
4.15808	1	1746160	1746160	0	
4.16029	1	1747458	1747458	0	
4.16029	1	1747620	1747620	0	
4.1625	1	1748902	1748902	0	
4.1625	1	1749080	1749080	0	
4.1647	1	1750346	1750346	0	
4.1647	1	1750540	1750540	0	
4.16692	1	1751790	1751790	0	
4.16692	1	1752000	1752000	0	
4.16921	1	1753234	1753234	0	
4.16921	1	1753460	1753460	0	
4.17142	1	1754678	1754678	0	
4.17142	1	1754920	1754920	0	
4.17363	1	1756122	1756122	0	
4.17363	1	1756380	1756380	0	
4.17584	1	1757566	1757566	0	
4.17584	1	1757840	1757840	0	
4.17805	1	1759010	1759010	0	
4.17805	1	1759300	1759300	0	
4.18026	1	1760454	1760454	0	
4.18026	1	1760760	1760760	0	
4.18246	1	1761898	1761898	0	
4.18246	1	1762220	1762220	0	
4.18467	1	1763342	1763342	0	
4.18467	1	1763680	1763680	0	
4.18697	1	1764786	1764786	0	
4.18697	1	1765140	1765140	0	
4.18918	1	1766230	1766230	0	
4.18918	1	1766600	1766600	0	
4.19139	1	1767674	1767674	0	
4.19139	1	1768060	1768060	0	
4.1936	1	1769118	1769118	0	
4.1936	1	1769520	1769520	0	
4.19581	1	1770562	1770562	0	
4.19581	1	1770980	1770980	0	
4.1981	1	1772006	1772006	0	
4.1981	1	1772440	1772440	0	
4.20031	1	1773450	1773450	0	
4.20031	1	1773900	1773900	0	
4.20252	1	1774894	1774894	0	
4.20252	1	1775360	1775360	0	
4.20472	1	1776338	1776338	0	
4.20472	1	1776820	1776820	0	
4.20693	1	1777782	1777782	0	
4.20693	1	1778280	1778280	0	
4.20915	1	1779226	1779226	0	
4.20915	1	1779740	1779740	0	
4.21136	1	1780670	1780670	0	
4.21136	1	1781200	1781200	0	
4.21356	1	1782114	1782114	0	
4.21356	1	1782660	1782660	0	
4.21586	1	1783558	1783558	0	
4.21586	1	1784120	1784120	0	
4.21807	1	1785002	1785002	0	
4.21807	1	1785580	1785580	0	
4.22028	1	1786446	1786446	0	
4.22028	1	1787040	1787040	0	
4.22248	1	1787890	1787890	0	
4.22248	1	1788500	1788500	0	
4.22469	1	1789334	1789334	0	
4.22469	1	1789960	1789960	0	
4.22699	1	1790778	1790778	0	
4.22699	1	1791420	1791420	0	
4.2292	1	1792222	1792222	0	
4.2292	1	1792880	1792880	0	
4.23141	1	1793666	1793666	0	
4.23141	1	1794340	1794340	0	
4.23362	1	1795110	1795110	0	
4.23362	1	1795800	1795800	0	
4.23583	1	1796554	1796554	0	
4.23583	1	1797260	1797260	0	
4.23812	1	1797998	1797998	0	
4.23812	1	1798720	1798720	0	
4.24033	1	1799442	1799442	0	
4.24033	1	1800180	1800180	0	
4.24254	1	1800886	1800886	0	
4.24254	1	1801640	1801640	0	
4.24474	1	1802330	1802330	0	
4.24474	1	1803100	1803100	0	
4.24695	1	1803774	1803774	0	
4.24695	1	1804560	1804560	0	
4.24916	1	1805218	1805218	0	
4.24916	1	1806020	1806020	0	
4.25138	1	1806662	1806662	0	
4.25138	1	1807480	1807480	0	
4.25357	1	1808106	1808106	0	
4.25357	1	1808940	1808940	0	
4.25585	1	1809550	1809550	0	
4.25585	1	1810400	1810400	0	
4.25805	1	1810994	1810994	0	
4.25805	1	1811860	1811860	0	
4.26024	1	1812438	1812438	0	
4.26024	1	1813320	1813320	0	
4.26244	1	1813882	1813882	0	
4.26244	1	1814780	1814780	0	
4.26463	1	1815326	1815326	0	
4.26463	1	1816240	1816240	0	
4.26691	1	1816770	1816770	0	
4.26691	1	1817700	1817700	0	
4.26911	1	1818214	1818214	0	
4.26911	1	1819160	1819160	0	
4.27131	1	1819658	1819658	0	
4.27131	1	1820620	1820620	0	
4.27351	1	1821102	1821102	0	
4.27351	1	1822080	1822080	0	
4.2757	1	1822546	1822546	0	
4.2757	1	1823540	1823540	0	
4.2779	1	1823990	1823990	0	
4.2779	1	1825000	1825000	0	
4.28009	1	1825434	1825434	0	
4.28009	1	1826460	1826460	0	
4.28229	1	1826878	1826878	0	
4.28229	1	1827920	1827920	0	
4.28457	1	1828322	1828322	0	
4.28457	1	1829380	1829380	0	
4.28676	1	1829766	1829766	0	
4.28676	1	1830840	1830840	0	
4.28896	1	1831210	1831210	0	
4.28896	1	1832300	1832300	0	
4.29115	1	1832654	1832654	0	
4.29115	1	1833760	1833760	0	
4.29335	1	1834098	1834098	0	
4.29335	1	1835220	1835220	0	
4.29563	1	1835542	1835542	0	
4.29563	1	1836680	1836680	0	
4.29783	1	1836986	1836986	0	
4.29783	1	1838140	1838140	0	
4.30002	1	1838430	1838430	0	
4.30002	1	1839600	1839600	0	
4.30222	1	1839874	1839874	0	
4.30222	1	1841060	1841060	0	
4.30442	1	1841318	1841318	0	
4.30442	1	1842520	1842520	0	
4.30661	1	1842762	1842762	0	
4.30661	1	1843980	1843980	0	
4.30881	1	1844206	1844206	0	
4.30881	1	1845440	1845440	0	
4.311	1	1845650	1845650	0	
4.311	1	1846900	1846900	0	
4.31329	1	1847094	1847094	0	
4.31329	1	1848360	1848360	0	
4.31548	1	1848538	1848538	0	
4.31548	1	1849820	1849820	0	
4.31768	1	1849982	1849982	0	
4.31768	1	1851280	1851280	0	
4.31987	1	1851426	1851426	0	
4.31987	1	1852740	1852740	0	
4.32207	1	1852870	1852870	0	
4.32207	1	1854200	1854200	0	
4.32435	1	1854314	1854314	0	
4.32435	1	1855660	1855660	0	
4.32654	1	1855758	1855758	0	
4.32654	1	1857120	1857120	0	
4.32874	1	1857202	1857202	0	
4.32874	1	1858580	1858580	0	
4.33093	1	1858646	1858646	0	
4.33093	1	1860040	1860040	0	
4.33313	1	1860090	1860090	0	
4.33313	1	1861500	1861500	0	
4.33541	1	1861534	1861534	0	
4.33541	1	1862960	1862960	0	
4.33761	1	1862978	1862978	0	
4.33761	1	1864420	1864420	0	
4.3398	1	1864422	1864422	0	
4.342	1	1865874	1865874	0	
4.342	1	1865880	1865880	0	
4.34419	1	1867319	1867319	0	
4.34419	1	1867340	1867340	0	
4.34639	1	1868764	1868764	0	
4.34639	1	1868800	1868800	0	
4.34858	1	1870209	1870209	0	
4.34858	1	1870260	1870260	0	
4.35078	1	1871654	1871654	0	
4.35078	1	1871720	1871720	0	
4.35332	1	1873098	1873098	0	
4.35332	1	1873180	1873180	0	
4.35577	1	1874542	1874542	0	
4.35577	1	1874640	1874640	0	
4.35821	1	1875986	1875986	0	
4.35821	1	1876100	1876100	0	
4.36065	1	1877430	1877430	0	
4.36065	1	1877560	1877560	0	
4.36309	1	1878874	1878874	0	
4.36309	1	1879020	1879020	0	
4.36563	1	1880318	1880318	0	
4.36563	1	1880480	1880480	0	
4.36807	1	1881762	1881762	0	
4.36807	1	1881940	1881940	0	
4.37052	1	1883206	1883206	0	
4.37052	1	1883400	1883400	0	
4.37296	1	1884650	1884650	0	
4.37296	1	1884860	1884860	0	
4.3754	1	1886094	1886094	0	
4.3754	1	1886320	1886320	0	
4.37784	1	1887538	1887538	0	
4.37784	1	1887780	1887780	0	
4.38029	1	1888982	1888982	0	
4.38029	1	1889240	1889240	0	
4.38274	1	1890426	1890426	0	
4.38274	1	1890700	1890700	0	
4.38518	1	1891870	1891870	0	
4.38518	1	1892160	1892160	0	
4.38772	1	1893314	1893314	0	
4.38772	1	1893620	1893620	0	
4.39016	1	1894758	1894758	0	
4.39016	1	1895080	1895080	0	
4.3926	1	1896202	1896202	0	
4.3926	1	1896540	1896540	0	
4.39505	1	1897646	1897646	0	
4.39505	1	1898000	1898000	0	
4.39749	1	1899090	1899090	0	
4.39749	1	1899460	1899460	0	
4.40003	1	1900534	1900534	0	
4.40003	1	1900920	1900920	0	
4.40248	1	1901978	1901978	0	
4.40248	1	1902380	1902380	0	
4.40492	1	1903422	1903422	0	
4.40492	1	1903840	1903840	0	
4.40736	1	1904866	1904866	0	
4.40736	1	1905300	1905300	0	
4.4098	1	1906310	1906310	0	
4.4098	1	1906760	1906760	0	
4.41234	1	1907754	1907754	0	
4.41234	1	1908220	1908220	0	
4.41478	1	1909198	1909198	0	
4.41478	1	1909680	1909680	0	
4.41723	1	1910642	1910642	0	
4.41723	1	1911140	1911140	0	
4.41967	1	1912086	1912086	0	
4.41967	1	1912600	1912600	0	
4.42211	1	1913530	1913530	0	
4.42211	1	1914060	1914060	0	
4.42456	1	1914974	1914974	0	
4.42456	1	1915520	1915520	0	
4.42701	1	1916418	1916418	0	
4.42701	1	1916980	1916980	0	
4.42945	1	1917862	1917862	0	
4.42945	1	1918440	1918440	0	
4.43199	1	1919306	1919306	0	
4.43199	1	1919900	1919900	0	
4.43443	1	1920750	1920750	0	
4.43443	1	1921360	1921360	0	
4.43687	1	1922194	1922194	0	
4.43687	1	1922820	1922820	0	
4.43931	1	1923638	1923638	0	
4.43931	1	1924280	1924280	0	
4.44176	1	1925082	1925082	0	
4.44176	1	1925740	1925740	0	
4.44429	1	1926526	1926526	0	
4.44429	1	1927200	1927200	0	
4.44674	1	1927970	1927970	0	
4.44674	1	1928660	1928660	0	
4.44919	1	1929414	1929414	0	
4.44919	1	1930120	1930120	0	
4.45163	1	1930858	1930858	0	
4.45163	1	1931580	1931580	0	
4.45369	1	1932302	1932302	0	
4.45369	1	1933040	1933040	0	
4.45576	1	1933746	1933746	0	
4.45576	1	1934500	1934500	0	
4.45782	1	1935190	1935190	0	
4.45782	1	1935960	1935960	0	
4.45989	1	1936634	1936634	0	
4.45989	1	1937420	1937420	0	
4.46203	1	1938078	1938078	0	
4.46203	1	1938880	1938880	0	
4.4641	1	1939522	1939522	0	
4.4641	1	1940340	1940340	0	
4.46616	1	1940966	1940966	0	
4.46616	1	1941800	1941800	0	
4.46822	1	1942410	1942410	0	
4.46822	1	1943260	1943260	0	
4.47029	1	1943854	1943854	0	
4.47029	1	1944720	1944720	0	
4.47244	1	1945298	1945298	0	
4.47244	1	1946180	1946180	0	
4.4745	1	1946742	1946742	0	
4.4745	1	1947640	1947640	0	
4.47657	1	1948186	1948186	0	
4.47657	1	1949100	1949100	0	
4.47863	1	1949630	1949630	0	
4.47863	1	1950560	1950560	0	
4.4807	1	1951074	1951074	0	
4.4807	1	1952020	1952020	0	
4.48276	1	1952518	1952518	0	
4.48276	1	1953480	1953480	0	
4.48482	1	1953962	1953962	0	
4.48482	1	1954940	1954940	0	
4.48689	1	1955406	1955406	0	
4.48689	1	1956400	1956400	0	
4.48904	1	1956850	1956850	0	
4.48904	1	1957860	1957860	0	
4.4911	1	1958294	1958294	0	
4.4911	1	1959320	1959320	0	
4.49317	1	1959738	1959738	0	
4.49317	1	1960780	1960780	0	
4.49523	1	1961182	1961182	0	
4.49523	1	1962240	1962240	0	
4.4973	1	1962626	1962626	0	
4.4973	1	1963700	1963700	0	
4.49944	1	1964070	1964070	0	
4.49944	1	1965160	1965160	0	
4.5015	1	1965514	1965514	0	
4.5015	1	1966620	1966620	0	
4.50357	1	1966958	1966958	0	
4.50357	1	1968080	1968080	0	
4.50563	1	1968402	1968402	0	
4.50563	1	1969540	1969540	0	
4.5077	1	1969846	1969846	0	
4.5077	1	1971000	1971000	0	
4.50985	1	1971290	1971290	0	
4.50985	1	1972460	1972460	0	
4.51191	1	1972734	1972734	0	
4.51191	1	1973920	1973920	0	
4.51398	1	1974178	1974178	0	
4.51398	1	1975380	1975380	0	
4.51604	1	1975622	1975622	0	
4.51604	1	1976840	1976840	0	
4.5181	1	1977066	1977066	0	
4.5181	1	1978300	1978300	0	
4.52017	1	1978510	1978510	0	
4.52017	1	1979760	1979760	0	
4.52223	1	1979954	1979954	0	
4.52223	1	1981220	1981220	0	
4.5243	1	1981398	1981398	0	
4.5243	1	1982680	1982680	0	
4.52644	1	1982842	1982842	0	
4.52644	1	1984140	1984140	0	
4.52851	1	1984286	1984286	0	
4.52851	1	1985600	1985600	0	
4.53058	1	1985730	1985730	0	
4.53058	1	1987060	1987060	0	
4.53264	1	1987174	1987174	0	
4.53264	1	1988520	1988520	0	
4.5347	1	1988618	1988618	0	
4.5347	1	1989980	1989980	0	
4.53685	1	1990062	1990062	0	
4.53685	1	1991440	1991440	0	
4.53891	1	1991506	1991506	0	
4.53891	1	1992900	1992900	0	
4.54098	1	1992950	1992950	0	
4.54098	1	1994360	1994360	0	
4.54304	1	1994394	1994394	0	
4.54304	1	1995820	1995820	0	
4.5451	1	1995838	1995838	0	
4.5451	1	1997280	1997280	0	
4.54716	1	1997282	1997282	0	
4.54923	1	1998734	1998734	0	
4.54923	1	1998740	1998740	0	
4.5513	1	2000179	2000179	0	
4.5513	1	2000200	2000200	0	
4.55373	1	2001624	2001624	0	
4.55373	1	2001660	2001660	0	
4.55607	1	2003069	2003069	0	
4.55607	1	2003120	2003120	0	
4.55841	1	2004514	2004514	0	
4.55841	1	2004580	2004580	0	
4.56074	1	2005958	2005958	0	
4.56074	1	2006040	2006040	0	
4.56308	1	2007402	2007402	0	
4.56308	1	2007500	2007500	0	
4.56551	1	2008846	2008846	0	
4.56551	1	2008960	2008960	0	
4.56785	1	2010290	2010290	0	
4.56785	1	2010420	2010420	0	
4.5702	1	2011734	2011734	0	
4.5702	1	2011880	2011880	0	
4.57254	1	2013178	2013178	0	
4.57254	1	2013340	2013340	0	
4.57488	1	2014622	2014622	0	
4.57488	1	2014800	2014800	0	
4.57721	1	2016066	2016066	0	
4.57721	1	2016260	2016260	0	
4.57955	1	2017510	2017510	0	
4.57955	1	2017720	2017720	0	
4.58189	1	2018954	2018954	0	
4.58189	1	2019180	2019180	0	
4.58432	1	2020398	2020398	0	
4.58432	1	2020640	2020640	0	
4.58666	1	2021842	2021842	0	
4.58666	1	2022100	2022100	0	
4.589	1	2023286	2023286	0	
4.589	1	2023560	2023560	0	
4.59134	1	2024730	2024730	0	
4.59134	1	2025020	2025020	0	
4.59368	1	2026174	2026174	0	
4.59368	1	2026480	2026480	0	
4.59611	1	2027618	2027618	0	
4.59611	1	2027940	2027940	0	
4.59845	1	2029062	2029062	0	
4.59845	1	2029400	2029400	0	
4.60079	1	2030506	2030506	0	
4.60079	1	2030860	2030860	0	
4.60313	1	2031950	2031950	0	
4.60313	1	2032320	2032320	0	
4.60547	1	2033394	2033394	0	
4.60547	1	2033780	2033780	0	
4.6079	1	2034838	2034838	0	
4.6079	1	2035240	2035240	0	
4.61024	1	2036282	2036282	0	
4.61024	1	2036700	2036700	0	
4.61258	1	2037726	2037726	0	
4.61258	1	2038160	2038160	0	
4.61492	1	2039170	2039170	0	
4.61492	1	2039620	2039620	0	
4.61726	1	2040614	2040614	0	
4.61726	1	2041080	2041080	0	
4.6196	1	2042058	2042058	0	
4.6196	1	2042540	2042540	0	
4.62194	1	2043502	2043502	0	
4.62194	1	2044000	2044000	0	
4.62428	1	2044946	2044946	0	
4.62428	1	2045460	2045460	0	
4.62671	1	2046390	2046390	0	
4.62671	1	2046920	2046920	0	
4.62905	1	2047834	2047834	0	
4.62905	1	2048380	2048380	0	
4.63138	1	2049278	2049278	0	
4.63138	1	2049840	2049840	0	
4.63372	1	2050722	2050722	0	
4.63372	1	2051300	2051300	0	
4.63606	1	2052166	2052166	0	
4.63606	1	2052760	2052760	0	
4.6385	1	2053610	2053610	0	
4.6385	1	2054220	2054220	0	
4.64084	1	2055054	2055054	0	
4.64084	1	2055680	2055680	0	
4.64318	1	2056498	2056498	0	
4.64318	1	2057140	2057140	0	
4.64552	1	2057942	2057942	0	
4.64552	1	2058600	2058600	0	
4.64785	1	2059386	2059386	0	
4.64785	1	2060060	2060060	0	
4.65019	1	2060830	2060830	0	
4.65019	1	2061520	2061520	0	
4.65242	1	2062274	2062274	0	
4.65242	1	2062980	2062980	0	
4.65464	1	2063718	2063718	0	
4.65464	1	2064440	2064440	0	
4.65695	1	2065162	2065162	0	
4.65695	1	2065900	2065900	0	
4.65919	1	2066606	2066606	0	
4.65919	1	2067360	2067360	0	
4.66141	1	2068050	2068050	0	
4.66141	1	2068820	2068820	0	
4.66364	1	2069494	2069494	0	
4.66364	1	2070280	2070280	0	
4.66586	1	2070938	2070938	0	
4.66586	1	2071740	2071740	0	
4.66817	1	2072382	2072382	0	
4.66817	1	2073200	2073200	0	
4.6704	1	2073826	2073826	0	
4.6704	1	2074660	2074660	0	
4.67262	1	2075270	2075270	0	
4.67262	1	2076120	2076120	0	
4.67485	1	2076714	2076714	0	
4.67485	1	2077580	2077580	0	
4.67707	1	2078158	2078158	0	
4.67707	1	2079040	2079040	0	
4.6793	1	2079602	2079602	0	
4.6793	1	2080500	2080500	0	
4.68153	1	2081046	2081046	0	
4.68153	1	2081960	2081960	0	
4.68375	1	2082490	2082490	0	
4.68375	1	2083420	2083420	0	
4.68606	1	2083934	2083934	0	
4.68606	1	2084880	2084880	0	
4.68829	1	2085378	2085378	0	
4.68829	1	2086340	2086340	0	
4.69051	1	2086822	2086822	0	
4.69051	1	2087800	2087800	0	
4.69274	1	2088266	2088266	0	
4.69274	1	2089260	2089260	0	
4.69496	1	2089710	2089710	0	
4.69496	1	2090720	2090720	0	
4.69728	1	2091154	2091154	0	
4.69728	1	2092180	2092180	0	
4.6995	1	2092598	2092598	0	
4.6995	1	2093640	2093640	0	
4.70173	1	2094042	2094042	0	
4.70173	1	2095100	2095100	0	
4.70396	1	2095486	2095486	0	
4.70396	1	2096560	2096560	0	
4.70618	1	2096930	2096930	0	
4.70618	1	2098020	2098020	0	
4.70849	1	2098374	2098374	0	
4.70849	1	2099480	2099480	0	
4.71072	1	2099818	2099818	0	
4.71072	1	2100940	2100940	0	
4.71294	1	2101262	2101262	0	
4.71294	1	2102400	2102400	0	
4.71517	1	2102706	2102706	0	
4.71517	1	2103860	2103860	0	
4.71739	1	2104150	2104150	0	
4.71739	1	2105320	2105320	0	
4.71962	1	2105594	2105594	0	
4.71962	1	2106780	2106780	0	
4.72184	1	2107038	2107038	0	
4.72184	1	2108240	2108240	0	
4.72407	1	2108482	2108482	0	
4.72407	1	2109700	2109700	0	
4.72639	1	2109926	2109926	0	
4.72639	1	2111160	2111160	0	
4.72861	1	2111370	2111370	0	
4.72861	1	2112620	2112620	0	
4.73084	1	2112814	2112814	0	
4.73084	1	2114080	2114080	0	
4.73306	1	2114258	2114258	0	
4.73306	1	2115540	2115540	0	
4.73529	1	2115702	2115702	0	
4.73529	1	2117000	2117000	0	
4.7376	1	2117146	2117146	0	
4.7376	1	2118460	2118460	0	
4.73982	1	2118590	2118590	0	
4.73982	1	2119920	2119920	0	
4.74205	1	2120034	2120034	0	
4.74205	1	2121380	2121380	0	
4.74428	1	2121478	2121478	0	
4.74428	1	2122840	2122840	0	
4.7465	1	2122922	2122922	0	
4.7465	1	2124300	2124300	0	
4.74873	1	2124366	2124366	0	
4.74873	1	2125760	2125760	0	
4.75095	1	2125810	2125810	0	
4.75095	1	2127220	2127220	0	
4.75318	1	2127254	2127254	0	
4.75318	1	2128680	2128680	0	
4.75549	1	2128698	2128698	0	
4.75549	1	2130140	2130140	0	
4.75772	1	2130142	2130142	0	
4.75994	1	2131594	2131594	0	
4.75994	1	2131600	2131600	0	
4.76217	1	2133039	2133039	0	
4.76217	1	2133060	2133060	0	
4.7644	1	2134484	2134484	0	
4.7644	1	2134520	2134520	0	
4.76672	1	2135929	2135929	0	
4.76672	1	2135980	2135980	0	
4.76895	1	2137374	2137374	0	
4.76895	1	2137440	2137440	0	
4.77118	1	2138818	2138818	0	
4.77118	1	2138900	2138900	0	
4.7734	1	2140262	2140262	0	
4.7734	1	2140360	2140360	0	
4.77563	1	2141706	2141706	0	
4.77563	1	2141820	2141820	0	
4.77786	1	2143150	2143150	0	
4.77786	1	2143280	2143280	0	
4.78009	1	2144594	2144594	0	
4.78009	1	2144740	2144740	0	
4.78232	1	2146038	2146038	0	
4.78232	1	2146200	2146200	0	
4.78463	1	2147482	2147482	0	
4.78463	1	2147660	2147660	0	
4.78686	1	2148926	2148926	0	
4.78686	1	2149120	2149120	0	
4.78909	1	2150370	2150370	0	
4.78909	1	2150580	2150580	0	
4.79132	1	2151814	2151814	0	
4.79132	1	2152040	2152040	0	
4.79355	1	2153258	2153258	0	
4.79355	1	2153500	2153500	0	
4.79586	1	2154702	2154702	0	
4.79586	1	2154960	2154960	0	
4.79809	1	2156146	2156146	0	
4.79809	1	2156420	2156420	0	
4.80032	1	2157590	2157590	0	
4.80032	1	2157880	2157880	0	
4.80255	1	2159034	2159034	0	
4.80255	1	2159340	2159340	0	
4.80477	1	2160478	2160478	0	
4.80477	1	2160800	2160800	0	
4.80709	1	2161922	2161922	0	
4.80709	1	2162260	2162260	0	
4.80932	1	2163366	2163366	0	
4.80932	1	2163720	2163720	0	
4.81155	1	2164810	2164810	0	
4.81155	1	2165180	2165180	0	
4.81378	1	2166254	2166254	0	
4.81378	1	2166640	2166640	0	
4.81601	1	2167698	2167698	0	
4.81601	1	2168100	2168100	0	
4.81823	1	2169142	2169142	0	
4.81823	1	2169560	2169560	0	
4.82046	1	2170586	2170586	0	
4.82046	1	2171020	2171020	0	
4.82269	1	2172030	2172030	0	
4.82269	1	2172480	2172480	0	
4.82492	1	2173474	2173474	0	
4.82492	1	2173940	2173940	0	
4.82723	1	2174918	2174918	0	
4.82723	1	2175400	2175400	0	
4.82947	1	2176362	2176362	0	
4.82947	1	2176860	2176860	0	
4.83169	1	2177806	2177806	0	
4.83169	1	2178320	2178320	0	
4.83392	1	2179250	2179250	0	
4.83392	1	2179780	2179780	0	
4.83615	1	2180694	2180694	0	
4.83615	1	2181240	2181240	0	
4.83846	1	2182138	2182138	0	
4.83846	1	2182700	2182700	0	
4.84069	1	2183582	2183582	0	
4.84069	1	2184160	2184160	0	
4.84292	1	2185026	2185026	0	
4.84292	1	2185620	2185620	0	
4.84515	1	2186470	2186470	0	
4.84515	1	2187080	2187080	0	
4.84737	1	2187914	2187914	0	
4.84737	1	2188540	2188540	0	
4.8496	1	2189358	2189358	0	
4.8496	1	2190000	2190000	0	
4.85184	1	2190802	2190802	0	
4.85184	1	2191460	2191460	0	
4.85411	1	2192246	2192246	0	
4.85411	1	2192920	2192920	0	
4.85647	1	2193690	2193690	0	
4.85647	1	2194380	2194380	0	
4.85874	1	2195134	2195134	0	
4.85874	1	2195840	2195840	0	
4.86101	1	2196578	2196578	0	
4.86101	1	2197300	2197300	0	
4.86328	1	2198022	2198022	0	
4.86328	1	2198760	2198760	0	
4.86555	1	2199466	2199466	0	
4.86555	1	2200220	2200220	0	
4.86791	1	2200910	2200910	0	
4.86791	1	2201680	2201680	0	
4.87018	1	2202354	2202354	0	
4.87018	1	2203140	2203140	0	
4.87246	1	2203798	2203798	0	
4.87246	1	2204600	2204600	0	
4.87473	1	2205242	2205242	0	
4.87473	1	2206060	2206060	0	
4.877	1	2206686	2206686	0	
4.877	1	2207520	2207520	0	
4.87936	1	2208130	2208130	0	
4.87936	1	2208980	2208980	0	
4.88163	1	2209574	2209574	0	
4.88163	1	2210440	2210440	0	
4.88391	1	2211018	2211018	0	
4.88391	1	2211900	2211900	0	
4.88618	1	2212462	2212462	0	
4.88618	1	2213360	2213360	0	
4.88845	1	2213906	2213906	0	
4.88845	1	2214820	2214820	0	
4.89072	1	2215350	2215350	0	
4.89072	1	2216280	2216280	0	
4.89299	1	2216794	2216794	0	
4.89299	1	2217740	2217740	0	
4.89527	1	2218238	2218238	0	
4.89527	1	2219200	2219200	0	
4.89763	1	2219682	2219682	0	
4.89763	1	2220660	2220660	0	
4.8999	1	2221126	2221126	0	
4.8999	1	2222120	2222120	0	
4.90217	1	2222570	2222570	0	
4.90217	1	2223580	2223580	0	
4.90444	1	2224014	2224014	0	
4.90444	1	2225040	2225040	0	
4.90671	1	2225458	2225458	0	
4.90671	1	2226500	2226500	0	
4.90907	1	2226902	2226902	0	
4.90907	1	2227960	2227960	0	
4.91134	1	2228346	2228346	0	
4.91134	1	2229420	2229420	0	
4.91362	1	2229790	2229790	0	
4.91362	1	2230880	2230880	0	
4.91589	1	2231234	2231234	0	
4.91589	1	2232340	2232340	0	
4.91816	1	2232678	2232678	0	
4.91816	1	2233800	2233800	0	
4.92044	1	2234122	2234122	0	
4.92044	1	2235260	2235260	0	
4.92271	1	2235566	2235566	0	
4.92271	1	2236720	2236720	0	
4.92498	1	2237010	2237010	0	
4.92498	1	2238180	2238180	0	
4.92734	1	2238454	2238454	0	
4.92734	1	2239640	2239640	0	
4.92961	1	2239898	2239898	0	
4.92961	1	2241100	2241100	0	
4.93188	1	2241342	2241342	0	
4.93188	1	2242560	2242560	0	
4.93415	1	2242786	2242786	0	
4.93415	1	2244020	2244020	0	
4.93642	1	2244230	2244230	0	
4.93642	1	2245480	2245480	0	
4.93879	1	2245674	2245674	0	
4.93879	1	2246940	2246940	0	
4.94106	1	2247118	2247118	0	
4.94106	1	2248400	2248400	0	
4.94333	1	2248562	2248562	0	
4.94333	1	2249860	2249860	0	
4.9456	1	2250006	2250006	0	
4.9456	1	2251320	2251320	0	
4.94787	1	2251450	2251450	0	
4.94787	1	2252780	2252780	0	
4.95015	1	2252894	2252894	0	
4.95015	1	2254240	2254240	0	
4.95248	1	2254338	2254338	0	
4.95248	1	2255700	2255700	0	
4.95481	1	2255782	2255782	0	
4.95481	1	2257160	2257160	0	
4.95723	1	2257226	2257226	0	
4.95723	1	2258620	2258620	0	
4.95957	1	2258670	2258670	0	
4.95957	1	2260080	2260080	0	
4.9619	1	2260114	2260114	0	
4.9619	1	2261540	2261540	0	
4.96423	1	2261558	2261558	0	
4.96423	1	2263000	2263000	0	
4.96656	1	2263002	2263002	0	
4.96898	1	2264454	2264454	0	
4.96898	1	2264460	2264460	0	
4.97131	1	2265899	2265899	0	
4.97131	1	2265920	2265920	0	
4.97364	1	2267344	2267344	0	
4.97364	1	2267380	2267380	0	
4.97597	1	2268789	2268789	0	
4.97597	1	2268840	2268840	0	
4.9783	1	2270234	2270234	0	
4.9783	1	2270300	2270300	0	
4.98073	1	2271678	2271678	0	
4.98073	1	2271760	2271760	0	
4.98306	1	2273122	2273122	0	
4.98306	1	2273220	2273220	0	
4.98539	1	2274566	2274566	0	
4.98539	1	2274680	2274680	0	
4.98772	1	2276010	2276010	0	
4.98772	1	2276140	2276140	0	
4.99006	1	2277454	2277454	0	
4.99006	1	2277600	2277600	0	
4.99239	1	2278898	2278898	0	
4.99239	1	2279060	2279060	0	
4.99472	1	2280342	2280342	0	
4.99472	1	2280520	2280520	0	
4.99705	1	2281786	2281786	0	
4.99705	1	2281980	2281980	0	
4.99947	1	2283230	2283230	0	
4.99947	1	2283440	2283440	0	
5.0018	1	2284674	2284674	0	
5.0018	1	2284900	2284900	0	
5.00414	1	2286118	2286118	0	
5.00414	1	2286360	2286360	0	
5.00647	1	2287562	2287562	0	
5.00647	1	2287820	2287820	0	
5.0088	1	2289006	2289006	0	
5.0088	1	2289280	2289280	0	
5.01122	1	2290450	2290450	0	
5.01122	1	2290740	2290740	0	
5.01356	1	2291894	2291894	0	
5.01356	1	2292200	2292200	0	
5.01589	1	2293338	2293338	0	
5.01589	1	2293660	2293660	0	
5.01822	1	2294782	2294782	0	
5.01822	1	2295120	2295120	0	
5.02055	1	2296226	2296226	0	
5.02055	1	2296580	2296580	0	
5.02288	1	2297670	2297670	0	
5.02288	1	2298040	2298040	0	
5.02521	1	2299114	2299114	0	
5.02521	1	2299500	2299500	0	
5.02755	1	2300558	2300558	0	
5.02755	1	2300960	2300960	0	
5.02997	1	2302002	2302002	0	
5.02997	1	2302420	2302420	0	
5.0323	1	2303446	2303446	0	
5.0323	1	2303880	2303880	0	
5.03463	1	2304890	2304890	0	
5.03463	1	2305340	2305340	0	
5.03696	1	2306334	2306334	0	
5.03696	1	2306800	2306800	0	
5.0393	1	2307778	2307778	0	
5.0393	1	2308260	2308260	0	
5.04172	1	2309222	2309222	0	
5.04172	1	2309720	2309720	0	
5.04405	1	2310666	2310666	0	
5.04405	1	2311180	2311180	0	
5.04638	1	2312110	2312110	0	
5.04638	1	2312640	2312640	0	
5.04872	1	2313554	2313554	0	
5.04872	1	2314100	2314100	0	
5.05105	1	2314998	2314998	0	
5.05105	1	2315560	2315560	0	
5.05324	1	2316442	2316442	0	
5.05324	1	2317020	2317020	0	
5.05544	1	2317886	2317886	0	
5.05544	1	2318480	2318480	0	
5.05763	1	2319330	2319330	0	
5.05763	1	2319940	2319940	0	
5.05991	1	2320774	2320774	0	
5.05991	1	2321400	2321400	0	
5.0621	1	2322218	2322218	0	
5.0621	1	2322860	2322860	0	
5.0643	1	2323662	2323662	0	
5.0643	1	2324320	2324320	0	
5.06649	1	2325106	2325106	0	
5.06649	1	2325780	2325780	0	
5.06868	1	2326550	2326550	0	
5.06868	1	2327240	2327240	0	
5.07097	1	2327994	2327994	0	
5.07097	1	2328700	2328700	0	
5.07316	1	2329438	2329438	0	
5.07316	1	2330160	2330160	0	
5.07536	1	2330882	2330882	0	
5.07536	1	2331620	2331620	0	
5.07755	1	2332326	2332326	0	
5.07755	1	2333080	2333080	0	
5.07974	1	2333770	2333770	0	
5.07974	1	2334540	2334540	0	
5.08202	1	2335214	2335214	0	
5.08202	1	2336000	2336000	0	
5.08422	1	2336658	2336658	0	
5.08422	1	2337460	2337460	0	
5.08641	1	2338102	2338102	0	
5.08641	1	2338920	2338920	0	
5.0886	1	2339546	2339546	0	
5.0886	1	2340380	2340380	0	
5.0908	1	2340990	2340990	0	
5.0908	1	2341840	2341840	0	
5.093	1	2342434	2342434	0	
5.093	1	2343300	2343300	0	
5.09519	1	2343878	2343878	0	
5.09519	1	2344760	2344760	0	
5.09738	1	2345322	2345322	0	
5.09738	1	2346220	2346220	0	
5.09966	1	2346766	2346766	0	
5.09966	1	2347680	2347680	0	
5.10186	1	2348210	2348210	0	
5.10186	1	2349140	2349140	0	
5.10405	1	2349654	2349654	0	
5.10405	1	2350600	2350600	0	
5.10624	1	2351098	2351098	0	
5.10624	1	2352060	2352060	0	
5.10844	1	2352542	2352542	0	
5.10844	1	2353520	2353520	0	
5.11072	1	2353986	2353986	0	
5.11072	1	2354980	2354980	0	
5.11292	1	2355430	2355430	0	
5.11292	1	2356440	2356440	0	
5.11511	1	2356874	2356874	0	
5.11511	1	2357900	2357900	0	
5.1173	1	2358318	2358318	0	
5.1173	1	2359360	2359360	0	
5.1195	1	2359762	2359762	0	
5.1195	1	2360820	2360820	0	
5.12169	1	2361206	2361206	0	
5.12169	1	2362280	2362280	0	
5.12388	1	2362650	2362650	0	
5.12388	1	2363740	2363740	0	
5.12608	1	2364094	2364094	0	
5.12608	1	2365200	2365200	0	
5.12836	1	2365538	2365538	0	
5.12836	1	2366660	2366660	0	
5.13055	1	2366982	2366982	0	
5.13055	1	2368120	2368120	0	
5.13275	1	2368426	2368426	0	
5.13275	1	2369580	2369580	0	
5.13495	1	2369870	2369870	0	
5.13495	1	2371040	2371040	0	
5.13714	1	2371314	2371314	0	
5.13714	1	2372500	2372500	0	
5.13942	1	2372758	2372758	0	
5.13942	1	2373960	2373960	0	
5.14161	1	2374202	2374202	0	
5.14161	1	2375420	2375420	0	
5.1438	1	2375646	2375646	0	
5.1438	1	2376880	2376880	0	
5.146	1	2377090	2377090	0	
5.146	1	2378340	2378340	0	
5.14819	1	2378534	2378534	0	
5.14819	1	2379800	2379800	0	
5.15039	1	2379978	2379978	0	
5.15039	1	2381260	2381260	0	
5.15262	1	2381422	2381422	0	
5.15262	1	2382720	2382720	0	
5.15486	1	2382866	2382866	0	
5.15486	1	2384180	2384180	0	
5.15717	1	2384310	2384310	0	
5.15717	1	2385640	2385640	0	
5.15941	1	2385754	2385754	0	
5.15941	1	2387100	2387100	0	
5.16164	1	2387198	2387198	0	
5.16164	1	2388560	2388560	0	
5.16387	1	2388642	2388642	0	
5.16387	1	2390020	2390020	0	
5.1661	1	2390086	2390086	0	
5.1661	1	2391480	2391480	0	
5.16842	1	2391530	2391530	0	
5.16842	1	2392940	2392940	0	
5.17065	1	2392974	2392974	0	
5.17065	1	2394400	2394400	0	
5.17288	1	2394418	2394418	0	
5.17288	1	2395860	2395860	0	
5.17512	1	2395862	2395862	0	
5.17735	1	2397314	2397314	0	
5.17735	1	2397320	2397320	0	
5.17967	1	2398759	2398759	0	
5.17967	1	2398780	2398780	0	
5.1819	1	2400204	2400204	0	
5.1819	1	2400240	2400240	0	
5.18413	1	2401649	2401649	0	
5.18413	1	2401700	2401700	0	
5.18636	1	2403094	2403094	0	
5.18636	1	2403160	2403160	0	
5.18859	1	2404538	2404538	0	
5.18859	1	2404620	2404620	0	
5.19083	1	2405982	2405982	0	
5.19083	1	2406080	2406080	0	
5.19306	1	2407426	2407426	0	
5.19306	1	2407540	2407540	0	
5.19529	1	2408870	2408870	0	
5.19529	1	2409000	2409000	0	
5.19762	1	2410314	2410314	0	
5.19762	1	2410460	2410460	0	
5.19985	1	2411758	2411758	0	
5.19985	1	2411920	2411920	0	
5.20208	1	2413202	2413202	0	
5.20208	1	2413380	2413380	0	
5.20431	1	2414646	2414646	0	
5.20431	1	2414840	2414840	0	
5.20654	1	2416090	2416090	0	
5.20654	1	2416300	2416300	0	
5.20886	1	2417534	2417534	0	
5.20886	1	2417760	2417760	0	
5.21109	1	2418978	2418978	0	
5.21109	1	2419220	2419220	0	
5.21332	1	2420422	2420422	0	
5.21332	1	2420680	2420680	0	
5.21556	1	2421866	2421866	0	
5.21556	1	2422140	2422140	0	
5.2178	1	2423310	2423310	0	
5.2178	1	2423600	2423600	0	
5.22003	1	2424754	2424754	0	
5.22003	1	2425060	2425060	0	
5.22226	1	2426198	2426198	0	
5.22226	1	2426520	2426520	0	
5.22449	1	2427642	2427642	0	
5.22449	1	2427980	2427980	0	
5.22681	1	2429086	2429086	0	
5.22681	1	2429440	2429440	0	
5.22904	1	2430530	2430530	0	
5.22904	1	2430900	2430900	0	
5.23127	1	2431974	2431974	0	
5.23127	1	2432360	2432360	0	
5.2335	1	2433418	2433418	0	
5.2335	1	2433820	2433820	0	
5.23574	1	2434862	2434862	0	
5.23574	1	2435280	2435280	0	
5.23806	1	2436306	2436306	0	
5.23806	1	2436740	2436740	0	
5.24029	1	2437750	2437750	0	
5.24029	1	2438200	2438200	0	
5.24253	1	2439194	2439194	0	
5.24253	1	2439660	2439660	0	
5.24476	1	2440638	2440638	0	
5.24476	1	2441120	2441120	0	
5.24699	1	2442082	2442082	0	
5.24699	1	2442580	2442580	0	
5.24931	1	2443526	2443526	0	
5.24931	1	2444040	2444040	0	
5.25154	1	2444970	2444970	0	
5.25154	1	2445500	2445500	0	
5.25374	1	2446414	2446414	0	
5.25374	1	2446960	2446960	0	
5.25593	1	2447858	2447858	0	
5.25593	1	2448420	2448420	0	
5.25813	1	2449302	2449302	0	
5.25813	1	2449880	2449880	0	
5.26034	1	2450746	2450746	0	
5.26034	1	2451340	2451340	0	
5.26253	1	2452190	2452190	0	
5.26253	1	2452800	2452800	0	
5.26473	1	2453634	2453634	0	
5.26473	1	2454260	2454260	0	
5.26702	1	2455078	2455078	0	
5.26702	1	2455720	2455720	0	
5.26921	1	2456522	2456522	0	
5.26921	1	2457180	2457180	0	
5.27141	1	2457966	2457966	0	
5.27141	1	2458640	2458640	0	
5.27361	1	2459410	2459410	0	
5.27361	1	2460100	2460100	0	
5.27581	1	2460854	2460854	0	
5.27581	1	2461560	2461560	0	
5.278	1	2462298	2462298	0	
5.278	1	2463020	2463020	0	
5.28029	1	2463742	2463742	0	
5.28029	1	2464480	2464480	0	
5.28249	1	2465186	2465186	0	
5.28249	1	2465940	2465940	0	
5.28469	1	2466630	2466630	0	
5.28469	1	2467400	2467400	0	
5.28689	1	2468074	2468074	0	
5.28689	1	2468860	2468860	0	
5.28908	1	2469518	2469518	0	
5.28908	1	2470320	2470320	0	
5.29128	1	2470962	2470962	0	
5.29128	1	2471780	2471780	0	
5.29348	1	2472406	2472406	0	
5.29348	1	2473240	2473240	0	
5.29568	1	2473850	2473850	0	
5.29568	1	2474700	2474700	0	
5.29796	1	2475294	2475294	0	
5.29796	1	2476160	2476160	0	
5.30016	1	2476738	2476738	0	
5.30016	1	2477620	2477620	0	
5.30236	1	2478182	2478182	0	
5.30236	1	2479080	2479080	0	
5.30456	1	2479626	2479626	0	
5.30456	1	2480540	2480540	0	
5.30676	1	2481070	2481070	0	
5.30676	1	2482000	2482000	0	
5.30904	1	2482514	2482514	0	
5.30904	1	2483460	2483460	0	
5.31124	1	2483958	2483958	0	
5.31124	1	2484920	2484920	0	
5.31344	1	2485402	2485402	0	
5.31344	1	2486380	2486380	0	
5.31563	1	2486846	2486846	0	
5.31563	1	2487840	2487840	0	
5.31783	1	2488290	2488290	0	
5.31783	1	2489300	2489300	0	
5.32003	1	2489734	2489734	0	
5.32003	1	2490760	2490760	0	
5.32223	1	2491178	2491178	0	
5.32223	1	2492220	2492220	0	
5.32443	1	2492622	2492622	0	
5.32443	1	2493680	2493680	0	
5.32671	1	2494066	2494066	0	
5.32671	1	2495140	2495140	0	
5.32891	1	2495510	2495510	0	
5.32891	1	2496600	2496600	0	
5.33111	1	2496954	2496954	0	
5.33111	1	2498060	2498060	0	
5.33331	1	2498398	2498398	0	
5.33331	1	2499520	2499520	0	
5.3355	1	2499842	2499842	0	
5.3355	1	2500980	2500980	0	
5.33779	1	2501286	2501286	0	
5.33779	1	2502440	2502440	0	
5.33998	1	2502730	2502730	0	
5.33998	1	2503900	2503900	0	
5.34218	1	2504174	2504174	0	
5.34218	1	2505360	2505360	0	
5.34439	1	2505618	2505618	0	
5.34439	1	2506820	2506820	0	
5.34658	1	2507062	2507062	0	
5.34658	1	2508280	2508280	0	
5.34887	1	2508506	2508506	0	
5.34887	1	2509740	2509740	0	
5.35106	1	2509950	2509950	0	
5.35106	1	2511200	2511200	0	
5.3532	1	2511394	2511394	0	
5.3532	1	2512660	2512660	0	
5.35534	1	2512838	2512838	0	
5.35534	1	2514120	2514120	0	
5.35748	1	2514282	2514282	0	
5.35748	1	2515580	2515580	0	
5.35962	1	2515726	2515726	0	
5.35962	1	2517040	2517040	0	
5.36176	1	2517170	2517170	0	
5.36176	1	2518500	2518500	0	
5.3639	1	2518614	2518614	0	
5.3639	1	2519960	2519960	0	
5.36613	1	2520058	2520058	0	
5.36613	1	2521420	2521420	0	
5.36827	1	2521502	2521502	0	
5.36827	1	2522880	2522880	0	
5.37041	1	2522946	2522946	0	
5.37041	1	2524340	2524340	0	
5.37255	1	2524390	2524390	0	
5.37255	1	2525800	2525800	0	
5.37469	1	2525834	2525834	0	
5.37469	1	2527260	2527260	0	
5.37691	1	2527278	2527278	0	
5.37691	1	2528720	2528720	0	
5.37905	1	2528722	2528722	0	
5.38119	1	2530174	2530174	0	
5.38119	1	2530180	2530180	0	
5.38333	1	2531619	2531619	0	
5.38333	1	2531640	2531640	0	
5.38548	1	2533064	2533064	0	
5.38548	1	2533100	2533100	0	
5.38762	1	2534509	2534509	0	
5.38762	1	2534560	2534560	0	
5.38976	1	2535954	2535954	0	
5.38976	1	2536020	2536020	0	
5.3919	1	2537398	2537398	0	
5.3919	1	2537480	2537480	0	
5.39412	1	2538842	2538842	0	
5.39412	1	2538940	2538940	0	
5.39626	1	2540286	2540286	0	
5.39626	1	2540400	2540400	0	
5.3984	1	2541730	2541730	0	
5.3984	1	2541860	2541860	0	
5.40054	1	2543174	2543174	0	
5.40054	1	2543320	2543320	0	
5.40268	1	2544618	2544618	0	
5.40268	1	2544780	2544780	0	
5.40491	1	2546062	2546062	0	
5.40491	1	2546240	2546240	0	
5.40705	1	2547506	2547506	0	
5.40705	1	2547700	2547700	0	
5.40919	1	2548950	2548950	0	
5.40919	1	2549160	2549160	0	
5.41133	1	2550394	2550394	0	
5.41133	1	2550620	2550620	0	
5.41347	1	2551838	2551838	0	
5.41347	1	2552080	2552080	0	
5.41561	1	2553282	2553282	0	
5.41561	1	2553540	2553540	0	
5.41775	1	2554726	2554726	0	
5.41775	1	2555000	2555000	0	
5.41989	1	2556170	2556170	0	
5.41989	1	2556460	2556460	0	
5.42211	1	2557614	2557614	0	
5.42211	1	2557920	2557920	0	
5.42425	1	2559058	2559058	0	
5.42425	1	2559380	2559380	0	
5.4264	1	2560502	2560502	0	
5.4264	1	2560840	2560840	0	
5.42853	1	2561946	2561946	0	
5.42853	1	2562300	2562300	0	
5.43067	1	2563390	2563390	0	
5.43067	1	2563760	2563760	0	
5.4329	1	2564834	2564834	0	
5.4329	1	2565220	2565220	0	
5.43504	1	2566278	2566278	0	
5.43504	1	2566680	2566680	0	
5.43718	1	2567722	2567722	0	
5.43718	1	2568140	2568140	0	
5.43932	1	2569166	2569166	0	
5.43932	1	2569600	2569600	0	
5.44146	1	2570610	2570610	0	
5.44146	1	2571060	2571060	0	
5.44368	1	2572054	2572054	0	
5.44368	1	2572520	2572520	0	
5.44583	1	2573498	2573498	0	
5.44583	1	2573980	2573980	0	
5.44797	1	2574942	2574942	0	
5.44797	1	2575440	2575440	0	
5.45011	1	2576386	2576386	0	
5.45011	1	2576900	2576900	0	
5.45218	1	2577830	2577830	0	
5.45218	1	2578360	2578360	0	
5.45425	1	2579274	2579274	0	
5.45425	1	2579820	2579820	0	
5.45632	1	2580718	2580718	0	
5.45632	1	2581280	2581280	0	
5.4584	1	2582162	2582162	0	
5.4584	1	2582740	2582740	0	
5.46055	1	2583606	2583606	0	
5.46055	1	2584200	2584200	0	
5.46262	1	2585050	2585050	0	
5.46262	1	2585660	2585660	0	
5.46469	1	2586494	2586494	0	
5.46469	1	2587120	2587120	0	
5.46677	1	2587938	2587938	0	
5.46677	1	2588580	2588580	0	
5.46884	1	2589382	2589382	0	
5.46884	1	2590040	2590040	0	
5.471	1	2590826	2590826	0	
5.471	1	2591500	2591500	0	
5.47307	1	2592270	2592270	0	
5.47307	1	2592960	2592960	0	
5.47514	1	2593714	2593714	0	
5.47514	1	2594420	2594420	0	
5.47721	1	2595158	2595158	0	
5.47721	1	2595880	2595880	0	
5.47929	1	2596602	2596602	0	
5.47929	1	2597340	2597340	0	
5.48136	1	2598046	2598046	0	
5.48136	1	2598800	2598800	0	
5.48343	1	2599490	2599490	0	
5.48343	1	2600260	2600260	0	
5.4855	1	2600934	2600934	0	
5.4855	1	2601720	2601720	0	
5.48766	1	2602378	2602378	0	
5.48766	1	2603180	2603180	0	
5.48973	1	2603822	2603822	0	
5.48973	1	2604640	2604640	0	
5.49181	1	2605266	2605266	0	
5.49181	1	2606100	2606100	0	
5.49388	1	2606710	2606710	0	
5.49388	1	2607560	2607560	0	
5.49595	1	2608154	2608154	0	
5.49595	1	2609020	2609020	0	
5.4981	1	2609598	2609598	0	
5.4981	1	2610480	2610480	0	
5.50018	1	2611042	2611042	0	
5.50018	1	2611940	2611940	0	
5.50225	1	2612486	2612486	0	
5.50225	1	2613400	2613400	0	
5.50432	1	2613930	2613930	0	
5.50432	1	2614860	2614860	0	
5.5064	1	2615374	2615374	0	
5.5064	1	2616320	2616320	0	
5.50847	1	2616818	2616818	0	
5.50847	1	2617780	2617780	0	
5.51054	1	2618262	2618262	0	
5.51054	1	2619240	2619240	0	
5.51262	1	2619706	2619706	0	
5.51262	1	2620700	2620700	0	
5.51477	1	2621150	2621150	0	
5.51477	1	2622160	2622160	0	
5.51684	1	2622594	2622594	0	
5.51684	1	2623620	2623620	0	
5.51891	1	2624038	2624038	0	
5.51891	1	2625080	2625080	0	
5.52099	1	2625482	2625482	0	
5.52099	1	2626540	2626540	0	
5.52306	1	2626926	2626926	0	
5.52306	1	2628000	2628000	0	
5.52522	1	2628370	2628370	0	
5.52522	1	2629460	2629460	0	
5.52729	1	2629814	2629814	0	
5.52729	1	2630920	2630920	0	
5.52936	1	2631258	2631258	0	
5.52936	1	2632380	2632380	0	
5.53143	1	2632702	2632702	0	
5.53143	1	2633840	2633840	0	
5.53351	1	2634146	2634146	0	
5.53351	1	2635300	2635300	0	
5.53566	1	2635590	2635590	0	
5.53566	1	2636760	2636760	0	
5.53773	1	2637034	2637034	0	
5.53773	1	2638220	2638220	0	
5.5398	1	2638478	2638478	0	
5.5398	1	2639680	2639680	0	
5.54187	1	2639922	2639922	0	
5.54187	1	2641140	2641140	0	
5.54395	1	2641366	2641366	0	
5.54395	1	2642600	2642600	0	
5.54603	1	2642810	2642810	0	
5.54603	1	2644060	2644060	0	
5.5481	1	2644254	2644254	0	
5.5481	1	2645520	2645520	0	
5.55017	1	2645698	2645698	0	
5.55017	1	2646980	2646980	0	
5.55271	1	2647142	2647142	0	
5.55271	1	2648440	2648440	0	
5.55515	1	2648586	2648586	0	
5.55515	1	2649900	2649900	0	
5.55759	1	2650030	2650030	0	
5.55759	1	2651360	2651360	0	
5.56004	1	2651474	2651474	0	
5.56004	1	2652820	2652820	0	
5.56248	1	2652918	2652918	0	
5.56248	1	2654280	2654280	0	
5.56502	1	2654362	2654362	0	
5.56502	1	2655740	2655740	0	
5.56747	1	2655806	2655806	0	
5.56747	1	2657200	2657200	0	
5.56991	1	2657250	2657250	0	
5.56991	1	2658660	2658660	0	
5.57235	1	2658694	2658694	0	
5.57235	1	2660120	2660120	0	
5.57479	1	2660138	2660138	0	
5.57479	1	2661580	2661580	0	
5.57723	1	2661582	2661582	0	
5.57967	1	2663034	2663034	0	
5.57967	1	2663040	2663040	0	
5.58211	1	2664479	2664479	0	
5.58211	1	2664500	2664500	0	
5.58465	1	2665924	2665924	0	
5.58465	1	2665960	2665960	0	
5.58709	1	2667369	2667369	0	
5.58709	1	2667420	2667420	0	
5.58954	1	2668814	2668814	0	
5.58954	1	2668880	2668880	0	
5.59199	1	2670258	2670258	0	
5.59199	1	2670340	2670340	0	
5.59443	1	2671702	2671702	0	
5.59443	1	2671800	2671800	0	
5.59697	1	2673146	2673146	0	
5.59697	1	2673260	2673260	0	
5.59941	1	2674590	2674590	0	
5.59941	1	2674720	2674720	0	
5.60185	1	2676034	2676034	0	
5.60185	1	2676180	2676180	0	
5.6043	1	2677478	2677478	0	
5.6043	1	2677640	2677640	0	
5.60674	1	2678922	2678922	0	
5.60674	1	2679100	2679100	0	
5.60918	1	2680366	2680366	0	
5.60918	1	2680560	2680560	0	
5.61162	1	2681810	2681810	0	
5.61162	1	2682020	2682020	0	
5.61407	1	2683254	2683254	0	
5.61407	1	2683480	2683480	0	
5.61661	1	2684698	2684698	0	
5.61661	1	2684940	2684940	0	
5.61905	1	2686142	2686142	0	
5.61905	1	2686400	2686400	0	
5.6215	1	2687586	2687586	0	
5.6215	1	2687860	2687860	0	
5.62394	1	2689030	2689030	0	
5.62394	1	2689320	2689320	0	
5.62638	1	2690474	2690474	0	
5.62638	1	2690780	2690780	0	
5.62892	1	2691918	2691918	0	
5.62892	1	2692240	2692240	0	
5.63136	1	2693362	2693362	0	
5.63136	1	2693700	2693700	0	
5.6338	1	2694806	2694806	0	
5.6338	1	2695160	2695160	0	
5.63625	1	2696250	2696250	0	
5.63625	1	2696620	2696620	0	
5.6387	1	2697694	2697694	0	
5.6387	1	2698080	2698080	0	
5.64123	1	2699138	2699138	0	
5.64123	1	2699540	2699540	0	
5.64368	1	2700582	2700582	0	
5.64368	1	2701000	2701000	0	
5.64612	1	2702026	2702026	0	
5.64612	1	2702460	2702460	0	
5.64856	1	2703470	2703470	0	
5.64856	1	2703920	2703920	0	
5.651	1	2704914	2704914	0	
5.651	1	2705380	2705380	0	
5.65314	1	2706358	2706358	0	
5.65314	1	2706840	2706840	0	
5.65528	1	2707802	2707802	0	
5.65528	1	2708300	2708300	0	
5.65742	1	2709246	2709246	0	
5.65742	1	2709760	2709760	0	
5.65965	1	2710690	2710690	0	
5.65965	1	2711220	2711220	0	
5.66179	1	2712134	2712134	0	
5.66179	1	2712680	2712680	0	
5.66392	1	2713578	2713578	0	
5.66392	1	2714140	2714140	0	
5.66606	1	2715022	2715022	0	
5.66606	1	2715600	2715600	0	
5.6682	1	2716466	2716466	0	
5.6682	1	2717060	2717060	0	
5.67042	1	2717910	2717910	0	
5.67042	1	2718520	2718520	0	
5.67256	1	2719354	2719354	0	
5.67256	1	2719980	2719980	0	
5.6747	1	2720798	2720798	0	
5.6747	1	2721440	2721440	0	
5.67684	1	2722242	2722242	0	
5.67684	1	2722900	2722900	0	
5.67898	1	2723686	2723686	0	
5.67898	1	2724360	2724360	0	
5.68112	1	2725130	2725130	0	
5.68112	1	2725820	2725820	0	
5.68326	1	2726574	2726574	0	
5.68326	1	2727280	2727280	0	
5.6854	1	2728018	2728018	0	
5.6854	1	2728740	2728740	0	
5.68762	1	2729462	2729462	0	
5.68762	1	2730200	2730200	0	
5.68976	1	2730906	2730906	0	
5.68976	1	2731660	2731660	0	
5.6919	1	2732350	2732350	0	
5.6919	1	2733120	2733120	0	
5.69404	1	2733794	2733794	0	
5.69404	1	2734580	2734580	0	
5.69617	1	2735238	2735238	0	
5.69617	1	2736040	2736040	0	
5.6984	1	2736682	2736682	0	
5.6984	1	2737500	2737500	0	
5.70054	1	2738126	2738126	0	
5.70054	1	2738960	2738960	0	
5.70268	1	2739570	2739570	0	
5.70268	1	2740420	2740420	0	
5.70482	1	2741014	2741014	0	
5.70482	1	2741880	2741880	0	
5.70696	1	2742458	2742458	0	
5.70696	1	2743340	2743340	0	
5.70918	1	2743902	2743902	0	
5.70918	1	2744800	2744800	0	
5.71132	1	2745346	2745346	0	
5.71132	1	2746260	2746260	0	
5.71345	1	2746790	2746790	0	
5.71345	1	2747720	2747720	0	
5.71559	1	2748234	2748234	0	
5.71559	1	2749180	2749180	0	
5.71773	1	2749678	2749678	0	
5.71773	1	2750640	2750640	0	
5.71987	1	2751122	2751122	0	
5.71987	1	2752100	2752100	0	
5.72201	1	2752566	2752566	0	
5.72201	1	2753560	2753560	0	
5.72415	1	2754010	2754010	0	
5.72415	1	2755020	2755020	0	
5.72629	1	2755454	2755454	0	
5.72629	1	2756480	2756480	0	
5.72851	1	2756898	2756898	0	
5.72851	1	2757940	2757940	0	
5.73065	1	2758342	2758342	0	
5.73065	1	2759400	2759400	0	
5.73279	1	2759786	2759786	0	
5.73279	1	2760860	2760860	0	
5.73493	1	2761230	2761230	0	
5.73493	1	2762320	2762320	0	
5.73707	1	2762674	2762674	0	
5.73707	1	2763780	2763780	0	
5.73929	1	2764118	2764118	0	
5.73929	1	2765240	2765240	0	
5.74143	1	2765562	2765562	0	
5.74143	1	2766700	2766700	0	
5.74357	1	2767006	2767006	0	
5.74357	1	2768160	2768160	0	
5.74571	1	2768450	2768450	0	
5.74571	1	2769620	2769620	0	
5.74785	1	2769894	2769894	0	
5.74785	1	2771080	2771080	0	
5.74999	1	2771338	2771338	0	
5.74999	1	2772540	2772540	0	
5.75212	1	2772782	2772782	0	
5.75212	1	2774000	2774000	0	
5.75436	1	2774226	2774226	0	
5.75436	1	2775460	2775460	0	
5.75669	1	2775670	2775670	0	
5.75669	1	2776920	2776920	0	
5.75893	1	2777114	2777114	0	
5.75893	1	2778380	2778380	0	
5.76117	1	2778558	2778558	0	
5.76117	1	2779840	2779840	0	
5.76342	1	2780002	2780002	0	
5.76342	1	2781300	2781300	0	
5.76566	1	2781446	2781446	0	
5.76566	1	2782760	2782760	0	
5.76798	1	2782890	2782890	0	
5.76798	1	2784220	2784220	0	
5.77022	1	2784334	2784334	0	
5.77022	1	2785680	2785680	0	
5.77246	1	2785778	2785778	0	
5.77246	1	2787140	2787140	0	
5.7747	1	2787222	2787222	0	
5.7747	1	2788600	2788600	0	
5.77694	1	2788666	2788666	0	
5.77694	1	2790060	2790060	0	
5.77918	1	2790110	2790110	0	
5.77918	1	2791520	2791520	0	
5.78142	1	2791554	2791554	0	
5.78142	1	2792980	2792980	0	
5.78366	1	2792998	2792998	0	
5.78366	1	2794440	2794440	0	
5.78599	1	2794442	2794442	0	
5.78823	1	2795894	2795894	0	
5.78823	1	2795900	2795900	0	
5.79047	1	2797339	2797339	0	
5.79047	1	2797360	2797360	0	
5.79271	1	2798784	2798784	0	
5.79271	1	2798820	2798820	0	
5.79495	1	2800229	2800229	0	
5.79495	1	2800280	2800280	0	
5.79727	1	2801674	2801674	0	
5.79727	1	2801740	2801740	0	
5.79951	1	2803118	2803118	0	
5.79951	1	2803200	2803200	0	
5.80175	1	2804562	2804562	0	
5.80175	1	2804660	2804660	0	
5.80399	1	2806006	2806006	0	
5.80399	1	2806120	2806120	0	
5.80624	1	2807450	2807450	0	
5.80624	1	2807580	2807580	0	
5.80856	1	2808894	2808894	0	
5.80856	1	2809040	2809040	0	
5.8108	1	2810338	2810338	0	
5.8108	1	2810500	2810500	0	
5.81304	1	2811782	2811782	0	
5.81304	1	2811960	2811960	0	
5.81528	1	2813226	2813226	0	
5.81528	1	2813420	2813420	0	
5.81752	1	2814670	2814670	0	
5.81752	1	2814880	2814880	0	
5.81976	1	2816114	2816114	0	
5.81976	1	2816340	2816340	0	
5.822	1	2817558	2817558	0	
5.822	1	2817800	2817800	0	
5.82424	1	2819002	2819002	0	
5.82424	1	2819260	2819260	0	
5.82658	1	2820446	2820446	0	
5.82658	1	2820720	2820720	0	
5.82881	1	2821890	2821890	0	
5.82881	1	2822180	2822180	0	
5.83105	1	2823334	2823334	0	
5.83105	1	2823640	2823640	0	
5.83329	1	2824778	2824778	0	
5.83329	1	2825100	2825100	0	
5.83553	1	2826222	2826222	0	
5.83553	1	2826560	2826560	0	
5.83786	1	2827666	2827666	0	
5.83786	1	2828020	2828020	0	
5.8401	1	2829110	2829110	0	
5.8401	1	2829480	2829480	0	
5.84234	1	2830554	2830554	0	
5.84234	1	2830940	2830940	0	
5.84458	1	2831998	2831998	0	
5.84458	1	2832400	2832400	0	
5.84682	1	2833442	2833442	0	
5.84682	1	2833860	2833860	0	
5.84907	1	2834886	2834886	0	
5.84907	1	2835320	2835320	0	
5.8513	1	2836330	2836330	0	
5.8513	1	2836780	2836780	0	
5.85346	1	2837774	2837774	0	
5.85346	1	2838240	2838240	0	
5.8557	1	2839218	2839218	0	
5.8557	1	2839700	2839700	0	
5.85786	1	2840662	2840662	0	
5.85786	1	2841160	2841160	0	
5.86001	1	2842106	2842106	0	
5.86001	1	2842620	2842620	0	
5.86217	1	2843550	2843550	0	
5.86217	1	2844080	2844080	0	
5.86432	1	2844994	2844994	0	
5.86432	1	2845540	2845540	0	
5.86656	1	2846438	2846438	0	
5.86656	1	2847000	2847000	0	
5.86873	1	2847882	2847882	0	
5.86873	1	2848460	2848460	0	
5.87088	1	2849326	2849326	0	
5.87088	1	2849920	2849920	0	
5.87304	1	2850770	2850770	0	
5.87304	1	2851380	2851380	0	
5.87519	1	2852214	2852214	0	
5.87519	1	2852840	2852840	0	
5.87735	1	2853658	2853658	0	
5.87735	1	2854300	2854300	0	
5.87951	1	2855102	2855102	0	
5.87951	1	2855760	2855760	0	
5.88166	1	2856546	2856546	0	
5.88166	1	2857220	2857220	0	
5.8839	1	2857990	2857990	0	
5.8839	1	2858680	2858680	0	
5.88606	1	2859434	2859434	0	
5.88606	1	2860140	2860140	0	
5.88821	1	2860878	2860878	0	
5.88821	1	2861600	2861600	0	
5.89038	1	2862322	2862322	0	
5.89038	1	2863060	2863060	0	
5.89253	1	2863766	2863766	0	
5.89253	1	2864520	2864520	0	
5.89469	1	2865210	2865210	0	
5.89469	1	2865980	2865980	0	
5.89693	1	2866654	2866654	0	
5.89693	1	2867440	2867440	0	
5.89908	1	2868098	2868098	0	
5.89908	1	2868900	2868900	0	
5.90124	1	2869542	2869542	0	
5.90124	1	2870360	2870360	0	
5.9034	1	2870986	2870986	0	
5.9034	1	2871820	2871820	0	
5.90555	1	2872430	2872430	0	
5.90555	1	2873280	2873280	0	
5.90779	1	2873874	2873874	0	
5.90779	1	2874740	2874740	0	
5.90995	1	2875318	2875318	0	
5.90995	1	2876200	2876200	0	
5.91211	1	2876762	2876762	0	
5.91211	1	2877660	2877660	0	
5.91427	1	2878206	2878206	0	
5.91427	1	2879120	2879120	0	
5.91642	1	2879650	2879650	0	
5.91642	1	2880580	2880580	0	
5.91858	1	2881094	2881094	0	
5.91858	1	2882040	2882040	0	
5.92073	1	2882538	2882538	0	
5.92073	1	2883500	2883500	0	
5.92289	1	2883982	2883982	0	
5.92289	1	2884960	2884960	0	
5.92513	1	2885426	2885426	0	
5.92513	1	2886420	2886420	0	
5.92729	1	2886870	2886870	0	
5.92729	1	2887880	2887880	0	
5.92944	1	2888314	2888314	0	
5.92944	1	2889340	2889340	0	
5.9316	1	2889758	2889758	0	
5.9316	1	2890800	2890800	0	
5.93376	1	2891202	2891202	0	
5.93376	1	2892260	2892260	0	
5.936	1	2892646	2892646	0	
5.936	1	2893720	2893720	0	
5.93816	1	2894090	2894090	0	
5.93816	1	2895180	2895180	0	
5.94031	1	2895534	2895534	0	
5.94031	1	2896640	2896640	0	
5.94247	1	2896978	2896978	0	
5.94247	1	2898100	2898100	0	
5.94462	1	2898422	2898422	0	
5.94462	1	2899560	2899560	0	
5.94678	1	2899866	2899866	0	
5.94678	1	2901020	2901020	0	
5.94894	1	2901310	2901310	0	
5.94894	1	2902480	2902480	0	
5.95109	1	2902754	2902754	0	
5.95109	1	2903940	2903940	0	
5.95342	1	2904198	2904198	0	
5.95342	1	2905400	2905400	0	
5.95565	1	2905642	2905642	0	
5.95565	1	2906860	2906860	0	
5.95788	1	2907086	2907086	0	
5.95788	1	2908320	2908320	0	
5.96012	1	2908530	2908530	0	
5.96012	1	2909780	2909780	0	
5.96235	1	2909974	2909974	0	
5.96235	1	2911240	2911240	0	
5.96467	1	2911418	2911418	0	
5.96467	1	2912700	2912700	0	
5.9669	1	2912862	2912862	0	
5.9669	1	2914160	2914160	0	
5.96913	1	2914306	2914306	0	
5.96913	1	2915620	2915620	0	
5.97137	1	2915750	2915750	0	
5.97137	1	2917080	2917080	0	
5.97361	1	2917194	2917194	0	
5.97361	1	2918540	2918540	0	
5.97584	1	2918638	2918638	0	
5.97584	1	2920000	2920000	0	
5.97807	1	2920082	2920082	0	
5.97807	1	2921460	2921460	0	
5.98039	1	2921526	2921526	0	
5.98039	1	2922920	2922920	0	
5.98262	1	2922970	2922970	0	
5.98262	1	2924380	2924380	0	
5.98485	1	2924414	2924414	0	
5.98485	1	2925840	2925840	0	
5.98708	1	2925858	2925858	0	
5.98708	1	2927300	2927300	0	
5.98931	1	2927302	2927302	0	
5.99155	1	2928754	2928754	0	
5.99155	1	2928760	2928760	0	
5.99387	1	2930199	2930199	0	
5.99387	1	2930220	2930220	0	
5.99611	1	2931644	2931644	0	
5.99611	1	2931680	2931680	0	
5.99834	1	2933089	2933089	0	
5.99834	1	2933140	2933140	0	
6.00057	1	2934534	2934534	0	
6.00057	1	2934600	2934600	0	
6.0028	1	2935978	2935978	0	
6.0028	1	2936060	2936060	0	
6.00512	1	2937422	2937422	0	
6.00512	1	2937520	2937520	0	
6.00735	1	2938866	2938866	0	
6.00735	1	2938980	2938980	0	
6.00959	1	2940310	2940310	0	
6.00959	1	2940440	2940440	0	
6.01182	1	2941754	2941754	0	
6.01182	1	2941900	2941900	0	
6.01405	1	2943198	2943198	0	
6.01405	1	2943360	2943360	0	
6.01629	1	2944642	2944642	0	
6.01629	1	2944820	2944820	0	
6.01852	1	2946086	2946086	0	
6.01852	1	2946280	2946280	0	
6.02076	1	2947530	2947530	0	
6.02076	1	2947740	2947740	0	
6.02308	1	2948974	2948974	0	
6.02308	1	2949200	2949200	0	
6.02531	1	2950418	2950418	0	
6.02531	1	2950660	2950660	0	
6.02754	1	2951862	2951862	0	
6.02754	1	2952120	2952120	0	
6.02977	1	2953306	2953306	0	
6.02977	1	2953580	2953580	0	
6.03201	1	2954750	2954750	0	
6.03201	1	2955040	2955040	0	
6.03433	1	2956194	2956194	0	
6.03433	1	2956500	2956500	0	
6.03657	1	2957638	2957638	0	
6.03657	1	2957960	2957960	0	
6.0388	1	2959082	2959082	0	
6.0388	1	2959420	2959420	0	
6.04103	1	2960526	2960526	0	
6.04103	1	2960880	2960880	0	
6.04326	1	2961970	2961970	0	
6.04326	1	2962340	2962340	0	
6.0455	1	2963414	2963414	0	
6.0455	1	2963800	2963800	0	
6.04773	1	2964858	2964858	0	
6.04773	1	2965260	2965260	0	
6.04996	1	2966302	2966302	0	
6.04996	1	2966720	2966720	0	
6.05228	1	2967746	2967746	0	
6.05228	1	2968180	2968180	0	
6.05441	1	2969190	2969190	0	
6.05441	1	2969640	2969640	0	
6.05654	1	2970634	2970634	0	
6.05654	1	2971100	2971100	0	
6.05868	1	2972078	2972078	0	
6.05868	1	2972560	2972560	0	
6.06081	1	2973522	2973522	0	
6.06081	1	2974020	2974020	0	
6.06302	1	2974966	2974966	0	
6.06302	1	2975480	2975480	0	
6.06515	1	2976410	2976410	0	
6.06515	1	2976940	2976940	0	
6.06728	1	2977854	2977854	0	
6.06728	1	2978400	2978400	0	
6.06941	1	2979298	2979298	0	
6.06941	1	2979860	2979860	0	
6.07154	1	2980742	2980742	0	
6.07154	1	2981320	2981320	0	
6.07375	1	2982186	2982186	0	
6.07375	1	2982780	2982780	0	
6.07588	1	2983630	2983630	0	
6.07588	1	2984240	2984240	0	
6.07802	1	2985074	2985074	0	
6.07802	1	2985700	2985700	0	
6.08015	1	2986518	2986518	0	
6.08015	1	2987160	2987160	0	
6.08228	1	2987962	2987962	0	
6.08228	1	2988620	2988620	0	
6.08441	1	2989406	2989406	0	
6.08441	1	2990080	2990080	0	
6.08654	1	2990850	2990850	0	
6.08654	1	2991540	2991540	0	
6.08866	1	2992294	2992294	0	
6.08866	1	2993000	2993000	0	
6.09088	1	2993738	2993738	0	
6.09088	1	2994460	2994460	0	
6.09301	1	2995182	2995182	0	
6.09301	1	2995920	2995920	0	
6.09514	1	2996626	2996626	0	
6.09514	1	2997380	2997380	0	
6.09727	1	2998070	2998070	0	
6.09727	1	2998840	2998840	0	
6.0994	1	2999514	2999514	0	
6.0994	1	3000300	3000300	0	
6.10162	1	3000958	3000958	0	
6.10162	1	3001760	3001760	0	
6.10375	1	3002402	3002402	0	
6.10375	1	3003220	3003220	0	
6.10588	1	3003846	3003846	0	
6.10588	1	3004680	3004680	0	
6.108	1	3005290	3005290	0	
6.108	1	3006140	3006140	0	
6.11013	1	3006734	3006734	0	
6.11013	1	3007600	3007600	0	
6.11226	1	3008178	3008178	0	
6.11226	1	3009060	3009060	0	
6.11439	1	3009622	3009622	0	
6.11439	1	3010520	3010520	0	
6.11652	1	3011066	3011066	0	
6.11652	1	3011980	3011980	0	
6.11874	1	3012510	3012510	0	
6.11874	1	3013440	3013440	0	
6.12087	1	3013954	3013954	0	
6.12087	1	3014900	3014900	0	
6.123	1	3015398	3015398	0	
6.123	1	3016360	3016360	0	
6.12513	1	3016842	3016842	0	
6.12513	1	3017820	3017820	0	
6.12726	1	3018286	3018286	0	
6.12726	1	3019280	3019280	0	
6.12947	1	3019730	3019730	0	
6.12947	1	3020740	3020740	0	
6.1316	1	3021174	3021174	0	
6.1316	1	3022200	3022200	0	
6.13373	1	3022618	3022618	0	
6.13373	1	3023660	3023660	0	
6.13586	1	3024062	3024062	0	
6.13586	1	3025120	3025120	0	
6.13799	1	3025506	3025506	0	
6.13799	1	3026580	3026580	0	
6.14013	1	3026950	3026950	0	
6.14013	1	3028040	3028040	0	
6.14226	1	3028394	3028394	0	
6.14226	1	3029500	3029500	0	
6.14439	1	3029838	3029838	0	
6.14439	1	3030960	3030960	0	
6.1466	1	3031282	3031282	0	
6.1466	1	3032420	3032420	0	
6.14873	1	3032726	3032726	0	
6.14873	1	3033880	3033880	0	
6.15086	1	3034170	3034170	0	
6.15086	1	3035340	3035340	0	
6.15299	1	3035614	3035614	0	
6.15299	1	3036800	3036800	0	
6.15511	1	3037058	3037058	0	
6.15511	1	3038260	3038260	0	
6.15732	1	3038502	3038502	0	
6.15732	1	3039720	3039720	0	
6.15946	1	3039946	3039946	0	
6.15946	1	3041180	3041180	0	
6.16158	1	3041390	3041390	0	
6.16158	1	3042640	3042640	0	
6.16371	1	3042834	3042834	0	
6.16371	1	3044100	3044100	0	
6.16584	1	3044278	3044278	0	
6.16584	1	3045560	3045560	0	
6.16804	1	3045722	3045722	0	
6.16804	1	3047020	3047020	0	
6.17017	1	3047166	3047166	0	
6.17017	1	3048480	3048480	0	
6.1723	1	3048610	3048610	0	
6.1723	1	3049940	3049940	0	
6.17442	1	3050054	3050054	0	
6.17442	1	3051400	3051400	0	
6.17655	1	3051498	3051498	0	
6.17655	1	3052860	3052860	0	
6.17868	1	3052942	3052942	0	
6.17868	1	3054320	3054320	0	
6.18081	1	3054386	3054386	0	
6.18081	1	3055780	3055780	0	
6.18293	1	3055830	3055830	0	
6.18293	1	3057240	3057240	0	
6.18506	1	3057274	3057274	0	
6.18506	1	3058700	3058700	0	
6.18727	1	3058718	3058718	0	
6.18727	1	3060160	3060160	0	
6.18939	1	3060162	3060162	0	
6.19152	1	3061614	3061614	0	
6.19152	1	3061620	3061620	0	
6.19365	1	3063059	3063059	0	
6.19365	1	3063080	3063080	0	
6.19577	1	3064504	3064504	0	
6.19577	1	3064540	3064540	0	
6.19798	1	3065949	3065949	0	
6.19798	1	3066000	3066000	0	
6.20011	1	3067394	3067394	0	
6.20011	1	3067460	3067460	0	
6.20224	1	3068838	3068838	0	
6.20224	1	3068920	3068920	0	
6.20437	1	3070282	3070282	0	
6.20437	1	3070380	3070380	0	
6.20649	1	3071726	3071726	0	
6.20649	1	3071840	3071840	0	
6.20862	1	3073170	3073170	0	
6.20862	1	3073300	3073300	0	
6.21075	1	3074614	3074614	0	
6.21075	1	3074760	3074760	0	
6.21287	1	3076058	3076058	0	
6.21287	1	3076220	3076220	0	
6.21508	1	3077502	3077502	0	
6.21508	1	3077680	3077680	0	
6.21721	1	3078946	3078946	0	
6.21721	1	3079140	3079140	0	
6.21933	1	3080390	3080390	0	
6.21933	1	3080600	3080600	0	
6.22147	1	3081834	3081834	0	
6.22147	1	3082060	3082060	0	
6.22359	1	3083278	3083278	0	
6.22359	1	3083520	3083520	0	
6.2258	1	3084722	3084722	0	
6.2258	1	3084980	3084980	0	
6.22793	1	3086166	3086166	0	
6.22793	1	3086440	3086440	0	
6.23006	1	3087610	3087610	0	
6.23006	1	3087900	3087900	0	
6.23218	1	3089054	3089054	0	
6.23218	1	3089360	3089360	0	
6.23431	1	3090498	3090498	0	
6.23431	1	3090820	3090820	0	
6.23644	1	3091942	3091942	0	
6.23644	1	3092280	3092280	0	
6.23856	1	3093386	3093386	0	
6.23856	1	3093740	3093740	0	
6.24078	1	3094830	3094830	0	
6.24078	1	3095200	3095200	0	
6.2429	1	3096274	3096274	0	
6.2429	1	3096660	3096660	0	
6.24503	1	3097718	3097718	0	
6.24503	1	3098120	3098120	0	
6.24716	1	3099162	3099162	0	
6.24716	1	3099580	3099580	0	
6.24928	1	3100606	3100606	0	
6.24928	1	3101040	3101040	0	
6.25141	1	3102050	3102050	0	
6.25141	1	3102500	3102500	0	
6.25356	1	3103494	3103494	0	
6.25356	1	3103960	3103960	0	
6.25564	1	3104938	3104938	0	
6.25564	1	3105420	3105420	0	
6.25771	1	3106382	3106382	0	
6.25771	1	3106880	3106880	0	
6.25979	1	3107826	3107826	0	
6.25979	1	3108340	3108340	0	
6.26187	1	3109270	3109270	0	
6.26187	1	3109800	3109800	0	
6.26403	1	3110714	3110714	0	
6.26403	1	3111260	3111260	0	
6.2661	1	3112158	3112158	0	
6.2661	1	3112720	3112720	0	
6.26818	1	3113602	3113602	0	
6.26818	1	3114180	3114180	0	
6.27025	1	3115046	3115046	0	
6.27025	1	3115640	3115640	0	
6.27233	1	3116490	3116490	0	
6.27233	1	3117100	3117100	0	
6.2744	1	3117934	3117934	0	
6.2744	1	3118560	3118560	0	
6.27648	1	3119378	3119378	0	
6.27648	1	3120020	3120020	0	
6.27855	1	3120822	3120822	0	
6.27855	1	3121480	3121480	0	
6.28071	1	3122266	3122266	0	
6.28071	1	3122940	3122940	0	
6.28279	1	3123710	3123710	0	
6.28279	1	3124400	3124400	0	
6.28486	1	3125154	3125154	0	
6.28486	1	3125860	3125860	0	
6.28694	1	3126598	3126598	0	
6.28694	1	3127320	3127320	0	
6.28901	1	3128042	3128042	0	
6.28901	1	3128780	3128780	0	
6.29117	1	3129486	3129486	0	
6.29117	1	3130240	3130240	0	
6.29324	1	3130930	3130930	0	
6.29324	1	3131700	3131700	0	
6.29532	1	3132374	3132374	0	
6.29532	1	3133160	3133160	0	
6.29739	1	3133818	3133818	0	
6.29739	1	3134620	3134620	0	
6.29947	1	3135262	3135262	0	
6.29947	1	3136080	3136080	0	
6.30155	1	3136706	3136706	0	
6.30155	1	3137540	3137540	0	
6.30363	1	3138150	3138150	0	
6.30363	1	3139000	3139000	0	
6.3057	1	3139594	3139594	0	
6.3057	1	3140460	3140460	0	
6.30786	1	3141038	3141038	0	
6.30786	1	3141920	3141920	0	
6.30993	1	3142482	3142482	0	
6.30993	1	3143380	3143380	0	
6.31201	1	3143926	3143926	0	
6.31201	1	3144840	3144840	0	
6.31408	1	3145370	3145370	0	
6.31408	1	3146300	3146300	0	
6.31616	1	3146814	3146814	0	
6.31616	1	3147760	3147760	0	
6.31831	1	3148258	3148258	0	
6.31831	1	3149220	3149220	0	
6.32039	1	3149702	3149702	0	
6.32039	1	3150680	3150680	0	
6.32247	1	3151146	3151146	0	
6.32247	1	3152140	3152140	0	
6.32454	1	3152590	3152590	0	
6.32454	1	3153600	3153600	0	
6.32662	1	3154034	3154034	0	
6.32662	1	3155060	3155060	0	
6.32869	1	3155478	3155478	0	
6.32869	1	3156520	3156520	0	
6.33077	1	3156922	3156922	0	
6.33077	1	3157980	3157980	0	
6.33292	1	3158366	3158366	0	
6.33292	1	3159440	3159440	0	
6.335	1	3159810	3159810	0	
6.335	1	3160900	3160900	0	
6.33707	1	3161254	3161254	0	
6.33707	1	3162360	3162360	0	
6.33915	1	3162698	3162698	0	
6.33915	1	3163820	3163820	0	
6.34123	1	3164142	3164142	0	
6.34123	1	3165280	3165280	0	
6.3433	1	3165586	3165586	0	
6.3433	1	3166740	3166740	0	
6.34546	1	3167030	3167030	0	
6.34546	1	3168200	3168200	0	
6.34753	1	3168474	3168474	0	
6.34753	1	3169660	3169660	0	
6.34961	1	3169918	3169918	0	
6.34961	1	3171120	3171120	0	
6.35168	1	3171362	3171362	0	
6.35168	1	3172580	3172580	0	
6.35382	1	3172806	3172806	0	
6.35382	1	3174040	3174040	0	
6.35603	1	3174250	3174250	0	
6.35603	1	3175500	3175500	0	
6.35816	1	3175694	3175694	0	
6.35816	1	3176960	3176960	0	
6.3603	1	3177138	3177138	0	
6.3603	1	3178420	3178420	0	
6.36244	1	3178582	3178582	0	
6.36244	1	3179880	3179880	0	
6.36457	1	3180026	3180026	0	
6.36457	1	3181340	3181340	0	
6.3667	1	3181470	3181470	0	
6.3667	1	3182800	3182800	0	
6.36883	1	3182914	3182914	0	
6.36883	1	3184260	3184260	0	
6.37096	1	3184358	3184358	0	
6.37096	1	3185720	3185720	0	
6.37318	1	3185802	3185802	0	
6.37318	1	3187180	3187180	0	
6.37531	1	3187246	3187246	0	
6.37531	1	3188640	3188640	0	
6.37744	1	3188690	3188690	0	
6.37744	1	3190100	3190100	0	
6.37957	1	3190134	3190134	0	
6.37957	1	3191560	3191560	0	
6.38171	1	3191578	3191578	0	
6.38171	1	3193020	3193020	0	
6.38393	1	3193022	3193022	0	
6.38606	1	3194474	3194474	0	
6.38606	1	3194480	3194480	0	
6.38819	1	3195919	3195919	0	
6.38819	1	3195940	3195940	0	
6.39032	1	3197364	3197364	0	
6.39032	1	3197400	3197400	0	
6.39245	1	3198809	3198809	0	
6.39245	1	3198860	3198860	0	
6.39459	1	3200254	3200254	0	
6.39459	1	3200320	3200320	0	
6.39672	1	3201698	3201698	0	
6.39672	1	3201780	3201780	0	
6.39885	1	3203142	3203142	0	
6.39885	1	3203240	3203240	0	
6.40107	1	3204586	3204586	0	
6.40107	1	3204700	3204700	0	
6.40321	1	3206030	3206030	0	
6.40321	1	3206160	3206160	0	
6.40534	1	3207474	3207474	0	
6.40534	1	3207620	3207620	0	
6.40747	1	3208918	3208918	0	
6.40747	1	3209080	3209080	0	
6.4096	1	3210362	3210362	0	
6.4096	1	3210540	3210540	0	
6.41182	1	3211806	3211806	0	
6.41182	1	3212000	3212000	0	
6.41395	1	3213250	3213250	0	
6.41395	1	3213460	3213460	0	
6.41608	1	3214694	3214694	0	
6.41608	1	3214920	3214920	0	
6.41821	1	3216138	3216138	0	
6.41821	1	3216380	3216380	0	
6.42035	1	3217582	3217582	0	
6.42035	1	3217840	3217840	0	
6.42248	1	3219026	3219026	0	
6.42248	1	3219300	3219300	0	
6.42462	1	3220470	3220470	0	
6.42462	1	3220760	3220760	0	
6.42683	1	3221914	3221914	0	
6.42683	1	3222220	3222220	0	
6.42896	1	3223358	3223358	0	
6.42896	1	3223680	3223680	0	
6.4311	1	3224802	3224802	0	
6.4311	1	3225140	3225140	0	
6.43323	1	3226246	3226246	0	
6.43323	1	3226600	3226600	0	
6.43536	1	3227690	3227690	0	
6.43536	1	3228060	3228060	0	
6.43749	1	3229134	3229134	0	
6.43749	1	3229520	3229520	0	
6.43971	1	3230578	3230578	0	
6.43971	1	3230980	3230980	0	
6.44185	1	3232022	3232022	0	
6.44185	1	3232440	3232440	0	
6.44398	1	3233466	3233466	0	
6.44398	1	3233900	3233900	0	
6.44611	1	3234910	3234910	0	
6.44611	1	3235360	3235360	0	
6.44824	1	3236354	3236354	0	
6.44824	1	3236820	3236820	0	
6.45046	1	3237798	3237798	0	
6.45046	1	3238280	3238280	0	
6.45286	1	3239242	3239242	0	
6.45286	1	3239740	3239740	0	
6.45527	1	3240686	3240686	0	
6.45527	1	3241200	3241200	0	
6.45767	1	3242130	3242130	0	
6.45767	1	3242660	3242660	0	
6.46008	1	3243574	3243574	0	
6.46008	1	3244120	3244120	0	
6.46248	1	3245018	3245018	0	
6.46248	1	3245580	3245580	0	
6.46489	1	3246462	3246462	0	
6.46489	1	3247040	3247040	0	
6.4673	1	3247906	3247906	0	
6.4673	1	3248500	3248500	0	
6.46979	1	3249350	3249350	0	
6.46979	1	3249960	3249960	0	
6.4722	1	3250794	3250794	0	
6.4722	1	3251420	3251420	0	
6.4746	1	3252238	3252238	0	
6.4746	1	3252880	3252880	0	
6.47701	1	3253682	3253682	0	
6.47701	1	3254340	3254340	0	
6.47941	1	3255126	3255126	0	
6.47941	1	3255800	3255800	0	
6.48191	1	3256570	3256570	0	
6.48191	1	3257260	3257260	0	
6.48431	1	3258014	3258014	0	
6.48431	1	3258720	3258720	0	
6.48672	1	3259458	3259458	0	
6.48672	1	3260180	3260180	0	
6.48913	1	3260902	3260902	0	
6.48913	1	3261640	3261640	0	
6.49153	1	3262346	3262346	0	
6.49153	1	3263100	3263100	0	
6.49394	1	3263790	3263790	0	
6.49394	1	3264560	3264560	0	
6.49634	1	3265234	3265234	0	
6.49634	1	3266020	3266020	0	
6.49874	1	3266678	3266678	0	
6.49874	1	3267480	3267480	0	
6.50124	1	3268122	3268122	0	
6.50124	1	3268940	3268940	0	
6.50365	1	3269566	3269566	0	
6.50365	1	3270400	3270400	0	
6.50605	1	3271010	3271010	0	
6.50605	1	3271860	3271860	0	
6.50846	1	3272454	3272454	0	
6.50846	1	3273320	3273320	0	
6.51087	1	3273898	3273898	0	
6.51087	1	3274780	3274780	0	
6.51336	1	3275342	3275342	0	
6.51336	1	3276240	3276240	0	
6.51577	1	3276786	3276786	0	
6.51577	1	3277700	3277700	0	
6.51817	1	3278230	3278230	0	
6.51817	1	3279160	3279160	0	
6.52058	1	3279674	3279674	0	
6.52058	1	3280620	3280620	0	
6.52298	1	3281118	3281118	0	
6.52298	1	3282080	3282080	0	
6.52548	1	3282562	3282562	0	
6.52548	1	3283540	3283540	0	
6.52788	1	3284006	3284006	0	
6.52788	1	3285000	3285000	0	
6.53029	1	3285450	3285450	0	
6.53029	1	3286460	3286460	0	
6.5327	1	3286894	3286894	0	
6.5327	1	3287920	3287920	0	
6.5351	1	3288338	3288338	0	
6.5351	1	3289380	3289380	0	
6.53751	1	3289782	3289782	0	
6.53751	1	3290840	3290840	0	
6.53991	1	3291226	3291226	0	
6.53991	1	3292300	3292300	0	
6.54232	1	3292670	3292670	0	
6.54232	1	3293760	3293760	0	
6.54481	1	3294114	3294114	0	
6.54481	1	3295220	3295220	0	
6.54722	1	3295558	3295558	0	
6.54722	1	3296680	3296680	0	
6.54962	1	3297002	3297002	0	
6.54962	1	3298140	3298140	0	
6.55203	1	3298446	3298446	0	
6.55203	1	3299600	3299600	0	
6.55418	1	3299890	3299890	0	
6.55418	1	3301060	3301060	0	
6.55642	1	3301334	3301334	0	
6.55642	1	3302520	3302520	0	
6.55858	1	3302778	3302778	0	
6.55858	1	3303980	3303980	0	
6.56073	1	3304222	3304222	0	
6.56073	1	3305440	3305440	0	
6.56289	1	3305666	3305666	0	
6.56289	1	3306900	3306900	0	
6.56504	1	3307110	3307110	0	
6.56504	1	3308360	3308360	0	
6.5672	1	3308554	3308554	0	
6.5672	1	3309820	3309820	0	
6.56935	1	3309998	3309998	0	
6.56935	1	3311280	3311280	0	
6.57151	1	3311442	3311442	0	
6.57151	1	3312740	3312740	0	
6.57374	1	3312886	3312886	0	
6.57374	1	3314200	3314200	0	
6.5759	1	3314330	3314330	0	
6.5759	1	3315660	3315660	0	
6.57806	1	3315774	3315774	0	
6.57806	1	3317120	3317120	0	
6.58021	1	3317218	3317218	0	
6.58021	1	3318580	3318580	0	
6.58237	1	3318662	3318662	0	
6.58237	1	3320040	3320040	0	
6.58461	1	3320106	3320106	0	
6.58461	1	3321500	3321500	0	
6.58676	1	3321550	3321550	0	
6.58676	1	3322960	3322960	0	
6.58891	1	3322994	3322994	0	
6.58891	1	3324420	3324420	0	
6.59106	1	3324438	3324438	0	
6.59106	1	3325880	3325880	0	
6.59322	1	3325882	3325882	0	
6.59537	1	3327334	3327334	0	
6.59537	1	3327340	3327340	0	
6.59753	1	3328779	3328779	0	
6.59753	1	3328800	3328800	0	
6.59969	1	3330224	3330224	0	
6.59969	1	3330260	3330260	0	
6.60193	1	3331669	3331669	0	
6.60193	1	3331720	3331720	0	
6.60408	1	3333114	3333114	0	
6.60408	1	3333180	3333180	0	
6.60623	1	3334558	3334558	0	
6.60623	1	3334640	3334640	0	
6.60839	1	3336002	3336002	0	
6.60839	1	3336100	3336100	0	
6.61054	1	3337446	3337446	0	
6.61054	1	3337560	3337560	0	
6.61278	1	3338890	3338890	0	
6.61278	1	3339020	3339020	0	
6.61494	1	3340334	3340334	0	
6.61494	1	3340480	3340480	0	
6.6171	1	3341778	3341778	0	
6.6171	1	3341940	3341940	0	
6.61925	1	3343222	3343222	0	
6.61925	1	3343400	3343400	0	
6.62141	1	3344666	3344666	0	
6.62141	1	3344860	3344860	0	
6.62364	1	3346110	3346110	0	
6.62364	1	3346320	3346320	0	
6.6258	1	3347554	3347554	0	
6.6258	1	3347780	3347780	0	
6.62795	1	3348998	3348998	0	
6.62795	1	3349240	3349240	0	
6.63011	1	3350442	3350442	0	
6.63011	1	3350700	3350700	0	
6.63226	1	3351886	3351886	0	
6.63226	1	3352160	3352160	0	
6.63441	1	3353330	3353330	0	
6.63441	1	3353620	3353620	0	
6.63657	1	3354774	3354774	0	
6.63657	1	3355080	3355080	0	
6.63873	1	3356218	3356218	0	
6.63873	1	3356540	3356540	0	
6.64088	1	3357662	3357662	0	
6.64088	1	3358000	3358000	0	
6.64312	1	3359106	3359106	0	
6.64312	1	3359460	3359460	0	
6.64528	1	3360550	3360550	0	
6.64528	1	3360920	3360920	0	
6.64743	1	3361994	3361994	0	
6.64743	1	3362380	3362380	0	
6.64959	1	3363438	3363438	0	
6.64959	1	3363840	3363840	0	
6.65174	1	3364882	3364882	0	
6.65174	1	3365300	3365300	0	
6.65426	1	3366326	3366326	0	
6.65426	1	3366760	3366760	0	
6.65669	1	3367770	3367770	0	
6.65669	1	3368220	3368220	0	
6.65912	1	3369214	3369214	0	
6.65912	1	3369680	3369680	0	
6.66155	1	3370658	3370658	0	
6.66155	1	3371140	3371140	0	
6.66397	1	3372102	3372102	0	
6.66397	1	3372600	3372600	0	
6.6664	1	3373546	3373546	0	
6.6664	1	3374060	3374060	0	
6.66883	1	3374990	3374990	0	
6.66883	1	3375520	3375520	0	
6.67125	1	3376434	3376434	0	
6.67125	1	3376980	3376980	0	
6.67377	1	3377878	3377878	0	
6.67377	1	3378440	3378440	0	
6.6762	1	3379322	3379322	0	
6.6762	1	3379900	3379900	0	
6.67863	1	3380766	3380766	0	
6.67863	1	3381360	3381360	0	
6.68105	1	3382210	3382210	0	
6.68105	1	3382820	3382820	0	
6.68349	1	3383654	3383654	0	
6.68349	1	3384280	3384280	0	
6.68601	1	3385098	3385098	0	
6.68601	1	3385740	3385740	0	
6.68844	1	3386542	3386542	0	
6.68844	1	3387200	3387200	0	
6.69086	1	3387986	3387986	0	
6.69086	1	3388660	3388660	0	
6.69329	1	3389430	3389430	0	
6.69329	1	3390120	3390120	0	
6.69572	1	3390874	3390874	0	
6.69572	1	3391580	3391580	0	
6.69814	1	3392318	3392318	0	
6.69814	1	3393040	3393040	0	
6.70057	1	3393762	3393762	0	
6.70057	1	3394500	3394500	0	
6.70309	1	3395206	3395206	0	
6.70309	1	3395960	3395960	0	
6.70552	1	3396650	3396650	0	
6.70552	1	3397420	3397420	0	
6.70795	1	3398094	3398094	0	
6.70795	1	3398880	3398880	0	
6.71038	1	3399538	3399538	0	
6.71038	1	3400340	3400340	0	
6.7128	1	3400982	3400982	0	
6.7128	1	3401800	3401800	0	
6.71523	1	3402426	3402426	0	
6.71523	1	3403260	3403260	0	
6.71775	1	3403870	3403870	0	
6.71775	1	3404720	3404720	0	
6.72018	1	3405314	3405314	0	
6.72018	1	3406180	3406180	0	
6.7226	1	3406758	3406758	0	
6.7226	1	3407640	3407640	0	
6.72503	1	3408202	3408202	0	
6.72503	1	3409100	3409100	0	
6.72746	1	3409646	3409646	0	
6.72746	1	3410560	3410560	0	
6.72998	1	3411090	3411090	0	
6.72998	1	3412020	3412020	0	
6.73241	1	3412534	3412534	0	
6.73241	1	3413480	3413480	0	
6.73484	1	3413978	3413978	0	
6.73484	1	3414940	3414940	0	
6.73726	1	3415422	3415422	0	
6.73726	1	3416400	3416400	0	
6.73969	1	3416866	3416866	0	
6.73969	1	3417860	3417860	0	
6.74212	1	3418310	3418310	0	
6.74212	1	3419320	3419320	0	
6.74454	1	3419754	3419754	0	
6.74454	1	3420780	3420780	0	
6.74697	1	3421198	3421198	0	
6.74697	1	3422240	3422240	0	
6.74949	1	3422642	3422642	0	
6.74949	1	3423700	3423700	0	
6.75192	1	3424086	3424086	0	
6.75192	1	3425160	3425160	0	
6.75437	1	3425530	3425530	0	
6.75437	1	3426620	3426620	0	
6.75683	1	3426974	3426974	0	
6.75683	1	3428080	3428080	0	
6.75928	1	3428418	3428418	0	
6.75928	1	3429540	3429540	0	
6.76182	1	3429862	3429862	0	
6.76182	1	3431000	3431000	0	
6.76427	1	3431306	3431306	0	
6.76427	1	3432460	3432460	0	
6.76672	1	3432750	3432750	0	
6.76672	1	3433920	3433920	0	
6.76917	1	3434194	3434194	0	
6.76917	1	3435380	3435380	0	
6.77162	1	3435638	3435638	0	
6.77162	1	3436840	3436840	0	
6.77407	1	3437082	3437082	0	
6.77407	1	3438300	3438300	0	
6.77653	1	3438526	3438526	0	
6.77653	1	3439760	3439760	0	
6.77898	1	3439970	3439970	0	
6.77898	1	3441220	3441220	0	
6.78153	1	3441414	3441414	0	
6.78153	1	3442680	3442680	0	
6.78398	1	3442858	3442858	0	
6.78398	1	3444140	3444140	0	
6.78643	1	3444302	3444302	0	
6.78643	1	3445600	3445600	0	
6.78888	1	3445746	3445746	0	
6.78888	1	3447060	3447060	0	
6.79133	1	3447190	3447190	0	
6.79133	1	3448520	3448520	0	
6.79388	1	3448634	3448634	0	
6.79388	1	3449980	3449980	0	
6.79633	1	3450078	3450078	0	
6.79633	1	3451440	3451440	0	
6.79878	1	3451522	3451522	0	
6.79878	1	3452900	3452900	0	
6.80124	1	3452966	3452966	0	
6.80124	1	3454360	3454360	0	
6.80368	1	3454410	3454410	0	
6.80368	1	3455820	3455820	0	
6.80613	1	3455854	3455854	0	
6.80613	1	3457280	3457280	0	
6.80858	1	3457298	3457298	0	
6.80858	1	3458740	3458740	0	
6.81113	1	3458742	3458742	0	
6.81358	1	3460194	3460194	0	
6.81358	1	3460200	3460200	0	
6.81603	1	3461639	3461639	0	
6.81603	1	3461660	3461660	0	
6.81848	1	3463084	3463084	0	
6.81848	1	3463120	3463120	0	
6.82093	1	3464529	3464529	0	
6.82093	1	3464580	3464580	0	
6.82339	1	3465974	3465974	0	
6.82339	1	3466040	3466040	0	
6.82593	1	3467418	3467418	0	
6.82593	1	3467500	3467500	0	
6.82838	1	3468862	3468862	0	
6.82838	1	3468960	3468960	0	
6.83083	1	3470306	3470306	0	
6.83083	1	3470420	3470420	0	
6.83328	1	3471750	3471750	0	
6.83328	1	3471880	3471880	0	
6.83573	1	3473194	3473194	0	
6.83573	1	3473340	3473340	0	
6.83828	1	3474638	3474638	0	
6.83828	1	3474800	3474800	0	
6.84073	1	3476082	3476082	0	
6.84073	1	3476260	3476260	0	
6.84318	1	3477526	3477526	0	
6.84318	1	3477720	3477720	0	
6.84564	1	3478970	3478970	0	
6.84564	1	3479180	3479180	0	
6.84809	1	3480414	3480414	0	
6.84809	1	3480640	3480640	0	
6.85054	1	3481858	3481858	0	
6.85054	1	3482100	3482100	0	
6.85272	1	3483302	3483302	0	
6.85272	1	3483560	3483560	0	
6.85489	1	3484746	3484746	0	
6.85489	1	3485020	3485020	0	
6.85715	1	3486190	3486190	0	
6.85715	1	3486480	3486480	0	
6.85933	1	3487634	3487634	0	
6.85933	1	3487940	3487940	0	
6.8615	1	3489078	3489078	0	
6.8615	1	3489400	3489400	0	
6.86368	1	3490522	3490522	0	
6.86368	1	3490860	3490860	0	
6.86585	1	3491966	3491966	0	
6.86585	1	3492320	3492320	0	
6.86812	1	3493410	3493410	0	
6.86812	1	3493780	3493780	0	
6.87029	1	3494854	3494854	0	
6.87029	1	3495240	3495240	0	
6.87247	1	3496298	3496298	0	
6.87247	1	3496700	3496700	0	
6.87464	1	3497742	3497742	0	
6.87464	1	3498160	3498160	0	
6.87682	1	3499186	3499186	0	
6.87682	1	3499620	3499620	0	
6.87899	1	3500630	3500630	0	
6.87899	1	3501080	3501080	0	
6.88117	1	3502074	3502074	0	
6.88117	1	3502540	3502540	0	
6.88334	1	3503518	3503518	0	
6.88334	1	3504000	3504000	0	
6.8856	1	3504962	3504962	0	
6.8856	1	3505460	3505460	0	
6.88779	1	3506406	3506406	0	
6.88779	1	3506920	3506920	0	
6.88996	1	3507850	3507850	0	
6.88996	1	3508380	3508380	0	
6.89214	1	3509294	3509294	0	
6.89214	1	3509840	3509840	0	
6.89431	1	3510738	3510738	0	
6.89431	1	3511300	3511300	0	
6.89657	1	3512182	3512182	0	
6.89657	1	3512760	3512760	0	
6.89875	1	3513626	3513626	0	
6.89875	1	3514220	3514220	0	
6.90092	1	3515070	3515070	0	
6.90092	1	3515680	3515680	0	
6.9031	1	3516514	3516514	0	
6.9031	1	3517140	3517140	0	
6.90527	1	3517958	3517958	0	
6.90527	1	3518600	3518600	0	
6.90754	1	3519402	3519402	0	
6.90754	1	3520060	3520060	0	
6.90971	1	3520846	3520846	0	
6.90971	1	3521520	3521520	0	
6.91189	1	3522290	3522290	0	
6.91189	1	3522980	3522980	0	
6.91406	1	3523734	3523734	0	
6.91406	1	3524440	3524440	0	
6.91624	1	3525178	3525178	0	
6.91624	1	3525900	3525900	0	
6.91841	1	3526622	3526622	0	
6.91841	1	3527360	3527360	0	
6.92059	1	3528066	3528066	0	
6.92059	1	3528820	3528820	0	
6.92276	1	3529510	3529510	0	
6.92276	1	3530280	3530280	0	
6.92502	1	3530954	3530954	0	
6.92502	1	3531740	3531740	0	
6.9272	1	3532398	3532398	0	
6.9272	1	3533200	3533200	0	
6.92938	1	3533842	3533842	0	
6.92938	1	3534660	3534660	0	
6.93156	1	3535286	3535286	0	
6.93156	1	3536120	3536120	0	
6.93373	1	3536730	3536730	0	
6.93373	1	3537580	3537580	0	
6.93599	1	3538174	3538174	0	
6.93599	1	3539040	3539040	0	
6.93817	1	3539618	3539618	0	
6.93817	1	3540500	3540500	0	
6.94034	1	3541062	3541062	0	
6.94034	1	3541960	3541960	0	
6.94252	1	3542506	3542506	0	
6.94252	1	3543420	3543420	0	
6.94469	1	3543950	3543950	0	
6.94469	1	3544880	3544880	0	
6.94687	1	3545394	3545394	0	
6.94687	1	3546340	3546340	0	
6.94904	1	3546838	3546838	0	
6.94904	1	3547800	3547800	0	
6.95122	1	3548282	3548282	0	
6.95122	1	3549260	3549260	0	
6.95362	1	3549726	3549726	0	
6.95362	1	3550720	3550720	0	
6.95593	1	3551170	3551170	0	
6.95593	1	3552180	3552180	0	
6.95824	1	3552614	3552614	0	
6.95824	1	3553640	3553640	0	
6.96055	1	3554058	3554058	0	
6.96055	1	3555100	3555100	0	
6.96286	1	3555502	3555502	0	
6.96286	1	3556560	3556560	0	
6.96526	1	3556946	3556946	0	
6.96526	1	3558020	3558020	0	
6.96757	1	3558390	3558390	0	
6.96757	1	3559480	3559480	0	
6.96989	1	3559834	3559834	0	
6.96989	1	3560940	3560940	0	
6.9722	1	3561278	3561278	0	
6.9722	1	3562400	3562400	0	
6.97451	1	3562722	3562722	0	
6.97451	1	3563860	3563860	0	
6.97682	1	3564166	3564166	0	
6.97682	1	3565320	3565320	0	
6.97913	1	3565610	3565610	0	
6.97913	1	3566780	3566780	0	
6.98144	1	3567054	3567054	0	
6.98144	1	3568240	3568240	0	
6.98384	1	3568498	3568498	0	
6.98384	1	3569700	3569700	0	
6.98615	1	3569942	3569942	0	
6.98615	1	3571160	3571160	0	
6.98846	1	3571386	3571386	0	
6.98846	1	3572620	3572620	0	
6.99077	1	3572830	3572830	0	
6.99077	1	3574080	3574080	0	
6.99308	1	3574274	3574274	0	
6.99308	1	3575540	3575540	0	
6.99549	1	3575718	3575718	0	
6.99549	1	3577000	3577000	0	
6.9978	1	3577162	3577162	0	
6.9978	1	3578460	3578460	0	
7.00011	1	3578606	3578606	0	
7.00011	1	3579920	3579920	0	
7.00242	1	3580050	3580050	0	
7.00242	1	3581380	3581380	0	
7.00473	1	3581494	3581494	0	
7.00473	1	3582840	3582840	0	
7.00713	1	3582938	3582938	0	
7.00713	1	3584300	3584300	0	
7.00944	1	3584382	3584382	0	
7.00944	1	3585760	3585760	0	
7.01175	1	3585826	3585826	0	
7.01175	1	3587220	3587220	0	
7.01406	1	3587270	3587270	0	
7.01406	1	3588680	3588680	0	
7.01638	1	3588714	3588714	0	
7.01638	1	3590140	3590140	0	
7.01869	1	3590158	3590158	0	
7.01869	1	3591600	3591600	0	
7.02099	1	3591602	3591602	0	
7.0233	1	3593054	3593054	0	
7.0233	1	3593060	3593060	0	
7.0257	1	3594499	3594499	0	
7.0257	1	3594520	3594520	0	
7.02801	1	3595944	3595944	0	
7.02801	1	3595980	3595980	0	
7.03032	1	3597389	3597389	0	
7.03032	1	3597440	3597440	0	
7.03263	1	3598834	3598834	0	
7.03263	1	3598900	3598900	0	
7.03494	1	3600278	3600278	0	
7.03494	1	3600360	3600360	0	
7.03735	1	3601722	3601722	0	
7.03735	1	3601820	3601820	0	
7.03966	1	3603166	3603166	0	
7.03966	1	3603280	3603280	0	
7.04197	1	3604610	3604610	0	
7.04197	1	3604740	3604740	0	
7.04428	1	3606054	3606054	0	
7.04428	1	3606200	3606200	0	
7.04659	1	3607498	3607498	0	
7.04659	1	3607660	3607660	0	
7.0489	1	3608942	3608942	0	
7.0489	1	3609120	3609120	0	
7.05121	1	3610386	3610386	0	
7.05121	1	3610580	3610580	0	
7.05336	1	3611830	3611830	0	
7.05336	1	3612040	3612040	0	
7.05558	1	3613274	3613274	0	
7.05558	1	3613500	3613500	0	
7.05773	1	3614718	3614718	0	
7.05773	1	3614960	3614960	0	
7.05988	1	3616162	3616162	0	
7.05988	1	3616420	3616420	0	
7.06203	1	3617606	3617606	0	
7.06203	1	3617880	3617880	0	
7.06417	1	3619050	3619050	0	
7.06417	1	3619340	3619340	0	
7.0664	1	3620494	3620494	0	
7.0664	1	3620800	3620800	0	
7.06854	1	3621938	3621938	0	
7.06854	1	3622260	3622260	0	
7.07069	1	3623382	3623382	0	
7.07069	1	3623720	3623720	0	
7.07283	1	3624826	3624826	0	
7.07283	1	3625180	3625180	0	
7.07498	1	3626270	3626270	0	
7.07498	1	3626640	3626640	0	
7.07712	1	3627714	3627714	0	
7.07712	1	3628100	3628100	0	
7.07927	1	3629158	3629158	0	
7.07927	1	3629560	3629560	0	
7.08142	1	3630602	3630602	0	
7.08142	1	3631020	3631020	0	
7.08364	1	3632046	3632046	0	
7.08364	1	3632480	3632480	0	
7.08579	1	3633490	3633490	0	
7.08579	1	3633940	3633940	0	
7.08793	1	3634934	3634934	0	
7.08793	1	3635400	3635400	0	
7.09008	1	3636378	3636378	0	
7.09008	1	3636860	3636860	0	
7.09222	1	3637822	3637822	0	
7.09222	1	3638320	3638320	0	
7.09445	1	3639266	3639266	0	
7.09445	1	3639780	3639780	0	
7.09659	1	3640710	3640710	0	
7.09659	1	3641240	3641240	0	
7.09874	1	3642154	3642154	0	
7.09874	1	3642700	3642700	0	
7.10089	1	3643598	3643598	0	
7.10089	1	3644160	3644160	0	
7.10303	1	3645042	3645042	0	
7.10303	1	3645620	3645620	0	
7.10526	1	3646486	3646486	0	
7.10526	1	3647080	3647080	0	
7.10741	1	3647930	3647930	0	
7.10741	1	3648540	3648540	0	
7.10955	1	3649374	3649374	0	
7.10955	1	3650000	3650000	0	
7.1117	1	3650818	3650818	0	
7.1117	1	3651460	3651460	0	
7.11384	1	3652262	3652262	0	
7.11384	1	3652920	3652920	0	
7.11598	1	3653706	3653706	0	
7.11598	1	3654380	3654380	0	
7.11813	1	3655150	3655150	0	
7.11813	1	3655840	3655840	0	
7.12027	1	3656594	3656594	0	
7.12027	1	3657300	3657300	0	
7.12251	1	3658038	3658038	0	
7.12251	1	3658760	3658760	0	
7.12465	1	3659482	3659482	0	
7.12465	1	3660220	3660220	0	
7.1268	1	3660926	3660926	0	
7.1268	1	3661680	3661680	0	
7.12894	1	3662370	3662370	0	
7.12894	1	3663140	3663140	0	
7.13109	1	3663814	3663814	0	
7.13109	1	3664600	3664600	0	
7.13323	1	3665258	3665258	0	
7.13323	1	3666060	3666060	0	
7.13546	1	3666702	3666702	0	
7.13546	1	3667520	3667520	0	
7.1376	1	3668146	3668146	0	
7.1376	1	3668980	3668980	0	
7.13975	1	3669590	3669590	0	
7.13975	1	3670440	3670440	0	
7.1419	1	3671034	3671034	0	
7.1419	1	3671900	3671900	0	
7.14404	1	3672478	3672478	0	
7.14404	1	3673360	3673360	0	
7.14619	1	3673922	3673922	0	
7.14619	1	3674820	3674820	0	
7.14833	1	3675366	3675366	0	
7.14833	1	3676280	3676280	0	
7.15048	1	3676810	3676810	0	
7.15048	1	3677740	3677740	0	
7.15263	1	3678254	3678254	0	
7.15263	1	3679200	3679200	0	
7.15469	1	3679698	3679698	0	
7.15469	1	3680660	3680660	0	
7.15676	1	3681142	3681142	0	
7.15676	1	3682120	3682120	0	
7.15883	1	3682586	3682586	0	
7.15883	1	3683580	3683580	0	
7.1609	1	3684030	3684030	0	
7.1609	1	3685040	3685040	0	
7.16305	1	3685474	3685474	0	
7.16305	1	3686500	3686500	0	
7.16512	1	3686918	3686918	0	
7.16512	1	3687960	3687960	0	
7.16719	1	3688362	3688362	0	
7.16719	1	3689420	3689420	0	
7.16926	1	3689806	3689806	0	
7.16926	1	3690880	3690880	0	
7.17132	1	3691250	3691250	0	
7.17132	1	3692340	3692340	0	
7.17347	1	3692694	3692694	0	
7.17347	1	3693800	3693800	0	
7.17554	1	3694138	3694138	0	
7.17554	1	3695260	3695260	0	
7.17761	1	3695582	3695582	0	
7.17761	1	3696720	3696720	0	
7.17968	1	3697026	3697026	0	
7.17968	1	3698180	3698180	0	
7.18175	1	3698470	3698470	0	
7.18175	1	3699640	3699640	0	
7.18382	1	3699914	3699914	0	
7.18382	1	3701100	3701100	0	
7.18589	1	3701358	3701358	0	
7.18589	1	3702560	3702560	0	
7.18795	1	3702802	3702802	0	
7.18795	1	3704020	3704020	0	
7.1901	1	3704246	3704246	0	
7.1901	1	3705480	3705480	0	
7.19217	1	3705690	3705690	0	
7.19217	1	3706940	3706940	0	
7.19424	1	3707134	3707134	0	
7.19424	1	3708400	3708400	0	
7.19631	1	3708578	3708578	0	
7.19631	1	3709860	3709860	0	
7.19837	1	3710022	3710022	0	
7.19837	1	3711320	3711320	0	
7.20053	1	3711466	3711466	0	
7.20053	1	3712780	3712780	0	
7.2026	1	3712910	3712910	0	
7.2026	1	3714240	3714240	0	
7.20466	1	3714354	3714354	0	
7.20466	1	3715700	3715700	0	
7.20673	1	3715798	3715798	0	
7.20673	1	3717160	3717160	0	
7.2088	1	3717242	3717242	0	
7.2088	1	3718620	3718620	0	
7.21087	1	3718686	3718686	0	
7.21087	1	3720080	3720080	0	
7.21293	1	3720130	3720130	0	
7.21293	1	3721540	3721540	0	
7.215	1	3721574	3721574	0	
7.215	1	3723000	3723000	0	
7.21715	1	3723018	3723018	0	
7.21715	1	3724460	3724460	0	
7.21921	1	3724462	3724462	0	
7.22129	1	3725914	3725914	0	
7.22129	1	3725920	3725920	0	
7.22336	1	3727359	3727359	0	
7.22336	1	3727380	3727380	0	
7.22542	1	3728804	3728804	0	
7.22542	1	3728840	3728840	0	
7.22757	1	3730249	3730249	0	
7.22757	1	3730300	3730300	0	
7.22964	1	3731694	3731694	0	
7.22964	1	3731760	3731760	0	
7.23171	1	3733138	3733138	0	
7.23171	1	3733220	3733220	0	
7.23378	1	3734582	3734582	0	
7.23378	1	3734680	3734680	0	
7.23584	1	3736026	3736026	0	
7.23584	1	3736140	3736140	0	
7.23791	1	3737470	3737470	0	
7.23791	1	3737600	3737600	0	
7.23998	1	3738914	3738914	0	
7.23998	1	3739060	3739060	0	
7.24205	1	3740358	3740358	0	
7.24205	1	3740520	3740520	0	
7.2442	1	3741802	3741802	0	
7.2442	1	3741980	3741980	0	
7.24627	1	3743246	3743246	0	
7.24627	1	3743440	3743440	0	
7.24834	1	3744690	3744690	0	
7.24834	1	3744900	3744900	0	
7.25041	1	3746134	3746134	0	
7.25041	1	3746360	3746360	0	
7.25282	1	3747578	3747578	0	
7.25282	1	3747820	3747820	0	
7.25533	1	3749022	3749022	0	
7.25533	1	3749280	3749280	0	
7.25774	1	3750466	3750466	0	
7.25774	1	3750740	3750740	0	
7.26015	1	3751910	3751910	0	
7.26015	1	3752200	3752200	0	
7.26257	1	3753354	3753354	0	
7.26257	1	3753660	3753660	0	
7.26498	1	3754798	3754798	0	
7.26498	1	3755120	3755120	0	
7.26749	1	3756242	3756242	0	
7.26749	1	3756580	3756580	0	
7.2699	1	3757686	3757686	0	
7.2699	1	3758040	3758040	0	
7.27231	1	3759130	3759130	0	
7.27231	1	3759500	3759500	0	
7.27473	1	3760574	3760574	0	
7.27473	1	3760960	3760960	0	
7.27714	1	3762018	3762018	0	
7.27714	1	3762420	3762420	0	
7.27955	1	3763462	3763462	0	
7.27955	1	3763880	3763880	0	
7.28196	1	3764906	3764906	0	
7.28196	1	3765340	3765340	0	
7.28438	1	3766350	3766350	0	
7.28438	1	3766800	3766800	0	
7.28689	1	3767794	3767794	0	
7.28689	1	3768260	3768260	0	
7.2893	1	3769238	3769238	0	
7.2893	1	3769720	3769720	0	
7.29171	1	3770682	3770682	0	
7.29171	1	3771180	3771180	0	
7.29413	1	3772126	3772126	0	
7.29413	1	3772640	3772640	0	
7.29654	1	3773570	3773570	0	
7.29654	1	3774100	3774100	0	
7.29904	1	3775014	3775014	0	
7.29904	1	3775560	3775560	0	
7.30146	1	3776458	3776458	0	
7.30146	1	3777020	3777020	0	
7.30387	1	3777902	3777902	0	
7.30387	1	3778480	3778480	0	
7.30628	1	3779346	3779346	0	
7.30628	1	3779940	3779940	0	
7.3087	1	3780790	3780790	0	
7.3087	1	3781400	3781400	0	
7.31111	1	3782234	3782234	0	
7.31111	1	3782860	3782860	0	
7.31353	1	3783678	3783678	0	
7.31353	1	3784320	3784320	0	
7.31594	1	3785122	3785122	0	
7.31594	1	3785780	3785780	0	
7.31845	1	3786566	3786566	0	
7.31845	1	3787240	3787240	0	
7.32086	1	3788010	3788010	0	
7.32086	1	3788700	3788700	0	
7.32327	1	3789454	3789454	0	
7.32327	1	3790160	3790160	0	
7.32568	1	3790898	3790898	0	
7.32568	1	3791620	3791620	0	
7.32809	1	3792342	3792342	0	
7.32809	1	3793080	3793080	0	
7.33061	1	3793786	3793786	0	
7.33061	1	3794540	3794540	0	
7.33302	1	3795230	3795230	0	
7.33302	1	3796000	3796000	0	
7.33543	1	3796674	3796674	0	
7.33543	1	3797460	3797460	0	
7.33785	1	3798118	3798118	0	
7.33785	1	3798920	3798920	0	
7.34026	1	3799562	3799562	0	
7.34026	1	3800380	3800380	0	
7.34267	1	3801006	3801006	0	
7.34267	1	3801840	3801840	0	
7.34508	1	3802450	3802450	0	
7.34508	1	3803300	3803300	0	
7.3475	1	3803894	3803894	0	
7.3475	1	3804760	3804760	0	
7.35	1	3805338	3805338	0	
7.35	1	3806220	3806220	0	
7.35241	1	3806782	3806782	0	
7.35241	1	3807680	3807680	0	
7.35486	1	3808226	3808226	0	
7.35486	1	3809140	3809140	0	
7.35729	1	3809670	3809670	0	
7.35729	1	3810600	3810600	0	
7.35973	1	3811114	3811114	0	
7.35973	1	3812060	3812060	0	
7.36226	1	3812558	3812558	0	
7.36226	1	3813520	3813520	0	
7.36469	1	3814002	3814002	0	
7.36469	1	3814980	3814980	0	
7.36713	1	3815446	3815446	0	
7.36713	1	3816440	3816440	0	
7.36956	1	3816890	3816890	0	
7.36956	1	3817900	3817900	0	
7.372	1	3818334	3818334	0	
7.372	1	3819360	3819360	0	
7.37453	1	3819778	3819778	0	
7.37453	1	3820820	3820820	0	
7.37697	1	3821222	3821222	0	
7.37697	1	3822280	3822280	0	
7.3794	1	3822666	3822666	0	
7.3794	1	3823740	3823740	0	
7.38184	1	3824110	3824110	0	
7.38184	1	3825200	3825200	0	
7.38427	1	3825554	3825554	0	
7.38427	1	3826660	3826660	0	
7.38671	1	3826998	3826998	0	
7.38671	1	3828120	3828120	0	
7.38914	1	3828442	3828442	0	
7.38914	1	3829580	3829580	0	
7.39158	1	3829886	3829886	0	
7.39158	1	3831040	3831040	0	
7.39411	1	3831330	3831330	0	
7.39411	1	3832500	3832500	0	
7.39654	1	3832774	3832774	0	
7.39654	1	3833960	3833960	0	
7.39898	1	3834218	3834218	0	
7.39898	1	3835420	3835420	0	
7.40142	1	3835662	3835662	0	
7.40142	1	3836880	3836880	0	
7.40386	1	3837106	3837106	0	
7.40386	1	3838340	3838340	0	
7.40639	1	3838550	3838550	0	
7.40639	1	3839800	3839800	0	
7.40882	1	3839994	3839994	0	
7.40882	1	3841260	3841260	0	
7.41126	1	3841438	3841438	0	
7.41126	1	3842720	3842720	0	
7.41369	1	3842882	3842882	0	
7.41369	1	3844180	3844180	0	
7.41613	1	3844326	3844326	0	
7.41613	1	3845640	3845640	0	
7.41856	1	3845770	3845770	0	
7.41856	1	3847100	3847100	0	
7.421	1	3847214	3847214	0	
7.421	1	3848560	3848560	0	
7.42343	1	3848658	3848658	0	
7.42343	1	3850020	3850020	0	
7.42597	1	3850102	3850102	0	
7.42597	1	3851480	3851480	0	
7.4284	1	3851546	3851546	0	
7.4284	1	3852940	3852940	0	
7.43084	1	3852990	3852990	0	
7.43084	1	3854400	3854400	0	
7.43327	1	3854434	3854434	0	
7.43327	1	3855860	3855860	0	
7.4357	1	3855878	3855878	0	
7.4357	1	3857320	3857320	0	
7.43823	1	3857322	3857322	0	
7.44067	1	3858774	3858774	0	
7.44067	1	3858780	3858780	0	
7.4431	1	3860219	3860219	0	
7.4431	1	3860240	3860240	0	
7.44554	1	3861664	3861664	0	
7.44554	1	3861700	3861700	0	
7.44798	1	3863109	3863109	0	
7.44798	1	3863160	3863160	0	
7.45042	1	3864554	3864554	0	
7.45042	1	3864620	3864620	0	
7.45261	1	3865998	3865998	0	
7.45261	1	3866080	3866080	0	
7.4548	1	3867442	3867442	0	
7.4548	1	3867540	3867540	0	
7.45708	1	3868886	3868886	0	
7.45708	1	3869000	3869000	0	
7.45927	1	3870330	3870330	0	
7.45927	1	3870460	3870460	0	
7.46146	1	3871774	3871774	0	
7.46146	1	3871920	3871920	0	
7.46366	1	3873218	3873218	0	
7.46366	1	3873380	3873380	0	
7.46585	1	3874662	3874662	0	
7.46585	1	3874840	3874840	0	
7.46813	1	3876106	3876106	0	
7.46813	1	3876300	3876300	0	
7.47032	1	3877550	3877550	0	
7.47032	1	3877760	3877760	0	
7.47252	1	3878994	3878994	0	
7.47252	1	3879220	3879220	0	
7.47471	1	3880438	3880438	0	
7.47471	1	3880680	3880680	0	
7.4769	1	3881882	3881882	0	
7.4769	1	3882140	3882140	0	
7.47918	1	3883326	3883326	0	
7.47918	1	3883600	3883600	0	
7.48137	1	3884770	3884770	0	
7.48137	1	3885060	3885060	0	
7.48356	1	3886214	3886214	0	
7.48356	1	3886520	3886520	0	
7.48576	1	3887658	3887658	0	
7.48576	1	3887980	3887980	0	
7.48795	1	3889102	3889102	0	
7.48795	1	3889440	3889440	0	
7.49015	1	3890546	3890546	0	
7.49015	1	3890900	3890900	0	
7.49234	1	3891990	3891990	0	
7.49234	1	3892360	3892360	0	
7.49453	1	3893434	3893434	0	
7.49453	1	3893820	3893820	0	
7.49681	1	3894878	3894878	0	
7.49681	1	3895280	3895280	0	
7.499	1	3896322	3896322	0	
7.499	1	3896740	3896740	0	
7.5012	1	3897766	3897766	0	
7.5012	1	3898200	3898200	0	
7.50339	1	3899210	3899210	0	
7.50339	1	3899660	3899660	0	
7.50558	1	3900654	3900654	0	
7.50558	1	3901120	3901120	0	
7.50786	1	3902098	3902098	0	
7.50786	1	3902580	3902580	0	
7.51006	1	3903542	3903542	0	
7.51006	1	3904040	3904040	0	
7.51225	1	3904986	3904986	0	
7.51225	1	3905500	3905500	0	
7.51444	1	3906430	3906430	0	
7.51444	1	3906960	3906960	0	
7.51663	1	3907874	3907874	0	
7.51663	1	3908420	3908420	0	
7.51883	1	3909318	3909318	0	
7.51883	1	3909880	3909880	0	
7.52102	1	3910762	3910762	0	
7.52102	1	3911340	3911340	0	
7.52321	1	3912206	3912206	0	
7.52321	1	3912800	3912800	0	
7.52549	1	3913650	3913650	0	
7.52549	1	3914260	3914260	0	
7.52768	1	3915094	3915094	0	
7.52768	1	3915720	3915720	0	
7.52987	1	3916538	3916538	0	
7.52987	1	3917180	3917180	0	
7.53207	1	3917982	3917982	0	
7.53207	1	3918640	3918640	0	
7.53427	1	3919426	3919426	0	
7.53427	1	3920100	3920100	0	
7.53654	1	3920870	3920870	0	
7.53654	1	3921560	3921560	0	
7.53874	1	3922314	3922314	0	
7.53874	1	3923020	3923020	0	
7.54093	1	3923758	3923758	0	
7.54093	1	3924480	3924480	0	
7.54312	1	3925202	3925202	0	
7.54312	1	3925940	3925940	0	
7.54531	1	3926646	3926646	0	
7.54531	1	3927400	3927400	0	
7.54759	1	3928090	3928090	0	
7.54759	1	3928860	3928860	0	
7.54978	1	3929534	3929534	0	
7.54978	1	3930320	3930320	0	
7.55198	1	3930978	3930978	0	
7.55198	1	3931780	3931780	0	
7.55412	1	3932422	3932422	0	
7.55412	1	3933240	3933240	0	
7.55625	1	3933866	3933866	0	
7.55625	1	3934700	3934700	0	
7.55838	1	3935310	3935310	0	
7.55838	1	3936160	3936160	0	
7.56051	1	3936754	3936754	0	
7.56051	1	3937620	3937620	0	
7.56264	1	3938198	3938198	0	
7.56264	1	3939080	3939080	0	
7.56486	1	3939642	3939642	0	
7.56486	1	3940540	3940540	0	
7.56699	1	3941086	3941086	0	
7.56699	1	3942000	3942000	0	
7.56912	1	3942530	3942530	0	
7.56912	1	3943460	3943460	0	
7.57126	1	3943974	3943974	0	
7.57126	1	3944920	3944920	0	
7.5734	1	3945418	3945418	0	
7.5734	1	3946380	3946380	0	
7.57561	1	3946862	3946862	0	
7.57561	1	3947840	3947840	0	
7.57774	1	3948306	3948306	0	
7.57774	1	3949300	3949300	0	
7.57988	1	3949750	3949750	0	
7.57988	1	3950760	3950760	0	
7.58201	1	3951194	3951194	0	
7.58201	1	3952220	3952220	0	
7.58414	1	3952638	3952638	0	
7.58414	1	3953680	3953680	0	
7.58627	1	3954082	3954082	0	
7.58627	1	3955140	3955140	0	
7.58841	1	3955526	3955526	0	
7.58841	1	3956600	3956600	0	
7.59054	1	3956970	3956970	0	
7.59054	1	3958060	3958060	0	
7.59276	1	3958414	3958414	0	
7.59276	1	3959520	3959520	0	
7.59489	1	3959858	3959858	0	
7.59489	1	3960980	3960980	0	
7.59702	1	3961302	3961302	0	
7.59702	1	3962440	3962440	0	
7.59916	1	3962746	3962746	0	
7.59916	1	3963900	3963900	0	
7.60129	1	3964190	3964190	0	
7.60129	1	3965360	3965360	0	
7.6035	1	3965634	3965634	0	
7.6035	1	3966820	3966820	0	
7.60564	1	3967078	3967078	0	
7.60564	1	3968280	3968280	0	
7.60777	1	3968522	3968522	0	
7.60777	1	3969740	3969740	0	
7.6099	1	3969966	3969966	0	
7.6099	1	3971200	3971200	0	
7.61203	1	3971410	3971410	0	
7.61203	1	3972660	3972660	0	
7.61417	1	3972854	3972854	0	
7.61417	1	3974120	3974120	0	
7.6163	1	3974298	3974298	0	
7.6163	1	3975580	3975580	0	
7.61844	1	3975742	3975742	0	
7.61844	1	3977040	3977040	0	
7.62057	1	3977186	3977186	0	
7.62057	1	3978500	3978500	0	
7.62278	1	3978630	3978630	0	
7.62278	1	3979960	3979960	0	
7.62492	1	3980074	3980074	0	
7.62492	1	3981420	3981420	0	
7.62705	1	3981518	3981518	0	
7.62705	1	3982880	3982880	0	
7.62918	1	3982962	3982962	0	
7.62918	1	3984340	3984340	0	
7.63131	1	3984406	3984406	0	
7.63131	1	3985800	3985800	0	
7.63353	1	3985850	3985850	0	
7.63353	1	3987260	3987260	0	
7.63567	1	3987294	3987294	0	
7.63567	1	3988720	3988720	0	
7.6378	1	3988738	3988738	0	
7.6378	1	3990180	3990180	0	
7.63993	1	3990182	3990182	0	
7.64206	1	3991634	3991634	0	
7.64206	1	3991640	3991640	0	
7.64427	1	3993079	3993079	0	
7.64427	1	3993100	3993100	0	
7.64641	1	3994524	3994524	0	
7.64641	1	3994560	3994560	0	
7.64854	1	3995969	3995969	0	
7.64854	1	3996020	3996020	0	
7.65067	1	3997414	3997414	0	
7.65067	1	3997480	3997480	0	
7.65309	1	3998858	3998858	0	
7.65309	1	3998940	3998940	0	
7.65551	1	4000302	4000302	0	
7.65551	1	4000400	4000400	0	
7.65793	1	4001746	4001746	0	
7.65793	1	4001860	4001860	0	
7.66034	1	4003190	4003190	0	
7.66034	1	4003320	4003320	0	
7.66285	1	4004634	4004634	0	
7.66285	1	4004780	4004780	0	
7.66527	1	4006078	4006078	0	
7.66527	1	4006240	4006240	0	
7.66768	1	4007522	4007522	0	
7.66768	1	4007700	4007700	0	
7.6701	1	4008966	4008966	0	
7.6701	1	4009160	4009160	0	
7.67251	1	4010410	4010410	0	
7.67251	1	4010620	4010620	0	
7.67502	1	4011854	4011854	0	
7.67502	1	4012080	4012080	0	
7.67744	1	4013298	4013298	0	
7.67744	1	4013540	4013540	0	
7.67986	1	4014742	4014742	0	
7.67986	1	4015000	4015000	0	
7.68227	1	4016186	4016186	0	
7.68227	1	4016460	4016460	0	
7.68469	1	4017630	4017630	0	
7.68469	1	4017920	4017920	0	
7.68711	1	4019074	4019074	0	
7.68711	1	4019380	4019380	0	
7.68952	1	4020518	4020518	0	
7.68952	1	4020840	4020840	0	
7.69194	1	4021962	4021962	0	
7.69194	1	4022300	4022300	0	
7.69445	1	4023406	4023406	0	
7.69445	1	4023760	4023760	0	
7.69686	1	4024850	4024850	0	
7.69686	1	4025220	4025220	0	
7.69928	1	4026294	4026294	0	
7.69928	1	4026680	4026680	0	
7.7017	1	4027738	4027738	0	
7.7017	1	4028140	4028140	0	
7.70411	1	4029182	4029182	0	
7.70411	1	4029600	4029600	0	
7.70662	1	4030626	4030626	0	
7.70662	1	4031060	4031060	0	
7.70904	1	4032070	4032070	0	
7.70904	1	4032520	4032520	0	
7.71145	1	4033514	4033514	0	
7.71145	1	4033980	4033980	0	
7.71387	1	4034958	4034958	0	
7.71387	1	4035440	4035440	0	
7.71629	1	4036402	4036402	0	
7.71629	1	4036900	4036900	0	
7.7187	1	4037846	4037846	0	
7.7187	1	4038360	4038360	0	
7.72112	1	4039290	4039290	0	
7.72112	1	4039820	4039820	0	
7.72353	1	4040734	4040734	0	
7.72353	1	4041280	4041280	0	
7.72605	1	4042178	4042178	0	
7.72605	1	4042740	4042740	0	
7.72846	1	4043622	4043622	0	
7.72846	1	4044200	4044200	0	
7.73088	1	4045066	4045066	0	
7.73088	1	4045660	4045660	0	
7.7333	1	4046510	4046510	0	
7.7333	1	4047120	4047120	0	
7.73571	1	4047954	4047954	0	
7.73571	1	4048580	4048580	0	
7.73822	1	4049398	4049398	0	
7.73822	1	4050040	4050040	0	
7.74064	1	4050842	4050842	0	
7.74064	1	4051500	4051500	0	
7.74305	1	4052286	4052286	0	
7.74305	1	4052960	4052960	0	
7.74547	1	4053730	4053730	0	
7.74547	1	4054420	4054420	0	
7.74789	1	4055174	4055174	0	
7.74789	1	4055880	4055880	0	
7.7504	1	4056618	4056618	0	
7.7504	1	4057340	4057340	0	
7.75255	1	4058062	4058062	0	
7.75255	1	4058800	4058800	0	
7.7547	1	4059506	4059506	0	
7.7547	1	4060260	4060260	0	
7.75684	1	4060950	4060950	0	
7.75684	1	4061720	4061720	0	
7.75899	1	4062394	4062394	0	
7.75899	1	4063180	4063180	0	
7.76114	1	4063838	4063838	0	
7.76114	1	4064640	4064640	0	
7.76329	1	4065282	4065282	0	
7.76329	1	4066100	4066100	0	
7.76544	1	4066726	4066726	0	
7.76544	1	4067560	4067560	0	
7.76768	1	4068170	4068170	0	
7.76768	1	4069020	4069020	0	
7.76983	1	4069614	4069614	0	
7.76983	1	4070480	4070480	0	
7.77197	1	4071058	4071058	0	
7.77197	1	4071940	4071940	0	
7.77412	1	4072502	4072502	0	
7.77412	1	4073400	4073400	0	
7.77627	1	4073946	4073946	0	
7.77627	1	4074860	4074860	0	
7.7785	1	4075390	4075390	0	
7.7785	1	4076320	4076320	0	
7.78065	1	4076834	4076834	0	
7.78065	1	4077780	4077780	0	
7.7828	1	4078278	4078278	0	
7.7828	1	4079240	4079240	0	
7.78495	1	4079722	4079722	0	
7.78495	1	4080700	4080700	0	
7.7871	1	4081166	4081166	0	
7.7871	1	4082160	4082160	0	
7.78925	1	4082610	4082610	0	
7.78925	1	4083620	4083620	0	
7.7914	1	4084054	4084054	0	
7.7914	1	4085080	4085080	0	
7.79355	1	4085498	4085498	0	
7.79355	1	4086540	4086540	0	
7.79578	1	4086942	4086942	0	
7.79578	1	4088000	4088000	0	
7.79793	1	4088386	4088386	0	
7.79793	1	4089460	4089460	0	
7.80008	1	4089830	4089830	0	
7.80008	1	4090920	4090920	0	
7.80223	1	4091274	4091274	0	
7.80223	1	4092380	4092380	0	
7.80438	1	4092718	4092718	0	
7.80438	1	4093840	4093840	0	
7.80661	1	4094162	4094162	0	
7.80661	1	4095300	4095300	0	
7.80877	1	4095606	4095606	0	
7.80877	1	4096760	4096760	0	
7.81091	1	4097050	4097050	0	
7.81091	1	4098220	4098220	0	
7.81306	1	4098494	4098494	0	
7.81306	1	4099680	4099680	0	
7.81521	1	4099938	4099938	0	
7.81521	1	4101140	4101140	0	
7.81736	1	4101382	4101382	0	
7.81736	1	4102600	4102600	0	
7.81951	1	4102826	4102826	0	
7.81951	1	4104060	4104060	0	
7.82166	1	4104270	4104270	0	
7.82166	1	4105520	4105520	0	
7.82389	1	4105714	4105714	0	
7.82389	1	4106980	4106980	0	
7.82604	1	4107158	4107158	0	
7.82604	1	4108440	4108440	0	
7.82819	1	4108602	4108602	0	
7.82819	1	4109900	4109900	0	
7.83034	1	4110046	4110046	0	
7.83034	1	4111360	4111360	0	
7.83249	1	4111490	4111490	0	
7.83249	1	4112820	4112820	0	
7.83472	1	4112934	4112934	0	
7.83472	1	4114280	4114280	0	
7.83687	1	4114378	4114378	0	
7.83687	1	4115740	4115740	0	
7.83902	1	4115822	4115822	0	
7.83902	1	4117200	4117200	0	
7.84117	1	4117266	4117266	0	
7.84117	1	4118660	4118660	0	
7.84332	1	4118710	4118710	0	
7.84332	1	4120120	4120120	0	
7.84555	1	4120154	4120154	0	
7.84555	1	4121580	4121580	0	
7.84769	1	4121598	4121598	0	
7.84769	1	4123040	4123040	0	
7.84985	1	4123042	4123042	0	
7.852	1	4124494	4124494	0	
7.852	1	4124500	4124500	0	
7.85441	1	4125939	4125939	0	
7.85441	1	4125960	4125960	0	
7.85681	1	4127384	4127384	0	
7.85681	1	4127420	4127420	0	
7.85922	1	4128829	4128829	0	
7.85922	1	4128880	4128880	0	
7.86163	1	4130274	4130274	0	
7.86163	1	4130340	4130340	0	
7.86413	1	4131718	4131718	0	
7.86413	1	4131800	4131800	0	
7.86654	1	4133162	4133162	0	
7.86654	1	4133260	4133260	0	
7.86895	1	4134606	4134606	0	
7.86895	1	4134720	4134720	0	
7.87136	1	4136050	4136050	0	
7.87136	1	4136180	4136180	0	
7.87378	1	4137494	4137494	0	
7.87378	1	4137640	4137640	0	
7.87628	1	4138938	4138938	0	
7.87628	1	4139100	4139100	0	
7.87869	1	4140382	4140382	0	
7.87869	1	4140560	4140560	0	
7.8811	1	4141826	4141826	0	
7.8811	1	4142020	4142020	0	
7.88351	1	4143270	4143270	0	
7.88351	1	4143480	4143480	0	
7.88592	1	4144714	4144714	0	
7.88592	1	4144940	4144940	0	
7.88832	1	4146158	4146158	0	
7.88832	1	4146400	4146400	0	
7.89073	1	4147602	4147602	0	
7.89073	1	4147860	4147860	0	
7.89314	1	4149046	4149046	0	
7.89314	1	4149320	4149320	0	
7.89565	1	4150490	4150490	0	
7.89565	1	4150780	4150780	0	
7.89806	1	4151934	4151934	0	
7.89806	1	4152240	4152240	0	
7.90047	1	4153378	4153378	0	
7.90047	1	4153700	4153700	0	
7.90288	1	4154822	4154822	0	
7.90288	1	4155160	4155160	0	
7.90529	1	4156266	4156266	0	
7.90529	1	4156620	4156620	0	
7.90779	1	4157710	4157710	0	
7.90779	1	4158080	4158080	0	
7.9102	1	4159154	4159154	0	
7.9102	1	4159540	4159540	0	
7.91261	1	4160598	4160598	0	
7.91261	1	4161000	4161000	0	
7.91502	1	4162042	4162042	0	
7.91502	1	4162460	4162460	0	
7.91742	1	4163486	4163486	0	
7.91742	1	4163920	4163920	0	
7.91984	1	4164930	4164930	0	
7.91984	1	4165380	4165380	0	
7.92225	1	4166374	4166374	0	
7.92225	1	4166840	4166840	0	
7.92466	1	4167818	4167818	0	
7.92466	1	4168300	4168300	0	
7.92716	1	4169262	4169262	0	
7.92716	1	4169760	4169760	0	
7.92957	1	4170706	4170706	0	
7.92957	1	4171220	4171220	0	
7.93198	1	4172150	4172150	0	
7.93198	1	4172680	4172680	0	
7.93439	1	4173594	4173594	0	
7.93439	1	4174140	4174140	0	
7.9368	1	4175038	4175038	0	
7.9368	1	4175600	4175600	0	
7.9393	1	4176482	4176482	0	
7.9393	1	4177060	4177060	0	
7.94172	1	4177926	4177926	0	
7.94172	1	4178520	4178520	0	
7.94412	1	4179370	4179370	0	
7.94412	1	4179980	4179980	0	
7.94653	1	4180814	4180814	0	
7.94653	1	4181440	4181440	0	
7.94894	1	4182258	4182258	0	
7.94894	1	4182900	4182900	0	
7.95144	1	4183702	4183702	0	
7.95144	1	4184360	4184360	0	
7.95382	1	4185146	4185146	0	
7.95382	1	4185820	4185820	0	
7.9562	1	4186590	4186590	0	
7.9562	1	4187280	4187280	0	
7.95857	1	4188034	4188034	0	
7.95857	1	4188740	4188740	0	
7.96095	1	4189478	4189478	0	
7.96095	1	4190200	4190200	0	
7.96333	1	4190922	4190922	0	
7.96333	1	4191660	4191660	0	
7.96571	1	4192366	4192366	0	
7.96571	1	4193120	4193120	0	
7.96809	1	4193810	4193810	0	
7.96809	1	4194580	4194580	0	
7.97056	1	4195254	4195254	0	
7.97056	1	4196040	4196040	0	
7.97294	1	4196698	4196698	0	
7.97294	1	4197500	4197500	0	
7.97531	1	4198142	4198142	0	
7.97531	1	4198960	4198960	0	
7.97769	1	4199586	4199586	0	
7.97769	1	4200420	4200420	0	
7.98007	1	4201030	4201030	0	
7.98007	1	4201880	4201880	0	
7.98254	1	4202474	4202474	0	
7.98254	1	4203340	4203340	0	
7.98491	1	4203918	4203918	0	
7.98491	1	4204800	4204800	0	
7.9873	1	4205362	4205362	0	
7.9873	1	4206260	4206260	0	
7.98967	1	4206806	4206806	0	
7.98967	1	4207720	4207720	0	
7.99205	1	4208250	4208250	0	
7.99205	1	4209180	4209180	0	
7.99443	1	4209694	4209694	0	
7.99443	1	4210640	4210640	0	
7.99681	1	4211138	4211138	0	
7.99681	1	4212100	4212100	0	
7.99918	1	4212582	4212582	0	
7.99918	1	4213560	4213560	0	
8.00165	1	4214026	4214026	0	
8.00165	1	4215020	4215020	0	
8.00403	1	4215470	4215470	0	
8.00403	1	4216480	4216480	0	
8.00641	1	4216914	4216914	0	
8.00641	1	4217940	4217940	0	
8.00878	1	4218358	4218358	0	
8.00878	1	4219400	4219400	0	
8.01117	1	4219802	4219802	0	
8.01117	1	4220860	4220860	0	
8.01364	1	4221246	4221246	0	
8.01364	1	4222320	4222320	0	
8.01601	1	4222690	4222690	0	
8.01601	1	4223780	4223780	0	
8.01839	1	4224134	4224134	0	
8.01839	1	4225240	4225240	0	
8.02077	1	4225578	4225578	0	
8.02077	1	4226700	4226700	0	
8.02314	1	4227022	4227022	0	
8.02314	1	4228160	4228160	0	
8.02561	1	4228466	4228466	0	
8.02561	1	4229620	4229620	0	
8.02799	1	4229910	4229910	0	
8.02799	1	4231080	4231080	0	
8.03037	1	4231354	4231354	0	
8.03037	1	4232540	4232540	0	
8.03275	1	4232798	4232798	0	
8.03275	1	4234000	4234000	0	
8.03513	1	4234242	4234242	0	
8.03513	1	4235460	4235460	0	
8.03751	1	4235686	4235686	0	
8.03751	1	4236920	4236920	0	
8.03988	1	4237130	4237130	0	
8.03988	1	4238380	4238380	0	
8.04226	1	4238574	4238574	0	
8.04226	1	4239840	4239840	0	
8.04473	1	4240018	4240018	0	
8.04473	1	4241300	4241300	0	
8.04711	1	4241462	4241462	0	
8.04711	1	4242760	4242760	0	
8.04948	1	4242906	4242906	0	
8.04948	1	4244220	4244220	0	
8.05186	1	4244350	4244350	0	
8.05186	1	4245680	4245680	0	
8.05392	1	4245794	4245794	0	
8.05392	1	4247140	4247140	0	
8.05606	1	4247238	4247238	0	
8.05606	1	4248600	4248600	0	
8.05812	1	4248682	4248682	0	
8.05812	1	4250060	4250060	0	
8.06018	1	4250126	4250126	0	
8.06018	1	4251520	4251520	0	
8.06223	1	4251570	4251570	0	
8.06223	1	4252980	4252980	0	
8.06429	1	4253014	4253014	0	
8.06429	1	4254440	4254440	0	
8.06634	1	4254458	4254458	0	
8.06634	1	4255900	4255900	0	
8.0684	1	4255902	4255902	0	
8.07046	1	4257354	4257354	0	
8.07046	1	4257360	4257360	0	
8.07259	1	4258799	4258799	0	
8.07259	1	4258820	4258820	0	
8.07466	1	4260244	4260244	0	
8.07466	1	4260280	4260280	0	
8.07672	1	4261689	4261689	0	
8.07672	1	4261740	4261740	0	
8.07877	1	4263134	4263134	0	
8.07877	1	4263200	4263200	0	
8.08083	1	4264578	4264578	0	
8.08083	1	4264660	4264660	0	
8.08297	1	4266022	4266022	0	
8.08297	1	4266120	4266120	0	
8.08503	1	4267466	4267466	0	
8.08503	1	4267580	4267580	0	
8.08708	1	4268910	4268910	0	
8.08708	1	4269040	4269040	0	
8.08914	1	4270354	4270354	0	
8.08914	1	4270500	4270500	0	
8.0912	1	4271798	4271798	0	
8.0912	1	4271960	4271960	0	
8.09325	1	4273242	4273242	0	
8.09325	1	4273420	4273420	0	
8.09532	1	4274686	4274686	0	
8.09532	1	4274880	4274880	0	
8.09738	1	4276130	4276130	0	
8.09738	1	4276340	4276340	0	
8.09951	1	4277574	4277574	0	
8.09951	1	4277800	4277800	0	
8.10157	1	4279018	4279018	0	
8.10157	1	4279260	4279260	0	
8.10363	1	4280462	4280462	0	
8.10363	1	4280720	4280720	0	
8.10569	1	4281906	4281906	0	
8.10569	1	4282180	4282180	0	
8.10774	1	4283350	4283350	0	
8.10774	1	4283640	4283640	0	
8.1098	1	4284794	4284794	0	
8.1098	1	4285100	4285100	0	
8.11194	1	4286238	4286238	0	
8.11194	1	4286560	4286560	0	
8.114	1	4287682	4287682	0	
8.114	1	4288020	4288020	0	
8.11606	1	4289126	4289126	0	
8.11606	1	4289480	4289480	0	
8.11812	1	4290570	4290570	0	
8.11812	1	4290940	4290940	0	
8.12017	1	4292014	4292014	0	
8.12017	1	4292400	4292400	0	
8.12231	1	4293458	4293458	0	
8.12231	1	4293860	4293860	0	
8.12437	1	4294902	4294902	0	
8.12437	1	4295320	4295320	0	
8.12643	1	4296346	4296346	0	
8.12643	1	4296780	4296780	0	
8.12848	1	4297790	4297790	0	
8.12848	1	4298240	4298240	0	
8.13054	1	4299234	4299234	0	
8.13054	1	4299700	4299700	0	
8.1326	1	4300678	4300678	0	
8.1326	1	4301160	4301160	0	
8.13466	1	4302122	4302122	0	
8.13466	1	4302620	4302620	0	
8.13672	1	4303566	4303566	0	
8.13672	1	4304080	4304080	0	
8.13886	1	4305010	4305010	0	
8.13886	1	4305540	4305540	0	
8.14091	1	4306454	4306454	0	
8.14091	1	4307000	4307000	0	
8.14297	1	4307898	4307898	0	
8.14297	1	4308460	4308460	0	
8.14503	1	4309342	4309342	0	
8.14503	1	4309920	4309920	0	
8.14709	1	4310786	4310786	0	
8.14709	1	4311380	4311380	0	
8.14922	1	4312230	4312230	0	
8.14922	1	4312840	4312840	0	
8.15128	1	4313674	4313674	0	
8.15128	1	4314300	4314300	0	
8.15371	1	4315118	4315118	0	
8.15371	1	4315760	4315760	0	
8.15614	1	4316562	4316562	0	
8.15614	1	4317220	4317220	0	
8.15856	1	4318006	4318006	0	
8.15856	1	4318680	4318680	0	
8.16098	1	4319450	4319450	0	
8.16098	1	4320140	4320140	0	
8.16341	1	4320894	4320894	0	
8.16341	1	4321600	4321600	0	
8.16583	1	4322338	4322338	0	
8.16583	1	4323060	4323060	0	
8.16835	1	4323782	4323782	0	
8.16835	1	4324520	4324520	0	
8.17077	1	4325226	4325226	0	
8.17077	1	4325980	4325980	0	
8.17319	1	4326670	4326670	0	
8.17319	1	4327440	4327440	0	
8.17562	1	4328114	4328114	0	
8.17562	1	4328900	4328900	0	
8.17805	1	4329558	4329558	0	
8.17805	1	4330360	4330360	0	
8.18057	1	4331002	4331002	0	
8.18057	1	4331820	4331820	0	
8.18299	1	4332446	4332446	0	
8.18299	1	4333280	4333280	0	
8.18541	1	4333890	4333890	0	
8.18541	1	4334740	4334740	0	
8.18784	1	4335334	4335334	0	
8.18784	1	4336200	4336200	0	
8.19026	1	4336778	4336778	0	
8.19026	1	4337660	4337660	0	
8.19268	1	4338222	4338222	0	
8.19268	1	4339120	4339120	0	
8.19511	1	4339666	4339666	0	
8.19511	1	4340580	4340580	0	
8.19753	1	4341110	4341110	0	
8.19753	1	4342040	4342040	0	
8.20006	1	4342554	4342554	0	
8.20006	1	4343500	4343500	0	
8.20248	1	4343998	4343998	0	
8.20248	1	4344960	4344960	0	
8.2049	1	4345442	4345442	0	
8.2049	1	4346420	4346420	0	
8.20733	1	4346886	4346886	0	
8.20733	1	4347880	4347880	0	
8.20975	1	4348330	4348330	0	
8.20975	1	4349340	4349340	0	
8.21227	1	4349774	4349774	0	
8.21227	1	4350800	4350800	0	
8.21469	1	4351218	4351218	0	
8.21469	1	4352260	4352260	0	
8.21712	1	4352662	4352662	0	
8.21712	1	4353720	4353720	0	
8.21954	1	4354106	4354106	0	
8.21954	1	4355180	4355180	0	
8.22196	1	4355550	4355550	0	
8.22196	1	4356640	4356640	0	
8.22449	1	4356994	4356994	0	
8.22449	1	4358100	4358100	0	
8.22691	1	4358438	4358438	0	
8.22691	1	4359560	4359560	0	
8.22934	1	4359882	4359882	0	
8.22934	1	4361020	4361020	0	
8.23176	1	4361326	4361326	0	
8.23176	1	4362480	4362480	0	
8.23418	1	4362770	4362770	0	
8.23418	1	4363940	4363940	0	
8.23661	1	4364214	4364214	0	
8.23661	1	4365400	4365400	0	
8.23903	1	4365658	4365658	0	
8.23903	1	4366860	4366860	0	
8.24145	1	4367102	4367102	0	
8.24145	1	4368320	4368320	0	
8.24397	1	4368546	4368546	0	
8.24397	1	4369780	4369780	0	
8.2464	1	4369990	4369990	0	
8.2464	1	4371240	4371240	0	
8.24883	1	4371434	4371434	0	
8.24883	1	4372700	4372700	0	
8.25125	1	4372878	4372878	0	
8.25125	1	4374160	4374160	0	
8.25342	1	4374322	4374322	0	
8.25342	1	4375620	4375620	0	
8.25568	1	4375766	4375766	0	
8.25568	1	4377080	4377080	0	
8.25785	1	4377210	4377210	0	
8.25785	1	4378540	4378540	0	
8.26002	1	4378654	4378654	0	
8.26002	1	4380000	4380000	0	
8.26219	1	4380098	4380098	0	
8.26219	1	4381460	4381460	0	
8.26437	1	4381542	4381542	0	
8.26437	1	4382920	4382920	0	
8.26654	1	4382986	4382986	0	
8.26654	1	4384380	4384380	0	
8.26871	1	4384430	4384430	0	
8.26871	1	4385840	4385840	0	
8.27089	1	4385874	4385874	0	
8.27089	1	4387300	4387300	0	
8.27314	1	4387318	4387318	0	
8.27314	1	4388760	4388760	0	
8.27531	1	4388762	4388762	0	
8.27748	1	4390214	4390214	0	
8.27748	1	4390220	4390220	0	
8.27965	1	4391659	4391659	0	
8.27965	1	4391680	4391680	0	
8.28183	1	4393104	4393104	0	
8.28183	1	4393140	4393140	0	
8.28408	1	4394549	4394549	0	
8.28408	1	4394600	4394600	0	
8.28626	1	4395994	4395994	0	
8.28626	1	4396060	4396060	0	
8.28843	1	4397438	4397438	0	
8.28843	1	4397520	4397520	0	
8.29061	1	4398882	4398882	0	
8.29061	1	4398980	4398980	0	
8.29278	1	4400326	4400326	0	
8.29278	1	4400440	4400440	0	
8.29495	1	4401770	4401770	0	
8.29495	1	4401900	4401900	0	
8.29712	1	4403214	4403214	0	
8.29712	1	4403360	4403360	0	
8.29929	1	4404658	4404658	0	
8.29929	1	4404820	4404820	0	
8.30155	1	4406102	4406102	0	
8.30155	1	4406280	4406280	0	
8.30372	1	4407546	4407546	0	
8.30372	1	4407740	4407740	0	
8.30589	1	4408990	4408990	0	
8.30589	1	4409200	4409200	0	
8.30807	1	4410434	4410434	0	
8.30807	1	4410660	4410660	0	
8.31025	1	4411878	4411878	0	
8.31025	1	4412120	4412120	0	
8.3125	1	4413322	4413322	0	
8.3125	1	4413580	4413580	0	
8.31467	1	4414766	4414766	0	
8.31467	1	4415040	4415040	0	
8.31685	1	4416210	4416210	0	
8.31685	1	4416500	4416500	0	
8.31902	1	4417654	4417654	0	
8.31902	1	4417960	4417960	0	
8.32119	1	4419098	4419098	0	
8.32119	1	4419420	4419420	0	
8.32336	1	4420542	4420542	0	
8.32336	1	4420880	4420880	0	
8.32562	1	4421986	4421986	0	
8.32562	1	4422340	4422340	0	
8.32779	1	4423430	4423430	0	
8.32779	1	4423800	4423800	0	
8.32997	1	4424874	4424874	0	
8.32997	1	4425260	4425260	0	
8.33214	1	4426318	4426318	0	
8.33214	1	4426720	4426720	0	
8.33431	1	4427762	4427762	0	
8.33431	1	4428180	4428180	0	
8.33648	1	4429206	4429206	0	
8.33648	1	4429640	4429640	0	
8.33866	1	4430650	4430650	0	
8.33866	1	4431100	4431100	0	
8.34091	1	4432094	4432094	0	
8.34091	1	4432560	4432560	0	
8.34308	1	4433538	4433538	0	
8.34308	1	4434020	4434020	0	
8.34526	1	4434982	4434982	0	
8.34526	1	4435480	4435480	0	
8.34743	1	4436426	4436426	0	
8.34743	1	4436940	4436940	0	
8.3496	1	4437870	4437870	0	
8.3496	1	4438400	4438400	0	
8.35178	1	4439314	4439314	0	
8.35178	1	4439860	4439860	0	
8.35424	1	4440758	4440758	0	
8.35424	1	4441320	4441320	0	
8.35661	1	4442202	4442202	0	
8.35661	1	4442780	4442780	0	
8.35898	1	4443646	4443646	0	
8.35898	1	4444240	4444240	0	
8.36135	1	4445090	4445090	0	
8.36135	1	4445700	4445700	0	
8.36372	1	4446534	4446534	0	
8.36372	1	4447160	4447160	0	
8.36609	1	4447978	4447978	0	
8.36609	1	4448620	4448620	0	
8.36846	1	4449422	4449422	0	
8.36846	1	4450080	4450080	0	
8.37093	1	4450866	4450866	0	
8.37093	1	4451540	4451540	0	
8.3733	1	4452310	4452310	0	
8.3733	1	4453000	4453000	0	
8.37567	1	4453754	4453754	0	
8.37567	1	4454460	4454460	0	
8.37804	1	4455198	4455198	0	
8.37804	1	4455920	4455920	0	
8.38041	1	4456642	4456642	0	
8.38041	1	4457380	4457380	0	
8.38278	1	4458086	4458086	0	
8.38278	1	4458840	4458840	0	
8.38525	1	4459530	4459530	0	
8.38525	1	4460300	4460300	0	
8.38762	1	4460974	4460974	0	
8.38762	1	4461760	4461760	0	
8.38999	1	4462418	4462418	0	
8.38999	1	4463220	4463220	0	
8.39236	1	4463862	4463862	0	
8.39236	1	4464680	4464680	0	
8.39473	1	4465306	4465306	0	
8.39473	1	4466140	4466140	0	
8.3972	1	4466750	4466750	0	
8.3972	1	4467600	4467600	0	
8.39957	1	4468194	4468194	0	
8.39957	1	4469060	4469060	0	
8.40194	1	4469638	4469638	0	
8.40194	1	4470520	4470520	0	
8.40431	1	4471082	4471082	0	
8.40431	1	4471980	4471980	0	
8.40668	1	4472526	4472526	0	
8.40668	1	4473440	4473440	0	
8.40905	1	4473970	4473970	0	
8.40905	1	4474900	4474900	0	
8.41142	1	4475414	4475414	0	
8.41142	1	4476360	4476360	0	
8.41388	1	4476858	4476858	0	
8.41388	1	4477820	4477820	0	
8.41625	1	4478302	4478302	0	
8.41625	1	4479280	4479280	0	
8.41863	1	4479746	4479746	0	
8.41863	1	4480740	4480740	0	
8.421	1	4481190	4481190	0	
8.421	1	4482200	4482200	0	
8.42337	1	4482634	4482634	0	
8.42337	1	4483660	4483660	0	
8.42574	1	4484078	4484078	0	
8.42574	1	4485120	4485120	0	
8.4282	1	4485522	4485522	0	
8.4282	1	4486580	4486580	0	
8.43057	1	4486966	4486966	0	
8.43057	1	4488040	4488040	0	
8.43294	1	4488410	4488410	0	
8.43294	1	4489500	4489500	0	
8.43531	1	4489854	4489854	0	
8.43531	1	4490960	4490960	0	
8.43768	1	4491298	4491298	0	
8.43768	1	4492420	4492420	0	
8.44005	1	4492742	4492742	0	
8.44005	1	4493880	4493880	0	
8.44243	1	4494186	4494186	0	
8.44243	1	4495340	4495340	0	
8.44489	1	4495630	4495630	0	
8.44489	1	4496800	4496800	0	
8.44726	1	4497074	4497074	0	
8.44726	1	4498260	4498260	0	
8.44963	1	4498518	4498518	0	
8.44963	1	4499720	4499720	0	
8.452	1	4499962	4499962	0	
8.452	1	4501180	4501180	0	
8.45425	1	4501406	4501406	0	
8.45425	1	4502640	4502640	0	
8.4565	1	4502850	4502850	0	
8.4565	1	4504100	4504100	0	
8.45884	1	4504294	4504294	0	
8.45884	1	4505560	4505560	0	
8.46109	1	4505738	4505738	0	
8.46109	1	4507020	4507020	0	
8.46335	1	4507182	4507182	0	
8.46335	1	4508480	4508480	0	
8.4656	1	4508626	4508626	0	
8.4656	1	4509940	4509940	0	
8.46785	1	4510070	4510070	0	
8.46785	1	4511400	4511400	0	
8.4701	1	4511514	4511514	0	
8.4701	1	4512860	4512860	0	
8.47235	1	4512958	4512958	0	
8.47235	1	4514320	4514320	0	
8.47469	1	4514402	4514402	0	
8.47469	1	4515780	4515780	0	
8.47694	1	4515846	4515846	0	
8.47694	1	4517240	4517240	0	
8.47918	1	4517290	4517290	0	
8.47918	1	4518700	4518700	0	
8.48143	1	4518734	4518734	0	
8.48143	1	4520160	4520160	0	
8.48368	1	4520178	4520178	0	
8.48368	1	4521620	4521620	0	
8.48594	1	4521622	4521622	0	
8.48828	1	4523074	4523074	0	
8.48828	1	4523080	4523080	0	
8.49053	1	4524519	4524519	0	
8.49053	1	4524540	4524540	0	
8.49278	1	4525964	4525964	0	
8.49278	1	4526000	4526000	0	
8.49503	1	4527409	4527409	0	
8.49503	1	4527460	4527460	0	
8.49728	1	4528854	4528854	0	
8.49728	1	4528920	4528920	0	
8.49961	1	4530298	4530298	0	
8.49961	1	4530380	4530380	0	
8.50186	1	4531742	4531742	0	
8.50186	1	4531840	4531840	0	
8.50412	1	4533186	4533186	0	
8.50412	1	4533300	4533300	0	
8.50637	1	4534630	4534630	0	
8.50637	1	4534760	4534760	0	
8.50862	1	4536074	4536074	0	
8.50862	1	4536220	4536220	0	
8.51087	1	4537518	4537518	0	
8.51087	1	4537680	4537680	0	
8.51312	1	4538962	4538962	0	
8.51312	1	4539140	4539140	0	
8.51546	1	4540406	4540406	0	
8.51546	1	4540600	4540600	0	
8.51771	1	4541850	4541850	0	
8.51771	1	4542060	4542060	0	
8.51996	1	4543294	4543294	0	
8.51996	1	4543520	4543520	0	
8.52221	1	4544738	4544738	0	
8.52221	1	4544980	4544980	0	
8.52446	1	4546182	4546182	0	
8.52446	1	4546440	4546440	0	
8.52671	1	4547626	4547626	0	
8.52671	1	4547900	4547900	0	
8.52906	1	4549070	4549070	0	
8.52906	1	4549360	4549360	0	
8.53131	1	4550514	4550514	0	
8.53131	1	4550820	4550820	0	
8.53356	1	4551958	4551958	0	
8.53356	1	4552280	4552280	0	
8.53581	1	4553402	4553402	0	
8.53581	1	4553740	4553740	0	
8.53806	1	4554846	4554846	0	
8.53806	1	4555200	4555200	0	
8.54031	1	4556290	4556290	0	
8.54031	1	4556660	4556660	0	
8.54256	1	4557734	4557734	0	
8.54256	1	4558120	4558120	0	
8.5449	1	4559178	4559178	0	
8.5449	1	4559580	4559580	0	
8.54715	1	4560622	4560622	0	
8.54715	1	4561040	4561040	0	
8.5494	1	4562066	4562066	0	
8.5494	1	4562500	4562500	0	
8.55165	1	4563510	4563510	0	
8.55165	1	4563960	4563960	0	
8.55382	1	4564954	4564954	0	
8.55382	1	4565420	4565420	0	
8.55598	1	4566398	4566398	0	
8.55598	1	4566880	4566880	0	
8.55823	1	4567842	4567842	0	
8.55823	1	4568340	4568340	0	
8.5604	1	4569286	4569286	0	
8.5604	1	4569800	4569800	0	
8.56256	1	4570730	4570730	0	
8.56256	1	4571260	4571260	0	
8.56472	1	4572174	4572174	0	
8.56472	1	4572720	4572720	0	
8.56689	1	4573618	4573618	0	
8.56689	1	4574180	4574180	0	
8.56905	1	4575062	4575062	0	
8.56905	1	4575640	4575640	0	
8.57122	1	4576506	4576506	0	
8.57122	1	4577100	4577100	0	
8.57347	1	4577950	4577950	0	
8.57347	1	4578560	4578560	0	
8.57564	1	4579394	4579394	0	
8.57564	1	4580020	4580020	0	
8.5778	1	4580838	4580838	0	
8.5778	1	4581480	4581480	0	
8.57996	1	4582282	4582282	0	
8.57996	1	4582940	4582940	0	
8.58213	1	4583726	4583726	0	
8.58213	1	4584400	4584400	0	
8.58438	1	4585170	4585170	0	
8.58438	1	4585860	4585860	0	
8.58654	1	4586614	4586614	0	
8.58654	1	4587320	4587320	0	
8.58871	1	4588058	4588058	0	
8.58871	1	4588780	4588780	0	
8.59088	1	4589502	4589502	0	
8.59088	1	4590240	4590240	0	
8.59304	1	4590946	4590946	0	
8.59304	1	4591700	4591700	0	
8.59521	1	4592390	4592390	0	
8.59521	1	4593160	4593160	0	
8.59745	1	4593834	4593834	0	
8.59745	1	4594620	4594620	0	
8.59962	1	4595278	4595278	0	
8.59962	1	4596080	4596080	0	
8.60178	1	4596722	4596722	0	
8.60178	1	4597540	4597540	0	
8.60395	1	4598166	4598166	0	
8.60395	1	4599000	4599000	0	
8.60611	1	4599610	4599610	0	
8.60611	1	4600460	4600460	0	
8.60828	1	4601054	4601054	0	
8.60828	1	4601920	4601920	0	
8.61044	1	4602498	4602498	0	
8.61044	1	4603380	4603380	0	
8.61261	1	4603942	4603942	0	
8.61261	1	4604840	4604840	0	
8.61486	1	4605386	4605386	0	
8.61486	1	4606300	4606300	0	
8.61702	1	4606830	4606830	0	
8.61702	1	4607760	4607760	0	
8.61919	1	4608274	4608274	0	
8.61919	1	4609220	4609220	0	
8.62135	1	4609718	4609718	0	
8.62135	1	4610680	4610680	0	
8.62352	1	4611162	4611162	0	
8.62352	1	4612140	4612140	0	
8.62568	1	4612606	4612606	0	
8.62568	1	4613600	4613600	0	
8.62793	1	4614050	4614050	0	
8.62793	1	4615060	4615060	0	
8.63009	1	4615494	4615494	0	
8.63009	1	4616520	4616520	0	
8.63226	1	4616938	4616938	0	
8.63226	1	4617980	4617980	0	
8.63443	1	4618382	4618382	0	
8.63443	1	4619440	4619440	0	
8.63659	1	4619826	4619826	0	
8.63659	1	4620900	4620900	0	
8.63876	1	4621270	4621270	0	
8.63876	1	4622360	4622360	0	
8.64092	1	4622714	4622714	0	
8.64092	1	4623820	4623820	0	
8.64317	1	4624158	4624158	0	
8.64317	1	4625280	4625280	0	
8.64533	1	4625602	4625602	0	
8.64533	1	4626740	4626740	0	
8.6475	1	4627046	4627046	0	
8.6475	1	4628200	4628200	0	
8.64966	1	4628490	4628490	0	
8.64966	1	4629660	4629660	0	
8.65183	1	4629934	4629934	0	
8.65183	1	4631120	4631120	0	
8.65402	1	4631378	4631378	0	
8.65402	1	4632580	4632580	0	
8.65629	1	4632822	4632822	0	
8.65629	1	4634040	4634040	0	
8.65847	1	4634266	4634266	0	
8.65847	1	4635500	4635500	0	
8.66066	1	4635710	4635710	0	
8.66066	1	4636960	4636960	0	
8.66284	1	4637154	4637154	0	
8.66284	1	4638420	4638420	0	
8.66503	1	4638598	4638598	0	
8.66503	1	4639880	4639880	0	
8.66721	1	4640042	4640042	0	
8.66721	1	4641340	4641340	0	
8.6694	1	4641486	4641486	0	
8.6694	1	4642800	4642800	0	
8.67167	1	4642930	4642930	0	
8.67167	1	4644260	4644260	0	
8.67386	1	4644374	4644374	0	
8.67386	1	4645720	4645720	0	
8.67605	1	4645818	4645818	0	
8.67605	1	4647180	4647180	0	
8.67823	1	4647262	4647262	0	
8.67823	1	4648640	4648640	0	
8.68042	1	4648706	4648706	0	
8.68042	1	4650100	4650100	0	
8.68268	1	4650150	4650150	0	
8.68268	1	4651560	4651560	0	
8.68487	1	4651594	4651594	0	
8.68487	1	4653020	4653020	0	
8.68705	1	4653038	4653038	0	
8.68705	1	4654480	4654480	0	
8.68923	1	4654482	4654482	0	
8.69142	1	4655934	4655934	0	
8.69142	1	4655940	4655940	0	
8.69361	1	4657379	4657379	0	
8.69361	1	4657400	4657400	0	
8.69588	1	4658824	4658824	0	
8.69588	1	4658860	4658860	0	
8.69807	1	4660269	4660269	0	
8.69807	1	4660320	4660320	0	
8.70025	1	4661714	4661714	0	
8.70025	1	4661780	4661780	0	
8.70244	1	4663158	4663158	0	
8.70244	1	4663240	4663240	0	
8.70462	1	4664602	4664602	0	
8.70462	1	4664700	4664700	0	
8.70681	1	4666046	4666046	0	
8.70681	1	4666160	4666160	0	
8.70899	1	4667490	4667490	0	
8.70899	1	4667620	4667620	0	
8.71126	1	4668934	4668934	0	
8.71126	1	4669080	4669080	0	
8.71345	1	4670378	4670378	0	
8.71345	1	4670540	4670540	0	
8.71564	1	4671822	4671822	0	
8.71564	1	4672000	4672000	0	
8.71782	1	4673266	4673266	0	
8.71782	1	4673460	4673460	0	
8.72001	1	4674710	4674710	0	
8.72001	1	4674920	4674920	0	
8.72219	1	4676154	4676154	0	
8.72219	1	4676380	4676380	0	
8.72446	1	4677598	4677598	0	
8.72446	1	4677840	4677840	0	
8.72665	1	4679042	4679042	0	
8.72665	1	4679300	4679300	0	
8.72883	1	4680486	4680486	0	
8.72883	1	4680760	4680760	0	
8.73102	1	4681930	4681930	0	
8.73102	1	4682220	4682220	0	
8.7332	1	4683374	4683374	0	
8.7332	1	4683680	4683680	0	
8.73539	1	4684818	4684818	0	
8.73539	1	4685140	4685140	0	
8.73758	1	4686262	4686262	0	
8.73758	1	4686600	4686600	0	
8.73985	1	4687706	4687706	0	
8.73985	1	4688060	4688060	0	
8.74204	1	4689150	4689150	0	
8.74204	1	4689520	4689520	0	
8.74422	1	4690594	4690594	0	
8.74422	1	4690980	4690980	0	
8.74641	1	4692038	4692038	0	
8.74641	1	4692440	4692440	0	
8.74859	1	4693482	4693482	0	
8.74859	1	4693900	4693900	0	
8.75078	1	4694926	4694926	0	
8.75078	1	4695360	4695360	0	
8.75315	1	4696370	4696370	0	
8.75315	1	4696820	4696820	0	
8.75544	1	4697814	4697814	0	
8.75544	1	4698280	4698280	0	
8.75774	1	4699258	4699258	0	
8.75774	1	4699740	4699740	0	
8.76002	1	4700702	4700702	0	
8.76002	1	4701200	4701200	0	
8.76231	1	4702146	4702146	0	
8.76231	1	4702660	4702660	0	
8.7646	1	4703590	4703590	0	
8.7646	1	4704120	4704120	0	
8.76689	1	4705034	4705034	0	
8.76689	1	4705580	4705580	0	
8.76926	1	4706478	4706478	0	
8.76926	1	4707040	4707040	0	
8.77155	1	4707922	4707922	0	
8.77155	1	4708500	4708500	0	
8.77384	1	4709366	4709366	0	
8.77384	1	4709960	4709960	0	
8.77613	1	4710810	4710810	0	
8.77613	1	4711420	4711420	0	
8.77842	1	4712254	4712254	0	
8.77842	1	4712880	4712880	0	
8.7808	1	4713698	4713698	0	
8.7808	1	4714340	4714340	0	
8.78309	1	4715142	4715142	0	
8.78309	1	4715800	4715800	0	
8.78538	1	4716586	4716586	0	
8.78538	1	4717260	4717260	0	
8.78766	1	4718030	4718030	0	
8.78766	1	4718720	4718720	0	
8.78995	1	4719474	4719474	0	
8.78995	1	4720180	4720180	0	
8.79224	1	4720918	4720918	0	
8.79224	1	4721640	4721640	0	
8.79462	1	4722362	4722362	0	
8.79462	1	4723100	4723100	0	
8.7969	1	4723806	4723806	0	
8.7969	1	4724560	4724560	0	
8.79919	1	4725250	4725250	0	
8.79919	1	4726020	4726020	0	
8.80149	1	4726694	4726694	0	
8.80149	1	4727480	4727480	0	
8.80378	1	4728138	4728138	0	
8.80378	1	4728940	4728940	0	
8.80606	1	4729582	4729582	0	
8.80606	1	4730400	4730400	0	
8.80835	1	4731026	4731026	0	
8.80835	1	4731860	4731860	0	
8.81073	1	4732470	4732470	0	
8.81073	1	4733320	4733320	0	
8.81302	1	4733914	4733914	0	
8.81302	1	4734780	4734780	0	
8.8153	1	4735358	4735358	0	
8.8153	1	4736240	4736240	0	
8.81759	1	4736802	4736802	0	
8.81759	1	4737700	4737700	0	
8.81988	1	4738246	4738246	0	
8.81988	1	4739160	4739160	0	
8.82217	1	4739690	4739690	0	
8.82217	1	4740620	4740620	0	
8.82455	1	4741134	4741134	0	
8.82455	1	4742080	4742080	0	
8.82684	1	4742578	4742578	0	
8.82684	1	4743540	4743540	0	
8.82913	1	4744022	4744022	0	
8.82913	1	4745000	4745000	0	
8.83142	1	4745466	4745466	0	
8.83142	1	4746460	4746460	0	
8.8337	1	4746910	4746910	0	
8.8337	1	4747920	4747920	0	
8.83599	1	4748354	4748354	0	
8.83599	1	4749380	4749380	0	
8.83828	1	4749798	4749798	0	
8.83828	1	4750840	4750840	0	
8.84066	1	4751242	4751242	0	
8.84066	1	4752300	4752300	0	
8.84295	1	4752686	4752686	0	
8.84295	1	4753760	4753760	0	
8.84524	1	4754130	4754130	0	
8.84524	1	4755220	4755220	0	
8.84753	1	4755574	4755574	0	
8.84753	1	4756680	4756680	0	
8.84982	1	4757018	4757018	0	
8.84982	1	4758140	4758140	0	
8.8521	1	4758462	4758462	0	
8.8521	1	4759600	4759600	0	
8.85425	1	4759906	4759906	0	
8.85425	1	4761060	4761060	0	
8.85632	1	4761350	4761350	0	
8.85632	1	4762520	4762520	0	
8.85838	1	4762794	4762794	0	
8.85838	1	4763980	4763980	0	
8.86045	1	4764238	4764238	0	
8.86045	1	4765440	4765440	0	
8.86252	1	4765682	4765682	0	
8.86252	1	4766900	4766900	0	
8.86467	1	4767126	4767126	0	
8.86467	1	4768360	4768360	0	
8.86674	1	4768570	4768570	0	
8.86674	1	4769820	4769820	0	
8.8688	1	4770014	4770014	0	
8.8688	1	4771280	4771280	0	
8.87087	1	4771458	4771458	0	
8.87087	1	4772740	4772740	0	
8.87293	1	4772902	4772902	0	
8.87293	1	4774200	4774200	0	
8.875	1	4774346	4774346	0	
8.875	1	4775660	4775660	0	
8.87707	1	4775790	4775790	0	
8.87707	1	4777120	4777120	0	
8.87921	1	4777234	4777234	0	
8.87921	1	4778580	4778580	0	
8.88128	1	4778678	4778678	0	
8.88128	1	4780040	4780040	0	
8.88335	1	4780122	4780122	0	
8.88335	1	4781500	4781500	0	
8.88542	1	4781566	4781566	0	
8.88542	1	4782960	4782960	0	
8.88748	1	4783010	4783010	0	
8.88748	1	4784420	4784420	0	
8.88955	1	4784454	4784454	0	
8.88955	1	4785880	4785880	0	
8.89169	1	4785898	4785898	0	
8.89169	1	4787340	4787340	0	
8.89376	1	4787342	4787342	0	
8.89583	1	4788794	4788794	0	
8.89583	1	4788800	4788800	0	
8.89789	1	4790239	4790239	0	
8.89789	1	4790260	4790260	0	
8.89996	1	4791684	4791684	0	
8.89996	1	4791720	4791720	0	
8.90203	1	4793129	4793129	0	
8.90203	1	4793180	4793180	0	
8.90409	1	4794574	4794574	0	
8.90409	1	4794640	4794640	0	
8.90624	1	4796018	4796018	0	
8.90624	1	4796100	4796100	0	
8.90831	1	4797462	4797462	0	
8.90831	1	4797560	4797560	0	
8.91038	1	4798906	4798906	0	
8.91038	1	4799020	4799020	0	
8.91244	1	4800350	4800350	0	
8.91244	1	4800480	4800480	0	
8.91451	1	4801794	4801794	0	
8.91451	1	4801940	4801940	0	
8.91658	1	4803238	4803238	0	
8.91658	1	4803400	4803400	0	
8.91872	1	4804682	4804682	0	
8.91872	1	4804860	4804860	0	
8.92079	1	4806126	4806126	0	
8.92079	1	4806320	4806320	0	
8.92286	1	4807570	4807570	0	
8.92286	1	4807780	4807780	0	
8.92493	1	4809014	4809014	0	
8.92493	1	4809240	4809240	0	
8.927	1	4810458	4810458	0	
8.927	1	4810700	4810700	0	
8.92906	1	4811902	4811902	0	
8.92906	1	4812160	4812160	0	
8.93113	1	4813346	4813346	0	
8.93113	1	4813620	4813620	0	
8.93327	1	4814790	4814790	0	
8.93327	1	4815080	4815080	0	
8.93534	1	4816234	4816234	0	
8.93534	1	4816540	4816540	0	
8.93741	1	4817678	4817678	0	
8.93741	1	4818000	4818000	0	
8.93947	1	4819122	4819122	0	
8.93947	1	4819460	4819460	0	
8.94154	1	4820566	4820566	0	
8.94154	1	4820920	4820920	0	
8.94361	1	4822010	4822010	0	
8.94361	1	4822380	4822380	0	
8.94576	1	4823454	4823454	0	
8.94576	1	4823840	4823840	0	
8.94783	1	4824898	4824898	0	
8.94783	1	4825300	4825300	0	
8.94989	1	4826342	4826342	0	
8.94989	1	4826760	4826760	0	
8.95196	1	4827786	4827786	0	
8.95196	1	4828220	4828220	0	
8.9544	1	4829230	4829230	0	
8.9544	1	4829680	4829680	0	
8.95693	1	4830674	4830674	0	
8.95693	1	4831140	4831140	0	
8.95936	1	4832118	4832118	0	
8.95936	1	4832600	4832600	0	
8.9618	1	4833562	4833562	0	
8.9618	1	4834060	4834060	0	
8.96424	1	4835006	4835006	0	
8.96424	1	4835520	4835520	0	
8.96668	1	4836450	4836450	0	
8.96668	1	4836980	4836980	0	
8.96912	1	4837894	4837894	0	
8.96912	1	4838440	4838440	0	
8.97156	1	4839338	4839338	0	
8.97156	1	4839900	4839900	0	
8.97409	1	4840782	4840782	0	
8.97409	1	4841360	4841360	0	
8.97653	1	4842226	4842226	0	
8.97653	1	4842820	4842820	0	
8.97896	1	4843670	4843670	0	
8.97896	1	4844280	4844280	0	
8.9814	1	4845114	4845114	0	
8.9814	1	4845740	4845740	0	
8.98384	1	4846558	4846558	0	
8.98384	1	4847200	4847200	0	
8.98627	1	4848002	4848002	0	
8.98627	1	4848660	4848660	0	
8.98881	1	4849446	4849446	0	
8.98881	1	4850120	4850120	0	
8.99125	1	4850890	4850890	0	
8.99125	1	4851580	4851580	0	
8.99369	1	4852334	4852334	0	
8.99369	1	4853040	4853040	0	
8.99612	1	4853778	4853778	0	
8.99612	1	4854500	4854500	0	
8.99856	1	4855222	4855222	0	
8.99856	1	4855960	4855960	0	
9.001	1	4856666	4856666	0	
9.001	1	4857420	4857420	0	
9.00344	1	4858110	4858110	0	
9.00344	1	4858880	4858880	0	
9.00597	1	4859554	4859554	0	
9.00597	1	4860340	4860340	0	
9.0084	1	4860998	4860998	0	
9.0084	1	4861800	4861800	0	
9.01084	1	4862442	4862442	0	
9.01084	1	4863260	4863260	0	
9.01329	1	4863886	4863886	0	
9.01329	1	4864720	4864720	0	
9.01572	1	4865330	4865330	0	
9.01572	1	4866180	4866180	0	
9.01816	1	4866774	4866774	0	
9.01816	1	4867640	4867640	0	
9.02069	1	4868218	4868218	0	
9.02069	1	4869100	4869100	0	
9.02313	1	4869662	4869662	0	
9.02313	1	4870560	4870560	0	
9.02557	1	4871106	4871106	0	
9.02557	1	4872020	4872020	0	
9.028	1	4872550	4872550	0	
9.028	1	4873480	4873480	0	
9.03044	1	4873994	4873994	0	
9.03044	1	4874940	4874940	0	
9.03288	1	4875438	4875438	0	
9.03288	1	4876400	4876400	0	
9.03532	1	4876882	4876882	0	
9.03532	1	4877860	4877860	0	
9.03785	1	4878326	4878326	0	
9.03785	1	4879320	4879320	0	
9.04029	1	4879770	4879770	0	
9.04029	1	4880780	4880780	0	
9.04273	1	4881214	4881214	0	
9.04273	1	4882240	4882240	0	
9.04517	1	4882658	4882658	0	
9.04517	1	4883700	4883700	0	
9.0476	1	4884102	4884102	0	
9.0476	1	4885160	4885160	0	
9.05013	1	4885546	4885546	0	
9.05013	1	4886620	4886620	0	
9.05244	1	4886990	4886990	0	
9.05244	1	4888080	4888080	0	
9.05475	1	4888434	4888434	0	
9.05475	1	4889540	4889540	0	
9.05706	1	4889878	4889878	0	
9.05706	1	4891000	4891000	0	
9.05937	1	4891322	4891322	0	
9.05937	1	4892460	4892460	0	
9.06168	1	4892766	4892766	0	
9.06168	1	4893920	4893920	0	
9.06408	1	4894210	4894210	0	
9.06408	1	4895380	4895380	0	
9.06639	1	4895654	4895654	0	
9.06639	1	4896840	4896840	0	
9.0687	1	4897098	4897098	0	
9.0687	1	4898300	4898300	0	
9.071	1	4898542	4898542	0	
9.071	1	4899760	4899760	0	
9.07331	1	4899986	4899986	0	
9.07331	1	4901220	4901220	0	
9.07562	1	4901430	4901430	0	
9.07562	1	4902680	4902680	0	
9.07793	1	4902874	4902874	0	
9.07793	1	4904140	4904140	0	
9.08033	1	4904318	4904318	0	
9.08033	1	4905600	4905600	0	
9.08264	1	4905762	4905762	0	
9.08264	1	4907060	4907060	0	
9.08495	1	4907206	4907206	0	
9.08495	1	4908520	4908520	0	
9.08726	1	4908650	4908650	0	
9.08726	1	4909980	4909980	0	
9.08957	1	4910094	4910094	0	
9.08957	1	4911440	4911440	0	
9.09187	1	4911538	4911538	0	
9.09187	1	4912900	4912900	0	
9.09427	1	4912982	4912982	0	
9.09427	1	4914360	4914360	0	
9.09658	1	4914426	4914426	0	
9.09658	1	4915820	4915820	0	
9.09889	1	4915870	4915870	0	
9.09889	1	4917280	4917280	0	
9.10119	1	4917314	4917314	0	
9.10119	1	4918740	4918740	0	
9.10351	1	4918758	4918758	0	
9.10351	1	4920200	4920200	0	
9.10581	1	4920202	4920202	0	
9.10812	1	4921654	4921654	0	
9.10812	1	4921660	4921660	0	
9.11043	1	4923099	4923099	0	
9.11043	1	4923120	4923120	0	
9.11283	1	4924544	4924544	0	
9.11283	1	4924580	4924580	0	
9.11513	1	4925989	4925989	0	
9.11513	1	4926040	4926040	0	
9.11744	1	4927434	4927434	0	
9.11744	1	4927500	4927500	0	
9.11975	1	4928878	4928878	0	
9.11975	1	4928960	4928960	0	
9.12206	1	4930322	4930322	0	
9.12206	1	4930420	4930420	0	
9.12437	1	4931766	4931766	0	
9.12437	1	4931880	4931880	0	
9.12677	1	4933210	4933210	0	
9.12677	1	4933340	4933340	0	
9.12908	1	4934654	4934654	0	
9.12908	1	4934800	4934800	0	
9.13139	1	4936098	4936098	0	
9.13139	1	4936260	4936260	0	
9.1337	1	4937542	4937542	0	
9.1337	1	4937720	4937720	0	
9.136	1	4938986	4938986	0	
9.136	1	4939180	4939180	0	
9.13831	1	4940430	4940430	0	
9.13831	1	4940640	4940640	0	
9.14062	1	4941874	4941874	0	
9.14062	1	4942100	4942100	0	
9.14302	1	4943318	4943318	0	
9.14302	1	4943560	4943560	0	
9.14533	1	4944762	4944762	0	
9.14533	1	4945020	4945020	0	
9.14764	1	4946206	4946206	0	
9.14764	1	4946480	4946480	0	
9.14995	1	4947650	4947650	0	
9.14995	1	4947940	4947940	0	
9.15226	1	4949094	4949094	0	
9.15226	1	4949400	4949400	0	
9.15444	1	4950538	4950538	0	
9.15444	1	4950860	4950860	0	
9.15654	1	4951982	4951982	0	
9.15654	1	4952320	4952320	0	
9.15864	1	4953426	4953426	0	
9.15864	1	4953780	4953780	0	
9.16073	1	4954870	4954870	0	
9.16073	1	4955240	4955240	0	
9.16283	1	4956314	4956314	0	
9.16283	1	4956700	4956700	0	
9.16493	1	4957758	4957758	0	
9.16493	1	4958160	4958160	0	
9.16712	1	4959202	4959202	0	
9.16712	1	4959620	4959620	0	
9.16922	1	4960646	4960646	0	
9.16922	1	4961080	4961080	0	
9.17132	1	4962090	4962090	0	
9.17132	1	4962540	4962540	0	
9.17342	1	4963534	4963534	0	
9.17342	1	4964000	4964000	0	
9.17552	1	4964978	4964978	0	
9.17552	1	4965460	4965460	0	
9.17761	1	4966422	4966422	0	
9.17761	1	4966920	4966920	0	
9.17971	1	4967866	4967866	0	
9.17971	1	4968380	4968380	0	
9.18189	1	4969310	4969310	0	
9.18189	1	4969840	4969840	0	
9.18399	1	4970754	4970754	0	
9.18399	1	4971300	4971300	0	
9.18609	1	4972198	4972198	0	
9.18609	1	4972760	4972760	0	
9.1882	1	4973642	4973642	0	
9.1882	1	4974220	4974220	0	
9.1903	1	4975086	4975086	0	
9.1903	1	4975680	4975680	0	
9.1924	1	4976530	4976530	0	
9.1924	1	4977140	4977140	0	
9.19458	1	4977974	4977974	0	
9.19458	1	4978600	4978600	0	
9.19668	1	4979418	4979418	0	
9.19668	1	4980060	4980060	0	
9.19878	1	4980862	4980862	0	
9.19878	1	4981520	4981520	0	
9.20087	1	4982306	4982306	0	
9.20087	1	4982980	4982980	0	
9.20297	1	4983750	4983750	0	
9.20297	1	4984440	4984440	0	
9.20507	1	4985194	4985194	0	
9.20507	1	4985900	4985900	0	
9.20717	1	4986638	4986638	0	
9.20717	1	4987360	4987360	0	
9.20936	1	4988082	4988082	0	
9.20936	1	4988820	4988820	0	
9.21146	1	4989526	4989526	0	
9.21146	1	4990280	4990280	0	
9.21356	1	4990970	4990970	0	
9.21356	1	4991740	4991740	0	
9.21566	1	4992414	4992414	0	
9.21566	1	4993200	4993200	0	
9.21775	1	4993858	4993858	0	
9.21775	1	4994660	4994660	0	
9.21985	1	4995302	4995302	0	
9.21985	1	4996120	4996120	0	
9.22203	1	4996746	4996746	0	
9.22203	1	4997580	4997580	0	
9.22413	1	4998190	4998190	0	
9.22413	1	4999040	4999040	0	
9.22623	1	4999634	4999634	0	
9.22623	1	5000500	5000500	0	
9.22834	1	5001078	5001078	0	
9.22834	1	5001960	5001960	0	
9.23044	1	5002522	5002522	0	
9.23044	1	5003420	5003420	0	
9.23262	1	5003966	5003966	0	
9.23262	1	5004880	5004880	0	
9.23472	1	5005410	5005410	0	
9.23472	1	5006340	5006340	0	
9.23682	1	5006854	5006854	0	
9.23682	1	5007800	5007800	0	
9.23892	1	5008298	5008298	0	
9.23892	1	5009260	5009260	0	
9.24101	1	5009742	5009742	0	
9.24101	1	5010720	5010720	0	
9.24311	1	5011186	5011186	0	
9.24311	1	5012180	5012180	0	
9.24521	1	5012630	5012630	0	
9.24521	1	5013640	5013640	0	
9.2474	1	5014074	5014074	0	
9.2474	1	5015100	5015100	0	
9.2495	1	5015518	5015518	0	
9.2495	1	5016560	5016560	0	
9.2516	1	5016962	5016962	0	
9.2516	1	5018020	5018020	0	
9.25367	1	5018406	5018406	0	
9.25367	1	5019480	5019480	0	
9.25574	1	5019850	5019850	0	
9.25574	1	5020940	5020940	0	
9.25781	1	5021294	5021294	0	
9.25781	1	5022400	5022400	0	
9.25996	1	5022738	5022738	0	
9.25996	1	5023860	5023860	0	
9.26203	1	5024182	5024182	0	
9.26203	1	5025320	5025320	0	
9.2641	1	5025626	5025626	0	
9.2641	1	5026780	5026780	0	
9.26618	1	5027070	5027070	0	
9.26618	1	5028240	5028240	0	
9.26825	1	5028514	5028514	0	
9.26825	1	5029700	5029700	0	
9.27032	1	5029958	5029958	0	
9.27032	1	5031160	5031160	0	
9.27239	1	5031402	5031402	0	
9.27239	1	5032620	5032620	0	
9.27455	1	5032846	5032846	0	
9.27455	1	5034080	5034080	0	
9.27662	1	5034290	5034290	0	
9.27662	1	5035540	5035540	0	
9.27869	1	5035734	5035734	0	
9.27869	1	5037000	5037000	0	
9.28076	1	5037178	5037178	0	
9.28076	1	5038460	5038460	0	
9.28283	1	5038622	5038622	0	
9.28283	1	5039920	5039920	0	
9.2849	1	5040066	5040066	0	
9.2849	1	5041380	5041380	0	
9.28706	1	5041510	5041510	0	
9.28706	1	5042840	5042840	0	
9.28913	1	5042954	5042954	0	
9.28913	1	5044300	5044300	0	
9.2912	1	5044398	5044398	0	
9.2912	1	5045760	5045760	0	
9.29327	1	5045842	5045842	0	
9.29327	1	5047220	5047220	0	
9.29534	1	5047286	5047286	0	
9.29534	1	5048680	5048680	0	
9.29741	1	5048730	5048730	0	
9.29741	1	5050140	5050140	0	
9.29948	1	5050174	5050174	0	
9.29948	1	5051600	5051600	0	
9.30155	1	5051618	5051618	0	
9.30155	1	5053060	5053060	0	
9.3037	1	5053062	5053062	0	
9.30577	1	5054514	5054514	0	
9.30577	1	5054520	5054520	0	
9.30785	1	5055959	5055959	0	
9.30785	1	5055980	5055980	0	
9.30992	1	5057404	5057404	0	
9.30992	1	5057440	5057440	0	
9.31199	1	5058849	5058849	0	
9.31199	1	5058900	5058900	0	
9.31414	1	5060294	5060294	0	
9.31414	1	5060360	5060360	0	
9.31621	1	5061738	5061738	0	
9.31621	1	5061820	5061820	0	
9.31828	1	5063182	5063182	0	
9.31828	1	5063280	5063280	0	
9.32036	1	5064626	5064626	0	
9.32036	1	5064740	5064740	0	
9.32243	1	5066070	5066070	0	
9.32243	1	5066200	5066200	0	
9.32458	1	5067514	5067514	0	
9.32458	1	5067660	5067660	0	
9.32666	1	5068958	5068958	0	
9.32666	1	5069120	5069120	0	
9.32873	1	5070402	5070402	0	
9.32873	1	5070580	5070580	0	
9.3308	1	5071846	5071846	0	
9.3308	1	5072040	5072040	0	
9.33287	1	5073290	5073290	0	
9.33287	1	5073500	5073500	0	
9.33494	1	5074734	5074734	0	
9.33494	1	5074960	5074960	0	
9.33701	1	5076178	5076178	0	
9.33701	1	5076420	5076420	0	
9.33908	1	5077622	5077622	0	
9.33908	1	5077880	5077880	0	
9.34123	1	5079066	5079066	0	
9.34123	1	5079340	5079340	0	
9.3433	1	5080510	5080510	0	
9.3433	1	5080800	5080800	0	
9.34538	1	5081954	5081954	0	
9.34538	1	5082260	5082260	0	
9.34745	1	5083398	5083398	0	
9.34745	1	5083720	5083720	0	
9.34952	1	5084842	5084842	0	
9.34952	1	5085180	5085180	0	
9.35167	1	5086286	5086286	0	
9.35167	1	5086640	5086640	0	
9.35395	1	5087730	5087730	0	
9.35395	1	5088100	5088100	0	
9.35623	1	5089174	5089174	0	
9.35623	1	5089560	5089560	0	
9.3585	1	5090618	5090618	0	
9.3585	1	5091020	5091020	0	
9.36078	1	5092062	5092062	0	
9.36078	1	5092480	5092480	0	
9.36305	1	5093506	5093506	0	
9.36305	1	5093940	5093940	0	
9.36533	1	5094950	5094950	0	
9.36533	1	5095400	5095400	0	
9.36761	1	5096394	5096394	0	
9.36761	1	5096860	5096860	0	
9.36998	1	5097838	5097838	0	
9.36998	1	5098320	5098320	0	
9.37225	1	5099282	5099282	0	
9.37225	1	5099780	5099780	0	
9.37453	1	5100726	5100726	0	
9.37453	1	5101240	5101240	0	
9.3768	1	5102170	5102170	0	
9.3768	1	5102700	5102700	0	
9.37908	1	5103614	5103614	0	
9.37908	1	5104160	5104160	0	
9.38144	1	5105058	5105058	0	
9.38144	1	5105620	5105620	0	
9.38372	1	5106502	5106502	0	
9.38372	1	5107080	5107080	0	
9.386	1	5107946	5107946	0	
9.386	1	5108540	5108540	0	
9.38827	1	5109390	5109390	0	
9.38827	1	5110000	5110000	0	
9.39056	1	5110834	5110834	0	
9.39056	1	5111460	5111460	0	
9.39292	1	5112278	5112278	0	
9.39292	1	5112920	5112920	0	
9.3952	1	5113722	5113722	0	
9.3952	1	5114380	5114380	0	
9.39747	1	5115166	5115166	0	
9.39747	1	5115840	5115840	0	
9.39975	1	5116610	5116610	0	
9.39975	1	5117300	5117300	0	
9.40202	1	5118054	5118054	0	
9.40202	1	5118760	5118760	0	
9.4043	1	5119498	5119498	0	
9.4043	1	5120220	5120220	0	
9.40657	1	5120942	5120942	0	
9.40657	1	5121680	5121680	0	
9.40885	1	5122386	5122386	0	
9.40885	1	5123140	5123140	0	
9.41122	1	5123830	5123830	0	
9.41122	1	5124600	5124600	0	
9.4135	1	5125274	5125274	0	
9.4135	1	5126060	5126060	0	
9.41577	1	5126718	5126718	0	
9.41577	1	5127520	5127520	0	
9.41805	1	5128162	5128162	0	
9.41805	1	5128980	5128980	0	
9.42033	1	5129606	5129606	0	
9.42033	1	5130440	5130440	0	
9.42269	1	5131050	5131050	0	
9.42269	1	5131900	5131900	0	
9.42497	1	5132494	5132494	0	
9.42497	1	5133360	5133360	0	
9.42724	1	5133938	5133938	0	
9.42724	1	5134820	5134820	0	
9.42952	1	5135382	5135382	0	
9.42952	1	5136280	5136280	0	
9.43179	1	5136826	5136826	0	
9.43179	1	5137740	5137740	0	
9.43408	1	5138270	5138270	0	
9.43408	1	5139200	5139200	0	
9.43635	1	5139714	5139714	0	
9.43635	1	5140660	5140660	0	
9.43863	1	5141158	5141158	0	
9.43863	1	5142120	5142120	0	
9.44099	1	5142602	5142602	0	
9.44099	1	5143580	5143580	0	
9.44327	1	5144046	5144046	0	
9.44327	1	5145040	5145040	0	
9.44554	1	5145490	5145490	0	
9.44554	1	5146500	5146500	0	
9.44782	1	5146934	5146934	0	
9.44782	1	5147960	5147960	0	
9.4501	1	5148378	5148378	0	
9.4501	1	5149420	5149420	0	
9.45235	1	5149822	5149822	0	
9.45235	1	5150880	5150880	0	
9.45451	1	5151266	5151266	0	
9.45451	1	5152340	5152340	0	
9.45668	1	5152710	5152710	0	
9.45668	1	5153800	5153800	0	
9.45884	1	5154154	5154154	0	
9.45884	1	5155260	5155260	0	
9.461	1	5155598	5155598	0	
9.461	1	5156720	5156720	0	
9.46316	1	5157042	5157042	0	
9.46316	1	5158180	5158180	0	
9.46532	1	5158486	5158486	0	
9.46532	1	5159640	5159640	0	
9.46748	1	5159930	5159930	0	
9.46748	1	5161100	5161100	0	
9.46973	1	5161374	5161374	0	
9.46973	1	5162560	5162560	0	
9.47189	1	5162818	5162818	0	
9.47189	1	5164020	5164020	0	
9.47405	1	5164262	5164262	0	
9.47405	1	5165480	5165480	0	
9.47622	1	5165706	5165706	0	
9.47622	1	5166940	5166940	0	
9.47838	1	5167150	5167150	0	
9.47838	1	5168400	5168400	0	
9.48063	1	5168594	5168594	0	
9.48063	1	5169860	5169860	0	
9.48279	1	5170038	5170038	0	
9.48279	1	5171320	5171320	0	
9.48495	1	5171482	5171482	0	
9.48495	1	5172780	5172780	0	
9.48711	1	5172926	5172926	0	
9.48711	1	5174240	5174240	0	
9.48928	1	5174370	5174370	0	
9.48928	1	5175700	5175700	0	
9.49152	1	5175814	5175814	0	
9.49152	1	5177160	5177160	0	
9.49368	1	5177258	5177258	0	
9.49368	1	5178620	5178620	0	
9.49585	1	5178702	5178702	0	
9.49585	1	5180080	5180080	0	
9.49801	1	5180146	5180146	0	
9.49801	1	5181540	5181540	0	
9.50017	1	5181590	5181590	0	
9.50017	1	5183000	5183000	0	
9.50234	1	5183034	5183034	0	
9.50234	1	5184460	5184460	0	
9.5045	1	5184478	5184478	0	
9.5045	1	5185920	5185920	0	
9.50666	1	5185922	5185922	0	
9.5089	1	5187374	5187374	0	
9.5089	1	5187380	5187380	0	
9.51106	1	5188819	5188819	0	
9.51106	1	5188840	5188840	0	
9.51323	1	5190264	5190264	0	
9.51323	1	5190300	5190300	0	
9.51539	1	5191709	5191709	0	
9.51539	1	5191760	5191760	0	
9.51756	1	5193154	5193154	0	
9.51756	1	5193220	5193220	0	
9.5198	1	5194598	5194598	0	
9.5198	1	5194680	5194680	0	
9.52196	1	5196042	5196042	0	
9.52196	1	5196140	5196140	0	
9.52412	1	5197486	5197486	0	
9.52412	1	5197600	5197600	0	
9.52629	1	5198930	5198930	0	
9.52629	1	5199060	5199060	0	
9.52845	1	5200374	5200374	0	
9.52845	1	5200520	5200520	0	
9.53061	1	5201818	5201818	0	
9.53061	1	5201980	5201980	0	
9.53277	1	5203262	5203262	0	
9.53277	1	5203440	5203440	0	
9.53493	1	5204706	5204706	0	
9.53493	1	5204900	5204900	0	
9.53719	1	5206150	5206150	0	
9.53719	1	5206360	5206360	0	
9.53935	1	5207594	5207594	0	
9.53935	1	5207820	5207820	0	
9.54151	1	5209038	5209038	0	
9.54151	1	5209280	5209280	0	
9.54367	1	5210482	5210482	0	
9.54367	1	5210740	5210740	0	
9.54583	1	5211926	5211926	0	
9.54583	1	5212200	5212200	0	
9.54808	1	5213370	5213370	0	
9.54808	1	5213660	5213660	0	
9.55024	1	5214814	5214814	0	
9.55024	1	5215120	5215120	0	
9.55244	1	5216258	5216258	0	
9.55244	1	5216580	5216580	0	
9.55464	1	5217702	5217702	0	
9.55464	1	5218040	5218040	0	
9.55684	1	5219146	5219146	0	
9.55684	1	5219500	5219500	0	
9.55905	1	5220590	5220590	0	
9.55905	1	5220960	5220960	0	
9.56125	1	5222034	5222034	0	
9.56125	1	5222420	5222420	0	
9.56345	1	5223478	5223478	0	
9.56345	1	5223880	5223880	0	
9.56574	1	5224922	5224922	0	
9.56574	1	5225340	5225340	0	
9.56794	1	5226366	5226366	0	
9.56794	1	5226800	5226800	0	
9.57014	1	5227810	5227810	0	
9.57014	1	5228260	5228260	0	
9.57234	1	5229254	5229254	0	
9.57234	1	5229720	5229720	0	
9.57455	1	5230698	5230698	0	
9.57455	1	5231180	5231180	0	
9.57683	1	5232142	5232142	0	
9.57683	1	5232640	5232640	0	
9.57904	1	5233586	5233586	0	
9.57904	1	5234100	5234100	0	
9.58124	1	5235030	5235030	0	
9.58124	1	5235560	5235560	0	
9.58344	1	5236474	5236474	0	
9.58344	1	5237020	5237020	0	
9.58564	1	5237918	5237918	0	
9.58564	1	5238480	5238480	0	
9.58793	1	5239362	5239362	0	
9.58793	1	5239940	5239940	0	
9.59013	1	5240806	5240806	0	
9.59013	1	5241400	5241400	0	
9.59113	1	5242250	5242250	0	
9.59113	1	5242860	5242860	0	
RESULT_ONE_PATH,0,9,5242880,8.587930097,8.591129779,5242880
DIAG_ONE_PATH,0.158286219,8.196676156,8.226232950
