elapsed_s,rx_app,packet_bytes
0.158367881,1456,1456
0.160595272,1460,4
0.160595272,2905,1445
0.164800415,2920,15
0.164800415,4354,1434
0.174800415,4380,26
0.174800415,5803,1423
0.267408038,5840,37
0.267408038,7252,1412
0.269742592,7300,48
0.269742592,8701,1401
0.272077146,8760,59
0.272077146,10150,1390
0.274411700,10220,70
0.274411700,11598,1378
0.276746254,11680,82
0.276746254,13046,1366
0.279080808,13140,94
0.279080808,14494,1354
0.287409569,14600,106
0.287409569,15942,1342
0.289744523,16060,118
0.289744523,17390,1330
0.374704572,17520,130
0.374704572,18834,1314
0.377062324,18980,146
0.377062324,20278,1298
0.379420076,20440,162
0.379420076,21722,1282
0.381777828,21900,178
0.381777828,23166,1266
0.384135580,23360,194
0.384135580,24610,1250
0.386493332,24820,210
0.386493332,26054,1234
0.388850924,26280,226
0.388850924,27498,1218
0.391205618,27740,242
0.391205618,28942,1202
0.393560312,29200,258
0.393560312,30386,1186
0.395915406,30660,274
0.395915406,31830,1170
0.398277345,32120,290
0.398277345,33274,1154
0.400632039,33580,306
0.400632039,34718,1138
0.403073887,35040,322
0.403073887,36162,1122
0.405428581,36500,338
0.405428581,37606,1106
0.407783275,37960,354
0.407783275,39050,1090
0.410137969,39420,370
0.410137969,40494,1074
0.482060718,40880,386
0.482060718,41938,1058
0.484424575,42340,402
0.484424575,43382,1042
0.486795296,43800,418
0.486795296,44826,1026
0.489158753,45260,434
0.489158753,46270,1010
0.491522210,46720,450
0.491522210,47714,994
0.493885667,48180,466
0.493885667,49158,978
0.496248964,49640,482
0.496248964,50602,962
0.498609356,51100,498
0.498609356,52046,946
0.500969748,52560,514
0.500969748,53490,930
0.503330140,54020,530
0.503330140,54934,914
0.505690532,55480,546
0.505690532,56378,898
0.508050924,56940,562
0.508050924,57822,882
0.510411716,58400,578
0.510411716,59266,866
0.512779372,59860,594
0.512779372,60710,850
0.515139764,61320,610
0.515139764,62154,834
0.517500156,62780,626
0.517500156,63598,818
0.519860548,64240,642
0.519860548,65042,802
0.522220940,65700,658
0.522220940,66486,786
0.524668697,67160,674
0.524668697,67930,770
0.527029089,68620,690
0.527029089,69374,754
0.529389481,70080,706
0.529389481,70818,738
0.531749873,71540,722
0.531749873,72262,722
0.534110665,73000,738
0.534110665,73706,706
0.536478321,74460,754
0.536478321,75150,690
0.538838713,75920,770
0.538838713,76594,674
0.541199105,77380,786
0.541199105,78038,658
0.543559497,78840,802
0.543559497,79482,642
0.545919889,80300,818
0.545919889,80926,626
0.548367646,81760,834
0.548367646,82370,610
0.550728038,83220,850
0.550728038,83814,594
0.552967536,84680,866
0.552967536,85258,578
0.555207034,86140,882
0.555207034,86702,562
0.586939487,87600,898
0.586939487,88146,546
0.589178985,89060,914
0.589178985,89590,530
0.591418483,90520,930
0.591418483,91034,514
0.593657981,91980,946
0.593657981,92478,498
0.595897479,93440,962
0.595897479,93922,482
0.598136977,94900,978
0.598136977,95366,466
0.600376475,96360,994
0.600376475,96810,450
0.602615973,97820,1010
0.602615973,98254,434
0.604855471,99280,1026
0.604855471,99698,418
0.607094969,100740,1042
0.607094969,101142,402
0.609424628,102200,1058
0.609424628,102586,386
0.611664126,103660,1074
0.611664126,104030,370
0.613903624,105120,1090
0.613903624,105474,354
0.616143122,106580,1106
0.616143122,106918,338
0.618382620,108040,1122
0.618382620,108362,322
0.620622118,109500,1138
0.620622118,109806,306
0.622861616,110960,1154
0.622861616,111250,290
0.625101114,112420,1170
0.625101114,112694,274
0.627340612,113880,1186
0.627340612,114138,258
0.629580110,115340,1202
0.629580110,115582,242
0.631820008,116800,1218
0.631820008,117026,226
0.634066377,118260,1234
0.634066377,118470,210
0.636388765,119720,1250
0.636388765,119914,194
0.638628263,121180,1266
0.638628263,121358,178
0.640867761,122640,1282
0.640867761,122802,162
0.643107259,124100,1298
0.643107259,124246,146
0.645346757,125560,1314
0.645346757,125690,130
0.647586255,127020,1330
0.647586255,127134,114
0.649825753,128480,1346
0.649825753,128578,98
0.652065251,129940,1362
0.652065251,130022,82
0.654179628,131400,1378
0.654179628,131466,66
0.656299988,132860,1394
0.656299988,132910,50
0.658412592,134320,1410
0.658412592,134354,34
0.660525196,135780,1426
0.660525196,135798,18
0.662716044,137240,1442
0.662716044,137242,2
0.664828728,138694,1452
0.666942705,138700,6
0.666942705,140139,1439
0.669056682,140160,21
0.669056682,141584,1424
0.671170659,141620,36
0.671170659,143029,1409
0.673284636,143080,51
0.673284636,144474,1394
0.675399013,144540,66
0.675399013,145918,1378
0.677519453,146000,82
0.677519453,147362,1362
0.679633430,147460,98
0.679633430,148806,1346
0.681747407,148920,114
0.681747407,150250,1330
0.683861384,150380,130
0.683861384,151694,1314
0.685975361,151840,146
0.685975361,153138,1298
0.688089338,153300,162
0.688089338,154582,1282
0.690203315,154760,178
0.690203315,156026,1266
0.692317292,156220,194
0.692317292,157470,1250
0.694431269,157680,210
0.694431269,158914,1234
0.696623890,159140,226
0.696623890,160358,1218
0.698744330,160600,242
0.698744330,161802,1202
0.700858307,162060,258
0.700858307,163246,1186
0.702972284,163520,274
0.702972284,164690,1170
0.705086261,164980,290
0.705086261,166134,1154
0.707200238,166440,306
0.707200238,167578,1138
0.709314215,167900,322
0.709314215,169022,1122
0.711428192,169360,338
0.711428192,170466,1106
0.713542169,170820,354
0.713542169,171910,1090
0.715656146,172280,370
0.715656146,173354,1074
0.717848767,173740,386
0.717848767,174798,1058
0.719969207,175200,402
0.719969207,176242,1042
0.722083184,176660,418
0.722083184,177686,1026
0.724197161,178120,434
0.724197161,179130,1010
0.726389542,179580,450
0.726389542,180574,994
0.728506264,181040,466
0.728506264,182018,978
0.730622986,182500,482
0.730622986,183462,962
0.732739708,183960,498
0.732739708,184906,946
0.734856430,185420,514
0.734856430,186350,930
0.736973152,186880,530
0.736973152,187794,914
0.739090114,188340,546
0.739090114,189238,898
0.741210554,189800,562
0.741210554,190682,882
0.743324531,191260,578
0.743324531,192126,866
0.745438508,192720,594
0.745438508,193570,850
0.747552485,194180,610
0.747552485,195014,834
0.749666462,195640,626
0.749666462,196458,818
0.751858683,197100,642
0.751858683,197902,802
0.754322523,198560,658
0.754322523,199346,786
0.756786363,200020,674
0.756786363,200790,770
0.759250203,201480,690
0.759250203,202234,754
0.761714443,202940,706
0.761714443,203678,738
0.764185882,204400,722
0.764185882,205122,722
0.766649722,205860,738
0.766649722,206566,706
0.769113562,207320,754
0.769113562,208010,690
0.771577402,208780,770
0.771577402,209454,674
0.774041242,210240,786
0.774041242,210898,658
0.776505082,211700,802
0.776505082,212342,642
0.778968922,213160,818
0.778968922,213786,626
0.781432762,214620,834
0.781432762,215230,610
0.783896602,216080,850
0.783896602,216674,594
0.786360442,217540,866
0.786360442,218118,578
0.788824682,219000,882
0.788824682,219562,562
0.791387315,220460,898
0.791387315,221006,546
0.793851155,221920,914
0.793851155,222450,530
0.796314995,223380,930
0.796314995,223894,514
0.798778835,224840,946
0.798778835,225338,498
0.801242675,226300,962
0.801242675,226782,482
0.803706515,227760,978
0.803706515,228226,466
0.806170355,229220,994
0.806170355,229670,450
0.808634195,230680,1010
0.808634195,231114,434
0.811098035,232140,1026
0.811098035,232558,418
0.813562275,233600,1042
0.813562275,234002,402
0.816033714,235060,1058
0.816033714,235446,386
0.818497554,236520,1074
0.818497554,236890,370
0.821052588,237980,1090
0.821052588,238334,354
0.823516428,239440,1106
0.823516428,239778,338
0.825980268,240900,1122
0.825980268,241222,322
0.828444108,242360,1138
0.828444108,242666,306
0.830907948,243820,1154
0.830907948,244110,290
0.833371788,245280,1170
0.833371788,245554,274
0.835835628,246740,1186
0.835835628,246998,258
0.838299868,248200,1202
0.838299868,248442,242
0.840771307,249660,1218
0.840771307,249886,226
0.843235147,251120,1234
0.843235147,251330,210
0.845790181,252580,1250
0.845790181,252774,194
0.848254021,254040,1266
0.848254021,254218,178
0.850717861,255500,1282
0.850717861,255662,162
0.852800419,256960,1298
0.852800419,257106,146
0.854882977,258420,1314
0.854882977,258550,130
0.856965535,259880,1330
0.856965535,259994,114
0.859048093,261340,1346
0.859048093,261438,98
0.861131051,262800,1362
0.861131051,262882,82
0.863219971,264260,1378
0.863219971,264326,66
0.865302449,265720,1394
0.865302449,265770,50
0.867383655,267180,1410
0.867383655,267214,34
0.869464861,268640,1426
0.869464861,268658,18
0.871546067,270100,1442
0.871546067,270102,2
0.873627353,271554,1452
0.875709911,271560,6
0.875709911,272999,1439
0.877943590,273020,21
0.877943590,274444,1424
0.880180309,274480,36
0.880180309,275889,1409
0.886500952,275940,51
0.886500952,277334,1394
0.889697801,277400,66
0.889697801,278778,1378
0.891728972,278860,82
0.891728972,280222,1362
0.893760143,280320,98
0.893760143,281666,1346
0.895791314,281780,114
0.895791314,283110,1330
0.897822485,283240,130
0.897822485,284554,1314
0.899853656,284700,146
0.899853656,285998,1298
0.901884827,286160,162
0.901884827,287442,1282
0.903915998,287620,178
0.903915998,288886,1266
0.905947169,289080,194
0.905947169,290330,1250
0.907978340,290540,210
0.907978340,291774,1234
0.910093354,292000,226
0.910093354,293218,1218
0.912124525,293460,242
0.912124525,294662,1202
0.914155696,294920,258
0.914155696,296106,1186
0.916186867,296380,274
0.916186867,297550,1170
0.918218038,297840,290
0.918218038,298994,1154
0.920249209,299300,306
0.920249209,300438,1138
0.922280380,300760,322
0.922280380,301882,1122
0.924311551,302220,338
0.924311551,303326,1106
0.926342722,303680,354
0.926342722,304770,1090
0.928373893,305140,370
0.928373893,306214,1074
0.930405064,306600,386
0.930405064,307658,1058
0.932436235,308060,402
0.932436235,309102,1042
0.934467406,309520,418
0.934467406,310546,1026
0.936498577,310980,434
0.936498577,311990,1010
0.938529748,312440,450
0.938529748,313434,994
0.940560919,313900,466
0.940560919,314878,978
0.942592090,315360,482
0.942592090,316322,962
0.944623261,316820,498
0.944623261,317766,946
0.946786957,318280,514
0.946786957,319210,930
0.948818128,319740,530
0.948818128,320654,914
0.950904743,321200,546
0.950904743,322098,898
0.953104857,322660,562
0.953104857,323542,882
0.955304971,324120,578
0.955304971,324986,866
0.957505085,325580,594
0.957505085,326430,850
0.959705199,327040,610
0.959705199,327874,834
0.961846853,328500,626
0.961846853,329318,818
0.963988507,329960,642
0.963988507,330762,802
0.966130161,331420,658
0.966130161,332206,786
0.968353089,332880,674
0.968353089,333650,770
0.970494743,334340,690
0.970494743,335094,754
0.972636397,335800,706
0.972636397,336538,738
0.974778051,337260,722
0.974778051,337982,722
0.976919705,338720,738
0.976919705,339426,706
0.979061359,340180,754
0.979061359,340870,690
0.981203013,341640,770
0.981203013,342314,674
0.983344667,343100,786
0.983344667,343758,658
0.985486321,344560,802
0.985486321,345202,642
0.987627975,346020,818
0.987627975,346646,626
0.989769629,347480,834
0.989769629,348090,610
0.991911283,348940,850
0.991911283,349534,594
0.994138489,350400,866
0.994138489,350978,578
0.996280143,351860,882
0.996280143,352422,562
0.998421797,353320,898
0.998421797,353866,546
1.000563451,354780,914
1.000563451,355310,530
1.002705105,356240,930
1.002705105,356754,514
1.004846759,357700,946
1.004846759,358198,498
1.006988413,359160,962
1.006988413,359642,482
1.009130067,360620,978
1.009130067,361086,466
1.011271721,362080,994
1.011271721,362530,450
1.013413375,363540,1010
1.013413375,363974,434
1.015555029,365000,1026
1.015555029,365418,418
1.017696683,366460,1042
1.017696683,366862,402
1.019838337,367920,1058
1.019838337,368306,386
1.021979991,369380,1074
1.021979991,369750,370
1.024207197,370840,1090
1.024207197,371194,354
1.026348851,372300,1106
1.026348851,372638,338
1.028490505,373760,1122
1.028490505,374082,322
1.030632159,375220,1138
1.030632159,375526,306
1.032773813,376680,1154
1.032773813,376970,290
1.034915467,378140,1170
1.034915467,378414,274
1.037057121,379600,1186
1.037057121,379858,258
1.039198775,381060,1202
1.039198775,381302,242
1.041340429,382520,1218
1.041340429,382746,226
1.043482083,383980,1234
1.043482083,384190,210
1.045623737,385440,1250
1.045623737,385634,194
1.047765391,386900,1266
1.047765391,387078,178
1.049992597,388360,1282
1.049992597,388522,162
1.052134251,389820,1298
1.052134251,389966,146
1.054444940,391280,1314
1.054444940,391410,130
1.056755629,392740,1330
1.056755629,392854,114
1.059066318,394200,1346
1.059066318,394298,98
1.061377007,395660,1362
1.061377007,395742,82
1.063687696,397120,1378
1.063687696,397186,66
1.065998385,398580,1394
1.065998385,398630,50
1.068309074,400040,1410
1.068309074,400074,34
1.070619763,401500,1426
1.070619763,401518,18
1.072930452,402960,1442
1.072930452,402962,2
1.075241141,404414,1452
1.077551830,404420,6
1.077551830,405859,1439
1.693480940,405880,21
1.693480940,408749,2869
1.994759333,408800,51
1.994759333,534378,125578
1.994759333,535820,1442
1.994759333,535822,2
1.994759333,537274,1452
1.994759333,537280,6
1.994759333,818882,281602
1.996934801,819060,178
1.996934801,820326,1266
1.996934801,820520,194
1.996934801,823214,2694
1.996934801,823440,226
1.996934801,824658,1218
1.996934801,824900,242
1.996934801,839098,14198
1.999291315,839500,402
1.999291315,957518,118018
2.062073771,957760,242
2.062073771,970514,12754
2.081156856,970900,386
2.081156856,989286,18386
2.112971510,989880,594
2.112971510,1002282,12402
2.129945091,1003020,738
2.129945091,1087490,84470
2.132065777,1087700,210
2.132065777,1088934,1234
2.134175281,1089160,226
2.134175281,1090378,1218
2.136372832,1090620,242
2.136372832,1091822,1202
2.138481936,1092080,258
2.138481936,1093266,1186
2.140591040,1093540,274
2.140591040,1094710,1170
2.142700144,1095000,290
2.142700144,1096154,1154
2.144809248,1096460,306
2.144809248,1097598,1138
2.146918352,1097920,322
2.146918352,1099042,1122
2.149027456,1099380,338
2.149027456,1100486,1106
2.151136560,1100840,354
2.151136560,1101930,1090
2.153422000,1102300,370
2.153422000,1103374,1074
2.155803715,1103760,386
2.155803715,1104818,1058
2.158089155,1105220,402
2.158089155,1106262,1042
2.160374595,1106680,418
2.160374595,1107706,1026
2.162748905,1108140,434
2.162748905,1109150,1010
2.165034345,1109600,450
2.165034345,1110594,994
2.167319785,1111060,466
2.167319785,1112038,978
2.169605225,1112520,482
2.169605225,1113482,962
2.171890665,1113980,498
2.171890665,1114926,946
2.174176105,1115440,514
2.174176105,1116370,930
2.176461945,1116900,530
2.176461945,1117814,914
2.178754391,1118360,546
2.178754391,1119258,898
2.181128701,1119820,562
2.181128701,1120702,882
2.183414141,1121280,578
2.183414141,1122146,866
2.185699581,1122740,594
2.185699581,1123590,850
2.187985021,1124200,610
2.187985021,1125034,834
2.190270461,1125660,626
2.190270461,1126478,818
2.192555901,1127120,642
2.192555901,1127922,802
2.194841341,1128580,658
2.194841341,1129366,786
2.197126781,1130040,674
2.197126781,1130810,770
2.199508496,1131500,690
2.199508496,1132254,754
2.201793936,1132960,706
2.201793936,1133698,738
2.204079376,1134420,722
2.204079376,1135142,722
2.206364816,1135880,738
2.206364816,1136586,706
2.208650256,1137340,754
2.208650256,1138030,690
2.210935696,1138800,770
2.210935696,1139474,674
2.213221136,1140260,786
2.213221136,1140918,658
2.215506576,1141720,802
2.215506576,1142362,642
2.217880886,1143180,818
2.217880886,1143806,626
2.220166726,1144640,834
2.220166726,1145250,610
2.222459172,1146100,850
2.222459172,1146694,594
2.224744612,1147560,866
2.224744612,1148138,578
2.227030052,1149020,882
2.227030052,1149582,562
2.229404362,1150480,898
2.229404362,1151026,546
2.231689802,1151940,914
2.231689802,1152470,530
2.233975242,1153400,930
2.233975242,1153914,514
2.236260682,1154860,946
2.236260682,1155358,498
2.238546122,1156320,962
2.238546122,1156802,482
2.240831562,1157780,978
2.240831562,1158246,466
2.243117402,1159240,994
2.243117402,1159690,450
2.245409848,1160700,1010
2.245409848,1161134,434
2.247784158,1162160,1026
2.247784158,1162578,418
2.250069598,1163620,1042
2.250069598,1164022,402
2.252508677,1165080,1058
2.252508677,1165466,386
2.254951950,1166540,1074
2.254951950,1166910,370
2.257395223,1168000,1090
2.257395223,1168354,354
2.259838496,1169460,1106
2.259838496,1169798,338
2.262281769,1170920,1122
2.262281769,1171242,322
2.264725042,1172380,1138
2.264725042,1172686,306
2.267271239,1173840,1154
2.267271239,1174130,290
2.269714512,1175300,1170
2.269714512,1175574,274
2.272157785,1176760,1186
2.272157785,1177018,258
2.274601058,1178220,1202
2.274601058,1178462,242
2.277044331,1179680,1218
2.277044331,1179906,226
2.279487604,1181140,1234
2.279487604,1181350,210
2.282025884,1182600,1250
2.282025884,1182794,194
2.284469157,1184060,1266
2.284469157,1184238,178
2.286912430,1185520,1282
2.286912430,1185682,162
2.289356103,1186980,1298
2.289356103,1187126,146
2.291806894,1188440,1314
2.291806894,1188570,130
2.294345174,1189900,1330
2.294345174,1190014,114
2.296788447,1191360,1346
2.296788447,1191458,98
2.299231720,1192820,1362
2.299231720,1192902,82
2.301674993,1194280,1378
2.301674993,1194346,66
2.304118186,1195740,1394
2.304118186,1195790,50
2.306654883,1197200,1410
2.306654883,1197234,34
2.309096573,1198660,1426
2.309096573,1198678,18
2.311538663,1200120,1442
2.311538663,1200122,2
2.313987950,1201574,1452
2.316431223,1201580,6
2.316431223,1203019,1439
2.318874496,1203040,21
2.318874496,1204464,1424
2.321412776,1204500,36
2.321412776,1205909,1409
2.323856049,1205960,51
2.323856049,1207354,1394
2.326299322,1207420,66
2.326299322,1208798,1378
2.328742595,1208880,82
2.328742595,1210242,1362
2.331185868,1210340,98
2.331185868,1211686,1346
2.333629141,1211800,114
2.333629141,1213130,1330
2.336072814,1213260,130
2.336072814,1214574,1314
2.338618612,1214720,146
2.338618612,1216018,1298
2.341061885,1216180,162
2.341061885,1217462,1282
2.343505158,1217640,178
2.343505158,1218906,1266
2.345948431,1219100,194
2.345948431,1220350,1250
2.348391704,1220560,210
2.348391704,1221794,1234
2.350929984,1222020,226
2.350929984,1223238,1218
2.353282768,1223480,242
2.353282768,1224682,1202
2.355635552,1224940,258
2.355635552,1226126,1186
2.357988736,1226400,274
2.357988736,1227570,1170
2.360348744,1227860,290
2.360348744,1229014,1154
2.362701528,1229320,306
2.362701528,1230458,1138
2.365054312,1230780,322
2.365054312,1231902,1122
2.367407096,1232240,338
2.367407096,1233346,1106
2.369851368,1233700,354
2.369851368,1234790,1090
2.372204152,1235160,370
2.372204152,1236234,1074
2.374556936,1236620,386
2.374556936,1237678,1058
2.376909720,1238080,402
2.376909720,1239122,1042
2.379262504,1239540,418
2.379262504,1240566,1026
2.381615688,1241000,434
2.381615688,1242010,1010
2.384067184,1242460,450
2.384067184,1243454,994
2.386419968,1243920,466
2.386419968,1244898,978
2.388772752,1245380,482
2.388772752,1246342,962
2.391125536,1246840,498
2.391125536,1247786,946
2.393478320,1248300,514
2.393478320,1249230,930
2.395922592,1249760,530
2.395922592,1250674,914
2.398275376,1251220,546
2.398275376,1252118,898
2.400628160,1252680,562
2.400628160,1253562,882
2.402981344,1254140,578
2.402981344,1255006,866
2.405341352,1255600,594
2.405341352,1256450,850
2.407694136,1257060,610
2.407694136,1257894,834
2.410046920,1258520,626
2.410046920,1259338,818
2.412399704,1259980,642
2.412399704,1260782,802
2.414843976,1261440,658
2.414843976,1262226,786
2.417196760,1262900,674
2.417196760,1263670,770
2.419549544,1264360,690
2.419549544,1265114,754
2.421902328,1265820,706
2.421902328,1266558,738
2.424255112,1267280,722
2.424255112,1268002,722
2.426707008,1268740,738
2.426707008,1269446,706
2.429059792,1270200,754
2.429059792,1270890,690
2.431412576,1271660,770
2.431412576,1272334,674
2.433765360,1273120,786
2.433765360,1273778,658
2.436118144,1274580,802
2.436118144,1275222,642
2.438470928,1276040,818
2.438470928,1276666,626
2.440823712,1277500,834
2.440823712,1278110,610
2.443176496,1278960,850
2.443176496,1279554,594
2.445620768,1280420,866
2.445620768,1280998,578
2.447973952,1281880,882
2.447973952,1282442,562
2.450333960,1283340,898
2.450333960,1283886,546
2.452490695,1284800,914
2.452490695,1285330,530
2.454647430,1286260,930
2.454647430,1286774,514
2.456804165,1287720,946
2.456804165,1288218,498
2.459044765,1289180,962
2.459044765,1289662,482
2.461201500,1290640,978
2.461201500,1291106,466
2.463358235,1292100,994
2.463358235,1292550,450
2.465514970,1293560,1010
2.465514970,1293994,434
2.467671705,1295020,1026
2.467671705,1295438,418
2.469828840,1296480,1042
2.469828840,1296882,402
2.471992164,1297940,1058
2.471992164,1298326,386
2.474148899,1299400,1074
2.474148899,1299770,370
2.476389499,1300860,1090
2.476389499,1301214,354
2.478546234,1302320,1106
2.478546234,1302658,338
2.480702969,1303780,1122
2.480702969,1304102,322
2.482859704,1305240,1138
2.482859704,1305546,306
2.485016439,1306700,1154
2.485016439,1306990,290
2.487257039,1308160,1170
2.487257039,1308434,274
2.489414174,1309620,1186
2.489414174,1309878,258
2.491577498,1311080,1202
2.491577498,1311322,242
2.493734233,1312540,1218
2.493734233,1312766,226
2.495890968,1314000,1234
2.495890968,1314210,210
2.498131568,1315460,1250
2.498131568,1315654,194
2.500288303,1316920,1266
2.500288303,1317098,178
2.502445038,1318380,1282
2.502445038,1318542,162
2.504601773,1319840,1298
2.504601773,1319986,146
2.506758508,1321300,1314
2.506758508,1321430,130
2.508915243,1322760,1330
2.508915243,1322874,114
2.511072378,1324220,1346
2.511072378,1324318,98
2.513235702,1325680,1362
2.513235702,1325762,82
2.515476302,1327140,1378
2.515476302,1327206,66
2.517632957,1328600,1394
2.517632957,1328650,50
2.519788295,1330060,1410
2.519788295,1330094,34
2.521943633,1331520,1426
2.521943633,1331538,18
2.524098971,1332980,1442
2.524098971,1332982,2
2.526338254,1334434,1452
2.528494989,1334440,6
2.528494989,1335879,1439
2.530652124,1335900,21
2.530652124,1337324,1424
2.532815448,1337360,36
2.532815448,1338769,1409
2.534972183,1338820,51
2.534972183,1340214,1394
2.537128918,1340280,66
2.537128918,1341658,1378
2.539285653,1341740,82
2.539285653,1343102,1362
2.541442388,1343200,98
2.541442388,1344546,1346
2.543682988,1344660,114
2.543682988,1345990,1330
2.545839723,1346120,130
2.545839723,1347434,1314
2.547996458,1347580,146
2.547996458,1348878,1298
2.550153193,1349040,162
2.550153193,1350322,1282
2.552390435,1350500,178
2.552390435,1351766,1266
2.554721105,1351960,194
2.554721105,1353210,1250
2.556957947,1353420,210
2.556957947,1354654,1234
2.559194789,1354880,226
2.559194789,1356098,1218
2.561431631,1356340,242
2.561431631,1357542,1202
2.563668473,1357800,258
2.563668473,1358986,1186
2.565905315,1359260,274
2.565905315,1360430,1170
2.568142157,1360720,290
2.568142157,1361874,1154
2.570378999,1362180,306
2.570378999,1363318,1138
2.572703221,1363640,322
2.572703221,1364762,1122
2.574946911,1365100,338
2.574946911,1366206,1106
2.577183753,1366560,354
2.577183753,1367650,1090
2.579420595,1368020,370
2.579420595,1369094,1074
2.581657437,1369480,386
2.581657437,1370538,1058
2.583981259,1370940,402
2.583981259,1371982,1042
2.586218101,1372400,418
2.586218101,1373426,1026
2.588454943,1373860,434
2.588454943,1374870,1010
2.590691785,1375320,450
2.590691785,1376314,994
2.592928627,1376780,466
2.592928627,1377758,978
2.595259697,1378240,482
2.595259697,1379202,962
2.597496539,1379700,498
2.597496539,1380646,946
2.599733381,1381160,514
2.599733381,1382090,930
2.601970223,1382620,530
2.601970223,1383534,914
2.604207065,1384080,546
2.604207065,1384978,898
2.606443907,1385540,562
2.606443907,1386422,882
2.608680749,1387000,578
2.608680749,1387866,866
2.610917591,1388460,594
2.610917591,1389310,850
2.613241413,1389920,610
2.613241413,1390754,834
2.615478655,1391380,626
2.615478655,1392198,818
2.617722345,1392840,642
2.617722345,1393642,802
2.619959187,1394300,658
2.619959187,1395086,786
2.622196029,1395760,674
2.622196029,1396530,770
2.624519851,1397220,690
2.624519851,1397974,754
2.626756693,1398680,706
2.626756693,1399418,738
2.628993535,1400140,722
2.628993535,1400862,722
2.631230377,1401600,738
2.631230377,1402306,706
2.633467219,1403060,754
2.633467219,1403750,690
2.635704061,1404520,770
2.635704061,1405194,674
2.637941303,1405980,786
2.637941303,1406638,658
2.640184993,1407440,802
2.640184993,1408082,642
2.642508815,1408900,818
2.642508815,1409526,626
2.644745657,1410360,834
2.644745657,1410970,610
2.646982499,1411820,850
2.646982499,1412414,594
2.649219341,1413280,866
2.649219341,1413858,578
2.651456183,1414740,882
2.651456183,1415302,562
2.654020670,1416200,898
2.654020670,1416746,546
2.656489169,1417660,914
2.656489169,1418190,530
2.658958068,1419120,930
2.658958068,1419634,514
2.661434166,1420580,946
2.661434166,1421078,498
2.663902665,1422040,962
2.663902665,1422522,482
2.666467152,1423500,978
2.666467152,1423966,466
2.668935651,1424960,994
2.668935651,1425410,450
2.671404150,1426420,1010
2.671404150,1426854,434
2.673872649,1427880,1026
2.673872649,1428298,418
2.676341148,1429340,1042
2.676341148,1429742,402
2.678809647,1430800,1058
2.678809647,1431186,386
2.681278146,1432260,1074
2.681278146,1432630,370
2.683747045,1433720,1090
2.683747045,1434074,354
2.686319131,1435180,1106
2.686319131,1435518,338
2.688787630,1436640,1122
2.688787630,1436962,322
2.691256129,1438100,1138
2.691256129,1438406,306
2.693724628,1439560,1154
2.693724628,1439850,290
2.696193127,1441020,1170
2.696193127,1441294,274
2.698757614,1442480,1186
2.698757614,1442738,258
2.701226113,1443940,1202
2.701226113,1444182,242
2.703694612,1445400,1218
2.703694612,1445626,226
2.706163511,1446860,1234
2.706163511,1447070,210
2.708639609,1448320,1250
2.708639609,1448514,194
2.711108108,1449780,1266
2.711108108,1449958,178
2.713576607,1451240,1282
2.713576607,1451402,162
2.716045106,1452700,1298
2.716045106,1452846,146
2.718609593,1454160,1314
2.718609593,1454290,130
2.721078092,1455620,1330
2.721078092,1455734,114
2.723546591,1457080,1346
2.723546591,1457178,98
2.726015090,1458540,1362
2.726015090,1458622,82
2.728483589,1460000,1378
2.728483589,1460066,66
2.731055995,1461460,1394
2.731055995,1461510,50
2.733522894,1462920,1410
2.733522894,1462954,34
2.735989793,1464380,1426
2.735989793,1464398,18
2.738456692,1465840,1442
2.738456692,1465842,2
2.740923671,1467294,1452
2.743392170,1467300,6
2.743392170,1468739,1439
2.745860669,1468760,21
2.745860669,1470184,1424
2.748329168,1470220,36
2.748329168,1471629,1409
2.750893655,1471680,51
2.750893655,1473074,1394
2.752955493,1473140,66
2.752955493,1474518,1378
2.755023211,1474600,82
2.755023211,1475962,1362
2.757084649,1476060,98
2.757084649,1477406,1346
2.759146087,1477520,114
2.759146087,1478850,1330
2.761287684,1478980,130
2.761287684,1480294,1314
2.763349122,1480440,146
2.763349122,1481738,1298
2.765410560,1481900,162
2.765410560,1483182,1282
2.767471998,1483360,178
2.767471998,1484626,1266
2.769533436,1484820,194
2.769533436,1486070,1250
2.771675433,1486280,210
2.771675433,1487514,1234
2.773743151,1487740,226
2.773743151,1488958,1218
2.775804589,1489200,242
2.775804589,1490402,1202
2.777866027,1490660,258
2.777866027,1491846,1186
2.779927465,1492120,274
2.779927465,1493290,1170
2.781988903,1493580,290
2.781988903,1494734,1154
2.784050341,1495040,306
2.784050341,1496178,1138
2.786111779,1496500,322
2.786111779,1497622,1122
2.788253376,1497960,338
2.788253376,1499066,1106
2.790314814,1499420,354
2.790314814,1500510,1090
2.792376652,1500880,370
2.792376652,1501954,1074
2.794444370,1502340,386
2.794444370,1503398,1058
2.796505808,1503800,402
2.796505808,1504842,1042
2.798647405,1505260,418
2.798647405,1506286,1026
2.800708843,1506720,434
2.800708843,1507730,1010
2.802770281,1508180,450
2.802770281,1509174,994
2.804831719,1509640,466
2.804831719,1510618,978
2.806893157,1511100,482
2.806893157,1512062,962
2.808954595,1512560,498
2.808954595,1513506,946
2.811016033,1514020,514
2.811016033,1514950,930
2.813077871,1515480,530
2.813077871,1516394,914
2.815225748,1516940,546
2.815225748,1517838,898
2.817287186,1518400,562
2.817287186,1519282,882
2.819348624,1519860,578
2.819348624,1520726,866
2.821410062,1521320,594
2.821410062,1522170,850
2.823471500,1522780,610
2.823471500,1523614,834
2.825613097,1524240,626
2.825613097,1525058,818
2.827674535,1525700,642
2.827674535,1526502,802
2.829735973,1527160,658
2.829735973,1527946,786
2.831797811,1528620,674
2.831797811,1529390,770
2.833865529,1530080,690
2.833865529,1530834,754
2.835926967,1531540,706
2.835926967,1532278,738
2.837988405,1533000,722
2.837988405,1533722,722
2.840049843,1534460,738
2.840049843,1535166,706
2.842191440,1535920,754
2.842191440,1536610,690
2.844252878,1537380,770
2.844252878,1538054,674
2.846314316,1538840,786
2.846314316,1539498,658
2.848375754,1540300,802
2.848375754,1540942,642
2.850437192,1541760,818
2.850437192,1542386,626
2.852746465,1543220,834
2.852746465,1543830,610
2.854962391,1544680,850
2.854962391,1545274,594
2.857178317,1546140,866
2.857178317,1546718,578
2.859394243,1547600,882
2.859394243,1548162,562
2.861610169,1549060,898
2.861610169,1549606,546
2.863912261,1550520,914
2.863912261,1551050,530
2.866128187,1551980,930
2.866128187,1552494,514
2.868344113,1553440,946
2.868344113,1553938,498
2.870560039,1554900,962
2.870560039,1555382,482
2.872776365,1556360,978
2.872776365,1556826,466
2.874999072,1557820,994
2.874999072,1558270,450
2.877214998,1559280,1010
2.877214998,1559714,434
2.879430924,1560740,1026
2.879430924,1561158,418
2.881733016,1562200,1042
2.881733016,1562602,402
2.883948942,1563660,1058
2.883948942,1564046,386
2.886164868,1565120,1074
2.886164868,1565490,370
2.888380794,1566580,1090
2.888380794,1566934,354
2.890596720,1568040,1106
2.890596720,1568378,338
2.892812646,1569500,1122
2.892812646,1569822,322
2.895121919,1570960,1138
2.895121919,1571266,306
2.897337845,1572420,1154
2.897337845,1572710,290
2.899553771,1573880,1170
2.899553771,1574154,274
2.901769697,1575340,1186
2.901769697,1575598,258
2.903985623,1576800,1202
2.903985623,1577042,242
2.906201549,1578260,1218
2.906201549,1578486,226
2.908417475,1579720,1234
2.908417475,1579930,210
2.910633401,1581180,1250
2.910633401,1581374,194
2.912935493,1582640,1266
2.912935493,1582818,178
2.915151819,1584100,1282
2.915151819,1584262,162
2.917374526,1585560,1298
2.917374526,1585706,146
2.919590452,1587020,1314
2.919590452,1587150,130
2.921806378,1588480,1330
2.921806378,1588594,114
2.924108470,1589940,1346
2.924108470,1590038,98
2.926324396,1591400,1362
2.926324396,1591482,82
2.928540322,1592860,1378
2.928540322,1592926,66
2.930756168,1594320,1394
2.930756168,1594370,50
2.932970658,1595780,1410
2.932970658,1595814,34
2.935185148,1597240,1426
2.935185148,1597258,18
2.937400038,1598700,1442
2.937400038,1598702,2
2.939621389,1600154,1452
2.941923481,1600160,6
2.941923481,1601599,1439
2.944139407,1601620,21
2.944139407,1603044,1424
2.946355333,1603080,36
2.946355333,1604489,1409
2.948571259,1604540,51
2.948571259,1605934,1394
2.950787185,1606000,66
2.950787185,1607378,1378
2.953074652,1607460,82
2.953074652,1608822,1362
2.955276500,1608920,98
2.955276500,1610266,1346
2.957478748,1610380,114
2.957478748,1611710,1330
2.959687331,1611840,130
2.959687331,1613154,1314
2.961889179,1613300,146
2.961889179,1614598,1298
2.964176646,1614760,162
2.964176646,1616042,1282
2.966378494,1616220,178
2.966378494,1617486,1266
2.968580342,1617680,194
2.968580342,1618930,1250
2.970782190,1619140,210
2.970782190,1620374,1234
2.972984038,1620600,226
2.972984038,1621818,1218
2.975185886,1622060,242
2.975185886,1623262,1202
2.977387734,1623520,258
2.977387734,1624706,1186
2.979589982,1624980,274
2.979589982,1626150,1170
2.981884184,1626440,290
2.981884184,1627594,1154
2.984086032,1627900,306
2.984086032,1629038,1138
2.986287880,1629360,322
2.986287880,1630482,1122
2.988489728,1630820,338
2.988489728,1631926,1106
2.990691576,1632280,354
2.990691576,1633370,1090
2.992979043,1633740,370
2.992979043,1634814,1074
2.995180891,1635200,386
2.995180891,1636258,1058
2.997382739,1636660,402
2.997382739,1637702,1042
2.999584987,1638120,418
2.999584987,1639146,1026
3.001793570,1639580,434
3.001793570,1640590,1010
3.003995418,1641040,450
3.003995418,1642034,994
3.006197266,1642500,466
3.006197266,1643478,978
3.008399114,1643960,482
3.008399114,1644922,962
3.010686581,1645420,498
3.010686581,1646366,946
3.012888429,1646880,514
3.012888429,1647810,930
3.015090277,1648340,530
3.015090277,1649254,914
3.017292125,1649800,546
3.017292125,1650698,898
3.019493973,1651260,562
3.019493973,1652142,882
3.021788575,1652720,578
3.021788575,1653586,866
3.023990423,1654180,594
3.023990423,1655030,850
3.026192271,1655640,610
3.026192271,1656474,834
3.028394119,1657100,626
3.028394119,1657918,818
3.030595967,1658560,642
3.030595967,1659362,802
3.032883434,1660020,658
3.032883434,1660806,786
3.035085282,1661480,674
3.035085282,1662250,770
3.037287130,1662940,690
3.037287130,1663694,754
3.039488978,1664400,706
3.039488978,1665138,738
3.041691226,1665860,722
3.041691226,1666582,722
3.043899809,1667320,738
3.043899809,1668026,706
3.046101657,1668780,754
3.046101657,1669470,690
3.048303505,1670240,770
3.048303505,1670914,674
3.050590972,1671700,786
3.050590972,1672358,658
3.052778523,1673160,802
3.052778523,1673802,642
3.054966074,1674620,818
3.054966074,1675246,626
3.057153625,1676080,834
3.057153625,1676690,610
3.059341176,1677540,850
3.059341176,1678134,594
3.061614190,1679000,866
3.061614190,1679578,578
3.063808430,1680460,882
3.063808430,1681022,562
3.065995981,1681920,898
3.065995981,1682466,546
3.068183532,1683380,914
3.068183532,1683910,530
3.070371083,1684840,930
3.070371083,1685354,514
3.072558634,1686300,946
3.072558634,1686798,498
3.074746185,1687760,962
3.074746185,1688242,482
3.076933736,1689220,978
3.076933736,1689686,466
3.079206350,1690680,994
3.079206350,1691130,450
3.081393901,1692140,1010
3.081393901,1692574,434
3.083581852,1693600,1026
3.083581852,1694018,418
3.085776092,1695060,1042
3.085776092,1695462,402
3.087963643,1696520,1058
3.087963643,1696906,386
3.090236257,1697980,1074
3.090236257,1698350,370
3.092423808,1699440,1090
3.092423808,1699794,354
3.094611359,1700900,1106
3.094611359,1701238,338
3.096798910,1702360,1122
3.096798910,1702682,322
3.098986461,1703820,1138
3.098986461,1704126,306
3.101174012,1705280,1154
3.101174012,1705570,290
3.103361563,1706740,1170
3.103361563,1707014,274
3.105549514,1708200,1186
3.105549514,1708458,258
3.107828817,1709660,1202
3.107828817,1709902,242
3.110016368,1711120,1218
3.110016368,1711346,226
3.112203919,1712580,1234
3.112203919,1712790,210
3.114391470,1714040,1250
3.114391470,1714234,194
3.116579021,1715500,1266
3.116579021,1715678,178
3.118851635,1716960,1282
3.118851635,1717122,162
3.121039186,1718420,1298
3.121039186,1718566,146
3.123226737,1719880,1314
3.123226737,1720010,130
3.125414688,1721340,1330
3.125414688,1721454,114
3.127608928,1722800,1346
3.127608928,1722898,98
3.129881542,1724260,1362
3.129881542,1724342,82
3.132069093,1725720,1378
3.132069093,1725786,66
3.134256564,1727180,1394
3.134256564,1727230,50
3.136442698,1728640,1410
3.136442698,1728674,34
3.138628832,1730100,1426
3.138628832,1730118,18
3.140814966,1731560,1442
3.140814966,1731562,2
3.143001180,1733014,1452
3.145188731,1733020,6
3.145188731,1734459,1439
3.147468434,1734480,21
3.147468434,1735904,1424
3.149655985,1735940,36
3.149655985,1737349,1409
3.151843536,1737400,51
3.151843536,1738794,1394
3.154218903,1738860,66
3.154218903,1740238,1378
3.156594270,1740320,82
3.156594270,1741682,1362
3.159062003,1741780,98
3.159062003,1743126,1346
3.161437370,1743240,114
3.161437370,1744570,1330
3.163812737,1744700,130
3.163812737,1746014,1314
3.166188104,1746160,146
3.166188104,1747458,1298
3.168563871,1747620,162
3.168563871,1748902,1282
3.170946535,1749080,178
3.170946535,1750346,1266
3.173321902,1750540,194
3.173321902,1751790,1250
3.175697269,1752000,210
3.175697269,1753234,1234
3.178165002,1753460,226
3.178165002,1754678,1218
3.180540369,1754920,242
3.180540369,1756122,1202
3.182915736,1756380,258
3.182915736,1757566,1186
3.185291103,1757840,274
3.185291103,1759010,1170
3.187666470,1759300,290
3.187666470,1760454,1154
3.190134603,1760760,306
3.190134603,1761898,1138
3.192517267,1762220,322
3.192517267,1763342,1122
3.194892634,1763680,338
3.194892634,1764786,1106
3.197268001,1765140,354
3.197268001,1766230,1090
3.199643368,1766600,370
3.199643368,1767674,1074
3.202018735,1768060,386
3.202018735,1769118,1058
3.204394102,1769520,402
3.204394102,1770562,1042
3.206769469,1770980,418
3.206769469,1772006,1026
3.209237202,1772440,434
3.209237202,1773450,1010
3.211612569,1773900,450
3.211612569,1774894,994
3.213988336,1775360,466
3.213988336,1776338,978
3.216371000,1776820,482
3.216371000,1777782,962
3.218746367,1778280,498
3.218746367,1779226,946
3.221214100,1779740,514
3.221214100,1780670,930
3.223589467,1781200,530
3.223589467,1782114,914
3.225964834,1782660,546
3.225964834,1783558,898
3.228340201,1784120,562
3.228340201,1785002,882
3.230715568,1785580,578
3.230715568,1786446,866
3.233183301,1787040,594
3.233183301,1787890,850
3.235559068,1788500,610
3.235559068,1789334,834
3.237941732,1789960,626
3.237941732,1790778,818
3.240317099,1791420,642
3.240317099,1792222,802
3.242692466,1792880,658
3.242692466,1793666,786
3.245067833,1794340,674
3.245067833,1795110,770
3.247443200,1795800,690
3.247443200,1796554,754
3.249818567,1797260,706
3.249818567,1797998,738
3.252286300,1798720,722
3.252286300,1799442,722
3.254387601,1800180,738
3.254387601,1800886,706
3.256488902,1801640,754
3.256488902,1802330,690
3.258590603,1803100,770
3.258590603,1803774,674
3.260698314,1804560,786
3.260698314,1805218,658
3.262881324,1806020,802
3.262881324,1806662,642
3.264982625,1807480,818
3.264982625,1808106,626
3.267083926,1808940,834
3.267083926,1809550,610
3.269185227,1810400,850
3.269185227,1810994,594
3.271286528,1811860,866
3.271286528,1812438,578
3.273387829,1813320,882
3.273387829,1813882,562
3.275489130,1814780,898
3.275489130,1815326,546
3.277590431,1816240,914
3.277590431,1816770,530
3.279780250,1817700,930
3.279780250,1818214,514
3.281881551,1819160,946
3.281881551,1819658,498
3.283982852,1820620,962
3.283982852,1821102,482
3.286084153,1822080,978
3.286084153,1822546,466
3.288185454,1823540,994
3.288185454,1823990,450
3.290368464,1825000,1010
3.290368464,1825434,434
3.292469765,1826460,1026
3.292469765,1826878,418
3.294571066,1827920,1042
3.294571066,1828322,402
3.296672367,1829380,1058
3.296672367,1829766,386
3.298774068,1830840,1074
3.298774068,1831210,370
3.300881779,1832300,1090
3.300881779,1832654,354
3.302983080,1833760,1106
3.302983080,1834098,338
3.305084381,1835220,1122
3.305084381,1835542,322
3.307267391,1836680,1138
3.307267391,1836986,306
3.309368692,1838140,1154
3.309368692,1838430,290
3.311469993,1839600,1170
3.311469993,1839874,274
3.313571294,1841060,1186
3.313571294,1841318,258
3.315672595,1842520,1202
3.315672595,1842762,242
3.317856005,1843980,1218
3.317856005,1844206,226
3.319963716,1845440,1234
3.319963716,1845650,210
3.322065017,1846900,1250
3.322065017,1847094,194
3.324166318,1848360,1266
3.324166318,1848538,178
3.326267619,1849820,1282
3.326267619,1849982,162
3.328368920,1851280,1298
3.328368920,1851426,146
3.330551930,1852740,1314
3.330551930,1852870,130
3.332653231,1854200,1330
3.332653231,1854314,114
3.334754532,1855660,1346
3.334754532,1855758,98
3.336855833,1857120,1362
3.336855833,1857202,82
3.338957534,1858580,1378
3.338957534,1858646,66
3.341065165,1860040,1394
3.341065165,1860090,50
3.343165105,1861500,1410
3.343165105,1861534,34
3.345265045,1862960,1426
3.345265045,1862978,18
3.347446694,1864420,1442
3.347446694,1864422,2
3.349546714,1865874,1452
3.351648015,1865880,6
3.351648015,1867319,1439
3.353954795,1867340,21
3.353954795,1868764,1424
3.356261575,1868800,36
3.356261575,1870209,1409
3.358658454,1870260,51
3.358658454,1871654,1394
3.360972309,1871720,66
3.360972309,1873098,1378
3.363279089,1873180,82
3.363279089,1874542,1362
3.365585869,1874640,98
3.365585869,1875986,1346
3.367892649,1876100,114
3.367892649,1877430,1330
3.370199429,1877560,130
3.370199429,1878874,1314
3.372506209,1879020,146
3.372506209,1880318,1298
3.374812989,1880480,162
3.374812989,1881762,1282
3.377209468,1881940,178
3.377209468,1883206,1266
3.379516248,1883400,194
3.379516248,1884650,1250
3.381823428,1884860,210
3.381823428,1886094,1234
3.384137283,1886320,226
3.384137283,1887538,1218
3.386444063,1887780,242
3.386444063,1888982,1202
3.388840542,1889240,258
3.388840542,1890426,1186
3.391147322,1890700,274
3.391147322,1891870,1170
3.393454102,1892160,290
3.393454102,1893314,1154
3.395760882,1893620,306
3.395760882,1894758,1138
3.398067662,1895080,322
3.398067662,1896202,1122
3.400374442,1896540,338
3.400374442,1897646,1106
3.402681222,1898000,354
3.402681222,1899090,1090
3.404988402,1899460,370
3.404988402,1900534,1074
3.407391956,1900920,386
3.407391956,1901978,1058
3.409698736,1902380,402
3.409698736,1903422,1042
3.412005516,1903840,418
3.412005516,1904866,1026
3.414312296,1905300,434
3.414312296,1906310,1010
3.416619076,1906760,450
3.416619076,1907754,994
3.419015555,1908220,466
3.419015555,1909198,978
3.421322335,1909680,482
3.421322335,1910642,962
3.423629115,1911140,498
3.423629115,1912086,946
3.425936295,1912600,514
3.425936295,1913530,930
3.428250150,1914060,530
3.428250150,1914974,914
3.430646629,1915520,546
3.430646629,1916418,898
3.432953409,1916980,562
3.432953409,1917862,882
3.435260189,1918440,578
3.435260189,1919306,866
3.437566969,1919900,594
3.437566969,1920750,850
3.439873749,1921360,610
3.439873749,1922194,834
3.442180529,1922820,626
3.442180529,1923638,818
3.444487309,1924280,642
3.444487309,1925082,802
3.446794089,1925740,658
3.446794089,1926526,786
3.449198043,1927200,674
3.449198043,1927970,770
3.451504823,1928660,690
3.451504823,1929414,754
3.453685708,1930120,706
3.453685708,1930858,738
3.455866593,1931580,722
3.455866593,1932302,722
3.458047478,1933040,738
3.458047478,1933746,706
3.460313167,1934500,754
3.460313167,1935190,690
3.462494052,1935960,770
3.462494052,1936634,674
3.464674937,1937420,786
3.464674937,1938078,658
3.466855822,1938880,802
3.466855822,1939522,642
3.469037107,1940340,818
3.469037107,1940966,626
3.471224659,1941800,834
3.471224659,1942410,610
3.473405544,1943260,850
3.473405544,1943854,594
3.475586429,1944720,866
3.475586429,1945298,578
3.477852118,1946180,882
3.477852118,1946742,562
3.480033003,1947640,898
3.480033003,1948186,546
3.482213888,1949100,914
3.482213888,1949630,530
3.484394773,1950560,930
3.484394773,1951074,514
3.486575658,1952020,946
3.486575658,1952518,498
3.488841747,1953480,962
3.488841747,1953962,482
3.491029299,1954940,978
3.491029299,1955406,466
3.493210184,1956400,994
3.493210184,1956850,450
3.495391069,1957860,1010
3.495391069,1958294,434
3.497571954,1959320,1026
3.497571954,1959738,418
3.499837643,1960780,1042
3.499837643,1961182,402
3.502018528,1962240,1058
3.502018528,1962626,386
3.504199413,1963700,1074
3.504199413,1964070,370
3.506380298,1965160,1090
3.506380298,1965514,354
3.508561183,1966620,1106
3.508561183,1966958,338
3.510742468,1968080,1122
3.510742468,1968402,322
3.512930020,1969540,1138
3.512930020,1969846,306
3.515110905,1971000,1154
3.515110905,1971290,290
3.517376594,1972460,1170
3.517376594,1972734,274
3.519557479,1973920,1186
3.519557479,1974178,258
3.521738364,1975380,1202
3.521738364,1975622,242
3.523919249,1976840,1218
3.523919249,1977066,226
3.526100134,1978300,1234
3.526100134,1978510,210
3.528365823,1979760,1250
3.528365823,1979954,194
3.530547108,1981220,1266
3.530547108,1981398,178
3.532734660,1982680,1282
3.532734660,1982842,162
3.534915545,1984140,1298
3.534915545,1984286,146
3.537096430,1985600,1314
3.537096430,1985730,130
3.539277315,1987060,1330
3.539277315,1987174,114
3.541458200,1988520,1346
3.541458200,1988618,98
3.543639085,1989980,1362
3.543639085,1990062,82
3.545904774,1991440,1378
3.545904774,1991506,66
3.548085579,1992900,1394
3.548085579,1992950,50
3.550265051,1994360,1410
3.550265051,1994394,34
3.552538944,1995820,1426
3.552538944,1995838,18
3.554819409,1997280,1442
3.554819409,1997282,2
3.557181444,1998734,1452
3.559456411,1998740,6
3.559456411,2000179,1439
3.561731378,2000200,21
3.561731378,2001624,1424
3.564006345,2001660,36
3.564006345,2003069,1409
3.566281312,2003120,51
3.566281312,2004514,1394
3.568556279,2004580,66
3.568556279,2005958,1378
3.570831246,2006040,82
3.570831246,2007402,1362
3.573106213,2007500,98
3.573106213,2008846,1346
3.575477014,2008960,114
3.575477014,2010290,1330
3.577751981,2010420,130
3.577751981,2011734,1314
3.580026948,2011880,146
3.580026948,2013178,1298
3.582301915,2013340,162
3.582301915,2014622,1282
3.584576882,2014800,178
3.584576882,2016066,1266
3.586940311,2016260,194
3.586940311,2017510,1250
3.589215278,2017720,210
3.589215278,2018954,1234
3.591490245,2019180,226
3.591490245,2020398,1218
3.593765212,2020640,242
3.593765212,2021842,1202
3.596040579,2022100,258
3.596040579,2023286,1186
3.598410980,2023560,274
3.598410980,2024730,1170
3.600685947,2025020,290
3.600685947,2026174,1154
3.602960914,2026480,306
3.602960914,2027618,1138
3.605235881,2027940,322
3.605235881,2029062,1122
3.607510848,2029400,338
3.607510848,2030506,1106
3.609785815,2030860,354
3.609785815,2031950,1090
3.612060782,2032320,370
3.612060782,2033394,1074
3.614335749,2033780,386
3.614335749,2034838,1058
3.616699578,2035240,402
3.616699578,2036282,1042
3.618981517,2036700,418
3.618981517,2037726,1026
3.621256484,2038160,434
3.621256484,2039170,1010
3.623531451,2039620,450
3.623531451,2040614,994
3.625806418,2041080,466
3.625806418,2042058,978
3.628169847,2042540,482
3.628169847,2043502,962
3.630444814,2044000,498
3.630444814,2044946,946
3.632719781,2045460,514
3.632719781,2046390,930
3.634994748,2046920,530
3.634994748,2047834,914
3.637269715,2048380,546
3.637269715,2049278,898
3.639545082,2049840,562
3.639545082,2050722,882
3.641827021,2051300,578
3.641827021,2052166,866
3.644101988,2052760,594
3.644101988,2053610,850
3.646465417,2054220,610
3.646465417,2055054,834
3.648740384,2055680,626
3.648740384,2056498,818
3.651015351,2057140,642
3.651015351,2057942,802
3.653397099,2058600,658
3.653397099,2059386,786
3.655778847,2060060,674
3.655778847,2060830,770
3.658253210,2061520,690
3.658253210,2062274,754
3.660635358,2062980,706
3.660635358,2063718,738
3.663024424,2064440,722
3.663024424,2065162,722
3.665406172,2065900,738
3.665406172,2066606,706
3.667787920,2067360,754
3.667787920,2068050,690
3.670169668,2068820,770
3.670169668,2069494,674
3.672551416,2070280,786
3.672551416,2070938,658
3.674933164,2071740,802
3.674933164,2072382,642
3.677407527,2073200,818
3.677407527,2073826,626
3.679789275,2074660,834
3.679789275,2075270,610
3.682171023,2076120,850
3.682171023,2076714,594
3.684553171,2077580,866
3.684553171,2078158,578
3.686942237,2079040,882
3.686942237,2079602,562
3.689416600,2080500,898
3.689416600,2081046,546
3.691798348,2081960,914
3.691798348,2082490,530
3.694180096,2083420,930
3.694180096,2083934,514
3.696561844,2084880,946
3.696561844,2085378,498
3.698943592,2086340,962
3.698943592,2086822,482
3.701417955,2087800,978
3.701417955,2088266,466
3.703799703,2089260,994
3.703799703,2089710,450
3.706181851,2090720,1010
3.706181851,2091154,434
3.708570917,2092180,1026
3.708570917,2092598,418
3.710952665,2093640,1042
3.710952665,2094042,402
3.713334413,2095100,1058
3.713334413,2095486,386
3.715716161,2096560,1074
3.715716161,2096930,370
3.718097909,2098020,1090
3.718097909,2098374,354
3.720572272,2099480,1106
3.720572272,2099818,338
3.722954020,2100940,1122
3.722954020,2101262,322
3.725335768,2102400,1138
3.725335768,2102706,306
3.727717516,2103860,1154
3.727717516,2104150,290
3.730099664,2105320,1170
3.730099664,2105594,274
3.732581345,2106780,1186
3.732581345,2107038,258
3.734963093,2108240,1202
3.734963093,2108482,242
3.737344841,2109700,1218
3.737344841,2109926,226
3.739726589,2111160,1234
3.739726589,2111370,210
3.742108337,2112620,1250
3.742108337,2112814,194
3.744490085,2114080,1266
3.744490085,2114258,178
3.746871833,2115540,1282
3.746871833,2115702,162
3.749253581,2117000,1298
3.749253581,2117146,146
3.751728344,2118460,1314
3.751728344,2118590,130
3.753845933,2119920,1330
3.753845933,2120034,114
3.755957081,2121380,1346
3.755957081,2121478,98
3.758068229,2122840,1362
3.758068229,2122922,82
3.760179377,2124300,1378
3.760179377,2124366,66
3.762372537,2125760,1394
3.762372537,2125810,50
3.764482317,2127220,1410
3.764482317,2127254,34
3.766592097,2128680,1426
3.766592097,2128698,18
3.768701877,2130140,1442
3.768701877,2130142,2
3.770811737,2131594,1452
3.772923285,2131600,6
3.772923285,2133039,1439
3.775040874,2133060,21
3.775040874,2134484,1424
3.777152022,2134520,36
3.777152022,2135929,1409
3.779263170,2135980,51
3.779263170,2137374,1394
3.781456410,2137440,66
3.781456410,2138818,1378
3.783567558,2138900,82
3.783567558,2140262,1362
3.785678706,2140360,98
3.785678706,2141706,1346
3.787789854,2141820,114
3.787789854,2143150,1330
3.789901002,2143280,130
3.789901002,2144594,1314
3.792094642,2144740,146
3.792094642,2146038,1298
3.794212231,2146200,162
3.794212231,2147482,1282
3.796323379,2147660,178
3.796323379,2148926,1266
3.798434527,2149120,194
3.798434527,2150370,1250
3.800545675,2150580,210
3.800545675,2151814,1234
3.802738915,2152040,226
3.802738915,2153258,1218
3.804850063,2153500,242
3.804850063,2154702,1202
3.806961211,2154960,258
3.806961211,2156146,1186
3.809072359,2156420,274
3.809072359,2157590,1170
3.811183507,2157880,290
3.811183507,2159034,1154
3.813295055,2159340,306
3.813295055,2160478,1138
3.815412644,2160800,322
3.815412644,2161922,1122
3.817523792,2162260,338
3.817523792,2163366,1106
3.819717032,2163720,354
3.819717032,2164810,1090
3.821828180,2165180,370
3.821828180,2166254,1074
3.823939328,2166640,386
3.823939328,2167698,1058
3.826050476,2168100,402
3.826050476,2169142,1042
3.828161624,2169560,418
3.828161624,2170586,1026
3.830354864,2171020,434
3.830354864,2172030,1010
3.832466412,2172480,450
3.832466412,2173474,994
3.834584001,2173940,466
3.834584001,2174918,978
3.836695149,2175400,482
3.836695149,2176362,962
3.838806297,2176860,498
3.838806297,2177806,946
3.840917445,2178320,514
3.840917445,2179250,930
3.843028593,2179780,530
3.843028593,2180694,914
3.845139741,2181240,546
3.845139741,2182138,898
3.847332981,2182700,562
3.847332981,2183582,882
3.849444129,2184160,578
3.849444129,2185026,866
3.851555277,2185620,594
3.851555277,2186470,850
3.853808914,2187080,610
3.853808914,2187914,834
3.856069052,2188540,626
3.856069052,2189358,818
3.858409906,2190000,642
3.858409906,2190802,802
3.860663143,2191460,658
3.860663143,2192246,786
3.862916380,2192920,674
3.862916380,2193690,770
3.865169617,2194380,690
3.865169617,2195134,754
3.867422854,2195840,706
3.867422854,2196578,738
3.869763708,2197300,722
3.869763708,2198022,722
3.872016945,2198760,738
3.872016945,2199466,706
3.874270582,2200220,754
3.874270582,2200910,690
3.876530720,2201680,770
3.876530720,2202354,674
3.878783957,2203140,786
3.878783957,2203798,658
3.881037194,2204600,802
3.881037194,2205242,642
3.883290431,2206060,818
3.883290431,2206686,626
3.885543668,2207520,834
3.885543668,2208130,610
3.887884522,2208980,850
3.887884522,2209574,594
3.890137759,2210440,866
3.890137759,2211018,578
3.892390996,2211900,882
3.892390996,2212462,562
3.894644233,2213360,898
3.894644233,2213906,546
3.896897870,2214820,914
3.896897870,2215350,530
3.899245625,2216280,930
3.899245625,2216794,514
3.901498862,2217740,946
3.901498862,2218238,498
3.903752099,2219200,962
3.903752099,2219682,482
3.906005336,2220660,978
3.906005336,2221126,466
3.908258573,2222120,994
3.908258573,2222570,450
3.910511810,2223580,1010
3.910511810,2224014,434
3.912765047,2225040,1026
3.912765047,2225458,418
3.915018284,2226500,1042
3.915018284,2226902,402
3.917359538,2227960,1058
3.917359538,2228346,386
3.919619676,2229420,1074
3.919619676,2229790,370
3.921872913,2230880,1090
3.921872913,2231234,354
3.924126150,2232340,1106
3.924126150,2232678,338
3.926379387,2233800,1122
3.926379387,2234122,322
3.928720241,2235260,1138
3.928720241,2235566,306
3.930973478,2236720,1154
3.930973478,2237010,290
3.933226715,2238180,1170
3.933226715,2238454,274
3.935479952,2239640,1186
3.935479952,2239898,258
3.937733189,2241100,1202
3.937733189,2241342,242
3.939986826,2242560,1218
3.939986826,2242786,226
3.942246964,2244020,1234
3.942246964,2244230,210
3.944500201,2245480,1250
3.944500201,2245674,194
3.946841055,2246940,1266
3.946841055,2247118,178
3.949094292,2248400,1282
3.949094292,2248562,162
3.951347529,2249860,1298
3.951347529,2250006,146
3.953620081,2251320,1314
3.953620081,2251450,130
3.955892633,2252780,1330
3.955892633,2252894,114
3.958253553,2254240,1346
3.958253553,2254338,98
3.960526505,2255700,1362
3.960526505,2255782,82
3.962806021,2257160,1378
3.962806021,2257226,66
3.965078493,2258620,1394
3.965078493,2258670,50
3.967349572,2260080,1410
3.967349572,2260114,34
3.969709019,2261540,1426
3.969709019,2261558,18
3.971980098,2263000,1442
3.971980098,2263002,2
3.974251257,2264454,1452
3.976523809,2264460,6
3.976523809,2265899,1439
3.978796361,2265920,21
3.978796361,2267344,1424
3.981068913,2267380,36
3.981068913,2268789,1409
3.983341865,2268840,51
3.983341865,2270234,1394
3.985621381,2270300,66
3.985621381,2271678,1378
3.987982301,2271760,82
3.987982301,2273122,1362
3.990254853,2273220,98
3.990254853,2274566,1346
3.992527405,2274680,114
3.992527405,2276010,1330
3.994799957,2276140,130
3.994799957,2277454,1314
3.997072509,2277600,146
3.997072509,2278898,1298
3.999433429,2279060,162
3.999433429,2280342,1282
4.001705981,2280520,178
4.001705981,2281786,1266
4.003978933,2281980,194
4.003978933,2283230,1250
4.006258449,2283440,210
4.006258449,2284674,1234
4.008531001,2284900,226
4.008531001,2286118,1218
4.010803553,2286360,242
4.010803553,2287562,1202
4.013076105,2287820,258
4.013076105,2289006,1186
4.015348657,2289280,274
4.015348657,2290450,1170
4.017709577,2290740,290
4.017709577,2291894,1154
4.019982129,2292200,306
4.019982129,2293338,1138
4.022254681,2293660,322
4.022254681,2294782,1122
4.024527233,2295120,338
4.024527233,2296226,1106
4.026800185,2296580,354
4.026800185,2297670,1090
4.029168069,2298040,370
4.029168069,2299114,1074
4.031440621,2299500,386
4.031440621,2300558,1058
4.033713173,2300960,402
4.033713173,2302002,1042
4.035985725,2302420,418
4.035985725,2303446,1026
4.038258277,2303880,434
4.038258277,2304890,1010
4.040530829,2305340,450
4.040530829,2306334,994
4.042803381,2306800,466
4.042803381,2307778,978
4.045075933,2308260,482
4.045075933,2309222,962
4.047437253,2309720,498
4.047437253,2310666,946
4.049716769,2311180,514
4.049716769,2312110,930
4.051989321,2312640,530
4.051989321,2313554,914
4.054090145,2314100,546
4.054090145,2314998,898
4.056190969,2315560,562
4.056190969,2316442,882
4.058373484,2317020,578
4.058373484,2317886,866
4.060474308,2318480,594
4.060474308,2319330,850
4.062575132,2319940,610
4.062575132,2320774,834
4.064675956,2321400,626
4.064675956,2322218,818
4.066776780,2322860,642
4.066776780,2323662,802
4.068966102,2324320,658
4.068966102,2325106,786
4.071066926,2325780,674
4.071066926,2326550,770
4.073167750,2327240,690
4.073167750,2327994,754
4.075268574,2328700,706
4.075268574,2329438,738
4.077369398,2330160,722
4.077369398,2330882,722
4.079470222,2331620,738
4.079470222,2332326,706
4.081571046,2333080,754
4.081571046,2333770,690
4.083671870,2334540,770
4.083671870,2335214,674
4.085854385,2336000,786
4.085854385,2336658,658
4.087955609,2337460,802
4.087955609,2338102,642
4.090062840,2338920,818
4.090062840,2339546,626
4.092163664,2340380,834
4.092163664,2340990,610
4.094264488,2341840,850
4.094264488,2342434,594
4.096447003,2343300,866
4.096447003,2343878,578
4.098547827,2344760,882
4.098547827,2345322,562
4.100648651,2346220,898
4.100648651,2346766,546
4.102749475,2347680,914
4.102749475,2348210,530
4.104850299,2349140,930
4.104850299,2349654,514
4.106951123,2350600,946
4.106951123,2351098,498
4.109052347,2352060,962
4.109052347,2352542,482
4.111159578,2353520,978
4.111159578,2353986,466
4.113342093,2354980,994
4.113342093,2355430,450
4.115442917,2356440,1010
4.115442917,2356874,434
4.117543741,2357900,1026
4.117543741,2358318,418
4.119644565,2359360,1042
4.119644565,2359762,402
4.121745389,2360820,1058
4.121745389,2361206,386
4.123927904,2362280,1074
4.123927904,2362650,370
4.126028728,2363740,1090
4.126028728,2364094,354
4.128129952,2365200,1106
4.128129952,2365538,338
4.130237183,2366660,1122
4.130237183,2366982,322
4.132338007,2368120,1138
4.132338007,2368426,306
4.134438831,2369580,1154
4.134438831,2369870,290
4.136539655,2371040,1170
4.136539655,2371314,274
4.138640479,2372500,1186
4.138640479,2372758,258
4.140822994,2373960,1202
4.140822994,2374202,242
4.142923818,2375420,1218
4.142923818,2375646,226
4.145024642,2376880,1234
4.145024642,2377090,210
4.147125466,2378340,1250
4.147125466,2378534,194
4.149226690,2379800,1266
4.149226690,2379978,178
4.151415612,2381260,1282
4.151415612,2381422,162
4.153655758,2382720,1298
4.153655758,2382866,146
4.155895904,2384180,1314
4.155895904,2384310,130
4.158136050,2385640,1330
4.158136050,2385754,114
4.160376196,2387100,1346
4.160376196,2387198,98
4.162703450,2388560,1362
4.162703450,2388642,82
4.164943596,2390020,1378
4.164943596,2390086,66
4.167183662,2391480,1394
4.167183662,2391530,50
4.169422756,2392940,1410
4.169422756,2392974,34
4.171668309,2394400,1426
4.171668309,2394418,18
4.173907003,2395860,1442
4.173907003,2395862,2
4.176145777,2397314,1452
4.178385923,2397320,6
4.178385923,2398759,1439
4.180713177,2398780,21
4.180713177,2400204,1424
4.182953323,2400240,36
4.182953323,2401649,1409
4.185193469,2401700,51
4.185193469,2403094,1394
4.187433615,2403160,66
4.187433615,2404538,1378
4.189673761,2404620,82
4.189673761,2405982,1362
4.192008274,2406080,98
4.192008274,2407426,1346
4.194248420,2407540,114
4.194248420,2408870,1330
4.196488566,2409000,130
4.196488566,2410314,1314
4.198728712,2410460,146
4.198728712,2411758,1298
4.200968858,2411920,162
4.200968858,2413202,1282
4.203209004,2413380,178
4.203209004,2414646,1266
4.205449150,2414840,194
4.205449150,2416090,1250
4.207689296,2416300,210
4.207689296,2417534,1234
4.210016550,2417760,226
4.210016550,2418978,1218
4.212257096,2419220,242
4.212257096,2420422,1202
4.214504101,2420680,258
4.214504101,2421866,1186
4.216744247,2422140,274
4.216744247,2423310,1170
4.218984393,2423600,290
4.218984393,2424754,1154
4.221311647,2425060,306
4.221311647,2426198,1138
4.223551793,2426520,322
4.223551793,2427642,1122
4.225791939,2427980,338
4.225791939,2429086,1106
4.228032085,2429440,354
4.228032085,2430530,1090
4.230272231,2430900,370
4.230272231,2431974,1074
4.232512377,2432360,386
4.232512377,2433418,1058
4.234752923,2433820,402
4.234752923,2434862,1042
4.236999928,2435280,418
4.236999928,2436306,1026
4.239240074,2436740,434
4.239240074,2437750,1010
4.241567328,2438200,450
4.241567328,2439194,994
4.243807474,2439660,466
4.243807474,2440638,978
4.246047620,2441120,482
4.246047620,2442082,962
4.248287766,2442580,498
4.248287766,2443526,946
4.250527912,2444040,514
4.250527912,2444970,930
4.252991373,2445500,530
4.252991373,2446414,914
4.255363028,2446960,546
4.255363028,2447858,898
4.257741566,2448420,562
4.257741566,2449302,882
4.260112821,2449880,578
4.260112821,2450746,866
4.262484076,2451340,594
4.262484076,2452190,850
4.264947537,2452800,610
4.264947537,2453634,834
4.267318792,2454260,626
4.267318792,2455078,818
4.269690047,2455720,642
4.269690047,2456522,802
4.272061302,2457180,658
4.272061302,2457966,786
4.274432557,2458640,674
4.274432557,2459410,770
4.276803812,2460100,690
4.276803812,2460854,754
4.279175467,2461560,706
4.279175467,2462298,738
4.281554005,2463020,722
4.281554005,2463742,722
4.284017466,2464480,738
4.284017466,2465186,706
4.286388721,2465940,754
4.286388721,2466630,690
4.288759976,2467400,770
4.288759976,2468074,674
4.291131231,2468860,786
4.291131231,2469518,658
4.293502486,2470320,802
4.293502486,2470962,642
4.295965947,2471780,818
4.295965947,2472406,626
4.298337202,2473240,834
4.298337202,2473850,610
4.300708857,2474700,850
4.300708857,2475294,594
4.303087395,2476160,866
4.303087395,2476738,578
4.305458650,2477620,882
4.305458650,2478182,562
4.307829905,2479080,898
4.307829905,2479626,546
4.310201160,2480540,914
4.310201160,2481070,530
4.312572415,2482000,930
4.312572415,2482514,514
4.315035876,2483460,946
4.315035876,2483958,498
4.317407131,2484920,962
4.317407131,2485402,482
4.319778386,2486380,978
4.319778386,2486846,466
4.322149641,2487840,994
4.322149641,2488290,450
4.324521296,2489300,1010
4.324521296,2489734,434
4.326992040,2490760,1026
4.326992040,2491178,418
4.329363295,2492220,1042
4.329363295,2492622,402
4.331734550,2493680,1058
4.331734550,2494066,386
4.334105805,2495140,1074
4.334105805,2495510,370
4.336477060,2496600,1090
4.336477060,2496954,354
4.338940521,2498060,1106
4.338940521,2498398,338
4.341311776,2499520,1122
4.341311776,2499842,322
4.343683031,2500980,1138
4.343683031,2501286,306
4.346054686,2502440,1154
4.346054686,2502730,290
4.348433224,2503900,1170
4.348433224,2504174,274
4.350804479,2505360,1186
4.350804479,2505618,258
4.353152906,2506820,1202
4.353152906,2507062,242
4.355501333,2508280,1218
4.355501333,2508506,226
4.357941079,2509740,1234
4.357941079,2509950,210
4.360289506,2511200,1250
4.360289506,2511394,194
4.362637933,2512660,1266
4.362637933,2512838,178
4.364986360,2514120,1282
4.364986360,2514282,162
4.367334787,2515580,1298
4.367334787,2515726,146
4.369782143,2517040,1314
4.369782143,2517170,130
4.372130570,2518500,1330
4.372130570,2518614,114
4.374478997,2519960,1346
4.374478997,2520058,98
4.376827424,2521420,1362
4.376827424,2521502,82
4.379175851,2522880,1378
4.379175851,2522946,66
4.381524198,2524340,1394
4.381524198,2524390,50
4.383871103,2525800,1410
4.383871103,2525834,34
4.386218008,2527260,1426
4.386218008,2527278,18
4.388656232,2528720,1442
4.388656232,2528722,2
4.391003617,2530174,1452
4.393359254,2530180,6
4.393359254,2531619,1439
4.395707681,2531640,21
4.395707681,2533064,1424
4.398056108,2533100,36
4.398056108,2534509,1409
4.400495854,2534560,51
4.400495854,2535954,1394
4.402844281,2536020,66
4.402844281,2537398,1378
4.405192708,2537480,82
4.405192708,2538842,1362
4.407541135,2538940,98
4.407541135,2540286,1346
4.409889562,2540400,114
4.409889562,2541730,1330
4.412237989,2541860,130
4.412237989,2543174,1314
4.414586816,2543320,146
4.414586816,2544618,1298
4.416942453,2544780,162
4.416942453,2546062,1282
4.419290880,2546240,178
4.419290880,2547506,1266
4.421730626,2547700,194
4.421730626,2548950,1250
4.424079053,2549160,210
4.424079053,2550394,1234
4.426427480,2550620,226
4.426427480,2551838,1218
4.428775907,2552080,242
4.428775907,2553282,1202
4.431124334,2553540,258
4.431124334,2554726,1186
4.433564080,2555000,274
4.433564080,2556170,1170
4.435912907,2556460,290
4.435912907,2557614,1154
4.438268544,2557920,306
4.438268544,2559058,1138
4.440616971,2559380,322
4.440616971,2560502,1122
4.442965398,2560840,338
4.442965398,2561946,1106
4.445405144,2562300,354
4.445405144,2563390,1090
4.447753571,2563760,370
4.447753571,2564834,1074
4.450101998,2565220,386
4.450101998,2566278,1058
4.452171861,2566680,402
4.452171861,2567722,1042
4.454234120,2568140,418
4.454234120,2569166,1026
4.456296379,2569600,434
4.456296379,2570610,1010
4.458359038,2571060,450
4.458359038,2572054,994
4.460427580,2572520,466
4.460427580,2573498,978
4.462570030,2573980,482
4.462570030,2574942,962
4.464632289,2575440,498
4.464632289,2576386,946
4.466694548,2576900,514
4.466694548,2577830,930
4.468756807,2578360,530
4.468756807,2579274,914
4.470819066,2579820,546
4.470819066,2580718,898
4.472961516,2581280,562
4.472961516,2582162,882
4.475023775,2582740,578
4.475023775,2583606,866
4.477086434,2584200,594
4.477086434,2585050,850
4.479154976,2585660,610
4.479154976,2586494,834
4.481217235,2587120,626
4.481217235,2587938,818
4.483279494,2588580,642
4.483279494,2589382,802
4.485341753,2590040,658
4.485341753,2590826,786
4.487404012,2591500,674
4.487404012,2592270,770
4.489546462,2592960,690
4.489546462,2593714,754
4.491608721,2594420,706
4.491608721,2595158,738
4.493670980,2595880,722
4.493670980,2596602,722
4.495733239,2597340,738
4.495733239,2598046,706
4.497795898,2598800,754
4.497795898,2599490,690
4.499944631,2600260,770
4.499944631,2600934,674
4.502006890,2601720,786
4.502006890,2602378,658
4.504069149,2603180,802
4.504069149,2603822,642
4.506131408,2604640,818
4.506131408,2605266,626
4.508193667,2606100,834
4.508193667,2606710,610
4.510255926,2607560,850
4.510255926,2608154,594
4.512318185,2609020,866
4.512318185,2609598,578
4.514460635,2610480,882
4.514460635,2611042,562
4.516523294,2611940,898
4.516523294,2612486,546
4.518591836,2613400,914
4.518591836,2613930,530
4.520654095,2614860,930
4.520654095,2615374,514
4.522716354,2616320,946
4.522716354,2616818,498
4.524778613,2617780,962
4.524778613,2618262,482
4.526921063,2619240,978
4.526921063,2619706,466
4.528983322,2620700,994
4.528983322,2621150,450
4.531045581,2622160,1010
4.531045581,2622594,434
4.533107840,2623620,1026
4.533107840,2624038,418
4.535170099,2625080,1042
4.535170099,2625482,402
4.537319232,2626540,1058
4.537319232,2626926,386
4.539381491,2628000,1074
4.539381491,2628370,370
4.541443750,2629460,1090
4.541443750,2629814,354
4.543506009,2630920,1106
4.543506009,2631258,338
4.545568268,2632380,1122
4.545568268,2632702,322
4.547630527,2633840,1138
4.547630527,2634146,306
4.549692786,2635300,1154
4.549692786,2635590,290
4.551755045,2636760,1170
4.551755045,2637034,274
4.554151491,2638220,1186
4.554151491,2638478,258
4.556458639,2639680,1202
4.556458639,2639922,242
4.558772461,2641140,1218
4.558772461,2641366,226
4.561079209,2642600,1234
4.561079209,2642810,210
4.563385957,2644060,1250
4.563385957,2644254,194
4.565782403,2645520,1266
4.565782403,2645698,178
4.568089151,2646980,1282
4.568089151,2647142,162
4.570395899,2648440,1298
4.570395899,2648586,146
4.572702647,2649900,1314
4.572702647,2650030,130
4.575009395,2651360,1330
4.575009395,2651474,114
4.577316143,2652820,1346
4.577316143,2652918,98
4.579623291,2654280,1362
4.579623291,2654362,82
4.581937113,2655740,1378
4.581937113,2655806,66
4.584333479,2657200,1394
4.584333479,2657250,50
4.586638732,2658660,1410
4.586638732,2658694,34
4.588943985,2660120,1426
4.588943985,2660138,18
4.591249238,2661580,1442
4.591249238,2661582,2
4.593554571,2663034,1452
4.595951017,2663040,6
4.595951017,2664479,1439
4.598257765,2664500,21
4.598257765,2665924,1424
4.600564913,2665960,36
4.600564913,2667369,1409
4.602878735,2667420,51
4.602878735,2668814,1394
4.605185483,2668880,66
4.605185483,2670258,1378
4.607492231,2670340,82
4.607492231,2671702,1362
4.609798979,2671800,98
4.609798979,2673146,1346
4.612195425,2673260,114
4.612195425,2674590,1330
4.614502173,2674720,130
4.614502173,2676034,1314
4.616808921,2676180,146
4.616808921,2677478,1298
4.619115669,2677640,162
4.619115669,2678922,1282
4.621422417,2679100,178
4.621422417,2680366,1266
4.623729565,2680560,194
4.623729565,2681810,1250
4.626133085,2682020,210
4.626133085,2683254,1234
4.628439833,2683480,226
4.628439833,2684698,1218
4.630746581,2684940,242
4.630746581,2686142,1202
4.633053329,2686400,258
4.633053329,2687586,1186
4.635360077,2687860,274
4.635360077,2689030,1170
4.637756523,2689320,290
4.637756523,2690474,1154
4.640063271,2690780,306
4.640063271,2691918,1138
4.642370019,2692240,322
4.642370019,2693362,1122
4.644677167,2693700,338
4.644677167,2694806,1106
4.646990989,2695160,354
4.646990989,2696250,1090
4.649297737,2696620,370
4.649297737,2697694,1074
4.651604485,2698080,386
4.651604485,2699138,1058
4.653688140,2699540,402
4.653688140,2700582,1042
4.655852818,2701000,418
4.655852818,2702026,1026
4.657936473,2702460,434
4.657936473,2703470,1010
4.660020128,2703920,450
4.660020128,2704914,994
4.662103783,2705380,466
4.662103783,2706358,978
4.664187438,2706840,482
4.664187438,2707802,962
4.666358868,2708300,498
4.666358868,2709246,946
4.668442523,2709760,514
4.668442523,2710690,930
4.670526178,2711220,530
4.670526178,2712134,914
4.672609833,2712680,546
4.672609833,2713578,898
4.674693488,2714140,562
4.674693488,2715022,882
4.676777143,2715600,578
4.676777143,2716466,866
4.678860798,2717060,594
4.678860798,2717910,850
4.680944453,2718520,610
4.680944453,2719354,834
4.683109131,2719980,626
4.683109131,2720798,818
4.685193186,2721440,642
4.685193186,2722242,802
4.687283193,2722900,658
4.687283193,2723686,786
4.689366848,2724360,674
4.689366848,2725130,770
4.691450503,2725820,690
4.691450503,2726574,754
4.693534158,2727280,706
4.693534158,2728018,738
4.695698836,2728740,722
4.695698836,2729462,722
4.697782491,2730200,738
4.697782491,2730906,706
4.699866146,2731660,754
4.699866146,2732350,690
4.701949801,2733120,770
4.701949801,2733794,674
4.704033456,2734580,786
4.704033456,2735238,658
4.706204886,2736040,802
4.706204886,2736682,642
4.708288541,2737500,818
4.708288541,2738126,626
4.710372196,2738960,834
4.710372196,2739570,610
4.712455851,2740420,850
4.712455851,2741014,594
4.714539506,2741880,866
4.714539506,2742458,578
4.716623161,2743340,882
4.716623161,2743902,562
4.718706816,2744800,898
4.718706816,2745346,546
4.720790471,2746260,914
4.720790471,2746790,530
4.722955149,2747720,930
4.722955149,2748234,514
4.725039204,2749180,946
4.725039204,2749678,498
4.727129211,2750640,962
4.727129211,2751122,482
4.729212866,2752100,978
4.729212866,2752566,466
4.731296521,2753560,994
4.731296521,2754010,450
4.733461199,2755020,1010
4.733461199,2755454,434
4.735544854,2756480,1026
4.735544854,2756898,418
4.737628509,2757940,1042
4.737628509,2758342,402
4.739712164,2759400,1058
4.739712164,2759786,386
4.741795819,2760860,1074
4.741795819,2761230,370
4.743879474,2762320,1090
4.743879474,2762674,354
4.745963529,2763780,1106
4.745963529,2764118,338
4.748053536,2765240,1122
4.748053536,2765562,322
4.750218214,2766700,1138
4.750218214,2767006,306
4.752605550,2768160,1154
4.752605550,2768450,290
4.754992886,2769620,1170
4.754992886,2769894,274
4.757380222,2771080,1186
4.757380222,2771338,258
4.759767558,2772540,1202
4.759767558,2772782,242
4.762247726,2774000,1218
4.762247726,2774226,226
4.764635062,2775460,1234
4.764635062,2775670,210
4.767022798,2776920,1250
4.767022798,2777114,194
4.769417470,2778380,1266
4.769417470,2778558,178
4.771804806,2779840,1282
4.771804806,2780002,162
4.774192142,2781300,1298
4.774192142,2781446,146
4.776579478,2782760,1314
4.776579478,2782890,130
4.778966814,2784220,1330
4.778966814,2784334,114
4.781446982,2785680,1346
4.781446982,2785778,98
4.783834318,2787140,1362
4.783834318,2787222,82
4.786221654,2788600,1378
4.786221654,2788666,66
4.788608910,2790060,1394
4.788608910,2790110,50
4.790995099,2791520,1410
4.790995099,2791554,34
4.793481056,2792980,1426
4.793481056,2792998,18
4.795866845,2794440,1442
4.795866845,2794442,2
4.798252714,2795894,1452
4.800640050,2795900,6
4.800640050,2797339,1439
4.803027386,2797360,21
4.803027386,2798784,1424
4.805507554,2798820,36
4.805507554,2800229,1409
4.807894890,2800280,51
4.807894890,2801674,1394
4.810282226,2801740,66
4.810282226,2803118,1378
4.812669962,2803200,82
4.812669962,2804562,1362
4.815064634,2804660,98
4.815064634,2806006,1346
4.817451970,2806120,114
4.817451970,2807450,1330
4.819839306,2807580,130
4.819839306,2808894,1314
4.822226642,2809040,146
4.822226642,2810338,1298
4.824706810,2810500,162
4.824706810,2811782,1282
4.827094146,2811960,178
4.827094146,2813226,1266
4.829481482,2813420,194
4.829481482,2814670,1250
4.831868818,2814880,210
4.831868818,2816114,1234
4.834256154,2816340,226
4.834256154,2817558,1218
4.836744058,2817800,242
4.836744058,2819002,1202
4.839131394,2819260,258
4.839131394,2820446,1186
4.841518730,2820720,274
4.841518730,2821890,1170
4.843906066,2822180,290
4.843906066,2823334,1154
4.846293402,2823640,306
4.846293402,2824778,1138
4.848680738,2825100,322
4.848680738,2826222,1122
4.851068074,2826560,338
4.851068074,2827666,1106
4.853282163,2828020,354
4.853282163,2829110,1090
4.855582347,2829480,370
4.855582347,2830554,1074
4.857796836,2830940,386
4.857796836,2831998,1058
4.860017700,2832400,402
4.860017700,2833442,1042
4.862231789,2833860,418
4.862231789,2834886,1026
4.864445878,2835320,434
4.864445878,2836330,1010
4.866746062,2836780,450
4.866746062,2837774,994
4.868960151,2838240,466
4.868960151,2839218,978
4.871174240,2839700,482
4.871174240,2840662,962
4.873388329,2841160,498
4.873388329,2842106,946
4.875602418,2842620,514
4.875602418,2843550,930
4.877816507,2844080,530
4.877816507,2844994,914
4.880030996,2845540,546
4.880030996,2846438,898
4.882337955,2847000,562
4.882337955,2847882,882
4.884552044,2848460,578
4.884552044,2849326,866
4.886766133,2849920,594
4.886766133,2850770,850
4.888980222,2851380,610
4.888980222,2852214,834
4.891194311,2852840,626
4.891194311,2853658,818
4.893408400,2854300,642
4.893408400,2855102,802
4.895708584,2855760,658
4.895708584,2856546,786
4.897922673,2857220,674
4.897922673,2857990,770
4.900137162,2858680,690
4.900137162,2859434,754
4.902358026,2860140,706
4.902358026,2860878,738
4.904572115,2861600,722
4.904572115,2862322,722
4.906872299,2863060,738
4.906872299,2863766,706
4.909086388,2864520,754
4.909086388,2865210,690
4.911300477,2865980,770
4.911300477,2866654,674
4.913514566,2867440,786
4.913514566,2868098,658
4.915728655,2868900,802
4.915728655,2869542,642
4.917942744,2870360,818
4.917942744,2870986,626
4.920156833,2871820,834
4.920156833,2872430,610
4.922371322,2873280,850
4.922371322,2873874,594
4.924678281,2874740,866
4.924678281,2875318,578
4.926892370,2876200,882
4.926892370,2876762,562
4.929106459,2877660,898
4.929106459,2878206,546
4.931320548,2879120,914
4.931320548,2879650,530
4.933534637,2880580,930
4.933534637,2881094,514
4.935834821,2882040,946
4.935834821,2882538,498
4.938048910,2883500,962
4.938048910,2883982,482
4.940262999,2884960,978
4.940262999,2885426,466
4.942477488,2886420,994
4.942477488,2886870,450
4.944698352,2887880,1010
4.944698352,2888314,434
4.946912441,2889340,1026
4.946912441,2889758,418
4.949126530,2890800,1042
4.949126530,2891202,402
4.951340619,2892260,1058
4.951340619,2892646,386
4.953818017,2893720,1074
4.953818017,2894090,370
4.956202687,2895180,1090
4.956202687,2895534,354
4.958587357,2896640,1106
4.958587357,2896978,338
4.960972027,2898100,1122
4.960972027,2898422,322
4.963356697,2899560,1138
4.963356697,2899866,306
4.965841822,2901020,1154
4.965841822,2901310,290
4.968226492,2902480,1170
4.968226492,2902754,274
4.970611162,2903940,1186
4.970611162,2904198,258
4.972995832,2905400,1202
4.972995832,2905642,242
4.975380502,2906860,1218
4.975380502,2907086,226
4.977765172,2908320,1234
4.977765172,2908530,210
4.980149842,2909780,1250
4.980149842,2909974,194
4.982627240,2911240,1266
4.982627240,2911418,178
4.985011910,2912700,1282
4.985011910,2912862,162
4.987396980,2914160,1298
4.987396980,2914306,146
4.989788977,2915620,1314
4.989788977,2915750,130
4.992173647,2917080,1330
4.992173647,2917194,114
4.994558317,2918540,1346
4.994558317,2918638,98
4.997035715,2920000,1362
4.997035715,2920082,82
4.999420385,2921460,1378
4.999420385,2921526,66
5.001804975,2922920,1394
5.001804975,2922970,50
5.004188100,2924380,1410
5.004188100,2924414,34
5.006571225,2925840,1426
5.006571225,2925858,18
5.009047478,2927300,1442
5.009047478,2927302,2
5.011438010,2928754,1452
5.013822680,2928760,6
5.013822680,2930199,1439
5.016207350,2930220,21
5.016207350,2931644,1424
5.018592020,2931680,36
5.018592020,2933089,1409
5.020976690,2933140,51
5.020976690,2934534,1394
5.023361360,2934600,66
5.023361360,2935978,1378
5.025746030,2936060,82
5.025746030,2937422,1362
5.028223428,2937520,98
5.028223428,2938866,1346
5.030608098,2938980,114
5.030608098,2940310,1330
5.032993168,2940440,130
5.032993168,2941754,1314
5.035385165,2941900,146
5.035385165,2943198,1298
5.037769835,2943360,162
5.037769835,2944642,1282
5.040247233,2944820,178
5.040247233,2946086,1266
5.042631903,2946280,194
5.042631903,2947530,1250
5.045016573,2947740,210
5.045016573,2948974,1234
5.047401243,2949200,226
5.047401243,2950418,1218
5.049785913,2950660,242
5.049785913,2951862,1202
5.052170583,2952120,258
5.052170583,2953306,1186
5.054514962,2953580,274
5.054514962,2954750,1170
5.056859741,2955040,290
5.056859741,2956194,1154
5.059302478,2956500,306
5.059302478,2957638,1138
5.061646857,2957960,322
5.061646857,2959082,1122
5.063991236,2959420,338
5.063991236,2960526,1106
5.066335615,2960880,354
5.066335615,2961970,1090
5.068679994,2962340,370
5.068679994,2963414,1074
5.071115534,2963800,386
5.071115534,2964858,1058
5.073459913,2965260,402
5.073459913,2966302,1042
5.075804292,2966720,418
5.075804292,2967746,1026
5.078149071,2968180,434
5.078149071,2969190,1010
5.080500647,2969640,450
5.080500647,2970634,994
5.082936187,2971100,466
5.082936187,2972078,978
5.085280566,2972560,482
5.085280566,2973522,962
5.087624945,2974020,498
5.087624945,2974966,946
5.089969324,2975480,514
5.089969324,2976410,930
5.092313703,2976940,530
5.092313703,2977854,914
5.094658082,2978400,546
5.094658082,2979298,898
5.097002461,2979860,562
5.097002461,2980742,882
5.099346840,2981320,578
5.099346840,2982186,866
5.101789977,2982780,594
5.101789977,2983630,850
5.104134356,2984240,610
5.104134356,2985074,834
5.106478735,2985700,626
5.106478735,2986518,818
5.108823114,2987160,642
5.108823114,2987962,802
5.111167493,2988620,658
5.111167493,2989406,786
5.113603033,2990080,674
5.113603033,2990850,770
5.115947412,2991540,690
5.115947412,2992294,754
5.118291791,2993000,706
5.118291791,2993738,738
5.120636170,2994460,722
5.120636170,2995182,722
5.122980949,2995920,738
5.122980949,2996626,706
5.125332525,2997380,754
5.125332525,2998070,690
5.127676904,2998840,770
5.127676904,2999514,674
5.130021283,3000300,786
5.130021283,3000958,658
5.132456823,3001760,802
5.132456823,3002402,642
5.134801202,3003220,818
5.134801202,3003846,626
5.137145581,3004680,834
5.137145581,3005290,610
5.139489960,3006140,850
5.139489960,3006734,594
5.141834339,3007600,866
5.141834339,3008178,578
5.144270279,3009060,882
5.144270279,3009622,562
5.146621855,3010520,898
5.146621855,3011066,546
5.148966234,3011980,914
5.148966234,3012510,530
5.151310613,3013440,930
5.151310613,3013954,514
5.153653645,3014900,946
5.153653645,3015398,498
5.155996677,3016360,962
5.155996677,3016842,482
5.158339709,3017820,978
5.158339709,3018286,466
5.160682741,3019280,994
5.160682741,3019730,450
5.163116882,3020740,1010
5.163116882,3021174,434
5.165459914,3022200,1026
5.165459914,3022618,418
5.167803346,3023660,1042
5.167803346,3024062,402
5.170153570,3025120,1058
5.170153570,3025506,386
5.172496602,3026580,1074
5.172496602,3026950,370
5.174839634,3028040,1090
5.174839634,3028394,354
5.177273775,3029500,1106
5.177273775,3029838,338
5.179616807,3030960,1122
5.179616807,3031282,322
5.181959839,3032420,1138
5.181959839,3032726,306
5.184302871,3033880,1154
5.184302871,3034170,290
5.186645903,3035340,1170
5.186645903,3035614,274
5.189080444,3036800,1186
5.189080444,3037058,258
5.191430668,3038260,1202
5.191430668,3038502,242
5.193773700,3039720,1218
5.193773700,3039946,226
5.196116732,3041180,1234
5.196116732,3041390,210
5.198459764,3042640,1250
5.198459764,3042834,194
5.200802796,3044100,1266
5.200802796,3044278,178
5.203145828,3045560,1282
5.203145828,3045722,162
5.205488860,3047020,1298
5.205488860,3047166,146
5.207923001,3048480,1314
5.207923001,3048610,130
5.210266033,3049940,1330
5.210266033,3050054,114
5.212609465,3051400,1346
5.212609465,3051498,98
5.214959689,3052860,1362
5.214959689,3052942,82
5.217302721,3054320,1378
5.217302721,3054386,66
5.219736782,3055780,1394
5.219736782,3055830,50
5.222078295,3057240,1410
5.222078295,3057274,34
5.224419808,3058700,1426
5.224419808,3058718,18
5.226761321,3060160,1442
5.226761321,3060162,2
5.229102914,3061614,1452
5.231445946,3061620,6
5.231445946,3063059,1439
5.233788978,3063080,21
5.233788978,3064504,1424
5.236132410,3064540,36
5.236132410,3065949,1409
5.238573743,3066000,51
5.238573743,3067394,1394
5.240916775,3067460,66
5.240916775,3068838,1378
5.243259807,3068920,82
5.243259807,3070282,1362
5.245602839,3070380,98
5.245602839,3071726,1346
5.247945871,3071840,114
5.247945871,3073170,1330
5.250380012,3073300,130
5.250380012,3074614,1314
5.252701892,3074760,146
5.252701892,3076058,1298
5.255023772,3076220,162
5.255023772,3077502,1282
5.257346052,3077680,178
5.257346052,3078946,1266
5.259675056,3079140,194
5.259675056,3080390,1250
5.261996936,3080600,210
5.261996936,3081834,1234
5.264318816,3082060,226
5.264318816,3083278,1218
5.266730982,3083520,242
5.266730982,3084722,1202
5.269052862,3084980,258
5.269052862,3086166,1186
5.271374742,3086440,274
5.271374742,3087610,1170
5.273696622,3087900,290
5.273696622,3089054,1154
5.276018502,3089360,306
5.276018502,3090498,1138
5.278340382,3090820,322
5.278340382,3091942,1122
5.280760072,3092280,338
5.280760072,3093386,1106
5.283081952,3093740,354
5.283081952,3094830,1090
5.285403832,3095200,370
5.285403832,3096274,1074
5.287725712,3096660,386
5.287725712,3097718,1058
5.290047592,3098120,402
5.290047592,3099162,1042
5.292459758,3099580,418
5.292459758,3100606,1026
5.294781638,3101040,434
5.294781638,3102050,1010
5.297103518,3102500,450
5.297103518,3103494,994
5.299425398,3103960,466
5.299425398,3104938,978
5.301747678,3105420,482
5.301747678,3106382,962
5.304076682,3106880,498
5.304076682,3107826,946
5.306398562,3108340,514
5.306398562,3109270,930
5.308720442,3109800,530
5.308720442,3110714,914
5.311132608,3111260,546
5.311132608,3112158,898
5.313454488,3112720,562
5.313454488,3113602,882
5.315776368,3114180,578
5.315776368,3115046,866
5.318098248,3115640,594
5.318098248,3116490,850
5.320420128,3117100,610
5.320420128,3117934,834
5.322832694,3118560,626
5.322832694,3119378,818
5.325161698,3120020,642
5.325161698,3120822,802
5.327483578,3121480,658
5.327483578,3122266,786
5.329805458,3122940,674
5.329805458,3123710,770
5.332127338,3124400,690
5.332127338,3125154,754
5.334449218,3125860,706
5.334449218,3126598,738
5.336771098,3127320,722
5.336771098,3128042,722
5.339092978,3128780,738
5.339092978,3129486,706
5.341505144,3130240,754
5.341505144,3130930,690
5.343827024,3131700,770
5.343827024,3132374,674
5.346149304,3133160,786
5.346149304,3133818,658
5.348478308,3134620,802
5.348478308,3135262,642
5.350800188,3136080,818
5.350800188,3136706,626
5.353236783,3137540,834
5.353236783,3138150,610
5.355582177,3139000,850
5.355582177,3139594,594
5.357927571,3140460,866
5.357927571,3141038,578
5.360272965,3141920,882
5.360272965,3142482,562
5.362618359,3143380,898
5.362618359,3143926,546
5.365054954,3144840,914
5.365054954,3145370,530
5.367400748,3146300,930
5.367400748,3146814,514
5.369753343,3147760,946
5.369753343,3148258,498
5.372098737,3149220,962
5.372098737,3149702,482
5.374444131,3150680,978
5.374444131,3151146,466
5.376789525,3152140,994
5.376789525,3152590,450
5.379134919,3153600,1010
5.379134919,3154034,434
5.381480313,3155060,1026
5.381480313,3155478,418
5.383916908,3156520,1042
5.383916908,3156922,402
5.386262302,3157980,1058
5.386262302,3158366,386
5.388607696,3159440,1074
5.388607696,3159810,370
5.390953490,3160900,1090
5.390953490,3161254,354
5.393306085,3162360,1106
5.393306085,3162698,338
5.395742680,3163820,1122
5.395742680,3164142,322
5.398088074,3165280,1138
5.398088074,3165586,306
5.400433468,3166740,1154
5.400433468,3167030,290
5.402778862,3168200,1170
5.402778862,3168474,274
5.405124256,3169660,1186
5.405124256,3169918,258
5.407469650,3171120,1202
5.407469650,3171362,242
5.409815044,3172580,1218
5.409815044,3172806,226
5.412160438,3174040,1234
5.412160438,3174250,210
5.414604633,3175500,1250
5.414604633,3175694,194
5.416950027,3176960,1266
5.416950027,3177138,178
5.419295421,3178420,1282
5.419295421,3178582,162
5.421640815,3179880,1298
5.421640815,3180026,146
5.423986209,3181340,1314
5.423986209,3181470,130
5.426422804,3182800,1330
5.426422804,3182914,114
5.428768198,3184260,1346
5.428768198,3184358,98
5.431113592,3185720,1362
5.431113592,3185802,82
5.433458986,3187180,1378
5.433458986,3187246,66
5.435804700,3188640,1394
5.435804700,3188690,50
5.438155775,3190100,1410
5.438155775,3190134,34
5.440499649,3191560,1426
5.440499649,3191578,18
5.442843523,3193020,1442
5.442843523,3193022,2
5.445278678,3194474,1452
5.447624072,3194480,6
5.447624072,3195919,1439
5.449969466,3195940,21
5.449969466,3197364,1424
5.452314860,3197400,36
5.452314860,3198809,1409
5.454761720,3198860,51
5.454761720,3200254,1394
5.457304126,3200320,66
5.457304126,3201698,1378
5.459758514,3201780,82
5.459758514,3203142,1362
5.462205374,3203240,98
5.462205374,3204586,1346
5.464652234,3204700,114
5.464652234,3206030,1330
5.467099094,3206160,130
5.467099094,3207474,1314
5.469641100,3207620,146
5.469641100,3208918,1298
5.472087960,3209080,162
5.472087960,3210362,1282
5.474534820,3210540,178
5.474534820,3211806,1266
5.476981680,3212000,194
5.476981680,3213250,1250
5.479428540,3213460,210
5.479428540,3214694,1234
5.481875800,3214920,226
5.481875800,3216138,1218
5.484330188,3216380,242
5.484330188,3217582,1202
5.486777048,3217840,258
5.486777048,3219026,1186
5.489319054,3219300,274
5.489319054,3220470,1170
5.491765914,3220760,290
5.491765914,3221914,1154
5.494212774,3222220,306
5.494212774,3223358,1138
5.496659634,3223680,322
5.496659634,3224802,1122
5.499106494,3225140,338
5.499106494,3226246,1106
5.501648500,3226600,354
5.501648500,3227690,1090
5.504095760,3228060,370
5.504095760,3229134,1074
5.506550148,3229520,386
5.506550148,3230578,1058
5.508997008,3230980,402
5.508997008,3232022,1042
5.511443868,3232440,418
5.511443868,3233466,1026
5.513890728,3233900,434
5.513890728,3234910,1010
5.516337588,3235360,450
5.516337588,3236354,994
5.518784448,3236820,466
5.518784448,3237798,978
5.521326454,3238280,482
5.521326454,3239242,962
5.523773314,3239740,498
5.523773314,3240686,946
5.526220174,3241200,514
5.526220174,3242130,930
5.528667434,3242660,530
5.528667434,3243574,914
5.531121822,3244120,546
5.531121822,3245018,898
5.533663828,3245580,562
5.533663828,3246462,882
5.536110688,3247040,578
5.536110688,3247906,866
5.538557548,3248500,594
5.538557548,3249350,850
5.541004408,3249960,610
5.541004408,3250794,834
5.543451268,3251420,626
5.543451268,3252238,818
5.545898128,3252880,642
5.545898128,3253682,802
5.548344988,3254340,658
5.548344988,3255126,786
5.550791848,3255800,674
5.550791848,3256570,770
5.552968516,3257260,690
5.552968516,3258014,754
5.555057197,3258720,706
5.555057197,3259458,738
5.557145878,3260180,722
5.557145878,3260902,722
5.559234559,3261640,738
5.559234559,3262346,706
5.561323240,3263100,754
5.561323240,3263790,690
5.563493140,3264560,770
5.563493140,3265234,674
5.565581821,3266020,786
5.565581821,3266678,658
5.567670502,3267480,802
5.567670502,3268122,642
5.569759183,3268940,818
5.569759183,3269566,626
5.571848264,3270400,834
5.571848264,3271010,610
5.574024532,3271860,850
5.574024532,3272454,594
5.576113213,3273320,866
5.576113213,3273898,578
5.578201894,3274780,882
5.578201894,3275342,562
5.580290575,3276240,898
5.580290575,3276786,546
5.582379256,3277700,914
5.582379256,3278230,530
5.584467937,3279160,930
5.584467937,3279674,514
5.586556618,3280620,946
5.586556618,3281118,498
5.588645299,3282080,962
5.588645299,3282562,482
5.590815599,3283540,978
5.590815599,3284006,466
5.592910648,3285000,994
5.592910648,3285450,450
5.594999329,3286460,1010
5.594999329,3286894,434
5.597088010,3287920,1026
5.597088010,3288338,418
5.599176691,3289380,1042
5.599176691,3289782,402
5.601346591,3290840,1058
5.601346591,3291226,386
5.603435272,3292300,1074
5.603435272,3292670,370
5.605523953,3293760,1090
5.605523953,3294114,354
5.607612634,3295220,1106
5.607612634,3295558,338
5.609701315,3296680,1122
5.609701315,3297002,322
5.611790396,3298140,1138
5.611790396,3298446,306
5.613885445,3299600,1154
5.613885445,3299890,290
5.615974126,3301060,1170
5.615974126,3301334,274
5.618144026,3302520,1186
5.618144026,3302778,258
5.620232707,3303980,1202
5.620232707,3304222,242
5.622321388,3305440,1218
5.622321388,3305666,226
5.624410069,3306900,1234
5.624410069,3307110,210
5.626498750,3308360,1250
5.626498750,3308554,194
5.628668650,3309820,1266
5.628668650,3309998,178
5.630757731,3311280,1282
5.630757731,3311442,162
5.632852780,3312740,1298
5.632852780,3312886,146
5.634941461,3314200,1314
5.634941461,3314330,130
5.637030142,3315660,1330
5.637030142,3315774,114
5.639118823,3317120,1346
5.639118823,3317218,98
5.641207504,3318580,1362
5.641207504,3318662,82
5.643296185,3320040,1378
5.643296185,3320106,66
5.645466005,3321500,1394
5.645466005,3321550,50
5.647553333,3322960,1410
5.647553333,3322994,34
5.649640661,3324420,1426
5.649640661,3324438,18
5.651728389,3325880,1442
5.651728389,3325882,2
5.654035977,3327334,1452
5.656427429,3327340,6
5.656427429,3328779,1439
5.658729370,3328800,21
5.658729370,3330224,1424
5.661031311,3330260,36
5.661031311,3331669,1409
5.663333252,3331720,51
5.663333252,3333114,1394
5.665635193,3333180,66
5.665635193,3334558,1378
5.667937134,3334640,82
5.667937134,3336002,1362
5.670328586,3336100,98
5.670328586,3337446,1346
5.672630927,3337560,114
5.672630927,3338890,1330
5.674939927,3339020,130
5.674939927,3340334,1314
5.677241868,3340480,146
5.677241868,3341778,1298
5.679543809,3341940,162
5.679543809,3343222,1282
5.681845750,3343400,178
5.681845750,3344666,1266
5.684147691,3344860,194
5.684147691,3346110,1250
5.686449632,3346320,210
5.686449632,3347554,1234
5.688841084,3347780,226
5.688841084,3348998,1218
5.691143025,3349240,242
5.691143025,3350442,1202
5.693444966,3350700,258
5.693444966,3351886,1186
5.695747307,3352160,274
5.695747307,3353330,1170
5.698056307,3353620,290
5.698056307,3354774,1154
5.700447759,3355080,306
5.700447759,3356218,1138
5.702749700,3356540,322
5.702749700,3357662,1122
5.705051641,3358000,338
5.705051641,3359106,1106
5.707353582,3359460,354
5.707353582,3360550,1090
5.709655523,3360920,370
5.709655523,3361994,1074
5.711957464,3362380,386
5.711957464,3363438,1058
5.714259405,3363840,402
5.714259405,3364882,1042
5.716561346,3365300,418
5.716561346,3366326,1026
5.718960257,3366760,434
5.718960257,3367770,1010
5.721262198,3368220,450
5.721262198,3369214,994
5.723564139,3369680,466
5.723564139,3370658,978
5.725866080,3371140,482
5.725866080,3372102,962
5.728168021,3372600,498
5.728168021,3373546,946
5.730559473,3374060,514
5.730559473,3374990,930
5.732861414,3375520,530
5.732861414,3376434,914
5.735163355,3376980,546
5.735163355,3377878,898
5.737465296,3378440,562
5.737465296,3379322,882
5.739767637,3379900,578
5.739767637,3380766,866
5.742166148,3381360,594
5.742166148,3382210,850
5.744468089,3382820,610
5.744468089,3383654,834
5.746770030,3384280,626
5.746770030,3385098,818
5.749071971,3385740,642
5.749071971,3386542,802
5.751373912,3387200,658
5.751373912,3387986,786
5.753683012,3388660,674
5.753683012,3389430,770
5.755992112,3390120,690
5.755992112,3390874,754
5.758301212,3391580,706
5.758301212,3392318,738
5.760700502,3393040,722
5.760700502,3393762,722
5.763016685,3394500,738
5.763016685,3395206,706
5.765325785,3395960,754
5.765325785,3396650,690
5.767634885,3397420,770
5.767634885,3398094,674
5.769943985,3398880,786
5.769943985,3399538,658
5.772342875,3400340,802
5.772342875,3400982,642
5.774651975,3401800,818
5.774651975,3402426,626
5.776961075,3403260,834
5.776961075,3403870,610
5.779270175,3404720,850
5.779270175,3405314,594
5.781579275,3406180,866
5.781579275,3406758,578
5.783888775,3407640,882
5.783888775,3408202,562
5.786204958,3409100,898
5.786204958,3409646,546
5.788514058,3410560,914
5.788514058,3411090,530
5.790912948,3412020,930
5.790912948,3412534,514
5.793222048,3413480,946
5.793222048,3413978,498
5.795531148,3414940,962
5.795531148,3415422,482
5.797840248,3416400,978
5.797840248,3416866,466
5.800149348,3417860,994
5.800149348,3418310,450
5.802548238,3419320,1010
5.802548238,3419754,434
5.804857738,3420780,1026
5.804857738,3421198,418
5.807173921,3422240,1042
5.807173921,3422642,402
5.809483021,3423700,1058
5.809483021,3424086,386
5.811792121,3425160,1074
5.811792121,3425530,370
5.814101221,3426620,1090
5.814101221,3426974,354
5.816410321,3428080,1106
5.816410321,3428418,338
5.818719421,3429540,1122
5.818719421,3429862,322
5.821118311,3431000,1138
5.821118311,3431306,306
5.823427411,3432460,1154
5.823427411,3432750,290
5.825736511,3433920,1170
5.825736511,3434194,274
5.828046011,3435380,1186
5.828046011,3435638,258
5.830362194,3436840,1202
5.830362194,3437082,242
5.832761084,3438300,1218
5.832761084,3438526,226
5.835070184,3439760,1234
5.835070184,3439970,210
5.837379284,3441220,1250
5.837379284,3441414,194
5.839688384,3442680,1266
5.839688384,3442858,178
5.841997484,3444140,1282
5.841997484,3444302,162
5.844396374,3445600,1298
5.844396374,3445746,146
5.846705474,3447060,1314
5.846705474,3447190,130
5.849014974,3448520,1330
5.849014974,3448634,114
5.851331157,3449980,1346
5.851331157,3450078,98
5.853426318,3451440,1362
5.853426318,3451522,82
5.855521479,3452900,1378
5.855521479,3452966,66
5.857616560,3454360,1394
5.857616560,3454410,50
5.859710363,3455820,1410
5.859710363,3455854,34
5.861885636,3457280,1426
5.861885636,3457298,18
5.863979439,3458740,1442
5.863979439,3458742,2
5.866073322,3460194,1452
5.868168483,3460200,6
5.868168483,3461639,1439
5.870264044,3461660,21
5.870264044,3463084,1424
5.872447065,3463120,36
5.872447065,3464529,1409
5.874542226,3464580,51
5.874542226,3465974,1394
5.876637387,3466040,66
5.876637387,3467418,1378
5.878732548,3467500,82
5.878732548,3468862,1362
5.880827709,3468960,98
5.880827709,3470306,1346
5.882922870,3470420,114
5.882922870,3471750,1330
5.885018031,3471880,130
5.885018031,3473194,1314
5.887113192,3473340,146
5.887113192,3474638,1298
5.889290223,3474800,162
5.889290223,3476082,1282
5.891391774,3476260,178
5.891391774,3477526,1266
5.893486935,3477720,194
5.893486935,3478970,1250
5.895582096,3479180,210
5.895582096,3480414,1234
5.897677257,3480640,226
5.897677257,3481858,1218
5.899853888,3482100,242
5.899853888,3483302,1202
5.901949049,3483560,258
5.901949049,3484746,1186
5.904044210,3485020,274
5.904044210,3486190,1170
5.906139371,3486480,290
5.906139371,3487634,1154
5.908234532,3487940,306
5.908234532,3489078,1138
5.910330093,3489400,322
5.910330093,3490522,1122
5.912431644,3490860,338
5.912431644,3491966,1106
5.914526805,3492320,354
5.914526805,3493410,1090
5.916703436,3493780,370
5.916703436,3494854,1074
5.918798597,3495240,386
5.918798597,3496298,1058
5.920893758,3496700,402
5.920893758,3497742,1042
5.922988919,3498160,418
5.922988919,3499186,1026
5.925084080,3499620,434
5.925084080,3500630,1010
5.927260711,3501080,450
5.927260711,3502074,994
5.929356272,3502540,466
5.929356272,3503518,978
5.931457823,3504000,482
5.931457823,3504962,962
5.933552984,3505460,498
5.933552984,3506406,946
5.935648145,3506920,514
5.935648145,3507850,930
5.937824776,3508380,530
5.937824776,3509294,914
5.939919937,3509840,546
5.939919937,3510738,898
5.942015098,3511300,562
5.942015098,3512182,882
5.944110259,3512760,578
5.944110259,3513626,866
5.946205420,3514220,594
5.946205420,3515070,850
5.948300581,3515680,610
5.948300581,3516514,834
5.950396142,3517140,626
5.950396142,3517958,818
5.952817104,3518600,642
5.952817104,3519402,802
5.955324496,3520060,658
5.955324496,3520846,786
5.957738037,3521520,674
5.957738037,3522290,770
5.960151578,3522980,690
5.960151578,3523734,754
5.962565119,3524440,706
5.962565119,3525178,738
5.964978660,3525900,722
5.964978660,3526622,722
5.967486052,3527360,738
5.967486052,3528066,706
5.969899593,3528820,754
5.969899593,3529510,690
5.972313534,3530280,770
5.972313534,3530954,674
5.974734496,3531740,786
5.974734496,3532398,658
5.977148037,3533200,802
5.977148037,3533842,642
5.979561578,3534660,818
5.979561578,3535286,626
5.981975119,3536120,834
5.981975119,3536730,610
5.984388660,3537580,850
5.984388660,3538174,594
5.986896052,3539040,866
5.986896052,3539618,578
5.989309593,3540500,882
5.989309593,3541062,562
5.991723134,3541960,898
5.991723134,3542506,546
5.994136675,3543420,914
5.994136675,3543950,530
5.996550616,3544880,930
5.996550616,3545394,514
5.999065429,3546340,946
5.999065429,3546838,498
6.001478970,3547800,962
6.001478970,3548282,482
6.003892511,3549260,978
6.003892511,3549726,466
6.006306052,3550720,994
6.006306052,3551170,450
6.008719593,3552180,1010
6.008719593,3552614,434
6.011133134,3553640,1026
6.011133134,3554058,418
6.013546675,3555100,1042
6.013546675,3555502,402
6.015960216,3556560,1058
6.015960216,3556946,386
6.018468008,3558020,1074
6.018468008,3558390,370
6.020888970,3559480,1090
6.020888970,3559834,354
6.023302511,3560940,1106
6.023302511,3561278,338
6.025716052,3562400,1122
6.025716052,3562722,322
6.028129593,3563860,1138
6.028129593,3564166,306
6.030636985,3565320,1154
6.030636985,3565610,290
6.033050526,3566780,1170
6.033050526,3567054,274
6.035464067,3568240,1186
6.035464067,3568498,258
6.037877608,3569700,1202
6.037877608,3569942,242
6.040291149,3571160,1218
6.040291149,3571386,226
6.042806362,3572620,1234
6.042806362,3572830,210
6.045219903,3574080,1250
6.045219903,3574274,194
6.047633444,3575540,1266
6.047633444,3575718,178
6.050046985,3577000,1282
6.050046985,3577162,162
6.052460526,3578460,1298
6.052460526,3578606,146
6.054670578,3579920,1314
6.054670578,3580050,130
6.056880630,3581380,1330
6.056880630,3581494,114
6.059090682,3582840,1346
6.059090682,3582938,98
6.061386672,3584300,1362
6.061386672,3584382,82
6.063597124,3585760,1378
6.063597124,3585826,66
6.065813858,3587220,1394
6.065813858,3587270,50
6.068022478,3588680,1410
6.068022478,3588714,34
6.070231098,3590140,1426
6.070231098,3590158,18
6.072525656,3591600,1442
6.072525656,3591602,2
6.074734356,3593054,1452
6.076944408,3593060,6
6.076944408,3594499,1439
6.079154460,3594520,21
6.079154460,3595944,1424
6.081364512,3595980,36
6.081364512,3597389,1409
6.083574564,3597440,51
6.083574564,3598834,1394
6.085785016,3598900,66
6.085785016,3600278,1378
6.088001830,3600360,82
6.088001830,3601722,1362
6.090297820,3601820,98
6.090297820,3603166,1346
6.092507872,3603280,114
6.092507872,3604610,1330
6.094717924,3604740,130
6.094717924,3606054,1314
6.096927976,3606200,146
6.096927976,3607498,1298
6.099138028,3607660,162
6.099138028,3608942,1282
6.101434018,3609120,178
6.101434018,3610386,1266
6.103644070,3610580,194
6.103644070,3611830,1250
6.105854522,3612040,210
6.105854522,3613274,1234
6.108071336,3613500,226
6.108071336,3614718,1218
6.110281388,3614960,242
6.110281388,3616162,1202
6.112491440,3616420,258
6.112491440,3617606,1186
6.114701492,3617880,274
6.114701492,3619050,1170
6.116911544,3619340,290
6.116911544,3620494,1154
6.119207534,3620800,306
6.119207534,3621938,1138
6.121417586,3622260,322
6.121417586,3623382,1122
6.123627638,3623720,338
6.123627638,3624826,1106
6.125837690,3625180,354
6.125837690,3626270,1090
6.128048142,3626640,370
6.128048142,3627714,1074
6.130350894,3628100,386
6.130350894,3629158,1058
6.132560946,3629560,402
6.132560946,3630602,1042
6.134770998,3631020,418
6.134770998,3632046,1026
6.136981050,3632480,434
6.136981050,3633490,1010
6.139191102,3633940,450
6.139191102,3634934,994
6.141487092,3635400,466
6.141487092,3636378,978
6.143697144,3636860,482
6.143697144,3637822,962
6.145907196,3638320,498
6.145907196,3639266,946
6.148117648,3639780,514
6.148117648,3640710,930
6.150334462,3641240,530
6.150334462,3642154,914
6.152653392,3642700,546
6.152653392,3643598,898
6.154972322,3644160,562
6.154972322,3645042,882
6.157291252,3645620,578
6.157291252,3646486,866
6.159610182,3647080,594
6.159610182,3647930,850
6.162019284,3648540,610
6.162019284,3649374,834
6.164338214,3650000,626
6.164338214,3650818,818
6.166657144,3651460,642
6.166657144,3652262,802
6.168976074,3652920,658
6.168976074,3653706,786
6.171295404,3654380,674
6.171295404,3655150,770
6.173711621,3655840,690
6.173711621,3656594,754
6.176030551,3657300,706
6.176030551,3658038,738
6.178349481,3658760,722
6.178349481,3659482,722
6.180668411,3660220,738
6.180668411,3660926,706
6.182987341,3661680,754
6.182987341,3662370,690
6.185306271,3663140,770
6.185306271,3663814,674
6.187625201,3664600,786
6.187625201,3665258,658
6.189944131,3666060,802
6.189944131,3666702,642
6.192353633,3667520,818
6.192353633,3668146,626
6.194679678,3668980,834
6.194679678,3669590,610
6.196998608,3670440,850
6.196998608,3671034,594
6.199317538,3671900,866
6.199317538,3672478,578
6.201636468,3673360,882
6.201636468,3673922,562
6.204045570,3674820,898
6.204045570,3675366,546
6.206364500,3676280,914
6.206364500,3676810,530
6.208683430,3677740,930
6.208683430,3678254,514
6.211002360,3679200,946
6.211002360,3679698,498
6.213321290,3680660,962
6.213321290,3681142,482
6.215737906,3682120,978
6.215737906,3682586,466
6.218056836,3683580,994
6.218056836,3684030,450
6.220375766,3685040,1010
6.220375766,3685474,434
6.222694696,3686500,1026
6.222694696,3686918,418
6.225013626,3687960,1042
6.225013626,3688362,402
6.227332556,3689420,1058
6.227332556,3689806,386
6.229651486,3690880,1074
6.229651486,3691250,370
6.231970416,3692340,1090
6.231970416,3692694,354
6.234379518,3693800,1106
6.234379518,3694138,338
6.236698848,3695260,1122
6.236698848,3695582,322
6.239024893,3696720,1138
6.239024893,3697026,306
6.241343823,3698180,1154
6.241343823,3698470,290
6.243662753,3699640,1170
6.243662753,3699914,274
6.246071855,3701100,1186
6.246071855,3701358,258
6.248390785,3702560,1202
6.248390785,3702802,242
6.250709715,3704020,1218
6.250709715,3704246,226
6.253007418,3705480,1234
6.253007418,3705690,210
6.255305121,3706940,1250
6.255305121,3707134,194
6.257602824,3708400,1266
6.257602824,3708578,178
6.259900927,3709860,1282
6.259900927,3710022,162
6.262205676,3711320,1298
6.262205676,3711466,146
6.264592725,3712780,1314
6.264592725,3712910,130
6.266890428,3714240,1330
6.266890428,3714354,114
6.269188131,3715700,1346
6.269188131,3715798,98
6.271485834,3717160,1362
6.271485834,3717242,82
6.273783537,3718620,1378
6.273783537,3718686,66
6.276170506,3720080,1394
6.276170506,3720130,50
6.278466720,3721540,1410
6.278466720,3721574,34
6.280763334,3723000,1426
6.280763334,3723018,18
6.283066594,3724460,1442
6.283066594,3724462,2
6.285362888,3725914,1452
6.287660591,3725920,6
6.287660591,3727359,1439
6.289958294,3727380,21
6.289958294,3728804,1424
6.292255997,3728840,36
6.292255997,3730249,1409
6.294643046,3730300,51
6.294643046,3731694,1394
6.296940749,3731760,66
6.296940749,3733138,1378
6.299238452,3733220,82
6.299238452,3734582,1362
6.301536155,3734680,98
6.301536155,3736026,1346
6.303834258,3736140,114
6.303834258,3737470,1330
6.306228353,3737600,130
6.306228353,3738914,1314
6.308526056,3739060,146
6.308526056,3740358,1298
6.310823759,3740520,162
6.310823759,3741802,1282
6.313121462,3741980,178
6.313121462,3743246,1266
6.315419165,3743440,194
6.315419165,3744690,1250
6.317806214,3744900,210
6.317806214,3746134,1234
6.320103917,3746360,226
6.320103917,3747578,1218
6.322401620,3747820,242
6.322401620,3749022,1202
6.324699723,3749280,258
6.324699723,3750466,1186
6.327004472,3750740,274
6.327004472,3751910,1170
6.329302175,3752200,290
6.329302175,3753354,1154
6.331599878,3753660,306
6.331599878,3754798,1138
6.333897581,3755120,322
6.333897581,3756242,1122
6.336284630,3756580,338
6.336284630,3757686,1106
6.338582333,3758040,354
6.338582333,3759130,1090
6.340880036,3759500,370
6.340880036,3760574,1074
6.343177739,3760960,386
6.343177739,3762018,1058
6.345475442,3762420,402
6.345475442,3763462,1042
6.347869937,3763880,418
6.347869937,3764906,1026
6.350167640,3765340,434
6.350167640,3766350,1010
6.352472144,3766800,450
6.352472144,3767794,994
6.354776648,3768260,466
6.354776648,3769238,978
6.357081152,3769720,482
6.357081152,3770682,962
6.359385656,3771180,498
6.359385656,3772126,946
6.361690160,3772640,514
6.361690160,3773570,930
6.363994664,3774100,530
6.363994664,3775014,914
6.366388779,3775560,546
6.366388779,3776458,898
6.368693683,3777020,562
6.368693683,3777902,882
6.371005255,3778480,578
6.371005255,3779346,866
6.373309759,3779940,594
6.373309759,3780790,850
6.375614263,3781400,610
6.375614263,3782234,834
6.378008378,3782860,626
6.378008378,3783678,818
6.380312882,3784320,642
6.380312882,3785122,802
6.382617386,3785780,658
6.382617386,3786566,786
6.384921890,3787240,674
6.384921890,3788010,770
6.387226394,3788700,690
6.387226394,3789454,754
6.389530898,3790160,706
6.389530898,3790898,738
6.391835802,3791620,722
6.391835802,3792342,722
6.394147374,3793080,738
6.394147374,3793786,706
6.396541489,3794540,754
6.396541489,3795230,690
6.398845993,3796000,770
6.398845993,3796674,674
6.401150497,3797460,786
6.401150497,3798118,658
6.403455001,3798920,802
6.403455001,3799562,642
6.405759505,3800380,818
6.405759505,3801006,626
6.408153620,3801840,834
6.408153620,3802450,610
6.410458124,3803300,850
6.410458124,3803894,594
6.412763028,3804760,866
6.412763028,3805338,578
6.415074600,3806220,882
6.415074600,3806782,562
6.417379104,3807680,898
6.417379104,3808226,546
6.419773219,3809140,914
6.419773219,3809670,530
6.422077723,3810600,930
6.422077723,3811114,514
6.424382227,3812060,946
6.424382227,3812558,498
6.426686731,3813520,962
6.426686731,3814002,482
6.428991235,3814980,978
6.428991235,3815446,466
6.431295739,3816440,994
6.431295739,3816890,450
6.433600243,3817900,1010
6.433600243,3818334,434
6.435905147,3819360,1026
6.435905147,3819778,418
6.438306330,3820820,1042
6.438306330,3821222,402
6.440610834,3822280,1058
6.440610834,3822666,386
6.442915338,3823740,1074
6.442915338,3824110,370
6.445219842,3825200,1090
6.445219842,3825554,354
6.447524346,3826660,1106
6.447524346,3826998,338
6.449918461,3828120,1122
6.449918461,3828442,322
6.452222965,3829580,1138
6.452222965,3829886,306
6.454592197,3831040,1154
6.454592197,3831330,290
6.456961829,3832500,1170
6.456961829,3832774,274
6.459338338,3833960,1186
6.459338338,3834218,258
6.461707570,3835420,1202
6.461707570,3835662,242
6.464076802,3836880,1218
6.464076802,3837106,226
6.466446034,3838340,1234
6.466446034,3838550,210
6.468907394,3839800,1250
6.468907394,3839994,194
6.471276626,3841260,1266
6.471276626,3841438,178
6.473645858,3842720,1282
6.473645858,3842882,162
6.476015090,3844180,1298
6.476015090,3844326,146
6.478384322,3845640,1314
6.478384322,3845770,130
6.480853359,3847100,1330
6.480853359,3847214,114
6.483222591,3848560,1346
6.483222591,3848658,98
6.485591823,3850020,1362
6.485591823,3850102,82
6.487961055,3851480,1378
6.487961055,3851546,66
6.490330207,3852940,1394
6.490330207,3852990,50
6.492697903,3854400,1410
6.492697903,3854434,34
6.495065599,3855860,1426
6.495065599,3855878,18
6.497433295,3857320,1442
6.497433295,3857322,2
6.499893199,3858774,1452
6.502262831,3858780,6
6.502262831,3860219,1439
6.504639340,3860240,21
6.504639340,3861664,1424
6.507008572,3861700,36
6.507008572,3863109,1409
6.509377804,3863160,51
6.509377804,3864554,1394
6.511839164,3864620,66
6.511839164,3865998,1378
6.514208396,3866080,82
6.514208396,3867442,1362
6.516577628,3867540,98
6.516577628,3868886,1346
6.518946860,3869000,114
6.518946860,3870330,1330
6.521316092,3870460,130
6.521316092,3871774,1314
6.523777852,3871920,146
6.523777852,3873218,1298
6.526154361,3873380,162
6.526154361,3874662,1282
6.528523593,3874840,178
6.528523593,3876106,1266
6.530892825,3876300,194
6.530892825,3877550,1250
6.533262057,3877760,210
6.533262057,3878994,1234
6.535631289,3879220,226
6.535631289,3880438,1218
6.538000521,3880680,242
6.538000521,3881882,1202
6.540369753,3882140,258
6.540369753,3883326,1186
6.542831113,3883600,274
6.542831113,3884770,1170
6.545200345,3885060,290
6.545200345,3886214,1154
6.547569977,3886520,306
6.547569977,3887658,1138
6.549946486,3887980,322
6.549946486,3889102,1122
6.552315718,3889440,338
6.552315718,3890546,1106
6.554752343,3890900,354
6.554752343,3891990,1090
6.557097766,3892360,370
6.557097766,3893434,1074
6.559443189,3893820,386
6.559443189,3894878,1058
6.561788612,3895280,402
6.561788612,3896322,1042
6.564134035,3896740,418
6.564134035,3897766,1026
6.566479458,3898200,434
6.566479458,3899210,1010
6.568824881,3899660,450
6.568824881,3900654,994
6.571170704,3901120,466
6.571170704,3902098,978
6.573614529,3902580,482
6.573614529,3903542,962
6.575959952,3904040,498
6.575959952,3904986,946
6.578305375,3905500,514
6.578305375,3906430,930
6.580650798,3906960,530
6.580650798,3907874,914
6.582996221,3908420,546
6.582996221,3909318,898
6.585432846,3909880,562
6.585432846,3910762,882
6.587778269,3911340,578
6.587778269,3912206,866
6.590123692,3912800,594
6.590123692,3913650,850
6.592469515,3914260,610
6.592469515,3915094,834
6.594822138,3915720,626
6.594822138,3916538,818
6.597258763,3917180,642
6.597258763,3917982,802
6.599604186,3918640,658
6.599604186,3919426,786
6.601949609,3920100,674
6.601949609,3920870,770
6.604295032,3921560,690
6.604295032,3922314,754
6.606640455,3923020,706
6.606640455,3923758,738
6.608985878,3924480,722
6.608985878,3925202,722
6.611331301,3925940,738
6.611331301,3926646,706
6.613676724,3927400,754
6.613676724,3928090,690
6.616120949,3928860,770
6.616120949,3929534,674
6.618466372,3930320,786
6.618466372,3930978,658
6.620811795,3931780,802
6.620811795,3932422,642
6.623157218,3933240,818
6.623157218,3933866,626
6.625502641,3934700,834
6.625502641,3935310,610
6.627939266,3936160,850
6.627939266,3936754,594
6.630284689,3937620,866
6.630284689,3938198,578
6.632630112,3939080,882
6.632630112,3939642,562
6.634975535,3940540,898
6.634975535,3941086,546
6.637321358,3942000,914
6.637321358,3942530,530
6.639673981,3943460,930
6.639673981,3943974,514
6.642019404,3944920,946
6.642019404,3945418,498
6.644364827,3946380,962
6.644364827,3946862,482
6.646801452,3947840,978
6.646801452,3948306,466
6.649146875,3949300,994
6.649146875,3949750,450
6.651492298,3950760,1010
6.651492298,3951194,434
6.653656569,3952220,1026
6.653656569,3952638,418
6.655820840,3953680,1042
6.655820840,3954082,402
6.657985111,3955140,1058
6.657985111,3955526,386
6.660240553,3956600,1074
6.660240553,3956970,370
6.662404824,3958060,1090
6.662404824,3958414,354
6.664569095,3959520,1106
6.664569095,3959858,338
6.666733366,3960980,1122
6.666733366,3961302,322
6.668897637,3962440,1138
6.668897637,3962746,306
6.671061908,3963900,1154
6.671061908,3964190,290
6.673226179,3965360,1170
6.673226179,3965634,274
6.675390450,3966820,1186
6.675390450,3967078,258
6.677638879,3968280,1202
6.677638879,3968522,242
6.679803550,3969740,1218
6.679803550,3969966,226
6.681974434,3971200,1234
6.681974434,3971410,210
6.684138705,3972660,1250
6.684138705,3972854,194
6.686302976,3974120,1266
6.686302976,3974298,178
6.688551405,3975580,1282
6.688551405,3975742,162
6.690715676,3977040,1298
6.690715676,3977186,146
6.692879947,3978500,1314
6.692879947,3978630,130
6.695044218,3979960,1330
6.695044218,3980074,114
6.697208489,3981420,1346
6.697208489,3981518,98
6.699457318,3982880,1362
6.699457318,3982962,82
6.701628202,3984340,1378
6.701628202,3984406,66
6.703792393,3985800,1394
6.703792393,3985850,50
6.705955261,3987260,1410
6.705955261,3987294,34
6.708118129,3988720,1426
6.708118129,3988738,18
6.710280997,3990180,1442
6.710280997,3990182,2
6.712443945,3991634,1452
6.714608216,3991640,6
6.714608216,3993079,1439
6.716856645,3993100,21
6.716856645,3994524,1424
6.719020916,3994560,36
6.719020916,3995969,1409
6.721185587,3996020,51
6.721185587,3997414,1394
6.723356471,3997480,66
6.723356471,3998858,1378
6.725520742,3998940,82
6.725520742,4000302,1362
6.727769171,4000400,98
6.727769171,4001746,1346
6.729933442,4001860,114
6.729933442,4003190,1330
6.732097713,4003320,130
6.732097713,4004634,1314
6.734261984,4004780,146
6.734261984,4006078,1298
6.736426255,4006240,162
6.736426255,4007522,1282
6.738590526,4007700,178
6.738590526,4008966,1266
6.740754797,4009160,194
6.740754797,4010410,1250
6.742919468,4010620,210
6.742919468,4011854,1234
6.745174510,4012080,226
6.745174510,4013298,1218
6.747338781,4013540,242
6.747338781,4014742,1202
6.749503052,4015000,258
6.749503052,4016186,1186
6.751667323,4016460,274
6.751667323,4017630,1170
6.753878832,4017920,290
6.753878832,4019074,1154
6.756176336,4019380,306
6.756176336,4020518,1138
6.758387845,4020840,322
6.758387845,4021962,1122
6.760599354,4022300,338
6.760599354,4023406,1106
6.762811263,4023760,354
6.762811263,4024850,1090
6.765029538,4025220,370
6.765029538,4026294,1074
6.767241047,4026680,386
6.767241047,4027738,1058
6.769452556,4028140,402
6.769452556,4029182,1042
6.771664065,4029600,418
6.771664065,4030626,1026
6.773961569,4031060,434
6.773961569,4032070,1010
6.776173078,4032520,450
6.776173078,4033514,994
6.778384587,4033980,466
6.778384587,4034958,978
6.780596096,4035440,482
6.780596096,4036402,962
6.782807605,4036900,498
6.782807605,4037846,946
6.785112275,4038360,514
6.785112275,4039290,930
6.787323784,4039820,530
6.787323784,4040734,914
6.789535293,4041280,546
6.789535293,4042178,898
6.791746802,4042740,562
6.791746802,4043622,882
6.793958311,4044200,578
6.793958311,4045066,866
6.796255815,4045660,594
6.796255815,4046510,850
6.798467324,4047120,610
6.798467324,4047954,834
6.800678833,4048580,626
6.800678833,4049398,818
6.802890342,4050040,642
6.802890342,4050842,802
6.805102251,4051500,658
6.805102251,4052286,786
6.807320526,4052960,674
6.807320526,4053730,770
6.809532035,4054420,690
6.809532035,4055174,754
6.811743544,4055880,706
6.811743544,4056618,738
6.814041048,4057340,722
6.814041048,4058062,722
6.816252557,4058800,738
6.816252557,4059506,706
6.818464066,4060260,754
6.818464066,4060950,690
6.820675575,4061720,770
6.820675575,4062394,674
6.822887084,4063180,786
6.822887084,4063838,658
6.825184988,4064640,802
6.825184988,4065282,642
6.827403263,4066100,818
6.827403263,4066726,626
6.829614772,4067560,834
6.829614772,4068170,610
6.831826281,4069020,850
6.831826281,4069614,594
6.834037790,4070480,866
6.834037790,4071058,578
6.836249299,4071940,882
6.836249299,4072502,562
6.838460808,4073400,898
6.838460808,4073946,546
6.840672317,4074860,914
6.840672317,4075390,530
6.842969821,4076320,930
6.842969821,4076834,514
6.845181330,4077780,946
6.845181330,4078278,498
6.847393239,4079240,962
6.847393239,4079722,482
6.849611514,4080700,978
6.849611514,4081166,466
6.851823023,4082160,994
6.851823023,4082610,450
6.854271489,4083620,1010
6.854271489,4084054,434
6.856815164,4085080,1026
6.856815164,4085498,418
6.859263630,4086540,1042
6.859263630,4086942,402
6.861712096,4088000,1058
6.861712096,4088386,386
6.864160562,4089460,1074
6.864160562,4089830,370
6.866609028,4090920,1090
6.866609028,4091274,354
6.869057494,4092380,1106
6.869057494,4092718,338
6.871506360,4093840,1122
6.871506360,4094162,322
6.874057569,4095300,1138
6.874057569,4095606,306
6.876506035,4096760,1154
6.876506035,4097050,290
6.878954501,4098220,1170
6.878954501,4098494,274
6.881402967,4099680,1186
6.881402967,4099938,258
6.883851433,4101140,1202
6.883851433,4101382,242
6.886395108,4102600,1218
6.886395108,4102826,226
6.888843574,4104060,1234
6.888843574,4104270,210
6.891292040,4105520,1250
6.891292040,4105714,194
6.893740906,4106980,1266
6.893740906,4107158,178
6.896196906,4108440,1282
6.896196906,4108602,162
6.898645372,4109900,1298
6.898645372,4110046,146
6.901189047,4111360,1314
6.901189047,4111490,130
6.903637513,4112820,1330
6.903637513,4112934,114
6.906085979,4114280,1346
6.906085979,4114378,98
6.908534445,4115740,1362
6.908534445,4115822,82
6.910982911,4117200,1378
6.910982911,4117266,66
6.913431297,4118660,1394
6.913431297,4118710,50
6.915878176,4120120,1410
6.915878176,4120154,34
6.918428198,4121580,1426
6.918428198,4121598,18
6.920875077,4123040,1442
6.920875077,4123042,2
6.923322036,4124494,1452
6.925770502,4124500,6
6.925770502,4125939,1439
6.928218968,4125960,21
6.928218968,4127384,1424
6.930667434,4127420,36
6.930667434,4128829,1409
6.933211109,4128880,51
6.933211109,4130274,1394
6.935659575,4130340,66
6.935659575,4131718,1378
6.938108041,4131800,82
6.938108041,4133162,1362
6.940556907,4133260,98
6.940556907,4134606,1346
6.943012907,4134720,114
6.943012907,4136050,1330
6.945461373,4136180,130
6.945461373,4137494,1314
6.947909839,4137640,146
6.947909839,4138938,1298
6.950453514,4139100,162
6.950453514,4140382,1282
6.952740380,4140560,178
6.952740380,4141826,1266
6.955027246,4142020,194
6.955027246,4143270,1250
6.957314112,4143480,210
6.957314112,4144714,1234
6.959600978,4144940,226
6.959600978,4146158,1218
6.961887844,4146400,242
6.961887844,4147602,1202
6.964271045,4147860,258
6.964271045,4149046,1186
6.966557911,4149320,274
6.966557911,4150490,1170
6.968844777,4150780,290
6.968844777,4151934,1154
6.971131643,4152240,306
6.971131643,4153378,1138
6.973418509,4153700,322
6.973418509,4154822,1122
6.975705375,4155160,338
6.975705375,4156266,1106
6.977992241,4156620,354
6.977992241,4157710,1090
6.980368032,4158080,370
6.980368032,4159154,1074
6.982654898,4159540,386
6.982654898,4160598,1058
6.984942164,4161000,402
6.984942164,4162042,1042
6.987236041,4162460,418
6.987236041,4163486,1026
6.989522907,4163920,434
6.989522907,4164930,1010
6.991898698,4165380,450
6.991898698,4166374,994
6.994185564,4166840,466
6.994185564,4167818,978
6.996472430,4168300,482
6.996472430,4169262,962
6.998759296,4169760,498
6.998759296,4170706,946
7.001046162,4171220,514
7.001046162,4172150,930
7.003333028,4172680,530
7.003333028,4173594,914
7.005709219,4174140,546
7.005709219,4175038,898
7.008003096,4175600,562
7.008003096,4176482,882
7.010289962,4177060,578
7.010289962,4177926,866
7.012576828,4178520,594
7.012576828,4179370,850
7.014863694,4179980,610
7.014863694,4180814,834
7.017150560,4181440,626
7.017150560,4182258,818
7.019437426,4182900,642
7.019437426,4183702,802
7.021813217,4184360,658
7.021813217,4185146,786
7.024100083,4185820,674
7.024100083,4186590,770
7.026386949,4187280,690
7.026386949,4188034,754
7.028674215,4188740,706
7.028674215,4189478,738
7.030968092,4190200,722
7.030968092,4190922,722
7.033254958,4191660,738
7.033254958,4192366,706
7.035630749,4193120,754
7.035630749,4193810,690
7.037917615,4194580,770
7.037917615,4195254,674
7.040204481,4196040,786
7.040204481,4196698,658
7.042491347,4197500,802
7.042491347,4198142,642
7.044778213,4198960,818
7.044778213,4199586,626
7.047065079,4200420,834
7.047065079,4201030,610
7.049351945,4201880,850
7.049351945,4202474,594
7.051735146,4203340,866
7.051735146,4203918,578
7.054049658,4204800,882
7.054049658,4205362,562
7.056364170,4206260,898
7.056364170,4206806,546
7.058678682,4207720,914
7.058678682,4208250,530
7.060993194,4209180,930
7.060993194,4209694,514
7.063307706,4210640,946
7.063307706,4211138,498
7.065712218,4212100,962
7.065712218,4212582,482
7.068026730,4213560,978
7.068026730,4214026,466
7.070341242,4215020,994
7.070341242,4215470,450
7.072656154,4216480,1010
7.072656154,4216914,434
7.074977766,4217940,1026
7.074977766,4218358,418
7.077382278,4219400,1042
7.077382278,4219802,402
7.079696790,4220860,1058
7.079696790,4221246,386
7.082011302,4222320,1074
7.082011302,4222690,370
7.084325814,4223780,1090
7.084325814,4224134,354
7.086640326,4225240,1106
7.086640326,4225578,338
7.088954838,4226700,1122
7.088954838,4227022,322
7.091269350,4228160,1138
7.091269350,4228466,306
7.093674262,4229620,1154
7.093674262,4229910,290
7.095995874,4231080,1170
7.095995874,4231354,274
7.098310386,4232540,1186
7.098310386,4232798,258
7.100624898,4234000,1202
7.100624898,4234242,242
7.102939410,4235460,1218
7.102939410,4235686,226
7.105253922,4236920,1234
7.105253922,4237130,210
7.107658434,4238380,1250
7.107658434,4238574,194
7.109972946,4239840,1266
7.109972946,4240018,178
7.112287458,4241300,1282
7.112287458,4241462,162
7.114601970,4242760,1298
7.114601970,4242906,146
7.116916882,4244220,1314
7.116916882,4244350,130
7.119238494,4245680,1330
7.119238494,4245794,114
7.121553006,4247140,1346
7.121553006,4247238,98
7.123957518,4248600,1362
7.123957518,4248682,82
7.126272030,4250060,1378
7.126272030,4250126,66
7.128586462,4251520,1394
7.128586462,4251570,50
7.130899474,4252980,1410
7.130899474,4253014,34
7.133212486,4254440,1426
7.133212486,4254458,18
7.135525498,4255900,1442
7.135525498,4255902,2
7.137928990,4257354,1452
7.140250602,4257360,6
7.140250602,4258799,1439
7.142565114,4258820,21
7.142565114,4260244,1424
7.144879626,4260280,36
7.144879626,4261689,1409
7.147194138,4261740,51
7.147194138,4263134,1394
7.149508650,4263200,66
7.149508650,4264578,1378
7.151823162,4264660,82
7.151823162,4266022,1362
7.154213698,4266120,98
7.154213698,4267466,1346
7.156514757,4267580,114
7.156514757,4268910,1330
7.158815816,4269040,130
7.158815816,4270354,1314
7.161117275,4270500,146
7.161117275,4271798,1298
7.163425391,4271960,162
7.163425391,4273242,1282
7.165726450,4273420,178
7.165726450,4274686,1266
7.168027509,4274880,194
7.168027509,4276130,1250
7.170418045,4276340,210
7.170418045,4277574,1234
7.172719104,4277800,226
7.172719104,4279018,1218
7.175020163,4279260,242
7.175020163,4280462,1202
7.177321222,4280720,258
7.177321222,4281906,1186
7.179622281,4282180,274
7.179622281,4283350,1170
7.182013217,4283640,290
7.182013217,4284794,1154
7.184321333,4285100,306
7.184321333,4286238,1138
7.186622392,4286560,322
7.186622392,4287682,1122
7.188923451,4288020,338
7.188923451,4289126,1106
7.191224510,4289480,354
7.191224510,4290570,1090
7.193525569,4290940,370
7.193525569,4292014,1074
7.195826628,4292400,386
7.195826628,4293458,1058
7.198217164,4293860,402
7.198217164,4294902,1042
7.200518223,4295320,418
7.200518223,4296346,1026
7.202819282,4296780,434
7.202819282,4297790,1010
7.205120741,4298240,450
7.205120741,4299234,994
7.207428857,4299700,466
7.207428857,4300678,978
7.209729916,4301160,482
7.209729916,4302122,962
7.212120452,4302620,498
7.212120452,4303566,946
7.214421511,4304080,514
7.214421511,4305010,930
7.216722570,4305540,530
7.216722570,4306454,914
7.219023629,4307000,546
7.219023629,4307898,898
7.221324688,4308460,562
7.221324688,4309342,882
7.223625747,4309920,578
7.223625747,4310786,866
7.225926806,4311380,594
7.225926806,4312230,850
7.228324798,4312840,610
7.228324798,4313674,834
7.230625857,4314300,626
7.230625857,4315118,818
7.232926916,4315760,642
7.232926916,4316562,802
7.235227975,4317220,658
7.235227975,4318006,786
7.237529034,4318680,674
7.237529034,4319450,770
7.239830093,4320140,690
7.239830093,4320894,754
7.242220629,4321600,706
7.242220629,4322338,738
7.244521688,4323060,722
7.244521688,4323782,722
7.246822747,4324520,738
7.246822747,4325226,706
7.249124206,4325980,754
7.249124206,4326670,690
7.251432322,4327440,770
7.251432322,4328114,674
7.253526489,4328900,786
7.253526489,4329558,658
7.255620656,4330360,802
7.255620656,4331002,642
7.257796255,4331820,818
7.257796255,4332446,626
7.259890422,4333280,834
7.259890422,4333890,610
7.261984589,4334740,850
7.261984589,4335334,594
7.264078756,4336200,866
7.264078756,4336778,578
7.266172923,4337660,882
7.266172923,4338222,562
7.268348922,4339120,898
7.268348922,4339666,546
7.270449475,4340580,914
7.270449475,4341110,530
7.272543642,4342040,930
7.272543642,4342554,514
7.274637809,4343500,946
7.274637809,4343998,498
7.276731976,4344960,962
7.276731976,4345442,482
7.278826143,4346420,978
7.278826143,4346886,466
7.281001742,4347880,994
7.281001742,4348330,450
7.283095909,4349340,1010
7.283095909,4349774,434
7.285190076,4350800,1026
7.285190076,4351218,418
7.287284243,4352260,1042
7.287284243,4352662,402
7.289378810,4353720,1058
7.289378810,4354106,386
7.291479363,4355180,1074
7.291479363,4355550,370
7.293573530,4356640,1090
7.293573530,4356994,354
7.295749129,4358100,1106
7.295749129,4358438,338
7.297843296,4359560,1122
7.297843296,4359882,322
7.299937463,4361020,1138
7.299937463,4361326,306
7.302031630,4362480,1154
7.302031630,4362770,290
7.304125797,4363940,1170
7.304125797,4364214,274
7.306219964,4365400,1186
7.306219964,4365658,258
7.308395963,4366860,1202
7.308395963,4367102,242
7.310496516,4368320,1218
7.310496516,4368546,226
7.312590683,4369780,1234
7.312590683,4369990,210
7.314684850,4371240,1250
7.314684850,4371434,194
7.316779017,4372700,1266
7.316779017,4372878,178
7.318873184,4374160,1282
7.318873184,4374322,162
7.320967351,4375620,1298
7.320967351,4375766,146
7.323142950,4377080,1314
7.323142950,4377210,130
7.325237117,4378540,1330
7.325237117,4378654,114
7.327331284,4380000,1346
7.327331284,4380098,98
7.329425851,4381460,1362
7.329425851,4381542,82
7.331526404,4382920,1378
7.331526404,4382986,66
7.333620491,4384380,1394
7.333620491,4384430,50
7.335794733,4385840,1410
7.335794733,4385874,34
7.337887543,4387300,1426
7.337887543,4387318,18
7.339980353,4388760,1442
7.339980353,4388762,2
7.342073243,4390214,1452
7.344167410,4390220,6
7.344167410,4391659,1439
7.346261577,4391680,21
7.346261577,4393104,1424
7.348355744,4393140,36
7.348355744,4394549,1409
7.350538129,4394600,51
7.350538129,4395994,1394
7.352822906,4396060,66
7.352822906,4397438,1378
7.355107683,4397520,82
7.355107683,4398882,1362
7.357392460,4398980,98
7.357392460,4400326,1346
7.359677237,4400440,114
7.359677237,4401770,1330
7.362050858,4401900,130
7.362050858,4403214,1314
7.364335635,4403360,146
7.364335635,4404658,1298
7.366620412,4404820,162
7.366620412,4406102,1282
7.368905189,4406280,178
7.368905189,4407546,1266
7.371190366,4407740,194
7.371190366,4408990,1250
7.373482146,4409200,210
7.373482146,4410434,1234
7.375855767,4410660,226
7.375855767,4411878,1218
7.378140544,4412120,242
7.378140544,4413322,1202
7.380425321,4413580,258
7.380425321,4414766,1186
7.382710098,4415040,274
7.382710098,4416210,1170
7.384994875,4416500,290
7.384994875,4417654,1154
7.387279652,4417960,306
7.387279652,4419098,1138
7.389564429,4419420,322
7.389564429,4420542,1122
7.391938450,4420880,338
7.391938450,4421986,1106
7.394230230,4422340,354
7.394230230,4423430,1090
7.396515007,4423800,370
7.396515007,4424874,1074
7.398799784,4425260,386
7.398799784,4426318,1058
7.401084561,4426720,402
7.401084561,4427762,1042
7.403369338,4428180,418
7.403369338,4429206,1026
7.405742959,4429640,434
7.405742959,4430650,1010
7.408027736,4431100,450
7.408027736,4432094,994
7.410312513,4432560,466
7.410312513,4433538,978
7.412597290,4434020,482
7.412597290,4434982,962
7.414882467,4435480,498
7.414882467,4436426,946
7.417174247,4436940,514
7.417174247,4437870,930
7.419459024,4438400,530
7.419459024,4439314,914
7.421832645,4439860,546
7.421832645,4440758,898
7.424117422,4441320,562
7.424117422,4442202,882
7.426402199,4442780,578
7.426402199,4443646,866
7.428686976,4444240,594
7.428686976,4445090,850
7.430971753,4445700,610
7.430971753,4446534,834
7.433256530,4447160,626
7.433256530,4447978,818
7.435630551,4448620,642
7.435630551,4449422,802
7.437922331,4450080,658
7.437922331,4450866,786
7.440207108,4451540,674
7.440207108,4452310,770
7.442491885,4453000,690
7.442491885,4453754,754
7.444776662,4454460,706
7.444776662,4455198,738
7.447150283,4455920,722
7.447150283,4456642,722
7.449435060,4457380,738
7.449435060,4458086,706
7.451719837,4458840,754
7.451719837,4459530,690
7.453837685,4460300,770
7.453837685,4460974,674
7.455955533,4461760,786
7.455955533,4462418,658
7.458073781,4463220,802
7.458073781,4463862,642
7.460198092,4464680,818
7.460198092,4465306,626
7.462398293,4466140,834
7.462398293,4466750,610
7.464516141,4467600,850
7.464516141,4468194,594
7.466633989,4469060,866
7.466633989,4469638,578
7.468751837,4470520,882
7.468751837,4471082,562
7.470869685,4471980,898
7.470869685,4472526,546
7.472987533,4473440,914
7.472987533,4473970,530
7.475187734,4474900,930
7.475187734,4475414,514
7.477305982,4476360,946
7.477305982,4476858,498
7.479430293,4477820,962
7.479430293,4478302,482
7.481548141,4479280,978
7.481548141,4479746,466
7.483665989,4480740,994
7.483665989,4481190,450
7.485783837,4482200,1010
7.485783837,4482634,434
7.487901685,4483660,1026
7.487901685,4484078,418
7.490101886,4485120,1042
7.490101886,4485522,402
7.492219734,4486580,1058
7.492219734,4486966,386
7.494337582,4488040,1074
7.494337582,4488410,370
7.496455430,4489500,1090
7.496455430,4489854,354
7.498573678,4490960,1106
7.498573678,4491298,338
7.500697989,4492420,1122
7.500697989,4492742,322
7.502898190,4493880,1138
7.502898190,4494186,306
7.505016038,4495340,1154
7.505016038,4495630,290
7.507133886,4496800,1170
7.507133886,4497074,274
7.509251734,4498260,1186
7.509251734,4498518,258
7.511369582,4499720,1202
7.511369582,4499962,242
7.513487430,4501180,1218
7.513487430,4501406,226
7.515605278,4502640,1234
7.515605278,4502850,210
7.517805879,4504100,1250
7.517805879,4504294,194
7.519930190,4505560,1266
7.519930190,4505738,178
7.522048038,4507020,1282
7.522048038,4507182,162
7.524165886,4508480,1298
7.524165886,4508626,146
7.526283734,4509940,1314
7.526283734,4510070,130
7.528401582,4511400,1330
7.528401582,4511514,114
7.530601783,4512860,1346
7.530601783,4512958,98
7.532719631,4514320,1362
7.532719631,4514402,82
7.534837479,4515780,1378
7.534837479,4515846,66
7.536955247,4517240,1394
7.536955247,4517290,50
7.539072123,4518700,1410
7.539072123,4518734,34
7.541277414,4520160,1426
7.541277414,4520178,18
7.543393890,4521620,1442
7.543393890,4521622,2
7.545510446,4523074,1452
7.547628294,4523080,6
7.547628294,4524519,1439
7.549746142,4524540,21
7.549746142,4525964,1424
7.551863990,4526000,36
7.551863990,4527409,1409
7.553955765,4527460,51
7.553955765,4528854,1394
7.556128879,4528920,66
7.556128879,4530298,1378
7.558221054,4530380,82
7.558221054,4531742,1362
7.560319208,4531840,98
7.560319208,4533186,1346
7.562410983,4533300,114
7.562410983,4534630,1330
7.564502758,4534760,130
7.564502758,4536074,1314
7.566594533,4536220,146
7.566594533,4537518,1298
7.568767647,4537680,162
7.568767647,4538962,1282
7.570859422,4539140,178
7.570859422,4540406,1266
7.572951197,4540600,194
7.572951197,4541850,1250
7.575042972,4542060,210
7.575042972,4543294,1234
7.577134747,4543520,226
7.577134747,4544738,1218
7.579226922,4544980,242
7.579226922,4546182,1202
7.581325076,4546440,258
7.581325076,4547626,1186
7.583498190,4547900,274
7.583498190,4549070,1170
7.585589965,4549360,290
7.585589965,4550514,1154
7.587681740,4550820,306
7.587681740,4551958,1138
7.589773515,4552280,322
7.589773515,4553402,1122
7.591865290,4553740,338
7.591865290,4554846,1106
7.593957065,4555200,354
7.593957065,4556290,1090
7.596130179,4556660,370
7.596130179,4557734,1074
7.598222354,4558120,386
7.598222354,4559178,1058
7.600320508,4559580,402
7.600320508,4560622,1042
7.602412283,4561040,418
7.602412283,4562066,1026
7.604504058,4562500,434
7.604504058,4563510,1010
7.606595833,4563960,450
7.606595833,4564954,994
7.608687608,4565420,466
7.608687608,4566398,978
7.610860722,4566880,482
7.610860722,4567842,962
7.612952497,4568340,498
7.612952497,4569286,946
7.615044272,4569800,514
7.615044272,4570730,930
7.617136047,4571260,530
7.617136047,4572174,914
7.619228222,4572720,546
7.619228222,4573618,898
7.621407715,4574180,562
7.621407715,4575062,882
7.623499490,4575640,578
7.623499490,4576506,866
7.625591265,4577100,594
7.625591265,4577950,850
7.627683040,4578560,610
7.627683040,4579394,834
7.629774815,4580020,626
7.629774815,4580838,818
7.631866590,4581480,642
7.631866590,4582282,802
7.634039704,4582940,658
7.634039704,4583726,786
7.636131479,4584400,674
7.636131479,4585170,770
7.638223654,4585860,690
7.638223654,4586614,754
7.640321808,4587320,706
7.640321808,4588058,738
7.642413583,4588780,722
7.642413583,4589502,722
7.644505358,4590240,738
7.644505358,4590946,706
7.646597133,4591700,754
7.646597133,4592390,690
7.648688908,4593160,770
7.648688908,4593834,674
7.650862022,4594620,786
7.650862022,4595278,658
7.653228360,4596080,802
7.653228360,4596722,642
7.655594698,4597540,818
7.655594698,4598166,626
7.657961036,4599000,834
7.657961036,4599610,610
7.660327774,4600460,850
7.660327774,4601054,594
7.662701380,4601920,866
7.662701380,4602498,578
7.665159733,4603380,882
7.665159733,4603942,562
7.667526071,4604840,898
7.667526071,4605386,546
7.669892409,4606300,914
7.669892409,4606830,530
7.672258747,4607760,930
7.672258747,4608274,514
7.674625085,4609220,946
7.674625085,4609718,498
7.676991423,4610680,962
7.676991423,4611162,482
7.679357761,4612140,978
7.679357761,4612606,466
7.681816514,4613600,994
7.681816514,4614050,450
7.684190120,4615060,1010
7.684190120,4615494,434
7.686556458,4616520,1026
7.686556458,4616938,418
7.688922796,4617980,1042
7.688922796,4618382,402
7.691289134,4619440,1058
7.691289134,4619826,386
7.693655472,4620900,1074
7.693655472,4621270,370
7.696113825,4622360,1090
7.696113825,4622714,354
7.698480163,4623820,1106
7.698480163,4624158,338
7.700846501,4625280,1122
7.700846501,4625602,322
7.703212839,4626740,1138
7.703212839,4627046,306
7.705579577,4628200,1154
7.705579577,4628490,290
7.707953183,4629660,1170
7.707953183,4629934,274
7.710319521,4631120,1186
7.710319521,4631378,258
7.712777874,4632580,1202
7.712777874,4632822,242
7.715144212,4634040,1218
7.715144212,4634266,226
7.717510550,4635500,1234
7.717510550,4635710,210
7.719876888,4636960,1250
7.719876888,4637154,194
7.722243226,4638420,1266
7.722243226,4638598,178
7.724701579,4639880,1282
7.724701579,4640042,162
7.727068317,4641340,1298
7.727068317,4641486,146
7.729441923,4642800,1314
7.729441923,4642930,130
7.731808261,4644260,1330
7.731808261,4644374,114
7.734174599,4645720,1346
7.734174599,4645818,98
7.736540937,4647180,1362
7.736540937,4647262,82
7.738999290,4648640,1378
7.738999290,4648706,66
7.741365548,4650100,1394
7.741365548,4650150,50
7.743730352,4651560,1410
7.743730352,4651594,34
7.746095156,4653020,1426
7.746095156,4653038,18
7.748459960,4654480,1442
7.748459960,4654482,2
7.750825244,4655934,1452
7.753090862,4655940,6
7.753090862,4657379,1439
7.755437391,4657400,21
7.755437391,4658824,1424
7.757696090,4658860,36
7.757696090,4660269,1409
7.759954789,4660320,51
7.759954789,4661714,1394
7.762213488,4661780,66
7.762213488,4663158,1378
7.764472187,4663240,82
7.764472187,4664602,1362
7.766730886,4664700,98
7.766730886,4666046,1346
7.769077415,4666160,114
7.769077415,4667490,1330
7.771336514,4667620,130
7.771336514,4668934,1314
7.773602132,4669080,146
7.773602132,4670378,1298
7.775860831,4670540,162
7.775860831,4671822,1282
7.778119530,4672000,178
7.778119530,4673266,1266
7.780378229,4673460,194
7.780378229,4674710,1250
7.782636928,4674920,210
7.782636928,4676154,1234
7.784983457,4676380,226
7.784983457,4677598,1218
7.787242156,4677840,242
7.787242156,4679042,1202
7.789500855,4679300,258
7.789500855,4680486,1186
7.791759554,4680760,274
7.791759554,4681930,1170
7.794018653,4682220,290
7.794018653,4683374,1154
7.796284271,4683680,306
7.796284271,4684818,1138
7.798630800,4685140,322
7.798630800,4686262,1122
7.800889499,4686600,338
7.800889499,4687706,1106
7.803148198,4688060,354
7.803148198,4689150,1090
7.805406897,4689520,370
7.805406897,4690594,1074
7.807665596,4690980,386
7.807665596,4692038,1058
7.809924295,4692440,402
7.809924295,4693482,1042
7.812182994,4693900,418
7.812182994,4694926,1026
7.814529923,4695360,434
7.814529923,4696370,1010
7.816795541,4696820,450
7.816795541,4697814,994
7.819054240,4698280,466
7.819054240,4699258,978
7.821312939,4699740,482
7.821312939,4700702,962
7.823571638,4701200,498
7.823571638,4702146,946
7.825918167,4702660,514
7.825918167,4703590,930
7.828176866,4704120,530
7.828176866,4705034,914
7.830435565,4705580,546
7.830435565,4706478,898
7.832694264,4707040,562
7.832694264,4707922,882
7.834952963,4708500,578
7.834952963,4709366,866
7.837212062,4709960,594
7.837212062,4710810,850
7.839565510,4711420,610
7.839565510,4712254,834
7.841824209,4712880,626
7.841824209,4713698,818
7.844082908,4714340,642
7.844082908,4715142,802
7.846341607,4715800,658
7.846341607,4716586,786
7.848600306,4717260,674
7.848600306,4718030,770
7.850859005,4718720,690
7.850859005,4719474,754
7.853040704,4720180,706
7.853040704,4720918,738
7.855222403,4721640,722
7.855222403,4722362,722
7.857489338,4723100,738
7.857489338,4723806,706
7.859677706,4724560,754
7.859677706,4725250,690
7.861859405,4726020,770
7.861859405,4726694,674
7.864041104,4727480,786
7.864041104,4728138,658
7.866222803,4728940,802
7.866222803,4729582,642
7.868489338,4730400,818
7.868489338,4731026,626
7.870671037,4731860,834
7.870671037,4732470,610
7.872852736,4733320,850
7.872852736,4733914,594
7.875034435,4734780,866
7.875034435,4735358,578
7.877216134,4736240,882
7.877216134,4736802,562
7.879398233,4737700,898
7.879398233,4738246,546
7.881586601,4739160,914
7.881586601,4739690,530
7.883768300,4740620,930
7.883768300,4741134,514
7.886034835,4742080,946
7.886034835,4742578,498
7.888216534,4743540,962
7.888216534,4744022,482
7.890398233,4745000,978
7.890398233,4745466,466
7.892579932,4746460,994
7.892579932,4746910,450
7.894761631,4747920,1010
7.894761631,4748354,434
7.897028166,4749380,1026
7.897028166,4749798,418
7.899210265,4750840,1042
7.899210265,4751242,402
7.901398633,4752300,1058
7.901398633,4752686,386
7.903580332,4753760,1074
7.903580332,4754130,370
7.905762031,4755220,1090
7.905762031,4755574,354
7.908028566,4756680,1106
7.908028566,4757018,338
7.910210265,4758140,1122
7.910210265,4758462,322
7.912391964,4759600,1138
7.912391964,4759906,306
7.914573663,4761060,1154
7.914573663,4761350,290
7.916755362,4762520,1170
7.916755362,4762794,274
7.918937061,4763980,1186
7.918937061,4764238,258
7.921119160,4765440,1202
7.921119160,4765682,242
7.923307528,4766900,1218
7.923307528,4767126,226
7.925574063,4768360,1234
7.925574063,4768570,210
7.927755762,4769820,1250
7.927755762,4770014,194
7.929937461,4771280,1266
7.929937461,4771458,178
7.932119160,4772740,1282
7.932119160,4772902,162
7.934300859,4774200,1298
7.934300859,4774346,146
7.936567394,4775660,1314
7.936567394,4775790,130
7.938749093,4777120,1330
7.938749093,4777234,114
7.940931192,4778580,1346
7.940931192,4778678,98
7.943119560,4780040,1362
7.943119560,4780122,82
7.945301259,4781500,1378
7.945301259,4781566,66
7.947482878,4782960,1394
7.947482878,4783010,50
7.949663163,4784420,1410
7.949663163,4784454,34
7.951843448,4785880,1426
7.951843448,4785898,18
7.954096455,4787340,1442
7.954096455,4787342,2
7.956265160,4788794,1452
7.958435192,4788800,6
7.958435192,4790239,1439
7.960605224,4790260,21
7.960605224,4791684,1424
7.962775656,4791720,36
7.962775656,4793129,1409
7.965036702,4793180,51
7.965036702,4794574,1394
7.967206734,4794640,66
7.967206734,4796018,1378
7.969376766,4796100,82
7.969376766,4797462,1362
7.971546798,4797560,98
7.971546798,4798906,1346
7.973716830,4799020,114
7.973716830,4800350,1330
7.975886862,4800480,130
7.975886862,4801794,1314
7.978056894,4801940,146
7.978056894,4803238,1298
7.980226926,4803400,162
7.980226926,4804682,1282
7.982481740,4804860,178
7.982481740,4806126,1266
7.984658404,4806320,194
7.984658404,4807570,1250
7.986828436,4807780,210
7.986828436,4809014,1234
7.988998468,4809240,226
7.988998468,4810458,1218
7.991168500,4810700,242
7.991168500,4811902,1202
7.993422914,4812160,258
7.993422914,4813346,1186
7.995592946,4813620,274
7.995592946,4814790,1170
7.997762978,4815080,290
7.997762978,4816234,1154
7.999933010,4816540,306
7.999933010,4817678,1138
8.002103042,4818000,322
8.002103042,4819122,1122
8.004364488,4819460,338
8.004364488,4820566,1106
8.006534520,4820920,354
8.006534520,4822010,1090
8.008704552,4822380,370
8.008704552,4823454,1074
8.010874584,4823840,386
8.010874584,4824898,1058
8.013044616,4825300,402
8.013044616,4826342,1042
8.015214648,4826760,418
8.015214648,4827786,1026
8.017384680,4828220,434
8.017384680,4829230,1010
8.019554712,4829680,450
8.019554712,4830674,994
8.021809126,4831140,466
8.021809126,4832118,978
8.023979558,4832600,482
8.023979558,4833562,962
8.026156222,4834060,498
8.026156222,4835006,946
8.028326254,4835520,514
8.028326254,4836450,930
8.030496286,4836980,530
8.030496286,4837894,914
8.032750700,4838440,546
8.032750700,4839338,898
8.034920732,4839900,562
8.034920732,4840782,882
8.037090764,4841360,578
8.037090764,4842226,866
8.039260796,4842820,594
8.039260796,4843670,850
8.041430828,4844280,610
8.041430828,4845114,834
8.043600860,4845740,626
8.043600860,4846558,818
8.045771292,4847200,642
8.045771292,4848002,802
8.047947956,4848660,658
8.047947956,4849446,786
8.050202370,4850120,674
8.050202370,4850890,770
8.052336981,4851580,690
8.052336981,4852334,754
8.054471592,4853040,706
8.054471592,4853778,738
8.056606203,4854500,722
8.056606203,4855222,722
8.058740814,4855960,738
8.058740814,4856666,706
8.060958429,4857420,754
8.060958429,4858110,690
8.063093040,4858880,770
8.063093040,4859554,674
8.065228051,4860340,786
8.065228051,4860998,658
8.067369179,4861800,802
8.067369179,4862442,642
8.069503790,4863260,818
8.069503790,4863886,626
8.071721405,4864720,834
8.071721405,4865330,610
8.073856016,4866180,850
8.073856016,4866774,594
8.075990627,4867640,866
8.075990627,4868218,578
8.078125238,4869100,882
8.078125238,4869662,562
8.080259849,4870560,898
8.080259849,4871106,546
8.082394460,4872020,914
8.082394460,4872550,530
8.084529071,4873480,930
8.084529071,4873994,514
8.086664082,4874940,946
8.086664082,4875438,498
8.088888214,4876400,962
8.088888214,4876882,482
8.091022825,4877860,978
8.091022825,4878326,466
8.093157436,4879320,994
8.093157436,4879770,450
8.095292047,4880780,1010
8.095292047,4881214,434
8.097426658,4882240,1026
8.097426658,4882658,418
8.099644273,4883700,1042
8.099644273,4884102,402
8.101778884,4885160,1058
8.101778884,4885546,386
8.103913495,4886620,1074
8.103913495,4886990,370
8.106048506,4888080,1090
8.106048506,4888434,354
8.108189634,4889540,1106
8.108189634,4889878,338
8.110324245,4891000,1122
8.110324245,4891322,322
8.112458856,4892460,1138
8.112458856,4892766,306
8.114593467,4893920,1154
8.114593467,4894210,290
8.116811082,4895380,1170
8.116811082,4895654,274
8.118945693,4896840,1186
8.118945693,4897098,258
8.121080304,4898300,1202
8.121080304,4898542,242
8.123214915,4899760,1218
8.123214915,4899986,226
8.125349526,4901220,1234
8.125349526,4901430,210
8.127574059,4902680,1250
8.127574059,4902874,194
8.129708670,4904140,1266
8.129708670,4904318,178
8.131843281,4905600,1282
8.131843281,4905762,162
8.133977892,4907060,1298
8.133977892,4907206,146
8.136112503,4908520,1314
8.136112503,4908650,130
8.138247114,4909980,1330
8.138247114,4910094,114
8.140381725,4911440,1346
8.140381725,4911538,98
8.142516336,4912900,1362
8.142516336,4912982,82
8.144733951,4914360,1378
8.144733951,4914426,66
8.146868882,4915820,1394
8.146868882,4915870,50
8.149008626,4917280,1410
8.149008626,4917314,34
8.151141853,4918740,1426
8.151141853,4918758,18
8.153334162,4920200,1442
8.153334162,4920202,2
8.155526551,4921654,1452
8.157805584,4921660,6
8.157805584,4923099,1439
8.159999314,4923120,21
8.159999314,4924544,1424
8.162193044,4924580,36
8.162193044,4925989,1409
8.164386774,4926040,51
8.164386774,4927434,1394
8.166580504,4927500,66
8.166580504,4928878,1378
8.168866646,4928960,82
8.168866646,4930322,1362
8.171060376,4930420,98
8.171060376,4931766,1346
8.173254106,4931880,114
8.173254106,4933210,1330
8.175447836,4933340,130
8.175447836,4934654,1314
8.177641566,4934800,146
8.177641566,4936098,1298
8.179835296,4936260,162
8.179835296,4937542,1282
8.182029026,4937720,178
8.182029026,4938986,1266
8.184222756,4939180,194
8.184222756,4940430,1250
8.186501789,4940640,210
8.186501789,4941874,1234
8.188695919,4942100,226
8.188695919,4943318,1218
8.190896358,4943560,242
8.190896358,4944762,1202
8.193090088,4945020,258
8.193090088,4946206,1186
8.195283818,4946480,274
8.195283818,4947650,1170
8.197562851,4947940,290
8.197562851,4949094,1154
8.199756581,4949400,306
8.199756581,4950538,1138
8.201950311,4950860,322
8.201950311,4951982,1122
8.204144041,4952320,338
8.204144041,4953426,1106
8.206337771,4953780,354
8.206337771,4954870,1090
8.208531501,4955240,370
8.208531501,4956314,1074
8.210725631,4956700,386
8.210725631,4957758,1058
8.212926070,4958160,402
8.212926070,4959202,1042
8.215205103,4959620,418
8.215205103,4960646,1026
8.217398833,4961080,434
8.217398833,4962090,1010
8.219592563,4962540,450
8.219592563,4963534,994
8.221786293,4964000,466
8.221786293,4964978,978
8.223980023,4965460,482
8.223980023,4966422,962
8.226259056,4966920,498
8.226259056,4967866,946
8.228452786,4968380,514
8.228452786,4969310,930
8.230646916,4969840,530
8.230646916,4970754,914
8.232847355,4971300,546
8.232847355,4972198,898
8.235041085,4972760,562
8.235041085,4973642,882
8.237234815,4974220,578
8.237234815,4975086,866
8.239428545,4975680,594
8.239428545,4976530,850
8.241622275,4977140,610
8.241622275,4977974,834
8.243901308,4978600,626
8.243901308,4979418,818
8.246095038,4980060,642
8.246095038,4980862,802
8.248288768,4981520,658
8.248288768,4982306,786
8.250482498,4982980,674
8.250482498,4983750,770
8.252666310,4984440,690
8.252666310,4985194,754
8.254941300,4985900,706
8.254941300,4986638,738
8.257124712,4987360,722
8.257124712,4988082,722
8.259308124,4988820,738
8.259308124,4989526,706
8.261491536,4990280,754
8.261491536,4990970,690
8.263674948,4991740,770
8.263674948,4992414,674
8.265943262,4993200,786
8.265943262,4993858,658
8.268126674,4994660,802
8.268126674,4995302,642
8.270310086,4996120,818
8.270310086,4996746,626
8.272493898,4997580,834
8.272493898,4998190,610
8.274683986,4999040,850
8.274683986,4999634,594
8.276867398,5000500,866
8.276867398,5001078,578
8.279050810,5001960,882
8.279050810,5002522,562
8.281234222,5003420,898
8.281234222,5003966,546
8.283502536,5004880,914
8.283502536,5005410,530
8.285685948,5006340,930
8.285685948,5006854,514
8.287869360,5007800,946
8.287869360,5008298,498
8.290052772,5009260,962
8.290052772,5009742,482
8.292236184,5010720,978
8.292236184,5011186,466
8.294511573,5012180,994
8.294511573,5012630,450
8.296694985,5013640,1010
8.296694985,5014074,434
8.298878397,5015100,1026
8.298878397,5015518,418
8.301061809,5016560,1042
8.301061809,5016962,402
8.303245221,5018020,1058
8.303245221,5018406,386
8.305428633,5019480,1074
8.305428633,5019850,370
8.307612045,5020940,1090
8.307612045,5021294,354
8.309795457,5022400,1106
8.309795457,5022738,338
8.312063771,5023860,1122
8.312063771,5024182,322
8.314247583,5025320,1138
8.314247583,5025626,306
8.316437671,5026780,1154
8.316437671,5027070,290
8.318621083,5028240,1170
8.318621083,5028514,274
8.320804495,5029700,1186
8.320804495,5029958,258
8.323072809,5031160,1202
8.323072809,5031402,242
8.325256221,5032620,1218
8.325256221,5032846,226
8.327439633,5034080,1234
8.327439633,5034290,210
8.329623045,5035540,1250
8.329623045,5035734,194
8.331806457,5037000,1266
8.331806457,5037178,178
8.333989869,5038460,1282
8.333989869,5038622,162
8.336173681,5039920,1298
8.336173681,5040066,146
8.338363769,5041380,1314
8.338363769,5041510,130
8.340632083,5042840,1330
8.340632083,5042954,114
8.342815495,5044300,1346
8.342815495,5044398,98
8.344998907,5045760,1362
8.344998907,5045842,82
8.347182319,5047220,1378
8.347182319,5047286,66
8.349365651,5048680,1394
8.349365651,5048730,50
8.351632550,5050140,1410
8.351632550,5050174,34
8.353756521,5051600,1426
8.353756521,5051618,18
8.355880892,5053060,1442
8.355880892,5053062,2
8.358011430,5054514,1452
8.360136778,5054520,6
8.360136778,5055959,1439
8.362344770,5055980,21
8.362344770,5057404,1424
8.364470118,5057440,36
8.364470118,5058849,1409
8.366595466,5058900,51
8.366595466,5060294,1394
8.368720814,5060360,66
8.368720814,5061738,1378
8.370846162,5061820,82
8.370846162,5063182,1362
8.372971510,5063280,98
8.372971510,5064626,1346
8.375096858,5064740,114
8.375096858,5066070,1330
8.377222606,5066200,130
8.377222606,5067514,1314
8.379437086,5067660,146
8.379437086,5068958,1298
8.381562434,5069120,162
8.381562434,5070402,1282
8.383687782,5070580,178
8.383687782,5071846,1266
8.385813130,5072040,194
8.385813130,5073290,1250
8.387938478,5073500,210
8.387938478,5074734,1234
8.390146470,5074960,226
8.390146470,5076178,1218
8.392271818,5076420,242
8.392271818,5077622,1202
8.394397166,5077880,258
8.394397166,5079066,1186
8.396522914,5079340,274
8.396522914,5080510,1170
8.398654750,5080800,290
8.398654750,5081954,1154
8.400780098,5082260,306
8.400780098,5083398,1138
8.402905446,5083720,322
8.402905446,5084842,1122
8.405030794,5085180,338
8.405030794,5086286,1106
8.407238786,5086640,354
8.407238786,5087730,1090
8.409364134,5088100,370
8.409364134,5089174,1074
8.411489482,5089560,386
8.411489482,5090618,1058
8.413614830,5091020,402
8.413614830,5092062,1042
8.415740178,5092480,418
8.415740178,5093506,1026
8.417955057,5093940,434
8.417955057,5094950,1010
8.420080405,5095400,450
8.420080405,5096394,994
8.422205753,5096860,466
8.422205753,5097838,978
8.424331101,5098320,482
8.424331101,5099282,962
8.426456449,5099780,498
8.426456449,5100726,946
8.428581797,5101240,514
8.428581797,5102170,930
8.430707145,5102700,530
8.430707145,5103614,914
8.432832493,5104160,546
8.432832493,5105058,898
8.435040485,5105620,562
8.435040485,5106502,882
8.437166233,5107080,578
8.437166233,5107946,866
8.439298069,5108540,594
8.439298069,5109390,850
8.441423417,5110000,610
8.441423417,5110834,834
8.443548765,5111460,626
8.443548765,5112278,818
8.445756757,5112920,642
8.445756757,5113722,802
8.447882105,5114380,658
8.447882105,5115166,786
8.450007453,5115840,674
8.450007453,5116610,770
8.452132801,5117300,690
8.452132801,5118054,754
8.454489994,5118760,706
8.454489994,5119498,738
8.456939247,5120220,722
8.456939247,5120942,722
8.459303678,5121680,738
8.459303678,5122386,706
8.461660871,5123140,754
8.461660871,5123830,690
8.464018064,5124600,770
8.464018064,5125274,674
8.466375257,5126060,786
8.466375257,5126718,658
8.468732450,5127520,802
8.468732450,5128162,642
8.471089643,5128980,818
8.471089643,5129606,626
8.473446836,5130440,834
8.473446836,5131050,610
8.475895689,5131900,850
8.475895689,5132494,594
8.478252882,5133360,866
8.478252882,5133938,578
8.480610475,5134820,882
8.480610475,5135382,562
8.482974906,5136280,898
8.482974906,5136826,546
8.485332099,5137740,914
8.485332099,5138270,530
8.487780952,5139200,930
8.487780952,5139714,514
8.490138145,5140660,946
8.490138145,5141158,498
8.492495338,5142120,962
8.492495338,5142602,482
8.494852531,5143580,978
8.494852531,5144046,466
8.497209724,5145040,994
8.497209724,5145490,450
8.499566917,5146500,1010
8.499566917,5146934,434
8.501924110,5147960,1026
8.501924110,5148378,418
8.504281703,5149420,1042
8.504281703,5149822,402
8.506737794,5150880,1058
8.506737794,5151266,386
8.509094987,5152340,1074
8.509094987,5152710,370
8.511452180,5153800,1090
8.511452180,5154154,354
8.513809373,5155260,1106
8.513809373,5155598,338
8.516166566,5156720,1122
8.516166566,5157042,322
8.518615419,5158180,1138
8.518615419,5158486,306
8.520972612,5159640,1154
8.520972612,5159930,290
8.523329805,5161100,1170
8.523329805,5161374,274
8.525687398,5162560,1186
8.525687398,5162818,258
8.528051829,5164020,1202
8.528051829,5164262,242
8.530500682,5165480,1218
8.530500682,5165706,226
8.532857875,5166940,1234
8.532857875,5167150,210
8.535215068,5168400,1250
8.535215068,5168594,194
8.537572261,5169860,1266
8.537572261,5170038,178
8.539929454,5171320,1282
8.539929454,5171482,162
8.542286647,5172780,1298
8.542286647,5172926,146
8.544643840,5174240,1314
8.544643840,5174370,130
8.547001033,5175700,1330
8.547001033,5175814,114
8.549457524,5177160,1346
8.549457524,5177258,98
8.551814717,5178620,1362
8.551814717,5178702,82
8.553917827,5180080,1378
8.553917827,5180146,66
8.556020857,5181540,1394
8.556020857,5181590,50
8.558122604,5183000,1410
8.558122604,5183034,34
8.560306131,5184460,1426
8.560306131,5184478,18
8.562407878,5185920,1442
8.562407878,5185922,2
8.564509705,5187374,1452
8.566612815,5187380,6
8.566612815,5188819,1439
8.568716325,5188840,21
8.568716325,5190264,1424
8.570825850,5190300,36
8.570825850,5191709,1409
8.572928960,5191760,51
8.572928960,5193154,1394
8.575032070,5193220,66
8.575032070,5194598,1378
8.577216960,5194680,82
8.577216960,5196042,1362
8.579320070,5196140,98
8.579320070,5197486,1346
8.581423180,5197600,114
8.581423180,5198930,1330
8.583526290,5199060,130
8.583526290,5200374,1314
8.585629400,5200520,146
8.585629400,5201818,1298
8.587814690,5201980,162
8.587814690,5203262,1282
8.589924215,5203440,178
8.589924215,5204706,1266
8.592027325,5204900,194
8.592027325,5206150,1250
8.594130435,5206360,210
8.594130435,5207594,1234
8.596233545,5207820,226
8.596233545,5209038,1218
8.598336655,5209280,242
8.598336655,5210482,1202
8.600439765,5210740,258
8.600439765,5211926,1186
8.602542875,5212200,274
8.602542875,5213370,1170
8.604727765,5213660,290
8.604727765,5214814,1154
8.606830875,5215120,306
8.606830875,5216258,1138
8.608934385,5216580,322
8.608934385,5217702,1122
8.611043910,5218040,338
8.611043910,5219146,1106
8.613147020,5219500,354
8.613147020,5220590,1090
8.615331910,5220960,370
8.615331910,5222034,1074
8.617435020,5222420,386
8.617435020,5223478,1058
8.619538130,5223880,402
8.619538130,5224922,1042
8.621641240,5225340,418
8.621641240,5226366,1026
8.623744350,5226800,434
8.623744350,5227810,1010
8.625929240,5228260,450
8.625929240,5229254,994
8.628032750,5229720,466
8.628032750,5230698,978
8.630142275,5231180,482
8.630142275,5232142,962
8.632245385,5232640,498
8.632245385,5233586,946
8.634348495,5234100,514
8.634348495,5235030,930
8.636451605,5235560,530
8.636451605,5236474,914
8.638554715,5237020,546
8.638554715,5237918,898
8.640657825,5238480,562
8.640657825,5239362,882
8.642842715,5239940,578
8.642842715,5240806,866
8.644945825,5241400,594
8.644945825,5242250,850
8.645897026,5242860,610
8.645897026,5242880,20
