elapsed_s,rx_app,packet_bytes
0.163761456,1456,1456
0.165858831,1460,4
0.165858831,2905,1445
0.170411853,2920,15
0.170411853,4354,1434
0.180411853,4380,26
0.180411853,5803,1423
0.278873555,5840,37
0.278873555,7252,1412
0.281055288,7300,48
0.281055288,8701,1401
0.283237021,8760,59
0.283237021,10150,1390
0.285418754,10220,70
0.285418754,11598,1378
0.287600487,11680,82
0.287600487,13046,1366
0.289782220,13140,94
0.289782220,14494,1354
0.298875141,14600,106
0.298875141,15942,1342
0.301057274,16060,118
0.301057274,17390,1330
0.391739323,17520,130
0.391739323,18834,1314
0.393965407,18980,146
0.393965407,20278,1298
0.396191491,20440,162
0.396191491,21722,1282
0.398417575,21900,178
0.398417575,23166,1266
0.400643659,23360,194
0.400643659,24610,1250
0.402869743,24820,210
0.402869743,26054,1234
0.405095667,26280,226
0.405095667,27498,1218
0.407318864,27740,242
0.407318864,28942,1202
0.409542061,29200,258
0.409542061,30386,1186
0.411765658,30660,274
0.411765658,31830,1170
0.413995673,32120,290
0.413995673,33274,1154
0.416218870,33580,306
0.416218870,34718,1138
0.418524354,35040,322
0.418524354,36162,1122
0.420747551,36500,338
0.420747551,37606,1106
0.422970748,37960,354
0.422970748,39050,1090
0.425193945,39420,370
0.425193945,40494,1074
0.506589010,40880,386
0.506589010,41938,1058
0.508699775,42340,402
0.508699775,43382,1042
0.510816583,43800,418
0.510816583,44826,1026
0.512926948,45260,434
0.512926948,46270,1010
0.515037313,46720,450
0.515037313,47714,994
0.517147678,48180,466
0.517147678,49158,978
0.519257883,49640,482
0.519257883,50602,962
0.521365511,51100,498
0.521365511,52046,946
0.523473139,52560,514
0.523473139,53490,930
0.525580767,54020,530
0.525580767,54934,914
0.527688395,55480,546
0.527688395,56378,898
0.529796023,56940,562
0.529796023,57822,882
0.531904051,58400,578
0.531904051,59266,866
0.534018122,59860,594
0.534018122,60710,850
0.536125750,61320,610
0.536125750,62154,834
0.538233378,62780,626
0.538233378,63598,818
0.540341006,64240,642
0.540341006,65042,802
0.542448634,65700,658
0.542448634,66486,786
0.544634271,67160,674
0.544634271,67930,770
0.546741899,68620,690
0.546741899,69374,754
0.548849527,70080,706
0.548849527,70818,738
0.550957155,71540,722
0.550957155,72262,722
0.553065183,73000,738
0.553065183,73706,706
0.555176214,74460,754
0.555176214,76594,2134
0.555401174,77380,786
0.555401174,78038,658
0.557512134,78840,802
0.557512134,79482,642
0.559623094,80300,818
0.559623094,80926,626
0.561812186,81760,834
0.561812186,82370,610
0.563923146,83220,850
0.563923146,83814,594
0.566034106,84680,866
0.566034106,85258,578
0.568145066,86140,882
0.568145066,86702,562
0.613209258,87600,898
0.613209258,88146,546
0.615320218,89060,914
0.615320218,89590,530
0.617431178,90520,930
0.617431178,91034,514
0.619542138,91980,946
0.619542138,92478,498
0.621653098,93440,962
0.621653098,93922,482
0.623764058,94900,978
0.623764058,95366,466
0.625953150,96360,994
0.625953150,96810,450
0.628064110,97820,1010
0.628064110,98254,434
0.630175070,99280,1026
0.630175070,99698,418
0.632286430,100740,1042
0.632286430,101142,402
0.634403844,102200,1058
0.634403844,102586,386
0.636514804,103660,1074
0.636514804,104030,370
0.638625764,105120,1090
0.638625764,105474,354
0.640736724,106580,1106
0.640736724,106918,338
0.642847684,108040,1122
0.642847684,108362,322
0.644958644,109500,1138
0.644958644,109806,306
0.647069604,110960,1154
0.647069604,111250,290
0.649180564,112420,1170
0.649180564,112694,274
0.654303797,113880,1186
0.654303797,114138,258
0.656570696,115340,1202
0.656570696,115582,242
0.658778081,116800,1218
0.658778081,117026,226
0.660978721,118260,1234
0.660978721,118470,210
0.663179361,119720,1250
0.663179361,119914,194
0.665380001,121180,1266
0.665380001,121358,178
0.667580641,122640,1282
0.667580641,122802,162
0.669781281,124100,1298
0.669781281,124246,146
0.671981921,125560,1314
0.671981921,125690,130
0.674182561,127020,1330
0.674182561,127134,114
0.676383201,128480,1346
0.676383201,128578,98
0.678583841,129940,1362
0.678583841,130022,82
0.680873078,131400,1378
0.680873078,131466,66
0.683073638,132860,1394
0.683073638,132910,50
0.685272849,134320,1410
0.685272849,134354,34
0.687472060,135780,1426
0.687472060,135798,18
0.689671271,137240,1442
0.689671271,137242,2
0.691870562,138694,1452
0.694071202,138700,6
0.694071202,140139,1439
0.696271842,140160,21
0.696271842,141584,1424
0.698472482,141620,36
0.698472482,143029,1409
0.700673122,143080,51
0.700673122,144474,1394
0.702874162,144540,66
0.702874162,145918,1378
0.705081547,146000,82
0.705081547,147362,1362
0.707282187,147460,98
0.707282187,148806,1346
0.709482827,148920,114
0.709482827,150250,1330
0.711683467,150380,130
0.711683467,151694,1314
0.713884107,151840,146
0.713884107,153138,1298
0.716166199,153300,162
0.716166199,154582,1282
0.718366839,154760,178
0.718366839,156026,1266
0.720567479,156220,194
0.720567479,157470,1250
0.722768119,157680,210
0.722768119,158914,1234
0.724969159,159140,226
0.724969159,160358,1218
0.727176544,160600,242
0.727176544,161802,1202
0.729377184,162060,258
0.729377184,163246,1186
0.731577824,163520,274
0.731577824,164690,1170
0.733778464,164980,290
0.733778464,166134,1154
0.735979104,166440,306
0.735979104,167578,1138
0.738261196,167900,322
0.738261196,169022,1122
0.740461836,169360,338
0.740461836,170466,1106
0.742662476,170820,354
0.742662476,171910,1090
0.744863116,172280,370
0.744863116,173354,1074
0.747064156,173740,386
0.747064156,174798,1058
0.749271541,175200,402
0.749271541,176242,1042
0.751472181,176660,418
0.751472181,177686,1026
0.753669781,178120,434
0.753669781,179130,1010
0.755325381,179580,450
0.755325381,180574,994
0.757792210,181040,466
0.757792210,182018,978
0.760259039,182500,482
0.760259039,183462,962
0.762725868,183960,498
0.762725868,184906,946
0.765192697,185420,514
0.765192697,186350,930
0.767659926,186880,530
0.767659926,187794,914
0.770134194,188340,546
0.770134194,189238,898
0.772597823,189800,562
0.772597823,190682,882
0.775061452,191260,578
0.775061452,192126,866
0.777525081,192720,594
0.777525081,193570,850
0.779988710,194180,610
0.779988710,195014,834
0.782452339,195640,626
0.782452339,196458,818
0.785007154,197100,642
0.785007154,197902,802
0.787470783,198560,658
0.787470783,199346,786
0.789934412,200020,674
0.789934412,200790,770
0.792398441,201480,690
0.792398441,202234,754
0.794869669,202940,706
0.794869669,203678,738
0.797333298,204400,722
0.797333298,205122,722
0.799796927,205860,738
0.799796927,206566,706
0.802260556,207320,754
0.802260556,208010,690
0.804724185,208780,770
0.804724185,209454,674
0.807187814,210240,786
0.807187814,210898,658
0.809651443,211700,802
0.809651443,212342,642
0.812115072,213160,818
0.812115072,213786,626
0.814578701,214620,834
0.814578701,215230,610
0.817042330,216080,850
0.817042330,216674,594
0.819506359,217540,866
0.819506359,218118,578
0.821977587,219000,882
0.821977587,219562,562
0.824532402,220460,898
0.824532402,221006,546
0.826996031,221920,914
0.826996031,222450,530
0.829459660,223380,930
0.829459660,223894,514
0.831923289,224840,946
0.831923289,225338,498
0.834386918,226300,962
0.834386918,226782,482
0.836850547,227760,978
0.836850547,228226,466
0.839314176,229220,994
0.839314176,229670,450
0.841777805,230680,1010
0.841777805,231114,434
0.844241834,232140,1026
0.844241834,232558,418
0.846713062,233600,1042
0.846713062,234002,402
0.849267877,235060,1058
0.849267877,235446,386
0.851731506,236520,1074
0.851731506,236890,370
0.856134155,237980,1090
0.856134155,238334,354
0.858593487,239440,1106
0.858593487,239778,338
0.860991839,240900,1122
0.860991839,241222,322
0.863390191,242360,1138
0.863390191,242666,306
0.865788543,243820,1154
0.865788543,244110,290
0.868186895,245280,1170
0.868186895,245554,274
0.870585647,246740,1186
0.870585647,246998,258
0.872991385,248200,1202
0.872991385,248442,242
0.875389737,249660,1218
0.875389737,249886,226
0.877788089,251120,1234
0.877788089,251330,210
0.880275211,252580,1250
0.880275211,252774,194
0.882673563,254040,1266
0.882673563,254218,178
0.885071915,255500,1282
0.885071915,255662,162
0.887470267,256960,1298
0.887470267,257106,146
0.889868619,258420,1314
0.889868619,258550,130
0.892266971,259880,1330
0.892266971,259994,114
0.894665723,261340,1346
0.894665723,261438,98
0.897071461,262800,1362
0.897071461,262882,82
0.899469813,264260,1378
0.899469813,264326,66
0.901868085,265720,1394
0.901868085,265770,50
0.904264879,267180,1410
0.904264879,267214,34
0.906661673,268640,1426
0.906661673,268658,18
0.909058467,270100,1442
0.909058467,270102,2
0.911455341,271554,1452
0.913969013,271560,6
0.913969013,272999,1439
0.916308185,273020,21
0.916308185,274444,1424
0.923674531,274480,36
0.923674531,275889,1409
0.927627132,275940,51
0.927627132,277334,1394
0.929966304,277400,66
0.929966304,278778,1378
0.932305476,278860,82
0.932305476,280222,1362
0.934644648,280320,98
0.934644648,281666,1346
0.936983820,281780,114
0.936983820,283110,1330
0.939322992,283240,130
0.939322992,284554,1314
0.941662164,284700,146
0.941662164,285998,1298
0.944001336,286160,162
0.944001336,287442,1282
0.946340508,287620,178
0.946340508,288886,1266
0.948679680,289080,194
0.948679680,290330,1250
0.951018852,290540,210
0.951018852,291774,1234
0.953446794,292000,226
0.953446794,293218,1218
0.955785966,293460,242
0.955785966,294662,1202
0.956872767,294920,258
0.956872767,296106,1186
0.958959568,296380,274
0.958959568,297550,1170
0.961046369,297840,290
0.961046369,298994,1154
0.963133170,299300,306
0.963133170,300438,1138
0.965219971,300760,322
0.965219971,301882,1122
0.967306772,302220,338
0.967306772,303326,1106
0.969393573,303680,354
0.969393573,304770,1090
0.971480374,305140,370
0.971480374,306214,1074
0.973567175,306600,386
0.973567175,307658,1058
0.975653976,308060,402
0.975653976,309102,1042
0.977740777,309520,418
0.977740777,310546,1026
0.979827578,310980,434
0.979827578,311990,1010
0.981914379,312440,450
0.981914379,313434,994
0.984001180,313900,466
0.984001180,314878,978
0.986167173,315360,482
0.986167173,316322,962
0.988253974,316820,498
0.988253974,317766,946
0.990340775,318280,514
0.990340775,319210,930
0.992427576,319740,530
0.992427576,320654,914
0.994514377,321200,546
0.994514377,322098,898
0.996601178,322660,562
0.996601178,323542,882
0.998687979,324120,578
0.998687979,324986,866
1.000774780,325580,594
1.000774780,326430,850
1.002861581,327040,610
1.002861581,327874,834
1.004948382,328500,626
1.004948382,329318,818
1.007035183,329960,642
1.007035183,330762,802
1.009121984,331420,658
1.009121984,332206,786
1.011292145,332880,674
1.011292145,333650,770
1.013378946,334340,690
1.013378946,335094,754
1.015465747,335800,706
1.015465747,336538,738
1.017552548,337260,722
1.017552548,337982,722
1.019639349,338720,738
1.019639349,339426,706
1.021726150,340180,754
1.021726150,340870,690
1.023812951,341640,770
1.023812951,342314,674
1.025899752,343100,786
1.025899752,343758,658
1.027986553,344560,802
1.027986553,345202,642
1.030073354,346020,818
1.030073354,346646,626
1.032243515,347480,834
1.032243515,348090,610
1.034330316,348940,850
1.034330316,349534,594
1.036417117,350400,866
1.036417117,350978,578
1.038503918,351860,882
1.038503918,352422,562
1.040590719,353320,898
1.040590719,353866,546
1.042677520,354780,914
1.042677520,355310,530
1.044764321,356240,930
1.044764321,356754,514
1.046851122,357700,946
1.046851122,358198,498
1.048994886,359160,962
1.048994886,359642,482
1.051138650,360620,978
1.051138650,361086,466
1.053282414,362080,994
1.053282414,362530,450
1.055410538,363540,1010
1.055410538,363974,434
1.057538662,365000,1026
1.057538662,365418,418
1.059666786,366460,1042
1.059666786,366862,402
1.061821115,367920,1058
1.061821115,368306,386
1.063892692,369380,1074
1.063892692,369750,370
1.065964269,370840,1090
1.065964269,371194,354
1.068035846,372300,1106
1.068035846,372638,338
1.070107423,373760,1122
1.070107423,374082,322
1.072179000,375220,1138
1.072179000,375526,306
1.074250577,376680,1154
1.074250577,376970,290
1.076322154,378140,1170
1.076322154,378414,274
1.078393731,379600,1186
1.078393731,379858,258
1.080465308,381060,1202
1.080465308,381302,242
1.082536885,382520,1218
1.082536885,382746,226
1.084608462,383980,1234
1.084608462,384190,210
1.086762791,385440,1250
1.086762791,385634,194
1.088834368,386900,1266
1.088834368,387078,178
1.090905945,388360,1282
1.090905945,388522,162
1.092977522,389820,1298
1.092977522,389966,146
1.095049099,391280,1314
1.095049099,391410,130
1.097120676,392740,1330
1.097120676,392854,114
1.099192253,394200,1346
1.099192253,394298,98
1.101263830,395660,1362
1.101263830,395742,82
1.103335407,397120,1378
1.103335407,397186,66
1.105406984,398580,1394
1.105406984,398630,50
1.107478561,400040,1410
1.107478561,400074,34
1.109550138,401500,1426
1.109550138,401518,18
1.111621715,402960,1442
1.111621715,402962,2
1.113693292,404414,1452
1.115764869,404420,6
1.115764869,405859,1439
1.731537786,405880,21
1.731537786,534378,128498
1.734655462,535820,1442
1.734655462,535822,2
1.734655462,674469,138647
1.820616696,674520,51
1.820616696,704794,30274
1.869626455,705180,386
1.869626455,732230,27050
1.909847073,732920,690
1.909847073,756778,23858
1.948827784,757740,962
1.948827784,781326,23586
1.986268172,782560,1234
1.986268172,805884,23324
2.012961330,805920,36
2.012961330,818882,12962
2.037695232,819060,178
2.037695232,821770,2710
2.037695232,821980,210
2.037695232,823214,1234
2.037695232,823440,226
2.037695232,824658,1218
2.037695232,824900,242
2.037695232,833322,8422
2.039817532,833660,338
2.039817532,950298,116638
2.089260370,950460,162
2.089260370,953186,2726
2.089260370,953380,194
2.089260370,954630,1250
2.089260370,954840,210
2.089260370,956074,1234
2.089260370,956300,226
2.089260370,960406,4106
2.097453518,960680,274
2.097453518,969070,8390
2.105715726,969440,370
2.105715726,980622,11182
2.124438588,981120,498
2.124438588,993618,12498
2.143077704,994260,642
2.143077704,1006614,12354
2.168712604,1007400,786
2.168712604,1091822,84422
2.170927969,1092080,258
2.170927969,1093266,1186
2.173131203,1093540,274
2.173131203,1094710,1170
2.175420110,1095000,290
2.175420110,1096154,1154
2.177623344,1096460,306
2.177623344,1097598,1138
2.179826578,1097920,322
2.179826578,1099042,1122
2.182029812,1099380,338
2.182029812,1100486,1106
2.184233046,1100840,354
2.184233046,1101930,1090
2.186436280,1102300,370
2.186436280,1103374,1074
2.188639914,1103760,386
2.188639914,1104818,1058
2.190935560,1105220,402
2.190935560,1106262,1042
2.193224467,1106680,418
2.193224467,1107706,1026
2.195427701,1108140,434
2.195427701,1109150,1010
2.197630935,1109600,450
2.197630935,1110594,994
2.199834169,1111060,466
2.199834169,1112038,978
2.202037403,1112520,482
2.202037403,1113482,962
2.204326310,1113980,498
2.204326310,1114926,946
2.206529944,1115440,514
2.206529944,1116370,930
2.208739917,1116900,530
2.208739917,1117814,914
2.210943151,1118360,546
2.210943151,1119258,898
2.213146385,1119820,562
2.213146385,1120702,882
2.215349619,1121280,578
2.215349619,1122146,866
2.217552853,1122740,594
2.217552853,1123590,850
2.219756087,1124200,610
2.219756087,1125034,834
2.222044994,1125660,626
2.222044994,1126478,818
2.224248228,1127120,642
2.224248228,1127922,802
2.226451462,1128580,658
2.226451462,1129366,786
2.228655096,1130040,674
2.228655096,1130810,770
2.230865069,1131500,690
2.230865069,1132254,754
2.233068303,1132960,706
2.233068303,1133698,738
2.235271537,1134420,722
2.235271537,1135142,722
2.237560444,1135880,738
2.237560444,1136586,706
2.239763678,1137340,754
2.239763678,1138030,690
2.241966912,1138800,770
2.241966912,1139474,674
2.244170146,1140260,786
2.244170146,1140918,658
2.246373380,1141720,802
2.246373380,1142362,642
2.248576614,1143180,818
2.248576614,1143806,626
2.250780248,1144640,834
2.250780248,1145250,610
2.252990221,1146100,850
2.252990221,1146694,594
2.255190175,1147560,866
2.255190175,1148138,578
2.256697219,1149020,882
2.256697219,1149582,562
2.259107268,1150480,898
2.259107268,1151026,546
2.261517317,1151940,914
2.261517317,1152470,530
2.263927366,1153400,930
2.263927366,1153914,514
2.266337415,1154860,946
2.266337415,1155358,498
2.268841179,1156320,962
2.268841179,1156802,482
2.271251628,1157780,978
2.271251628,1158246,466
2.273669087,1159240,994
2.273669087,1159690,450
2.276079136,1160700,1010
2.276079136,1161134,434
2.278489185,1162160,1026
2.278489185,1162578,418
2.280899234,1163620,1042
2.280899234,1164022,402
2.283309283,1165080,1058
2.283309283,1165466,386
2.285719332,1166540,1074
2.285719332,1166910,370
2.288223096,1168000,1090
2.288223096,1168354,354
2.290633145,1169460,1106
2.290633145,1169798,338
2.293043194,1170920,1122
2.293043194,1171242,322
2.295453643,1172380,1138
2.295453643,1172686,306
2.297871102,1173840,1154
2.297871102,1174130,290
2.300281151,1175300,1170
2.300281151,1175574,274
2.302784915,1176760,1186
2.302784915,1177018,258
2.305194964,1178220,1202
2.305194964,1178462,242
2.307605013,1179680,1218
2.307605013,1179906,226
2.310015062,1181140,1234
2.310015062,1181350,210
2.312425111,1182600,1250
2.312425111,1182794,194
2.314835160,1184060,1266
2.314835160,1184238,178
2.317245209,1185520,1282
2.317245209,1185682,162
2.319756783,1186980,1298
2.319756783,1187126,146
2.322166832,1188440,1314
2.322166832,1188570,130
2.324576881,1189900,1330
2.324576881,1190014,114
2.326986930,1191360,1346
2.326986930,1191458,98
2.329396979,1192820,1362
2.329396979,1192902,82
2.331807028,1194280,1378
2.331807028,1194346,66
2.334310712,1195740,1394
2.334310712,1195790,50
2.336719200,1197200,1410
2.336719200,1197234,34
2.339127688,1198660,1426
2.339127688,1198678,18
2.341536576,1200120,1442
2.341536576,1200122,2
2.343952553,1201574,1452
2.346362602,1201580,6
2.346362602,1203019,1439
2.348772651,1203040,21
2.348772651,1204464,1424
2.351182700,1204500,36
2.351182700,1205909,1409
2.353683184,1205960,51
2.353683184,1208798,2838
2.355396166,1208880,82
2.355396166,1210242,1362
2.357751017,1210340,98
2.357751017,1211686,1346
2.360197837,1211800,114
2.360197837,1213130,1330
2.362559918,1213260,130
2.362559918,1214574,1314
2.364914769,1214720,146
2.364914769,1216018,1298
2.367269620,1216180,162
2.367269620,1217462,1282
2.369624471,1217640,178
2.369624471,1218906,1266
2.371979322,1219100,194
2.371979322,1220350,1250
2.374334173,1220560,210
2.374334173,1221794,1234
2.376689024,1222020,226
2.376689024,1223238,1218
2.379135444,1223480,242
2.379135444,1224682,1202
2.381490295,1224940,258
2.381490295,1226126,1186
2.383845546,1226400,274
2.383845546,1227570,1170
2.386207627,1227860,290
2.386207627,1229014,1154
2.388562478,1229320,306
2.388562478,1230458,1138
2.391008898,1230780,322
2.391008898,1231902,1122
2.393363749,1232240,338
2.393363749,1233346,1106
2.395718600,1233700,354
2.395718600,1234790,1090
2.398073451,1235160,370
2.398073451,1236234,1074
2.400428302,1236620,386
2.400428302,1237678,1058
2.402874722,1238080,402
2.402874722,1239122,1042
2.405229973,1239540,418
2.405229973,1240566,1026
2.407592054,1241000,434
2.407592054,1242010,1010
2.409946905,1242460,450
2.409946905,1243454,994
2.412301756,1243920,466
2.412301756,1244898,978
2.414656607,1245380,482
2.414656607,1246342,962
2.417011458,1246840,498
2.417011458,1247786,946
2.419366309,1248300,514
2.419366309,1249230,930
2.421812729,1249760,530
2.421812729,1250674,914
2.424167580,1251220,546
2.424167580,1252118,898
2.426522431,1252680,562
2.426522431,1253562,882
2.428877682,1254140,578
2.428877682,1255006,866
2.431239763,1255600,594
2.431239763,1256450,850
2.433594614,1257060,610
2.433594614,1257894,834
2.436041034,1258520,626
2.436041034,1259338,818
2.438395885,1259980,642
2.438395885,1260782,802
2.440750736,1261440,658
2.440750736,1262226,786
2.443105587,1262900,674
2.443105587,1263670,770
2.445460438,1264360,690
2.445460438,1265114,754
2.447815289,1265820,706
2.447815289,1266558,738
2.454111234,1267280,722
2.454111234,1268002,722
2.456475789,1268740,738
2.456475789,1269446,706
2.458877748,1270200,754
2.458877748,1270890,690
2.461182997,1271660,770
2.461182997,1272334,674
2.463488246,1273120,786
2.463488246,1273778,658
2.465793495,1274580,802
2.465793495,1275222,642
2.468098744,1276040,818
2.468098744,1276666,626
2.470493633,1277500,834
2.470493633,1278110,610
2.472798882,1278960,850
2.472798882,1279554,594
2.475104131,1280420,866
2.475104131,1280998,578
2.477409780,1281880,882
2.477409780,1282442,562
2.479722099,1283340,898
2.479722099,1283886,546
2.482027348,1284800,914
2.482027348,1285330,530
2.484422237,1286260,930
2.484422237,1286774,514
2.486727486,1287720,946
2.486727486,1288218,498
2.489032735,1289180,962
2.489032735,1289662,482
2.491337984,1290640,978
2.491337984,1291106,466
2.493643233,1292100,994
2.493643233,1292550,450
2.495948482,1293560,1010
2.495948482,1293994,434
2.498253731,1295020,1026
2.498253731,1295438,418
2.500559380,1296480,1042
2.500559380,1296882,402
2.502961339,1297940,1058
2.502961339,1298326,386
2.505266588,1299400,1074
2.505266588,1299770,370
2.507571837,1300860,1090
2.507571837,1301214,354
2.509877086,1302320,1106
2.509877086,1302658,338
2.512182335,1303780,1122
2.512182335,1304102,322
2.514577224,1305240,1138
2.514577224,1305546,306
2.516882473,1306700,1154
2.516882473,1306990,290
2.519187722,1308160,1170
2.519187722,1308434,274
2.521493371,1309620,1186
2.521493371,1309878,258
2.523805690,1311080,1202
2.523805690,1311322,242
2.526110939,1312540,1218
2.526110939,1312766,226
2.528416188,1314000,1234
2.528416188,1314210,210
2.530721437,1315460,1250
2.530721437,1315654,194
2.533116326,1316920,1266
2.533116326,1317098,178
2.535421575,1318380,1282
2.535421575,1318542,162
2.537726824,1319840,1298
2.537726824,1319986,146
2.540032073,1321300,1314
2.540032073,1321430,130
2.542337322,1322760,1330
2.542337322,1322874,114
2.544739681,1324220,1346
2.544739681,1324318,98
2.547044930,1325680,1362
2.547044930,1325762,82
2.549350179,1327140,1378
2.549350179,1327206,66
2.551655348,1328600,1394
2.551655348,1328650,50
2.553959103,1330060,1410
2.553959103,1330094,34
2.556259658,1331520,1426
2.556259658,1332982,1462
2.556713844,1334434,1452
2.559027333,1334440,6
2.559027333,1335879,1439
2.561254629,1335900,21
2.561254629,1337324,1424
2.563488341,1337360,36
2.563488341,1338769,1409
2.565715237,1338820,51
2.565715237,1340214,1394
2.567942133,1340280,66
2.567942133,1341658,1378
2.570255622,1341740,82
2.570255622,1343102,1362
2.572482518,1343200,98
2.572482518,1344546,1346
2.574709414,1344660,114
2.574709414,1345990,1330
2.576936310,1346120,130
2.576936310,1347434,1314
2.579163206,1347580,146
2.579163206,1348878,1298
2.581477095,1349040,162
2.581477095,1350322,1282
2.583710807,1350500,178
2.583710807,1351766,1266
2.585937703,1351960,194
2.585937703,1353210,1250
2.588164599,1353420,210
2.588164599,1354654,1234
2.590391495,1354880,226
2.590391495,1356098,1218
2.592618391,1356340,242
2.592618391,1357542,1202
2.594845287,1357800,258
2.594845287,1358986,1186
2.597072183,1359260,274
2.597072183,1360430,1170
2.599385672,1360720,290
2.599385672,1361874,1154
2.601612568,1362180,306
2.601612568,1363318,1138
2.603839864,1363640,322
2.603839864,1364762,1122
2.606073576,1365100,338
2.606073576,1366206,1106
2.608300472,1366560,354
2.608300472,1367650,1090
2.610613961,1368020,370
2.610613961,1369094,1074
2.612840857,1369480,386
2.612840857,1370538,1058
2.615067753,1370940,402
2.615067753,1371982,1042
2.617294649,1372400,418
2.617294649,1373426,1026
2.619521545,1373860,434
2.619521545,1374870,1010
2.621748441,1375320,450
2.621748441,1376314,994
2.623975337,1376780,466
2.623975337,1377758,978
2.626202633,1378240,482
2.626202633,1379202,962
2.628522938,1379700,498
2.628522938,1380646,946
2.630749834,1381160,514
2.630749834,1382090,930
2.632976730,1382620,530
2.632976730,1383534,914
2.635203626,1384080,546
2.635203626,1384978,898
2.637430522,1385540,562
2.637430522,1386422,882
2.639744011,1387000,578
2.639744011,1387866,866
2.641970907,1388460,594
2.641970907,1389310,850
2.644197803,1389920,610
2.644197803,1390754,834
2.646425099,1391380,626
2.646425099,1392198,818
2.648658811,1392840,642
2.648658811,1393642,802
2.650885707,1394300,658
2.650885707,1395086,786
2.653063516,1395760,674
2.653063516,1396530,770
2.655241325,1397220,690
2.655241325,1397974,754
2.657504138,1398680,706
2.657504138,1399418,738
2.659687593,1400140,722
2.659687593,1400862,722
2.661870728,1401600,738
2.661870728,1402306,706
2.664048537,1403060,754
2.664048537,1403750,690
2.666226346,1404520,770
2.666226346,1405194,674
2.668495896,1405980,786
2.668495896,1406638,658
2.670673705,1407440,802
2.670673705,1408082,642
2.672851514,1408900,818
2.672851514,1409526,626
2.675029323,1410360,834
2.675029323,1410970,610
2.677207132,1411820,850
2.677207132,1412414,594
2.679469625,1413280,866
2.679469625,1413858,578
2.681647434,1414740,882
2.681647434,1415302,562
2.683825243,1416200,898
2.683825243,1416746,546
2.686003052,1417660,914
2.686003052,1418190,530
2.688181261,1419120,930
2.688181261,1419634,514
2.690365728,1420580,946
2.690365728,1421078,498
2.692543537,1422040,962
2.692543537,1422522,482
2.694721346,1423500,978
2.694721346,1423966,466
2.696983839,1424960,994
2.696983839,1425410,450
2.699161648,1426420,1010
2.699161648,1426854,434
2.701339457,1427880,1026
2.701339457,1428298,418
2.703517266,1429340,1042
2.703517266,1429742,402
2.705695075,1430800,1058
2.705695075,1431186,386
2.707957968,1432260,1074
2.707957968,1432630,370
2.710142435,1433720,1090
2.710142435,1434074,354
2.712320244,1435180,1106
2.712320244,1435518,338
2.714498053,1436640,1122
2.714498053,1436962,322
2.716675862,1438100,1138
2.716675862,1438406,306
2.718853671,1439560,1154
2.718853671,1439850,290
2.721031480,1441020,1170
2.721031480,1441294,274
2.723209289,1442480,1186
2.723209289,1442738,258
2.725471782,1443940,1202
2.725471782,1444182,242
2.727649591,1445400,1218
2.727649591,1445626,226
2.729827800,1446860,1234
2.729827800,1447070,210
2.732012267,1448320,1250
2.732012267,1448514,194
2.734190076,1449780,1266
2.734190076,1449958,178
2.736452569,1451240,1282
2.736452569,1451402,162
2.738630378,1452700,1298
2.738630378,1452846,146
2.740808187,1454160,1314
2.740808187,1454290,130
2.742985996,1455620,1330
2.742985996,1455734,114
2.745163805,1457080,1346
2.745163805,1457178,98
2.747341614,1458540,1362
2.747341614,1458622,82
2.749519423,1460000,1378
2.749519423,1460066,66
2.755637672,1461460,1394
2.755637672,1461510,50
2.757849823,1462920,1410
2.757849823,1462954,34
2.759915423,1464380,1426
2.759915423,1464398,18
2.761981023,1465840,1442
2.761981023,1465842,2
2.764046703,1467294,1452
2.766113642,1467300,6
2.766113642,1468739,1439
2.768260954,1468760,21
2.768260954,1470184,1424
2.770327893,1470220,36
2.770327893,1471629,1409
2.772394832,1471680,51
2.772394832,1473074,1394
2.774462171,1473140,66
2.774462171,1474518,1378
2.776535408,1474600,82
2.776535408,1475962,1362
2.778682720,1476060,98
2.778682720,1477406,1346
2.780749659,1477520,114
2.780749659,1478850,1330
2.782816598,1478980,130
2.782816598,1480294,1314
2.784883537,1480440,146
2.784883537,1481738,1298
2.786950476,1481900,162
2.786950476,1483182,1282
2.789017415,1483360,178
2.789017415,1484626,1266
2.791084354,1484820,194
2.791084354,1486070,1250
2.793151293,1486280,210
2.793151293,1487514,1234
2.795305303,1487740,226
2.795305303,1488958,1218
2.797372242,1489200,242
2.797372242,1490402,1202
2.799439181,1490660,258
2.799439181,1491846,1186
2.801506120,1492120,274
2.801506120,1493290,1170
2.803573059,1493580,290
2.803573059,1494734,1154
2.805720371,1495040,306
2.805720371,1496178,1138
2.807787310,1496500,322
2.807787310,1497622,1122
2.809854249,1497960,338
2.809854249,1499066,1106
2.811921188,1499420,354
2.811921188,1500510,1090
2.813988527,1500880,370
2.813988527,1501954,1074
2.816061764,1502340,386
2.816061764,1503398,1058
2.818128703,1503800,402
2.818128703,1504842,1042
2.820195642,1505260,418
2.820195642,1506286,1026
2.822342954,1506720,434
2.822342954,1507730,1010
2.824409893,1508180,450
2.824409893,1509174,994
2.826476832,1509640,466
2.826476832,1510618,978
2.828543771,1511100,482
2.828543771,1512062,962
2.830610710,1512560,498
2.830610710,1513506,946
2.832758422,1514020,514
2.832758422,1514950,930
2.834831659,1515480,530
2.834831659,1516394,914
2.836898598,1516940,546
2.836898598,1517838,898
2.838965537,1518400,562
2.838965537,1519282,882
2.841032476,1519860,578
2.841032476,1520726,866
2.843179788,1521320,594
2.843179788,1522170,850
2.845246727,1522780,610
2.845246727,1523614,834
2.847313666,1524240,626
2.847313666,1525058,818
2.849380605,1525700,642
2.849380605,1526502,802
2.851447544,1527160,658
2.851447544,1527946,786
2.853514883,1528620,674
2.853514883,1529390,770
2.855584840,1530080,690
2.855584840,1530834,754
2.855903478,1531540,706
2.855903478,1532278,738
2.858308869,1533000,722
2.858308869,1533722,722
2.860624227,1534460,738
2.860624227,1535166,706
2.862939585,1535920,754
2.862939585,1536610,690
2.865254943,1537380,770
2.865254943,1538054,674
2.867570301,1538840,786
2.867570301,1539498,658
2.869975692,1540300,802
2.869975692,1540942,642
2.872291450,1541760,818
2.872291450,1542386,626
2.874613911,1543220,834
2.874613911,1543830,610
2.876929269,1544680,850
2.876929269,1545274,594
2.879244627,1546140,866
2.879244627,1546718,578
2.881559985,1547600,882
2.881559985,1548162,562
2.883875343,1549060,898
2.883875343,1549606,546
2.886190701,1550520,914
2.886190701,1551050,530
2.888596092,1551980,930
2.888596092,1552494,514
2.890911450,1553440,946
2.890911450,1553938,498
2.893226808,1554900,962
2.893226808,1555382,482
2.895542566,1556360,978
2.895542566,1556826,466
2.897865027,1557820,994
2.897865027,1558270,450
2.900270418,1559280,1010
2.900270418,1559714,434
2.902585776,1560740,1026
2.902585776,1561158,418
2.904901134,1562200,1042
2.904901134,1562602,402
2.907216492,1563660,1058
2.907216492,1564046,386
2.909531850,1565120,1074
2.909531850,1565490,370
2.911847208,1566580,1090
2.911847208,1566934,354
2.914162566,1568040,1106
2.914162566,1568378,338
2.916477924,1569500,1122
2.916477924,1569822,322
2.918793682,1570960,1138
2.918793682,1571266,306
2.921206176,1572420,1154
2.921206176,1572710,290
2.923521534,1573880,1170
2.923521534,1574154,274
2.925836892,1575340,1186
2.925836892,1575598,258
2.928152250,1576800,1202
2.928152250,1577042,242
2.930467608,1578260,1218
2.930467608,1578486,226
2.932872999,1579720,1234
2.932872999,1579930,210
2.935188357,1581180,1250
2.935188357,1581374,194
2.937503715,1582640,1266
2.937503715,1582818,178
2.939819473,1584100,1282
2.939819473,1584262,162
2.942141934,1585560,1298
2.942141934,1585706,146
2.944547325,1587020,1314
2.944547325,1587150,130
2.946862683,1588480,1330
2.946862683,1588594,114
2.949178041,1589940,1346
2.949178041,1590038,98
2.951493399,1591400,1362
2.951493399,1591482,82
2.954749175,1592860,1378
2.954749175,1592926,66
2.957088501,1594320,1394
2.957088501,1594370,50
2.959366848,1595780,1410
2.959366848,1595814,34
2.961645195,1597240,1426
2.961645195,1597258,18
2.964019581,1598700,1442
2.964019581,1598702,2
2.966298008,1600154,1452
2.968577832,1600160,6
2.968577832,1601599,1439
2.970857656,1601620,21
2.970857656,1603044,1424
2.973137480,1603080,36
2.973137480,1604489,1409
2.975505955,1604540,51
2.975505955,1605934,1394
2.977785779,1606000,66
2.977785779,1607378,1378
2.980065603,1607460,82
2.980065603,1608822,1362
2.982345427,1608920,98
2.982345427,1610266,1346
2.984625651,1610380,114
2.984625651,1611710,1330
2.986912463,1611840,130
2.986912463,1613154,1314
2.989192287,1613300,146
2.989192287,1614598,1298
2.991472111,1614760,162
2.991472111,1616042,1282
2.993840586,1616220,178
2.993840586,1617486,1266
2.996120410,1617680,194
2.996120410,1618930,1250
2.998400234,1619140,210
2.998400234,1620374,1234
3.000680058,1620600,226
3.000680058,1621818,1218
3.002959882,1622060,242
3.002959882,1623262,1202
3.005328757,1623520,258
3.005328757,1624706,1186
3.007615569,1624980,274
3.007615569,1626150,1170
3.009895393,1626440,290
3.009895393,1627594,1154
3.012175217,1627900,306
3.012175217,1629038,1138
3.014455041,1629360,322
3.014455041,1630482,1122
3.016734865,1630820,338
3.016734865,1631926,1106
3.019014689,1632280,354
3.019014689,1633370,1090
3.021294513,1633740,370
3.021294513,1634814,1074
3.023662988,1635200,386
3.023662988,1636258,1058
3.025942812,1636660,402
3.025942812,1637702,1042
3.028223036,1638120,418
3.028223036,1639146,1026
3.030509848,1639580,434
3.030509848,1640590,1010
3.032789672,1641040,450
3.032789672,1642034,994
3.035158147,1642500,466
3.035158147,1643478,978
3.037437971,1643960,482
3.037437971,1644922,962
3.039717795,1645420,498
3.039717795,1646366,946
3.041997619,1646880,514
3.041997619,1647810,930
3.044277443,1648340,530
3.044277443,1649254,914
3.046645918,1649800,546
3.046645918,1650698,898
3.048926142,1651260,562
3.048926142,1652142,882
3.051212954,1652720,578
3.051212954,1653586,866
3.053492778,1654180,594
3.053492778,1655030,850
3.055737163,1655640,610
3.055737163,1656474,834
3.057981548,1657100,626
3.057981548,1657918,818
3.060225933,1658560,642
3.060225933,1659362,802
3.062470318,1660020,658
3.062470318,1660806,786
3.064801976,1661480,674
3.064801976,1662250,770
3.067046361,1662940,690
3.067046361,1663694,754
3.069290746,1664400,706
3.069290746,1665138,738
3.071535531,1665860,722
3.071535531,1666582,722
3.073786789,1667320,738
3.073786789,1668026,706
3.076118447,1668780,754
3.076118447,1669470,690
3.078362832,1670240,770
3.078362832,1670914,674
3.080607217,1671700,786
3.080607217,1672358,658
3.082851602,1673160,802
3.082851602,1673802,642
3.085095987,1674620,818
3.085095987,1675246,626
3.087340372,1676080,834
3.087340372,1676690,610
3.089584757,1677540,850
3.089584757,1678134,594
3.091829142,1679000,866
3.091829142,1679578,578
3.094168073,1680460,882
3.094168073,1681022,562
3.096412458,1681920,898
3.096412458,1682466,546
3.098656843,1683380,914
3.098656843,1683910,530
3.100901228,1684840,930
3.100901228,1685354,514
3.103145613,1686300,946
3.103145613,1686798,498
3.105477271,1687760,962
3.105477271,1688242,482
3.107721656,1689220,978
3.107721656,1689686,466
3.109966041,1690680,994
3.109966041,1691130,450
3.112210426,1692140,1010
3.112210426,1692574,434
3.114455211,1693600,1026
3.114455211,1694018,418
3.116706469,1695060,1042
3.116706469,1695462,402
3.118950854,1696520,1058
3.118950854,1696906,386
3.121195239,1697980,1074
3.121195239,1698350,370
3.123526897,1699440,1090
3.123526897,1699794,354
3.125771282,1700900,1106
3.125771282,1701238,338
3.128015667,1702360,1122
3.128015667,1702682,322
3.130260052,1703820,1138
3.130260052,1704126,306
3.132504437,1705280,1154
3.132504437,1705570,290
3.134836495,1706740,1170
3.134836495,1707014,274
3.137087753,1708200,1186
3.137087753,1708458,258
3.139332138,1709660,1202
3.139332138,1709902,242
3.141576523,1711120,1218
3.141576523,1711346,226
3.143820908,1712580,1234
3.143820908,1712790,210
3.146152566,1714040,1250
3.146152566,1714234,194
3.148396951,1715500,1266
3.148396951,1715678,178
3.150641336,1716960,1282
3.150641336,1717122,162
3.152885721,1718420,1298
3.152885721,1718566,146
3.156066573,1719880,1314
3.156066573,1720010,130
3.158261638,1721340,1330
3.158261638,1721454,114
3.160399276,1722800,1346
3.160399276,1722898,98
3.162530408,1724260,1362
3.162530408,1724342,82
3.164744409,1725720,1378
3.164744409,1725786,66
3.166875461,1727180,1394
3.166875461,1727230,50
3.169005212,1728640,1410
3.169005212,1728674,34
3.171134963,1730100,1426
3.171134963,1730118,18
3.173264714,1731560,1442
3.173264714,1731562,2
3.175477414,1733014,1452
3.177608946,1733020,6
3.177608946,1734459,1439
3.179746584,1734480,21
3.179746584,1735904,1424
3.181877716,1735940,36
3.181877716,1737349,1409
3.184008848,1737400,51
3.184008848,1738794,1394
3.186139980,1738860,66
3.186139980,1740238,1378
3.188271112,1740320,82
3.188271112,1741682,1362
3.190402244,1741780,98
3.190402244,1743126,1346
3.192616245,1743240,114
3.192616245,1744570,1330
3.194747377,1744700,130
3.194747377,1746014,1314
3.196878509,1746160,146
3.196878509,1747458,1298
3.199010041,1747620,162
3.199010041,1748902,1282
3.201147679,1749080,178
3.201147679,1750346,1266
3.203361680,1750540,194
3.203361680,1751790,1250
3.205492812,1752000,210
3.205492812,1753234,1234
3.207623944,1753460,226
3.207623944,1754678,1218
3.209755076,1754920,242
3.209755076,1756122,1202
3.211886208,1756380,258
3.211886208,1757566,1186
3.214017340,1757840,274
3.214017340,1759010,1170
3.216148472,1759300,290
3.216148472,1760454,1154
3.218279604,1760760,306
3.218279604,1761898,1138
3.220500511,1762220,322
3.220500511,1763342,1122
3.222631643,1763680,338
3.222631643,1764786,1106
3.224762775,1765140,354
3.224762775,1766230,1090
3.226893907,1766600,370
3.226893907,1767674,1074
3.229025039,1768060,386
3.229025039,1769118,1058
3.231239040,1769520,402
3.231239040,1770562,1042
3.233370172,1770980,418
3.233370172,1772006,1026
3.235501304,1772440,434
3.235501304,1773450,1010
3.237632436,1773900,450
3.237632436,1774894,994
3.239763968,1775360,466
3.239763968,1776338,978
3.241984475,1776820,482
3.241984475,1777782,962
3.244115607,1778280,498
3.244115607,1779226,946
3.246246739,1779740,514
3.246246739,1780670,930
3.248377871,1781200,530
3.248377871,1782114,914
3.250509003,1782660,546
3.250509003,1783558,898
3.252640135,1784120,562
3.252640135,1785002,882
3.254771267,1785580,578
3.254771267,1786446,866
3.257220284,1787040,594
3.257220284,1787890,850
3.259764931,1788500,610
3.259764931,1789334,834
3.262221484,1789960,626
3.262221484,1790778,818
3.264670501,1791420,642
3.264670501,1792222,802
3.267119518,1792880,658
3.267119518,1793666,786
3.269568535,1794340,674
3.269568535,1795110,770
3.272112782,1795800,690
3.272112782,1796554,754
3.274561799,1797260,706
3.274561799,1797998,738
3.277010816,1798720,722
3.277010816,1799442,722
3.279459833,1800180,738
3.279459833,1800886,706
3.281908850,1801640,754
3.281908850,1802330,690
3.284358267,1803100,770
3.284358267,1803774,674
3.286814820,1804560,786
3.286814820,1805218,658
3.289263837,1806020,802
3.289263837,1806662,642
3.291808084,1807480,818
3.291808084,1808106,626
3.294257101,1808940,834
3.294257101,1809550,610
3.296706118,1810400,850
3.296706118,1810994,594
3.299155135,1811860,866
3.299155135,1812438,578
3.301604152,1813320,882
3.301604152,1813882,562
3.304148399,1814780,898
3.304148399,1815326,546
3.306597816,1816240,914
3.306597816,1816770,530
3.309054369,1817700,930
3.309054369,1818214,514
3.311503386,1819160,946
3.311503386,1819658,498
3.313952403,1820620,962
3.313952403,1821102,482
3.316496650,1822080,978
3.316496650,1822546,466
3.318945667,1823540,994
3.318945667,1823990,450
3.321394684,1825000,1010
3.321394684,1825434,434
3.323843701,1826460,1026
3.323843701,1826878,418
3.326292718,1827920,1042
3.326292718,1828322,402
3.328741735,1829380,1058
3.328741735,1829766,386
3.331191152,1830840,1074
3.331191152,1831210,370
3.333647705,1832300,1090
3.333647705,1832654,354
3.336191952,1833760,1106
3.336191952,1834098,338
3.338640969,1835220,1122
3.338640969,1835542,322
3.341089986,1836680,1138
3.341089986,1836986,306
3.343539003,1838140,1154
3.343539003,1838430,290
3.345988020,1839600,1170
3.345988020,1839874,274
3.348532267,1841060,1186
3.348532267,1841318,258
3.350981284,1842520,1202
3.350981284,1842762,242
3.353430701,1843980,1218
3.353430701,1844206,226
3.355883974,1845440,1234
3.355883974,1845650,210
3.357008430,1846900,1250
3.357008430,1847094,194
3.359129606,1848360,1266
3.359129606,1848538,178
3.361250782,1849820,1282
3.361250782,1849982,162
3.363371958,1851280,1298
3.363371958,1851426,146
3.365493134,1852740,1314
3.365493134,1852870,130
3.367696792,1854200,1330
3.367696792,1854314,114
3.369817968,1855660,1346
3.369817968,1855758,98
3.371939144,1857120,1362
3.371939144,1857202,82
3.374060720,1858580,1378
3.374060720,1858646,66
3.376188289,1860040,1394
3.376188289,1860090,50
3.378390572,1861500,1410
3.378390572,1861534,34
3.380510373,1862960,1426
3.380510373,1862978,18
3.382630174,1864420,1442
3.382630174,1864422,2
3.384750055,1865874,1452
3.386871231,1865880,6
3.386871231,1867319,1439
3.388992407,1867340,21
3.388992407,1868764,1424
3.391113583,1868800,36
3.391113583,1870209,1409
3.393234759,1870260,51
3.393234759,1871654,1394
3.395445291,1871720,66
3.395445291,1873098,1378
3.397566467,1873180,82
3.397566467,1874542,1362
3.399687643,1874640,98
3.399687643,1875986,1346
3.401808819,1876100,114
3.401808819,1877430,1330
3.403929995,1877560,130
3.403929995,1878874,1314
3.406133653,1879020,146
3.406133653,1880318,1298
3.408254829,1880480,162
3.408254829,1881762,1282
3.410376005,1881940,178
3.410376005,1883206,1266
3.412497181,1883400,194
3.412497181,1884650,1250
3.414618757,1884860,210
3.414618757,1886094,1234
3.416828888,1886320,226
3.416828888,1887538,1218
3.418950064,1887780,242
3.418950064,1888982,1202
3.421071240,1889240,258
3.421071240,1890426,1186
3.423192416,1890700,274
3.423192416,1891870,1170
3.425313592,1892160,290
3.425313592,1893314,1154
3.427434768,1893620,306
3.427434768,1894758,1138
3.429555944,1895080,322
3.429555944,1896202,1122
3.431677120,1896540,338
3.431677120,1897646,1106
3.433881178,1898000,354
3.433881178,1899090,1090
3.436008827,1899460,370
3.436008827,1900534,1074
3.438130003,1900920,386
3.438130003,1901978,1058
3.440251179,1902380,402
3.440251179,1903422,1042
3.442372355,1903840,418
3.442372355,1904866,1026
3.444576013,1905300,434
3.444576013,1906310,1010
3.446697189,1906760,450
3.446697189,1907754,994
3.448818365,1908220,466
3.448818365,1909198,978
3.450939541,1909680,482
3.450939541,1910642,962
3.453060717,1911140,498
3.453060717,1912086,946
3.455178613,1912600,514
3.455178613,1913530,930
3.456560296,1914060,530
3.456560296,1914974,914
3.458931016,1915520,546
3.458931016,1916418,898
3.461393922,1916980,562
3.461393922,1917862,882
3.463764642,1918440,578
3.463764642,1919306,866
3.466135362,1919900,594
3.466135362,1920750,850
3.468506082,1921360,610
3.468506082,1922194,834
3.470876802,1922820,626
3.470876802,1923638,818
3.473339708,1924280,642
3.473339708,1925082,802
3.475710828,1925740,658
3.475710828,1926526,786
3.478088831,1927200,674
3.478088831,1927970,770
3.480459551,1928660,690
3.480459551,1929414,754
3.482830271,1930120,706
3.482830271,1930858,738
3.485200991,1931580,722
3.485200991,1932302,722
3.487571711,1933040,738
3.487571711,1933746,706
3.489942431,1934500,754
3.489942431,1935190,690
3.492405337,1935960,770
3.492405337,1936634,674
3.494776057,1937420,786
3.494776057,1938078,658
3.497146777,1938880,802
3.497146777,1939522,642
3.499517897,1940340,818
3.499517897,1940966,626
3.501895900,1941800,834
3.501895900,1942410,610
3.504358806,1943260,850
3.504358806,1943854,594
3.506729526,1944720,866
3.506729526,1945298,578
3.509100246,1946180,882
3.509100246,1946742,562
3.511470966,1947640,898
3.511470966,1948186,546
3.513841686,1949100,914
3.513841686,1949630,530
3.516304592,1950560,930
3.516304592,1951074,514
3.518675312,1952020,946
3.518675312,1952518,498
3.521046432,1953480,962
3.521046432,1953962,482
3.523424435,1954940,978
3.523424435,1955406,466
3.525795155,1956400,994
3.525795155,1956850,450
3.528165875,1957860,1010
3.528165875,1958294,434
3.530536595,1959320,1026
3.530536595,1959738,418
3.532907315,1960780,1042
3.532907315,1961182,402
3.535370221,1962240,1058
3.535370221,1962626,386
3.537740941,1963700,1074
3.537740941,1964070,370
3.540111661,1965160,1090
3.540111661,1965514,354
3.542482381,1966620,1106
3.542482381,1966958,338
3.544853501,1968080,1122
3.544853501,1968402,322
3.547323690,1969540,1138
3.547323690,1969846,306
3.549694410,1971000,1154
3.549694410,1971290,290
3.552065130,1972460,1170
3.552065130,1972734,274
3.552188570,1973920,1186
3.552188570,1974178,258
3.554192174,1975380,1202
3.554192174,1975622,242
3.556251560,1976840,1218
3.556251560,1977066,226
3.558310946,1978300,1234
3.558310946,1978510,210
3.560370332,1979760,1250
3.560370332,1979954,194
3.562510197,1981220,1266
3.562510197,1981398,178
3.564575856,1982680,1282
3.564575856,1982842,162
3.566635242,1984140,1298
3.566635242,1984286,146
3.568694628,1985600,1314
3.568694628,1985730,130
3.570754014,1987060,1330
3.570754014,1987174,114
3.572893479,1988520,1346
3.572893479,1988618,98
3.574952865,1989980,1362
3.574952865,1990062,82
3.577012251,1991440,1378
3.577012251,1991506,66
3.579071557,1992900,1394
3.579071557,1992950,50
3.581129608,1994360,1410
3.581129608,1994394,34
3.583188059,1995820,1426
3.583188059,1995838,18
3.585252383,1997280,1442
3.585252383,1997282,2
3.587310514,1998734,1452
3.589449979,1998740,6
3.589449979,2000179,1439
3.591509365,2000200,21
3.591509365,2001624,1424
3.593568751,2001660,36
3.593568751,2003069,1409
3.595628137,2003120,51
3.595628137,2004514,1394
3.597687523,2004580,66
3.597687523,2005958,1378
3.599826988,2006040,82
3.599826988,2007402,1362
3.601886774,2007500,98
3.601886774,2008846,1346
3.603952433,2008960,114
3.603952433,2010290,1330
3.606011819,2010420,130
3.606011819,2011734,1314
3.608071205,2011880,146
3.608071205,2013178,1298
3.610210670,2013340,162
3.610210670,2014622,1282
3.612270056,2014800,178
3.612270056,2016066,1266
3.614329442,2016260,194
3.614329442,2017510,1250
3.616388828,2017720,210
3.616388828,2018954,1234
3.618448214,2019180,226
3.618448214,2020398,1218
3.620507600,2020640,242
3.620507600,2021842,1202
3.622567386,2022100,258
3.622567386,2023286,1186
3.624633045,2023560,274
3.624633045,2024730,1170
3.626772510,2025020,290
3.626772510,2026174,1154
3.628831896,2026480,306
3.628831896,2027618,1138
3.630891282,2027940,322
3.630891282,2029062,1122
3.632950668,2029400,338
3.632950668,2030506,1106
3.635010054,2030860,354
3.635010054,2031950,1090
3.637149519,2032320,370
3.637149519,2033394,1074
3.639208905,2033780,386
3.639208905,2034838,1058
3.641268691,2035240,402
3.641268691,2036282,1042
3.643334350,2036700,418
3.643334350,2037726,1026
3.645393736,2038160,434
3.645393736,2039170,1010
3.647453122,2039620,450
3.647453122,2040614,994
3.649512508,2041080,466
3.649512508,2042058,978
3.653508681,2042540,482
3.653508681,2043502,962
3.655798384,2044000,498
3.655798384,2044946,946
3.657941537,2045460,514
3.657941537,2046390,930
3.660084690,2046920,530
3.660084690,2047834,914
3.662227843,2048380,546
3.662227843,2049278,898
3.664371396,2049840,562
3.664371396,2050722,882
3.666604430,2051300,578
3.666604430,2052166,866
3.668747583,2052760,594
3.668747583,2053610,850
3.670890736,2054220,610
3.670890736,2055054,834
3.673033889,2055680,626
3.673033889,2056498,818
3.675177042,2057140,642
3.675177042,2057942,802
3.677403532,2058600,658
3.677403532,2059386,786
3.679546685,2060060,674
3.679546685,2060830,770
3.681689838,2061520,690
3.681689838,2062274,754
3.683833391,2062980,706
3.683833391,2063718,738
3.685983088,2064440,722
3.685983088,2065162,722
3.688126241,2065900,738
3.688126241,2066606,706
3.690269394,2067360,754
3.690269394,2068050,690
3.692412547,2068820,770
3.692412547,2069494,674
3.694639037,2070280,786
3.694639037,2070938,658
3.696782190,2071740,802
3.696782190,2072382,642
3.698925343,2073200,818
3.698925343,2073826,626
3.701068496,2074660,834
3.701068496,2075270,610
3.703211649,2076120,850
3.703211649,2076714,594
3.705445083,2077580,866
3.705445083,2078158,578
3.707588236,2079040,882
3.707588236,2079602,562
3.709731389,2080500,898
3.709731389,2081046,546
3.711874542,2081960,914
3.711874542,2082490,530
3.714017695,2083420,930
3.714017695,2083934,514
3.716160848,2084880,946
3.716160848,2085378,498
3.718304001,2086340,962
3.718304001,2086822,482
3.720447154,2087800,978
3.720447154,2088266,466
3.722673644,2089260,994
3.722673644,2089710,450
3.724817197,2090720,1010
3.724817197,2091154,434
3.726966894,2092180,1026
3.726966894,2092598,418
3.729110047,2093640,1042
3.729110047,2094042,402
3.731253200,2095100,1058
3.731253200,2095486,386
3.733479690,2096560,1074
3.733479690,2096930,370
3.735622843,2098020,1090
3.735622843,2098374,354
3.737765996,2099480,1106
3.737765996,2099818,338
3.739909149,2100940,1122
3.739909149,2101262,322
3.742052302,2102400,1138
3.742052302,2102706,306
3.744195455,2103860,1154
3.744195455,2104150,290
3.746339008,2105320,1170
3.746339008,2105594,274
3.748488705,2106780,1186
3.748488705,2107038,258
3.750715195,2108240,1202
3.750715195,2108482,242
3.752858348,2109700,1218
3.752858348,2109926,226
3.755045789,2111160,1234
3.755045789,2111370,210
3.757233230,2112620,1250
3.757233230,2112814,194
3.759420671,2114080,1266
3.759420671,2114258,178
3.761693171,2115540,1282
3.761693171,2115702,162
3.763880612,2117000,1298
3.763880612,2117146,146
3.766068453,2118460,1314
3.766068453,2118590,130
3.768262583,2119920,1330
3.768262583,2120034,114
3.770450024,2121380,1346
3.770450024,2121478,98
3.772722524,2122840,1362
3.772722524,2122922,82
3.774909965,2124300,1378
3.774909965,2124366,66
3.777097326,2125760,1394
3.777097326,2125810,50
3.779283350,2127220,1410
3.779283350,2127254,34
3.781469374,2128680,1426
3.781469374,2128698,18
3.783655398,2130140,1442
3.783655398,2130142,2
3.785841502,2131594,1452
3.788029343,2131600,6
3.788029343,2133039,1439
3.790223473,2133060,21
3.790223473,2134484,1424
3.792495973,2134520,36
3.792495973,2135929,1409
3.794683414,2135980,51
3.794683414,2137374,1394
3.796870855,2137440,66
3.796870855,2138818,1378
3.799058296,2138900,82
3.799058296,2140262,1362
3.801245737,2140360,98
3.801245737,2141706,1346
3.803518237,2141820,114
3.803518237,2143150,1330
3.805705678,2143280,130
3.805705678,2144594,1314
3.807893519,2144740,146
3.807893519,2146038,1298
3.810087649,2146200,162
3.810087649,2147482,1282
3.812275090,2147660,178
3.812275090,2148926,1266
3.814462531,2149120,194
3.814462531,2150370,1250
3.816649972,2150580,210
3.816649972,2151814,1234
3.818837413,2152040,226
3.818837413,2153258,1218
3.821109913,2153500,242
3.821109913,2154702,1202
3.823297354,2154960,258
3.823297354,2156146,1186
3.825484795,2156420,274
3.825484795,2157590,1170
3.827672236,2157880,290
3.827672236,2159034,1154
3.829860077,2159340,306
3.829860077,2160478,1138
3.832139266,2160800,322
3.832139266,2161922,1122
3.834326707,2162260,338
3.834326707,2163366,1106
3.836514148,2163720,354
3.836514148,2164810,1090
3.838701589,2165180,370
3.838701589,2166254,1074
3.840889030,2166640,386
3.840889030,2167698,1058
3.843076471,2168100,402
3.843076471,2169142,1042
3.845263912,2169560,418
3.845263912,2170586,1026
3.847451353,2171020,434
3.847451353,2172030,1010
3.849724253,2172480,450
3.849724253,2173474,994
3.851918383,2173940,466
3.851918383,2174918,978
3.855042384,2175400,482
3.855042384,2176362,962
3.857240435,2176860,498
3.857240435,2177806,946
3.859375046,2178320,514
3.859375046,2179250,930
3.861592661,2179780,530
3.861592661,2180694,914
3.863727272,2181240,546
3.863727272,2182138,898
3.865861883,2182700,562
3.865861883,2183582,882
3.867996494,2184160,578
3.867996494,2185026,866
3.870131105,2185620,594
3.870131105,2186470,850
3.872355638,2187080,610
3.872355638,2187914,834
3.874490249,2188540,626
3.874490249,2189358,818
3.876624860,2190000,642
3.876624860,2190802,802
3.878759471,2191460,658
3.878759471,2192246,786
3.880894082,2192920,674
3.880894082,2193690,770
3.883028693,2194380,690
3.883028693,2195134,754
3.885163304,2195840,706
3.885163304,2196578,738
3.887297915,2197300,722
3.887297915,2198022,722
3.889515530,2198760,738
3.889515530,2199466,706
3.891650541,2200220,754
3.891650541,2200910,690
3.893791669,2201680,770
3.893791669,2202354,674
3.895926280,2203140,786
3.895926280,2203798,658
3.898060891,2204600,802
3.898060891,2205242,642
3.900278506,2206060,818
3.900278506,2206686,626
3.902413117,2207520,834
3.902413117,2208130,610
3.904547728,2208980,850
3.904547728,2209574,594
3.906682339,2210440,866
3.906682339,2211018,578
3.908816950,2211900,882
3.908816950,2212462,562
3.910951561,2213360,898
3.910951561,2213906,546
3.913086572,2214820,914
3.913086572,2215350,530
3.915227700,2216280,930
3.915227700,2216794,514
3.917445315,2217740,946
3.917445315,2218238,498
3.919579926,2219200,962
3.919579926,2219682,482
3.921714537,2220660,978
3.921714537,2221126,466
3.923849148,2222120,994
3.923849148,2222570,450
3.925983759,2223580,1010
3.925983759,2224014,434
3.928201374,2225040,1026
3.928201374,2225458,418
3.930335985,2226500,1042
3.930335985,2226902,402
3.932470996,2227960,1058
3.932470996,2228346,386
3.934612124,2229420,1074
3.934612124,2229790,370
3.936746735,2230880,1090
3.936746735,2231234,354
3.938881346,2232340,1106
3.938881346,2232678,338
3.941015957,2233800,1122
3.941015957,2234122,322
3.943150568,2235260,1138
3.943150568,2235566,306
3.945368183,2236720,1154
3.945368183,2237010,290
3.947502794,2238180,1170
3.947502794,2238454,274
3.949637405,2239640,1186
3.949637405,2239898,258
3.951772016,2241100,1202
3.951772016,2241342,242
3.953903347,2242560,1218
3.953903347,2244230,1670
3.955626507,2245480,1250
3.955626507,2245674,194
3.957937765,2246940,1266
3.957937765,2247118,178
3.960249023,2248400,1282
3.960249023,2248562,162
3.962560281,2249860,1298
3.962560281,2250006,146
3.964961413,2251320,1314
3.964961413,2251450,130
3.967272671,2252780,1330
3.967272671,2252894,114
3.969583929,2254240,1346
3.969583929,2254338,98
3.971895587,2255700,1362
3.971895587,2255782,82
3.974213935,2257160,1378
3.974213935,2257226,66
3.976525113,2258620,1394
3.976525113,2258670,50
3.978834874,2260080,1410
3.978834874,2260114,34
3.981144635,2261540,1426
3.981144635,2261558,18
3.983544270,2263000,1442
3.983544270,2263002,2
3.985854111,2264454,1452
3.988165369,2264460,6
3.988165369,2265899,1439
3.990476627,2265920,21
3.990476627,2267344,1424
3.992787885,2267380,36
3.992787885,2268789,1409
3.995196506,2268840,51
3.995196506,2270234,1394
3.997507764,2270300,66
3.997507764,2271678,1378
3.999819022,2271760,82
3.999819022,2273122,1362
4.002130280,2273220,98
4.002130280,2274566,1346
4.004441538,2274680,114
4.004441538,2276010,1330
4.006752796,2276140,130
4.006752796,2277454,1314
4.009064054,2277600,146
4.009064054,2278898,1298
4.011375312,2279060,162
4.011375312,2280342,1282
4.013776444,2280520,178
4.013776444,2281786,1266
4.016088102,2281980,194
4.016088102,2283230,1250
4.018406450,2283440,210
4.018406450,2284674,1234
4.020717708,2284900,226
4.020717708,2286118,1218
4.023028966,2286360,242
4.023028966,2287562,1202
4.025430098,2287820,258
4.025430098,2289006,1186
4.027741356,2289280,274
4.027741356,2290450,1170
4.030052614,2290740,290
4.030052614,2291894,1154
4.032363872,2292200,306
4.032363872,2293338,1138
4.034675130,2293660,322
4.034675130,2294782,1122
4.036986388,2295120,338
4.036986388,2296226,1106
4.039298046,2296580,354
4.039298046,2297670,1090
4.041616394,2298040,370
4.041616394,2299114,1074
4.044017526,2299500,386
4.044017526,2300558,1058
4.046328784,2300960,402
4.046328784,2302002,1042
4.048640042,2302420,418
4.048640042,2303446,1026
4.054892142,2303880,434
4.054892142,2304890,1010
4.057247075,2305340,450
4.057247075,2306334,994
4.059632121,2306800,466
4.059632121,2307778,978
4.061927896,2308260,482
4.061927896,2309222,962
4.064224071,2309720,498
4.064224071,2310666,946
4.066526885,2311180,514
4.066526885,2312110,930
4.068822660,2312640,530
4.068822660,2313554,914
4.071207706,2314100,546
4.071207706,2314998,898
4.073503481,2315560,562
4.073503481,2316442,882
4.075799256,2317020,578
4.075799256,2317886,866
4.078095031,2318480,594
4.078095031,2319330,850
4.080390806,2319940,610
4.080390806,2320774,834
4.082686581,2321400,626
4.082686581,2322218,818
4.084982356,2322860,642
4.084982356,2323662,802
4.087278531,2324320,658
4.087278531,2325106,786
4.089670616,2325780,674
4.089670616,2326550,770
4.091966391,2327240,690
4.091966391,2327994,754
4.094262166,2328700,706
4.094262166,2329438,738
4.096557941,2330160,722
4.096557941,2330882,722
4.098853716,2331620,738
4.098853716,2332326,706
4.101238762,2333080,754
4.101238762,2333770,690
4.103534537,2334540,770
4.103534537,2335214,674
4.105830312,2336000,786
4.105830312,2336658,658
4.108126487,2337460,802
4.108126487,2338102,642
4.110429301,2338920,818
4.110429301,2339546,626
4.112725076,2340380,834
4.112725076,2340990,610
4.115020851,2341840,850
4.115020851,2342434,594
4.117316626,2343300,866
4.117316626,2343878,578
4.119701672,2344760,882
4.119701672,2345322,562
4.121997447,2346220,898
4.121997447,2346766,546
4.124293222,2347680,914
4.124293222,2348210,530
4.126588997,2349140,930
4.126588997,2349654,514
4.128884772,2350600,946
4.128884772,2351098,498
4.131277258,2352060,962
4.131277258,2352542,482
4.133573033,2353520,978
4.133573033,2353986,466
4.135868808,2354980,994
4.135868808,2355430,450
4.138164583,2356440,1010
4.138164583,2356874,434
4.140460358,2357900,1026
4.140460358,2358318,418
4.142845404,2359360,1042
4.142845404,2359762,402
4.145141179,2360820,1058
4.145141179,2361206,386
4.147436954,2362280,1074
4.147436954,2362650,370
4.149732729,2363740,1090
4.149732729,2364094,354
4.152028904,2365200,1106
4.152028904,2365538,338
4.154328438,2366660,1122
4.154328438,2366982,322
4.155709761,2368120,1138
4.155709761,2368426,306
4.158087804,2369580,1154
4.158087804,2369870,290
4.160558317,2371040,1170
4.160558317,2371314,274
4.162936360,2372500,1186
4.162936360,2372758,258
4.165314403,2373960,1202
4.165314403,2374202,242
4.167692446,2375420,1218
4.167692446,2375646,226
4.170070489,2376880,1234
4.170070489,2377090,210
4.172541402,2378340,1250
4.172541402,2378534,194
4.174926751,2379800,1266
4.174926751,2379978,178
4.177304794,2381260,1282
4.177304794,2381422,162
4.179682837,2382720,1298
4.179682837,2382866,146
4.182060880,2384180,1314
4.182060880,2384310,130
4.184438923,2385640,1330
4.184438923,2385754,114
4.186816966,2387100,1346
4.186816966,2387198,98
4.189195009,2388560,1362
4.189195009,2388642,82
4.191665522,2390020,1378
4.191665522,2390086,66
4.194043485,2391480,1394
4.194043485,2391530,50
4.196420387,2392940,1410
4.196420387,2392974,34
4.198804195,2394400,1426
4.198804195,2394418,18
4.201180697,2395860,1442
4.201180697,2395862,2
4.203649749,2397314,1452
4.206027792,2397320,6
4.206027792,2398759,1439
4.208405835,2398780,21
4.208405835,2400204,1424
4.210783878,2400240,36
4.210783878,2401649,1409
4.213161921,2401700,51
4.213161921,2403094,1394
4.215539964,2403160,66
4.215539964,2404538,1378
4.217918007,2404620,82
4.217918007,2405982,1362
4.220296450,2406080,98
4.220296450,2407426,1346
4.222774269,2407540,114
4.222774269,2408870,1330
4.225152312,2409000,130
4.225152312,2410314,1314
4.227530355,2410460,146
4.227530355,2411758,1298
4.229908398,2411920,162
4.229908398,2413202,1282
4.232286441,2413380,178
4.232286441,2414646,1266
4.234756954,2414840,194
4.234756954,2416090,1250
4.237134997,2416300,210
4.237134997,2417534,1234
4.239513040,2417760,226
4.239513040,2418978,1218
4.241891483,2419220,242
4.241891483,2420422,1202
4.244276832,2420680,258
4.244276832,2421866,1186
4.246747345,2422140,274
4.246747345,2423310,1170
4.249125388,2423600,290
4.249125388,2424754,1154
4.251503431,2425060,306
4.251503431,2426198,1138
4.253881474,2426520,322
4.253881474,2427642,1122
4.256004895,2427980,338
4.256004895,2429086,1106
4.258128316,2429440,354
4.258128316,2430530,1090
4.260251737,2430900,370
4.260251737,2431974,1074
4.262375158,2432360,386
4.262375158,2433418,1058
4.264498979,2433820,402
4.264498979,2434862,1042
4.266711450,2435280,418
4.266711450,2436306,1026
4.268834871,2436740,434
4.268834871,2437750,1010
4.270958292,2438200,450
4.270958292,2439194,994
4.273081713,2439660,466
4.273081713,2440638,978
4.275205134,2441120,482
4.275205134,2442082,962
4.277411124,2442580,498
4.277411124,2443526,946
4.279534545,2444040,514
4.279534545,2444970,930
4.281657966,2445500,530
4.281657966,2446414,914
4.283781787,2446960,546
4.283781787,2447858,898
4.285911689,2448420,562
4.285911689,2449302,882
4.288035110,2449880,578
4.288035110,2450746,866
4.290158531,2451340,594
4.290158531,2452190,850
4.292281952,2452800,610
4.292281952,2453634,834
4.294487942,2454260,626
4.294487942,2455078,818
4.296611363,2455720,642
4.296611363,2456522,802
4.298734784,2457180,658
4.298734784,2457966,786
4.300858205,2458640,674
4.300858205,2459410,770
4.302981626,2460100,690
4.302981626,2460854,754
4.305194497,2461560,706
4.305194497,2462298,738
4.307317918,2463020,722
4.307317918,2463742,722
4.309441339,2464480,738
4.309441339,2465186,706
4.311564760,2465940,754
4.311564760,2466630,690
4.313688181,2467400,770
4.313688181,2468074,674
4.315811602,2468860,786
4.315811602,2469518,658
4.317935023,2470320,802
4.317935023,2470962,642
4.320058444,2471780,818
4.320058444,2472406,626
4.322264434,2473240,834
4.322264434,2473850,610
4.324388255,2474700,850
4.324388255,2475294,594
4.326518157,2476160,866
4.326518157,2476738,578
4.328641578,2477620,882
4.328641578,2478182,562
4.330764999,2479080,898
4.330764999,2479626,546
4.332970989,2480540,914
4.332970989,2481070,530
4.335094410,2482000,930
4.335094410,2482514,514
4.337217831,2483460,946
4.337217831,2483958,498
4.339341252,2484920,962
4.339341252,2485402,482
4.341464673,2486380,978
4.341464673,2486846,466
4.343671063,2487840,994
4.343671063,2488290,450
4.345800965,2489300,1010
4.345800965,2489734,434
4.347924386,2490760,1026
4.347924386,2491178,418
4.350047807,2492220,1042
4.350047807,2492622,402
4.352171228,2493680,1058
4.352171228,2494066,386
4.354291369,2495140,1074
4.354291369,2495510,370
4.354499727,2496600,1090
4.354499727,2496954,354
4.356704805,2498060,1106
4.356704805,2498398,338
4.358995628,2499520,1122
4.358995628,2499842,322
4.361200706,2500980,1138
4.361200706,2501286,306
4.363406184,2502440,1154
4.363406184,2502730,290
4.365618007,2503900,1170
4.365618007,2504174,274
4.367823085,2505360,1186
4.367823085,2505618,258
4.370113908,2506820,1202
4.370113908,2507062,242
4.372318986,2508280,1218
4.372318986,2508506,226
4.374524064,2509740,1234
4.374524064,2509950,210
4.376729142,2511200,1250
4.376729142,2511394,194
4.378934220,2512660,1266
4.378934220,2512838,178
4.381139298,2514120,1282
4.381139298,2514282,162
4.383344376,2515580,1298
4.383344376,2515726,146
4.385549854,2517040,1314
4.385549854,2517170,130
4.387847422,2518500,1330
4.387847422,2518614,114
4.390052500,2519960,1346
4.390052500,2520058,98
4.392257578,2521420,1362
4.392257578,2521502,82
4.394462656,2522880,1378
4.394462656,2522946,66
4.396667654,2524340,1394
4.396667654,2524390,50
4.398957048,2525800,1410
4.398957048,2525834,34
4.401160697,2527260,1426
4.401160697,2527278,18
4.403364346,2528720,1442
4.403364346,2528722,2
4.405568475,2530174,1452
4.407780298,2530180,6
4.407780298,2531619,1439
4.409985376,2531640,21
4.409985376,2533064,1424
4.412190454,2533100,36
4.412190454,2534509,1409
4.414395532,2534560,51
4.414395532,2535954,1394
4.416686355,2536020,66
4.416686355,2537398,1378
4.418891433,2537480,82
4.418891433,2538842,1362
4.421096511,2538940,98
4.421096511,2540286,1346
4.423301589,2540400,114
4.423301589,2541730,1330
4.425506667,2541860,130
4.425506667,2543174,1314
4.427712145,2543320,146
4.427712145,2544618,1298
4.430009713,2544780,162
4.430009713,2546062,1282
4.432214791,2546240,178
4.432214791,2547506,1266
4.434419869,2547700,194
4.434419869,2548950,1250
4.436624947,2549160,210
4.436624947,2550394,1234
4.438830025,2550620,226
4.438830025,2551838,1218
4.441120848,2552080,242
4.441120848,2553282,1202
4.443325926,2553540,258
4.443325926,2554726,1186
4.445531004,2555000,274
4.445531004,2556170,1170
4.447736482,2556460,290
4.447736482,2557614,1154
4.449948305,2557920,306
4.449948305,2559058,1138
4.454095111,2559380,322
4.454095111,2560502,1122
4.456482490,2560840,338
4.456482490,2561946,1106
4.458811597,2562300,354
4.458811597,2563390,1090
4.461231272,2563760,370
4.461231272,2564834,1074
4.463560379,2565220,386
4.463560379,2566278,1058
4.465889486,2566680,402
4.465889486,2567722,1042
4.468218593,2568140,418
4.468218593,2569166,1026
4.470547700,2569600,434
4.470547700,2570610,1010
4.472974922,2571060,450
4.472974922,2572054,994
4.475304029,2572520,466
4.475304029,2573498,978
4.477633136,2573980,482
4.477633136,2574942,962
4.479962243,2575440,498
4.479962243,2576386,946
4.482291350,2576900,514
4.482291350,2577830,930
4.484620457,2578360,530
4.484620457,2579274,914
4.486949564,2579820,546
4.486949564,2580718,898
4.489278671,2581280,562
4.489278671,2582162,882
4.491698346,2582740,578
4.491698346,2583606,866
4.494027853,2584200,594
4.494027853,2585050,850
4.496364107,2585660,610
4.496364107,2586494,834
4.498693214,2587120,626
4.498693214,2587938,818
4.501022321,2588580,642
4.501022321,2589382,802
4.503441996,2590040,658
4.503441996,2590826,786
4.505771103,2591500,674
4.505771103,2592270,770
4.508100210,2592960,690
4.508100210,2593714,754
4.510429317,2594420,706
4.510429317,2595158,738
4.512758424,2595880,722
4.512758424,2596602,722
4.515178499,2597340,738
4.515178499,2598046,706
4.517514753,2598800,754
4.517514753,2599490,690
4.519843860,2600260,770
4.519843860,2600934,674
4.522172967,2601720,786
4.522172967,2602378,658
4.524502074,2603180,802
4.524502074,2603822,642
4.526831181,2604640,818
4.526831181,2605266,626
4.529160288,2606100,834
4.529160288,2606710,610
4.531489395,2607560,850
4.531489395,2608154,594
4.533909070,2609020,866
4.533909070,2609598,578
4.536238177,2610480,882
4.536238177,2611042,562
4.538567684,2611940,898
4.538567684,2612486,546
4.540903938,2613400,914
4.540903938,2613930,530
4.543233045,2614860,930
4.543233045,2615374,514
4.545652720,2616320,946
4.545652720,2616818,498
4.547981827,2617780,962
4.547981827,2618262,482
4.550310934,2619240,978
4.550310934,2619706,466
4.552640041,2620700,994
4.552640041,2621150,450
4.554965868,2622160,1010
4.554965868,2622594,434
4.556219129,2623620,1026
4.556219129,2624038,418
4.558469110,2625080,1042
4.558469110,2625482,402
4.560719491,2626540,1058
4.560719491,2626926,386
4.563063854,2628000,1074
4.563063854,2628370,370
4.565313835,2629460,1090
4.565313835,2629814,354
4.567563816,2630920,1106
4.567563816,2631258,338
4.569813797,2632380,1122
4.569813797,2632702,322
4.572063778,2633840,1138
4.572063778,2634146,306
4.574401250,2635300,1154
4.574401250,2635590,290
4.576651231,2636760,1170
4.576651231,2637034,274
4.578901212,2638220,1186
4.578901212,2638478,258
4.581151593,2639680,1202
4.581151593,2639922,242
4.583408465,2641140,1218
4.583408465,2641366,226
4.585658446,2642600,1234
4.585658446,2642810,210
4.587908427,2644060,1250
4.587908427,2644254,194
4.590158408,2645520,1266
4.590158408,2645698,178
4.592495880,2646980,1282
4.592495880,2647142,162
4.594745861,2648440,1298
4.594745861,2648586,146
4.596995842,2649900,1314
4.596995842,2650030,130
4.599245823,2651360,1330
4.599245823,2651474,114
4.601495804,2652820,1346
4.601495804,2652918,98
4.603840567,2654280,1362
4.603840567,2654362,82
4.606090548,2655740,1378
4.606090548,2655806,66
4.608340449,2657200,1394
4.608340449,2657250,50
4.610588972,2658660,1410
4.610588972,2658694,34
4.612837495,2660120,1426
4.612837495,2660138,18
4.615173509,2661580,1442
4.615173509,2661582,2
4.617422112,2663034,1452
4.619672093,2663040,6
4.619672093,2664479,1439
4.621922074,2664500,21
4.621922074,2665924,1424
4.624172455,2665960,36
4.624172455,2667369,1409
4.626429327,2667420,51
4.626429327,2668814,1394
4.628679308,2668880,66
4.628679308,2670258,1378
4.630929289,2670340,82
4.630929289,2671702,1362
4.633266761,2671800,98
4.633266761,2673146,1346
4.635516742,2673260,114
4.635516742,2674590,1330
4.637766723,2674720,130
4.637766723,2676034,1314
4.640016704,2676180,146
4.640016704,2677478,1298
4.642266685,2677640,162
4.642266685,2678922,1282
4.644604557,2679100,178
4.644604557,2680366,1266
4.646861429,2680560,194
4.646861429,2681810,1250
4.649111410,2682020,210
4.649111410,2683254,1234
4.651361391,2683480,226
4.651361391,2684698,1218
4.653608092,2684940,242
4.653608092,2686142,1202
4.654859903,2686400,258
4.654859903,2687586,1186
4.657108434,2687860,274
4.657108434,2689030,1170
4.659356965,2689320,290
4.659356965,2690474,1154
4.661692930,2690780,306
4.661692930,2691918,1138
4.663941461,2692240,322
4.663941461,2693362,1122
4.666190392,2693700,338
4.666190392,2694806,1106
4.668445809,2695160,354
4.668445809,2696250,1090
4.670694340,2696620,370
4.670694340,2697694,1074
4.673030305,2698080,386
4.673030305,2699138,1058
4.675278836,2699540,402
4.675278836,2700582,1042
4.677527367,2701000,418
4.677527367,2702026,1026
4.679775898,2702460,434
4.679775898,2703470,1010
4.682024429,2703920,450
4.682024429,2704914,994
4.684272960,2705380,466
4.684272960,2706358,978
4.686521491,2706840,482
4.686521491,2707802,962
4.688864743,2708300,498
4.688864743,2709246,946
4.691113274,2709760,514
4.691113274,2710690,930
4.693361805,2711220,530
4.693361805,2712134,914
4.695610336,2712680,546
4.695610336,2713578,898
4.697858867,2714140,562
4.697858867,2715022,882
4.700107398,2715600,578
4.700107398,2716466,866
4.702443363,2717060,594
4.702443363,2717910,850
4.704691894,2718520,610
4.704691894,2719354,834
4.706940425,2719980,626
4.706940425,2720798,818
4.709189356,2721440,642
4.709189356,2722242,802
4.711444773,2722900,658
4.711444773,2723686,786
4.713693304,2724360,674
4.713693304,2725130,770
4.716029269,2725820,690
4.716029269,2726574,754
4.718277800,2727280,706
4.718277800,2728018,738
4.720526331,2728740,722
4.720526331,2729462,722
4.722774862,2730200,738
4.722774862,2730906,706
4.725023393,2731660,754
4.725023393,2732350,690
4.727271924,2733120,770
4.727271924,2733794,674
4.729520455,2734580,786
4.729520455,2735238,658
4.731769386,2736040,802
4.731769386,2736682,642
4.734112237,2737500,818
4.734112237,2738126,626
4.736360768,2738960,834
4.736360768,2739570,610
4.738609299,2740420,850
4.738609299,2741014,594
4.740857830,2741880,866
4.740857830,2742458,578
4.743106361,2743340,882
4.743106361,2743902,562
4.745442326,2744800,898
4.745442326,2745346,546
4.747690857,2746260,914
4.747690857,2746790,530
4.749939388,2747720,930
4.749939388,2748234,514
4.752188319,2749180,946
4.752188319,2749678,498
4.754482060,2750640,962
4.754482060,2751122,482
4.756768791,2752100,978
4.756768791,2752566,466
4.759055522,2753560,994
4.759055522,2754010,450
4.761342253,2755020,1010
4.761342253,2755454,434
4.763717904,2756480,1026
4.763717904,2756898,418
4.766004635,2757940,1042
4.766004635,2758342,402
4.768291366,2759400,1058
4.768291366,2759786,386
4.770578097,2760860,1074
4.770578097,2761230,370
4.772864828,2762320,1090
4.772864828,2762674,354
4.775247889,2763780,1106
4.775247889,2764118,338
4.777534620,2765240,1122
4.777534620,2765562,322
4.779821351,2766700,1138
4.779821351,2767006,306
4.782108082,2768160,1154
4.782108082,2768450,290
4.784394813,2769620,1170
4.784394813,2769894,274
4.786681544,2771080,1186
4.786681544,2771338,258
4.788968275,2772540,1202
4.788968275,2772782,242
4.791343926,2774000,1218
4.791343926,2774226,226
4.793630657,2775460,1234
4.793630657,2775670,210
4.795917788,2776920,1250
4.795917788,2777114,194
4.798211529,2778380,1266
4.798211529,2778558,178
4.800498260,2779840,1282
4.800498260,2780002,162
4.802784991,2781300,1298
4.802784991,2781446,146
4.805160642,2782760,1314
4.805160642,2782890,130
4.807447373,2784220,1330
4.807447373,2784334,114
4.809734104,2785680,1346
4.809734104,2785778,98
4.812020835,2787140,1362
4.812020835,2787222,82
4.814307566,2788600,1378
4.814307566,2788666,66
4.816683537,2790060,1394
4.816683537,2790110,50
4.818975796,2791520,1410
4.818975796,2791554,34
4.821261045,2792980,1426
4.821261045,2792998,18
4.823546294,2794440,1442
4.823546294,2794442,2
4.825831623,2795894,1452
4.828118354,2795900,6
4.828118354,2797339,1439
4.830405085,2797360,21
4.830405085,2798784,1424
4.832691816,2798820,36
4.832691816,2800229,1409
4.835067467,2800280,51
4.835067467,2801674,1394
4.837354198,2801740,66
4.837354198,2803118,1378
4.839641329,2803200,82
4.839641329,2804562,1362
4.841935070,2804660,98
4.841935070,2806006,1346
4.844221801,2806120,114
4.844221801,2807450,1330
4.846597452,2807580,130
4.846597452,2808894,1314
4.848884183,2809040,146
4.848884183,2810338,1298
4.852108546,2810500,162
4.852108546,2811782,1282
4.854345887,2811960,178
4.854345887,2813226,1266
4.856520860,2813420,194
4.856520860,2814670,1250
4.858695833,2814880,210
4.858695833,2816114,1234
4.860870806,2816340,226
4.860870806,2817558,1218
4.863046179,2817800,242
4.863046179,2819002,1202
4.865312374,2819260,258
4.865312374,2820446,1186
4.867487347,2820720,274
4.867487347,2821890,1170
4.869662320,2822180,290
4.869662320,2823334,1154
4.871837293,2823640,306
4.871837293,2824778,1138
4.874012266,2825100,322
4.874012266,2826222,1122
4.876271813,2826560,338
4.876271813,2827666,1106
4.878446786,2828020,354
4.878446786,2829110,1090
4.880621759,2829480,370
4.880621759,2830554,1074
4.882797132,2830940,386
4.882797132,2831998,1058
4.884978753,2832400,402
4.884978753,2833442,1042
4.887153726,2833860,418
4.887153726,2834886,1026
4.889328699,2835320,434
4.889328699,2836330,1010
4.891588246,2836780,450
4.891588246,2837774,994
4.893763219,2838240,466
4.893763219,2839218,978
4.895938192,2839700,482
4.895938192,2840662,962
4.898113165,2841160,498
4.898113165,2842106,946
4.900288138,2842620,514
4.900288138,2843550,930
4.902463111,2844080,530
4.902463111,2844994,914
4.904729706,2845540,546
4.904729706,2846438,898
4.906904679,2847000,562
4.906904679,2847882,882
4.909079652,2848460,578
4.909079652,2849326,866
4.911254625,2849920,594
4.911254625,2850770,850
4.913429598,2851380,610
4.913429598,2852214,834
4.915689145,2852840,626
4.915689145,2853658,818
4.917864118,2854300,642
4.917864118,2855102,802
4.920039091,2855760,658
4.920039091,2856546,786
4.922214064,2857220,674
4.922214064,2857990,770
4.924389437,2858680,690
4.924389437,2859434,754
4.926571058,2860140,706
4.926571058,2860878,738
4.928746031,2861600,722
4.928746031,2862322,722
4.930921004,2863060,738
4.930921004,2863766,706
4.933180551,2864520,754
4.933180551,2865210,690
4.935355524,2865980,770
4.935355524,2866654,674
4.937530497,2867440,786
4.937530497,2868098,658
4.939705470,2868900,802
4.939705470,2869542,642
4.941880443,2870360,818
4.941880443,2870986,626
4.944140390,2871820,834
4.944140390,2872430,610
4.946322011,2873280,850
4.946322011,2873874,594
4.948496984,2874740,866
4.948496984,2875318,578
4.950671957,2876200,882
4.950671957,2876762,562
4.952843650,2877660,898
4.952843650,2878206,546
4.953995609,2879120,914
4.953995609,2879650,530
4.956144288,2880580,930
4.956144288,2881094,514
4.958292967,2882040,946
4.958292967,2882538,498
4.960525198,2883500,962
4.960525198,2883982,482
4.962673877,2884960,978
4.962673877,2885426,466
4.964822956,2886420,994
4.964822956,2886870,450
4.966978198,2887880,1010
4.966978198,2888314,434
4.969126877,2889340,1026
4.969126877,2889758,418
4.971359108,2890800,1042
4.971359108,2891202,402
4.973507787,2892260,1058
4.973507787,2892646,386
4.975656466,2893720,1074
4.975656466,2894090,370
4.977805145,2895180,1090
4.977805145,2895534,354
4.979953824,2896640,1106
4.979953824,2896978,338
4.982186055,2898100,1122
4.982186055,2898422,322
4.984335134,2899560,1138
4.984335134,2899866,306
4.986490376,2901020,1154
4.986490376,2901310,290
4.988639055,2902480,1170
4.988639055,2902754,274
4.990787734,2903940,1186
4.990787734,2904198,258
4.992936413,2905400,1202
4.992936413,2905642,242
4.995085092,2906860,1218
4.995085092,2907086,226
4.997233771,2908320,1234
4.997233771,2908530,210
4.999466002,2909780,1250
4.999466002,2909974,194
5.001614681,2911240,1266
5.001614681,2911418,178
5.003763360,2912700,1282
5.003763360,2912862,162
5.005912439,2914160,1298
5.005912439,2914306,146
5.008067681,2915620,1314
5.008067681,2915750,130
5.010299912,2917080,1330
5.010299912,2917194,114
5.012448591,2918540,1346
5.012448591,2918638,98
5.014597270,2920000,1362
5.014597270,2920082,82
5.016745949,2921460,1378
5.016745949,2921526,66
5.018894548,2922920,1394
5.018894548,2922970,50
5.021041835,2924380,1410
5.021041835,2924414,34
5.023189122,2925840,1426
5.023189122,2925858,18
5.025336409,2927300,1442
5.025336409,2927302,2
5.027574290,2928754,1452
5.029722969,2928760,6
5.029722969,2930199,1439
5.031871648,2930220,21
5.031871648,2931644,1424
5.034020327,2931680,36
5.034020327,2933089,1409
5.036169006,2933140,51
5.036169006,2934534,1394
5.038401237,2934600,66
5.038401237,2935978,1378
5.040549916,2936060,82
5.040549916,2937422,1362
5.042698595,2937520,98
5.042698595,2938866,1346
5.044847274,2938980,114
5.044847274,2940310,1330
5.046996353,2940440,130
5.046996353,2941754,1314
5.049151595,2941900,146
5.049151595,2943198,1298
5.054235216,2943360,162
5.054235216,2944642,1282
5.056374024,2944820,178
5.056374024,2946086,1266
5.058528412,2946280,194
5.058528412,2947530,1250
5.060602162,2947740,210
5.060602162,2948974,1234
5.062675912,2949200,226
5.062675912,2950418,1218
5.064749662,2950660,242
5.064749662,2951862,1202
5.066823412,2952120,258
5.066823412,2953306,1186
5.068978200,2953580,274
5.068978200,2954750,1170
5.071058270,2955040,290
5.071058270,2956194,1154
5.073132020,2956500,306
5.073132020,2957638,1138
5.075205770,2957960,322
5.075205770,2959082,1122
5.077279520,2959420,338
5.077279520,2960526,1106
5.079433908,2960880,354
5.079433908,2961970,1090
5.081507658,2962340,370
5.081507658,2963414,1074
5.083581408,2963800,386
5.083581408,2964858,1058
5.085655158,2965260,402
5.085655158,2966302,1042
5.087728908,2966720,418
5.087728908,2967746,1026
5.089803058,2968180,434
5.089803058,2969190,1010
5.091883128,2969640,450
5.091883128,2970634,994
5.093956878,2971100,466
5.093956878,2972078,978
5.096111266,2972560,482
5.096111266,2973522,962
5.098185016,2974020,498
5.098185016,2974966,946
5.100258766,2975480,514
5.100258766,2976410,930
5.102332516,2976940,530
5.102332516,2977854,914
5.104406266,2978400,546
5.104406266,2979298,898
5.106560654,2979860,562
5.106560654,2980742,882
5.108634804,2981320,578
5.108634804,2982186,866
5.110714874,2982780,594
5.110714874,2983630,850
5.112788624,2984240,610
5.112788624,2985074,834
5.114862374,2985700,626
5.114862374,2986518,818
5.116936124,2987160,642
5.116936124,2987962,802
5.119009874,2988620,658
5.119009874,2989406,786
5.121083624,2990080,674
5.121083624,2990850,770
5.123238012,2991540,690
5.123238012,2992294,754
5.125311762,2993000,706
5.125311762,2993738,738
5.127385512,2994460,722
5.127385512,2995182,722
5.129459662,2995920,738
5.129459662,2996626,706
5.131539732,2997380,754
5.131539732,2998070,690
5.133694120,2998840,770
5.133694120,2999514,674
5.135767870,3000300,786
5.135767870,3000958,658
5.137841620,3001760,802
5.137841620,3002402,642
5.139915370,3003220,818
5.139915370,3003846,626
5.141989120,3004680,834
5.141989120,3005290,610
5.144062870,3006140,850
5.144062870,3006734,594
5.146136620,3007600,866
5.146136620,3008178,578
5.148291408,3009060,882
5.148291408,3009622,562
5.150371478,3010520,898
5.150371478,3011066,546
5.152445228,3011980,914
5.152445228,3012510,530
5.154518978,3013440,930
5.154518978,3013954,514
5.156712987,3014900,946
5.156712987,3015398,498
5.158906996,3016360,962
5.158906996,3016842,482
5.161186319,3017820,978
5.161186319,3018286,466
5.163380328,3019280,994
5.163380328,3019730,450
5.165574337,3020740,1010
5.165574337,3021174,434
5.167768346,3022200,1026
5.167768346,3022618,418
5.169962755,3023660,1042
5.169962755,3024062,402
5.172163473,3025120,1058
5.172163473,3025506,386
5.174442796,3026580,1074
5.174442796,3026950,370
5.176636805,3028040,1090
5.176636805,3028394,354
5.178830814,3029500,1106
5.178830814,3029838,338
5.181024823,3030960,1122
5.181024823,3031282,322
5.183218832,3032420,1138
5.183218832,3032726,306
5.185412841,3033880,1154
5.185412841,3034170,290
5.187606850,3035340,1170
5.187606850,3035614,274
5.189800859,3036800,1186
5.189800859,3037058,258
5.192087292,3038260,1202
5.192087292,3038502,242
5.194281301,3039720,1218
5.194281301,3039946,226
5.196475310,3041180,1234
5.196475310,3041390,210
5.198669319,3042640,1250
5.198669319,3042834,194
5.200863328,3044100,1266
5.200863328,3044278,178
5.203142651,3045560,1282
5.203142651,3045722,162
5.205336660,3047020,1298
5.205336660,3047166,146
5.207530669,3048480,1314
5.207530669,3048610,130
5.209724678,3049940,1330
5.209724678,3050054,114
5.211919087,3051400,1346
5.211919087,3051498,98
5.214119805,3052860,1362
5.214119805,3052942,82
5.216313814,3054320,1378
5.216313814,3054386,66
5.218507743,3055780,1394
5.218507743,3055830,50
5.220785644,3057240,1410
5.220785644,3057274,34
5.222978231,3058700,1426
5.222978231,3058718,18
5.225170818,3060160,1442
5.225170818,3060162,2
5.227363485,3061614,1452
5.229557494,3061620,6
5.229557494,3063059,1439
5.231837217,3063080,21
5.231837217,3064504,1424
5.234037935,3064540,36
5.234037935,3065949,1409
5.236231944,3066000,51
5.236231944,3067394,1394
5.238425953,3067460,66
5.238425953,3068838,1378
5.240619962,3068920,82
5.240619962,3070282,1362
5.242813971,3070380,98
5.242813971,3071726,1346
5.245007980,3071840,114
5.245007980,3073170,1330
5.247287303,3073300,130
5.247287303,3074614,1314
5.249481312,3074760,146
5.249481312,3076058,1298
5.251675321,3076220,162
5.251675321,3077502,1282
5.253869730,3077680,178
5.253869730,3078946,1266
5.256070448,3079140,194
5.256070448,3080390,1250
5.258221637,3080600,210
5.258221637,3081834,1234
5.260456475,3082060,226
5.260456475,3083278,1218
5.262607664,3083520,242
5.262607664,3084722,1202
5.264758853,3084980,258
5.264758853,3086166,1186
5.266910042,3086440,274
5.266910042,3087610,1170
5.269061231,3087900,290
5.269061231,3089054,1154
5.271296069,3089360,306
5.271296069,3090498,1138
5.273447658,3090820,322
5.273447658,3091942,1122
5.275605418,3092280,338
5.275605418,3093386,1106
5.277756607,3093740,354
5.277756607,3094830,1090
5.279907796,3095200,370
5.279907796,3096274,1074
5.282058985,3096660,386
5.282058985,3097718,1058
5.284210174,3098120,402
5.284210174,3099162,1042
5.286361363,3099580,418
5.286361363,3100606,1026
5.288596201,3101040,434
5.288596201,3102050,1010
5.290747390,3102500,450
5.290747390,3103494,994
5.292898579,3103960,466
5.292898579,3104938,978
5.295050168,3105420,482
5.295050168,3106382,962
5.297207928,3106880,498
5.297207928,3107826,946
5.299442766,3108340,514
5.299442766,3109270,930
5.301593955,3109800,530
5.301593955,3110714,914
5.303745144,3111260,546
5.303745144,3112158,898
5.305896333,3112720,562
5.305896333,3113602,882
5.308047522,3114180,578
5.308047522,3115046,866
5.310198711,3115640,594
5.310198711,3116490,850
5.312349900,3117100,610
5.312349900,3117934,834
5.314501089,3118560,626
5.314501089,3119378,818
5.316742898,3120020,642
5.316742898,3120822,802
5.318894087,3121480,658
5.318894087,3122266,786
5.321045276,3122940,674
5.321045276,3123710,770
5.323196465,3124400,690
5.323196465,3125154,754
5.325347654,3125860,706
5.325347654,3126598,738
5.327582492,3127320,722
5.327582492,3128042,722
5.329733681,3128780,738
5.329733681,3129486,706
5.331884870,3130240,754
5.331884870,3130930,690
5.334036059,3131700,770
5.334036059,3132374,674
5.336187648,3133160,786
5.336187648,3133818,658
5.338429057,3134620,802
5.338429057,3135262,642
5.340580246,3136080,818
5.340580246,3136706,626
5.342731435,3137540,834
5.342731435,3138150,610
5.344882624,3139000,850
5.344882624,3139594,594
5.347033813,3140460,866
5.347033813,3141038,578
5.349185002,3141920,882
5.349185002,3142482,562
5.351336191,3143380,898
5.351336191,3143926,546
5.353487380,3144840,914
5.353487380,3145370,530
5.355718938,3146300,930
5.355718938,3148258,1958
5.355880152,3149220,962
5.355880152,3149702,482
5.357955756,3150680,978
5.357955756,3151146,466
5.360031360,3152140,994
5.360031360,3152590,450
5.362187674,3153600,1010
5.362187674,3154034,434
5.364263278,3155060,1026
5.364263278,3155478,418
5.366338882,3156520,1042
5.366338882,3156922,402
5.368414486,3157980,1058
5.368414486,3158366,386
5.370490090,3159440,1074
5.370490090,3159810,370
5.372566094,3160900,1090
5.372566094,3161254,354
5.374648024,3162360,1106
5.374648024,3162698,338
5.376723628,3163820,1122
5.376723628,3164142,322
5.378879942,3165280,1138
5.378879942,3165586,306
5.380955546,3166740,1154
5.380955546,3167030,290
5.383031150,3168200,1170
5.383031150,3168474,274
5.385106754,3169660,1186
5.385106754,3169918,258
5.387182358,3171120,1202
5.387182358,3171362,242
5.389338672,3172580,1218
5.389338672,3172806,226
5.391414676,3174040,1234
5.391414676,3174250,210
5.393496606,3175500,1250
5.393496606,3175694,194
5.395572210,3176960,1266
5.395572210,3177138,178
5.397647814,3178420,1282
5.397647814,3178582,162
5.399723418,3179880,1298
5.399723418,3180026,146
5.401799022,3181340,1314
5.401799022,3181470,130
5.403874626,3182800,1330
5.403874626,3182914,114
5.406030940,3184260,1346
5.406030940,3184358,98
5.408106544,3185720,1362
5.408106544,3185802,82
5.410182148,3187180,1378
5.410182148,3187246,66
5.412258072,3188640,1394
5.412258072,3188690,50
5.414338656,3190100,1410
5.414338656,3190134,34
5.416493624,3191560,1426
5.416493624,3191578,18
5.418567882,3193020,1442
5.418567882,3193022,2
5.420642220,3194474,1452
5.422717824,3194480,6
5.422717824,3195919,1439
5.424793428,3195940,21
5.424793428,3197364,1424
5.426949742,3197400,36
5.426949742,3198809,1409
5.429025346,3198860,51
5.429025346,3200254,1394
5.431101350,3200320,66
5.431101350,3201698,1378
5.433183280,3201780,82
5.433183280,3203142,1362
5.435258884,3203240,98
5.435258884,3204586,1346
5.437334488,3204700,114
5.437334488,3206030,1330
5.439410092,3206160,130
5.439410092,3207474,1314
5.441485696,3207620,146
5.441485696,3208918,1298
5.443642010,3209080,162
5.443642010,3210362,1282
5.445717614,3210540,178
5.445717614,3211806,1266
5.447793218,3212000,194
5.447793218,3213250,1250
5.449868822,3213460,210
5.449868822,3214694,1234
5.451944826,3214920,226
5.451944826,3216138,1218
5.454310028,3216380,242
5.454310028,3217582,1202
5.456580007,3217840,258
5.456580007,3219026,1186
5.458849986,3219300,274
5.458849986,3220470,1170
5.461119965,3220760,290
5.461119965,3221914,1154
5.463389944,3222220,306
5.463389944,3223358,1138
5.465659923,3223680,322
5.465659923,3224802,1122
5.467929902,3225140,338
5.467929902,3226246,1106
5.470199881,3226600,354
5.470199881,3227690,1090
5.472558528,3228060,370
5.472558528,3229134,1074
5.474835462,3229520,386
5.474835462,3230578,1058
5.477105441,3230980,402
5.477105441,3232022,1042
5.479375420,3232440,418
5.479375420,3233466,1026
5.481645399,3233900,434
5.481645399,3234910,1010
5.484003646,3235360,450
5.484003646,3236354,994
5.486273625,3236820,466
5.486273625,3237798,978
5.488543604,3238280,482
5.488543604,3239242,962
5.490813583,3239740,498
5.490813583,3240686,946
5.493083562,3241200,514
5.493083562,3242130,930
5.495449165,3242660,530
5.495449165,3243574,914
5.497719144,3244120,546
5.497719144,3245018,898
5.499989123,3245580,562
5.499989123,3246462,882
5.502259102,3247040,578
5.502259102,3247906,866
5.504529081,3248500,594
5.504529081,3249350,850
5.506799060,3249960,610
5.506799060,3250794,834
5.509069039,3251420,626
5.509069039,3252238,818
5.511339018,3252880,642
5.511339018,3253682,802
5.513697265,3254340,658
5.513697265,3255126,786
5.515967644,3255800,674
5.515967644,3256570,770
5.518244578,3257260,690
5.518244578,3258014,754
5.520514557,3258720,706
5.520514557,3259458,738
5.522784536,3260180,722
5.522784536,3260902,722
5.525142783,3261640,738
5.525142783,3262346,706
5.527412762,3263100,754
5.527412762,3263790,690
5.529682741,3264560,770
5.529682741,3265234,674
5.531952720,3266020,786
5.531952720,3266678,658
5.534222699,3267480,802
5.534222699,3268122,642
5.536492678,3268940,818
5.536492678,3269566,626
5.538763057,3270400,834
5.538763057,3271010,610
5.541039991,3271860,850
5.541039991,3272454,594
5.543398238,3273320,866
5.543398238,3273898,578
5.545668217,3274780,882
5.545668217,3275342,562
5.547938196,3276240,898
5.547938196,3276786,546
5.553152037,3277700,914
5.553152037,3278230,530
5.555617601,3279160,930
5.555617601,3279674,514
5.558120718,3280620,946
5.558120718,3281118,498
5.560530144,3282080,962
5.560530144,3282562,482
5.562939970,3283540,978
5.562939970,3284006,466
5.565356803,3285000,994
5.565356803,3285450,450
5.567766229,3286460,1010
5.567766229,3286894,434
5.570175655,3287920,1026
5.570175655,3288338,418
5.572585081,3289380,1042
5.572585081,3289782,402
5.574994507,3290840,1058
5.574994507,3291226,386
5.577497624,3292300,1074
5.577497624,3292670,370
5.579907050,3293760,1090
5.579907050,3294114,354
5.582316476,3295220,1106
5.582316476,3295558,338
5.584725902,3296680,1122
5.584725902,3297002,322
5.587135728,3298140,1138
5.587135728,3298446,306
5.589646252,3299600,1154
5.589646252,3299890,290
5.592055678,3301060,1170
5.592055678,3301334,274
5.594465104,3302520,1186
5.594465104,3302778,258
5.596874530,3303980,1202
5.596874530,3304222,242
5.599283956,3305440,1218
5.599283956,3305666,226
5.601787073,3306900,1234
5.601787073,3307110,210
5.604196499,3308360,1250
5.604196499,3308554,194
5.606605925,3309820,1266
5.606605925,3309998,178
5.609015751,3311280,1282
5.609015751,3311442,162
5.611432584,3312740,1298
5.611432584,3312886,146
5.613842010,3314200,1314
5.613842010,3314330,130
5.616251436,3315660,1330
5.616251436,3315774,114
5.618660862,3317120,1346
5.618660862,3317218,98
5.621163979,3318580,1362
5.621163979,3318662,82
5.623573405,3320040,1378
5.623573405,3320106,66
5.625982751,3321500,1394
5.625982751,3321550,50
5.628390615,3322960,1410
5.628390615,3322994,34
5.630798479,3324420,1426
5.630798479,3324438,18
5.633307841,3325880,1442
5.633307841,3325882,2
5.635715785,3327334,1452
5.638125211,3327340,6
5.638125211,3328779,1439
5.640534637,3328800,21
5.640534637,3330224,1424
5.642944063,3330260,36
5.642944063,3331669,1409
5.645353489,3331720,51
5.645353489,3333114,1394
5.647762915,3333180,66
5.647762915,3334558,1378
5.650172341,3334640,82
5.650172341,3336002,1362
5.652581767,3336100,98
5.652581767,3337446,1346
5.655085284,3337560,114
5.655085284,3338890,1330
5.657203374,3339020,130
5.657203374,3340334,1314
5.659315021,3340480,146
5.659315021,3341778,1298
5.661426668,3341940,162
5.661426668,3343222,1282
5.663538315,3343400,178
5.663538315,3344666,1266
5.665732074,3344860,194
5.665732074,3346110,1250
5.667843721,3346320,210
5.667843721,3347554,1234
5.669955368,3347780,226
5.669955368,3348998,1218
5.672067015,3349240,242
5.672067015,3350442,1202
5.674178662,3350700,258
5.674178662,3351886,1186
5.676290709,3352160,274
5.676290709,3353330,1170
5.678408799,3353620,290
5.678408799,3354774,1154
5.680520446,3355080,306
5.680520446,3356218,1138
5.682714205,3356540,322
5.682714205,3357662,1122
5.684825852,3358000,338
5.684825852,3359106,1106
5.686937499,3359460,354
5.686937499,3360550,1090
5.689049146,3360920,370
5.689049146,3361994,1074
5.691160793,3362380,386
5.691160793,3363438,1058
5.693354552,3363840,402
5.693354552,3364882,1042
5.695466599,3365300,418
5.695466599,3366326,1026
5.697584689,3366760,434
5.697584689,3367770,1010
5.699696336,3368220,450
5.699696336,3369214,994
5.701807983,3369680,466
5.701807983,3370658,978
5.704001742,3371140,482
5.704001742,3372102,962
5.706113389,3372600,498
5.706113389,3373546,946
5.708225036,3374060,514
5.708225036,3374990,930
5.710336683,3375520,530
5.710336683,3376434,914
5.712448330,3376980,546
5.712448330,3377878,898
5.714559977,3378440,562
5.714559977,3379322,882
5.716672024,3379900,578
5.716672024,3380766,866
5.718790114,3381360,594
5.718790114,3382210,850
5.720983873,3382820,610
5.720983873,3383654,834
5.723095520,3384280,626
5.723095520,3385098,818
5.725207167,3385740,642
5.725207167,3386542,802
5.727318814,3387200,658
5.727318814,3387986,786
5.729430461,3388660,674
5.729430461,3389430,770
5.731624220,3390120,690
5.731624220,3390874,754
5.733735867,3391580,706
5.733735867,3392318,738
5.735847914,3393040,722
5.735847914,3393762,722
5.737966004,3394500,738
5.737966004,3395206,706
5.740077651,3395960,754
5.740077651,3396650,690
5.742189298,3397420,770
5.742189298,3398094,674
5.744300945,3398880,786
5.744300945,3399538,658
5.746412592,3400340,802
5.746412592,3400982,642
5.748606351,3401800,818
5.748606351,3402426,626
5.750717998,3403260,834
5.750717998,3403870,610
5.752829645,3404720,850
5.752829645,3405314,594
5.754941292,3406180,866
5.754941292,3406758,578
5.757196905,3407640,882
5.757196905,3408202,562
5.759546720,3409100,898
5.759546720,3409646,546
5.761801933,3410560,914
5.761801933,3411090,530
5.764057146,3412020,930
5.764057146,3412534,514
5.766312359,3413480,946
5.766312359,3413978,498
5.768567572,3414940,962
5.768567572,3415422,482
5.770822785,3416400,978
5.770822785,3416866,466
5.773077998,3417860,994
5.773077998,3418310,450
5.775333211,3419320,1010
5.775333211,3419754,434
5.777676518,3420780,1026
5.777676518,3421198,418
5.779938639,3422240,1042
5.779938639,3422642,402
5.782193852,3423700,1058
5.782193852,3424086,386
5.784449065,3425160,1074
5.784449065,3425530,370
5.786704278,3426620,1090
5.786704278,3426974,354
5.789047185,3428080,1106
5.789047185,3428418,338
5.791302398,3429540,1122
5.791302398,3429862,322
5.793557611,3431000,1138
5.793557611,3431306,306
5.795812824,3432460,1154
5.795812824,3432750,290
5.798068037,3433920,1170
5.798068037,3434194,274
5.800418252,3435380,1186
5.800418252,3435638,258
5.802673465,3436840,1202
5.802673465,3437082,242
5.804928678,3438300,1218
5.804928678,3438526,226
5.807183891,3439760,1234
5.807183891,3439970,210
5.809439104,3441220,1250
5.809439104,3441414,194
5.811694317,3442680,1266
5.811694317,3442858,178
5.813949530,3444140,1282
5.813949530,3444302,162
5.816204743,3445600,1298
5.816204743,3445746,146
5.818547650,3447060,1314
5.818547650,3447190,130
5.820803263,3448520,1330
5.820803263,3448634,114
5.823065384,3449980,1346
5.823065384,3450078,98
5.825320597,3451440,1362
5.825320597,3451522,82
5.827575810,3452900,1378
5.827575810,3452966,66
5.829918637,3454360,1394
5.829918637,3454410,50
5.832172389,3455820,1410
5.832172389,3455854,34
5.834426141,3457280,1426
5.834426141,3457298,18
5.836679893,3458740,1442
5.836679893,3458742,2
5.838933725,3460194,1452
5.841188938,3460200,6
5.841188938,3461639,1439
5.843444551,3461660,21
5.843444551,3463084,1424
5.845706672,3463120,36
5.845706672,3464529,1409
5.848049579,3464580,51
5.848049579,3465974,1394
5.850304792,3466040,66
5.850304792,3467418,1378
5.852560005,3467500,82
5.852560005,3468862,1362
5.855759617,3468960,98
5.855759617,3470306,1346
5.858244872,3470420,114
5.858244872,3471750,1330
5.860769003,3471880,130
5.860769003,3473194,1314
5.863198657,3473340,146
5.863198657,3474638,1298
5.865628711,3474800,162
5.865628711,3476082,1282
5.868065839,3476260,178
5.868065839,3477526,1266
5.870495493,3477720,194
5.870495493,3478970,1250
5.872925147,3479180,210
5.872925147,3480414,1234
5.875354801,3480640,226
5.875354801,3481858,1218
5.877784455,3482100,242
5.877784455,3483302,1202
5.880308586,3483560,258
5.880308586,3484746,1186
5.882738240,3485020,274
5.882738240,3486190,1170
5.885167894,3486480,290
5.885167894,3487634,1154
5.887597548,3487940,306
5.887597548,3489078,1138
5.890027602,3489400,322
5.890027602,3490522,1122
5.892559207,3490860,338
5.892559207,3491966,1106
5.894988861,3492320,354
5.894988861,3493410,1090
5.897418515,3493780,370
5.897418515,3494854,1074
5.899848169,3495240,386
5.899848169,3496298,1058
5.902277823,3496700,402
5.902277823,3497742,1042
5.904801954,3498160,418
5.904801954,3499186,1026
5.907231608,3499620,434
5.907231608,3500630,1010
5.909661262,3501080,450
5.909661262,3502074,994
5.912091316,3502540,466
5.912091316,3503518,978
5.914528444,3504000,482
5.914528444,3504962,962
5.916958098,3505460,498
5.916958098,3506406,946
5.919387752,3506920,514
5.919387752,3507850,930
5.921817406,3508380,530
5.921817406,3509294,914
5.924341537,3509840,546
5.924341537,3510738,898
5.926771191,3511300,562
5.926771191,3512182,882
5.929200845,3512760,578
5.929200845,3513626,866
5.931630499,3514220,594
5.931630499,3515070,850
5.934060153,3515680,610
5.934060153,3516514,834
5.936592158,3517140,626
5.936592158,3517958,818
5.939021812,3518600,642
5.939021812,3519402,802
5.941451466,3520060,658
5.941451466,3520846,786
5.943881120,3521520,674
5.943881120,3522290,770
5.946310774,3522980,690
5.946310774,3523734,754
5.948740428,3524440,706
5.948740428,3525178,738
5.951170082,3525900,722
5.951170082,3526622,722
5.953599736,3527360,738
5.953599736,3528066,706
5.956120587,3528820,754
5.956120587,3530954,2134
5.957818663,3531740,786
5.957818663,3532398,658
5.960162264,3533200,802
5.960162264,3533842,642
5.962505865,3534660,818
5.962505865,3535286,626
5.964940597,3536120,834
5.964940597,3536730,610
5.967284198,3537580,850
5.967284198,3538174,594
5.969627799,3539040,866
5.969627799,3539618,578
5.971971400,3540500,882
5.971971400,3541062,562
5.974315001,3541960,898
5.974315001,3542506,546
5.976750133,3543420,914
5.976750133,3543950,530
5.979100928,3544880,930
5.979100928,3545394,514
5.981444529,3546340,946
5.981444529,3546838,498
5.983788130,3547800,962
5.983788130,3548282,482
5.986131731,3549260,978
5.986131731,3549726,466
5.988475332,3550720,994
5.988475332,3551170,450
5.990818933,3552180,1010
5.990818933,3552614,434
5.993162534,3553640,1026
5.993162534,3554058,418
5.995597266,3555100,1042
5.995597266,3555502,402
5.997940867,3556560,1058
5.997940867,3556946,386
6.000284868,3558020,1074
6.000284868,3558390,370
6.002635663,3559480,1090
6.002635663,3559834,354
6.004979264,3560940,1106
6.004979264,3561278,338
6.007413996,3562400,1122
6.007413996,3562722,322
6.009757597,3563860,1138
6.009757597,3564166,306
6.012101198,3565320,1154
6.012101198,3565610,290
6.014444799,3566780,1170
6.014444799,3567054,274
6.016788400,3568240,1186
6.016788400,3568498,258
6.019132001,3569700,1202
6.019132001,3569942,242
6.021475602,3571160,1218
6.021475602,3571386,226
6.023819603,3572620,1234
6.023819603,3572830,210
6.026261529,3574080,1250
6.026261529,3574274,194
6.028605130,3575540,1266
6.028605130,3575718,178
6.030948731,3577000,1282
6.030948731,3577162,162
6.033292332,3578460,1298
6.033292332,3578606,146
6.035635933,3579920,1314
6.035635933,3580050,130
6.038070665,3581380,1330
6.038070665,3581494,114
6.040414266,3582840,1346
6.040414266,3582938,98
6.042757867,3584300,1362
6.042757867,3584382,82
6.045101868,3585760,1378
6.045101868,3585826,66
6.047452583,3587220,1394
6.047452583,3587270,50
6.049794665,3588680,1410
6.049794665,3588714,34
6.053076222,3590140,1426
6.053076222,3590158,18
6.055435708,3591600,1442
6.055435708,3591602,2
6.057824202,3593054,1452
6.060124654,3593060,6
6.060124654,3594499,1439
6.062425106,3594520,21
6.062425106,3595944,1424
6.064725558,3595980,36
6.064725558,3597389,1409
6.067026010,3597440,51
6.067026010,3598834,1394
6.069423370,3598900,66
6.069423370,3600278,1378
6.071723822,3600360,82
6.071723822,3601722,1362
6.074024274,3601820,98
6.074024274,3603166,1346
6.076324726,3603280,114
6.076324726,3604610,1330
6.078625178,3604740,130
6.078625178,3606054,1314
6.081015083,3606200,146
6.081015083,3607498,1298
6.083315535,3607660,162
6.083315535,3608942,1282
6.085615987,3609120,178
6.085615987,3610386,1266
6.087916439,3610580,194
6.087916439,3611830,1250
6.090217291,3612040,210
6.090217291,3613274,1234
6.092524798,3613500,226
6.092524798,3614718,1218
6.094825250,3614960,242
6.094825250,3616162,1202
6.097125702,3616420,258
6.097125702,3617606,1186
6.099515607,3617880,274
6.099515607,3619050,1170
6.101816059,3619340,290
6.101816059,3620494,1154
6.104116511,3620800,306
6.104116511,3621938,1138
6.106416963,3622260,322
6.106416963,3623382,1122
6.108717415,3623720,338
6.108717415,3624826,1106
6.111107720,3625180,354
6.111107720,3626270,1090
6.113415227,3626640,370
6.113415227,3627714,1074
6.115715679,3628100,386
6.115715679,3629158,1058
6.118016131,3629560,402
6.118016131,3630602,1042
6.120316583,3631020,418
6.120316583,3632046,1026
6.122617035,3632480,434
6.122617035,3633490,1010
6.124917487,3633940,450
6.124917487,3634934,994
6.127217939,3635400,466
6.127217939,3636378,978
6.129607844,3636860,482
6.129607844,3637822,962
6.131908296,3638320,498
6.131908296,3639266,946
6.134209148,3639780,514
6.134209148,3640710,930
6.136516655,3641240,530
6.136516655,3642154,914
6.138817107,3642700,546
6.138817107,3643598,898
6.141117559,3644160,562
6.141117559,3645042,882
6.143507464,3645620,578
6.143507464,3646486,866
6.145807916,3647080,594
6.145807916,3647930,850
6.148108368,3648540,610
6.148108368,3649374,834
6.150408820,3650000,626
6.150408820,3650818,818
6.152705992,3651460,642
6.152705992,3652262,802
6.153854561,3652920,658
6.153854561,3653706,786
6.156000250,3654380,674
6.156000250,3655150,770
6.158152091,3655840,690
6.158152091,3656594,754
6.160380800,3657300,706
6.160380800,3658038,738
6.162526089,3658760,722
6.162526089,3659482,722
6.164671378,3660220,738
6.164671378,3660926,706
6.166816667,3661680,754
6.166816667,3662370,690
6.168961956,3663140,770
6.168961956,3663814,674
6.171190665,3664600,786
6.171190665,3665258,658
6.173335954,3666060,802
6.173335954,3666702,642
6.175481643,3667520,818
6.175481643,3668146,626
6.177633484,3668980,834
6.177633484,3669590,610
6.179778773,3670440,850
6.179778773,3671034,594
6.182007482,3671900,866
6.182007482,3672478,578
6.184152771,3673360,882
6.184152771,3673922,562
6.186298060,3674820,898
6.186298060,3675366,546
6.188443349,3676280,914
6.188443349,3676810,530
6.190588638,3677740,930
6.190588638,3678254,514
6.192733927,3679200,946
6.192733927,3679698,498
6.194879216,3680660,962
6.194879216,3681142,482
6.197024905,3682120,978
6.197024905,3682586,466
6.199260166,3683580,994
6.199260166,3684030,450
6.201405455,3685040,1010
6.201405455,3685474,434
6.203550744,3686500,1026
6.203550744,3686918,418
6.205696033,3687960,1042
6.205696033,3688362,402
6.207841322,3689420,1058
6.207841322,3689806,386
6.210070031,3690880,1074
6.210070031,3691250,370
6.212215320,3692340,1090
6.212215320,3692694,354
6.214360609,3693800,1106
6.214360609,3694138,338
6.216506298,3695260,1122
6.216506298,3695582,322
6.218658139,3696720,1138
6.218658139,3697026,306
6.220803428,3698180,1154
6.220803428,3698470,290
6.222948717,3699640,1170
6.222948717,3699914,274
6.225094006,3701100,1186
6.225094006,3701358,258
6.227322715,3702560,1202
6.227322715,3702802,242
6.229468004,3704020,1218
6.229468004,3704246,226
6.231613293,3705480,1234
6.231613293,3705690,210
6.233758582,3706940,1250
6.233758582,3707134,194
6.235903871,3708400,1266
6.235903871,3708578,178
6.238139531,3709860,1282
6.238139531,3710022,162
6.240284820,3711320,1298
6.240284820,3711466,146
6.242430109,3712780,1314
6.242430109,3712910,130
6.244575398,3714240,1330
6.244575398,3714354,114
6.246720687,3715700,1346
6.246720687,3715798,98
6.248865976,3717160,1362
6.248865976,3717242,82
6.251011265,3718620,1378
6.251011265,3718686,66
6.256094123,3720080,1394
6.256094123,3720130,50
6.258471748,3721540,1410
6.258471748,3721574,34
6.260700708,3723000,1426
6.260700708,3723018,18
6.262936094,3724460,1442
6.262936094,3724462,2
6.265164734,3725914,1452
6.267394739,3725920,6
6.267394739,3727359,1439
6.269711458,3727380,21
6.269711458,3728804,1424
6.271941463,3728840,36
6.271941463,3730249,1409
6.274171468,3730300,51
6.274171468,3731694,1394
6.276401473,3731760,66
6.276401473,3733138,1378
6.278631478,3733220,82
6.278631478,3734582,1362
6.280948597,3734680,98
6.280948597,3736026,1346
6.283185429,3736140,114
6.283185429,3737470,1330
6.285415434,3737600,130
6.285415434,3738914,1314
6.287645439,3739060,146
6.287645439,3740358,1298
6.289875444,3740520,162
6.289875444,3741802,1282
6.292105449,3741980,178
6.292105449,3743246,1266
6.294335454,3743440,194
6.294335454,3744690,1250
6.296565459,3744900,210
6.296565459,3746134,1234
6.298882178,3746360,226
6.298882178,3747578,1218
6.301112183,3747820,242
6.301112183,3749022,1202
6.303342588,3749280,258
6.303342588,3750466,1186
6.305579420,3750740,274
6.305579420,3751910,1170
6.307809425,3752200,290
6.307809425,3753354,1154
6.310126144,3753660,306
6.310126144,3754798,1138
6.312356149,3755120,322
6.312356149,3756242,1122
6.314586154,3756580,338
6.314586154,3757686,1106
6.316816159,3758040,354
6.316816159,3759130,1090
6.319046164,3759500,370
6.319046164,3760574,1074
6.321276169,3760960,386
6.321276169,3762018,1058
6.323506174,3762420,402
6.323506174,3763462,1042
6.325736579,3763880,418
6.325736579,3764906,1026
6.328060125,3765340,434
6.328060125,3766350,1010
6.330290130,3766800,450
6.330290130,3767794,994
6.332520135,3768260,466
6.332520135,3769238,978
6.334750140,3769720,482
6.334750140,3770682,962
6.336980145,3771180,498
6.336980145,3772126,946
6.339296864,3772640,514
6.339296864,3773570,930
6.341526869,3774100,530
6.341526869,3775014,914
6.343756874,3775560,546
6.343756874,3776458,898
6.345987279,3777020,562
6.345987279,3777902,882
6.348224111,3778480,578
6.348224111,3779346,866
6.350540830,3779940,594
6.350540830,3780790,850
6.352770835,3781400,610
6.352770835,3782234,834
6.354997560,3782860,626
6.354997560,3783678,818
6.355245850,3784320,642
6.355245850,3785122,802
6.357490860,3785780,658
6.357490860,3786566,786
6.359735870,3787240,674
6.359735870,3788010,770
6.361980880,3788700,690
6.361980880,3789454,754
6.364225890,3790160,706
6.364225890,3790898,738
6.366565472,3791620,722
6.366565472,3792342,722
6.368810482,3793080,738
6.368810482,3793786,706
6.371055492,3794540,754
6.371055492,3795230,690
6.373300502,3796000,770
6.373300502,3796674,674
6.375545512,3797460,786
6.375545512,3798118,658
6.377877819,3798920,802
6.377877819,3799562,642
6.380122829,3800380,818
6.380122829,3801006,626
6.382367839,3801840,834
6.382367839,3802450,610
6.384612849,3803300,850
6.384612849,3803894,594
6.386858259,3804760,866
6.386858259,3805338,578
6.389110144,3806220,882
6.389110144,3806782,562
6.391355154,3807680,898
6.391355154,3808226,546
6.393600164,3809140,914
6.393600164,3809670,530
6.395932471,3810600,930
6.395932471,3811114,514
6.398177481,3812060,946
6.398177481,3812558,498
6.400422491,3813520,962
6.400422491,3814002,482
6.402667501,3814980,978
6.402667501,3815446,466
6.404912511,3816440,994
6.404912511,3816890,450
6.407245218,3817900,1010
6.407245218,3818334,434
6.409497103,3819360,1026
6.409497103,3819778,418
6.411742113,3820820,1042
6.411742113,3821222,402
6.413987123,3822280,1058
6.413987123,3822666,386
6.416232133,3823740,1074
6.416232133,3824110,370
6.418477143,3825200,1090
6.418477143,3825554,354
6.420722153,3826660,1106
6.420722153,3826998,338
6.422967163,3828120,1122
6.422967163,3828442,322
6.425299470,3829580,1138
6.425299470,3829886,306
6.427544480,3831040,1154
6.427544480,3831330,290
6.429789890,3832500,1170
6.429789890,3832774,274
6.432041775,3833960,1186
6.432041775,3834218,258
6.434286785,3835420,1202
6.434286785,3835662,242
6.436619092,3836880,1218
6.436619092,3837106,226
6.438864102,3838340,1234
6.438864102,3838550,210
6.441109112,3839800,1250
6.441109112,3839994,194
6.443354122,3841260,1266
6.443354122,3841438,178
6.445599132,3842720,1282
6.445599132,3842882,162
6.447931439,3844180,1298
6.447931439,3844326,146
6.450176849,3845640,1314
6.450176849,3845770,130
6.452425454,3847100,1330
6.452425454,3847214,114
6.453677064,3848560,1346
6.453677064,3848658,98
6.455925394,3850020,1362
6.455925394,3850102,82
6.458173724,3851480,1378
6.458173724,3851546,66
6.460421974,3852940,1394
6.460421974,3852990,50
6.462668847,3854400,1410
6.462668847,3854434,34
6.465003147,3855860,1426
6.465003147,3855878,18
6.467250020,3857320,1442
6.467250020,3857322,2
6.469496973,3858774,1452
6.471745703,3858780,6
6.471745703,3860219,1439
6.474000919,3860240,21
6.474000919,3861664,1424
6.476336676,3861700,36
6.476336676,3863109,1409
6.478585006,3863160,51
6.478585006,3864554,1394
6.480833336,3864620,66
6.480833336,3865998,1378
6.483081666,3866080,82
6.483081666,3867442,1362
6.485329996,3867540,98
6.485329996,3868886,1346
6.487578326,3869000,114
6.487578326,3870330,1330
6.489826656,3870460,130
6.489826656,3871774,1314
6.492074986,3871920,146
6.492074986,3873218,1298
6.494418028,3873380,162
6.494418028,3874662,1282
6.496666358,3874840,178
6.496666358,3876106,1266
6.498914688,3876300,194
6.498914688,3877550,1250
6.501163018,3877760,210
6.501163018,3878994,1234
6.503411348,3879220,226
6.503411348,3880438,1218
6.505747105,3880680,242
6.505747105,3881882,1202
6.507995435,3882140,258
6.507995435,3883326,1186
6.510243765,3883600,274
6.510243765,3884770,1170
6.512492095,3885060,290
6.512492095,3886214,1154
6.514740825,3886520,306
6.514740825,3887658,1138
6.516996041,3887980,322
6.516996041,3889102,1122
6.519244371,3889440,338
6.519244371,3890546,1106
6.521492701,3890900,354
6.521492701,3891990,1090
6.523828458,3892360,370
6.523828458,3893434,1074
6.526076788,3893820,386
6.526076788,3894878,1058
6.528325118,3895280,402
6.528325118,3896322,1042
6.530573448,3896740,418
6.530573448,3897766,1026
6.532821778,3898200,434
6.532821778,3899210,1010
6.535157935,3899660,450
6.535157935,3900654,994
6.537413151,3901120,466
6.537413151,3902098,978
6.539661481,3902580,482
6.539661481,3903542,962
6.541909811,3904040,498
6.541909811,3904986,946
6.544158141,3905500,514
6.544158141,3906430,930
6.546493898,3906960,530
6.546493898,3907874,914
6.548742228,3908420,546
6.548742228,3909318,898
6.550990558,3909880,562
6.550990558,3910762,882
6.554173881,3911340,578
6.554173881,3912206,866
6.556314545,3912800,594
6.556314545,3913650,850
6.558390602,3914260,610
6.558390602,3915094,834
6.560472585,3915720,626
6.560472585,3916538,818
6.562548242,3917180,642
6.562548242,3917982,802
6.564704611,3918640,658
6.564704611,3919426,786
6.566780268,3920100,674
6.566780268,3920870,770
6.568855925,3921560,690
6.568855925,3922314,754
6.570931582,3923020,706
6.570931582,3923758,738
6.573007239,3924480,722
6.573007239,3925202,722
6.575163608,3925940,738
6.575163608,3926646,706
6.577239665,3927400,754
6.577239665,3928090,690
6.579321648,3928860,770
6.579321648,3929534,674
6.581397305,3930320,786
6.581397305,3930978,658
6.583472962,3931780,802
6.583472962,3932422,642
6.585548619,3933240,818
6.585548619,3933866,626
6.587624276,3934700,834
6.587624276,3935310,610
6.589699933,3936160,850
6.589699933,3936754,594
6.591856302,3937620,866
6.591856302,3938198,578
6.593931959,3939080,882
6.593931959,3939642,562
6.596007616,3940540,898
6.596007616,3941086,546
6.598083673,3942000,914
6.598083673,3942530,530
6.600165656,3943460,930
6.600165656,3943974,514
6.602322025,3944920,946
6.602322025,3945418,498
6.604397682,3946380,962
6.604397682,3946862,482
6.606473339,3947840,978
6.606473339,3948306,466
6.608548996,3949300,994
6.608548996,3949750,450
6.610624653,3950760,1010
6.610624653,3951194,434
6.612700310,3952220,1026
6.612700310,3952638,418
6.614775967,3953680,1042
6.614775967,3954082,402
6.616851624,3955140,1058
6.616851624,3955526,386
6.618927681,3956600,1074
6.618927681,3956970,370
6.621090376,3958060,1090
6.621090376,3958414,354
6.623166033,3959520,1106
6.623166033,3959858,338
6.625241690,3960980,1122
6.625241690,3961302,322
6.627317347,3962440,1138
6.627317347,3962746,306
6.629393004,3963900,1154
6.629393004,3964190,290
6.631549373,3965360,1170
6.631549373,3965634,274
6.633625030,3966820,1186
6.633625030,3967078,258
6.635700687,3968280,1202
6.635700687,3968522,242
6.637776744,3969740,1218
6.637776744,3969966,226
6.639858727,3971200,1234
6.639858727,3971410,210
6.642015096,3972660,1250
6.642015096,3972854,194
6.644090753,3974120,1266
6.644090753,3974298,178
6.646166410,3975580,1282
6.646166410,3975742,162
6.648242067,3977040,1298
6.648242067,3977186,146
6.650317724,3978500,1314
6.650317724,3978630,130
6.652390101,3979960,1330
6.652390101,3980074,114
6.652513541,3981420,1346
6.652513541,3981518,98
6.654525321,3982880,1362
6.654525321,3982962,82
6.656678321,3984340,1378
6.656678321,3984406,66
6.658744211,3985800,1394
6.658744211,3985850,50
6.660808842,3987260,1410
6.660808842,3987294,34
6.662873473,3988720,1426
6.662873473,3988738,18
6.664938104,3990180,1442
6.664938104,3990182,2
6.667083150,3991634,1452
6.669149120,3991640,6
6.669149120,3993079,1439
6.671215090,3993100,21
6.671215090,3994524,1424
6.673281060,3994560,36
6.673281060,3995969,1409
6.675347430,3996020,51
6.675347430,3997414,1394
6.677419694,3997480,66
6.677419694,3998858,1378
6.679485664,3998940,82
6.679485664,4000302,1362
6.681551634,4000400,98
6.681551634,4001746,1346
6.683697939,4001860,114
6.683697939,4003190,1330
6.685763909,4003320,130
6.685763909,4004634,1314
6.687829879,4004780,146
6.687829879,4006078,1298
6.689895849,4006240,162
6.689895849,4007522,1282
6.691961819,4007700,178
6.691961819,4008966,1266
6.694108524,4009160,194
6.694108524,4010410,1250
6.696180788,4010620,210
6.696180788,4011854,1234
6.698246758,4012080,226
6.698246758,4013298,1218
6.700312728,4013540,242
6.700312728,4014742,1202
6.702378698,4015000,258
6.702378698,4016186,1186
6.704444668,4016460,274
6.704444668,4017630,1170
6.706510638,4017920,290
6.706510638,4019074,1154
6.708576608,4019380,306
6.708576608,4020518,1138
6.710722913,4020840,322
6.710722913,4021962,1122
6.712788883,4022300,338
6.712788883,4023406,1106
6.714855253,4023760,354
6.714855253,4024850,1090
6.716927517,4025220,370
6.716927517,4026294,1074
6.718993487,4026680,386
6.718993487,4027738,1058
6.721139792,4028140,402
6.721139792,4029182,1042
6.723205762,4029600,418
6.723205762,4030626,1026
6.725271732,4031060,434
6.725271732,4032070,1010
6.727337702,4032520,450
6.727337702,4033514,994
6.729403672,4033980,466
6.729403672,4034958,978
6.731549977,4035440,482
6.731549977,4036402,962
6.733616347,4036900,498
6.733616347,4037846,946
6.735688611,4038360,514
6.735688611,4039290,930
6.737754581,4039820,530
6.737754581,4040734,914
6.739820551,4041280,546
6.739820551,4042178,898
6.741886521,4042740,562
6.741886521,4043622,882
6.743952491,4044200,578
6.743952491,4045066,866
6.746018461,4045660,594
6.746018461,4046510,850
6.748164766,4047120,610
6.748164766,4047954,834
6.753175862,4048580,626
6.753175862,4049398,818
6.755687749,4050040,642
6.755687749,4050842,802
6.758145162,4051500,658
6.758145162,4052286,786
6.760609737,4052960,674
6.760609737,4053730,770
6.763162291,4054420,690
6.763162291,4055174,754
6.765619304,4055880,706
6.765619304,4056618,738
6.768076317,4057340,722
6.768076317,4058062,722
6.770533330,4058800,738
6.770533330,4059506,706
6.772990343,4060260,754
6.772990343,4060950,690
6.775447356,4061720,770
6.775447356,4062394,674
6.777904369,4063180,786
6.777904369,4063838,658
6.780361382,4064640,802
6.780361382,4065282,642
6.782921898,4066100,818
6.782921898,4066726,626
6.785378911,4067560,834
6.785378911,4068170,610
6.787835924,4069020,850
6.787835924,4069614,594
6.790292937,4070480,866
6.790292937,4071058,578
6.792749950,4071940,882
6.792749950,4072502,562
6.795206963,4073400,898
6.795206963,4073946,546
6.797759517,4074860,914
6.797759517,4075390,530
6.800216530,4076320,930
6.800216530,4076834,514
6.802673543,4077780,946
6.802673543,4078278,498
6.805130956,4079240,962
6.805130956,4079722,482
6.807595531,4080700,978
6.807595531,4081166,466
6.810148085,4082160,994
6.810148085,4082610,450
6.812605098,4083620,1010
6.812605098,4084054,434
6.815062111,4085080,1026
6.815062111,4085498,418
6.817519124,4086540,1042
6.817519124,4086942,402
6.819976137,4088000,1058
6.819976137,4088386,386
6.822433150,4089460,1074
6.822433150,4089830,370
6.824890163,4090920,1090
6.824890163,4091274,354
6.827443117,4092380,1106
6.827443117,4092718,338
6.829907692,4093840,1122
6.829907692,4094162,322
6.832364705,4095300,1138
6.832364705,4095606,306
6.834821718,4096760,1154
6.834821718,4097050,290
6.837278731,4098220,1170
6.837278731,4098494,274
6.839735744,4099680,1186
6.839735744,4099938,258
6.842288298,4101140,1202
6.842288298,4101382,242
6.844745311,4102600,1218
6.844745311,4102826,226
6.847202324,4104060,1234
6.847202324,4104270,210
6.849659337,4105520,1250
6.849659337,4105714,194
6.852116750,4106980,1266
6.852116750,4107158,178
6.854578045,4108440,1282
6.854578045,4110046,1606
6.855948081,4111360,1314
6.855948081,4111490,130
6.858089818,4112820,1330
6.858089818,4112934,114
6.860231555,4114280,1346
6.860231555,4114378,98
6.862373292,4115740,1362
6.862373292,4115822,82
6.864515029,4117200,1378
6.864515029,4117266,66
6.866656686,4118660,1394
6.866656686,4118710,50
6.868880717,4120120,1410
6.868880717,4120154,34
6.871027606,4121580,1426
6.871027606,4121598,18
6.873167955,4123040,1442
6.873167955,4123042,2
6.875308384,4124494,1452
6.877450121,4124500,6
6.877450121,4125939,1439
6.879591858,4125960,21
6.879591858,4127384,1424
6.881733595,4127420,36
6.881733595,4128829,1409
6.883958614,4128880,51
6.883958614,4130274,1394
6.886100351,4130340,66
6.886100351,4131718,1378
6.888242088,4131800,82
6.888242088,4133162,1362
6.890384225,4133260,98
6.890384225,4134606,1346
6.892532502,4134720,114
6.892532502,4136050,1330
6.894674239,4136180,130
6.894674239,4137494,1314
6.896899258,4137640,146
6.896899258,4138938,1298
6.899040995,4139100,162
6.899040995,4140382,1282
6.901182732,4140560,178
6.901182732,4141826,1266
6.903324469,4142020,194
6.903324469,4143270,1250
6.905466206,4143480,210
6.905466206,4144714,1234
6.907691225,4144940,226
6.907691225,4146158,1218
6.909833362,4146400,242
6.909833362,4147602,1202
6.911981639,4147860,258
6.911981639,4149046,1186
6.914123376,4149320,274
6.914123376,4150490,1170
6.916265113,4150780,290
6.916265113,4151934,1154
6.918406850,4152240,306
6.918406850,4153378,1138
6.920548587,4153700,322
6.920548587,4154822,1122
6.922773606,4155160,338
6.922773606,4156266,1106
6.924915343,4156620,354
6.924915343,4157710,1090
6.927057080,4158080,370
6.927057080,4159154,1074
6.929198817,4159540,386
6.929198817,4160598,1058
6.931340954,4161000,402
6.931340954,4162042,1042
6.933489231,4162460,418
6.933489231,4163486,1026
6.935714250,4163920,434
6.935714250,4164930,1010
6.937855987,4165380,450
6.937855987,4166374,994
6.939997724,4166840,466
6.939997724,4167818,978
6.942139461,4168300,482
6.942139461,4169262,962
6.944281198,4169760,498
6.944281198,4170706,946
6.946422935,4171220,514
6.946422935,4172150,930
6.948564672,4172680,530
6.948564672,4173594,914
6.954732007,4174140,546
6.954732007,4175038,898
6.956878707,4175600,562
6.956878707,4176482,882
6.958960976,4177060,578
6.958960976,4177926,866
6.961043245,4178520,594
6.961043245,4179370,850
6.963125514,4179980,610
6.963125514,4180814,834
6.965207783,4181440,626
6.965207783,4182258,818
6.967371021,4182900,642
6.967371021,4183702,802
6.969453290,4184360,658
6.969453290,4185146,786
6.971535559,4185820,674
6.971535559,4186590,770
6.973617828,4187280,690
6.973617828,4188034,754
6.975700497,4188740,706
6.975700497,4189478,738
6.977875480,4190200,722
6.977875480,4190922,722
6.979957749,4191660,738
6.979957749,4192366,706
6.982040018,4193120,754
6.982040018,4193810,690
6.984122287,4194580,770
6.984122287,4195254,674
6.986204556,4196040,786
6.986204556,4196698,658
6.988286825,4197500,802
6.988286825,4198142,642
6.990369094,4198960,818
6.990369094,4199586,626
6.992532332,4200420,834
6.992532332,4201030,610
6.994615001,4201880,850
6.994615001,4202474,594
6.996703617,4203340,866
6.996703617,4203918,578
6.998785886,4204800,882
6.998785886,4205362,562
7.000868155,4206260,898
7.000868155,4206806,546
7.002950424,4207720,914
7.002950424,4208250,530
7.005113662,4209180,930
7.005113662,4209694,514
7.007195931,4210640,946
7.007195931,4211138,498
7.009278200,4212100,962
7.009278200,4212582,482
7.011360469,4213560,978
7.011360469,4214026,466
7.013442738,4215020,994
7.013442738,4215470,450
7.015525407,4216480,1010
7.015525407,4216914,434
7.017614023,4217940,1026
7.017614023,4218358,418
7.019777261,4219400,1042
7.019777261,4219802,402
7.021859530,4220860,1058
7.021859530,4221246,386
7.023941799,4222320,1074
7.023941799,4222690,370
7.026024068,4223780,1090
7.026024068,4224134,354
7.028106337,4225240,1106
7.028106337,4225578,338
7.030269575,4226700,1122
7.030269575,4227022,322
7.032351844,4228160,1138
7.032351844,4228466,306
7.034434513,4229620,1154
7.034434513,4229910,290
7.036523129,4231080,1170
7.036523129,4231354,274
7.038605398,4232540,1186
7.038605398,4232798,258
7.040687667,4234000,1202
7.040687667,4234242,242
7.042769936,4235460,1218
7.042769936,4235686,226
7.044852205,4236920,1234
7.044852205,4237130,210
7.047015443,4238380,1250
7.047015443,4238574,194
7.049097712,4239840,1266
7.049097712,4240018,178
7.051179981,4241300,1282
7.051179981,4241462,162
7.053262250,4242760,1298
7.053262250,4242906,146
7.055344919,4244220,1314
7.055344919,4244350,130
7.057487931,4245680,1330
7.057487931,4245794,114
7.059707497,4247140,1346
7.059707497,4247238,98
7.061843985,4248600,1362
7.061843985,4248682,82
7.063980473,4250060,1378
7.063980473,4250126,66
7.066116881,4251520,1394
7.066116881,4251570,50
7.068251985,4252980,1410
7.068251985,4253014,34
7.070387089,4254440,1426
7.070387089,4254458,18
7.072522193,4255900,1442
7.072522193,4255902,2
7.074740855,4257354,1452
7.076883867,4257360,6
7.076883867,4258799,1439
7.079020355,4258820,21
7.079020355,4260244,1424
7.081156843,4260280,36
7.081156843,4261689,1409
7.083293331,4261740,51
7.083293331,4263134,1394
7.085512897,4263200,66
7.085512897,4264578,1378
7.087649385,4264660,82
7.087649385,4266022,1362
7.089785873,4266120,98
7.089785873,4267466,1346
7.091922361,4267580,114
7.091922361,4268910,1330
7.094058849,4269040,130
7.094058849,4270354,1314
7.096195737,4270500,146
7.096195737,4271798,1298
7.098338749,4271960,162
7.098338749,4273242,1282
7.100475237,4273420,178
7.100475237,4274686,1266
7.102611725,4274880,194
7.102611725,4276130,1250
7.104831291,4276340,210
7.104831291,4277574,1234
7.106967779,4277800,226
7.106967779,4279018,1218
7.109104267,4279260,242
7.109104267,4280462,1202
7.111240755,4280720,258
7.111240755,4281906,1186
7.113377243,4282180,274
7.113377243,4283350,1170
7.115597209,4283640,290
7.115597209,4284794,1154
7.117740221,4285100,306
7.117740221,4286238,1138
7.119876709,4286560,322
7.119876709,4287682,1122
7.122013197,4288020,338
7.122013197,4289126,1106
7.124149685,4289480,354
7.124149685,4290570,1090
7.126286173,4290940,370
7.126286173,4292014,1074
7.128505739,4292400,386
7.128505739,4293458,1058
7.130642227,4293860,402
7.130642227,4294902,1042
7.132778715,4295320,418
7.132778715,4296346,1026
7.134915203,4296780,434
7.134915203,4297790,1010
7.137052091,4298240,450
7.137052091,4299234,994
7.139195103,4299700,466
7.139195103,4300678,978
7.141331591,4301160,482
7.141331591,4302122,962
7.143551157,4302620,498
7.143551157,4303566,946
7.145687645,4304080,514
7.145687645,4305010,930
7.147824133,4305540,530
7.147824133,4306454,914
7.149960621,4307000,546
7.149960621,4307898,898
7.152097109,4308460,562
7.152097109,4309342,882
7.154313395,4309920,578
7.154313395,4312230,2310
7.154543356,4312840,610
7.154543356,4313674,834
7.156653278,4314300,626
7.156653278,4315118,818
7.158763200,4315760,642
7.158763200,4316562,802
7.160873122,4317220,658
7.160873122,4318006,786
7.162983044,4318680,674
7.162983044,4319450,770
7.165092966,4320140,690
7.165092966,4320894,754
7.167284932,4321600,706
7.167284932,4322338,738
7.169394854,4323060,722
7.169394854,4323782,722
7.171504776,4324520,738
7.171504776,4325226,706
7.173615098,4325980,754
7.173615098,4326670,690
7.175731457,4327440,770
7.175731457,4328114,674
7.177923423,4328900,786
7.177923423,4329558,658
7.180033345,4330360,802
7.180033345,4331002,642
7.182143267,4331820,818
7.182143267,4332446,626
7.184253189,4333280,834
7.184253189,4333890,610
7.186363111,4334740,850
7.186363111,4335334,594
7.188473033,4336200,866
7.188473033,4336778,578
7.190664999,4337660,882
7.190664999,4338222,562
7.192775321,4339120,898
7.192775321,4339666,546
7.194891680,4340580,914
7.194891680,4341110,530
7.197001602,4342040,930
7.197001602,4342554,514
7.199111524,4343500,946
7.199111524,4343998,498
7.201221446,4344960,962
7.201221446,4345442,482
7.203331368,4346420,978
7.203331368,4346886,466
7.205523334,4347880,994
7.205523334,4348330,450
7.207633256,4349340,1010
7.207633256,4349774,434
7.209743178,4350800,1026
7.209743178,4351218,418
7.211853100,4352260,1042
7.211853100,4352662,402
7.213963422,4353720,1058
7.213963422,4354106,386
7.216079781,4355180,1074
7.216079781,4355550,370
7.218271747,4356640,1090
7.218271747,4356994,354
7.220381669,4358100,1106
7.220381669,4358438,338
7.222491591,4359560,1122
7.222491591,4359882,322
7.224601513,4361020,1138
7.224601513,4361326,306
7.226711435,4362480,1154
7.226711435,4362770,290
7.228821357,4363940,1170
7.228821357,4364214,274
7.230931279,4365400,1186
7.230931279,4365658,258
7.233123645,4366860,1202
7.233123645,4367102,242
7.235240004,4368320,1218
7.235240004,4368546,226
7.237349926,4369780,1234
7.237349926,4369990,210
7.239459848,4371240,1250
7.239459848,4371434,194
7.241569770,4372700,1266
7.241569770,4372878,178
7.243679692,4374160,1282
7.243679692,4374322,162
7.245871658,4375620,1298
7.245871658,4375766,146
7.247981580,4377080,1314
7.247981580,4377210,130
7.250091502,4378540,1330
7.250091502,4378654,114
7.256364371,4380000,1346
7.256364371,4380098,98
7.258642087,4381460,1362
7.258642087,4381542,82
7.260926383,4382920,1378
7.260926383,4382986,66
7.263203619,4384380,1394
7.263203619,4384430,50
7.265568014,4385840,1410
7.265568014,4385874,34
7.267843855,4387300,1426
7.267843855,4387318,18
7.270119696,4388760,1442
7.270119696,4388762,2
7.272395617,4390214,1452
7.274672933,4390220,6
7.274672933,4391659,1439
7.276950249,4391680,21
7.276950249,4393104,1424
7.279316519,4393140,36
7.279316519,4394549,1409
7.281600815,4394600,51
7.281600815,4395994,1394
7.283878131,4396060,66
7.283878131,4397438,1378
7.286155447,4397520,82
7.286155447,4398882,1362
7.288432763,4398980,98
7.288432763,4400326,1346
7.290798633,4400440,114
7.290798633,4401770,1330
7.293075949,4401900,130
7.293075949,4403214,1314
7.295353265,4403360,146
7.295353265,4404658,1298
7.297630581,4404820,162
7.297630581,4406102,1282
7.299907897,4406280,178
7.299907897,4407546,1266
7.302185613,4407740,194
7.302185613,4408990,1250
7.304469909,4409200,210
7.304469909,4410434,1234
7.306835779,4410660,226
7.306835779,4411878,1218
7.309113095,4412120,242
7.309113095,4413322,1202
7.311390411,4413580,258
7.311390411,4414766,1186
7.313667727,4415040,274
7.313667727,4416210,1170
7.315945043,4416500,290
7.315945043,4417654,1154
7.318222359,4417960,306
7.318222359,4419098,1138
7.320588229,4419420,322
7.320588229,4420542,1122
7.322865945,4420880,338
7.322865945,4421986,1106
7.325150241,4422340,354
7.325150241,4423430,1090
7.327427557,4423800,370
7.327427557,4424874,1074
7.329704873,4425260,386
7.329704873,4426318,1058
7.331982189,4426720,402
7.331982189,4427762,1042
7.334259505,4428180,418
7.334259505,4429206,1026
7.336625375,4429640,434
7.336625375,4430650,1010
7.338902691,4431100,450
7.338902691,4432094,994
7.341180007,4432560,466
7.341180007,4433538,978
7.343457323,4434020,482
7.343457323,4434982,962
7.345735039,4435480,498
7.345735039,4436426,946
7.348019335,4436940,514
7.348019335,4437870,930
7.350385205,4438400,530
7.350385205,4439314,914
7.352662521,4439860,546
7.352662521,4440758,898
7.354936557,4441320,562
7.354936557,4442202,882
7.355280823,4442780,578
7.355280823,4443646,866
7.357621809,4444240,594
7.357621809,4445090,850
7.359962795,4445700,610
7.359962795,4446534,834
7.362303781,4447160,626
7.362303781,4447978,818
7.364736196,4448620,642
7.364736196,4449422,802
7.367084368,4450080,658
7.367084368,4450866,786
7.369425354,4451540,674
7.369425354,4452310,770
7.371766340,4453000,690
7.371766340,4453754,754
7.374107326,4454460,706
7.374107326,4455198,738
7.376539341,4455920,722
7.376539341,4456642,722
7.378880327,4457380,738
7.378880327,4458086,706
7.381221313,4458840,754
7.381221313,4459530,690
7.383562299,4460300,770
7.383562299,4460974,674
7.385903285,4461760,786
7.385903285,4462418,658
7.388244671,4463220,802
7.388244671,4463862,642
7.390683872,4464680,818
7.390683872,4465306,626
7.393024858,4466140,834
7.393024858,4466750,610
7.395365844,4467600,850
7.395365844,4468194,594
7.397706830,4469060,866
7.397706830,4469638,578
7.400047816,4470520,882
7.400047816,4471082,562
7.402388802,4471980,898
7.402388802,4472526,546
7.404729788,4473440,914
7.404729788,4473970,530
7.407161803,4474900,930
7.407161803,4475414,514
7.409503189,4476360,946
7.409503189,4476858,498
7.411851361,4477820,962
7.411851361,4478302,482
7.414192347,4479280,978
7.414192347,4479746,466
7.416533333,4480740,994
7.416533333,4481190,450
7.418874319,4482200,1010
7.418874319,4482634,434
7.421306334,4483660,1026
7.421306334,4484078,418
7.423647320,4485120,1042
7.423647320,4485522,402
7.425988306,4486580,1058
7.425988306,4486966,386
7.428329292,4488040,1074
7.428329292,4488410,370
7.430670278,4489500,1090
7.430670278,4489854,354
7.433011664,4490960,1106
7.433011664,4491298,338
7.435359836,4492420,1122
7.435359836,4492742,322
7.437791851,4493880,1138
7.437791851,4494186,306
7.440132837,4495340,1154
7.440132837,4495630,290
7.442473823,4496800,1170
7.442473823,4497074,274
7.444814809,4498260,1186
7.444814809,4498518,258
7.447155795,4499720,1202
7.447155795,4499962,242
7.449496781,4501180,1218
7.449496781,4501406,226
7.451928796,4502640,1234
7.451928796,4502850,210
7.456219896,4504100,1250
7.456219896,4504294,194
7.458621195,4505560,1266
7.458621195,4505738,178
7.460965013,4507020,1282
7.460965013,4507182,162
7.463308831,4508480,1298
7.463308831,4508626,146
7.465652649,4509940,1314
7.465652649,4510070,130
7.467996467,4511400,1330
7.467996467,4511514,114
7.470431425,4512860,1346
7.470431425,4512958,98
7.472775243,4514320,1362
7.472775243,4514402,82
7.475119061,4515780,1378
7.475119061,4515846,66
7.477462799,4517240,1394
7.477462799,4517290,50
7.479805498,4518700,1410
7.479805498,4518734,34
7.482246132,4520160,1426
7.482246132,4520178,18
7.484588431,4521620,1442
7.484588431,4521622,2
7.486930810,4523074,1452
7.489274628,4523080,6
7.489274628,4524519,1439
7.491618446,4524540,21
7.491618446,4525964,1424
7.493962264,4526000,36
7.493962264,4527409,1409
7.496397222,4527460,51
7.496397222,4528854,1394
7.498741040,4528920,66
7.498741040,4530298,1378
7.501085258,4530380,82
7.501085258,4531742,1362
7.503436271,4531840,98
7.503436271,4533186,1346
7.505780089,4533300,114
7.505780089,4534630,1330
7.508123907,4534760,130
7.508123907,4536074,1314
7.510467725,4536220,146
7.510467725,4537518,1298
7.512902683,4537680,162
7.512902683,4538962,1282
7.515246501,4539140,178
7.515246501,4540406,1266
7.517590319,4540600,194
7.517590319,4541850,1250
7.519934137,4542060,210
7.519934137,4543294,1234
7.522277955,4543520,226
7.522277955,4544738,1218
7.524622173,4544980,242
7.524622173,4546182,1202
7.527064326,4546440,258
7.527064326,4547626,1186
7.529408144,4547900,274
7.529408144,4549070,1170
7.531751962,4549360,290
7.531751962,4550514,1154
7.534095780,4550820,306
7.534095780,4551958,1138
7.536439598,4552280,322
7.536439598,4553402,1122
7.538783416,4553740,338
7.538783416,4554846,1106
7.541127234,4555200,354
7.541127234,4556290,1090
7.543562192,4556660,370
7.543562192,4557734,1074
7.545906410,4558120,386
7.545906410,4559178,1058
7.548257423,4559580,402
7.548257423,4560622,1042
7.550601241,4561040,418
7.550601241,4562066,1026
7.552945059,4562500,434
7.552945059,4563510,1010
7.555285597,4563960,450
7.555285597,4564954,994
7.556647907,4565420,466
7.556647907,4566398,978
7.558918639,4566880,482
7.558918639,4567842,962
7.561189371,4568340,498
7.561189371,4569286,946
7.563460103,4569800,514
7.563460103,4570730,930
7.565730835,4571260,530
7.565730835,4572174,914
7.568097223,4572720,546
7.568097223,4573618,898
7.570367955,4574180,562
7.570367955,4575062,882
7.572638687,4575640,578
7.572638687,4576506,866
7.574909419,4577100,594
7.574909419,4577950,850
7.577180151,4578560,610
7.577180151,4579394,834
7.579450883,4580020,626
7.579450883,4580838,818
7.581721615,4581480,642
7.581721615,4582282,802
7.584080645,4582940,658
7.584080645,4583726,786
7.586351377,4584400,674
7.586351377,4585170,770
7.588622509,4585860,690
7.588622509,4586614,754
7.590900199,4587320,706
7.590900199,4588058,738
7.593170931,4588780,722
7.593170931,4589502,722
7.595441663,4590240,738
7.595441663,4590946,706
7.597712395,4591700,754
7.597712395,4592390,690
7.600071425,4593160,770
7.600071425,4593834,674
7.602342157,4594620,786
7.602342157,4595278,658
7.604612889,4596080,802
7.604612889,4596722,642
7.606883621,4597540,818
7.606883621,4598166,626
7.609154353,4599000,834
7.609154353,4599610,610
7.611425485,4600460,850
7.611425485,4601054,594
7.613703175,4601920,866
7.613703175,4602498,578
7.616062205,4603380,882
7.616062205,4603942,562
7.618332937,4604840,898
7.618332937,4605386,546
7.620603669,4606300,914
7.620603669,4606830,530
7.622874401,4607760,930
7.622874401,4608274,514
7.625145133,4609220,946
7.625145133,4609718,498
7.627415865,4610680,962
7.627415865,4611162,482
7.629774895,4612140,978
7.629774895,4612606,466
7.632046027,4613600,994
7.632046027,4614050,450
7.634323717,4615060,1010
7.634323717,4615494,434
7.636594449,4616520,1026
7.636594449,4616938,418
7.638865181,4617980,1042
7.638865181,4618382,402
7.641135913,4619440,1058
7.641135913,4619826,386
7.643406645,4620900,1074
7.643406645,4621270,370
7.645765675,4622360,1090
7.645765675,4622714,354
7.648036407,4623820,1106
7.648036407,4624158,338
7.650307139,4625280,1122
7.650307139,4625602,322
7.652577871,4626740,1138
7.652577871,4627046,306
7.655799997,4628200,1154
7.655799997,4628490,290
7.658243117,4629660,1170
7.658243117,4629934,274
7.660722707,4631120,1186
7.660722707,4631378,258
7.663109487,4632580,1202
7.663109487,4632822,242
7.665496267,4634040,1218
7.665496267,4634266,226
7.667883047,4635500,1234
7.667883047,4635710,210
7.670269827,4636960,1250
7.670269827,4637154,194
7.672749417,4638420,1266
7.672749417,4638598,178
7.675136197,4639880,1282
7.675136197,4640042,162
7.677523377,4641340,1298
7.677523377,4641486,146
7.679917491,4642800,1314
7.679917491,4642930,130
7.682304271,4644260,1330
7.682304271,4644374,114
7.684691051,4645720,1346
7.684691051,4645818,98
7.687077831,4647180,1362
7.687077831,4647262,82
7.689557421,4648640,1378
7.689557421,4648706,66
7.691944121,4650100,1394
7.691944121,4650150,50
7.694329354,4651560,1410
7.694329354,4651594,34
7.696714587,4653020,1426
7.696714587,4653038,18
7.699099820,4654480,1442
7.699099820,4654482,2
7.701485533,4655934,1452
7.703972457,4655940,6
7.703972457,4657379,1439
7.706359237,4657400,21
7.706359237,4658824,1424
7.708746017,4658860,36
7.708746017,4660269,1409
7.711132797,4660320,51
7.711132797,4661714,1394
7.713519577,4661780,66
7.713519577,4663158,1378
7.715906357,4663240,82
7.715906357,4664602,1362
7.718293137,4664700,98
7.718293137,4666046,1346
7.720772727,4666160,114
7.720772727,4667490,1330
7.723159907,4667620,130
7.723159907,4668934,1314
7.725554021,4669080,146
7.725554021,4670378,1298
7.727940801,4670540,162
7.727940801,4671822,1282
7.730327581,4672000,178
7.730327581,4673266,1266
7.732714361,4673460,194
7.732714361,4674710,1250
7.735193951,4674920,210
7.735193951,4676154,1234
7.737580731,4676380,226
7.737580731,4677598,1218
7.739967511,4677840,242
7.739967511,4679042,1202
7.742354291,4679300,258
7.742354291,4680486,1186
7.744741071,4680760,274
7.744741071,4681930,1170
7.747128251,4682220,290
7.747128251,4683374,1154
7.749522365,4683680,306
7.749522365,4684818,1138
7.752001955,4685140,322
7.752001955,4686262,1122
7.754385455,4686600,338
7.754385455,4689150,2550
7.754944941,4689520,370
7.754944941,4690594,1074
7.757223044,4690980,386
7.757223044,4692038,1058
7.759589731,4692440,402
7.759589731,4693482,1042
7.761867834,4693900,418
7.761867834,4694926,1026
7.764146337,4695360,434
7.764146337,4696370,1010
7.766431422,4696820,450
7.766431422,4697814,994
7.768709525,4698280,466
7.768709525,4699258,978
7.770987628,4699740,482
7.770987628,4700702,962
7.773354315,4701200,498
7.773354315,4702146,946
7.775632418,4702660,514
7.775632418,4703590,930
7.777910521,4704120,530
7.777910521,4705034,914
7.780188624,4705580,546
7.780188624,4706478,898
7.782466727,4707040,562
7.782466727,4707922,882
7.784744830,4708500,578
7.784744830,4709366,866
7.787023333,4709960,594
7.787023333,4710810,850
7.789308418,4711420,610
7.789308418,4712254,834
7.791675105,4712880,626
7.791675105,4713698,818
7.793953208,4714340,642
7.793953208,4715142,802
7.796231311,4715800,658
7.796231311,4716586,786
7.798509414,4717260,674
7.798509414,4718030,770
7.800787517,4718720,690
7.800787517,4719474,754
7.803154204,4720180,706
7.803154204,4720918,738
7.805432307,4721640,722
7.805432307,4722362,722
7.807710810,4723100,738
7.807710810,4723806,706
7.809995895,4724560,754
7.809995895,4725250,690
7.812273998,4726020,770
7.812273998,4726694,674
7.814552101,4727480,786
7.814552101,4728138,658
7.816830204,4728940,802
7.816830204,4729582,642
7.819108307,4730400,818
7.819108307,4731026,626
7.821474994,4731860,834
7.821474994,4732470,610
7.823753097,4733320,850
7.823753097,4733914,594
7.826031200,4734780,866
7.826031200,4735358,578
7.828309303,4736240,882
7.828309303,4736802,562
7.830587806,4737700,898
7.830587806,4738246,546
7.832961475,4739160,914
7.832961475,4739690,530
7.835239578,4740620,930
7.835239578,4741134,514
7.837517681,4742080,946
7.837517681,4742578,498
7.839795784,4743540,962
7.839795784,4744022,482
7.842073887,4745000,978
7.842073887,4745466,466
7.844440574,4746460,994
7.844440574,4746910,450
7.846718677,4747920,1010
7.846718677,4748354,434
7.848996780,4749380,1026
7.848996780,4749798,418
7.851275283,4750840,1042
7.851275283,4751242,402
7.853655533,4752300,1058
7.853655533,4752686,386
7.856028494,4753760,1074
7.856028494,4754130,370
7.858401455,4755220,1090
7.858401455,4755574,354
7.860774416,4756680,1106
7.860774416,4757018,338
7.863239650,4758140,1122
7.863239650,4758462,322
7.865612611,4759600,1138
7.865612611,4759906,306
7.867985572,4761060,1154
7.867985572,4761350,290
7.870358533,4762520,1170
7.870358533,4762794,274
7.872731494,4763980,1186
7.872731494,4764238,258
7.875204417,4765440,1202
7.875204417,4765682,242
7.877577378,4766900,1218
7.877577378,4767126,226
7.879950339,4768360,1234
7.879950339,4768570,210
7.882323300,4769820,1250
7.882323300,4770014,194
7.884696261,4771280,1266
7.884696261,4771458,178
7.887069222,4772740,1282
7.887069222,4772902,162
7.889442183,4774200,1298
7.889442183,4774346,146
7.891815144,4775660,1314
7.891815144,4775790,130
7.894280378,4777120,1330
7.894280378,4777234,114
7.896653739,4778580,1346
7.896653739,4778678,98
7.899033989,4780040,1362
7.899033989,4780122,82
7.901406950,4781500,1378
7.901406950,4781566,66
7.903779831,4782960,1394
7.903779831,4783010,50
7.906243527,4784420,1410
7.906243527,4784454,34
7.908614950,4785880,1426
7.908614950,4785898,18
7.910986373,4787340,1442
7.910986373,4787342,2
7.913357876,4788794,1452
7.915730837,4788800,6
7.915730837,4790239,1439
7.918103798,4790260,21
7.918103798,4791684,1424
7.920477159,4791720,36
7.920477159,4793129,1409
7.922857409,4793180,51
7.922857409,4794574,1394
7.925322643,4794640,66
7.925322643,4796018,1378
7.927695604,4796100,82
7.927695604,4797462,1362
7.930068565,4797560,98
7.930068565,4798906,1346
7.932441526,4799020,114
7.932441526,4800350,1330
7.934814487,4800480,130
7.934814487,4801794,1314
7.937279721,4801940,146
7.937279721,4803238,1298
7.939652682,4803400,162
7.939652682,4804682,1282
7.942026043,4804860,178
7.942026043,4806126,1266
7.944406293,4806320,194
7.944406293,4807570,1250
7.946779254,4807780,210
7.946779254,4809014,1234
7.949152215,4809240,226
7.949152215,4810458,1218
7.952460238,4810700,242
7.952460238,4811902,1202
7.954684249,4812160,258
7.954684249,4813346,1186
7.956762509,4813620,274
7.956762509,4814790,1170
7.958840769,4815080,290
7.958840769,4816234,1154
7.960919029,4816540,306
7.960919029,4817678,1138
7.962997289,4818000,322
7.962997289,4819122,1122
7.965075949,4819460,338
7.965075949,4820566,1106
7.967241357,4820920,354
7.967241357,4822010,1090
7.969319617,4822380,370
7.969319617,4823454,1074
7.971397877,4823840,386
7.971397877,4824898,1058
7.973476137,4825300,402
7.973476137,4826342,1042
7.975554397,4826760,418
7.975554397,4827786,1026
7.977713470,4828220,434
7.977713470,4829230,1010
7.979791730,4829680,450
7.979791730,4830674,994
7.981869990,4831140,466
7.981869990,4832118,978
7.983948650,4832600,482
7.983948650,4833562,962
7.986033245,4834060,498
7.986033245,4835006,946
7.988111505,4835520,514
7.988111505,4836450,930
7.990189765,4836980,530
7.990189765,4837894,914
7.992268025,4838440,546
7.992268025,4839338,898
7.994427098,4839900,562
7.994427098,4840782,882
7.996505358,4841360,578
7.996505358,4842226,866
7.998583618,4842820,594
7.998583618,4843670,850
8.000661878,4844280,610
8.000661878,4845114,834
8.002740138,4845740,626
8.002740138,4846558,818
8.004905946,4847200,642
8.004905946,4848002,802
8.006984206,4848660,658
8.006984206,4849446,786
8.009062466,4850120,674
8.009062466,4850890,770
8.011140726,4851580,690
8.011140726,4852334,754
8.013218986,4853040,706
8.013218986,4853778,738
8.015297246,4854500,722
8.015297246,4855222,722
8.017375506,4855960,738
8.017375506,4856666,706
8.019453766,4857420,754
8.019453766,4858110,690
8.021612839,4858880,770
8.021612839,4859554,674
8.023691499,4860340,786
8.023691499,4860998,658
8.025776094,4861800,802
8.025776094,4862442,642
8.027854354,4863260,818
8.027854354,4863886,626
8.029932614,4864720,834
8.029932614,4865330,610
8.032091687,4866180,850
8.032091687,4866774,594
8.034169947,4867640,866
8.034169947,4868218,578
8.036248207,4869100,882
8.036248207,4869662,562
8.038326467,4870560,898
8.038326467,4871106,546
8.040404727,4872020,914
8.040404727,4872550,530
8.042564200,4873480,930
8.042564200,4873994,514
8.044648795,4874940,946
8.044648795,4875438,498
8.046727055,4876400,962
8.046727055,4876882,482
8.048805315,4877860,978
8.048805315,4878326,466
8.050883575,4879320,994
8.050883575,4879770,450
8.053901385,4880780,1010
8.053901385,4881214,434
8.056208992,4882240,1026
8.056208992,4882658,418
8.058456149,4883700,1042
8.058456149,4884102,402
8.060790687,4885160,1058
8.060790687,4885546,386
8.063037844,4886620,1074
8.063037844,4886990,370
8.065285401,4888080,1090
8.065285401,4888434,354
8.067539440,4889540,1106
8.067539440,4889878,338
8.069786597,4891000,1122
8.069786597,4891322,322
8.072121135,4892460,1138
8.072121135,4892766,306
8.074368292,4893920,1154
8.074368292,4894210,290
8.076615449,4895380,1170
8.076615449,4895654,274
8.078862606,4896840,1186
8.078862606,4897098,258
8.081109763,4898300,1202
8.081109763,4898542,242
8.083356920,4899760,1218
8.083356920,4899986,226
8.085604077,4901220,1234
8.085604077,4901430,210
8.087851634,4902680,1250
8.087851634,4902874,194
8.090193054,4904140,1266
8.090193054,4904318,178
8.092440211,4905600,1282
8.092440211,4905762,162
8.094687368,4907060,1298
8.094687368,4907206,146
8.096934525,4908520,1314
8.096934525,4908650,130
8.099181682,4909980,1330
8.099181682,4910094,114
8.101516220,4911440,1346
8.101516220,4911538,98
8.103763377,4912900,1362
8.103763377,4912982,82
8.106010534,4914360,1378
8.106010534,4914426,66
8.108258011,4915820,1394
8.108258011,4915870,50
8.110510594,4917280,1410
8.110510594,4917314,34
8.112756295,4918740,1426
8.112756295,4918758,18
8.115001996,4920200,1442
8.115001996,4920202,2
8.117247777,4921654,1452
8.119494934,4921660,6
8.119494934,4923099,1439
8.121829472,4923120,21
8.121829472,4924544,1424
8.124076629,4924580,36
8.124076629,4925989,1409
8.126323786,4926040,51
8.126323786,4927434,1394
8.128570943,4927500,66
8.128570943,4928878,1378
8.130818500,4928960,82
8.130818500,4930322,1362
8.133159920,4930420,98
8.133159920,4931766,1346
8.135407077,4931880,114
8.135407077,4933210,1330
8.137654234,4933340,130
8.137654234,4934654,1314
8.139901391,4934800,146
8.139901391,4936098,1298
8.142148548,4936260,162
8.142148548,4937542,1282
8.144483086,4937720,178
8.144483086,4938986,1266
8.146730243,4939180,194
8.146730243,4940430,1250
8.148977400,4940640,210
8.148977400,4941874,1234
8.151224957,4942100,226
8.151224957,4943318,1218
8.153475716,4943560,242
8.153475716,4944762,1202
8.154738617,4945020,258
8.154738617,4946206,1186
8.156998238,4946480,274
8.156998238,4947650,1170
8.159257859,4947940,290
8.159257859,4949094,1154
8.161605346,4949400,306
8.161605346,4950538,1138
8.163864967,4950860,322
8.163864967,4951982,1122
8.166124588,4952320,338
8.166124588,4953426,1106
8.168384209,4953780,354
8.168384209,4954870,1090
8.170643830,4955240,370
8.170643830,4956314,1074
8.172998639,4956700,386
8.172998639,4957758,1058
8.175258260,4958160,402
8.175258260,4959202,1042
8.177517881,4959620,418
8.177517881,4960646,1026
8.179777502,4961080,434
8.179777502,4962090,1010
8.182037123,4962540,450
8.182037123,4963534,994
8.184296744,4964000,466
8.184296744,4964978,978
8.186556365,4965460,482
8.186556365,4966422,962
8.188815986,4966920,498
8.188815986,4967866,946
8.191163473,4968380,514
8.191163473,4969310,930
8.193423494,4969840,530
8.193423494,4970754,914
8.195690037,4971300,546
8.195690037,4972198,898
8.197949658,4972760,562
8.197949658,4973642,882
8.200209279,4974220,578
8.200209279,4975086,866
8.202556766,4975680,594
8.202556766,4976530,850
8.204816387,4977140,610
8.204816387,4977974,834
8.207076008,4978600,626
8.207076008,4979418,818
8.209335629,4980060,642
8.209335629,4980862,802
8.211595250,4981520,658
8.211595250,4982306,786
8.213943137,4982980,674
8.213943137,4983750,770
8.216209680,4984440,690
8.216209680,4985194,754
8.218469301,4985900,706
8.218469301,4986638,738
8.220728922,4987360,722
8.220728922,4988082,722
8.222988543,4988820,738
8.222988543,4989526,706
8.225248164,4990280,754
8.225248164,4990970,690
8.227507785,4991740,770
8.227507785,4992414,674
8.229767406,4993200,786
8.229767406,4993858,658
8.232114893,4994660,802
8.232114893,4995302,642
8.234374514,4996120,818
8.234374514,4996746,626
8.236634535,4997580,834
8.236634535,4998190,610
8.238901078,4999040,850
8.238901078,4999634,594
8.241160699,5000500,866
8.241160699,5001078,578
8.243508186,5001960,882
8.243508186,5002522,562
8.245767807,5003420,898
8.245767807,5003966,546
8.248027428,5004880,914
8.248027428,5005410,530
8.250287049,5006340,930
8.250287049,5006854,514
8.255485877,5007800,946
8.255485877,5008298,498
8.257780912,5009260,962
8.257780912,5009742,482
8.260015154,5010720,978
8.260015154,5011186,466
8.262249796,5012180,994
8.262249796,5012630,450
8.264577757,5013640,1010
8.264577757,5014074,434
8.266811999,5015100,1026
8.266811999,5015518,418
8.269046241,5016560,1042
8.269046241,5016962,402
8.271280483,5018020,1058
8.271280483,5018406,386
8.273514725,5019480,1074
8.273514725,5019850,370
8.275835846,5020940,1090
8.275835846,5021294,354
8.278070088,5022400,1106
8.278070088,5022738,338
8.280304330,5023860,1122
8.280304330,5024182,322
8.282538972,5025320,1138
8.282538972,5025626,306
8.284780054,5026780,1154
8.284780054,5027070,290
8.287014296,5028240,1170
8.287014296,5028514,274
8.289248538,5029700,1186
8.289248538,5029958,258
8.291482780,5031160,1202
8.291482780,5031402,242
8.293803901,5032620,1218
8.293803901,5032846,226
8.296038143,5034080,1234
8.296038143,5034290,210
8.298272385,5035540,1250
8.298272385,5035734,194
8.300506627,5037000,1266
8.300506627,5037178,178
8.302740869,5038460,1282
8.302740869,5038622,162
8.305069230,5039920,1298
8.305069230,5040066,146
8.307303472,5041380,1314
8.307303472,5041510,130
8.309537714,5042840,1330
8.309537714,5042954,114
8.311771956,5044300,1346
8.311771956,5044398,98
8.314006198,5045760,1362
8.314006198,5045842,82
8.316327319,5047220,1378
8.316327319,5047286,66
8.318561481,5048680,1394
8.318561481,5048730,50
8.320794275,5050140,1410
8.320794275,5050174,34
8.323027069,5051600,1426
8.323027069,5051618,18
8.325260263,5053060,1442
8.325260263,5053062,2
8.327499977,5054514,1452
8.329734219,5054520,6
8.329734219,5055959,1439
8.331968461,5055980,21
8.331968461,5057404,1424
8.334289582,5057440,36
8.334289582,5058849,1409
8.336523824,5058900,51
8.336523824,5060294,1394
8.338758066,5060360,66
8.338758066,5061738,1378
8.340992308,5061820,82
8.340992308,5063182,1362
8.343226550,5063280,98
8.343226550,5064626,1346
8.345548071,5064740,114
8.345548071,5066070,1330
8.347789153,5066200,130
8.347789153,5067514,1314
8.350023395,5067660,146
8.350023395,5068958,1298
8.352257637,5069120,162
8.352257637,5070402,1282
8.354488599,5070580,178
8.354488599,5071846,1266
8.355589306,5072040,194
8.355589306,5073290,1250
8.357686733,5073500,210
8.357686733,5074734,1234
8.359784160,5074960,226
8.359784160,5076178,1218
8.361963146,5076420,242
8.361963146,5077622,1202
8.364060573,5077880,258
8.364060573,5079066,1186
8.366158400,5079340,274
8.366158400,5080510,1170
8.368262223,5080800,290
8.368262223,5081954,1154
8.370359650,5082260,306
8.370359650,5083398,1138
8.372538636,5083720,322
8.372538636,5084842,1122
8.374636063,5085180,338
8.374636063,5086286,1106
8.376733490,5086640,354
8.376733490,5087730,1090
8.378830917,5088100,370
8.378830917,5089174,1074
8.380928344,5089560,386
8.380928344,5090618,1058
8.383025771,5091020,402
8.383025771,5092062,1042
8.385123198,5092480,418
8.385123198,5093506,1026
8.387221025,5093940,434
8.387221025,5094950,1010
8.389406407,5095400,450
8.389406407,5096394,994
8.391503834,5096860,466
8.391503834,5097838,978
8.393601261,5098320,482
8.393601261,5099282,962
8.395698688,5099780,498
8.395698688,5100726,946
8.397796115,5101240,514
8.397796115,5102170,930
8.399975101,5102700,530
8.399975101,5103614,914
8.402072528,5104160,546
8.402072528,5105058,898
8.404169955,5105620,562
8.404169955,5106502,882
8.406267782,5107080,578
8.406267782,5107946,866
8.408371605,5108540,594
8.408371605,5109390,850
8.410550591,5110000,610
8.410550591,5110834,834
8.412648018,5111460,626
8.412648018,5112278,818
8.414745445,5112920,642
8.414745445,5113722,802
8.416842872,5114380,658
8.416842872,5115166,786
8.418940299,5115840,674
8.418940299,5116610,770
8.421037726,5117300,690
8.421037726,5118054,754
8.423135153,5118760,706
8.423135153,5119498,738
8.425232580,5120220,722
8.425232580,5120942,722
8.427418362,5121680,738
8.427418362,5122386,706
8.429515789,5123140,754
8.429515789,5123830,690
8.431613216,5124600,770
8.431613216,5125274,674
8.433710643,5126060,786
8.433710643,5126718,658
8.435808070,5127520,802
8.435808070,5128162,642
8.437987056,5128980,818
8.437987056,5129606,626
8.440084483,5130440,834
8.440084483,5131050,610
8.442181910,5131900,850
8.442181910,5132494,594
8.444279337,5133360,866
8.444279337,5133938,578
8.446377164,5134820,882
8.446377164,5135382,562
8.448480987,5136280,898
8.448480987,5136826,546
8.450578414,5137740,914
8.450578414,5138270,530
8.452675841,5139200,930
8.452675841,5139714,514
8.454854827,5140660,946
8.454854827,5141158,498
8.456952110,5142120,962
8.456952110,5142602,482
8.459049393,5143580,978
8.459049393,5144046,466
8.461146676,5145040,994
8.461146676,5145490,450
8.463243959,5146500,1010
8.463243959,5146934,434
8.465423195,5147960,1026
8.465423195,5148378,418
8.467526874,5149420,1042
8.467526874,5149822,402
8.469624157,5150880,1058
8.469624157,5151266,386
8.471721440,5152340,1074
8.471721440,5152710,370
8.473818723,5153800,1090
8.473818723,5154154,354
8.475916006,5155260,1106
8.475916006,5155598,338
8.478013289,5156720,1122
8.478013289,5157042,322
8.480110572,5158180,1138
8.480110572,5158486,306
8.482289408,5159640,1154
8.482289408,5159930,290
8.484386691,5161100,1170
8.484386691,5161374,274
8.486484374,5162560,1186
8.486484374,5162818,258
8.488588053,5164020,1202
8.488588053,5164262,242
8.490685336,5165480,1218
8.490685336,5165706,226
8.492864172,5166940,1234
8.492864172,5167150,210
8.494961455,5168400,1250
8.494961455,5168594,194
8.497058738,5169860,1266
8.497058738,5170038,178
8.499156021,5171320,1282
8.499156021,5171482,162
8.501253304,5172780,1298
8.501253304,5172926,146
8.503432140,5174240,1314
8.503432140,5174370,130
8.505529823,5175700,1330
8.505529823,5175814,114
8.507633502,5177160,1346
8.507633502,5177258,98
8.509730785,5178620,1362
8.509730785,5178702,82
8.511828068,5180080,1378
8.511828068,5180146,66
8.513925271,5181540,1394
8.513925271,5181590,50
8.516021194,5183000,1410
8.516021194,5183034,34
8.518117117,5184460,1426
8.518117117,5184478,18
8.520294593,5185920,1442
8.520294593,5185922,2
8.522390596,5187374,1452
8.524487879,5187380,6
8.524487879,5188819,1439
8.526585562,5188840,21
8.526585562,5190264,1424
8.528689241,5190300,36
8.528689241,5191709,1409
8.530868077,5191760,51
8.530868077,5193154,1394
8.532965360,5193220,66
8.532965360,5194598,1378
8.535062643,5194680,82
8.535062643,5196042,1362
8.537159926,5196140,98
8.537159926,5197486,1346
8.539257209,5197600,114
8.539257209,5198930,1330
8.541354492,5199060,130
8.541354492,5200374,1314
8.543451775,5200520,146
8.543451775,5201818,1298
8.545549058,5201980,162
8.545549058,5203262,1282
8.547734690,5203440,178
8.547734690,5204706,1266
8.549831973,5204900,194
8.549831973,5206150,1250
8.551929256,5206360,210
8.551929256,5207594,1234
8.554023259,5207820,226
8.554023259,5209038,1218
8.555481295,5209280,242
8.555481295,5210482,1202
8.558031504,5210740,258
8.558031504,5211926,1186
8.560486260,5212200,274
8.560486260,5213370,1170
8.562941016,5213660,290
8.562941016,5214814,1154
8.565395772,5215120,306
8.565395772,5216258,1138
8.567850928,5216580,322
8.567850928,5217702,1122
8.570313239,5218040,338
8.570313239,5219146,1106
8.572767995,5219500,354
8.572767995,5220590,1090
8.575222751,5220960,370
8.575222751,5222034,1074
8.577772960,5222420,386
8.577772960,5223478,1058
8.580227716,5223880,402
8.580227716,5224922,1042
8.582682472,5225340,418
8.582682472,5226366,1026
8.585137228,5226800,434
8.585137228,5227810,1010
8.587591984,5228260,450
8.587591984,5229254,994
8.590142593,5229720,466
8.590142593,5230698,978
8.592604904,5231180,482
8.592604904,5232142,962
8.595059660,5232640,498
8.595059660,5233586,946
8.597514416,5234100,514
8.597514416,5235030,930
8.599969172,5235560,530
8.599969172,5236474,914
8.602519381,5237020,546
8.602519381,5237918,898
8.604974137,5238480,562
8.604974137,5239362,882
8.607428893,5239940,578
8.607428893,5240806,866
8.609883649,5241400,594
8.609883649,5242250,850
8.611005089,5242860,610
8.611005089,5242880,20
