elapsed_s,rx_app,packet_bytes
0.159367881,1456,1456
0.161595272,1460,4
0.161595272,2905,1445
0.165800415,2920,15
0.165800415,4354,1434
0.175800415,4380,26
0.175800415,5803,1423
0.270408038,5840,37
0.270408038,7252,1412
0.272742592,7300,48
0.272742592,8701,1401
0.275077146,8760,59
0.275077146,10150,1390
0.277411700,10220,70
0.277411700,11598,1378
0.279746254,11680,82
0.279746254,13046,1366
0.282080808,13140,94
0.282080808,14494,1354
0.290409569,14600,106
0.290409569,15942,1342
0.292744523,16060,118
0.292744523,17390,1330
0.380704572,17520,130
0.380704572,18834,1314
0.383062324,18980,146
0.383062324,20278,1298
0.385420076,20440,162
0.385420076,21722,1282
0.387777828,21900,178
0.387777828,23166,1266
0.390135580,23360,194
0.390135580,24610,1250
0.392493332,24820,210
0.392493332,26054,1234
0.394850924,26280,226
0.394850924,27498,1218
0.397205618,27740,242
0.397205618,28942,1202
0.399560312,29200,258
0.399560312,30386,1186
0.401915406,30660,274
0.401915406,31830,1170
0.404277345,32120,290
0.404277345,33274,1154
0.406632039,33580,306
0.406632039,34718,1138
0.409073887,35040,322
0.409073887,36162,1122
0.411428581,36500,338
0.411428581,37606,1106
0.413783275,37960,354
0.413783275,39050,1090
0.416137969,39420,370
0.416137969,40494,1074
0.492060718,40880,386
0.492060718,41938,1058
0.494424575,42340,402
0.494424575,43382,1042
0.496795296,43800,418
0.496795296,44826,1026
0.499158753,45260,434
0.499158753,46270,1010
0.501522210,46720,450
0.501522210,47714,994
0.503885667,48180,466
0.503885667,49158,978
0.506248964,49640,482
0.506248964,50602,962
0.508609356,51100,498
0.508609356,52046,946
0.510969748,52560,514
0.510969748,53490,930
0.513330140,54020,530
0.513330140,54934,914
0.515690532,55480,546
0.515690532,56378,898
0.518050924,56940,562
0.518050924,57822,882
0.520411716,58400,578
0.520411716,59266,866
0.522779372,59860,594
0.522779372,60710,850
0.525139764,61320,610
0.525139764,62154,834
0.527500156,62780,626
0.527500156,63598,818
0.529860548,64240,642
0.529860548,65042,802
0.532220940,65700,658
0.532220940,66486,786
0.534668697,67160,674
0.534668697,67930,770
0.537029089,68620,690
0.537029089,69374,754
0.539389481,70080,706
0.539389481,70818,738
0.541749873,71540,722
0.541749873,72262,722
0.544110665,73000,738
0.544110665,73706,706
0.546478321,74460,754
0.546478321,75150,690
0.548838713,75920,770
0.548838713,76594,674
0.551199105,77380,786
0.551199105,78038,658
0.553556457,78840,802
0.553556457,79482,642
0.554798995,80300,818
0.554798995,80926,626
0.557121383,81760,834
0.557121383,82370,610
0.559360881,83220,850
0.559360881,83814,594
0.561600379,84680,866
0.561600379,85258,578
0.563839877,86140,882
0.563839877,86702,562
0.597696378,87600,898
0.597696378,88146,546
0.599935876,89060,914
0.599935876,89590,530
0.604673665,90520,930
0.604673665,91034,514
0.606913163,91980,946
0.606913163,92478,498
0.609152661,93440,962
0.609152661,93922,482
0.611392159,94900,978
0.611392159,95366,466
0.613631657,96360,994
0.613631657,96810,450
0.615871155,97820,1010
0.615871155,98254,434
0.618193543,99280,1026
0.618193543,99698,418
0.620433441,100740,1042
0.620433441,101142,402
0.622679810,102200,1058
0.622679810,102586,386
0.624919308,103660,1074
0.624919308,104030,370
0.627158806,105120,1090
0.627158806,105474,354
0.629398304,106580,1106
0.629398304,106918,338
0.631637802,108040,1122
0.631637802,108362,322
0.633877300,109500,1138
0.633877300,109806,306
0.636116798,110960,1154
0.636116798,111250,290
0.638356296,112420,1170
0.638356296,112694,274
0.640595794,113880,1186
0.640595794,114138,258
0.642835292,115340,1202
0.642835292,115582,242
0.645164951,116800,1218
0.645164951,117026,226
0.647404449,118260,1234
0.647404449,118470,210
0.649643947,119720,1250
0.649643947,119914,194
0.651880405,121180,1266
0.651880405,121358,178
0.652997422,122640,1282
0.652997422,122802,162
0.655111399,124100,1298
0.655111399,124246,146
0.657225376,125560,1314
0.657225376,125690,130
0.659339353,127020,1330
0.659339353,127134,114
0.661453330,128480,1346
0.661453330,128578,98
0.663567307,129940,1362
0.663567307,130022,82
0.665681684,131400,1378
0.665681684,131466,66
0.667802044,132860,1394
0.667802044,132910,50
0.669992892,134320,1410
0.669992892,134354,34
0.672105496,135780,1426
0.672105496,135798,18
0.674218100,137240,1442
0.674218100,137242,2
0.676330784,138694,1452
0.678444761,138700,6
0.678444761,140139,1439
0.680558738,140160,21
0.680558738,141584,1424
0.682672715,141620,36
0.682672715,143029,1409
0.684786692,143080,51
0.684786692,144474,1394
0.686901069,144540,66
0.686901069,145918,1378
0.689021509,146000,82
0.689021509,147362,1362
0.691135486,147460,98
0.691135486,148806,1346
0.693249463,148920,114
0.693249463,150250,1330
0.695363440,150380,130
0.695363440,151694,1314
0.697477417,151840,146
0.697477417,153138,1298
0.699591394,153300,162
0.699591394,154582,1282
0.701705371,154760,178
0.701705371,156026,1266
0.703897592,156220,194
0.703897592,157470,1250
0.706011569,157680,210
0.706011569,158914,1234
0.708125946,159140,226
0.708125946,160358,1218
0.710246386,160600,242
0.710246386,161802,1202
0.712360363,162060,258
0.712360363,163246,1186
0.714474340,163520,274
0.714474340,164690,1170
0.716588317,164980,290
0.716588317,166134,1154
0.718702294,166440,306
0.718702294,167578,1138
0.720816271,167900,322
0.720816271,169022,1122
0.722930248,169360,338
0.722930248,170466,1106
0.725122469,170820,354
0.725122469,171910,1090
0.727236446,172280,370
0.727236446,173354,1074
0.729350823,173740,386
0.729350823,174798,1058
0.731471263,175200,402
0.731471263,176242,1042
0.733585240,176660,418
0.733585240,177686,1026
0.735699217,178120,434
0.735699217,179130,1010
0.737891438,179580,450
0.737891438,180574,994
0.740005415,181040,466
0.740005415,182018,978
0.742119392,182500,482
0.742119392,183462,962
0.744233369,183960,498
0.744233369,184906,946
0.746347346,185420,514
0.746347346,186350,930
0.748461323,186880,530
0.748461323,187794,914
0.750660408,188340,546
0.750660408,189238,898
0.753124248,189800,562
0.753124248,190682,882
0.755588088,191260,578
0.755588088,192126,866
0.758051928,192720,594
0.758051928,193570,850
0.760515768,194180,610
0.760515768,195014,834
0.762979608,195640,626
0.762979608,196458,818
0.765443448,197100,642
0.765443448,197902,802
0.767907288,198560,658
0.767907288,199346,786
0.770371128,200020,674
0.770371128,200790,770
0.772834968,201480,690
0.772834968,202234,754
0.775299208,202940,706
0.775299208,203678,738
0.777770647,204400,722
0.777770647,205122,722
0.780234487,205860,738
0.780234487,206566,706
0.782698327,207320,754
0.782698327,208010,690
0.785162167,208780,770
0.785162167,209454,674
0.787626007,210240,786
0.787626007,210898,658
0.790181041,211700,802
0.790181041,212342,642
0.792644881,213160,818
0.792644881,213786,626
0.795108721,214620,834
0.795108721,215230,610
0.797572561,216080,850
0.797572561,216674,594
0.800036801,217540,866
0.800036801,218118,578
0.802508240,219000,882
0.802508240,219562,562
0.804972080,220460,898
0.804972080,221006,546
0.807435920,221920,914
0.807435920,222450,530
0.809899760,223380,930
0.809899760,223894,514
0.812363600,224840,946
0.812363600,225338,498
0.814827440,226300,962
0.814827440,226782,482
0.817291280,227760,978
0.817291280,228226,466
0.819846314,229220,994
0.819846314,229670,450
0.822310154,230680,1010
0.822310154,231114,434
0.824774394,232140,1026
0.824774394,232558,418
0.827245833,233600,1042
0.827245833,234002,402
0.829709673,235060,1058
0.829709673,235446,386
0.832173513,236520,1074
0.832173513,236890,370
0.834637353,237980,1090
0.834637353,238334,354
0.837101193,239440,1106
0.837101193,239778,338
0.839565033,240900,1122
0.839565033,241222,322
0.842028873,242360,1138
0.842028873,242666,306
0.844492713,243820,1154
0.844492713,244110,290
0.846956553,245280,1170
0.846956553,245554,274
0.849420393,246740,1186
0.849420393,246998,258
0.852822622,248200,1202
0.852822622,248442,242
0.854973553,249660,1218
0.854973553,249886,226
0.857056111,251120,1234
0.857056111,251330,210
0.859215750,252580,1250
0.859215750,252774,194
0.861298308,254040,1266
0.861298308,254218,178
0.863380866,255500,1282
0.863380866,255662,162
0.865463424,256960,1298
0.865463424,257106,146
0.867545982,258420,1314
0.867545982,258550,130
0.869628540,259880,1330
0.869628540,259994,114
0.871711098,261340,1346
0.871711098,261438,98
0.873794056,262800,1362
0.873794056,262882,82
0.875882976,264260,1378
0.875882976,264326,66
0.877965454,265720,1394
0.877965454,265770,50
0.880046660,267180,1410
0.880046660,267214,34
0.882127866,268640,1426
0.882127866,268658,18
0.884286153,270100,1442
0.884286153,270102,2
0.886367439,271554,1452
0.888549731,271560,6
0.888549731,272999,1439
0.892571476,273020,21
0.892571476,274444,1424
0.896733863,274480,36
0.896733863,275889,1409
0.900103806,275940,51
0.900103806,277334,1394
0.902134977,277400,66
0.902134977,278778,1378
0.904166148,278860,82
0.904166148,280222,1362
0.906197319,280320,98
0.906197319,281666,1346
0.908228490,281780,114
0.908228490,283110,1330
0.910392186,283240,130
0.910392186,284554,1314
0.912423357,284700,146
0.912423357,285998,1298
0.914509972,286160,162
0.914509972,287442,1282
0.916596587,287620,178
0.916596587,288886,1266
0.918689964,289080,194
0.918689964,290330,1250
0.920721135,290540,210
0.920721135,291774,1234
0.922807750,292000,226
0.922807750,293218,1218
0.924894365,293460,242
0.924894365,294662,1202
0.926925536,294920,258
0.926925536,296106,1186
0.928956707,296380,274
0.928956707,297550,1170
0.930987878,297840,290
0.930987878,298994,1154
0.933019049,299300,306
0.933019049,300438,1138
0.935050220,300760,322
0.935050220,301882,1122
0.937081391,302220,338
0.937081391,303326,1106
0.939112562,303680,354
0.939112562,304770,1090
0.941143733,305140,370
0.941143733,306214,1074
0.943174904,306600,386
0.943174904,307658,1058
0.945206075,308060,402
0.945206075,309102,1042
0.947314327,309520,418
0.947314327,310546,1026
0.949345498,310980,434
0.949345498,311990,1010
0.951376669,312440,450
0.951376669,313434,994
0.952518323,313900,466
0.952518323,314878,978
0.954659977,315360,482
0.954659977,316322,962
0.956801631,316820,498
0.956801631,317766,946
0.958943285,318280,514
0.958943285,319210,930
0.961084939,319740,530
0.961084939,320654,914
0.963226593,321200,546
0.963226593,322098,898
0.965368247,322660,562
0.965368247,323542,882
0.967591175,324120,578
0.967591175,324986,866
0.969732829,325580,594
0.969732829,326430,850
0.971874483,327040,610
0.971874483,327874,834
0.974016137,328500,626
0.974016137,329318,818
0.976157791,329960,642
0.976157791,330762,802
0.978299445,331420,658
0.978299445,332206,786
0.980441099,332880,674
0.980441099,333650,770
0.982582753,334340,690
0.982582753,335094,754
0.984724407,335800,706
0.984724407,336538,738
0.986866061,337260,722
0.986866061,337982,722
0.989007715,338720,738
0.989007715,339426,706
0.991149369,340180,754
0.991149369,340870,690
0.993291023,341640,770
0.993291023,342314,674
0.995432677,343100,786
0.995432677,343758,658
0.997574331,344560,802
0.997574331,345202,642
0.999715985,346020,818
0.999715985,346646,626
1.001943191,347480,834
1.001943191,348090,610
1.004084845,348940,850
1.004084845,349534,594
1.006226499,350400,866
1.006226499,350978,578
1.008368153,351860,882
1.008368153,352422,562
1.010568267,353320,898
1.010568267,353866,546
1.012768381,354780,914
1.012768381,355310,530
1.014968495,356240,930
1.014968495,356754,514
1.017168609,357700,946
1.017168609,358198,498
1.019310263,359160,962
1.019310263,359642,482
1.021451917,360620,978
1.021451917,361086,466
1.023593571,362080,994
1.023593571,362530,450
1.025735225,363540,1010
1.025735225,363974,434
1.027962431,365000,1026
1.027962431,365418,418
1.030104085,366460,1042
1.030104085,366862,402
1.032245739,367920,1058
1.032245739,368306,386
1.034387393,369380,1074
1.034387393,369750,370
1.036529047,370840,1090
1.036529047,371194,354
1.038670701,372300,1106
1.038670701,372638,338
1.040812355,373760,1122
1.040812355,374082,322
1.042954009,375220,1138
1.042954009,375526,306
1.045095663,376680,1154
1.045095663,376970,290
1.047237317,378140,1170
1.047237317,378414,274
1.049378971,379600,1186
1.049378971,379858,258
1.051520625,381060,1202
1.051520625,381302,242
1.053831314,382520,1218
1.053831314,382746,226
1.056142003,383980,1234
1.056142003,384190,210
1.058544996,385440,1250
1.058544996,385634,194
1.060855685,386900,1266
1.060855685,387078,178
1.063166374,388360,1282
1.063166374,388522,162
1.065477063,389820,1298
1.065477063,389966,146
1.067787752,391280,1314
1.067787752,391410,130
1.070098441,392740,1330
1.070098441,392854,114
1.072409130,394200,1346
1.072409130,394298,98
1.074719819,395660,1362
1.074719819,395742,82
1.077030508,397120,1378
1.077030508,397186,66
1.079341197,398580,1394
1.079341197,398630,50
1.081651886,400040,1410
1.081651886,400074,34
1.083962575,401500,1426
1.083962575,401518,18
1.091122272,402960,1442
1.091122272,402962,2
1.095908231,404414,1452
1.100646500,404420,6
1.100646500,405859,1439
1.103912531,405880,21
1.103912531,407304,1424
1.106223220,407340,36
1.106223220,408749,1409
1.108533909,408800,51
1.108533909,410194,1394
1.110844598,410260,66
1.110844598,411638,1378
1.113155287,411720,82
1.113155287,413082,1362
1.115465976,413180,98
1.115465976,414526,1346
1.118155109,414640,114
1.118155109,415970,1330
1.120465798,416100,130
1.120465798,417414,1314
1.122776487,417560,146
1.122776487,418858,1298
1.125179480,419020,162
1.125179480,420302,1282
1.127490169,420480,178
1.127490169,421746,1266
1.129800858,421940,194
1.129800858,423190,1250
1.132111547,423400,210
1.132111547,424634,1234
1.134422236,424860,226
1.134422236,426078,1218
1.136732925,426320,242
1.136732925,427522,1202
1.139043614,427780,258
1.139043614,428966,1186
1.141354303,429240,274
1.141354303,430410,1170
1.143664992,430700,290
1.143664992,431854,1154
1.145975681,432160,306
1.145975681,433298,1138
1.148286370,433620,322
1.148286370,434742,1122
1.150597059,435080,338
1.150597059,436186,1106
1.156875811,436540,354
1.156875811,437630,1090
1.159154563,438000,370
1.159154563,439074,1074
1.161433315,439460,386
1.161433315,440518,1058
1.163712067,440920,402
1.163712067,441962,1042
1.166081847,442380,418
1.166081847,443406,1026
1.168360599,443840,434
1.168360599,444850,1010
1.170639351,445300,450
1.170639351,446294,994
1.172918103,446760,466
1.172918103,447738,978
1.175196855,448220,482
1.175196855,449182,962
1.177475607,449680,498
1.177475607,450626,946
1.179754359,451140,514
1.179754359,452070,930
1.182033111,452600,530
1.182033111,453514,914
1.184311863,454060,546
1.184311863,454958,898
1.186590615,455520,562
1.186590615,456402,882
1.188869367,456980,578
1.188869367,457846,866
1.191148119,458440,594
1.191148119,459290,850
1.193704505,459900,610
1.193704505,460734,834
1.196045459,461360,626
1.196045459,462178,818
1.198393999,462820,642
1.198393999,463622,802
1.200734953,464280,658
1.200734953,465066,786
1.203013705,465740,674
1.203013705,466510,770
1.205292457,467200,690
1.205292457,467954,754
1.207571209,468660,706
1.207571209,469398,738
1.209849961,470120,722
1.209849961,470842,722
1.212128713,471580,738
1.212128713,472286,706
1.214407465,473040,754
1.214407465,473730,690
1.216777245,474500,770
1.216777245,475174,674
1.219055997,475960,786
1.219055997,476618,658
1.221334749,477420,802
1.221334749,478062,642
1.223613501,478880,818
1.223613501,479506,626
1.225892253,480340,834
1.225892253,480950,610
1.228171005,481800,850
1.228171005,482394,594
1.230449757,483260,866
1.230449757,483838,578
1.232728509,484720,882
1.232728509,485282,562
1.235007261,486180,898
1.235007261,486726,546
1.237286013,487640,914
1.237286013,488170,530
1.239564765,489100,930
1.239564765,489614,514
1.241843517,490560,946
1.241843517,491058,498
1.244122269,492020,962
1.244122269,492502,482
1.246401021,493480,978
1.246401021,493946,466
1.248679773,494940,994
1.248679773,495390,450
1.250958525,496400,1010
1.250958525,496834,434
1.253237277,497860,1026
1.253237277,498278,418
1.255516029,499320,1042
1.255516029,499722,402
1.257618284,500780,1058
1.257618284,501166,386
1.259639787,502240,1074
1.259639787,502610,370
1.261661290,503700,1090
1.261661290,504054,354
1.263903513,505160,1106
1.263903513,505498,338
1.265925016,506620,1122
1.265925016,506942,322
1.267946519,508080,1138
1.267946519,508386,306
1.269968022,509540,1154
1.269968022,509830,290
1.271989525,511000,1170
1.271989525,511274,274
1.274011028,512460,1186
1.274011028,512718,258
1.276032531,513920,1202
1.276032531,514162,242
1.278134786,515380,1218
1.278134786,515606,226
1.280156289,516840,1234
1.280156289,517050,210
1.282177792,518300,1250
1.282177792,518494,194
1.284199295,519760,1266
1.284199295,519938,178
1.286220798,521220,1282
1.286220798,521382,162
1.288242301,522680,1298
1.288242301,522826,146
2.029730541,524140,1314
2.029730541,524270,130
2.029730541,525600,1330
2.029730541,525714,114
2.031992911,527060,1346
2.031992911,537274,10214
2.034168379,537280,6
2.034168379,658574,121294
2.037220109,659920,1346
2.037220109,660018,98
2.037220109,661380,1362
2.037220109,661462,82
2.039395577,662840,1378
2.039395577,662906,66
2.039395577,664300,1394
2.039395577,670134,5834
2.041657947,670140,6
2.041657947,810218,140078
2.065889769,810300,82
2.065889769,828990,18690
2.090690539,829280,290
2.090690539,850650,21370
2.121568482,851180,530
2.121568482,870866,19686
2.152696564,871620,754
2.152696564,883862,12242
2.168980249,884760,898
2.168980249,938744,53984
2.551093852,938780,36
2.551093852,1175574,236794
2.551093852,1176760,1186
2.551093852,1181350,4590
2.551093852,1182600,1250
2.551093852,1182794,194
2.553247792,1184060,1266
2.553247792,1184238,178
2.553247792,1185520,1282
2.553247792,1197234,11714
2.553516098,1198660,1426
2.553516098,1226126,27466
2.558202083,1226400,274
2.558202083,1227570,1170
2.558202083,1227860,290
2.558202083,1231902,4042
2.560523886,1232240,338
2.560523886,1280998,48758
2.607880279,1281880,882
2.607880279,1289662,7782
2.621401358,1290640,978
2.621401358,1296882,6242
2.639403369,1297940,1058
2.639403369,1309878,11938
2.655076373,1311080,1202
2.655076373,1318542,7462
2.672466252,1319840,1298
2.672466252,1347434,27594
2.719590105,1347580,146
2.719590105,1356098,8518
2.734519884,1356340,242
2.734519884,1457178,100838
2.737009660,1458540,1362
2.737009660,1458622,82
2.739478159,1460000,1378
2.739478159,1460066,66
2.741946578,1461460,1394
2.741946578,1461510,50
2.744413477,1462920,1410
2.744413477,1462954,34
2.746976764,1464380,1426
2.746976764,1464398,18
2.749451262,1465840,1442
2.749451262,1465842,2
2.751918241,1467294,1452
2.754383460,1467300,6
2.754383460,1468739,1439
2.755448178,1468760,21
2.755448178,1470184,1424
2.757509616,1470220,36
2.757509616,1471629,1409
2.759571054,1471680,51
2.759571054,1473074,1394
2.761632492,1473140,66
2.761632492,1474518,1378
2.763693930,1474600,82
2.763693930,1475962,1362
2.765755368,1476060,98
2.765755368,1477406,1346
2.767897365,1477520,114
2.767897365,1478850,1330
2.770045242,1478980,130
2.770045242,1480294,1314
2.772106680,1480440,146
2.772106680,1481738,1298
2.774168118,1481900,162
2.774168118,1483182,1282
2.776229556,1483360,178
2.776229556,1484626,1266
2.778290994,1484820,194
2.778290994,1486070,1250
2.780352432,1486280,210
2.780352432,1487514,1234
2.782494029,1487740,226
2.782494029,1488958,1218
2.784555467,1489200,242
2.784555467,1490402,1202
2.786675080,1490660,258
2.786675080,1491846,1186
2.788685023,1492120,274
2.788685023,1493290,1170
2.790746461,1493580,290
2.790746461,1494734,1154
2.792859394,1495040,306
2.792859394,1496178,1138
2.794869337,1496500,322
2.794869337,1497622,1122
2.796930775,1497960,338
2.796930775,1499066,1106
2.799072372,1499420,354
2.799072372,1500510,1090
2.801240080,1500880,370
2.801240080,1501954,1074
2.803246743,1502340,386
2.803246743,1503398,1058
2.805256686,1503800,402
2.805256686,1504842,1042
2.807431074,1505260,418
2.807431074,1506286,1026
2.809437737,1506720,434
2.809437737,1507730,1010
2.811447680,1508180,450
2.811447680,1509174,994
2.813509118,1509640,466
2.813509118,1510618,978
2.815650715,1511100,482
2.815650715,1512062,962
2.817712153,1512560,498
2.817712153,1513506,946
2.819825086,1514020,514
2.819825086,1514950,930
2.821835029,1515480,530
2.821835029,1516394,914
2.824002737,1516940,546
2.824002737,1517838,898
2.826009400,1518400,562
2.826009400,1519282,882
2.828212452,1519860,578
2.828212452,1520726,866
2.830219115,1521320,594
2.830219115,1522170,850
2.832229058,1522780,610
2.832229058,1523614,834
2.834396766,1524240,626
2.834396766,1525058,818
2.836403429,1525700,642
2.836403429,1526502,802
2.838574417,1527160,658
2.838574417,1527946,786
2.840697310,1528620,674
2.840697310,1529390,770
2.842703973,1530080,690
2.842703973,1530834,754
2.844790795,1531540,706
2.844790795,1532278,738
2.846797458,1533000,722
2.846797458,1533722,722
2.848968446,1534460,738
2.848968446,1535166,706
2.850975109,1535920,754
2.850975109,1536610,690
2.852981772,1537380,770
2.852981772,1538054,674
2.854228264,1538840,786
2.854228264,1539498,658
2.856558670,1540300,802
2.856558670,1540942,642
2.858715716,1541760,818
2.858715716,1542386,626
2.860876042,1543220,834
2.860876042,1543830,610
2.863091968,1544680,850
2.863091968,1545274,594
2.865363494,1546140,866
2.865363494,1546718,578
2.867524220,1547600,882
2.867524220,1548162,562
2.869746927,1549060,898
2.869746927,1549606,546
2.872049019,1550520,914
2.872049019,1551050,530
2.874264945,1551980,930
2.874264945,1552494,514
2.876480871,1553440,946
2.876480871,1553938,498
2.878696797,1554900,962
2.878696797,1555382,482
2.880912723,1556360,978
2.880912723,1556826,466
2.883128649,1557820,994
2.883128649,1558270,450
2.885344575,1559280,1010
2.885344575,1559714,434
2.887560501,1560740,1026
2.887560501,1561158,418
2.889869774,1562200,1042
2.889869774,1562602,402
2.892085700,1563660,1058
2.892085700,1564046,386
2.894301626,1565120,1074
2.894301626,1565490,370
2.896517552,1566580,1090
2.896517552,1566934,354
2.898733478,1568040,1106
2.898733478,1568378,338
2.900949404,1569500,1122
2.900949404,1569822,322
2.903165330,1570960,1138
2.903165330,1571266,306
2.905381256,1572420,1154
2.905381256,1572710,290
2.907683348,1573880,1170
2.907683348,1574154,274
2.909899674,1575340,1186
2.909899674,1575598,258
2.912122381,1576800,1202
2.912122381,1577042,242
2.914338307,1578260,1218
2.914338307,1578486,226
2.916554233,1579720,1234
2.916554233,1579930,210
2.918770159,1581180,1250
2.918770159,1581374,194
2.921072251,1582640,1266
2.921072251,1582818,178
2.923288177,1584100,1282
2.923288177,1584262,162
2.925504103,1585560,1298
2.925504103,1585706,146
2.927720029,1587020,1314
2.927720029,1587150,130
2.929935955,1588480,1330
2.929935955,1588594,114
2.932245228,1589940,1346
2.932245228,1590038,98
2.934461154,1591400,1362
2.934461154,1591482,82
2.936677080,1592860,1378
2.936677080,1592926,66
2.938892926,1594320,1394
2.938892926,1594370,50
2.941107416,1595780,1410
2.941107416,1595814,34
2.943321906,1597240,1426
2.943321906,1597258,18
2.945536396,1598700,1442
2.945536396,1598702,2
2.947750966,1600154,1452
2.950053058,1600160,6
2.950053058,1601599,1439
2.953214865,1601620,21
2.953214865,1603044,1424
2.955477967,1603080,36
2.955477967,1604489,1409
2.957679815,1604540,51
2.957679815,1605934,1394
2.959881663,1606000,66
2.959881663,1607378,1378
2.962083511,1607460,82
2.962083511,1608822,1362
2.964370978,1608920,98
2.964370978,1610266,1346
2.966572826,1610380,114
2.966572826,1611710,1330
2.968774674,1611840,130
2.968774674,1613154,1314
2.970976522,1613300,146
2.970976522,1614598,1298
2.973178370,1614760,162
2.973178370,1616042,1282
2.975380618,1616220,178
2.975380618,1617486,1266
2.977589201,1617680,194
2.977589201,1618930,1250
2.979876668,1619140,210
2.979876668,1620374,1234
2.982078516,1620600,226
2.982078516,1621818,1218
2.984280364,1622060,242
2.984280364,1623262,1202
2.986482212,1623520,258
2.986482212,1624706,1186
2.988684060,1624980,274
2.988684060,1626150,1170
2.990971527,1626440,290
2.990971527,1627594,1154
2.993173375,1627900,306
2.993173375,1629038,1138
2.995375623,1629360,322
2.995375623,1630482,1122
2.997584206,1630820,338
2.997584206,1631926,1106
2.999786054,1632280,354
2.999786054,1633370,1090
3.002073521,1633740,370
3.002073521,1634814,1074
3.004275369,1635200,386
3.004275369,1636258,1058
3.006477217,1636660,402
3.006477217,1637702,1042
3.008679065,1638120,418
3.008679065,1639146,1026
3.010880913,1639580,434
3.010880913,1640590,1010
3.013082761,1641040,450
3.013082761,1642034,994
3.015284609,1642500,466
3.015284609,1643478,978
3.017486857,1643960,482
3.017486857,1644922,962
3.019781059,1645420,498
3.019781059,1646366,946
3.021982907,1646880,514
3.021982907,1647810,930
3.024184755,1648340,530
3.024184755,1649254,914
3.026386603,1649800,546
3.026386603,1650698,898
3.028588451,1651260,562
3.028588451,1652142,882
3.030875918,1652720,578
3.030875918,1653586,866
3.033077766,1654180,594
3.033077766,1655030,850
3.035279614,1655640,610
3.035279614,1656474,834
3.037481862,1657100,626
3.037481862,1657918,818
3.039690445,1658560,642
3.039690445,1659362,802
3.041892293,1660020,658
3.041892293,1660806,786
3.044094141,1661480,674
3.044094141,1662250,770
3.046295989,1662940,690
3.046295989,1663694,754
3.048583456,1664400,706
3.048583456,1665138,738
3.050785304,1665860,722
3.050785304,1666582,722
3.052987152,1667320,738
3.052987152,1668026,706
3.055174703,1668780,754
3.055174703,1669470,690
3.057362254,1670240,770
3.057362254,1670914,674
3.059641957,1671700,786
3.059641957,1672358,658
3.061829508,1673160,802
3.061829508,1673802,642
3.064017059,1674620,818
3.064017059,1675246,626
3.066204610,1676080,834
3.066204610,1676690,610
3.068392161,1677540,850
3.068392161,1678134,594
3.070579712,1679000,866
3.070579712,1679578,578
3.072767263,1680460,882
3.072767263,1681022,562
3.074954814,1681920,898
3.074954814,1682466,546
3.077227428,1683380,914
3.077227428,1683910,530
3.079415379,1684840,930
3.079415379,1685354,514
3.081609619,1686300,946
3.081609619,1686798,498
3.083797170,1687760,962
3.083797170,1688242,482
3.085984721,1689220,978
3.085984721,1689686,466
3.088172272,1690680,994
3.088172272,1691130,450
3.090359823,1692140,1010
3.090359823,1692574,434
3.092632437,1693600,1026
3.092632437,1694018,418
3.094819988,1695060,1042
3.094819988,1695462,402
3.097007539,1696520,1058
3.097007539,1696906,386
3.099195090,1697980,1074
3.099195090,1698350,370
3.101383041,1699440,1090
3.101383041,1699794,354
3.103662344,1700900,1106
3.103662344,1701238,338
3.105849895,1702360,1122
3.105849895,1702682,322
3.108037446,1703820,1138
3.108037446,1704126,306
3.110224997,1705280,1154
3.110224997,1705570,290
3.112412548,1706740,1170
3.112412548,1707014,274
3.114600099,1708200,1186
3.114600099,1708458,258
3.116787650,1709660,1202
3.116787650,1709902,242
3.118975201,1711120,1218
3.118975201,1711346,226
3.121248215,1712580,1234
3.121248215,1712790,210
3.123442455,1714040,1250
3.123442455,1714234,194
3.125630006,1715500,1266
3.125630006,1715678,178
3.127817557,1716960,1282
3.127817557,1717122,162
3.130005108,1718420,1298
3.130005108,1718566,146
3.132277722,1719880,1314
3.132277722,1720010,130
3.134465273,1721340,1330
3.134465273,1721454,114
3.136652824,1722800,1346
3.136652824,1722898,98
3.138840375,1724260,1362
3.138840375,1724342,82
3.141027926,1725720,1378
3.141027926,1725786,66
3.143215797,1727180,1394
3.143215797,1727230,50
3.145408619,1728640,1410
3.145408619,1728674,34
3.147594753,1730100,1426
3.147594753,1730118,18
3.149865950,1731560,1442
3.149865950,1731562,2
3.152052164,1733014,1452
3.154427531,1733020,6
3.154427531,1734459,1439
3.156802898,1734480,21
3.156802898,1735904,1424
3.159178265,1735940,36
3.159178265,1737349,1409
3.161645998,1737400,51
3.161645998,1738794,1394
3.164021765,1738860,66
3.164021765,1740238,1378
3.166404429,1740320,82
3.166404429,1741682,1362
3.168779796,1741780,98
3.168779796,1743126,1346
3.171155163,1743240,114
3.171155163,1744570,1330
3.173622896,1744700,130
3.173622896,1746014,1314
3.175998263,1746160,146
3.175998263,1747458,1298
3.178373630,1747620,162
3.178373630,1748902,1282
3.180748997,1749080,178
3.180748997,1750346,1266
3.183124364,1750540,194
3.183124364,1751790,1250
3.185499731,1752000,210
3.185499731,1753234,1234
3.187875498,1753460,226
3.187875498,1754678,1218
3.190258162,1754920,242
3.190258162,1756122,1202
3.192725895,1756380,258
3.192725895,1757566,1186
3.195101262,1757840,274
3.195101262,1759010,1170
3.197476629,1759300,290
3.197476629,1760454,1154
3.199851996,1760760,306
3.199851996,1761898,1138
3.202227363,1762220,322
3.202227363,1763342,1122
3.204695096,1763680,338
3.204695096,1764786,1106
3.207070463,1765140,354
3.207070463,1766230,1090
3.209446230,1766600,370
3.209446230,1767674,1074
3.211828894,1768060,386
3.211828894,1769118,1058
3.214204261,1769520,402
3.214204261,1770562,1042
3.216579628,1770980,418
3.216579628,1772006,1026
3.218954995,1772440,434
3.218954995,1773450,1010
3.221330362,1773900,450
3.221330362,1774894,994
3.223798095,1775360,466
3.223798095,1776338,978
3.226173462,1776820,482
3.226173462,1777782,962
3.228548829,1778280,498
3.228548829,1779226,946
3.230924196,1779740,514
3.230924196,1780670,930
3.233299963,1781200,530
3.233299963,1782114,914
3.235774993,1782660,546
3.235774993,1783558,898
3.238150360,1784120,562
3.238150360,1785002,882
3.240525727,1785580,578
3.240525727,1786446,866
3.242901094,1787040,594
3.242901094,1787890,850
3.245276461,1788500,610
3.245276461,1789334,834
3.247651828,1789960,626
3.247651828,1790778,818
3.250027195,1791420,642
3.250027195,1792222,802
3.252399282,1792880,658
3.252399282,1793666,786
3.253585972,1794340,674
3.253585972,1795110,770
3.255693683,1795800,690
3.255693683,1796554,754
3.257794984,1797260,706
3.257794984,1797998,738
3.259896285,1798720,722
3.259896285,1799442,722
3.261997586,1800180,738
3.261997586,1800886,706
3.264180596,1801640,754
3.264180596,1802330,690
3.266281897,1803100,770
3.266281897,1803774,674
3.268383198,1804560,786
3.268383198,1805218,658
3.270484499,1806020,802
3.270484499,1806662,642
3.272585800,1807480,818
3.272585800,1808106,626
3.274775619,1808940,834
3.274775619,1809550,610
3.276876920,1810400,850
3.276876920,1810994,594
3.278978221,1811860,866
3.278978221,1812438,578
3.281079522,1813320,882
3.281079522,1813882,562
3.283180823,1814780,898
3.283180823,1815326,546
3.285282124,1816240,914
3.285282124,1816770,530
3.287383425,1817700,930
3.287383425,1818214,514
3.289484726,1819160,946
3.289484726,1819658,498
3.291667736,1820620,962
3.291667736,1821102,482
3.293769437,1822080,978
3.293769437,1822546,466
3.295877148,1823540,994
3.295877148,1823990,450
3.297978449,1825000,1010
3.297978449,1825434,434
3.300079750,1826460,1026
3.300079750,1826878,418
3.302262760,1827920,1042
3.302262760,1828322,402
3.304364061,1829380,1058
3.304364061,1829766,386
3.306517916,1830840,1074
3.306517916,1831210,370
3.308566663,1832300,1090
3.308566663,1832654,354
3.310720518,1833760,1106
3.310720518,1834098,338
3.312769265,1835220,1122
3.312769265,1835542,322
3.314870966,1836680,1138
3.314870966,1836986,306
3.317031231,1838140,1154
3.317031231,1838430,290
3.319161687,1839600,1170
3.319161687,1839874,274
3.321262988,1841060,1186
3.321262988,1841318,258
3.323416843,1842520,1202
3.323416843,1842762,242
3.325573978,1843980,1218
3.325573978,1844206,226
3.327619445,1845440,1234
3.327619445,1845650,210
3.329749901,1846900,1250
3.329749901,1847094,194
3.331966400,1848360,1266
3.331966400,1848538,178
3.334011867,1849820,1282
3.334011867,1849982,162
3.336169002,1851280,1298
3.336169002,1851426,146
3.338214469,1852740,1314
3.338214469,1852870,130
3.340263216,1854200,1330
3.340263216,1854314,114
3.342472905,1855660,1346
3.342472905,1855758,98
3.344518372,1857120,1362
3.344518372,1857202,82
3.346648828,1858580,1378
3.346648828,1858646,66
3.348971550,1860040,1394
3.348971550,1860090,50
3.351017017,1861500,1410
3.351017017,1861534,34
3.354262503,1862960,1426
3.354262503,1862978,18
3.356507989,1864420,1442
3.356507989,1864422,2
3.358846454,1865874,1452
3.361272542,1865880,6
3.361272542,1867319,1439
3.363518028,1867340,21
3.363518028,1868764,1424
3.365886102,1868800,36
3.365886102,1870209,1409
3.368131588,1870260,51
3.368131588,1871654,1394
3.370470053,1871720,66
3.370470053,1873098,1378
3.372896141,1873180,82
3.372896141,1874542,1362
3.375141627,1874640,98
3.375141627,1875986,1346
3.377390793,1876100,114
3.377390793,1877430,1330
3.379762662,1877560,130
3.379762662,1878874,1314
3.382011428,1879020,146
3.382011428,1880318,1298
3.384318208,1880480,162
3.384318208,1881762,1282
3.386683002,1881940,178
3.386683002,1883206,1266
3.389021467,1883400,194
3.389021467,1884650,1250
3.391328247,1884860,210
3.391328247,1886094,1234
3.393635027,1886320,226
3.393635027,1887538,1218
3.395941807,1887780,242
3.395941807,1888982,1202
3.398248587,1889240,258
3.398248587,1890426,1186
3.400652541,1890700,274
3.400652541,1891870,1170
3.402959321,1892160,290
3.402959321,1893314,1154
3.405266101,1893620,306
3.405266101,1894758,1138
3.407572881,1895080,322
3.407572881,1896202,1122
3.409879661,1896540,338
3.409879661,1897646,1106
3.412186441,1898000,354
3.412186441,1899090,1090
3.414493221,1899460,370
3.414493221,1900534,1074
3.416800001,1900920,386
3.416800001,1901978,1058
3.419196480,1902380,402
3.419196480,1903422,1042
3.421503660,1903840,418
3.421503660,1904866,1026
3.423817515,1905300,434
3.423817515,1906310,1010
3.426124295,1906760,450
3.426124295,1907754,994
3.428431075,1908220,466
3.428431075,1909198,978
3.430827554,1909680,482
3.430827554,1910642,962
3.433134334,1911140,498
3.433134334,1912086,946
3.435441114,1912600,514
3.435441114,1913530,930
3.437747894,1914060,530
3.437747894,1914974,914
3.440054674,1915520,546
3.440054674,1916418,898
3.442361454,1916980,562
3.442361454,1917862,882
3.444668634,1918440,578
3.444668634,1919306,866
3.446982489,1919900,594
3.446982489,1920750,850
3.449378968,1921360,610
3.449378968,1922194,834
3.453623537,1922820,626
3.453623537,1923638,818
3.455866633,1924280,642
3.455866633,1925082,802
3.458047518,1925740,658
3.458047518,1926526,786
3.460228403,1927200,674
3.460228403,1927970,770
3.462494092,1928660,690
3.462494092,1929414,754
3.464674977,1930120,706
3.464674977,1930858,738
3.466856262,1931580,722
3.466856262,1932302,722
3.469043814,1933040,738
3.469043814,1933746,706
3.471224699,1934500,754
3.471224699,1935190,690
3.473490388,1935960,770
3.473490388,1936634,674
3.475671273,1937420,786
3.475671273,1938078,658
3.477852158,1938880,802
3.477852158,1939522,642
3.480033043,1940340,818
3.480033043,1940966,626
3.482213928,1941800,834
3.482213928,1942410,610
3.484394813,1943260,850
3.484394813,1943854,594
3.486575698,1944720,866
3.486575698,1945298,578
3.488756983,1946180,882
3.488756983,1946742,562
3.491029339,1947640,898
3.491029339,1948186,546
3.493210224,1949100,914
3.493210224,1949630,530
3.495391109,1950560,930
3.495391109,1951074,514
3.497571994,1952020,946
3.497571994,1952518,498
3.499752879,1953480,962
3.499752879,1953962,482
3.502018568,1954940,978
3.502018568,1955406,466
3.504199453,1956400,994
3.504199453,1956850,450
3.506380338,1957860,1010
3.506380338,1958294,434
3.508561623,1959320,1026
3.508561623,1959738,418
3.510749175,1960780,1042
3.510749175,1961182,402
3.512930060,1962240,1058
3.512930060,1962626,386
3.515110945,1963700,1074
3.515110945,1964070,370
3.517291830,1965160,1090
3.517291830,1965514,354
3.519557519,1966620,1106
3.519557519,1966958,338
3.521738404,1968080,1122
3.521738404,1968402,322
3.523919289,1969540,1138
3.523919289,1969846,306
3.526100174,1971000,1154
3.526100174,1971290,290
3.528281059,1972460,1170
3.528281059,1972734,274
3.530553815,1973920,1186
3.530553815,1974178,258
3.532734700,1975380,1202
3.532734700,1975622,242
3.534970254,1976840,1218
3.534970254,1977066,226
3.537096470,1978300,1234
3.537096470,1978510,210
3.539332024,1979760,1250
3.539332024,1979954,194
3.541543044,1981220,1266
3.541543044,1981398,178
3.543723929,1982680,1282
3.543723929,1982842,162
3.545959483,1984140,1298
3.545959483,1984286,146
3.548085699,1985600,1314
3.548085699,1985730,130
3.550266984,1987060,1330
3.550266984,1987174,114
3.552509205,1988520,1346
3.552509205,1988618,98
3.554748039,1989980,1362
3.554748039,1990062,82
3.554962557,1991440,1378
3.554962557,1991506,66
3.557268737,1992900,1394
3.557268737,1992950,50
3.559542230,1994360,1410
3.559542230,1994394,34
3.561871498,1995820,1426
3.561871498,1995838,18
3.564089216,1997280,1442
3.564089216,1997282,2
3.566419958,1998734,1452
3.568726618,1998740,6
3.568726618,2000179,1439
3.571008557,2000200,21
3.571008557,2001624,1424
3.573340693,2001660,36
3.573340693,2003069,1409
3.575558491,2003120,51
3.575558491,2004514,1394
3.577890627,2004580,66
3.577890627,2005958,1378
3.580108425,2006040,82
3.580108425,2007402,1362
3.582383392,2007500,98
3.582383392,2008846,1346
3.584715528,2008960,114
3.584715528,2010290,1330
3.587021788,2010420,130
3.587021788,2011734,1314
3.589296755,2011880,146
3.589296755,2013178,1298
3.591572122,2013340,162
3.591572122,2014622,1282
3.593854061,2014800,178
3.593854061,2016066,1266
3.596129028,2016260,194
3.596129028,2017510,1250
3.598492457,2017720,210
3.598492457,2018954,1234
3.600767424,2019180,226
3.600767424,2020398,1218
3.603042391,2020640,242
3.603042391,2021842,1202
3.605317358,2022100,258
3.605317358,2023286,1186
3.607592325,2023560,274
3.607592325,2024730,1170
3.609867292,2025020,290
3.609867292,2026174,1154
3.612142259,2026480,306
3.612142259,2027618,1138
3.614417626,2027940,322
3.614417626,2029062,1122
3.616788027,2029400,338
3.616788027,2030506,1106
3.619062994,2030860,354
3.619062994,2031950,1090
3.621337961,2032320,370
3.621337961,2033394,1074
3.623612928,2033780,386
3.623612928,2034838,1058
3.625887895,2035240,402
3.625887895,2036282,1042
3.628251324,2036700,418
3.628251324,2037726,1026
3.630526291,2038160,434
3.630526291,2039170,1010
3.632801258,2039620,450
3.632801258,2040614,994
3.635076625,2041080,466
3.635076625,2042058,978
3.637358564,2042540,482
3.637358564,2043502,962
3.639721993,2044000,498
3.639721993,2044946,946
3.641996960,2045460,514
3.641996960,2046390,930
3.644271927,2046920,530
3.644271927,2047834,914
3.646546894,2048380,546
3.646546894,2049278,898
3.648821861,2049840,562
3.648821861,2050722,882
3.651096828,2051300,578
3.651096828,2052166,866
3.653475739,2052760,594
3.653475739,2053610,850
3.655857487,2054220,610
3.655857487,2055054,834
3.658239635,2055680,626
3.658239635,2056498,818
3.660721316,2057140,642
3.660721316,2057942,802
3.663103064,2058600,658
3.663103064,2059386,786
3.665484812,2060060,674
3.665484812,2060830,770
3.667866560,2061520,690
3.667866560,2062274,754
3.670248308,2062980,706
3.670248308,2063718,738
3.672722671,2064440,722
3.672722671,2065162,722
3.675104419,2065900,738
3.675104419,2066606,706
3.677486167,2067360,754
3.677486167,2068050,690
3.679868315,2068820,770
3.679868315,2069494,674
3.682257381,2070280,786
3.682257381,2070938,658
3.684639129,2071740,802
3.684639129,2072382,642
3.687020877,2073200,818
3.687020877,2073826,626
3.689402625,2074660,834
3.689402625,2075270,610
3.691876988,2076120,850
3.691876988,2076714,594
3.694258736,2077580,866
3.694258736,2078158,578
3.696640484,2079040,882
3.696640484,2079602,562
3.699022232,2080500,898
3.699022232,2081046,546
3.701403980,2081960,914
3.701403980,2082490,530
3.703886060,2083420,930
3.703886060,2083934,514
3.706267808,2084880,946
3.706267808,2085378,498
3.708649556,2086340,962
3.708649556,2086822,482
3.711031304,2087800,978
3.711031304,2088266,466
3.713413052,2089260,994
3.713413052,2089710,450
3.715794800,2090720,1010
3.715794800,2091154,434
3.718176548,2092180,1026
3.718176548,2092598,418
3.720558296,2093640,1042
3.720558296,2094042,402
3.723032659,2095100,1058
3.723032659,2095486,386
3.725414807,2096560,1074
3.725414807,2096930,370
3.727803873,2098020,1090
3.727803873,2098374,354
3.730185621,2099480,1106
3.730185621,2099818,338
3.732567369,2100940,1122
3.732567369,2101262,322
3.735041732,2102400,1138
3.735041732,2102706,306
3.737423480,2103860,1154
3.737423480,2104150,290
3.739805228,2105320,1170
3.739805228,2105594,274
3.742186976,2106780,1186
3.742186976,2107038,258
3.744568724,2108240,1202
3.744568724,2108482,242
3.747043487,2109700,1218
3.747043487,2109926,226
3.749432553,2111160,1234
3.749432553,2111370,210
3.753750237,2112620,1250
3.753750237,2112814,194
3.755925449,2114080,1266
3.755925449,2114258,178
3.758089413,2115540,1282
3.758089413,2115702,162
3.760147745,2117000,1298
3.760147745,2117146,146
3.762258893,2118460,1314
3.762258893,2118590,130
3.764422857,2119920,1330
3.764422857,2120034,114
3.766563281,2121380,1346
3.766563281,2121478,98
3.768674429,2122840,1362
3.768674429,2122922,82
3.770845234,2124300,1378
3.770845234,2124366,66
3.773009742,2125760,1394
3.773009742,2125810,50
3.775064794,2127220,1410
3.775064794,2127254,34
3.777205138,2128680,1426
3.777205138,2128698,18
3.779422542,2130140,1442
3.779422542,2130142,2
3.781477594,2131594,1452
3.783644838,2131600,6
3.783644838,2133039,1439
3.785699890,2133060,21
3.785699890,2134484,1424
3.787758222,2134520,36
3.787758222,2135929,1409
3.789985123,2135980,51
3.789985123,2137374,1394
3.792040175,2137440,66
3.792040175,2138818,1378
3.794180599,2138900,82
3.794180599,2140262,1362
3.796400659,2140360,98
3.796400659,2141706,1346
3.798567903,2141820,114
3.798567903,2143150,1330
3.800622955,2143280,130
3.800622955,2144594,1314
3.802678007,2144740,146
3.802678007,2146038,1298
3.805102472,2146200,162
3.805102472,2147482,1282
3.807157524,2147660,178
3.807157524,2148926,1266
3.809212576,2149120,194
3.809212576,2150370,1250
3.811267628,2150580,210
3.811267628,2151814,1234
3.813322680,2152040,226
3.813322680,2153258,1218
3.815546020,2153500,242
3.815546020,2154702,1202
3.817601072,2154960,258
3.817601072,2156146,1186
3.819656124,2156420,274
3.819656124,2157590,1170
3.822073748,2157880,290
3.822073748,2159034,1154
3.824128800,2159340,306
3.824128800,2160478,1138
3.826183852,2160800,322
3.826183852,2161922,1122
3.828238904,2162260,338
3.828238904,2163366,1106
3.830293956,2163720,354
3.830293956,2164810,1090
3.832718421,2165180,370
3.832718421,2166254,1074
3.834773473,2166640,386
3.834773473,2167698,1058
3.836828525,2168100,402
3.836828525,2169142,1042
3.838883577,2169560,418
3.838883577,2170586,1026
3.840938629,2171020,434
3.840938629,2172030,1010
3.843363094,2172480,450
3.843363094,2173474,994
3.845418146,2173940,466
3.845418146,2174918,978
3.847473198,2175400,482
3.847473198,2176362,962
3.849696538,2176860,498
3.849696538,2177806,946
3.851751590,2178320,514
3.851751590,2179250,930
3.853806642,2179780,530
3.853806642,2180694,914
3.857000007,2181240,546
3.857000007,2182138,898
3.859372988,2182700,562
3.859372988,2183582,882
3.861653970,2184160,578
3.861653970,2185026,866
3.863967079,2185620,594
3.863967079,2186470,850
3.866160444,2187080,610
3.866160444,2187914,834
3.868353809,2188540,626
3.868353809,2189358,818
3.870547174,2190000,642
3.870547174,2190802,802
3.873015073,2191460,658
3.873015073,2192246,786
3.875328182,2192920,674
3.875328182,2193690,770
3.877521547,2194380,690
3.877521547,2195134,754
3.879714912,2195840,706
3.879714912,2196578,738
3.881908277,2197300,722
3.881908277,2198022,722
3.884104922,2198760,738
3.884104922,2199466,706
3.886358159,2200220,754
3.886358159,2200910,690
3.888667988,2201680,770
3.888667988,2202354,674
3.890952250,2203140,786
3.890952250,2203798,658
3.893205487,2204600,802
3.893205487,2205242,642
3.895522617,2206060,818
3.895522617,2206686,626
3.897835726,2207520,834
3.897835726,2208130,610
3.900029091,2208980,850
3.900029091,2209574,594
3.902313353,2210440,866
3.902313353,2211018,578
3.904566590,2211900,882
3.904566590,2212462,562
3.906876419,2213360,898
3.906876419,2213906,546
3.909073064,2214820,914
3.909073064,2215350,530
3.911326301,2216280,930
3.911326301,2216794,514
3.913667155,2217740,946
3.913667155,2218238,498
3.915920792,2219200,962
3.915920792,2219682,482
3.918180930,2220660,978
3.918180930,2221126,466
3.920434167,2222120,994
3.920434167,2222570,450
3.922687404,2223580,1010
3.922687404,2224014,434
3.924940641,2225040,1026
3.924940641,2225458,418
3.927193878,2226500,1042
3.927193878,2226902,402
3.929447115,2227960,1058
3.929447115,2228346,386
3.931787969,2229420,1074
3.931787969,2229790,370
3.934041206,2230880,1090
3.934041206,2231234,354
3.936294443,2232340,1106
3.936294443,2232678,338
3.938548080,2233800,1122
3.938548080,2234122,322
3.940808218,2235260,1138
3.940808218,2235566,306
3.943149072,2236720,1154
3.943149072,2237010,290
3.945402309,2238180,1170
3.945402309,2238454,274
3.947655546,2239640,1186
3.947655546,2239898,258
3.949908783,2241100,1202
3.949908783,2241342,242
3.952162020,2242560,1218
3.952162020,2242786,226
3.954411977,2244020,1234
3.954411977,2244230,210
3.954687809,2245480,1250
3.954687809,2245674,194
3.956960361,2246940,1266
3.956960361,2247118,178
3.959328645,2248400,1282
3.959328645,2248562,162
3.961601197,2249860,1298
3.961601197,2250006,146
3.963873749,2251320,1314
3.963873749,2251450,130
3.966146301,2252780,1330
3.966146301,2252894,114
3.968418853,2254240,1346
3.968418853,2254338,98
3.970779773,2255700,1362
3.970779773,2255782,82
3.973052325,2257160,1378
3.973052325,2257226,66
3.975324797,2258620,1394
3.975324797,2258670,50
3.977595876,2260080,1410
3.977595876,2260114,34
3.979867355,2261540,1426
3.979867355,2261558,18
3.982145398,2263000,1442
3.982145398,2263002,2
3.984416557,2264454,1452
3.986689109,2264460,6
3.986689109,2265899,1439
3.989050029,2265920,21
3.989050029,2267344,1424
3.991322581,2267380,36
3.991322581,2268789,1409
3.993595133,2268840,51
3.993595133,2270234,1394
3.995867685,2270300,66
3.995867685,2271678,1378
3.998140237,2271760,82
3.998140237,2273122,1362
4.000501557,2273220,98
4.000501557,2274566,1346
4.002781073,2274680,114
4.002781073,2276010,1330
4.005053625,2276140,130
4.005053625,2277454,1314
4.007326177,2277600,146
4.007326177,2278898,1298
4.009598729,2279060,162
4.009598729,2280342,1282
4.011959649,2280520,178
4.011959649,2281786,1266
4.014232201,2281980,194
4.014232201,2283230,1250
4.016504753,2283440,210
4.016504753,2284674,1234
4.018777305,2284900,226
4.018777305,2286118,1218
4.021049857,2286360,242
4.021049857,2287562,1202
4.023322809,2287820,258
4.023322809,2289006,1186
4.025602325,2289280,274
4.025602325,2290450,1170
4.027874877,2290740,290
4.027874877,2291894,1154
4.030235797,2292200,306
4.030235797,2293338,1138
4.032508349,2293660,322
4.032508349,2294782,1122
4.034780901,2295120,338
4.034780901,2296226,1106
4.037053453,2296580,354
4.037053453,2297670,1090
4.039326005,2298040,370
4.039326005,2299114,1074
4.041686925,2299500,386
4.041686925,2300558,1058
4.043959877,2300960,402
4.043959877,2302002,1042
4.046239393,2302420,418
4.046239393,2303446,1026
4.048511945,2303880,434
4.048511945,2304890,1010
4.050784497,2305340,450
4.050784497,2306334,994
4.053053769,2306800,466
4.053053769,2307778,978
4.053177209,2308260,482
4.053177209,2309222,962
4.055258697,2309720,498
4.055258697,2310666,946
4.057441212,2311180,514
4.057441212,2312110,930
4.059542036,2312640,530
4.059542036,2313554,914
4.061642860,2314100,546
4.061642860,2314998,898
4.063744084,2315560,562
4.063744084,2316442,882
4.065851315,2317020,578
4.065851315,2317886,866
4.068033830,2318480,594
4.068033830,2319330,850
4.070134654,2319940,610
4.070134654,2320774,834
4.072235478,2321400,626
4.072235478,2322218,818
4.074336302,2322860,642
4.074336302,2323662,802
4.076437126,2324320,658
4.076437126,2325106,786
4.078537950,2325780,674
4.078537950,2326550,770
4.080638774,2327240,690
4.080638774,2327994,754
4.082739598,2328700,706
4.082739598,2329438,738
4.084928920,2330160,722
4.084928920,2330882,722
4.087029744,2331620,738
4.087029744,2332326,706
4.089130568,2333080,754
4.089130568,2333770,690
4.091231392,2334540,770
4.091231392,2335214,674
4.093332216,2336000,786
4.093332216,2336658,658
4.095514731,2337460,802
4.095514731,2338102,642
4.097615555,2338920,818
4.097615555,2339546,626
4.099716379,2340380,834
4.099716379,2340990,610
4.101817203,2341840,850
4.101817203,2342434,594
4.103918427,2343300,866
4.103918427,2343878,578
4.106107349,2344760,882
4.106107349,2345322,562
4.108208173,2346220,898
4.108208173,2346766,546
4.110308997,2347680,914
4.110308997,2348210,530
4.112409821,2349140,930
4.112409821,2349654,514
4.114510645,2350600,946
4.114510645,2351098,498
4.116611469,2352060,962
4.116611469,2352542,482
4.118712293,2353520,978
4.118712293,2353986,466
4.120813117,2354980,994
4.120813117,2355430,450
4.122996032,2356440,1010
4.122996032,2356874,434
4.125103263,2357900,1026
4.125103263,2358318,418
4.127204087,2359360,1042
4.127204087,2359762,402
4.129304911,2360820,1058
4.129304911,2361206,386
4.131405735,2362280,1074
4.131405735,2362650,370
4.133588250,2363740,1090
4.133588250,2364094,354
4.135689074,2365200,1106
4.135689074,2365538,338
4.137789898,2366660,1122
4.137789898,2366982,322
4.139890722,2368120,1138
4.139890722,2368426,306
4.141991546,2369580,1154
4.141991546,2369870,290
4.144092770,2371040,1170
4.144092770,2371314,274
4.146200001,2372500,1186
4.146200001,2372758,258
4.148300825,2373960,1202
4.148300825,2374202,242
4.150483340,2375420,1218
4.150483340,2375646,226
4.152723486,2376880,1234
4.152723486,2377090,210
4.154963632,2378340,1250
4.154963632,2378534,194
4.157203778,2379800,1266
4.157203778,2379978,178
4.159443924,2381260,1282
4.159443924,2381422,162
4.161771178,2382720,1298
4.161771178,2382866,146
4.164011724,2384180,1314
4.164011724,2384310,130
4.166258729,2385640,1330
4.166258729,2385754,114
4.168498875,2387100,1346
4.168498875,2387198,98
4.170739021,2388560,1362
4.170739021,2388642,82
4.172979167,2390020,1378
4.172979167,2390086,66
4.175219233,2391480,1394
4.175219233,2391530,50
4.177457927,2392940,1410
4.177457927,2392974,34
4.179783729,2394400,1426
4.179783729,2394418,18
4.182022423,2395860,1442
4.182022423,2395862,2
4.184261197,2397314,1452
4.186501743,2397320,6
4.186501743,2398759,1439
4.188748748,2398780,21
4.188748748,2400204,1424
4.191076002,2400240,36
4.191076002,2401649,1409
4.193316148,2401700,51
4.193316148,2403094,1394
4.195556294,2403160,66
4.195556294,2404538,1378
4.197796440,2404620,82
4.197796440,2405982,1362
4.200036586,2406080,98
4.200036586,2407426,1346
4.202363840,2407540,114
4.202363840,2408870,1330
4.204603986,2409000,130
4.204603986,2410314,1314
4.206844532,2410460,146
4.206844532,2411758,1298
4.209091537,2411920,162
4.209091537,2413202,1282
4.211331683,2413380,178
4.211331683,2414646,1266
4.213571829,2414840,194
4.213571829,2416090,1250
4.215811975,2416300,210
4.215811975,2417534,1234
4.218052121,2417760,226
4.218052121,2418978,1218
4.220292267,2419220,242
4.220292267,2420422,1202
4.222619521,2420680,258
4.222619521,2421866,1186
4.224859667,2422140,274
4.224859667,2423310,1170
4.227099813,2423600,290
4.227099813,2424754,1154
4.229340359,2425060,306
4.229340359,2426198,1138
4.231587364,2426520,322
4.231587364,2427642,1122
4.233914618,2427980,338
4.233914618,2429086,1106
4.236154764,2429440,354
4.236154764,2430530,1090
4.238394910,2430900,370
4.238394910,2431974,1074
4.240635056,2432360,386
4.240635056,2433418,1058
4.242875202,2433820,402
4.242875202,2434862,1042
4.245115348,2435280,418
4.245115348,2436306,1026
4.247355494,2436740,434
4.247355494,2437750,1010
4.249595640,2438200,450
4.249595640,2439194,994
4.253873001,2439660,466
4.253873001,2440638,978
4.256301408,2441120,482
4.256301408,2442082,962
4.258672663,2442580,498
4.258672663,2443526,946
4.261043918,2444040,514
4.261043918,2444970,930
4.263415173,2445500,530
4.263415173,2446414,914
4.265878634,2446960,546
4.265878634,2447858,898
4.268249889,2448420,562
4.268249889,2449302,882
4.270621144,2449880,578
4.270621144,2450746,866
4.272992399,2451340,594
4.272992399,2452190,850
4.275364054,2452800,610
4.275364054,2453634,834
4.277742592,2454260,626
4.277742592,2455078,818
4.280113847,2455720,642
4.280113847,2456522,802
4.282544830,2457180,658
4.282544830,2457966,786
4.284948563,2458640,674
4.284948563,2459410,770
4.287319818,2460100,690
4.287319818,2460854,754
4.289750801,2461560,706
4.289750801,2462298,738
4.292062328,2463020,722
4.292062328,2463742,722
4.294493311,2464480,738
4.294493311,2465186,706
4.296897444,2465940,754
4.296897444,2466630,690
4.299275982,2467400,770
4.299275982,2468074,674
4.301706965,2468860,786
4.301706965,2469518,658
4.304018492,2470320,802
4.304018492,2470962,642
4.306449475,2471780,818
4.306449475,2472406,626
4.308853208,2473240,834
4.308853208,2473850,610
4.311224463,2474700,850
4.311224463,2475294,594
4.313655446,2476160,866
4.313655446,2476738,578
4.316089709,2477620,882
4.316089709,2478182,562
4.318397956,2479080,898
4.318397956,2479626,546
4.320709883,2480540,914
4.320709883,2481070,530
4.323211157,2482000,930
4.323211157,2482514,514
4.325519404,2483460,946
4.325519404,2483958,498
4.327923137,2484920,962
4.327923137,2485402,482
4.330417128,2486380,978
4.330417128,2486846,466
4.332725375,2487840,994
4.332725375,2488290,450
4.335159638,2489300,1010
4.335159638,2489734,434
4.337467885,2490760,1026
4.337467885,2491178,418
4.339871618,2492220,1042
4.339871618,2492622,402
4.342373292,2493680,1058
4.342373292,2494066,386
4.344681539,2495140,1074
4.344681539,2495510,370
4.347115802,2496600,1090
4.347115802,2496954,354
4.349424049,2498060,1106
4.349424049,2498398,338
4.351921320,2499520,1122
4.351921320,2499842,322
4.354229567,2500980,1138
4.354229567,2501286,306
4.356515593,2502440,1154
4.356515593,2502730,290
4.359212553,2503900,1170
4.359212553,2504174,274
4.361498579,2505360,1186
4.361498579,2505618,258
4.363784605,2506820,1202
4.363784605,2507062,242
4.366070631,2508280,1218
4.366070631,2508506,226
4.368356657,2509740,1234
4.368356657,2509950,210
4.371046007,2511200,1250
4.371046007,2511394,194
4.373332033,2512660,1266
4.373332033,2512838,178
4.375618059,2514120,1282
4.375618059,2514282,162
4.377904085,2515580,1298
4.377904085,2515726,146
4.380190111,2517040,1314
4.380190111,2517170,130
4.382762269,2518500,1330
4.382762269,2518614,114
4.385048295,2519960,1346
4.385048295,2520058,98
4.387640238,2521420,1362
4.387640238,2521502,82
4.389926264,2522880,1378
4.389926264,2522946,66
4.392212290,2524340,1394
4.392212290,2524390,50
4.394498316,2525800,1410
4.394498316,2525834,34
4.396971545,2527260,1426
4.396971545,2527278,18
4.399389983,2528720,1442
4.399389983,2528722,2
4.401767328,2530174,1452
4.404053354,2530180,6
4.404053354,2531619,1439
4.406339380,2531640,21
4.406339380,2533064,1424
4.408812609,2533100,36
4.408812609,2534509,1409
4.411098635,2534560,51
4.411098635,2535954,1394
4.413475980,2536020,66
4.413475980,2537398,1378
4.415886808,2537480,82
4.415886808,2538842,1362
4.418172834,2538940,98
4.418172834,2540286,1346
4.420458860,2540400,114
4.420458860,2541730,1330
4.422744886,2541860,130
4.422744886,2543174,1314
4.425218115,2543320,146
4.425218115,2544618,1298
4.427504141,2544780,162
4.427504141,2546062,1282
4.429984980,2546240,178
4.429984980,2547506,1266
4.432362325,2547700,194
4.432362325,2548950,1250
4.434835554,2549160,210
4.434835554,2550394,1234
4.437121580,2550620,226
4.437121580,2551838,1218
4.439407606,2552080,242
4.439407606,2553282,1202
4.441818434,2553540,258
4.441818434,2554726,1186
4.444104460,2555000,274
4.444104460,2556170,1170
4.446676618,2556460,290
4.446676618,2557614,1154
4.448962644,2557920,306
4.448962644,2559058,1138
4.451248670,2559380,322
4.451248670,2560502,1122
4.453659498,2560840,338
4.453659498,2561946,1106
4.454666960,2562300,354
4.454666960,2563390,1090
4.456674422,2563760,370
4.456674422,2564834,1074
4.458846275,2565220,386
4.458846275,2566278,1058
4.461098319,2566680,402
4.461098319,2567722,1042
4.463105781,2568140,418
4.463105781,2569166,1026
4.465113243,2569600,434
4.465113243,2570610,1010
4.467120705,2571060,450
4.467120705,2572054,994
4.469128167,2572520,466
4.469128167,2573498,978
4.471135629,2573980,482
4.471135629,2574942,962
4.473503950,2575440,498
4.473503950,2576386,946
4.475511412,2576900,514
4.475511412,2577830,930
4.477518874,2578360,530
4.477518874,2579274,914
4.479526336,2579820,546
4.479526336,2580718,898
4.481533798,2581280,562
4.481533798,2582162,882
4.483895436,2582740,578
4.483895436,2583606,866
4.485902898,2584200,594
4.485902898,2585050,850
4.487910360,2585660,610
4.487910360,2586494,834
4.489917822,2587120,626
4.489917822,2587938,818
4.491925284,2588580,642
4.491925284,2589382,802
4.493936426,2590040,658
4.493936426,2590826,786
4.496004968,2591500,674
4.496004968,2592270,770
4.498118744,2592960,690
4.498118744,2593714,754
4.500315991,2594420,706
4.500315991,2595158,738
4.502323453,2595880,722
4.502323453,2596602,722
4.504334195,2597340,738
4.504334195,2598046,706
4.506396454,2598800,754
4.506396454,2599490,690
4.508510230,2600260,770
4.508510230,2600934,674
4.510714160,2601720,786
4.510714160,2602378,658
4.512721622,2603180,802
4.512721622,2603822,642
4.514732364,2604640,818
4.514732364,2605266,626
4.516900937,2606100,834
4.516900937,2606710,610
4.518908399,2607560,850
4.518908399,2608154,594
4.521025455,2609020,866
4.521025455,2609598,578
4.523032917,2610480,882
4.523032917,2611042,562
4.525123850,2611940,898
4.525123850,2612486,546
4.527292423,2613400,914
4.527292423,2613930,530
4.529299885,2614860,930
4.529299885,2615374,514
4.531310627,2616320,946
4.531310627,2616818,498
4.533373286,2617780,962
4.533373286,2618262,482
4.535493345,2619240,978
4.535493345,2619706,466
4.537584278,2620700,994
4.537584278,2621150,450
4.539698054,2622160,1010
4.539698054,2622594,434
4.541708796,2623620,1026
4.541708796,2624038,418
4.543877369,2625080,1042
4.543877369,2625482,402
4.545884831,2626540,1058
4.545884831,2626926,386
4.547895573,2628000,1074
4.547895573,2628370,370
4.550009349,2629460,1090
4.550009349,2629814,354
4.554049290,2630920,1106
4.554049290,2631258,338
4.556533812,2632380,1122
4.556533812,2632702,322
4.558779266,2633840,1138
4.558779266,2634146,306
4.561028000,2635300,1154
4.561028000,2635590,290
4.563334748,2636760,1170
4.563334748,2637034,274
4.565641496,2638220,1186
4.565641496,2638478,258
4.568037942,2639680,1202
4.568037942,2639922,242
4.570402704,2641140,1218
4.570402704,2641366,226
4.572651438,2642600,1234
4.572651438,2642810,210
4.574958186,2644060,1250
4.574958186,2644254,194
4.577265334,2645520,1266
4.577265334,2645698,178
4.579668854,2646980,1282
4.579668854,2647142,162
4.582033616,2648440,1298
4.582033616,2648586,146
4.584282350,2649900,1314
4.584282350,2650030,130
4.586589098,2651360,1330
4.586589098,2651474,114
4.588895846,2652820,1346
4.588895846,2652918,98
4.591202594,2654280,1362
4.591202594,2654362,82
4.593509342,2655740,1378
4.593509342,2655806,66
4.595905708,2657200,1394
4.595905708,2657250,50
4.598211361,2658660,1410
4.598211361,2658694,34
4.600580287,2660120,1426
4.600580287,2660138,18
4.602828941,2661580,1442
4.602828941,2661582,2
4.605134274,2663034,1452
4.607441022,2663040,6
4.607441022,2664479,1439
4.609837468,2664500,21
4.609837468,2665924,1424
4.612144216,2665960,36
4.612144216,2667369,1409
4.614450964,2667420,51
4.614450964,2668814,1394
4.616757712,2668880,66
4.616757712,2670258,1378
4.619064460,2670340,82
4.619064460,2671702,1362
4.621371608,2671800,98
4.621371608,2673146,1346
4.623685430,2673260,114
4.623685430,2674590,1330
4.626081876,2674720,130
4.626081876,2676034,1314
4.628388624,2676180,146
4.628388624,2677478,1298
4.630695372,2677640,162
4.630695372,2678922,1282
4.633002120,2679100,178
4.633002120,2680366,1266
4.635308868,2680560,194
4.635308868,2681810,1250
4.637615616,2682020,210
4.637615616,2683254,1234
4.640012062,2683480,226
4.640012062,2684698,1218
4.642319210,2684940,242
4.642319210,2686142,1202
4.644633032,2686400,258
4.644633032,2687586,1186
4.646939780,2687860,274
4.646939780,2689030,1170
4.649246528,2689320,290
4.649246528,2690474,1154
4.651553276,2690780,306
4.651553276,2691918,1138
4.654795230,2692240,322
4.654795230,2693362,1122
4.657024702,2693700,338
4.657024702,2694806,1106
4.659108357,2695160,354
4.659108357,2696250,1090
4.661192012,2696620,370
4.661192012,2697694,1074
4.663275667,2698080,386
4.663275667,2699138,1058
4.665359722,2699540,402
4.665359722,2700582,1042
4.667449729,2701000,418
4.667449729,2702026,1026
4.669614407,2702460,434
4.669614407,2703470,1010
4.671698062,2703920,450
4.671698062,2704914,994
4.673781717,2705380,466
4.673781717,2706358,978
4.675865372,2706840,482
4.675865372,2707802,962
4.677949027,2708300,498
4.677949027,2709246,946
4.680113705,2709760,514
4.680113705,2710690,930
4.682197360,2711220,530
4.682197360,2712134,914
4.684281415,2712680,546
4.684281415,2713578,898
4.686371422,2714140,562
4.686371422,2715022,882
4.688455077,2715600,578
4.688455077,2716466,866
4.690538732,2717060,594
4.690538732,2717910,850
4.692622387,2718520,610
4.692622387,2719354,834
4.694787065,2719980,626
4.694787065,2720798,818
4.696870720,2721440,642
4.696870720,2722242,802
4.698954375,2722900,658
4.698954375,2723686,786
4.701038030,2724360,674
4.701038030,2725130,770
4.703121685,2725820,690
4.703121685,2726574,754
4.705205740,2727280,706
4.705205740,2728018,738
4.707376770,2728740,722
4.707376770,2729462,722
4.709460425,2730200,738
4.709460425,2730906,706
4.711544080,2731660,754
4.711544080,2732350,690
4.713627735,2733120,770
4.713627735,2733794,674
4.715711390,2734580,786
4.715711390,2735238,658
4.717795045,2736040,802
4.717795045,2736682,642
4.719878700,2737500,818
4.719878700,2738126,626
4.722043378,2738960,834
4.722043378,2739570,610
4.724127433,2740420,850
4.724127433,2741014,594
4.726269526,2741880,866
4.726269526,2742458,578
4.728301095,2743340,882
4.728301095,2743902,562
4.730384750,2744800,898
4.730384750,2745346,546
4.732520491,2746260,914
4.732520491,2746790,530
4.734633083,2747720,930
4.734633083,2748234,514
4.736768824,2749180,946
4.736768824,2749678,498
4.738800393,2750640,962
4.738800393,2751122,482
4.740936134,2752100,978
4.740936134,2752566,466
4.743019789,2753560,994
4.743019789,2754010,450
4.745246585,2755020,1010
4.745246585,2755454,434
4.747274874,2756480,1026
4.747274874,2756898,418
4.749306443,2757940,1042
4.749306443,2758342,402
4.751497550,2759400,1058
4.751497550,2759786,386
4.753525839,2760860,1074
4.753525839,2761230,370
4.755554128,2762320,1090
4.755554128,2764118,1798
4.756392235,2765240,1122
4.756392235,2765562,322
4.758812248,2766700,1138
4.758812248,2767006,306
4.761267475,2768160,1154
4.761267475,2768450,290
4.763594656,2769620,1170
4.763594656,2769894,274
4.765981992,2771080,1186
4.765981992,2771338,258
4.768429483,2772540,1202
4.768429483,2772782,242
4.770849496,2774000,1218
4.770849496,2774226,226
4.773296987,2775460,1234
4.773296987,2775670,210
4.775624168,2776920,1250
4.775624168,2777114,194
4.778011504,2778380,1266
4.778011504,2778558,178
4.780398840,2779840,1282
4.780398840,2780002,162
4.782786176,2781300,1298
4.782786176,2781446,146
4.785173912,2782760,1314
4.785173912,2782890,130
4.787661416,2784220,1330
4.787661416,2784334,114
4.790048752,2785680,1346
4.790048752,2785778,98
4.792436088,2787140,1362
4.792436088,2787222,82
4.794883579,2788600,1378
4.794883579,2788666,66
4.797210680,2790060,1394
4.797210680,2790110,50
4.799596469,2791520,1410
4.799596469,2791554,34
4.801982258,2792980,1426
4.801982258,2792998,18
4.804460879,2794440,1442
4.804460879,2794442,2
4.806847148,2795894,1452
4.809241820,2795900,6
4.809241820,2797339,1439
4.811629156,2797360,21
4.811629156,2798784,1424
4.814016492,2798820,36
4.814016492,2800229,1409
4.816403828,2800280,51
4.816403828,2801674,1394
4.818791164,2801740,66
4.818791164,2803118,1378
4.821271332,2803200,82
4.821271332,2804562,1362
4.823658668,2804660,98
4.823658668,2806006,1346
4.826046004,2806120,114
4.826046004,2807450,1330
4.828433340,2807580,130
4.828433340,2808894,1314
4.830821076,2809040,146
4.830821076,2810338,1298
4.833215748,2810500,162
4.833215748,2811782,1282
4.835695916,2811960,178
4.835695916,2813226,1266
4.838083252,2813420,194
4.838083252,2814670,1250
4.840470588,2814880,210
4.840470588,2816114,1234
4.842857924,2816340,226
4.842857924,2817558,1218
4.845245260,2817800,242
4.845245260,2819002,1202
4.847725428,2819260,258
4.847725428,2820446,1186
4.850112764,2820720,274
4.850112764,2821890,1170
4.855331857,2822180,290
4.855331857,2823334,1154
4.857552721,2823640,306
4.857552721,2824778,1138
4.859766810,2825100,322
4.859766810,2826222,1122
4.861980899,2826560,338
4.861980899,2827666,1106
4.864194988,2828020,354
4.864194988,2829110,1090
4.866409077,2829480,370
4.866409077,2830554,1074
4.868709261,2830940,386
4.868709261,2831998,1058
4.870923350,2832400,402
4.870923350,2833442,1042
4.873137439,2833860,418
4.873137439,2834886,1026
4.875351528,2835320,434
4.875351528,2836330,1010
4.877566017,2836780,450
4.877566017,2837774,994
4.879872976,2838240,466
4.879872976,2839218,978
4.882087065,2839700,482
4.882087065,2840662,962
4.884301154,2841160,498
4.884301154,2842106,946
4.886515243,2842620,514
4.886515243,2843550,930
4.888729332,2844080,530
4.888729332,2844994,914
4.890943421,2845540,546
4.890943421,2846438,898
4.893157510,2847000,562
4.893157510,2847882,882
4.895457694,2848460,578
4.895457694,2849326,866
4.897672183,2849920,594
4.897672183,2850770,850
4.899893047,2851380,610
4.899893047,2852214,834
4.902107136,2852840,626
4.902107136,2853658,818
4.904321225,2854300,642
4.904321225,2855102,802
4.906535314,2855760,658
4.906535314,2856546,786
4.908835498,2857220,674
4.908835498,2857990,770
4.911049587,2858680,690
4.911049587,2859434,754
4.913263676,2860140,706
4.913263676,2860878,738
4.915592147,2861600,722
4.915592147,2862322,722
4.917747405,2863060,738
4.917747405,2863766,706
4.920027500,2864520,754
4.920027500,2865210,690
4.922182758,2865980,770
4.922182758,2866654,674
4.924427391,2867440,786
4.924427391,2868098,658
4.926755862,2868900,802
4.926755862,2869542,642
4.928911120,2870360,818
4.928911120,2870986,626
4.931242871,2871820,834
4.931242871,2872430,610
4.933522966,2873280,850
4.933522966,2873874,594
4.935678224,2874740,866
4.935678224,2875318,578
4.938096070,2876200,882
4.938096070,2876762,562
4.940368990,2877660,898
4.940368990,2878206,546
4.942524248,2879120,914
4.942524248,2879650,530
4.944679506,2880580,930
4.944679506,2881094,514
4.946834764,2882040,946
4.946834764,2882538,498
4.949252610,2883500,962
4.949252610,2883982,482
4.951532705,2884960,978
4.951532705,2885426,466
4.953687963,2886420,994
4.953687963,2886870,450
4.957199361,2887880,1010
4.957199361,2888314,434
4.959710759,2889340,1026
4.959710759,2889758,418
4.962158793,2890800,1042
4.962158793,2891202,402
4.964480099,2892260,1058
4.964480099,2892646,386
4.966894133,2893720,1074
4.966894133,2894090,370
4.969215439,2895180,1090
4.969215439,2895534,354
4.971734564,2896640,1106
4.971734564,2896978,338
4.974182598,2898100,1122
4.974182598,2898422,322
4.976503904,2899560,1138
4.976503904,2899866,306
4.978825210,2901020,1154
4.978825210,2901310,290
4.981239244,2902480,1170
4.981239244,2902754,274
4.983750642,2903940,1186
4.983750642,2904198,258
4.986071948,2905400,1202
4.986071948,2905642,242
4.988393254,2906860,1218
4.988393254,2907086,226
4.990912379,2908320,1234
4.990912379,2908530,210
4.993233685,2909780,1250
4.993233685,2909974,194
4.995554991,2911240,1266
4.995554991,2911418,178
4.998094208,2912700,1282
4.998094208,2912862,162
5.000415514,2914160,1298
5.000415514,2914306,146
5.002736820,2915620,1314
5.002736820,2915750,130
5.005058126,2917080,1330
5.005058126,2917194,114
5.007564889,2918540,1346
5.007564889,2918638,98
5.009886195,2920000,1362
5.009886195,2920082,82
5.012300229,2921460,1378
5.012300229,2921526,66
5.014748263,2922920,1394
5.014748263,2922970,50
5.017069569,2924380,1410
5.017069569,2924414,34
5.019390875,2925840,1426
5.019390875,2925858,18
5.021712181,2927300,1442
5.021712181,2927302,2
5.024033487,2928754,1452
5.026354793,2928760,6
5.026354793,2930199,1439
5.028966646,2930220,21
5.028966646,2931644,1424
5.031287952,2931680,36
5.031287952,2933089,1409
5.033609258,2933140,51
5.033609258,2934534,1394
5.036120656,2934600,66
5.036120656,2935978,1378
5.038441962,2936060,82
5.038441962,2937422,1362
5.040889996,2937520,98
5.040889996,2938866,1346
5.043304030,2938980,114
5.043304030,2940310,1330
5.045625336,2940440,130
5.045625336,2941754,1314
5.047949922,2941900,146
5.047949922,2943198,1298
5.050458040,2943360,162
5.050458040,2944642,1282
5.052779346,2944820,178
5.052779346,2946086,1266
5.055100652,2946280,194
5.055100652,2948974,2694
5.056891448,2949200,226
5.056891448,2950418,1218
5.059235827,2950660,242
5.059235827,2951862,1202
5.061580206,2952120,258
5.061580206,2953306,1186
5.063924585,2953580,274
5.063924585,2954750,1170
5.066268964,2955040,290
5.066268964,2956194,1154
5.068704504,2956500,306
5.068704504,2957638,1138
5.071048883,2957960,322
5.071048883,2959082,1122
5.073393662,2959420,338
5.073393662,2960526,1106
5.075745238,2960880,354
5.075745238,2961970,1090
5.078089617,2962340,370
5.078089617,2963414,1074
5.080433996,2963800,386
5.080433996,2964858,1058
5.082869536,2965260,402
5.082869536,2966302,1042
5.085213915,2966720,418
5.085213915,2967746,1026
5.087558294,2968180,434
5.087558294,2969190,1010
5.089902673,2969640,450
5.089902673,2970634,994
5.092247052,2971100,466
5.092247052,2972078,978
5.094591431,2972560,482
5.094591431,2973522,962
5.096936210,2974020,498
5.096936210,2974966,946
5.099378947,2975480,514
5.099378947,2976410,930
5.101723326,2976940,530
5.101723326,2977854,914
5.104067705,2978400,546
5.104067705,2979298,898
5.106412084,2979860,562
5.106412084,2980742,882
5.108756463,2981320,578
5.108756463,2982186,866
5.111100842,2982780,594
5.111100842,2983630,850
5.113536382,2984240,610
5.113536382,2985074,834
5.115880761,2985700,626
5.115880761,2986518,818
5.118225540,2987160,642
5.118225540,2987962,802
5.120577116,2988620,658
5.120577116,2989406,786
5.122921495,2990080,674
5.122921495,2990850,770
5.125265874,2991540,690
5.125265874,2992294,754
5.127610253,2993000,706
5.127610253,2993738,738
5.130045793,2994460,722
5.130045793,2995182,722
5.132390172,2995920,738
5.132390172,2996626,706
5.134793564,2997380,754
5.134793564,2998070,690
5.137078930,2998840,770
5.137078930,2999514,674
5.139423309,3000300,786
5.139423309,3000958,658
5.141958884,3001760,802
5.141958884,3002402,642
5.144332131,3003220,818
5.144332131,3003846,626
5.146614217,3004680,834
5.146614217,3005290,610
5.148899583,3006140,850
5.148899583,3006734,594
5.151365268,3007600,866
5.151365268,3008178,578
5.153770558,3009060,882
5.153770558,3009622,562
5.156142441,3010520,898
5.156142441,3011066,546
5.158423215,3011980,914
5.158423215,3012510,530
5.161022871,3013440,930
5.161022871,3013954,514
5.163303645,3014900,946
5.163303645,3015398,498
5.165584419,3016360,962
5.165584419,3016842,482
5.168051967,3017820,978
5.168051967,3018286,466
5.170332741,3019280,994
5.170332741,3019730,450
5.172704624,3020740,1010
5.172704624,3021174,434
5.174985398,3022200,1026
5.174985398,3022618,418
5.177266172,3023660,1042
5.177266172,3024062,402
5.179733720,3025120,1058
5.179733720,3025506,386
5.182139010,3026580,1074
5.182139010,3026950,370
5.184419784,3028040,1090
5.184419784,3028394,354
5.186799259,3029500,1106
5.186799259,3029838,338
5.189266807,3030960,1122
5.189266807,3031282,322
5.191547581,3032420,1138
5.191547581,3032726,306
5.193952871,3033880,1154
5.193952871,3034170,290
5.196233645,3035340,1170
5.196233645,3035614,274
5.198514419,3036800,1186
5.198514419,3037058,258
5.200795193,3038260,1202
5.200795193,3038502,242
5.203361442,3039720,1218
5.203361442,3039946,226
5.205642216,3041180,1234
5.205642216,3041390,210
5.207922990,3042640,1250
5.207922990,3042834,194
5.210390538,3044100,1266
5.210390538,3044278,178
5.212795828,3045560,1282
5.212795828,3045722,162
5.215076602,3047020,1298
5.215076602,3047166,146
5.217635259,3048480,1314
5.217635259,3048610,130
5.220045104,3049940,1330
5.220045104,3050054,114
5.222325878,3051400,1346
5.222325878,3051498,98
5.224606652,3052860,1362
5.224606652,3052942,82
5.226887426,3054320,1378
5.226887426,3054386,66
5.229351936,3055780,1394
5.229351936,3055830,50
5.231632710,3057240,1410
5.231632710,3057274,34
5.234191367,3058700,1426
5.234191367,3058718,18
5.236472141,3060160,1442
5.236472141,3060162,2
5.238877431,3061614,1452
5.241158205,3061620,6
5.241158205,3063059,1439
5.243438979,3063080,21
5.243438979,3064504,1424
5.245719753,3064540,36
5.245719753,3065949,1409
5.248286002,3066000,51
5.248286002,3067394,1394
5.250566776,3067460,66
5.250566776,3068838,1378
5.252847550,3068920,82
5.252847550,3070282,1362
5.257231126,3070380,98
5.257231126,3071726,1346
5.259491310,3071840,114
5.259491310,3073170,1330
5.261841780,3073300,130
5.261841780,3074614,1314
5.264287052,3074760,146
5.264287052,3076058,1298
5.266547236,3076220,162
5.266547236,3077502,1282
5.268807420,3077680,178
5.268807420,3078946,1266
5.271260216,3079140,194
5.271260216,3080390,1250
5.273520400,3080600,210
5.273520400,3081834,1234
5.275780584,3082060,226
5.275780584,3083278,1218
5.278164160,3083520,242
5.278164160,3084722,1202
5.280514630,3084980,258
5.280514630,3086166,1186
5.282774814,3086440,274
5.282774814,3087610,1170
5.285343478,3087900,290
5.285343478,3089054,1154
5.287603662,3089360,306
5.287603662,3090498,1138
5.289863846,3090820,322
5.289863846,3091942,1122
5.292406928,3092280,338
5.292406928,3093386,1106
5.294790504,3093740,354
5.294790504,3094830,1090
5.297050688,3095200,370
5.297050688,3096274,1074
5.299310872,3096660,386
5.299310872,3097718,1058
5.301571056,3098120,402
5.301571056,3099162,1042
5.303831240,3099580,418
5.303831240,3100606,1026
5.306276512,3101040,434
5.306276512,3102050,1010
5.308812070,3102500,450
5.308812070,3103494,994
5.311072254,3103960,466
5.311072254,3104938,978
5.313332438,3105420,482
5.313332438,3106382,962
5.315716014,3106880,498
5.315716014,3107826,946
5.317976198,3108340,514
5.317976198,3109270,930
5.320236382,3109800,530
5.320236382,3110714,914
5.322779464,3111260,546
5.322779464,3112158,898
5.325163040,3112720,562
5.325163040,3113602,882
5.327423224,3114180,578
5.327423224,3115046,866
5.329683408,3115640,594
5.329683408,3116490,850
5.331943592,3117100,610
5.331943592,3117934,834
5.334203776,3118560,626
5.334203776,3119378,818
5.336463960,3120020,642
5.336463960,3120822,802
5.339007042,3121480,658
5.339007042,3122266,786
5.341267226,3122940,674
5.341267226,3123710,770
5.343527410,3124400,690
5.343527410,3125154,754
5.345972682,3125860,706
5.345972682,3126598,738
5.348232866,3127320,722
5.348232866,3128042,722
5.350493050,3128780,738
5.350493050,3129486,706
5.352966912,3130240,754
5.352966912,3130930,690
5.355227096,3131700,770
5.355227096,3132374,674
5.355829371,3133160,786
5.355829371,3133818,658
5.358112445,3134620,802
5.358112445,3135262,642
5.360395519,3136080,818
5.360395519,3136706,626
5.362956754,3137540,834
5.362956754,3138150,610
5.365364468,3139000,850
5.365364468,3139594,594
5.367647542,3140460,866
5.367647542,3141038,578
5.369930616,3141920,882
5.369930616,3142482,562
5.372213690,3143380,898
5.372213690,3143926,546
5.374496764,3144840,914
5.374496764,3145370,530
5.376966798,3146300,930
5.376966798,3146814,514
5.379341073,3147760,946
5.379341073,3148258,498
5.381818708,3149220,962
5.381818708,3149702,482
5.384288742,3150680,978
5.384288742,3151146,466
5.386571816,3152140,994
5.386571816,3152590,450
5.388854890,3153600,1010
5.388854890,3154034,434
5.391137964,3155060,1026
5.391137964,3155478,418
5.393512239,3156520,1042
5.393512239,3156922,402
5.396114514,3157980,1058
5.396114514,3158366,386
5.398397588,3159440,1074
5.398397588,3159810,370
5.400680662,3160900,1090
5.400680662,3161254,354
5.402963736,3162360,1106
5.402963736,3162698,338
5.405246810,3163820,1122
5.405246810,3164142,322
5.407529884,3165280,1138
5.407529884,3165586,306
5.410186878,3166740,1154
5.410186878,3167030,290
5.412561153,3168200,1170
5.412561153,3168474,274
5.414844227,3169660,1186
5.414844227,3169918,258
5.417127301,3171120,1202
5.417127301,3171362,242
5.419410375,3172580,1218
5.419410375,3172806,226
5.421693449,3174040,1234
5.421693449,3174250,210
5.424101163,3175500,1250
5.424101163,3175694,194
5.426475438,3176960,1266
5.426475438,3177138,178
5.428953073,3178420,1282
5.428953073,3178582,162
5.431236147,3179880,1298
5.431236147,3180026,146
5.433519221,3181340,1314
5.433519221,3181470,130
5.435926935,3182800,1330
5.435926935,3182914,114
5.438210009,3184260,1346
5.438210009,3184358,98
5.440493083,3185720,1362
5.440493083,3185802,82
5.443242799,3187180,1378
5.443242799,3187246,66
5.445525873,3188640,1394
5.445525873,3188690,50
5.447933587,3190100,1410
5.447933587,3190134,34
5.450216661,3191560,1426
5.450216661,3191578,18
5.452499735,3193020,1442
5.452499735,3193022,2
5.454881578,3194474,1452
5.457553618,3194480,6
5.457553618,3195919,1439
5.460065495,3195940,21
5.460065495,3197364,1424
5.462447338,3197400,36
5.462447338,3198809,1409
5.464829181,3198860,51
5.464829181,3200254,1394
5.467211024,3200320,66
5.467211024,3201698,1378
5.469688013,3201780,82
5.469688013,3203142,1362
5.472272835,3203240,98
5.472272835,3204586,1346
5.474654678,3204700,114
5.474654678,3206030,1330
5.477036521,3206160,130
5.477036521,3207474,1314
5.479418364,3207620,146
5.479418364,3208918,1298
5.481803487,3209080,162
5.481803487,3210362,1282
5.484312084,3210540,178
5.484312084,3211806,1266
5.486984124,3212000,194
5.486984124,3213250,1250
5.489365967,3213460,210
5.489365967,3214694,1234
5.491747810,3214920,226
5.491747810,3216138,1218
5.494132933,3216380,242
5.494132933,3217582,1202
5.496706547,3217840,258
5.496706547,3219026,1186
5.499088390,3219300,274
5.499088390,3220470,1170
5.501576588,3220760,290
5.501576588,3221914,1154
5.504085185,3222220,306
5.504085185,3223358,1138
5.506470308,3223680,322
5.506470308,3224802,1122
5.509043922,3225140,338
5.509043922,3226246,1106
5.511425765,3226600,354
5.511425765,3227690,1090
5.513810888,3228060,370
5.513810888,3229134,1074
5.516257748,3229520,386
5.516257748,3230578,1058
5.518799754,3230980,402
5.518799754,3232022,1042
5.521576347,3232440,418
5.521576347,3233466,1026
5.523958190,3233900,434
5.523958190,3234910,1010
5.526340033,3235360,450
5.526340033,3236354,994
5.528721876,3236820,466
5.528721876,3237798,978
5.531103719,3238280,482
5.531103719,3239242,962
5.533905793,3239740,498
5.533905793,3240686,946
5.536425598,3241200,514
5.536425598,3242130,930
5.538807441,3242660,530
5.538807441,3243574,914
5.541189284,3244120,546
5.541189284,3245018,898
5.543571127,3245580,562
5.543571127,3246462,882
5.545952970,3247040,578
5.545952970,3247906,866
5.548529864,3248500,594
5.548529864,3249350,850
5.551201904,3249960,610
5.551201904,3250794,834
5.552235086,3251420,626
5.552235086,3252238,818
5.554268268,3252880,642
5.554268268,3253682,802
5.556301450,3254340,658
5.556301450,3255126,786
5.558334632,3255800,674
5.558334632,3256570,770
5.560367814,3257260,690
5.560367814,3258014,754
5.562593213,3258720,706
5.562593213,3259458,738
5.564626395,3260180,722
5.564626395,3260902,722
5.566943840,3261640,738
5.566943840,3262346,706
5.568977022,3263100,754
5.568977022,3263790,690
5.571010204,3264560,770
5.571010204,3265234,674
5.573124605,3266020,786
5.573124605,3266678,658
5.575435282,3267480,802
5.575435282,3268122,642
5.577468464,3268940,818
5.577468464,3269566,626
5.579501646,3270400,834
5.579501646,3271010,610
5.581534828,3271860,850
5.581534828,3272454,594
5.584012002,3273320,866
5.584012002,3273898,578
5.586045184,3274780,882
5.586045184,3275342,562
5.588166353,3276240,898
5.588166353,3276786,546
5.590199535,3277700,914
5.590199535,3278230,530
5.592516980,3279160,930
5.592516980,3279674,514
5.594550162,3280620,946
5.594550162,3281118,498
5.596583344,3282080,962
5.596583344,3282562,482
5.598616526,3283540,978
5.598616526,3284006,466
5.600897424,3285000,994
5.600897424,3285450,450
5.602930606,3286460,1010
5.602930606,3286894,434
5.604963788,3287920,1026
5.604963788,3288338,418
5.606996970,3289380,1042
5.606996970,3289782,402
5.609307647,3290840,1058
5.609307647,3291226,386
5.611340829,3292300,1074
5.611340829,3292670,370
5.613374011,3293760,1090
5.613374011,3294114,354
5.615488412,3295220,1106
5.615488412,3295558,338
5.617521594,3296680,1122
5.617521594,3297002,322
5.619554776,3298140,1138
5.619554776,3298446,306
5.621587958,3299600,1154
5.621587958,3299890,290
5.623621140,3301060,1170
5.623621140,3301334,274
5.625987316,3302520,1186
5.625987316,3302778,258
5.628108485,3303980,1202
5.628108485,3304222,242
5.630197166,3305440,1218
5.630197166,3305666,226
5.632292615,3306900,1234
5.632292615,3307110,210
5.634325797,3308360,1250
5.634325797,3308554,194
5.636358979,3309820,1266
5.636358979,3309998,178
5.638746816,3311280,1282
5.638746816,3311442,162
5.640779998,3312740,1298
5.640779998,3312886,146
5.642813180,3314200,1314
5.642813180,3314330,130
5.644846362,3315660,1330
5.644846362,3315774,114
5.646879544,3317120,1346
5.646879544,3317218,98
5.648912726,3318580,1362
5.648912726,3318662,82
5.651111052,3320040,1378
5.651111052,3320106,66
5.653542784,3321500,1394
5.653542784,3321550,50
5.655995402,3322960,1410
5.655995402,3322994,34
5.658236177,3324420,1426
5.658236177,3324438,18
5.660476952,3325880,1442
5.660476952,3325882,2
5.662717727,3327334,1452
5.664958502,3327340,6
5.664958502,3328779,1439
5.892409738,3328800,21
5.892409738,3470306,141506
5.894941328,3470420,114
5.894941328,3471750,1330
5.897036889,3471880,130
5.897036889,3473194,1314
5.899138440,3473340,146
5.899138440,3474638,1298
5.901233601,3474800,162
5.901233601,3476082,1282
5.903410232,3476260,178
5.903410232,3477526,1266
5.905505393,3477720,194
5.905505393,3478970,1250
5.912066565,3479180,210
5.912066565,3480414,1234
5.914161726,3480640,226
5.914161726,3481858,1218
5.916256887,3482100,242
5.916256887,3483302,1202
5.918352048,3483560,258
5.918352048,3484746,1186
5.920447209,3485020,274
5.920447209,3486190,1170
5.923882643,3486480,290
5.923882643,3487634,1154
5.925977804,3487940,306
5.925977804,3489078,1138
5.928072965,3489400,322
5.928072965,3490522,1122
5.930817426,3490860,338
5.930817426,3491966,1106
5.932912587,3492320,354
5.932912587,3493410,1090
5.935007748,3493780,370
5.935007748,3494854,1074
5.937102909,3495240,386
5.937102909,3496298,1058
5.939198070,3496700,402
5.939198070,3497742,1042
5.942452716,3498160,418
5.942452716,3499186,1026
5.944548277,3499620,434
5.944548277,3500630,1010
5.946649828,3501080,450
5.946649828,3502074,994
5.948744989,3502540,466
5.948744989,3503518,978
5.950840150,3504000,482
5.950840150,3504962,962
5.954095489,3505460,498
5.954095489,3507850,2390
5.955914111,3508380,530
5.955914111,3509294,914
5.958463080,3509840,546
5.958463080,3510738,898
5.960876621,3511300,562
5.960876621,3512182,882
5.963290162,3512760,578
5.963290162,3513626,866
5.966710688,3514220,594
5.966710688,3515070,850
5.969131650,3515680,610
5.969131650,3516514,834
5.973181067,3517140,626
5.973181067,3517958,818
5.975594608,3518600,642
5.975594608,3519402,802
5.978008149,3520060,658
5.978008149,3520846,786
5.980515541,3521520,674
5.980515541,3522290,770
5.982929082,3522980,690
5.982929082,3523734,754
5.985342623,3524440,706
5.985342623,3525178,738
5.987756164,3525900,722
5.987756164,3526622,722
5.990169705,3527360,738
5.990169705,3528066,706
5.992583646,3528820,754
5.992583646,3529510,690
5.995004608,3530280,770
5.995004608,3530954,674
5.997418149,3531740,786
5.997418149,3532398,658
5.999925541,3533200,802
5.999925541,3533842,642
6.002339082,3534660,818
6.002339082,3535286,626
6.004752623,3536120,834
6.004752623,3536730,610
6.007166164,3537580,850
6.007166164,3538174,594
6.009579705,3539040,866
6.009579705,3539618,578
6.012087097,3540500,882
6.012087097,3541062,562
6.014501038,3541960,898
6.014501038,3542506,546
6.016922000,3543420,914
6.016922000,3543950,530
6.019429392,3544880,930
6.019429392,3545394,514
6.021842933,3546340,946
6.021842933,3546838,498
6.024256474,3547800,962
6.024256474,3548282,482
6.026670015,3549260,978
6.026670015,3549726,466
6.029083556,3550720,994
6.029083556,3551170,450
6.031590948,3552180,1010
6.031590948,3552614,434
6.034004489,3553640,1026
6.034004489,3554058,418
6.036418430,3555100,1042
6.036418430,3555502,402
6.038839392,3556560,1058
6.038839392,3556946,386
6.041252933,3558020,1074
6.041252933,3558390,370
6.043666474,3559480,1090
6.043666474,3559834,354
6.046080015,3560940,1106
6.046080015,3561278,338
6.048493556,3562400,1122
6.048493556,3562722,322
6.051000948,3563860,1138
6.051000948,3564166,306
6.053414489,3565320,1154
6.053414489,3565610,290
6.055624541,3566780,1170
6.055624541,3567054,274
6.057834593,3568240,1186
6.057834593,3568498,258
6.060045045,3569700,1202
6.060045045,3569942,242
6.062347797,3571160,1218
6.062347797,3571386,226
6.064557849,3572620,1234
6.064557849,3572830,210
6.066767901,3574080,1250
6.066767901,3574274,194
6.068977953,3575540,1266
6.068977953,3575718,178
6.071188005,3577000,1282
6.071188005,3577162,162
6.073398057,3578460,1298
6.073398057,3578606,146
6.075608109,3579920,1314
6.075608109,3580050,130
6.077818161,3581380,1330
6.077818161,3581494,114
6.080114551,3582840,1346
6.080114551,3582938,98
6.082331365,3584300,1362
6.082331365,3584382,82
6.084541417,3585760,1378
6.084541417,3585826,66
6.086751389,3587220,1394
6.086751389,3587270,50
6.088960009,3588680,1410
6.088960009,3588714,34
6.091168629,3590140,1426
6.091168629,3590158,18
6.093463187,3591600,1442
6.093463187,3591602,2
6.095671887,3593054,1452
6.097881939,3593060,6
6.097881939,3594499,1439
6.100091991,3594520,21
6.100091991,3595944,1424
6.102302443,3595980,36
6.102302443,3597389,1409
6.104605195,3597440,51
6.104605195,3598834,1394
6.106815247,3598900,66
6.106815247,3600278,1378
6.109025299,3600360,82
6.109025299,3601722,1362
6.111235351,3601820,98
6.111235351,3603166,1346
6.113445403,3603280,114
6.113445403,3604610,1330
6.115655455,3604740,130
6.115655455,3606054,1314
6.117865507,3606200,146
6.117865507,3607498,1298
6.120075559,3607660,162
6.120075559,3608942,1282
6.122371949,3609120,178
6.122371949,3610386,1266
6.124588763,3610580,194
6.124588763,3611830,1250
6.126798815,3612040,210
6.126798815,3613274,1234
6.129008867,3613500,226
6.129008867,3614718,1218
6.131304857,3614960,242
6.131304857,3616162,1202
6.133514909,3616420,258
6.133514909,3617606,1186
6.135724961,3617880,274
6.135724961,3619050,1170
6.137935013,3619340,290
6.137935013,3620494,1154
6.140145065,3620800,306
6.140145065,3621938,1138
6.143448775,3622260,322
6.143448775,3623382,1122
6.145659227,3623720,338
6.145659227,3624826,1106
6.147876041,3625180,354
6.147876041,3626270,1090
6.150697057,3626640,370
6.150697057,3627714,1074
6.155848566,3628100,386
6.155848566,3629158,1058
6.158226039,3629560,402
6.158226039,3630602,1042
6.160544969,3631020,418
6.160544969,3632046,1026
6.162863899,3632480,434
6.162863899,3633490,1010
6.165549961,3633940,450
6.165549961,3634934,994
6.167868891,3635400,466
6.167868891,3636378,978
6.170188221,3636860,482
6.170188221,3637822,962
6.172514266,3638320,498
6.172514266,3639266,946
6.174833196,3639780,514
6.174833196,3640710,930
6.177152126,3641240,530
6.177152126,3642154,914
6.179471056,3642700,546
6.179471056,3643598,898
6.181789986,3644160,562
6.181789986,3645042,882
6.184108916,3645620,578
6.184108916,3646486,866
6.186518018,3647080,594
6.186518018,3647930,850
6.188836948,3648540,610
6.188836948,3649374,834
6.191155878,3650000,626
6.191155878,3650818,818
6.193475208,3651460,642
6.193475208,3652262,802
6.195801253,3652920,658
6.195801253,3653706,786
6.198210355,3654380,674
6.198210355,3655150,770
6.200529285,3655840,690
6.200529285,3656594,754
6.202848215,3657300,706
6.202848215,3658038,738
6.205167145,3658760,722
6.205167145,3659482,722
6.207486075,3660220,738
6.207486075,3660926,706
6.209805005,3661680,754
6.209805005,3662370,690
6.212123935,3663140,770
6.212123935,3663814,674
6.214442865,3664600,786
6.214442865,3665258,658
6.216859481,3666060,802
6.216859481,3666702,642
6.219178411,3667520,818
6.219178411,3668146,626
6.221497341,3668980,834
6.221497341,3669590,610
6.223816271,3670440,850
6.223816271,3671034,594
6.226135201,3671900,866
6.226135201,3672478,578
6.228544303,3673360,882
6.228544303,3673922,562
6.230863233,3674820,898
6.230863233,3675366,546
6.233182163,3676280,914
6.233182163,3676810,530
6.235501093,3677740,930
6.235501093,3678254,514
6.237820423,3679200,946
6.237820423,3679698,498
6.240236640,3680660,962
6.240236640,3681142,482
6.242555570,3682120,978
6.242555570,3682586,466
6.244874500,3683580,994
6.244874500,3684030,450
6.247193430,3685040,1010
6.247193430,3685474,434
6.249512360,3686500,1026
6.249512360,3686918,418
6.251831290,3687960,1042
6.251831290,3688362,402
6.254146940,3689420,1058
6.254146940,3691250,1830
6.254835372,3692340,1090
6.254835372,3692694,354
6.257140121,3693800,1106
6.257140121,3694138,338
6.259437824,3695260,1122
6.259437824,3695582,322
6.261735527,3696720,1138
6.261735527,3697026,306
6.264033230,3698180,1154
6.264033230,3698470,290
6.267239674,3699640,1170
6.267239674,3699914,274
6.269537377,3701100,1186
6.269537377,3701358,258
6.271835080,3702560,1202
6.271835080,3702802,242
6.274132783,3704020,1218
6.274132783,3704246,226
6.276430486,3705480,1234
6.276430486,3705690,210
6.279209371,3706940,1250
6.279209371,3707134,194
6.281514120,3708400,1266
6.281514120,3708578,178
6.283811823,3709860,1282
6.283811823,3710022,162
6.286244572,3711320,1298
6.286244572,3711466,146
6.288542275,3712780,1314
6.288542275,3712910,130
6.290839978,3714240,1330
6.290839978,3714354,114
6.293137681,3715700,1346
6.293137681,3715798,98
6.295435384,3717160,1362
6.295435384,3717242,82
6.297850583,3718620,1378
6.297850583,3718686,66
6.300148606,3720080,1394
6.300148606,3720130,50
6.302451866,3721540,1410
6.302451866,3721574,34
6.304748080,3723000,1426
6.304748080,3723018,18
6.307044294,3724460,1442
6.307044294,3724462,2
6.309340588,3725914,1452
6.311638291,3725920,6
6.311638291,3727359,1439
6.313935994,3727380,21
6.313935994,3728804,1424
6.316323043,3728840,36
6.316323043,3730249,1409
6.318620746,3730300,51
6.318620746,3731694,1394
6.320918449,3731760,66
6.320918449,3733138,1378
6.323216552,3733220,82
6.323216552,3734582,1362
6.325521301,3734680,98
6.325521301,3736026,1346
6.327908350,3736140,114
6.327908350,3737470,1330
6.330206053,3737600,130
6.330206053,3738914,1314
6.332503756,3739060,146
6.332503756,3740358,1298
6.334801459,3740520,162
6.334801459,3741802,1282
6.337099162,3741980,178
6.337099162,3743246,1266
6.339486211,3743440,194
6.339486211,3744690,1250
6.341783914,3744900,210
6.341783914,3746134,1234
6.344082017,3746360,226
6.344082017,3747578,1218
6.346386766,3747820,242
6.346386766,3749022,1202
6.348684469,3749280,258
6.348684469,3750466,1186
6.354923246,3750740,274
6.354923246,3751910,1170
6.357286676,3752200,290
6.357286676,3753354,1154
6.359591180,3753660,306
6.359591180,3754798,1138
6.361985295,3755120,322
6.361985295,3756242,1122
6.364289799,3756580,338
6.364289799,3757686,1106
6.366594303,3758040,354
6.366594303,3759130,1090
6.368898807,3759500,370
6.368898807,3760574,1074
6.371203711,3760960,386
6.371203711,3762018,1058
6.373604894,3762420,402
6.373604894,3763462,1042
6.375909398,3763880,418
6.375909398,3764906,1026
6.378213902,3765340,434
6.378213902,3766350,1010
6.380518406,3766800,450
6.380518406,3767794,994
6.382822910,3768260,466
6.382822910,3769238,978
6.385127414,3769720,482
6.385127414,3770682,962
6.387431918,3771180,498
6.387431918,3772126,946
6.389736422,3772640,514
6.389736422,3773570,930
6.392130937,3774100,530
6.392130937,3775014,914
6.394442509,3775560,546
6.394442509,3776458,898
6.396747013,3777020,562
6.396747013,3777902,882
6.399051517,3778480,578
6.399051517,3779346,866
6.401356021,3779940,594
6.401356021,3780790,850
6.403750136,3781400,610
6.403750136,3782234,834
6.406054640,3782860,626
6.406054640,3783678,818
6.408359144,3784320,642
6.408359144,3785122,802
6.410663648,3785780,658
6.410663648,3786566,786
6.412968152,3787240,674
6.412968152,3788010,770
6.415273056,3788700,690
6.415273056,3789454,754
6.417584628,3790160,706
6.417584628,3790898,738
6.419889132,3791620,722
6.419889132,3792342,722
6.422283247,3793080,738
6.422283247,3793786,706
6.424587751,3794540,754
6.424587751,3795230,690
6.426892255,3796000,770
6.426892255,3796674,674
6.429196759,3797460,786
6.429196759,3798118,658
6.431501263,3798920,802
6.431501263,3799562,642
6.433895378,3800380,818
6.433895378,3801006,626
6.436200282,3801840,834
6.436200282,3802450,610
6.438511854,3803300,850
6.438511854,3803894,594
6.440816358,3804760,866
6.440816358,3805338,578
6.443120862,3806220,882
6.443120862,3806782,562
6.445514977,3807680,898
6.445514977,3808226,546
6.447819481,3809140,914
6.447819481,3809670,530
6.450123985,3810600,930
6.450123985,3811114,514
6.452428489,3812060,946
6.452428489,3812558,498
6.454729713,3813520,962
6.454729713,3815446,1926
6.455471857,3816440,994
6.455471857,3816890,450
6.457848366,3817900,1010
6.457848366,3818334,434
6.461687579,3819360,1026
6.461687579,3819778,418
6.464056811,3820820,1042
6.464056811,3821222,402
6.466426043,3822280,1058
6.466426043,3822666,386
6.468795275,3823740,1074
6.468795275,3824110,370
6.471164507,3825200,1090
6.471164507,3825554,354
6.473533739,3826660,1106
6.473533739,3826998,338
6.475995099,3828120,1122
6.475995099,3828442,322
6.478364731,3829580,1138
6.478364731,3829886,306
6.480741240,3831040,1154
6.480741240,3831330,290
6.483110472,3832500,1170
6.483110472,3832774,274
6.485479704,3833960,1186
6.485479704,3834218,258
6.487848936,3835420,1202
6.487848936,3835662,242
6.490218168,3836880,1218
6.490218168,3837106,226
6.492587400,3838340,1234
6.492587400,3838550,210
6.495048760,3839800,1250
6.495048760,3839994,194
6.497417992,3841260,1266
6.497417992,3841438,178
6.499787224,3842720,1282
6.499787224,3842882,162
6.502156856,3844180,1298
6.502156856,3844326,146
6.504533365,3845640,1314
6.504533365,3845770,130
6.506994725,3847100,1330
6.506994725,3847214,114
6.509363957,3848560,1346
6.509363957,3848658,98
6.511733189,3850020,1362
6.511733189,3850102,82
6.514102421,3851480,1378
6.514102421,3851546,66
6.516471573,3852940,1394
6.516471573,3852990,50
6.518839269,3854400,1410
6.518839269,3854434,34
6.521206965,3855860,1426
6.521206965,3855878,18
6.523574661,3857320,1442
6.523574661,3857322,2
6.526042242,3858774,1452
6.528411474,3858780,6
6.528411474,3860219,1439
6.530780706,3860240,21
6.530780706,3861664,1424
6.533149938,3861700,36
6.533149938,3863109,1409
6.535519170,3863160,51
6.535519170,3864554,1394
6.537980530,3864620,66
6.537980530,3865998,1378
6.540349762,3866080,82
6.540349762,3867442,1362
6.542718994,3867540,98
6.542718994,3868886,1346
6.545088226,3869000,114
6.545088226,3870330,1330
6.547457858,3870460,130
6.547457858,3871774,1314
6.549926495,3871920,146
6.549926495,3873218,1298
6.556237888,3873380,162
6.556237888,3874662,1282
6.558641150,3874840,178
6.558641150,3876106,1266
6.560986573,3876300,194
6.560986573,3877550,1250
6.563331996,3877760,210
6.563331996,3878994,1234
6.565677419,3879220,226
6.565677419,3880438,1218
6.568022842,3880680,242
6.568022842,3881882,1202
6.570368265,3882140,258
6.570368265,3883326,1186
6.572805290,3883600,274
6.572805290,3884770,1170
6.575157913,3885060,290
6.575157913,3886214,1154
6.577503336,3886520,306
6.577503336,3887658,1138
6.579848759,3887980,322
6.579848759,3889102,1122
6.582194182,3889440,338
6.582194182,3890546,1106
6.584630807,3890900,354
6.584630807,3891990,1090
6.586976230,3892360,370
6.586976230,3893434,1074
6.589321653,3893820,386
6.589321653,3894878,1058
6.591667076,3895280,402
6.591667076,3896322,1042
6.594012499,3896740,418
6.594012499,3897766,1026
6.596358322,3898200,434
6.596358322,3899210,1010
6.598710945,3899660,450
6.598710945,3900654,994
6.601056368,3901120,466
6.601056368,3902098,978
6.603492993,3902580,482
6.603492993,3903542,962
6.605838416,3904040,498
6.605838416,3904986,946
6.608183839,3905500,514
6.608183839,3906430,930
6.610529262,3906960,530
6.610529262,3907874,914
6.612874685,3908420,546
6.612874685,3909318,898
6.615220108,3909880,562
6.615220108,3910762,882
6.617657133,3911340,578
6.617657133,3912206,866
6.620009756,3912800,594
6.620009756,3913650,850
6.622355179,3914260,610
6.622355179,3915094,834
6.624700602,3915720,626
6.624700602,3916538,818
6.627046025,3917180,642
6.627046025,3917982,802
6.629391448,3918640,658
6.629391448,3919426,786
6.631736871,3920100,674
6.631736871,3920870,770
6.634173496,3921560,690
6.634173496,3922314,754
6.636518919,3923020,706
6.636518919,3923758,738
6.638864342,3924480,722
6.638864342,3925202,722
6.641210165,3925940,738
6.641210165,3926646,706
6.643562788,3927400,754
6.643562788,3928090,690
6.645908211,3928860,770
6.645908211,3929534,674
6.648344836,3930320,786
6.648344836,3930978,658
6.650690259,3931780,802
6.650690259,3932422,642
6.653035682,3933240,818
6.653035682,3933866,626
6.655377825,3934700,834
6.655377825,3936754,2054
6.655793805,3937620,866
6.655793805,3938198,578
6.657958476,3939080,882
6.657958476,3939642,562
6.660129360,3940540,898
6.660129360,3941086,546
6.662293631,3942000,914
6.662293631,3942530,530
6.664457902,3943460,930
6.664457902,3943974,514
6.666622173,3944920,946
6.666622173,3945418,498
6.668786444,3946380,962
6.668786444,3946862,482
6.671034873,3947840,978
6.671034873,3948306,466
6.673199144,3949300,994
6.673199144,3949750,450
6.675363415,3950760,1010
6.675363415,3951194,434
6.677527686,3952220,1026
6.677527686,3952638,418
6.679692357,3953680,1042
6.679692357,3954082,402
6.681863241,3955140,1058
6.681863241,3955526,386
6.684111670,3956600,1074
6.684111670,3956970,370
6.686275941,3958060,1090
6.686275941,3958414,354
6.688766659,3959520,1106
6.688766659,3959858,338
6.690930930,3960980,1122
6.690930930,3961302,322
6.693095201,3962440,1138
6.693095201,3962746,306
6.695259472,3963900,1154
6.695259472,3964190,290
6.697423743,3965360,1170
6.697423743,3965634,274
6.700649269,3966820,1186
6.700649269,3967078,258
6.702820153,3968280,1202
6.702820153,3968522,242
6.704984424,3969740,1218
6.704984424,3969966,226
6.707148695,3971200,1234
6.707148695,3971410,210
6.709312966,3972660,1250
6.709312966,3972854,194
6.711477237,3974120,1266
6.711477237,3974298,178
6.713725666,3975580,1282
6.713725666,3975742,162
6.715889937,3977040,1298
6.715889937,3977186,146
6.718054208,3978500,1314
6.718054208,3978630,130
6.720218479,3979960,1330
6.720218479,3980074,114
6.722383150,3981420,1346
6.722383150,3981518,98
6.724554034,3982880,1362
6.724554034,3982962,82
6.726718305,3984340,1378
6.726718305,3984406,66
6.728966654,3985800,1394
6.728966654,3985850,50
6.731129522,3987260,1410
6.731129522,3987294,34
6.733292390,3988720,1426
6.733292390,3988738,18
6.735455258,3990180,1442
6.735455258,3990182,2
6.737618206,3991634,1452
6.739782477,3991640,6
6.739782477,3993079,1439
6.742031306,3993100,21
6.742031306,3994524,1424
6.744202190,3994560,36
6.744202190,3995969,1409
6.746366461,3996020,51
6.746366461,3997414,1394
6.748530732,3997480,66
6.748530732,3998858,1378
6.753633606,3998940,82
6.753633606,4000302,1362
6.755992507,4000400,98
6.755992507,4001746,1346
6.758204016,4001860,114
6.758204016,4003190,1330
6.760415525,4003320,130
6.760415525,4004634,1314
6.762627034,4004780,146
6.762627034,4006078,1298
6.764838543,4006240,162
6.764838543,4007522,1282
6.767050452,4007700,178
6.767050452,4008966,1266
6.769268727,4009160,194
6.769268727,4010410,1250
6.771566231,4010620,210
6.771566231,4011854,1234
6.773777740,4012080,226
6.773777740,4013298,1218
6.775989249,4013540,242
6.775989249,4014742,1202
6.778200758,4015000,258
6.778200758,4016186,1186
6.780412267,4016460,274
6.780412267,4017630,1170
6.782623776,4017920,290
6.782623776,4019074,1154
6.784835285,4019380,306
6.784835285,4020518,1138
6.787133189,4020840,322
6.787133189,4021962,1122
6.789351464,4022300,338
6.789351464,4023406,1106
6.791562973,4023760,354
6.791562973,4024850,1090
6.793774482,4025220,370
6.793774482,4026294,1074
6.795985991,4026680,386
6.795985991,4027738,1058
6.798197500,4028140,402
6.798197500,4029182,1042
6.800409009,4029600,418
6.800409009,4030626,1026
6.802706513,4031060,434
6.802706513,4032070,1010
6.804918022,4032520,450
6.804918022,4033514,994
6.807129531,4033980,466
6.807129531,4034958,978
6.809341440,4035440,482
6.809341440,4036402,962
6.811559715,4036900,498
6.811559715,4037846,946
6.813771224,4038360,514
6.813771224,4039290,930
6.816068728,4039820,530
6.816068728,4040734,914
6.818280237,4041280,546
6.818280237,4042178,898
6.820491746,4042740,562
6.820491746,4043622,882
6.822703255,4044200,578
6.822703255,4045066,866
6.824914764,4045660,594
6.824914764,4046510,850
6.827212268,4047120,610
6.827212268,4047954,834
6.829424177,4048580,626
6.829424177,4049398,818
6.831642452,4050040,642
6.831642452,4050842,802
6.833853961,4051500,658
6.833853961,4052286,786
6.836065470,4052960,674
6.836065470,4053730,770
6.838276979,4054420,690
6.838276979,4055174,754
6.840488488,4055880,706
6.840488488,4056618,738
6.842699997,4057340,722
6.842699997,4058062,722
6.844997501,4058800,738
6.844997501,4059506,706
6.847209010,4060260,754
6.847209010,4060950,690
6.849420519,4061720,770
6.849420519,4062394,674
6.851632428,4063180,786
6.851632428,4063838,658
6.853847423,4064640,802
6.853847423,4065282,642
6.854394378,4066100,818
6.854394378,4066726,626
6.856842844,4067560,834
6.856842844,4068170,610
6.859291310,4069020,850
6.859291310,4069614,594
6.861739776,4070480,866
6.861739776,4071058,578
6.864188242,4071940,882
6.864188242,4072502,562
6.866636708,4073400,898
6.866636708,4073946,546
6.869085174,4074860,914
6.869085174,4075390,530
6.871629249,4076320,930
6.871629249,4076834,514
6.874085249,4077780,946
6.874085249,4078278,498
6.876533715,4079240,962
6.876533715,4079722,482
6.878982181,4080700,978
6.878982181,4081166,466
6.881430647,4082160,994
6.881430647,4082610,450
6.883879113,4083620,1010
6.883879113,4084054,434
6.886422788,4085080,1026
6.886422788,4085498,418
6.888871254,4086540,1042
6.888871254,4086942,402
6.891319720,4088000,1058
6.891319720,4088386,386
6.893768186,4089460,1074
6.893768186,4089830,370
6.896217052,4090920,1090
6.896217052,4091274,354
6.898673052,4092380,1106
6.898673052,4092718,338
6.901121518,4093840,1122
6.901121518,4094162,322
6.903665193,4095300,1138
6.903665193,4095606,306
6.906113659,4096760,1154
6.906113659,4097050,290
6.908562125,4098220,1170
6.908562125,4098494,274
6.911010591,4099680,1186
6.911010591,4099938,258
6.913459057,4101140,1202
6.913459057,4101382,242
6.915907523,4102600,1218
6.915907523,4102826,226
6.918451598,4104060,1234
6.918451598,4104270,210
6.920907598,4105520,1250
6.920907598,4105714,194
6.923356064,4106980,1266
6.923356064,4107158,178
6.925804530,4108440,1282
6.925804530,4108602,162
6.928252996,4109900,1298
6.928252996,4110046,146
6.930796671,4111360,1314
6.930796671,4111490,130
6.933245137,4112820,1330
6.933245137,4112934,114
6.935693603,4114280,1346
6.935693603,4114378,98
6.938142069,4115740,1362
6.938142069,4115822,82
6.940590535,4117200,1378
6.940590535,4117266,66
6.943039321,4118660,1394
6.943039321,4118710,50
6.945493735,4120120,1410
6.945493735,4120154,34
6.948035823,4121580,1426
6.948035823,4121598,18
6.950482702,4123040,1442
6.950482702,4123042,2
6.952929661,4124494,1452
6.955216527,4124500,6
6.955216527,4125939,1439
6.957503393,4125960,21
6.957503393,4127384,1424
6.959790259,4127420,36
6.959790259,4128829,1409
6.962166050,4128880,51
6.962166050,4130274,1394
6.964453316,4130340,66
6.964453316,4131718,1378
6.966747193,4131800,82
6.966747193,4133162,1362
6.969034059,4133260,98
6.969034059,4134606,1346
6.971320925,4134720,114
6.971320925,4136050,1330
6.973607791,4136180,130
6.973607791,4137494,1314
6.975894657,4137640,146
6.975894657,4138938,1298
6.978270448,4139100,162
6.978270448,4140382,1282
6.980557314,4140560,178
6.980557314,4141826,1266
6.982844180,4142020,194
6.982844180,4143270,1250
6.985131046,4143480,210
6.985131046,4144714,1234
6.987418312,4144940,226
6.987418312,4146158,1218
6.989712189,4146400,242
6.989712189,4147602,1202
6.992087980,4147860,258
6.992087980,4149046,1186
6.994374846,4149320,274
6.994374846,4150490,1170
6.996661712,4150780,290
6.996661712,4151934,1154
6.998948578,4152240,306
6.998948578,4153378,1138
7.001235444,4153700,322
7.001235444,4154822,1122
7.003522310,4155160,338
7.003522310,4156266,1106
7.005809176,4156620,354
7.005809176,4157710,1090
7.008185367,4158080,370
7.008185367,4159154,1074
7.010479244,4159540,386
7.010479244,4160598,1058
7.012766110,4161000,402
7.012766110,4162042,1042
7.015052976,4162460,418
7.015052976,4163486,1026
7.017339842,4163920,434
7.017339842,4164930,1010
7.019626708,4165380,450
7.019626708,4166374,994
7.022002499,4166840,466
7.022002499,4167818,978
7.024289365,4168300,482
7.024289365,4169262,962
7.026576231,4169760,498
7.026576231,4170706,946
7.028863097,4171220,514
7.028863097,4172150,930
7.031150363,4172680,530
7.031150363,4173594,914
7.033533165,4174140,546
7.033533165,4175038,898
7.035820031,4175600,562
7.035820031,4176482,882
7.038106897,4177060,578
7.038106897,4177926,866
7.040393763,4178520,594
7.040393763,4179370,850
7.042680629,4179980,610
7.042680629,4180814,834
7.044967495,4181440,626
7.044967495,4182258,818
7.047254361,4182900,642
7.047254361,4183702,802
7.049630152,4184360,658
7.049630152,4185146,786
7.053866258,4185820,674
7.053866258,4186590,770
7.056239030,4187280,690
7.056239030,4188034,754
7.058553542,4188740,706
7.058553542,4189478,738
7.060868054,4190200,722
7.060868054,4190922,722
7.063182566,4191660,738
7.063182566,4192366,706
7.065587078,4193120,754
7.065587078,4193810,690
7.067901590,4194580,770
7.067901590,4195254,674
7.070216102,4196040,786
7.070216102,4196698,658
7.072530614,4197500,802
7.072530614,4198142,642
7.074845126,4198960,818
7.074845126,4199586,626
7.077160038,4200420,834
7.077160038,4201030,610
7.079481650,4201880,850
7.079481650,4202474,594
7.081886162,4203340,866
7.081886162,4203918,578
7.084200674,4204800,882
7.084200674,4205362,562
7.086515186,4206260,898
7.086515186,4206806,546
7.088829698,4207720,914
7.088829698,4208250,530
7.091144210,4209180,930
7.091144210,4209694,514
7.093458722,4210640,946
7.093458722,4211138,498
7.095863234,4212100,962
7.095863234,4212582,482
7.098178146,4213560,978
7.098178146,4214026,466
7.100499758,4215020,994
7.100499758,4215470,450
7.102814270,4216480,1010
7.102814270,4216914,434
7.105128782,4217940,1026
7.105128782,4218358,418
7.107443294,4219400,1042
7.107443294,4219802,402
7.109757806,4220860,1058
7.109757806,4221246,386
7.112072318,4222320,1074
7.112072318,4222690,370
7.114476830,4223780,1090
7.114476830,4224134,354
7.116791342,4225240,1106
7.116791342,4225578,338
7.119105854,4226700,1122
7.119105854,4227022,322
7.121420766,4228160,1138
7.121420766,4228466,306
7.123742378,4229620,1154
7.123742378,4229910,290
7.126056890,4231080,1170
7.126056890,4231354,274
7.128461402,4232540,1186
7.128461402,4232798,258
7.130775914,4234000,1202
7.130775914,4234242,242
7.133090426,4235460,1218
7.133090426,4235686,226
7.135404938,4236920,1234
7.135404938,4237130,210
7.137719450,4238380,1250
7.137719450,4238574,194
7.140123962,4239840,1266
7.140123962,4240018,178
7.142438874,4241300,1282
7.142438874,4241462,162
7.144760486,4242760,1298
7.144760486,4242906,146
7.147074998,4244220,1314
7.147074998,4244350,130
7.149389510,4245680,1330
7.149389510,4245794,114
7.151704022,4247140,1346
7.151704022,4247238,98
7.154015254,4248600,1362
7.154015254,4250126,1526
7.155710049,4251520,1394
7.155710049,4251570,50
7.158009617,4252980,1410
7.158009617,4253014,34
7.160309185,4254440,1426
7.160309185,4254458,18
7.162609153,4255900,1442
7.162609153,4255902,2
7.164915858,4257354,1452
7.167306394,4257360,6
7.167306394,4258799,1439
7.169607453,4258820,21
7.169607453,4260244,1424
7.171908512,4260280,36
7.171908512,4261689,1409
7.174209571,4261740,51
7.174209571,4263134,1394
7.176510630,4263200,66
7.176510630,4264578,1378
7.178811689,4264660,82
7.178811689,4266022,1362
7.181112748,4266120,98
7.181112748,4267466,1346
7.183503684,4267580,114
7.183503684,4268910,1330
7.185811800,4269040,130
7.185811800,4270354,1314
7.188112859,4270500,146
7.188112859,4271798,1298
7.190413918,4271960,162
7.190413918,4273242,1282
7.192714977,4273420,178
7.192714977,4274686,1266
7.195016036,4274880,194
7.195016036,4276130,1250
7.197406572,4276340,210
7.197406572,4277574,1234
7.199707631,4277800,226
7.199707631,4279018,1218
7.202008690,4279260,242
7.202008690,4280462,1202
7.204309749,4280720,258
7.204309749,4281906,1186
7.206611208,4282180,274
7.206611208,4283350,1170
7.209008801,4283640,290
7.209008801,4284794,1154
7.211309860,4285100,306
7.211309860,4286238,1138
7.213610919,4286560,322
7.213610919,4287682,1122
7.215911978,4288020,338
7.215911978,4289126,1106
7.218213037,4289480,354
7.218213037,4290570,1090
7.220514096,4290940,370
7.220514096,4292014,1074
7.222815155,4292400,386
7.222815155,4293458,1058
7.225116214,4293860,402
7.225116214,4294902,1042
7.227507150,4295320,418
7.227507150,4296346,1026
7.229815266,4296780,434
7.229815266,4297790,1010
7.232116325,4298240,450
7.232116325,4299234,994
7.234417384,4299700,466
7.234417384,4300678,978
7.236718443,4301160,482
7.236718443,4302122,962
7.239108979,4302620,498
7.239108979,4303566,946
7.241410038,4304080,514
7.241410038,4305010,930
7.243711097,4305540,530
7.243711097,4306454,914
7.246012156,4307000,546
7.246012156,4307898,898
7.248313215,4308460,562
7.248313215,4309342,882
7.250614674,4309920,578
7.250614674,4310786,866
7.252715227,4311380,594
7.252715227,4312230,850
7.254809394,4312840,610
7.254809394,4313674,834
7.256984993,4314300,626
7.256984993,4315118,818
7.259079160,4315760,642
7.259079160,4316562,802
7.261173327,4317220,658
7.261173327,4318006,786
7.263267494,4318680,674
7.263267494,4319450,770
7.265361661,4320140,690
7.265361661,4320894,754
7.267537260,4321600,706
7.267537260,4322338,738
7.269631827,4323060,722
7.269631827,4323782,722
7.271732380,4324520,738
7.271732380,4325226,706
7.273826547,4325980,754
7.273826547,4326670,690
7.275920714,4327440,770
7.275920714,4328114,674
7.278014881,4328900,786
7.278014881,4329558,658
7.280109048,4330360,802
7.280109048,4331002,642
7.282203215,4331820,818
7.282203215,4332446,626
7.284378814,4333280,834
7.284378814,4333890,610
7.286472981,4334740,850
7.286472981,4335334,594
7.288567148,4336200,866
7.288567148,4336778,578
7.290661715,4337660,882
7.290661715,4338222,562
7.292762268,4339120,898
7.292762268,4339666,546
7.294937867,4340580,914
7.294937867,4341110,530
7.297032034,4342040,930
7.297032034,4342554,514
7.299126201,4343500,946
7.299126201,4343998,498
7.301220368,4344960,962
7.301220368,4345442,482
7.303314535,4346420,978
7.303314535,4346886,466
7.305490134,4347880,994
7.305490134,4348330,450
7.307584301,4349340,1010
7.307584301,4349774,434
7.309678868,4350800,1026
7.309678868,4351218,418
7.311779421,4352260,1042
7.311779421,4352662,402
7.313873588,4353720,1058
7.313873588,4354106,386
7.315967755,4355180,1074
7.315967755,4355550,370
7.318061922,4356640,1090
7.318061922,4356994,354
7.320156089,4358100,1106
7.320156089,4358438,338
7.322331688,4359560,1122
7.322331688,4359882,322
7.324425855,4361020,1138
7.324425855,4361326,306
7.326520022,4362480,1154
7.326520022,4362770,290
7.328614189,4363940,1170
7.328614189,4364214,274
7.330708756,4365400,1186
7.330708756,4365658,258
7.332890741,4366860,1202
7.332890741,4367102,242
7.334984908,4368320,1218
7.334984908,4368546,226
7.337079075,4369780,1234
7.337079075,4369990,210
7.339173242,4371240,1250
7.339173242,4371434,194
7.341267409,4372700,1266
7.341267409,4372878,178
7.343361576,4374160,1282
7.343361576,4374322,162
7.345455743,4375620,1298
7.345455743,4375766,146
7.347549910,4377080,1314
7.347549910,4377210,130
7.349725909,4378540,1330
7.349725909,4378654,114
7.353767012,4380000,1346
7.353767012,4380098,98
7.356111239,4381460,1362
7.356111239,4381542,82
7.358396016,4382920,1378
7.358396016,4382986,66
7.360680713,4384380,1394
7.360680713,4384430,50
7.363052853,4385840,1410
7.363052853,4385874,34
7.365336149,4387300,1426
7.365336149,4387318,18
7.367619445,4388760,1442
7.367619445,4388762,2
7.369902821,4390214,1452
7.372187598,4390220,6
7.372187598,4391659,1439
7.374472775,4391680,21
7.374472775,4393104,1424
7.376764555,4393140,36
7.376764555,4394549,1409
7.379049332,4394600,51
7.379049332,4395994,1394
7.381422953,4396060,66
7.381422953,4397438,1378
7.383707730,4397520,82
7.383707730,4398882,1362
7.385992507,4398980,98
7.385992507,4400326,1346
7.388277284,4400440,114
7.388277284,4401770,1330
7.390562061,4401900,130
7.390562061,4403214,1314
7.392935682,4403360,146
7.392935682,4404658,1298
7.395220859,4404820,162
7.395220859,4406102,1282
7.397512639,4406280,178
7.397512639,4407546,1266
7.399797416,4407740,194
7.399797416,4408990,1250
7.402082193,4409200,210
7.402082193,4410434,1234
7.404455814,4410660,226
7.404455814,4411878,1218
7.406740591,4412120,242
7.406740591,4413322,1202
7.409025368,4413580,258
7.409025368,4414766,1186
7.411310145,4415040,274
7.411310145,4416210,1170
7.413594922,4416500,290
7.413594922,4417654,1154
7.415879699,4417960,306
7.415879699,4419098,1138
7.418164876,4419420,322
7.418164876,4420542,1122
7.420456656,4420880,338
7.420456656,4421986,1106
7.422741433,4422340,354
7.422741433,4423430,1090
7.425115054,4423800,370
7.425115054,4424874,1074
7.427399831,4425260,386
7.427399831,4426318,1058
7.429684608,4426720,402
7.429684608,4427762,1042
7.431969385,4428180,418
7.431969385,4429206,1026
7.434254162,4429640,434
7.434254162,4430650,1010
7.436627783,4431100,450
7.436627783,4432094,994
7.438912960,4432560,466
7.438912960,4433538,978
7.441204740,4434020,482
7.441204740,4434982,962
7.443489517,4435480,498
7.443489517,4436426,946
7.445774294,4436940,514
7.445774294,4437870,930
7.448059071,4438400,530
7.448059071,4439314,914
7.450343848,4439860,546
7.450343848,4440758,898
7.452628625,4441320,562
7.452628625,4442202,882
7.454828826,4442780,578
7.454828826,4443646,866
7.456946674,4444240,594
7.456946674,4445090,850
7.459064522,4445700,610
7.459064522,4446534,834
7.461182770,4447160,626
7.461182770,4447978,818
7.463307081,4448620,642
7.463307081,4449422,802
7.465507282,4450080,658
7.465507282,4450866,786
7.467625130,4451540,674
7.467625130,4452310,770
7.469742978,4453000,690
7.469742978,4453754,754
7.471860826,4454460,706
7.471860826,4455198,738
7.473978674,4455920,722
7.473978674,4456642,722
7.476178875,4457380,738
7.476178875,4458086,706
7.478296723,4458840,754
7.478296723,4459530,690
7.480414971,4460300,770
7.480414971,4460974,674
7.482539282,4461760,786
7.482539282,4462418,658
7.484657130,4463220,802
7.484657130,4463862,642
7.486774978,4464680,818
7.486774978,4465306,626
7.488892826,4466140,834
7.488892826,4466750,610
7.491010674,4467600,850
7.491010674,4468194,594
7.493210875,4469060,866
7.493210875,4469638,578
7.495328723,4470520,882
7.495328723,4471082,562
7.497446571,4471980,898
7.497446571,4472526,546
7.499564419,4473440,914
7.499564419,4473970,530
7.501682667,4474900,930
7.501682667,4475414,514
7.503889331,4476360,946
7.503889331,4476858,498
7.506007179,4477820,962
7.506007179,4478302,482
7.508125027,4479280,978
7.508125027,4479746,466
7.510242875,4480740,994
7.510242875,4481190,450
7.512360723,4482200,1010
7.512360723,4482634,434
7.514478571,4483660,1026
7.514478571,4484078,418
7.516596419,4485120,1042
7.516596419,4485522,402
7.518714267,4486580,1058
7.518714267,4486966,386
7.520914868,4488040,1074
7.520914868,4488410,370
7.523039179,4489500,1090
7.523039179,4489854,354
7.525157027,4490960,1106
7.525157027,4491298,338
7.527274875,4492420,1122
7.527274875,4492742,322
7.529392723,4493880,1138
7.529392723,4494186,306
7.531592924,4495340,1154
7.531592924,4495630,290
7.533710772,4496800,1170
7.533710772,4497074,274
7.535828620,4498260,1186
7.535828620,4498518,258
7.537946468,4499720,1202
7.537946468,4499962,242
7.540064316,4501180,1218
7.540064316,4501406,226
7.542182564,4502640,1234
7.542182564,4502850,210
7.544306875,4504100,1250
7.544306875,4504294,194
7.546424723,4505560,1266
7.546424723,4505738,178
7.548624924,4507020,1282
7.548624924,4507182,162
7.550742772,4508480,1298
7.550742772,4508626,146
7.554796041,4509940,1314
7.554796041,4510070,130
7.556952395,4511400,1330
7.556952395,4511514,114
7.559044170,4512860,1346
7.559044170,4512958,98
7.561217284,4514320,1362
7.561217284,4514402,82
7.563309459,4515780,1378
7.563309459,4515846,66
7.565407533,4517240,1394
7.565407533,4517290,50
7.567497953,4518700,1410
7.567497953,4518734,34
7.569588373,4520160,1426
7.569588373,4520178,18
7.571760132,4521620,1442
7.571760132,4521622,2
7.573850632,4523074,1452
7.575942407,4523080,6
7.575942407,4524519,1439
7.578034182,4524540,21
7.578034182,4525964,1424
7.580125957,4526000,36
7.580125957,4527409,1409
7.582217732,4527460,51
7.582217732,4528854,1394
7.584309907,4528920,66
7.584309907,4530298,1378
7.586408061,4530380,82
7.586408061,4531742,1362
7.588581175,4531840,98
7.588581175,4533186,1346
7.590672950,4533300,114
7.590672950,4534630,1330
7.592764725,4534760,130
7.592764725,4536074,1314
7.594856500,4536220,146
7.594856500,4537518,1298
7.596948275,4537680,162
7.596948275,4538962,1282
7.599121389,4539140,178
7.599121389,4540406,1266
7.601213164,4540600,194
7.601213164,4541850,1250
7.603305339,4542060,210
7.603305339,4543294,1234
7.605403493,4543520,226
7.605403493,4544738,1218
7.607495268,4544980,242
7.607495268,4546182,1202
7.609587043,4546440,258
7.609587043,4547626,1186
7.611678818,4547900,274
7.611678818,4549070,1170
7.613770593,4549360,290
7.613770593,4550514,1154
7.615943707,4550820,306
7.615943707,4551958,1138
7.618035482,4552280,322
7.618035482,4553402,1122
7.620737124,4553740,338
7.620737124,4554846,1106
7.622828899,4555200,354
7.622828899,4556290,1090
7.624921074,4556660,370
7.624921074,4557734,1074
7.627100567,4558120,386
7.627100567,4559178,1058
7.629192342,4559580,402
7.629192342,4560622,1042
7.631284117,4561040,418
7.631284117,4562066,1026
7.633375892,4562500,434
7.633375892,4563510,1010
7.635467667,4563960,450
7.635467667,4564954,994
7.637769124,4565420,466
7.637769124,4566398,978
7.639860899,4566880,482
7.639860899,4567842,962
7.641952674,4568340,498
7.641952674,4569286,946
7.644126188,4569800,514
7.644126188,4570730,930
7.646224342,4571260,530
7.646224342,4572174,914
7.648440717,4572720,546
7.648440717,4573618,898
7.650532492,4574180,562
7.650532492,4575062,882
7.652624267,4575640,578
7.652624267,4576506,866
7.654797844,4577100,594
7.654797844,4579394,2294
7.656533800,4580020,626
7.656533800,4580838,818
7.658900138,4581480,642
7.658900138,4582282,802
7.661266476,4582940,658
7.661266476,4583726,786
7.664713911,4584400,674
7.664713911,4585170,770
7.667080249,4585860,690
7.667080249,4586614,754
7.669446587,4587320,706
7.669446587,4588058,738
7.671812925,4588780,722
7.671812925,4589502,722
7.674179263,4590240,738
7.674179263,4590946,706
7.676545601,4591700,754
7.676545601,4592390,690
7.678911939,4593160,770
7.678911939,4593834,674
7.681278277,4594620,786
7.681278277,4595278,658
7.683736630,4596080,802
7.683736630,4596722,642
7.686103368,4597540,818
7.686103368,4598166,626
7.688476974,4599000,834
7.688476974,4599610,610
7.690843312,4600460,850
7.690843312,4601054,594
7.693209650,4601920,866
7.693209650,4602498,578
7.695668003,4603380,882
7.695668003,4603942,562
7.698034341,4604840,898
7.698034341,4605386,546
7.700400679,4606300,914
7.700400679,4606830,530
7.702767017,4607760,930
7.702767017,4608274,514
7.705133355,4609220,946
7.705133355,4609718,498
7.707499693,4610680,962
7.707499693,4611162,482
7.709866431,4612140,978
7.709866431,4612606,466
7.712240037,4613600,994
7.712240037,4614050,450
7.714698390,4615060,1010
7.714698390,4615494,434
7.717064728,4616520,1026
7.717064728,4616938,418
7.719431066,4617980,1042
7.719431066,4618382,402
7.721797404,4619440,1058
7.721797404,4619826,386
7.724163742,4620900,1074
7.724163742,4621270,370
7.726622095,4622360,1090
7.726622095,4622714,354
7.728988433,4623820,1106
7.728988433,4624158,338
7.731355171,4625280,1122
7.731355171,4625602,322
7.733728777,4626740,1138
7.733728777,4627046,306
7.736095115,4628200,1154
7.736095115,4628490,290
7.738461453,4629660,1170
7.738461453,4629934,274
7.740827791,4631120,1186
7.740827791,4631378,258
7.743194129,4632580,1202
7.743194129,4632822,242
7.745560467,4634040,1218
7.745560467,4634266,226
7.748018820,4635500,1234
7.748018820,4635710,210
7.750385158,4636960,1250
7.750385158,4637154,194
7.755691353,4638420,1266
7.755691353,4638598,178
7.758010595,4639880,1282
7.758010595,4640042,162
7.760276213,4641340,1298
7.760276213,4641486,146
7.762622742,4642800,1314
7.762622742,4642930,130
7.764881441,4644260,1330
7.764881441,4644374,114
7.767140140,4645720,1346
7.767140140,4645818,98
7.769398839,4647180,1362
7.769398839,4647262,82
7.771657538,4648640,1378
7.771657538,4648706,66
7.774003987,4650100,1394
7.774003987,4650150,50
7.776261222,4651560,1410
7.776261222,4651594,34
7.778518857,4653020,1426
7.778518857,4653038,18
7.780783011,4654480,1442
7.780783011,4654482,2
7.783040326,4655934,1452
7.785299025,4655940,6
7.785299025,4657379,1439
7.787557724,4657400,21
7.787557724,4658824,1424
7.789816423,4658860,36
7.789816423,4660269,1409
7.792162952,4660320,51
7.792162952,4661714,1394
7.794421651,4661780,66
7.794421651,4663158,1378
7.796680350,4663240,82
7.796680350,4664602,1362
7.798939049,4664700,98
7.798939049,4666046,1346
7.801198148,4666160,114
7.801198148,4667490,1330
7.803551596,4667620,130
7.803551596,4668934,1314
7.805810295,4669080,146
7.805810295,4670378,1298
7.808068994,4670540,162
7.808068994,4671822,1282
7.810327693,4672000,178
7.810327693,4673266,1266
7.812586392,4673460,194
7.812586392,4674710,1250
7.814845091,4674920,210
7.814845091,4676154,1234
7.817103790,4676380,226
7.817103790,4677598,1218
7.819362489,4677840,242
7.819362489,4679042,1202
7.821709418,4679300,258
7.821709418,4680486,1186
7.823975036,4680760,274
7.823975036,4681930,1170
7.826233735,4682220,290
7.826233735,4683374,1154
7.828492434,4683680,306
7.828492434,4684818,1138
7.830751133,4685140,322
7.830751133,4686262,1122
7.833097662,4686600,338
7.833097662,4687706,1106
7.835356361,4688060,354
7.835356361,4689150,1090
7.837615060,4689520,370
7.837615060,4690594,1074
7.839873759,4690980,386
7.839873759,4692038,1058
7.842132458,4692440,402
7.842132458,4693482,1042
7.844486306,4693900,418
7.844486306,4694926,1026
7.846745005,4695360,434
7.846745005,4696370,1010
7.849003704,4696820,450
7.849003704,4697814,994
7.851262403,4698280,466
7.851262403,4699258,978
7.853521102,4699740,482
7.853521102,4700702,962
7.855779801,4701200,498
7.855779801,4702146,946
7.857961500,4702660,514
7.857961500,4703590,930
7.860143199,4704120,530
7.860143199,4705034,914
7.862409734,4705580,546
7.862409734,4706478,898
7.864591833,4707040,562
7.864591833,4707922,882
7.866780201,4708500,578
7.866780201,4709366,866
7.868961900,4709960,594
7.868961900,4710810,850
7.871143599,4711420,610
7.871143599,4712254,834
7.873410134,4712880,626
7.873410134,4713698,818
7.875591833,4714340,642
7.875591833,4715142,802
7.877773532,4715800,658
7.877773532,4716586,786
7.879955231,4717260,674
7.879955231,4718030,770
7.882136930,4718720,690
7.882136930,4719474,754
7.884318629,4720180,706
7.884318629,4720918,738
7.886500728,4721640,722
7.886500728,4722362,722
7.888689096,4723100,738
7.888689096,4723806,706
7.890955631,4724560,754
7.890955631,4725250,690
7.893137330,4726020,770
7.893137330,4726694,674
7.895319029,4727480,786
7.895319029,4728138,658
7.897500728,4728940,802
7.897500728,4729582,642
7.899682427,4730400,818
7.899682427,4731026,626
7.901948962,4731860,834
7.901948962,4732470,610
7.904130661,4733320,850
7.904130661,4733914,594
7.906312760,4734780,866
7.906312760,4735358,578
7.908501128,4736240,882
7.908501128,4736802,562
7.910682827,4737700,898
7.910682827,4738246,546
7.912864526,4739160,914
7.912864526,4739690,530
7.915046225,4740620,930
7.915046225,4741134,514
7.917227924,4742080,946
7.917227924,4742578,498
7.919494459,4743540,962
7.919494459,4744022,482
7.921676158,4745000,978
7.921676158,4745466,466
7.923857857,4746460,994
7.923857857,4746910,450
7.926039556,4747920,1010
7.926039556,4748354,434
7.928221655,4749380,1026
7.928221655,4749798,418
7.930494859,4750840,1042
7.930494859,4751242,402
7.932676558,4752300,1058
7.932676558,4752686,386
7.934858257,4753760,1074
7.934858257,4754130,370
7.937039956,4755220,1090
7.937039956,4755574,354
7.939221655,4756680,1106
7.939221655,4757018,338
7.941488190,4758140,1122
7.941488190,4758462,322
7.943669889,4759600,1138
7.943669889,4759906,306
7.945851588,4761060,1154
7.945851588,4761350,290
7.948033687,4762520,1170
7.948033687,4762794,274
7.950222055,4763980,1186
7.950222055,4764238,258
7.952403754,4765440,1202
7.952403754,4765682,242
7.954582173,4766900,1218
7.954582173,4767126,226
7.954755485,4768360,1234
7.954755485,4768570,210
7.957009899,4769820,1250
7.957009899,4770014,194
7.959179931,4771280,1266
7.959179931,4771458,178
7.961349963,4772740,1282
7.961349963,4772902,162
7.963519995,4774200,1298
7.963519995,4774346,146
7.965690027,4775660,1314
7.965690027,4775790,130
7.967951473,4777120,1330
7.967951473,4777234,114
7.970121505,4778580,1346
7.970121505,4778678,98
7.972291537,4780040,1362
7.972291537,4780122,82
7.974461569,4781500,1378
7.974461569,4781566,66
7.976631521,4782960,1394
7.976631521,4783010,50
7.978800146,4784420,1410
7.978800146,4784454,34
7.980968771,4785880,1426
7.980968771,4785898,18
7.983137396,4787340,1442
7.983137396,4787342,2
7.985390483,4788794,1452
7.987560915,4788800,6
7.987560915,4790239,1439
7.989737579,4790260,21
7.989737579,4791684,1424
7.991907611,4791720,36
7.991907611,4793129,1409
7.994077643,4793180,51
7.994077643,4794574,1394
7.996332057,4794640,66
7.996332057,4796018,1378
7.998502089,4796100,82
7.998502089,4797462,1362
8.000672121,4797560,98
8.000672121,4798906,1346
8.002842153,4799020,114
8.002842153,4800350,1330
8.005012185,4800480,130
8.005012185,4801794,1314
8.007182217,4801940,146
8.007182217,4803238,1298
8.009352649,4803400,162
8.009352649,4804682,1282
8.011529313,4804860,178
8.011529313,4806126,1266
8.013783727,4806320,194
8.013783727,4807570,1250
8.015953759,4807780,210
8.015953759,4809014,1234
8.018123791,4809240,226
8.018123791,4810458,1218
8.020293823,4810700,242
8.020293823,4811902,1202
8.022463855,4812160,258
8.022463855,4813346,1186
8.024718269,4813620,274
8.024718269,4814790,1170
8.026888301,4815080,290
8.026888301,4816234,1154
8.029058733,4816540,306
8.029058733,4817678,1138
8.031235397,4818000,322
8.031235397,4819122,1122
8.033405429,4819460,338
8.033405429,4820566,1106
8.035659843,4820920,354
8.035659843,4822010,1090
8.037829875,4822380,370
8.037829875,4823454,1074
8.039999907,4823840,386
8.039999907,4824898,1058
8.042169939,4825300,402
8.042169939,4826342,1042
8.044339971,4826760,418
8.044339971,4827786,1026
8.046510003,4828220,434
8.046510003,4829230,1010
8.048680035,4829680,450
8.048680035,4830674,994
8.050850467,4831140,466
8.050850467,4832118,978
8.054048073,4832600,482
8.054048073,4833562,962
8.056246124,4834060,498
8.056246124,4835006,946
8.058380735,4835520,514
8.058380735,4836450,930
8.060515346,4836980,530
8.060515346,4837894,914
8.062649957,4838440,546
8.062649957,4839338,898
8.064784568,4839900,562
8.064784568,4840782,882
8.067002183,4841360,578
8.067002183,4842226,866
8.069136794,4842820,594
8.069136794,4843670,850
8.071271805,4844280,610
8.071271805,4845114,834
8.073412933,4845740,626
8.073412933,4846558,818
8.075547544,4847200,642
8.075547544,4848002,802
8.077682155,4848660,658
8.077682155,4849446,786
8.079816766,4850120,674
8.079816766,4850890,770
8.081951377,4851580,690
8.081951377,4852334,754
8.084168992,4853040,706
8.084168992,4853778,738
8.086303603,4854500,722
8.086303603,4855222,722
8.088438214,4855960,738
8.088438214,4856666,706
8.090572825,4857420,754
8.090572825,4858110,690
8.092707836,4858880,770
8.092707836,4859554,674
8.094931968,4860340,786
8.094931968,4860998,658
8.097066579,4861800,802
8.097066579,4862442,642
8.099201190,4863260,818
8.099201190,4863886,626
8.101335801,4864720,834
8.101335801,4865330,610
8.103470412,4866180,850
8.103470412,4866774,594
8.105605023,4867640,866
8.105605023,4868218,578
8.107739634,4869100,882
8.107739634,4869662,562
8.109874245,4870560,898
8.109874245,4871106,546
8.112092260,4872020,914
8.112092260,4872550,530
8.114233388,4873480,930
8.114233388,4873994,514
8.116367999,4874940,946
8.116367999,4875438,498
8.118502610,4876400,962
8.118502610,4876882,482
8.120637221,4877860,978
8.120637221,4878326,466
8.122854836,4879320,994
8.122854836,4879770,450
8.124989447,4880780,1010
8.124989447,4881214,434
8.127124058,4882240,1026
8.127124058,4882658,418
8.129258669,4883700,1042
8.129258669,4884102,402
8.131393280,4885160,1058
8.131393280,4885546,386
8.133617813,4886620,1074
8.133617813,4886990,370
8.135752424,4888080,1090
8.135752424,4888434,354
8.137887035,4889540,1106
8.137887035,4889878,338
8.140021646,4891000,1122
8.140021646,4891322,322
8.142156257,4892460,1138
8.142156257,4892766,306
8.144290868,4893920,1154
8.144290868,4894210,290
8.146425479,4895380,1170
8.146425479,4895654,274
8.148560090,4896840,1186
8.148560090,4897098,258
8.150777705,4898300,1202
8.150777705,4898542,242
8.152912716,4899760,1218
8.152912716,4899986,226
8.155050564,4901220,1234
8.155050564,4901430,210
8.155247574,4902680,1250
8.155247574,4902874,194
8.157441304,4904140,1266
8.157441304,4904318,178
8.159720337,4905600,1282
8.159720337,4905762,162
8.161914067,4907060,1298
8.161914067,4907206,146
8.164107797,4908520,1314
8.164107797,4908650,130
8.166301527,4909980,1330
8.166301527,4910094,114
8.168495257,4911440,1346
8.168495257,4911538,98
8.170688987,4912900,1362
8.170688987,4912982,82
8.172883117,4914360,1378
8.172883117,4914426,66
8.175083476,4915820,1394
8.175083476,4915870,50
8.177361088,4917280,1410
8.177361088,4917314,34
8.179553397,4918740,1426
8.179553397,4918758,18
8.181745706,4920200,1442
8.181745706,4920202,2
8.183938095,4921654,1452
8.186131825,4921660,6
8.186131825,4923099,1439
8.188410858,4923120,21
8.188410858,4924544,1424
8.190604588,4924580,36
8.190604588,4925989,1409
8.192798718,4926040,51
8.192798718,4927434,1394
8.194999157,4927500,66
8.194999157,4928878,1378
8.197192887,4928960,82
8.197192887,4930322,1362
8.199386617,4930420,98
8.199386617,4931766,1346
8.201665650,4931880,114
8.201665650,4933210,1330
8.203859380,4933340,130
8.203859380,4934654,1314
8.206053110,4934800,146
8.206053110,4936098,1298
8.208246840,4936260,162
8.208246840,4937542,1282
8.210440570,4937720,178
8.210440570,4938986,1266
8.212634300,4939180,194
8.212634300,4940430,1250
8.214828430,4940640,210
8.214828430,4941874,1234
8.217114172,4942100,226
8.217114172,4943318,1218
8.219307902,4943560,242
8.219307902,4944762,1202
8.221501632,4945020,258
8.221501632,4946206,1186
8.223695362,4946480,274
8.223695362,4947650,1170
8.225889092,4947940,290
8.225889092,4949094,1154
8.228082822,4949400,306
8.228082822,4950538,1138
8.230361855,4950860,322
8.230361855,4951982,1122
8.232555585,4952320,338
8.232555585,4953426,1106
8.234749715,4953780,354
8.234749715,4954870,1090
8.236950154,4955240,370
8.236950154,4956314,1074
8.239143884,4956700,386
8.239143884,4957758,1058
8.241337614,4958160,402
8.241337614,4959202,1042
8.243531344,4959620,418
8.243531344,4960646,1026
8.245810377,4961080,434
8.245810377,4962090,1010
8.248004107,4962540,450
8.248004107,4963534,994
8.250197837,4964000,466
8.250197837,4964978,978
8.252391567,4965460,482
8.252391567,4966422,962
8.254574979,4966920,498
8.254574979,4967866,946
8.256850368,4968380,514
8.256850368,4969310,930
8.259033780,4969840,530
8.259033780,4970754,914
8.261217192,4971300,546
8.261217192,4972198,898
8.263400604,4972760,562
8.263400604,4973642,882
8.265584016,4974220,578
8.265584016,4975086,866
8.267767428,4975680,594
8.267767428,4976530,850
8.269950840,4977140,610
8.269950840,4977974,834
8.272134252,4978600,626
8.272134252,4979418,818
8.274402566,4980060,642
8.274402566,4980862,802
8.276586378,4981520,658
8.276586378,4982306,786
8.278776466,4982980,674
8.278776466,4983750,770
8.280959878,4984440,690
8.280959878,4985194,754
8.283143290,4985900,706
8.283143290,4986638,738
8.285411604,4987360,722
8.285411604,4988082,722
8.287595016,4988820,738
8.287595016,4989526,706
8.289778428,4990280,754
8.289778428,4990970,690
8.291961840,4991740,770
8.291961840,4992414,674
8.294145252,4993200,786
8.294145252,4993858,658
8.296328664,4994660,802
8.296328664,4995302,642
8.298604053,4996120,818
8.298604053,4996746,626
8.300787465,4997580,834
8.300787465,4998190,610
8.302970877,4999040,850
8.302970877,4999634,594
8.305154289,5000500,866
8.305154289,5001078,578
8.307337701,5001960,882
8.307337701,5002522,562
8.309521113,5003420,898
8.309521113,5003966,546
8.311704525,5004880,914
8.311704525,5005410,530
8.313972839,5006340,930
8.313972839,5006854,514
8.316156251,5007800,946
8.316156251,5008298,498
8.318340063,5009260,962
8.318340063,5009742,482
8.320530151,5010720,978
8.320530151,5011186,466
8.322713563,5012180,994
8.322713563,5012630,450
8.324981877,5013640,1010
8.324981877,5014074,434
8.327165289,5015100,1026
8.327165289,5015518,418
8.329348701,5016560,1042
8.329348701,5016962,402
8.331532113,5018020,1058
8.331532113,5018406,386
8.333715525,5019480,1074
8.333715525,5019850,370
8.335898937,5020940,1090
8.335898937,5021294,354
8.338082349,5022400,1106
8.338082349,5022738,338
8.340266161,5023860,1122
8.340266161,5024182,322
8.342541151,5025320,1138
8.342541151,5025626,306
8.344724563,5026780,1154
8.344724563,5027070,290
8.346907975,5028240,1170
8.346907975,5028514,274
8.349091387,5029700,1186
8.349091387,5029958,258
8.354211112,5031160,1202
8.354211112,5031402,242
8.356482791,5032620,1218
8.356482791,5032846,226
8.358608139,5034080,1234
8.358608139,5034290,210
8.360733487,5035540,1250
8.360733487,5035734,194
8.362859235,5037000,1266
8.362859235,5037178,178
8.364991071,5038460,1282
8.364991071,5038622,162
8.367116419,5039920,1298
8.367116419,5040066,146
8.369241767,5041380,1314
8.369241767,5041510,130
8.371367115,5042840,1330
8.371367115,5042954,114
8.373575107,5044300,1346
8.373575107,5044398,98
8.375700455,5045760,1362
8.375700455,5045842,82
8.377825803,5047220,1378
8.377825803,5047286,66
8.379951071,5048680,1394
8.379951071,5048730,50
8.382075042,5050140,1410
8.382075042,5050174,34
8.384199413,5051600,1426
8.384199413,5051618,18
8.386412515,5053060,1442
8.386412515,5053062,2
8.388536566,5054514,1452
8.390661914,5054520,6
8.390661914,5055959,1439
8.392787262,5055980,21
8.392787262,5057404,1424
8.394912610,5057440,36
8.394912610,5058849,1409
8.397037958,5058900,51
8.397037958,5060294,1394
8.399245950,5060360,66
8.399245950,5061738,1378
8.401371298,5061820,82
8.401371298,5063182,1362
8.403497046,5063280,98
8.403497046,5064626,1346
8.405628882,5064740,114
8.405628882,5066070,1330
8.407754230,5066200,130
8.407754230,5067514,1314
8.409879578,5067660,146
8.409879578,5068958,1298
8.412004926,5069120,162
8.412004926,5070402,1282
8.414212918,5070580,178
8.414212918,5071846,1266
8.416338266,5072040,194
8.416338266,5073290,1250
8.418463614,5073500,210
8.418463614,5074734,1234
8.420588962,5074960,226
8.420588962,5076178,1218
8.422714310,5076420,242
8.422714310,5077622,1202
8.424929189,5077880,258
8.424929189,5079066,1186
8.427054537,5079340,274
8.427054537,5080510,1170
8.429179885,5080800,290
8.429179885,5081954,1154
8.431305233,5082260,306
8.431305233,5083398,1138
8.433430581,5083720,322
8.433430581,5084842,1122
8.435555929,5085180,338
8.435555929,5086286,1106
8.437681277,5086640,354
8.437681277,5087730,1090
8.439806625,5088100,370
8.439806625,5089174,1074
8.442014617,5089560,386
8.442014617,5090618,1058
8.444140365,5091020,402
8.444140365,5092062,1042
8.446272201,5092480,418
8.446272201,5093506,1026
8.448397549,5093940,434
8.448397549,5094950,1010
8.450522897,5095400,450
8.450522897,5096394,994
8.452730889,5096860,466
8.452730889,5097838,978
8.454852957,5098320,482
8.454852957,5099282,962
8.455213430,5099780,498
8.455213430,5100726,946
8.457570623,5101240,514
8.457570623,5102170,930
8.459927816,5102700,530
8.459927816,5103614,914
8.462285009,5104160,546
8.462285009,5105058,898
8.464642602,5105620,562
8.464642602,5106502,882
8.467007033,5107080,578
8.467007033,5107946,866
8.469455886,5108540,594
8.469455886,5109390,850
8.471813079,5110000,610
8.471813079,5110834,834
8.474170272,5111460,626
8.474170272,5112278,818
8.476527465,5112920,642
8.476527465,5113722,802
8.478884658,5114380,658
8.478884658,5115166,786
8.481333511,5115840,674
8.481333511,5116610,770
8.483690704,5117300,690
8.483690704,5118054,754
8.486048297,5118760,706
8.486048297,5119498,738
8.488412728,5120220,722
8.488412728,5120942,722
8.490769921,5121680,738
8.490769921,5122386,706
8.493127114,5123140,754
8.493127114,5123830,690
8.495575967,5124600,770
8.495575967,5125274,674
8.497933160,5126060,786
8.497933160,5126718,658
8.500290353,5127520,802
8.500290353,5128162,642
8.502647546,5128980,818
8.502647546,5129606,626
8.505004739,5130440,834
8.505004739,5131050,610
8.507361932,5131900,850
8.507361932,5132494,594
8.509719525,5133360,866
8.509719525,5133938,578
8.512175616,5134820,882
8.512175616,5135382,562
8.514532809,5136280,898
8.514532809,5136826,546
8.516890002,5137740,914
8.516890002,5138270,530
8.519247195,5139200,930
8.519247195,5139714,514
8.521604388,5140660,946
8.521604388,5141158,498
8.524053241,5142120,962
8.524053241,5142602,482
8.526410434,5143580,978
8.526410434,5144046,466
8.528767627,5145040,994
8.528767627,5145490,450
8.531125220,5146500,1010
8.531125220,5146934,434
8.533489651,5147960,1026
8.533489651,5148378,418
8.535846844,5149420,1042
8.535846844,5149822,402
8.538204037,5150880,1058
8.538204037,5151266,386
8.540561230,5152340,1074
8.540561230,5152710,370
8.543010083,5153800,1090
8.543010083,5154154,354
8.545367276,5155260,1106
8.545367276,5155598,338
8.547724469,5156720,1122
8.547724469,5157042,322
8.550081662,5158180,1138
8.550081662,5158486,306
8.552435575,5159640,1154
8.552435575,5159930,290
8.552630560,5161100,1170
8.552630560,5161374,274
8.554733670,5162560,1186
8.554733670,5162818,258
8.556836780,5164020,1202
8.556836780,5164262,242
8.558939890,5165480,1218
8.558939890,5165706,226
8.561043000,5166940,1234
8.561043000,5167150,210
8.563146110,5168400,1250
8.563146110,5168594,194
8.565249220,5169860,1266
8.565249220,5170038,178
8.567352330,5171320,1282
8.567352330,5171482,162
8.569537220,5172780,1298
8.569537220,5172926,146
8.571640730,5174240,1314
8.571640730,5174370,130
8.573750255,5175700,1330
8.573750255,5175814,114
8.575853365,5177160,1346
8.575853365,5177258,98
8.577956475,5178620,1362
8.577956475,5178702,82
8.580141365,5180080,1378
8.580141365,5180146,66
8.582244395,5181540,1394
8.582244395,5181590,50
8.584346142,5183000,1410
8.584346142,5183034,34
8.586447889,5184460,1426
8.586447889,5184478,18
8.588549636,5185920,1442
8.588549636,5185922,2
8.590651463,5187374,1452
8.592843168,5187380,6
8.592843168,5188819,1439
8.594946278,5188840,21
8.594946278,5190264,1424
8.597049388,5190300,36
8.597049388,5191709,1409
8.599152498,5191760,51
8.599152498,5193154,1394
8.601255608,5193220,66
8.601255608,5194598,1378
8.603358718,5194680,82
8.603358718,5196042,1362
8.605461828,5196140,98
8.605461828,5197486,1346
8.607646718,5197600,114
8.607646718,5198930,1330
8.609749828,5199060,130
8.609749828,5200374,1314
8.611853338,5200520,146
8.611853338,5201818,1298
8.613962863,5201980,162
8.613962863,5203262,1282
8.616065973,5203440,178
8.616065973,5204706,1266
8.618250863,5204900,194
8.618250863,5206150,1250
8.620353973,5206360,210
8.620353973,5207594,1234
8.622457083,5207820,226
8.622457083,5209038,1218
8.624560193,5209280,242
8.624560193,5210482,1202
8.626663303,5210740,258
8.626663303,5211926,1186
8.628766413,5212200,274
8.628766413,5213370,1170
8.630869523,5213660,290
8.630869523,5214814,1154
8.632973033,5215120,306
8.632973033,5216258,1138
8.635164338,5216580,322
8.635164338,5217702,1122
8.637267448,5218040,338
8.637267448,5219146,1106
8.639370558,5219500,354
8.639370558,5220590,1090
8.641473668,5220960,370
8.641473668,5222034,1074
8.643576778,5222420,386
8.643576778,5223478,1058
8.645761668,5223880,402
8.645761668,5224922,1042
8.647864778,5225340,418
8.647864778,5226366,1026
8.649967888,5226800,434
8.649967888,5227810,1010
8.653017491,5228260,450
8.653017491,5229254,994
8.655300568,5229720,466
8.655300568,5230698,978
8.657522936,5231180,482
8.657522936,5232142,962
8.659831721,5232640,498
8.659831721,5233586,946
8.662054089,5234100,514
8.662054089,5235030,930
8.664276457,5235560,530
8.664276457,5236474,914
8.666498825,5237020,546
8.666498825,5237918,898
8.668721193,5238480,562
8.668721193,5239362,882
8.670943561,5239940,578
8.670943561,5240806,866
8.673165929,5241400,594
8.673165929,5242250,850
8.674268483,5242860,610
8.674268483,5242880,20
