1.05218	0	0	0	0	
1.15533	0	1200	1200	0	
1.15716	0	2400	2400	0	
1.15937	1	0	0	0	
1.1616	1	1456	1456	0	
1.1616	1	1460	1460	0	
1.1658	1	2905	2905	0	
1.1658	1	2920	2920	0	
1.1758	1	4354	4354	0	
1.1758	1	4380	4380	0	
1.27041	1	5803	5803	0	
1.27041	1	5840	5840	0	
1.27274	1	7252	7252	0	
1.27274	1	7300	7300	0	
1.27508	1	8701	8701	0	
1.27508	1	8760	8760	0	
1.27741	1	10150	10150	0	
1.27741	1	10220	10220	0	
1.27975	1	11598	11598	0	
1.27975	1	11680	11680	0	
1.28208	1	13046	13046	0	
1.28208	1	13140	13140	0	
1.29041	1	14494	14494	0	
1.29041	1	14600	14600	0	
1.29274	1	15942	15942	0	
1.29274	1	16060	16060	0	
1.3807	1	17390	17390	0	
1.3807	1	17520	17520	0	
1.38306	1	18834	18834	0	
1.38306	1	18980	18980	0	
1.38542	1	20278	20278	0	
1.38542	1	20440	20440	0	
1.38778	1	21722	21722	0	
1.38778	1	21900	21900	0	
1.39014	1	23166	23166	0	
1.39014	1	23360	23360	0	
1.39249	1	24610	24610	0	
1.39249	1	24820	24820	0	
1.39485	1	26054	26054	0	
1.39485	1	26280	26280	0	
1.39721	1	27498	27498	0	
1.39721	1	27740	27740	0	
1.39956	1	28942	28942	0	
1.39956	1	29200	29200	0	
1.40192	1	30386	30386	0	
1.40192	1	30660	30660	0	
1.40428	1	31830	31830	0	
1.40428	1	32120	32120	0	
1.40663	1	33274	33274	0	
1.40663	1	33580	33580	0	
1.40907	1	34718	34718	0	
1.40907	1	35040	35040	0	
1.41143	1	36162	36162	0	
1.41143	1	36500	36500	0	
1.41378	1	37606	37606	0	
1.41378	1	37960	37960	0	
1.41614	1	39050	39050	0	
1.41614	1	39420	39420	0	
1.49206	1	40494	40494	0	
1.49206	1	40880	40880	0	
1.49442	1	41938	41938	0	
1.49442	1	42340	42340	0	
1.4968	1	43382	43382	0	
1.4968	1	43800	43800	0	
1.49916	1	44826	44826	0	
1.49916	1	45260	45260	0	
1.50152	1	46270	46270	0	
1.50152	1	46720	46720	0	
1.50389	1	47714	47714	0	
1.50389	1	48180	48180	0	
1.50625	1	49158	49158	0	
1.50625	1	49640	49640	0	
1.50861	1	50602	50602	0	
1.50861	1	51100	51100	0	
1.51097	1	52046	52046	0	
1.51097	1	52560	52560	0	
1.51333	1	53490	53490	0	
1.51333	1	54020	54020	0	
1.51569	1	54934	54934	0	
1.51569	1	55480	55480	0	
1.51805	1	56378	56378	0	
1.51805	1	56940	56940	0	
1.52041	1	57822	57822	0	
1.52041	1	58400	58400	0	
1.52278	1	59266	59266	0	
1.52278	1	59860	59860	0	
1.52514	1	60710	60710	0	
1.52514	1	61320	61320	0	
1.5275	1	62154	62154	0	
1.5275	1	62780	62780	0	
1.52986	1	63598	63598	0	
1.52986	1	64240	64240	0	
1.53222	1	65042	65042	0	
1.53222	1	65700	65700	0	
1.53467	1	66486	66486	0	
1.53467	1	67160	67160	0	
1.53703	1	67930	67930	0	
1.53703	1	68620	68620	0	
1.53939	1	69374	69374	0	
1.53939	1	70080	70080	0	
1.54175	1	70818	70818	0	
1.54175	1	71540	71540	0	
1.54411	1	72262	72262	0	
1.54411	1	73000	73000	0	
1.54648	1	73706	73706	0	
1.54648	1	74460	74460	0	
1.54884	1	75150	75150	0	
1.54884	1	75920	75920	0	
1.5512	1	76594	76594	0	
1.5512	1	77380	77380	0	
1.55356	1	78038	78038	0	
1.55356	1	78840	78840	0	
1.5548	1	79482	79482	0	
1.5548	1	80300	80300	0	
1.55712	1	80926	80926	0	
1.55712	1	81760	81760	0	
1.55936	1	82370	82370	0	
1.55936	1	83220	83220	0	
1.5616	1	83814	83814	0	
1.5616	1	84680	84680	0	
1.56384	1	85258	85258	0	
1.56384	1	86140	86140	0	
1.5977	1	86702	86702	0	
1.5977	1	87600	87600	0	
1.59994	1	88146	88146	0	
1.59994	1	89060	89060	0	
1.60467	1	89590	89590	0	
1.60467	1	90520	90520	0	
1.60691	1	91034	91034	0	
1.60691	1	91980	91980	0	
1.60915	1	92478	92478	0	
1.60915	1	93440	93440	0	
1.61139	1	93922	93922	0	
1.61139	1	94900	94900	0	
1.61363	1	95366	95366	0	
1.61363	1	96360	96360	0	
1.61587	1	96810	96810	0	
1.61587	1	97820	97820	0	
1.61819	1	98254	98254	0	
1.61819	1	99280	99280	0	
1.62043	1	99698	99698	0	
1.62043	1	100740	100740	0	
1.62268	1	101142	101142	0	
1.62268	1	102200	102200	0	
1.62492	1	102586	102586	0	
1.62492	1	103660	103660	0	
1.62716	1	104030	104030	0	
1.62716	1	105120	105120	0	
1.6294	1	105474	105474	0	
1.6294	1	106580	106580	0	
1.63164	1	106918	106918	0	
1.63164	1	108040	108040	0	
1.63388	1	108362	108362	0	
1.63388	1	109500	109500	0	
1.63612	1	109806	109806	0	
1.63612	1	110960	110960	0	
1.63836	1	111250	111250	0	
1.63836	1	112420	112420	0	
1.6406	1	112694	112694	0	
1.6406	1	113880	113880	0	
1.64284	1	114138	114138	0	
1.64284	1	115340	115340	0	
1.64516	1	115582	115582	0	
1.64516	1	116800	116800	0	
1.6474	1	117026	117026	0	
1.6474	1	118260	118260	0	
1.64964	1	118470	118470	0	
1.64964	1	119720	119720	0	
1.65188	1	119914	119914	0	
1.65188	1	121180	121180	0	
1.653	1	121358	121358	0	
1.653	1	122640	122640	0	
1.65511	1	122802	122802	0	
1.65511	1	124100	124100	0	
1.65723	1	124246	124246	0	
1.65723	1	125560	125560	0	
1.65934	1	125690	125690	0	
1.65934	1	127020	127020	0	
1.66145	1	127134	127134	0	
1.66145	1	128480	128480	0	
1.66357	1	128578	128578	0	
1.66357	1	129940	129940	0	
1.66568	1	130022	130022	0	
1.66568	1	131400	131400	0	
1.6678	1	131466	131466	0	
1.6678	1	132860	132860	0	
1.66999	1	132910	132910	0	
1.66999	1	134320	134320	0	
1.67211	1	134354	134354	0	
1.67211	1	135780	135780	0	
1.67422	1	135798	135798	0	
1.67422	1	137240	137240	0	
1.67633	1	137242	137242	0	
1.67844	1	138694	138694	0	
1.67844	1	138700	138700	0	
1.68056	1	140139	140139	0	
1.68056	1	140160	140160	0	
1.68267	1	141584	141584	0	
1.68267	1	141620	141620	0	
1.68479	1	143029	143029	0	
1.68479	1	143080	143080	0	
1.6869	1	144474	144474	0	
1.6869	1	144540	144540	0	
1.68902	1	145918	145918	0	
1.68902	1	146000	146000	0	
1.69114	1	147362	147362	0	
1.69114	1	147460	147460	0	
1.69325	1	148806	148806	0	
1.69325	1	148920	148920	0	
1.69536	1	150250	150250	0	
1.69536	1	150380	150380	0	
1.69748	1	151694	151694	0	
1.69748	1	151840	151840	0	
1.69959	1	153138	153138	0	
1.69959	1	153300	153300	0	
1.70171	1	154582	154582	0	
1.70171	1	154760	154760	0	
1.7039	1	156026	156026	0	
1.7039	1	156220	156220	0	
1.70601	1	157470	157470	0	
1.70601	1	157680	157680	0	
1.70813	1	158914	158914	0	
1.70813	1	159140	159140	0	
1.71025	1	160358	160358	0	
1.71025	1	160600	160600	0	
1.71236	1	161802	161802	0	
1.71236	1	162060	162060	0	
1.71447	1	163246	163246	0	
1.71447	1	163520	163520	0	
1.71659	1	164690	164690	0	
1.71659	1	164980	164980	0	
1.7187	1	166134	166134	0	
1.7187	1	166440	166440	0	
1.72082	1	167578	167578	0	
1.72082	1	167900	167900	0	
1.72293	1	169022	169022	0	
1.72293	1	169360	169360	0	
1.72512	1	170466	170466	0	
1.72512	1	170820	170820	0	
1.72724	1	171910	171910	0	
1.72724	1	172280	172280	0	
1.72935	1	173354	173354	0	
1.72935	1	173740	173740	0	
1.73147	1	174798	174798	0	
1.73147	1	175200	175200	0	
1.73359	1	176242	176242	0	
1.73359	1	176660	176660	0	
1.7357	1	177686	177686	0	
1.7357	1	178120	178120	0	
1.73789	1	179130	179130	0	
1.73789	1	179580	179580	0	
1.74001	1	180574	180574	0	
1.74001	1	181040	181040	0	
1.74212	1	182018	182018	0	
1.74212	1	182500	182500	0	
1.74423	1	183462	183462	0	
1.74423	1	183960	183960	0	
1.74635	1	184906	184906	0	
1.74635	1	185420	185420	0	
1.74846	1	186350	186350	0	
1.74846	1	186880	186880	0	
1.75066	1	187794	187794	0	
1.75066	1	188340	188340	0	
1.75312	1	189238	189238	0	
1.75312	1	189800	189800	0	
1.75559	1	190682	190682	0	
1.75559	1	191260	191260	0	
1.75805	1	192126	192126	0	
1.75805	1	192720	192720	0	
1.76052	1	193570	193570	0	
1.76052	1	194180	194180	0	
1.76298	1	195014	195014	0	
1.76298	1	195640	195640	0	
1.76544	1	196458	196458	0	
1.76544	1	197100	197100	0	
1.76791	1	197902	197902	0	
1.76791	1	198560	198560	0	
1.77037	1	199346	199346	0	
1.77037	1	200020	200020	0	
1.77283	1	200790	200790	0	
1.77283	1	201480	201480	0	
1.7753	1	202234	202234	0	
1.7753	1	202940	202940	0	
1.77777	1	203678	203678	0	
1.77777	1	204400	204400	0	
1.78023	1	205122	205122	0	
1.78023	1	205860	205860	0	
1.7827	1	206566	206566	0	
1.7827	1	207320	207320	0	
1.78516	1	208010	208010	0	
1.78516	1	208780	208780	0	
1.78763	1	209454	209454	0	
1.78763	1	210240	210240	0	
1.79018	1	210898	210898	0	
1.79018	1	211700	211700	0	
1.79264	1	212342	212342	0	
1.79264	1	213160	213160	0	
1.79511	1	213786	213786	0	
1.79511	1	214620	214620	0	
1.79757	1	215230	215230	0	
1.79757	1	216080	216080	0	
1.80004	1	216674	216674	0	
1.80004	1	217540	217540	0	
1.80251	1	218118	218118	0	
1.80251	1	219000	219000	0	
1.80497	1	219562	219562	0	
1.80497	1	220460	220460	0	
1.80744	1	221006	221006	0	
1.80744	1	221920	221920	0	
1.8099	1	222450	222450	0	
1.8099	1	223380	223380	0	
1.81236	1	223894	223894	0	
1.81236	1	224840	224840	0	
1.81483	1	225338	225338	0	
1.81483	1	226300	226300	0	
1.81729	1	226782	226782	0	
1.81729	1	227760	227760	0	
1.81985	1	228226	228226	0	
1.81985	1	229220	229220	0	
1.82231	1	229670	229670	0	
1.82231	1	230680	230680	0	
1.82477	1	231114	231114	0	
1.82477	1	232140	232140	0	
1.82725	1	232558	232558	0	
1.82725	1	233600	233600	0	
1.82971	1	234002	234002	0	
1.82971	1	235060	235060	0	
1.83217	1	235446	235446	0	
1.83217	1	236520	236520	0	
1.83464	1	236890	236890	0	
1.83464	1	237980	237980	0	
1.8371	1	238334	238334	0	
1.8371	1	239440	239440	0	
1.83957	1	239778	239778	0	
1.83957	1	240900	240900	0	
1.84203	1	241222	241222	0	
1.84203	1	242360	242360	0	
1.84449	1	242666	242666	0	
1.84449	1	243820	243820	0	
1.84696	1	244110	244110	0	
1.84696	1	245280	245280	0	
1.84942	1	245554	245554	0	
1.84942	1	246740	246740	0	
1.85282	1	246998	246998	0	
1.85282	1	248200	248200	0	
1.85497	1	248442	248442	0	
1.85497	1	249660	249660	0	
1.85706	1	249886	249886	0	
1.85706	1	251120	251120	0	
1.85922	1	251330	251330	0	
1.85922	1	252580	252580	0	
1.8613	1	252774	252774	0	
1.8613	1	254040	254040	0	
1.86338	1	254218	254218	0	
1.86338	1	255500	255500	0	
1.86546	1	255662	255662	0	
1.86546	1	256960	256960	0	
1.86755	1	257106	257106	0	
1.86755	1	258420	258420	0	
1.86963	1	258550	258550	0	
1.86963	1	259880	259880	0	
1.87171	1	259994	259994	0	
1.87171	1	261340	261340	0	
1.87379	1	261438	261438	0	
1.87379	1	262800	262800	0	
1.87588	1	262882	262882	0	
1.87588	1	264260	264260	0	
1.87797	1	264326	264326	0	
1.87797	1	265720	265720	0	
1.88005	1	265770	265770	0	
1.88005	1	267180	267180	0	
1.88213	1	267214	267214	0	
1.88213	1	268640	268640	0	
1.88429	1	268658	268658	0	
1.88429	1	270100	270100	0	
1.88637	1	270102	270102	0	
1.88855	1	271554	271554	0	
1.88855	1	271560	271560	0	
1.89257	1	272999	272999	0	
1.89257	1	273020	273020	0	
1.89673	1	274444	274444	0	
1.89673	1	274480	274480	0	
1.9001	1	275889	275889	0	
1.9001	1	275940	275940	0	
1.90213	1	277334	277334	0	
1.90213	1	277400	277400	0	
1.90417	1	278778	278778	0	
1.90417	1	278860	278860	0	
1.9062	1	280222	280222	0	
1.9062	1	280320	280320	0	
1.90823	1	281666	281666	0	
1.90823	1	281780	281780	0	
1.91039	1	283110	283110	0	
1.91039	1	283240	283240	0	
1.91242	1	284554	284554	0	
1.91242	1	284700	284700	0	
1.91451	1	285998	285998	0	
1.91451	1	286160	286160	0	
1.9166	1	287442	287442	0	
1.9166	1	287620	287620	0	
1.91869	1	288886	288886	0	
1.91869	1	289080	289080	0	
1.92072	1	290330	290330	0	
1.92072	1	290540	290540	0	
1.92281	1	291774	291774	0	
1.92281	1	292000	292000	0	
1.92489	1	293218	293218	0	
1.92489	1	293460	293460	0	
1.92693	1	294662	294662	0	
1.92693	1	294920	294920	0	
1.92896	1	296106	296106	0	
1.92896	1	296380	296380	0	
1.93099	1	297550	297550	0	
1.93099	1	297840	297840	0	
1.93302	1	298994	298994	0	
1.93302	1	299300	299300	0	
1.93505	1	300438	300438	0	
1.93505	1	300760	300760	0	
1.93708	1	301882	301882	0	
1.93708	1	302220	302220	0	
1.93911	1	303326	303326	0	
1.93911	1	303680	303680	0	
1.94114	1	304770	304770	0	
1.94114	1	305140	305140	0	
1.94317	1	306214	306214	0	
1.94317	1	306600	306600	0	
1.94521	1	307658	307658	0	
1.94521	1	308060	308060	0	
1.94731	1	309102	309102	0	
1.94731	1	309520	309520	0	
1.94935	1	310546	310546	0	
1.94935	1	310980	310980	0	
1.95138	1	311990	311990	0	
1.95138	1	312440	312440	0	
1.95252	1	313434	313434	0	
1.95252	1	313900	313900	0	
1.95466	1	314878	314878	0	
1.95466	1	315360	315360	0	
1.9568	1	316322	316322	0	
1.9568	1	316820	316820	0	
1.95894	1	317766	317766	0	
1.95894	1	318280	318280	0	
1.96108	1	319210	319210	0	
1.96108	1	319740	319740	0	
1.96323	1	320654	320654	0	
1.96323	1	321200	321200	0	
1.96537	1	322098	322098	0	
1.96537	1	322660	322660	0	
1.96759	1	323542	323542	0	
1.96759	1	324120	324120	0	
1.96973	1	324986	324986	0	
1.96973	1	325580	325580	0	
1.97187	1	326430	326430	0	
1.97187	1	327040	327040	0	
1.97402	1	327874	327874	0	
1.97402	1	328500	328500	0	
1.97616	1	329318	329318	0	
1.97616	1	329960	329960	0	
1.9783	1	330762	330762	0	
1.9783	1	331420	331420	0	
1.98044	1	332206	332206	0	
1.98044	1	332880	332880	0	
1.98258	1	333650	333650	0	
1.98258	1	334340	334340	0	
1.98472	1	335094	335094	0	
1.98472	1	335800	335800	0	
1.98687	1	336538	336538	0	
1.98687	1	337260	337260	0	
1.98901	1	337982	337982	0	
1.98901	1	338720	338720	0	
1.99115	1	339426	339426	0	
1.99115	1	340180	340180	0	
1.99329	1	340870	340870	0	
1.99329	1	341640	341640	0	
1.99543	1	342314	342314	0	
1.99543	1	343100	343100	0	
1.99757	1	343758	343758	0	
1.99757	1	344560	344560	0	
1.99972	1	345202	345202	0	
1.99972	1	346020	346020	0	
2.00194	1	346646	346646	0	
2.00194	1	347480	347480	0	
2.00408	1	348090	348090	0	
2.00408	1	348940	348940	0	
2.00623	1	349534	349534	0	
2.00623	1	350400	350400	0	
2.00837	1	350978	350978	0	
2.00837	1	351860	351860	0	
2.01057	1	352422	352422	0	
2.01057	1	353320	353320	0	
2.01277	1	353866	353866	0	
2.01277	1	354780	354780	0	
2.01497	1	355310	355310	0	
2.01497	1	356240	356240	0	
2.01717	1	356754	356754	0	
2.01717	1	357700	357700	0	
2.01931	1	358198	358198	0	
2.01931	1	359160	359160	0	
2.02145	1	359642	359642	0	
2.02145	1	360620	360620	0	
2.02359	1	361086	361086	0	
2.02359	1	362080	362080	0	
2.02574	1	362530	362530	0	
2.02574	1	363540	363540	0	
2.02796	1	363974	363974	0	
2.02796	1	365000	365000	0	
2.0301	1	365418	365418	0	
2.0301	1	366460	366460	0	
2.03225	1	366862	366862	0	
2.03225	1	367920	367920	0	
2.03439	1	368306	368306	0	
2.03439	1	369380	369380	0	
2.03653	1	369750	369750	0	
2.03653	1	370840	370840	0	
2.03867	1	371194	371194	0	
2.03867	1	372300	372300	0	
2.04081	1	372638	372638	0	
2.04081	1	373760	373760	0	
2.04295	1	374082	374082	0	
2.04295	1	375220	375220	0	
2.0451	1	375526	375526	0	
2.0451	1	376680	376680	0	
2.04724	1	376970	376970	0	
2.04724	1	378140	378140	0	
2.04938	1	378414	378414	0	
2.04938	1	379600	379600	0	
2.05152	1	379858	379858	0	
2.05152	1	381060	381060	0	
2.05383	1	381302	381302	0	
2.05383	1	382520	382520	0	
2.05614	1	382746	382746	0	
2.05614	1	383980	383980	0	
2.05854	1	384190	384190	0	
2.05854	1	385440	385440	0	
2.06086	1	385634	385634	0	
2.06086	1	386900	386900	0	
2.06317	1	387078	387078	0	
2.06317	1	388360	388360	0	
2.06548	1	388522	388522	0	
2.06548	1	389820	389820	0	
2.06779	1	389966	389966	0	
2.06779	1	391280	391280	0	
2.0701	1	391410	391410	0	
2.0701	1	392740	392740	0	
2.07241	1	392854	392854	0	
2.07241	1	394200	394200	0	
2.07472	1	394298	394298	0	
2.07472	1	395660	395660	0	
2.07703	1	395742	395742	0	
2.07703	1	397120	397120	0	
2.07934	1	397186	397186	0	
2.07934	1	398580	398580	0	
2.08165	1	398630	398630	0	
2.08165	1	400040	400040	0	
2.08396	1	400074	400074	0	
2.08396	1	401500	401500	0	
2.09112	1	401518	401518	0	
2.09112	1	402960	402960	0	
2.09591	1	402962	402962	0	
2.10065	1	404414	404414	0	
2.10065	1	404420	404420	0	
2.10391	1	405859	405859	0	
2.10391	1	405880	405880	0	
2.10622	1	407304	407304	0	
2.10622	1	407340	407340	0	
2.10853	1	408749	408749	0	
2.10853	1	408800	408800	0	
2.11084	1	410194	410194	0	
2.11084	1	410260	410260	0	
2.11316	1	411638	411638	0	
2.11316	1	411720	411720	0	
2.11547	1	413082	413082	0	
2.11547	1	413180	413180	0	
2.11816	1	414526	414526	0	
2.11816	1	414640	414640	0	
2.12047	1	415970	415970	0	
2.12047	1	416100	416100	0	
2.12278	1	417414	417414	0	
2.12278	1	417560	417560	0	
2.12518	1	418858	418858	0	
2.12518	1	419020	419020	0	
2.12749	1	420302	420302	0	
2.12749	1	420480	420480	0	
2.1298	1	421746	421746	0	
2.1298	1	421940	421940	0	
2.13211	1	423190	423190	0	
2.13211	1	423400	423400	0	
2.13442	1	424634	424634	0	
2.13442	1	424860	424860	0	
2.13673	1	426078	426078	0	
2.13673	1	426320	426320	0	
2.13904	1	427522	427522	0	
2.13904	1	427780	427780	0	
2.14135	1	428966	428966	0	
2.14135	1	429240	429240	0	
2.14366	1	430410	430410	0	
2.14366	1	430700	430700	0	
2.14598	1	431854	431854	0	
2.14598	1	432160	432160	0	
2.14829	1	433298	433298	0	
2.14829	1	433620	433620	0	
2.1506	1	434742	434742	0	
2.1506	1	435080	435080	0	
2.15688	1	436186	436186	0	
2.15688	1	436540	436540	0	
2.15915	1	437630	437630	0	
2.15915	1	438000	438000	0	
2.16143	1	439074	439074	0	
2.16143	1	439460	439460	0	
2.16371	1	440518	440518	0	
2.16371	1	440920	440920	0	
2.16608	1	441962	441962	0	
2.16608	1	442380	442380	0	
2.16836	1	443406	443406	0	
2.16836	1	443840	443840	0	
2.17064	1	444850	444850	0	
2.17064	1	445300	445300	0	
2.17292	1	446294	446294	0	
2.17292	1	446760	446760	0	
2.1752	1	447738	447738	0	
2.1752	1	448220	448220	0	
2.17748	1	449182	449182	0	
2.17748	1	449680	449680	0	
2.17975	1	450626	450626	0	
2.17975	1	451140	451140	0	
2.18203	1	452070	452070	0	
2.18203	1	452600	452600	0	
2.18431	1	453514	453514	0	
2.18431	1	454060	454060	0	
2.18659	1	454958	454958	0	
2.18659	1	455520	455520	0	
2.18887	1	456402	456402	0	
2.18887	1	456980	456980	0	
2.19115	1	457846	457846	0	
2.19115	1	458440	458440	0	
2.1937	1	459290	459290	0	
2.1937	1	459900	459900	0	
2.19605	1	460734	460734	0	
2.19605	1	461360	461360	0	
2.19839	1	462178	462178	0	
2.19839	1	462820	462820	0	
2.20073	1	463622	463622	0	
2.20073	1	464280	464280	0	
2.20301	1	465066	465066	0	
2.20301	1	465740	465740	0	
2.20529	1	466510	466510	0	
2.20529	1	467200	467200	0	
2.20757	1	467954	467954	0	
2.20757	1	468660	468660	0	
2.20985	1	469398	469398	0	
2.20985	1	470120	470120	0	
2.21213	1	470842	470842	0	
2.21213	1	471580	471580	0	
2.21441	1	472286	472286	0	
2.21441	1	473040	473040	0	
2.21678	1	473730	473730	0	
2.21678	1	474500	474500	0	
2.21906	1	475174	475174	0	
2.21906	1	475960	475960	0	
2.22133	1	476618	476618	0	
2.22133	1	477420	477420	0	
2.22361	1	478062	478062	0	
2.22361	1	478880	478880	0	
2.22589	1	479506	479506	0	
2.22589	1	480340	480340	0	
2.22817	1	480950	480950	0	
2.22817	1	481800	481800	0	
2.23045	1	482394	482394	0	
2.23045	1	483260	483260	0	
2.23273	1	483838	483838	0	
2.23273	1	484720	484720	0	
2.23501	1	485282	485282	0	
2.23501	1	486180	486180	0	
2.23729	1	486726	486726	0	
2.23729	1	487640	487640	0	
2.23956	1	488170	488170	0	
2.23956	1	489100	489100	0	
2.24184	1	489614	489614	0	
2.24184	1	490560	490560	0	
2.24412	1	491058	491058	0	
2.24412	1	492020	492020	0	
2.2464	1	492502	492502	0	
2.2464	1	493480	493480	0	
2.24868	1	493946	493946	0	
2.24868	1	494940	494940	0	
2.25096	1	495390	495390	0	
2.25096	1	496400	496400	0	
2.25324	1	496834	496834	0	
2.25324	1	497860	497860	0	
2.25552	1	498278	498278	0	
2.25552	1	499320	499320	0	
2.25762	1	499722	499722	0	
2.25762	1	500780	500780	0	
2.25964	1	501166	501166	0	
2.25964	1	502240	502240	0	
2.26166	1	502610	502610	0	
2.26166	1	503700	503700	0	
2.2639	1	504054	504054	0	
2.2639	1	505160	505160	0	
2.26593	1	505498	505498	0	
2.26593	1	506620	506620	0	
2.26795	1	506942	506942	0	
2.26795	1	508080	508080	0	
2.26997	1	508386	508386	0	
2.26997	1	509540	509540	0	
2.27199	1	509830	509830	0	
2.27199	1	511000	511000	0	
2.27401	1	511274	511274	0	
2.27401	1	512460	512460	0	
2.27603	1	512718	512718	0	
2.27603	1	513920	513920	0	
2.27813	1	514162	514162	0	
2.27813	1	515380	515380	0	
2.28016	1	515606	515606	0	
2.28016	1	516840	516840	0	
2.28218	1	517050	517050	0	
2.28218	1	518300	518300	0	
2.2842	1	518494	518494	0	
2.2842	1	519760	519760	0	
2.28622	1	519938	519938	0	
2.28622	1	521220	521220	0	
2.28824	1	521382	521382	0	
2.28824	1	522680	522680	0	
2.29451	1	522826	527158	0	
2.29451	1	522826	528520	1362	
2.29869	1	522826	528602	1444	
2.29869	1	522826	529980	2822	
2.3025	1	522826	530046	2888	
2.3025	1	522826	531440	4282	
2.30458	1	522826	531490	4332	
2.30458	1	522826	532900	5742	
2.30661	1	522826	532934	5776	
2.30661	1	522826	534360	7202	
2.30863	1	522826	534378	7220	
2.30863	1	522826	535820	8662	
2.31065	1	522826	535822	8664	
2.31267	1	522826	538719	10116	
2.31267	1	522826	538740	10137	
2.31477	1	522826	540164	11561	
2.31477	1	522826	540200	11597	
2.31679	1	522826	541609	13006	
2.31679	1	522826	541660	13057	
2.31882	1	522826	543054	14451	
2.31882	1	522826	543120	14517	
2.32084	1	522826	544498	15895	
2.32084	1	522826	544580	15977	
2.32286	1	522826	545942	17339	
2.32286	1	522826	546040	17437	
2.32488	1	522826	547386	18783	
2.32488	1	522826	547500	18897	
2.3269	1	522826	548830	20227	
2.3269	1	522826	548960	20357	
2.32892	1	522826	550274	21671	
2.32892	1	522826	550420	21817	
2.33094	1	522826	551718	23115	
2.33094	1	522826	551880	23277	
2.33297	1	522826	553162	24559	
2.33297	1	522826	553340	24737	
2.33507	1	522826	554606	26003	
2.33507	1	522826	554800	26197	
2.33709	1	522826	556050	27447	
2.33709	1	522826	556260	27657	
2.33911	1	522826	557494	28891	
2.33911	1	522826	557720	29117	
2.34113	1	522826	558938	30335	
2.34113	1	522826	559180	30577	
2.34315	1	522826	560382	31779	
2.34315	1	522826	560640	32037	
2.34518	1	522826	561826	33223	
2.34518	1	522826	562100	33497	
2.3472	1	522826	563270	34667	
2.3472	1	522826	563560	34957	
2.34922	1	522826	564714	36111	
2.34922	1	522826	565020	36417	
2.35124	1	522826	566158	37555	
2.35124	1	522826	566480	37877	
2.35326	1	522826	567602	38999	
2.35326	1	522826	567940	39337	
2.35528	1	522826	569046	40443	
2.35528	1	522826	569400	40797	
2.35642	1	522826	570490	41887	
2.35642	1	522826	570860	42257	
2.35864	1	522826	571934	43331	
2.35864	1	522826	572320	43717	
2.36077	1	522826	573378	44775	
2.36077	1	522826	573780	45177	
2.36291	1	522826	574822	46219	
2.36291	1	522826	575240	46637	
2.36504	1	522826	576266	47663	
2.36504	1	522826	576700	48097	
2.36717	1	522826	577710	49107	
2.36717	1	522826	578160	49557	
2.36931	1	522826	579154	50551	
2.36931	1	522826	579620	51017	
2.37144	1	522826	580598	51995	
2.37144	1	522826	581080	52477	
2.37357	1	522826	582042	53439	
2.37357	1	522826	582540	53937	
2.37571	1	522826	583486	54883	
2.37571	1	522826	584000	55397	
2.37784	1	522826	584930	56327	
2.37784	1	522826	585460	56857	
2.37997	1	522826	586374	57771	
2.37997	1	522826	586920	58317	
2.38211	1	522826	587818	59215	
2.38211	1	522826	588380	59777	
2.38424	1	522826	589262	60659	
2.38424	1	522826	589840	61237	
2.38637	1	522826	590706	62103	
2.38637	1	522826	591300	62697	
2.3885	1	522826	592150	63547	
2.3885	1	522826	592760	64157	
2.39064	1	522826	593594	64991	
2.39064	1	522826	594220	65617	
2.39286	1	522826	595038	66435	
2.39286	1	522826	595680	67077	
2.39499	1	522826	596482	67879	
2.39499	1	522826	597140	68537	
2.39712	1	522826	597926	69323	
2.39712	1	522826	598600	69997	
2.39926	1	522826	599370	70767	
2.39926	1	522826	600060	71457	
2.40139	1	522826	600814	72211	
2.40139	1	522826	601520	72917	
2.40352	1	522826	602258	73655	
2.40352	1	522826	602980	74377	
2.40565	1	522826	603702	75099	
2.40565	1	522826	604440	75837	
2.40779	1	522826	605146	76543	
2.40779	1	522826	605900	77297	
2.40992	1	522826	606590	77987	
2.40992	1	522826	607360	78757	
2.41205	1	522826	608034	79431	
2.41205	1	522826	608820	80217	
2.41419	1	522826	609478	80875	
2.41419	1	522826	610280	81677	
2.41632	1	522826	610922	82319	
2.41632	1	522826	611740	83137	
2.41854	1	522826	612366	83763	
2.41854	1	522826	613200	84597	
2.42067	1	522826	613810	85207	
2.42067	1	522826	614660	86057	
2.4228	1	522826	615254	86651	
2.4228	1	522826	616120	87517	
2.42494	1	522826	616698	88095	
2.42494	1	522826	617580	88977	
2.42707	1	522826	618142	89539	
2.42707	1	522826	619040	90437	
2.4292	1	522826	619586	90983	
2.4292	1	522826	620500	91897	
2.43169	1	522826	621030	92427	
2.43169	1	522826	621960	93357	
2.43382	1	522826	622474	93871	
2.43382	1	522826	623420	94817	
2.43595	1	522826	623918	95315	
2.43595	1	522826	624880	96277	
2.43809	1	522826	625362	96759	
2.43809	1	522826	626340	97737	
2.44022	1	522826	626806	98203	
2.44022	1	522826	627800	99197	
2.44235	1	522826	628250	99647	
2.44235	1	522826	629260	100657	
2.44449	1	522826	629694	101091	
2.44449	1	522826	630720	102117	
2.44662	1	522826	631138	102535	
2.44662	1	522826	632180	103577	
2.44875	1	522826	632582	103979	
2.44875	1	522826	633640	105037	
2.45088	1	522826	634026	105423	
2.45088	1	522826	635100	106497	
2.4531	1	522826	635470	106867	
2.4531	1	522826	636560	107957	
2.45524	1	522826	636914	108311	
2.45524	1	522826	638020	109417	
2.45861	1	522826	638358	109755	
2.45861	1	522826	639480	110877	
2.46099	1	522826	639802	111199	
2.46099	1	522826	640940	112337	
2.46336	1	522826	641246	112643	
2.46336	1	522826	642400	113797	
2.46574	1	522826	642690	114087	
2.46574	1	522826	643860	115257	
2.46811	1	522826	644134	115531	
2.46811	1	522826	645320	116717	
2.47049	1	522826	645578	116975	
2.47049	1	522826	646780	118177	
2.47286	1	522826	647022	118419	
2.47286	1	522826	648240	119637	
2.47524	1	522826	648466	119863	
2.47524	1	522826	649700	121097	
2.47761	1	522826	649910	121307	
2.47761	1	522826	651160	122557	
2.47999	1	522826	651354	122751	
2.47999	1	522826	652620	124017	
2.48246	1	522826	652798	124195	
2.48246	1	522826	654080	125477	
2.48483	1	522826	654242	125639	
2.48483	1	522826	655540	126937	
2.48721	1	522826	655686	127083	
2.48721	1	522826	657000	128397	
2.48985	1	522826	657130	128527	
2.48985	1	522826	658460	129857	
2.49726	1	522826	664350	129971	
2.49726	1	522826	665760	131381	
2.50248	1	522826	665794	131415	
2.50248	1	522826	667220	132841	
2.50517	1	522826	667238	132859	
2.50517	1	522826	668680	134301	
2.50754	1	522826	668682	134303	
2.50992	1	522826	671579	135755	
2.50992	1	522826	671600	135776	
2.51229	1	522826	673024	137200	
2.51229	1	522826	673060	137236	
2.51467	1	522826	674469	138645	
2.51467	1	522826	674520	138696	
2.51704	1	522826	675914	140090	
2.51704	1	522826	675980	140156	
2.51942	1	522826	677358	141534	
2.51942	1	522826	677440	141616	
2.52179	1	522826	678802	142978	
2.52179	1	522826	678900	143076	
2.52417	1	522826	680246	144422	
2.52417	1	522826	680360	144536	
2.52654	1	522826	681690	145866	
2.52654	1	522826	681820	145996	
2.52892	1	522826	683134	147310	
2.52892	1	522826	683280	147456	
2.53129	1	522826	684578	148754	
2.53129	1	522826	684740	148916	
2.53367	1	522826	686022	150198	
2.53367	1	522826	686200	150376	
2.53604	1	522826	687466	151642	
2.53604	1	522826	687660	151836	
2.53842	1	522826	688910	153086	
2.53842	1	522826	689120	153296	
2.54079	1	522826	690354	154530	
2.54079	1	522826	690580	154756	
2.54317	1	522826	691798	155974	
2.54317	1	522826	692040	156216	
2.54564	1	522826	693242	157418	
2.54564	1	522826	693500	157676	
2.54801	1	522826	694686	158862	
2.54801	1	522826	694960	159136	
2.55039	1	522826	696130	160306	
2.55039	1	522826	696420	160596	
2.55276	1	522826	697574	161750	
2.55276	1	522826	697880	162056	
2.5532	1	522826	700462	163194	
2.5532	1	522826	700800	163532	
2.55514	1	522826	699018	164638	
2.55514	1	522826	699340	164960	
2.55526	1	522826	701906	166082	
2.55526	1	522826	702260	166436	
2.55731	1	522826	703350	167526	
2.55731	1	522826	703720	167896	
2.55937	1	522826	704794	168970	
2.55937	1	522826	705180	169356	
2.56143	1	522826	706238	170414	
2.56143	1	522826	706640	170816	
2.56357	1	522826	707682	171858	
2.56357	1	522826	708100	172276	
2.56563	1	522826	709126	173302	
2.56563	1	522826	709560	173736	
2.56769	1	522826	710570	174746	
2.56769	1	522826	711020	175196	
2.56975	1	522826	712014	176190	
2.56975	1	522826	712480	176656	
2.57181	1	522826	713458	177634	
2.57181	1	522826	713940	178116	
2.57387	1	522826	714902	179078	
2.57387	1	522826	715400	179576	
2.57593	1	522826	716346	180522	
2.57593	1	522826	716860	181036	
2.57799	1	522826	717790	181966	
2.57799	1	522826	718320	182496	
2.58004	1	522826	719234	183410	
2.58004	1	522826	719780	183956	
2.5821	1	522826	720678	184854	
2.5821	1	522826	721240	185416	
2.58416	1	522826	722122	186298	
2.58416	1	522826	722700	186876	
2.58622	1	522826	723566	187742	
2.58622	1	522826	724160	188336	
2.58836	1	522826	725010	189186	
2.58836	1	522826	725620	189796	
2.59042	1	522826	726454	190630	
2.59042	1	522826	727080	191256	
2.59248	1	522826	727898	192074	
2.59248	1	522826	728540	192716	
2.59454	1	522826	729342	193518	
2.59454	1	522826	730000	194176	
2.5966	1	522826	730786	194962	
2.5966	1	522826	731460	195636	
2.59866	1	522826	732230	196406	
2.59866	1	522826	732920	197096	
2.60072	1	522826	733674	197850	
2.60072	1	522826	734380	198556	
2.60277	1	522826	735118	199294	
2.60277	1	522826	735840	200016	
2.60483	1	522826	736562	200738	
2.60483	1	522826	737300	201476	
2.60689	1	522826	738006	202182	
2.60689	1	522826	738760	202936	
2.60895	1	522826	739450	203626	
2.60895	1	522826	740220	204396	
2.61101	1	522826	740894	205070	
2.61101	1	522826	741680	205856	
2.61307	1	522826	742338	206514	
2.61307	1	522826	743140	207316	
2.61513	1	522826	743782	207958	
2.61513	1	522826	744600	208776	
2.61719	1	522826	745226	209402	
2.61719	1	522826	746060	210236	
2.61924	1	522826	746670	210846	
2.61924	1	522826	747520	211696	
2.62139	1	522826	748114	212290	
2.62139	1	522826	748980	213156	
2.62344	1	522826	749558	213734	
2.62344	1	522826	750440	214616	
2.6255	1	522826	751002	215178	
2.6255	1	522826	751900	216076	
2.62756	1	522826	752446	216622	
2.62756	1	522826	753360	217536	
2.62962	1	522826	753890	218066	
2.62962	1	522826	754820	218996	
2.63168	1	522826	755334	219510	
2.63168	1	522826	756280	220456	
2.63374	1	522826	756778	220954	
2.63374	1	522826	757740	221916	
2.6358	1	522826	758222	222398	
2.6358	1	522826	759200	223376	
2.63786	1	522826	759666	223842	
2.63786	1	522826	760660	224836	
2.63992	1	522826	761110	225286	
2.63992	1	522826	762120	226296	
2.64197	1	522826	762554	226730	
2.64197	1	522826	763580	227756	
2.64403	1	522826	763998	228174	
2.64403	1	522826	765040	229216	
2.64617	1	522826	765442	229618	
2.64617	1	522826	766500	230676	
2.64823	1	522826	766886	231062	
2.64823	1	522826	767960	232136	
2.65029	1	522826	768330	232506	
2.65029	1	522826	769420	233596	
2.65344	1	522826	769774	233950	
2.65344	1	522826	770880	235056	
2.6556	1	522826	771218	235394	
2.6556	1	522826	772340	236516	
2.65775	1	522826	772662	236838	
2.65775	1	522826	773800	237976	
2.6599	1	522826	774106	238282	
2.6599	1	522826	775260	239436	
2.66206	1	522826	775550	239726	
2.66206	1	522826	776720	240896	
2.66421	1	522826	776994	241170	
2.66421	1	522826	778180	242356	
2.66636	1	522826	778438	242614	
2.66636	1	522826	779640	243816	
2.66851	1	522826	779882	244058	
2.66851	1	522826	781100	245276	
2.67067	1	522826	781326	245502	
2.67067	1	522826	782560	246736	
2.67282	1	522826	782770	246946	
2.67282	1	522826	784020	248196	
2.67497	1	522826	784214	248390	
2.67497	1	522826	785480	249656	
2.67712	1	522826	785658	249834	
2.67712	1	522826	786940	251116	
2.67928	1	522826	787102	251278	
2.67928	1	522826	788400	252576	
2.68152	1	522826	788546	252722	
2.68152	1	522826	789860	254036	
2.68367	1	522826	789990	254166	
2.68367	1	522826	791320	255496	
2.68582	1	522826	791434	255610	
2.68582	1	522826	792780	256956	
2.68797	1	522826	792878	257054	
2.68797	1	522826	794240	258416	
2.69013	1	522826	794322	258498	
2.69013	1	522826	795700	259876	
2.69228	1	522826	795766	259942	
2.69228	1	522826	797160	261336	
2.69443	1	522826	797210	261386	
2.69443	1	522826	798620	262796	
2.69658	1	522826	798654	262830	
2.69658	1	522826	800080	264256	
2.69874	1	522826	800098	264274	
2.69874	1	522826	801540	265716	
2.70089	1	522826	801542	265718	
2.70304	1	522826	802994	267170	
2.70304	1	522826	803000	267176	
2.70519	1	522826	804439	268615	
2.70519	1	522826	804460	268636	
2.70743	1	522826	805884	270060	
2.70743	1	522826	805920	270096	
2.70959	1	522826	807329	271505	
2.70959	1	522826	807380	271556	
2.71174	1	522826	808774	272950	
2.71174	1	522826	808840	273016	
2.71389	1	522826	811662	274394	
2.71389	1	522826	811760	274492	
2.71604	1	522826	813106	275838	
2.71604	1	522826	813220	275952	
2.7182	1	522826	814550	277282	
2.7182	1	522826	814680	277412	
2.72035	1	522826	815994	278726	
2.72035	1	522826	816140	278872	
2.7225	1	522826	817438	280170	
2.7225	1	522826	817600	280332	
2.72465	1	522826	818882	281614	
2.72465	1	522826	819060	281792	
2.72681	1	522826	820326	283058	
2.72681	1	522826	820520	283252	
2.72896	1	522826	821770	284502	
2.72896	1	522826	821980	284712	
2.73121	1	522826	823214	285946	
2.73121	1	522826	823440	286172	
2.73336	1	522826	824658	287390	
2.73336	1	522826	824900	287632	
2.73551	1	522826	826102	288834	
2.73551	1	522826	826360	289092	
2.73766	1	522826	827546	290278	
2.73766	1	522826	827820	290552	
2.73982	1	522826	830434	291722	
2.73982	1	522826	830740	292028	
2.74197	1	522826	831878	293166	
2.74197	1	522826	832200	293488	
2.74412	1	522826	833322	294610	
2.74412	1	522826	833660	294948	
2.74627	1	522826	834766	296054	
2.74627	1	522826	835120	296408	
2.74843	1	522826	836210	297498	
2.74843	1	522826	836580	297868	
2.75058	1	522826	837654	298942	
2.75058	1	522826	838040	299328	
2.75273	1	522826	839098	300386	
2.75273	1	522826	839500	300788	
2.7548	1	522826	840542	301830	
2.7548	1	522826	840960	302248	
2.75686	1	522826	841986	303274	
2.75686	1	522826	842420	303708	
2.75893	1	522826	843430	304718	
2.75893	1	522826	843880	305168	
2.76099	1	522826	844874	306162	
2.76099	1	522826	845340	306628	
2.76314	1	522826	846318	307606	
2.76314	1	522826	846800	308088	
2.76521	1	522826	847762	309050	
2.76521	1	522826	848260	309548	
2.76727	1	522826	849206	310494	
2.76727	1	522826	849720	311008	
2.76934	1	522826	852094	311938	
2.76934	1	522826	852640	312484	
2.7714	1	522826	853538	313382	
2.7714	1	522826	854100	313944	
2.77347	1	522826	854982	314826	
2.77347	1	522826	855560	315404	
2.77554	1	522826	856426	316270	
2.77554	1	522826	857020	316864	
2.7776	1	522826	857870	317714	
2.7776	1	522826	858480	318324	
2.77967	1	522826	859314	319158	
2.77967	1	522826	859940	319784	
2.78173	1	522826	860758	320602	
2.78173	1	522826	861400	321244	
2.7838	1	522826	862202	322046	
2.7838	1	522826	862860	322704	
2.78595	1	522826	863646	323490	
2.78595	1	522826	864320	324164	
2.78801	1	522826	865090	324934	
2.78801	1	522826	865780	325624	
2.79008	1	522826	866534	326378	
2.79008	1	522826	867240	327084	
2.79214	1	522826	867978	327822	
2.79214	1	522826	868700	328544	
2.79421	1	522826	869422	329266	
2.79421	1	522826	870160	330004	
2.79627	1	522826	872310	330710	
2.79627	1	522826	873080	331480	
2.79834	1	522826	873754	332154	
2.79834	1	522826	874540	332940	
2.8004	1	522826	875198	333598	
2.8004	1	522826	876000	334400	
2.80666	1	522826	876642	335042	
2.80666	1	522826	877460	335860	
2.80878	1	522826	878086	336486	
2.80878	1	522826	878920	337320	
2.81084	1	522826	879530	337930	
2.81084	1	522826	880380	338780	
2.81299	1	522826	880974	339374	
2.81299	1	522826	881840	340240	
2.81506	1	522826	882418	340818	
2.81506	1	522826	883300	341700	
2.81719	1	522826	885306	342262	
2.81719	1	522826	886220	343176	
2.81926	1	522826	886750	343706	
2.81926	1	522826	887680	344636	
2.82132	1	522826	888194	345150	
2.82132	1	522826	889140	346096	
2.82339	1	522826	889638	346594	
2.82339	1	522826	890600	347556	
2.82545	1	522826	891082	348038	
2.82545	1	522826	892060	349016	
2.82752	1	522826	892526	349482	
2.82752	1	522826	893520	350476	
2.82959	1	522826	893970	350926	
2.82959	1	522826	894980	351936	
2.83165	1	522826	895414	352370	
2.83165	1	522826	896440	353396	
2.83372	1	522826	896858	353814	
2.83372	1	522826	897900	354856	
2.83578	1	522826	898302	355258	
2.83578	1	522826	899360	356316	
2.83785	1	522826	899746	356702	
2.83785	1	522826	900820	357776	
2.83991	1	522826	901190	358146	
2.83991	1	522826	902280	359236	
2.84198	1	522826	902634	359590	
2.84198	1	522826	903740	360696	
2.84404	1	522826	904078	361034	
2.84404	1	522826	905200	362156	
2.84611	1	522826	905522	362478	
2.84611	1	522826	906660	363616	
2.84818	1	522826	906966	363922	
2.84818	1	522826	908120	365076	
2.85024	1	522826	908410	365366	
2.85024	1	522826	909580	366536	
2.85231	1	522826	909854	366810	
2.85231	1	522826	911040	367996	
2.85539	1	522826	911298	368254	
2.85539	1	522826	912500	369456	
2.85748	1	522826	912742	369698	
2.85748	1	522826	913960	370916	
2.85957	1	522826	914186	371142	
2.85957	1	522826	915420	372376	
2.86165	1	522826	915630	372586	
2.86165	1	522826	916880	373836	
2.86374	1	522826	917074	374030	
2.86374	1	522826	918340	375296	
2.86583	1	522826	918518	375474	
2.86583	1	522826	919800	376756	
2.86791	1	522826	919962	376918	
2.86791	1	522826	921260	378216	
2.87	1	522826	921406	378362	
2.87	1	522826	922720	379676	
2.87209	1	522826	922850	379806	
2.87209	1	522826	924180	381136	
2.87417	1	522826	924294	381250	
2.87417	1	522826	925640	382596	
2.87626	1	522826	925738	382694	
2.87626	1	522826	927100	384056	
2.87835	1	522826	927182	384138	
2.87835	1	522826	928560	385516	
2.88043	1	522826	928626	385582	
2.88043	1	522826	930020	386976	
2.88252	1	522826	930070	387026	
2.88252	1	522826	931480	388436	
2.88461	1	522826	931514	388470	
2.88461	1	522826	932940	389896	
2.88669	1	522826	932958	389914	
2.88669	1	522826	934400	391356	
2.88878	1	522826	934402	391358	
2.89086	1	522826	935854	392810	
2.89086	1	522826	935860	392816	
2.89295	1	522826	937299	394255	
2.89295	1	522826	937320	394276	
2.89504	1	522826	940189	395700	
2.89504	1	522826	940240	395751	
2.89712	1	522826	941634	397145	
2.89712	1	522826	941700	397211	
2.89921	1	522826	943078	398589	
2.89921	1	522826	943160	398671	
2.90138	1	522826	944522	400033	
2.90138	1	522826	944620	400131	
2.90347	1	522826	945966	401477	
2.90347	1	522826	946080	401591	
2.90555	1	522826	947410	402921	
2.90555	1	522826	947540	403051	
2.90764	1	522826	948854	404365	
2.90764	1	522826	949000	404511	
2.90973	1	522826	950298	405809	
2.90973	1	522826	950460	405971	
2.91181	1	522826	951742	407253	
2.91181	1	522826	951920	407431	
2.9139	1	522826	953186	408697	
2.9139	1	522826	953380	408891	
2.91599	1	522826	954630	410141	
2.91599	1	522826	954840	410351	
2.91807	1	522826	957518	411585	
2.91807	1	522826	957760	411827	
2.92024	1	522826	958962	413029	
2.92024	1	522826	959220	413287	
2.92233	1	522826	960406	414473	
2.92233	1	522826	960680	414747	
2.92442	1	522826	961850	415917	
2.92442	1	522826	962140	416207	
2.9265	1	522826	963294	417361	
2.9265	1	522826	963600	417667	
2.92859	1	522826	964738	418805	
2.92859	1	522826	965060	419127	
2.93068	1	522826	966182	420249	
2.93068	1	522826	966520	420587	
2.93276	1	522826	967626	421693	
2.93276	1	522826	967980	422047	
2.93485	1	522826	969070	423137	
2.93485	1	522826	969440	423507	
2.93694	1	522826	970514	424581	
2.93694	1	522826	970900	424967	
2.93902	1	522826	971958	426025	
2.93902	1	522826	972360	426427	
2.94111	1	522826	974846	427469	
2.94111	1	522826	975280	427903	
2.94328	1	522826	976290	428913	
2.94328	1	522826	976740	429363	
2.94537	1	522826	977734	430357	
2.94537	1	522826	978200	430823	
2.94745	1	522826	979178	431801	
2.94745	1	522826	979660	432283	
2.94954	1	522826	980622	433245	
2.94954	1	522826	981120	433743	
2.95163	1	522826	982066	434689	
2.95163	1	522826	982580	435203	
2.95371	1	522826	983510	436133	
2.95371	1	522826	984040	436663	
2.95589	1	522826	984954	437577	
2.95589	1	522826	985500	438123	
2.95806	1	522826	986398	439021	
2.95806	1	522826	986960	439583	
2.96024	1	522826	987842	440465	
2.96024	1	522826	988420	441043	
2.96241	1	522826	990730	441909	
2.96241	1	522826	991340	442519	
2.96459	1	522826	992174	443353	
2.96459	1	522826	992800	443979	
2.96677	1	522826	993618	444797	
2.96677	1	522826	994260	445439	
2.96894	1	522826	995062	446241	
2.96894	1	522826	995720	446899	
2.97112	1	522826	996506	447685	
2.97112	1	522826	997180	448359	
2.97329	1	522826	997950	449129	
2.97329	1	522826	998640	449819	
2.97547	1	522826	999394	450573	
2.97547	1	522826	1000100	451279	
2.97764	1	522826	1000838	452017	
2.97764	1	522826	1001560	452739	
2.9799	1	522826	1002282	453461	
2.9799	1	522826	1003020	454199	
2.98208	1	522826	1003726	454905	
2.98208	1	522826	1004480	455659	
2.98426	1	522826	1005170	456349	
2.98426	1	522826	1005940	457119	
2.98643	1	522826	1008058	457793	
2.98643	1	522826	1008860	458595	
2.98861	1	522826	1009502	459237	
2.98861	1	522826	1010320	460055	
2.99078	1	522826	1010946	460681	
2.99078	1	522826	1011780	461515	
2.99296	1	522826	1012390	462125	
2.99296	1	522826	1013240	462975	
2.99513	1	522826	1013834	463569	
2.99513	1	522826	1014700	464435	
2.99737	1	522826	1015278	465013	
2.99737	1	522826	1016160	465895	
2.99963	1	522826	1016722	466457	
2.99963	1	522826	1017620	467355	
3.00211	1	522826	1019610	467901	
3.00211	1	522826	1020540	468831	
3.00429	1	522826	1021054	469345	
3.00429	1	522826	1022000	470291	
3.00646	1	522826	1022498	470789	
3.00646	1	522826	1023460	471751	
3.01137	1	522826	1029718	472233	
3.01137	1	522826	1030760	473275	
3.01562	1	522826	1036938	473677	
3.01562	1	522826	1038060	474799	
3.0186	1	522826	1039826	475121	
3.0186	1	522826	1040980	476275	
3.02078	1	522826	1041270	476565	
3.02078	1	522826	1042440	477735	
3.02295	1	522826	1042714	478009	
3.02295	1	522826	1043900	479195	
3.02513	1	522826	1044158	479453	
3.02513	1	522826	1045360	480655	
3.0273	1	522826	1045602	480897	
3.0273	1	522826	1046820	482115	
3.02973	1	522826	522826	482341	
3.02973	1	524140	524140	482341	
3.02973	1	524270	524270	482341	
3.02973	1	525600	525600	482341	
3.03199	1	525714	525714	482341	
3.03199	1	527060	527060	482341	
3.03417	1	537274	537274	472225	
3.03417	1	537280	537280	472225	
3.03722	1	658574	658574	352370	
3.03722	1	659920	659920	352370	
3.03722	1	660018	660018	352370	
3.03722	1	661380	661380	352370	
3.0394	1	661462	661462	352370	
3.0394	1	662840	662840	352370	
3.0394	1	662906	662906	352370	
3.0394	1	664300	664300	352370	
3.04166	1	670134	670134	346586	
3.04166	1	670140	670140	346586	
3.04484	1	810218	1048490	207947	
3.04484	1	810218	1049740	209197	
3.04701	1	810218	1049934	209391	
3.04701	1	810218	1051200	210657	
3.04919	1	810218	1051378	210835	
3.04919	1	810218	1052660	212117	
3.05136	1	810218	1052822	212279	
3.05136	1	810218	1054120	213577	
3.05362	1	810218	1054266	213723	
3.05362	1	810218	1055580	215037	
3.05768	1	810218	1055710	215167	
3.05768	1	810218	1057040	216497	
3.05973	1	810218	1057154	216611	
3.05973	1	810218	1058500	217957	
3.06178	1	810218	1058598	218055	
3.06178	1	810218	1059960	219417	
3.06384	1	810218	1060042	219499	
3.06384	1	810218	1061420	220877	
3.06589	1	810218	810218	220943	
3.06589	1	810300	810300	220943	
3.06794	1	828990	1061486	203615	
3.06794	1	828990	1062880	205009	
3.07	1	828990	1062930	205059	
3.07	1	828990	1064340	206469	
3.07205	1	828990	1064374	206503	
3.07205	1	828990	1065800	207929	
3.07418	1	828990	1065818	207947	
3.07418	1	828990	1067260	209389	
3.07624	1	828990	1067262	209391	
3.07829	1	828990	1068714	210843	
3.07829	1	828990	1068720	210849	
3.08034	1	828990	1070159	212288	
3.08034	1	828990	1070180	212309	
3.0824	1	828990	1071604	213733	
3.0824	1	828990	1071640	213769	
3.08445	1	828990	1073049	215178	
3.08445	1	828990	1073100	215229	
3.0865	1	828990	1074494	216623	
3.0865	1	828990	1074560	216689	
3.08856	1	828990	1075938	218067	
3.08856	1	828990	1076020	218149	
3.09069	1	828990	828990	219511	
3.09069	1	829280	829280	219511	
3.09274	1	850650	1077382	199295	
3.09274	1	850650	1077480	199393	
3.0948	1	850650	1078826	200739	
3.0948	1	850650	1078940	200853	
3.09685	1	850650	1080270	202183	
3.09685	1	850650	1080400	202313	
3.0989	1	850650	1081714	203627	
3.0989	1	850650	1081860	203773	
3.10096	1	850650	1083158	205071	
3.10096	1	850650	1083320	205233	
3.10301	1	850650	1084602	206515	
3.10301	1	850650	1084780	206693	
3.10506	1	850650	1086046	207959	
3.10506	1	850650	1086240	208153	
3.10712	1	850650	1087490	209403	
3.10712	1	850650	1087700	209613	
3.10917	1	850650	1088934	210847	
3.10917	1	850650	1089160	211073	
3.1113	1	850650	1090378	212291	
3.1113	1	850650	1090620	212533	
3.11336	1	850650	1091822	213735	
3.11336	1	850650	1092080	213993	
3.11541	1	850650	1093266	215179	
3.11541	1	850650	1093540	215453	
3.11746	1	850650	1094710	216623	
3.11746	1	850650	1095000	216913	
3.11952	1	850650	1096154	218067	
3.11952	1	850650	1096460	218373	
3.12157	1	850650	850650	219511	
3.12157	1	851180	851180	219511	
3.12362	1	870866	1097598	200739	
3.12362	1	870866	1097920	201061	
3.12567	1	870866	1099042	202183	
3.12567	1	870866	1099380	202521	
3.12773	1	870866	1100486	203627	
3.12773	1	870866	1100840	203981	
3.12986	1	870866	1101930	205071	
3.12986	1	870866	1102300	205441	
3.13192	1	870866	1103374	206515	
3.13192	1	870866	1103760	206901	
3.13397	1	870866	1104818	207959	
3.13397	1	870866	1105220	208361	
3.13619	1	870866	1106262	209403	
3.13619	1	870866	1106680	209821	
3.13824	1	870866	1107706	210847	
3.13824	1	870866	1108140	211281	
3.1403	1	870866	1109150	212291	
3.1403	1	870866	1109600	212741	
3.14235	1	870866	1110594	213735	
3.14235	1	870866	1111060	214201	
3.1444	1	870866	1112038	215179	
3.1444	1	870866	1112520	215661	
3.14654	1	870866	1113482	216623	
3.14654	1	870866	1113980	217121	
3.14859	1	870866	1114926	218067	
3.14859	1	870866	1115440	218581	
3.15064	1	870866	1116370	219511	
3.15064	1	870866	1116900	220041	
3.1527	1	870866	870866	220955	
3.1527	1	871620	871620	220955	
3.15475	1	883862	1117814	209403	
3.15475	1	883862	1118360	209949	
3.15497	1	883862	1119258	210847	
3.15497	1	883862	1119820	211409	
3.15759	1	883862	1122146	212291	
3.15759	1	883862	1122740	212885	
3.15981	1	883862	1123590	213735	
3.15981	1	883862	1124200	214345	
3.16212	1	883862	1125034	215179	
3.16212	1	883862	1125660	215805	
3.16453	1	883862	1126478	216623	
3.16453	1	883862	1127120	217265	
3.16676	1	883862	1127922	218067	
3.16676	1	883862	1128580	218725	
3.16898	1	883862	883862	219511	
3.16898	1	884760	884760	219511	
3.1712	1	938744	1129366	166073	
3.1712	1	938744	1130040	166747	
3.17343	1	938744	1130810	167517	
3.17343	1	938744	1131500	168207	
3.17565	1	938744	1132254	168961	
3.17565	1	938744	1132960	169667	
3.17788	1	938744	1133698	170405	
3.17788	1	938744	1134420	171127	
3.1801	1	938744	1135142	171849	
3.1801	1	938744	1135880	172587	
3.18233	1	938744	1136586	173293	
3.18233	1	938744	1137340	174047	
3.18474	1	938744	1138030	174737	
3.18474	1	938744	1138800	175507	
3.18696	1	938744	1139474	176181	
3.18696	1	938744	1140260	176967	
3.18918	1	938744	1140918	177625	
3.18918	1	938744	1141720	178427	
3.19141	1	938744	1142362	179069	
3.19141	1	938744	1143180	179887	
3.19363	1	938744	1143806	180513	
3.19363	1	938744	1144640	181347	
3.19586	1	938744	1145250	181957	
3.19586	1	938744	1146100	182807	
3.19808	1	938744	1146694	183401	
3.19808	1	938744	1147560	184267	
3.20031	1	938744	1148138	184845	
3.20031	1	938744	1149020	185727	
3.20253	1	938744	1149582	186289	
3.20253	1	938744	1150480	187187	
3.20485	1	938744	1151026	187733	
3.20485	1	938744	1151940	188647	
3.20707	1	938744	1152470	189177	
3.20707	1	938744	1153400	190107	
3.2093	1	938744	1153914	190621	
3.2093	1	938744	1154860	191567	
3.21245	1	938744	1158246	192065	
3.21245	1	938744	1159240	193059	
3.21524	1	938744	1161134	193509	
3.21524	1	938744	1162160	194535	
3.21831	1	938744	1164022	194953	
3.21831	1	938744	1165080	196011	
3.22053	1	938744	1166910	196397	
3.22053	1	938744	1168000	197487	
3.22276	1	938744	1168354	197841	
3.22276	1	938744	1169460	198947	
3.22943	1	938744	1169798	199285	
3.22943	1	938744	1170920	200407	
3.23388	1	938744	1171242	200729	
3.23388	1	938744	1172380	201867	
3.23833	1	938744	1172686	202173	
3.23833	1	938744	1173840	203327	
3.24278	1	938744	1174130	203617	
3.24278	1	938744	1175300	204787	
3.24732	1	938744	1177018	205061	
3.24732	1	938744	1178220	206263	
3.25189	1	938744	1178462	206505	
3.25189	1	938744	1179680	207723	
3.2575	1	938744	1179906	207949	
3.2575	1	938744	1181140	209183	
3.2623	1	938744	1185682	209393	
3.2623	1	938744	1186980	210691	
3.26508	1	938744	1187126	210837	
3.26508	1	938744	1188440	212151	
3.26768	1	938744	1188570	212281	
3.26768	1	938744	1189900	213611	
3.27006	1	938744	1190014	213725	
3.27006	1	938744	1191360	215071	
3.27244	1	938744	1191458	215169	
3.27244	1	938744	1192820	216531	
3.27482	1	938744	1192902	216613	
3.27482	1	938744	1194280	217991	
3.27719	1	938744	1194346	218057	
3.27719	1	938744	1195740	219451	
3.27957	1	938744	1195790	219501	
3.27957	1	938744	1197200	220911	
3.28195	1	938744	956074	220945	
3.28195	1	938744	956300	221171	
3.28433	1	938744	1198678	222389	
3.28433	1	938744	1200120	223831	
3.2868	1	938744	1200122	223833	
3.28918	1	938744	1201574	225285	
3.28918	1	938744	1201580	225291	
3.29156	1	938744	1203019	226730	
3.29156	1	938744	1203040	226751	
3.29394	1	938744	1204464	228175	
3.29394	1	938744	1204500	228211	
3.29632	1	938744	1205909	229620	
3.29632	1	938744	1205960	229671	
3.29869	1	938744	1207354	231065	
3.29869	1	938744	1207420	231131	
3.30107	1	938744	1208798	232509	
3.30107	1	938744	1208880	232591	
3.30345	1	938744	1210242	233953	
3.30345	1	938744	1210340	234051	
3.30596	1	938744	1211686	235397	
3.30596	1	938744	1211800	235511	
3.30844	1	938744	973402	236841	
3.30844	1	938744	973820	237259	
3.31082	1	938744	1213130	238285	
3.31082	1	938744	1213260	238415	
3.3132	1	938744	1214574	239729	
3.3132	1	938744	1214720	239875	
3.31558	1	938744	1216018	241173	
3.31558	1	938744	1216180	241335	
3.31795	1	938744	1217462	242617	
3.31795	1	938744	1217640	242795	
3.32033	1	938744	1218906	244061	
3.32033	1	938744	1219100	244255	
3.32271	1	938744	1220350	245505	
3.32271	1	938744	1220560	245715	
3.32509	1	938744	1221794	246949	
3.32509	1	938744	1222020	247175	
3.32747	1	938744	1223238	248393	
3.32747	1	938744	1223480	248635	
3.32994	1	938744	1224682	249837	
3.32994	1	938744	1224940	250095	
3.33324	1	938744	989286	251281	
3.33324	1	938744	989880	251875	
3.33562	1	938744	1229014	252725	
3.33562	1	938744	1229320	253031	
3.33799	1	938744	1230458	254169	
3.33799	1	938744	1230780	254491	
3.3407	1	938744	1233346	255613	
3.3407	1	938744	1233700	255967	
3.34308	1	938744	1234790	257057	
3.34308	1	938744	1235160	257427	
3.34545	1	938744	1236234	258501	
3.34545	1	938744	1236620	258887	
3.34793	1	938744	1237678	259945	
3.34793	1	938744	1238080	260347	
3.35031	1	938744	1239122	261389	
3.35031	1	938744	1239540	261807	
3.35268	1	938744	1240566	262833	
3.35268	1	938744	1241000	263267	
3.35506	1	938744	1242010	264277	
3.35506	1	938744	1242460	264727	
3.35735	1	938744	1243454	265721	
3.35735	1	938744	1243920	266187	
3.35964	1	938744	1006614	267165	
3.35964	1	938744	1007400	267951	
3.36193	1	938744	1244898	268609	
3.36193	1	938744	1245380	269091	
3.36422	1	938744	1246342	270053	
3.36422	1	938744	1246840	270551	
3.36651	1	938744	1247786	271497	
3.36651	1	938744	1248300	272011	
3.3689	1	938744	1249230	272941	
3.3689	1	938744	1249760	273471	
3.37119	1	938744	1250674	274385	
3.37119	1	938744	1251220	274931	
3.37348	1	938744	1252118	275829	
3.37348	1	938744	1252680	276391	
3.37577	1	938744	1253562	277273	
3.37577	1	938744	1254140	277851	
3.37806	1	938744	1255006	278717	
3.37806	1	938744	1255600	279311	
3.38035	1	938744	1018166	280161	
3.38035	1	938744	1019080	281075	
3.38035	1	938744	1023942	281605	
3.38035	1	938744	1024920	282583	
3.38035	1	938744	1025386	283049	
3.38035	1	938744	1026380	284043	
3.38035	1	938744	1026830	284493	
3.38035	1	938744	1027840	285503	
3.38035	1	938744	1028274	285937	
3.38035	1	938744	1029300	286963	
3.38035	1	938744	1031162	287381	
3.38035	1	938744	1032220	288439	
3.38035	1	938744	1032606	288825	
3.38035	1	938744	1033680	289899	
3.38264	1	938744	1256450	290269	
3.38264	1	938744	1257060	290879	
3.38493	1	938744	1257894	291713	
3.38493	1	938744	1258520	292339	
3.38722	1	938744	1259338	293157	
3.38722	1	938744	1259980	293799	
3.3896	1	938744	1034050	294601	
3.3896	1	938744	1035140	295691	
3.3896	1	938744	1035494	296045	
3.3896	1	938744	1036600	297151	
3.3896	1	938744	1038382	297489	
3.3896	1	938744	1039520	298627	
3.39189	1	938744	1260782	298933	
3.39189	1	938744	1261440	299591	
3.39418	1	938744	1262226	300377	
3.39418	1	938744	1262900	301051	
3.39647	1	938744	1263670	301821	
3.39647	1	938744	1264360	302511	
3.39876	1	938744	1265114	303265	
3.39876	1	938744	1265820	303971	
3.40105	1	938744	1266558	304709	
3.40105	1	938744	1267280	305431	
3.40334	1	938744	1047046	306153	
3.40334	1	938744	1048280	307387	
3.40563	1	938744	1268002	307597	
3.40563	1	938744	1268740	308335	
3.40792	1	938744	1269446	309041	
3.40792	1	938744	1270200	309795	
3.41021	1	938744	1270890	310485	
3.41021	1	938744	1271660	311255	
3.41259	1	938744	1272334	311929	
3.41259	1	938744	1273120	312715	
3.41517	1	938744	1273778	313373	
3.41517	1	938744	1274580	314175	
3.41746	1	938744	1275222	314817	
3.41746	1	938744	1276040	315635	
3.41975	1	938744	1276666	316261	
3.41975	1	938744	1277500	317095	
3.42204	1	938744	1278110	317705	
3.42204	1	938744	1278960	318555	
3.42433	1	938744	1279554	319149	
3.42433	1	938744	1280420	320015	
3.42698	1	938744	1282442	320593	
3.42698	1	938744	1283340	321491	
3.42936	1	938744	1283886	322037	
3.42936	1	938744	1284800	322951	
3.43165	1	938744	1285330	323481	
3.43165	1	938744	1286260	324411	
3.43394	1	938744	1286774	324925	
3.43394	1	938744	1287720	325871	
3.43623	1	938744	1288218	326369	
3.43623	1	938744	1289180	327331	
3.43861	1	938744	1291106	327813	
3.43861	1	938744	1292100	328807	
3.4409	1	938744	1292550	329257	
3.4409	1	938744	1293560	330267	
3.44319	1	938744	1293994	330701	
3.44319	1	938744	1295020	331727	
3.44548	1	938744	1295438	332145	
3.44548	1	938744	1296480	333187	
3.44777	1	938744	1298326	333589	
3.44777	1	938744	1299400	334663	
3.45006	1	938744	1299770	335033	
3.45006	1	938744	1300860	336123	
3.45235	1	938744	1301214	336477	
3.45235	1	938744	1302320	337583	
3.45473	1	938744	1302658	337921	
3.45473	1	938744	1303780	339043	
3.45583	1	938744	1304102	339365	
3.45583	1	938744	1305240	340503	
3.45793	1	938744	1305546	340809	
3.45793	1	938744	1306700	341963	
3.46003	1	938744	1306990	342253	
3.46003	1	938744	1308160	343423	
3.46213	1	938744	1308434	343697	
3.46213	1	938744	1309620	344883	
3.46432	1	938744	1311322	345141	
3.46432	1	938744	1312540	346359	
3.46642	1	938744	1312766	346585	
3.46642	1	938744	1314000	347819	
3.46851	1	938744	1314210	348029	
3.46851	1	938744	1315460	349279	
3.47061	1	938744	1315654	349473	
3.47061	1	938744	1316920	350739	
3.47271	1	938744	1317098	350917	
3.47271	1	938744	1318380	352199	
3.47481	1	938744	1319986	352361	
3.47481	1	938744	1321300	353675	
3.47691	1	938744	1321430	353805	
3.47691	1	938744	1322760	355135	
3.48329	1	938744	1322874	355249	
3.48329	1	938744	1324220	356595	
3.48749	1	938744	1324318	356693	
3.48749	1	938744	1325680	358055	
3.48959	1	938744	1325762	358137	
3.48959	1	938744	1327140	359515	
3.49169	1	938744	1327206	359581	
3.49169	1	938744	1328600	360975	
3.49378	1	938744	1328650	361025	
3.49378	1	938744	1330060	362435	
3.49597	1	938744	1330094	362469	
3.49597	1	938744	1331520	363895	
3.49807	1	938744	1331538	363913	
3.49807	1	938744	1332980	365355	
3.50017	1	938744	1332982	365357	
3.50227	1	938744	1334434	366809	
3.50227	1	938744	1334440	366815	
3.50437	1	938744	1335879	368254	
3.50437	1	938744	1335900	368275	
3.50646	1	938744	1337324	369699	
3.50646	1	938744	1337360	369735	
3.50856	1	938744	1338769	371144	
3.50856	1	938744	1338820	371195	
3.51066	1	938744	1340214	372589	
3.51066	1	938744	1340280	372655	
3.51285	1	938744	1341658	374033	
3.51285	1	938744	1341740	374115	
3.51495	1	938744	1343102	375477	
3.51495	1	938744	1343200	375575	
3.51705	1	938744	1344546	376921	
3.51705	1	938744	1344660	377035	
3.51915	1	938744	1345990	378365	
3.51915	1	938744	1346120	378495	
3.52124	1	938744	1348878	379809	
3.52124	1	938744	1349040	379971	
3.52334	1	938744	1350322	381253	
3.52334	1	938744	1350500	381431	
3.52551	1	938744	1351766	382697	
3.52551	1	938744	1351960	382891	
3.5277	1	938744	1353210	384141	
3.5277	1	938744	1353420	384351	
3.5298	1	938744	1354654	385585	
3.5298	1	938744	1354880	385811	
3.5319	1	938744	1357542	387029	
3.5319	1	938744	1357800	387287	
3.534	1	938744	1358986	388473	
3.534	1	938744	1359260	388747	
3.53609	1	938744	1360430	389917	
3.53609	1	938744	1360720	390207	
3.53828	1	938744	1120702	391361	
3.53828	1	938744	1121280	391939	
3.54264	1	938744	1155358	392805	
3.54264	1	938744	1156320	393767	
3.54264	1	938744	1156802	394249	
3.54264	1	938744	1157780	395227	
3.54264	1	938744	1159690	395693	
3.54264	1	938744	1160700	396703	
3.54264	1	938744	1162578	397137	
3.54264	1	938744	1163620	398179	
3.54684	1	938744	1165466	398581	
3.54684	1	938744	1166540	399655	
3.55109	1	938744	938744	400025	
3.55109	1	938780	938780	400025	
3.55109	1	1175574	1175574	164640	
3.55109	1	1176760	1176760	164640	
3.55109	1	1181350	1181350	160308	
3.55109	1	1182600	1182600	160308	
3.55325	1	1182794	1182794	160308	
3.55325	1	1184060	1184060	160308	
3.55325	1	1184238	1184238	160308	
3.55325	1	1185520	1185520	160308	
3.55352	1	1197234	1197234	148756	
3.55352	1	1198660	1198660	148756	
3.5582	1	1226126	1226126	121308	
3.5582	1	1226400	1226400	121308	
3.5582	1	1227570	1227570	121308	
3.5582	1	1227860	1227860	121308	
3.56052	1	1231902	1231902	118420	
3.56052	1	1232240	1232240	118420	
3.56287	1	1280998	1361874	70768	
3.56287	1	1280998	1362180	71074	
3.56519	1	1280998	1363318	72212	
3.56519	1	1280998	1363640	72534	
3.56743	1	1280998	1364762	73656	
3.56743	1	1280998	1365100	73994	
3.56966	1	1280998	1366206	75100	
3.56966	1	1280998	1366560	75454	
3.5719	1	1280998	1367650	76544	
3.5719	1	1280998	1368020	76914	
3.57414	1	1280998	1369094	77988	
3.57414	1	1280998	1369480	78374	
3.57638	1	1280998	1370538	79432	
3.57638	1	1280998	1370940	79834	
3.57861	1	1280998	1371982	80876	
3.57861	1	1280998	1372400	81294	
3.58085	1	1280998	1373426	82320	
3.58085	1	1280998	1373860	82754	
3.58309	1	1280998	1374870	83764	
3.58309	1	1280998	1375320	84214	
3.58533	1	1280998	1376314	85208	
3.58533	1	1280998	1376780	85674	
3.58765	1	1280998	1377758	86652	
3.58765	1	1280998	1378240	87134	
3.58989	1	1280998	1379202	88096	
3.58989	1	1280998	1379700	88594	
3.59213	1	1280998	1380646	89540	
3.59213	1	1280998	1381160	90054	
3.59436	1	1280998	1382090	90984	
3.59436	1	1280998	1382620	91514	
3.5966	1	1280998	1383534	92428	
3.5966	1	1280998	1384080	92974	
3.59884	1	1280998	1384978	93872	
3.59884	1	1280998	1385540	94434	
3.60107	1	1280998	1386422	95316	
3.60107	1	1280998	1387000	95894	
3.6034	1	1280998	1387866	96760	
3.6034	1	1280998	1388460	97354	
3.60564	1	1280998	1389310	98204	
3.60564	1	1280998	1389920	98814	
3.60788	1	1280998	1280998	99648	
3.60788	1	1281880	1281880	99648	
3.61013	1	1289662	1390754	92428	
3.61013	1	1289662	1391380	93054	
3.61237	1	1289662	1392198	93872	
3.61237	1	1289662	1392840	94514	
3.6146	1	1289662	1393642	95316	
3.6146	1	1289662	1394300	95974	
3.61684	1	1289662	1395086	96760	
3.61684	1	1289662	1395760	97434	
3.61908	1	1289662	1396530	98204	
3.61908	1	1289662	1397220	98894	
3.6214	1	1289662	1289662	99648	
3.6214	1	1290640	1290640	99648	
3.62365	1	1296882	1397974	93872	
3.62365	1	1296882	1398680	94578	
3.62589	1	1296882	1399418	95316	
3.62589	1	1296882	1400140	96038	
3.62813	1	1296882	1400862	96760	
3.62813	1	1296882	1401600	97498	
3.63037	1	1296882	1402306	98204	
3.63037	1	1296882	1403060	98958	
3.63261	1	1296882	1403750	99648	
3.63261	1	1296882	1404520	100418	
3.63484	1	1296882	1405194	101092	
3.63484	1	1296882	1405980	101878	
3.63708	1	1296882	1406638	102536	
3.63708	1	1296882	1407440	103338	
3.6394	1	1296882	1296882	103980	
3.6394	1	1297940	1297940	103980	
3.64165	1	1309878	1408082	92428	
3.64165	1	1309878	1408900	93246	
3.64389	1	1309878	1409526	93872	
3.64389	1	1309878	1410360	94706	
3.64613	1	1309878	1410970	95316	
3.64613	1	1309878	1411820	96166	
3.64836	1	1309878	1412414	96760	
3.64836	1	1309878	1413280	97626	
3.65255	1	1309878	1413858	98204	
3.65255	1	1309878	1414740	99086	
3.65508	1	1309878	1309878	99648	
3.65508	1	1311080	1311080	99648	
3.65756	1	1318542	1415302	92428	
3.65756	1	1318542	1416200	93326	
3.66003	1	1318542	1416746	93872	
3.66003	1	1318542	1417660	94786	
3.6625	1	1318542	1418190	95316	
3.6625	1	1318542	1419120	96246	
3.66506	1	1318542	1419634	96760	
3.66506	1	1318542	1420580	97706	
3.66753	1	1318542	1421078	98204	
3.66753	1	1318542	1422040	99166	
3.67	1	1318542	1422522	99648	
3.67	1	1318542	1423500	100626	
3.67247	1	1318542	1318542	101092	
3.67247	1	1319840	1319840	101092	
3.67495	1	1347434	1423966	73644	
3.67495	1	1347434	1424960	74638	
3.67742	1	1347434	1425410	75088	
3.67742	1	1347434	1426420	76098	
3.67989	1	1347434	1426854	76532	
3.67989	1	1347434	1427880	77558	
3.68236	1	1347434	1428298	77976	
3.68236	1	1347434	1429340	79018	
3.68483	1	1347434	1429742	79420	
3.68483	1	1347434	1430800	80478	
3.68739	1	1347434	1431186	80864	
3.68739	1	1347434	1432260	81938	
3.68986	1	1347434	1432630	82308	
3.68986	1	1347434	1433720	83398	
3.69233	1	1347434	1434074	83752	
3.69233	1	1347434	1435180	84858	
3.6948	1	1347434	1435518	85196	
3.6948	1	1347434	1436640	86318	
3.69727	1	1347434	1436962	86640	
3.69727	1	1347434	1438100	87778	
3.69974	1	1347434	1438406	88084	
3.69974	1	1347434	1439560	89238	
3.70221	1	1347434	1439850	89528	
3.70221	1	1347434	1441020	90698	
3.70468	1	1347434	1441294	90972	
3.70468	1	1347434	1442480	92158	
3.70725	1	1347434	1442738	92416	
3.70725	1	1347434	1443940	93618	
3.70972	1	1347434	1444182	93860	
3.70972	1	1347434	1445400	95078	
3.71218	1	1347434	1445626	95304	
3.71218	1	1347434	1446860	96538	
3.71465	1	1347434	1447070	96748	
3.71465	1	1347434	1448320	97998	
3.71712	1	1347434	1448514	98192	
3.71712	1	1347434	1449780	99458	
3.71959	1	1347434	1347434	99636	
3.71959	1	1347580	1347580	99636	
3.72207	1	1356098	1449958	92416	
3.72207	1	1356098	1451240	93698	
3.72454	1	1356098	1451402	93860	
3.72454	1	1356098	1452700	95158	
3.72702	1	1356098	1452846	95304	
3.72702	1	1356098	1454160	96618	
3.72958	1	1356098	1454290	96748	
3.72958	1	1356098	1455620	98078	
3.73205	1	1356098	1455734	98192	
3.73205	1	1356098	1457080	99538	
3.73452	1	1356098	1356098	99636	
3.73452	1	1356340	1356340	99636	
3.73701	1	1457178	1457178	0	
3.73701	1	1458540	1458540	0	
3.73948	1	1458622	1458622	0	
3.73948	1	1460000	1460000	0	
3.74195	1	1460066	1460066	0	
3.74195	1	1461460	1461460	0	
3.74441	1	1461510	1461510	0	
3.74441	1	1462920	1462920	0	
3.74698	1	1462954	1462954	0	
3.74698	1	1464380	1464380	0	
3.74945	1	1464398	1464398	0	
3.74945	1	1465840	1465840	0	
3.75192	1	1465842	1465842	0	
3.75438	1	1467294	1467294	0	
3.75438	1	1467300	1467300	0	
3.75545	1	1468739	1468739	0	
3.75545	1	1468760	1468760	0	
3.75751	1	1470184	1470184	0	
3.75751	1	1470220	1470220	0	
3.75957	1	1471629	1471629	0	
3.75957	1	1471680	1471680	0	
3.76163	1	1473074	1473074	0	
3.76163	1	1473140	1473140	0	
3.76369	1	1474518	1474518	0	
3.76369	1	1474600	1474600	0	
3.76576	1	1475962	1475962	0	
3.76576	1	1476060	1476060	0	
3.7679	1	1477406	1477406	0	
3.7679	1	1477520	1477520	0	
3.77005	1	1478850	1478850	0	
3.77005	1	1478980	1478980	0	
3.77211	1	1480294	1480294	0	
3.77211	1	1480440	1480440	0	
3.77417	1	1481738	1481738	0	
3.77417	1	1481900	1481900	0	
3.77623	1	1483182	1483182	0	
3.77623	1	1483360	1483360	0	
3.77829	1	1484626	1484626	0	
3.77829	1	1484820	1484820	0	
3.78035	1	1486070	1486070	0	
3.78035	1	1486280	1486280	0	
3.78249	1	1487514	1487514	0	
3.78249	1	1487740	1487740	0	
3.78456	1	1488958	1488958	0	
3.78456	1	1489200	1489200	0	
3.78668	1	1490402	1490402	0	
3.78668	1	1490660	1490660	0	
3.78869	1	1491846	1491846	0	
3.78869	1	1492120	1492120	0	
3.79075	1	1493290	1493290	0	
3.79075	1	1493580	1493580	0	
3.79286	1	1494734	1494734	0	
3.79286	1	1495040	1495040	0	
3.79487	1	1496178	1496178	0	
3.79487	1	1496500	1496500	0	
3.79693	1	1497622	1497622	0	
3.79693	1	1497960	1497960	0	
3.79907	1	1499066	1499066	0	
3.79907	1	1499420	1499420	0	
3.80124	1	1500510	1500510	0	
3.80124	1	1500880	1500880	0	
3.80325	1	1501954	1501954	0	
3.80325	1	1502340	1502340	0	
3.80526	1	1503398	1503398	0	
3.80526	1	1503800	1503800	0	
3.80743	1	1504842	1504842	0	
3.80743	1	1505260	1505260	0	
3.80944	1	1506286	1506286	0	
3.80944	1	1506720	1506720	0	
3.81145	1	1507730	1507730	0	
3.81145	1	1508180	1508180	0	
3.81351	1	1509174	1509174	0	
3.81351	1	1509640	1509640	0	
3.81565	1	1510618	1510618	0	
3.81565	1	1511100	1511100	0	
3.81771	1	1512062	1512062	0	
3.81771	1	1512560	1512560	0	
3.81983	1	1513506	1513506	0	
3.81983	1	1514020	1514020	0	
3.82184	1	1514950	1514950	0	
3.82184	1	1515480	1515480	0	
3.824	1	1516394	1516394	0	
3.824	1	1516940	1516940	0	
3.82601	1	1517838	1517838	0	
3.82601	1	1518400	1518400	0	
3.82821	1	1519282	1519282	0	
3.82821	1	1519860	1519860	0	
3.83022	1	1520726	1520726	0	
3.83022	1	1521320	1521320	0	
3.83223	1	1522170	1522170	0	
3.83223	1	1522780	1522780	0	
3.8344	1	1523614	1523614	0	
3.8344	1	1524240	1524240	0	
3.8364	1	1525058	1525058	0	
3.8364	1	1525700	1525700	0	
3.83857	1	1526502	1526502	0	
3.83857	1	1527160	1527160	0	
3.8407	1	1527946	1527946	0	
3.8407	1	1528620	1528620	0	
3.8427	1	1529390	1529390	0	
3.8427	1	1530080	1530080	0	
3.84479	1	1530834	1530834	0	
3.84479	1	1531540	1531540	0	
3.8468	1	1532278	1532278	0	
3.8468	1	1533000	1533000	0	
3.84897	1	1533722	1533722	0	
3.84897	1	1534460	1534460	0	
3.85098	1	1535166	1535166	0	
3.85098	1	1535920	1535920	0	
3.85298	1	1536610	1536610	0	
3.85298	1	1537380	1537380	0	
3.85423	1	1538054	1538054	0	
3.85423	1	1538840	1538840	0	
3.85656	1	1539498	1539498	0	
3.85656	1	1540300	1540300	0	
3.85872	1	1540942	1540942	0	
3.85872	1	1541760	1541760	0	
3.86088	1	1542386	1542386	0	
3.86088	1	1543220	1543220	0	
3.86309	1	1543830	1543830	0	
3.86309	1	1544680	1544680	0	
3.86536	1	1545274	1545274	0	
3.86536	1	1546140	1546140	0	
3.86752	1	1546718	1546718	0	
3.86752	1	1547600	1547600	0	
3.86975	1	1548162	1548162	0	
3.86975	1	1549060	1549060	0	
3.87205	1	1549606	1549606	0	
3.87205	1	1550520	1550520	0	
3.87426	1	1551050	1551050	0	
3.87426	1	1551980	1551980	0	
3.87648	1	1552494	1552494	0	
3.87648	1	1553440	1553440	0	
3.8787	1	1553938	1553938	0	
3.8787	1	1554900	1554900	0	
3.88091	1	1555382	1555382	0	
3.88091	1	1556360	1556360	0	
3.88313	1	1556826	1556826	0	
3.88313	1	1557820	1557820	0	
3.88534	1	1558270	1558270	0	
3.88534	1	1559280	1559280	0	
3.88756	1	1559714	1559714	0	
3.88756	1	1560740	1560740	0	
3.88987	1	1561158	1561158	0	
3.88987	1	1562200	1562200	0	
3.89209	1	1562602	1562602	0	
3.89209	1	1563660	1563660	0	
3.8943	1	1564046	1564046	0	
3.8943	1	1565120	1565120	0	
3.89652	1	1565490	1565490	0	
3.89652	1	1566580	1566580	0	
3.89873	1	1566934	1566934	0	
3.89873	1	1568040	1568040	0	
3.90095	1	1568378	1568378	0	
3.90095	1	1569500	1569500	0	
3.90317	1	1569822	1569822	0	
3.90317	1	1570960	1570960	0	
3.90538	1	1571266	1571266	0	
3.90538	1	1572420	1572420	0	
3.90768	1	1572710	1572710	0	
3.90768	1	1573880	1573880	0	
3.9099	1	1574154	1574154	0	
3.9099	1	1575340	1575340	0	
3.91212	1	1575598	1575598	0	
3.91212	1	1576800	1576800	0	
3.91434	1	1577042	1577042	0	
3.91434	1	1578260	1578260	0	
3.91655	1	1578486	1578486	0	
3.91655	1	1579720	1579720	0	
3.91877	1	1579930	1579930	0	
3.91877	1	1581180	1581180	0	
3.92107	1	1581374	1581374	0	
3.92107	1	1582640	1582640	0	
3.92329	1	1582818	1582818	0	
3.92329	1	1584100	1584100	0	
3.9255	1	1584262	1584262	0	
3.9255	1	1585560	1585560	0	
3.92772	1	1585706	1585706	0	
3.92772	1	1587020	1587020	0	
3.92994	1	1587150	1587150	0	
3.92994	1	1588480	1588480	0	
3.93225	1	1588594	1588594	0	
3.93225	1	1589940	1589940	0	
3.93446	1	1590038	1590038	0	
3.93446	1	1591400	1591400	0	
3.93668	1	1591482	1591482	0	
3.93668	1	1592860	1592860	0	
3.93889	1	1592926	1592926	0	
3.93889	1	1594320	1594320	0	
3.94111	1	1594370	1594370	0	
3.94111	1	1595780	1595780	0	
3.94332	1	1595814	1595814	0	
3.94332	1	1597240	1597240	0	
3.94554	1	1597258	1597258	0	
3.94554	1	1598700	1598700	0	
3.94775	1	1598702	1598702	0	
3.95005	1	1600154	1600154	0	
3.95005	1	1600160	1600160	0	
3.95321	1	1601599	1601599	0	
3.95321	1	1601620	1601620	0	
3.95548	1	1603044	1603044	0	
3.95548	1	1603080	1603080	0	
3.95768	1	1604489	1604489	0	
3.95768	1	1604540	1604540	0	
3.95988	1	1605934	1605934	0	
3.95988	1	1606000	1606000	0	
3.96208	1	1607378	1607378	0	
3.96208	1	1607460	1607460	0	
3.96437	1	1608822	1608822	0	
3.96437	1	1608920	1608920	0	
3.96657	1	1610266	1610266	0	
3.96657	1	1610380	1610380	0	
3.96877	1	1611710	1611710	0	
3.96877	1	1611840	1611840	0	
3.97098	1	1613154	1613154	0	
3.97098	1	1613300	1613300	0	
3.97318	1	1614598	1614598	0	
3.97318	1	1614760	1614760	0	
3.97538	1	1616042	1616042	0	
3.97538	1	1616220	1616220	0	
3.97759	1	1617486	1617486	0	
3.97759	1	1617680	1617680	0	
3.97988	1	1618930	1618930	0	
3.97988	1	1619140	1619140	0	
3.98208	1	1620374	1620374	0	
3.98208	1	1620600	1620600	0	
3.98428	1	1621818	1621818	0	
3.98428	1	1622060	1622060	0	
3.98648	1	1623262	1623262	0	
3.98648	1	1623520	1623520	0	
3.98868	1	1624706	1624706	0	
3.98868	1	1624980	1624980	0	
3.99097	1	1626150	1626150	0	
3.99097	1	1626440	1626440	0	
3.99317	1	1627594	1627594	0	
3.99317	1	1627900	1627900	0	
3.99538	1	1629038	1629038	0	
3.99538	1	1629360	1629360	0	
3.99758	1	1630482	1630482	0	
3.99758	1	1630820	1630820	0	
3.99979	1	1631926	1631926	0	
3.99979	1	1632280	1632280	0	
4.00207	1	1633370	1633370	0	
4.00207	1	1633740	1633740	0	
4.00428	1	1634814	1634814	0	
4.00428	1	1635200	1635200	0	
4.00648	1	1636258	1636258	0	
4.00648	1	1636660	1636660	0	
4.00868	1	1637702	1637702	0	
4.00868	1	1638120	1638120	0	
4.01088	1	1639146	1639146	0	
4.01088	1	1639580	1639580	0	
4.01308	1	1640590	1640590	0	
4.01308	1	1641040	1641040	0	
4.01528	1	1642034	1642034	0	
4.01528	1	1642500	1642500	0	
4.01749	1	1643478	1643478	0	
4.01749	1	1643960	1643960	0	
4.01978	1	1644922	1644922	0	
4.01978	1	1645420	1645420	0	
4.02198	1	1646366	1646366	0	
4.02198	1	1646880	1646880	0	
4.02418	1	1647810	1647810	0	
4.02418	1	1648340	1648340	0	
4.02639	1	1649254	1649254	0	
4.02639	1	1649800	1649800	0	
4.02859	1	1650698	1650698	0	
4.02859	1	1651260	1651260	0	
4.03088	1	1652142	1652142	0	
4.03088	1	1652720	1652720	0	
4.03308	1	1653586	1653586	0	
4.03308	1	1654180	1654180	0	
4.03528	1	1655030	1655030	0	
4.03528	1	1655640	1655640	0	
4.03748	1	1656474	1656474	0	
4.03748	1	1657100	1657100	0	
4.03969	1	1657918	1657918	0	
4.03969	1	1658560	1658560	0	
4.04189	1	1659362	1659362	0	
4.04189	1	1660020	1660020	0	
4.04409	1	1660806	1660806	0	
4.04409	1	1661480	1661480	0	
4.0463	1	1662250	1662250	0	
4.0463	1	1662940	1662940	0	
4.04858	1	1663694	1663694	0	
4.04858	1	1664400	1664400	0	
4.05079	1	1665138	1665138	0	
4.05079	1	1665860	1665860	0	
4.05299	1	1666582	1666582	0	
4.05299	1	1667320	1667320	0	
4.05517	1	1668026	1668026	0	
4.05517	1	1668780	1668780	0	
4.05736	1	1669470	1669470	0	
4.05736	1	1670240	1670240	0	
4.05964	1	1670914	1670914	0	
4.05964	1	1671700	1671700	0	
4.06183	1	1672358	1672358	0	
4.06183	1	1673160	1673160	0	
4.06402	1	1673802	1673802	0	
4.06402	1	1674620	1674620	0	
4.0662	1	1675246	1675246	0	
4.0662	1	1676080	1676080	0	
4.06839	1	1676690	1676690	0	
4.06839	1	1677540	1677540	0	
4.07058	1	1678134	1678134	0	
4.07058	1	1679000	1679000	0	
4.07277	1	1679578	1679578	0	
4.07277	1	1680460	1680460	0	
4.07495	1	1681022	1681022	0	
4.07495	1	1681920	1681920	0	
4.07723	1	1682466	1682466	0	
4.07723	1	1683380	1683380	0	
4.07942	1	1683910	1683910	0	
4.07942	1	1684840	1684840	0	
4.08161	1	1685354	1685354	0	
4.08161	1	1686300	1686300	0	
4.0838	1	1686798	1686798	0	
4.0838	1	1687760	1687760	0	
4.08598	1	1688242	1688242	0	
4.08598	1	1689220	1689220	0	
4.08817	1	1689686	1689686	0	
4.08817	1	1690680	1690680	0	
4.09036	1	1691130	1691130	0	
4.09036	1	1692140	1692140	0	
4.09263	1	1692574	1692574	0	
4.09263	1	1693600	1693600	0	
4.09482	1	1694018	1694018	0	
4.09482	1	1695060	1695060	0	
4.09701	1	1695462	1695462	0	
4.09701	1	1696520	1696520	0	
4.0992	1	1696906	1696906	0	
4.0992	1	1697980	1697980	0	
4.10138	1	1698350	1698350	0	
4.10138	1	1699440	1699440	0	
4.10366	1	1699794	1699794	0	
4.10366	1	1700900	1700900	0	
4.10585	1	1701238	1701238	0	
4.10585	1	1702360	1702360	0	
4.10804	1	1702682	1702682	0	
4.10804	1	1703820	1703820	0	
4.11022	1	1704126	1704126	0	
4.11022	1	1705280	1705280	0	
4.11241	1	1705570	1705570	0	
4.11241	1	1706740	1706740	0	
4.1146	1	1707014	1707014	0	
4.1146	1	1708200	1708200	0	
4.11679	1	1708458	1708458	0	
4.11679	1	1709660	1709660	0	
4.11898	1	1709902	1709902	0	
4.11898	1	1711120	1711120	0	
4.12125	1	1711346	1711346	0	
4.12125	1	1712580	1712580	0	
4.12344	1	1712790	1712790	0	
4.12344	1	1714040	1714040	0	
4.12563	1	1714234	1714234	0	
4.12563	1	1715500	1715500	0	
4.12782	1	1715678	1715678	0	
4.12782	1	1716960	1716960	0	
4.13001	1	1717122	1717122	0	
4.13001	1	1718420	1718420	0	
4.13228	1	1718566	1718566	0	
4.13228	1	1719880	1719880	0	
4.13447	1	1720010	1720010	0	
4.13447	1	1721340	1721340	0	
4.13665	1	1721454	1721454	0	
4.13665	1	1722800	1722800	0	
4.13884	1	1722898	1722898	0	
4.13884	1	1724260	1724260	0	
4.14103	1	1724342	1724342	0	
4.14103	1	1725720	1725720	0	
4.14322	1	1725786	1725786	0	
4.14322	1	1727180	1727180	0	
4.14541	1	1727230	1727230	0	
4.14541	1	1728640	1728640	0	
4.14759	1	1728674	1728674	0	
4.14759	1	1730100	1730100	0	
4.14987	1	1730118	1730118	0	
4.14987	1	1731560	1731560	0	
4.15205	1	1731562	1731562	0	
4.15443	1	1733014	1733014	0	
4.15443	1	1733020	1733020	0	
4.1568	1	1734459	1734459	0	
4.1568	1	1734480	1734480	0	
4.15918	1	1735904	1735904	0	
4.15918	1	1735940	1735940	0	
4.16165	1	1737349	1737349	0	
4.16165	1	1737400	1737400	0	
4.16402	1	1738794	1738794	0	
4.16402	1	1738860	1738860	0	
4.1664	1	1740238	1740238	0	
4.1664	1	1740320	1740320	0	
4.16878	1	1741682	1741682	0	
4.16878	1	1741780	1741780	0	
4.17116	1	1743126	1743126	0	
4.17116	1	1743240	1743240	0	
4.17362	1	1744570	1744570	0	
4.17362	1	1744700	1744700	0	
4.176	1	1746014	1746014	0	
4.176	1	1746160	1746160	0	
4.17837	1	1747458	1747458	0	
4.17837	1	1747620	1747620	0	
4.18075	1	1748902	1748902	0	
4.18075	1	1749080	1749080	0	
4.18312	1	1750346	1750346	0	
4.18312	1	1750540	1750540	0	
4.1855	1	1751790	1751790	0	
4.1855	1	1752000	1752000	0	
4.18788	1	1753234	1753234	0	
4.18788	1	1753460	1753460	0	
4.19026	1	1754678	1754678	0	
4.19026	1	1754920	1754920	0	
4.19273	1	1756122	1756122	0	
4.19273	1	1756380	1756380	0	
4.1951	1	1757566	1757566	0	
4.1951	1	1757840	1757840	0	
4.19748	1	1759010	1759010	0	
4.19748	1	1759300	1759300	0	
4.19985	1	1760454	1760454	0	
4.19985	1	1760760	1760760	0	
4.20223	1	1761898	1761898	0	
4.20223	1	1762220	1762220	0	
4.2047	1	1763342	1763342	0	
4.2047	1	1763680	1763680	0	
4.20707	1	1764786	1764786	0	
4.20707	1	1765140	1765140	0	
4.20945	1	1766230	1766230	0	
4.20945	1	1766600	1766600	0	
4.21183	1	1767674	1767674	0	
4.21183	1	1768060	1768060	0	
4.2142	1	1769118	1769118	0	
4.2142	1	1769520	1769520	0	
4.21658	1	1770562	1770562	0	
4.21658	1	1770980	1770980	0	
4.21895	1	1772006	1772006	0	
4.21895	1	1772440	1772440	0	
4.22133	1	1773450	1773450	0	
4.22133	1	1773900	1773900	0	
4.2238	1	1774894	1774894	0	
4.2238	1	1775360	1775360	0	
4.22617	1	1776338	1776338	0	
4.22617	1	1776820	1776820	0	
4.22855	1	1777782	1777782	0	
4.22855	1	1778280	1778280	0	
4.23092	1	1779226	1779226	0	
4.23092	1	1779740	1779740	0	
4.2333	1	1780670	1780670	0	
4.2333	1	1781200	1781200	0	
4.23577	1	1782114	1782114	0	
4.23577	1	1782660	1782660	0	
4.23815	1	1783558	1783558	0	
4.23815	1	1784120	1784120	0	
4.24053	1	1785002	1785002	0	
4.24053	1	1785580	1785580	0	
4.2429	1	1786446	1786446	0	
4.2429	1	1787040	1787040	0	
4.24528	1	1787890	1787890	0	
4.24528	1	1788500	1788500	0	
4.24765	1	1789334	1789334	0	
4.24765	1	1789960	1789960	0	
4.25003	1	1790778	1790778	0	
4.25003	1	1791420	1791420	0	
4.2524	1	1792222	1792222	0	
4.2524	1	1792880	1792880	0	
4.25359	1	1793666	1793666	0	
4.25359	1	1794340	1794340	0	
4.25569	1	1795110	1795110	0	
4.25569	1	1795800	1795800	0	
4.25779	1	1796554	1796554	0	
4.25779	1	1797260	1797260	0	
4.2599	1	1797998	1797998	0	
4.2599	1	1798720	1798720	0	
4.262	1	1799442	1799442	0	
4.262	1	1800180	1800180	0	
4.26418	1	1800886	1800886	0	
4.26418	1	1801640	1801640	0	
4.26628	1	1802330	1802330	0	
4.26628	1	1803100	1803100	0	
4.26838	1	1803774	1803774	0	
4.26838	1	1804560	1804560	0	
4.27048	1	1805218	1805218	0	
4.27048	1	1806020	1806020	0	
4.27259	1	1806662	1806662	0	
4.27259	1	1807480	1807480	0	
4.27478	1	1808106	1808106	0	
4.27478	1	1808940	1808940	0	
4.27688	1	1809550	1809550	0	
4.27688	1	1810400	1810400	0	
4.27898	1	1810994	1810994	0	
4.27898	1	1811860	1811860	0	
4.28108	1	1812438	1812438	0	
4.28108	1	1813320	1813320	0	
4.28318	1	1813882	1813882	0	
4.28318	1	1814780	1814780	0	
4.28528	1	1815326	1815326	0	
4.28528	1	1816240	1816240	0	
4.28738	1	1816770	1816770	0	
4.28738	1	1817700	1817700	0	
4.28948	1	1818214	1818214	0	
4.28948	1	1819160	1819160	0	
4.29167	1	1819658	1819658	0	
4.29167	1	1820620	1820620	0	
4.29377	1	1821102	1821102	0	
4.29377	1	1822080	1822080	0	
4.29588	1	1822546	1822546	0	
4.29588	1	1823540	1823540	0	
4.29798	1	1823990	1823990	0	
4.29798	1	1825000	1825000	0	
4.30008	1	1825434	1825434	0	
4.30008	1	1826460	1826460	0	
4.30226	1	1826878	1826878	0	
4.30226	1	1827920	1827920	0	
4.30436	1	1828322	1828322	0	
4.30436	1	1829380	1829380	0	
4.30652	1	1829766	1829766	0	
4.30652	1	1830840	1830840	0	
4.30857	1	1831210	1831210	0	
4.30857	1	1832300	1832300	0	
4.31072	1	1832654	1832654	0	
4.31072	1	1833760	1833760	0	
4.31277	1	1834098	1834098	0	
4.31277	1	1835220	1835220	0	
4.31487	1	1835542	1835542	0	
4.31487	1	1836680	1836680	0	
4.31703	1	1836986	1836986	0	
4.31703	1	1838140	1838140	0	
4.31916	1	1838430	1838430	0	
4.31916	1	1839600	1839600	0	
4.32126	1	1839874	1839874	0	
4.32126	1	1841060	1841060	0	
4.32342	1	1841318	1841318	0	
4.32342	1	1842520	1842520	0	
4.32557	1	1842762	1842762	0	
4.32557	1	1843980	1843980	0	
4.32762	1	1844206	1844206	0	
4.32762	1	1845440	1845440	0	
4.32975	1	1845650	1845650	0	
4.32975	1	1846900	1846900	0	
4.33197	1	1847094	1847094	0	
4.33197	1	1848360	1848360	0	
4.33401	1	1848538	1848538	0	
4.33401	1	1849820	1849820	0	
4.33617	1	1849982	1849982	0	
4.33617	1	1851280	1851280	0	
4.33821	1	1851426	1851426	0	
4.33821	1	1852740	1852740	0	
4.34026	1	1852870	1852870	0	
4.34026	1	1854200	1854200	0	
4.34247	1	1854314	1854314	0	
4.34247	1	1855660	1855660	0	
4.34452	1	1855758	1855758	0	
4.34452	1	1857120	1857120	0	
4.34665	1	1857202	1857202	0	
4.34665	1	1858580	1858580	0	
4.34897	1	1858646	1858646	0	
4.34897	1	1860040	1860040	0	
4.35102	1	1860090	1860090	0	
4.35102	1	1861500	1861500	0	
4.35426	1	1861534	1861534	0	
4.35426	1	1862960	1862960	0	
4.35651	1	1862978	1862978	0	
4.35651	1	1864420	1864420	0	
4.35885	1	1864422	1864422	0	
4.36127	1	1865874	1865874	0	
4.36127	1	1865880	1865880	0	
4.36352	1	1867319	1867319	0	
4.36352	1	1867340	1867340	0	
4.36589	1	1868764	1868764	0	
4.36589	1	1868800	1868800	0	
4.36813	1	1870209	1870209	0	
4.36813	1	1870260	1870260	0	
4.37047	1	1871654	1871654	0	
4.37047	1	1871720	1871720	0	
4.3729	1	1873098	1873098	0	
4.3729	1	1873180	1873180	0	
4.37514	1	1874542	1874542	0	
4.37514	1	1874640	1874640	0	
4.37739	1	1875986	1875986	0	
4.37739	1	1876100	1876100	0	
4.37976	1	1877430	1877430	0	
4.37976	1	1877560	1877560	0	
4.38201	1	1878874	1878874	0	
4.38201	1	1879020	1879020	0	
4.38432	1	1880318	1880318	0	
4.38432	1	1880480	1880480	0	
4.38668	1	1881762	1881762	0	
4.38668	1	1881940	1881940	0	
4.38902	1	1883206	1883206	0	
4.38902	1	1883400	1883400	0	
4.39133	1	1884650	1884650	0	
4.39133	1	1884860	1884860	0	
4.39364	1	1886094	1886094	0	
4.39364	1	1886320	1886320	0	
4.39594	1	1887538	1887538	0	
4.39594	1	1887780	1887780	0	
4.39825	1	1888982	1888982	0	
4.39825	1	1889240	1889240	0	
4.40065	1	1890426	1890426	0	
4.40065	1	1890700	1890700	0	
4.40296	1	1891870	1891870	0	
4.40296	1	1892160	1892160	0	
4.40527	1	1893314	1893314	0	
4.40527	1	1893620	1893620	0	
4.40757	1	1894758	1894758	0	
4.40757	1	1895080	1895080	0	
4.40988	1	1896202	1896202	0	
4.40988	1	1896540	1896540	0	
4.41219	1	1897646	1897646	0	
4.41219	1	1898000	1898000	0	
4.41449	1	1899090	1899090	0	
4.41449	1	1899460	1899460	0	
4.4168	1	1900534	1900534	0	
4.4168	1	1900920	1900920	0	
4.4192	1	1901978	1901978	0	
4.4192	1	1902380	1902380	0	
4.4215	1	1903422	1903422	0	
4.4215	1	1903840	1903840	0	
4.42382	1	1904866	1904866	0	
4.42382	1	1905300	1905300	0	
4.42612	1	1906310	1906310	0	
4.42612	1	1906760	1906760	0	
4.42843	1	1907754	1907754	0	
4.42843	1	1908220	1908220	0	
4.43083	1	1909198	1909198	0	
4.43083	1	1909680	1909680	0	
4.43313	1	1910642	1910642	0	
4.43313	1	1911140	1911140	0	
4.43544	1	1912086	1912086	0	
4.43544	1	1912600	1912600	0	
4.43775	1	1913530	1913530	0	
4.43775	1	1914060	1914060	0	
4.44005	1	1914974	1914974	0	
4.44005	1	1915520	1915520	0	
4.44236	1	1916418	1916418	0	
4.44236	1	1916980	1916980	0	
4.44467	1	1917862	1917862	0	
4.44467	1	1918440	1918440	0	
4.44698	1	1919306	1919306	0	
4.44698	1	1919900	1919900	0	
4.44938	1	1920750	1920750	0	
4.44938	1	1921360	1921360	0	
4.45362	1	1922194	1922194	0	
4.45362	1	1922820	1922820	0	
4.45587	1	1923638	1923638	0	
4.45587	1	1924280	1924280	0	
4.45805	1	1925082	1925082	0	
4.45805	1	1925740	1925740	0	
4.46023	1	1926526	1926526	0	
4.46023	1	1927200	1927200	0	
4.46249	1	1927970	1927970	0	
4.46249	1	1928660	1928660	0	
4.46467	1	1929414	1929414	0	
4.46467	1	1930120	1930120	0	
4.46686	1	1930858	1930858	0	
4.46686	1	1931580	1931580	0	
4.46904	1	1932302	1932302	0	
4.46904	1	1933040	1933040	0	
4.47122	1	1933746	1933746	0	
4.47122	1	1934500	1934500	0	
4.47349	1	1935190	1935190	0	
4.47349	1	1935960	1935960	0	
4.47567	1	1936634	1936634	0	
4.47567	1	1937420	1937420	0	
4.47785	1	1938078	1938078	0	
4.47785	1	1938880	1938880	0	
4.48003	1	1939522	1939522	0	
4.48003	1	1940340	1940340	0	
4.48221	1	1940966	1940966	0	
4.48221	1	1941800	1941800	0	
4.48439	1	1942410	1942410	0	
4.48439	1	1943260	1943260	0	
4.48658	1	1943854	1943854	0	
4.48658	1	1944720	1944720	0	
4.48876	1	1945298	1945298	0	
4.48876	1	1946180	1946180	0	
4.49103	1	1946742	1946742	0	
4.49103	1	1947640	1947640	0	
4.49321	1	1948186	1948186	0	
4.49321	1	1949100	1949100	0	
4.49539	1	1949630	1949630	0	
4.49539	1	1950560	1950560	0	
4.49757	1	1951074	1951074	0	
4.49757	1	1952020	1952020	0	
4.49975	1	1952518	1952518	0	
4.49975	1	1953480	1953480	0	
4.50202	1	1953962	1953962	0	
4.50202	1	1954940	1954940	0	
4.5042	1	1955406	1955406	0	
4.5042	1	1956400	1956400	0	
4.50638	1	1956850	1956850	0	
4.50638	1	1957860	1957860	0	
4.50856	1	1958294	1958294	0	
4.50856	1	1959320	1959320	0	
4.51075	1	1959738	1959738	0	
4.51075	1	1960780	1960780	0	
4.51293	1	1961182	1961182	0	
4.51293	1	1962240	1962240	0	
4.51511	1	1962626	1962626	0	
4.51511	1	1963700	1963700	0	
4.51729	1	1964070	1964070	0	
4.51729	1	1965160	1965160	0	
4.51956	1	1965514	1965514	0	
4.51956	1	1966620	1966620	0	
4.52174	1	1966958	1966958	0	
4.52174	1	1968080	1968080	0	
4.52392	1	1968402	1968402	0	
4.52392	1	1969540	1969540	0	
4.5261	1	1969846	1969846	0	
4.5261	1	1971000	1971000	0	
4.52828	1	1971290	1971290	0	
4.52828	1	1972460	1972460	0	
4.53055	1	1972734	1972734	0	
4.53055	1	1973920	1973920	0	
4.53273	1	1974178	1974178	0	
4.53273	1	1975380	1975380	0	
4.53497	1	1975622	1975622	0	
4.53497	1	1976840	1976840	0	
4.5371	1	1977066	1977066	0	
4.5371	1	1978300	1978300	0	
4.53933	1	1978510	1978510	0	
4.53933	1	1979760	1979760	0	
4.54154	1	1979954	1979954	0	
4.54154	1	1981220	1981220	0	
4.54372	1	1981398	1981398	0	
4.54372	1	1982680	1982680	0	
4.54596	1	1982842	1982842	0	
4.54596	1	1984140	1984140	0	
4.54809	1	1984286	1984286	0	
4.54809	1	1985600	1985600	0	
4.55027	1	1985730	1985730	0	
4.55027	1	1987060	1987060	0	
4.55251	1	1987174	1987174	0	
4.55251	1	1988520	1988520	0	
4.55475	1	1988618	1988618	0	
4.55475	1	1989980	1989980	0	
4.55496	1	1990062	1990062	0	
4.55496	1	1991440	1991440	0	
4.55727	1	1991506	1991506	0	
4.55727	1	1992900	1992900	0	
4.55954	1	1992950	1992950	0	
4.55954	1	1994360	1994360	0	
4.56187	1	1994394	1994394	0	
4.56187	1	1995820	1995820	0	
4.56409	1	1995838	1995838	0	
4.56409	1	1997280	1997280	0	
4.56642	1	1997282	1997282	0	
4.56873	1	1998734	1998734	0	
4.56873	1	1998740	1998740	0	
4.57101	1	2000179	2000179	0	
4.57101	1	2000200	2000200	0	
4.57334	1	2001624	2001624	0	
4.57334	1	2001660	2001660	0	
4.57556	1	2003069	2003069	0	
4.57556	1	2003120	2003120	0	
4.57789	1	2004514	2004514	0	
4.57789	1	2004580	2004580	0	
4.58011	1	2005958	2005958	0	
4.58011	1	2006040	2006040	0	
4.58238	1	2007402	2007402	0	
4.58238	1	2007500	2007500	0	
4.58472	1	2008846	2008846	0	
4.58472	1	2008960	2008960	0	
4.58702	1	2010290	2010290	0	
4.58702	1	2010420	2010420	0	
4.5893	1	2011734	2011734	0	
4.5893	1	2011880	2011880	0	
4.59157	1	2013178	2013178	0	
4.59157	1	2013340	2013340	0	
4.59385	1	2014622	2014622	0	
4.59385	1	2014800	2014800	0	
4.59613	1	2016066	2016066	0	
4.59613	1	2016260	2016260	0	
4.59849	1	2017510	2017510	0	
4.59849	1	2017720	2017720	0	
4.60077	1	2018954	2018954	0	
4.60077	1	2019180	2019180	0	
4.60304	1	2020398	2020398	0	
4.60304	1	2020640	2020640	0	
4.60532	1	2021842	2021842	0	
4.60532	1	2022100	2022100	0	
4.60759	1	2023286	2023286	0	
4.60759	1	2023560	2023560	0	
4.60987	1	2024730	2024730	0	
4.60987	1	2025020	2025020	0	
4.61214	1	2026174	2026174	0	
4.61214	1	2026480	2026480	0	
4.61442	1	2027618	2027618	0	
4.61442	1	2027940	2027940	0	
4.61679	1	2029062	2029062	0	
4.61679	1	2029400	2029400	0	
4.61906	1	2030506	2030506	0	
4.61906	1	2030860	2030860	0	
4.62134	1	2031950	2031950	0	
4.62134	1	2032320	2032320	0	
4.62361	1	2033394	2033394	0	
4.62361	1	2033780	2033780	0	
4.62589	1	2034838	2034838	0	
4.62589	1	2035240	2035240	0	
4.62825	1	2036282	2036282	0	
4.62825	1	2036700	2036700	0	
4.63053	1	2037726	2037726	0	
4.63053	1	2038160	2038160	0	
4.6328	1	2039170	2039170	0	
4.6328	1	2039620	2039620	0	
4.63508	1	2040614	2040614	0	
4.63508	1	2041080	2041080	0	
4.63736	1	2042058	2042058	0	
4.63736	1	2042540	2042540	0	
4.63972	1	2043502	2043502	0	
4.63972	1	2044000	2044000	0	
4.642	1	2044946	2044946	0	
4.642	1	2045460	2045460	0	
4.64427	1	2046390	2046390	0	
4.64427	1	2046920	2046920	0	
4.64655	1	2047834	2047834	0	
4.64655	1	2048380	2048380	0	
4.64882	1	2049278	2049278	0	
4.64882	1	2049840	2049840	0	
4.6511	1	2050722	2050722	0	
4.6511	1	2051300	2051300	0	
4.65348	1	2052166	2052166	0	
4.65348	1	2052760	2052760	0	
4.65586	1	2053610	2053610	0	
4.65586	1	2054220	2054220	0	
4.65824	1	2055054	2055054	0	
4.65824	1	2055680	2055680	0	
4.66072	1	2056498	2056498	0	
4.66072	1	2057140	2057140	0	
4.6631	1	2057942	2057942	0	
4.6631	1	2058600	2058600	0	
4.66548	1	2059386	2059386	0	
4.66548	1	2060060	2060060	0	
4.66787	1	2060830	2060830	0	
4.66787	1	2061520	2061520	0	
4.67025	1	2062274	2062274	0	
4.67025	1	2062980	2062980	0	
4.67272	1	2063718	2063718	0	
4.67272	1	2064440	2064440	0	
4.6751	1	2065162	2065162	0	
4.6751	1	2065900	2065900	0	
4.67749	1	2066606	2066606	0	
4.67749	1	2067360	2067360	0	
4.67987	1	2068050	2068050	0	
4.67987	1	2068820	2068820	0	
4.68226	1	2069494	2069494	0	
4.68226	1	2070280	2070280	0	
4.68464	1	2070938	2070938	0	
4.68464	1	2071740	2071740	0	
4.68702	1	2072382	2072382	0	
4.68702	1	2073200	2073200	0	
4.6894	1	2073826	2073826	0	
4.6894	1	2074660	2074660	0	
4.69188	1	2075270	2075270	0	
4.69188	1	2076120	2076120	0	
4.69426	1	2076714	2076714	0	
4.69426	1	2077580	2077580	0	
4.69664	1	2078158	2078158	0	
4.69664	1	2079040	2079040	0	
4.69902	1	2079602	2079602	0	
4.69902	1	2080500	2080500	0	
4.7014	1	2081046	2081046	0	
4.7014	1	2081960	2081960	0	
4.70389	1	2082490	2082490	0	
4.70389	1	2083420	2083420	0	
4.70627	1	2083934	2083934	0	
4.70627	1	2084880	2084880	0	
4.70865	1	2085378	2085378	0	
4.70865	1	2086340	2086340	0	
4.71103	1	2086822	2086822	0	
4.71103	1	2087800	2087800	0	
4.71341	1	2088266	2088266	0	
4.71341	1	2089260	2089260	0	
4.71579	1	2089710	2089710	0	
4.71579	1	2090720	2090720	0	
4.71818	1	2091154	2091154	0	
4.71818	1	2092180	2092180	0	
4.72056	1	2092598	2092598	0	
4.72056	1	2093640	2093640	0	
4.72303	1	2094042	2094042	0	
4.72303	1	2095100	2095100	0	
4.72541	1	2095486	2095486	0	
4.72541	1	2096560	2096560	0	
4.7278	1	2096930	2096930	0	
4.7278	1	2098020	2098020	0	
4.73019	1	2098374	2098374	0	
4.73019	1	2099480	2099480	0	
4.73257	1	2099818	2099818	0	
4.73257	1	2100940	2100940	0	
4.73504	1	2101262	2101262	0	
4.73504	1	2102400	2102400	0	
4.73742	1	2102706	2102706	0	
4.73742	1	2103860	2103860	0	
4.73981	1	2104150	2104150	0	
4.73981	1	2105320	2105320	0	
4.74219	1	2105594	2105594	0	
4.74219	1	2106780	2106780	0	
4.74457	1	2107038	2107038	0	
4.74457	1	2108240	2108240	0	
4.74704	1	2108482	2108482	0	
4.74704	1	2109700	2109700	0	
4.74943	1	2109926	2109926	0	
4.74943	1	2111160	2111160	0	
4.75375	1	2111370	2111370	0	
4.75375	1	2112620	2112620	0	
4.75593	1	2112814	2112814	0	
4.75593	1	2114080	2114080	0	
4.75809	1	2114258	2114258	0	
4.75809	1	2115540	2115540	0	
4.76015	1	2115702	2115702	0	
4.76015	1	2117000	2117000	0	
4.76226	1	2117146	2117146	0	
4.76226	1	2118460	2118460	0	
4.76442	1	2118590	2118590	0	
4.76442	1	2119920	2119920	0	
4.76656	1	2120034	2120034	0	
4.76656	1	2121380	2121380	0	
4.76867	1	2121478	2121478	0	
4.76867	1	2122840	2122840	0	
4.77085	1	2122922	2122922	0	
4.77085	1	2124300	2124300	0	
4.77301	1	2124366	2124366	0	
4.77301	1	2125760	2125760	0	
4.77506	1	2125810	2125810	0	
4.77506	1	2127220	2127220	0	
4.77721	1	2127254	2127254	0	
4.77721	1	2128680	2128680	0	
4.77942	1	2128698	2128698	0	
4.77942	1	2130140	2130140	0	
4.78148	1	2130142	2130142	0	
4.78364	1	2131594	2131594	0	
4.78364	1	2131600	2131600	0	
4.7857	1	2133039	2133039	0	
4.7857	1	2133060	2133060	0	
4.78776	1	2134484	2134484	0	
4.78776	1	2134520	2134520	0	
4.78999	1	2135929	2135929	0	
4.78999	1	2135980	2135980	0	
4.79204	1	2137374	2137374	0	
4.79204	1	2137440	2137440	0	
4.79418	1	2138818	2138818	0	
4.79418	1	2138900	2138900	0	
4.7964	1	2140262	2140262	0	
4.7964	1	2140360	2140360	0	
4.79857	1	2141706	2141706	0	
4.79857	1	2141820	2141820	0	
4.80062	1	2143150	2143150	0	
4.80062	1	2143280	2143280	0	
4.80268	1	2144594	2144594	0	
4.80268	1	2144740	2144740	0	
4.8051	1	2146038	2146038	0	
4.8051	1	2146200	2146200	0	
4.80716	1	2147482	2147482	0	
4.80716	1	2147660	2147660	0	
4.80921	1	2148926	2148926	0	
4.80921	1	2149120	2149120	0	
4.81127	1	2150370	2150370	0	
4.81127	1	2150580	2150580	0	
4.81332	1	2151814	2151814	0	
4.81332	1	2152040	2152040	0	
4.81555	1	2153258	2153258	0	
4.81555	1	2153500	2153500	0	
4.8176	1	2154702	2154702	0	
4.8176	1	2154960	2154960	0	
4.81966	1	2156146	2156146	0	
4.81966	1	2156420	2156420	0	
4.82207	1	2157590	2157590	0	
4.82207	1	2157880	2157880	0	
4.82413	1	2159034	2159034	0	
4.82413	1	2159340	2159340	0	
4.82618	1	2160478	2160478	0	
4.82618	1	2160800	2160800	0	
4.82824	1	2161922	2161922	0	
4.82824	1	2162260	2162260	0	
4.83029	1	2163366	2163366	0	
4.83029	1	2163720	2163720	0	
4.83272	1	2164810	2164810	0	
4.83272	1	2165180	2165180	0	
4.83477	1	2166254	2166254	0	
4.83477	1	2166640	2166640	0	
4.83683	1	2167698	2167698	0	
4.83683	1	2168100	2168100	0	
4.83888	1	2169142	2169142	0	
4.83888	1	2169560	2169560	0	
4.84094	1	2170586	2170586	0	
4.84094	1	2171020	2171020	0	
4.84336	1	2172030	2172030	0	
4.84336	1	2172480	2172480	0	
4.84542	1	2173474	2173474	0	
4.84542	1	2173940	2173940	0	
4.84747	1	2174918	2174918	0	
4.84747	1	2175400	2175400	0	
4.8497	1	2176362	2176362	0	
4.8497	1	2176860	2176860	0	
4.85175	1	2177806	2177806	0	
4.85175	1	2178320	2178320	0	
4.85381	1	2179250	2179250	0	
4.85381	1	2179780	2179780	0	
4.857	1	2180694	2180694	0	
4.857	1	2181240	2181240	0	
4.85937	1	2182138	2182138	0	
4.85937	1	2182700	2182700	0	
4.86165	1	2183582	2183582	0	
4.86165	1	2184160	2184160	0	
4.86397	1	2185026	2185026	0	
4.86397	1	2185620	2185620	0	
4.86616	1	2186470	2186470	0	
4.86616	1	2187080	2187080	0	
4.86835	1	2187914	2187914	0	
4.86835	1	2188540	2188540	0	
4.87055	1	2189358	2189358	0	
4.87055	1	2190000	2190000	0	
4.87302	1	2190802	2190802	0	
4.87302	1	2191460	2191460	0	
4.87533	1	2192246	2192246	0	
4.87533	1	2192920	2192920	0	
4.87752	1	2193690	2193690	0	
4.87752	1	2194380	2194380	0	
4.87971	1	2195134	2195134	0	
4.87971	1	2195840	2195840	0	
4.88191	1	2196578	2196578	0	
4.88191	1	2197300	2197300	0	
4.8841	1	2198022	2198022	0	
4.8841	1	2198760	2198760	0	
4.88636	1	2199466	2199466	0	
4.88636	1	2200220	2200220	0	
4.88867	1	2200910	2200910	0	
4.88867	1	2201680	2201680	0	
4.89095	1	2202354	2202354	0	
4.89095	1	2203140	2203140	0	
4.89321	1	2203798	2203798	0	
4.89321	1	2204600	2204600	0	
4.89552	1	2205242	2205242	0	
4.89552	1	2206060	2206060	0	
4.89784	1	2206686	2206686	0	
4.89784	1	2207520	2207520	0	
4.90003	1	2208130	2208130	0	
4.90003	1	2208980	2208980	0	
4.90231	1	2209574	2209574	0	
4.90231	1	2210440	2210440	0	
4.90457	1	2211018	2211018	0	
4.90457	1	2211900	2211900	0	
4.90688	1	2212462	2212462	0	
4.90688	1	2213360	2213360	0	
4.90907	1	2213906	2213906	0	
4.90907	1	2214820	2214820	0	
4.91133	1	2215350	2215350	0	
4.91133	1	2216280	2216280	0	
4.91367	1	2216794	2216794	0	
4.91367	1	2217740	2217740	0	
4.91592	1	2218238	2218238	0	
4.91592	1	2219200	2219200	0	
4.91818	1	2219682	2219682	0	
4.91818	1	2220660	2220660	0	
4.92043	1	2221126	2221126	0	
4.92043	1	2222120	2222120	0	
4.92269	1	2222570	2222570	0	
4.92269	1	2223580	2223580	0	
4.92494	1	2224014	2224014	0	
4.92494	1	2225040	2225040	0	
4.92719	1	2225458	2225458	0	
4.92719	1	2226500	2226500	0	
4.92945	1	2226902	2226902	0	
4.92945	1	2227960	2227960	0	
4.93179	1	2228346	2228346	0	
4.93179	1	2229420	2229420	0	
4.93404	1	2229790	2229790	0	
4.93404	1	2230880	2230880	0	
4.93629	1	2231234	2231234	0	
4.93629	1	2232340	2232340	0	
4.93855	1	2232678	2232678	0	
4.93855	1	2233800	2233800	0	
4.94081	1	2234122	2234122	0	
4.94081	1	2235260	2235260	0	
4.94315	1	2235566	2235566	0	
4.94315	1	2236720	2236720	0	
4.9454	1	2237010	2237010	0	
4.9454	1	2238180	2238180	0	
4.94766	1	2238454	2238454	0	
4.94766	1	2239640	2239640	0	
4.94991	1	2239898	2239898	0	
4.94991	1	2241100	2241100	0	
4.95216	1	2241342	2241342	0	
4.95216	1	2242560	2242560	0	
4.95441	1	2242786	2242786	0	
4.95441	1	2244020	2244020	0	
4.95469	1	2244230	2244230	0	
4.95469	1	2245480	2245480	0	
4.95696	1	2245674	2245674	0	
4.95696	1	2246940	2246940	0	
4.95933	1	2247118	2247118	0	
4.95933	1	2248400	2248400	0	
4.9616	1	2248562	2248562	0	
4.9616	1	2249860	2249860	0	
4.96387	1	2250006	2250006	0	
4.96387	1	2251320	2251320	0	
4.96615	1	2251450	2251450	0	
4.96615	1	2252780	2252780	0	
4.96842	1	2252894	2252894	0	
4.96842	1	2254240	2254240	0	
4.97078	1	2254338	2254338	0	
4.97078	1	2255700	2255700	0	
4.97305	1	2255782	2255782	0	
4.97305	1	2257160	2257160	0	
4.97532	1	2257226	2257226	0	
4.97532	1	2258620	2258620	0	
4.9776	1	2258670	2258670	0	
4.9776	1	2260080	2260080	0	
4.97987	1	2260114	2260114	0	
4.97987	1	2261540	2261540	0	
4.98215	1	2261558	2261558	0	
4.98215	1	2263000	2263000	0	
4.98442	1	2263002	2263002	0	
4.98669	1	2264454	2264454	0	
4.98669	1	2264460	2264460	0	
4.98905	1	2265899	2265899	0	
4.98905	1	2265920	2265920	0	
4.99132	1	2267344	2267344	0	
4.99132	1	2267380	2267380	0	
4.9936	1	2268789	2268789	0	
4.9936	1	2268840	2268840	0	
4.99587	1	2270234	2270234	0	
4.99587	1	2270300	2270300	0	
4.99814	1	2271678	2271678	0	
4.99814	1	2271760	2271760	0	
5.0005	1	2273122	2273122	0	
5.0005	1	2273220	2273220	0	
5.00278	1	2274566	2274566	0	
5.00278	1	2274680	2274680	0	
5.00505	1	2276010	2276010	0	
5.00505	1	2276140	2276140	0	
5.00733	1	2277454	2277454	0	
5.00733	1	2277600	2277600	0	
5.0096	1	2278898	2278898	0	
5.0096	1	2279060	2279060	0	
5.01196	1	2280342	2280342	0	
5.01196	1	2280520	2280520	0	
5.01423	1	2281786	2281786	0	
5.01423	1	2281980	2281980	0	
5.0165	1	2283230	2283230	0	
5.0165	1	2283440	2283440	0	
5.01878	1	2284674	2284674	0	
5.01878	1	2284900	2284900	0	
5.02105	1	2286118	2286118	0	
5.02105	1	2286360	2286360	0	
5.02332	1	2287562	2287562	0	
5.02332	1	2287820	2287820	0	
5.0256	1	2289006	2289006	0	
5.0256	1	2289280	2289280	0	
5.02787	1	2290450	2290450	0	
5.02787	1	2290740	2290740	0	
5.03024	1	2291894	2291894	0	
5.03024	1	2292200	2292200	0	
5.03251	1	2293338	2293338	0	
5.03251	1	2293660	2293660	0	
5.03478	1	2294782	2294782	0	
5.03478	1	2295120	2295120	0	
5.03705	1	2296226	2296226	0	
5.03705	1	2296580	2296580	0	
5.03933	1	2297670	2297670	0	
5.03933	1	2298040	2298040	0	
5.04169	1	2299114	2299114	0	
5.04169	1	2299500	2299500	0	
5.04396	1	2300558	2300558	0	
5.04396	1	2300960	2300960	0	
5.04624	1	2302002	2302002	0	
5.04624	1	2302420	2302420	0	
5.04851	1	2303446	2303446	0	
5.04851	1	2303880	2303880	0	
5.05078	1	2304890	2304890	0	
5.05078	1	2305340	2305340	0	
5.05305	1	2306334	2306334	0	
5.05305	1	2306800	2306800	0	
5.05318	1	2307778	2307778	0	
5.05318	1	2308260	2308260	0	
5.05526	1	2309222	2309222	0	
5.05526	1	2309720	2309720	0	
5.05744	1	2310666	2310666	0	
5.05744	1	2311180	2311180	0	
5.05954	1	2312110	2312110	0	
5.05954	1	2312640	2312640	0	
5.06164	1	2313554	2313554	0	
5.06164	1	2314100	2314100	0	
5.06374	1	2314998	2314998	0	
5.06374	1	2315560	2315560	0	
5.06585	1	2316442	2316442	0	
5.06585	1	2317020	2317020	0	
5.06803	1	2317886	2317886	0	
5.06803	1	2318480	2318480	0	
5.07013	1	2319330	2319330	0	
5.07013	1	2319940	2319940	0	
5.07224	1	2320774	2320774	0	
5.07224	1	2321400	2321400	0	
5.07434	1	2322218	2322218	0	
5.07434	1	2322860	2322860	0	
5.07644	1	2323662	2323662	0	
5.07644	1	2324320	2324320	0	
5.07854	1	2325106	2325106	0	
5.07854	1	2325780	2325780	0	
5.08064	1	2326550	2326550	0	
5.08064	1	2327240	2327240	0	
5.08274	1	2327994	2327994	0	
5.08274	1	2328700	2328700	0	
5.08493	1	2329438	2329438	0	
5.08493	1	2330160	2330160	0	
5.08703	1	2330882	2330882	0	
5.08703	1	2331620	2331620	0	
5.08913	1	2332326	2332326	0	
5.08913	1	2333080	2333080	0	
5.09123	1	2333770	2333770	0	
5.09123	1	2334540	2334540	0	
5.09333	1	2335214	2335214	0	
5.09333	1	2336000	2336000	0	
5.09551	1	2336658	2336658	0	
5.09551	1	2337460	2337460	0	
5.09762	1	2338102	2338102	0	
5.09762	1	2338920	2338920	0	
5.09972	1	2339546	2339546	0	
5.09972	1	2340380	2340380	0	
5.10182	1	2340990	2340990	0	
5.10182	1	2341840	2341840	0	
5.10392	1	2342434	2342434	0	
5.10392	1	2343300	2343300	0	
5.10611	1	2343878	2343878	0	
5.10611	1	2344760	2344760	0	
5.10821	1	2345322	2345322	0	
5.10821	1	2346220	2346220	0	
5.11031	1	2346766	2346766	0	
5.11031	1	2347680	2347680	0	
5.11241	1	2348210	2348210	0	
5.11241	1	2349140	2349140	0	
5.11451	1	2349654	2349654	0	
5.11451	1	2350600	2350600	0	
5.11661	1	2351098	2351098	0	
5.11661	1	2352060	2352060	0	
5.11871	1	2352542	2352542	0	
5.11871	1	2353520	2353520	0	
5.12081	1	2353986	2353986	0	
5.12081	1	2354980	2354980	0	
5.123	1	2355430	2355430	0	
5.123	1	2356440	2356440	0	
5.1251	1	2356874	2356874	0	
5.1251	1	2357900	2357900	0	
5.1272	1	2358318	2358318	0	
5.1272	1	2359360	2359360	0	
5.1293	1	2359762	2359762	0	
5.1293	1	2360820	2360820	0	
5.13141	1	2361206	2361206	0	
5.13141	1	2362280	2362280	0	
5.13359	1	2362650	2362650	0	
5.13359	1	2363740	2363740	0	
5.13569	1	2364094	2364094	0	
5.13569	1	2365200	2365200	0	
5.13779	1	2365538	2365538	0	
5.13779	1	2366660	2366660	0	
5.13989	1	2366982	2366982	0	
5.13989	1	2368120	2368120	0	
5.14199	1	2368426	2368426	0	
5.14199	1	2369580	2369580	0	
5.14409	1	2369870	2369870	0	
5.14409	1	2371040	2371040	0	
5.1462	1	2371314	2371314	0	
5.1462	1	2372500	2372500	0	
5.1483	1	2372758	2372758	0	
5.1483	1	2373960	2373960	0	
5.15048	1	2374202	2374202	0	
5.15048	1	2375420	2375420	0	
5.15272	1	2375646	2375646	0	
5.15272	1	2376880	2376880	0	
5.15496	1	2377090	2377090	0	
5.15496	1	2378340	2378340	0	
5.1572	1	2378534	2378534	0	
5.1572	1	2379800	2379800	0	
5.15944	1	2379978	2379978	0	
5.15944	1	2381260	2381260	0	
5.16177	1	2381422	2381422	0	
5.16177	1	2382720	2382720	0	
5.16401	1	2382866	2382866	0	
5.16401	1	2384180	2384180	0	
5.16626	1	2384310	2384310	0	
5.16626	1	2385640	2385640	0	
5.1685	1	2385754	2385754	0	
5.1685	1	2387100	2387100	0	
5.17074	1	2387198	2387198	0	
5.17074	1	2388560	2388560	0	
5.17298	1	2388642	2388642	0	
5.17298	1	2390020	2390020	0	
5.17522	1	2390086	2390086	0	
5.17522	1	2391480	2391480	0	
5.17746	1	2391530	2391530	0	
5.17746	1	2392940	2392940	0	
5.17978	1	2392974	2392974	0	
5.17978	1	2394400	2394400	0	
5.18202	1	2394418	2394418	0	
5.18202	1	2395860	2395860	0	
5.18426	1	2395862	2395862	0	
5.1865	1	2397314	2397314	0	
5.1865	1	2397320	2397320	0	
5.18875	1	2398759	2398759	0	
5.18875	1	2398780	2398780	0	
5.19108	1	2400204	2400204	0	
5.19108	1	2400240	2400240	0	
5.19332	1	2401649	2401649	0	
5.19332	1	2401700	2401700	0	
5.19556	1	2403094	2403094	0	
5.19556	1	2403160	2403160	0	
5.1978	1	2404538	2404538	0	
5.1978	1	2404620	2404620	0	
5.20004	1	2405982	2405982	0	
5.20004	1	2406080	2406080	0	
5.20236	1	2407426	2407426	0	
5.20236	1	2407540	2407540	0	
5.2046	1	2408870	2408870	0	
5.2046	1	2409000	2409000	0	
5.20684	1	2410314	2410314	0	
5.20684	1	2410460	2410460	0	
5.20909	1	2411758	2411758	0	
5.20909	1	2411920	2411920	0	
5.21133	1	2413202	2413202	0	
5.21133	1	2413380	2413380	0	
5.21357	1	2414646	2414646	0	
5.21357	1	2414840	2414840	0	
5.21581	1	2416090	2416090	0	
5.21581	1	2416300	2416300	0	
5.21805	1	2417534	2417534	0	
5.21805	1	2417760	2417760	0	
5.22029	1	2418978	2418978	0	
5.22029	1	2419220	2419220	0	
5.22262	1	2420422	2420422	0	
5.22262	1	2420680	2420680	0	
5.22486	1	2421866	2421866	0	
5.22486	1	2422140	2422140	0	
5.2271	1	2423310	2423310	0	
5.2271	1	2423600	2423600	0	
5.22934	1	2424754	2424754	0	
5.22934	1	2425060	2425060	0	
5.23159	1	2426198	2426198	0	
5.23159	1	2426520	2426520	0	
5.23391	1	2427642	2427642	0	
5.23391	1	2427980	2427980	0	
5.23615	1	2429086	2429086	0	
5.23615	1	2429440	2429440	0	
5.23839	1	2430530	2430530	0	
5.23839	1	2430900	2430900	0	
5.24064	1	2431974	2431974	0	
5.24064	1	2432360	2432360	0	
5.24288	1	2433418	2433418	0	
5.24288	1	2433820	2433820	0	
5.24512	1	2434862	2434862	0	
5.24512	1	2435280	2435280	0	
5.24736	1	2436306	2436306	0	
5.24736	1	2436740	2436740	0	
5.2496	1	2437750	2437750	0	
5.2496	1	2438200	2438200	0	
5.25387	1	2439194	2439194	0	
5.25387	1	2439660	2439660	0	
5.2563	1	2440638	2440638	0	
5.2563	1	2441120	2441120	0	
5.25867	1	2442082	2442082	0	
5.25867	1	2442580	2442580	0	
5.26104	1	2443526	2443526	0	
5.26104	1	2444040	2444040	0	
5.26342	1	2444970	2444970	0	
5.26342	1	2445500	2445500	0	
5.26588	1	2446414	2446414	0	
5.26588	1	2446960	2446960	0	
5.26825	1	2447858	2447858	0	
5.26825	1	2448420	2448420	0	
5.27062	1	2449302	2449302	0	
5.27062	1	2449880	2449880	0	
5.27299	1	2450746	2450746	0	
5.27299	1	2451340	2451340	0	
5.27536	1	2452190	2452190	0	
5.27536	1	2452800	2452800	0	
5.27774	1	2453634	2453634	0	
5.27774	1	2454260	2454260	0	
5.28011	1	2455078	2455078	0	
5.28011	1	2455720	2455720	0	
5.28254	1	2456522	2456522	0	
5.28254	1	2457180	2457180	0	
5.28495	1	2457966	2457966	0	
5.28495	1	2458640	2458640	0	
5.28732	1	2459410	2459410	0	
5.28732	1	2460100	2460100	0	
5.28975	1	2460854	2460854	0	
5.28975	1	2461560	2461560	0	
5.29206	1	2462298	2462298	0	
5.29206	1	2463020	2463020	0	
5.29449	1	2463742	2463742	0	
5.29449	1	2464480	2464480	0	
5.2969	1	2465186	2465186	0	
5.2969	1	2465940	2465940	0	
5.29928	1	2466630	2466630	0	
5.29928	1	2467400	2467400	0	
5.30171	1	2468074	2468074	0	
5.30171	1	2468860	2468860	0	
5.30402	1	2469518	2469518	0	
5.30402	1	2470320	2470320	0	
5.30645	1	2470962	2470962	0	
5.30645	1	2471780	2471780	0	
5.30885	1	2472406	2472406	0	
5.30885	1	2473240	2473240	0	
5.31122	1	2473850	2473850	0	
5.31122	1	2474700	2474700	0	
5.31366	1	2475294	2475294	0	
5.31366	1	2476160	2476160	0	
5.31609	1	2476738	2476738	0	
5.31609	1	2477620	2477620	0	
5.3184	1	2478182	2478182	0	
5.3184	1	2479080	2479080	0	
5.32071	1	2479626	2479626	0	
5.32071	1	2480540	2480540	0	
5.32321	1	2481070	2481070	0	
5.32321	1	2482000	2482000	0	
5.32552	1	2482514	2482514	0	
5.32552	1	2483460	2483460	0	
5.32792	1	2483958	2483958	0	
5.32792	1	2484920	2484920	0	
5.33042	1	2485402	2485402	0	
5.33042	1	2486380	2486380	0	
5.33273	1	2486846	2486846	0	
5.33273	1	2487840	2487840	0	
5.33516	1	2488290	2488290	0	
5.33516	1	2489300	2489300	0	
5.33747	1	2489734	2489734	0	
5.33747	1	2490760	2490760	0	
5.33987	1	2491178	2491178	0	
5.33987	1	2492220	2492220	0	
5.34237	1	2492622	2492622	0	
5.34237	1	2493680	2493680	0	
5.34468	1	2494066	2494066	0	
5.34468	1	2495140	2495140	0	
5.34712	1	2495510	2495510	0	
5.34712	1	2496600	2496600	0	
5.34942	1	2496954	2496954	0	
5.34942	1	2498060	2498060	0	
5.35192	1	2498398	2498398	0	
5.35192	1	2499520	2499520	0	
5.35423	1	2499842	2499842	0	
5.35423	1	2500980	2500980	0	
5.35652	1	2501286	2501286	0	
5.35652	1	2502440	2502440	0	
5.35921	1	2502730	2502730	0	
5.35921	1	2503900	2503900	0	
5.3615	1	2504174	2504174	0	
5.3615	1	2505360	2505360	0	
5.36378	1	2505618	2505618	0	
5.36378	1	2506820	2506820	0	
5.36607	1	2507062	2507062	0	
5.36607	1	2508280	2508280	0	
5.36836	1	2508506	2508506	0	
5.36836	1	2509740	2509740	0	
5.37105	1	2509950	2509950	0	
5.37105	1	2511200	2511200	0	
5.37333	1	2511394	2511394	0	
5.37333	1	2512660	2512660	0	
5.37562	1	2512838	2512838	0	
5.37562	1	2514120	2514120	0	
5.3779	1	2514282	2514282	0	
5.3779	1	2515580	2515580	0	
5.38019	1	2515726	2515726	0	
5.38019	1	2517040	2517040	0	
5.38276	1	2517170	2517170	0	
5.38276	1	2518500	2518500	0	
5.38505	1	2518614	2518614	0	
5.38505	1	2519960	2519960	0	
5.38764	1	2520058	2520058	0	
5.38764	1	2521420	2521420	0	
5.38993	1	2521502	2521502	0	
5.38993	1	2522880	2522880	0	
5.39221	1	2522946	2522946	0	
5.39221	1	2524340	2524340	0	
5.3945	1	2524390	2524390	0	
5.3945	1	2525800	2525800	0	
5.39697	1	2525834	2525834	0	
5.39697	1	2527260	2527260	0	
5.39939	1	2527278	2527278	0	
5.39939	1	2528720	2528720	0	
5.40177	1	2528722	2528722	0	
5.40405	1	2530174	2530174	0	
5.40405	1	2530180	2530180	0	
5.40634	1	2531619	2531619	0	
5.40634	1	2531640	2531640	0	
5.40881	1	2533064	2533064	0	
5.40881	1	2533100	2533100	0	
5.4111	1	2534509	2534509	0	
5.4111	1	2534560	2534560	0	
5.41348	1	2535954	2535954	0	
5.41348	1	2536020	2536020	0	
5.41589	1	2537398	2537398	0	
5.41589	1	2537480	2537480	0	
5.41817	1	2538842	2538842	0	
5.41817	1	2538940	2538940	0	
5.42046	1	2540286	2540286	0	
5.42046	1	2540400	2540400	0	
5.42274	1	2541730	2541730	0	
5.42274	1	2541860	2541860	0	
5.42522	1	2543174	2543174	0	
5.42522	1	2543320	2543320	0	
5.4275	1	2544618	2544618	0	
5.4275	1	2544780	2544780	0	
5.42998	1	2546062	2546062	0	
5.42998	1	2546240	2546240	0	
5.43236	1	2547506	2547506	0	
5.43236	1	2547700	2547700	0	
5.43484	1	2548950	2548950	0	
5.43484	1	2549160	2549160	0	
5.43712	1	2550394	2550394	0	
5.43712	1	2550620	2550620	0	
5.43941	1	2551838	2551838	0	
5.43941	1	2552080	2552080	0	
5.44182	1	2553282	2553282	0	
5.44182	1	2553540	2553540	0	
5.4441	1	2554726	2554726	0	
5.4441	1	2555000	2555000	0	
5.44668	1	2556170	2556170	0	
5.44668	1	2556460	2556460	0	
5.44896	1	2557614	2557614	0	
5.44896	1	2557920	2557920	0	
5.45125	1	2559058	2559058	0	
5.45125	1	2559380	2559380	0	
5.45366	1	2560502	2560502	0	
5.45366	1	2560840	2560840	0	
5.45467	1	2561946	2561946	0	
5.45467	1	2562300	2562300	0	
5.45667	1	2563390	2563390	0	
5.45667	1	2563760	2563760	0	
5.45885	1	2564834	2564834	0	
5.45885	1	2565220	2565220	0	
5.4611	1	2566278	2566278	0	
5.4611	1	2566680	2566680	0	
5.46311	1	2567722	2567722	0	
5.46311	1	2568140	2568140	0	
5.46511	1	2569166	2569166	0	
5.46511	1	2569600	2569600	0	
5.46712	1	2570610	2570610	0	
5.46712	1	2571060	2571060	0	
5.46913	1	2572054	2572054	0	
5.46913	1	2572520	2572520	0	
5.47114	1	2573498	2573498	0	
5.47114	1	2573980	2573980	0	
5.4735	1	2574942	2574942	0	
5.4735	1	2575440	2575440	0	
5.47551	1	2576386	2576386	0	
5.47551	1	2576900	2576900	0	
5.47752	1	2577830	2577830	0	
5.47752	1	2578360	2578360	0	
5.47953	1	2579274	2579274	0	
5.47953	1	2579820	2579820	0	
5.48153	1	2580718	2580718	0	
5.48153	1	2581280	2581280	0	
5.4839	1	2582162	2582162	0	
5.4839	1	2582740	2582740	0	
5.4859	1	2583606	2583606	0	
5.4859	1	2584200	2584200	0	
5.48791	1	2585050	2585050	0	
5.48791	1	2585660	2585660	0	
5.48992	1	2586494	2586494	0	
5.48992	1	2587120	2587120	0	
5.49193	1	2587938	2587938	0	
5.49193	1	2588580	2588580	0	
5.49394	1	2589382	2589382	0	
5.49394	1	2590040	2590040	0	
5.496	1	2590826	2590826	0	
5.496	1	2591500	2591500	0	
5.49812	1	2592270	2592270	0	
5.49812	1	2592960	2592960	0	
5.50032	1	2593714	2593714	0	
5.50032	1	2594420	2594420	0	
5.50232	1	2595158	2595158	0	
5.50232	1	2595880	2595880	0	
5.50433	1	2596602	2596602	0	
5.50433	1	2597340	2597340	0	
5.5064	1	2598046	2598046	0	
5.5064	1	2598800	2598800	0	
5.50851	1	2599490	2599490	0	
5.50851	1	2600260	2600260	0	
5.51071	1	2600934	2600934	0	
5.51071	1	2601720	2601720	0	
5.51272	1	2602378	2602378	0	
5.51272	1	2603180	2603180	0	
5.51473	1	2603822	2603822	0	
5.51473	1	2604640	2604640	0	
5.5169	1	2605266	2605266	0	
5.5169	1	2606100	2606100	0	
5.51891	1	2606710	2606710	0	
5.51891	1	2607560	2607560	0	
5.52103	1	2608154	2608154	0	
5.52103	1	2609020	2609020	0	
5.52303	1	2609598	2609598	0	
5.52303	1	2610480	2610480	0	
5.52512	1	2611042	2611042	0	
5.52512	1	2611940	2611940	0	
5.52729	1	2612486	2612486	0	
5.52729	1	2613400	2613400	0	
5.5293	1	2613930	2613930	0	
5.5293	1	2614860	2614860	0	
5.53131	1	2615374	2615374	0	
5.53131	1	2616320	2616320	0	
5.53337	1	2616818	2616818	0	
5.53337	1	2617780	2617780	0	
5.53549	1	2618262	2618262	0	
5.53549	1	2619240	2619240	0	
5.53758	1	2619706	2619706	0	
5.53758	1	2620700	2620700	0	
5.5397	1	2621150	2621150	0	
5.5397	1	2622160	2622160	0	
5.54171	1	2622594	2622594	0	
5.54171	1	2623620	2623620	0	
5.54388	1	2624038	2624038	0	
5.54388	1	2625080	2625080	0	
5.54588	1	2625482	2625482	0	
5.54588	1	2626540	2626540	0	
5.5479	1	2626926	2626926	0	
5.5479	1	2628000	2628000	0	
5.55001	1	2628370	2628370	0	
5.55001	1	2629460	2629460	0	
5.55405	1	2629814	2629814	0	
5.55405	1	2630920	2630920	0	
5.55653	1	2631258	2631258	0	
5.55653	1	2632380	2632380	0	
5.55878	1	2632702	2632702	0	
5.55878	1	2633840	2633840	0	
5.56103	1	2634146	2634146	0	
5.56103	1	2635300	2635300	0	
5.56333	1	2635590	2635590	0	
5.56333	1	2636760	2636760	0	
5.56564	1	2637034	2637034	0	
5.56564	1	2638220	2638220	0	
5.56804	1	2638478	2638478	0	
5.56804	1	2639680	2639680	0	
5.5704	1	2639922	2639922	0	
5.5704	1	2641140	2641140	0	
5.57265	1	2641366	2641366	0	
5.57265	1	2642600	2642600	0	
5.57496	1	2642810	2642810	0	
5.57496	1	2644060	2644060	0	
5.57727	1	2644254	2644254	0	
5.57727	1	2645520	2645520	0	
5.57967	1	2645698	2645698	0	
5.57967	1	2646980	2646980	0	
5.58203	1	2647142	2647142	0	
5.58203	1	2648440	2648440	0	
5.58428	1	2648586	2648586	0	
5.58428	1	2649900	2649900	0	
5.58659	1	2650030	2650030	0	
5.58659	1	2651360	2651360	0	
5.5889	1	2651474	2651474	0	
5.5889	1	2652820	2652820	0	
5.5912	1	2652918	2652918	0	
5.5912	1	2654280	2654280	0	
5.59351	1	2654362	2654362	0	
5.59351	1	2655740	2655740	0	
5.59591	1	2655806	2655806	0	
5.59591	1	2657200	2657200	0	
5.59821	1	2657250	2657250	0	
5.59821	1	2658660	2658660	0	
5.60058	1	2658694	2658694	0	
5.60058	1	2660120	2660120	0	
5.60283	1	2660138	2660138	0	
5.60283	1	2661580	2661580	0	
5.60513	1	2661582	2661582	0	
5.60744	1	2663034	2663034	0	
5.60744	1	2663040	2663040	0	
5.60984	1	2664479	2664479	0	
5.60984	1	2664500	2664500	0	
5.61214	1	2665924	2665924	0	
5.61214	1	2665960	2665960	0	
5.61445	1	2667369	2667369	0	
5.61445	1	2667420	2667420	0	
5.61676	1	2668814	2668814	0	
5.61676	1	2668880	2668880	0	
5.61906	1	2670258	2670258	0	
5.61906	1	2670340	2670340	0	
5.62137	1	2671702	2671702	0	
5.62137	1	2671800	2671800	0	
5.62369	1	2673146	2673146	0	
5.62369	1	2673260	2673260	0	
5.62608	1	2674590	2674590	0	
5.62608	1	2674720	2674720	0	
5.62839	1	2676034	2676034	0	
5.62839	1	2676180	2676180	0	
5.6307	1	2677478	2677478	0	
5.6307	1	2677640	2677640	0	
5.633	1	2678922	2678922	0	
5.633	1	2679100	2679100	0	
5.63531	1	2680366	2680366	0	
5.63531	1	2680560	2680560	0	
5.63762	1	2681810	2681810	0	
5.63762	1	2682020	2682020	0	
5.64001	1	2683254	2683254	0	
5.64001	1	2683480	2683480	0	
5.64232	1	2684698	2684698	0	
5.64232	1	2684940	2684940	0	
5.64463	1	2686142	2686142	0	
5.64463	1	2686400	2686400	0	
5.64694	1	2687586	2687586	0	
5.64694	1	2687860	2687860	0	
5.64925	1	2689030	2689030	0	
5.64925	1	2689320	2689320	0	
5.65155	1	2690474	2690474	0	
5.65155	1	2690780	2690780	0	
5.6548	1	2691918	2691918	0	
5.6548	1	2692240	2692240	0	
5.65702	1	2693362	2693362	0	
5.65702	1	2693700	2693700	0	
5.65911	1	2694806	2694806	0	
5.65911	1	2695160	2695160	0	
5.66119	1	2696250	2696250	0	
5.66119	1	2696620	2696620	0	
5.66328	1	2697694	2697694	0	
5.66328	1	2698080	2698080	0	
5.66536	1	2699138	2699138	0	
5.66536	1	2699540	2699540	0	
5.66745	1	2700582	2700582	0	
5.66745	1	2701000	2701000	0	
5.66961	1	2702026	2702026	0	
5.66961	1	2702460	2702460	0	
5.6717	1	2703470	2703470	0	
5.6717	1	2703920	2703920	0	
5.67378	1	2704914	2704914	0	
5.67378	1	2705380	2705380	0	
5.67587	1	2706358	2706358	0	
5.67587	1	2706840	2706840	0	
5.67795	1	2707802	2707802	0	
5.67795	1	2708300	2708300	0	
5.68011	1	2709246	2709246	0	
5.68011	1	2709760	2709760	0	
5.6822	1	2710690	2710690	0	
5.6822	1	2711220	2711220	0	
5.68428	1	2712134	2712134	0	
5.68428	1	2712680	2712680	0	
5.68637	1	2713578	2713578	0	
5.68637	1	2714140	2714140	0	
5.68846	1	2715022	2715022	0	
5.68846	1	2715600	2715600	0	
5.69054	1	2716466	2716466	0	
5.69054	1	2717060	2717060	0	
5.69262	1	2717910	2717910	0	
5.69262	1	2718520	2718520	0	
5.69479	1	2719354	2719354	0	
5.69479	1	2719980	2719980	0	
5.69687	1	2720798	2720798	0	
5.69687	1	2721440	2721440	0	
5.69895	1	2722242	2722242	0	
5.69895	1	2722900	2722900	0	
5.70104	1	2723686	2723686	0	
5.70104	1	2724360	2724360	0	
5.70312	1	2725130	2725130	0	
5.70312	1	2725820	2725820	0	
5.70521	1	2726574	2726574	0	
5.70521	1	2727280	2727280	0	
5.70738	1	2728018	2728018	0	
5.70738	1	2728740	2728740	0	
5.70946	1	2729462	2729462	0	
5.70946	1	2730200	2730200	0	
5.71154	1	2730906	2730906	0	
5.71154	1	2731660	2731660	0	
5.71363	1	2732350	2732350	0	
5.71363	1	2733120	2733120	0	
5.71571	1	2733794	2733794	0	
5.71571	1	2734580	2734580	0	
5.7178	1	2735238	2735238	0	
5.7178	1	2736040	2736040	0	
5.71988	1	2736682	2736682	0	
5.71988	1	2737500	2737500	0	
5.72204	1	2738126	2738126	0	
5.72204	1	2738960	2738960	0	
5.72413	1	2739570	2739570	0	
5.72413	1	2740420	2740420	0	
5.72627	1	2741014	2741014	0	
5.72627	1	2741880	2741880	0	
5.7283	1	2742458	2742458	0	
5.7283	1	2743340	2743340	0	
5.73038	1	2743902	2743902	0	
5.73038	1	2744800	2744800	0	
5.73252	1	2745346	2745346	0	
5.73252	1	2746260	2746260	0	
5.73463	1	2746790	2746790	0	
5.73463	1	2747720	2747720	0	
5.73677	1	2748234	2748234	0	
5.73677	1	2749180	2749180	0	
5.7388	1	2749678	2749678	0	
5.7388	1	2750640	2750640	0	
5.74094	1	2751122	2751122	0	
5.74094	1	2752100	2752100	0	
5.74302	1	2752566	2752566	0	
5.74302	1	2753560	2753560	0	
5.74525	1	2754010	2754010	0	
5.74525	1	2755020	2755020	0	
5.74727	1	2755454	2755454	0	
5.74727	1	2756480	2756480	0	
5.74931	1	2756898	2756898	0	
5.74931	1	2757940	2757940	0	
5.7515	1	2758342	2758342	0	
5.7515	1	2759400	2759400	0	
5.75353	1	2759786	2759786	0	
5.75353	1	2760860	2760860	0	
5.75407	1	2761230	2762674	0	
5.75407	1	2761230	2763780	1106	
5.75555	1	2761230	2761230	1444	
5.75555	1	2762320	2762320	1444	
5.75639	1	2764118	2764118	0	
5.75639	1	2765240	2765240	0	
5.75881	1	2765562	2765562	0	
5.75881	1	2766700	2766700	0	
5.76127	1	2767006	2767006	0	
5.76127	1	2768160	2768160	0	
5.76359	1	2768450	2768450	0	
5.76359	1	2769620	2769620	0	
5.76598	1	2769894	2769894	0	
5.76598	1	2771080	2771080	0	
5.76843	1	2771338	2771338	0	
5.76843	1	2772540	2772540	0	
5.77085	1	2772782	2772782	0	
5.77085	1	2774000	2774000	0	
5.7733	1	2774226	2774226	0	
5.7733	1	2775460	2775460	0	
5.77562	1	2775670	2775670	0	
5.77562	1	2776920	2776920	0	
5.77801	1	2777114	2777114	0	
5.77801	1	2778380	2778380	0	
5.7804	1	2778558	2778558	0	
5.7804	1	2779840	2779840	0	
5.78279	1	2780002	2780002	0	
5.78279	1	2781300	2781300	0	
5.78517	1	2781446	2781446	0	
5.78517	1	2782760	2782760	0	
5.78766	1	2782890	2782890	0	
5.78766	1	2784220	2784220	0	
5.79005	1	2784334	2784334	0	
5.79005	1	2785680	2785680	0	
5.79244	1	2785778	2785778	0	
5.79244	1	2787140	2787140	0	
5.79488	1	2787222	2787222	0	
5.79488	1	2788600	2788600	0	
5.79721	1	2788666	2788666	0	
5.79721	1	2790060	2790060	0	
5.7996	1	2790110	2790110	0	
5.7996	1	2791520	2791520	0	
5.80198	1	2791554	2791554	0	
5.80198	1	2792980	2792980	0	
5.80446	1	2792998	2792998	0	
5.80446	1	2794440	2794440	0	
5.80685	1	2794442	2794442	0	
5.80924	1	2795894	2795894	0	
5.80924	1	2795900	2795900	0	
5.81163	1	2797339	2797339	0	
5.81163	1	2797360	2797360	0	
5.81402	1	2798784	2798784	0	
5.81402	1	2798820	2798820	0	
5.8164	1	2800229	2800229	0	
5.8164	1	2800280	2800280	0	
5.81879	1	2801674	2801674	0	
5.81879	1	2801740	2801740	0	
5.82127	1	2803118	2803118	0	
5.82127	1	2803200	2803200	0	
5.82366	1	2804562	2804562	0	
5.82366	1	2804660	2804660	0	
5.82605	1	2806006	2806006	0	
5.82605	1	2806120	2806120	0	
5.82843	1	2807450	2807450	0	
5.82843	1	2807580	2807580	0	
5.83082	1	2808894	2808894	0	
5.83082	1	2809040	2809040	0	
5.83322	1	2810338	2810338	0	
5.83322	1	2810500	2810500	0	
5.8357	1	2811782	2811782	0	
5.8357	1	2811960	2811960	0	
5.83808	1	2813226	2813226	0	
5.83808	1	2813420	2813420	0	
5.84047	1	2814670	2814670	0	
5.84047	1	2814880	2814880	0	
5.84286	1	2816114	2816114	0	
5.84286	1	2816340	2816340	0	
5.84525	1	2817558	2817558	0	
5.84525	1	2817800	2817800	0	
5.84773	1	2819002	2819002	0	
5.84773	1	2819260	2819260	0	
5.85011	1	2820446	2820446	0	
5.85011	1	2820720	2820720	0	
5.85533	1	2821890	2821890	0	
5.85533	1	2822180	2822180	0	
5.85755	1	2823334	2823334	0	
5.85755	1	2823640	2823640	0	
5.85977	1	2824778	2824778	0	
5.85977	1	2825100	2825100	0	
5.86198	1	2826222	2826222	0	
5.86198	1	2826560	2826560	0	
5.86419	1	2827666	2827666	0	
5.86419	1	2828020	2828020	0	
5.86641	1	2829110	2829110	0	
5.86641	1	2829480	2829480	0	
5.86871	1	2830554	2830554	0	
5.86871	1	2830940	2830940	0	
5.87092	1	2831998	2831998	0	
5.87092	1	2832400	2832400	0	
5.87314	1	2833442	2833442	0	
5.87314	1	2833860	2833860	0	
5.87535	1	2834886	2834886	0	
5.87535	1	2835320	2835320	0	
5.87757	1	2836330	2836330	0	
5.87757	1	2836780	2836780	0	
5.87987	1	2837774	2837774	0	
5.87987	1	2838240	2838240	0	
5.88209	1	2839218	2839218	0	
5.88209	1	2839700	2839700	0	
5.8843	1	2840662	2840662	0	
5.8843	1	2841160	2841160	0	
5.88652	1	2842106	2842106	0	
5.88652	1	2842620	2842620	0	
5.88873	1	2843550	2843550	0	
5.88873	1	2844080	2844080	0	
5.89094	1	2844994	2844994	0	
5.89094	1	2845540	2845540	0	
5.89316	1	2846438	2846438	0	
5.89316	1	2847000	2847000	0	
5.89546	1	2847882	2847882	0	
5.89546	1	2848460	2848460	0	
5.89767	1	2849326	2849326	0	
5.89767	1	2849920	2849920	0	
5.89989	1	2850770	2850770	0	
5.89989	1	2851380	2851380	0	
5.90211	1	2852214	2852214	0	
5.90211	1	2852840	2852840	0	
5.90432	1	2853658	2853658	0	
5.90432	1	2854300	2854300	0	
5.90654	1	2855102	2855102	0	
5.90654	1	2855760	2855760	0	
5.90884	1	2856546	2856546	0	
5.90884	1	2857220	2857220	0	
5.91105	1	2857990	2857990	0	
5.91105	1	2858680	2858680	0	
5.91326	1	2859434	2859434	0	
5.91326	1	2860140	2860140	0	
5.91559	1	2860878	2860878	0	
5.91559	1	2861600	2861600	0	
5.91775	1	2862322	2862322	0	
5.91775	1	2863060	2863060	0	
5.92003	1	2863766	2863766	0	
5.92003	1	2864520	2864520	0	
5.92218	1	2865210	2865210	0	
5.92218	1	2865980	2865980	0	
5.92443	1	2866654	2866654	0	
5.92443	1	2867440	2867440	0	
5.92676	1	2868098	2868098	0	
5.92676	1	2868900	2868900	0	
5.92891	1	2869542	2869542	0	
5.92891	1	2870360	2870360	0	
5.93124	1	2870986	2870986	0	
5.93124	1	2871820	2871820	0	
5.93352	1	2872430	2872430	0	
5.93352	1	2873280	2873280	0	
5.93568	1	2873874	2873874	0	
5.93568	1	2874740	2874740	0	
5.9381	1	2875318	2875318	0	
5.9381	1	2876200	2876200	0	
5.94037	1	2876762	2876762	0	
5.94037	1	2877660	2877660	0	
5.94252	1	2878206	2878206	0	
5.94252	1	2879120	2879120	0	
5.94468	1	2879650	2879650	0	
5.94468	1	2880580	2880580	0	
5.94683	1	2881094	2881094	0	
5.94683	1	2882040	2882040	0	
5.94925	1	2882538	2882538	0	
5.94925	1	2883500	2883500	0	
5.95153	1	2883982	2883982	0	
5.95153	1	2884960	2884960	0	
5.95369	1	2885426	2885426	0	
5.95369	1	2886420	2886420	0	
5.9572	1	2886870	2886870	0	
5.9572	1	2887880	2887880	0	
5.95971	1	2888314	2888314	0	
5.95971	1	2889340	2889340	0	
5.96216	1	2889758	2889758	0	
5.96216	1	2890800	2890800	0	
5.96448	1	2891202	2891202	0	
5.96448	1	2892260	2892260	0	
5.96689	1	2892646	2892646	0	
5.96689	1	2893720	2893720	0	
5.96922	1	2894090	2894090	0	
5.96922	1	2895180	2895180	0	
5.97173	1	2895534	2895534	0	
5.97173	1	2896640	2896640	0	
5.97418	1	2896978	2896978	0	
5.97418	1	2898100	2898100	0	
5.9765	1	2898422	2898422	0	
5.9765	1	2899560	2899560	0	
5.97883	1	2899866	2899866	0	
5.97883	1	2901020	2901020	0	
5.98124	1	2901310	2901310	0	
5.98124	1	2902480	2902480	0	
5.98375	1	2902754	2902754	0	
5.98375	1	2903940	2903940	0	
5.98607	1	2904198	2904198	0	
5.98607	1	2905400	2905400	0	
5.98839	1	2905642	2905642	0	
5.98839	1	2906860	2906860	0	
5.99091	1	2907086	2907086	0	
5.99091	1	2908320	2908320	0	
5.99323	1	2908530	2908530	0	
5.99323	1	2909780	2909780	0	
5.99555	1	2909974	2909974	0	
5.99555	1	2911240	2911240	0	
5.99809	1	2911418	2911418	0	
5.99809	1	2912700	2912700	0	
6.00042	1	2912862	2912862	0	
6.00042	1	2914160	2914160	0	
6.00274	1	2914306	2914306	0	
6.00274	1	2915620	2915620	0	
6.00506	1	2915750	2915750	0	
6.00506	1	2917080	2917080	0	
6.00756	1	2917194	2917194	0	
6.00756	1	2918540	2918540	0	
6.00989	1	2918638	2918638	0	
6.00989	1	2920000	2920000	0	
6.0123	1	2920082	2920082	0	
6.0123	1	2921460	2921460	0	
6.01475	1	2921526	2921526	0	
6.01475	1	2922920	2922920	0	
6.01707	1	2922970	2922970	0	
6.01707	1	2924380	2924380	0	
6.01939	1	2924414	2924414	0	
6.01939	1	2925840	2925840	0	
6.02171	1	2925858	2925858	0	
6.02171	1	2927300	2927300	0	
6.02403	1	2927302	2927302	0	
6.02635	1	2928754	2928754	0	
6.02635	1	2928760	2928760	0	
6.02897	1	2930199	2930199	0	
6.02897	1	2930220	2930220	0	
6.03129	1	2931644	2931644	0	
6.03129	1	2931680	2931680	0	
6.03361	1	2933089	2933089	0	
6.03361	1	2933140	2933140	0	
6.03612	1	2934534	2934534	0	
6.03612	1	2934600	2934600	0	
6.03844	1	2935978	2935978	0	
6.03844	1	2936060	2936060	0	
6.04089	1	2937422	2937422	0	
6.04089	1	2937520	2937520	0	
6.0433	1	2938866	2938866	0	
6.0433	1	2938980	2938980	0	
6.04563	1	2940310	2940310	0	
6.04563	1	2940440	2940440	0	
6.04795	1	2941754	2941754	0	
6.04795	1	2941900	2941900	0	
6.05046	1	2943198	2943198	0	
6.05046	1	2943360	2943360	0	
6.05278	1	2944642	2944642	0	
6.05278	1	2944820	2944820	0	
6.05446	1	2946086	2947530	0	
6.05446	1	2946086	2947740	210	
6.0551	1	2946086	2946086	1444	
6.0551	1	2946280	2946280	1444	
6.05689	1	2948974	2948974	0	
6.05689	1	2949200	2949200	0	
6.05924	1	2950418	2950418	0	
6.05924	1	2950660	2950660	0	
6.06158	1	2951862	2951862	0	
6.06158	1	2952120	2952120	0	
6.06392	1	2953306	2953306	0	
6.06392	1	2953580	2953580	0	
6.06627	1	2954750	2954750	0	
6.06627	1	2955040	2955040	0	
6.0687	1	2956194	2956194	0	
6.0687	1	2956500	2956500	0	
6.07105	1	2957638	2957638	0	
6.07105	1	2957960	2957960	0	
6.07339	1	2959082	2959082	0	
6.07339	1	2959420	2959420	0	
6.07575	1	2960526	2960526	0	
6.07575	1	2960880	2960880	0	
6.07809	1	2961970	2961970	0	
6.07809	1	2962340	2962340	0	
6.08043	1	2963414	2963414	0	
6.08043	1	2963800	2963800	0	
6.08287	1	2964858	2964858	0	
6.08287	1	2965260	2965260	0	
6.08521	1	2966302	2966302	0	
6.08521	1	2966720	2966720	0	
6.08756	1	2967746	2967746	0	
6.08756	1	2968180	2968180	0	
6.0899	1	2969190	2969190	0	
6.0899	1	2969640	2969640	0	
6.09225	1	2970634	2970634	0	
6.09225	1	2971100	2971100	0	
6.09459	1	2972078	2972078	0	
6.09459	1	2972560	2972560	0	
6.09694	1	2973522	2973522	0	
6.09694	1	2974020	2974020	0	
6.09938	1	2974966	2974966	0	
6.09938	1	2975480	2975480	0	
6.10172	1	2976410	2976410	0	
6.10172	1	2976940	2976940	0	
6.10407	1	2977854	2977854	0	
6.10407	1	2978400	2978400	0	
6.10641	1	2979298	2979298	0	
6.10641	1	2979860	2979860	0	
6.10876	1	2980742	2980742	0	
6.10876	1	2981320	2981320	0	
6.1111	1	2982186	2982186	0	
6.1111	1	2982780	2982780	0	
6.11354	1	2983630	2983630	0	
6.11354	1	2984240	2984240	0	
6.11588	1	2985074	2985074	0	
6.11588	1	2985700	2985700	0	
6.11823	1	2986518	2986518	0	
6.11823	1	2987160	2987160	0	
6.12058	1	2987962	2987962	0	
6.12058	1	2988620	2988620	0	
6.12292	1	2989406	2989406	0	
6.12292	1	2990080	2990080	0	
6.12527	1	2990850	2990850	0	
6.12527	1	2991540	2991540	0	
6.12761	1	2992294	2992294	0	
6.12761	1	2993000	2993000	0	
6.13005	1	2993738	2993738	0	
6.13005	1	2994460	2994460	0	
6.13239	1	2995182	2995182	0	
6.13239	1	2995920	2995920	0	
6.13479	1	2996626	2996626	0	
6.13479	1	2997380	2997380	0	
6.13708	1	2998070	2998070	0	
6.13708	1	2998840	2998840	0	
6.13942	1	2999514	2999514	0	
6.13942	1	3000300	3000300	0	
6.14196	1	3000958	3000958	0	
6.14196	1	3001760	3001760	0	
6.14433	1	3002402	3002402	0	
6.14433	1	3003220	3003220	0	
6.14661	1	3003846	3003846	0	
6.14661	1	3004680	3004680	0	
6.1489	1	3005290	3005290	0	
6.1489	1	3006140	3006140	0	
6.15137	1	3006734	3006734	0	
6.15137	1	3007600	3007600	0	
6.15377	1	3008178	3008178	0	
6.15377	1	3009060	3009060	0	
6.15614	1	3009622	3009622	0	
6.15614	1	3010520	3010520	0	
6.15842	1	3011066	3011066	0	
6.15842	1	3011980	3011980	0	
6.16102	1	3012510	3012510	0	
6.16102	1	3013440	3013440	0	
6.1633	1	3013954	3013954	0	
6.1633	1	3014900	3014900	0	
6.16558	1	3015398	3015398	0	
6.16558	1	3016360	3016360	0	
6.16805	1	3016842	3016842	0	
6.16805	1	3017820	3017820	0	
6.17033	1	3018286	3018286	0	
6.17033	1	3019280	3019280	0	
6.1727	1	3019730	3019730	0	
6.1727	1	3020740	3020740	0	
6.17499	1	3021174	3021174	0	
6.17499	1	3022200	3022200	0	
6.17727	1	3022618	3022618	0	
6.17727	1	3023660	3023660	0	
6.17973	1	3024062	3024062	0	
6.17973	1	3025120	3025120	0	
6.18214	1	3025506	3025506	0	
6.18214	1	3026580	3026580	0	
6.18442	1	3026950	3026950	0	
6.18442	1	3028040	3028040	0	
6.1868	1	3028394	3028394	0	
6.1868	1	3029500	3029500	0	
6.18927	1	3029838	3029838	0	
6.18927	1	3030960	3030960	0	
6.19155	1	3031282	3031282	0	
6.19155	1	3032420	3032420	0	
6.19395	1	3032726	3032726	0	
6.19395	1	3033880	3033880	0	
6.19623	1	3034170	3034170	0	
6.19623	1	3035340	3035340	0	
6.19851	1	3035614	3035614	0	
6.19851	1	3036800	3036800	0	
6.2008	1	3037058	3037058	0	
6.2008	1	3038260	3038260	0	
6.20336	1	3038502	3038502	0	
6.20336	1	3039720	3039720	0	
6.20564	1	3039946	3039946	0	
6.20564	1	3041180	3041180	0	
6.20792	1	3041390	3041390	0	
6.20792	1	3042640	3042640	0	
6.21039	1	3042834	3042834	0	
6.21039	1	3044100	3044100	0	
6.2128	1	3044278	3044278	0	
6.2128	1	3045560	3045560	0	
6.21508	1	3045722	3045722	0	
6.21508	1	3047020	3047020	0	
6.21764	1	3047166	3047166	0	
6.21764	1	3048480	3048480	0	
6.22005	1	3048610	3048610	0	
6.22005	1	3049940	3049940	0	
6.22233	1	3050054	3050054	0	
6.22233	1	3051400	3051400	0	
6.22461	1	3051498	3051498	0	
6.22461	1	3052860	3052860	0	
6.22689	1	3052942	3052942	0	
6.22689	1	3054320	3054320	0	
6.22935	1	3054386	3054386	0	
6.22935	1	3055780	3055780	0	
6.23163	1	3055830	3055830	0	
6.23163	1	3057240	3057240	0	
6.23419	1	3057274	3057274	0	
6.23419	1	3058700	3058700	0	
6.23647	1	3058718	3058718	0	
6.23647	1	3060160	3060160	0	
6.23888	1	3060162	3060162	0	
6.24116	1	3061614	3061614	0	
6.24116	1	3061620	3061620	0	
6.24344	1	3063059	3063059	0	
6.24344	1	3063080	3063080	0	
6.24572	1	3064504	3064504	0	
6.24572	1	3064540	3064540	0	
6.24829	1	3065949	3065949	0	
6.24829	1	3066000	3066000	0	
6.25057	1	3067394	3067394	0	
6.25057	1	3067460	3067460	0	
6.25285	1	3068838	3068838	0	
6.25285	1	3068920	3068920	0	
6.25723	1	3070282	3070282	0	
6.25723	1	3070380	3070380	0	
6.25949	1	3071726	3071726	0	
6.25949	1	3071840	3071840	0	
6.26184	1	3073170	3073170	0	
6.26184	1	3073300	3073300	0	
6.26429	1	3074614	3074614	0	
6.26429	1	3074760	3074760	0	
6.26655	1	3076058	3076058	0	
6.26655	1	3076220	3076220	0	
6.26881	1	3077502	3077502	0	
6.26881	1	3077680	3077680	0	
6.27126	1	3078946	3078946	0	
6.27126	1	3079140	3079140	0	
6.27352	1	3080390	3080390	0	
6.27352	1	3080600	3080600	0	
6.27578	1	3081834	3081834	0	
6.27578	1	3082060	3082060	0	
6.27816	1	3083278	3083278	0	
6.27816	1	3083520	3083520	0	
6.28051	1	3084722	3084722	0	
6.28051	1	3084980	3084980	0	
6.28277	1	3086166	3086166	0	
6.28277	1	3086440	3086440	0	
6.28534	1	3087610	3087610	0	
6.28534	1	3087900	3087900	0	
6.2876	1	3089054	3089054	0	
6.2876	1	3089360	3089360	0	
6.28986	1	3090498	3090498	0	
6.28986	1	3090820	3090820	0	
6.29241	1	3091942	3091942	0	
6.29241	1	3092280	3092280	0	
6.29479	1	3093386	3093386	0	
6.29479	1	3093740	3093740	0	
6.29705	1	3094830	3094830	0	
6.29705	1	3095200	3095200	0	
6.29931	1	3096274	3096274	0	
6.29931	1	3096660	3096660	0	
6.30157	1	3097718	3097718	0	
6.30157	1	3098120	3098120	0	
6.30383	1	3099162	3099162	0	
6.30383	1	3099580	3099580	0	
6.30628	1	3100606	3100606	0	
6.30628	1	3101040	3101040	0	
6.30881	1	3102050	3102050	0	
6.30881	1	3102500	3102500	0	
6.31107	1	3103494	3103494	0	
6.31107	1	3103960	3103960	0	
6.31333	1	3104938	3104938	0	
6.31333	1	3105420	3105420	0	
6.31572	1	3106382	3106382	0	
6.31572	1	3106880	3106880	0	
6.31798	1	3107826	3107826	0	
6.31798	1	3108340	3108340	0	
6.32024	1	3109270	3109270	0	
6.32024	1	3109800	3109800	0	
6.32278	1	3110714	3110714	0	
6.32278	1	3111260	3111260	0	
6.32516	1	3112158	3112158	0	
6.32516	1	3112720	3112720	0	
6.32742	1	3113602	3113602	0	
6.32742	1	3114180	3114180	0	
6.32968	1	3115046	3115046	0	
6.32968	1	3115640	3115640	0	
6.33194	1	3116490	3116490	0	
6.33194	1	3117100	3117100	0	
6.3342	1	3117934	3117934	0	
6.3342	1	3118560	3118560	0	
6.33646	1	3119378	3119378	0	
6.33646	1	3120020	3120020	0	
6.33901	1	3120822	3120822	0	
6.33901	1	3121480	3121480	0	
6.34127	1	3122266	3122266	0	
6.34127	1	3122940	3122940	0	
6.34353	1	3123710	3123710	0	
6.34353	1	3124400	3124400	0	
6.34597	1	3125154	3125154	0	
6.34597	1	3125860	3125860	0	
6.34823	1	3126598	3126598	0	
6.34823	1	3127320	3127320	0	
6.35049	1	3128042	3128042	0	
6.35049	1	3128780	3128780	0	
6.35297	1	3129486	3129486	0	
6.35297	1	3130240	3130240	0	
6.35523	1	3130930	3130930	0	
6.35523	1	3131700	3131700	0	
6.35583	1	3132374	3132374	0	
6.35583	1	3133160	3133160	0	
6.35811	1	3133818	3133818	0	
6.35811	1	3134620	3134620	0	
6.3604	1	3135262	3135262	0	
6.3604	1	3136080	3136080	0	
6.36296	1	3136706	3136706	0	
6.36296	1	3137540	3137540	0	
6.36536	1	3138150	3138150	0	
6.36536	1	3139000	3139000	0	
6.36765	1	3139594	3139594	0	
6.36765	1	3140460	3140460	0	
6.36993	1	3141038	3141038	0	
6.36993	1	3141920	3141920	0	
6.37221	1	3142482	3142482	0	
6.37221	1	3143380	3143380	0	
6.3745	1	3143926	3143926	0	
6.3745	1	3144840	3144840	0	
6.37697	1	3145370	3145370	0	
6.37697	1	3146300	3146300	0	
6.37934	1	3146814	3146814	0	
6.37934	1	3147760	3147760	0	
6.38182	1	3148258	3148258	0	
6.38182	1	3149220	3149220	0	
6.38429	1	3149702	3149702	0	
6.38429	1	3150680	3150680	0	
6.38657	1	3151146	3151146	0	
6.38657	1	3152140	3152140	0	
6.38885	1	3152590	3152590	0	
6.38885	1	3153600	3153600	0	
6.39114	1	3154034	3154034	0	
6.39114	1	3155060	3155060	0	
6.39351	1	3155478	3155478	0	
6.39351	1	3156520	3156520	0	
6.39611	1	3156922	3156922	0	
6.39611	1	3157980	3157980	0	
6.3984	1	3158366	3158366	0	
6.3984	1	3159440	3159440	0	
6.40068	1	3159810	3159810	0	
6.40068	1	3160900	3160900	0	
6.40296	1	3161254	3161254	0	
6.40296	1	3162360	3162360	0	
6.40525	1	3162698	3162698	0	
6.40525	1	3163820	3163820	0	
6.40753	1	3164142	3164142	0	
6.40753	1	3165280	3165280	0	
6.41019	1	3165586	3165586	0	
6.41019	1	3166740	3166740	0	
6.41256	1	3167030	3167030	0	
6.41256	1	3168200	3168200	0	
6.41484	1	3168474	3168474	0	
6.41484	1	3169660	3169660	0	
6.41713	1	3169918	3169918	0	
6.41713	1	3171120	3171120	0	
6.41941	1	3171362	3171362	0	
6.41941	1	3172580	3172580	0	
6.42169	1	3172806	3172806	0	
6.42169	1	3174040	3174040	0	
6.4241	1	3174250	3174250	0	
6.4241	1	3175500	3175500	0	
6.42648	1	3175694	3175694	0	
6.42648	1	3176960	3176960	0	
6.42895	1	3177138	3177138	0	
6.42895	1	3178420	3178420	0	
6.43124	1	3178582	3178582	0	
6.43124	1	3179880	3179880	0	
6.43352	1	3180026	3180026	0	
6.43352	1	3181340	3181340	0	
6.43593	1	3181470	3181470	0	
6.43593	1	3182800	3182800	0	
6.43821	1	3182914	3182914	0	
6.43821	1	3184260	3184260	0	
6.44049	1	3184358	3184358	0	
6.44049	1	3185720	3185720	0	
6.44324	1	3185802	3185802	0	
6.44324	1	3187180	3187180	0	
6.44553	1	3187246	3187246	0	
6.44553	1	3188640	3188640	0	
6.44793	1	3188690	3188690	0	
6.44793	1	3190100	3190100	0	
6.45022	1	3190134	3190134	0	
6.45022	1	3191560	3191560	0	
6.4525	1	3191578	3191578	0	
6.4525	1	3193020	3193020	0	
6.45488	1	3193022	3193022	0	
6.45755	1	3194474	3194474	0	
6.45755	1	3194480	3194480	0	
6.46007	1	3195919	3195919	0	
6.46007	1	3195940	3195940	0	
6.46245	1	3197364	3197364	0	
6.46245	1	3197400	3197400	0	
6.46483	1	3198809	3198809	0	
6.46483	1	3198860	3198860	0	
6.46721	1	3200254	3200254	0	
6.46721	1	3200320	3200320	0	
6.46969	1	3201698	3201698	0	
6.46969	1	3201780	3201780	0	
6.47227	1	3203142	3203142	0	
6.47227	1	3203240	3203240	0	
6.47465	1	3204586	3204586	0	
6.47465	1	3204700	3204700	0	
6.47704	1	3206030	3206030	0	
6.47704	1	3206160	3206160	0	
6.47942	1	3207474	3207474	0	
6.47942	1	3207620	3207620	0	
6.4818	1	3208918	3208918	0	
6.4818	1	3209080	3209080	0	
6.48431	1	3210362	3210362	0	
6.48431	1	3210540	3210540	0	
6.48698	1	3211806	3211806	0	
6.48698	1	3212000	3212000	0	
6.48937	1	3213250	3213250	0	
6.48937	1	3213460	3213460	0	
6.49175	1	3214694	3214694	0	
6.49175	1	3214920	3214920	0	
6.49413	1	3216138	3216138	0	
6.49413	1	3216380	3216380	0	
6.49671	1	3217582	3217582	0	
6.49671	1	3217840	3217840	0	
6.49909	1	3219026	3219026	0	
6.49909	1	3219300	3219300	0	
6.50158	1	3220470	3220470	0	
6.50158	1	3220760	3220760	0	
6.50409	1	3221914	3221914	0	
6.50409	1	3222220	3222220	0	
6.50647	1	3223358	3223358	0	
6.50647	1	3223680	3223680	0	
6.50904	1	3224802	3224802	0	
6.50904	1	3225140	3225140	0	
6.51143	1	3226246	3226246	0	
6.51143	1	3226600	3226600	0	
6.51381	1	3227690	3227690	0	
6.51381	1	3228060	3228060	0	
6.51626	1	3229134	3229134	0	
6.51626	1	3229520	3229520	0	
6.5188	1	3230578	3230578	0	
6.5188	1	3230980	3230980	0	
6.52158	1	3232022	3232022	0	
6.52158	1	3232440	3232440	0	
6.52396	1	3233466	3233466	0	
6.52396	1	3233900	3233900	0	
6.52634	1	3234910	3234910	0	
6.52634	1	3235360	3235360	0	
6.52872	1	3236354	3236354	0	
6.52872	1	3236820	3236820	0	
6.5311	1	3237798	3237798	0	
6.5311	1	3238280	3238280	0	
6.53391	1	3239242	3239242	0	
6.53391	1	3239740	3239740	0	
6.53643	1	3240686	3240686	0	
6.53643	1	3241200	3241200	0	
6.53881	1	3242130	3242130	0	
6.53881	1	3242660	3242660	0	
6.54119	1	3243574	3243574	0	
6.54119	1	3244120	3244120	0	
6.54357	1	3245018	3245018	0	
6.54357	1	3245580	3245580	0	
6.54595	1	3246462	3246462	0	
6.54595	1	3247040	3247040	0	
6.54853	1	3247906	3247906	0	
6.54853	1	3248500	3248500	0	
6.5512	1	3249350	3249350	0	
6.5512	1	3249960	3249960	0	
6.55224	1	3250794	3250794	0	
6.55224	1	3251420	3251420	0	
6.55427	1	3252238	3252238	0	
6.55427	1	3252880	3252880	0	
6.5563	1	3253682	3253682	0	
6.5563	1	3254340	3254340	0	
6.55833	1	3255126	3255126	0	
6.55833	1	3255800	3255800	0	
6.56037	1	3256570	3256570	0	
6.56037	1	3257260	3257260	0	
6.56259	1	3258014	3258014	0	
6.56259	1	3258720	3258720	0	
6.56463	1	3259458	3259458	0	
6.56463	1	3260180	3260180	0	
6.56694	1	3260902	3260902	0	
6.56694	1	3261640	3261640	0	
6.56898	1	3262346	3262346	0	
6.56898	1	3263100	3263100	0	
6.57101	1	3263790	3263790	0	
6.57101	1	3264560	3264560	0	
6.57312	1	3265234	3265234	0	
6.57312	1	3266020	3266020	0	
6.57544	1	3266678	3266678	0	
6.57544	1	3267480	3267480	0	
6.57747	1	3268122	3268122	0	
6.57747	1	3268940	3268940	0	
6.5795	1	3269566	3269566	0	
6.5795	1	3270400	3270400	0	
6.58153	1	3271010	3271010	0	
6.58153	1	3271860	3271860	0	
6.58401	1	3272454	3272454	0	
6.58401	1	3273320	3273320	0	
6.58605	1	3273898	3273898	0	
6.58605	1	3274780	3274780	0	
6.58817	1	3275342	3275342	0	
6.58817	1	3276240	3276240	0	
6.5902	1	3276786	3276786	0	
6.5902	1	3277700	3277700	0	
6.59252	1	3278230	3278230	0	
6.59252	1	3279160	3279160	0	
6.59455	1	3279674	3279674	0	
6.59455	1	3280620	3280620	0	
6.59658	1	3281118	3281118	0	
6.59658	1	3282080	3282080	0	
6.59862	1	3282562	3282562	0	
6.59862	1	3283540	3283540	0	
6.6009	1	3284006	3284006	0	
6.6009	1	3285000	3285000	0	
6.60293	1	3285450	3285450	0	
6.60293	1	3286460	3286460	0	
6.60496	1	3286894	3286894	0	
6.60496	1	3287920	3287920	0	
6.607	1	3288338	3288338	0	
6.607	1	3289380	3289380	0	
6.60931	1	3289782	3289782	0	
6.60931	1	3290840	3290840	0	
6.61134	1	3291226	3291226	0	
6.61134	1	3292300	3292300	0	
6.61337	1	3292670	3292670	0	
6.61337	1	3293760	3293760	0	
6.61549	1	3294114	3294114	0	
6.61549	1	3295220	3295220	0	
6.61752	1	3295558	3295558	0	
6.61752	1	3296680	3296680	0	
6.61955	1	3297002	3297002	0	
6.61955	1	3298140	3298140	0	
6.62159	1	3298446	3298446	0	
6.62159	1	3299600	3299600	0	
6.62362	1	3299890	3299890	0	
6.62362	1	3301060	3301060	0	
6.62599	1	3301334	3301334	0	
6.62599	1	3302520	3302520	0	
6.62811	1	3302778	3302778	0	
6.62811	1	3303980	3303980	0	
6.6302	1	3304222	3304222	0	
6.6302	1	3305440	3305440	0	
6.63229	1	3305666	3305666	0	
6.63229	1	3306900	3306900	0	
6.63433	1	3307110	3307110	0	
6.63433	1	3308360	3308360	0	
6.63636	1	3308554	3308554	0	
6.63636	1	3309820	3309820	0	
6.63875	1	3309998	3309998	0	
6.63875	1	3311280	3311280	0	
6.64078	1	3311442	3311442	0	
6.64078	1	3312740	3312740	0	
6.64281	1	3312886	3312886	0	
6.64281	1	3314200	3314200	0	
6.64485	1	3314330	3314330	0	
6.64485	1	3315660	3315660	0	
6.64688	1	3315774	3315774	0	
6.64688	1	3317120	3317120	0	
6.64891	1	3317218	3317218	0	
6.64891	1	3318580	3318580	0	
6.65111	1	3318662	3318662	0	
6.65111	1	3320040	3320040	0	
6.65354	1	3320106	3320106	0	
6.65354	1	3321500	3321500	0	
6.656	1	3321550	3321550	0	
6.656	1	3322960	3322960	0	
6.65824	1	3322994	3322994	0	
6.65824	1	3324420	3324420	0	
6.66048	1	3324438	3324438	0	
6.66048	1	3325880	3325880	0	
6.66272	1	3325882	3325882	0	
6.66496	1	3327334	3327334	0	
6.66496	1	3327340	3327340	0	
6.66747	1	3328779	3330224	0	
6.66747	1	3328779	3330260	36	
6.66971	1	3328779	3331669	1445	
6.66971	1	3328779	3331720	1496	
6.67195	1	3328779	3333114	2890	
6.67195	1	3328779	3333180	2956	
6.67419	1	3328779	3334558	4334	
6.67419	1	3328779	3334640	4416	
6.67644	1	3328779	3336002	5778	
6.67644	1	3328779	3336100	5876	
6.67868	1	3328779	3337446	7222	
6.67868	1	3328779	3337560	7336	
6.68104	1	3328779	3338890	8666	
6.68104	1	3328779	3339020	8796	
6.68356	1	3328779	3340334	10110	
6.68356	1	3328779	3340480	10256	
6.6858	1	3328779	3341778	11554	
6.6858	1	3328779	3341940	11716	
6.68804	1	3328779	3343222	12998	
6.68804	1	3328779	3343400	13176	
6.69028	1	3328779	3344666	14442	
6.69028	1	3328779	3344860	14636	
6.69252	1	3328779	3346110	15886	
6.69252	1	3328779	3346320	16096	
6.69498	1	3328779	3347554	17330	
6.69498	1	3328779	3347780	17556	
6.69722	1	3328779	3348998	18774	
6.69722	1	3328779	3349240	19016	
6.69946	1	3328779	3350442	20218	
6.69946	1	3328779	3350700	20476	
6.70176	1	3328779	3351886	21662	
6.70176	1	3328779	3352160	21936	
6.70406	1	3328779	3353330	23106	
6.70406	1	3328779	3353620	23396	
6.70637	1	3328779	3354774	24550	
6.70637	1	3328779	3355080	24856	
6.70867	1	3328779	3356218	25994	
6.70867	1	3328779	3356540	26316	
6.71097	1	3328779	3357662	27438	
6.71097	1	3328779	3358000	27776	
6.71337	1	3328779	3359106	28882	
6.71337	1	3328779	3359460	29236	
6.71573	1	3328779	3360550	30326	
6.71573	1	3328779	3360920	30696	
6.71797	1	3328779	3361994	31770	
6.71797	1	3328779	3362380	32156	
6.72028	1	3328779	3363438	33214	
6.72028	1	3328779	3363840	33616	
6.72258	1	3328779	3364882	34658	
6.72258	1	3328779	3365300	35076	
6.72497	1	3328779	3366326	36102	
6.72497	1	3328779	3366760	36536	
6.72727	1	3328779	3367770	37546	
6.72727	1	3328779	3368220	37996	
6.72957	1	3328779	3369214	38990	
6.72957	1	3328779	3369680	39456	
6.73188	1	3328779	3370658	40434	
6.73188	1	3328779	3371140	40916	
6.73418	1	3328779	3372102	41878	
6.73418	1	3328779	3372600	42376	
6.73658	1	3328779	3373546	43322	
6.73658	1	3328779	3374060	43836	
6.73888	1	3328779	3374990	44766	
6.73888	1	3328779	3375520	45296	
6.74118	1	3328779	3376434	46210	
6.74118	1	3328779	3376980	46756	
6.74348	1	3328779	3377878	47654	
6.74348	1	3328779	3378440	48216	
6.74578	1	3328779	3379322	49098	
6.74578	1	3328779	3379900	49676	
6.74809	1	3328779	3380766	50542	
6.74809	1	3328779	3381360	51136	
6.75039	1	3328779	3382210	51986	
6.75039	1	3328779	3382820	52596	
6.7527	1	3328779	3383654	53430	
6.7527	1	3328779	3384280	54056	
6.7551	1	3328779	3385098	54874	
6.7551	1	3328779	3385740	55516	
6.75741	1	3328779	3386542	56318	
6.75741	1	3328779	3387200	56976	
6.75972	1	3328779	3387986	57762	
6.75972	1	3328779	3388660	58436	
6.76203	1	3328779	3389430	59206	
6.76203	1	3328779	3390120	59896	
6.76434	1	3328779	3390874	60650	
6.76434	1	3328779	3391580	61356	
6.76674	1	3328779	3392318	62094	
6.76674	1	3328779	3393040	62816	
6.76905	1	3328779	3393762	63538	
6.76905	1	3328779	3394500	64276	
6.77136	1	3328779	3395206	64982	
6.77136	1	3328779	3395960	65736	
6.77367	1	3328779	3396650	66426	
6.77367	1	3328779	3397420	67196	
6.77597	1	3328779	3398094	67870	
6.77597	1	3328779	3398880	68656	
6.77829	1	3328779	3399538	69314	
6.77829	1	3328779	3400340	70116	
6.7806	1	3328779	3400982	70758	
6.7806	1	3328779	3401800	71576	
6.78291	1	3328779	3402426	72202	
6.78291	1	3328779	3403260	73036	
6.78531	1	3328779	3403870	73646	
6.78531	1	3328779	3404720	74496	
6.78768	1	3328779	3405314	75090	
6.78768	1	3328779	3406180	75956	
6.78993	1	3328779	3406758	76534	
6.78993	1	3328779	3407640	77416	
6.79224	1	3328779	3408202	77978	
6.79224	1	3328779	3409100	78876	
6.79454	1	3328779	3409646	79422	
6.79454	1	3328779	3410560	80336	
6.79694	1	3328779	3411090	80866	
6.79694	1	3328779	3412020	81796	
6.79932	1	3328779	3412534	82310	
6.79932	1	3328779	3413480	83256	
6.80157	1	3328779	3413978	83754	
6.80157	1	3328779	3414940	84716	
6.80388	1	3328779	3415422	85198	
6.80388	1	3328779	3416400	86176	
6.80625	1	3328779	3416866	86642	
6.80625	1	3328779	3417860	87636	
6.80889	1	3328779	3418310	88086	
6.80889	1	3328779	3419320	89096	
6.81114	1	3328779	3419754	89530	
6.81114	1	3328779	3420780	90556	
6.81339	1	3328779	3421198	90974	
6.81339	1	3328779	3422240	92016	
6.81563	1	3328779	3422642	92418	
6.81563	1	3328779	3423700	93476	
6.81807	1	3328779	3424086	93862	
6.81807	1	3328779	3425160	94936	
6.82032	1	3328779	3425530	95306	
6.82032	1	3328779	3426620	96396	
6.82257	1	3328779	3426974	96750	
6.82257	1	3328779	3428080	97856	
6.82494	1	3328779	3428418	98194	
6.82494	1	3328779	3429540	99316	
6.82746	1	3328779	3429862	99638	
6.82746	1	3328779	3431000	100776	
6.82971	1	3328779	3431306	101082	
6.82971	1	3328779	3432460	102236	
6.83196	1	3328779	3432750	102526	
6.83196	1	3328779	3433920	103696	
6.83439	1	3328779	3434194	103970	
6.83439	1	3328779	3435380	105156	
6.83676	1	3328779	3435638	105414	
6.83676	1	3328779	3436840	106616	
6.8391	1	3328779	3437082	106858	
6.8391	1	3328779	3438300	108076	
6.84135	1	3328779	3438526	108302	
6.84135	1	3328779	3439760	109536	
6.8436	1	3328779	3439970	109746	
6.8436	1	3328779	3441220	110996	
6.84603	1	3328779	3441414	111190	
6.84603	1	3328779	3442680	112456	
6.8484	1	3328779	3442858	112634	
6.8484	1	3328779	3444140	113916	
6.85065	1	3328779	3444302	114078	
6.85065	1	3328779	3445600	115376	
6.85686	1	3328779	3445746	115522	
6.85686	1	3328779	3447060	116836	
6.8589	1	3328779	3447190	116966	
6.8589	1	3328779	3448520	118296	
6.86102	1	3328779	3448634	118410	
6.86102	1	3328779	3449980	119756	
6.86322	1	3328779	3450078	119854	
6.86322	1	3328779	3451440	121216	
6.86537	1	3328779	3451522	121298	
6.86537	1	3328779	3452900	122676	
6.86741	1	3328779	3452966	122742	
6.86741	1	3328779	3454360	124136	
6.86945	1	3328779	3454410	124186	
6.86945	1	3328779	3455820	125596	
6.87157	1	3328779	3455854	125630	
6.87157	1	3328779	3457280	127056	
6.87378	1	3328779	3457298	127074	
6.87378	1	3328779	3458740	128516	
6.87593	1	3328779	3458742	128518	
6.87797	1	3328779	3460194	129970	
6.87797	1	3328779	3460200	129976	
6.88001	1	3328779	3461639	131415	
6.88001	1	3328779	3461660	131436	
6.88205	1	3328779	3463084	132860	
6.88205	1	3328779	3463120	132896	
6.88416	1	3328779	3464529	134305	
6.88416	1	3328779	3464580	134356	
6.8862	1	3328779	3465974	135750	
6.8862	1	3328779	3466040	135816	
6.88833	1	3328779	3467418	137194	
6.88833	1	3328779	3467500	137276	
6.89037	1	3328779	3468862	138638	
6.89037	1	3328779	3468960	138736	
6.89241	1	3328779	3328779	140082	
6.89241	1	3328800	3328800	140082	
6.89494	1	3470306	3470306	0	
6.89494	1	3470420	3470420	0	
6.89704	1	3471750	3471750	0	
6.89704	1	3471880	3471880	0	
6.89914	1	3473194	3473194	0	
6.89914	1	3473340	3473340	0	
6.90123	1	3474638	3474638	0	
6.90123	1	3474800	3474800	0	
6.90341	1	3476082	3476082	0	
6.90341	1	3476260	3476260	0	
6.90551	1	3477526	3477526	0	
6.90551	1	3477720	3477720	0	
6.91207	1	3478970	3478970	0	
6.91207	1	3479180	3479180	0	
6.91416	1	3480414	3480414	0	
6.91416	1	3480640	3480640	0	
6.91626	1	3481858	3481858	0	
6.91626	1	3482100	3482100	0	
6.91835	1	3483302	3483302	0	
6.91835	1	3483560	3483560	0	
6.92045	1	3484746	3484746	0	
6.92045	1	3485020	3485020	0	
6.92388	1	3486190	3486190	0	
6.92388	1	3486480	3486480	0	
6.92598	1	3487634	3487634	0	
6.92598	1	3487940	3487940	0	
6.92807	1	3489078	3489078	0	
6.92807	1	3489400	3489400	0	
6.93082	1	3490522	3490522	0	
6.93082	1	3490860	3490860	0	
6.93291	1	3491966	3491966	0	
6.93291	1	3492320	3492320	0	
6.93501	1	3493410	3493410	0	
6.93501	1	3493780	3493780	0	
6.9371	1	3494854	3494854	0	
6.9371	1	3495240	3495240	0	
6.9392	1	3496298	3496298	0	
6.9392	1	3496700	3496700	0	
6.94245	1	3497742	3497742	0	
6.94245	1	3498160	3498160	0	
6.94455	1	3499186	3499186	0	
6.94455	1	3499620	3499620	0	
6.94665	1	3500630	3500630	0	
6.94665	1	3501080	3501080	0	
6.94874	1	3502074	3502074	0	
6.94874	1	3502540	3502540	0	
6.95084	1	3503518	3503518	0	
6.95084	1	3504000	3504000	0	
6.9535	1	3504962	3506406	0	
6.9535	1	3504962	3506920	514	
6.9541	1	3504962	3504962	1444	
6.9541	1	3505460	3505460	1444	
6.95591	1	3507850	3507850	0	
6.95591	1	3508380	3508380	0	
6.95846	1	3509294	3509294	0	
6.95846	1	3509840	3509840	0	
6.96088	1	3510738	3510738	0	
6.96088	1	3511300	3511300	0	
6.96329	1	3512182	3512182	0	
6.96329	1	3512760	3512760	0	
6.96671	1	3513626	3513626	0	
6.96671	1	3514220	3514220	0	
6.96913	1	3515070	3515070	0	
6.96913	1	3515680	3515680	0	
6.97318	1	3516514	3516514	0	
6.97318	1	3517140	3517140	0	
6.97559	1	3517958	3517958	0	
6.97559	1	3518600	3518600	0	
6.97801	1	3519402	3519402	0	
6.97801	1	3520060	3520060	0	
6.98052	1	3520846	3520846	0	
6.98052	1	3521520	3521520	0	
6.98293	1	3522290	3522290	0	
6.98293	1	3522980	3522980	0	
6.98534	1	3523734	3523734	0	
6.98534	1	3524440	3524440	0	
6.98776	1	3525178	3525178	0	
6.98776	1	3525900	3525900	0	
6.99017	1	3526622	3526622	0	
6.99017	1	3527360	3527360	0	
6.99258	1	3528066	3528066	0	
6.99258	1	3528820	3528820	0	
6.995	1	3529510	3529510	0	
6.995	1	3530280	3530280	0	
6.99742	1	3530954	3530954	0	
6.99742	1	3531740	3531740	0	
6.99993	1	3532398	3532398	0	
6.99993	1	3533200	3533200	0	
7.00234	1	3533842	3533842	0	
7.00234	1	3534660	3534660	0	
7.00475	1	3535286	3535286	0	
7.00475	1	3536120	3536120	0	
7.00717	1	3536730	3536730	0	
7.00717	1	3537580	3537580	0	
7.00958	1	3538174	3538174	0	
7.00958	1	3539040	3539040	0	
7.01209	1	3539618	3539618	0	
7.01209	1	3540500	3540500	0	
7.0145	1	3541062	3541062	0	
7.0145	1	3541960	3541960	0	
7.01692	1	3542506	3542506	0	
7.01692	1	3543420	3543420	0	
7.01943	1	3543950	3543950	0	
7.01943	1	3544880	3544880	0	
7.02184	1	3545394	3545394	0	
7.02184	1	3546340	3546340	0	
7.02426	1	3546838	3546838	0	
7.02426	1	3547800	3547800	0	
7.02667	1	3548282	3548282	0	
7.02667	1	3549260	3549260	0	
7.02908	1	3549726	3549726	0	
7.02908	1	3550720	3550720	0	
7.03159	1	3551170	3551170	0	
7.03159	1	3552180	3552180	0	
7.034	1	3552614	3552614	0	
7.034	1	3553640	3553640	0	
7.03642	1	3554058	3554058	0	
7.03642	1	3555100	3555100	0	
7.03884	1	3555502	3555502	0	
7.03884	1	3556560	3556560	0	
7.04125	1	3556946	3556946	0	
7.04125	1	3558020	3558020	0	
7.04367	1	3558390	3558390	0	
7.04367	1	3559480	3559480	0	
7.04608	1	3559834	3559834	0	
7.04608	1	3560940	3560940	0	
7.04849	1	3561278	3561278	0	
7.04849	1	3562400	3562400	0	
7.051	1	3562722	3562722	0	
7.051	1	3563860	3563860	0	
7.05341	1	3564166	3564166	0	
7.05341	1	3565320	3565320	0	
7.05562	1	3565610	3565610	0	
7.05562	1	3566780	3566780	0	
7.05783	1	3567054	3567054	0	
7.05783	1	3568240	3568240	0	
7.06005	1	3568498	3568498	0	
7.06005	1	3569700	3569700	0	
7.06235	1	3569942	3569942	0	
7.06235	1	3571160	3571160	0	
7.06456	1	3571386	3571386	0	
7.06456	1	3572620	3572620	0	
7.06677	1	3572830	3572830	0	
7.06677	1	3574080	3574080	0	
7.06898	1	3574274	3574274	0	
7.06898	1	3575540	3575540	0	
7.07119	1	3575718	3575718	0	
7.07119	1	3577000	3577000	0	
7.0734	1	3577162	3577162	0	
7.0734	1	3578460	3578460	0	
7.07561	1	3578606	3578606	0	
7.07561	1	3579920	3579920	0	
7.07782	1	3580050	3580050	0	
7.07782	1	3581380	3581380	0	
7.08011	1	3581494	3581494	0	
7.08011	1	3582840	3582840	0	
7.08233	1	3582938	3582938	0	
7.08233	1	3584300	3584300	0	
7.08454	1	3584382	3584382	0	
7.08454	1	3585760	3585760	0	
7.08675	1	3585826	3585826	0	
7.08675	1	3587220	3587220	0	
7.08896	1	3587270	3587270	0	
7.08896	1	3588680	3588680	0	
7.09117	1	3588714	3588714	0	
7.09117	1	3590140	3590140	0	
7.09346	1	3590158	3590158	0	
7.09346	1	3591600	3591600	0	
7.09567	1	3591602	3591602	0	
7.09788	1	3593054	3593054	0	
7.09788	1	3593060	3593060	0	
7.10009	1	3594499	3594499	0	
7.10009	1	3594520	3594520	0	
7.1023	1	3595944	3595944	0	
7.1023	1	3595980	3595980	0	
7.10461	1	3597389	3597389	0	
7.10461	1	3597440	3597440	0	
7.10682	1	3598834	3598834	0	
7.10682	1	3598900	3598900	0	
7.10903	1	3600278	3600278	0	
7.10903	1	3600360	3600360	0	
7.11124	1	3601722	3601722	0	
7.11124	1	3601820	3601820	0	
7.11345	1	3603166	3603166	0	
7.11345	1	3603280	3603280	0	
7.11566	1	3604610	3604610	0	
7.11566	1	3604740	3604740	0	
7.11787	1	3606054	3606054	0	
7.11787	1	3606200	3606200	0	
7.12008	1	3607498	3607498	0	
7.12008	1	3607660	3607660	0	
7.12237	1	3608942	3608942	0	
7.12237	1	3609120	3609120	0	
7.12459	1	3610386	3610386	0	
7.12459	1	3610580	3610580	0	
7.1268	1	3611830	3611830	0	
7.1268	1	3612040	3612040	0	
7.12901	1	3613274	3613274	0	
7.12901	1	3613500	3613500	0	
7.1313	1	3614718	3614718	0	
7.1313	1	3614960	3614960	0	
7.13351	1	3616162	3616162	0	
7.13351	1	3616420	3616420	0	
7.13572	1	3617606	3617606	0	
7.13572	1	3617880	3617880	0	
7.13794	1	3619050	3619050	0	
7.13794	1	3619340	3619340	0	
7.14015	1	3620494	3620494	0	
7.14015	1	3620800	3620800	0	
7.14345	1	3621938	3621938	0	
7.14345	1	3622260	3622260	0	
7.14566	1	3623382	3623382	0	
7.14566	1	3623720	3623720	0	
7.14788	1	3624826	3624826	0	
7.14788	1	3625180	3625180	0	
7.1507	1	3626270	3626270	0	
7.1507	1	3626640	3626640	0	
7.15585	1	3627714	3627714	0	
7.15585	1	3628100	3628100	0	
7.15823	1	3629158	3629158	0	
7.15823	1	3629560	3629560	0	
7.16054	1	3630602	3630602	0	
7.16054	1	3631020	3631020	0	
7.16286	1	3632046	3632046	0	
7.16286	1	3632480	3632480	0	
7.16555	1	3633490	3633490	0	
7.16555	1	3633940	3633940	0	
7.16787	1	3634934	3634934	0	
7.16787	1	3635400	3635400	0	
7.17019	1	3636378	3636378	0	
7.17019	1	3636860	3636860	0	
7.17251	1	3637822	3637822	0	
7.17251	1	3638320	3638320	0	
7.17483	1	3639266	3639266	0	
7.17483	1	3639780	3639780	0	
7.17715	1	3640710	3640710	0	
7.17715	1	3641240	3641240	0	
7.17947	1	3642154	3642154	0	
7.17947	1	3642700	3642700	0	
7.18179	1	3643598	3643598	0	
7.18179	1	3644160	3644160	0	
7.18411	1	3645042	3645042	0	
7.18411	1	3645620	3645620	0	
7.18652	1	3646486	3646486	0	
7.18652	1	3647080	3647080	0	
7.18884	1	3647930	3647930	0	
7.18884	1	3648540	3648540	0	
7.19116	1	3649374	3649374	0	
7.19116	1	3650000	3650000	0	
7.19348	1	3650818	3650818	0	
7.19348	1	3651460	3651460	0	
7.1958	1	3652262	3652262	0	
7.1958	1	3652920	3652920	0	
7.19821	1	3653706	3653706	0	
7.19821	1	3654380	3654380	0	
7.20053	1	3655150	3655150	0	
7.20053	1	3655840	3655840	0	
7.20285	1	3656594	3656594	0	
7.20285	1	3657300	3657300	0	
7.20517	1	3658038	3658038	0	
7.20517	1	3658760	3658760	0	
7.20749	1	3659482	3659482	0	
7.20749	1	3660220	3660220	0	
7.20981	1	3660926	3660926	0	
7.20981	1	3661680	3661680	0	
7.21212	1	3662370	3662370	0	
7.21212	1	3663140	3663140	0	
7.21444	1	3663814	3663814	0	
7.21444	1	3664600	3664600	0	
7.21686	1	3665258	3665258	0	
7.21686	1	3666060	3666060	0	
7.21918	1	3666702	3666702	0	
7.21918	1	3667520	3667520	0	
7.2215	1	3668146	3668146	0	
7.2215	1	3668980	3668980	0	
7.22382	1	3669590	3669590	0	
7.22382	1	3670440	3670440	0	
7.22614	1	3671034	3671034	0	
7.22614	1	3671900	3671900	0	
7.22854	1	3672478	3672478	0	
7.22854	1	3673360	3673360	0	
7.23086	1	3673922	3673922	0	
7.23086	1	3674820	3674820	0	
7.23318	1	3675366	3675366	0	
7.23318	1	3676280	3676280	0	
7.2355	1	3676810	3676810	0	
7.2355	1	3677740	3677740	0	
7.23782	1	3678254	3678254	0	
7.23782	1	3679200	3679200	0	
7.24024	1	3679698	3679698	0	
7.24024	1	3680660	3680660	0	
7.24256	1	3681142	3681142	0	
7.24256	1	3682120	3682120	0	
7.24487	1	3682586	3682586	0	
7.24487	1	3683580	3683580	0	
7.24719	1	3684030	3684030	0	
7.24719	1	3685040	3685040	0	
7.24951	1	3685474	3685474	0	
7.24951	1	3686500	3686500	0	
7.25183	1	3686918	3686918	0	
7.25183	1	3687960	3687960	0	
7.25245	1	3688362	3689806	0	
7.25245	1	3688362	3690880	1074	
7.25415	1	3688362	3688362	1444	
7.25415	1	3689420	3689420	1444	
7.25484	1	3691250	3691250	0	
7.25484	1	3692340	3692340	0	
7.25714	1	3692694	3692694	0	
7.25714	1	3693800	3693800	0	
7.25944	1	3694138	3694138	0	
7.25944	1	3695260	3695260	0	
7.26174	1	3695582	3695582	0	
7.26174	1	3696720	3696720	0	
7.26403	1	3697026	3697026	0	
7.26403	1	3698180	3698180	0	
7.26724	1	3698470	3698470	0	
7.26724	1	3699640	3699640	0	
7.26954	1	3699914	3699914	0	
7.26954	1	3701100	3701100	0	
7.27184	1	3701358	3701358	0	
7.27184	1	3702560	3702560	0	
7.27413	1	3702802	3702802	0	
7.27413	1	3704020	3704020	0	
7.27643	1	3704246	3704246	0	
7.27643	1	3705480	3705480	0	
7.27921	1	3705690	3705690	0	
7.27921	1	3706940	3706940	0	
7.28151	1	3707134	3707134	0	
7.28151	1	3708400	3708400	0	
7.28381	1	3708578	3708578	0	
7.28381	1	3709860	3709860	0	
7.28624	1	3710022	3710022	0	
7.28624	1	3711320	3711320	0	
7.28854	1	3711466	3711466	0	
7.28854	1	3712780	3712780	0	
7.29084	1	3712910	3712910	0	
7.29084	1	3714240	3714240	0	
7.29314	1	3714354	3714354	0	
7.29314	1	3715700	3715700	0	
7.29544	1	3715798	3715798	0	
7.29544	1	3717160	3717160	0	
7.29785	1	3717242	3717242	0	
7.29785	1	3718620	3718620	0	
7.30015	1	3718686	3718686	0	
7.30015	1	3720080	3720080	0	
7.30245	1	3720130	3720130	0	
7.30245	1	3721540	3721540	0	
7.30475	1	3721574	3721574	0	
7.30475	1	3723000	3723000	0	
7.30704	1	3723018	3723018	0	
7.30704	1	3724460	3724460	0	
7.30934	1	3724462	3724462	0	
7.31164	1	3725914	3725914	0	
7.31164	1	3725920	3725920	0	
7.31394	1	3727359	3727359	0	
7.31394	1	3727380	3727380	0	
7.31632	1	3728804	3728804	0	
7.31632	1	3728840	3728840	0	
7.31862	1	3730249	3730249	0	
7.31862	1	3730300	3730300	0	
7.32092	1	3731694	3731694	0	
7.32092	1	3731760	3731760	0	
7.32322	1	3733138	3733138	0	
7.32322	1	3733220	3733220	0	
7.32552	1	3734582	3734582	0	
7.32552	1	3734680	3734680	0	
7.32791	1	3736026	3736026	0	
7.32791	1	3736140	3736140	0	
7.33021	1	3737470	3737470	0	
7.33021	1	3737600	3737600	0	
7.3325	1	3738914	3738914	0	
7.3325	1	3739060	3739060	0	
7.3348	1	3740358	3740358	0	
7.3348	1	3740520	3740520	0	
7.3371	1	3741802	3741802	0	
7.3371	1	3741980	3741980	0	
7.33949	1	3743246	3743246	0	
7.33949	1	3743440	3743440	0	
7.34178	1	3744690	3744690	0	
7.34178	1	3744900	3744900	0	
7.34408	1	3746134	3746134	0	
7.34408	1	3746360	3746360	0	
7.34639	1	3747578	3747578	0	
7.34639	1	3747820	3747820	0	
7.34868	1	3749022	3749022	0	
7.34868	1	3749280	3749280	0	
7.35492	1	3750466	3750466	0	
7.35492	1	3750740	3750740	0	
7.35729	1	3751910	3751910	0	
7.35729	1	3752200	3752200	0	
7.35959	1	3753354	3753354	0	
7.35959	1	3753660	3753660	0	
7.36199	1	3754798	3754798	0	
7.36199	1	3755120	3755120	0	
7.36429	1	3756242	3756242	0	
7.36429	1	3756580	3756580	0	
7.36659	1	3757686	3757686	0	
7.36659	1	3758040	3758040	0	
7.3689	1	3759130	3759130	0	
7.3689	1	3759500	3759500	0	
7.3712	1	3760574	3760574	0	
7.3712	1	3760960	3760960	0	
7.3736	1	3762018	3762018	0	
7.3736	1	3762420	3762420	0	
7.37591	1	3763462	3763462	0	
7.37591	1	3763880	3763880	0	
7.37821	1	3764906	3764906	0	
7.37821	1	3765340	3765340	0	
7.38052	1	3766350	3766350	0	
7.38052	1	3766800	3766800	0	
7.38282	1	3767794	3767794	0	
7.38282	1	3768260	3768260	0	
7.38513	1	3769238	3769238	0	
7.38513	1	3769720	3769720	0	
7.38743	1	3770682	3770682	0	
7.38743	1	3771180	3771180	0	
7.38974	1	3772126	3772126	0	
7.38974	1	3772640	3772640	0	
7.39213	1	3773570	3773570	0	
7.39213	1	3774100	3774100	0	
7.39444	1	3775014	3775014	0	
7.39444	1	3775560	3775560	0	
7.39675	1	3776458	3776458	0	
7.39675	1	3777020	3777020	0	
7.39905	1	3777902	3777902	0	
7.39905	1	3778480	3778480	0	
7.40136	1	3779346	3779346	0	
7.40136	1	3779940	3779940	0	
7.40375	1	3780790	3780790	0	
7.40375	1	3781400	3781400	0	
7.40605	1	3782234	3782234	0	
7.40605	1	3782860	3782860	0	
7.40836	1	3783678	3783678	0	
7.40836	1	3784320	3784320	0	
7.41066	1	3785122	3785122	0	
7.41066	1	3785780	3785780	0	
7.41297	1	3786566	3786566	0	
7.41297	1	3787240	3787240	0	
7.41527	1	3788010	3788010	0	
7.41527	1	3788700	3788700	0	
7.41758	1	3789454	3789454	0	
7.41758	1	3790160	3790160	0	
7.41989	1	3790898	3790898	0	
7.41989	1	3791620	3791620	0	
7.42228	1	3792342	3792342	0	
7.42228	1	3793080	3793080	0	
7.42459	1	3793786	3793786	0	
7.42459	1	3794540	3794540	0	
7.42689	1	3795230	3795230	0	
7.42689	1	3796000	3796000	0	
7.4292	1	3796674	3796674	0	
7.4292	1	3797460	3797460	0	
7.4315	1	3798118	3798118	0	
7.4315	1	3798920	3798920	0	
7.4339	1	3799562	3799562	0	
7.4339	1	3800380	3800380	0	
7.4362	1	3801006	3801006	0	
7.4362	1	3801840	3801840	0	
7.43851	1	3802450	3802450	0	
7.43851	1	3803300	3803300	0	
7.44082	1	3803894	3803894	0	
7.44082	1	3804760	3804760	0	
7.44312	1	3805338	3805338	0	
7.44312	1	3806220	3806220	0	
7.44551	1	3806782	3806782	0	
7.44551	1	3807680	3807680	0	
7.44782	1	3808226	3808226	0	
7.44782	1	3809140	3809140	0	
7.45012	1	3809670	3809670	0	
7.45012	1	3810600	3810600	0	
7.45243	1	3811114	3811114	0	
7.45243	1	3812060	3812060	0	
7.4531	1	3812558	3814002	0	
7.4531	1	3812558	3814980	978	
7.45473	1	3812558	3812558	1444	
7.45473	1	3813520	3813520	1444	
7.45547	1	3815446	3815446	0	
7.45547	1	3816440	3816440	0	
7.45785	1	3816890	3816890	0	
7.45785	1	3817900	3817900	0	
7.46169	1	3818334	3818334	0	
7.46169	1	3819360	3819360	0	
7.46406	1	3819778	3819778	0	
7.46406	1	3820820	3820820	0	
7.46643	1	3821222	3821222	0	
7.46643	1	3822280	3822280	0	
7.4688	1	3822666	3822666	0	
7.4688	1	3823740	3823740	0	
7.47116	1	3824110	3824110	0	
7.47116	1	3825200	3825200	0	
7.47353	1	3825554	3825554	0	
7.47353	1	3826660	3826660	0	
7.476	1	3826998	3826998	0	
7.476	1	3828120	3828120	0	
7.47836	1	3828442	3828442	0	
7.47836	1	3829580	3829580	0	
7.48074	1	3829886	3829886	0	
7.48074	1	3831040	3831040	0	
7.48311	1	3831330	3831330	0	
7.48311	1	3832500	3832500	0	
7.48548	1	3832774	3832774	0	
7.48548	1	3833960	3833960	0	
7.48785	1	3834218	3834218	0	
7.48785	1	3835420	3835420	0	
7.49022	1	3835662	3835662	0	
7.49022	1	3836880	3836880	0	
7.49259	1	3837106	3837106	0	
7.49259	1	3838340	3838340	0	
7.49505	1	3838550	3838550	0	
7.49505	1	3839800	3839800	0	
7.49742	1	3839994	3839994	0	
7.49742	1	3841260	3841260	0	
7.49979	1	3841438	3841438	0	
7.49979	1	3842720	3842720	0	
7.50216	1	3842882	3842882	0	
7.50216	1	3844180	3844180	0	
7.50453	1	3844326	3844326	0	
7.50453	1	3845640	3845640	0	
7.50699	1	3845770	3845770	0	
7.50699	1	3847100	3847100	0	
7.50936	1	3847214	3847214	0	
7.50936	1	3848560	3848560	0	
7.51173	1	3848658	3848658	0	
7.51173	1	3850020	3850020	0	
7.5141	1	3850102	3850102	0	
7.5141	1	3851480	3851480	0	
7.51647	1	3851546	3851546	0	
7.51647	1	3852940	3852940	0	
7.51884	1	3852990	3852990	0	
7.51884	1	3854400	3854400	0	
7.52121	1	3854434	3854434	0	
7.52121	1	3855860	3855860	0	
7.52357	1	3855878	3855878	0	
7.52357	1	3857320	3857320	0	
7.52604	1	3857322	3857322	0	
7.52841	1	3858774	3858774	0	
7.52841	1	3858780	3858780	0	
7.53078	1	3860219	3860219	0	
7.53078	1	3860240	3860240	0	
7.53315	1	3861664	3861664	0	
7.53315	1	3861700	3861700	0	
7.53552	1	3863109	3863109	0	
7.53552	1	3863160	3863160	0	
7.53798	1	3864554	3864554	0	
7.53798	1	3864620	3864620	0	
7.54035	1	3865998	3865998	0	
7.54035	1	3866080	3866080	0	
7.54272	1	3867442	3867442	0	
7.54272	1	3867540	3867540	0	
7.54509	1	3868886	3868886	0	
7.54509	1	3869000	3869000	0	
7.54746	1	3870330	3870330	0	
7.54746	1	3870460	3870460	0	
7.54993	1	3871774	3871774	0	
7.54993	1	3871920	3871920	0	
7.55624	1	3873218	3873218	0	
7.55624	1	3873380	3873380	0	
7.55864	1	3874662	3874662	0	
7.55864	1	3874840	3874840	0	
7.56099	1	3876106	3876106	0	
7.56099	1	3876300	3876300	0	
7.56333	1	3877550	3877550	0	
7.56333	1	3877760	3877760	0	
7.56568	1	3878994	3878994	0	
7.56568	1	3879220	3879220	0	
7.56802	1	3880438	3880438	0	
7.56802	1	3880680	3880680	0	
7.57037	1	3881882	3881882	0	
7.57037	1	3882140	3882140	0	
7.57281	1	3883326	3883326	0	
7.57281	1	3883600	3883600	0	
7.57516	1	3884770	3884770	0	
7.57516	1	3885060	3885060	0	
7.5775	1	3886214	3886214	0	
7.5775	1	3886520	3886520	0	
7.57985	1	3887658	3887658	0	
7.57985	1	3887980	3887980	0	
7.58219	1	3889102	3889102	0	
7.58219	1	3889440	3889440	0	
7.58463	1	3890546	3890546	0	
7.58463	1	3890900	3890900	0	
7.58698	1	3891990	3891990	0	
7.58698	1	3892360	3892360	0	
7.58932	1	3893434	3893434	0	
7.58932	1	3893820	3893820	0	
7.59167	1	3894878	3894878	0	
7.59167	1	3895280	3895280	0	
7.59401	1	3896322	3896322	0	
7.59401	1	3896740	3896740	0	
7.59636	1	3897766	3897766	0	
7.59636	1	3898200	3898200	0	
7.59871	1	3899210	3899210	0	
7.59871	1	3899660	3899660	0	
7.60106	1	3900654	3900654	0	
7.60106	1	3901120	3901120	0	
7.60349	1	3902098	3902098	0	
7.60349	1	3902580	3902580	0	
7.60584	1	3903542	3903542	0	
7.60584	1	3904040	3904040	0	
7.60818	1	3904986	3904986	0	
7.60818	1	3905500	3905500	0	
7.61053	1	3906430	3906430	0	
7.61053	1	3906960	3906960	0	
7.61287	1	3907874	3907874	0	
7.61287	1	3908420	3908420	0	
7.61522	1	3909318	3909318	0	
7.61522	1	3909880	3909880	0	
7.61766	1	3910762	3910762	0	
7.61766	1	3911340	3911340	0	
7.62001	1	3912206	3912206	0	
7.62001	1	3912800	3912800	0	
7.62236	1	3913650	3913650	0	
7.62236	1	3914260	3914260	0	
7.6247	1	3915094	3915094	0	
7.6247	1	3915720	3915720	0	
7.62705	1	3916538	3916538	0	
7.62705	1	3917180	3917180	0	
7.62939	1	3917982	3917982	0	
7.62939	1	3918640	3918640	0	
7.63174	1	3919426	3919426	0	
7.63174	1	3920100	3920100	0	
7.63417	1	3920870	3920870	0	
7.63417	1	3921560	3921560	0	
7.63652	1	3922314	3922314	0	
7.63652	1	3923020	3923020	0	
7.63886	1	3923758	3923758	0	
7.63886	1	3924480	3924480	0	
7.64121	1	3925202	3925202	0	
7.64121	1	3925940	3925940	0	
7.64356	1	3926646	3926646	0	
7.64356	1	3927400	3927400	0	
7.64591	1	3928090	3928090	0	
7.64591	1	3928860	3928860	0	
7.64834	1	3929534	3929534	0	
7.64834	1	3930320	3930320	0	
7.65069	1	3930978	3930978	0	
7.65069	1	3931780	3931780	0	
7.65304	1	3932422	3932422	0	
7.65304	1	3933240	3933240	0	
7.65355	1	3933866	3935310	0	
7.65355	1	3933866	3936160	850	
7.65538	1	3933866	3933866	1444	
7.65538	1	3934700	3934700	1444	
7.65579	1	3936754	3936754	0	
7.65579	1	3937620	3937620	0	
7.65796	1	3938198	3938198	0	
7.65796	1	3939080	3939080	0	
7.66013	1	3939642	3939642	0	
7.66013	1	3940540	3940540	0	
7.66229	1	3941086	3941086	0	
7.66229	1	3942000	3942000	0	
7.66446	1	3942530	3942530	0	
7.66446	1	3943460	3943460	0	
7.66662	1	3943974	3943974	0	
7.66662	1	3944920	3944920	0	
7.66879	1	3945418	3945418	0	
7.66879	1	3946380	3946380	0	
7.67103	1	3946862	3946862	0	
7.67103	1	3947840	3947840	0	
7.6732	1	3948306	3948306	0	
7.6732	1	3949300	3949300	0	
7.67536	1	3949750	3949750	0	
7.67536	1	3950760	3950760	0	
7.67753	1	3951194	3951194	0	
7.67753	1	3952220	3952220	0	
7.67969	1	3952638	3952638	0	
7.67969	1	3953680	3953680	0	
7.68186	1	3954082	3954082	0	
7.68186	1	3955140	3955140	0	
7.68411	1	3955526	3955526	0	
7.68411	1	3956600	3956600	0	
7.68628	1	3956970	3956970	0	
7.68628	1	3958060	3958060	0	
7.68877	1	3958414	3958414	0	
7.68877	1	3959520	3959520	0	
7.69093	1	3959858	3959858	0	
7.69093	1	3960980	3960980	0	
7.6931	1	3961302	3961302	0	
7.6931	1	3962440	3962440	0	
7.69526	1	3962746	3962746	0	
7.69526	1	3963900	3963900	0	
7.69742	1	3964190	3964190	0	
7.69742	1	3965360	3965360	0	
7.70065	1	3965634	3965634	0	
7.70065	1	3966820	3966820	0	
7.70282	1	3967078	3967078	0	
7.70282	1	3968280	3968280	0	
7.70498	1	3968522	3968522	0	
7.70498	1	3969740	3969740	0	
7.70715	1	3969966	3969966	0	
7.70715	1	3971200	3971200	0	
7.70931	1	3971410	3971410	0	
7.70931	1	3972660	3972660	0	
7.71148	1	3972854	3972854	0	
7.71148	1	3974120	3974120	0	
7.71373	1	3974298	3974298	0	
7.71373	1	3975580	3975580	0	
7.71589	1	3975742	3975742	0	
7.71589	1	3977040	3977040	0	
7.71805	1	3977186	3977186	0	
7.71805	1	3978500	3978500	0	
7.72022	1	3978630	3978630	0	
7.72022	1	3979960	3979960	0	
7.72238	1	3980074	3980074	0	
7.72238	1	3981420	3981420	0	
7.72455	1	3981518	3981518	0	
7.72455	1	3982880	3982880	0	
7.72672	1	3982962	3982962	0	
7.72672	1	3984340	3984340	0	
7.72897	1	3984406	3984406	0	
7.72897	1	3985800	3985800	0	
7.73113	1	3985850	3985850	0	
7.73113	1	3987260	3987260	0	
7.73329	1	3987294	3987294	0	
7.73329	1	3988720	3988720	0	
7.73546	1	3988738	3988738	0	
7.73546	1	3990180	3990180	0	
7.73762	1	3990182	3990182	0	
7.73978	1	3991634	3991634	0	
7.73978	1	3991640	3991640	0	
7.74203	1	3993079	3993079	0	
7.74203	1	3993100	3993100	0	
7.7442	1	3994524	3994524	0	
7.7442	1	3994560	3994560	0	
7.74637	1	3995969	3995969	0	
7.74637	1	3996020	3996020	0	
7.74853	1	3997414	3997414	0	
7.74853	1	3997480	3997480	0	
7.75363	1	3998858	3998858	0	
7.75363	1	3998940	3998940	0	
7.75599	1	4000302	4000302	0	
7.75599	1	4000400	4000400	0	
7.7582	1	4001746	4001746	0	
7.7582	1	4001860	4001860	0	
7.76042	1	4003190	4003190	0	
7.76042	1	4003320	4003320	0	
7.76263	1	4004634	4004634	0	
7.76263	1	4004780	4004780	0	
7.76484	1	4006078	4006078	0	
7.76484	1	4006240	4006240	0	
7.76705	1	4007522	4007522	0	
7.76705	1	4007700	4007700	0	
7.76927	1	4008966	4008966	0	
7.76927	1	4009160	4009160	0	
7.77157	1	4010410	4010410	0	
7.77157	1	4010620	4010620	0	
7.77378	1	4011854	4011854	0	
7.77378	1	4012080	4012080	0	
7.77599	1	4013298	4013298	0	
7.77599	1	4013540	4013540	0	
7.7782	1	4014742	4014742	0	
7.7782	1	4015000	4015000	0	
7.78041	1	4016186	4016186	0	
7.78041	1	4016460	4016460	0	
7.78262	1	4017630	4017630	0	
7.78262	1	4017920	4017920	0	
7.78484	1	4019074	4019074	0	
7.78484	1	4019380	4019380	0	
7.78713	1	4020518	4020518	0	
7.78713	1	4020840	4020840	0	
7.78935	1	4021962	4021962	0	
7.78935	1	4022300	4022300	0	
7.79156	1	4023406	4023406	0	
7.79156	1	4023760	4023760	0	
7.79377	1	4024850	4024850	0	
7.79377	1	4025220	4025220	0	
7.79599	1	4026294	4026294	0	
7.79599	1	4026680	4026680	0	
7.7982	1	4027738	4027738	0	
7.7982	1	4028140	4028140	0	
7.80041	1	4029182	4029182	0	
7.80041	1	4029600	4029600	0	
7.80271	1	4030626	4030626	0	
7.80271	1	4031060	4031060	0	
7.80492	1	4032070	4032070	0	
7.80492	1	4032520	4032520	0	
7.80713	1	4033514	4033514	0	
7.80713	1	4033980	4033980	0	
7.80934	1	4034958	4034958	0	
7.80934	1	4035440	4035440	0	
7.81156	1	4036402	4036402	0	
7.81156	1	4036900	4036900	0	
7.81377	1	4037846	4037846	0	
7.81377	1	4038360	4038360	0	
7.81607	1	4039290	4039290	0	
7.81607	1	4039820	4039820	0	
7.81828	1	4040734	4040734	0	
7.81828	1	4041280	4041280	0	
7.82049	1	4042178	4042178	0	
7.82049	1	4042740	4042740	0	
7.8227	1	4043622	4043622	0	
7.8227	1	4044200	4044200	0	
7.82491	1	4045066	4045066	0	
7.82491	1	4045660	4045660	0	
7.82721	1	4046510	4046510	0	
7.82721	1	4047120	4047120	0	
7.82942	1	4047954	4047954	0	
7.82942	1	4048580	4048580	0	
7.83164	1	4049398	4049398	0	
7.83164	1	4050040	4050040	0	
7.83385	1	4050842	4050842	0	
7.83385	1	4051500	4051500	0	
7.83607	1	4052286	4052286	0	
7.83607	1	4052960	4052960	0	
7.83828	1	4053730	4053730	0	
7.83828	1	4054420	4054420	0	
7.84049	1	4055174	4055174	0	
7.84049	1	4055880	4055880	0	
7.8427	1	4056618	4056618	0	
7.8427	1	4057340	4057340	0	
7.845	1	4058062	4058062	0	
7.845	1	4058800	4058800	0	
7.84721	1	4059506	4059506	0	
7.84721	1	4060260	4060260	0	
7.84942	1	4060950	4060950	0	
7.84942	1	4061720	4061720	0	
7.85163	1	4062394	4062394	0	
7.85163	1	4063180	4063180	0	
7.85385	1	4063838	4063838	0	
7.85385	1	4064640	4064640	0	
7.85439	1	4065282	4065282	0	
7.85439	1	4066100	4066100	0	
7.85684	1	4066726	4066726	0	
7.85684	1	4067560	4067560	0	
7.85929	1	4068170	4068170	0	
7.85929	1	4069020	4069020	0	
7.86174	1	4069614	4069614	0	
7.86174	1	4070480	4070480	0	
7.86419	1	4071058	4071058	0	
7.86419	1	4071940	4071940	0	
7.86664	1	4072502	4072502	0	
7.86664	1	4073400	4073400	0	
7.86909	1	4073946	4073946	0	
7.86909	1	4074860	4074860	0	
7.87163	1	4075390	4075390	0	
7.87163	1	4076320	4076320	0	
7.87409	1	4076834	4076834	0	
7.87409	1	4077780	4077780	0	
7.87653	1	4078278	4078278	0	
7.87653	1	4079240	4079240	0	
7.87898	1	4079722	4079722	0	
7.87898	1	4080700	4080700	0	
7.88143	1	4081166	4081166	0	
7.88143	1	4082160	4082160	0	
7.88388	1	4082610	4082610	0	
7.88388	1	4083620	4083620	0	
7.88642	1	4084054	4084054	0	
7.88642	1	4085080	4085080	0	
7.88887	1	4085498	4085498	0	
7.88887	1	4086540	4086540	0	
7.89132	1	4086942	4086942	0	
7.89132	1	4088000	4088000	0	
7.89377	1	4088386	4088386	0	
7.89377	1	4089460	4089460	0	
7.89622	1	4089830	4089830	0	
7.89622	1	4090920	4090920	0	
7.89867	1	4091274	4091274	0	
7.89867	1	4092380	4092380	0	
7.90112	1	4092718	4092718	0	
7.90112	1	4093840	4093840	0	
7.90367	1	4094162	4094162	0	
7.90367	1	4095300	4095300	0	
7.90611	1	4095606	4095606	0	
7.90611	1	4096760	4096760	0	
7.90856	1	4097050	4097050	0	
7.90856	1	4098220	4098220	0	
7.91101	1	4098494	4098494	0	
7.91101	1	4099680	4099680	0	
7.91346	1	4099938	4099938	0	
7.91346	1	4101140	4101140	0	
7.91591	1	4101382	4101382	0	
7.91591	1	4102600	4102600	0	
7.91845	1	4102826	4102826	0	
7.91845	1	4104060	4104060	0	
7.92091	1	4104270	4104270	0	
7.92091	1	4105520	4105520	0	
7.92336	1	4105714	4105714	0	
7.92336	1	4106980	4106980	0	
7.9258	1	4107158	4107158	0	
7.9258	1	4108440	4108440	0	
7.92825	1	4108602	4108602	0	
7.92825	1	4109900	4109900	0	
7.9308	1	4110046	4110046	0	
7.9308	1	4111360	4111360	0	
7.93325	1	4111490	4111490	0	
7.93325	1	4112820	4112820	0	
7.93569	1	4112934	4112934	0	
7.93569	1	4114280	4114280	0	
7.93814	1	4114378	4114378	0	
7.93814	1	4115740	4115740	0	
7.94059	1	4115822	4115822	0	
7.94059	1	4117200	4117200	0	
7.94304	1	4117266	4117266	0	
7.94304	1	4118660	4118660	0	
7.94549	1	4118710	4118710	0	
7.94549	1	4120120	4120120	0	
7.94804	1	4120154	4120154	0	
7.94804	1	4121580	4121580	0	
7.95048	1	4121598	4121598	0	
7.95048	1	4123040	4123040	0	
7.95293	1	4123042	4123042	0	
7.95522	1	4124494	4124494	0	
7.95522	1	4124500	4124500	0	
7.9575	1	4125939	4125939	0	
7.9575	1	4125960	4125960	0	
7.95979	1	4127384	4127384	0	
7.95979	1	4127420	4127420	0	
7.96217	1	4128829	4128829	0	
7.96217	1	4128880	4128880	0	
7.96445	1	4130274	4130274	0	
7.96445	1	4130340	4130340	0	
7.96675	1	4131718	4131718	0	
7.96675	1	4131800	4131800	0	
7.96903	1	4133162	4133162	0	
7.96903	1	4133260	4133260	0	
7.97132	1	4134606	4134606	0	
7.97132	1	4134720	4134720	0	
7.97361	1	4136050	4136050	0	
7.97361	1	4136180	4136180	0	
7.97589	1	4137494	4137494	0	
7.97589	1	4137640	4137640	0	
7.97827	1	4138938	4138938	0	
7.97827	1	4139100	4139100	0	
7.98056	1	4140382	4140382	0	
7.98056	1	4140560	4140560	0	
7.98284	1	4141826	4141826	0	
7.98284	1	4142020	4142020	0	
7.98513	1	4143270	4143270	0	
7.98513	1	4143480	4143480	0	
7.98742	1	4144714	4144714	0	
7.98742	1	4144940	4144940	0	
7.98971	1	4146158	4146158	0	
7.98971	1	4146400	4146400	0	
7.99209	1	4147602	4147602	0	
7.99209	1	4147860	4147860	0	
7.99437	1	4149046	4149046	0	
7.99437	1	4149320	4149320	0	
7.99666	1	4150490	4150490	0	
7.99666	1	4150780	4150780	0	
7.99895	1	4151934	4151934	0	
7.99895	1	4152240	4152240	0	
8.00124	1	4153378	4153378	0	
8.00124	1	4153700	4153700	0	
8.00352	1	4154822	4154822	0	
8.00352	1	4155160	4155160	0	
8.00581	1	4156266	4156266	0	
8.00581	1	4156620	4156620	0	
8.00819	1	4157710	4157710	0	
8.00819	1	4158080	4158080	0	
8.01048	1	4159154	4159154	0	
8.01048	1	4159540	4159540	0	
8.01277	1	4160598	4160598	0	
8.01277	1	4161000	4161000	0	
8.01505	1	4162042	4162042	0	
8.01505	1	4162460	4162460	0	
8.01734	1	4163486	4163486	0	
8.01734	1	4163920	4163920	0	
8.01963	1	4164930	4164930	0	
8.01963	1	4165380	4165380	0	
8.022	1	4166374	4166374	0	
8.022	1	4166840	4166840	0	
8.02429	1	4167818	4167818	0	
8.02429	1	4168300	4168300	0	
8.02658	1	4169262	4169262	0	
8.02658	1	4169760	4169760	0	
8.02886	1	4170706	4170706	0	
8.02886	1	4171220	4171220	0	
8.03115	1	4172150	4172150	0	
8.03115	1	4172680	4172680	0	
8.03353	1	4173594	4173594	0	
8.03353	1	4174140	4174140	0	
8.03582	1	4175038	4175038	0	
8.03582	1	4175600	4175600	0	
8.03811	1	4176482	4176482	0	
8.03811	1	4177060	4177060	0	
8.04039	1	4177926	4177926	0	
8.04039	1	4178520	4178520	0	
8.04268	1	4179370	4179370	0	
8.04268	1	4179980	4179980	0	
8.04497	1	4180814	4180814	0	
8.04497	1	4181440	4181440	0	
8.04725	1	4182258	4182258	0	
8.04725	1	4182900	4182900	0	
8.04963	1	4183702	4183702	0	
8.04963	1	4184360	4184360	0	
8.05387	1	4185146	4185146	0	
8.05387	1	4185820	4185820	0	
8.05624	1	4186590	4186590	0	
8.05624	1	4187280	4187280	0	
8.05855	1	4188034	4188034	0	
8.05855	1	4188740	4188740	0	
8.06087	1	4189478	4189478	0	
8.06087	1	4190200	4190200	0	
8.06318	1	4190922	4190922	0	
8.06318	1	4191660	4191660	0	
8.06559	1	4192366	4192366	0	
8.06559	1	4193120	4193120	0	
8.0679	1	4193810	4193810	0	
8.0679	1	4194580	4194580	0	
8.07022	1	4195254	4195254	0	
8.07022	1	4196040	4196040	0	
8.07253	1	4196698	4196698	0	
8.07253	1	4197500	4197500	0	
8.07485	1	4198142	4198142	0	
8.07485	1	4198960	4198960	0	
8.07716	1	4199586	4199586	0	
8.07716	1	4200420	4200420	0	
8.07948	1	4201030	4201030	0	
8.07948	1	4201880	4201880	0	
8.08189	1	4202474	4202474	0	
8.08189	1	4203340	4203340	0	
8.0842	1	4203918	4203918	0	
8.0842	1	4204800	4204800	0	
8.08652	1	4205362	4205362	0	
8.08652	1	4206260	4206260	0	
8.08883	1	4206806	4206806	0	
8.08883	1	4207720	4207720	0	
8.09114	1	4208250	4208250	0	
8.09114	1	4209180	4209180	0	
8.09346	1	4209694	4209694	0	
8.09346	1	4210640	4210640	0	
8.09586	1	4211138	4211138	0	
8.09586	1	4212100	4212100	0	
8.09818	1	4212582	4212582	0	
8.09818	1	4213560	4213560	0	
8.1005	1	4214026	4214026	0	
8.1005	1	4215020	4215020	0	
8.10281	1	4215470	4215470	0	
8.10281	1	4216480	4216480	0	
8.10513	1	4216914	4216914	0	
8.10513	1	4217940	4217940	0	
8.10744	1	4218358	4218358	0	
8.10744	1	4219400	4219400	0	
8.10976	1	4219802	4219802	0	
8.10976	1	4220860	4220860	0	
8.11207	1	4221246	4221246	0	
8.11207	1	4222320	4222320	0	
8.11448	1	4222690	4222690	0	
8.11448	1	4223780	4223780	0	
8.11679	1	4224134	4224134	0	
8.11679	1	4225240	4225240	0	
8.11911	1	4225578	4225578	0	
8.11911	1	4226700	4226700	0	
8.12142	1	4227022	4227022	0	
8.12142	1	4228160	4228160	0	
8.12374	1	4228466	4228466	0	
8.12374	1	4229620	4229620	0	
8.12606	1	4229910	4229910	0	
8.12606	1	4231080	4231080	0	
8.12846	1	4231354	4231354	0	
8.12846	1	4232540	4232540	0	
8.13078	1	4232798	4232798	0	
8.13078	1	4234000	4234000	0	
8.13309	1	4234242	4234242	0	
8.13309	1	4235460	4235460	0	
8.1354	1	4235686	4235686	0	
8.1354	1	4236920	4236920	0	
8.13772	1	4237130	4237130	0	
8.13772	1	4238380	4238380	0	
8.14012	1	4238574	4238574	0	
8.14012	1	4239840	4239840	0	
8.14244	1	4240018	4240018	0	
8.14244	1	4241300	4241300	0	
8.14476	1	4241462	4241462	0	
8.14476	1	4242760	4242760	0	
8.14707	1	4242906	4242906	0	
8.14707	1	4244220	4244220	0	
8.14939	1	4244350	4244350	0	
8.14939	1	4245680	4245680	0	
8.1517	1	4245794	4245794	0	
8.1517	1	4247140	4247140	0	
8.15341	1	4247238	4248682	0	
8.15341	1	4247238	4250060	1378	
8.15402	1	4247238	4247238	1444	
8.15402	1	4248600	4248600	1444	
8.15571	1	4250126	4250126	0	
8.15571	1	4251520	4251520	0	
8.15801	1	4251570	4251570	0	
8.15801	1	4252980	4252980	0	
8.16031	1	4253014	4253014	0	
8.16031	1	4254440	4254440	0	
8.16261	1	4254458	4254458	0	
8.16261	1	4255900	4255900	0	
8.16492	1	4255902	4255902	0	
8.16731	1	4257354	4257354	0	
8.16731	1	4257360	4257360	0	
8.16961	1	4258799	4258799	0	
8.16961	1	4258820	4258820	0	
8.17191	1	4260244	4260244	0	
8.17191	1	4260280	4260280	0	
8.17421	1	4261689	4261689	0	
8.17421	1	4261740	4261740	0	
8.17651	1	4263134	4263134	0	
8.17651	1	4263200	4263200	0	
8.17881	1	4264578	4264578	0	
8.17881	1	4264660	4264660	0	
8.18111	1	4266022	4266022	0	
8.18111	1	4266120	4266120	0	
8.1835	1	4267466	4267466	0	
8.1835	1	4267580	4267580	0	
8.18581	1	4268910	4268910	0	
8.18581	1	4269040	4269040	0	
8.18811	1	4270354	4270354	0	
8.18811	1	4270500	4270500	0	
8.19041	1	4271798	4271798	0	
8.19041	1	4271960	4271960	0	
8.19271	1	4273242	4273242	0	
8.19271	1	4273420	4273420	0	
8.19502	1	4274686	4274686	0	
8.19502	1	4274880	4274880	0	
8.19741	1	4276130	4276130	0	
8.19741	1	4276340	4276340	0	
8.19971	1	4277574	4277574	0	
8.19971	1	4277800	4277800	0	
8.20201	1	4279018	4279018	0	
8.20201	1	4279260	4279260	0	
8.20431	1	4280462	4280462	0	
8.20431	1	4280720	4280720	0	
8.20661	1	4281906	4281906	0	
8.20661	1	4282180	4282180	0	
8.20901	1	4283350	4283350	0	
8.20901	1	4283640	4283640	0	
8.21131	1	4284794	4284794	0	
8.21131	1	4285100	4285100	0	
8.21361	1	4286238	4286238	0	
8.21361	1	4286560	4286560	0	
8.21591	1	4287682	4287682	0	
8.21591	1	4288020	4288020	0	
8.21821	1	4289126	4289126	0	
8.21821	1	4289480	4289480	0	
8.22051	1	4290570	4290570	0	
8.22051	1	4290940	4290940	0	
8.22282	1	4292014	4292014	0	
8.22282	1	4292400	4292400	0	
8.22512	1	4293458	4293458	0	
8.22512	1	4293860	4293860	0	
8.22751	1	4294902	4294902	0	
8.22751	1	4295320	4295320	0	
8.22982	1	4296346	4296346	0	
8.22982	1	4296780	4296780	0	
8.23212	1	4297790	4297790	0	
8.23212	1	4298240	4298240	0	
8.23442	1	4299234	4299234	0	
8.23442	1	4299700	4299700	0	
8.23672	1	4300678	4300678	0	
8.23672	1	4301160	4301160	0	
8.23911	1	4302122	4302122	0	
8.23911	1	4302620	4302620	0	
8.24141	1	4303566	4303566	0	
8.24141	1	4304080	4304080	0	
8.24371	1	4305010	4305010	0	
8.24371	1	4305540	4305540	0	
8.24601	1	4306454	4306454	0	
8.24601	1	4307000	4307000	0	
8.24831	1	4307898	4307898	0	
8.24831	1	4308460	4308460	0	
8.25061	1	4309342	4309342	0	
8.25061	1	4309920	4309920	0	
8.25272	1	4310786	4310786	0	
8.25272	1	4311380	4311380	0	
8.25481	1	4312230	4312230	0	
8.25481	1	4312840	4312840	0	
8.25698	1	4313674	4313674	0	
8.25698	1	4314300	4314300	0	
8.25908	1	4315118	4315118	0	
8.25908	1	4315760	4315760	0	
8.26117	1	4316562	4316562	0	
8.26117	1	4317220	4317220	0	
8.26327	1	4318006	4318006	0	
8.26327	1	4318680	4318680	0	
8.26536	1	4319450	4319450	0	
8.26536	1	4320140	4320140	0	
8.26754	1	4320894	4320894	0	
8.26754	1	4321600	4321600	0	
8.26963	1	4322338	4322338	0	
8.26963	1	4323060	4323060	0	
8.27173	1	4323782	4323782	0	
8.27173	1	4324520	4324520	0	
8.27383	1	4325226	4325226	0	
8.27383	1	4325980	4325980	0	
8.27592	1	4326670	4326670	0	
8.27592	1	4327440	4327440	0	
8.27801	1	4328114	4328114	0	
8.27801	1	4328900	4328900	0	
8.28011	1	4329558	4329558	0	
8.28011	1	4330360	4330360	0	
8.2822	1	4331002	4331002	0	
8.2822	1	4331820	4331820	0	
8.28438	1	4332446	4332446	0	
8.28438	1	4333280	4333280	0	
8.28647	1	4333890	4333890	0	
8.28647	1	4334740	4334740	0	
8.28857	1	4335334	4335334	0	
8.28857	1	4336200	4336200	0	
8.29066	1	4336778	4336778	0	
8.29066	1	4337660	4337660	0	
8.29276	1	4338222	4338222	0	
8.29276	1	4339120	4339120	0	
8.29494	1	4339666	4339666	0	
8.29494	1	4340580	4340580	0	
8.29703	1	4341110	4341110	0	
8.29703	1	4342040	4342040	0	
8.29913	1	4342554	4342554	0	
8.29913	1	4343500	4343500	0	
8.30122	1	4343998	4343998	0	
8.30122	1	4344960	4344960	0	
8.30331	1	4345442	4345442	0	
8.30331	1	4346420	4346420	0	
8.30549	1	4346886	4346886	0	
8.30549	1	4347880	4347880	0	
8.30758	1	4348330	4348330	0	
8.30758	1	4349340	4349340	0	
8.30968	1	4349774	4349774	0	
8.30968	1	4350800	4350800	0	
8.31178	1	4351218	4351218	0	
8.31178	1	4352260	4352260	0	
8.31387	1	4352662	4352662	0	
8.31387	1	4353720	4353720	0	
8.31597	1	4354106	4354106	0	
8.31597	1	4355180	4355180	0	
8.31806	1	4355550	4355550	0	
8.31806	1	4356640	4356640	0	
8.32016	1	4356994	4356994	0	
8.32016	1	4358100	4358100	0	
8.32233	1	4358438	4358438	0	
8.32233	1	4359560	4359560	0	
8.32443	1	4359882	4359882	0	
8.32443	1	4361020	4361020	0	
8.32652	1	4361326	4361326	0	
8.32652	1	4362480	4362480	0	
8.32861	1	4362770	4362770	0	
8.32861	1	4363940	4363940	0	
8.33071	1	4364214	4364214	0	
8.33071	1	4365400	4365400	0	
8.33289	1	4365658	4365658	0	
8.33289	1	4366860	4366860	0	
8.33498	1	4367102	4367102	0	
8.33498	1	4368320	4368320	0	
8.33708	1	4368546	4368546	0	
8.33708	1	4369780	4369780	0	
8.33917	1	4369990	4369990	0	
8.33917	1	4371240	4371240	0	
8.34127	1	4371434	4371434	0	
8.34127	1	4372700	4372700	0	
8.34336	1	4372878	4372878	0	
8.34336	1	4374160	4374160	0	
8.34546	1	4374322	4374322	0	
8.34546	1	4375620	4375620	0	
8.34755	1	4375766	4375766	0	
8.34755	1	4377080	4377080	0	
8.34973	1	4377210	4377210	0	
8.34973	1	4378540	4378540	0	
8.35377	1	4378654	4378654	0	
8.35377	1	4380000	4380000	0	
8.35611	1	4380098	4380098	0	
8.35611	1	4381460	4381460	0	
8.3584	1	4381542	4381542	0	
8.3584	1	4382920	4382920	0	
8.36068	1	4382986	4382986	0	
8.36068	1	4384380	4384380	0	
8.36305	1	4384430	4384430	0	
8.36305	1	4385840	4385840	0	
8.36534	1	4385874	4385874	0	
8.36534	1	4387300	4387300	0	
8.36762	1	4387318	4387318	0	
8.36762	1	4388760	4388760	0	
8.3699	1	4388762	4388762	0	
8.37219	1	4390214	4390214	0	
8.37219	1	4390220	4390220	0	
8.37447	1	4391659	4391659	0	
8.37447	1	4391680	4391680	0	
8.37676	1	4393104	4393104	0	
8.37676	1	4393140	4393140	0	
8.37905	1	4394549	4394549	0	
8.37905	1	4394600	4394600	0	
8.38142	1	4395994	4395994	0	
8.38142	1	4396060	4396060	0	
8.38371	1	4397438	4397438	0	
8.38371	1	4397520	4397520	0	
8.38599	1	4398882	4398882	0	
8.38599	1	4398980	4398980	0	
8.38828	1	4400326	4400326	0	
8.38828	1	4400440	4400440	0	
8.39056	1	4401770	4401770	0	
8.39056	1	4401900	4401900	0	
8.39294	1	4403214	4403214	0	
8.39294	1	4403360	4403360	0	
8.39522	1	4404658	4404658	0	
8.39522	1	4404820	4404820	0	
8.39751	1	4406102	4406102	0	
8.39751	1	4406280	4406280	0	
8.3998	1	4407546	4407546	0	
8.3998	1	4407740	4407740	0	
8.40208	1	4408990	4408990	0	
8.40208	1	4409200	4409200	0	
8.40446	1	4410434	4410434	0	
8.40446	1	4410660	4410660	0	
8.40674	1	4411878	4411878	0	
8.40674	1	4412120	4412120	0	
8.40903	1	4413322	4413322	0	
8.40903	1	4413580	4413580	0	
8.41131	1	4414766	4414766	0	
8.41131	1	4415040	4415040	0	
8.41359	1	4416210	4416210	0	
8.41359	1	4416500	4416500	0	
8.41588	1	4417654	4417654	0	
8.41588	1	4417960	4417960	0	
8.41816	1	4419098	4419098	0	
8.41816	1	4419420	4419420	0	
8.42046	1	4420542	4420542	0	
8.42046	1	4420880	4420880	0	
8.42274	1	4421986	4421986	0	
8.42274	1	4422340	4422340	0	
8.42512	1	4423430	4423430	0	
8.42512	1	4423800	4423800	0	
8.4274	1	4424874	4424874	0	
8.4274	1	4425260	4425260	0	
8.42968	1	4426318	4426318	0	
8.42968	1	4426720	4426720	0	
8.43197	1	4427762	4427762	0	
8.43197	1	4428180	4428180	0	
8.43425	1	4429206	4429206	0	
8.43425	1	4429640	4429640	0	
8.43663	1	4430650	4430650	0	
8.43663	1	4431100	4431100	0	
8.43891	1	4432094	4432094	0	
8.43891	1	4432560	4432560	0	
8.4412	1	4433538	4433538	0	
8.4412	1	4434020	4434020	0	
8.44349	1	4434982	4434982	0	
8.44349	1	4435480	4435480	0	
8.44577	1	4436426	4436426	0	
8.44577	1	4436940	4436940	0	
8.44806	1	4437870	4437870	0	
8.44806	1	4438400	4438400	0	
8.45034	1	4439314	4439314	0	
8.45034	1	4439860	4439860	0	
8.45263	1	4440758	4440758	0	
8.45263	1	4441320	4441320	0	
8.45483	1	4442202	4442202	0	
8.45483	1	4442780	4442780	0	
8.45695	1	4443646	4443646	0	
8.45695	1	4444240	4444240	0	
8.45906	1	4445090	4445090	0	
8.45906	1	4445700	4445700	0	
8.46118	1	4446534	4446534	0	
8.46118	1	4447160	4447160	0	
8.46331	1	4447978	4447978	0	
8.46331	1	4448620	4448620	0	
8.46551	1	4449422	4449422	0	
8.46551	1	4450080	4450080	0	
8.46763	1	4450866	4450866	0	
8.46763	1	4451540	4451540	0	
8.46974	1	4452310	4452310	0	
8.46974	1	4453000	4453000	0	
8.47186	1	4453754	4453754	0	
8.47186	1	4454460	4454460	0	
8.47398	1	4455198	4455198	0	
8.47398	1	4455920	4455920	0	
8.47618	1	4456642	4456642	0	
8.47618	1	4457380	4457380	0	
8.4783	1	4458086	4458086	0	
8.4783	1	4458840	4458840	0	
8.48041	1	4459530	4459530	0	
8.48041	1	4460300	4460300	0	
8.48254	1	4460974	4460974	0	
8.48254	1	4461760	4461760	0	
8.48466	1	4462418	4462418	0	
8.48466	1	4463220	4463220	0	
8.48677	1	4463862	4463862	0	
8.48677	1	4464680	4464680	0	
8.48889	1	4465306	4465306	0	
8.48889	1	4466140	4466140	0	
8.49101	1	4466750	4466750	0	
8.49101	1	4467600	4467600	0	
8.49321	1	4468194	4468194	0	
8.49321	1	4469060	4469060	0	
8.49533	1	4469638	4469638	0	
8.49533	1	4470520	4470520	0	
8.49745	1	4471082	4471082	0	
8.49745	1	4471980	4471980	0	
8.49956	1	4472526	4472526	0	
8.49956	1	4473440	4473440	0	
8.50168	1	4473970	4473970	0	
8.50168	1	4474900	4474900	0	
8.50389	1	4475414	4475414	0	
8.50389	1	4476360	4476360	0	
8.50601	1	4476858	4476858	0	
8.50601	1	4477820	4477820	0	
8.50813	1	4478302	4478302	0	
8.50813	1	4479280	4479280	0	
8.51024	1	4479746	4479746	0	
8.51024	1	4480740	4480740	0	
8.51236	1	4481190	4481190	0	
8.51236	1	4482200	4482200	0	
8.51448	1	4482634	4482634	0	
8.51448	1	4483660	4483660	0	
8.5166	1	4484078	4484078	0	
8.5166	1	4485120	4485120	0	
8.51871	1	4485522	4485522	0	
8.51871	1	4486580	4486580	0	
8.52091	1	4486966	4486966	0	
8.52091	1	4488040	4488040	0	
8.52304	1	4488410	4488410	0	
8.52304	1	4489500	4489500	0	
8.52516	1	4489854	4489854	0	
8.52516	1	4490960	4490960	0	
8.52727	1	4491298	4491298	0	
8.52727	1	4492420	4492420	0	
8.52939	1	4492742	4492742	0	
8.52939	1	4493880	4493880	0	
8.53159	1	4494186	4494186	0	
8.53159	1	4495340	4495340	0	
8.53371	1	4495630	4495630	0	
8.53371	1	4496800	4496800	0	
8.53583	1	4497074	4497074	0	
8.53583	1	4498260	4498260	0	
8.53795	1	4498518	4498518	0	
8.53795	1	4499720	4499720	0	
8.54006	1	4499962	4499962	0	
8.54006	1	4501180	4501180	0	
8.54218	1	4501406	4501406	0	
8.54218	1	4502640	4502640	0	
8.54431	1	4502850	4502850	0	
8.54431	1	4504100	4504100	0	
8.54642	1	4504294	4504294	0	
8.54642	1	4505560	4505560	0	
8.54862	1	4505738	4505738	0	
8.54862	1	4507020	4507020	0	
8.55074	1	4507182	4507182	0	
8.55074	1	4508480	4508480	0	
8.5548	1	4508626	4508626	0	
8.5548	1	4509940	4509940	0	
8.55695	1	4510070	4510070	0	
8.55695	1	4511400	4511400	0	
8.55904	1	4511514	4511514	0	
8.55904	1	4512860	4512860	0	
8.56122	1	4512958	4512958	0	
8.56122	1	4514320	4514320	0	
8.56331	1	4514402	4514402	0	
8.56331	1	4515780	4515780	0	
8.56541	1	4515846	4515846	0	
8.56541	1	4517240	4517240	0	
8.5675	1	4517290	4517290	0	
8.5675	1	4518700	4518700	0	
8.56959	1	4518734	4518734	0	
8.56959	1	4520160	4520160	0	
8.57176	1	4520178	4520178	0	
8.57176	1	4521620	4521620	0	
8.57385	1	4521622	4521622	0	
8.57594	1	4523074	4523074	0	
8.57594	1	4523080	4523080	0	
8.57803	1	4524519	4524519	0	
8.57803	1	4524540	4524540	0	
8.58013	1	4525964	4525964	0	
8.58013	1	4526000	4526000	0	
8.58222	1	4527409	4527409	0	
8.58222	1	4527460	4527460	0	
8.58431	1	4528854	4528854	0	
8.58431	1	4528920	4528920	0	
8.58641	1	4530298	4530298	0	
8.58641	1	4530380	4530380	0	
8.58858	1	4531742	4531742	0	
8.58858	1	4531840	4531840	0	
8.59067	1	4533186	4533186	0	
8.59067	1	4533300	4533300	0	
8.59276	1	4534630	4534630	0	
8.59276	1	4534760	4534760	0	
8.59486	1	4536074	4536074	0	
8.59486	1	4536220	4536220	0	
8.59695	1	4537518	4537518	0	
8.59695	1	4537680	4537680	0	
8.59912	1	4538962	4538962	0	
8.59912	1	4539140	4539140	0	
8.60121	1	4540406	4540406	0	
8.60121	1	4540600	4540600	0	
8.60331	1	4541850	4541850	0	
8.60331	1	4542060	4542060	0	
8.6054	1	4543294	4543294	0	
8.6054	1	4543520	4543520	0	
8.6075	1	4544738	4544738	0	
8.6075	1	4544980	4544980	0	
8.60959	1	4546182	4546182	0	
8.60959	1	4546440	4546440	0	
8.61168	1	4547626	4547626	0	
8.61168	1	4547900	4547900	0	
8.61377	1	4549070	4549070	0	
8.61377	1	4549360	4549360	0	
8.61594	1	4550514	4550514	0	
8.61594	1	4550820	4550820	0	
8.61804	1	4551958	4551958	0	
8.61804	1	4552280	4552280	0	
8.62074	1	4553402	4553402	0	
8.62074	1	4553740	4553740	0	
8.62283	1	4554846	4554846	0	
8.62283	1	4555200	4555200	0	
8.62492	1	4556290	4556290	0	
8.62492	1	4556660	4556660	0	
8.6271	1	4557734	4557734	0	
8.6271	1	4558120	4558120	0	
8.62919	1	4559178	4559178	0	
8.62919	1	4559580	4559580	0	
8.63128	1	4560622	4560622	0	
8.63128	1	4561040	4561040	0	
8.63338	1	4562066	4562066	0	
8.63338	1	4562500	4562500	0	
8.63547	1	4563510	4563510	0	
8.63547	1	4563960	4563960	0	
8.63777	1	4564954	4564954	0	
8.63777	1	4565420	4565420	0	
8.63986	1	4566398	4566398	0	
8.63986	1	4566880	4566880	0	
8.64195	1	4567842	4567842	0	
8.64195	1	4568340	4568340	0	
8.64413	1	4569286	4569286	0	
8.64413	1	4569800	4569800	0	
8.64622	1	4570730	4570730	0	
8.64622	1	4571260	4571260	0	
8.64844	1	4572174	4572174	0	
8.64844	1	4572720	4572720	0	
8.65053	1	4573618	4573618	0	
8.65053	1	4574180	4574180	0	
8.65262	1	4575062	4575062	0	
8.65262	1	4575640	4575640	0	
8.65417	1	4576506	4577950	0	
8.65417	1	4576506	4578560	610	
8.6548	1	4576506	4576506	1444	
8.6548	1	4577100	4577100	1444	
8.65653	1	4579394	4579394	0	
8.65653	1	4580020	4580020	0	
8.6589	1	4580838	4580838	0	
8.6589	1	4581480	4581480	0	
8.66127	1	4582282	4582282	0	
8.66127	1	4582940	4582940	0	
8.66471	1	4583726	4583726	0	
8.66471	1	4584400	4584400	0	
8.66708	1	4585170	4585170	0	
8.66708	1	4585860	4585860	0	
8.66945	1	4586614	4586614	0	
8.66945	1	4587320	4587320	0	
8.67181	1	4588058	4588058	0	
8.67181	1	4588780	4588780	0	
8.67418	1	4589502	4589502	0	
8.67418	1	4590240	4590240	0	
8.67655	1	4590946	4590946	0	
8.67655	1	4591700	4591700	0	
8.67891	1	4592390	4592390	0	
8.67891	1	4593160	4593160	0	
8.68128	1	4593834	4593834	0	
8.68128	1	4594620	4594620	0	
8.68374	1	4595278	4595278	0	
8.68374	1	4596080	4596080	0	
8.6861	1	4596722	4596722	0	
8.6861	1	4597540	4597540	0	
8.68848	1	4598166	4598166	0	
8.68848	1	4599000	4599000	0	
8.69084	1	4599610	4599610	0	
8.69084	1	4600460	4600460	0	
8.69321	1	4601054	4601054	0	
8.69321	1	4601920	4601920	0	
8.69567	1	4602498	4602498	0	
8.69567	1	4603380	4603380	0	
8.69803	1	4603942	4603942	0	
8.69803	1	4604840	4604840	0	
8.7004	1	4605386	4605386	0	
8.7004	1	4606300	4606300	0	
8.70277	1	4606830	4606830	0	
8.70277	1	4607760	4607760	0	
8.70513	1	4608274	4608274	0	
8.70513	1	4609220	4609220	0	
8.7075	1	4609718	4609718	0	
8.7075	1	4610680	4610680	0	
8.70987	1	4611162	4611162	0	
8.70987	1	4612140	4612140	0	
8.71224	1	4612606	4612606	0	
8.71224	1	4613600	4613600	0	
8.7147	1	4614050	4614050	0	
8.7147	1	4615060	4615060	0	
8.71706	1	4615494	4615494	0	
8.71706	1	4616520	4616520	0	
8.71943	1	4616938	4616938	0	
8.71943	1	4617980	4617980	0	
8.7218	1	4618382	4618382	0	
8.7218	1	4619440	4619440	0	
8.72416	1	4619826	4619826	0	
8.72416	1	4620900	4620900	0	
8.72662	1	4621270	4621270	0	
8.72662	1	4622360	4622360	0	
8.72899	1	4622714	4622714	0	
8.72899	1	4623820	4623820	0	
8.73136	1	4624158	4624158	0	
8.73136	1	4625280	4625280	0	
8.73373	1	4625602	4625602	0	
8.73373	1	4626740	4626740	0	
8.7361	1	4627046	4627046	0	
8.7361	1	4628200	4628200	0	
8.73846	1	4628490	4628490	0	
8.73846	1	4629660	4629660	0	
8.74083	1	4629934	4629934	0	
8.74083	1	4631120	4631120	0	
8.74319	1	4631378	4631378	0	
8.74319	1	4632580	4632580	0	
8.74556	1	4632822	4632822	0	
8.74556	1	4634040	4634040	0	
8.74802	1	4634266	4634266	0	
8.74802	1	4635500	4635500	0	
8.75039	1	4635710	4635710	0	
8.75039	1	4636960	4636960	0	
8.75569	1	4637154	4637154	0	
8.75569	1	4638420	4638420	0	
8.75801	1	4638598	4638598	0	
8.75801	1	4639880	4639880	0	
8.76028	1	4640042	4640042	0	
8.76028	1	4641340	4641340	0	
8.76262	1	4641486	4641486	0	
8.76262	1	4642800	4642800	0	
8.76488	1	4642930	4642930	0	
8.76488	1	4644260	4644260	0	
8.76714	1	4644374	4644374	0	
8.76714	1	4645720	4645720	0	
8.7694	1	4645818	4645818	0	
8.7694	1	4647180	4647180	0	
8.77166	1	4647262	4647262	0	
8.77166	1	4648640	4648640	0	
8.774	1	4648706	4648706	0	
8.774	1	4650100	4650100	0	
8.77626	1	4650150	4650150	0	
8.77626	1	4651560	4651560	0	
8.77852	1	4651594	4651594	0	
8.77852	1	4653020	4653020	0	
8.78078	1	4653038	4653038	0	
8.78078	1	4654480	4654480	0	
8.78304	1	4654482	4654482	0	
8.7853	1	4655934	4655934	0	
8.7853	1	4655940	4655940	0	
8.78756	1	4657379	4657379	0	
8.78756	1	4657400	4657400	0	
8.78982	1	4658824	4658824	0	
8.78982	1	4658860	4658860	0	
8.79216	1	4660269	4660269	0	
8.79216	1	4660320	4660320	0	
8.79442	1	4661714	4661714	0	
8.79442	1	4661780	4661780	0	
8.79668	1	4663158	4663158	0	
8.79668	1	4663240	4663240	0	
8.79894	1	4664602	4664602	0	
8.79894	1	4664700	4664700	0	
8.8012	1	4666046	4666046	0	
8.8012	1	4666160	4666160	0	
8.80355	1	4667490	4667490	0	
8.80355	1	4667620	4667620	0	
8.80581	1	4668934	4668934	0	
8.80581	1	4669080	4669080	0	
8.80807	1	4670378	4670378	0	
8.80807	1	4670540	4670540	0	
8.81033	1	4671822	4671822	0	
8.81033	1	4672000	4672000	0	
8.81259	1	4673266	4673266	0	
8.81259	1	4673460	4673460	0	
8.81485	1	4674710	4674710	0	
8.81485	1	4674920	4674920	0	
8.8171	1	4676154	4676154	0	
8.8171	1	4676380	4676380	0	
8.81936	1	4677598	4677598	0	
8.81936	1	4677840	4677840	0	
8.82171	1	4679042	4679042	0	
8.82171	1	4679300	4679300	0	
8.82398	1	4680486	4680486	0	
8.82398	1	4680760	4680760	0	
8.82623	1	4681930	4681930	0	
8.82623	1	4682220	4682220	0	
8.82849	1	4683374	4683374	0	
8.82849	1	4683680	4683680	0	
8.83075	1	4684818	4684818	0	
8.83075	1	4685140	4685140	0	
8.8331	1	4686262	4686262	0	
8.8331	1	4686600	4686600	0	
8.83536	1	4687706	4687706	0	
8.83536	1	4688060	4688060	0	
8.83762	1	4689150	4689150	0	
8.83762	1	4689520	4689520	0	
8.83987	1	4690594	4690594	0	
8.83987	1	4690980	4690980	0	
8.84213	1	4692038	4692038	0	
8.84213	1	4692440	4692440	0	
8.84449	1	4693482	4693482	0	
8.84449	1	4693900	4693900	0	
8.84675	1	4694926	4694926	0	
8.84675	1	4695360	4695360	0	
8.849	1	4696370	4696370	0	
8.849	1	4696820	4696820	0	
8.85126	1	4697814	4697814	0	
8.85126	1	4698280	4698280	0	
8.85352	1	4699258	4699258	0	
8.85352	1	4699740	4699740	0	
8.85578	1	4700702	4700702	0	
8.85578	1	4701200	4701200	0	
8.85796	1	4702146	4702146	0	
8.85796	1	4702660	4702660	0	
8.86014	1	4703590	4703590	0	
8.86014	1	4704120	4704120	0	
8.86241	1	4705034	4705034	0	
8.86241	1	4705580	4705580	0	
8.86459	1	4706478	4706478	0	
8.86459	1	4707040	4707040	0	
8.86678	1	4707922	4707922	0	
8.86678	1	4708500	4708500	0	
8.86896	1	4709366	4709366	0	
8.86896	1	4709960	4709960	0	
8.87114	1	4710810	4710810	0	
8.87114	1	4711420	4711420	0	
8.87341	1	4712254	4712254	0	
8.87341	1	4712880	4712880	0	
8.87559	1	4713698	4713698	0	
8.87559	1	4714340	4714340	0	
8.87777	1	4715142	4715142	0	
8.87777	1	4715800	4715800	0	
8.87996	1	4716586	4716586	0	
8.87996	1	4717260	4717260	0	
8.88214	1	4718030	4718030	0	
8.88214	1	4718720	4718720	0	
8.88432	1	4719474	4719474	0	
8.88432	1	4720180	4720180	0	
8.8865	1	4720918	4720918	0	
8.8865	1	4721640	4721640	0	
8.88869	1	4722362	4722362	0	
8.88869	1	4723100	4723100	0	
8.89096	1	4723806	4723806	0	
8.89096	1	4724560	4724560	0	
8.89314	1	4725250	4725250	0	
8.89314	1	4726020	4726020	0	
8.89532	1	4726694	4726694	0	
8.89532	1	4727480	4727480	0	
8.8975	1	4728138	4728138	0	
8.8975	1	4728940	4728940	0	
8.89968	1	4729582	4729582	0	
8.89968	1	4730400	4730400	0	
8.90195	1	4731026	4731026	0	
8.90195	1	4731860	4731860	0	
8.90413	1	4732470	4732470	0	
8.90413	1	4733320	4733320	0	
8.90631	1	4733914	4733914	0	
8.90631	1	4734780	4734780	0	
8.9085	1	4735358	4735358	0	
8.9085	1	4736240	4736240	0	
8.91068	1	4736802	4736802	0	
8.91068	1	4737700	4737700	0	
8.91286	1	4738246	4738246	0	
8.91286	1	4739160	4739160	0	
8.91505	1	4739690	4739690	0	
8.91505	1	4740620	4740620	0	
8.91723	1	4741134	4741134	0	
8.91723	1	4742080	4742080	0	
8.91949	1	4742578	4742578	0	
8.91949	1	4743540	4743540	0	
8.92168	1	4744022	4744022	0	
8.92168	1	4745000	4745000	0	
8.92386	1	4745466	4745466	0	
8.92386	1	4746460	4746460	0	
8.92604	1	4746910	4746910	0	
8.92604	1	4747920	4747920	0	
8.92822	1	4748354	4748354	0	
8.92822	1	4749380	4749380	0	
8.93049	1	4749798	4749798	0	
8.93049	1	4750840	4750840	0	
8.93268	1	4751242	4751242	0	
8.93268	1	4752300	4752300	0	
8.93486	1	4752686	4752686	0	
8.93486	1	4753760	4753760	0	
8.93704	1	4754130	4754130	0	
8.93704	1	4755220	4755220	0	
8.93922	1	4755574	4755574	0	
8.93922	1	4756680	4756680	0	
8.94149	1	4757018	4757018	0	
8.94149	1	4758140	4758140	0	
8.94367	1	4758462	4758462	0	
8.94367	1	4759600	4759600	0	
8.94585	1	4759906	4759906	0	
8.94585	1	4761060	4761060	0	
8.94803	1	4761350	4761350	0	
8.94803	1	4762520	4762520	0	
8.95022	1	4762794	4762794	0	
8.95022	1	4763980	4763980	0	
8.9524	1	4764238	4764238	0	
8.9524	1	4765440	4765440	0	
8.95458	1	4765682	4765682	0	
8.95458	1	4766900	4766900	0	
8.95476	1	4767126	4767126	0	
8.95476	1	4768360	4768360	0	
8.95701	1	4768570	4768570	0	
8.95701	1	4769820	4769820	0	
8.95918	1	4770014	4770014	0	
8.95918	1	4771280	4771280	0	
8.96135	1	4771458	4771458	0	
8.96135	1	4772740	4772740	0	
8.96352	1	4772902	4772902	0	
8.96352	1	4774200	4774200	0	
8.96569	1	4774346	4774346	0	
8.96569	1	4775660	4775660	0	
8.96795	1	4775790	4775790	0	
8.96795	1	4777120	4777120	0	
8.97012	1	4777234	4777234	0	
8.97012	1	4778580	4778580	0	
8.97229	1	4778678	4778678	0	
8.97229	1	4780040	4780040	0	
8.97446	1	4780122	4780122	0	
8.97446	1	4781500	4781500	0	
8.97663	1	4781566	4781566	0	
8.97663	1	4782960	4782960	0	
8.9788	1	4783010	4783010	0	
8.9788	1	4784420	4784420	0	
8.98097	1	4784454	4784454	0	
8.98097	1	4785880	4785880	0	
8.98314	1	4785898	4785898	0	
8.98314	1	4787340	4787340	0	
8.98539	1	4787342	4787342	0	
8.98756	1	4788794	4788794	0	
8.98756	1	4788800	4788800	0	
8.98974	1	4790239	4790239	0	
8.98974	1	4790260	4790260	0	
8.99191	1	4791684	4791684	0	
8.99191	1	4791720	4791720	0	
8.99408	1	4793129	4793129	0	
8.99408	1	4793180	4793180	0	
8.99633	1	4794574	4794574	0	
8.99633	1	4794640	4794640	0	
8.9985	1	4796018	4796018	0	
8.9985	1	4796100	4796100	0	
9.00067	1	4797462	4797462	0	
9.00067	1	4797560	4797560	0	
9.00284	1	4798906	4798906	0	
9.00284	1	4799020	4799020	0	
9.00501	1	4800350	4800350	0	
9.00501	1	4800480	4800480	0	
9.00718	1	4801794	4801794	0	
9.00718	1	4801940	4801940	0	
9.00935	1	4803238	4803238	0	
9.00935	1	4803400	4803400	0	
9.01153	1	4804682	4804682	0	
9.01153	1	4804860	4804860	0	
9.01378	1	4806126	4806126	0	
9.01378	1	4806320	4806320	0	
9.01595	1	4807570	4807570	0	
9.01595	1	4807780	4807780	0	
9.01812	1	4809014	4809014	0	
9.01812	1	4809240	4809240	0	
9.02029	1	4810458	4810458	0	
9.02029	1	4810700	4810700	0	
9.02246	1	4811902	4811902	0	
9.02246	1	4812160	4812160	0	
9.02472	1	4813346	4813346	0	
9.02472	1	4813620	4813620	0	
9.02689	1	4814790	4814790	0	
9.02689	1	4815080	4815080	0	
9.02906	1	4816234	4816234	0	
9.02906	1	4816540	4816540	0	
9.03124	1	4817678	4817678	0	
9.03124	1	4818000	4818000	0	
9.03341	1	4819122	4819122	0	
9.03341	1	4819460	4819460	0	
9.03566	1	4820566	4820566	0	
9.03566	1	4820920	4820920	0	
9.03783	1	4822010	4822010	0	
9.03783	1	4822380	4822380	0	
9.04	1	4823454	4823454	0	
9.04	1	4823840	4823840	0	
9.04217	1	4824898	4824898	0	
9.04217	1	4825300	4825300	0	
9.04434	1	4826342	4826342	0	
9.04434	1	4826760	4826760	0	
9.04651	1	4827786	4827786	0	
9.04651	1	4828220	4828220	0	
9.04868	1	4829230	4829230	0	
9.04868	1	4829680	4829680	0	
9.05085	1	4830674	4830674	0	
9.05085	1	4831140	4831140	0	
9.05405	1	4832118	4832118	0	
9.05405	1	4832600	4832600	0	
9.05625	1	4833562	4833562	0	
9.05625	1	4834060	4834060	0	
9.05838	1	4835006	4835006	0	
9.05838	1	4835520	4835520	0	
9.06052	1	4836450	4836450	0	
9.06052	1	4836980	4836980	0	
9.06265	1	4837894	4837894	0	
9.06265	1	4838440	4838440	0	
9.06478	1	4839338	4839338	0	
9.06478	1	4839900	4839900	0	
9.067	1	4840782	4840782	0	
9.067	1	4841360	4841360	0	
9.06914	1	4842226	4842226	0	
9.06914	1	4842820	4842820	0	
9.07127	1	4843670	4843670	0	
9.07127	1	4844280	4844280	0	
9.07341	1	4845114	4845114	0	
9.07341	1	4845740	4845740	0	
9.07555	1	4846558	4846558	0	
9.07555	1	4847200	4847200	0	
9.07768	1	4848002	4848002	0	
9.07768	1	4848660	4848660	0	
9.07982	1	4849446	4849446	0	
9.07982	1	4850120	4850120	0	
9.08195	1	4850890	4850890	0	
9.08195	1	4851580	4851580	0	
9.08417	1	4852334	4852334	0	
9.08417	1	4853040	4853040	0	
9.0863	1	4853778	4853778	0	
9.0863	1	4854500	4854500	0	
9.08844	1	4855222	4855222	0	
9.08844	1	4855960	4855960	0	
9.09057	1	4856666	4856666	0	
9.09057	1	4857420	4857420	0	
9.09271	1	4858110	4858110	0	
9.09271	1	4858880	4858880	0	
9.09493	1	4859554	4859554	0	
9.09493	1	4860340	4860340	0	
9.09707	1	4860998	4860998	0	
9.09707	1	4861800	4861800	0	
9.0992	1	4862442	4862442	0	
9.0992	1	4863260	4863260	0	
9.10134	1	4863886	4863886	0	
9.10134	1	4864720	4864720	0	
9.10347	1	4865330	4865330	0	
9.10347	1	4866180	4866180	0	
9.10561	1	4866774	4866774	0	
9.10561	1	4867640	4867640	0	
9.10774	1	4868218	4868218	0	
9.10774	1	4869100	4869100	0	
9.10987	1	4869662	4869662	0	
9.10987	1	4870560	4870560	0	
9.11209	1	4871106	4871106	0	
9.11209	1	4872020	4872020	0	
9.11423	1	4872550	4872550	0	
9.11423	1	4873480	4873480	0	
9.11637	1	4873994	4873994	0	
9.11637	1	4874940	4874940	0	
9.1185	1	4875438	4875438	0	
9.1185	1	4876400	4876400	0	
9.12064	1	4876882	4876882	0	
9.12064	1	4877860	4877860	0	
9.12285	1	4878326	4878326	0	
9.12285	1	4879320	4879320	0	
9.12499	1	4879770	4879770	0	
9.12499	1	4880780	4880780	0	
9.12712	1	4881214	4881214	0	
9.12712	1	4882240	4882240	0	
9.12926	1	4882658	4882658	0	
9.12926	1	4883700	4883700	0	
9.13139	1	4884102	4884102	0	
9.13139	1	4885160	4885160	0	
9.13362	1	4885546	4885546	0	
9.13362	1	4886620	4886620	0	
9.13575	1	4886990	4886990	0	
9.13575	1	4888080	4888080	0	
9.13789	1	4888434	4888434	0	
9.13789	1	4889540	4889540	0	
9.14002	1	4889878	4889878	0	
9.14002	1	4891000	4891000	0	
9.14216	1	4891322	4891322	0	
9.14216	1	4892460	4892460	0	
9.14429	1	4892766	4892766	0	
9.14429	1	4893920	4893920	0	
9.14643	1	4894210	4894210	0	
9.14643	1	4895380	4895380	0	
9.14856	1	4895654	4895654	0	
9.14856	1	4896840	4896840	0	
9.15078	1	4897098	4897098	0	
9.15078	1	4898300	4898300	0	
9.15291	1	4898542	4898542	0	
9.15291	1	4899760	4899760	0	
9.15505	1	4899986	4899986	0	
9.15505	1	4901220	4901220	0	
9.15525	1	4901430	4901430	0	
9.15525	1	4902680	4902680	0	
9.15744	1	4902874	4902874	0	
9.15744	1	4904140	4904140	0	
9.15972	1	4904318	4904318	0	
9.15972	1	4905600	4905600	0	
9.16191	1	4905762	4905762	0	
9.16191	1	4907060	4907060	0	
9.16411	1	4907206	4907206	0	
9.16411	1	4908520	4908520	0	
9.1663	1	4908650	4908650	0	
9.1663	1	4909980	4909980	0	
9.1685	1	4910094	4910094	0	
9.1685	1	4911440	4911440	0	
9.17069	1	4911538	4911538	0	
9.17069	1	4912900	4912900	0	
9.17288	1	4912982	4912982	0	
9.17288	1	4914360	4914360	0	
9.17508	1	4914426	4914426	0	
9.17508	1	4915820	4915820	0	
9.17736	1	4915870	4915870	0	
9.17736	1	4917280	4917280	0	
9.17955	1	4917314	4917314	0	
9.17955	1	4918740	4918740	0	
9.18175	1	4918758	4918758	0	
9.18175	1	4920200	4920200	0	
9.18394	1	4920202	4920202	0	
9.18613	1	4921654	4921654	0	
9.18613	1	4921660	4921660	0	
9.18841	1	4923099	4923099	0	
9.18841	1	4923120	4923120	0	
9.1906	1	4924544	4924544	0	
9.1906	1	4924580	4924580	0	
9.1928	1	4925989	4925989	0	
9.1928	1	4926040	4926040	0	
9.195	1	4927434	4927434	0	
9.195	1	4927500	4927500	0	
9.19719	1	4928878	4928878	0	
9.19719	1	4928960	4928960	0	
9.19939	1	4930322	4930322	0	
9.19939	1	4930420	4930420	0	
9.20167	1	4931766	4931766	0	
9.20167	1	4931880	4931880	0	
9.20386	1	4933210	4933210	0	
9.20386	1	4933340	4933340	0	
9.20605	1	4934654	4934654	0	
9.20605	1	4934800	4934800	0	
9.20825	1	4936098	4936098	0	
9.20825	1	4936260	4936260	0	
9.21044	1	4937542	4937542	0	
9.21044	1	4937720	4937720	0	
9.21263	1	4938986	4938986	0	
9.21263	1	4939180	4939180	0	
9.21483	1	4940430	4940430	0	
9.21483	1	4940640	4940640	0	
9.21711	1	4941874	4941874	0	
9.21711	1	4942100	4942100	0	
9.21931	1	4943318	4943318	0	
9.21931	1	4943560	4943560	0	
9.2215	1	4944762	4944762	0	
9.2215	1	4945020	4945020	0	
9.2237	1	4946206	4946206	0	
9.2237	1	4946480	4946480	0	
9.22589	1	4947650	4947650	0	
9.22589	1	4947940	4947940	0	
9.22808	1	4949094	4949094	0	
9.22808	1	4949400	4949400	0	
9.23036	1	4950538	4950538	0	
9.23036	1	4950860	4950860	0	
9.23256	1	4951982	4951982	0	
9.23256	1	4952320	4952320	0	
9.23475	1	4953426	4953426	0	
9.23475	1	4953780	4953780	0	
9.23695	1	4954870	4954870	0	
9.23695	1	4955240	4955240	0	
9.23914	1	4956314	4956314	0	
9.23914	1	4956700	4956700	0	
9.24134	1	4957758	4957758	0	
9.24134	1	4958160	4958160	0	
9.24353	1	4959202	4959202	0	
9.24353	1	4959620	4959620	0	
9.24581	1	4960646	4960646	0	
9.24581	1	4961080	4961080	0	
9.248	1	4962090	4962090	0	
9.248	1	4962540	4962540	0	
9.2502	1	4963534	4963534	0	
9.2502	1	4964000	4964000	0	
9.25239	1	4964978	4964978	0	
9.25239	1	4965460	4965460	0	
9.25457	1	4966422	4966422	0	
9.25457	1	4966920	4966920	0	
9.25685	1	4967866	4967866	0	
9.25685	1	4968380	4968380	0	
9.25903	1	4969310	4969310	0	
9.25903	1	4969840	4969840	0	
9.26122	1	4970754	4970754	0	
9.26122	1	4971300	4971300	0	
9.2634	1	4972198	4972198	0	
9.2634	1	4972760	4972760	0	
9.26558	1	4973642	4973642	0	
9.26558	1	4974220	4974220	0	
9.26777	1	4975086	4975086	0	
9.26777	1	4975680	4975680	0	
9.26995	1	4976530	4976530	0	
9.26995	1	4977140	4977140	0	
9.27213	1	4977974	4977974	0	
9.27213	1	4978600	4978600	0	
9.2744	1	4979418	4979418	0	
9.2744	1	4980060	4980060	0	
9.27659	1	4980862	4980862	0	
9.27659	1	4981520	4981520	0	
9.27878	1	4982306	4982306	0	
9.27878	1	4982980	4982980	0	
9.28096	1	4983750	4983750	0	
9.28096	1	4984440	4984440	0	
9.28314	1	4985194	4985194	0	
9.28314	1	4985900	4985900	0	
9.28541	1	4986638	4986638	0	
9.28541	1	4987360	4987360	0	
9.2876	1	4988082	4988082	0	
9.2876	1	4988820	4988820	0	
9.28978	1	4989526	4989526	0	
9.28978	1	4990280	4990280	0	
9.29196	1	4990970	4990970	0	
9.29196	1	4991740	4991740	0	
9.29415	1	4992414	4992414	0	
9.29415	1	4993200	4993200	0	
9.29633	1	4993858	4993858	0	
9.29633	1	4994660	4994660	0	
9.2986	1	4995302	4995302	0	
9.2986	1	4996120	4996120	0	
9.30079	1	4996746	4996746	0	
9.30079	1	4997580	4997580	0	
9.30297	1	4998190	4998190	0	
9.30297	1	4999040	4999040	0	
9.30515	1	4999634	4999634	0	
9.30515	1	5000500	5000500	0	
9.30734	1	5001078	5001078	0	
9.30734	1	5001960	5001960	0	
9.30952	1	5002522	5002522	0	
9.30952	1	5003420	5003420	0	
9.3117	1	5003966	5003966	0	
9.3117	1	5004880	5004880	0	
9.31397	1	5005410	5005410	0	
9.31397	1	5006340	5006340	0	
9.31616	1	5006854	5006854	0	
9.31616	1	5007800	5007800	0	
9.31834	1	5008298	5008298	0	
9.31834	1	5009260	5009260	0	
9.32053	1	5009742	5009742	0	
9.32053	1	5010720	5010720	0	
9.32271	1	5011186	5011186	0	
9.32271	1	5012180	5012180	0	
9.32498	1	5012630	5012630	0	
9.32498	1	5013640	5013640	0	
9.32717	1	5014074	5014074	0	
9.32717	1	5015100	5015100	0	
9.32935	1	5015518	5015518	0	
9.32935	1	5016560	5016560	0	
9.33153	1	5016962	5016962	0	
9.33153	1	5018020	5018020	0	
9.33372	1	5018406	5018406	0	
9.33372	1	5019480	5019480	0	
9.3359	1	5019850	5019850	0	
9.3359	1	5020940	5020940	0	
9.33808	1	5021294	5021294	0	
9.33808	1	5022400	5022400	0	
9.34027	1	5022738	5022738	0	
9.34027	1	5023860	5023860	0	
9.34254	1	5024182	5024182	0	
9.34254	1	5025320	5025320	0	
9.34472	1	5025626	5025626	0	
9.34472	1	5026780	5026780	0	
9.34691	1	5027070	5027070	0	
9.34691	1	5028240	5028240	0	
9.34909	1	5028514	5028514	0	
9.34909	1	5029700	5029700	0	
9.35421	1	5029958	5029958	0	
9.35421	1	5031160	5031160	0	
9.35648	1	5031402	5031402	0	
9.35648	1	5032620	5032620	0	
9.35861	1	5032846	5032846	0	
9.35861	1	5034080	5034080	0	
9.36073	1	5034290	5034290	0	
9.36073	1	5035540	5035540	0	
9.36286	1	5035734	5035734	0	
9.36286	1	5037000	5037000	0	
9.36499	1	5037178	5037178	0	
9.36499	1	5038460	5038460	0	
9.36712	1	5038622	5038622	0	
9.36712	1	5039920	5039920	0	
9.36924	1	5040066	5040066	0	
9.36924	1	5041380	5041380	0	
9.37137	1	5041510	5041510	0	
9.37137	1	5042840	5042840	0	
9.37358	1	5042954	5042954	0	
9.37358	1	5044300	5044300	0	
9.3757	1	5044398	5044398	0	
9.3757	1	5045760	5045760	0	
9.37783	1	5045842	5045842	0	
9.37783	1	5047220	5047220	0	
9.37995	1	5047286	5047286	0	
9.37995	1	5048680	5048680	0	
9.38208	1	5048730	5048730	0	
9.38208	1	5050140	5050140	0	
9.3842	1	5050174	5050174	0	
9.3842	1	5051600	5051600	0	
9.38641	1	5051618	5051618	0	
9.38641	1	5053060	5053060	0	
9.38854	1	5053062	5053062	0	
9.39066	1	5054514	5054514	0	
9.39066	1	5054520	5054520	0	
9.39279	1	5055959	5055959	0	
9.39279	1	5055980	5055980	0	
9.39491	1	5057404	5057404	0	
9.39491	1	5057440	5057440	0	
9.39704	1	5058849	5058849	0	
9.39704	1	5058900	5058900	0	
9.39925	1	5060294	5060294	0	
9.39925	1	5060360	5060360	0	
9.40137	1	5061738	5061738	0	
9.40137	1	5061820	5061820	0	
9.4035	1	5063182	5063182	0	
9.4035	1	5063280	5063280	0	
9.40563	1	5064626	5064626	0	
9.40563	1	5064740	5064740	0	
9.40775	1	5066070	5066070	0	
9.40775	1	5066200	5066200	0	
9.40988	1	5067514	5067514	0	
9.40988	1	5067660	5067660	0	
9.412	1	5068958	5068958	0	
9.412	1	5069120	5069120	0	
9.41421	1	5070402	5070402	0	
9.41421	1	5070580	5070580	0	
9.41634	1	5071846	5071846	0	
9.41634	1	5072040	5072040	0	
9.41846	1	5073290	5073290	0	
9.41846	1	5073500	5073500	0	
9.42059	1	5074734	5074734	0	
9.42059	1	5074960	5074960	0	
9.42271	1	5076178	5076178	0	
9.42271	1	5076420	5076420	0	
9.42493	1	5077622	5077622	0	
9.42493	1	5077880	5077880	0	
9.42705	1	5079066	5079066	0	
9.42705	1	5079340	5079340	0	
9.42918	1	5080510	5080510	0	
9.42918	1	5080800	5080800	0	
9.43131	1	5081954	5081954	0	
9.43131	1	5082260	5082260	0	
9.43343	1	5083398	5083398	0	
9.43343	1	5083720	5083720	0	
9.43556	1	5084842	5084842	0	
9.43556	1	5085180	5085180	0	
9.43768	1	5086286	5086286	0	
9.43768	1	5086640	5086640	0	
9.43981	1	5087730	5087730	0	
9.43981	1	5088100	5088100	0	
9.44201	1	5089174	5089174	0	
9.44201	1	5089560	5089560	0	
9.44414	1	5090618	5090618	0	
9.44414	1	5091020	5091020	0	
9.44627	1	5092062	5092062	0	
9.44627	1	5092480	5092480	0	
9.4484	1	5093506	5093506	0	
9.4484	1	5093940	5093940	0	
9.45052	1	5094950	5094950	0	
9.45052	1	5095400	5095400	0	
9.45273	1	5096394	5096394	0	
9.45273	1	5096860	5096860	0	
9.45485	1	5097838	5097838	0	
9.45485	1	5098320	5098320	0	
9.45521	1	5099282	5099282	0	
9.45521	1	5099780	5099780	0	
9.45757	1	5100726	5100726	0	
9.45757	1	5101240	5101240	0	
9.45993	1	5102170	5102170	0	
9.45993	1	5102700	5102700	0	
9.46229	1	5103614	5103614	0	
9.46229	1	5104160	5104160	0	
9.46464	1	5105058	5105058	0	
9.46464	1	5105620	5105620	0	
9.46701	1	5106502	5106502	0	
9.46701	1	5107080	5107080	0	
9.46946	1	5107946	5107946	0	
9.46946	1	5108540	5108540	0	
9.47181	1	5109390	5109390	0	
9.47181	1	5110000	5110000	0	
9.47417	1	5110834	5110834	0	
9.47417	1	5111460	5111460	0	
9.47653	1	5112278	5112278	0	
9.47653	1	5112920	5112920	0	
9.47888	1	5113722	5113722	0	
9.47888	1	5114380	5114380	0	
9.48133	1	5115166	5115166	0	
9.48133	1	5115840	5115840	0	
9.48369	1	5116610	5116610	0	
9.48369	1	5117300	5117300	0	
9.48605	1	5118054	5118054	0	
9.48605	1	5118760	5118760	0	
9.48841	1	5119498	5119498	0	
9.48841	1	5120220	5120220	0	
9.49077	1	5120942	5120942	0	
9.49077	1	5121680	5121680	0	
9.49313	1	5122386	5122386	0	
9.49313	1	5123140	5123140	0	
9.49558	1	5123830	5123830	0	
9.49558	1	5124600	5124600	0	
9.49793	1	5125274	5125274	0	
9.49793	1	5126060	5126060	0	
9.50029	1	5126718	5126718	0	
9.50029	1	5127520	5127520	0	
9.50265	1	5128162	5128162	0	
9.50265	1	5128980	5128980	0	
9.505	1	5129606	5129606	0	
9.505	1	5130440	5130440	0	
9.50736	1	5131050	5131050	0	
9.50736	1	5131900	5131900	0	
9.50972	1	5132494	5132494	0	
9.50972	1	5133360	5133360	0	
9.51218	1	5133938	5133938	0	
9.51218	1	5134820	5134820	0	
9.51453	1	5135382	5135382	0	
9.51453	1	5136280	5136280	0	
9.51689	1	5136826	5136826	0	
9.51689	1	5137740	5137740	0	
9.51925	1	5138270	5138270	0	
9.51925	1	5139200	5139200	0	
9.5216	1	5139714	5139714	0	
9.5216	1	5140660	5140660	0	
9.52405	1	5141158	5141158	0	
9.52405	1	5142120	5142120	0	
9.52641	1	5142602	5142602	0	
9.52641	1	5143580	5143580	0	
9.52877	1	5144046	5144046	0	
9.52877	1	5145040	5145040	0	
9.53113	1	5145490	5145490	0	
9.53113	1	5146500	5146500	0	
9.53349	1	5146934	5146934	0	
9.53349	1	5147960	5147960	0	
9.53585	1	5148378	5148378	0	
9.53585	1	5149420	5149420	0	
9.5382	1	5149822	5149822	0	
9.5382	1	5150880	5150880	0	
9.54056	1	5151266	5151266	0	
9.54056	1	5152340	5152340	0	
9.54301	1	5152710	5152710	0	
9.54301	1	5153800	5153800	0	
9.54537	1	5154154	5154154	0	
9.54537	1	5155260	5155260	0	
9.54772	1	5155598	5155598	0	
9.54772	1	5156720	5156720	0	
9.55008	1	5157042	5157042	0	
9.55008	1	5158180	5158180	0	
9.55244	1	5158486	5158486	0	
9.55244	1	5159640	5159640	0	
9.55263	1	5159930	5159930	0	
9.55263	1	5161100	5161100	0	
9.55473	1	5161374	5161374	0	
9.55473	1	5162560	5162560	0	
9.55684	1	5162818	5162818	0	
9.55684	1	5164020	5164020	0	
9.55894	1	5164262	5164262	0	
9.55894	1	5165480	5165480	0	
9.56104	1	5165706	5165706	0	
9.56104	1	5166940	5166940	0	
9.56315	1	5167150	5167150	0	
9.56315	1	5168400	5168400	0	
9.56525	1	5168594	5168594	0	
9.56525	1	5169860	5169860	0	
9.56735	1	5170038	5170038	0	
9.56735	1	5171320	5171320	0	
9.56954	1	5171482	5171482	0	
9.56954	1	5172780	5172780	0	
9.57164	1	5172926	5172926	0	
9.57164	1	5174240	5174240	0	
9.57375	1	5174370	5174370	0	
9.57375	1	5175700	5175700	0	
9.57585	1	5175814	5175814	0	
9.57585	1	5177160	5177160	0	
9.57796	1	5177258	5177258	0	
9.57796	1	5178620	5178620	0	
9.58014	1	5178702	5178702	0	
9.58014	1	5180080	5180080	0	
9.58224	1	5180146	5180146	0	
9.58224	1	5181540	5181540	0	
9.58435	1	5181590	5181590	0	
9.58435	1	5183000	5183000	0	
9.58645	1	5183034	5183034	0	
9.58645	1	5184460	5184460	0	
9.58855	1	5184478	5184478	0	
9.58855	1	5185920	5185920	0	
9.59065	1	5185922	5185922	0	
9.59284	1	5187374	5187374	0	
9.59284	1	5187380	5187380	0	
9.59495	1	5188819	5188819	0	
9.59495	1	5188840	5188840	0	
9.59705	1	5190264	5190264	0	
9.59705	1	5190300	5190300	0	
9.59915	1	5191709	5191709	0	
9.59915	1	5191760	5191760	0	
9.60126	1	5193154	5193154	0	
9.60126	1	5193220	5193220	0	
9.60336	1	5194598	5194598	0	
9.60336	1	5194680	5194680	0	
9.60546	1	5196042	5196042	0	
9.60546	1	5196140	5196140	0	
9.60765	1	5197486	5197486	0	
9.60765	1	5197600	5197600	0	
9.60975	1	5198930	5198930	0	
9.60975	1	5199060	5199060	0	
9.61185	1	5200374	5200374	0	
9.61185	1	5200520	5200520	0	
9.61396	1	5201818	5201818	0	
9.61396	1	5201980	5201980	0	
9.61607	1	5203262	5203262	0	
9.61607	1	5203440	5203440	0	
9.61825	1	5204706	5204706	0	
9.61825	1	5204900	5204900	0	
9.62035	1	5206150	5206150	0	
9.62035	1	5206360	5206360	0	
9.62246	1	5207594	5207594	0	
9.62246	1	5207820	5207820	0	
9.62456	1	5209038	5209038	0	
9.62456	1	5209280	5209280	0	
9.62666	1	5210482	5210482	0	
9.62666	1	5210740	5210740	0	
9.62877	1	5211926	5211926	0	
9.62877	1	5212200	5212200	0	
9.63087	1	5213370	5213370	0	
9.63087	1	5213660	5213660	0	
9.63297	1	5214814	5214814	0	
9.63297	1	5215120	5215120	0	
9.63516	1	5216258	5216258	0	
9.63516	1	5216580	5216580	0	
9.63727	1	5217702	5217702	0	
9.63727	1	5218040	5218040	0	
9.63937	1	5219146	5219146	0	
9.63937	1	5219500	5219500	0	
9.64147	1	5220590	5220590	0	
9.64147	1	5220960	5220960	0	
9.64358	1	5222034	5222034	0	
9.64358	1	5222420	5222420	0	
9.64576	1	5223478	5223478	0	
9.64576	1	5223880	5223880	0	
9.64786	1	5224922	5224922	0	
9.64786	1	5225340	5225340	0	
9.64997	1	5226366	5226366	0	
9.64997	1	5226800	5226800	0	
9.65302	1	5227810	5227810	0	
9.65302	1	5228260	5228260	0	
9.6553	1	5229254	5229254	0	
9.6553	1	5229720	5229720	0	
9.65752	1	5230698	5230698	0	
9.65752	1	5231180	5231180	0	
9.65983	1	5232142	5232142	0	
9.65983	1	5232640	5232640	0	
9.66205	1	5233586	5233586	0	
9.66205	1	5234100	5234100	0	
9.66428	1	5235030	5235030	0	
9.66428	1	5235560	5235560	0	
9.6665	1	5236474	5236474	0	
9.6665	1	5237020	5237020	0	
9.66872	1	5237918	5237918	0	
9.66872	1	5238480	5238480	0	
9.67094	1	5239362	5239362	0	
9.67094	1	5239940	5239940	0	
9.67317	1	5240806	5240806	0	
9.67317	1	5241400	5241400	0	
9.67427	1	5242250	5242250	0	
9.67427	1	5242860	5242860	0	
RESULT_ONE_PATH,0,3,5242880,8.670943561,8.674268483,5242880
DIAG_ONE_PATH,0.159367881,8.274402566,8.305154289
