elapsed_s,rx_app,packet_bytes
0.159016082,1456,1456
0.161468882,1460,4
0.161468882,2905,1445
0.165091282,2920,15
0.165091282,4354,1434
0.175091282,4380,26
0.175091282,5803,1423
0.267838163,5840,37
0.267838163,7252,1412
0.270302163,7300,48
0.270302163,8701,1401
0.272766163,8760,59
0.272766163,10150,1390
0.275230163,10220,70
0.275230163,11598,1378
0.277694163,11680,82
0.277694163,13046,1366
0.280158163,13140,94
0.280158163,14494,1354
0.287839922,14600,106
0.287839922,15942,1342
0.290304322,16060,118
0.290304322,17390,1330
0.375513204,17520,130
0.375513204,18834,1314
0.377980404,18980,146
0.377980404,20278,1298
0.380447604,20440,162
0.380447604,21722,1282
0.382914804,21900,178
0.382914804,23166,1266
0.385382004,23360,194
0.385382004,24610,1250
0.387849204,24820,210
0.387849204,26054,1234
0.390316244,26280,226
0.390316244,27498,1218
0.392780244,27740,242
0.392780244,28942,1202
0.395244244,29200,258
0.395244244,30386,1186
0.397708644,30660,274
0.397708644,31830,1170
0.400180244,32120,290
0.400180244,33274,1154
0.402644244,33580,306
0.402644244,34718,1138
0.405199444,35040,322
0.405199444,36162,1122
0.407663444,36500,338
0.407663444,37606,1106
0.410127444,37960,354
0.410127444,39050,1090
0.412591444,39420,370
0.412591444,40494,1074
0.483203445,40880,386
0.483203445,41938,1058
0.485671045,42340,402
0.485671045,43382,1042
0.488145845,43800,418
0.488145845,44826,1026
0.490613045,45260,434
0.490613045,46270,1010
0.493080245,46720,450
0.493080245,47714,994
0.495547445,48180,466
0.495547445,49158,978
0.498014485,49640,482
0.498014485,50602,962
0.500478485,51100,498
0.500478485,52046,946
0.502942485,52560,514
0.502942485,53490,930
0.505406485,54020,530
0.505406485,54934,914
0.507870485,55480,546
0.507870485,56378,898
0.510334485,56940,562
0.510334485,57822,882
0.512798885,58400,578
0.512798885,59266,866
0.515270485,59860,594
0.515270485,60710,850
0.517734485,61320,610
0.517734485,62154,834
0.520198485,62780,626
0.520198485,63598,818
0.522662485,64240,642
0.522662485,65042,802
0.525126485,65700,658
0.525126485,66486,786
0.527681685,67160,674
0.527681685,67930,770
0.530145685,68620,690
0.530145685,69374,754
0.532609685,70080,706
0.532609685,70818,738
0.535073685,71540,722
0.535073685,72262,722
0.537538085,73000,738
0.537538085,73706,706
0.540009685,74460,754
0.540009685,75150,690
0.542473685,75920,770
0.542473685,76594,674
0.544937685,77380,786
0.544937685,78038,658
0.547401685,78840,802
0.547401685,79482,642
0.549865685,80300,818
0.549865685,80926,626
0.552420885,81760,834
0.552420885,82370,610
0.554884885,83220,850
0.554884885,83814,594
0.557348885,84680,866
0.557348885,85258,578
0.559812885,86140,882
0.559812885,86702,562
0.588255282,87600,898
0.588255282,88146,546
0.590719282,89060,914
0.590719282,89590,530
0.593359926,90520,930
0.593359926,91034,514
0.595823926,91980,946
0.595823926,92478,498
0.598287926,93440,962
0.598287926,93922,482
0.600751926,94900,978
0.600751926,95366,466
0.603215926,96360,994
0.603215926,96810,450
0.605679926,97820,1010
0.605679926,98254,434
0.608235126,99280,1026
0.608235126,99698,418
0.610699526,100740,1042
0.610699526,101142,402
0.613171126,102200,1058
0.613171126,102586,386
0.615635126,103660,1074
0.615635126,104030,370
0.618099126,105120,1090
0.618099126,105474,354
0.620563126,106580,1106
0.620563126,106918,338
0.623027126,108040,1122
0.623027126,108362,322
0.625491126,109500,1138
0.625491126,109806,306
0.627955126,110960,1154
0.627955126,111250,290
0.630419126,112420,1170
0.630419126,112694,274
0.632883126,113880,1186
0.632883126,114138,258
0.635347126,115340,1202
0.635347126,115582,242
0.637910326,116800,1218
0.637910326,117026,226
0.640374326,118260,1234
0.640374326,118470,210
0.642838326,119720,1250
0.642838326,119914,194
0.645302326,121180,1266
0.645302326,121358,178
0.647766326,122640,1282
0.647766326,122802,162
0.650230326,124100,1298
0.650230326,124246,146
0.652694326,125560,1314
0.652694326,125690,130
0.655158326,127020,1330
0.655158326,127134,114
0.657622326,128480,1346
0.657622326,128578,98
0.660086326,129940,1362
0.660086326,130022,82
0.662550726,131400,1378
0.662550726,131466,66
0.665022246,132860,1394
0.665022246,132910,50
0.667575846,134320,1410
0.667575846,134354,34
0.670038246,135780,1426
0.670038246,135798,18
0.672500646,137240,1442
0.672500646,137242,2
0.674963126,138694,1452
0.677427126,138700,6
0.677427126,140139,1439
0.679891126,140160,21
0.679891126,141584,1424
0.682355126,141620,36
0.682355126,143029,1409
0.684819126,143080,51
0.684819126,144474,1394
0.687283526,144540,66
0.687283526,145918,1378
0.689755126,146000,82
0.689755126,147362,1362
0.692219126,147460,98
0.692219126,148806,1346
0.694683126,148920,114
0.694683126,150250,1330
0.697147126,150380,130
0.697147126,151694,1314
0.699611126,151840,146
0.699611126,153138,1298
0.702075126,153300,162
0.702075126,154582,1282
0.704539126,154760,178
0.704539126,156026,1266
0.707094326,156220,194
0.707094326,157470,1250
0.709558326,157680,210
0.709558326,158914,1234
0.712022726,159140,226
0.712022726,160358,1218
0.714494326,160600,242
0.714494326,161802,1202
0.716958326,162060,258
0.716958326,163246,1186
0.719422326,163520,274
0.719422326,164690,1170
0.721886326,164980,290
0.721886326,166134,1154
0.724350326,166440,306
0.724350326,167578,1138
0.726814326,167900,322
0.726814326,169022,1122
0.729278326,169360,338
0.729278326,170466,1106
0.731833526,170820,354
0.731833526,171910,1090
0.734297526,172280,370
0.734297526,173354,1074
0.736761926,173740,386
0.736761926,174798,1058
0.739233526,175200,402
0.739233526,176242,1042
0.741697526,176660,418
0.741697526,177686,1026
0.744161526,178120,434
0.744161526,179130,1010
0.746716726,179580,450
0.746716726,180574,994
0.749180726,181040,466
0.749180726,182018,978
0.751644726,182500,482
0.751644726,183462,962
0.754108726,183960,498
0.754108726,184906,946
0.756572726,185420,514
0.756572726,186350,930
0.759036726,186880,530
0.759036726,187794,914
0.761599926,188340,546
0.761599926,189238,898
0.764063926,189800,562
0.764063926,190682,882
0.766527926,191260,578
0.766527926,192126,866
0.768991926,192720,594
0.768991926,193570,850
0.771455926,194180,610
0.771455926,195014,834
0.773919926,195640,626
0.773919926,196458,818
0.776383926,197100,642
0.776383926,197902,802
0.778847926,198560,658
0.778847926,199346,786
0.781311926,200020,674
0.781311926,200790,770
0.783775926,201480,690
0.783775926,202234,754
0.786240326,202940,706
0.786240326,203678,738
0.788711926,204400,722
0.788711926,205122,722
0.791175926,205860,738
0.791175926,206566,706
0.793639926,207320,754
0.793639926,208010,690
0.796103926,208780,770
0.796103926,209454,674
0.798567926,210240,786
0.798567926,210898,658
0.801123126,211700,802
0.801123126,212342,642
0.803587126,213160,818
0.803587126,213786,626
0.806051126,214620,834
0.806051126,215230,610
0.808515126,216080,850
0.808515126,216674,594
0.810979526,217540,866
0.810979526,218118,578
0.813451126,219000,882
0.813451126,219562,562
0.815915126,220460,898
0.815915126,221006,546
0.818379126,221920,914
0.818379126,222450,530
0.820843126,223380,930
0.820843126,223894,514
0.823307126,224840,946
0.823307126,225338,498
0.825771126,226300,962
0.825771126,226782,482
0.828235126,227760,978
0.828235126,228226,466
0.830790326,229220,994
0.830790326,229670,450
0.833254326,230680,1010
0.833254326,231114,434
0.835718726,232140,1026
0.835718726,232558,418
0.838190326,233600,1042
0.838190326,234002,402
0.840654326,235060,1058
0.840654326,235446,386
0.843118326,236520,1074
0.843118326,236890,370
0.845582326,237980,1090
0.845582326,238334,354
0.848046326,239440,1106
0.848046326,239778,338
0.850510326,240900,1122
0.850510326,241222,322
0.852974326,242360,1138
0.852974326,242666,306
0.855438326,243820,1154
0.855438326,244110,290
0.857902326,245280,1170
0.857902326,245554,274
0.860366326,246740,1186
0.860366326,246998,258
0.862830726,248200,1202
0.862830726,248442,242
0.865302326,249660,1218
0.865302326,249886,226
0.867766326,251120,1234
0.867766326,251330,210
0.870321526,252580,1250
0.870321526,252774,194
0.872785526,254040,1266
0.872785526,254218,178
0.875249526,255500,1282
0.875249526,255662,162
0.877892886,256960,1298
0.877892886,257106,146
0.880296086,258420,1314
0.880296086,258550,130
0.882699286,259880,1330
0.882699286,259994,114
0.887195286,261340,1346
0.887195286,261438,98
0.891262486,262800,1362
0.891262486,262882,82
0.895395286,264260,1378
0.895395286,264326,66
0.898192086,265720,1394
0.898192086,265770,50
0.900595286,267180,1410
0.900595286,267214,34
0.902998486,268640,1426
0.902998486,268658,18
0.905889686,270100,1442
0.905889686,270102,2
0.908292886,271554,1452
0.910696086,271560,6
0.910696086,272999,1439
0.913099286,273020,21
0.913099286,274444,1424
0.915502486,274480,36
0.915502486,275889,1409
0.917905686,275940,51
0.917905686,277334,1394
0.920308886,277400,66
0.920308886,278778,1378
0.922712086,278860,82
0.922712086,280222,1362
0.925115286,280320,98
0.925115286,281666,1346
0.927518486,281780,114
0.927518486,283110,1330
0.930012886,283240,130
0.930012886,284554,1314
0.932416086,284700,146
0.932416086,285998,1298
0.934819286,286160,162
0.934819286,287442,1282
0.937222486,287620,178
0.937222486,288886,1266
0.939625686,289080,194
0.939625686,290330,1250
0.942028886,290540,210
0.942028886,291774,1234
0.944432086,292000,226
0.944432086,293218,1218
0.946835286,293460,242
0.946835286,294662,1202
0.949302486,294920,258
0.949302486,296106,1186
0.951771286,296380,274
0.951771286,297550,1170
0.954240086,297840,290
0.954240086,298994,1154
0.956708886,299300,306
0.956708886,300438,1138
0.959177686,300760,322
0.959177686,301882,1122
0.961654486,302220,338
0.961654486,303326,1106
0.964057686,303680,354
0.964057686,304770,1090
0.966460886,305140,370
0.966460886,306214,1074
0.968864086,306600,386
0.968864086,307658,1058
0.971267286,308060,402
0.971267286,309102,1042
0.973761686,309520,418
0.973761686,310546,1026
0.976164886,310980,434
0.976164886,311990,1010
0.978568086,312440,450
0.978568086,313434,994
0.980971286,313900,466
0.980971286,314878,978
0.983374486,315360,482
0.983374486,316322,962
0.985777686,316820,498
0.985777686,317766,946
0.988180886,318280,514
0.988180886,319210,930
0.990584086,319740,530
0.990584086,320654,914
0.992987286,321200,546
0.992987286,322098,898
0.995390486,322660,562
0.995390486,323542,882
0.997884886,324120,578
0.997884886,324986,866
1.000288086,325580,594
1.000288086,326430,850
1.002691286,327040,610
1.002691286,327874,834
1.005094486,328500,626
1.005094486,329318,818
1.007497686,329960,642
1.007497686,330762,802
1.009900886,331420,658
1.009900886,332206,786
1.012304086,332880,674
1.012304086,333650,770
1.014707286,334340,690
1.014707286,335094,754
1.017110486,335800,706
1.017110486,336538,738
1.019513686,337260,722
1.019513686,337982,722
1.021916886,338720,738
1.021916886,339426,706
1.024320086,340180,754
1.024320086,340870,690
1.026723286,341640,770
1.026723286,342314,674
1.029126486,343100,786
1.029126486,343758,658
1.031595286,344560,802
1.031595286,345202,642
1.034064086,346020,818
1.034064086,346646,626
1.036694486,347480,834
1.036694486,348090,610
1.039163286,348940,850
1.039163286,349534,594
1.041632086,350400,866
1.041632086,350978,578
1.044035286,351860,882
1.044035286,352422,562
1.046438486,353320,898
1.046438486,353866,546
1.048841686,354780,914
1.048841686,355310,530
1.051244886,356240,930
1.051244886,356754,514
1.053648086,357700,946
1.053648086,358198,498
1.056051286,359160,962
1.056051286,359642,482
1.058454486,360620,978
1.058454486,361086,466
1.060857686,362080,994
1.060857686,362530,450
1.063260886,363540,1010
1.063260886,363974,434
1.065760086,365000,1026
1.065760086,365418,418
1.068163286,366460,1042
1.068163286,366862,402
1.070566486,367920,1058
1.070566486,368306,386
1.072969686,369380,1074
1.072969686,369750,370
1.075372886,370840,1090
1.075372886,371194,354
1.077776086,372300,1106
1.077776086,372638,338
1.080179286,373760,1122
1.080179286,374082,322
1.082582486,375220,1138
1.082582486,375526,306
1.084985686,376680,1154
1.084985686,376970,290
1.087790486,378140,1170
1.087790486,378414,274
1.090193686,379600,1186
1.090193686,379858,258
1.092596886,381060,1202
1.092596886,381302,242
1.737798486,382520,1218
1.737798486,512718,130198
1.741131286,513920,1202
1.741131286,514162,242
1.744460886,515380,1218
1.744460886,540164,24784
2.050105686,540200,36
2.050105686,771218,231018
2.052508886,772340,1122
2.052508886,774106,1766
2.052508886,775260,1154
2.052508886,776994,1734
2.054912086,778180,1186
2.054912086,805884,27704
2.057507286,805920,36
2.057507286,898302,92382
2.107605686,899360,1058
2.107605686,902634,3274
2.115130486,903740,1106
2.115130486,904078,338
2.129825126,905200,1122
2.129825126,908410,3210
2.129825126,909580,1170
2.129825126,909854,274
2.129825126,911040,1186
2.129825126,918518,7478
2.144730886,919800,1282
2.144730886,930070,10270
2.167076006,931480,1410
2.167076006,945966,14486
2.196818486,946080,114
2.196818486,1023942,77862
2.199300966,1024920,978
2.199300966,1025386,466
2.201769766,1026380,994
2.201769766,1026830,450
2.204238566,1027840,1010
2.204238566,1028274,434
2.206707366,1029300,1026
2.206707366,1029718,418
2.209272166,1030760,1042
2.209272166,1031162,402
2.211741366,1032220,1058
2.211741366,1032606,386
2.214217766,1033680,1074
2.214217766,1034050,370
2.216686566,1035140,1090
2.216686566,1035494,354
2.219155366,1036600,1106
2.219155366,1036938,338
2.221624166,1038060,1122
2.221624166,1038382,322
2.224188966,1039520,1138
2.224188966,1039826,306
2.226753766,1040980,1154
2.226753766,1041270,290
2.229222566,1042440,1170
2.229222566,1042714,274
2.231691366,1043900,1186
2.231691366,1044158,258
2.234160566,1045360,1202
2.234160566,1045602,242
2.236636966,1046820,1218
2.236636966,1047046,226
2.239105766,1048280,1234
2.239105766,1048490,210
2.241574566,1049740,1250
2.241574566,1049934,194
2.244139366,1051200,1266
2.244139366,1051378,178
2.246608166,1052660,1282
2.246608166,1052822,162
2.249076966,1054120,1298
2.249076966,1054266,146
2.251545766,1055580,1314
2.251545766,1055710,130
2.254014566,1057040,1330
2.254014566,1057154,114
2.256483366,1058500,1346
2.256483366,1058598,98
2.258952566,1059960,1362
2.258952566,1060042,82
2.261428966,1061420,1378
2.261428966,1061486,66
2.263993686,1062880,1394
2.263993686,1062930,50
2.266460886,1064340,1410
2.266460886,1064374,34
2.268928086,1065800,1426
2.268928086,1065818,18
2.271395286,1067260,1442
2.271395286,1067262,2
2.273862566,1068714,1452
2.276331366,1068720,6
2.276331366,1070159,1439
2.278896166,1070180,21
2.278896166,1071604,1424
2.281365366,1071640,36
2.281365366,1073049,1409
2.283841766,1073100,51
2.283841766,1074494,1394
2.286310566,1074560,66
2.286310566,1075938,1378
2.288779366,1076020,82
2.288779366,1077382,1362
2.291248166,1077480,98
2.291248166,1078826,1346
2.293716966,1078940,114
2.293716966,1080270,1330
2.296185766,1080400,130
2.296185766,1081714,1314
2.298654566,1081860,146
2.298654566,1083158,1298
2.301123366,1083320,162
2.301123366,1084602,1282
2.303688166,1084780,178
2.303688166,1086046,1266
2.306157366,1086240,194
2.306157366,1087490,1250
2.308633766,1087700,210
2.308633766,1088934,1234
2.311102566,1089160,226
2.311102566,1090378,1218
2.313571366,1090620,242
2.313571366,1091822,1202
2.316136166,1092080,258
2.316136166,1093266,1186
2.318604966,1093540,274
2.318604966,1094710,1170
2.321073766,1095000,290
2.321073766,1096154,1154
2.323542566,1096460,306
2.323542566,1097598,1138
2.326011366,1097920,322
2.326011366,1099042,1122
2.328480166,1099380,338
2.328480166,1100486,1106
2.330949366,1100840,354
2.330949366,1101930,1090
2.333425766,1102300,370
2.333425766,1103374,1074
2.335990566,1103760,386
2.335990566,1104818,1058
2.338459366,1105220,402
2.338459366,1106262,1042
2.340928166,1106680,418
2.340928166,1107706,1026
2.343396966,1108140,434
2.343396966,1109150,1010
2.345865766,1109600,450
2.345865766,1110594,994
2.348334566,1111060,466
2.348334566,1112038,978
2.350803366,1112520,482
2.350803366,1113482,962
2.353272166,1113980,498
2.353272166,1114926,946
2.355844966,1115440,514
2.355844966,1116370,930
2.358313766,1116900,530
2.358313766,1117814,914
2.360782566,1118360,546
2.360782566,1119258,898
2.363347366,1119820,562
2.363347366,1120702,882
2.365816166,1121280,578
2.365816166,1122146,866
2.368284966,1122740,594
2.368284966,1123590,850
2.370753766,1124200,610
2.370753766,1125034,834
2.373222566,1125660,626
2.373222566,1126478,818
2.375691366,1127120,642
2.375691366,1127922,802
2.378160566,1128580,658
2.378160566,1129366,786
2.380636966,1130040,674
2.380636966,1130810,770
2.383201766,1131500,690
2.383201766,1132254,754
2.385670566,1132960,706
2.385670566,1133698,738
2.388139366,1134420,722
2.388139366,1135142,722
2.390608166,1135880,738
2.390608166,1136586,706
2.393172966,1137340,754
2.393172966,1138030,690
2.395641766,1138800,770
2.395641766,1139474,674
2.398110566,1140260,786
2.398110566,1140918,658
2.400579766,1141720,802
2.400579766,1142362,642
2.403056166,1143180,818
2.403056166,1143806,626
2.405524966,1144640,834
2.405524966,1145250,610
2.407993766,1146100,850
2.407993766,1146694,594
2.410462566,1147560,866
2.410462566,1148138,578
2.413027366,1149020,882
2.413027366,1149582,562
2.415496166,1150480,898
2.415496166,1151026,546
2.417964966,1151940,914
2.417964966,1152470,530
2.420433766,1153400,930
2.420433766,1153914,514
2.422902566,1154860,946
2.422902566,1155358,498
2.425371766,1156320,962
2.425371766,1156802,482
2.427944166,1157780,978
2.427944166,1158246,466
2.430412966,1159240,994
2.430412966,1159690,450
2.432881766,1160700,1010
2.432881766,1161134,434
2.435350566,1162160,1026
2.435350566,1162578,418
2.437819366,1163620,1042
2.437819366,1164022,402
2.440288166,1165080,1058
2.440288166,1165466,386
2.442756966,1166540,1074
2.442756966,1166910,370
2.445321766,1168000,1090
2.445321766,1168354,354
2.447790966,1169460,1106
2.447790966,1169798,338
2.450267366,1170920,1122
2.450267366,1171242,322
2.452736166,1172380,1138
2.452736166,1172686,306
2.455204966,1173840,1154
2.455204966,1174130,290
2.457673766,1175300,1170
2.457673766,1175574,274
2.460238566,1176760,1186
2.460238566,1177018,258
2.462707366,1178220,1202
2.462707366,1178462,242
2.465176166,1179680,1218
2.465176166,1179906,226
2.467644966,1181140,1234
2.467644966,1181350,210
2.470113766,1182600,1250
2.470113766,1182794,194
2.472686566,1184060,1266
2.472686566,1184238,178
2.475155366,1185520,1282
2.475155366,1185682,162
2.477624166,1186980,1298
2.477624166,1187126,146
2.480092966,1188440,1314
2.480092966,1188570,130
2.482561766,1189900,1330
2.482561766,1190014,114
2.485030566,1191360,1346
2.485030566,1191458,98
2.487499366,1192820,1362
2.487499366,1192902,82
2.489968166,1194280,1378
2.489968166,1194346,66
2.492532886,1195740,1394
2.492532886,1195790,50
2.495000486,1197200,1410
2.495000486,1197234,34
2.497475286,1198660,1426
2.497475286,1198678,18
2.499942486,1200120,1442
2.499942486,1200122,2
2.502409766,1201574,1452
2.504974566,1201580,6
2.504974566,1203019,1439
2.507443366,1203040,21
2.507443366,1204464,1424
2.509912166,1204500,36
2.509912166,1205909,1409
2.512380966,1205960,51
2.512380966,1207354,1394
2.514849766,1207420,66
2.514849766,1208798,1378
2.517318566,1208880,82
2.517318566,1210242,1362
2.519787766,1210340,98
2.519787766,1211686,1346
2.522264166,1211800,114
2.522264166,1213130,1330
2.524828966,1213260,130
2.524828966,1214574,1314
2.527297766,1214720,146
2.527297766,1216018,1298
2.529766566,1216180,162
2.529766566,1217462,1282
2.532235366,1217640,178
2.532235366,1218906,1266
2.534704166,1219100,194
2.534704166,1220350,1250
2.537268966,1220560,210
2.537268966,1221794,1234
2.539737766,1222020,226
2.539737766,1223238,1218
2.542206966,1223480,242
2.542206966,1224682,1202
2.544683366,1224940,258
2.544683366,1226126,1186
2.547152166,1226400,274
2.547152166,1227570,1170
2.549716966,1227860,290
2.549716966,1229014,1154
2.552185766,1229320,306
2.552185766,1230458,1138
2.554654566,1230780,322
2.554654566,1231902,1122
2.557123366,1232240,338
2.557123366,1233346,1106
2.559592166,1233700,354
2.559592166,1234790,1090
2.562060966,1235160,370
2.562060966,1236234,1074
2.564529766,1236620,386
2.564529766,1237678,1058
2.566998966,1238080,402
2.566998966,1239122,1042
2.569571366,1239540,418
2.569571366,1240566,1026
2.572040166,1241000,434
2.572040166,1242010,1010
2.574508966,1242460,450
2.574508966,1243454,994
2.576977766,1243920,466
2.576977766,1244898,978
2.579446566,1245380,482
2.579446566,1246342,962
2.582011366,1246840,498
2.582011366,1247786,946
2.584480166,1248300,514
2.584480166,1249230,930
2.586948966,1249760,530
2.586948966,1250674,914
2.589418166,1251220,546
2.589418166,1252118,898
2.591894566,1252680,562
2.591894566,1253562,882
2.594363366,1254140,578
2.594363366,1255006,866
2.596832166,1255600,594
2.596832166,1256450,850
2.599300966,1257060,610
2.599300966,1257894,834
2.601865766,1258520,626
2.601865766,1259338,818
2.604334566,1259980,642
2.604334566,1260782,802
2.606803366,1261440,658
2.606803366,1262226,786
2.609272166,1262900,674
2.609272166,1263670,770
2.611740966,1264360,690
2.611740966,1265114,754
2.614313766,1265820,706
2.614313766,1266558,738
2.616782566,1267280,722
2.616782566,1268002,722
2.619251366,1268740,738
2.619251366,1269446,706
2.621720166,1270200,754
2.621720166,1270890,690
2.624188966,1271660,770
2.624188966,1272334,674
2.626657766,1273120,786
2.626657766,1273778,658
2.629126566,1274580,802
2.629126566,1275222,642
2.631595366,1276040,818
2.631595366,1276666,626
2.634064166,1277500,834
2.634064166,1278110,610
2.636629366,1278960,850
2.636629366,1279554,594
2.639105766,1280420,866
2.639105766,1280998,578
2.641574566,1281880,882
2.641574566,1282442,562
2.644043366,1283340,898
2.644043366,1283886,546
2.646512166,1284800,914
2.646512166,1285330,530
2.649076966,1286260,930
2.649076966,1286774,514
2.651545766,1287720,946
2.651545766,1288218,498
2.654014566,1289180,962
2.654014566,1289662,482
2.656483366,1290640,978
2.656483366,1291106,466
2.658952166,1292100,994
2.658952166,1292550,450
2.661524966,1293560,1010
2.661524966,1293994,434
2.663993766,1295020,1026
2.663993766,1295438,418
2.666462566,1296480,1042
2.666462566,1296882,402
2.668931366,1297940,1058
2.668931366,1298326,386
2.671400166,1299400,1074
2.671400166,1299770,370
2.673868966,1300860,1090
2.673868966,1301214,354
2.676337766,1302320,1106
2.676337766,1302658,338
2.678806566,1303780,1122
2.678806566,1304102,322
2.681371366,1305240,1138
2.681371366,1305546,306
2.683840566,1306700,1154
2.683840566,1306990,290
2.686316966,1308160,1170
2.686316966,1308434,274
2.688785766,1309620,1186
2.688785766,1309878,258
2.691254566,1311080,1202
2.691254566,1311322,242
2.693819366,1312540,1218
2.693819366,1312766,226
2.696288166,1314000,1234
2.696288166,1314210,210
2.698756966,1315460,1250
2.698756966,1315654,194
2.701225766,1316920,1266
2.701225766,1317098,178
2.703694566,1318380,1282
2.703694566,1318542,162
2.706163366,1319840,1298
2.706163366,1319986,146
2.708632566,1321300,1314
2.708632566,1321430,130
2.711108966,1322760,1330
2.711108966,1322874,114
2.713673766,1324220,1346
2.713673766,1324318,98
2.716142566,1325680,1362
2.716142566,1325762,82
2.718611366,1327140,1378
2.718611366,1327206,66
2.721080086,1328600,1394
2.721080086,1328650,50
2.723547286,1330060,1410
2.723547286,1330094,34
2.726110486,1331520,1426
2.726110486,1331538,18
2.728577686,1332980,1442
2.728577686,1332982,2
2.731045366,1334434,1452
2.733521766,1334440,6
2.733521766,1335879,1439
2.735990566,1335900,21
2.735990566,1337324,1424
2.738459366,1337360,36
2.738459366,1338769,1409
2.740928166,1338820,51
2.740928166,1340214,1394
2.743396966,1340280,66
2.743396966,1341658,1378
2.745961766,1341740,82
2.745961766,1343102,1362
2.748430566,1343200,98
2.748430566,1344546,1346
2.750899366,1344660,114
2.750899366,1345990,1330
2.753368166,1346120,130
2.753368166,1347434,1314
2.755837366,1347580,146
2.755837366,1348878,1298
2.758409766,1349040,162
2.758409766,1350322,1282
2.760878566,1350500,178
2.760878566,1351766,1266
2.763347366,1351960,194
2.763347366,1353210,1250
2.765816166,1353420,210
2.765816166,1354654,1234
2.768284966,1354880,226
2.768284966,1356098,1218
2.770849766,1356340,242
2.770849766,1357542,1202
2.773318566,1357800,258
2.773318566,1358986,1186
2.775787366,1359260,274
2.775787366,1360430,1170
2.778256566,1360720,290
2.778256566,1361874,1154
2.780732966,1362180,306
2.780732966,1363318,1138
2.783201766,1363640,322
2.783201766,1364762,1122
2.785670566,1365100,338
2.785670566,1366206,1106
2.788139366,1366560,354
2.788139366,1367650,1090
2.790704166,1368020,370
2.790704166,1369094,1074
2.793172966,1369480,386
2.793172966,1370538,1058
2.795641766,1370940,402
2.795641766,1371982,1042
2.798110566,1372400,418
2.798110566,1373426,1026
2.800579366,1373860,434
2.800579366,1374870,1010
2.803048566,1375320,450
2.803048566,1376314,994
2.805620966,1376780,466
2.805620966,1377758,978
2.808089766,1378240,482
2.808089766,1379202,962
2.810558566,1379700,498
2.810558566,1380646,946
2.813027366,1381160,514
2.813027366,1382090,930
2.815496166,1382620,530
2.815496166,1383534,914
2.817964966,1384080,546
2.817964966,1384978,898
2.820433766,1385540,562
2.820433766,1386422,882
2.822998566,1387000,578
2.822998566,1387866,866
2.825467766,1388460,594
2.825467766,1389310,850
2.827944166,1389920,610
2.827944166,1390754,834
2.830412966,1391380,626
2.830412966,1392198,818
2.832881766,1392840,642
2.832881766,1393642,802
2.835446566,1394300,658
2.835446566,1395086,786
2.837915366,1395760,674
2.837915366,1396530,770
2.840384166,1397220,690
2.840384166,1397974,754
2.842852966,1398680,706
2.842852966,1399418,738
2.845321766,1400140,722
2.845321766,1400862,722
2.847790566,1401600,738
2.847790566,1402306,706
2.850259766,1403060,754
2.850259766,1403750,690
2.852736166,1404520,770
2.852736166,1405194,674
2.855300966,1405980,786
2.855300966,1406638,658
2.857769766,1407440,802
2.857769766,1408082,642
2.860238566,1408900,818
2.860238566,1409526,626
2.862707366,1410360,834
2.862707366,1410970,610
2.865176166,1411820,850
2.865176166,1412414,594
2.867740966,1413280,866
2.867740966,1413858,578
2.870209766,1414740,882
2.870209766,1415302,562
2.872678966,1416200,898
2.872678966,1416746,546
2.875155366,1417660,914
2.875155366,1418190,530
2.877624166,1419120,930
2.877624166,1419634,514
2.880092966,1420580,946
2.880092966,1421078,498
2.882657766,1422040,962
2.882657766,1422522,482
2.885126566,1423500,978
2.885126566,1423966,466
2.887595366,1424960,994
2.887595366,1425410,450
2.890064166,1426420,1010
2.890064166,1426854,434
2.892532966,1427880,1026
2.892532966,1428298,418
2.895001766,1429340,1042
2.895001766,1429742,402
2.897470966,1430800,1058
2.897470966,1431186,386
2.900043366,1432260,1074
2.900043366,1432630,370
2.902512166,1433720,1090
2.902512166,1434074,354
2.904980966,1435180,1106
2.904980966,1435518,338
2.907449766,1436640,1122
2.907449766,1436962,322
2.909918566,1438100,1138
2.909918566,1438406,306
2.912387366,1439560,1154
2.912387366,1439850,290
2.914952166,1441020,1170
2.914952166,1441294,274
2.917420966,1442480,1186
2.917420966,1442738,258
2.919890166,1443940,1202
2.919890166,1444182,242
2.922366566,1445400,1218
2.922366566,1445626,226
2.924835366,1446860,1234
2.924835366,1447070,210
2.927304166,1448320,1250
2.927304166,1448514,194
2.929772966,1449780,1266
2.929772966,1449958,178
2.932337766,1451240,1282
2.932337766,1451402,162
2.934806566,1452700,1298
2.934806566,1452846,146
2.937275366,1454160,1314
2.937275366,1454290,130
2.939744166,1455620,1330
2.939744166,1455734,114
2.942212966,1457080,1346
2.942212966,1457178,98
2.944785766,1458540,1362
2.944785766,1458622,82
2.947254566,1460000,1378
2.947254566,1460066,66
2.949723286,1461460,1394
2.949723286,1461510,50
2.952190486,1462920,1410
2.952190486,1462954,34
2.954657686,1464380,1426
2.954657686,1464398,18
2.957124886,1465840,1442
2.957124886,1465842,2
2.959592166,1467294,1452
2.962060966,1467300,6
2.962060966,1468739,1439
2.964625766,1468760,21
2.964625766,1470184,1424
2.967094966,1470220,36
2.967094966,1471629,1409
2.969571366,1471680,51
2.969571366,1473074,1394
2.972040166,1473140,66
2.972040166,1474518,1378
2.974508966,1474600,82
2.974508966,1475962,1362
2.977073766,1476060,98
2.977073766,1477406,1346
2.979542566,1477520,114
2.979542566,1478850,1330
2.982011366,1478980,130
2.982011366,1480294,1314
2.984480166,1480440,146
2.984480166,1481738,1298
2.986948966,1481900,162
2.986948966,1483182,1282
2.989417766,1483360,178
2.989417766,1484626,1266
2.991990566,1484820,194
2.991990566,1486070,1250
2.994459366,1486280,210
2.994459366,1487514,1234
2.996928166,1487740,226
2.996928166,1488958,1218
2.999396966,1489200,242
2.999396966,1490402,1202
3.001865766,1490660,258
3.001865766,1491846,1186
3.004334566,1492120,274
3.004334566,1493290,1170
3.006803366,1493580,290
3.006803366,1494734,1154
3.009368166,1495040,306
3.009368166,1496178,1138
3.011836966,1496500,322
3.011836966,1497622,1122
3.014306166,1497960,338
3.014306166,1499066,1106
3.016782566,1499420,354
3.016782566,1500510,1090
3.019251366,1500880,370
3.019251366,1501954,1074
3.021720166,1502340,386
3.021720166,1503398,1058
3.024284966,1503800,402
3.024284966,1504842,1042
3.026753766,1505260,418
3.026753766,1506286,1026
3.029222566,1506720,434
3.029222566,1507730,1010
3.031691366,1508180,450
3.031691366,1509174,994
3.034160166,1509640,466
3.034160166,1510618,978
3.036628966,1511100,482
3.036628966,1512062,962
3.039098166,1512560,498
3.039098166,1513506,946
3.041670566,1514020,514
3.041670566,1514950,930
3.044139366,1515480,530
3.044139366,1516394,914
3.046608166,1516940,546
3.046608166,1517838,898
3.049076966,1518400,562
3.049076966,1519282,882
3.051545766,1519860,578
3.051545766,1520726,866
3.054110566,1521320,594
3.054110566,1522170,850
3.056579366,1522780,610
3.056579366,1523614,834
3.059048166,1524240,626
3.059048166,1525058,818
3.061517366,1525700,642
3.061517366,1526502,802
3.063993766,1527160,658
3.063993766,1527946,786
3.066462566,1528620,674
3.066462566,1529390,770
3.069027366,1530080,690
3.069027366,1530834,754
3.071496166,1531540,706
3.071496166,1532278,738
3.073964966,1533000,722
3.073964966,1533722,722
3.076433766,1534460,738
3.076433766,1535166,706
3.078902566,1535920,754
3.078902566,1536610,690
3.081371366,1537380,770
3.081371366,1538054,674
3.083840166,1538840,786
3.083840166,1539498,658
3.086309366,1540300,802
3.086309366,1540942,642
3.088881766,1541760,818
3.088881766,1542386,626
3.091350566,1543220,834
3.091350566,1543830,610
3.093819366,1544680,850
3.093819366,1545274,594
3.096288166,1546140,866
3.096288166,1546718,578
3.098756966,1547600,882
3.098756966,1548162,562
3.101225766,1549060,898
3.101225766,1549606,546
3.103790566,1550520,914
3.103790566,1551050,530
3.106259366,1551980,930
3.106259366,1552494,514
3.108728566,1553440,946
3.108728566,1553938,498
3.111204966,1554900,962
3.111204966,1555382,482
3.113673766,1556360,978
3.113673766,1556826,466
3.116142566,1557820,994
3.116142566,1558270,450
3.118611366,1559280,1010
3.118611366,1559714,434
3.121176166,1560740,1026
3.121176166,1561158,418
3.123644966,1562200,1042
3.123644966,1562602,402
3.126113766,1563660,1058
3.126113766,1564046,386
3.128582566,1565120,1074
3.128582566,1565490,370
3.131051366,1566580,1090
3.131051366,1566934,354
3.133520566,1568040,1106
3.133520566,1568378,338
3.136092966,1569500,1122
3.136092966,1569822,322
3.138561766,1570960,1138
3.138561766,1571266,306
3.141030566,1572420,1154
3.141030566,1572710,290
3.143499366,1573880,1170
3.143499366,1574154,274
3.145968166,1575340,1186
3.145968166,1575598,258
3.148436966,1576800,1202
3.148436966,1577042,242
3.150905766,1578260,1218
3.150905766,1578486,226
3.153470566,1579720,1234
3.153470566,1579930,210
3.155939766,1581180,1250
3.155939766,1581374,194
3.158416166,1582640,1266
3.158416166,1582818,178
3.160884966,1584100,1282
3.160884966,1584262,162
3.163353766,1585560,1298
3.163353766,1585706,146
3.165918566,1587020,1314
3.165918566,1587150,130
3.168387366,1588480,1330
3.168387366,1588594,114
3.170856166,1589940,1346
3.170856166,1590038,98
3.173324966,1591400,1362
3.173324966,1591482,82
3.175793766,1592860,1378
3.175793766,1592926,66
3.178262486,1594320,1394
3.178262486,1594370,50
3.180833686,1595780,1410
3.180833686,1595814,34
3.183300886,1597240,1426
3.183300886,1597258,18
3.185768086,1598700,1442
3.185768086,1598702,2
3.188235366,1600154,1452
3.190704166,1600160,6
3.190704166,1601599,1439
3.193172966,1601620,21
3.193172966,1603044,1424
3.195641766,1603080,36
3.195641766,1604489,1409
3.198206566,1604540,51
3.198206566,1605934,1394
3.200675366,1606000,66
3.200675366,1607378,1378
3.203144566,1607460,82
3.203144566,1608822,1362
3.205620966,1608920,98
3.205620966,1610266,1346
3.208089766,1610380,114
3.208089766,1611710,1330
3.210558566,1611840,130
3.210558566,1613154,1314
3.213123366,1613300,146
3.213123366,1614598,1298
3.215592166,1614760,162
3.215592166,1616042,1282
3.218060966,1616220,178
3.218060966,1617486,1266
3.220529766,1617680,194
3.220529766,1618930,1250
3.222998566,1619140,210
3.222998566,1620374,1234
3.225467366,1620600,226
3.225467366,1621818,1218
3.227936566,1622060,242
3.227936566,1623262,1202
3.230508966,1623520,258
3.230508966,1624706,1186
3.232977766,1624980,274
3.232977766,1626150,1170
3.235446566,1626440,290
3.235446566,1627594,1154
3.237915366,1627900,306
3.237915366,1629038,1138
3.240384166,1629360,322
3.240384166,1630482,1122
3.242948966,1630820,338
3.242948966,1631926,1106
3.245417766,1632280,354
3.245417766,1633370,1090
3.247886566,1633740,370
3.247886566,1634814,1074
3.250355766,1635200,386
3.250355766,1636258,1058
3.252832166,1636660,402
3.252832166,1637702,1042
3.255300966,1638120,418
3.255300966,1639146,1026
3.257769766,1639580,434
3.257769766,1640590,1010
3.260238566,1641040,450
3.260238566,1642034,994
3.262803366,1642500,466
3.262803366,1643478,978
3.265272166,1643960,482
3.265272166,1644922,962
3.267740966,1645420,498
3.267740966,1646366,946
3.270209766,1646880,514
3.270209766,1647810,930
3.272678566,1648340,530
3.272678566,1649254,914
3.275251366,1649800,546
3.275251366,1650698,898
3.277720166,1651260,562
3.277720166,1652142,882
3.280188966,1652720,578
3.280188966,1653586,866
3.282657766,1654180,594
3.282657766,1655030,850
3.285126566,1655640,610
3.285126566,1656474,834
3.287595366,1657100,626
3.287595366,1657918,818
3.290160166,1658560,642
3.290160166,1659362,802
3.292628966,1660020,658
3.292628966,1660806,786
3.295097766,1661480,674
3.295097766,1662250,770
3.297566966,1662940,690
3.297566966,1663694,754
3.300043366,1664400,706
3.300043366,1665138,738
3.302512166,1665860,722
3.302512166,1666582,722
3.304980966,1667320,738
3.304980966,1668026,706
3.307545766,1668780,754
3.307545766,1669470,690
3.310014566,1670240,770
3.310014566,1670914,674
3.312483366,1671700,786
3.312483366,1672358,658
3.314952166,1673160,802
3.314952166,1673802,642
3.317420966,1674620,818
3.317420966,1675246,626
3.319889766,1676080,834
3.319889766,1676690,610
3.322462566,1677540,850
3.322462566,1678134,594
3.324931366,1679000,866
3.324931366,1679578,578
3.327400166,1680460,882
3.327400166,1681022,562
3.329868966,1681920,898
3.329868966,1682466,546
3.332337766,1683380,914
3.332337766,1683910,530
3.334806566,1684840,930
3.334806566,1685354,514
3.337275366,1686300,946
3.337275366,1686798,498
3.339840166,1687760,962
3.339840166,1688242,482
3.342308966,1689220,978
3.342308966,1689686,466
3.344778166,1690680,994
3.344778166,1691130,450
3.347254566,1692140,1010
3.347254566,1692574,434
3.349723366,1693600,1026
3.349723366,1694018,418
3.352288166,1695060,1042
3.352288166,1695462,402
3.354756966,1696520,1058
3.354756966,1696906,386
3.357225766,1697980,1074
3.357225766,1698350,370
3.359694566,1699440,1090
3.359694566,1699794,354
3.362163366,1700900,1106
3.362163366,1701238,338
3.364632166,1702360,1122
3.364632166,1702682,322
3.367100966,1703820,1138
3.367100966,1704126,306
3.369570166,1705280,1154
3.369570166,1705570,290
3.372142566,1706740,1170
3.372142566,1707014,274
3.374611366,1708200,1186
3.374611366,1708458,258
3.377080166,1709660,1202
3.377080166,1709902,242
3.379548966,1711120,1218
3.379548966,1711346,226
3.382017766,1712580,1234
3.382017766,1712790,210
3.384582566,1714040,1250
3.384582566,1714234,194
3.387051366,1715500,1266
3.387051366,1715678,178
3.389520166,1716960,1282
3.389520166,1717122,162
3.391989366,1718420,1298
3.391989366,1718566,146
3.394465766,1719880,1314
3.394465766,1720010,130
3.396934566,1721340,1330
3.396934566,1721454,114
3.399499366,1722800,1346
3.399499366,1722898,98
3.401968166,1724260,1362
3.401968166,1724342,82
3.404436966,1725720,1378
3.404436966,1725786,66
3.406905686,1727180,1394
3.406905686,1727230,50
3.409372886,1728640,1410
3.409372886,1728674,34
3.411840086,1730100,1426
3.411840086,1730118,18
3.414307286,1731560,1442
3.414307286,1731562,2
3.416878566,1733014,1452
3.419347366,1733020,6
3.419347366,1734459,1439
3.421816166,1734480,21
3.421816166,1735904,1424
3.424284966,1735940,36
3.424284966,1737349,1409
3.426753766,1737400,51
3.426753766,1738794,1394
3.429222566,1738860,66
3.429222566,1740238,1378
3.431787366,1740320,82
3.431787366,1741682,1362
3.434256166,1741780,98
3.434256166,1743126,1346
3.436724966,1743240,114
3.436724966,1744570,1330
3.439194166,1744700,130
3.439194166,1746014,1314
3.441670566,1746160,146
3.441670566,1747458,1298
3.444139366,1747620,162
3.444139366,1748902,1282
3.446608166,1749080,178
3.446608166,1750346,1266
3.449172966,1750540,194
3.449172966,1751790,1250
3.451641766,1752000,210
3.451641766,1753234,1234
3.454110566,1753460,226
3.454110566,1754678,1218
3.456579366,1754920,242
3.456579366,1756122,1202
3.459048166,1756380,258
3.459048166,1757566,1186
3.461613366,1757840,274
3.461613366,1759010,1170
3.464089766,1759300,290
3.464089766,1760454,1154
3.466558566,1760760,306
3.466558566,1761898,1138
3.469027366,1762220,322
3.469027366,1763342,1122
3.471496166,1763680,338
3.471496166,1764786,1106
3.473964966,1765140,354
3.473964966,1766230,1090
3.476529766,1766600,370
3.476529766,1767674,1074
3.478998566,1768060,386
3.478998566,1769118,1058
3.481467366,1769520,402
3.481467366,1770562,1042
3.483936166,1770980,418
3.483936166,1772006,1026
3.486405366,1772440,434
3.486405366,1773450,1010
3.488881766,1773900,450
3.488881766,1774894,994
3.491350566,1775360,466
3.491350566,1776338,978
3.493915366,1776820,482
3.493915366,1777782,962
3.496384166,1778280,498
3.496384166,1779226,946
3.498852966,1779740,514
3.498852966,1780670,930
3.501321766,1781200,530
3.501321766,1782114,914
3.503790566,1782660,546
3.503790566,1783558,898
3.506259366,1784120,562
3.506259366,1785002,882
3.508824566,1785580,578
3.508824566,1786446,866
3.511300966,1787040,594
3.511300966,1787890,850
3.513769766,1788500,610
3.513769766,1789334,834
3.516238566,1789960,626
3.516238566,1790778,818
3.518707366,1791420,642
3.518707366,1792222,802
3.521176166,1792880,658
3.521176166,1793666,786
3.523644966,1794340,674
3.523644966,1795110,770
3.526209766,1795800,690
3.526209766,1796554,754
3.528678566,1797260,706
3.528678566,1797998,738
3.531147366,1798720,722
3.531147366,1799442,722
3.533616566,1800180,738
3.533616566,1800886,706
3.536092966,1801640,754
3.536092966,1802330,690
3.538561766,1803100,770
3.538561766,1803774,674
3.541030566,1804560,786
3.541030566,1805218,658
3.543595366,1806020,802
3.543595366,1806662,642
3.546064166,1807480,818
3.546064166,1808106,626
3.548532966,1808940,834
3.548532966,1809550,610
3.551001766,1810400,850
3.551001766,1810994,594
3.553470566,1811860,866
3.553470566,1812438,578
3.555939366,1813320,882
3.555939366,1813882,562
3.558408566,1814780,898
3.558408566,1815326,546
3.560980966,1816240,914
3.560980966,1816770,530
3.563449766,1817700,930
3.563449766,1818214,514
3.565918566,1819160,946
3.565918566,1819658,498
3.568387366,1820620,962
3.568387366,1821102,482
3.570856166,1822080,978
3.570856166,1822546,466
3.573420966,1823540,994
3.573420966,1823990,450
3.575889766,1825000,1010
3.575889766,1825434,434
3.578358566,1826460,1026
3.578358566,1826878,418
3.580827766,1827920,1042
3.580827766,1828322,402
3.583304166,1829380,1058
3.583304166,1829766,386
3.585772966,1830840,1074
3.585772966,1831210,370
3.588337766,1832300,1090
3.588337766,1832654,354
3.590806566,1833760,1106
3.590806566,1834098,338
3.593275366,1835220,1122
3.593275366,1835542,322
3.595744166,1836680,1138
3.595744166,1836986,306
3.598212966,1838140,1154
3.598212966,1838430,290
3.600681766,1839600,1170
3.600681766,1839874,274
3.603150566,1841060,1186
3.603150566,1841318,258
3.605723366,1842520,1202
3.605723366,1842762,242
3.608192166,1843980,1218
3.608192166,1844206,226
3.610660966,1845440,1234
3.610660966,1845650,210
3.613129766,1846900,1250
3.613129766,1847094,194
3.615598566,1848360,1266
3.615598566,1848538,178
3.618067366,1849820,1282
3.618067366,1849982,162
3.620632166,1851280,1298
3.620632166,1851426,146
3.623100966,1852740,1314
3.623100966,1852870,130
3.625569766,1854200,1330
3.625569766,1854314,114
3.628038966,1855660,1346
3.628038966,1855758,98
3.630515366,1857120,1362
3.630515366,1857202,82
3.632984166,1858580,1378
3.632984166,1858646,66
3.635452886,1860040,1394
3.635452886,1860090,50
3.638016086,1861500,1410
3.638016086,1861534,34
3.640483286,1862960,1426
3.640483286,1862978,18
3.642950486,1864420,1442
3.642950486,1864422,2
3.645417766,1865874,1452
3.647886566,1865880,6
3.647886566,1867319,1439
3.650451766,1867340,21
3.650451766,1868764,1424
3.652928166,1868800,36
3.652928166,1870209,1409
3.655396966,1870260,51
3.655396966,1871654,1394
3.657865766,1871720,66
3.657865766,1873098,1378
3.660334566,1873180,82
3.660334566,1874542,1362
3.662803366,1874640,98
3.662803366,1875986,1346
3.665272166,1876100,114
3.665272166,1877430,1330
3.667740966,1877560,130
3.667740966,1878874,1314
3.670305766,1879020,146
3.670305766,1880318,1298
3.672774566,1880480,162
3.672774566,1881762,1282
3.675243766,1881940,178
3.675243766,1883206,1266
3.677720166,1883400,194
3.677720166,1884650,1250
3.680188966,1884860,210
3.680188966,1886094,1234
3.682753766,1886320,226
3.682753766,1887538,1218
3.685222566,1887780,242
3.685222566,1888982,1202
3.687691366,1889240,258
3.687691366,1890426,1186
3.690160166,1890700,274
3.690160166,1891870,1170
3.692628966,1892160,290
3.692628966,1893314,1154
3.695097766,1893620,306
3.695097766,1894758,1138
3.697662966,1895080,322
3.697662966,1896202,1122
3.700139366,1896540,338
3.700139366,1897646,1106
3.702608166,1898000,354
3.702608166,1899090,1090
3.705076966,1899460,370
3.705076966,1900534,1074
3.707545766,1900920,386
3.707545766,1901978,1058
3.710014566,1902380,402
3.710014566,1903422,1042
3.712483366,1903840,418
3.712483366,1904866,1026
3.714952166,1905300,434
3.714952166,1906310,1010
3.717516966,1906760,450
3.717516966,1907754,994
3.719985766,1908220,466
3.719985766,1909198,978
3.722454966,1909680,482
3.722454966,1910642,962
3.724931366,1911140,498
3.724931366,1912086,946
3.727400166,1912600,514
3.727400166,1913530,930
3.729964966,1914060,530
3.729964966,1914974,914
3.732433766,1915520,546
3.732433766,1916418,898
3.734902566,1916980,562
3.734902566,1917862,882
3.737371366,1918440,578
3.737371366,1919306,866
3.739840166,1919900,594
3.739840166,1920750,850
3.742308966,1921360,610
3.742308966,1922194,834
3.744777766,1922820,626
3.744777766,1923638,818
3.747350566,1924280,642
3.747350566,1925082,802
3.749819366,1925740,658
3.749819366,1926526,786
3.752288166,1927200,674
3.752288166,1927970,770
3.754756966,1928660,690
3.754756966,1929414,754
3.757225766,1930120,706
3.757225766,1930858,738
3.759694566,1931580,722
3.759694566,1932302,722
3.762259366,1933040,738
3.762259366,1933746,706
3.764728166,1934500,754
3.764728166,1935190,690
3.767196966,1935960,770
3.767196966,1936634,674
3.769666166,1937420,786
3.769666166,1938078,658
3.772142566,1938880,802
3.772142566,1939522,642
3.774611366,1940340,818
3.774611366,1940966,626
3.777080166,1941800,834
3.777080166,1942410,610
3.779644966,1943260,850
3.779644966,1943854,594
3.782113766,1944720,866
3.782113766,1945298,578
3.784582566,1946180,882
3.784582566,1946742,562
3.787051366,1947640,898
3.787051366,1948186,546
3.789520166,1949100,914
3.789520166,1949630,530
3.791988966,1950560,930
3.791988966,1951074,514
3.794561766,1952020,946
3.794561766,1952518,498
3.797030566,1953480,962
3.797030566,1953962,482
3.799499366,1954940,978
3.799499366,1955406,466
3.801968166,1956400,994
3.801968166,1956850,450
3.804436966,1957860,1010
3.804436966,1958294,434
3.807001766,1959320,1026
3.807001766,1959738,418
3.809470566,1960780,1042
3.809470566,1961182,402
3.811939366,1962240,1058
3.811939366,1962626,386
3.814408166,1963700,1074
3.814408166,1964070,370
3.816877366,1965160,1090
3.816877366,1965514,354
3.819353766,1966620,1106
3.819353766,1966958,338
3.821822566,1968080,1122
3.821822566,1968402,322
3.824387366,1969540,1138
3.824387366,1969846,306
3.826856166,1971000,1154
3.826856166,1971290,290
3.829324966,1972460,1170
3.829324966,1972734,274
3.831793766,1973920,1186
3.831793766,1974178,258
3.834262566,1975380,1202
3.834262566,1975622,242
3.836731366,1976840,1218
3.836731366,1977066,226
3.839296566,1978300,1234
3.839296566,1978510,210
3.841772966,1979760,1250
3.841772966,1979954,194
3.844241766,1981220,1266
3.844241766,1981398,178
3.846710566,1982680,1282
3.846710566,1982842,162
3.849179366,1984140,1298
3.849179366,1984286,146
3.851648166,1985600,1314
3.851648166,1985730,130
3.854116966,1987060,1330
3.854116966,1987174,114
3.856681766,1988520,1346
3.856681766,1988618,98
3.859150566,1989980,1362
3.859150566,1990062,82
3.861619366,1991440,1378
3.861619366,1991506,66
3.864088486,1992900,1394
3.864088486,1992950,50
3.866563286,1994360,1410
3.866563286,1994394,34
3.869030486,1995820,1426
3.869030486,1995838,18
3.871593686,1997280,1442
3.871593686,1997282,2
3.874060966,1998734,1452
3.876529766,1998740,6
3.876529766,2000179,1439
3.878998566,2000200,21
3.878998566,2001624,1424
3.881467366,2001660,36
3.881467366,2003069,1409
3.884032166,2003120,51
3.884032166,2004514,1394
3.886501366,2004580,66
3.886501366,2005958,1378
3.888977766,2006040,82
3.888977766,2007402,1362
3.891446566,2007500,98
3.891446566,2008846,1346
3.893915366,2008960,114
3.893915366,2010290,1330
3.896384166,2010420,130
3.896384166,2011734,1314
3.898852966,2011880,146
3.898852966,2013178,1298
3.901321766,2013340,162
3.901321766,2014622,1282
3.903886566,2014800,178
3.903886566,2016066,1266
3.906355366,2016260,194
3.906355366,2017510,1250
3.908824166,2017720,210
3.908824166,2018954,1234
3.911293366,2019180,226
3.911293366,2020398,1218
3.913769766,2020640,242
3.913769766,2021842,1202
3.916334566,2022100,258
3.916334566,2023286,1186
3.918803366,2023560,274
3.918803366,2024730,1170
3.921272166,2025020,290
3.921272166,2026174,1154
3.923740966,2026480,306
3.923740966,2027618,1138
3.926209766,2027940,322
3.926209766,2029062,1122
3.928678566,2029400,338
3.928678566,2030506,1106
3.931147366,2030860,354
3.931147366,2031950,1090
3.933616166,2032320,370
3.933616166,2033394,1074
3.936188966,2033780,386
3.936188966,2034838,1058
3.938657766,2035240,402
3.938657766,2036282,1042
3.941126566,2036700,418
3.941126566,2037726,1026
3.943595366,2038160,434
3.943595366,2039170,1010
3.946064166,2039620,450
3.946064166,2040614,994
3.948628966,2041080,466
3.948628966,2042058,978
3.951097766,2042540,482
3.951097766,2043502,962
3.953566566,2044000,498
3.953566566,2044946,946
3.956035366,2045460,514
3.956035366,2046390,930
3.958504566,2046920,530
3.958504566,2047834,914
3.960980966,2048380,546
3.960980966,2049278,898
3.963449766,2049840,562
3.963449766,2050722,882
3.965918566,2051300,578
3.965918566,2052166,866
3.968483366,2052760,594
3.968483366,2053610,850
3.970952166,2054220,610
3.970952166,2055054,834
3.973420966,2055680,626
3.973420966,2056498,818
3.975889766,2057140,642
3.975889766,2057942,802
3.978358566,2058600,658
3.978358566,2059386,786
3.980923766,2060060,674
3.980923766,2060830,770
3.983400166,2061520,690
3.983400166,2062274,754
3.985868966,2062980,706
3.985868966,2063718,738
3.988337766,2064440,722
3.988337766,2065162,722
3.990806566,2065900,738
3.990806566,2066606,706
3.993371366,2067360,754
3.993371366,2068050,690
3.995840166,2068820,770
3.995840166,2069494,674
3.998308966,2070280,786
3.998308966,2070938,658
4.000777766,2071740,802
4.000777766,2072382,642
4.003246566,2073200,818
4.003246566,2073826,626
4.005715766,2074660,834
4.005715766,2075270,610
4.008192166,2076120,850
4.008192166,2076714,594
4.010660966,2077580,866
4.010660966,2078158,578
4.013129766,2079040,882
4.013129766,2079602,562
4.015694566,2080500,898
4.015694566,2081046,546
4.018163366,2081960,914
4.018163366,2082490,530
4.020632166,2083420,930
4.020632166,2083934,514
4.023100966,2084880,946
4.023100966,2085378,498
4.025569766,2086340,962
4.025569766,2086822,482
4.028134966,2087800,978
4.028134966,2088266,466
4.030611366,2089260,994
4.030611366,2089710,450
4.033080166,2090720,1010
4.033080166,2091154,434
4.035548966,2092180,1026
4.035548966,2092598,418
4.038017766,2093640,1042
4.038017766,2094042,402
4.040486566,2095100,1058
4.040486566,2095486,386
4.042955366,2096560,1074
4.042955366,2096930,370
4.045424166,2098020,1090
4.045424166,2098374,354
4.047988966,2099480,1106
4.047988966,2099818,338
4.050457766,2100940,1122
4.050457766,2101262,322
4.052926966,2102400,1138
4.052926966,2102706,306
4.055403366,2103860,1154
4.055403366,2104150,290
4.057872166,2105320,1170
4.057872166,2105594,274
4.060436966,2106780,1186
4.060436966,2107038,258
4.062905766,2108240,1202
4.062905766,2108482,242
4.065374566,2109700,1218
4.065374566,2109926,226
4.067843366,2111160,1234
4.067843366,2111370,210
4.070312166,2112620,1250
4.070312166,2112814,194
4.072780966,2114080,1266
4.072780966,2114258,178
4.075249766,2115540,1282
4.075249766,2115702,162
4.077718966,2117000,1298
4.077718966,2117146,146
4.080291366,2118460,1314
4.080291366,2118590,130
4.082760166,2119920,1330
4.082760166,2120034,114
4.085228966,2121380,1346
4.085228966,2121478,98
4.087697766,2122840,1362
4.087697766,2122922,82
4.090166566,2124300,1378
4.090166566,2124366,66
4.092731286,2125760,1394
4.092731286,2125810,50
4.095198486,2127220,1410
4.095198486,2127254,34
4.097665686,2128680,1426
4.097665686,2128698,18
4.100133286,2130140,1442
4.100133286,2130142,2
4.102608166,2131594,1452
4.105172966,2131600,6
4.105172966,2133039,1439
4.107641766,2133060,21
4.107641766,2134484,1424
4.110110566,2134520,36
4.110110566,2135929,1409
4.112579366,2135980,51
4.112579366,2137374,1394
4.115048166,2137440,66
4.115048166,2138818,1378
4.117516966,2138900,82
4.117516966,2140262,1362
4.119985766,2140360,98
4.119985766,2141706,1346
4.122454566,2141820,114
4.122454566,2143150,1330
4.125027366,2143280,130
4.125027366,2144594,1314
4.127496166,2144740,146
4.127496166,2146038,1298
4.129964966,2146200,162
4.129964966,2147482,1282
4.132433766,2147660,178
4.132433766,2148926,1266
4.134902566,2149120,194
4.134902566,2150370,1250
4.137467366,2150580,210
4.137467366,2151814,1234
4.139936166,2152040,226
4.139936166,2153258,1218
4.142404966,2153500,242
4.142404966,2154702,1202
4.144873766,2154960,258
4.144873766,2156146,1186
4.147342966,2156420,274
4.147342966,2157590,1170
4.149819366,2157880,290
4.149819366,2159034,1154
4.152288166,2159340,306
4.152288166,2160478,1138
4.154756966,2160800,322
4.154756966,2161922,1122
4.157321766,2162260,338
4.157321766,2163366,1106
4.159790566,2163720,354
4.159790566,2164810,1090
4.162259366,2165180,370
4.162259366,2166254,1074
4.164728166,2166640,386
4.164728166,2167698,1058
4.167196966,2168100,402
4.167196966,2169142,1042
4.169762166,2169560,418
4.169762166,2170586,1026
4.172238566,2171020,434
4.172238566,2172030,1010
4.174707366,2172480,450
4.174707366,2173474,994
4.177176166,2173940,466
4.177176166,2174918,978
4.179644966,2175400,482
4.179644966,2176362,962
4.182209766,2176860,498
4.182209766,2177806,946
4.184678566,2178320,514
4.184678566,2179250,930
4.187147366,2179780,530
4.187147366,2180694,914
4.189616166,2181240,546
4.189616166,2182138,898
4.192084966,2182700,562
4.192084966,2183582,882
4.194554166,2184160,578
4.194554166,2185026,866
4.197030566,2185620,594
4.197030566,2186470,850
4.199499366,2187080,610
4.199499366,2187914,834
4.202064166,2188540,626
4.202064166,2189358,818
4.204532966,2190000,642
4.204532966,2190802,802
4.207001766,2191460,658
4.207001766,2192246,786
4.209470566,2192920,674
4.209470566,2193690,770
4.211939366,2194380,690
4.211939366,2195134,754
4.214504166,2195840,706
4.214504166,2196578,738
4.216973366,2197300,722
4.216973366,2198022,722
4.219449766,2198760,738
4.219449766,2199466,706
4.221918566,2200220,754
4.221918566,2200910,690
4.224387366,2201680,770
4.224387366,2202354,674
4.226856166,2203140,786
4.226856166,2203798,658
4.229324966,2204600,802
4.229324966,2205242,642
4.231793766,2206060,818
4.231793766,2206686,626
4.234358566,2207520,834
4.234358566,2208130,610
4.236827366,2208980,850
4.236827366,2209574,594
4.239296166,2210440,866
4.239296166,2211018,578
4.241765366,2211900,882
4.241765366,2212462,562
4.244241766,2213360,898
4.244241766,2213906,546
4.246806566,2214820,914
4.246806566,2215350,530
4.249275366,2216280,930
4.249275366,2216794,514
4.251744166,2217740,946
4.251744166,2218238,498
4.254212966,2219200,962
4.254212966,2219682,482
4.256681766,2220660,978
4.256681766,2221126,466
4.259150566,2222120,994
4.259150566,2222570,450
4.261619366,2223580,1010
4.261619366,2224014,434
4.264088166,2225040,1026
4.264088166,2225458,418
4.266660966,2226500,1042
4.266660966,2226902,402
4.269129766,2227960,1058
4.269129766,2228346,386
4.271598566,2229420,1074
4.271598566,2229790,370
4.274067366,2230880,1090
4.274067366,2231234,354
4.276536166,2232340,1106
4.276536166,2232678,338
4.279100966,2233800,1122
4.279100966,2234122,322
4.281569766,2235260,1138
4.281569766,2235566,306
4.284038566,2236720,1154
4.284038566,2237010,290
4.286507366,2238180,1170
4.286507366,2238454,274
4.288976566,2239640,1186
4.288976566,2239898,258
4.291548966,2241100,1202
4.291548966,2241342,242
4.294017766,2242560,1218
4.294017766,2242786,226
4.296486566,2244020,1234
4.296486566,2244230,210
4.298955366,2245480,1250
4.298955366,2245674,194
4.301424166,2246940,1266
4.301424166,2247118,178
4.303892966,2248400,1282
4.303892966,2248562,162
4.306361766,2249860,1298
4.306361766,2250006,146
4.308830566,2251320,1314
4.308830566,2251450,130
4.311395766,2252780,1330
4.311395766,2252894,114
4.313872166,2254240,1346
4.313872166,2254338,98
4.316340966,2255700,1362
4.316340966,2255782,82
4.318809766,2257160,1378
4.318809766,2257226,66
4.321278486,2258620,1394
4.321278486,2258670,50
4.323841686,2260080,1410
4.323841686,2260114,34
4.326308886,2261540,1426
4.326308886,2261558,18
4.328776086,2263000,1442
4.328776086,2263002,2
4.331243366,2264454,1452
4.333712166,2264460,6
4.333712166,2265899,1439
4.336181366,2265920,21
4.336181366,2267344,1424
4.338657766,2267380,36
4.338657766,2268789,1409
4.341126566,2268840,51
4.341126566,2270234,1394
4.343691366,2270300,66
4.343691366,2271678,1378
4.346160166,2271760,82
4.346160166,2273122,1362
4.348628966,2273220,98
4.348628966,2274566,1346
4.351097766,2274680,114
4.351097766,2276010,1330
4.353566566,2276140,130
4.353566566,2277454,1314
4.356131366,2277600,146
4.356131366,2278898,1298
4.358600566,2279060,162
4.358600566,2280342,1282
4.361076966,2280520,178
4.361076966,2281786,1266
4.363545766,2281980,194
4.363545766,2283230,1250
4.366014566,2283440,210
4.366014566,2284674,1234
4.368483366,2284900,226
4.368483366,2286118,1218
4.370952166,2286360,242
4.370952166,2287562,1202
4.373420966,2287820,258
4.373420966,2289006,1186
4.375985766,2289280,274
4.375985766,2290450,1170
4.378454566,2290740,290
4.378454566,2291894,1154
4.380923366,2292200,306
4.380923366,2293338,1138
4.383392566,2293660,322
4.383392566,2294782,1122
4.385868966,2295120,338
4.385868966,2296226,1106
4.388433766,2296580,354
4.388433766,2297670,1090
4.390902566,2298040,370
4.390902566,2299114,1074
4.393371366,2299500,386
4.393371366,2300558,1058
4.395840166,2300960,402
4.395840166,2302002,1042
4.398308966,2302420,418
4.398308966,2303446,1026
4.400873766,2303880,434
4.400873766,2304890,1010
4.403342566,2305340,450
4.403342566,2306334,994
4.405811766,2306800,466
4.405811766,2307778,978
4.408288166,2308260,482
4.408288166,2309222,962
4.410756966,2309720,498
4.410756966,2310666,946
4.413225766,2311180,514
4.413225766,2312110,930
4.415694566,2312640,530
4.415694566,2313554,914
4.418163366,2314100,546
4.418163366,2314998,898
4.420728166,2315560,562
4.420728166,2316442,882
4.423196966,2317020,578
4.423196966,2317886,866
4.425665766,2318480,594
4.425665766,2319330,850
4.428134566,2319940,610
4.428134566,2320774,834
4.430603766,2321400,626
4.430603766,2322218,818
4.433176166,2322860,642
4.433176166,2323662,802
4.435644966,2324320,658
4.435644966,2325106,786
4.438113766,2325780,674
4.438113766,2326550,770
4.440582566,2327240,690
4.440582566,2327994,754
4.443051366,2328700,706
4.443051366,2329438,738
4.445520166,2330160,722
4.445520166,2330882,722
4.447988966,2331620,738
4.447988966,2332326,706
4.450457766,2333080,754
4.450457766,2333770,690
4.453022966,2334540,770
4.453022966,2335214,674
4.455499366,2336000,786
4.455499366,2336658,658
4.457968166,2337460,802
4.457968166,2338102,642
4.460436966,2338920,818
4.460436966,2339546,626
4.462905766,2340380,834
4.462905766,2340990,610
4.465470566,2341840,850
4.465470566,2342434,594
4.467939366,2343300,866
4.467939366,2343878,578
4.470408166,2344760,882
4.470408166,2345322,562
4.472876966,2346220,898
4.472876966,2346766,546
4.475345766,2347680,914
4.475345766,2348210,530
4.477814966,2349140,930
4.477814966,2349654,514
4.480291366,2350600,946
4.480291366,2351098,498
4.482760166,2352060,962
4.482760166,2352542,482
4.485324966,2353520,978
4.485324966,2353986,466
4.487793766,2354980,994
4.487793766,2355430,450
4.490262566,2356440,1010
4.490262566,2356874,434
4.492731366,2357900,1026
4.492731366,2358318,418
4.495200166,2359360,1042
4.495200166,2359762,402
4.497668966,2360820,1058
4.497668966,2361206,386
4.500234166,2362280,1074
4.500234166,2362650,370
4.502710566,2363740,1090
4.502710566,2364094,354
4.505179366,2365200,1106
4.505179366,2365538,338
4.507648166,2366660,1122
4.507648166,2366982,322
4.510116966,2368120,1138
4.510116966,2368426,306
4.512681766,2369580,1154
4.512681766,2369870,290
4.515150566,2371040,1170
4.515150566,2371314,274
4.517619366,2372500,1186
4.517619366,2372758,258
4.520088166,2373960,1202
4.520088166,2374202,242
4.522556966,2375420,1218
4.522556966,2375646,226
4.525026166,2376880,1234
4.525026166,2377090,210
4.527502566,2378340,1250
4.527502566,2378534,194
4.529971366,2379800,1266
4.529971366,2379978,178
4.532536166,2381260,1282
4.532536166,2381422,162
4.535004966,2382720,1298
4.535004966,2382866,146
4.537473766,2384180,1314
4.537473766,2384310,130
4.539942566,2385640,1330
4.539942566,2385754,114
4.542411366,2387100,1346
4.542411366,2387198,98
4.544976166,2388560,1362
4.544976166,2388642,82
4.547445366,2390020,1378
4.547445366,2390086,66
4.549921686,2391480,1394
4.549921686,2391530,50
4.552388886,2392940,1410
4.552388886,2392974,34
4.554856086,2394400,1426
4.554856086,2394418,18
4.557323286,2395860,1442
4.557323286,2395862,2
4.559790566,2397314,1452
4.562259366,2397320,6
4.562259366,2398759,1439
4.564824166,2398780,21
4.564824166,2400204,1424
4.567292966,2400240,36
4.567292966,2401649,1409
4.569761766,2401700,51
4.569761766,2403094,1394
4.572230966,2403160,66
4.572230966,2404538,1378
4.574707366,2404620,82
4.574707366,2405982,1362
4.577272166,2406080,98
4.577272166,2407426,1346
4.579740966,2407540,114
4.579740966,2408870,1330
4.582209766,2409000,130
4.582209766,2410314,1314
4.584678566,2410460,146
4.584678566,2411758,1298
4.587147366,2411920,162
4.587147366,2413202,1282
4.589616166,2413380,178
4.589616166,2414646,1266
4.592084966,2414840,194
4.592084966,2416090,1250
4.594553766,2416300,210
4.594553766,2417534,1234
4.597126566,2417760,226
4.597126566,2418978,1218
4.599595366,2419220,242
4.599595366,2420422,1202
4.602064166,2420680,258
4.602064166,2421866,1186
4.604532966,2422140,274
4.604532966,2423310,1170
4.607001766,2423600,290
4.607001766,2424754,1154
4.609566566,2425060,306
4.609566566,2426198,1138
4.612035366,2426520,322
4.612035366,2427642,1122
4.614504166,2427980,338
4.614504166,2429086,1106
4.616972966,2429440,354
4.616972966,2430530,1090
4.619442166,2430900,370
4.619442166,2431974,1074
4.622014566,2432360,386
4.622014566,2433418,1058
4.624483366,2433820,402
4.624483366,2434862,1042
4.626952166,2435280,418
4.626952166,2436306,1026
4.629420966,2436740,434
4.629420966,2437750,1010
4.631889766,2438200,450
4.631889766,2439194,994
4.634358566,2439660,466
4.634358566,2440638,978
4.636827366,2441120,482
4.636827366,2442082,962
4.639296166,2442580,498
4.639296166,2443526,946
4.641861366,2444040,514
4.641861366,2444970,930
4.644337766,2445500,530
4.644337766,2446414,914
4.646806566,2446960,546
4.646806566,2447858,898
4.649275366,2448420,562
4.649275366,2449302,882
4.651744166,2449880,578
4.651744166,2450746,866
4.654308966,2451340,594
4.654308966,2452190,850
4.656777766,2452800,610
4.656777766,2453634,834
4.659246566,2454260,626
4.659246566,2455078,818
4.661715366,2455720,642
4.661715366,2456522,802
4.664184166,2457180,658
4.664184166,2457966,786
4.666653366,2458640,674
4.666653366,2459410,770
4.669129766,2460100,690
4.669129766,2460854,754
4.671598566,2461560,706
4.671598566,2462298,738
4.674163366,2463020,722
4.674163366,2463742,722
4.676632166,2464480,738
4.676632166,2465186,706
4.679100966,2465940,754
4.679100966,2466630,690
4.681569766,2467400,770
4.681569766,2468074,674
4.684038566,2468860,786
4.684038566,2469518,658
4.686603366,2470320,802
4.686603366,2470962,642
4.689072566,2471780,818
4.689072566,2472406,626
4.691548966,2473240,834
4.691548966,2473850,610
4.694017766,2474700,850
4.694017766,2475294,594
4.696486566,2476160,866
4.696486566,2476738,578
4.699051366,2477620,882
4.699051366,2478182,562
4.701520166,2479080,898
4.701520166,2479626,546
4.703988966,2480540,914
4.703988966,2481070,530
4.706457766,2482000,930
4.706457766,2482514,514
4.708926566,2483460,946
4.708926566,2483958,498
4.711395366,2484920,962
4.711395366,2485402,482
4.713864566,2486380,978
4.713864566,2486846,466
4.716340966,2487840,994
4.716340966,2488290,450
4.718905766,2489300,1010
4.718905766,2489734,434
4.721374566,2490760,1026
4.721374566,2491178,418
4.723843366,2492220,1042
4.723843366,2492622,402
4.726312166,2493680,1058
4.726312166,2494066,386
4.728780966,2495140,1074
4.728780966,2495510,370
4.731345766,2496600,1090
4.731345766,2496954,354
4.733814566,2498060,1106
4.733814566,2498398,338
4.736283766,2499520,1122
4.736283766,2499842,322
4.738760166,2500980,1138
4.738760166,2501286,306
4.741228966,2502440,1154
4.741228966,2502730,290
4.743697766,2503900,1170
4.743697766,2504174,274
4.746166566,2505360,1186
4.746166566,2505618,258
4.748635366,2506820,1202
4.748635366,2507062,242
4.751200166,2508280,1218
4.751200166,2508506,226
4.753668966,2509740,1234
4.753668966,2509950,210
4.756137766,2511200,1250
4.756137766,2511394,194
4.758606566,2512660,1266
4.758606566,2512838,178
4.761075766,2514120,1282
4.761075766,2514282,162
4.763648166,2515580,1298
4.763648166,2515726,146
4.766116966,2517040,1314
4.766116966,2517170,130
4.768585766,2518500,1330
4.768585766,2518614,114
4.771054566,2519960,1346
4.771054566,2520058,98
4.773523366,2521420,1362
4.773523366,2521502,82
4.775992166,2522880,1378
4.775992166,2522946,66
4.778460886,2524340,1394
4.778460886,2524390,50
4.780928086,2525800,1410
4.780928086,2525834,34
4.783491686,2527260,1426
4.783491686,2527278,18
4.785966486,2528720,1442
4.785966486,2528722,2
4.788433766,2530174,1452
4.790902566,2530180,6
4.790902566,2531619,1439
4.793371366,2531640,21
4.793371366,2533064,1424
4.795936166,2533100,36
4.795936166,2534509,1409
4.798404966,2534560,51
4.798404966,2535954,1394
4.800873766,2536020,66
4.800873766,2537398,1378
4.803342566,2537480,82
4.803342566,2538842,1362
4.805811366,2538940,98
4.805811366,2540286,1346
4.808384166,2540400,114
4.808384166,2541730,1330
4.810852966,2541860,130
4.810852966,2543174,1314
4.813321766,2543320,146
4.813321766,2544618,1298
4.815790566,2544780,162
4.815790566,2546062,1282
4.818259366,2546240,178
4.818259366,2547506,1266
4.820728166,2547700,194
4.820728166,2548950,1250
4.823196966,2549160,210
4.823196966,2550394,1234
4.825665766,2550620,226
4.825665766,2551838,1218
4.828230566,2552080,242
4.828230566,2553282,1202
4.830699766,2553540,258
4.830699766,2554726,1186
4.833176166,2555000,274
4.833176166,2556170,1170
4.835644966,2556460,290
4.835644966,2557614,1154
4.838113766,2557920,306
4.838113766,2559058,1138
4.840678566,2559380,322
4.840678566,2560502,1122
4.843147366,2560840,338
4.843147366,2561946,1106
4.845616166,2562300,354
4.845616166,2563390,1090
4.848084966,2563760,370
4.848084966,2564834,1074
4.850553766,2565220,386
4.850553766,2566278,1058
4.853022566,2566680,402
4.853022566,2567722,1042
4.855491766,2568140,418
4.855491766,2569166,1026
4.857968166,2569600,434
4.857968166,2570610,1010
4.860532966,2571060,450
4.860532966,2572054,994
4.863001766,2572520,466
4.863001766,2573498,978
4.865470566,2573980,482
4.865470566,2574942,962
4.867939366,2575440,498
4.867939366,2576386,946
4.870408166,2576900,514
4.870408166,2577830,930
4.872972966,2578360,530
4.872972966,2579274,914
4.875441766,2579820,546
4.875441766,2580718,898
4.877910966,2581280,562
4.877910966,2582162,882
4.880387366,2582740,578
4.880387366,2583606,866
4.882856166,2584200,594
4.882856166,2585050,850
4.885324966,2585660,610
4.885324966,2586494,834
4.887793766,2587120,626
4.887793766,2587938,818
4.890262566,2588580,642
4.890262566,2589382,802
4.892827366,2590040,658
4.892827366,2590826,786
4.895296166,2591500,674
4.895296166,2592270,770
4.897764966,2592960,690
4.897764966,2593714,754
4.900233766,2594420,706
4.900233766,2595158,738
4.902702966,2595880,722
4.902702966,2596602,722
4.905275366,2597340,738
4.905275366,2598046,706
4.907744166,2598800,754
4.907744166,2599490,690
4.910212966,2600260,770
4.910212966,2600934,674
4.912681766,2601720,786
4.912681766,2602378,658
4.915150566,2603180,802
4.915150566,2603822,642
4.917715366,2604640,818
4.917715366,2605266,626
4.920184166,2606100,834
4.920184166,2606710,610
4.922652966,2607560,850
4.922652966,2608154,594
4.925122166,2609020,866
4.925122166,2609598,578
4.927598566,2610480,882
4.927598566,2611042,562
4.930067366,2611940,898
4.930067366,2612486,546
4.932536166,2613400,914
4.932536166,2613930,530
4.935004966,2614860,930
4.935004966,2615374,514
4.937569766,2616320,946
4.937569766,2616818,498
4.940038566,2617780,962
4.940038566,2618262,482
4.942507366,2619240,978
4.942507366,2619706,466
4.944976166,2620700,994
4.944976166,2621150,450
4.947444966,2622160,1010
4.947444966,2622594,434
4.950017766,2623620,1026
4.950017766,2624038,418
4.952486566,2625080,1042
4.952486566,2625482,402
4.954955366,2626540,1058
4.954955366,2626926,386
4.957424166,2628000,1074
4.957424166,2628370,370
4.959892966,2629460,1090
4.959892966,2629814,354
4.962361766,2630920,1106
4.962361766,2631258,338
4.964830566,2632380,1122
4.964830566,2632702,322
4.967299366,2633840,1138
4.967299366,2634146,306
4.969768166,2635300,1154
4.969768166,2635590,290
4.972333366,2636760,1170
4.972333366,2637034,274
4.974809766,2638220,1186
4.974809766,2638478,258
4.977278566,2639680,1202
4.977278566,2639922,242
4.979747366,2641140,1218
4.979747366,2641366,226
4.982216166,2642600,1234
4.982216166,2642810,210
4.984780966,2644060,1250
4.984780966,2644254,194
4.987249766,2645520,1266
4.987249766,2645698,178
4.989718566,2646980,1282
4.989718566,2647142,162
4.992187366,2648440,1298
4.992187366,2648586,146
4.994656166,2649900,1314
4.994656166,2650030,130
4.997125366,2651360,1330
4.997125366,2651474,114
4.999601766,2652820,1346
4.999601766,2652918,98
5.002070566,2654280,1362
5.002070566,2654362,82
5.004635366,2655740,1378
5.004635366,2655806,66
5.007104086,2657200,1394
5.007104086,2657250,50
5.009571286,2658660,1410
5.009571286,2658694,34
5.012038486,2660120,1426
5.012038486,2660138,18
5.014505686,2661580,1442
5.014505686,2661582,2
5.017068966,2663034,1452
5.019538166,2663040,6
5.019538166,2664479,1439
5.022014566,2664500,21
5.022014566,2665924,1424
5.024483366,2665960,36
5.024483366,2667369,1409
5.026952166,2667420,51
5.026952166,2668814,1394
5.029516966,2668880,66
5.029516966,2670258,1378
5.031985766,2670340,82
5.031985766,2671702,1362
5.034454566,2671800,98
5.034454566,2673146,1346
5.036923366,2673260,114
5.036923366,2674590,1330
5.039392166,2674720,130
5.039392166,2676034,1314
5.041860966,2676180,146
5.041860966,2677478,1298
5.044330166,2677640,162
5.044330166,2678922,1282
5.046806566,2679100,178
5.046806566,2680366,1266
5.049371366,2680560,194
5.049371366,2681810,1250
5.051840166,2682020,210
5.051840166,2683254,1234
5.054308966,2683480,226
5.054308966,2684698,1218
5.056777766,2684940,242
5.056777766,2686142,1202
5.059246566,2686400,258
5.059246566,2687586,1186
5.061811366,2687860,274
5.061811366,2689030,1170
5.064280166,2689320,290
5.064280166,2690474,1154
5.066749366,2690780,306
5.066749366,2691918,1138
5.069225766,2692240,322
5.069225766,2693362,1122
5.071694566,2693700,338
5.071694566,2694806,1106
5.074163366,2695160,354
5.074163366,2696250,1090
5.076632166,2696620,370
5.076632166,2697694,1074
5.079100966,2698080,386
5.079100966,2699138,1058
5.081665766,2699540,402
5.081665766,2700582,1042
5.084134566,2701000,418
5.084134566,2702026,1026
5.086603366,2702460,434
5.086603366,2703470,1010
5.089072166,2703920,450
5.089072166,2704914,994
5.091541366,2705380,466
5.091541366,2706358,978
5.094113766,2706840,482
5.094113766,2707802,962
5.096582566,2708300,498
5.096582566,2709246,946
5.099051366,2709760,514
5.099051366,2710690,930
5.101520166,2711220,530
5.101520166,2712134,914
5.103988966,2712680,546
5.103988966,2713578,898
5.106553766,2714140,562
5.106553766,2715022,882
5.109022566,2715600,578
5.109022566,2716466,866
5.111491366,2717060,594
5.111491366,2717910,850
5.113960566,2718520,610
5.113960566,2719354,834
5.116436966,2719980,626
5.116436966,2720798,818
5.118905766,2721440,642
5.118905766,2722242,802
5.121374566,2722900,658
5.121374566,2723686,786
5.123843366,2724360,674
5.123843366,2725130,770
5.126408166,2725820,690
5.126408166,2726574,754
5.128876966,2727280,706
5.128876966,2728018,738
5.131345766,2728740,722
5.131345766,2729462,722
5.133814566,2730200,738
5.133814566,2730906,706
5.136283366,2731660,754
5.136283366,2732350,690
5.138856166,2733120,770
5.138856166,2733794,674
5.141324966,2734580,786
5.141324966,2735238,658
5.143793766,2736040,802
5.143793766,2736682,642
5.146262566,2737500,818
5.146262566,2738126,626
5.148731366,2738960,834
5.148731366,2739570,610
5.151200166,2740420,850
5.151200166,2741014,594
5.153668966,2741880,866
5.153668966,2742458,578
5.156137766,2743340,882
5.156137766,2743902,562
5.158702566,2744800,898
5.158702566,2745346,546
5.161171766,2746260,914
5.161171766,2746790,530
5.163648166,2747720,930
5.163648166,2748234,514
5.166116966,2749180,946
5.166116966,2749678,498
5.168585766,2750640,962
5.168585766,2751122,482
5.171150566,2752100,978
5.171150566,2752566,466
5.173619366,2753560,994
5.173619366,2754010,450
5.176088166,2755020,1010
5.176088166,2755454,434
5.178556966,2756480,1026
5.178556966,2756898,418
5.181025766,2757940,1042
5.181025766,2758342,402
5.183494566,2759400,1058
5.183494566,2759786,386
5.185963766,2760860,1074
5.185963766,2761230,370
5.188440166,2762320,1090
5.188440166,2762674,354
5.191004966,2763780,1106
5.191004966,2764118,338
5.193473766,2765240,1122
5.193473766,2765562,322
5.195942566,2766700,1138
5.195942566,2767006,306
5.198411366,2768160,1154
5.198411366,2768450,290
5.200880166,2769620,1170
5.200880166,2769894,274
5.203444966,2771080,1186
5.203444966,2771338,258
5.205913766,2772540,1202
5.205913766,2772782,242
5.208382966,2774000,1218
5.208382966,2774226,226
5.210859366,2775460,1234
5.210859366,2775670,210
5.213328166,2776920,1250
5.213328166,2777114,194
5.215892966,2778380,1266
5.215892966,2778558,178
5.218361766,2779840,1282
5.218361766,2780002,162
5.220830566,2781300,1298
5.220830566,2781446,146
5.223299366,2782760,1314
5.223299366,2782890,130
5.225768166,2784220,1330
5.225768166,2784334,114
5.228236966,2785680,1346
5.228236966,2785778,98
5.230705766,2787140,1362
5.230705766,2787222,82
5.233174966,2788600,1378
5.233174966,2788666,66
5.235747286,2790060,1394
5.235747286,2790110,50
5.238214486,2791520,1410
5.238214486,2791554,34
5.240681686,2792980,1426
5.240681686,2792998,18
5.243148886,2794440,1442
5.243148886,2794442,2
5.245616166,2795894,1452
5.248180966,2795900,6
5.248180966,2797339,1439
5.250649766,2797360,21
5.250649766,2798784,1424
5.253118566,2798820,36
5.253118566,2800229,1409
5.255587766,2800280,51
5.255587766,2801674,1394
5.258064166,2801740,66
5.258064166,2803118,1378
5.260532966,2803200,82
5.260532966,2804562,1362
5.263001766,2804660,98
5.263001766,2806006,1346
5.265470566,2806120,114
5.265470566,2807450,1330
5.268035366,2807580,130
5.268035366,2808894,1314
5.270504166,2809040,146
5.270504166,2810338,1298
5.272972966,2810500,162
5.272972966,2811782,1282
5.275441766,2811960,178
5.275441766,2813226,1266
5.277910566,2813420,194
5.277910566,2814670,1250
5.280483366,2814880,210
5.280483366,2816114,1234
5.282952166,2816340,226
5.282952166,2817558,1218
5.285420966,2817800,242
5.285420966,2819002,1202
5.287889766,2819260,258
5.287889766,2820446,1186
5.290358566,2820720,274
5.290358566,2821890,1170
5.292827366,2822180,290
5.292827366,2823334,1154
5.295296166,2823640,306
5.295296166,2824778,1138
5.297764966,2825100,322
5.297764966,2826222,1122
5.300329766,2826560,338
5.300329766,2827666,1106
5.302798966,2828020,354
5.302798966,2829110,1090
5.305275366,2829480,370
5.305275366,2830554,1074
5.307744166,2830940,386
5.307744166,2831998,1058
5.310212966,2832400,402
5.310212966,2833442,1042
5.312777766,2833860,418
5.312777766,2834886,1026
5.315246566,2835320,434
5.315246566,2836330,1010
5.317715366,2836780,450
5.317715366,2837774,994
5.320184166,2838240,466
5.320184166,2839218,978
5.322652966,2839700,482
5.322652966,2840662,962
5.325218166,2841160,498
5.325218166,2842106,946
5.327694566,2842620,514
5.327694566,2843550,930
5.330163366,2844080,530
5.330163366,2844994,914
5.332632166,2845540,546
5.332632166,2846438,898
5.335100966,2847000,562
5.335100966,2847882,882
5.337569766,2848460,578
5.337569766,2849326,866
5.340038566,2849920,594
5.340038566,2850770,850
5.342507366,2851380,610
5.342507366,2852214,834
5.345072166,2852840,626
5.345072166,2853658,818
5.347540966,2854300,642
5.347540966,2855102,802
5.350010166,2855760,658
5.350010166,2856546,786
5.352486566,2857220,674
5.352486566,2857990,770
5.354955366,2858680,690
5.354955366,2859434,754
5.357520166,2860140,706
5.357520166,2860878,738
5.359988966,2861600,722
5.359988966,2862322,722
5.362457766,2863060,738
5.362457766,2863766,706
5.364926566,2864520,754
5.364926566,2865210,690
5.367395366,2865980,770
5.367395366,2866654,674
5.369864166,2867440,786
5.369864166,2868098,658
5.372332966,2868900,802
5.372332966,2869542,642
5.374802166,2870360,818
5.374802166,2870986,626
5.377374566,2871820,834
5.377374566,2872430,610
5.379843366,2873280,850
5.379843366,2873874,594
5.382312166,2874740,866
5.382312166,2875318,578
5.384780966,2876200,882
5.384780966,2876762,562
5.387249766,2877660,898
5.387249766,2878206,546
5.389814566,2879120,914
5.389814566,2879650,530
5.392283366,2880580,930
5.392283366,2881094,514
5.394752166,2882040,946
5.394752166,2882538,498
5.397221366,2883500,962
5.397221366,2883982,482
5.399697766,2884960,978
5.399697766,2885426,466
5.402166566,2886420,994
5.402166566,2886870,450
5.404635366,2887880,1010
5.404635366,2888314,434
5.407104166,2889340,1026
5.407104166,2889758,418
5.409668966,2890800,1042
5.409668966,2891202,402
5.412137766,2892260,1058
5.412137766,2892646,386
5.414606566,2893720,1074
5.414606566,2894090,370
5.417075366,2895180,1090
5.417075366,2895534,354
5.419544166,2896640,1106
5.419544166,2896978,338
5.422116966,2898100,1122
5.422116966,2898422,322
5.424585766,2899560,1138
5.424585766,2899866,306
5.427054566,2901020,1154
5.427054566,2901310,290
5.429523366,2902480,1170
5.429523366,2902754,274
5.431992166,2903940,1186
5.431992166,2904198,258
5.434556966,2905400,1202
5.434556966,2905642,242
5.437025766,2906860,1218
5.437025766,2907086,226
5.439494566,2908320,1234
5.439494566,2908530,210
5.441963366,2909780,1250
5.441963366,2909974,194
5.444432566,2911240,1266
5.444432566,2911418,178
5.446908966,2912700,1282
5.446908966,2912862,162
5.449377766,2914160,1298
5.449377766,2914306,146
5.451846566,2915620,1314
5.451846566,2915750,130
5.454411366,2917080,1330
5.454411366,2917194,114
5.456880166,2918540,1346
5.456880166,2918638,98
5.459348966,2920000,1362
5.459348966,2920082,82
5.461817766,2921460,1378
5.461817766,2921526,66
5.464286486,2922920,1394
5.464286486,2922970,50
5.466753686,2924380,1410
5.466753686,2924414,34
5.469324886,2925840,1426
5.469324886,2925858,18
5.471792086,2927300,1442
5.471792086,2927302,2
5.474259366,2928754,1452
5.476728166,2928760,6
5.476728166,2930199,1439
5.479196966,2930220,21
5.479196966,2931644,1424
5.481665766,2931680,36
5.481665766,2933089,1409
5.484134566,2933140,51
5.484134566,2934534,1394
5.486603366,2934600,66
5.486603366,2935978,1378
5.489168166,2936060,82
5.489168166,2937422,1362
5.491637366,2937520,98
5.491637366,2938866,1346
5.494113766,2938980,114
5.494113766,2940310,1330
5.496582566,2940440,130
5.496582566,2941754,1314
5.499051366,2941900,146
5.499051366,2943198,1298
5.501616166,2943360,162
5.501616166,2944642,1282
5.504084966,2944820,178
5.504084966,2946086,1266
5.506553766,2946280,194
5.506553766,2947530,1250
5.509022566,2947740,210
5.509022566,2948974,1234
5.511491366,2949200,226
5.511491366,2950418,1218
5.513960166,2950660,242
5.513960166,2951862,1202
5.516429366,2952120,258
5.516429366,2953306,1186
5.518905766,2953580,274
5.518905766,2954750,1170
5.521470566,2955040,290
5.521470566,2956194,1154
5.523939366,2956500,306
5.523939366,2957638,1138
5.526408166,2957960,322
5.526408166,2959082,1122
5.528876966,2959420,338
5.528876966,2960526,1106
5.531345766,2960880,354
5.531345766,2961970,1090
5.533910566,2962340,370
5.533910566,2963414,1074
5.536379366,2963800,386
5.536379366,2964858,1058
5.538848566,2965260,402
5.538848566,2966302,1042
5.541324966,2966720,418
5.541324966,2967746,1026
5.543793766,2968180,434
5.543793766,2969190,1010
5.546358566,2969640,450
5.546358566,2970634,994
5.548827366,2971100,466
5.548827366,2972078,978
5.551296166,2972560,482
5.551296166,2973522,962
5.553764966,2974020,498
5.553764966,2974966,946
5.556233766,2975480,514
5.556233766,2976410,930
5.558702566,2976940,530
5.558702566,2977854,914
5.561171366,2978400,546
5.561171366,2979298,898
5.563640566,2979860,562
5.563640566,2980742,882
5.566212966,2981320,578
5.566212966,2982186,866
5.568681766,2982780,594
5.568681766,2983630,850
5.571150566,2984240,610
5.571150566,2985074,834
5.573619366,2985700,626
5.573619366,2986518,818
5.576088166,2987160,642
5.576088166,2987962,802
5.578652966,2988620,658
5.578652966,2989406,786
5.581121766,2990080,674
5.581121766,2990850,770
5.583590566,2991540,690
5.583590566,2992294,754
5.586059766,2993000,706
5.586059766,2993738,738
5.588536166,2994460,722
5.588536166,2995182,722
5.591004966,2995920,738
5.591004966,2996626,706
5.593473766,2997380,754
5.593473766,2998070,690
5.595942566,2998840,770
5.595942566,2999514,674
5.598507366,3000300,786
5.598507366,3000958,658
5.600976166,3001760,802
5.600976166,3002402,642
5.603444966,3003220,818
5.603444966,3003846,626
5.605913766,3004680,834
5.605913766,3005290,610
5.608382566,3006140,850
5.608382566,3006734,594
5.610955366,3007600,866
5.610955366,3008178,578
5.613424166,3009060,882
5.613424166,3009622,562
5.615892966,3010520,898
5.615892966,3011066,546
5.618361766,3011980,914
5.618361766,3012510,530
5.620830566,3013440,930
5.620830566,3013954,514
5.623395366,3014900,946
5.623395366,3015398,498
5.625864166,3016360,962
5.625864166,3016842,482
5.628332966,3017820,978
5.628332966,3018286,466
5.630801766,3019280,994
5.630801766,3019730,450
5.633270966,3020740,1010
5.633270966,3021174,434
5.635747366,3022200,1026
5.635747366,3022618,418
5.638216166,3023660,1042
5.638216166,3024062,402
5.640684966,3025120,1058
5.640684966,3025506,386
5.643249766,3026580,1074
5.643249766,3026950,370
5.645718566,3028040,1090
5.645718566,3028394,354
5.648187366,3029500,1106
5.648187366,3029838,338
5.650656166,3030960,1122
5.650656166,3031282,322
5.653124966,3032420,1138
5.653124966,3032726,306
5.655690166,3033880,1154
5.655690166,3034170,290
5.658166566,3035340,1170
5.658166566,3035614,274
5.660635366,3036800,1186
5.660635366,3037058,258
5.663104166,3038260,1202
5.663104166,3038502,242
5.665572966,3039720,1218
5.665572966,3039946,226
5.668041766,3041180,1234
5.668041766,3041390,210
5.670510566,3042640,1250
5.670510566,3042834,194
5.672979366,3044100,1266
5.672979366,3044278,178
5.675544166,3045560,1282
5.675544166,3045722,162
5.678012966,3047020,1298
5.678012966,3047166,146
5.680482166,3048480,1314
5.680482166,3048610,130
5.682958566,3049940,1330
5.682958566,3050054,114
5.685427366,3051400,1346
5.685427366,3051498,98
5.687992166,3052860,1362
5.687992166,3052942,82
5.690460966,3054320,1378
5.690460966,3054386,66
5.692929686,3055780,1394
5.692929686,3055830,50
5.695396886,3057240,1410
5.695396886,3057274,34
5.697864086,3058700,1426
5.697864086,3058718,18
5.700331286,3060160,1442
5.700331286,3060162,2
5.702798566,3061614,1452
5.705267766,3061620,6
5.705267766,3063059,1439
5.707840166,3063080,21
5.707840166,3064504,1424
5.710308966,3064540,36
5.710308966,3065949,1409
5.712777766,3066000,51
5.712777766,3067394,1394
5.715246566,3067460,66
5.715246566,3068838,1378
5.717715366,3068920,82
5.717715366,3070282,1362
5.720280166,3070380,98
5.720280166,3071726,1346
5.722748966,3071840,114
5.722748966,3073170,1330
5.725217766,3073300,130
5.725217766,3074614,1314
5.727686966,3074760,146
5.727686966,3076058,1298
5.730163366,3076220,162
5.730163366,3077502,1282
5.732728166,3077680,178
5.732728166,3078946,1266
5.735196966,3079140,194
5.735196966,3080390,1250
5.737665766,3080600,210
5.737665766,3081834,1234
5.740134566,3082060,226
5.740134566,3083278,1218
5.742603366,3083520,242
5.742603366,3084722,1202
5.745072166,3084980,258
5.745072166,3086166,1186
5.747540966,3086440,274
5.747540966,3087610,1170
5.750009766,3087900,290
5.750009766,3089054,1154
5.752582566,3089360,306
5.752582566,3090498,1138
5.755051366,3090820,322
5.755051366,3091942,1122
5.757520166,3092280,338
5.757520166,3093386,1106
5.759988966,3093740,354
5.759988966,3094830,1090
5.762457766,3095200,370
5.762457766,3096274,1074
5.765022566,3096660,386
5.765022566,3097718,1058
5.767491366,3098120,402
5.767491366,3099162,1042
5.769960166,3099580,418
5.769960166,3100606,1026
5.772428966,3101040,434
5.772428966,3102050,1010
5.774898166,3102500,450
5.774898166,3103494,994
5.777374566,3103960,466
5.777374566,3104938,978
5.779843366,3105420,482
5.779843366,3106382,962
5.782312166,3106880,498
5.782312166,3107826,946
5.784876966,3108340,514
5.784876966,3109270,930
5.787345766,3109800,530
5.787345766,3110714,914
5.789814566,3111260,546
5.789814566,3112158,898
5.792283366,3112720,562
5.792283366,3113602,882
5.794752166,3114180,578
5.794752166,3115046,866
5.797317366,3115640,594
5.797317366,3116490,850
5.799793766,3117100,610
5.799793766,3117934,834
5.802262566,3118560,626
5.802262566,3119378,818
5.804731366,3120020,642
5.804731366,3120822,802
5.807200166,3121480,658
5.807200166,3122266,786
5.809668966,3122940,674
5.809668966,3123710,770
5.812137766,3124400,690
5.812137766,3125154,754
5.814606566,3125860,706
5.814606566,3126598,738
5.817171366,3127320,722
5.817171366,3128042,722
5.819640166,3128780,738
5.819640166,3129486,706
5.822109366,3130240,754
5.822109366,3130930,690
5.824585766,3131700,770
5.824585766,3132374,674
5.827054566,3133160,786
5.827054566,3133818,658
5.829619366,3134620,802
5.829619366,3135262,642
5.832088166,3136080,818
5.832088166,3136706,626
5.834556966,3137540,834
5.834556966,3138150,610
5.837025766,3139000,850
5.837025766,3139594,594
5.839494566,3140460,866
5.839494566,3141038,578
5.842059366,3141920,882
5.842059366,3142482,562
5.844528566,3143380,898
5.844528566,3143926,546
5.847004966,3144840,914
5.847004966,3145370,530
5.849473766,3146300,930
5.849473766,3146814,514
5.851942566,3147760,946
5.851942566,3148258,498
5.854411366,3149220,962
5.854411366,3149702,482
5.856880166,3150680,978
5.856880166,3151146,466
5.859348966,3152140,994
5.859348966,3152590,450
5.861913766,3153600,1010
5.861913766,3154034,434
5.864382566,3155060,1026
5.864382566,3155478,418
5.866851366,3156520,1042
5.866851366,3156922,402
5.869320566,3157980,1058
5.869320566,3158366,386
5.871796966,3159440,1074
5.871796966,3159810,370
5.874361766,3160900,1090
5.874361766,3161254,354
5.876830566,3162360,1106
5.876830566,3162698,338
5.879299366,3163820,1122
5.879299366,3164142,322
5.881768166,3165280,1138
5.881768166,3165586,306
5.884236966,3166740,1154
5.884236966,3167030,290
5.886705766,3168200,1170
5.886705766,3168474,274
5.889174566,3169660,1186
5.889174566,3169918,258
5.891643366,3171120,1202
5.891643366,3171362,242
5.894216166,3172580,1218
5.894216166,3172806,226
5.896684966,3174040,1234
5.896684966,3174250,210
5.899153766,3175500,1250
5.899153766,3175694,194
5.901622566,3176960,1266
5.901622566,3177138,178
5.904091366,3178420,1282
5.904091366,3178582,162
5.906656166,3179880,1298
5.906656166,3180026,146
5.909124966,3181340,1314
5.909124966,3181470,130
5.911593766,3182800,1330
5.911593766,3182914,114
5.914062566,3184260,1346
5.914062566,3184358,98
5.916531766,3185720,1362
5.916531766,3185802,82
5.919008166,3187180,1378
5.919008166,3187246,66
5.921476886,3188640,1394
5.921476886,3188690,50
5.923944086,3190100,1410
5.923944086,3190134,34
5.926507286,3191560,1426
5.926507286,3191578,18
5.928974486,3193020,1442
5.928974486,3193022,2
5.931441766,3194474,1452
5.933910566,3194480,6
5.933910566,3195919,1439
5.936379366,3195940,21
5.936379366,3197364,1424
5.938944566,3197400,36
5.938944566,3198809,1409
5.941420966,3198860,51
5.941420966,3200254,1394
5.943889766,3200320,66
5.943889766,3201698,1378
5.946358566,3201780,82
5.946358566,3203142,1362
5.948827366,3203240,98
5.948827366,3204586,1346
5.951392166,3204700,114
5.951392166,3206030,1330
5.953860966,3206160,130
5.953860966,3207474,1314
5.956329766,3207620,146
5.956329766,3208918,1298
5.958798566,3209080,162
5.958798566,3210362,1282
5.961267366,3210540,178
5.961267366,3211806,1266
5.963736566,3212000,194
5.963736566,3213250,1250
5.966212966,3213460,210
5.966212966,3214694,1234
5.968681766,3214920,226
5.968681766,3216138,1218
5.971150566,3216380,242
5.971150566,3217582,1202
5.973715366,3217840,258
5.973715366,3219026,1186
5.976184166,3219300,274
5.976184166,3220470,1170
5.978652966,3220760,290
5.978652966,3221914,1154
5.981121766,3222220,306
5.981121766,3223358,1138
5.983590566,3223680,322
5.983590566,3224802,1122
5.986155766,3225140,338
5.986155766,3226246,1106
5.988632166,3226600,354
5.988632166,3227690,1090
5.991100966,3228060,370
5.991100966,3229134,1074
5.993569766,3229520,386
5.993569766,3230578,1058
5.996038566,3230980,402
5.996038566,3232022,1042
5.998507366,3232440,418
5.998507366,3233466,1026
6.000976166,3233900,434
6.000976166,3234910,1010
6.003444966,3235360,450
6.003444966,3236354,994
6.006009766,3236820,466
6.006009766,3237798,978
6.008478566,3238280,482
6.008478566,3239242,962
6.010947766,3239740,498
6.010947766,3240686,946
6.013424166,3241200,514
6.013424166,3242130,930
6.015892966,3242660,530
6.015892966,3243574,914
6.018457766,3244120,546
6.018457766,3245018,898
6.020926566,3245580,562
6.020926566,3246462,882
6.023395366,3247040,578
6.023395366,3247906,866
6.025864166,3248500,594
6.025864166,3249350,850
6.028332966,3249960,610
6.028332966,3250794,834
6.030897766,3251420,626
6.030897766,3252238,818
6.033366966,3252880,642
6.033366966,3253682,802
6.035843366,3254340,658
6.035843366,3255126,786
6.038312166,3255800,674
6.038312166,3256570,770
6.040780966,3257260,690
6.040780966,3258014,754
6.043249766,3258720,706
6.043249766,3259458,738
6.045718566,3260180,722
6.045718566,3260902,722
6.048187366,3261640,738
6.048187366,3262346,706
6.050752166,3263100,754
6.050752166,3263790,690
6.053220966,3264560,770
6.053220966,3265234,674
6.055689766,3266020,786
6.055689766,3266678,658
6.058158966,3267480,802
6.058158966,3268122,642
6.060635366,3268940,818
6.060635366,3269566,626
6.063200166,3270400,834
6.063200166,3271010,610
6.065668966,3271860,850
6.065668966,3272454,594
6.068137766,3273320,866
6.068137766,3273898,578
6.070606566,3274780,882
6.070606566,3275342,562
6.073075366,3276240,898
6.073075366,3276786,546
6.075544166,3277700,914
6.075544166,3278230,530
6.078012966,3279160,930
6.078012966,3279674,514
6.080481766,3280620,946
6.080481766,3281118,498
6.083054566,3282080,962
6.083054566,3282562,482
6.085523366,3283540,978
6.085523366,3284006,466
6.087992166,3285000,994
6.087992166,3285450,450
6.090460966,3286460,1010
6.090460966,3286894,434
6.092929766,3287920,1026
6.092929766,3288338,418
6.095494566,3289380,1042
6.095494566,3289782,402
6.097963366,3290840,1058
6.097963366,3291226,386
6.100432166,3292300,1074
6.100432166,3292670,370
6.102900966,3293760,1090
6.102900966,3294114,354
6.105370166,3295220,1106
6.105370166,3295558,338
6.107846566,3296680,1122
6.107846566,3297002,322
6.110315366,3298140,1138
6.110315366,3298446,306
6.112784166,3299600,1154
6.112784166,3299890,290
6.115348966,3301060,1170
6.115348966,3301334,274
6.117817766,3302520,1186
6.117817766,3302778,258
6.120286566,3303980,1202
6.120286566,3304222,242
6.122755366,3305440,1218
6.122755366,3305666,226
6.125224166,3306900,1234
6.125224166,3307110,210
6.127789366,3308360,1250
6.127789366,3308554,194
6.130265766,3309820,1266
6.130265766,3309998,178
6.132734566,3311280,1282
6.132734566,3311442,162
6.135203366,3312740,1298
6.135203366,3312886,146
6.137672166,3314200,1314
6.137672166,3314330,130
6.140236966,3315660,1330
6.140236966,3315774,114
6.142705766,3317120,1346
6.142705766,3317218,98
6.145174566,3318580,1362
6.145174566,3318662,82
6.147643366,3320040,1378
6.147643366,3320106,66
6.150112086,3321500,1394
6.150112086,3321550,50
6.152579686,3322960,1410
6.152579686,3322994,34
6.155054486,3324420,1426
6.155054486,3324438,18
6.157521686,3325880,1442
6.157521686,3325882,2
6.160084966,3327334,1452
6.162553766,3327340,6
6.162553766,3328779,1439
6.165022566,3328800,21
6.165022566,3330224,1424
6.167491366,3330260,36
6.167491366,3331669,1409
6.169960166,3331720,51
6.169960166,3333114,1394
6.172524966,3333180,66
6.172524966,3334558,1378
6.174994166,3334640,82
6.174994166,3336002,1362
6.177470566,3336100,98
6.177470566,3337446,1346
6.179939366,3337560,114
6.179939366,3338890,1330
6.182408166,3339020,130
6.182408166,3340334,1314
6.184876966,3340480,146
6.184876966,3341778,1298
6.187345766,3341940,162
6.187345766,3343222,1282
6.189814566,3343400,178
6.189814566,3344666,1266
6.192379366,3344860,194
6.192379366,3346110,1250
6.194848166,3346320,210
6.194848166,3347554,1234
6.197316966,3347780,226
6.197316966,3348998,1218
6.199786166,3349240,242
6.199786166,3350442,1202
6.202262566,3350700,258
6.202262566,3351886,1186
6.204827366,3352160,274
6.204827366,3353330,1170
6.207296166,3353620,290
6.207296166,3354774,1154
6.209764966,3355080,306
6.209764966,3356218,1138
6.212233766,3356540,322
6.212233766,3357662,1122
6.214702566,3358000,338
6.214702566,3359106,1106
6.217171366,3359460,354
6.217171366,3360550,1090
6.219640166,3360920,370
6.219640166,3361994,1074
6.222108966,3362380,386
6.222108966,3363438,1058
6.224681766,3363840,402
6.224681766,3364882,1042
6.227150566,3365300,418
6.227150566,3366326,1026
6.229619366,3366760,434
6.229619366,3367770,1010
6.232088166,3368220,450
6.232088166,3369214,994
6.234556966,3369680,466
6.234556966,3370658,978
6.237121766,3371140,482
6.237121766,3372102,962
6.239590566,3372600,498
6.239590566,3373546,946
6.242059366,3374060,514
6.242059366,3374990,930
6.244528166,3375520,530
6.244528166,3376434,914
6.246997366,3376980,546
6.246997366,3377878,898
6.249569766,3378440,562
6.249569766,3379322,882
6.252038566,3379900,578
6.252038566,3380766,866
6.254507366,3381360,594
6.254507366,3382210,850
6.256976166,3382820,610
6.256976166,3383654,834
6.259444966,3384280,626
6.259444966,3385098,818
6.261913766,3385740,642
6.261913766,3386542,802
6.264382566,3387200,658
6.264382566,3387986,786
6.266851366,3388660,674
6.266851366,3389430,770
6.269416566,3390120,690
6.269416566,3390874,754
6.271892966,3391580,706
6.271892966,3392318,738
6.274361766,3393040,722
6.274361766,3393762,722
6.276830566,3394500,738
6.276830566,3395206,706
6.279299366,3395960,754
6.279299366,3396650,690
6.281864166,3397420,770
6.281864166,3398094,674
6.284332966,3398880,786
6.284332966,3399538,658
6.286801766,3400340,802
6.286801766,3400982,642
6.289270566,3401800,818
6.289270566,3402426,626
6.291739366,3403260,834
6.291739366,3403870,610
6.294208566,3404720,850
6.294208566,3405314,594
6.296684966,3406180,866
6.296684966,3406758,578
6.299153766,3407640,882
6.299153766,3408202,562
6.301718566,3409100,898
6.301718566,3409646,546
6.304187366,3410560,914
6.304187366,3411090,530
6.306656166,3412020,930
6.306656166,3412534,514
6.309124966,3413480,946
6.309124966,3413978,498
6.311593766,3414940,962
6.311593766,3415422,482
6.314158566,3416400,978
6.314158566,3416866,466
6.316627766,3417860,994
6.316627766,3418310,450
6.319104166,3419320,1010
6.319104166,3419754,434
6.321572966,3420780,1026
6.321572966,3421198,418
6.324041766,3422240,1042
6.324041766,3422642,402
6.326510566,3423700,1058
6.326510566,3424086,386
6.328979366,3425160,1074
6.328979366,3425530,370
6.331448166,3426620,1090
6.331448166,3426974,354
6.334012966,3428080,1106
6.334012966,3428418,338
6.336481766,3429540,1122
6.336481766,3429862,322
6.338950566,3431000,1138
6.338950566,3431306,306
6.341419766,3432460,1154
6.341419766,3432750,290
6.343896166,3433920,1170
6.343896166,3434194,274
6.346460966,3435380,1186
6.346460966,3435638,258
6.348929766,3436840,1202
6.348929766,3437082,242
6.351398566,3438300,1218
6.351398566,3438526,226
6.353867366,3439760,1234
6.353867366,3439970,210
6.356336166,3441220,1250
6.356336166,3441414,194
6.358900966,3442680,1266
6.358900966,3442858,178
6.361369766,3444140,1282
6.361369766,3444302,162
6.363838966,3445600,1298
6.363838966,3445746,146
6.366315366,3447060,1314
6.366315366,3447190,130
6.368784166,3448520,1330
6.368784166,3448634,114
6.371252966,3449980,1346
6.371252966,3450078,98
6.373721766,3451440,1362
6.373721766,3451522,82
6.376190566,3452900,1378
6.376190566,3452966,66
6.378755286,3454360,1394
6.378755286,3454410,50
6.381222486,3455820,1410
6.381222486,3455854,34
6.383689686,3457280,1426
6.383689686,3457298,18
6.386156886,3458740,1442
6.386156886,3458742,2
6.388624566,3460194,1452
6.391196966,3460200,6
6.391196966,3461639,1439
6.393665766,3461660,21
6.393665766,3463084,1424
6.396134566,3463120,36
6.396134566,3464529,1409
6.398603366,3464580,51
6.398603366,3465974,1394
6.401072166,3466040,66
6.401072166,3467418,1378
6.403540966,3467500,82
6.403540966,3468862,1362
6.406009766,3468960,98
6.406009766,3470306,1346
6.408478566,3470420,114
6.408478566,3471750,1330
6.411043766,3471880,130
6.411043766,3473194,1314
6.413520166,3473340,146
6.413520166,3474638,1298
6.415988966,3474800,162
6.415988966,3476082,1282
6.418457766,3476260,178
6.418457766,3477526,1266
6.420926566,3477720,194
6.420926566,3478970,1250
6.423491366,3479180,210
6.423491366,3480414,1234
6.425960166,3480640,226
6.425960166,3481858,1218
6.428428966,3482100,242
6.428428966,3483302,1202
6.430897766,3483560,258
6.430897766,3484746,1186
6.433366566,3485020,274
6.433366566,3486190,1170
6.435835766,3486480,290
6.435835766,3487634,1154
6.438312166,3487940,306
6.438312166,3489078,1138
6.440780966,3489400,322
6.440780966,3490522,1122
6.443345766,3490860,338
6.443345766,3491966,1106
6.445814566,3492320,354
6.445814566,3493410,1090
6.448283366,3493780,370
6.448283366,3494854,1074
6.450752166,3495240,386
6.450752166,3496298,1058
6.453220966,3496700,402
6.453220966,3497742,1042
6.455785766,3498160,418
6.455785766,3499186,1026
6.458254966,3499620,434
6.458254966,3500630,1010
6.460731366,3501080,450
6.460731366,3502074,994
6.463200166,3502540,466
6.463200166,3503518,978
6.465668966,3504000,482
6.465668966,3504962,962
6.468137766,3505460,498
6.468137766,3506406,946
6.470702566,3506920,514
6.470702566,3507850,930
6.473171366,3508380,530
6.473171366,3509294,914
6.475640166,3509840,546
6.475640166,3510738,898
6.478108966,3511300,562
6.478108966,3512182,882
6.480577766,3512760,578
6.480577766,3513626,866
6.483046966,3514220,594
6.483046966,3515070,850
6.485523366,3515680,610
6.485523366,3516514,834
6.487992166,3517140,626
6.487992166,3517958,818
6.490556966,3518600,642
6.490556966,3519402,802
6.493025766,3520060,658
6.493025766,3520846,786
6.495494566,3521520,674
6.495494566,3522290,770
6.497963366,3522980,690
6.497963366,3523734,754
6.500432166,3524440,706
6.500432166,3525178,738
6.502996966,3525900,722
6.502996966,3526622,722
6.505466166,3527360,738
6.505466166,3528066,706
6.507942566,3528820,754
6.507942566,3529510,690
6.510411366,3530280,770
6.510411366,3530954,674
6.512880166,3531740,786
6.512880166,3532398,658
6.515348966,3533200,802
6.515348966,3533842,642
6.517817766,3534660,818
6.517817766,3535286,626
6.520286566,3536120,834
6.520286566,3536730,610
6.522851366,3537580,850
6.522851366,3538174,594
6.525320166,3539040,866
6.525320166,3539618,578
6.527788966,3540500,882
6.527788966,3541062,562
6.530258166,3541960,898
6.530258166,3542506,546
6.532734566,3543420,914
6.532734566,3543950,530
6.535299366,3544880,930
6.535299366,3545394,514
6.537768166,3546340,946
6.537768166,3546838,498
6.540236966,3547800,962
6.540236966,3548282,482
6.542705766,3549260,978
6.542705766,3549726,466
6.545174566,3550720,994
6.545174566,3551170,450
6.547739366,3552180,1010
6.547739366,3552614,434
6.550208166,3553640,1026
6.550208166,3554058,418
6.552677366,3555100,1042
6.552677366,3555502,402
6.555153766,3556560,1058
6.555153766,3556946,386
6.557622566,3558020,1074
6.557622566,3558390,370
6.560091366,3559480,1090
6.560091366,3559834,354
6.562560166,3560940,1106
6.562560166,3561278,338
6.565028966,3562400,1122
6.565028966,3562722,322
6.567593766,3563860,1138
6.567593766,3564166,306
6.570062566,3565320,1154
6.570062566,3565610,290
6.572531366,3566780,1170
6.572531366,3567054,274
6.575000166,3568240,1186
6.575000166,3568498,258
6.577469366,3569700,1202
6.577469366,3569942,242
6.580041766,3571160,1218
6.580041766,3571386,226
6.582510566,3572620,1234
6.582510566,3572830,210
6.584979366,3574080,1250
6.584979366,3574274,194
6.587448166,3575540,1266
6.587448166,3575718,178
6.589916966,3577000,1282
6.589916966,3577162,162
6.592385766,3578460,1298
6.592385766,3578606,146
6.594854566,3579920,1314
6.594854566,3580050,130
6.597323366,3581380,1330
6.597323366,3581494,114
6.599888566,3582840,1346
6.599888566,3582938,98
6.602364966,3584300,1362
6.602364966,3584382,82
6.604833766,3585760,1378
6.604833766,3585826,66
6.607302486,3587220,1394
6.607302486,3587270,50
6.609769686,3588680,1410
6.609769686,3588714,34
6.612332886,3590140,1426
6.612332886,3590158,18
6.614800086,3591600,1442
6.614800086,3591602,2
6.617267366,3593054,1452
6.619736166,3593060,6
6.619736166,3594499,1439
6.622204966,3594520,21
6.622204966,3595944,1424
6.624674166,3595980,36
6.624674166,3597389,1409
6.627150566,3597440,51
6.627150566,3598834,1394
6.629619366,3598900,66
6.629619366,3600278,1378
6.632184166,3600360,82
6.632184166,3601722,1362
6.634652966,3601820,98
6.634652966,3603166,1346
6.637121766,3603280,114
6.637121766,3604610,1330
6.639590566,3604740,130
6.639590566,3606054,1314
6.642059366,3606200,146
6.642059366,3607498,1298
6.644624166,3607660,162
6.644624166,3608942,1282
6.647093366,3609120,178
6.647093366,3610386,1266
6.649569766,3610580,194
6.649569766,3611830,1250
6.652038566,3612040,210
6.652038566,3613274,1234
6.654507366,3613500,226
6.654507366,3614718,1218
6.656976166,3614960,242
6.656976166,3616162,1202
6.659540966,3616420,258
6.659540966,3617606,1186
6.662009766,3617880,274
6.662009766,3619050,1170
6.664478566,3619340,290
6.664478566,3620494,1154
6.666947366,3620800,306
6.666947366,3621938,1138
6.669416166,3622260,322
6.669416166,3623382,1122
6.671885366,3623720,338
6.671885366,3624826,1106
6.674361766,3625180,354
6.674361766,3626270,1090
6.676830566,3626640,370
6.676830566,3627714,1074
6.679395366,3628100,386
6.679395366,3629158,1058
6.681864166,3629560,402
6.681864166,3630602,1042
6.684332966,3631020,418
6.684332966,3632046,1026
6.686801766,3632480,434
6.686801766,3633490,1010
6.689270566,3633940,450
6.689270566,3634934,994
6.691835366,3635400,466
6.691835366,3636378,978
6.694304566,3636860,482
6.694304566,3637822,962
6.696780966,3638320,498
6.696780966,3639266,946
6.699249766,3639780,514
6.699249766,3640710,930
6.701718566,3641240,530
6.701718566,3642154,914
6.704187366,3642700,546
6.704187366,3643598,898
6.706656166,3644160,562
6.706656166,3645042,882
6.709124966,3645620,578
6.709124966,3646486,866
6.711689766,3647080,594
6.711689766,3647930,850
6.714158566,3648540,610
6.714158566,3649374,834
6.716627366,3650000,626
6.716627366,3650818,818
6.719096566,3651460,642
6.719096566,3652262,802
6.721572966,3652920,658
6.721572966,3653706,786
6.724137766,3654380,674
6.724137766,3655150,770
6.726606566,3655840,690
6.726606566,3656594,754
6.729075366,3657300,706
6.729075366,3658038,738
6.731544166,3658760,722
6.731544166,3659482,722
6.734012966,3660220,738
6.734012966,3660926,706
6.736481766,3661680,754
6.736481766,3662370,690
6.738950566,3663140,770
6.738950566,3663814,674
6.741515766,3664600,786
6.741515766,3665258,658
6.743992166,3666060,802
6.743992166,3666702,642
6.746460966,3667520,818
6.746460966,3668146,626
6.748929766,3668980,834
6.748929766,3669590,610
6.751398566,3670440,850
6.751398566,3671034,594
6.753867366,3671900,866
6.753867366,3672478,578
6.756432166,3673360,882
6.756432166,3673922,562
6.758900966,3674820,898
6.758900966,3675366,546
6.761369766,3676280,914
6.761369766,3676810,530
6.763838566,3677740,930
6.763838566,3678254,514
6.766307766,3679200,946
6.766307766,3679698,498
6.768880166,3680660,962
6.768880166,3681142,482
6.771348966,3682120,978
6.771348966,3682586,466
6.773817766,3683580,994
6.773817766,3684030,450
6.776286566,3685040,1010
6.776286566,3685474,434
6.778755366,3686500,1026
6.778755366,3686918,418
6.781224166,3687960,1042
6.781224166,3688362,402
6.783692966,3689420,1058
6.783692966,3689806,386
6.786161766,3690880,1074
6.786161766,3691250,370
6.788726966,3692340,1090
6.788726966,3692694,354
6.791203366,3693800,1106
6.791203366,3694138,338
6.793672166,3695260,1122
6.793672166,3695582,322
6.796140966,3696720,1138
6.796140966,3697026,306
6.798609766,3698180,1154
6.798609766,3698470,290
6.801174566,3699640,1170
6.801174566,3699914,274
6.803643366,3701100,1186
6.803643366,3701358,258
6.806112166,3702560,1202
6.806112166,3702802,242
6.808580966,3704020,1218
6.808580966,3704246,226
6.811049766,3705480,1234
6.811049766,3705690,210
6.813518966,3706940,1250
6.813518966,3707134,194
6.815995366,3708400,1266
6.815995366,3708578,178
6.818464166,3709860,1282
6.818464166,3710022,162
6.821028966,3711320,1298
6.821028966,3711466,146
6.823497766,3712780,1314
6.823497766,3712910,130
6.825966566,3714240,1330
6.825966566,3714354,114
6.828435366,3715700,1346
6.828435366,3715798,98
6.830904166,3717160,1362
6.830904166,3717242,82
6.833468966,3718620,1378
6.833468966,3718686,66
6.835938086,3720080,1394
6.835938086,3720130,50
6.838412886,3721540,1410
6.838412886,3721574,34
6.840880086,3723000,1426
6.840880086,3723018,18
6.843347286,3724460,1442
6.843347286,3724462,2
6.845814566,3725914,1452
6.848283366,3725920,6
6.848283366,3727359,1439
6.850848166,3727380,21
6.850848166,3728804,1424
6.853316966,3728840,36
6.853316966,3730249,1409
6.855785766,3730300,51
6.855785766,3731694,1394
6.858254566,3731760,66
6.858254566,3733138,1378
6.860723766,3733220,82
6.860723766,3734582,1362
6.863200166,3734680,98
6.863200166,3736026,1346
6.865764966,3736140,114
6.865764966,3737470,1330
6.868233766,3737600,130
6.868233766,3738914,1314
6.870702566,3739060,146
6.870702566,3740358,1298
6.873171366,3740520,162
6.873171366,3741802,1282
6.875640166,3741980,178
6.875640166,3743246,1266
6.878204966,3743440,194
6.878204966,3744690,1250
6.880673766,3744900,210
6.880673766,3746134,1234
6.883142966,3746360,226
6.883142966,3747578,1218
6.885619366,3747820,242
6.885619366,3749022,1202
6.888088166,3749280,258
6.888088166,3750466,1186
6.890556966,3750740,274
6.890556966,3751910,1170
6.893025766,3752200,290
6.893025766,3753354,1154
6.895494566,3753660,306
6.895494566,3754798,1138
6.898059366,3755120,322
6.898059366,3756242,1122
6.900528166,3756580,338
6.900528166,3757686,1106
6.902996966,3758040,354
6.902996966,3759130,1090
6.905465766,3759500,370
6.905465766,3760574,1074
6.907934966,3760960,386
6.907934966,3762018,1058
6.910507366,3762420,402
6.910507366,3763462,1042
6.912976166,3763880,418
6.912976166,3764906,1026
6.915444966,3765340,434
6.915444966,3766350,1010
6.917913766,3766800,450
6.917913766,3767794,994
6.920382566,3768260,466
6.920382566,3769238,978
6.922851366,3769720,482
6.922851366,3770682,962
6.925320166,3771180,498
6.925320166,3772126,946
6.927788966,3772640,514
6.927788966,3773570,930
6.930354166,3774100,530
6.930354166,3775014,914
6.932830566,3775560,546
6.932830566,3776458,898
6.935299366,3777020,562
6.935299366,3777902,882
6.937768166,3778480,578
6.937768166,3779346,866
6.940236966,3779940,594
6.940236966,3780790,850
6.942801766,3781400,610
6.942801766,3782234,834
6.945270566,3782860,626
6.945270566,3783678,818
6.947739366,3784320,642
6.947739366,3785122,802
6.950208166,3785780,658
6.950208166,3786566,786
6.952676966,3787240,674
6.952676966,3788010,770
6.955249766,3788700,690
6.955249766,3789454,754
6.957718566,3790160,706
6.957718566,3790898,738
6.960187366,3791620,722
6.960187366,3792342,722
6.962656166,3793080,738
6.962656166,3793786,706
6.965124966,3794540,754
6.965124966,3795230,690
6.967593766,3796000,770
6.967593766,3796674,674
6.970062566,3797460,786
6.970062566,3798118,658
6.972531366,3798920,802
6.972531366,3799562,642
6.975000166,3800380,818
6.975000166,3801006,626
6.977565366,3801840,834
6.977565366,3802450,610
6.980041766,3803300,850
6.980041766,3803894,594
6.982510566,3804760,866
6.982510566,3805338,578
6.984979366,3806220,882
6.984979366,3806782,562
6.987448166,3807680,898
6.987448166,3808226,546
6.990012966,3809140,914
6.990012966,3809670,530
6.992481766,3810600,930
6.992481766,3811114,514
6.994950566,3812060,946
6.994950566,3812558,498
6.997419366,3813520,962
6.997419366,3814002,482
6.999888166,3814980,978
6.999888166,3815446,466
7.002357366,3816440,994
7.002357366,3816890,450
7.004833766,3817900,1010
7.004833766,3818334,434
7.007302566,3819360,1026
7.007302566,3819778,418
7.009867366,3820820,1042
7.009867366,3821222,402
7.012336166,3822280,1058
7.012336166,3822666,386
7.014804966,3823740,1074
7.014804966,3824110,370
7.017273766,3825200,1090
7.017273766,3825554,354
7.019742566,3826660,1106
7.019742566,3826998,338
7.022307366,3828120,1122
7.022307366,3828442,322
7.024776566,3829580,1138
7.024776566,3829886,306
7.027252966,3831040,1154
7.027252966,3831330,290
7.029721766,3832500,1170
7.029721766,3832774,274
7.032190566,3833960,1186
7.032190566,3834218,258
7.034659366,3835420,1202
7.034659366,3835662,242
7.037128166,3836880,1218
7.037128166,3837106,226
7.039596966,3838340,1234
7.039596966,3838550,210
7.042161766,3839800,1250
7.042161766,3839994,194
7.044630566,3841260,1266
7.044630566,3841438,178
7.047099366,3842720,1282
7.047099366,3842882,162
7.049568566,3844180,1298
7.049568566,3844326,146
7.052044966,3845640,1314
7.052044966,3845770,130
7.054609766,3847100,1330
7.054609766,3847214,114
7.057078566,3848560,1346
7.057078566,3848658,98
7.059547366,3850020,1362
7.059547366,3850102,82
7.062016166,3851480,1378
7.062016166,3851546,66
7.064484886,3852940,1394
7.064484886,3852990,50
7.067048086,3854400,1410
7.067048086,3854434,34
7.069515286,3855860,1426
7.069515286,3855878,18
7.071982886,3857320,1442
7.071982886,3857322,2
7.074457766,3858774,1452
7.076926566,3858780,6
7.076926566,3860219,1439
7.079395366,3860240,21
7.079395366,3861664,1424
7.081864166,3861700,36
7.081864166,3863109,1409
7.084332966,3863160,51
7.084332966,3864554,1394
7.086897766,3864620,66
7.086897766,3865998,1378
7.089366566,3866080,82
7.089366566,3867442,1362
7.091835366,3867540,98
7.091835366,3868886,1346
7.094304166,3869000,114
7.094304166,3870330,1330
7.096773366,3870460,130
7.096773366,3871774,1314
7.099345766,3871920,146
7.099345766,3873218,1298
7.101814566,3873380,162
7.101814566,3874662,1282
7.104283366,3874840,178
7.104283366,3876106,1266
7.106752166,3876300,194
7.106752166,3877550,1250
7.109220966,3877760,210
7.109220966,3878994,1234
7.111689766,3879220,226
7.111689766,3880438,1218
7.114158566,3880680,242
7.114158566,3881882,1202
7.116627366,3882140,258
7.116627366,3883326,1186
7.119192566,3883600,274
7.119192566,3884770,1170
7.121668966,3885060,290
7.121668966,3886214,1154
7.124137766,3886520,306
7.124137766,3887658,1138
7.126606566,3887980,322
7.126606566,3889102,1122
7.129075366,3889440,338
7.129075366,3890546,1106
7.131640166,3890900,354
7.131640166,3891990,1090
7.134108966,3892360,370
7.134108966,3893434,1074
7.136577766,3893820,386
7.136577766,3894878,1058
7.139046566,3895280,402
7.139046566,3896322,1042
7.141515366,3896740,418
7.141515366,3897766,1026
7.143984566,3898200,434
7.143984566,3899210,1010
7.146460966,3899660,450
7.146460966,3900654,994
7.149025766,3901120,466
7.149025766,3902098,978
7.151494566,3902580,482
7.151494566,3903542,962
7.153963366,3904040,498
7.153963366,3904986,946
7.156432166,3905500,514
7.156432166,3906430,930
7.158900966,3906960,530
7.158900966,3907874,914
7.161369766,3908420,546
7.161369766,3909318,898
7.163934566,3909880,562
7.163934566,3910762,882
7.166403766,3911340,578
7.166403766,3912206,866
7.168880166,3912800,594
7.168880166,3913650,850
7.171348966,3914260,610
7.171348966,3915094,834
7.173817766,3915720,626
7.173817766,3916538,818
7.176382566,3917180,642
7.176382566,3917982,802
7.178851366,3918640,658
7.178851366,3919426,786
7.181320166,3920100,674
7.181320166,3920870,770
7.183788966,3921560,690
7.183788966,3922314,754
7.186257766,3923020,706
7.186257766,3923758,738
7.188726566,3924480,722
7.188726566,3925202,722
7.191195766,3925940,738
7.191195766,3926646,706
7.193672166,3927400,754
7.193672166,3928090,690
7.196236966,3928860,770
7.196236966,3929534,674
7.198705766,3930320,786
7.198705766,3930978,658
7.201174566,3931780,802
7.201174566,3932422,642
7.203643366,3933240,818
7.203643366,3933866,626
7.206112166,3934700,834
7.206112166,3935310,610
7.208676966,3936160,850
7.208676966,3936754,594
7.211145766,3937620,866
7.211145766,3938198,578
7.213614966,3939080,882
7.213614966,3939642,562
7.216091366,3940540,898
7.216091366,3941086,546
7.218560166,3942000,914
7.218560166,3942530,530
7.221028966,3943460,930
7.221028966,3943974,514
7.223497766,3944920,946
7.223497766,3945418,498
7.225966566,3946380,962
7.225966566,3946862,482
7.228531366,3947840,978
7.228531366,3948306,466
7.231000166,3949300,994
7.231000166,3949750,450
7.233468966,3950760,1010
7.233468966,3951194,434
7.235937766,3952220,1026
7.235937766,3952638,418
7.238406966,3953680,1042
7.238406966,3954082,402
7.240979366,3955140,1058
7.240979366,3955526,386
7.243448166,3956600,1074
7.243448166,3956970,370
7.245916966,3958060,1090
7.245916966,3958414,354
7.248385766,3959520,1106
7.248385766,3959858,338
7.250854566,3960980,1122
7.250854566,3961302,322
7.253323366,3962440,1138
7.253323366,3962746,306
7.255792166,3963900,1154
7.255792166,3964190,290
7.258356966,3965360,1170
7.258356966,3965634,274
7.260826166,3966820,1186
7.260826166,3967078,258
7.263302566,3968280,1202
7.263302566,3968522,242
7.265771366,3969740,1218
7.265771366,3969966,226
7.268240166,3971200,1234
7.268240166,3971410,210
7.270708966,3972660,1250
7.270708966,3972854,194
7.273273766,3974120,1266
7.273273766,3974298,178
7.275742566,3975580,1282
7.275742566,3975742,162
7.278211366,3977040,1298
7.278211366,3977186,146
7.280680166,3978500,1314
7.280680166,3978630,130
7.283148966,3979960,1330
7.283148966,3980074,114
7.285721766,3981420,1346
7.285721766,3981518,98
7.288190566,3982880,1362
7.288190566,3982962,82
7.290659366,3984340,1378
7.290659366,3984406,66
7.293128086,3985800,1394
7.293128086,3985850,50
7.295595286,3987260,1410
7.295595286,3987294,34
7.298062486,3988720,1426
7.298062486,3988738,18
7.300529686,3990180,1442
7.300529686,3990182,2
7.302996966,3991634,1452
7.305561766,3991640,6
7.305561766,3993079,1439
7.308030966,3993100,21
7.308030966,3994524,1424
7.310507366,3994560,36
7.310507366,3995969,1409
7.312976166,3996020,51
7.312976166,3997414,1394
7.315444966,3997480,66
7.315444966,3998858,1378
7.318009766,3998940,82
7.318009766,4000302,1362
7.320478566,4000400,98
7.320478566,4001746,1346
7.322947366,4001860,114
7.322947366,4003190,1330
7.325416166,4003320,130
7.325416166,4004634,1314
7.327884966,4004780,146
7.327884966,4006078,1298
7.330353766,4006240,162
7.330353766,4007522,1282
7.332822966,4007700,178
7.332822966,4008966,1266
7.335299366,4009160,194
7.335299366,4010410,1250
7.337864166,4010620,210
7.337864166,4011854,1234
7.340332966,4012080,226
7.340332966,4013298,1218
7.342801766,4013540,242
7.342801766,4014742,1202
7.345270566,4015000,258
7.345270566,4016186,1186
7.347739366,4016460,274
7.347739366,4017630,1170
7.350304166,4017920,290
7.350304166,4019074,1154
7.352772966,4019380,306
7.352772966,4020518,1138
7.355242166,4020840,322
7.355242166,4021962,1122
7.357718566,4022300,338
7.357718566,4023406,1106
7.360187366,4023760,354
7.360187366,4024850,1090
7.362656166,4025220,370
7.362656166,4026294,1074
7.365124966,4026680,386
7.365124966,4027738,1058
7.367689766,4028140,402
7.367689766,4029182,1042
7.370158566,4029600,418
7.370158566,4030626,1026
7.372627366,4031060,434
7.372627366,4032070,1010
7.375096166,4032520,450
7.375096166,4033514,994
7.377564966,4033980,466
7.377564966,4034958,978
7.380034166,4035440,482
7.380034166,4036402,962
7.382606566,4036900,498
7.382606566,4037846,946
7.385075366,4038360,514
7.385075366,4039290,930
7.387544166,4039820,530
7.387544166,4040734,914
7.390012966,4041280,546
7.390012966,4042178,898
7.392481766,4042740,562
7.392481766,4043622,882
7.395046566,4044200,578
7.395046566,4045066,866
7.397515366,4045660,594
7.397515366,4046510,850
7.399984166,4047120,610
7.399984166,4047954,834
7.402453366,4048580,626
7.402453366,4049398,818
7.404929766,4050040,642
7.404929766,4050842,802
7.407398566,4051500,658
7.407398566,4052286,786
7.409867366,4052960,674
7.409867366,4053730,770
7.412336166,4054420,690
7.412336166,4055174,754
7.414900966,4055880,706
7.414900966,4056618,738
7.417369766,4057340,722
7.417369766,4058062,722
7.419838566,4058800,738
7.419838566,4059506,706
7.422307366,4060260,754
7.422307366,4060950,690
7.424776166,4061720,770
7.424776166,4062394,674
7.427348966,4063180,786
7.427348966,4063838,658
7.429817766,4064640,802
7.429817766,4065282,642
7.432286566,4066100,818
7.432286566,4066726,626
7.434755366,4067560,834
7.434755366,4068170,610
7.437224166,4069020,850
7.437224166,4069614,594
7.439692966,4070480,866
7.439692966,4071058,578
7.442161766,4071940,882
7.442161766,4072502,562
7.444630566,4073400,898
7.444630566,4073946,546
7.447195366,4074860,914
7.447195366,4075390,530
7.449664566,4076320,930
7.449664566,4076834,514
7.452140966,4077780,946
7.452140966,4078278,498
7.454609766,4079240,962
7.454609766,4079722,482
7.457078566,4080700,978
7.457078566,4081166,466
7.459643366,4082160,994
7.459643366,4082610,450
7.462112166,4083620,1010
7.462112166,4084054,434
7.464580966,4085080,1026
7.464580966,4085498,418
7.467049766,4086540,1042
7.467049766,4086942,402
7.469518566,4088000,1058
7.469518566,4088386,386
7.472083766,4089460,1074
7.472083766,4089830,370
7.474560166,4090920,1090
7.474560166,4091274,354
7.477028966,4092380,1106
7.477028966,4092718,338
7.479497766,4093840,1122
7.479497766,4094162,322
7.481966566,4095300,1138
7.481966566,4095606,306
7.484435366,4096760,1154
7.484435366,4097050,290
7.486904166,4098220,1170
7.486904166,4098494,274
7.489372966,4099680,1186
7.489372966,4099938,258
7.491937766,4101140,1202
7.491937766,4101382,242
7.494406566,4102600,1218
7.494406566,4102826,226
7.496875766,4104060,1234
7.496875766,4104270,210
7.499352166,4105520,1250
7.499352166,4105714,194
7.501820966,4106980,1266
7.501820966,4107158,178
7.504289766,4108440,1282
7.504289766,4108602,162
7.506854566,4109900,1298
7.506854566,4110046,146
7.509323366,4111360,1314
7.509323366,4111490,130
7.511792166,4112820,1330
7.511792166,4112934,114
7.514260966,4114280,1346
7.514260966,4114378,98
7.516729766,4115740,1362
7.516729766,4115822,82
7.519198566,4117200,1378
7.519198566,4117266,66
7.521667686,4118660,1394
7.521667686,4118710,50
7.524142486,4120120,1410
7.524142486,4120154,34
7.526705686,4121580,1426
7.526705686,4121598,18
7.529172886,4123040,1442
7.529172886,4123042,2
7.531640166,4124494,1452
7.534108966,4124500,6
7.534108966,4125939,1439
7.536577766,4125960,21
7.536577766,4127384,1424
7.539142566,4127420,36
7.539142566,4128829,1409
7.541611366,4128880,51
7.541611366,4130274,1394
7.544080566,4130340,66
7.544080566,4131718,1378
7.546556966,4131800,82
7.546556966,4133162,1362
7.549025766,4133260,98
7.549025766,4134606,1346
7.551494566,4134720,114
7.551494566,4136050,1330
7.553963366,4136180,130
7.553963366,4137494,1314
7.556432166,4137640,146
7.556432166,4138938,1298
7.558996966,4139100,162
7.558996966,4140382,1282
7.561465766,4140560,178
7.561465766,4141826,1266
7.563934566,4142020,194
7.563934566,4143270,1250
7.566403366,4143480,210
7.566403366,4144714,1234
7.568872566,4144940,226
7.568872566,4146158,1218
7.571444966,4146400,242
7.571444966,4147602,1202
7.573913766,4147860,258
7.573913766,4149046,1186
7.576382566,4149320,274
7.576382566,4150490,1170
7.578851366,4150780,290
7.578851366,4151934,1154
7.581320166,4152240,306
7.581320166,4153378,1138
7.583884966,4153700,322
7.583884966,4154822,1122
7.586353766,4155160,338
7.586353766,4156266,1106
7.588822566,4156620,354
7.588822566,4157710,1090
7.591291766,4158080,370
7.591291766,4159154,1074
7.593768166,4159540,386
7.593768166,4160598,1058
7.596236966,4161000,402
7.596236966,4162042,1042
7.598705766,4162460,418
7.598705766,4163486,1026
7.601174566,4163920,434
7.601174566,4164930,1010
7.603739366,4165380,450
7.603739366,4166374,994
7.606208166,4166840,466
7.606208166,4167818,978
7.608676966,4168300,482
7.608676966,4169262,962
7.611145766,4169760,498
7.611145766,4170706,946
7.613614566,4171220,514
7.613614566,4172150,930
7.616187366,4172680,530
7.616187366,4173594,914
7.618656166,4174140,546
7.618656166,4175038,898
7.621124966,4175600,562
7.621124966,4176482,882
7.623593766,4177060,578
7.623593766,4177926,866
7.626062566,4178520,594
7.626062566,4179370,850
7.628531366,4179980,610
7.628531366,4180814,834
7.631000166,4181440,626
7.631000166,4182258,818
7.633468966,4182900,642
7.633468966,4183702,802
7.636033766,4184360,658
7.636033766,4185146,786
7.638502966,4185820,674
7.638502966,4186590,770
7.640979366,4187280,690
7.640979366,4188034,754
7.643448166,4188740,706
7.643448166,4189478,738
7.645916966,4190200,722
7.645916966,4190922,722
7.648481766,4191660,738
7.648481766,4192366,706
7.650950566,4193120,754
7.650950566,4193810,690
7.653419366,4194580,770
7.653419366,4195254,674
7.655888166,4196040,786
7.655888166,4196698,658
7.658356966,4197500,802
7.658356966,4198142,642
7.660825766,4198960,818
7.660825766,4199586,626
7.663294966,4200420,834
7.663294966,4201030,610
7.665867366,4201880,850
7.665867366,4202474,594
7.668336166,4203340,866
7.668336166,4203918,578
7.670804966,4204800,882
7.670804966,4205362,562
7.673273766,4206260,898
7.673273766,4206806,546
7.675742566,4207720,914
7.675742566,4208250,530
7.678211366,4209180,930
7.678211366,4209694,514
7.680776166,4210640,946
7.680776166,4211138,498
7.683244966,4212100,962
7.683244966,4212582,482
7.685714166,4213560,978
7.685714166,4214026,466
7.688190566,4215020,994
7.688190566,4215470,450
7.690659366,4216480,1010
7.690659366,4216914,434
7.693224166,4217940,1026
7.693224166,4218358,418
7.695692966,4219400,1042
7.695692966,4219802,402
7.698161766,4220860,1058
7.698161766,4221246,386
7.700630566,4222320,1074
7.700630566,4222690,370
7.703099366,4223780,1090
7.703099366,4224134,354
7.705568166,4225240,1106
7.705568166,4225578,338
7.708036966,4226700,1122
7.708036966,4227022,322
7.710506166,4228160,1138
7.710506166,4228466,306
7.713078566,4229620,1154
7.713078566,4229910,290
7.715547366,4231080,1170
7.715547366,4231354,274
7.718016166,4232540,1186
7.718016166,4232798,258
7.720484966,4234000,1202
7.720484966,4234242,242
7.722953766,4235460,1218
7.722953766,4235686,226
7.725518566,4236920,1234
7.725518566,4237130,210
7.727987366,4238380,1250
7.727987366,4238574,194
7.730456166,4239840,1266
7.730456166,4240018,178
7.732925366,4241300,1282
7.732925366,4241462,162
7.735401766,4242760,1298
7.735401766,4242906,146
7.737870566,4244220,1314
7.737870566,4244350,130
7.740339366,4245680,1330
7.740339366,4245794,114
7.742808166,4247140,1346
7.742808166,4247238,98
7.745372966,4248600,1362
7.745372966,4248682,82
7.747841766,4250060,1378
7.747841766,4250126,66
7.750310486,4251520,1394
7.750310486,4251570,50
7.752777686,4252980,1410
7.752777686,4253014,34
7.755244886,4254440,1426
7.755244886,4254458,18
7.757816086,4255900,1442
7.757816086,4255902,2
7.760283366,4257354,1452
7.762752166,4257360,6
7.762752166,4258799,1439
7.765220966,4258820,21
7.765220966,4260244,1424
7.767689766,4260280,36
7.767689766,4261689,1409
7.770254566,4261740,51
7.770254566,4263134,1394
7.772723366,4263200,66
7.772723366,4264578,1378
7.775192166,4264660,82
7.775192166,4266022,1362
7.777660966,4266120,98
7.777660966,4267466,1346
7.780130166,4267580,114
7.780130166,4268910,1330
7.782606566,4269040,130
7.782606566,4270354,1314
7.785075366,4270500,146
7.785075366,4271798,1298
7.787544166,4271960,162
7.787544166,4273242,1282
7.790108966,4273420,178
7.790108966,4274686,1266
7.792577766,4274880,194
7.792577766,4276130,1250
7.795046566,4276340,210
7.795046566,4277574,1234
7.797515366,4277800,226
7.797515366,4279018,1218
7.799984166,4279260,242
7.799984166,4280462,1202
7.802549366,4280720,258
7.802549366,4281906,1186
7.805025766,4282180,274
7.805025766,4283350,1170
7.807494566,4283640,290
7.807494566,4284794,1154
7.809963366,4285100,306
7.809963366,4286238,1138
7.812432166,4286560,322
7.812432166,4287682,1122
7.814900966,4288020,338
7.814900966,4289126,1106
7.817369766,4289480,354
7.817369766,4290570,1090
7.819838566,4290940,370
7.819838566,4292014,1074
7.822403366,4292400,386
7.822403366,4293458,1058
7.824872166,4293860,402
7.824872166,4294902,1042
7.827341366,4295320,418
7.827341366,4296346,1026
7.829817766,4296780,434
7.829817766,4297790,1010
7.832286566,4298240,450
7.832286566,4299234,994
7.834851366,4299700,466
7.834851366,4300678,978
7.837320166,4301160,482
7.837320166,4302122,962
7.839788966,4302620,498
7.839788966,4303566,946
7.842257766,4304080,514
7.842257766,4305010,930
7.844726566,4305540,530
7.844726566,4306454,914
7.847195366,4307000,546
7.847195366,4307898,898
7.849664166,4308460,562
7.849664166,4309342,882
7.852133366,4309920,578
7.852133366,4310786,866
7.854705766,4311380,594
7.854705766,4312230,850
7.857174566,4312840,610
7.857174566,4313674,834
7.859643366,4314300,626
7.859643366,4315118,818
7.862112166,4315760,642
7.862112166,4316562,802
7.864580966,4317220,658
7.864580966,4318006,786
7.867145766,4318680,674
7.867145766,4319450,770
7.869614566,4320140,690
7.869614566,4320894,754
7.872083366,4321600,706
7.872083366,4322338,738
7.874552566,4323060,722
7.874552566,4323782,722
7.877028966,4324520,738
7.877028966,4325226,706
7.879593766,4325980,754
7.879593766,4326670,690
7.882062566,4327440,770
7.882062566,4328114,674
7.884531366,4328900,786
7.884531366,4329558,658
7.887000166,4330360,802
7.887000166,4331002,642
7.889468966,4331820,818
7.889468966,4332446,626
7.891937766,4333280,834
7.891937766,4333890,610
7.894406566,4334740,850
7.894406566,4335334,594
7.896875366,4336200,866
7.896875366,4336778,578
7.899448166,4337660,882
7.899448166,4338222,562
7.901916966,4339120,898
7.901916966,4339666,546
7.904385766,4340580,914
7.904385766,4341110,530
7.906854566,4342040,930
7.906854566,4342554,514
7.909323366,4343500,946
7.909323366,4343998,498
7.911888166,4344960,962
7.911888166,4345442,482
7.914356966,4346420,978
7.914356966,4346886,466
7.916825766,4347880,994
7.916825766,4348330,450
7.919294566,4349340,1010
7.919294566,4349774,434
7.921763766,4350800,1026
7.921763766,4351218,418
7.924240166,4352260,1042
7.924240166,4352662,402
7.926708966,4353720,1058
7.926708966,4354106,386
7.929177766,4355180,1074
7.929177766,4355550,370
7.931742566,4356640,1090
7.931742566,4356994,354
7.934211366,4358100,1106
7.934211366,4358438,338
7.936680166,4359560,1122
7.936680166,4359882,322
7.939148966,4361020,1138
7.939148966,4361326,306
7.941617766,4362480,1154
7.941617766,4362770,290
7.944182966,4363940,1170
7.944182966,4364214,274
7.946659366,4365400,1186
7.946659366,4365658,258
7.949128166,4366860,1202
7.949128166,4367102,242
7.951596966,4368320,1218
7.951596966,4368546,226
7.954065766,4369780,1234
7.954065766,4369990,210
7.956534566,4371240,1250
7.956534566,4371434,194
7.959003366,4372700,1266
7.959003366,4372878,178
7.961472166,4374160,1282
7.961472166,4374322,162
7.964036966,4375620,1298
7.964036966,4375766,146
7.966505766,4377080,1314
7.966505766,4377210,130
7.968974966,4378540,1330
7.968974966,4378654,114
7.971451366,4380000,1346
7.971451366,4380098,98
7.973920166,4381460,1362
7.973920166,4381542,82
7.976484966,4382920,1378
7.976484966,4382986,66
7.978953686,4384380,1394
7.978953686,4384430,50
7.981420886,4385840,1410
7.981420886,4385874,34
7.983888086,4387300,1426
7.983888086,4387318,18
7.986355286,4388760,1442
7.986355286,4388762,2
7.988918566,4390214,1452
7.991387766,4390220,6
7.991387766,4391659,1439
7.993864166,4391680,21
7.993864166,4393104,1424
7.996332966,4393140,36
7.996332966,4394549,1409
7.998801766,4394600,51
7.998801766,4395994,1394
8.001270566,4396060,66
8.001270566,4397438,1378
8.003739366,4397520,82
8.003739366,4398882,1362
8.006208166,4398980,98
8.006208166,4400326,1346
8.008772966,4400440,114
8.008772966,4401770,1330
8.011241766,4401900,130
8.011241766,4403214,1314
8.013710566,4403360,146
8.013710566,4404658,1298
8.016179766,4404820,162
8.016179766,4406102,1282
8.018656166,4406280,178
8.018656166,4407546,1266
8.021220966,4407740,194
8.021220966,4408990,1250
8.023689766,4409200,210
8.023689766,4410434,1234
8.026158566,4410660,226
8.026158566,4411878,1218
8.028627366,4412120,242
8.028627366,4413322,1202
8.031096166,4413580,258
8.031096166,4414766,1186
8.033564966,4415040,274
8.033564966,4416210,1170
8.036033766,4416500,290
8.036033766,4417654,1154
8.038502566,4417960,306
8.038502566,4419098,1138
8.040971766,4419420,322
8.040971766,4420542,1122
8.043544166,4420880,338
8.043544166,4421986,1106
8.046012966,4422340,354
8.046012966,4423430,1090
8.048481766,4423800,370
8.048481766,4424874,1074
8.050950566,4425260,386
8.050950566,4426318,1058
8.053419366,4426720,402
8.053419366,4427762,1042
8.055984166,4428180,418
8.055984166,4429206,1026
8.058452966,4429640,434
8.058452966,4430650,1010
8.060921766,4431100,450
8.060921766,4432094,994
8.063390966,4432560,466
8.063390966,4433538,978
8.065867366,4434020,482
8.065867366,4434982,962
8.068432166,4435480,498
8.068432166,4436426,946
8.070900966,4436940,514
8.070900966,4437870,930
8.073369766,4438400,530
8.073369766,4439314,914
8.075838566,4439860,546
8.075838566,4440758,898
8.078307366,4441320,562
8.078307366,4442202,882
8.080776166,4442780,578
8.080776166,4443646,866
8.083244966,4444240,594
8.083244966,4445090,850
8.085713766,4445700,610
8.085713766,4446534,834
8.088286566,4447160,626
8.088286566,4447978,818
8.090755366,4448620,642
8.090755366,4449422,802
8.093224166,4450080,658
8.093224166,4450866,786
8.095692966,4451540,674
8.095692966,4452310,770
8.098161766,4453000,690
8.098161766,4453754,754
8.100726566,4454460,706
8.100726566,4455198,738
8.103195366,4455920,722
8.103195366,4456642,722
8.105664166,4457380,738
8.105664166,4458086,706
8.108132966,4458840,754
8.108132966,4459530,690
8.110602166,4460300,770
8.110602166,4460974,674
8.113078566,4461760,786
8.113078566,4462418,658
8.115547366,4463220,802
8.115547366,4463862,642
8.118016166,4464680,818
8.118016166,4465306,626
8.120580966,4466140,834
8.120580966,4466750,610
8.123049766,4467600,850
8.123049766,4468194,594
8.125518566,4469060,866
8.125518566,4469638,578
8.127987366,4470520,882
8.127987366,4471082,562
8.130456166,4471980,898
8.130456166,4472526,546
8.133021366,4473440,914
8.133021366,4473970,530
8.135497766,4474900,930
8.135497766,4475414,514
8.137966566,4476360,946
8.137966566,4476858,498
8.140435366,4477820,962
8.140435366,4478302,482
8.142904166,4479280,978
8.142904166,4479746,466
8.145372966,4480740,994
8.145372966,4481190,450
8.147841766,4482200,1010
8.147841766,4482634,434
8.150310566,4483660,1026
8.150310566,4484078,418
8.152875366,4485120,1042
8.152875366,4485522,402
8.155344166,4486580,1058
8.155344166,4486966,386
8.157813366,4488040,1074
8.157813366,4488410,370
8.160289766,4489500,1090
8.160289766,4489854,354
8.162758566,4490960,1106
8.162758566,4491298,338
8.165323366,4492420,1122
8.165323366,4492742,322
8.167792166,4493880,1138
8.167792166,4494186,306
8.170260966,4495340,1154
8.170260966,4495630,290
8.172729766,4496800,1170
8.172729766,4497074,274
8.175198566,4498260,1186
8.175198566,4498518,258
8.177763366,4499720,1202
8.177763366,4499962,242
8.180232566,4501180,1218
8.180232566,4501406,226
8.182708966,4502640,1234
8.182708966,4502850,210
8.185177766,4504100,1250
8.185177766,4504294,194
8.187646566,4505560,1266
8.187646566,4505738,178
8.190115366,4507020,1282
8.190115366,4507182,162
8.192584166,4508480,1298
8.192584166,4508626,146
8.195052966,4509940,1314
8.195052966,4510070,130
8.197617766,4511400,1330
8.197617766,4511514,114
8.200086566,4512860,1346
8.200086566,4512958,98
8.202555366,4514320,1362
8.202555366,4514402,82
8.205024566,4515780,1378
8.205024566,4515846,66
8.207500886,4517240,1394
8.207500886,4517290,50
8.210064086,4518700,1410
8.210064086,4518734,34
8.212531286,4520160,1426
8.212531286,4520178,18
8.214998486,4521620,1442
8.214998486,4521622,2
8.217465766,4523074,1452
8.219934566,4523080,6
8.219934566,4524519,1439
8.222403366,4524540,21
8.222403366,4525964,1424
8.224872166,4526000,36
8.224872166,4527409,1409
8.227340966,4527460,51
8.227340966,4528854,1394
8.229913766,4528920,66
8.229913766,4530298,1378
8.232382566,4530380,82
8.232382566,4531742,1362
8.234851366,4531840,98
8.234851366,4533186,1346
8.237320166,4533300,114
8.237320166,4534630,1330
8.239788966,4534760,130
8.239788966,4536074,1314
8.242353766,4536220,146
8.242353766,4537518,1298
8.244822566,4537680,162
8.244822566,4538962,1282
8.247291366,4539140,178
8.247291366,4540406,1266
8.249760166,4540600,194
8.249760166,4541850,1250
8.252229366,4542060,210
8.252229366,4543294,1234
8.254705766,4543520,226
8.254705766,4544738,1218
8.257174566,4544980,242
8.257174566,4546182,1202
8.259643366,4546440,258
8.259643366,4547626,1186
8.262208166,4547900,274
8.262208166,4549070,1170
8.264676966,4549360,290
8.264676966,4550514,1154
8.267145766,4550820,306
8.267145766,4551958,1138
8.269614566,4552280,322
8.269614566,4553402,1122
8.272083366,4553740,338
8.272083366,4554846,1106
8.274648566,4555200,354
8.274648566,4556290,1090
8.277124966,4556660,370
8.277124966,4557734,1074
8.279593766,4558120,386
8.279593766,4559178,1058
8.282062566,4559580,402
8.282062566,4560622,1042
8.284531366,4561040,418
8.284531366,4562066,1026
8.287096166,4562500,434
8.287096166,4563510,1010
8.289564966,4563960,450
8.289564966,4564954,994
8.292033766,4565420,466
8.292033766,4566398,978
8.294502566,4566880,482
8.294502566,4567842,962
8.296971366,4568340,498
8.296971366,4569286,946
8.299440566,4569800,514
8.299440566,4570730,930
8.301916966,4571260,530
8.301916966,4572174,914
8.304385766,4572720,546
8.304385766,4573618,898
8.306950566,4574180,562
8.306950566,4575062,882
8.309419366,4575640,578
8.309419366,4576506,866
8.311888166,4577100,594
8.311888166,4577950,850
8.314356966,4578560,610
8.314356966,4579394,834
8.316825766,4580020,626
8.316825766,4580838,818
8.319390566,4581480,642
8.319390566,4582282,802
8.321859766,4582940,658
8.321859766,4583726,786
8.324336166,4584400,674
8.324336166,4585170,770
8.326804966,4585860,690
8.326804966,4586614,754
8.329273766,4587320,706
8.329273766,4588058,738
8.331742566,4588780,722
8.331742566,4589502,722
8.334211366,4590240,738
8.334211366,4590946,706
8.336680166,4591700,754
8.336680166,4592390,690
8.339244966,4593160,770
8.339244966,4593834,674
8.341713766,4594620,786
8.341713766,4595278,658
8.344182566,4596080,802
8.344182566,4596722,642
8.346651766,4597540,818
8.346651766,4598166,626
8.349128166,4599000,834
8.349128166,4599610,610
8.351692966,4600460,850
8.351692966,4601054,594
8.354161766,4601920,866
8.354161766,4602498,578
8.356630566,4603380,882
8.356630566,4603942,562
8.359099366,4604840,898
8.359099366,4605386,546
8.361568166,4606300,914
8.361568166,4606830,530
8.364036966,4607760,930
8.364036966,4608274,514
8.366505766,4609220,946
8.366505766,4609718,498
8.368974566,4610680,962
8.368974566,4611162,482
8.371547366,4612140,978
8.371547366,4612606,466
8.374016166,4613600,994
8.374016166,4614050,450
8.376484966,4615060,1010
8.376484966,4615494,434
8.378953766,4616520,1026
8.378953766,4616938,418
8.381422566,4617980,1042
8.381422566,4618382,402
8.383987366,4619440,1058
8.383987366,4619826,386
8.386456166,4620900,1074
8.386456166,4621270,370
8.388924966,4622360,1090
8.388924966,4622714,354
8.391393766,4623820,1106
8.391393766,4624158,338
8.393862966,4625280,1122
8.393862966,4625602,322
8.396435366,4626740,1138
8.396435366,4627046,306
8.398904166,4628200,1154
8.398904166,4628490,290
8.401372966,4629660,1170
8.401372966,4629934,274
8.403841766,4631120,1186
8.403841766,4631378,258
8.406310566,4632580,1202
8.406310566,4632822,242
8.408779366,4634040,1218
8.408779366,4634266,226
8.411248166,4635500,1234
8.411248166,4635710,210
8.413716966,4636960,1250
8.413716966,4637154,194
8.416282166,4638420,1266
8.416282166,4638598,178
8.418758566,4639880,1282
8.418758566,4640042,162
8.421227366,4641340,1298
8.421227366,4641486,146
8.423696166,4642800,1314
8.423696166,4642930,130
8.426164966,4644260,1330
8.426164966,4644374,114
8.428729766,4645720,1346
8.428729766,4645818,98
8.431198566,4647180,1362
8.431198566,4647262,82
8.433667366,4648640,1378
8.433667366,4648706,66
8.436136086,4650100,1394
8.436136086,4650150,50
8.438603286,4651560,1410
8.438603286,4651594,34
8.441070886,4653020,1426
8.441070886,4653038,18
8.443545686,4654480,1442
8.443545686,4654482,2
8.446012966,4655934,1452
8.448577766,4655940,6
8.448577766,4657379,1439
8.451046566,4657400,21
8.451046566,4658824,1424
8.453515366,4658860,36
8.453515366,4660269,1409
8.455984166,4660320,51
8.455984166,4661714,1394
8.458452966,4661780,66
8.458452966,4663158,1378
8.461017766,4663240,82
8.461017766,4664602,1362
8.463486966,4664700,98
8.463486966,4666046,1346
8.465963366,4666160,114
8.465963366,4667490,1330
8.468432166,4667620,130
8.468432166,4668934,1314
8.470900966,4669080,146
8.470900966,4670378,1298
8.473369766,4670540,162
8.473369766,4671822,1282
8.475838566,4672000,178
8.475838566,4673266,1266
8.478307366,4673460,194
8.478307366,4674710,1250
8.480872166,4674920,210
8.480872166,4676154,1234
8.483340966,4676380,226
8.483340966,4677598,1218
8.485809766,4677840,242
8.485809766,4679042,1202
8.488278966,4679300,258
8.488278966,4680486,1186
8.490755366,4680760,274
8.490755366,4681930,1170
8.493320166,4682220,290
8.493320166,4683374,1154
8.495788966,4683680,306
8.495788966,4684818,1138
8.498257766,4685140,322
8.498257766,4686262,1122
8.500726566,4686600,338
8.500726566,4687706,1106
8.503195366,4688060,354
8.503195366,4689150,1090
8.505760166,4689520,370
8.505760166,4690594,1074
8.508228966,4690980,386
8.508228966,4692038,1058
8.510698166,4692440,402
8.510698166,4693482,1042
8.513174566,4693900,418
8.513174566,4694926,1026
8.515643366,4695360,434
8.515643366,4696370,1010
8.518112166,4696820,450
8.518112166,4697814,994
8.520580966,4698280,466
8.520580966,4699258,978
8.523049766,4699740,482
8.523049766,4700702,962
8.525614566,4701200,498
8.525614566,4702146,946
8.528083366,4702660,514
8.528083366,4703590,930
8.530552166,4704120,530
8.530552166,4705034,914
8.533020966,4705580,546
8.533020966,4706478,898
8.535490166,4707040,562
8.535490166,4707922,882
8.538062566,4708500,578
8.538062566,4709366,866
8.540531366,4709960,594
8.540531366,4710810,850
8.543000166,4711420,610
8.543000166,4712254,834
8.545468966,4712880,626
8.545468966,4713698,818
8.547937766,4714340,642
8.547937766,4715142,802
8.550406566,4715800,658
8.550406566,4716586,786
8.552875366,4717260,674
8.552875366,4718030,770
8.555344166,4718720,690
8.555344166,4719474,754
8.557812966,4720180,706
8.557812966,4720918,738
8.560385766,4721640,722
8.560385766,4722362,722
8.562854566,4723100,738
8.562854566,4723806,706
8.565323366,4724560,754
8.565323366,4725250,690
8.567792166,4726020,770
8.567792166,4726694,674
8.570260966,4727480,786
8.570260966,4728138,658
8.572825766,4728940,802
8.572825766,4729582,642
8.575294566,4730400,818
8.575294566,4731026,626
8.577763366,4731860,834
8.577763366,4732470,610
8.580232166,4733320,850
8.580232166,4733914,594
8.582701366,4734780,866
8.582701366,4735358,578
8.585273766,4736240,882
8.585273766,4736802,562
8.587742566,4737700,898
8.587742566,4738246,546
8.590211366,4739160,914
8.590211366,4739690,530
8.592680166,4740620,930
8.592680166,4741134,514
8.595148966,4742080,946
8.595148966,4742578,498
8.597617766,4743540,962
8.597617766,4744022,482
8.600086566,4745000,978
8.600086566,4745466,466
8.602555366,4746460,994
8.602555366,4746910,450
8.605120566,4747920,1010
8.605120566,4748354,434
8.607596966,4749380,1026
8.607596966,4749798,418
8.610065766,4750840,1042
8.610065766,4751242,402
8.612534566,4752300,1058
8.612534566,4752686,386
8.615003366,4753760,1074
8.615003366,4754130,370
8.617568166,4755220,1090
8.617568166,4755574,354
8.620036966,4756680,1106
8.620036966,4757018,338
8.622505766,4758140,1122
8.622505766,4758462,322
8.624974566,4759600,1138
8.624974566,4759906,306
8.627443366,4761060,1154
8.627443366,4761350,290
8.629912566,4762520,1170
8.629912566,4762794,274
8.632388966,4763980,1186
8.632388966,4764238,258
8.634857766,4765440,1202
8.634857766,4765682,242
8.637422566,4766900,1218
8.637422566,4767126,226
8.639891366,4768360,1234
8.639891366,4768570,210
8.642360166,4769820,1250
8.642360166,4770014,194
8.644828966,4771280,1266
8.644828966,4771458,178
8.647297766,4772740,1282
8.647297766,4772902,162
8.649862566,4774200,1298
8.649862566,4774346,146
8.652331766,4775660,1314
8.652331766,4775790,130
8.654808166,4777120,1330
8.654808166,4777234,114
8.657276966,4778580,1346
8.657276966,4778678,98
8.659745766,4780040,1362
8.659745766,4780122,82
8.662214566,4781500,1378
8.662214566,4781566,66
8.664683286,4782960,1394
8.664683286,4783010,50
8.667150486,4784420,1410
8.667150486,4784454,34
8.669713686,4785880,1426
8.669713686,4785898,18
8.672180886,4787340,1442
8.672180886,4787342,2
8.674648166,4788794,1452
8.677117366,4788800,6
8.677117366,4790239,1439
8.679593766,4790260,21
8.679593766,4791684,1424
8.682158566,4791720,36
8.682158566,4793129,1409
8.684627366,4793180,51
8.684627366,4794574,1394
8.687096166,4794640,66
8.687096166,4796018,1378
8.689564966,4796100,82
8.689564966,4797462,1362
8.692033766,4797560,98
8.692033766,4798906,1346
8.694598566,4799020,114
8.694598566,4800350,1330
8.697067366,4800480,130
8.697067366,4801794,1314
8.699536566,4801940,146
8.699536566,4803238,1298
8.702012966,4803400,162
8.702012966,4804682,1282
8.704481766,4804860,178
8.704481766,4806126,1266
8.706950566,4806320,194
8.706950566,4807570,1250
8.709419366,4807780,210
8.709419366,4809014,1234
8.711888166,4809240,226
8.711888166,4810458,1218
8.714452966,4810700,242
8.714452966,4811902,1202
8.716921766,4812160,258
8.716921766,4813346,1186
8.719390566,4813620,274
8.719390566,4814790,1170
8.721859366,4815080,290
8.721859366,4816234,1154
8.724328566,4816540,306
8.724328566,4817678,1138
8.726900966,4818000,322
8.726900966,4819122,1122
8.729369766,4819460,338
8.729369766,4820566,1106
8.731838566,4820920,354
8.731838566,4822010,1090
8.734307366,4822380,370
8.734307366,4823454,1074
8.736776166,4823840,386
8.736776166,4824898,1058
8.739244966,4825300,402
8.739244966,4826342,1042
8.741713766,4826760,418
8.741713766,4827786,1026
8.744182566,4828220,434
8.744182566,4829230,1010
8.746747766,4829680,450
8.746747766,4830674,994
8.749224166,4831140,466
8.749224166,4832118,978
8.751692966,4832600,482
8.751692966,4833562,962
8.754161766,4834060,498
8.754161766,4835006,946
8.756630566,4835520,514
8.756630566,4836450,930
8.759195366,4836980,530
8.759195366,4837894,914
8.761664166,4838440,546
8.761664166,4839338,898
8.764132966,4839900,562
8.764132966,4840782,882
8.766601766,4841360,578
8.766601766,4842226,866
8.769070566,4842820,594
8.769070566,4843670,850
8.771539766,4844280,610
8.771539766,4845114,834
8.774016166,4845740,626
8.774016166,4846558,818
8.776484966,4847200,642
8.776484966,4848002,802
8.779049766,4848660,658
8.779049766,4849446,786
8.781518566,4850120,674
8.781518566,4850890,770
8.783987366,4851580,690
8.783987366,4852334,754
8.786456166,4853040,706
8.786456166,4853778,738
8.788924966,4854500,722
8.788924966,4855222,722
8.791489766,4855960,738
8.791489766,4856666,706
8.793958966,4857420,754
8.793958966,4858110,690
8.796435366,4858880,770
8.796435366,4859554,674
8.798904166,4860340,786
8.798904166,4860998,658
8.801372966,4861800,802
8.801372966,4862442,642
8.803937766,4863260,818
8.803937766,4863886,626
8.806406566,4864720,834
8.806406566,4865330,610
8.808875366,4866180,850
8.808875366,4866774,594
8.811344166,4867640,866
8.811344166,4868218,578
8.813812966,4869100,882
8.813812966,4869662,562
8.816281766,4870560,898
8.816281766,4871106,546
8.818750966,4872020,914
8.818750966,4872550,530
8.821227366,4873480,930
8.821227366,4873994,514
8.823792166,4874940,946
8.823792166,4875438,498
8.826260966,4876400,962
8.826260966,4876882,482
8.828729766,4877860,978
8.828729766,4878326,466
8.831198566,4879320,994
8.831198566,4879770,450
8.833667366,4880780,1010
8.833667366,4881214,434
8.836232166,4882240,1026
8.836232166,4882658,418
8.838700966,4883700,1042
8.838700966,4884102,402
8.841170166,4885160,1058
8.841170166,4885546,386
8.843646566,4886620,1074
8.843646566,4886990,370
8.846115366,4888080,1090
8.846115366,4888434,354
8.848584166,4889540,1106
8.848584166,4889878,338
8.851052966,4891000,1122
8.851052966,4891322,322
8.853521766,4892460,1138
8.853521766,4892766,306
8.856086566,4893920,1154
8.856086566,4894210,290
8.858555366,4895380,1170
8.858555366,4895654,274
8.861024166,4896840,1186
8.861024166,4897098,258
8.863492966,4898300,1202
8.863492966,4898542,242
8.865962166,4899760,1218
8.865962166,4899986,226
8.868534566,4901220,1234
8.868534566,4901430,210
8.871003366,4902680,1250
8.871003366,4902874,194
8.873472166,4904140,1266
8.873472166,4904318,178
8.875940966,4905600,1282
8.875940966,4905762,162
8.878409766,4907060,1298
8.878409766,4907206,146
8.880878566,4908520,1314
8.880878566,4908650,130
8.883347366,4909980,1330
8.883347366,4910094,114
8.885816166,4911440,1346
8.885816166,4911538,98
8.888381366,4912900,1362
8.888381366,4912982,82
8.890857766,4914360,1378
8.890857766,4914426,66
8.893326486,4915820,1394
8.893326486,4915870,50
8.895793686,4917280,1410
8.895793686,4917314,34
8.898260886,4918740,1426
8.898260886,4918758,18
8.900824086,4920200,1442
8.900824086,4920202,2
8.903291366,4921654,1452
8.905760166,4921660,6
8.905760166,4923099,1439
8.908228966,4923120,21
8.908228966,4924544,1424
8.910697766,4924580,36
8.910697766,4925989,1409
8.913270566,4926040,51
8.913270566,4927434,1394
8.915739366,4927500,66
8.915739366,4928878,1378
8.918208166,4928960,82
8.918208166,4930322,1362
8.920676966,4930420,98
8.920676966,4931766,1346
8.923145766,4931880,114
8.923145766,4933210,1330
8.925614566,4933340,130
8.925614566,4934654,1314
8.928083366,4934800,146
8.928083366,4936098,1298
8.930552166,4936260,162
8.930552166,4937542,1282
8.933116966,4937720,178
8.933116966,4938986,1266
8.935586166,4939180,194
8.935586166,4940430,1250
8.938062566,4940640,210
8.938062566,4941874,1234
8.940531366,4942100,226
8.940531366,4943318,1218
8.943000166,4943560,242
8.943000166,4944762,1202
8.945564966,4945020,258
8.945564966,4946206,1186
8.948033766,4946480,274
8.948033766,4947650,1170
8.950502566,4947940,290
8.950502566,4949094,1154
8.952971366,4949400,306
8.952971366,4950538,1138
8.955440166,4950860,322
8.955440166,4951982,1122
8.957908966,4952320,338
8.957908966,4953426,1106
8.960378166,4953780,354
8.960378166,4954870,1090
8.962854566,4955240,370
8.962854566,4956314,1074
8.965419366,4956700,386
8.965419366,4957758,1058
8.967888166,4958160,402
8.967888166,4959202,1042
8.970356966,4959620,418
8.970356966,4960646,1026
8.972825766,4961080,434
8.972825766,4962090,1010
8.975294566,4962540,450
8.975294566,4963534,994
8.977859366,4964000,466
8.977859366,4964978,978
8.980328166,4965460,482
8.980328166,4966422,962
8.982797366,4966920,498
8.982797366,4967866,946
8.985273766,4968380,514
8.985273766,4969310,930
8.987742566,4969840,530
8.987742566,4970754,914
8.990307366,4971300,546
8.990307366,4972198,898
8.992776166,4972760,562
8.992776166,4973642,882
8.995244966,4974220,578
8.995244966,4975086,866
8.997713766,4975680,594
8.997713766,4976530,850
9.000182566,4977140,610
9.000182566,4977974,834
9.002651366,4978600,626
9.002651366,4979418,818
9.005120166,4980060,642
9.005120166,4980862,802
9.007589366,4981520,658
9.007589366,4982306,786
9.010161766,4982980,674
9.010161766,4983750,770
9.012630566,4984440,690
9.012630566,4985194,754
9.015099366,4985900,706
9.015099366,4986638,738
9.017568166,4987360,722
9.017568166,4988082,722
9.020036966,4988820,738
9.020036966,4989526,706
9.022601766,4990280,754
9.022601766,4990970,690
9.025070566,4991740,770
9.025070566,4992414,674
9.027539366,4993200,786
9.027539366,4993858,658
9.030008566,4994660,802
9.030008566,4995302,642
9.032484966,4996120,818
9.032484966,4996746,626
9.034953766,4997580,834
9.034953766,4998190,610
9.037422566,4999040,850
9.037422566,4999634,594
9.039891366,5000500,866
9.039891366,5001078,578
9.042456166,5001960,882
9.042456166,5002522,562
9.044924966,5003420,898
9.044924966,5003966,546
9.047393766,5004880,914
9.047393766,5005410,530
9.049862566,5006340,930
9.049862566,5006854,514
9.052331366,5007800,946
9.052331366,5008298,498
9.054904166,5009260,962
9.054904166,5009742,482
9.057372966,5010720,978
9.057372966,5011186,466
9.059841766,5012180,994
9.059841766,5012630,450
9.062310566,5013640,1010
9.062310566,5014074,434
9.064779366,5015100,1026
9.064779366,5015518,418
9.067248166,5016560,1042
9.067248166,5016962,402
9.069716966,5018020,1058
9.069716966,5018406,386
9.072185766,5019480,1074
9.072185766,5019850,370
9.074750566,5020940,1090
9.074750566,5021294,354
9.077219766,5022400,1106
9.077219766,5022738,338
9.079696166,5023860,1122
9.079696166,5024182,322
9.082164966,5025320,1138
9.082164966,5025626,306
9.084633766,5026780,1154
9.084633766,5027070,290
9.087198566,5028240,1170
9.087198566,5028514,274
9.089667366,5029700,1186
9.089667366,5029958,258
9.092136166,5031160,1202
9.092136166,5031402,242
9.094604966,5032620,1218
9.094604966,5032846,226
9.097073766,5034080,1234
9.097073766,5034290,210
9.099542566,5035540,1250
9.099542566,5035734,194
9.102115366,5037000,1266
9.102115366,5037178,178
9.104584166,5038460,1282
9.104584166,5038622,162
9.107052966,5039920,1298
9.107052966,5040066,146
9.109521766,5041380,1314
9.109521766,5041510,130
9.111990566,5042840,1330
9.111990566,5042954,114
9.114459366,5044300,1346
9.114459366,5044398,98
9.116928166,5045760,1362
9.116928166,5045842,82
9.119396966,5047220,1378
9.119396966,5047286,66
9.121961686,5048680,1394
9.121961686,5048730,50
9.124429286,5050140,1410
9.124429286,5050174,34
9.126904086,5051600,1426
9.126904086,5051618,18
9.129371286,5053060,1442
9.129371286,5053062,2
9.131838566,5054514,1452
9.134403366,5054520,6
9.134403366,5055959,1439
9.136872166,5055980,21
9.136872166,5057404,1424
9.139340966,5057440,36
9.139340966,5058849,1409
9.141809766,5058900,51
9.141809766,5060294,1394
9.144278566,5060360,66
9.144278566,5061738,1378
9.146747366,5061820,82
9.146747366,5063182,1362
9.149216566,5063280,98
9.149216566,5064626,1346
9.151692966,5064740,114
9.151692966,5066070,1330
9.154257766,5066200,130
9.154257766,5067514,1314
9.156726566,5067660,146
9.156726566,5068958,1298
9.159195366,5069120,162
9.159195366,5070402,1282
9.161664166,5070580,178
9.161664166,5071846,1266
9.164132966,5072040,194
9.164132966,5073290,1250
9.166697766,5073500,210
9.166697766,5074734,1234
9.169166566,5074960,226
9.169166566,5076178,1218
9.171635766,5076420,242
9.171635766,5077622,1202
9.174112166,5077880,258
9.174112166,5079066,1186
9.176580966,5079340,274
9.176580966,5080510,1170
9.179049766,5080800,290
9.179049766,5081954,1154
9.181518566,5082260,306
9.181518566,5083398,1138
9.183987366,5083720,322
9.183987366,5084842,1122
9.186552166,5085180,338
9.186552166,5086286,1106
9.189020966,5086640,354
9.189020966,5087730,1090
9.191489766,5088100,370
9.191489766,5089174,1074
9.193958566,5089560,386
9.193958566,5090618,1058
9.196427766,5091020,402
9.196427766,5092062,1042
9.199000166,5092480,418
9.199000166,5093506,1026
9.201468966,5093940,434
9.201468966,5094950,1010
9.203937766,5095400,450
9.203937766,5096394,994
9.206406566,5096860,466
9.206406566,5097838,978
9.208875366,5098320,482
9.208875366,5099282,962
9.211440166,5099780,498
9.211440166,5100726,946
9.213908966,5101240,514
9.213908966,5102170,930
9.216377766,5102700,530
9.216377766,5103614,914
9.218846966,5104160,546
9.218846966,5105058,898
9.221323366,5105620,562
9.221323366,5106502,882
9.223792166,5107080,578
9.223792166,5107946,866
9.226260966,5108540,594
9.226260966,5109390,850
9.228729766,5110000,610
9.228729766,5110834,834
9.231294566,5111460,626
9.231294566,5112278,818
9.233763366,5112920,642
9.233763366,5113722,802
9.236232166,5114380,658
9.236232166,5115166,786
9.238700966,5115840,674
9.238700966,5116610,770
9.241169766,5117300,690
9.241169766,5118054,754
9.243742566,5118760,706
9.243742566,5119498,738
9.246211366,5120220,722
9.246211366,5120942,722
9.248680166,5121680,738
9.248680166,5122386,706
9.251148966,5123140,754
9.251148966,5123830,690
9.253617766,5124600,770
9.253617766,5125274,674
9.256086566,5126060,786
9.256086566,5126718,658
9.258555366,5127520,802
9.258555366,5128162,642
9.261024166,5128980,818
9.261024166,5129606,626
9.263588966,5130440,834
9.263588966,5131050,610
9.266058166,5131900,850
9.266058166,5132494,594
9.268534566,5133360,866
9.268534566,5133938,578
9.271003366,5134820,882
9.271003366,5135382,562
9.273472166,5136280,898
9.273472166,5136826,546
9.276036966,5137740,914
9.276036966,5138270,530
9.278505766,5139200,930
9.278505766,5139714,514
9.280974566,5140660,946
9.280974566,5141158,498
9.283443366,5142120,962
9.283443366,5142602,482
9.285912166,5143580,978
9.285912166,5144046,466
9.288380966,5145040,994
9.288380966,5145490,450
9.290850166,5146500,1010
9.290850166,5146934,434
9.293326566,5147960,1026
9.293326566,5148378,418
9.295891366,5149420,1042
9.295891366,5149822,402
9.298360166,5150880,1058
9.298360166,5151266,386
9.300828966,5152340,1074
9.300828966,5152710,370
9.303297766,5153800,1090
9.303297766,5154154,354
9.305766566,5155260,1106
9.305766566,5155598,338
9.308331366,5156720,1122
9.308331366,5157042,322
9.310800166,5158180,1138
9.310800166,5158486,306
9.313269366,5159640,1154
9.313269366,5159930,290
9.315745766,5161100,1170
9.315745766,5161374,274
9.318214566,5162560,1186
9.318214566,5162818,258
9.320683366,5164020,1202
9.320683366,5164262,242
9.323248166,5165480,1218
9.323248166,5165706,226
9.325716966,5166940,1234
9.325716966,5167150,210
9.328185766,5168400,1250
9.328185766,5168594,194
9.330654566,5169860,1266
9.330654566,5170038,178
9.333123366,5171320,1282
9.333123366,5171482,162
9.335592166,5172780,1298
9.335592166,5172926,146
9.338061366,5174240,1314
9.338061366,5174370,130
9.340633766,5175700,1330
9.340633766,5175814,114
9.343102566,5177160,1346
9.343102566,5177258,98
9.345571366,5178620,1362
9.345571366,5178702,82
9.348040166,5180080,1378
9.348040166,5180146,66
9.350508886,5181540,1394
9.350508886,5181590,50
9.352976086,5183000,1410
9.352976086,5183034,34
9.355539286,5184460,1426
9.355539286,5184478,18
9.358006486,5185920,1442
9.358006486,5185922,2
9.360474166,5187374,1452
9.362950566,5187380,6
9.362950566,5188819,1439
9.365419366,5188840,21
9.365419366,5190264,1424
9.367888166,5190300,36
9.367888166,5191709,1409
9.370356966,5191760,51
9.370356966,5193154,1394
9.372921766,5193220,66
9.372921766,5194598,1378
9.375390566,5194680,82
9.375390566,5196042,1362
9.377859366,5196140,98
9.377859366,5197486,1346
9.380328166,5197600,114
9.380328166,5198930,1330
9.382796966,5199060,130
9.382796966,5200374,1314
9.385266166,5200520,146
9.385266166,5201818,1298
9.387838566,5201980,162
9.387838566,5203262,1282
9.390307366,5203440,178
9.390307366,5204706,1266
9.392776166,5204900,194
9.392776166,5206150,1250
9.395244966,5206360,210
9.395244966,5207594,1234
9.397713766,5207820,226
9.397713766,5209038,1218
9.400182566,5209280,242
9.400182566,5210482,1202
9.402651366,5210740,258
9.402651366,5211926,1186
9.405216166,5212200,274
9.405216166,5213370,1170
9.407685366,5213660,290
9.407685366,5214814,1154
9.410161766,5215120,306
9.410161766,5216258,1138
9.412630566,5216580,322
9.412630566,5217702,1122
9.415099366,5218040,338
9.415099366,5219146,1106
9.417664166,5219500,354
9.417664166,5220590,1090
9.420132966,5220960,370
9.420132966,5222034,1074
9.422601766,5222420,386
9.422601766,5223478,1058
9.425070566,5223880,402
9.425070566,5224922,1042
9.427539366,5225340,418
9.427539366,5226366,1026
9.430008166,5226800,434
9.430008166,5227810,1010
9.432580966,5228260,450
9.432580966,5229254,994
9.435049766,5229720,466
9.435049766,5230698,978
9.437518566,5231180,482
9.437518566,5232142,962
9.439987366,5232640,498
9.439987366,5233586,946
9.442456166,5234100,514
9.442456166,5235030,930
9.444924966,5235560,530
9.444924966,5236474,914
9.447393766,5237020,546
9.447393766,5237918,898
9.449958566,5238480,562
9.449958566,5239362,882
9.452427366,5239940,578
9.452427366,5240806,866
9.454896566,5241400,594
9.454896566,5242250,850
9.456032406,5242860,610
9.456032406,5242880,20
