1.05222	0	0	0	0	
1.15457	0	1200	1200	0	
1.15659	0	2400	2400	0	
1.15902	1	0	0	0	
1.16147	1	1456	1456	0	
1.16147	1	1460	1460	0	
1.16509	1	2905	2905	0	
1.16509	1	2920	2920	0	
1.17509	1	4354	4354	0	
1.17509	1	4380	4380	0	
1.26784	1	5803	5803	0	
1.26784	1	5840	5840	0	
1.2703	1	7252	7252	0	
1.2703	1	7300	7300	0	
1.27277	1	8701	8701	0	
1.27277	1	8760	8760	0	
1.27523	1	10150	10150	0	
1.27523	1	10220	10220	0	
1.27769	1	11598	11598	0	
1.27769	1	11680	11680	0	
1.28016	1	13046	13046	0	
1.28016	1	13140	13140	0	
1.28784	1	14494	14494	0	
1.28784	1	14600	14600	0	
1.2903	1	15942	15942	0	
1.2903	1	16060	16060	0	
1.37551	1	17390	17390	0	
1.37551	1	17520	17520	0	
1.37798	1	18834	18834	0	
1.37798	1	18980	18980	0	
1.38045	1	20278	20278	0	
1.38045	1	20440	20440	0	
1.38291	1	21722	21722	0	
1.38291	1	21900	21900	0	
1.38538	1	23166	23166	0	
1.38538	1	23360	23360	0	
1.38785	1	24610	24610	0	
1.38785	1	24820	24820	0	
1.39032	1	26054	26054	0	
1.39032	1	26280	26280	0	
1.39278	1	27498	27498	0	
1.39278	1	27740	27740	0	
1.39524	1	28942	28942	0	
1.39524	1	29200	29200	0	
1.39771	1	30386	30386	0	
1.39771	1	30660	30660	0	
1.40018	1	31830	31830	0	
1.40018	1	32120	32120	0	
1.40264	1	33274	33274	0	
1.40264	1	33580	33580	0	
1.4052	1	34718	34718	0	
1.4052	1	35040	35040	0	
1.40766	1	36162	36162	0	
1.40766	1	36500	36500	0	
1.41013	1	37606	37606	0	
1.41013	1	37960	37960	0	
1.41259	1	39050	39050	0	
1.41259	1	39420	39420	0	
1.4832	1	40494	40494	0	
1.4832	1	40880	40880	0	
1.48567	1	41938	41938	0	
1.48567	1	42340	42340	0	
1.48815	1	43382	43382	0	
1.48815	1	43800	43800	0	
1.49061	1	44826	44826	0	
1.49061	1	45260	45260	0	
1.49308	1	46270	46270	0	
1.49308	1	46720	46720	0	
1.49555	1	47714	47714	0	
1.49555	1	48180	48180	0	
1.49801	1	49158	49158	0	
1.49801	1	49640	49640	0	
1.50048	1	50602	50602	0	
1.50048	1	51100	51100	0	
1.50294	1	52046	52046	0	
1.50294	1	52560	52560	0	
1.50541	1	53490	53490	0	
1.50541	1	54020	54020	0	
1.50787	1	54934	54934	0	
1.50787	1	55480	55480	0	
1.51033	1	56378	56378	0	
1.51033	1	56940	56940	0	
1.5128	1	57822	57822	0	
1.5128	1	58400	58400	0	
1.51527	1	59266	59266	0	
1.51527	1	59860	59860	0	
1.51773	1	60710	60710	0	
1.51773	1	61320	61320	0	
1.5202	1	62154	62154	0	
1.5202	1	62780	62780	0	
1.52266	1	63598	63598	0	
1.52266	1	64240	64240	0	
1.52513	1	65042	65042	0	
1.52513	1	65700	65700	0	
1.52768	1	66486	66486	0	
1.52768	1	67160	67160	0	
1.53015	1	67930	67930	0	
1.53015	1	68620	68620	0	
1.53261	1	69374	69374	0	
1.53261	1	70080	70080	0	
1.53507	1	70818	70818	0	
1.53507	1	71540	71540	0	
1.53754	1	72262	72262	0	
1.53754	1	73000	73000	0	
1.54001	1	73706	73706	0	
1.54001	1	74460	74460	0	
1.54247	1	75150	75150	0	
1.54247	1	75920	75920	0	
1.54494	1	76594	76594	0	
1.54494	1	77380	77380	0	
1.5474	1	78038	78038	0	
1.5474	1	78840	78840	0	
1.54987	1	79482	79482	0	
1.54987	1	80300	80300	0	
1.55242	1	80926	80926	0	
1.55242	1	81760	81760	0	
1.55488	1	82370	82370	0	
1.55488	1	83220	83220	0	
1.55735	1	83814	83814	0	
1.55735	1	84680	84680	0	
1.55981	1	85258	85258	0	
1.55981	1	86140	86140	0	
1.58826	1	86702	86702	0	
1.58826	1	87600	87600	0	
1.59072	1	88146	88146	0	
1.59072	1	89060	89060	0	
1.59336	1	89590	89590	0	
1.59336	1	90520	90520	0	
1.59582	1	91034	91034	0	
1.59582	1	91980	91980	0	
1.59829	1	92478	92478	0	
1.59829	1	93440	93440	0	
1.60075	1	93922	93922	0	
1.60075	1	94900	94900	0	
1.60322	1	95366	95366	0	
1.60322	1	96360	96360	0	
1.60568	1	96810	96810	0	
1.60568	1	97820	97820	0	
1.60824	1	98254	98254	0	
1.60824	1	99280	99280	0	
1.6107	1	99698	99698	0	
1.6107	1	100740	100740	0	
1.61317	1	101142	101142	0	
1.61317	1	102200	102200	0	
1.61564	1	102586	102586	0	
1.61564	1	103660	103660	0	
1.6181	1	104030	104030	0	
1.6181	1	105120	105120	0	
1.62056	1	105474	105474	0	
1.62056	1	106580	106580	0	
1.62303	1	106918	106918	0	
1.62303	1	108040	108040	0	
1.62549	1	108362	108362	0	
1.62549	1	109500	109500	0	
1.62796	1	109806	109806	0	
1.62796	1	110960	110960	0	
1.63042	1	111250	111250	0	
1.63042	1	112420	112420	0	
1.63288	1	112694	112694	0	
1.63288	1	113880	113880	0	
1.63535	1	114138	114138	0	
1.63535	1	115340	115340	0	
1.63791	1	115582	115582	0	
1.63791	1	116800	116800	0	
1.64037	1	117026	117026	0	
1.64037	1	118260	118260	0	
1.64284	1	118470	118470	0	
1.64284	1	119720	119720	0	
1.6453	1	119914	119914	0	
1.6453	1	121180	121180	0	
1.64777	1	121358	121358	0	
1.64777	1	122640	122640	0	
1.65023	1	122802	122802	0	
1.65023	1	124100	124100	0	
1.65269	1	124246	124246	0	
1.65269	1	125560	125560	0	
1.65516	1	125690	125690	0	
1.65516	1	127020	127020	0	
1.65762	1	127134	127134	0	
1.65762	1	128480	128480	0	
1.66009	1	128578	128578	0	
1.66009	1	129940	129940	0	
1.66255	1	130022	130022	0	
1.66255	1	131400	131400	0	
1.66502	1	131466	131466	0	
1.66502	1	132860	132860	0	
1.66758	1	132910	132910	0	
1.66758	1	134320	134320	0	
1.67004	1	134354	134354	0	
1.67004	1	135780	135780	0	
1.6725	1	135798	135798	0	
1.6725	1	137240	137240	0	
1.67496	1	137242	137242	0	
1.67743	1	138694	138694	0	
1.67743	1	138700	138700	0	
1.67989	1	140139	140139	0	
1.67989	1	140160	140160	0	
1.68236	1	141584	141584	0	
1.68236	1	141620	141620	0	
1.68482	1	143029	143029	0	
1.68482	1	143080	143080	0	
1.68728	1	144474	144474	0	
1.68728	1	144540	144540	0	
1.68976	1	145918	145918	0	
1.68976	1	146000	146000	0	
1.69222	1	147362	147362	0	
1.69222	1	147460	147460	0	
1.69468	1	148806	148806	0	
1.69468	1	148920	148920	0	
1.69715	1	150250	150250	0	
1.69715	1	150380	150380	0	
1.69961	1	151694	151694	0	
1.69961	1	151840	151840	0	
1.70208	1	153138	153138	0	
1.70208	1	153300	153300	0	
1.70454	1	154582	154582	0	
1.70454	1	154760	154760	0	
1.70709	1	156026	156026	0	
1.70709	1	156220	156220	0	
1.70956	1	157470	157470	0	
1.70956	1	157680	157680	0	
1.71202	1	158914	158914	0	
1.71202	1	159140	159140	0	
1.71449	1	160358	160358	0	
1.71449	1	160600	160600	0	
1.71696	1	161802	161802	0	
1.71696	1	162060	162060	0	
1.71942	1	163246	163246	0	
1.71942	1	163520	163520	0	
1.72189	1	164690	164690	0	
1.72189	1	164980	164980	0	
1.72435	1	166134	166134	0	
1.72435	1	166440	166440	0	
1.72681	1	167578	167578	0	
1.72681	1	167900	167900	0	
1.72928	1	169022	169022	0	
1.72928	1	169360	169360	0	
1.73183	1	170466	170466	0	
1.73183	1	170820	170820	0	
1.7343	1	171910	171910	0	
1.7343	1	172280	172280	0	
1.73676	1	173354	173354	0	
1.73676	1	173740	173740	0	
1.73923	1	174798	174798	0	
1.73923	1	175200	175200	0	
1.7417	1	176242	176242	0	
1.7417	1	176660	176660	0	
1.74416	1	177686	177686	0	
1.74416	1	178120	178120	0	
1.74672	1	179130	179130	0	
1.74672	1	179580	179580	0	
1.74918	1	180574	180574	0	
1.74918	1	181040	181040	0	
1.75164	1	182018	182018	0	
1.75164	1	182500	182500	0	
1.75411	1	183462	183462	0	
1.75411	1	183960	183960	0	
1.75657	1	184906	184906	0	
1.75657	1	185420	185420	0	
1.75904	1	186350	186350	0	
1.75904	1	186880	186880	0	
1.7616	1	187794	187794	0	
1.7616	1	188340	188340	0	
1.76406	1	189238	189238	0	
1.76406	1	189800	189800	0	
1.76653	1	190682	190682	0	
1.76653	1	191260	191260	0	
1.76899	1	192126	192126	0	
1.76899	1	192720	192720	0	
1.77146	1	193570	193570	0	
1.77146	1	194180	194180	0	
1.77392	1	195014	195014	0	
1.77392	1	195640	195640	0	
1.77638	1	196458	196458	0	
1.77638	1	197100	197100	0	
1.77885	1	197902	197902	0	
1.77885	1	198560	198560	0	
1.78131	1	199346	199346	0	
1.78131	1	200020	200020	0	
1.78378	1	200790	200790	0	
1.78378	1	201480	201480	0	
1.78624	1	202234	202234	0	
1.78624	1	202940	202940	0	
1.78871	1	203678	203678	0	
1.78871	1	204400	204400	0	
1.79118	1	205122	205122	0	
1.79118	1	205860	205860	0	
1.79364	1	206566	206566	0	
1.79364	1	207320	207320	0	
1.7961	1	208010	208010	0	
1.7961	1	208780	208780	0	
1.79857	1	209454	209454	0	
1.79857	1	210240	210240	0	
1.80112	1	210898	210898	0	
1.80112	1	211700	211700	0	
1.80359	1	212342	212342	0	
1.80359	1	213160	213160	0	
1.80605	1	213786	213786	0	
1.80605	1	214620	214620	0	
1.80852	1	215230	215230	0	
1.80852	1	216080	216080	0	
1.81098	1	216674	216674	0	
1.81098	1	217540	217540	0	
1.81345	1	218118	218118	0	
1.81345	1	219000	219000	0	
1.81592	1	219562	219562	0	
1.81592	1	220460	220460	0	
1.81838	1	221006	221006	0	
1.81838	1	221920	221920	0	
1.82084	1	222450	222450	0	
1.82084	1	223380	223380	0	
1.82331	1	223894	223894	0	
1.82331	1	224840	224840	0	
1.82577	1	225338	225338	0	
1.82577	1	226300	226300	0	
1.82824	1	226782	226782	0	
1.82824	1	227760	227760	0	
1.83079	1	228226	228226	0	
1.83079	1	229220	229220	0	
1.83325	1	229670	229670	0	
1.83325	1	230680	230680	0	
1.83572	1	231114	231114	0	
1.83572	1	232140	232140	0	
1.83819	1	232558	232558	0	
1.83819	1	233600	233600	0	
1.84065	1	234002	234002	0	
1.84065	1	235060	235060	0	
1.84312	1	235446	235446	0	
1.84312	1	236520	236520	0	
1.84558	1	236890	236890	0	
1.84558	1	237980	237980	0	
1.84805	1	238334	238334	0	
1.84805	1	239440	239440	0	
1.85051	1	239778	239778	0	
1.85051	1	240900	240900	0	
1.85297	1	241222	241222	0	
1.85297	1	242360	242360	0	
1.85544	1	242666	242666	0	
1.85544	1	243820	243820	0	
1.8579	1	244110	244110	0	
1.8579	1	245280	245280	0	
1.86037	1	245554	245554	0	
1.86037	1	246740	246740	0	
1.86283	1	246998	246998	0	
1.86283	1	248200	248200	0	
1.8653	1	248442	248442	0	
1.8653	1	249660	249660	0	
1.86777	1	249886	249886	0	
1.86777	1	251120	251120	0	
1.87032	1	251330	251330	0	
1.87032	1	252580	252580	0	
1.87279	1	252774	252774	0	
1.87279	1	254040	254040	0	
1.87525	1	254218	254218	0	
1.87525	1	255500	255500	0	
1.87789	1	255662	255662	0	
1.87789	1	256960	256960	0	
1.8803	1	257106	257106	0	
1.8803	1	258420	258420	0	
1.8827	1	258550	258550	0	
1.8827	1	259880	259880	0	
1.8872	1	259994	259994	0	
1.8872	1	261340	261340	0	
1.89126	1	261438	261438	0	
1.89126	1	262800	262800	0	
1.8954	1	262882	262882	0	
1.8954	1	264260	264260	0	
1.89819	1	264326	264326	0	
1.89819	1	265720	265720	0	
1.9006	1	265770	265770	0	
1.9006	1	267180	267180	0	
1.903	1	267214	267214	0	
1.903	1	268640	268640	0	
1.90589	1	268658	268658	0	
1.90589	1	270100	270100	0	
1.90829	1	270102	270102	0	
1.9107	1	271554	271554	0	
1.9107	1	271560	271560	0	
1.9131	1	272999	272999	0	
1.9131	1	273020	273020	0	
1.9155	1	274444	274444	0	
1.9155	1	274480	274480	0	
1.91791	1	275889	275889	0	
1.91791	1	275940	275940	0	
1.92031	1	277334	277334	0	
1.92031	1	277400	277400	0	
1.92271	1	278778	278778	0	
1.92271	1	278860	278860	0	
1.92512	1	280222	280222	0	
1.92512	1	280320	280320	0	
1.92752	1	281666	281666	0	
1.92752	1	281780	281780	0	
1.93001	1	283110	283110	0	
1.93001	1	283240	283240	0	
1.93242	1	284554	284554	0	
1.93242	1	284700	284700	0	
1.93482	1	285998	285998	0	
1.93482	1	286160	286160	0	
1.93722	1	287442	287442	0	
1.93722	1	287620	287620	0	
1.93963	1	288886	288886	0	
1.93963	1	289080	289080	0	
1.94203	1	290330	290330	0	
1.94203	1	290540	290540	0	
1.94443	1	291774	291774	0	
1.94443	1	292000	292000	0	
1.94684	1	293218	293218	0	
1.94684	1	293460	293460	0	
1.9493	1	294662	294662	0	
1.9493	1	294920	294920	0	
1.95177	1	296106	296106	0	
1.95177	1	296380	296380	0	
1.95424	1	297550	297550	0	
1.95424	1	297840	297840	0	
1.95671	1	298994	298994	0	
1.95671	1	299300	299300	0	
1.95918	1	300438	300438	0	
1.95918	1	300760	300760	0	
1.96165	1	301882	301882	0	
1.96165	1	302220	302220	0	
1.96406	1	303326	303326	0	
1.96406	1	303680	303680	0	
1.96646	1	304770	304770	0	
1.96646	1	305140	305140	0	
1.96886	1	306214	306214	0	
1.96886	1	306600	306600	0	
1.97127	1	307658	307658	0	
1.97127	1	308060	308060	0	
1.97376	1	309102	309102	0	
1.97376	1	309520	309520	0	
1.97616	1	310546	310546	0	
1.97616	1	310980	310980	0	
1.97857	1	311990	311990	0	
1.97857	1	312440	312440	0	
1.98097	1	313434	313434	0	
1.98097	1	313900	313900	0	
1.98337	1	314878	314878	0	
1.98337	1	315360	315360	0	
1.98578	1	316322	316322	0	
1.98578	1	316820	316820	0	
1.98818	1	317766	317766	0	
1.98818	1	318280	318280	0	
1.99058	1	319210	319210	0	
1.99058	1	319740	319740	0	
1.99299	1	320654	320654	0	
1.99299	1	321200	321200	0	
1.99539	1	322098	322098	0	
1.99539	1	322660	322660	0	
1.99788	1	323542	323542	0	
1.99788	1	324120	324120	0	
2.00029	1	324986	324986	0	
2.00029	1	325580	325580	0	
2.00269	1	326430	326430	0	
2.00269	1	327040	327040	0	
2.00509	1	327874	327874	0	
2.00509	1	328500	328500	0	
2.0075	1	329318	329318	0	
2.0075	1	329960	329960	0	
2.0099	1	330762	330762	0	
2.0099	1	331420	331420	0	
2.0123	1	332206	332206	0	
2.0123	1	332880	332880	0	
2.01471	1	333650	333650	0	
2.01471	1	334340	334340	0	
2.01711	1	335094	335094	0	
2.01711	1	335800	335800	0	
2.01951	1	336538	336538	0	
2.01951	1	337260	337260	0	
2.02192	1	337982	337982	0	
2.02192	1	338720	338720	0	
2.02432	1	339426	339426	0	
2.02432	1	340180	340180	0	
2.02672	1	340870	340870	0	
2.02672	1	341640	341640	0	
2.02913	1	342314	342314	0	
2.02913	1	343100	343100	0	
2.0316	1	343758	343758	0	
2.0316	1	344560	344560	0	
2.03406	1	345202	345202	0	
2.03406	1	346020	346020	0	
2.03669	1	346646	346646	0	
2.03669	1	347480	347480	0	
2.03916	1	348090	348090	0	
2.03916	1	348940	348940	0	
2.04163	1	349534	349534	0	
2.04163	1	350400	350400	0	
2.04404	1	350978	350978	0	
2.04404	1	351860	351860	0	
2.04644	1	352422	352422	0	
2.04644	1	353320	353320	0	
2.04884	1	353866	353866	0	
2.04884	1	354780	354780	0	
2.05124	1	355310	355310	0	
2.05124	1	356240	356240	0	
2.05365	1	356754	356754	0	
2.05365	1	357700	357700	0	
2.05605	1	358198	358198	0	
2.05605	1	359160	359160	0	
2.05845	1	359642	359642	0	
2.05845	1	360620	360620	0	
2.06086	1	361086	361086	0	
2.06086	1	362080	362080	0	
2.06326	1	362530	362530	0	
2.06326	1	363540	363540	0	
2.06576	1	363974	363974	0	
2.06576	1	365000	365000	0	
2.06816	1	365418	365418	0	
2.06816	1	366460	366460	0	
2.07057	1	366862	366862	0	
2.07057	1	367920	367920	0	
2.07297	1	368306	368306	0	
2.07297	1	369380	369380	0	
2.07537	1	369750	369750	0	
2.07537	1	370840	370840	0	
2.07778	1	371194	371194	0	
2.07778	1	372300	372300	0	
2.08018	1	372638	372638	0	
2.08018	1	373760	373760	0	
2.08258	1	374082	374082	0	
2.08258	1	375220	375220	0	
2.08499	1	375526	375526	0	
2.08499	1	376680	376680	0	
2.08779	1	376970	376970	0	
2.08779	1	378140	378140	0	
2.09019	1	378414	378414	0	
2.09019	1	379600	379600	0	
2.0926	1	379858	379858	0	
2.0926	1	381060	381060	0	
2.1001	1	381302	382746	0	
2.1001	1	381302	383980	1234	
2.10512	1	381302	384190	1444	
2.10512	1	381302	385440	2694	
2.11004	1	381302	385634	2888	
2.11004	1	381302	386900	4154	
2.11264	1	381302	387078	4332	
2.11264	1	381302	388360	5614	
2.11505	1	381302	388522	5776	
2.11505	1	381302	389820	7074	
2.11745	1	381302	389966	7220	
2.11745	1	381302	391280	8534	
2.11985	1	381302	391410	8664	
2.11985	1	381302	392740	9994	
2.12226	1	381302	392854	10108	
2.12226	1	381302	394200	11454	
2.12466	1	381302	394298	11552	
2.12466	1	381302	395660	12914	
2.12706	1	381302	395742	12996	
2.12706	1	381302	397120	14374	
2.12947	1	381302	397186	14440	
2.12947	1	381302	398580	15834	
2.13187	1	381302	398630	15884	
2.13187	1	381302	400040	17294	
2.13427	1	381302	400074	17328	
2.13427	1	381302	401500	18754	
2.13677	1	381302	401518	18772	
2.13677	1	381302	402960	20214	
2.13918	1	381302	402962	20216	
2.14158	1	381302	404414	21668	
2.14158	1	381302	404420	21674	
2.14398	1	381302	405859	23113	
2.14398	1	381302	405880	23134	
2.14639	1	381302	407304	24558	
2.14639	1	381302	407340	24594	
2.14879	1	381302	408749	26003	
2.14879	1	381302	408800	26054	
2.15119	1	381302	410194	27448	
2.15119	1	381302	410260	27514	
2.1536	1	381302	411638	28892	
2.1536	1	381302	411720	28974	
2.156	1	381302	413082	30336	
2.156	1	381302	413180	30434	
2.1584	1	381302	414526	31780	
2.1584	1	381302	414640	31894	
2.1608	1	381302	415970	33224	
2.1608	1	381302	416100	33354	
2.16321	1	381302	417414	34668	
2.16321	1	381302	417560	34814	
2.16571	1	381302	418858	36112	
2.16571	1	381302	419020	36274	
2.16811	1	381302	420302	37556	
2.16811	1	381302	420480	37734	
2.17051	1	381302	421746	39000	
2.17051	1	381302	421940	39194	
2.17305	1	381302	423190	40444	
2.17305	1	381302	423400	40654	
2.17552	1	381302	424634	41888	
2.17552	1	381302	424860	42114	
2.17799	1	381302	426078	43332	
2.17799	1	381302	426320	43574	
2.18039	1	381302	427522	44776	
2.18039	1	381302	427780	45034	
2.18279	1	381302	428966	46220	
2.18279	1	381302	429240	46494	
2.1852	1	381302	430410	47664	
2.1852	1	381302	430700	47954	
2.1876	1	381302	431854	49108	
2.1876	1	381302	432160	49414	
2.19	1	381302	433298	50552	
2.19	1	381302	433620	50874	
2.1924	1	381302	434742	51996	
2.1924	1	381302	435080	52334	
2.19481	1	381302	436186	53440	
2.19481	1	381302	436540	53794	
2.19721	1	381302	437630	54884	
2.19721	1	381302	438000	55254	
2.19961	1	381302	439074	56328	
2.19961	1	381302	439460	56714	
2.20202	1	381302	440518	57772	
2.20202	1	381302	440920	58174	
2.20452	1	381302	441962	59216	
2.20452	1	381302	442380	59634	
2.20692	1	381302	443406	60660	
2.20692	1	381302	443840	61094	
2.20932	1	381302	444850	62104	
2.20932	1	381302	445300	62554	
2.21173	1	381302	446294	63548	
2.21173	1	381302	446760	64014	
2.21413	1	381302	447738	64992	
2.21413	1	381302	448220	65474	
2.21653	1	381302	449182	66436	
2.21653	1	381302	449680	66934	
2.21894	1	381302	450626	67880	
2.21894	1	381302	451140	68394	
2.22134	1	381302	452070	69324	
2.22134	1	381302	452600	69854	
2.22374	1	381302	453514	70768	
2.22374	1	381302	454060	71314	
2.22615	1	381302	454958	72212	
2.22615	1	381302	455520	72774	
2.22855	1	381302	456402	73656	
2.22855	1	381302	456980	74234	
2.23095	1	381302	457846	75100	
2.23095	1	381302	458440	75694	
2.23345	1	381302	459290	76544	
2.23345	1	381302	459900	77154	
2.23585	1	381302	460734	77988	
2.23585	1	381302	461360	78614	
2.23826	1	381302	462178	79432	
2.23826	1	381302	462820	80074	
2.24066	1	381302	463622	80876	
2.24066	1	381302	464280	81534	
2.24306	1	381302	465066	82320	
2.24306	1	381302	465740	82994	
2.24547	1	381302	466510	83764	
2.24547	1	381302	467200	84454	
2.24787	1	381302	467954	85208	
2.24787	1	381302	468660	85914	
2.25027	1	381302	469398	86652	
2.25027	1	381302	470120	87374	
2.25268	1	381302	470842	88096	
2.25268	1	381302	471580	88834	
2.25508	1	381302	472286	89540	
2.25508	1	381302	473040	90294	
2.25758	1	381302	473730	90984	
2.25758	1	381302	474500	91754	
2.25998	1	381302	475174	92428	
2.25998	1	381302	475960	93214	
2.26239	1	381302	476618	93872	
2.26239	1	381302	477420	94674	
2.26479	1	381302	478062	95316	
2.26479	1	381302	478880	96134	
2.26719	1	381302	479506	96760	
2.26719	1	381302	480340	97594	
2.2696	1	381302	480950	98204	
2.2696	1	381302	481800	99054	
2.272	1	381302	482394	99648	
2.272	1	381302	483260	100514	
2.2744	1	381302	483838	101092	
2.2744	1	381302	484720	101974	
2.2768	1	381302	485282	102536	
2.2768	1	381302	486180	103434	
2.27921	1	381302	486726	103980	
2.27921	1	381302	487640	104894	
2.28161	1	381302	488170	105424	
2.28161	1	381302	489100	106354	
2.28401	1	381302	489614	106868	
2.28401	1	381302	490560	107814	
2.28642	1	381302	491058	108312	
2.28642	1	381302	492020	109274	
2.28882	1	381302	492502	109756	
2.28882	1	381302	493480	110734	
2.29122	1	381302	493946	111200	
2.29122	1	381302	494940	112194	
2.29363	1	381302	495390	112644	
2.29363	1	381302	496400	113654	
2.29603	1	381302	496834	114088	
2.29603	1	381302	497860	115114	
2.29843	1	381302	498278	115532	
2.29843	1	381302	499320	116574	
2.30093	1	381302	499722	116976	
2.30093	1	381302	500780	118034	
2.30334	1	381302	501166	118420	
2.30334	1	381302	502240	119494	
2.30574	1	381302	502610	119864	
2.30574	1	381302	503700	120954	
2.30814	1	381302	504054	121308	
2.30814	1	381302	505160	122414	
2.31055	1	381302	505498	122752	
2.31055	1	381302	506620	123874	
2.31295	1	381302	506942	124196	
2.31295	1	381302	508080	125334	
2.31535	1	381302	508386	125640	
2.31535	1	381302	509540	126794	
2.31776	1	381302	509830	127084	
2.31776	1	381302	511000	128254	
2.32016	1	381302	511274	128528	
2.32016	1	381302	512460	129714	
2.3276	1	381302	515606	129972	
2.3276	1	381302	516840	131206	
2.33015	1	381302	517050	131416	
2.33015	1	381302	518300	132666	
2.33256	1	381302	518494	132860	
2.33256	1	381302	519760	134126	
2.33496	1	381302	519938	134304	
2.33496	1	381302	521220	135586	
2.33736	1	381302	521382	135748	
2.33736	1	381302	522680	137046	
2.33977	1	381302	522826	137192	
2.33977	1	381302	524140	138506	
2.34217	1	381302	524270	138636	
2.34217	1	381302	525600	139966	
2.34457	1	381302	525714	140080	
2.34457	1	381302	527060	141426	
2.34698	1	381302	527158	141524	
2.34698	1	381302	528520	142886	
2.34938	1	381302	528602	142968	
2.34938	1	381302	529980	144346	
2.35178	1	381302	530046	144412	
2.35178	1	381302	531440	145806	
2.35419	1	381302	531490	145856	
2.35419	1	381302	532900	147266	
2.35659	1	381302	532934	147300	
2.35659	1	381302	534360	148726	
2.35899	1	381302	534378	148744	
2.35899	1	381302	535820	150186	
2.3614	1	381302	535822	150188	
2.3638	1	381302	537274	151640	
2.3638	1	381302	537280	151646	
2.3662	1	381302	538719	153085	
2.3662	1	381302	538740	153106	
2.3687	1	381302	541609	154530	
2.3687	1	381302	541660	154581	
2.3711	1	381302	543054	155975	
2.3711	1	381302	543120	156041	
2.37351	1	381302	544498	157419	
2.37351	1	381302	544580	157501	
2.37591	1	381302	545942	158863	
2.37591	1	381302	546040	158961	
2.37831	1	381302	547386	160307	
2.37831	1	381302	547500	160421	
2.38072	1	381302	548830	161751	
2.38072	1	381302	548960	161881	
2.38312	1	381302	550274	163195	
2.38312	1	381302	550420	163341	
2.38552	1	381302	551718	164639	
2.38552	1	381302	551880	164801	
2.38793	1	381302	553162	166083	
2.38793	1	381302	553340	166261	
2.39043	1	381302	554606	167527	
2.39043	1	381302	554800	167721	
2.39283	1	381302	556050	168971	
2.39283	1	381302	556260	169181	
2.39523	1	381302	557494	170415	
2.39523	1	381302	557720	170641	
2.39764	1	381302	558938	171859	
2.39764	1	381302	559180	172101	
2.40004	1	381302	560382	173303	
2.40004	1	381302	560640	173561	
2.40244	1	381302	561826	174747	
2.40244	1	381302	562100	175021	
2.40484	1	381302	563270	176191	
2.40484	1	381302	563560	176481	
2.40725	1	381302	564714	177635	
2.40725	1	381302	565020	177941	
2.40965	1	381302	566158	179079	
2.40965	1	381302	566480	179401	
2.41205	1	381302	567602	180523	
2.41205	1	381302	567940	180861	
2.41446	1	381302	569046	181967	
2.41446	1	381302	569400	182321	
2.41686	1	381302	570490	183411	
2.41686	1	381302	570860	183781	
2.41937	1	381302	571934	184855	
2.41937	1	381302	572320	185241	
2.42177	1	381302	573378	186299	
2.42177	1	381302	573780	186701	
2.42417	1	381302	574822	187743	
2.42417	1	381302	575240	188161	
2.42658	1	381302	576266	189187	
2.42658	1	381302	576700	189621	
2.42898	1	381302	577710	190631	
2.42898	1	381302	578160	191081	
2.43138	1	381302	579154	192075	
2.43138	1	381302	579620	192541	
2.43379	1	381302	580598	193519	
2.43379	1	381302	581080	194001	
2.43619	1	381302	582042	194963	
2.43619	1	381302	582540	195461	
2.43859	1	381302	583486	196407	
2.43859	1	381302	584000	196921	
2.441	1	381302	584930	197851	
2.441	1	381302	585460	198381	
2.4434	1	381302	586374	199295	
2.4434	1	381302	586920	199841	
2.4458	1	381302	587818	200739	
2.4458	1	381302	588380	201301	
2.44821	1	381302	589262	202183	
2.44821	1	381302	589840	202761	
2.45061	1	381302	590706	203627	
2.45061	1	381302	591300	204221	
2.45301	1	381302	592150	205071	
2.45301	1	381302	592760	205681	
2.45542	1	381302	593594	206515	
2.45542	1	381302	594220	207141	
2.45792	1	381302	595038	207959	
2.45792	1	381302	595680	208601	
2.46032	1	381302	596482	209403	
2.46032	1	381302	597140	210061	
2.46272	1	381302	597926	210847	
2.46272	1	381302	598600	211521	
2.46512	1	381302	599370	212291	
2.46512	1	381302	600060	212981	
2.46753	1	381302	600814	213735	
2.46753	1	381302	601520	214441	
2.46993	1	381302	602258	215179	
2.46993	1	381302	602980	215901	
2.47233	1	381302	603702	216623	
2.47233	1	381302	604440	217361	
2.47474	1	381302	605146	218067	
2.47474	1	381302	605900	218821	
2.47714	1	381302	606590	219511	
2.47714	1	381302	607360	220281	
2.47954	1	381302	608034	220955	
2.47954	1	381302	608820	221741	
2.48195	1	381302	609478	222399	
2.48195	1	381302	610280	223201	
2.48435	1	381302	610922	223843	
2.48435	1	381302	611740	224661	
2.48685	1	381302	612366	225287	
2.48685	1	381302	613200	226121	
2.48925	1	381302	613810	226731	
2.48925	1	381302	614660	227581	
2.49166	1	381302	615254	228175	
2.49166	1	381302	616120	229041	
2.49406	1	381302	616698	229619	
2.49406	1	381302	617580	230501	
2.49646	1	381302	618142	231063	
2.49646	1	381302	619040	231961	
2.49887	1	381302	619586	232507	
2.49887	1	381302	620500	233421	
2.50127	1	381302	621030	233951	
2.50127	1	381302	621960	234881	
2.50367	1	381302	622474	235395	
2.50367	1	381302	623420	236341	
2.50608	1	381302	623918	236839	
2.50608	1	381302	624880	237801	
2.50848	1	381302	625362	238283	
2.50848	1	381302	626340	239261	
2.51088	1	381302	626806	239727	
2.51088	1	381302	627800	240721	
2.51328	1	381302	628250	241171	
2.51328	1	381302	629260	242181	
2.51569	1	381302	629694	242615	
2.51569	1	381302	630720	243641	
2.51809	1	381302	631138	244059	
2.51809	1	381302	632180	245101	
2.52049	1	381302	632582	245503	
2.52049	1	381302	633640	246561	
2.5229	1	381302	634026	246947	
2.5229	1	381302	635100	248021	
2.5254	1	381302	635470	248391	
2.5254	1	381302	636560	249481	
2.5278	1	381302	636914	249835	
2.5278	1	381302	638020	250941	
2.5302	1	381302	638358	251279	
2.5302	1	381302	639480	252401	
2.53261	1	381302	639802	252723	
2.53261	1	381302	640940	253861	
2.53501	1	381302	641246	254167	
2.53501	1	381302	642400	255321	
2.53741	1	381302	642690	255611	
2.53741	1	381302	643860	256781	
2.53982	1	381302	644134	257055	
2.53982	1	381302	645320	258241	
2.54222	1	381302	645578	258499	
2.54222	1	381302	646780	259701	
2.54462	1	381302	647022	259943	
2.54462	1	381302	648240	261161	
2.54703	1	381302	648466	261387	
2.54703	1	381302	649700	262621	
2.54943	1	381302	649910	262831	
2.54943	1	381302	651160	264081	
2.55183	1	381302	651354	264275	
2.55183	1	381302	652620	265541	
2.55433	1	381302	652798	265719	
2.55433	1	381302	654080	267001	
2.55673	1	381302	654242	267163	
2.55673	1	381302	655540	268461	
2.55914	1	381302	655686	268607	
2.55914	1	381302	657000	269921	
2.56154	1	381302	657130	270051	
2.56154	1	381302	658460	271381	
2.56394	1	381302	658574	271495	
2.56394	1	381302	659920	272841	
2.56635	1	381302	660018	272939	
2.56635	1	381302	661380	274301	
2.56875	1	381302	661462	274383	
2.56875	1	381302	662840	275761	
2.57115	1	381302	662906	275827	
2.57115	1	381302	664300	277221	
2.57356	1	381302	664350	277271	
2.57356	1	381302	665760	278681	
2.57596	1	381302	665794	278715	
2.57596	1	381302	667220	280141	
2.57846	1	381302	668682	280159	
2.58086	1	381302	670134	281611	
2.58086	1	381302	670140	281617	
2.58327	1	381302	671579	283056	
2.58327	1	381302	671600	283077	
2.58567	1	381302	673024	284501	
2.58567	1	381302	673060	284537	
2.58807	1	381302	674469	285946	
2.58807	1	381302	674520	285997	
2.59048	1	381302	675914	287391	
2.59048	1	381302	675980	287457	
2.59288	1	381302	677358	288835	
2.59288	1	381302	677440	288917	
2.59528	1	381302	678802	290279	
2.59528	1	381302	678900	290377	
2.59768	1	381302	680246	291723	
2.59768	1	381302	680360	291837	
2.60009	1	381302	681690	293167	
2.60009	1	381302	681820	293297	
2.60249	1	381302	683134	294611	
2.60249	1	381302	683280	294757	
2.60489	1	381302	684578	296055	
2.60489	1	381302	684740	296217	
2.6073	1	381302	686022	297499	
2.6073	1	381302	686200	297677	
2.6097	1	381302	687466	298943	
2.6097	1	381302	687660	299137	
2.6121	1	381302	688910	300387	
2.6121	1	381302	689120	300597	
2.61451	1	381302	690354	301831	
2.61451	1	381302	690580	302057	
2.61691	1	381302	691798	303275	
2.61691	1	381302	692040	303517	
2.61941	1	381302	693242	304719	
2.61941	1	381302	693500	304977	
2.62181	1	381302	696130	306163	
2.62181	1	381302	696420	306453	
2.62422	1	381302	697574	307607	
2.62422	1	381302	697880	307913	
2.62662	1	381302	699018	309051	
2.62662	1	381302	699340	309373	
2.62902	1	381302	700462	310495	
2.62902	1	381302	700800	310833	
2.63143	1	381302	701906	311939	
2.63143	1	381302	702260	312293	
2.63383	1	381302	703350	313383	
2.63383	1	381302	703720	313753	
2.63623	1	381302	704794	314827	
2.63623	1	381302	705180	315213	
2.63864	1	381302	706238	316271	
2.63864	1	381302	706640	316673	
2.64113	1	381302	707682	317715	
2.64113	1	381302	708100	318133	
2.64354	1	381302	709126	319159	
2.64354	1	381302	709560	319593	
2.64594	1	381302	710570	320603	
2.64594	1	381302	711020	321053	
2.64834	1	381302	712014	322047	
2.64834	1	381302	712480	322513	
2.65075	1	381302	713458	323491	
2.65075	1	381302	713940	323973	
2.65315	1	381302	714902	324935	
2.65315	1	381302	715400	325433	
2.65564	1	381302	717790	326379	
2.65564	1	381302	718320	326909	
2.65804	1	381302	719234	327823	
2.65804	1	381302	719780	328369	
2.66053	1	381302	720678	329267	
2.66053	1	381302	721240	329829	
2.66293	1	381302	722122	330711	
2.66293	1	381302	722700	331289	
2.66533	1	381302	723566	332155	
2.66533	1	381302	724160	332749	
2.66783	1	381302	725010	333599	
2.66783	1	381302	725620	334209	
2.67024	1	381302	726454	335043	
2.67024	1	381302	727080	335669	
2.67264	1	381302	727898	336487	
2.67264	1	381302	728540	337129	
2.67504	1	381302	729342	337931	
2.67504	1	381302	730000	338589	
2.67745	1	381302	730786	339375	
2.67745	1	381302	731460	340049	
2.67985	1	381302	732230	340819	
2.67985	1	381302	732920	341509	
2.68225	1	381302	733674	342263	
2.68225	1	381302	734380	342969	
2.68466	1	381302	735118	343707	
2.68466	1	381302	735840	344429	
2.68706	1	381302	736562	345151	
2.68706	1	381302	737300	345889	
2.68946	1	381302	739450	346595	
2.68946	1	381302	740220	347365	
2.69187	1	381302	740894	348039	
2.69187	1	381302	741680	348825	
2.69427	1	381302	742338	349483	
2.69427	1	381302	743140	350285	
2.69667	1	381302	743782	350927	
2.69667	1	381302	744600	351745	
2.69916	1	381302	745226	352371	
2.69916	1	381302	746060	353205	
2.70156	1	381302	746670	353815	
2.70156	1	381302	747520	354665	
2.70406	1	381302	748114	355259	
2.70406	1	381302	748980	356125	
2.70646	1	381302	749558	356703	
2.70646	1	381302	750440	357585	
2.70886	1	381302	751002	358147	
2.70886	1	381302	751900	359045	
2.71127	1	381302	752446	359591	
2.71127	1	381302	753360	360505	
2.71367	1	381302	753890	361035	
2.71367	1	381302	754820	361965	
2.71607	1	381302	755334	362479	
2.71607	1	381302	756280	363425	
2.71848	1	381302	756778	363923	
2.71848	1	381302	757740	364885	
2.72088	1	381302	759666	365367	
2.72088	1	381302	760660	366361	
2.72328	1	381302	761110	366811	
2.72328	1	381302	762120	367821	
2.72569	1	381302	762554	368255	
2.72569	1	381302	763580	369281	
2.72809	1	381302	763998	369699	
2.72809	1	381302	765040	370741	
2.73059	1	381302	765442	371143	
2.73059	1	381302	766500	372201	
2.73299	1	381302	766886	372587	
2.73299	1	381302	767960	373661	
2.7354	1	381302	768330	374031	
2.7354	1	381302	769420	375121	
2.7378	1	381302	381302	375475	
2.7378	1	382520	382520	375475	
2.74113	1	512718	512718	245503	
2.74113	1	513920	513920	245503	
2.74446	1	514162	514162	245503	
2.74446	1	515380	515380	245503	
2.74901	1	540164	769774	220945	
2.74901	1	540164	770880	222051	
2.75215	1	540164	772662	222389	
2.75215	1	540164	773800	223527	
2.75556	1	540164	775550	223833	
2.75556	1	540164	776720	225003	
2.75869	1	540164	778438	225277	
2.75869	1	540164	779640	226479	
2.76146	1	540164	779882	226721	
2.76146	1	540164	781100	227939	
2.76387	1	540164	781326	228165	
2.76387	1	540164	782560	229399	
2.76627	1	540164	782770	229609	
2.76627	1	540164	784020	230859	
2.76867	1	540164	784214	231053	
2.76867	1	540164	785480	232319	
2.77108	1	540164	785658	232497	
2.77108	1	540164	786940	233779	
2.77348	1	540164	787102	233941	
2.77348	1	540164	788400	235239	
2.77588	1	540164	788546	235385	
2.77588	1	540164	789860	236699	
2.77829	1	540164	789990	236829	
2.77829	1	540164	791320	238159	
2.78099	1	540164	791434	238273	
2.78099	1	540164	792780	239619	
2.78339	1	540164	792878	239717	
2.78339	1	540164	794240	241079	
2.7858	1	540164	794322	241161	
2.7858	1	540164	795700	242539	
2.7882	1	540164	795766	242605	
2.7882	1	540164	797160	243999	
2.7906	1	540164	797210	244049	
2.7906	1	540164	798620	245459	
2.79301	1	540164	798654	245493	
2.79301	1	540164	800080	246919	
2.79541	1	540164	800098	246937	
2.79541	1	540164	801540	248379	
2.79781	1	540164	801542	248381	
2.80031	1	540164	802994	249833	
2.80031	1	540164	803000	249839	
2.80272	1	540164	804439	251278	
2.80272	1	540164	804460	251299	
2.80525	1	540164	807329	252723	
2.80525	1	540164	807380	252774	
2.80765	1	540164	808774	254168	
2.80765	1	540164	808840	254234	
2.81006	1	540164	810218	255612	
2.81006	1	540164	810300	255694	
2.81246	1	540164	811662	257056	
2.81246	1	540164	811760	257154	
2.81486	1	540164	813106	258500	
2.81486	1	540164	813220	258614	
2.81727	1	540164	814550	259944	
2.81727	1	540164	814680	260074	
2.81976	1	540164	815994	261388	
2.81976	1	540164	816140	261534	
2.82217	1	540164	817438	262832	
2.82217	1	540164	817600	262994	
2.82457	1	540164	818882	264276	
2.82457	1	540164	819060	264454	
2.82697	1	540164	820326	265720	
2.82697	1	540164	820520	265914	
2.82938	1	540164	821770	267164	
2.82938	1	540164	821980	267374	
2.83178	1	540164	823214	268608	
2.83178	1	540164	823440	268834	
2.83418	1	540164	824658	270052	
2.83418	1	540164	824900	270294	
2.83659	1	540164	826102	271496	
2.83659	1	540164	826360	271754	
2.83909	1	540164	827546	272940	
2.83909	1	540164	827820	273214	
2.84149	1	540164	828990	274384	
2.84149	1	540164	829280	274674	
2.84389	1	540164	830434	275828	
2.84389	1	540164	830740	276134	
2.8463	1	540164	831878	277272	
2.8463	1	540164	832200	277594	
2.8487	1	540164	833322	278716	
2.8487	1	540164	833660	279054	
2.8511	1	540164	834766	280160	
2.8511	1	540164	835120	280514	
2.85351	1	540164	836210	281604	
2.85351	1	540164	836580	281974	
2.85591	1	540164	837654	283048	
2.85591	1	540164	838040	283434	
2.85831	1	540164	839098	284492	
2.85831	1	540164	839500	284894	
2.86081	1	540164	840542	285936	
2.86081	1	540164	840960	286354	
2.86321	1	540164	841986	287380	
2.86321	1	540164	842420	287814	
2.86562	1	540164	843430	288824	
2.86562	1	540164	843880	289274	
2.86802	1	540164	844874	290268	
2.86802	1	540164	845340	290734	
2.87042	1	540164	846318	291712	
2.87042	1	540164	846800	292194	
2.87283	1	540164	847762	293156	
2.87283	1	540164	848260	293654	
2.87523	1	540164	849206	294600	
2.87523	1	540164	849720	295114	
2.87763	1	540164	850650	296044	
2.87763	1	540164	851180	296574	
2.88014	1	540164	852094	297488	
2.88014	1	540164	852640	298034	
2.88254	1	540164	853538	298932	
2.88254	1	540164	854100	299494	
2.88495	1	540164	667238	300376	
2.88495	1	540164	668680	301818	
2.88735	1	540164	854982	301820	
2.88735	1	540164	855560	302398	
2.88975	1	540164	856426	303264	
2.88975	1	540164	857020	303858	
2.89216	1	540164	857870	304708	
2.89216	1	540164	858480	305318	
2.89456	1	540164	859314	306152	
2.89456	1	540164	859940	306778	
2.89716	1	540164	860758	307596	
2.89716	1	540164	861400	308238	
2.89956	1	540164	862202	309040	
2.89956	1	540164	862860	309698	
2.90206	1	540164	863646	310484	
2.90206	1	540164	864320	311158	
2.90447	1	540164	865090	311928	
2.90447	1	540164	865780	312618	
2.90687	1	540164	866534	313372	
2.90687	1	540164	867240	314078	
2.90927	1	540164	867978	314816	
2.90927	1	540164	868700	315538	
2.91168	1	540164	869422	316260	
2.91168	1	540164	870160	316998	
2.91408	1	540164	870866	317704	
2.91408	1	540164	871620	318458	
2.91648	1	540164	872310	319148	
2.91648	1	540164	873080	319918	
2.91888	1	540164	873754	320592	
2.91888	1	540164	874540	321378	
2.92129	1	540164	875198	322036	
2.92129	1	540164	876000	322838	
2.92379	1	540164	876642	323480	
2.92379	1	540164	877460	324298	
2.92619	1	540164	878086	324924	
2.92619	1	540164	878920	325758	
2.92859	1	540164	879530	326368	
2.92859	1	540164	880380	327218	
2.931	1	540164	880974	327812	
2.931	1	540164	881840	328678	
2.9334	1	540164	882418	329256	
2.9334	1	540164	883300	330138	
2.9358	1	540164	694686	330700	
2.9358	1	540164	694960	330974	
2.93821	1	540164	883862	332144	
2.93821	1	540164	884760	333042	
2.94061	1	540164	885306	333588	
2.94061	1	540164	886220	334502	
2.94301	1	540164	886750	335032	
2.94301	1	540164	887680	335962	
2.94551	1	540164	888194	336476	
2.94551	1	540164	889140	337422	
2.94792	1	540164	889638	337920	
2.94792	1	540164	890600	338882	
2.95052	1	540164	891082	339364	
2.95052	1	540164	892060	340342	
2.95292	1	540164	892526	340808	
2.95292	1	540164	893520	341802	
2.95532	1	540164	893970	342252	
2.95532	1	540164	894980	343262	
2.95772	1	540164	895414	343696	
2.95772	1	540164	896440	344722	
2.96013	1	540164	896858	345140	
2.96013	1	540164	897900	346182	
2.96324	1	540164	899746	346584	
2.96324	1	540164	900820	347658	
2.96564	1	540164	901190	348028	
2.96564	1	540164	902280	349118	
2.96845	1	540164	716346	349472	
2.96845	1	540164	716860	349986	
2.97126	1	540164	905522	350916	
2.97126	1	540164	906660	352054	
2.97386	1	540164	906966	352360	
2.97386	1	540164	908120	353514	
2.9774	1	540164	911298	353804	
2.9774	1	540164	912500	355006	
2.9798	1	540164	912742	355248	
2.9798	1	540164	913960	356466	
2.9822	1	540164	914186	356692	
2.9822	1	540164	915420	357926	
2.98716	1	540164	915630	358136	
2.98716	1	540164	916880	359386	
2.98956	1	540164	917074	359580	
2.98956	1	540164	918340	360846	
2.99196	1	540164	919962	361024	
2.99196	1	540164	921260	362322	
2.99437	1	540164	921406	362468	
2.99437	1	540164	922720	363782	
2.99677	1	540164	922850	363912	
2.99677	1	540164	924180	365242	
2.99927	1	540164	738006	365356	
2.99927	1	540164	738760	366110	
3.00167	1	540164	924294	366800	
3.00167	1	540164	925640	368146	
3.00408	1	540164	925738	368244	
3.00408	1	540164	927100	369606	
3.00648	1	540164	927182	369688	
3.00648	1	540164	928560	371066	
3.00888	1	540164	928626	371132	
3.00888	1	540164	930020	372526	
3.01129	1	540164	931514	372576	
3.01129	1	540164	932940	374002	
3.01369	1	540164	932958	374020	
3.01369	1	540164	934400	375462	
3.01609	1	540164	934402	375464	
3.01859	1	540164	935854	376916	
3.01859	1	540164	935860	376922	
3.021	1	540164	937299	378361	
3.021	1	540164	937320	378382	
3.0234	1	540164	938744	379806	
3.0234	1	540164	938780	379842	
3.0258	1	540164	758222	381251	
3.0258	1	540164	759200	382229	
3.0282	1	540164	940189	382695	
3.0282	1	540164	940240	382746	
3.03061	1	540164	941634	384140	
3.03061	1	540164	941700	384206	
3.03301	1	540164	943078	385584	
3.03301	1	540164	943160	385666	
3.03541	1	540164	944522	387028	
3.03541	1	540164	944620	387126	
3.03799	1	540164	947410	388472	
3.03799	1	540164	947540	388602	
3.0404	1	540164	948854	389916	
3.0404	1	540164	949000	390062	
3.0428	1	540164	950298	391360	
3.0428	1	540164	950460	391522	
3.0453	1	540164	951742	392804	
3.0453	1	540164	951920	392982	
3.0477	1	540164	953186	394248	
3.0477	1	540164	953380	394442	
3.05011	1	540164	540164	395692	
3.05011	1	540200	540200	395692	
3.05251	1	771218	771218	166083	
3.05251	1	772340	772340	166083	
3.05251	1	774106	774106	164639	
3.05251	1	775260	775260	164639	
3.05491	1	776994	776994	163195	
3.05491	1	778180	778180	163195	
3.05751	1	805884	805884	135749	
3.05751	1	805920	805920	135749	
3.06049	1	898302	954630	44776	
3.06049	1	898302	954840	44986	
3.06297	1	898302	956074	46220	
3.06297	1	898302	956300	46446	
3.06544	1	898302	957518	47664	
3.06544	1	898302	957760	47906	
3.0679	1	898302	958962	49108	
3.0679	1	898302	959220	49366	
3.07037	1	898302	960406	50552	
3.07037	1	898302	960680	50826	
3.07294	1	898302	961850	51996	
3.07294	1	898302	962140	52286	
3.07541	1	898302	963294	53440	
3.07541	1	898302	963600	53746	
3.07788	1	898302	964738	54884	
3.07788	1	898302	965060	55206	
3.08034	1	898302	966182	56328	
3.08034	1	898302	966520	56666	
3.08281	1	898302	967626	57772	
3.08281	1	898302	967980	58126	
3.08528	1	898302	969070	59216	
3.08528	1	898302	969440	59586	
3.08776	1	898302	970514	60660	
3.08776	1	898302	970900	61046	
3.09023	1	898302	971958	62104	
3.09023	1	898302	972360	62506	
3.09279	1	898302	973402	63548	
3.09279	1	898302	973820	63966	
3.09526	1	898302	974846	64992	
3.09526	1	898302	975280	65426	
3.09773	1	898302	976290	66436	
3.09773	1	898302	976740	66886	
3.1002	1	898302	977734	67880	
3.1002	1	898302	978200	68346	
3.10267	1	898302	979178	69324	
3.10267	1	898302	979660	69806	
3.10514	1	898302	980622	70768	
3.10514	1	898302	981120	71266	
3.10761	1	898302	898302	72212	
3.10761	1	899360	899360	72212	
3.11009	1	902634	982066	69324	
3.11009	1	902634	982580	69838	
3.11256	1	902634	983510	70768	
3.11256	1	902634	984040	71298	
3.11513	1	902634	902634	72212	
3.11513	1	903740	903740	72212	
3.11761	1	904078	984954	72212	
3.11761	1	904078	985500	72758	
3.12008	1	904078	986398	73656	
3.12008	1	904078	986960	74218	
3.12255	1	904078	987842	75100	
3.12255	1	904078	988420	75678	
3.12983	1	904078	904078	76544	
3.12983	1	905200	905200	76544	
3.12983	1	908410	908410	73656	
3.12983	1	909580	909580	73656	
3.12983	1	909854	909854	73656	
3.12983	1	911040	911040	73656	
3.13228	1	918518	989286	66436	
3.13228	1	918518	989880	67030	
3.13475	1	918518	990730	67880	
3.13475	1	918518	991340	68490	
3.13722	1	918518	992174	69324	
3.13722	1	918518	992800	69950	
3.13969	1	918518	993618	70768	
3.13969	1	918518	994260	71410	
3.14216	1	918518	995062	72212	
3.14216	1	918518	995720	72870	
3.14473	1	918518	918518	73656	
3.14473	1	919800	919800	73656	
3.14722	1	930070	996506	63548	
3.14722	1	930070	997180	64222	
3.14969	1	930070	997950	64992	
3.14969	1	930070	998640	65682	
3.15216	1	930070	999394	66436	
3.15216	1	930070	1000100	67142	
3.15463	1	930070	1000838	67880	
3.15463	1	930070	1001560	68602	
3.1571	1	930070	1002282	69324	
3.1571	1	930070	1003020	70062	
3.15956	1	930070	1003726	70768	
3.15956	1	930070	1004480	71522	
3.16203	1	930070	1005170	72212	
3.16203	1	930070	1005940	72982	
3.1645	1	930070	1006614	73656	
3.1645	1	930070	1007400	74442	
3.16708	1	930070	930070	75100	
3.16708	1	931480	931480	75100	
3.16956	1	945966	1008058	60648	
3.16956	1	945966	1008860	61450	
3.17203	1	945966	1009502	62092	
3.17203	1	945966	1010320	62910	
3.17449	1	945966	1010946	63536	
3.17449	1	945966	1011780	64370	
3.17696	1	945966	1012390	64980	
3.17696	1	945966	1013240	65830	
3.17943	1	945966	1013834	66424	
3.17943	1	945966	1014700	67290	
3.1819	1	945966	1015278	67868	
3.1819	1	945966	1016160	68750	
3.18437	1	945966	1016722	69312	
3.18437	1	945966	1017620	70210	
3.18684	1	945966	1018166	70756	
3.18684	1	945966	1019080	71670	
3.18941	1	945966	1019610	72200	
3.18941	1	945966	1020540	73130	
3.19188	1	945966	1021054	73644	
3.19188	1	945966	1022000	74590	
3.19435	1	945966	1022498	75088	
3.19435	1	945966	1023460	76050	
3.19682	1	945966	945966	76532	
3.19682	1	946080	946080	76532	
3.1993	1	1023942	1023942	0	
3.1993	1	1024920	1024920	0	
3.20177	1	1025386	1025386	0	
3.20177	1	1026380	1026380	0	
3.20424	1	1026830	1026830	0	
3.20424	1	1027840	1027840	0	
3.20671	1	1028274	1028274	0	
3.20671	1	1029300	1029300	0	
3.20927	1	1029718	1029718	0	
3.20927	1	1030760	1030760	0	
3.21174	1	1031162	1031162	0	
3.21174	1	1032220	1032220	0	
3.21422	1	1032606	1032606	0	
3.21422	1	1033680	1033680	0	
3.21669	1	1034050	1034050	0	
3.21669	1	1035140	1035140	0	
3.21916	1	1035494	1035494	0	
3.21916	1	1036600	1036600	0	
3.22162	1	1036938	1036938	0	
3.22162	1	1038060	1038060	0	
3.22419	1	1038382	1038382	0	
3.22419	1	1039520	1039520	0	
3.22675	1	1039826	1039826	0	
3.22675	1	1040980	1040980	0	
3.22922	1	1041270	1041270	0	
3.22922	1	1042440	1042440	0	
3.23169	1	1042714	1042714	0	
3.23169	1	1043900	1043900	0	
3.23416	1	1044158	1044158	0	
3.23416	1	1045360	1045360	0	
3.23664	1	1045602	1045602	0	
3.23664	1	1046820	1046820	0	
3.23911	1	1047046	1047046	0	
3.23911	1	1048280	1048280	0	
3.24157	1	1048490	1048490	0	
3.24157	1	1049740	1049740	0	
3.24414	1	1049934	1049934	0	
3.24414	1	1051200	1051200	0	
3.24661	1	1051378	1051378	0	
3.24661	1	1052660	1052660	0	
3.24908	1	1052822	1052822	0	
3.24908	1	1054120	1054120	0	
3.25155	1	1054266	1054266	0	
3.25155	1	1055580	1055580	0	
3.25401	1	1055710	1055710	0	
3.25401	1	1057040	1057040	0	
3.25648	1	1057154	1057154	0	
3.25648	1	1058500	1058500	0	
3.25895	1	1058598	1058598	0	
3.25895	1	1059960	1059960	0	
3.26143	1	1060042	1060042	0	
3.26143	1	1061420	1061420	0	
3.26399	1	1061486	1061486	0	
3.26399	1	1062880	1062880	0	
3.26646	1	1062930	1062930	0	
3.26646	1	1064340	1064340	0	
3.26893	1	1064374	1064374	0	
3.26893	1	1065800	1065800	0	
3.2714	1	1065818	1065818	0	
3.2714	1	1067260	1067260	0	
3.27386	1	1067262	1067262	0	
3.27633	1	1068714	1068714	0	
3.27633	1	1068720	1068720	0	
3.2789	1	1070159	1070159	0	
3.2789	1	1070180	1070180	0	
3.28137	1	1071604	1071604	0	
3.28137	1	1071640	1071640	0	
3.28384	1	1073049	1073049	0	
3.28384	1	1073100	1073100	0	
3.28631	1	1074494	1074494	0	
3.28631	1	1074560	1074560	0	
3.28878	1	1075938	1075938	0	
3.28878	1	1076020	1076020	0	
3.29125	1	1077382	1077382	0	
3.29125	1	1077480	1077480	0	
3.29372	1	1078826	1078826	0	
3.29372	1	1078940	1078940	0	
3.29619	1	1080270	1080270	0	
3.29619	1	1080400	1080400	0	
3.29865	1	1081714	1081714	0	
3.29865	1	1081860	1081860	0	
3.30112	1	1083158	1083158	0	
3.30112	1	1083320	1083320	0	
3.30369	1	1084602	1084602	0	
3.30369	1	1084780	1084780	0	
3.30616	1	1086046	1086046	0	
3.30616	1	1086240	1086240	0	
3.30863	1	1087490	1087490	0	
3.30863	1	1087700	1087700	0	
3.3111	1	1088934	1088934	0	
3.3111	1	1089160	1089160	0	
3.31357	1	1090378	1090378	0	
3.31357	1	1090620	1090620	0	
3.31614	1	1091822	1091822	0	
3.31614	1	1092080	1092080	0	
3.3186	1	1093266	1093266	0	
3.3186	1	1093540	1093540	0	
3.32107	1	1094710	1094710	0	
3.32107	1	1095000	1095000	0	
3.32354	1	1096154	1096154	0	
3.32354	1	1096460	1096460	0	
3.32601	1	1097598	1097598	0	
3.32601	1	1097920	1097920	0	
3.32848	1	1099042	1099042	0	
3.32848	1	1099380	1099380	0	
3.33095	1	1100486	1100486	0	
3.33095	1	1100840	1100840	0	
3.33343	1	1101930	1101930	0	
3.33343	1	1102300	1102300	0	
3.33599	1	1103374	1103374	0	
3.33599	1	1103760	1103760	0	
3.33846	1	1104818	1104818	0	
3.33846	1	1105220	1105220	0	
3.34093	1	1106262	1106262	0	
3.34093	1	1106680	1106680	0	
3.3434	1	1107706	1107706	0	
3.3434	1	1108140	1108140	0	
3.34587	1	1109150	1109150	0	
3.34587	1	1109600	1109600	0	
3.34833	1	1110594	1110594	0	
3.34833	1	1111060	1111060	0	
3.3508	1	1112038	1112038	0	
3.3508	1	1112520	1112520	0	
3.35327	1	1113482	1113482	0	
3.35327	1	1113980	1113980	0	
3.35584	1	1114926	1114926	0	
3.35584	1	1115440	1115440	0	
3.35831	1	1116370	1116370	0	
3.35831	1	1116900	1116900	0	
3.36078	1	1117814	1117814	0	
3.36078	1	1118360	1118360	0	
3.36335	1	1119258	1119258	0	
3.36335	1	1119820	1119820	0	
3.36582	1	1120702	1120702	0	
3.36582	1	1121280	1121280	0	
3.36828	1	1122146	1122146	0	
3.36828	1	1122740	1122740	0	
3.37075	1	1123590	1123590	0	
3.37075	1	1124200	1124200	0	
3.37322	1	1125034	1125034	0	
3.37322	1	1125660	1125660	0	
3.37569	1	1126478	1126478	0	
3.37569	1	1127120	1127120	0	
3.37816	1	1127922	1127922	0	
3.37816	1	1128580	1128580	0	
3.38064	1	1129366	1129366	0	
3.38064	1	1130040	1130040	0	
3.3832	1	1130810	1130810	0	
3.3832	1	1131500	1131500	0	
3.38567	1	1132254	1132254	0	
3.38567	1	1132960	1132960	0	
3.38814	1	1133698	1133698	0	
3.38814	1	1134420	1134420	0	
3.39061	1	1135142	1135142	0	
3.39061	1	1135880	1135880	0	
3.39317	1	1136586	1136586	0	
3.39317	1	1137340	1137340	0	
3.39564	1	1138030	1138030	0	
3.39564	1	1138800	1138800	0	
3.39811	1	1139474	1139474	0	
3.39811	1	1140260	1140260	0	
3.40058	1	1140918	1140918	0	
3.40058	1	1141720	1141720	0	
3.40306	1	1142362	1142362	0	
3.40306	1	1143180	1143180	0	
3.40552	1	1143806	1143806	0	
3.40552	1	1144640	1144640	0	
3.40799	1	1145250	1145250	0	
3.40799	1	1146100	1146100	0	
3.41046	1	1146694	1146694	0	
3.41046	1	1147560	1147560	0	
3.41303	1	1148138	1148138	0	
3.41303	1	1149020	1149020	0	
3.4155	1	1149582	1149582	0	
3.4155	1	1150480	1150480	0	
3.41796	1	1151026	1151026	0	
3.41796	1	1151940	1151940	0	
3.42043	1	1152470	1152470	0	
3.42043	1	1153400	1153400	0	
3.4229	1	1153914	1153914	0	
3.4229	1	1154860	1154860	0	
3.42537	1	1155358	1155358	0	
3.42537	1	1156320	1156320	0	
3.42794	1	1156802	1156802	0	
3.42794	1	1157780	1157780	0	
3.43041	1	1158246	1158246	0	
3.43041	1	1159240	1159240	0	
3.43288	1	1159690	1159690	0	
3.43288	1	1160700	1160700	0	
3.43535	1	1161134	1161134	0	
3.43535	1	1162160	1162160	0	
3.43782	1	1162578	1162578	0	
3.43782	1	1163620	1163620	0	
3.44029	1	1164022	1164022	0	
3.44029	1	1165080	1165080	0	
3.44276	1	1165466	1165466	0	
3.44276	1	1166540	1166540	0	
3.44532	1	1166910	1166910	0	
3.44532	1	1168000	1168000	0	
3.44779	1	1168354	1168354	0	
3.44779	1	1169460	1169460	0	
3.45027	1	1169798	1169798	0	
3.45027	1	1170920	1170920	0	
3.45274	1	1171242	1171242	0	
3.45274	1	1172380	1172380	0	
3.4552	1	1172686	1172686	0	
3.4552	1	1173840	1173840	0	
3.45767	1	1174130	1174130	0	
3.45767	1	1175300	1175300	0	
3.46024	1	1175574	1175574	0	
3.46024	1	1176760	1176760	0	
3.46271	1	1177018	1177018	0	
3.46271	1	1178220	1178220	0	
3.46518	1	1178462	1178462	0	
3.46518	1	1179680	1179680	0	
3.46764	1	1179906	1179906	0	
3.46764	1	1181140	1181140	0	
3.47011	1	1181350	1181350	0	
3.47011	1	1182600	1182600	0	
3.47269	1	1182794	1182794	0	
3.47269	1	1184060	1184060	0	
3.47516	1	1184238	1184238	0	
3.47516	1	1185520	1185520	0	
3.47762	1	1185682	1185682	0	
3.47762	1	1186980	1186980	0	
3.48009	1	1187126	1187126	0	
3.48009	1	1188440	1188440	0	
3.48256	1	1188570	1188570	0	
3.48256	1	1189900	1189900	0	
3.48503	1	1190014	1190014	0	
3.48503	1	1191360	1191360	0	
3.4875	1	1191458	1191458	0	
3.4875	1	1192820	1192820	0	
3.48997	1	1192902	1192902	0	
3.48997	1	1194280	1194280	0	
3.49253	1	1194346	1194346	0	
3.49253	1	1195740	1195740	0	
3.495	1	1195790	1195790	0	
3.495	1	1197200	1197200	0	
3.49748	1	1197234	1197234	0	
3.49748	1	1198660	1198660	0	
3.49994	1	1198678	1198678	0	
3.49994	1	1200120	1200120	0	
3.50241	1	1200122	1200122	0	
3.50497	1	1201574	1201574	0	
3.50497	1	1201580	1201580	0	
3.50744	1	1203019	1203019	0	
3.50744	1	1203040	1203040	0	
3.50991	1	1204464	1204464	0	
3.50991	1	1204500	1204500	0	
3.51238	1	1205909	1205909	0	
3.51238	1	1205960	1205960	0	
3.51485	1	1207354	1207354	0	
3.51485	1	1207420	1207420	0	
3.51732	1	1208798	1208798	0	
3.51732	1	1208880	1208880	0	
3.51979	1	1210242	1210242	0	
3.51979	1	1210340	1210340	0	
3.52226	1	1211686	1211686	0	
3.52226	1	1211800	1211800	0	
3.52483	1	1213130	1213130	0	
3.52483	1	1213260	1213260	0	
3.5273	1	1214574	1214574	0	
3.5273	1	1214720	1214720	0	
3.52977	1	1216018	1216018	0	
3.52977	1	1216180	1216180	0	
3.53224	1	1217462	1217462	0	
3.53224	1	1217640	1217640	0	
3.5347	1	1218906	1218906	0	
3.5347	1	1219100	1219100	0	
3.53727	1	1220350	1220350	0	
3.53727	1	1220560	1220560	0	
3.53974	1	1221794	1221794	0	
3.53974	1	1222020	1222020	0	
3.54221	1	1223238	1223238	0	
3.54221	1	1223480	1223480	0	
3.54468	1	1224682	1224682	0	
3.54468	1	1224940	1224940	0	
3.54715	1	1226126	1226126	0	
3.54715	1	1226400	1226400	0	
3.54972	1	1227570	1227570	0	
3.54972	1	1227860	1227860	0	
3.55219	1	1229014	1229014	0	
3.55219	1	1229320	1229320	0	
3.55465	1	1230458	1230458	0	
3.55465	1	1230780	1230780	0	
3.55712	1	1231902	1231902	0	
3.55712	1	1232240	1232240	0	
3.55959	1	1233346	1233346	0	
3.55959	1	1233700	1233700	0	
3.56206	1	1234790	1234790	0	
3.56206	1	1235160	1235160	0	
3.56453	1	1236234	1236234	0	
3.56453	1	1236620	1236620	0	
3.567	1	1237678	1237678	0	
3.567	1	1238080	1238080	0	
3.56957	1	1239122	1239122	0	
3.56957	1	1239540	1239540	0	
3.57204	1	1240566	1240566	0	
3.57204	1	1241000	1241000	0	
3.57451	1	1242010	1242010	0	
3.57451	1	1242460	1242460	0	
3.57698	1	1243454	1243454	0	
3.57698	1	1243920	1243920	0	
3.57945	1	1244898	1244898	0	
3.57945	1	1245380	1245380	0	
3.58201	1	1246342	1246342	0	
3.58201	1	1246840	1246840	0	
3.58448	1	1247786	1247786	0	
3.58448	1	1248300	1248300	0	
3.58695	1	1249230	1249230	0	
3.58695	1	1249760	1249760	0	
3.58942	1	1250674	1250674	0	
3.58942	1	1251220	1251220	0	
3.59189	1	1252118	1252118	0	
3.59189	1	1252680	1252680	0	
3.59436	1	1253562	1253562	0	
3.59436	1	1254140	1254140	0	
3.59683	1	1255006	1255006	0	
3.59683	1	1255600	1255600	0	
3.5993	1	1256450	1256450	0	
3.5993	1	1257060	1257060	0	
3.60187	1	1257894	1257894	0	
3.60187	1	1258520	1258520	0	
3.60433	1	1259338	1259338	0	
3.60433	1	1259980	1259980	0	
3.6068	1	1260782	1260782	0	
3.6068	1	1261440	1261440	0	
3.60927	1	1262226	1262226	0	
3.60927	1	1262900	1262900	0	
3.61174	1	1263670	1263670	0	
3.61174	1	1264360	1264360	0	
3.61431	1	1265114	1265114	0	
3.61431	1	1265820	1265820	0	
3.61678	1	1266558	1266558	0	
3.61678	1	1267280	1267280	0	
3.61925	1	1268002	1268002	0	
3.61925	1	1268740	1268740	0	
3.62172	1	1269446	1269446	0	
3.62172	1	1270200	1270200	0	
3.62419	1	1270890	1270890	0	
3.62419	1	1271660	1271660	0	
3.62666	1	1272334	1272334	0	
3.62666	1	1273120	1273120	0	
3.62913	1	1273778	1273778	0	
3.62913	1	1274580	1274580	0	
3.6316	1	1275222	1275222	0	
3.6316	1	1276040	1276040	0	
3.63406	1	1276666	1276666	0	
3.63406	1	1277500	1277500	0	
3.63663	1	1278110	1278110	0	
3.63663	1	1278960	1278960	0	
3.63911	1	1279554	1279554	0	
3.63911	1	1280420	1280420	0	
3.64157	1	1280998	1280998	0	
3.64157	1	1281880	1281880	0	
3.64404	1	1282442	1282442	0	
3.64404	1	1283340	1283340	0	
3.64651	1	1283886	1283886	0	
3.64651	1	1284800	1284800	0	
3.64908	1	1285330	1285330	0	
3.64908	1	1286260	1286260	0	
3.65155	1	1286774	1286774	0	
3.65155	1	1287720	1287720	0	
3.65401	1	1288218	1288218	0	
3.65401	1	1289180	1289180	0	
3.65648	1	1289662	1289662	0	
3.65648	1	1290640	1290640	0	
3.65895	1	1291106	1291106	0	
3.65895	1	1292100	1292100	0	
3.66152	1	1292550	1292550	0	
3.66152	1	1293560	1293560	0	
3.66399	1	1293994	1293994	0	
3.66399	1	1295020	1295020	0	
3.66646	1	1295438	1295438	0	
3.66646	1	1296480	1296480	0	
3.66893	1	1296882	1296882	0	
3.66893	1	1297940	1297940	0	
3.6714	1	1298326	1298326	0	
3.6714	1	1299400	1299400	0	
3.67387	1	1299770	1299770	0	
3.67387	1	1300860	1300860	0	
3.67634	1	1301214	1301214	0	
3.67634	1	1302320	1302320	0	
3.67881	1	1302658	1302658	0	
3.67881	1	1303780	1303780	0	
3.68137	1	1304102	1304102	0	
3.68137	1	1305240	1305240	0	
3.68384	1	1305546	1305546	0	
3.68384	1	1306700	1306700	0	
3.68632	1	1306990	1306990	0	
3.68632	1	1308160	1308160	0	
3.68879	1	1308434	1308434	0	
3.68879	1	1309620	1309620	0	
3.69125	1	1309878	1309878	0	
3.69125	1	1311080	1311080	0	
3.69382	1	1311322	1311322	0	
3.69382	1	1312540	1312540	0	
3.69629	1	1312766	1312766	0	
3.69629	1	1314000	1314000	0	
3.69876	1	1314210	1314210	0	
3.69876	1	1315460	1315460	0	
3.70123	1	1315654	1315654	0	
3.70123	1	1316920	1316920	0	
3.70369	1	1317098	1317098	0	
3.70369	1	1318380	1318380	0	
3.70616	1	1318542	1318542	0	
3.70616	1	1319840	1319840	0	
3.70863	1	1319986	1319986	0	
3.70863	1	1321300	1321300	0	
3.71111	1	1321430	1321430	0	
3.71111	1	1322760	1322760	0	
3.71367	1	1322874	1322874	0	
3.71367	1	1324220	1324220	0	
3.71614	1	1324318	1324318	0	
3.71614	1	1325680	1325680	0	
3.71861	1	1325762	1325762	0	
3.71861	1	1327140	1327140	0	
3.72108	1	1327206	1327206	0	
3.72108	1	1328600	1328600	0	
3.72355	1	1328650	1328650	0	
3.72355	1	1330060	1330060	0	
3.72611	1	1330094	1330094	0	
3.72611	1	1331520	1331520	0	
3.72858	1	1331538	1331538	0	
3.72858	1	1332980	1332980	0	
3.73105	1	1332982	1332982	0	
3.73352	1	1334434	1334434	0	
3.73352	1	1334440	1334440	0	
3.73599	1	1335879	1335879	0	
3.73599	1	1335900	1335900	0	
3.73846	1	1337324	1337324	0	
3.73846	1	1337360	1337360	0	
3.74093	1	1338769	1338769	0	
3.74093	1	1338820	1338820	0	
3.7434	1	1340214	1340214	0	
3.7434	1	1340280	1340280	0	
3.74596	1	1341658	1341658	0	
3.74596	1	1341740	1341740	0	
3.74843	1	1343102	1343102	0	
3.74843	1	1343200	1343200	0	
3.7509	1	1344546	1344546	0	
3.7509	1	1344660	1344660	0	
3.75337	1	1345990	1345990	0	
3.75337	1	1346120	1346120	0	
3.75584	1	1347434	1347434	0	
3.75584	1	1347580	1347580	0	
3.75841	1	1348878	1348878	0	
3.75841	1	1349040	1349040	0	
3.76088	1	1350322	1350322	0	
3.76088	1	1350500	1350500	0	
3.76335	1	1351766	1351766	0	
3.76335	1	1351960	1351960	0	
3.76582	1	1353210	1353210	0	
3.76582	1	1353420	1353420	0	
3.76828	1	1354654	1354654	0	
3.76828	1	1354880	1354880	0	
3.77085	1	1356098	1356098	0	
3.77085	1	1356340	1356340	0	
3.77332	1	1357542	1357542	0	
3.77332	1	1357800	1357800	0	
3.77579	1	1358986	1358986	0	
3.77579	1	1359260	1359260	0	
3.77826	1	1360430	1360430	0	
3.77826	1	1360720	1360720	0	
3.78073	1	1361874	1361874	0	
3.78073	1	1362180	1362180	0	
3.7832	1	1363318	1363318	0	
3.7832	1	1363640	1363640	0	
3.78567	1	1364762	1364762	0	
3.78567	1	1365100	1365100	0	
3.78814	1	1366206	1366206	0	
3.78814	1	1366560	1366560	0	
3.7907	1	1367650	1367650	0	
3.7907	1	1368020	1368020	0	
3.79317	1	1369094	1369094	0	
3.79317	1	1369480	1369480	0	
3.79564	1	1370538	1370538	0	
3.79564	1	1370940	1370940	0	
3.79811	1	1371982	1371982	0	
3.79811	1	1372400	1372400	0	
3.80058	1	1373426	1373426	0	
3.80058	1	1373860	1373860	0	
3.80305	1	1374870	1374870	0	
3.80305	1	1375320	1375320	0	
3.80562	1	1376314	1376314	0	
3.80562	1	1376780	1376780	0	
3.80809	1	1377758	1377758	0	
3.80809	1	1378240	1378240	0	
3.81056	1	1379202	1379202	0	
3.81056	1	1379700	1379700	0	
3.81303	1	1380646	1380646	0	
3.81303	1	1381160	1381160	0	
3.8155	1	1382090	1382090	0	
3.8155	1	1382620	1382620	0	
3.81796	1	1383534	1383534	0	
3.81796	1	1384080	1384080	0	
3.82043	1	1384978	1384978	0	
3.82043	1	1385540	1385540	0	
3.823	1	1386422	1386422	0	
3.823	1	1387000	1387000	0	
3.82547	1	1387866	1387866	0	
3.82547	1	1388460	1388460	0	
3.82794	1	1389310	1389310	0	
3.82794	1	1389920	1389920	0	
3.83041	1	1390754	1390754	0	
3.83041	1	1391380	1391380	0	
3.83288	1	1392198	1392198	0	
3.83288	1	1392840	1392840	0	
3.83545	1	1393642	1393642	0	
3.83545	1	1394300	1394300	0	
3.83792	1	1395086	1395086	0	
3.83792	1	1395760	1395760	0	
3.84038	1	1396530	1396530	0	
3.84038	1	1397220	1397220	0	
3.84285	1	1397974	1397974	0	
3.84285	1	1398680	1398680	0	
3.84532	1	1399418	1399418	0	
3.84532	1	1400140	1400140	0	
3.84779	1	1400862	1400862	0	
3.84779	1	1401600	1401600	0	
3.85026	1	1402306	1402306	0	
3.85026	1	1403060	1403060	0	
3.85274	1	1403750	1403750	0	
3.85274	1	1404520	1404520	0	
3.8553	1	1405194	1405194	0	
3.8553	1	1405980	1405980	0	
3.85777	1	1406638	1406638	0	
3.85777	1	1407440	1407440	0	
3.86024	1	1408082	1408082	0	
3.86024	1	1408900	1408900	0	
3.86271	1	1409526	1409526	0	
3.86271	1	1410360	1410360	0	
3.86518	1	1410970	1410970	0	
3.86518	1	1411820	1411820	0	
3.86774	1	1412414	1412414	0	
3.86774	1	1413280	1413280	0	
3.87021	1	1413858	1413858	0	
3.87021	1	1414740	1414740	0	
3.87268	1	1415302	1415302	0	
3.87268	1	1416200	1416200	0	
3.87516	1	1416746	1416746	0	
3.87516	1	1417660	1417660	0	
3.87762	1	1418190	1418190	0	
3.87762	1	1419120	1419120	0	
3.88009	1	1419634	1419634	0	
3.88009	1	1420580	1420580	0	
3.88266	1	1421078	1421078	0	
3.88266	1	1422040	1422040	0	
3.88513	1	1422522	1422522	0	
3.88513	1	1423500	1423500	0	
3.8876	1	1423966	1423966	0	
3.8876	1	1424960	1424960	0	
3.89006	1	1425410	1425410	0	
3.89006	1	1426420	1426420	0	
3.89253	1	1426854	1426854	0	
3.89253	1	1427880	1427880	0	
3.895	1	1428298	1428298	0	
3.895	1	1429340	1429340	0	
3.89747	1	1429742	1429742	0	
3.89747	1	1430800	1430800	0	
3.90004	1	1431186	1431186	0	
3.90004	1	1432260	1432260	0	
3.90251	1	1432630	1432630	0	
3.90251	1	1433720	1433720	0	
3.90498	1	1434074	1434074	0	
3.90498	1	1435180	1435180	0	
3.90745	1	1435518	1435518	0	
3.90745	1	1436640	1436640	0	
3.90992	1	1436962	1436962	0	
3.90992	1	1438100	1438100	0	
3.91239	1	1438406	1438406	0	
3.91239	1	1439560	1439560	0	
3.91495	1	1439850	1439850	0	
3.91495	1	1441020	1441020	0	
3.91742	1	1441294	1441294	0	
3.91742	1	1442480	1442480	0	
3.91989	1	1442738	1442738	0	
3.91989	1	1443940	1443940	0	
3.92237	1	1444182	1444182	0	
3.92237	1	1445400	1445400	0	
3.92484	1	1445626	1445626	0	
3.92484	1	1446860	1446860	0	
3.9273	1	1447070	1447070	0	
3.9273	1	1448320	1448320	0	
3.92977	1	1448514	1448514	0	
3.92977	1	1449780	1449780	0	
3.93234	1	1449958	1449958	0	
3.93234	1	1451240	1451240	0	
3.93481	1	1451402	1451402	0	
3.93481	1	1452700	1452700	0	
3.93728	1	1452846	1452846	0	
3.93728	1	1454160	1454160	0	
3.93974	1	1454290	1454290	0	
3.93974	1	1455620	1455620	0	
3.94221	1	1455734	1455734	0	
3.94221	1	1457080	1457080	0	
3.94479	1	1457178	1457178	0	
3.94479	1	1458540	1458540	0	
3.94725	1	1458622	1458622	0	
3.94725	1	1460000	1460000	0	
3.94972	1	1460066	1460066	0	
3.94972	1	1461460	1461460	0	
3.95219	1	1461510	1461510	0	
3.95219	1	1462920	1462920	0	
3.95466	1	1462954	1462954	0	
3.95466	1	1464380	1464380	0	
3.95712	1	1464398	1464398	0	
3.95712	1	1465840	1465840	0	
3.95959	1	1465842	1465842	0	
3.96206	1	1467294	1467294	0	
3.96206	1	1467300	1467300	0	
3.96463	1	1468739	1468739	0	
3.96463	1	1468760	1468760	0	
3.96709	1	1470184	1470184	0	
3.96709	1	1470220	1470220	0	
3.96957	1	1471629	1471629	0	
3.96957	1	1471680	1471680	0	
3.97204	1	1473074	1473074	0	
3.97204	1	1473140	1473140	0	
3.97451	1	1474518	1474518	0	
3.97451	1	1474600	1474600	0	
3.97707	1	1475962	1475962	0	
3.97707	1	1476060	1476060	0	
3.97954	1	1477406	1477406	0	
3.97954	1	1477520	1477520	0	
3.98201	1	1478850	1478850	0	
3.98201	1	1478980	1478980	0	
3.98448	1	1480294	1480294	0	
3.98448	1	1480440	1480440	0	
3.98695	1	1481738	1481738	0	
3.98695	1	1481900	1481900	0	
3.98942	1	1483182	1483182	0	
3.98942	1	1483360	1483360	0	
3.99199	1	1484626	1484626	0	
3.99199	1	1484820	1484820	0	
3.99446	1	1486070	1486070	0	
3.99446	1	1486280	1486280	0	
3.99693	1	1487514	1487514	0	
3.99693	1	1487740	1487740	0	
3.9994	1	1488958	1488958	0	
3.9994	1	1489200	1489200	0	
4.00187	1	1490402	1490402	0	
4.00187	1	1490660	1490660	0	
4.00433	1	1491846	1491846	0	
4.00433	1	1492120	1492120	0	
4.0068	1	1493290	1493290	0	
4.0068	1	1493580	1493580	0	
4.00937	1	1494734	1494734	0	
4.00937	1	1495040	1495040	0	
4.01184	1	1496178	1496178	0	
4.01184	1	1496500	1496500	0	
4.01431	1	1497622	1497622	0	
4.01431	1	1497960	1497960	0	
4.01678	1	1499066	1499066	0	
4.01678	1	1499420	1499420	0	
4.01925	1	1500510	1500510	0	
4.01925	1	1500880	1500880	0	
4.02172	1	1501954	1501954	0	
4.02172	1	1502340	1502340	0	
4.02428	1	1503398	1503398	0	
4.02428	1	1503800	1503800	0	
4.02675	1	1504842	1504842	0	
4.02675	1	1505260	1505260	0	
4.02922	1	1506286	1506286	0	
4.02922	1	1506720	1506720	0	
4.03169	1	1507730	1507730	0	
4.03169	1	1508180	1508180	0	
4.03416	1	1509174	1509174	0	
4.03416	1	1509640	1509640	0	
4.03663	1	1510618	1510618	0	
4.03663	1	1511100	1511100	0	
4.0391	1	1512062	1512062	0	
4.0391	1	1512560	1512560	0	
4.04167	1	1513506	1513506	0	
4.04167	1	1514020	1514020	0	
4.04414	1	1514950	1514950	0	
4.04414	1	1515480	1515480	0	
4.04661	1	1516394	1516394	0	
4.04661	1	1516940	1516940	0	
4.04908	1	1517838	1517838	0	
4.04908	1	1518400	1518400	0	
4.05155	1	1519282	1519282	0	
4.05155	1	1519860	1519860	0	
4.05411	1	1520726	1520726	0	
4.05411	1	1521320	1521320	0	
4.05658	1	1522170	1522170	0	
4.05658	1	1522780	1522780	0	
4.05905	1	1523614	1523614	0	
4.05905	1	1524240	1524240	0	
4.06152	1	1525058	1525058	0	
4.06152	1	1525700	1525700	0	
4.06399	1	1526502	1526502	0	
4.06399	1	1527160	1527160	0	
4.06646	1	1527946	1527946	0	
4.06646	1	1528620	1528620	0	
4.06903	1	1529390	1529390	0	
4.06903	1	1530080	1530080	0	
4.0715	1	1530834	1530834	0	
4.0715	1	1531540	1531540	0	
4.07396	1	1532278	1532278	0	
4.07396	1	1533000	1533000	0	
4.07643	1	1533722	1533722	0	
4.07643	1	1534460	1534460	0	
4.0789	1	1535166	1535166	0	
4.0789	1	1535920	1535920	0	
4.08137	1	1536610	1536610	0	
4.08137	1	1537380	1537380	0	
4.08384	1	1538054	1538054	0	
4.08384	1	1538840	1538840	0	
4.08631	1	1539498	1539498	0	
4.08631	1	1540300	1540300	0	
4.08888	1	1540942	1540942	0	
4.08888	1	1541760	1541760	0	
4.09135	1	1542386	1542386	0	
4.09135	1	1543220	1543220	0	
4.09382	1	1543830	1543830	0	
4.09382	1	1544680	1544680	0	
4.09629	1	1545274	1545274	0	
4.09629	1	1546140	1546140	0	
4.09876	1	1546718	1546718	0	
4.09876	1	1547600	1547600	0	
4.10123	1	1548162	1548162	0	
4.10123	1	1549060	1549060	0	
4.10379	1	1549606	1549606	0	
4.10379	1	1550520	1550520	0	
4.10626	1	1551050	1551050	0	
4.10626	1	1551980	1551980	0	
4.10873	1	1552494	1552494	0	
4.10873	1	1553440	1553440	0	
4.1112	1	1553938	1553938	0	
4.1112	1	1554900	1554900	0	
4.11367	1	1555382	1555382	0	
4.11367	1	1556360	1556360	0	
4.11614	1	1556826	1556826	0	
4.11614	1	1557820	1557820	0	
4.11861	1	1558270	1558270	0	
4.11861	1	1559280	1559280	0	
4.12118	1	1559714	1559714	0	
4.12118	1	1560740	1560740	0	
4.12364	1	1561158	1561158	0	
4.12364	1	1562200	1562200	0	
4.12611	1	1562602	1562602	0	
4.12611	1	1563660	1563660	0	
4.12858	1	1564046	1564046	0	
4.12858	1	1565120	1565120	0	
4.13105	1	1565490	1565490	0	
4.13105	1	1566580	1566580	0	
4.13352	1	1566934	1566934	0	
4.13352	1	1568040	1568040	0	
4.13609	1	1568378	1568378	0	
4.13609	1	1569500	1569500	0	
4.13856	1	1569822	1569822	0	
4.13856	1	1570960	1570960	0	
4.14103	1	1571266	1571266	0	
4.14103	1	1572420	1572420	0	
4.1435	1	1572710	1572710	0	
4.1435	1	1573880	1573880	0	
4.14597	1	1574154	1574154	0	
4.14597	1	1575340	1575340	0	
4.14844	1	1575598	1575598	0	
4.14844	1	1576800	1576800	0	
4.15091	1	1577042	1577042	0	
4.15091	1	1578260	1578260	0	
4.15347	1	1578486	1578486	0	
4.15347	1	1579720	1579720	0	
4.15594	1	1579930	1579930	0	
4.15594	1	1581180	1581180	0	
4.15842	1	1581374	1581374	0	
4.15842	1	1582640	1582640	0	
4.16088	1	1582818	1582818	0	
4.16088	1	1584100	1584100	0	
4.16335	1	1584262	1584262	0	
4.16335	1	1585560	1585560	0	
4.16592	1	1585706	1585706	0	
4.16592	1	1587020	1587020	0	
4.16839	1	1587150	1587150	0	
4.16839	1	1588480	1588480	0	
4.17086	1	1588594	1588594	0	
4.17086	1	1589940	1589940	0	
4.17332	1	1590038	1590038	0	
4.17332	1	1591400	1591400	0	
4.17579	1	1591482	1591482	0	
4.17579	1	1592860	1592860	0	
4.17826	1	1592926	1592926	0	
4.17826	1	1594320	1594320	0	
4.18083	1	1594370	1594370	0	
4.18083	1	1595780	1595780	0	
4.1833	1	1595814	1595814	0	
4.1833	1	1597240	1597240	0	
4.18577	1	1597258	1597258	0	
4.18577	1	1598700	1598700	0	
4.18824	1	1598702	1598702	0	
4.1907	1	1600154	1600154	0	
4.1907	1	1600160	1600160	0	
4.19317	1	1601599	1601599	0	
4.19317	1	1601620	1601620	0	
4.19564	1	1603044	1603044	0	
4.19564	1	1603080	1603080	0	
4.19821	1	1604489	1604489	0	
4.19821	1	1604540	1604540	0	
4.20068	1	1605934	1605934	0	
4.20068	1	1606000	1606000	0	
4.20314	1	1607378	1607378	0	
4.20314	1	1607460	1607460	0	
4.20562	1	1608822	1608822	0	
4.20562	1	1608920	1608920	0	
4.20809	1	1610266	1610266	0	
4.20809	1	1610380	1610380	0	
4.21056	1	1611710	1611710	0	
4.21056	1	1611840	1611840	0	
4.21312	1	1613154	1613154	0	
4.21312	1	1613300	1613300	0	
4.21559	1	1614598	1614598	0	
4.21559	1	1614760	1614760	0	
4.21806	1	1616042	1616042	0	
4.21806	1	1616220	1616220	0	
4.22053	1	1617486	1617486	0	
4.22053	1	1617680	1617680	0	
4.223	1	1618930	1618930	0	
4.223	1	1619140	1619140	0	
4.22547	1	1620374	1620374	0	
4.22547	1	1620600	1620600	0	
4.22794	1	1621818	1621818	0	
4.22794	1	1622060	1622060	0	
4.23051	1	1623262	1623262	0	
4.23051	1	1623520	1623520	0	
4.23298	1	1624706	1624706	0	
4.23298	1	1624980	1624980	0	
4.23545	1	1626150	1626150	0	
4.23545	1	1626440	1626440	0	
4.23792	1	1627594	1627594	0	
4.23792	1	1627900	1627900	0	
4.24038	1	1629038	1629038	0	
4.24038	1	1629360	1629360	0	
4.24295	1	1630482	1630482	0	
4.24295	1	1630820	1630820	0	
4.24542	1	1631926	1631926	0	
4.24542	1	1632280	1632280	0	
4.24789	1	1633370	1633370	0	
4.24789	1	1633740	1633740	0	
4.25036	1	1634814	1634814	0	
4.25036	1	1635200	1635200	0	
4.25283	1	1636258	1636258	0	
4.25283	1	1636660	1636660	0	
4.2553	1	1637702	1637702	0	
4.2553	1	1638120	1638120	0	
4.25777	1	1639146	1639146	0	
4.25777	1	1639580	1639580	0	
4.26024	1	1640590	1640590	0	
4.26024	1	1641040	1641040	0	
4.2628	1	1642034	1642034	0	
4.2628	1	1642500	1642500	0	
4.26527	1	1643478	1643478	0	
4.26527	1	1643960	1643960	0	
4.26774	1	1644922	1644922	0	
4.26774	1	1645420	1645420	0	
4.27021	1	1646366	1646366	0	
4.27021	1	1646880	1646880	0	
4.27268	1	1647810	1647810	0	
4.27268	1	1648340	1648340	0	
4.27525	1	1649254	1649254	0	
4.27525	1	1649800	1649800	0	
4.27772	1	1650698	1650698	0	
4.27772	1	1651260	1651260	0	
4.28019	1	1652142	1652142	0	
4.28019	1	1652720	1652720	0	
4.28266	1	1653586	1653586	0	
4.28266	1	1654180	1654180	0	
4.28513	1	1655030	1655030	0	
4.28513	1	1655640	1655640	0	
4.2876	1	1656474	1656474	0	
4.2876	1	1657100	1657100	0	
4.29016	1	1657918	1657918	0	
4.29016	1	1658560	1658560	0	
4.29263	1	1659362	1659362	0	
4.29263	1	1660020	1660020	0	
4.2951	1	1660806	1660806	0	
4.2951	1	1661480	1661480	0	
4.29757	1	1662250	1662250	0	
4.29757	1	1662940	1662940	0	
4.30004	1	1663694	1663694	0	
4.30004	1	1664400	1664400	0	
4.30251	1	1665138	1665138	0	
4.30251	1	1665860	1665860	0	
4.30498	1	1666582	1666582	0	
4.30498	1	1667320	1667320	0	
4.30755	1	1668026	1668026	0	
4.30755	1	1668780	1668780	0	
4.31001	1	1669470	1669470	0	
4.31001	1	1670240	1670240	0	
4.31248	1	1670914	1670914	0	
4.31248	1	1671700	1671700	0	
4.31495	1	1672358	1672358	0	
4.31495	1	1673160	1673160	0	
4.31742	1	1673802	1673802	0	
4.31742	1	1674620	1674620	0	
4.31989	1	1675246	1675246	0	
4.31989	1	1676080	1676080	0	
4.32246	1	1676690	1676690	0	
4.32246	1	1677540	1677540	0	
4.32493	1	1678134	1678134	0	
4.32493	1	1679000	1679000	0	
4.3274	1	1679578	1679578	0	
4.3274	1	1680460	1680460	0	
4.32987	1	1681022	1681022	0	
4.32987	1	1681920	1681920	0	
4.33234	1	1682466	1682466	0	
4.33234	1	1683380	1683380	0	
4.33481	1	1683910	1683910	0	
4.33481	1	1684840	1684840	0	
4.33728	1	1685354	1685354	0	
4.33728	1	1686300	1686300	0	
4.33984	1	1686798	1686798	0	
4.33984	1	1687760	1687760	0	
4.34231	1	1688242	1688242	0	
4.34231	1	1689220	1689220	0	
4.34478	1	1689686	1689686	0	
4.34478	1	1690680	1690680	0	
4.34725	1	1691130	1691130	0	
4.34725	1	1692140	1692140	0	
4.34972	1	1692574	1692574	0	
4.34972	1	1693600	1693600	0	
4.35229	1	1694018	1694018	0	
4.35229	1	1695060	1695060	0	
4.35476	1	1695462	1695462	0	
4.35476	1	1696520	1696520	0	
4.35723	1	1696906	1696906	0	
4.35723	1	1697980	1697980	0	
4.35969	1	1698350	1698350	0	
4.35969	1	1699440	1699440	0	
4.36216	1	1699794	1699794	0	
4.36216	1	1700900	1700900	0	
4.36463	1	1701238	1701238	0	
4.36463	1	1702360	1702360	0	
4.3671	1	1702682	1702682	0	
4.3671	1	1703820	1703820	0	
4.36957	1	1704126	1704126	0	
4.36957	1	1705280	1705280	0	
4.37214	1	1705570	1705570	0	
4.37214	1	1706740	1706740	0	
4.37461	1	1707014	1707014	0	
4.37461	1	1708200	1708200	0	
4.37708	1	1708458	1708458	0	
4.37708	1	1709660	1709660	0	
4.37955	1	1709902	1709902	0	
4.37955	1	1711120	1711120	0	
4.38202	1	1711346	1711346	0	
4.38202	1	1712580	1712580	0	
4.38458	1	1712790	1712790	0	
4.38458	1	1714040	1714040	0	
4.38705	1	1714234	1714234	0	
4.38705	1	1715500	1715500	0	
4.38952	1	1715678	1715678	0	
4.38952	1	1716960	1716960	0	
4.39199	1	1717122	1717122	0	
4.39199	1	1718420	1718420	0	
4.39447	1	1718566	1718566	0	
4.39447	1	1719880	1719880	0	
4.39693	1	1720010	1720010	0	
4.39693	1	1721340	1721340	0	
4.3995	1	1721454	1721454	0	
4.3995	1	1722800	1722800	0	
4.40197	1	1722898	1722898	0	
4.40197	1	1724260	1724260	0	
4.40444	1	1724342	1724342	0	
4.40444	1	1725720	1725720	0	
4.40691	1	1725786	1725786	0	
4.40691	1	1727180	1727180	0	
4.40937	1	1727230	1727230	0	
4.40937	1	1728640	1728640	0	
4.41184	1	1728674	1728674	0	
4.41184	1	1730100	1730100	0	
4.41431	1	1730118	1730118	0	
4.41431	1	1731560	1731560	0	
4.41688	1	1731562	1731562	0	
4.41935	1	1733014	1733014	0	
4.41935	1	1733020	1733020	0	
4.42182	1	1734459	1734459	0	
4.42182	1	1734480	1734480	0	
4.42428	1	1735904	1735904	0	
4.42428	1	1735940	1735940	0	
4.42675	1	1737349	1737349	0	
4.42675	1	1737400	1737400	0	
4.42922	1	1738794	1738794	0	
4.42922	1	1738860	1738860	0	
4.43179	1	1740238	1740238	0	
4.43179	1	1740320	1740320	0	
4.43426	1	1741682	1741682	0	
4.43426	1	1741780	1741780	0	
4.43672	1	1743126	1743126	0	
4.43672	1	1743240	1743240	0	
4.43919	1	1744570	1744570	0	
4.43919	1	1744700	1744700	0	
4.44167	1	1746014	1746014	0	
4.44167	1	1746160	1746160	0	
4.44414	1	1747458	1747458	0	
4.44414	1	1747620	1747620	0	
4.44661	1	1748902	1748902	0	
4.44661	1	1749080	1749080	0	
4.44917	1	1750346	1750346	0	
4.44917	1	1750540	1750540	0	
4.45164	1	1751790	1751790	0	
4.45164	1	1752000	1752000	0	
4.45411	1	1753234	1753234	0	
4.45411	1	1753460	1753460	0	
4.45658	1	1754678	1754678	0	
4.45658	1	1754920	1754920	0	
4.45905	1	1756122	1756122	0	
4.45905	1	1756380	1756380	0	
4.46161	1	1757566	1757566	0	
4.46161	1	1757840	1757840	0	
4.46409	1	1759010	1759010	0	
4.46409	1	1759300	1759300	0	
4.46656	1	1760454	1760454	0	
4.46656	1	1760760	1760760	0	
4.46903	1	1761898	1761898	0	
4.46903	1	1762220	1762220	0	
4.4715	1	1763342	1763342	0	
4.4715	1	1763680	1763680	0	
4.47396	1	1764786	1764786	0	
4.47396	1	1765140	1765140	0	
4.47653	1	1766230	1766230	0	
4.47653	1	1766600	1766600	0	
4.479	1	1767674	1767674	0	
4.479	1	1768060	1768060	0	
4.48147	1	1769118	1769118	0	
4.48147	1	1769520	1769520	0	
4.48394	1	1770562	1770562	0	
4.48394	1	1770980	1770980	0	
4.48641	1	1772006	1772006	0	
4.48641	1	1772440	1772440	0	
4.48888	1	1773450	1773450	0	
4.48888	1	1773900	1773900	0	
4.49135	1	1774894	1774894	0	
4.49135	1	1775360	1775360	0	
4.49392	1	1776338	1776338	0	
4.49392	1	1776820	1776820	0	
4.49638	1	1777782	1777782	0	
4.49638	1	1778280	1778280	0	
4.49885	1	1779226	1779226	0	
4.49885	1	1779740	1779740	0	
4.50132	1	1780670	1780670	0	
4.50132	1	1781200	1781200	0	
4.50379	1	1782114	1782114	0	
4.50379	1	1782660	1782660	0	
4.50626	1	1783558	1783558	0	
4.50626	1	1784120	1784120	0	
4.50882	1	1785002	1785002	0	
4.50882	1	1785580	1785580	0	
4.5113	1	1786446	1786446	0	
4.5113	1	1787040	1787040	0	
4.51377	1	1787890	1787890	0	
4.51377	1	1788500	1788500	0	
4.51624	1	1789334	1789334	0	
4.51624	1	1789960	1789960	0	
4.51871	1	1790778	1790778	0	
4.51871	1	1791420	1791420	0	
4.52118	1	1792222	1792222	0	
4.52118	1	1792880	1792880	0	
4.52364	1	1793666	1793666	0	
4.52364	1	1794340	1794340	0	
4.52621	1	1795110	1795110	0	
4.52621	1	1795800	1795800	0	
4.52868	1	1796554	1796554	0	
4.52868	1	1797260	1797260	0	
4.53115	1	1797998	1797998	0	
4.53115	1	1798720	1798720	0	
4.53362	1	1799442	1799442	0	
4.53362	1	1800180	1800180	0	
4.53609	1	1800886	1800886	0	
4.53609	1	1801640	1801640	0	
4.53856	1	1802330	1802330	0	
4.53856	1	1803100	1803100	0	
4.54103	1	1803774	1803774	0	
4.54103	1	1804560	1804560	0	
4.5436	1	1805218	1805218	0	
4.5436	1	1806020	1806020	0	
4.54606	1	1806662	1806662	0	
4.54606	1	1807480	1807480	0	
4.54853	1	1808106	1808106	0	
4.54853	1	1808940	1808940	0	
4.551	1	1809550	1809550	0	
4.551	1	1810400	1810400	0	
4.55347	1	1810994	1810994	0	
4.55347	1	1811860	1811860	0	
4.55594	1	1812438	1812438	0	
4.55594	1	1813320	1813320	0	
4.55841	1	1813882	1813882	0	
4.55841	1	1814780	1814780	0	
4.56098	1	1815326	1815326	0	
4.56098	1	1816240	1816240	0	
4.56345	1	1816770	1816770	0	
4.56345	1	1817700	1817700	0	
4.56592	1	1818214	1818214	0	
4.56592	1	1819160	1819160	0	
4.56839	1	1819658	1819658	0	
4.56839	1	1820620	1820620	0	
4.57086	1	1821102	1821102	0	
4.57086	1	1822080	1822080	0	
4.57342	1	1822546	1822546	0	
4.57342	1	1823540	1823540	0	
4.57589	1	1823990	1823990	0	
4.57589	1	1825000	1825000	0	
4.57836	1	1825434	1825434	0	
4.57836	1	1826460	1826460	0	
4.58083	1	1826878	1826878	0	
4.58083	1	1827920	1827920	0	
4.5833	1	1828322	1828322	0	
4.5833	1	1829380	1829380	0	
4.58577	1	1829766	1829766	0	
4.58577	1	1830840	1830840	0	
4.58834	1	1831210	1831210	0	
4.58834	1	1832300	1832300	0	
4.59081	1	1832654	1832654	0	
4.59081	1	1833760	1833760	0	
4.59328	1	1834098	1834098	0	
4.59328	1	1835220	1835220	0	
4.59574	1	1835542	1835542	0	
4.59574	1	1836680	1836680	0	
4.59821	1	1836986	1836986	0	
4.59821	1	1838140	1838140	0	
4.60068	1	1838430	1838430	0	
4.60068	1	1839600	1839600	0	
4.60315	1	1839874	1839874	0	
4.60315	1	1841060	1841060	0	
4.60572	1	1841318	1841318	0	
4.60572	1	1842520	1842520	0	
4.60819	1	1842762	1842762	0	
4.60819	1	1843980	1843980	0	
4.61066	1	1844206	1844206	0	
4.61066	1	1845440	1845440	0	
4.61313	1	1845650	1845650	0	
4.61313	1	1846900	1846900	0	
4.6156	1	1847094	1847094	0	
4.6156	1	1848360	1848360	0	
4.61807	1	1848538	1848538	0	
4.61807	1	1849820	1849820	0	
4.62063	1	1849982	1849982	0	
4.62063	1	1851280	1851280	0	
4.6231	1	1851426	1851426	0	
4.6231	1	1852740	1852740	0	
4.62557	1	1852870	1852870	0	
4.62557	1	1854200	1854200	0	
4.62804	1	1854314	1854314	0	
4.62804	1	1855660	1855660	0	
4.63052	1	1855758	1855758	0	
4.63052	1	1857120	1857120	0	
4.63298	1	1857202	1857202	0	
4.63298	1	1858580	1858580	0	
4.63545	1	1858646	1858646	0	
4.63545	1	1860040	1860040	0	
4.63802	1	1860090	1860090	0	
4.63802	1	1861500	1861500	0	
4.64048	1	1861534	1861534	0	
4.64048	1	1862960	1862960	0	
4.64295	1	1862978	1862978	0	
4.64295	1	1864420	1864420	0	
4.64542	1	1864422	1864422	0	
4.64789	1	1865874	1865874	0	
4.64789	1	1865880	1865880	0	
4.65045	1	1867319	1867319	0	
4.65045	1	1867340	1867340	0	
4.65293	1	1868764	1868764	0	
4.65293	1	1868800	1868800	0	
4.6554	1	1870209	1870209	0	
4.6554	1	1870260	1870260	0	
4.65787	1	1871654	1871654	0	
4.65787	1	1871720	1871720	0	
4.66033	1	1873098	1873098	0	
4.66033	1	1873180	1873180	0	
4.6628	1	1874542	1874542	0	
4.6628	1	1874640	1874640	0	
4.66527	1	1875986	1875986	0	
4.66527	1	1876100	1876100	0	
4.66774	1	1877430	1877430	0	
4.66774	1	1877560	1877560	0	
4.67031	1	1878874	1878874	0	
4.67031	1	1879020	1879020	0	
4.67277	1	1880318	1880318	0	
4.67277	1	1880480	1880480	0	
4.67524	1	1881762	1881762	0	
4.67524	1	1881940	1881940	0	
4.67772	1	1883206	1883206	0	
4.67772	1	1883400	1883400	0	
4.68019	1	1884650	1884650	0	
4.68019	1	1884860	1884860	0	
4.68275	1	1886094	1886094	0	
4.68275	1	1886320	1886320	0	
4.68522	1	1887538	1887538	0	
4.68522	1	1887780	1887780	0	
4.68769	1	1888982	1888982	0	
4.68769	1	1889240	1889240	0	
4.69016	1	1890426	1890426	0	
4.69016	1	1890700	1890700	0	
4.69263	1	1891870	1891870	0	
4.69263	1	1892160	1892160	0	
4.6951	1	1893314	1893314	0	
4.6951	1	1893620	1893620	0	
4.69766	1	1894758	1894758	0	
4.69766	1	1895080	1895080	0	
4.70014	1	1896202	1896202	0	
4.70014	1	1896540	1896540	0	
4.70261	1	1897646	1897646	0	
4.70261	1	1898000	1898000	0	
4.70508	1	1899090	1899090	0	
4.70508	1	1899460	1899460	0	
4.70755	1	1900534	1900534	0	
4.70755	1	1900920	1900920	0	
4.71001	1	1901978	1901978	0	
4.71001	1	1902380	1902380	0	
4.71248	1	1903422	1903422	0	
4.71248	1	1903840	1903840	0	
4.71495	1	1904866	1904866	0	
4.71495	1	1905300	1905300	0	
4.71752	1	1906310	1906310	0	
4.71752	1	1906760	1906760	0	
4.71999	1	1907754	1907754	0	
4.71999	1	1908220	1908220	0	
4.72245	1	1909198	1909198	0	
4.72245	1	1909680	1909680	0	
4.72493	1	1910642	1910642	0	
4.72493	1	1911140	1911140	0	
4.7274	1	1912086	1912086	0	
4.7274	1	1912600	1912600	0	
4.72996	1	1913530	1913530	0	
4.72996	1	1914060	1914060	0	
4.73243	1	1914974	1914974	0	
4.73243	1	1915520	1915520	0	
4.7349	1	1916418	1916418	0	
4.7349	1	1916980	1916980	0	
4.73737	1	1917862	1917862	0	
4.73737	1	1918440	1918440	0	
4.73984	1	1919306	1919306	0	
4.73984	1	1919900	1919900	0	
4.74231	1	1920750	1920750	0	
4.74231	1	1921360	1921360	0	
4.74478	1	1922194	1922194	0	
4.74478	1	1922820	1922820	0	
4.74735	1	1923638	1923638	0	
4.74735	1	1924280	1924280	0	
4.74982	1	1925082	1925082	0	
4.74982	1	1925740	1925740	0	
4.75229	1	1926526	1926526	0	
4.75229	1	1927200	1927200	0	
4.75476	1	1927970	1927970	0	
4.75476	1	1928660	1928660	0	
4.75723	1	1929414	1929414	0	
4.75723	1	1930120	1930120	0	
4.75969	1	1930858	1930858	0	
4.75969	1	1931580	1931580	0	
4.76226	1	1932302	1932302	0	
4.76226	1	1933040	1933040	0	
4.76473	1	1933746	1933746	0	
4.76473	1	1934500	1934500	0	
4.7672	1	1935190	1935190	0	
4.7672	1	1935960	1935960	0	
4.76967	1	1936634	1936634	0	
4.76967	1	1937420	1937420	0	
4.77214	1	1938078	1938078	0	
4.77214	1	1938880	1938880	0	
4.77461	1	1939522	1939522	0	
4.77461	1	1940340	1940340	0	
4.77708	1	1940966	1940966	0	
4.77708	1	1941800	1941800	0	
4.77964	1	1942410	1942410	0	
4.77964	1	1943260	1943260	0	
4.78211	1	1943854	1943854	0	
4.78211	1	1944720	1944720	0	
4.78458	1	1945298	1945298	0	
4.78458	1	1946180	1946180	0	
4.78705	1	1946742	1946742	0	
4.78705	1	1947640	1947640	0	
4.78952	1	1948186	1948186	0	
4.78952	1	1949100	1949100	0	
4.79199	1	1949630	1949630	0	
4.79199	1	1950560	1950560	0	
4.79456	1	1951074	1951074	0	
4.79456	1	1952020	1952020	0	
4.79703	1	1952518	1952518	0	
4.79703	1	1953480	1953480	0	
4.7995	1	1953962	1953962	0	
4.7995	1	1954940	1954940	0	
4.80197	1	1955406	1955406	0	
4.80197	1	1956400	1956400	0	
4.80444	1	1956850	1956850	0	
4.80444	1	1957860	1957860	0	
4.807	1	1958294	1958294	0	
4.807	1	1959320	1959320	0	
4.80947	1	1959738	1959738	0	
4.80947	1	1960780	1960780	0	
4.81194	1	1961182	1961182	0	
4.81194	1	1962240	1962240	0	
4.81441	1	1962626	1962626	0	
4.81441	1	1963700	1963700	0	
4.81688	1	1964070	1964070	0	
4.81688	1	1965160	1965160	0	
4.81935	1	1965514	1965514	0	
4.81935	1	1966620	1966620	0	
4.82182	1	1966958	1966958	0	
4.82182	1	1968080	1968080	0	
4.82439	1	1968402	1968402	0	
4.82439	1	1969540	1969540	0	
4.82686	1	1969846	1969846	0	
4.82686	1	1971000	1971000	0	
4.82932	1	1971290	1971290	0	
4.82932	1	1972460	1972460	0	
4.83179	1	1972734	1972734	0	
4.83179	1	1973920	1973920	0	
4.83426	1	1974178	1974178	0	
4.83426	1	1975380	1975380	0	
4.83673	1	1975622	1975622	0	
4.83673	1	1976840	1976840	0	
4.8393	1	1977066	1977066	0	
4.8393	1	1978300	1978300	0	
4.84177	1	1978510	1978510	0	
4.84177	1	1979760	1979760	0	
4.84424	1	1979954	1979954	0	
4.84424	1	1981220	1981220	0	
4.84671	1	1981398	1981398	0	
4.84671	1	1982680	1982680	0	
4.84918	1	1982842	1982842	0	
4.84918	1	1984140	1984140	0	
4.85165	1	1984286	1984286	0	
4.85165	1	1985600	1985600	0	
4.85412	1	1985730	1985730	0	
4.85412	1	1987060	1987060	0	
4.85668	1	1987174	1987174	0	
4.85668	1	1988520	1988520	0	
4.85915	1	1988618	1988618	0	
4.85915	1	1989980	1989980	0	
4.86162	1	1990062	1990062	0	
4.86162	1	1991440	1991440	0	
4.86409	1	1991506	1991506	0	
4.86409	1	1992900	1992900	0	
4.86656	1	1992950	1992950	0	
4.86656	1	1994360	1994360	0	
4.86903	1	1994394	1994394	0	
4.86903	1	1995820	1995820	0	
4.87159	1	1995838	1995838	0	
4.87159	1	1997280	1997280	0	
4.87406	1	1997282	1997282	0	
4.87653	1	1998734	1998734	0	
4.87653	1	1998740	1998740	0	
4.879	1	2000179	2000179	0	
4.879	1	2000200	2000200	0	
4.88147	1	2001624	2001624	0	
4.88147	1	2001660	2001660	0	
4.88403	1	2003069	2003069	0	
4.88403	1	2003120	2003120	0	
4.8865	1	2004514	2004514	0	
4.8865	1	2004580	2004580	0	
4.88898	1	2005958	2005958	0	
4.88898	1	2006040	2006040	0	
4.89145	1	2007402	2007402	0	
4.89145	1	2007500	2007500	0	
4.89392	1	2008846	2008846	0	
4.89392	1	2008960	2008960	0	
4.89638	1	2010290	2010290	0	
4.89638	1	2010420	2010420	0	
4.89885	1	2011734	2011734	0	
4.89885	1	2011880	2011880	0	
4.90132	1	2013178	2013178	0	
4.90132	1	2013340	2013340	0	
4.90389	1	2014622	2014622	0	
4.90389	1	2014800	2014800	0	
4.90636	1	2016066	2016066	0	
4.90636	1	2016260	2016260	0	
4.90882	1	2017510	2017510	0	
4.90882	1	2017720	2017720	0	
4.91129	1	2018954	2018954	0	
4.91129	1	2019180	2019180	0	
4.91377	1	2020398	2020398	0	
4.91377	1	2020640	2020640	0	
4.91633	1	2021842	2021842	0	
4.91633	1	2022100	2022100	0	
4.9188	1	2023286	2023286	0	
4.9188	1	2023560	2023560	0	
4.92127	1	2024730	2024730	0	
4.92127	1	2025020	2025020	0	
4.92374	1	2026174	2026174	0	
4.92374	1	2026480	2026480	0	
4.92621	1	2027618	2027618	0	
4.92621	1	2027940	2027940	0	
4.92868	1	2029062	2029062	0	
4.92868	1	2029400	2029400	0	
4.93115	1	2030506	2030506	0	
4.93115	1	2030860	2030860	0	
4.93362	1	2031950	2031950	0	
4.93362	1	2032320	2032320	0	
4.93619	1	2033394	2033394	0	
4.93619	1	2033780	2033780	0	
4.93866	1	2034838	2034838	0	
4.93866	1	2035240	2035240	0	
4.94113	1	2036282	2036282	0	
4.94113	1	2036700	2036700	0	
4.9436	1	2037726	2037726	0	
4.9436	1	2038160	2038160	0	
4.94606	1	2039170	2039170	0	
4.94606	1	2039620	2039620	0	
4.94863	1	2040614	2040614	0	
4.94863	1	2041080	2041080	0	
4.9511	1	2042058	2042058	0	
4.9511	1	2042540	2042540	0	
4.95357	1	2043502	2043502	0	
4.95357	1	2044000	2044000	0	
4.95604	1	2044946	2044946	0	
4.95604	1	2045460	2045460	0	
4.9585	1	2046390	2046390	0	
4.9585	1	2046920	2046920	0	
4.96098	1	2047834	2047834	0	
4.96098	1	2048380	2048380	0	
4.96345	1	2049278	2049278	0	
4.96345	1	2049840	2049840	0	
4.96592	1	2050722	2050722	0	
4.96592	1	2051300	2051300	0	
4.96848	1	2052166	2052166	0	
4.96848	1	2052760	2052760	0	
4.97095	1	2053610	2053610	0	
4.97095	1	2054220	2054220	0	
4.97342	1	2055054	2055054	0	
4.97342	1	2055680	2055680	0	
4.97589	1	2056498	2056498	0	
4.97589	1	2057140	2057140	0	
4.97836	1	2057942	2057942	0	
4.97836	1	2058600	2058600	0	
4.98092	1	2059386	2059386	0	
4.98092	1	2060060	2060060	0	
4.9834	1	2060830	2060830	0	
4.9834	1	2061520	2061520	0	
4.98587	1	2062274	2062274	0	
4.98587	1	2062980	2062980	0	
4.98834	1	2063718	2063718	0	
4.98834	1	2064440	2064440	0	
4.99081	1	2065162	2065162	0	
4.99081	1	2065900	2065900	0	
4.99337	1	2066606	2066606	0	
4.99337	1	2067360	2067360	0	
4.99584	1	2068050	2068050	0	
4.99584	1	2068820	2068820	0	
4.99831	1	2069494	2069494	0	
4.99831	1	2070280	2070280	0	
5.00078	1	2070938	2070938	0	
5.00078	1	2071740	2071740	0	
5.00325	1	2072382	2072382	0	
5.00325	1	2073200	2073200	0	
5.00572	1	2073826	2073826	0	
5.00572	1	2074660	2074660	0	
5.00819	1	2075270	2075270	0	
5.00819	1	2076120	2076120	0	
5.01066	1	2076714	2076714	0	
5.01066	1	2077580	2077580	0	
5.01313	1	2078158	2078158	0	
5.01313	1	2079040	2079040	0	
5.01569	1	2079602	2079602	0	
5.01569	1	2080500	2080500	0	
5.01816	1	2081046	2081046	0	
5.01816	1	2081960	2081960	0	
5.02063	1	2082490	2082490	0	
5.02063	1	2083420	2083420	0	
5.0231	1	2083934	2083934	0	
5.0231	1	2084880	2084880	0	
5.02557	1	2085378	2085378	0	
5.02557	1	2086340	2086340	0	
5.02813	1	2086822	2086822	0	
5.02813	1	2087800	2087800	0	
5.03061	1	2088266	2088266	0	
5.03061	1	2089260	2089260	0	
5.03308	1	2089710	2089710	0	
5.03308	1	2090720	2090720	0	
5.03555	1	2091154	2091154	0	
5.03555	1	2092180	2092180	0	
5.03802	1	2092598	2092598	0	
5.03802	1	2093640	2093640	0	
5.04049	1	2094042	2094042	0	
5.04049	1	2095100	2095100	0	
5.04296	1	2095486	2095486	0	
5.04296	1	2096560	2096560	0	
5.04542	1	2096930	2096930	0	
5.04542	1	2098020	2098020	0	
5.04799	1	2098374	2098374	0	
5.04799	1	2099480	2099480	0	
5.05046	1	2099818	2099818	0	
5.05046	1	2100940	2100940	0	
5.05293	1	2101262	2101262	0	
5.05293	1	2102400	2102400	0	
5.0554	1	2102706	2102706	0	
5.0554	1	2103860	2103860	0	
5.05787	1	2104150	2104150	0	
5.05787	1	2105320	2105320	0	
5.06044	1	2105594	2105594	0	
5.06044	1	2106780	2106780	0	
5.06291	1	2107038	2107038	0	
5.06291	1	2108240	2108240	0	
5.06537	1	2108482	2108482	0	
5.06537	1	2109700	2109700	0	
5.06784	1	2109926	2109926	0	
5.06784	1	2111160	2111160	0	
5.07031	1	2111370	2111370	0	
5.07031	1	2112620	2112620	0	
5.07278	1	2112814	2112814	0	
5.07278	1	2114080	2114080	0	
5.07525	1	2114258	2114258	0	
5.07525	1	2115540	2115540	0	
5.07772	1	2115702	2115702	0	
5.07772	1	2117000	2117000	0	
5.08029	1	2117146	2117146	0	
5.08029	1	2118460	2118460	0	
5.08276	1	2118590	2118590	0	
5.08276	1	2119920	2119920	0	
5.08523	1	2120034	2120034	0	
5.08523	1	2121380	2121380	0	
5.0877	1	2121478	2121478	0	
5.0877	1	2122840	2122840	0	
5.09017	1	2122922	2122922	0	
5.09017	1	2124300	2124300	0	
5.09273	1	2124366	2124366	0	
5.09273	1	2125760	2125760	0	
5.0952	1	2125810	2125810	0	
5.0952	1	2127220	2127220	0	
5.09767	1	2127254	2127254	0	
5.09767	1	2128680	2128680	0	
5.10013	1	2128698	2128698	0	
5.10013	1	2130140	2130140	0	
5.10261	1	2130142	2130142	0	
5.10517	1	2131594	2131594	0	
5.10517	1	2131600	2131600	0	
5.10764	1	2133039	2133039	0	
5.10764	1	2133060	2133060	0	
5.11011	1	2134484	2134484	0	
5.11011	1	2134520	2134520	0	
5.11258	1	2135929	2135929	0	
5.11258	1	2135980	2135980	0	
5.11505	1	2137374	2137374	0	
5.11505	1	2137440	2137440	0	
5.11752	1	2138818	2138818	0	
5.11752	1	2138900	2138900	0	
5.11999	1	2140262	2140262	0	
5.11999	1	2140360	2140360	0	
5.12245	1	2141706	2141706	0	
5.12245	1	2141820	2141820	0	
5.12503	1	2143150	2143150	0	
5.12503	1	2143280	2143280	0	
5.1275	1	2144594	2144594	0	
5.1275	1	2144740	2144740	0	
5.12996	1	2146038	2146038	0	
5.12996	1	2146200	2146200	0	
5.13243	1	2147482	2147482	0	
5.13243	1	2147660	2147660	0	
5.1349	1	2148926	2148926	0	
5.1349	1	2149120	2149120	0	
5.13747	1	2150370	2150370	0	
5.13747	1	2150580	2150580	0	
5.13994	1	2151814	2151814	0	
5.13994	1	2152040	2152040	0	
5.1424	1	2153258	2153258	0	
5.1424	1	2153500	2153500	0	
5.14487	1	2154702	2154702	0	
5.14487	1	2154960	2154960	0	
5.14734	1	2156146	2156146	0	
5.14734	1	2156420	2156420	0	
5.14982	1	2157590	2157590	0	
5.14982	1	2157880	2157880	0	
5.15229	1	2159034	2159034	0	
5.15229	1	2159340	2159340	0	
5.15476	1	2160478	2160478	0	
5.15476	1	2160800	2160800	0	
5.15732	1	2161922	2161922	0	
5.15732	1	2162260	2162260	0	
5.15979	1	2163366	2163366	0	
5.15979	1	2163720	2163720	0	
5.16226	1	2164810	2164810	0	
5.16226	1	2165180	2165180	0	
5.16473	1	2166254	2166254	0	
5.16473	1	2166640	2166640	0	
5.1672	1	2167698	2167698	0	
5.1672	1	2168100	2168100	0	
5.16976	1	2169142	2169142	0	
5.16976	1	2169560	2169560	0	
5.17224	1	2170586	2170586	0	
5.17224	1	2171020	2171020	0	
5.17471	1	2172030	2172030	0	
5.17471	1	2172480	2172480	0	
5.17718	1	2173474	2173474	0	
5.17718	1	2173940	2173940	0	
5.17964	1	2174918	2174918	0	
5.17964	1	2175400	2175400	0	
5.18221	1	2176362	2176362	0	
5.18221	1	2176860	2176860	0	
5.18468	1	2177806	2177806	0	
5.18468	1	2178320	2178320	0	
5.18715	1	2179250	2179250	0	
5.18715	1	2179780	2179780	0	
5.18962	1	2180694	2180694	0	
5.18962	1	2181240	2181240	0	
5.19208	1	2182138	2182138	0	
5.19208	1	2182700	2182700	0	
5.19455	1	2183582	2183582	0	
5.19455	1	2184160	2184160	0	
5.19703	1	2185026	2185026	0	
5.19703	1	2185620	2185620	0	
5.1995	1	2186470	2186470	0	
5.1995	1	2187080	2187080	0	
5.20206	1	2187914	2187914	0	
5.20206	1	2188540	2188540	0	
5.20453	1	2189358	2189358	0	
5.20453	1	2190000	2190000	0	
5.207	1	2190802	2190802	0	
5.207	1	2191460	2191460	0	
5.20947	1	2192246	2192246	0	
5.20947	1	2192920	2192920	0	
5.21194	1	2193690	2193690	0	
5.21194	1	2194380	2194380	0	
5.2145	1	2195134	2195134	0	
5.2145	1	2195840	2195840	0	
5.21697	1	2196578	2196578	0	
5.21697	1	2197300	2197300	0	
5.21945	1	2198022	2198022	0	
5.21945	1	2198760	2198760	0	
5.22192	1	2199466	2199466	0	
5.22192	1	2200220	2200220	0	
5.22439	1	2200910	2200910	0	
5.22439	1	2201680	2201680	0	
5.22686	1	2202354	2202354	0	
5.22686	1	2203140	2203140	0	
5.22932	1	2203798	2203798	0	
5.22932	1	2204600	2204600	0	
5.23179	1	2205242	2205242	0	
5.23179	1	2206060	2206060	0	
5.23436	1	2206686	2206686	0	
5.23436	1	2207520	2207520	0	
5.23683	1	2208130	2208130	0	
5.23683	1	2208980	2208980	0	
5.2393	1	2209574	2209574	0	
5.2393	1	2210440	2210440	0	
5.24177	1	2211018	2211018	0	
5.24177	1	2211900	2211900	0	
5.24424	1	2212462	2212462	0	
5.24424	1	2213360	2213360	0	
5.24681	1	2213906	2213906	0	
5.24681	1	2214820	2214820	0	
5.24928	1	2215350	2215350	0	
5.24928	1	2216280	2216280	0	
5.25174	1	2216794	2216794	0	
5.25174	1	2217740	2217740	0	
5.25421	1	2218238	2218238	0	
5.25421	1	2219200	2219200	0	
5.25668	1	2219682	2219682	0	
5.25668	1	2220660	2220660	0	
5.25915	1	2221126	2221126	0	
5.25915	1	2222120	2222120	0	
5.26162	1	2222570	2222570	0	
5.26162	1	2223580	2223580	0	
5.26409	1	2224014	2224014	0	
5.26409	1	2225040	2225040	0	
5.26666	1	2225458	2225458	0	
5.26666	1	2226500	2226500	0	
5.26913	1	2226902	2226902	0	
5.26913	1	2227960	2227960	0	
5.2716	1	2228346	2228346	0	
5.2716	1	2229420	2229420	0	
5.27407	1	2229790	2229790	0	
5.27407	1	2230880	2230880	0	
5.27654	1	2231234	2231234	0	
5.27654	1	2232340	2232340	0	
5.2791	1	2232678	2232678	0	
5.2791	1	2233800	2233800	0	
5.28157	1	2234122	2234122	0	
5.28157	1	2235260	2235260	0	
5.28404	1	2235566	2235566	0	
5.28404	1	2236720	2236720	0	
5.28651	1	2237010	2237010	0	
5.28651	1	2238180	2238180	0	
5.28898	1	2238454	2238454	0	
5.28898	1	2239640	2239640	0	
5.29155	1	2239898	2239898	0	
5.29155	1	2241100	2241100	0	
5.29402	1	2241342	2241342	0	
5.29402	1	2242560	2242560	0	
5.29649	1	2242786	2242786	0	
5.29649	1	2244020	2244020	0	
5.29896	1	2244230	2244230	0	
5.29896	1	2245480	2245480	0	
5.30142	1	2245674	2245674	0	
5.30142	1	2246940	2246940	0	
5.30389	1	2247118	2247118	0	
5.30389	1	2248400	2248400	0	
5.30636	1	2248562	2248562	0	
5.30636	1	2249860	2249860	0	
5.30883	1	2250006	2250006	0	
5.30883	1	2251320	2251320	0	
5.3114	1	2251450	2251450	0	
5.3114	1	2252780	2252780	0	
5.31387	1	2252894	2252894	0	
5.31387	1	2254240	2254240	0	
5.31634	1	2254338	2254338	0	
5.31634	1	2255700	2255700	0	
5.31881	1	2255782	2255782	0	
5.31881	1	2257160	2257160	0	
5.32128	1	2257226	2257226	0	
5.32128	1	2258620	2258620	0	
5.32384	1	2258670	2258670	0	
5.32384	1	2260080	2260080	0	
5.32631	1	2260114	2260114	0	
5.32631	1	2261540	2261540	0	
5.32878	1	2261558	2261558	0	
5.32878	1	2263000	2263000	0	
5.33124	1	2263002	2263002	0	
5.33371	1	2264454	2264454	0	
5.33371	1	2264460	2264460	0	
5.33618	1	2265899	2265899	0	
5.33618	1	2265920	2265920	0	
5.33866	1	2267344	2267344	0	
5.33866	1	2267380	2267380	0	
5.34113	1	2268789	2268789	0	
5.34113	1	2268840	2268840	0	
5.34369	1	2270234	2270234	0	
5.34369	1	2270300	2270300	0	
5.34616	1	2271678	2271678	0	
5.34616	1	2271760	2271760	0	
5.34863	1	2273122	2273122	0	
5.34863	1	2273220	2273220	0	
5.3511	1	2274566	2274566	0	
5.3511	1	2274680	2274680	0	
5.35357	1	2276010	2276010	0	
5.35357	1	2276140	2276140	0	
5.35613	1	2277454	2277454	0	
5.35613	1	2277600	2277600	0	
5.3586	1	2278898	2278898	0	
5.3586	1	2279060	2279060	0	
5.36108	1	2280342	2280342	0	
5.36108	1	2280520	2280520	0	
5.36355	1	2281786	2281786	0	
5.36355	1	2281980	2281980	0	
5.36601	1	2283230	2283230	0	
5.36601	1	2283440	2283440	0	
5.36848	1	2284674	2284674	0	
5.36848	1	2284900	2284900	0	
5.37095	1	2286118	2286118	0	
5.37095	1	2286360	2286360	0	
5.37342	1	2287562	2287562	0	
5.37342	1	2287820	2287820	0	
5.37599	1	2289006	2289006	0	
5.37599	1	2289280	2289280	0	
5.37845	1	2290450	2290450	0	
5.37845	1	2290740	2290740	0	
5.38092	1	2291894	2291894	0	
5.38092	1	2292200	2292200	0	
5.38339	1	2293338	2293338	0	
5.38339	1	2293660	2293660	0	
5.38587	1	2294782	2294782	0	
5.38587	1	2295120	2295120	0	
5.38843	1	2296226	2296226	0	
5.38843	1	2296580	2296580	0	
5.3909	1	2297670	2297670	0	
5.3909	1	2298040	2298040	0	
5.39337	1	2299114	2299114	0	
5.39337	1	2299500	2299500	0	
5.39584	1	2300558	2300558	0	
5.39584	1	2300960	2300960	0	
5.39831	1	2302002	2302002	0	
5.39831	1	2302420	2302420	0	
5.40087	1	2303446	2303446	0	
5.40087	1	2303880	2303880	0	
5.40334	1	2304890	2304890	0	
5.40334	1	2305340	2305340	0	
5.40581	1	2306334	2306334	0	
5.40581	1	2306800	2306800	0	
5.40829	1	2307778	2307778	0	
5.40829	1	2308260	2308260	0	
5.41076	1	2309222	2309222	0	
5.41076	1	2309720	2309720	0	
5.41323	1	2310666	2310666	0	
5.41323	1	2311180	2311180	0	
5.41569	1	2312110	2312110	0	
5.41569	1	2312640	2312640	0	
5.41816	1	2313554	2313554	0	
5.41816	1	2314100	2314100	0	
5.42073	1	2314998	2314998	0	
5.42073	1	2315560	2315560	0	
5.4232	1	2316442	2316442	0	
5.4232	1	2317020	2317020	0	
5.42567	1	2317886	2317886	0	
5.42567	1	2318480	2318480	0	
5.42813	1	2319330	2319330	0	
5.42813	1	2319940	2319940	0	
5.4306	1	2320774	2320774	0	
5.4306	1	2321400	2321400	0	
5.43318	1	2322218	2322218	0	
5.43318	1	2322860	2322860	0	
5.43564	1	2323662	2323662	0	
5.43564	1	2324320	2324320	0	
5.43811	1	2325106	2325106	0	
5.43811	1	2325780	2325780	0	
5.44058	1	2326550	2326550	0	
5.44058	1	2327240	2327240	0	
5.44305	1	2327994	2327994	0	
5.44305	1	2328700	2328700	0	
5.44552	1	2329438	2329438	0	
5.44552	1	2330160	2330160	0	
5.44799	1	2330882	2330882	0	
5.44799	1	2331620	2331620	0	
5.45046	1	2332326	2332326	0	
5.45046	1	2333080	2333080	0	
5.45302	1	2333770	2333770	0	
5.45302	1	2334540	2334540	0	
5.4555	1	2335214	2335214	0	
5.4555	1	2336000	2336000	0	
5.45797	1	2336658	2336658	0	
5.45797	1	2337460	2337460	0	
5.46044	1	2338102	2338102	0	
5.46044	1	2338920	2338920	0	
5.46291	1	2339546	2339546	0	
5.46291	1	2340380	2340380	0	
5.46547	1	2340990	2340990	0	
5.46547	1	2341840	2341840	0	
5.46794	1	2342434	2342434	0	
5.46794	1	2343300	2343300	0	
5.47041	1	2343878	2343878	0	
5.47041	1	2344760	2344760	0	
5.47288	1	2345322	2345322	0	
5.47288	1	2346220	2346220	0	
5.47535	1	2346766	2346766	0	
5.47535	1	2347680	2347680	0	
5.47781	1	2348210	2348210	0	
5.47781	1	2349140	2349140	0	
5.48029	1	2349654	2349654	0	
5.48029	1	2350600	2350600	0	
5.48276	1	2351098	2351098	0	
5.48276	1	2352060	2352060	0	
5.48532	1	2352542	2352542	0	
5.48532	1	2353520	2353520	0	
5.48779	1	2353986	2353986	0	
5.48779	1	2354980	2354980	0	
5.49026	1	2355430	2355430	0	
5.49026	1	2356440	2356440	0	
5.49273	1	2356874	2356874	0	
5.49273	1	2357900	2357900	0	
5.4952	1	2358318	2358318	0	
5.4952	1	2359360	2359360	0	
5.49767	1	2359762	2359762	0	
5.49767	1	2360820	2360820	0	
5.50023	1	2361206	2361206	0	
5.50023	1	2362280	2362280	0	
5.50271	1	2362650	2362650	0	
5.50271	1	2363740	2363740	0	
5.50518	1	2364094	2364094	0	
5.50518	1	2365200	2365200	0	
5.50765	1	2365538	2365538	0	
5.50765	1	2366660	2366660	0	
5.51012	1	2366982	2366982	0	
5.51012	1	2368120	2368120	0	
5.51268	1	2368426	2368426	0	
5.51268	1	2369580	2369580	0	
5.51515	1	2369870	2369870	0	
5.51515	1	2371040	2371040	0	
5.51762	1	2371314	2371314	0	
5.51762	1	2372500	2372500	0	
5.52009	1	2372758	2372758	0	
5.52009	1	2373960	2373960	0	
5.52256	1	2374202	2374202	0	
5.52256	1	2375420	2375420	0	
5.52503	1	2375646	2375646	0	
5.52503	1	2376880	2376880	0	
5.5275	1	2377090	2377090	0	
5.5275	1	2378340	2378340	0	
5.52997	1	2378534	2378534	0	
5.52997	1	2379800	2379800	0	
5.53254	1	2379978	2379978	0	
5.53254	1	2381260	2381260	0	
5.535	1	2381422	2381422	0	
5.535	1	2382720	2382720	0	
5.53747	1	2382866	2382866	0	
5.53747	1	2384180	2384180	0	
5.53994	1	2384310	2384310	0	
5.53994	1	2385640	2385640	0	
5.54241	1	2385754	2385754	0	
5.54241	1	2387100	2387100	0	
5.54498	1	2387198	2387198	0	
5.54498	1	2388560	2388560	0	
5.54745	1	2388642	2388642	0	
5.54745	1	2390020	2390020	0	
5.54992	1	2390086	2390086	0	
5.54992	1	2391480	2391480	0	
5.55239	1	2391530	2391530	0	
5.55239	1	2392940	2392940	0	
5.55486	1	2392974	2392974	0	
5.55486	1	2394400	2394400	0	
5.55732	1	2394418	2394418	0	
5.55732	1	2395860	2395860	0	
5.55979	1	2395862	2395862	0	
5.56226	1	2397314	2397314	0	
5.56226	1	2397320	2397320	0	
5.56482	1	2398759	2398759	0	
5.56482	1	2398780	2398780	0	
5.56729	1	2400204	2400204	0	
5.56729	1	2400240	2400240	0	
5.56976	1	2401649	2401649	0	
5.56976	1	2401700	2401700	0	
5.57223	1	2403094	2403094	0	
5.57223	1	2403160	2403160	0	
5.57471	1	2404538	2404538	0	
5.57471	1	2404620	2404620	0	
5.57727	1	2405982	2405982	0	
5.57727	1	2406080	2406080	0	
5.57974	1	2407426	2407426	0	
5.57974	1	2407540	2407540	0	
5.58221	1	2408870	2408870	0	
5.58221	1	2409000	2409000	0	
5.58468	1	2410314	2410314	0	
5.58468	1	2410460	2410460	0	
5.58715	1	2411758	2411758	0	
5.58715	1	2411920	2411920	0	
5.58962	1	2413202	2413202	0	
5.58962	1	2413380	2413380	0	
5.59208	1	2414646	2414646	0	
5.59208	1	2414840	2414840	0	
5.59455	1	2416090	2416090	0	
5.59455	1	2416300	2416300	0	
5.59713	1	2417534	2417534	0	
5.59713	1	2417760	2417760	0	
5.5996	1	2418978	2418978	0	
5.5996	1	2419220	2419220	0	
5.60206	1	2420422	2420422	0	
5.60206	1	2420680	2420680	0	
5.60453	1	2421866	2421866	0	
5.60453	1	2422140	2422140	0	
5.607	1	2423310	2423310	0	
5.607	1	2423600	2423600	0	
5.60957	1	2424754	2424754	0	
5.60957	1	2425060	2425060	0	
5.61204	1	2426198	2426198	0	
5.61204	1	2426520	2426520	0	
5.6145	1	2427642	2427642	0	
5.6145	1	2427980	2427980	0	
5.61697	1	2429086	2429086	0	
5.61697	1	2429440	2429440	0	
5.61944	1	2430530	2430530	0	
5.61944	1	2430900	2430900	0	
5.62201	1	2431974	2431974	0	
5.62201	1	2432360	2432360	0	
5.62448	1	2433418	2433418	0	
5.62448	1	2433820	2433820	0	
5.62695	1	2434862	2434862	0	
5.62695	1	2435280	2435280	0	
5.62942	1	2436306	2436306	0	
5.62942	1	2436740	2436740	0	
5.63189	1	2437750	2437750	0	
5.63189	1	2438200	2438200	0	
5.63436	1	2439194	2439194	0	
5.63436	1	2439660	2439660	0	
5.63683	1	2440638	2440638	0	
5.63683	1	2441120	2441120	0	
5.6393	1	2442082	2442082	0	
5.6393	1	2442580	2442580	0	
5.64186	1	2443526	2443526	0	
5.64186	1	2444040	2444040	0	
5.64434	1	2444970	2444970	0	
5.64434	1	2445500	2445500	0	
5.64681	1	2446414	2446414	0	
5.64681	1	2446960	2446960	0	
5.64928	1	2447858	2447858	0	
5.64928	1	2448420	2448420	0	
5.65174	1	2449302	2449302	0	
5.65174	1	2449880	2449880	0	
5.65431	1	2450746	2450746	0	
5.65431	1	2451340	2451340	0	
5.65678	1	2452190	2452190	0	
5.65678	1	2452800	2452800	0	
5.65925	1	2453634	2453634	0	
5.65925	1	2454260	2454260	0	
5.66172	1	2455078	2455078	0	
5.66172	1	2455720	2455720	0	
5.66418	1	2456522	2456522	0	
5.66418	1	2457180	2457180	0	
5.66665	1	2457966	2457966	0	
5.66665	1	2458640	2458640	0	
5.66913	1	2459410	2459410	0	
5.66913	1	2460100	2460100	0	
5.6716	1	2460854	2460854	0	
5.6716	1	2461560	2461560	0	
5.67416	1	2462298	2462298	0	
5.67416	1	2463020	2463020	0	
5.67663	1	2463742	2463742	0	
5.67663	1	2464480	2464480	0	
5.6791	1	2465186	2465186	0	
5.6791	1	2465940	2465940	0	
5.68157	1	2466630	2466630	0	
5.68157	1	2467400	2467400	0	
5.68404	1	2468074	2468074	0	
5.68404	1	2468860	2468860	0	
5.6866	1	2469518	2469518	0	
5.6866	1	2470320	2470320	0	
5.68907	1	2470962	2470962	0	
5.68907	1	2471780	2471780	0	
5.69155	1	2472406	2472406	0	
5.69155	1	2473240	2473240	0	
5.69402	1	2473850	2473850	0	
5.69402	1	2474700	2474700	0	
5.69649	1	2475294	2475294	0	
5.69649	1	2476160	2476160	0	
5.69905	1	2476738	2476738	0	
5.69905	1	2477620	2477620	0	
5.70152	1	2478182	2478182	0	
5.70152	1	2479080	2479080	0	
5.70399	1	2479626	2479626	0	
5.70399	1	2480540	2480540	0	
5.70646	1	2481070	2481070	0	
5.70646	1	2482000	2482000	0	
5.70893	1	2482514	2482514	0	
5.70893	1	2483460	2483460	0	
5.7114	1	2483958	2483958	0	
5.7114	1	2484920	2484920	0	
5.71386	1	2485402	2485402	0	
5.71386	1	2486380	2486380	0	
5.71634	1	2486846	2486846	0	
5.71634	1	2487840	2487840	0	
5.71891	1	2488290	2488290	0	
5.71891	1	2489300	2489300	0	
5.72137	1	2489734	2489734	0	
5.72137	1	2490760	2490760	0	
5.72384	1	2491178	2491178	0	
5.72384	1	2492220	2492220	0	
5.72631	1	2492622	2492622	0	
5.72631	1	2493680	2493680	0	
5.72878	1	2494066	2494066	0	
5.72878	1	2495140	2495140	0	
5.73135	1	2495510	2495510	0	
5.73135	1	2496600	2496600	0	
5.73381	1	2496954	2496954	0	
5.73381	1	2498060	2498060	0	
5.73628	1	2498398	2498398	0	
5.73628	1	2499520	2499520	0	
5.73876	1	2499842	2499842	0	
5.73876	1	2500980	2500980	0	
5.74123	1	2501286	2501286	0	
5.74123	1	2502440	2502440	0	
5.7437	1	2502730	2502730	0	
5.7437	1	2503900	2503900	0	
5.74617	1	2504174	2504174	0	
5.74617	1	2505360	2505360	0	
5.74864	1	2505618	2505618	0	
5.74864	1	2506820	2506820	0	
5.7512	1	2507062	2507062	0	
5.7512	1	2508280	2508280	0	
5.75367	1	2508506	2508506	0	
5.75367	1	2509740	2509740	0	
5.75614	1	2509950	2509950	0	
5.75614	1	2511200	2511200	0	
5.75861	1	2511394	2511394	0	
5.75861	1	2512660	2512660	0	
5.76108	1	2512838	2512838	0	
5.76108	1	2514120	2514120	0	
5.76365	1	2514282	2514282	0	
5.76365	1	2515580	2515580	0	
5.76612	1	2515726	2515726	0	
5.76612	1	2517040	2517040	0	
5.76859	1	2517170	2517170	0	
5.76859	1	2518500	2518500	0	
5.77105	1	2518614	2518614	0	
5.77105	1	2519960	2519960	0	
5.77352	1	2520058	2520058	0	
5.77352	1	2521420	2521420	0	
5.77599	1	2521502	2521502	0	
5.77599	1	2522880	2522880	0	
5.77846	1	2522946	2522946	0	
5.77846	1	2524340	2524340	0	
5.78093	1	2524390	2524390	0	
5.78093	1	2525800	2525800	0	
5.78349	1	2525834	2525834	0	
5.78349	1	2527260	2527260	0	
5.78597	1	2527278	2527278	0	
5.78597	1	2528720	2528720	0	
5.78843	1	2528722	2528722	0	
5.7909	1	2530174	2530174	0	
5.7909	1	2530180	2530180	0	
5.79337	1	2531619	2531619	0	
5.79337	1	2531640	2531640	0	
5.79594	1	2533064	2533064	0	
5.79594	1	2533100	2533100	0	
5.7984	1	2534509	2534509	0	
5.7984	1	2534560	2534560	0	
5.80087	1	2535954	2535954	0	
5.80087	1	2536020	2536020	0	
5.80334	1	2537398	2537398	0	
5.80334	1	2537480	2537480	0	
5.80581	1	2538842	2538842	0	
5.80581	1	2538940	2538940	0	
5.80838	1	2540286	2540286	0	
5.80838	1	2540400	2540400	0	
5.81085	1	2541730	2541730	0	
5.81085	1	2541860	2541860	0	
5.81332	1	2543174	2543174	0	
5.81332	1	2543320	2543320	0	
5.81579	1	2544618	2544618	0	
5.81579	1	2544780	2544780	0	
5.81826	1	2546062	2546062	0	
5.81826	1	2546240	2546240	0	
5.82073	1	2547506	2547506	0	
5.82073	1	2547700	2547700	0	
5.8232	1	2548950	2548950	0	
5.8232	1	2549160	2549160	0	
5.82567	1	2550394	2550394	0	
5.82567	1	2550620	2550620	0	
5.82823	1	2551838	2551838	0	
5.82823	1	2552080	2552080	0	
5.8307	1	2553282	2553282	0	
5.8307	1	2553540	2553540	0	
5.83318	1	2554726	2554726	0	
5.83318	1	2555000	2555000	0	
5.83564	1	2556170	2556170	0	
5.83564	1	2556460	2556460	0	
5.83811	1	2557614	2557614	0	
5.83811	1	2557920	2557920	0	
5.84068	1	2559058	2559058	0	
5.84068	1	2559380	2559380	0	
5.84315	1	2560502	2560502	0	
5.84315	1	2560840	2560840	0	
5.84562	1	2561946	2561946	0	
5.84562	1	2562300	2562300	0	
5.84808	1	2563390	2563390	0	
5.84808	1	2563760	2563760	0	
5.85055	1	2564834	2564834	0	
5.85055	1	2565220	2565220	0	
5.85302	1	2566278	2566278	0	
5.85302	1	2566680	2566680	0	
5.85549	1	2567722	2567722	0	
5.85549	1	2568140	2568140	0	
5.85797	1	2569166	2569166	0	
5.85797	1	2569600	2569600	0	
5.86053	1	2570610	2570610	0	
5.86053	1	2571060	2571060	0	
5.863	1	2572054	2572054	0	
5.863	1	2572520	2572520	0	
5.86547	1	2573498	2573498	0	
5.86547	1	2573980	2573980	0	
5.86794	1	2574942	2574942	0	
5.86794	1	2575440	2575440	0	
5.87041	1	2576386	2576386	0	
5.87041	1	2576900	2576900	0	
5.87297	1	2577830	2577830	0	
5.87297	1	2578360	2578360	0	
5.87544	1	2579274	2579274	0	
5.87544	1	2579820	2579820	0	
5.87791	1	2580718	2580718	0	
5.87791	1	2581280	2581280	0	
5.88039	1	2582162	2582162	0	
5.88039	1	2582740	2582740	0	
5.88286	1	2583606	2583606	0	
5.88286	1	2584200	2584200	0	
5.88532	1	2585050	2585050	0	
5.88532	1	2585660	2585660	0	
5.88779	1	2586494	2586494	0	
5.88779	1	2587120	2587120	0	
5.89026	1	2587938	2587938	0	
5.89026	1	2588580	2588580	0	
5.89283	1	2589382	2589382	0	
5.89283	1	2590040	2590040	0	
5.8953	1	2590826	2590826	0	
5.8953	1	2591500	2591500	0	
5.89776	1	2592270	2592270	0	
5.89776	1	2592960	2592960	0	
5.90023	1	2593714	2593714	0	
5.90023	1	2594420	2594420	0	
5.9027	1	2595158	2595158	0	
5.9027	1	2595880	2595880	0	
5.90528	1	2596602	2596602	0	
5.90528	1	2597340	2597340	0	
5.90774	1	2598046	2598046	0	
5.90774	1	2598800	2598800	0	
5.91021	1	2599490	2599490	0	
5.91021	1	2600260	2600260	0	
5.91268	1	2600934	2600934	0	
5.91268	1	2601720	2601720	0	
5.91515	1	2602378	2602378	0	
5.91515	1	2603180	2603180	0	
5.91772	1	2603822	2603822	0	
5.91772	1	2604640	2604640	0	
5.92018	1	2605266	2605266	0	
5.92018	1	2606100	2606100	0	
5.92265	1	2606710	2606710	0	
5.92265	1	2607560	2607560	0	
5.92512	1	2608154	2608154	0	
5.92512	1	2609020	2609020	0	
5.9276	1	2609598	2609598	0	
5.9276	1	2610480	2610480	0	
5.93007	1	2611042	2611042	0	
5.93007	1	2611940	2611940	0	
5.93254	1	2612486	2612486	0	
5.93254	1	2613400	2613400	0	
5.935	1	2613930	2613930	0	
5.935	1	2614860	2614860	0	
5.93757	1	2615374	2615374	0	
5.93757	1	2616320	2616320	0	
5.94004	1	2616818	2616818	0	
5.94004	1	2617780	2617780	0	
5.94251	1	2618262	2618262	0	
5.94251	1	2619240	2619240	0	
5.94498	1	2619706	2619706	0	
5.94498	1	2620700	2620700	0	
5.94744	1	2621150	2621150	0	
5.94744	1	2622160	2622160	0	
5.95002	1	2622594	2622594	0	
5.95002	1	2623620	2623620	0	
5.95249	1	2624038	2624038	0	
5.95249	1	2625080	2625080	0	
5.95496	1	2625482	2625482	0	
5.95496	1	2626540	2626540	0	
5.95742	1	2626926	2626926	0	
5.95742	1	2628000	2628000	0	
5.95989	1	2628370	2628370	0	
5.95989	1	2629460	2629460	0	
5.96236	1	2629814	2629814	0	
5.96236	1	2630920	2630920	0	
5.96483	1	2631258	2631258	0	
5.96483	1	2632380	2632380	0	
5.9673	1	2632702	2632702	0	
5.9673	1	2633840	2633840	0	
5.96977	1	2634146	2634146	0	
5.96977	1	2635300	2635300	0	
5.97233	1	2635590	2635590	0	
5.97233	1	2636760	2636760	0	
5.97481	1	2637034	2637034	0	
5.97481	1	2638220	2638220	0	
5.97728	1	2638478	2638478	0	
5.97728	1	2639680	2639680	0	
5.97975	1	2639922	2639922	0	
5.97975	1	2641140	2641140	0	
5.98222	1	2641366	2641366	0	
5.98222	1	2642600	2642600	0	
5.98478	1	2642810	2642810	0	
5.98478	1	2644060	2644060	0	
5.98725	1	2644254	2644254	0	
5.98725	1	2645520	2645520	0	
5.98972	1	2645698	2645698	0	
5.98972	1	2646980	2646980	0	
5.99219	1	2647142	2647142	0	
5.99219	1	2648440	2648440	0	
5.99466	1	2648586	2648586	0	
5.99466	1	2649900	2649900	0	
5.99713	1	2650030	2650030	0	
5.99713	1	2651360	2651360	0	
5.9996	1	2651474	2651474	0	
5.9996	1	2652820	2652820	0	
6.00207	1	2652918	2652918	0	
6.00207	1	2654280	2654280	0	
6.00464	1	2654362	2654362	0	
6.00464	1	2655740	2655740	0	
6.0071	1	2655806	2655806	0	
6.0071	1	2657200	2657200	0	
6.00957	1	2657250	2657250	0	
6.00957	1	2658660	2658660	0	
6.01204	1	2658694	2658694	0	
6.01204	1	2660120	2660120	0	
6.01451	1	2660138	2660138	0	
6.01451	1	2661580	2661580	0	
6.01707	1	2661582	2661582	0	
6.01954	1	2663034	2663034	0	
6.01954	1	2663040	2663040	0	
6.02201	1	2664479	2664479	0	
6.02201	1	2664500	2664500	0	
6.02448	1	2665924	2665924	0	
6.02448	1	2665960	2665960	0	
6.02695	1	2667369	2667369	0	
6.02695	1	2667420	2667420	0	
6.02952	1	2668814	2668814	0	
6.02952	1	2668880	2668880	0	
6.03199	1	2670258	2670258	0	
6.03199	1	2670340	2670340	0	
6.03445	1	2671702	2671702	0	
6.03445	1	2671800	2671800	0	
6.03692	1	2673146	2673146	0	
6.03692	1	2673260	2673260	0	
6.03939	1	2674590	2674590	0	
6.03939	1	2674720	2674720	0	
6.04186	1	2676034	2676034	0	
6.04186	1	2676180	2676180	0	
6.04433	1	2677478	2677478	0	
6.04433	1	2677640	2677640	0	
6.04681	1	2678922	2678922	0	
6.04681	1	2679100	2679100	0	
6.04937	1	2680366	2680366	0	
6.04937	1	2680560	2680560	0	
6.05184	1	2681810	2681810	0	
6.05184	1	2682020	2682020	0	
6.05431	1	2683254	2683254	0	
6.05431	1	2683480	2683480	0	
6.05678	1	2684698	2684698	0	
6.05678	1	2684940	2684940	0	
6.05925	1	2686142	2686142	0	
6.05925	1	2686400	2686400	0	
6.06181	1	2687586	2687586	0	
6.06181	1	2687860	2687860	0	
6.06428	1	2689030	2689030	0	
6.06428	1	2689320	2689320	0	
6.06675	1	2690474	2690474	0	
6.06675	1	2690780	2690780	0	
6.06923	1	2691918	2691918	0	
6.06923	1	2692240	2692240	0	
6.07169	1	2693362	2693362	0	
6.07169	1	2693700	2693700	0	
6.07416	1	2694806	2694806	0	
6.07416	1	2695160	2695160	0	
6.07663	1	2696250	2696250	0	
6.07663	1	2696620	2696620	0	
6.0791	1	2697694	2697694	0	
6.0791	1	2698080	2698080	0	
6.08167	1	2699138	2699138	0	
6.08167	1	2699540	2699540	0	
6.08413	1	2700582	2700582	0	
6.08413	1	2701000	2701000	0	
6.0866	1	2702026	2702026	0	
6.0866	1	2702460	2702460	0	
6.08907	1	2703470	2703470	0	
6.08907	1	2703920	2703920	0	
6.09154	1	2704914	2704914	0	
6.09154	1	2705380	2705380	0	
6.09411	1	2706358	2706358	0	
6.09411	1	2706840	2706840	0	
6.09658	1	2707802	2707802	0	
6.09658	1	2708300	2708300	0	
6.09905	1	2709246	2709246	0	
6.09905	1	2709760	2709760	0	
6.10152	1	2710690	2710690	0	
6.10152	1	2711220	2711220	0	
6.10399	1	2712134	2712134	0	
6.10399	1	2712680	2712680	0	
6.10655	1	2713578	2713578	0	
6.10655	1	2714140	2714140	0	
6.10902	1	2715022	2715022	0	
6.10902	1	2715600	2715600	0	
6.11149	1	2716466	2716466	0	
6.11149	1	2717060	2717060	0	
6.11396	1	2717910	2717910	0	
6.11396	1	2718520	2718520	0	
6.11644	1	2719354	2719354	0	
6.11644	1	2719980	2719980	0	
6.11891	1	2720798	2720798	0	
6.11891	1	2721440	2721440	0	
6.12137	1	2722242	2722242	0	
6.12137	1	2722900	2722900	0	
6.12384	1	2723686	2723686	0	
6.12384	1	2724360	2724360	0	
6.12641	1	2725130	2725130	0	
6.12641	1	2725820	2725820	0	
6.12888	1	2726574	2726574	0	
6.12888	1	2727280	2727280	0	
6.13135	1	2728018	2728018	0	
6.13135	1	2728740	2728740	0	
6.13381	1	2729462	2729462	0	
6.13381	1	2730200	2730200	0	
6.13628	1	2730906	2730906	0	
6.13628	1	2731660	2731660	0	
6.13886	1	2732350	2732350	0	
6.13886	1	2733120	2733120	0	
6.14132	1	2733794	2733794	0	
6.14132	1	2734580	2734580	0	
6.14379	1	2735238	2735238	0	
6.14379	1	2736040	2736040	0	
6.14626	1	2736682	2736682	0	
6.14626	1	2737500	2737500	0	
6.14873	1	2738126	2738126	0	
6.14873	1	2738960	2738960	0	
6.1512	1	2739570	2739570	0	
6.1512	1	2740420	2740420	0	
6.15367	1	2741014	2741014	0	
6.15367	1	2741880	2741880	0	
6.15614	1	2742458	2742458	0	
6.15614	1	2743340	2743340	0	
6.1587	1	2743902	2743902	0	
6.1587	1	2744800	2744800	0	
6.16117	1	2745346	2745346	0	
6.16117	1	2746260	2746260	0	
6.16365	1	2746790	2746790	0	
6.16365	1	2747720	2747720	0	
6.16612	1	2748234	2748234	0	
6.16612	1	2749180	2749180	0	
6.16859	1	2749678	2749678	0	
6.16859	1	2750640	2750640	0	
6.17115	1	2751122	2751122	0	
6.17115	1	2752100	2752100	0	
6.17362	1	2752566	2752566	0	
6.17362	1	2753560	2753560	0	
6.17609	1	2754010	2754010	0	
6.17609	1	2755020	2755020	0	
6.17856	1	2755454	2755454	0	
6.17856	1	2756480	2756480	0	
6.18103	1	2756898	2756898	0	
6.18103	1	2757940	2757940	0	
6.18349	1	2758342	2758342	0	
6.18349	1	2759400	2759400	0	
6.18596	1	2759786	2759786	0	
6.18596	1	2760860	2760860	0	
6.18844	1	2761230	2761230	0	
6.18844	1	2762320	2762320	0	
6.191	1	2762674	2762674	0	
6.191	1	2763780	2763780	0	
6.19347	1	2764118	2764118	0	
6.19347	1	2765240	2765240	0	
6.19594	1	2765562	2765562	0	
6.19594	1	2766700	2766700	0	
6.19841	1	2767006	2767006	0	
6.19841	1	2768160	2768160	0	
6.20088	1	2768450	2768450	0	
6.20088	1	2769620	2769620	0	
6.20344	1	2769894	2769894	0	
6.20344	1	2771080	2771080	0	
6.20591	1	2771338	2771338	0	
6.20591	1	2772540	2772540	0	
6.20838	1	2772782	2772782	0	
6.20838	1	2774000	2774000	0	
6.21086	1	2774226	2774226	0	
6.21086	1	2775460	2775460	0	
6.21333	1	2775670	2775670	0	
6.21333	1	2776920	2776920	0	
6.21589	1	2777114	2777114	0	
6.21589	1	2778380	2778380	0	
6.21836	1	2778558	2778558	0	
6.21836	1	2779840	2779840	0	
6.22083	1	2780002	2780002	0	
6.22083	1	2781300	2781300	0	
6.2233	1	2781446	2781446	0	
6.2233	1	2782760	2782760	0	
6.22577	1	2782890	2782890	0	
6.22577	1	2784220	2784220	0	
6.22824	1	2784334	2784334	0	
6.22824	1	2785680	2785680	0	
6.23071	1	2785778	2785778	0	
6.23071	1	2787140	2787140	0	
6.23317	1	2787222	2787222	0	
6.23317	1	2788600	2788600	0	
6.23575	1	2788666	2788666	0	
6.23575	1	2790060	2790060	0	
6.23821	1	2790110	2790110	0	
6.23821	1	2791520	2791520	0	
6.24068	1	2791554	2791554	0	
6.24068	1	2792980	2792980	0	
6.24315	1	2792998	2792998	0	
6.24315	1	2794440	2794440	0	
6.24562	1	2794442	2794442	0	
6.24818	1	2795894	2795894	0	
6.24818	1	2795900	2795900	0	
6.25065	1	2797339	2797339	0	
6.25065	1	2797360	2797360	0	
6.25312	1	2798784	2798784	0	
6.25312	1	2798820	2798820	0	
6.25559	1	2800229	2800229	0	
6.25559	1	2800280	2800280	0	
6.25806	1	2801674	2801674	0	
6.25806	1	2801740	2801740	0	
6.26053	1	2803118	2803118	0	
6.26053	1	2803200	2803200	0	
6.263	1	2804562	2804562	0	
6.263	1	2804660	2804660	0	
6.26547	1	2806006	2806006	0	
6.26547	1	2806120	2806120	0	
6.26804	1	2807450	2807450	0	
6.26804	1	2807580	2807580	0	
6.2705	1	2808894	2808894	0	
6.2705	1	2809040	2809040	0	
6.27297	1	2810338	2810338	0	
6.27297	1	2810500	2810500	0	
6.27544	1	2811782	2811782	0	
6.27544	1	2811960	2811960	0	
6.27791	1	2813226	2813226	0	
6.27791	1	2813420	2813420	0	
6.28048	1	2814670	2814670	0	
6.28048	1	2814880	2814880	0	
6.28295	1	2816114	2816114	0	
6.28295	1	2816340	2816340	0	
6.28542	1	2817558	2817558	0	
6.28542	1	2817800	2817800	0	
6.28789	1	2819002	2819002	0	
6.28789	1	2819260	2819260	0	
6.29036	1	2820446	2820446	0	
6.29036	1	2820720	2820720	0	
6.29283	1	2821890	2821890	0	
6.29283	1	2822180	2822180	0	
6.2953	1	2823334	2823334	0	
6.2953	1	2823640	2823640	0	
6.29776	1	2824778	2824778	0	
6.29776	1	2825100	2825100	0	
6.30033	1	2826222	2826222	0	
6.30033	1	2826560	2826560	0	
6.3028	1	2827666	2827666	0	
6.3028	1	2828020	2828020	0	
6.30528	1	2829110	2829110	0	
6.30528	1	2829480	2829480	0	
6.30774	1	2830554	2830554	0	
6.30774	1	2830940	2830940	0	
6.31021	1	2831998	2831998	0	
6.31021	1	2832400	2832400	0	
6.31278	1	2833442	2833442	0	
6.31278	1	2833860	2833860	0	
6.31525	1	2834886	2834886	0	
6.31525	1	2835320	2835320	0	
6.31772	1	2836330	2836330	0	
6.31772	1	2836780	2836780	0	
6.32018	1	2837774	2837774	0	
6.32018	1	2838240	2838240	0	
6.32265	1	2839218	2839218	0	
6.32265	1	2839700	2839700	0	
6.32522	1	2840662	2840662	0	
6.32522	1	2841160	2841160	0	
6.32769	1	2842106	2842106	0	
6.32769	1	2842620	2842620	0	
6.33016	1	2843550	2843550	0	
6.33016	1	2844080	2844080	0	
6.33263	1	2844994	2844994	0	
6.33263	1	2845540	2845540	0	
6.3351	1	2846438	2846438	0	
6.3351	1	2847000	2847000	0	
6.33757	1	2847882	2847882	0	
6.33757	1	2848460	2848460	0	
6.34004	1	2849326	2849326	0	
6.34004	1	2849920	2849920	0	
6.34251	1	2850770	2850770	0	
6.34251	1	2851380	2851380	0	
6.34507	1	2852214	2852214	0	
6.34507	1	2852840	2852840	0	
6.34754	1	2853658	2853658	0	
6.34754	1	2854300	2854300	0	
6.35001	1	2855102	2855102	0	
6.35001	1	2855760	2855760	0	
6.35249	1	2856546	2856546	0	
6.35249	1	2857220	2857220	0	
6.35496	1	2857990	2857990	0	
6.35496	1	2858680	2858680	0	
6.35752	1	2859434	2859434	0	
6.35752	1	2860140	2860140	0	
6.35999	1	2860878	2860878	0	
6.35999	1	2861600	2861600	0	
6.36246	1	2862322	2862322	0	
6.36246	1	2863060	2863060	0	
6.36493	1	2863766	2863766	0	
6.36493	1	2864520	2864520	0	
6.3674	1	2865210	2865210	0	
6.3674	1	2865980	2865980	0	
6.36986	1	2866654	2866654	0	
6.36986	1	2867440	2867440	0	
6.37233	1	2868098	2868098	0	
6.37233	1	2868900	2868900	0	
6.3748	1	2869542	2869542	0	
6.3748	1	2870360	2870360	0	
6.37737	1	2870986	2870986	0	
6.37737	1	2871820	2871820	0	
6.37984	1	2872430	2872430	0	
6.37984	1	2873280	2873280	0	
6.38231	1	2873874	2873874	0	
6.38231	1	2874740	2874740	0	
6.38478	1	2875318	2875318	0	
6.38478	1	2876200	2876200	0	
6.38725	1	2876762	2876762	0	
6.38725	1	2877660	2877660	0	
6.38981	1	2878206	2878206	0	
6.38981	1	2879120	2879120	0	
6.39228	1	2879650	2879650	0	
6.39228	1	2880580	2880580	0	
6.39475	1	2881094	2881094	0	
6.39475	1	2882040	2882040	0	
6.39722	1	2882538	2882538	0	
6.39722	1	2883500	2883500	0	
6.3997	1	2883982	2883982	0	
6.3997	1	2884960	2884960	0	
6.40217	1	2885426	2885426	0	
6.40217	1	2886420	2886420	0	
6.40464	1	2886870	2886870	0	
6.40464	1	2887880	2887880	0	
6.4071	1	2888314	2888314	0	
6.4071	1	2889340	2889340	0	
6.40967	1	2889758	2889758	0	
6.40967	1	2890800	2890800	0	
6.41214	1	2891202	2891202	0	
6.41214	1	2892260	2892260	0	
6.41461	1	2892646	2892646	0	
6.41461	1	2893720	2893720	0	
6.41708	1	2894090	2894090	0	
6.41708	1	2895180	2895180	0	
6.41954	1	2895534	2895534	0	
6.41954	1	2896640	2896640	0	
6.42212	1	2896978	2896978	0	
6.42212	1	2898100	2898100	0	
6.42459	1	2898422	2898422	0	
6.42459	1	2899560	2899560	0	
6.42705	1	2899866	2899866	0	
6.42705	1	2901020	2901020	0	
6.42952	1	2901310	2901310	0	
6.42952	1	2902480	2902480	0	
6.43199	1	2902754	2902754	0	
6.43199	1	2903940	2903940	0	
6.43456	1	2904198	2904198	0	
6.43456	1	2905400	2905400	0	
6.43703	1	2905642	2905642	0	
6.43703	1	2906860	2906860	0	
6.43949	1	2907086	2907086	0	
6.43949	1	2908320	2908320	0	
6.44196	1	2908530	2908530	0	
6.44196	1	2909780	2909780	0	
6.44443	1	2909974	2909974	0	
6.44443	1	2911240	2911240	0	
6.44691	1	2911418	2911418	0	
6.44691	1	2912700	2912700	0	
6.44938	1	2912862	2912862	0	
6.44938	1	2914160	2914160	0	
6.45185	1	2914306	2914306	0	
6.45185	1	2915620	2915620	0	
6.45441	1	2915750	2915750	0	
6.45441	1	2917080	2917080	0	
6.45688	1	2917194	2917194	0	
6.45688	1	2918540	2918540	0	
6.45935	1	2918638	2918638	0	
6.45935	1	2920000	2920000	0	
6.46182	1	2920082	2920082	0	
6.46182	1	2921460	2921460	0	
6.46429	1	2921526	2921526	0	
6.46429	1	2922920	2922920	0	
6.46675	1	2922970	2922970	0	
6.46675	1	2924380	2924380	0	
6.46932	1	2924414	2924414	0	
6.46932	1	2925840	2925840	0	
6.47179	1	2925858	2925858	0	
6.47179	1	2927300	2927300	0	
6.47426	1	2927302	2927302	0	
6.47673	1	2928754	2928754	0	
6.47673	1	2928760	2928760	0	
6.4792	1	2930199	2930199	0	
6.4792	1	2930220	2930220	0	
6.48167	1	2931644	2931644	0	
6.48167	1	2931680	2931680	0	
6.48413	1	2933089	2933089	0	
6.48413	1	2933140	2933140	0	
6.4866	1	2934534	2934534	0	
6.4866	1	2934600	2934600	0	
6.48917	1	2935978	2935978	0	
6.48917	1	2936060	2936060	0	
6.49164	1	2937422	2937422	0	
6.49164	1	2937520	2937520	0	
6.49411	1	2938866	2938866	0	
6.49411	1	2938980	2938980	0	
6.49658	1	2940310	2940310	0	
6.49658	1	2940440	2940440	0	
6.49905	1	2941754	2941754	0	
6.49905	1	2941900	2941900	0	
6.50162	1	2943198	2943198	0	
6.50162	1	2943360	2943360	0	
6.50408	1	2944642	2944642	0	
6.50408	1	2944820	2944820	0	
6.50655	1	2946086	2946086	0	
6.50655	1	2946280	2946280	0	
6.50902	1	2947530	2947530	0	
6.50902	1	2947740	2947740	0	
6.51149	1	2948974	2948974	0	
6.51149	1	2949200	2949200	0	
6.51396	1	2950418	2950418	0	
6.51396	1	2950660	2950660	0	
6.51643	1	2951862	2951862	0	
6.51643	1	2952120	2952120	0	
6.51891	1	2953306	2953306	0	
6.51891	1	2953580	2953580	0	
6.52147	1	2954750	2954750	0	
6.52147	1	2955040	2955040	0	
6.52394	1	2956194	2956194	0	
6.52394	1	2956500	2956500	0	
6.52641	1	2957638	2957638	0	
6.52641	1	2957960	2957960	0	
6.52888	1	2959082	2959082	0	
6.52888	1	2959420	2959420	0	
6.53135	1	2960526	2960526	0	
6.53135	1	2960880	2960880	0	
6.53391	1	2961970	2961970	0	
6.53391	1	2962340	2962340	0	
6.53638	1	2963414	2963414	0	
6.53638	1	2963800	2963800	0	
6.53885	1	2964858	2964858	0	
6.53885	1	2965260	2965260	0	
6.54132	1	2966302	2966302	0	
6.54132	1	2966720	2966720	0	
6.54379	1	2967746	2967746	0	
6.54379	1	2968180	2968180	0	
6.54636	1	2969190	2969190	0	
6.54636	1	2969640	2969640	0	
6.54883	1	2970634	2970634	0	
6.54883	1	2971100	2971100	0	
6.5513	1	2972078	2972078	0	
6.5513	1	2972560	2972560	0	
6.55376	1	2973522	2973522	0	
6.55376	1	2974020	2974020	0	
6.55623	1	2974966	2974966	0	
6.55623	1	2975480	2975480	0	
6.5587	1	2976410	2976410	0	
6.5587	1	2976940	2976940	0	
6.56117	1	2977854	2977854	0	
6.56117	1	2978400	2978400	0	
6.56364	1	2979298	2979298	0	
6.56364	1	2979860	2979860	0	
6.56621	1	2980742	2980742	0	
6.56621	1	2981320	2981320	0	
6.56868	1	2982186	2982186	0	
6.56868	1	2982780	2982780	0	
6.57115	1	2983630	2983630	0	
6.57115	1	2984240	2984240	0	
6.57362	1	2985074	2985074	0	
6.57362	1	2985700	2985700	0	
6.57609	1	2986518	2986518	0	
6.57609	1	2987160	2987160	0	
6.57865	1	2987962	2987962	0	
6.57865	1	2988620	2988620	0	
6.58112	1	2989406	2989406	0	
6.58112	1	2990080	2990080	0	
6.58359	1	2990850	2990850	0	
6.58359	1	2991540	2991540	0	
6.58606	1	2992294	2992294	0	
6.58606	1	2993000	2993000	0	
6.58854	1	2993738	2993738	0	
6.58854	1	2994460	2994460	0	
6.591	1	2995182	2995182	0	
6.591	1	2995920	2995920	0	
6.59347	1	2996626	2996626	0	
6.59347	1	2997380	2997380	0	
6.59594	1	2998070	2998070	0	
6.59594	1	2998840	2998840	0	
6.59851	1	2999514	2999514	0	
6.59851	1	3000300	3000300	0	
6.60098	1	3000958	3000958	0	
6.60098	1	3001760	3001760	0	
6.60344	1	3002402	3002402	0	
6.60344	1	3003220	3003220	0	
6.60591	1	3003846	3003846	0	
6.60591	1	3004680	3004680	0	
6.60838	1	3005290	3005290	0	
6.60838	1	3006140	3006140	0	
6.61096	1	3006734	3006734	0	
6.61096	1	3007600	3007600	0	
6.61342	1	3008178	3008178	0	
6.61342	1	3009060	3009060	0	
6.61589	1	3009622	3009622	0	
6.61589	1	3010520	3010520	0	
6.61836	1	3011066	3011066	0	
6.61836	1	3011980	3011980	0	
6.62083	1	3012510	3012510	0	
6.62083	1	3013440	3013440	0	
6.6234	1	3013954	3013954	0	
6.6234	1	3014900	3014900	0	
6.62586	1	3015398	3015398	0	
6.62586	1	3016360	3016360	0	
6.62833	1	3016842	3016842	0	
6.62833	1	3017820	3017820	0	
6.6308	1	3018286	3018286	0	
6.6308	1	3019280	3019280	0	
6.63327	1	3019730	3019730	0	
6.63327	1	3020740	3020740	0	
6.63575	1	3021174	3021174	0	
6.63575	1	3022200	3022200	0	
6.63822	1	3022618	3022618	0	
6.63822	1	3023660	3023660	0	
6.64068	1	3024062	3024062	0	
6.64068	1	3025120	3025120	0	
6.64325	1	3025506	3025506	0	
6.64325	1	3026580	3026580	0	
6.64572	1	3026950	3026950	0	
6.64572	1	3028040	3028040	0	
6.64819	1	3028394	3028394	0	
6.64819	1	3029500	3029500	0	
6.65066	1	3029838	3029838	0	
6.65066	1	3030960	3030960	0	
6.65312	1	3031282	3031282	0	
6.65312	1	3032420	3032420	0	
6.65569	1	3032726	3032726	0	
6.65569	1	3033880	3033880	0	
6.65817	1	3034170	3034170	0	
6.65817	1	3035340	3035340	0	
6.66064	1	3035614	3035614	0	
6.66064	1	3036800	3036800	0	
6.6631	1	3037058	3037058	0	
6.6631	1	3038260	3038260	0	
6.66557	1	3038502	3038502	0	
6.66557	1	3039720	3039720	0	
6.66804	1	3039946	3039946	0	
6.66804	1	3041180	3041180	0	
6.67051	1	3041390	3041390	0	
6.67051	1	3042640	3042640	0	
6.67298	1	3042834	3042834	0	
6.67298	1	3044100	3044100	0	
6.67554	1	3044278	3044278	0	
6.67554	1	3045560	3045560	0	
6.67801	1	3045722	3045722	0	
6.67801	1	3047020	3047020	0	
6.68048	1	3047166	3047166	0	
6.68048	1	3048480	3048480	0	
6.68296	1	3048610	3048610	0	
6.68296	1	3049940	3049940	0	
6.68543	1	3050054	3050054	0	
6.68543	1	3051400	3051400	0	
6.68799	1	3051498	3051498	0	
6.68799	1	3052860	3052860	0	
6.69046	1	3052942	3052942	0	
6.69046	1	3054320	3054320	0	
6.69293	1	3054386	3054386	0	
6.69293	1	3055780	3055780	0	
6.6954	1	3055830	3055830	0	
6.6954	1	3057240	3057240	0	
6.69786	1	3057274	3057274	0	
6.69786	1	3058700	3058700	0	
6.70033	1	3058718	3058718	0	
6.70033	1	3060160	3060160	0	
6.7028	1	3060162	3060162	0	
6.70527	1	3061614	3061614	0	
6.70527	1	3061620	3061620	0	
6.70784	1	3063059	3063059	0	
6.70784	1	3063080	3063080	0	
6.71031	1	3064504	3064504	0	
6.71031	1	3064540	3064540	0	
6.71278	1	3065949	3065949	0	
6.71278	1	3066000	3066000	0	
6.71525	1	3067394	3067394	0	
6.71525	1	3067460	3067460	0	
6.71772	1	3068838	3068838	0	
6.71772	1	3068920	3068920	0	
6.72028	1	3070282	3070282	0	
6.72028	1	3070380	3070380	0	
6.72275	1	3071726	3071726	0	
6.72275	1	3071840	3071840	0	
6.72522	1	3073170	3073170	0	
6.72522	1	3073300	3073300	0	
6.72769	1	3074614	3074614	0	
6.72769	1	3074760	3074760	0	
6.73016	1	3076058	3076058	0	
6.73016	1	3076220	3076220	0	
6.73273	1	3077502	3077502	0	
6.73273	1	3077680	3077680	0	
6.7352	1	3078946	3078946	0	
6.7352	1	3079140	3079140	0	
6.73767	1	3080390	3080390	0	
6.73767	1	3080600	3080600	0	
6.74013	1	3081834	3081834	0	
6.74013	1	3082060	3082060	0	
6.7426	1	3083278	3083278	0	
6.7426	1	3083520	3083520	0	
6.74507	1	3084722	3084722	0	
6.74507	1	3084980	3084980	0	
6.74754	1	3086166	3086166	0	
6.74754	1	3086440	3086440	0	
6.75001	1	3087610	3087610	0	
6.75001	1	3087900	3087900	0	
6.75258	1	3089054	3089054	0	
6.75258	1	3089360	3089360	0	
6.75505	1	3090498	3090498	0	
6.75505	1	3090820	3090820	0	
6.75752	1	3091942	3091942	0	
6.75752	1	3092280	3092280	0	
6.75999	1	3093386	3093386	0	
6.75999	1	3093740	3093740	0	
6.76246	1	3094830	3094830	0	
6.76246	1	3095200	3095200	0	
6.76502	1	3096274	3096274	0	
6.76502	1	3096660	3096660	0	
6.76749	1	3097718	3097718	0	
6.76749	1	3098120	3098120	0	
6.76996	1	3099162	3099162	0	
6.76996	1	3099580	3099580	0	
6.77243	1	3100606	3100606	0	
6.77243	1	3101040	3101040	0	
6.7749	1	3102050	3102050	0	
6.7749	1	3102500	3102500	0	
6.77737	1	3103494	3103494	0	
6.77737	1	3103960	3103960	0	
6.77984	1	3104938	3104938	0	
6.77984	1	3105420	3105420	0	
6.78231	1	3106382	3106382	0	
6.78231	1	3106880	3106880	0	
6.78488	1	3107826	3107826	0	
6.78488	1	3108340	3108340	0	
6.78735	1	3109270	3109270	0	
6.78735	1	3109800	3109800	0	
6.78981	1	3110714	3110714	0	
6.78981	1	3111260	3111260	0	
6.79228	1	3112158	3112158	0	
6.79228	1	3112720	3112720	0	
6.79475	1	3113602	3113602	0	
6.79475	1	3114180	3114180	0	
6.79732	1	3115046	3115046	0	
6.79732	1	3115640	3115640	0	
6.79979	1	3116490	3116490	0	
6.79979	1	3117100	3117100	0	
6.80226	1	3117934	3117934	0	
6.80226	1	3118560	3118560	0	
6.80473	1	3119378	3119378	0	
6.80473	1	3120020	3120020	0	
6.8072	1	3120822	3120822	0	
6.8072	1	3121480	3121480	0	
6.80967	1	3122266	3122266	0	
6.80967	1	3122940	3122940	0	
6.81214	1	3123710	3123710	0	
6.81214	1	3124400	3124400	0	
6.81461	1	3125154	3125154	0	
6.81461	1	3125860	3125860	0	
6.81717	1	3126598	3126598	0	
6.81717	1	3127320	3127320	0	
6.81964	1	3128042	3128042	0	
6.81964	1	3128780	3128780	0	
6.82211	1	3129486	3129486	0	
6.82211	1	3130240	3130240	0	
6.82459	1	3130930	3130930	0	
6.82459	1	3131700	3131700	0	
6.82705	1	3132374	3132374	0	
6.82705	1	3133160	3133160	0	
6.82962	1	3133818	3133818	0	
6.82962	1	3134620	3134620	0	
6.83209	1	3135262	3135262	0	
6.83209	1	3136080	3136080	0	
6.83456	1	3136706	3136706	0	
6.83456	1	3137540	3137540	0	
6.83703	1	3138150	3138150	0	
6.83703	1	3139000	3139000	0	
6.83949	1	3139594	3139594	0	
6.83949	1	3140460	3140460	0	
6.84206	1	3141038	3141038	0	
6.84206	1	3141920	3141920	0	
6.84453	1	3142482	3142482	0	
6.84453	1	3143380	3143380	0	
6.847	1	3143926	3143926	0	
6.847	1	3144840	3144840	0	
6.84947	1	3145370	3145370	0	
6.84947	1	3146300	3146300	0	
6.85194	1	3146814	3146814	0	
6.85194	1	3147760	3147760	0	
6.85441	1	3148258	3148258	0	
6.85441	1	3149220	3149220	0	
6.85688	1	3149702	3149702	0	
6.85688	1	3150680	3150680	0	
6.85935	1	3151146	3151146	0	
6.85935	1	3152140	3152140	0	
6.86191	1	3152590	3152590	0	
6.86191	1	3153600	3153600	0	
6.86438	1	3154034	3154034	0	
6.86438	1	3155060	3155060	0	
6.86685	1	3155478	3155478	0	
6.86685	1	3156520	3156520	0	
6.86932	1	3156922	3156922	0	
6.86932	1	3157980	3157980	0	
6.8718	1	3158366	3158366	0	
6.8718	1	3159440	3159440	0	
6.87436	1	3159810	3159810	0	
6.87436	1	3160900	3160900	0	
6.87683	1	3161254	3161254	0	
6.87683	1	3162360	3162360	0	
6.8793	1	3162698	3162698	0	
6.8793	1	3163820	3163820	0	
6.88177	1	3164142	3164142	0	
6.88177	1	3165280	3165280	0	
6.88424	1	3165586	3165586	0	
6.88424	1	3166740	3166740	0	
6.88671	1	3167030	3167030	0	
6.88671	1	3168200	3168200	0	
6.88917	1	3168474	3168474	0	
6.88917	1	3169660	3169660	0	
6.89164	1	3169918	3169918	0	
6.89164	1	3171120	3171120	0	
6.89422	1	3171362	3171362	0	
6.89422	1	3172580	3172580	0	
6.89668	1	3172806	3172806	0	
6.89668	1	3174040	3174040	0	
6.89915	1	3174250	3174250	0	
6.89915	1	3175500	3175500	0	
6.90162	1	3175694	3175694	0	
6.90162	1	3176960	3176960	0	
6.90409	1	3177138	3177138	0	
6.90409	1	3178420	3178420	0	
6.90666	1	3178582	3178582	0	
6.90666	1	3179880	3179880	0	
6.90912	1	3180026	3180026	0	
6.90912	1	3181340	3181340	0	
6.91159	1	3181470	3181470	0	
6.91159	1	3182800	3182800	0	
6.91406	1	3182914	3182914	0	
6.91406	1	3184260	3184260	0	
6.91653	1	3184358	3184358	0	
6.91653	1	3185720	3185720	0	
6.91901	1	3185802	3185802	0	
6.91901	1	3187180	3187180	0	
6.92148	1	3187246	3187246	0	
6.92148	1	3188640	3188640	0	
6.92394	1	3188690	3188690	0	
6.92394	1	3190100	3190100	0	
6.92651	1	3190134	3190134	0	
6.92651	1	3191560	3191560	0	
6.92897	1	3191578	3191578	0	
6.92897	1	3193020	3193020	0	
6.93144	1	3193022	3193022	0	
6.93391	1	3194474	3194474	0	
6.93391	1	3194480	3194480	0	
6.93638	1	3195919	3195919	0	
6.93638	1	3195940	3195940	0	
6.93894	1	3197364	3197364	0	
6.93894	1	3197400	3197400	0	
6.94142	1	3198809	3198809	0	
6.94142	1	3198860	3198860	0	
6.94389	1	3200254	3200254	0	
6.94389	1	3200320	3200320	0	
6.94636	1	3201698	3201698	0	
6.94636	1	3201780	3201780	0	
6.94883	1	3203142	3203142	0	
6.94883	1	3203240	3203240	0	
6.95139	1	3204586	3204586	0	
6.95139	1	3204700	3204700	0	
6.95386	1	3206030	3206030	0	
6.95386	1	3206160	3206160	0	
6.95633	1	3207474	3207474	0	
6.95633	1	3207620	3207620	0	
6.9588	1	3208918	3208918	0	
6.9588	1	3209080	3209080	0	
6.96127	1	3210362	3210362	0	
6.96127	1	3210540	3210540	0	
6.96374	1	3211806	3211806	0	
6.96374	1	3212000	3212000	0	
6.96621	1	3213250	3213250	0	
6.96621	1	3213460	3213460	0	
6.96868	1	3214694	3214694	0	
6.96868	1	3214920	3214920	0	
6.97115	1	3216138	3216138	0	
6.97115	1	3216380	3216380	0	
6.97372	1	3217582	3217582	0	
6.97372	1	3217840	3217840	0	
6.97618	1	3219026	3219026	0	
6.97618	1	3219300	3219300	0	
6.97865	1	3220470	3220470	0	
6.97865	1	3220760	3220760	0	
6.98112	1	3221914	3221914	0	
6.98112	1	3222220	3222220	0	
6.98359	1	3223358	3223358	0	
6.98359	1	3223680	3223680	0	
6.98616	1	3224802	3224802	0	
6.98616	1	3225140	3225140	0	
6.98863	1	3226246	3226246	0	
6.98863	1	3226600	3226600	0	
6.9911	1	3227690	3227690	0	
6.9911	1	3228060	3228060	0	
6.99357	1	3229134	3229134	0	
6.99357	1	3229520	3229520	0	
6.99604	1	3230578	3230578	0	
6.99604	1	3230980	3230980	0	
6.99851	1	3232022	3232022	0	
6.99851	1	3232440	3232440	0	
7.00098	1	3233466	3233466	0	
7.00098	1	3233900	3233900	0	
7.00344	1	3234910	3234910	0	
7.00344	1	3235360	3235360	0	
7.00601	1	3236354	3236354	0	
7.00601	1	3236820	3236820	0	
7.00848	1	3237798	3237798	0	
7.00848	1	3238280	3238280	0	
7.01095	1	3239242	3239242	0	
7.01095	1	3239740	3239740	0	
7.01342	1	3240686	3240686	0	
7.01342	1	3241200	3241200	0	
7.01589	1	3242130	3242130	0	
7.01589	1	3242660	3242660	0	
7.01846	1	3243574	3243574	0	
7.01846	1	3244120	3244120	0	
7.02093	1	3245018	3245018	0	
7.02093	1	3245580	3245580	0	
7.0234	1	3246462	3246462	0	
7.0234	1	3247040	3247040	0	
7.02586	1	3247906	3247906	0	
7.02586	1	3248500	3248500	0	
7.02833	1	3249350	3249350	0	
7.02833	1	3249960	3249960	0	
7.0309	1	3250794	3250794	0	
7.0309	1	3251420	3251420	0	
7.03337	1	3252238	3252238	0	
7.03337	1	3252880	3252880	0	
7.03584	1	3253682	3253682	0	
7.03584	1	3254340	3254340	0	
7.03831	1	3255126	3255126	0	
7.03831	1	3255800	3255800	0	
7.04078	1	3256570	3256570	0	
7.04078	1	3257260	3257260	0	
7.04325	1	3258014	3258014	0	
7.04325	1	3258720	3258720	0	
7.04572	1	3259458	3259458	0	
7.04572	1	3260180	3260180	0	
7.04819	1	3260902	3260902	0	
7.04819	1	3261640	3261640	0	
7.05075	1	3262346	3262346	0	
7.05075	1	3263100	3263100	0	
7.05322	1	3263790	3263790	0	
7.05322	1	3264560	3264560	0	
7.05569	1	3265234	3265234	0	
7.05569	1	3266020	3266020	0	
7.05816	1	3266678	3266678	0	
7.05816	1	3267480	3267480	0	
7.06064	1	3268122	3268122	0	
7.06064	1	3268940	3268940	0	
7.0632	1	3269566	3269566	0	
7.0632	1	3270400	3270400	0	
7.06567	1	3271010	3271010	0	
7.06567	1	3271860	3271860	0	
7.06814	1	3272454	3272454	0	
7.06814	1	3273320	3273320	0	
7.07061	1	3273898	3273898	0	
7.07061	1	3274780	3274780	0	
7.07308	1	3275342	3275342	0	
7.07308	1	3276240	3276240	0	
7.07554	1	3276786	3276786	0	
7.07554	1	3277700	3277700	0	
7.07801	1	3278230	3278230	0	
7.07801	1	3279160	3279160	0	
7.08048	1	3279674	3279674	0	
7.08048	1	3280620	3280620	0	
7.08305	1	3281118	3281118	0	
7.08305	1	3282080	3282080	0	
7.08552	1	3282562	3282562	0	
7.08552	1	3283540	3283540	0	
7.08799	1	3284006	3284006	0	
7.08799	1	3285000	3285000	0	
7.09046	1	3285450	3285450	0	
7.09046	1	3286460	3286460	0	
7.09293	1	3286894	3286894	0	
7.09293	1	3287920	3287920	0	
7.09549	1	3288338	3288338	0	
7.09549	1	3289380	3289380	0	
7.09796	1	3289782	3289782	0	
7.09796	1	3290840	3290840	0	
7.10043	1	3291226	3291226	0	
7.10043	1	3292300	3292300	0	
7.1029	1	3292670	3292670	0	
7.1029	1	3293760	3293760	0	
7.10537	1	3294114	3294114	0	
7.10537	1	3295220	3295220	0	
7.10785	1	3295558	3295558	0	
7.10785	1	3296680	3296680	0	
7.11032	1	3297002	3297002	0	
7.11032	1	3298140	3298140	0	
7.11278	1	3298446	3298446	0	
7.11278	1	3299600	3299600	0	
7.11535	1	3299890	3299890	0	
7.11535	1	3301060	3301060	0	
7.11782	1	3301334	3301334	0	
7.11782	1	3302520	3302520	0	
7.12029	1	3302778	3302778	0	
7.12029	1	3303980	3303980	0	
7.12276	1	3304222	3304222	0	
7.12276	1	3305440	3305440	0	
7.12522	1	3305666	3305666	0	
7.12522	1	3306900	3306900	0	
7.12779	1	3307110	3307110	0	
7.12779	1	3308360	3308360	0	
7.13027	1	3308554	3308554	0	
7.13027	1	3309820	3309820	0	
7.13273	1	3309998	3309998	0	
7.13273	1	3311280	3311280	0	
7.1352	1	3311442	3311442	0	
7.1352	1	3312740	3312740	0	
7.13767	1	3312886	3312886	0	
7.13767	1	3314200	3314200	0	
7.14024	1	3314330	3314330	0	
7.14024	1	3315660	3315660	0	
7.14271	1	3315774	3315774	0	
7.14271	1	3317120	3317120	0	
7.14517	1	3317218	3317218	0	
7.14517	1	3318580	3318580	0	
7.14764	1	3318662	3318662	0	
7.14764	1	3320040	3320040	0	
7.15011	1	3320106	3320106	0	
7.15011	1	3321500	3321500	0	
7.15258	1	3321550	3321550	0	
7.15258	1	3322960	3322960	0	
7.15505	1	3322994	3322994	0	
7.15505	1	3324420	3324420	0	
7.15752	1	3324438	3324438	0	
7.15752	1	3325880	3325880	0	
7.16008	1	3325882	3325882	0	
7.16255	1	3327334	3327334	0	
7.16255	1	3327340	3327340	0	
7.16502	1	3328779	3328779	0	
7.16502	1	3328800	3328800	0	
7.16749	1	3330224	3330224	0	
7.16749	1	3330260	3330260	0	
7.16996	1	3331669	3331669	0	
7.16996	1	3331720	3331720	0	
7.17252	1	3333114	3333114	0	
7.17252	1	3333180	3333180	0	
7.17499	1	3334558	3334558	0	
7.17499	1	3334640	3334640	0	
7.17747	1	3336002	3336002	0	
7.17747	1	3336100	3336100	0	
7.17994	1	3337446	3337446	0	
7.17994	1	3337560	3337560	0	
7.18241	1	3338890	3338890	0	
7.18241	1	3339020	3339020	0	
7.18488	1	3340334	3340334	0	
7.18488	1	3340480	3340480	0	
7.18735	1	3341778	3341778	0	
7.18735	1	3341940	3341940	0	
7.18981	1	3343222	3343222	0	
7.18981	1	3343400	3343400	0	
7.19238	1	3344666	3344666	0	
7.19238	1	3344860	3344860	0	
7.19485	1	3346110	3346110	0	
7.19485	1	3346320	3346320	0	
7.19732	1	3347554	3347554	0	
7.19732	1	3347780	3347780	0	
7.19979	1	3348998	3348998	0	
7.19979	1	3349240	3349240	0	
7.20226	1	3350442	3350442	0	
7.20226	1	3350700	3350700	0	
7.20483	1	3351886	3351886	0	
7.20483	1	3352160	3352160	0	
7.2073	1	3353330	3353330	0	
7.2073	1	3353620	3353620	0	
7.20976	1	3354774	3354774	0	
7.20976	1	3355080	3355080	0	
7.21223	1	3356218	3356218	0	
7.21223	1	3356540	3356540	0	
7.2147	1	3357662	3357662	0	
7.2147	1	3358000	3358000	0	
7.21717	1	3359106	3359106	0	
7.21717	1	3359460	3359460	0	
7.21964	1	3360550	3360550	0	
7.21964	1	3360920	3360920	0	
7.22211	1	3361994	3361994	0	
7.22211	1	3362380	3362380	0	
7.22468	1	3363438	3363438	0	
7.22468	1	3363840	3363840	0	
7.22715	1	3364882	3364882	0	
7.22715	1	3365300	3365300	0	
7.22962	1	3366326	3366326	0	
7.22962	1	3366760	3366760	0	
7.23209	1	3367770	3367770	0	
7.23209	1	3368220	3368220	0	
7.23456	1	3369214	3369214	0	
7.23456	1	3369680	3369680	0	
7.23712	1	3370658	3370658	0	
7.23712	1	3371140	3371140	0	
7.23959	1	3372102	3372102	0	
7.23959	1	3372600	3372600	0	
7.24206	1	3373546	3373546	0	
7.24206	1	3374060	3374060	0	
7.24453	1	3374990	3374990	0	
7.24453	1	3375520	3375520	0	
7.247	1	3376434	3376434	0	
7.247	1	3376980	3376980	0	
7.24957	1	3377878	3377878	0	
7.24957	1	3378440	3378440	0	
7.25204	1	3379322	3379322	0	
7.25204	1	3379900	3379900	0	
7.25451	1	3380766	3380766	0	
7.25451	1	3381360	3381360	0	
7.25698	1	3382210	3382210	0	
7.25698	1	3382820	3382820	0	
7.25944	1	3383654	3383654	0	
7.25944	1	3384280	3384280	0	
7.26191	1	3385098	3385098	0	
7.26191	1	3385740	3385740	0	
7.26438	1	3386542	3386542	0	
7.26438	1	3387200	3387200	0	
7.26685	1	3387986	3387986	0	
7.26685	1	3388660	3388660	0	
7.26942	1	3389430	3389430	0	
7.26942	1	3390120	3390120	0	
7.27189	1	3390874	3390874	0	
7.27189	1	3391580	3391580	0	
7.27436	1	3392318	3392318	0	
7.27436	1	3393040	3393040	0	
7.27683	1	3393762	3393762	0	
7.27683	1	3394500	3394500	0	
7.2793	1	3395206	3395206	0	
7.2793	1	3395960	3395960	0	
7.28186	1	3396650	3396650	0	
7.28186	1	3397420	3397420	0	
7.28433	1	3398094	3398094	0	
7.28433	1	3398880	3398880	0	
7.2868	1	3399538	3399538	0	
7.2868	1	3400340	3400340	0	
7.28927	1	3400982	3400982	0	
7.28927	1	3401800	3401800	0	
7.29174	1	3402426	3402426	0	
7.29174	1	3403260	3403260	0	
7.29421	1	3403870	3403870	0	
7.29421	1	3404720	3404720	0	
7.29668	1	3405314	3405314	0	
7.29668	1	3406180	3406180	0	
7.29915	1	3406758	3406758	0	
7.29915	1	3407640	3407640	0	
7.30172	1	3408202	3408202	0	
7.30172	1	3409100	3409100	0	
7.30419	1	3409646	3409646	0	
7.30419	1	3410560	3410560	0	
7.30666	1	3411090	3411090	0	
7.30666	1	3412020	3412020	0	
7.30912	1	3412534	3412534	0	
7.30912	1	3413480	3413480	0	
7.31159	1	3413978	3413978	0	
7.31159	1	3414940	3414940	0	
7.31416	1	3415422	3415422	0	
7.31416	1	3416400	3416400	0	
7.31663	1	3416866	3416866	0	
7.31663	1	3417860	3417860	0	
7.3191	1	3418310	3418310	0	
7.3191	1	3419320	3419320	0	
7.32157	1	3419754	3419754	0	
7.32157	1	3420780	3420780	0	
7.32404	1	3421198	3421198	0	
7.32404	1	3422240	3422240	0	
7.32651	1	3422642	3422642	0	
7.32651	1	3423700	3423700	0	
7.32898	1	3424086	3424086	0	
7.32898	1	3425160	3425160	0	
7.33145	1	3425530	3425530	0	
7.33145	1	3426620	3426620	0	
7.33401	1	3426974	3426974	0	
7.33401	1	3428080	3428080	0	
7.33648	1	3428418	3428418	0	
7.33648	1	3429540	3429540	0	
7.33895	1	3429862	3429862	0	
7.33895	1	3431000	3431000	0	
7.34142	1	3431306	3431306	0	
7.34142	1	3432460	3432460	0	
7.3439	1	3432750	3432750	0	
7.3439	1	3433920	3433920	0	
7.34646	1	3434194	3434194	0	
7.34646	1	3435380	3435380	0	
7.34893	1	3435638	3435638	0	
7.34893	1	3436840	3436840	0	
7.3514	1	3437082	3437082	0	
7.3514	1	3438300	3438300	0	
7.35387	1	3438526	3438526	0	
7.35387	1	3439760	3439760	0	
7.35634	1	3439970	3439970	0	
7.35634	1	3441220	3441220	0	
7.3589	1	3441414	3441414	0	
7.3589	1	3442680	3442680	0	
7.36137	1	3442858	3442858	0	
7.36137	1	3444140	3444140	0	
7.36384	1	3444302	3444302	0	
7.36384	1	3445600	3445600	0	
7.36632	1	3445746	3445746	0	
7.36632	1	3447060	3447060	0	
7.36878	1	3447190	3447190	0	
7.36878	1	3448520	3448520	0	
7.37125	1	3448634	3448634	0	
7.37125	1	3449980	3449980	0	
7.37372	1	3450078	3450078	0	
7.37372	1	3451440	3451440	0	
7.37619	1	3451522	3451522	0	
7.37619	1	3452900	3452900	0	
7.37876	1	3452966	3452966	0	
7.37876	1	3454360	3454360	0	
7.38122	1	3454410	3454410	0	
7.38122	1	3455820	3455820	0	
7.38369	1	3455854	3455854	0	
7.38369	1	3457280	3457280	0	
7.38616	1	3457298	3457298	0	
7.38616	1	3458740	3458740	0	
7.38862	1	3458742	3458742	0	
7.3912	1	3460194	3460194	0	
7.3912	1	3460200	3460200	0	
7.39367	1	3461639	3461639	0	
7.39367	1	3461660	3461660	0	
7.39613	1	3463084	3463084	0	
7.39613	1	3463120	3463120	0	
7.3986	1	3464529	3464529	0	
7.3986	1	3464580	3464580	0	
7.40107	1	3465974	3465974	0	
7.40107	1	3466040	3466040	0	
7.40354	1	3467418	3467418	0	
7.40354	1	3467500	3467500	0	
7.40601	1	3468862	3468862	0	
7.40601	1	3468960	3468960	0	
7.40848	1	3470306	3470306	0	
7.40848	1	3470420	3470420	0	
7.41104	1	3471750	3471750	0	
7.41104	1	3471880	3471880	0	
7.41352	1	3473194	3473194	0	
7.41352	1	3473340	3473340	0	
7.41599	1	3474638	3474638	0	
7.41599	1	3474800	3474800	0	
7.41846	1	3476082	3476082	0	
7.41846	1	3476260	3476260	0	
7.42093	1	3477526	3477526	0	
7.42093	1	3477720	3477720	0	
7.42349	1	3478970	3478970	0	
7.42349	1	3479180	3479180	0	
7.42596	1	3480414	3480414	0	
7.42596	1	3480640	3480640	0	
7.42843	1	3481858	3481858	0	
7.42843	1	3482100	3482100	0	
7.4309	1	3483302	3483302	0	
7.4309	1	3483560	3483560	0	
7.43337	1	3484746	3484746	0	
7.43337	1	3485020	3485020	0	
7.43584	1	3486190	3486190	0	
7.43584	1	3486480	3486480	0	
7.43831	1	3487634	3487634	0	
7.43831	1	3487940	3487940	0	
7.44078	1	3489078	3489078	0	
7.44078	1	3489400	3489400	0	
7.44335	1	3490522	3490522	0	
7.44335	1	3490860	3490860	0	
7.44581	1	3491966	3491966	0	
7.44581	1	3492320	3492320	0	
7.44828	1	3493410	3493410	0	
7.44828	1	3493780	3493780	0	
7.45075	1	3494854	3494854	0	
7.45075	1	3495240	3495240	0	
7.45322	1	3496298	3496298	0	
7.45322	1	3496700	3496700	0	
7.45579	1	3497742	3497742	0	
7.45579	1	3498160	3498160	0	
7.45825	1	3499186	3499186	0	
7.45825	1	3499620	3499620	0	
7.46073	1	3500630	3500630	0	
7.46073	1	3501080	3501080	0	
7.4632	1	3502074	3502074	0	
7.4632	1	3502540	3502540	0	
7.46567	1	3503518	3503518	0	
7.46567	1	3504000	3504000	0	
7.46814	1	3504962	3504962	0	
7.46814	1	3505460	3505460	0	
7.4707	1	3506406	3506406	0	
7.4707	1	3506920	3506920	0	
7.47317	1	3507850	3507850	0	
7.47317	1	3508380	3508380	0	
7.47564	1	3509294	3509294	0	
7.47564	1	3509840	3509840	0	
7.47811	1	3510738	3510738	0	
7.47811	1	3511300	3511300	0	
7.48058	1	3512182	3512182	0	
7.48058	1	3512760	3512760	0	
7.48305	1	3513626	3513626	0	
7.48305	1	3514220	3514220	0	
7.48552	1	3515070	3515070	0	
7.48552	1	3515680	3515680	0	
7.48799	1	3516514	3516514	0	
7.48799	1	3517140	3517140	0	
7.49056	1	3517958	3517958	0	
7.49056	1	3518600	3518600	0	
7.49303	1	3519402	3519402	0	
7.49303	1	3520060	3520060	0	
7.49549	1	3520846	3520846	0	
7.49549	1	3521520	3521520	0	
7.49796	1	3522290	3522290	0	
7.49796	1	3522980	3522980	0	
7.50043	1	3523734	3523734	0	
7.50043	1	3524440	3524440	0	
7.503	1	3525178	3525178	0	
7.503	1	3525900	3525900	0	
7.50547	1	3526622	3526622	0	
7.50547	1	3527360	3527360	0	
7.50794	1	3528066	3528066	0	
7.50794	1	3528820	3528820	0	
7.51041	1	3529510	3529510	0	
7.51041	1	3530280	3530280	0	
7.51288	1	3530954	3530954	0	
7.51288	1	3531740	3531740	0	
7.51535	1	3532398	3532398	0	
7.51535	1	3533200	3533200	0	
7.51782	1	3533842	3533842	0	
7.51782	1	3534660	3534660	0	
7.52029	1	3535286	3535286	0	
7.52029	1	3536120	3536120	0	
7.52285	1	3536730	3536730	0	
7.52285	1	3537580	3537580	0	
7.52532	1	3538174	3538174	0	
7.52532	1	3539040	3539040	0	
7.52779	1	3539618	3539618	0	
7.52779	1	3540500	3540500	0	
7.53026	1	3541062	3541062	0	
7.53026	1	3541960	3541960	0	
7.53273	1	3542506	3542506	0	
7.53273	1	3543420	3543420	0	
7.5353	1	3543950	3543950	0	
7.5353	1	3544880	3544880	0	
7.53777	1	3545394	3545394	0	
7.53777	1	3546340	3546340	0	
7.54024	1	3546838	3546838	0	
7.54024	1	3547800	3547800	0	
7.54271	1	3548282	3548282	0	
7.54271	1	3549260	3549260	0	
7.54517	1	3549726	3549726	0	
7.54517	1	3550720	3550720	0	
7.54774	1	3551170	3551170	0	
7.54774	1	3552180	3552180	0	
7.55021	1	3552614	3552614	0	
7.55021	1	3553640	3553640	0	
7.55268	1	3554058	3554058	0	
7.55268	1	3555100	3555100	0	
7.55515	1	3555502	3555502	0	
7.55515	1	3556560	3556560	0	
7.55762	1	3556946	3556946	0	
7.55762	1	3558020	3558020	0	
7.56009	1	3558390	3558390	0	
7.56009	1	3559480	3559480	0	
7.56256	1	3559834	3559834	0	
7.56256	1	3560940	3560940	0	
7.56503	1	3561278	3561278	0	
7.56503	1	3562400	3562400	0	
7.56759	1	3562722	3562722	0	
7.56759	1	3563860	3563860	0	
7.57006	1	3564166	3564166	0	
7.57006	1	3565320	3565320	0	
7.57253	1	3565610	3565610	0	
7.57253	1	3566780	3566780	0	
7.575	1	3567054	3567054	0	
7.575	1	3568240	3568240	0	
7.57747	1	3568498	3568498	0	
7.57747	1	3569700	3569700	0	
7.58004	1	3569942	3569942	0	
7.58004	1	3571160	3571160	0	
7.58251	1	3571386	3571386	0	
7.58251	1	3572620	3572620	0	
7.58498	1	3572830	3572830	0	
7.58498	1	3574080	3574080	0	
7.58745	1	3574274	3574274	0	
7.58745	1	3575540	3575540	0	
7.58992	1	3575718	3575718	0	
7.58992	1	3577000	3577000	0	
7.59239	1	3577162	3577162	0	
7.59239	1	3578460	3578460	0	
7.59485	1	3578606	3578606	0	
7.59485	1	3579920	3579920	0	
7.59732	1	3580050	3580050	0	
7.59732	1	3581380	3581380	0	
7.59989	1	3581494	3581494	0	
7.59989	1	3582840	3582840	0	
7.60236	1	3582938	3582938	0	
7.60236	1	3584300	3584300	0	
7.60483	1	3584382	3584382	0	
7.60483	1	3585760	3585760	0	
7.6073	1	3585826	3585826	0	
7.6073	1	3587220	3587220	0	
7.60977	1	3587270	3587270	0	
7.60977	1	3588680	3588680	0	
7.61233	1	3588714	3588714	0	
7.61233	1	3590140	3590140	0	
7.6148	1	3590158	3590158	0	
7.6148	1	3591600	3591600	0	
7.61727	1	3591602	3591602	0	
7.61974	1	3593054	3593054	0	
7.61974	1	3593060	3593060	0	
7.6222	1	3594499	3594499	0	
7.6222	1	3594520	3594520	0	
7.62467	1	3595944	3595944	0	
7.62467	1	3595980	3595980	0	
7.62715	1	3597389	3597389	0	
7.62715	1	3597440	3597440	0	
7.62962	1	3598834	3598834	0	
7.62962	1	3598900	3598900	0	
7.63218	1	3600278	3600278	0	
7.63218	1	3600360	3600360	0	
7.63465	1	3601722	3601722	0	
7.63465	1	3601820	3601820	0	
7.63712	1	3603166	3603166	0	
7.63712	1	3603280	3603280	0	
7.63959	1	3604610	3604610	0	
7.63959	1	3604740	3604740	0	
7.64206	1	3606054	3606054	0	
7.64206	1	3606200	3606200	0	
7.64462	1	3607498	3607498	0	
7.64462	1	3607660	3607660	0	
7.64709	1	3608942	3608942	0	
7.64709	1	3609120	3609120	0	
7.64957	1	3610386	3610386	0	
7.64957	1	3610580	3610580	0	
7.65204	1	3611830	3611830	0	
7.65204	1	3612040	3612040	0	
7.65451	1	3613274	3613274	0	
7.65451	1	3613500	3613500	0	
7.65698	1	3614718	3614718	0	
7.65698	1	3614960	3614960	0	
7.65954	1	3616162	3616162	0	
7.65954	1	3616420	3616420	0	
7.66201	1	3617606	3617606	0	
7.66201	1	3617880	3617880	0	
7.66448	1	3619050	3619050	0	
7.66448	1	3619340	3619340	0	
7.66695	1	3620494	3620494	0	
7.66695	1	3620800	3620800	0	
7.66942	1	3621938	3621938	0	
7.66942	1	3622260	3622260	0	
7.67189	1	3623382	3623382	0	
7.67189	1	3623720	3623720	0	
7.67436	1	3624826	3624826	0	
7.67436	1	3625180	3625180	0	
7.67683	1	3626270	3626270	0	
7.67683	1	3626640	3626640	0	
7.6794	1	3627714	3627714	0	
7.6794	1	3628100	3628100	0	
7.68186	1	3629158	3629158	0	
7.68186	1	3629560	3629560	0	
7.68433	1	3630602	3630602	0	
7.68433	1	3631020	3631020	0	
7.6868	1	3632046	3632046	0	
7.6868	1	3632480	3632480	0	
7.68927	1	3633490	3633490	0	
7.68927	1	3633940	3633940	0	
7.69184	1	3634934	3634934	0	
7.69184	1	3635400	3635400	0	
7.6943	1	3636378	3636378	0	
7.6943	1	3636860	3636860	0	
7.69678	1	3637822	3637822	0	
7.69678	1	3638320	3638320	0	
7.69925	1	3639266	3639266	0	
7.69925	1	3639780	3639780	0	
7.70172	1	3640710	3640710	0	
7.70172	1	3641240	3641240	0	
7.70419	1	3642154	3642154	0	
7.70419	1	3642700	3642700	0	
7.70666	1	3643598	3643598	0	
7.70666	1	3644160	3644160	0	
7.70912	1	3645042	3645042	0	
7.70912	1	3645620	3645620	0	
7.71169	1	3646486	3646486	0	
7.71169	1	3647080	3647080	0	
7.71416	1	3647930	3647930	0	
7.71416	1	3648540	3648540	0	
7.71663	1	3649374	3649374	0	
7.71663	1	3650000	3650000	0	
7.7191	1	3650818	3650818	0	
7.7191	1	3651460	3651460	0	
7.72157	1	3652262	3652262	0	
7.72157	1	3652920	3652920	0	
7.72414	1	3653706	3653706	0	
7.72414	1	3654380	3654380	0	
7.72661	1	3655150	3655150	0	
7.72661	1	3655840	3655840	0	
7.72908	1	3656594	3656594	0	
7.72908	1	3657300	3657300	0	
7.73154	1	3658038	3658038	0	
7.73154	1	3658760	3658760	0	
7.73401	1	3659482	3659482	0	
7.73401	1	3660220	3660220	0	
7.73648	1	3660926	3660926	0	
7.73648	1	3661680	3661680	0	
7.73895	1	3662370	3662370	0	
7.73895	1	3663140	3663140	0	
7.74152	1	3663814	3663814	0	
7.74152	1	3664600	3664600	0	
7.74399	1	3665258	3665258	0	
7.74399	1	3666060	3666060	0	
7.74646	1	3666702	3666702	0	
7.74646	1	3667520	3667520	0	
7.74893	1	3668146	3668146	0	
7.74893	1	3668980	3668980	0	
7.7514	1	3669590	3669590	0	
7.7514	1	3670440	3670440	0	
7.75387	1	3671034	3671034	0	
7.75387	1	3671900	3671900	0	
7.75643	1	3672478	3672478	0	
7.75643	1	3673360	3673360	0	
7.7589	1	3673922	3673922	0	
7.7589	1	3674820	3674820	0	
7.76137	1	3675366	3675366	0	
7.76137	1	3676280	3676280	0	
7.76384	1	3676810	3676810	0	
7.76384	1	3677740	3677740	0	
7.76631	1	3678254	3678254	0	
7.76631	1	3679200	3679200	0	
7.76888	1	3679698	3679698	0	
7.76888	1	3680660	3680660	0	
7.77135	1	3681142	3681142	0	
7.77135	1	3682120	3682120	0	
7.77382	1	3682586	3682586	0	
7.77382	1	3683580	3683580	0	
7.77629	1	3684030	3684030	0	
7.77629	1	3685040	3685040	0	
7.77876	1	3685474	3685474	0	
7.77876	1	3686500	3686500	0	
7.78122	1	3686918	3686918	0	
7.78122	1	3687960	3687960	0	
7.78369	1	3688362	3688362	0	
7.78369	1	3689420	3689420	0	
7.78616	1	3689806	3689806	0	
7.78616	1	3690880	3690880	0	
7.78873	1	3691250	3691250	0	
7.78873	1	3692340	3692340	0	
7.7912	1	3692694	3692694	0	
7.7912	1	3693800	3693800	0	
7.79367	1	3694138	3694138	0	
7.79367	1	3695260	3695260	0	
7.79614	1	3695582	3695582	0	
7.79614	1	3696720	3696720	0	
7.79861	1	3697026	3697026	0	
7.79861	1	3698180	3698180	0	
7.80117	1	3698470	3698470	0	
7.80117	1	3699640	3699640	0	
7.80364	1	3699914	3699914	0	
7.80364	1	3701100	3701100	0	
7.80611	1	3701358	3701358	0	
7.80611	1	3702560	3702560	0	
7.80858	1	3702802	3702802	0	
7.80858	1	3704020	3704020	0	
7.81105	1	3704246	3704246	0	
7.81105	1	3705480	3705480	0	
7.81352	1	3705690	3705690	0	
7.81352	1	3706940	3706940	0	
7.816	1	3707134	3707134	0	
7.816	1	3708400	3708400	0	
7.81846	1	3708578	3708578	0	
7.81846	1	3709860	3709860	0	
7.82103	1	3710022	3710022	0	
7.82103	1	3711320	3711320	0	
7.8235	1	3711466	3711466	0	
7.8235	1	3712780	3712780	0	
7.82597	1	3712910	3712910	0	
7.82597	1	3714240	3714240	0	
7.82844	1	3714354	3714354	0	
7.82844	1	3715700	3715700	0	
7.8309	1	3715798	3715798	0	
7.8309	1	3717160	3717160	0	
7.83347	1	3717242	3717242	0	
7.83347	1	3718620	3718620	0	
7.83594	1	3718686	3718686	0	
7.83594	1	3720080	3720080	0	
7.83841	1	3720130	3720130	0	
7.83841	1	3721540	3721540	0	
7.84088	1	3721574	3721574	0	
7.84088	1	3723000	3723000	0	
7.84335	1	3723018	3723018	0	
7.84335	1	3724460	3724460	0	
7.84581	1	3724462	3724462	0	
7.84828	1	3725914	3725914	0	
7.84828	1	3725920	3725920	0	
7.85085	1	3727359	3727359	0	
7.85085	1	3727380	3727380	0	
7.85332	1	3728804	3728804	0	
7.85332	1	3728840	3728840	0	
7.85579	1	3730249	3730249	0	
7.85579	1	3730300	3730300	0	
7.85825	1	3731694	3731694	0	
7.85825	1	3731760	3731760	0	
7.86072	1	3733138	3733138	0	
7.86072	1	3733220	3733220	0	
7.8632	1	3734582	3734582	0	
7.8632	1	3734680	3734680	0	
7.86576	1	3736026	3736026	0	
7.86576	1	3736140	3736140	0	
7.86823	1	3737470	3737470	0	
7.86823	1	3737600	3737600	0	
7.8707	1	3738914	3738914	0	
7.8707	1	3739060	3739060	0	
7.87317	1	3740358	3740358	0	
7.87317	1	3740520	3740520	0	
7.87564	1	3741802	3741802	0	
7.87564	1	3741980	3741980	0	
7.8782	1	3743246	3743246	0	
7.8782	1	3743440	3743440	0	
7.88067	1	3744690	3744690	0	
7.88067	1	3744900	3744900	0	
7.88314	1	3746134	3746134	0	
7.88314	1	3746360	3746360	0	
7.88562	1	3747578	3747578	0	
7.88562	1	3747820	3747820	0	
7.88809	1	3749022	3749022	0	
7.88809	1	3749280	3749280	0	
7.89056	1	3750466	3750466	0	
7.89056	1	3750740	3750740	0	
7.89303	1	3751910	3751910	0	
7.89303	1	3752200	3752200	0	
7.89549	1	3753354	3753354	0	
7.89549	1	3753660	3753660	0	
7.89806	1	3754798	3754798	0	
7.89806	1	3755120	3755120	0	
7.90053	1	3756242	3756242	0	
7.90053	1	3756580	3756580	0	
7.903	1	3757686	3757686	0	
7.903	1	3758040	3758040	0	
7.90547	1	3759130	3759130	0	
7.90547	1	3759500	3759500	0	
7.90793	1	3760574	3760574	0	
7.90793	1	3760960	3760960	0	
7.91051	1	3762018	3762018	0	
7.91051	1	3762420	3762420	0	
7.91298	1	3763462	3763462	0	
7.91298	1	3763880	3763880	0	
7.91544	1	3764906	3764906	0	
7.91544	1	3765340	3765340	0	
7.91791	1	3766350	3766350	0	
7.91791	1	3766800	3766800	0	
7.92038	1	3767794	3767794	0	
7.92038	1	3768260	3768260	0	
7.92285	1	3769238	3769238	0	
7.92285	1	3769720	3769720	0	
7.92532	1	3770682	3770682	0	
7.92532	1	3771180	3771180	0	
7.92779	1	3772126	3772126	0	
7.92779	1	3772640	3772640	0	
7.93035	1	3773570	3773570	0	
7.93035	1	3774100	3774100	0	
7.93283	1	3775014	3775014	0	
7.93283	1	3775560	3775560	0	
7.9353	1	3776458	3776458	0	
7.9353	1	3777020	3777020	0	
7.93777	1	3777902	3777902	0	
7.93777	1	3778480	3778480	0	
7.94024	1	3779346	3779346	0	
7.94024	1	3779940	3779940	0	
7.9428	1	3780790	3780790	0	
7.9428	1	3781400	3781400	0	
7.94527	1	3782234	3782234	0	
7.94527	1	3782860	3782860	0	
7.94774	1	3783678	3783678	0	
7.94774	1	3784320	3784320	0	
7.95021	1	3785122	3785122	0	
7.95021	1	3785780	3785780	0	
7.95268	1	3786566	3786566	0	
7.95268	1	3787240	3787240	0	
7.95525	1	3788010	3788010	0	
7.95525	1	3788700	3788700	0	
7.95772	1	3789454	3789454	0	
7.95772	1	3790160	3790160	0	
7.96019	1	3790898	3790898	0	
7.96019	1	3791620	3791620	0	
7.96266	1	3792342	3792342	0	
7.96266	1	3793080	3793080	0	
7.96512	1	3793786	3793786	0	
7.96512	1	3794540	3794540	0	
7.96759	1	3795230	3795230	0	
7.96759	1	3796000	3796000	0	
7.97006	1	3796674	3796674	0	
7.97006	1	3797460	3797460	0	
7.97253	1	3798118	3798118	0	
7.97253	1	3798920	3798920	0	
7.975	1	3799562	3799562	0	
7.975	1	3800380	3800380	0	
7.97757	1	3801006	3801006	0	
7.97757	1	3801840	3801840	0	
7.98004	1	3802450	3802450	0	
7.98004	1	3803300	3803300	0	
7.98251	1	3803894	3803894	0	
7.98251	1	3804760	3804760	0	
7.98498	1	3805338	3805338	0	
7.98498	1	3806220	3806220	0	
7.98745	1	3806782	3806782	0	
7.98745	1	3807680	3807680	0	
7.99001	1	3808226	3808226	0	
7.99001	1	3809140	3809140	0	
7.99248	1	3809670	3809670	0	
7.99248	1	3810600	3810600	0	
7.99495	1	3811114	3811114	0	
7.99495	1	3812060	3812060	0	
7.99742	1	3812558	3812558	0	
7.99742	1	3813520	3813520	0	
7.99989	1	3814002	3814002	0	
7.99989	1	3814980	3814980	0	
8.00236	1	3815446	3815446	0	
8.00236	1	3816440	3816440	0	
8.00483	1	3816890	3816890	0	
8.00483	1	3817900	3817900	0	
8.0073	1	3818334	3818334	0	
8.0073	1	3819360	3819360	0	
8.00987	1	3819778	3819778	0	
8.00987	1	3820820	3820820	0	
8.01234	1	3821222	3821222	0	
8.01234	1	3822280	3822280	0	
8.0148	1	3822666	3822666	0	
8.0148	1	3823740	3823740	0	
8.01727	1	3824110	3824110	0	
8.01727	1	3825200	3825200	0	
8.01974	1	3825554	3825554	0	
8.01974	1	3826660	3826660	0	
8.02231	1	3826998	3826998	0	
8.02231	1	3828120	3828120	0	
8.02478	1	3828442	3828442	0	
8.02478	1	3829580	3829580	0	
8.02725	1	3829886	3829886	0	
8.02725	1	3831040	3831040	0	
8.02972	1	3831330	3831330	0	
8.02972	1	3832500	3832500	0	
8.03219	1	3832774	3832774	0	
8.03219	1	3833960	3833960	0	
8.03466	1	3834218	3834218	0	
8.03466	1	3835420	3835420	0	
8.03713	1	3835662	3835662	0	
8.03713	1	3836880	3836880	0	
8.0396	1	3837106	3837106	0	
8.0396	1	3838340	3838340	0	
8.04216	1	3838550	3838550	0	
8.04216	1	3839800	3839800	0	
8.04463	1	3839994	3839994	0	
8.04463	1	3841260	3841260	0	
8.0471	1	3841438	3841438	0	
8.0471	1	3842720	3842720	0	
8.04957	1	3842882	3842882	0	
8.04957	1	3844180	3844180	0	
8.05204	1	3844326	3844326	0	
8.05204	1	3845640	3845640	0	
8.05461	1	3845770	3845770	0	
8.05461	1	3847100	3847100	0	
8.05708	1	3847214	3847214	0	
8.05708	1	3848560	3848560	0	
8.05955	1	3848658	3848658	0	
8.05955	1	3850020	3850020	0	
8.06202	1	3850102	3850102	0	
8.06202	1	3851480	3851480	0	
8.06448	1	3851546	3851546	0	
8.06448	1	3852940	3852940	0	
8.06705	1	3852990	3852990	0	
8.06705	1	3854400	3854400	0	
8.06952	1	3854434	3854434	0	
8.06952	1	3855860	3855860	0	
8.07198	1	3855878	3855878	0	
8.07198	1	3857320	3857320	0	
8.07446	1	3857322	3857322	0	
8.07693	1	3858774	3858774	0	
8.07693	1	3858780	3858780	0	
8.0794	1	3860219	3860219	0	
8.0794	1	3860240	3860240	0	
8.08186	1	3861664	3861664	0	
8.08186	1	3861700	3861700	0	
8.08433	1	3863109	3863109	0	
8.08433	1	3863160	3863160	0	
8.0869	1	3864554	3864554	0	
8.0869	1	3864620	3864620	0	
8.08937	1	3865998	3865998	0	
8.08937	1	3866080	3866080	0	
8.09184	1	3867442	3867442	0	
8.09184	1	3867540	3867540	0	
8.0943	1	3868886	3868886	0	
8.0943	1	3869000	3869000	0	
8.09677	1	3870330	3870330	0	
8.09677	1	3870460	3870460	0	
8.09935	1	3871774	3871774	0	
8.09935	1	3871920	3871920	0	
8.10181	1	3873218	3873218	0	
8.10181	1	3873380	3873380	0	
8.10428	1	3874662	3874662	0	
8.10428	1	3874840	3874840	0	
8.10675	1	3876106	3876106	0	
8.10675	1	3876300	3876300	0	
8.10922	1	3877550	3877550	0	
8.10922	1	3877760	3877760	0	
8.11169	1	3878994	3878994	0	
8.11169	1	3879220	3879220	0	
8.11416	1	3880438	3880438	0	
8.11416	1	3880680	3880680	0	
8.11663	1	3881882	3881882	0	
8.11663	1	3882140	3882140	0	
8.11919	1	3883326	3883326	0	
8.11919	1	3883600	3883600	0	
8.12167	1	3884770	3884770	0	
8.12167	1	3885060	3885060	0	
8.12414	1	3886214	3886214	0	
8.12414	1	3886520	3886520	0	
8.12661	1	3887658	3887658	0	
8.12661	1	3887980	3887980	0	
8.12908	1	3889102	3889102	0	
8.12908	1	3889440	3889440	0	
8.13164	1	3890546	3890546	0	
8.13164	1	3890900	3890900	0	
8.13411	1	3891990	3891990	0	
8.13411	1	3892360	3892360	0	
8.13658	1	3893434	3893434	0	
8.13658	1	3893820	3893820	0	
8.13905	1	3894878	3894878	0	
8.13905	1	3895280	3895280	0	
8.14152	1	3896322	3896322	0	
8.14152	1	3896740	3896740	0	
8.14398	1	3897766	3897766	0	
8.14398	1	3898200	3898200	0	
8.14646	1	3899210	3899210	0	
8.14646	1	3899660	3899660	0	
8.14903	1	3900654	3900654	0	
8.14903	1	3901120	3901120	0	
8.15149	1	3902098	3902098	0	
8.15149	1	3902580	3902580	0	
8.15396	1	3903542	3903542	0	
8.15396	1	3904040	3904040	0	
8.15643	1	3904986	3904986	0	
8.15643	1	3905500	3905500	0	
8.1589	1	3906430	3906430	0	
8.1589	1	3906960	3906960	0	
8.16137	1	3907874	3907874	0	
8.16137	1	3908420	3908420	0	
8.16393	1	3909318	3909318	0	
8.16393	1	3909880	3909880	0	
8.1664	1	3910762	3910762	0	
8.1664	1	3911340	3911340	0	
8.16888	1	3912206	3912206	0	
8.16888	1	3912800	3912800	0	
8.17135	1	3913650	3913650	0	
8.17135	1	3914260	3914260	0	
8.17382	1	3915094	3915094	0	
8.17382	1	3915720	3915720	0	
8.17638	1	3916538	3916538	0	
8.17638	1	3917180	3917180	0	
8.17885	1	3917982	3917982	0	
8.17885	1	3918640	3918640	0	
8.18132	1	3919426	3919426	0	
8.18132	1	3920100	3920100	0	
8.18379	1	3920870	3920870	0	
8.18379	1	3921560	3921560	0	
8.18626	1	3922314	3922314	0	
8.18626	1	3923020	3923020	0	
8.18873	1	3923758	3923758	0	
8.18873	1	3924480	3924480	0	
8.1912	1	3925202	3925202	0	
8.1912	1	3925940	3925940	0	
8.19367	1	3926646	3926646	0	
8.19367	1	3927400	3927400	0	
8.19624	1	3928090	3928090	0	
8.19624	1	3928860	3928860	0	
8.19871	1	3929534	3929534	0	
8.19871	1	3930320	3930320	0	
8.20117	1	3930978	3930978	0	
8.20117	1	3931780	3931780	0	
8.20364	1	3932422	3932422	0	
8.20364	1	3933240	3933240	0	
8.20611	1	3933866	3933866	0	
8.20611	1	3934700	3934700	0	
8.20868	1	3935310	3935310	0	
8.20868	1	3936160	3936160	0	
8.21115	1	3936754	3936754	0	
8.21115	1	3937620	3937620	0	
8.21361	1	3938198	3938198	0	
8.21361	1	3939080	3939080	0	
8.21609	1	3939642	3939642	0	
8.21609	1	3940540	3940540	0	
8.21856	1	3941086	3941086	0	
8.21856	1	3942000	3942000	0	
8.22103	1	3942530	3942530	0	
8.22103	1	3943460	3943460	0	
8.2235	1	3943974	3943974	0	
8.2235	1	3944920	3944920	0	
8.22597	1	3945418	3945418	0	
8.22597	1	3946380	3946380	0	
8.22853	1	3946862	3946862	0	
8.22853	1	3947840	3947840	0	
8.231	1	3948306	3948306	0	
8.231	1	3949300	3949300	0	
8.23347	1	3949750	3949750	0	
8.23347	1	3950760	3950760	0	
8.23594	1	3951194	3951194	0	
8.23594	1	3952220	3952220	0	
8.23841	1	3952638	3952638	0	
8.23841	1	3953680	3953680	0	
8.24098	1	3954082	3954082	0	
8.24098	1	3955140	3955140	0	
8.24345	1	3955526	3955526	0	
8.24345	1	3956600	3956600	0	
8.24592	1	3956970	3956970	0	
8.24592	1	3958060	3958060	0	
8.24839	1	3958414	3958414	0	
8.24839	1	3959520	3959520	0	
8.25085	1	3959858	3959858	0	
8.25085	1	3960980	3960980	0	
8.25332	1	3961302	3961302	0	
8.25332	1	3962440	3962440	0	
8.25579	1	3962746	3962746	0	
8.25579	1	3963900	3963900	0	
8.25836	1	3964190	3964190	0	
8.25836	1	3965360	3965360	0	
8.26083	1	3965634	3965634	0	
8.26083	1	3966820	3966820	0	
8.2633	1	3967078	3967078	0	
8.2633	1	3968280	3968280	0	
8.26577	1	3968522	3968522	0	
8.26577	1	3969740	3969740	0	
8.26824	1	3969966	3969966	0	
8.26824	1	3971200	3971200	0	
8.27071	1	3971410	3971410	0	
8.27071	1	3972660	3972660	0	
8.27327	1	3972854	3972854	0	
8.27327	1	3974120	3974120	0	
8.27574	1	3974298	3974298	0	
8.27574	1	3975580	3975580	0	
8.27821	1	3975742	3975742	0	
8.27821	1	3977040	3977040	0	
8.28068	1	3977186	3977186	0	
8.28068	1	3978500	3978500	0	
8.28315	1	3978630	3978630	0	
8.28315	1	3979960	3979960	0	
8.28572	1	3980074	3980074	0	
8.28572	1	3981420	3981420	0	
8.28819	1	3981518	3981518	0	
8.28819	1	3982880	3982880	0	
8.29066	1	3982962	3982962	0	
8.29066	1	3984340	3984340	0	
8.29313	1	3984406	3984406	0	
8.29313	1	3985800	3985800	0	
8.2956	1	3985850	3985850	0	
8.2956	1	3987260	3987260	0	
8.29806	1	3987294	3987294	0	
8.29806	1	3988720	3988720	0	
8.30053	1	3988738	3988738	0	
8.30053	1	3990180	3990180	0	
8.303	1	3990182	3990182	0	
8.30556	1	3991634	3991634	0	
8.30556	1	3991640	3991640	0	
8.30803	1	3993079	3993079	0	
8.30803	1	3993100	3993100	0	
8.31051	1	3994524	3994524	0	
8.31051	1	3994560	3994560	0	
8.31298	1	3995969	3995969	0	
8.31298	1	3996020	3996020	0	
8.31544	1	3997414	3997414	0	
8.31544	1	3997480	3997480	0	
8.31801	1	3998858	3998858	0	
8.31801	1	3998940	3998940	0	
8.32048	1	4000302	4000302	0	
8.32048	1	4000400	4000400	0	
8.32295	1	4001746	4001746	0	
8.32295	1	4001860	4001860	0	
8.32542	1	4003190	4003190	0	
8.32542	1	4003320	4003320	0	
8.32788	1	4004634	4004634	0	
8.32788	1	4004780	4004780	0	
8.33035	1	4006078	4006078	0	
8.33035	1	4006240	4006240	0	
8.33282	1	4007522	4007522	0	
8.33282	1	4007700	4007700	0	
8.3353	1	4008966	4008966	0	
8.3353	1	4009160	4009160	0	
8.33786	1	4010410	4010410	0	
8.33786	1	4010620	4010620	0	
8.34033	1	4011854	4011854	0	
8.34033	1	4012080	4012080	0	
8.3428	1	4013298	4013298	0	
8.3428	1	4013540	4013540	0	
8.34527	1	4014742	4014742	0	
8.34527	1	4015000	4015000	0	
8.34774	1	4016186	4016186	0	
8.34774	1	4016460	4016460	0	
8.3503	1	4017630	4017630	0	
8.3503	1	4017920	4017920	0	
8.35277	1	4019074	4019074	0	
8.35277	1	4019380	4019380	0	
8.35524	1	4020518	4020518	0	
8.35524	1	4020840	4020840	0	
8.35772	1	4021962	4021962	0	
8.35772	1	4022300	4022300	0	
8.36019	1	4023406	4023406	0	
8.36019	1	4023760	4023760	0	
8.36266	1	4024850	4024850	0	
8.36266	1	4025220	4025220	0	
8.36512	1	4026294	4026294	0	
8.36512	1	4026680	4026680	0	
8.36769	1	4027738	4027738	0	
8.36769	1	4028140	4028140	0	
8.37016	1	4029182	4029182	0	
8.37016	1	4029600	4029600	0	
8.37263	1	4030626	4030626	0	
8.37263	1	4031060	4031060	0	
8.3751	1	4032070	4032070	0	
8.3751	1	4032520	4032520	0	
8.37756	1	4033514	4033514	0	
8.37756	1	4033980	4033980	0	
8.38003	1	4034958	4034958	0	
8.38003	1	4035440	4035440	0	
8.38261	1	4036402	4036402	0	
8.38261	1	4036900	4036900	0	
8.38508	1	4037846	4037846	0	
8.38508	1	4038360	4038360	0	
8.38754	1	4039290	4039290	0	
8.38754	1	4039820	4039820	0	
8.39001	1	4040734	4040734	0	
8.39001	1	4041280	4041280	0	
8.39248	1	4042178	4042178	0	
8.39248	1	4042740	4042740	0	
8.39505	1	4043622	4043622	0	
8.39505	1	4044200	4044200	0	
8.39752	1	4045066	4045066	0	
8.39752	1	4045660	4045660	0	
8.39998	1	4046510	4046510	0	
8.39998	1	4047120	4047120	0	
8.40245	1	4047954	4047954	0	
8.40245	1	4048580	4048580	0	
8.40493	1	4049398	4049398	0	
8.40493	1	4050040	4050040	0	
8.4074	1	4050842	4050842	0	
8.4074	1	4051500	4051500	0	
8.40987	1	4052286	4052286	0	
8.40987	1	4052960	4052960	0	
8.41234	1	4053730	4053730	0	
8.41234	1	4054420	4054420	0	
8.4149	1	4055174	4055174	0	
8.4149	1	4055880	4055880	0	
8.41737	1	4056618	4056618	0	
8.41737	1	4057340	4057340	0	
8.41984	1	4058062	4058062	0	
8.41984	1	4058800	4058800	0	
8.42231	1	4059506	4059506	0	
8.42231	1	4060260	4060260	0	
8.42478	1	4060950	4060950	0	
8.42478	1	4061720	4061720	0	
8.42735	1	4062394	4062394	0	
8.42735	1	4063180	4063180	0	
8.42982	1	4063838	4063838	0	
8.42982	1	4064640	4064640	0	
8.43229	1	4065282	4065282	0	
8.43229	1	4066100	4066100	0	
8.43476	1	4066726	4066726	0	
8.43476	1	4067560	4067560	0	
8.43722	1	4068170	4068170	0	
8.43722	1	4069020	4069020	0	
8.43969	1	4069614	4069614	0	
8.43969	1	4070480	4070480	0	
8.44216	1	4071058	4071058	0	
8.44216	1	4071940	4071940	0	
8.44463	1	4072502	4072502	0	
8.44463	1	4073400	4073400	0	
8.4472	1	4073946	4073946	0	
8.4472	1	4074860	4074860	0	
8.44966	1	4075390	4075390	0	
8.44966	1	4076320	4076320	0	
8.45214	1	4076834	4076834	0	
8.45214	1	4077780	4077780	0	
8.45461	1	4078278	4078278	0	
8.45461	1	4079240	4079240	0	
8.45708	1	4079722	4079722	0	
8.45708	1	4080700	4080700	0	
8.45964	1	4081166	4081166	0	
8.45964	1	4082160	4082160	0	
8.46211	1	4082610	4082610	0	
8.46211	1	4083620	4083620	0	
8.46458	1	4084054	4084054	0	
8.46458	1	4085080	4085080	0	
8.46705	1	4085498	4085498	0	
8.46705	1	4086540	4086540	0	
8.46952	1	4086942	4086942	0	
8.46952	1	4088000	4088000	0	
8.47208	1	4088386	4088386	0	
8.47208	1	4089460	4089460	0	
8.47456	1	4089830	4089830	0	
8.47456	1	4090920	4090920	0	
8.47703	1	4091274	4091274	0	
8.47703	1	4092380	4092380	0	
8.4795	1	4092718	4092718	0	
8.4795	1	4093840	4093840	0	
8.48197	1	4094162	4094162	0	
8.48197	1	4095300	4095300	0	
8.48444	1	4095606	4095606	0	
8.48444	1	4096760	4096760	0	
8.4869	1	4097050	4097050	0	
8.4869	1	4098220	4098220	0	
8.48937	1	4098494	4098494	0	
8.48937	1	4099680	4099680	0	
8.49194	1	4099938	4099938	0	
8.49194	1	4101140	4101140	0	
8.49441	1	4101382	4101382	0	
8.49441	1	4102600	4102600	0	
8.49688	1	4102826	4102826	0	
8.49688	1	4104060	4104060	0	
8.49935	1	4104270	4104270	0	
8.49935	1	4105520	4105520	0	
8.50182	1	4105714	4105714	0	
8.50182	1	4106980	4106980	0	
8.50429	1	4107158	4107158	0	
8.50429	1	4108440	4108440	0	
8.50685	1	4108602	4108602	0	
8.50685	1	4109900	4109900	0	
8.50932	1	4110046	4110046	0	
8.50932	1	4111360	4111360	0	
8.51179	1	4111490	4111490	0	
8.51179	1	4112820	4112820	0	
8.51426	1	4112934	4112934	0	
8.51426	1	4114280	4114280	0	
8.51673	1	4114378	4114378	0	
8.51673	1	4115740	4115740	0	
8.5192	1	4115822	4115822	0	
8.5192	1	4117200	4117200	0	
8.52167	1	4117266	4117266	0	
8.52167	1	4118660	4118660	0	
8.52414	1	4118710	4118710	0	
8.52414	1	4120120	4120120	0	
8.52671	1	4120154	4120154	0	
8.52671	1	4121580	4121580	0	
8.52917	1	4121598	4121598	0	
8.52917	1	4123040	4123040	0	
8.53164	1	4123042	4123042	0	
8.53411	1	4124494	4124494	0	
8.53411	1	4124500	4124500	0	
8.53658	1	4125939	4125939	0	
8.53658	1	4125960	4125960	0	
8.53914	1	4127384	4127384	0	
8.53914	1	4127420	4127420	0	
8.54161	1	4128829	4128829	0	
8.54161	1	4128880	4128880	0	
8.54408	1	4130274	4130274	0	
8.54408	1	4130340	4130340	0	
8.54656	1	4131718	4131718	0	
8.54656	1	4131800	4131800	0	
8.54903	1	4133162	4133162	0	
8.54903	1	4133260	4133260	0	
8.55149	1	4134606	4134606	0	
8.55149	1	4134720	4134720	0	
8.55396	1	4136050	4136050	0	
8.55396	1	4136180	4136180	0	
8.55643	1	4137494	4137494	0	
8.55643	1	4137640	4137640	0	
8.559	1	4138938	4138938	0	
8.559	1	4139100	4139100	0	
8.56147	1	4140382	4140382	0	
8.56147	1	4140560	4140560	0	
8.56393	1	4141826	4141826	0	
8.56393	1	4142020	4142020	0	
8.5664	1	4143270	4143270	0	
8.5664	1	4143480	4143480	0	
8.56887	1	4144714	4144714	0	
8.56887	1	4144940	4144940	0	
8.57144	1	4146158	4146158	0	
8.57144	1	4146400	4146400	0	
8.57391	1	4147602	4147602	0	
8.57391	1	4147860	4147860	0	
8.57638	1	4149046	4149046	0	
8.57638	1	4149320	4149320	0	
8.57885	1	4150490	4150490	0	
8.57885	1	4150780	4150780	0	
8.58132	1	4151934	4151934	0	
8.58132	1	4152240	4152240	0	
8.58388	1	4153378	4153378	0	
8.58388	1	4153700	4153700	0	
8.58635	1	4154822	4154822	0	
8.58635	1	4155160	4155160	0	
8.58882	1	4156266	4156266	0	
8.58882	1	4156620	4156620	0	
8.59129	1	4157710	4157710	0	
8.59129	1	4158080	4158080	0	
8.59377	1	4159154	4159154	0	
8.59377	1	4159540	4159540	0	
8.59624	1	4160598	4160598	0	
8.59624	1	4161000	4161000	0	
8.59871	1	4162042	4162042	0	
8.59871	1	4162460	4162460	0	
8.60117	1	4163486	4163486	0	
8.60117	1	4163920	4163920	0	
8.60374	1	4164930	4164930	0	
8.60374	1	4165380	4165380	0	
8.60621	1	4166374	4166374	0	
8.60621	1	4166840	4166840	0	
8.60868	1	4167818	4167818	0	
8.60868	1	4168300	4168300	0	
8.61115	1	4169262	4169262	0	
8.61115	1	4169760	4169760	0	
8.61361	1	4170706	4170706	0	
8.61361	1	4171220	4171220	0	
8.61619	1	4172150	4172150	0	
8.61619	1	4172680	4172680	0	
8.61866	1	4173594	4173594	0	
8.61866	1	4174140	4174140	0	
8.62112	1	4175038	4175038	0	
8.62112	1	4175600	4175600	0	
8.62359	1	4176482	4176482	0	
8.62359	1	4177060	4177060	0	
8.62606	1	4177926	4177926	0	
8.62606	1	4178520	4178520	0	
8.62853	1	4179370	4179370	0	
8.62853	1	4179980	4179980	0	
8.631	1	4180814	4180814	0	
8.631	1	4181440	4181440	0	
8.63347	1	4182258	4182258	0	
8.63347	1	4182900	4182900	0	
8.63603	1	4183702	4183702	0	
8.63603	1	4184360	4184360	0	
8.6385	1	4185146	4185146	0	
8.6385	1	4185820	4185820	0	
8.64098	1	4186590	4186590	0	
8.64098	1	4187280	4187280	0	
8.64345	1	4188034	4188034	0	
8.64345	1	4188740	4188740	0	
8.64592	1	4189478	4189478	0	
8.64592	1	4190200	4190200	0	
8.64848	1	4190922	4190922	0	
8.64848	1	4191660	4191660	0	
8.65095	1	4192366	4192366	0	
8.65095	1	4193120	4193120	0	
8.65342	1	4193810	4193810	0	
8.65342	1	4194580	4194580	0	
8.65589	1	4195254	4195254	0	
8.65589	1	4196040	4196040	0	
8.65836	1	4196698	4196698	0	
8.65836	1	4197500	4197500	0	
8.66083	1	4198142	4198142	0	
8.66083	1	4198960	4198960	0	
8.66329	1	4199586	4199586	0	
8.66329	1	4200420	4200420	0	
8.66587	1	4201030	4201030	0	
8.66587	1	4201880	4201880	0	
8.66834	1	4202474	4202474	0	
8.66834	1	4203340	4203340	0	
8.6708	1	4203918	4203918	0	
8.6708	1	4204800	4204800	0	
8.67327	1	4205362	4205362	0	
8.67327	1	4206260	4206260	0	
8.67574	1	4206806	4206806	0	
8.67574	1	4207720	4207720	0	
8.67821	1	4208250	4208250	0	
8.67821	1	4209180	4209180	0	
8.68078	1	4209694	4209694	0	
8.68078	1	4210640	4210640	0	
8.68324	1	4211138	4211138	0	
8.68324	1	4212100	4212100	0	
8.68571	1	4212582	4212582	0	
8.68571	1	4213560	4213560	0	
8.68819	1	4214026	4214026	0	
8.68819	1	4215020	4215020	0	
8.69066	1	4215470	4215470	0	
8.69066	1	4216480	4216480	0	
8.69322	1	4216914	4216914	0	
8.69322	1	4217940	4217940	0	
8.69569	1	4218358	4218358	0	
8.69569	1	4219400	4219400	0	
8.69816	1	4219802	4219802	0	
8.69816	1	4220860	4220860	0	
8.70063	1	4221246	4221246	0	
8.70063	1	4222320	4222320	0	
8.7031	1	4222690	4222690	0	
8.7031	1	4223780	4223780	0	
8.70557	1	4224134	4224134	0	
8.70557	1	4225240	4225240	0	
8.70804	1	4225578	4225578	0	
8.70804	1	4226700	4226700	0	
8.71051	1	4227022	4227022	0	
8.71051	1	4228160	4228160	0	
8.71308	1	4228466	4228466	0	
8.71308	1	4229620	4229620	0	
8.71555	1	4229910	4229910	0	
8.71555	1	4231080	4231080	0	
8.71802	1	4231354	4231354	0	
8.71802	1	4232540	4232540	0	
8.72048	1	4232798	4232798	0	
8.72048	1	4234000	4234000	0	
8.72295	1	4234242	4234242	0	
8.72295	1	4235460	4235460	0	
8.72552	1	4235686	4235686	0	
8.72552	1	4236920	4236920	0	
8.72799	1	4237130	4237130	0	
8.72799	1	4238380	4238380	0	
8.73046	1	4238574	4238574	0	
8.73046	1	4239840	4239840	0	
8.73293	1	4240018	4240018	0	
8.73293	1	4241300	4241300	0	
8.7354	1	4241462	4241462	0	
8.7354	1	4242760	4242760	0	
8.73787	1	4242906	4242906	0	
8.73787	1	4244220	4244220	0	
8.74034	1	4244350	4244350	0	
8.74034	1	4245680	4245680	0	
8.74281	1	4245794	4245794	0	
8.74281	1	4247140	4247140	0	
8.74537	1	4247238	4247238	0	
8.74537	1	4248600	4248600	0	
8.74784	1	4248682	4248682	0	
8.74784	1	4250060	4250060	0	
8.75031	1	4250126	4250126	0	
8.75031	1	4251520	4251520	0	
8.75278	1	4251570	4251570	0	
8.75278	1	4252980	4252980	0	
8.75524	1	4253014	4253014	0	
8.75524	1	4254440	4254440	0	
8.75782	1	4254458	4254458	0	
8.75782	1	4255900	4255900	0	
8.76028	1	4255902	4255902	0	
8.76275	1	4257354	4257354	0	
8.76275	1	4257360	4257360	0	
8.76522	1	4258799	4258799	0	
8.76522	1	4258820	4258820	0	
8.76769	1	4260244	4260244	0	
8.76769	1	4260280	4260280	0	
8.77025	1	4261689	4261689	0	
8.77025	1	4261740	4261740	0	
8.77272	1	4263134	4263134	0	
8.77272	1	4263200	4263200	0	
8.77519	1	4264578	4264578	0	
8.77519	1	4264660	4264660	0	
8.77766	1	4266022	4266022	0	
8.77766	1	4266120	4266120	0	
8.78013	1	4267466	4267466	0	
8.78013	1	4267580	4267580	0	
8.78261	1	4268910	4268910	0	
8.78261	1	4269040	4269040	0	
8.78508	1	4270354	4270354	0	
8.78508	1	4270500	4270500	0	
8.78754	1	4271798	4271798	0	
8.78754	1	4271960	4271960	0	
8.79011	1	4273242	4273242	0	
8.79011	1	4273420	4273420	0	
8.79258	1	4274686	4274686	0	
8.79258	1	4274880	4274880	0	
8.79505	1	4276130	4276130	0	
8.79505	1	4276340	4276340	0	
8.79752	1	4277574	4277574	0	
8.79752	1	4277800	4277800	0	
8.79998	1	4279018	4279018	0	
8.79998	1	4279260	4279260	0	
8.80255	1	4280462	4280462	0	
8.80255	1	4280720	4280720	0	
8.80503	1	4281906	4281906	0	
8.80503	1	4282180	4282180	0	
8.80749	1	4283350	4283350	0	
8.80749	1	4283640	4283640	0	
8.80996	1	4284794	4284794	0	
8.80996	1	4285100	4285100	0	
8.81243	1	4286238	4286238	0	
8.81243	1	4286560	4286560	0	
8.8149	1	4287682	4287682	0	
8.8149	1	4288020	4288020	0	
8.81737	1	4289126	4289126	0	
8.81737	1	4289480	4289480	0	
8.81984	1	4290570	4290570	0	
8.81984	1	4290940	4290940	0	
8.8224	1	4292014	4292014	0	
8.8224	1	4292400	4292400	0	
8.82487	1	4293458	4293458	0	
8.82487	1	4293860	4293860	0	
8.82734	1	4294902	4294902	0	
8.82734	1	4295320	4295320	0	
8.82982	1	4296346	4296346	0	
8.82982	1	4296780	4296780	0	
8.83229	1	4297790	4297790	0	
8.83229	1	4298240	4298240	0	
8.83485	1	4299234	4299234	0	
8.83485	1	4299700	4299700	0	
8.83732	1	4300678	4300678	0	
8.83732	1	4301160	4301160	0	
8.83979	1	4302122	4302122	0	
8.83979	1	4302620	4302620	0	
8.84226	1	4303566	4303566	0	
8.84226	1	4304080	4304080	0	
8.84473	1	4305010	4305010	0	
8.84473	1	4305540	4305540	0	
8.8472	1	4306454	4306454	0	
8.8472	1	4307000	4307000	0	
8.84966	1	4307898	4307898	0	
8.84966	1	4308460	4308460	0	
8.85213	1	4309342	4309342	0	
8.85213	1	4309920	4309920	0	
8.85471	1	4310786	4310786	0	
8.85471	1	4311380	4311380	0	
8.85717	1	4312230	4312230	0	
8.85717	1	4312840	4312840	0	
8.85964	1	4313674	4313674	0	
8.85964	1	4314300	4314300	0	
8.86211	1	4315118	4315118	0	
8.86211	1	4315760	4315760	0	
8.86458	1	4316562	4316562	0	
8.86458	1	4317220	4317220	0	
8.86715	1	4318006	4318006	0	
8.86715	1	4318680	4318680	0	
8.86961	1	4319450	4319450	0	
8.86961	1	4320140	4320140	0	
8.87208	1	4320894	4320894	0	
8.87208	1	4321600	4321600	0	
8.87455	1	4322338	4322338	0	
8.87455	1	4323060	4323060	0	
8.87703	1	4323782	4323782	0	
8.87703	1	4324520	4324520	0	
8.87959	1	4325226	4325226	0	
8.87959	1	4325980	4325980	0	
8.88206	1	4326670	4326670	0	
8.88206	1	4327440	4327440	0	
8.88453	1	4328114	4328114	0	
8.88453	1	4328900	4328900	0	
8.887	1	4329558	4329558	0	
8.887	1	4330360	4330360	0	
8.88947	1	4331002	4331002	0	
8.88947	1	4331820	4331820	0	
8.89194	1	4332446	4332446	0	
8.89194	1	4333280	4333280	0	
8.89441	1	4333890	4333890	0	
8.89441	1	4334740	4334740	0	
8.89688	1	4335334	4335334	0	
8.89688	1	4336200	4336200	0	
8.89945	1	4336778	4336778	0	
8.89945	1	4337660	4337660	0	
8.90192	1	4338222	4338222	0	
8.90192	1	4339120	4339120	0	
8.90439	1	4339666	4339666	0	
8.90439	1	4340580	4340580	0	
8.90685	1	4341110	4341110	0	
8.90685	1	4342040	4342040	0	
8.90932	1	4342554	4342554	0	
8.90932	1	4343500	4343500	0	
8.91189	1	4343998	4343998	0	
8.91189	1	4344960	4344960	0	
8.91436	1	4345442	4345442	0	
8.91436	1	4346420	4346420	0	
8.91683	1	4346886	4346886	0	
8.91683	1	4347880	4347880	0	
8.91929	1	4348330	4348330	0	
8.91929	1	4349340	4349340	0	
8.92176	1	4349774	4349774	0	
8.92176	1	4350800	4350800	0	
8.92424	1	4351218	4351218	0	
8.92424	1	4352260	4352260	0	
8.92671	1	4352662	4352662	0	
8.92671	1	4353720	4353720	0	
8.92918	1	4354106	4354106	0	
8.92918	1	4355180	4355180	0	
8.93174	1	4355550	4355550	0	
8.93174	1	4356640	4356640	0	
8.93421	1	4356994	4356994	0	
8.93421	1	4358100	4358100	0	
8.93668	1	4358438	4358438	0	
8.93668	1	4359560	4359560	0	
8.93915	1	4359882	4359882	0	
8.93915	1	4361020	4361020	0	
8.94162	1	4361326	4361326	0	
8.94162	1	4362480	4362480	0	
8.94418	1	4362770	4362770	0	
8.94418	1	4363940	4363940	0	
8.94666	1	4364214	4364214	0	
8.94666	1	4365400	4365400	0	
8.94913	1	4365658	4365658	0	
8.94913	1	4366860	4366860	0	
8.9516	1	4367102	4367102	0	
8.9516	1	4368320	4368320	0	
8.95407	1	4368546	4368546	0	
8.95407	1	4369780	4369780	0	
8.95653	1	4369990	4369990	0	
8.95653	1	4371240	4371240	0	
8.959	1	4371434	4371434	0	
8.959	1	4372700	4372700	0	
8.96147	1	4372878	4372878	0	
8.96147	1	4374160	4374160	0	
8.96404	1	4374322	4374322	0	
8.96404	1	4375620	4375620	0	
8.96651	1	4375766	4375766	0	
8.96651	1	4377080	4377080	0	
8.96897	1	4377210	4377210	0	
8.96897	1	4378540	4378540	0	
8.97145	1	4378654	4378654	0	
8.97145	1	4380000	4380000	0	
8.97392	1	4380098	4380098	0	
8.97392	1	4381460	4381460	0	
8.97648	1	4381542	4381542	0	
8.97648	1	4382920	4382920	0	
8.97895	1	4382986	4382986	0	
8.97895	1	4384380	4384380	0	
8.98142	1	4384430	4384430	0	
8.98142	1	4385840	4385840	0	
8.98389	1	4385874	4385874	0	
8.98389	1	4387300	4387300	0	
8.98636	1	4387318	4387318	0	
8.98636	1	4388760	4388760	0	
8.98892	1	4388762	4388762	0	
8.99139	1	4390214	4390214	0	
8.99139	1	4390220	4390220	0	
8.99386	1	4391659	4391659	0	
8.99386	1	4391680	4391680	0	
8.99633	1	4393104	4393104	0	
8.99633	1	4393140	4393140	0	
8.9988	1	4394549	4394549	0	
8.9988	1	4394600	4394600	0	
9.00127	1	4395994	4395994	0	
9.00127	1	4396060	4396060	0	
9.00374	1	4397438	4397438	0	
9.00374	1	4397520	4397520	0	
9.00621	1	4398882	4398882	0	
9.00621	1	4398980	4398980	0	
9.00877	1	4400326	4400326	0	
9.00877	1	4400440	4400440	0	
9.01124	1	4401770	4401770	0	
9.01124	1	4401900	4401900	0	
9.01371	1	4403214	4403214	0	
9.01371	1	4403360	4403360	0	
9.01618	1	4404658	4404658	0	
9.01618	1	4404820	4404820	0	
9.01866	1	4406102	4406102	0	
9.01866	1	4406280	4406280	0	
9.02122	1	4407546	4407546	0	
9.02122	1	4407740	4407740	0	
9.02369	1	4408990	4408990	0	
9.02369	1	4409200	4409200	0	
9.02616	1	4410434	4410434	0	
9.02616	1	4410660	4410660	0	
9.02863	1	4411878	4411878	0	
9.02863	1	4412120	4412120	0	
9.0311	1	4413322	4413322	0	
9.0311	1	4413580	4413580	0	
9.03356	1	4414766	4414766	0	
9.03356	1	4415040	4415040	0	
9.03603	1	4416210	4416210	0	
9.03603	1	4416500	4416500	0	
9.0385	1	4417654	4417654	0	
9.0385	1	4417960	4417960	0	
9.04097	1	4419098	4419098	0	
9.04097	1	4419420	4419420	0	
9.04354	1	4420542	4420542	0	
9.04354	1	4420880	4420880	0	
9.04601	1	4421986	4421986	0	
9.04601	1	4422340	4422340	0	
9.04848	1	4423430	4423430	0	
9.04848	1	4423800	4423800	0	
9.05095	1	4424874	4424874	0	
9.05095	1	4425260	4425260	0	
9.05342	1	4426318	4426318	0	
9.05342	1	4426720	4426720	0	
9.05598	1	4427762	4427762	0	
9.05598	1	4428180	4428180	0	
9.05845	1	4429206	4429206	0	
9.05845	1	4429640	4429640	0	
9.06092	1	4430650	4430650	0	
9.06092	1	4431100	4431100	0	
9.06339	1	4432094	4432094	0	
9.06339	1	4432560	4432560	0	
9.06587	1	4433538	4433538	0	
9.06587	1	4434020	4434020	0	
9.06843	1	4434982	4434982	0	
9.06843	1	4435480	4435480	0	
9.0709	1	4436426	4436426	0	
9.0709	1	4436940	4436940	0	
9.07337	1	4437870	4437870	0	
9.07337	1	4438400	4438400	0	
9.07584	1	4439314	4439314	0	
9.07584	1	4439860	4439860	0	
9.07831	1	4440758	4440758	0	
9.07831	1	4441320	4441320	0	
9.08078	1	4442202	4442202	0	
9.08078	1	4442780	4442780	0	
9.08324	1	4443646	4443646	0	
9.08324	1	4444240	4444240	0	
9.08571	1	4445090	4445090	0	
9.08571	1	4445700	4445700	0	
9.08829	1	4446534	4446534	0	
9.08829	1	4447160	4447160	0	
9.09076	1	4447978	4447978	0	
9.09076	1	4448620	4448620	0	
9.09322	1	4449422	4449422	0	
9.09322	1	4450080	4450080	0	
9.09569	1	4450866	4450866	0	
9.09569	1	4451540	4451540	0	
9.09816	1	4452310	4452310	0	
9.09816	1	4453000	4453000	0	
9.10073	1	4453754	4453754	0	
9.10073	1	4454460	4454460	0	
9.1032	1	4455198	4455198	0	
9.1032	1	4455920	4455920	0	
9.10566	1	4456642	4456642	0	
9.10566	1	4457380	4457380	0	
9.10813	1	4458086	4458086	0	
9.10813	1	4458840	4458840	0	
9.1106	1	4459530	4459530	0	
9.1106	1	4460300	4460300	0	
9.11308	1	4460974	4460974	0	
9.11308	1	4461760	4461760	0	
9.11555	1	4462418	4462418	0	
9.11555	1	4463220	4463220	0	
9.11802	1	4463862	4463862	0	
9.11802	1	4464680	4464680	0	
9.12058	1	4465306	4465306	0	
9.12058	1	4466140	4466140	0	
9.12305	1	4466750	4466750	0	
9.12305	1	4467600	4467600	0	
9.12552	1	4468194	4468194	0	
9.12552	1	4469060	4469060	0	
9.12799	1	4469638	4469638	0	
9.12799	1	4470520	4470520	0	
9.13046	1	4471082	4471082	0	
9.13046	1	4471980	4471980	0	
9.13302	1	4472526	4472526	0	
9.13302	1	4473440	4473440	0	
9.1355	1	4473970	4473970	0	
9.1355	1	4474900	4474900	0	
9.13797	1	4475414	4475414	0	
9.13797	1	4476360	4476360	0	
9.14044	1	4476858	4476858	0	
9.14044	1	4477820	4477820	0	
9.1429	1	4478302	4478302	0	
9.1429	1	4479280	4479280	0	
9.14537	1	4479746	4479746	0	
9.14537	1	4480740	4480740	0	
9.14784	1	4481190	4481190	0	
9.14784	1	4482200	4482200	0	
9.15031	1	4482634	4482634	0	
9.15031	1	4483660	4483660	0	
9.15288	1	4484078	4484078	0	
9.15288	1	4485120	4485120	0	
9.15534	1	4485522	4485522	0	
9.15534	1	4486580	4486580	0	
9.15781	1	4486966	4486966	0	
9.15781	1	4488040	4488040	0	
9.16029	1	4488410	4488410	0	
9.16029	1	4489500	4489500	0	
9.16276	1	4489854	4489854	0	
9.16276	1	4490960	4490960	0	
9.16532	1	4491298	4491298	0	
9.16532	1	4492420	4492420	0	
9.16779	1	4492742	4492742	0	
9.16779	1	4493880	4493880	0	
9.17026	1	4494186	4494186	0	
9.17026	1	4495340	4495340	0	
9.17273	1	4495630	4495630	0	
9.17273	1	4496800	4496800	0	
9.1752	1	4497074	4497074	0	
9.1752	1	4498260	4498260	0	
9.17776	1	4498518	4498518	0	
9.17776	1	4499720	4499720	0	
9.18023	1	4499962	4499962	0	
9.18023	1	4501180	4501180	0	
9.18271	1	4501406	4501406	0	
9.18271	1	4502640	4502640	0	
9.18518	1	4502850	4502850	0	
9.18518	1	4504100	4504100	0	
9.18765	1	4504294	4504294	0	
9.18765	1	4505560	4505560	0	
9.19012	1	4505738	4505738	0	
9.19012	1	4507020	4507020	0	
9.19258	1	4507182	4507182	0	
9.19258	1	4508480	4508480	0	
9.19505	1	4508626	4508626	0	
9.19505	1	4509940	4509940	0	
9.19762	1	4510070	4510070	0	
9.19762	1	4511400	4511400	0	
9.20009	1	4511514	4511514	0	
9.20009	1	4512860	4512860	0	
9.20256	1	4512958	4512958	0	
9.20256	1	4514320	4514320	0	
9.20502	1	4514402	4514402	0	
9.20502	1	4515780	4515780	0	
9.2075	1	4515846	4515846	0	
9.2075	1	4517240	4517240	0	
9.21006	1	4517290	4517290	0	
9.21006	1	4518700	4518700	0	
9.21253	1	4518734	4518734	0	
9.21253	1	4520160	4520160	0	
9.215	1	4520178	4520178	0	
9.215	1	4521620	4521620	0	
9.21747	1	4521622	4521622	0	
9.21993	1	4523074	4523074	0	
9.21993	1	4523080	4523080	0	
9.2224	1	4524519	4524519	0	
9.2224	1	4524540	4524540	0	
9.22487	1	4525964	4525964	0	
9.22487	1	4526000	4526000	0	
9.22734	1	4527409	4527409	0	
9.22734	1	4527460	4527460	0	
9.22991	1	4528854	4528854	0	
9.22991	1	4528920	4528920	0	
9.23238	1	4530298	4530298	0	
9.23238	1	4530380	4530380	0	
9.23485	1	4531742	4531742	0	
9.23485	1	4531840	4531840	0	
9.23732	1	4533186	4533186	0	
9.23732	1	4533300	4533300	0	
9.23979	1	4534630	4534630	0	
9.23979	1	4534760	4534760	0	
9.24235	1	4536074	4536074	0	
9.24235	1	4536220	4536220	0	
9.24482	1	4537518	4537518	0	
9.24482	1	4537680	4537680	0	
9.24729	1	4538962	4538962	0	
9.24729	1	4539140	4539140	0	
9.24976	1	4540406	4540406	0	
9.24976	1	4540600	4540600	0	
9.25223	1	4541850	4541850	0	
9.25223	1	4542060	4542060	0	
9.25471	1	4543294	4543294	0	
9.25471	1	4543520	4543520	0	
9.25717	1	4544738	4544738	0	
9.25717	1	4544980	4544980	0	
9.25964	1	4546182	4546182	0	
9.25964	1	4546440	4546440	0	
9.26221	1	4547626	4547626	0	
9.26221	1	4547900	4547900	0	
9.26468	1	4549070	4549070	0	
9.26468	1	4549360	4549360	0	
9.26715	1	4550514	4550514	0	
9.26715	1	4550820	4550820	0	
9.26961	1	4551958	4551958	0	
9.26961	1	4552280	4552280	0	
9.27208	1	4553402	4553402	0	
9.27208	1	4553740	4553740	0	
9.27465	1	4554846	4554846	0	
9.27465	1	4555200	4555200	0	
9.27712	1	4556290	4556290	0	
9.27712	1	4556660	4556660	0	
9.27959	1	4557734	4557734	0	
9.27959	1	4558120	4558120	0	
9.28206	1	4559178	4559178	0	
9.28206	1	4559580	4559580	0	
9.28453	1	4560622	4560622	0	
9.28453	1	4561040	4561040	0	
9.2871	1	4562066	4562066	0	
9.2871	1	4562500	4562500	0	
9.28956	1	4563510	4563510	0	
9.28956	1	4563960	4563960	0	
9.29203	1	4564954	4564954	0	
9.29203	1	4565420	4565420	0	
9.2945	1	4566398	4566398	0	
9.2945	1	4566880	4566880	0	
9.29697	1	4567842	4567842	0	
9.29697	1	4568340	4568340	0	
9.29944	1	4569286	4569286	0	
9.29944	1	4569800	4569800	0	
9.30192	1	4570730	4570730	0	
9.30192	1	4571260	4571260	0	
9.30439	1	4572174	4572174	0	
9.30439	1	4572720	4572720	0	
9.30695	1	4573618	4573618	0	
9.30695	1	4574180	4574180	0	
9.30942	1	4575062	4575062	0	
9.30942	1	4575640	4575640	0	
9.31189	1	4576506	4576506	0	
9.31189	1	4577100	4577100	0	
9.31436	1	4577950	4577950	0	
9.31436	1	4578560	4578560	0	
9.31683	1	4579394	4579394	0	
9.31683	1	4580020	4580020	0	
9.31939	1	4580838	4580838	0	
9.31939	1	4581480	4581480	0	
9.32186	1	4582282	4582282	0	
9.32186	1	4582940	4582940	0	
9.32434	1	4583726	4583726	0	
9.32434	1	4584400	4584400	0	
9.3268	1	4585170	4585170	0	
9.3268	1	4585860	4585860	0	
9.32927	1	4586614	4586614	0	
9.32927	1	4587320	4587320	0	
9.33174	1	4588058	4588058	0	
9.33174	1	4588780	4588780	0	
9.33421	1	4589502	4589502	0	
9.33421	1	4590240	4590240	0	
9.33668	1	4590946	4590946	0	
9.33668	1	4591700	4591700	0	
9.33924	1	4592390	4592390	0	
9.33924	1	4593160	4593160	0	
9.34171	1	4593834	4593834	0	
9.34171	1	4594620	4594620	0	
9.34418	1	4595278	4595278	0	
9.34418	1	4596080	4596080	0	
9.34665	1	4596722	4596722	0	
9.34665	1	4597540	4597540	0	
9.34913	1	4598166	4598166	0	
9.34913	1	4599000	4599000	0	
9.35169	1	4599610	4599610	0	
9.35169	1	4600460	4600460	0	
9.35416	1	4601054	4601054	0	
9.35416	1	4601920	4601920	0	
9.35663	1	4602498	4602498	0	
9.35663	1	4603380	4603380	0	
9.3591	1	4603942	4603942	0	
9.3591	1	4604840	4604840	0	
9.36157	1	4605386	4605386	0	
9.36157	1	4606300	4606300	0	
9.36404	1	4606830	4606830	0	
9.36404	1	4607760	4607760	0	
9.36651	1	4608274	4608274	0	
9.36651	1	4609220	4609220	0	
9.36897	1	4609718	4609718	0	
9.36897	1	4610680	4610680	0	
9.37155	1	4611162	4611162	0	
9.37155	1	4612140	4612140	0	
9.37402	1	4612606	4612606	0	
9.37402	1	4613600	4613600	0	
9.37648	1	4614050	4614050	0	
9.37648	1	4615060	4615060	0	
9.37895	1	4615494	4615494	0	
9.37895	1	4616520	4616520	0	
9.38142	1	4616938	4616938	0	
9.38142	1	4617980	4617980	0	
9.38399	1	4618382	4618382	0	
9.38399	1	4619440	4619440	0	
9.38646	1	4619826	4619826	0	
9.38646	1	4620900	4620900	0	
9.38892	1	4621270	4621270	0	
9.38892	1	4622360	4622360	0	
9.39139	1	4622714	4622714	0	
9.39139	1	4623820	4623820	0	
9.39386	1	4624158	4624158	0	
9.39386	1	4625280	4625280	0	
9.39644	1	4625602	4625602	0	
9.39644	1	4626740	4626740	0	
9.3989	1	4627046	4627046	0	
9.3989	1	4628200	4628200	0	
9.40137	1	4628490	4628490	0	
9.40137	1	4629660	4629660	0	
9.40384	1	4629934	4629934	0	
9.40384	1	4631120	4631120	0	
9.40631	1	4631378	4631378	0	
9.40631	1	4632580	4632580	0	
9.40878	1	4632822	4632822	0	
9.40878	1	4634040	4634040	0	
9.41125	1	4634266	4634266	0	
9.41125	1	4635500	4635500	0	
9.41372	1	4635710	4635710	0	
9.41372	1	4636960	4636960	0	
9.41628	1	4637154	4637154	0	
9.41628	1	4638420	4638420	0	
9.41876	1	4638598	4638598	0	
9.41876	1	4639880	4639880	0	
9.42123	1	4640042	4640042	0	
9.42123	1	4641340	4641340	0	
9.4237	1	4641486	4641486	0	
9.4237	1	4642800	4642800	0	
9.42616	1	4642930	4642930	0	
9.42616	1	4644260	4644260	0	
9.42873	1	4644374	4644374	0	
9.42873	1	4645720	4645720	0	
9.4312	1	4645818	4645818	0	
9.4312	1	4647180	4647180	0	
9.43367	1	4647262	4647262	0	
9.43367	1	4648640	4648640	0	
9.43614	1	4648706	4648706	0	
9.43614	1	4650100	4650100	0	
9.4386	1	4650150	4650150	0	
9.4386	1	4651560	4651560	0	
9.44107	1	4651594	4651594	0	
9.44107	1	4653020	4653020	0	
9.44355	1	4653038	4653038	0	
9.44355	1	4654480	4654480	0	
9.44601	1	4654482	4654482	0	
9.44858	1	4655934	4655934	0	
9.44858	1	4655940	4655940	0	
9.45105	1	4657379	4657379	0	
9.45105	1	4657400	4657400	0	
9.45352	1	4658824	4658824	0	
9.45352	1	4658860	4658860	0	
9.45598	1	4660269	4660269	0	
9.45598	1	4660320	4660320	0	
9.45845	1	4661714	4661714	0	
9.45845	1	4661780	4661780	0	
9.46102	1	4663158	4663158	0	
9.46102	1	4663240	4663240	0	
9.46349	1	4664602	4664602	0	
9.46349	1	4664700	4664700	0	
9.46596	1	4666046	4666046	0	
9.46596	1	4666160	4666160	0	
9.46843	1	4667490	4667490	0	
9.46843	1	4667620	4667620	0	
9.4709	1	4668934	4668934	0	
9.4709	1	4669080	4669080	0	
9.47337	1	4670378	4670378	0	
9.47337	1	4670540	4670540	0	
9.47584	1	4671822	4671822	0	
9.47584	1	4672000	4672000	0	
9.47831	1	4673266	4673266	0	
9.47831	1	4673460	4673460	0	
9.48087	1	4674710	4674710	0	
9.48087	1	4674920	4674920	0	
9.48334	1	4676154	4676154	0	
9.48334	1	4676380	4676380	0	
9.48581	1	4677598	4677598	0	
9.48581	1	4677840	4677840	0	
9.48828	1	4679042	4679042	0	
9.48828	1	4679300	4679300	0	
9.49076	1	4680486	4680486	0	
9.49076	1	4680760	4680760	0	
9.49332	1	4681930	4681930	0	
9.49332	1	4682220	4682220	0	
9.49579	1	4683374	4683374	0	
9.49579	1	4683680	4683680	0	
9.49826	1	4684818	4684818	0	
9.49826	1	4685140	4685140	0	
9.50073	1	4686262	4686262	0	
9.50073	1	4686600	4686600	0	
9.5032	1	4687706	4687706	0	
9.5032	1	4688060	4688060	0	
9.50576	1	4689150	4689150	0	
9.50576	1	4689520	4689520	0	
9.50823	1	4690594	4690594	0	
9.50823	1	4690980	4690980	0	
9.5107	1	4692038	4692038	0	
9.5107	1	4692440	4692440	0	
9.51317	1	4693482	4693482	0	
9.51317	1	4693900	4693900	0	
9.51564	1	4694926	4694926	0	
9.51564	1	4695360	4695360	0	
9.51811	1	4696370	4696370	0	
9.51811	1	4696820	4696820	0	
9.52058	1	4697814	4697814	0	
9.52058	1	4698280	4698280	0	
9.52305	1	4699258	4699258	0	
9.52305	1	4699740	4699740	0	
9.52561	1	4700702	4700702	0	
9.52561	1	4701200	4701200	0	
9.52808	1	4702146	4702146	0	
9.52808	1	4702660	4702660	0	
9.53055	1	4703590	4703590	0	
9.53055	1	4704120	4704120	0	
9.53302	1	4705034	4705034	0	
9.53302	1	4705580	4705580	0	
9.53549	1	4706478	4706478	0	
9.53549	1	4707040	4707040	0	
9.53806	1	4707922	4707922	0	
9.53806	1	4708500	4708500	0	
9.54053	1	4709366	4709366	0	
9.54053	1	4709960	4709960	0	
9.543	1	4710810	4710810	0	
9.543	1	4711420	4711420	0	
9.54547	1	4712254	4712254	0	
9.54547	1	4712880	4712880	0	
9.54794	1	4713698	4713698	0	
9.54794	1	4714340	4714340	0	
9.55041	1	4715142	4715142	0	
9.55041	1	4715800	4715800	0	
9.55288	1	4716586	4716586	0	
9.55288	1	4717260	4717260	0	
9.55534	1	4718030	4718030	0	
9.55534	1	4718720	4718720	0	
9.55781	1	4719474	4719474	0	
9.55781	1	4720180	4720180	0	
9.56039	1	4720918	4720918	0	
9.56039	1	4721640	4721640	0	
9.56285	1	4722362	4722362	0	
9.56285	1	4723100	4723100	0	
9.56532	1	4723806	4723806	0	
9.56532	1	4724560	4724560	0	
9.56779	1	4725250	4725250	0	
9.56779	1	4726020	4726020	0	
9.57026	1	4726694	4726694	0	
9.57026	1	4727480	4727480	0	
9.57283	1	4728138	4728138	0	
9.57283	1	4728940	4728940	0	
9.57529	1	4729582	4729582	0	
9.57529	1	4730400	4730400	0	
9.57776	1	4731026	4731026	0	
9.57776	1	4731860	4731860	0	
9.58023	1	4732470	4732470	0	
9.58023	1	4733320	4733320	0	
9.5827	1	4733914	4733914	0	
9.5827	1	4734780	4734780	0	
9.58527	1	4735358	4735358	0	
9.58527	1	4736240	4736240	0	
9.58774	1	4736802	4736802	0	
9.58774	1	4737700	4737700	0	
9.59021	1	4738246	4738246	0	
9.59021	1	4739160	4739160	0	
9.59268	1	4739690	4739690	0	
9.59268	1	4740620	4740620	0	
9.59515	1	4741134	4741134	0	
9.59515	1	4742080	4742080	0	
9.59762	1	4742578	4742578	0	
9.59762	1	4743540	4743540	0	
9.60009	1	4744022	4744022	0	
9.60009	1	4745000	4745000	0	
9.60256	1	4745466	4745466	0	
9.60256	1	4746460	4746460	0	
9.60512	1	4746910	4746910	0	
9.60512	1	4747920	4747920	0	
9.6076	1	4748354	4748354	0	
9.6076	1	4749380	4749380	0	
9.61007	1	4749798	4749798	0	
9.61007	1	4750840	4750840	0	
9.61253	1	4751242	4751242	0	
9.61253	1	4752300	4752300	0	
9.615	1	4752686	4752686	0	
9.615	1	4753760	4753760	0	
9.61757	1	4754130	4754130	0	
9.61757	1	4755220	4755220	0	
9.62004	1	4755574	4755574	0	
9.62004	1	4756680	4756680	0	
9.62251	1	4757018	4757018	0	
9.62251	1	4758140	4758140	0	
9.62497	1	4758462	4758462	0	
9.62497	1	4759600	4759600	0	
9.62744	1	4759906	4759906	0	
9.62744	1	4761060	4761060	0	
9.62991	1	4761350	4761350	0	
9.62991	1	4762520	4762520	0	
9.63239	1	4762794	4762794	0	
9.63239	1	4763980	4763980	0	
9.63486	1	4764238	4764238	0	
9.63486	1	4765440	4765440	0	
9.63742	1	4765682	4765682	0	
9.63742	1	4766900	4766900	0	
9.63989	1	4767126	4767126	0	
9.63989	1	4768360	4768360	0	
9.64236	1	4768570	4768570	0	
9.64236	1	4769820	4769820	0	
9.64483	1	4770014	4770014	0	
9.64483	1	4771280	4771280	0	
9.6473	1	4771458	4771458	0	
9.6473	1	4772740	4772740	0	
9.64986	1	4772902	4772902	0	
9.64986	1	4774200	4774200	0	
9.65233	1	4774346	4774346	0	
9.65233	1	4775660	4775660	0	
9.65481	1	4775790	4775790	0	
9.65481	1	4777120	4777120	0	
9.65728	1	4777234	4777234	0	
9.65728	1	4778580	4778580	0	
9.65975	1	4778678	4778678	0	
9.65975	1	4780040	4780040	0	
9.66221	1	4780122	4780122	0	
9.66221	1	4781500	4781500	0	
9.66468	1	4781566	4781566	0	
9.66468	1	4782960	4782960	0	
9.66715	1	4783010	4783010	0	
9.66715	1	4784420	4784420	0	
9.66971	1	4784454	4784454	0	
9.66971	1	4785880	4785880	0	
9.67218	1	4785898	4785898	0	
9.67218	1	4787340	4787340	0	
9.67465	1	4787342	4787342	0	
9.67712	1	4788794	4788794	0	
9.67712	1	4788800	4788800	0	
9.67959	1	4790239	4790239	0	
9.67959	1	4790260	4790260	0	
9.68216	1	4791684	4791684	0	
9.68216	1	4791720	4791720	0	
9.68463	1	4793129	4793129	0	
9.68463	1	4793180	4793180	0	
9.6871	1	4794574	4794574	0	
9.6871	1	4794640	4794640	0	
9.68956	1	4796018	4796018	0	
9.68956	1	4796100	4796100	0	
9.69203	1	4797462	4797462	0	
9.69203	1	4797560	4797560	0	
9.6946	1	4798906	4798906	0	
9.6946	1	4799020	4799020	0	
9.69707	1	4800350	4800350	0	
9.69707	1	4800480	4800480	0	
9.69954	1	4801794	4801794	0	
9.69954	1	4801940	4801940	0	
9.70201	1	4803238	4803238	0	
9.70201	1	4803400	4803400	0	
9.70448	1	4804682	4804682	0	
9.70448	1	4804860	4804860	0	
9.70695	1	4806126	4806126	0	
9.70695	1	4806320	4806320	0	
9.70942	1	4807570	4807570	0	
9.70942	1	4807780	4807780	0	
9.71189	1	4809014	4809014	0	
9.71189	1	4809240	4809240	0	
9.71445	1	4810458	4810458	0	
9.71445	1	4810700	4810700	0	
9.71692	1	4811902	4811902	0	
9.71692	1	4812160	4812160	0	
9.71939	1	4813346	4813346	0	
9.71939	1	4813620	4813620	0	
9.72186	1	4814790	4814790	0	
9.72186	1	4815080	4815080	0	
9.72433	1	4816234	4816234	0	
9.72433	1	4816540	4816540	0	
9.7269	1	4817678	4817678	0	
9.7269	1	4818000	4818000	0	
9.72937	1	4819122	4819122	0	
9.72937	1	4819460	4819460	0	
9.73184	1	4820566	4820566	0	
9.73184	1	4820920	4820920	0	
9.73431	1	4822010	4822010	0	
9.73431	1	4822380	4822380	0	
9.73678	1	4823454	4823454	0	
9.73678	1	4823840	4823840	0	
9.73924	1	4824898	4824898	0	
9.73924	1	4825300	4825300	0	
9.74171	1	4826342	4826342	0	
9.74171	1	4826760	4826760	0	
9.74418	1	4827786	4827786	0	
9.74418	1	4828220	4828220	0	
9.74675	1	4829230	4829230	0	
9.74675	1	4829680	4829680	0	
9.74922	1	4830674	4830674	0	
9.74922	1	4831140	4831140	0	
9.75169	1	4832118	4832118	0	
9.75169	1	4832600	4832600	0	
9.75416	1	4833562	4833562	0	
9.75416	1	4834060	4834060	0	
9.75663	1	4835006	4835006	0	
9.75663	1	4835520	4835520	0	
9.7592	1	4836450	4836450	0	
9.7592	1	4836980	4836980	0	
9.76166	1	4837894	4837894	0	
9.76166	1	4838440	4838440	0	
9.76413	1	4839338	4839338	0	
9.76413	1	4839900	4839900	0	
9.7666	1	4840782	4840782	0	
9.7666	1	4841360	4841360	0	
9.76907	1	4842226	4842226	0	
9.76907	1	4842820	4842820	0	
9.77154	1	4843670	4843670	0	
9.77154	1	4844280	4844280	0	
9.77402	1	4845114	4845114	0	
9.77402	1	4845740	4845740	0	
9.77648	1	4846558	4846558	0	
9.77648	1	4847200	4847200	0	
9.77905	1	4848002	4848002	0	
9.77905	1	4848660	4848660	0	
9.78152	1	4849446	4849446	0	
9.78152	1	4850120	4850120	0	
9.78399	1	4850890	4850890	0	
9.78399	1	4851580	4851580	0	
9.78646	1	4852334	4852334	0	
9.78646	1	4853040	4853040	0	
9.78892	1	4853778	4853778	0	
9.78892	1	4854500	4854500	0	
9.79149	1	4855222	4855222	0	
9.79149	1	4855960	4855960	0	
9.79396	1	4856666	4856666	0	
9.79396	1	4857420	4857420	0	
9.79644	1	4858110	4858110	0	
9.79644	1	4858880	4858880	0	
9.7989	1	4859554	4859554	0	
9.7989	1	4860340	4860340	0	
9.80137	1	4860998	4860998	0	
9.80137	1	4861800	4861800	0	
9.80394	1	4862442	4862442	0	
9.80394	1	4863260	4863260	0	
9.80641	1	4863886	4863886	0	
9.80641	1	4864720	4864720	0	
9.80888	1	4865330	4865330	0	
9.80888	1	4866180	4866180	0	
9.81134	1	4866774	4866774	0	
9.81134	1	4867640	4867640	0	
9.81381	1	4868218	4868218	0	
9.81381	1	4869100	4869100	0	
9.81628	1	4869662	4869662	0	
9.81628	1	4870560	4870560	0	
9.81875	1	4871106	4871106	0	
9.81875	1	4872020	4872020	0	
9.82123	1	4872550	4872550	0	
9.82123	1	4873480	4873480	0	
9.82379	1	4873994	4873994	0	
9.82379	1	4874940	4874940	0	
9.82626	1	4875438	4875438	0	
9.82626	1	4876400	4876400	0	
9.82873	1	4876882	4876882	0	
9.82873	1	4877860	4877860	0	
9.8312	1	4878326	4878326	0	
9.8312	1	4879320	4879320	0	
9.83367	1	4879770	4879770	0	
9.83367	1	4880780	4880780	0	
9.83623	1	4881214	4881214	0	
9.83623	1	4882240	4882240	0	
9.8387	1	4882658	4882658	0	
9.8387	1	4883700	4883700	0	
9.84117	1	4884102	4884102	0	
9.84117	1	4885160	4885160	0	
9.84365	1	4885546	4885546	0	
9.84365	1	4886620	4886620	0	
9.84612	1	4886990	4886990	0	
9.84612	1	4888080	4888080	0	
9.84858	1	4888434	4888434	0	
9.84858	1	4889540	4889540	0	
9.85105	1	4889878	4889878	0	
9.85105	1	4891000	4891000	0	
9.85352	1	4891322	4891322	0	
9.85352	1	4892460	4892460	0	
9.85609	1	4892766	4892766	0	
9.85609	1	4893920	4893920	0	
9.85856	1	4894210	4894210	0	
9.85856	1	4895380	4895380	0	
9.86102	1	4895654	4895654	0	
9.86102	1	4896840	4896840	0	
9.86349	1	4897098	4897098	0	
9.86349	1	4898300	4898300	0	
9.86596	1	4898542	4898542	0	
9.86596	1	4899760	4899760	0	
9.86853	1	4899986	4899986	0	
9.86853	1	4901220	4901220	0	
9.871	1	4901430	4901430	0	
9.871	1	4902680	4902680	0	
9.87347	1	4902874	4902874	0	
9.87347	1	4904140	4904140	0	
9.87594	1	4904318	4904318	0	
9.87594	1	4905600	4905600	0	
9.87841	1	4905762	4905762	0	
9.87841	1	4907060	4907060	0	
9.88088	1	4907206	4907206	0	
9.88088	1	4908520	4908520	0	
9.88335	1	4908650	4908650	0	
9.88335	1	4909980	4909980	0	
9.88582	1	4910094	4910094	0	
9.88582	1	4911440	4911440	0	
9.88838	1	4911538	4911538	0	
9.88838	1	4912900	4912900	0	
9.89086	1	4912982	4912982	0	
9.89086	1	4914360	4914360	0	
9.89333	1	4914426	4914426	0	
9.89333	1	4915820	4915820	0	
9.89579	1	4915870	4915870	0	
9.89579	1	4917280	4917280	0	
9.89826	1	4917314	4917314	0	
9.89826	1	4918740	4918740	0	
9.90082	1	4918758	4918758	0	
9.90082	1	4920200	4920200	0	
9.90329	1	4920202	4920202	0	
9.90576	1	4921654	4921654	0	
9.90576	1	4921660	4921660	0	
9.90823	1	4923099	4923099	0	
9.90823	1	4923120	4923120	0	
9.9107	1	4924544	4924544	0	
9.9107	1	4924580	4924580	0	
9.91327	1	4925989	4925989	0	
9.91327	1	4926040	4926040	0	
9.91574	1	4927434	4927434	0	
9.91574	1	4927500	4927500	0	
9.91821	1	4928878	4928878	0	
9.91821	1	4928960	4928960	0	
9.92068	1	4930322	4930322	0	
9.92068	1	4930420	4930420	0	
9.92315	1	4931766	4931766	0	
9.92315	1	4931880	4931880	0	
9.92561	1	4933210	4933210	0	
9.92561	1	4933340	4933340	0	
9.92808	1	4934654	4934654	0	
9.92808	1	4934800	4934800	0	
9.93055	1	4936098	4936098	0	
9.93055	1	4936260	4936260	0	
9.93312	1	4937542	4937542	0	
9.93312	1	4937720	4937720	0	
9.93559	1	4938986	4938986	0	
9.93559	1	4939180	4939180	0	
9.93806	1	4940430	4940430	0	
9.93806	1	4940640	4940640	0	
9.94053	1	4941874	4941874	0	
9.94053	1	4942100	4942100	0	
9.943	1	4943318	4943318	0	
9.943	1	4943560	4943560	0	
9.94556	1	4944762	4944762	0	
9.94556	1	4945020	4945020	0	
9.94803	1	4946206	4946206	0	
9.94803	1	4946480	4946480	0	
9.9505	1	4947650	4947650	0	
9.9505	1	4947940	4947940	0	
9.95297	1	4949094	4949094	0	
9.95297	1	4949400	4949400	0	
9.95544	1	4950538	4950538	0	
9.95544	1	4950860	4950860	0	
9.95791	1	4951982	4951982	0	
9.95791	1	4952320	4952320	0	
9.96038	1	4953426	4953426	0	
9.96038	1	4953780	4953780	0	
9.96285	1	4954870	4954870	0	
9.96285	1	4955240	4955240	0	
9.96542	1	4956314	4956314	0	
9.96542	1	4956700	4956700	0	
9.96789	1	4957758	4957758	0	
9.96789	1	4958160	4958160	0	
9.97036	1	4959202	4959202	0	
9.97036	1	4959620	4959620	0	
9.97283	1	4960646	4960646	0	
9.97283	1	4961080	4961080	0	
9.97529	1	4962090	4962090	0	
9.97529	1	4962540	4962540	0	
9.97786	1	4963534	4963534	0	
9.97786	1	4964000	4964000	0	
9.98033	1	4964978	4964978	0	
9.98033	1	4965460	4965460	0	
9.9828	1	4966422	4966422	0	
9.9828	1	4966920	4966920	0	
9.98527	1	4967866	4967866	0	
9.98527	1	4968380	4968380	0	
9.98774	1	4969310	4969310	0	
9.98774	1	4969840	4969840	0	
9.99031	1	4970754	4970754	0	
9.99031	1	4971300	4971300	0	
9.99278	1	4972198	4972198	0	
9.99278	1	4972760	4972760	0	
9.99524	1	4973642	4973642	0	
9.99524	1	4974220	4974220	0	
9.99771	1	4975086	4975086	0	
9.99771	1	4975680	4975680	0	
10.0002	1	4976530	4976530	0	
10.0002	1	4977140	4977140	0	
10.0027	1	4977974	4977974	0	
10.0027	1	4978600	4978600	0	
10.0051	1	4979418	4979418	0	
10.0051	1	4980060	4980060	0	
10.0076	1	4980862	4980862	0	
10.0076	1	4981520	4981520	0	
10.0102	1	4982306	4982306	0	
10.0102	1	4982980	4982980	0	
10.0126	1	4983750	4983750	0	
10.0126	1	4984440	4984440	0	
10.0151	1	4985194	4985194	0	
10.0151	1	4985900	4985900	0	
10.0176	1	4986638	4986638	0	
10.0176	1	4987360	4987360	0	
10.02	1	4988082	4988082	0	
10.02	1	4988820	4988820	0	
10.0226	1	4989526	4989526	0	
10.0226	1	4990280	4990280	0	
10.0251	1	4990970	4990970	0	
10.0251	1	4991740	4991740	0	
10.0275	1	4992414	4992414	0	
10.0275	1	4993200	4993200	0	
10.03	1	4993858	4993858	0	
10.03	1	4994660	4994660	0	
10.0325	1	4995302	4995302	0	
10.0325	1	4996120	4996120	0	
10.035	1	4996746	4996746	0	
10.035	1	4997580	4997580	0	
10.0374	1	4998190	4998190	0	
10.0374	1	4999040	4999040	0	
10.0399	1	4999634	4999634	0	
10.0399	1	5000500	5000500	0	
10.0425	1	5001078	5001078	0	
10.0425	1	5001960	5001960	0	
10.0449	1	5002522	5002522	0	
10.0449	1	5003420	5003420	0	
10.0474	1	5003966	5003966	0	
10.0474	1	5004880	5004880	0	
10.0499	1	5005410	5005410	0	
10.0499	1	5006340	5006340	0	
10.0523	1	5006854	5006854	0	
10.0523	1	5007800	5007800	0	
10.0549	1	5008298	5008298	0	
10.0549	1	5009260	5009260	0	
10.0574	1	5009742	5009742	0	
10.0574	1	5010720	5010720	0	
10.0598	1	5011186	5011186	0	
10.0598	1	5012180	5012180	0	
10.0623	1	5012630	5012630	0	
10.0623	1	5013640	5013640	0	
10.0648	1	5014074	5014074	0	
10.0648	1	5015100	5015100	0	
10.0672	1	5015518	5015518	0	
10.0672	1	5016560	5016560	0	
10.0697	1	5016962	5016962	0	
10.0697	1	5018020	5018020	0	
10.0722	1	5018406	5018406	0	
10.0722	1	5019480	5019480	0	
10.0748	1	5019850	5019850	0	
10.0748	1	5020940	5020940	0	
10.0772	1	5021294	5021294	0	
10.0772	1	5022400	5022400	0	
10.0797	1	5022738	5022738	0	
10.0797	1	5023860	5023860	0	
10.0822	1	5024182	5024182	0	
10.0822	1	5025320	5025320	0	
10.0846	1	5025626	5025626	0	
10.0846	1	5026780	5026780	0	
10.0872	1	5027070	5027070	0	
10.0872	1	5028240	5028240	0	
10.0897	1	5028514	5028514	0	
10.0897	1	5029700	5029700	0	
10.0921	1	5029958	5029958	0	
10.0921	1	5031160	5031160	0	
10.0946	1	5031402	5031402	0	
10.0946	1	5032620	5032620	0	
10.0971	1	5032846	5032846	0	
10.0971	1	5034080	5034080	0	
10.0995	1	5034290	5034290	0	
10.0995	1	5035540	5035540	0	
10.1021	1	5035734	5035734	0	
10.1021	1	5037000	5037000	0	
10.1046	1	5037178	5037178	0	
10.1046	1	5038460	5038460	0	
10.1071	1	5038622	5038622	0	
10.1071	1	5039920	5039920	0	
10.1095	1	5040066	5040066	0	
10.1095	1	5041380	5041380	0	
10.112	1	5041510	5041510	0	
10.112	1	5042840	5042840	0	
10.1145	1	5042954	5042954	0	
10.1145	1	5044300	5044300	0	
10.1169	1	5044398	5044398	0	
10.1169	1	5045760	5045760	0	
10.1194	1	5045842	5045842	0	
10.1194	1	5047220	5047220	0	
10.122	1	5047286	5047286	0	
10.122	1	5048680	5048680	0	
10.1244	1	5048730	5048730	0	
10.1244	1	5050140	5050140	0	
10.1269	1	5050174	5050174	0	
10.1269	1	5051600	5051600	0	
10.1294	1	5051618	5051618	0	
10.1294	1	5053060	5053060	0	
10.1318	1	5053062	5053062	0	
10.1344	1	5054514	5054514	0	
10.1344	1	5054520	5054520	0	
10.1369	1	5055959	5055959	0	
10.1369	1	5055980	5055980	0	
10.1393	1	5057404	5057404	0	
10.1393	1	5057440	5057440	0	
10.1418	1	5058849	5058849	0	
10.1418	1	5058900	5058900	0	
10.1443	1	5060294	5060294	0	
10.1443	1	5060360	5060360	0	
10.1467	1	5061738	5061738	0	
10.1467	1	5061820	5061820	0	
10.1492	1	5063182	5063182	0	
10.1492	1	5063280	5063280	0	
10.1517	1	5064626	5064626	0	
10.1517	1	5064740	5064740	0	
10.1543	1	5066070	5066070	0	
10.1543	1	5066200	5066200	0	
10.1567	1	5067514	5067514	0	
10.1567	1	5067660	5067660	0	
10.1592	1	5068958	5068958	0	
10.1592	1	5069120	5069120	0	
10.1617	1	5070402	5070402	0	
10.1617	1	5070580	5070580	0	
10.1641	1	5071846	5071846	0	
10.1641	1	5072040	5072040	0	
10.1667	1	5073290	5073290	0	
10.1667	1	5073500	5073500	0	
10.1692	1	5074734	5074734	0	
10.1692	1	5074960	5074960	0	
10.1716	1	5076178	5076178	0	
10.1716	1	5076420	5076420	0	
10.1741	1	5077622	5077622	0	
10.1741	1	5077880	5077880	0	
10.1766	1	5079066	5079066	0	
10.1766	1	5079340	5079340	0	
10.179	1	5080510	5080510	0	
10.179	1	5080800	5080800	0	
10.1815	1	5081954	5081954	0	
10.1815	1	5082260	5082260	0	
10.184	1	5083398	5083398	0	
10.184	1	5083720	5083720	0	
10.1866	1	5084842	5084842	0	
10.1866	1	5085180	5085180	0	
10.189	1	5086286	5086286	0	
10.189	1	5086640	5086640	0	
10.1915	1	5087730	5087730	0	
10.1915	1	5088100	5088100	0	
10.194	1	5089174	5089174	0	
10.194	1	5089560	5089560	0	
10.1964	1	5090618	5090618	0	
10.1964	1	5091020	5091020	0	
10.199	1	5092062	5092062	0	
10.199	1	5092480	5092480	0	
10.2015	1	5093506	5093506	0	
10.2015	1	5093940	5093940	0	
10.2039	1	5094950	5094950	0	
10.2039	1	5095400	5095400	0	
10.2064	1	5096394	5096394	0	
10.2064	1	5096860	5096860	0	
10.2089	1	5097838	5097838	0	
10.2089	1	5098320	5098320	0	
10.2114	1	5099282	5099282	0	
10.2114	1	5099780	5099780	0	
10.2139	1	5100726	5100726	0	
10.2139	1	5101240	5101240	0	
10.2164	1	5102170	5102170	0	
10.2164	1	5102700	5102700	0	
10.2188	1	5103614	5103614	0	
10.2188	1	5104160	5104160	0	
10.2213	1	5105058	5105058	0	
10.2213	1	5105620	5105620	0	
10.2238	1	5106502	5106502	0	
10.2238	1	5107080	5107080	0	
10.2263	1	5107946	5107946	0	
10.2263	1	5108540	5108540	0	
10.2287	1	5109390	5109390	0	
10.2287	1	5110000	5110000	0	
10.2313	1	5110834	5110834	0	
10.2313	1	5111460	5111460	0	
10.2338	1	5112278	5112278	0	
10.2338	1	5112920	5112920	0	
10.2362	1	5113722	5113722	0	
10.2362	1	5114380	5114380	0	
10.2387	1	5115166	5115166	0	
10.2387	1	5115840	5115840	0	
10.2412	1	5116610	5116610	0	
10.2412	1	5117300	5117300	0	
10.2437	1	5118054	5118054	0	
10.2437	1	5118760	5118760	0	
10.2462	1	5119498	5119498	0	
10.2462	1	5120220	5120220	0	
10.2487	1	5120942	5120942	0	
10.2487	1	5121680	5121680	0	
10.2511	1	5122386	5122386	0	
10.2511	1	5123140	5123140	0	
10.2536	1	5123830	5123830	0	
10.2536	1	5124600	5124600	0	
10.2561	1	5125274	5125274	0	
10.2561	1	5126060	5126060	0	
10.2586	1	5126718	5126718	0	
10.2586	1	5127520	5127520	0	
10.261	1	5128162	5128162	0	
10.261	1	5128980	5128980	0	
10.2636	1	5129606	5129606	0	
10.2636	1	5130440	5130440	0	
10.2661	1	5131050	5131050	0	
10.2661	1	5131900	5131900	0	
10.2685	1	5132494	5132494	0	
10.2685	1	5133360	5133360	0	
10.271	1	5133938	5133938	0	
10.271	1	5134820	5134820	0	
10.2735	1	5135382	5135382	0	
10.2735	1	5136280	5136280	0	
10.276	1	5136826	5136826	0	
10.276	1	5137740	5137740	0	
10.2785	1	5138270	5138270	0	
10.2785	1	5139200	5139200	0	
10.281	1	5139714	5139714	0	
10.281	1	5140660	5140660	0	
10.2834	1	5141158	5141158	0	
10.2834	1	5142120	5142120	0	
10.2859	1	5142602	5142602	0	
10.2859	1	5143580	5143580	0	
10.2884	1	5144046	5144046	0	
10.2884	1	5145040	5145040	0	
10.2909	1	5145490	5145490	0	
10.2909	1	5146500	5146500	0	
10.2933	1	5146934	5146934	0	
10.2933	1	5147960	5147960	0	
10.2959	1	5148378	5148378	0	
10.2959	1	5149420	5149420	0	
10.2984	1	5149822	5149822	0	
10.2984	1	5150880	5150880	0	
10.3008	1	5151266	5151266	0	
10.3008	1	5152340	5152340	0	
10.3033	1	5152710	5152710	0	
10.3033	1	5153800	5153800	0	
10.3058	1	5154154	5154154	0	
10.3058	1	5155260	5155260	0	
10.3083	1	5155598	5155598	0	
10.3083	1	5156720	5156720	0	
10.3108	1	5157042	5157042	0	
10.3108	1	5158180	5158180	0	
10.3133	1	5158486	5158486	0	
10.3133	1	5159640	5159640	0	
10.3157	1	5159930	5159930	0	
10.3157	1	5161100	5161100	0	
10.3182	1	5161374	5161374	0	
10.3182	1	5162560	5162560	0	
10.3207	1	5162818	5162818	0	
10.3207	1	5164020	5164020	0	
10.3232	1	5164262	5164262	0	
10.3232	1	5165480	5165480	0	
10.3257	1	5165706	5165706	0	
10.3257	1	5166940	5166940	0	
10.3282	1	5167150	5167150	0	
10.3282	1	5168400	5168400	0	
10.3307	1	5168594	5168594	0	
10.3307	1	5169860	5169860	0	
10.3331	1	5170038	5170038	0	
10.3331	1	5171320	5171320	0	
10.3356	1	5171482	5171482	0	
10.3356	1	5172780	5172780	0	
10.3381	1	5172926	5172926	0	
10.3381	1	5174240	5174240	0	
10.3406	1	5174370	5174370	0	
10.3406	1	5175700	5175700	0	
10.3431	1	5175814	5175814	0	
10.3431	1	5177160	5177160	0	
10.3456	1	5177258	5177258	0	
10.3456	1	5178620	5178620	0	
10.348	1	5178702	5178702	0	
10.348	1	5180080	5180080	0	
10.3505	1	5180146	5180146	0	
10.3505	1	5181540	5181540	0	
10.353	1	5181590	5181590	0	
10.353	1	5183000	5183000	0	
10.3555	1	5183034	5183034	0	
10.3555	1	5184460	5184460	0	
10.358	1	5184478	5184478	0	
10.358	1	5185920	5185920	0	
10.3605	1	5185922	5185922	0	
10.363	1	5187374	5187374	0	
10.363	1	5187380	5187380	0	
10.3654	1	5188819	5188819	0	
10.3654	1	5188840	5188840	0	
10.3679	1	5190264	5190264	0	
10.3679	1	5190300	5190300	0	
10.3704	1	5191709	5191709	0	
10.3704	1	5191760	5191760	0	
10.3729	1	5193154	5193154	0	
10.3729	1	5193220	5193220	0	
10.3754	1	5194598	5194598	0	
10.3754	1	5194680	5194680	0	
10.3779	1	5196042	5196042	0	
10.3779	1	5196140	5196140	0	
10.3803	1	5197486	5197486	0	
10.3803	1	5197600	5197600	0	
10.3828	1	5198930	5198930	0	
10.3828	1	5199060	5199060	0	
10.3853	1	5200374	5200374	0	
10.3853	1	5200520	5200520	0	
10.3878	1	5201818	5201818	0	
10.3878	1	5201980	5201980	0	
10.3903	1	5203262	5203262	0	
10.3903	1	5203440	5203440	0	
10.3928	1	5204706	5204706	0	
10.3928	1	5204900	5204900	0	
10.3952	1	5206150	5206150	0	
10.3952	1	5206360	5206360	0	
10.3977	1	5207594	5207594	0	
10.3977	1	5207820	5207820	0	
10.4002	1	5209038	5209038	0	
10.4002	1	5209280	5209280	0	
10.4027	1	5210482	5210482	0	
10.4027	1	5210740	5210740	0	
10.4052	1	5211926	5211926	0	
10.4052	1	5212200	5212200	0	
10.4077	1	5213370	5213370	0	
10.4077	1	5213660	5213660	0	
10.4102	1	5214814	5214814	0	
10.4102	1	5215120	5215120	0	
10.4126	1	5216258	5216258	0	
10.4126	1	5216580	5216580	0	
10.4151	1	5217702	5217702	0	
10.4151	1	5218040	5218040	0	
10.4177	1	5219146	5219146	0	
10.4177	1	5219500	5219500	0	
10.4201	1	5220590	5220590	0	
10.4201	1	5220960	5220960	0	
10.4226	1	5222034	5222034	0	
10.4226	1	5222420	5222420	0	
10.4251	1	5223478	5223478	0	
10.4251	1	5223880	5223880	0	
10.4275	1	5224922	5224922	0	
10.4275	1	5225340	5225340	0	
10.43	1	5226366	5226366	0	
10.43	1	5226800	5226800	0	
10.4326	1	5227810	5227810	0	
10.4326	1	5228260	5228260	0	
10.435	1	5229254	5229254	0	
10.435	1	5229720	5229720	0	
10.4375	1	5230698	5230698	0	
10.4375	1	5231180	5231180	0	
10.44	1	5232142	5232142	0	
10.44	1	5232640	5232640	0	
10.4425	1	5233586	5233586	0	
10.4425	1	5234100	5234100	0	
10.4449	1	5235030	5235030	0	
10.4449	1	5235560	5235560	0	
10.4474	1	5236474	5236474	0	
10.4474	1	5237020	5237020	0	
10.45	1	5237918	5237918	0	
10.45	1	5238480	5238480	0	
10.4524	1	5239362	5239362	0	
10.4524	1	5239940	5239940	0	
10.4549	1	5240806	5240806	0	
10.4549	1	5241400	5241400	0	
10.456	1	5242250	5242250	0	
10.456	1	5242860	5242860	0	
RESULT_ONE_PATH,4,1,5242880,9.452427366,9.456032406,5242880
DIAG_ONE_PATH,0.159016082,9.005120166,9.039891366
