elapsed_s,rx_app,packet_bytes
0.159827265,1456,1456
0.161928944,1460,4
0.161928944,2905,1445
0.166465475,2920,15
0.166465475,4354,1434
0.176465475,4380,26
0.176465475,5803,1423
0.269154260,5840,37
0.269154260,7252,1412
0.271573543,7300,48
0.271573543,8701,1401
0.273992826,8760,59
0.273992826,10150,1390
0.276412109,10220,70
0.276412109,11598,1378
0.278831392,11680,82
0.278831392,13046,1366
0.281250675,13140,94
0.281250675,14494,1354
0.289155765,14600,106
0.289155765,15942,1342
0.291575448,16060,118
0.291575448,17390,1330
0.380688764,17520,130
0.380688764,18834,1314
0.383118368,18980,146
0.383118368,20278,1298
0.385547972,20440,162
0.385547972,21722,1282
0.387977576,21900,178
0.387977576,23166,1266
0.390407180,23360,194
0.390407180,24610,1250
0.392836784,24820,210
0.392836784,26054,1234
0.395266228,26280,226
0.395266228,27498,1218
0.397692681,27740,242
0.397692681,28942,1202
0.400119134,29200,258
0.400119134,30386,1186
0.402545987,30660,274
0.402545987,31830,1170
0.404979918,32120,290
0.404979918,33274,1154
0.407406371,33580,306
0.407406371,34718,1138
0.409922634,35040,322
0.409922634,36162,1122
0.412349087,36500,338
0.412349087,37606,1106
0.414775540,37960,354
0.414775540,39050,1090
0.417201993,39420,370
0.417201993,40494,1074
0.492107373,40880,386
0.492107373,41938,1058
0.494389475,42340,402
0.494389475,43382,1042
0.496678175,43800,418
0.496678175,44826,1026
0.498959877,45260,434
0.498959877,46270,1010
0.501241579,46720,450
0.501241579,47714,994
0.503523281,48180,466
0.503523281,49158,978
0.505804823,49640,482
0.505804823,50602,962
0.508083565,51100,498
0.508083565,52046,946
0.510362307,52560,514
0.510362307,53490,930
0.512641049,54020,530
0.512641049,54934,914
0.514919791,55480,546
0.514919791,56378,898
0.517198533,56940,562
0.517198533,57822,882
0.519477675,58400,578
0.519477675,59266,866
0.521763416,59860,594
0.521763416,60710,850
0.524042158,61320,610
0.524042158,62154,834
0.526320900,62780,626
0.526320900,63598,818
0.528599642,64240,642
0.528599642,65042,802
0.530878384,65700,658
0.530878384,66486,786
0.533241469,67160,674
0.533241469,67930,770
0.535520211,68620,690
0.535520211,69374,754
0.537798953,70080,706
0.537798953,70818,738
0.540077695,71540,722
0.540077695,72262,722
0.542356837,73000,738
0.542356837,73706,706
0.544642578,74460,754
0.544642578,75150,690
0.546921320,75920,770
0.546921320,76594,674
0.549200062,77380,786
0.549200062,78038,658
0.553410754,78840,802
0.553410754,79482,642
0.555590654,80300,818
0.555590654,80926,626
0.557780669,81760,834
0.557780669,82370,610
0.559892519,83220,850
0.559892519,83814,594
0.562004369,84680,866
0.562004369,85258,578
0.564116219,86140,882
0.564116219,86702,562
0.601067113,87600,898
0.601067113,88146,546
0.603178963,89060,914
0.603178963,89590,530
0.605290813,90520,930
0.605290813,91034,514
0.607402663,91980,946
0.607402663,92478,498
0.609514513,93440,962
0.609514513,93922,482
0.611626363,94900,978
0.611626363,95366,466
0.613816378,96360,994
0.613816378,96810,450
0.615928228,97820,1010
0.615928228,98254,434
0.618040078,99280,1026
0.618040078,99698,418
0.620152328,100740,1042
0.620152328,101142,402
0.622270635,102200,1058
0.622270635,102586,386
0.624382485,103660,1074
0.624382485,104030,370
0.626494335,105120,1090
0.626494335,105474,354
0.628606185,106580,1106
0.628606185,106918,338
0.630718035,108040,1122
0.630718035,108362,322
0.632829885,109500,1138
0.632829885,109806,306
0.634941735,110960,1154
0.634941735,111250,290
0.637053585,112420,1170
0.637053585,112694,274
0.639243600,113880,1186
0.639243600,114138,258
0.641355850,115340,1202
0.641355850,115582,242
0.643474157,116800,1218
0.643474157,117026,226
0.645586007,118260,1234
0.645586007,118470,210
0.647697857,119720,1250
0.647697857,119914,194
0.649809707,121180,1266
0.649809707,121358,178
0.651921557,122640,1282
0.651921557,122802,162
0.654030367,124100,1298
0.654030367,124246,146
0.655106562,125560,1314
0.655106562,125690,130
0.657179717,127020,1330
0.657179717,127134,114
0.659252872,128480,1346
0.659252872,128578,98
0.661326027,129940,1362
0.661326027,130022,82
0.663482646,131400,1378
0.663482646,131466,66
0.665555721,132860,1394
0.665555721,132910,50
0.667627530,134320,1410
0.667627530,134354,34
0.669699339,135780,1426
0.669699339,135798,18
0.671771148,137240,1442
0.671771148,137242,2
0.673843037,138694,1452
0.675916192,138700,6
0.675916192,140139,1439
0.677989347,140160,21
0.677989347,141584,1424
0.680062502,141620,36
0.680062502,143029,1409
0.682135657,143080,51
0.682135657,144474,1394
0.684209212,144540,66
0.684209212,145918,1378
0.686288698,146000,82
0.686288698,147362,1362
0.688361853,147460,98
0.688361853,148806,1346
0.690435008,148920,114
0.690435008,150250,1330
0.692508163,150380,130
0.692508163,151694,1314
0.694581318,151840,146
0.694581318,153138,1298
0.696731206,153300,162
0.696731206,154582,1282
0.698804361,154760,178
0.698804361,156026,1266
0.700877516,156220,194
0.700877516,157470,1250
0.702950671,157680,210
0.702950671,158914,1234
0.705024226,159140,226
0.705024226,160358,1218
0.707103712,160600,242
0.707103712,161802,1202
0.709176867,162060,258
0.709176867,163246,1186
0.711250022,163520,274
0.711250022,164690,1170
0.713323177,164980,290
0.713323177,166134,1154
0.715396332,166440,306
0.715396332,167578,1138
0.717546220,167900,322
0.717546220,169022,1122
0.719619375,169360,338
0.719619375,170466,1106
0.721692530,170820,354
0.721692530,171910,1090
0.723765685,172280,370
0.723765685,173354,1074
0.725839240,173740,386
0.725839240,174798,1058
0.727918726,175200,402
0.727918726,176242,1042
0.729991881,176660,418
0.729991881,177686,1026
0.732065036,178120,434
0.732065036,179130,1010
0.734214924,179580,450
0.734214924,180574,994
0.736288079,181040,466
0.736288079,182018,978
0.738361234,182500,482
0.738361234,183462,962
0.740434389,183960,498
0.740434389,184906,946
0.742507544,185420,514
0.742507544,186350,930
0.744580699,186880,530
0.744580699,187794,914
0.746737318,188340,546
0.746737318,189238,898
0.748810473,189800,562
0.748810473,190682,882
0.750883628,191260,578
0.750883628,192126,866
0.752956783,192720,594
0.752956783,193570,850
0.755420728,194180,610
0.755420728,195014,834
0.757884673,195640,626
0.757884673,196458,818
0.760348618,197100,642
0.760348618,197902,802
0.762812563,198560,658
0.762812563,199346,786
0.765276508,200020,674
0.765276508,200790,770
0.767740453,201480,690
0.767740453,202234,754
0.770204798,202940,706
0.770204798,203678,738
0.772676343,204400,722
0.772676343,205122,722
0.775140288,205860,738
0.775140288,206566,706
0.777604233,207320,754
0.777604233,208010,690
0.780068178,208780,770
0.780068178,209454,674
0.782532123,210240,786
0.782532123,210898,658
0.785087265,211700,802
0.785087265,212342,642
0.787551210,213160,818
0.787551210,213786,626
0.790015155,214620,834
0.790015155,215230,610
0.792479100,216080,850
0.792479100,216674,594
0.794943445,217540,866
0.794943445,218118,578
0.797414990,219000,882
0.797414990,219562,562
0.799878935,220460,898
0.799878935,221006,546
0.802342880,221920,914
0.802342880,222450,530
0.804806825,223380,930
0.804806825,223894,514
0.807270770,224840,946
0.807270770,225338,498
0.809734715,226300,962
0.809734715,226782,482
0.812198660,227760,978
0.812198660,228226,466
0.814753802,229220,994
0.814753802,229670,450
0.817217747,230680,1010
0.817217747,231114,434
0.819682092,232140,1026
0.819682092,232558,418
0.822153637,233600,1042
0.822153637,234002,402
0.824617582,235060,1058
0.824617582,235446,386
0.827081527,236520,1074
0.827081527,236890,370
0.829545472,237980,1090
0.829545472,238334,354
0.832009417,239440,1106
0.832009417,239778,338
0.834473362,240900,1122
0.834473362,241222,322
0.836937307,242360,1138
0.836937307,242666,306
0.839401252,243820,1154
0.839401252,244110,290
0.841865197,245280,1170
0.841865197,245554,274
0.844329142,246740,1186
0.844329142,246998,258
0.846793487,248200,1202
0.846793487,248442,242
0.849265032,249660,1218
0.849265032,249886,226
0.852666118,251120,1234
0.852666118,251330,210
0.855137148,252580,1250
0.855137148,252774,194
0.857459367,254040,1266
0.857459367,254218,178
0.859781586,255500,1282
0.859781586,255662,162
0.862103805,256960,1298
0.862103805,257106,146
0.864426024,258420,1314
0.864426024,258550,130
0.866748243,259880,1330
0.866748243,259994,114
0.869070462,261340,1346
0.869070462,261438,98
0.871393081,262800,1362
0.871393081,262882,82
0.873722440,264260,1378
0.873722440,264326,66
0.876044579,265720,1394
0.876044579,265770,50
0.878451242,267180,1410
0.878451242,267214,34
0.880771953,268640,1426
0.880771953,268658,18
0.883092664,270100,1442
0.883092664,270102,2
0.885413455,271554,1452
0.887735674,271560,6
0.887735674,272999,1439
0.890057893,273020,21
0.890057893,274444,1424
0.892380112,274480,36
0.892380112,275889,1409
0.894702731,275940,51
0.894702731,277334,1394
0.899309029,277400,66
0.899309029,278778,1378
0.903953457,278860,82
0.903953457,280222,1362
0.908151538,280320,98
0.908151538,281666,1346
0.910416456,281780,114
0.910416456,283110,1330
0.912767326,283240,130
0.912767326,284554,1314
0.915032244,284700,146
0.915032244,285998,1298
0.917297162,286160,162
0.917297162,287442,1282
0.919562080,287620,178
0.919562080,288886,1266
0.921826998,289080,194
0.921826998,290330,1250
0.924091916,290540,210
0.924091916,291774,1234
0.926356834,292000,226
0.926356834,293218,1218
0.928621752,293460,242
0.928621752,294662,1202
0.930886670,294920,258
0.930886670,296106,1186
0.933151588,296380,274
0.933151588,297550,1170
0.935416506,297840,290
0.935416506,298994,1154
0.937681424,299300,306
0.937681424,300438,1138
0.939946342,300760,322
0.939946342,301882,1122
0.942211260,302220,338
0.942211260,303326,1106
0.944476178,303680,354
0.944476178,304770,1090
0.946741096,305140,370
0.946741096,306214,1074
0.949006014,306600,386
0.949006014,307658,1058
0.951270932,308060,402
0.951270932,309102,1042
0.953621802,309520,418
0.953621802,310546,1026
0.954791980,310980,434
0.954791980,311990,1010
0.956962158,312440,450
0.956962158,313434,994
0.959132336,313900,466
0.959132336,314878,978
0.961302514,315360,482
0.961302514,316322,962
0.963472692,316820,498
0.963472692,317766,946
0.965642870,318280,514
0.965642870,319210,930
0.967813048,319740,530
0.967813048,320654,914
0.970345884,321200,546
0.970345884,322098,898
0.972516062,322660,562
0.972516062,323542,882
0.974768596,324120,578
0.974768596,324986,866
0.976938774,325580,594
0.976938774,326430,850
0.979108952,327040,610
0.979108952,327874,834
0.981279130,328500,626
0.981279130,329318,818
0.983449308,329960,642
0.983449308,330762,802
0.985619486,331420,658
0.985619486,332206,786
0.987789664,332880,674
0.987789664,333650,770
0.989959842,334340,690
0.989959842,335094,754
0.992130020,335800,706
0.992130020,336538,738
0.994300198,337260,722
0.994300198,337982,722
0.996470376,338720,738
0.996470376,339426,706
0.998640554,340180,754
0.998640554,340870,690
1.000810732,341640,770
1.000810732,342314,674
1.002980910,343100,786
1.002980910,343758,658
1.005151088,344560,802
1.005151088,345202,642
1.007321266,346020,818
1.007321266,346646,626
1.009578135,347480,834
1.009578135,348090,610
1.011748313,348940,850
1.011748313,349534,594
1.013918491,350400,866
1.013918491,350978,578
1.016088669,351860,882
1.016088669,352422,562
1.018258847,353320,898
1.018258847,353866,546
1.020429025,354780,914
1.020429025,355310,530
1.022599203,356240,930
1.022599203,356754,514
1.024769381,357700,946
1.024769381,358198,498
1.026939559,359160,962
1.026939559,359642,482
1.029109737,360620,978
1.029109737,361086,466
1.031279915,362080,994
1.031279915,362530,450
1.033450093,363540,1010
1.033450093,363974,434
1.035706962,365000,1026
1.035706962,365418,418
1.037877140,366460,1042
1.037877140,366862,402
1.040047318,367920,1058
1.040047318,368306,386
1.042217496,369380,1074
1.042217496,369750,370
1.044387674,370840,1090
1.044387674,371194,354
1.046557852,372300,1106
1.046557852,372638,338
1.048728030,373760,1122
1.048728030,374082,322
1.050898208,375220,1138
1.050898208,375526,306
1.053068386,376680,1154
1.053068386,376970,290
1.055293545,378140,1170
1.055293545,378414,274
1.057518704,379600,1186
1.057518704,379858,258
1.059743863,381060,1202
1.059743863,381302,242
1.061969022,382520,1218
1.061969022,382746,226
1.064194181,383980,1234
1.064194181,384190,210
1.066508227,385440,1250
1.066508227,385634,194
1.068733386,386900,1266
1.068733386,387078,178
1.070958545,388360,1282
1.070958545,388522,162
1.073183704,389820,1298
1.073183704,389966,146
1.075408863,391280,1314
1.075408863,391410,130
1.077634022,392740,1330
1.077634022,392854,114
1.079859181,394200,1346
1.079859181,394298,98
1.082084340,395660,1362
1.082084340,395742,82
1.084309499,397120,1378
1.084309499,397186,66
1.086534658,398580,1394
1.086534658,398630,50
1.088759817,400040,1410
1.088759817,400074,34
1.090984976,401500,1426
1.090984976,401518,18
1.093299022,402960,1442
1.093299022,402962,2
1.095524181,404414,1452
1.097749340,404420,6
1.097749340,405859,1439
1.099974499,405880,21
1.099974499,407304,1424
1.730277529,407340,36
1.730277529,531490,124150
1.733649117,532900,1410
1.733649117,532934,34
1.733649117,534360,1426
1.733649117,534378,18
1.733649117,535820,1442
1.733649117,701906,166086
1.859460968,702260,354
1.859460968,726454,24194
1.896199818,727080,626
1.896199818,749558,22478
1.928550743,750440,882
1.928550743,772662,22222
2.102950455,773800,1138
2.102950455,976290,202490
2.116989970,976740,450
2.116989970,992174,15434
2.145229402,992800,626
2.145229402,1003726,10926
2.165311253,1004480,754
2.165311253,1091822,87342
2.167464072,1092080,258
2.167464072,1093266,1186
2.169592205,1093540,274
2.169592205,1094710,1170
2.171720338,1095000,290
2.171720338,1096154,1154
2.173848471,1096460,306
2.173848471,1097598,1138
2.175976604,1097920,322
2.175976604,1099042,1122
2.178104737,1099380,338
2.178104737,1100486,1106
2.180232870,1100840,354
2.180232870,1101930,1090
2.182443756,1102300,370
2.182443756,1103374,1074
2.184571889,1103760,386
2.184571889,1104818,1058
2.186700422,1105220,402
2.186700422,1106262,1042
2.188835052,1106680,418
2.188835052,1107706,1026
2.190963185,1108140,434
2.190963185,1109150,1010
2.193091318,1109600,450
2.193091318,1110594,994
2.195219451,1111060,466
2.195219451,1112038,978
2.197347584,1112520,482
2.197347584,1113482,962
2.199475717,1113980,498
2.199475717,1114926,946
2.201686603,1115440,514
2.201686603,1116370,930
2.203814736,1116900,530
2.203814736,1117814,914
2.206026022,1118360,546
2.206026022,1119258,898
2.208160652,1119820,562
2.208160652,1120702,882
2.210288785,1121280,578
2.210288785,1122146,866
2.212416918,1122740,594
2.212416918,1123590,850
2.214545051,1124200,610
2.214545051,1125034,834
2.216673184,1125660,626
2.216673184,1126478,818
2.218801317,1127120,642
2.218801317,1127922,802
2.220929450,1128580,658
2.220929450,1129366,786
2.223140336,1130040,674
2.223140336,1130810,770
2.225268469,1131500,690
2.225268469,1132254,754
2.227397002,1132960,706
2.227397002,1133698,738
2.229531632,1134420,722
2.229531632,1135142,722
2.231659765,1135880,738
2.231659765,1136586,706
2.233787898,1137340,754
2.233787898,1138030,690
2.235916031,1138800,770
2.235916031,1139474,674
2.238126917,1140260,786
2.238126917,1140918,658
2.240255050,1141720,802
2.240255050,1142362,642
2.242383183,1143180,818
2.242383183,1143806,626
2.244511316,1144640,834
2.244511316,1145250,610
2.246639449,1146100,850
2.246639449,1146694,594
2.248767982,1147560,866
2.248767982,1148138,578
2.250902612,1149020,882
2.250902612,1149582,562
2.253030745,1150480,898
2.253030745,1151026,546
2.255155598,1151940,914
2.255155598,1153914,1974
2.257175006,1154860,946
2.257175006,1155358,498
2.259635237,1156320,962
2.259635237,1156802,482
2.262095468,1157780,978
2.262095468,1158246,466
2.264555699,1159240,994
2.264555699,1159690,450
2.267015930,1160700,1010
2.267015930,1161134,434
2.269579800,1162160,1026
2.269579800,1162578,418
2.272040031,1163620,1042
2.272040031,1164022,402
2.274500262,1165080,1058
2.274500262,1165466,386
2.276960493,1166540,1074
2.276960493,1166910,370
2.279420724,1168000,1090
2.279420724,1168354,354
2.281880955,1169460,1106
2.281880955,1169798,338
2.284341186,1170920,1122
2.284341186,1171242,322
2.286801417,1172380,1138
2.286801417,1172686,306
2.289357314,1173840,1154
2.289357314,1174130,290
2.291817945,1175300,1170
2.291817945,1175574,274
2.294285748,1176760,1186
2.294285748,1177018,258
2.296745979,1178220,1202
2.296745979,1178462,242
2.299206210,1179680,1218
2.299206210,1179906,226
2.301762107,1181140,1234
2.301762107,1181350,210
2.304222338,1182600,1250
2.304222338,1182794,194
2.306682569,1184060,1266
2.306682569,1184238,178
2.309142800,1185520,1282
2.309142800,1185682,162
2.311603031,1186980,1298
2.311603031,1187126,146
2.314063262,1188440,1314
2.314063262,1188570,130
2.316523893,1189900,1330
2.316523893,1190014,114
2.318991696,1191360,1346
2.318991696,1191458,98
2.321451927,1192820,1362
2.321451927,1192902,82
2.324007824,1194280,1378
2.324007824,1194346,66
2.326467975,1195740,1394
2.326467975,1195790,50
2.328926611,1197200,1410
2.328926611,1197234,34
2.331385247,1198660,1426
2.331385247,1198678,18
2.333843883,1200120,1442
2.333843883,1200122,2
2.336398265,1201574,1452
2.338858896,1201580,6
2.338858896,1203019,1439
2.341326699,1203040,21
2.341326699,1204464,1424
2.343786930,1204500,36
2.343786930,1205909,1409
2.346247161,1205960,51
2.346247161,1207354,1394
2.348803058,1207420,66
2.348803058,1208798,1378
2.354200183,1208880,82
2.354200183,1210242,1362
2.356410499,1210340,98
2.356410499,1211686,1346
2.358557709,1211800,114
2.358557709,1213130,1330
2.360704919,1213260,130
2.360704919,1214574,1314
2.362852129,1214720,146
2.362852129,1216018,1298
2.364999739,1216180,162
2.364999739,1217462,1282
2.367153507,1217640,178
2.367153507,1218906,1266
2.369384211,1219100,194
2.369384211,1220350,1250
2.371531421,1220560,210
2.371531421,1221794,1234
2.373678631,1222020,226
2.373678631,1223238,1218
2.375825841,1223480,242
2.375825841,1224682,1202
2.377973051,1224940,258
2.377973051,1226126,1186
2.380120261,1226400,274
2.380120261,1227570,1170
2.382350965,1227860,290
2.382350965,1229014,1154
2.384498575,1229320,306
2.384498575,1230458,1138
2.386652343,1230780,322
2.386652343,1231902,1122
2.388799553,1232240,338
2.388799553,1233346,1106
2.390946763,1233700,354
2.390946763,1234790,1090
2.393093973,1235160,370
2.393093973,1236234,1074
2.395241183,1236620,386
2.395241183,1237678,1058
2.397388393,1238080,402
2.397388393,1239122,1042
2.399619097,1239540,418
2.399619097,1240566,1026
2.401766307,1241000,434
2.401766307,1242010,1010
2.403913517,1242460,450
2.403913517,1243454,994
2.406061127,1243920,466
2.406061127,1244898,978
2.408214895,1245380,482
2.408214895,1246342,962
2.410445599,1246840,498
2.410445599,1247786,946
2.412592809,1248300,514
2.412592809,1249230,930
2.414740019,1249760,530
2.414740019,1250674,914
2.416887229,1251220,546
2.416887229,1252118,898
2.419034439,1252680,562
2.419034439,1253562,882
2.421181649,1254140,578
2.421181649,1255006,866
2.423328859,1255600,594
2.423328859,1256450,850
2.425476069,1257060,610
2.425476069,1257894,834
2.427713731,1258520,626
2.427713731,1259338,818
2.429860941,1259980,642
2.429860941,1260782,802
2.432008151,1261440,658
2.432008151,1262226,786
2.434155361,1262900,674
2.434155361,1263670,770
2.436302571,1264360,690
2.436302571,1265114,754
2.438533275,1265820,706
2.438533275,1266558,738
2.440680485,1267280,722
2.440680485,1268002,722
2.442827695,1268740,738
2.442827695,1269446,706
2.444974905,1270200,754
2.444974905,1270890,690
2.447122515,1271660,770
2.447122515,1272334,674
2.449276283,1273120,786
2.449276283,1273778,658
2.451506987,1274580,802
2.451506987,1275222,642
2.453654197,1276040,818
2.453654197,1276666,626
2.455801407,1277500,834
2.455801407,1278110,610
2.457890838,1278960,850
2.457890838,1279554,594
2.459980269,1280420,866
2.459980269,1280998,578
2.462069700,1281880,882
2.462069700,1282442,562
2.464159131,1283340,898
2.464159131,1283886,546
2.466330210,1284800,914
2.466330210,1285330,530
2.468426012,1286260,930
2.468426012,1286774,514
2.470515443,1287720,946
2.470515443,1288218,498
2.472604874,1289180,962
2.472604874,1289662,482
2.474694305,1290640,978
2.474694305,1291106,466
2.476783736,1292100,994
2.476783736,1292550,450
2.478954415,1293560,1010
2.478954415,1293994,434
2.481043846,1295020,1026
2.481043846,1295438,418
2.483133277,1296480,1042
2.483133277,1296882,402
2.485222708,1297940,1058
2.485222708,1298326,386
2.487312539,1299400,1074
2.487312539,1299770,370
2.489408341,1300860,1090
2.489408341,1301214,354
2.491497772,1302320,1106
2.491497772,1302658,338
2.493587203,1303780,1122
2.493587203,1304102,322
2.495757882,1305240,1138
2.495757882,1305546,306
2.497847313,1306700,1154
2.497847313,1306990,290
2.499936744,1308160,1170
2.499936744,1308434,274
2.502026175,1309620,1186
2.502026175,1309878,258
2.504115606,1311080,1202
2.504115606,1311322,242
2.506286685,1312540,1218
2.506286685,1312766,226
2.508382487,1314000,1234
2.508382487,1314210,210
2.510471918,1315460,1250
2.510471918,1315654,194
2.512561349,1316920,1266
2.512561349,1317098,178
2.514650780,1318380,1282
2.514650780,1318542,162
2.516821459,1319840,1298
2.516821459,1319986,146
2.518910890,1321300,1314
2.518910890,1321430,130
2.521000321,1322760,1330
2.521000321,1322874,114
2.523089752,1324220,1346
2.523089752,1324318,98
2.525179183,1325680,1362
2.525179183,1325762,82
2.527269014,1327140,1378
2.527269014,1327206,66
2.529364736,1328600,1394
2.529364736,1328650,50
2.531452813,1330060,1410
2.531452813,1330094,34
2.533622138,1331520,1426
2.533622138,1331538,18
2.535710215,1332980,1442
2.535710215,1332982,2
2.537798372,1334434,1452
2.539887803,1334440,6
2.539887803,1335879,1439
2.541977234,1335900,21
2.541977234,1337324,1424
2.544147913,1337360,36
2.544147913,1338769,1409
2.546237744,1338820,51
2.546237744,1340214,1394
2.548333546,1340280,66
2.548333546,1341658,1378
2.550422977,1341740,82
2.550422977,1343102,1362
2.552512408,1343200,98
2.552512408,1344546,1346
2.554598559,1344660,114
2.554598559,1347434,2774
2.555085539,1347580,146
2.555085539,1348878,1298
2.557414564,1349040,162
2.557414564,1350322,1282
2.559656414,1350500,178
2.559656414,1351766,1266
2.561898264,1351960,194
2.561898264,1353210,1250
2.564140514,1353420,210
2.564140514,1354654,1234
2.566389229,1354880,226
2.566389229,1356098,1218
2.568718254,1356340,242
2.568718254,1357542,1202
2.570960104,1357800,258
2.570960104,1358986,1186
2.573201954,1359260,274
2.573201954,1360430,1170
2.575443804,1360720,290
2.575443804,1361874,1154
2.577685654,1362180,306
2.577685654,1363318,1138
2.579927504,1363640,322
2.579927504,1364762,1122
2.582169354,1365100,338
2.582169354,1366206,1106
2.584411204,1366560,354
2.584411204,1367650,1090
2.586747493,1368020,370
2.586747493,1369094,1074
2.588989343,1369480,386
2.588989343,1370538,1058
2.591231193,1370940,402
2.591231193,1371982,1042
2.593473043,1372400,418
2.593473043,1373426,1026
2.595714893,1373860,434
2.595714893,1374870,1010
2.598043918,1375320,450
2.598043918,1376314,994
2.600285768,1376780,466
2.600285768,1377758,978
2.602527618,1378240,482
2.602527618,1379202,962
2.604769468,1379700,498
2.604769468,1380646,946
2.607011718,1381160,514
2.607011718,1382090,930
2.609347608,1382620,530
2.609347608,1383534,914
2.611589458,1384080,546
2.611589458,1384978,898
2.613831308,1385540,562
2.613831308,1386422,882
2.616073158,1387000,578
2.616073158,1387866,866
2.618315008,1388460,594
2.618315008,1389310,850
2.620556858,1389920,610
2.620556858,1390754,834
2.622798708,1391380,626
2.622798708,1392198,818
2.625040558,1392840,642
2.625040558,1393642,802
2.627369983,1394300,658
2.627369983,1395086,786
2.629618698,1395760,674
2.629618698,1396530,770
2.631860548,1397220,690
2.631860548,1397974,754
2.634102398,1398680,706
2.634102398,1399418,738
2.636344248,1400140,722
2.636344248,1400862,722
2.638673273,1401600,738
2.638673273,1402306,706
2.640915123,1403060,754
2.640915123,1403750,690
2.643156973,1404520,770
2.643156973,1405194,674
2.645398823,1405980,786
2.645398823,1406638,658
2.647640673,1407440,802
2.647640673,1408082,642
2.649882923,1408900,818
2.649882923,1409526,626
2.652131638,1410360,834
2.652131638,1410970,610
2.654309911,1411820,850
2.654309911,1412414,594
2.656572886,1413280,866
2.656572886,1413858,578
2.658751159,1414740,882
2.658751159,1415302,562
2.660929432,1416200,898
2.660929432,1416746,546
2.663107705,1417660,914
2.663107705,1418190,530
2.665285978,1419120,930
2.665285978,1419634,514
2.667548953,1420580,946
2.667548953,1421078,498
2.669727626,1422040,962
2.669727626,1422522,482
2.671912557,1423500,978
2.671912557,1423966,466
2.674090830,1424960,994
2.674090830,1425410,450
2.676269103,1426420,1010
2.676269103,1426854,434
2.678447376,1427880,1026
2.678447376,1428298,418
2.680625649,1429340,1042
2.680625649,1429742,402
2.682803922,1430800,1058
2.682803922,1431186,386
2.685066897,1432260,1074
2.685066897,1432630,370
2.687245170,1433720,1090
2.687245170,1434074,354
2.689423443,1435180,1106
2.689423443,1435518,338
2.691602116,1436640,1122
2.691602116,1436962,322
2.693787047,1438100,1138
2.693787047,1438406,306
2.696050022,1439560,1154
2.696050022,1439850,290
2.698228295,1441020,1170
2.698228295,1441294,274
2.700406568,1442480,1186
2.700406568,1442738,258
2.702584841,1443940,1202
2.702584841,1444182,242
2.704763114,1445400,1218
2.704763114,1445626,226
2.707026089,1446860,1234
2.707026089,1447070,210
2.709204362,1448320,1250
2.709204362,1448514,194
2.711383035,1449780,1266
2.711383035,1449958,178
2.713567966,1451240,1282
2.713567966,1451402,162
2.715746239,1452700,1298
2.715746239,1452846,146
2.717924512,1454160,1314
2.717924512,1454290,130
2.720102785,1455620,1330
2.720102785,1455734,114
2.722281058,1457080,1346
2.722281058,1457178,98
2.724544033,1458540,1362
2.724544033,1458622,82
2.726722306,1460000,1378
2.726722306,1460066,66
2.728900499,1461460,1394
2.728900499,1461510,50
2.731077360,1462920,1410
2.731077360,1462954,34
2.733254621,1464380,1426
2.733254621,1464398,18
2.735522843,1465840,1442
2.735522843,1465842,2
2.737699784,1467294,1452
2.739878057,1467300,6
2.739878057,1468739,1439
2.742056330,1468760,21
2.742056330,1470184,1424
2.744234603,1470220,36
2.744234603,1471629,1409
2.746412876,1471680,51
2.746412876,1473074,1394
2.748591149,1473140,66
2.748591149,1474518,1378
2.750769422,1474600,82
2.750769422,1475962,1362
2.752908573,1476060,98
2.752908573,1477406,1346
2.754973543,1477520,114
2.754973543,1478850,1330
2.757032241,1478980,130
2.757032241,1480294,1314
2.759090939,1480440,146
2.759090939,1481738,1298
2.761149637,1481900,162
2.761149637,1483182,1282
2.763288388,1483360,178
2.763288388,1484626,1266
2.765347086,1484820,194
2.765347086,1486070,1250
2.767405784,1486280,210
2.767405784,1487514,1234
2.769464482,1487740,226
2.769464482,1488958,1218
2.771523180,1489200,242
2.771523180,1490402,1202
2.773582278,1490660,258
2.773582278,1491846,1186
2.775647248,1492120,274
2.775647248,1493290,1170
2.777705946,1493580,290
2.777705946,1494734,1154
2.779844697,1495040,306
2.779844697,1496178,1138
2.781903395,1496500,322
2.781903395,1497622,1122
2.783962093,1497960,338
2.783962093,1499066,1106
2.786020791,1499420,354
2.786020791,1500510,1090
2.788079489,1500880,370
2.788079489,1501954,1074
2.790218240,1502340,386
2.790218240,1503398,1058
2.792277338,1503800,402
2.792277338,1504842,1042
2.794342308,1505260,418
2.794342308,1506286,1026
2.796401006,1506720,434
2.796401006,1507730,1010
2.798459704,1508180,450
2.798459704,1509174,994
2.800518402,1509640,466
2.800518402,1510618,978
2.802657153,1511100,482
2.802657153,1512062,962
2.804715851,1512560,498
2.804715851,1513506,946
2.806774549,1514020,514
2.806774549,1514950,930
2.808833247,1515480,530
2.808833247,1516394,914
2.810891945,1516940,546
2.810891945,1517838,898
2.812951043,1518400,562
2.812951043,1519282,882
2.815016013,1519860,578
2.815016013,1520726,866
2.817074711,1521320,594
2.817074711,1522170,850
2.819213462,1522780,610
2.819213462,1523614,834
2.821272160,1524240,626
2.821272160,1525058,818
2.823330858,1525700,642
2.823330858,1526502,802
2.825389556,1527160,658
2.825389556,1527946,786
2.827448254,1528620,674
2.827448254,1529390,770
2.829587005,1530080,690
2.829587005,1530834,754
2.831646103,1531540,706
2.831646103,1532278,738
2.833711073,1533000,722
2.833711073,1533722,722
2.835769771,1534460,738
2.835769771,1535166,706
2.837828469,1535920,754
2.837828469,1536610,690
2.839887167,1537380,770
2.839887167,1538054,674
2.841945865,1538840,786
2.841945865,1539498,658
2.844004563,1540300,802
2.844004563,1540942,642
2.846143314,1541760,818
2.846143314,1542386,626
2.848202012,1543220,834
2.848202012,1543830,610
2.850260710,1544680,850
2.850260710,1545274,594
2.852639439,1546140,866
2.852639439,1546718,578
2.855025074,1547600,882
2.855025074,1548162,562
2.857495885,1549060,898
2.857495885,1549606,546
2.859874214,1550520,914
2.859874214,1551050,530
2.862252543,1551980,930
2.862252543,1552494,514
2.864630872,1553440,946
2.864630872,1553938,498
2.867009201,1554900,962
2.867009201,1555382,482
2.869480012,1556360,978
2.869480012,1556826,466
2.871858341,1557820,994
2.871858341,1558270,450
2.874237070,1559280,1010
2.874237070,1559714,434
2.876622705,1560740,1026
2.876622705,1561158,418
2.879001034,1562200,1042
2.879001034,1562602,402
2.881379363,1563660,1058
2.881379363,1564046,386
2.883757692,1565120,1074
2.883757692,1565490,370
2.886136021,1566580,1090
2.886136021,1566934,354
2.888606832,1568040,1106
2.888606832,1568378,338
2.890985161,1569500,1122
2.890985161,1569822,322
2.893363490,1570960,1138
2.893363490,1571266,306
2.895741819,1572420,1154
2.895741819,1572710,290
2.898120548,1573880,1170
2.898120548,1574154,274
2.900598665,1575340,1186
2.900598665,1575598,258
2.902976994,1576800,1202
2.902976994,1577042,242
2.905355323,1578260,1218
2.905355323,1578486,226
2.907733652,1579720,1234
2.907733652,1579930,210
2.910111981,1581180,1250
2.910111981,1581374,194
2.912490310,1582640,1266
2.912490310,1582818,178
2.914868639,1584100,1282
2.914868639,1584262,162
2.917246968,1585560,1298
2.917246968,1585706,146
2.919718179,1587020,1314
2.919718179,1587150,130
2.922103814,1588480,1330
2.922103814,1588594,114
2.924482143,1589940,1346
2.924482143,1590038,98
2.926860472,1591400,1362
2.926860472,1591482,82
2.929238801,1592860,1378
2.929238801,1592926,66
2.931709532,1594320,1394
2.931709532,1594370,50
2.934086319,1595780,1410
2.934086319,1595814,34
2.936463106,1597240,1426
2.936463106,1597258,18
2.938839893,1598700,1442
2.938839893,1598702,2
2.941216760,1600154,1452
2.943595489,1600160,6
2.943595489,1601599,1439
2.945981124,1601620,21
2.945981124,1603044,1424
2.948359453,1603080,36
2.948359453,1604489,1409
2.950830264,1604540,51
2.950830264,1605934,1394
2.953203165,1606000,66
2.953203165,1607378,1378
2.955576066,1607460,82
2.955576066,1608822,1362
2.957948967,1608920,98
2.957948967,1610266,1346
2.960321868,1610380,114
2.960321868,1611710,1330
2.962787039,1611840,130
2.962787039,1613154,1314
2.965160340,1613300,146
2.965160340,1614598,1298
2.967540531,1614760,162
2.967540531,1616042,1282
2.969913432,1616220,178
2.969913432,1617486,1266
2.972286333,1617680,194
2.972286333,1618930,1250
2.974751504,1619140,210
2.974751504,1620374,1234
2.977124405,1620600,226
2.977124405,1621818,1218
2.979497306,1622060,242
2.979497306,1623262,1202
2.981870207,1623520,258
2.981870207,1624706,1186
2.984243108,1624980,274
2.984243108,1626150,1170
2.986616009,1626440,290
2.986616009,1627594,1154
2.988989310,1627900,306
2.988989310,1629038,1138
2.991369501,1629360,322
2.991369501,1630482,1122
2.993834672,1630820,338
2.993834672,1631926,1106
2.996207573,1632280,354
2.996207573,1633370,1090
2.998580474,1633740,370
2.998580474,1634814,1074
3.000953375,1635200,386
3.000953375,1636258,1058
3.003326276,1636660,402
3.003326276,1637702,1042
3.005791447,1638120,418
3.005791447,1639146,1026
3.008164348,1639580,434
3.008164348,1640590,1010
3.010537649,1641040,450
3.010537649,1642034,994
3.012917840,1642500,466
3.012917840,1643478,978
3.015290741,1643960,482
3.015290741,1644922,962
3.017663642,1645420,498
3.017663642,1646366,946
3.020036543,1646880,514
3.020036543,1647810,930
3.022409444,1648340,530
3.022409444,1649254,914
3.024874615,1649800,546
3.024874615,1650698,898
3.027247516,1651260,562
3.027247516,1652142,882
3.029620417,1652720,578
3.029620417,1653586,866
3.031993318,1654180,594
3.031993318,1655030,850
3.034366619,1655640,610
3.034366619,1656474,834
3.036839080,1657100,626
3.036839080,1657918,818
3.039211981,1658560,642
3.039211981,1659362,802
3.041584882,1660020,658
3.041584882,1660806,786
3.043957783,1661480,674
3.043957783,1662250,770
3.046330684,1662940,690
3.046330684,1663694,754
3.048703585,1664400,706
3.048703585,1665138,738
3.051076486,1665860,722
3.051076486,1666582,722
3.053443830,1667320,738
3.053443830,1668026,706
3.055903628,1668780,754
3.055903628,1669470,690
3.058278243,1670240,770
3.058278243,1670914,674
3.060645587,1671700,786
3.060645587,1672358,658
3.063012931,1673160,802
3.063012931,1673802,642
3.065380275,1674620,818
3.065380275,1675246,626
3.067839673,1676080,834
3.067839673,1676690,610
3.070207017,1677540,850
3.070207017,1678134,594
3.072574361,1679000,866
3.072574361,1679578,578
3.074941705,1680460,882
3.074941705,1681022,562
3.077309049,1681920,898
3.077309049,1682466,546
3.079776119,1683380,914
3.079776119,1683910,530
3.082143463,1684840,930
3.082143463,1685354,514
3.084510807,1686300,946
3.084510807,1686798,498
3.086878151,1687760,962
3.086878151,1688242,482
3.089245495,1689220,978
3.089245495,1689686,466
3.091612839,1690680,994
3.091612839,1691130,450
3.093980183,1692140,1010
3.093980183,1692574,434
3.096347527,1693600,1026
3.096347527,1694018,418
3.098806925,1695060,1042
3.098806925,1695462,402
3.101174669,1696520,1058
3.101174669,1696906,386
3.103549284,1697980,1074
3.103549284,1698350,370
3.105916628,1699440,1090
3.105916628,1699794,354
3.108283972,1700900,1106
3.108283972,1701238,338
3.110743370,1702360,1122
3.110743370,1702682,322
3.113110714,1703820,1138
3.113110714,1704126,306
3.115478058,1705280,1154
3.115478058,1705570,290
3.117845402,1706740,1170
3.117845402,1707014,274
3.120212746,1708200,1186
3.120212746,1708458,258
3.122580090,1709660,1202
3.122580090,1709902,242
3.124947834,1711120,1218
3.124947834,1711346,226
3.127322449,1712580,1234
3.127322449,1712790,210
3.129781847,1714040,1250
3.129781847,1714234,194
3.132149191,1715500,1266
3.132149191,1715678,178
3.134516535,1716960,1282
3.134516535,1717122,162
3.136883879,1718420,1298
3.136883879,1718566,146
3.139251223,1719880,1314
3.139251223,1720010,130
3.141710621,1721340,1330
3.141710621,1721454,114
3.144077965,1722800,1346
3.144077965,1722898,98
3.146445709,1724260,1362
3.146445709,1724342,82
3.148820324,1725720,1378
3.148820324,1725786,66
3.151187588,1727180,1394
3.151187588,1727230,50
3.153472501,1728640,1410
3.153472501,1728674,34
3.155757414,1730100,1426
3.155757414,1730118,18
3.158042327,1731560,1442
3.158042327,1731562,2
3.160416227,1733014,1452
3.162702622,1733020,6
3.162702622,1734459,1439
3.164989017,1734480,21
3.164989017,1735904,1424
3.167275412,1735940,36
3.167275412,1737349,1409
3.169562207,1737400,51
3.169562207,1738794,1394
3.171944518,1738860,66
3.171944518,1740238,1378
3.174230913,1740320,82
3.174230913,1741682,1362
3.176517308,1741780,98
3.176517308,1743126,1346
3.178803703,1743240,114
3.178803703,1744570,1330
3.181090098,1744700,130
3.181090098,1746014,1314
3.183465400,1746160,146
3.183465400,1747458,1298
3.185751795,1747620,162
3.185751795,1748902,1282
3.188038190,1749080,178
3.188038190,1750346,1266
3.190324985,1750540,194
3.190324985,1751790,1250
3.192618389,1752000,210
3.192618389,1753234,1234
3.194904784,1753460,226
3.194904784,1754678,1218
3.197191179,1754920,242
3.197191179,1756122,1202
3.199477574,1756380,258
3.199477574,1757566,1186
3.201852876,1757840,274
3.201852876,1759010,1170
3.204139271,1759300,290
3.204139271,1760454,1154
3.206425666,1760760,306
3.206425666,1761898,1138
3.208712061,1762220,322
3.208712061,1763342,1122
3.210998456,1763680,338
3.210998456,1764786,1106
3.213381167,1765140,354
3.213381167,1766230,1090
3.215667562,1766600,370
3.215667562,1767674,1074
3.217953957,1768060,386
3.217953957,1769118,1058
3.220240352,1769520,402
3.220240352,1770562,1042
3.222526747,1770980,418
3.222526747,1772006,1026
3.224813142,1772440,434
3.224813142,1773450,1010
3.227099537,1773900,450
3.227099537,1774894,994
3.229385932,1775360,466
3.229385932,1776338,978
3.231761234,1776820,482
3.231761234,1777782,962
3.234048029,1778280,498
3.234048029,1779226,946
3.236341433,1779740,514
3.236341433,1780670,930
3.238627828,1781200,530
3.238627828,1782114,914
3.240914223,1782660,546
3.240914223,1783558,898
3.243289525,1784120,562
3.243289525,1785002,882
3.245575920,1785580,578
3.245575920,1786446,866
3.247862315,1787040,594
3.247862315,1787890,850
3.253090536,1788500,610
3.253090536,1789334,834
3.255481513,1789960,626
3.255481513,1790778,818
3.257814316,1791420,642
3.257814316,1792222,802
3.260245390,1792880,658
3.260245390,1793666,786
3.262578193,1794340,674
3.262578193,1795110,770
3.264910996,1795800,690
3.264910996,1796554,754
3.267243799,1797260,706
3.267243799,1797998,738
3.269576602,1798720,722
3.269576602,1799442,722
3.271909405,1800180,738
3.271909405,1800886,706
3.274242208,1801640,754
3.274242208,1802330,690
3.276575011,1803100,770
3.276575011,1803774,674
3.278998525,1804560,786
3.278998525,1805218,658
3.281331728,1806020,802
3.281331728,1806662,642
3.283671690,1807480,818
3.283671690,1808106,626
3.286004493,1808940,834
3.286004493,1809550,610
3.288337296,1810400,850
3.288337296,1810994,594
3.290760810,1811860,866
3.290760810,1812438,578
3.293093613,1813320,882
3.293093613,1813882,562
3.295426416,1814780,898
3.295426416,1815326,546
3.297759219,1816240,914
3.297759219,1816770,530
3.300092022,1817700,930
3.300092022,1818214,514
3.302424825,1819160,946
3.302424825,1819658,498
3.304758028,1820620,962
3.304758028,1821102,482
3.307097990,1822080,978
3.307097990,1822546,466
3.309521504,1823540,994
3.309521504,1823990,450
3.311854307,1825000,1010
3.311854307,1825434,434
3.314187110,1826460,1026
3.314187110,1826878,418
3.316519913,1827920,1042
3.316519913,1828322,402
3.318852716,1829380,1058
3.318852716,1829766,386
3.321276230,1830840,1074
3.321276230,1831210,370
3.323609033,1832300,1090
3.323609033,1832654,354
3.325942236,1833760,1106
3.325942236,1834098,338
3.328282198,1835220,1122
3.328282198,1835542,322
3.330615001,1836680,1138
3.330615001,1836986,306
3.332947804,1838140,1154
3.332947804,1838430,290
3.335280607,1839600,1170
3.335280607,1839874,274
3.337613410,1841060,1186
3.337613410,1841318,258
3.340036924,1842520,1202
3.340036924,1842762,242
3.342369727,1843980,1218
3.342369727,1844206,226
3.344702530,1845440,1234
3.344702530,1845650,210
3.347035333,1846900,1250
3.347035333,1847094,194
3.349368536,1848360,1266
3.349368536,1848538,178
3.351799209,1849820,1282
3.351799209,1849982,162
3.354128732,1851280,1298
3.354128732,1852870,1590
3.355956654,1854200,1330
3.355956654,1854314,114
3.358368975,1855660,1346
3.358368975,1855758,98
3.360875099,1857120,1362
3.360875099,1857202,82
3.363287420,1858580,1378
3.363287420,1858646,66
3.365699661,1860040,1394
3.365699661,1860090,50
3.368110818,1861500,1410
3.368110818,1861534,34
3.370528992,1862960,1426
3.370528992,1862978,18
3.372939749,1864420,1442
3.372939749,1864422,2
3.375350586,1865874,1452
3.377762907,1865880,6
3.377762907,1867319,1439
3.380269031,1867340,21
3.380269031,1868764,1424
3.382681352,1868800,36
3.382681352,1870209,1409
3.385093673,1870260,51
3.385093673,1871654,1394
3.387505994,1871720,66
3.387505994,1873098,1378
3.389918315,1873180,82
3.389918315,1874542,1362
3.392432256,1874640,98
3.392432256,1875986,1346
3.394844577,1876100,114
3.394844577,1877430,1330
3.397256898,1877560,130
3.397256898,1878874,1314
3.399669219,1879020,146
3.399669219,1880318,1298
3.402081540,1880480,162
3.402081540,1881762,1282
3.404493861,1881940,178
3.404493861,1883206,1266
3.406906182,1883400,194
3.406906182,1884650,1250
3.409318503,1884860,210
3.409318503,1886094,1234
3.411824627,1886320,226
3.411824627,1887538,1218
3.414237348,1887780,242
3.414237348,1888982,1202
3.416657086,1889240,258
3.416657086,1890426,1186
3.419069407,1890700,274
3.419069407,1891870,1170
3.421481728,1892160,290
3.421481728,1893314,1154
3.423987852,1893620,306
3.423987852,1894758,1138
3.426400173,1895080,322
3.426400173,1896202,1122
3.428812494,1896540,338
3.428812494,1897646,1106
3.431224815,1898000,354
3.431224815,1899090,1090
3.433637136,1899460,370
3.433637136,1900534,1074
3.436049457,1900920,386
3.436049457,1901978,1058
3.438462178,1902380,402
3.438462178,1903422,1042
3.440881916,1903840,418
3.440881916,1904866,1026
3.443388040,1905300,434
3.443388040,1906310,1010
3.445800361,1906760,450
3.445800361,1907754,994
3.448212682,1908220,466
3.448212682,1909198,978
3.454560561,1909680,482
3.454560561,1910642,962
3.456721934,1911140,498
3.456721934,1912086,946
3.458900404,1912600,514
3.458900404,1913530,930
3.460997335,1914060,530
3.460997335,1914974,914
3.463094666,1915520,546
3.463094666,1916418,898
3.465197992,1916980,562
3.465197992,1917862,882
3.467294923,1918440,578
3.467294923,1919306,866
3.469473393,1919900,594
3.469473393,1920750,850
3.471570324,1921360,610
3.471570324,1922194,834
3.473667255,1922820,626
3.473667255,1923638,818
3.475764186,1924280,642
3.475764186,1925082,802
3.477861117,1925740,658
3.477861117,1926526,786
3.479958048,1927200,674
3.479958048,1927970,770
3.482054979,1928660,690
3.482054979,1929414,754
3.484152310,1930120,706
3.484152310,1930858,738
3.486337175,1931580,722
3.486337175,1932302,722
3.488434106,1933040,738
3.488434106,1933746,706
3.490531037,1934500,754
3.490531037,1935190,690
3.492627968,1935960,770
3.492627968,1936634,674
3.494724899,1937420,786
3.494724899,1938078,658
3.496903369,1938880,802
3.496903369,1939522,642
3.499000300,1940340,818
3.499000300,1940966,626
3.501097231,1941800,834
3.501097231,1942410,610
3.503194562,1943260,850
3.503194562,1943854,594
3.505297888,1944720,866
3.505297888,1945298,578
3.507394819,1946180,882
3.507394819,1946742,562
3.509491750,1947640,898
3.509491750,1948186,546
3.511588681,1949100,914
3.511588681,1949630,530
3.513767151,1950560,930
3.513767151,1951074,514
3.515864082,1952020,946
3.515864082,1952518,498
3.517961013,1953480,962
3.517961013,1953962,482
3.520057944,1954940,978
3.520057944,1955406,466
3.522154875,1956400,994
3.522154875,1956850,450
3.524340140,1957860,1010
3.524340140,1958294,434
3.526437071,1959320,1026
3.526437071,1959738,418
3.528534002,1960780,1042
3.528534002,1961182,402
3.530630933,1962240,1058
3.530630933,1962626,386
3.532727864,1963700,1074
3.532727864,1964070,370
3.534824795,1965160,1090
3.534824795,1965514,354
3.536921726,1966620,1106
3.536921726,1966958,338
3.539018657,1968080,1122
3.539018657,1968402,322
3.541197127,1969540,1138
3.541197127,1969846,306
3.543294458,1971000,1154
3.543294458,1971290,290
3.545397784,1972460,1170
3.545397784,1972734,274
3.547494715,1973920,1186
3.547494715,1974178,258
3.549591646,1975380,1202
3.549591646,1975622,242
3.551770116,1976840,1218
3.551770116,1977066,226
3.553867047,1978300,1234
3.553867047,1978510,210
3.555960698,1979760,1250
3.555960698,1979954,194
3.556364597,1981220,1266
3.556364597,1981398,178
3.558765216,1982680,1282
3.558765216,1982842,162
3.561259583,1984140,1298
3.561259583,1984286,146
3.563667581,1985600,1314
3.563667581,1985730,130
3.566068200,1987060,1330
3.566068200,1987174,114
3.568468819,1988520,1346
3.568468819,1988618,98
3.570869438,1989980,1362
3.570869438,1990062,82
3.573270057,1991440,1378
3.573270057,1991506,66
3.575670596,1992900,1394
3.575670596,1992950,50
3.578069659,1994360,1410
3.578069659,1994394,34
3.580562070,1995820,1426
3.580562070,1995838,18
3.582961133,1997280,1442
3.582961133,1997282,2
3.585360676,1998734,1452
3.587768674,1998740,6
3.587768674,2000179,1439
3.590169293,2000200,21
3.590169293,2001624,1424
3.592663260,2001660,36
3.592663260,2003069,1409
3.595063879,2003120,51
3.595063879,2004514,1394
3.597464498,2004580,66
3.597464498,2005958,1378
3.599865117,2006040,82
3.599865117,2007402,1362
3.602265736,2007500,98
3.602265736,2008846,1346
3.604666355,2008960,114
3.604666355,2010290,1330
3.607066974,2010420,130
3.607066974,2011734,1314
3.609467993,2011880,146
3.609467993,2013178,1298
3.611969339,2013340,162
3.611969339,2014622,1282
3.614369958,2014800,178
3.614369958,2016066,1266
3.616770577,2016260,194
3.616770577,2017510,1250
3.619171196,2017720,210
3.619171196,2018954,1234
3.621571815,2019180,226
3.621571815,2020398,1218
3.624065782,2020640,242
3.624065782,2021842,1202
3.626466401,2022100,258
3.626466401,2023286,1186
3.628867020,2023560,274
3.628867020,2024730,1170
3.631268039,2025020,290
3.631268039,2026174,1154
3.633676037,2026480,306
3.633676037,2027618,1138
3.636076656,2027940,322
3.636076656,2029062,1122
3.638477275,2029400,338
3.638477275,2030506,1106
3.640877894,2030860,354
3.640877894,2031950,1090
3.643371861,2032320,370
3.643371861,2033394,1074
3.645772480,2033780,386
3.645772480,2034838,1058
3.648173099,2035240,402
3.648173099,2036282,1042
3.650573718,2036700,418
3.650573718,2037726,1026
3.652971057,2038160,434
3.652971057,2039170,1010
3.653359097,2039620,450
3.653359097,2040614,994
3.655647459,2041080,466
3.655647459,2042058,978
3.657935821,2042540,482
3.657935821,2043502,962
3.660224183,2044000,498
3.660224183,2044946,946
3.662512545,2045460,514
3.662512545,2046390,930
3.664889890,2046920,530
3.664889890,2047834,914
3.667178252,2048380,546
3.667178252,2049278,898
3.669466614,2049840,562
3.669466614,2050722,882
3.671754976,2051300,578
3.671754976,2052166,866
3.674043738,2052760,594
3.674043738,2053610,850
3.676339115,2054220,610
3.676339115,2055054,834
3.678627477,2055680,626
3.678627477,2056498,818
3.680915839,2057140,642
3.680915839,2057942,802
3.683293184,2058600,658
3.683293184,2059386,786
3.685581546,2060060,674
3.685581546,2060830,770
3.687869908,2061520,690
3.687869908,2062274,754
3.690158270,2062980,706
3.690158270,2063718,738
3.692446632,2064440,722
3.692446632,2065162,722
3.694824377,2065900,738
3.694824377,2066606,706
3.697119754,2067360,754
3.697119754,2068050,690
3.699408116,2068820,770
3.699408116,2069494,674
3.701696478,2070280,786
3.701696478,2070938,658
3.703984840,2071740,802
3.703984840,2072382,642
3.706273202,2073200,818
3.706273202,2073826,626
3.708561564,2074660,834
3.708561564,2075270,610
3.710849926,2076120,850
3.710849926,2076714,594
3.713227271,2077580,866
3.713227271,2078158,578
3.715515633,2079040,882
3.715515633,2079602,562
3.717804395,2080500,898
3.717804395,2081046,546
3.720099772,2081960,914
3.720099772,2082490,530
3.722388134,2083420,930
3.722388134,2083934,514
3.724676496,2084880,946
3.724676496,2085378,498
3.727053841,2086340,962
3.727053841,2086822,482
3.729342203,2087800,978
3.729342203,2088266,466
3.731630565,2089260,994
3.731630565,2089710,450
3.733918927,2090720,1010
3.733918927,2091154,434
3.736207289,2092180,1026
3.736207289,2092598,418
3.738585034,2093640,1042
3.738585034,2094042,402
3.740880411,2095100,1058
3.740880411,2095486,386
3.743168773,2096560,1074
3.743168773,2096930,370
3.745457135,2098020,1090
3.745457135,2098374,354
3.747745497,2099480,1106
3.747745497,2099818,338
3.750033859,2100940,1122
3.750033859,2101262,322
3.753257196,2102400,1138
3.753257196,2102706,306
3.755397184,2103860,1154
3.755397184,2104150,290
3.757552832,2105320,1170
3.757552832,2105594,274
3.759627795,2106780,1186
3.759627795,2107038,258
3.761703158,2108240,1202
3.761703158,2108482,242
3.763784444,2109700,1218
3.763784444,2109926,226
3.765859407,2111160,1234
3.765859407,2111370,210
3.768015055,2112620,1250
3.768015055,2112814,194
3.770090018,2114080,1266
3.770090018,2114258,178
3.772164981,2115540,1282
3.772164981,2115702,162
3.774239944,2117000,1298
3.774239944,2117146,146
3.776314907,2118460,1314
3.776314907,2118590,130
3.778389870,2119920,1330
3.778389870,2120034,114
3.780464833,2121380,1346
3.780464833,2121478,98
3.782540196,2122840,1362
3.782540196,2122922,82
3.784702167,2124300,1378
3.784702167,2124366,66
3.786777050,2125760,1394
3.786777050,2125810,50
3.788850668,2127220,1410
3.788850668,2127254,34
3.790924286,2128680,1426
3.790924286,2128698,18
3.792997904,2130140,1442
3.792997904,2130142,2
3.795152287,2131594,1452
3.797227250,2131600,6
3.797227250,2133039,1439
3.799302213,2133060,21
3.799302213,2134484,1424
3.801377576,2134520,36
3.801377576,2135929,1409
3.803458862,2135980,51
3.803458862,2137374,1394
3.805533825,2137440,66
3.805533825,2138818,1378
3.807608788,2138900,82
3.807608788,2140262,1362
3.809683751,2140360,98
3.809683751,2141706,1346
3.811839399,2141820,114
3.811839399,2143150,1330
3.813914362,2143280,130
3.813914362,2144594,1314
3.815989325,2144740,146
3.815989325,2146038,1298
3.818064288,2146200,162
3.818064288,2147482,1282
3.820139251,2147660,178
3.820139251,2148926,1266
3.822301623,2149120,194
3.822301623,2150370,1250
3.824376586,2150580,210
3.824376586,2151814,1234
3.826451549,2152040,226
3.826451549,2153258,1218
3.828526512,2153500,242
3.828526512,2154702,1202
3.830601475,2154960,258
3.830601475,2156146,1186
3.832757123,2156420,274
3.832757123,2157590,1170
3.834832086,2157880,290
3.834832086,2159034,1154
3.836907049,2159340,306
3.836907049,2160478,1138
3.838982012,2160800,322
3.838982012,2161922,1122
3.841057375,2162260,338
3.841057375,2163366,1106
3.843138661,2163720,354
3.843138661,2164810,1090
3.845213624,2165180,370
3.845213624,2166254,1074
3.847288587,2166640,386
3.847288587,2167698,1058
3.849444235,2168100,402
3.849444235,2169142,1042
3.854455336,2169560,418
3.854455336,2170586,1026
3.856637933,2171020,434
3.856637933,2172030,1010
3.858756668,2172480,450
3.858756668,2173474,994
3.860875403,2173940,466
3.860875403,2174918,978
3.863076925,2175400,482
3.863076925,2176362,962
3.865202125,2176860,498
3.865202125,2177806,946
3.867320860,2178320,514
3.867320860,2179250,930
3.869439595,2179780,530
3.869439595,2180694,914
3.871558330,2181240,546
3.871558330,2182138,898
3.873677065,2182700,562
3.873677065,2183582,882
3.875795800,2184160,578
3.875795800,2185026,866
3.877914535,2185620,594
3.877914535,2186470,850
3.880115657,2187080,610
3.880115657,2187914,834
3.882234392,2188540,626
3.882234392,2189358,818
3.884353527,2190000,642
3.884353527,2190802,802
3.886478727,2191460,658
3.886478727,2192246,786
3.888597462,2192920,674
3.888597462,2193690,770
3.890798584,2194380,690
3.890798584,2195134,754
3.892917319,2195840,706
3.892917319,2196578,738
3.895036054,2197300,722
3.895036054,2198022,722
3.897154789,2198760,738
3.897154789,2199466,706
3.899273524,2200220,754
3.899273524,2200910,690
3.901392259,2201680,770
3.901392259,2202354,674
3.903510994,2203140,786
3.903510994,2203798,658
3.905630129,2204600,802
3.905630129,2205242,642
3.907837716,2206060,818
3.907837716,2206686,626
3.909956451,2207520,834
3.909956451,2208130,610
3.912075186,2208980,850
3.912075186,2209574,594
3.914193921,2210440,866
3.914193921,2211018,578
3.916312656,2211900,882
3.916312656,2212462,562
3.918513778,2213360,898
3.918513778,2213906,546
3.920632513,2214820,914
3.920632513,2215350,530
3.922751248,2216280,930
3.922751248,2216794,514
3.924870383,2217740,946
3.924870383,2218238,498
3.926995583,2219200,962
3.926995583,2219682,482
3.929196705,2220660,978
3.929196705,2221126,466
3.931315440,2222120,994
3.931315440,2222570,450
3.933434175,2223580,1010
3.933434175,2224014,434
3.935552910,2225040,1026
3.935552910,2225458,418
3.937671645,2226500,1042
3.937671645,2226902,402
3.939790380,2227960,1058
3.939790380,2228346,386
3.941909115,2229420,1074
3.941909115,2229790,370
3.944027850,2230880,1090
3.944027850,2231234,354
3.946235838,2232340,1106
3.946235838,2232678,338
3.948354573,2233800,1122
3.948354573,2234122,322
3.950473308,2235260,1138
3.950473308,2235566,306
3.952592043,2236720,1154
3.952592043,2237010,290
3.954710778,2238180,1170
3.954710778,2238454,274
3.957052093,2239640,1186
3.957052093,2239898,258
3.959305773,2241100,1202
3.959305773,2241342,242
3.961559453,2242560,1218
3.961559453,2242786,226
3.963813133,2244020,1234
3.963813133,2244230,210
3.966067213,2245480,1250
3.966067213,2245674,194
3.968327796,2246940,1266
3.968327796,2247118,178
3.970581476,2248400,1282
3.970581476,2248562,162
3.972835156,2249860,1298
3.972835156,2250006,146
3.975176471,2251320,1314
3.975176471,2251450,130
3.977430151,2252780,1330
3.977430151,2252894,114
3.979683831,2254240,1346
3.979683831,2254338,98
3.981937511,2255700,1362
3.981937511,2255782,82
3.984191191,2257160,1378
3.984191191,2257226,66
3.986532826,2258620,1394
3.986532826,2258670,50
3.988791949,2260080,1410
3.988791949,2260114,34
3.991044169,2261540,1426
3.991044169,2261558,18
3.993296389,2263000,1442
3.993296389,2263002,2
3.995548689,2264454,1452
3.997802369,2264460,6
3.997802369,2265899,1439
4.000056049,2265920,21
4.000056049,2267344,1424
4.002309729,2267380,36
4.002309729,2268789,1409
4.004651044,2268840,51
4.004651044,2270234,1394
4.006904724,2270300,66
4.006904724,2271678,1378
4.009158804,2271760,82
4.009158804,2273122,1362
4.011419387,2273220,98
4.011419387,2274566,1346
4.013673067,2274680,114
4.013673067,2276010,1330
4.016014382,2276140,130
4.016014382,2277454,1314
4.018268062,2277600,146
4.018268062,2278898,1298
4.020521742,2279060,162
4.020521742,2280342,1282
4.022775422,2280520,178
4.022775422,2281786,1266
4.025029102,2281980,194
4.025029102,2283230,1250
4.027370417,2283440,210
4.027370417,2284674,1234
4.029624497,2284900,226
4.029624497,2286118,1218
4.031885080,2286360,242
4.031885080,2287562,1202
4.034138760,2287820,258
4.034138760,2289006,1186
4.036392440,2289280,274
4.036392440,2290450,1170
4.038646120,2290740,290
4.038646120,2291894,1154
4.040899800,2292200,306
4.040899800,2293338,1138
4.043153480,2293660,322
4.043153480,2294782,1122
4.045494795,2295120,338
4.045494795,2296226,1106
4.047748475,2296580,354
4.047748475,2297670,1090
4.050002155,2298040,370
4.050002155,2299114,1074
4.052256235,2299500,386
4.052256235,2300558,1058
4.054513538,2300960,402
4.054513538,2302002,1042
4.055796532,2302420,418
4.055796532,2303446,1026
4.057990917,2303880,434
4.057990917,2304890,1010
4.060185302,2305340,450
4.060185302,2306334,994
4.062379687,2306800,466
4.062379687,2307778,978
4.064574072,2308260,482
4.064574072,2309222,962
4.066768457,2309720,498
4.066768457,2310666,946
4.068962842,2311180,514
4.068962842,2312110,930
4.071157227,2312640,530
4.071157227,2313554,914
4.073444052,2314100,546
4.073444052,2314998,898
4.075638437,2315560,562
4.075638437,2316442,882
4.077832822,2317020,578
4.077832822,2317886,866
4.080027207,2318480,594
4.080027207,2319330,850
4.082221592,2319940,610
4.082221592,2320774,834
4.084501306,2321400,626
4.084501306,2322218,818
4.086695691,2322860,642
4.086695691,2323662,802
4.088890076,2324320,658
4.088890076,2325106,786
4.091084461,2325780,674
4.091084461,2326550,770
4.093279246,2327240,690
4.093279246,2327994,754
4.095565671,2328700,706
4.095565671,2329438,738
4.097760056,2330160,722
4.097760056,2330882,722
4.099954441,2331620,738
4.099954441,2332326,706
4.102148826,2333080,754
4.102148826,2333770,690
4.104343211,2334540,770
4.104343211,2335214,674
4.106537596,2336000,786
4.106537596,2336658,658
4.108731981,2337460,802
4.108731981,2338102,642
4.110926366,2338920,818
4.110926366,2339546,626
4.113206480,2340380,834
4.113206480,2340990,610
4.115407576,2341840,850
4.115407576,2342434,594
4.117601961,2343300,866
4.117601961,2343878,578
4.119796346,2344760,882
4.119796346,2345322,562
4.121990731,2346220,898
4.121990731,2346766,546
4.124270445,2347680,914
4.124270445,2348210,530
4.126464830,2349140,930
4.126464830,2349654,514
4.128659215,2350600,946
4.128659215,2351098,498
4.130853600,2352060,962
4.130853600,2352542,482
4.133047985,2353520,978
4.133047985,2353986,466
4.135242770,2354980,994
4.135242770,2355430,450
4.137443866,2356440,1010
4.137443866,2356874,434
4.139638251,2357900,1026
4.139638251,2358318,418
4.141917965,2359360,1042
4.141917965,2359762,402
4.144112350,2360820,1058
4.144112350,2361206,386
4.146306735,2362280,1074
4.146306735,2362650,370
4.148501120,2363740,1090
4.148501120,2364094,354
4.150695505,2365200,1106
4.150695505,2365538,338
4.152975219,2366660,1122
4.152975219,2366982,322
4.155166324,2368120,1138
4.155166324,2368426,306
4.155564905,2369580,1154
4.155564905,2369870,290
4.157952469,2371040,1170
4.157952469,2371314,274
4.160340033,2372500,1186
4.160340033,2372758,258
4.162727597,2373960,1202
4.162727597,2374202,242
4.165115161,2375420,1218
4.165115161,2375646,226
4.167502725,2376880,1234
4.167502725,2377090,210
4.169890289,2378340,1250
4.169890289,2378534,194
4.172370694,2379800,1266
4.172370694,2379978,178
4.174758258,2381260,1282
4.174758258,2381422,162
4.177146222,2382720,1298
4.177146222,2382866,146
4.179541123,2384180,1314
4.179541123,2384310,130
4.181928687,2385640,1330
4.181928687,2385754,114
4.184409092,2387100,1346
4.184409092,2387198,98
4.186796656,2388560,1362
4.186796656,2388642,82
4.189184220,2390020,1378
4.189184220,2390086,66
4.191571704,2391480,1394
4.191571704,2391530,50
4.193957721,2392940,1410
4.193957721,2392974,34
4.196436579,2394400,1426
4.196436579,2394418,18
4.198822996,2395860,1442
4.198822996,2395862,2
4.201216429,2397314,1452
4.203603993,2397320,6
4.203603993,2398759,1439
4.205991557,2398780,21
4.205991557,2400204,1424
4.208379121,2400240,36
4.208379121,2401649,1409
4.210766685,2401700,51
4.210766685,2403094,1394
4.213154249,2403160,66
4.213154249,2404538,1378
4.215634654,2404620,82
4.215634654,2405982,1362
4.218022218,2406080,98
4.218022218,2407426,1346
4.220409782,2407540,114
4.220409782,2408870,1330
4.222797746,2409000,130
4.222797746,2410314,1314
4.225192647,2410460,146
4.225192647,2411758,1298
4.227673052,2411920,162
4.227673052,2413202,1282
4.230060616,2413380,178
4.230060616,2414646,1266
4.232448180,2414840,194
4.232448180,2416090,1250
4.234835744,2416300,210
4.234835744,2417534,1234
4.237223308,2417760,226
4.237223308,2418978,1218
4.239610872,2419220,242
4.239610872,2420422,1202
4.241998436,2420680,258
4.241998436,2421866,1186
4.244386000,2422140,274
4.244386000,2423310,1170
4.246874141,2423600,290
4.246874141,2424754,1154
4.249261705,2425060,306
4.249261705,2426198,1138
4.254589828,2426520,322
4.254589828,2427642,1122
4.256934391,2427980,338
4.256934391,2429086,1106
4.259219513,2429440,354
4.259219513,2430530,1090
4.261593492,2430900,370
4.261593492,2431974,1074
4.263878614,2432360,386
4.263878614,2433418,1058
4.266163736,2433820,402
4.266163736,2434862,1042
4.268448858,2435280,418
4.268448858,2436306,1026
4.270734380,2436740,434
4.270734380,2437750,1010
4.273026507,2438200,450
4.273026507,2439194,994
4.275311629,2439660,466
4.275311629,2440638,978
4.277596751,2441120,482
4.277596751,2442082,962
4.279970730,2442580,498
4.279970730,2443526,946
4.282255852,2444040,514
4.282255852,2444970,930
4.284540974,2445500,530
4.284540974,2446414,914
4.286826096,2446960,546
4.286826096,2447858,898
4.289111218,2448420,562
4.289111218,2449302,882
4.291485597,2449880,578
4.291485597,2450746,866
4.293777724,2451340,594
4.293777724,2452190,850
4.296062846,2452800,610
4.296062846,2453634,834
4.298347968,2454260,626
4.298347968,2455078,818
4.300633090,2455720,642
4.300633090,2456522,802
4.303007069,2457180,658
4.303007069,2457966,786
4.305292191,2458640,674
4.305292191,2459410,770
4.307577313,2460100,690
4.307577313,2460854,754
4.309862435,2461560,706
4.309862435,2462298,738
4.312147557,2463020,722
4.312147557,2463742,722
4.314433079,2464480,738
4.314433079,2465186,706
4.316725206,2465940,754
4.316725206,2466630,690
4.319010328,2467400,770
4.319010328,2468074,674
4.321384307,2468860,786
4.321384307,2469518,658
4.323669429,2470320,802
4.323669429,2470962,642
4.325954551,2471780,818
4.325954551,2472406,626
4.328239673,2473240,834
4.328239673,2473850,610
4.330524795,2474700,850
4.330524795,2475294,594
4.332898774,2476160,866
4.332898774,2476738,578
4.335184296,2477620,882
4.335184296,2478182,562
4.337476423,2479080,898
4.337476423,2479626,546
4.339761545,2480540,914
4.339761545,2481070,530
4.342046667,2482000,930
4.342046667,2482514,514
4.344331789,2483460,946
4.344331789,2483958,498
4.346616911,2484920,962
4.346616911,2485402,482
4.348902033,2486380,978
4.348902033,2486846,466
4.351187155,2487840,994
4.351187155,2488290,450
4.353561134,2489300,1010
4.353561134,2489734,434
4.355842976,2490760,1026
4.355842976,2492622,1862
4.356708775,2493680,1058
4.356708775,2494066,386
4.359136102,2495140,1074
4.359136102,2495510,370
4.361657816,2496600,1090
4.361657816,2496954,354
4.364085143,2498060,1106
4.364085143,2498398,338
4.366512470,2499520,1122
4.366512470,2499842,322
4.368939797,2500980,1138
4.368939797,2501286,306
4.371367124,2502440,1154
4.371367124,2502730,290
4.373794451,2503900,1170
4.373794451,2504174,274
4.376221778,2505360,1186
4.376221778,2505618,258
4.378751357,2506820,1202
4.378751357,2507062,242
4.381178684,2508280,1218
4.381178684,2508506,226
4.383606011,2509740,1234
4.383606011,2509950,210
4.386033338,2511200,1250
4.386033338,2511394,194
4.388460665,2512660,1266
4.388460665,2512838,178
4.390887992,2514120,1282
4.390887992,2514282,162
4.393409706,2515580,1298
4.393409706,2515726,146
4.395837033,2517040,1314
4.395837033,2517170,130
4.398264360,2518500,1330
4.398264360,2518614,114
4.400692087,2519960,1346
4.400692087,2520058,98
4.403126879,2521420,1362
4.403126879,2521502,82
4.405648593,2522880,1378
4.405648593,2522946,66
4.408075840,2524340,1394
4.408075840,2524390,50
4.410501593,2525800,1410
4.410501593,2525834,34
4.412927346,2527260,1426
4.412927346,2527278,18
4.415353099,2528720,1442
4.415353099,2528722,2
4.417778932,2530174,1452
4.420206259,2530180,6
4.420206259,2531619,1439
4.422633586,2531640,21
4.422633586,2533064,1424
4.425163165,2533100,36
4.425163165,2534509,1409
4.427590492,2534560,51
4.427590492,2535954,1394
4.430017819,2536020,66
4.430017819,2537398,1378
4.432445146,2537480,82
4.432445146,2538842,1362
4.434872473,2538940,98
4.434872473,2540286,1346
4.437394187,2540400,114
4.437394187,2541730,1330
4.439821514,2541860,130
4.439821514,2543174,1314
4.442248841,2543320,146
4.442248841,2544618,1298
4.444676168,2544780,162
4.444676168,2546062,1282
4.447103895,2546240,178
4.447103895,2547506,1266
4.449538687,2547700,194
4.449538687,2548950,1250
4.451966014,2549160,210
4.451966014,2550394,1234
4.454282589,2550620,226
4.454282589,2551838,1218
4.456689244,2552080,242
4.456689244,2553282,1202
4.459005819,2553540,258
4.459005819,2554726,1186
4.461322394,2555000,274
4.461322394,2556170,1170
4.463638969,2556460,290
4.463638969,2557614,1154
4.465955544,2557920,306
4.465955544,2559058,1138
4.468362599,2559380,322
4.468362599,2560502,1122
4.470686280,2560840,338
4.470686280,2561946,1106
4.473002855,2562300,354
4.473002855,2563390,1090
4.475319430,2563760,370
4.475319430,2564834,1074
4.477636005,2565220,386
4.477636005,2566278,1058
4.479952580,2566680,402
4.479952580,2567722,1042
4.482269155,2568140,418
4.482269155,2569166,1026
4.484675810,2569600,434
4.484675810,2570610,1010
4.486992385,2571060,450
4.486992385,2572054,994
4.489308960,2572520,466
4.489308960,2573498,978
4.491625935,2573980,482
4.491625935,2574942,962
4.493949616,2575440,498
4.493949616,2576386,946
4.496266191,2576900,514
4.496266191,2577830,930
4.498672846,2578360,530
4.498672846,2579274,914
4.500989421,2579820,546
4.500989421,2580718,898
4.503305996,2581280,562
4.503305996,2582162,882
4.505622571,2582740,578
4.505622571,2583606,866
4.507939146,2584200,594
4.507939146,2585050,850
4.510345801,2585660,610
4.510345801,2586494,834
4.512662776,2587120,626
4.512662776,2587938,818
4.514986457,2588580,642
4.514986457,2589382,802
4.517303032,2590040,658
4.517303032,2590826,786
4.519619607,2591500,674
4.519619607,2592270,770
4.521936182,2592960,690
4.521936182,2593714,754
4.524252757,2594420,706
4.524252757,2595158,738
4.526569332,2595880,722
4.526569332,2596602,722
4.528975987,2597340,738
4.528975987,2598046,706
4.531292562,2598800,754
4.531292562,2599490,690
4.533609137,2600260,770
4.533609137,2600934,674
4.535926112,2601720,786
4.535926112,2602378,658
4.538249793,2603180,802
4.538249793,2603822,642
4.540656448,2604640,818
4.540656448,2605266,626
4.542973023,2606100,834
4.542973023,2606710,610
4.545289598,2607560,850
4.545289598,2608154,594
4.547606173,2609020,866
4.547606173,2609598,578
4.549922748,2610480,882
4.549922748,2611042,562
4.556175873,2611940,898
4.556175873,2612486,546
4.558373577,2613400,914
4.558373577,2613930,530
4.560507831,2614860,930
4.560507831,2615374,514
4.562731992,2616320,946
4.562731992,2616818,498
4.564866246,2617780,962
4.564866246,2618262,482
4.567000500,2619240,978
4.567000500,2619706,466
4.569134754,2620700,994
4.569134754,2621150,450
4.571269008,2622160,1010
4.571269008,2622594,434
4.573486253,2623620,1026
4.573486253,2624038,418
4.575620507,2625080,1042
4.575620507,2625482,402
4.577754761,2626540,1058
4.577754761,2626926,386
4.579889015,2628000,1074
4.579889015,2628370,370
4.582023669,2629460,1090
4.582023669,2629814,354
4.584164439,2630920,1106
4.584164439,2631258,338
4.586298693,2632380,1122
4.586298693,2632702,322
4.588515938,2633840,1138
4.588515938,2634146,306
4.590650192,2635300,1154
4.590650192,2635590,290
4.592784446,2636760,1170
4.592784446,2637034,274
4.594918700,2638220,1186
4.594918700,2638478,258
4.597052954,2639680,1202
4.597052954,2639922,242
4.599187208,2641140,1218
4.599187208,2641366,226
4.601404853,2642600,1234
4.601404853,2642810,210
4.603545623,2644060,1250
4.603545623,2644254,194
4.605679877,2645520,1266
4.605679877,2645698,178
4.607814131,2646980,1282
4.607814131,2647142,162
4.609948385,2648440,1298
4.609948385,2648586,146
4.612165630,2649900,1314
4.612165630,2650030,130
4.614299884,2651360,1330
4.614299884,2651474,114
4.616434138,2652820,1346
4.616434138,2652918,98
4.618568392,2654280,1362
4.618568392,2654362,82
4.620702646,2655740,1378
4.620702646,2655806,66
4.622837220,2657200,1394
4.622837220,2657250,50
4.624976607,2658660,1410
4.624976607,2658694,34
4.627109478,2660120,1426
4.627109478,2660138,18
4.629325340,2661580,1442
4.629325340,2661582,2
4.631458291,2663034,1452
4.633592545,2663040,6
4.633592545,2664479,1439
4.635726799,2664500,21
4.635726799,2665924,1424
4.637861053,2665960,36
4.637861053,2667369,1409
4.639995307,2667420,51
4.639995307,2668814,1394
4.642212952,2668880,66
4.642212952,2670258,1378
4.644353722,2670340,82
4.644353722,2671702,1362
4.646487976,2671800,98
4.646487976,2673146,1346
4.648622230,2673260,114
4.648622230,2674590,1330
4.650756484,2674720,130
4.650756484,2676034,1314
4.652890738,2676180,146
4.652890738,2677478,1298
4.655021712,2677640,162
4.655021712,2678922,1282
4.656213098,2679100,178
4.656213098,2680366,1266
4.658486289,2680560,194
4.658486289,2681810,1250
4.660674395,2682020,210
4.660674395,2683254,1234
4.662862901,2683480,226
4.662862901,2684698,1218
4.665057697,2684940,242
4.665057697,2686142,1202
4.667245803,2686400,258
4.667245803,2687586,1186
4.669518994,2687860,274
4.669518994,2689030,1170
4.671707100,2689320,290
4.671707100,2690474,1154
4.673895206,2690780,306
4.673895206,2691918,1138
4.676083312,2692240,322
4.676083312,2693362,1122
4.678271418,2693700,338
4.678271418,2694806,1106
4.680459524,2695160,354
4.680459524,2696250,1090
4.682647630,2696620,370
4.682647630,2697694,1074
4.684927911,2698080,386
4.684927911,2699138,1058
4.687116017,2699540,402
4.687116017,2700582,1042
4.689304123,2701000,418
4.689304123,2702026,1026
4.691492229,2702460,434
4.691492229,2703470,1010
4.693680335,2703920,450
4.693680335,2704914,994
4.695868441,2705380,466
4.695868441,2706358,978
4.698141632,2706840,482
4.698141632,2707802,962
4.700329738,2708300,498
4.700329738,2709246,946
4.702517844,2709760,514
4.702517844,2710690,930
4.704706350,2711220,530
4.704706350,2712134,914
4.706901146,2712680,546
4.706901146,2713578,898
4.709174337,2714140,562
4.709174337,2715022,882
4.711362443,2715600,578
4.711362443,2716466,866
4.713550549,2717060,594
4.713550549,2717910,850
4.715738655,2718520,610
4.715738655,2719354,834
4.717926761,2719980,626
4.717926761,2720798,818
4.720114867,2721440,642
4.720114867,2722242,802
4.722302973,2722900,658
4.722302973,2723686,786
4.724491079,2724360,674
4.724491079,2725130,770
4.726771360,2725820,690
4.726771360,2726574,754
4.728959466,2727280,706
4.728959466,2728018,738
4.731147572,2728740,722
4.731147572,2729462,722
4.733335678,2730200,738
4.733335678,2730906,706
4.735523784,2731660,754
4.735523784,2732350,690
4.737796975,2733120,770
4.737796975,2733794,674
4.739985081,2734580,786
4.739985081,2735238,658
4.742173187,2736040,802
4.742173187,2736682,642
4.744361293,2737500,818
4.744361293,2738126,626
4.746549799,2738960,834
4.746549799,2739570,610
4.748744595,2740420,850
4.748744595,2741014,594
4.750932701,2741880,866
4.750932701,2742458,578
4.753120807,2743340,882
4.753120807,2745346,2006
4.755091072,2746260,914
4.755091072,2746790,530
4.757532105,2747720,930
4.757532105,2748234,514
4.759973138,2749180,946
4.759973138,2749678,498
4.762414171,2750640,962
4.762414171,2751122,482
4.764950524,2752100,978
4.764950524,2752566,466
4.767399067,2753560,994
4.767399067,2754010,450
4.769840100,2755020,1010
4.769840100,2755454,434
4.772281133,2756480,1026
4.772281133,2756898,418
4.774722166,2757940,1042
4.774722166,2758342,402
4.777163199,2759400,1058
4.777163199,2759786,386
4.779604232,2760860,1074
4.779604232,2761230,370
4.782140185,2762320,1090
4.782140185,2762674,354
4.784581218,2763780,1106
4.784581218,2764118,338
4.787022251,2765240,1122
4.787022251,2765562,322
4.789463684,2766700,1138
4.789463684,2767006,306
4.791912227,2768160,1154
4.791912227,2768450,290
4.794353260,2769620,1170
4.794353260,2769894,274
4.796889213,2771080,1186
4.796889213,2771338,258
4.799330246,2772540,1202
4.799330246,2772782,242
4.801771279,2774000,1218
4.801771279,2774226,226
4.804212312,2775460,1234
4.804212312,2775670,210
4.806653345,2776920,1250
4.806653345,2777114,194
4.809189298,2778380,1266
4.809189298,2778558,178
4.811630731,2779840,1282
4.811630731,2780002,162
4.814079274,2781300,1298
4.814079274,2781446,146
4.816520307,2782760,1314
4.816520307,2782890,130
4.818961340,2784220,1330
4.818961340,2784334,114
4.821402373,2785680,1346
4.821402373,2785778,98
4.823843406,2787140,1362
4.823843406,2787222,82
4.826284439,2788600,1378
4.826284439,2788666,66
4.828820312,2790060,1394
4.828820312,2790110,50
4.831259763,2791520,1410
4.831259763,2791554,34
4.833699214,2792980,1426
4.833699214,2792998,18
4.836139065,2794440,1442
4.836139065,2794442,2
4.838586106,2795894,1452
4.841122059,2795900,6
4.841122059,2797339,1439
4.843563092,2797360,21
4.843563092,2798784,1424
4.846004125,2798820,36
4.846004125,2800229,1409
4.848445158,2800280,51
4.848445158,2801674,1394
4.851825396,2801740,66
4.851825396,2803118,1378
4.854120371,2803200,82
4.854120371,2804562,1362
4.856354551,2804660,98
4.856354551,2806006,1346
4.858588731,2806120,114
4.858588731,2807450,1330
4.860917027,2807580,130
4.860917027,2808894,1314
4.863151207,2809040,146
4.863151207,2810338,1298
4.865385387,2810500,162
4.865385387,2811782,1282
4.867619567,2811960,178
4.867619567,2813226,1266
4.869853747,2813420,194
4.869853747,2814670,1250
4.872174803,2814880,210
4.872174803,2816114,1234
4.874408983,2816340,226
4.874408983,2817558,1218
4.876643163,2817800,242
4.876643163,2819002,1202
4.878877343,2819260,258
4.878877343,2820446,1186
4.881111923,2820720,274
4.881111923,2821890,1170
4.883352943,2822180,290
4.883352943,2823334,1154
4.885587123,2823640,306
4.885587123,2824778,1138
4.887908179,2825100,322
4.887908179,2826222,1122
4.890142359,2826560,338
4.890142359,2827666,1106
4.892376539,2828020,354
4.892376539,2829110,1090
4.894610719,2829480,370
4.894610719,2830554,1074
4.896844899,2830940,386
4.896844899,2831998,1058
4.899079079,2832400,402
4.899079079,2833442,1042
4.901400535,2833860,418
4.901400535,2834886,1026
4.903641555,2835320,434
4.903641555,2836330,1010
4.905875735,2836780,450
4.905875735,2837774,994
4.908109915,2838240,466
4.908109915,2839218,978
4.910344095,2839700,482
4.910344095,2840662,962
4.912665151,2841160,498
4.912665151,2842106,946
4.914899331,2842620,514
4.914899331,2843550,930
4.917133511,2844080,530
4.917133511,2844994,914
4.919367691,2845540,546
4.919367691,2846438,898
4.921601871,2847000,562
4.921601871,2847882,882
4.923836451,2848460,578
4.923836451,2849326,866
4.926077471,2849920,594
4.926077471,2850770,850
4.928311651,2851380,610
4.928311651,2852214,834
4.930632707,2852840,626
4.930632707,2853658,818
4.932866887,2854300,642
4.932866887,2855102,802
4.935101067,2855760,658
4.935101067,2856546,786
4.937335247,2857220,674
4.937335247,2857990,770
4.939569427,2858680,690
4.939569427,2859434,754
4.941890483,2860140,706
4.941890483,2860878,738
4.944125063,2861600,722
4.944125063,2862322,722
4.946366083,2863060,738
4.946366083,2863766,706
4.948600263,2864520,754
4.948600263,2865210,690
4.950834443,2865980,770
4.950834443,2866654,674
4.955009292,2867440,786
4.955009292,2868098,658
4.957357883,2868900,802
4.957357883,2869542,642
4.959647143,2870360,818
4.959647143,2870986,626
4.962025421,2871820,834
4.962025421,2872430,610
4.964314681,2873280,850
4.964314681,2873874,594
4.966603941,2874740,866
4.966603941,2875318,578
4.968893601,2876200,882
4.968893601,2876762,562
4.971189879,2877660,898
4.971189879,2878206,546
4.973568157,2879120,914
4.973568157,2879650,530
4.975857417,2880580,930
4.975857417,2881094,514
4.978146677,2882040,946
4.978146677,2882538,498
4.980435937,2883500,962
4.980435937,2883982,482
4.982725197,2884960,978
4.982725197,2885426,466
4.985014457,2886420,994
4.985014457,2886870,450
4.987303717,2887880,1010
4.987303717,2888314,434
4.989682395,2889340,1026
4.989682395,2889758,418
4.991978673,2890800,1042
4.991978673,2891202,402
4.994267933,2892260,1058
4.994267933,2892646,386
4.996557193,2893720,1074
4.996557193,2894090,370
4.998846453,2895180,1090
4.998846453,2895534,354
5.001135713,2896640,1106
5.001135713,2896978,338
5.003513991,2898100,1122
5.003513991,2898422,322
5.005803251,2899560,1138
5.005803251,2899866,306
5.008092511,2901020,1154
5.008092511,2901310,290
5.010381771,2902480,1170
5.010381771,2902754,274
5.012671431,2903940,1186
5.012671431,2904198,258
5.015056727,2905400,1202
5.015056727,2905642,242
5.017345987,2906860,1218
5.017345987,2907086,226
5.019635247,2908320,1234
5.019635247,2908530,210
5.021924507,2909780,1250
5.021924507,2909974,194
5.024213767,2911240,1266
5.024213767,2911418,178
5.026503027,2912700,1282
5.026503027,2912862,162
5.028792287,2914160,1298
5.028792287,2914306,146
5.031081547,2915620,1314
5.031081547,2915750,130
5.033460225,2917080,1330
5.033460225,2917194,114
5.035756503,2918540,1346
5.035756503,2918638,98
5.038045763,2920000,1362
5.038045763,2920082,82
5.040335023,2921460,1378
5.040335023,2921526,66
5.042624203,2922920,1394
5.042624203,2922970,50
5.045000997,2924380,1410
5.045000997,2924414,34
5.047288773,2925840,1426
5.047288773,2925858,18
5.049576549,2927300,1442
5.049576549,2927302,2
5.051864405,2928754,1452
5.054150385,2928760,6
5.054150385,2931644,2884
5.055714521,2931680,36
5.055714521,2933089,1409
5.057991260,2933140,51
5.057991260,2934534,1394
5.060356530,2934600,66
5.060356530,2935978,1378
5.062633269,2936060,82
5.062633269,2937422,1362
5.064910008,2937520,98
5.064910008,2938866,1346
5.067186747,2938980,114
5.067186747,2940310,1330
5.069463486,2940440,130
5.069463486,2941754,1314
5.071828756,2941900,146
5.071828756,2943198,1298
5.074105895,2943360,162
5.074105895,2944642,1282
5.076389612,2944820,178
5.076389612,2946086,1266
5.078666351,2946280,194
5.078666351,2947530,1250
5.080943090,2947740,210
5.080943090,2948974,1234
5.083219829,2949200,226
5.083219829,2950418,1218
5.085496568,2950660,242
5.085496568,2951862,1202
5.087861838,2952120,258
5.087861838,2953306,1186
5.090138577,2953580,274
5.090138577,2954750,1170
5.092415316,2955040,290
5.092415316,2956194,1154
5.094692055,2956500,306
5.094692055,2957638,1138
5.096969194,2957960,322
5.096969194,2959082,1122
5.099252911,2959420,338
5.099252911,2960526,1106
5.101618181,2960880,354
5.101618181,2961970,1090
5.103894920,2962340,370
5.103894920,2963414,1074
5.106171659,2963800,386
5.106171659,2964858,1058
5.108448398,2965260,402
5.108448398,2966302,1042
5.110725137,2966720,418
5.110725137,2967746,1026
5.113090407,2968180,434
5.113090407,2969190,1010
5.115367146,2969640,450
5.115367146,2970634,994
5.117644285,2971100,466
5.117644285,2972078,978
5.119928002,2972560,482
5.119928002,2973522,962
5.122204741,2974020,498
5.122204741,2974966,946
5.124481480,2975480,514
5.124481480,2976410,930
5.126758219,2976940,530
5.126758219,2977854,914
5.129034958,2978400,546
5.129034958,2979298,898
5.131311697,2979860,562
5.131311697,2980742,882
5.133676967,2981320,578
5.133676967,2982186,866
5.135953706,2982780,594
5.135953706,2983630,850
5.138230445,2984240,610
5.138230445,2985074,834
5.140507584,2985700,626
5.140507584,2986518,818
5.142791301,2987160,642
5.142791301,2987962,802
5.145156571,2988620,658
5.145156571,2989406,786
5.147433310,2990080,674
5.147433310,2990850,770
5.149710049,2991540,690
5.149710049,2992294,754
5.151986788,2993000,706
5.151986788,2993738,738
5.154412188,2994460,722
5.154412188,2995182,722
5.156837588,2995920,738
5.156837588,2996626,706
5.159262988,2997380,754
5.159262988,2998070,690
5.161688388,2998840,770
5.161688388,2999514,674
5.164215959,3000300,786
5.164215959,3000958,658
5.166641359,3001760,802
5.166641359,3002402,642
5.169066759,3003220,818
5.169066759,3003846,626
5.171492159,3004680,834
5.171492159,3005290,610
5.173917559,3006140,850
5.173917559,3006734,594
5.176437271,3007600,866
5.176437271,3008178,578
5.178862671,3009060,882
5.178862671,3009622,562
5.181288071,3010520,898
5.181288071,3011066,546
5.183713471,3011980,914
5.183713471,3012510,530
5.186139271,3013440,930
5.186139271,3013954,514
5.188666443,3014900,946
5.188666443,3015398,498
5.191091843,3016360,962
5.191091843,3016842,482
5.193517243,3017820,978
5.193517243,3018286,466
5.195942643,3019280,994
5.195942643,3019730,450
5.198368043,3020740,1010
5.198368043,3021174,434
5.200793443,3022200,1026
5.200793443,3022618,418
5.203218843,3023660,1042
5.203218843,3024062,402
5.205644243,3025120,1058
5.205644243,3025506,386
5.208164355,3026580,1074
5.208164355,3026950,370
5.210597215,3028040,1090
5.210597215,3028394,354
5.213022615,3029500,1106
5.213022615,3029838,338
5.215448015,3030960,1122
5.215448015,3031282,322
5.217873415,3032420,1138
5.217873415,3032726,306
5.220393127,3033880,1154
5.220393127,3034170,290
5.222818527,3035340,1170
5.222818527,3035614,274
5.225243927,3036800,1186
5.225243927,3037058,258
5.227669327,3038260,1202
5.227669327,3038502,242
5.230094727,3039720,1218
5.230094727,3039946,226
5.232520527,3041180,1234
5.232520527,3041390,210
5.234953387,3042640,1250
5.234953387,3042834,194
5.237378787,3044100,1266
5.237378787,3044278,178
5.239898499,3045560,1282
5.239898499,3045722,162
5.242323899,3047020,1298
5.242323899,3047166,146
5.244749299,3048480,1314
5.244749299,3048610,130
5.247174699,3049940,1330
5.247174699,3050054,114
5.249600099,3051400,1346
5.249600099,3051498,98
5.254063895,3052860,1362
5.254063895,3052942,82
5.256538013,3054320,1378
5.256538013,3054386,66
5.258963170,3055780,1394
5.258963170,3055830,50
5.261379405,3057240,1410
5.261379405,3057274,34
5.263795640,3058700,1426
5.263795640,3058718,18
5.266211875,3060160,1442
5.266211875,3060162,2
5.268628190,3061614,1452
5.271045992,3061620,6
5.271045992,3063059,1439
5.273557810,3063080,21
5.273557810,3064504,1424
5.275975612,3064540,36
5.275975612,3065949,1409
5.278393414,3066000,51
5.278393414,3067394,1394
5.280811616,3067460,66
5.280811616,3068838,1378
5.283236853,3068920,82
5.283236853,3070282,1362
5.285748671,3070380,98
5.285748671,3071726,1346
5.288166473,3071840,114
5.288166473,3073170,1330
5.290584275,3073300,130
5.290584275,3074614,1314
5.293002077,3074760,146
5.293002077,3076058,1298
5.295419879,3076220,162
5.295419879,3077502,1282
5.297931697,3077680,178
5.297931697,3078946,1266
5.300349499,3079140,194
5.300349499,3080390,1250
5.302767701,3080600,210
5.302767701,3081834,1234
5.305192938,3082060,226
5.305192938,3083278,1218
5.307610740,3083520,242
5.307610740,3084722,1202
5.310028542,3084980,258
5.310028542,3086166,1186
5.312446344,3086440,274
5.312446344,3087610,1170
5.314864146,3087900,290
5.314864146,3089054,1154
5.317375964,3089360,306
5.317375964,3090498,1138
5.319793766,3090820,322
5.319793766,3091942,1122
5.322211568,3092280,338
5.322211568,3093386,1106
5.324629370,3093740,354
5.324629370,3094830,1090
5.327047572,3095200,370
5.327047572,3096274,1074
5.329566825,3096660,386
5.329566825,3097718,1058
5.331984627,3098120,402
5.331984627,3099162,1042
5.334402429,3099580,418
5.334402429,3100606,1026
5.336820231,3101040,434
5.336820231,3102050,1010
5.339238033,3102500,450
5.339238033,3103494,994
5.341655835,3103960,466
5.341655835,3104938,978
5.344073637,3105420,482
5.344073637,3106382,962
5.346491439,3106880,498
5.346491439,3107826,946
5.349003657,3108340,514
5.349003657,3109270,930
5.351428894,3109800,530
5.351428894,3110714,914
5.353846696,3111260,546
5.353846696,3112158,898
5.356123754,3112720,562
5.356123754,3113602,882
5.358400812,3114180,578
5.358400812,3115046,866
5.360766414,3115640,594
5.360766414,3116490,850
5.363043472,3117100,610
5.363043472,3117934,834
5.365320530,3118560,626
5.365320530,3119378,818
5.367597588,3120020,642
5.367597588,3120822,802
5.369874646,3121480,658
5.369874646,3122266,786
5.372247626,3122940,674
5.372247626,3123710,770
5.374524684,3124400,690
5.374524684,3125154,754
5.376801742,3125860,706
5.376801742,3126598,738
5.379078800,3127320,722
5.379078800,3128042,722
5.381355858,3128780,738
5.381355858,3129486,706
5.383632916,3130240,754
5.383632916,3130930,690
5.385909974,3131700,770
5.385909974,3132374,674
5.388187032,3133160,786
5.388187032,3133818,658
5.390552634,3134620,802
5.390552634,3135262,642
5.392830092,3136080,818
5.392830092,3136706,626
5.395114128,3137540,834
5.395114128,3138150,610
5.397391186,3139000,850
5.397391186,3139594,594
5.399668244,3140460,866
5.399668244,3141038,578
5.402033846,3141920,882
5.402033846,3142482,562
5.404310904,3143380,898
5.404310904,3143926,546
5.406587962,3144840,914
5.406587962,3145370,530
5.408865020,3146300,930
5.408865020,3146814,514
5.411142078,3147760,946
5.411142078,3148258,498
5.413419136,3149220,962
5.413419136,3149702,482
5.415696594,3150680,978
5.415696594,3151146,466
5.417980630,3152140,994
5.417980630,3152590,450
5.420346232,3153600,1010
5.420346232,3154034,434
5.422623290,3155060,1026
5.422623290,3155478,418
5.424900348,3156520,1042
5.424900348,3156922,402
5.427177406,3157980,1058
5.427177406,3158366,386
5.429454464,3159440,1074
5.429454464,3159810,370
5.431820066,3160900,1090
5.431820066,3161254,354
5.434097124,3162360,1106
5.434097124,3162698,338
5.436374582,3163820,1122
5.436374582,3164142,322
5.438658618,3165280,1138
5.438658618,3165586,306
5.440935676,3166740,1154
5.440935676,3167030,290
5.443212734,3168200,1170
5.443212734,3168474,274
5.445489792,3169660,1186
5.445489792,3169918,258
5.447766850,3171120,1202
5.447766850,3171362,242
5.450132452,3172580,1218
5.450132452,3172806,226
5.453350678,3174040,1234
5.453350678,3174250,210
5.455717542,3175500,1250
5.455717542,3175694,194
5.458025574,3176960,1266
5.458025574,3177138,178
5.460334006,3178420,1282
5.460334006,3178582,162
5.462738865,3179880,1298
5.462738865,3180026,146
5.465046897,3181340,1314
5.465046897,3181470,130
5.467354929,3182800,1330
5.467354929,3182914,114
5.469662961,3184260,1346
5.469662961,3184358,98
5.471970993,3185720,1362
5.471970993,3185802,82
5.474368773,3187180,1378
5.474368773,3187246,66
5.476676725,3188640,1394
5.476676725,3188690,50
5.478983261,3190100,1410
5.478983261,3190134,34
5.481290197,3191560,1426
5.481290197,3191578,18
5.483603812,3193020,1442
5.483603812,3193022,2
5.485910428,3194474,1452
5.488218460,3194480,6
5.488218460,3195919,1439
5.490526492,3195940,21
5.490526492,3197364,1424
5.492924272,3197400,36
5.492924272,3198809,1409
5.495232304,3198860,51
5.495232304,3200254,1394
5.497540336,3200320,66
5.497540336,3201698,1378
5.499848368,3201780,82
5.499848368,3203142,1362
5.502156400,3203240,98
5.502156400,3204586,1346
5.504561659,3204700,114
5.504561659,3206030,1330
5.506869691,3206160,130
5.506869691,3207474,1314
5.509177723,3207620,146
5.509177723,3208918,1298
5.511485755,3209080,162
5.511485755,3210362,1282
5.513793787,3210540,178
5.513793787,3211806,1266
5.516101819,3212000,194
5.516101819,3213250,1250
5.518409851,3213460,210
5.518409851,3214694,1234
5.520717883,3214920,226
5.520717883,3216138,1218
5.523115663,3216380,242
5.523115663,3217582,1202
5.525424095,3217840,258
5.525424095,3219026,1186
5.527739206,3219300,274
5.527739206,3220470,1170
5.530047238,3220760,290
5.530047238,3221914,1154
5.532355270,3222220,306
5.532355270,3223358,1138
5.534753050,3223680,322
5.534753050,3224802,1122
5.537061082,3225140,338
5.537061082,3226246,1106
5.539369114,3226600,354
5.539369114,3227690,1090
5.541677146,3228060,370
5.541677146,3229134,1074
5.543985178,3229520,386
5.543985178,3230578,1058
5.546293210,3230980,402
5.546293210,3232022,1042
5.548601642,3232440,418
5.548601642,3233466,1026
5.550916753,3233900,434
5.550916753,3234910,1010
5.553311253,3235360,450
5.553311253,3236354,994
5.553642131,3236820,466
5.553642131,3237798,978
5.555969729,3238280,482
5.555969729,3239242,962
5.558297327,3239740,498
5.558297327,3240686,946
5.560624925,3241200,514
5.560624925,3242130,930
5.563043032,3242660,530
5.563043032,3243574,914
5.565370630,3244120,546
5.565370630,3245018,898
5.567698628,3245580,562
5.567698628,3246462,882
5.570033368,3247040,578
5.570033368,3247906,866
5.572360966,3248500,594
5.572360966,3249350,850
5.574779073,3249960,610
5.574779073,3250794,834
5.577106671,3251420,626
5.577106671,3252238,818
5.579434269,3252880,642
5.579434269,3253682,802
5.581761867,3254340,658
5.581761867,3255126,786
5.584089465,3255800,674
5.584089465,3256570,770
5.586417063,3257260,690
5.586417063,3258014,754
5.588744661,3258720,706
5.588744661,3259458,738
5.591072659,3260180,722
5.591072659,3260902,722
5.593497908,3261640,738
5.593497908,3262346,706
5.595825506,3263100,754
5.595825506,3263790,690
5.598153104,3264560,770
5.598153104,3265234,674
5.600480702,3266020,786
5.600480702,3266678,658
5.602808300,3267480,802
5.602808300,3268122,642
5.605226407,3268940,818
5.605226407,3269566,626
5.607554005,3270400,834
5.607554005,3271010,610
5.609881603,3271860,850
5.609881603,3272454,594
5.612209601,3273320,866
5.612209601,3273898,578
5.614544341,3274780,882
5.614544341,3275342,562
5.616871939,3276240,898
5.616871939,3276786,546
5.619199537,3277700,914
5.619199537,3278230,530
5.621527135,3279160,930
5.621527135,3279674,514
5.623854733,3280620,946
5.623854733,3281118,498
5.626272840,3282080,962
5.626272840,3282562,482
5.628600438,3283540,978
5.628600438,3284006,466
5.630928036,3285000,994
5.630928036,3285450,450
5.633255634,3286460,1010
5.633255634,3286894,434
5.635583632,3287920,1026
5.635583632,3288338,418
5.638008881,3289380,1042
5.638008881,3289782,402
5.640336479,3290840,1058
5.640336479,3291226,386
5.642664077,3292300,1074
5.642664077,3292670,370
5.644991675,3293760,1090
5.644991675,3294114,354
5.647319273,3295220,1106
5.647319273,3295558,338
5.649646871,3296680,1122
5.649646871,3297002,322
5.653918361,3298140,1138
5.653918361,3298446,306
5.656385024,3299600,1154
5.656385024,3299890,290
5.658889714,3301060,1170
5.658889714,3301334,274
5.661307680,3302520,1186
5.661307680,3302778,258
5.663718235,3303980,1202
5.663718235,3304222,242
5.666128790,3305440,1218
5.666128790,3305666,226
5.668539345,3306900,1234
5.668539345,3307110,210
5.671043635,3308360,1250
5.671043635,3308554,194
5.673454190,3309820,1266
5.673454190,3309998,178
5.675864745,3311280,1282
5.675864745,3311442,162
5.678275300,3312740,1298
5.678275300,3312886,146
5.680685855,3314200,1314
5.680685855,3314330,130
5.683197956,3315660,1330
5.683197956,3315774,114
5.685608511,3317120,1346
5.685608511,3317218,98
5.688019066,3318580,1362
5.688019066,3318662,82
5.690429621,3320040,1378
5.690429621,3320106,66
5.692840096,3321500,1394
5.692840096,3321550,50
5.695249089,3322960,1410
5.695249089,3322994,34
5.697658082,3324420,1426
5.697658082,3324438,18
5.700067075,3325880,1442
5.700067075,3325882,2
5.702569883,3327334,1452
5.704980838,3327340,6
5.704980838,3328779,1439
5.707398804,3328800,21
5.707398804,3330224,1424
5.709809359,3330260,36
5.709809359,3331669,1409
5.712219914,3331720,51
5.712219914,3333114,1394
5.714724204,3333180,66
5.714724204,3334558,1378
5.717134759,3334640,82
5.717134759,3336002,1362
5.719545314,3336100,98
5.719545314,3337446,1346
5.721955869,3337560,114
5.721955869,3338890,1330
5.724366424,3339020,130
5.724366424,3340334,1314
5.726776979,3340480,146
5.726776979,3341778,1298
5.729187934,3341940,162
5.729187934,3343222,1282
5.731605900,3343400,178
5.731605900,3344666,1266
5.734110190,3344860,194
5.734110190,3346110,1250
5.736520745,3346320,210
5.736520745,3347554,1234
5.738931300,3347780,226
5.738931300,3348998,1218
5.741341855,3349240,242
5.741341855,3350442,1202
5.743752410,3350700,258
5.743752410,3351886,1186
5.746256700,3352160,274
5.746256700,3353330,1170
5.748667255,3353620,290
5.748667255,3354774,1154
5.751078210,3355080,306
5.751078210,3356218,1138
5.753496176,3356540,322
5.753496176,3357662,1122
5.755631101,3358000,338
5.755631101,3359106,1106
5.757766026,3359460,354
5.757766026,3360550,1090
5.759900951,3360920,370
5.759900951,3361994,1074
5.762035876,3362380,386
5.762035876,3363438,1058
5.764253818,3363840,402
5.764253818,3364882,1042
5.766388743,3365300,418
5.766388743,3366326,1026
5.768523668,3366760,434
5.768523668,3367770,1010
5.770658593,3368220,450
5.770658593,3369214,994
5.772793918,3369680,466
5.772793918,3370658,978
5.775018378,3371140,482
5.775018378,3372102,962
5.777153303,3372600,498
5.777153303,3373546,946
5.779288228,3374060,514
5.779288228,3374990,930
5.781423153,3375520,530
5.781423153,3376434,914
5.783558078,3376980,546
5.783558078,3377878,898
5.785776020,3378440,562
5.785776020,3379322,882
5.787910945,3379900,578
5.787910945,3380766,866
5.790045870,3381360,594
5.790045870,3382210,850
5.792181195,3382820,610
5.792181195,3383654,834
5.794322638,3384280,626
5.794322638,3385098,818
5.796457563,3385740,642
5.796457563,3386542,802
5.798592488,3387200,658
5.798592488,3387986,786
5.800727413,3388660,674
5.800727413,3389430,770
5.802945355,3390120,690
5.802945355,3390874,754
5.805080280,3391580,706
5.805080280,3392318,738
5.807215205,3393040,722
5.807215205,3393762,722
5.809350130,3394500,738
5.809350130,3395206,706
5.811485055,3395960,754
5.811485055,3396650,690
5.813709915,3397420,770
5.813709915,3398094,674
5.815844840,3398880,786
5.815844840,3399538,658
5.817979765,3400340,802
5.817979765,3400982,642
5.820114690,3401800,818
5.820114690,3402426,626
5.822249615,3403260,834
5.822249615,3403870,610
5.824384540,3404720,850
5.824384540,3405314,594
5.826519465,3406180,866
5.826519465,3406758,578
5.828654390,3407640,882
5.828654390,3408202,562
5.830872332,3409100,898
5.830872332,3409646,546
5.833007657,3410560,914
5.833007657,3411090,530
5.835149100,3412020,930
5.835149100,3412534,514
5.837284025,3413480,946
5.837284025,3413978,498
5.839418950,3414940,962
5.839418950,3415422,482
5.841636892,3416400,978
5.841636892,3416866,466
5.843771817,3417860,994
5.843771817,3418310,450
5.845906742,3419320,1010
5.845906742,3419754,434
5.848041667,3420780,1026
5.848041667,3421198,418
5.850176592,3422240,1042
5.850176592,3422642,402
5.852394934,3423700,1058
5.852394934,3424086,386
5.854533097,3425160,1074
5.854533097,3425530,370
5.854866653,3426620,1090
5.854866653,3426974,354
5.857196929,3428080,1106
5.857196929,3428418,338
5.859527205,3429540,1122
5.859527205,3429862,322
5.861857481,3431000,1138
5.861857481,3431306,306
5.864187757,3432460,1154
5.864187757,3432750,290
5.866518033,3433920,1170
5.866518033,3434194,274
5.868938922,3435380,1186
5.868938922,3435638,258
5.871269198,3436840,1202
5.871269198,3437082,242
5.873599874,3438300,1218
5.873599874,3438526,226
5.875937301,3439760,1234
5.875937301,3439970,210
5.878267577,3441220,1250
5.878267577,3441414,194
5.880688466,3442680,1266
5.880688466,3442858,178
5.883018742,3444140,1282
5.883018742,3444302,162
5.885349018,3445600,1298
5.885349018,3445746,146
5.887679294,3447060,1314
5.887679294,3447190,130
5.890009570,3448520,1330
5.890009570,3448634,114
5.892339846,3449980,1346
5.892339846,3450078,98
5.894670122,3451440,1362
5.894670122,3451522,82
5.897000798,3452900,1378
5.897000798,3452966,66
5.899428758,3454360,1394
5.899428758,3454410,50
5.901757523,3455820,1410
5.901757523,3455854,34
5.904086288,3457280,1426
5.904086288,3457298,18
5.906415053,3458740,1442
5.906415053,3458742,2
5.908743898,3460194,1452
5.911164787,3460200,6
5.911164787,3461639,1439
5.913495063,3461660,21
5.913495063,3463084,1424
5.915825339,3463120,36
5.915825339,3464529,1409
5.918156015,3464580,51
5.918156015,3465974,1394
5.920493442,3466040,66
5.920493442,3467418,1378
5.922823718,3467500,82
5.922823718,3468862,1362
5.925153994,3468960,98
5.925153994,3470306,1346
5.927484270,3470420,114
5.927484270,3471750,1330
5.929905159,3471880,130
5.929905159,3473194,1314
5.932235435,3473340,146
5.932235435,3474638,1298
5.934565711,3474800,162
5.934565711,3476082,1282
5.936895987,3476260,178
5.936895987,3477526,1266
5.939226263,3477720,194
5.939226263,3478970,1250
5.941654703,3479180,210
5.941654703,3480414,1234
5.943984979,3480640,226
5.943984979,3481858,1218
5.946315255,3482100,242
5.946315255,3483302,1202
5.948645531,3483560,258
5.948645531,3484746,1186
5.950975807,3485020,274
5.950975807,3486190,1170
5.955513335,3486480,290
5.955513335,3487634,1154
5.957963434,3487940,306
5.957963434,3489078,1138
5.960413533,3489400,322
5.960413533,3490522,1122
5.962863632,3490860,338
5.962863632,3491966,1106
5.965314131,3492320,354
5.965314131,3493410,1090
5.967771769,3493780,370
5.967771769,3494854,1074
5.970221868,3495240,386
5.970221868,3496298,1058
5.972671967,3496700,402
5.972671967,3497742,1042
5.975217338,3498160,418
5.975217338,3499186,1026
5.977667437,3499620,434
5.977667437,3500630,1010
5.980117536,3501080,450
5.980117536,3502074,994
5.982567635,3502540,466
5.982567635,3503518,978
5.985017734,3504000,482
5.985017734,3504962,962
5.987563505,3505460,498
5.987563505,3506406,946
5.990021143,3506920,514
5.990021143,3507850,930
5.992471242,3508380,530
5.992471242,3509294,914
5.994921341,3509840,546
5.994921341,3510738,898
5.997371440,3511300,562
5.997371440,3512182,882
5.999821539,3512760,578
5.999821539,3513626,866
6.002271638,3514220,594
6.002271638,3515070,850
6.004721737,3515680,610
6.004721737,3516514,834
6.007267108,3517140,626
6.007267108,3517958,818
6.009717207,3518600,642
6.009717207,3519402,802
6.012167706,3520060,658
6.012167706,3520846,786
6.014625344,3521520,674
6.014625344,3522290,770
6.017075443,3522980,690
6.017075443,3523734,754
6.019620814,3524440,706
6.019620814,3525178,738
6.022070913,3525900,722
6.022070913,3526622,722
6.024521012,3527360,738
6.024521012,3528066,706
6.026971111,3528820,754
6.026971111,3529510,690
6.029421210,3530280,770
6.029421210,3530954,674
6.031871309,3531740,786
6.031871309,3532398,658
6.034321408,3533200,802
6.034321408,3533842,642
6.036771907,3534660,818
6.036771907,3535286,626
6.039324817,3536120,834
6.039324817,3536730,610
6.041774916,3537580,850
6.041774916,3538174,594
6.044225015,3539040,866
6.044225015,3539618,578
6.046675114,3540500,882
6.046675114,3541062,562
6.049125213,3541960,898
6.049125213,3542506,546
6.051670584,3543420,914
6.051670584,3543950,530
6.054120683,3544880,930
6.054120683,3545394,514
6.056496754,3546340,946
6.056496754,3546838,498
6.058873225,3547800,962
6.058873225,3548282,482
6.061256595,3549260,978
6.061256595,3549726,466
6.063725060,3550720,994
6.063725060,3551170,450
6.066101131,3552180,1010
6.066101131,3552614,434
6.068477202,3553640,1026
6.068477202,3554058,418
6.070853273,3555100,1042
6.070853273,3555502,402
6.073229344,3556560,1058
6.073229344,3556946,386
6.075605415,3558020,1074
6.075605415,3558390,370
6.077981486,3559480,1090
6.077981486,3559834,354
6.080357557,3560940,1106
6.080357557,3561278,338
6.082833721,3562400,1122
6.082833721,3562722,322
6.085209792,3563860,1138
6.085209792,3564166,306
6.087585863,3565320,1154
6.087585863,3565610,290
6.089961934,3566780,1170
6.089961934,3567054,274
6.092338005,3568240,1186
6.092338005,3568498,258
6.094806470,3569700,1202
6.094806470,3569942,242
6.097182541,3571160,1218
6.097182541,3571386,226
6.099558612,3572620,1234
6.099558612,3572830,210
6.101934683,3574080,1250
6.101934683,3574274,194
6.104311154,3575540,1266
6.104311154,3575718,178
6.106694524,3577000,1282
6.106694524,3577162,162
6.109070595,3578460,1298
6.109070595,3578606,146
6.111446666,3579920,1314
6.111446666,3580050,130
6.113915131,3581380,1330
6.113915131,3581494,114
6.116291202,3582840,1346
6.116291202,3582938,98
6.118667273,3584300,1362
6.118667273,3584382,82
6.121043344,3585760,1378
6.121043344,3585826,66
6.123419335,3587220,1394
6.123419335,3587270,50
6.125793866,3588680,1410
6.125793866,3588714,34
6.128268490,3590140,1426
6.128268490,3590158,18
6.130643021,3591600,1442
6.130643021,3591602,2
6.133017632,3593054,1452
6.135393703,3593060,6
6.135393703,3594499,1439
6.137769774,3594520,21
6.137769774,3595944,1424
6.140145845,3595980,36
6.140145845,3597389,1409
6.142521916,3597440,51
6.142521916,3598834,1394
6.144897987,3598900,66
6.144897987,3600278,1378
6.147366452,3600360,82
6.147366452,3601722,1362
6.149742923,3601820,98
6.149742923,3603166,1346
6.152126293,3603280,114
6.152126293,3604610,1330
6.154499084,3604740,130
6.154499084,3606054,1314
6.154919098,3606200,146
6.154919098,3607498,1298
6.157429807,3607660,162
6.157429807,3608942,1282
6.159846541,3609120,178
6.159846541,3610386,1266
6.162263275,3610580,194
6.162263275,3611830,1250
6.164680009,3612040,210
6.164680009,3613274,1234
6.167096743,3613500,226
6.167096743,3614718,1218
6.169607852,3614960,242
6.169607852,3616162,1202
6.172032017,3616420,258
6.172032017,3617606,1186
6.174448751,3617880,274
6.174448751,3619050,1170
6.176865485,3619340,290
6.176865485,3620494,1154
6.179282219,3620800,306
6.179282219,3621938,1138
6.181698953,3622260,322
6.181698953,3623382,1122
6.184115687,3623720,338
6.184115687,3624826,1106
6.186532421,3625180,354
6.186532421,3626270,1090
6.189043130,3626640,370
6.189043130,3627714,1074
6.191459864,3628100,386
6.191459864,3629158,1058
6.193876998,3629560,402
6.193876998,3630602,1042
6.196301163,3631020,418
6.196301163,3632046,1026
6.198717897,3632480,434
6.198717897,3633490,1010
6.201228606,3633940,450
6.201228606,3634934,994
6.203645340,3635400,466
6.203645340,3636378,978
6.206062074,3636860,482
6.206062074,3637822,962
6.208478808,3638320,498
6.208478808,3639266,946
6.210895542,3639780,514
6.210895542,3640710,930
6.213312276,3641240,530
6.213312276,3642154,914
6.215729010,3642700,546
6.215729010,3643598,898
6.218146144,3644160,562
6.218146144,3645042,882
6.220664284,3645620,578
6.220664284,3646486,866
6.223081018,3647080,594
6.223081018,3647930,850
6.225497752,3648540,610
6.225497752,3649374,834
6.227914486,3650000,626
6.227914486,3650818,818
6.230331220,3651460,642
6.230331220,3652262,802
6.232841929,3652920,658
6.232841929,3653706,786
6.235258663,3654380,674
6.235258663,3655150,770
6.237675397,3655840,690
6.237675397,3656594,754
6.240092531,3657300,706
6.240092531,3658038,738
6.242516696,3658760,722
6.242516696,3659482,722
6.245027405,3660220,738
6.245027405,3660926,706
6.247444139,3661680,754
6.247444139,3662370,690
6.249860873,3663140,770
6.249860873,3663814,674
6.254214088,3664600,786
6.254214088,3665258,658
6.256409271,3666060,802
6.256409271,3666702,642
6.258540935,3667520,818
6.258540935,3668146,626
6.260672599,3668980,834
6.260672599,3669590,610
6.262804263,3670440,850
6.262804263,3671034,594
6.265025724,3671900,866
6.265025724,3672478,578
6.267157388,3673360,882
6.267157388,3673922,562
6.269289052,3674820,898
6.269289052,3675366,546
6.271420716,3676280,914
6.271420716,3676810,530
6.273552380,3677740,930
6.273552380,3678254,514
6.275766934,3679200,946
6.275766934,3679698,498
6.277898598,3680660,962
6.277898598,3681142,482
6.280030262,3682120,978
6.280030262,3682586,466
6.282161926,3683580,994
6.282161926,3684030,450
6.284293990,3685040,1010
6.284293990,3685474,434
6.286432162,3686500,1026
6.286432162,3686918,418
6.288563826,3687960,1042
6.288563826,3688362,402
6.290695490,3689420,1058
6.290695490,3689806,386
6.292910044,3690880,1074
6.292910044,3691250,370
6.295041708,3692340,1090
6.295041708,3692694,354
6.297173372,3693800,1106
6.297173372,3694138,338
6.299305036,3695260,1122
6.299305036,3695582,322
6.301436700,3696720,1138
6.301436700,3697026,306
6.303651654,3698180,1154
6.303651654,3698470,290
6.305789826,3699640,1170
6.305789826,3699914,274
6.307921490,3701100,1186
6.307921490,3701358,258
6.310053154,3702560,1202
6.310053154,3702802,242
6.312184818,3704020,1218
6.312184818,3704246,226
6.314316482,3705480,1234
6.314316482,3705690,210
6.316448146,3706940,1250
6.316448146,3707134,194
6.318579810,3708400,1266
6.318579810,3708578,178
6.320794364,3709860,1282
6.320794364,3710022,162
6.322926028,3711320,1298
6.322926028,3711466,146
6.325058092,3712780,1314
6.325058092,3712910,130
6.327196264,3714240,1330
6.327196264,3714354,114
6.329327928,3715700,1346
6.329327928,3715798,98
6.331542482,3717160,1362
6.331542482,3717242,82
6.333674146,3718620,1378
6.333674146,3718686,66
6.335805730,3720080,1394
6.335805730,3720130,50
6.337936013,3721540,1410
6.337936013,3721574,34
6.340066296,3723000,1426
6.340066296,3723018,18
6.342279469,3724460,1442
6.342279469,3724462,2
6.344410232,3725914,1452
6.346548404,3725920,6
6.346548404,3727359,1439
6.348680068,3727380,21
6.348680068,3728804,1424
6.350811732,3728840,36
6.350811732,3730249,1409
6.352943396,3730300,51
6.352943396,3731694,1394
6.355075060,3731760,66
6.355075060,3733138,1378
6.357208673,3733220,82
6.357208673,3734582,1362
6.359425252,3734680,98
6.359425252,3736026,1346
6.361558865,3736140,114
6.361558865,3737470,1330
6.363692478,3737600,130
6.363692478,3738914,1314
6.365826491,3739060,146
6.365826491,3740358,1298
6.367966618,3740520,162
6.367966618,3741802,1282
6.370183197,3741980,178
6.370183197,3743246,1266
6.372316810,3743440,194
6.372316810,3744690,1250
6.374450423,3744900,210
6.374450423,3746134,1234
6.376584036,3746360,226
6.376584036,3747578,1218
6.378717649,3747820,242
6.378717649,3749022,1202
6.380851262,3749280,258
6.380851262,3750466,1186
6.382984875,3750740,274
6.382984875,3751910,1170
6.385118488,3752200,290
6.385118488,3753354,1154
6.387341981,3753660,306
6.387341981,3754798,1138
6.389475594,3755120,322
6.389475594,3756242,1122
6.391609207,3756580,338
6.391609207,3757686,1106
6.393742820,3758040,354
6.393742820,3759130,1090
6.395876433,3759500,370
6.395876433,3760574,1074
6.398093012,3760960,386
6.398093012,3762018,1058
6.400226625,3762420,402
6.400226625,3763462,1042
6.402360238,3763880,418
6.402360238,3764906,1026
6.404493851,3765340,434
6.404493851,3766350,1010
6.406627864,3766800,450
6.406627864,3767794,994
6.408767991,3768260,466
6.408767991,3769238,978
6.410901604,3769720,482
6.410901604,3770682,962
6.413035217,3771180,498
6.413035217,3772126,946
6.415251796,3772640,514
6.415251796,3773570,930
6.417385409,3774100,530
6.417385409,3775014,914
6.419519022,3775560,546
6.419519022,3776458,898
6.421652635,3777020,562
6.421652635,3777902,882
6.423786248,3778480,578
6.423786248,3779346,866
6.426003227,3779940,594
6.426003227,3780790,850
6.428143354,3781400,610
6.428143354,3782234,834
6.430276967,3782860,626
6.430276967,3783678,818
6.432410580,3784320,642
6.432410580,3785122,802
6.434544193,3785780,658
6.434544193,3786566,786
6.436760772,3787240,674
6.436760772,3788010,770
6.438894385,3788700,690
6.438894385,3789454,754
6.441027998,3790160,706
6.441027998,3790898,738
6.443161611,3791620,722
6.443161611,3792342,722
6.445295224,3793080,738
6.445295224,3793786,706
6.447429237,3794540,754
6.447429237,3795230,690
6.449569364,3796000,770
6.449569364,3796674,674
6.451702977,3797460,786
6.451702977,3798118,658
6.453916276,3798920,802
6.453916276,3799562,642
6.454354249,3800380,818
6.454354249,3801006,626
6.456788942,3801840,834
6.456788942,3802450,610
6.459223635,3803300,850
6.459223635,3803894,594
6.461658328,3804760,866
6.461658328,3805338,578
6.464187694,3806220,882
6.464187694,3806782,562
6.466622787,3807680,898
6.466622787,3808226,546
6.469064970,3809140,914
6.469064970,3809670,530
6.471499663,3810600,930
6.471499663,3811114,514
6.473934356,3812060,946
6.473934356,3812558,498
6.476369049,3813520,962
6.476369049,3814002,482
6.478803742,3814980,978
6.478803742,3815446,466
6.481238435,3816440,994
6.481238435,3816890,450
6.483767801,3817900,1010
6.483767801,3818334,434
6.486202494,3819360,1026
6.486202494,3819778,418
6.488637187,3820820,1042
6.488637187,3821222,402
6.491072280,3822280,1058
6.491072280,3822666,386
6.493514463,3823740,1074
6.493514463,3824110,370
6.496043829,3825200,1090
6.496043829,3825554,354
6.498478522,3826660,1106
6.498478522,3826998,338
6.500913215,3828120,1122
6.500913215,3828442,322
6.503347908,3829580,1138
6.503347908,3829886,306
6.505782601,3831040,1154
6.505782601,3831330,290
6.508217294,3832500,1170
6.508217294,3832774,274
6.510651987,3833960,1186
6.510651987,3834218,258
6.513086680,3835420,1202
6.513086680,3835662,242
6.515623936,3836880,1218
6.515623936,3837106,226
6.518058629,3838340,1234
6.518058629,3838550,210
6.520493322,3839800,1250
6.520493322,3839994,194
6.522928015,3841260,1266
6.522928015,3841438,178
6.525362708,3842720,1282
6.525362708,3842882,162
6.527892074,3844180,1298
6.527892074,3844326,146
6.530326767,3845640,1314
6.530326767,3845770,130
6.532761460,3847100,1330
6.532761460,3847214,114
6.535196153,3848560,1346
6.535196153,3848658,98
6.537631246,3850020,1362
6.537631246,3850102,82
6.540168102,3851480,1378
6.540168102,3851546,66
6.542602715,3852940,1394
6.542602715,3852990,50
6.545035830,3854400,1410
6.545035830,3854434,34
6.547468945,3855860,1426
6.547468945,3855878,18
6.549902060,3857320,1442
6.549902060,3857322,2
6.554275600,3858774,1452
6.556612321,3858780,6
6.556612321,3860219,1439
6.558889387,3860240,21
6.558889387,3861664,1424
6.561255397,3861700,36
6.561255397,3863109,1409
6.563539442,3863160,51
6.563539442,3864554,1394
6.565816508,3864620,66
6.565816508,3865998,1378
6.568093574,3866080,82
6.568093574,3867442,1362
6.570370640,3867540,98
6.570370640,3868886,1346
6.572736250,3869000,114
6.572736250,3870330,1330
6.575013316,3870460,130
6.575013316,3871774,1314
6.577290382,3871920,146
6.577290382,3873218,1298
6.579567448,3873380,162
6.579567448,3874662,1282
6.581844514,3874840,178
6.581844514,3876106,1266
6.584121980,3876300,194
6.584121980,3877550,1250
6.586406025,3877760,210
6.586406025,3878994,1234
6.588683091,3879220,226
6.588683091,3880438,1218
6.591048701,3880680,242
6.591048701,3881882,1202
6.593325767,3882140,258
6.593325767,3883326,1186
6.595602833,3883600,274
6.595602833,3884770,1170
6.597879899,3885060,290
6.597879899,3886214,1154
6.600156965,3886520,306
6.600156965,3887658,1138
6.602522575,3887980,322
6.602522575,3889102,1122
6.604800041,3889440,338
6.604800041,3890546,1106
6.607084086,3890900,354
6.607084086,3891990,1090
6.609361152,3892360,370
6.609361152,3893434,1074
6.611638218,3893820,386
6.611638218,3894878,1058
6.613915284,3895280,402
6.613915284,3896322,1042
6.616192350,3896740,418
6.616192350,3897766,1026
6.618469416,3898200,434
6.618469416,3899210,1010
6.620746482,3899660,450
6.620746482,3900654,994
6.623112092,3901120,466
6.623112092,3902098,978
6.625389158,3902580,482
6.625389158,3903542,962
6.627666624,3904040,498
6.627666624,3904986,946
6.629950669,3905500,514
6.629950669,3906430,930
6.632227735,3906960,530
6.632227735,3907874,914
6.634593345,3908420,546
6.634593345,3909318,898
6.636870411,3909880,562
6.636870411,3910762,882
6.639147477,3911340,578
6.639147477,3912206,866
6.641424543,3912800,594
6.641424543,3913650,850
6.643701609,3914260,610
6.643701609,3915094,834
6.646067219,3915720,626
6.646067219,3916538,818
6.648344685,3917180,642
6.648344685,3917982,802
6.650628730,3918640,658
6.650628730,3919426,786
6.652905796,3920100,674
6.652905796,3920870,770
6.655182862,3921560,690
6.655182862,3922314,754
6.657399876,3923020,706
6.657399876,3923758,738
6.659616890,3924480,722
6.659616890,3925202,722
6.661833904,3925940,738
6.661833904,3926646,706
6.664137127,3927400,754
6.664137127,3928090,690
6.666354141,3928860,770
6.666354141,3929534,674
6.668571155,3930320,786
6.668571155,3930978,658
6.670788569,3931780,802
6.670788569,3932422,642
6.673012367,3933240,818
6.673012367,3933866,626
6.675315590,3934700,834
6.675315590,3935310,610
6.677532604,3936160,850
6.677532604,3936754,594
6.679749618,3937620,866
6.679749618,3938198,578
6.681966632,3939080,882
6.681966632,3939642,562
6.684183646,3940540,898
6.684183646,3941086,546
6.686400660,3942000,914
6.686400660,3942530,530
6.688617674,3943460,930
6.688617674,3943974,514
6.690834688,3944920,946
6.690834688,3945418,498
6.693145095,3946380,962
6.693145095,3946862,482
6.695362109,3947840,978
6.695362109,3948306,466
6.697579123,3949300,994
6.697579123,3949750,450
6.699796137,3950760,1010
6.699796137,3951194,434
6.702013151,3952220,1026
6.702013151,3952638,418
6.704316374,3953680,1042
6.704316374,3954082,402
6.706533388,3955140,1058
6.706533388,3955526,386
6.708750402,3956600,1074
6.708750402,3956970,370
6.710967416,3958060,1090
6.710967416,3958414,354
6.713184830,3959520,1106
6.713184830,3959858,338
6.715494837,3960980,1122
6.715494837,3961302,322
6.717711851,3962440,1138
6.717711851,3962746,306
6.719928865,3963900,1154
6.719928865,3964190,290
6.722145879,3965360,1170
6.722145879,3965634,274
6.724362893,3966820,1186
6.724362893,3967078,258
6.726579907,3968280,1202
6.726579907,3968522,242
6.728796921,3969740,1218
6.728796921,3969966,226
6.731013935,3971200,1234
6.731013935,3971410,210
6.733317558,3972660,1250
6.733317558,3972854,194
6.735541356,3974120,1266
6.735541356,3974298,178
6.737758370,3975580,1282
6.737758370,3975742,162
6.739975384,3977040,1298
6.739975384,3977186,146
6.742192398,3978500,1314
6.742192398,3978630,130
6.744495621,3979960,1330
6.744495621,3980074,114
6.746712635,3981420,1346
6.746712635,3981518,98
6.748929649,3982880,1362
6.748929649,3982962,82
6.751146663,3984340,1378
6.751146663,3984406,66
6.753360397,3985800,1394
6.753360397,3985850,50
6.754468911,3987260,1410
6.754468911,3987294,34
6.756580250,3988720,1426
6.756580250,3988738,18
6.758685164,3990180,1442
6.758685164,3990182,2
6.760872061,3991634,1452
6.762978340,3991640,6
6.762978340,3993079,1439
6.765084619,3993100,21
6.765084619,3994524,1424
6.767190898,3994560,36
6.767190898,3995969,1409
6.769297177,3996020,51
6.769297177,3997414,1394
6.771485359,3997480,66
6.771485359,3998858,1378
6.773592038,3998940,82
6.773592038,4000302,1362
6.775704742,4000400,98
6.775704742,4001746,1346
6.777811021,4001860,114
6.777811021,4003190,1330
6.779917300,4003320,130
6.779917300,4004634,1314
6.782023579,4004780,146
6.782023579,4006078,1298
6.784129858,4006240,162
6.784129858,4007522,1282
6.786236137,4007700,178
6.786236137,4008966,1266
6.788424319,4009160,194
6.788424319,4010410,1250
6.790530598,4010620,210
6.790530598,4011854,1234
6.792636877,4012080,226
6.792636877,4013298,1218
6.794743556,4013540,242
6.794743556,4014742,1202
6.796856260,4015000,258
6.796856260,4016186,1186
6.798962539,4016460,274
6.798962539,4017630,1170
6.801150721,4017920,290
6.801150721,4019074,1154
6.803257000,4019380,306
6.803257000,4020518,1138
6.805363279,4020840,322
6.805363279,4021962,1122
6.807469558,4022300,338
6.807469558,4023406,1106
6.809575837,4023760,354
6.809575837,4024850,1090
6.811764019,4025220,370
6.811764019,4026294,1074
6.813870698,4026680,386
6.813870698,4027738,1058
6.815983402,4028140,402
6.815983402,4029182,1042
6.818089681,4029600,418
6.818089681,4030626,1026
6.820195960,4031060,434
6.820195960,4032070,1010
6.822302239,4032520,450
6.822302239,4033514,994
6.824408518,4033980,466
6.824408518,4034958,978
6.826596700,4035440,482
6.826596700,4036402,962
6.828702979,4036900,498
6.828702979,4037846,946
6.830809258,4038360,514
6.830809258,4039290,930
6.832915537,4039820,530
6.832915537,4040734,914
6.835022216,4041280,546
6.835022216,4042178,898
6.837134920,4042740,562
6.837134920,4043622,882
6.839323102,4044200,578
6.839323102,4045066,866
6.841429381,4045660,594
6.841429381,4046510,850
6.843535660,4047120,610
6.843535660,4047954,834
6.845641939,4048580,626
6.845641939,4049398,818
6.847748218,4050040,642
6.847748218,4050842,802
6.849854497,4051500,658
6.849854497,4052286,786
6.851960776,4052960,674
6.851960776,4053730,770
6.854149358,4054420,690
6.854149358,4055174,754
6.856329044,4055880,706
6.856329044,4056618,738
6.858502089,4057340,722
6.858502089,4058062,722
6.860675134,4058800,738
6.860675134,4059506,706
6.862848179,4060260,754
6.862848179,4060950,690
6.865021224,4061720,770
6.865021224,4062394,674
6.867278768,4063180,786
6.867278768,4063838,658
6.869451813,4064640,802
6.869451813,4065282,642
6.871624858,4066100,818
6.871624858,4066726,626
6.873797903,4067560,834
6.873797903,4068170,610
6.875971348,4069020,850
6.875971348,4069614,594
6.878151034,4070480,866
6.878151034,4071058,578
6.880324079,4071940,882
6.880324079,4072502,562
6.882581623,4073400,898
6.882581623,4073946,546
6.884754668,4074860,914
6.884754668,4075390,530
6.886927713,4076320,930
6.886927713,4076834,514
6.889100758,4077780,946
6.889100758,4078278,498
6.891273803,4079240,962
6.891273803,4079722,482
6.893531347,4080700,978
6.893531347,4081166,466
6.895704792,4082160,994
6.895704792,4082610,450
6.897884478,4083620,1010
6.897884478,4084054,434
6.900057523,4085080,1026
6.900057523,4085498,418
6.902230568,4086540,1042
6.902230568,4086942,402
6.904403613,4088000,1058
6.904403613,4088386,386
6.906661157,4089460,1074
6.906661157,4089830,370
6.908834202,4090920,1090
6.908834202,4091274,354
6.911007247,4092380,1106
6.911007247,4092718,338
6.913180292,4093840,1122
6.913180292,4094162,322
6.915353337,4095300,1138
6.915353337,4095606,306
6.917526782,4096760,1154
6.917526782,4097050,290
6.919706468,4098220,1170
6.919706468,4098494,274
6.921964012,4099680,1186
6.921964012,4099938,258
6.924137057,4101140,1202
6.924137057,4101382,242
6.926310102,4102600,1218
6.926310102,4102826,226
6.928483147,4104060,1234
6.928483147,4104270,210
6.930656192,4105520,1250
6.930656192,4105714,194
6.932829237,4106980,1266
6.932829237,4107158,178
6.935086781,4108440,1282
6.935086781,4108602,162
6.937260226,4109900,1298
6.937260226,4110046,146
6.939439912,4111360,1314
6.939439912,4111490,130
6.941612957,4112820,1330
6.941612957,4112934,114
6.943786002,4114280,1346
6.943786002,4114378,98
6.945959047,4115740,1362
6.945959047,4115822,82
6.948132092,4117200,1378
6.948132092,4117266,66
6.950389556,4118660,1394
6.950389556,4118710,50
6.952557992,4120120,1410
6.952557992,4120154,34
6.952964653,4121580,1426
6.952964653,4121598,18
6.955368114,4123040,1442
6.955368114,4123042,2
6.957772055,4124494,1452
6.960184468,4124500,6
6.960184468,4125939,1439
6.962683007,4125960,21
6.962683007,4127384,1424
6.965088027,4127420,36
6.965088027,4128829,1409
6.967493047,4128880,51
6.967493047,4130274,1394
6.969898067,4130340,66
6.969898067,4131718,1378
6.972303087,4131800,82
6.972303087,4133162,1362
6.974708107,4133260,98
6.974708107,4134606,1346
6.977113127,4134720,114
6.977113127,4136050,1330
6.979612066,4136180,130
6.979612066,4137494,1314
6.982024479,4137640,146
6.982024479,4138938,1298
6.984429499,4139100,162
6.984429499,4140382,1282
6.986834519,4140560,178
6.986834519,4141826,1266
6.989239539,4142020,194
6.989239539,4143270,1250
6.991738078,4143480,210
6.991738078,4144714,1234
6.994143098,4144940,226
6.994143098,4146158,1218
6.996548118,4146400,242
6.996548118,4147602,1202
6.998953138,4147860,258
6.998953138,4149046,1186
7.001358158,4149320,274
7.001358158,4150490,1170
7.003763578,4150780,290
7.003763578,4151934,1154
7.006269510,4152240,306
7.006269510,4153378,1138
7.008674530,4153700,322
7.008674530,4154822,1122
7.011079550,4155160,338
7.011079550,4156266,1106
7.013484570,4156620,354
7.013484570,4157710,1090
7.015889590,4158080,370
7.015889590,4159154,1074
7.018294610,4159540,386
7.018294610,4160598,1058
7.020699630,4161000,402
7.020699630,4162042,1042
7.023198169,4162460,418
7.023198169,4163486,1026
7.025603589,4163920,434
7.025603589,4164930,1010
7.028016002,4165380,450
7.028016002,4166374,994
7.030421022,4166840,466
7.030421022,4167818,978
7.032826042,4168300,482
7.032826042,4169262,962
7.035231062,4169760,498
7.035231062,4170706,946
7.037729601,4171220,514
7.037729601,4172150,930
7.040134621,4172680,530
7.040134621,4173594,914
7.042539641,4174140,546
7.042539641,4175038,898
7.044944661,4175600,562
7.044944661,4176482,882
7.047349681,4177060,578
7.047349681,4177926,866
7.049755101,4178520,594
7.049755101,4179370,850
7.053111528,4179980,610
7.053111528,4180814,834
7.055676562,4181440,626
7.055676562,4182258,818
7.058091697,4182900,642
7.058091697,4183702,802
7.060506832,4184360,658
7.060506832,4185146,786
7.062921967,4185820,674
7.062921967,4186590,770
7.065337102,4187280,690
7.065337102,4188034,754
7.067752237,4188740,706
7.067752237,4189478,738
7.070261285,4190200,722
7.070261285,4190922,722
7.072676820,4191660,738
7.072676820,4192366,706
7.075099381,4193120,754
7.075099381,4193810,690
7.077514516,4194580,770
7.077514516,4195254,674
7.079929651,4196040,786
7.079929651,4196698,658
7.082438699,4197500,802
7.082438699,4198142,642
7.084853834,4198960,818
7.084853834,4199586,626
7.087268969,4200420,834
7.087268969,4201030,610
7.089684104,4201880,850
7.089684104,4202474,594
7.092099239,4203340,866
7.092099239,4203918,578
7.094514374,4204800,882
7.094514374,4205362,562
7.096929909,4206260,898
7.096929909,4206806,546
7.099446383,4207720,914
7.099446383,4208250,530
7.101861518,4209180,930
7.101861518,4209694,514
7.104276653,4210640,946
7.104276653,4211138,498
7.106691788,4212100,962
7.106691788,4212582,482
7.109106923,4213560,978
7.109106923,4214026,466
7.111522058,4215020,994
7.111522058,4215470,450
7.113937193,4216480,1010
7.113937193,4216914,434
7.116446241,4217940,1026
7.116446241,4218358,418
7.118861776,4219400,1042
7.118861776,4219802,402
7.121284337,4220860,1058
7.121284337,4221246,386
7.123699472,4222320,1074
7.123699472,4222690,370
7.126114607,4223780,1090
7.126114607,4224134,354
7.128529742,4225240,1106
7.128529742,4225578,338
7.130944877,4226700,1122
7.130944877,4227022,322
7.133453925,4228160,1138
7.133453925,4228466,306
7.135869060,4229620,1154
7.135869060,4229910,290
7.138284195,4231080,1170
7.138284195,4231354,274
7.140699330,4232540,1186
7.140699330,4232798,258
7.143114865,4234000,1202
7.143114865,4234242,242
7.145537426,4235460,1218
7.145537426,4235686,226
7.148046474,4236920,1234
7.148046474,4237130,210
7.150461609,4238380,1250
7.150461609,4238574,194
7.154820627,4239840,1266
7.154820627,4240018,178
7.157286976,4241300,1282
7.157286976,4241462,162
7.159697208,4242760,1298
7.159697208,4242906,146
7.162107440,4244220,1314
7.162107440,4244350,130
7.164517672,4245680,1330
7.164517672,4245794,114
7.167022026,4247140,1346
7.167022026,4247238,98
7.169439669,4248600,1362
7.169439669,4248682,82
7.171849901,4250060,1378
7.171849901,4250126,66
7.174260053,4251520,1394
7.174260053,4251570,50
7.176668723,4252980,1410
7.176668723,4253014,34
7.179077393,4254440,1426
7.179077393,4254458,18
7.181579785,4255900,1442
7.181579785,4255902,2
7.183988535,4257354,1452
7.186398767,4257360,6
7.186398767,4258799,1439
7.188808999,4258820,21
7.188808999,4260244,1424
7.191219631,4260280,36
7.191219631,4261689,1409
7.193730996,4261740,51
7.193730996,4263134,1394
7.196141228,4263200,66
7.196141228,4264578,1378
7.198551460,4264660,82
7.198551460,4266022,1362
7.200961692,4266120,98
7.200961692,4267466,1346
7.203371924,4267580,114
7.203371924,4268910,1330
7.205782156,4269040,130
7.205782156,4270354,1314
7.208192388,4270500,146
7.208192388,4271798,1298
7.210696342,4271960,162
7.210696342,4273242,1282
7.213106974,4273420,178
7.213106974,4274686,1266
7.215524617,4274880,194
7.215524617,4276130,1250
7.217934849,4276340,210
7.217934849,4277574,1234
7.220345081,4277800,226
7.220345081,4279018,1218
7.222755313,4279260,242
7.222755313,4280462,1202
7.225259267,4280720,258
7.225259267,4281906,1186
7.227669499,4282180,274
7.227669499,4283350,1170
7.230079731,4283640,290
7.230079731,4284794,1154
7.232489963,4285100,306
7.232489963,4286238,1138
7.234900195,4286560,322
7.234900195,4287682,1122
7.237310827,4288020,338
7.237310827,4289126,1106
7.239728470,4289480,354
7.239728470,4290570,1090
7.242232424,4290940,370
7.242232424,4292014,1074
7.244642656,4292400,386
7.244642656,4293458,1058
7.247052888,4293860,402
7.247052888,4294902,1042
7.249463120,4295320,418
7.249463120,4296346,1026
7.251873352,4296780,434
7.251873352,4297790,1010
7.254283584,4298240,450
7.254283584,4299234,994
7.256560776,4299700,466
7.256560776,4300678,978
7.258753134,4301160,482
7.258753134,4302122,962
7.260951795,4302620,498
7.260951795,4303566,946
7.263143753,4304080,514
7.263143753,4305010,930
7.265335711,4305540,530
7.265335711,4306454,914
7.267527669,4307000,546
7.267527669,4307898,898
7.269719627,4308460,562
7.269719627,4309342,882
7.271996819,4309920,578
7.271996819,4310786,866
7.274188777,4311380,594
7.274188777,4312230,850
7.276380735,4312840,610
7.276380735,4313674,834
7.278572693,4314300,626
7.278572693,4315118,818
7.280765051,4315760,642
7.280765051,4316562,802
7.283048946,4317220,658
7.283048946,4318006,786
7.285240904,4318680,674
7.285240904,4319450,770
7.287432862,4320140,690
7.287432862,4320894,754
7.289624820,4321600,706
7.289624820,4322338,738
7.291816778,4323060,722
7.291816778,4323782,722
7.294008736,4324520,738
7.294008736,4325226,706
7.296285928,4325980,754
7.296285928,4326670,690
7.298477886,4327440,770
7.298477886,4328114,674
7.300670244,4328900,786
7.300670244,4329558,658
7.302868905,4330360,802
7.302868905,4331002,642
7.305060863,4331820,818
7.305060863,4332446,626
7.307252821,4333280,834
7.307252821,4333890,610
7.309444779,4334740,850
7.309444779,4335334,594
7.311721971,4336200,866
7.311721971,4336778,578
7.313913929,4337660,882
7.313913929,4338222,562
7.316105887,4339120,898
7.316105887,4339666,546
7.318297845,4340580,914
7.318297845,4341110,530
7.320489803,4342040,930
7.320489803,4342554,514
7.322682161,4343500,946
7.322682161,4343998,498
7.324966056,4344960,962
7.324966056,4345442,482
7.327158014,4346420,978
7.327158014,4346886,466
7.329349972,4347880,994
7.329349972,4348330,450
7.331541930,4349340,1010
7.331541930,4349774,434
7.333733888,4350800,1026
7.333733888,4351218,418
7.335925846,4352260,1042
7.335925846,4352662,402
7.338117804,4353720,1058
7.338117804,4354106,386
7.340394996,4355180,1074
7.340394996,4355550,370
7.342587354,4356640,1090
7.342587354,4356994,354
7.344786015,4358100,1106
7.344786015,4358438,338
7.346977973,4359560,1122
7.346977973,4359882,322
7.349169931,4361020,1138
7.349169931,4361326,306
7.351361889,4362480,1154
7.351361889,4362770,290
7.353635801,4363940,1170
7.353635801,4364214,274
7.354896755,4365400,1186
7.354896755,4365658,258
7.357154429,4366860,1202
7.357154429,4367102,242
7.359412103,4368320,1218
7.359412103,4368546,226
7.361669777,4369780,1234
7.361669777,4369990,210
7.363927851,4371240,1250
7.363927851,4371434,194
7.366192440,4372700,1266
7.366192440,4372878,178
7.368537904,4374160,1282
7.368537904,4374322,162
7.370795578,4375620,1298
7.370795578,4375766,146
7.373053252,4377080,1314
7.373053252,4377210,130
7.375310926,4378540,1330
7.375310926,4378654,114
7.377568600,4380000,1346
7.377568600,4380098,98
7.379914064,4381460,1362
7.379914064,4381542,82
7.382171738,4382920,1378
7.382171738,4382986,66
7.384429732,4384380,1394
7.384429732,4384430,50
7.386692858,4385840,1410
7.386692858,4385874,34
7.388949068,4387300,1426
7.388949068,4387318,18
7.391205278,4388760,1442
7.391205278,4388762,2
7.393549358,4390214,1452
7.395807032,4390220,6
7.395807032,4391659,1439
7.398064706,4391680,21
7.398064706,4393104,1424
7.400322380,4393140,36
7.400322380,4394549,1409
7.402580054,4394600,51
7.402580054,4395994,1394
7.404837728,4396060,66
7.404837728,4397438,1378
7.407095802,4397520,82
7.407095802,4398882,1362
7.409448181,4398980,98
7.409448181,4400326,1346
7.411705855,4400440,114
7.411705855,4401770,1330
7.413963529,4401900,130
7.413963529,4403214,1314
7.416221203,4403360,146
7.416221203,4404658,1298
7.418478877,4404820,162
7.418478877,4406102,1282
7.420736551,4406280,178
7.420736551,4407546,1266
7.423082015,4407740,194
7.423082015,4408990,1250
7.425339689,4409200,210
7.425339689,4410434,1234
7.427597763,4410660,226
7.427597763,4411878,1218
7.429862352,4412120,242
7.429862352,4413322,1202
7.432120026,4413580,258
7.432120026,4414766,1186
7.434377700,4415040,274
7.434377700,4416210,1170
7.436635374,4416500,290
7.436635374,4417654,1154
7.438980838,4417960,306
7.438980838,4419098,1138
7.441238512,4419420,322
7.441238512,4420542,1122
7.443496186,4420880,338
7.443496186,4421986,1106
7.445753860,4422340,354
7.445753860,4423430,1090
7.448011534,4423800,370
7.448011534,4424874,1074
7.450269608,4425260,386
7.450269608,4426318,1058
7.454560299,4426720,402
7.454560299,4427762,1042
7.456822532,4428180,418
7.456822532,4429206,1026
7.459023077,4429640,434
7.459023077,4430650,1010
7.461223622,4431100,450
7.461223622,4432094,994
7.463424167,4432560,466
7.463424167,4433538,978
7.465624712,4434020,482
7.465624712,4434982,962
7.467825257,4435480,498
7.467825257,4436426,946
7.470111370,4436940,514
7.470111370,4437870,930
7.472312315,4438400,530
7.472312315,4439314,914
7.474519590,4439860,546
7.474519590,4440758,898
7.476720135,4441320,562
7.476720135,4442202,882
7.478920680,4442780,578
7.478920680,4443646,866
7.481206793,4444240,594
7.481206793,4445090,850
7.483407338,4445700,610
7.483407338,4446534,834
7.485607883,4447160,626
7.485607883,4447978,818
7.487808428,4448620,642
7.487808428,4449422,802
7.490008973,4450080,658
7.490008973,4450866,786
7.492209518,4451540,674
7.492209518,4452310,770
7.494502762,4453000,690
7.494502762,4453754,754
7.496703307,4454460,706
7.496703307,4455198,738
7.498903852,4455920,722
7.498903852,4456642,722
7.501104397,4457380,738
7.501104397,4458086,706
7.503304942,4458840,754
7.503304942,4459530,690
7.505505487,4460300,770
7.505505487,4460974,674
7.507706032,4461760,786
7.507706032,4462418,658
7.509992145,4463220,802
7.509992145,4463862,642
7.512192690,4464680,818
7.512192690,4465306,626
7.514393635,4466140,834
7.514393635,4466750,610
7.516600910,4467600,850
7.516600910,4468194,594
7.518801455,4469060,866
7.518801455,4469638,578
7.521002000,4470520,882
7.521002000,4471082,562
7.523288113,4471980,898
7.523288113,4472526,546
7.525488658,4473440,914
7.525488658,4473970,530
7.527689203,4474900,930
7.527689203,4475414,514
7.529889748,4476360,946
7.529889748,4476858,498
7.532090293,4477820,962
7.532090293,4478302,482
7.534290838,4479280,978
7.534290838,4479746,466
7.536491783,4480740,994
7.536491783,4481190,450
7.538784626,4482200,1010
7.538784626,4482634,434
7.540985171,4483660,1026
7.540985171,4484078,418
7.543185716,4485120,1042
7.543185716,4485522,402
7.545386261,4486580,1058
7.545386261,4486966,386
7.547586806,4488040,1074
7.547586806,4488410,370
7.549787351,4489500,1090
7.549787351,4489854,354
7.552073464,4490960,1106
7.552073464,4491298,338
7.554274009,4492420,1122
7.554274009,4492742,322
7.556465494,4493880,1138
7.556465494,4494186,306
7.558663279,4495340,1154
7.558663279,4495630,290
7.560854364,4496800,1170
7.560854364,4497074,274
7.563130650,4498260,1186
7.563130650,4498518,258
7.565321735,4499720,1202
7.565321735,4499962,242
7.567512820,4501180,1218
7.567512820,4501406,226
7.569703905,4502640,1234
7.569703905,4502850,210
7.571894990,4504100,1250
7.571894990,4504294,194
7.574086075,4505560,1266
7.574086075,4505738,178
7.576277160,4507020,1282
7.576277160,4507182,162
7.578560546,4508480,1298
7.578560546,4508626,146
7.580751631,4509940,1314
7.580751631,4510070,130
7.582942716,4511400,1330
7.582942716,4511514,114
7.585133801,4512860,1346
7.585133801,4512958,98
7.587324886,4514320,1362
7.587324886,4514402,82
7.589515971,4515780,1378
7.589515971,4515846,66
7.591792177,4517240,1394
7.591792177,4517290,50
7.593981842,4518700,1410
7.593981842,4518734,34
7.596171507,4520160,1426
7.596171507,4520178,18
7.598361572,4521620,1442
7.598361572,4521622,2
7.600558017,4523074,1452
7.602749102,4523080,6
7.602749102,4524519,1439
7.604940187,4524540,21
7.604940187,4525964,1424
7.607216473,4526000,36
7.607216473,4527409,1409
7.609407558,4527460,51
7.609407558,4528854,1394
7.611598643,4528920,66
7.611598643,4530298,1378
7.613789728,4530380,82
7.613789728,4531742,1362
7.615980813,4531840,98
7.615980813,4533186,1346
7.618171898,4533300,114
7.618171898,4534630,1330
7.620363383,4534760,130
7.620363383,4536074,1314
7.622646369,4536220,146
7.622646369,4537518,1298
7.624837454,4537680,162
7.624837454,4538962,1282
7.627028539,4539140,178
7.627028539,4540406,1266
7.629219624,4540600,194
7.629219624,4541850,1250
7.631410709,4542060,210
7.631410709,4543294,1234
7.633601794,4543520,226
7.633601794,4544738,1218
7.635792879,4544980,242
7.635792879,4546182,1202
7.638069165,4546440,258
7.638069165,4547626,1186
7.640260650,4547900,274
7.640260650,4549070,1170
7.642458435,4549360,290
7.642458435,4550514,1154
7.644649520,4550820,306
7.644649520,4551958,1138
7.646840605,4552280,322
7.646840605,4553402,1122
7.649031690,4553740,338
7.649031690,4554846,1106
7.651307976,4555200,354
7.651307976,4556290,1090
7.653499061,4556660,370
7.653499061,4557734,1074
7.655686866,4558120,386
7.655686866,4560622,2502
7.655992064,4561040,418
7.655992064,4562066,1026
7.658233633,4562500,434
7.658233633,4563510,1010
7.660384592,4563960,450
7.660384592,4564954,994
7.662535551,4565420,466
7.662535551,4566398,978
7.664686510,4566880,482
7.664686510,4567842,962
7.666837469,4568340,498
7.666837469,4569286,946
7.668988428,4569800,514
7.668988428,4570730,930
7.671139387,4571260,530
7.671139387,4572174,914
7.673373986,4572720,546
7.673373986,4573618,898
7.675524945,4574180,562
7.675524945,4575062,882
7.677676304,4575640,578
7.677676304,4576506,866
7.679833833,4577100,594
7.679833833,4577950,850
7.681984792,4578560,610
7.681984792,4579394,834
7.684135751,4580020,626
7.684135751,4580838,818
7.686370350,4581480,642
7.686370350,4582282,802
7.688521309,4582940,658
7.688521309,4583726,786
7.690672268,4584400,674
7.690672268,4585170,770
7.692823227,4585860,690
7.692823227,4586614,754
7.694974186,4587320,706
7.694974186,4588058,738
7.697125145,4588780,722
7.697125145,4589502,722
7.699276504,4590240,738
7.699276504,4590946,706
7.701517673,4591700,754
7.701517673,4592390,690
7.703668632,4593160,770
7.703668632,4593834,674
7.705819591,4594620,786
7.705819591,4595278,658
7.707970550,4596080,802
7.707970550,4596722,642
7.710121509,4597540,818
7.710121509,4598166,626
7.712272468,4599000,834
7.712272468,4599610,610
7.714507067,4600460,850
7.714507067,4601054,594
7.716658026,4601920,866
7.716658026,4602498,578
7.718809385,4603380,882
7.718809385,4603942,562
7.720966914,4604840,898
7.720966914,4605386,546
7.723117873,4606300,914
7.723117873,4606830,530
7.725268832,4607760,930
7.725268832,4608274,514
7.727419791,4609220,946
7.727419791,4609718,498
7.729654390,4610680,962
7.729654390,4611162,482
7.731805349,4612140,978
7.731805349,4612606,466
7.733956308,4613600,994
7.733956308,4614050,450
7.736107267,4615060,1010
7.736107267,4615494,434
7.738258226,4616520,1026
7.738258226,4616938,418
7.740499795,4617980,1042
7.740499795,4618382,402
7.742650754,4619440,1058
7.742650754,4619826,386
7.744801713,4620900,1074
7.744801713,4621270,370
7.746952672,4622360,1090
7.746952672,4622714,354
7.749103631,4623820,1106
7.749103631,4624158,338
7.752194192,4625280,1122
7.752194192,4625602,322
7.754591166,4626740,1138
7.754591166,4627046,306
7.756840285,4628200,1154
7.756840285,4628490,290
7.759089404,4629660,1170
7.759089404,4629934,274
7.761338923,4631120,1186
7.761338923,4631378,258
7.763594930,4632580,1202
7.763594930,4632822,242
7.765844049,4634040,1218
7.765844049,4634266,226
7.768093168,4635500,1234
7.768093168,4635710,210
7.770429744,4636960,1250
7.770429744,4637154,194
7.772678863,4638420,1266
7.772678863,4638598,178
7.774927982,4639880,1282
7.774927982,4640042,162
7.777177101,4641340,1298
7.777177101,4641486,146
7.779426220,4642800,1314
7.779426220,4642930,130
7.781675339,4644260,1330
7.781675339,4644374,114
7.784019203,4645720,1346
7.784019203,4645818,98
7.786268322,4647180,1362
7.786268322,4647262,82
7.788517441,4648640,1378
7.788517441,4648706,66
7.790766480,4650100,1394
7.790766480,4650150,50
7.793014142,4651560,1410
7.793014142,4651594,34
7.795261804,4653020,1426
7.795261804,4653038,18
7.797509466,4654480,1442
7.797509466,4654482,2
7.799757208,4655934,1452
7.802093784,4655940,6
7.802093784,4657379,1439
7.804343303,4657400,21
7.804343303,4658824,1424
7.806599310,4658860,36
7.806599310,4660269,1409
7.808848429,4660320,51
7.808848429,4661714,1394
7.811097548,4661780,66
7.811097548,4663158,1378
7.813434124,4663240,82
7.813434124,4664602,1362
7.815683243,4664700,98
7.815683243,4666046,1346
7.817932362,4666160,114
7.817932362,4667490,1330
7.820181481,4667620,130
7.820181481,4668934,1314
7.822430600,4669080,146
7.822430600,4670378,1298
7.824767576,4670540,162
7.824767576,4671822,1282
7.827023583,4672000,178
7.827023583,4673266,1266
7.829272702,4673460,194
7.829272702,4674710,1250
7.831521821,4674920,210
7.831521821,4676154,1234
7.833770940,4676380,226
7.833770940,4677598,1218
7.836020059,4677840,242
7.836020059,4679042,1202
7.838269178,4679300,258
7.838269178,4680486,1186
7.840518297,4680760,274
7.840518297,4681930,1170
7.842854873,4682220,290
7.842854873,4683374,1154
7.845103992,4683680,306
7.845103992,4684818,1138
7.847353511,4685140,322
7.847353511,4686262,1122
7.849609518,4686600,338
7.849609518,4687706,1106
7.851858637,4688060,354
7.851858637,4689150,1090
7.854037368,4689520,370
7.854037368,4690594,1074
7.856134550,4690980,386
7.856134550,4692038,1058
7.858231732,4692440,402
7.858231732,4693482,1042
7.860328914,4693900,418
7.860328914,4694926,1026
7.862426096,4695360,434
7.862426096,4696370,1010
7.864523278,4696820,450
7.864523278,4697814,994
7.866620460,4698280,466
7.866620460,4699258,978
7.868718042,4699740,482
7.868718042,4700702,962
7.870903169,4701200,498
7.870903169,4702146,946
7.873000351,4702660,514
7.873000351,4703590,930
7.875097533,4704120,530
7.875097533,4705034,914
7.877194715,4705580,546
7.877194715,4706478,898
7.879291897,4707040,562
7.879291897,4707922,882
7.881470628,4708500,578
7.881470628,4709366,866
7.883567810,4709960,594
7.883567810,4710810,850
7.885664992,4711420,610
7.885664992,4712254,834
7.887762574,4712880,626
7.887762574,4713698,818
7.889866152,4714340,642
7.889866152,4715142,802
7.891963334,4715800,658
7.891963334,4716586,786
7.894060516,4717260,674
7.894060516,4718030,770
7.896157698,4718720,690
7.896157698,4719474,754
7.898336429,4720180,706
7.898336429,4720918,738
7.900433611,4721640,722
7.900433611,4722362,722
7.902530793,4723100,738
7.902530793,4723806,706
7.904627975,4724560,754
7.904627975,4725250,690
7.906725157,4726020,770
7.906725157,4726694,674
7.908910684,4727480,786
7.908910684,4728138,658
7.911007866,4728940,802
7.911007866,4729582,642
7.913105048,4730400,818
7.913105048,4731026,626
7.915202230,4731860,834
7.915202230,4732470,610
7.917299412,4733320,850
7.917299412,4733914,594
7.919478143,4734780,866
7.919478143,4735358,578
7.921575325,4736240,882
7.921575325,4736802,562
7.923672507,4737700,898
7.923672507,4738246,546
7.925769689,4739160,914
7.925769689,4739690,530
7.927867271,4740620,930
7.927867271,4741134,514
7.929970849,4742080,946
7.929970849,4742578,498
7.932068031,4743540,962
7.932068031,4744022,482
7.934165213,4745000,978
7.934165213,4745466,466
7.936343944,4746460,994
7.936343944,4746910,450
7.938441126,4747920,1010
7.938441126,4748354,434
7.940538308,4749380,1026
7.940538308,4749798,418
7.942635490,4750840,1042
7.942635490,4751242,402
7.944732672,4752300,1058
7.944732672,4752686,386
7.946911803,4753760,1074
7.946911803,4754130,370
7.949015381,4755220,1090
7.949015381,4755574,354
7.951112563,4756680,1106
7.951112563,4757018,338
7.954328352,4758140,1122
7.954328352,4758462,322
7.956547379,4759600,1138
7.956547379,4759906,306
7.958766406,4761060,1154
7.958766406,4761350,290
7.960985433,4762520,1170
7.960985433,4762794,274
7.963204460,4763980,1186
7.963204460,4764238,258
7.965509774,4765440,1202
7.965509774,4765682,242
7.967728801,4766900,1218
7.967728801,4767126,226
7.969948228,4768360,1234
7.969948228,4768570,210
7.972174045,4769820,1250
7.972174045,4770014,194
7.974393072,4771280,1266
7.974393072,4771458,178
7.976698386,4772740,1282
7.976698386,4772902,162
7.978917413,4774200,1298
7.978917413,4774346,146
7.981136440,4775660,1314
7.981136440,4775790,130
7.983355467,4777120,1330
7.983355467,4777234,114
7.985574494,4778580,1346
7.985574494,4778678,98
7.987793521,4780040,1362
7.987793521,4780122,82
7.990012548,4781500,1378
7.990012548,4781566,66
7.992231895,4782960,1394
7.992231895,4783010,50
7.994542561,4784420,1410
7.994542561,4784454,34
7.996760150,4785880,1426
7.996760150,4785898,18
7.998977739,4787340,1442
7.998977739,4787342,2
8.001195408,4788794,1452
8.003414435,4788800,6
8.003414435,4790239,1439
8.005719749,4790260,21
8.005719749,4791684,1424
8.007938776,4791720,36
8.007938776,4793129,1409
8.010157803,4793180,51
8.010157803,4794574,1394
8.012377230,4794640,66
8.012377230,4796018,1378
8.014603047,4796100,82
8.014603047,4797462,1362
8.016908361,4797560,98
8.016908361,4798906,1346
8.019127388,4799020,114
8.019127388,4800350,1330
8.021346415,4800480,130
8.021346415,4801794,1314
8.023565442,4801940,146
8.023565442,4803238,1298
8.025784469,4803400,162
8.025784469,4804682,1282
8.028003496,4804860,178
8.028003496,4806126,1266
8.030222523,4806320,194
8.030222523,4807570,1250
8.032441550,4807780,210
8.032441550,4809014,1234
8.034754055,4809240,226
8.034754055,4810458,1218
8.036973082,4810700,242
8.036973082,4811902,1202
8.039192109,4812160,258
8.039192109,4813346,1186
8.041411136,4813620,274
8.041411136,4814790,1170
8.043630163,4815080,290
8.043630163,4816234,1154
8.045935477,4816540,306
8.045935477,4817678,1138
8.048154504,4818000,322
8.048154504,4819122,1122
8.050373531,4819460,338
8.050373531,4820566,1106
8.052589278,4820920,354
8.052589278,4822010,1090
8.053675421,4822380,370
8.053675421,4823454,1074
8.055764232,4823840,386
8.055764232,4824898,1058
8.057846695,4825300,402
8.057846695,4826342,1042
8.059929158,4826760,418
8.059929158,4827786,1026
8.062092598,4828220,434
8.062092598,4829230,1010
8.064175061,4829680,450
8.064175061,4830674,994
8.066257524,4831140,466
8.066257524,4832118,978
8.068339987,4832600,482
8.068339987,4833562,962
8.070422450,4834060,498
8.070422450,4835006,946
8.072586290,4835520,514
8.072586290,4836450,930
8.074675101,4836980,530
8.074675101,4837894,914
8.076757564,4838440,546
8.076757564,4839338,898
8.078840027,4839900,562
8.078840027,4840782,882
8.080922490,4841360,578
8.080922490,4842226,866
8.083085930,4842820,594
8.083085930,4843670,850
8.085168393,4844280,610
8.085168393,4845114,834
8.087250856,4845740,626
8.087250856,4846558,818
8.089333319,4847200,642
8.089333319,4848002,802
8.091415782,4848660,658
8.091415782,4849446,786
8.093498645,4850120,674
8.093498645,4850890,770
8.095587456,4851580,690
8.095587456,4852334,754
8.097669919,4853040,706
8.097669919,4853778,738
8.099833359,4854500,722
8.099833359,4855222,722
8.101915822,4855960,738
8.101915822,4856666,706
8.103998285,4857420,754
8.103998285,4858110,690
8.106080748,4858880,770
8.106080748,4859554,674
8.108163211,4860340,786
8.108163211,4860998,658
8.110245674,4861800,802
8.110245674,4862442,642
8.112409514,4863260,818
8.112409514,4863886,626
8.114498325,4864720,834
8.114498325,4865330,610
8.116580788,4866180,850
8.116580788,4866774,594
8.118663251,4867640,866
8.118663251,4868218,578
8.120745714,4869100,882
8.120745714,4869662,562
8.122828177,4870560,898
8.122828177,4871106,546
8.124910640,4872020,914
8.124910640,4872550,530
8.126993103,4873480,930
8.126993103,4873994,514
8.129156543,4874940,946
8.129156543,4875438,498
8.131239006,4876400,962
8.131239006,4876882,482
8.133321869,4877860,978
8.133321869,4878326,466
8.135410680,4879320,994
8.135410680,4879770,450
8.137493143,4880780,1010
8.137493143,4881214,434
8.139656583,4882240,1026
8.139656583,4882658,418
8.141739046,4883700,1042
8.141739046,4884102,402
8.143821509,4885160,1058
8.143821509,4885546,386
8.145903972,4886620,1074
8.145903972,4886990,370
8.147986435,4888080,1090
8.147986435,4888434,354
8.150068898,4889540,1106
8.150068898,4889878,338
8.153094169,4891000,1122
8.153094169,4891322,322
8.155521514,4892460,1138
8.155521514,4892766,306
8.157990694,4893920,1154
8.157990694,4894210,290
8.160360447,4895380,1170
8.160360447,4895654,274
8.162730200,4896840,1186
8.162730200,4897098,258
8.165099953,4898300,1202
8.165099953,4898542,242
8.167469706,4899760,1218
8.167469706,4899986,226
8.169931607,4901220,1234
8.169931607,4901430,210
8.172301360,4902680,1250
8.172301360,4902874,194
8.174671113,4904140,1266
8.174671113,4904318,178
8.177041266,4905600,1282
8.177041266,4905762,162
8.179418298,4907060,1298
8.179418298,4907206,146
8.181880199,4908520,1314
8.181880199,4908650,130
8.184249952,4909980,1330
8.184249952,4910094,114
8.186619705,4911440,1346
8.186619705,4911538,98
8.188989458,4912900,1362
8.188989458,4912982,82
8.191359211,4914360,1378
8.191359211,4914426,66
8.193728884,4915820,1394
8.193728884,4915870,50
8.196097101,4917280,1410
8.196097101,4917314,34
8.198465318,4918740,1426
8.198465318,4918758,18
8.200933362,4920200,1442
8.200933362,4920202,2
8.203301659,4921654,1452
8.205671412,4921660,6
8.205671412,4923099,1439
8.208041165,4923120,21
8.208041165,4924544,1424
8.210410918,4924580,36
8.210410918,4925989,1409
8.212872819,4926040,51
8.212872819,4927434,1394
8.215242572,4927500,66
8.215242572,4928878,1378
8.217612325,4928960,82
8.217612325,4930322,1362
8.219982078,4930420,98
8.219982078,4931766,1346
8.222352231,4931880,114
8.222352231,4933210,1330
8.224729263,4933340,130
8.224729263,4934654,1314
8.227099016,4934800,146
8.227099016,4936098,1298
8.229468769,4936260,162
8.229468769,4937542,1282
8.231930670,4937720,178
8.231930670,4938986,1266
8.234300423,4939180,194
8.234300423,4940430,1250
8.236670176,4940640,210
8.236670176,4941874,1234
8.239039929,4942100,226
8.239039929,4943318,1218
8.241409682,4943560,242
8.241409682,4944762,1202
8.243871983,4945020,258
8.243871983,4946206,1186
8.246249015,4946480,274
8.246249015,4947650,1170
8.248618768,4947940,290
8.248618768,4949094,1154
8.250988521,4949400,306
8.250988521,4950538,1138
8.253358274,4950860,322
8.253358274,4951982,1122
8.255724000,4952320,338
8.255724000,4953426,1106
8.258089726,4953780,354
8.258089726,4954870,1090
8.260455452,4955240,370
8.260455452,4956314,1074
8.262913169,4956700,386
8.262913169,4957758,1058
8.265278895,4958160,402
8.265278895,4959202,1042
8.267645021,4959620,418
8.267645021,4960646,1026
8.270018013,4961080,434
8.270018013,4962090,1010
8.272383739,4962540,450
8.272383739,4963534,994
8.274841456,4964000,466
8.274841456,4964978,978
8.277207182,4965460,482
8.277207182,4966422,962
8.279572908,4966920,498
8.279572908,4967866,946
8.281938634,4968380,514
8.281938634,4969310,930
8.284304360,4969840,530
8.284304360,4970754,914
8.286762077,4971300,546
8.286762077,4972198,898
8.289128203,4972760,562
8.289128203,4973642,882
8.291501195,4974220,578
8.291501195,4975086,866
8.293866921,4975680,594
8.293866921,4976530,850
8.296232647,4977140,610
8.296232647,4977974,834
8.298598373,4978600,626
8.298598373,4979418,818
8.300964099,4980060,642
8.300964099,4980862,802
8.303329825,4981520,658
8.303329825,4982306,786
8.305787542,4982980,674
8.305787542,4983750,770
8.308153268,4984440,690
8.308153268,4985194,754
8.310518994,4985900,706
8.310518994,4986638,738
8.312885120,4987360,722
8.312885120,4988082,722
8.315258112,4988820,738
8.315258112,4989526,706
8.317715829,4990280,754
8.317715829,4990970,690
8.320081555,4991740,770
8.320081555,4992414,674
8.322447281,4993200,786
8.322447281,4993858,658
8.324813007,4994660,802
8.324813007,4995302,642
8.327178733,4996120,818
8.327178733,4996746,626
8.329544459,4997580,834
8.329544459,4998190,610
8.331910185,4999040,850
8.331910185,4999634,594
8.334275911,5000500,866
8.334275911,5001078,578
8.336741294,5001960,882
8.336741294,5002522,562
8.339107020,5003420,898
8.339107020,5003966,546
8.341472746,5004880,914
8.341472746,5005410,530
8.343838472,5006340,930
8.343838472,5006854,514
8.346204198,5007800,946
8.346204198,5008298,498
8.348661915,5009260,962
8.348661915,5009742,482
8.351027641,5010720,978
8.351027641,5011186,466
8.354335453,5012180,994
8.354335453,5012630,450
8.356735978,5013640,1010
8.356735978,5014074,434
8.359078989,5015100,1026
8.359078989,5015518,418
8.361428792,5016560,1042
8.361428792,5016962,402
8.363771403,5018020,1058
8.363771403,5018406,386
8.366114014,5019480,1074
8.366114014,5019850,370
8.368547718,5020940,1090
8.368547718,5021294,354
8.370890329,5022400,1106
8.370890329,5022738,338
8.373232940,5023860,1122
8.373232940,5024182,322
8.375575551,5025320,1138
8.375575551,5025626,306
8.377918162,5026780,1154
8.377918162,5027070,290
8.380352266,5028240,1170
8.380352266,5028514,274
8.382702069,5029700,1186
8.382702069,5029958,258
8.385044680,5031160,1202
8.385044680,5031402,242
8.387387291,5032620,1218
8.387387291,5032846,226
8.389729902,5034080,1234
8.389729902,5034290,210
8.392163606,5035540,1250
8.392163606,5035734,194
8.394506217,5037000,1266
8.394506217,5037178,178
8.396848828,5038460,1282
8.396848828,5038622,162
8.399191439,5039920,1298
8.399191439,5040066,146
8.401534050,5041380,1314
8.401534050,5041510,130
8.403877061,5042840,1330
8.403877061,5042954,114
8.406226864,5044300,1346
8.406226864,5044398,98
8.408569475,5045760,1362
8.408569475,5045842,82
8.411003179,5047220,1378
8.411003179,5047286,66
8.413345710,5048680,1394
8.413345710,5048730,50
8.415686803,5050140,1410
8.415686803,5050174,34
8.418027896,5051600,1426
8.418027896,5051618,18
8.420368989,5053060,1442
8.420368989,5053062,2
8.422801255,5054514,1452
8.425144266,5054520,6
8.425144266,5055959,1439
8.427494069,5055980,21
8.427494069,5057404,1424
8.429836680,5057440,36
8.429836680,5058849,1409
8.432179291,5058900,51
8.432179291,5060294,1394
8.434521902,5060360,66
8.434521902,5061738,1378
8.436864513,5061820,82
8.436864513,5063182,1362
8.439207124,5063280,98
8.439207124,5064626,1346
8.441640828,5064740,114
8.441640828,5066070,1330
8.443983439,5066200,130
8.443983439,5067514,1314
8.446326050,5067660,146
8.446326050,5068958,1298
8.448669061,5069120,162
8.448669061,5070402,1282
8.451018864,5070580,178
8.451018864,5071846,1266
8.454393011,5072040,194
8.454393011,5073290,1250
8.456733321,5073500,210
8.456733321,5074734,1234
8.459014074,5074960,226
8.459014074,5076178,1218
8.461294827,5076420,242
8.461294827,5077622,1202
8.463575580,5077880,258
8.463575580,5079066,1186
8.465856333,5079340,274
8.465856333,5080510,1170
8.468137086,5080800,290
8.468137086,5081954,1154
8.470417839,5082260,306
8.470417839,5083398,1138
8.472794670,5083720,322
8.472794670,5084842,1122
8.475075423,5085180,338
8.475075423,5086286,1106
8.477356176,5086640,354
8.477356176,5087730,1090
8.479636929,5088100,370
8.479636929,5089174,1074
8.481917682,5089560,386
8.481917682,5090618,1058
8.484287122,5091020,402
8.484287122,5092062,1042
8.486567875,5092480,418
8.486567875,5093506,1026
8.488848628,5093940,434
8.488848628,5094950,1010
8.491129381,5095400,450
8.491129381,5096394,994
8.493410534,5096860,466
8.493410534,5097838,978
8.495786964,5098320,482
8.495786964,5099282,962
8.498067717,5099780,498
8.498067717,5100726,946
8.500348470,5101240,514
8.500348470,5102170,930
8.502629223,5102700,530
8.502629223,5103614,914
8.504909976,5104160,546
8.504909976,5105058,898
8.507190729,5105620,562
8.507190729,5106502,882
8.509471482,5107080,578
8.509471482,5107946,866
8.511752235,5108540,594
8.511752235,5109390,850
8.514122075,5110000,610
8.514122075,5110834,834
8.516409818,5111460,626
8.516409818,5112278,818
8.518690571,5112920,642
8.518690571,5113722,802
8.520971324,5114380,658
8.520971324,5115166,786
8.523252077,5115840,674
8.523252077,5116610,770
8.525621517,5117300,690
8.525621517,5118054,754
8.527902270,5118760,706
8.527902270,5119498,738
8.530183023,5120220,722
8.530183023,5120942,722
8.532463776,5121680,738
8.532463776,5122386,706
8.534744529,5123140,754
8.534744529,5123830,690
8.537025682,5124600,770
8.537025682,5125274,674
8.539313425,5126060,786
8.539313425,5126718,658
8.541594178,5127520,802
8.541594178,5128162,642
8.543963618,5128980,818
8.543963618,5129606,626
8.546244371,5130440,834
8.546244371,5131050,610
8.548525124,5131900,850
8.548525124,5132494,594
8.550805877,5133360,866
8.550805877,5133938,578
8.553086630,5134820,882
8.553086630,5135382,562
8.555452790,5136280,898
8.555452790,5138270,1990
8.556130725,5139200,930
8.556130725,5139714,514
8.558464272,5140660,946
8.558464272,5141158,498
8.560797819,5142120,962
8.560797819,5142602,482
8.563222106,5143580,978
8.563222106,5144046,466
8.565555653,5145040,994
8.565555653,5145490,450
8.567889200,5146500,1010
8.567889200,5146934,434
8.570222747,5147960,1026
8.570222747,5148378,418
8.572556294,5149420,1042
8.572556294,5149822,402
8.574889841,5150880,1058
8.574889841,5151266,386
8.577223788,5152340,1074
8.577223788,5152710,370
8.579564496,5153800,1090
8.579564496,5154154,354
8.581988783,5155260,1106
8.581988783,5155598,338
8.584322330,5156720,1122
8.584322330,5157042,322
8.586655877,5158180,1138
8.586655877,5158486,306
8.588989424,5159640,1154
8.588989424,5159930,290
8.591322971,5161100,1170
8.591322971,5161374,274
8.593747258,5162560,1186
8.593747258,5162818,258
8.596080805,5164020,1202
8.596080805,5164262,242
8.598414752,5165480,1218
8.598414752,5165706,226
8.600755460,5166940,1234
8.600755460,5167150,210
8.603089007,5168400,1250
8.603089007,5168594,194
8.605422554,5169860,1266
8.605422554,5170038,178
8.607756101,5171320,1282
8.607756101,5171482,162
8.610089648,5172780,1298
8.610089648,5172926,146
8.612513935,5174240,1314
8.612513935,5174370,130
8.614847482,5175700,1330
8.614847482,5175814,114
8.617181029,5177160,1346
8.617181029,5177258,98
8.619514576,5178620,1362
8.619514576,5178702,82
8.621848523,5180080,1378
8.621848523,5180146,66
8.624279891,5181540,1394
8.624279891,5181590,50
8.626611925,5183000,1410
8.626611925,5183034,34
8.628943959,5184460,1426
8.628943959,5184478,18
8.631275993,5185920,1442
8.631275993,5185922,2
8.633608107,5187374,1452
8.635941654,5187380,6
8.635941654,5188819,1439
8.638275201,5188840,21
8.638275201,5190264,1424
8.640608748,5190300,36
8.640608748,5191709,1409
8.642942295,5191760,51
8.642942295,5193154,1394
8.645374144,5193220,66
8.645374144,5194598,1378
8.647707691,5194680,82
8.647707691,5196042,1362
8.650041238,5196140,98
8.650041238,5197486,1346
8.655310679,5197600,114
8.655310679,5198930,1330
8.657484336,5199060,130
8.657484336,5200374,1314
8.659675917,5200520,146
8.659675917,5201818,1298
8.661785468,5201980,162
8.661785468,5203262,1282
8.663895019,5203440,178
8.663895019,5204706,1266
8.666004570,5204900,194
8.666004570,5206150,1250
8.668114521,5206360,210
8.668114521,5207594,1234
8.670312538,5207820,226
8.670312538,5209038,1218
8.672422089,5209280,242
8.672422089,5210482,1202
8.674531640,5210740,258
8.674531640,5211926,1186
8.676641191,5212200,274
8.676641191,5213370,1170
8.678750742,5213660,290
8.678750742,5214814,1154
8.680860293,5215120,306
8.680860293,5216258,1138
8.682969844,5216580,322
8.682969844,5217702,1122
8.685079395,5218040,338
8.685079395,5219146,1106
8.687271376,5219500,354
8.687271376,5220590,1090
8.689387363,5220960,370
8.689387363,5222034,1074
8.691496914,5222420,386
8.691496914,5223478,1058
8.693606465,5223880,402
8.693606465,5224922,1042
8.695716016,5225340,418
8.695716016,5226366,1026
8.697907597,5226800,434
8.697907597,5227810,1010
8.700017148,5228260,450
8.700017148,5229254,994
8.702126699,5229720,466
8.702126699,5230698,978
8.704236250,5231180,482
8.704236250,5232142,962
8.706345801,5232640,498
8.706345801,5233586,946
8.708455752,5234100,514
8.708455752,5235030,930
8.710571739,5235560,530
8.710571739,5236474,914
8.712681290,5237020,546
8.712681290,5237918,898
8.714872871,5238480,562
8.714872871,5239362,882
8.716982422,5239940,578
8.716982422,5240806,866
8.719091973,5241400,594
8.719091973,5242250,850
8.720002418,5242800,550
