1.05297	0	0	0	0	
1.15601	0	1200	1200	0	
1.15775	0	2400	2400	0	
1.15983	1	0	0	0	
1.16193	1	1456	1456	0	
1.16193	1	1460	1460	0	
1.16647	1	2905	2905	0	
1.16647	1	2920	2920	0	
1.17647	1	4354	4354	0	
1.17647	1	4380	4380	0	
1.26915	1	5803	5803	0	
1.26915	1	5840	5840	0	
1.27157	1	7252	7252	0	
1.27157	1	7300	7300	0	
1.27399	1	8701	8701	0	
1.27399	1	8760	8760	0	
1.27641	1	10150	10150	0	
1.27641	1	10220	10220	0	
1.27883	1	11598	11598	0	
1.27883	1	11680	11680	0	
1.28125	1	13046	13046	0	
1.28125	1	13140	13140	0	
1.28916	1	14494	14494	0	
1.28916	1	14600	14600	0	
1.29158	1	15942	15942	0	
1.29158	1	16060	16060	0	
1.38069	1	17390	17390	0	
1.38069	1	17520	17520	0	
1.38312	1	18834	18834	0	
1.38312	1	18980	18980	0	
1.38555	1	20278	20278	0	
1.38555	1	20440	20440	0	
1.38798	1	21722	21722	0	
1.38798	1	21900	21900	0	
1.39041	1	23166	23166	0	
1.39041	1	23360	23360	0	
1.39284	1	24610	24610	0	
1.39284	1	24820	24820	0	
1.39527	1	26054	26054	0	
1.39527	1	26280	26280	0	
1.39769	1	27498	27498	0	
1.39769	1	27740	27740	0	
1.40012	1	28942	28942	0	
1.40012	1	29200	29200	0	
1.40255	1	30386	30386	0	
1.40255	1	30660	30660	0	
1.40498	1	31830	31830	0	
1.40498	1	32120	32120	0	
1.40741	1	33274	33274	0	
1.40741	1	33580	33580	0	
1.40992	1	34718	34718	0	
1.40992	1	35040	35040	0	
1.41235	1	36162	36162	0	
1.41235	1	36500	36500	0	
1.41478	1	37606	37606	0	
1.41478	1	37960	37960	0	
1.4172	1	39050	39050	0	
1.4172	1	39420	39420	0	
1.49211	1	40494	40494	0	
1.49211	1	40880	40880	0	
1.49439	1	41938	41938	0	
1.49439	1	42340	42340	0	
1.49668	1	43382	43382	0	
1.49668	1	43800	43800	0	
1.49896	1	44826	44826	0	
1.49896	1	45260	45260	0	
1.50124	1	46270	46270	0	
1.50124	1	46720	46720	0	
1.50352	1	47714	47714	0	
1.50352	1	48180	48180	0	
1.5058	1	49158	49158	0	
1.5058	1	49640	49640	0	
1.50808	1	50602	50602	0	
1.50808	1	51100	51100	0	
1.51036	1	52046	52046	0	
1.51036	1	52560	52560	0	
1.51264	1	53490	53490	0	
1.51264	1	54020	54020	0	
1.51492	1	54934	54934	0	
1.51492	1	55480	55480	0	
1.5172	1	56378	56378	0	
1.5172	1	56940	56940	0	
1.51948	1	57822	57822	0	
1.51948	1	58400	58400	0	
1.52176	1	59266	59266	0	
1.52176	1	59860	59860	0	
1.52404	1	60710	60710	0	
1.52404	1	61320	61320	0	
1.52632	1	62154	62154	0	
1.52632	1	62780	62780	0	
1.5286	1	63598	63598	0	
1.5286	1	64240	64240	0	
1.53088	1	65042	65042	0	
1.53088	1	65700	65700	0	
1.53324	1	66486	66486	0	
1.53324	1	67160	67160	0	
1.53552	1	67930	67930	0	
1.53552	1	68620	68620	0	
1.5378	1	69374	69374	0	
1.5378	1	70080	70080	0	
1.54008	1	70818	70818	0	
1.54008	1	71540	71540	0	
1.54236	1	72262	72262	0	
1.54236	1	73000	73000	0	
1.54464	1	73706	73706	0	
1.54464	1	74460	74460	0	
1.54692	1	75150	75150	0	
1.54692	1	75920	75920	0	
1.5492	1	76594	76594	0	
1.5492	1	77380	77380	0	
1.55341	1	78038	78038	0	
1.55341	1	78840	78840	0	
1.55559	1	79482	79482	0	
1.55559	1	80300	80300	0	
1.55778	1	80926	80926	0	
1.55778	1	81760	81760	0	
1.55989	1	82370	82370	0	
1.55989	1	83220	83220	0	
1.562	1	83814	83814	0	
1.562	1	84680	84680	0	
1.56412	1	85258	85258	0	
1.56412	1	86140	86140	0	
1.60107	1	86702	86702	0	
1.60107	1	87600	87600	0	
1.60318	1	88146	88146	0	
1.60318	1	89060	89060	0	
1.60529	1	89590	89590	0	
1.60529	1	90520	90520	0	
1.6074	1	91034	91034	0	
1.6074	1	91980	91980	0	
1.60951	1	92478	92478	0	
1.60951	1	93440	93440	0	
1.61163	1	93922	93922	0	
1.61163	1	94900	94900	0	
1.61382	1	95366	95366	0	
1.61382	1	96360	96360	0	
1.61593	1	96810	96810	0	
1.61593	1	97820	97820	0	
1.61804	1	98254	98254	0	
1.61804	1	99280	99280	0	
1.62015	1	99698	99698	0	
1.62015	1	100740	100740	0	
1.62227	1	101142	101142	0	
1.62227	1	102200	102200	0	
1.62438	1	102586	102586	0	
1.62438	1	103660	103660	0	
1.62649	1	104030	104030	0	
1.62649	1	105120	105120	0	
1.62861	1	105474	105474	0	
1.62861	1	106580	106580	0	
1.63072	1	106918	106918	0	
1.63072	1	108040	108040	0	
1.63283	1	108362	108362	0	
1.63283	1	109500	109500	0	
1.63494	1	109806	109806	0	
1.63494	1	110960	110960	0	
1.63705	1	111250	111250	0	
1.63705	1	112420	112420	0	
1.63924	1	112694	112694	0	
1.63924	1	113880	113880	0	
1.64136	1	114138	114138	0	
1.64136	1	115340	115340	0	
1.64347	1	115582	115582	0	
1.64347	1	116800	116800	0	
1.64559	1	117026	117026	0	
1.64559	1	118260	118260	0	
1.6477	1	118470	118470	0	
1.6477	1	119720	119720	0	
1.64981	1	119914	119914	0	
1.64981	1	121180	121180	0	
1.65192	1	121358	121358	0	
1.65192	1	122640	122640	0	
1.65403	1	122802	122802	0	
1.65403	1	124100	124100	0	
1.65511	1	124246	124246	0	
1.65511	1	125560	125560	0	
1.65718	1	125690	125690	0	
1.65718	1	127020	127020	0	
1.65925	1	127134	127134	0	
1.65925	1	128480	128480	0	
1.66133	1	128578	128578	0	
1.66133	1	129940	129940	0	
1.66348	1	130022	130022	0	
1.66348	1	131400	131400	0	
1.66556	1	131466	131466	0	
1.66556	1	132860	132860	0	
1.66763	1	132910	132910	0	
1.66763	1	134320	134320	0	
1.6697	1	134354	134354	0	
1.6697	1	135780	135780	0	
1.67177	1	135798	135798	0	
1.67177	1	137240	137240	0	
1.67384	1	137242	137242	0	
1.67592	1	138694	138694	0	
1.67592	1	138700	138700	0	
1.67799	1	140139	140139	0	
1.67799	1	140160	140160	0	
1.68006	1	141584	141584	0	
1.68006	1	141620	141620	0	
1.68214	1	143029	143029	0	
1.68214	1	143080	143080	0	
1.68421	1	144474	144474	0	
1.68421	1	144540	144540	0	
1.68629	1	145918	145918	0	
1.68629	1	146000	146000	0	
1.68836	1	147362	147362	0	
1.68836	1	147460	147460	0	
1.69044	1	148806	148806	0	
1.69044	1	148920	148920	0	
1.69251	1	150250	150250	0	
1.69251	1	150380	150380	0	
1.69458	1	151694	151694	0	
1.69458	1	151840	151840	0	
1.69673	1	153138	153138	0	
1.69673	1	153300	153300	0	
1.6988	1	154582	154582	0	
1.6988	1	154760	154760	0	
1.70088	1	156026	156026	0	
1.70088	1	156220	156220	0	
1.70295	1	157470	157470	0	
1.70295	1	157680	157680	0	
1.70502	1	158914	158914	0	
1.70502	1	159140	159140	0	
1.7071	1	160358	160358	0	
1.7071	1	160600	160600	0	
1.70918	1	161802	161802	0	
1.70918	1	162060	162060	0	
1.71125	1	163246	163246	0	
1.71125	1	163520	163520	0	
1.71332	1	164690	164690	0	
1.71332	1	164980	164980	0	
1.7154	1	166134	166134	0	
1.7154	1	166440	166440	0	
1.71755	1	167578	167578	0	
1.71755	1	167900	167900	0	
1.71962	1	169022	169022	0	
1.71962	1	169360	169360	0	
1.72169	1	170466	170466	0	
1.72169	1	170820	170820	0	
1.72377	1	171910	171910	0	
1.72377	1	172280	172280	0	
1.72584	1	173354	173354	0	
1.72584	1	173740	173740	0	
1.72792	1	174798	174798	0	
1.72792	1	175200	175200	0	
1.72999	1	176242	176242	0	
1.72999	1	176660	176660	0	
1.73207	1	177686	177686	0	
1.73207	1	178120	178120	0	
1.73421	1	179130	179130	0	
1.73421	1	179580	179580	0	
1.73629	1	180574	180574	0	
1.73629	1	181040	181040	0	
1.73836	1	182018	182018	0	
1.73836	1	182500	182500	0	
1.74043	1	183462	183462	0	
1.74043	1	183960	183960	0	
1.74251	1	184906	184906	0	
1.74251	1	185420	185420	0	
1.74458	1	186350	186350	0	
1.74458	1	186880	186880	0	
1.74674	1	187794	187794	0	
1.74674	1	188340	188340	0	
1.74881	1	189238	189238	0	
1.74881	1	189800	189800	0	
1.75088	1	190682	190682	0	
1.75088	1	191260	191260	0	
1.75296	1	192126	192126	0	
1.75296	1	192720	192720	0	
1.75542	1	193570	193570	0	
1.75542	1	194180	194180	0	
1.75788	1	195014	195014	0	
1.75788	1	195640	195640	0	
1.76035	1	196458	196458	0	
1.76035	1	197100	197100	0	
1.76281	1	197902	197902	0	
1.76281	1	198560	198560	0	
1.76528	1	199346	199346	0	
1.76528	1	200020	200020	0	
1.76774	1	200790	200790	0	
1.76774	1	201480	201480	0	
1.7702	1	202234	202234	0	
1.7702	1	202940	202940	0	
1.77268	1	203678	203678	0	
1.77268	1	204400	204400	0	
1.77514	1	205122	205122	0	
1.77514	1	205860	205860	0	
1.7776	1	206566	206566	0	
1.7776	1	207320	207320	0	
1.78007	1	208010	208010	0	
1.78007	1	208780	208780	0	
1.78253	1	209454	209454	0	
1.78253	1	210240	210240	0	
1.78509	1	210898	210898	0	
1.78509	1	211700	211700	0	
1.78755	1	212342	212342	0	
1.78755	1	213160	213160	0	
1.79002	1	213786	213786	0	
1.79002	1	214620	214620	0	
1.79248	1	215230	215230	0	
1.79248	1	216080	216080	0	
1.79494	1	216674	216674	0	
1.79494	1	217540	217540	0	
1.79741	1	218118	218118	0	
1.79741	1	219000	219000	0	
1.79988	1	219562	219562	0	
1.79988	1	220460	220460	0	
1.80234	1	221006	221006	0	
1.80234	1	221920	221920	0	
1.80481	1	222450	222450	0	
1.80481	1	223380	223380	0	
1.80727	1	223894	223894	0	
1.80727	1	224840	224840	0	
1.80973	1	225338	225338	0	
1.80973	1	226300	226300	0	
1.8122	1	226782	226782	0	
1.8122	1	227760	227760	0	
1.81475	1	228226	228226	0	
1.81475	1	229220	229220	0	
1.81722	1	229670	229670	0	
1.81722	1	230680	230680	0	
1.81968	1	231114	231114	0	
1.81968	1	232140	232140	0	
1.82215	1	232558	232558	0	
1.82215	1	233600	233600	0	
1.82462	1	234002	234002	0	
1.82462	1	235060	235060	0	
1.82708	1	235446	235446	0	
1.82708	1	236520	236520	0	
1.82955	1	236890	236890	0	
1.82955	1	237980	237980	0	
1.83201	1	238334	238334	0	
1.83201	1	239440	239440	0	
1.83447	1	239778	239778	0	
1.83447	1	240900	240900	0	
1.83694	1	241222	241222	0	
1.83694	1	242360	242360	0	
1.8394	1	242666	242666	0	
1.8394	1	243820	243820	0	
1.84187	1	244110	244110	0	
1.84187	1	245280	245280	0	
1.84433	1	245554	245554	0	
1.84433	1	246740	246740	0	
1.84679	1	246998	246998	0	
1.84679	1	248200	248200	0	
1.84927	1	248442	248442	0	
1.84927	1	249660	249660	0	
1.85267	1	249886	249886	0	
1.85267	1	251120	251120	0	
1.85514	1	251330	251330	0	
1.85514	1	252580	252580	0	
1.85746	1	252774	252774	0	
1.85746	1	254040	254040	0	
1.85978	1	254218	254218	0	
1.85978	1	255500	255500	0	
1.8621	1	255662	255662	0	
1.8621	1	256960	256960	0	
1.86443	1	257106	257106	0	
1.86443	1	258420	258420	0	
1.86675	1	258550	258550	0	
1.86675	1	259880	259880	0	
1.86907	1	259994	259994	0	
1.86907	1	261340	261340	0	
1.87139	1	261438	261438	0	
1.87139	1	262800	262800	0	
1.87372	1	262882	262882	0	
1.87372	1	264260	264260	0	
1.87604	1	264326	264326	0	
1.87604	1	265720	265720	0	
1.87845	1	265770	265770	0	
1.87845	1	267180	267180	0	
1.88077	1	267214	267214	0	
1.88077	1	268640	268640	0	
1.88309	1	268658	268658	0	
1.88309	1	270100	270100	0	
1.88541	1	270102	270102	0	
1.88774	1	271554	271554	0	
1.88774	1	271560	271560	0	
1.89006	1	272999	272999	0	
1.89006	1	273020	273020	0	
1.89238	1	274444	274444	0	
1.89238	1	274480	274480	0	
1.8947	1	275889	275889	0	
1.8947	1	275940	275940	0	
1.89931	1	277334	277334	0	
1.89931	1	277400	277400	0	
1.90395	1	278778	278778	0	
1.90395	1	278860	278860	0	
1.90815	1	280222	280222	0	
1.90815	1	280320	280320	0	
1.91042	1	281666	281666	0	
1.91042	1	281780	281780	0	
1.91277	1	283110	283110	0	
1.91277	1	283240	283240	0	
1.91503	1	284554	284554	0	
1.91503	1	284700	284700	0	
1.9173	1	285998	285998	0	
1.9173	1	286160	286160	0	
1.91956	1	287442	287442	0	
1.91956	1	287620	287620	0	
1.92183	1	288886	288886	0	
1.92183	1	289080	289080	0	
1.92409	1	290330	290330	0	
1.92409	1	290540	290540	0	
1.92636	1	291774	291774	0	
1.92636	1	292000	292000	0	
1.92862	1	293218	293218	0	
1.92862	1	293460	293460	0	
1.93089	1	294662	294662	0	
1.93089	1	294920	294920	0	
1.93315	1	296106	296106	0	
1.93315	1	296380	296380	0	
1.93542	1	297550	297550	0	
1.93542	1	297840	297840	0	
1.93768	1	298994	298994	0	
1.93768	1	299300	299300	0	
1.93995	1	300438	300438	0	
1.93995	1	300760	300760	0	
1.94221	1	301882	301882	0	
1.94221	1	302220	302220	0	
1.94448	1	303326	303326	0	
1.94448	1	303680	303680	0	
1.94674	1	304770	304770	0	
1.94674	1	305140	305140	0	
1.94901	1	306214	306214	0	
1.94901	1	306600	306600	0	
1.95127	1	307658	307658	0	
1.95127	1	308060	308060	0	
1.95362	1	309102	309102	0	
1.95362	1	309520	309520	0	
1.95479	1	310546	310546	0	
1.95479	1	310980	310980	0	
1.95696	1	311990	311990	0	
1.95696	1	312440	312440	0	
1.95913	1	313434	313434	0	
1.95913	1	313900	313900	0	
1.9613	1	314878	314878	0	
1.9613	1	315360	315360	0	
1.96347	1	316322	316322	0	
1.96347	1	316820	316820	0	
1.96564	1	317766	317766	0	
1.96564	1	318280	318280	0	
1.96781	1	319210	319210	0	
1.96781	1	319740	319740	0	
1.97035	1	320654	320654	0	
1.97035	1	321200	321200	0	
1.97252	1	322098	322098	0	
1.97252	1	322660	322660	0	
1.97477	1	323542	323542	0	
1.97477	1	324120	324120	0	
1.97694	1	324986	324986	0	
1.97694	1	325580	325580	0	
1.97911	1	326430	326430	0	
1.97911	1	327040	327040	0	
1.98128	1	327874	327874	0	
1.98128	1	328500	328500	0	
1.98345	1	329318	329318	0	
1.98345	1	329960	329960	0	
1.98562	1	330762	330762	0	
1.98562	1	331420	331420	0	
1.98779	1	332206	332206	0	
1.98779	1	332880	332880	0	
1.98996	1	333650	333650	0	
1.98996	1	334340	334340	0	
1.99213	1	335094	335094	0	
1.99213	1	335800	335800	0	
1.9943	1	336538	336538	0	
1.9943	1	337260	337260	0	
1.99647	1	337982	337982	0	
1.99647	1	338720	338720	0	
1.99864	1	339426	339426	0	
1.99864	1	340180	340180	0	
2.00081	1	340870	340870	0	
2.00081	1	341640	341640	0	
2.00298	1	342314	342314	0	
2.00298	1	343100	343100	0	
2.00515	1	343758	343758	0	
2.00515	1	344560	344560	0	
2.00732	1	345202	345202	0	
2.00732	1	346020	346020	0	
2.00958	1	346646	346646	0	
2.00958	1	347480	347480	0	
2.01175	1	348090	348090	0	
2.01175	1	348940	348940	0	
2.01392	1	349534	349534	0	
2.01392	1	350400	350400	0	
2.01609	1	350978	350978	0	
2.01609	1	351860	351860	0	
2.01826	1	352422	352422	0	
2.01826	1	353320	353320	0	
2.02043	1	353866	353866	0	
2.02043	1	354780	354780	0	
2.0226	1	355310	355310	0	
2.0226	1	356240	356240	0	
2.02477	1	356754	356754	0	
2.02477	1	357700	357700	0	
2.02694	1	358198	358198	0	
2.02694	1	359160	359160	0	
2.02911	1	359642	359642	0	
2.02911	1	360620	360620	0	
2.03128	1	361086	361086	0	
2.03128	1	362080	362080	0	
2.03345	1	362530	362530	0	
2.03345	1	363540	363540	0	
2.03571	1	363974	363974	0	
2.03571	1	365000	365000	0	
2.03788	1	365418	365418	0	
2.03788	1	366460	366460	0	
2.04005	1	366862	366862	0	
2.04005	1	367920	367920	0	
2.04222	1	368306	368306	0	
2.04222	1	369380	369380	0	
2.04439	1	369750	369750	0	
2.04439	1	370840	370840	0	
2.04656	1	371194	371194	0	
2.04656	1	372300	372300	0	
2.04873	1	372638	372638	0	
2.04873	1	373760	373760	0	
2.0509	1	374082	374082	0	
2.0509	1	375220	375220	0	
2.05307	1	375526	375526	0	
2.05307	1	376680	376680	0	
2.05529	1	376970	376970	0	
2.05529	1	378140	378140	0	
2.05752	1	378414	378414	0	
2.05752	1	379600	379600	0	
2.05974	1	379858	379858	0	
2.05974	1	381060	381060	0	
2.06197	1	381302	381302	0	
2.06197	1	382520	382520	0	
2.06419	1	382746	382746	0	
2.06419	1	383980	383980	0	
2.06651	1	384190	384190	0	
2.06651	1	385440	385440	0	
2.06873	1	385634	385634	0	
2.06873	1	386900	386900	0	
2.07096	1	387078	387078	0	
2.07096	1	388360	388360	0	
2.07318	1	388522	388522	0	
2.07318	1	389820	389820	0	
2.07541	1	389966	389966	0	
2.07541	1	391280	391280	0	
2.07763	1	391410	391410	0	
2.07763	1	392740	392740	0	
2.07986	1	392854	392854	0	
2.07986	1	394200	394200	0	
2.08208	1	394298	394298	0	
2.08208	1	395660	395660	0	
2.08431	1	395742	395742	0	
2.08431	1	397120	397120	0	
2.08653	1	397186	397186	0	
2.08653	1	398580	398580	0	
2.08876	1	398630	398630	0	
2.08876	1	400040	400040	0	
2.09098	1	400074	400074	0	
2.09098	1	401500	401500	0	
2.0933	1	401518	401518	0	
2.0933	1	402960	402960	0	
2.09552	1	402962	402962	0	
2.09775	1	404414	404414	0	
2.09775	1	404420	404420	0	
2.09997	1	405859	405859	0	
2.09997	1	405880	405880	0	
2.10692	1	407304	408749	0	
2.10692	1	407304	408800	51	
2.11148	1	407304	410194	1445	
2.11148	1	407304	410260	1511	
2.11604	1	407304	411638	2889	
2.11604	1	407304	411720	2971	
2.11918	1	407304	413082	4333	
2.11918	1	407304	413180	4431	
2.1214	1	407304	414526	5777	
2.1214	1	407304	414640	5891	
2.12363	1	407304	415970	7221	
2.12363	1	407304	416100	7351	
2.12585	1	407304	417414	8665	
2.12585	1	407304	417560	8811	
2.12817	1	407304	418858	10109	
2.12817	1	407304	419020	10271	
2.13039	1	407304	420302	11553	
2.13039	1	407304	420480	11731	
2.13299	1	407304	421746	12997	
2.13299	1	407304	421940	13191	
2.13522	1	407304	423190	14441	
2.13522	1	407304	423400	14651	
2.13744	1	407304	424634	15885	
2.13744	1	407304	424860	16111	
2.13967	1	407304	426078	17329	
2.13967	1	407304	426320	17571	
2.14189	1	407304	427522	18773	
2.14189	1	407304	427780	19031	
2.14412	1	407304	428966	20217	
2.14412	1	407304	429240	20491	
2.14634	1	407304	430410	21661	
2.14634	1	407304	430700	21951	
2.14857	1	407304	431854	23105	
2.14857	1	407304	432160	23411	
2.15079	1	407304	433298	24549	
2.15079	1	407304	433620	24871	
2.15302	1	407304	434742	25993	
2.15302	1	407304	435080	26331	
2.15838	1	407304	436186	27437	
2.15838	1	407304	436540	27791	
2.16074	1	407304	437630	28881	
2.16074	1	407304	438000	29251	
2.1631	1	407304	439074	30325	
2.1631	1	407304	439460	30711	
2.16546	1	407304	440518	31769	
2.16546	1	407304	440920	32171	
2.16791	1	407304	441962	33213	
2.16791	1	407304	442380	33631	
2.17027	1	407304	443406	34657	
2.17027	1	407304	443840	35091	
2.17263	1	407304	444850	36101	
2.17263	1	407304	445300	36551	
2.17499	1	407304	446294	37545	
2.17499	1	407304	446760	38011	
2.17735	1	407304	447738	38989	
2.17735	1	407304	448220	39471	
2.17971	1	407304	449182	40433	
2.17971	1	407304	449680	40931	
2.18207	1	407304	450626	41877	
2.18207	1	407304	451140	42391	
2.18443	1	407304	452070	43321	
2.18443	1	407304	452600	43851	
2.18679	1	407304	453514	44765	
2.18679	1	407304	454060	45311	
2.18915	1	407304	454958	46209	
2.18915	1	407304	455520	46771	
2.19151	1	407304	456402	47653	
2.19151	1	407304	456980	48231	
2.19387	1	407304	457846	49097	
2.19387	1	407304	458440	49691	
2.19633	1	407304	459290	50541	
2.19633	1	407304	459900	51151	
2.19869	1	407304	460734	51985	
2.19869	1	407304	461360	52611	
2.20105	1	407304	462178	53429	
2.20105	1	407304	462820	54071	
2.20341	1	407304	463622	54873	
2.20341	1	407304	464280	55531	
2.20577	1	407304	465066	56317	
2.20577	1	407304	465740	56991	
2.20839	1	407304	466510	57761	
2.20839	1	407304	467200	58451	
2.21075	1	407304	467954	59205	
2.21075	1	407304	468660	59911	
2.21311	1	407304	469398	60649	
2.21311	1	407304	470120	61371	
2.21547	1	407304	470842	62093	
2.21547	1	407304	471580	62831	
2.21783	1	407304	472286	63537	
2.21783	1	407304	473040	64291	
2.22028	1	407304	473730	64981	
2.22028	1	407304	474500	65751	
2.22264	1	407304	475174	66425	
2.22264	1	407304	475960	67211	
2.225	1	407304	476618	67869	
2.225	1	407304	477420	68671	
2.22736	1	407304	478062	69313	
2.22736	1	407304	478880	70131	
2.22972	1	407304	479506	70757	
2.22972	1	407304	480340	71591	
2.23208	1	407304	480950	72201	
2.23208	1	407304	481800	73051	
2.23445	1	407304	482394	73645	
2.23445	1	407304	483260	74511	
2.23681	1	407304	483838	75089	
2.23681	1	407304	484720	75971	
2.23917	1	407304	485282	76533	
2.23917	1	407304	486180	77431	
2.24153	1	407304	486726	77977	
2.24153	1	407304	487640	78891	
2.24389	1	407304	488170	79421	
2.24389	1	407304	489100	80351	
2.24625	1	407304	489614	80865	
2.24625	1	407304	490560	81811	
2.24861	1	407304	491058	82309	
2.24861	1	407304	492020	83271	
2.25097	1	407304	492502	83753	
2.25097	1	407304	493480	84731	
2.25333	1	407304	493946	85197	
2.25333	1	407304	494940	86191	
2.25481	1	407304	496834	86641	
2.25481	1	407304	497860	87667	
2.25569	1	407304	495390	88085	
2.25569	1	407304	496400	89095	
2.25694	1	407304	498278	89529	
2.25694	1	407304	499320	90571	
2.25915	1	407304	499722	90973	
2.25915	1	407304	500780	92031	
2.26128	1	407304	501166	92417	
2.26128	1	407304	502240	93491	
2.26341	1	407304	502610	93861	
2.26341	1	407304	503700	94951	
2.26554	1	407304	504054	95305	
2.26554	1	407304	505160	96411	
2.26766	1	407304	505498	96749	
2.26766	1	407304	506620	97871	
2.26979	1	407304	506942	98193	
2.26979	1	407304	508080	99331	
2.27192	1	407304	508386	99637	
2.27192	1	407304	509540	100791	
2.27405	1	407304	509830	101081	
2.27405	1	407304	511000	102251	
2.27617	1	407304	511274	102525	
2.27617	1	407304	512460	103711	
2.2783	1	407304	512718	103969	
2.2783	1	407304	513920	105171	
2.28051	1	407304	514162	105413	
2.28051	1	407304	515380	106631	
2.28264	1	407304	515606	106857	
2.28264	1	407304	516840	108091	
2.28477	1	407304	517050	108301	
2.28477	1	407304	518300	109551	
2.28695	1	407304	518494	109745	
2.28695	1	407304	519760	111011	
2.28914	1	407304	519938	111189	
2.28914	1	407304	521220	112471	
2.29133	1	407304	521382	112633	
2.29133	1	407304	522680	113931	
2.29351	1	407304	522826	114077	
2.29351	1	407304	524140	115391	
2.2957	1	407304	524270	115521	
2.2957	1	407304	525600	116851	
2.29789	1	407304	525714	116965	
2.29789	1	407304	527060	118311	
2.30002	1	407304	527158	118409	
2.30002	1	407304	528520	119771	
2.30214	1	407304	528602	119853	
2.30214	1	407304	529980	121231	
2.30498	1	407304	530046	121297	
2.30498	1	407304	531440	122691	
2.31105	1	407304	535822	122741	
2.31326	1	407304	537274	124193	
2.31326	1	407304	537280	124199	
2.31539	1	407304	538719	125638	
2.31539	1	407304	538740	125659	
2.31751	1	407304	540164	127083	
2.31751	1	407304	540200	127119	
2.31964	1	407304	541609	128528	
2.31964	1	407304	541660	128579	
2.32177	1	407304	543054	129973	
2.32177	1	407304	543120	130039	
2.3239	1	407304	544498	131417	
2.3239	1	407304	544580	131499	
2.32602	1	407304	545942	132861	
2.32602	1	407304	546040	132959	
2.32815	1	407304	547386	134305	
2.32815	1	407304	547500	134419	
2.33028	1	407304	548830	135749	
2.33028	1	407304	548960	135879	
2.33241	1	407304	550274	137193	
2.33241	1	407304	550420	137339	
2.33453	1	407304	551718	138637	
2.33453	1	407304	551880	138799	
2.33666	1	407304	553162	140081	
2.33666	1	407304	553340	140259	
2.33887	1	407304	554606	141525	
2.33887	1	407304	554800	141719	
2.341	1	407304	556050	142969	
2.341	1	407304	556260	143179	
2.34313	1	407304	557494	144413	
2.34313	1	407304	557720	144639	
2.34526	1	407304	558938	145857	
2.34526	1	407304	559180	146099	
2.34738	1	407304	560382	147301	
2.34738	1	407304	560640	147559	
2.34951	1	407304	561826	148745	
2.34951	1	407304	562100	149019	
2.35164	1	407304	563270	150189	
2.35164	1	407304	563560	150479	
2.35694	1	407304	564714	151633	
2.35694	1	407304	565020	151939	
2.35925	1	407304	566158	153077	
2.35925	1	407304	566480	153399	
2.36156	1	407304	567602	154521	
2.36156	1	407304	567940	154859	
2.36386	1	407304	569046	155965	
2.36386	1	407304	569400	156319	
2.36617	1	407304	570490	157409	
2.36617	1	407304	570860	157779	
2.36857	1	407304	571934	158853	
2.36857	1	407304	572320	159239	
2.37088	1	407304	573378	160297	
2.37088	1	407304	573780	160699	
2.37319	1	407304	574822	161741	
2.37319	1	407304	575240	162159	
2.37549	1	407304	576266	163185	
2.37549	1	407304	576700	163619	
2.3778	1	407304	577710	164629	
2.3778	1	407304	578160	165079	
2.3801	1	407304	579154	166073	
2.3801	1	407304	579620	166539	
2.38241	1	407304	580598	167517	
2.38241	1	407304	581080	167999	
2.38471	1	407304	582042	168961	
2.38471	1	407304	582540	169459	
2.38702	1	407304	583486	170405	
2.38702	1	407304	584000	170919	
2.38933	1	407304	584930	171849	
2.38933	1	407304	585460	172379	
2.39163	1	407304	586374	173293	
2.39163	1	407304	586920	173839	
2.39394	1	407304	587818	174737	
2.39394	1	407304	588380	175299	
2.39624	1	407304	589262	176181	
2.39624	1	407304	589840	176759	
2.39855	1	407304	590706	177625	
2.39855	1	407304	591300	178219	
2.40086	1	407304	592150	179069	
2.40086	1	407304	592760	179679	
2.40316	1	407304	593594	180513	
2.40316	1	407304	594220	181139	
2.40556	1	407304	595038	181957	
2.40556	1	407304	595680	182599	
2.40787	1	407304	596482	183401	
2.40787	1	407304	597140	184059	
2.41017	1	407304	597926	184845	
2.41017	1	407304	598600	185519	
2.41248	1	407304	599370	186289	
2.41248	1	407304	600060	186979	
2.41478	1	407304	600814	187733	
2.41478	1	407304	601520	188439	
2.41709	1	407304	602258	189177	
2.41709	1	407304	602980	189899	
2.41939	1	407304	603702	190621	
2.41939	1	407304	604440	191359	
2.4217	1	407304	605146	192065	
2.4217	1	407304	605900	192819	
2.42401	1	407304	606590	193509	
2.42401	1	407304	607360	194279	
2.42631	1	407304	608034	194953	
2.42631	1	407304	608820	195739	
2.42862	1	407304	609478	196397	
2.42862	1	407304	610280	197199	
2.43092	1	407304	610922	197841	
2.43092	1	407304	611740	198659	
2.43332	1	407304	612366	199285	
2.43332	1	407304	613200	200119	
2.43563	1	407304	613810	200729	
2.43563	1	407304	614660	201579	
2.43793	1	407304	615254	202173	
2.43793	1	407304	616120	203039	
2.44024	1	407304	616698	203617	
2.44024	1	407304	617580	204499	
2.44255	1	407304	618142	205061	
2.44255	1	407304	619040	205959	
2.44485	1	407304	619586	206505	
2.44485	1	407304	620500	207419	
2.44716	1	407304	621030	207949	
2.44716	1	407304	621960	208879	
2.44946	1	407304	622474	209393	
2.44946	1	407304	623420	210339	
2.45177	1	407304	623918	210837	
2.45177	1	407304	624880	211799	
2.45408	1	407304	625362	212281	
2.45408	1	407304	626340	213259	
2.45638	1	407304	626806	213725	
2.45638	1	407304	627800	214719	
2.45749	1	407304	628250	215169	
2.45749	1	407304	629260	216179	
2.45961	1	407304	629694	216613	
2.45961	1	407304	630720	217639	
2.46172	1	407304	631138	218057	
2.46172	1	407304	632180	219099	
2.46383	1	407304	632582	219501	
2.46383	1	407304	633640	220559	
2.46595	1	407304	634026	220945	
2.46595	1	407304	635100	222019	
2.46814	1	407304	635470	222389	
2.46814	1	407304	636560	223479	
2.47026	1	407304	636914	223833	
2.47026	1	407304	638020	224939	
2.47237	1	407304	638358	225277	
2.47237	1	407304	639480	226399	
2.47448	1	407304	639802	226721	
2.47448	1	407304	640940	227859	
2.4766	1	407304	641246	228165	
2.4766	1	407304	642400	229319	
2.47871	1	407304	642690	229609	
2.47871	1	407304	643860	230779	
2.48082	1	407304	644134	231053	
2.48082	1	407304	645320	232239	
2.48294	1	407304	645578	232497	
2.48294	1	407304	646780	233699	
2.48505	1	407304	647022	233941	
2.48505	1	407304	648240	235159	
2.48716	1	407304	648466	235385	
2.48716	1	407304	649700	236619	
2.48928	1	407304	649910	236829	
2.48928	1	407304	651160	238079	
2.49139	1	407304	651354	238273	
2.49139	1	407304	652620	239539	
2.4935	1	407304	652798	239717	
2.4935	1	407304	654080	240999	
2.49561	1	407304	654242	241161	
2.49561	1	407304	655540	242459	
2.49773	1	407304	655686	242605	
2.49773	1	407304	657000	243919	
2.49984	1	407304	657130	244049	
2.49984	1	407304	658460	245379	
2.50195	1	407304	658574	245493	
2.50195	1	407304	659920	246839	
2.50407	1	407304	660018	246937	
2.50407	1	407304	661380	248299	
2.50618	1	407304	661462	248381	
2.50618	1	407304	662840	249759	
2.50829	1	407304	662906	249825	
2.50829	1	407304	664300	251219	
2.51041	1	407304	664350	251269	
2.51041	1	407304	665760	252679	
2.51252	1	407304	665794	252713	
2.51252	1	407304	667220	254139	
2.51472	1	407304	667238	254157	
2.51472	1	407304	668680	255599	
2.51683	1	407304	668682	255601	
2.51894	1	407304	670134	257053	
2.51894	1	407304	670140	257059	
2.52106	1	407304	671579	258498	
2.52106	1	407304	671600	258519	
2.52317	1	407304	673024	259943	
2.52317	1	407304	673060	259979	
2.52528	1	407304	674469	261388	
2.52528	1	407304	674520	261439	
2.5274	1	407304	675914	262833	
2.5274	1	407304	675980	262899	
2.52951	1	407304	677358	264277	
2.52951	1	407304	677440	264359	
2.53162	1	407304	678802	265721	
2.53162	1	407304	678900	265819	
2.53373	1	407304	680246	267165	
2.53373	1	407304	680360	267279	
2.53585	1	407304	681690	268609	
2.53585	1	407304	681820	268739	
2.53796	1	407304	683134	270053	
2.53796	1	407304	683280	270199	
2.54007	1	407304	684578	271497	
2.54007	1	407304	684740	271659	
2.54219	1	407304	686022	272941	
2.54219	1	407304	686200	273119	
2.5443	1	407304	687466	274385	
2.5443	1	407304	687660	274579	
2.54641	1	407304	688910	275829	
2.54641	1	407304	689120	276039	
2.54853	1	407304	690354	277273	
2.54853	1	407304	690580	277499	
2.55064	1	407304	691798	278717	
2.55064	1	407304	692040	278959	
2.55284	1	407304	693242	280161	
2.55284	1	407304	693500	280419	
2.55495	1	407304	694686	281605	
2.55495	1	407304	694960	281879	
2.55697	1	407304	696130	283049	
2.55697	1	407304	696420	283339	
2.55899	1	407304	697574	284493	
2.55899	1	407304	697880	284799	
2.56101	1	407304	699018	285937	
2.56101	1	407304	699340	286259	
2.56303	1	407304	700462	287381	
2.56303	1	407304	700800	287719	
2.56506	1	407304	703350	288825	
2.56506	1	407304	703720	289195	
2.56708	1	407304	704794	290269	
2.56708	1	407304	705180	290655	
2.5691	1	407304	706238	291713	
2.5691	1	407304	706640	292115	
2.5712	1	407304	707682	293157	
2.5712	1	407304	708100	293575	
2.57322	1	407304	709126	294601	
2.57322	1	407304	709560	295035	
2.57524	1	407304	710570	296045	
2.57524	1	407304	711020	296495	
2.57726	1	407304	712014	297489	
2.57726	1	407304	712480	297955	
2.57928	1	407304	713458	298933	
2.57928	1	407304	713940	299415	
2.5813	1	407304	714902	300377	
2.5813	1	407304	715400	300875	
2.58333	1	407304	716346	301821	
2.58333	1	407304	716860	302335	
2.58535	1	407304	717790	303265	
2.58535	1	407304	718320	303795	
2.58737	1	407304	719234	304709	
2.58737	1	407304	719780	305255	
2.58939	1	407304	720678	306153	
2.58939	1	407304	721240	306715	
2.59141	1	407304	722122	307597	
2.59141	1	407304	722700	308175	
2.59343	1	407304	723566	309041	
2.59343	1	407304	724160	309635	
2.59553	1	407304	725010	310485	
2.59553	1	407304	725620	311095	
2.59755	1	407304	727898	311929	
2.59755	1	407304	728540	312571	
2.59957	1	407304	729342	313373	
2.59957	1	407304	730000	314031	
2.6016	1	407304	730786	314817	
2.6016	1	407304	731460	315491	
2.60362	1	407304	732230	316261	
2.60362	1	407304	732920	316951	
2.60564	1	407304	733674	317705	
2.60564	1	407304	734380	318411	
2.60766	1	407304	735118	319149	
2.60766	1	407304	735840	319871	
2.60968	1	407304	736562	320593	
2.60968	1	407304	737300	321331	
2.6117	1	407304	738006	322037	
2.6117	1	407304	738760	322791	
2.61372	1	407304	739450	323481	
2.61372	1	407304	740220	324251	
2.61574	1	407304	740894	324925	
2.61574	1	407304	741680	325711	
2.61776	1	407304	742338	326369	
2.61776	1	407304	743140	327171	
2.61979	1	407304	743782	327813	
2.61979	1	407304	744600	328631	
2.62181	1	407304	745226	329257	
2.62181	1	407304	746060	330091	
2.62383	1	407304	746670	330701	
2.62383	1	407304	747520	331551	
2.62997	1	407304	748114	332145	
2.62997	1	407304	748980	333011	
2.63203	1	407304	751002	333589	
2.63203	1	407304	751900	334487	
2.63405	1	407304	752446	335033	
2.63405	1	407304	753360	335947	
2.63607	1	407304	753890	336477	
2.63607	1	407304	754820	337407	
2.63809	1	407304	755334	337921	
2.63809	1	407304	756280	338867	
2.64011	1	407304	756778	339365	
2.64011	1	407304	757740	340327	
2.64213	1	407304	758222	340809	
2.64213	1	407304	759200	341787	
2.64415	1	407304	759666	342253	
2.64415	1	407304	760660	343247	
2.64617	1	407304	761110	343697	
2.64617	1	407304	762120	344707	
2.64819	1	407304	762554	345141	
2.64819	1	407304	763580	346167	
2.65022	1	407304	763998	346585	
2.65022	1	407304	765040	347627	
2.65232	1	407304	765442	348029	
2.65232	1	407304	766500	349087	
2.65365	1	407304	768330	349473	
2.65365	1	407304	769420	350563	
2.65434	1	407304	766886	350917	
2.65434	1	407304	767960	351991	
2.65597	1	407304	769774	352361	
2.65597	1	407304	770880	353467	
2.65828	1	407304	771218	353805	
2.65828	1	407304	772340	354927	
2.66059	1	407304	774106	355249	
2.66059	1	407304	775260	356403	
2.66291	1	407304	775550	356693	
2.66291	1	407304	776720	357863	
2.66522	1	407304	776994	358137	
2.66522	1	407304	778180	359323	
2.66753	1	407304	778438	359581	
2.66753	1	407304	779640	360783	
2.66985	1	407304	779882	361025	
2.66985	1	407304	781100	362243	
2.67216	1	407304	781326	362469	
2.67216	1	407304	782560	363703	
2.67447	1	407304	782770	363913	
2.67447	1	407304	784020	365163	
2.67679	1	407304	784214	365357	
2.67679	1	407304	785480	366623	
2.6791	1	407304	785658	366801	
2.6791	1	407304	786940	368083	
2.68141	1	407304	787102	368245	
2.68141	1	407304	788400	369543	
2.68382	1	407304	788546	369689	
2.68382	1	407304	789860	371003	
2.68613	1	407304	789990	371133	
2.68613	1	407304	791320	372463	
2.68845	1	407304	791434	372577	
2.68845	1	407304	792780	373923	
2.69076	1	407304	792878	374021	
2.69076	1	407304	794240	375383	
2.69307	1	407304	794322	375465	
2.69307	1	407304	795700	376843	
2.69539	1	407304	797210	376909	
2.69539	1	407304	798620	378319	
2.6977	1	407304	798654	378353	
2.6977	1	407304	800080	379779	
2.70001	1	407304	800098	379797	
2.70001	1	407304	801540	381239	
2.70233	1	407304	801542	381241	
2.70464	1	407304	802994	382693	
2.70464	1	407304	803000	382699	
2.70695	1	407304	804439	384138	
2.70695	1	407304	804460	384159	
2.70936	1	407304	805884	385583	
2.70936	1	407304	805920	385619	
2.71167	1	407304	807329	387028	
2.71167	1	407304	807380	387079	
2.71399	1	407304	808774	388473	
2.71399	1	407304	808840	388539	
2.7163	1	407304	810218	389917	
2.7163	1	407304	810300	389999	
2.71861	1	407304	811662	391361	
2.71861	1	407304	811760	391459	
2.72093	1	407304	813106	392805	
2.72093	1	407304	813220	392919	
2.72324	1	407304	814550	394249	
2.72324	1	407304	814680	394379	
2.72555	1	407304	815994	395693	
2.72555	1	407304	816140	395839	
2.72787	1	407304	817438	397137	
2.72787	1	407304	817600	397299	
2.73028	1	407304	407304	398581	
2.73028	1	407340	407340	398581	
2.73365	1	531490	531490	275840	
2.73365	1	532900	532900	275840	
2.73365	1	532934	532934	275840	
2.73365	1	534360	534360	275840	
2.73365	1	534378	534378	275840	
2.73365	1	535820	535820	275840	
2.73851	1	701906	820326	109756	
2.73851	1	701906	820520	109950	
2.7414	1	701906	823214	111200	
2.7414	1	701906	823440	111426	
2.74654	1	701906	828990	112644	
2.74654	1	701906	829280	112934	
2.74886	1	701906	830434	114088	
2.74886	1	701906	830740	114394	
2.75126	1	701906	831878	115532	
2.75126	1	701906	832200	115854	
2.75629	1	701906	833322	116976	
2.75629	1	701906	833660	117314	
2.75831	1	701906	834766	118420	
2.75831	1	701906	835120	118774	
2.76033	1	701906	836210	119864	
2.76033	1	701906	836580	120234	
2.76247	1	701906	837654	121308	
2.76247	1	701906	838040	121694	
2.76449	1	701906	839098	122752	
2.76449	1	701906	839500	123154	
2.76651	1	701906	840542	124196	
2.76651	1	701906	840960	124614	
2.76854	1	701906	841986	125640	
2.76854	1	701906	842420	126074	
2.77064	1	701906	843430	127084	
2.77064	1	701906	843880	127534	
2.77266	1	701906	844874	128528	
2.77266	1	701906	845340	128994	
2.77469	1	701906	846318	129972	
2.77469	1	701906	846800	130454	
2.77671	1	701906	847762	131416	
2.77671	1	701906	848260	131914	
2.77873	1	701906	849206	132860	
2.77873	1	701906	849720	133374	
2.78076	1	701906	850650	134304	
2.78076	1	701906	851180	134834	
2.78278	1	701906	852094	135748	
2.78278	1	701906	852640	136294	
2.7848	1	701906	853538	137192	
2.7848	1	701906	854100	137754	
2.78683	1	701906	854982	138636	
2.78683	1	701906	855560	139214	
2.78893	1	701906	856426	140080	
2.78893	1	701906	857020	140674	
2.79095	1	701906	857870	141524	
2.79095	1	701906	858480	142134	
2.79298	1	701906	859314	142968	
2.79298	1	701906	859940	143594	
2.795	1	701906	860758	144412	
2.795	1	701906	861400	145054	
2.79702	1	701906	862202	145856	
2.79702	1	701906	862860	146514	
2.79905	1	701906	863646	147300	
2.79905	1	701906	864320	147974	
2.80107	1	701906	865090	148744	
2.80107	1	701906	865780	149434	
2.80309	1	701906	866534	150188	
2.80309	1	701906	867240	150894	
2.8052	1	701906	867978	151632	
2.8052	1	701906	868700	152354	
2.80722	1	701906	869422	153076	
2.80722	1	701906	870160	153814	
2.80924	1	701906	870866	154520	
2.80924	1	701906	871620	155274	
2.81127	1	701906	872310	155964	
2.81127	1	701906	873080	156734	
2.81329	1	701906	873754	157408	
2.81329	1	701906	874540	158194	
2.81531	1	701906	875198	158852	
2.81531	1	701906	876000	159654	
2.81734	1	701906	876642	160296	
2.81734	1	701906	877460	161114	
2.81936	1	701906	878086	161740	
2.81936	1	701906	878920	162574	
2.82138	1	701906	879530	163184	
2.82138	1	701906	880380	164034	
2.82349	1	701906	880974	164628	
2.82349	1	701906	881840	165494	
2.82551	1	701906	882418	166072	
2.82551	1	701906	883300	166954	
2.82753	1	701906	883862	167516	
2.82753	1	701906	884760	168414	
2.82962	1	701906	885306	168960	
2.82962	1	701906	886220	169874	
2.8317	1	701906	886750	170404	
2.8317	1	701906	887680	171334	
2.83379	1	701906	888194	171848	
2.83379	1	701906	889140	172794	
2.83586	1	701906	889638	173292	
2.83586	1	701906	890600	174254	
2.83789	1	701906	891082	174736	
2.83789	1	701906	892060	175714	
2.83991	1	701906	892526	176180	
2.83991	1	701906	893520	177174	
2.84193	1	701906	893970	177624	
2.84193	1	701906	894980	178634	
2.84396	1	701906	895414	179068	
2.84396	1	701906	896440	180094	
2.84598	1	701906	896858	180512	
2.84598	1	701906	897900	181554	
2.848	1	701906	898302	181956	
2.848	1	701906	899360	183014	
2.85003	1	701906	899746	183400	
2.85003	1	701906	900820	184474	
2.85205	1	701906	901190	184844	
2.85205	1	701906	902280	185934	
2.85407	1	701906	902634	186288	
2.85407	1	701906	903740	187394	
2.85722	1	701906	904078	187732	
2.85722	1	701906	905200	188854	
2.85946	1	701906	701906	189176	
2.85946	1	702260	702260	189176	
2.86161	1	726454	905522	166072	
2.86161	1	726454	906660	167210	
2.86376	1	726454	906966	167516	
2.86376	1	726454	908120	168670	
2.86591	1	726454	908410	168960	
2.86591	1	726454	909580	170130	
2.86806	1	726454	909854	170404	
2.86806	1	726454	911040	171590	
2.87022	1	726454	911298	171848	
2.87022	1	726454	912500	173050	
2.87237	1	726454	912742	173292	
2.87237	1	726454	913960	174510	
2.87452	1	726454	914186	174736	
2.87452	1	726454	915420	175970	
2.87667	1	726454	915630	176180	
2.87667	1	726454	916880	177430	
2.87891	1	726454	917074	177624	
2.87891	1	726454	918340	178890	
2.88106	1	726454	918518	179068	
2.88106	1	726454	919800	180350	
2.88321	1	726454	919962	180512	
2.88321	1	726454	921260	181810	
2.88536	1	726454	921406	181956	
2.88536	1	726454	922720	183270	
2.88751	1	726454	922850	183400	
2.88751	1	726454	924180	184730	
2.88966	1	726454	924294	184844	
2.88966	1	726454	925640	186190	
2.89181	1	726454	925738	186288	
2.89181	1	726454	927100	187650	
2.89396	1	726454	927182	187732	
2.89396	1	726454	928560	189110	
2.8962	1	726454	726454	189176	
2.8962	1	727080	727080	189176	
2.89835	1	749558	928626	167516	
2.89835	1	749558	930020	168910	
2.9005	1	749558	930070	168960	
2.9005	1	749558	931480	170370	
2.90265	1	749558	931514	170404	
2.90265	1	749558	932940	171830	
2.9048	1	749558	932958	171848	
2.9048	1	749558	934400	173290	
2.90695	1	749558	934402	173292	
2.90911	1	749558	935854	174744	
2.90911	1	749558	935860	174750	
2.91126	1	749558	937299	176189	
2.91126	1	749558	937320	176210	
2.91341	1	749558	938744	177634	
2.91341	1	749558	938780	177670	
2.91556	1	749558	940189	179079	
2.91556	1	749558	940240	179130	
2.9178	1	749558	941634	180524	
2.9178	1	749558	941700	180590	
2.91995	1	749558	943078	181968	
2.91995	1	749558	943160	182050	
2.9221	1	749558	944522	183412	
2.9221	1	749558	944620	183510	
2.92425	1	749558	945966	184856	
2.92425	1	749558	946080	184970	
2.9264	1	749558	947410	186300	
2.9264	1	749558	947540	186430	
2.92855	1	749558	749558	187744	
2.92855	1	750440	750440	187744	
2.93117	1	772662	948854	166084	
2.93117	1	772662	949000	166230	
2.9335	1	772662	951742	167528	
2.9335	1	772662	951920	167706	
2.93645	1	772662	954630	168972	
2.93645	1	772662	954840	169182	
2.93878	1	772662	956074	170416	
2.93878	1	772662	956300	170642	
2.94111	1	772662	957518	171860	
2.94111	1	772662	957760	172102	
2.94327	1	772662	958962	173304	
2.94327	1	772662	959220	173562	
2.94578	1	772662	961850	174748	
2.94578	1	772662	962140	175038	
2.94811	1	772662	963294	176192	
2.94811	1	772662	963600	176498	
2.95053	1	772662	966182	177636	
2.95053	1	772662	966520	177974	
2.95269	1	772662	967626	179080	
2.95269	1	772662	967980	179434	
2.95539	1	772662	969070	180524	
2.95539	1	772662	969440	180894	
2.95555	1	772662	970514	181968	
2.95555	1	772662	970900	182354	
2.95761	1	772662	971958	183412	
2.95761	1	772662	972360	183814	
2.95967	1	772662	973402	184856	
2.95967	1	772662	973820	185274	
2.96584	1	772662	974846	186300	
2.96584	1	772662	975280	186734	
2.97004	1	772662	977734	187744	
2.97004	1	772662	978200	188210	
2.9721	1	772662	979178	189188	
2.9721	1	772662	979660	189670	
2.97416	1	772662	980622	190632	
2.97416	1	772662	981120	191130	
2.97622	1	772662	982066	192076	
2.97622	1	772662	982580	192590	
2.97827	1	772662	983510	193520	
2.97827	1	772662	984040	194050	
2.98033	1	772662	984954	194964	
2.98033	1	772662	985500	195510	
2.98239	1	772662	986398	196408	
2.98239	1	772662	986960	196970	
2.98444	1	772662	987842	197852	
2.98444	1	772662	988420	198430	
2.98658	1	772662	989286	199296	
2.98658	1	772662	989880	199890	
2.98864	1	772662	990730	200740	
2.98864	1	772662	991340	201350	
2.9907	1	772662	795766	202184	
2.9907	1	772662	797160	203578	
2.99275	1	772662	993618	203628	
2.99275	1	772662	994260	204270	
2.99481	1	772662	995062	205072	
2.99481	1	772662	995720	205730	
2.99687	1	772662	996506	206516	
2.99687	1	772662	997180	207190	
2.99893	1	772662	997950	207960	
2.99893	1	772662	998640	208650	
3.00098	1	772662	999394	209404	
3.00098	1	772662	1000100	210110	
3.00312	1	772662	1000838	210848	
3.00312	1	772662	1001560	211570	
3.00518	1	772662	1002282	212292	
3.00518	1	772662	1003020	213030	
3.00724	1	772662	1005170	213736	
3.00724	1	772662	1005940	214506	
3.00929	1	772662	1006614	215180	
3.00929	1	772662	1007400	215966	
3.01135	1	772662	1008058	216624	
3.01135	1	772662	1008860	217426	
3.01341	1	772662	1009502	218068	
3.01341	1	772662	1010320	218886	
3.01546	1	772662	1010946	219512	
3.01546	1	772662	1011780	220346	
3.0176	1	772662	1012390	220956	
3.0176	1	772662	1013240	221806	
3.01974	1	772662	818882	222400	
3.01974	1	772662	819060	222578	
3.0218	1	772662	1013834	223844	
3.0218	1	772662	1014700	224710	
3.02386	1	772662	1015278	225288	
3.02386	1	772662	1016160	226170	
3.02591	1	772662	1016722	226732	
3.02591	1	772662	1017620	227630	
3.02797	1	772662	1018166	228176	
3.02797	1	772662	1019080	229090	
3.03003	1	772662	1019610	229620	
3.03003	1	772662	1020540	230550	
3.03217	1	772662	1021054	231064	
3.03217	1	772662	1022000	232010	
3.03423	1	772662	1022498	232508	
3.03423	1	772662	1023460	233470	
3.03628	1	772662	821770	233952	
3.03628	1	772662	821980	234162	
3.03628	1	772662	824658	235396	
3.03628	1	772662	824900	235638	
3.03628	1	772662	826102	236840	
3.03628	1	772662	826360	237098	
3.03628	1	772662	827546	238284	
3.03628	1	772662	827820	238558	
3.03909	1	772662	1023942	239728	
3.03909	1	772662	1024920	240706	
3.0412	1	772662	1025386	241172	
3.0412	1	772662	1026380	242166	
3.0434	1	772662	1026830	242616	
3.0434	1	772662	1027840	243626	
3.04551	1	772662	1028274	244060	
3.04551	1	772662	1029300	245086	
3.04763	1	772662	1029718	245504	
3.04763	1	772662	1030760	246546	
3.04975	1	772662	1031162	246948	
3.04975	1	772662	1032220	248006	
3.05186	1	772662	1032606	248392	
3.05186	1	772662	1033680	249466	
3.05591	1	772662	1034050	249836	
3.05591	1	772662	1035140	250926	
3.05831	1	772662	1035494	251280	
3.05831	1	772662	1036600	252386	
3.06064	1	772662	1036938	252724	
3.06064	1	772662	1038060	253846	
3.06307	1	772662	1038382	254168	
3.06307	1	772662	1039520	255306	
3.06541	1	772662	1039826	255612	
3.06541	1	772662	1040980	256766	
3.06774	1	772662	1041270	257056	
3.06774	1	772662	1042440	258226	
3.07008	1	772662	950298	258500	
3.07008	1	772662	950460	258662	
3.07244	1	772662	1042714	259944	
3.07244	1	772662	1043900	261130	
3.07478	1	772662	1044158	261388	
3.07478	1	772662	1045360	262590	
3.07721	1	772662	953186	262832	
3.07721	1	772662	953380	263026	
3.07956	1	772662	1045602	264276	
3.07956	1	772662	1046820	265494	
3.08189	1	772662	1047046	265720	
3.08189	1	772662	1048280	266954	
3.08423	1	772662	1048490	267164	
3.08423	1	772662	1049740	268414	
3.08656	1	772662	1049934	268608	
3.08656	1	772662	1051200	269874	
3.0889	1	772662	1051378	270052	
3.0889	1	772662	1052660	271334	
3.09351	1	772662	960406	271496	
3.09351	1	772662	960680	271770	
3.09351	1	772662	964738	272940	
3.09351	1	772662	965060	273262	
3.09584	1	772662	1052822	274384	
3.09584	1	772662	1054120	275682	
3.09818	1	772662	1054266	275828	
3.09818	1	772662	1055580	277142	
3.10052	1	772662	1055710	277272	
3.10052	1	772662	1057040	278602	
3.10295	1	772662	772662	278716	
3.10295	1	773800	773800	278716	
3.10531	1	976290	1057154	76532	
3.10531	1	976290	1058500	77878	
3.10765	1	976290	1058598	77976	
3.10765	1	976290	1059960	79338	
3.10998	1	976290	1060042	79420	
3.10998	1	976290	1061420	80798	
3.11232	1	976290	1061486	80864	
3.11232	1	976290	1062880	82258	
3.11465	1	976290	1062930	82308	
3.11465	1	976290	1064340	83718	
3.11699	1	976290	976290	83752	
3.11699	1	976740	976740	83752	
3.11934	1	992174	1064374	69312	
3.11934	1	992174	1065800	70738	
3.12167	1	992174	1065818	70756	
3.12167	1	992174	1067260	72198	
3.12402	1	992174	1067262	72200	
3.12644	1	992174	1068714	73652	
3.12644	1	992174	1068720	73658	
3.12878	1	992174	1070159	75097	
3.12878	1	992174	1070180	75118	
3.13111	1	992174	1071604	76542	
3.13111	1	992174	1071640	76578	
3.13345	1	992174	1073049	77987	
3.13345	1	992174	1073100	78038	
3.13579	1	992174	1074494	79432	
3.13579	1	992174	1074560	79498	
3.13812	1	992174	1075938	80876	
3.13812	1	992174	1076020	80958	
3.14046	1	992174	1077382	82320	
3.14046	1	992174	1077480	82418	
3.14279	1	992174	1078826	83764	
3.14279	1	992174	1078940	83878	
3.14523	1	992174	992174	85208	
3.14523	1	992800	992800	85208	
3.14758	1	1003726	1080270	75100	
3.14758	1	1003726	1080400	75230	
3.14991	1	1003726	1081714	76544	
3.14991	1	1003726	1081860	76690	
3.15225	1	1003726	1083158	77988	
3.15225	1	1003726	1083320	78150	
3.15459	1	1003726	1084602	79432	
3.15459	1	1003726	1084780	79610	
3.15671	1	1003726	1086046	80876	
3.15671	1	1003726	1086240	81070	
3.15884	1	1003726	1087490	82320	
3.15884	1	1003726	1087700	82530	
3.16097	1	1003726	1088934	83764	
3.16097	1	1003726	1089160	83990	
3.1631	1	1003726	1090378	85208	
3.1631	1	1003726	1090620	85450	
3.16531	1	1003726	1003726	86652	
3.16531	1	1004480	1004480	86652	
3.16746	1	1091822	1091822	0	
3.16746	1	1092080	1092080	0	
3.16959	1	1093266	1093266	0	
3.16959	1	1093540	1093540	0	
3.17172	1	1094710	1094710	0	
3.17172	1	1095000	1095000	0	
3.17385	1	1096154	1096154	0	
3.17385	1	1096460	1096460	0	
3.17598	1	1097598	1097598	0	
3.17598	1	1097920	1097920	0	
3.1781	1	1099042	1099042	0	
3.1781	1	1099380	1099380	0	
3.18023	1	1100486	1100486	0	
3.18023	1	1100840	1100840	0	
3.18244	1	1101930	1101930	0	
3.18244	1	1102300	1102300	0	
3.18457	1	1103374	1103374	0	
3.18457	1	1103760	1103760	0	
3.1867	1	1104818	1104818	0	
3.1867	1	1105220	1105220	0	
3.18884	1	1106262	1106262	0	
3.18884	1	1106680	1106680	0	
3.19096	1	1107706	1107706	0	
3.19096	1	1108140	1108140	0	
3.19309	1	1109150	1109150	0	
3.19309	1	1109600	1109600	0	
3.19522	1	1110594	1110594	0	
3.19522	1	1111060	1111060	0	
3.19735	1	1112038	1112038	0	
3.19735	1	1112520	1112520	0	
3.19948	1	1113482	1113482	0	
3.19948	1	1113980	1113980	0	
3.20169	1	1114926	1114926	0	
3.20169	1	1115440	1115440	0	
3.20381	1	1116370	1116370	0	
3.20381	1	1116900	1116900	0	
3.20603	1	1117814	1117814	0	
3.20603	1	1118360	1118360	0	
3.20816	1	1119258	1119258	0	
3.20816	1	1119820	1119820	0	
3.21029	1	1120702	1120702	0	
3.21029	1	1121280	1121280	0	
3.21242	1	1122146	1122146	0	
3.21242	1	1122740	1122740	0	
3.21455	1	1123590	1123590	0	
3.21455	1	1124200	1124200	0	
3.21667	1	1125034	1125034	0	
3.21667	1	1125660	1125660	0	
3.2188	1	1126478	1126478	0	
3.2188	1	1127120	1127120	0	
3.22093	1	1127922	1127922	0	
3.22093	1	1128580	1128580	0	
3.22314	1	1129366	1129366	0	
3.22314	1	1130040	1130040	0	
3.22527	1	1130810	1130810	0	
3.22527	1	1131500	1131500	0	
3.2274	1	1132254	1132254	0	
3.2274	1	1132960	1132960	0	
3.22953	1	1133698	1133698	0	
3.22953	1	1134420	1134420	0	
3.23166	1	1135142	1135142	0	
3.23166	1	1135880	1135880	0	
3.23379	1	1136586	1136586	0	
3.23379	1	1137340	1137340	0	
3.23592	1	1138030	1138030	0	
3.23592	1	1138800	1138800	0	
3.23813	1	1139474	1139474	0	
3.23813	1	1140260	1140260	0	
3.24026	1	1140918	1140918	0	
3.24026	1	1141720	1141720	0	
3.24238	1	1142362	1142362	0	
3.24238	1	1143180	1143180	0	
3.24451	1	1143806	1143806	0	
3.24451	1	1144640	1144640	0	
3.24664	1	1145250	1145250	0	
3.24664	1	1146100	1146100	0	
3.24877	1	1146694	1146694	0	
3.24877	1	1147560	1147560	0	
3.2509	1	1148138	1148138	0	
3.2509	1	1149020	1149020	0	
3.25303	1	1149582	1149582	0	
3.25303	1	1150480	1150480	0	
3.25462	1	1151026	1152470	0	
3.25462	1	1151026	1153400	930	
3.25516	1	1151026	1151026	1444	
3.25516	1	1151940	1151940	1444	
3.25718	1	1153914	1153914	0	
3.25718	1	1154860	1154860	0	
3.25964	1	1155358	1155358	0	
3.25964	1	1156320	1156320	0	
3.2621	1	1156802	1156802	0	
3.2621	1	1157780	1157780	0	
3.26456	1	1158246	1158246	0	
3.26456	1	1159240	1159240	0	
3.26702	1	1159690	1159690	0	
3.26702	1	1160700	1160700	0	
3.26958	1	1161134	1161134	0	
3.26958	1	1162160	1162160	0	
3.27204	1	1162578	1162578	0	
3.27204	1	1163620	1163620	0	
3.2745	1	1164022	1164022	0	
3.2745	1	1165080	1165080	0	
3.27696	1	1165466	1165466	0	
3.27696	1	1166540	1166540	0	
3.27942	1	1166910	1166910	0	
3.27942	1	1168000	1168000	0	
3.28188	1	1168354	1168354	0	
3.28188	1	1169460	1169460	0	
3.28434	1	1169798	1169798	0	
3.28434	1	1170920	1170920	0	
3.2868	1	1171242	1171242	0	
3.2868	1	1172380	1172380	0	
3.28936	1	1172686	1172686	0	
3.28936	1	1173840	1173840	0	
3.29182	1	1174130	1174130	0	
3.29182	1	1175300	1175300	0	
3.29429	1	1175574	1175574	0	
3.29429	1	1176760	1176760	0	
3.29675	1	1177018	1177018	0	
3.29675	1	1178220	1178220	0	
3.29921	1	1178462	1178462	0	
3.29921	1	1179680	1179680	0	
3.30176	1	1179906	1179906	0	
3.30176	1	1181140	1181140	0	
3.30422	1	1181350	1181350	0	
3.30422	1	1182600	1182600	0	
3.30668	1	1182794	1182794	0	
3.30668	1	1184060	1184060	0	
3.30914	1	1184238	1184238	0	
3.30914	1	1185520	1185520	0	
3.3116	1	1185682	1185682	0	
3.3116	1	1186980	1186980	0	
3.31406	1	1187126	1187126	0	
3.31406	1	1188440	1188440	0	
3.31652	1	1188570	1188570	0	
3.31652	1	1189900	1189900	0	
3.31899	1	1190014	1190014	0	
3.31899	1	1191360	1191360	0	
3.32145	1	1191458	1191458	0	
3.32145	1	1192820	1192820	0	
3.32401	1	1192902	1192902	0	
3.32401	1	1194280	1194280	0	
3.32647	1	1194346	1194346	0	
3.32647	1	1195740	1195740	0	
3.32893	1	1195790	1195790	0	
3.32893	1	1197200	1197200	0	
3.33139	1	1197234	1197234	0	
3.33139	1	1198660	1198660	0	
3.33384	1	1198678	1198678	0	
3.33384	1	1200120	1200120	0	
3.3364	1	1200122	1200122	0	
3.33886	1	1201574	1201574	0	
3.33886	1	1201580	1201580	0	
3.34133	1	1203019	1203019	0	
3.34133	1	1203040	1203040	0	
3.34379	1	1204464	1204464	0	
3.34379	1	1204500	1204500	0	
3.34625	1	1205909	1205909	0	
3.34625	1	1205960	1205960	0	
3.3488	1	1207354	1207354	0	
3.3488	1	1207420	1207420	0	
3.3542	1	1208798	1208798	0	
3.3542	1	1208880	1208880	0	
3.35641	1	1210242	1210242	0	
3.35641	1	1210340	1210340	0	
3.35856	1	1211686	1211686	0	
3.35856	1	1211800	1211800	0	
3.3607	1	1213130	1213130	0	
3.3607	1	1213260	1213260	0	
3.36285	1	1214574	1214574	0	
3.36285	1	1214720	1214720	0	
3.365	1	1216018	1216018	0	
3.365	1	1216180	1216180	0	
3.36715	1	1217462	1217462	0	
3.36715	1	1217640	1217640	0	
3.36938	1	1218906	1218906	0	
3.36938	1	1219100	1219100	0	
3.37153	1	1220350	1220350	0	
3.37153	1	1220560	1220560	0	
3.37368	1	1221794	1221794	0	
3.37368	1	1222020	1222020	0	
3.37583	1	1223238	1223238	0	
3.37583	1	1223480	1223480	0	
3.37797	1	1224682	1224682	0	
3.37797	1	1224940	1224940	0	
3.38012	1	1226126	1226126	0	
3.38012	1	1226400	1226400	0	
3.38235	1	1227570	1227570	0	
3.38235	1	1227860	1227860	0	
3.3845	1	1229014	1229014	0	
3.3845	1	1229320	1229320	0	
3.38665	1	1230458	1230458	0	
3.38665	1	1230780	1230780	0	
3.3888	1	1231902	1231902	0	
3.3888	1	1232240	1232240	0	
3.39095	1	1233346	1233346	0	
3.39095	1	1233700	1233700	0	
3.39309	1	1234790	1234790	0	
3.39309	1	1235160	1235160	0	
3.39524	1	1236234	1236234	0	
3.39524	1	1236620	1236620	0	
3.39739	1	1237678	1237678	0	
3.39739	1	1238080	1238080	0	
3.39962	1	1239122	1239122	0	
3.39962	1	1239540	1239540	0	
3.40177	1	1240566	1240566	0	
3.40177	1	1241000	1241000	0	
3.40391	1	1242010	1242010	0	
3.40391	1	1242460	1242460	0	
3.40606	1	1243454	1243454	0	
3.40606	1	1243920	1243920	0	
3.40821	1	1244898	1244898	0	
3.40821	1	1245380	1245380	0	
3.41045	1	1246342	1246342	0	
3.41045	1	1246840	1246840	0	
3.41259	1	1247786	1247786	0	
3.41259	1	1248300	1248300	0	
3.41474	1	1249230	1249230	0	
3.41474	1	1249760	1249760	0	
3.41689	1	1250674	1250674	0	
3.41689	1	1251220	1251220	0	
3.41903	1	1252118	1252118	0	
3.41903	1	1252680	1252680	0	
3.42118	1	1253562	1253562	0	
3.42118	1	1254140	1254140	0	
3.42333	1	1255006	1255006	0	
3.42333	1	1255600	1255600	0	
3.42548	1	1256450	1256450	0	
3.42548	1	1257060	1257060	0	
3.42771	1	1257894	1257894	0	
3.42771	1	1258520	1258520	0	
3.42986	1	1259338	1259338	0	
3.42986	1	1259980	1259980	0	
3.43201	1	1260782	1260782	0	
3.43201	1	1261440	1261440	0	
3.43416	1	1262226	1262226	0	
3.43416	1	1262900	1262900	0	
3.4363	1	1263670	1263670	0	
3.4363	1	1264360	1264360	0	
3.43853	1	1265114	1265114	0	
3.43853	1	1265820	1265820	0	
3.44068	1	1266558	1266558	0	
3.44068	1	1267280	1267280	0	
3.44283	1	1268002	1268002	0	
3.44283	1	1268740	1268740	0	
3.44497	1	1269446	1269446	0	
3.44497	1	1270200	1270200	0	
3.44712	1	1270890	1270890	0	
3.44712	1	1271660	1271660	0	
3.44928	1	1272334	1272334	0	
3.44928	1	1273120	1273120	0	
3.45151	1	1273778	1273778	0	
3.45151	1	1274580	1274580	0	
3.45365	1	1275222	1275222	0	
3.45365	1	1276040	1276040	0	
3.4558	1	1276666	1276666	0	
3.4558	1	1277500	1277500	0	
3.45789	1	1278110	1278110	0	
3.45789	1	1278960	1278960	0	
3.45998	1	1279554	1279554	0	
3.45998	1	1280420	1280420	0	
3.46207	1	1280998	1280998	0	
3.46207	1	1281880	1281880	0	
3.46416	1	1282442	1282442	0	
3.46416	1	1283340	1283340	0	
3.46633	1	1283886	1283886	0	
3.46633	1	1284800	1284800	0	
3.46843	1	1285330	1285330	0	
3.46843	1	1286260	1286260	0	
3.47052	1	1286774	1286774	0	
3.47052	1	1287720	1287720	0	
3.4726	1	1288218	1288218	0	
3.4726	1	1289180	1289180	0	
3.47469	1	1289662	1289662	0	
3.47469	1	1290640	1290640	0	
3.47678	1	1291106	1291106	0	
3.47678	1	1292100	1292100	0	
3.47895	1	1292550	1292550	0	
3.47895	1	1293560	1293560	0	
3.48104	1	1293994	1293994	0	
3.48104	1	1295020	1295020	0	
3.48313	1	1295438	1295438	0	
3.48313	1	1296480	1296480	0	
3.48522	1	1296882	1296882	0	
3.48522	1	1297940	1297940	0	
3.48731	1	1298326	1298326	0	
3.48731	1	1299400	1299400	0	
3.48941	1	1299770	1299770	0	
3.48941	1	1300860	1300860	0	
3.4915	1	1301214	1301214	0	
3.4915	1	1302320	1302320	0	
3.49359	1	1302658	1302658	0	
3.49359	1	1303780	1303780	0	
3.49576	1	1304102	1304102	0	
3.49576	1	1305240	1305240	0	
3.49785	1	1305546	1305546	0	
3.49785	1	1306700	1306700	0	
3.49994	1	1306990	1306990	0	
3.49994	1	1308160	1308160	0	
3.50203	1	1308434	1308434	0	
3.50203	1	1309620	1309620	0	
3.50412	1	1309878	1309878	0	
3.50412	1	1311080	1311080	0	
3.50629	1	1311322	1311322	0	
3.50629	1	1312540	1312540	0	
3.50838	1	1312766	1312766	0	
3.50838	1	1314000	1314000	0	
3.51047	1	1314210	1314210	0	
3.51047	1	1315460	1315460	0	
3.51256	1	1315654	1315654	0	
3.51256	1	1316920	1316920	0	
3.51465	1	1317098	1317098	0	
3.51465	1	1318380	1318380	0	
3.51682	1	1318542	1318542	0	
3.51682	1	1319840	1319840	0	
3.51891	1	1319986	1319986	0	
3.51891	1	1321300	1321300	0	
3.521	1	1321430	1321430	0	
3.521	1	1322760	1322760	0	
3.52309	1	1322874	1322874	0	
3.52309	1	1324220	1324220	0	
3.52518	1	1324318	1324318	0	
3.52518	1	1325680	1325680	0	
3.52727	1	1325762	1325762	0	
3.52727	1	1327140	1327140	0	
3.52936	1	1327206	1327206	0	
3.52936	1	1328600	1328600	0	
3.53145	1	1328650	1328650	0	
3.53145	1	1330060	1330060	0	
3.53362	1	1330094	1330094	0	
3.53362	1	1331520	1331520	0	
3.53571	1	1331538	1331538	0	
3.53571	1	1332980	1332980	0	
3.5378	1	1332982	1332982	0	
3.53989	1	1334434	1334434	0	
3.53989	1	1334440	1334440	0	
3.54198	1	1335879	1335879	0	
3.54198	1	1335900	1335900	0	
3.54415	1	1337324	1337324	0	
3.54415	1	1337360	1337360	0	
3.54624	1	1338769	1338769	0	
3.54624	1	1338820	1338820	0	
3.54833	1	1340214	1340214	0	
3.54833	1	1340280	1340280	0	
3.55042	1	1341658	1341658	0	
3.55042	1	1341740	1341740	0	
3.55251	1	1343102	1343102	0	
3.55251	1	1343200	1343200	0	
3.55284	1	1344546	1345990	0	
3.55284	1	1344546	1346120	130	
3.5546	1	1344546	1344546	1444	
3.5546	1	1344660	1344660	1444	
3.55509	1	1347434	1347434	0	
3.55509	1	1347580	1347580	0	
3.55741	1	1348878	1348878	0	
3.55741	1	1349040	1349040	0	
3.55966	1	1350322	1350322	0	
3.55966	1	1350500	1350500	0	
3.5619	1	1351766	1351766	0	
3.5619	1	1351960	1351960	0	
3.56414	1	1353210	1353210	0	
3.56414	1	1353420	1353420	0	
3.56639	1	1354654	1354654	0	
3.56639	1	1354880	1354880	0	
3.56872	1	1356098	1356098	0	
3.56872	1	1356340	1356340	0	
3.57096	1	1357542	1357542	0	
3.57096	1	1357800	1357800	0	
3.5732	1	1358986	1358986	0	
3.5732	1	1359260	1359260	0	
3.57544	1	1360430	1360430	0	
3.57544	1	1360720	1360720	0	
3.57769	1	1361874	1361874	0	
3.57769	1	1362180	1362180	0	
3.57993	1	1363318	1363318	0	
3.57993	1	1363640	1363640	0	
3.58217	1	1364762	1364762	0	
3.58217	1	1365100	1365100	0	
3.58441	1	1366206	1366206	0	
3.58441	1	1366560	1366560	0	
3.58675	1	1367650	1367650	0	
3.58675	1	1368020	1368020	0	
3.58899	1	1369094	1369094	0	
3.58899	1	1369480	1369480	0	
3.59123	1	1370538	1370538	0	
3.59123	1	1370940	1370940	0	
3.59347	1	1371982	1371982	0	
3.59347	1	1372400	1372400	0	
3.59571	1	1373426	1373426	0	
3.59571	1	1373860	1373860	0	
3.59804	1	1374870	1374870	0	
3.59804	1	1375320	1375320	0	
3.60029	1	1376314	1376314	0	
3.60029	1	1376780	1376780	0	
3.60253	1	1377758	1377758	0	
3.60253	1	1378240	1378240	0	
3.60477	1	1379202	1379202	0	
3.60477	1	1379700	1379700	0	
3.60701	1	1380646	1380646	0	
3.60701	1	1381160	1381160	0	
3.60935	1	1382090	1382090	0	
3.60935	1	1382620	1382620	0	
3.61159	1	1383534	1383534	0	
3.61159	1	1384080	1384080	0	
3.61383	1	1384978	1384978	0	
3.61383	1	1385540	1385540	0	
3.61607	1	1386422	1386422	0	
3.61607	1	1387000	1387000	0	
3.61832	1	1387866	1387866	0	
3.61832	1	1388460	1388460	0	
3.62056	1	1389310	1389310	0	
3.62056	1	1389920	1389920	0	
3.6228	1	1390754	1390754	0	
3.6228	1	1391380	1391380	0	
3.62504	1	1392198	1392198	0	
3.62504	1	1392840	1392840	0	
3.62737	1	1393642	1393642	0	
3.62737	1	1394300	1394300	0	
3.62962	1	1395086	1395086	0	
3.62962	1	1395760	1395760	0	
3.63186	1	1396530	1396530	0	
3.63186	1	1397220	1397220	0	
3.6341	1	1397974	1397974	0	
3.6341	1	1398680	1398680	0	
3.63634	1	1399418	1399418	0	
3.63634	1	1400140	1400140	0	
3.63867	1	1400862	1400862	0	
3.63867	1	1401600	1401600	0	
3.64092	1	1402306	1402306	0	
3.64092	1	1403060	1403060	0	
3.64316	1	1403750	1403750	0	
3.64316	1	1404520	1404520	0	
3.6454	1	1405194	1405194	0	
3.6454	1	1405980	1405980	0	
3.64764	1	1406638	1406638	0	
3.64764	1	1407440	1407440	0	
3.64988	1	1408082	1408082	0	
3.64988	1	1408900	1408900	0	
3.65213	1	1409526	1409526	0	
3.65213	1	1410360	1410360	0	
3.65431	1	1410970	1410970	0	
3.65431	1	1411820	1411820	0	
3.65657	1	1412414	1412414	0	
3.65657	1	1413280	1413280	0	
3.65875	1	1413858	1413858	0	
3.65875	1	1414740	1414740	0	
3.66093	1	1415302	1415302	0	
3.66093	1	1416200	1416200	0	
3.66311	1	1416746	1416746	0	
3.66311	1	1417660	1417660	0	
3.66529	1	1418190	1418190	0	
3.66529	1	1419120	1419120	0	
3.66755	1	1419634	1419634	0	
3.66755	1	1420580	1420580	0	
3.66973	1	1421078	1421078	0	
3.66973	1	1422040	1422040	0	
3.67191	1	1422522	1422522	0	
3.67191	1	1423500	1423500	0	
3.67409	1	1423966	1423966	0	
3.67409	1	1424960	1424960	0	
3.67627	1	1425410	1425410	0	
3.67627	1	1426420	1426420	0	
3.67845	1	1426854	1426854	0	
3.67845	1	1427880	1427880	0	
3.68063	1	1428298	1428298	0	
3.68063	1	1429340	1429340	0	
3.6828	1	1429742	1429742	0	
3.6828	1	1430800	1430800	0	
3.68507	1	1431186	1431186	0	
3.68507	1	1432260	1432260	0	
3.68725	1	1432630	1432630	0	
3.68725	1	1433720	1433720	0	
3.68942	1	1434074	1434074	0	
3.68942	1	1435180	1435180	0	
3.6916	1	1435518	1435518	0	
3.6916	1	1436640	1436640	0	
3.69379	1	1436962	1436962	0	
3.69379	1	1438100	1438100	0	
3.69605	1	1438406	1438406	0	
3.69605	1	1439560	1439560	0	
3.69823	1	1439850	1439850	0	
3.69823	1	1441020	1441020	0	
3.70041	1	1441294	1441294	0	
3.70041	1	1442480	1442480	0	
3.70258	1	1442738	1442738	0	
3.70258	1	1443940	1443940	0	
3.70476	1	1444182	1444182	0	
3.70476	1	1445400	1445400	0	
3.70703	1	1445626	1445626	0	
3.70703	1	1446860	1446860	0	
3.7092	1	1447070	1447070	0	
3.7092	1	1448320	1448320	0	
3.71138	1	1448514	1448514	0	
3.71138	1	1449780	1449780	0	
3.71357	1	1449958	1449958	0	
3.71357	1	1451240	1451240	0	
3.71575	1	1451402	1451402	0	
3.71575	1	1452700	1452700	0	
3.71792	1	1452846	1452846	0	
3.71792	1	1454160	1454160	0	
3.7201	1	1454290	1454290	0	
3.7201	1	1455620	1455620	0	
3.72228	1	1455734	1455734	0	
3.72228	1	1457080	1457080	0	
3.72454	1	1457178	1457178	0	
3.72454	1	1458540	1458540	0	
3.72672	1	1458622	1458622	0	
3.72672	1	1460000	1460000	0	
3.7289	1	1460066	1460066	0	
3.7289	1	1461460	1461460	0	
3.73108	1	1461510	1461510	0	
3.73108	1	1462920	1462920	0	
3.73325	1	1462954	1462954	0	
3.73325	1	1464380	1464380	0	
3.73552	1	1464398	1464398	0	
3.73552	1	1465840	1465840	0	
3.7377	1	1465842	1465842	0	
3.73988	1	1467294	1467294	0	
3.73988	1	1467300	1467300	0	
3.74206	1	1468739	1468739	0	
3.74206	1	1468760	1468760	0	
3.74423	1	1470184	1470184	0	
3.74423	1	1470220	1470220	0	
3.74641	1	1471629	1471629	0	
3.74641	1	1471680	1471680	0	
3.74859	1	1473074	1473074	0	
3.74859	1	1473140	1473140	0	
3.75077	1	1474518	1474518	0	
3.75077	1	1474600	1474600	0	
3.75291	1	1475962	1475962	0	
3.75291	1	1476060	1476060	0	
3.75497	1	1477406	1477406	0	
3.75497	1	1477520	1477520	0	
3.75703	1	1478850	1478850	0	
3.75703	1	1478980	1478980	0	
3.75909	1	1480294	1480294	0	
3.75909	1	1480440	1480440	0	
3.76115	1	1481738	1481738	0	
3.76115	1	1481900	1481900	0	
3.76329	1	1483182	1483182	0	
3.76329	1	1483360	1483360	0	
3.76535	1	1484626	1484626	0	
3.76535	1	1484820	1484820	0	
3.76741	1	1486070	1486070	0	
3.76741	1	1486280	1486280	0	
3.76946	1	1487514	1487514	0	
3.76946	1	1487740	1487740	0	
3.77152	1	1488958	1488958	0	
3.77152	1	1489200	1489200	0	
3.77358	1	1490402	1490402	0	
3.77358	1	1490660	1490660	0	
3.77565	1	1491846	1491846	0	
3.77565	1	1492120	1492120	0	
3.77771	1	1493290	1493290	0	
3.77771	1	1493580	1493580	0	
3.77984	1	1494734	1494734	0	
3.77984	1	1495040	1495040	0	
3.7819	1	1496178	1496178	0	
3.7819	1	1496500	1496500	0	
3.78396	1	1497622	1497622	0	
3.78396	1	1497960	1497960	0	
3.78602	1	1499066	1499066	0	
3.78602	1	1499420	1499420	0	
3.78808	1	1500510	1500510	0	
3.78808	1	1500880	1500880	0	
3.79022	1	1501954	1501954	0	
3.79022	1	1502340	1502340	0	
3.79228	1	1503398	1503398	0	
3.79228	1	1503800	1503800	0	
3.79434	1	1504842	1504842	0	
3.79434	1	1505260	1505260	0	
3.7964	1	1506286	1506286	0	
3.7964	1	1506720	1506720	0	
3.79846	1	1507730	1507730	0	
3.79846	1	1508180	1508180	0	
3.80052	1	1509174	1509174	0	
3.80052	1	1509640	1509640	0	
3.80266	1	1510618	1510618	0	
3.80266	1	1511100	1511100	0	
3.80472	1	1512062	1512062	0	
3.80472	1	1512560	1512560	0	
3.80677	1	1513506	1513506	0	
3.80677	1	1514020	1514020	0	
3.80883	1	1514950	1514950	0	
3.80883	1	1515480	1515480	0	
3.81089	1	1516394	1516394	0	
3.81089	1	1516940	1516940	0	
3.81295	1	1517838	1517838	0	
3.81295	1	1518400	1518400	0	
3.81502	1	1519282	1519282	0	
3.81502	1	1519860	1519860	0	
3.81707	1	1520726	1520726	0	
3.81707	1	1521320	1521320	0	
3.81921	1	1522170	1522170	0	
3.81921	1	1522780	1522780	0	
3.82127	1	1523614	1523614	0	
3.82127	1	1524240	1524240	0	
3.82333	1	1525058	1525058	0	
3.82333	1	1525700	1525700	0	
3.82539	1	1526502	1526502	0	
3.82539	1	1527160	1527160	0	
3.82745	1	1527946	1527946	0	
3.82745	1	1528620	1528620	0	
3.82959	1	1529390	1529390	0	
3.82959	1	1530080	1530080	0	
3.83165	1	1530834	1530834	0	
3.83165	1	1531540	1531540	0	
3.83371	1	1532278	1532278	0	
3.83371	1	1533000	1533000	0	
3.83577	1	1533722	1533722	0	
3.83577	1	1534460	1534460	0	
3.83783	1	1535166	1535166	0	
3.83783	1	1535920	1535920	0	
3.83989	1	1536610	1536610	0	
3.83989	1	1537380	1537380	0	
3.84195	1	1538054	1538054	0	
3.84195	1	1538840	1538840	0	
3.844	1	1539498	1539498	0	
3.844	1	1540300	1540300	0	
3.84614	1	1540942	1540942	0	
3.84614	1	1541760	1541760	0	
3.8482	1	1542386	1542386	0	
3.8482	1	1543220	1543220	0	
3.85026	1	1543830	1543830	0	
3.85026	1	1544680	1544680	0	
3.85264	1	1545274	1545274	0	
3.85264	1	1546140	1546140	0	
3.85503	1	1546718	1546718	0	
3.85503	1	1547600	1547600	0	
3.8575	1	1548162	1548162	0	
3.8575	1	1549060	1549060	0	
3.85987	1	1549606	1549606	0	
3.85987	1	1550520	1550520	0	
3.86225	1	1551050	1551050	0	
3.86225	1	1551980	1551980	0	
3.86463	1	1552494	1552494	0	
3.86463	1	1553440	1553440	0	
3.86701	1	1553938	1553938	0	
3.86701	1	1554900	1554900	0	
3.86948	1	1555382	1555382	0	
3.86948	1	1556360	1556360	0	
3.87186	1	1556826	1556826	0	
3.87186	1	1557820	1557820	0	
3.87424	1	1558270	1558270	0	
3.87424	1	1559280	1559280	0	
3.87662	1	1559714	1559714	0	
3.87662	1	1560740	1560740	0	
3.879	1	1561158	1561158	0	
3.879	1	1562200	1562200	0	
3.88138	1	1562602	1562602	0	
3.88138	1	1563660	1563660	0	
3.88376	1	1564046	1564046	0	
3.88376	1	1565120	1565120	0	
3.88614	1	1565490	1565490	0	
3.88614	1	1566580	1566580	0	
3.88861	1	1566934	1566934	0	
3.88861	1	1568040	1568040	0	
3.89099	1	1568378	1568378	0	
3.89099	1	1569500	1569500	0	
3.89336	1	1569822	1569822	0	
3.89336	1	1570960	1570960	0	
3.89574	1	1571266	1571266	0	
3.89574	1	1572420	1572420	0	
3.89812	1	1572710	1572710	0	
3.89812	1	1573880	1573880	0	
3.9006	1	1574154	1574154	0	
3.9006	1	1575340	1575340	0	
3.90298	1	1575598	1575598	0	
3.90298	1	1576800	1576800	0	
3.90536	1	1577042	1577042	0	
3.90536	1	1578260	1578260	0	
3.90773	1	1578486	1578486	0	
3.90773	1	1579720	1579720	0	
3.91011	1	1579930	1579930	0	
3.91011	1	1581180	1581180	0	
3.91249	1	1581374	1581374	0	
3.91249	1	1582640	1582640	0	
3.91487	1	1582818	1582818	0	
3.91487	1	1584100	1584100	0	
3.91725	1	1584262	1584262	0	
3.91725	1	1585560	1585560	0	
3.91972	1	1585706	1585706	0	
3.91972	1	1587020	1587020	0	
3.9221	1	1587150	1587150	0	
3.9221	1	1588480	1588480	0	
3.92448	1	1588594	1588594	0	
3.92448	1	1589940	1589940	0	
3.92686	1	1590038	1590038	0	
3.92686	1	1591400	1591400	0	
3.92924	1	1591482	1591482	0	
3.92924	1	1592860	1592860	0	
3.93171	1	1592926	1592926	0	
3.93171	1	1594320	1594320	0	
3.93409	1	1594370	1594370	0	
3.93409	1	1595780	1595780	0	
3.93646	1	1595814	1595814	0	
3.93646	1	1597240	1597240	0	
3.93884	1	1597258	1597258	0	
3.93884	1	1598700	1598700	0	
3.94122	1	1598702	1598702	0	
3.9436	1	1600154	1600154	0	
3.9436	1	1600160	1600160	0	
3.94598	1	1601599	1601599	0	
3.94598	1	1601620	1601620	0	
3.94836	1	1603044	1603044	0	
3.94836	1	1603080	1603080	0	
3.95083	1	1604489	1604489	0	
3.95083	1	1604540	1604540	0	
3.9532	1	1605934	1605934	0	
3.9532	1	1606000	1606000	0	
3.95558	1	1607378	1607378	0	
3.95558	1	1607460	1607460	0	
3.95795	1	1608822	1608822	0	
3.95795	1	1608920	1608920	0	
3.96032	1	1610266	1610266	0	
3.96032	1	1610380	1610380	0	
3.96279	1	1611710	1611710	0	
3.96279	1	1611840	1611840	0	
3.96516	1	1613154	1613154	0	
3.96516	1	1613300	1613300	0	
3.96754	1	1614598	1614598	0	
3.96754	1	1614760	1614760	0	
3.96991	1	1616042	1616042	0	
3.96991	1	1616220	1616220	0	
3.97229	1	1617486	1617486	0	
3.97229	1	1617680	1617680	0	
3.97475	1	1618930	1618930	0	
3.97475	1	1619140	1619140	0	
3.97712	1	1620374	1620374	0	
3.97712	1	1620600	1620600	0	
3.9795	1	1621818	1621818	0	
3.9795	1	1622060	1622060	0	
3.98187	1	1623262	1623262	0	
3.98187	1	1623520	1623520	0	
3.98424	1	1624706	1624706	0	
3.98424	1	1624980	1624980	0	
3.98662	1	1626150	1626150	0	
3.98662	1	1626440	1626440	0	
3.98899	1	1627594	1627594	0	
3.98899	1	1627900	1627900	0	
3.99137	1	1629038	1629038	0	
3.99137	1	1629360	1629360	0	
3.99383	1	1630482	1630482	0	
3.99383	1	1630820	1630820	0	
3.99621	1	1631926	1631926	0	
3.99621	1	1632280	1632280	0	
3.99858	1	1633370	1633370	0	
3.99858	1	1633740	1633740	0	
4.00095	1	1634814	1634814	0	
4.00095	1	1635200	1635200	0	
4.00333	1	1636258	1636258	0	
4.00333	1	1636660	1636660	0	
4.00579	1	1637702	1637702	0	
4.00579	1	1638120	1638120	0	
4.00816	1	1639146	1639146	0	
4.00816	1	1639580	1639580	0	
4.01054	1	1640590	1640590	0	
4.01054	1	1641040	1641040	0	
4.01292	1	1642034	1642034	0	
4.01292	1	1642500	1642500	0	
4.01529	1	1643478	1643478	0	
4.01529	1	1643960	1643960	0	
4.01766	1	1644922	1644922	0	
4.01766	1	1645420	1645420	0	
4.02004	1	1646366	1646366	0	
4.02004	1	1646880	1646880	0	
4.02241	1	1647810	1647810	0	
4.02241	1	1648340	1648340	0	
4.02487	1	1649254	1649254	0	
4.02487	1	1649800	1649800	0	
4.02725	1	1650698	1650698	0	
4.02725	1	1651260	1651260	0	
4.02962	1	1652142	1652142	0	
4.02962	1	1652720	1652720	0	
4.03199	1	1653586	1653586	0	
4.03199	1	1654180	1654180	0	
4.03437	1	1655030	1655030	0	
4.03437	1	1655640	1655640	0	
4.03684	1	1656474	1656474	0	
4.03684	1	1657100	1657100	0	
4.03921	1	1657918	1657918	0	
4.03921	1	1658560	1658560	0	
4.04158	1	1659362	1659362	0	
4.04158	1	1660020	1660020	0	
4.04396	1	1660806	1660806	0	
4.04396	1	1661480	1661480	0	
4.04633	1	1662250	1662250	0	
4.04633	1	1662940	1662940	0	
4.0487	1	1663694	1663694	0	
4.0487	1	1664400	1664400	0	
4.05108	1	1665138	1665138	0	
4.05108	1	1665860	1665860	0	
4.05344	1	1666582	1666582	0	
4.05344	1	1667320	1667320	0	
4.0559	1	1668026	1668026	0	
4.0559	1	1668780	1668780	0	
4.05828	1	1669470	1669470	0	
4.05828	1	1670240	1670240	0	
4.06065	1	1670914	1670914	0	
4.06065	1	1671700	1671700	0	
4.06301	1	1672358	1672358	0	
4.06301	1	1673160	1673160	0	
4.06538	1	1673802	1673802	0	
4.06538	1	1674620	1674620	0	
4.06784	1	1675246	1675246	0	
4.06784	1	1676080	1676080	0	
4.07021	1	1676690	1676690	0	
4.07021	1	1677540	1677540	0	
4.07257	1	1678134	1678134	0	
4.07257	1	1679000	1679000	0	
4.07494	1	1679578	1679578	0	
4.07494	1	1680460	1680460	0	
4.07731	1	1681022	1681022	0	
4.07731	1	1681920	1681920	0	
4.07978	1	1682466	1682466	0	
4.07978	1	1683380	1683380	0	
4.08214	1	1683910	1683910	0	
4.08214	1	1684840	1684840	0	
4.08451	1	1685354	1685354	0	
4.08451	1	1686300	1686300	0	
4.08688	1	1686798	1686798	0	
4.08688	1	1687760	1687760	0	
4.08925	1	1688242	1688242	0	
4.08925	1	1689220	1689220	0	
4.09161	1	1689686	1689686	0	
4.09161	1	1690680	1690680	0	
4.09398	1	1691130	1691130	0	
4.09398	1	1692140	1692140	0	
4.09635	1	1692574	1692574	0	
4.09635	1	1693600	1693600	0	
4.09881	1	1694018	1694018	0	
4.09881	1	1695060	1695060	0	
4.10117	1	1695462	1695462	0	
4.10117	1	1696520	1696520	0	
4.10355	1	1696906	1696906	0	
4.10355	1	1697980	1697980	0	
4.10592	1	1698350	1698350	0	
4.10592	1	1699440	1699440	0	
4.10828	1	1699794	1699794	0	
4.10828	1	1700900	1700900	0	
4.11074	1	1701238	1701238	0	
4.11074	1	1702360	1702360	0	
4.11311	1	1702682	1702682	0	
4.11311	1	1703820	1703820	0	
4.11548	1	1704126	1704126	0	
4.11548	1	1705280	1705280	0	
4.11785	1	1705570	1705570	0	
4.11785	1	1706740	1706740	0	
4.12021	1	1707014	1707014	0	
4.12021	1	1708200	1708200	0	
4.12258	1	1708458	1708458	0	
4.12258	1	1709660	1709660	0	
4.12495	1	1709902	1709902	0	
4.12495	1	1711120	1711120	0	
4.12732	1	1711346	1711346	0	
4.12732	1	1712580	1712580	0	
4.12978	1	1712790	1712790	0	
4.12978	1	1714040	1714040	0	
4.13215	1	1714234	1714234	0	
4.13215	1	1715500	1715500	0	
4.13452	1	1715678	1715678	0	
4.13452	1	1716960	1716960	0	
4.13688	1	1717122	1717122	0	
4.13688	1	1718420	1718420	0	
4.13925	1	1718566	1718566	0	
4.13925	1	1719880	1719880	0	
4.14171	1	1720010	1720010	0	
4.14171	1	1721340	1721340	0	
4.14408	1	1721454	1721454	0	
4.14408	1	1722800	1722800	0	
4.14645	1	1722898	1722898	0	
4.14645	1	1724260	1724260	0	
4.14882	1	1724342	1724342	0	
4.14882	1	1725720	1725720	0	
4.15119	1	1725786	1725786	0	
4.15119	1	1727180	1727180	0	
4.15347	1	1727230	1727230	0	
4.15347	1	1728640	1728640	0	
4.15576	1	1728674	1728674	0	
4.15576	1	1730100	1730100	0	
4.15804	1	1730118	1730118	0	
4.15804	1	1731560	1731560	0	
4.16042	1	1731562	1731562	0	
4.1627	1	1733014	1733014	0	
4.1627	1	1733020	1733020	0	
4.16499	1	1734459	1734459	0	
4.16499	1	1734480	1734480	0	
4.16728	1	1735904	1735904	0	
4.16728	1	1735940	1735940	0	
4.16956	1	1737349	1737349	0	
4.16956	1	1737400	1737400	0	
4.17194	1	1738794	1738794	0	
4.17194	1	1738860	1738860	0	
4.17423	1	1740238	1740238	0	
4.17423	1	1740320	1740320	0	
4.17652	1	1741682	1741682	0	
4.17652	1	1741780	1741780	0	
4.1788	1	1743126	1743126	0	
4.1788	1	1743240	1743240	0	
4.18109	1	1744570	1744570	0	
4.18109	1	1744700	1744700	0	
4.18347	1	1746014	1746014	0	
4.18347	1	1746160	1746160	0	
4.18575	1	1747458	1747458	0	
4.18575	1	1747620	1747620	0	
4.18804	1	1748902	1748902	0	
4.18804	1	1749080	1749080	0	
4.19032	1	1750346	1750346	0	
4.19032	1	1750540	1750540	0	
4.19262	1	1751790	1751790	0	
4.19262	1	1752000	1752000	0	
4.1949	1	1753234	1753234	0	
4.1949	1	1753460	1753460	0	
4.19719	1	1754678	1754678	0	
4.19719	1	1754920	1754920	0	
4.19948	1	1756122	1756122	0	
4.19948	1	1756380	1756380	0	
4.20185	1	1757566	1757566	0	
4.20185	1	1757840	1757840	0	
4.20414	1	1759010	1759010	0	
4.20414	1	1759300	1759300	0	
4.20643	1	1760454	1760454	0	
4.20643	1	1760760	1760760	0	
4.20871	1	1761898	1761898	0	
4.20871	1	1762220	1762220	0	
4.211	1	1763342	1763342	0	
4.211	1	1763680	1763680	0	
4.21338	1	1764786	1764786	0	
4.21338	1	1765140	1765140	0	
4.21567	1	1766230	1766230	0	
4.21567	1	1766600	1766600	0	
4.21795	1	1767674	1767674	0	
4.21795	1	1768060	1768060	0	
4.22024	1	1769118	1769118	0	
4.22024	1	1769520	1769520	0	
4.22253	1	1770562	1770562	0	
4.22253	1	1770980	1770980	0	
4.22481	1	1772006	1772006	0	
4.22481	1	1772440	1772440	0	
4.2271	1	1773450	1773450	0	
4.2271	1	1773900	1773900	0	
4.22939	1	1774894	1774894	0	
4.22939	1	1775360	1775360	0	
4.23176	1	1776338	1776338	0	
4.23176	1	1776820	1776820	0	
4.23405	1	1777782	1777782	0	
4.23405	1	1778280	1778280	0	
4.23634	1	1779226	1779226	0	
4.23634	1	1779740	1779740	0	
4.23863	1	1780670	1780670	0	
4.23863	1	1781200	1781200	0	
4.24091	1	1782114	1782114	0	
4.24091	1	1782660	1782660	0	
4.24329	1	1783558	1783558	0	
4.24329	1	1784120	1784120	0	
4.24558	1	1785002	1785002	0	
4.24558	1	1785580	1785580	0	
4.24786	1	1786446	1786446	0	
4.24786	1	1787040	1787040	0	
4.25309	1	1787890	1787890	0	
4.25309	1	1788500	1788500	0	
4.25548	1	1789334	1789334	0	
4.25548	1	1789960	1789960	0	
4.25781	1	1790778	1790778	0	
4.25781	1	1791420	1791420	0	
4.26025	1	1792222	1792222	0	
4.26025	1	1792880	1792880	0	
4.26258	1	1793666	1793666	0	
4.26258	1	1794340	1794340	0	
4.26491	1	1795110	1795110	0	
4.26491	1	1795800	1795800	0	
4.26724	1	1796554	1796554	0	
4.26724	1	1797260	1797260	0	
4.26958	1	1797998	1797998	0	
4.26958	1	1798720	1798720	0	
4.27191	1	1799442	1799442	0	
4.27191	1	1800180	1800180	0	
4.27424	1	1800886	1800886	0	
4.27424	1	1801640	1801640	0	
4.27658	1	1802330	1802330	0	
4.27658	1	1803100	1803100	0	
4.279	1	1803774	1803774	0	
4.279	1	1804560	1804560	0	
4.28133	1	1805218	1805218	0	
4.28133	1	1806020	1806020	0	
4.28367	1	1806662	1806662	0	
4.28367	1	1807480	1807480	0	
4.286	1	1808106	1808106	0	
4.286	1	1808940	1808940	0	
4.28834	1	1809550	1809550	0	
4.28834	1	1810400	1810400	0	
4.29076	1	1810994	1810994	0	
4.29076	1	1811860	1811860	0	
4.29309	1	1812438	1812438	0	
4.29309	1	1813320	1813320	0	
4.29543	1	1813882	1813882	0	
4.29543	1	1814780	1814780	0	
4.29776	1	1815326	1815326	0	
4.29776	1	1816240	1816240	0	
4.30009	1	1816770	1816770	0	
4.30009	1	1817700	1817700	0	
4.30242	1	1818214	1818214	0	
4.30242	1	1819160	1819160	0	
4.30476	1	1819658	1819658	0	
4.30476	1	1820620	1820620	0	
4.3071	1	1821102	1821102	0	
4.3071	1	1822080	1822080	0	
4.30952	1	1822546	1822546	0	
4.30952	1	1823540	1823540	0	
4.31185	1	1823990	1823990	0	
4.31185	1	1825000	1825000	0	
4.31419	1	1825434	1825434	0	
4.31419	1	1826460	1826460	0	
4.31652	1	1826878	1826878	0	
4.31652	1	1827920	1827920	0	
4.31885	1	1828322	1828322	0	
4.31885	1	1829380	1829380	0	
4.32128	1	1829766	1829766	0	
4.32128	1	1830840	1830840	0	
4.32361	1	1831210	1831210	0	
4.32361	1	1832300	1832300	0	
4.32594	1	1832654	1832654	0	
4.32594	1	1833760	1833760	0	
4.32828	1	1834098	1834098	0	
4.32828	1	1835220	1835220	0	
4.33062	1	1835542	1835542	0	
4.33062	1	1836680	1836680	0	
4.33295	1	1836986	1836986	0	
4.33295	1	1838140	1838140	0	
4.33528	1	1838430	1838430	0	
4.33528	1	1839600	1839600	0	
4.33761	1	1839874	1839874	0	
4.33761	1	1841060	1841060	0	
4.34004	1	1841318	1841318	0	
4.34004	1	1842520	1842520	0	
4.34237	1	1842762	1842762	0	
4.34237	1	1843980	1843980	0	
4.3447	1	1844206	1844206	0	
4.3447	1	1845440	1845440	0	
4.34704	1	1845650	1845650	0	
4.34704	1	1846900	1846900	0	
4.34937	1	1847094	1847094	0	
4.34937	1	1848360	1848360	0	
4.3518	1	1848538	1848538	0	
4.3518	1	1849820	1849820	0	
4.35354	1	1849982	1851426	0	
4.35354	1	1849982	1852740	1314	
4.35413	1	1849982	1849982	1444	
4.35413	1	1851280	1851280	1444	
4.35596	1	1852870	1852870	0	
4.35596	1	1854200	1854200	0	
4.35837	1	1854314	1854314	0	
4.35837	1	1855660	1855660	0	
4.36088	1	1855758	1855758	0	
4.36088	1	1857120	1857120	0	
4.36329	1	1857202	1857202	0	
4.36329	1	1858580	1858580	0	
4.3657	1	1858646	1858646	0	
4.3657	1	1860040	1860040	0	
4.36811	1	1860090	1860090	0	
4.36811	1	1861500	1861500	0	
4.37053	1	1861534	1861534	0	
4.37053	1	1862960	1862960	0	
4.37294	1	1862978	1862978	0	
4.37294	1	1864420	1864420	0	
4.37535	1	1864422	1864422	0	
4.37776	1	1865874	1865874	0	
4.37776	1	1865880	1865880	0	
4.38027	1	1867319	1867319	0	
4.38027	1	1867340	1867340	0	
4.38268	1	1868764	1868764	0	
4.38268	1	1868800	1868800	0	
4.38509	1	1870209	1870209	0	
4.38509	1	1870260	1870260	0	
4.38751	1	1871654	1871654	0	
4.38751	1	1871720	1871720	0	
4.38992	1	1873098	1873098	0	
4.38992	1	1873180	1873180	0	
4.39243	1	1874542	1874542	0	
4.39243	1	1874640	1874640	0	
4.39484	1	1875986	1875986	0	
4.39484	1	1876100	1876100	0	
4.39726	1	1877430	1877430	0	
4.39726	1	1877560	1877560	0	
4.39967	1	1878874	1878874	0	
4.39967	1	1879020	1879020	0	
4.40208	1	1880318	1880318	0	
4.40208	1	1880480	1880480	0	
4.40449	1	1881762	1881762	0	
4.40449	1	1881940	1881940	0	
4.40691	1	1883206	1883206	0	
4.40691	1	1883400	1883400	0	
4.40932	1	1884650	1884650	0	
4.40932	1	1884860	1884860	0	
4.41182	1	1886094	1886094	0	
4.41182	1	1886320	1886320	0	
4.41424	1	1887538	1887538	0	
4.41424	1	1887780	1887780	0	
4.41666	1	1888982	1888982	0	
4.41666	1	1889240	1889240	0	
4.41907	1	1890426	1890426	0	
4.41907	1	1890700	1890700	0	
4.42148	1	1891870	1891870	0	
4.42148	1	1892160	1892160	0	
4.42399	1	1893314	1893314	0	
4.42399	1	1893620	1893620	0	
4.4264	1	1894758	1894758	0	
4.4264	1	1895080	1895080	0	
4.42881	1	1896202	1896202	0	
4.42881	1	1896540	1896540	0	
4.43122	1	1897646	1897646	0	
4.43122	1	1898000	1898000	0	
4.43364	1	1899090	1899090	0	
4.43364	1	1899460	1899460	0	
4.43605	1	1900534	1900534	0	
4.43605	1	1900920	1900920	0	
4.43846	1	1901978	1901978	0	
4.43846	1	1902380	1902380	0	
4.44088	1	1903422	1903422	0	
4.44088	1	1903840	1903840	0	
4.44339	1	1904866	1904866	0	
4.44339	1	1905300	1905300	0	
4.4458	1	1906310	1906310	0	
4.4458	1	1906760	1906760	0	
4.44821	1	1907754	1907754	0	
4.44821	1	1908220	1908220	0	
4.45456	1	1909198	1909198	0	
4.45456	1	1909680	1909680	0	
4.45672	1	1910642	1910642	0	
4.45672	1	1911140	1911140	0	
4.4589	1	1912086	1912086	0	
4.4589	1	1912600	1912600	0	
4.461	1	1913530	1913530	0	
4.461	1	1914060	1914060	0	
4.46309	1	1914974	1914974	0	
4.46309	1	1915520	1915520	0	
4.4652	1	1916418	1916418	0	
4.4652	1	1916980	1916980	0	
4.46729	1	1917862	1917862	0	
4.46729	1	1918440	1918440	0	
4.46947	1	1919306	1919306	0	
4.46947	1	1919900	1919900	0	
4.47157	1	1920750	1920750	0	
4.47157	1	1921360	1921360	0	
4.47367	1	1922194	1922194	0	
4.47367	1	1922820	1922820	0	
4.47576	1	1923638	1923638	0	
4.47576	1	1924280	1924280	0	
4.47786	1	1925082	1925082	0	
4.47786	1	1925740	1925740	0	
4.47996	1	1926526	1926526	0	
4.47996	1	1927200	1927200	0	
4.48205	1	1927970	1927970	0	
4.48205	1	1928660	1928660	0	
4.48415	1	1929414	1929414	0	
4.48415	1	1930120	1930120	0	
4.48634	1	1930858	1930858	0	
4.48634	1	1931580	1931580	0	
4.48843	1	1932302	1932302	0	
4.48843	1	1933040	1933040	0	
4.49053	1	1933746	1933746	0	
4.49053	1	1934500	1934500	0	
4.49263	1	1935190	1935190	0	
4.49263	1	1935960	1935960	0	
4.49472	1	1936634	1936634	0	
4.49472	1	1937420	1937420	0	
4.4969	1	1938078	1938078	0	
4.4969	1	1938880	1938880	0	
4.499	1	1939522	1939522	0	
4.499	1	1940340	1940340	0	
4.5011	1	1940966	1940966	0	
4.5011	1	1941800	1941800	0	
4.50319	1	1942410	1942410	0	
4.50319	1	1943260	1943260	0	
4.5053	1	1943854	1943854	0	
4.5053	1	1944720	1944720	0	
4.50739	1	1945298	1945298	0	
4.50739	1	1946180	1946180	0	
4.50949	1	1946742	1946742	0	
4.50949	1	1947640	1947640	0	
4.51159	1	1948186	1948186	0	
4.51159	1	1949100	1949100	0	
4.51377	1	1949630	1949630	0	
4.51377	1	1950560	1950560	0	
4.51586	1	1951074	1951074	0	
4.51586	1	1952020	1952020	0	
4.51796	1	1952518	1952518	0	
4.51796	1	1953480	1953480	0	
4.52006	1	1953962	1953962	0	
4.52006	1	1954940	1954940	0	
4.52215	1	1955406	1955406	0	
4.52215	1	1956400	1956400	0	
4.52434	1	1956850	1956850	0	
4.52434	1	1957860	1957860	0	
4.52644	1	1958294	1958294	0	
4.52644	1	1959320	1959320	0	
4.52853	1	1959738	1959738	0	
4.52853	1	1960780	1960780	0	
4.53063	1	1961182	1961182	0	
4.53063	1	1962240	1962240	0	
4.53273	1	1962626	1962626	0	
4.53273	1	1963700	1963700	0	
4.53482	1	1964070	1964070	0	
4.53482	1	1965160	1965160	0	
4.53692	1	1965514	1965514	0	
4.53692	1	1966620	1966620	0	
4.53902	1	1966958	1966958	0	
4.53902	1	1968080	1968080	0	
4.5412	1	1968402	1968402	0	
4.5412	1	1969540	1969540	0	
4.54329	1	1969846	1969846	0	
4.54329	1	1971000	1971000	0	
4.5454	1	1971290	1971290	0	
4.5454	1	1972460	1972460	0	
4.54749	1	1972734	1972734	0	
4.54749	1	1973920	1973920	0	
4.54959	1	1974178	1974178	0	
4.54959	1	1975380	1975380	0	
4.55177	1	1975622	1975622	0	
4.55177	1	1976840	1976840	0	
4.55387	1	1977066	1977066	0	
4.55387	1	1978300	1978300	0	
4.55596	1	1978510	1978510	0	
4.55596	1	1979760	1979760	0	
4.55636	1	1979954	1979954	0	
4.55636	1	1981220	1981220	0	
4.55877	1	1981398	1981398	0	
4.55877	1	1982680	1982680	0	
4.56126	1	1982842	1982842	0	
4.56126	1	1984140	1984140	0	
4.56367	1	1984286	1984286	0	
4.56367	1	1985600	1985600	0	
4.56607	1	1985730	1985730	0	
4.56607	1	1987060	1987060	0	
4.56847	1	1987174	1987174	0	
4.56847	1	1988520	1988520	0	
4.57087	1	1988618	1988618	0	
4.57087	1	1989980	1989980	0	
4.57327	1	1990062	1990062	0	
4.57327	1	1991440	1991440	0	
4.57567	1	1991506	1991506	0	
4.57567	1	1992900	1992900	0	
4.57807	1	1992950	1992950	0	
4.57807	1	1994360	1994360	0	
4.58056	1	1994394	1994394	0	
4.58056	1	1995820	1995820	0	
4.58296	1	1995838	1995838	0	
4.58296	1	1997280	1997280	0	
4.58536	1	1997282	1997282	0	
4.58777	1	1998734	1998734	0	
4.58777	1	1998740	1998740	0	
4.59017	1	2000179	2000179	0	
4.59017	1	2000200	2000200	0	
4.59266	1	2001624	2001624	0	
4.59266	1	2001660	2001660	0	
4.59506	1	2003069	2003069	0	
4.59506	1	2003120	2003120	0	
4.59746	1	2004514	2004514	0	
4.59746	1	2004580	2004580	0	
4.59987	1	2005958	2005958	0	
4.59987	1	2006040	2006040	0	
4.60227	1	2007402	2007402	0	
4.60227	1	2007500	2007500	0	
4.60467	1	2008846	2008846	0	
4.60467	1	2008960	2008960	0	
4.60707	1	2010290	2010290	0	
4.60707	1	2010420	2010420	0	
4.60947	1	2011734	2011734	0	
4.60947	1	2011880	2011880	0	
4.61197	1	2013178	2013178	0	
4.61197	1	2013340	2013340	0	
4.61437	1	2014622	2014622	0	
4.61437	1	2014800	2014800	0	
4.61677	1	2016066	2016066	0	
4.61677	1	2016260	2016260	0	
4.61917	1	2017510	2017510	0	
4.61917	1	2017720	2017720	0	
4.62157	1	2018954	2018954	0	
4.62157	1	2019180	2019180	0	
4.62407	1	2020398	2020398	0	
4.62407	1	2020640	2020640	0	
4.62647	1	2021842	2021842	0	
4.62647	1	2022100	2022100	0	
4.62887	1	2023286	2023286	0	
4.62887	1	2023560	2023560	0	
4.63127	1	2024730	2024730	0	
4.63127	1	2025020	2025020	0	
4.63368	1	2026174	2026174	0	
4.63368	1	2026480	2026480	0	
4.63608	1	2027618	2027618	0	
4.63608	1	2027940	2027940	0	
4.63848	1	2029062	2029062	0	
4.63848	1	2029400	2029400	0	
4.64088	1	2030506	2030506	0	
4.64088	1	2030860	2030860	0	
4.64337	1	2031950	2031950	0	
4.64337	1	2032320	2032320	0	
4.64577	1	2033394	2033394	0	
4.64577	1	2033780	2033780	0	
4.64817	1	2034838	2034838	0	
4.64817	1	2035240	2035240	0	
4.65057	1	2036282	2036282	0	
4.65057	1	2036700	2036700	0	
4.65297	1	2037726	2037726	0	
4.65297	1	2038160	2038160	0	
4.65336	1	2039170	2039170	0	
4.65336	1	2039620	2039620	0	
4.65565	1	2040614	2040614	0	
4.65565	1	2041080	2041080	0	
4.65794	1	2042058	2042058	0	
4.65794	1	2042540	2042540	0	
4.66022	1	2043502	2043502	0	
4.66022	1	2044000	2044000	0	
4.66251	1	2044946	2044946	0	
4.66251	1	2045460	2045460	0	
4.66489	1	2046390	2046390	0	
4.66489	1	2046920	2046920	0	
4.66718	1	2047834	2047834	0	
4.66718	1	2048380	2048380	0	
4.66947	1	2049278	2049278	0	
4.66947	1	2049840	2049840	0	
4.67175	1	2050722	2050722	0	
4.67175	1	2051300	2051300	0	
4.67404	1	2052166	2052166	0	
4.67404	1	2052760	2052760	0	
4.67634	1	2053610	2053610	0	
4.67634	1	2054220	2054220	0	
4.67863	1	2055054	2055054	0	
4.67863	1	2055680	2055680	0	
4.68092	1	2056498	2056498	0	
4.68092	1	2057140	2057140	0	
4.68329	1	2057942	2057942	0	
4.68329	1	2058600	2058600	0	
4.68558	1	2059386	2059386	0	
4.68558	1	2060060	2060060	0	
4.68787	1	2060830	2060830	0	
4.68787	1	2061520	2061520	0	
4.69016	1	2062274	2062274	0	
4.69016	1	2062980	2062980	0	
4.69245	1	2063718	2063718	0	
4.69245	1	2064440	2064440	0	
4.69482	1	2065162	2065162	0	
4.69482	1	2065900	2065900	0	
4.69712	1	2066606	2066606	0	
4.69712	1	2067360	2067360	0	
4.69941	1	2068050	2068050	0	
4.69941	1	2068820	2068820	0	
4.7017	1	2069494	2069494	0	
4.7017	1	2070280	2070280	0	
4.70398	1	2070938	2070938	0	
4.70398	1	2071740	2071740	0	
4.70627	1	2072382	2072382	0	
4.70627	1	2073200	2073200	0	
4.70856	1	2073826	2073826	0	
4.70856	1	2074660	2074660	0	
4.71085	1	2075270	2075270	0	
4.71085	1	2076120	2076120	0	
4.71323	1	2076714	2076714	0	
4.71323	1	2077580	2077580	0	
4.71552	1	2078158	2078158	0	
4.71552	1	2079040	2079040	0	
4.7178	1	2079602	2079602	0	
4.7178	1	2080500	2080500	0	
4.7201	1	2081046	2081046	0	
4.7201	1	2081960	2081960	0	
4.72239	1	2082490	2082490	0	
4.72239	1	2083420	2083420	0	
4.72468	1	2083934	2083934	0	
4.72468	1	2084880	2084880	0	
4.72705	1	2085378	2085378	0	
4.72705	1	2086340	2086340	0	
4.72934	1	2086822	2086822	0	
4.72934	1	2087800	2087800	0	
4.73163	1	2088266	2088266	0	
4.73163	1	2089260	2089260	0	
4.73392	1	2089710	2089710	0	
4.73392	1	2090720	2090720	0	
4.73621	1	2091154	2091154	0	
4.73621	1	2092180	2092180	0	
4.73859	1	2092598	2092598	0	
4.73859	1	2093640	2093640	0	
4.74088	1	2094042	2094042	0	
4.74088	1	2095100	2095100	0	
4.74317	1	2095486	2095486	0	
4.74317	1	2096560	2096560	0	
4.74546	1	2096930	2096930	0	
4.74546	1	2098020	2098020	0	
4.74775	1	2098374	2098374	0	
4.74775	1	2099480	2099480	0	
4.75003	1	2099818	2099818	0	
4.75003	1	2100940	2100940	0	
4.75326	1	2101262	2101262	0	
4.75326	1	2102400	2102400	0	
4.7554	1	2102706	2102706	0	
4.7554	1	2103860	2103860	0	
4.75755	1	2104150	2104150	0	
4.75755	1	2105320	2105320	0	
4.75963	1	2105594	2105594	0	
4.75963	1	2106780	2106780	0	
4.7617	1	2107038	2107038	0	
4.7617	1	2108240	2108240	0	
4.76378	1	2108482	2108482	0	
4.76378	1	2109700	2109700	0	
4.76586	1	2109926	2109926	0	
4.76586	1	2111160	2111160	0	
4.76802	1	2111370	2111370	0	
4.76802	1	2112620	2112620	0	
4.77009	1	2112814	2112814	0	
4.77009	1	2114080	2114080	0	
4.77216	1	2114258	2114258	0	
4.77216	1	2115540	2115540	0	
4.77424	1	2115702	2115702	0	
4.77424	1	2117000	2117000	0	
4.77631	1	2117146	2117146	0	
4.77631	1	2118460	2118460	0	
4.77839	1	2118590	2118590	0	
4.77839	1	2119920	2119920	0	
4.78046	1	2120034	2120034	0	
4.78046	1	2121380	2121380	0	
4.78254	1	2121478	2121478	0	
4.78254	1	2122840	2122840	0	
4.7847	1	2122922	2122922	0	
4.7847	1	2124300	2124300	0	
4.78678	1	2124366	2124366	0	
4.78678	1	2125760	2125760	0	
4.78885	1	2125810	2125810	0	
4.78885	1	2127220	2127220	0	
4.79092	1	2127254	2127254	0	
4.79092	1	2128680	2128680	0	
4.793	1	2128698	2128698	0	
4.793	1	2130140	2130140	0	
4.79515	1	2130142	2130142	0	
4.79723	1	2131594	2131594	0	
4.79723	1	2131600	2131600	0	
4.7993	1	2133039	2133039	0	
4.7993	1	2133060	2133060	0	
4.80138	1	2134484	2134484	0	
4.80138	1	2134520	2134520	0	
4.80346	1	2135929	2135929	0	
4.80346	1	2135980	2135980	0	
4.80553	1	2137374	2137374	0	
4.80553	1	2137440	2137440	0	
4.80761	1	2138818	2138818	0	
4.80761	1	2138900	2138900	0	
4.80968	1	2140262	2140262	0	
4.80968	1	2140360	2140360	0	
4.81184	1	2141706	2141706	0	
4.81184	1	2141820	2141820	0	
4.81391	1	2143150	2143150	0	
4.81391	1	2143280	2143280	0	
4.81599	1	2144594	2144594	0	
4.81599	1	2144740	2144740	0	
4.81806	1	2146038	2146038	0	
4.81806	1	2146200	2146200	0	
4.82014	1	2147482	2147482	0	
4.82014	1	2147660	2147660	0	
4.8223	1	2148926	2148926	0	
4.8223	1	2149120	2149120	0	
4.82438	1	2150370	2150370	0	
4.82438	1	2150580	2150580	0	
4.82645	1	2151814	2151814	0	
4.82645	1	2152040	2152040	0	
4.82853	1	2153258	2153258	0	
4.82853	1	2153500	2153500	0	
4.8306	1	2154702	2154702	0	
4.8306	1	2154960	2154960	0	
4.83276	1	2156146	2156146	0	
4.83276	1	2156420	2156420	0	
4.83483	1	2157590	2157590	0	
4.83483	1	2157880	2157880	0	
4.83691	1	2159034	2159034	0	
4.83691	1	2159340	2159340	0	
4.83898	1	2160478	2160478	0	
4.83898	1	2160800	2160800	0	
4.84106	1	2161922	2161922	0	
4.84106	1	2162260	2162260	0	
4.84314	1	2163366	2163366	0	
4.84314	1	2163720	2163720	0	
4.84521	1	2164810	2164810	0	
4.84521	1	2165180	2165180	0	
4.84729	1	2166254	2166254	0	
4.84729	1	2166640	2166640	0	
4.84944	1	2167698	2167698	0	
4.84944	1	2168100	2168100	0	
4.85446	1	2169142	2169142	0	
4.85446	1	2169560	2169560	0	
4.85664	1	2170586	2170586	0	
4.85664	1	2171020	2171020	0	
4.85876	1	2172030	2172030	0	
4.85876	1	2172480	2172480	0	
4.86088	1	2173474	2173474	0	
4.86088	1	2173940	2173940	0	
4.86308	1	2174918	2174918	0	
4.86308	1	2175400	2175400	0	
4.8652	1	2176362	2176362	0	
4.8652	1	2176860	2176860	0	
4.86732	1	2177806	2177806	0	
4.86732	1	2178320	2178320	0	
4.86944	1	2179250	2179250	0	
4.86944	1	2179780	2179780	0	
4.87156	1	2180694	2180694	0	
4.87156	1	2181240	2181240	0	
4.87368	1	2182138	2182138	0	
4.87368	1	2182700	2182700	0	
4.8758	1	2183582	2183582	0	
4.8758	1	2184160	2184160	0	
4.87791	1	2185026	2185026	0	
4.87791	1	2185620	2185620	0	
4.88012	1	2186470	2186470	0	
4.88012	1	2187080	2187080	0	
4.88223	1	2187914	2187914	0	
4.88223	1	2188540	2188540	0	
4.88435	1	2189358	2189358	0	
4.88435	1	2190000	2190000	0	
4.88648	1	2190802	2190802	0	
4.88648	1	2191460	2191460	0	
4.8886	1	2192246	2192246	0	
4.8886	1	2192920	2192920	0	
4.8908	1	2193690	2193690	0	
4.8908	1	2194380	2194380	0	
4.89292	1	2195134	2195134	0	
4.89292	1	2195840	2195840	0	
4.89504	1	2196578	2196578	0	
4.89504	1	2197300	2197300	0	
4.89715	1	2198022	2198022	0	
4.89715	1	2198760	2198760	0	
4.89927	1	2199466	2199466	0	
4.89927	1	2200220	2200220	0	
4.90139	1	2200910	2200910	0	
4.90139	1	2201680	2201680	0	
4.90351	1	2202354	2202354	0	
4.90351	1	2203140	2203140	0	
4.90563	1	2203798	2203798	0	
4.90563	1	2204600	2204600	0	
4.90784	1	2205242	2205242	0	
4.90784	1	2206060	2206060	0	
4.90996	1	2206686	2206686	0	
4.90996	1	2207520	2207520	0	
4.91208	1	2208130	2208130	0	
4.91208	1	2208980	2208980	0	
4.91419	1	2209574	2209574	0	
4.91419	1	2210440	2210440	0	
4.91631	1	2211018	2211018	0	
4.91631	1	2211900	2211900	0	
4.91851	1	2212462	2212462	0	
4.91851	1	2213360	2213360	0	
4.92063	1	2213906	2213906	0	
4.92063	1	2214820	2214820	0	
4.92275	1	2215350	2215350	0	
4.92275	1	2216280	2216280	0	
4.92487	1	2216794	2216794	0	
4.92487	1	2217740	2217740	0	
4.927	1	2218238	2218238	0	
4.927	1	2219200	2219200	0	
4.9292	1	2219682	2219682	0	
4.9292	1	2220660	2220660	0	
4.93132	1	2221126	2221126	0	
4.93132	1	2222120	2222120	0	
4.93343	1	2222570	2222570	0	
4.93343	1	2223580	2223580	0	
4.93555	1	2224014	2224014	0	
4.93555	1	2225040	2225040	0	
4.93767	1	2225458	2225458	0	
4.93767	1	2226500	2226500	0	
4.93979	1	2226902	2226902	0	
4.93979	1	2227960	2227960	0	
4.94191	1	2228346	2228346	0	
4.94191	1	2229420	2229420	0	
4.94403	1	2229790	2229790	0	
4.94403	1	2230880	2230880	0	
4.94624	1	2231234	2231234	0	
4.94624	1	2232340	2232340	0	
4.94835	1	2232678	2232678	0	
4.94835	1	2233800	2233800	0	
4.95047	1	2234122	2234122	0	
4.95047	1	2235260	2235260	0	
4.95259	1	2235566	2235566	0	
4.95259	1	2236720	2236720	0	
4.95471	1	2237010	2237010	0	
4.95471	1	2238180	2238180	0	
4.95705	1	2238454	2238454	0	
4.95705	1	2239640	2239640	0	
4.95931	1	2239898	2239898	0	
4.95931	1	2241100	2241100	0	
4.96156	1	2241342	2241342	0	
4.96156	1	2242560	2242560	0	
4.96381	1	2242786	2242786	0	
4.96381	1	2244020	2244020	0	
4.96607	1	2244230	2244230	0	
4.96607	1	2245480	2245480	0	
4.96833	1	2245674	2245674	0	
4.96833	1	2246940	2246940	0	
4.97058	1	2247118	2247118	0	
4.97058	1	2248400	2248400	0	
4.97284	1	2248562	2248562	0	
4.97284	1	2249860	2249860	0	
4.97518	1	2250006	2250006	0	
4.97518	1	2251320	2251320	0	
4.97743	1	2251450	2251450	0	
4.97743	1	2252780	2252780	0	
4.97968	1	2252894	2252894	0	
4.97968	1	2254240	2254240	0	
4.98194	1	2254338	2254338	0	
4.98194	1	2255700	2255700	0	
4.98419	1	2255782	2255782	0	
4.98419	1	2257160	2257160	0	
4.98653	1	2257226	2257226	0	
4.98653	1	2258620	2258620	0	
4.98879	1	2258670	2258670	0	
4.98879	1	2260080	2260080	0	
4.99104	1	2260114	2260114	0	
4.99104	1	2261540	2261540	0	
4.9933	1	2261558	2261558	0	
4.9933	1	2263000	2263000	0	
4.99555	1	2263002	2263002	0	
4.9978	1	2264454	2264454	0	
4.9978	1	2264460	2264460	0	
5.00006	1	2265899	2265899	0	
5.00006	1	2265920	2265920	0	
5.00231	1	2267344	2267344	0	
5.00231	1	2267380	2267380	0	
5.00465	1	2268789	2268789	0	
5.00465	1	2268840	2268840	0	
5.0069	1	2270234	2270234	0	
5.0069	1	2270300	2270300	0	
5.00916	1	2271678	2271678	0	
5.00916	1	2271760	2271760	0	
5.01142	1	2273122	2273122	0	
5.01142	1	2273220	2273220	0	
5.01367	1	2274566	2274566	0	
5.01367	1	2274680	2274680	0	
5.01601	1	2276010	2276010	0	
5.01601	1	2276140	2276140	0	
5.01827	1	2277454	2277454	0	
5.01827	1	2277600	2277600	0	
5.02052	1	2278898	2278898	0	
5.02052	1	2279060	2279060	0	
5.02278	1	2280342	2280342	0	
5.02278	1	2280520	2280520	0	
5.02503	1	2281786	2281786	0	
5.02503	1	2281980	2281980	0	
5.02737	1	2283230	2283230	0	
5.02737	1	2283440	2283440	0	
5.02962	1	2284674	2284674	0	
5.02962	1	2284900	2284900	0	
5.03189	1	2286118	2286118	0	
5.03189	1	2286360	2286360	0	
5.03414	1	2287562	2287562	0	
5.03414	1	2287820	2287820	0	
5.03639	1	2289006	2289006	0	
5.03639	1	2289280	2289280	0	
5.03865	1	2290450	2290450	0	
5.03865	1	2290740	2290740	0	
5.0409	1	2291894	2291894	0	
5.0409	1	2292200	2292200	0	
5.04315	1	2293338	2293338	0	
5.04315	1	2293660	2293660	0	
5.04549	1	2294782	2294782	0	
5.04549	1	2295120	2295120	0	
5.04775	1	2296226	2296226	0	
5.04775	1	2296580	2296580	0	
5.05	1	2297670	2297670	0	
5.05	1	2298040	2298040	0	
5.05226	1	2299114	2299114	0	
5.05226	1	2299500	2299500	0	
5.05451	1	2300558	2300558	0	
5.05451	1	2300960	2300960	0	
5.0558	1	2302002	2302002	0	
5.0558	1	2302420	2302420	0	
5.05799	1	2303446	2303446	0	
5.05799	1	2303880	2303880	0	
5.06019	1	2304890	2304890	0	
5.06019	1	2305340	2305340	0	
5.06238	1	2306334	2306334	0	
5.06238	1	2306800	2306800	0	
5.06457	1	2307778	2307778	0	
5.06457	1	2308260	2308260	0	
5.06677	1	2309222	2309222	0	
5.06677	1	2309720	2309720	0	
5.06896	1	2310666	2310666	0	
5.06896	1	2311180	2311180	0	
5.07116	1	2312110	2312110	0	
5.07116	1	2312640	2312640	0	
5.07344	1	2313554	2313554	0	
5.07344	1	2314100	2314100	0	
5.07564	1	2314998	2314998	0	
5.07564	1	2315560	2315560	0	
5.07783	1	2316442	2316442	0	
5.07783	1	2317020	2317020	0	
5.08003	1	2317886	2317886	0	
5.08003	1	2318480	2318480	0	
5.08222	1	2319330	2319330	0	
5.08222	1	2319940	2319940	0	
5.0845	1	2320774	2320774	0	
5.0845	1	2321400	2321400	0	
5.0867	1	2322218	2322218	0	
5.0867	1	2322860	2322860	0	
5.08889	1	2323662	2323662	0	
5.08889	1	2324320	2324320	0	
5.09108	1	2325106	2325106	0	
5.09108	1	2325780	2325780	0	
5.09328	1	2326550	2326550	0	
5.09328	1	2327240	2327240	0	
5.09557	1	2327994	2327994	0	
5.09557	1	2328700	2328700	0	
5.09776	1	2329438	2329438	0	
5.09776	1	2330160	2330160	0	
5.09995	1	2330882	2330882	0	
5.09995	1	2331620	2331620	0	
5.10215	1	2332326	2332326	0	
5.10215	1	2333080	2333080	0	
5.10434	1	2333770	2333770	0	
5.10434	1	2334540	2334540	0	
5.10654	1	2335214	2335214	0	
5.10654	1	2336000	2336000	0	
5.10873	1	2336658	2336658	0	
5.10873	1	2337460	2337460	0	
5.11093	1	2338102	2338102	0	
5.11093	1	2338920	2338920	0	
5.11321	1	2339546	2339546	0	
5.11321	1	2340380	2340380	0	
5.11541	1	2340990	2340990	0	
5.11541	1	2341840	2341840	0	
5.1176	1	2342434	2342434	0	
5.1176	1	2343300	2343300	0	
5.1198	1	2343878	2343878	0	
5.1198	1	2344760	2344760	0	
5.12199	1	2345322	2345322	0	
5.12199	1	2346220	2346220	0	
5.12427	1	2346766	2346766	0	
5.12427	1	2347680	2347680	0	
5.12646	1	2348210	2348210	0	
5.12646	1	2349140	2349140	0	
5.12866	1	2349654	2349654	0	
5.12866	1	2350600	2350600	0	
5.13085	1	2351098	2351098	0	
5.13085	1	2352060	2352060	0	
5.13305	1	2352542	2352542	0	
5.13305	1	2353520	2353520	0	
5.13524	1	2353986	2353986	0	
5.13524	1	2354980	2354980	0	
5.13744	1	2355430	2355430	0	
5.13744	1	2356440	2356440	0	
5.13964	1	2356874	2356874	0	
5.13964	1	2357900	2357900	0	
5.14192	1	2358318	2358318	0	
5.14192	1	2359360	2359360	0	
5.14411	1	2359762	2359762	0	
5.14411	1	2360820	2360820	0	
5.14631	1	2361206	2361206	0	
5.14631	1	2362280	2362280	0	
5.1485	1	2362650	2362650	0	
5.1485	1	2363740	2363740	0	
5.1507	1	2364094	2364094	0	
5.1507	1	2365200	2365200	0	
5.15298	1	2365538	2365538	0	
5.15298	1	2366660	2366660	0	
5.15517	1	2366982	2366982	0	
5.15517	1	2368120	2368120	0	
5.15556	1	2368426	2368426	0	
5.15556	1	2369580	2369580	0	
5.15795	1	2369870	2369870	0	
5.15795	1	2371040	2371040	0	
5.16034	1	2371314	2371314	0	
5.16034	1	2372500	2372500	0	
5.16273	1	2372758	2372758	0	
5.16273	1	2373960	2373960	0	
5.16512	1	2374202	2374202	0	
5.16512	1	2375420	2375420	0	
5.1675	1	2375646	2375646	0	
5.1675	1	2376880	2376880	0	
5.16989	1	2377090	2377090	0	
5.16989	1	2378340	2378340	0	
5.17237	1	2378534	2378534	0	
5.17237	1	2379800	2379800	0	
5.17476	1	2379978	2379978	0	
5.17476	1	2381260	2381260	0	
5.17715	1	2381422	2381422	0	
5.17715	1	2382720	2382720	0	
5.17954	1	2382866	2382866	0	
5.17954	1	2384180	2384180	0	
5.18193	1	2384310	2384310	0	
5.18193	1	2385640	2385640	0	
5.18441	1	2385754	2385754	0	
5.18441	1	2387100	2387100	0	
5.1868	1	2387198	2387198	0	
5.1868	1	2388560	2388560	0	
5.18918	1	2388642	2388642	0	
5.18918	1	2390020	2390020	0	
5.19157	1	2390086	2390086	0	
5.19157	1	2391480	2391480	0	
5.19396	1	2391530	2391530	0	
5.19396	1	2392940	2392940	0	
5.19644	1	2392974	2392974	0	
5.19644	1	2394400	2394400	0	
5.19882	1	2394418	2394418	0	
5.19882	1	2395860	2395860	0	
5.20122	1	2395862	2395862	0	
5.2036	1	2397314	2397314	0	
5.2036	1	2397320	2397320	0	
5.20599	1	2398759	2398759	0	
5.20599	1	2398780	2398780	0	
5.20838	1	2400204	2400204	0	
5.20838	1	2400240	2400240	0	
5.21077	1	2401649	2401649	0	
5.21077	1	2401700	2401700	0	
5.21315	1	2403094	2403094	0	
5.21315	1	2403160	2403160	0	
5.21563	1	2404538	2404538	0	
5.21563	1	2404620	2404620	0	
5.21802	1	2405982	2405982	0	
5.21802	1	2406080	2406080	0	
5.22041	1	2407426	2407426	0	
5.22041	1	2407540	2407540	0	
5.2228	1	2408870	2408870	0	
5.2228	1	2409000	2409000	0	
5.22519	1	2410314	2410314	0	
5.22519	1	2410460	2410460	0	
5.22767	1	2411758	2411758	0	
5.22767	1	2411920	2411920	0	
5.23006	1	2413202	2413202	0	
5.23006	1	2413380	2413380	0	
5.23245	1	2414646	2414646	0	
5.23245	1	2414840	2414840	0	
5.23484	1	2416090	2416090	0	
5.23484	1	2416300	2416300	0	
5.23722	1	2417534	2417534	0	
5.23722	1	2417760	2417760	0	
5.23961	1	2418978	2418978	0	
5.23961	1	2419220	2419220	0	
5.242	1	2420422	2420422	0	
5.242	1	2420680	2420680	0	
5.24439	1	2421866	2421866	0	
5.24439	1	2422140	2422140	0	
5.24687	1	2423310	2423310	0	
5.24687	1	2423600	2423600	0	
5.24926	1	2424754	2424754	0	
5.24926	1	2425060	2425060	0	
5.25459	1	2426198	2426198	0	
5.25459	1	2426520	2426520	0	
5.25693	1	2427642	2427642	0	
5.25693	1	2427980	2427980	0	
5.25922	1	2429086	2429086	0	
5.25922	1	2429440	2429440	0	
5.26159	1	2430530	2430530	0	
5.26159	1	2430900	2430900	0	
5.26388	1	2431974	2431974	0	
5.26388	1	2432360	2432360	0	
5.26616	1	2433418	2433418	0	
5.26616	1	2433820	2433820	0	
5.26845	1	2434862	2434862	0	
5.26845	1	2435280	2435280	0	
5.27073	1	2436306	2436306	0	
5.27073	1	2436740	2436740	0	
5.27303	1	2437750	2437750	0	
5.27303	1	2438200	2438200	0	
5.27531	1	2439194	2439194	0	
5.27531	1	2439660	2439660	0	
5.2776	1	2440638	2440638	0	
5.2776	1	2441120	2441120	0	
5.27997	1	2442082	2442082	0	
5.27997	1	2442580	2442580	0	
5.28226	1	2443526	2443526	0	
5.28226	1	2444040	2444040	0	
5.28454	1	2444970	2444970	0	
5.28454	1	2445500	2445500	0	
5.28683	1	2446414	2446414	0	
5.28683	1	2446960	2446960	0	
5.28911	1	2447858	2447858	0	
5.28911	1	2448420	2448420	0	
5.29149	1	2449302	2449302	0	
5.29149	1	2449880	2449880	0	
5.29378	1	2450746	2450746	0	
5.29378	1	2451340	2451340	0	
5.29606	1	2452190	2452190	0	
5.29606	1	2452800	2452800	0	
5.29835	1	2453634	2453634	0	
5.29835	1	2454260	2454260	0	
5.30063	1	2455078	2455078	0	
5.30063	1	2455720	2455720	0	
5.30301	1	2456522	2456522	0	
5.30301	1	2457180	2457180	0	
5.30529	1	2457966	2457966	0	
5.30529	1	2458640	2458640	0	
5.30758	1	2459410	2459410	0	
5.30758	1	2460100	2460100	0	
5.30986	1	2460854	2460854	0	
5.30986	1	2461560	2461560	0	
5.31215	1	2462298	2462298	0	
5.31215	1	2463020	2463020	0	
5.31443	1	2463742	2463742	0	
5.31443	1	2464480	2464480	0	
5.31673	1	2465186	2465186	0	
5.31673	1	2465940	2465940	0	
5.31901	1	2466630	2466630	0	
5.31901	1	2467400	2467400	0	
5.32138	1	2468074	2468074	0	
5.32138	1	2468860	2468860	0	
5.32367	1	2469518	2469518	0	
5.32367	1	2470320	2470320	0	
5.32595	1	2470962	2470962	0	
5.32595	1	2471780	2471780	0	
5.32824	1	2472406	2472406	0	
5.32824	1	2473240	2473240	0	
5.33052	1	2473850	2473850	0	
5.33052	1	2474700	2474700	0	
5.3329	1	2475294	2475294	0	
5.3329	1	2476160	2476160	0	
5.33518	1	2476738	2476738	0	
5.33518	1	2477620	2477620	0	
5.33748	1	2478182	2478182	0	
5.33748	1	2479080	2479080	0	
5.33976	1	2479626	2479626	0	
5.33976	1	2480540	2480540	0	
5.34205	1	2481070	2481070	0	
5.34205	1	2482000	2482000	0	
5.34433	1	2482514	2482514	0	
5.34433	1	2483460	2483460	0	
5.34662	1	2483958	2483958	0	
5.34662	1	2484920	2484920	0	
5.3489	1	2485402	2485402	0	
5.3489	1	2486380	2486380	0	
5.35119	1	2486846	2486846	0	
5.35119	1	2487840	2487840	0	
5.35356	1	2488290	2488290	0	
5.35356	1	2489300	2489300	0	
5.35427	1	2489734	2491178	0	
5.35427	1	2489734	2492220	1042	
5.35584	1	2489734	2489734	1444	
5.35584	1	2490760	2490760	1444	
5.35671	1	2492622	2492622	0	
5.35671	1	2493680	2493680	0	
5.35914	1	2494066	2494066	0	
5.35914	1	2495140	2495140	0	
5.36166	1	2495510	2495510	0	
5.36166	1	2496600	2496600	0	
5.36409	1	2496954	2496954	0	
5.36409	1	2498060	2498060	0	
5.36651	1	2498398	2498398	0	
5.36651	1	2499520	2499520	0	
5.36894	1	2499842	2499842	0	
5.36894	1	2500980	2500980	0	
5.37137	1	2501286	2501286	0	
5.37137	1	2502440	2502440	0	
5.37379	1	2502730	2502730	0	
5.37379	1	2503900	2503900	0	
5.37622	1	2504174	2504174	0	
5.37622	1	2505360	2505360	0	
5.37875	1	2505618	2505618	0	
5.37875	1	2506820	2506820	0	
5.38118	1	2507062	2507062	0	
5.38118	1	2508280	2508280	0	
5.38361	1	2508506	2508506	0	
5.38361	1	2509740	2509740	0	
5.38603	1	2509950	2509950	0	
5.38603	1	2511200	2511200	0	
5.38846	1	2511394	2511394	0	
5.38846	1	2512660	2512660	0	
5.39089	1	2512838	2512838	0	
5.39089	1	2514120	2514120	0	
5.39341	1	2514282	2514282	0	
5.39341	1	2515580	2515580	0	
5.39584	1	2515726	2515726	0	
5.39584	1	2517040	2517040	0	
5.39826	1	2517170	2517170	0	
5.39826	1	2518500	2518500	0	
5.40069	1	2518614	2518614	0	
5.40069	1	2519960	2519960	0	
5.40313	1	2520058	2520058	0	
5.40313	1	2521420	2521420	0	
5.40565	1	2521502	2521502	0	
5.40565	1	2522880	2522880	0	
5.40808	1	2522946	2522946	0	
5.40808	1	2524340	2524340	0	
5.4105	1	2524390	2524390	0	
5.4105	1	2525800	2525800	0	
5.41293	1	2525834	2525834	0	
5.41293	1	2527260	2527260	0	
5.41535	1	2527278	2527278	0	
5.41535	1	2528720	2528720	0	
5.41778	1	2528722	2528722	0	
5.42021	1	2530174	2530174	0	
5.42021	1	2530180	2530180	0	
5.42263	1	2531619	2531619	0	
5.42263	1	2531640	2531640	0	
5.42516	1	2533064	2533064	0	
5.42516	1	2533100	2533100	0	
5.42759	1	2534509	2534509	0	
5.42759	1	2534560	2534560	0	
5.43002	1	2535954	2535954	0	
5.43002	1	2536020	2536020	0	
5.43245	1	2537398	2537398	0	
5.43245	1	2537480	2537480	0	
5.43487	1	2538842	2538842	0	
5.43487	1	2538940	2538940	0	
5.43739	1	2540286	2540286	0	
5.43739	1	2540400	2540400	0	
5.43982	1	2541730	2541730	0	
5.43982	1	2541860	2541860	0	
5.44225	1	2543174	2543174	0	
5.44225	1	2543320	2543320	0	
5.44468	1	2544618	2544618	0	
5.44468	1	2544780	2544780	0	
5.4471	1	2546062	2546062	0	
5.4471	1	2546240	2546240	0	
5.44954	1	2547506	2547506	0	
5.44954	1	2547700	2547700	0	
5.45197	1	2548950	2548950	0	
5.45197	1	2549160	2549160	0	
5.45428	1	2550394	2550394	0	
5.45428	1	2550620	2550620	0	
5.45669	1	2551838	2551838	0	
5.45669	1	2552080	2552080	0	
5.45901	1	2553282	2553282	0	
5.45901	1	2553540	2553540	0	
5.46132	1	2554726	2554726	0	
5.46132	1	2555000	2555000	0	
5.46364	1	2556170	2556170	0	
5.46364	1	2556460	2556460	0	
5.46596	1	2557614	2557614	0	
5.46596	1	2557920	2557920	0	
5.46836	1	2559058	2559058	0	
5.46836	1	2559380	2559380	0	
5.47069	1	2560502	2560502	0	
5.47069	1	2560840	2560840	0	
5.473	1	2561946	2561946	0	
5.473	1	2562300	2562300	0	
5.47532	1	2563390	2563390	0	
5.47532	1	2563760	2563760	0	
5.47764	1	2564834	2564834	0	
5.47764	1	2565220	2565220	0	
5.47995	1	2566278	2566278	0	
5.47995	1	2566680	2566680	0	
5.48227	1	2567722	2567722	0	
5.48227	1	2568140	2568140	0	
5.48468	1	2569166	2569166	0	
5.48468	1	2569600	2569600	0	
5.48699	1	2570610	2570610	0	
5.48699	1	2571060	2571060	0	
5.48931	1	2572054	2572054	0	
5.48931	1	2572520	2572520	0	
5.49163	1	2573498	2573498	0	
5.49163	1	2573980	2573980	0	
5.49395	1	2574942	2574942	0	
5.49395	1	2575440	2575440	0	
5.49627	1	2576386	2576386	0	
5.49627	1	2576900	2576900	0	
5.49867	1	2577830	2577830	0	
5.49867	1	2578360	2578360	0	
5.50099	1	2579274	2579274	0	
5.50099	1	2579820	2579820	0	
5.50331	1	2580718	2580718	0	
5.50331	1	2581280	2581280	0	
5.50562	1	2582162	2582162	0	
5.50562	1	2582740	2582740	0	
5.50794	1	2583606	2583606	0	
5.50794	1	2584200	2584200	0	
5.51035	1	2585050	2585050	0	
5.51035	1	2585660	2585660	0	
5.51266	1	2586494	2586494	0	
5.51266	1	2587120	2587120	0	
5.51499	1	2587938	2587938	0	
5.51499	1	2588580	2588580	0	
5.5173	1	2589382	2589382	0	
5.5173	1	2590040	2590040	0	
5.51962	1	2590826	2590826	0	
5.51962	1	2591500	2591500	0	
5.52194	1	2592270	2592270	0	
5.52194	1	2592960	2592960	0	
5.52425	1	2593714	2593714	0	
5.52425	1	2594420	2594420	0	
5.52657	1	2595158	2595158	0	
5.52657	1	2595880	2595880	0	
5.52898	1	2596602	2596602	0	
5.52898	1	2597340	2597340	0	
5.53129	1	2598046	2598046	0	
5.53129	1	2598800	2598800	0	
5.53361	1	2599490	2599490	0	
5.53361	1	2600260	2600260	0	
5.53593	1	2600934	2600934	0	
5.53593	1	2601720	2601720	0	
5.53825	1	2602378	2602378	0	
5.53825	1	2603180	2603180	0	
5.54066	1	2603822	2603822	0	
5.54066	1	2604640	2604640	0	
5.54297	1	2605266	2605266	0	
5.54297	1	2606100	2606100	0	
5.54529	1	2606710	2606710	0	
5.54529	1	2607560	2607560	0	
5.54761	1	2608154	2608154	0	
5.54761	1	2609020	2609020	0	
5.54992	1	2609598	2609598	0	
5.54992	1	2610480	2610480	0	
5.55618	1	2611042	2611042	0	
5.55618	1	2611940	2611940	0	
5.55837	1	2612486	2612486	0	
5.55837	1	2613400	2613400	0	
5.56051	1	2613930	2613930	0	
5.56051	1	2614860	2614860	0	
5.56273	1	2615374	2615374	0	
5.56273	1	2616320	2616320	0	
5.56487	1	2616818	2616818	0	
5.56487	1	2617780	2617780	0	
5.567	1	2618262	2618262	0	
5.567	1	2619240	2619240	0	
5.56913	1	2619706	2619706	0	
5.56913	1	2620700	2620700	0	
5.57127	1	2621150	2621150	0	
5.57127	1	2622160	2622160	0	
5.57349	1	2622594	2622594	0	
5.57349	1	2623620	2623620	0	
5.57562	1	2624038	2624038	0	
5.57562	1	2625080	2625080	0	
5.57775	1	2625482	2625482	0	
5.57775	1	2626540	2626540	0	
5.57989	1	2626926	2626926	0	
5.57989	1	2628000	2628000	0	
5.58202	1	2628370	2628370	0	
5.58202	1	2629460	2629460	0	
5.58416	1	2629814	2629814	0	
5.58416	1	2630920	2630920	0	
5.5863	1	2631258	2631258	0	
5.5863	1	2632380	2632380	0	
5.58852	1	2632702	2632702	0	
5.58852	1	2633840	2633840	0	
5.59065	1	2634146	2634146	0	
5.59065	1	2635300	2635300	0	
5.59278	1	2635590	2635590	0	
5.59278	1	2636760	2636760	0	
5.59492	1	2637034	2637034	0	
5.59492	1	2638220	2638220	0	
5.59705	1	2638478	2638478	0	
5.59705	1	2639680	2639680	0	
5.59919	1	2639922	2639922	0	
5.59919	1	2641140	2641140	0	
5.6014	1	2641366	2641366	0	
5.6014	1	2642600	2642600	0	
5.60355	1	2642810	2642810	0	
5.60355	1	2644060	2644060	0	
5.60568	1	2644254	2644254	0	
5.60568	1	2645520	2645520	0	
5.60781	1	2645698	2645698	0	
5.60781	1	2646980	2646980	0	
5.60995	1	2647142	2647142	0	
5.60995	1	2648440	2648440	0	
5.61217	1	2648586	2648586	0	
5.61217	1	2649900	2649900	0	
5.6143	1	2650030	2650030	0	
5.6143	1	2651360	2651360	0	
5.61643	1	2651474	2651474	0	
5.61643	1	2652820	2652820	0	
5.61857	1	2652918	2652918	0	
5.61857	1	2654280	2654280	0	
5.6207	1	2654362	2654362	0	
5.6207	1	2655740	2655740	0	
5.62284	1	2655806	2655806	0	
5.62284	1	2657200	2657200	0	
5.62498	1	2657250	2657250	0	
5.62498	1	2658660	2658660	0	
5.62711	1	2658694	2658694	0	
5.62711	1	2660120	2660120	0	
5.62933	1	2660138	2660138	0	
5.62933	1	2661580	2661580	0	
5.63146	1	2661582	2661582	0	
5.63359	1	2663034	2663034	0	
5.63359	1	2663040	2663040	0	
5.63573	1	2664479	2664479	0	
5.63573	1	2664500	2664500	0	
5.63786	1	2665924	2665924	0	
5.63786	1	2665960	2665960	0	
5.64	1	2667369	2667369	0	
5.64	1	2667420	2667420	0	
5.64221	1	2668814	2668814	0	
5.64221	1	2668880	2668880	0	
5.64435	1	2670258	2670258	0	
5.64435	1	2670340	2670340	0	
5.64649	1	2671702	2671702	0	
5.64649	1	2671800	2671800	0	
5.64862	1	2673146	2673146	0	
5.64862	1	2673260	2673260	0	
5.65076	1	2674590	2674590	0	
5.65076	1	2674720	2674720	0	
5.65289	1	2676034	2676034	0	
5.65289	1	2676180	2676180	0	
5.65502	1	2677478	2677478	0	
5.65502	1	2677640	2677640	0	
5.65621	1	2678922	2678922	0	
5.65621	1	2679100	2679100	0	
5.65849	1	2680366	2680366	0	
5.65849	1	2680560	2680560	0	
5.66067	1	2681810	2681810	0	
5.66067	1	2682020	2682020	0	
5.66286	1	2683254	2683254	0	
5.66286	1	2683480	2683480	0	
5.66506	1	2684698	2684698	0	
5.66506	1	2684940	2684940	0	
5.66725	1	2686142	2686142	0	
5.66725	1	2686400	2686400	0	
5.66952	1	2687586	2687586	0	
5.66952	1	2687860	2687860	0	
5.67171	1	2689030	2689030	0	
5.67171	1	2689320	2689320	0	
5.6739	1	2690474	2690474	0	
5.6739	1	2690780	2690780	0	
5.67608	1	2691918	2691918	0	
5.67608	1	2692240	2692240	0	
5.67827	1	2693362	2693362	0	
5.67827	1	2693700	2693700	0	
5.68046	1	2694806	2694806	0	
5.68046	1	2695160	2695160	0	
5.68265	1	2696250	2696250	0	
5.68265	1	2696620	2696620	0	
5.68493	1	2697694	2697694	0	
5.68493	1	2698080	2698080	0	
5.68712	1	2699138	2699138	0	
5.68712	1	2699540	2699540	0	
5.6893	1	2700582	2700582	0	
5.6893	1	2701000	2701000	0	
5.69149	1	2702026	2702026	0	
5.69149	1	2702460	2702460	0	
5.69368	1	2703470	2703470	0	
5.69368	1	2703920	2703920	0	
5.69587	1	2704914	2704914	0	
5.69587	1	2705380	2705380	0	
5.69814	1	2706358	2706358	0	
5.69814	1	2706840	2706840	0	
5.70033	1	2707802	2707802	0	
5.70033	1	2708300	2708300	0	
5.70252	1	2709246	2709246	0	
5.70252	1	2709760	2709760	0	
5.70471	1	2710690	2710690	0	
5.70471	1	2711220	2711220	0	
5.7069	1	2712134	2712134	0	
5.7069	1	2712680	2712680	0	
5.70917	1	2713578	2713578	0	
5.70917	1	2714140	2714140	0	
5.71136	1	2715022	2715022	0	
5.71136	1	2715600	2715600	0	
5.71355	1	2716466	2716466	0	
5.71355	1	2717060	2717060	0	
5.71574	1	2717910	2717910	0	
5.71574	1	2718520	2718520	0	
5.71793	1	2719354	2719354	0	
5.71793	1	2719980	2719980	0	
5.72011	1	2720798	2720798	0	
5.72011	1	2721440	2721440	0	
5.7223	1	2722242	2722242	0	
5.7223	1	2722900	2722900	0	
5.72449	1	2723686	2723686	0	
5.72449	1	2724360	2724360	0	
5.72677	1	2725130	2725130	0	
5.72677	1	2725820	2725820	0	
5.72896	1	2726574	2726574	0	
5.72896	1	2727280	2727280	0	
5.73115	1	2728018	2728018	0	
5.73115	1	2728740	2728740	0	
5.73334	1	2729462	2729462	0	
5.73334	1	2730200	2730200	0	
5.73552	1	2730906	2730906	0	
5.73552	1	2731660	2731660	0	
5.7378	1	2732350	2732350	0	
5.7378	1	2733120	2733120	0	
5.73999	1	2733794	2733794	0	
5.73999	1	2734580	2734580	0	
5.74217	1	2735238	2735238	0	
5.74217	1	2736040	2736040	0	
5.74436	1	2736682	2736682	0	
5.74436	1	2737500	2737500	0	
5.74655	1	2738126	2738126	0	
5.74655	1	2738960	2738960	0	
5.74874	1	2739570	2739570	0	
5.74874	1	2740420	2740420	0	
5.75093	1	2741014	2741014	0	
5.75093	1	2741880	2741880	0	
5.75265	1	2742458	2743902	0	
5.75265	1	2742458	2744800	898	
5.75312	1	2742458	2742458	1444	
5.75312	1	2743340	2743340	1444	
5.75509	1	2745346	2745346	0	
5.75509	1	2746260	2746260	0	
5.75753	1	2746790	2746790	0	
5.75753	1	2747720	2747720	0	
5.75997	1	2748234	2748234	0	
5.75997	1	2749180	2749180	0	
5.76241	1	2749678	2749678	0	
5.76241	1	2750640	2750640	0	
5.76495	1	2751122	2751122	0	
5.76495	1	2752100	2752100	0	
5.7674	1	2752566	2752566	0	
5.7674	1	2753560	2753560	0	
5.76984	1	2754010	2754010	0	
5.76984	1	2755020	2755020	0	
5.77228	1	2755454	2755454	0	
5.77228	1	2756480	2756480	0	
5.77472	1	2756898	2756898	0	
5.77472	1	2757940	2757940	0	
5.77716	1	2758342	2758342	0	
5.77716	1	2759400	2759400	0	
5.7796	1	2759786	2759786	0	
5.7796	1	2760860	2760860	0	
5.78214	1	2761230	2761230	0	
5.78214	1	2762320	2762320	0	
5.78458	1	2762674	2762674	0	
5.78458	1	2763780	2763780	0	
5.78702	1	2764118	2764118	0	
5.78702	1	2765240	2765240	0	
5.78946	1	2765562	2765562	0	
5.78946	1	2766700	2766700	0	
5.79191	1	2767006	2767006	0	
5.79191	1	2768160	2768160	0	
5.79435	1	2768450	2768450	0	
5.79435	1	2769620	2769620	0	
5.79689	1	2769894	2769894	0	
5.79689	1	2771080	2771080	0	
5.79933	1	2771338	2771338	0	
5.79933	1	2772540	2772540	0	
5.80177	1	2772782	2772782	0	
5.80177	1	2774000	2774000	0	
5.80421	1	2774226	2774226	0	
5.80421	1	2775460	2775460	0	
5.80665	1	2775670	2775670	0	
5.80665	1	2776920	2776920	0	
5.80919	1	2777114	2777114	0	
5.80919	1	2778380	2778380	0	
5.81163	1	2778558	2778558	0	
5.81163	1	2779840	2779840	0	
5.81408	1	2780002	2780002	0	
5.81408	1	2781300	2781300	0	
5.81652	1	2781446	2781446	0	
5.81652	1	2782760	2782760	0	
5.81896	1	2782890	2782890	0	
5.81896	1	2784220	2784220	0	
5.8214	1	2784334	2784334	0	
5.8214	1	2785680	2785680	0	
5.82384	1	2785778	2785778	0	
5.82384	1	2787140	2787140	0	
5.82628	1	2787222	2787222	0	
5.82628	1	2788600	2788600	0	
5.82882	1	2788666	2788666	0	
5.82882	1	2790060	2790060	0	
5.83126	1	2790110	2790110	0	
5.83126	1	2791520	2791520	0	
5.8337	1	2791554	2791554	0	
5.8337	1	2792980	2792980	0	
5.83614	1	2792998	2792998	0	
5.83614	1	2794440	2794440	0	
5.83859	1	2794442	2794442	0	
5.84112	1	2795894	2795894	0	
5.84112	1	2795900	2795900	0	
5.84356	1	2797339	2797339	0	
5.84356	1	2797360	2797360	0	
5.846	1	2798784	2798784	0	
5.846	1	2798820	2798820	0	
5.84845	1	2800229	2800229	0	
5.84845	1	2800280	2800280	0	
5.85183	1	2801674	2801674	0	
5.85183	1	2801740	2801740	0	
5.85412	1	2803118	2803118	0	
5.85412	1	2803200	2803200	0	
5.85635	1	2804562	2804562	0	
5.85635	1	2804660	2804660	0	
5.85859	1	2806006	2806006	0	
5.85859	1	2806120	2806120	0	
5.86092	1	2807450	2807450	0	
5.86092	1	2807580	2807580	0	
5.86315	1	2808894	2808894	0	
5.86315	1	2809040	2809040	0	
5.86539	1	2810338	2810338	0	
5.86539	1	2810500	2810500	0	
5.86762	1	2811782	2811782	0	
5.86762	1	2811960	2811960	0	
5.86985	1	2813226	2813226	0	
5.86985	1	2813420	2813420	0	
5.87217	1	2814670	2814670	0	
5.87217	1	2814880	2814880	0	
5.87441	1	2816114	2816114	0	
5.87441	1	2816340	2816340	0	
5.87664	1	2817558	2817558	0	
5.87664	1	2817800	2817800	0	
5.87888	1	2819002	2819002	0	
5.87888	1	2819260	2819260	0	
5.88111	1	2820446	2820446	0	
5.88111	1	2820720	2820720	0	
5.88335	1	2821890	2821890	0	
5.88335	1	2822180	2822180	0	
5.88559	1	2823334	2823334	0	
5.88559	1	2823640	2823640	0	
5.88791	1	2824778	2824778	0	
5.88791	1	2825100	2825100	0	
5.89014	1	2826222	2826222	0	
5.89014	1	2826560	2826560	0	
5.89238	1	2827666	2827666	0	
5.89238	1	2828020	2828020	0	
5.89461	1	2829110	2829110	0	
5.89461	1	2829480	2829480	0	
5.89684	1	2830554	2830554	0	
5.89684	1	2830940	2830940	0	
5.89908	1	2831998	2831998	0	
5.89908	1	2832400	2832400	0	
5.9014	1	2833442	2833442	0	
5.9014	1	2833860	2833860	0	
5.90364	1	2834886	2834886	0	
5.90364	1	2835320	2835320	0	
5.90588	1	2836330	2836330	0	
5.90588	1	2836780	2836780	0	
5.90811	1	2837774	2837774	0	
5.90811	1	2838240	2838240	0	
5.91034	1	2839218	2839218	0	
5.91034	1	2839700	2839700	0	
5.91267	1	2840662	2840662	0	
5.91267	1	2841160	2841160	0	
5.9149	1	2842106	2842106	0	
5.9149	1	2842620	2842620	0	
5.91713	1	2843550	2843550	0	
5.91713	1	2844080	2844080	0	
5.91937	1	2844994	2844994	0	
5.91937	1	2845540	2845540	0	
5.9216	1	2846438	2846438	0	
5.9216	1	2847000	2847000	0	
5.92384	1	2847882	2847882	0	
5.92384	1	2848460	2848460	0	
5.92608	1	2849326	2849326	0	
5.92608	1	2849920	2849920	0	
5.92831	1	2850770	2850770	0	
5.92831	1	2851380	2851380	0	
5.93063	1	2852214	2852214	0	
5.93063	1	2852840	2852840	0	
5.93287	1	2853658	2853658	0	
5.93287	1	2854300	2854300	0	
5.9351	1	2855102	2855102	0	
5.9351	1	2855760	2855760	0	
5.93734	1	2856546	2856546	0	
5.93734	1	2857220	2857220	0	
5.93957	1	2857990	2857990	0	
5.93957	1	2858680	2858680	0	
5.94189	1	2859434	2859434	0	
5.94189	1	2860140	2860140	0	
5.94413	1	2860878	2860878	0	
5.94413	1	2861600	2861600	0	
5.94637	1	2862322	2862322	0	
5.94637	1	2863060	2863060	0	
5.9486	1	2863766	2863766	0	
5.9486	1	2864520	2864520	0	
5.95083	1	2865210	2865210	0	
5.95083	1	2865980	2865980	0	
5.95501	1	2866654	2866654	0	
5.95501	1	2867440	2867440	0	
5.95736	1	2868098	2868098	0	
5.95736	1	2868900	2868900	0	
5.95965	1	2869542	2869542	0	
5.95965	1	2870360	2870360	0	
5.96203	1	2870986	2870986	0	
5.96203	1	2871820	2871820	0	
5.96431	1	2872430	2872430	0	
5.96431	1	2873280	2873280	0	
5.9666	1	2873874	2873874	0	
5.9666	1	2874740	2874740	0	
5.96889	1	2875318	2875318	0	
5.96889	1	2876200	2876200	0	
5.97119	1	2876762	2876762	0	
5.97119	1	2877660	2877660	0	
5.97357	1	2878206	2878206	0	
5.97357	1	2879120	2879120	0	
5.97586	1	2879650	2879650	0	
5.97586	1	2880580	2880580	0	
5.97815	1	2881094	2881094	0	
5.97815	1	2882040	2882040	0	
5.98044	1	2882538	2882538	0	
5.98044	1	2883500	2883500	0	
5.98273	1	2883982	2883982	0	
5.98273	1	2884960	2884960	0	
5.98501	1	2885426	2885426	0	
5.98501	1	2886420	2886420	0	
5.9873	1	2886870	2886870	0	
5.9873	1	2887880	2887880	0	
5.98968	1	2888314	2888314	0	
5.98968	1	2889340	2889340	0	
5.99198	1	2889758	2889758	0	
5.99198	1	2890800	2890800	0	
5.99427	1	2891202	2891202	0	
5.99427	1	2892260	2892260	0	
5.99656	1	2892646	2892646	0	
5.99656	1	2893720	2893720	0	
5.99885	1	2894090	2894090	0	
5.99885	1	2895180	2895180	0	
6.00114	1	2895534	2895534	0	
6.00114	1	2896640	2896640	0	
6.00351	1	2896978	2896978	0	
6.00351	1	2898100	2898100	0	
6.0058	1	2898422	2898422	0	
6.0058	1	2899560	2899560	0	
6.00809	1	2899866	2899866	0	
6.00809	1	2901020	2901020	0	
6.01038	1	2901310	2901310	0	
6.01038	1	2902480	2902480	0	
6.01267	1	2902754	2902754	0	
6.01267	1	2903940	2903940	0	
6.01506	1	2904198	2904198	0	
6.01506	1	2905400	2905400	0	
6.01735	1	2905642	2905642	0	
6.01735	1	2906860	2906860	0	
6.01964	1	2907086	2907086	0	
6.01964	1	2908320	2908320	0	
6.02192	1	2908530	2908530	0	
6.02192	1	2909780	2909780	0	
6.02421	1	2909974	2909974	0	
6.02421	1	2911240	2911240	0	
6.0265	1	2911418	2911418	0	
6.0265	1	2912700	2912700	0	
6.02879	1	2912862	2912862	0	
6.02879	1	2914160	2914160	0	
6.03108	1	2914306	2914306	0	
6.03108	1	2915620	2915620	0	
6.03346	1	2915750	2915750	0	
6.03346	1	2917080	2917080	0	
6.03576	1	2917194	2917194	0	
6.03576	1	2918540	2918540	0	
6.03805	1	2918638	2918638	0	
6.03805	1	2920000	2920000	0	
6.04034	1	2920082	2920082	0	
6.04034	1	2921460	2921460	0	
6.04262	1	2921526	2921526	0	
6.04262	1	2922920	2922920	0	
6.045	1	2922970	2922970	0	
6.045	1	2924380	2924380	0	
6.04729	1	2924414	2924414	0	
6.04729	1	2925840	2925840	0	
6.04958	1	2925858	2925858	0	
6.04958	1	2927300	2927300	0	
6.05186	1	2927302	2927302	0	
6.05343	1	2928754	2930199	0	
6.05343	1	2928754	2930220	21	
6.05415	1	2928754	2928754	1445	
6.05415	1	2928760	2928760	1445	
6.05571	1	2931644	2931644	0	
6.05571	1	2931680	2931680	0	
6.05799	1	2933089	2933089	0	
6.05799	1	2933140	2933140	0	
6.06036	1	2934534	2934534	0	
6.06036	1	2934600	2934600	0	
6.06263	1	2935978	2935978	0	
6.06263	1	2936060	2936060	0	
6.06491	1	2937422	2937422	0	
6.06491	1	2937520	2937520	0	
6.06719	1	2938866	2938866	0	
6.06719	1	2938980	2938980	0	
6.06946	1	2940310	2940310	0	
6.06946	1	2940440	2940440	0	
6.07183	1	2941754	2941754	0	
6.07183	1	2941900	2941900	0	
6.07411	1	2943198	2943198	0	
6.07411	1	2943360	2943360	0	
6.07639	1	2944642	2944642	0	
6.07639	1	2944820	2944820	0	
6.07867	1	2946086	2946086	0	
6.07867	1	2946280	2946280	0	
6.08094	1	2947530	2947530	0	
6.08094	1	2947740	2947740	0	
6.08322	1	2948974	2948974	0	
6.08322	1	2949200	2949200	0	
6.0855	1	2950418	2950418	0	
6.0855	1	2950660	2950660	0	
6.08786	1	2951862	2951862	0	
6.08786	1	2952120	2952120	0	
6.09014	1	2953306	2953306	0	
6.09014	1	2953580	2953580	0	
6.09242	1	2954750	2954750	0	
6.09242	1	2955040	2955040	0	
6.09469	1	2956194	2956194	0	
6.09469	1	2956500	2956500	0	
6.09697	1	2957638	2957638	0	
6.09697	1	2957960	2957960	0	
6.09925	1	2959082	2959082	0	
6.09925	1	2959420	2959420	0	
6.10162	1	2960526	2960526	0	
6.10162	1	2960880	2960880	0	
6.10389	1	2961970	2961970	0	
6.10389	1	2962340	2962340	0	
6.10617	1	2963414	2963414	0	
6.10617	1	2963800	2963800	0	
6.10845	1	2964858	2964858	0	
6.10845	1	2965260	2965260	0	
6.11073	1	2966302	2966302	0	
6.11073	1	2966720	2966720	0	
6.11309	1	2967746	2967746	0	
6.11309	1	2968180	2968180	0	
6.11537	1	2969190	2969190	0	
6.11537	1	2969640	2969640	0	
6.11764	1	2970634	2970634	0	
6.11764	1	2971100	2971100	0	
6.11993	1	2972078	2972078	0	
6.11993	1	2972560	2972560	0	
6.1222	1	2973522	2973522	0	
6.1222	1	2974020	2974020	0	
6.12448	1	2974966	2974966	0	
6.12448	1	2975480	2975480	0	
6.12676	1	2976410	2976410	0	
6.12676	1	2976940	2976940	0	
6.12903	1	2977854	2977854	0	
6.12903	1	2978400	2978400	0	
6.13131	1	2979298	2979298	0	
6.13131	1	2979860	2979860	0	
6.13368	1	2980742	2980742	0	
6.13368	1	2981320	2981320	0	
6.13595	1	2982186	2982186	0	
6.13595	1	2982780	2982780	0	
6.13823	1	2983630	2983630	0	
6.13823	1	2984240	2984240	0	
6.14051	1	2985074	2985074	0	
6.14051	1	2985700	2985700	0	
6.14279	1	2986518	2986518	0	
6.14279	1	2987160	2987160	0	
6.14516	1	2987962	2987962	0	
6.14516	1	2988620	2988620	0	
6.14743	1	2989406	2989406	0	
6.14743	1	2990080	2990080	0	
6.14971	1	2990850	2990850	0	
6.14971	1	2991540	2991540	0	
6.15199	1	2992294	2992294	0	
6.15199	1	2993000	2993000	0	
6.15441	1	2993738	2993738	0	
6.15441	1	2994460	2994460	0	
6.15684	1	2995182	2995182	0	
6.15684	1	2995920	2995920	0	
6.15926	1	2996626	2996626	0	
6.15926	1	2997380	2997380	0	
6.16169	1	2998070	2998070	0	
6.16169	1	2998840	2998840	0	
6.16422	1	2999514	2999514	0	
6.16422	1	3000300	3000300	0	
6.16664	1	3000958	3000958	0	
6.16664	1	3001760	3001760	0	
6.16907	1	3002402	3002402	0	
6.16907	1	3003220	3003220	0	
6.17149	1	3003846	3003846	0	
6.17149	1	3004680	3004680	0	
6.17392	1	3005290	3005290	0	
6.17392	1	3006140	3006140	0	
6.17644	1	3006734	3006734	0	
6.17644	1	3007600	3007600	0	
6.17886	1	3008178	3008178	0	
6.17886	1	3009060	3009060	0	
6.18129	1	3009622	3009622	0	
6.18129	1	3010520	3010520	0	
6.18371	1	3011066	3011066	0	
6.18371	1	3011980	3011980	0	
6.18614	1	3012510	3012510	0	
6.18614	1	3013440	3013440	0	
6.18867	1	3013954	3013954	0	
6.18867	1	3014900	3014900	0	
6.19109	1	3015398	3015398	0	
6.19109	1	3016360	3016360	0	
6.19352	1	3016842	3016842	0	
6.19352	1	3017820	3017820	0	
6.19594	1	3018286	3018286	0	
6.19594	1	3019280	3019280	0	
6.19837	1	3019730	3019730	0	
6.19837	1	3020740	3020740	0	
6.20079	1	3021174	3021174	0	
6.20079	1	3022200	3022200	0	
6.20322	1	3022618	3022618	0	
6.20322	1	3023660	3023660	0	
6.20564	1	3024062	3024062	0	
6.20564	1	3025120	3025120	0	
6.20816	1	3025506	3025506	0	
6.20816	1	3026580	3026580	0	
6.2106	1	3026950	3026950	0	
6.2106	1	3028040	3028040	0	
6.21302	1	3028394	3028394	0	
6.21302	1	3029500	3029500	0	
6.21545	1	3029838	3029838	0	
6.21545	1	3030960	3030960	0	
6.21787	1	3031282	3031282	0	
6.21787	1	3032420	3032420	0	
6.22039	1	3032726	3032726	0	
6.22039	1	3033880	3033880	0	
6.22282	1	3034170	3034170	0	
6.22282	1	3035340	3035340	0	
6.22524	1	3035614	3035614	0	
6.22524	1	3036800	3036800	0	
6.22767	1	3037058	3037058	0	
6.22767	1	3038260	3038260	0	
6.23009	1	3038502	3038502	0	
6.23009	1	3039720	3039720	0	
6.23252	1	3039946	3039946	0	
6.23252	1	3041180	3041180	0	
6.23495	1	3041390	3041390	0	
6.23495	1	3042640	3042640	0	
6.23738	1	3042834	3042834	0	
6.23738	1	3044100	3044100	0	
6.2399	1	3044278	3044278	0	
6.2399	1	3045560	3045560	0	
6.24232	1	3045722	3045722	0	
6.24232	1	3047020	3047020	0	
6.24475	1	3047166	3047166	0	
6.24475	1	3048480	3048480	0	
6.24717	1	3048610	3048610	0	
6.24717	1	3049940	3049940	0	
6.2496	1	3050054	3050054	0	
6.2496	1	3051400	3051400	0	
6.25406	1	3051498	3051498	0	
6.25406	1	3052860	3052860	0	
6.25654	1	3052942	3052942	0	
6.25654	1	3054320	3054320	0	
6.25896	1	3054386	3054386	0	
6.25896	1	3055780	3055780	0	
6.26138	1	3055830	3055830	0	
6.26138	1	3057240	3057240	0	
6.2638	1	3057274	3057274	0	
6.2638	1	3058700	3058700	0	
6.26621	1	3058718	3058718	0	
6.26621	1	3060160	3060160	0	
6.26863	1	3060162	3060162	0	
6.27105	1	3061614	3061614	0	
6.27105	1	3061620	3061620	0	
6.27356	1	3063059	3063059	0	
6.27356	1	3063080	3063080	0	
6.27598	1	3064504	3064504	0	
6.27598	1	3064540	3064540	0	
6.27839	1	3065949	3065949	0	
6.27839	1	3066000	3066000	0	
6.28081	1	3067394	3067394	0	
6.28081	1	3067460	3067460	0	
6.28324	1	3068838	3068838	0	
6.28324	1	3068920	3068920	0	
6.28575	1	3070282	3070282	0	
6.28575	1	3070380	3070380	0	
6.28817	1	3071726	3071726	0	
6.28817	1	3071840	3071840	0	
6.29058	1	3073170	3073170	0	
6.29058	1	3073300	3073300	0	
6.293	1	3074614	3074614	0	
6.293	1	3074760	3074760	0	
6.29542	1	3076058	3076058	0	
6.29542	1	3076220	3076220	0	
6.29793	1	3077502	3077502	0	
6.29793	1	3077680	3077680	0	
6.30035	1	3078946	3078946	0	
6.30035	1	3079140	3079140	0	
6.30277	1	3080390	3080390	0	
6.30277	1	3080600	3080600	0	
6.30519	1	3081834	3081834	0	
6.30519	1	3082060	3082060	0	
6.30761	1	3083278	3083278	0	
6.30761	1	3083520	3083520	0	
6.31003	1	3084722	3084722	0	
6.31003	1	3084980	3084980	0	
6.31245	1	3086166	3086166	0	
6.31245	1	3086440	3086440	0	
6.31486	1	3087610	3087610	0	
6.31486	1	3087900	3087900	0	
6.31738	1	3089054	3089054	0	
6.31738	1	3089360	3089360	0	
6.31979	1	3090498	3090498	0	
6.31979	1	3090820	3090820	0	
6.32221	1	3091942	3091942	0	
6.32221	1	3092280	3092280	0	
6.32463	1	3093386	3093386	0	
6.32463	1	3093740	3093740	0	
6.32705	1	3094830	3094830	0	
6.32705	1	3095200	3095200	0	
6.32957	1	3096274	3096274	0	
6.32957	1	3096660	3096660	0	
6.33198	1	3097718	3097718	0	
6.33198	1	3098120	3098120	0	
6.3344	1	3099162	3099162	0	
6.3344	1	3099580	3099580	0	
6.33682	1	3100606	3100606	0	
6.33682	1	3101040	3101040	0	
6.33924	1	3102050	3102050	0	
6.33924	1	3102500	3102500	0	
6.34166	1	3103494	3103494	0	
6.34166	1	3103960	3103960	0	
6.34407	1	3104938	3104938	0	
6.34407	1	3105420	3105420	0	
6.34649	1	3106382	3106382	0	
6.34649	1	3106880	3106880	0	
6.349	1	3107826	3107826	0	
6.349	1	3108340	3108340	0	
6.35143	1	3109270	3109270	0	
6.35143	1	3109800	3109800	0	
6.35385	1	3110714	3110714	0	
6.35385	1	3111260	3111260	0	
6.35612	1	3112158	3112158	0	
6.35612	1	3112720	3112720	0	
6.3584	1	3113602	3113602	0	
6.3584	1	3114180	3114180	0	
6.36077	1	3115046	3115046	0	
6.36077	1	3115640	3115640	0	
6.36304	1	3116490	3116490	0	
6.36304	1	3117100	3117100	0	
6.36532	1	3117934	3117934	0	
6.36532	1	3118560	3118560	0	
6.3676	1	3119378	3119378	0	
6.3676	1	3120020	3120020	0	
6.36987	1	3120822	3120822	0	
6.36987	1	3121480	3121480	0	
6.37225	1	3122266	3122266	0	
6.37225	1	3122940	3122940	0	
6.37452	1	3123710	3123710	0	
6.37452	1	3124400	3124400	0	
6.3768	1	3125154	3125154	0	
6.3768	1	3125860	3125860	0	
6.37908	1	3126598	3126598	0	
6.37908	1	3127320	3127320	0	
6.38136	1	3128042	3128042	0	
6.38136	1	3128780	3128780	0	
6.38363	1	3129486	3129486	0	
6.38363	1	3130240	3130240	0	
6.38591	1	3130930	3130930	0	
6.38591	1	3131700	3131700	0	
6.38819	1	3132374	3132374	0	
6.38819	1	3133160	3133160	0	
6.39055	1	3133818	3133818	0	
6.39055	1	3134620	3134620	0	
6.39283	1	3135262	3135262	0	
6.39283	1	3136080	3136080	0	
6.39511	1	3136706	3136706	0	
6.39511	1	3137540	3137540	0	
6.39739	1	3138150	3138150	0	
6.39739	1	3139000	3139000	0	
6.39967	1	3139594	3139594	0	
6.39967	1	3140460	3140460	0	
6.40203	1	3141038	3141038	0	
6.40203	1	3141920	3141920	0	
6.40431	1	3142482	3142482	0	
6.40431	1	3143380	3143380	0	
6.40659	1	3143926	3143926	0	
6.40659	1	3144840	3144840	0	
6.40887	1	3145370	3145370	0	
6.40887	1	3146300	3146300	0	
6.41114	1	3146814	3146814	0	
6.41114	1	3147760	3147760	0	
6.41342	1	3148258	3148258	0	
6.41342	1	3149220	3149220	0	
6.4157	1	3149702	3149702	0	
6.4157	1	3150680	3150680	0	
6.41798	1	3151146	3151146	0	
6.41798	1	3152140	3152140	0	
6.42035	1	3152590	3152590	0	
6.42035	1	3153600	3153600	0	
6.42262	1	3154034	3154034	0	
6.42262	1	3155060	3155060	0	
6.4249	1	3155478	3155478	0	
6.4249	1	3156520	3156520	0	
6.42718	1	3156922	3156922	0	
6.42718	1	3157980	3157980	0	
6.42945	1	3158366	3158366	0	
6.42945	1	3159440	3159440	0	
6.43182	1	3159810	3159810	0	
6.43182	1	3160900	3160900	0	
6.4341	1	3161254	3161254	0	
6.4341	1	3162360	3162360	0	
6.43637	1	3162698	3162698	0	
6.43637	1	3163820	3163820	0	
6.43866	1	3164142	3164142	0	
6.43866	1	3165280	3165280	0	
6.44094	1	3165586	3165586	0	
6.44094	1	3166740	3166740	0	
6.44321	1	3167030	3167030	0	
6.44321	1	3168200	3168200	0	
6.44549	1	3168474	3168474	0	
6.44549	1	3169660	3169660	0	
6.44777	1	3169918	3169918	0	
6.44777	1	3171120	3171120	0	
6.45013	1	3171362	3171362	0	
6.45013	1	3172580	3172580	0	
6.45335	1	3172806	3172806	0	
6.45335	1	3174040	3174040	0	
6.45572	1	3174250	3174250	0	
6.45572	1	3175500	3175500	0	
6.45803	1	3175694	3175694	0	
6.45803	1	3176960	3176960	0	
6.46033	1	3177138	3177138	0	
6.46033	1	3178420	3178420	0	
6.46274	1	3178582	3178582	0	
6.46274	1	3179880	3179880	0	
6.46505	1	3180026	3180026	0	
6.46505	1	3181340	3181340	0	
6.46735	1	3181470	3181470	0	
6.46735	1	3182800	3182800	0	
6.46966	1	3182914	3182914	0	
6.46966	1	3184260	3184260	0	
6.47197	1	3184358	3184358	0	
6.47197	1	3185720	3185720	0	
6.47437	1	3185802	3185802	0	
6.47437	1	3187180	3187180	0	
6.47668	1	3187246	3187246	0	
6.47668	1	3188640	3188640	0	
6.47898	1	3188690	3188690	0	
6.47898	1	3190100	3190100	0	
6.48129	1	3190134	3190134	0	
6.48129	1	3191560	3191560	0	
6.4836	1	3191578	3191578	0	
6.4836	1	3193020	3193020	0	
6.48591	1	3193022	3193022	0	
6.48822	1	3194474	3194474	0	
6.48822	1	3194480	3194480	0	
6.49053	1	3195919	3195919	0	
6.49053	1	3195940	3195940	0	
6.49292	1	3197364	3197364	0	
6.49292	1	3197400	3197400	0	
6.49523	1	3198809	3198809	0	
6.49523	1	3198860	3198860	0	
6.49754	1	3200254	3200254	0	
6.49754	1	3200320	3200320	0	
6.49985	1	3201698	3201698	0	
6.49985	1	3201780	3201780	0	
6.50216	1	3203142	3203142	0	
6.50216	1	3203240	3203240	0	
6.50456	1	3204586	3204586	0	
6.50456	1	3204700	3204700	0	
6.50687	1	3206030	3206030	0	
6.50687	1	3206160	3206160	0	
6.50918	1	3207474	3207474	0	
6.50918	1	3207620	3207620	0	
6.51149	1	3208918	3208918	0	
6.51149	1	3209080	3209080	0	
6.51379	1	3210362	3210362	0	
6.51379	1	3210540	3210540	0	
6.5161	1	3211806	3211806	0	
6.5161	1	3212000	3212000	0	
6.51841	1	3213250	3213250	0	
6.51841	1	3213460	3213460	0	
6.52072	1	3214694	3214694	0	
6.52072	1	3214920	3214920	0	
6.52312	1	3216138	3216138	0	
6.52312	1	3216380	3216380	0	
6.52542	1	3217582	3217582	0	
6.52542	1	3217840	3217840	0	
6.52774	1	3219026	3219026	0	
6.52774	1	3219300	3219300	0	
6.53005	1	3220470	3220470	0	
6.53005	1	3220760	3220760	0	
6.53236	1	3221914	3221914	0	
6.53236	1	3222220	3222220	0	
6.53475	1	3223358	3223358	0	
6.53475	1	3223680	3223680	0	
6.53706	1	3224802	3224802	0	
6.53706	1	3225140	3225140	0	
6.53937	1	3226246	3226246	0	
6.53937	1	3226600	3226600	0	
6.54168	1	3227690	3227690	0	
6.54168	1	3228060	3228060	0	
6.54399	1	3229134	3229134	0	
6.54399	1	3229520	3229520	0	
6.54629	1	3230578	3230578	0	
6.54629	1	3230980	3230980	0	
6.5486	1	3232022	3232022	0	
6.5486	1	3232440	3232440	0	
6.55092	1	3233466	3233466	0	
6.55092	1	3233900	3233900	0	
6.55331	1	3234910	3234910	0	
6.55331	1	3235360	3235360	0	
6.55364	1	3236354	3236354	0	
6.55364	1	3236820	3236820	0	
6.55597	1	3237798	3237798	0	
6.55597	1	3238280	3238280	0	
6.5583	1	3239242	3239242	0	
6.5583	1	3239740	3239740	0	
6.56062	1	3240686	3240686	0	
6.56062	1	3241200	3241200	0	
6.56304	1	3242130	3242130	0	
6.56304	1	3242660	3242660	0	
6.56537	1	3243574	3243574	0	
6.56537	1	3244120	3244120	0	
6.5677	1	3245018	3245018	0	
6.5677	1	3245580	3245580	0	
6.57003	1	3246462	3246462	0	
6.57003	1	3247040	3247040	0	
6.57236	1	3247906	3247906	0	
6.57236	1	3248500	3248500	0	
6.57478	1	3249350	3249350	0	
6.57478	1	3249960	3249960	0	
6.57711	1	3250794	3250794	0	
6.57711	1	3251420	3251420	0	
6.57943	1	3252238	3252238	0	
6.57943	1	3252880	3252880	0	
6.58176	1	3253682	3253682	0	
6.58176	1	3254340	3254340	0	
6.58409	1	3255126	3255126	0	
6.58409	1	3255800	3255800	0	
6.58642	1	3256570	3256570	0	
6.58642	1	3257260	3257260	0	
6.58874	1	3258014	3258014	0	
6.58874	1	3258720	3258720	0	
6.59107	1	3259458	3259458	0	
6.59107	1	3260180	3260180	0	
6.5935	1	3260902	3260902	0	
6.5935	1	3261640	3261640	0	
6.59583	1	3262346	3262346	0	
6.59583	1	3263100	3263100	0	
6.59815	1	3263790	3263790	0	
6.59815	1	3264560	3264560	0	
6.60048	1	3265234	3265234	0	
6.60048	1	3266020	3266020	0	
6.60281	1	3266678	3266678	0	
6.60281	1	3267480	3267480	0	
6.60523	1	3268122	3268122	0	
6.60523	1	3268940	3268940	0	
6.60755	1	3269566	3269566	0	
6.60755	1	3270400	3270400	0	
6.60988	1	3271010	3271010	0	
6.60988	1	3271860	3271860	0	
6.61221	1	3272454	3272454	0	
6.61221	1	3273320	3273320	0	
6.61454	1	3273898	3273898	0	
6.61454	1	3274780	3274780	0	
6.61687	1	3275342	3275342	0	
6.61687	1	3276240	3276240	0	
6.6192	1	3276786	3276786	0	
6.6192	1	3277700	3277700	0	
6.62153	1	3278230	3278230	0	
6.62153	1	3279160	3279160	0	
6.62385	1	3279674	3279674	0	
6.62385	1	3280620	3280620	0	
6.62627	1	3281118	3281118	0	
6.62627	1	3282080	3282080	0	
6.6286	1	3282562	3282562	0	
6.6286	1	3283540	3283540	0	
6.63093	1	3284006	3284006	0	
6.63093	1	3285000	3285000	0	
6.63326	1	3285450	3285450	0	
6.63326	1	3286460	3286460	0	
6.63558	1	3286894	3286894	0	
6.63558	1	3287920	3287920	0	
6.63801	1	3288338	3288338	0	
6.63801	1	3289380	3289380	0	
6.64034	1	3289782	3289782	0	
6.64034	1	3290840	3290840	0	
6.64266	1	3291226	3291226	0	
6.64266	1	3292300	3292300	0	
6.64499	1	3292670	3292670	0	
6.64499	1	3293760	3293760	0	
6.64732	1	3294114	3294114	0	
6.64732	1	3295220	3295220	0	
6.64965	1	3295558	3295558	0	
6.64965	1	3296680	3296680	0	
6.65392	1	3297002	3297002	0	
6.65392	1	3298140	3298140	0	
6.65639	1	3298446	3298446	0	
6.65639	1	3299600	3299600	0	
6.65889	1	3299890	3299890	0	
6.65889	1	3301060	3301060	0	
6.66131	1	3301334	3301334	0	
6.66131	1	3302520	3302520	0	
6.66372	1	3302778	3302778	0	
6.66372	1	3303980	3303980	0	
6.66613	1	3304222	3304222	0	
6.66613	1	3305440	3305440	0	
6.66854	1	3305666	3305666	0	
6.66854	1	3306900	3306900	0	
6.67104	1	3307110	3307110	0	
6.67104	1	3308360	3308360	0	
6.67345	1	3308554	3308554	0	
6.67345	1	3309820	3309820	0	
6.67586	1	3309998	3309998	0	
6.67586	1	3311280	3311280	0	
6.67828	1	3311442	3311442	0	
6.67828	1	3312740	3312740	0	
6.68069	1	3312886	3312886	0	
6.68069	1	3314200	3314200	0	
6.6832	1	3314330	3314330	0	
6.6832	1	3315660	3315660	0	
6.68561	1	3315774	3315774	0	
6.68561	1	3317120	3317120	0	
6.68802	1	3317218	3317218	0	
6.68802	1	3318580	3318580	0	
6.69043	1	3318662	3318662	0	
6.69043	1	3320040	3320040	0	
6.69284	1	3320106	3320106	0	
6.69284	1	3321500	3321500	0	
6.69525	1	3321550	3321550	0	
6.69525	1	3322960	3322960	0	
6.69766	1	3322994	3322994	0	
6.69766	1	3324420	3324420	0	
6.70007	1	3324438	3324438	0	
6.70007	1	3325880	3325880	0	
6.70257	1	3325882	3325882	0	
6.70498	1	3327334	3327334	0	
6.70498	1	3327340	3327340	0	
6.7074	1	3328779	3328779	0	
6.7074	1	3328800	3328800	0	
6.70981	1	3330224	3330224	0	
6.70981	1	3330260	3330260	0	
6.71222	1	3331669	3331669	0	
6.71222	1	3331720	3331720	0	
6.71472	1	3333114	3333114	0	
6.71472	1	3333180	3333180	0	
6.71713	1	3334558	3334558	0	
6.71713	1	3334640	3334640	0	
6.71955	1	3336002	3336002	0	
6.71955	1	3336100	3336100	0	
6.72196	1	3337446	3337446	0	
6.72196	1	3337560	3337560	0	
6.72437	1	3338890	3338890	0	
6.72437	1	3339020	3339020	0	
6.72678	1	3340334	3340334	0	
6.72678	1	3340480	3340480	0	
6.72919	1	3341778	3341778	0	
6.72919	1	3341940	3341940	0	
6.73161	1	3343222	3343222	0	
6.73161	1	3343400	3343400	0	
6.73411	1	3344666	3344666	0	
6.73411	1	3344860	3344860	0	
6.73652	1	3346110	3346110	0	
6.73652	1	3346320	3346320	0	
6.73893	1	3347554	3347554	0	
6.73893	1	3347780	3347780	0	
6.74134	1	3348998	3348998	0	
6.74134	1	3349240	3349240	0	
6.74375	1	3350442	3350442	0	
6.74375	1	3350700	3350700	0	
6.74626	1	3351886	3351886	0	
6.74626	1	3352160	3352160	0	
6.74867	1	3353330	3353330	0	
6.74867	1	3353620	3353620	0	
6.75108	1	3354774	3354774	0	
6.75108	1	3355080	3355080	0	
6.7535	1	3356218	3356218	0	
6.7535	1	3356540	3356540	0	
6.75563	1	3357662	3357662	0	
6.75563	1	3358000	3358000	0	
6.75777	1	3359106	3359106	0	
6.75777	1	3359460	3359460	0	
6.7599	1	3360550	3360550	0	
6.7599	1	3360920	3360920	0	
6.76204	1	3361994	3361994	0	
6.76204	1	3362380	3362380	0	
6.76425	1	3363438	3363438	0	
6.76425	1	3363840	3363840	0	
6.76639	1	3364882	3364882	0	
6.76639	1	3365300	3365300	0	
6.76852	1	3366326	3366326	0	
6.76852	1	3366760	3366760	0	
6.77066	1	3367770	3367770	0	
6.77066	1	3368220	3368220	0	
6.77279	1	3369214	3369214	0	
6.77279	1	3369680	3369680	0	
6.77502	1	3370658	3370658	0	
6.77502	1	3371140	3371140	0	
6.77715	1	3372102	3372102	0	
6.77715	1	3372600	3372600	0	
6.77929	1	3373546	3373546	0	
6.77929	1	3374060	3374060	0	
6.78142	1	3374990	3374990	0	
6.78142	1	3375520	3375520	0	
6.78356	1	3376434	3376434	0	
6.78356	1	3376980	3376980	0	
6.78578	1	3377878	3377878	0	
6.78578	1	3378440	3378440	0	
6.78791	1	3379322	3379322	0	
6.78791	1	3379900	3379900	0	
6.79005	1	3380766	3380766	0	
6.79005	1	3381360	3381360	0	
6.79218	1	3382210	3382210	0	
6.79218	1	3382820	3382820	0	
6.79432	1	3383654	3383654	0	
6.79432	1	3384280	3384280	0	
6.79646	1	3385098	3385098	0	
6.79646	1	3385740	3385740	0	
6.79859	1	3386542	3386542	0	
6.79859	1	3387200	3387200	0	
6.80073	1	3387986	3387986	0	
6.80073	1	3388660	3388660	0	
6.80295	1	3389430	3389430	0	
6.80295	1	3390120	3390120	0	
6.80508	1	3390874	3390874	0	
6.80508	1	3391580	3391580	0	
6.80722	1	3392318	3392318	0	
6.80722	1	3393040	3393040	0	
6.80935	1	3393762	3393762	0	
6.80935	1	3394500	3394500	0	
6.81149	1	3395206	3395206	0	
6.81149	1	3395960	3395960	0	
6.81371	1	3396650	3396650	0	
6.81371	1	3397420	3397420	0	
6.81584	1	3398094	3398094	0	
6.81584	1	3398880	3398880	0	
6.81798	1	3399538	3399538	0	
6.81798	1	3400340	3400340	0	
6.82011	1	3400982	3400982	0	
6.82011	1	3401800	3401800	0	
6.82225	1	3402426	3402426	0	
6.82225	1	3403260	3403260	0	
6.82438	1	3403870	3403870	0	
6.82438	1	3404720	3404720	0	
6.82652	1	3405314	3405314	0	
6.82652	1	3406180	3406180	0	
6.82865	1	3406758	3406758	0	
6.82865	1	3407640	3407640	0	
6.83087	1	3408202	3408202	0	
6.83087	1	3409100	3409100	0	
6.83301	1	3409646	3409646	0	
6.83301	1	3410560	3410560	0	
6.83515	1	3411090	3411090	0	
6.83515	1	3412020	3412020	0	
6.83728	1	3412534	3412534	0	
6.83728	1	3413480	3413480	0	
6.83942	1	3413978	3413978	0	
6.83942	1	3414940	3414940	0	
6.84164	1	3415422	3415422	0	
6.84164	1	3416400	3416400	0	
6.84377	1	3416866	3416866	0	
6.84377	1	3417860	3417860	0	
6.84591	1	3418310	3418310	0	
6.84591	1	3419320	3419320	0	
6.84804	1	3419754	3419754	0	
6.84804	1	3420780	3420780	0	
6.85018	1	3421198	3421198	0	
6.85018	1	3422240	3422240	0	
6.85239	1	3422642	3422642	0	
6.85239	1	3423700	3423700	0	
6.85453	1	3424086	3424086	0	
6.85453	1	3425160	3425160	0	
6.85487	1	3425530	3425530	0	
6.85487	1	3426620	3426620	0	
6.8572	1	3426974	3426974	0	
6.8572	1	3428080	3428080	0	
6.85953	1	3428418	3428418	0	
6.85953	1	3429540	3429540	0	
6.86186	1	3429862	3429862	0	
6.86186	1	3431000	3431000	0	
6.86419	1	3431306	3431306	0	
6.86419	1	3432460	3432460	0	
6.86652	1	3432750	3432750	0	
6.86652	1	3433920	3433920	0	
6.86894	1	3434194	3434194	0	
6.86894	1	3435380	3435380	0	
6.87127	1	3435638	3435638	0	
6.87127	1	3436840	3436840	0	
6.8736	1	3437082	3437082	0	
6.8736	1	3438300	3438300	0	
6.87594	1	3438526	3438526	0	
6.87594	1	3439760	3439760	0	
6.87827	1	3439970	3439970	0	
6.87827	1	3441220	3441220	0	
6.88069	1	3441414	3441414	0	
6.88069	1	3442680	3442680	0	
6.88302	1	3442858	3442858	0	
6.88302	1	3444140	3444140	0	
6.88535	1	3444302	3444302	0	
6.88535	1	3445600	3445600	0	
6.88768	1	3445746	3445746	0	
6.88768	1	3447060	3447060	0	
6.89001	1	3447190	3447190	0	
6.89001	1	3448520	3448520	0	
6.89234	1	3448634	3448634	0	
6.89234	1	3449980	3449980	0	
6.89467	1	3450078	3450078	0	
6.89467	1	3451440	3451440	0	
6.897	1	3451522	3451522	0	
6.897	1	3452900	3452900	0	
6.89943	1	3452966	3452966	0	
6.89943	1	3454360	3454360	0	
6.90176	1	3454410	3454410	0	
6.90176	1	3455820	3455820	0	
6.90409	1	3455854	3455854	0	
6.90409	1	3457280	3457280	0	
6.90642	1	3457298	3457298	0	
6.90642	1	3458740	3458740	0	
6.90874	1	3458742	3458742	0	
6.91116	1	3460194	3460194	0	
6.91116	1	3460200	3460200	0	
6.9135	1	3461639	3461639	0	
6.9135	1	3461660	3461660	0	
6.91583	1	3463084	3463084	0	
6.91583	1	3463120	3463120	0	
6.91816	1	3464529	3464529	0	
6.91816	1	3464580	3464580	0	
6.92049	1	3465974	3465974	0	
6.92049	1	3466040	3466040	0	
6.92282	1	3467418	3467418	0	
6.92282	1	3467500	3467500	0	
6.92515	1	3468862	3468862	0	
6.92515	1	3468960	3468960	0	
6.92748	1	3470306	3470306	0	
6.92748	1	3470420	3470420	0	
6.92991	1	3471750	3471750	0	
6.92991	1	3471880	3471880	0	
6.93224	1	3473194	3473194	0	
6.93224	1	3473340	3473340	0	
6.93457	1	3474638	3474638	0	
6.93457	1	3474800	3474800	0	
6.9369	1	3476082	3476082	0	
6.9369	1	3476260	3476260	0	
6.93923	1	3477526	3477526	0	
6.93923	1	3477720	3477720	0	
6.94165	1	3478970	3478970	0	
6.94165	1	3479180	3479180	0	
6.94398	1	3480414	3480414	0	
6.94398	1	3480640	3480640	0	
6.94632	1	3481858	3481858	0	
6.94632	1	3482100	3482100	0	
6.94865	1	3483302	3483302	0	
6.94865	1	3483560	3483560	0	
6.95098	1	3484746	3484746	0	
6.95098	1	3485020	3485020	0	
6.95551	1	3486190	3486190	0	
6.95551	1	3486480	3486480	0	
6.95796	1	3487634	3487634	0	
6.95796	1	3487940	3487940	0	
6.96041	1	3489078	3489078	0	
6.96041	1	3489400	3489400	0	
6.96286	1	3490522	3490522	0	
6.96286	1	3490860	3490860	0	
6.96531	1	3491966	3491966	0	
6.96531	1	3492320	3492320	0	
6.96777	1	3493410	3493410	0	
6.96777	1	3493780	3493780	0	
6.97022	1	3494854	3494854	0	
6.97022	1	3495240	3495240	0	
6.97267	1	3496298	3496298	0	
6.97267	1	3496700	3496700	0	
6.97522	1	3497742	3497742	0	
6.97522	1	3498160	3498160	0	
6.97767	1	3499186	3499186	0	
6.97767	1	3499620	3499620	0	
6.98012	1	3500630	3500630	0	
6.98012	1	3501080	3501080	0	
6.98257	1	3502074	3502074	0	
6.98257	1	3502540	3502540	0	
6.98502	1	3503518	3503518	0	
6.98502	1	3504000	3504000	0	
6.98756	1	3504962	3504962	0	
6.98756	1	3505460	3505460	0	
6.99002	1	3506406	3506406	0	
6.99002	1	3506920	3506920	0	
6.99247	1	3507850	3507850	0	
6.99247	1	3508380	3508380	0	
6.99492	1	3509294	3509294	0	
6.99492	1	3509840	3509840	0	
6.99737	1	3510738	3510738	0	
6.99737	1	3511300	3511300	0	
6.99982	1	3512182	3512182	0	
6.99982	1	3512760	3512760	0	
7.00227	1	3513626	3513626	0	
7.00227	1	3514220	3514220	0	
7.00472	1	3515070	3515070	0	
7.00472	1	3515680	3515680	0	
7.00727	1	3516514	3516514	0	
7.00727	1	3517140	3517140	0	
7.00972	1	3517958	3517958	0	
7.00972	1	3518600	3518600	0	
7.01217	1	3519402	3519402	0	
7.01217	1	3520060	3520060	0	
7.01463	1	3520846	3520846	0	
7.01463	1	3521520	3521520	0	
7.01708	1	3522290	3522290	0	
7.01708	1	3522980	3522980	0	
7.01962	1	3523734	3523734	0	
7.01962	1	3524440	3524440	0	
7.02207	1	3525178	3525178	0	
7.02207	1	3525900	3525900	0	
7.02452	1	3526622	3526622	0	
7.02452	1	3527360	3527360	0	
7.02697	1	3528066	3528066	0	
7.02697	1	3528820	3528820	0	
7.02942	1	3529510	3529510	0	
7.02942	1	3530280	3530280	0	
7.03187	1	3530954	3530954	0	
7.03187	1	3531740	3531740	0	
7.03432	1	3532398	3532398	0	
7.03432	1	3533200	3533200	0	
7.03677	1	3533842	3533842	0	
7.03677	1	3534660	3534660	0	
7.03932	1	3535286	3535286	0	
7.03932	1	3536120	3536120	0	
7.04177	1	3536730	3536730	0	
7.04177	1	3537580	3537580	0	
7.04423	1	3538174	3538174	0	
7.04423	1	3539040	3539040	0	
7.04668	1	3539618	3539618	0	
7.04668	1	3540500	3540500	0	
7.04913	1	3541062	3541062	0	
7.04913	1	3541960	3541960	0	
7.05167	1	3542506	3542506	0	
7.05167	1	3543420	3543420	0	
7.05412	1	3543950	3543950	0	
7.05412	1	3544880	3544880	0	
7.0565	1	3545394	3545394	0	
7.0565	1	3546340	3546340	0	
7.05887	1	3546838	3546838	0	
7.05887	1	3547800	3547800	0	
7.06126	1	3548282	3548282	0	
7.06126	1	3549260	3549260	0	
7.06373	1	3549726	3549726	0	
7.06373	1	3550720	3550720	0	
7.0661	1	3551170	3551170	0	
7.0661	1	3552180	3552180	0	
7.06848	1	3552614	3552614	0	
7.06848	1	3553640	3553640	0	
7.07085	1	3554058	3554058	0	
7.07085	1	3555100	3555100	0	
7.07323	1	3555502	3555502	0	
7.07323	1	3556560	3556560	0	
7.07561	1	3556946	3556946	0	
7.07561	1	3558020	3558020	0	
7.07798	1	3558390	3558390	0	
7.07798	1	3559480	3559480	0	
7.08036	1	3559834	3559834	0	
7.08036	1	3560940	3560940	0	
7.08283	1	3561278	3561278	0	
7.08283	1	3562400	3562400	0	
7.08521	1	3562722	3562722	0	
7.08521	1	3563860	3563860	0	
7.08759	1	3564166	3564166	0	
7.08759	1	3565320	3565320	0	
7.08996	1	3565610	3565610	0	
7.08996	1	3566780	3566780	0	
7.09234	1	3567054	3567054	0	
7.09234	1	3568240	3568240	0	
7.09481	1	3568498	3568498	0	
7.09481	1	3569700	3569700	0	
7.09718	1	3569942	3569942	0	
7.09718	1	3571160	3571160	0	
7.09956	1	3571386	3571386	0	
7.09956	1	3572620	3572620	0	
7.10193	1	3572830	3572830	0	
7.10193	1	3574080	3574080	0	
7.10431	1	3574274	3574274	0	
7.10431	1	3575540	3575540	0	
7.10669	1	3575718	3575718	0	
7.10669	1	3577000	3577000	0	
7.10907	1	3577162	3577162	0	
7.10907	1	3578460	3578460	0	
7.11145	1	3578606	3578606	0	
7.11145	1	3579920	3579920	0	
7.11392	1	3580050	3580050	0	
7.11392	1	3581380	3581380	0	
7.11629	1	3581494	3581494	0	
7.11629	1	3582840	3582840	0	
7.11867	1	3582938	3582938	0	
7.11867	1	3584300	3584300	0	
7.12104	1	3584382	3584382	0	
7.12104	1	3585760	3585760	0	
7.12342	1	3585826	3585826	0	
7.12342	1	3587220	3587220	0	
7.12579	1	3587270	3587270	0	
7.12579	1	3588680	3588680	0	
7.12827	1	3588714	3588714	0	
7.12827	1	3590140	3590140	0	
7.13064	1	3590158	3590158	0	
7.13064	1	3591600	3591600	0	
7.13302	1	3591602	3591602	0	
7.13539	1	3593054	3593054	0	
7.13539	1	3593060	3593060	0	
7.13777	1	3594499	3594499	0	
7.13777	1	3594520	3594520	0	
7.14015	1	3595944	3595944	0	
7.14015	1	3595980	3595980	0	
7.14252	1	3597389	3597389	0	
7.14252	1	3597440	3597440	0	
7.1449	1	3598834	3598834	0	
7.1449	1	3598900	3598900	0	
7.14737	1	3600278	3600278	0	
7.14737	1	3600360	3600360	0	
7.14974	1	3601722	3601722	0	
7.14974	1	3601820	3601820	0	
7.15213	1	3603166	3603166	0	
7.15213	1	3603280	3603280	0	
7.1545	1	3604610	3604610	0	
7.1545	1	3604740	3604740	0	
7.15492	1	3606054	3606054	0	
7.15492	1	3606200	3606200	0	
7.15743	1	3607498	3607498	0	
7.15743	1	3607660	3607660	0	
7.15985	1	3608942	3608942	0	
7.15985	1	3609120	3609120	0	
7.16226	1	3610386	3610386	0	
7.16226	1	3610580	3610580	0	
7.16468	1	3611830	3611830	0	
7.16468	1	3612040	3612040	0	
7.1671	1	3613274	3613274	0	
7.1671	1	3613500	3613500	0	
7.16961	1	3614718	3614718	0	
7.16961	1	3614960	3614960	0	
7.17203	1	3616162	3616162	0	
7.17203	1	3616420	3616420	0	
7.17445	1	3617606	3617606	0	
7.17445	1	3617880	3617880	0	
7.17687	1	3619050	3619050	0	
7.17687	1	3619340	3619340	0	
7.17928	1	3620494	3620494	0	
7.17928	1	3620800	3620800	0	
7.1817	1	3621938	3621938	0	
7.1817	1	3622260	3622260	0	
7.18412	1	3623382	3623382	0	
7.18412	1	3623720	3623720	0	
7.18653	1	3624826	3624826	0	
7.18653	1	3625180	3625180	0	
7.18904	1	3626270	3626270	0	
7.18904	1	3626640	3626640	0	
7.19146	1	3627714	3627714	0	
7.19146	1	3628100	3628100	0	
7.19388	1	3629158	3629158	0	
7.19388	1	3629560	3629560	0	
7.1963	1	3630602	3630602	0	
7.1963	1	3631020	3631020	0	
7.19872	1	3632046	3632046	0	
7.19872	1	3632480	3632480	0	
7.20123	1	3633490	3633490	0	
7.20123	1	3633940	3633940	0	
7.20365	1	3634934	3634934	0	
7.20365	1	3635400	3635400	0	
7.20606	1	3636378	3636378	0	
7.20606	1	3636860	3636860	0	
7.20848	1	3637822	3637822	0	
7.20848	1	3638320	3638320	0	
7.2109	1	3639266	3639266	0	
7.2109	1	3639780	3639780	0	
7.21331	1	3640710	3640710	0	
7.21331	1	3641240	3641240	0	
7.21573	1	3642154	3642154	0	
7.21573	1	3642700	3642700	0	
7.21815	1	3643598	3643598	0	
7.21815	1	3644160	3644160	0	
7.22066	1	3645042	3645042	0	
7.22066	1	3645620	3645620	0	
7.22308	1	3646486	3646486	0	
7.22308	1	3647080	3647080	0	
7.2255	1	3647930	3647930	0	
7.2255	1	3648540	3648540	0	
7.22791	1	3649374	3649374	0	
7.22791	1	3650000	3650000	0	
7.23033	1	3650818	3650818	0	
7.23033	1	3651460	3651460	0	
7.23284	1	3652262	3652262	0	
7.23284	1	3652920	3652920	0	
7.23526	1	3653706	3653706	0	
7.23526	1	3654380	3654380	0	
7.23768	1	3655150	3655150	0	
7.23768	1	3655840	3655840	0	
7.24009	1	3656594	3656594	0	
7.24009	1	3657300	3657300	0	
7.24252	1	3658038	3658038	0	
7.24252	1	3658760	3658760	0	
7.24503	1	3659482	3659482	0	
7.24503	1	3660220	3660220	0	
7.24744	1	3660926	3660926	0	
7.24744	1	3661680	3661680	0	
7.24986	1	3662370	3662370	0	
7.24986	1	3663140	3663140	0	
7.25421	1	3663814	3663814	0	
7.25421	1	3664600	3664600	0	
7.25641	1	3665258	3665258	0	
7.25641	1	3666060	3666060	0	
7.25854	1	3666702	3666702	0	
7.25854	1	3667520	3667520	0	
7.26067	1	3668146	3668146	0	
7.26067	1	3668980	3668980	0	
7.2628	1	3669590	3669590	0	
7.2628	1	3670440	3670440	0	
7.26503	1	3671034	3671034	0	
7.26503	1	3671900	3671900	0	
7.26716	1	3672478	3672478	0	
7.26716	1	3673360	3673360	0	
7.26929	1	3673922	3673922	0	
7.26929	1	3674820	3674820	0	
7.27142	1	3675366	3675366	0	
7.27142	1	3676280	3676280	0	
7.27355	1	3676810	3676810	0	
7.27355	1	3677740	3677740	0	
7.27577	1	3678254	3678254	0	
7.27577	1	3679200	3679200	0	
7.2779	1	3679698	3679698	0	
7.2779	1	3680660	3680660	0	
7.28003	1	3681142	3681142	0	
7.28003	1	3682120	3682120	0	
7.28216	1	3682586	3682586	0	
7.28216	1	3683580	3683580	0	
7.28429	1	3684030	3684030	0	
7.28429	1	3685040	3685040	0	
7.28643	1	3685474	3685474	0	
7.28643	1	3686500	3686500	0	
7.28856	1	3686918	3686918	0	
7.28856	1	3687960	3687960	0	
7.2907	1	3688362	3688362	0	
7.2907	1	3689420	3689420	0	
7.29291	1	3689806	3689806	0	
7.29291	1	3690880	3690880	0	
7.29504	1	3691250	3691250	0	
7.29504	1	3692340	3692340	0	
7.29717	1	3692694	3692694	0	
7.29717	1	3693800	3693800	0	
7.29931	1	3694138	3694138	0	
7.29931	1	3695260	3695260	0	
7.30144	1	3695582	3695582	0	
7.30144	1	3696720	3696720	0	
7.30365	1	3697026	3697026	0	
7.30365	1	3698180	3698180	0	
7.30579	1	3698470	3698470	0	
7.30579	1	3699640	3699640	0	
7.30792	1	3699914	3699914	0	
7.30792	1	3701100	3701100	0	
7.31005	1	3701358	3701358	0	
7.31005	1	3702560	3702560	0	
7.31218	1	3702802	3702802	0	
7.31218	1	3704020	3704020	0	
7.31432	1	3704246	3704246	0	
7.31432	1	3705480	3705480	0	
7.31645	1	3705690	3705690	0	
7.31645	1	3706940	3706940	0	
7.31858	1	3707134	3707134	0	
7.31858	1	3708400	3708400	0	
7.32079	1	3708578	3708578	0	
7.32079	1	3709860	3709860	0	
7.32293	1	3710022	3710022	0	
7.32293	1	3711320	3711320	0	
7.32506	1	3711466	3711466	0	
7.32506	1	3712780	3712780	0	
7.3272	1	3712910	3712910	0	
7.3272	1	3714240	3714240	0	
7.32933	1	3714354	3714354	0	
7.32933	1	3715700	3715700	0	
7.33154	1	3715798	3715798	0	
7.33154	1	3717160	3717160	0	
7.33367	1	3717242	3717242	0	
7.33367	1	3718620	3718620	0	
7.33581	1	3718686	3718686	0	
7.33581	1	3720080	3720080	0	
7.33794	1	3720130	3720130	0	
7.33794	1	3721540	3721540	0	
7.34007	1	3721574	3721574	0	
7.34007	1	3723000	3723000	0	
7.34228	1	3723018	3723018	0	
7.34228	1	3724460	3724460	0	
7.34441	1	3724462	3724462	0	
7.34655	1	3725914	3725914	0	
7.34655	1	3725920	3725920	0	
7.34868	1	3727359	3727359	0	
7.34868	1	3727380	3727380	0	
7.35081	1	3728804	3728804	0	
7.35081	1	3728840	3728840	0	
7.35294	1	3730249	3730249	0	
7.35294	1	3730300	3730300	0	
7.35508	1	3731694	3731694	0	
7.35508	1	3731760	3731760	0	
7.35721	1	3733138	3733138	0	
7.35721	1	3733220	3733220	0	
7.35943	1	3734582	3734582	0	
7.35943	1	3734680	3734680	0	
7.36156	1	3736026	3736026	0	
7.36156	1	3736140	3736140	0	
7.36369	1	3737470	3737470	0	
7.36369	1	3737600	3737600	0	
7.36583	1	3738914	3738914	0	
7.36583	1	3739060	3739060	0	
7.36797	1	3740358	3740358	0	
7.36797	1	3740520	3740520	0	
7.37018	1	3741802	3741802	0	
7.37018	1	3741980	3741980	0	
7.37232	1	3743246	3743246	0	
7.37232	1	3743440	3743440	0	
7.37445	1	3744690	3744690	0	
7.37445	1	3744900	3744900	0	
7.37658	1	3746134	3746134	0	
7.37658	1	3746360	3746360	0	
7.37872	1	3747578	3747578	0	
7.37872	1	3747820	3747820	0	
7.38085	1	3749022	3749022	0	
7.38085	1	3749280	3749280	0	
7.38298	1	3750466	3750466	0	
7.38298	1	3750740	3750740	0	
7.38512	1	3751910	3751910	0	
7.38512	1	3752200	3752200	0	
7.38734	1	3753354	3753354	0	
7.38734	1	3753660	3753660	0	
7.38948	1	3754798	3754798	0	
7.38948	1	3755120	3755120	0	
7.39161	1	3756242	3756242	0	
7.39161	1	3756580	3756580	0	
7.39374	1	3757686	3757686	0	
7.39374	1	3758040	3758040	0	
7.39588	1	3759130	3759130	0	
7.39588	1	3759500	3759500	0	
7.39809	1	3760574	3760574	0	
7.39809	1	3760960	3760960	0	
7.40023	1	3762018	3762018	0	
7.40023	1	3762420	3762420	0	
7.40236	1	3763462	3763462	0	
7.40236	1	3763880	3763880	0	
7.40449	1	3764906	3764906	0	
7.40449	1	3765340	3765340	0	
7.40663	1	3766350	3766350	0	
7.40663	1	3766800	3766800	0	
7.40877	1	3767794	3767794	0	
7.40877	1	3768260	3768260	0	
7.4109	1	3769238	3769238	0	
7.4109	1	3769720	3769720	0	
7.41304	1	3770682	3770682	0	
7.41304	1	3771180	3771180	0	
7.41525	1	3772126	3772126	0	
7.41525	1	3772640	3772640	0	
7.41739	1	3773570	3773570	0	
7.41739	1	3774100	3774100	0	
7.41952	1	3775014	3775014	0	
7.41952	1	3775560	3775560	0	
7.42165	1	3776458	3776458	0	
7.42165	1	3777020	3777020	0	
7.42379	1	3777902	3777902	0	
7.42379	1	3778480	3778480	0	
7.426	1	3779346	3779346	0	
7.426	1	3779940	3779940	0	
7.42814	1	3780790	3780790	0	
7.42814	1	3781400	3781400	0	
7.43028	1	3782234	3782234	0	
7.43028	1	3782860	3782860	0	
7.43241	1	3783678	3783678	0	
7.43241	1	3784320	3784320	0	
7.43454	1	3785122	3785122	0	
7.43454	1	3785780	3785780	0	
7.43676	1	3786566	3786566	0	
7.43676	1	3787240	3787240	0	
7.43889	1	3788010	3788010	0	
7.43889	1	3788700	3788700	0	
7.44103	1	3789454	3789454	0	
7.44103	1	3790160	3790160	0	
7.44316	1	3790898	3790898	0	
7.44316	1	3791620	3791620	0	
7.4453	1	3792342	3792342	0	
7.4453	1	3793080	3793080	0	
7.44743	1	3793786	3793786	0	
7.44743	1	3794540	3794540	0	
7.44957	1	3795230	3795230	0	
7.44957	1	3796000	3796000	0	
7.4517	1	3796674	3796674	0	
7.4517	1	3797460	3797460	0	
7.45392	1	3798118	3798118	0	
7.45392	1	3798920	3798920	0	
7.45435	1	3799562	3799562	0	
7.45435	1	3800380	3800380	0	
7.45679	1	3801006	3801006	0	
7.45679	1	3801840	3801840	0	
7.45922	1	3802450	3802450	0	
7.45922	1	3803300	3803300	0	
7.46166	1	3803894	3803894	0	
7.46166	1	3804760	3804760	0	
7.46419	1	3805338	3805338	0	
7.46419	1	3806220	3806220	0	
7.46662	1	3806782	3806782	0	
7.46662	1	3807680	3807680	0	
7.46906	1	3808226	3808226	0	
7.46906	1	3809140	3809140	0	
7.4715	1	3809670	3809670	0	
7.4715	1	3810600	3810600	0	
7.47393	1	3811114	3811114	0	
7.47393	1	3812060	3812060	0	
7.47637	1	3812558	3812558	0	
7.47637	1	3813520	3813520	0	
7.4788	1	3814002	3814002	0	
7.4788	1	3814980	3814980	0	
7.48124	1	3815446	3815446	0	
7.48124	1	3816440	3816440	0	
7.48377	1	3816890	3816890	0	
7.48377	1	3817900	3817900	0	
7.4862	1	3818334	3818334	0	
7.4862	1	3819360	3819360	0	
7.48864	1	3819778	3819778	0	
7.48864	1	3820820	3820820	0	
7.49107	1	3821222	3821222	0	
7.49107	1	3822280	3822280	0	
7.49351	1	3822666	3822666	0	
7.49351	1	3823740	3823740	0	
7.49604	1	3824110	3824110	0	
7.49604	1	3825200	3825200	0	
7.49848	1	3825554	3825554	0	
7.49848	1	3826660	3826660	0	
7.50091	1	3826998	3826998	0	
7.50091	1	3828120	3828120	0	
7.50335	1	3828442	3828442	0	
7.50335	1	3829580	3829580	0	
7.50578	1	3829886	3829886	0	
7.50578	1	3831040	3831040	0	
7.50822	1	3831330	3831330	0	
7.50822	1	3832500	3832500	0	
7.51065	1	3832774	3832774	0	
7.51065	1	3833960	3833960	0	
7.51309	1	3834218	3834218	0	
7.51309	1	3835420	3835420	0	
7.51562	1	3835662	3835662	0	
7.51562	1	3836880	3836880	0	
7.51806	1	3837106	3837106	0	
7.51806	1	3838340	3838340	0	
7.52049	1	3838550	3838550	0	
7.52049	1	3839800	3839800	0	
7.52293	1	3839994	3839994	0	
7.52293	1	3841260	3841260	0	
7.52536	1	3841438	3841438	0	
7.52536	1	3842720	3842720	0	
7.52789	1	3842882	3842882	0	
7.52789	1	3844180	3844180	0	
7.53033	1	3844326	3844326	0	
7.53033	1	3845640	3845640	0	
7.53276	1	3845770	3845770	0	
7.53276	1	3847100	3847100	0	
7.5352	1	3847214	3847214	0	
7.5352	1	3848560	3848560	0	
7.53763	1	3848658	3848658	0	
7.53763	1	3850020	3850020	0	
7.54017	1	3850102	3850102	0	
7.54017	1	3851480	3851480	0	
7.5426	1	3851546	3851546	0	
7.5426	1	3852940	3852940	0	
7.54504	1	3852990	3852990	0	
7.54504	1	3854400	3854400	0	
7.54747	1	3854434	3854434	0	
7.54747	1	3855860	3855860	0	
7.5499	1	3855878	3855878	0	
7.5499	1	3857320	3857320	0	
7.55428	1	3857322	3857322	0	
7.55661	1	3858774	3858774	0	
7.55661	1	3858780	3858780	0	
7.55889	1	3860219	3860219	0	
7.55889	1	3860240	3860240	0	
7.56126	1	3861664	3861664	0	
7.56126	1	3861700	3861700	0	
7.56354	1	3863109	3863109	0	
7.56354	1	3863160	3863160	0	
7.56582	1	3864554	3864554	0	
7.56582	1	3864620	3864620	0	
7.56809	1	3865998	3865998	0	
7.56809	1	3866080	3866080	0	
7.57037	1	3867442	3867442	0	
7.57037	1	3867540	3867540	0	
7.57274	1	3868886	3868886	0	
7.57274	1	3869000	3869000	0	
7.57501	1	3870330	3870330	0	
7.57501	1	3870460	3870460	0	
7.57729	1	3871774	3871774	0	
7.57729	1	3871920	3871920	0	
7.57957	1	3873218	3873218	0	
7.57957	1	3873380	3873380	0	
7.58184	1	3874662	3874662	0	
7.58184	1	3874840	3874840	0	
7.58412	1	3876106	3876106	0	
7.58412	1	3876300	3876300	0	
7.58641	1	3877550	3877550	0	
7.58641	1	3877760	3877760	0	
7.58868	1	3878994	3878994	0	
7.58868	1	3879220	3879220	0	
7.59105	1	3880438	3880438	0	
7.59105	1	3880680	3880680	0	
7.59333	1	3881882	3881882	0	
7.59333	1	3882140	3882140	0	
7.5956	1	3883326	3883326	0	
7.5956	1	3883600	3883600	0	
7.59788	1	3884770	3884770	0	
7.59788	1	3885060	3885060	0	
7.60016	1	3886214	3886214	0	
7.60016	1	3886520	3886520	0	
7.60252	1	3887658	3887658	0	
7.60252	1	3887980	3887980	0	
7.6048	1	3889102	3889102	0	
7.6048	1	3889440	3889440	0	
7.60708	1	3890546	3890546	0	
7.60708	1	3890900	3890900	0	
7.60936	1	3891990	3891990	0	
7.60936	1	3892360	3892360	0	
7.61164	1	3893434	3893434	0	
7.61164	1	3893820	3893820	0	
7.61392	1	3894878	3894878	0	
7.61392	1	3895280	3895280	0	
7.61619	1	3896322	3896322	0	
7.61619	1	3896740	3896740	0	
7.61847	1	3897766	3897766	0	
7.61847	1	3898200	3898200	0	
7.62075	1	3899210	3899210	0	
7.62075	1	3899660	3899660	0	
7.62311	1	3900654	3900654	0	
7.62311	1	3901120	3901120	0	
7.62539	1	3902098	3902098	0	
7.62539	1	3902580	3902580	0	
7.62767	1	3903542	3903542	0	
7.62767	1	3904040	3904040	0	
7.62995	1	3904986	3904986	0	
7.62995	1	3905500	3905500	0	
7.63223	1	3906430	3906430	0	
7.63223	1	3906960	3906960	0	
7.63459	1	3907874	3907874	0	
7.63459	1	3908420	3908420	0	
7.63687	1	3909318	3909318	0	
7.63687	1	3909880	3909880	0	
7.63915	1	3910762	3910762	0	
7.63915	1	3911340	3911340	0	
7.64142	1	3912206	3912206	0	
7.64142	1	3912800	3912800	0	
7.6437	1	3913650	3913650	0	
7.6437	1	3914260	3914260	0	
7.64607	1	3915094	3915094	0	
7.64607	1	3915720	3915720	0	
7.64834	1	3916538	3916538	0	
7.64834	1	3917180	3917180	0	
7.65063	1	3917982	3917982	0	
7.65063	1	3918640	3918640	0	
7.65291	1	3919426	3919426	0	
7.65291	1	3920100	3920100	0	
7.65518	1	3920870	3920870	0	
7.65518	1	3921560	3921560	0	
7.6574	1	3922314	3922314	0	
7.6574	1	3923020	3923020	0	
7.65962	1	3923758	3923758	0	
7.65962	1	3924480	3924480	0	
7.66183	1	3925202	3925202	0	
7.66183	1	3925940	3925940	0	
7.66414	1	3926646	3926646	0	
7.66414	1	3927400	3927400	0	
7.66635	1	3928090	3928090	0	
7.66635	1	3928860	3928860	0	
7.66857	1	3929534	3929534	0	
7.66857	1	3930320	3930320	0	
7.67079	1	3930978	3930978	0	
7.67079	1	3931780	3931780	0	
7.67301	1	3932422	3932422	0	
7.67301	1	3933240	3933240	0	
7.67532	1	3933866	3933866	0	
7.67532	1	3934700	3934700	0	
7.67753	1	3935310	3935310	0	
7.67753	1	3936160	3936160	0	
7.67975	1	3936754	3936754	0	
7.67975	1	3937620	3937620	0	
7.68197	1	3938198	3938198	0	
7.68197	1	3939080	3939080	0	
7.68418	1	3939642	3939642	0	
7.68418	1	3940540	3940540	0	
7.6864	1	3941086	3941086	0	
7.6864	1	3942000	3942000	0	
7.68862	1	3942530	3942530	0	
7.68862	1	3943460	3943460	0	
7.69083	1	3943974	3943974	0	
7.69083	1	3944920	3944920	0	
7.69315	1	3945418	3945418	0	
7.69315	1	3946380	3946380	0	
7.69536	1	3946862	3946862	0	
7.69536	1	3947840	3947840	0	
7.69758	1	3948306	3948306	0	
7.69758	1	3949300	3949300	0	
7.6998	1	3949750	3949750	0	
7.6998	1	3950760	3950760	0	
7.70201	1	3951194	3951194	0	
7.70201	1	3952220	3952220	0	
7.70432	1	3952638	3952638	0	
7.70432	1	3953680	3953680	0	
7.70653	1	3954082	3954082	0	
7.70653	1	3955140	3955140	0	
7.70875	1	3955526	3955526	0	
7.70875	1	3956600	3956600	0	
7.71097	1	3956970	3956970	0	
7.71097	1	3958060	3958060	0	
7.71318	1	3958414	3958414	0	
7.71318	1	3959520	3959520	0	
7.71549	1	3959858	3959858	0	
7.71549	1	3960980	3960980	0	
7.71771	1	3961302	3961302	0	
7.71771	1	3962440	3962440	0	
7.71993	1	3962746	3962746	0	
7.71993	1	3963900	3963900	0	
7.72215	1	3964190	3964190	0	
7.72215	1	3965360	3965360	0	
7.72436	1	3965634	3965634	0	
7.72436	1	3966820	3966820	0	
7.72658	1	3967078	3967078	0	
7.72658	1	3968280	3968280	0	
7.7288	1	3968522	3968522	0	
7.7288	1	3969740	3969740	0	
7.73101	1	3969966	3969966	0	
7.73101	1	3971200	3971200	0	
7.73332	1	3971410	3971410	0	
7.73332	1	3972660	3972660	0	
7.73554	1	3972854	3972854	0	
7.73554	1	3974120	3974120	0	
7.73776	1	3974298	3974298	0	
7.73776	1	3975580	3975580	0	
7.73998	1	3975742	3975742	0	
7.73998	1	3977040	3977040	0	
7.74219	1	3977186	3977186	0	
7.74219	1	3978500	3978500	0	
7.7445	1	3978630	3978630	0	
7.7445	1	3979960	3979960	0	
7.74671	1	3980074	3980074	0	
7.74671	1	3981420	3981420	0	
7.74893	1	3981518	3981518	0	
7.74893	1	3982880	3982880	0	
7.75115	1	3982962	3982962	0	
7.75115	1	3984340	3984340	0	
7.75336	1	3984406	3984406	0	
7.75336	1	3985800	3985800	0	
7.75447	1	3985850	3985850	0	
7.75447	1	3987260	3987260	0	
7.75658	1	3987294	3987294	0	
7.75658	1	3988720	3988720	0	
7.75869	1	3988738	3988738	0	
7.75869	1	3990180	3990180	0	
7.76087	1	3990182	3990182	0	
7.76298	1	3991634	3991634	0	
7.76298	1	3991640	3991640	0	
7.76508	1	3993079	3993079	0	
7.76508	1	3993100	3993100	0	
7.76719	1	3994524	3994524	0	
7.76719	1	3994560	3994560	0	
7.7693	1	3995969	3995969	0	
7.7693	1	3996020	3996020	0	
7.77149	1	3997414	3997414	0	
7.77149	1	3997480	3997480	0	
7.77359	1	3998858	3998858	0	
7.77359	1	3998940	3998940	0	
7.7757	1	4000302	4000302	0	
7.7757	1	4000400	4000400	0	
7.77781	1	4001746	4001746	0	
7.77781	1	4001860	4001860	0	
7.77992	1	4003190	4003190	0	
7.77992	1	4003320	4003320	0	
7.78202	1	4004634	4004634	0	
7.78202	1	4004780	4004780	0	
7.78413	1	4006078	4006078	0	
7.78413	1	4006240	4006240	0	
7.78624	1	4007522	4007522	0	
7.78624	1	4007700	4007700	0	
7.78842	1	4008966	4008966	0	
7.78842	1	4009160	4009160	0	
7.79053	1	4010410	4010410	0	
7.79053	1	4010620	4010620	0	
7.79264	1	4011854	4011854	0	
7.79264	1	4012080	4012080	0	
7.79474	1	4013298	4013298	0	
7.79474	1	4013540	4013540	0	
7.79686	1	4014742	4014742	0	
7.79686	1	4015000	4015000	0	
7.79896	1	4016186	4016186	0	
7.79896	1	4016460	4016460	0	
7.80115	1	4017630	4017630	0	
7.80115	1	4017920	4017920	0	
7.80326	1	4019074	4019074	0	
7.80326	1	4019380	4019380	0	
7.80536	1	4020518	4020518	0	
7.80536	1	4020840	4020840	0	
7.80747	1	4021962	4021962	0	
7.80747	1	4022300	4022300	0	
7.80958	1	4023406	4023406	0	
7.80958	1	4023760	4023760	0	
7.81176	1	4024850	4024850	0	
7.81176	1	4025220	4025220	0	
7.81387	1	4026294	4026294	0	
7.81387	1	4026680	4026680	0	
7.81598	1	4027738	4027738	0	
7.81598	1	4028140	4028140	0	
7.81809	1	4029182	4029182	0	
7.81809	1	4029600	4029600	0	
7.8202	1	4030626	4030626	0	
7.8202	1	4031060	4031060	0	
7.8223	1	4032070	4032070	0	
7.8223	1	4032520	4032520	0	
7.82441	1	4033514	4033514	0	
7.82441	1	4033980	4033980	0	
7.8266	1	4034958	4034958	0	
7.8266	1	4035440	4035440	0	
7.8287	1	4036402	4036402	0	
7.8287	1	4036900	4036900	0	
7.83081	1	4037846	4037846	0	
7.83081	1	4038360	4038360	0	
7.83292	1	4039290	4039290	0	
7.83292	1	4039820	4039820	0	
7.83502	1	4040734	4040734	0	
7.83502	1	4041280	4041280	0	
7.83713	1	4042178	4042178	0	
7.83713	1	4042740	4042740	0	
7.83932	1	4043622	4043622	0	
7.83932	1	4044200	4044200	0	
7.84143	1	4045066	4045066	0	
7.84143	1	4045660	4045660	0	
7.84354	1	4046510	4046510	0	
7.84354	1	4047120	4047120	0	
7.84564	1	4047954	4047954	0	
7.84564	1	4048580	4048580	0	
7.84775	1	4049398	4049398	0	
7.84775	1	4050040	4050040	0	
7.84985	1	4050842	4050842	0	
7.84985	1	4051500	4051500	0	
7.85196	1	4052286	4052286	0	
7.85196	1	4052960	4052960	0	
7.85415	1	4053730	4053730	0	
7.85415	1	4054420	4054420	0	
7.85633	1	4055174	4055174	0	
7.85633	1	4055880	4055880	0	
7.8585	1	4056618	4056618	0	
7.8585	1	4057340	4057340	0	
7.86068	1	4058062	4058062	0	
7.86068	1	4058800	4058800	0	
7.86285	1	4059506	4059506	0	
7.86285	1	4060260	4060260	0	
7.86502	1	4060950	4060950	0	
7.86502	1	4061720	4061720	0	
7.86728	1	4062394	4062394	0	
7.86728	1	4063180	4063180	0	
7.86945	1	4063838	4063838	0	
7.86945	1	4064640	4064640	0	
7.87162	1	4065282	4065282	0	
7.87162	1	4066100	4066100	0	
7.8738	1	4066726	4066726	0	
7.8738	1	4067560	4067560	0	
7.87597	1	4068170	4068170	0	
7.87597	1	4069020	4069020	0	
7.87815	1	4069614	4069614	0	
7.87815	1	4070480	4070480	0	
7.88032	1	4071058	4071058	0	
7.88032	1	4071940	4071940	0	
7.88258	1	4072502	4072502	0	
7.88258	1	4073400	4073400	0	
7.88475	1	4073946	4073946	0	
7.88475	1	4074860	4074860	0	
7.88693	1	4075390	4075390	0	
7.88693	1	4076320	4076320	0	
7.8891	1	4076834	4076834	0	
7.8891	1	4077780	4077780	0	
7.89127	1	4078278	4078278	0	
7.89127	1	4079240	4079240	0	
7.89353	1	4079722	4079722	0	
7.89353	1	4080700	4080700	0	
7.8957	1	4081166	4081166	0	
7.8957	1	4082160	4082160	0	
7.89788	1	4082610	4082610	0	
7.89788	1	4083620	4083620	0	
7.90006	1	4084054	4084054	0	
7.90006	1	4085080	4085080	0	
7.90223	1	4085498	4085498	0	
7.90223	1	4086540	4086540	0	
7.9044	1	4086942	4086942	0	
7.9044	1	4088000	4088000	0	
7.90666	1	4088386	4088386	0	
7.90666	1	4089460	4089460	0	
7.90883	1	4089830	4089830	0	
7.90883	1	4090920	4090920	0	
7.91101	1	4091274	4091274	0	
7.91101	1	4092380	4092380	0	
7.91318	1	4092718	4092718	0	
7.91318	1	4093840	4093840	0	
7.91535	1	4094162	4094162	0	
7.91535	1	4095300	4095300	0	
7.91753	1	4095606	4095606	0	
7.91753	1	4096760	4096760	0	
7.91971	1	4097050	4097050	0	
7.91971	1	4098220	4098220	0	
7.92196	1	4098494	4098494	0	
7.92196	1	4099680	4099680	0	
7.92414	1	4099938	4099938	0	
7.92414	1	4101140	4101140	0	
7.92631	1	4101382	4101382	0	
7.92631	1	4102600	4102600	0	
7.92848	1	4102826	4102826	0	
7.92848	1	4104060	4104060	0	
7.93066	1	4104270	4104270	0	
7.93066	1	4105520	4105520	0	
7.93283	1	4105714	4105714	0	
7.93283	1	4106980	4106980	0	
7.93509	1	4107158	4107158	0	
7.93509	1	4108440	4108440	0	
7.93726	1	4108602	4108602	0	
7.93726	1	4109900	4109900	0	
7.93944	1	4110046	4110046	0	
7.93944	1	4111360	4111360	0	
7.94161	1	4111490	4111490	0	
7.94161	1	4112820	4112820	0	
7.94379	1	4112934	4112934	0	
7.94379	1	4114280	4114280	0	
7.94596	1	4114378	4114378	0	
7.94596	1	4115740	4115740	0	
7.94813	1	4115822	4115822	0	
7.94813	1	4117200	4117200	0	
7.95039	1	4117266	4117266	0	
7.95039	1	4118660	4118660	0	
7.95256	1	4118710	4118710	0	
7.95256	1	4120120	4120120	0	
7.95296	1	4120154	4120154	0	
7.95296	1	4121580	4121580	0	
7.95537	1	4121598	4121598	0	
7.95537	1	4123040	4123040	0	
7.95777	1	4123042	4123042	0	
7.96018	1	4124494	4124494	0	
7.96018	1	4124500	4124500	0	
7.96268	1	4125939	4125939	0	
7.96268	1	4125960	4125960	0	
7.96509	1	4127384	4127384	0	
7.96509	1	4127420	4127420	0	
7.96749	1	4128829	4128829	0	
7.96749	1	4128880	4128880	0	
7.9699	1	4130274	4130274	0	
7.9699	1	4130340	4130340	0	
7.9723	1	4131718	4131718	0	
7.9723	1	4131800	4131800	0	
7.97471	1	4133162	4133162	0	
7.97471	1	4133260	4133260	0	
7.97711	1	4134606	4134606	0	
7.97711	1	4134720	4134720	0	
7.97961	1	4136050	4136050	0	
7.97961	1	4136180	4136180	0	
7.98202	1	4137494	4137494	0	
7.98202	1	4137640	4137640	0	
7.98443	1	4138938	4138938	0	
7.98443	1	4139100	4139100	0	
7.98683	1	4140382	4140382	0	
7.98683	1	4140560	4140560	0	
7.98924	1	4141826	4141826	0	
7.98924	1	4142020	4142020	0	
7.99174	1	4143270	4143270	0	
7.99174	1	4143480	4143480	0	
7.99414	1	4144714	4144714	0	
7.99414	1	4144940	4144940	0	
7.99655	1	4146158	4146158	0	
7.99655	1	4146400	4146400	0	
7.99895	1	4147602	4147602	0	
7.99895	1	4147860	4147860	0	
8.00136	1	4149046	4149046	0	
8.00136	1	4149320	4149320	0	
8.00376	1	4150490	4150490	0	
8.00376	1	4150780	4150780	0	
8.00627	1	4151934	4151934	0	
8.00627	1	4152240	4152240	0	
8.00867	1	4153378	4153378	0	
8.00867	1	4153700	4153700	0	
8.01108	1	4154822	4154822	0	
8.01108	1	4155160	4155160	0	
8.01348	1	4156266	4156266	0	
8.01348	1	4156620	4156620	0	
8.01589	1	4157710	4157710	0	
8.01589	1	4158080	4158080	0	
8.01829	1	4159154	4159154	0	
8.01829	1	4159540	4159540	0	
8.0207	1	4160598	4160598	0	
8.0207	1	4161000	4161000	0	
8.0232	1	4162042	4162042	0	
8.0232	1	4162460	4162460	0	
8.0256	1	4163486	4163486	0	
8.0256	1	4163920	4163920	0	
8.02802	1	4164930	4164930	0	
8.02802	1	4165380	4165380	0	
8.03042	1	4166374	4166374	0	
8.03042	1	4166840	4166840	0	
8.03283	1	4167818	4167818	0	
8.03283	1	4168300	4168300	0	
8.03523	1	4169262	4169262	0	
8.03523	1	4169760	4169760	0	
8.03773	1	4170706	4170706	0	
8.03773	1	4171220	4171220	0	
8.04013	1	4172150	4172150	0	
8.04013	1	4172680	4172680	0	
8.04254	1	4173594	4173594	0	
8.04254	1	4174140	4174140	0	
8.04494	1	4175038	4175038	0	
8.04494	1	4175600	4175600	0	
8.04735	1	4176482	4176482	0	
8.04735	1	4177060	4177060	0	
8.04976	1	4177926	4177926	0	
8.04976	1	4178520	4178520	0	
8.05311	1	4179370	4179370	0	
8.05311	1	4179980	4179980	0	
8.05568	1	4180814	4180814	0	
8.05568	1	4181440	4181440	0	
8.05809	1	4182258	4182258	0	
8.05809	1	4182900	4182900	0	
8.06051	1	4183702	4183702	0	
8.06051	1	4184360	4184360	0	
8.06292	1	4185146	4185146	0	
8.06292	1	4185820	4185820	0	
8.06534	1	4186590	4186590	0	
8.06534	1	4187280	4187280	0	
8.06775	1	4188034	4188034	0	
8.06775	1	4188740	4188740	0	
8.07026	1	4189478	4189478	0	
8.07026	1	4190200	4190200	0	
8.07268	1	4190922	4190922	0	
8.07268	1	4191660	4191660	0	
8.0751	1	4192366	4192366	0	
8.0751	1	4193120	4193120	0	
8.07751	1	4193810	4193810	0	
8.07751	1	4194580	4194580	0	
8.07993	1	4195254	4195254	0	
8.07993	1	4196040	4196040	0	
8.08244	1	4196698	4196698	0	
8.08244	1	4197500	4197500	0	
8.08485	1	4198142	4198142	0	
8.08485	1	4198960	4198960	0	
8.08727	1	4199586	4199586	0	
8.08727	1	4200420	4200420	0	
8.08968	1	4201030	4201030	0	
8.08968	1	4201880	4201880	0	
8.0921	1	4202474	4202474	0	
8.0921	1	4203340	4203340	0	
8.09451	1	4203918	4203918	0	
8.09451	1	4204800	4204800	0	
8.09693	1	4205362	4205362	0	
8.09693	1	4206260	4206260	0	
8.09945	1	4206806	4206806	0	
8.09945	1	4207720	4207720	0	
8.10186	1	4208250	4208250	0	
8.10186	1	4209180	4209180	0	
8.10428	1	4209694	4209694	0	
8.10428	1	4210640	4210640	0	
8.10669	1	4211138	4211138	0	
8.10669	1	4212100	4212100	0	
8.10911	1	4212582	4212582	0	
8.10911	1	4213560	4213560	0	
8.11152	1	4214026	4214026	0	
8.11152	1	4215020	4215020	0	
8.11394	1	4215470	4215470	0	
8.11394	1	4216480	4216480	0	
8.11645	1	4216914	4216914	0	
8.11645	1	4217940	4217940	0	
8.11886	1	4218358	4218358	0	
8.11886	1	4219400	4219400	0	
8.12128	1	4219802	4219802	0	
8.12128	1	4220860	4220860	0	
8.1237	1	4221246	4221246	0	
8.1237	1	4222320	4222320	0	
8.12611	1	4222690	4222690	0	
8.12611	1	4223780	4223780	0	
8.12853	1	4224134	4224134	0	
8.12853	1	4225240	4225240	0	
8.13094	1	4225578	4225578	0	
8.13094	1	4226700	4226700	0	
8.13345	1	4227022	4227022	0	
8.13345	1	4228160	4228160	0	
8.13587	1	4228466	4228466	0	
8.13587	1	4229620	4229620	0	
8.13828	1	4229910	4229910	0	
8.13828	1	4231080	4231080	0	
8.1407	1	4231354	4231354	0	
8.1407	1	4232540	4232540	0	
8.14311	1	4232798	4232798	0	
8.14311	1	4234000	4234000	0	
8.14554	1	4234242	4234242	0	
8.14554	1	4235460	4235460	0	
8.14805	1	4235686	4235686	0	
8.14805	1	4236920	4236920	0	
8.15046	1	4237130	4237130	0	
8.15046	1	4238380	4238380	0	
8.15482	1	4238574	4238574	0	
8.15482	1	4239840	4239840	0	
8.15729	1	4240018	4240018	0	
8.15729	1	4241300	4241300	0	
8.1597	1	4241462	4241462	0	
8.1597	1	4242760	4242760	0	
8.16211	1	4242906	4242906	0	
8.16211	1	4244220	4244220	0	
8.16452	1	4244350	4244350	0	
8.16452	1	4245680	4245680	0	
8.16702	1	4245794	4245794	0	
8.16702	1	4247140	4247140	0	
8.16944	1	4247238	4247238	0	
8.16944	1	4248600	4248600	0	
8.17185	1	4248682	4248682	0	
8.17185	1	4250060	4250060	0	
8.17426	1	4250126	4250126	0	
8.17426	1	4251520	4251520	0	
8.17667	1	4251570	4251570	0	
8.17667	1	4252980	4252980	0	
8.17908	1	4253014	4253014	0	
8.17908	1	4254440	4254440	0	
8.18158	1	4254458	4254458	0	
8.18158	1	4255900	4255900	0	
8.18399	1	4255902	4255902	0	
8.1864	1	4257354	4257354	0	
8.1864	1	4257360	4257360	0	
8.18881	1	4258799	4258799	0	
8.18881	1	4258820	4258820	0	
8.19122	1	4260244	4260244	0	
8.19122	1	4260280	4260280	0	
8.19373	1	4261689	4261689	0	
8.19373	1	4261740	4261740	0	
8.19614	1	4263134	4263134	0	
8.19614	1	4263200	4263200	0	
8.19855	1	4264578	4264578	0	
8.19855	1	4264660	4264660	0	
8.20096	1	4266022	4266022	0	
8.20096	1	4266120	4266120	0	
8.20337	1	4267466	4267466	0	
8.20337	1	4267580	4267580	0	
8.20578	1	4268910	4268910	0	
8.20578	1	4269040	4269040	0	
8.20819	1	4270354	4270354	0	
8.20819	1	4270500	4270500	0	
8.2107	1	4271798	4271798	0	
8.2107	1	4271960	4271960	0	
8.21311	1	4273242	4273242	0	
8.21311	1	4273420	4273420	0	
8.21552	1	4274686	4274686	0	
8.21552	1	4274880	4274880	0	
8.21793	1	4276130	4276130	0	
8.21793	1	4276340	4276340	0	
8.22035	1	4277574	4277574	0	
8.22035	1	4277800	4277800	0	
8.22276	1	4279018	4279018	0	
8.22276	1	4279260	4279260	0	
8.22526	1	4280462	4280462	0	
8.22526	1	4280720	4280720	0	
8.22767	1	4281906	4281906	0	
8.22767	1	4282180	4282180	0	
8.23008	1	4283350	4283350	0	
8.23008	1	4283640	4283640	0	
8.23249	1	4284794	4284794	0	
8.23249	1	4285100	4285100	0	
8.2349	1	4286238	4286238	0	
8.2349	1	4286560	4286560	0	
8.23731	1	4287682	4287682	0	
8.23731	1	4288020	4288020	0	
8.23973	1	4289126	4289126	0	
8.23973	1	4289480	4289480	0	
8.24223	1	4290570	4290570	0	
8.24223	1	4290940	4290940	0	
8.24464	1	4292014	4292014	0	
8.24464	1	4292400	4292400	0	
8.24705	1	4293458	4293458	0	
8.24705	1	4293860	4293860	0	
8.24946	1	4294902	4294902	0	
8.24946	1	4295320	4295320	0	
8.25187	1	4296346	4296346	0	
8.25187	1	4296780	4296780	0	
8.25428	1	4297790	4297790	0	
8.25428	1	4298240	4298240	0	
8.25656	1	4299234	4299234	0	
8.25656	1	4299700	4299700	0	
8.25875	1	4300678	4300678	0	
8.25875	1	4301160	4301160	0	
8.26095	1	4302122	4302122	0	
8.26095	1	4302620	4302620	0	
8.26314	1	4303566	4303566	0	
8.26314	1	4304080	4304080	0	
8.26534	1	4305010	4305010	0	
8.26534	1	4305540	4305540	0	
8.26753	1	4306454	4306454	0	
8.26753	1	4307000	4307000	0	
8.26972	1	4307898	4307898	0	
8.26972	1	4308460	4308460	0	
8.272	1	4309342	4309342	0	
8.272	1	4309920	4309920	0	
8.27419	1	4310786	4310786	0	
8.27419	1	4311380	4311380	0	
8.27638	1	4312230	4312230	0	
8.27638	1	4312840	4312840	0	
8.27857	1	4313674	4313674	0	
8.27857	1	4314300	4314300	0	
8.28077	1	4315118	4315118	0	
8.28077	1	4315760	4315760	0	
8.28305	1	4316562	4316562	0	
8.28305	1	4317220	4317220	0	
8.28524	1	4318006	4318006	0	
8.28524	1	4318680	4318680	0	
8.28743	1	4319450	4319450	0	
8.28743	1	4320140	4320140	0	
8.28962	1	4320894	4320894	0	
8.28962	1	4321600	4321600	0	
8.29182	1	4322338	4322338	0	
8.29182	1	4323060	4323060	0	
8.29401	1	4323782	4323782	0	
8.29401	1	4324520	4324520	0	
8.29629	1	4325226	4325226	0	
8.29629	1	4325980	4325980	0	
8.29848	1	4326670	4326670	0	
8.29848	1	4327440	4327440	0	
8.30067	1	4328114	4328114	0	
8.30067	1	4328900	4328900	0	
8.30287	1	4329558	4329558	0	
8.30287	1	4330360	4330360	0	
8.30506	1	4331002	4331002	0	
8.30506	1	4331820	4331820	0	
8.30725	1	4332446	4332446	0	
8.30725	1	4333280	4333280	0	
8.30944	1	4333890	4333890	0	
8.30944	1	4334740	4334740	0	
8.31172	1	4335334	4335334	0	
8.31172	1	4336200	4336200	0	
8.31391	1	4336778	4336778	0	
8.31391	1	4337660	4337660	0	
8.31611	1	4338222	4338222	0	
8.31611	1	4339120	4339120	0	
8.3183	1	4339666	4339666	0	
8.3183	1	4340580	4340580	0	
8.32049	1	4341110	4341110	0	
8.32049	1	4342040	4342040	0	
8.32268	1	4342554	4342554	0	
8.32268	1	4343500	4343500	0	
8.32497	1	4343998	4343998	0	
8.32497	1	4344960	4344960	0	
8.32716	1	4345442	4345442	0	
8.32716	1	4346420	4346420	0	
8.32935	1	4346886	4346886	0	
8.32935	1	4347880	4347880	0	
8.33154	1	4348330	4348330	0	
8.33154	1	4349340	4349340	0	
8.33373	1	4349774	4349774	0	
8.33373	1	4350800	4350800	0	
8.33593	1	4351218	4351218	0	
8.33593	1	4352260	4352260	0	
8.33812	1	4352662	4352662	0	
8.33812	1	4353720	4353720	0	
8.34039	1	4354106	4354106	0	
8.34039	1	4355180	4355180	0	
8.34259	1	4355550	4355550	0	
8.34259	1	4356640	4356640	0	
8.34479	1	4356994	4356994	0	
8.34479	1	4358100	4358100	0	
8.34698	1	4358438	4358438	0	
8.34698	1	4359560	4359560	0	
8.34917	1	4359882	4359882	0	
8.34917	1	4361020	4361020	0	
8.35136	1	4361326	4361326	0	
8.35136	1	4362480	4362480	0	
8.35364	1	4362770	4362770	0	
8.35364	1	4363940	4363940	0	
8.3549	1	4364214	4364214	0	
8.3549	1	4365400	4365400	0	
8.35715	1	4365658	4365658	0	
8.35715	1	4366860	4366860	0	
8.35941	1	4367102	4367102	0	
8.35941	1	4368320	4368320	0	
8.36167	1	4368546	4368546	0	
8.36167	1	4369780	4369780	0	
8.36393	1	4369990	4369990	0	
8.36393	1	4371240	4371240	0	
8.36619	1	4371434	4371434	0	
8.36619	1	4372700	4372700	0	
8.36854	1	4372878	4372878	0	
8.36854	1	4374160	4374160	0	
8.3708	1	4374322	4374322	0	
8.3708	1	4375620	4375620	0	
8.37305	1	4375766	4375766	0	
8.37305	1	4377080	4377080	0	
8.37531	1	4377210	4377210	0	
8.37531	1	4378540	4378540	0	
8.37757	1	4378654	4378654	0	
8.37757	1	4380000	4380000	0	
8.37991	1	4380098	4380098	0	
8.37991	1	4381460	4381460	0	
8.38217	1	4381542	4381542	0	
8.38217	1	4382920	4382920	0	
8.38443	1	4382986	4382986	0	
8.38443	1	4384380	4384380	0	
8.38669	1	4384430	4384430	0	
8.38669	1	4385840	4385840	0	
8.38895	1	4385874	4385874	0	
8.38895	1	4387300	4387300	0	
8.39121	1	4387318	4387318	0	
8.39121	1	4388760	4388760	0	
8.39355	1	4388762	4388762	0	
8.39581	1	4390214	4390214	0	
8.39581	1	4390220	4390220	0	
8.39806	1	4391659	4391659	0	
8.39806	1	4391680	4391680	0	
8.40032	1	4393104	4393104	0	
8.40032	1	4393140	4393140	0	
8.40258	1	4394549	4394549	0	
8.40258	1	4394600	4394600	0	
8.40484	1	4395994	4395994	0	
8.40484	1	4396060	4396060	0	
8.4071	1	4397438	4397438	0	
8.4071	1	4397520	4397520	0	
8.40945	1	4398882	4398882	0	
8.40945	1	4398980	4398980	0	
8.41171	1	4400326	4400326	0	
8.41171	1	4400440	4400440	0	
8.41396	1	4401770	4401770	0	
8.41396	1	4401900	4401900	0	
8.41622	1	4403214	4403214	0	
8.41622	1	4403360	4403360	0	
8.41848	1	4404658	4404658	0	
8.41848	1	4404820	4404820	0	
8.42074	1	4406102	4406102	0	
8.42074	1	4406280	4406280	0	
8.42308	1	4407546	4407546	0	
8.42308	1	4407740	4407740	0	
8.42534	1	4408990	4408990	0	
8.42534	1	4409200	4409200	0	
8.4276	1	4410434	4410434	0	
8.4276	1	4410660	4410660	0	
8.42986	1	4411878	4411878	0	
8.42986	1	4412120	4412120	0	
8.43212	1	4413322	4413322	0	
8.43212	1	4413580	4413580	0	
8.43438	1	4414766	4414766	0	
8.43438	1	4415040	4415040	0	
8.43664	1	4416210	4416210	0	
8.43664	1	4416500	4416500	0	
8.43898	1	4417654	4417654	0	
8.43898	1	4417960	4417960	0	
8.44124	1	4419098	4419098	0	
8.44124	1	4419420	4419420	0	
8.4435	1	4420542	4420542	0	
8.4435	1	4420880	4420880	0	
8.44575	1	4421986	4421986	0	
8.44575	1	4422340	4422340	0	
8.44801	1	4423430	4423430	0	
8.44801	1	4423800	4423800	0	
8.45027	1	4424874	4424874	0	
8.45027	1	4425260	4425260	0	
8.45456	1	4426318	4426318	0	
8.45456	1	4426720	4426720	0	
8.45682	1	4427762	4427762	0	
8.45682	1	4428180	4428180	0	
8.45902	1	4429206	4429206	0	
8.45902	1	4429640	4429640	0	
8.46122	1	4430650	4430650	0	
8.46122	1	4431100	4431100	0	
8.46342	1	4432094	4432094	0	
8.46342	1	4432560	4432560	0	
8.46562	1	4433538	4433538	0	
8.46562	1	4434020	4434020	0	
8.46783	1	4434982	4434982	0	
8.46783	1	4435480	4435480	0	
8.47011	1	4436426	4436426	0	
8.47011	1	4436940	4436940	0	
8.47231	1	4437870	4437870	0	
8.47231	1	4438400	4438400	0	
8.47452	1	4439314	4439314	0	
8.47452	1	4439860	4439860	0	
8.47672	1	4440758	4440758	0	
8.47672	1	4441320	4441320	0	
8.47892	1	4442202	4442202	0	
8.47892	1	4442780	4442780	0	
8.48121	1	4443646	4443646	0	
8.48121	1	4444240	4444240	0	
8.48341	1	4445090	4445090	0	
8.48341	1	4445700	4445700	0	
8.48561	1	4446534	4446534	0	
8.48561	1	4447160	4447160	0	
8.48781	1	4447978	4447978	0	
8.48781	1	4448620	4448620	0	
8.49001	1	4449422	4449422	0	
8.49001	1	4450080	4450080	0	
8.49221	1	4450866	4450866	0	
8.49221	1	4451540	4451540	0	
8.4945	1	4452310	4452310	0	
8.4945	1	4453000	4453000	0	
8.4967	1	4453754	4453754	0	
8.4967	1	4454460	4454460	0	
8.4989	1	4455198	4455198	0	
8.4989	1	4455920	4455920	0	
8.5011	1	4456642	4456642	0	
8.5011	1	4457380	4457380	0	
8.5033	1	4458086	4458086	0	
8.5033	1	4458840	4458840	0	
8.50551	1	4459530	4459530	0	
8.50551	1	4460300	4460300	0	
8.50771	1	4460974	4460974	0	
8.50771	1	4461760	4461760	0	
8.50999	1	4462418	4462418	0	
8.50999	1	4463220	4463220	0	
8.51219	1	4463862	4463862	0	
8.51219	1	4464680	4464680	0	
8.51439	1	4465306	4465306	0	
8.51439	1	4466140	4466140	0	
8.5166	1	4466750	4466750	0	
8.5166	1	4467600	4467600	0	
8.5188	1	4468194	4468194	0	
8.5188	1	4469060	4469060	0	
8.521	1	4469638	4469638	0	
8.521	1	4470520	4470520	0	
8.52329	1	4471082	4471082	0	
8.52329	1	4471980	4471980	0	
8.52549	1	4472526	4472526	0	
8.52549	1	4473440	4473440	0	
8.52769	1	4473970	4473970	0	
8.52769	1	4474900	4474900	0	
8.52989	1	4475414	4475414	0	
8.52989	1	4476360	4476360	0	
8.53209	1	4476858	4476858	0	
8.53209	1	4477820	4477820	0	
8.53429	1	4478302	4478302	0	
8.53429	1	4479280	4479280	0	
8.53649	1	4479746	4479746	0	
8.53649	1	4480740	4480740	0	
8.53878	1	4481190	4481190	0	
8.53878	1	4482200	4482200	0	
8.54099	1	4482634	4482634	0	
8.54099	1	4483660	4483660	0	
8.54319	1	4484078	4484078	0	
8.54319	1	4485120	4485120	0	
8.54539	1	4485522	4485522	0	
8.54539	1	4486580	4486580	0	
8.54759	1	4486966	4486966	0	
8.54759	1	4488040	4488040	0	
8.54979	1	4488410	4488410	0	
8.54979	1	4489500	4489500	0	
8.55207	1	4489854	4489854	0	
8.55207	1	4490960	4490960	0	
8.55427	1	4491298	4491298	0	
8.55427	1	4492420	4492420	0	
8.55647	1	4492742	4492742	0	
8.55647	1	4493880	4493880	0	
8.55866	1	4494186	4494186	0	
8.55866	1	4495340	4495340	0	
8.56085	1	4495630	4495630	0	
8.56085	1	4496800	4496800	0	
8.56313	1	4497074	4497074	0	
8.56313	1	4498260	4498260	0	
8.56532	1	4498518	4498518	0	
8.56532	1	4499720	4499720	0	
8.56751	1	4499962	4499962	0	
8.56751	1	4501180	4501180	0	
8.5697	1	4501406	4501406	0	
8.5697	1	4502640	4502640	0	
8.57189	1	4502850	4502850	0	
8.57189	1	4504100	4504100	0	
8.57409	1	4504294	4504294	0	
8.57409	1	4505560	4505560	0	
8.57628	1	4505738	4505738	0	
8.57628	1	4507020	4507020	0	
8.57856	1	4507182	4507182	0	
8.57856	1	4508480	4508480	0	
8.58075	1	4508626	4508626	0	
8.58075	1	4509940	4509940	0	
8.58294	1	4510070	4510070	0	
8.58294	1	4511400	4511400	0	
8.58513	1	4511514	4511514	0	
8.58513	1	4512860	4512860	0	
8.58732	1	4512958	4512958	0	
8.58732	1	4514320	4514320	0	
8.58952	1	4514402	4514402	0	
8.58952	1	4515780	4515780	0	
8.59179	1	4515846	4515846	0	
8.59179	1	4517240	4517240	0	
8.59398	1	4517290	4517290	0	
8.59398	1	4518700	4518700	0	
8.59617	1	4518734	4518734	0	
8.59617	1	4520160	4520160	0	
8.59836	1	4520178	4520178	0	
8.59836	1	4521620	4521620	0	
8.60056	1	4521622	4521622	0	
8.60275	1	4523074	4523074	0	
8.60275	1	4523080	4523080	0	
8.60494	1	4524519	4524519	0	
8.60494	1	4524540	4524540	0	
8.60722	1	4525964	4525964	0	
8.60722	1	4526000	4526000	0	
8.60941	1	4527409	4527409	0	
8.60941	1	4527460	4527460	0	
8.6116	1	4528854	4528854	0	
8.6116	1	4528920	4528920	0	
8.61379	1	4530298	4530298	0	
8.61379	1	4530380	4530380	0	
8.61598	1	4531742	4531742	0	
8.61598	1	4531840	4531840	0	
8.61817	1	4533186	4533186	0	
8.61817	1	4533300	4533300	0	
8.62036	1	4534630	4534630	0	
8.62036	1	4534760	4534760	0	
8.62265	1	4536074	4536074	0	
8.62265	1	4536220	4536220	0	
8.62484	1	4537518	4537518	0	
8.62484	1	4537680	4537680	0	
8.62703	1	4538962	4538962	0	
8.62703	1	4539140	4539140	0	
8.62922	1	4540406	4540406	0	
8.62922	1	4540600	4540600	0	
8.63141	1	4541850	4541850	0	
8.63141	1	4542060	4542060	0	
8.6336	1	4543294	4543294	0	
8.6336	1	4543520	4543520	0	
8.63579	1	4544738	4544738	0	
8.63579	1	4544980	4544980	0	
8.63807	1	4546182	4546182	0	
8.63807	1	4546440	4546440	0	
8.64026	1	4547626	4547626	0	
8.64026	1	4547900	4547900	0	
8.64246	1	4549070	4549070	0	
8.64246	1	4549360	4549360	0	
8.64465	1	4550514	4550514	0	
8.64465	1	4550820	4550820	0	
8.64684	1	4551958	4551958	0	
8.64684	1	4552280	4552280	0	
8.64903	1	4553402	4553402	0	
8.64903	1	4553740	4553740	0	
8.65131	1	4554846	4554846	0	
8.65131	1	4555200	4555200	0	
8.6535	1	4556290	4556290	0	
8.6535	1	4556660	4556660	0	
8.65384	1	4557734	4559178	0	
8.65384	1	4557734	4559580	402	
8.65569	1	4557734	4557734	1444	
8.65569	1	4558120	4558120	1444	
8.65599	1	4560622	4560622	0	
8.65599	1	4561040	4561040	0	
8.65823	1	4562066	4562066	0	
8.65823	1	4562500	4562500	0	
8.66038	1	4563510	4563510	0	
8.66038	1	4563960	4563960	0	
8.66254	1	4564954	4564954	0	
8.66254	1	4565420	4565420	0	
8.66469	1	4566398	4566398	0	
8.66469	1	4566880	4566880	0	
8.66684	1	4567842	4567842	0	
8.66684	1	4568340	4568340	0	
8.66899	1	4569286	4569286	0	
8.66899	1	4569800	4569800	0	
8.67114	1	4570730	4570730	0	
8.67114	1	4571260	4571260	0	
8.67337	1	4572174	4572174	0	
8.67337	1	4572720	4572720	0	
8.67552	1	4573618	4573618	0	
8.67552	1	4574180	4574180	0	
8.67768	1	4575062	4575062	0	
8.67768	1	4575640	4575640	0	
8.67983	1	4576506	4576506	0	
8.67983	1	4577100	4577100	0	
8.68198	1	4577950	4577950	0	
8.68198	1	4578560	4578560	0	
8.68414	1	4579394	4579394	0	
8.68414	1	4580020	4580020	0	
8.68637	1	4580838	4580838	0	
8.68637	1	4581480	4581480	0	
8.68852	1	4582282	4582282	0	
8.68852	1	4582940	4582940	0	
8.69067	1	4583726	4583726	0	
8.69067	1	4584400	4584400	0	
8.69282	1	4585170	4585170	0	
8.69282	1	4585860	4585860	0	
8.69497	1	4586614	4586614	0	
8.69497	1	4587320	4587320	0	
8.69713	1	4588058	4588058	0	
8.69713	1	4588780	4588780	0	
8.69928	1	4589502	4589502	0	
8.69928	1	4590240	4590240	0	
8.70152	1	4590946	4590946	0	
8.70152	1	4591700	4591700	0	
8.70367	1	4592390	4592390	0	
8.70367	1	4593160	4593160	0	
8.70582	1	4593834	4593834	0	
8.70582	1	4594620	4594620	0	
8.70797	1	4595278	4595278	0	
8.70797	1	4596080	4596080	0	
8.71012	1	4596722	4596722	0	
8.71012	1	4597540	4597540	0	
8.71227	1	4598166	4598166	0	
8.71227	1	4599000	4599000	0	
8.71451	1	4599610	4599610	0	
8.71451	1	4600460	4600460	0	
8.71666	1	4601054	4601054	0	
8.71666	1	4601920	4601920	0	
8.71881	1	4602498	4602498	0	
8.71881	1	4603380	4603380	0	
8.72097	1	4603942	4603942	0	
8.72097	1	4604840	4604840	0	
8.72312	1	4605386	4605386	0	
8.72312	1	4606300	4606300	0	
8.72527	1	4606830	4606830	0	
8.72527	1	4607760	4607760	0	
8.72742	1	4608274	4608274	0	
8.72742	1	4609220	4609220	0	
8.72965	1	4609718	4609718	0	
8.72965	1	4610680	4610680	0	
8.73181	1	4611162	4611162	0	
8.73181	1	4612140	4612140	0	
8.73396	1	4612606	4612606	0	
8.73396	1	4613600	4613600	0	
8.73611	1	4614050	4614050	0	
8.73611	1	4615060	4615060	0	
8.73826	1	4615494	4615494	0	
8.73826	1	4616520	4616520	0	
8.7405	1	4616938	4616938	0	
8.7405	1	4617980	4617980	0	
8.74265	1	4618382	4618382	0	
8.74265	1	4619440	4619440	0	
8.7448	1	4619826	4619826	0	
8.7448	1	4620900	4620900	0	
8.74695	1	4621270	4621270	0	
8.74695	1	4622360	4622360	0	
8.7491	1	4622714	4622714	0	
8.7491	1	4623820	4623820	0	
8.75219	1	4624158	4624158	0	
8.75219	1	4625280	4625280	0	
8.75459	1	4625602	4625602	0	
8.75459	1	4626740	4626740	0	
8.75684	1	4627046	4627046	0	
8.75684	1	4628200	4628200	0	
8.75909	1	4628490	4628490	0	
8.75909	1	4629660	4629660	0	
8.76134	1	4629934	4629934	0	
8.76134	1	4631120	4631120	0	
8.76359	1	4631378	4631378	0	
8.76359	1	4632580	4632580	0	
8.76584	1	4632822	4632822	0	
8.76584	1	4634040	4634040	0	
8.76809	1	4634266	4634266	0	
8.76809	1	4635500	4635500	0	
8.77043	1	4635710	4635710	0	
8.77043	1	4636960	4636960	0	
8.77268	1	4637154	4637154	0	
8.77268	1	4638420	4638420	0	
8.77493	1	4638598	4638598	0	
8.77493	1	4639880	4639880	0	
8.77718	1	4640042	4640042	0	
8.77718	1	4641340	4641340	0	
8.77943	1	4641486	4641486	0	
8.77943	1	4642800	4642800	0	
8.78168	1	4642930	4642930	0	
8.78168	1	4644260	4644260	0	
8.78402	1	4644374	4644374	0	
8.78402	1	4645720	4645720	0	
8.78627	1	4645818	4645818	0	
8.78627	1	4647180	4647180	0	
8.78852	1	4647262	4647262	0	
8.78852	1	4648640	4648640	0	
8.79077	1	4648706	4648706	0	
8.79077	1	4650100	4650100	0	
8.79301	1	4650150	4650150	0	
8.79301	1	4651560	4651560	0	
8.79526	1	4651594	4651594	0	
8.79526	1	4653020	4653020	0	
8.79751	1	4653038	4653038	0	
8.79751	1	4654480	4654480	0	
8.79976	1	4654482	4654482	0	
8.80209	1	4655934	4655934	0	
8.80209	1	4655940	4655940	0	
8.80434	1	4657379	4657379	0	
8.80434	1	4657400	4657400	0	
8.8066	1	4658824	4658824	0	
8.8066	1	4658860	4658860	0	
8.80885	1	4660269	4660269	0	
8.80885	1	4660320	4660320	0	
8.8111	1	4661714	4661714	0	
8.8111	1	4661780	4661780	0	
8.81343	1	4663158	4663158	0	
8.81343	1	4663240	4663240	0	
8.81568	1	4664602	4664602	0	
8.81568	1	4664700	4664700	0	
8.81793	1	4666046	4666046	0	
8.81793	1	4666160	4666160	0	
8.82018	1	4667490	4667490	0	
8.82018	1	4667620	4667620	0	
8.82243	1	4668934	4668934	0	
8.82243	1	4669080	4669080	0	
8.82477	1	4670378	4670378	0	
8.82477	1	4670540	4670540	0	
8.82702	1	4671822	4671822	0	
8.82702	1	4672000	4672000	0	
8.82927	1	4673266	4673266	0	
8.82927	1	4673460	4673460	0	
8.83152	1	4674710	4674710	0	
8.83152	1	4674920	4674920	0	
8.83377	1	4676154	4676154	0	
8.83377	1	4676380	4676380	0	
8.83602	1	4677598	4677598	0	
8.83602	1	4677840	4677840	0	
8.83827	1	4679042	4679042	0	
8.83827	1	4679300	4679300	0	
8.84052	1	4680486	4680486	0	
8.84052	1	4680760	4680760	0	
8.84285	1	4681930	4681930	0	
8.84285	1	4682220	4682220	0	
8.8451	1	4683374	4683374	0	
8.8451	1	4683680	4683680	0	
8.84735	1	4684818	4684818	0	
8.84735	1	4685140	4685140	0	
8.84961	1	4686262	4686262	0	
8.84961	1	4686600	4686600	0	
8.85186	1	4687706	4687706	0	
8.85186	1	4688060	4688060	0	
8.85404	1	4689150	4689150	0	
8.85404	1	4689520	4689520	0	
8.85613	1	4690594	4690594	0	
8.85613	1	4690980	4690980	0	
8.85823	1	4692038	4692038	0	
8.85823	1	4692440	4692440	0	
8.86033	1	4693482	4693482	0	
8.86033	1	4693900	4693900	0	
8.86243	1	4694926	4694926	0	
8.86243	1	4695360	4695360	0	
8.86452	1	4696370	4696370	0	
8.86452	1	4696820	4696820	0	
8.86662	1	4697814	4697814	0	
8.86662	1	4698280	4698280	0	
8.86872	1	4699258	4699258	0	
8.86872	1	4699740	4699740	0	
8.8709	1	4700702	4700702	0	
8.8709	1	4701200	4701200	0	
8.873	1	4702146	4702146	0	
8.873	1	4702660	4702660	0	
8.8751	1	4703590	4703590	0	
8.8751	1	4704120	4704120	0	
8.87719	1	4705034	4705034	0	
8.87719	1	4705580	4705580	0	
8.87929	1	4706478	4706478	0	
8.87929	1	4707040	4707040	0	
8.88147	1	4707922	4707922	0	
8.88147	1	4708500	4708500	0	
8.88357	1	4709366	4709366	0	
8.88357	1	4709960	4709960	0	
8.88566	1	4710810	4710810	0	
8.88566	1	4711420	4711420	0	
8.88776	1	4712254	4712254	0	
8.88776	1	4712880	4712880	0	
8.88987	1	4713698	4713698	0	
8.88987	1	4714340	4714340	0	
8.89196	1	4715142	4715142	0	
8.89196	1	4715800	4715800	0	
8.89406	1	4716586	4716586	0	
8.89406	1	4717260	4717260	0	
8.89616	1	4718030	4718030	0	
8.89616	1	4718720	4718720	0	
8.89834	1	4719474	4719474	0	
8.89834	1	4720180	4720180	0	
8.90043	1	4720918	4720918	0	
8.90043	1	4721640	4721640	0	
8.90253	1	4722362	4722362	0	
8.90253	1	4723100	4723100	0	
8.90463	1	4723806	4723806	0	
8.90463	1	4724560	4724560	0	
8.90673	1	4725250	4725250	0	
8.90673	1	4726020	4726020	0	
8.90891	1	4726694	4726694	0	
8.90891	1	4727480	4727480	0	
8.91101	1	4728138	4728138	0	
8.91101	1	4728940	4728940	0	
8.91311	1	4729582	4729582	0	
8.91311	1	4730400	4730400	0	
8.9152	1	4731026	4731026	0	
8.9152	1	4731860	4731860	0	
8.9173	1	4732470	4732470	0	
8.9173	1	4733320	4733320	0	
8.91948	1	4733914	4733914	0	
8.91948	1	4734780	4734780	0	
8.92158	1	4735358	4735358	0	
8.92158	1	4736240	4736240	0	
8.92367	1	4736802	4736802	0	
8.92367	1	4737700	4737700	0	
8.92577	1	4738246	4738246	0	
8.92577	1	4739160	4739160	0	
8.92787	1	4739690	4739690	0	
8.92787	1	4740620	4740620	0	
8.92997	1	4741134	4741134	0	
8.92997	1	4742080	4742080	0	
8.93207	1	4742578	4742578	0	
8.93207	1	4743540	4743540	0	
8.93417	1	4744022	4744022	0	
8.93417	1	4745000	4745000	0	
8.93634	1	4745466	4745466	0	
8.93634	1	4746460	4746460	0	
8.93844	1	4746910	4746910	0	
8.93844	1	4747920	4747920	0	
8.94054	1	4748354	4748354	0	
8.94054	1	4749380	4749380	0	
8.94264	1	4749798	4749798	0	
8.94264	1	4750840	4750840	0	
8.94473	1	4751242	4751242	0	
8.94473	1	4752300	4752300	0	
8.94691	1	4752686	4752686	0	
8.94691	1	4753760	4753760	0	
8.94902	1	4754130	4754130	0	
8.94902	1	4755220	4755220	0	
8.95111	1	4755574	4755574	0	
8.95111	1	4756680	4756680	0	
8.95433	1	4757018	4757018	0	
8.95433	1	4758140	4758140	0	
8.95655	1	4758462	4758462	0	
8.95655	1	4759600	4759600	0	
8.95877	1	4759906	4759906	0	
8.95877	1	4761060	4761060	0	
8.96099	1	4761350	4761350	0	
8.96099	1	4762520	4762520	0	
8.9632	1	4762794	4762794	0	
8.9632	1	4763980	4763980	0	
8.96551	1	4764238	4764238	0	
8.96551	1	4765440	4765440	0	
8.96773	1	4765682	4765682	0	
8.96773	1	4766900	4766900	0	
8.96995	1	4767126	4767126	0	
8.96995	1	4768360	4768360	0	
8.97217	1	4768570	4768570	0	
8.97217	1	4769820	4769820	0	
8.97439	1	4770014	4770014	0	
8.97439	1	4771280	4771280	0	
8.9767	1	4771458	4771458	0	
8.9767	1	4772740	4772740	0	
8.97892	1	4772902	4772902	0	
8.97892	1	4774200	4774200	0	
8.98114	1	4774346	4774346	0	
8.98114	1	4775660	4775660	0	
8.98336	1	4775790	4775790	0	
8.98336	1	4777120	4777120	0	
8.98557	1	4777234	4777234	0	
8.98557	1	4778580	4778580	0	
8.98779	1	4778678	4778678	0	
8.98779	1	4780040	4780040	0	
8.99001	1	4780122	4780122	0	
8.99001	1	4781500	4781500	0	
8.99223	1	4781566	4781566	0	
8.99223	1	4782960	4782960	0	
8.99454	1	4783010	4783010	0	
8.99454	1	4784420	4784420	0	
8.99676	1	4784454	4784454	0	
8.99676	1	4785880	4785880	0	
8.99898	1	4785898	4785898	0	
8.99898	1	4787340	4787340	0	
9.0012	1	4787342	4787342	0	
9.00341	1	4788794	4788794	0	
9.00341	1	4788800	4788800	0	
9.00572	1	4790239	4790239	0	
9.00572	1	4790260	4790260	0	
9.00794	1	4791684	4791684	0	
9.00794	1	4791720	4791720	0	
9.01016	1	4793129	4793129	0	
9.01016	1	4793180	4793180	0	
9.01238	1	4794574	4794574	0	
9.01238	1	4794640	4794640	0	
9.0146	1	4796018	4796018	0	
9.0146	1	4796100	4796100	0	
9.01691	1	4797462	4797462	0	
9.01691	1	4797560	4797560	0	
9.01913	1	4798906	4798906	0	
9.01913	1	4799020	4799020	0	
9.02135	1	4800350	4800350	0	
9.02135	1	4800480	4800480	0	
9.02357	1	4801794	4801794	0	
9.02357	1	4801940	4801940	0	
9.02578	1	4803238	4803238	0	
9.02578	1	4803400	4803400	0	
9.028	1	4804682	4804682	0	
9.028	1	4804860	4804860	0	
9.03022	1	4806126	4806126	0	
9.03022	1	4806320	4806320	0	
9.03244	1	4807570	4807570	0	
9.03244	1	4807780	4807780	0	
9.03475	1	4809014	4809014	0	
9.03475	1	4809240	4809240	0	
9.03697	1	4810458	4810458	0	
9.03697	1	4810700	4810700	0	
9.03919	1	4811902	4811902	0	
9.03919	1	4812160	4812160	0	
9.04141	1	4813346	4813346	0	
9.04141	1	4813620	4813620	0	
9.04363	1	4814790	4814790	0	
9.04363	1	4815080	4815080	0	
9.04594	1	4816234	4816234	0	
9.04594	1	4816540	4816540	0	
9.04815	1	4817678	4817678	0	
9.04815	1	4818000	4818000	0	
9.05037	1	4819122	4819122	0	
9.05037	1	4819460	4819460	0	
9.05259	1	4820566	4820566	0	
9.05259	1	4820920	4820920	0	
9.05368	1	4822010	4822010	0	
9.05368	1	4822380	4822380	0	
9.05576	1	4823454	4823454	0	
9.05576	1	4823840	4823840	0	
9.05785	1	4824898	4824898	0	
9.05785	1	4825300	4825300	0	
9.05993	1	4826342	4826342	0	
9.05993	1	4826760	4826760	0	
9.06209	1	4827786	4827786	0	
9.06209	1	4828220	4828220	0	
9.06418	1	4829230	4829230	0	
9.06418	1	4829680	4829680	0	
9.06626	1	4830674	4830674	0	
9.06626	1	4831140	4831140	0	
9.06834	1	4832118	4832118	0	
9.06834	1	4832600	4832600	0	
9.07042	1	4833562	4833562	0	
9.07042	1	4834060	4834060	0	
9.07259	1	4835006	4835006	0	
9.07259	1	4835520	4835520	0	
9.07468	1	4836450	4836450	0	
9.07468	1	4836980	4836980	0	
9.07676	1	4837894	4837894	0	
9.07676	1	4838440	4838440	0	
9.07884	1	4839338	4839338	0	
9.07884	1	4839900	4839900	0	
9.08092	1	4840782	4840782	0	
9.08092	1	4841360	4841360	0	
9.08309	1	4842226	4842226	0	
9.08309	1	4842820	4842820	0	
9.08517	1	4843670	4843670	0	
9.08517	1	4844280	4844280	0	
9.08725	1	4845114	4845114	0	
9.08725	1	4845740	4845740	0	
9.08933	1	4846558	4846558	0	
9.08933	1	4847200	4847200	0	
9.09142	1	4848002	4848002	0	
9.09142	1	4848660	4848660	0	
9.0935	1	4849446	4849446	0	
9.0935	1	4850120	4850120	0	
9.09559	1	4850890	4850890	0	
9.09559	1	4851580	4851580	0	
9.09767	1	4852334	4852334	0	
9.09767	1	4853040	4853040	0	
9.09983	1	4853778	4853778	0	
9.09983	1	4854500	4854500	0	
9.10192	1	4855222	4855222	0	
9.10192	1	4855960	4855960	0	
9.104	1	4856666	4856666	0	
9.104	1	4857420	4857420	0	
9.10608	1	4858110	4858110	0	
9.10608	1	4858880	4858880	0	
9.10816	1	4859554	4859554	0	
9.10816	1	4860340	4860340	0	
9.11025	1	4860998	4860998	0	
9.11025	1	4861800	4861800	0	
9.11241	1	4862442	4862442	0	
9.11241	1	4863260	4863260	0	
9.1145	1	4863886	4863886	0	
9.1145	1	4864720	4864720	0	
9.11658	1	4865330	4865330	0	
9.11658	1	4866180	4866180	0	
9.11866	1	4866774	4866774	0	
9.11866	1	4867640	4867640	0	
9.12075	1	4868218	4868218	0	
9.12075	1	4869100	4869100	0	
9.12283	1	4869662	4869662	0	
9.12283	1	4870560	4870560	0	
9.12491	1	4871106	4871106	0	
9.12491	1	4872020	4872020	0	
9.12699	1	4872550	4872550	0	
9.12699	1	4873480	4873480	0	
9.12916	1	4873994	4873994	0	
9.12916	1	4874940	4874940	0	
9.13124	1	4875438	4875438	0	
9.13124	1	4876400	4876400	0	
9.13332	1	4876882	4876882	0	
9.13332	1	4877860	4877860	0	
9.13541	1	4878326	4878326	0	
9.13541	1	4879320	4879320	0	
9.13749	1	4879770	4879770	0	
9.13749	1	4880780	4880780	0	
9.13966	1	4881214	4881214	0	
9.13966	1	4882240	4882240	0	
9.14174	1	4882658	4882658	0	
9.14174	1	4883700	4883700	0	
9.14382	1	4884102	4884102	0	
9.14382	1	4885160	4885160	0	
9.1459	1	4885546	4885546	0	
9.1459	1	4886620	4886620	0	
9.14799	1	4886990	4886990	0	
9.14799	1	4888080	4888080	0	
9.15007	1	4888434	4888434	0	
9.15007	1	4889540	4889540	0	
9.15309	1	4889878	4889878	0	
9.15309	1	4891000	4891000	0	
9.15552	1	4891322	4891322	0	
9.15552	1	4892460	4892460	0	
9.15799	1	4892766	4892766	0	
9.15799	1	4893920	4893920	0	
9.16036	1	4894210	4894210	0	
9.16036	1	4895380	4895380	0	
9.16273	1	4895654	4895654	0	
9.16273	1	4896840	4896840	0	
9.1651	1	4897098	4897098	0	
9.1651	1	4898300	4898300	0	
9.16747	1	4898542	4898542	0	
9.16747	1	4899760	4899760	0	
9.16993	1	4899986	4899986	0	
9.16993	1	4901220	4901220	0	
9.1723	1	4901430	4901430	0	
9.1723	1	4902680	4902680	0	
9.17467	1	4902874	4902874	0	
9.17467	1	4904140	4904140	0	
9.17704	1	4904318	4904318	0	
9.17704	1	4905600	4905600	0	
9.17942	1	4905762	4905762	0	
9.17942	1	4907060	4907060	0	
9.18188	1	4907206	4907206	0	
9.18188	1	4908520	4908520	0	
9.18425	1	4908650	4908650	0	
9.18425	1	4909980	4909980	0	
9.18662	1	4910094	4910094	0	
9.18662	1	4911440	4911440	0	
9.18899	1	4911538	4911538	0	
9.18899	1	4912900	4912900	0	
9.19136	1	4912982	4912982	0	
9.19136	1	4914360	4914360	0	
9.19373	1	4914426	4914426	0	
9.19373	1	4915820	4915820	0	
9.1961	1	4915870	4915870	0	
9.1961	1	4917280	4917280	0	
9.19847	1	4917314	4917314	0	
9.19847	1	4918740	4918740	0	
9.20093	1	4918758	4918758	0	
9.20093	1	4920200	4920200	0	
9.2033	1	4920202	4920202	0	
9.20567	1	4921654	4921654	0	
9.20567	1	4921660	4921660	0	
9.20804	1	4923099	4923099	0	
9.20804	1	4923120	4923120	0	
9.21041	1	4924544	4924544	0	
9.21041	1	4924580	4924580	0	
9.21287	1	4925989	4925989	0	
9.21287	1	4926040	4926040	0	
9.21524	1	4927434	4927434	0	
9.21524	1	4927500	4927500	0	
9.21761	1	4928878	4928878	0	
9.21761	1	4928960	4928960	0	
9.21998	1	4930322	4930322	0	
9.21998	1	4930420	4930420	0	
9.22235	1	4931766	4931766	0	
9.22235	1	4931880	4931880	0	
9.22473	1	4933210	4933210	0	
9.22473	1	4933340	4933340	0	
9.2271	1	4934654	4934654	0	
9.2271	1	4934800	4934800	0	
9.22947	1	4936098	4936098	0	
9.22947	1	4936260	4936260	0	
9.23193	1	4937542	4937542	0	
9.23193	1	4937720	4937720	0	
9.2343	1	4938986	4938986	0	
9.2343	1	4939180	4939180	0	
9.23667	1	4940430	4940430	0	
9.23667	1	4940640	4940640	0	
9.23904	1	4941874	4941874	0	
9.23904	1	4942100	4942100	0	
9.24141	1	4943318	4943318	0	
9.24141	1	4943560	4943560	0	
9.24387	1	4944762	4944762	0	
9.24387	1	4945020	4945020	0	
9.24625	1	4946206	4946206	0	
9.24625	1	4946480	4946480	0	
9.24862	1	4947650	4947650	0	
9.24862	1	4947940	4947940	0	
9.25099	1	4949094	4949094	0	
9.25099	1	4949400	4949400	0	
9.25336	1	4950538	4950538	0	
9.25336	1	4950860	4950860	0	
9.25572	1	4951982	4951982	0	
9.25572	1	4952320	4952320	0	
9.25809	1	4953426	4953426	0	
9.25809	1	4953780	4953780	0	
9.26046	1	4954870	4954870	0	
9.26046	1	4955240	4955240	0	
9.26291	1	4956314	4956314	0	
9.26291	1	4956700	4956700	0	
9.26528	1	4957758	4957758	0	
9.26528	1	4958160	4958160	0	
9.26765	1	4959202	4959202	0	
9.26765	1	4959620	4959620	0	
9.27002	1	4960646	4960646	0	
9.27002	1	4961080	4961080	0	
9.27238	1	4962090	4962090	0	
9.27238	1	4962540	4962540	0	
9.27484	1	4963534	4963534	0	
9.27484	1	4964000	4964000	0	
9.27721	1	4964978	4964978	0	
9.27721	1	4965460	4965460	0	
9.27957	1	4966422	4966422	0	
9.27957	1	4966920	4966920	0	
9.28194	1	4967866	4967866	0	
9.28194	1	4968380	4968380	0	
9.2843	1	4969310	4969310	0	
9.2843	1	4969840	4969840	0	
9.28676	1	4970754	4970754	0	
9.28676	1	4971300	4971300	0	
9.28913	1	4972198	4972198	0	
9.28913	1	4972760	4972760	0	
9.2915	1	4973642	4973642	0	
9.2915	1	4974220	4974220	0	
9.29387	1	4975086	4975086	0	
9.29387	1	4975680	4975680	0	
9.29623	1	4976530	4976530	0	
9.29623	1	4977140	4977140	0	
9.2986	1	4977974	4977974	0	
9.2986	1	4978600	4978600	0	
9.30096	1	4979418	4979418	0	
9.30096	1	4980060	4980060	0	
9.30333	1	4980862	4980862	0	
9.30333	1	4981520	4981520	0	
9.30579	1	4982306	4982306	0	
9.30579	1	4982980	4982980	0	
9.30815	1	4983750	4983750	0	
9.30815	1	4984440	4984440	0	
9.31052	1	4985194	4985194	0	
9.31052	1	4985900	4985900	0	
9.31289	1	4986638	4986638	0	
9.31289	1	4987360	4987360	0	
9.31526	1	4988082	4988082	0	
9.31526	1	4988820	4988820	0	
9.31772	1	4989526	4989526	0	
9.31772	1	4990280	4990280	0	
9.32008	1	4990970	4990970	0	
9.32008	1	4991740	4991740	0	
9.32245	1	4992414	4992414	0	
9.32245	1	4993200	4993200	0	
9.32481	1	4993858	4993858	0	
9.32481	1	4994660	4994660	0	
9.32718	1	4995302	4995302	0	
9.32718	1	4996120	4996120	0	
9.32954	1	4996746	4996746	0	
9.32954	1	4997580	4997580	0	
9.33191	1	4998190	4998190	0	
9.33191	1	4999040	4999040	0	
9.33428	1	4999634	4999634	0	
9.33428	1	5000500	5000500	0	
9.33674	1	5001078	5001078	0	
9.33674	1	5001960	5001960	0	
9.33911	1	5002522	5002522	0	
9.33911	1	5003420	5003420	0	
9.34147	1	5003966	5003966	0	
9.34147	1	5004880	5004880	0	
9.34384	1	5005410	5005410	0	
9.34384	1	5006340	5006340	0	
9.3462	1	5006854	5006854	0	
9.3462	1	5007800	5007800	0	
9.34866	1	5008298	5008298	0	
9.34866	1	5009260	5009260	0	
9.35103	1	5009742	5009742	0	
9.35103	1	5010720	5010720	0	
9.35434	1	5011186	5011186	0	
9.35434	1	5012180	5012180	0	
9.35674	1	5012630	5012630	0	
9.35674	1	5013640	5013640	0	
9.35908	1	5014074	5014074	0	
9.35908	1	5015100	5015100	0	
9.36143	1	5015518	5015518	0	
9.36143	1	5016560	5016560	0	
9.36377	1	5016962	5016962	0	
9.36377	1	5018020	5018020	0	
9.36611	1	5018406	5018406	0	
9.36611	1	5019480	5019480	0	
9.36855	1	5019850	5019850	0	
9.36855	1	5020940	5020940	0	
9.37089	1	5021294	5021294	0	
9.37089	1	5022400	5022400	0	
9.37323	1	5022738	5022738	0	
9.37323	1	5023860	5023860	0	
9.37558	1	5024182	5024182	0	
9.37558	1	5025320	5025320	0	
9.37792	1	5025626	5025626	0	
9.37792	1	5026780	5026780	0	
9.38035	1	5027070	5027070	0	
9.38035	1	5028240	5028240	0	
9.3827	1	5028514	5028514	0	
9.3827	1	5029700	5029700	0	
9.38504	1	5029958	5029958	0	
9.38504	1	5031160	5031160	0	
9.38739	1	5031402	5031402	0	
9.38739	1	5032620	5032620	0	
9.38973	1	5032846	5032846	0	
9.38973	1	5034080	5034080	0	
9.39216	1	5034290	5034290	0	
9.39216	1	5035540	5035540	0	
9.39451	1	5035734	5035734	0	
9.39451	1	5037000	5037000	0	
9.39685	1	5037178	5037178	0	
9.39685	1	5038460	5038460	0	
9.39919	1	5038622	5038622	0	
9.39919	1	5039920	5039920	0	
9.40153	1	5040066	5040066	0	
9.40153	1	5041380	5041380	0	
9.40388	1	5041510	5041510	0	
9.40388	1	5042840	5042840	0	
9.40623	1	5042954	5042954	0	
9.40623	1	5044300	5044300	0	
9.40857	1	5044398	5044398	0	
9.40857	1	5045760	5045760	0	
9.411	1	5045842	5045842	0	
9.411	1	5047220	5047220	0	
9.41335	1	5047286	5047286	0	
9.41335	1	5048680	5048680	0	
9.41569	1	5048730	5048730	0	
9.41569	1	5050140	5050140	0	
9.41803	1	5050174	5050174	0	
9.41803	1	5051600	5051600	0	
9.42037	1	5051618	5051618	0	
9.42037	1	5053060	5053060	0	
9.4228	1	5053062	5053062	0	
9.42514	1	5054514	5054514	0	
9.42514	1	5054520	5054520	0	
9.42749	1	5055959	5055959	0	
9.42749	1	5055980	5055980	0	
9.42984	1	5057404	5057404	0	
9.42984	1	5057440	5057440	0	
9.43218	1	5058849	5058849	0	
9.43218	1	5058900	5058900	0	
9.43452	1	5060294	5060294	0	
9.43452	1	5060360	5060360	0	
9.43686	1	5061738	5061738	0	
9.43686	1	5061820	5061820	0	
9.43921	1	5063182	5063182	0	
9.43921	1	5063280	5063280	0	
9.44164	1	5064626	5064626	0	
9.44164	1	5064740	5064740	0	
9.44398	1	5066070	5066070	0	
9.44398	1	5066200	5066200	0	
9.44633	1	5067514	5067514	0	
9.44633	1	5067660	5067660	0	
9.44867	1	5068958	5068958	0	
9.44867	1	5069120	5069120	0	
9.45102	1	5070402	5070402	0	
9.45102	1	5070580	5070580	0	
9.45439	1	5071846	5071846	0	
9.45439	1	5072040	5072040	0	
9.45673	1	5073290	5073290	0	
9.45673	1	5073500	5073500	0	
9.45901	1	5074734	5074734	0	
9.45901	1	5074960	5074960	0	
9.46129	1	5076178	5076178	0	
9.46129	1	5076420	5076420	0	
9.46358	1	5077622	5077622	0	
9.46358	1	5077880	5077880	0	
9.46586	1	5079066	5079066	0	
9.46586	1	5079340	5079340	0	
9.46814	1	5080510	5080510	0	
9.46814	1	5080800	5080800	0	
9.47042	1	5081954	5081954	0	
9.47042	1	5082260	5082260	0	
9.47279	1	5083398	5083398	0	
9.47279	1	5083720	5083720	0	
9.47508	1	5084842	5084842	0	
9.47508	1	5085180	5085180	0	
9.47736	1	5086286	5086286	0	
9.47736	1	5086640	5086640	0	
9.47964	1	5087730	5087730	0	
9.47964	1	5088100	5088100	0	
9.48192	1	5089174	5089174	0	
9.48192	1	5089560	5089560	0	
9.48429	1	5090618	5090618	0	
9.48429	1	5091020	5091020	0	
9.48657	1	5092062	5092062	0	
9.48657	1	5092480	5092480	0	
9.48885	1	5093506	5093506	0	
9.48885	1	5093940	5093940	0	
9.49113	1	5094950	5094950	0	
9.49113	1	5095400	5095400	0	
9.49341	1	5096394	5096394	0	
9.49341	1	5096860	5096860	0	
9.49579	1	5097838	5097838	0	
9.49579	1	5098320	5098320	0	
9.49807	1	5099282	5099282	0	
9.49807	1	5099780	5099780	0	
9.50035	1	5100726	5100726	0	
9.50035	1	5101240	5101240	0	
9.50263	1	5102170	5102170	0	
9.50263	1	5102700	5102700	0	
9.50491	1	5103614	5103614	0	
9.50491	1	5104160	5104160	0	
9.50719	1	5105058	5105058	0	
9.50719	1	5105620	5105620	0	
9.50947	1	5106502	5106502	0	
9.50947	1	5107080	5107080	0	
9.51175	1	5107946	5107946	0	
9.51175	1	5108540	5108540	0	
9.51412	1	5109390	5109390	0	
9.51412	1	5110000	5110000	0	
9.51641	1	5110834	5110834	0	
9.51641	1	5111460	5111460	0	
9.51869	1	5112278	5112278	0	
9.51869	1	5112920	5112920	0	
9.52097	1	5113722	5113722	0	
9.52097	1	5114380	5114380	0	
9.52325	1	5115166	5115166	0	
9.52325	1	5115840	5115840	0	
9.52562	1	5116610	5116610	0	
9.52562	1	5117300	5117300	0	
9.5279	1	5118054	5118054	0	
9.5279	1	5118760	5118760	0	
9.53018	1	5119498	5119498	0	
9.53018	1	5120220	5120220	0	
9.53246	1	5120942	5120942	0	
9.53246	1	5121680	5121680	0	
9.53474	1	5122386	5122386	0	
9.53474	1	5123140	5123140	0	
9.53703	1	5123830	5123830	0	
9.53703	1	5124600	5124600	0	
9.53931	1	5125274	5125274	0	
9.53931	1	5126060	5126060	0	
9.54159	1	5126718	5126718	0	
9.54159	1	5127520	5127520	0	
9.54396	1	5128162	5128162	0	
9.54396	1	5128980	5128980	0	
9.54624	1	5129606	5129606	0	
9.54624	1	5130440	5130440	0	
9.54853	1	5131050	5131050	0	
9.54853	1	5131900	5131900	0	
9.55081	1	5132494	5132494	0	
9.55081	1	5133360	5133360	0	
9.55309	1	5133938	5133938	0	
9.55309	1	5134820	5134820	0	
9.55379	1	5135382	5136826	0	
9.55379	1	5135382	5137740	914	
9.55545	1	5135382	5135382	1444	
9.55545	1	5136280	5136280	1444	
9.55613	1	5138270	5138270	0	
9.55613	1	5139200	5139200	0	
9.55846	1	5139714	5139714	0	
9.55846	1	5140660	5140660	0	
9.5608	1	5141158	5141158	0	
9.5608	1	5142120	5142120	0	
9.56322	1	5142602	5142602	0	
9.56322	1	5143580	5143580	0	
9.56556	1	5144046	5144046	0	
9.56556	1	5145040	5145040	0	
9.56789	1	5145490	5145490	0	
9.56789	1	5146500	5146500	0	
9.57022	1	5146934	5146934	0	
9.57022	1	5147960	5147960	0	
9.57256	1	5148378	5148378	0	
9.57256	1	5149420	5149420	0	
9.57489	1	5149822	5149822	0	
9.57489	1	5150880	5150880	0	
9.57722	1	5151266	5151266	0	
9.57722	1	5152340	5152340	0	
9.57956	1	5152710	5152710	0	
9.57956	1	5153800	5153800	0	
9.58199	1	5154154	5154154	0	
9.58199	1	5155260	5155260	0	
9.58432	1	5155598	5155598	0	
9.58432	1	5156720	5156720	0	
9.58666	1	5157042	5157042	0	
9.58666	1	5158180	5158180	0	
9.58899	1	5158486	5158486	0	
9.58899	1	5159640	5159640	0	
9.59132	1	5159930	5159930	0	
9.59132	1	5161100	5161100	0	
9.59375	1	5161374	5161374	0	
9.59375	1	5162560	5162560	0	
9.59608	1	5162818	5162818	0	
9.59608	1	5164020	5164020	0	
9.59841	1	5164262	5164262	0	
9.59841	1	5165480	5165480	0	
9.60076	1	5165706	5165706	0	
9.60076	1	5166940	5166940	0	
9.60309	1	5167150	5167150	0	
9.60309	1	5168400	5168400	0	
9.60542	1	5168594	5168594	0	
9.60542	1	5169860	5169860	0	
9.60776	1	5170038	5170038	0	
9.60776	1	5171320	5171320	0	
9.61009	1	5171482	5171482	0	
9.61009	1	5172780	5172780	0	
9.61251	1	5172926	5172926	0	
9.61251	1	5174240	5174240	0	
9.61485	1	5174370	5174370	0	
9.61485	1	5175700	5175700	0	
9.61718	1	5175814	5175814	0	
9.61718	1	5177160	5177160	0	
9.61951	1	5177258	5177258	0	
9.61951	1	5178620	5178620	0	
9.62185	1	5178702	5178702	0	
9.62185	1	5180080	5180080	0	
9.62428	1	5180146	5180146	0	
9.62428	1	5181540	5181540	0	
9.62661	1	5181590	5181590	0	
9.62661	1	5183000	5183000	0	
9.62894	1	5183034	5183034	0	
9.62894	1	5184460	5184460	0	
9.63128	1	5184478	5184478	0	
9.63128	1	5185920	5185920	0	
9.63361	1	5185922	5185922	0	
9.63594	1	5187374	5187374	0	
9.63594	1	5187380	5187380	0	
9.63828	1	5188819	5188819	0	
9.63828	1	5188840	5188840	0	
9.64061	1	5190264	5190264	0	
9.64061	1	5190300	5190300	0	
9.64294	1	5191709	5191709	0	
9.64294	1	5191760	5191760	0	
9.64537	1	5193154	5193154	0	
9.64537	1	5193220	5193220	0	
9.64771	1	5194598	5194598	0	
9.64771	1	5194680	5194680	0	
9.65004	1	5196042	5196042	0	
9.65004	1	5196140	5196140	0	
9.65531	1	5197486	5197486	0	
9.65531	1	5197600	5197600	0	
9.65748	1	5198930	5198930	0	
9.65748	1	5199060	5199060	0	
9.65968	1	5200374	5200374	0	
9.65968	1	5200520	5200520	0	
9.66179	1	5201818	5201818	0	
9.66179	1	5201980	5201980	0	
9.6639	1	5203262	5203262	0	
9.6639	1	5203440	5203440	0	
9.666	1	5204706	5204706	0	
9.666	1	5204900	5204900	0	
9.66811	1	5206150	5206150	0	
9.66811	1	5206360	5206360	0	
9.67031	1	5207594	5207594	0	
9.67031	1	5207820	5207820	0	
9.67242	1	5209038	5209038	0	
9.67242	1	5209280	5209280	0	
9.67453	1	5210482	5210482	0	
9.67453	1	5210740	5210740	0	
9.67664	1	5211926	5211926	0	
9.67664	1	5212200	5212200	0	
9.67875	1	5213370	5213370	0	
9.67875	1	5213660	5213660	0	
9.68086	1	5214814	5214814	0	
9.68086	1	5215120	5215120	0	
9.68297	1	5216258	5216258	0	
9.68297	1	5216580	5216580	0	
9.68508	1	5217702	5217702	0	
9.68508	1	5218040	5218040	0	
9.68727	1	5219146	5219146	0	
9.68727	1	5219500	5219500	0	
9.68939	1	5220590	5220590	0	
9.68939	1	5220960	5220960	0	
9.6915	1	5222034	5222034	0	
9.6915	1	5222420	5222420	0	
9.69361	1	5223478	5223478	0	
9.69361	1	5223880	5223880	0	
9.69572	1	5224922	5224922	0	
9.69572	1	5225340	5225340	0	
9.69791	1	5226366	5226366	0	
9.69791	1	5226800	5226800	0	
9.70002	1	5227810	5227810	0	
9.70002	1	5228260	5228260	0	
9.70213	1	5229254	5229254	0	
9.70213	1	5229720	5229720	0	
9.70424	1	5230698	5230698	0	
9.70424	1	5231180	5231180	0	
9.70635	1	5232142	5232142	0	
9.70635	1	5232640	5232640	0	
9.70846	1	5233586	5233586	0	
9.70846	1	5234100	5234100	0	
9.71057	1	5235030	5235030	0	
9.71057	1	5235560	5235560	0	
9.71268	1	5236474	5236474	0	
9.71268	1	5237020	5237020	0	
9.71487	1	5237918	5237918	0	
9.71487	1	5238480	5238480	0	
9.71698	1	5239362	5239362	0	
9.71698	1	5239940	5239940	0	
9.71909	1	5240806	5240806	0	
9.71909	1	5241400	5241400	0	
9.72	1	5242250	5242250	0	
RESULT_ONE_PATH,0,1,5242800,8.716982422,8.720002418,5242800
DIAG_ONE_PATH,0.159827265,8.300964099,8.334275911
