elapsed_s,rx_app,packet_bytes
0.158310417,1456,1456
0.160606479,1460,4
0.160606479,2905,1445
0.164630548,2920,15
0.164630548,4354,1434
0.174630548,4380,26
0.174630548,5803,1423
0.267199743,5840,37
0.267199743,7252,1412
0.269494118,7300,48
0.269494118,8701,1401
0.271788493,8760,59
0.271788493,10150,1390
0.274082868,10220,70
0.274082868,11598,1378
0.276377243,11680,82
0.276377243,13046,1366
0.278671618,13140,94
0.278671618,14494,1354
0.287201287,14600,106
0.287201287,15942,1342
0.289496062,16060,118
0.289496062,17390,1330
0.374383214,17520,130
0.374383214,18834,1314
0.376706610,18980,146
0.376706610,20278,1298
0.379030006,20440,162
0.379030006,21722,1282
0.381353402,21900,178
0.381353402,23166,1266
0.383676798,23360,194
0.383676798,24610,1250
0.386000194,24820,210
0.386000194,26054,1234
0.388323430,26280,226
0.388323430,27498,1218
0.390643813,27740,242
0.390643813,28942,1202
0.392964196,29200,258
0.392964196,30386,1186
0.395284979,30660,274
0.395284979,31830,1170
0.397612495,32120,290
0.397612495,33274,1154
0.399932878,33580,306
0.399932878,34718,1138
0.402339145,35040,322
0.402339145,36162,1122
0.404659528,36500,338
0.404659528,37606,1106
0.406979911,37960,354
0.406979911,39050,1090
0.409300294,39420,370
0.409300294,40494,1074
0.481505138,40880,386
0.481505138,41938,1058
0.483698230,42340,402
0.483698230,43382,1042
0.485897632,43800,418
0.485897632,44826,1026
0.488090324,45260,434
0.488090324,46270,1010
0.490283016,46720,450
0.490283016,47714,994
0.492475708,48180,466
0.492475708,49158,978
0.494668240,49640,482
0.494668240,50602,962
0.496858088,51100,498
0.496858088,52046,946
0.499047936,52560,514
0.499047936,53490,930
0.501237784,54020,530
0.501237784,54934,914
0.503427632,55480,546
0.503427632,56378,898
0.505617480,56940,562
0.505617480,57822,882
0.507807728,58400,578
0.507807728,59266,866
0.510004286,59860,594
0.510004286,60710,850
0.512194134,61320,610
0.512194134,62154,834
0.514383982,62780,626
0.514383982,63598,818
0.516573830,64240,642
0.516573830,65042,802
0.518763678,65700,658
0.518763678,66486,786
0.521034578,67160,674
0.521034578,67930,770
0.523224426,68620,690
0.523224426,69374,754
0.525414274,70080,706
0.525414274,70818,738
0.527604122,71540,722
0.527604122,72262,722
0.529794370,73000,738
0.529794370,73706,706
0.531990928,74460,754
0.531990928,75150,690
0.534180776,75920,770
0.534180776,76594,674
0.536370624,77380,786
0.536370624,78038,658
0.538560472,78840,802
0.538560472,79482,642
0.540750320,80300,818
0.540750320,80926,626
0.543021220,81760,834
0.543021220,82370,610
0.545211068,83220,850
0.545211068,83814,594
0.547400916,84680,866
0.547400916,85258,578
0.549590764,86140,882
0.549590764,86702,562
0.586281971,87600,898
0.586281971,88146,546
0.588591260,89060,914
0.588591260,89590,530
0.590900549,90520,930
0.590900549,91034,514
0.593209838,91980,946
0.593209838,92478,498
0.595519127,93440,962
0.595519127,93922,482
0.597828416,94900,978
0.597828416,95366,466
0.600137705,96360,994
0.600137705,96810,450
0.602446994,97820,1010
0.602446994,98254,434
0.604756283,99280,1026
0.604756283,99698,418
0.607065572,100740,1042
0.607065572,101142,402
0.609467832,102200,1058
0.609467832,102586,386
0.611777121,103660,1074
0.611777121,104030,370
0.614086410,105120,1090
0.614086410,105474,354
0.616395699,106580,1106
0.616395699,106918,338
0.618704988,108040,1122
0.618704988,108362,322
0.621014277,109500,1138
0.621014277,109806,306
0.623323566,110960,1154
0.623323566,111250,290
0.625632855,112420,1170
0.625632855,112694,274
0.627942144,113880,1186
0.627942144,114138,258
0.630251433,115340,1202
0.630251433,115582,242
0.632561122,116800,1218
0.632561122,117026,226
0.634877509,118260,1234
0.634877509,118470,210
0.637272271,119720,1250
0.637272271,119914,194
0.639581560,121180,1266
0.639581560,121358,178
0.641890849,122640,1282
0.641890849,122802,162
0.644200138,124100,1298
0.644200138,124246,146
0.646509427,125560,1314
0.646509427,125690,130
0.648818716,127020,1330
0.648818716,127134,114
0.651128005,128480,1346
0.651128005,128578,98
0.653263001,129940,1362
0.653263001,130022,82
0.655398397,131400,1378
0.655398397,131466,66
0.657539845,132860,1394
0.657539845,132910,50
0.659673455,134320,1410
0.659673455,134354,34
0.661807065,135780,1426
0.661807065,135798,18
0.664019697,137240,1442
0.664019697,137242,2
0.666153387,138694,1452
0.668288383,138700,6
0.668288383,140139,1439
0.670423379,140160,21
0.670423379,141584,1424
0.672558375,141620,36
0.672558375,143029,1409
0.674693371,143080,51
0.674693371,144474,1394
0.676828767,144540,66
0.676828767,145918,1378
0.678970295,146000,82
0.678970295,147362,1362
0.681105291,147460,98
0.681105291,148806,1346
0.683240287,148920,114
0.683240287,150250,1330
0.685375283,150380,130
0.685375283,151694,1314
0.687510279,151840,146
0.687510279,153138,1298
0.689645275,153300,162
0.689645275,154582,1282
0.691780271,154760,178
0.691780271,156026,1266
0.693915267,156220,194
0.693915267,157470,1250
0.696050263,157680,210
0.696050263,158914,1234
0.698264681,159140,226
0.698264681,160358,1218
0.700406209,160600,242
0.700406209,161802,1202
0.702541205,162060,258
0.702541205,163246,1186
0.704676201,163520,274
0.704676201,164690,1170
0.706811197,164980,290
0.706811197,166134,1154
0.708946193,166440,306
0.708946193,167578,1138
0.711081189,167900,322
0.711081189,169022,1122
0.713216185,169360,338
0.713216185,170466,1106
0.715351181,170820,354
0.715351181,171910,1090
0.717486177,172280,370
0.717486177,173354,1074
0.719700595,173740,386
0.719700595,174798,1058
0.721842123,175200,402
0.721842123,176242,1042
0.723977119,176660,418
0.723977119,177686,1026
0.726112115,178120,434
0.726112115,179130,1010
0.728326293,179580,450
0.728326293,180574,994
0.730464062,181040,466
0.730464062,182018,978
0.732601831,182500,482
0.732601831,183462,962
0.734739600,183960,498
0.734739600,184906,946
0.736877369,185420,514
0.736877369,186350,930
0.739015138,186880,530
0.739015138,187794,914
0.741153147,188340,546
0.741153147,189238,898
0.743294675,189800,562
0.743294675,190682,882
0.745429671,191260,578
0.745429671,192126,866
0.747564667,192720,594
0.747564667,193570,850
0.749699663,194180,610
0.749699663,195014,834
0.751834659,195640,626
0.751834659,196458,818
0.754389636,197100,642
0.754389636,197902,802
0.756853421,198560,658
0.756853421,199346,786
0.759317206,200020,674
0.759317206,200790,770
0.761780991,201480,690
0.761780991,202234,754
0.764245176,202940,706
0.764245176,203678,738
0.766716561,204400,722
0.766716561,205122,722
0.769180346,205860,738
0.769180346,206566,706
0.771644131,207320,754
0.771644131,208010,690
0.774107916,208780,770
0.774107916,209454,674
0.776571701,210240,786
0.776571701,210898,658
0.779035486,211700,802
0.779035486,212342,642
0.781499271,213160,818
0.781499271,213786,626
0.783963056,214620,834
0.783963056,215230,610
0.786426841,216080,850
0.786426841,216674,594
0.788890626,217540,866
0.788890626,218118,578
0.791354811,219000,882
0.791354811,219562,562
0.793917388,220460,898
0.793917388,221006,546
0.796381173,221920,914
0.796381173,222450,530
0.798844958,223380,930
0.798844958,223894,514
0.801308743,224840,946
0.801308743,225338,498
0.803772528,226300,962
0.803772528,226782,482
0.806236313,227760,978
0.806236313,228226,466
0.808700098,229220,994
0.808700098,229670,450
0.811163883,230680,1010
0.811163883,231114,434
0.813627668,232140,1026
0.813627668,232558,418
0.816091853,233600,1042
0.816091853,234002,402
0.818563238,235060,1058
0.818563238,235446,386
0.821027023,236520,1074
0.821027023,236890,370
0.823582000,237980,1090
0.823582000,238334,354
0.826045785,239440,1106
0.826045785,239778,338
0.828509570,240900,1122
0.828509570,241222,322
0.830973355,242360,1138
0.830973355,242666,306
0.833437140,243820,1154
0.833437140,244110,290
0.835900925,245280,1170
0.835900925,245554,274
0.838364710,246740,1186
0.838364710,246998,258
0.840828895,248200,1202
0.840828895,248442,242
0.843300280,249660,1218
0.843300280,249886,226
0.845764065,251120,1234
0.845764065,251330,210
0.848319042,252580,1250
0.848319042,252774,194
0.850782827,254040,1266
0.850782827,254218,178
0.853142497,255500,1282
0.853142497,255662,162
0.855502167,256960,1298
0.855502167,257106,146
0.857861837,258420,1314
0.857861837,258550,130
0.860221507,259880,1330
0.860221507,259994,114
0.862581177,261340,1346
0.862581177,261438,98
0.864941247,262800,1362
0.864941247,262882,82
0.867308178,264260,1378
0.867308178,264326,66
0.869667768,265720,1394
0.869667768,265770,50
0.872025906,267180,1410
0.872025906,267214,34
0.874384044,268640,1426
0.874384044,268658,18
0.876742182,270100,1442
0.876742182,270102,2
0.879100400,271554,1452
0.881460070,271560,6
0.881460070,272999,1439
0.884224275,273020,21
0.884224275,274444,1424
0.891385987,274480,36
0.891385987,275889,1409
1.327804461,275940,51
1.327804461,404414,128474
1.333056392,404420,6
1.333056392,405859,1439
1.333056392,405880,21
1.333056392,431854,25974
1.350885601,432160,306
1.350885601,567602,135442
1.353015837,567940,338
1.353015837,569046,1106
1.355128029,569400,354
1.355128029,570490,1090
1.357240221,570860,370
1.357240221,571934,1074
1.359352413,572320,386
1.359352413,573378,1058
1.361464605,573780,402
1.361464605,574822,1042
1.363576797,575240,418
1.363576797,576266,1026
1.365771122,576700,434
1.365771122,577710,1010
1.367883314,578160,450
1.367883314,579154,994
1.369995506,579620,466
1.369995506,580598,978
1.372108098,581080,482
1.372108098,582042,962
1.374226734,582540,498
1.374226734,583486,946
1.376338926,584000,514
1.376338926,584930,930
1.378451118,585460,530
1.378451118,586374,914
1.380563310,586920,546
1.380563310,587818,898
1.382757635,588380,562
1.382757635,589262,882
1.384869827,589840,578
1.384869827,590706,866
1.386982019,591300,594
1.386982019,592150,850
1.389094211,592760,610
1.389094211,593594,834
1.391206403,594220,626
1.391206403,595038,818
1.393318995,595680,642
1.393318995,596482,802
1.395437631,597140,658
1.395437631,597926,786
1.397549823,598600,674
1.397549823,599370,770
1.399662015,600060,690
1.399662015,600814,754
1.401856340,601520,706
1.401856340,602258,738
1.404021376,602980,722
1.404021376,603702,722
1.406080724,604440,738
1.406080724,605146,706
1.408301884,605900,754
1.408301884,606590,690
1.410813788,607360,770
1.410813788,608034,674
1.413038228,608820,786
1.413038228,609478,658
1.415094296,610280,802
1.415094296,610922,642
1.417150364,611740,818
1.417150364,612366,626
1.419288565,613200,834
1.419288565,613810,610
1.421344633,614660,850
1.421344633,615254,594
1.423400701,616120,866
1.423400701,616698,578
1.425456769,617580,882
1.425456769,618142,562
1.427512837,619040,898
1.427512837,619586,546
1.429568905,620500,914
1.429568905,621030,530
1.431793345,621960,930
1.431793345,622474,514
1.433849413,623420,946
1.433849413,623918,498
1.436162830,624880,962
1.436162830,625362,482
1.438218898,626340,978
1.438218898,626806,466
1.440274966,627800,994
1.440274966,628250,450
1.442331034,629260,1010
1.442331034,629694,434
1.444555474,630720,1026
1.444555474,631138,418
1.446611542,632180,1042
1.446611542,632582,402
1.448667610,633640,1058
1.448667610,634026,386
1.450898894,635100,1074
1.450898894,635470,370
1.453104397,636560,1090
1.453104397,636914,354
1.455279269,638020,1106
1.455279269,638358,338
1.457370600,639480,1122
1.457370600,639802,322
1.459633189,640940,1138
1.459633189,641246,306
1.461724520,642400,1154
1.461724520,642690,290
1.463815851,643860,1170
1.463815851,644134,274
1.465907182,645320,1186
1.465907182,645578,258
1.468055599,646780,1202
1.468055599,647022,242
1.470268064,648240,1218
1.470268064,648466,226
1.472442936,649700,1234
1.472442936,649910,210
1.474705525,651160,1250
1.474705525,651354,194
1.476796856,652620,1266
1.476796856,652798,178
1.479002359,654080,1282
1.479002359,654242,162
1.481093690,655540,1298
1.481093690,655686,146
1.483185021,657000,1314
1.483185021,657130,130
1.485276352,658460,1330
1.485276352,658574,114
1.487367683,659920,1346
1.487367683,660018,98
1.489712421,661380,1362
1.489712421,661462,82
1.491803752,662840,1378
1.491803752,662906,66
1.494069127,664300,1394
1.494069127,664350,50
1.496160458,665760,1410
1.496160458,665794,34
1.498251789,667220,1426
1.498251789,667238,18
1.500514378,668680,1442
1.500514378,668682,2
1.502605709,670134,1452
1.504697040,670140,6
1.504697040,671579,1439
1.506902543,671600,21
1.506902543,673024,1424
1.509077415,673060,36
1.509077415,674469,1409
1.511168746,674520,51
1.511168746,675914,1394
1.513263357,675980,66
1.513263357,677358,1378
1.515411774,677440,82
1.515411774,678802,1362
1.517560191,678900,98
1.517560191,680246,1346
1.519709008,680360,114
1.519709008,681690,1330
1.521863987,681820,130
1.521863987,683134,1314
1.524012404,683280,146
1.524012404,684578,1298
1.526244362,684740,162
1.526244362,686022,1282
1.528392779,686200,178
1.528392779,687466,1266
1.530541196,687660,194
1.530541196,688910,1250
1.532689613,689120,210
1.532689613,690354,1234
1.534948922,690580,226
1.534948922,691798,1218
1.537040253,692040,242
1.537040253,693242,1202
1.539336259,693500,258
1.539336259,694686,1186
1.541427590,694960,274
1.541427590,696130,1170
1.543605742,696420,290
1.543605742,697574,1154
1.545807965,697880,306
1.545807965,699018,1138
1.547956382,699340,322
1.547956382,700462,1122
1.550104799,700800,338
1.550104799,701906,1106
1.552199410,702260,354
1.552199410,703350,1090
1.554334439,703720,370
1.554334439,704794,1074
1.556469468,705180,386
1.556469468,706238,1058
1.558687918,706640,402
1.558687918,707682,1042
1.560829465,708100,418
1.560829465,709126,1026
1.563017945,709560,434
1.563017945,710570,1010
1.565182544,711020,450
1.565182544,712014,994
1.567317573,712480,466
1.567317573,713458,978
1.569506053,713940,482
1.569506053,714902,962
1.571697813,715400,498
1.571697813,716346,946
1.573776111,716860,514
1.573776111,717790,930
1.575857689,718320,530
1.575857689,719234,914
1.577992718,719780,546
1.577992718,720678,898
1.580128147,721240,562
1.580128147,722122,882
1.582352715,722700,578
1.582352715,723566,866
1.584711388,724160,594
1.584711388,725010,850
1.586789686,725620,610
1.586789686,726454,834
1.588867984,727080,626
1.588867984,727898,818
1.590946282,728540,642
1.590946282,729342,802
1.593277794,730000,658
1.593277794,730786,786
1.595356092,731460,674
1.595356092,732230,770
1.597434390,732920,690
1.597434390,733674,754
1.599689799,734380,706
1.599689799,735118,738
1.601768097,735840,722
1.601768097,736562,722
1.603959857,737300,738
1.603959857,738006,706
1.606121176,738760,754
1.606121176,739450,690
1.608369667,740220,770
1.608369667,740894,674
1.610447965,741680,786
1.610447965,742338,658
1.612526263,743140,802
1.612526263,743782,642
1.614895134,744600,818
1.614895134,745226,626
1.616973432,746060,834
1.616973432,746670,610
1.619051730,747520,850
1.619051730,748114,594
1.621300221,748980,866
1.621300221,749558,578
1.623461540,750440,882
1.623461540,751002,562
1.625539838,751900,898
1.625539838,752446,546
1.627788329,753360,914
1.627788329,753890,530
1.629866627,754820,930
1.629866627,755334,514
1.631944925,756280,946
1.631944925,756778,498
1.634226624,757740,962
1.634226624,758222,482
1.636304922,759200,978
1.636304922,759666,466
1.638383220,760660,994
1.638383220,761110,450
1.640631711,762120,1010
1.640631711,762554,434
1.642710009,763580,1026
1.642710009,763998,418
1.644788307,765040,1042
1.644788307,765442,402
1.646866605,766500,1058
1.646866605,766886,386
1.649115096,767960,1074
1.649115096,768330,370
1.651453526,769420,1090
1.651453526,769774,354
1.653533893,770880,1106
1.653533893,771218,338
1.655727834,772340,1122
1.655727834,772662,322
1.657808201,773800,1138
1.657808201,774106,306
1.659888568,775260,1154
1.659888568,775550,290
1.661968935,776720,1170
1.661968935,776994,274
1.664302766,778180,1186
1.664302766,778438,258
1.666383133,779640,1202
1.666383133,779882,242
1.668463500,781100,1218
1.668463500,781326,226
1.670543867,782560,1234
1.670543867,782770,210
1.672624234,784020,1250
1.672624234,784214,194
1.675078564,785480,1266
1.675078564,785658,178
1.677158931,786940,1282
1.677158931,787102,162
1.679239298,788400,1298
1.679239298,788546,146
1.681490026,789860,1314
1.681490026,789990,130
1.683570393,791320,1330
1.683570393,791434,114
1.685650760,792780,1346
1.685650760,792878,98
1.687731127,794240,1362
1.687731127,794322,82
1.689811494,795700,1378
1.689811494,795766,66
1.692141170,797160,1394
1.692141170,797210,50
1.694221537,798620,1410
1.694221537,798654,34
1.696414093,800080,1426
1.696414093,800098,18
1.698494460,801540,1442
1.698494460,801542,2
1.700574827,802994,1452
1.702915584,803000,6
1.702915584,804439,1439
1.704995951,804460,21
1.704995951,805884,1424
1.707076318,805920,36
1.707076318,807329,1409
1.709327046,807380,51
1.709327046,808774,1394
1.711407413,808840,66
1.711407413,810218,1378
1.713601354,810300,82
1.713601354,811662,1362
1.715681721,811760,98
1.715681721,813106,1346
1.717762088,813220,114
1.717762088,814550,1330
1.719928838,814680,130
1.719928838,815994,1314
1.722183211,816140,146
1.722183211,817438,1298
1.724263578,817600,162
1.724263578,818882,1282
1.726347225,819060,178
1.726347225,820326,1266
1.728484379,820520,194
1.728484379,821770,1250
1.730675040,821980,210
1.730675040,823214,1234
1.732841790,823440,226
1.732841790,824658,1218
1.735032451,824900,242
1.735032451,826102,1202
1.737116098,826360,258
1.737116098,827546,1186
1.739253252,827820,274
1.739253252,828990,1170
1.741614274,829280,290
1.741614274,830434,1154
1.743898244,830740,306
1.743898244,831878,1138
1.745978611,832200,322
1.745978611,833322,1122
1.748058978,833660,338
1.748058978,834766,1106
1.750139345,835120,354
1.750139345,836210,1090
1.752397637,836580,370
1.752397637,837654,1074
1.754484995,838040,386
1.754484995,839098,1058
1.756572353,839500,402
1.756572353,840542,1042
1.758659711,840960,418
1.758659711,841986,1026
1.760833732,842420,434
1.760833732,843430,1010
1.763209649,843880,450
1.763209649,844874,994
1.765297007,845340,466
1.765297007,846318,978
1.767384365,846800,482
1.767384365,847762,962
1.769585679,848260,498
1.769585679,849206,946
1.771927354,849720,514
1.771927354,850650,930
1.774014712,851180,530
1.774014712,852094,914
1.776102070,852640,546
1.776102070,853538,898
1.778189428,854100,562
1.778189428,854982,882
1.780276786,855560,578
1.780276786,856426,866
1.782542027,857020,594
1.782542027,857870,850
1.784629385,858480,610
1.784629385,859314,834
1.786830699,859940,626
1.786830699,860758,818
1.789172374,861400,642
1.789172374,862202,802
1.791259732,862860,658
1.791259732,863646,786
1.793461046,864320,674
1.793461046,865090,770
1.795548404,865780,690
1.795548404,866534,754
1.797635762,867240,706
1.797635762,867978,738
1.799984386,868700,722
1.799984386,869422,722
1.802071744,870160,738
1.802071744,870866,706
1.804159102,871620,754
1.804159102,872310,690
1.806417394,873080,770
1.806417394,873754,674
1.808504752,874540,786
1.808504752,875198,658
1.810706066,876000,802
1.810706066,876642,642
1.812793424,877460,818
1.812793424,878086,626
1.814880782,878920,834
1.814880782,879530,610
1.817229406,880380,850
1.817229406,880974,594
1.819316764,881840,866
1.819316764,882418,578
1.821404122,883300,882
1.821404122,883862,562
1.823776370,884760,898
1.823776370,885306,546
1.825863728,886220,914
1.825863728,886750,530
1.828034469,887680,930
1.828034469,888194,514
1.830292761,889140,946
1.830292761,889638,498
1.832501024,890600,962
1.832501024,891082,482
1.834588382,892060,978
1.834588382,892526,466
1.836675740,893520,994
1.836675740,893970,450
1.838846481,894980,1010
1.838846481,895414,434
1.840933839,896440,1026
1.840933839,896858,418
1.843021197,897900,1042
1.843021197,898302,402
1.845108555,899360,1058
1.845108555,899746,386
1.847195913,900820,1074
1.847195913,901190,370
1.849286551,902280,1090
1.849286551,902634,354
1.851712497,903740,1106
1.851712497,904078,338
1.853960602,905200,1122
1.853960602,905522,322
1.856421243,906660,1138
1.856421243,906966,306
1.858853446,908120,1154
1.858853446,908410,290
1.861101551,909580,1170
1.861101551,909854,274
1.863349656,911040,1186
1.863349656,911298,258
1.865597761,912500,1202
1.865597761,912742,242
1.868065886,913960,1218
1.868065886,914186,226
1.870313991,915420,1234
1.870313991,915630,210
1.872562096,916880,1250
1.872562096,917074,194
1.874810201,918340,1266
1.874810201,918518,178
1.877058306,919800,1282
1.877058306,919962,162
1.879309691,921260,1298
1.879309691,921406,146
1.881868830,922720,1314
1.881868830,922850,130
1.884116935,924180,1330
1.884116935,924294,114
1.886635948,925640,1346
1.886635948,925738,98
1.888884053,927100,1362
1.888884053,927182,82
1.891132158,928560,1378
1.891132158,928626,66
1.893380263,930020,1394
1.893380263,930070,50
1.895628368,931480,1410
1.895628368,931514,34
1.898147381,932940,1426
1.898147381,932958,18
1.900518218,934400,1442
1.900518218,934402,2
1.902766323,935854,1452
1.905014428,935860,6
1.905014428,937299,1439
1.907262533,937320,21
1.907262533,938744,1424
1.909513918,938780,36
1.909513918,940189,1409
1.912073057,940240,51
1.912073057,941634,1394
1.914321162,941700,66
1.914321162,943078,1378
1.916659071,943160,82
1.916659071,944522,1362
1.918907176,944620,98
1.918907176,945966,1346
1.921339379,946080,114
1.921339379,947410,1330
1.923587484,947540,130
1.923587484,948854,1314
1.925835589,949000,146
1.925835589,950298,1298
1.928487812,950460,162
1.928487812,951742,1282
1.930735917,951920,178
1.930735917,953186,1266
1.932984022,953380,194
1.932984022,954630,1250
1.935232127,954840,210
1.935232127,956074,1234
1.937480232,956300,226
1.937480232,957518,1218
1.940002239,957760,242
1.940002239,958962,1202
1.942250344,959220,258
1.942250344,960406,1186
1.944498449,960680,274
1.944498449,961850,1170
1.946749834,962140,290
1.946749834,963294,1154
1.949117391,963600,306
1.949117391,964738,1138
1.951368776,965060,322
1.951368776,966182,1122
1.954101979,966520,338
1.954101979,967626,1106
1.956341870,967980,354
1.956341870,969070,1090
1.958671237,969440,370
1.958671237,970514,1074
1.960911128,970900,386
1.960911128,971958,1058
1.963151019,972360,402
1.963151019,973402,1042
1.965390910,973820,418
1.965390910,974846,1026
1.967630801,975280,434
1.967630801,976290,1010
1.970143594,976740,450
1.970143594,977734,994
1.972383485,978200,466
1.972383485,979178,978
1.974753116,979660,482
1.974753116,980622,962
1.977054149,981120,498
1.977054149,982066,946
1.979538608,982580,514
1.979538608,983510,930
1.981961925,984040,530
1.981961925,984954,914
1.984201816,985500,546
1.984201816,986398,898
1.986441707,986960,562
1.986441707,987842,882
1.988771074,988420,578
1.988771074,989286,866
1.991194391,989880,594
1.991194391,990730,850
1.993434282,991340,610
1.993434282,992174,834
1.995674173,992800,626
1.995674173,993618,818
1.998036348,994260,642
1.998036348,995062,802
2.000556597,995720,658
2.000556597,996506,786
2.002857630,997180,674
2.002857630,997950,770
2.005166119,998640,690
2.005166119,999394,754
2.007406010,1000100,706
2.007406010,1000838,738
2.009829327,1001560,722
2.009829327,1002282,722
2.012069218,1003020,738
2.012069218,1003726,706
2.014309109,1004480,754
2.014309109,1005170,690
2.016549000,1005940,770
2.016549000,1006614,674
2.019184077,1007400,786
2.019184077,1008058,658
2.021423968,1008860,802
2.021423968,1009502,642
2.023663859,1010320,818
2.023663859,1010946,626
2.025903750,1011780,834
2.025903750,1012390,610
2.028334523,1013240,850
2.028334523,1013834,594
2.030663890,1014700,866
2.030663890,1015278,578
2.032903781,1016160,882
2.032903781,1016722,562
2.035265956,1017620,898
2.035265956,1018166,546
2.037811557,1019080,914
2.037811557,1019610,530
2.040051448,1020540,930
2.040051448,1021054,514
2.042380815,1022000,946
2.042380815,1022498,498
2.044811588,1023460,962
2.044811588,1023942,482
2.047051479,1024920,978
2.047051479,1025386,466
2.049474796,1026380,994
2.049474796,1026830,450
2.051714687,1027840,1010
2.051714687,1028274,434
2.054053814,1029300,1026
2.054053814,1029718,418
2.056392941,1030760,1042
2.056392941,1031162,402
2.058732068,1032220,1058
2.058732068,1032606,386
2.061164635,1033680,1074
2.061164635,1034050,370
2.063631464,1035140,1090
2.063631464,1035494,354
2.065970591,1036600,1106
2.065970591,1036938,338
2.297319214,1038060,1122
2.297319214,1081714,43654
2.300072120,1081860,146
2.300072120,1162578,80718
2.388928827,1163620,1042
2.388928827,1233346,69726
2.390999028,1233700,354
2.390999028,1234790,1090
2.393057940,1235160,370
2.393057940,1236234,1074
2.395116852,1236620,386
2.395116852,1237678,1058
2.397175764,1238080,402
2.397175764,1239122,1042
2.399234676,1239540,418
2.399234676,1240566,1026
2.401293588,1241000,434
2.401293588,1242010,1010
2.403432561,1242460,450
2.403432561,1243454,994
2.405491473,1243920,466
2.405491473,1244898,978
2.407550785,1245380,482
2.407550785,1246342,962
2.409615969,1246840,498
2.409615969,1247786,946
2.411754942,1248300,514
2.411754942,1249230,930
2.413813854,1249760,530
2.413813854,1250674,914
2.415872766,1251220,546
2.415872766,1252118,898
2.417931678,1252680,562
2.417931678,1253562,882
2.419990590,1254140,578
2.419990590,1255006,866
2.422049502,1255600,594
2.422049502,1256450,850
2.424669451,1257060,610
2.424669451,1257894,834
2.426728763,1258520,626
2.426728763,1259338,818
2.428793947,1259980,642
2.428793947,1260782,802
2.431981501,1261440,658
2.431981501,1262226,786
2.434040413,1262900,674
2.434040413,1263670,770
2.436099325,1264360,690
2.436099325,1265114,754
2.438158237,1265820,706
2.438158237,1266558,738
2.440217149,1267280,722
2.440217149,1268002,722
2.444244350,1268740,738
2.444244350,1269446,706
2.446303262,1270200,754
2.446303262,1270890,690
2.448362174,1271660,770
2.448362174,1272334,674
2.451557280,1273120,786
2.451557280,1273778,658
2.453756024,1274580,802
2.453756024,1275222,642
2.455948065,1276040,818
2.455948065,1276666,626
2.458140106,1277500,834
2.458140106,1278110,610
2.460332147,1278960,850
2.460332147,1279554,594
2.462609426,1280420,866
2.462609426,1280998,578
2.464801467,1281880,882
2.464801467,1282442,562
2.466993508,1283340,898
2.466993508,1283886,546
2.469185549,1284800,914
2.469185549,1285330,530
2.471377590,1286260,930
2.471377590,1286774,514
2.473570031,1287720,946
2.473570031,1288218,498
2.475768775,1289180,962
2.475768775,1289662,482
2.477960816,1290640,978
2.477960816,1291106,466
2.480238095,1292100,994
2.480238095,1292550,450
2.482430136,1293560,1010
2.482430136,1293994,434
2.484622177,1295020,1026
2.484622177,1295438,418
2.486814218,1296480,1042
2.486814218,1296882,402
2.489006259,1297940,1058
2.489006259,1298326,386
2.491198300,1299400,1074
2.491198300,1299770,370
2.493390341,1300860,1090
2.493390341,1301214,354
2.495582782,1302320,1106
2.495582782,1302658,338
2.497866764,1303780,1122
2.497866764,1304102,322
2.500058805,1305240,1138
2.500058805,1305546,306
2.502250846,1306700,1154
2.502250846,1306990,290
2.504528125,1308160,1170
2.504528125,1308434,274
2.506720166,1309620,1186
2.506720166,1309878,258
2.508912207,1311080,1202
2.508912207,1311322,242
2.511104248,1312540,1218
2.511104248,1312766,226
2.513296289,1314000,1234
2.513296289,1314210,210
2.515488730,1315460,1250
2.515488730,1315654,194
2.517687474,1316920,1266
2.517687474,1317098,178
2.519879515,1318380,1282
2.519879515,1318542,162
2.522156794,1319840,1298
2.522156794,1319986,146
2.524348835,1321300,1314
2.524348835,1321430,130
2.526540876,1322760,1330
2.526540876,1322874,114
2.528732917,1324220,1346
2.528732917,1324318,98
2.530924958,1325680,1362
2.530924958,1325762,82
2.533202237,1327140,1378
2.533202237,1327206,66
2.535394598,1328600,1394
2.535394598,1328650,50
2.537591921,1330060,1410
2.537591921,1330094,34
2.539782541,1331520,1426
2.539782541,1331538,18
2.541973161,1332980,1442
2.541973161,1332982,2
2.544249099,1334434,1452
2.546441140,1334440,6
2.546441140,1335879,1439
2.548633181,1335900,21
2.548633181,1337324,1424
2.550825222,1337360,36
2.550825222,1338769,1409
2.553281908,1338820,51
2.553281908,1340214,1394
2.555738594,1340280,66
2.555738594,1341658,1378
2.558195680,1341740,82
2.558195680,1343102,1362
2.560659926,1343200,98
2.560659926,1344546,1346
2.563116612,1344660,114
2.563116612,1345990,1330
2.565668826,1346120,130
2.565668826,1347434,1314
2.568125512,1347580,146
2.568125512,1348878,1298
2.570582198,1349040,162
2.570582198,1350322,1282
2.573038884,1350500,178
2.573038884,1351766,1266
2.575495570,1351960,194
2.575495570,1353210,1250
2.578047784,1353420,210
2.578047784,1354654,1234
2.580504870,1354880,226
2.580504870,1356098,1218
2.582969116,1356340,242
2.582969116,1357542,1202
2.585425802,1357800,258
2.585425802,1358986,1186
2.587882488,1359260,274
2.587882488,1360430,1170
2.590339174,1360720,290
2.590339174,1361874,1154
2.592795860,1362180,306
2.592795860,1363318,1138
2.595252546,1363640,322
2.595252546,1364762,1122
2.597804760,1365100,338
2.597804760,1366206,1106
2.600261446,1366560,354
2.600261446,1367650,1090
2.602718132,1368020,370
2.602718132,1369094,1074
2.605175218,1369480,386
2.605175218,1370538,1058
2.607639464,1370940,402
2.607639464,1371982,1042
2.610096150,1372400,418
2.610096150,1373426,1026
2.612648364,1373860,434
2.612648364,1374870,1010
2.615105050,1375320,450
2.615105050,1376314,994
2.617561736,1376780,466
2.617561736,1377758,978
2.620018422,1378240,482
2.620018422,1379202,962
2.622570636,1379700,498
2.622570636,1380646,946
2.625027322,1381160,514
2.625027322,1382090,930
2.627484408,1382620,530
2.627484408,1383534,914
2.629948654,1384080,546
2.629948654,1384978,898
2.632405340,1385540,562
2.632405340,1386422,882
2.634862026,1387000,578
2.634862026,1387866,866
2.637318712,1388460,594
2.637318712,1389310,850
2.639775398,1389920,610
2.639775398,1390754,834
2.642327612,1391380,626
2.642327612,1392198,818
2.644784298,1392840,642
2.644784298,1393642,802
2.647240984,1394300,658
2.647240984,1395086,786
2.649697670,1395760,674
2.649697670,1396530,770
2.652154756,1397220,690
2.652154756,1397974,754
2.654424148,1398680,706
2.654424148,1399418,738
2.656602190,1400140,722
2.656602190,1400862,722
2.658780232,1401600,738
2.658780232,1402306,706
2.660958274,1403060,754
2.660958274,1403750,690
2.663136316,1404520,770
2.663136316,1405194,674
2.665314358,1405980,786
2.665314358,1406638,658
2.667492400,1407440,802
2.667492400,1408082,642
2.669670442,1408900,818
2.669670442,1409526,626
2.671933577,1410360,834
2.671933577,1410970,610
2.674118276,1411820,850
2.674118276,1412414,594
2.676296318,1413280,866
2.676296318,1413858,578
2.678474360,1414740,882
2.678474360,1415302,562
2.680652402,1416200,898
2.680652402,1416746,546
2.682830444,1417660,914
2.682830444,1418190,530
2.685093179,1419120,930
2.685093179,1419634,514
2.687271221,1420580,946
2.687271221,1421078,498
2.689449263,1422040,962
2.689449263,1422522,482
2.691627305,1423500,978
2.691627305,1423966,466
2.693805747,1424960,994
2.693805747,1425410,450
2.695990446,1426420,1010
2.695990446,1426854,434
2.698168488,1427880,1026
2.698168488,1428298,418
2.700431223,1429340,1042
2.700431223,1429742,402
2.702609265,1430800,1058
2.702609265,1431186,386
2.704787307,1432260,1074
2.704787307,1432630,370
2.706965349,1433720,1090
2.706965349,1434074,354
2.709143391,1435180,1106
2.709143391,1435518,338
2.711321433,1436640,1122
2.711321433,1436962,322
2.713584568,1438100,1138
2.713584568,1438406,306
2.715769267,1439560,1154
2.715769267,1439850,290
2.717947309,1441020,1170
2.717947309,1441294,274
2.720125351,1442480,1186
2.720125351,1442738,258
2.722303393,1443940,1202
2.722303393,1444182,242
2.724566128,1445400,1218
2.724566128,1445626,226
2.726744170,1446860,1234
2.726744170,1447070,210
2.728922212,1448320,1250
2.728922212,1448514,194
2.731100254,1449780,1266
2.731100254,1449958,178
2.733278296,1451240,1282
2.733278296,1451402,162
2.735456738,1452700,1298
2.735456738,1452846,146
2.737641437,1454160,1314
2.737641437,1454290,130
2.739904172,1455620,1330
2.739904172,1455734,114
2.742082214,1457080,1346
2.742082214,1457178,98
2.744260256,1458540,1362
2.744260256,1458622,82
2.746438298,1460000,1378
2.746438298,1460066,66
2.748616260,1461460,1394
2.748616260,1461510,50
2.750792890,1462920,1410
2.750792890,1462954,34
2.752934577,1464380,1426
2.752934577,1464398,18
2.754996451,1465840,1442
2.754996451,1465842,2
2.757064289,1467294,1452
2.759127100,1467300,6
2.759127100,1468739,1439
2.761189911,1468760,21
2.761189911,1470184,1424
2.763252722,1470220,36
2.763252722,1471629,1409
2.765315533,1471680,51
2.765315533,1473074,1394
2.767458557,1473140,66
2.767458557,1474518,1378
2.769521368,1474600,82
2.769521368,1475962,1362
2.771584179,1476060,98
2.771584179,1477406,1346
2.773646990,1477520,114
2.773646990,1478850,1330
2.775710201,1478980,130
2.775710201,1480294,1314
2.777779296,1480440,146
2.777779296,1481738,1298
2.779922320,1481900,162
2.779922320,1483182,1282
2.781985131,1483360,178
2.781985131,1484626,1266
2.784047942,1484820,194
2.784047942,1486070,1250
2.786110753,1486280,210
2.786110753,1487514,1234
2.788173564,1487740,226
2.788173564,1488958,1218
2.790236375,1489200,242
2.790236375,1490402,1202
2.792299186,1490660,258
2.792299186,1491846,1186
2.794442610,1492120,274
2.794442610,1493290,1170
2.796511705,1493580,290
2.796511705,1494734,1154
2.798574516,1495040,306
2.798574516,1496178,1138
2.800637327,1496500,322
2.800637327,1497622,1122
2.802700138,1497960,338
2.802700138,1499066,1106
2.804762949,1499420,354
2.804762949,1500510,1090
2.806905973,1500880,370
2.806905973,1501954,1074
2.808968784,1502340,386
2.808968784,1503398,1058
2.811524782,1503800,402
2.811524782,1504842,1042
2.813587593,1505260,418
2.813587593,1506286,1026
2.815650804,1506720,434
2.815650804,1507730,1010
2.817800112,1508180,450
2.817800112,1509174,994
2.819862923,1509640,466
2.819862923,1510618,978
2.822506742,1511100,482
2.822506742,1512062,962
2.824569553,1512560,498
2.824569553,1513506,946
2.826632364,1514020,514
2.826632364,1514950,930
2.828695175,1515480,530
2.828695175,1516394,914
2.830757986,1516940,546
2.830757986,1517838,898
2.833481645,1518400,562
2.833481645,1519282,882
2.835544856,1519860,578
2.835544856,1520726,866
2.837613951,1521320,594
2.837613951,1522170,850
2.840022828,1522780,610
2.840022828,1523614,834
2.842085639,1524240,626
2.842085639,1525058,818
2.844148450,1525700,642
2.844148450,1526502,802
2.846291474,1527160,658
2.846291474,1527946,786
2.848354285,1528620,674
2.848354285,1529390,770
2.850997651,1530080,690
2.850997651,1530834,754
2.853140416,1531540,706
2.853140416,1532278,738
2.855283181,1533000,722
2.855283181,1533722,722
2.857426346,1534460,738
2.857426346,1535166,706
2.859575655,1535920,754
2.859575655,1536610,690
2.861718420,1537380,770
2.861718420,1538054,674
2.863944507,1538840,786
2.863944507,1539498,658
2.866087272,1540300,802
2.866087272,1540942,642
2.868230037,1541760,818
2.868230037,1542386,626
2.870372802,1543220,834
2.870372802,1543830,610
2.872515567,1544680,850
2.872515567,1545274,594
2.874658332,1546140,866
2.874658332,1546718,578
2.876884819,1547600,882
2.876884819,1548162,562
2.879034128,1549060,898
2.879034128,1549606,546
2.881176893,1550520,914
2.881176893,1551050,530
2.883319658,1551980,930
2.883319658,1552494,514
2.885462423,1553440,946
2.885462423,1553938,498
2.887605188,1554900,962
2.887605188,1555382,482
2.889747953,1556360,978
2.889747953,1556826,466
2.891974040,1557820,994
2.891974040,1558270,450
2.894116805,1559280,1010
2.894116805,1559714,434
2.896259570,1560740,1026
2.896259570,1561158,418
2.898402735,1562200,1042
2.898402735,1562602,402
2.900552044,1563660,1058
2.900552044,1564046,386
2.902694809,1565120,1074
2.902694809,1565490,370
2.904920896,1566580,1090
2.904920896,1566934,354
2.907063661,1568040,1106
2.907063661,1568378,338
2.909206426,1569500,1122
2.909206426,1569822,322
2.911349191,1570960,1138
2.911349191,1571266,306
2.913491956,1572420,1154
2.913491956,1572710,290
2.915718043,1573880,1170
2.915718043,1574154,274
2.917861208,1575340,1186
2.917861208,1575598,258
2.920010517,1576800,1202
2.920010517,1577042,242
2.922153282,1578260,1218
2.922153282,1578486,226
2.924296047,1579720,1234
2.924296047,1579930,210
2.926438812,1581180,1250
2.926438812,1581374,194
2.928581577,1582640,1266
2.928581577,1582818,178
2.930807664,1584100,1282
2.930807664,1584262,162
2.932950429,1585560,1298
2.932950429,1585706,146
2.935093194,1587020,1314
2.935093194,1587150,130
2.937235959,1588480,1330
2.937235959,1588594,114
2.939379124,1589940,1346
2.939379124,1590038,98
2.941528433,1591400,1362
2.941528433,1591482,82
2.943754520,1592860,1378
2.943754520,1592926,66
2.945897205,1594320,1394
2.945897205,1594370,50
2.948038582,1595780,1410
2.948038582,1595814,34
2.950179959,1597240,1426
2.950179959,1597258,18
2.952303829,1598700,1442
2.952303829,1598702,2
2.954427779,1600154,1452
2.956553027,1600160,6
2.956553027,1601599,1439
2.958761315,1601620,21
2.958761315,1603044,1424
2.960893050,1603080,36
2.960893050,1604489,1409
2.963018298,1604540,51
2.963018298,1605934,1394
2.965143546,1606000,66
2.965143546,1607378,1378
2.967268794,1607460,82
2.967268794,1608822,1362
2.969394042,1608920,98
2.969394042,1610266,1346
2.971601930,1610380,114
2.971601930,1611710,1330
2.973727178,1611840,130
2.973727178,1613154,1314
2.975852426,1613300,146
2.975852426,1614598,1298
2.977977674,1614760,162
2.977977674,1616042,1282
2.980103322,1616220,178
2.980103322,1617486,1266
2.982317697,1617680,194
2.982317697,1618930,1250
2.984442945,1619140,210
2.984442945,1620374,1234
2.986568193,1620600,226
2.986568193,1621818,1218
2.988693441,1622060,242
2.988693441,1623262,1202
2.990818689,1623520,258
2.990818689,1624706,1186
2.992943937,1624980,274
2.992943937,1626150,1170
2.995069185,1626440,290
2.995069185,1627594,1154
2.997194433,1627900,306
2.997194433,1629038,1138
2.999402721,1629360,322
2.999402721,1630482,1122
3.001534456,1630820,338
3.001534456,1631926,1106
3.003659704,1632280,354
3.003659704,1633370,1090
3.005784952,1633740,370
3.005784952,1634814,1074
3.007910200,1635200,386
3.007910200,1636258,1058
3.010118088,1636660,402
3.010118088,1637702,1042
3.012243336,1638120,418
3.012243336,1639146,1026
3.014368584,1639580,434
3.014368584,1640590,1010
3.016493832,1641040,450
3.016493832,1642034,994
3.018619080,1642500,466
3.018619080,1643478,978
3.020744728,1643960,482
3.020744728,1644922,962
3.022876463,1645420,498
3.022876463,1646366,946
3.025084351,1646880,514
3.025084351,1647810,930
3.027209599,1648340,530
3.027209599,1649254,914
3.029334847,1649800,546
3.029334847,1650698,898
3.031460095,1651260,562
3.031460095,1652142,882
3.033585343,1652720,578
3.033585343,1653586,866
3.035710591,1654180,594
3.035710591,1655030,850
3.037918479,1655640,610
3.037918479,1656474,834
3.040044127,1657100,626
3.040044127,1657918,818
3.042175862,1658560,642
3.042175862,1659362,802
3.044301110,1660020,658
3.044301110,1660806,786
3.046426358,1661480,674
3.046426358,1662250,770
3.048551606,1662940,690
3.048551606,1663694,754
3.050676854,1664400,706
3.050676854,1665138,738
3.052866328,1665860,722
3.052866328,1666582,722
3.054973851,1667320,738
3.054973851,1668026,706
3.057081374,1668780,754
3.057081374,1669470,690
3.059188897,1670240,770
3.059188897,1670914,674
3.061296820,1671700,786
3.061296820,1672358,658
3.063410772,1673160,802
3.063410772,1673802,642
3.065600246,1674620,818
3.065600246,1675246,626
3.067707769,1676080,834
3.067707769,1676690,610
3.069815292,1677540,850
3.069815292,1678134,594
3.071922815,1679000,866
3.071922815,1679578,578
3.074030338,1680460,882
3.074030338,1681022,562
3.076219812,1681920,898
3.076219812,1682466,546
3.078327335,1683380,914
3.078327335,1683910,530
3.080435258,1684840,930
3.080435258,1685354,514
3.082549210,1686300,946
3.082549210,1686798,498
3.084656733,1687760,962
3.084656733,1688242,482
3.086764256,1689220,978
3.086764256,1689686,466
3.088871779,1690680,994
3.088871779,1691130,450
3.091061253,1692140,1010
3.091061253,1692574,434
3.093168776,1693600,1026
3.093168776,1694018,418
3.095276299,1695060,1042
3.095276299,1695462,402
3.097383822,1696520,1058
3.097383822,1696906,386
3.099491345,1697980,1074
3.099491345,1698350,370
3.101599268,1699440,1090
3.101599268,1699794,354
3.103795171,1700900,1106
3.103795171,1701238,338
3.105902694,1702360,1122
3.105902694,1702682,322
3.108010217,1703820,1138
3.108010217,1704126,306
3.110117740,1705280,1154
3.110117740,1705570,290
3.112225263,1706740,1170
3.112225263,1707014,274
3.114332786,1708200,1186
3.114332786,1708458,258
3.116440309,1709660,1202
3.116440309,1709902,242
3.118629783,1711120,1218
3.118629783,1711346,226
3.120737706,1712580,1234
3.120737706,1712790,210
3.122851658,1714040,1250
3.122851658,1714234,194
3.124959181,1715500,1266
3.124959181,1715678,178
3.127066704,1716960,1282
3.127066704,1717122,162
3.129174227,1718420,1298
3.129174227,1718566,146
3.131363701,1719880,1314
3.131363701,1720010,130
3.133471224,1721340,1330
3.133471224,1721454,114
3.135578747,1722800,1346
3.135578747,1722898,98
3.137686270,1724260,1362
3.137686270,1724342,82
3.139793793,1725720,1378
3.139793793,1725786,66
3.141901636,1727180,1394
3.141901636,1727230,50
3.144014222,1728640,1410
3.144014222,1728674,34
3.146202330,1730100,1426
3.146202330,1730118,18
3.148308487,1731560,1442
3.148308487,1731562,2
3.150414724,1733014,1452
3.152620758,1733020,6
3.152620758,1734459,1439
3.154826792,1734480,21
3.154826792,1735904,1424
3.157032826,1735940,36
3.157032826,1737349,1409
3.159238860,1737400,51
3.159238860,1738794,1394
3.161531076,1738860,66
3.161531076,1740238,1378
3.163743859,1740320,82
3.163743859,1741682,1362
3.165949893,1741780,98
3.165949893,1743126,1346
3.168155927,1743240,114
3.168155927,1744570,1330
3.170361961,1744700,130
3.170361961,1746014,1314
3.172653777,1746160,146
3.172653777,1747458,1298
3.174859811,1747620,162
3.174859811,1748902,1282
3.177065845,1749080,178
3.177065845,1750346,1266
3.179271879,1750540,194
3.179271879,1751790,1250
3.181477913,1752000,210
3.181477913,1753234,1234
3.183684347,1753460,226
3.183684347,1754678,1218
3.185897130,1754920,242
3.185897130,1756122,1202
3.188188946,1756380,258
3.188188946,1757566,1186
3.190394980,1757840,274
3.190394980,1759010,1170
3.192601014,1759300,290
3.192601014,1760454,1154
3.194807048,1760760,306
3.194807048,1761898,1138
3.197013082,1762220,322
3.197013082,1763342,1122
3.199219116,1763680,338
3.199219116,1764786,1106
3.201510932,1765140,354
3.201510932,1766230,1090
3.203717366,1766600,370
3.203717366,1767674,1074
3.205930149,1768060,386
3.205930149,1769118,1058
3.208136183,1769520,402
3.208136183,1770562,1042
3.210342217,1770980,418
3.210342217,1772006,1026
3.212548251,1772440,434
3.212548251,1773450,1010
3.214754285,1773900,450
3.214754285,1774894,994
3.217046101,1775360,466
3.217046101,1776338,978
3.219252135,1776820,482
3.219252135,1777782,962
3.221458169,1778280,498
3.221458169,1779226,946
3.223664203,1779740,514
3.223664203,1780670,930
3.225870637,1781200,530
3.225870637,1782114,914
3.228083420,1782660,546
3.228083420,1783558,898
3.230375236,1784120,562
3.230375236,1785002,882
3.232581270,1785580,578
3.232581270,1786446,866
3.234787304,1787040,594
3.234787304,1787890,850
3.236993338,1788500,610
3.236993338,1789334,834
3.239199372,1789960,626
3.239199372,1790778,818
3.241405406,1791420,642
3.241405406,1792222,802
3.243611440,1792880,658
3.243611440,1793666,786
3.245903656,1794340,674
3.245903656,1795110,770
3.248116439,1795800,690
3.248116439,1796554,754
3.250322473,1797260,706
3.250322473,1797998,738
3.252711972,1798720,722
3.252711972,1799442,722
3.255101471,1800180,738
3.255101471,1800886,706
3.257490970,1801640,754
3.257490970,1802330,690
3.259973385,1803100,770
3.259973385,1803774,674
3.262362884,1804560,786
3.262362884,1805218,658
3.264752383,1806020,802
3.264752383,1806662,642
3.267141882,1807480,818
3.267141882,1808106,626
3.269531781,1808940,834
3.269531781,1809550,610
3.272021539,1810400,850
3.272021539,1810994,594
3.274411038,1811860,866
3.274411038,1812438,578
3.276800537,1813320,882
3.276800537,1813882,562
3.279190036,1814780,898
3.279190036,1815326,546
3.281579535,1816240,914
3.281579535,1816770,530
3.283969034,1817700,930
3.283969034,1818214,514
3.286358533,1819160,946
3.286358533,1819658,498
3.288748032,1820620,962
3.288748032,1821102,482
3.291230847,1822080,978
3.291230847,1822546,466
3.293627689,1823540,994
3.293627689,1823990,450
3.296017188,1825000,1010
3.296017188,1825434,434
3.298406687,1826460,1026
3.298406687,1826878,418
3.300796186,1827920,1042
3.300796186,1828322,402
3.303278601,1829380,1058
3.303278601,1829766,386
3.305668100,1830840,1074
3.305668100,1831210,370
3.308057599,1832300,1090
3.308057599,1832654,354
3.310447098,1833760,1106
3.310447098,1834098,338
3.312836597,1835220,1122
3.312836597,1835542,322
3.315226496,1836680,1138
3.315226496,1836986,306
3.317623338,1838140,1154
3.317623338,1838430,290
3.320012837,1839600,1170
3.320012837,1839874,274
3.322495252,1841060,1186
3.322495252,1841318,258
3.324884751,1842520,1202
3.324884751,1842762,242
3.327274250,1843980,1218
3.327274250,1844206,226
3.329663749,1845440,1234
3.329663749,1845650,210
3.332053248,1846900,1250
3.332053248,1847094,194
3.334535663,1848360,1266
3.334535663,1848538,178
3.336925562,1849820,1282
3.336925562,1849982,162
3.339322404,1851280,1298
3.339322404,1851426,146
3.341711903,1852740,1314
3.341711903,1852870,130
3.344101402,1854200,1330
3.344101402,1854314,114
3.346583817,1855660,1346
3.346583817,1855758,98
3.348973316,1857120,1362
3.348973316,1857202,82
3.351362815,1858580,1378
3.351362815,1858646,66
3.353620136,1860040,1394
3.353620136,1860090,50
3.355876074,1861500,1410
3.355876074,1861534,34
3.358132012,1862960,1426
3.358132012,1862978,18
3.360388350,1864420,1442
3.360388350,1864422,2
3.362651283,1865874,1452
3.364996463,1865880,6
3.364996463,1867319,1439
3.367253864,1867340,21
3.367253864,1868764,1424
3.369511265,1868800,36
3.369511265,1870209,1409
3.371768666,1870260,51
3.371768666,1871654,1394
3.374026067,1871720,66
3.374026067,1873098,1378
3.376371247,1873180,82
3.376371247,1874542,1362
3.378628648,1874640,98
3.378628648,1875986,1346
3.380886449,1876100,114
3.380886449,1877430,1330
3.383150765,1877560,130
3.383150765,1878874,1314
3.385408166,1879020,146
3.385408166,1880318,1298
3.387665567,1880480,162
3.387665567,1881762,1282
3.389922968,1881940,178
3.389922968,1883206,1266
3.392180369,1883400,194
3.392180369,1884650,1250
3.394525549,1884860,210
3.394525549,1886094,1234
3.396782950,1886320,226
3.396782950,1887538,1218
3.399040351,1887780,242
3.399040351,1888982,1202
3.401297752,1889240,258
3.401297752,1890426,1186
3.403555553,1890700,274
3.403555553,1891870,1170
3.405907648,1892160,290
3.405907648,1893314,1154
3.408165049,1893620,306
3.408165049,1894758,1138
3.410422450,1895080,322
3.410422450,1896202,1122
3.412679851,1896540,338
3.412679851,1897646,1106
3.414937252,1898000,354
3.414937252,1899090,1090
3.417194653,1899460,370
3.417194653,1900534,1074
3.419452054,1900920,386
3.419452054,1901978,1058
3.421709455,1902380,402
3.421709455,1903422,1042
3.424055035,1903840,418
3.424055035,1904866,1026
3.426319351,1905300,434
3.426319351,1906310,1010
3.428576752,1906760,450
3.428576752,1907754,994
3.430834153,1908220,466
3.430834153,1909198,978
3.433091554,1909680,482
3.433091554,1910642,962
3.435436734,1911140,498
3.435436734,1912086,946
3.437694135,1912600,514
3.437694135,1913530,930
3.439951536,1914060,530
3.439951536,1914974,914
3.442208937,1915520,546
3.442208937,1916418,898
3.444466338,1916980,562
3.444466338,1917862,882
3.446818833,1918440,578
3.446818833,1919306,866
3.449076234,1919900,594
3.449076234,1920750,850
3.451333635,1921360,610
3.451333635,1922194,834
3.453559072,1922820,626
3.453559072,1923638,818
3.455784509,1924280,642
3.455784509,1925082,802
3.458009946,1925740,658
3.458009946,1926526,786
3.460235383,1927200,674
3.460235383,1927970,770
3.462460820,1928660,690
3.462460820,1929414,754
3.464772793,1930120,706
3.464772793,1930858,738
3.466998630,1931580,722
3.466998630,1932302,722
3.469230878,1933040,738
3.469230878,1933746,706
3.471456315,1934500,754
3.471456315,1935190,690
3.473681752,1935960,770
3.473681752,1936634,674
3.475907189,1937420,786
3.475907189,1938078,658
3.478219162,1938880,802
3.478219162,1939522,642
3.480444599,1940340,818
3.480444599,1940966,626
3.482670036,1941800,834
3.482670036,1942410,610
3.484895473,1943260,850
3.484895473,1943854,594
3.487120910,1944720,866
3.487120910,1945298,578
3.489346747,1946180,882
3.489346747,1946742,562
3.491578995,1947640,898
3.491578995,1948186,546
3.493804432,1949100,914
3.493804432,1949630,530
3.496116405,1950560,930
3.496116405,1951074,514
3.498341842,1952020,946
3.498341842,1952518,498
3.500567279,1953480,962
3.500567279,1953962,482
3.502792716,1954940,978
3.502792716,1955406,466
3.505018153,1956400,994
3.505018153,1956850,450
3.507330126,1957860,1010
3.507330126,1958294,434
3.509555963,1959320,1026
3.509555963,1959738,418
3.511788211,1960780,1042
3.511788211,1961182,402
3.514013648,1962240,1058
3.514013648,1962626,386
3.516239085,1963700,1074
3.516239085,1964070,370
3.518464522,1965160,1090
3.518464522,1965514,354
3.520689959,1966620,1106
3.520689959,1966958,338
3.522915396,1968080,1122
3.522915396,1968402,322
3.525227369,1969540,1138
3.525227369,1969846,306
3.527452806,1971000,1154
3.527452806,1971290,290
3.529678243,1972460,1170
3.529678243,1972734,274
3.531904080,1973920,1186
3.531904080,1974178,258
3.534136328,1975380,1202
3.534136328,1975622,242
3.536448301,1976840,1218
3.536448301,1977066,226
3.538673738,1978300,1234
3.538673738,1978510,210
3.540899175,1979760,1250
3.540899175,1979954,194
3.543124612,1981220,1266
3.543124612,1981398,178
3.545350049,1982680,1282
3.545350049,1982842,162
3.547662022,1984140,1298
3.547662022,1984286,146
3.549887459,1985600,1314
3.549887459,1985730,130
3.552113296,1987060,1330
3.552113296,1987174,114
3.554337028,1988520,1346
3.554337028,1988618,98
3.556553976,1989980,1362
3.556553976,1990062,82
3.558770924,1991440,1378
3.558770924,1991506,66
3.560987792,1992900,1394
3.560987792,1992950,50
3.563203304,1994360,1410
3.563203304,1994394,34
3.565505022,1995820,1426
3.565505022,1995838,18
3.567720534,1997280,1442
3.567720534,1997282,2
3.569936126,1998734,1452
3.572153074,1998740,6
3.572153074,2000179,1439
3.574370422,2000200,21
3.574370422,2001624,1424
3.576680360,2001660,36
3.576680360,2003069,1409
3.578897308,2003120,51
3.578897308,2004514,1394
3.581114256,2004580,66
3.581114256,2005958,1378
3.583331204,2006040,82
3.583331204,2007402,1362
3.585548152,2007500,98
3.585548152,2008846,1346
3.587765100,2008960,114
3.587765100,2010290,1330
3.589982048,2010420,130
3.589982048,2011734,1314
3.592198996,2011880,146
3.592198996,2013178,1298
3.594502550,2013340,162
3.594502550,2014622,1282
3.596726282,2014800,178
3.596726282,2016066,1266
3.598943230,2016260,194
3.598943230,2017510,1250
3.601160178,2017720,210
3.601160178,2018954,1234
3.603377126,2019180,226
3.603377126,2020398,1218
3.605680280,2020640,242
3.605680280,2021842,1202
3.607897228,2022100,258
3.607897228,2023286,1186
3.610114176,2023560,274
3.610114176,2024730,1170
3.612331124,2025020,290
3.612331124,2026174,1154
3.614548072,2026480,306
3.614548072,2027618,1138
3.616858410,2027940,322
3.616858410,2029062,1122
3.619075358,2029400,338
3.619075358,2030506,1106
3.621292306,2030860,354
3.621292306,2031950,1090
3.623509254,2032320,370
3.623509254,2033394,1074
3.625726202,2033780,386
3.625726202,2034838,1058
3.627943150,2035240,402
3.627943150,2036282,1042
3.630160098,2036700,418
3.630160098,2037726,1026
3.632377046,2038160,434
3.632377046,2039170,1010
3.634680200,2039620,450
3.634680200,2040614,994
3.636897548,2041080,466
3.636897548,2042058,978
3.639121280,2042540,482
3.639121280,2043502,962
3.641338228,2044000,498
3.641338228,2044946,946
3.643555176,2045460,514
3.643555176,2046390,930
3.645858330,2046920,530
3.645858330,2047834,914
3.648075278,2048380,546
3.648075278,2049278,898
3.650292226,2049840,562
3.650292226,2050722,882
3.652505605,2051300,578
3.652505605,2052166,866
3.654718984,2052760,594
3.654718984,2053610,850
3.656932363,2054220,610
3.656932363,2055054,834
3.659146142,2055680,626
3.659146142,2056498,818
3.661366293,2057140,642
3.661366293,2057942,802
3.663665739,2058600,658
3.663665739,2059386,786
3.665879118,2060060,674
3.665879118,2060830,770
3.668092497,2061520,690
3.668092497,2062274,754
3.670305876,2062980,706
3.670305876,2063718,738
3.672519255,2064440,722
3.672519255,2065162,722
3.674818701,2065900,738
3.674818701,2066606,706
3.677032080,2067360,754
3.677032080,2068050,690
3.679245859,2068820,770
3.679245859,2069494,674
3.681466010,2070280,786
3.681466010,2070938,658
3.683679389,2071740,802
3.683679389,2072382,642
3.685892768,2073200,818
3.685892768,2073826,626
3.688106147,2074660,834
3.688106147,2075270,610
3.690319526,2076120,850
3.690319526,2076714,594
3.692618972,2077580,866
3.692618972,2078158,578
3.694832351,2079040,882
3.694832351,2079602,562
3.697045730,2080500,898
3.697045730,2081046,546
3.699259109,2081960,914
3.699259109,2082490,530
3.701472888,2083420,930
3.701472888,2083934,514
3.703779106,2084880,946
3.703779106,2085378,498
3.705992485,2086340,962
3.705992485,2086822,482
3.708205864,2087800,978
3.708205864,2088266,466
3.710419243,2089260,994
3.710419243,2089710,450
3.712632622,2090720,1010
3.712632622,2091154,434
3.714932068,2092180,1026
3.714932068,2092598,418
3.717145447,2093640,1042
3.717145447,2094042,402
3.719358826,2095100,1058
3.719358826,2095486,386
3.721572605,2096560,1074
3.721572605,2096930,370
3.723792756,2098020,1090
3.723792756,2098374,354
3.726006135,2099480,1106
3.726006135,2099818,338
3.728219514,2100940,1122
3.728219514,2101262,322
3.730432893,2102400,1138
3.730432893,2102706,306
3.732732339,2103860,1154
3.732732339,2104150,290
3.734945718,2105320,1170
3.734945718,2105594,274
3.737159097,2106780,1186
3.737159097,2107038,258
3.739372476,2108240,1202
3.739372476,2108482,242
3.741585855,2109700,1218
3.741585855,2109926,226
3.743892474,2111160,1234
3.743892474,2111370,210
3.746105853,2112620,1250
3.746105853,2112814,194
3.748319232,2114080,1266
3.748319232,2114258,178
3.750532611,2115540,1282
3.750532611,2115702,162
3.752662330,2117000,1298
3.752662330,2117146,146
3.754792049,2118460,1314
3.754792049,2118590,130
3.756921768,2119920,1330
3.756921768,2120034,114
3.759051487,2121380,1346
3.759051487,2121478,98
3.761264020,2122840,1362
3.761264020,2122922,82
3.763394139,2124300,1378
3.763394139,2124366,66
3.765530279,2125760,1394
3.765530279,2125810,50
3.767658617,2127220,1410
3.767658617,2127254,34
3.769786955,2128680,1426
3.769786955,2128698,18
3.771998107,2130140,1442
3.771998107,2130142,2
3.774126525,2131594,1452
3.776256244,2131600,6
3.776256244,2133039,1439
3.778385963,2133060,21
3.778385963,2134484,1424
3.780515682,2134520,36
3.780515682,2135929,1409
3.782645401,2135980,51
3.782645401,2137374,1394
3.784775520,2137440,66
3.784775520,2138818,1378
3.786911740,2138900,82
3.786911740,2140262,1362
3.789041459,2140360,98
3.789041459,2141706,1346
3.791253992,2141820,114
3.791253992,2143150,1330
3.793383711,2143280,130
3.793383711,2144594,1314
3.795513430,2144740,146
3.795513430,2146038,1298
3.797643149,2146200,162
3.797643149,2147482,1282
3.799772868,2147660,178
3.799772868,2148926,1266
3.801985401,2149120,194
3.801985401,2150370,1250
3.804115520,2150580,210
3.804115520,2151814,1234
3.806251740,2152040,226
3.806251740,2153258,1218
3.808381459,2153500,242
3.808381459,2154702,1202
3.810511178,2154960,258
3.810511178,2156146,1186
3.812723711,2156420,274
3.812723711,2157590,1170
3.814853430,2157880,290
3.814853430,2159034,1154
3.816983149,2159340,306
3.816983149,2160478,1138
3.819112868,2160800,322
3.819112868,2161922,1122
3.821242587,2162260,338
3.821242587,2163366,1106
3.823372306,2163720,354
3.823372306,2164810,1090
3.825502425,2165180,370
3.825502425,2166254,1074
3.827638645,2166640,386
3.827638645,2167698,1058
3.829851178,2168100,402
3.829851178,2169142,1042
3.831980897,2169560,418
3.831980897,2170586,1026
3.834110616,2171020,434
3.834110616,2172030,1010
3.836240335,2172480,450
3.836240335,2173474,994
3.838370054,2173940,466
3.838370054,2174918,978
3.840582587,2175400,482
3.840582587,2176362,962
3.842712306,2176860,498
3.842712306,2177806,946
3.844842425,2178320,514
3.844842425,2179250,930
3.846978645,2179780,530
3.846978645,2180694,914
3.849108364,2181240,546
3.849108364,2182138,898
3.851238083,2182700,562
3.851238083,2183582,882
3.853565184,2184160,578
3.853565184,2185026,866
3.855892285,2185620,594
3.855892285,2186470,850
3.858309876,2187080,610
3.858309876,2187914,834
3.860636977,2188540,626
3.860636977,2189358,818
3.862964078,2190000,642
3.862964078,2190802,802
3.865291179,2191460,658
3.865291179,2192246,786
3.867618680,2192920,674
3.867618680,2193690,770
3.870043412,2194380,690
3.870043412,2195134,754
3.872370513,2195840,706
3.872370513,2196578,738
3.874697614,2197300,722
3.874697614,2198022,722
3.877024715,2198760,738
3.877024715,2199466,706
3.879351816,2200220,754
3.879351816,2200910,690
3.881678917,2201680,770
3.881678917,2202354,674
3.884006018,2203140,786
3.884006018,2203798,658
3.886333119,2204600,802
3.886333119,2205242,642
3.888751110,2206060,818
3.888751110,2206686,626
3.891085352,2207520,834
3.891085352,2208130,610
3.893412453,2208980,850
3.893412453,2209574,594
3.895739554,2210440,866
3.895739554,2211018,578
3.898066655,2211900,882
3.898066655,2212462,562
3.900484246,2213360,898
3.900484246,2213906,546
3.902811347,2214820,914
3.902811347,2215350,530
3.905138448,2216280,930
3.905138448,2216794,514
3.907465549,2217740,946
3.907465549,2218238,498
3.909792650,2219200,962
3.909792650,2219682,482
3.912217781,2220660,978
3.912217781,2221126,466
3.914544882,2222120,994
3.914544882,2222570,450
3.916871983,2223580,1010
3.916871983,2224014,434
3.919199084,2225040,1026
3.919199084,2225458,418
3.921526185,2226500,1042
3.921526185,2226902,402
3.923853286,2227960,1058
3.923853286,2228346,386
3.926180387,2229420,1074
3.926180387,2229790,370
3.928507488,2230880,1090
3.928507488,2231234,354
3.930925079,2232340,1106
3.930925079,2232678,338
3.933252580,2233800,1122
3.933252580,2234122,322
3.935586822,2235260,1138
3.935586822,2235566,306
3.937913923,2236720,1154
3.937913923,2237010,290
3.940241024,2238180,1170
3.940241024,2238454,274
3.942658615,2239640,1186
3.942658615,2239898,258
3.944985716,2241100,1202
3.944985716,2241342,242
3.947312817,2242560,1218
3.947312817,2242786,226
3.949639918,2244020,1234
3.949639918,2244230,210
3.951967019,2245480,1250
3.951967019,2245674,194
3.954056023,2246940,1266
3.954056023,2247118,178
3.956145427,2248400,1282
3.956145427,2248562,162
3.958240800,2249860,1298
3.958240800,2250006,146
3.960411035,2251320,1314
3.960411035,2251450,130
3.962500039,2252780,1330
3.962500039,2252894,114
3.964589043,2254240,1346
3.964589043,2254338,98
3.966678047,2255700,1362
3.966678047,2255782,82
3.968767051,2257160,1378
3.968767051,2257226,66
3.970937206,2258620,1394
3.970937206,2258670,50
3.973024856,2260080,1410
3.973024856,2260114,34
3.975112906,2261540,1426
3.975112906,2261558,18
3.977206925,2263000,1442
3.977206925,2263002,2
3.979294655,2264454,1452
3.981383659,2264460,6
3.981383659,2265899,1439
3.983472663,2265920,21
3.983472663,2267344,1424
3.985561667,2267380,36
3.985561667,2268789,1409
3.987731902,2268840,51
3.987731902,2270234,1394
3.989820906,2270300,66
3.989820906,2271678,1378
3.991909910,2271760,82
3.991909910,2273122,1362
3.993998914,2273220,98
3.993998914,2274566,1346
3.996088318,2274680,114
3.996088318,2276010,1330
3.998264922,2276140,130
3.998264922,2277454,1314
4.000353926,2277600,146
4.000353926,2278898,1298
4.002442930,2279060,162
4.002442930,2280342,1282
4.004531934,2280520,178
4.004531934,2281786,1266
4.006620938,2281980,194
4.006620938,2283230,1250
4.008791173,2283440,210
4.008791173,2284674,1234
4.010880177,2284900,226
4.010880177,2286118,1218
4.012969181,2286360,242
4.012969181,2287562,1202
4.015058585,2287820,258
4.015058585,2289006,1186
4.017153958,2289280,274
4.017153958,2290450,1170
4.019242962,2290740,290
4.019242962,2291894,1154
4.021331966,2292200,306
4.021331966,2293338,1138
4.023420970,2293660,322
4.023420970,2294782,1122
4.025591205,2295120,338
4.025591205,2296226,1106
4.027680209,2296580,354
4.027680209,2297670,1090
4.029769213,2298040,370
4.029769213,2299114,1074
4.031858217,2299500,386
4.031858217,2300558,1058
4.033947221,2300960,402
4.033947221,2302002,1042
4.036124225,2302420,418
4.036124225,2303446,1026
4.038213229,2303880,434
4.038213229,2304890,1010
4.040302233,2305340,450
4.040302233,2306334,994
4.042391237,2306800,466
4.042391237,2307778,978
4.044480241,2308260,482
4.044480241,2309222,962
4.046569245,2309720,498
4.046569245,2310666,946
4.048658249,2311180,514
4.048658249,2312110,930
4.050747253,2312640,530
4.050747253,2313554,914
4.053078446,2314100,546
4.053078446,2314998,898
4.055322783,2315560,562
4.055322783,2316442,882
4.057573591,2317020,578
4.057573591,2317886,866
4.059817528,2318480,594
4.059817528,2319330,850
4.062061465,2319940,610
4.062061465,2320774,834
4.064392658,2321400,626
4.064392658,2322218,818
4.066636595,2322860,642
4.066636595,2323662,802
4.068880532,2324320,658
4.068880532,2325106,786
4.071124469,2325780,674
4.071124469,2326550,770
4.073368406,2327240,690
4.073368406,2327994,754
4.075699999,2328700,706
4.075699999,2329438,738
4.077950807,2330160,722
4.077950807,2330882,722
4.080194744,2331620,738
4.080194744,2332326,706
4.082438681,2333080,754
4.082438681,2333770,690
4.084682618,2334540,770
4.084682618,2335214,674
4.086926555,2336000,786
4.086926555,2336658,658
4.089170492,2337460,802
4.089170492,2338102,642
4.091414429,2338920,818
4.091414429,2339546,626
4.093745622,2340380,834
4.093745622,2340990,610
4.095989559,2341840,850
4.095989559,2342434,594
4.098233896,2343300,866
4.098233896,2343878,578
4.100484704,2344760,882
4.100484704,2345322,562
4.102728641,2346220,898
4.102728641,2346766,546
4.104972578,2347680,914
4.104972578,2348210,530
4.107303771,2349140,930
4.107303771,2349654,514
4.109547708,2350600,946
4.109547708,2351098,498
4.111791645,2352060,962
4.111791645,2352542,482
4.114035582,2353520,978
4.114035582,2353986,466
4.116279519,2354980,994
4.116279519,2355430,450
4.118523456,2356440,1010
4.118523456,2356874,434
4.120767793,2357900,1026
4.120767793,2358318,418
4.123018601,2359360,1042
4.123018601,2359762,402
4.125349794,2360820,1058
4.125349794,2361206,386
4.127593731,2362280,1074
4.127593731,2362650,370
4.129837668,2363740,1090
4.129837668,2364094,354
4.132081605,2365200,1106
4.132081605,2365538,338
4.134325542,2366660,1122
4.134325542,2366982,322
4.136656735,2368120,1138
4.136656735,2368426,306
4.138900672,2369580,1154
4.138900672,2369870,290
4.141145009,2371040,1170
4.141145009,2371314,274
4.143395817,2372500,1186
4.143395817,2372758,258
4.145639754,2373960,1202
4.145639754,2374202,242
4.147883691,2375420,1218
4.147883691,2375646,226
4.150127628,2376880,1234
4.150127628,2377090,210
4.152300686,2378340,1250
4.152300686,2378534,194
4.154558244,2379800,1266
4.154558244,2379978,178
4.156731302,2381260,1282
4.156731302,2381422,162
4.158904360,2382720,1298
4.158904360,2382866,146
4.161077418,2384180,1314
4.161077418,2384310,130
4.163250876,2385640,1330
4.163250876,2385754,114
4.165515076,2387100,1346
4.165515076,2387198,98
4.167688134,2388560,1362
4.167688134,2388642,82
4.169861192,2390020,1378
4.169861192,2390086,66
4.172034170,2391480,1394
4.172034170,2391530,50
4.174205820,2392940,1410
4.174205820,2392974,34
4.176461970,2394400,1426
4.176461970,2394418,18
4.178633620,2395860,1442
4.178633620,2395862,2
4.180805350,2397314,1452
4.182978808,2397320,6
4.182978808,2398759,1439
4.185158508,2398780,21
4.185158508,2400204,1424
4.187331566,2400240,36
4.187331566,2401649,1409
4.189504624,2401700,51
4.189504624,2403094,1394
4.191677682,2403160,66
4.191677682,2404538,1378
4.193935240,2404620,82
4.193935240,2405982,1362
4.196108298,2406080,98
4.196108298,2407426,1346
4.198281356,2407540,114
4.198281356,2408870,1330
4.200454414,2409000,130
4.200454414,2410314,1314
4.202627472,2410460,146
4.202627472,2411758,1298
4.204892071,2411920,162
4.204892071,2413202,1282
4.207065129,2413380,178
4.207065129,2414646,1266
4.209238187,2414840,194
4.209238187,2416090,1250
4.211411245,2416300,210
4.211411245,2417534,1234
4.213584303,2417760,226
4.213584303,2418978,1218
4.215757361,2419220,242
4.215757361,2420422,1202
4.217930419,2420680,258
4.217930419,2421866,1186
4.220103477,2422140,274
4.220103477,2423310,1170
4.222361035,2423600,290
4.222361035,2424754,1154
4.224534493,2425060,306
4.224534493,2426198,1138
4.226714193,2426520,322
4.226714193,2427642,1122
4.228887251,2427980,338
4.228887251,2429086,1106
4.231060309,2429440,354
4.231060309,2430530,1090
4.233317867,2430900,370
4.233317867,2431974,1074
4.235490925,2432360,386
4.235490925,2433418,1058
4.237663983,2433820,402
4.237663983,2434862,1042
4.239837041,2435280,418
4.239837041,2436306,1026
4.242010099,2436740,434
4.242010099,2437750,1010
4.244183157,2438200,450
4.244183157,2439194,994
4.246356615,2439660,466
4.246356615,2440638,978
4.248536315,2441120,482
4.248536315,2442082,962
4.250793873,2442580,498
4.250793873,2443526,946
4.252995178,2444040,514
4.252995178,2444970,930
4.255196483,2445500,530
4.255196483,2446414,914
4.257397788,2446960,546
4.257397788,2447858,898
4.259599093,2448420,562
4.259599093,2449302,882
4.261885996,2449880,578
4.261885996,2450746,866
4.264087301,2451340,594
4.264087301,2452190,850
4.266289006,2452800,610
4.266289006,2453634,834
4.268497044,2454260,626
4.268497044,2455078,818
4.270698349,2455720,642
4.270698349,2456522,802
4.272899654,2457180,658
4.272899654,2457966,786
4.275186557,2458640,674
4.275186557,2459410,770
4.277387862,2460100,690
4.277387862,2460854,754
4.279589167,2461560,706
4.279589167,2462298,738
4.281790472,2463020,722
4.281790472,2463742,722
4.283991777,2464480,738
4.283991777,2465186,706
4.286193082,2465940,754
4.286193082,2466630,690
4.288394787,2467400,770
4.288394787,2468074,674
4.290688423,2468860,786
4.290688423,2469518,658
4.292889728,2470320,802
4.292889728,2470962,642
4.295091033,2471780,818
4.295091033,2472406,626
4.297292338,2473240,834
4.297292338,2473850,610
4.299493643,2474700,850
4.299493643,2475294,594
4.301780546,2476160,866
4.301780546,2476738,578
4.303981851,2477620,882
4.303981851,2478182,562
4.306183156,2479080,898
4.306183156,2479626,546
4.308384861,2480540,914
4.308384861,2481070,530
4.310592899,2482000,930
4.310592899,2482514,514
4.312794204,2483460,946
4.312794204,2483958,498
4.314995509,2484920,962
4.314995509,2485402,482
4.317196814,2486380,978
4.317196814,2486846,466
4.319483717,2487840,994
4.319483717,2488290,450
4.321685022,2489300,1010
4.321685022,2489734,434
4.323886327,2490760,1026
4.323886327,2491178,418
4.326087632,2492220,1042
4.326087632,2492622,402
4.328288937,2493680,1058
4.328288937,2494066,386
4.330582973,2495140,1074
4.330582973,2495510,370
4.332784278,2496600,1090
4.332784278,2496954,354
4.334985583,2498060,1106
4.334985583,2498398,338
4.337186888,2499520,1122
4.337186888,2499842,322
4.339388193,2500980,1138
4.339388193,2501286,306
4.341589498,2502440,1154
4.341589498,2502730,290
4.343790803,2503900,1170
4.343790803,2504174,274
4.345992108,2505360,1186
4.345992108,2505618,258
4.348279011,2506820,1202
4.348279011,2507062,242
4.350480716,2508280,1218
4.350480716,2508506,226
4.352798675,2509740,1234
4.352798675,2509950,210
4.355109546,2511200,1250
4.355109546,2511394,194
4.357420417,2512660,1266
4.357420417,2512838,178
4.359821146,2514120,1282
4.359821146,2514282,162
4.362132017,2515580,1298
4.362132017,2515726,146
4.364442888,2517040,1314
4.364442888,2517170,130
4.366753759,2518500,1330
4.366753759,2518614,114
4.369064630,2519960,1346
4.369064630,2520058,98
4.371375501,2521420,1362
4.371375501,2521502,82
4.373783719,2522880,1378
4.373783719,2522946,66
4.376094510,2524340,1394
4.376094510,2524390,50
4.378403883,2525800,1410
4.378403883,2525834,34
4.380713256,2527260,1426
4.380713256,2527278,18
4.383022629,2528720,1442
4.383022629,2528722,2
4.385332082,2530174,1452
4.387642953,2530180,6
4.387642953,2531619,1439
4.390043682,2531640,21
4.390043682,2533064,1424
4.392354553,2533100,36
4.392354553,2534509,1409
4.394665824,2534560,51
4.394665824,2535954,1394
4.396983783,2536020,66
4.396983783,2537398,1378
4.399294654,2537480,82
4.399294654,2538842,1362
4.401695383,2538940,98
4.401695383,2540286,1346
4.404006254,2540400,114
4.404006254,2541730,1330
4.406317125,2541860,130
4.406317125,2543174,1314
4.408627996,2543320,146
4.408627996,2544618,1298
4.410938867,2544780,162
4.410938867,2546062,1282
4.413249738,2546240,178
4.413249738,2547506,1266
4.415560609,2547700,194
4.415560609,2548950,1250
4.417871880,2549160,210
4.417871880,2550394,1234
4.420279697,2550620,226
4.420279697,2551838,1218
4.422590568,2552080,242
4.422590568,2553282,1202
4.424901439,2553540,258
4.424901439,2554726,1186
4.427212310,2555000,274
4.427212310,2556170,1170
4.429523181,2556460,290
4.429523181,2557614,1154
4.431834052,2557920,306
4.431834052,2559058,1138
4.434234781,2559380,322
4.434234781,2560502,1122
4.436545652,2560840,338
4.436545652,2561946,1106
4.438856923,2562300,354
4.438856923,2563390,1090
4.441174882,2563760,370
4.441174882,2564834,1074
4.443485753,2565220,386
4.443485753,2566278,1058
4.445796624,2566680,402
4.445796624,2567722,1042
4.448197353,2568140,418
4.448197353,2569166,1026
4.450508224,2569600,434
4.450508224,2570610,1010
4.452831048,2571060,450
4.452831048,2572054,994
4.455153872,2572520,466
4.455153872,2573498,978
4.457476696,2573980,482
4.457476696,2574942,962
4.459799520,2575440,498
4.459799520,2576386,946
4.462122744,2576900,514
4.462122744,2577830,930
4.464543018,2578360,530
4.464543018,2579274,914
4.466865842,2579820,546
4.466865842,2580718,898
4.469188666,2581280,562
4.469188666,2582162,882
4.471511490,2582740,578
4.471511490,2583606,866
4.473834314,2584200,594
4.473834314,2585050,850
4.476157138,2585660,610
4.476157138,2586494,834
4.478570285,2587120,626
4.478570285,2587938,818
4.480893109,2588580,642
4.480893109,2589382,802
4.483216333,2590040,658
4.483216333,2590826,786
4.485546284,2591500,674
4.485546284,2592270,770
4.487869108,2592960,690
4.487869108,2593714,754
4.490191932,2594420,706
4.490191932,2595158,738
4.492514756,2595880,722
4.492514756,2596602,722
4.494927903,2597340,738
4.494927903,2598046,706
4.497250727,2598800,754
4.497250727,2599490,690
4.499573551,2600260,770
4.499573551,2600934,674
4.501896375,2601720,786
4.501896375,2602378,658
4.504219199,2603180,802
4.504219199,2603822,642
4.506639873,2604640,818
4.506639873,2605266,626
4.508962697,2606100,834
4.508962697,2606710,610
4.511285521,2607560,850
4.511285521,2608154,594
4.513608345,2609020,866
4.513608345,2609598,578
4.515931169,2610480,882
4.515931169,2611042,562
4.518253993,2611940,898
4.518253993,2612486,546
4.520576817,2613400,914
4.520576817,2613930,530
4.522899641,2614860,930
4.522899641,2615374,514
4.525312788,2616320,946
4.525312788,2616818,498
4.527636012,2617780,962
4.527636012,2618262,482
4.529965963,2619240,978
4.529965963,2619706,466
4.532288787,2620700,994
4.532288787,2621150,450
4.534611611,2622160,1010
4.534611611,2622594,434
4.537024758,2623620,1026
4.537024758,2624038,418
4.539347582,2625080,1042
4.539347582,2625482,402
4.541670406,2626540,1058
4.541670406,2626926,386
4.543993230,2628000,1074
4.543993230,2628370,370
4.546316054,2629460,1090
4.546316054,2629814,354
4.548638878,2630920,1106
4.548638878,2631258,338
4.551059552,2632380,1122
4.551059552,2632702,322
4.553463442,2633840,1138
4.553463442,2634146,306
4.555867332,2635300,1154
4.555867332,2635590,290
4.558271222,2636760,1170
4.558271222,2637034,274
4.560675112,2638220,1186
4.560675112,2638478,258
4.563079002,2639680,1202
4.563079002,2639922,242
4.565482892,2641140,1218
4.565482892,2641366,226
4.567980257,2642600,1234
4.567980257,2642810,210
4.570384147,2644060,1250
4.570384147,2644254,194
4.572788437,2645520,1266
4.572788437,2645698,178
4.575199716,2646980,1282
4.575199716,2647142,162
4.577603606,2648440,1298
4.577603606,2648586,146
4.580100971,2649900,1314
4.580100971,2650030,130
4.582504861,2651360,1330
4.582504861,2651474,114
4.584908751,2652820,1346
4.584908751,2652918,98
4.587312641,2654280,1362
4.587312641,2654362,82
4.589716531,2655740,1378
4.589716531,2655806,66
4.592120341,2657200,1394
4.592120341,2657250,50
4.594522673,2658660,1410
4.594522673,2658694,34
4.596925405,2660120,1426
4.596925405,2660138,18
4.599428601,2661580,1442
4.599428601,2661582,2
4.601831013,2663034,1452
4.604234903,2663040,6
4.604234903,2664479,1439
4.606638793,2664500,21
4.606638793,2665924,1424
4.609042683,2665960,36
4.609042683,2667369,1409
4.611540048,2667420,51
4.611540048,2668814,1394
4.613943938,2668880,66
4.613943938,2670258,1378
4.616347828,2670340,82
4.616347828,2671702,1362
4.618752118,2671800,98
4.618752118,2673146,1346
4.621163397,2673260,114
4.621163397,2674590,1330
4.623567287,2674720,130
4.623567287,2676034,1314
4.625971177,2676180,146
4.625971177,2677478,1298
4.628375067,2677640,162
4.628375067,2678922,1282
4.630872432,2679100,178
4.630872432,2680366,1266
4.633276322,2680560,194
4.633276322,2681810,1250
4.635680212,2682020,210
4.635680212,2683254,1234
4.638084102,2683480,226
4.638084102,2684698,1218
4.640487992,2684940,242
4.640487992,2686142,1202
4.642993147,2686400,258
4.642993147,2687586,1186
4.645397037,2687860,274
4.645397037,2689030,1170
4.647800927,2689320,290
4.647800927,2690474,1154
4.650204817,2690780,306
4.650204817,2691918,1138
4.652422724,2692240,322
4.652422724,2693362,1122
4.654640631,2693700,338
4.654640631,2694806,1106
4.656944781,2695160,354
4.656944781,2696250,1090
4.659162688,2696620,370
4.659162688,2697694,1074
4.661380595,2698080,386
4.661380595,2699138,1058
4.663598902,2699540,402
4.663598902,2700582,1042
4.665823596,2701000,418
4.665823596,2702026,1026
4.668041503,2702460,434
4.668041503,2703470,1010
4.670259410,2703920,450
4.670259410,2704914,994
4.672563560,2705380,466
4.672563560,2706358,978
4.674781467,2706840,482
4.674781467,2707802,962
4.676999374,2708300,498
4.676999374,2709246,946
4.679217281,2709760,514
4.679217281,2710690,930
4.681435188,2711220,530
4.681435188,2712134,914
4.683739738,2712680,546
4.683739738,2713578,898
4.685964432,2714140,562
4.685964432,2715022,882
4.688182339,2715600,578
4.688182339,2716466,866
4.690400246,2717060,594
4.690400246,2717910,850
4.692618153,2718520,610
4.692618153,2719354,834
4.694836060,2719980,626
4.694836060,2720798,818
4.697053967,2721440,642
4.697053967,2722242,802
4.699271874,2722900,658
4.699271874,2723686,786
4.701576024,2724360,674
4.701576024,2725130,770
4.703793931,2725820,690
4.703793931,2726574,754
4.706012238,2727280,706
4.706012238,2728018,738
4.708236932,2728740,722
4.708236932,2729462,722
4.710454839,2730200,738
4.710454839,2730906,706
4.712758989,2731660,754
4.712758989,2732350,690
4.714976896,2733120,770
4.714976896,2733794,674
4.717194803,2734580,786
4.717194803,2735238,658
4.719412710,2736040,802
4.719412710,2736682,642
4.721630617,2737500,818
4.721630617,2738126,626
4.723848524,2738960,834
4.723848524,2739570,610
4.726066431,2740420,850
4.726066431,2741014,594
4.728284738,2741880,866
4.728284738,2742458,578
4.730595675,2743340,882
4.730595675,2743902,562
4.732813582,2744800,898
4.732813582,2745346,546
4.735031489,2746260,914
4.735031489,2746790,530
4.737249396,2747720,930
4.737249396,2748234,514
4.739467303,2749180,946
4.739467303,2749678,498
4.741771453,2750640,962
4.741771453,2751122,482
4.743989360,2752100,978
4.743989360,2752566,466
4.746207267,2753560,994
4.746207267,2754010,450
4.748425574,2755020,1010
4.748425574,2755454,434
4.750650268,2756480,1026
4.750650268,2756898,418
4.753011633,2757940,1042
4.753011633,2758342,402
4.755464820,2759400,1058
4.755464820,2759786,386
4.757826185,2760860,1074
4.757826185,2761230,370
4.760187550,2762320,1090
4.760187550,2762674,354
4.762548915,2763780,1106
4.762548915,2764118,338
4.764910280,2765240,1122
4.764910280,2765562,322
4.767271645,2766700,1138
4.767271645,2767006,306
4.769633010,2768160,1154
4.769633010,2768450,290
4.772093849,2769620,1170
4.772093849,2769894,274
4.774455214,2771080,1186
4.774455214,2771338,258
4.776816579,2772540,1202
4.776816579,2772782,242
4.779177944,2774000,1218
4.779177944,2774226,226
4.781539309,2775460,1234
4.781539309,2775670,210
4.783900674,2776920,1250
4.783900674,2777114,194
4.786353861,2778380,1266
4.786353861,2778558,178
4.788715226,2779840,1282
4.788715226,2780002,162
4.791076591,2781300,1298
4.791076591,2781446,146
4.793438356,2782760,1314
4.793438356,2782890,130
4.795806973,2784220,1330
4.795806973,2784334,114
4.798168338,2785680,1346
4.798168338,2785778,98
4.800529703,2787140,1362
4.800529703,2787222,82
4.802891068,2788600,1378
4.802891068,2788666,66
4.805344175,2790060,1394
4.805344175,2790110,50
4.807704009,2791520,1410
4.807704009,2791554,34
4.810063843,2792980,1426
4.810063843,2792998,18
4.812423677,2794440,1442
4.812423677,2794442,2
4.814783591,2795894,1452
4.817244430,2795900,6
4.817244430,2797339,1439
4.819605795,2797360,21
4.819605795,2798784,1424
4.821967160,2798820,36
4.821967160,2800229,1409
4.824328525,2800280,51
4.824328525,2801674,1394
4.826689890,2801740,66
4.826689890,2803118,1378
4.829051255,2803200,82
4.829051255,2804562,1362
4.831412620,2804660,98
4.831412620,2806006,1346
4.833773985,2806120,114
4.833773985,2807450,1330
4.836227172,2807580,130
4.836227172,2808894,1314
4.838588937,2809040,146
4.838588937,2810338,1298
4.840957554,2810500,162
4.840957554,2811782,1282
4.843318919,2811960,178
4.843318919,2813226,1266
4.845680284,2813420,194
4.845680284,2814670,1250
4.848133471,2814880,210
4.848133471,2816114,1234
4.850494836,2816340,226
4.850494836,2817558,1218
4.852915100,2817800,242
4.852915100,2819002,1202
4.855335364,2819260,258
4.855335364,2820446,1186
4.857755628,2820720,274
4.857755628,2821890,1170
4.860175892,2822180,290
4.860175892,2823334,1154
4.862698111,2823640,306
4.862698111,2824778,1138
4.865118375,2825100,322
4.865118375,2826222,1122
4.867538639,2826560,338
4.867538639,2827666,1106
4.869958903,2828020,354
4.869958903,2829110,1090
4.872379167,2829480,370
4.872379167,2830554,1074
4.874799431,2830940,386
4.874799431,2831998,1058
4.877219695,2832400,402
4.877219695,2833442,1042
4.879734071,2833860,418
4.879734071,2834886,1026
4.882154335,2835320,434
4.882154335,2836330,1010
4.884574999,2836780,450
4.884574999,2837774,994
4.887002706,2838240,466
4.887002706,2839218,978
4.889422970,2839700,482
4.889422970,2840662,962
4.891937346,2841160,498
4.891937346,2842106,946
4.894357610,2842620,514
4.894357610,2843550,930
4.896777874,2844080,530
4.896777874,2844994,914
4.899198138,2845540,546
4.899198138,2846438,898
4.901618402,2847000,562
4.901618402,2847882,882
4.904038666,2848460,578
4.904038666,2849326,866
4.906458930,2849920,594
4.906458930,2850770,850
4.908879594,2851380,610
4.908879594,2852214,834
4.911401413,2852840,626
4.911401413,2853658,818
4.913821677,2854300,642
4.913821677,2855102,802
4.916241941,2855760,658
4.916241941,2856546,786
4.918662205,2857220,674
4.918662205,2857990,770
4.921082469,2858680,690
4.921082469,2859434,754
4.923596845,2860140,706
4.923596845,2860878,738
4.926017109,2861600,722
4.926017109,2862322,722
4.928437373,2863060,738
4.928437373,2863766,706
4.930858037,2864520,754
4.930858037,2865210,690
4.933285744,2865980,770
4.933285744,2866654,674
4.935706008,2867440,786
4.935706008,2868098,658
4.938220384,2868900,802
4.938220384,2869542,642
4.940640648,2870360,818
4.940640648,2870986,626
4.943060912,2871820,834
4.943060912,2872430,610
4.945481176,2873280,850
4.945481176,2873874,594
4.947901440,2874740,866
4.947901440,2875318,578
4.950321704,2876200,882
4.950321704,2876762,562
4.952538448,2877660,898
4.952538448,2878206,546
4.954848573,2879120,914
4.954848573,2879650,530
4.957065317,2880580,930
4.957065317,2881094,514
4.959282061,2882040,946
4.959282061,2882538,498
4.961498805,2883500,962
4.961498805,2883982,482
4.963715549,2884960,978
4.963715549,2885426,466
4.965932293,2886420,994
4.965932293,2886870,450
4.968235235,2887880,1010
4.968235235,2888314,434
4.970451979,2889340,1026
4.970451979,2889758,418
4.972668723,2890800,1042
4.972668723,2891202,402
4.974885867,2892260,1058
4.974885867,2892646,386
4.977109394,2893720,1074
4.977109394,2894090,370
4.979326138,2895180,1090
4.979326138,2895534,354
4.981542882,2896640,1106
4.981542882,2896978,338
4.983845824,2898100,1122
4.983845824,2898422,322
4.986062568,2899560,1138
4.986062568,2899866,306
4.988279312,2901020,1154
4.988279312,2901310,290
4.990496056,2902480,1170
4.990496056,2902754,274
4.992712800,2903940,1186
4.992712800,2904198,258
4.994929544,2905400,1202
4.994929544,2905642,242
4.997239669,2906860,1218
4.997239669,2907086,226
4.999456413,2908320,1234
4.999456413,2908530,210
5.001673157,2909780,1250
5.001673157,2909974,194
5.003889901,2911240,1266
5.003889901,2911418,178
5.006106645,2912700,1282
5.006106645,2912862,162
5.008323389,2914160,1298
5.008323389,2914306,146
5.010540133,2915620,1314
5.010540133,2915750,130
5.012843075,2917080,1330
5.012843075,2917194,114
5.015059819,2918540,1346
5.015059819,2918638,98
5.017276963,2920000,1362
5.017276963,2920082,82
5.019500490,2921460,1378
5.019500490,2921526,66
5.021717154,2922920,1394
5.021717154,2922970,50
5.024018659,2924380,1410
5.024018659,2924414,34
5.026233966,2925840,1426
5.026233966,2925858,18
5.028449273,2927300,1442
5.028449273,2927302,2
5.030664660,2928754,1452
5.032881404,2928760,6
5.032881404,2930199,1439
5.035098148,2930220,21
5.035098148,2931644,1424
5.037401490,2931680,36
5.037401490,2933089,1409
5.039625017,2933140,51
5.039625017,2934534,1394
5.041841761,2934600,66
5.041841761,2935978,1378
5.044058505,2936060,82
5.044058505,2937422,1362
5.046275249,2937520,98
5.046275249,2938866,1346
5.048491993,2938980,114
5.048491993,2940310,1330
5.050708737,2940440,130
5.050708737,2941754,1314
5.052963645,2941900,146
5.052963645,2943198,1298
5.055134153,2943360,162
5.055134153,2944642,1282
5.057304661,2944820,178
5.057304661,2946086,1266
5.059475569,2946280,194
5.059475569,2947530,1250
5.061652711,2947740,210
5.061652711,2948974,1234
5.063823219,2949200,226
5.063823219,2950418,1218
5.066078127,2950660,242
5.066078127,2951862,1202
5.068248635,2952120,258
5.068248635,2953306,1186
5.070419143,2953580,274
5.070419143,2954750,1170
5.072589651,2955040,290
5.072589651,2956194,1154
5.074760159,2956500,306
5.074760159,2957638,1138
5.076930667,2957960,322
5.076930667,2959082,1122
5.079101175,2959420,338
5.079101175,2960526,1106
5.081363117,2960880,354
5.081363117,2961970,1090
5.083533625,2962340,370
5.083533625,2963414,1074
5.085704133,2963800,386
5.085704133,2964858,1058
5.087874641,2965260,402
5.087874641,2966302,1042
5.090045149,2966720,418
5.090045149,2967746,1026
5.092215657,2968180,434
5.092215657,2969190,1010
5.094470565,2969640,450
5.094470565,2970634,994
5.096641073,2971100,466
5.096641073,2972078,978
5.098811581,2972560,482
5.098811581,2973522,962
5.100982489,2974020,498
5.100982489,2974966,946
5.103159631,2975480,514
5.103159631,2976410,930
5.105330139,2976940,530
5.105330139,2977854,914
5.107500647,2978400,546
5.107500647,2979298,898
5.109755555,2979860,562
5.109755555,2980742,882
5.111926063,2981320,578
5.111926063,2982186,866
5.114096571,2982780,594
5.114096571,2983630,850
5.116267079,2984240,610
5.116267079,2985074,834
5.118437587,2985700,626
5.118437587,2986518,818
5.120608095,2987160,642
5.120608095,2987962,802
5.122870037,2988620,658
5.122870037,2989406,786
5.125040545,2990080,674
5.125040545,2990850,770
5.127211053,2991540,690
5.127211053,2992294,754
5.129381561,2993000,706
5.129381561,2993738,738
5.131552069,2994460,722
5.131552069,2995182,722
5.133806977,2995920,738
5.133806977,2996626,706
5.135977485,2997380,754
5.135977485,2998070,690
5.138147993,2998840,770
5.138147993,2999514,674
5.140318501,3000300,786
5.140318501,3000958,658
5.142489409,3001760,802
5.142489409,3002402,642
5.144666551,3003220,818
5.144666551,3003846,626
5.146837059,3004680,834
5.146837059,3005290,610
5.149007567,3006140,850
5.149007567,3006734,594
5.151262475,3007600,866
5.151262475,3008178,578
5.153566384,3009060,882
5.153566384,3009622,562
5.155870293,3010520,898
5.155870293,3011066,546
5.158174202,3011980,914
5.158174202,3012510,530
5.160478111,3013440,930
5.160478111,3013954,514
5.162782020,3014900,946
5.162782020,3015398,498
5.165182982,3016360,962
5.165182982,3016842,482
5.167486891,3017820,978
5.167486891,3018286,466
5.169790800,3019280,994
5.169790800,3019730,450
5.172094709,3020740,1010
5.172094709,3021174,434
5.174398618,3022200,1026
5.174398618,3022618,418
5.176702527,3023660,1042
5.176702527,3024062,402
5.179006436,3025120,1058
5.179006436,3025506,386
5.181399933,3026580,1074
5.181399933,3026950,370
5.183703842,3028040,1090
5.183703842,3028394,354
5.186008151,3029500,1106
5.186008151,3029838,338
5.188319126,3030960,1122
5.188319126,3031282,322
5.190623035,3032420,1138
5.190623035,3032726,306
5.192926944,3033880,1154
5.192926944,3034170,290
5.195320441,3035340,1170
5.195320441,3035614,274
5.197624350,3036800,1186
5.197624350,3037058,258
5.199928259,3038260,1202
5.199928259,3038502,242
5.202232168,3039720,1218
5.202232168,3039946,226
5.204536077,3041180,1234
5.204536077,3041390,210
5.206839986,3042640,1250
5.206839986,3042834,194
5.209144295,3044100,1266
5.209144295,3044278,178
5.211544858,3045560,1282
5.211544858,3045722,162
5.213848767,3047020,1298
5.213848767,3047166,146
5.216152676,3048480,1314
5.216152676,3048610,130
5.218456585,3049940,1330
5.218456585,3050054,114
5.220760494,3051400,1346
5.220760494,3051498,98
5.223064403,3052860,1362
5.223064403,3052942,82
5.225457900,3054320,1378
5.225457900,3054386,66
5.227761729,3055780,1394
5.227761729,3055830,50
5.230064545,3057240,1410
5.230064545,3057274,34
5.232374027,3058700,1426
5.232374027,3058718,18
5.234676443,3060160,1442
5.234676443,3060162,2
5.237068527,3061614,1452
5.239372436,3061620,6
5.239372436,3063059,1439
5.241676345,3063080,21
5.241676345,3064504,1424
5.243980254,3064540,36
5.243980254,3065949,1409
5.246284163,3066000,51
5.246284163,3067394,1394
5.248588072,3067460,66
5.248588072,3068838,1378
5.250891981,3068920,82
5.250891981,3070282,1362
5.253169098,3070380,98
5.253169098,3071726,1346
5.255541322,3071840,114
5.255541322,3073170,1330
5.257818039,3073300,130
5.257818039,3074614,1314
5.260094756,3074760,146
5.260094756,3076058,1298
5.262371473,3076220,162
5.262371473,3077502,1282
5.264648190,3077680,178
5.264648190,3078946,1266
5.267013437,3079140,194
5.267013437,3080390,1250
5.269290154,3080600,210
5.269290154,3081834,1234
5.271566871,3082060,226
5.271566871,3083278,1218
5.273843988,3083520,242
5.273843988,3084722,1202
5.276127682,3084980,258
5.276127682,3086166,1186
5.278404399,3086440,274
5.278404399,3087610,1170
5.280681116,3087900,290
5.280681116,3089054,1154
5.282957833,3089360,306
5.282957833,3090498,1138
5.285323080,3090820,322
5.285323080,3091942,1122
5.287599797,3092280,338
5.287599797,3093386,1106
5.289876514,3093740,354
5.289876514,3094830,1090
5.292153231,3095200,370
5.292153231,3096274,1074
5.294429948,3096660,386
5.294429948,3097718,1058
5.296802573,3098120,402
5.296802573,3099162,1042
5.299079290,3099580,418
5.299079290,3100606,1026
5.301356007,3101040,434
5.301356007,3102050,1010
5.303632724,3102500,450
5.303632724,3103494,994
5.305909441,3103960,466
5.305909441,3104938,978
5.308274688,3105420,482
5.308274688,3106382,962
5.310551405,3106880,498
5.310551405,3107826,946
5.312828122,3108340,514
5.312828122,3109270,930
5.315104839,3109800,530
5.315104839,3110714,914
5.317381956,3111260,546
5.317381956,3112158,898
5.319665650,3112720,562
5.319665650,3113602,882
5.321942367,3114180,578
5.321942367,3115046,866
5.324219084,3115640,594
5.324219084,3116490,850
5.326584331,3117100,610
5.326584331,3117934,834
5.328861048,3118560,626
5.328861048,3119378,818
5.331137765,3120020,642
5.331137765,3120822,802
5.333414482,3121480,658
5.333414482,3122266,786
5.335691199,3122940,674
5.335691199,3123710,770
5.338056846,3124400,690
5.338056846,3125154,754
5.340340540,3125860,706
5.340340540,3126598,738
5.342617257,3127320,722
5.342617257,3128042,722
5.344893974,3128780,738
5.344893974,3129486,706
5.347170691,3130240,754
5.347170691,3130930,690
5.349447408,3131700,770
5.349447408,3132374,674
5.351724125,3133160,786
5.351724125,3133818,658
5.353895793,3134620,802
5.353895793,3135262,642
5.356151906,3136080,818
5.356151906,3136706,626
5.358323574,3137540,834
5.358323574,3138150,610
5.360495642,3139000,850
5.360495642,3139594,594
5.362673947,3140460,866
5.362673947,3141038,578
5.364845615,3141920,882
5.364845615,3142482,562
5.367101728,3143380,898
5.367101728,3143926,546
5.369273396,3144840,914
5.369273396,3145370,530
5.371445064,3146300,930
5.371445064,3146814,514
5.373616732,3147760,946
5.373616732,3148258,498
5.375788400,3149220,962
5.375788400,3149702,482
5.377960068,3150680,978
5.377960068,3151146,466
5.380131736,3152140,994
5.380131736,3152590,450
5.382303804,3153600,1010
5.382303804,3154034,434
5.384566554,3155060,1026
5.384566554,3155478,418
5.386738222,3156520,1042
5.386738222,3156922,402
5.388909890,3157980,1058
5.388909890,3158366,386
5.391081558,3159440,1074
5.391081558,3159810,370
5.393253226,3160900,1090
5.393253226,3161254,354
5.395509339,3162360,1106
5.395509339,3162698,338
5.397681007,3163820,1122
5.397681007,3164142,322
5.399852675,3165280,1138
5.399852675,3165586,306
5.402024743,3166740,1154
5.402024743,3167030,290
5.404203048,3168200,1170
5.404203048,3168474,274
5.406459161,3169660,1186
5.406459161,3169918,258
5.408630829,3171120,1202
5.408630829,3171362,242
5.410802497,3172580,1218
5.410802497,3172806,226
5.412974165,3174040,1234
5.412974165,3174250,210
5.415145833,3175500,1250
5.415145833,3175694,194
5.417317501,3176960,1266
5.417317501,3177138,178
5.419489169,3178420,1282
5.419489169,3178582,162
5.421660837,3179880,1298
5.421660837,3180026,146
5.423923988,3181340,1314
5.423923988,3181470,130
5.426095656,3182800,1330
5.426095656,3182914,114
5.428267324,3184260,1346
5.428267324,3184358,98
5.430438992,3185720,1362
5.430438992,3185802,82
5.432610660,3187180,1378
5.432610660,3187246,66
5.434866693,3188640,1394
5.434866693,3188690,50
5.437036954,3190100,1410
5.437036954,3190134,34
5.439207215,3191560,1426
5.439207215,3191578,18
5.441377476,3193020,1442
5.441377476,3193022,2
5.443548217,3194474,1452
5.445726522,3194480,6
5.445726522,3195919,1439
5.447898190,3195940,21
5.447898190,3197364,1424
5.450069858,3197400,36
5.450069858,3198809,1409
5.452444594,3198860,51
5.452444594,3200254,1394
5.454733442,3200320,66
5.454733442,3201698,1378
5.457022290,3201780,82
5.457022290,3203142,1362
5.459311138,3203240,98
5.459311138,3204586,1346
5.461599986,3204700,114
5.461599986,3206030,1330
5.463978236,3206160,130
5.463978236,3207474,1314
5.466274101,3207620,146
5.466274101,3208918,1298
5.468562949,3209080,162
5.468562949,3210362,1282
5.470851797,3210540,178
5.470851797,3211806,1266
5.473140645,3212000,194
5.473140645,3213250,1250
5.475518495,3213460,210
5.475518495,3214694,1234
5.477807343,3214920,226
5.477807343,3216138,1218
5.480096191,3216380,242
5.480096191,3217582,1202
5.482385039,3217840,258
5.482385039,3219026,1186
5.484673887,3219300,274
5.484673887,3220470,1170
5.486963135,3220760,290
5.486963135,3221914,1154
5.489259000,3222220,306
5.489259000,3223358,1138
5.491547848,3223680,322
5.491547848,3224802,1122
5.493836696,3225140,338
5.493836696,3226246,1106
5.496214546,3226600,354
5.496214546,3227690,1090
5.498503394,3228060,370
5.498503394,3229134,1074
5.500792242,3229520,386
5.500792242,3230578,1058
5.503081090,3230980,402
5.503081090,3232022,1042
5.505369938,3232440,418
5.505369938,3233466,1026
5.507748188,3233900,434
5.507748188,3234910,1010
5.510044053,3235360,450
5.510044053,3236354,994
5.512332901,3236820,466
5.512332901,3237798,978
5.514621749,3238280,482
5.514621749,3239242,962
5.516910597,3239740,498
5.516910597,3240686,946
5.519199445,3241200,514
5.519199445,3242130,930
5.521488293,3242660,530
5.521488293,3243574,914
5.523777141,3244120,546
5.523777141,3245018,898
5.526154991,3245580,562
5.526154991,3246462,882
5.528443839,3247040,578
5.528443839,3247906,866
5.530733087,3248500,594
5.530733087,3249350,850
5.533028952,3249960,610
5.533028952,3250794,834
5.535317800,3251420,626
5.535317800,3252238,818
5.537695650,3252880,642
5.537695650,3253682,802
5.539984498,3254340,658
5.539984498,3255126,786
5.542273346,3255800,674
5.542273346,3256570,770
5.544562194,3257260,690
5.544562194,3258014,754
5.546851042,3258720,706
5.546851042,3259458,738
5.549139890,3260180,722
5.549139890,3260902,722
5.551428738,3261640,738
5.551428738,3262346,706
5.553796942,3263100,754
5.553796942,3263790,690
5.556264091,3264560,770
5.556264091,3265234,674
5.558631895,3266020,786
5.558631895,3266678,658
5.560999699,3267480,802
5.560999699,3268122,642
5.563367503,3268940,818
5.563367503,3269566,626
5.565735307,3270400,834
5.565735307,3271010,610
5.568195183,3271860,850
5.568195183,3272454,594
5.570562987,3273320,866
5.570562987,3273898,578
5.572930791,3274780,882
5.572930791,3275342,562
5.575298995,3276240,898
5.575298995,3276786,546
5.577674072,3277700,914
5.577674072,3278230,530
5.580133948,3279160,930
5.580133948,3279674,514
5.582501752,3280620,946
5.582501752,3281118,498
5.584869556,3282080,962
5.584869556,3282562,482
5.587237360,3283540,978
5.587237360,3284006,466
5.589605164,3285000,994
5.589605164,3285450,450
5.591972968,3286460,1010
5.591972968,3286894,434
5.594340772,3287920,1026
5.594340772,3288338,418
5.596708576,3289380,1042
5.596708576,3289782,402
5.599176125,3290840,1058
5.599176125,3291226,386
5.601543929,3292300,1074
5.601543929,3292670,370
5.603911733,3293760,1090
5.603911733,3294114,354
5.606279537,3295220,1106
5.606279537,3295558,338
5.608647341,3296680,1122
5.608647341,3297002,322
5.611107217,3298140,1138
5.611107217,3298446,306
5.613475021,3299600,1154
5.613475021,3299890,290
5.615842825,3301060,1170
5.615842825,3301334,274
5.618210629,3302520,1186
5.618210629,3302778,258
5.620578833,3303980,1202
5.620578833,3304222,242
5.622953910,3305440,1218
5.622953910,3305666,226
5.625321714,3306900,1234
5.625321714,3307110,210
5.627689518,3308360,1250
5.627689518,3308554,194
5.630149394,3309820,1266
5.630149394,3309998,178
5.632517198,3311280,1282
5.632517198,3311442,162
5.634885002,3312740,1298
5.634885002,3312886,146
5.637252806,3314200,1314
5.637252806,3314330,130
5.639620610,3315660,1330
5.639620610,3315774,114
5.642080886,3317120,1346
5.642080886,3317218,98
5.644455963,3318580,1362
5.644455963,3318662,82
5.646823767,3320040,1378
5.646823767,3320106,66
5.649191491,3321500,1394
5.649191491,3321550,50
5.651557760,3322960,1410
5.651557760,3322994,34
5.653807524,3324420,1426
5.653807524,3324438,18
5.656057288,3325880,1442
5.656057288,3325882,2
5.658307132,3327334,1452
5.660645894,3327340,6
5.660645894,3328779,1439
5.662897117,3328800,21
5.662897117,3330224,1424
5.665148740,3330260,36
5.665148740,3331669,1409
5.667406858,3331720,51
5.667406858,3333114,1394
5.669658081,3333180,66
5.669658081,3334558,1378
5.671996843,3334640,82
5.671996843,3336002,1362
5.674248066,3336100,98
5.674248066,3337446,1346
5.676499289,3337560,114
5.676499289,3338890,1330
5.678750512,3339020,130
5.678750512,3340334,1314
5.681001735,3340480,146
5.681001735,3341778,1298
5.683340497,3341940,162
5.683340497,3343222,1282
5.685592120,3343400,178
5.685592120,3344666,1266
5.687850238,3344860,194
5.687850238,3346110,1250
5.690101461,3346320,210
5.690101461,3347554,1234
5.692352684,3347780,226
5.692352684,3348998,1218
5.694603907,3349240,242
5.694603907,3350442,1202
5.696855130,3350700,258
5.696855130,3351886,1186
5.699106353,3352160,274
5.699106353,3353330,1170
5.701445115,3353620,290
5.701445115,3354774,1154
5.703696338,3355080,306
5.703696338,3356218,1138
5.705947561,3356540,322
5.705947561,3357662,1122
5.708199184,3358000,338
5.708199184,3359106,1106
5.710457302,3359460,354
5.710457302,3360550,1090
5.712796064,3360920,370
5.712796064,3361994,1074
5.715047287,3362380,386
5.715047287,3363438,1058
5.717298510,3363840,402
5.717298510,3364882,1042
5.719549733,3365300,418
5.719549733,3366326,1026
5.721800956,3366760,434
5.721800956,3367770,1010
5.724052179,3368220,450
5.724052179,3369214,994
5.726303402,3369680,466
5.726303402,3370658,978
5.728554625,3371140,482
5.728554625,3372102,962
5.730900682,3372600,498
5.730900682,3373546,946
5.733151905,3374060,514
5.733151905,3374990,930
5.735403128,3375520,530
5.735403128,3376434,914
5.737654351,3376980,546
5.737654351,3377878,898
5.739905574,3378440,562
5.739905574,3379322,882
5.742244336,3379900,578
5.742244336,3380766,866
5.744495559,3381360,594
5.744495559,3382210,850
5.746746782,3382820,610
5.746746782,3383654,834
5.748998005,3384280,626
5.748998005,3385098,818
5.751249628,3385740,642
5.751249628,3386542,802
5.753664329,3387200,658
5.753664329,3387986,786
5.756071629,3388660,674
5.756071629,3389430,770
5.758478929,3390120,690
5.758478929,3390874,754
5.760979837,3391580,706
5.760979837,3392318,738
5.763387137,3393040,722
5.763387137,3393762,722
5.765794437,3394500,738
5.765794437,3395206,706
5.768201737,3395960,754
5.768201737,3396650,690
5.770609037,3397420,770
5.770609037,3398094,674
5.773110345,3398880,786
5.773110345,3399538,658
5.775525046,3400340,802
5.775525046,3400982,642
5.777932346,3401800,818
5.777932346,3402426,626
5.780339646,3403260,834
5.780339646,3403870,610
5.782746946,3404720,850
5.782746946,3405314,594
5.785247854,3406180,866
5.785247854,3406758,578
5.787655154,3407640,882
5.787655154,3408202,562
5.790062454,3409100,898
5.790062454,3409646,546
5.792469754,3410560,914
5.792469754,3411090,530
5.794877054,3412020,930
5.794877054,3412534,514
5.797284754,3413480,946
5.797284754,3413978,498
5.799699455,3414940,962
5.799699455,3415422,482
5.802106755,3416400,978
5.802106755,3416866,466
5.804607663,3417860,994
5.804607663,3418310,450
5.807014963,3419320,1010
5.807014963,3419754,434
5.809422263,3420780,1026
5.809422263,3421198,418
5.811829563,3422240,1042
5.811829563,3422642,402
5.814236863,3423700,1058
5.814236863,3424086,386
5.816737771,3425160,1074
5.816737771,3425530,370
5.819145471,3426620,1090
5.819145471,3426974,354
5.821560172,3428080,1106
5.821560172,3428418,338
5.823967472,3429540,1122
5.823967472,3429862,322
5.826374772,3431000,1138
5.826374772,3431306,306
5.828782072,3432460,1154
5.828782072,3432750,290
5.831189372,3433920,1170
5.831189372,3434194,274
5.833596672,3435380,1186
5.833596672,3435638,258
5.836097580,3436840,1202
5.836097580,3437082,242
5.838504880,3438300,1218
5.838504880,3438526,226
5.840912180,3439760,1234
5.840912180,3439970,210
5.843319880,3441220,1250
5.843319880,3441414,194
5.845734581,3442680,1266
5.845734581,3442858,178
5.848235489,3444140,1282
5.848235489,3444302,162
5.850642789,3445600,1298
5.850642789,3445746,146
5.853021719,3447060,1314
5.853021719,3447190,130
5.855400649,3448520,1330
5.855400649,3448634,114
5.857779579,3449980,1346
5.857779579,3450078,98
5.860158509,3451440,1362
5.860158509,3451522,82
5.862537439,3452900,1378
5.862537439,3452966,66
5.864916289,3454360,1394
5.864916289,3454410,50
5.867294077,3455820,1410
5.867294077,3455854,34
5.869771279,3457280,1426
5.869771279,3457298,18
5.872148667,3458740,1442
5.872148667,3458742,2
5.874526135,3460194,1452
5.876905065,3460200,6
5.876905065,3461639,1439
5.879283995,3461660,21
5.879283995,3463084,1424
5.881755430,3463120,36
5.881755430,3464529,1409
5.884134360,3464580,51
5.884134360,3465974,1394
5.886513290,3466040,66
5.886513290,3467418,1378
5.888892620,3467500,82
5.888892620,3468862,1362
5.891278858,3468960,98
5.891278858,3470306,1346
5.893750293,3470420,114
5.893750293,3471750,1330
5.896129223,3471880,130
5.896129223,3473194,1314
5.898508153,3473340,146
5.898508153,3474638,1298
5.900887083,3474800,162
5.900887083,3476082,1282
5.903266013,3476260,178
5.903266013,3477526,1266
5.905644943,3477720,194
5.905644943,3478970,1250
5.908023873,3479180,210
5.908023873,3480414,1234
5.910402803,3480640,226
5.910402803,3481858,1218
5.912881947,3482100,242
5.912881947,3483302,1202
5.915260877,3483560,258
5.915260877,3484746,1186
5.917639807,3485020,274
5.917639807,3486190,1170
5.920018737,3486480,290
5.920018737,3487634,1154
5.922397667,3487940,306
5.922397667,3489078,1138
5.924869102,3489400,322
5.924869102,3490522,1122
5.927248032,3490860,338
5.927248032,3491966,1106
5.929626962,3492320,354
5.929626962,3493410,1090
5.932005892,3493780,370
5.932005892,3494854,1074
5.934385222,3495240,386
5.934385222,3496298,1058
5.936771460,3496700,402
5.936771460,3497742,1042
5.939150390,3498160,418
5.939150390,3499186,1026
5.941529320,3499620,434
5.941529320,3500630,1010
5.944000755,3501080,450
5.944000755,3502074,994
5.946379685,3502540,466
5.946379685,3503518,978
5.948758615,3504000,482
5.948758615,3504962,962
5.951137545,3505460,498
5.951137545,3506406,946
5.953533210,3506920,514
5.953533210,3507850,930
5.956022431,3508380,530
5.956022431,3509294,914
5.958425459,3509840,546
5.958425459,3510738,898
5.960821124,3511300,562
5.960821124,3512182,882
5.963216789,3512760,578
5.963216789,3513626,866
5.965612454,3514220,594
5.965612454,3515070,850
5.968101275,3515680,610
5.968101275,3516514,834
5.970496940,3517140,626
5.970496940,3517958,818
5.972892605,3518600,642
5.972892605,3519402,802
5.975288270,3520060,658
5.975288270,3520846,786
5.977683935,3521520,674
5.977683935,3522290,770
5.980080000,3522980,690
5.980080000,3523734,754
5.982483028,3524440,706
5.982483028,3525178,738
5.984878693,3525900,722
5.984878693,3526622,722
5.987367514,3527360,738
5.987367514,3528066,706
5.989763179,3528820,754
5.989763179,3529510,690
5.992158844,3530280,770
5.992158844,3530954,674
5.994554509,3531740,786
5.994554509,3532398,658
5.996950174,3533200,802
5.996950174,3533842,642
5.999438995,3534660,818
5.999438995,3535286,626
6.001835060,3536120,834
6.001835060,3536730,610
6.004238088,3537580,850
6.004238088,3538174,594
6.006633753,3539040,866
6.006633753,3539618,578
6.009029418,3540500,882
6.009029418,3541062,562
6.011425083,3541960,898
6.011425083,3542506,546
6.013820748,3543420,914
6.013820748,3543950,530
6.016216413,3544880,930
6.016216413,3545394,514
6.018705234,3546340,946
6.018705234,3546838,498
6.021100899,3547800,962
6.021100899,3548282,482
6.023496564,3549260,978
6.023496564,3549726,466
6.025892629,3550720,994
6.025892629,3551170,450
6.028295657,3552180,1010
6.028295657,3552614,434
6.030784478,3553640,1026
6.030784478,3554058,418
6.033180143,3555100,1042
6.033180143,3555502,402
6.035575808,3556560,1058
6.035575808,3556946,386
6.037971473,3558020,1074
6.037971473,3558390,370
6.040367138,3559480,1090
6.040367138,3559834,354
6.042762803,3560940,1106
6.042762803,3561278,338
6.045158468,3562400,1122
6.045158468,3562722,322
6.047554133,3563860,1138
6.047554133,3564166,306
6.050050717,3565320,1154
6.050050717,3565610,290
6.052446382,3566780,1170
6.052446382,3567054,274
6.054581831,3568240,1186
6.054581831,3568498,258
6.056717280,3569700,1202
6.056717280,3569942,242
6.058852729,3571160,1218
6.058852729,3571386,226
6.061071215,3572620,1234
6.061071215,3572830,210
6.063206664,3574080,1250
6.063206664,3574274,194
6.065342113,3575540,1266
6.065342113,3575718,178
6.067477562,3577000,1282
6.067477562,3577162,162
6.069613411,3578460,1298
6.069613411,3578606,146
6.071838417,3579920,1314
6.071838417,3580050,130
6.073973866,3581380,1330
6.073973866,3581494,114
6.076109315,3582840,1346
6.076109315,3582938,98
6.078244764,3584300,1362
6.078244764,3584382,82
6.080380213,3585760,1378
6.080380213,3585826,66
6.082515582,3587220,1394
6.082515582,3587270,50
6.084649647,3588680,1410
6.084649647,3588714,34
6.086783712,3590140,1426
6.086783712,3590158,18
6.089001214,3591600,1442
6.089001214,3591602,2
6.091141879,3593054,1452
6.093277328,3593060,6
6.093277328,3594499,1439
6.095412777,3594520,21
6.095412777,3595944,1424
6.097548226,3595980,36
6.097548226,3597389,1409
6.099766712,3597440,51
6.099766712,3598834,1394
6.101902161,3598900,66
6.101902161,3600278,1378
6.104037610,3600360,82
6.104037610,3601722,1362
6.106173059,3601820,98
6.106173059,3603166,1346
6.108308508,3603280,114
6.108308508,3604610,1330
6.110444357,3604740,130
6.110444357,3606054,1314
6.112586326,3606200,146
6.112586326,3607498,1298
6.114721775,3607660,162
6.114721775,3608942,1282
6.116940261,3609120,178
6.116940261,3610386,1266
6.119075710,3610580,194
6.119075710,3611830,1250
6.121211159,3612040,210
6.121211159,3613274,1234
6.123346608,3613500,226
6.123346608,3614718,1218
6.125482057,3614960,242
6.125482057,3616162,1202
6.127700543,3616420,258
6.127700543,3617606,1186
6.129836392,3617880,274
6.129836392,3619050,1170
6.131978361,3619340,290
6.131978361,3620494,1154
6.134113810,3620800,306
6.134113810,3621938,1138
6.136249259,3622260,322
6.136249259,3623382,1122
6.138384708,3623720,338
6.138384708,3624826,1106
6.140520157,3625180,354
6.140520157,3626270,1090
6.142655606,3626640,370
6.142655606,3627714,1074
6.144874092,3628100,386
6.144874092,3629158,1058
6.147009541,3629560,402
6.147009541,3630602,1042
6.149144990,3631020,418
6.149144990,3632046,1026
6.151280839,3632480,434
6.151280839,3633490,1010
6.153560741,3633940,450
6.153560741,3634934,994
6.155922061,3635400,466
6.155922061,3636378,978
6.158194998,3636860,482
6.158194998,3637822,962
6.160467935,3638320,498
6.160467935,3639266,946
6.162740872,3639780,514
6.162740872,3640710,930
6.165013809,3641240,530
6.165013809,3642154,914
6.167375129,3642700,546
6.167375129,3643598,898
6.169648066,3644160,562
6.169648066,3645042,882
6.171921403,3645620,578
6.171921403,3646486,866
6.174201305,3647080,594
6.174201305,3647930,850
6.176474242,3648540,610
6.176474242,3649374,834
6.178747179,3650000,626
6.178747179,3650818,818
6.181020116,3651460,642
6.181020116,3652262,802
6.183293053,3652920,658
6.183293053,3653706,786
6.185654373,3654380,674
6.185654373,3655150,770
6.187927310,3655840,690
6.187927310,3656594,754
6.190200247,3657300,706
6.190200247,3658038,738
6.192473184,3658760,722
6.192473184,3659482,722
6.194746521,3660220,738
6.194746521,3660926,706
6.197114806,3661680,754
6.197114806,3662370,690
6.199387743,3663140,770
6.199387743,3663814,674
6.201660680,3664600,786
6.201660680,3665258,658
6.203933617,3666060,802
6.203933617,3666702,642
6.206206554,3667520,818
6.206206554,3668146,626
6.208479491,3668980,834
6.208479491,3669590,610
6.210752428,3670440,850
6.210752428,3671034,594
6.213025365,3671900,866
6.213025365,3672478,578
6.215387085,3673360,882
6.215387085,3673922,562
6.217666987,3674820,898
6.217666987,3675366,546
6.219939924,3676280,914
6.219939924,3676810,530
6.222212861,3677740,930
6.222212861,3678254,514
6.224485798,3679200,946
6.224485798,3679698,498
6.226847118,3680660,962
6.226847118,3681142,482
6.229120055,3682120,978
6.229120055,3682586,466
6.231392992,3683580,994
6.231392992,3684030,450
6.233665929,3685040,1010
6.233665929,3685474,434
6.235938866,3686500,1026
6.235938866,3686918,418
6.238212203,3687960,1042
6.238212203,3688362,402
6.240492105,3689420,1058
6.240492105,3689806,386
6.242765042,3690880,1074
6.242765042,3691250,370
6.245037979,3692340,1090
6.245037979,3692694,354
6.247399299,3693800,1106
6.247399299,3694138,338
6.249672236,3695260,1122
6.249672236,3695582,322
6.251945173,3696720,1138
6.251945173,3697026,306
6.254335988,3698180,1154
6.254335988,3698470,290
6.256726803,3699640,1170
6.256726803,3699914,274
6.259210985,3701100,1186
6.259210985,3701358,258
6.261609148,3702560,1202
6.261609148,3702802,242
6.263999963,3704020,1218
6.263999963,3704246,226
6.266390778,3705480,1234
6.266390778,3705690,210
6.268781593,3706940,1250
6.268781593,3707134,194
6.271265375,3708400,1266
6.271265375,3708578,178
6.273656190,3709860,1282
6.273656190,3710022,162
6.276047005,3711320,1298
6.276047005,3711466,146
6.278437820,3712780,1314
6.278437820,3712910,130
6.280828635,3714240,1330
6.280828635,3714354,114
6.283219850,3715700,1346
6.283219850,3715798,98
6.285618013,3717160,1362
6.285618013,3717242,82
6.288008828,3718620,1378
6.288008828,3718686,66
6.290492530,3720080,1394
6.290492530,3720130,50
6.292881796,3721540,1410
6.292881796,3721574,34
6.295271062,3723000,1426
6.295271062,3723018,18
6.297660328,3724460,1442
6.297660328,3724462,2
6.300049674,3725914,1452
6.302533456,3725920,6
6.302533456,3727359,1439
6.304924671,3727380,21
6.304924671,3728804,1424
6.307322834,3728840,36
6.307322834,3730249,1409
6.309713649,3730300,51
6.309713649,3731694,1394
6.312104464,3731760,66
6.312104464,3733138,1378
6.314495279,3733220,82
6.314495279,3734582,1362
6.316886094,3734680,98
6.316886094,3736026,1346
6.319276909,3736140,114
6.319276909,3737470,1330
6.321760691,3737600,130
6.321760691,3738914,1314
6.324151506,3739060,146
6.324151506,3740358,1298
6.326542321,3740520,162
6.326542321,3741802,1282
6.328933536,3741980,178
6.328933536,3743246,1266
6.331331699,3743440,194
6.331331699,3744690,1250
6.333815481,3744900,210
6.333815481,3746134,1234
6.336206296,3746360,226
6.336206296,3747578,1218
6.338597111,3747820,242
6.338597111,3749022,1202
6.340987926,3749280,258
6.340987926,3750466,1186
6.343378741,3750740,274
6.343378741,3751910,1170
6.345862523,3752200,290
6.345862523,3753354,1154
6.348253338,3753660,306
6.348253338,3754798,1138
6.350644553,3755120,322
6.350644553,3756242,1122
6.353052575,3756580,338
6.353052575,3757686,1106
6.355453217,3758040,354
6.355453217,3759130,1090
6.357853859,3759500,370
6.357853859,3760574,1074
6.360254501,3760960,386
6.360254501,3762018,1058
6.362655143,3762420,402
6.362655143,3763462,1042
6.365149134,3763880,418
6.365149134,3764906,1026
6.367549776,3765340,434
6.367549776,3766350,1010
6.369950418,3766800,450
6.369950418,3767794,994
6.372351060,3768260,466
6.372351060,3769238,978
6.374752102,3769720,482
6.374752102,3770682,962
6.377253473,3771180,498
6.377253473,3772126,946
6.379654115,3772640,514
6.379654115,3773570,930
6.382054757,3774100,530
6.382054757,3775014,914
6.384455399,3775560,546
6.384455399,3776458,898
6.386856041,3777020,562
6.386856041,3777902,882
6.389256683,3778480,578
6.389256683,3779346,866
6.391657325,3779940,594
6.391657325,3780790,850
6.394057967,3781400,610
6.394057967,3782234,834
6.396552358,3782860,626
6.396552358,3783678,818
6.398960380,3784320,642
6.398960380,3785122,802
6.401361022,3785780,658
6.401361022,3786566,786
6.403761664,3787240,674
6.403761664,3788010,770
6.406162306,3788700,690
6.406162306,3789454,754
6.408656297,3790160,706
6.408656297,3790898,738
6.411056939,3791620,722
6.411056939,3792342,722
6.413457581,3793080,738
6.413457581,3793786,706
6.415858223,3794540,754
6.415858223,3795230,690
6.418258865,3796000,770
6.418258865,3796674,674
6.420659907,3797460,786
6.420659907,3798118,658
6.423067929,3798920,802
6.423067929,3799562,642
6.425468571,3800380,818
6.425468571,3801006,626
6.427962562,3801840,834
6.427962562,3802450,610
6.430363204,3803300,850
6.430363204,3803894,594
6.432763846,3804760,866
6.432763846,3805338,578
6.435164488,3806220,882
6.435164488,3806782,562
6.437565130,3807680,898
6.437565130,3808226,546
6.440059121,3809140,914
6.440059121,3809670,530
6.442460163,3810600,930
6.442460163,3811114,514
6.444868185,3812060,946
6.444868185,3812558,498
6.447268827,3813520,962
6.447268827,3814002,482
6.449669469,3814980,978
6.449669469,3815446,466
6.452163460,3816440,994
6.452163460,3816890,450
6.454501264,3817900,1010
6.454501264,3818334,434
6.456839068,3819360,1026
6.456839068,3819778,418
6.459176872,3820820,1042
6.459176872,3821222,402
6.461514676,3822280,1058
6.461514676,3822666,386
6.463852480,3823740,1074
6.463852480,3824110,370
6.466190684,3825200,1090
6.466190684,3825554,354
6.468535663,3826660,1106
6.468535663,3826998,338
6.470964373,3828120,1122
6.470964373,3828442,322
6.473302177,3829580,1138
6.473302177,3829886,306
6.475639981,3831040,1154
6.475639981,3831330,290
6.477977785,3832500,1170
6.477977785,3832774,274
6.480315589,3833960,1186
6.480315589,3834218,258
6.482744299,3835420,1202
6.482744299,3835662,242
6.485082103,3836880,1218
6.485082103,3837106,226
6.487420307,3838340,1234
6.487420307,3838550,210
6.489765286,3839800,1250
6.489765286,3839994,194
6.492103090,3841260,1266
6.492103090,3841438,178
6.494440894,3842720,1282
6.494440894,3842882,162
6.496778698,3844180,1298
6.496778698,3844326,146
6.499116502,3845640,1314
6.499116502,3845770,130
6.501545212,3847100,1330
6.501545212,3847214,114
6.503883016,3848560,1346
6.503883016,3848658,98
6.506220820,3850020,1362
6.506220820,3850102,82
6.508558624,3851480,1378
6.508558624,3851546,66
6.510896748,3852940,1394
6.510896748,3852990,50
6.513331118,3854400,1410
6.513331118,3854434,34
6.515667407,3855860,1426
6.515667407,3855878,18
6.518003696,3857320,1442
6.518003696,3857322,2
6.520340065,3858774,1452
6.522677869,3858780,6
6.522677869,3860219,1439
6.525015673,3860240,21
6.525015673,3861664,1424
6.527353477,3861700,36
6.527353477,3863109,1409
6.529691281,3863160,51
6.529691281,3864554,1394
6.532120391,3864620,66
6.532120391,3865998,1378
6.534465370,3866080,82
6.534465370,3867442,1362
6.536803174,3867540,98
6.536803174,3868886,1346
6.539140978,3869000,114
6.539140978,3870330,1330
6.541478782,3870460,130
6.541478782,3871774,1314
6.543907492,3871920,146
6.543907492,3873218,1298
6.546245296,3873380,162
6.546245296,3874662,1282
6.548583100,3874840,178
6.548583100,3876106,1266
6.550920904,3876300,194
6.550920904,3877550,1250
6.553092605,3877760,210
6.553092605,3878994,1234
6.555355790,3879220,226
6.555355790,3880438,1218
6.557527491,3880680,242
6.557527491,3881882,1202
6.559699192,3882140,258
6.559699192,3883326,1186
6.561870893,3883600,274
6.561870893,3884770,1170
6.564042594,3885060,290
6.564042594,3886214,1154
6.566214295,3886520,306
6.566214295,3887658,1138
6.568385996,3887980,322
6.568385996,3889102,1122
6.570557697,3889440,338
6.570557697,3890546,1106
6.572813845,3890900,354
6.572813845,3891990,1090
6.574985946,3892360,370
6.574985946,3893434,1074
6.577164284,3893820,386
6.577164284,3894878,1058
6.579335985,3895280,402
6.579335985,3896322,1042
6.581507686,3896740,418
6.581507686,3897766,1026
6.583763834,3898200,434
6.583763834,3899210,1010
6.585935535,3899660,450
6.585935535,3900654,994
6.588107236,3901120,466
6.588107236,3902098,978
6.590278937,3902580,482
6.590278937,3903542,962
6.592450638,3904040,498
6.592450638,3904986,946
6.594622339,3905500,514
6.594622339,3906430,930
6.596794440,3906960,530
6.596794440,3907874,914
6.598972778,3908420,546
6.598972778,3909318,898
6.601228926,3909880,562
6.601228926,3910762,882
6.603400627,3911340,578
6.603400627,3912206,866
6.605572328,3912800,594
6.605572328,3913650,850
6.607744029,3914260,610
6.607744029,3915094,834
6.609915730,3915720,626
6.609915730,3916538,818
6.612171878,3917180,642
6.612171878,3917982,802
6.614343579,3918640,658
6.614343579,3919426,786
6.616515680,3920100,674
6.616515680,3920870,770
6.618694018,3921560,690
6.618694018,3922314,754
6.620865719,3923020,706
6.620865719,3923758,738
6.623037420,3924480,722
6.623037420,3925202,722
6.625209121,3925940,738
6.625209121,3926646,706
6.627380822,3927400,754
6.627380822,3928090,690
6.629552523,3928860,770
6.629552523,3929534,674
6.631808671,3930320,786
6.631808671,3930978,658
6.633980372,3931780,802
6.633980372,3932422,642
6.636152073,3933240,818
6.636152073,3933866,626
6.638324174,3934700,834
6.638324174,3935310,610
6.640502512,3936160,850
6.640502512,3936754,594
6.642758660,3937620,866
6.642758660,3938198,578
6.644930361,3939080,882
6.644930361,3939642,562
6.647102062,3940540,898
6.647102062,3941086,546
6.649273763,3942000,914
6.649273763,3942530,530
6.651445464,3943460,930
6.651445464,3943974,514
6.653878221,3944920,946
6.653878221,3945418,498
6.656219921,3946380,962
6.656219921,3946862,482
6.658562021,3947840,978
6.658562021,3948306,466
6.660910909,3949300,994
6.660910909,3949750,450
6.663252609,3950760,1010
6.663252609,3951194,434
6.665594309,3952220,1026
6.665594309,3952638,418
6.667936009,3953680,1042
6.667936009,3954082,402
6.670277709,3955140,1058
6.670277709,3955526,386
6.672710466,3956600,1074
6.672710466,3956970,370
6.675052166,3958060,1090
6.675052166,3958414,354
6.677393866,3959520,1106
6.677393866,3959858,338
6.679735566,3960980,1122
6.679735566,3961302,322
6.682077666,3962440,1138
6.682077666,3962746,306
6.684517611,3963900,1154
6.684517611,3964190,290
6.686859311,3965360,1170
6.686859311,3965634,274
6.689201011,3966820,1186
6.689201011,3967078,258
6.691542711,3968280,1202
6.691542711,3968522,242
6.693884411,3969740,1218
6.693884411,3969966,226
6.696226111,3971200,1234
6.696226111,3971410,210
6.698567811,3972660,1250
6.698567811,3972854,194
6.700909511,3974120,1266
6.700909511,3974298,178
6.703342668,3975580,1282
6.703342668,3975742,162
6.705691556,3977040,1298
6.705691556,3977186,146
6.708033256,3978500,1314
6.708033256,3978630,130
6.710374956,3979960,1330
6.710374956,3980074,114
6.712716656,3981420,1346
6.712716656,3981518,98
6.715149413,3982880,1362
6.715149413,3982962,82
6.717491113,3984340,1378
6.717491113,3984406,66
6.719832733,3985800,1394
6.719832733,3985850,50
6.722172916,3987260,1410
6.722172916,3987294,34
6.724513099,3988720,1426
6.724513099,3988738,18
6.726853682,3990180,1442
6.726853682,3990182,2
6.729201133,3991634,1452
6.731542833,3991640,6
6.731542833,3993079,1439
6.733975590,3993100,21
6.733975590,3994524,1424
6.736317290,3994560,36
6.736317290,3995969,1409
6.738658990,3996020,51
6.738658990,3997414,1394
6.741000690,3997480,66
6.741000690,3998858,1378
6.743342390,3998940,82
6.743342390,4000302,1362
6.745775147,4000400,98
6.745775147,4001746,1346
6.748117247,4001860,114
6.748117247,4003190,1330
6.750466135,4003320,130
6.750466135,4004634,1314
6.752734302,4004780,146
6.752734302,4006078,1298
6.755002469,4006240,162
6.755002469,4007522,1282
6.757358834,4007700,178
6.757358834,4008966,1266
6.759627001,4009160,194
6.759627001,4010410,1250
6.761895168,4010620,210
6.761895168,4011854,1234
6.764163335,4012080,226
6.764163335,4013298,1218
6.766431502,4013540,242
6.766431502,4014742,1202
6.768699669,4015000,258
6.768699669,4016186,1186
6.770968236,4016460,274
6.770968236,4017630,1170
6.773243353,4017920,290
6.773243353,4019074,1154
6.775599718,4019380,306
6.775599718,4020518,1138
6.777867885,4020840,322
6.777867885,4021962,1122
6.780136052,4022300,338
6.780136052,4023406,1106
6.782404219,4023760,354
6.782404219,4024850,1090
6.784672386,4025220,370
6.784672386,4026294,1074
6.787028751,4026680,386
6.787028751,4027738,1058
6.789296918,4028140,402
6.789296918,4029182,1042
6.791565485,4029600,418
6.791565485,4030626,1026
6.793840602,4031060,434
6.793840602,4032070,1010
6.796108769,4032520,450
6.796108769,4033514,994
6.798376936,4033980,466
6.798376936,4034958,978
6.800645103,4035440,482
6.800645103,4036402,962
6.802913270,4036900,498
6.802913270,4037846,946
6.805269635,4038360,514
6.805269635,4039290,930
6.807537802,4039820,530
6.807537802,4040734,914
6.809805969,4041280,546
6.809805969,4042178,898
6.812074136,4042740,562
6.812074136,4043622,882
6.814342703,4044200,578
6.814342703,4045066,866
6.816706018,4045660,594
6.816706018,4046510,850
6.818974185,4047120,610
6.818974185,4047954,834
6.821242352,4048580,626
6.821242352,4049398,818
6.823510519,4050040,642
6.823510519,4050842,802
6.825778686,4051500,658
6.825778686,4052286,786
6.828135051,4052960,674
6.828135051,4053730,770
6.830403218,4054420,690
6.830403218,4055174,754
6.832671385,4055880,706
6.832671385,4056618,738
6.834939952,4057340,722
6.834939952,4058062,722
6.837215069,4058800,738
6.837215069,4059506,706
6.839483236,4060260,754
6.839483236,4060950,690
6.841751403,4061720,770
6.841751403,4062394,674
6.844019570,4063180,786
6.844019570,4063838,658
6.846375935,4064640,802
6.846375935,4065282,642
6.848644102,4066100,818
6.848644102,4066726,626
6.850912269,4067560,834
6.850912269,4068170,610
6.853069545,4069020,850
6.853069545,4069614,594
6.855226821,4070480,866
6.855226821,4071058,578
6.857474973,4071940,882
6.857474973,4072502,562
6.859632249,4073400,898
6.859632249,4073946,546
6.861789525,4074860,914
6.861789525,4075390,530
6.863946801,4076320,930
6.863946801,4076834,514
6.866104077,4077780,946
6.866104077,4078278,498
6.868261353,4079240,962
6.868261353,4079722,482
6.870418629,4080700,978
6.870418629,4081166,466
6.872575905,4082160,994
6.872575905,4082610,450
6.874817067,4083620,1010
6.874817067,4084054,434
6.876974743,4085080,1026
6.876974743,4085498,418
6.879138609,4086540,1042
6.879138609,4086942,402
6.881295885,4088000,1058
6.881295885,4088386,386
6.883453161,4089460,1074
6.883453161,4089830,370
6.885694323,4090920,1090
6.885694323,4091274,354
6.887851599,4092380,1106
6.887851599,4092718,338
6.890008875,4093840,1122
6.890008875,4094162,322
6.892166151,4095300,1138
6.892166151,4095606,306
6.894323427,4096760,1154
6.894323427,4097050,290
6.896480703,4098220,1170
6.896480703,4098494,274
6.898638379,4099680,1186
6.898638379,4099938,258
6.900802245,4101140,1202
6.900802245,4101382,242
6.903043407,4102600,1218
6.903043407,4102826,226
6.905200683,4104060,1234
6.905200683,4104270,210
6.907357959,4105520,1250
6.907357959,4105714,194
6.909515235,4106980,1266
6.909515235,4107158,178
6.911672511,4108440,1282
6.911672511,4108602,162
6.913913673,4109900,1298
6.913913673,4110046,146
6.916070949,4111360,1314
6.916070949,4111490,130
6.918228625,4112820,1330
6.918228625,4112934,114
6.920392491,4114280,1346
6.920392491,4114378,98
6.922549767,4115740,1362
6.922549767,4115822,82
6.924790929,4117200,1378
6.924790929,4117266,66
6.926948125,4118660,1394
6.926948125,4118710,50
6.929104003,4120120,1410
6.929104003,4120154,34
6.931259881,4121580,1426
6.931259881,4121598,18
6.933415759,4123040,1442
6.933415759,4123042,2
6.935571717,4124494,1452
6.937728993,4124500,6
6.937728993,4125939,1439
6.939886669,4125960,21
6.939886669,4127384,1424
6.942134421,4127420,36
6.942134421,4128829,1409
6.944291697,4128880,51
6.944291697,4130274,1394
6.946448973,4130340,66
6.946448973,4131718,1378
6.948606249,4131800,82
6.948606249,4133162,1362
6.950763525,4133260,98
6.950763525,4134606,1346
6.953082356,4134720,114
6.953082356,4136050,1330
6.955314394,4136180,130
6.955314394,4137494,1314
6.957546432,4137640,146
6.957546432,4138938,1298
6.959778870,4139100,162
6.959778870,4140382,1282
6.962017741,4140560,178
6.962017741,4141826,1266
6.964249779,4142020,194
6.964249779,4143270,1250
6.966481817,4143480,210
6.966481817,4144714,1234
6.968713855,4144940,226
6.968713855,4146158,1218
6.971032686,4146400,242
6.971032686,4147602,1202
6.973264724,4147860,258
6.973264724,4149046,1186
6.975496762,4149320,274
6.975496762,4150490,1170
6.977728800,4150780,290
6.977728800,4151934,1154
6.979960838,4152240,306
6.979960838,4153378,1138
6.982286902,4153700,322
6.982286902,4154822,1122
6.984518940,4155160,338
6.984518940,4156266,1106
6.986750978,4156620,354
6.986750978,4157710,1090
6.988983016,4158080,370
6.988983016,4159154,1074
6.991215054,4159540,386
6.991215054,4160598,1058
6.993447092,4161000,402
6.993447092,4162042,1042
6.995679130,4162460,418
6.995679130,4163486,1026
6.997911168,4163920,434
6.997911168,4164930,1010
7.000143206,4165380,450
7.000143206,4166374,994
7.002462437,4166840,466
7.002462437,4167818,978
7.004701308,4168300,482
7.004701308,4169262,962
7.006933346,4169760,498
7.006933346,4170706,946
7.009165384,4171220,514
7.009165384,4172150,930
7.011397422,4172680,530
7.011397422,4173594,914
7.013716253,4174140,546
7.013716253,4175038,898
7.015948291,4175600,562
7.015948291,4176482,882
7.018180329,4177060,578
7.018180329,4177926,866
7.020412367,4178520,594
7.020412367,4179370,850
7.022644405,4179980,610
7.022644405,4180814,834
7.024970469,4181440,626
7.024970469,4182258,818
7.027202507,4182900,642
7.027202507,4183702,802
7.029434545,4184360,658
7.029434545,4185146,786
7.031666583,4185820,674
7.031666583,4186590,770
7.033898621,4187280,690
7.033898621,4188034,754
7.036130659,4188740,706
7.036130659,4189478,738
7.038362697,4190200,722
7.038362697,4190922,722
7.040594735,4191660,738
7.040594735,4192366,706
7.042913566,4193120,754
7.042913566,4193810,690
7.045146004,4194580,770
7.045146004,4195254,674
7.047384875,4196040,786
7.047384875,4196698,658
7.049616913,4197500,802
7.049616913,4198142,642
7.051848951,4198960,818
7.051848951,4199586,626
7.054204395,4200420,834
7.054204395,4201030,610
7.056471676,4201880,850
7.056471676,4202474,594
7.058738957,4203340,866
7.058738957,4203918,578
7.061006238,4204800,882
7.061006238,4205362,562
7.063273519,4206260,898
7.063273519,4206806,546
7.065540800,4207720,914
7.065540800,4208250,530
7.067808481,4209180,930
7.067808481,4209694,514
7.070082709,4210640,946
7.070082709,4211138,498
7.072438153,4212100,962
7.072438153,4212582,482
7.074705434,4213560,978
7.074705434,4214026,466
7.076972715,4215020,994
7.076972715,4215470,450
7.079239996,4216480,1010
7.079239996,4216914,434
7.081507277,4217940,1026
7.081507277,4218358,418
7.083862721,4219400,1042
7.083862721,4219802,402
7.086130002,4220860,1058
7.086130002,4221246,386
7.088397683,4222320,1074
7.088397683,4222690,370
7.090671911,4223780,1090
7.090671911,4224134,354
7.092939192,4225240,1106
7.092939192,4225578,338
7.095206473,4226700,1122
7.095206473,4227022,322
7.097473754,4228160,1138
7.097473754,4228466,306
7.099741035,4229620,1154
7.099741035,4229910,290
7.102096479,4231080,1170
7.102096479,4231354,274
7.104363760,4232540,1186
7.104363760,4232798,258
7.106631041,4234000,1202
7.106631041,4234242,242
7.108898322,4235460,1218
7.108898322,4235686,226
7.111166003,4236920,1234
7.111166003,4237130,210
7.113528394,4238380,1250
7.113528394,4238574,194
7.115795675,4239840,1266
7.115795675,4240018,178
7.118062956,4241300,1282
7.118062956,4241462,162
7.120330237,4242760,1298
7.120330237,4242906,146
7.122597518,4244220,1314
7.122597518,4244350,130
7.124952962,4245680,1330
7.124952962,4245794,114
7.127220243,4247140,1346
7.127220243,4247238,98
7.129487524,4248600,1362
7.129487524,4248682,82
7.131755205,4250060,1378
7.131755205,4250126,66
7.134029353,4251520,1394
7.134029353,4251570,50
7.136295164,4252980,1410
7.136295164,4253014,34
7.138560975,4254440,1426
7.138560975,4254458,18
7.140826786,4255900,1442
7.140826786,4255902,2
7.143092677,4257354,1452
7.145448121,4257360,6
7.145448121,4258799,1439
7.147715402,4258820,21
7.147715402,4260244,1424
7.149982683,4260280,36
7.149982683,4261689,1409
7.152249964,4261740,51
7.152249964,4263134,1394
7.154500464,4263200,66
7.154500464,4264578,1378
7.156844951,4264660,82
7.156844951,4266022,1362
7.159095051,4266120,98
7.159095051,4267466,1346
7.161345151,4267580,114
7.161345151,4268910,1330
7.163595251,4269040,130
7.163595251,4270354,1314
7.165845351,4270500,146
7.165845351,4271798,1298
7.168095451,4271960,162
7.168095451,4273242,1282
7.170345551,4273420,178
7.170345551,4274686,1266
7.172683146,4274880,194
7.172683146,4276130,1250
7.174933646,4276340,210
7.174933646,4277574,1234
7.177190638,4277800,226
7.177190638,4279018,1218
7.179440738,4279260,242
7.179440738,4280462,1202
7.181690838,4280720,258
7.181690838,4281906,1186
7.183940938,4282180,274
7.183940938,4283350,1170
7.186278533,4283640,290
7.186278533,4284794,1154
7.188528633,4285100,306
7.188528633,4286238,1138
7.190778733,4286560,322
7.190778733,4287682,1122
7.193028833,4288020,338
7.193028833,4289126,1106
7.195278933,4289480,354
7.195278933,4290570,1090
7.197623820,4290940,370
7.197623820,4292014,1074
7.199873920,4292400,386
7.199873920,4293458,1058
7.202124020,4293860,402
7.202124020,4294902,1042
7.204374120,4295320,418
7.204374120,4296346,1026
7.206624220,4296780,434
7.206624220,4297790,1010
7.208874320,4298240,450
7.208874320,4299234,994
7.211124420,4299700,466
7.211124420,4300678,978
7.213374520,4301160,482
7.213374520,4302122,962
7.215712115,4302620,498
7.215712115,4303566,946
7.217962615,4304080,514
7.217962615,4305010,930
7.220219607,4305540,530
7.220219607,4306454,914
7.222469707,4307000,546
7.222469707,4307898,898
7.224719807,4308460,562
7.224719807,4309342,882
7.227057402,4309920,578
7.227057402,4310786,866
7.229307502,4311380,594
7.229307502,4312230,850
7.231557602,4312840,610
7.231557602,4313674,834
7.233807702,4314300,626
7.233807702,4315118,818
7.236057802,4315760,642
7.236057802,4316562,802
7.238307902,4317220,658
7.238307902,4318006,786
7.240558402,4318680,674
7.240558402,4319450,770
7.242815394,4320140,690
7.242815394,4320894,754
7.245152989,4321600,706
7.245152989,4322338,738
7.247403089,4323060,722
7.247403089,4323782,722
7.249653189,4324520,738
7.249653189,4325226,706
7.251903289,4325980,754
7.251903289,4326670,690
7.254137113,4327440,770
7.254137113,4328114,674
7.256457799,4328900,786
7.256457799,4329558,658
7.258691623,4330360,802
7.258691623,4331002,642
7.260925847,4331820,818
7.260925847,4332446,626
7.263166509,4333280,834
7.263166509,4333890,610
7.265400333,4334740,850
7.265400333,4335334,594
7.267634157,4336200,866
7.267634157,4336778,578
7.269867981,4337660,882
7.269867981,4338222,562
7.272188667,4339120,898
7.272188667,4339666,546
7.274422491,4340580,914
7.274422491,4341110,530
7.276656315,4342040,930
7.276656315,4342554,514
7.278890139,4343500,946
7.278890139,4343998,498
7.281123963,4344960,962
7.281123963,4345442,482
7.283358187,4346420,978
7.283358187,4346886,466
7.285685711,4347880,994
7.285685711,4348330,450
7.287919535,4349340,1010
7.287919535,4349774,434
7.290153359,4350800,1026
7.290153359,4351218,418
7.292387183,4352260,1042
7.292387183,4352662,402
7.294621007,4353720,1058
7.294621007,4354106,386
7.296941693,4355180,1074
7.296941693,4355550,370
7.299175517,4356640,1090
7.299175517,4356994,354
7.301409341,4358100,1106
7.301409341,4358438,338
7.303643565,4359560,1122
7.303643565,4359882,322
7.305884227,4361020,1138
7.305884227,4361326,306
7.308118051,4362480,1154
7.308118051,4362770,290
7.310351875,4363940,1170
7.310351875,4364214,274
7.312585699,4365400,1186
7.312585699,4365658,258
7.314906385,4366860,1202
7.314906385,4367102,242
7.317140209,4368320,1218
7.317140209,4368546,226
7.319374033,4369780,1234
7.319374033,4369990,210
7.321607857,4371240,1250
7.321607857,4371434,194
7.323841681,4372700,1266
7.323841681,4372878,178
7.326169606,4374160,1282
7.326169606,4374322,162
7.328403430,4375620,1298
7.328403430,4375766,146
7.330637254,4377080,1314
7.330637254,4377210,130
7.332871078,4378540,1330
7.332871078,4378654,114
7.335104902,4380000,1346
7.335104902,4380098,98
7.337338726,4381460,1362
7.337338726,4381542,82
7.339572550,4382920,1378
7.339572550,4382986,66
7.341893156,4384380,1394
7.341893156,4384430,50
7.344125532,4385840,1410
7.344125532,4385874,34
7.346358308,4387300,1426
7.346358308,4387318,18
7.348597523,4388760,1442
7.348597523,4388762,2
7.350829979,4390214,1452
7.352932773,4390220,6
7.352932773,4391659,1439
7.355117334,4391680,21
7.355117334,4393104,1424
7.357220128,4393140,36
7.357220128,4394549,1409
7.359322922,4394600,51
7.359322922,4395994,1394
7.361425716,4396060,66
7.361425716,4397438,1378
7.363528510,4397520,82
7.363528510,4398882,1362
7.365631304,4398980,98
7.365631304,4400326,1346
7.367734498,4400440,114
7.367734498,4401770,1330
7.369925473,4401900,130
7.369925473,4403214,1314
7.372028267,4403360,146
7.372028267,4404658,1298
7.374131061,4404820,162
7.374131061,4406102,1282
7.376233855,4406280,178
7.376233855,4407546,1266
7.378336649,4407740,194
7.378336649,4408990,1250
7.380439443,4409200,210
7.380439443,4410434,1234
7.382624004,4410660,226
7.382624004,4411878,1218
7.384726798,4412120,242
7.384726798,4413322,1202
7.386829992,4413580,258
7.386829992,4414766,1186
7.388939200,4415040,274
7.388939200,4416210,1170
7.391041994,4416500,290
7.391041994,4417654,1154
7.393144788,4417960,306
7.393144788,4419098,1138
7.395329349,4419420,322
7.395329349,4420542,1122
7.397432143,4420880,338
7.397432143,4421986,1106
7.399534937,4422340,354
7.399534937,4423430,1090
7.401637731,4423800,370
7.401637731,4424874,1074
7.403740525,4425260,386
7.403740525,4426318,1058
7.405843319,4426720,402
7.405843319,4427762,1042
7.407946513,4428180,418
7.407946513,4429206,1026
7.410055721,4429640,434
7.410055721,4430650,1010
7.412240282,4431100,450
7.412240282,4432094,994
7.414343076,4432560,466
7.414343076,4433538,978
7.416445870,4434020,482
7.416445870,4434982,962
7.418548664,4435480,498
7.418548664,4436426,946
7.420651458,4436940,514
7.420651458,4437870,930
7.422836019,4438400,530
7.422836019,4439314,914
7.424938813,4439860,546
7.424938813,4440758,898
7.427042007,4441320,562
7.427042007,4442202,882
7.429151215,4442780,578
7.429151215,4443646,866
7.431254009,4444240,594
7.431254009,4445090,850
7.433356803,4445700,610
7.433356803,4446534,834
7.435459597,4447160,626
7.435459597,4447978,818
7.437644158,4448620,642
7.437644158,4449422,802
7.439746952,4450080,658
7.439746952,4450866,786
7.441849746,4451540,674
7.441849746,4452310,770
7.443952540,4453000,690
7.443952540,4453754,754
7.446055334,4454460,706
7.446055334,4455198,738
7.448158528,4455920,722
7.448158528,4456642,722
7.450349503,4457380,738
7.450349503,4458086,706
7.452619425,4458840,754
7.452619425,4459530,690
7.454889347,4460300,770
7.454889347,4460974,674
7.457159269,4461760,786
7.457159269,4462418,658
7.459429191,4463220,802
7.459429191,4463862,642
7.461699113,4464680,818
7.461699113,4465306,626
7.463969035,4466140,834
7.463969035,4466750,610
7.466327223,4467600,850
7.466327223,4468194,594
7.468597545,4469060,866
7.468597545,4469638,578
7.470874423,4470520,882
7.470874423,4471082,562
7.473144345,4471980,898
7.473144345,4472526,546
7.475414267,4473440,914
7.475414267,4473970,530
7.477684189,4474900,930
7.477684189,4475414,514
7.480042377,4476360,946
7.480042377,4476858,498
7.482312299,4477820,962
7.482312299,4478302,482
7.484582221,4479280,978
7.484582221,4479746,466
7.486852143,4480740,994
7.486852143,4481190,450
7.489122065,4482200,1010
7.489122065,4482634,434
7.491487609,4483660,1026
7.491487609,4484078,418
7.493757531,4485120,1042
7.493757531,4485522,402
7.496027453,4486580,1058
7.496027453,4486966,386
7.498297375,4488040,1074
7.498297375,4488410,370
7.500567297,4489500,1090
7.500567297,4489854,354
7.502837219,4490960,1106
7.502837219,4491298,338
7.505107141,4492420,1122
7.505107141,4492742,322
7.507377063,4493880,1138
7.507377063,4494186,306
7.509735251,4495340,1154
7.509735251,4495630,290
7.512005573,4496800,1170
7.512005573,4497074,274
7.514282451,4498260,1186
7.514282451,4498518,258
7.516552373,4499720,1202
7.516552373,4499962,242
7.518822295,4501180,1218
7.518822295,4501406,226
7.521180483,4502640,1234
7.521180483,4502850,210
7.523450405,4504100,1250
7.523450405,4504294,194
7.525720327,4505560,1266
7.525720327,4505738,178
7.527990249,4507020,1282
7.527990249,4507182,162
7.530260171,4508480,1298
7.530260171,4508626,146
7.532530093,4509940,1314
7.532530093,4510070,130
7.534800415,4511400,1330
7.534800415,4511514,114
7.537165559,4512860,1346
7.537165559,4512958,98
7.539435481,4514320,1362
7.539435481,4514402,82
7.541705403,4515780,1378
7.541705403,4515846,66
7.543975245,4517240,1394
7.543975245,4517290,50
7.546243696,4518700,1410
7.546243696,4518734,34
7.548512147,4520160,1426
7.548512147,4520178,18
7.550868864,4521620,1442
7.550868864,4521622,2
7.553097696,4523074,1452
7.555328293,4523080,6
7.555328293,4524519,1439
7.557565317,4524540,21
7.557565317,4525964,1424
7.559795514,4526000,36
7.559795514,4527409,1409
7.562025711,4527460,51
7.562025711,4528854,1394
7.564255908,4528920,66
7.564255908,4530298,1378
7.566572826,4530380,82
7.566572826,4531742,1362
7.568803023,4531840,98
7.568803023,4533186,1346
7.571033220,4533300,114
7.571033220,4534630,1330
7.573263417,4534760,130
7.573263417,4536074,1314
7.575493614,4536220,146
7.575493614,4537518,1298
7.577724211,4537680,162
7.577724211,4538962,1282
7.580047956,4539140,178
7.580047956,4540406,1266
7.582278153,4540600,194
7.582278153,4541850,1250
7.584508350,4542060,210
7.584508350,4543294,1234
7.586738547,4543520,226
7.586738547,4544738,1218
7.588968744,4544980,242
7.588968744,4546182,1202
7.591285662,4546440,258
7.591285662,4547626,1186
7.593515859,4547900,274
7.593515859,4549070,1170
7.595746056,4549360,290
7.595746056,4550514,1154
7.597976653,4550820,306
7.597976653,4551958,1138
7.600213677,4552280,322
7.600213677,4553402,1122
7.602443874,4553740,338
7.602443874,4554846,1106
7.604674071,4555200,354
7.604674071,4556290,1090
7.606904268,4556660,370
7.606904268,4557734,1074
7.609221186,4558120,386
7.609221186,4559178,1058
7.611451383,4559580,402
7.611451383,4560622,1042
7.613681580,4561040,418
7.613681580,4562066,1026
7.615911777,4562500,434
7.615911777,4563510,1010
7.618141974,4563960,450
7.618141974,4564954,994
7.620466119,4565420,466
7.620466119,4566398,978
7.622696316,4566880,482
7.622696316,4567842,962
7.624926513,4568340,498
7.624926513,4569286,946
7.627156710,4569800,514
7.627156710,4570730,930
7.629386907,4571260,530
7.629386907,4572174,914
7.631617104,4572720,546
7.631617104,4573618,898
7.633847301,4574180,562
7.633847301,4575062,882
7.636164219,4575640,578
7.636164219,4576506,866
7.638394416,4577100,594
7.638394416,4577950,850
7.640625013,4578560,610
7.640625013,4579394,834
7.642862037,4580020,626
7.642862037,4580838,818
7.645092234,4581480,642
7.645092234,4582282,802
7.647322431,4582940,658
7.647322431,4583726,786
7.649639349,4584400,674
7.649639349,4585170,770
7.651869546,4585860,690
7.651869546,4586614,754
7.653942311,4587320,706
7.653942311,4588058,738
7.656015076,4588780,722
7.656015076,4589502,722
7.658087841,4590240,738
7.658087841,4590946,706
7.660241606,4591700,754
7.660241606,4592390,690
7.662320688,4593160,770
7.662320688,4593834,674
7.664393453,4594620,786
7.664393453,4595278,658
7.666466218,4596080,802
7.666466218,4596722,642
7.668538983,4597540,818
7.668538983,4598166,626
7.670611748,4599000,834
7.670611748,4599610,610
7.672684513,4600460,850
7.672684513,4601054,594
7.674757278,4601920,866
7.674757278,4602498,578
7.676910643,4603380,882
7.676910643,4603942,562
7.678983408,4604840,898
7.678983408,4605386,546
7.681056573,4606300,914
7.681056573,4606830,530
7.683135655,4607760,930
7.683135655,4608274,514
7.685208420,4609220,946
7.685208420,4609718,498
7.687361785,4610680,962
7.687361785,4611162,482
7.689434550,4612140,978
7.689434550,4612606,466
7.691507315,4613600,994
7.691507315,4614050,450
7.693580080,4615060,1010
7.693580080,4615494,434
7.695652845,4616520,1026
7.695652845,4616938,418
7.697725610,4617980,1042
7.697725610,4618382,402
7.699798375,4619440,1058
7.699798375,4619826,386
7.701871540,4620900,1074
7.701871540,4621270,370
7.704031222,4622360,1090
7.704031222,4622714,354
7.706103987,4623820,1106
7.706103987,4624158,338
7.708176752,4625280,1122
7.708176752,4625602,322
7.710249517,4626740,1138
7.710249517,4627046,306
7.712322282,4628200,1154
7.712322282,4628490,290
7.714475647,4629660,1170
7.714475647,4629934,274
7.716548412,4631120,1186
7.716548412,4631378,258
7.718621177,4632580,1202
7.718621177,4632822,242
7.720694342,4634040,1218
7.720694342,4634266,226
7.722773424,4635500,1234
7.722773424,4635710,210
7.724846189,4636960,1250
7.724846189,4637154,194
7.726918954,4638420,1266
7.726918954,4638598,178
7.729072319,4639880,1282
7.729072319,4640042,162
7.731145084,4641340,1298
7.731145084,4641486,146
7.733217849,4642800,1314
7.733217849,4642930,130
7.735290614,4644260,1330
7.735290614,4644374,114
7.737363379,4645720,1346
7.737363379,4645818,98
7.739436144,4647180,1362
7.739436144,4647262,82
7.741596225,4648640,1378
7.741596225,4648706,66
7.743668910,4650100,1394
7.743668910,4650150,50
7.745740332,4651560,1410
7.745740332,4651594,34
7.747811754,4653020,1426
7.747811754,4653038,18
7.749883176,4654480,1442
7.749883176,4654482,2
7.752035278,4655934,1452
7.754108696,4655940,6
7.754108696,4657379,1439
7.756182114,4657400,21
7.756182114,4658824,1424
7.758255532,4658860,36
7.758255532,4660269,1409
7.760329350,4660320,51
7.760329350,4661714,1394
7.762409086,4661780,66
7.762409086,4663158,1378
7.764482504,4663240,82
7.764482504,4664602,1362
7.766555922,4664700,98
7.766555922,4666046,1346
7.768629340,4666160,114
7.768629340,4667490,1330
7.770783383,4667620,130
7.770783383,4668934,1314
7.772856801,4669080,146
7.772856801,4670378,1298
7.774930219,4670540,162
7.774930219,4671822,1282
7.777003637,4672000,178
7.777003637,4673266,1266
7.779077055,4673460,194
7.779077055,4674710,1250
7.781237817,4674920,210
7.781237817,4676154,1234
7.783311235,4676380,226
7.783311235,4677598,1218
7.785384653,4677840,242
7.785384653,4679042,1202
7.787458071,4679300,258
7.787458071,4680486,1186
7.789531489,4680760,274
7.789531489,4681930,1170
7.791604907,4682220,290
7.791604907,4683374,1154
7.793678325,4683680,306
7.793678325,4684818,1138
7.795832368,4685140,322
7.795832368,4686262,1122
7.797905786,4686600,338
7.797905786,4687706,1106
7.799979604,4688060,354
7.799979604,4689150,1090
7.802059340,4689520,370
7.802059340,4690594,1074
7.804132758,4690980,386
7.804132758,4692038,1058
7.806206176,4692440,402
7.806206176,4693482,1042
7.808360219,4693900,418
7.808360219,4694926,1026
7.810433637,4695360,434
7.810433637,4696370,1010
7.812507055,4696820,450
7.812507055,4697814,994
7.814580473,4698280,466
7.814580473,4699258,978
7.816653891,4699740,482
7.816653891,4700702,962
7.818727309,4701200,498
7.818727309,4702146,946
7.820801127,4702660,514
7.820801127,4703590,930
7.822961488,4704120,530
7.822961488,4705034,914
7.825034906,4705580,546
7.825034906,4706478,898
7.827108324,4707040,562
7.827108324,4707922,882
7.829181742,4708500,578
7.829181742,4709366,866
7.831255160,4709960,594
7.831255160,4710810,850
7.833328578,4711420,610
7.833328578,4712254,834
7.835482621,4712880,626
7.835482621,4713698,818
7.837556039,4714340,642
7.837556039,4715142,802
7.839629857,4715800,658
7.839629857,4716586,786
7.841709593,4717260,674
7.841709593,4718030,770
7.843783011,4718720,690
7.843783011,4719474,754
7.845937054,4720180,706
7.845937054,4720918,738
7.848010472,4721640,722
7.848010472,4722362,722
7.850083890,4723100,738
7.850083890,4723806,706
7.852306386,4724560,754
7.852306386,4725250,690
7.854532951,4726020,770
7.854532951,4726694,674
7.856759516,4727480,786
7.856759516,4728138,658
7.858986081,4728940,802
7.858986081,4729582,642
7.861213046,4730400,818
7.861213046,4731026,626
7.863533006,4731860,834
7.863533006,4732470,610
7.865759571,4733320,850
7.865759571,4733914,594
7.867986136,4734780,866
7.867986136,4735358,578
7.870212701,4736240,882
7.870212701,4736802,562
7.872439266,4737700,898
7.872439266,4738246,546
7.874752411,4739160,914
7.874752411,4739690,530
7.876978976,4740620,930
7.876978976,4741134,514
7.879205541,4742080,946
7.879205541,4742578,498
7.881432506,4743540,962
7.881432506,4744022,482
7.883665886,4745000,978
7.883665886,4745466,466
7.885892451,4746460,994
7.885892451,4746910,450
7.888119016,4747920,1010
7.888119016,4748354,434
7.890432161,4749380,1026
7.890432161,4749798,418
7.892658726,4750840,1042
7.892658726,4751242,402
7.894885291,4752300,1058
7.894885291,4752686,386
7.897111856,4753760,1074
7.897111856,4754130,370
7.899338421,4755220,1090
7.899338421,4755574,354
7.901564986,4756680,1106
7.901564986,4757018,338
7.903885346,4758140,1122
7.903885346,4758462,322
7.906111911,4759600,1138
7.906111911,4759906,306
7.908338476,4761060,1154
7.908338476,4761350,290
7.910565041,4762520,1170
7.910565041,4762794,274
7.912791606,4763980,1186
7.912791606,4764238,258
7.915104751,4765440,1202
7.915104751,4765682,242
7.917331316,4766900,1218
7.917331316,4767126,226
7.919557881,4768360,1234
7.919557881,4768570,210
7.921784446,4769820,1250
7.921784446,4770014,194
7.924011411,4771280,1266
7.924011411,4771458,178
7.926244791,4772740,1282
7.926244791,4772902,162
7.928471356,4774200,1298
7.928471356,4774346,146
7.930697921,4775660,1314
7.930697921,4775790,130
7.933011066,4777120,1330
7.933011066,4777234,114
7.935237631,4778580,1346
7.935237631,4778678,98
7.937464196,4780040,1362
7.937464196,4780122,82
7.939690761,4781500,1378
7.939690761,4781566,66
7.941917246,4782960,1394
7.941917246,4783010,50
7.944229348,4784420,1410
7.944229348,4784454,34
7.946461285,4785880,1426
7.946461285,4785898,18
7.948686407,4787340,1442
7.948686407,4787342,2
7.950911609,4788794,1452
7.953262315,4788800,6
7.953262315,4790239,1439
7.955613021,4790260,21
7.955613021,4791684,1424
7.957963727,4791720,36
7.957963727,4793129,1409
7.960314433,4793180,51
7.960314433,4794574,1394
7.962756546,4794640,66
7.962756546,4796018,1378
7.965107252,4796100,82
7.965107252,4797462,1362
7.967458358,4797560,98
7.967458358,4798906,1346
7.969816281,4799020,114
7.969816281,4800350,1330
7.972166987,4800480,130
7.972166987,4801794,1314
7.974609100,4801940,146
7.974609100,4803238,1298
7.976959806,4803400,162
7.976959806,4804682,1282
7.979310512,4804860,178
7.979310512,4806126,1266
7.981661218,4806320,194
7.981661218,4807570,1250
7.984011924,4807780,210
7.984011924,4809014,1234
7.986362630,4809240,226
7.986362630,4810458,1218
7.988713336,4810700,242
7.988713336,4811902,1202
7.991064442,4812160,258
7.991064442,4813346,1186
7.993513772,4813620,274
7.993513772,4814790,1170
7.995864478,4815080,290
7.995864478,4816234,1154
7.998215184,4816540,306
7.998215184,4817678,1138
8.000565890,4818000,322
8.000565890,4819122,1122
8.002916596,4819460,338
8.002916596,4820566,1106
8.005358709,4820920,354
8.005358709,4822010,1090
8.007709415,4822380,370
8.007709415,4823454,1074
8.010060121,4823840,386
8.010060121,4824898,1058
8.012411227,4825300,402
8.012411227,4826342,1042
8.014769150,4826760,418
8.014769150,4827786,1026
8.017211263,4828220,434
8.017211263,4829230,1010
8.019561969,4829680,450
8.019561969,4830674,994
8.021912675,4831140,466
8.021912675,4832118,978
8.024263381,4832600,482
8.024263381,4833562,962
8.026614087,4834060,498
8.026614087,4835006,946
8.028964793,4835520,514
8.028964793,4836450,930
8.031315499,4836980,530
8.031315499,4837894,914
8.033666205,4838440,546
8.033666205,4839338,898
8.036115936,4839900,562
8.036115936,4840782,882
8.038466642,4841360,578
8.038466642,4842226,866
8.040817348,4842820,594
8.040817348,4843670,850
8.043168054,4844280,610
8.043168054,4845114,834
8.045518760,4845740,626
8.045518760,4846558,818
8.047960873,4847200,642
8.047960873,4848002,802
8.050311579,4848660,658
8.050311579,4849446,786
8.052473258,4850120,674
8.052473258,4850890,770
8.054634937,4851580,690
8.054634937,4852334,754
8.056797016,4853040,706
8.056797016,4853778,738
8.058965300,4854500,722
8.058965300,4855222,722
8.061126979,4855960,738
8.061126979,4856666,706
8.063288658,4857420,754
8.063288658,4858110,690
8.065534394,4858880,770
8.065534394,4859554,674
8.067696073,4860340,786
8.067696073,4860998,658
8.069857752,4861800,802
8.069857752,4862442,642
8.072019431,4863260,818
8.072019431,4863886,626
8.074181110,4864720,834
8.074181110,4865330,610
8.076427246,4866180,850
8.076427246,4866774,594
8.078595530,4867640,866
8.078595530,4868218,578
8.080757209,4869100,882
8.080757209,4869662,562
8.082918888,4870560,898
8.082918888,4871106,546
8.085080567,4872020,914
8.085080567,4872550,530
8.087242246,4873480,930
8.087242246,4873994,514
8.089403925,4874940,946
8.089403925,4875438,498
8.091565604,4876400,962
8.091565604,4876882,482
8.093811340,4877860,978
8.093811340,4878326,466
8.095973019,4879320,994
8.095973019,4879770,450
8.098135098,4880780,1010
8.098135098,4881214,434
8.100303382,4882240,1026
8.100303382,4882658,418
8.102465061,4883700,1042
8.102465061,4884102,402
8.104710797,4885160,1058
8.104710797,4885546,386
8.106872476,4886620,1074
8.106872476,4886990,370
8.109034155,4888080,1090
8.109034155,4888434,354
8.111195834,4889540,1106
8.111195834,4889878,338
8.113357513,4891000,1122
8.113357513,4891322,322
8.115603249,4892460,1138
8.115603249,4892766,306
8.117765328,4893920,1154
8.117765328,4894210,290
8.119933612,4895380,1170
8.119933612,4895654,274
8.122095291,4896840,1186
8.122095291,4897098,258
8.124256970,4898300,1202
8.124256970,4898542,242
8.126418649,4899760,1218
8.126418649,4899986,226
8.128580328,4901220,1234
8.128580328,4901430,210
8.130742007,4902680,1250
8.130742007,4902874,194
8.132987743,4904140,1266
8.132987743,4904318,178
8.135149422,4905600,1282
8.135149422,4905762,162
8.137311101,4907060,1298
8.137311101,4907206,146
8.139473180,4908520,1314
8.139473180,4908650,130
8.141641464,4909980,1330
8.141641464,4910094,114
8.143887200,4911440,1346
8.143887200,4911538,98
8.146048879,4912900,1362
8.146048879,4912982,82
8.148210558,4914360,1378
8.148210558,4914426,66
8.150372157,4915820,1394
8.150372157,4915870,50
8.152485960,4917280,1410
8.152485960,4917314,34
8.154599763,4918740,1426
8.154599763,4918758,18
8.156713566,4920200,1442
8.156713566,4920202,2
8.158827449,4921654,1452
8.160943023,4921660,6
8.160943023,4923099,1439
8.163146900,4923120,21
8.163146900,4924544,1424
8.165262074,4924580,36
8.165262074,4925989,1409
8.167377248,4926040,51
8.167377248,4927434,1394
8.169492422,4927500,66
8.169492422,4928878,1378
8.171607596,4928960,82
8.171607596,4930322,1362
8.173805019,4930420,98
8.173805019,4931766,1346
8.175920193,4931880,114
8.175920193,4933210,1330
8.178035367,4933340,130
8.178035367,4934654,1314
8.180150941,4934800,146
8.180150941,4936098,1298
8.182272569,4936260,162
8.182272569,4937542,1282
8.184387743,4937720,178
8.184387743,4938986,1266
8.186502917,4939180,194
8.186502917,4940430,1250
8.188618091,4940640,210
8.188618091,4941874,1234
8.190815514,4942100,226
8.190815514,4943318,1218
8.192930688,4943560,242
8.192930688,4944762,1202
8.195045862,4945020,258
8.195045862,4946206,1186
8.197161036,4946480,274
8.197161036,4947650,1170
8.199276210,4947940,290
8.199276210,4949094,1154
8.201480487,4949400,306
8.201480487,4950538,1138
8.203595661,4950860,322
8.203595661,4951982,1122
8.205710835,4952320,338
8.205710835,4953426,1106
8.207826009,4953780,354
8.207826009,4954870,1090
8.209941183,4955240,370
8.209941183,4956314,1074
8.212138606,4956700,386
8.212138606,4957758,1058
8.214253780,4958160,402
8.214253780,4959202,1042
8.216368954,4959620,418
8.216368954,4960646,1026
8.218484128,4961080,434
8.218484128,4962090,1010
8.220599702,4962540,450
8.220599702,4963534,994
8.222721330,4964000,466
8.222721330,4964978,978
8.224836504,4965460,482
8.224836504,4966422,962
8.226951678,4966920,498
8.226951678,4967866,946
8.229149101,4968380,514
8.229149101,4969310,930
8.231264275,4969840,530
8.231264275,4970754,914
8.233379449,4971300,546
8.233379449,4972198,898
8.235494623,4972760,562
8.235494623,4973642,882
8.237609797,4974220,578
8.237609797,4975086,866
8.239807620,4975680,594
8.239807620,4976530,850
8.241929248,4977140,610
8.241929248,4977974,834
8.244044422,4978600,626
8.244044422,4979418,818
8.246159596,4980060,642
8.246159596,4980862,802
8.248274770,4981520,658
8.248274770,4982306,786
8.250389944,4982980,674
8.250389944,4983750,770
8.252492345,4984440,690
8.252492345,4985194,754
8.254594746,4985900,706
8.254594746,4986638,738
8.256778899,4987360,722
8.256778899,4988082,722
8.258881300,4988820,738
8.258881300,4989526,706
8.260984101,4990280,754
8.260984101,4990970,690
8.263092914,4991740,770
8.263092914,4992414,674
8.265195315,4993200,786
8.265195315,4993858,658
8.267379468,4994660,802
8.267379468,4995302,642
8.269481869,4996120,818
8.269481869,4996746,626
8.271584270,4997580,834
8.271584270,4998190,610
8.273686671,4999040,850
8.273686671,4999634,594
8.275789072,5000500,866
8.275789072,5001078,578
8.277973225,5001960,882
8.277973225,5002522,562
8.280076026,5003420,898
8.280076026,5003966,546
8.282184839,5004880,914
8.282184839,5005410,530
8.284287240,5006340,930
8.284287240,5006854,514
8.286389641,5007800,946
8.286389641,5008298,498
8.288492042,5009260,962
8.288492042,5009742,482
8.290594443,5010720,978
8.290594443,5011186,466
8.292696844,5012180,994
8.292696844,5012630,450
8.294880997,5013640,1010
8.294880997,5014074,434
8.296983398,5015100,1026
8.296983398,5015518,418
8.299085799,5016560,1042
8.299085799,5016962,402
8.301188600,5018020,1058
8.301188600,5018406,386
8.303297413,5019480,1074
8.303297413,5019850,370
8.305481566,5020940,1090
8.305481566,5021294,354
8.307583967,5022400,1106
8.307583967,5022738,338
8.309686368,5023860,1122
8.309686368,5024182,322
8.311788769,5025320,1138
8.311788769,5025626,306
8.313891170,5026780,1154
8.313891170,5027070,290
8.315993571,5028240,1170
8.315993571,5028514,274
8.318095972,5029700,1186
8.318095972,5029958,258
8.320198373,5031160,1202
8.320198373,5031402,242
8.322389339,5032620,1218
8.322389339,5032846,226
8.324491740,5034080,1234
8.324491740,5034290,210
8.326594141,5035540,1250
8.326594141,5035734,194
8.328696542,5037000,1266
8.328696542,5037178,178
8.330798943,5038460,1282
8.330798943,5038622,162
8.332983096,5039920,1298
8.332983096,5040066,146
8.335085497,5041380,1314
8.335085497,5041510,130
8.337187898,5042840,1330
8.337187898,5042954,114
8.339290299,5044300,1346
8.339290299,5044398,98
8.341393100,5045760,1362
8.341393100,5045842,82
8.343501913,5047220,1378
8.343501913,5047286,66
8.345604234,5048680,1394
8.345604234,5048730,50
8.347705272,5050140,1410
8.347705272,5050174,34
8.349888062,5051600,1426
8.349888062,5051618,18
8.351989100,5053060,1442
8.351989100,5053062,2
8.354418809,5054514,1452
8.356850014,5054520,6
8.356850014,5055959,1439
8.359281219,5055980,21
8.359281219,5057404,1424
8.361807362,5057440,36
8.361807362,5058849,1409
8.364246045,5058900,51
8.364246045,5060294,1394
8.366677250,5060360,66
8.366677250,5061738,1378
8.369108455,5061820,82
8.369108455,5063182,1362
8.371539660,5063280,98
8.371539660,5064626,1346
8.374065403,5064740,114
8.374065403,5066070,1330
8.376496608,5066200,130
8.376496608,5067514,1314
8.378927813,5067660,146
8.378927813,5068958,1298
8.381359018,5069120,162
8.381359018,5070402,1282
8.383790223,5070580,178
8.383790223,5071846,1266
8.386221828,5072040,194
8.386221828,5073290,1250
8.388660511,5073500,210
8.388660511,5074734,1234
8.391091716,5074960,226
8.391091716,5076178,1218
8.393617459,5076420,242
8.393617459,5077622,1202
8.396048664,5077880,258
8.396048664,5079066,1186
8.398479869,5079340,274
8.398479869,5080510,1170
8.400911074,5080800,290
8.400911074,5081954,1154
8.403342279,5082260,306
8.403342279,5083398,1138
8.405868022,5083720,322
8.405868022,5084842,1122
8.408299627,5085180,338
8.408299627,5086286,1106
8.410738310,5086640,354
8.410738310,5087730,1090
8.413169515,5088100,370
8.413169515,5089174,1074
8.415600720,5089560,386
8.415600720,5090618,1058
8.418031925,5091020,402
8.418031925,5092062,1042
8.420463130,5092480,418
8.420463130,5093506,1026
8.422894335,5093940,434
8.422894335,5094950,1010
8.425420078,5095400,450
8.425420078,5096394,994
8.427851283,5096860,466
8.427851283,5097838,978
8.430282488,5098320,482
8.430282488,5099282,962
8.432714093,5099780,498
8.432714093,5100726,946
8.435152776,5101240,514
8.435152776,5102170,930
8.437678519,5102700,530
8.437678519,5103614,914
8.440109724,5104160,546
8.440109724,5105058,898
8.442540929,5105620,562
8.442540929,5106502,882
8.444972134,5107080,578
8.444972134,5107946,866
8.447403339,5108540,594
8.447403339,5109390,850
8.449834544,5110000,610
8.449834544,5110834,834
8.452265749,5111460,626
8.452265749,5112278,818
8.454450921,5112920,642
8.454450921,5113722,802
8.456728145,5114380,658
8.456728145,5115166,786
8.458913317,5115840,674
8.458913317,5116610,770
8.461098489,5117300,690
8.461098489,5118054,754
8.463283661,5118760,706
8.463283661,5119498,738
8.465468833,5120220,722
8.465468833,5120942,722
8.467738976,5121680,738
8.467738976,5122386,706
8.469924148,5123140,754
8.469924148,5123830,690
8.472109320,5124600,770
8.472109320,5125274,674
8.474294492,5126060,786
8.474294492,5126718,658
8.476480064,5127520,802
8.476480064,5128162,642
8.478756888,5128980,818
8.478756888,5129606,626
8.480942060,5130440,834
8.480942060,5131050,610
8.483127232,5131900,850
8.483127232,5132494,594
8.485312404,5133360,866
8.485312404,5133938,578
8.487497576,5134820,882
8.487497576,5135382,562
8.489682748,5136280,898
8.489682748,5136826,546
8.491867920,5137740,914
8.491867920,5138270,530
8.494053092,5139200,930
8.494053092,5139714,514
8.496323635,5140660,946
8.496323635,5141158,498
8.498515488,5142120,962
8.498515488,5142602,482
8.500700660,5143580,978
8.500700660,5144046,466
8.502885832,5145040,994
8.502885832,5145490,450
8.505071004,5146500,1010
8.505071004,5146934,434
8.507341147,5147960,1026
8.507341147,5148378,418
8.509526319,5149420,1042
8.509526319,5149822,402
8.511711491,5150880,1058
8.511711491,5151266,386
8.513896663,5152340,1074
8.513896663,5152710,370
8.516081835,5153800,1090
8.516081835,5154154,354
8.518267407,5155260,1106
8.518267407,5155598,338
8.520459260,5156720,1122
8.520459260,5157042,322
8.522644432,5158180,1138
8.522644432,5158486,306
8.524914575,5159640,1154
8.524914575,5159930,290
8.527099747,5161100,1170
8.527099747,5161374,274
8.529284919,5162560,1186
8.529284919,5162818,258
8.531470091,5164020,1202
8.531470091,5164262,242
8.533655263,5165480,1218
8.533655263,5165706,226
8.535925406,5166940,1234
8.535925406,5167150,210
8.538110978,5168400,1250
8.538110978,5168594,194
8.540302831,5169860,1266
8.540302831,5170038,178
8.542488003,5171320,1282
8.542488003,5171482,162
8.544673175,5172780,1298
8.544673175,5172926,146
8.546858347,5174240,1314
8.546858347,5174370,130
8.549043519,5175700,1330
8.549043519,5175814,114
8.551228691,5177160,1346
8.551228691,5177258,98
8.553621308,5178620,1362
8.553621308,5178702,82
8.556106962,5180080,1378
8.556106962,5180146,66
8.558499499,5181540,1394
8.558499499,5181590,50
8.560890966,5183000,1410
8.560890966,5183034,34
8.563289386,5184460,1426
8.563289386,5184478,18
8.565680453,5185920,1442
8.565680453,5185922,2
8.568164637,5187374,1452
8.570557254,5187380,6
8.570557254,5188819,1439
8.572949871,5188840,21
8.572949871,5190264,1424
8.575342488,5190300,36
8.575342488,5191709,1409
8.577735105,5191760,51
8.577735105,5193154,1394
8.580220759,5193220,66
8.580220759,5194598,1378
8.582613776,5194680,82
8.582613776,5196042,1362
8.585013746,5196140,98
8.585013746,5197486,1346
8.587406363,5197600,114
8.587406363,5198930,1330
8.589798980,5199060,130
8.589798980,5200374,1314
8.592191597,5200520,146
8.592191597,5201818,1298
8.594584214,5201980,162
8.594584214,5203262,1282
8.596976831,5203440,178
8.596976831,5204706,1266
8.599462485,5204900,194
8.599462485,5206150,1250
8.601855102,5206360,210
8.601855102,5207594,1234
8.604247719,5207820,226
8.604247719,5209038,1218
8.606640736,5209280,242
8.606640736,5210482,1202
8.609040706,5210740,258
8.609040706,5211926,1186
8.611526360,5212200,274
8.611526360,5213370,1170
8.613918977,5213660,290
8.613918977,5214814,1154
8.616311594,5215120,306
8.616311594,5216258,1138
8.618704211,5216580,322
8.618704211,5217702,1122
8.621096828,5218040,338
8.621096828,5219146,1106
8.623489445,5219500,354
8.623489445,5220590,1090
8.625882062,5220960,370
8.625882062,5222034,1074
8.628274679,5222420,386
8.628274679,5223478,1058
8.630768086,5223880,402
8.630768086,5224922,1042
8.633160703,5225340,418
8.633160703,5226366,1026
8.635553320,5226800,434
8.635553320,5227810,1010
8.637945937,5228260,450
8.637945937,5229254,994
8.640338554,5229720,466
8.640338554,5230698,978
8.642824208,5231180,482
8.642824208,5232142,962
8.645216825,5232640,498
8.645216825,5233586,946
8.647609442,5234100,514
8.647609442,5235030,930
8.650002059,5235560,530
8.650002059,5236474,914
8.652395076,5237020,546
8.652395076,5237918,898
8.654774293,5238480,562
8.654774293,5239362,882
8.657057720,5239940,578
8.657057720,5240806,866
8.659341147,5241400,594
8.659341147,5242250,850
8.660379644,5242860,610
8.660379644,5242880,20
