elapsed_s,rx_app,packet_bytes
0.158581243,1456,1456
0.160872169,1460,4
0.160872169,2905,1445
0.164915245,2920,15
0.164915245,4354,1434
0.174915245,4380,26
0.174915245,5803,1423
0.267279882,5840,37
0.267279882,7252,1412
0.269359514,7300,48
0.269359514,8701,1401
0.271439146,8760,59
0.271439146,10150,1390
0.273518778,10220,70
0.273518778,11598,1378
0.275598410,11680,82
0.275598410,13046,1366
0.277678042,13140,94
0.277678042,14494,1354
0.287281512,14600,106
0.287281512,15942,1342
0.289361544,16060,118
0.289361544,17390,1330
0.373856799,17520,130
0.373856799,18834,1314
0.375993396,18980,146
0.375993396,20278,1298
0.378129993,20440,162
0.378129993,21722,1282
0.380266590,21900,178
0.380266590,23166,1266
0.382403187,23360,194
0.382403187,24610,1250
0.384539784,24820,210
0.384539784,26054,1234
0.386676221,26280,226
0.386676221,27498,1218
0.388810046,27740,242
0.388810046,28942,1202
0.390943871,29200,258
0.390943871,30386,1186
0.393078096,30660,274
0.393078096,31830,1170
0.395218449,32120,290
0.395218449,33274,1154
0.397352274,33580,306
0.397352274,34718,1138
0.399565078,35040,322
0.399565078,36162,1122
0.401698903,36500,338
0.401698903,37606,1106
0.403832728,37960,354
0.403832728,39050,1090
0.405966553,39420,370
0.405966553,40494,1074
0.480847035,40880,386
0.480847035,41938,1058
0.483283022,42340,402
0.483283022,43382,1042
0.485726107,43800,418
0.485726107,44826,1026
0.488161694,45260,434
0.488161694,46270,1010
0.490597281,46720,450
0.490597281,47714,994
0.493032868,48180,466
0.493032868,49158,978
0.495468295,49640,482
0.495468295,50602,962
0.497900723,51100,498
0.497900723,52046,946
0.500333151,52560,514
0.500333151,53490,930
0.502765579,54020,530
0.502765579,54934,914
0.505198007,55480,546
0.505198007,56378,898
0.507630435,56940,562
0.507630435,57822,882
0.510063263,58400,578
0.510063263,59266,866
0.512503189,59860,594
0.512503189,60710,850
0.514935617,61320,610
0.514935617,62154,834
0.517368045,62780,626
0.517368045,63598,818
0.519800473,64240,642
0.519800473,65042,802
0.522232901,65700,658
0.522232901,66486,786
0.524755360,67160,674
0.524755360,67930,770
0.527187788,68620,690
0.527187788,69374,754
0.529620216,70080,706
0.529620216,70818,738
0.532052644,71540,722
0.532052644,72262,722
0.534485472,73000,738
0.534485472,73706,706
0.536925398,74460,754
0.536925398,75150,690
0.539357826,75920,770
0.539357826,76594,674
0.541790254,77380,786
0.541790254,78038,658
0.544222682,78840,802
0.544222682,79482,642
0.546655110,80300,818
0.546655110,80926,626
0.549177569,81760,834
0.549177569,82370,610
0.551609997,83220,850
0.551609997,83814,594
0.553918223,84680,866
0.553918223,85258,578
0.556226449,86140,882
0.556226449,86702,562
0.585870612,87600,898
0.585870612,88146,546
0.588178838,89060,914
0.588178838,89590,530
0.590487064,90520,930
0.590487064,91034,514
0.592795290,91980,946
0.592795290,92478,498
0.595103516,93440,962
0.595103516,93922,482
0.597411742,94900,978
0.597411742,95366,466
0.599719968,96360,994
0.599719968,96810,450
0.602028194,97820,1010
0.602028194,98254,434
0.604336420,99280,1026
0.604336420,99698,418
0.606644646,100740,1042
0.606644646,101142,402
0.609045800,102200,1058
0.609045800,102586,386
0.611354026,103660,1074
0.611354026,104030,370
0.613662252,105120,1090
0.613662252,105474,354
0.615970478,106580,1106
0.615970478,106918,338
0.618278704,108040,1122
0.618278704,108362,322
0.620586930,109500,1138
0.620586930,109806,306
0.622895156,110960,1154
0.622895156,111250,290
0.625203382,112420,1170
0.625203382,112694,274
0.627511608,113880,1186
0.627511608,114138,258
0.629819834,115340,1202
0.629819834,115582,242
0.632128460,116800,1218
0.632128460,117026,226
0.634443780,118260,1234
0.634443780,118470,210
0.636837440,119720,1250
0.636837440,119914,194
0.639145666,121180,1266
0.639145666,121358,178
0.641453892,122640,1282
0.641453892,122802,162
0.643762118,124100,1298
0.643762118,124246,146
0.646070344,125560,1314
0.646070344,125690,130
0.648378570,127020,1330
0.648378570,127134,114
0.650686796,128480,1346
0.650686796,128578,98
0.652957245,129940,1362
0.652957245,130022,82
0.655228094,131400,1378
0.655228094,131466,66
0.657505434,132860,1394
0.657505434,132910,50
0.659774408,134320,1410
0.659774408,134354,34
0.662043382,135780,1426
0.662043382,135798,18
0.664396392,137240,1442
0.664396392,137242,2
0.666665446,138694,1452
0.668935895,138700,6
0.668935895,140139,1439
0.671206344,140160,21
0.671206344,141584,1424
0.673476793,141620,36
0.673476793,143029,1409
0.675747242,143080,51
0.675747242,144474,1394
0.678018091,144540,66
0.678018091,145918,1378
0.680295511,146000,82
0.680295511,147362,1362
0.682565960,147460,98
0.682565960,148806,1346
0.684836409,148920,114
0.684836409,150250,1330
0.687106858,150380,130
0.687106858,151694,1314
0.689377307,151840,146
0.689377307,153138,1298
0.691647756,153300,162
0.691647756,154582,1282
0.693918205,154760,178
0.693918205,156026,1266
0.696188654,156220,194
0.696188654,157470,1250
0.698459103,157680,210
0.698459103,158914,1234
0.700813988,159140,226
0.700813988,160358,1218
0.703091408,160600,242
0.703091408,161802,1202
0.705361857,162060,258
0.705361857,163246,1186
0.707632306,163520,274
0.707632306,164690,1170
0.709902755,164980,290
0.709902755,166134,1154
0.712173204,166440,306
0.712173204,167578,1138
0.714443653,167900,322
0.714443653,169022,1122
0.716714102,169360,338
0.716714102,170466,1106
0.718984551,170820,354
0.718984551,171910,1090
0.721255000,172280,370
0.721255000,173354,1074
0.723609885,173740,386
0.723609885,174798,1058
0.725887305,175200,402
0.725887305,176242,1042
0.728157754,176660,418
0.728157754,177686,1026
0.730428203,178120,434
0.730428203,179130,1010
0.732782848,179580,450
0.732782848,180574,994
0.735056245,181040,466
0.735056245,182018,978
0.737329642,182500,482
0.737329642,183462,962
0.739603039,183960,498
0.739603039,184906,946
0.741876436,185420,514
0.741876436,186350,930
0.744149833,186880,530
0.744149833,187794,914
0.746423470,188340,546
0.746423470,189238,898
0.748700890,189800,562
0.748700890,190682,882
0.750971339,191260,578
0.750971339,192126,866
0.753434808,192720,594
0.753434808,193570,850
0.755898277,194180,610
0.755898277,195014,834
0.758361746,195640,626
0.758361746,196458,818
0.760916395,197100,642
0.760916395,197902,802
0.763379864,198560,658
0.763379864,199346,786
0.765843333,200020,674
0.765843333,200790,770
0.768306802,201480,690
0.768306802,202234,754
0.770770671,202940,706
0.770770671,203678,738
0.773241739,204400,722
0.773241739,205122,722
0.775705208,205860,738
0.775705208,206566,706
0.778168677,207320,754
0.778168677,208010,690
0.780632146,208780,770
0.780632146,209454,674
0.783095615,210240,786
0.783095615,210898,658
0.785559084,211700,802
0.785559084,212342,642
0.788022553,213160,818
0.788022553,213786,626
0.790486022,214620,834
0.790486022,215230,610
0.792949491,216080,850
0.792949491,216674,594
0.795412960,217540,866
0.795412960,218118,578
0.797876829,219000,882
0.797876829,219562,562
0.800439077,220460,898
0.800439077,221006,546
0.802902546,221920,914
0.802902546,222450,530
0.805366015,223380,930
0.805366015,223894,514
0.807829484,224840,946
0.807829484,225338,498
0.810292953,226300,962
0.810292953,226782,482
0.812756422,227760,978
0.812756422,228226,466
0.815219891,229220,994
0.815219891,229670,450
0.817683360,230680,1010
0.817683360,231114,434
0.820146829,232140,1026
0.820146829,232558,418
0.822610698,233600,1042
0.822610698,234002,402
0.825081766,235060,1058
0.825081766,235446,386
0.827545235,236520,1074
0.827545235,236890,370
0.830099884,237980,1090
0.830099884,238334,354
0.832563353,239440,1106
0.832563353,239778,338
0.835026822,240900,1122
0.835026822,241222,322
0.837490291,242360,1138
0.837490291,242666,306
0.839953760,243820,1154
0.839953760,244110,290
0.842417229,245280,1170
0.842417229,245554,274
0.844880698,246740,1186
0.844880698,246998,258
0.847344567,248200,1202
0.847344567,248442,242
0.849815635,249660,1218
0.849815635,249886,226
0.852279104,251120,1234
0.852279104,251330,210
0.854807673,252580,1250
0.854807673,252774,194
0.857245993,254040,1266
0.857245993,254218,178
0.859684313,255500,1282
0.859684313,255662,162
0.862122633,256960,1298
0.862122633,257106,146
0.864560953,258420,1314
0.864560953,258550,130
0.866999273,259880,1330
0.866999273,259994,114
0.869437593,261340,1346
0.869437593,261438,98
0.871876313,262800,1362
0.871876313,262882,82
0.874322149,264260,1378
0.874322149,264326,66
0.876933178,265720,1394
0.876933178,265770,50
0.879311332,267180,1410
0.879311332,267214,34
0.881689486,268640,1426
0.881689486,268658,18
0.889097833,270100,1442
0.889097833,270102,2
0.893035555,271554,1452
0.895413709,271560,6
0.895413709,272999,1439
0.897791863,273020,21
0.897791863,274444,1424
0.900170017,274480,36
0.900170017,275889,1409
0.902548171,275940,51
0.902548171,277334,1394
0.905024491,277400,66
0.905024491,278778,1378
0.907402645,278860,82
0.907402645,280222,1362
0.909780799,280320,98
0.909780799,281666,1346
0.912158953,281780,114
0.912158953,283110,1330
0.914537107,283240,130
0.914537107,284554,1314
0.916915261,284700,146
0.916915261,285998,1298
0.919293415,286160,162
0.919293415,287442,1282
0.921671569,287620,178
0.921671569,288886,1266
0.924049723,289080,194
0.924049723,290330,1250
0.926427877,290540,210
0.926427877,291774,1234
0.928904197,292000,226
0.928904197,293218,1218
0.931282351,293460,242
0.931282351,294662,1202
0.933660505,294920,258
0.933660505,296106,1186
0.936038659,296380,274
0.936038659,297550,1170
0.938416813,297840,290
0.938416813,298994,1154
0.940794967,299300,306
0.940794967,300438,1138
0.943173121,300760,322
0.943173121,301882,1122
0.945616191,302220,338
0.945616191,303326,1106
0.948059261,303680,354
0.948059261,304770,1090
0.950437415,305140,370
0.950437415,306214,1074
0.952736665,306600,386
0.952736665,307658,1058
0.955104460,308060,402
0.955104460,309102,1042
0.957342616,309520,418
0.957342616,310546,1026
0.959641866,310980,434
0.959641866,311990,1010
0.961880022,312440,450
0.961880022,313434,994
0.964118178,313900,466
0.964118178,314878,978
0.966356334,315360,482
0.966356334,316322,962
0.968594490,316820,498
0.968594490,317766,946
0.970917582,318280,514
0.970917582,319210,930
0.973155738,319740,530
0.973155738,320654,914
0.975393894,321200,546
0.975393894,322098,898
0.977632050,322660,562
0.977632050,323542,882
0.979870206,324120,578
0.979870206,324986,866
0.982108362,325580,594
0.982108362,326430,850
0.984346518,327040,610
0.984346518,327874,834
0.986584674,328500,626
0.986584674,329318,818
0.988822830,329960,642
0.988822830,330762,802
0.991060986,331420,658
0.991060986,332206,786
0.993384078,332880,674
0.993384078,333650,770
0.995622234,334340,690
0.995622234,335094,754
0.997860390,335800,706
0.997860390,336538,738
1.000098546,337260,722
1.000098546,337982,722
1.002336702,338720,738
1.002336702,339426,706
1.004574858,340180,754
1.004574858,340870,690
1.006813014,341640,770
1.006813014,342314,674
1.009051170,343100,786
1.009051170,343758,658
1.011289326,344560,802
1.011289326,345202,642
1.013527482,346020,818
1.013527482,346646,626
1.015765638,347480,834
1.015765638,348090,610
1.018003794,348940,850
1.018003794,349534,594
1.020331357,350400,866
1.020331357,350978,578
1.022569513,351860,882
1.022569513,352422,562
1.024807669,353320,898
1.024807669,353866,546
1.027045825,354780,914
1.027045825,355310,530
1.029283981,356240,930
1.029283981,356754,514
1.031522137,357700,946
1.031522137,358198,498
1.033760293,359160,962
1.033760293,359642,482
1.035998449,360620,978
1.035998449,361086,466
1.038236605,362080,994
1.038236605,362530,450
1.040474761,363540,1010
1.040474761,363974,434
1.042712917,365000,1026
1.042712917,365418,418
1.044951073,366460,1042
1.044951073,366862,402
1.047189229,367920,1058
1.047189229,368306,386
1.049427385,369380,1074
1.049427385,369750,370
1.051754948,370840,1090
1.051754948,371194,354
1.054157864,372300,1106
1.054157864,372638,338
1.056560780,373760,1122
1.056560780,374082,322
1.058963696,375220,1138
1.058963696,375526,306
1.061366612,376680,1154
1.061366612,376970,290
1.063769528,378140,1170
1.063769528,378414,274
1.066172444,379600,1186
1.066172444,379858,258
1.068575360,381060,1202
1.068575360,381302,242
1.070978276,382520,1218
1.070978276,382746,226
1.073381192,383980,1234
1.073381192,384190,210
1.075784108,385440,1250
1.075784108,385634,194
1.078187024,386900,1266
1.078187024,387078,178
1.080685928,388360,1282
1.080685928,388522,162
1.083088844,389820,1298
1.083088844,389966,146
1.085491760,391280,1314
1.085491760,391410,130
1.087894676,392740,1330
1.087894676,392854,114
1.090297592,394200,1346
1.090297592,394298,98
1.092700508,395660,1362
1.092700508,395742,82
1.095103424,397120,1378
1.095103424,397186,66
1.702251667,398580,1394
1.702251667,522826,124246
1.705008679,524140,1314
1.705008679,525714,1574
1.707142100,527060,1346
1.707142100,530046,2986
1.709337476,531440,1394
1.709337476,664350,132910
1.797800702,665760,1410
1.797800702,693242,27482
1.842823559,693500,258
1.842823559,720678,27178
1.880597881,721240,562
1.880597881,740894,19654
1.912111473,741680,786
1.912111473,763998,22318
1.943227950,765040,1042
1.943227950,788546,23506
1.978250282,789860,1314
1.978250282,804439,14579
2.009514896,804460,21
2.009514896,807329,2869
2.009514896,807380,51
2.009514896,808774,1394
2.011735411,808840,66
2.011735411,937299,128459
2.066409459,937320,21
2.066409459,953186,15866
2.089751928,953380,194
2.089751928,969070,15690
2.115289386,969440,370
2.115289386,1060042,90602
2.117413821,1061420,1378
2.117413821,1061486,66
2.119526572,1062880,1394
2.119526572,1062930,50
2.121638434,1064340,1410
2.121638434,1064374,34
2.123756342,1065800,1426
2.123756342,1065818,18
2.125867804,1067260,1442
2.125867804,1067262,2
2.128061504,1068714,1452
2.130174335,1068720,6
2.130174335,1070159,1439
2.132287166,1070180,21
2.132287166,1071604,1424
2.134399997,1071640,36
2.134399997,1073049,1409
2.136512828,1073100,51
2.136512828,1074494,1394
2.138625659,1074560,66
2.138625659,1075938,1378
2.140738490,1076020,82
2.140738490,1077382,1362
2.142851721,1077480,98
2.142851721,1078826,1346
2.144970998,1078940,114
2.144970998,1080270,1330
2.147165987,1080400,130
2.147165987,1081714,1314
2.149278818,1081860,146
2.149278818,1083158,1298
2.151391649,1083320,162
2.151391649,1084602,1282
2.153858568,1084780,178
2.153858568,1086046,1266
2.156421413,1086240,194
2.156421413,1087490,1250
2.158888332,1087700,210
2.158888332,1088934,1234
2.161355251,1089160,226
2.161355251,1090378,1218
2.163822570,1090620,242
2.163822570,1091822,1202
2.166393008,1092080,258
2.166393008,1093266,1186
2.168859927,1093540,274
2.168859927,1094710,1170
2.171326846,1095000,290
2.171326846,1096154,1154
2.173793765,1096460,306
2.173793765,1097598,1138
2.176260684,1097920,322
2.176260684,1099042,1122
2.178823529,1099380,338
2.178823529,1100486,1106
2.181290448,1100840,354
2.181290448,1101930,1090
2.183757367,1102300,370
2.183757367,1103374,1074
2.186224686,1103760,386
2.186224686,1104818,1058
2.188699198,1105220,402
2.188699198,1106262,1042
2.191166117,1106680,418
2.191166117,1107706,1026
2.193633036,1108140,434
2.193633036,1109150,1010
2.196099955,1109600,450
2.196099955,1110594,994
2.198662800,1111060,466
2.198662800,1112038,978
2.201129719,1112520,482
2.201129719,1113482,962
2.203596638,1113980,498
2.203596638,1114926,946
2.206063557,1115440,514
2.206063557,1116370,930
2.208530476,1116900,530
2.208530476,1117814,914
2.210997795,1118360,546
2.210997795,1119258,898
2.213472307,1119820,562
2.213472307,1120702,882
2.215939226,1121280,578
2.215939226,1122146,866
2.218502071,1122740,594
2.218502071,1123590,850
2.220968990,1124200,610
2.220968990,1125034,834
2.223435909,1125660,626
2.223435909,1126478,818
2.225902828,1127120,642
2.225902828,1127922,802
2.228369747,1128580,658
2.228369747,1129366,786
2.230932592,1130040,674
2.230932592,1130810,770
2.233399911,1131500,690
2.233399911,1132254,754
2.235874423,1132960,706
2.235874423,1133698,738
2.238341342,1134420,722
2.238341342,1135142,722
2.240808261,1135880,738
2.240808261,1136586,706
2.243275180,1137340,754
2.243275180,1138030,690
2.245742099,1138800,770
2.245742099,1139474,674
2.248209018,1140260,786
2.248209018,1140918,658
2.250675937,1141720,802
2.250675937,1142362,642
2.253154424,1143180,818
2.253154424,1143806,626
2.255540142,1144640,834
2.255540142,1145250,610
2.257926260,1146100,850
2.257926260,1146694,594
2.260319309,1147560,866
2.260319309,1148138,578
2.262705027,1149020,882
2.262705027,1149582,562
2.265183514,1150480,898
2.265183514,1151026,546
2.267569232,1151940,914
2.267569232,1152470,530
2.269954950,1153400,930
2.269954950,1153914,514
2.272340668,1154860,946
2.272340668,1155358,498
2.274726386,1156320,962
2.274726386,1156802,482
2.277112104,1157780,978
2.277112104,1158246,466
2.279590991,1159240,994
2.279590991,1159690,450
2.281984040,1160700,1010
2.281984040,1161134,434
2.284369758,1162160,1026
2.284369758,1162578,418
2.286755476,1163620,1042
2.286755476,1164022,402
2.289141194,1165080,1058
2.289141194,1165466,386
2.291619681,1166540,1074
2.291619681,1166910,370
2.294005399,1168000,1090
2.294005399,1168354,354
2.296391117,1169460,1106
2.296391117,1169798,338
2.298776835,1170920,1122
2.298776835,1171242,322
2.301162553,1172380,1138
2.301162553,1172686,306
2.303548671,1173840,1154
2.303548671,1174130,290
2.305941720,1175300,1170
2.305941720,1175574,274
2.308327438,1176760,1186
2.308327438,1177018,258
2.310805925,1178220,1202
2.310805925,1178462,242
2.313191643,1179680,1218
2.313191643,1179906,226
2.315577361,1181140,1234
2.315577361,1181350,210
2.317963079,1182600,1250
2.317963079,1182794,194
2.320348797,1184060,1266
2.320348797,1184238,178
2.322827284,1185520,1282
2.322827284,1185682,162
2.325213402,1186980,1298
2.325213402,1187126,146
2.327606451,1188440,1314
2.327606451,1188570,130
2.329992169,1189900,1330
2.329992169,1190014,114
2.332377887,1191360,1346
2.332377887,1191458,98
2.334856374,1192820,1362
2.334856374,1192902,82
2.337242092,1194280,1378
2.337242092,1194346,66
2.339627730,1195740,1394
2.339627730,1195790,50
2.342011902,1197200,1410
2.342011902,1197234,34
2.344396074,1198660,1426
2.344396074,1198678,18
2.346780246,1200120,1442
2.346780246,1200122,2
2.349164898,1201574,1452
2.351650716,1201580,6
2.351650716,1203019,1439
2.353899785,1203040,21
2.353899785,1204464,1424
2.356148854,1204500,36
2.356148854,1205909,1409
2.358397923,1205960,51
2.358397923,1207354,1394
2.360646992,1207420,66
2.360646992,1208798,1378
2.362896061,1208880,82
2.362896061,1210242,1362
2.365232585,1210340,98
2.365232585,1211686,1346
2.367481654,1211800,114
2.367481654,1213130,1330
2.369731123,1213260,130
2.369731123,1214574,1314
2.371987080,1214720,146
2.371987080,1216018,1298
2.374236149,1216180,162
2.374236149,1217462,1282
2.376485218,1217640,178
2.376485218,1218906,1266
2.378734287,1219100,194
2.378734287,1220350,1250
2.380983356,1220560,210
2.380983356,1221794,1234
2.383319880,1222020,226
2.383319880,1223238,1218
2.385568949,1223480,242
2.385568949,1224682,1202
2.387818018,1224940,258
2.387818018,1226126,1186
2.390067087,1226400,274
2.390067087,1227570,1170
2.392316556,1227860,290
2.392316556,1229014,1154
2.394659968,1229320,306
2.394659968,1230458,1138
2.396909037,1230780,322
2.396909037,1231902,1122
2.399158106,1232240,338
2.399158106,1233346,1106
2.401407175,1233700,354
2.401407175,1234790,1090
2.403656244,1235160,370
2.403656244,1236234,1074
2.405992768,1236620,386
2.405992768,1237678,1058
2.408241837,1238080,402
2.408241837,1239122,1042
2.410490906,1239540,418
2.410490906,1240566,1026
2.412740375,1241000,434
2.412740375,1242010,1010
2.414996332,1242460,450
2.414996332,1243454,994
2.417245401,1243920,466
2.417245401,1244898,978
2.419494470,1245380,482
2.419494470,1246342,962
2.421743539,1246840,498
2.421743539,1247786,946
2.424080063,1248300,514
2.424080063,1249230,930
2.426329132,1249760,530
2.426329132,1250674,914
2.428578201,1251220,546
2.428578201,1252118,898
2.430827270,1252680,562
2.430827270,1253562,882
2.433076339,1254140,578
2.433076339,1255006,866
2.435420151,1255600,594
2.435420151,1256450,850
2.437669220,1257060,610
2.437669220,1257894,834
2.439918289,1258520,626
2.439918289,1259338,818
2.442167358,1259980,642
2.442167358,1260782,802
2.444416427,1261440,658
2.444416427,1262226,786
2.446665496,1262900,674
2.446665496,1263670,770
2.448914565,1264360,690
2.448914565,1265114,754
2.451163634,1265820,706
2.451163634,1266558,738
2.453688938,1267280,722
2.453688938,1268002,722
2.456120121,1268740,738
2.456120121,1269446,706
2.458558381,1270200,754
2.458558381,1270890,690
2.460989164,1271660,770
2.460989164,1272334,674
2.463419947,1273120,786
2.463419947,1273778,658
2.465945251,1274580,802
2.465945251,1275222,642
2.468376034,1276040,818
2.468376034,1276666,626
2.470806817,1277500,834
2.470806817,1278110,610
2.473237600,1278960,850
2.473237600,1279554,594
2.475668383,1280420,866
2.475668383,1280998,578
2.478099166,1281880,882
2.478099166,1282442,562
2.480530349,1283340,898
2.480530349,1283886,546
2.482968609,1284800,914
2.482968609,1285330,530
2.485493913,1286260,930
2.485493913,1286774,514
2.487924696,1287720,946
2.487924696,1288218,498
2.490355479,1289180,962
2.490355479,1289662,482
2.492786262,1290640,978
2.492786262,1291106,466
2.495217045,1292100,994
2.495217045,1292550,450
2.497742349,1293560,1010
2.497742349,1293994,434
2.500173132,1295020,1026
2.500173132,1295438,418
2.502604315,1296480,1042
2.502604315,1296882,402
2.505042575,1297940,1058
2.505042575,1298326,386
2.507473358,1299400,1074
2.507473358,1299770,370
2.509904141,1300860,1090
2.509904141,1301214,354
2.512334924,1302320,1106
2.512334924,1302658,338
2.514860228,1303780,1122
2.514860228,1304102,322
2.517291011,1305240,1138
2.517291011,1305546,306
2.519721794,1306700,1154
2.519721794,1306990,290
2.522152577,1308160,1170
2.522152577,1308434,274
2.524583360,1309620,1186
2.524583360,1309878,258
2.527014543,1311080,1202
2.527014543,1311322,242
2.529547324,1312540,1218
2.529547324,1312766,226
2.531978107,1314000,1234
2.531978107,1314210,210
2.534408890,1315460,1250
2.534408890,1315654,194
2.536839673,1316920,1266
2.536839673,1317098,178
2.539270456,1318380,1282
2.539270456,1318542,162
2.541795760,1319840,1298
2.541795760,1319986,146
2.544226543,1321300,1314
2.544226543,1321430,130
2.546657326,1322760,1330
2.546657326,1322874,114
2.549088509,1324220,1346
2.549088509,1324318,98
2.551526769,1325680,1362
2.551526769,1325762,82
2.553965508,1327140,1378
2.553965508,1327206,66
2.556404167,1328600,1394
2.556404167,1328650,50
2.558841325,1330060,1410
2.558841325,1330094,34
2.561373314,1331520,1426
2.561373314,1331538,18
2.563810472,1332980,1442
2.563810472,1332982,2
2.566247710,1334434,1452
2.568686449,1334440,6
2.568686449,1335879,1439
2.571125188,1335900,21
2.571125188,1337324,1424
2.573666660,1337360,36
2.573666660,1338769,1409
2.576105399,1338820,51
2.576105399,1340214,1394
2.578544138,1340280,66
2.578544138,1341658,1378
2.580982877,1341740,82
2.580982877,1343102,1362
2.583421616,1343200,98
2.583421616,1344546,1346
2.585860355,1344660,114
2.585860355,1345990,1330
2.588299094,1346120,130
2.588299094,1347434,1314
2.590737833,1347580,146
2.590737833,1348878,1298
2.593271403,1349040,162
2.593271403,1350322,1282
2.595710542,1350500,178
2.595710542,1351766,1266
2.598156783,1351960,194
2.598156783,1353210,1250
2.600595522,1353420,210
2.600595522,1354654,1234
2.603034261,1354880,226
2.603034261,1356098,1218
2.605567831,1356340,242
2.605567831,1357542,1202
2.608006570,1357800,258
2.608006570,1358986,1186
2.610445309,1359260,274
2.610445309,1360430,1170
2.612884048,1360720,290
2.612884048,1361874,1154
2.615322787,1362180,306
2.615322787,1363318,1138
2.617856757,1363640,322
2.617856757,1364762,1122
2.620302998,1365100,338
2.620302998,1366206,1106
2.622741737,1366560,354
2.622741737,1367650,1090
2.625180476,1368020,370
2.625180476,1369094,1074
2.627619215,1369480,386
2.627619215,1370538,1058
2.630057954,1370940,402
2.630057954,1371982,1042
2.632496693,1372400,418
2.632496693,1373426,1026
2.634935432,1373860,434
2.634935432,1374870,1010
2.637469002,1375320,450
2.637469002,1376314,994
2.639907741,1376780,466
2.639907741,1377758,978
2.642346880,1378240,482
2.642346880,1379202,962
2.644793121,1379700,498
2.644793121,1380646,946
2.647231860,1381160,514
2.647231860,1382090,930
2.649765430,1382620,530
2.649765430,1383534,914
2.652204169,1384080,546
2.652204169,1384978,898
2.654381747,1385540,562
2.654381747,1386422,882
2.656559325,1387000,578
2.656559325,1387866,866
2.658736903,1388460,594
2.658736903,1389310,850
2.660914481,1389920,610
2.660914481,1390754,834
2.663092059,1391380,626
2.663092059,1392198,818
2.665270037,1392840,642
2.665270037,1393642,802
2.667538947,1394300,658
2.667538947,1395086,786
2.669716525,1395760,674
2.669716525,1396530,770
2.671894103,1397220,690
2.671894103,1397974,754
2.674071681,1398680,706
2.674071681,1399418,738
2.676249259,1400140,722
2.676249259,1400862,722
2.678511512,1401600,738
2.678511512,1402306,706
2.680689090,1403060,754
2.680689090,1403750,690
2.682866668,1404520,770
2.682866668,1405194,674
2.685044646,1405980,786
2.685044646,1406638,658
2.687228881,1407440,802
2.687228881,1408082,642
2.689406459,1408900,818
2.689406459,1409526,626
2.691584037,1410360,834
2.691584037,1410970,610
2.693761615,1411820,850
2.693761615,1412414,594
2.695939193,1413280,866
2.695939193,1413858,578
2.698201446,1414740,882
2.698201446,1415302,562
2.700379024,1416200,898
2.700379024,1416746,546
2.702556602,1417660,914
2.702556602,1418190,530
2.704734180,1419120,930
2.704734180,1419634,514
2.706912158,1420580,946
2.706912158,1421078,498
2.709181068,1422040,962
2.709181068,1422522,482
2.711358646,1423500,978
2.711358646,1423966,466
2.713536224,1424960,994
2.713536224,1425410,450
2.715713802,1426420,1010
2.715713802,1426854,434
2.717891380,1427880,1026
2.717891380,1428298,418
2.720153633,1429340,1042
2.720153633,1429742,402
2.722331211,1430800,1058
2.722331211,1431186,386
2.724508789,1432260,1074
2.724508789,1432630,370
2.726686767,1433720,1090
2.726686767,1434074,354
2.728871002,1435180,1106
2.728871002,1435518,338
2.731048580,1436640,1122
2.731048580,1436962,322
2.733226158,1438100,1138
2.733226158,1438406,306
2.735403736,1439560,1154
2.735403736,1439850,290
2.737665989,1441020,1170
2.737665989,1441294,274
2.739843567,1442480,1186
2.739843567,1442738,258
2.742021145,1443940,1202
2.742021145,1444182,242
2.744198723,1445400,1218
2.744198723,1445626,226
2.746376301,1446860,1234
2.746376301,1447070,210
2.748645611,1448320,1250
2.748645611,1448514,194
2.750823189,1449780,1266
2.750823189,1449958,178
2.752894273,1451240,1282
2.752894273,1451402,162
2.754965357,1452700,1298
2.754965357,1452846,146
2.757036441,1454160,1314
2.757036441,1454290,130
2.759107525,1455620,1330
2.759107525,1455734,114
2.761178609,1457080,1346
2.761178609,1457178,98
2.763249693,1458540,1362
2.763249693,1458622,82
2.765401311,1460000,1378
2.765401311,1460066,66
2.767472715,1461460,1394
2.767472715,1461510,50
2.769548768,1462920,1410
2.769548768,1462954,34
2.771618509,1464380,1426
2.771618509,1464398,18
2.773688250,1465840,1442
2.773688250,1465842,2
2.775838605,1467294,1452
2.777909689,1467300,6
2.777909689,1468739,1439
2.779980773,1468760,21
2.779980773,1470184,1424
2.782051857,1470220,36
2.782051857,1471629,1409
2.784122941,1471680,51
2.784122941,1473074,1394
2.786194025,1473140,66
2.786194025,1474518,1378
2.788265509,1474600,82
2.788265509,1475962,1362
2.790342904,1476060,98
2.790342904,1477406,1346
2.792494522,1477520,114
2.792494522,1478850,1330
2.794565606,1478980,130
2.794565606,1480294,1314
2.796636690,1480440,146
2.796636690,1481738,1298
2.798707774,1481900,162
2.798707774,1483182,1282
2.800778858,1483360,178
2.800778858,1484626,1266
2.802930476,1484820,194
2.802930476,1486070,1250
2.805001560,1486280,210
2.805001560,1487514,1234
2.807073044,1487740,226
2.807073044,1488958,1218
2.809150439,1489200,242
2.809150439,1490402,1202
2.811221523,1490660,258
2.811221523,1491846,1186
2.813373141,1492120,274
2.813373141,1493290,1170
2.815444225,1493580,290
2.815444225,1494734,1154
2.817515309,1495040,306
2.817515309,1496178,1138
2.819586393,1496500,322
2.819586393,1497622,1122
2.821657477,1497960,338
2.821657477,1499066,1106
2.823728561,1499420,354
2.823728561,1500510,1090
2.825799645,1500880,370
2.825799645,1501954,1074
2.827871129,1502340,386
2.827871129,1503398,1058
2.830029058,1503800,402
2.830029058,1504842,1042
2.832100142,1505260,418
2.832100142,1506286,1026
2.834171226,1506720,434
2.834171226,1507730,1010
2.836242310,1508180,450
2.836242310,1509174,994
2.838313394,1509640,466
2.838313394,1510618,978
2.840465012,1511100,482
2.840465012,1512062,962
2.842536096,1512560,498
2.842536096,1513506,946
2.844607180,1514020,514
2.844607180,1514950,930
2.846678664,1515480,530
2.846678664,1516394,914
2.848756059,1516940,546
2.848756059,1517838,898
2.850827143,1518400,562
2.850827143,1519282,882
2.852918661,1519860,578
2.852918661,1520726,866
2.855010179,1521320,594
2.855010179,1522170,850
2.857183026,1522780,610
2.857183026,1523614,834
2.859274544,1524240,626
2.859274544,1525058,818
2.861366062,1525700,642
2.861366062,1526502,802
2.863457580,1527160,658
2.863457580,1527946,786
2.865549098,1528620,674
2.865549098,1529390,770
2.867728722,1530080,690
2.867728722,1530834,754
2.869820240,1531540,706
2.869820240,1532278,738
2.871911758,1533000,722
2.871911758,1533722,722
2.874003276,1534460,738
2.874003276,1535166,706
2.876094794,1535920,754
2.876094794,1536610,690
2.878267641,1537380,770
2.878267641,1538054,674
2.880359159,1538840,786
2.880359159,1539498,658
2.882450677,1540300,802
2.882450677,1540942,642
2.884542195,1541760,818
2.884542195,1542386,626
2.886634113,1543220,834
2.886634113,1543830,610
2.888732008,1544680,850
2.888732008,1545274,594
2.890823526,1546140,866
2.890823526,1546718,578
2.892915044,1547600,882
2.892915044,1548162,562
2.895087891,1549060,898
2.895087891,1549606,546
2.897179409,1550520,914
2.897179409,1551050,530
2.899270927,1551980,930
2.899270927,1552494,514
2.901362445,1553440,946
2.901362445,1553938,498
2.903453963,1554900,962
2.903453963,1555382,482
2.905627210,1556360,978
2.905627210,1556826,466
2.907725105,1557820,994
2.907725105,1558270,450
2.909816623,1559280,1010
2.909816623,1559714,434
2.911908141,1560740,1026
2.911908141,1561158,418
2.913999659,1562200,1042
2.913999659,1562602,402
2.916091177,1563660,1058
2.916091177,1564046,386
2.918182695,1565120,1074
2.918182695,1565490,370
2.920274213,1566580,1090
2.920274213,1566934,354
2.922447060,1568040,1106
2.922447060,1568378,338
2.924538578,1569500,1122
2.924538578,1569822,322
2.926630496,1570960,1138
2.926630496,1571266,306
2.928728391,1572420,1154
2.928728391,1572710,290
2.930819909,1573880,1170
2.930819909,1574154,274
2.932992756,1575340,1186
2.932992756,1575598,258
2.935084274,1576800,1202
2.935084274,1577042,242
2.937175792,1578260,1218
2.937175792,1578486,226
2.939267310,1579720,1234
2.939267310,1579930,210
2.941358828,1581180,1250
2.941358828,1581374,194
2.943450346,1582640,1266
2.943450346,1582818,178
2.945541864,1584100,1282
2.945541864,1584262,162
2.947633782,1585560,1298
2.947633782,1585706,146
2.949813006,1587020,1314
2.949813006,1587150,130
2.951904524,1588480,1330
2.951904524,1588594,114
2.954363173,1589940,1346
2.954363173,1590038,98
2.956821822,1591400,1362
2.956821822,1591482,82
2.959280471,1592860,1378
2.959280471,1592926,66
2.961834645,1594320,1394
2.961834645,1594370,50
2.964291700,1595780,1410
2.964291700,1595814,34
2.966748755,1597240,1426
2.966748755,1597258,18
2.969206210,1598700,1442
2.969206210,1598702,2
2.971670912,1600154,1452
2.974225166,1600160,6
2.974225166,1601599,1439
2.976683815,1601620,21
2.976683815,1603044,1424
2.979142464,1603080,36
2.979142464,1604489,1409
2.981601113,1604540,51
2.981601113,1605934,1394
2.984059762,1606000,66
2.984059762,1607378,1378
2.986518411,1607460,82
2.986518411,1608822,1362
2.988977060,1608920,98
2.988977060,1610266,1346
2.991435709,1610380,114
2.991435709,1611710,1330
2.993997930,1611840,130
2.993997930,1613154,1314
2.996456579,1613300,146
2.996456579,1614598,1298
2.998915228,1614760,162
2.998915228,1616042,1282
3.001373877,1616220,178
3.001373877,1617486,1266
3.003832526,1617680,194
3.003832526,1618930,1250
3.006386780,1619140,210
3.006386780,1620374,1234
3.008845429,1620600,226
3.008845429,1621818,1218
3.011304078,1622060,242
3.011304078,1623262,1202
3.013762727,1623520,258
3.013762727,1624706,1186
3.016221776,1624980,274
3.016221776,1626150,1170
3.018687992,1626440,290
3.018687992,1627594,1154
3.021146641,1627900,306
3.021146641,1629038,1138
3.023605290,1629360,322
3.023605290,1630482,1122
3.026159544,1630820,338
3.026159544,1631926,1106
3.028618193,1632280,354
3.028618193,1633370,1090
3.031076842,1633740,370
3.031076842,1634814,1074
3.033535491,1635200,386
3.033535491,1636258,1058
3.035994140,1636660,402
3.035994140,1637702,1042
3.038548794,1638120,418
3.038548794,1639146,1026
3.041015010,1639580,434
3.041015010,1640590,1010
3.043473659,1641040,450
3.043473659,1642034,994
3.045932308,1642500,466
3.045932308,1643478,978
3.048390957,1643960,482
3.048390957,1644922,962
3.050849606,1645420,498
3.050849606,1646366,946
3.053249866,1646880,514
3.053249866,1647810,930
3.055650126,1648340,530
3.055650126,1649254,914
3.058143720,1649800,546
3.058143720,1650698,898
3.060543980,1651260,562
3.060543980,1652142,882
3.062944640,1652720,578
3.062944640,1653586,866
3.065352278,1654180,594
3.065352278,1655030,850
3.067752538,1655640,610
3.067752538,1656474,834
3.070246132,1657100,626
3.070246132,1657918,818
3.072646392,1658560,642
3.072646392,1659362,802
3.075046652,1660020,658
3.075046652,1660806,786
3.077446912,1661480,674
3.077446912,1662250,770
3.079847172,1662940,690
3.079847172,1663694,754
3.082340766,1664400,706
3.082340766,1665138,738
3.084741426,1665860,722
3.084741426,1666582,722
3.087149064,1667320,738
3.087149064,1668026,706
3.089549324,1668780,754
3.089549324,1669470,690
3.091949584,1670240,770
3.091949584,1670914,674
3.094349844,1671700,786
3.094349844,1672358,658
3.096750104,1673160,802
3.096750104,1673802,642
3.099150364,1674620,818
3.099150364,1675246,626
3.101643958,1676080,834
3.101643958,1676690,610
3.104044218,1677540,850
3.104044218,1678134,594
3.106444478,1679000,866
3.106444478,1679578,578
3.108845138,1680460,882
3.108845138,1681022,562
3.111252776,1681920,898
3.111252776,1682466,546
3.113653036,1683380,914
3.113653036,1683910,530
3.116146630,1684840,930
3.116146630,1685354,514
3.118546890,1686300,946
3.118546890,1686798,498
3.120947150,1687760,962
3.120947150,1688242,482
3.123347410,1689220,978
3.123347410,1689686,466
3.125747670,1690680,994
3.125747670,1691130,450
3.128147930,1692140,1010
3.128147930,1692574,434
3.130548190,1693600,1026
3.130548190,1694018,418
3.132948850,1695060,1042
3.132948850,1695462,402
3.135449822,1696520,1058
3.135449822,1696906,386
3.137850082,1697980,1074
3.137850082,1698350,370
3.140250342,1699440,1090
3.140250342,1699794,354
3.142650602,1700900,1106
3.142650602,1701238,338
3.145050862,1702360,1122
3.145050862,1702682,322
3.147544456,1703820,1138
3.147544456,1704126,306
3.149944716,1705280,1154
3.149944716,1705570,290
3.152344976,1706740,1170
3.152344976,1707014,274
3.154406524,1708200,1186
3.154406524,1708458,258
3.156473951,1709660,1202
3.156473951,1709902,242
3.158535099,1711120,1218
3.158535099,1711346,226
3.160596247,1712580,1234
3.160596247,1712790,210
3.162657395,1714040,1250
3.162657395,1714234,194
3.164798691,1715500,1266
3.164798691,1715678,178
3.166859839,1716960,1282
3.166859839,1717122,162
3.168920987,1718420,1298
3.168920987,1718566,146
3.170982135,1719880,1314
3.170982135,1720010,130
3.173043283,1721340,1330
3.173043283,1721454,114
3.175191258,1722800,1346
3.175191258,1722898,98
3.177252406,1724260,1362
3.177252406,1724342,82
3.179313554,1725720,1378
3.179313554,1725786,66
3.181374622,1727180,1394
3.181374622,1727230,50
3.183434434,1728640,1410
3.183434434,1728674,34
3.185574394,1730100,1426
3.185574394,1730118,18
3.187634206,1731560,1442
3.187634206,1731562,2
3.189694098,1733014,1452
3.191755246,1733020,6
3.191755246,1734459,1439
3.193816794,1734480,21
3.193816794,1735904,1424
3.195884221,1735940,36
3.195884221,1737349,1409
3.197945369,1737400,51
3.197945369,1738794,1394
3.200006517,1738860,66
3.200006517,1740238,1378
3.202147813,1740320,82
3.202147813,1741682,1362
3.204208961,1741780,98
3.204208961,1743126,1346
3.206270109,1743240,114
3.206270109,1744570,1330
3.208331257,1744700,130
3.208331257,1746014,1314
3.210392405,1746160,146
3.210392405,1747458,1298
3.212534101,1747620,162
3.212534101,1748902,1282
3.214601528,1749080,178
3.214601528,1750346,1266
3.216662676,1750540,194
3.216662676,1751790,1250
3.218723824,1752000,210
3.218723824,1753234,1234
3.220784972,1753460,226
3.220784972,1754678,1218
3.222846120,1754920,242
3.222846120,1756122,1202
3.224907268,1756380,258
3.224907268,1757566,1186
3.226968416,1757840,274
3.226968416,1759010,1170
3.229109712,1759300,290
3.229109712,1760454,1154
3.231170860,1760760,306
3.231170860,1761898,1138
3.233232408,1762220,322
3.233232408,1763342,1122
3.235299835,1763680,338
3.235299835,1764786,1106
3.237360983,1765140,354
3.237360983,1766230,1090
3.239502279,1766600,370
3.239502279,1767674,1074
3.241563427,1768060,386
3.241563427,1769118,1058
3.243624575,1769520,402
3.243624575,1770562,1042
3.245685723,1770980,418
3.245685723,1772006,1026
3.247746871,1772440,434
3.247746871,1773450,1010
3.249888167,1773900,450
3.249888167,1774894,994
3.251949715,1775360,466
3.251949715,1776338,978
3.254043032,1776820,482
3.254043032,1777782,962
3.256129986,1778280,498
3.256129986,1779226,946
3.258216940,1779740,514
3.258216940,1780670,930
3.260303894,1781200,530
3.260303894,1782114,914
3.262390848,1782660,546
3.262390848,1783558,898
3.264477802,1784120,562
3.264477802,1785002,882
3.266645907,1785580,578
3.266645907,1786446,866
3.268732861,1787040,594
3.268732861,1787890,850
3.270819815,1788500,610
3.270819815,1789334,834
3.272907169,1789960,626
3.272907169,1790778,818
3.275000486,1791420,642
3.275000486,1792222,802
3.277168591,1792880,658
3.277168591,1793666,786
3.279255545,1794340,674
3.279255545,1795110,770
3.281342499,1795800,690
3.281342499,1796554,754
3.283429453,1797260,706
3.283429453,1797998,738
3.285516407,1798720,722
3.285516407,1799442,722
3.287603361,1800180,738
3.287603361,1800886,706
3.289690315,1801640,754
3.289690315,1802330,690
3.291777269,1803100,770
3.291777269,1803774,674
3.293952137,1804560,786
3.293952137,1805218,658
3.296039091,1806020,802
3.296039091,1806662,642
3.298126045,1807480,818
3.298126045,1808106,626
3.300212999,1808940,834
3.300212999,1809550,610
3.302299953,1810400,850
3.302299953,1810994,594
3.304468058,1811860,866
3.304468058,1812438,578
3.306555012,1813320,882
3.306555012,1813882,562
3.308641966,1814780,898
3.308641966,1815326,546
3.310728920,1816240,914
3.310728920,1816770,530
3.312816274,1817700,930
3.312816274,1818214,514
3.314909591,1819160,946
3.314909591,1819658,498
3.316996545,1820620,962
3.316996545,1821102,482
3.319083499,1822080,978
3.319083499,1822546,466
3.321251604,1823540,994
3.321251604,1823990,450
3.323338558,1825000,1010
3.323338558,1825434,434
3.325425512,1826460,1026
3.325425512,1826878,418
3.327512466,1827920,1042
3.327512466,1828322,402
3.329599420,1829380,1058
3.329599420,1829766,386
3.331767925,1830840,1074
3.331767925,1831210,370
3.333861242,1832300,1090
3.333861242,1832654,354
3.335948196,1833760,1106
3.335948196,1834098,338
3.338035150,1835220,1122
3.338035150,1835542,322
3.340122104,1836680,1138
3.340122104,1836986,306
3.342290209,1838140,1154
3.342290209,1838430,290
3.344377163,1839600,1170
3.344377163,1839874,274
3.346464117,1841060,1186
3.346464117,1841318,258
3.348551071,1842520,1202
3.348551071,1842762,242
3.350638025,1843980,1218
3.350638025,1844206,226
3.353025775,1845440,1234
3.353025775,1845650,210
3.355420461,1846900,1250
3.355420461,1847094,194
3.357807811,1848360,1266
3.357807811,1848538,178
3.360287993,1849820,1282
3.360287993,1849982,162
3.362675343,1851280,1298
3.362675343,1851426,146
3.365062693,1852740,1314
3.365062693,1852870,130
3.367450043,1854200,1330
3.367450043,1854314,114
3.369837393,1855660,1346
3.369837393,1855758,98
3.372317575,1857120,1362
3.372317575,1857202,82
3.374705325,1858580,1378
3.374705325,1858646,66
3.377099931,1860040,1394
3.377099931,1860090,50
3.379485734,1861500,1410
3.379485734,1861534,34
3.381871537,1862960,1426
3.381871537,1862978,18
3.384257340,1864420,1442
3.384257340,1864422,2
3.386643223,1865874,1452
3.389030573,1865880,6
3.389030573,1867319,1439
3.391510755,1867340,21
3.391510755,1868764,1424
3.393898105,1868800,36
3.393898105,1870209,1409
3.396285455,1870260,51
3.396285455,1871654,1394
3.398673205,1871720,66
3.398673205,1873098,1378
3.401067891,1873180,82
3.401067891,1874542,1362
3.403548073,1874640,98
3.403548073,1875986,1346
3.405935423,1876100,114
3.405935423,1877430,1330
3.408322773,1877560,130
3.408322773,1878874,1314
3.410710123,1879020,146
3.410710123,1880318,1298
3.413097473,1880480,162
3.413097473,1881762,1282
3.415484823,1881940,178
3.415484823,1883206,1266
3.417872173,1883400,194
3.417872173,1884650,1250
3.420259523,1884860,210
3.420259523,1886094,1234
3.422747441,1886320,226
3.422747441,1887538,1218
3.425134791,1887780,242
3.425134791,1888982,1202
3.427522141,1889240,258
3.427522141,1890426,1186
3.429909491,1890700,274
3.429909491,1891870,1170
3.432296841,1892160,290
3.432296841,1893314,1154
3.434777023,1893620,306
3.434777023,1894758,1138
3.437164373,1895080,322
3.437164373,1896202,1122
3.439551723,1896540,338
3.439551723,1897646,1106
3.441939073,1898000,354
3.441939073,1899090,1090
3.444326823,1899460,370
3.444326823,1900534,1074
3.446814341,1900920,386
3.446814341,1901978,1058
3.449201691,1902380,402
3.449201691,1903422,1042
3.451589041,1903840,418
3.451589041,1904866,1026
3.453693036,1905300,434
3.453693036,1906310,1010
3.455797031,1906760,450
3.455797031,1907754,994
3.457901026,1908220,466
3.457901026,1909198,978
3.460005021,1909680,482
3.460005021,1910642,962
3.462109016,1911140,498
3.462109016,1912086,946
3.464295225,1912600,514
3.464295225,1913530,930
3.466405638,1914060,530
3.466405638,1914974,914
3.468509633,1915520,546
3.468509633,1916418,898
3.470613628,1916980,562
3.470613628,1917862,882
3.472717623,1918440,578
3.472717623,1919306,866
3.474903432,1919900,594
3.474903432,1920750,850
3.477007427,1921360,610
3.477007427,1922194,834
3.479111422,1922820,626
3.479111422,1923638,818
3.481215417,1924280,642
3.481215417,1925082,802
3.483319412,1925740,658
3.483319412,1926526,786
3.485423807,1927200,674
3.485423807,1927970,770
3.487534220,1928660,690
3.487534220,1929414,754
3.489638215,1930120,706
3.489638215,1930858,738
3.491824024,1931580,722
3.491824024,1932302,722
3.493928019,1933040,738
3.493928019,1933746,706
3.496032014,1934500,754
3.496032014,1935190,690
3.498136009,1935960,770
3.498136009,1936634,674
3.500240004,1937420,786
3.500240004,1938078,658
3.502425813,1938880,802
3.502425813,1939522,642
3.504530208,1940340,818
3.504530208,1940966,626
3.506640621,1941800,834
3.506640621,1942410,610
3.508744616,1943260,850
3.508744616,1943854,594
3.510848611,1944720,866
3.510848611,1945298,578
3.512952606,1946180,882
3.512952606,1946742,562
3.515056601,1947640,898
3.515056601,1948186,546
3.517160596,1949100,914
3.517160596,1949630,530
3.519346405,1950560,930
3.519346405,1951074,514
3.521450400,1952020,946
3.521450400,1952518,498
3.523554395,1953480,962
3.523554395,1953962,482
3.525658790,1954940,978
3.525658790,1955406,466
3.527769203,1956400,994
3.527769203,1956850,450
3.529955012,1957860,1010
3.529955012,1958294,434
3.532059007,1959320,1026
3.532059007,1959738,418
3.534163002,1960780,1042
3.534163002,1961182,402
3.536266997,1962240,1058
3.536266997,1962626,386
3.538370992,1963700,1074
3.538370992,1964070,370
3.540474987,1965160,1090
3.540474987,1965514,354
3.542660796,1966620,1106
3.542660796,1966958,338
3.544765191,1968080,1122
3.544765191,1968402,322
3.546875604,1969540,1138
3.546875604,1969846,306
3.548979599,1971000,1154
3.548979599,1971290,290
3.551083594,1972460,1170
3.551083594,1972734,274
3.553361072,1973920,1186
3.553361072,1974178,258
3.555638550,1975380,1202
3.555638550,1975622,242
3.557916028,1976840,1218
3.557916028,1977066,226
3.560282066,1978300,1234
3.560282066,1978510,210
3.562559544,1979760,1250
3.562559544,1979954,194
3.564837022,1981220,1266
3.564837022,1981398,178
3.567114900,1982680,1282
3.567114900,1982842,162
3.569399358,1984140,1298
3.569399358,1984286,146
3.571765396,1985600,1314
3.571765396,1985730,130
3.574042874,1987060,1330
3.574042874,1987174,114
3.576320352,1988520,1346
3.576320352,1988618,98
3.578597830,1989980,1362
3.578597830,1990062,82
3.580875308,1991440,1378
3.580875308,1991506,66
3.583152706,1992900,1394
3.583152706,1992950,50
3.585428708,1994360,1410
3.585428708,1994394,34
3.587704710,1995820,1426
3.587704710,1995838,18
3.590076652,1997280,1442
3.590076652,1997282,2
3.592352734,1998734,1452
3.594630212,1998740,6
3.594630212,2000179,1439
3.596907690,2000200,21
3.596907690,2001624,1424
3.599185168,2001660,36
3.599185168,2003069,1409
3.601551206,2003120,51
3.601551206,2004514,1394
3.603828684,2004580,66
3.603828684,2005958,1378
3.606106162,2006040,82
3.606106162,2007402,1362
3.608383640,2007500,98
3.608383640,2008846,1346
3.610661518,2008960,114
3.610661518,2010290,1330
3.612945976,2010420,130
3.612945976,2011734,1314
3.615223454,2011880,146
3.615223454,2013178,1298
3.617500932,2013340,162
3.617500932,2014622,1282
3.619866970,2014800,178
3.619866970,2016066,1266
3.622144448,2016260,194
3.622144448,2017510,1250
3.624421926,2017720,210
3.624421926,2018954,1234
3.626699404,2019180,226
3.626699404,2020398,1218
3.628976882,2020640,242
3.628976882,2021842,1202
3.631343320,2022100,258
3.631343320,2023286,1186
3.633627778,2023560,274
3.633627778,2024730,1170
3.635905256,2025020,290
3.635905256,2026174,1154
3.638182734,2026480,306
3.638182734,2027618,1138
3.640460212,2027940,322
3.640460212,2029062,1122
3.642826250,2029400,338
3.642826250,2030506,1106
3.645103728,2030860,354
3.645103728,2031950,1090
3.647381206,2032320,370
3.647381206,2033394,1074
3.649658684,2033780,386
3.649658684,2034838,1058
3.651936162,2035240,402
3.651936162,2036282,1042
3.654013807,2036700,418
3.654013807,2037726,1026
3.656097383,2038160,434
3.656097383,2039170,1010
3.658174628,2039620,450
3.658174628,2040614,994
3.660332647,2041080,466
3.660332647,2042058,978
3.662409892,2042540,482
3.662409892,2043502,962
3.664487137,2044000,498
3.664487137,2044946,946
3.666564382,2045460,514
3.666564382,2046390,930
3.668641627,2046920,530
3.668641627,2047834,914
3.670799646,2048380,546
3.670799646,2049278,898
3.672877291,2049840,562
3.672877291,2050722,882
3.674960867,2051300,578
3.674960867,2052166,866
3.677038112,2052760,594
3.677038112,2053610,850
3.679115357,2054220,610
3.679115357,2055054,834
3.681192602,2055680,626
3.681192602,2056498,818
3.683269847,2057140,642
3.683269847,2057942,802
3.685347092,2058600,658
3.685347092,2059386,786
3.687505111,2060060,674
3.687505111,2060830,770
3.689582356,2061520,690
3.689582356,2062274,754
3.691659601,2062980,706
3.691659601,2063718,738
3.693737246,2064440,722
3.693737246,2065162,722
3.695820822,2065900,738
3.695820822,2066606,706
3.697978841,2067360,754
3.697978841,2068050,690
3.700056086,2068820,770
3.700056086,2069494,674
3.702133331,2070280,786
3.702133331,2070938,658
3.704210576,2071740,802
3.704210576,2072382,642
3.706287821,2073200,818
3.706287821,2073826,626
3.708445840,2074660,834
3.708445840,2075270,610
3.710523085,2076120,850
3.710523085,2076714,594
3.712600730,2077580,866
3.712600730,2078158,578
3.714684306,2079040,882
3.714684306,2079602,562
3.716761551,2080500,898
3.716761551,2081046,546
3.718838796,2081960,914
3.718838796,2082490,530
3.720916041,2083420,930
3.720916041,2083934,514
3.722993286,2084880,946
3.722993286,2085378,498
3.725151305,2086340,962
3.725151305,2086822,482
3.727228550,2087800,978
3.727228550,2088266,466
3.729305795,2089260,994
3.729305795,2089710,450
3.731383040,2090720,1010
3.731383040,2091154,434
3.733460685,2092180,1026
3.733460685,2092598,418
3.735625035,2093640,1042
3.735625035,2094042,402
3.737702280,2095100,1058
3.737702280,2095486,386
3.739779525,2096560,1074
3.739779525,2096930,370
3.741856770,2098020,1090
3.741856770,2098374,354
3.743934015,2099480,1106
3.743934015,2099818,338
3.746011260,2100940,1122
3.746011260,2101262,322
3.748088505,2102400,1138
3.748088505,2102706,306
3.750165750,2103860,1154
3.750165750,2104150,290
3.752501959,2105320,1170
3.752501959,2105594,274
3.754757225,2106780,1186
3.754757225,2107038,258
3.757005606,2108240,1202
3.757005606,2108482,242
3.759253987,2109700,1218
3.759253987,2109926,226
3.761502368,2111160,1234
3.761502368,2111370,210
3.763838177,2112620,1250
3.763838177,2112814,194
3.766086558,2114080,1266
3.766086558,2114258,178
3.768334939,2115540,1282
3.768334939,2115702,162
3.770583320,2117000,1298
3.770583320,2117146,146
3.772831701,2118460,1314
3.772831701,2118590,130
3.775080482,2119920,1330
3.775080482,2120034,114
3.777335748,2121380,1346
3.777335748,2121478,98
3.779584129,2122840,1362
3.779584129,2122922,82
3.781919938,2124300,1378
3.781919938,2124366,66
3.784168239,2125760,1394
3.784168239,2125810,50
3.786415162,2127220,1410
3.786415162,2127254,34
3.788662085,2128680,1426
3.788662085,2128698,18
3.790909008,2130140,1442
3.790909008,2130142,2
3.793243439,2131594,1452
3.795492220,2131600,6
3.795492220,2133039,1439
3.797747486,2133060,21
3.797747486,2134484,1424
3.799995867,2134520,36
3.799995867,2135929,1409
3.802244248,2135980,51
3.802244248,2137374,1394
3.804580057,2137440,66
3.804580057,2138818,1378
3.806828438,2138900,82
3.806828438,2140262,1362
3.809076819,2140360,98
3.809076819,2141706,1346
3.811325200,2141820,114
3.811325200,2143150,1330
3.813573581,2143280,130
3.813573581,2144594,1314
3.815821962,2144740,146
3.815821962,2146038,1298
3.818070743,2146200,162
3.818070743,2147482,1282
3.820326009,2147660,178
3.820326009,2148926,1266
3.822661818,2149120,194
3.822661818,2150370,1250
3.824910199,2150580,210
3.824910199,2151814,1234
3.827158580,2152040,226
3.827158580,2153258,1218
3.829406961,2153500,242
3.829406961,2154702,1202
3.831655342,2154960,258
3.831655342,2156146,1186
3.833991151,2156420,274
3.833991151,2157590,1170
3.836239532,2157880,290
3.836239532,2159034,1154
3.838488313,2159340,306
3.838488313,2160478,1138
3.840743579,2160800,322
3.840743579,2161922,1122
3.842991960,2162260,338
3.842991960,2163366,1106
3.845240341,2163720,354
3.845240341,2164810,1090
3.847488722,2165180,370
3.847488722,2166254,1074
3.849737103,2166640,386
3.849737103,2167698,1058
3.852072912,2168100,402
3.852072912,2169142,1042
3.854419178,2169560,418
3.854419178,2170586,1026
3.856765444,2171020,434
3.856765444,2172030,1010
3.859111710,2172480,450
3.859111710,2173474,994
3.861458376,2173940,466
3.861458376,2174918,978
3.863903080,2175400,482
3.863903080,2176362,962
3.866249346,2176860,498
3.866249346,2177806,946
3.868595612,2178320,514
3.868595612,2179250,930
3.870941878,2179780,530
3.870941878,2180694,914
3.873288144,2181240,546
3.873288144,2182138,898
3.875634410,2182700,562
3.875634410,2183582,882
3.877980676,2184160,578
3.877980676,2185026,866
3.880326942,2185620,594
3.880326942,2186470,850
3.882764843,2187080,610
3.882764843,2187914,834
3.885118312,2188540,626
3.885118312,2189358,818
3.887464578,2190000,642
3.887464578,2190802,802
3.889810844,2191460,658
3.889810844,2192246,786
3.892157110,2192920,674
3.892157110,2193690,770
3.894594611,2194380,690
3.894594611,2195134,754
3.896940877,2195840,706
3.896940877,2196578,738
3.899287143,2197300,722
3.899287143,2198022,722
3.901633409,2198760,738
3.901633409,2199466,706
3.903979675,2200220,754
3.903979675,2200910,690
3.906424779,2201680,770
3.906424779,2202354,674
3.908771045,2203140,786
3.908771045,2203798,658
3.911117311,2204600,802
3.911117311,2205242,642
3.913463577,2206060,818
3.913463577,2206686,626
3.915809843,2207520,834
3.915809843,2208130,610
3.918156109,2208980,850
3.918156109,2209574,594
3.920502375,2210440,866
3.920502375,2211018,578
3.922848641,2211900,882
3.922848641,2212462,562
3.925286142,2213360,898
3.925286142,2213906,546
3.927632808,2214820,914
3.927632808,2215350,530
3.929986277,2216280,930
3.929986277,2216794,514
3.932332543,2217740,946
3.932332543,2218238,498
3.934678809,2219200,962
3.934678809,2219682,482
3.937116310,2220660,978
3.937116310,2221126,466
3.939462576,2222120,994
3.939462576,2222570,450
3.941808842,2223580,1010
3.941808842,2224014,434
3.944155108,2225040,1026
3.944155108,2225458,418
3.946501374,2226500,1042
3.946501374,2226902,402
3.948847640,2227960,1058
3.948847640,2228346,386
3.951194306,2229420,1074
3.951194306,2229790,370
3.953339219,2230880,1090
3.953339219,2231234,354
3.955560754,2232340,1106
3.955560754,2232678,338
3.957699138,2233800,1122
3.957699138,2234122,322
3.959837522,2235260,1138
3.959837522,2235566,306
3.961975906,2236720,1154
3.961975906,2237010,290
3.964114290,2238180,1170
3.964114290,2238454,274
3.966335825,2239640,1186
3.966335825,2239898,258
3.968474209,2241100,1202
3.968474209,2241342,242
3.970612993,2242560,1218
3.970612993,2242786,226
3.972757906,2244020,1234
3.972757906,2244230,210
3.974896290,2245480,1250
3.974896290,2245674,194
3.977034674,2246940,1266
3.977034674,2247118,178
3.979173058,2248400,1282
3.979173058,2248562,162
3.981311442,2249860,1298
3.981311442,2250006,146
3.983449826,2251320,1314
3.983449826,2251450,130
3.985671361,2252780,1330
3.985671361,2252894,114
3.987809745,2254240,1346
3.987809745,2254338,98
3.989948129,2255700,1362
3.989948129,2255782,82
3.992086913,2257160,1378
3.992086913,2257226,66
3.994231746,2258620,1394
3.994231746,2258670,50
3.996451895,2260080,1410
3.996451895,2260114,34
3.998588893,2261540,1426
3.998588893,2261558,18
4.000725891,2263000,1442
4.000725891,2263002,2
4.002862969,2264454,1452
4.005001353,2264460,6
4.005001353,2265899,1439
4.007222888,2265920,21
4.007222888,2267344,1424
4.009361272,2267380,36
4.009361272,2268789,1409
4.011500056,2268840,51
4.011500056,2270234,1394
4.013644969,2270300,66
4.013644969,2271678,1378
4.015783353,2271760,82
4.015783353,2273122,1362
4.017921737,2273220,98
4.017921737,2274566,1346
4.020060121,2274680,114
4.020060121,2276010,1330
4.022198505,2276140,130
4.022198505,2277454,1314
4.024420040,2277600,146
4.024420040,2278898,1298
4.026558424,2279060,162
4.026558424,2280342,1282
4.028696808,2280520,178
4.028696808,2281786,1266
4.030835192,2281980,194
4.030835192,2283230,1250
4.032973976,2283440,210
4.032973976,2284674,1234
4.035202040,2284900,226
4.035202040,2286118,1218
4.037340424,2286360,242
4.037340424,2287562,1202
4.039478808,2287820,258
4.039478808,2289006,1186
4.041617192,2289280,274
4.041617192,2290450,1170
4.043755576,2290740,290
4.043755576,2291894,1154
4.045893960,2292200,306
4.045893960,2293338,1138
4.048032344,2293660,322
4.048032344,2294782,1122
4.050170728,2295120,338
4.050170728,2296226,1106
4.052612578,2296580,354
4.052612578,2297670,1090
4.054969860,2298040,370
4.054969860,2299114,1074
4.057319927,2299500,386
4.057319927,2300558,1058
4.059669994,2300960,402
4.059669994,2302002,1042
4.062020061,2302420,418
4.062020061,2303446,1026
4.064461511,2303880,434
4.064461511,2304890,1010
4.066811578,2305340,450
4.066811578,2306334,994
4.069161645,2306800,466
4.069161645,2307778,978
4.071511712,2308260,482
4.071511712,2309222,962
4.073861779,2309720,498
4.073861779,2310666,946
4.076310844,2311180,514
4.076310844,2312110,930
4.078660911,2312640,530
4.078660911,2313554,914
4.081010978,2314100,546
4.081010978,2314998,898
4.083361045,2315560,562
4.083361045,2316442,882
4.085711112,2317020,578
4.085711112,2317886,866
4.088061179,2318480,594
4.088061179,2319330,850
4.090411246,2319940,610
4.090411246,2320774,834
4.092761313,2321400,626
4.092761313,2322218,818
4.095202763,2322860,642
4.095202763,2323662,802
4.097553230,2324320,658
4.097553230,2325106,786
4.099910512,2325780,674
4.099910512,2326550,770
4.102260579,2327240,690
4.102260579,2327994,754
4.104610646,2328700,706
4.104610646,2329438,738
4.107052096,2330160,722
4.107052096,2330882,722
4.109402163,2331620,738
4.109402163,2332326,706
4.111752230,2333080,754
4.111752230,2333770,690
4.114102297,2334540,770
4.114102297,2335214,674
4.116452364,2336000,786
4.116452364,2336658,658
4.118802431,2337460,802
4.118802431,2338102,642
4.121152898,2338920,818
4.121152898,2339546,626
4.123510180,2340380,834
4.123510180,2340990,610
4.125951630,2341840,850
4.125951630,2342434,594
4.128301697,2343300,866
4.128301697,2343878,578
4.130651764,2344760,882
4.130651764,2345322,562
4.133001831,2346220,898
4.133001831,2346766,546
4.135351898,2347680,914
4.135351898,2348210,530
4.137793348,2349140,930
4.137793348,2349654,514
4.140143415,2350600,946
4.140143415,2351098,498
4.142493882,2352060,962
4.142493882,2352542,482
4.144851164,2353520,978
4.144851164,2353986,466
4.147201231,2354980,994
4.147201231,2355430,450
4.149551298,2356440,1010
4.149551298,2356874,434
4.151901365,2357900,1026
4.151901365,2358318,418
4.154066534,2359360,1042
4.154066534,2359762,402
4.156315896,2360820,1058
4.156315896,2361206,386
4.158481065,2362280,1074
4.158481065,2362650,370
4.160646234,2363740,1090
4.160646234,2364094,354
4.162811403,2365200,1106
4.162811403,2365538,338
4.164976972,2366660,1122
4.164976972,2366982,322
4.167232950,2368120,1138
4.167232950,2368426,306
4.169398119,2369580,1154
4.169398119,2369870,290
4.171563288,2371040,1170
4.171563288,2371314,274
4.173728457,2372500,1186
4.173728457,2372758,258
4.175893626,2373960,1202
4.175893626,2374202,242
4.178142988,2375420,1218
4.178142988,2375646,226
4.180308157,2376880,1234
4.180308157,2377090,210
4.182473326,2378340,1250
4.182473326,2378534,194
4.184638895,2379800,1266
4.184638895,2379978,178
4.186810680,2381260,1282
4.186810680,2381422,162
4.188975849,2382720,1298
4.188975849,2382866,146
4.191141018,2384180,1314
4.191141018,2384310,130
4.193306187,2385640,1330
4.193306187,2385754,114
4.195555549,2387100,1346
4.195555549,2387198,98
4.197720718,2388560,1362
4.197720718,2388642,82
4.199885887,2390020,1378
4.199885887,2390086,66
4.202050976,2391480,1394
4.202050976,2391530,50
4.204214741,2392940,1410
4.204214741,2392974,34
4.206469715,2394400,1426
4.206469715,2394418,18
4.208633480,2395860,1442
4.208633480,2395862,2
4.210797325,2397314,1452
4.212962494,2397320,6
4.212962494,2398759,1439
4.215127663,2398780,21
4.215127663,2400204,1424
4.217292832,2400240,36
4.217292832,2401649,1409
4.219458001,2401700,51
4.219458001,2403094,1394
4.221623170,2403160,66
4.221623170,2404538,1378
4.223872532,2404620,82
4.223872532,2405982,1362
4.226038101,2406080,98
4.226038101,2407426,1346
4.228209886,2407540,114
4.228209886,2408870,1330
4.230375055,2409000,130
4.230375055,2410314,1314
4.232540224,2410460,146
4.232540224,2411758,1298
4.234789586,2411920,162
4.234789586,2413202,1282
4.236954755,2413380,178
4.236954755,2414646,1266
4.239119924,2414840,194
4.239119924,2416090,1250
4.241285093,2416300,210
4.241285093,2417534,1234
4.243450262,2417760,226
4.243450262,2418978,1218
4.245615431,2419220,242
4.245615431,2420422,1202
4.247781000,2420680,258
4.247781000,2421866,1186
4.249952785,2422140,274
4.249952785,2423310,1170
4.252202147,2423600,290
4.252202147,2424754,1154
4.254661630,2425060,306
4.254661630,2426198,1138
4.257121113,2426520,322
4.257121113,2427642,1122
4.259580596,2427980,338
4.259580596,2429086,1106
4.262040079,2429440,354
4.262040079,2430530,1090
4.264595199,2430900,370
4.264595199,2431974,1074
4.267054682,2432360,386
4.267054682,2433418,1058
4.269514565,2433820,402
4.269514565,2434862,1042
4.271981618,2435280,418
4.271981618,2436306,1026
4.274441101,2436740,434
4.274441101,2437750,1010
4.276996221,2438200,450
4.276996221,2439194,994
4.279455704,2439660,466
4.279455704,2440638,978
4.281915187,2441120,482
4.281915187,2442082,962
4.284374670,2442580,498
4.284374670,2443526,946
4.286834153,2444040,514
4.286834153,2444970,930
4.289293636,2445500,530
4.289293636,2446414,914
4.291753119,2446960,546
4.291753119,2447858,898
4.294213002,2448420,562
4.294213002,2449302,882
4.296775692,2449880,578
4.296775692,2450746,866
4.299235175,2451340,594
4.299235175,2452190,850
4.301694658,2452800,610
4.301694658,2453634,834
4.304154141,2454260,626
4.304154141,2455078,818
4.306613624,2455720,642
4.306613624,2456522,802
4.309168744,2457180,658
4.309168744,2457966,786
4.311628227,2458640,674
4.311628227,2459410,770
4.314087710,2460100,690
4.314087710,2460854,754
4.316547593,2461560,706
4.316547593,2462298,738
4.319014646,2463020,722
4.319014646,2463742,722
4.321474129,2464480,738
4.321474129,2465186,706
4.323933612,2465940,754
4.323933612,2466630,690
4.326393095,2467400,770
4.326393095,2468074,674
4.328948215,2468860,786
4.328948215,2469518,658
4.331407698,2470320,802
4.331407698,2470962,642
4.333867181,2471780,818
4.333867181,2472406,626
4.336326664,2473240,834
4.336326664,2473850,610
4.338786147,2474700,850
4.338786147,2475294,594
4.341349237,2476160,866
4.341349237,2476738,578
4.343808720,2477620,882
4.343808720,2478182,562
4.346268203,2479080,898
4.346268203,2479626,546
4.348727686,2480540,914
4.348727686,2481070,530
4.351187169,2482000,930
4.351187169,2482514,514
4.353295717,2483460,946
4.353295717,2483958,498
4.355404265,2484920,962
4.355404265,2485402,482
4.357512813,2486380,978
4.357512813,2486846,466
4.359703352,2487840,994
4.359703352,2488290,450
4.361812300,2489300,1010
4.361812300,2489734,434
4.363927281,2490760,1026
4.363927281,2491178,418
4.366035829,2492220,1042
4.366035829,2492622,402
4.368144377,2493680,1058
4.368144377,2494066,386
4.370334916,2495140,1074
4.370334916,2495510,370
4.372443464,2496600,1090
4.372443464,2496954,354
4.374552012,2498060,1106
4.374552012,2498398,338
4.376660560,2499520,1122
4.376660560,2499842,322
4.378769108,2500980,1138
4.378769108,2501286,306
4.380960047,2502440,1154
4.380960047,2502730,290
4.383075028,2503900,1170
4.383075028,2504174,274
4.385183576,2505360,1186
4.385183576,2505618,258
4.387292124,2506820,1202
4.387292124,2507062,242
4.389400672,2508280,1218
4.389400672,2508506,226
4.391509220,2509740,1234
4.391509220,2509950,210
4.393617768,2511200,1250
4.393617768,2511394,194
4.395726316,2512660,1266
4.395726316,2512838,178
4.397916855,2514120,1282
4.397916855,2514282,162
4.400025403,2515580,1298
4.400025403,2515726,146
4.402134351,2517040,1314
4.402134351,2517170,130
4.404249332,2518500,1330
4.404249332,2518614,114
4.406357880,2519960,1346
4.406357880,2520058,98
4.408548419,2521420,1362
4.408548419,2521502,82
4.410656967,2522880,1378
4.410656967,2522946,66
4.412765435,2524340,1394
4.412765435,2524390,50
4.414872617,2525800,1410
4.414872617,2525834,34
4.416979799,2527260,1426
4.416979799,2527278,18
4.419086981,2528720,1442
4.419086981,2528722,2
4.421194243,2530174,1452
4.423303191,2530180,6
4.423303191,2531619,1439
4.425418172,2531640,21
4.425418172,2533064,1424
4.427608711,2533100,36
4.427608711,2534509,1409
4.429717259,2534560,51
4.429717259,2535954,1394
4.431825807,2536020,66
4.431825807,2537398,1378
4.433934355,2537480,82
4.433934355,2538842,1362
4.436042903,2538940,98
4.436042903,2540286,1346
4.438233442,2540400,114
4.438233442,2541730,1330
4.440341990,2541860,130
4.440341990,2543174,1314
4.442450938,2543320,146
4.442450938,2544618,1298
4.444565919,2544780,162
4.444565919,2546062,1282
4.446674467,2546240,178
4.446674467,2547506,1266
4.448783015,2547700,194
4.448783015,2548950,1250
4.450891563,2549160,210
4.450891563,2550394,1234
4.453226986,2550620,226
4.453226986,2551838,1218
4.455653222,2552080,242
4.455653222,2553282,1202
4.457988645,2553540,258
4.457988645,2554726,1186
4.460324068,2555000,274
4.460324068,2556170,1170
4.462659491,2556460,290
4.462659491,2557614,1154
4.464995314,2557920,306
4.464995314,2559058,1138
4.467428718,2559380,322
4.467428718,2560502,1122
4.469764141,2560840,338
4.469764141,2561946,1106
4.472099564,2562300,354
4.472099564,2563390,1090
4.474434987,2563760,370
4.474434987,2564834,1074
4.476770410,2565220,386
4.476770410,2566278,1058
4.479196646,2566680,402
4.479196646,2567722,1042
4.481532069,2568140,418
4.481532069,2569166,1026
4.483867492,2569600,434
4.483867492,2570610,1010
4.486203315,2571060,450
4.486203315,2572054,994
4.488545906,2572520,466
4.488545906,2573498,978
4.490881329,2573980,482
4.490881329,2574942,962
4.493216752,2575440,498
4.493216752,2576386,946
4.495552175,2576900,514
4.495552175,2577830,930
4.497978411,2578360,530
4.497978411,2579274,914
4.500313834,2579820,546
4.500313834,2580718,898
4.502649257,2581280,562
4.502649257,2582162,882
4.504984680,2582740,578
4.504984680,2583606,866
4.507320103,2584200,594
4.507320103,2585050,850
4.509753907,2585660,610
4.509753907,2586494,834
4.512089330,2587120,626
4.512089330,2587938,818
4.514424753,2588580,642
4.514424753,2589382,802
4.516760176,2590040,658
4.516760176,2590826,786
4.519095599,2591500,674
4.519095599,2592270,770
4.521431022,2592960,690
4.521431022,2593714,754
4.523766445,2594420,706
4.523766445,2595158,738
4.526101868,2595880,722
4.526101868,2596602,722
4.528528104,2597340,738
4.528528104,2598046,706
4.530863927,2598800,754
4.530863927,2599490,690
4.533206518,2600260,770
4.533206518,2600934,674
4.535541941,2601720,786
4.535541941,2602378,658
4.537877364,2603180,802
4.537877364,2603822,642
4.540303600,2604640,818
4.540303600,2605266,626
4.542639023,2606100,834
4.542639023,2606710,610
4.544974446,2607560,850
4.544974446,2608154,594
4.547309869,2609020,866
4.547309869,2609598,578
4.549645292,2610480,882
4.549645292,2611042,562
4.552071928,2611940,898
4.552071928,2612486,546
4.554192975,2613400,914
4.554192975,2613930,530
4.556307570,2614860,930
4.556307570,2615374,514
4.558422165,2616320,946
4.558422165,2616818,498
4.560536760,2617780,962
4.560536760,2618262,482
4.562651355,2619240,978
4.562651355,2619706,466
4.564765950,2620700,994
4.564765950,2621150,450
4.566880545,2622160,1010
4.566880545,2622594,434
4.569077366,2623620,1026
4.569077366,2624038,418
4.571191961,2625080,1042
4.571191961,2625482,402
4.573306956,2626540,1058
4.573306956,2626926,386
4.575428003,2628000,1074
4.575428003,2628370,370
4.577542598,2629460,1090
4.577542598,2629814,354
4.579739419,2630920,1106
4.579739419,2631258,338
4.581854014,2632380,1122
4.581854014,2632702,322
4.583968609,2633840,1138
4.583968609,2634146,306
4.586083204,2635300,1154
4.586083204,2635590,290
4.588197799,2636760,1170
4.588197799,2637034,274
4.590312394,2638220,1186
4.590312394,2638478,258
4.592426989,2639680,1202
4.592426989,2639922,242
4.594541984,2641140,1218
4.594541984,2641366,226
4.596745257,2642600,1234
4.596745257,2642810,210
4.598859852,2644060,1250
4.598859852,2644254,194
4.600974447,2645520,1266
4.600974447,2645698,178
4.603089042,2646980,1282
4.603089042,2647142,162
4.605203637,2648440,1298
4.605203637,2648586,146
4.607400458,2649900,1314
4.607400458,2650030,130
4.609515053,2651360,1330
4.609515053,2651474,114
4.611629648,2652820,1346
4.611629648,2652918,98
4.613744643,2654280,1362
4.613744643,2654362,82
4.615865690,2655740,1378
4.615865690,2655806,66
4.617980205,2657200,1394
4.617980205,2657250,50
4.620093429,2658660,1410
4.620093429,2658694,34
4.622206653,2660120,1426
4.622206653,2660138,18
4.624402103,2661580,1442
4.624402103,2661582,2
4.626515407,2663034,1452
4.628630002,2663040,6
4.628630002,2664479,1439
4.630744597,2664500,21
4.630744597,2665924,1424
4.632859192,2665960,36
4.632859192,2667369,1409
4.635062865,2667420,51
4.635062865,2668814,1394
4.637177460,2668880,66
4.637177460,2670258,1378
4.639292055,2670340,82
4.639292055,2671702,1362
4.641406650,2671800,98
4.641406650,2673146,1346
4.643521245,2673260,114
4.643521245,2674590,1330
4.645718066,2674720,130
4.645718066,2676034,1314
4.647832661,2676180,146
4.647832661,2677478,1298
4.649947256,2677640,162
4.649947256,2678922,1282
4.652061851,2679100,178
4.652061851,2680366,1266
4.654342261,2680560,194
4.654342261,2681810,1250
4.656629259,2682020,210
4.656629259,2683254,1234
4.658909269,2683480,226
4.658909269,2684698,1218
4.661189279,2684940,242
4.661189279,2686142,1202
4.663557947,2686400,258
4.663557947,2687586,1186
4.665837957,2687860,274
4.665837957,2689030,1170
4.668117967,2689320,290
4.668117967,2690474,1154
4.670397977,2690780,306
4.670397977,2691918,1138
4.672677987,2692240,322
4.672677987,2693362,1122
4.675047055,2693700,338
4.675047055,2694806,1106
4.677334053,2695160,354
4.677334053,2696250,1090
4.679614063,2696620,370
4.679614063,2697694,1074
4.681894073,2698080,386
4.681894073,2699138,1058
4.684174083,2699540,402
4.684174083,2700582,1042
4.686454093,2701000,418
4.686454093,2702026,1026
4.688734103,2702460,434
4.688734103,2703470,1010
4.691014113,2703920,450
4.691014113,2704914,994
4.693382781,2705380,466
4.693382781,2706358,978
4.695662791,2706840,482
4.695662791,2707802,962
4.697943201,2708300,498
4.697943201,2709246,946
4.700230199,2709760,514
4.700230199,2710690,930
4.702510209,2711220,530
4.702510209,2712134,914
4.704878877,2712680,546
4.704878877,2713578,898
4.707158887,2714140,562
4.707158887,2715022,882
4.709438897,2715600,578
4.709438897,2716466,866
4.711718907,2717060,594
4.711718907,2717910,850
4.713998917,2718520,610
4.713998917,2719354,834
4.716278927,2719980,626
4.716278927,2720798,818
4.718558937,2721440,642
4.718558937,2722242,802
4.720839347,2722900,658
4.720839347,2723686,786
4.723215003,2724360,674
4.723215003,2725130,770
4.725495013,2725820,690
4.725495013,2726574,754
4.727775023,2727280,706
4.727775023,2728018,738
4.730055033,2728740,722
4.730055033,2729462,722
4.732335043,2730200,738
4.732335043,2730906,706
4.734703711,2731660,754
4.734703711,2732350,690
4.736983721,2733120,770
4.736983721,2733794,674
4.739263731,2734580,786
4.739263731,2735238,658
4.741544141,2736040,802
4.741544141,2736682,642
4.743831139,2737500,818
4.743831139,2738126,626
4.746199807,2738960,834
4.746199807,2739570,610
4.748479817,2740420,850
4.748479817,2741014,594
4.750759827,2741880,866
4.750759827,2742458,578
4.752976499,2743340,882
4.752976499,2743902,562
4.755193171,2744800,898
4.755193171,2745346,546
4.757409843,2746260,914
4.757409843,2746790,530
4.759626515,2747720,930
4.759626515,2748234,514
4.761843187,2749180,946
4.761843187,2749678,498
4.764153237,2750640,962
4.764153237,2751122,482
4.766369909,2752100,978
4.766369909,2752566,466
4.768586581,2753560,994
4.768586581,2754010,450
4.770803253,2755020,1010
4.770803253,2755454,434
4.773019925,2756480,1026
4.773019925,2756898,418
4.775322792,2757940,1042
4.775322792,2758342,402
4.777539464,2759400,1058
4.777539464,2759786,386
4.779756136,2760860,1074
4.779756136,2761230,370
4.781972808,2762320,1090
4.781972808,2762674,354
4.784189880,2763780,1106
4.784189880,2764118,338
4.786413335,2765240,1122
4.786413335,2765562,322
4.788630007,2766700,1138
4.788630007,2767006,306
4.790846679,2768160,1154
4.790846679,2768450,290
4.793149546,2769620,1170
4.793149546,2769894,274
4.795366218,2771080,1186
4.795366218,2771338,258
4.797582890,2772540,1202
4.797582890,2772782,242
4.799799562,2774000,1218
4.799799562,2774226,226
4.802016234,2775460,1234
4.802016234,2775670,210
4.804319501,2776920,1250
4.804319501,2777114,194
4.806542956,2778380,1266
4.806542956,2778558,178
4.808759628,2779840,1282
4.808759628,2780002,162
4.810976300,2781300,1298
4.810976300,2781446,146
4.813192972,2782760,1314
4.813192972,2782890,130
4.815409644,2784220,1330
4.815409644,2784334,114
4.817626316,2785680,1346
4.817626316,2785778,98
4.819842988,2787140,1362
4.819842988,2787222,82
4.822145855,2788600,1378
4.822145855,2788666,66
4.824362447,2790060,1394
4.824362447,2790110,50
4.826578082,2791520,1410
4.826578082,2791554,34
4.828800100,2792980,1426
4.828800100,2792998,18
4.831015335,2794440,1442
4.831015335,2794442,2
4.833316845,2795894,1452
4.835533517,2795900,6
4.835533517,2797339,1439
4.837750189,2797360,21
4.837750189,2798784,1424
4.839966861,2798820,36
4.839966861,2800229,1409
4.842183533,2800280,51
4.842183533,2801674,1394
4.844486400,2801740,66
4.844486400,2803118,1378
4.846703472,2803200,82
4.846703472,2804562,1362
4.848926927,2804660,98
4.848926927,2806006,1346
4.851143599,2806120,114
4.851143599,2807450,1330
4.853494535,2807580,130
4.853494535,2808894,1314
4.855845471,2809040,146
4.855845471,2810338,1298
4.858196407,2810500,162
4.858196407,2811782,1282
4.860547343,2811960,178
4.860547343,2813226,1266
4.862989695,2813420,194
4.862989695,2814670,1250
4.865340631,2814880,210
4.865340631,2816114,1234
4.867691567,2816340,226
4.867691567,2817558,1218
4.870042903,2817800,242
4.870042903,2819002,1202
4.872401057,2819260,258
4.872401057,2820446,1186
4.874843409,2820720,274
4.874843409,2821890,1170
4.877194345,2822180,290
4.877194345,2823334,1154
4.879545281,2823640,306
4.879545281,2824778,1138
4.881896217,2825100,322
4.881896217,2826222,1122
4.884247153,2826560,338
4.884247153,2827666,1106
4.886598089,2828020,354
4.886598089,2829110,1090
4.888949025,2829480,370
4.888949025,2830554,1074
4.891299961,2830940,386
4.891299961,2831998,1058
4.893651297,2832400,402
4.893651297,2833442,1042
4.896100867,2833860,418
4.896100867,2834886,1026
4.898451803,2835320,434
4.898451803,2836330,1010
4.900802739,2836780,450
4.900802739,2837774,994
4.903153675,2838240,466
4.903153675,2839218,978
4.905504611,2839700,482
4.905504611,2840662,962
4.907946963,2841160,498
4.907946963,2842106,946
4.910297899,2842620,514
4.910297899,2843550,930
4.912648835,2844080,530
4.912648835,2844994,914
4.915000171,2845540,546
4.915000171,2846438,898
4.917358325,2847000,562
4.917358325,2847882,882
4.919800677,2848460,578
4.919800677,2849326,866
4.922151613,2849920,594
4.922151613,2850770,850
4.924502549,2851380,610
4.924502549,2852214,834
4.926853485,2852840,626
4.926853485,2853658,818
4.929204421,2854300,642
4.929204421,2855102,802
4.931555357,2855760,658
4.931555357,2856546,786
4.933906293,2857220,674
4.933906293,2857990,770
4.936257229,2858680,690
4.936257229,2859434,754
4.938707199,2860140,706
4.938707199,2860878,738
4.941058135,2861600,722
4.941058135,2862322,722
4.943409071,2863060,738
4.943409071,2863766,706
4.945760007,2864520,754
4.945760007,2865210,690
4.948110943,2865980,770
4.948110943,2866654,674
4.950553295,2867440,786
4.950553295,2868098,658
4.952637967,2868900,802
4.952637967,2869542,642
4.954722639,2870360,818
4.954722639,2870986,626
4.956807311,2871820,834
4.956807311,2872430,610
4.958892383,2873280,850
4.958892383,2873874,594
4.960983410,2874740,866
4.960983410,2875318,578
4.963068082,2876200,882
4.963068082,2876762,562
4.965152754,2877660,898
4.965152754,2878206,546
4.967318489,2879120,914
4.967318489,2879650,530
4.969403161,2880580,930
4.969403161,2881094,514
4.971487833,2882040,946
4.971487833,2882538,498
4.973572505,2883500,962
4.973572505,2883982,482
4.975657177,2884960,978
4.975657177,2885426,466
4.977823312,2886420,994
4.977823312,2886870,450
4.979914339,2887880,1010
4.979914339,2888314,434
4.981999011,2889340,1026
4.981999011,2889758,418
4.984083683,2890800,1042
4.984083683,2891202,402
4.986168355,2892260,1058
4.986168355,2892646,386
4.988253027,2893720,1074
4.988253027,2894090,370
4.990337699,2895180,1090
4.990337699,2895534,354
4.992422371,2896640,1106
4.992422371,2896978,338
4.994588106,2898100,1122
4.994588106,2898422,322
4.996672778,2899560,1138
4.996672778,2899866,306
4.998757850,2901020,1154
4.998757850,2901310,290
5.000848877,2902480,1170
5.000848877,2902754,274
5.002933549,2903940,1186
5.002933549,2904198,258
5.005099284,2905400,1202
5.005099284,2905642,242
5.007183956,2906860,1218
5.007183956,2907086,226
5.009268628,2908320,1234
5.009268628,2908530,210
5.011353300,2909780,1250
5.011353300,2909974,194
5.013437972,2911240,1266
5.013437972,2911418,178
5.015603707,2912700,1282
5.015603707,2912862,162
5.017688779,2914160,1298
5.017688779,2914306,146
5.019779806,2915620,1314
5.019779806,2915750,130
5.021864478,2917080,1330
5.021864478,2917194,114
5.023949150,2918540,1346
5.023949150,2918638,98
5.026033822,2920000,1362
5.026033822,2920082,82
5.028118494,2921460,1378
5.028118494,2921526,66
5.030203086,2922920,1394
5.030203086,2922970,50
5.032367470,2924380,1410
5.032367470,2924414,34
5.034450791,2925840,1426
5.034450791,2925858,18
5.036534112,2927300,1442
5.036534112,2927302,2
5.038617913,2928754,1452
5.040708940,2928760,6
5.040708940,2930199,1439
5.042874675,2930220,21
5.042874675,2931644,1424
5.044959347,2931680,36
5.044959347,2933089,1409
5.047044019,2933140,51
5.047044019,2934534,1394
5.049128691,2934600,66
5.049128691,2935978,1378
5.051213363,2936060,82
5.051213363,2937422,1362
5.053579085,2937520,98
5.053579085,2938866,1346
5.055944807,2938980,114
5.055944807,2940310,1330
5.058310529,2940440,130
5.058310529,2941754,1314
5.060676651,2941900,146
5.060676651,2943198,1298
5.063141630,2943360,162
5.063141630,2944642,1282
5.065507352,2944820,178
5.065507352,2946086,1266
5.067873074,2946280,194
5.067873074,2947530,1250
5.070238796,2947740,210
5.070238796,2948974,1234
5.072604518,2949200,226
5.072604518,2950418,1218
5.075062231,2950660,242
5.075062231,2951862,1202
5.077427953,2952120,258
5.077427953,2953306,1186
5.079793675,2953580,274
5.079793675,2954750,1170
5.082159797,2955040,290
5.082159797,2956194,1154
5.084532785,2956500,306
5.084532785,2957638,1138
5.086898507,2957960,322
5.086898507,2959082,1122
5.089264229,2959420,338
5.089264229,2960526,1106
5.091721942,2960880,354
5.091721942,2961970,1090
5.094087664,2962340,370
5.094087664,2963414,1074
5.096453386,2963800,386
5.096453386,2964858,1058
5.098819108,2965260,402
5.098819108,2966302,1042
5.101184830,2966720,418
5.101184830,2967746,1026
5.103550552,2968180,434
5.103550552,2969190,1010
5.106015931,2969640,450
5.106015931,2970634,994
5.108381653,2971100,466
5.108381653,2972078,978
5.110747375,2972560,482
5.110747375,2973522,962
5.113113097,2974020,498
5.113113097,2974966,946
5.115478819,2975480,514
5.115478819,2976410,930
5.117936532,2976940,530
5.117936532,2977854,914
5.120302254,2978400,546
5.120302254,2979298,898
5.122667976,2979860,562
5.122667976,2980742,882
5.125033698,2981320,578
5.125033698,2982186,866
5.127399820,2982780,594
5.127399820,2983630,850
5.129772808,2984240,610
5.129772808,2985074,834
5.132138530,2985700,626
5.132138530,2986518,818
5.134504252,2987160,642
5.134504252,2987962,802
5.136961965,2988620,658
5.136961965,2989406,786
5.139327687,2990080,674
5.139327687,2990850,770
5.141693409,2991540,690
5.141693409,2992294,754
5.144059131,2993000,706
5.144059131,2993738,738
5.146424853,2994460,722
5.146424853,2995182,722
5.148882966,2995920,738
5.148882966,2996626,706
5.151255954,2997380,754
5.151255954,2998070,690
5.153350068,2998840,770
5.153350068,2999514,674
5.155444182,3000300,786
5.155444182,3000958,658
5.157538296,3001760,802
5.157538296,3002402,642
5.159632410,3003220,818
5.159632410,3003846,626
5.161726524,3004680,834
5.161726524,3005290,610
5.163820638,3006140,850
5.163820638,3006734,594
5.165996182,3007600,866
5.165996182,3008178,578
5.168090296,3009060,882
5.168090296,3009622,562
5.170184810,3010520,898
5.170184810,3011066,546
5.172285309,3011980,914
5.172285309,3012510,530
5.174379423,3013440,930
5.174379423,3013954,514
5.176554967,3014900,946
5.176554967,3015398,498
5.178649081,3016360,962
5.178649081,3016842,482
5.180743195,3017820,978
5.180743195,3018286,466
5.182837309,3019280,994
5.182837309,3019730,450
5.184931423,3020740,1010
5.184931423,3021174,434
5.187025537,3022200,1026
5.187025537,3022618,418
5.189119651,3023660,1042
5.189119651,3024062,402
5.191301981,3025120,1058
5.191301981,3025506,386
5.193396095,3026580,1074
5.193396095,3026950,370
5.195490209,3028040,1090
5.195490209,3028394,354
5.197584323,3029500,1106
5.197584323,3029838,338
5.199678437,3030960,1122
5.199678437,3031282,322
5.201772551,3032420,1138
5.201772551,3032726,306
5.203948095,3033880,1154
5.203948095,3034170,290
5.206042209,3035340,1170
5.206042209,3035614,274
5.208136323,3036800,1186
5.208136323,3037058,258
5.210230837,3038260,1202
5.210230837,3038502,242
5.212331336,3039720,1218
5.212331336,3039946,226
5.214506880,3041180,1234
5.214506880,3041390,210
5.216600994,3042640,1250
5.216600994,3042834,194
5.218695108,3044100,1266
5.218695108,3044278,178
5.220789222,3045560,1282
5.220789222,3045722,162
5.222883336,3047020,1298
5.222883336,3047166,146
5.224977450,3048480,1314
5.224977450,3048610,130
5.227071564,3049940,1330
5.227071564,3050054,114
5.229165678,3051400,1346
5.229165678,3051498,98
5.231348008,3052860,1362
5.231348008,3052942,82
5.233442122,3054320,1378
5.233442122,3054386,66
5.235536156,3055780,1394
5.235536156,3055830,50
5.237628912,3057240,1410
5.237628912,3057274,34
5.239721668,3058700,1426
5.239721668,3058718,18
5.241895854,3060160,1442
5.241895854,3060162,2
5.243988690,3061614,1452
5.246082804,3061620,6
5.246082804,3063059,1439
5.248176918,3063080,21
5.248176918,3064504,1424
5.250271432,3064540,36
5.250271432,3065949,1409
5.252721076,3066000,51
5.252721076,3067394,1394
5.255163207,3067460,66
5.255163207,3068838,1378
5.257605338,3068920,82
5.257605338,3070282,1362
5.260142432,3070380,98
5.260142432,3071726,1346
5.262584563,3071840,114
5.262584563,3073170,1330
5.265026694,3073300,130
5.265026694,3074614,1314
5.267468825,3074760,146
5.267468825,3076058,1298
5.269910956,3076220,162
5.269910956,3077502,1282
5.272448450,3077680,178
5.272448450,3078946,1266
5.274898094,3079140,194
5.274898094,3080390,1250
5.277340225,3080600,210
5.277340225,3081834,1234
5.279782356,3082060,226
5.279782356,3083278,1218
5.282224487,3083520,242
5.282224487,3084722,1202
5.284666618,3084980,258
5.284666618,3086166,1186
5.287108749,3086440,274
5.287108749,3087610,1170
5.289645843,3087900,290
5.289645843,3089054,1154
5.292087974,3089360,306
5.292087974,3090498,1138
5.294530105,3090820,322
5.294530105,3091942,1122
5.296972636,3092280,338
5.296972636,3093386,1106
5.299422280,3093740,354
5.299422280,3094830,1090
5.301864411,3095200,370
5.301864411,3096274,1074
5.304401505,3096660,386
5.304401505,3097718,1058
5.306843636,3098120,402
5.306843636,3099162,1042
5.309285767,3099580,418
5.309285767,3100606,1026
5.311727898,3101040,434
5.311727898,3102050,1010
5.314170029,3102500,450
5.314170029,3103494,994
5.316707123,3103960,466
5.316707123,3104938,978
5.319149654,3105420,482
5.319149654,3106382,962
5.321599298,3106880,498
5.321599298,3107826,946
5.324041429,3108340,514
5.324041429,3109270,930
5.326483560,3109800,530
5.326483560,3110714,914
5.328925691,3111260,546
5.328925691,3112158,898
5.331367822,3112720,562
5.331367822,3113602,882
5.333809953,3114180,578
5.333809953,3115046,866
5.336347047,3115640,594
5.336347047,3116490,850
5.338789178,3117100,610
5.338789178,3117934,834
5.341231309,3118560,626
5.341231309,3119378,818
5.343673840,3120020,642
5.343673840,3120822,802
5.346123484,3121480,658
5.346123484,3122266,786
5.348565615,3122940,674
5.348565615,3123710,770
5.351102709,3124400,690
5.351102709,3125154,754
5.353471879,3125860,706
5.353471879,3126598,738
5.355841049,3127320,722
5.355841049,3128042,722
5.358210219,3128780,738
5.358210219,3129486,706
5.360579389,3130240,754
5.360579389,3130930,690
5.362948559,3131700,770
5.362948559,3132374,674
5.365317729,3133160,786
5.365317729,3133818,658
5.367687299,3134620,802
5.367687299,3135262,642
5.370155871,3136080,818
5.370155871,3136706,626
5.372525041,3137540,834
5.372525041,3138150,610
5.374894211,3139000,850
5.374894211,3139594,594
5.377263381,3140460,866
5.377263381,3141038,578
5.379632551,3141920,882
5.379632551,3142482,562
5.382093846,3143380,898
5.382093846,3143926,546
5.384463016,3144840,914
5.384463016,3145370,530
5.386832186,3146300,930
5.386832186,3146814,514
5.389201756,3147760,946
5.389201756,3148258,498
5.391578203,3149220,962
5.391578203,3149702,482
5.394039498,3150680,978
5.394039498,3151146,466
5.396408668,3152140,994
5.396408668,3152590,450
5.398777838,3153600,1010
5.398777838,3154034,434
5.401147008,3155060,1026
5.401147008,3155478,418
5.403516178,3156520,1042
5.403516178,3156922,402
5.405885348,3157980,1058
5.405885348,3158366,386
5.408254518,3159440,1074
5.408254518,3159810,370
5.410623688,3160900,1090
5.410623688,3161254,354
5.413092661,3162360,1106
5.413092661,3162698,338
5.415461831,3163820,1122
5.415461831,3164142,322
5.417831001,3165280,1138
5.417831001,3165586,306
5.420200171,3166740,1154
5.420200171,3167030,290
5.422569341,3168200,1170
5.422569341,3168474,274
5.425030636,3169660,1186
5.425030636,3169918,258
5.427399806,3171120,1202
5.427399806,3171362,242
5.429768976,3172580,1218
5.429768976,3172806,226
5.432138146,3174040,1234
5.432138146,3174250,210
5.434507716,3175500,1250
5.434507716,3175694,194
5.436884163,3176960,1266
5.436884163,3177138,178
5.439253333,3178420,1282
5.439253333,3178582,162
5.441622503,3179880,1298
5.441622503,3180026,146
5.444083798,3181340,1314
5.444083798,3181470,130
5.446452968,3182800,1330
5.446452968,3182914,114
5.448822138,3184260,1346
5.448822138,3184358,98
5.451191308,3185720,1362
5.451191308,3185802,82
5.453442727,3187180,1378
5.453442727,3187246,66
5.455782013,3188640,1394
5.455782013,3188690,50
5.458038869,3190100,1410
5.458038869,3190134,34
5.460288829,3191560,1426
5.460288829,3191578,18
5.462538789,3193020,1442
5.462538789,3193022,2
5.464788829,3194474,1452
5.467040248,3194480,6
5.467040248,3195919,1439
5.469291667,3195940,21
5.469291667,3197364,1424
5.471543086,3197400,36
5.471543086,3198809,1409
5.473882052,3198860,51
5.473882052,3200254,1394
5.476133471,3200320,66
5.476133471,3201698,1378
5.478385290,3201780,82
5.478385290,3203142,1362
5.480643605,3203240,98
5.480643605,3204586,1346
5.482895024,3204700,114
5.482895024,3206030,1330
5.485233990,3206160,130
5.485233990,3207474,1314
5.487485409,3207620,146
5.487485409,3208918,1298
5.489736828,3209080,162
5.489736828,3210362,1282
5.491988247,3210540,178
5.491988247,3211806,1266
5.494239666,3212000,194
5.494239666,3213250,1250
5.496578632,3213460,210
5.496578632,3214694,1234
5.498830451,3214920,226
5.498830451,3216138,1218
5.501088766,3216380,242
5.501088766,3217582,1202
5.503340185,3217840,258
5.503340185,3219026,1186
5.505591604,3219300,274
5.505591604,3220470,1170
5.507843023,3220760,290
5.507843023,3221914,1154
5.510094442,3222220,306
5.510094442,3223358,1138
5.512345861,3223680,322
5.512345861,3224802,1122
5.514684827,3225140,338
5.514684827,3226246,1106
5.516936246,3226600,354
5.516936246,3227690,1090
5.519187665,3228060,370
5.519187665,3229134,1074
5.521439484,3229520,386
5.521439484,3230578,1058
5.523697799,3230980,402
5.523697799,3232022,1042
5.526036765,3232440,418
5.526036765,3233466,1026
5.528288184,3233900,434
5.528288184,3234910,1010
5.530539603,3235360,450
5.530539603,3236354,994
5.532791022,3236820,466
5.532791022,3237798,978
5.535042441,3238280,482
5.535042441,3239242,962
5.537293860,3239740,498
5.537293860,3240686,946
5.539545279,3241200,514
5.539545279,3242130,930
5.541796698,3242660,530
5.541796698,3243574,914
5.544142959,3244120,546
5.544142959,3245018,898
5.546394378,3245580,562
5.546394378,3246462,882
5.548645797,3247040,578
5.548645797,3247906,866
5.550897216,3248500,594
5.550897216,3249350,850
5.553349751,3249960,610
5.553349751,3250794,834
5.555897653,3251420,626
5.555897653,3252238,818
5.558350188,3252880,642
5.558350188,3253682,802
5.560802723,3254340,658
5.560802723,3255126,786
5.563255258,3255800,674
5.563255258,3256570,770
5.565708193,3257260,690
5.565708193,3258014,754
5.568168276,3258720,706
5.568168276,3259458,738
5.570620811,3260180,722
5.570620811,3260902,722
5.573168713,3261640,738
5.573168713,3262346,706
5.575621248,3263100,754
5.575621248,3263790,690
5.578073783,3264560,770
5.578073783,3265234,674
5.580526318,3266020,786
5.580526318,3266678,658
5.582978853,3267480,802
5.582978853,3268122,642
5.585431388,3268940,818
5.585431388,3269566,626
5.587979690,3270400,834
5.587979690,3271010,610
5.590439773,3271860,850
5.590439773,3272454,594
5.592892308,3273320,866
5.592892308,3273898,578
5.595344843,3274780,882
5.595344843,3275342,562
5.597797378,3276240,898
5.597797378,3276786,546
5.600345280,3277700,914
5.600345280,3278230,530
5.602797815,3279160,930
5.602797815,3279674,514
5.605250350,3280620,946
5.605250350,3281118,498
5.607702885,3282080,962
5.607702885,3282562,482
5.610155420,3283540,978
5.610155420,3284006,466
5.612608355,3285000,994
5.612608355,3285450,450
5.615068438,3286460,1010
5.615068438,3286894,434
5.617520973,3287920,1026
5.617520973,3288338,418
5.620068875,3289380,1042
5.620068875,3289782,402
5.622521410,3290840,1058
5.622521410,3291226,386
5.624973945,3292300,1074
5.624973945,3292670,370
5.627426480,3293760,1090
5.627426480,3294114,354
5.629879015,3295220,1106
5.629879015,3295558,338
5.632426917,3296680,1122
5.632426917,3297002,322
5.634879852,3298140,1138
5.634879852,3298446,306
5.637339935,3299600,1154
5.637339935,3299890,290
5.639792470,3301060,1170
5.639792470,3301334,274
5.642245005,3302520,1186
5.642245005,3302778,258
5.644697540,3303980,1202
5.644697540,3304222,242
5.647150075,3305440,1218
5.647150075,3305666,226
5.649602610,3306900,1234
5.649602610,3307110,210
5.652150512,3308360,1250
5.652150512,3308554,194
5.654520664,3309820,1266
5.654520664,3309998,178
5.656890816,3311280,1282
5.656890816,3311442,162
5.659261368,3312740,1298
5.659261368,3312886,146
5.661638801,3314200,1314
5.661638801,3314330,130
5.664101117,3315660,1330
5.664101117,3315774,114
5.666471269,3317120,1346
5.666471269,3317218,98
5.668841421,3318580,1362
5.668841421,3318662,82
5.671211573,3320040,1378
5.671211573,3320106,66
5.673581645,3321500,1394
5.673581645,3321550,50
5.675950261,3322960,1410
5.675950261,3322994,34
5.678318877,3324420,1426
5.678318877,3324438,18
5.680780057,3325880,1442
5.680780057,3325882,2
5.683156034,3327334,1452
5.685526186,3327340,6
5.685526186,3328779,1439
5.687896338,3328800,21
5.687896338,3330224,1424
5.690266490,3330260,36
5.690266490,3331669,1409
5.692636642,3331720,51
5.692636642,3333114,1394
5.695098958,3333180,66
5.695098958,3334558,1378
5.697469110,3334640,82
5.697469110,3336002,1362
5.699839262,3336100,98
5.699839262,3337446,1346
5.702209414,3337560,114
5.702209414,3338890,1330
5.704579966,3339020,130
5.704579966,3340334,1314
5.707049563,3340480,146
5.707049563,3341778,1298
5.709419715,3341940,162
5.709419715,3343222,1282
5.711789867,3343400,178
5.711789867,3344666,1266
5.714160019,3344860,194
5.714160019,3346110,1250
5.716530171,3346320,210
5.716530171,3347554,1234
5.718900323,3347780,226
5.718900323,3348998,1218
5.721270475,3349240,242
5.721270475,3350442,1202
5.723640627,3350700,258
5.723640627,3351886,1186
5.726103343,3352160,274
5.726103343,3353330,1170
5.728480776,3353620,290
5.728480776,3354774,1154
5.730850928,3355080,306
5.730850928,3356218,1138
5.733221080,3356540,322
5.733221080,3357662,1122
5.735591232,3358000,338
5.735591232,3359106,1106
5.738053548,3359460,354
5.738053548,3360550,1090
5.740423700,3360920,370
5.740423700,3361994,1074
5.742793852,3362380,386
5.742793852,3363438,1058
5.745164004,3363840,402
5.745164004,3364882,1042
5.747534156,3365300,418
5.747534156,3366326,1026
5.749904708,3366760,434
5.749904708,3367770,1010
5.752282141,3368220,450
5.752282141,3369214,994
5.754403344,3369680,466
5.754403344,3370658,978
5.756607030,3371140,482
5.756607030,3372102,962
5.758728233,3372600,498
5.758728233,3373546,946
5.760849436,3374060,514
5.760849436,3374990,930
5.762970639,3375520,530
5.762970639,3376434,914
5.765091842,3376980,546
5.765091842,3377878,898
5.767295528,3378440,562
5.767295528,3379322,882
5.769417131,3379900,578
5.769417131,3380766,866
5.771544808,3381360,594
5.771544808,3382210,850
5.773666011,3382820,610
5.773666011,3383654,834
5.775787214,3384280,626
5.775787214,3385098,818
5.777990900,3385740,642
5.777990900,3386542,802
5.780112103,3387200,658
5.780112103,3387986,786
5.782233306,3388660,674
5.782233306,3389430,770
5.784354509,3390120,690
5.784354509,3390874,754
5.786475712,3391580,706
5.786475712,3392318,738
5.788596915,3393040,722
5.788596915,3393762,722
5.790718518,3394500,738
5.790718518,3395206,706
5.792846195,3395960,754
5.792846195,3396650,690
5.795049881,3397420,770
5.795049881,3398094,674
5.797171084,3398880,786
5.797171084,3399538,658
5.799292287,3400340,802
5.799292287,3400982,642
5.801413490,3401800,818
5.801413490,3402426,626
5.803534693,3403260,834
5.803534693,3403870,610
5.805738379,3404720,850
5.805738379,3405314,594
5.807859582,3406180,866
5.807859582,3406758,578
5.809981185,3407640,882
5.809981185,3408202,562
5.812108862,3409100,898
5.812108862,3409646,546
5.814230065,3410560,914
5.814230065,3411090,530
5.816351268,3412020,930
5.816351268,3412534,514
5.818472471,3413480,946
5.818472471,3413978,498
5.820593674,3414940,962
5.820593674,3415422,482
5.822797360,3416400,978
5.822797360,3416866,466
5.824918563,3417860,994
5.824918563,3418310,450
5.827039766,3419320,1010
5.827039766,3419754,434
5.829160969,3420780,1026
5.829160969,3421198,418
5.831282572,3422240,1042
5.831282572,3422642,402
5.833492732,3423700,1058
5.833492732,3424086,386
5.835613935,3425160,1074
5.835613935,3425530,370
5.837735138,3426620,1090
5.837735138,3426974,354
5.839856341,3428080,1106
5.839856341,3428418,338
5.841977544,3429540,1122
5.841977544,3429862,322
5.844098747,3431000,1138
5.844098747,3431306,306
5.846219950,3432460,1154
5.846219950,3432750,290
5.848341153,3433920,1170
5.848341153,3434194,274
5.850462356,3435380,1186
5.850462356,3435638,258
5.852616327,3436840,1202
5.852616327,3437082,242
5.854683229,3438300,1218
5.854683229,3438526,226
5.856750131,3439760,1234
5.856750131,3439970,210
5.858817033,3441220,1250
5.858817033,3441414,194
5.860883935,3442680,1266
5.860883935,3442858,178
5.863031209,3444140,1282
5.863031209,3444302,162
5.865098111,3445600,1298
5.865098111,3445746,146
5.867165013,3447060,1314
5.867165013,3447190,130
5.869231915,3448520,1330
5.869231915,3448634,114
5.871299217,3449980,1346
5.871299217,3450078,98
5.873452789,3451440,1362
5.873452789,3451522,82
5.875519691,3452900,1378
5.875519691,3452966,66
5.877586513,3454360,1394
5.877586513,3454410,50
5.879652076,3455820,1410
5.879652076,3455854,34
5.881717639,3457280,1426
5.881717639,3457298,18
5.883783202,3458740,1442
5.883783202,3458742,2
5.885848845,3460194,1452
5.887915747,3460200,6
5.887915747,3461639,1439
5.890063421,3461660,21
5.890063421,3463084,1424
5.892136621,3463120,36
5.892136621,3464529,1409
5.894203523,3464580,51
5.894203523,3465974,1394
5.896270425,3466040,66
5.896270425,3467418,1378
5.898337327,3467500,82
5.898337327,3468862,1362
5.900484601,3468960,98
5.900484601,3470306,1346
5.902551503,3470420,114
5.902551503,3471750,1330
5.904618405,3471880,130
5.904618405,3473194,1314
5.906685307,3473340,146
5.906685307,3474638,1298
5.908752209,3474800,162
5.908752209,3476082,1282
5.910819511,3476260,178
5.910819511,3477526,1266
5.912892711,3477720,194
5.912892711,3478970,1250
5.914959613,3479180,210
5.914959613,3480414,1234
5.917106887,3480640,226
5.917106887,3481858,1218
5.919173789,3482100,242
5.919173789,3483302,1202
5.921240691,3483560,258
5.921240691,3484746,1186
5.923307593,3485020,274
5.923307593,3486190,1170
5.925374495,3486480,290
5.925374495,3487634,1154
5.927521769,3487940,306
5.927521769,3489078,1138
5.929589071,3489400,322
5.929589071,3490522,1122
5.931662271,3490860,338
5.931662271,3491966,1106
5.933729173,3492320,354
5.933729173,3493410,1090
5.935796075,3493780,370
5.935796075,3494854,1074
5.937862977,3495240,386
5.937862977,3496298,1058
5.939929879,3496700,402
5.939929879,3497742,1042
5.942077153,3498160,418
5.942077153,3499186,1026
5.944144055,3499620,434
5.944144055,3500630,1010
5.946210957,3501080,450
5.946210957,3502074,994
5.948277859,3502540,466
5.948277859,3503518,978
5.950345161,3504000,482
5.950345161,3504962,962
5.952645942,3505460,498
5.952645942,3506406,946
5.955028883,3506920,514
5.955028883,3507850,930
5.957322631,3508380,530
5.957322631,3509294,914
5.959616379,3509840,546
5.959616379,3510738,898
5.961910127,3511300,562
5.961910127,3512182,882
5.964203875,3512760,578
5.964203875,3513626,866
5.966586816,3514220,594
5.966586816,3515070,850
5.968880564,3515680,610
5.968880564,3516514,834
5.971174712,3517140,626
5.971174712,3517958,818
5.973475493,3518600,642
5.973475493,3519402,802
5.975769241,3520060,658
5.975769241,3520846,786
5.978062989,3521520,674
5.978062989,3522290,770
5.980356737,3522980,690
5.980356737,3523734,754
5.982650485,3524440,706
5.982650485,3525178,738
5.985033426,3525900,722
5.985033426,3526622,722
5.987327174,3527360,738
5.987327174,3528066,706
5.989620922,3528820,754
5.989620922,3529510,690
5.991914670,3530280,770
5.991914670,3530954,674
5.994208818,3531740,786
5.994208818,3532398,658
5.996598792,3533200,802
5.996598792,3533842,642
5.998892540,3534660,818
5.998892540,3535286,626
6.001186288,3536120,834
6.001186288,3536730,610
6.003480036,3537580,850
6.003480036,3538174,594
6.005773784,3539040,866
6.005773784,3539618,578
6.008067532,3540500,882
6.008067532,3541062,562
6.010361280,3541960,898
6.010361280,3542506,546
6.012655028,3543420,914
6.012655028,3543950,530
6.015038369,3544880,930
6.015038369,3545394,514
6.017339150,3546340,946
6.017339150,3546838,498
6.019632898,3547800,962
6.019632898,3548282,482
6.021926646,3549260,978
6.021926646,3549726,466
6.024220394,3550720,994
6.024220394,3551170,450
6.026603335,3552180,1010
6.026603335,3552614,434
6.028897083,3553640,1026
6.028897083,3554058,418
6.031190831,3555100,1042
6.031190831,3555502,402
6.033484579,3556560,1058
6.033484579,3556946,386
6.035778327,3558020,1074
6.035778327,3558390,370
6.038168700,3559480,1090
6.038168700,3559834,354
6.040462448,3560940,1106
6.040462448,3561278,338
6.042756196,3562400,1122
6.042756196,3562722,322
6.045049944,3563860,1138
6.045049944,3564166,306
6.047343692,3565320,1154
6.047343692,3565610,290
6.049637440,3566780,1170
6.049637440,3567054,274
6.051931188,3568240,1186
6.051931188,3568498,258
6.054005361,3569700,1202
6.054005361,3569942,242
6.056160188,3571160,1218
6.056160188,3571386,226
6.058234761,3572620,1234
6.058234761,3572830,210
6.060315255,3574080,1250
6.060315255,3574274,194
6.062389428,3575540,1266
6.062389428,3575718,178
6.064463601,3577000,1282
6.064463601,3577162,162
6.066618428,3578460,1298
6.066618428,3578606,146
6.068692601,3579920,1314
6.068692601,3580050,130
6.070766774,3581380,1330
6.070766774,3581494,114
6.072840947,3582840,1346
6.072840947,3582938,98
6.074915120,3584300,1362
6.074915120,3584382,82
6.076989293,3585760,1378
6.076989293,3585826,66
6.079063786,3587220,1394
6.079063786,3587270,50
6.081142936,3588680,1410
6.081142936,3588714,34
6.083296418,3590140,1426
6.083296418,3590158,18
6.085369246,3591600,1442
6.085369246,3591602,2
6.087442154,3593054,1452
6.089516327,3593060,6
6.089516327,3594499,1439
6.091590500,3594520,21
6.091590500,3595944,1424
6.093745327,3595980,36
6.093745327,3597389,1409
6.095819500,3597440,51
6.095819500,3598834,1394
6.097894073,3598900,66
6.097894073,3600278,1378
6.099974567,3600360,82
6.099974567,3601722,1362
6.102048740,3601820,98
6.102048740,3603166,1346
6.104122913,3603280,114
6.104122913,3604610,1330
6.106197086,3604740,130
6.106197086,3606054,1314
6.108271259,3606200,146
6.108271259,3607498,1298
6.110426086,3607660,162
6.110426086,3608942,1282
6.112500259,3609120,178
6.112500259,3610386,1266
6.114574432,3610580,194
6.114574432,3611830,1250
6.116648605,3612040,210
6.116648605,3613274,1234
6.118723178,3613500,226
6.118723178,3614718,1218
6.120884326,3614960,242
6.120884326,3616162,1202
6.122958499,3616420,258
6.122958499,3617606,1186
6.125032672,3617880,274
6.125032672,3619050,1170
6.127106845,3619340,290
6.127106845,3620494,1154
6.129181018,3620800,306
6.129181018,3621938,1138
6.131335845,3622260,322
6.131335845,3623382,1122
6.133410018,3623720,338
6.133410018,3624826,1106
6.135484191,3625180,354
6.135484191,3626270,1090
6.137558764,3626640,370
6.137558764,3627714,1074
6.139639258,3628100,386
6.139639258,3629158,1058
6.141713431,3629560,402
6.141713431,3630602,1042
6.143787604,3631020,418
6.143787604,3632046,1026
6.145861777,3632480,434
6.145861777,3633490,1010
6.148016604,3633940,450
6.148016604,3634934,994
6.150090777,3635400,466
6.150090777,3636378,978
6.152512576,3636860,482
6.152512576,3637822,962
6.154943864,3638320,498
6.154943864,3639266,946
6.157375152,3639780,514
6.157375152,3640710,930
6.159908859,3641240,530
6.159908859,3642154,914
6.162340147,3642700,546
6.162340147,3643598,898
6.164771435,3644160,562
6.164771435,3645042,882
6.167202723,3645620,578
6.167202723,3646486,866
6.169634011,3647080,594
6.169634011,3647930,850
6.172065299,3648540,610
6.172065299,3649374,834
6.174496587,3650000,626
6.174496587,3650818,818
6.176927875,3651460,642
6.176927875,3652262,802
6.179453704,3652920,658
6.179453704,3653706,786
6.181885392,3654380,674
6.181885392,3655150,770
6.184324158,3655840,690
6.184324158,3656594,754
6.186755446,3657300,706
6.186755446,3658038,738
6.189186734,3658760,722
6.189186734,3659482,722
6.191712563,3660220,738
6.191712563,3660926,706
6.194143851,3661680,754
6.194143851,3662370,690
6.196575139,3663140,770
6.196575139,3663814,674
6.199006427,3664600,786
6.199006427,3665258,658
6.201437715,3666060,802
6.201437715,3666702,642
6.203869003,3667520,818
6.203869003,3668146,626
6.206300691,3668980,834
6.206300691,3669590,610
6.208739457,3670440,850
6.208739457,3671034,594
6.211265286,3671900,866
6.211265286,3672478,578
6.213696574,3673360,882
6.213696574,3673922,562
6.216127862,3674820,898
6.216127862,3675366,546
6.218559150,3676280,914
6.218559150,3676810,530
6.220990438,3677740,930
6.220990438,3678254,514
6.223516267,3679200,946
6.223516267,3679698,498
6.225947555,3680660,962
6.225947555,3681142,482
6.228379243,3682120,978
6.228379243,3682586,466
6.230818009,3683580,994
6.230818009,3684030,450
6.233249297,3685040,1010
6.233249297,3685474,434
6.235775126,3686500,1026
6.235775126,3686918,418
6.238206414,3687960,1042
6.238206414,3688362,402
6.240637702,3689420,1058
6.240637702,3689806,386
6.243068990,3690880,1074
6.243068990,3691250,370
6.245500278,3692340,1090
6.245500278,3692694,354
6.247931566,3693800,1106
6.247931566,3694138,338
6.250362854,3695260,1122
6.250362854,3695582,322
6.252452721,3696720,1138
6.252452721,3697026,306
6.254629808,3698180,1154
6.254629808,3698470,290
6.256719275,3699640,1170
6.256719275,3699914,274
6.258808742,3701100,1186
6.258808742,3701358,258
6.260898209,3702560,1202
6.260898209,3702802,242
6.262987676,3704020,1218
6.262987676,3704246,226
6.265158392,3705480,1234
6.265158392,3705690,210
6.267247859,3706940,1250
6.267247859,3707134,194
6.269337326,3708400,1266
6.269337326,3708578,178
6.271427193,3709860,1282
6.271427193,3710022,162
6.273523031,3711320,1298
6.273523031,3711466,146
6.275612498,3712780,1314
6.275612498,3712910,130
6.277701965,3714240,1330
6.277701965,3714354,114
6.279791432,3715700,1346
6.279791432,3715798,98
6.281962148,3717160,1362
6.281962148,3717242,82
6.284051615,3718620,1378
6.284051615,3718686,66
6.286141002,3720080,1394
6.286141002,3720130,50
6.288229115,3721540,1410
6.288229115,3721574,34
6.290317228,3723000,1426
6.290317228,3723018,18
6.292493361,3724460,1442
6.292493361,3724462,2
6.294581554,3725914,1452
6.296671021,3725920,6
6.296671021,3727359,1439
6.298760488,3727380,21
6.298760488,3728804,1424
6.300849955,3728840,36
6.300849955,3730249,1409
6.302939422,3730300,51
6.302939422,3731694,1394
6.305028889,3731760,66
6.305028889,3733138,1378
6.307118356,3733220,82
6.307118356,3734582,1362
6.309207823,3734680,98
6.309207823,3736026,1346
6.311378939,3736140,114
6.311378939,3737470,1330
6.313474777,3737600,130
6.313474777,3738914,1314
6.315564244,3739060,146
6.315564244,3740358,1298
6.317653711,3740520,162
6.317653711,3741802,1282
6.319743178,3741980,178
6.319743178,3743246,1266
6.321913894,3743440,194
6.321913894,3744690,1250
6.324003361,3744900,210
6.324003361,3746134,1234
6.326092828,3746360,226
6.326092828,3747578,1218
6.328182295,3747820,242
6.328182295,3749022,1202
6.330271762,3749280,258
6.330271762,3750466,1186
6.332449249,3750740,274
6.332449249,3751910,1170
6.334538716,3752200,290
6.334538716,3753354,1154
6.336628183,3753660,306
6.336628183,3754798,1138
6.338717650,3755120,322
6.338717650,3756242,1122
6.340807117,3756580,338
6.340807117,3757686,1106
6.342896584,3758040,354
6.342896584,3759130,1090
6.344986051,3759500,370
6.344986051,3760574,1074
6.347075518,3760960,386
6.347075518,3762018,1058
6.349246234,3762420,402
6.349246234,3763462,1042
6.351336101,3763880,418
6.351336101,3764906,1026
6.353450859,3765340,434
6.353450859,3766350,1010
6.355559185,3766800,450
6.355559185,3767794,994
6.357667511,3768260,466
6.357667511,3769238,978
6.359857819,3769720,482
6.359857819,3770682,962
6.361966145,3771180,498
6.361966145,3772126,946
6.364074471,3772640,514
6.364074471,3773570,930
6.366182797,3774100,530
6.366182797,3775014,914
6.368291123,3775560,546
6.368291123,3776458,898
6.370399449,3777020,562
6.370399449,3777902,882
6.372508175,3778480,578
6.372508175,3779346,866
6.374622933,3779940,594
6.374622933,3780790,850
6.376813241,3781400,610
6.376813241,3782234,834
6.378921567,3782860,626
6.378921567,3783678,818
6.381029893,3784320,642
6.381029893,3785122,802
6.383138219,3785780,658
6.383138219,3786566,786
6.385246545,3787240,674
6.385246545,3788010,770
6.387436853,3788700,690
6.387436853,3789454,754
6.389545179,3790160,706
6.389545179,3790898,738
6.391653905,3791620,722
6.391653905,3792342,722
6.393768663,3793080,738
6.393768663,3793786,706
6.395876989,3794540,754
6.395876989,3795230,690
6.398067297,3796000,770
6.398067297,3796674,674
6.400175623,3797460,786
6.400175623,3798118,658
6.402283949,3798920,802
6.402283949,3799562,642
6.404392275,3800380,818
6.404392275,3801006,626
6.406500601,3801840,834
6.406500601,3802450,610
6.408608927,3803300,850
6.408608927,3803894,594
6.410717253,3804760,866
6.410717253,3805338,578
6.412825979,3806220,882
6.412825979,3806782,562
6.415022719,3807680,898
6.415022719,3808226,546
6.417131045,3809140,914
6.417131045,3809670,530
6.419239371,3810600,930
6.419239371,3811114,514
6.421347697,3812060,946
6.421347697,3812558,498
6.423456023,3813520,962
6.423456023,3814002,482
6.425646331,3814980,978
6.425646331,3815446,466
6.427754657,3816440,994
6.427754657,3816890,450
6.429862983,3817900,1010
6.429862983,3818334,434
6.431971709,3819360,1026
6.431971709,3819778,418
6.434086467,3820820,1042
6.434086467,3821222,402
6.436194793,3822280,1058
6.436194793,3822666,386
6.438303119,3823740,1074
6.438303119,3824110,370
6.440411445,3825200,1090
6.440411445,3825554,354
6.442601753,3826660,1106
6.442601753,3826998,338
6.444710079,3828120,1122
6.444710079,3828442,322
6.446818405,3829580,1138
6.446818405,3829886,306
6.448926731,3831040,1154
6.448926731,3831330,290
6.451035057,3832500,1170
6.451035057,3832774,274
6.453291734,3833960,1186
6.453291734,3834218,258
6.455457190,3835420,1202
6.455457190,3835662,242
6.457622646,3836880,1218
6.457622646,3837106,226
6.459788102,3838340,1234
6.459788102,3838550,210
6.461953558,3839800,1250
6.461953558,3839994,194
6.464119014,3841260,1266
6.464119014,3841438,178
6.466284470,3842720,1282
6.466284470,3842882,162
6.468449926,3844180,1298
6.468449926,3844326,146
6.470699586,3845640,1314
6.470699586,3845770,130
6.472865442,3847100,1330
6.472865442,3847214,114
6.475037515,3848560,1346
6.475037515,3848658,98
6.477202971,3850020,1362
6.477202971,3850102,82
6.479368427,3851480,1378
6.479368427,3851546,66
6.481618007,3852940,1394
6.481618007,3852990,50
6.483782060,3854400,1410
6.483782060,3854434,34
6.485946113,3855860,1426
6.485946113,3855878,18
6.488110166,3857320,1442
6.488110166,3857322,2
6.490274299,3858774,1452
6.492524359,3858780,6
6.492524359,3860219,1439
6.494696432,3860240,21
6.494696432,3861664,1424
6.496861888,3861700,36
6.496861888,3863109,1409
6.499027344,3863160,51
6.499027344,3864554,1394
6.501192800,3864620,66
6.501192800,3865998,1378
6.503358256,3866080,82
6.503358256,3867442,1362
6.505523712,3867540,98
6.505523712,3868886,1346
6.507689168,3869000,114
6.507689168,3870330,1330
6.509938828,3870460,130
6.509938828,3871774,1314
6.512104284,3871920,146
6.512104284,3873218,1298
6.514270140,3873380,162
6.514270140,3874662,1282
6.516442213,3874840,178
6.516442213,3876106,1266
6.518607669,3876300,194
6.518607669,3877550,1250
6.520857329,3877760,210
6.520857329,3878994,1234
6.523022785,3879220,226
6.523022785,3880438,1218
6.525188241,3880680,242
6.525188241,3881882,1202
6.527353697,3882140,258
6.527353697,3883326,1186
6.529519153,3883600,274
6.529519153,3884770,1170
6.531684609,3885060,290
6.531684609,3886214,1154
6.533850065,3886520,306
6.533850065,3887658,1138
6.536015921,3887980,322
6.536015921,3889102,1122
6.538272198,3889440,338
6.538272198,3890546,1106
6.540437654,3890900,354
6.540437654,3891990,1090
6.542603110,3892360,370
6.542603110,3893434,1074
6.544768566,3893820,386
6.544768566,3894878,1058
6.546934022,3895280,402
6.546934022,3896322,1042
6.549183682,3896740,418
6.549183682,3897766,1026
6.551349138,3898200,434
6.551349138,3899210,1010
6.553718407,3899660,450
6.553718407,3900654,994
6.556088076,3901120,466
6.556088076,3902098,978
6.558464622,3902580,482
6.558464622,3903542,962
6.560833891,3904040,498
6.560833891,3904986,946
6.563203160,3905500,514
6.563203160,3906430,930
6.565572429,3906960,530
6.565572429,3907874,914
6.568033827,3908420,546
6.568033827,3909318,898
6.570403096,3909880,562
6.570403096,3910762,882
6.572772365,3911340,578
6.572772365,3912206,866
6.575141634,3912800,594
6.575141634,3913650,850
6.577510903,3914260,610
6.577510903,3915094,834
6.579979979,3915720,626
6.579979979,3916538,818
6.582349248,3917180,642
6.582349248,3917982,802
6.584718517,3918640,658
6.584718517,3919426,786
6.587087786,3920100,674
6.587087786,3920870,770
6.589457055,3921560,690
6.589457055,3922314,754
6.591918453,3923020,706
6.591918453,3923758,738
6.594287722,3924480,722
6.594287722,3925202,722
6.596656991,3925940,738
6.596656991,3926646,706
6.599026260,3927400,754
6.599026260,3928090,690
6.601395929,3928860,770
6.601395929,3929534,674
6.603772475,3930320,786
6.603772475,3930978,658
6.606141744,3931780,802
6.606141744,3932422,642
6.608511013,3933240,818
6.608511013,3933866,626
6.610972411,3934700,834
6.610972411,3935310,610
6.613341680,3936160,850
6.613341680,3936754,594
6.615710949,3937620,866
6.615710949,3938198,578
6.618080218,3939080,882
6.618080218,3939642,562
6.620449487,3940540,898
6.620449487,3941086,546
6.622911285,3942000,914
6.622911285,3942530,530
6.625287831,3943460,930
6.625287831,3943974,514
6.627657100,3944920,946
6.627657100,3945418,498
6.630026369,3946380,962
6.630026369,3946862,482
6.632395638,3947840,978
6.632395638,3948306,466
6.634764907,3949300,994
6.634764907,3949750,450
6.637134176,3950760,1010
6.637134176,3951194,434
6.639503445,3952220,1026
6.639503445,3952638,418
6.641964843,3953680,1042
6.641964843,3954082,402
6.644334112,3955140,1058
6.644334112,3955526,386
6.646703781,3956600,1074
6.646703781,3956970,370
6.649080327,3958060,1090
6.649080327,3958414,354
6.651449596,3959520,1106
6.651449596,3959858,338
6.653707958,3960980,1122
6.653707958,3961302,322
6.655881790,3962440,1138
6.655881790,3962746,306
6.658055622,3963900,1154
6.658055622,3964190,290
6.660229454,3965360,1170
6.660229454,3965634,274
6.662403286,3966820,1186
6.662403286,3967078,258
6.664577118,3968280,1202
6.664577118,3968522,242
6.666750950,3969740,1218
6.666750950,3969966,226
6.668925182,3971200,1234
6.668925182,3971410,210
6.671190188,3972660,1250
6.671190188,3972854,194
6.673364020,3974120,1266
6.673364020,3974298,178
6.675537852,3975580,1282
6.675537852,3975742,162
6.677711684,3977040,1298
6.677711684,3977186,146
6.679885516,3978500,1314
6.679885516,3978630,130
6.682143878,3979960,1330
6.682143878,3980074,114
6.684317710,3981420,1346
6.684317710,3981518,98
6.686491542,3982880,1362
6.686491542,3982962,82
6.688665774,3984340,1378
6.688665774,3984406,66
6.690846170,3985800,1394
6.690846170,3985850,50
6.693103123,3987260,1410
6.693103123,3987294,34
6.695275546,3988720,1426
6.695275546,3988738,18
6.697447969,3990180,1442
6.697447969,3990182,2
6.699620472,3991634,1452
6.701794304,3991640,6
6.701794304,3993079,1439
6.703968136,3993100,21
6.703968136,3994524,1424
6.706141968,3994560,36
6.706141968,3995969,1409
6.708315800,3996020,51
6.708315800,3997414,1394
6.710581206,3997480,66
6.710581206,3998858,1378
6.712755038,3998940,82
6.712755038,4000302,1362
6.714928870,4000400,98
6.714928870,4001746,1346
6.717102702,4001860,114
6.717102702,4003190,1330
6.719276534,4003320,130
6.719276534,4004634,1314
6.721534896,4004780,146
6.721534896,4006078,1298
6.723708728,4006240,162
6.723708728,4007522,1282
6.725882560,4007700,178
6.725882560,4008966,1266
6.728056392,4009160,194
6.728056392,4010410,1250
6.730230624,4010620,210
6.730230624,4011854,1234
6.732411100,4012080,226
6.732411100,4013298,1218
6.734584932,4013540,242
6.734584932,4014742,1202
6.736758764,4015000,258
6.736758764,4016186,1186
6.739017126,4016460,274
6.739017126,4017630,1170
6.741190958,4017920,290
6.741190958,4019074,1154
6.743364790,4019380,306
6.743364790,4020518,1138
6.745538622,4020840,322
6.745538622,4021962,1122
6.747712454,4022300,338
6.747712454,4023406,1106
6.749971216,4023760,354
6.749971216,4024850,1090
6.752151692,4025220,370
6.752151692,4026294,1074
6.754353738,4026680,386
6.754353738,4027738,1058
6.756555784,4028140,402
6.756555784,4029182,1042
6.758757830,4029600,418
6.758757830,4030626,1026
6.760959876,4031060,434
6.760959876,4032070,1010
6.763161922,4032520,450
6.763161922,4033514,994
6.765363968,4033980,466
6.765363968,4034958,978
6.767651641,4035440,482
6.767651641,4036402,962
6.769853687,4036900,498
6.769853687,4037846,946
6.772056133,4038360,514
6.772056133,4039290,930
6.774264915,4039820,530
6.774264915,4040734,914
6.776466961,4041280,546
6.776466961,4042178,898
6.778669007,4042740,562
6.778669007,4043622,882
6.780956680,4044200,578
6.780956680,4045066,866
6.783158726,4045660,594
6.783158726,4046510,850
6.785360772,4047120,610
6.785360772,4047954,834
6.787562818,4048580,626
6.787562818,4049398,818
6.789764864,4050040,642
6.789764864,4050842,802
6.792052937,4051500,658
6.792052937,4052286,786
6.794261719,4052960,674
6.794261719,4053730,770
6.796463765,4054420,690
6.796463765,4055174,754
6.798665811,4055880,706
6.798665811,4056618,738
6.800867857,4057340,722
6.800867857,4058062,722
6.803069903,4058800,738
6.803069903,4059506,706
6.805271949,4060260,754
6.805271949,4060950,690
6.807473995,4061720,770
6.807473995,4062394,674
6.809761668,4063180,786
6.809761668,4063838,658
6.811963714,4064640,802
6.811963714,4065282,642
6.814166160,4066100,818
6.814166160,4066726,626
6.816374942,4067560,834
6.816374942,4068170,610
6.818576988,4069020,850
6.818576988,4069614,594
6.820864661,4070480,866
6.820864661,4071058,578
6.823066707,4071940,882
6.823066707,4072502,562
6.825268753,4073400,898
6.825268753,4073946,546
6.827470799,4074860,914
6.827470799,4075390,530
6.829672845,4076320,930
6.829672845,4076834,514
6.831874891,4077780,946
6.831874891,4078278,498
6.834076937,4079240,962
6.834076937,4079722,482
6.836279383,4080700,978
6.836279383,4081166,466
6.838573792,4082160,994
6.838573792,4082610,450
6.840775838,4083620,1010
6.840775838,4084054,434
6.842977884,4085080,1026
6.842977884,4085498,418
6.845179930,4086540,1042
6.845179930,4086942,402
6.847381976,4088000,1058
6.847381976,4088386,386
6.849669649,4089460,1074
6.849669649,4089830,370
6.851871695,4090920,1090
6.851871695,4091274,354
6.853998115,4092380,1106
6.853998115,4092718,338
6.856124935,4093840,1122
6.856124935,4094162,322
6.858257845,4095300,1138
6.858257845,4095606,306
6.860466951,4096760,1154
6.860466951,4097050,290
6.862593371,4098220,1170
6.862593371,4098494,274
6.864719791,4099680,1186
6.864719791,4099938,258
6.866846211,4101140,1202
6.866846211,4101382,242
6.868972631,4102600,1218
6.868972631,4102826,226
6.871099051,4104060,1234
6.871099051,4104270,210
6.873225471,4105520,1250
6.873225471,4105714,194
6.875351891,4106980,1266
6.875351891,4107158,178
6.877567888,4108440,1282
6.877567888,4108602,162
6.879694308,4109900,1298
6.879694308,4110046,146
6.881820728,4111360,1314
6.881820728,4111490,130
6.883947148,4112820,1330
6.883947148,4112934,114
6.886073568,4114280,1346
6.886073568,4114378,98
6.888282674,4115740,1362
6.888282674,4115822,82
6.890409094,4117200,1378
6.890409094,4117266,66
6.892535434,4118660,1394
6.892535434,4118710,50
6.894660476,4120120,1410
6.894660476,4120154,34
6.896785918,4121580,1426
6.896785918,4121598,18
6.898917450,4123040,1442
6.898917450,4123042,2
6.901042572,4124494,1452
6.903168992,4124500,6
6.903168992,4125939,1439
6.905378098,4125960,21
6.905378098,4127384,1424
6.907504518,4127420,36
6.907504518,4128829,1409
6.909630938,4128880,51
6.909630938,4130274,1394
6.911757358,4130340,66
6.911757358,4131718,1378
6.913883778,4131800,82
6.913883778,4133162,1362
6.916093284,4133260,98
6.916093284,4134606,1346
6.918226194,4134720,114
6.918226194,4136050,1330
6.920352614,4136180,130
6.920352614,4137494,1314
6.922479034,4137640,146
6.922479034,4138938,1298
6.924605454,4139100,162
6.924605454,4140382,1282
6.926731874,4140560,178
6.926731874,4141826,1266
6.928858294,4142020,194
6.928858294,4143270,1250
6.930984714,4143480,210
6.930984714,4144714,1234
6.933193820,4144940,226
6.933193820,4146158,1218
6.935320240,4146400,242
6.935320240,4147602,1202
6.937447060,4147860,258
6.937447060,4149046,1186
6.939579970,4149320,274
6.939579970,4150490,1170
6.941706390,4150780,290
6.941706390,4151934,1154
6.943915496,4152240,306
6.943915496,4153378,1138
6.946041916,4153700,322
6.946041916,4154822,1122
6.948168336,4155160,338
6.948168336,4156266,1106
6.950294756,4156620,354
6.950294756,4157710,1090
6.952612478,4158080,370
6.952612478,4159154,1074
6.955020325,4159540,386
6.955020325,4160598,1058
6.957338447,4161000,402
6.957338447,4162042,1042
6.959663280,4162460,418
6.959663280,4163486,1026
6.961981002,4163920,434
6.961981002,4164930,1010
6.964298724,4165380,450
6.964298724,4166374,994
6.966616446,4166840,466
6.966616446,4167818,978
6.968934168,4168300,482
6.968934168,4169262,962
6.971251890,4169760,498
6.971251890,4170706,946
6.973659737,4171220,514
6.973659737,4172150,930
6.975977459,4172680,530
6.975977459,4173594,914
6.978295181,4174140,546
6.978295181,4175038,898
6.980613303,4175600,562
6.980613303,4176482,882
6.982938136,4177060,578
6.982938136,4177926,866
6.985345983,4178520,594
6.985345983,4179370,850
6.987663705,4179980,610
6.987663705,4180814,834
6.989981427,4181440,626
6.989981427,4182258,818
6.992299149,4182900,642
6.992299149,4183702,802
6.994616871,4184360,658
6.994616871,4185146,786
6.996934593,4185820,674
6.996934593,4186590,770
6.999252315,4187280,690
6.999252315,4188034,754
7.001570037,4188740,706
7.001570037,4189478,738
7.003985394,4190200,722
7.003985394,4190922,722
7.006303116,4191660,738
7.006303116,4192366,706
7.008620838,4193120,754
7.008620838,4193810,690
7.010938560,4194580,770
7.010938560,4195254,674
7.013256282,4196040,786
7.013256282,4196698,658
7.015664129,4197500,802
7.015664129,4198142,642
7.017981851,4198960,818
7.017981851,4199586,626
7.020299573,4200420,834
7.020299573,4201030,610
7.022617295,4201880,850
7.022617295,4202474,594
7.024935417,4203340,866
7.024935417,4203918,578
7.027260250,4204800,882
7.027260250,4205362,562
7.029577972,4206260,898
7.029577972,4206806,546
7.031895694,4207720,914
7.031895694,4208250,530
7.034303541,4209180,930
7.034303541,4209694,514
7.036621263,4210640,946
7.036621263,4211138,498
7.038938985,4212100,962
7.038938985,4212582,482
7.041256707,4213560,978
7.041256707,4214026,466
7.043574429,4215020,994
7.043574429,4215470,450
7.045982676,4216480,1010
7.045982676,4216914,434
7.048307509,4217940,1026
7.048307509,4218358,418
7.050625231,4219400,1042
7.050625231,4219802,402
7.053040411,4220860,1058
7.053040411,4221246,386
7.055455591,4222320,1074
7.055455591,4222690,370
7.057964685,4223780,1090
7.057964685,4224134,354
7.060379865,4225240,1106
7.060379865,4225578,338
7.062795045,4226700,1122
7.062795045,4227022,322
7.065210225,4228160,1138
7.065210225,4228466,306
7.067625405,4229620,1154
7.067625405,4229910,290
7.070040985,4231080,1170
7.070040985,4231354,274
7.072463591,4232540,1186
7.072463591,4232798,258
7.074878771,4234000,1202
7.074878771,4234242,242
7.077387865,4235460,1218
7.077387865,4235686,226
7.079803045,4236920,1234
7.079803045,4237130,210
7.082218225,4238380,1250
7.082218225,4238574,194
7.084633405,4239840,1266
7.084633405,4240018,178
7.087048585,4241300,1282
7.087048585,4241462,162
7.089557679,4242760,1298
7.089557679,4242906,146
7.091973259,4244220,1314
7.091973259,4244350,130
7.094395865,4245680,1330
7.094395865,4245794,114
7.096811045,4247140,1346
7.096811045,4247238,98
7.099226225,4248600,1362
7.099226225,4248682,82
7.101641405,4250060,1378
7.101641405,4250126,66
7.104056505,4251520,1394
7.104056505,4251570,50
7.106470119,4252980,1410
7.106470119,4253014,34
7.108977647,4254440,1426
7.108977647,4254458,18
7.111391261,4255900,1442
7.111391261,4255902,2
7.113804955,4257354,1452
7.116220535,4257360,6
7.116220535,4258799,1439
7.118643141,4258820,21
7.118643141,4260244,1424
7.121152235,4260280,36
7.121152235,4261689,1409
7.123567415,4261740,51
7.123567415,4263134,1394
7.125982595,4263200,66
7.125982595,4264578,1378
7.128397775,4264660,82
7.128397775,4266022,1362
7.130812955,4266120,98
7.130812955,4267466,1346
7.133228135,4267580,114
7.133228135,4268910,1330
7.135643315,4269040,130
7.135643315,4270354,1314
7.138058495,4270500,146
7.138058495,4271798,1298
7.140575416,4271960,162
7.140575416,4273242,1282
7.142990596,4273420,178
7.142990596,4274686,1266
7.145405776,4274880,194
7.145405776,4276130,1250
7.147820956,4276340,210
7.147820956,4277574,1234
7.150236136,4277800,226
7.150236136,4279018,1218
7.152695229,4279260,242
7.152695229,4280462,1202
7.155062279,4280720,258
7.155062279,4281906,1186
7.157429329,4282180,274
7.157429329,4283350,1170
7.159796379,4283640,290
7.159796379,4284794,1154
7.162163829,4285100,306
7.162163829,4286238,1138
7.164630192,4286560,322
7.164630192,4287682,1122
7.166997242,4288020,338
7.166997242,4289126,1106
7.169364292,4289480,354
7.169364292,4290570,1090
7.171731342,4290940,370
7.171731342,4292014,1074
7.174098392,4292400,386
7.174098392,4293458,1058
7.176465442,4293860,402
7.176465442,4294902,1042
7.178832492,4295320,418
7.178832492,4296346,1026
7.181199542,4296780,434
7.181199542,4297790,1010
7.183659035,4298240,450
7.183659035,4299234,994
7.186033355,4299700,466
7.186033355,4300678,978
7.188400405,4301160,482
7.188400405,4302122,962
7.190767455,4302620,498
7.190767455,4303566,946
7.193134505,4304080,514
7.193134505,4305010,930
7.195593598,4305540,530
7.195593598,4306454,914
7.197960648,4307000,546
7.197960648,4307898,898
7.200327698,4308460,562
7.200327698,4309342,882
7.202694748,4309920,578
7.202694748,4310786,866
7.205061798,4311380,594
7.205061798,4312230,850
7.207429248,4312840,610
7.207429248,4313674,834
7.209803568,4314300,626
7.209803568,4315118,818
7.212170618,4315760,642
7.212170618,4316562,802
7.214629711,4317220,658
7.214629711,4318006,786
7.216996761,4318680,674
7.216996761,4319450,770
7.219363811,4320140,690
7.219363811,4320894,754
7.221730861,4321600,706
7.221730861,4322338,738
7.224097911,4323060,722
7.224097911,4323782,722
7.226557004,4324520,738
7.226557004,4325226,706
7.228924454,4325980,754
7.228924454,4326670,690
7.231298774,4327440,770
7.231298774,4328114,674
7.233665824,4328900,786
7.233665824,4329558,658
7.236032874,4330360,802
7.236032874,4331002,642
7.238491967,4331820,818
7.238491967,4332446,626
7.240859017,4333280,834
7.240859017,4333890,610
7.243226067,4334740,850
7.243226067,4335334,594
7.245593117,4336200,866
7.245593117,4336778,578
7.247960167,4337660,882
7.247960167,4338222,562
7.250327217,4339120,898
7.250327217,4339666,546
7.252650155,4340580,914
7.252650155,4341110,530
7.254979819,4342040,930
7.254979819,4342554,514
7.257392669,4343500,946
7.257392669,4343998,498
7.259715207,4344960,962
7.259715207,4345442,482
7.262037745,4346420,978
7.262037745,4346886,466
7.264360283,4347880,994
7.264360283,4348330,450
7.266682821,4349340,1010
7.266682821,4349774,434
7.269095671,4350800,1026
7.269095671,4351218,418
7.271418209,4352260,1042
7.271418209,4352662,402
7.273741147,4353720,1058
7.273741147,4354106,386
7.276070811,4355180,1074
7.276070811,4355550,370
7.278393349,4356640,1090
7.278393349,4356994,354
7.280715887,4358100,1106
7.280715887,4358438,338
7.283038425,4359560,1122
7.283038425,4359882,322
7.285360963,4361020,1138
7.285360963,4361326,306
7.287683501,4362480,1154
7.287683501,4362770,290
7.290096351,4363940,1170
7.290096351,4364214,274
7.292418889,4365400,1186
7.292418889,4365658,258
7.294741427,4366860,1202
7.294741427,4367102,242
7.297064365,4368320,1218
7.297064365,4368546,226
7.299394029,4369780,1234
7.299394029,4369990,210
7.301806879,4371240,1250
7.301806879,4371434,194
7.304129417,4372700,1266
7.304129417,4372878,178
7.306451955,4374160,1282
7.306451955,4374322,162
7.308774493,4375620,1298
7.308774493,4375766,146
7.311097031,4377080,1314
7.311097031,4377210,130
7.313419569,4378540,1330
7.313419569,4378654,114
7.315742107,4380000,1346
7.315742107,4380098,98
7.318064645,4381460,1362
7.318064645,4381542,82
7.320485021,4382920,1378
7.320485021,4382986,66
7.322807479,4384380,1394
7.322807479,4384430,50
7.325128512,4385840,1410
7.325128512,4385874,34
7.327449545,4387300,1426
7.327449545,4387318,18
7.329770578,4388760,1442
7.329770578,4388762,2
7.332182003,4390214,1452
7.334504541,4390220,6
7.334504541,4391659,1439
7.336827079,4391680,21
7.336827079,4393104,1424
7.339149617,4393140,36
7.339149617,4394549,1409
7.341472555,4394600,51
7.341472555,4395994,1394
7.343892531,4396060,66
7.343892531,4397438,1378
7.346215069,4397520,82
7.346215069,4398882,1362
7.348537607,4398980,98
7.348537607,4400326,1346
7.350860145,4400440,114
7.350860145,4401770,1330
7.353035029,4401900,130
7.353035029,4403214,1314
7.355209913,4403360,146
7.355209913,4404658,1298
7.357384797,4404820,162
7.357384797,4406102,1282
7.359559681,4406280,178
7.359559681,4407546,1266
7.361819536,4407740,194
7.361819536,4408990,1250
7.364001067,4409200,210
7.364001067,4410434,1234
7.366175951,4410660,226
7.366175951,4411878,1218
7.368350835,4412120,242
7.368350835,4413322,1202
7.370525719,4413580,258
7.370525719,4414766,1186
7.372785174,4415040,274
7.372785174,4416210,1170
7.374960058,4416500,290
7.374960058,4417654,1154
7.377134942,4417960,306
7.377134942,4419098,1138
7.379309826,4419420,322
7.379309826,4420542,1122
7.381484710,4420880,338
7.381484710,4421986,1106
7.383659994,4422340,354
7.383659994,4423430,1090
7.385841525,4423800,370
7.385841525,4424874,1074
7.388016409,4425260,386
7.388016409,4426318,1058
7.390275864,4426720,402
7.390275864,4427762,1042
7.392450748,4428180,418
7.392450748,4429206,1026
7.394625632,4429640,434
7.394625632,4430650,1010
7.396800516,4431100,450
7.396800516,4432094,994
7.398975400,4432560,466
7.398975400,4433538,978
7.401234855,4434020,482
7.401234855,4434982,962
7.403410139,4435480,498
7.403410139,4436426,946
7.405591670,4436940,514
7.405591670,4437870,930
7.407766554,4438400,530
7.407766554,4439314,914
7.409941438,4439860,546
7.409941438,4440758,898
7.412116322,4441320,562
7.412116322,4442202,882
7.414291206,4442780,578
7.414291206,4443646,866
7.416466090,4444240,594
7.416466090,4445090,850
7.418725545,4445700,610
7.418725545,4446534,834
7.420900429,4447160,626
7.420900429,4447978,818
7.423075313,4448620,642
7.423075313,4449422,802
7.425250597,4450080,658
7.425250597,4450866,786
7.427432128,4451540,674
7.427432128,4452310,770
7.429691583,4453000,690
7.429691583,4453754,754
7.431866467,4454460,706
7.431866467,4455198,738
7.434041351,4455920,722
7.434041351,4456642,722
7.436216235,4457380,738
7.436216235,4458086,706
7.438391119,4458840,754
7.438391119,4459530,690
7.440650574,4460300,770
7.440650574,4460974,674
7.442825458,4461760,786
7.442825458,4462418,658
7.445000742,4463220,802
7.445000742,4463862,642
7.447182273,4464680,818
7.447182273,4465306,626
7.449357157,4466140,834
7.449357157,4466750,610
7.451532041,4467600,850
7.451532041,4468194,594
7.453954726,4469060,866
7.453954726,4469638,578
7.456377411,4470520,882
7.456377411,4471082,562
7.458894302,4471980,898
7.458894302,4472526,546
7.461316987,4473440,914
7.461316987,4473970,530
7.463739672,4474900,930
7.463739672,4475414,514
7.466162357,4476360,946
7.466162357,4476858,498
7.468585442,4477820,962
7.468585442,4478302,482
7.471015578,4479280,978
7.471015578,4479746,466
7.473532469,4480740,994
7.473532469,4481190,450
7.475955154,4482200,1010
7.475955154,4482634,434
7.478377839,4483660,1026
7.478377839,4484078,418
7.480800524,4485120,1042
7.480800524,4485522,402
7.483223209,4486580,1058
7.483223209,4486966,386
7.485645894,4488040,1074
7.485645894,4488410,370
7.488068579,4489500,1090
7.488068579,4489854,354
7.490585870,4490960,1106
7.490585870,4491298,338
7.493016006,4492420,1122
7.493016006,4492742,322
7.495438691,4493880,1138
7.495438691,4494186,306
7.497861376,4495340,1154
7.497861376,4495630,290
7.500284061,4496800,1170
7.500284061,4497074,274
7.502706746,4498260,1186
7.502706746,4498518,258
7.505223637,4499720,1202
7.505223637,4499962,242
7.507646322,4501180,1218
7.507646322,4501406,226
7.510069007,4502640,1234
7.510069007,4502850,210
7.512491692,4504100,1250
7.512491692,4504294,194
7.514914777,4505560,1266
7.514914777,4505738,178
7.517344913,4507020,1282
7.517344913,4507182,162
7.519767598,4508480,1298
7.519767598,4508626,146
7.522284489,4509940,1314
7.522284489,4510070,130
7.524707174,4511400,1330
7.524707174,4511514,114
7.527129859,4512860,1346
7.527129859,4512958,98
7.529552544,4514320,1362
7.529552544,4514402,82
7.531975229,4515780,1378
7.531975229,4515846,66
7.534492040,4517240,1394
7.534492040,4517290,50
7.536913555,4518700,1410
7.536913555,4518734,34
7.539342121,4520160,1426
7.539342121,4520178,18
7.541763236,4521620,1442
7.541763236,4521622,2
7.544184431,4523074,1452
7.546607116,4523080,6
7.546607116,4524519,1439
7.549124007,4524540,21
7.549124007,4525964,1424
7.551546692,4526000,36
7.551546692,4527409,1409
7.553859455,4527460,51
7.553859455,4528854,1394
7.556172218,4528920,66
7.556172218,4530298,1378
7.558484981,4530380,82
7.558484981,4531742,1362
7.560798144,4531840,98
7.560798144,4533186,1346
7.563118002,4533300,114
7.563118002,4534630,1330
7.565520697,4534760,130
7.565520697,4536074,1314
7.567833460,4536220,146
7.567833460,4537518,1298
7.570146223,4537680,162
7.570146223,4538962,1282
7.572458986,4539140,178
7.572458986,4540406,1266
7.574771749,4540600,194
7.574771749,4541850,1250
7.577084512,4542060,210
7.577084512,4543294,1234
7.579487207,4543520,226
7.579487207,4544738,1218
7.581800370,4544980,242
7.581800370,4546182,1202
7.584120228,4546440,258
7.584120228,4547626,1186
7.586432991,4547900,274
7.586432991,4549070,1170
7.588745754,4549360,290
7.588745754,4550514,1154
7.591058517,4550820,306
7.591058517,4551958,1138
7.593371280,4552280,322
7.593371280,4553402,1122
7.595773975,4553740,338
7.595773975,4554846,1106
7.598086738,4555200,354
7.598086738,4556290,1090
7.600399501,4556660,370
7.600399501,4557734,1074
7.602712264,4558120,386
7.602712264,4559178,1058
7.605025427,4559580,402
7.605025427,4560622,1042
7.607345285,4561040,418
7.607345285,4562066,1026
7.609747980,4562500,434
7.609747980,4563510,1010
7.612060743,4563960,450
7.612060743,4564954,994
7.614373506,4565420,466
7.614373506,4566398,978
7.616686269,4566880,482
7.616686269,4567842,962
7.618999032,4568340,498
7.618999032,4569286,946
7.621311795,4569800,514
7.621311795,4570730,930
7.623624558,4571260,530
7.623624558,4572174,914
7.626027653,4572720,546
7.626027653,4573618,898
7.628347511,4574180,562
7.628347511,4575062,882
7.630660274,4575640,578
7.630660274,4576506,866
7.632973037,4577100,594
7.632973037,4577950,850
7.635285800,4578560,610
7.635285800,4579394,834
7.637688495,4580020,626
7.637688495,4580838,818
7.640001258,4581480,642
7.640001258,4582282,802
7.642314021,4582940,658
7.642314021,4583726,786
7.644626784,4584400,674
7.644626784,4585170,770
7.646939547,4585860,690
7.646939547,4586614,754
7.649252710,4587320,706
7.649252710,4588058,738
7.651662500,4588780,722
7.651662500,4589502,722
7.653953383,4590240,738
7.653953383,4590946,706
7.656244266,4591700,754
7.656244266,4592390,690
7.658535149,4593160,770
7.658535149,4593834,674
7.660826032,4594620,786
7.660826032,4595278,658
7.663116915,4596080,802
7.663116915,4596722,642
7.665407798,4597540,818
7.665407798,4598166,626
7.667787762,4599000,834
7.667787762,4599610,610
7.670079045,4600460,850
7.670079045,4601054,594
7.672376951,4601920,866
7.672376951,4602498,578
7.674667834,4603380,882
7.674667834,4603942,562
7.676958717,4604840,898
7.676958717,4605386,546
7.679249600,4606300,914
7.679249600,4606830,530
7.681629564,4607760,930
7.681629564,4608274,514
7.683920447,4609220,946
7.683920447,4609718,498
7.686211330,4610680,962
7.686211330,4611162,482
7.688502213,4612140,978
7.688502213,4612606,466
7.690793096,4613600,994
7.690793096,4614050,450
7.693084379,4615060,1010
7.693084379,4615494,434
7.695382285,4616520,1026
7.695382285,4616938,418
7.697762249,4617980,1042
7.697762249,4618382,402
7.700053132,4619440,1058
7.700053132,4619826,386
7.702344015,4620900,1074
7.702344015,4621270,370
7.704634898,4622360,1090
7.704634898,4622714,354
7.706925781,4623820,1106
7.706925781,4624158,338
7.709216664,4625280,1122
7.709216664,4625602,322
7.711596628,4626740,1138
7.711596628,4627046,306
7.713887911,4628200,1154
7.713887911,4628490,290
7.716185817,4629660,1170
7.716185817,4629934,274
7.718476700,4631120,1186
7.718476700,4631378,258
7.720767583,4632580,1202
7.720767583,4632822,242
7.723147547,4634040,1218
7.723147547,4634266,226
7.725438430,4635500,1234
7.725438430,4635710,210
7.727729313,4636960,1250
7.727729313,4637154,194
7.730020196,4638420,1266
7.730020196,4638598,178
7.732311079,4639880,1282
7.732311079,4640042,162
7.734601962,4641340,1298
7.734601962,4641486,146
7.736893245,4642800,1314
7.736893245,4642930,130
7.739280232,4644260,1330
7.739280232,4644374,114
7.741571115,4645720,1346
7.741571115,4645818,98
7.743861998,4647180,1362
7.743861998,4647262,82
7.746152881,4648640,1378
7.746152881,4648706,66
7.748443684,4650100,1394
7.748443684,4650150,50
7.750733082,4651560,1410
7.750733082,4651594,34
7.752911330,4653020,1426
7.752911330,4653038,18
7.755007996,4654480,1442
7.755007996,4654482,2
7.757105142,4655934,1452
7.759209566,4655940,6
7.759209566,4657379,1439
7.761307591,4657400,21
7.761307591,4658824,1424
7.763405616,4658860,36
7.763405616,4660269,1409
7.765503641,4660320,51
7.765503641,4661714,1394
7.767683248,4661780,66
7.767683248,4663158,1378
7.769781273,4663240,82
7.769781273,4664602,1362
7.771879298,4664700,98
7.771879298,4666046,1346
7.773977323,4666160,114
7.773977323,4667490,1330
7.776075348,4667620,130
7.776075348,4668934,1314
7.778173773,4669080,146
7.778173773,4670378,1298
7.780359779,4670540,162
7.780359779,4671822,1282
7.782457804,4672000,178
7.782457804,4673266,1266
7.784555829,4673460,194
7.784555829,4674710,1250
7.786653854,4674920,210
7.786653854,4676154,1234
7.788751879,4676380,226
7.788751879,4677598,1218
7.790849904,4677840,242
7.790849904,4679042,1202
7.792947929,4679300,258
7.792947929,4680486,1186
7.795045954,4680760,274
7.795045954,4681930,1170
7.797225961,4682220,290
7.797225961,4683374,1154
7.799330385,4683680,306
7.799330385,4684818,1138
7.801428410,4685140,322
7.801428410,4686262,1122
7.803526435,4686600,338
7.803526435,4687706,1106
7.805624460,4688060,354
7.805624460,4689150,1090
7.807722485,4689520,370
7.807722485,4690594,1074
7.809902092,4690980,386
7.809902092,4692038,1058
7.812000117,4692440,402
7.812000117,4693482,1042
7.814098142,4693900,418
7.814098142,4694926,1026
7.816196167,4695360,434
7.816196167,4696370,1010
7.818294592,4696820,450
7.818294592,4697814,994
7.820480598,4698280,466
7.820480598,4699258,978
7.822578623,4699740,482
7.822578623,4700702,962
7.824676648,4701200,498
7.824676648,4702146,946
7.826774673,4702660,514
7.826774673,4703590,930
7.828872698,4704120,530
7.828872698,4705034,914
7.830970723,4705580,546
7.830970723,4706478,898
7.833068748,4707040,562
7.833068748,4707922,882
7.835248355,4708500,578
7.835248355,4709366,866
7.837346780,4709960,594
7.837346780,4710810,850
7.839451204,4711420,610
7.839451204,4712254,834
7.841549229,4712880,626
7.841549229,4713698,818
7.843647254,4714340,642
7.843647254,4715142,802
7.845745279,4715800,658
7.845745279,4716586,786
7.847924886,4717260,674
7.847924886,4718030,770
7.850022911,4718720,690
7.850022911,4719474,754
7.852120936,4720180,706
7.852120936,4720918,738
7.854227452,4721640,722
7.854227452,4722362,722
7.856333968,4723100,738
7.856333968,4723806,706
7.858440884,4724560,754
7.858440884,4725250,690
7.860553826,4726020,770
7.860553826,4726694,674
7.862742254,4727480,786
7.862742254,4728138,658
7.864848770,4728940,802
7.864848770,4729582,642
7.866955286,4730400,818
7.866955286,4731026,626
7.869061802,4731860,834
7.869061802,4732470,610
7.871168318,4733320,850
7.871168318,4733914,594
7.873274834,4734780,866
7.873274834,4735358,578
7.875463262,4736240,882
7.875463262,4736802,562
7.877570178,4737700,898
7.877570178,4738246,546
7.879683120,4739160,914
7.879683120,4739690,530
7.881789636,4740620,930
7.881789636,4741134,514
7.883896152,4742080,946
7.883896152,4742578,498
7.886002668,4743540,962
7.886002668,4744022,482
7.888109184,4745000,978
7.888109184,4745466,466
7.890297612,4746460,994
7.890297612,4746910,450
7.892404128,4747920,1010
7.892404128,4748354,434
7.894510644,4749380,1026
7.894510644,4749798,418
7.896617160,4750840,1042
7.896617160,4751242,402
7.898724076,4752300,1058
7.898724076,4752686,386
7.900918930,4753760,1074
7.900918930,4754130,370
7.903025446,4755220,1090
7.903025446,4755574,354
7.905131962,4756680,1106
7.905131962,4757018,338
7.907238478,4758140,1122
7.907238478,4758462,322
7.909344994,4759600,1138
7.909344994,4759906,306
7.911451510,4761060,1154
7.911451510,4761350,290
7.913639938,4762520,1170
7.913639938,4762794,274
7.915746454,4763980,1186
7.915746454,4764238,258
7.917853370,4765440,1202
7.917853370,4765682,242
7.919966312,4766900,1218
7.919966312,4767126,226
7.922072828,4768360,1234
7.922072828,4768570,210
7.924179344,4769820,1250
7.924179344,4770014,194
7.926285860,4771280,1266
7.926285860,4771458,178
7.928474288,4772740,1282
7.928474288,4772902,162
7.930580804,4774200,1298
7.930580804,4774346,146
7.932687320,4775660,1314
7.932687320,4775790,130
7.934793836,4777120,1330
7.934793836,4777234,114
7.936900352,4778580,1346
7.936900352,4778678,98
7.939007268,4780040,1362
7.939007268,4780122,82
7.941202122,4781500,1378
7.941202122,4781566,66
7.943308558,4782960,1394
7.943308558,4783010,50
7.945413709,4784420,1410
7.945413709,4784454,34
7.947518860,4785880,1426
7.947518860,4785898,18
7.949624011,4787340,1442
7.949624011,4787342,2
7.951729242,4788794,1452
7.953922572,4788800,6
7.953922572,4790239,1439
7.956201190,4790260,21
7.956201190,4791684,1424
7.958394920,4791720,36
7.958394920,4793129,1409
7.960594957,4793180,51
7.960594957,4794574,1394
7.962788287,4794640,66
7.962788287,4796018,1378
7.964981617,4796100,82
7.964981617,4797462,1362
7.967174947,4797560,98
7.967174947,4798906,1346
7.969453565,4799020,114
7.969453565,4800350,1330
7.971646895,4800480,130
7.971646895,4801794,1314
7.973840225,4801940,146
7.973840225,4803238,1298
7.976033555,4803400,162
7.976033555,4804682,1282
7.978226885,4804860,178
7.978226885,4806126,1266
7.980420615,4806320,194
7.980420615,4807570,1250
7.982620652,4807780,210
7.982620652,4809014,1234
7.984899270,4809240,226
7.984899270,4810458,1218
7.987092600,4810700,242
7.987092600,4811902,1202
7.989285930,4812160,258
7.989285930,4813346,1186
7.991479260,4813620,274
7.991479260,4814790,1170
7.993672590,4815080,290
7.993672590,4816234,1154
7.995951208,4816540,306
7.995951208,4817678,1138
7.998144538,4818000,322
7.998144538,4819122,1122
8.000338268,4819460,338
8.000338268,4820566,1106
8.002538305,4820920,354
8.002538305,4822010,1090
8.004731635,4822380,370
8.004731635,4823454,1074
8.006924965,4823840,386
8.006924965,4824898,1058
8.009203583,4825300,402
8.009203583,4826342,1042
8.011396913,4826760,418
8.011396913,4827786,1026
8.013590243,4828220,434
8.013590243,4829230,1010
8.015783573,4829680,450
8.015783573,4830674,994
8.017976903,4831140,466
8.017976903,4832118,978
8.020170233,4832600,482
8.020170233,4833562,962
8.022363963,4834060,498
8.022363963,4835006,946
8.024649288,4835520,514
8.024649288,4836450,930
8.026842618,4836980,530
8.026842618,4837894,914
8.029035948,4838440,546
8.029035948,4839338,898
8.031229278,4839900,562
8.031229278,4840782,882
8.033422608,4841360,578
8.033422608,4842226,866
8.035615938,4842820,594
8.035615938,4843670,850
8.037894556,4844280,610
8.037894556,4845114,834
8.040087886,4845740,626
8.040087886,4846558,818
8.042281616,4847200,642
8.042281616,4848002,802
8.044481653,4848660,658
8.044481653,4849446,786
8.046674983,4850120,674
8.046674983,4850890,770
8.048868313,4851580,690
8.048868313,4852334,754
8.051061643,4853040,706
8.051061643,4853778,738
8.053492300,4854500,722
8.053492300,4855222,722
8.055831978,4855960,738
8.055831978,4856666,706
8.058171656,4857420,754
8.058171656,4858110,690
8.060511334,4858880,770
8.060511334,4859554,674
8.062851012,4860340,786
8.062851012,4860998,658
8.065191090,4861800,802
8.065191090,4862442,642
8.067628928,4863260,818
8.067628928,4863886,626
8.069968606,4864720,834
8.069968606,4865330,610
8.072308284,4866180,850
8.072308284,4866774,594
8.074647962,4867640,866
8.074647962,4868218,578
8.076987640,4869100,882
8.076987640,4869662,562
8.079418297,4870560,898
8.079418297,4871106,546
8.081757975,4872020,914
8.081757975,4872550,530
8.084097653,4873480,930
8.084097653,4873994,514
8.086437731,4874940,946
8.086437731,4875438,498
8.088784590,4876400,962
8.088784590,4876882,482
8.091124268,4877860,978
8.091124268,4878326,466
8.093463946,4879320,994
8.093463946,4879770,450
8.095894603,4880780,1010
8.095894603,4881214,434
8.098234281,4882240,1026
8.098234281,4882658,418
8.100573959,4883700,1042
8.100573959,4884102,402
8.102913637,4885160,1058
8.102913637,4885546,386
8.105253315,4886620,1074
8.105253315,4886990,370
8.107592993,4888080,1090
8.107592993,4888434,354
8.110031231,4889540,1106
8.110031231,4889878,338
8.112370909,4891000,1122
8.112370909,4891322,322
8.114710587,4892460,1138
8.114710587,4892766,306
8.117050265,4893920,1154
8.117050265,4894210,290
8.119389943,4895380,1170
8.119389943,4895654,274
8.121729621,4896840,1186
8.121729621,4897098,258
8.124069299,4898300,1202
8.124069299,4898542,242
8.126499956,4899760,1218
8.126499956,4899986,226
8.128839634,4901220,1234
8.128839634,4901430,210
8.131179712,4902680,1250
8.131179712,4902874,194
8.133526571,4904140,1266
8.133526571,4904318,178
8.135866249,4905600,1282
8.135866249,4905762,162
8.138205927,4907060,1298
8.138205927,4907206,146
8.140636584,4908520,1314
8.140636584,4908650,130
8.142976262,4909980,1330
8.142976262,4910094,114
8.145315940,4911440,1346
8.145315940,4911538,98
8.147655618,4912900,1362
8.147655618,4912982,82
8.149995296,4914360,1378
8.149995296,4914426,66
8.152334894,4915820,1394
8.152334894,4915870,50
8.154758962,4917280,1410
8.154758962,4917314,34
8.157284395,4918740,1426
8.157284395,4918758,18
8.159708063,4920200,1442
8.159708063,4920202,2
8.162131811,4921654,1452
8.164557051,4921660,6
8.164557051,4923099,1439
8.166982291,4923120,21
8.166982291,4924544,1424
8.169407531,4924580,36
8.169407531,4925989,1409
8.171927077,4926040,51
8.171927077,4927434,1394
8.174352317,4927500,66
8.174352317,4928878,1378
8.176777957,4928960,82
8.176777957,4930322,1362
8.179210656,4930420,98
8.179210656,4931766,1346
8.181635896,4931880,114
8.181635896,4933210,1330
8.184155442,4933340,130
8.184155442,4934654,1314
8.186580682,4934800,146
8.186580682,4936098,1298
8.189005922,4936260,162
8.189005922,4937542,1282
8.191431162,4937720,178
8.191431162,4938986,1266
8.193856402,4939180,194
8.193856402,4940430,1250
8.196281642,4940640,210
8.196281642,4941874,1234
8.198706882,4942100,226
8.198706882,4943318,1218
8.201234287,4943560,242
8.201234287,4944762,1202
8.203659527,4945020,258
8.203659527,4946206,1186
8.206084767,4946480,274
8.206084767,4947650,1170
8.208510007,4947940,290
8.208510007,4949094,1154
8.210935247,4949400,306
8.210935247,4950538,1138
8.213360487,4950860,322
8.213360487,4951982,1122
8.215880033,4952320,338
8.215880033,4953426,1106
8.218305273,4953780,354
8.218305273,4954870,1090
8.220730513,4955240,370
8.220730513,4956314,1074
8.223156153,4956700,386
8.223156153,4957758,1058
8.225588852,4958160,402
8.225588852,4959202,1042
8.228014092,4959620,418
8.228014092,4960646,1026
8.230439332,4961080,434
8.230439332,4962090,1010
8.232958878,4962540,450
8.232958878,4963534,994
8.235384118,4964000,466
8.235384118,4964978,978
8.237809358,4965460,482
8.237809358,4966422,962
8.240234598,4966920,498
8.240234598,4967866,946
8.242659838,4968380,514
8.242659838,4969310,930
8.245085078,4969840,530
8.245085078,4970754,914
8.247612483,4971300,546
8.247612483,4972198,898
8.250037723,4972760,562
8.250037723,4973642,882
8.252462963,4974220,578
8.252462963,4975086,866
8.254846690,4975680,594
8.254846690,4976530,850
8.257230417,4977140,610
8.257230417,4977974,834
8.259614144,4978600,626
8.259614144,4979418,818
8.261997871,4980060,642
8.261997871,4980862,802
8.264474289,4981520,658
8.264474289,4982306,786
8.266858016,4982980,674
8.266858016,4983750,770
8.269242143,4984440,690
8.269242143,4985194,754
8.271633194,4985900,706
8.271633194,4986638,738
8.274016921,4987360,722
8.274016921,4988082,722
8.276493339,4988820,738
8.276493339,4989526,706
8.278877066,4990280,754
8.278877066,4990970,690
8.281260793,4991740,770
8.281260793,4992414,674
8.283644520,4993200,786
8.283644520,4993858,658
8.286028247,4994660,802
8.286028247,4995302,642
8.288411974,4996120,818
8.288411974,4996746,626
8.290795701,4997580,834
8.290795701,4998190,610
8.293279844,4999040,850
8.293279844,4999634,594
8.295663571,5000500,866
8.295663571,5001078,578
8.298047298,5001960,882
8.298047298,5002522,562
8.300431025,5003420,898
8.300431025,5003966,546
8.302814752,5004880,914
8.302814752,5005410,530
8.305198479,5006340,930
8.305198479,5006854,514
8.307582206,5007800,946
8.307582206,5008298,498
8.310058624,5009260,962
8.310058624,5009742,482
8.312442351,5010720,978
8.312442351,5011186,466
8.314826478,5012180,994
8.314826478,5012630,450
8.317217529,5013640,1010
8.317217529,5014074,434
8.319601256,5015100,1026
8.319601256,5015518,418
8.321984983,5016560,1042
8.321984983,5016962,402
8.324461401,5018020,1058
8.324461401,5018406,386
8.326845128,5019480,1074
8.326845128,5019850,370
8.329228855,5020940,1090
8.329228855,5021294,354
8.331612582,5022400,1106
8.331612582,5022738,338
8.333996309,5023860,1122
8.333996309,5024182,322
8.336380036,5025320,1138
8.336380036,5025626,306
8.338764163,5026780,1154
8.338764163,5027070,290
8.341247905,5028240,1170
8.341247905,5028514,274
8.343631632,5029700,1186
8.343631632,5029958,258
8.346015359,5031160,1202
8.346015359,5031402,242
8.348399086,5032620,1218
8.348399086,5032846,226
8.350782813,5034080,1234
8.350782813,5034290,210
8.352950978,5035540,1250
8.352950978,5035734,194
8.355203452,5037000,1266
8.355203452,5037178,178
8.357371617,5038460,1282
8.357371617,5038622,162
8.359540182,5039920,1298
8.359540182,5040066,146
8.361714973,5041380,1314
8.361714973,5041510,130
8.363883138,5042840,1330
8.363883138,5042954,114
8.366051303,5044300,1346
8.366051303,5044398,98
8.368219468,5045760,1362
8.368219468,5045842,82
8.370471942,5047220,1378
8.370471942,5047286,66
8.372640027,5048680,1394
8.372640027,5048730,50
8.374806787,5050140,1410
8.374806787,5050174,34
8.376973547,5051600,1426
8.376973547,5051618,18
8.379140307,5053060,1442
8.379140307,5053062,2
8.381398482,5054514,1452
8.383566647,5054520,6
8.383566647,5055959,1439
8.385734812,5055980,21
8.385734812,5057404,1424
8.387902977,5057440,36
8.387902977,5058849,1409
8.390071142,5058900,51
8.390071142,5060294,1394
8.392239307,5060360,66
8.392239307,5061738,1378
8.394491781,5061820,82
8.394491781,5063182,1362
8.396659946,5063280,98
8.396659946,5064626,1346
8.398828111,5064740,114
8.398828111,5066070,1330
8.400996676,5066200,130
8.400996676,5067514,1314
8.403171467,5067660,146
8.403171467,5068958,1298
8.405339632,5069120,162
8.405339632,5070402,1282
8.407507797,5070580,178
8.407507797,5071846,1266
8.409760271,5072040,194
8.409760271,5073290,1250
8.411928436,5073500,210
8.411928436,5074734,1234
8.414096601,5074960,226
8.414096601,5076178,1218
8.416264766,5076420,242
8.416264766,5077622,1202
8.418432931,5077880,258
8.418432931,5079066,1186
8.420601096,5079340,274
8.420601096,5080510,1170
8.422860596,5080800,290
8.422860596,5081954,1154
8.425028761,5082260,306
8.425028761,5083398,1138
8.427196926,5083720,322
8.427196926,5084842,1122
8.429365091,5085180,338
8.429365091,5086286,1106
8.431533256,5086640,354
8.431533256,5087730,1090
8.433701421,5088100,370
8.433701421,5089174,1074
8.435869586,5089560,386
8.435869586,5090618,1058
8.438122060,5091020,402
8.438122060,5092062,1042
8.440290225,5092480,418
8.440290225,5093506,1026
8.442458790,5093940,434
8.442458790,5094950,1010
8.444633581,5095400,450
8.444633581,5096394,994
8.446801746,5096860,466
8.446801746,5097838,978
8.448969911,5098320,482
8.448969911,5099282,962
8.451222385,5099780,498
8.451222385,5100726,946
8.453632171,5101240,514
8.453632171,5102170,930
8.456041957,5102700,530
8.456041957,5103614,914
8.458451743,5104160,546
8.458451743,5105058,898
8.460861529,5105620,562
8.460861529,5106502,882
8.463365420,5107080,578
8.463365420,5107946,866
8.465782615,5108540,594
8.465782615,5109390,850
8.468192401,5110000,610
8.468192401,5110834,834
8.470602187,5111460,626
8.470602187,5112278,818
8.473011973,5112920,642
8.473011973,5113722,802
8.475421759,5114380,658
8.475421759,5115166,786
8.477831545,5115840,674
8.477831545,5116610,770
8.480241331,5117300,690
8.480241331,5118054,754
8.482744822,5118760,706
8.482744822,5119498,738
8.485154608,5120220,722
8.485154608,5120942,722
8.487564794,5121680,738
8.487564794,5122386,706
8.489981989,5123140,754
8.489981989,5123830,690
8.492391775,5124600,770
8.492391775,5125274,674
8.494895266,5126060,786
8.494895266,5126718,658
8.497305052,5127520,802
8.497305052,5128162,642
8.499714838,5128980,818
8.499714838,5129606,626
8.502124624,5130440,834
8.502124624,5131050,610
8.504534410,5131900,850
8.504534410,5132494,594
8.506944196,5133360,866
8.506944196,5133938,578
8.509353982,5134820,882
8.509353982,5135382,562
8.511764168,5136280,898
8.511764168,5136826,546
8.514275068,5137740,914
8.514275068,5138270,530
8.516684854,5139200,930
8.516684854,5139714,514
8.519094640,5140660,946
8.519094640,5141158,498
8.521504426,5142120,962
8.521504426,5142602,482
8.523914212,5143580,978
8.523914212,5144046,466
8.526417703,5145040,994
8.526417703,5145490,450
8.528827489,5146500,1010
8.528827489,5146934,434
8.531237275,5147960,1026
8.531237275,5148378,418
8.533647461,5149420,1042
8.533647461,5149822,402
8.536064656,5150880,1058
8.536064656,5151266,386
8.538474442,5152340,1074
8.538474442,5152710,370
8.540884228,5153800,1090
8.540884228,5154154,354
8.543294014,5155260,1106
8.543294014,5155598,338
8.545797505,5156720,1122
8.545797505,5157042,322
8.548207291,5158180,1138
8.548207291,5158486,306
8.550617077,5159640,1154
8.550617077,5159930,290
8.552709989,5161100,1170
8.552709989,5161374,274
8.554802901,5162560,1186
8.554802901,5162818,258
8.556983978,5164020,1202
8.556983978,5164262,242
8.559076890,5165480,1218
8.559076890,5165706,226
8.561169802,5166940,1234
8.561169802,5167150,210
8.563262714,5168400,1250
8.563262714,5168594,194
8.565355626,5169860,1266
8.565355626,5170038,178
8.567529921,5171320,1282
8.567529921,5171482,162
8.569622833,5172780,1298
8.569622833,5172926,146
8.571715745,5174240,1314
8.571715745,5174370,130
8.573808657,5175700,1330
8.573808657,5175814,114
8.575901969,5177160,1346
8.575901969,5177258,98
8.578001263,5178620,1362
8.578001263,5178702,82
8.580094175,5180080,1378
8.580094175,5180146,66
8.582187007,5181540,1394
8.582187007,5181590,50
8.584359945,5183000,1410
8.584359945,5183034,34
8.586451500,5184460,1426
8.586451500,5184478,18
8.588543055,5185920,1442
8.588543055,5185922,2
8.590634690,5187374,1452
8.592727602,5187380,6
8.592727602,5188819,1439
8.594902297,5188840,21
8.594902297,5190264,1424
8.597001591,5190300,36
8.597001591,5191709,1409
8.599094503,5191760,51
8.599094503,5193154,1394
8.601187415,5193220,66
8.601187415,5194598,1378
8.603280327,5194680,82
8.603280327,5196042,1362
8.605373239,5196140,98
8.605373239,5197486,1346
8.607466151,5197600,114
8.607466151,5198930,1330
8.609559063,5199060,130
8.609559063,5200374,1314
8.611733358,5200520,146
8.611733358,5201818,1298
8.613826270,5201980,162
8.613826270,5203262,1282
8.615919582,5203440,178
8.615919582,5204706,1266
8.618018876,5204900,194
8.618018876,5206150,1250
8.620111788,5206360,210
8.620111788,5207594,1234
8.622286083,5207820,226
8.622286083,5209038,1218
8.624378995,5209280,242
8.624378995,5210482,1202
8.626471907,5210740,258
8.626471907,5211926,1186
8.628564819,5212200,274
8.628564819,5213370,1170
8.630657731,5213660,290
8.630657731,5214814,1154
8.632750643,5215120,306
8.632750643,5216258,1138
8.634843555,5216580,322
8.634843555,5217702,1122
8.636936867,5218040,338
8.636936867,5219146,1106
8.639117544,5219500,354
8.639117544,5220590,1090
8.641210456,5220960,370
8.641210456,5222034,1074
8.643303368,5222420,386
8.643303368,5223478,1058
8.645396280,5223880,402
8.645396280,5224922,1042
8.647489192,5225340,418
8.647489192,5226366,1026
8.649663487,5226800,434
8.649663487,5227810,1010
8.651756399,5228260,450
8.651756399,5229254,994
8.653994751,5229720,466
8.653994751,5230698,978
8.656233503,5231180,482
8.656233503,5232142,962
8.658478708,5232640,498
8.658478708,5233586,946
8.660804099,5234100,514
8.660804099,5235030,930
8.663042451,5235560,530
8.663042451,5236474,914
8.665280803,5237020,546
8.665280803,5237918,898
8.667519155,5238480,562
8.667519155,5239362,882
8.669757507,5239940,578
8.669757507,5240806,866
8.671995859,5241400,594
8.671995859,5242250,850
8.673099572,5242860,610
8.673099572,5242880,20
