1.05222	0	0	0	0	
1.15443	0	1200	1200	0	
1.15632	0	2400	2400	0	
1.15858	1	0	0	0	
1.16087	1	1456	1456	0	
1.16087	1	1460	1460	0	
1.16492	1	2905	2905	0	
1.16492	1	2920	2920	0	
1.17492	1	4354	4354	0	
1.17492	1	4380	4380	0	
1.26728	1	5803	5803	0	
1.26728	1	5840	5840	0	
1.26936	1	7252	7252	0	
1.26936	1	7300	7300	0	
1.27144	1	8701	8701	0	
1.27144	1	8760	8760	0	
1.27352	1	10150	10150	0	
1.27352	1	10220	10220	0	
1.2756	1	11598	11598	0	
1.2756	1	11680	11680	0	
1.27768	1	13046	13046	0	
1.27768	1	13140	13140	0	
1.28728	1	14494	14494	0	
1.28728	1	14600	14600	0	
1.28936	1	15942	15942	0	
1.28936	1	16060	16060	0	
1.37386	1	17390	17390	0	
1.37386	1	17520	17520	0	
1.37599	1	18834	18834	0	
1.37599	1	18980	18980	0	
1.37813	1	20278	20278	0	
1.37813	1	20440	20440	0	
1.38027	1	21722	21722	0	
1.38027	1	21900	21900	0	
1.3824	1	23166	23166	0	
1.3824	1	23360	23360	0	
1.38454	1	24610	24610	0	
1.38454	1	24820	24820	0	
1.38668	1	26054	26054	0	
1.38668	1	26280	26280	0	
1.38881	1	27498	27498	0	
1.38881	1	27740	27740	0	
1.39094	1	28942	28942	0	
1.39094	1	29200	29200	0	
1.39308	1	30386	30386	0	
1.39308	1	30660	30660	0	
1.39522	1	31830	31830	0	
1.39522	1	32120	32120	0	
1.39735	1	33274	33274	0	
1.39735	1	33580	33580	0	
1.39957	1	34718	34718	0	
1.39957	1	35040	35040	0	
1.4017	1	36162	36162	0	
1.4017	1	36500	36500	0	
1.40383	1	37606	37606	0	
1.40383	1	37960	37960	0	
1.40597	1	39050	39050	0	
1.40597	1	39420	39420	0	
1.48085	1	40494	40494	0	
1.48085	1	40880	40880	0	
1.48328	1	41938	41938	0	
1.48328	1	42340	42340	0	
1.48573	1	43382	43382	0	
1.48573	1	43800	43800	0	
1.48816	1	44826	44826	0	
1.48816	1	45260	45260	0	
1.4906	1	46270	46270	0	
1.4906	1	46720	46720	0	
1.49303	1	47714	47714	0	
1.49303	1	48180	48180	0	
1.49547	1	49158	49158	0	
1.49547	1	49640	49640	0	
1.4979	1	50602	50602	0	
1.4979	1	51100	51100	0	
1.50033	1	52046	52046	0	
1.50033	1	52560	52560	0	
1.50277	1	53490	53490	0	
1.50277	1	54020	54020	0	
1.5052	1	54934	54934	0	
1.5052	1	55480	55480	0	
1.50763	1	56378	56378	0	
1.50763	1	56940	56940	0	
1.51006	1	57822	57822	0	
1.51006	1	58400	58400	0	
1.5125	1	59266	59266	0	
1.5125	1	59860	59860	0	
1.51494	1	60710	60710	0	
1.51494	1	61320	61320	0	
1.51737	1	62154	62154	0	
1.51737	1	62780	62780	0	
1.5198	1	63598	63598	0	
1.5198	1	64240	64240	0	
1.52223	1	65042	65042	0	
1.52223	1	65700	65700	0	
1.52476	1	66486	66486	0	
1.52476	1	67160	67160	0	
1.52719	1	67930	67930	0	
1.52719	1	68620	68620	0	
1.52962	1	69374	69374	0	
1.52962	1	70080	70080	0	
1.53205	1	70818	70818	0	
1.53205	1	71540	71540	0	
1.53449	1	72262	72262	0	
1.53449	1	73000	73000	0	
1.53693	1	73706	73706	0	
1.53693	1	74460	74460	0	
1.53936	1	75150	75150	0	
1.53936	1	75920	75920	0	
1.54179	1	76594	76594	0	
1.54179	1	77380	77380	0	
1.54422	1	78038	78038	0	
1.54422	1	78840	78840	0	
1.54666	1	79482	79482	0	
1.54666	1	80300	80300	0	
1.54918	1	80926	80926	0	
1.54918	1	81760	81760	0	
1.55161	1	82370	82370	0	
1.55161	1	83220	83220	0	
1.55392	1	83814	83814	0	
1.55392	1	84680	84680	0	
1.55623	1	85258	85258	0	
1.55623	1	86140	86140	0	
1.58587	1	86702	86702	0	
1.58587	1	87600	87600	0	
1.58818	1	88146	88146	0	
1.58818	1	89060	89060	0	
1.59049	1	89590	89590	0	
1.59049	1	90520	90520	0	
1.5928	1	91034	91034	0	
1.5928	1	91980	91980	0	
1.5951	1	92478	92478	0	
1.5951	1	93440	93440	0	
1.59741	1	93922	93922	0	
1.59741	1	94900	94900	0	
1.59972	1	95366	95366	0	
1.59972	1	96360	96360	0	
1.60203	1	96810	96810	0	
1.60203	1	97820	97820	0	
1.60434	1	98254	98254	0	
1.60434	1	99280	99280	0	
1.60664	1	99698	99698	0	
1.60664	1	100740	100740	0	
1.60905	1	101142	101142	0	
1.60905	1	102200	102200	0	
1.61135	1	102586	102586	0	
1.61135	1	103660	103660	0	
1.61366	1	104030	104030	0	
1.61366	1	105120	105120	0	
1.61597	1	105474	105474	0	
1.61597	1	106580	106580	0	
1.61828	1	106918	106918	0	
1.61828	1	108040	108040	0	
1.62059	1	108362	108362	0	
1.62059	1	109500	109500	0	
1.6229	1	109806	109806	0	
1.6229	1	110960	110960	0	
1.6252	1	111250	111250	0	
1.6252	1	112420	112420	0	
1.62751	1	112694	112694	0	
1.62751	1	113880	113880	0	
1.62982	1	114138	114138	0	
1.62982	1	115340	115340	0	
1.63213	1	115582	115582	0	
1.63213	1	116800	116800	0	
1.63444	1	117026	117026	0	
1.63444	1	118260	118260	0	
1.63684	1	118470	118470	0	
1.63684	1	119720	119720	0	
1.63915	1	119914	119914	0	
1.63915	1	121180	121180	0	
1.64145	1	121358	121358	0	
1.64145	1	122640	122640	0	
1.64376	1	122802	122802	0	
1.64376	1	124100	124100	0	
1.64607	1	124246	124246	0	
1.64607	1	125560	125560	0	
1.64838	1	125690	125690	0	
1.64838	1	127020	127020	0	
1.65069	1	127134	127134	0	
1.65069	1	128480	128480	0	
1.65296	1	128578	128578	0	
1.65296	1	129940	129940	0	
1.65523	1	130022	130022	0	
1.65523	1	131400	131400	0	
1.65751	1	131466	131466	0	
1.65751	1	132860	132860	0	
1.65977	1	132910	132910	0	
1.65977	1	134320	134320	0	
1.66204	1	134354	134354	0	
1.66204	1	135780	135780	0	
1.6644	1	135798	135798	0	
1.6644	1	137240	137240	0	
1.66667	1	137242	137242	0	
1.66894	1	138694	138694	0	
1.66894	1	138700	138700	0	
1.67121	1	140139	140139	0	
1.67121	1	140160	140160	0	
1.67348	1	141584	141584	0	
1.67348	1	141620	141620	0	
1.67575	1	143029	143029	0	
1.67575	1	143080	143080	0	
1.67802	1	144474	144474	0	
1.67802	1	144540	144540	0	
1.6803	1	145918	145918	0	
1.6803	1	146000	146000	0	
1.68257	1	147362	147362	0	
1.68257	1	147460	147460	0	
1.68484	1	148806	148806	0	
1.68484	1	148920	148920	0	
1.68711	1	150250	150250	0	
1.68711	1	150380	150380	0	
1.68938	1	151694	151694	0	
1.68938	1	151840	151840	0	
1.69165	1	153138	153138	0	
1.69165	1	153300	153300	0	
1.69392	1	154582	154582	0	
1.69392	1	154760	154760	0	
1.69619	1	156026	156026	0	
1.69619	1	156220	156220	0	
1.69846	1	157470	157470	0	
1.69846	1	157680	157680	0	
1.70081	1	158914	158914	0	
1.70081	1	159140	159140	0	
1.70309	1	160358	160358	0	
1.70309	1	160600	160600	0	
1.70536	1	161802	161802	0	
1.70536	1	162060	162060	0	
1.70763	1	163246	163246	0	
1.70763	1	163520	163520	0	
1.7099	1	164690	164690	0	
1.7099	1	164980	164980	0	
1.71217	1	166134	166134	0	
1.71217	1	166440	166440	0	
1.71444	1	167578	167578	0	
1.71444	1	167900	167900	0	
1.71671	1	169022	169022	0	
1.71671	1	169360	169360	0	
1.71898	1	170466	170466	0	
1.71898	1	170820	170820	0	
1.72125	1	171910	171910	0	
1.72125	1	172280	172280	0	
1.72361	1	173354	173354	0	
1.72361	1	173740	173740	0	
1.72589	1	174798	174798	0	
1.72589	1	175200	175200	0	
1.72816	1	176242	176242	0	
1.72816	1	176660	176660	0	
1.73043	1	177686	177686	0	
1.73043	1	178120	178120	0	
1.73278	1	179130	179130	0	
1.73278	1	179580	179580	0	
1.73506	1	180574	180574	0	
1.73506	1	181040	181040	0	
1.73733	1	182018	182018	0	
1.73733	1	182500	182500	0	
1.7396	1	183462	183462	0	
1.7396	1	183960	183960	0	
1.74188	1	184906	184906	0	
1.74188	1	185420	185420	0	
1.74415	1	186350	186350	0	
1.74415	1	186880	186880	0	
1.74642	1	187794	187794	0	
1.74642	1	188340	188340	0	
1.7487	1	189238	189238	0	
1.7487	1	189800	189800	0	
1.75097	1	190682	190682	0	
1.75097	1	191260	191260	0	
1.75343	1	192126	192126	0	
1.75343	1	192720	192720	0	
1.7559	1	193570	193570	0	
1.7559	1	194180	194180	0	
1.75836	1	195014	195014	0	
1.75836	1	195640	195640	0	
1.76092	1	196458	196458	0	
1.76092	1	197100	197100	0	
1.76338	1	197902	197902	0	
1.76338	1	198560	198560	0	
1.76584	1	199346	199346	0	
1.76584	1	200020	200020	0	
1.76831	1	200790	200790	0	
1.76831	1	201480	201480	0	
1.77077	1	202234	202234	0	
1.77077	1	202940	202940	0	
1.77324	1	203678	203678	0	
1.77324	1	204400	204400	0	
1.77571	1	205122	205122	0	
1.77571	1	205860	205860	0	
1.77817	1	206566	206566	0	
1.77817	1	207320	207320	0	
1.78063	1	208010	208010	0	
1.78063	1	208780	208780	0	
1.7831	1	209454	209454	0	
1.7831	1	210240	210240	0	
1.78556	1	210898	210898	0	
1.78556	1	211700	211700	0	
1.78802	1	212342	212342	0	
1.78802	1	213160	213160	0	
1.79049	1	213786	213786	0	
1.79049	1	214620	214620	0	
1.79295	1	215230	215230	0	
1.79295	1	216080	216080	0	
1.79541	1	216674	216674	0	
1.79541	1	217540	217540	0	
1.79788	1	218118	218118	0	
1.79788	1	219000	219000	0	
1.80044	1	219562	219562	0	
1.80044	1	220460	220460	0	
1.8029	1	221006	221006	0	
1.8029	1	221920	221920	0	
1.80537	1	222450	222450	0	
1.80537	1	223380	223380	0	
1.80783	1	223894	223894	0	
1.80783	1	224840	224840	0	
1.81029	1	225338	225338	0	
1.81029	1	226300	226300	0	
1.81276	1	226782	226782	0	
1.81276	1	227760	227760	0	
1.81522	1	228226	228226	0	
1.81522	1	229220	229220	0	
1.81768	1	229670	229670	0	
1.81768	1	230680	230680	0	
1.82015	1	231114	231114	0	
1.82015	1	232140	232140	0	
1.82261	1	232558	232558	0	
1.82261	1	233600	233600	0	
1.82508	1	234002	234002	0	
1.82508	1	235060	235060	0	
1.82755	1	235446	235446	0	
1.82755	1	236520	236520	0	
1.8301	1	236890	236890	0	
1.8301	1	237980	237980	0	
1.83256	1	238334	238334	0	
1.83256	1	239440	239440	0	
1.83503	1	239778	239778	0	
1.83503	1	240900	240900	0	
1.83749	1	241222	241222	0	
1.83749	1	242360	242360	0	
1.83995	1	242666	242666	0	
1.83995	1	243820	243820	0	
1.84242	1	244110	244110	0	
1.84242	1	245280	245280	0	
1.84488	1	245554	245554	0	
1.84488	1	246740	246740	0	
1.84734	1	246998	246998	0	
1.84734	1	248200	248200	0	
1.84982	1	248442	248442	0	
1.84982	1	249660	249660	0	
1.85228	1	249886	249886	0	
1.85228	1	251120	251120	0	
1.85481	1	251330	251330	0	
1.85481	1	252580	252580	0	
1.85725	1	252774	252774	0	
1.85725	1	254040	254040	0	
1.85968	1	254218	254218	0	
1.85968	1	255500	255500	0	
1.86212	1	255662	255662	0	
1.86212	1	256960	256960	0	
1.86456	1	257106	257106	0	
1.86456	1	258420	258420	0	
1.867	1	258550	258550	0	
1.867	1	259880	259880	0	
1.86944	1	259994	259994	0	
1.86944	1	261340	261340	0	
1.87188	1	261438	261438	0	
1.87188	1	262800	262800	0	
1.87432	1	262882	262882	0	
1.87432	1	264260	264260	0	
1.87693	1	264326	264326	0	
1.87693	1	265720	265720	0	
1.87931	1	265770	265770	0	
1.87931	1	267180	267180	0	
1.88169	1	267214	267214	0	
1.88169	1	268640	268640	0	
1.8891	1	268658	268658	0	
1.8891	1	270100	270100	0	
1.89304	1	270102	270102	0	
1.89541	1	271554	271554	0	
1.89541	1	271560	271560	0	
1.89779	1	272999	272999	0	
1.89779	1	273020	273020	0	
1.90017	1	274444	274444	0	
1.90017	1	274480	274480	0	
1.90255	1	275889	275889	0	
1.90255	1	275940	275940	0	
1.90502	1	277334	277334	0	
1.90502	1	277400	277400	0	
1.9074	1	278778	278778	0	
1.9074	1	278860	278860	0	
1.90978	1	280222	280222	0	
1.90978	1	280320	280320	0	
1.91216	1	281666	281666	0	
1.91216	1	281780	281780	0	
1.91454	1	283110	283110	0	
1.91454	1	283240	283240	0	
1.91692	1	284554	284554	0	
1.91692	1	284700	284700	0	
1.91929	1	285998	285998	0	
1.91929	1	286160	286160	0	
1.92167	1	287442	287442	0	
1.92167	1	287620	287620	0	
1.92405	1	288886	288886	0	
1.92405	1	289080	289080	0	
1.92643	1	290330	290330	0	
1.92643	1	290540	290540	0	
1.9289	1	291774	291774	0	
1.9289	1	292000	292000	0	
1.93128	1	293218	293218	0	
1.93128	1	293460	293460	0	
1.93366	1	294662	294662	0	
1.93366	1	294920	294920	0	
1.93604	1	296106	296106	0	
1.93604	1	296380	296380	0	
1.93842	1	297550	297550	0	
1.93842	1	297840	297840	0	
1.94079	1	298994	298994	0	
1.94079	1	299300	299300	0	
1.94317	1	300438	300438	0	
1.94317	1	300760	300760	0	
1.94562	1	301882	301882	0	
1.94562	1	302220	302220	0	
1.94806	1	303326	303326	0	
1.94806	1	303680	303680	0	
1.95044	1	304770	304770	0	
1.95044	1	305140	305140	0	
1.95274	1	306214	306214	0	
1.95274	1	306600	306600	0	
1.9551	1	307658	307658	0	
1.9551	1	308060	308060	0	
1.95734	1	309102	309102	0	
1.95734	1	309520	309520	0	
1.95964	1	310546	310546	0	
1.95964	1	310980	310980	0	
1.96188	1	311990	311990	0	
1.96188	1	312440	312440	0	
1.96412	1	313434	313434	0	
1.96412	1	313900	313900	0	
1.96636	1	314878	314878	0	
1.96636	1	315360	315360	0	
1.96859	1	316322	316322	0	
1.96859	1	316820	316820	0	
1.97092	1	317766	317766	0	
1.97092	1	318280	318280	0	
1.97316	1	319210	319210	0	
1.97316	1	319740	319740	0	
1.97539	1	320654	320654	0	
1.97539	1	321200	321200	0	
1.97763	1	322098	322098	0	
1.97763	1	322660	322660	0	
1.97987	1	323542	323542	0	
1.97987	1	324120	324120	0	
1.98211	1	324986	324986	0	
1.98211	1	325580	325580	0	
1.98435	1	326430	326430	0	
1.98435	1	327040	327040	0	
1.98658	1	327874	327874	0	
1.98658	1	328500	328500	0	
1.98882	1	329318	329318	0	
1.98882	1	329960	329960	0	
1.99106	1	330762	330762	0	
1.99106	1	331420	331420	0	
1.99338	1	332206	332206	0	
1.99338	1	332880	332880	0	
1.99562	1	333650	333650	0	
1.99562	1	334340	334340	0	
1.99786	1	335094	335094	0	
1.99786	1	335800	335800	0	
2.0001	1	336538	336538	0	
2.0001	1	337260	337260	0	
2.00234	1	337982	337982	0	
2.00234	1	338720	338720	0	
2.00457	1	339426	339426	0	
2.00457	1	340180	340180	0	
2.00681	1	340870	340870	0	
2.00681	1	341640	341640	0	
2.00905	1	342314	342314	0	
2.00905	1	343100	343100	0	
2.01129	1	343758	343758	0	
2.01129	1	344560	344560	0	
2.01353	1	345202	345202	0	
2.01353	1	346020	346020	0	
2.01577	1	346646	346646	0	
2.01577	1	347480	347480	0	
2.018	1	348090	348090	0	
2.018	1	348940	348940	0	
2.02033	1	349534	349534	0	
2.02033	1	350400	350400	0	
2.02257	1	350978	350978	0	
2.02257	1	351860	351860	0	
2.02481	1	352422	352422	0	
2.02481	1	353320	353320	0	
2.02705	1	353866	353866	0	
2.02705	1	354780	354780	0	
2.02928	1	355310	355310	0	
2.02928	1	356240	356240	0	
2.03152	1	356754	356754	0	
2.03152	1	357700	357700	0	
2.03376	1	358198	358198	0	
2.03376	1	359160	359160	0	
2.036	1	359642	359642	0	
2.036	1	360620	360620	0	
2.03824	1	361086	361086	0	
2.03824	1	362080	362080	0	
2.04047	1	362530	362530	0	
2.04047	1	363540	363540	0	
2.04271	1	363974	363974	0	
2.04271	1	365000	365000	0	
2.04495	1	365418	365418	0	
2.04495	1	366460	366460	0	
2.04719	1	366862	366862	0	
2.04719	1	367920	367920	0	
2.04943	1	368306	368306	0	
2.04943	1	369380	369380	0	
2.05175	1	369750	369750	0	
2.05175	1	370840	370840	0	
2.05416	1	371194	371194	0	
2.05416	1	372300	372300	0	
2.05656	1	372638	372638	0	
2.05656	1	373760	373760	0	
2.05896	1	374082	374082	0	
2.05896	1	375220	375220	0	
2.06137	1	375526	375526	0	
2.06137	1	376680	376680	0	
2.06377	1	376970	376970	0	
2.06377	1	378140	378140	0	
2.06617	1	378414	378414	0	
2.06617	1	379600	379600	0	
2.06858	1	379858	379858	0	
2.06858	1	381060	381060	0	
2.07098	1	381302	381302	0	
2.07098	1	382520	382520	0	
2.07338	1	382746	382746	0	
2.07338	1	383980	383980	0	
2.07578	1	384190	384190	0	
2.07578	1	385440	385440	0	
2.07819	1	385634	385634	0	
2.07819	1	386900	386900	0	
2.08069	1	387078	387078	0	
2.08069	1	388360	388360	0	
2.08309	1	388522	388522	0	
2.08309	1	389820	389820	0	
2.08549	1	389966	389966	0	
2.08549	1	391280	391280	0	
2.08789	1	391410	391410	0	
2.08789	1	392740	392740	0	
2.0903	1	392854	392854	0	
2.0903	1	394200	394200	0	
2.0927	1	394298	394298	0	
2.0927	1	395660	395660	0	
2.0951	1	395742	395742	0	
2.0951	1	397120	397120	0	
2.10261	1	397186	398630	0	
2.10261	1	397186	400040	1410	
2.10753	1	397186	400074	1444	
2.10753	1	397186	401500	2870	
2.11246	1	397186	401518	2888	
2.11246	1	397186	402960	4330	
2.1161	1	397186	402962	4332	
2.11851	1	397186	404414	5784	
2.11851	1	397186	404420	5790	
2.12091	1	397186	405859	7229	
2.12091	1	397186	405880	7250	
2.12331	1	397186	407304	8674	
2.12331	1	397186	407340	8710	
2.12572	1	397186	408749	10119	
2.12572	1	397186	408800	10170	
2.12842	1	397186	410194	11564	
2.12842	1	397186	410260	11630	
2.13089	1	397186	411638	13008	
2.13089	1	397186	411720	13090	
2.13336	1	397186	413082	14452	
2.13336	1	397186	413180	14550	
2.13582	1	397186	414526	15896	
2.13582	1	397186	414640	16010	
2.13823	1	397186	415970	17340	
2.13823	1	397186	416100	17470	
2.14063	1	397186	417414	18784	
2.14063	1	397186	417560	18930	
2.14303	1	397186	418858	20228	
2.14303	1	397186	419020	20390	
2.14544	1	397186	420302	21672	
2.14544	1	397186	420480	21850	
2.14784	1	397186	421746	23116	
2.14784	1	397186	421940	23310	
2.15024	1	397186	423190	24560	
2.15024	1	397186	423400	24770	
2.15228	1	397186	424634	26004	
2.15228	1	397186	424860	26230	
2.15431	1	397186	426078	27448	
2.15431	1	397186	426320	27690	
2.15642	1	397186	427522	28892	
2.15642	1	397186	427780	29150	
2.15846	1	397186	428966	30336	
2.15846	1	397186	429240	30610	
2.16049	1	397186	430410	31780	
2.16049	1	397186	430700	32070	
2.16252	1	397186	431854	33224	
2.16252	1	397186	432160	33530	
2.16456	1	397186	433298	34668	
2.16456	1	397186	433620	34990	
2.16659	1	397186	434742	36112	
2.16659	1	397186	435080	36450	
2.16862	1	397186	436186	37556	
2.16862	1	397186	436540	37910	
2.17065	1	397186	437630	39000	
2.17065	1	397186	438000	39370	
2.17269	1	397186	439074	40444	
2.17269	1	397186	439460	40830	
2.17472	1	397186	440518	41888	
2.17472	1	397186	440920	42290	
2.17675	1	397186	441962	43332	
2.17675	1	397186	442380	43750	
2.17879	1	397186	443406	44776	
2.17879	1	397186	443840	45210	
2.1809	1	397186	444850	46220	
2.1809	1	397186	445300	46670	
2.18293	1	397186	446294	47664	
2.18293	1	397186	446760	48130	
2.18497	1	397186	447738	49108	
2.18497	1	397186	448220	49590	
2.187	1	397186	449182	50552	
2.187	1	397186	449680	51050	
2.18903	1	397186	450626	51996	
2.18903	1	397186	451140	52510	
2.19107	1	397186	452070	53440	
2.19107	1	397186	452600	53970	
2.1931	1	397186	453514	54884	
2.1931	1	397186	454060	55430	
2.19513	1	397186	454958	56328	
2.19513	1	397186	455520	56890	
2.19717	1	397186	456402	57772	
2.19717	1	397186	456980	58350	
2.1992	1	397186	457846	59216	
2.1992	1	397186	458440	59810	
2.20123	1	397186	459290	60660	
2.20123	1	397186	459900	61270	
2.20327	1	397186	460734	62104	
2.20327	1	397186	461360	62730	
2.2053	1	397186	462178	63548	
2.2053	1	397186	462820	64190	
2.20733	1	397186	463622	64992	
2.20733	1	397186	464280	65650	
2.20936	1	397186	465066	66436	
2.20936	1	397186	465740	67110	
2.2114	1	397186	466510	67880	
2.2114	1	397186	467200	68570	
2.21351	1	397186	467954	69324	
2.21351	1	397186	468660	70030	
2.21555	1	397186	469398	70768	
2.21555	1	397186	470120	71490	
2.21758	1	397186	470842	72212	
2.21758	1	397186	471580	72950	
2.21961	1	397186	472286	73656	
2.21961	1	397186	473040	74410	
2.22164	1	397186	473730	75100	
2.22164	1	397186	474500	75870	
2.22368	1	397186	475174	76544	
2.22368	1	397186	475960	77330	
2.22571	1	397186	476618	77988	
2.22571	1	397186	477420	78790	
2.22774	1	397186	478062	79432	
2.22774	1	397186	478880	80250	
2.22978	1	397186	479506	80876	
2.22978	1	397186	480340	81710	
2.23181	1	397186	480950	82320	
2.23181	1	397186	481800	83170	
2.23392	1	397186	482394	83764	
2.23392	1	397186	483260	84630	
2.23596	1	397186	483838	85208	
2.23596	1	397186	484720	86090	
2.23799	1	397186	485282	86652	
2.23799	1	397186	486180	87550	
2.24002	1	397186	486726	88096	
2.24002	1	397186	487640	89010	
2.24211	1	397186	488170	89540	
2.24211	1	397186	489100	90470	
2.2442	1	397186	489614	90984	
2.2442	1	397186	490560	91930	
2.24629	1	397186	491058	92428	
2.24629	1	397186	492020	93390	
2.24838	1	397186	492502	93872	
2.24838	1	397186	493480	94850	
2.25047	1	397186	493946	95316	
2.25047	1	397186	494940	96310	
2.25273	1	397186	495390	96760	
2.25273	1	397186	496400	97770	
2.25492	1	397186	496834	98204	
2.25492	1	397186	497860	99230	
2.25711	1	397186	498278	99648	
2.25711	1	397186	499320	100690	
2.2593	1	397186	499722	101092	
2.2593	1	397186	500780	102150	
2.2615	1	397186	501166	102536	
2.2615	1	397186	502240	103610	
2.26369	1	397186	502610	103980	
2.26369	1	397186	503700	105070	
2.26588	1	397186	504054	105424	
2.26588	1	397186	505160	106530	
2.26807	1	397186	505498	106868	
2.26807	1	397186	506620	107990	
2.27027	1	397186	506942	108312	
2.27027	1	397186	508080	109450	
2.27255	1	397186	508386	109756	
2.27255	1	397186	509540	110910	
2.27474	1	397186	509830	111200	
2.27474	1	397186	511000	112370	
2.27693	1	397186	511274	112644	
2.27693	1	397186	512460	113830	
2.27912	1	397186	512718	114088	
2.27912	1	397186	513920	115290	
2.28132	1	397186	514162	115532	
2.28132	1	397186	515380	116750	
2.28351	1	397186	515606	116976	
2.28351	1	397186	516840	118210	
2.2857	1	397186	517050	118420	
2.2857	1	397186	518300	119670	
2.28789	1	397186	518494	119864	
2.28789	1	397186	519760	121130	
2.29009	1	397186	519938	121308	
2.29009	1	397186	521220	122590	
2.29228	1	397186	521382	122752	
2.29228	1	397186	522680	124050	
2.29692	1	397186	524270	124196	
2.29692	1	397186	525600	125526	
2.30142	1	397186	527158	125640	
2.30142	1	397186	528520	127002	
2.30361	1	397186	528602	127084	
2.30361	1	397186	529980	128462	
2.3058	1	397186	531490	128528	
2.3058	1	397186	532900	129938	
2.308	1	397186	532934	129972	
2.308	1	397186	534360	131398	
2.31019	1	397186	534378	131416	
2.31019	1	397186	535820	132858	
2.31238	1	397186	535822	132860	
2.31457	1	397186	537274	134312	
2.31457	1	397186	537280	134318	
2.31677	1	397186	538719	135757	
2.31677	1	397186	538740	135778	
2.31905	1	397186	540164	137202	
2.31905	1	397186	540200	137238	
2.32124	1	397186	541609	138647	
2.32124	1	397186	541660	138698	
2.32343	1	397186	543054	140092	
2.32343	1	397186	543120	140158	
2.32562	1	397186	544498	141536	
2.32562	1	397186	544580	141618	
2.32782	1	397186	545942	142980	
2.32782	1	397186	546040	143078	
2.33001	1	397186	547386	144424	
2.33001	1	397186	547500	144538	
2.3322	1	397186	548830	145868	
2.3322	1	397186	548960	145998	
2.33439	1	397186	550274	147312	
2.33439	1	397186	550420	147458	
2.33659	1	397186	551718	148756	
2.33659	1	397186	551880	148918	
2.33878	1	397186	553162	150200	
2.33878	1	397186	553340	150378	
2.34097	1	397186	554606	151644	
2.34097	1	397186	554800	151838	
2.34316	1	397186	556050	153088	
2.34316	1	397186	556260	153298	
2.34536	1	397186	557494	154532	
2.34536	1	397186	557720	154758	
2.34755	1	397186	558938	155976	
2.34755	1	397186	559180	156218	
2.34974	1	397186	560382	157420	
2.34974	1	397186	560640	157678	
2.35193	1	397186	561826	158864	
2.35193	1	397186	562100	159138	
2.35438	1	397186	563270	160308	
2.35438	1	397186	563560	160598	
2.35673	1	397186	564714	161752	
2.35673	1	397186	565020	162058	
2.35908	1	397186	566158	163196	
2.35908	1	397186	566480	163518	
2.36143	1	397186	567602	164640	
2.36143	1	397186	567940	164978	
2.36379	1	397186	569046	166084	
2.36379	1	397186	569400	166438	
2.36614	1	397186	570490	167528	
2.36614	1	397186	570860	167898	
2.36849	1	397186	571934	168972	
2.36849	1	397186	572320	169358	
2.37084	1	397186	573378	170416	
2.37084	1	397186	573780	170818	
2.37319	1	397186	574822	171860	
2.37319	1	397186	575240	172278	
2.37554	1	397186	576266	173304	
2.37554	1	397186	576700	173738	
2.37789	1	397186	577710	174748	
2.37789	1	397186	578160	175198	
2.38024	1	397186	579154	176192	
2.38024	1	397186	579620	176658	
2.38269	1	397186	580598	177636	
2.38269	1	397186	581080	178118	
2.38504	1	397186	582042	179080	
2.38504	1	397186	582540	179578	
2.38739	1	397186	583486	180524	
2.38739	1	397186	584000	181038	
2.38974	1	397186	584930	181968	
2.38974	1	397186	585460	182498	
2.39209	1	397186	586374	183412	
2.39209	1	397186	586920	183958	
2.39445	1	397186	587818	184856	
2.39445	1	397186	588380	185418	
2.3968	1	397186	589262	186300	
2.3968	1	397186	589840	186878	
2.39915	1	397186	590706	187744	
2.39915	1	397186	591300	188338	
2.4015	1	397186	592150	189188	
2.4015	1	397186	592760	189798	
2.40385	1	397186	593594	190632	
2.40385	1	397186	594220	191258	
2.4062	1	397186	595038	192076	
2.4062	1	397186	595680	192718	
2.40855	1	397186	596482	193520	
2.40855	1	397186	597140	194178	
2.4109	1	397186	597926	194964	
2.4109	1	397186	598600	195638	
2.41326	1	397186	599370	196408	
2.41326	1	397186	600060	197098	
2.41561	1	397186	600814	197852	
2.41561	1	397186	601520	198558	
2.41796	1	397186	602258	199296	
2.41796	1	397186	602980	200018	
2.4204	1	397186	603702	200740	
2.4204	1	397186	604440	201478	
2.42276	1	397186	605146	202184	
2.42276	1	397186	605900	202938	
2.42511	1	397186	606590	203628	
2.42511	1	397186	607360	204398	
2.42746	1	397186	608034	205072	
2.42746	1	397186	608820	205858	
2.42981	1	397186	609478	206516	
2.42981	1	397186	610280	207318	
2.43216	1	397186	610922	207960	
2.43216	1	397186	611740	208778	
2.43451	1	397186	612366	209404	
2.43451	1	397186	613200	210238	
2.43686	1	397186	613810	210848	
2.43686	1	397186	614660	211698	
2.43921	1	397186	615254	212292	
2.43921	1	397186	616120	213158	
2.44157	1	397186	616698	213736	
2.44157	1	397186	617580	214618	
2.44392	1	397186	618142	215180	
2.44392	1	397186	619040	216078	
2.44627	1	397186	619586	216624	
2.44627	1	397186	620500	217538	
2.44871	1	397186	621030	218068	
2.44871	1	397186	621960	218998	
2.45106	1	397186	622474	219512	
2.45106	1	397186	623420	220458	
2.45311	1	397186	623918	220956	
2.45311	1	397186	624880	221918	
2.45516	1	397186	625362	222400	
2.45516	1	397186	626340	223378	
2.45721	1	397186	626806	223844	
2.45721	1	397186	627800	224838	
2.45926	1	397186	628250	225288	
2.45926	1	397186	629260	226298	
2.46131	1	397186	629694	226732	
2.46131	1	397186	630720	227758	
2.46336	1	397186	631138	228176	
2.46336	1	397186	632180	229218	
2.46541	1	397186	632582	229620	
2.46541	1	397186	633640	230678	
2.46746	1	397186	634026	231064	
2.46746	1	397186	635100	232138	
2.46951	1	397186	635470	232508	
2.46951	1	397186	636560	233598	
2.47156	1	397186	636914	233952	
2.47156	1	397186	638020	235058	
2.47369	1	397186	638358	235396	
2.47369	1	397186	639480	236518	
2.47574	1	397186	639802	236840	
2.47574	1	397186	640940	237978	
2.47778	1	397186	641246	238284	
2.47778	1	397186	642400	239438	
2.47983	1	397186	642690	239728	
2.47983	1	397186	643860	240898	
2.48188	1	397186	644134	241172	
2.48188	1	397186	645320	242358	
2.48393	1	397186	645578	242616	
2.48393	1	397186	646780	243818	
2.48598	1	397186	647022	244060	
2.48598	1	397186	648240	245278	
2.48803	1	397186	648466	245504	
2.48803	1	397186	649700	246738	
2.49008	1	397186	649910	246948	
2.49008	1	397186	651160	248198	
2.49213	1	397186	651354	248392	
2.49213	1	397186	652620	249658	
2.49418	1	397186	652798	249836	
2.49418	1	397186	654080	251118	
2.49623	1	397186	654242	251280	
2.49623	1	397186	655540	252578	
2.49828	1	397186	655686	252724	
2.49828	1	397186	657000	254038	
2.50032	1	397186	657130	254168	
2.50032	1	397186	658460	255498	
2.50237	1	397186	658574	255612	
2.50237	1	397186	659920	256958	
2.50442	1	397186	660018	257056	
2.50442	1	397186	661380	258418	
2.50656	1	397186	661462	258500	
2.50656	1	397186	662840	259878	
2.50861	1	397186	662906	259944	
2.50861	1	397186	664300	261338	
2.51066	1	397186	665794	261388	
2.51066	1	397186	667220	262814	
2.51271	1	397186	667238	262832	
2.51271	1	397186	668680	264274	
2.51476	1	397186	668682	264276	
2.51681	1	397186	670134	265728	
2.51681	1	397186	670140	265734	
2.51886	1	397186	671579	267173	
2.51886	1	397186	671600	267194	
2.5209	1	397186	673024	268618	
2.5209	1	397186	673060	268654	
2.52295	1	397186	674469	270063	
2.52295	1	397186	674520	270114	
2.52509	1	397186	675914	271508	
2.52509	1	397186	675980	271574	
2.52714	1	397186	677358	272952	
2.52714	1	397186	677440	273034	
2.52919	1	397186	678802	274396	
2.52919	1	397186	678900	274494	
2.53124	1	397186	680246	275840	
2.53124	1	397186	680360	275954	
2.53329	1	397186	681690	277284	
2.53329	1	397186	681820	277414	
2.53534	1	397186	683134	278728	
2.53534	1	397186	683280	278874	
2.53739	1	397186	684578	280172	
2.53739	1	397186	684740	280334	
2.53943	1	397186	686022	281616	
2.53943	1	397186	686200	281794	
2.54148	1	397186	687466	283060	
2.54148	1	397186	687660	283254	
2.54353	1	397186	688910	284504	
2.54353	1	397186	689120	284714	
2.54558	1	397186	690354	285948	
2.54558	1	397186	690580	286174	
2.54763	1	397186	691798	287392	
2.54763	1	397186	692040	287634	
2.54976	1	397186	694686	288836	
2.54976	1	397186	694960	289110	
2.55181	1	397186	696130	290280	
2.55181	1	397186	696420	290570	
2.55401	1	397186	697574	291724	
2.55401	1	397186	697880	292030	
2.55622	1	397186	699018	293168	
2.55622	1	397186	699340	293490	
2.55842	1	397186	700462	294612	
2.55842	1	397186	700800	294950	
2.56062	1	397186	701906	296056	
2.56062	1	397186	702260	296410	
2.56283	1	397186	703350	297500	
2.56283	1	397186	703720	297870	
2.56503	1	397186	704794	298944	
2.56503	1	397186	705180	299330	
2.56723	1	397186	706238	300388	
2.56723	1	397186	706640	300790	
2.56944	1	397186	707682	301832	
2.56944	1	397186	708100	302250	
2.57164	1	397186	709126	303276	
2.57164	1	397186	709560	303710	
2.57384	1	397186	710570	304720	
2.57384	1	397186	711020	305170	
2.57605	1	397186	712014	306164	
2.57605	1	397186	712480	306630	
2.57825	1	397186	713458	307608	
2.57825	1	397186	713940	308090	
2.58045	1	397186	714902	309052	
2.58045	1	397186	715400	309550	
2.58274	1	397186	716346	310496	
2.58274	1	397186	716860	311010	
2.58495	1	397186	717790	311940	
2.58495	1	397186	718320	312470	
2.58715	1	397186	719234	313384	
2.58715	1	397186	719780	313930	
2.58935	1	397186	722122	314828	
2.58935	1	397186	722700	315406	
2.59156	1	397186	723566	316272	
2.59156	1	397186	724160	316866	
2.59376	1	397186	725010	317716	
2.59376	1	397186	725620	318326	
2.59596	1	397186	726454	319160	
2.59596	1	397186	727080	319786	
2.59816	1	397186	727898	320604	
2.59816	1	397186	728540	321246	
2.60037	1	397186	729342	322048	
2.60037	1	397186	730000	322706	
2.60257	1	397186	730786	323492	
2.60257	1	397186	731460	324166	
2.60477	1	397186	732230	324936	
2.60477	1	397186	732920	325626	
2.60721	1	397186	733674	326380	
2.60721	1	397186	734380	327086	
2.60941	1	397186	735118	327824	
2.60941	1	397186	735840	328546	
2.61169	1	397186	736562	329268	
2.61169	1	397186	737300	330006	
2.61389	1	397186	738006	330712	
2.61389	1	397186	738760	331466	
2.6161	1	397186	739450	332156	
2.6161	1	397186	740220	332926	
2.6183	1	397186	742338	333600	
2.6183	1	397186	743140	334402	
2.6205	1	397186	743782	335044	
2.6205	1	397186	744600	335862	
2.62271	1	397186	745226	336488	
2.62271	1	397186	746060	337322	
2.62491	1	397186	746670	337932	
2.62491	1	397186	747520	338782	
2.62711	1	397186	748114	339376	
2.62711	1	397186	748980	340242	
2.62931	1	397186	749558	340820	
2.62931	1	397186	750440	341702	
2.63152	1	397186	751002	342264	
2.63152	1	397186	751900	343162	
2.63372	1	397186	752446	343708	
2.63372	1	397186	753360	344622	
2.63592	1	397186	753890	345152	
2.63592	1	397186	754820	346082	
2.63813	1	397186	755334	346596	
2.63813	1	397186	756280	347542	
2.64042	1	397186	756778	348040	
2.64042	1	397186	757740	349002	
2.64262	1	397186	758222	349484	
2.64262	1	397186	759200	350462	
2.64482	1	397186	759666	350928	
2.64482	1	397186	760660	351922	
2.64703	1	397186	761110	352372	
2.64703	1	397186	762120	353382	
2.64923	1	397186	762554	353816	
2.64923	1	397186	763580	354842	
2.65143	1	397186	765442	355260	
2.65143	1	397186	766500	356318	
2.65346	1	397186	766886	356704	
2.65346	1	397186	767960	357778	
2.65548	1	397186	768330	358148	
2.65548	1	397186	769420	359238	
2.6575	1	397186	769774	359592	
2.6575	1	397186	770880	360698	
2.65953	1	397186	771218	361036	
2.65953	1	397186	772340	362158	
2.66155	1	397186	772662	362480	
2.66155	1	397186	773800	363618	
2.66365	1	397186	774106	363924	
2.66365	1	397186	775260	365078	
2.66568	1	397186	775550	365368	
2.66568	1	397186	776720	366538	
2.6677	1	397186	776994	366812	
2.6677	1	397186	778180	367998	
2.66972	1	397186	778438	368256	
2.66972	1	397186	779640	369458	
2.67174	1	397186	779882	369700	
2.67174	1	397186	781100	370918	
2.67377	1	397186	781326	371144	
2.67377	1	397186	782560	372378	
2.67579	1	397186	782770	372588	
2.67579	1	397186	784020	373838	
2.67781	1	397186	784214	374032	
2.67781	1	397186	785480	375298	
2.67984	1	397186	785658	375476	
2.67984	1	397186	786940	376758	
2.68186	1	397186	787102	376920	
2.68186	1	397186	788400	378218	
2.68396	1	397186	789990	378364	
2.68396	1	397186	791320	379694	
2.68599	1	397186	791434	379808	
2.68599	1	397186	792780	381154	
2.68801	1	397186	792878	381252	
2.68801	1	397186	794240	382614	
2.69003	1	397186	794322	382696	
2.69003	1	397186	795700	384074	
2.69205	1	397186	795766	384140	
2.69205	1	397186	797160	385534	
2.69408	1	397186	797210	385584	
2.69408	1	397186	798620	386994	
2.6961	1	397186	798654	387028	
2.6961	1	397186	800080	388454	
2.69812	1	397186	800098	388472	
2.69812	1	397186	801540	389914	
2.70015	1	397186	801542	389916	
2.70225	1	397186	397186	391368	
2.70225	1	398580	398580	391368	
2.70501	1	522826	522826	267172	
2.70501	1	524140	524140	267172	
2.70714	1	525714	525714	265728	
2.70714	1	527060	527060	265728	
2.70934	1	530046	530046	262840	
2.70934	1	531440	531440	262840	
2.71333	1	664350	802994	129980	
2.71333	1	664350	803000	129986	
2.71612	1	664350	805884	131425	
2.71612	1	664350	805920	131461	
2.72012	1	664350	810218	132870	
2.72012	1	664350	810300	132952	
2.72214	1	664350	811662	134314	
2.72214	1	664350	811760	134412	
2.72417	1	664350	813106	135758	
2.72417	1	664350	813220	135872	
2.72619	1	664350	814550	137202	
2.72619	1	664350	814680	137332	
2.72821	1	664350	815994	138646	
2.72821	1	664350	816140	138792	
2.73031	1	664350	817438	140090	
2.73031	1	664350	817600	140252	
2.73234	1	664350	818882	141534	
2.73234	1	664350	819060	141712	
2.73453	1	664350	820326	142978	
2.73453	1	664350	820520	143172	
2.73656	1	664350	821770	144422	
2.73656	1	664350	821980	144632	
2.73858	1	664350	823214	145866	
2.73858	1	664350	823440	146092	
2.7406	1	664350	824658	147310	
2.7406	1	664350	824900	147552	
2.74263	1	664350	826102	148754	
2.74263	1	664350	826360	149012	
2.74476	1	664350	827546	150198	
2.74476	1	664350	827820	150472	
2.74678	1	664350	828990	151642	
2.74678	1	664350	829280	151932	
2.74889	1	664350	830434	153086	
2.74889	1	664350	830740	153392	
2.75091	1	664350	831878	154530	
2.75091	1	664350	832200	154852	
2.75314	1	664350	833322	155974	
2.75314	1	664350	833660	156312	
2.75537	1	664350	834766	157418	
2.75537	1	664350	835120	157772	
2.75759	1	664350	836210	158862	
2.75759	1	664350	836580	159232	
2.75982	1	664350	837654	160306	
2.75982	1	664350	838040	160692	
2.76205	1	664350	839098	161750	
2.76205	1	664350	839500	162152	
2.76428	1	664350	840542	163194	
2.76428	1	664350	840960	163612	
2.76651	1	664350	841986	164638	
2.76651	1	664350	842420	165072	
2.76874	1	664350	843430	166082	
2.76874	1	664350	843880	166532	
2.77097	1	664350	844874	167526	
2.77097	1	664350	845340	167992	
2.7732	1	664350	846318	168970	
2.7732	1	664350	846800	169452	
2.77542	1	664350	847762	170414	
2.77542	1	664350	848260	170912	
2.77765	1	664350	849206	171858	
2.77765	1	664350	849720	172372	
2.77988	1	664350	850650	173302	
2.77988	1	664350	851180	173832	
2.78211	1	664350	852094	174746	
2.78211	1	664350	852640	175292	
2.78434	1	664350	853538	176190	
2.78434	1	664350	854100	176752	
2.78666	1	664350	854982	177634	
2.78666	1	664350	855560	178212	
2.78889	1	664350	856426	179078	
2.78889	1	664350	857020	179672	
2.79111	1	664350	857870	180522	
2.79111	1	664350	858480	181132	
2.79334	1	664350	859314	181966	
2.79334	1	664350	859940	182592	
2.79557	1	664350	860758	183410	
2.79557	1	664350	861400	184052	
2.7978	1	664350	664350	184854	
2.7978	1	665760	665760	184854	
2.80003	1	693242	862202	157406	
2.80003	1	693242	862860	158064	
2.80226	1	693242	863646	158850	
2.80226	1	693242	864320	159524	
2.80449	1	693242	865090	160294	
2.80449	1	693242	865780	160984	
2.8068	1	693242	866534	161738	
2.8068	1	693242	867240	162444	
2.80903	1	693242	867978	163182	
2.80903	1	693242	868700	163904	
2.81126	1	693242	869422	164626	
2.81126	1	693242	870160	165364	
2.81349	1	693242	870866	166070	
2.81349	1	693242	871620	166824	
2.81572	1	693242	872310	167514	
2.81572	1	693242	873080	168284	
2.81795	1	693242	873754	168958	
2.81795	1	693242	874540	169744	
2.82018	1	693242	875198	170402	
2.82018	1	693242	876000	171204	
2.82241	1	693242	876642	171846	
2.82241	1	693242	877460	172664	
2.82472	1	693242	878086	173290	
2.82472	1	693242	878920	174124	
2.82695	1	693242	879530	174734	
2.82695	1	693242	880380	175584	
2.82918	1	693242	880974	176178	
2.82918	1	693242	881840	177044	
2.83141	1	693242	882418	177622	
2.83141	1	693242	883300	178504	
2.83364	1	693242	883862	179066	
2.83364	1	693242	884760	179964	
2.83587	1	693242	885306	180510	
2.83587	1	693242	886220	181424	
2.8381	1	693242	886750	181954	
2.8381	1	693242	887680	182884	
2.84051	1	693242	888194	183398	
2.84051	1	693242	889140	184344	
2.84282	1	693242	693242	184842	
2.84282	1	693500	693500	184842	
2.84505	1	720678	889638	158850	
2.84505	1	720678	890600	159812	
2.84728	1	720678	891082	160294	
2.84728	1	720678	892060	161272	
2.84951	1	720678	892526	161738	
2.84951	1	720678	893520	162732	
2.85174	1	720678	893970	163182	
2.85174	1	720678	894980	164192	
2.85379	1	720678	895414	164626	
2.85379	1	720678	896440	165652	
2.85584	1	720678	896858	166070	
2.85584	1	720678	897900	167112	
2.85789	1	720678	898302	167514	
2.85789	1	720678	899360	168572	
2.85994	1	720678	899746	168958	
2.85994	1	720678	900820	170032	
2.86199	1	720678	901190	170402	
2.86199	1	720678	902280	171492	
2.86412	1	720678	902634	171846	
2.86412	1	720678	903740	172952	
2.86617	1	720678	904078	173290	
2.86617	1	720678	905200	174412	
2.86822	1	720678	905522	174734	
2.86822	1	720678	906660	175872	
2.87027	1	720678	906966	176178	
2.87027	1	720678	908120	177332	
2.87232	1	720678	908410	177622	
2.87232	1	720678	909580	178792	
2.87437	1	720678	909854	179066	
2.87437	1	720678	911040	180252	
2.87642	1	720678	911298	180510	
2.87642	1	720678	912500	181712	
2.87847	1	720678	912742	181954	
2.87847	1	720678	913960	183172	
2.8806	1	720678	720678	183398	
2.8806	1	721240	721240	183398	
2.88265	1	740894	914186	164626	
2.88265	1	740894	915420	165860	
2.8847	1	740894	915630	166070	
2.8847	1	740894	916880	167320	
2.88675	1	740894	917074	167514	
2.88675	1	740894	918340	168780	
2.8888	1	740894	918518	168958	
2.8888	1	740894	919800	170240	
2.89085	1	740894	919962	170402	
2.89085	1	740894	921260	171700	
2.8929	1	740894	921406	171846	
2.8929	1	740894	922720	173160	
2.89495	1	740894	922850	173290	
2.89495	1	740894	924180	174620	
2.897	1	740894	924294	174734	
2.897	1	740894	925640	176080	
2.89913	1	740894	925738	176178	
2.89913	1	740894	927100	177540	
2.90118	1	740894	927182	177622	
2.90118	1	740894	928560	179000	
2.90363	1	740894	928626	179066	
2.90363	1	740894	930020	180460	
2.90568	1	740894	930070	180510	
2.90568	1	740894	931480	181920	
2.90773	1	740894	931514	181954	
2.90773	1	740894	932940	183380	
2.91006	1	740894	932958	183398	
2.91006	1	740894	934400	184840	
2.91211	1	740894	740894	184842	
2.91211	1	741680	741680	184842	
2.91416	1	763998	934402	163182	
2.91639	1	763998	935854	164634	
2.91639	1	763998	935860	164640	
2.92251	1	763998	938744	166079	
2.92251	1	763998	938780	166115	
2.9247	1	763998	940189	167524	
2.9247	1	763998	940240	167575	
2.92675	1	763998	941634	168969	
2.92675	1	763998	941700	169035	
2.9288	1	763998	943078	170413	
2.9288	1	763998	943160	170495	
2.93085	1	763998	944522	171857	
2.93085	1	763998	944620	171955	
2.9329	1	763998	945966	173301	
2.9329	1	763998	946080	173415	
2.93495	1	763998	947410	174745	
2.93495	1	763998	947540	174875	
2.937	1	763998	948854	176189	
2.937	1	763998	949000	176335	
2.93913	1	763998	950298	177633	
2.93913	1	763998	950460	177795	
2.94118	1	763998	951742	179077	
2.94118	1	763998	951920	179255	
2.94323	1	763998	763998	180521	
2.94323	1	765040	765040	180521	
2.94528	1	788546	954630	157417	
2.94528	1	788546	954840	157627	
2.94733	1	788546	956074	158861	
2.94733	1	788546	956300	159087	
2.94938	1	788546	957518	160305	
2.94938	1	788546	957760	160547	
2.95143	1	788546	958962	161749	
2.95143	1	788546	959220	162007	
2.95365	1	788546	960406	163193	
2.95365	1	788546	960680	163467	
2.95596	1	788546	961850	164637	
2.95596	1	788546	962140	164927	
2.95818	1	788546	963294	166081	
2.95818	1	788546	963600	166387	
2.9604	1	788546	964738	167525	
2.9604	1	788546	965060	167847	
2.96262	1	788546	966182	168969	
2.96262	1	788546	966520	169307	
2.96484	1	788546	967626	170413	
2.96484	1	788546	967980	170767	
2.96706	1	788546	970514	171857	
2.96706	1	788546	970900	172243	
2.96928	1	788546	971958	173301	
2.96928	1	788546	972360	173703	
2.9715	1	788546	973402	174745	
2.9715	1	788546	973820	175163	
2.97381	1	788546	974846	176189	
2.97381	1	788546	975280	176623	
2.97603	1	788546	976290	177633	
2.97603	1	788546	976740	178083	
2.97825	1	788546	788546	179077	
2.97825	1	789860	789860	179077	
2.98047	1	804439	977734	164628	
2.98047	1	804439	978200	165094	
2.98269	1	804439	979178	166072	
2.98269	1	804439	979660	166554	
2.98491	1	804439	980622	167516	
2.98491	1	804439	981120	168014	
2.98713	1	804439	982066	168960	
2.98713	1	804439	982580	169474	
2.98935	1	804439	983510	170404	
2.98935	1	804439	984040	170934	
2.99157	1	804439	984954	171848	
2.99157	1	804439	985500	172394	
2.99379	1	804439	986398	173292	
2.99379	1	804439	986960	173854	
2.99601	1	804439	987842	174736	
2.99601	1	804439	988420	175314	
2.99823	1	804439	989286	176180	
2.99823	1	804439	989880	176774	
3.00054	1	804439	990730	177624	
3.00054	1	804439	991340	178234	
3.00276	1	804439	992174	179068	
3.00276	1	804439	992800	179694	
3.00499	1	804439	993618	180512	
3.00499	1	804439	994260	181154	
3.00729	1	804439	995062	181956	
3.00729	1	804439	995720	182614	
3.00951	1	804439	804439	183400	
3.00951	1	804460	804460	183400	
3.00951	1	807329	807329	181955	
3.00951	1	807380	807380	181955	
3.01174	1	808774	808774	181955	
3.01174	1	808840	808840	181955	
3.01476	1	937299	996506	54874	
3.01476	1	937299	997180	55548	
3.01704	1	937299	997950	56318	
3.01704	1	937299	998640	57008	
3.01933	1	937299	999394	57762	
3.01933	1	937299	1000100	58468	
3.02161	1	937299	1000838	59206	
3.02161	1	937299	1001560	59928	
3.02398	1	937299	1002282	60650	
3.02398	1	937299	1003020	61388	
3.02626	1	937299	1003726	62094	
3.02626	1	937299	1004480	62848	
3.02854	1	937299	1005170	63538	
3.02854	1	937299	1005940	64308	
3.03082	1	937299	1006614	64982	
3.03082	1	937299	1007400	65768	
3.0331	1	937299	1008058	66426	
3.0331	1	937299	1008860	67228	
3.03547	1	937299	1009502	67870	
3.03547	1	937299	1010320	68688	
3.03775	1	937299	1010946	69314	
3.03775	1	937299	1011780	70148	
3.04004	1	937299	1012390	70758	
3.04004	1	937299	1013240	71608	
3.04232	1	937299	1013834	72202	
3.04232	1	937299	1014700	73068	
3.0446	1	937299	1015278	73646	
3.0446	1	937299	1016160	74528	
3.04689	1	937299	1016722	75090	
3.04689	1	937299	1017620	75988	
3.04917	1	937299	1018166	76534	
3.04917	1	937299	1019080	77448	
3.05145	1	937299	1019610	77978	
3.05145	1	937299	1020540	78908	
3.05364	1	937299	1021054	79422	
3.05364	1	937299	1022000	80368	
3.05576	1	937299	1022498	80866	
3.05576	1	937299	1023460	81828	
3.05787	1	937299	1023942	82310	
3.05787	1	937299	1024920	83288	
3.05998	1	937299	1025386	83754	
3.05998	1	937299	1026380	84748	
3.0621	1	937299	1026830	85198	
3.0621	1	937299	1027840	86208	
3.06421	1	937299	1028274	86642	
3.06421	1	937299	1029300	87668	
3.06641	1	937299	937299	88086	
3.06641	1	937320	937320	88086	
3.06853	1	953186	1029718	73644	
3.06853	1	953186	1030760	74686	
3.07065	1	953186	1031162	75088	
3.07065	1	953186	1032220	76146	
3.07276	1	953186	1032606	76532	
3.07276	1	953186	1033680	77606	
3.07487	1	953186	1034050	77976	
3.07487	1	953186	1035140	79066	
3.07699	1	953186	1035494	79420	
3.07699	1	953186	1036600	80526	
3.0791	1	953186	1036938	80864	
3.0791	1	953186	1038060	81986	
3.08121	1	953186	1038382	82308	
3.08121	1	953186	1039520	83446	
3.08333	1	953186	1039826	83752	
3.08333	1	953186	1040980	84906	
3.08553	1	953186	1041270	85196	
3.08553	1	953186	1042440	86366	
3.08764	1	953186	1042714	86640	
3.08764	1	953186	1043900	87826	
3.08975	1	953186	953186	88084	
3.08975	1	953380	953380	88084	
3.09188	1	969070	1044158	73644	
3.09188	1	969070	1045360	74846	
3.09399	1	969070	1045602	75088	
3.09399	1	969070	1046820	76306	
3.0961	1	969070	1047046	76532	
3.0961	1	969070	1048280	77766	
3.0983	1	969070	1048490	77976	
3.0983	1	969070	1049740	79226	
3.10041	1	969070	1049934	79420	
3.10041	1	969070	1051200	80686	
3.10253	1	969070	1051378	80864	
3.10253	1	969070	1052660	82146	
3.10464	1	969070	1052822	82308	
3.10464	1	969070	1054120	83606	
3.10676	1	969070	1054266	83752	
3.10676	1	969070	1055580	85066	
3.10887	1	969070	1055710	85196	
3.10887	1	969070	1057040	86526	
3.11098	1	969070	1057154	86640	
3.11098	1	969070	1058500	87986	
3.11309	1	969070	1058598	88084	
3.11309	1	969070	1059960	89446	
3.11529	1	969070	969070	89528	
3.11529	1	969440	969440	89528	
3.11741	1	1060042	1060042	0	
3.11741	1	1061420	1061420	0	
3.11953	1	1061486	1061486	0	
3.11953	1	1062880	1062880	0	
3.12164	1	1062930	1062930	0	
3.12164	1	1064340	1064340	0	
3.12376	1	1064374	1064374	0	
3.12376	1	1065800	1065800	0	
3.12587	1	1065818	1065818	0	
3.12587	1	1067260	1067260	0	
3.12806	1	1067262	1067262	0	
3.13017	1	1068714	1068714	0	
3.13017	1	1068720	1068720	0	
3.13229	1	1070159	1070159	0	
3.13229	1	1070180	1070180	0	
3.1344	1	1071604	1071604	0	
3.1344	1	1071640	1071640	0	
3.13651	1	1073049	1073049	0	
3.13651	1	1073100	1073100	0	
3.13863	1	1074494	1074494	0	
3.13863	1	1074560	1074560	0	
3.14074	1	1075938	1075938	0	
3.14074	1	1076020	1076020	0	
3.14285	1	1077382	1077382	0	
3.14285	1	1077480	1077480	0	
3.14497	1	1078826	1078826	0	
3.14497	1	1078940	1078940	0	
3.14717	1	1080270	1080270	0	
3.14717	1	1080400	1080400	0	
3.14928	1	1081714	1081714	0	
3.14928	1	1081860	1081860	0	
3.15139	1	1083158	1083158	0	
3.15139	1	1083320	1083320	0	
3.15386	1	1084602	1084602	0	
3.15386	1	1084780	1084780	0	
3.15642	1	1086046	1086046	0	
3.15642	1	1086240	1086240	0	
3.15889	1	1087490	1087490	0	
3.15889	1	1087700	1087700	0	
3.16136	1	1088934	1088934	0	
3.16136	1	1089160	1089160	0	
3.16382	1	1090378	1090378	0	
3.16382	1	1090620	1090620	0	
3.16639	1	1091822	1091822	0	
3.16639	1	1092080	1092080	0	
3.16886	1	1093266	1093266	0	
3.16886	1	1093540	1093540	0	
3.17133	1	1094710	1094710	0	
3.17133	1	1095000	1095000	0	
3.17379	1	1096154	1096154	0	
3.17379	1	1096460	1096460	0	
3.17626	1	1097598	1097598	0	
3.17626	1	1097920	1097920	0	
3.17882	1	1099042	1099042	0	
3.17882	1	1099380	1099380	0	
3.18129	1	1100486	1100486	0	
3.18129	1	1100840	1100840	0	
3.18376	1	1101930	1101930	0	
3.18376	1	1102300	1102300	0	
3.18622	1	1103374	1103374	0	
3.18622	1	1103760	1103760	0	
3.1887	1	1104818	1104818	0	
3.1887	1	1105220	1105220	0	
3.19117	1	1106262	1106262	0	
3.19117	1	1106680	1106680	0	
3.19363	1	1107706	1107706	0	
3.19363	1	1108140	1108140	0	
3.1961	1	1109150	1109150	0	
3.1961	1	1109600	1109600	0	
3.19866	1	1110594	1110594	0	
3.19866	1	1111060	1111060	0	
3.20113	1	1112038	1112038	0	
3.20113	1	1112520	1112520	0	
3.2036	1	1113482	1113482	0	
3.2036	1	1113980	1113980	0	
3.20606	1	1114926	1114926	0	
3.20606	1	1115440	1115440	0	
3.20853	1	1116370	1116370	0	
3.20853	1	1116900	1116900	0	
3.211	1	1117814	1117814	0	
3.211	1	1118360	1118360	0	
3.21347	1	1119258	1119258	0	
3.21347	1	1119820	1119820	0	
3.21594	1	1120702	1120702	0	
3.21594	1	1121280	1121280	0	
3.2185	1	1122146	1122146	0	
3.2185	1	1122740	1122740	0	
3.22097	1	1123590	1123590	0	
3.22097	1	1124200	1124200	0	
3.22344	1	1125034	1125034	0	
3.22344	1	1125660	1125660	0	
3.2259	1	1126478	1126478	0	
3.2259	1	1127120	1127120	0	
3.22837	1	1127922	1127922	0	
3.22837	1	1128580	1128580	0	
3.23093	1	1129366	1129366	0	
3.23093	1	1130040	1130040	0	
3.2334	1	1130810	1130810	0	
3.2334	1	1131500	1131500	0	
3.23587	1	1132254	1132254	0	
3.23587	1	1132960	1132960	0	
3.23834	1	1133698	1133698	0	
3.23834	1	1134420	1134420	0	
3.24081	1	1135142	1135142	0	
3.24081	1	1135880	1135880	0	
3.24328	1	1136586	1136586	0	
3.24328	1	1137340	1137340	0	
3.24574	1	1138030	1138030	0	
3.24574	1	1138800	1138800	0	
3.24821	1	1139474	1139474	0	
3.24821	1	1140260	1140260	0	
3.25068	1	1140918	1140918	0	
3.25068	1	1141720	1141720	0	
3.25315	1	1142362	1142362	0	
3.25315	1	1143180	1143180	0	
3.25554	1	1143806	1143806	0	
3.25554	1	1144640	1144640	0	
3.25793	1	1145250	1145250	0	
3.25793	1	1146100	1146100	0	
3.26032	1	1146694	1146694	0	
3.26032	1	1147560	1147560	0	
3.26271	1	1148138	1148138	0	
3.26271	1	1149020	1149020	0	
3.26518	1	1149582	1149582	0	
3.26518	1	1150480	1150480	0	
3.26757	1	1151026	1151026	0	
3.26757	1	1151940	1151940	0	
3.26995	1	1152470	1152470	0	
3.26995	1	1153400	1153400	0	
3.27234	1	1153914	1153914	0	
3.27234	1	1154860	1154860	0	
3.27473	1	1155358	1155358	0	
3.27473	1	1156320	1156320	0	
3.27711	1	1156802	1156802	0	
3.27711	1	1157780	1157780	0	
3.27959	1	1158246	1158246	0	
3.27959	1	1159240	1159240	0	
3.28198	1	1159690	1159690	0	
3.28198	1	1160700	1160700	0	
3.28437	1	1161134	1161134	0	
3.28437	1	1162160	1162160	0	
3.28676	1	1162578	1162578	0	
3.28676	1	1163620	1163620	0	
3.28914	1	1164022	1164022	0	
3.28914	1	1165080	1165080	0	
3.29162	1	1165466	1165466	0	
3.29162	1	1166540	1166540	0	
3.29401	1	1166910	1166910	0	
3.29401	1	1168000	1168000	0	
3.29639	1	1168354	1168354	0	
3.29639	1	1169460	1169460	0	
3.29878	1	1169798	1169798	0	
3.29878	1	1170920	1170920	0	
3.30116	1	1171242	1171242	0	
3.30116	1	1172380	1172380	0	
3.30355	1	1172686	1172686	0	
3.30355	1	1173840	1173840	0	
3.30594	1	1174130	1174130	0	
3.30594	1	1175300	1175300	0	
3.30833	1	1175574	1175574	0	
3.30833	1	1176760	1176760	0	
3.31081	1	1177018	1177018	0	
3.31081	1	1178220	1178220	0	
3.31319	1	1178462	1178462	0	
3.31319	1	1179680	1179680	0	
3.31558	1	1179906	1179906	0	
3.31558	1	1181140	1181140	0	
3.31796	1	1181350	1181350	0	
3.31796	1	1182600	1182600	0	
3.32035	1	1182794	1182794	0	
3.32035	1	1184060	1184060	0	
3.32283	1	1184238	1184238	0	
3.32283	1	1185520	1185520	0	
3.32521	1	1185682	1185682	0	
3.32521	1	1186980	1186980	0	
3.32761	1	1187126	1187126	0	
3.32761	1	1188440	1188440	0	
3.32999	1	1188570	1188570	0	
3.32999	1	1189900	1189900	0	
3.33238	1	1190014	1190014	0	
3.33238	1	1191360	1191360	0	
3.33486	1	1191458	1191458	0	
3.33486	1	1192820	1192820	0	
3.33724	1	1192902	1192902	0	
3.33724	1	1194280	1194280	0	
3.33963	1	1194346	1194346	0	
3.33963	1	1195740	1195740	0	
3.34201	1	1195790	1195790	0	
3.34201	1	1197200	1197200	0	
3.3444	1	1197234	1197234	0	
3.3444	1	1198660	1198660	0	
3.34678	1	1198678	1198678	0	
3.34678	1	1200120	1200120	0	
3.34916	1	1200122	1200122	0	
3.35165	1	1201574	1201574	0	
3.35165	1	1201580	1201580	0	
3.3539	1	1203019	1203019	0	
3.3539	1	1203040	1203040	0	
3.35615	1	1204464	1204464	0	
3.35615	1	1204500	1204500	0	
3.3584	1	1205909	1205909	0	
3.3584	1	1205960	1205960	0	
3.36065	1	1207354	1207354	0	
3.36065	1	1207420	1207420	0	
3.3629	1	1208798	1208798	0	
3.3629	1	1208880	1208880	0	
3.36523	1	1210242	1210242	0	
3.36523	1	1210340	1210340	0	
3.36748	1	1211686	1211686	0	
3.36748	1	1211800	1211800	0	
3.36973	1	1213130	1213130	0	
3.36973	1	1213260	1213260	0	
3.37199	1	1214574	1214574	0	
3.37199	1	1214720	1214720	0	
3.37424	1	1216018	1216018	0	
3.37424	1	1216180	1216180	0	
3.37649	1	1217462	1217462	0	
3.37649	1	1217640	1217640	0	
3.37873	1	1218906	1218906	0	
3.37873	1	1219100	1219100	0	
3.38098	1	1220350	1220350	0	
3.38098	1	1220560	1220560	0	
3.38332	1	1221794	1221794	0	
3.38332	1	1222020	1222020	0	
3.38557	1	1223238	1223238	0	
3.38557	1	1223480	1223480	0	
3.38782	1	1224682	1224682	0	
3.38782	1	1224940	1224940	0	
3.39007	1	1226126	1226126	0	
3.39007	1	1226400	1226400	0	
3.39232	1	1227570	1227570	0	
3.39232	1	1227860	1227860	0	
3.39466	1	1229014	1229014	0	
3.39466	1	1229320	1229320	0	
3.39691	1	1230458	1230458	0	
3.39691	1	1230780	1230780	0	
3.39916	1	1231902	1231902	0	
3.39916	1	1232240	1232240	0	
3.40141	1	1233346	1233346	0	
3.40141	1	1233700	1233700	0	
3.40366	1	1234790	1234790	0	
3.40366	1	1235160	1235160	0	
3.40599	1	1236234	1236234	0	
3.40599	1	1236620	1236620	0	
3.40824	1	1237678	1237678	0	
3.40824	1	1238080	1238080	0	
3.41049	1	1239122	1239122	0	
3.41049	1	1239540	1239540	0	
3.41274	1	1240566	1240566	0	
3.41274	1	1241000	1241000	0	
3.415	1	1242010	1242010	0	
3.415	1	1242460	1242460	0	
3.41725	1	1243454	1243454	0	
3.41725	1	1243920	1243920	0	
3.41949	1	1244898	1244898	0	
3.41949	1	1245380	1245380	0	
3.42174	1	1246342	1246342	0	
3.42174	1	1246840	1246840	0	
3.42408	1	1247786	1247786	0	
3.42408	1	1248300	1248300	0	
3.42633	1	1249230	1249230	0	
3.42633	1	1249760	1249760	0	
3.42858	1	1250674	1250674	0	
3.42858	1	1251220	1251220	0	
3.43083	1	1252118	1252118	0	
3.43083	1	1252680	1252680	0	
3.43308	1	1253562	1253562	0	
3.43308	1	1254140	1254140	0	
3.43542	1	1255006	1255006	0	
3.43542	1	1255600	1255600	0	
3.43767	1	1256450	1256450	0	
3.43767	1	1257060	1257060	0	
3.43992	1	1257894	1257894	0	
3.43992	1	1258520	1258520	0	
3.44217	1	1259338	1259338	0	
3.44217	1	1259980	1259980	0	
3.44442	1	1260782	1260782	0	
3.44442	1	1261440	1261440	0	
3.44667	1	1262226	1262226	0	
3.44667	1	1262900	1262900	0	
3.44891	1	1263670	1263670	0	
3.44891	1	1264360	1264360	0	
3.45116	1	1265114	1265114	0	
3.45116	1	1265820	1265820	0	
3.45369	1	1266558	1266558	0	
3.45369	1	1267280	1267280	0	
3.45612	1	1268002	1268002	0	
3.45612	1	1268740	1268740	0	
3.45856	1	1269446	1269446	0	
3.45856	1	1270200	1270200	0	
3.46099	1	1270890	1270890	0	
3.46099	1	1271660	1271660	0	
3.46342	1	1272334	1272334	0	
3.46342	1	1273120	1273120	0	
3.46595	1	1273778	1273778	0	
3.46595	1	1274580	1274580	0	
3.46838	1	1275222	1275222	0	
3.46838	1	1276040	1276040	0	
3.47081	1	1276666	1276666	0	
3.47081	1	1277500	1277500	0	
3.47324	1	1278110	1278110	0	
3.47324	1	1278960	1278960	0	
3.47567	1	1279554	1279554	0	
3.47567	1	1280420	1280420	0	
3.4781	1	1280998	1280998	0	
3.4781	1	1281880	1281880	0	
3.48053	1	1282442	1282442	0	
3.48053	1	1283340	1283340	0	
3.48297	1	1283886	1283886	0	
3.48297	1	1284800	1284800	0	
3.48549	1	1285330	1285330	0	
3.48549	1	1286260	1286260	0	
3.48792	1	1286774	1286774	0	
3.48792	1	1287720	1287720	0	
3.49036	1	1288218	1288218	0	
3.49036	1	1289180	1289180	0	
3.49279	1	1289662	1289662	0	
3.49279	1	1290640	1290640	0	
3.49522	1	1291106	1291106	0	
3.49522	1	1292100	1292100	0	
3.49774	1	1292550	1292550	0	
3.49774	1	1293560	1293560	0	
3.50017	1	1293994	1293994	0	
3.50017	1	1295020	1295020	0	
3.5026	1	1295438	1295438	0	
3.5026	1	1296480	1296480	0	
3.50504	1	1296882	1296882	0	
3.50504	1	1297940	1297940	0	
3.50747	1	1298326	1298326	0	
3.50747	1	1299400	1299400	0	
3.5099	1	1299770	1299770	0	
3.5099	1	1300860	1300860	0	
3.51233	1	1301214	1301214	0	
3.51233	1	1302320	1302320	0	
3.51486	1	1302658	1302658	0	
3.51486	1	1303780	1303780	0	
3.51729	1	1304102	1304102	0	
3.51729	1	1305240	1305240	0	
3.51972	1	1305546	1305546	0	
3.51972	1	1306700	1306700	0	
3.52215	1	1306990	1306990	0	
3.52215	1	1308160	1308160	0	
3.52458	1	1308434	1308434	0	
3.52458	1	1309620	1309620	0	
3.52701	1	1309878	1309878	0	
3.52701	1	1311080	1311080	0	
3.52955	1	1311322	1311322	0	
3.52955	1	1312540	1312540	0	
3.53198	1	1312766	1312766	0	
3.53198	1	1314000	1314000	0	
3.53441	1	1314210	1314210	0	
3.53441	1	1315460	1315460	0	
3.53684	1	1315654	1315654	0	
3.53684	1	1316920	1316920	0	
3.53927	1	1317098	1317098	0	
3.53927	1	1318380	1318380	0	
3.5418	1	1318542	1318542	0	
3.5418	1	1319840	1319840	0	
3.54423	1	1319986	1319986	0	
3.54423	1	1321300	1321300	0	
3.54666	1	1321430	1321430	0	
3.54666	1	1322760	1322760	0	
3.54909	1	1322874	1322874	0	
3.54909	1	1324220	1324220	0	
3.55153	1	1324318	1324318	0	
3.55153	1	1325680	1325680	0	
3.55397	1	1325762	1325762	0	
3.55397	1	1327140	1327140	0	
3.5564	1	1327206	1327206	0	
3.5564	1	1328600	1328600	0	
3.55884	1	1328650	1328650	0	
3.55884	1	1330060	1330060	0	
3.56137	1	1330094	1330094	0	
3.56137	1	1331520	1331520	0	
3.56381	1	1331538	1331538	0	
3.56381	1	1332980	1332980	0	
3.56625	1	1332982	1332982	0	
3.56869	1	1334434	1334434	0	
3.56869	1	1334440	1334440	0	
3.57113	1	1335879	1335879	0	
3.57113	1	1335900	1335900	0	
3.57367	1	1337324	1337324	0	
3.57367	1	1337360	1337360	0	
3.57611	1	1338769	1338769	0	
3.57611	1	1338820	1338820	0	
3.57854	1	1340214	1340214	0	
3.57854	1	1340280	1340280	0	
3.58098	1	1341658	1341658	0	
3.58098	1	1341740	1341740	0	
3.58342	1	1343102	1343102	0	
3.58342	1	1343200	1343200	0	
3.58586	1	1344546	1344546	0	
3.58586	1	1344660	1344660	0	
3.5883	1	1345990	1345990	0	
3.5883	1	1346120	1346120	0	
3.59074	1	1347434	1347434	0	
3.59074	1	1347580	1347580	0	
3.59327	1	1348878	1348878	0	
3.59327	1	1349040	1349040	0	
3.59571	1	1350322	1350322	0	
3.59571	1	1350500	1350500	0	
3.59816	1	1351766	1351766	0	
3.59816	1	1351960	1351960	0	
3.6006	1	1353210	1353210	0	
3.6006	1	1353420	1353420	0	
3.60303	1	1354654	1354654	0	
3.60303	1	1354880	1354880	0	
3.60557	1	1356098	1356098	0	
3.60557	1	1356340	1356340	0	
3.60801	1	1357542	1357542	0	
3.60801	1	1357800	1357800	0	
3.61045	1	1358986	1358986	0	
3.61045	1	1359260	1359260	0	
3.61288	1	1360430	1360430	0	
3.61288	1	1360720	1360720	0	
3.61532	1	1361874	1361874	0	
3.61532	1	1362180	1362180	0	
3.61786	1	1363318	1363318	0	
3.61786	1	1363640	1363640	0	
3.6203	1	1364762	1364762	0	
3.6203	1	1365100	1365100	0	
3.62274	1	1366206	1366206	0	
3.62274	1	1366560	1366560	0	
3.62518	1	1367650	1367650	0	
3.62518	1	1368020	1368020	0	
3.62762	1	1369094	1369094	0	
3.62762	1	1369480	1369480	0	
3.63006	1	1370538	1370538	0	
3.63006	1	1370940	1370940	0	
3.6325	1	1371982	1371982	0	
3.6325	1	1372400	1372400	0	
3.63494	1	1373426	1373426	0	
3.63494	1	1373860	1373860	0	
3.63747	1	1374870	1374870	0	
3.63747	1	1375320	1375320	0	
3.63991	1	1376314	1376314	0	
3.63991	1	1376780	1376780	0	
3.64235	1	1377758	1377758	0	
3.64235	1	1378240	1378240	0	
3.64479	1	1379202	1379202	0	
3.64479	1	1379700	1379700	0	
3.64723	1	1380646	1380646	0	
3.64723	1	1381160	1381160	0	
3.64977	1	1382090	1382090	0	
3.64977	1	1382620	1382620	0	
3.6522	1	1383534	1383534	0	
3.6522	1	1384080	1384080	0	
3.65438	1	1384978	1384978	0	
3.65438	1	1385540	1385540	0	
3.65656	1	1386422	1386422	0	
3.65656	1	1387000	1387000	0	
3.65874	1	1387866	1387866	0	
3.65874	1	1388460	1388460	0	
3.66091	1	1389310	1389310	0	
3.66091	1	1389920	1389920	0	
3.66309	1	1390754	1390754	0	
3.66309	1	1391380	1391380	0	
3.66527	1	1392198	1392198	0	
3.66527	1	1392840	1392840	0	
3.66754	1	1393642	1393642	0	
3.66754	1	1394300	1394300	0	
3.66972	1	1395086	1395086	0	
3.66972	1	1395760	1395760	0	
3.67189	1	1396530	1396530	0	
3.67189	1	1397220	1397220	0	
3.67407	1	1397974	1397974	0	
3.67407	1	1398680	1398680	0	
3.67625	1	1399418	1399418	0	
3.67625	1	1400140	1400140	0	
3.67851	1	1400862	1400862	0	
3.67851	1	1401600	1401600	0	
3.68069	1	1402306	1402306	0	
3.68069	1	1403060	1403060	0	
3.68287	1	1403750	1403750	0	
3.68287	1	1404520	1404520	0	
3.68504	1	1405194	1405194	0	
3.68504	1	1405980	1405980	0	
3.68723	1	1406638	1406638	0	
3.68723	1	1407440	1407440	0	
3.68941	1	1408082	1408082	0	
3.68941	1	1408900	1408900	0	
3.69158	1	1409526	1409526	0	
3.69158	1	1410360	1410360	0	
3.69376	1	1410970	1410970	0	
3.69376	1	1411820	1411820	0	
3.69594	1	1412414	1412414	0	
3.69594	1	1413280	1413280	0	
3.6982	1	1413858	1413858	0	
3.6982	1	1414740	1414740	0	
3.70038	1	1415302	1415302	0	
3.70038	1	1416200	1416200	0	
3.70256	1	1416746	1416746	0	
3.70256	1	1417660	1417660	0	
3.70473	1	1418190	1418190	0	
3.70473	1	1419120	1419120	0	
3.70691	1	1419634	1419634	0	
3.70691	1	1420580	1420580	0	
3.70918	1	1421078	1421078	0	
3.70918	1	1422040	1422040	0	
3.71136	1	1422522	1422522	0	
3.71136	1	1423500	1423500	0	
3.71354	1	1423966	1423966	0	
3.71354	1	1424960	1424960	0	
3.71571	1	1425410	1425410	0	
3.71571	1	1426420	1426420	0	
3.71789	1	1426854	1426854	0	
3.71789	1	1427880	1427880	0	
3.72015	1	1428298	1428298	0	
3.72015	1	1429340	1429340	0	
3.72233	1	1429742	1429742	0	
3.72233	1	1430800	1430800	0	
3.72451	1	1431186	1431186	0	
3.72451	1	1432260	1432260	0	
3.72669	1	1432630	1432630	0	
3.72669	1	1433720	1433720	0	
3.72887	1	1434074	1434074	0	
3.72887	1	1435180	1435180	0	
3.73105	1	1435518	1435518	0	
3.73105	1	1436640	1436640	0	
3.73323	1	1436962	1436962	0	
3.73323	1	1438100	1438100	0	
3.7354	1	1438406	1438406	0	
3.7354	1	1439560	1439560	0	
3.73767	1	1439850	1439850	0	
3.73767	1	1441020	1441020	0	
3.73984	1	1441294	1441294	0	
3.73984	1	1442480	1442480	0	
3.74202	1	1442738	1442738	0	
3.74202	1	1443940	1443940	0	
3.7442	1	1444182	1444182	0	
3.7442	1	1445400	1445400	0	
3.74638	1	1445626	1445626	0	
3.74638	1	1446860	1446860	0	
3.74865	1	1447070	1447070	0	
3.74865	1	1448320	1448320	0	
3.75082	1	1448514	1448514	0	
3.75082	1	1449780	1449780	0	
3.75289	1	1449958	1449958	0	
3.75289	1	1451240	1451240	0	
3.75497	1	1451402	1451402	0	
3.75497	1	1452700	1452700	0	
3.75704	1	1452846	1452846	0	
3.75704	1	1454160	1454160	0	
3.75911	1	1454290	1454290	0	
3.75911	1	1455620	1455620	0	
3.76118	1	1455734	1455734	0	
3.76118	1	1457080	1457080	0	
3.76325	1	1457178	1457178	0	
3.76325	1	1458540	1458540	0	
3.7654	1	1458622	1458622	0	
3.7654	1	1460000	1460000	0	
3.76747	1	1460066	1460066	0	
3.76747	1	1461460	1461460	0	
3.76955	1	1461510	1461510	0	
3.76955	1	1462920	1462920	0	
3.77162	1	1462954	1462954	0	
3.77162	1	1464380	1464380	0	
3.77369	1	1464398	1464398	0	
3.77369	1	1465840	1465840	0	
3.77584	1	1465842	1465842	0	
3.77791	1	1467294	1467294	0	
3.77791	1	1467300	1467300	0	
3.77998	1	1468739	1468739	0	
3.77998	1	1468760	1468760	0	
3.78205	1	1470184	1470184	0	
3.78205	1	1470220	1470220	0	
3.78412	1	1471629	1471629	0	
3.78412	1	1471680	1471680	0	
3.78619	1	1473074	1473074	0	
3.78619	1	1473140	1473140	0	
3.78827	1	1474518	1474518	0	
3.78827	1	1474600	1474600	0	
3.79034	1	1475962	1475962	0	
3.79034	1	1476060	1476060	0	
3.79249	1	1477406	1477406	0	
3.79249	1	1477520	1477520	0	
3.79457	1	1478850	1478850	0	
3.79457	1	1478980	1478980	0	
3.79664	1	1480294	1480294	0	
3.79664	1	1480440	1480440	0	
3.79871	1	1481738	1481738	0	
3.79871	1	1481900	1481900	0	
3.80078	1	1483182	1483182	0	
3.80078	1	1483360	1483360	0	
3.80293	1	1484626	1484626	0	
3.80293	1	1484820	1484820	0	
3.805	1	1486070	1486070	0	
3.805	1	1486280	1486280	0	
3.80707	1	1487514	1487514	0	
3.80707	1	1487740	1487740	0	
3.80915	1	1488958	1488958	0	
3.80915	1	1489200	1489200	0	
3.81122	1	1490402	1490402	0	
3.81122	1	1490660	1490660	0	
3.81337	1	1491846	1491846	0	
3.81337	1	1492120	1492120	0	
3.81544	1	1493290	1493290	0	
3.81544	1	1493580	1493580	0	
3.81752	1	1494734	1494734	0	
3.81752	1	1495040	1495040	0	
3.81959	1	1496178	1496178	0	
3.81959	1	1496500	1496500	0	
3.82166	1	1497622	1497622	0	
3.82166	1	1497960	1497960	0	
3.82373	1	1499066	1499066	0	
3.82373	1	1499420	1499420	0	
3.8258	1	1500510	1500510	0	
3.8258	1	1500880	1500880	0	
3.82787	1	1501954	1501954	0	
3.82787	1	1502340	1502340	0	
3.83003	1	1503398	1503398	0	
3.83003	1	1503800	1503800	0	
3.8321	1	1504842	1504842	0	
3.8321	1	1505260	1505260	0	
3.83417	1	1506286	1506286	0	
3.83417	1	1506720	1506720	0	
3.83624	1	1507730	1507730	0	
3.83624	1	1508180	1508180	0	
3.83831	1	1509174	1509174	0	
3.83831	1	1509640	1509640	0	
3.84047	1	1510618	1510618	0	
3.84047	1	1511100	1511100	0	
3.84254	1	1512062	1512062	0	
3.84254	1	1512560	1512560	0	
3.84461	1	1513506	1513506	0	
3.84461	1	1514020	1514020	0	
3.84668	1	1514950	1514950	0	
3.84668	1	1515480	1515480	0	
3.84876	1	1516394	1516394	0	
3.84876	1	1516940	1516940	0	
3.85083	1	1517838	1517838	0	
3.85083	1	1518400	1518400	0	
3.85292	1	1519282	1519282	0	
3.85292	1	1519860	1519860	0	
3.85501	1	1520726	1520726	0	
3.85501	1	1521320	1521320	0	
3.85718	1	1522170	1522170	0	
3.85718	1	1522780	1522780	0	
3.85927	1	1523614	1523614	0	
3.85927	1	1524240	1524240	0	
3.86137	1	1525058	1525058	0	
3.86137	1	1525700	1525700	0	
3.86346	1	1526502	1526502	0	
3.86346	1	1527160	1527160	0	
3.86555	1	1527946	1527946	0	
3.86555	1	1528620	1528620	0	
3.86773	1	1529390	1529390	0	
3.86773	1	1530080	1530080	0	
3.86982	1	1530834	1530834	0	
3.86982	1	1531540	1531540	0	
3.87191	1	1532278	1532278	0	
3.87191	1	1533000	1533000	0	
3.874	1	1533722	1533722	0	
3.874	1	1534460	1534460	0	
3.87609	1	1535166	1535166	0	
3.87609	1	1535920	1535920	0	
3.87827	1	1536610	1536610	0	
3.87827	1	1537380	1537380	0	
3.88036	1	1538054	1538054	0	
3.88036	1	1538840	1538840	0	
3.88245	1	1539498	1539498	0	
3.88245	1	1540300	1540300	0	
3.88454	1	1540942	1540942	0	
3.88454	1	1541760	1541760	0	
3.88663	1	1542386	1542386	0	
3.88663	1	1543220	1543220	0	
3.88873	1	1543830	1543830	0	
3.88873	1	1544680	1544680	0	
3.89082	1	1545274	1545274	0	
3.89082	1	1546140	1546140	0	
3.89292	1	1546718	1546718	0	
3.89292	1	1547600	1547600	0	
3.89509	1	1548162	1548162	0	
3.89509	1	1549060	1549060	0	
3.89718	1	1549606	1549606	0	
3.89718	1	1550520	1550520	0	
3.89927	1	1551050	1551050	0	
3.89927	1	1551980	1551980	0	
3.90136	1	1552494	1552494	0	
3.90136	1	1553440	1553440	0	
3.90345	1	1553938	1553938	0	
3.90345	1	1554900	1554900	0	
3.90563	1	1555382	1555382	0	
3.90563	1	1556360	1556360	0	
3.90773	1	1556826	1556826	0	
3.90773	1	1557820	1557820	0	
3.90982	1	1558270	1558270	0	
3.90982	1	1559280	1559280	0	
3.91191	1	1559714	1559714	0	
3.91191	1	1560740	1560740	0	
3.914	1	1561158	1561158	0	
3.914	1	1562200	1562200	0	
3.91609	1	1562602	1562602	0	
3.91609	1	1563660	1563660	0	
3.91818	1	1564046	1564046	0	
3.91818	1	1565120	1565120	0	
3.92027	1	1565490	1565490	0	
3.92027	1	1566580	1566580	0	
3.92245	1	1566934	1566934	0	
3.92245	1	1568040	1568040	0	
3.92454	1	1568378	1568378	0	
3.92454	1	1569500	1569500	0	
3.92663	1	1569822	1569822	0	
3.92663	1	1570960	1570960	0	
3.92873	1	1571266	1571266	0	
3.92873	1	1572420	1572420	0	
3.93082	1	1572710	1572710	0	
3.93082	1	1573880	1573880	0	
3.93299	1	1574154	1574154	0	
3.93299	1	1575340	1575340	0	
3.93508	1	1575598	1575598	0	
3.93508	1	1576800	1576800	0	
3.93718	1	1577042	1577042	0	
3.93718	1	1578260	1578260	0	
3.93927	1	1578486	1578486	0	
3.93927	1	1579720	1579720	0	
3.94136	1	1579930	1579930	0	
3.94136	1	1581180	1581180	0	
3.94345	1	1581374	1581374	0	
3.94345	1	1582640	1582640	0	
3.94554	1	1582818	1582818	0	
3.94554	1	1584100	1584100	0	
3.94763	1	1584262	1584262	0	
3.94763	1	1585560	1585560	0	
3.94981	1	1585706	1585706	0	
3.94981	1	1587020	1587020	0	
3.9519	1	1587150	1587150	0	
3.9519	1	1588480	1588480	0	
3.95436	1	1588594	1588594	0	
3.95436	1	1589940	1589940	0	
3.95682	1	1590038	1590038	0	
3.95682	1	1591400	1591400	0	
3.95928	1	1591482	1591482	0	
3.95928	1	1592860	1592860	0	
3.96183	1	1592926	1592926	0	
3.96183	1	1594320	1594320	0	
3.96429	1	1594370	1594370	0	
3.96429	1	1595780	1595780	0	
3.96675	1	1595814	1595814	0	
3.96675	1	1597240	1597240	0	
3.96921	1	1597258	1597258	0	
3.96921	1	1598700	1598700	0	
3.97167	1	1598702	1598702	0	
3.97423	1	1600154	1600154	0	
3.97423	1	1600160	1600160	0	
3.97668	1	1601599	1601599	0	
3.97668	1	1601620	1601620	0	
3.97914	1	1603044	1603044	0	
3.97914	1	1603080	1603080	0	
3.9816	1	1604489	1604489	0	
3.9816	1	1604540	1604540	0	
3.98406	1	1605934	1605934	0	
3.98406	1	1606000	1606000	0	
3.98652	1	1607378	1607378	0	
3.98652	1	1607460	1607460	0	
3.98898	1	1608822	1608822	0	
3.98898	1	1608920	1608920	0	
3.99144	1	1610266	1610266	0	
3.99144	1	1610380	1610380	0	
3.994	1	1611710	1611710	0	
3.994	1	1611840	1611840	0	
3.99646	1	1613154	1613154	0	
3.99646	1	1613300	1613300	0	
3.99892	1	1614598	1614598	0	
3.99892	1	1614760	1614760	0	
4.00137	1	1616042	1616042	0	
4.00137	1	1616220	1616220	0	
4.00383	1	1617486	1617486	0	
4.00383	1	1617680	1617680	0	
4.00639	1	1618930	1618930	0	
4.00639	1	1619140	1619140	0	
4.00885	1	1620374	1620374	0	
4.00885	1	1620600	1620600	0	
4.0113	1	1621818	1621818	0	
4.0113	1	1622060	1622060	0	
4.01376	1	1623262	1623262	0	
4.01376	1	1623520	1623520	0	
4.01622	1	1624706	1624706	0	
4.01622	1	1624980	1624980	0	
4.01869	1	1626150	1626150	0	
4.01869	1	1626440	1626440	0	
4.02115	1	1627594	1627594	0	
4.02115	1	1627900	1627900	0	
4.02361	1	1629038	1629038	0	
4.02361	1	1629360	1629360	0	
4.02616	1	1630482	1630482	0	
4.02616	1	1630820	1630820	0	
4.02862	1	1631926	1631926	0	
4.02862	1	1632280	1632280	0	
4.03108	1	1633370	1633370	0	
4.03108	1	1633740	1633740	0	
4.03354	1	1634814	1634814	0	
4.03354	1	1635200	1635200	0	
4.03599	1	1636258	1636258	0	
4.03599	1	1636660	1636660	0	
4.03855	1	1637702	1637702	0	
4.03855	1	1638120	1638120	0	
4.04102	1	1639146	1639146	0	
4.04102	1	1639580	1639580	0	
4.04347	1	1640590	1640590	0	
4.04347	1	1641040	1641040	0	
4.04593	1	1642034	1642034	0	
4.04593	1	1642500	1642500	0	
4.04839	1	1643478	1643478	0	
4.04839	1	1643960	1643960	0	
4.05085	1	1644922	1644922	0	
4.05085	1	1645420	1645420	0	
4.05325	1	1646366	1646366	0	
4.05325	1	1646880	1646880	0	
4.05565	1	1647810	1647810	0	
4.05565	1	1648340	1648340	0	
4.05814	1	1649254	1649254	0	
4.05814	1	1649800	1649800	0	
4.06054	1	1650698	1650698	0	
4.06054	1	1651260	1651260	0	
4.06294	1	1652142	1652142	0	
4.06294	1	1652720	1652720	0	
4.06535	1	1653586	1653586	0	
4.06535	1	1654180	1654180	0	
4.06775	1	1655030	1655030	0	
4.06775	1	1655640	1655640	0	
4.07025	1	1656474	1656474	0	
4.07025	1	1657100	1657100	0	
4.07265	1	1657918	1657918	0	
4.07265	1	1658560	1658560	0	
4.07505	1	1659362	1659362	0	
4.07505	1	1660020	1660020	0	
4.07745	1	1660806	1660806	0	
4.07745	1	1661480	1661480	0	
4.07985	1	1662250	1662250	0	
4.07985	1	1662940	1662940	0	
4.08234	1	1663694	1663694	0	
4.08234	1	1664400	1664400	0	
4.08474	1	1665138	1665138	0	
4.08474	1	1665860	1665860	0	
4.08715	1	1666582	1666582	0	
4.08715	1	1667320	1667320	0	
4.08955	1	1668026	1668026	0	
4.08955	1	1668780	1668780	0	
4.09195	1	1669470	1669470	0	
4.09195	1	1670240	1670240	0	
4.09435	1	1670914	1670914	0	
4.09435	1	1671700	1671700	0	
4.09675	1	1672358	1672358	0	
4.09675	1	1673160	1673160	0	
4.09915	1	1673802	1673802	0	
4.09915	1	1674620	1674620	0	
4.10164	1	1675246	1675246	0	
4.10164	1	1676080	1676080	0	
4.10404	1	1676690	1676690	0	
4.10404	1	1677540	1677540	0	
4.10644	1	1678134	1678134	0	
4.10644	1	1679000	1679000	0	
4.10885	1	1679578	1679578	0	
4.10885	1	1680460	1680460	0	
4.11125	1	1681022	1681022	0	
4.11125	1	1681920	1681920	0	
4.11365	1	1682466	1682466	0	
4.11365	1	1683380	1683380	0	
4.11615	1	1683910	1683910	0	
4.11615	1	1684840	1684840	0	
4.11855	1	1685354	1685354	0	
4.11855	1	1686300	1686300	0	
4.12095	1	1686798	1686798	0	
4.12095	1	1687760	1687760	0	
4.12335	1	1688242	1688242	0	
4.12335	1	1689220	1689220	0	
4.12575	1	1689686	1689686	0	
4.12575	1	1690680	1690680	0	
4.12815	1	1691130	1691130	0	
4.12815	1	1692140	1692140	0	
4.13055	1	1692574	1692574	0	
4.13055	1	1693600	1693600	0	
4.13295	1	1694018	1694018	0	
4.13295	1	1695060	1695060	0	
4.13545	1	1695462	1695462	0	
4.13545	1	1696520	1696520	0	
4.13785	1	1696906	1696906	0	
4.13785	1	1697980	1697980	0	
4.14025	1	1698350	1698350	0	
4.14025	1	1699440	1699440	0	
4.14265	1	1699794	1699794	0	
4.14265	1	1700900	1700900	0	
4.14505	1	1701238	1701238	0	
4.14505	1	1702360	1702360	0	
4.14754	1	1702682	1702682	0	
4.14754	1	1703820	1703820	0	
4.14994	1	1704126	1704126	0	
4.14994	1	1705280	1705280	0	
4.15234	1	1705570	1705570	0	
4.15234	1	1706740	1706740	0	
4.15441	1	1707014	1707014	0	
4.15441	1	1708200	1708200	0	
4.15647	1	1708458	1708458	0	
4.15647	1	1709660	1709660	0	
4.15854	1	1709902	1709902	0	
4.15854	1	1711120	1711120	0	
4.1606	1	1711346	1711346	0	
4.1606	1	1712580	1712580	0	
4.16266	1	1712790	1712790	0	
4.16266	1	1714040	1714040	0	
4.1648	1	1714234	1714234	0	
4.1648	1	1715500	1715500	0	
4.16686	1	1715678	1715678	0	
4.16686	1	1716960	1716960	0	
4.16892	1	1717122	1717122	0	
4.16892	1	1718420	1718420	0	
4.17098	1	1718566	1718566	0	
4.17098	1	1719880	1719880	0	
4.17304	1	1720010	1720010	0	
4.17304	1	1721340	1721340	0	
4.17519	1	1721454	1721454	0	
4.17519	1	1722800	1722800	0	
4.17725	1	1722898	1722898	0	
4.17725	1	1724260	1724260	0	
4.17931	1	1724342	1724342	0	
4.17931	1	1725720	1725720	0	
4.18137	1	1725786	1725786	0	
4.18137	1	1727180	1727180	0	
4.18343	1	1727230	1727230	0	
4.18343	1	1728640	1728640	0	
4.18557	1	1728674	1728674	0	
4.18557	1	1730100	1730100	0	
4.18763	1	1730118	1730118	0	
4.18763	1	1731560	1731560	0	
4.18969	1	1731562	1731562	0	
4.19176	1	1733014	1733014	0	
4.19176	1	1733020	1733020	0	
4.19382	1	1734459	1734459	0	
4.19382	1	1734480	1734480	0	
4.19588	1	1735904	1735904	0	
4.19588	1	1735940	1735940	0	
4.19795	1	1737349	1737349	0	
4.19795	1	1737400	1737400	0	
4.20001	1	1738794	1738794	0	
4.20001	1	1738860	1738860	0	
4.20215	1	1740238	1740238	0	
4.20215	1	1740320	1740320	0	
4.20421	1	1741682	1741682	0	
4.20421	1	1741780	1741780	0	
4.20627	1	1743126	1743126	0	
4.20627	1	1743240	1743240	0	
4.20833	1	1744570	1744570	0	
4.20833	1	1744700	1744700	0	
4.21039	1	1746014	1746014	0	
4.21039	1	1746160	1746160	0	
4.21253	1	1747458	1747458	0	
4.21253	1	1747620	1747620	0	
4.2146	1	1748902	1748902	0	
4.2146	1	1749080	1749080	0	
4.21666	1	1750346	1750346	0	
4.21666	1	1750540	1750540	0	
4.21872	1	1751790	1751790	0	
4.21872	1	1752000	1752000	0	
4.22078	1	1753234	1753234	0	
4.22078	1	1753460	1753460	0	
4.22285	1	1754678	1754678	0	
4.22285	1	1754920	1754920	0	
4.22491	1	1756122	1756122	0	
4.22491	1	1756380	1756380	0	
4.22697	1	1757566	1757566	0	
4.22697	1	1757840	1757840	0	
4.22911	1	1759010	1759010	0	
4.22911	1	1759300	1759300	0	
4.23117	1	1760454	1760454	0	
4.23117	1	1760760	1760760	0	
4.23323	1	1761898	1761898	0	
4.23323	1	1762220	1762220	0	
4.2353	1	1763342	1763342	0	
4.2353	1	1763680	1763680	0	
4.23736	1	1764786	1764786	0	
4.23736	1	1765140	1765140	0	
4.2395	1	1766230	1766230	0	
4.2395	1	1766600	1766600	0	
4.24156	1	1767674	1767674	0	
4.24156	1	1768060	1768060	0	
4.24362	1	1769118	1769118	0	
4.24362	1	1769520	1769520	0	
4.24569	1	1770562	1770562	0	
4.24569	1	1770980	1770980	0	
4.24775	1	1772006	1772006	0	
4.24775	1	1772440	1772440	0	
4.24989	1	1773450	1773450	0	
4.24989	1	1773900	1773900	0	
4.25195	1	1774894	1774894	0	
4.25195	1	1775360	1775360	0	
4.25404	1	1776338	1776338	0	
4.25404	1	1776820	1776820	0	
4.25613	1	1777782	1777782	0	
4.25613	1	1778280	1778280	0	
4.25822	1	1779226	1779226	0	
4.25822	1	1779740	1779740	0	
4.2603	1	1780670	1780670	0	
4.2603	1	1781200	1781200	0	
4.26239	1	1782114	1782114	0	
4.26239	1	1782660	1782660	0	
4.26448	1	1783558	1783558	0	
4.26448	1	1784120	1784120	0	
4.26665	1	1785002	1785002	0	
4.26665	1	1785580	1785580	0	
4.26873	1	1786446	1786446	0	
4.26873	1	1787040	1787040	0	
4.27082	1	1787890	1787890	0	
4.27082	1	1788500	1788500	0	
4.27291	1	1789334	1789334	0	
4.27291	1	1789960	1789960	0	
4.275	1	1790778	1790778	0	
4.275	1	1791420	1791420	0	
4.27717	1	1792222	1792222	0	
4.27717	1	1792880	1792880	0	
4.27926	1	1793666	1793666	0	
4.27926	1	1794340	1794340	0	
4.28134	1	1795110	1795110	0	
4.28134	1	1795800	1795800	0	
4.28343	1	1796554	1796554	0	
4.28343	1	1797260	1797260	0	
4.28552	1	1797998	1797998	0	
4.28552	1	1798720	1798720	0	
4.2876	1	1799442	1799442	0	
4.2876	1	1800180	1800180	0	
4.28969	1	1800886	1800886	0	
4.28969	1	1801640	1801640	0	
4.29178	1	1802330	1802330	0	
4.29178	1	1803100	1803100	0	
4.29395	1	1803774	1803774	0	
4.29395	1	1804560	1804560	0	
4.29604	1	1805218	1805218	0	
4.29604	1	1806020	1806020	0	
4.29813	1	1806662	1806662	0	
4.29813	1	1807480	1807480	0	
4.30021	1	1808106	1808106	0	
4.30021	1	1808940	1808940	0	
4.3023	1	1809550	1809550	0	
4.3023	1	1810400	1810400	0	
4.30447	1	1810994	1810994	0	
4.30447	1	1811860	1811860	0	
4.30656	1	1812438	1812438	0	
4.30656	1	1813320	1813320	0	
4.30864	1	1813882	1813882	0	
4.30864	1	1814780	1814780	0	
4.31073	1	1815326	1815326	0	
4.31073	1	1816240	1816240	0	
4.31282	1	1816770	1816770	0	
4.31282	1	1817700	1817700	0	
4.31491	1	1818214	1818214	0	
4.31491	1	1819160	1819160	0	
4.317	1	1819658	1819658	0	
4.317	1	1820620	1820620	0	
4.31908	1	1821102	1821102	0	
4.31908	1	1822080	1822080	0	
4.32125	1	1822546	1822546	0	
4.32125	1	1823540	1823540	0	
4.32334	1	1823990	1823990	0	
4.32334	1	1825000	1825000	0	
4.32543	1	1825434	1825434	0	
4.32543	1	1826460	1826460	0	
4.32751	1	1826878	1826878	0	
4.32751	1	1827920	1827920	0	
4.3296	1	1828322	1828322	0	
4.3296	1	1829380	1829380	0	
4.33177	1	1829766	1829766	0	
4.33177	1	1830840	1830840	0	
4.33386	1	1831210	1831210	0	
4.33386	1	1832300	1832300	0	
4.33595	1	1832654	1832654	0	
4.33595	1	1833760	1833760	0	
4.33804	1	1834098	1834098	0	
4.33804	1	1835220	1835220	0	
4.34012	1	1835542	1835542	0	
4.34012	1	1836680	1836680	0	
4.34229	1	1836986	1836986	0	
4.34229	1	1838140	1838140	0	
4.34438	1	1838430	1838430	0	
4.34438	1	1839600	1839600	0	
4.34646	1	1839874	1839874	0	
4.34646	1	1841060	1841060	0	
4.34855	1	1841318	1841318	0	
4.34855	1	1842520	1842520	0	
4.35064	1	1842762	1842762	0	
4.35064	1	1843980	1843980	0	
4.35303	1	1844206	1844206	0	
4.35303	1	1845440	1845440	0	
4.35542	1	1845650	1845650	0	
4.35542	1	1846900	1846900	0	
4.35781	1	1847094	1847094	0	
4.35781	1	1848360	1848360	0	
4.36029	1	1848538	1848538	0	
4.36029	1	1849820	1849820	0	
4.36268	1	1849982	1849982	0	
4.36268	1	1851280	1851280	0	
4.36506	1	1851426	1851426	0	
4.36506	1	1852740	1852740	0	
4.36745	1	1852870	1852870	0	
4.36745	1	1854200	1854200	0	
4.36984	1	1854314	1854314	0	
4.36984	1	1855660	1855660	0	
4.37232	1	1855758	1855758	0	
4.37232	1	1857120	1857120	0	
4.37471	1	1857202	1857202	0	
4.37471	1	1858580	1858580	0	
4.3771	1	1858646	1858646	0	
4.3771	1	1860040	1860040	0	
4.37949	1	1860090	1860090	0	
4.37949	1	1861500	1861500	0	
4.38187	1	1861534	1861534	0	
4.38187	1	1862960	1862960	0	
4.38426	1	1862978	1862978	0	
4.38426	1	1864420	1864420	0	
4.38664	1	1864422	1864422	0	
4.38903	1	1865874	1865874	0	
4.38903	1	1865880	1865880	0	
4.39151	1	1867319	1867319	0	
4.39151	1	1867340	1867340	0	
4.3939	1	1868764	1868764	0	
4.3939	1	1868800	1868800	0	
4.39629	1	1870209	1870209	0	
4.39629	1	1870260	1870260	0	
4.39867	1	1871654	1871654	0	
4.39867	1	1871720	1871720	0	
4.40107	1	1873098	1873098	0	
4.40107	1	1873180	1873180	0	
4.40355	1	1874542	1874542	0	
4.40355	1	1874640	1874640	0	
4.40594	1	1875986	1875986	0	
4.40594	1	1876100	1876100	0	
4.40832	1	1877430	1877430	0	
4.40832	1	1877560	1877560	0	
4.41071	1	1878874	1878874	0	
4.41071	1	1879020	1879020	0	
4.4131	1	1880318	1880318	0	
4.4131	1	1880480	1880480	0	
4.41548	1	1881762	1881762	0	
4.41548	1	1881940	1881940	0	
4.41787	1	1883206	1883206	0	
4.41787	1	1883400	1883400	0	
4.42026	1	1884650	1884650	0	
4.42026	1	1884860	1884860	0	
4.42275	1	1886094	1886094	0	
4.42275	1	1886320	1886320	0	
4.42513	1	1887538	1887538	0	
4.42513	1	1887780	1887780	0	
4.42752	1	1888982	1888982	0	
4.42752	1	1889240	1889240	0	
4.42991	1	1890426	1890426	0	
4.42991	1	1890700	1890700	0	
4.4323	1	1891870	1891870	0	
4.4323	1	1892160	1892160	0	
4.43478	1	1893314	1893314	0	
4.43478	1	1893620	1893620	0	
4.43716	1	1894758	1894758	0	
4.43716	1	1895080	1895080	0	
4.43955	1	1896202	1896202	0	
4.43955	1	1896540	1896540	0	
4.44194	1	1897646	1897646	0	
4.44194	1	1898000	1898000	0	
4.44433	1	1899090	1899090	0	
4.44433	1	1899460	1899460	0	
4.44681	1	1900534	1900534	0	
4.44681	1	1900920	1900920	0	
4.4492	1	1901978	1901978	0	
4.4492	1	1902380	1902380	0	
4.45159	1	1903422	1903422	0	
4.45159	1	1903840	1903840	0	
4.45369	1	1904866	1904866	0	
4.45369	1	1905300	1905300	0	
4.4558	1	1906310	1906310	0	
4.4558	1	1906760	1906760	0	
4.4579	1	1907754	1907754	0	
4.4579	1	1908220	1908220	0	
4.46001	1	1909198	1909198	0	
4.46001	1	1909680	1909680	0	
4.46211	1	1910642	1910642	0	
4.46211	1	1911140	1911140	0	
4.4643	1	1912086	1912086	0	
4.4643	1	1912600	1912600	0	
4.46641	1	1913530	1913530	0	
4.46641	1	1914060	1914060	0	
4.46851	1	1914974	1914974	0	
4.46851	1	1915520	1915520	0	
4.47061	1	1916418	1916418	0	
4.47061	1	1916980	1916980	0	
4.47272	1	1917862	1917862	0	
4.47272	1	1918440	1918440	0	
4.4749	1	1919306	1919306	0	
4.4749	1	1919900	1919900	0	
4.47701	1	1920750	1920750	0	
4.47701	1	1921360	1921360	0	
4.47911	1	1922194	1922194	0	
4.47911	1	1922820	1922820	0	
4.48122	1	1923638	1923638	0	
4.48122	1	1924280	1924280	0	
4.48332	1	1925082	1925082	0	
4.48332	1	1925740	1925740	0	
4.48542	1	1926526	1926526	0	
4.48542	1	1927200	1927200	0	
4.48753	1	1927970	1927970	0	
4.48753	1	1928660	1928660	0	
4.48964	1	1929414	1929414	0	
4.48964	1	1930120	1930120	0	
4.49182	1	1930858	1930858	0	
4.49182	1	1931580	1931580	0	
4.49393	1	1932302	1932302	0	
4.49393	1	1933040	1933040	0	
4.49603	1	1933746	1933746	0	
4.49603	1	1934500	1934500	0	
4.49814	1	1935190	1935190	0	
4.49814	1	1935960	1935960	0	
4.50024	1	1936634	1936634	0	
4.50024	1	1937420	1937420	0	
4.50243	1	1938078	1938078	0	
4.50243	1	1938880	1938880	0	
4.50453	1	1939522	1939522	0	
4.50453	1	1940340	1940340	0	
4.50664	1	1940966	1940966	0	
4.50664	1	1941800	1941800	0	
4.50874	1	1942410	1942410	0	
4.50874	1	1943260	1943260	0	
4.51085	1	1943854	1943854	0	
4.51085	1	1944720	1944720	0	
4.51295	1	1945298	1945298	0	
4.51295	1	1946180	1946180	0	
4.51506	1	1946742	1946742	0	
4.51506	1	1947640	1947640	0	
4.51716	1	1948186	1948186	0	
4.51716	1	1949100	1949100	0	
4.51935	1	1949630	1949630	0	
4.51935	1	1950560	1950560	0	
4.52145	1	1951074	1951074	0	
4.52145	1	1952020	1952020	0	
4.52355	1	1952518	1952518	0	
4.52355	1	1953480	1953480	0	
4.52566	1	1953962	1953962	0	
4.52566	1	1954940	1954940	0	
4.52777	1	1955406	1955406	0	
4.52777	1	1956400	1956400	0	
4.52996	1	1956850	1956850	0	
4.52996	1	1957860	1957860	0	
4.53206	1	1958294	1958294	0	
4.53206	1	1959320	1959320	0	
4.53416	1	1959738	1959738	0	
4.53416	1	1960780	1960780	0	
4.53627	1	1961182	1961182	0	
4.53627	1	1962240	1962240	0	
4.53837	1	1962626	1962626	0	
4.53837	1	1963700	1963700	0	
4.54047	1	1964070	1964070	0	
4.54047	1	1965160	1965160	0	
4.54266	1	1965514	1965514	0	
4.54266	1	1966620	1966620	0	
4.54477	1	1966958	1966958	0	
4.54477	1	1968080	1968080	0	
4.54688	1	1968402	1968402	0	
4.54688	1	1969540	1969540	0	
4.54898	1	1969846	1969846	0	
4.54898	1	1971000	1971000	0	
4.55108	1	1971290	1971290	0	
4.55108	1	1972460	1972460	0	
4.55336	1	1972734	1972734	0	
4.55336	1	1973920	1973920	0	
4.55564	1	1974178	1974178	0	
4.55564	1	1975380	1975380	0	
4.55792	1	1975622	1975622	0	
4.55792	1	1976840	1976840	0	
4.56028	1	1977066	1977066	0	
4.56028	1	1978300	1978300	0	
4.56256	1	1978510	1978510	0	
4.56256	1	1979760	1979760	0	
4.56484	1	1979954	1979954	0	
4.56484	1	1981220	1981220	0	
4.56711	1	1981398	1981398	0	
4.56711	1	1982680	1982680	0	
4.5694	1	1982842	1982842	0	
4.5694	1	1984140	1984140	0	
4.57177	1	1984286	1984286	0	
4.57177	1	1985600	1985600	0	
4.57404	1	1985730	1985730	0	
4.57404	1	1987060	1987060	0	
4.57632	1	1987174	1987174	0	
4.57632	1	1988520	1988520	0	
4.5786	1	1988618	1988618	0	
4.5786	1	1989980	1989980	0	
4.58088	1	1990062	1990062	0	
4.58088	1	1991440	1991440	0	
4.58315	1	1991506	1991506	0	
4.58315	1	1992900	1992900	0	
4.58543	1	1992950	1992950	0	
4.58543	1	1994360	1994360	0	
4.5877	1	1994394	1994394	0	
4.5877	1	1995820	1995820	0	
4.59008	1	1995838	1995838	0	
4.59008	1	1997280	1997280	0	
4.59235	1	1997282	1997282	0	
4.59463	1	1998734	1998734	0	
4.59463	1	1998740	1998740	0	
4.59691	1	2000179	2000179	0	
4.59691	1	2000200	2000200	0	
4.59919	1	2001624	2001624	0	
4.59919	1	2001660	2001660	0	
4.60155	1	2003069	2003069	0	
4.60155	1	2003120	2003120	0	
4.60383	1	2004514	2004514	0	
4.60383	1	2004580	2004580	0	
4.60611	1	2005958	2005958	0	
4.60611	1	2006040	2006040	0	
4.60838	1	2007402	2007402	0	
4.60838	1	2007500	2007500	0	
4.61066	1	2008846	2008846	0	
4.61066	1	2008960	2008960	0	
4.61295	1	2010290	2010290	0	
4.61295	1	2010420	2010420	0	
4.61522	1	2011734	2011734	0	
4.61522	1	2011880	2011880	0	
4.6175	1	2013178	2013178	0	
4.6175	1	2013340	2013340	0	
4.61987	1	2014622	2014622	0	
4.61987	1	2014800	2014800	0	
4.62214	1	2016066	2016066	0	
4.62214	1	2016260	2016260	0	
4.62442	1	2017510	2017510	0	
4.62442	1	2017720	2017720	0	
4.6267	1	2018954	2018954	0	
4.6267	1	2019180	2019180	0	
4.62898	1	2020398	2020398	0	
4.62898	1	2020640	2020640	0	
4.63134	1	2021842	2021842	0	
4.63134	1	2022100	2022100	0	
4.63363	1	2023286	2023286	0	
4.63363	1	2023560	2023560	0	
4.63591	1	2024730	2024730	0	
4.63591	1	2025020	2025020	0	
4.63818	1	2026174	2026174	0	
4.63818	1	2026480	2026480	0	
4.64046	1	2027618	2027618	0	
4.64046	1	2027940	2027940	0	
4.64283	1	2029062	2029062	0	
4.64283	1	2029400	2029400	0	
4.6451	1	2030506	2030506	0	
4.6451	1	2030860	2030860	0	
4.64738	1	2031950	2031950	0	
4.64738	1	2032320	2032320	0	
4.64966	1	2033394	2033394	0	
4.64966	1	2033780	2033780	0	
4.65194	1	2034838	2034838	0	
4.65194	1	2035240	2035240	0	
4.65401	1	2036282	2036282	0	
4.65401	1	2036700	2036700	0	
4.6561	1	2037726	2037726	0	
4.6561	1	2038160	2038160	0	
4.65817	1	2039170	2039170	0	
4.65817	1	2039620	2039620	0	
4.66033	1	2040614	2040614	0	
4.66033	1	2041080	2041080	0	
4.66241	1	2042058	2042058	0	
4.66241	1	2042540	2042540	0	
4.66449	1	2043502	2043502	0	
4.66449	1	2044000	2044000	0	
4.66656	1	2044946	2044946	0	
4.66656	1	2045460	2045460	0	
4.66864	1	2046390	2046390	0	
4.66864	1	2046920	2046920	0	
4.6708	1	2047834	2047834	0	
4.6708	1	2048380	2048380	0	
4.67288	1	2049278	2049278	0	
4.67288	1	2049840	2049840	0	
4.67496	1	2050722	2050722	0	
4.67496	1	2051300	2051300	0	
4.67704	1	2052166	2052166	0	
4.67704	1	2052760	2052760	0	
4.67912	1	2053610	2053610	0	
4.67912	1	2054220	2054220	0	
4.68119	1	2055054	2055054	0	
4.68119	1	2055680	2055680	0	
4.68327	1	2056498	2056498	0	
4.68327	1	2057140	2057140	0	
4.68535	1	2057942	2057942	0	
4.68535	1	2058600	2058600	0	
4.68751	1	2059386	2059386	0	
4.68751	1	2060060	2060060	0	
4.68958	1	2060830	2060830	0	
4.68958	1	2061520	2061520	0	
4.69166	1	2062274	2062274	0	
4.69166	1	2062980	2062980	0	
4.69374	1	2063718	2063718	0	
4.69374	1	2064440	2064440	0	
4.69582	1	2065162	2065162	0	
4.69582	1	2065900	2065900	0	
4.69798	1	2066606	2066606	0	
4.69798	1	2067360	2067360	0	
4.70006	1	2068050	2068050	0	
4.70006	1	2068820	2068820	0	
4.70213	1	2069494	2069494	0	
4.70213	1	2070280	2070280	0	
4.70421	1	2070938	2070938	0	
4.70421	1	2071740	2071740	0	
4.70629	1	2072382	2072382	0	
4.70629	1	2073200	2073200	0	
4.70845	1	2073826	2073826	0	
4.70845	1	2074660	2074660	0	
4.71052	1	2075270	2075270	0	
4.71052	1	2076120	2076120	0	
4.7126	1	2076714	2076714	0	
4.7126	1	2077580	2077580	0	
4.71468	1	2078158	2078158	0	
4.71468	1	2079040	2079040	0	
4.71676	1	2079602	2079602	0	
4.71676	1	2080500	2080500	0	
4.71884	1	2081046	2081046	0	
4.71884	1	2081960	2081960	0	
4.72092	1	2082490	2082490	0	
4.72092	1	2083420	2083420	0	
4.72299	1	2083934	2083934	0	
4.72299	1	2084880	2084880	0	
4.72515	1	2085378	2085378	0	
4.72515	1	2086340	2086340	0	
4.72723	1	2086822	2086822	0	
4.72723	1	2087800	2087800	0	
4.72931	1	2088266	2088266	0	
4.72931	1	2089260	2089260	0	
4.73138	1	2089710	2089710	0	
4.73138	1	2090720	2090720	0	
4.73346	1	2091154	2091154	0	
4.73346	1	2092180	2092180	0	
4.73563	1	2092598	2092598	0	
4.73563	1	2093640	2093640	0	
4.7377	1	2094042	2094042	0	
4.7377	1	2095100	2095100	0	
4.73978	1	2095486	2095486	0	
4.73978	1	2096560	2096560	0	
4.74186	1	2096930	2096930	0	
4.74186	1	2098020	2098020	0	
4.74393	1	2098374	2098374	0	
4.74393	1	2099480	2099480	0	
4.74601	1	2099818	2099818	0	
4.74601	1	2100940	2100940	0	
4.74809	1	2101262	2101262	0	
4.74809	1	2102400	2102400	0	
4.75017	1	2102706	2102706	0	
4.75017	1	2103860	2103860	0	
4.7525	1	2104150	2104150	0	
4.7525	1	2105320	2105320	0	
4.75476	1	2105594	2105594	0	
4.75476	1	2106780	2106780	0	
4.75701	1	2107038	2107038	0	
4.75701	1	2108240	2108240	0	
4.75925	1	2108482	2108482	0	
4.75925	1	2109700	2109700	0	
4.7615	1	2109926	2109926	0	
4.7615	1	2111160	2111160	0	
4.76384	1	2111370	2111370	0	
4.76384	1	2112620	2112620	0	
4.76609	1	2112814	2112814	0	
4.76609	1	2114080	2114080	0	
4.76833	1	2114258	2114258	0	
4.76833	1	2115540	2115540	0	
4.77058	1	2115702	2115702	0	
4.77058	1	2117000	2117000	0	
4.77283	1	2117146	2117146	0	
4.77283	1	2118460	2118460	0	
4.77508	1	2118590	2118590	0	
4.77508	1	2119920	2119920	0	
4.77734	1	2120034	2120034	0	
4.77734	1	2121380	2121380	0	
4.77958	1	2121478	2121478	0	
4.77958	1	2122840	2122840	0	
4.78192	1	2122922	2122922	0	
4.78192	1	2124300	2124300	0	
4.78417	1	2124366	2124366	0	
4.78417	1	2125760	2125760	0	
4.78642	1	2125810	2125810	0	
4.78642	1	2127220	2127220	0	
4.78866	1	2127254	2127254	0	
4.78866	1	2128680	2128680	0	
4.79091	1	2128698	2128698	0	
4.79091	1	2130140	2130140	0	
4.79324	1	2130142	2130142	0	
4.79549	1	2131594	2131594	0	
4.79549	1	2131600	2131600	0	
4.79775	1	2133039	2133039	0	
4.79775	1	2133060	2133060	0	
4.8	1	2134484	2134484	0	
4.8	1	2134520	2134520	0	
4.80224	1	2135929	2135929	0	
4.80224	1	2135980	2135980	0	
4.80458	1	2137374	2137374	0	
4.80458	1	2137440	2137440	0	
4.80683	1	2138818	2138818	0	
4.80683	1	2138900	2138900	0	
4.80908	1	2140262	2140262	0	
4.80908	1	2140360	2140360	0	
4.81133	1	2141706	2141706	0	
4.81133	1	2141820	2141820	0	
4.81357	1	2143150	2143150	0	
4.81357	1	2143280	2143280	0	
4.81582	1	2144594	2144594	0	
4.81582	1	2144740	2144740	0	
4.81807	1	2146038	2146038	0	
4.81807	1	2146200	2146200	0	
4.82033	1	2147482	2147482	0	
4.82033	1	2147660	2147660	0	
4.82266	1	2148926	2148926	0	
4.82266	1	2149120	2149120	0	
4.82491	1	2150370	2150370	0	
4.82491	1	2150580	2150580	0	
4.82716	1	2151814	2151814	0	
4.82716	1	2152040	2152040	0	
4.82941	1	2153258	2153258	0	
4.82941	1	2153500	2153500	0	
4.83166	1	2154702	2154702	0	
4.83166	1	2154960	2154960	0	
4.83399	1	2156146	2156146	0	
4.83399	1	2156420	2156420	0	
4.83624	1	2157590	2157590	0	
4.83624	1	2157880	2157880	0	
4.83849	1	2159034	2159034	0	
4.83849	1	2159340	2159340	0	
4.84074	1	2160478	2160478	0	
4.84074	1	2160800	2160800	0	
4.84299	1	2161922	2161922	0	
4.84299	1	2162260	2162260	0	
4.84524	1	2163366	2163366	0	
4.84524	1	2163720	2163720	0	
4.84749	1	2164810	2164810	0	
4.84749	1	2165180	2165180	0	
4.84974	1	2166254	2166254	0	
4.84974	1	2166640	2166640	0	
4.85207	1	2167698	2167698	0	
4.85207	1	2168100	2168100	0	
4.85442	1	2169142	2169142	0	
4.85442	1	2169560	2169560	0	
4.85677	1	2170586	2170586	0	
4.85677	1	2171020	2171020	0	
4.85911	1	2172030	2172030	0	
4.85911	1	2172480	2172480	0	
4.86146	1	2173474	2173474	0	
4.86146	1	2173940	2173940	0	
4.8639	1	2174918	2174918	0	
4.8639	1	2175400	2175400	0	
4.86625	1	2176362	2176362	0	
4.86625	1	2176860	2176860	0	
4.8686	1	2177806	2177806	0	
4.8686	1	2178320	2178320	0	
4.87094	1	2179250	2179250	0	
4.87094	1	2179780	2179780	0	
4.87329	1	2180694	2180694	0	
4.87329	1	2181240	2181240	0	
4.87563	1	2182138	2182138	0	
4.87563	1	2182700	2182700	0	
4.87798	1	2183582	2183582	0	
4.87798	1	2184160	2184160	0	
4.88033	1	2185026	2185026	0	
4.88033	1	2185620	2185620	0	
4.88276	1	2186470	2186470	0	
4.88276	1	2187080	2187080	0	
4.88512	1	2187914	2187914	0	
4.88512	1	2188540	2188540	0	
4.88746	1	2189358	2189358	0	
4.88746	1	2190000	2190000	0	
4.88981	1	2190802	2190802	0	
4.88981	1	2191460	2191460	0	
4.89216	1	2192246	2192246	0	
4.89216	1	2192920	2192920	0	
4.89459	1	2193690	2193690	0	
4.89459	1	2194380	2194380	0	
4.89694	1	2195134	2195134	0	
4.89694	1	2195840	2195840	0	
4.89929	1	2196578	2196578	0	
4.89929	1	2197300	2197300	0	
4.90163	1	2198022	2198022	0	
4.90163	1	2198760	2198760	0	
4.90398	1	2199466	2199466	0	
4.90398	1	2200220	2200220	0	
4.90642	1	2200910	2200910	0	
4.90642	1	2201680	2201680	0	
4.90877	1	2202354	2202354	0	
4.90877	1	2203140	2203140	0	
4.91112	1	2203798	2203798	0	
4.91112	1	2204600	2204600	0	
4.91346	1	2205242	2205242	0	
4.91346	1	2206060	2206060	0	
4.91581	1	2206686	2206686	0	
4.91581	1	2207520	2207520	0	
4.91816	1	2208130	2208130	0	
4.91816	1	2208980	2208980	0	
4.9205	1	2209574	2209574	0	
4.9205	1	2210440	2210440	0	
4.92285	1	2211018	2211018	0	
4.92285	1	2211900	2211900	0	
4.92529	1	2212462	2212462	0	
4.92529	1	2213360	2213360	0	
4.92763	1	2213906	2213906	0	
4.92763	1	2214820	2214820	0	
4.92999	1	2215350	2215350	0	
4.92999	1	2216280	2216280	0	
4.93233	1	2216794	2216794	0	
4.93233	1	2217740	2217740	0	
4.93468	1	2218238	2218238	0	
4.93468	1	2219200	2219200	0	
4.93712	1	2219682	2219682	0	
4.93712	1	2220660	2220660	0	
4.93946	1	2221126	2221126	0	
4.93946	1	2222120	2222120	0	
4.94181	1	2222570	2222570	0	
4.94181	1	2223580	2223580	0	
4.94416	1	2224014	2224014	0	
4.94416	1	2225040	2225040	0	
4.9465	1	2225458	2225458	0	
4.9465	1	2226500	2226500	0	
4.94885	1	2226902	2226902	0	
4.94885	1	2227960	2227960	0	
4.95119	1	2228346	2228346	0	
4.95119	1	2229420	2229420	0	
4.95334	1	2229790	2229790	0	
4.95334	1	2230880	2230880	0	
4.95556	1	2231234	2231234	0	
4.95556	1	2232340	2232340	0	
4.9577	1	2232678	2232678	0	
4.9577	1	2233800	2233800	0	
4.95984	1	2234122	2234122	0	
4.95984	1	2235260	2235260	0	
4.96198	1	2235566	2235566	0	
4.96198	1	2236720	2236720	0	
4.96411	1	2237010	2237010	0	
4.96411	1	2238180	2238180	0	
4.96634	1	2238454	2238454	0	
4.96634	1	2239640	2239640	0	
4.96847	1	2239898	2239898	0	
4.96847	1	2241100	2241100	0	
4.97061	1	2241342	2241342	0	
4.97061	1	2242560	2242560	0	
4.97276	1	2242786	2242786	0	
4.97276	1	2244020	2244020	0	
4.9749	1	2244230	2244230	0	
4.9749	1	2245480	2245480	0	
4.97703	1	2245674	2245674	0	
4.97703	1	2246940	2246940	0	
4.97917	1	2247118	2247118	0	
4.97917	1	2248400	2248400	0	
4.98131	1	2248562	2248562	0	
4.98131	1	2249860	2249860	0	
4.98345	1	2250006	2250006	0	
4.98345	1	2251320	2251320	0	
4.98567	1	2251450	2251450	0	
4.98567	1	2252780	2252780	0	
4.98781	1	2252894	2252894	0	
4.98781	1	2254240	2254240	0	
4.98995	1	2254338	2254338	0	
4.98995	1	2255700	2255700	0	
4.99209	1	2255782	2255782	0	
4.99209	1	2257160	2257160	0	
4.99423	1	2257226	2257226	0	
4.99423	1	2258620	2258620	0	
4.99645	1	2258670	2258670	0	
4.99645	1	2260080	2260080	0	
4.99859	1	2260114	2260114	0	
4.99859	1	2261540	2261540	0	
5.00073	1	2261558	2261558	0	
5.00073	1	2263000	2263000	0	
5.00286	1	2263002	2263002	0	
5.005	1	2264454	2264454	0	
5.005	1	2264460	2264460	0	
5.00722	1	2265899	2265899	0	
5.00722	1	2265920	2265920	0	
5.00936	1	2267344	2267344	0	
5.00936	1	2267380	2267380	0	
5.0115	1	2268789	2268789	0	
5.0115	1	2268840	2268840	0	
5.01364	1	2270234	2270234	0	
5.01364	1	2270300	2270300	0	
5.01578	1	2271678	2271678	0	
5.01578	1	2271760	2271760	0	
5.01792	1	2273122	2273122	0	
5.01792	1	2273220	2273220	0	
5.02006	1	2274566	2274566	0	
5.02006	1	2274680	2274680	0	
5.0222	1	2276010	2276010	0	
5.0222	1	2276140	2276140	0	
5.02442	1	2277454	2277454	0	
5.02442	1	2277600	2277600	0	
5.02656	1	2278898	2278898	0	
5.02656	1	2279060	2279060	0	
5.0287	1	2280342	2280342	0	
5.0287	1	2280520	2280520	0	
5.03084	1	2281786	2281786	0	
5.03084	1	2281980	2281980	0	
5.03297	1	2283230	2283230	0	
5.03297	1	2283440	2283440	0	
5.0352	1	2284674	2284674	0	
5.0352	1	2284900	2284900	0	
5.03734	1	2286118	2286118	0	
5.03734	1	2286360	2286360	0	
5.03948	1	2287562	2287562	0	
5.03948	1	2287820	2287820	0	
5.04162	1	2289006	2289006	0	
5.04162	1	2289280	2289280	0	
5.04376	1	2290450	2290450	0	
5.04376	1	2290740	2290740	0	
5.04589	1	2291894	2291894	0	
5.04589	1	2292200	2292200	0	
5.04803	1	2293338	2293338	0	
5.04803	1	2293660	2293660	0	
5.05017	1	2294782	2294782	0	
5.05017	1	2295120	2295120	0	
5.05261	1	2296226	2296226	0	
5.05261	1	2296580	2296580	0	
5.05497	1	2297670	2297670	0	
5.05497	1	2298040	2298040	0	
5.05732	1	2299114	2299114	0	
5.05732	1	2299500	2299500	0	
5.05967	1	2300558	2300558	0	
5.05967	1	2300960	2300960	0	
5.06202	1	2302002	2302002	0	
5.06202	1	2302420	2302420	0	
5.06446	1	2303446	2303446	0	
5.06446	1	2303880	2303880	0	
5.06681	1	2304890	2304890	0	
5.06681	1	2305340	2305340	0	
5.06916	1	2306334	2306334	0	
5.06916	1	2306800	2306800	0	
5.07151	1	2307778	2307778	0	
5.07151	1	2308260	2308260	0	
5.07386	1	2309222	2309222	0	
5.07386	1	2309720	2309720	0	
5.07631	1	2310666	2310666	0	
5.07631	1	2311180	2311180	0	
5.07866	1	2312110	2312110	0	
5.07866	1	2312640	2312640	0	
5.08101	1	2313554	2313554	0	
5.08101	1	2314100	2314100	0	
5.08336	1	2314998	2314998	0	
5.08336	1	2315560	2315560	0	
5.08571	1	2316442	2316442	0	
5.08571	1	2317020	2317020	0	
5.08806	1	2317886	2317886	0	
5.08806	1	2318480	2318480	0	
5.09041	1	2319330	2319330	0	
5.09041	1	2319940	2319940	0	
5.09276	1	2320774	2320774	0	
5.09276	1	2321400	2321400	0	
5.0952	1	2322218	2322218	0	
5.0952	1	2322860	2322860	0	
5.09755	1	2323662	2323662	0	
5.09755	1	2324320	2324320	0	
5.09991	1	2325106	2325106	0	
5.09991	1	2325780	2325780	0	
5.10226	1	2326550	2326550	0	
5.10226	1	2327240	2327240	0	
5.10461	1	2327994	2327994	0	
5.10461	1	2328700	2328700	0	
5.10705	1	2329438	2329438	0	
5.10705	1	2330160	2330160	0	
5.1094	1	2330882	2330882	0	
5.1094	1	2331620	2331620	0	
5.11175	1	2332326	2332326	0	
5.11175	1	2333080	2333080	0	
5.1141	1	2333770	2333770	0	
5.1141	1	2334540	2334540	0	
5.11645	1	2335214	2335214	0	
5.11645	1	2336000	2336000	0	
5.1188	1	2336658	2336658	0	
5.1188	1	2337460	2337460	0	
5.12115	1	2338102	2338102	0	
5.12115	1	2338920	2338920	0	
5.12351	1	2339546	2339546	0	
5.12351	1	2340380	2340380	0	
5.12595	1	2340990	2340990	0	
5.12595	1	2341840	2341840	0	
5.1283	1	2342434	2342434	0	
5.1283	1	2343300	2343300	0	
5.13065	1	2343878	2343878	0	
5.13065	1	2344760	2344760	0	
5.133	1	2345322	2345322	0	
5.133	1	2346220	2346220	0	
5.13535	1	2346766	2346766	0	
5.13535	1	2347680	2347680	0	
5.13779	1	2348210	2348210	0	
5.13779	1	2349140	2349140	0	
5.14014	1	2349654	2349654	0	
5.14014	1	2350600	2350600	0	
5.14249	1	2351098	2351098	0	
5.14249	1	2352060	2352060	0	
5.14485	1	2352542	2352542	0	
5.14485	1	2353520	2353520	0	
5.1472	1	2353986	2353986	0	
5.1472	1	2354980	2354980	0	
5.14955	1	2355430	2355430	0	
5.14955	1	2356440	2356440	0	
5.1519	1	2356874	2356874	0	
5.1519	1	2357900	2357900	0	
5.15407	1	2358318	2358318	0	
5.15407	1	2359360	2359360	0	
5.15632	1	2359762	2359762	0	
5.15632	1	2360820	2360820	0	
5.15848	1	2361206	2361206	0	
5.15848	1	2362280	2362280	0	
5.16065	1	2362650	2362650	0	
5.16065	1	2363740	2363740	0	
5.16281	1	2364094	2364094	0	
5.16281	1	2365200	2365200	0	
5.16498	1	2365538	2365538	0	
5.16498	1	2366660	2366660	0	
5.16723	1	2366982	2366982	0	
5.16723	1	2368120	2368120	0	
5.1694	1	2368426	2368426	0	
5.1694	1	2369580	2369580	0	
5.17156	1	2369870	2369870	0	
5.17156	1	2371040	2371040	0	
5.17373	1	2371314	2371314	0	
5.17373	1	2372500	2372500	0	
5.17589	1	2372758	2372758	0	
5.17589	1	2373960	2373960	0	
5.17814	1	2374202	2374202	0	
5.17814	1	2375420	2375420	0	
5.18031	1	2375646	2375646	0	
5.18031	1	2376880	2376880	0	
5.18247	1	2377090	2377090	0	
5.18247	1	2378340	2378340	0	
5.18464	1	2378534	2378534	0	
5.18464	1	2379800	2379800	0	
5.18681	1	2379978	2379978	0	
5.18681	1	2381260	2381260	0	
5.18898	1	2381422	2381422	0	
5.18898	1	2382720	2382720	0	
5.19114	1	2382866	2382866	0	
5.19114	1	2384180	2384180	0	
5.19331	1	2384310	2384310	0	
5.19331	1	2385640	2385640	0	
5.19556	1	2385754	2385754	0	
5.19556	1	2387100	2387100	0	
5.19772	1	2387198	2387198	0	
5.19772	1	2388560	2388560	0	
5.19989	1	2388642	2388642	0	
5.19989	1	2390020	2390020	0	
5.20205	1	2390086	2390086	0	
5.20205	1	2391480	2391480	0	
5.20421	1	2391530	2391530	0	
5.20421	1	2392940	2392940	0	
5.20647	1	2392974	2392974	0	
5.20647	1	2394400	2394400	0	
5.20863	1	2394418	2394418	0	
5.20863	1	2395860	2395860	0	
5.2108	1	2395862	2395862	0	
5.21296	1	2397314	2397314	0	
5.21296	1	2397320	2397320	0	
5.21513	1	2398759	2398759	0	
5.21513	1	2398780	2398780	0	
5.21729	1	2400204	2400204	0	
5.21729	1	2400240	2400240	0	
5.21946	1	2401649	2401649	0	
5.21946	1	2401700	2401700	0	
5.22162	1	2403094	2403094	0	
5.22162	1	2403160	2403160	0	
5.22387	1	2404538	2404538	0	
5.22387	1	2404620	2404620	0	
5.22604	1	2405982	2405982	0	
5.22604	1	2406080	2406080	0	
5.22821	1	2407426	2407426	0	
5.22821	1	2407540	2407540	0	
5.23038	1	2408870	2408870	0	
5.23038	1	2409000	2409000	0	
5.23254	1	2410314	2410314	0	
5.23254	1	2410460	2410460	0	
5.23479	1	2411758	2411758	0	
5.23479	1	2411920	2411920	0	
5.23695	1	2413202	2413202	0	
5.23695	1	2413380	2413380	0	
5.23912	1	2414646	2414646	0	
5.23912	1	2414840	2414840	0	
5.24129	1	2416090	2416090	0	
5.24129	1	2416300	2416300	0	
5.24345	1	2417534	2417534	0	
5.24345	1	2417760	2417760	0	
5.24562	1	2418978	2418978	0	
5.24562	1	2419220	2419220	0	
5.24778	1	2420422	2420422	0	
5.24778	1	2420680	2420680	0	
5.24995	1	2421866	2421866	0	
5.24995	1	2422140	2422140	0	
5.2522	1	2423310	2423310	0	
5.2522	1	2423600	2423600	0	
5.25466	1	2424754	2424754	0	
5.25466	1	2425060	2425060	0	
5.25712	1	2426198	2426198	0	
5.25712	1	2426520	2426520	0	
5.25958	1	2427642	2427642	0	
5.25958	1	2427980	2427980	0	
5.26204	1	2429086	2429086	0	
5.26204	1	2429440	2429440	0	
5.2646	1	2430530	2430530	0	
5.2646	1	2430900	2430900	0	
5.26705	1	2431974	2431974	0	
5.26705	1	2432360	2432360	0	
5.26951	1	2433418	2433418	0	
5.26951	1	2433820	2433820	0	
5.27198	1	2434862	2434862	0	
5.27198	1	2435280	2435280	0	
5.27444	1	2436306	2436306	0	
5.27444	1	2436740	2436740	0	
5.277	1	2437750	2437750	0	
5.277	1	2438200	2438200	0	
5.27946	1	2439194	2439194	0	
5.27946	1	2439660	2439660	0	
5.28192	1	2440638	2440638	0	
5.28192	1	2441120	2441120	0	
5.28437	1	2442082	2442082	0	
5.28437	1	2442580	2442580	0	
5.28683	1	2443526	2443526	0	
5.28683	1	2444040	2444040	0	
5.28929	1	2444970	2444970	0	
5.28929	1	2445500	2445500	0	
5.29175	1	2446414	2446414	0	
5.29175	1	2446960	2446960	0	
5.29421	1	2447858	2447858	0	
5.29421	1	2448420	2448420	0	
5.29678	1	2449302	2449302	0	
5.29678	1	2449880	2449880	0	
5.29924	1	2450746	2450746	0	
5.29924	1	2451340	2451340	0	
5.30169	1	2452190	2452190	0	
5.30169	1	2452800	2452800	0	
5.30415	1	2453634	2453634	0	
5.30415	1	2454260	2454260	0	
5.30661	1	2455078	2455078	0	
5.30661	1	2455720	2455720	0	
5.30917	1	2456522	2456522	0	
5.30917	1	2457180	2457180	0	
5.31163	1	2457966	2457966	0	
5.31163	1	2458640	2458640	0	
5.31409	1	2459410	2459410	0	
5.31409	1	2460100	2460100	0	
5.31655	1	2460854	2460854	0	
5.31655	1	2461560	2461560	0	
5.31901	1	2462298	2462298	0	
5.31901	1	2463020	2463020	0	
5.32147	1	2463742	2463742	0	
5.32147	1	2464480	2464480	0	
5.32393	1	2465186	2465186	0	
5.32393	1	2465940	2465940	0	
5.32639	1	2466630	2466630	0	
5.32639	1	2467400	2467400	0	
5.32895	1	2468074	2468074	0	
5.32895	1	2468860	2468860	0	
5.33141	1	2469518	2469518	0	
5.33141	1	2470320	2470320	0	
5.33387	1	2470962	2470962	0	
5.33387	1	2471780	2471780	0	
5.33633	1	2472406	2472406	0	
5.33633	1	2473240	2473240	0	
5.33879	1	2473850	2473850	0	
5.33879	1	2474700	2474700	0	
5.34135	1	2475294	2475294	0	
5.34135	1	2476160	2476160	0	
5.34381	1	2476738	2476738	0	
5.34381	1	2477620	2477620	0	
5.34627	1	2478182	2478182	0	
5.34627	1	2479080	2479080	0	
5.34873	1	2479626	2479626	0	
5.34873	1	2480540	2480540	0	
5.35119	1	2481070	2481070	0	
5.35119	1	2482000	2482000	0	
5.3533	1	2482514	2482514	0	
5.3533	1	2483460	2483460	0	
5.3554	1	2483958	2483958	0	
5.3554	1	2484920	2484920	0	
5.35751	1	2485402	2485402	0	
5.35751	1	2486380	2486380	0	
5.3597	1	2486846	2486846	0	
5.3597	1	2487840	2487840	0	
5.36181	1	2488290	2488290	0	
5.36181	1	2489300	2489300	0	
5.36393	1	2489734	2489734	0	
5.36393	1	2490760	2490760	0	
5.36604	1	2491178	2491178	0	
5.36604	1	2492220	2492220	0	
5.36814	1	2492622	2492622	0	
5.36814	1	2493680	2493680	0	
5.37033	1	2494066	2494066	0	
5.37033	1	2495140	2495140	0	
5.37244	1	2495510	2495510	0	
5.37244	1	2496600	2496600	0	
5.37455	1	2496954	2496954	0	
5.37455	1	2498060	2498060	0	
5.37666	1	2498398	2498398	0	
5.37666	1	2499520	2499520	0	
5.37877	1	2499842	2499842	0	
5.37877	1	2500980	2500980	0	
5.38096	1	2501286	2501286	0	
5.38096	1	2502440	2502440	0	
5.38308	1	2502730	2502730	0	
5.38308	1	2503900	2503900	0	
5.38518	1	2504174	2504174	0	
5.38518	1	2505360	2505360	0	
5.38729	1	2505618	2505618	0	
5.38729	1	2506820	2506820	0	
5.3894	1	2507062	2507062	0	
5.3894	1	2508280	2508280	0	
5.39151	1	2508506	2508506	0	
5.39151	1	2509740	2509740	0	
5.39362	1	2509950	2509950	0	
5.39362	1	2511200	2511200	0	
5.39573	1	2511394	2511394	0	
5.39573	1	2512660	2512660	0	
5.39792	1	2512838	2512838	0	
5.39792	1	2514120	2514120	0	
5.40003	1	2514282	2514282	0	
5.40003	1	2515580	2515580	0	
5.40213	1	2515726	2515726	0	
5.40213	1	2517040	2517040	0	
5.40425	1	2517170	2517170	0	
5.40425	1	2518500	2518500	0	
5.40636	1	2518614	2518614	0	
5.40636	1	2519960	2519960	0	
5.40855	1	2520058	2520058	0	
5.40855	1	2521420	2521420	0	
5.41066	1	2521502	2521502	0	
5.41066	1	2522880	2522880	0	
5.41277	1	2522946	2522946	0	
5.41277	1	2524340	2524340	0	
5.41487	1	2524390	2524390	0	
5.41487	1	2525800	2525800	0	
5.41698	1	2525834	2525834	0	
5.41698	1	2527260	2527260	0	
5.41909	1	2527278	2527278	0	
5.41909	1	2528720	2528720	0	
5.42119	1	2528722	2528722	0	
5.4233	1	2530174	2530174	0	
5.4233	1	2530180	2530180	0	
5.42542	1	2531619	2531619	0	
5.42542	1	2531640	2531640	0	
5.42761	1	2533064	2533064	0	
5.42761	1	2533100	2533100	0	
5.42972	1	2534509	2534509	0	
5.42972	1	2534560	2534560	0	
5.43183	1	2535954	2535954	0	
5.43183	1	2536020	2536020	0	
5.43393	1	2537398	2537398	0	
5.43393	1	2537480	2537480	0	
5.43604	1	2538842	2538842	0	
5.43604	1	2538940	2538940	0	
5.43823	1	2540286	2540286	0	
5.43823	1	2540400	2540400	0	
5.44034	1	2541730	2541730	0	
5.44034	1	2541860	2541860	0	
5.44245	1	2543174	2543174	0	
5.44245	1	2543320	2543320	0	
5.44457	1	2544618	2544618	0	
5.44457	1	2544780	2544780	0	
5.44667	1	2546062	2546062	0	
5.44667	1	2546240	2546240	0	
5.44878	1	2547506	2547506	0	
5.44878	1	2547700	2547700	0	
5.45089	1	2548950	2548950	0	
5.45089	1	2549160	2549160	0	
5.45323	1	2550394	2550394	0	
5.45323	1	2550620	2550620	0	
5.45565	1	2551838	2551838	0	
5.45565	1	2552080	2552080	0	
5.45799	1	2553282	2553282	0	
5.45799	1	2553540	2553540	0	
5.46032	1	2554726	2554726	0	
5.46032	1	2555000	2555000	0	
5.46266	1	2556170	2556170	0	
5.46266	1	2556460	2556460	0	
5.465	1	2557614	2557614	0	
5.465	1	2557920	2557920	0	
5.46743	1	2559058	2559058	0	
5.46743	1	2559380	2559380	0	
5.46976	1	2560502	2560502	0	
5.46976	1	2560840	2560840	0	
5.4721	1	2561946	2561946	0	
5.4721	1	2562300	2562300	0	
5.47443	1	2563390	2563390	0	
5.47443	1	2563760	2563760	0	
5.47677	1	2564834	2564834	0	
5.47677	1	2565220	2565220	0	
5.4792	1	2566278	2566278	0	
5.4792	1	2566680	2566680	0	
5.48153	1	2567722	2567722	0	
5.48153	1	2568140	2568140	0	
5.48387	1	2569166	2569166	0	
5.48387	1	2569600	2569600	0	
5.4862	1	2570610	2570610	0	
5.4862	1	2571060	2571060	0	
5.48855	1	2572054	2572054	0	
5.48855	1	2572520	2572520	0	
5.49088	1	2573498	2573498	0	
5.49088	1	2573980	2573980	0	
5.49322	1	2574942	2574942	0	
5.49322	1	2575440	2575440	0	
5.49555	1	2576386	2576386	0	
5.49555	1	2576900	2576900	0	
5.49798	1	2577830	2577830	0	
5.49798	1	2578360	2578360	0	
5.50031	1	2579274	2579274	0	
5.50031	1	2579820	2579820	0	
5.50265	1	2580718	2580718	0	
5.50265	1	2581280	2581280	0	
5.50498	1	2582162	2582162	0	
5.50498	1	2582740	2582740	0	
5.50732	1	2583606	2583606	0	
5.50732	1	2584200	2584200	0	
5.50975	1	2585050	2585050	0	
5.50975	1	2585660	2585660	0	
5.51209	1	2586494	2586494	0	
5.51209	1	2587120	2587120	0	
5.51442	1	2587938	2587938	0	
5.51442	1	2588580	2588580	0	
5.51676	1	2589382	2589382	0	
5.51676	1	2590040	2590040	0	
5.5191	1	2590826	2590826	0	
5.5191	1	2591500	2591500	0	
5.52143	1	2592270	2592270	0	
5.52143	1	2592960	2592960	0	
5.52377	1	2593714	2593714	0	
5.52377	1	2594420	2594420	0	
5.5261	1	2595158	2595158	0	
5.5261	1	2595880	2595880	0	
5.52853	1	2596602	2596602	0	
5.52853	1	2597340	2597340	0	
5.53086	1	2598046	2598046	0	
5.53086	1	2598800	2598800	0	
5.53321	1	2599490	2599490	0	
5.53321	1	2600260	2600260	0	
5.53554	1	2600934	2600934	0	
5.53554	1	2601720	2601720	0	
5.53788	1	2602378	2602378	0	
5.53788	1	2603180	2603180	0	
5.5403	1	2603822	2603822	0	
5.5403	1	2604640	2604640	0	
5.54264	1	2605266	2605266	0	
5.54264	1	2606100	2606100	0	
5.54497	1	2606710	2606710	0	
5.54497	1	2607560	2607560	0	
5.54731	1	2608154	2608154	0	
5.54731	1	2609020	2609020	0	
5.54965	1	2609598	2609598	0	
5.54965	1	2610480	2610480	0	
5.55207	1	2611042	2611042	0	
5.55207	1	2611940	2611940	0	
5.55419	1	2612486	2612486	0	
5.55419	1	2613400	2613400	0	
5.55631	1	2613930	2613930	0	
5.55631	1	2614860	2614860	0	
5.55842	1	2615374	2615374	0	
5.55842	1	2616320	2616320	0	
5.56054	1	2616818	2616818	0	
5.56054	1	2617780	2617780	0	
5.56265	1	2618262	2618262	0	
5.56265	1	2619240	2619240	0	
5.56477	1	2619706	2619706	0	
5.56477	1	2620700	2620700	0	
5.56688	1	2621150	2621150	0	
5.56688	1	2622160	2622160	0	
5.56908	1	2622594	2622594	0	
5.56908	1	2623620	2623620	0	
5.57119	1	2624038	2624038	0	
5.57119	1	2625080	2625080	0	
5.57331	1	2625482	2625482	0	
5.57331	1	2626540	2626540	0	
5.57543	1	2626926	2626926	0	
5.57543	1	2628000	2628000	0	
5.57754	1	2628370	2628370	0	
5.57754	1	2629460	2629460	0	
5.57974	1	2629814	2629814	0	
5.57974	1	2630920	2630920	0	
5.58185	1	2631258	2631258	0	
5.58185	1	2632380	2632380	0	
5.58397	1	2632702	2632702	0	
5.58397	1	2633840	2633840	0	
5.58608	1	2634146	2634146	0	
5.58608	1	2635300	2635300	0	
5.5882	1	2635590	2635590	0	
5.5882	1	2636760	2636760	0	
5.59031	1	2637034	2637034	0	
5.59031	1	2638220	2638220	0	
5.59243	1	2638478	2638478	0	
5.59243	1	2639680	2639680	0	
5.59454	1	2639922	2639922	0	
5.59454	1	2641140	2641140	0	
5.59675	1	2641366	2641366	0	
5.59675	1	2642600	2642600	0	
5.59886	1	2642810	2642810	0	
5.59886	1	2644060	2644060	0	
5.60097	1	2644254	2644254	0	
5.60097	1	2645520	2645520	0	
5.60309	1	2645698	2645698	0	
5.60309	1	2646980	2646980	0	
5.6052	1	2647142	2647142	0	
5.6052	1	2648440	2648440	0	
5.6074	1	2648586	2648586	0	
5.6074	1	2649900	2649900	0	
5.60952	1	2650030	2650030	0	
5.60952	1	2651360	2651360	0	
5.61163	1	2651474	2651474	0	
5.61163	1	2652820	2652820	0	
5.61374	1	2652918	2652918	0	
5.61374	1	2654280	2654280	0	
5.61587	1	2654362	2654362	0	
5.61587	1	2655740	2655740	0	
5.61798	1	2655806	2655806	0	
5.61798	1	2657200	2657200	0	
5.62009	1	2657250	2657250	0	
5.62009	1	2658660	2658660	0	
5.62221	1	2658694	2658694	0	
5.62221	1	2660120	2660120	0	
5.6244	1	2660138	2660138	0	
5.6244	1	2661580	2661580	0	
5.62652	1	2661582	2661582	0	
5.62863	1	2663034	2663034	0	
5.62863	1	2663040	2663040	0	
5.63074	1	2664479	2664479	0	
5.63074	1	2664500	2664500	0	
5.63286	1	2665924	2665924	0	
5.63286	1	2665960	2665960	0	
5.63506	1	2667369	2667369	0	
5.63506	1	2667420	2667420	0	
5.63718	1	2668814	2668814	0	
5.63718	1	2668880	2668880	0	
5.63929	1	2670258	2670258	0	
5.63929	1	2670340	2670340	0	
5.64141	1	2671702	2671702	0	
5.64141	1	2671800	2671800	0	
5.64352	1	2673146	2673146	0	
5.64352	1	2673260	2673260	0	
5.64572	1	2674590	2674590	0	
5.64572	1	2674720	2674720	0	
5.64783	1	2676034	2676034	0	
5.64783	1	2676180	2676180	0	
5.64995	1	2677478	2677478	0	
5.64995	1	2677640	2677640	0	
5.65206	1	2678922	2678922	0	
5.65206	1	2679100	2679100	0	
5.65434	1	2680366	2680366	0	
5.65434	1	2680560	2680560	0	
5.65663	1	2681810	2681810	0	
5.65663	1	2682020	2682020	0	
5.65891	1	2683254	2683254	0	
5.65891	1	2683480	2683480	0	
5.66119	1	2684698	2684698	0	
5.66119	1	2684940	2684940	0	
5.66356	1	2686142	2686142	0	
5.66356	1	2686400	2686400	0	
5.66584	1	2687586	2687586	0	
5.66584	1	2687860	2687860	0	
5.66812	1	2689030	2689030	0	
5.66812	1	2689320	2689320	0	
5.6704	1	2690474	2690474	0	
5.6704	1	2690780	2690780	0	
5.67268	1	2691918	2691918	0	
5.67268	1	2692240	2692240	0	
5.67505	1	2693362	2693362	0	
5.67505	1	2693700	2693700	0	
5.67733	1	2694806	2694806	0	
5.67733	1	2695160	2695160	0	
5.67961	1	2696250	2696250	0	
5.67961	1	2696620	2696620	0	
5.68189	1	2697694	2697694	0	
5.68189	1	2698080	2698080	0	
5.68417	1	2699138	2699138	0	
5.68417	1	2699540	2699540	0	
5.68645	1	2700582	2700582	0	
5.68645	1	2701000	2701000	0	
5.68873	1	2702026	2702026	0	
5.68873	1	2702460	2702460	0	
5.69101	1	2703470	2703470	0	
5.69101	1	2703920	2703920	0	
5.69338	1	2704914	2704914	0	
5.69338	1	2705380	2705380	0	
5.69566	1	2706358	2706358	0	
5.69566	1	2706840	2706840	0	
5.69794	1	2707802	2707802	0	
5.69794	1	2708300	2708300	0	
5.70023	1	2709246	2709246	0	
5.70023	1	2709760	2709760	0	
5.70251	1	2710690	2710690	0	
5.70251	1	2711220	2711220	0	
5.70488	1	2712134	2712134	0	
5.70488	1	2712680	2712680	0	
5.70716	1	2713578	2713578	0	
5.70716	1	2714140	2714140	0	
5.70944	1	2715022	2715022	0	
5.70944	1	2715600	2715600	0	
5.71172	1	2716466	2716466	0	
5.71172	1	2717060	2717060	0	
5.714	1	2717910	2717910	0	
5.714	1	2718520	2718520	0	
5.71628	1	2719354	2719354	0	
5.71628	1	2719980	2719980	0	
5.71856	1	2720798	2720798	0	
5.71856	1	2721440	2721440	0	
5.72084	1	2722242	2722242	0	
5.72084	1	2722900	2722900	0	
5.72322	1	2723686	2723686	0	
5.72322	1	2724360	2724360	0	
5.7255	1	2725130	2725130	0	
5.7255	1	2725820	2725820	0	
5.72778	1	2726574	2726574	0	
5.72778	1	2727280	2727280	0	
5.73006	1	2728018	2728018	0	
5.73006	1	2728740	2728740	0	
5.73234	1	2729462	2729462	0	
5.73234	1	2730200	2730200	0	
5.7347	1	2730906	2730906	0	
5.7347	1	2731660	2731660	0	
5.73698	1	2732350	2732350	0	
5.73698	1	2733120	2733120	0	
5.73926	1	2733794	2733794	0	
5.73926	1	2734580	2734580	0	
5.74154	1	2735238	2735238	0	
5.74154	1	2736040	2736040	0	
5.74383	1	2736682	2736682	0	
5.74383	1	2737500	2737500	0	
5.7462	1	2738126	2738126	0	
5.7462	1	2738960	2738960	0	
5.74848	1	2739570	2739570	0	
5.74848	1	2740420	2740420	0	
5.75076	1	2741014	2741014	0	
5.75076	1	2741880	2741880	0	
5.75298	1	2742458	2742458	0	
5.75298	1	2743340	2743340	0	
5.75519	1	2743902	2743902	0	
5.75519	1	2744800	2744800	0	
5.75741	1	2745346	2745346	0	
5.75741	1	2746260	2746260	0	
5.75963	1	2746790	2746790	0	
5.75963	1	2747720	2747720	0	
5.76184	1	2748234	2748234	0	
5.76184	1	2749180	2749180	0	
5.76415	1	2749678	2749678	0	
5.76415	1	2750640	2750640	0	
5.76637	1	2751122	2751122	0	
5.76637	1	2752100	2752100	0	
5.76859	1	2752566	2752566	0	
5.76859	1	2753560	2753560	0	
5.7708	1	2754010	2754010	0	
5.7708	1	2755020	2755020	0	
5.77302	1	2755454	2755454	0	
5.77302	1	2756480	2756480	0	
5.77532	1	2756898	2756898	0	
5.77532	1	2757940	2757940	0	
5.77754	1	2758342	2758342	0	
5.77754	1	2759400	2759400	0	
5.77976	1	2759786	2759786	0	
5.77976	1	2760860	2760860	0	
5.78197	1	2761230	2761230	0	
5.78197	1	2762320	2762320	0	
5.78419	1	2762674	2762674	0	
5.78419	1	2763780	2763780	0	
5.78641	1	2764118	2764118	0	
5.78641	1	2765240	2765240	0	
5.78863	1	2765562	2765562	0	
5.78863	1	2766700	2766700	0	
5.79085	1	2767006	2767006	0	
5.79085	1	2768160	2768160	0	
5.79315	1	2768450	2768450	0	
5.79315	1	2769620	2769620	0	
5.79537	1	2769894	2769894	0	
5.79537	1	2771080	2771080	0	
5.79758	1	2771338	2771338	0	
5.79758	1	2772540	2772540	0	
5.7998	1	2772782	2772782	0	
5.7998	1	2774000	2774000	0	
5.80202	1	2774226	2774226	0	
5.80202	1	2775460	2775460	0	
5.80432	1	2775670	2775670	0	
5.80432	1	2776920	2776920	0	
5.80654	1	2777114	2777114	0	
5.80654	1	2778380	2778380	0	
5.80876	1	2778558	2778558	0	
5.80876	1	2779840	2779840	0	
5.81098	1	2780002	2780002	0	
5.81098	1	2781300	2781300	0	
5.81319	1	2781446	2781446	0	
5.81319	1	2782760	2782760	0	
5.81541	1	2782890	2782890	0	
5.81541	1	2784220	2784220	0	
5.81763	1	2784334	2784334	0	
5.81763	1	2785680	2785680	0	
5.81984	1	2785778	2785778	0	
5.81984	1	2787140	2787140	0	
5.82215	1	2787222	2787222	0	
5.82215	1	2788600	2788600	0	
5.82436	1	2788666	2788666	0	
5.82436	1	2790060	2790060	0	
5.82658	1	2790110	2790110	0	
5.82658	1	2791520	2791520	0	
5.8288	1	2791554	2791554	0	
5.8288	1	2792980	2792980	0	
5.83102	1	2792998	2792998	0	
5.83102	1	2794440	2794440	0	
5.83332	1	2794442	2794442	0	
5.83553	1	2795894	2795894	0	
5.83553	1	2795900	2795900	0	
5.83775	1	2797339	2797339	0	
5.83775	1	2797360	2797360	0	
5.83997	1	2798784	2798784	0	
5.83997	1	2798820	2798820	0	
5.84218	1	2800229	2800229	0	
5.84218	1	2800280	2800280	0	
5.84449	1	2801674	2801674	0	
5.84449	1	2801740	2801740	0	
5.8467	1	2803118	2803118	0	
5.8467	1	2803200	2803200	0	
5.84893	1	2804562	2804562	0	
5.84893	1	2804660	2804660	0	
5.85114	1	2806006	2806006	0	
5.85114	1	2806120	2806120	0	
5.85349	1	2807450	2807450	0	
5.85349	1	2807580	2807580	0	
5.85585	1	2808894	2808894	0	
5.85585	1	2809040	2809040	0	
5.8582	1	2810338	2810338	0	
5.8582	1	2810500	2810500	0	
5.86055	1	2811782	2811782	0	
5.86055	1	2811960	2811960	0	
5.86299	1	2813226	2813226	0	
5.86299	1	2813420	2813420	0	
5.86534	1	2814670	2814670	0	
5.86534	1	2814880	2814880	0	
5.86769	1	2816114	2816114	0	
5.86769	1	2816340	2816340	0	
5.87004	1	2817558	2817558	0	
5.87004	1	2817800	2817800	0	
5.8724	1	2819002	2819002	0	
5.8724	1	2819260	2819260	0	
5.87484	1	2820446	2820446	0	
5.87484	1	2820720	2820720	0	
5.87719	1	2821890	2821890	0	
5.87719	1	2822180	2822180	0	
5.87955	1	2823334	2823334	0	
5.87955	1	2823640	2823640	0	
5.8819	1	2824778	2824778	0	
5.8819	1	2825100	2825100	0	
5.88425	1	2826222	2826222	0	
5.88425	1	2826560	2826560	0	
5.8866	1	2827666	2827666	0	
5.8866	1	2828020	2828020	0	
5.88895	1	2829110	2829110	0	
5.88895	1	2829480	2829480	0	
5.8913	1	2830554	2830554	0	
5.8913	1	2830940	2830940	0	
5.89365	1	2831998	2831998	0	
5.89365	1	2832400	2832400	0	
5.8961	1	2833442	2833442	0	
5.8961	1	2833860	2833860	0	
5.89845	1	2834886	2834886	0	
5.89845	1	2835320	2835320	0	
5.9008	1	2836330	2836330	0	
5.9008	1	2836780	2836780	0	
5.90315	1	2837774	2837774	0	
5.90315	1	2838240	2838240	0	
5.9055	1	2839218	2839218	0	
5.9055	1	2839700	2839700	0	
5.90795	1	2840662	2840662	0	
5.90795	1	2841160	2841160	0	
5.9103	1	2842106	2842106	0	
5.9103	1	2842620	2842620	0	
5.91265	1	2843550	2843550	0	
5.91265	1	2844080	2844080	0	
5.915	1	2844994	2844994	0	
5.915	1	2845540	2845540	0	
5.91736	1	2846438	2846438	0	
5.91736	1	2847000	2847000	0	
5.9198	1	2847882	2847882	0	
5.9198	1	2848460	2848460	0	
5.92215	1	2849326	2849326	0	
5.92215	1	2849920	2849920	0	
5.9245	1	2850770	2850770	0	
5.9245	1	2851380	2851380	0	
5.92685	1	2852214	2852214	0	
5.92685	1	2852840	2852840	0	
5.9292	1	2853658	2853658	0	
5.9292	1	2854300	2854300	0	
5.93156	1	2855102	2855102	0	
5.93156	1	2855760	2855760	0	
5.93391	1	2856546	2856546	0	
5.93391	1	2857220	2857220	0	
5.93626	1	2857990	2857990	0	
5.93626	1	2858680	2858680	0	
5.93871	1	2859434	2859434	0	
5.93871	1	2860140	2860140	0	
5.94106	1	2860878	2860878	0	
5.94106	1	2861600	2861600	0	
5.94341	1	2862322	2862322	0	
5.94341	1	2863060	2863060	0	
5.94576	1	2863766	2863766	0	
5.94576	1	2864520	2864520	0	
5.94811	1	2865210	2865210	0	
5.94811	1	2865980	2865980	0	
5.95055	1	2866654	2866654	0	
5.95055	1	2867440	2867440	0	
5.95264	1	2868098	2868098	0	
5.95264	1	2868900	2868900	0	
5.95472	1	2869542	2869542	0	
5.95472	1	2870360	2870360	0	
5.95681	1	2870986	2870986	0	
5.95681	1	2871820	2871820	0	
5.95889	1	2872430	2872430	0	
5.95889	1	2873280	2873280	0	
5.96098	1	2873874	2873874	0	
5.96098	1	2874740	2874740	0	
5.96307	1	2875318	2875318	0	
5.96307	1	2876200	2876200	0	
5.96515	1	2876762	2876762	0	
5.96515	1	2877660	2877660	0	
5.96732	1	2878206	2878206	0	
5.96732	1	2879120	2879120	0	
5.9694	1	2879650	2879650	0	
5.9694	1	2880580	2880580	0	
5.97149	1	2881094	2881094	0	
5.97149	1	2882040	2882040	0	
5.97357	1	2882538	2882538	0	
5.97357	1	2883500	2883500	0	
5.97566	1	2883982	2883982	0	
5.97566	1	2884960	2884960	0	
5.97782	1	2885426	2885426	0	
5.97782	1	2886420	2886420	0	
5.97991	1	2886870	2886870	0	
5.97991	1	2887880	2887880	0	
5.982	1	2888314	2888314	0	
5.982	1	2889340	2889340	0	
5.98408	1	2889758	2889758	0	
5.98408	1	2890800	2890800	0	
5.98617	1	2891202	2891202	0	
5.98617	1	2892260	2892260	0	
5.98825	1	2892646	2892646	0	
5.98825	1	2893720	2893720	0	
5.99034	1	2894090	2894090	0	
5.99034	1	2895180	2895180	0	
5.99242	1	2895534	2895534	0	
5.99242	1	2896640	2896640	0	
5.99459	1	2896978	2896978	0	
5.99459	1	2898100	2898100	0	
5.99667	1	2898422	2898422	0	
5.99667	1	2899560	2899560	0	
5.99876	1	2899866	2899866	0	
5.99876	1	2901020	2901020	0	
6.00085	1	2901310	2901310	0	
6.00085	1	2902480	2902480	0	
6.00293	1	2902754	2902754	0	
6.00293	1	2903940	2903940	0	
6.0051	1	2904198	2904198	0	
6.0051	1	2905400	2905400	0	
6.00718	1	2905642	2905642	0	
6.00718	1	2906860	2906860	0	
6.00927	1	2907086	2907086	0	
6.00927	1	2908320	2908320	0	
6.01135	1	2908530	2908530	0	
6.01135	1	2909780	2909780	0	
6.01344	1	2909974	2909974	0	
6.01344	1	2911240	2911240	0	
6.0156	1	2911418	2911418	0	
6.0156	1	2912700	2912700	0	
6.01769	1	2912862	2912862	0	
6.01769	1	2914160	2914160	0	
6.01978	1	2914306	2914306	0	
6.01978	1	2915620	2915620	0	
6.02186	1	2915750	2915750	0	
6.02186	1	2917080	2917080	0	
6.02395	1	2917194	2917194	0	
6.02395	1	2918540	2918540	0	
6.02603	1	2918638	2918638	0	
6.02603	1	2920000	2920000	0	
6.02812	1	2920082	2920082	0	
6.02812	1	2921460	2921460	0	
6.0302	1	2921526	2921526	0	
6.0302	1	2922920	2922920	0	
6.03237	1	2922970	2922970	0	
6.03237	1	2924380	2924380	0	
6.03445	1	2924414	2924414	0	
6.03445	1	2925840	2925840	0	
6.03653	1	2925858	2925858	0	
6.03653	1	2927300	2927300	0	
6.03862	1	2927302	2927302	0	
6.04071	1	2928754	2928754	0	
6.04071	1	2928760	2928760	0	
6.04287	1	2930199	2930199	0	
6.04287	1	2930220	2930220	0	
6.04496	1	2931644	2931644	0	
6.04496	1	2931680	2931680	0	
6.04704	1	2933089	2933089	0	
6.04704	1	2933140	2933140	0	
6.04913	1	2934534	2934534	0	
6.04913	1	2934600	2934600	0	
6.05121	1	2935978	2935978	0	
6.05121	1	2936060	2936060	0	
6.05358	1	2937422	2937422	0	
6.05358	1	2937520	2937520	0	
6.05594	1	2938866	2938866	0	
6.05594	1	2938980	2938980	0	
6.05831	1	2940310	2940310	0	
6.05831	1	2940440	2940440	0	
6.06068	1	2941754	2941754	0	
6.06068	1	2941900	2941900	0	
6.06314	1	2943198	2943198	0	
6.06314	1	2943360	2943360	0	
6.06551	1	2944642	2944642	0	
6.06551	1	2944820	2944820	0	
6.06787	1	2946086	2946086	0	
6.06787	1	2946280	2946280	0	
6.07024	1	2947530	2947530	0	
6.07024	1	2947740	2947740	0	
6.0726	1	2948974	2948974	0	
6.0726	1	2949200	2949200	0	
6.07506	1	2950418	2950418	0	
6.07506	1	2950660	2950660	0	
6.07743	1	2951862	2951862	0	
6.07743	1	2952120	2952120	0	
6.07979	1	2953306	2953306	0	
6.07979	1	2953580	2953580	0	
6.08216	1	2954750	2954750	0	
6.08216	1	2955040	2955040	0	
6.08453	1	2956194	2956194	0	
6.08453	1	2956500	2956500	0	
6.0869	1	2957638	2957638	0	
6.0869	1	2957960	2957960	0	
6.08926	1	2959082	2959082	0	
6.08926	1	2959420	2959420	0	
6.09172	1	2960526	2960526	0	
6.09172	1	2960880	2960880	0	
6.09409	1	2961970	2961970	0	
6.09409	1	2962340	2962340	0	
6.09645	1	2963414	2963414	0	
6.09645	1	2963800	2963800	0	
6.09882	1	2964858	2964858	0	
6.09882	1	2965260	2965260	0	
6.10118	1	2966302	2966302	0	
6.10118	1	2966720	2966720	0	
6.10355	1	2967746	2967746	0	
6.10355	1	2968180	2968180	0	
6.10602	1	2969190	2969190	0	
6.10602	1	2969640	2969640	0	
6.10838	1	2970634	2970634	0	
6.10838	1	2971100	2971100	0	
6.11075	1	2972078	2972078	0	
6.11075	1	2972560	2972560	0	
6.11311	1	2973522	2973522	0	
6.11311	1	2974020	2974020	0	
6.11548	1	2974966	2974966	0	
6.11548	1	2975480	2975480	0	
6.11794	1	2976410	2976410	0	
6.11794	1	2976940	2976940	0	
6.1203	1	2977854	2977854	0	
6.1203	1	2978400	2978400	0	
6.12267	1	2979298	2979298	0	
6.12267	1	2979860	2979860	0	
6.12503	1	2980742	2980742	0	
6.12503	1	2981320	2981320	0	
6.1274	1	2982186	2982186	0	
6.1274	1	2982780	2982780	0	
6.12977	1	2983630	2983630	0	
6.12977	1	2984240	2984240	0	
6.13214	1	2985074	2985074	0	
6.13214	1	2985700	2985700	0	
6.1345	1	2986518	2986518	0	
6.1345	1	2987160	2987160	0	
6.13696	1	2987962	2987962	0	
6.13696	1	2988620	2988620	0	
6.13933	1	2989406	2989406	0	
6.13933	1	2990080	2990080	0	
6.14169	1	2990850	2990850	0	
6.14169	1	2991540	2991540	0	
6.14406	1	2992294	2992294	0	
6.14406	1	2993000	2993000	0	
6.14642	1	2993738	2993738	0	
6.14642	1	2994460	2994460	0	
6.14888	1	2995182	2995182	0	
6.14888	1	2995920	2995920	0	
6.15126	1	2996626	2996626	0	
6.15126	1	2997380	2997380	0	
6.15335	1	2998070	2998070	0	
6.15335	1	2998840	2998840	0	
6.15544	1	2999514	2999514	0	
6.15544	1	3000300	3000300	0	
6.15754	1	3000958	3000958	0	
6.15754	1	3001760	3001760	0	
6.15963	1	3002402	3002402	0	
6.15963	1	3003220	3003220	0	
6.16173	1	3003846	3003846	0	
6.16173	1	3004680	3004680	0	
6.16382	1	3005290	3005290	0	
6.16382	1	3006140	3006140	0	
6.166	1	3006734	3006734	0	
6.166	1	3007600	3007600	0	
6.16809	1	3008178	3008178	0	
6.16809	1	3009060	3009060	0	
6.17018	1	3009622	3009622	0	
6.17018	1	3010520	3010520	0	
6.17229	1	3011066	3011066	0	
6.17229	1	3011980	3011980	0	
6.17438	1	3012510	3012510	0	
6.17438	1	3013440	3013440	0	
6.17655	1	3013954	3013954	0	
6.17655	1	3014900	3014900	0	
6.17865	1	3015398	3015398	0	
6.17865	1	3016360	3016360	0	
6.18074	1	3016842	3016842	0	
6.18074	1	3017820	3017820	0	
6.18284	1	3018286	3018286	0	
6.18284	1	3019280	3019280	0	
6.18493	1	3019730	3019730	0	
6.18493	1	3020740	3020740	0	
6.18703	1	3021174	3021174	0	
6.18703	1	3022200	3022200	0	
6.18912	1	3022618	3022618	0	
6.18912	1	3023660	3023660	0	
6.1913	1	3024062	3024062	0	
6.1913	1	3025120	3025120	0	
6.1934	1	3025506	3025506	0	
6.1934	1	3026580	3026580	0	
6.19549	1	3026950	3026950	0	
6.19549	1	3028040	3028040	0	
6.19758	1	3028394	3028394	0	
6.19758	1	3029500	3029500	0	
6.19968	1	3029838	3029838	0	
6.19968	1	3030960	3030960	0	
6.20177	1	3031282	3031282	0	
6.20177	1	3032420	3032420	0	
6.20395	1	3032726	3032726	0	
6.20395	1	3033880	3033880	0	
6.20604	1	3034170	3034170	0	
6.20604	1	3035340	3035340	0	
6.20814	1	3035614	3035614	0	
6.20814	1	3036800	3036800	0	
6.21023	1	3037058	3037058	0	
6.21023	1	3038260	3038260	0	
6.21233	1	3038502	3038502	0	
6.21233	1	3039720	3039720	0	
6.21451	1	3039946	3039946	0	
6.21451	1	3041180	3041180	0	
6.2166	1	3041390	3041390	0	
6.2166	1	3042640	3042640	0	
6.2187	1	3042834	3042834	0	
6.2187	1	3044100	3044100	0	
6.22079	1	3044278	3044278	0	
6.22079	1	3045560	3045560	0	
6.22288	1	3045722	3045722	0	
6.22288	1	3047020	3047020	0	
6.22498	1	3047166	3047166	0	
6.22498	1	3048480	3048480	0	
6.22707	1	3048610	3048610	0	
6.22707	1	3049940	3049940	0	
6.22917	1	3050054	3050054	0	
6.22917	1	3051400	3051400	0	
6.23135	1	3051498	3051498	0	
6.23135	1	3052860	3052860	0	
6.23344	1	3052942	3052942	0	
6.23344	1	3054320	3054320	0	
6.23554	1	3054386	3054386	0	
6.23554	1	3055780	3055780	0	
6.23763	1	3055830	3055830	0	
6.23763	1	3057240	3057240	0	
6.23972	1	3057274	3057274	0	
6.23972	1	3058700	3058700	0	
6.2419	1	3058718	3058718	0	
6.2419	1	3060160	3060160	0	
6.24399	1	3060162	3060162	0	
6.24608	1	3061614	3061614	0	
6.24608	1	3061620	3061620	0	
6.24818	1	3063059	3063059	0	
6.24818	1	3063080	3063080	0	
6.25027	1	3064504	3064504	0	
6.25027	1	3064540	3064540	0	
6.25272	1	3065949	3065949	0	
6.25272	1	3066000	3066000	0	
6.25516	1	3067394	3067394	0	
6.25516	1	3067460	3067460	0	
6.25761	1	3068838	3068838	0	
6.25761	1	3068920	3068920	0	
6.26014	1	3070282	3070282	0	
6.26014	1	3070380	3070380	0	
6.26258	1	3071726	3071726	0	
6.26258	1	3071840	3071840	0	
6.26503	1	3073170	3073170	0	
6.26503	1	3073300	3073300	0	
6.26747	1	3074614	3074614	0	
6.26747	1	3074760	3074760	0	
6.26991	1	3076058	3076058	0	
6.26991	1	3076220	3076220	0	
6.27245	1	3077502	3077502	0	
6.27245	1	3077680	3077680	0	
6.2749	1	3078946	3078946	0	
6.2749	1	3079140	3079140	0	
6.27734	1	3080390	3080390	0	
6.27734	1	3080600	3080600	0	
6.27978	1	3081834	3081834	0	
6.27978	1	3082060	3082060	0	
6.28222	1	3083278	3083278	0	
6.28222	1	3083520	3083520	0	
6.28467	1	3084722	3084722	0	
6.28467	1	3084980	3084980	0	
6.28711	1	3086166	3086166	0	
6.28711	1	3086440	3086440	0	
6.28965	1	3087610	3087610	0	
6.28965	1	3087900	3087900	0	
6.29209	1	3089054	3089054	0	
6.29209	1	3089360	3089360	0	
6.29453	1	3090498	3090498	0	
6.29453	1	3090820	3090820	0	
6.29697	1	3091942	3091942	0	
6.29697	1	3092280	3092280	0	
6.29942	1	3093386	3093386	0	
6.29942	1	3093740	3093740	0	
6.30186	1	3094830	3094830	0	
6.30186	1	3095200	3095200	0	
6.3044	1	3096274	3096274	0	
6.3044	1	3096660	3096660	0	
6.30684	1	3097718	3097718	0	
6.30684	1	3098120	3098120	0	
6.30929	1	3099162	3099162	0	
6.30929	1	3099580	3099580	0	
6.31173	1	3100606	3100606	0	
6.31173	1	3101040	3101040	0	
6.31417	1	3102050	3102050	0	
6.31417	1	3102500	3102500	0	
6.31671	1	3103494	3103494	0	
6.31671	1	3103960	3103960	0	
6.31915	1	3104938	3104938	0	
6.31915	1	3105420	3105420	0	
6.3216	1	3106382	3106382	0	
6.3216	1	3106880	3106880	0	
6.32404	1	3107826	3107826	0	
6.32404	1	3108340	3108340	0	
6.32648	1	3109270	3109270	0	
6.32648	1	3109800	3109800	0	
6.32893	1	3110714	3110714	0	
6.32893	1	3111260	3111260	0	
6.33137	1	3112158	3112158	0	
6.33137	1	3112720	3112720	0	
6.33381	1	3113602	3113602	0	
6.33381	1	3114180	3114180	0	
6.33635	1	3115046	3115046	0	
6.33635	1	3115640	3115640	0	
6.33879	1	3116490	3116490	0	
6.33879	1	3117100	3117100	0	
6.34123	1	3117934	3117934	0	
6.34123	1	3118560	3118560	0	
6.34367	1	3119378	3119378	0	
6.34367	1	3120020	3120020	0	
6.34612	1	3120822	3120822	0	
6.34612	1	3121480	3121480	0	
6.34857	1	3122266	3122266	0	
6.34857	1	3122940	3122940	0	
6.3511	1	3123710	3123710	0	
6.3511	1	3124400	3124400	0	
6.35347	1	3125154	3125154	0	
6.35347	1	3125860	3125860	0	
6.35584	1	3126598	3126598	0	
6.35584	1	3127320	3127320	0	
6.35821	1	3128042	3128042	0	
6.35821	1	3128780	3128780	0	
6.36058	1	3129486	3129486	0	
6.36058	1	3130240	3130240	0	
6.36295	1	3130930	3130930	0	
6.36295	1	3131700	3131700	0	
6.36532	1	3132374	3132374	0	
6.36532	1	3133160	3133160	0	
6.36769	1	3133818	3133818	0	
6.36769	1	3134620	3134620	0	
6.37016	1	3135262	3135262	0	
6.37016	1	3136080	3136080	0	
6.37253	1	3136706	3136706	0	
6.37253	1	3137540	3137540	0	
6.37489	1	3138150	3138150	0	
6.37489	1	3139000	3139000	0	
6.37726	1	3139594	3139594	0	
6.37726	1	3140460	3140460	0	
6.37963	1	3141038	3141038	0	
6.37963	1	3141920	3141920	0	
6.38209	1	3142482	3142482	0	
6.38209	1	3143380	3143380	0	
6.38446	1	3143926	3143926	0	
6.38446	1	3144840	3144840	0	
6.38683	1	3145370	3145370	0	
6.38683	1	3146300	3146300	0	
6.3892	1	3146814	3146814	0	
6.3892	1	3147760	3147760	0	
6.39158	1	3148258	3148258	0	
6.39158	1	3149220	3149220	0	
6.39404	1	3149702	3149702	0	
6.39404	1	3150680	3150680	0	
6.39641	1	3151146	3151146	0	
6.39641	1	3152140	3152140	0	
6.39878	1	3152590	3152590	0	
6.39878	1	3153600	3153600	0	
6.40115	1	3154034	3154034	0	
6.40115	1	3155060	3155060	0	
6.40352	1	3155478	3155478	0	
6.40352	1	3156520	3156520	0	
6.40589	1	3156922	3156922	0	
6.40589	1	3157980	3157980	0	
6.40825	1	3158366	3158366	0	
6.40825	1	3159440	3159440	0	
6.41062	1	3159810	3159810	0	
6.41062	1	3160900	3160900	0	
6.41309	1	3161254	3161254	0	
6.41309	1	3162360	3162360	0	
6.41546	1	3162698	3162698	0	
6.41546	1	3163820	3163820	0	
6.41783	1	3164142	3164142	0	
6.41783	1	3165280	3165280	0	
6.4202	1	3165586	3165586	0	
6.4202	1	3166740	3166740	0	
6.42257	1	3167030	3167030	0	
6.42257	1	3168200	3168200	0	
6.42503	1	3168474	3168474	0	
6.42503	1	3169660	3169660	0	
6.4274	1	3169918	3169918	0	
6.4274	1	3171120	3171120	0	
6.42977	1	3171362	3171362	0	
6.42977	1	3172580	3172580	0	
6.43214	1	3172806	3172806	0	
6.43214	1	3174040	3174040	0	
6.43451	1	3174250	3174250	0	
6.43451	1	3175500	3175500	0	
6.43688	1	3175694	3175694	0	
6.43688	1	3176960	3176960	0	
6.43925	1	3177138	3177138	0	
6.43925	1	3178420	3178420	0	
6.44162	1	3178582	3178582	0	
6.44162	1	3179880	3179880	0	
6.44408	1	3180026	3180026	0	
6.44408	1	3181340	3181340	0	
6.44645	1	3181470	3181470	0	
6.44645	1	3182800	3182800	0	
6.44882	1	3182914	3182914	0	
6.44882	1	3184260	3184260	0	
6.45119	1	3184358	3184358	0	
6.45119	1	3185720	3185720	0	
6.45344	1	3185802	3185802	0	
6.45344	1	3187180	3187180	0	
6.45578	1	3187246	3187246	0	
6.45578	1	3188640	3188640	0	
6.45804	1	3188690	3188690	0	
6.45804	1	3190100	3190100	0	
6.46029	1	3190134	3190134	0	
6.46029	1	3191560	3191560	0	
6.46254	1	3191578	3191578	0	
6.46254	1	3193020	3193020	0	
6.46479	1	3193022	3193022	0	
6.46704	1	3194474	3194474	0	
6.46704	1	3194480	3194480	0	
6.46929	1	3195919	3195919	0	
6.46929	1	3195940	3195940	0	
6.47154	1	3197364	3197364	0	
6.47154	1	3197400	3197400	0	
6.47388	1	3198809	3198809	0	
6.47388	1	3198860	3198860	0	
6.47613	1	3200254	3200254	0	
6.47613	1	3200320	3200320	0	
6.47839	1	3201698	3201698	0	
6.47839	1	3201780	3201780	0	
6.48064	1	3203142	3203142	0	
6.48064	1	3203240	3203240	0	
6.4829	1	3204586	3204586	0	
6.4829	1	3204700	3204700	0	
6.48523	1	3206030	3206030	0	
6.48523	1	3206160	3206160	0	
6.48749	1	3207474	3207474	0	
6.48749	1	3207620	3207620	0	
6.48974	1	3208918	3208918	0	
6.48974	1	3209080	3209080	0	
6.49199	1	3210362	3210362	0	
6.49199	1	3210540	3210540	0	
6.49424	1	3211806	3211806	0	
6.49424	1	3212000	3212000	0	
6.49658	1	3213250	3213250	0	
6.49658	1	3213460	3213460	0	
6.49883	1	3214694	3214694	0	
6.49883	1	3214920	3214920	0	
6.50109	1	3216138	3216138	0	
6.50109	1	3216380	3216380	0	
6.50334	1	3217582	3217582	0	
6.50334	1	3217840	3217840	0	
6.50559	1	3219026	3219026	0	
6.50559	1	3219300	3219300	0	
6.50784	1	3220470	3220470	0	
6.50784	1	3220760	3220760	0	
6.51009	1	3221914	3221914	0	
6.51009	1	3222220	3222220	0	
6.51235	1	3223358	3223358	0	
6.51235	1	3223680	3223680	0	
6.51468	1	3224802	3224802	0	
6.51468	1	3225140	3225140	0	
6.51694	1	3226246	3226246	0	
6.51694	1	3226600	3226600	0	
6.51919	1	3227690	3227690	0	
6.51919	1	3228060	3228060	0	
6.52144	1	3229134	3229134	0	
6.52144	1	3229520	3229520	0	
6.5237	1	3230578	3230578	0	
6.5237	1	3230980	3230980	0	
6.52604	1	3232022	3232022	0	
6.52604	1	3232440	3232440	0	
6.52829	1	3233466	3233466	0	
6.52829	1	3233900	3233900	0	
6.53054	1	3234910	3234910	0	
6.53054	1	3235360	3235360	0	
6.53279	1	3236354	3236354	0	
6.53279	1	3236820	3236820	0	
6.53504	1	3237798	3237798	0	
6.53504	1	3238280	3238280	0	
6.53729	1	3239242	3239242	0	
6.53729	1	3239740	3239740	0	
6.53955	1	3240686	3240686	0	
6.53955	1	3241200	3241200	0	
6.5418	1	3242130	3242130	0	
6.5418	1	3242660	3242660	0	
6.54414	1	3243574	3243574	0	
6.54414	1	3244120	3244120	0	
6.54639	1	3245018	3245018	0	
6.54639	1	3245580	3245580	0	
6.54865	1	3246462	3246462	0	
6.54865	1	3247040	3247040	0	
6.5509	1	3247906	3247906	0	
6.5509	1	3248500	3248500	0	
6.55335	1	3249350	3249350	0	
6.55335	1	3249960	3249960	0	
6.5559	1	3250794	3250794	0	
6.5559	1	3251420	3251420	0	
6.55835	1	3252238	3252238	0	
6.55835	1	3252880	3252880	0	
6.5608	1	3253682	3253682	0	
6.5608	1	3254340	3254340	0	
6.56326	1	3255126	3255126	0	
6.56326	1	3255800	3255800	0	
6.56571	1	3256570	3256570	0	
6.56571	1	3257260	3257260	0	
6.56817	1	3258014	3258014	0	
6.56817	1	3258720	3258720	0	
6.57062	1	3259458	3259458	0	
6.57062	1	3260180	3260180	0	
6.57317	1	3260902	3260902	0	
6.57317	1	3261640	3261640	0	
6.57562	1	3262346	3262346	0	
6.57562	1	3263100	3263100	0	
6.57807	1	3263790	3263790	0	
6.57807	1	3264560	3264560	0	
6.58053	1	3265234	3265234	0	
6.58053	1	3266020	3266020	0	
6.58298	1	3266678	3266678	0	
6.58298	1	3267480	3267480	0	
6.58543	1	3268122	3268122	0	
6.58543	1	3268940	3268940	0	
6.58798	1	3269566	3269566	0	
6.58798	1	3270400	3270400	0	
6.59044	1	3271010	3271010	0	
6.59044	1	3271860	3271860	0	
6.59289	1	3272454	3272454	0	
6.59289	1	3273320	3273320	0	
6.59534	1	3273898	3273898	0	
6.59534	1	3274780	3274780	0	
6.5978	1	3275342	3275342	0	
6.5978	1	3276240	3276240	0	
6.60035	1	3276786	3276786	0	
6.60035	1	3277700	3277700	0	
6.6028	1	3278230	3278230	0	
6.6028	1	3279160	3279160	0	
6.60525	1	3279674	3279674	0	
6.60525	1	3280620	3280620	0	
6.6077	1	3281118	3281118	0	
6.6077	1	3282080	3282080	0	
6.61016	1	3282562	3282562	0	
6.61016	1	3283540	3283540	0	
6.61261	1	3284006	3284006	0	
6.61261	1	3285000	3285000	0	
6.61507	1	3285450	3285450	0	
6.61507	1	3286460	3286460	0	
6.61752	1	3286894	3286894	0	
6.61752	1	3287920	3287920	0	
6.62007	1	3288338	3288338	0	
6.62007	1	3289380	3289380	0	
6.62252	1	3289782	3289782	0	
6.62252	1	3290840	3290840	0	
6.62497	1	3291226	3291226	0	
6.62497	1	3292300	3292300	0	
6.62743	1	3292670	3292670	0	
6.62743	1	3293760	3293760	0	
6.62988	1	3294114	3294114	0	
6.62988	1	3295220	3295220	0	
6.63243	1	3295558	3295558	0	
6.63243	1	3296680	3296680	0	
6.63488	1	3297002	3297002	0	
6.63488	1	3298140	3298140	0	
6.63734	1	3298446	3298446	0	
6.63734	1	3299600	3299600	0	
6.63979	1	3299890	3299890	0	
6.63979	1	3301060	3301060	0	
6.64225	1	3301334	3301334	0	
6.64225	1	3302520	3302520	0	
6.6447	1	3302778	3302778	0	
6.6447	1	3303980	3303980	0	
6.64715	1	3304222	3304222	0	
6.64715	1	3305440	3305440	0	
6.6496	1	3305666	3305666	0	
6.6496	1	3306900	3306900	0	
6.65215	1	3307110	3307110	0	
6.65215	1	3308360	3308360	0	
6.65452	1	3308554	3308554	0	
6.65452	1	3309820	3309820	0	
6.65689	1	3309998	3309998	0	
6.65689	1	3311280	3311280	0	
6.65926	1	3311442	3311442	0	
6.65926	1	3312740	3312740	0	
6.66164	1	3312886	3312886	0	
6.66164	1	3314200	3314200	0	
6.6641	1	3314330	3314330	0	
6.6641	1	3315660	3315660	0	
6.66647	1	3315774	3315774	0	
6.66647	1	3317120	3317120	0	
6.66884	1	3317218	3317218	0	
6.66884	1	3318580	3318580	0	
6.67121	1	3318662	3318662	0	
6.67121	1	3320040	3320040	0	
6.67358	1	3320106	3320106	0	
6.67358	1	3321500	3321500	0	
6.67595	1	3321550	3321550	0	
6.67595	1	3322960	3322960	0	
6.67832	1	3322994	3322994	0	
6.67832	1	3324420	3324420	0	
6.68078	1	3324438	3324438	0	
6.68078	1	3325880	3325880	0	
6.68316	1	3325882	3325882	0	
6.68553	1	3327334	3327334	0	
6.68553	1	3327340	3327340	0	
6.6879	1	3328779	3328779	0	
6.6879	1	3328800	3328800	0	
6.69027	1	3330224	3330224	0	
6.69027	1	3330260	3330260	0	
6.69264	1	3331669	3331669	0	
6.69264	1	3331720	3331720	0	
6.6951	1	3333114	3333114	0	
6.6951	1	3333180	3333180	0	
6.69747	1	3334558	3334558	0	
6.69747	1	3334640	3334640	0	
6.69984	1	3336002	3336002	0	
6.69984	1	3336100	3336100	0	
6.70221	1	3337446	3337446	0	
6.70221	1	3337560	3337560	0	
6.70458	1	3338890	3338890	0	
6.70458	1	3339020	3339020	0	
6.70705	1	3340334	3340334	0	
6.70705	1	3340480	3340480	0	
6.70942	1	3341778	3341778	0	
6.70942	1	3341940	3341940	0	
6.71179	1	3343222	3343222	0	
6.71179	1	3343400	3343400	0	
6.71416	1	3344666	3344666	0	
6.71416	1	3344860	3344860	0	
6.71653	1	3346110	3346110	0	
6.71653	1	3346320	3346320	0	
6.7189	1	3347554	3347554	0	
6.7189	1	3347780	3347780	0	
6.72127	1	3348998	3348998	0	
6.72127	1	3349240	3349240	0	
6.72364	1	3350442	3350442	0	
6.72364	1	3350700	3350700	0	
6.7261	1	3351886	3351886	0	
6.7261	1	3352160	3352160	0	
6.72848	1	3353330	3353330	0	
6.72848	1	3353620	3353620	0	
6.73085	1	3354774	3354774	0	
6.73085	1	3355080	3355080	0	
6.73322	1	3356218	3356218	0	
6.73322	1	3356540	3356540	0	
6.73559	1	3357662	3357662	0	
6.73559	1	3358000	3358000	0	
6.73805	1	3359106	3359106	0	
6.73805	1	3359460	3359460	0	
6.74042	1	3360550	3360550	0	
6.74042	1	3360920	3360920	0	
6.74279	1	3361994	3361994	0	
6.74279	1	3362380	3362380	0	
6.74516	1	3363438	3363438	0	
6.74516	1	3363840	3363840	0	
6.74753	1	3364882	3364882	0	
6.74753	1	3365300	3365300	0	
6.7499	1	3366326	3366326	0	
6.7499	1	3366760	3366760	0	
6.75228	1	3367770	3367770	0	
6.75228	1	3368220	3368220	0	
6.7544	1	3369214	3369214	0	
6.7544	1	3369680	3369680	0	
6.75661	1	3370658	3370658	0	
6.75661	1	3371140	3371140	0	
6.75873	1	3372102	3372102	0	
6.75873	1	3372600	3372600	0	
6.76085	1	3373546	3373546	0	
6.76085	1	3374060	3374060	0	
6.76297	1	3374990	3374990	0	
6.76297	1	3375520	3375520	0	
6.76509	1	3376434	3376434	0	
6.76509	1	3376980	3376980	0	
6.7673	1	3377878	3377878	0	
6.7673	1	3378440	3378440	0	
6.76942	1	3379322	3379322	0	
6.76942	1	3379900	3379900	0	
6.77154	1	3380766	3380766	0	
6.77154	1	3381360	3381360	0	
6.77367	1	3382210	3382210	0	
6.77367	1	3382820	3382820	0	
6.77579	1	3383654	3383654	0	
6.77579	1	3384280	3384280	0	
6.77799	1	3385098	3385098	0	
6.77799	1	3385740	3385740	0	
6.78011	1	3386542	3386542	0	
6.78011	1	3387200	3387200	0	
6.78223	1	3387986	3387986	0	
6.78223	1	3388660	3388660	0	
6.78435	1	3389430	3389430	0	
6.78435	1	3390120	3390120	0	
6.78648	1	3390874	3390874	0	
6.78648	1	3391580	3391580	0	
6.7886	1	3392318	3392318	0	
6.7886	1	3393040	3393040	0	
6.79072	1	3393762	3393762	0	
6.79072	1	3394500	3394500	0	
6.79285	1	3395206	3395206	0	
6.79285	1	3395960	3395960	0	
6.79505	1	3396650	3396650	0	
6.79505	1	3397420	3397420	0	
6.79717	1	3398094	3398094	0	
6.79717	1	3398880	3398880	0	
6.79929	1	3399538	3399538	0	
6.79929	1	3400340	3400340	0	
6.80141	1	3400982	3400982	0	
6.80141	1	3401800	3401800	0	
6.80353	1	3402426	3402426	0	
6.80353	1	3403260	3403260	0	
6.80574	1	3403870	3403870	0	
6.80574	1	3404720	3404720	0	
6.80786	1	3405314	3405314	0	
6.80786	1	3406180	3406180	0	
6.80998	1	3406758	3406758	0	
6.80998	1	3407640	3407640	0	
6.81211	1	3408202	3408202	0	
6.81211	1	3409100	3409100	0	
6.81423	1	3409646	3409646	0	
6.81423	1	3410560	3410560	0	
6.81635	1	3411090	3411090	0	
6.81635	1	3412020	3412020	0	
6.81847	1	3412534	3412534	0	
6.81847	1	3413480	3413480	0	
6.82059	1	3413978	3413978	0	
6.82059	1	3414940	3414940	0	
6.8228	1	3415422	3415422	0	
6.8228	1	3416400	3416400	0	
6.82492	1	3416866	3416866	0	
6.82492	1	3417860	3417860	0	
6.82704	1	3418310	3418310	0	
6.82704	1	3419320	3419320	0	
6.82916	1	3419754	3419754	0	
6.82916	1	3420780	3420780	0	
6.83128	1	3421198	3421198	0	
6.83128	1	3422240	3422240	0	
6.83349	1	3422642	3422642	0	
6.83349	1	3423700	3423700	0	
6.83561	1	3424086	3424086	0	
6.83561	1	3425160	3425160	0	
6.83774	1	3425530	3425530	0	
6.83774	1	3426620	3426620	0	
6.83986	1	3426974	3426974	0	
6.83986	1	3428080	3428080	0	
6.84198	1	3428418	3428418	0	
6.84198	1	3429540	3429540	0	
6.8441	1	3429862	3429862	0	
6.8441	1	3431000	3431000	0	
6.84622	1	3431306	3431306	0	
6.84622	1	3432460	3432460	0	
6.84834	1	3432750	3432750	0	
6.84834	1	3433920	3433920	0	
6.85046	1	3434194	3434194	0	
6.85046	1	3435380	3435380	0	
6.85262	1	3435638	3435638	0	
6.85262	1	3436840	3436840	0	
6.85468	1	3437082	3437082	0	
6.85468	1	3438300	3438300	0	
6.85675	1	3438526	3438526	0	
6.85675	1	3439760	3439760	0	
6.85882	1	3439970	3439970	0	
6.85882	1	3441220	3441220	0	
6.86088	1	3441414	3441414	0	
6.86088	1	3442680	3442680	0	
6.86303	1	3442858	3442858	0	
6.86303	1	3444140	3444140	0	
6.8651	1	3444302	3444302	0	
6.8651	1	3445600	3445600	0	
6.86717	1	3445746	3445746	0	
6.86717	1	3447060	3447060	0	
6.86923	1	3447190	3447190	0	
6.86923	1	3448520	3448520	0	
6.8713	1	3448634	3448634	0	
6.8713	1	3449980	3449980	0	
6.87345	1	3450078	3450078	0	
6.87345	1	3451440	3451440	0	
6.87552	1	3451522	3451522	0	
6.87552	1	3452900	3452900	0	
6.87759	1	3452966	3452966	0	
6.87759	1	3454360	3454360	0	
6.87965	1	3454410	3454410	0	
6.87965	1	3455820	3455820	0	
6.88172	1	3455854	3455854	0	
6.88172	1	3457280	3457280	0	
6.88378	1	3457298	3457298	0	
6.88378	1	3458740	3458740	0	
6.88585	1	3458742	3458742	0	
6.88792	1	3460194	3460194	0	
6.88792	1	3460200	3460200	0	
6.89006	1	3461639	3461639	0	
6.89006	1	3461660	3461660	0	
6.89214	1	3463084	3463084	0	
6.89214	1	3463120	3463120	0	
6.8942	1	3464529	3464529	0	
6.8942	1	3464580	3464580	0	
6.89627	1	3465974	3465974	0	
6.89627	1	3466040	3466040	0	
6.89834	1	3467418	3467418	0	
6.89834	1	3467500	3467500	0	
6.90048	1	3468862	3468862	0	
6.90048	1	3468960	3468960	0	
6.90255	1	3470306	3470306	0	
6.90255	1	3470420	3470420	0	
6.90462	1	3471750	3471750	0	
6.90462	1	3471880	3471880	0	
6.90669	1	3473194	3473194	0	
6.90669	1	3473340	3473340	0	
6.90875	1	3474638	3474638	0	
6.90875	1	3474800	3474800	0	
6.91082	1	3476082	3476082	0	
6.91082	1	3476260	3476260	0	
6.91289	1	3477526	3477526	0	
6.91289	1	3477720	3477720	0	
6.91496	1	3478970	3478970	0	
6.91496	1	3479180	3479180	0	
6.91711	1	3480414	3480414	0	
6.91711	1	3480640	3480640	0	
6.91917	1	3481858	3481858	0	
6.91917	1	3482100	3482100	0	
6.92124	1	3483302	3483302	0	
6.92124	1	3483560	3483560	0	
6.92331	1	3484746	3484746	0	
6.92331	1	3485020	3485020	0	
6.92537	1	3486190	3486190	0	
6.92537	1	3486480	3486480	0	
6.92752	1	3487634	3487634	0	
6.92752	1	3487940	3487940	0	
6.92959	1	3489078	3489078	0	
6.92959	1	3489400	3489400	0	
6.93166	1	3490522	3490522	0	
6.93166	1	3490860	3490860	0	
6.93373	1	3491966	3491966	0	
6.93373	1	3492320	3492320	0	
6.9358	1	3493410	3493410	0	
6.9358	1	3493780	3493780	0	
6.93786	1	3494854	3494854	0	
6.93786	1	3495240	3495240	0	
6.93993	1	3496298	3496298	0	
6.93993	1	3496700	3496700	0	
6.94208	1	3497742	3497742	0	
6.94208	1	3498160	3498160	0	
6.94414	1	3499186	3499186	0	
6.94414	1	3499620	3499620	0	
6.94621	1	3500630	3500630	0	
6.94621	1	3501080	3501080	0	
6.94828	1	3502074	3502074	0	
6.94828	1	3502540	3502540	0	
6.95035	1	3503518	3503518	0	
6.95035	1	3504000	3504000	0	
6.95265	1	3504962	3504962	0	
6.95265	1	3505460	3505460	0	
6.95503	1	3506406	3506406	0	
6.95503	1	3506920	3506920	0	
6.95732	1	3507850	3507850	0	
6.95732	1	3508380	3508380	0	
6.95962	1	3509294	3509294	0	
6.95962	1	3509840	3509840	0	
6.96191	1	3510738	3510738	0	
6.96191	1	3511300	3511300	0	
6.9642	1	3512182	3512182	0	
6.9642	1	3512760	3512760	0	
6.96659	1	3513626	3513626	0	
6.96659	1	3514220	3514220	0	
6.96888	1	3515070	3515070	0	
6.96888	1	3515680	3515680	0	
6.97117	1	3516514	3516514	0	
6.97117	1	3517140	3517140	0	
6.97348	1	3517958	3517958	0	
6.97348	1	3518600	3518600	0	
6.97577	1	3519402	3519402	0	
6.97577	1	3520060	3520060	0	
6.97806	1	3520846	3520846	0	
6.97806	1	3521520	3521520	0	
6.98036	1	3522290	3522290	0	
6.98036	1	3522980	3522980	0	
6.98265	1	3523734	3523734	0	
6.98265	1	3524440	3524440	0	
6.98503	1	3525178	3525178	0	
6.98503	1	3525900	3525900	0	
6.98733	1	3526622	3526622	0	
6.98733	1	3527360	3527360	0	
6.98962	1	3528066	3528066	0	
6.98962	1	3528820	3528820	0	
6.99191	1	3529510	3529510	0	
6.99191	1	3530280	3530280	0	
6.99421	1	3530954	3530954	0	
6.99421	1	3531740	3531740	0	
6.9966	1	3532398	3532398	0	
6.9966	1	3533200	3533200	0	
6.99889	1	3533842	3533842	0	
6.99889	1	3534660	3534660	0	
7.00119	1	3535286	3535286	0	
7.00119	1	3536120	3536120	0	
7.00348	1	3536730	3536730	0	
7.00348	1	3537580	3537580	0	
7.00577	1	3538174	3538174	0	
7.00577	1	3539040	3539040	0	
7.00807	1	3539618	3539618	0	
7.00807	1	3540500	3540500	0	
7.01036	1	3541062	3541062	0	
7.01036	1	3541960	3541960	0	
7.01266	1	3542506	3542506	0	
7.01266	1	3543420	3543420	0	
7.01504	1	3543950	3543950	0	
7.01504	1	3544880	3544880	0	
7.01734	1	3545394	3545394	0	
7.01734	1	3546340	3546340	0	
7.01963	1	3546838	3546838	0	
7.01963	1	3547800	3547800	0	
7.02193	1	3548282	3548282	0	
7.02193	1	3549260	3549260	0	
7.02422	1	3549726	3549726	0	
7.02422	1	3550720	3550720	0	
7.0266	1	3551170	3551170	0	
7.0266	1	3552180	3552180	0	
7.0289	1	3552614	3552614	0	
7.0289	1	3553640	3553640	0	
7.03119	1	3554058	3554058	0	
7.03119	1	3555100	3555100	0	
7.03348	1	3555502	3555502	0	
7.03348	1	3556560	3556560	0	
7.03578	1	3556946	3556946	0	
7.03578	1	3558020	3558020	0	
7.03817	1	3558390	3558390	0	
7.03817	1	3559480	3559480	0	
7.04046	1	3559834	3559834	0	
7.04046	1	3560940	3560940	0	
7.04276	1	3561278	3561278	0	
7.04276	1	3562400	3562400	0	
7.04505	1	3562722	3562722	0	
7.04505	1	3563860	3563860	0	
7.04734	1	3564166	3564166	0	
7.04734	1	3565320	3565320	0	
7.04964	1	3565610	3565610	0	
7.04964	1	3566780	3566780	0	
7.05193	1	3567054	3567054	0	
7.05193	1	3568240	3568240	0	
7.05401	1	3568498	3568498	0	
7.05401	1	3569700	3569700	0	
7.05616	1	3569942	3569942	0	
7.05616	1	3571160	3571160	0	
7.05823	1	3571386	3571386	0	
7.05823	1	3572620	3572620	0	
7.06032	1	3572830	3572830	0	
7.06032	1	3574080	3574080	0	
7.06239	1	3574274	3574274	0	
7.06239	1	3575540	3575540	0	
7.06446	1	3575718	3575718	0	
7.06446	1	3577000	3577000	0	
7.06662	1	3577162	3577162	0	
7.06662	1	3578460	3578460	0	
7.06869	1	3578606	3578606	0	
7.06869	1	3579920	3579920	0	
7.07077	1	3580050	3580050	0	
7.07077	1	3581380	3581380	0	
7.07284	1	3581494	3581494	0	
7.07284	1	3582840	3582840	0	
7.07492	1	3582938	3582938	0	
7.07492	1	3584300	3584300	0	
7.07699	1	3584382	3584382	0	
7.07699	1	3585760	3585760	0	
7.07906	1	3585826	3585826	0	
7.07906	1	3587220	3587220	0	
7.08114	1	3587270	3587270	0	
7.08114	1	3588680	3588680	0	
7.0833	1	3588714	3588714	0	
7.0833	1	3590140	3590140	0	
7.08537	1	3590158	3590158	0	
7.08537	1	3591600	3591600	0	
7.08744	1	3591602	3591602	0	
7.08952	1	3593054	3593054	0	
7.08952	1	3593060	3593060	0	
7.09159	1	3594499	3594499	0	
7.09159	1	3594520	3594520	0	
7.09375	1	3595944	3595944	0	
7.09375	1	3595980	3595980	0	
7.09582	1	3597389	3597389	0	
7.09582	1	3597440	3597440	0	
7.09789	1	3598834	3598834	0	
7.09789	1	3598900	3598900	0	
7.09997	1	3600278	3600278	0	
7.09997	1	3600360	3600360	0	
7.10205	1	3601722	3601722	0	
7.10205	1	3601820	3601820	0	
7.10412	1	3603166	3603166	0	
7.10412	1	3603280	3603280	0	
7.1062	1	3604610	3604610	0	
7.1062	1	3604740	3604740	0	
7.10827	1	3606054	3606054	0	
7.10827	1	3606200	3606200	0	
7.11043	1	3607498	3607498	0	
7.11043	1	3607660	3607660	0	
7.1125	1	3608942	3608942	0	
7.1125	1	3609120	3609120	0	
7.11457	1	3610386	3610386	0	
7.11457	1	3610580	3610580	0	
7.11665	1	3611830	3611830	0	
7.11665	1	3612040	3612040	0	
7.11872	1	3613274	3613274	0	
7.11872	1	3613500	3613500	0	
7.12088	1	3614718	3614718	0	
7.12088	1	3614960	3614960	0	
7.12296	1	3616162	3616162	0	
7.12296	1	3616420	3616420	0	
7.12503	1	3617606	3617606	0	
7.12503	1	3617880	3617880	0	
7.12711	1	3619050	3619050	0	
7.12711	1	3619340	3619340	0	
7.12918	1	3620494	3620494	0	
7.12918	1	3620800	3620800	0	
7.13134	1	3621938	3621938	0	
7.13134	1	3622260	3622260	0	
7.13341	1	3623382	3623382	0	
7.13341	1	3623720	3623720	0	
7.13548	1	3624826	3624826	0	
7.13548	1	3625180	3625180	0	
7.13756	1	3626270	3626270	0	
7.13756	1	3626640	3626640	0	
7.13964	1	3627714	3627714	0	
7.13964	1	3628100	3628100	0	
7.14171	1	3629158	3629158	0	
7.14171	1	3629560	3629560	0	
7.14379	1	3630602	3630602	0	
7.14379	1	3631020	3631020	0	
7.14586	1	3632046	3632046	0	
7.14586	1	3632480	3632480	0	
7.14802	1	3633490	3633490	0	
7.14802	1	3633940	3633940	0	
7.15009	1	3634934	3634934	0	
7.15009	1	3635400	3635400	0	
7.15251	1	3636378	3636378	0	
7.15251	1	3636860	3636860	0	
7.15494	1	3637822	3637822	0	
7.15494	1	3638320	3638320	0	
7.15738	1	3639266	3639266	0	
7.15738	1	3639780	3639780	0	
7.15991	1	3640710	3640710	0	
7.15991	1	3641240	3641240	0	
7.16234	1	3642154	3642154	0	
7.16234	1	3642700	3642700	0	
7.16477	1	3643598	3643598	0	
7.16477	1	3644160	3644160	0	
7.1672	1	3645042	3645042	0	
7.1672	1	3645620	3645620	0	
7.16963	1	3646486	3646486	0	
7.16963	1	3647080	3647080	0	
7.17207	1	3647930	3647930	0	
7.17207	1	3648540	3648540	0	
7.1745	1	3649374	3649374	0	
7.1745	1	3650000	3650000	0	
7.17693	1	3650818	3650818	0	
7.17693	1	3651460	3651460	0	
7.17945	1	3652262	3652262	0	
7.17945	1	3652920	3652920	0	
7.18189	1	3653706	3653706	0	
7.18189	1	3654380	3654380	0	
7.18432	1	3655150	3655150	0	
7.18432	1	3655840	3655840	0	
7.18676	1	3656594	3656594	0	
7.18676	1	3657300	3657300	0	
7.18919	1	3658038	3658038	0	
7.18919	1	3658760	3658760	0	
7.19171	1	3659482	3659482	0	
7.19171	1	3660220	3660220	0	
7.19414	1	3660926	3660926	0	
7.19414	1	3661680	3661680	0	
7.19658	1	3662370	3662370	0	
7.19658	1	3663140	3663140	0	
7.19901	1	3663814	3663814	0	
7.19901	1	3664600	3664600	0	
7.20144	1	3665258	3665258	0	
7.20144	1	3666060	3666060	0	
7.20387	1	3666702	3666702	0	
7.20387	1	3667520	3667520	0	
7.2063	1	3668146	3668146	0	
7.2063	1	3668980	3668980	0	
7.20874	1	3669590	3669590	0	
7.20874	1	3670440	3670440	0	
7.21127	1	3671034	3671034	0	
7.21127	1	3671900	3671900	0	
7.2137	1	3672478	3672478	0	
7.2137	1	3673360	3673360	0	
7.21613	1	3673922	3673922	0	
7.21613	1	3674820	3674820	0	
7.21856	1	3675366	3675366	0	
7.21856	1	3676280	3676280	0	
7.22099	1	3676810	3676810	0	
7.22099	1	3677740	3677740	0	
7.22352	1	3678254	3678254	0	
7.22352	1	3679200	3679200	0	
7.22595	1	3679698	3679698	0	
7.22595	1	3680660	3680660	0	
7.22838	1	3681142	3681142	0	
7.22838	1	3682120	3682120	0	
7.23082	1	3682586	3682586	0	
7.23082	1	3683580	3683580	0	
7.23325	1	3684030	3684030	0	
7.23325	1	3685040	3685040	0	
7.23578	1	3685474	3685474	0	
7.23578	1	3686500	3686500	0	
7.23821	1	3686918	3686918	0	
7.23821	1	3687960	3687960	0	
7.24064	1	3688362	3688362	0	
7.24064	1	3689420	3689420	0	
7.24307	1	3689806	3689806	0	
7.24307	1	3690880	3690880	0	
7.2455	1	3691250	3691250	0	
7.2455	1	3692340	3692340	0	
7.24793	1	3692694	3692694	0	
7.24793	1	3693800	3693800	0	
7.25036	1	3694138	3694138	0	
7.25036	1	3695260	3695260	0	
7.25245	1	3695582	3695582	0	
7.25245	1	3696720	3696720	0	
7.25463	1	3697026	3697026	0	
7.25463	1	3698180	3698180	0	
7.25672	1	3698470	3698470	0	
7.25672	1	3699640	3699640	0	
7.25881	1	3699914	3699914	0	
7.25881	1	3701100	3701100	0	
7.2609	1	3701358	3701358	0	
7.2609	1	3702560	3702560	0	
7.26299	1	3702802	3702802	0	
7.26299	1	3704020	3704020	0	
7.26516	1	3704246	3704246	0	
7.26516	1	3705480	3705480	0	
7.26725	1	3705690	3705690	0	
7.26725	1	3706940	3706940	0	
7.26934	1	3707134	3707134	0	
7.26934	1	3708400	3708400	0	
7.27143	1	3708578	3708578	0	
7.27143	1	3709860	3709860	0	
7.27352	1	3710022	3710022	0	
7.27352	1	3711320	3711320	0	
7.27561	1	3711466	3711466	0	
7.27561	1	3712780	3712780	0	
7.2777	1	3712910	3712910	0	
7.2777	1	3714240	3714240	0	
7.27979	1	3714354	3714354	0	
7.27979	1	3715700	3715700	0	
7.28196	1	3715798	3715798	0	
7.28196	1	3717160	3717160	0	
7.28405	1	3717242	3717242	0	
7.28405	1	3718620	3718620	0	
7.28614	1	3718686	3718686	0	
7.28614	1	3720080	3720080	0	
7.28823	1	3720130	3720130	0	
7.28823	1	3721540	3721540	0	
7.29032	1	3721574	3721574	0	
7.29032	1	3723000	3723000	0	
7.29249	1	3723018	3723018	0	
7.29249	1	3724460	3724460	0	
7.29458	1	3724462	3724462	0	
7.29667	1	3725914	3725914	0	
7.29667	1	3725920	3725920	0	
7.29876	1	3727359	3727359	0	
7.29876	1	3727380	3727380	0	
7.30085	1	3728804	3728804	0	
7.30085	1	3728840	3728840	0	
7.30294	1	3730249	3730249	0	
7.30294	1	3730300	3730300	0	
7.30503	1	3731694	3731694	0	
7.30503	1	3731760	3731760	0	
7.30712	1	3733138	3733138	0	
7.30712	1	3733220	3733220	0	
7.30921	1	3734582	3734582	0	
7.30921	1	3734680	3734680	0	
7.31138	1	3736026	3736026	0	
7.31138	1	3736140	3736140	0	
7.31347	1	3737470	3737470	0	
7.31347	1	3737600	3737600	0	
7.31556	1	3738914	3738914	0	
7.31556	1	3739060	3739060	0	
7.31765	1	3740358	3740358	0	
7.31765	1	3740520	3740520	0	
7.31974	1	3741802	3741802	0	
7.31974	1	3741980	3741980	0	
7.32191	1	3743246	3743246	0	
7.32191	1	3743440	3743440	0	
7.324	1	3744690	3744690	0	
7.324	1	3744900	3744900	0	
7.32609	1	3746134	3746134	0	
7.32609	1	3746360	3746360	0	
7.32818	1	3747578	3747578	0	
7.32818	1	3747820	3747820	0	
7.33027	1	3749022	3749022	0	
7.33027	1	3749280	3749280	0	
7.33245	1	3750466	3750466	0	
7.33245	1	3750740	3750740	0	
7.33454	1	3751910	3751910	0	
7.33454	1	3752200	3752200	0	
7.33663	1	3753354	3753354	0	
7.33663	1	3753660	3753660	0	
7.33872	1	3754798	3754798	0	
7.33872	1	3755120	3755120	0	
7.34081	1	3756242	3756242	0	
7.34081	1	3756580	3756580	0	
7.3429	1	3757686	3757686	0	
7.3429	1	3758040	3758040	0	
7.34499	1	3759130	3759130	0	
7.34499	1	3759500	3759500	0	
7.34708	1	3760574	3760574	0	
7.34708	1	3760960	3760960	0	
7.34925	1	3762018	3762018	0	
7.34925	1	3762420	3762420	0	
7.35134	1	3763462	3763462	0	
7.35134	1	3763880	3763880	0	
7.35345	1	3764906	3764906	0	
7.35345	1	3765340	3765340	0	
7.35556	1	3766350	3766350	0	
7.35556	1	3766800	3766800	0	
7.35767	1	3767794	3767794	0	
7.35767	1	3768260	3768260	0	
7.35986	1	3769238	3769238	0	
7.35986	1	3769720	3769720	0	
7.36197	1	3770682	3770682	0	
7.36197	1	3771180	3771180	0	
7.36407	1	3772126	3772126	0	
7.36407	1	3772640	3772640	0	
7.36618	1	3773570	3773570	0	
7.36618	1	3774100	3774100	0	
7.36829	1	3775014	3775014	0	
7.36829	1	3775560	3775560	0	
7.3704	1	3776458	3776458	0	
7.3704	1	3777020	3777020	0	
7.37251	1	3777902	3777902	0	
7.37251	1	3778480	3778480	0	
7.37462	1	3779346	3779346	0	
7.37462	1	3779940	3779940	0	
7.37681	1	3780790	3780790	0	
7.37681	1	3781400	3781400	0	
7.37892	1	3782234	3782234	0	
7.37892	1	3782860	3782860	0	
7.38103	1	3783678	3783678	0	
7.38103	1	3784320	3784320	0	
7.38314	1	3785122	3785122	0	
7.38314	1	3785780	3785780	0	
7.38525	1	3786566	3786566	0	
7.38525	1	3787240	3787240	0	
7.38744	1	3788010	3788010	0	
7.38744	1	3788700	3788700	0	
7.38955	1	3789454	3789454	0	
7.38955	1	3790160	3790160	0	
7.39165	1	3790898	3790898	0	
7.39165	1	3791620	3791620	0	
7.39377	1	3792342	3792342	0	
7.39377	1	3793080	3793080	0	
7.39588	1	3793786	3793786	0	
7.39588	1	3794540	3794540	0	
7.39807	1	3795230	3795230	0	
7.39807	1	3796000	3796000	0	
7.40018	1	3796674	3796674	0	
7.40018	1	3797460	3797460	0	
7.40228	1	3798118	3798118	0	
7.40228	1	3798920	3798920	0	
7.40439	1	3799562	3799562	0	
7.40439	1	3800380	3800380	0	
7.4065	1	3801006	3801006	0	
7.4065	1	3801840	3801840	0	
7.40861	1	3802450	3802450	0	
7.40861	1	3803300	3803300	0	
7.41072	1	3803894	3803894	0	
7.41072	1	3804760	3804760	0	
7.41283	1	3805338	3805338	0	
7.41283	1	3806220	3806220	0	
7.41502	1	3806782	3806782	0	
7.41502	1	3807680	3807680	0	
7.41713	1	3808226	3808226	0	
7.41713	1	3809140	3809140	0	
7.41924	1	3809670	3809670	0	
7.41924	1	3810600	3810600	0	
7.42135	1	3811114	3811114	0	
7.42135	1	3812060	3812060	0	
7.42346	1	3812558	3812558	0	
7.42346	1	3813520	3813520	0	
7.42565	1	3814002	3814002	0	
7.42565	1	3814980	3814980	0	
7.42775	1	3815446	3815446	0	
7.42775	1	3816440	3816440	0	
7.42986	1	3816890	3816890	0	
7.42986	1	3817900	3817900	0	
7.43197	1	3818334	3818334	0	
7.43197	1	3819360	3819360	0	
7.43409	1	3819778	3819778	0	
7.43409	1	3820820	3820820	0	
7.43619	1	3821222	3821222	0	
7.43619	1	3822280	3822280	0	
7.4383	1	3822666	3822666	0	
7.4383	1	3823740	3823740	0	
7.44041	1	3824110	3824110	0	
7.44041	1	3825200	3825200	0	
7.4426	1	3825554	3825554	0	
7.4426	1	3826660	3826660	0	
7.44471	1	3826998	3826998	0	
7.44471	1	3828120	3828120	0	
7.44682	1	3828442	3828442	0	
7.44682	1	3829580	3829580	0	
7.44893	1	3829886	3829886	0	
7.44893	1	3831040	3831040	0	
7.45104	1	3831330	3831330	0	
7.45104	1	3832500	3832500	0	
7.45329	1	3832774	3832774	0	
7.45329	1	3833960	3833960	0	
7.45546	1	3834218	3834218	0	
7.45546	1	3835420	3835420	0	
7.45762	1	3835662	3835662	0	
7.45762	1	3836880	3836880	0	
7.45979	1	3837106	3837106	0	
7.45979	1	3838340	3838340	0	
7.46195	1	3838550	3838550	0	
7.46195	1	3839800	3839800	0	
7.46412	1	3839994	3839994	0	
7.46412	1	3841260	3841260	0	
7.46628	1	3841438	3841438	0	
7.46628	1	3842720	3842720	0	
7.46845	1	3842882	3842882	0	
7.46845	1	3844180	3844180	0	
7.4707	1	3844326	3844326	0	
7.4707	1	3845640	3845640	0	
7.47287	1	3845770	3845770	0	
7.47287	1	3847100	3847100	0	
7.47504	1	3847214	3847214	0	
7.47504	1	3848560	3848560	0	
7.4772	1	3848658	3848658	0	
7.4772	1	3850020	3850020	0	
7.47937	1	3850102	3850102	0	
7.47937	1	3851480	3851480	0	
7.48162	1	3851546	3851546	0	
7.48162	1	3852940	3852940	0	
7.48378	1	3852990	3852990	0	
7.48378	1	3854400	3854400	0	
7.48595	1	3854434	3854434	0	
7.48595	1	3855860	3855860	0	
7.48811	1	3855878	3855878	0	
7.48811	1	3857320	3857320	0	
7.49027	1	3857322	3857322	0	
7.49252	1	3858774	3858774	0	
7.49252	1	3858780	3858780	0	
7.4947	1	3860219	3860219	0	
7.4947	1	3860240	3860240	0	
7.49686	1	3861664	3861664	0	
7.49686	1	3861700	3861700	0	
7.49903	1	3863109	3863109	0	
7.49903	1	3863160	3863160	0	
7.50119	1	3864554	3864554	0	
7.50119	1	3864620	3864620	0	
7.50336	1	3865998	3865998	0	
7.50336	1	3866080	3866080	0	
7.50552	1	3867442	3867442	0	
7.50552	1	3867540	3867540	0	
7.50769	1	3868886	3868886	0	
7.50769	1	3869000	3869000	0	
7.50994	1	3870330	3870330	0	
7.50994	1	3870460	3870460	0	
7.5121	1	3871774	3871774	0	
7.5121	1	3871920	3871920	0	
7.51427	1	3873218	3873218	0	
7.51427	1	3873380	3873380	0	
7.51644	1	3874662	3874662	0	
7.51644	1	3874840	3874840	0	
7.51861	1	3876106	3876106	0	
7.51861	1	3876300	3876300	0	
7.52086	1	3877550	3877550	0	
7.52086	1	3877760	3877760	0	
7.52302	1	3878994	3878994	0	
7.52302	1	3879220	3879220	0	
7.52519	1	3880438	3880438	0	
7.52519	1	3880680	3880680	0	
7.52735	1	3881882	3881882	0	
7.52735	1	3882140	3882140	0	
7.52952	1	3883326	3883326	0	
7.52952	1	3883600	3883600	0	
7.53168	1	3884770	3884770	0	
7.53168	1	3885060	3885060	0	
7.53385	1	3886214	3886214	0	
7.53385	1	3886520	3886520	0	
7.53602	1	3887658	3887658	0	
7.53602	1	3887980	3887980	0	
7.53827	1	3889102	3889102	0	
7.53827	1	3889440	3889440	0	
7.54044	1	3890546	3890546	0	
7.54044	1	3890900	3890900	0	
7.5426	1	3891990	3891990	0	
7.5426	1	3892360	3892360	0	
7.54477	1	3893434	3893434	0	
7.54477	1	3893820	3893820	0	
7.54693	1	3894878	3894878	0	
7.54693	1	3895280	3895280	0	
7.54918	1	3896322	3896322	0	
7.54918	1	3896740	3896740	0	
7.55135	1	3897766	3897766	0	
7.55135	1	3898200	3898200	0	
7.55372	1	3899210	3899210	0	
7.55372	1	3899660	3899660	0	
7.55609	1	3900654	3900654	0	
7.55609	1	3901120	3901120	0	
7.55846	1	3902098	3902098	0	
7.55846	1	3902580	3902580	0	
7.56083	1	3903542	3903542	0	
7.56083	1	3904040	3904040	0	
7.5632	1	3904986	3904986	0	
7.5632	1	3905500	3905500	0	
7.56557	1	3906430	3906430	0	
7.56557	1	3906960	3906960	0	
7.56803	1	3907874	3907874	0	
7.56803	1	3908420	3908420	0	
7.5704	1	3909318	3909318	0	
7.5704	1	3909880	3909880	0	
7.57277	1	3910762	3910762	0	
7.57277	1	3911340	3911340	0	
7.57514	1	3912206	3912206	0	
7.57514	1	3912800	3912800	0	
7.57751	1	3913650	3913650	0	
7.57751	1	3914260	3914260	0	
7.57998	1	3915094	3915094	0	
7.57998	1	3915720	3915720	0	
7.58235	1	3916538	3916538	0	
7.58235	1	3917180	3917180	0	
7.58472	1	3917982	3917982	0	
7.58472	1	3918640	3918640	0	
7.58709	1	3919426	3919426	0	
7.58709	1	3920100	3920100	0	
7.58946	1	3920870	3920870	0	
7.58946	1	3921560	3921560	0	
7.59192	1	3922314	3922314	0	
7.59192	1	3923020	3923020	0	
7.59429	1	3923758	3923758	0	
7.59429	1	3924480	3924480	0	
7.59666	1	3925202	3925202	0	
7.59666	1	3925940	3925940	0	
7.59903	1	3926646	3926646	0	
7.59903	1	3927400	3927400	0	
7.6014	1	3928090	3928090	0	
7.6014	1	3928860	3928860	0	
7.60377	1	3929534	3929534	0	
7.60377	1	3930320	3930320	0	
7.60614	1	3930978	3930978	0	
7.60614	1	3931780	3931780	0	
7.60851	1	3932422	3932422	0	
7.60851	1	3933240	3933240	0	
7.61097	1	3933866	3933866	0	
7.61097	1	3934700	3934700	0	
7.61334	1	3935310	3935310	0	
7.61334	1	3936160	3936160	0	
7.61571	1	3936754	3936754	0	
7.61571	1	3937620	3937620	0	
7.61808	1	3938198	3938198	0	
7.61808	1	3939080	3939080	0	
7.62045	1	3939642	3939642	0	
7.62045	1	3940540	3940540	0	
7.62291	1	3941086	3941086	0	
7.62291	1	3942000	3942000	0	
7.62529	1	3942530	3942530	0	
7.62529	1	3943460	3943460	0	
7.62766	1	3943974	3943974	0	
7.62766	1	3944920	3944920	0	
7.63003	1	3945418	3945418	0	
7.63003	1	3946380	3946380	0	
7.6324	1	3946862	3946862	0	
7.6324	1	3947840	3947840	0	
7.63476	1	3948306	3948306	0	
7.63476	1	3949300	3949300	0	
7.63713	1	3949750	3949750	0	
7.63713	1	3950760	3950760	0	
7.6395	1	3951194	3951194	0	
7.6395	1	3952220	3952220	0	
7.64196	1	3952638	3952638	0	
7.64196	1	3953680	3953680	0	
7.64433	1	3954082	3954082	0	
7.64433	1	3955140	3955140	0	
7.6467	1	3955526	3955526	0	
7.6467	1	3956600	3956600	0	
7.64908	1	3956970	3956970	0	
7.64908	1	3958060	3958060	0	
7.65145	1	3958414	3958414	0	
7.65145	1	3959520	3959520	0	
7.65371	1	3959858	3959858	0	
7.65371	1	3960980	3960980	0	
7.65588	1	3961302	3961302	0	
7.65588	1	3962440	3962440	0	
7.65806	1	3962746	3962746	0	
7.65806	1	3963900	3963900	0	
7.66023	1	3964190	3964190	0	
7.66023	1	3965360	3965360	0	
7.6624	1	3965634	3965634	0	
7.6624	1	3966820	3966820	0	
7.66458	1	3967078	3967078	0	
7.66458	1	3968280	3968280	0	
7.66675	1	3968522	3968522	0	
7.66675	1	3969740	3969740	0	
7.66893	1	3969966	3969966	0	
7.66893	1	3971200	3971200	0	
7.67119	1	3971410	3971410	0	
7.67119	1	3972660	3972660	0	
7.67336	1	3972854	3972854	0	
7.67336	1	3974120	3974120	0	
7.67554	1	3974298	3974298	0	
7.67554	1	3975580	3975580	0	
7.67771	1	3975742	3975742	0	
7.67771	1	3977040	3977040	0	
7.67989	1	3977186	3977186	0	
7.67989	1	3978500	3978500	0	
7.68214	1	3978630	3978630	0	
7.68214	1	3979960	3979960	0	
7.68432	1	3980074	3980074	0	
7.68432	1	3981420	3981420	0	
7.68649	1	3981518	3981518	0	
7.68649	1	3982880	3982880	0	
7.68867	1	3982962	3982962	0	
7.68867	1	3984340	3984340	0	
7.69085	1	3984406	3984406	0	
7.69085	1	3985800	3985800	0	
7.6931	1	3985850	3985850	0	
7.6931	1	3987260	3987260	0	
7.69528	1	3987294	3987294	0	
7.69528	1	3988720	3988720	0	
7.69745	1	3988738	3988738	0	
7.69745	1	3990180	3990180	0	
7.69962	1	3990182	3990182	0	
7.70179	1	3991634	3991634	0	
7.70179	1	3991640	3991640	0	
7.70397	1	3993079	3993079	0	
7.70397	1	3993100	3993100	0	
7.70614	1	3994524	3994524	0	
7.70614	1	3994560	3994560	0	
7.70832	1	3995969	3995969	0	
7.70832	1	3996020	3996020	0	
7.71058	1	3997414	3997414	0	
7.71058	1	3997480	3997480	0	
7.71276	1	3998858	3998858	0	
7.71276	1	3998940	3998940	0	
7.71493	1	4000302	4000302	0	
7.71493	1	4000400	4000400	0	
7.7171	1	4001746	4001746	0	
7.7171	1	4001860	4001860	0	
7.71928	1	4003190	4003190	0	
7.71928	1	4003320	4003320	0	
7.72153	1	4004634	4004634	0	
7.72153	1	4004780	4004780	0	
7.72371	1	4006078	4006078	0	
7.72371	1	4006240	4006240	0	
7.72588	1	4007522	4007522	0	
7.72588	1	4007700	4007700	0	
7.72806	1	4008966	4008966	0	
7.72806	1	4009160	4009160	0	
7.73023	1	4010410	4010410	0	
7.73023	1	4010620	4010620	0	
7.73241	1	4011854	4011854	0	
7.73241	1	4012080	4012080	0	
7.73458	1	4013298	4013298	0	
7.73458	1	4013540	4013540	0	
7.73676	1	4014742	4014742	0	
7.73676	1	4015000	4015000	0	
7.73902	1	4016186	4016186	0	
7.73902	1	4016460	4016460	0	
7.74119	1	4017630	4017630	0	
7.74119	1	4017920	4017920	0	
7.74336	1	4019074	4019074	0	
7.74336	1	4019380	4019380	0	
7.74554	1	4020518	4020518	0	
7.74554	1	4020840	4020840	0	
7.74771	1	4021962	4021962	0	
7.74771	1	4022300	4022300	0	
7.74997	1	4023406	4023406	0	
7.74997	1	4023760	4023760	0	
7.75215	1	4024850	4024850	0	
7.75215	1	4025220	4025220	0	
7.75435	1	4026294	4026294	0	
7.75435	1	4026680	4026680	0	
7.75656	1	4027738	4027738	0	
7.75656	1	4028140	4028140	0	
7.75876	1	4029182	4029182	0	
7.75876	1	4029600	4029600	0	
7.76096	1	4030626	4030626	0	
7.76096	1	4031060	4031060	0	
7.76316	1	4032070	4032070	0	
7.76316	1	4032520	4032520	0	
7.76536	1	4033514	4033514	0	
7.76536	1	4033980	4033980	0	
7.76765	1	4034958	4034958	0	
7.76765	1	4035440	4035440	0	
7.76985	1	4036402	4036402	0	
7.76985	1	4036900	4036900	0	
7.77206	1	4037846	4037846	0	
7.77206	1	4038360	4038360	0	
7.77426	1	4039290	4039290	0	
7.77426	1	4039820	4039820	0	
7.77647	1	4040734	4040734	0	
7.77647	1	4041280	4041280	0	
7.77867	1	4042178	4042178	0	
7.77867	1	4042740	4042740	0	
7.78096	1	4043622	4043622	0	
7.78096	1	4044200	4044200	0	
7.78316	1	4045066	4045066	0	
7.78316	1	4045660	4045660	0	
7.78536	1	4046510	4046510	0	
7.78536	1	4047120	4047120	0	
7.78756	1	4047954	4047954	0	
7.78756	1	4048580	4048580	0	
7.78976	1	4049398	4049398	0	
7.78976	1	4050040	4050040	0	
7.79205	1	4050842	4050842	0	
7.79205	1	4051500	4051500	0	
7.79426	1	4052286	4052286	0	
7.79426	1	4052960	4052960	0	
7.79646	1	4053730	4053730	0	
7.79646	1	4054420	4054420	0	
7.79867	1	4055174	4055174	0	
7.79867	1	4055880	4055880	0	
7.80087	1	4056618	4056618	0	
7.80087	1	4057340	4057340	0	
7.80307	1	4058062	4058062	0	
7.80307	1	4058800	4058800	0	
7.80527	1	4059506	4059506	0	
7.80527	1	4060260	4060260	0	
7.80747	1	4060950	4060950	0	
7.80747	1	4061720	4061720	0	
7.80976	1	4062394	4062394	0	
7.80976	1	4063180	4063180	0	
7.81196	1	4063838	4063838	0	
7.81196	1	4064640	4064640	0	
7.81417	1	4065282	4065282	0	
7.81417	1	4066100	4066100	0	
7.81637	1	4066726	4066726	0	
7.81637	1	4067560	4067560	0	
7.81858	1	4068170	4068170	0	
7.81858	1	4069020	4069020	0	
7.82086	1	4069614	4069614	0	
7.82086	1	4070480	4070480	0	
7.82307	1	4071058	4071058	0	
7.82307	1	4071940	4071940	0	
7.82527	1	4072502	4072502	0	
7.82527	1	4073400	4073400	0	
7.82747	1	4073946	4073946	0	
7.82747	1	4074860	4074860	0	
7.82967	1	4075390	4075390	0	
7.82967	1	4076320	4076320	0	
7.83187	1	4076834	4076834	0	
7.83187	1	4077780	4077780	0	
7.83408	1	4078278	4078278	0	
7.83408	1	4079240	4079240	0	
7.83628	1	4079722	4079722	0	
7.83628	1	4080700	4080700	0	
7.83857	1	4081166	4081166	0	
7.83857	1	4082160	4082160	0	
7.84078	1	4082610	4082610	0	
7.84078	1	4083620	4083620	0	
7.84298	1	4084054	4084054	0	
7.84298	1	4085080	4085080	0	
7.84518	1	4085498	4085498	0	
7.84518	1	4086540	4086540	0	
7.84738	1	4086942	4086942	0	
7.84738	1	4088000	4088000	0	
7.84967	1	4088386	4088386	0	
7.84967	1	4089460	4089460	0	
7.85187	1	4089830	4089830	0	
7.85187	1	4090920	4090920	0	
7.854	1	4091274	4091274	0	
7.854	1	4092380	4092380	0	
7.85612	1	4092718	4092718	0	
7.85612	1	4093840	4093840	0	
7.85826	1	4094162	4094162	0	
7.85826	1	4095300	4095300	0	
7.86047	1	4095606	4095606	0	
7.86047	1	4096760	4096760	0	
7.86259	1	4097050	4097050	0	
7.86259	1	4098220	4098220	0	
7.86472	1	4098494	4098494	0	
7.86472	1	4099680	4099680	0	
7.86685	1	4099938	4099938	0	
7.86685	1	4101140	4101140	0	
7.86897	1	4101382	4101382	0	
7.86897	1	4102600	4102600	0	
7.8711	1	4102826	4102826	0	
7.8711	1	4104060	4104060	0	
7.87323	1	4104270	4104270	0	
7.87323	1	4105520	4105520	0	
7.87535	1	4105714	4105714	0	
7.87535	1	4106980	4106980	0	
7.87757	1	4107158	4107158	0	
7.87757	1	4108440	4108440	0	
7.87969	1	4108602	4108602	0	
7.87969	1	4109900	4109900	0	
7.88182	1	4110046	4110046	0	
7.88182	1	4111360	4111360	0	
7.88395	1	4111490	4111490	0	
7.88395	1	4112820	4112820	0	
7.88607	1	4112934	4112934	0	
7.88607	1	4114280	4114280	0	
7.88828	1	4114378	4114378	0	
7.88828	1	4115740	4115740	0	
7.89041	1	4115822	4115822	0	
7.89041	1	4117200	4117200	0	
7.89254	1	4117266	4117266	0	
7.89254	1	4118660	4118660	0	
7.89466	1	4118710	4118710	0	
7.89466	1	4120120	4120120	0	
7.89679	1	4120154	4120154	0	
7.89679	1	4121580	4121580	0	
7.89892	1	4121598	4121598	0	
7.89892	1	4123040	4123040	0	
7.90104	1	4123042	4123042	0	
7.90317	1	4124494	4124494	0	
7.90317	1	4124500	4124500	0	
7.90538	1	4125939	4125939	0	
7.90538	1	4125960	4125960	0	
7.9075	1	4127384	4127384	0	
7.9075	1	4127420	4127420	0	
7.90963	1	4128829	4128829	0	
7.90963	1	4128880	4128880	0	
7.91176	1	4130274	4130274	0	
7.91176	1	4130340	4130340	0	
7.91388	1	4131718	4131718	0	
7.91388	1	4131800	4131800	0	
7.91609	1	4133162	4133162	0	
7.91609	1	4133260	4133260	0	
7.91823	1	4134606	4134606	0	
7.91823	1	4134720	4134720	0	
7.92035	1	4136050	4136050	0	
7.92035	1	4136180	4136180	0	
7.92248	1	4137494	4137494	0	
7.92248	1	4137640	4137640	0	
7.92461	1	4138938	4138938	0	
7.92461	1	4139100	4139100	0	
7.92673	1	4140382	4140382	0	
7.92673	1	4140560	4140560	0	
7.92886	1	4141826	4141826	0	
7.92886	1	4142020	4142020	0	
7.93098	1	4143270	4143270	0	
7.93098	1	4143480	4143480	0	
7.93319	1	4144714	4144714	0	
7.93319	1	4144940	4144940	0	
7.93532	1	4146158	4146158	0	
7.93532	1	4146400	4146400	0	
7.93745	1	4147602	4147602	0	
7.93745	1	4147860	4147860	0	
7.93958	1	4149046	4149046	0	
7.93958	1	4149320	4149320	0	
7.94171	1	4150490	4150490	0	
7.94171	1	4150780	4150780	0	
7.94392	1	4151934	4151934	0	
7.94392	1	4152240	4152240	0	
7.94604	1	4153378	4153378	0	
7.94604	1	4153700	4153700	0	
7.94817	1	4154822	4154822	0	
7.94817	1	4155160	4155160	0	
7.95029	1	4156266	4156266	0	
7.95029	1	4156620	4156620	0	
7.95261	1	4157710	4157710	0	
7.95261	1	4158080	4158080	0	
7.95502	1	4159154	4159154	0	
7.95502	1	4159540	4159540	0	
7.95734	1	4160598	4160598	0	
7.95734	1	4161000	4161000	0	
7.95966	1	4162042	4162042	0	
7.95966	1	4162460	4162460	0	
7.96198	1	4163486	4163486	0	
7.96198	1	4163920	4163920	0	
7.9643	1	4164930	4164930	0	
7.9643	1	4165380	4165380	0	
7.96662	1	4166374	4166374	0	
7.96662	1	4166840	4166840	0	
7.96893	1	4167818	4167818	0	
7.96893	1	4168300	4168300	0	
7.97125	1	4169262	4169262	0	
7.97125	1	4169760	4169760	0	
7.97366	1	4170706	4170706	0	
7.97366	1	4171220	4171220	0	
7.97598	1	4172150	4172150	0	
7.97598	1	4172680	4172680	0	
7.9783	1	4173594	4173594	0	
7.9783	1	4174140	4174140	0	
7.98061	1	4175038	4175038	0	
7.98061	1	4175600	4175600	0	
7.98294	1	4176482	4176482	0	
7.98294	1	4177060	4177060	0	
7.98535	1	4177926	4177926	0	
7.98535	1	4178520	4178520	0	
7.98766	1	4179370	4179370	0	
7.98766	1	4179980	4179980	0	
7.98998	1	4180814	4180814	0	
7.98998	1	4181440	4181440	0	
7.9923	1	4182258	4182258	0	
7.9923	1	4182900	4182900	0	
7.99462	1	4183702	4183702	0	
7.99462	1	4184360	4184360	0	
7.99693	1	4185146	4185146	0	
7.99693	1	4185820	4185820	0	
7.99925	1	4186590	4186590	0	
7.99925	1	4187280	4187280	0	
8.00157	1	4188034	4188034	0	
8.00157	1	4188740	4188740	0	
8.00399	1	4189478	4189478	0	
8.00399	1	4190200	4190200	0	
8.0063	1	4190922	4190922	0	
8.0063	1	4191660	4191660	0	
8.00862	1	4192366	4192366	0	
8.00862	1	4193120	4193120	0	
8.01094	1	4193810	4193810	0	
8.01094	1	4194580	4194580	0	
8.01326	1	4195254	4195254	0	
8.01326	1	4196040	4196040	0	
8.01566	1	4196698	4196698	0	
8.01566	1	4197500	4197500	0	
8.01798	1	4198142	4198142	0	
8.01798	1	4198960	4198960	0	
8.0203	1	4199586	4199586	0	
8.0203	1	4200420	4200420	0	
8.02262	1	4201030	4201030	0	
8.02262	1	4201880	4201880	0	
8.02494	1	4202474	4202474	0	
8.02494	1	4203340	4203340	0	
8.02726	1	4203918	4203918	0	
8.02726	1	4204800	4204800	0	
8.02958	1	4205362	4205362	0	
8.02958	1	4206260	4206260	0	
8.0319	1	4206806	4206806	0	
8.0319	1	4207720	4207720	0	
8.0343	1	4208250	4208250	0	
8.0343	1	4209180	4209180	0	
8.03662	1	4209694	4209694	0	
8.03662	1	4210640	4210640	0	
8.03894	1	4211138	4211138	0	
8.03894	1	4212100	4212100	0	
8.04126	1	4212582	4212582	0	
8.04126	1	4213560	4213560	0	
8.04357	1	4214026	4214026	0	
8.04357	1	4215020	4215020	0	
8.04598	1	4215470	4215470	0	
8.04598	1	4216480	4216480	0	
8.04831	1	4216914	4216914	0	
8.04831	1	4217940	4217940	0	
8.05063	1	4218358	4218358	0	
8.05063	1	4219400	4219400	0	
8.05304	1	4219802	4219802	0	
8.05304	1	4220860	4220860	0	
8.05546	1	4221246	4221246	0	
8.05546	1	4222320	4222320	0	
8.05796	1	4222690	4222690	0	
8.05796	1	4223780	4223780	0	
8.06038	1	4224134	4224134	0	
8.06038	1	4225240	4225240	0	
8.0628	1	4225578	4225578	0	
8.0628	1	4226700	4226700	0	
8.06521	1	4227022	4227022	0	
8.06521	1	4228160	4228160	0	
8.06763	1	4228466	4228466	0	
8.06763	1	4229620	4229620	0	
8.07004	1	4229910	4229910	0	
8.07004	1	4231080	4231080	0	
8.07246	1	4231354	4231354	0	
8.07246	1	4232540	4232540	0	
8.07488	1	4232798	4232798	0	
8.07488	1	4234000	4234000	0	
8.07739	1	4234242	4234242	0	
8.07739	1	4235460	4235460	0	
8.0798	1	4235686	4235686	0	
8.0798	1	4236920	4236920	0	
8.08222	1	4237130	4237130	0	
8.08222	1	4238380	4238380	0	
8.08463	1	4238574	4238574	0	
8.08463	1	4239840	4239840	0	
8.08705	1	4240018	4240018	0	
8.08705	1	4241300	4241300	0	
8.08956	1	4241462	4241462	0	
8.08956	1	4242760	4242760	0	
8.09197	1	4242906	4242906	0	
8.09197	1	4244220	4244220	0	
8.0944	1	4244350	4244350	0	
8.0944	1	4245680	4245680	0	
8.09681	1	4245794	4245794	0	
8.09681	1	4247140	4247140	0	
8.09923	1	4247238	4247238	0	
8.09923	1	4248600	4248600	0	
8.10164	1	4248682	4248682	0	
8.10164	1	4250060	4250060	0	
8.10406	1	4250126	4250126	0	
8.10406	1	4251520	4251520	0	
8.10647	1	4251570	4251570	0	
8.10647	1	4252980	4252980	0	
8.10898	1	4253014	4253014	0	
8.10898	1	4254440	4254440	0	
8.11139	1	4254458	4254458	0	
8.11139	1	4255900	4255900	0	
8.1138	1	4255902	4255902	0	
8.11622	1	4257354	4257354	0	
8.11622	1	4257360	4257360	0	
8.11864	1	4258799	4258799	0	
8.11864	1	4258820	4258820	0	
8.12115	1	4260244	4260244	0	
8.12115	1	4260280	4260280	0	
8.12357	1	4261689	4261689	0	
8.12357	1	4261740	4261740	0	
8.12598	1	4263134	4263134	0	
8.12598	1	4263200	4263200	0	
8.1284	1	4264578	4264578	0	
8.1284	1	4264660	4264660	0	
8.13081	1	4266022	4266022	0	
8.13081	1	4266120	4266120	0	
8.13323	1	4267466	4267466	0	
8.13323	1	4267580	4267580	0	
8.13564	1	4268910	4268910	0	
8.13564	1	4269040	4269040	0	
8.13806	1	4270354	4270354	0	
8.13806	1	4270500	4270500	0	
8.14058	1	4271798	4271798	0	
8.14058	1	4271960	4271960	0	
8.14299	1	4273242	4273242	0	
8.14299	1	4273420	4273420	0	
8.14541	1	4274686	4274686	0	
8.14541	1	4274880	4274880	0	
8.14782	1	4276130	4276130	0	
8.14782	1	4276340	4276340	0	
8.15024	1	4277574	4277574	0	
8.15024	1	4277800	4277800	0	
8.1527	1	4279018	4279018	0	
8.1527	1	4279260	4279260	0	
8.15506	1	4280462	4280462	0	
8.15506	1	4280720	4280720	0	
8.15743	1	4281906	4281906	0	
8.15743	1	4282180	4282180	0	
8.1598	1	4283350	4283350	0	
8.1598	1	4283640	4283640	0	
8.16216	1	4284794	4284794	0	
8.16216	1	4285100	4285100	0	
8.16463	1	4286238	4286238	0	
8.16463	1	4286560	4286560	0	
8.167	1	4287682	4287682	0	
8.167	1	4288020	4288020	0	
8.16936	1	4289126	4289126	0	
8.16936	1	4289480	4289480	0	
8.17173	1	4290570	4290570	0	
8.17173	1	4290940	4290940	0	
8.1741	1	4292014	4292014	0	
8.1741	1	4292400	4292400	0	
8.17647	1	4293458	4293458	0	
8.17647	1	4293860	4293860	0	
8.17883	1	4294902	4294902	0	
8.17883	1	4295320	4295320	0	
8.1812	1	4296346	4296346	0	
8.1812	1	4296780	4296780	0	
8.18366	1	4297790	4297790	0	
8.18366	1	4298240	4298240	0	
8.18603	1	4299234	4299234	0	
8.18603	1	4299700	4299700	0	
8.1884	1	4300678	4300678	0	
8.1884	1	4301160	4301160	0	
8.19077	1	4302122	4302122	0	
8.19077	1	4302620	4302620	0	
8.19313	1	4303566	4303566	0	
8.19313	1	4304080	4304080	0	
8.19559	1	4305010	4305010	0	
8.19559	1	4305540	4305540	0	
8.19796	1	4306454	4306454	0	
8.19796	1	4307000	4307000	0	
8.20033	1	4307898	4307898	0	
8.20033	1	4308460	4308460	0	
8.20269	1	4309342	4309342	0	
8.20269	1	4309920	4309920	0	
8.20506	1	4310786	4310786	0	
8.20506	1	4311380	4311380	0	
8.20743	1	4312230	4312230	0	
8.20743	1	4312840	4312840	0	
8.2098	1	4313674	4313674	0	
8.2098	1	4314300	4314300	0	
8.21217	1	4315118	4315118	0	
8.21217	1	4315760	4315760	0	
8.21463	1	4316562	4316562	0	
8.21463	1	4317220	4317220	0	
8.217	1	4318006	4318006	0	
8.217	1	4318680	4318680	0	
8.21936	1	4319450	4319450	0	
8.21936	1	4320140	4320140	0	
8.22173	1	4320894	4320894	0	
8.22173	1	4321600	4321600	0	
8.2241	1	4322338	4322338	0	
8.2241	1	4323060	4323060	0	
8.22656	1	4323782	4323782	0	
8.22656	1	4324520	4324520	0	
8.22892	1	4325226	4325226	0	
8.22892	1	4325980	4325980	0	
8.2313	1	4326670	4326670	0	
8.2313	1	4327440	4327440	0	
8.23367	1	4328114	4328114	0	
8.23367	1	4328900	4328900	0	
8.23603	1	4329558	4329558	0	
8.23603	1	4330360	4330360	0	
8.23849	1	4331002	4331002	0	
8.23849	1	4331820	4331820	0	
8.24086	1	4332446	4332446	0	
8.24086	1	4333280	4333280	0	
8.24323	1	4333890	4333890	0	
8.24323	1	4334740	4334740	0	
8.24559	1	4335334	4335334	0	
8.24559	1	4336200	4336200	0	
8.24796	1	4336778	4336778	0	
8.24796	1	4337660	4337660	0	
8.25033	1	4338222	4338222	0	
8.25033	1	4339120	4339120	0	
8.25265	1	4339666	4339666	0	
8.25265	1	4340580	4340580	0	
8.25498	1	4341110	4341110	0	
8.25498	1	4342040	4342040	0	
8.25739	1	4342554	4342554	0	
8.25739	1	4343500	4343500	0	
8.25972	1	4343998	4343998	0	
8.25972	1	4344960	4344960	0	
8.26204	1	4345442	4345442	0	
8.26204	1	4346420	4346420	0	
8.26436	1	4346886	4346886	0	
8.26436	1	4347880	4347880	0	
8.26668	1	4348330	4348330	0	
8.26668	1	4349340	4349340	0	
8.2691	1	4349774	4349774	0	
8.2691	1	4350800	4350800	0	
8.27142	1	4351218	4351218	0	
8.27142	1	4352260	4352260	0	
8.27374	1	4352662	4352662	0	
8.27374	1	4353720	4353720	0	
8.27607	1	4354106	4354106	0	
8.27607	1	4355180	4355180	0	
8.27839	1	4355550	4355550	0	
8.27839	1	4356640	4356640	0	
8.28072	1	4356994	4356994	0	
8.28072	1	4358100	4358100	0	
8.28304	1	4358438	4358438	0	
8.28304	1	4359560	4359560	0	
8.28536	1	4359882	4359882	0	
8.28536	1	4361020	4361020	0	
8.28768	1	4361326	4361326	0	
8.28768	1	4362480	4362480	0	
8.2901	1	4362770	4362770	0	
8.2901	1	4363940	4363940	0	
8.29242	1	4364214	4364214	0	
8.29242	1	4365400	4365400	0	
8.29474	1	4365658	4365658	0	
8.29474	1	4366860	4366860	0	
8.29706	1	4367102	4367102	0	
8.29706	1	4368320	4368320	0	
8.29939	1	4368546	4368546	0	
8.29939	1	4369780	4369780	0	
8.30181	1	4369990	4369990	0	
8.30181	1	4371240	4371240	0	
8.30413	1	4371434	4371434	0	
8.30413	1	4372700	4372700	0	
8.30645	1	4372878	4372878	0	
8.30645	1	4374160	4374160	0	
8.30877	1	4374322	4374322	0	
8.30877	1	4375620	4375620	0	
8.3111	1	4375766	4375766	0	
8.3111	1	4377080	4377080	0	
8.31342	1	4377210	4377210	0	
8.31342	1	4378540	4378540	0	
8.31574	1	4378654	4378654	0	
8.31574	1	4380000	4380000	0	
8.31806	1	4380098	4380098	0	
8.31806	1	4381460	4381460	0	
8.32049	1	4381542	4381542	0	
8.32049	1	4382920	4382920	0	
8.32281	1	4382986	4382986	0	
8.32281	1	4384380	4384380	0	
8.32513	1	4384430	4384430	0	
8.32513	1	4385840	4385840	0	
8.32745	1	4385874	4385874	0	
8.32745	1	4387300	4387300	0	
8.32977	1	4387318	4387318	0	
8.32977	1	4388760	4388760	0	
8.33218	1	4388762	4388762	0	
8.3345	1	4390214	4390214	0	
8.3345	1	4390220	4390220	0	
8.33683	1	4391659	4391659	0	
8.33683	1	4391680	4391680	0	
8.33915	1	4393104	4393104	0	
8.33915	1	4393140	4393140	0	
8.34147	1	4394549	4394549	0	
8.34147	1	4394600	4394600	0	
8.34389	1	4395994	4395994	0	
8.34389	1	4396060	4396060	0	
8.34622	1	4397438	4397438	0	
8.34622	1	4397520	4397520	0	
8.34854	1	4398882	4398882	0	
8.34854	1	4398980	4398980	0	
8.35086	1	4400326	4400326	0	
8.35086	1	4400440	4400440	0	
8.35304	1	4401770	4401770	0	
8.35304	1	4401900	4401900	0	
8.35521	1	4403214	4403214	0	
8.35521	1	4403360	4403360	0	
8.35738	1	4404658	4404658	0	
8.35738	1	4404820	4404820	0	
8.35956	1	4406102	4406102	0	
8.35956	1	4406280	4406280	0	
8.36182	1	4407546	4407546	0	
8.36182	1	4407740	4407740	0	
8.364	1	4408990	4408990	0	
8.364	1	4409200	4409200	0	
8.36618	1	4410434	4410434	0	
8.36618	1	4410660	4410660	0	
8.36835	1	4411878	4411878	0	
8.36835	1	4412120	4412120	0	
8.37053	1	4413322	4413322	0	
8.37053	1	4413580	4413580	0	
8.37279	1	4414766	4414766	0	
8.37279	1	4415040	4415040	0	
8.37496	1	4416210	4416210	0	
8.37496	1	4416500	4416500	0	
8.37713	1	4417654	4417654	0	
8.37713	1	4417960	4417960	0	
8.37931	1	4419098	4419098	0	
8.37931	1	4419420	4419420	0	
8.38148	1	4420542	4420542	0	
8.38148	1	4420880	4420880	0	
8.38366	1	4421986	4421986	0	
8.38366	1	4422340	4422340	0	
8.38584	1	4423430	4423430	0	
8.38584	1	4423800	4423800	0	
8.38802	1	4424874	4424874	0	
8.38802	1	4425260	4425260	0	
8.39028	1	4426318	4426318	0	
8.39028	1	4426720	4426720	0	
8.39245	1	4427762	4427762	0	
8.39245	1	4428180	4428180	0	
8.39463	1	4429206	4429206	0	
8.39463	1	4429640	4429640	0	
8.3968	1	4430650	4430650	0	
8.3968	1	4431100	4431100	0	
8.39898	1	4432094	4432094	0	
8.39898	1	4432560	4432560	0	
8.40123	1	4433538	4433538	0	
8.40123	1	4434020	4434020	0	
8.40341	1	4434982	4434982	0	
8.40341	1	4435480	4435480	0	
8.40559	1	4436426	4436426	0	
8.40559	1	4436940	4436940	0	
8.40777	1	4437870	4437870	0	
8.40777	1	4438400	4438400	0	
8.40994	1	4439314	4439314	0	
8.40994	1	4439860	4439860	0	
8.41212	1	4440758	4440758	0	
8.41212	1	4441320	4441320	0	
8.41429	1	4442202	4442202	0	
8.41429	1	4442780	4442780	0	
8.41647	1	4443646	4443646	0	
8.41647	1	4444240	4444240	0	
8.41873	1	4445090	4445090	0	
8.41873	1	4445700	4445700	0	
8.4209	1	4446534	4446534	0	
8.4209	1	4447160	4447160	0	
8.42308	1	4447978	4447978	0	
8.42308	1	4448620	4448620	0	
8.42525	1	4449422	4449422	0	
8.42525	1	4450080	4450080	0	
8.42743	1	4450866	4450866	0	
8.42743	1	4451540	4451540	0	
8.42969	1	4452310	4452310	0	
8.42969	1	4453000	4453000	0	
8.43187	1	4453754	4453754	0	
8.43187	1	4454460	4454460	0	
8.43404	1	4455198	4455198	0	
8.43404	1	4455920	4455920	0	
8.43622	1	4456642	4456642	0	
8.43622	1	4457380	4457380	0	
8.43839	1	4458086	4458086	0	
8.43839	1	4458840	4458840	0	
8.44065	1	4459530	4459530	0	
8.44065	1	4460300	4460300	0	
8.44283	1	4460974	4460974	0	
8.44283	1	4461760	4461760	0	
8.445	1	4462418	4462418	0	
8.445	1	4463220	4463220	0	
8.44718	1	4463862	4463862	0	
8.44718	1	4464680	4464680	0	
8.44936	1	4465306	4465306	0	
8.44936	1	4466140	4466140	0	
8.45153	1	4466750	4466750	0	
8.45153	1	4467600	4467600	0	
8.45395	1	4468194	4468194	0	
8.45395	1	4469060	4469060	0	
8.45638	1	4469638	4469638	0	
8.45638	1	4470520	4470520	0	
8.45889	1	4471082	4471082	0	
8.45889	1	4471980	4471980	0	
8.46132	1	4472526	4472526	0	
8.46132	1	4473440	4473440	0	
8.46374	1	4473970	4473970	0	
8.46374	1	4474900	4474900	0	
8.46616	1	4475414	4475414	0	
8.46616	1	4476360	4476360	0	
8.46859	1	4476858	4476858	0	
8.46859	1	4477820	4477820	0	
8.47102	1	4478302	4478302	0	
8.47102	1	4479280	4479280	0	
8.47353	1	4479746	4479746	0	
8.47353	1	4480740	4480740	0	
8.47596	1	4481190	4481190	0	
8.47596	1	4482200	4482200	0	
8.47838	1	4482634	4482634	0	
8.47838	1	4483660	4483660	0	
8.4808	1	4484078	4484078	0	
8.4808	1	4485120	4485120	0	
8.48322	1	4485522	4485522	0	
8.48322	1	4486580	4486580	0	
8.48565	1	4486966	4486966	0	
8.48565	1	4488040	4488040	0	
8.48807	1	4488410	4488410	0	
8.48807	1	4489500	4489500	0	
8.49059	1	4489854	4489854	0	
8.49059	1	4490960	4490960	0	
8.49302	1	4491298	4491298	0	
8.49302	1	4492420	4492420	0	
8.49544	1	4492742	4492742	0	
8.49544	1	4493880	4493880	0	
8.49786	1	4494186	4494186	0	
8.49786	1	4495340	4495340	0	
8.50028	1	4495630	4495630	0	
8.50028	1	4496800	4496800	0	
8.50271	1	4497074	4497074	0	
8.50271	1	4498260	4498260	0	
8.50522	1	4498518	4498518	0	
8.50522	1	4499720	4499720	0	
8.50765	1	4499962	4499962	0	
8.50765	1	4501180	4501180	0	
8.51007	1	4501406	4501406	0	
8.51007	1	4502640	4502640	0	
8.51249	1	4502850	4502850	0	
8.51249	1	4504100	4504100	0	
8.51491	1	4504294	4504294	0	
8.51491	1	4505560	4505560	0	
8.51734	1	4505738	4505738	0	
8.51734	1	4507020	4507020	0	
8.51977	1	4507182	4507182	0	
8.51977	1	4508480	4508480	0	
8.52228	1	4508626	4508626	0	
8.52228	1	4509940	4509940	0	
8.52471	1	4510070	4510070	0	
8.52471	1	4511400	4511400	0	
8.52713	1	4511514	4511514	0	
8.52713	1	4512860	4512860	0	
8.52955	1	4512958	4512958	0	
8.52955	1	4514320	4514320	0	
8.53198	1	4514402	4514402	0	
8.53198	1	4515780	4515780	0	
8.53449	1	4515846	4515846	0	
8.53449	1	4517240	4517240	0	
8.53691	1	4517290	4517290	0	
8.53691	1	4518700	4518700	0	
8.53934	1	4518734	4518734	0	
8.53934	1	4520160	4520160	0	
8.54176	1	4520178	4520178	0	
8.54176	1	4521620	4521620	0	
8.54418	1	4521622	4521622	0	
8.54661	1	4523074	4523074	0	
8.54661	1	4523080	4523080	0	
8.54912	1	4524519	4524519	0	
8.54912	1	4524540	4524540	0	
8.55155	1	4525964	4525964	0	
8.55155	1	4526000	4526000	0	
8.55386	1	4527409	4527409	0	
8.55386	1	4527460	4527460	0	
8.55617	1	4528854	4528854	0	
8.55617	1	4528920	4528920	0	
8.55848	1	4530298	4530298	0	
8.55848	1	4530380	4530380	0	
8.5608	1	4531742	4531742	0	
8.5608	1	4531840	4531840	0	
8.56312	1	4533186	4533186	0	
8.56312	1	4533300	4533300	0	
8.56552	1	4534630	4534630	0	
8.56552	1	4534760	4534760	0	
8.56783	1	4536074	4536074	0	
8.56783	1	4536220	4536220	0	
8.57015	1	4537518	4537518	0	
8.57015	1	4537680	4537680	0	
8.57246	1	4538962	4538962	0	
8.57246	1	4539140	4539140	0	
8.57477	1	4540406	4540406	0	
8.57477	1	4540600	4540600	0	
8.57708	1	4541850	4541850	0	
8.57708	1	4542060	4542060	0	
8.57949	1	4543294	4543294	0	
8.57949	1	4543520	4543520	0	
8.5818	1	4544738	4544738	0	
8.5818	1	4544980	4544980	0	
8.58412	1	4546182	4546182	0	
8.58412	1	4546440	4546440	0	
8.58643	1	4547626	4547626	0	
8.58643	1	4547900	4547900	0	
8.58875	1	4549070	4549070	0	
8.58875	1	4549360	4549360	0	
8.59106	1	4550514	4550514	0	
8.59106	1	4550820	4550820	0	
8.59337	1	4551958	4551958	0	
8.59337	1	4552280	4552280	0	
8.59577	1	4553402	4553402	0	
8.59577	1	4553740	4553740	0	
8.59809	1	4554846	4554846	0	
8.59809	1	4555200	4555200	0	
8.6004	1	4556290	4556290	0	
8.6004	1	4556660	4556660	0	
8.60271	1	4557734	4557734	0	
8.60271	1	4558120	4558120	0	
8.60503	1	4559178	4559178	0	
8.60503	1	4559580	4559580	0	
8.60735	1	4560622	4560622	0	
8.60735	1	4561040	4561040	0	
8.60975	1	4562066	4562066	0	
8.60975	1	4562500	4562500	0	
8.61206	1	4563510	4563510	0	
8.61206	1	4563960	4563960	0	
8.61437	1	4564954	4564954	0	
8.61437	1	4565420	4565420	0	
8.61669	1	4566398	4566398	0	
8.61669	1	4566880	4566880	0	
8.619	1	4567842	4567842	0	
8.619	1	4568340	4568340	0	
8.62131	1	4569286	4569286	0	
8.62131	1	4569800	4569800	0	
8.62362	1	4570730	4570730	0	
8.62362	1	4571260	4571260	0	
8.62603	1	4572174	4572174	0	
8.62603	1	4572720	4572720	0	
8.62835	1	4573618	4573618	0	
8.62835	1	4574180	4574180	0	
8.63066	1	4575062	4575062	0	
8.63066	1	4575640	4575640	0	
8.63297	1	4576506	4576506	0	
8.63297	1	4577100	4577100	0	
8.63529	1	4577950	4577950	0	
8.63529	1	4578560	4578560	0	
8.63769	1	4579394	4579394	0	
8.63769	1	4580020	4580020	0	
8.64	1	4580838	4580838	0	
8.64	1	4581480	4581480	0	
8.64231	1	4582282	4582282	0	
8.64231	1	4582940	4582940	0	
8.64463	1	4583726	4583726	0	
8.64463	1	4584400	4584400	0	
8.64694	1	4585170	4585170	0	
8.64694	1	4585860	4585860	0	
8.64925	1	4586614	4586614	0	
8.64925	1	4587320	4587320	0	
8.65166	1	4588058	4588058	0	
8.65166	1	4588780	4588780	0	
8.65395	1	4589502	4589502	0	
8.65395	1	4590240	4590240	0	
8.65624	1	4590946	4590946	0	
8.65624	1	4591700	4591700	0	
8.65854	1	4592390	4592390	0	
8.65854	1	4593160	4593160	0	
8.66083	1	4593834	4593834	0	
8.66083	1	4594620	4594620	0	
8.66312	1	4595278	4595278	0	
8.66312	1	4596080	4596080	0	
8.66541	1	4596722	4596722	0	
8.66541	1	4597540	4597540	0	
8.66779	1	4598166	4598166	0	
8.66779	1	4599000	4599000	0	
8.67008	1	4599610	4599610	0	
8.67008	1	4600460	4600460	0	
8.67238	1	4601054	4601054	0	
8.67238	1	4601920	4601920	0	
8.67467	1	4602498	4602498	0	
8.67467	1	4603380	4603380	0	
8.67696	1	4603942	4603942	0	
8.67696	1	4604840	4604840	0	
8.67925	1	4605386	4605386	0	
8.67925	1	4606300	4606300	0	
8.68163	1	4606830	4606830	0	
8.68163	1	4607760	4607760	0	
8.68392	1	4608274	4608274	0	
8.68392	1	4609220	4609220	0	
8.68621	1	4609718	4609718	0	
8.68621	1	4610680	4610680	0	
8.6885	1	4611162	4611162	0	
8.6885	1	4612140	4612140	0	
8.69079	1	4612606	4612606	0	
8.69079	1	4613600	4613600	0	
8.69308	1	4614050	4614050	0	
8.69308	1	4615060	4615060	0	
8.69538	1	4615494	4615494	0	
8.69538	1	4616520	4616520	0	
8.69776	1	4616938	4616938	0	
8.69776	1	4617980	4617980	0	
8.70005	1	4618382	4618382	0	
8.70005	1	4619440	4619440	0	
8.70234	1	4619826	4619826	0	
8.70234	1	4620900	4620900	0	
8.70463	1	4621270	4621270	0	
8.70463	1	4622360	4622360	0	
8.70693	1	4622714	4622714	0	
8.70693	1	4623820	4623820	0	
8.70922	1	4624158	4624158	0	
8.70922	1	4625280	4625280	0	
8.7116	1	4625602	4625602	0	
8.7116	1	4626740	4626740	0	
8.71389	1	4627046	4627046	0	
8.71389	1	4628200	4628200	0	
8.71619	1	4628490	4628490	0	
8.71619	1	4629660	4629660	0	
8.71848	1	4629934	4629934	0	
8.71848	1	4631120	4631120	0	
8.72077	1	4631378	4631378	0	
8.72077	1	4632580	4632580	0	
8.72315	1	4632822	4632822	0	
8.72315	1	4634040	4634040	0	
8.72544	1	4634266	4634266	0	
8.72544	1	4635500	4635500	0	
8.72773	1	4635710	4635710	0	
8.72773	1	4636960	4636960	0	
8.73002	1	4637154	4637154	0	
8.73002	1	4638420	4638420	0	
8.73231	1	4638598	4638598	0	
8.73231	1	4639880	4639880	0	
8.7346	1	4640042	4640042	0	
8.7346	1	4641340	4641340	0	
8.73689	1	4641486	4641486	0	
8.73689	1	4642800	4642800	0	
8.73928	1	4642930	4642930	0	
8.73928	1	4644260	4644260	0	
8.74157	1	4644374	4644374	0	
8.74157	1	4645720	4645720	0	
8.74386	1	4645818	4645818	0	
8.74386	1	4647180	4647180	0	
8.74615	1	4647262	4647262	0	
8.74615	1	4648640	4648640	0	
8.74844	1	4648706	4648706	0	
8.74844	1	4650100	4650100	0	
8.75073	1	4650150	4650150	0	
8.75073	1	4651560	4651560	0	
8.75291	1	4651594	4651594	0	
8.75291	1	4653020	4653020	0	
8.75501	1	4653038	4653038	0	
8.75501	1	4654480	4654480	0	
8.75711	1	4654482	4654482	0	
8.75921	1	4655934	4655934	0	
8.75921	1	4655940	4655940	0	
8.76131	1	4657379	4657379	0	
8.76131	1	4657400	4657400	0	
8.76341	1	4658824	4658824	0	
8.76341	1	4658860	4658860	0	
8.7655	1	4660269	4660269	0	
8.7655	1	4660320	4660320	0	
8.76768	1	4661714	4661714	0	
8.76768	1	4661780	4661780	0	
8.76978	1	4663158	4663158	0	
8.76978	1	4663240	4663240	0	
8.77188	1	4664602	4664602	0	
8.77188	1	4664700	4664700	0	
8.77398	1	4666046	4666046	0	
8.77398	1	4666160	4666160	0	
8.77608	1	4667490	4667490	0	
8.77608	1	4667620	4667620	0	
8.77817	1	4668934	4668934	0	
8.77817	1	4669080	4669080	0	
8.78036	1	4670378	4670378	0	
8.78036	1	4670540	4670540	0	
8.78246	1	4671822	4671822	0	
8.78246	1	4672000	4672000	0	
8.78456	1	4673266	4673266	0	
8.78456	1	4673460	4673460	0	
8.78665	1	4674710	4674710	0	
8.78665	1	4674920	4674920	0	
8.78875	1	4676154	4676154	0	
8.78875	1	4676380	4676380	0	
8.79085	1	4677598	4677598	0	
8.79085	1	4677840	4677840	0	
8.79295	1	4679042	4679042	0	
8.79295	1	4679300	4679300	0	
8.79505	1	4680486	4680486	0	
8.79505	1	4680760	4680760	0	
8.79723	1	4681930	4681930	0	
8.79723	1	4682220	4682220	0	
8.79933	1	4683374	4683374	0	
8.79933	1	4683680	4683680	0	
8.80143	1	4684818	4684818	0	
8.80143	1	4685140	4685140	0	
8.80353	1	4686262	4686262	0	
8.80353	1	4686600	4686600	0	
8.80562	1	4687706	4687706	0	
8.80562	1	4688060	4688060	0	
8.80772	1	4689150	4689150	0	
8.80772	1	4689520	4689520	0	
8.8099	1	4690594	4690594	0	
8.8099	1	4690980	4690980	0	
8.812	1	4692038	4692038	0	
8.812	1	4692440	4692440	0	
8.8141	1	4693482	4693482	0	
8.8141	1	4693900	4693900	0	
8.8162	1	4694926	4694926	0	
8.8162	1	4695360	4695360	0	
8.81829	1	4696370	4696370	0	
8.81829	1	4696820	4696820	0	
8.82048	1	4697814	4697814	0	
8.82048	1	4698280	4698280	0	
8.82258	1	4699258	4699258	0	
8.82258	1	4699740	4699740	0	
8.82468	1	4700702	4700702	0	
8.82468	1	4701200	4701200	0	
8.82677	1	4702146	4702146	0	
8.82677	1	4702660	4702660	0	
8.82887	1	4703590	4703590	0	
8.82887	1	4704120	4704120	0	
8.83097	1	4705034	4705034	0	
8.83097	1	4705580	4705580	0	
8.83307	1	4706478	4706478	0	
8.83307	1	4707040	4707040	0	
8.83525	1	4707922	4707922	0	
8.83525	1	4708500	4708500	0	
8.83735	1	4709366	4709366	0	
8.83735	1	4709960	4709960	0	
8.83945	1	4710810	4710810	0	
8.83945	1	4711420	4711420	0	
8.84155	1	4712254	4712254	0	
8.84155	1	4712880	4712880	0	
8.84365	1	4713698	4713698	0	
8.84365	1	4714340	4714340	0	
8.84575	1	4715142	4715142	0	
8.84575	1	4715800	4715800	0	
8.84792	1	4716586	4716586	0	
8.84792	1	4717260	4717260	0	
8.85002	1	4718030	4718030	0	
8.85002	1	4718720	4718720	0	
8.85212	1	4719474	4719474	0	
8.85212	1	4720180	4720180	0	
8.85423	1	4720918	4720918	0	
8.85423	1	4721640	4721640	0	
8.85633	1	4722362	4722362	0	
8.85633	1	4723100	4723100	0	
8.85844	1	4723806	4723806	0	
8.85844	1	4724560	4724560	0	
8.86055	1	4725250	4725250	0	
8.86055	1	4726020	4726020	0	
8.86274	1	4726694	4726694	0	
8.86274	1	4727480	4727480	0	
8.86485	1	4728138	4728138	0	
8.86485	1	4728940	4728940	0	
8.86696	1	4729582	4729582	0	
8.86696	1	4730400	4730400	0	
8.86906	1	4731026	4731026	0	
8.86906	1	4731860	4731860	0	
8.87117	1	4732470	4732470	0	
8.87117	1	4733320	4733320	0	
8.87327	1	4733914	4733914	0	
8.87327	1	4734780	4734780	0	
8.87546	1	4735358	4735358	0	
8.87546	1	4736240	4736240	0	
8.87757	1	4736802	4736802	0	
8.87757	1	4737700	4737700	0	
8.87968	1	4738246	4738246	0	
8.87968	1	4739160	4739160	0	
8.88179	1	4739690	4739690	0	
8.88179	1	4740620	4740620	0	
8.8839	1	4741134	4741134	0	
8.8839	1	4742080	4742080	0	
8.886	1	4742578	4742578	0	
8.886	1	4743540	4743540	0	
8.88811	1	4744022	4744022	0	
8.88811	1	4745000	4745000	0	
8.8903	1	4745466	4745466	0	
8.8903	1	4746460	4746460	0	
8.8924	1	4746910	4746910	0	
8.8924	1	4747920	4747920	0	
8.89451	1	4748354	4748354	0	
8.89451	1	4749380	4749380	0	
8.89662	1	4749798	4749798	0	
8.89662	1	4750840	4750840	0	
8.89872	1	4751242	4751242	0	
8.89872	1	4752300	4752300	0	
8.90092	1	4752686	4752686	0	
8.90092	1	4753760	4753760	0	
8.90303	1	4754130	4754130	0	
8.90303	1	4755220	4755220	0	
8.90513	1	4755574	4755574	0	
8.90513	1	4756680	4756680	0	
8.90724	1	4757018	4757018	0	
8.90724	1	4758140	4758140	0	
8.90934	1	4758462	4758462	0	
8.90934	1	4759600	4759600	0	
8.91145	1	4759906	4759906	0	
8.91145	1	4761060	4761060	0	
8.91364	1	4761350	4761350	0	
8.91364	1	4762520	4762520	0	
8.91575	1	4762794	4762794	0	
8.91575	1	4763980	4763980	0	
8.91785	1	4764238	4764238	0	
8.91785	1	4765440	4765440	0	
8.91997	1	4765682	4765682	0	
8.91997	1	4766900	4766900	0	
8.92207	1	4767126	4767126	0	
8.92207	1	4768360	4768360	0	
8.92418	1	4768570	4768570	0	
8.92418	1	4769820	4769820	0	
8.92629	1	4770014	4770014	0	
8.92629	1	4771280	4771280	0	
8.92847	1	4771458	4771458	0	
8.92847	1	4772740	4772740	0	
8.93058	1	4772902	4772902	0	
8.93058	1	4774200	4774200	0	
8.93269	1	4774346	4774346	0	
8.93269	1	4775660	4775660	0	
8.93479	1	4775790	4775790	0	
8.93479	1	4777120	4777120	0	
8.9369	1	4777234	4777234	0	
8.9369	1	4778580	4778580	0	
8.93901	1	4778678	4778678	0	
8.93901	1	4780040	4780040	0	
8.9412	1	4780122	4780122	0	
8.9412	1	4781500	4781500	0	
8.94331	1	4781566	4781566	0	
8.94331	1	4782960	4782960	0	
8.94541	1	4783010	4783010	0	
8.94541	1	4784420	4784420	0	
8.94752	1	4784454	4784454	0	
8.94752	1	4785880	4785880	0	
8.94962	1	4785898	4785898	0	
8.94962	1	4787340	4787340	0	
8.95173	1	4787342	4787342	0	
8.95392	1	4788794	4788794	0	
8.95392	1	4788800	4788800	0	
8.9562	1	4790239	4790239	0	
8.9562	1	4790260	4790260	0	
8.95839	1	4791684	4791684	0	
8.95839	1	4791720	4791720	0	
8.96059	1	4793129	4793129	0	
8.96059	1	4793180	4793180	0	
8.96279	1	4794574	4794574	0	
8.96279	1	4794640	4794640	0	
8.96498	1	4796018	4796018	0	
8.96498	1	4796100	4796100	0	
8.96717	1	4797462	4797462	0	
8.96717	1	4797560	4797560	0	
8.96945	1	4798906	4798906	0	
8.96945	1	4799020	4799020	0	
8.97165	1	4800350	4800350	0	
8.97165	1	4800480	4800480	0	
8.97384	1	4801794	4801794	0	
8.97384	1	4801940	4801940	0	
8.97603	1	4803238	4803238	0	
8.97603	1	4803400	4803400	0	
8.97823	1	4804682	4804682	0	
8.97823	1	4804860	4804860	0	
8.98042	1	4806126	4806126	0	
8.98042	1	4806320	4806320	0	
8.98262	1	4807570	4807570	0	
8.98262	1	4807780	4807780	0	
8.9849	1	4809014	4809014	0	
8.9849	1	4809240	4809240	0	
8.98709	1	4810458	4810458	0	
8.98709	1	4810700	4810700	0	
8.98929	1	4811902	4811902	0	
8.98929	1	4812160	4812160	0	
8.99148	1	4813346	4813346	0	
8.99148	1	4813620	4813620	0	
8.99367	1	4814790	4814790	0	
8.99367	1	4815080	4815080	0	
8.99595	1	4816234	4816234	0	
8.99595	1	4816540	4816540	0	
8.99814	1	4817678	4817678	0	
8.99814	1	4818000	4818000	0	
9.00034	1	4819122	4819122	0	
9.00034	1	4819460	4819460	0	
9.00254	1	4820566	4820566	0	
9.00254	1	4820920	4820920	0	
9.00473	1	4822010	4822010	0	
9.00473	1	4822380	4822380	0	
9.00692	1	4823454	4823454	0	
9.00692	1	4823840	4823840	0	
9.0092	1	4824898	4824898	0	
9.0092	1	4825300	4825300	0	
9.0114	1	4826342	4826342	0	
9.0114	1	4826760	4826760	0	
9.01359	1	4827786	4827786	0	
9.01359	1	4828220	4828220	0	
9.01578	1	4829230	4829230	0	
9.01578	1	4829680	4829680	0	
9.01798	1	4830674	4830674	0	
9.01798	1	4831140	4831140	0	
9.02017	1	4832118	4832118	0	
9.02017	1	4832600	4832600	0	
9.02236	1	4833562	4833562	0	
9.02236	1	4834060	4834060	0	
9.02465	1	4835006	4835006	0	
9.02465	1	4835520	4835520	0	
9.02684	1	4836450	4836450	0	
9.02684	1	4836980	4836980	0	
9.02904	1	4837894	4837894	0	
9.02904	1	4838440	4838440	0	
9.03123	1	4839338	4839338	0	
9.03123	1	4839900	4839900	0	
9.03342	1	4840782	4840782	0	
9.03342	1	4841360	4841360	0	
9.03562	1	4842226	4842226	0	
9.03562	1	4842820	4842820	0	
9.03789	1	4843670	4843670	0	
9.03789	1	4844280	4844280	0	
9.04009	1	4845114	4845114	0	
9.04009	1	4845740	4845740	0	
9.04228	1	4846558	4846558	0	
9.04228	1	4847200	4847200	0	
9.04448	1	4848002	4848002	0	
9.04448	1	4848660	4848660	0	
9.04667	1	4849446	4849446	0	
9.04667	1	4850120	4850120	0	
9.04887	1	4850890	4850890	0	
9.04887	1	4851580	4851580	0	
9.05106	1	4852334	4852334	0	
9.05106	1	4853040	4853040	0	
9.05349	1	4853778	4853778	0	
9.05349	1	4854500	4854500	0	
9.05583	1	4855222	4855222	0	
9.05583	1	4855960	4855960	0	
9.05817	1	4856666	4856666	0	
9.05817	1	4857420	4857420	0	
9.06051	1	4858110	4858110	0	
9.06051	1	4858880	4858880	0	
9.06285	1	4859554	4859554	0	
9.06285	1	4860340	4860340	0	
9.06519	1	4860998	4860998	0	
9.06519	1	4861800	4861800	0	
9.06763	1	4862442	4862442	0	
9.06763	1	4863260	4863260	0	
9.06997	1	4863886	4863886	0	
9.06997	1	4864720	4864720	0	
9.07231	1	4865330	4865330	0	
9.07231	1	4866180	4866180	0	
9.07465	1	4866774	4866774	0	
9.07465	1	4867640	4867640	0	
9.07699	1	4868218	4868218	0	
9.07699	1	4869100	4869100	0	
9.07942	1	4869662	4869662	0	
9.07942	1	4870560	4870560	0	
9.08176	1	4871106	4871106	0	
9.08176	1	4872020	4872020	0	
9.0841	1	4872550	4872550	0	
9.0841	1	4873480	4873480	0	
9.08644	1	4873994	4873994	0	
9.08644	1	4874940	4874940	0	
9.08878	1	4875438	4875438	0	
9.08878	1	4876400	4876400	0	
9.09112	1	4876882	4876882	0	
9.09112	1	4877860	4877860	0	
9.09346	1	4878326	4878326	0	
9.09346	1	4879320	4879320	0	
9.09589	1	4879770	4879770	0	
9.09589	1	4880780	4880780	0	
9.09823	1	4881214	4881214	0	
9.09823	1	4882240	4882240	0	
9.10057	1	4882658	4882658	0	
9.10057	1	4883700	4883700	0	
9.10291	1	4884102	4884102	0	
9.10291	1	4885160	4885160	0	
9.10525	1	4885546	4885546	0	
9.10525	1	4886620	4886620	0	
9.10759	1	4886990	4886990	0	
9.10759	1	4888080	4888080	0	
9.11003	1	4888434	4888434	0	
9.11003	1	4889540	4889540	0	
9.11237	1	4889878	4889878	0	
9.11237	1	4891000	4891000	0	
9.11471	1	4891322	4891322	0	
9.11471	1	4892460	4892460	0	
9.11705	1	4892766	4892766	0	
9.11705	1	4893920	4893920	0	
9.11939	1	4894210	4894210	0	
9.11939	1	4895380	4895380	0	
9.12173	1	4895654	4895654	0	
9.12173	1	4896840	4896840	0	
9.12407	1	4897098	4897098	0	
9.12407	1	4898300	4898300	0	
9.1265	1	4898542	4898542	0	
9.1265	1	4899760	4899760	0	
9.12884	1	4899986	4899986	0	
9.12884	1	4901220	4901220	0	
9.13118	1	4901430	4901430	0	
9.13118	1	4902680	4902680	0	
9.13353	1	4902874	4902874	0	
9.13353	1	4904140	4904140	0	
9.13587	1	4904318	4904318	0	
9.13587	1	4905600	4905600	0	
9.13821	1	4905762	4905762	0	
9.13821	1	4907060	4907060	0	
9.14064	1	4907206	4907206	0	
9.14064	1	4908520	4908520	0	
9.14298	1	4908650	4908650	0	
9.14298	1	4909980	4909980	0	
9.14532	1	4910094	4910094	0	
9.14532	1	4911440	4911440	0	
9.14766	1	4911538	4911538	0	
9.14766	1	4912900	4912900	0	
9.15	1	4912982	4912982	0	
9.15	1	4914360	4914360	0	
9.15233	1	4914426	4914426	0	
9.15233	1	4915820	4915820	0	
9.15476	1	4915870	4915870	0	
9.15476	1	4917280	4917280	0	
9.15728	1	4917314	4917314	0	
9.15728	1	4918740	4918740	0	
9.15971	1	4918758	4918758	0	
9.15971	1	4920200	4920200	0	
9.16213	1	4920202	4920202	0	
9.16456	1	4921654	4921654	0	
9.16456	1	4921660	4921660	0	
9.16698	1	4923099	4923099	0	
9.16698	1	4923120	4923120	0	
9.16941	1	4924544	4924544	0	
9.16941	1	4924580	4924580	0	
9.17193	1	4925989	4925989	0	
9.17193	1	4926040	4926040	0	
9.17435	1	4927434	4927434	0	
9.17435	1	4927500	4927500	0	
9.17678	1	4928878	4928878	0	
9.17678	1	4928960	4928960	0	
9.17921	1	4930322	4930322	0	
9.17921	1	4930420	4930420	0	
9.18164	1	4931766	4931766	0	
9.18164	1	4931880	4931880	0	
9.18416	1	4933210	4933210	0	
9.18416	1	4933340	4933340	0	
9.18658	1	4934654	4934654	0	
9.18658	1	4934800	4934800	0	
9.18901	1	4936098	4936098	0	
9.18901	1	4936260	4936260	0	
9.19143	1	4937542	4937542	0	
9.19143	1	4937720	4937720	0	
9.19386	1	4938986	4938986	0	
9.19386	1	4939180	4939180	0	
9.19628	1	4940430	4940430	0	
9.19628	1	4940640	4940640	0	
9.19871	1	4941874	4941874	0	
9.19871	1	4942100	4942100	0	
9.20123	1	4943318	4943318	0	
9.20123	1	4943560	4943560	0	
9.20366	1	4944762	4944762	0	
9.20366	1	4945020	4945020	0	
9.20608	1	4946206	4946206	0	
9.20608	1	4946480	4946480	0	
9.20851	1	4947650	4947650	0	
9.20851	1	4947940	4947940	0	
9.21094	1	4949094	4949094	0	
9.21094	1	4949400	4949400	0	
9.21336	1	4950538	4950538	0	
9.21336	1	4950860	4950860	0	
9.21588	1	4951982	4951982	0	
9.21588	1	4952320	4952320	0	
9.21831	1	4953426	4953426	0	
9.21831	1	4953780	4953780	0	
9.22073	1	4954870	4954870	0	
9.22073	1	4955240	4955240	0	
9.22316	1	4956314	4956314	0	
9.22316	1	4956700	4956700	0	
9.22559	1	4957758	4957758	0	
9.22559	1	4958160	4958160	0	
9.22801	1	4959202	4959202	0	
9.22801	1	4959620	4959620	0	
9.23044	1	4960646	4960646	0	
9.23044	1	4961080	4961080	0	
9.23296	1	4962090	4962090	0	
9.23296	1	4962540	4962540	0	
9.23538	1	4963534	4963534	0	
9.23538	1	4964000	4964000	0	
9.23781	1	4964978	4964978	0	
9.23781	1	4965460	4965460	0	
9.24023	1	4966422	4966422	0	
9.24023	1	4966920	4966920	0	
9.24266	1	4967866	4967866	0	
9.24266	1	4968380	4968380	0	
9.24509	1	4969310	4969310	0	
9.24509	1	4969840	4969840	0	
9.24761	1	4970754	4970754	0	
9.24761	1	4971300	4971300	0	
9.25004	1	4972198	4972198	0	
9.25004	1	4972760	4972760	0	
9.25246	1	4973642	4973642	0	
9.25246	1	4974220	4974220	0	
9.25485	1	4975086	4975086	0	
9.25485	1	4975680	4975680	0	
9.25723	1	4976530	4976530	0	
9.25723	1	4977140	4977140	0	
9.25961	1	4977974	4977974	0	
9.25961	1	4978600	4978600	0	
9.262	1	4979418	4979418	0	
9.262	1	4980060	4980060	0	
9.26447	1	4980862	4980862	0	
9.26447	1	4981520	4981520	0	
9.26686	1	4982306	4982306	0	
9.26686	1	4982980	4982980	0	
9.26924	1	4983750	4983750	0	
9.26924	1	4984440	4984440	0	
9.27163	1	4985194	4985194	0	
9.27163	1	4985900	4985900	0	
9.27402	1	4986638	4986638	0	
9.27402	1	4987360	4987360	0	
9.27649	1	4988082	4988082	0	
9.27649	1	4988820	4988820	0	
9.27888	1	4989526	4989526	0	
9.27888	1	4990280	4990280	0	
9.28126	1	4990970	4990970	0	
9.28126	1	4991740	4991740	0	
9.28364	1	4992414	4992414	0	
9.28364	1	4993200	4993200	0	
9.28603	1	4993858	4993858	0	
9.28603	1	4994660	4994660	0	
9.28841	1	4995302	4995302	0	
9.28841	1	4996120	4996120	0	
9.2908	1	4996746	4996746	0	
9.2908	1	4997580	4997580	0	
9.29328	1	4998190	4998190	0	
9.29328	1	4999040	4999040	0	
9.29566	1	4999634	4999634	0	
9.29566	1	5000500	5000500	0	
9.29805	1	5001078	5001078	0	
9.29805	1	5001960	5001960	0	
9.30043	1	5002522	5002522	0	
9.30043	1	5003420	5003420	0	
9.30281	1	5003966	5003966	0	
9.30281	1	5004880	5004880	0	
9.3052	1	5005410	5005410	0	
9.3052	1	5006340	5006340	0	
9.30758	1	5006854	5006854	0	
9.30758	1	5007800	5007800	0	
9.31006	1	5008298	5008298	0	
9.31006	1	5009260	5009260	0	
9.31244	1	5009742	5009742	0	
9.31244	1	5010720	5010720	0	
9.31483	1	5011186	5011186	0	
9.31483	1	5012180	5012180	0	
9.31722	1	5012630	5012630	0	
9.31722	1	5013640	5013640	0	
9.3196	1	5014074	5014074	0	
9.3196	1	5015100	5015100	0	
9.32198	1	5015518	5015518	0	
9.32198	1	5016560	5016560	0	
9.32446	1	5016962	5016962	0	
9.32446	1	5018020	5018020	0	
9.32685	1	5018406	5018406	0	
9.32685	1	5019480	5019480	0	
9.32923	1	5019850	5019850	0	
9.32923	1	5020940	5020940	0	
9.33161	1	5021294	5021294	0	
9.33161	1	5022400	5022400	0	
9.334	1	5022738	5022738	0	
9.334	1	5023860	5023860	0	
9.33638	1	5024182	5024182	0	
9.33638	1	5025320	5025320	0	
9.33876	1	5025626	5025626	0	
9.33876	1	5026780	5026780	0	
9.34125	1	5027070	5027070	0	
9.34125	1	5028240	5028240	0	
9.34363	1	5028514	5028514	0	
9.34363	1	5029700	5029700	0	
9.34602	1	5029958	5029958	0	
9.34602	1	5031160	5031160	0	
9.3484	1	5031402	5031402	0	
9.3484	1	5032620	5032620	0	
9.35078	1	5032846	5032846	0	
9.35078	1	5034080	5034080	0	
9.35295	1	5034290	5034290	0	
9.35295	1	5035540	5035540	0	
9.3552	1	5035734	5035734	0	
9.3552	1	5037000	5037000	0	
9.35737	1	5037178	5037178	0	
9.35737	1	5038460	5038460	0	
9.35954	1	5038622	5038622	0	
9.35954	1	5039920	5039920	0	
9.36171	1	5040066	5040066	0	
9.36171	1	5041380	5041380	0	
9.36388	1	5041510	5041510	0	
9.36388	1	5042840	5042840	0	
9.36605	1	5042954	5042954	0	
9.36605	1	5044300	5044300	0	
9.36822	1	5044398	5044398	0	
9.36822	1	5045760	5045760	0	
9.37047	1	5045842	5045842	0	
9.37047	1	5047220	5047220	0	
9.37264	1	5047286	5047286	0	
9.37264	1	5048680	5048680	0	
9.37481	1	5048730	5048730	0	
9.37481	1	5050140	5050140	0	
9.37697	1	5050174	5050174	0	
9.37697	1	5051600	5051600	0	
9.37914	1	5051618	5051618	0	
9.37914	1	5053060	5053060	0	
9.3814	1	5053062	5053062	0	
9.38357	1	5054514	5054514	0	
9.38357	1	5054520	5054520	0	
9.38573	1	5055959	5055959	0	
9.38573	1	5055980	5055980	0	
9.3879	1	5057404	5057404	0	
9.3879	1	5057440	5057440	0	
9.39007	1	5058849	5058849	0	
9.39007	1	5058900	5058900	0	
9.39224	1	5060294	5060294	0	
9.39224	1	5060360	5060360	0	
9.39449	1	5061738	5061738	0	
9.39449	1	5061820	5061820	0	
9.39666	1	5063182	5063182	0	
9.39666	1	5063280	5063280	0	
9.39883	1	5064626	5064626	0	
9.39883	1	5064740	5064740	0	
9.401	1	5066070	5066070	0	
9.401	1	5066200	5066200	0	
9.40317	1	5067514	5067514	0	
9.40317	1	5067660	5067660	0	
9.40534	1	5068958	5068958	0	
9.40534	1	5069120	5069120	0	
9.40751	1	5070402	5070402	0	
9.40751	1	5070580	5070580	0	
9.40976	1	5071846	5071846	0	
9.40976	1	5072040	5072040	0	
9.41193	1	5073290	5073290	0	
9.41193	1	5073500	5073500	0	
9.4141	1	5074734	5074734	0	
9.4141	1	5074960	5074960	0	
9.41626	1	5076178	5076178	0	
9.41626	1	5076420	5076420	0	
9.41843	1	5077622	5077622	0	
9.41843	1	5077880	5077880	0	
9.4206	1	5079066	5079066	0	
9.4206	1	5079340	5079340	0	
9.42286	1	5080510	5080510	0	
9.42286	1	5080800	5080800	0	
9.42503	1	5081954	5081954	0	
9.42503	1	5082260	5082260	0	
9.4272	1	5083398	5083398	0	
9.4272	1	5083720	5083720	0	
9.42937	1	5084842	5084842	0	
9.42937	1	5085180	5085180	0	
9.43153	1	5086286	5086286	0	
9.43153	1	5086640	5086640	0	
9.4337	1	5087730	5087730	0	
9.4337	1	5088100	5088100	0	
9.43587	1	5089174	5089174	0	
9.43587	1	5089560	5089560	0	
9.43812	1	5090618	5090618	0	
9.43812	1	5091020	5091020	0	
9.44029	1	5092062	5092062	0	
9.44029	1	5092480	5092480	0	
9.44246	1	5093506	5093506	0	
9.44246	1	5093940	5093940	0	
9.44463	1	5094950	5094950	0	
9.44463	1	5095400	5095400	0	
9.4468	1	5096394	5096394	0	
9.4468	1	5096860	5096860	0	
9.44897	1	5097838	5097838	0	
9.44897	1	5098320	5098320	0	
9.45122	1	5099282	5099282	0	
9.45122	1	5099780	5099780	0	
9.45363	1	5100726	5100726	0	
9.45363	1	5101240	5101240	0	
9.45604	1	5102170	5102170	0	
9.45604	1	5102700	5102700	0	
9.45845	1	5103614	5103614	0	
9.45845	1	5104160	5104160	0	
9.46086	1	5105058	5105058	0	
9.46086	1	5105620	5105620	0	
9.46337	1	5106502	5106502	0	
9.46337	1	5107080	5107080	0	
9.46578	1	5107946	5107946	0	
9.46578	1	5108540	5108540	0	
9.46819	1	5109390	5109390	0	
9.46819	1	5110000	5110000	0	
9.4706	1	5110834	5110834	0	
9.4706	1	5111460	5111460	0	
9.47301	1	5112278	5112278	0	
9.47301	1	5112920	5112920	0	
9.47542	1	5113722	5113722	0	
9.47542	1	5114380	5114380	0	
9.47783	1	5115166	5115166	0	
9.47783	1	5115840	5115840	0	
9.48024	1	5116610	5116610	0	
9.48024	1	5117300	5117300	0	
9.48274	1	5118054	5118054	0	
9.48274	1	5118760	5118760	0	
9.48515	1	5119498	5119498	0	
9.48515	1	5120220	5120220	0	
9.48756	1	5120942	5120942	0	
9.48756	1	5121680	5121680	0	
9.48998	1	5122386	5122386	0	
9.48998	1	5123140	5123140	0	
9.49239	1	5123830	5123830	0	
9.49239	1	5124600	5124600	0	
9.4949	1	5125274	5125274	0	
9.4949	1	5126060	5126060	0	
9.49731	1	5126718	5126718	0	
9.49731	1	5127520	5127520	0	
9.49971	1	5128162	5128162	0	
9.49971	1	5128980	5128980	0	
9.50212	1	5129606	5129606	0	
9.50212	1	5130440	5130440	0	
9.50453	1	5131050	5131050	0	
9.50453	1	5131900	5131900	0	
9.50694	1	5132494	5132494	0	
9.50694	1	5133360	5133360	0	
9.50935	1	5133938	5133938	0	
9.50935	1	5134820	5134820	0	
9.51176	1	5135382	5135382	0	
9.51176	1	5136280	5136280	0	
9.51428	1	5136826	5136826	0	
9.51428	1	5137740	5137740	0	
9.51668	1	5138270	5138270	0	
9.51668	1	5139200	5139200	0	
9.51909	1	5139714	5139714	0	
9.51909	1	5140660	5140660	0	
9.5215	1	5141158	5141158	0	
9.5215	1	5142120	5142120	0	
9.52391	1	5142602	5142602	0	
9.52391	1	5143580	5143580	0	
9.52642	1	5144046	5144046	0	
9.52642	1	5145040	5145040	0	
9.52883	1	5145490	5145490	0	
9.52883	1	5146500	5146500	0	
9.53124	1	5146934	5146934	0	
9.53124	1	5147960	5147960	0	
9.53365	1	5148378	5148378	0	
9.53365	1	5149420	5149420	0	
9.53606	1	5149822	5149822	0	
9.53606	1	5150880	5150880	0	
9.53847	1	5151266	5151266	0	
9.53847	1	5152340	5152340	0	
9.54088	1	5152710	5152710	0	
9.54088	1	5153800	5153800	0	
9.54329	1	5154154	5154154	0	
9.54329	1	5155260	5155260	0	
9.5458	1	5155598	5155598	0	
9.5458	1	5156720	5156720	0	
9.54821	1	5157042	5157042	0	
9.54821	1	5158180	5158180	0	
9.55062	1	5158486	5158486	0	
9.55062	1	5159640	5159640	0	
9.55271	1	5159930	5159930	0	
9.55271	1	5161100	5161100	0	
9.5548	1	5161374	5161374	0	
9.5548	1	5162560	5162560	0	
9.55698	1	5162818	5162818	0	
9.55698	1	5164020	5164020	0	
9.55908	1	5164262	5164262	0	
9.55908	1	5165480	5165480	0	
9.56117	1	5165706	5165706	0	
9.56117	1	5166940	5166940	0	
9.56326	1	5167150	5167150	0	
9.56326	1	5168400	5168400	0	
9.56536	1	5168594	5168594	0	
9.56536	1	5169860	5169860	0	
9.56753	1	5170038	5170038	0	
9.56753	1	5171320	5171320	0	
9.56962	1	5171482	5171482	0	
9.56962	1	5172780	5172780	0	
9.57172	1	5172926	5172926	0	
9.57172	1	5174240	5174240	0	
9.57381	1	5174370	5174370	0	
9.57381	1	5175700	5175700	0	
9.5759	1	5175814	5175814	0	
9.5759	1	5177160	5177160	0	
9.578	1	5177258	5177258	0	
9.578	1	5178620	5178620	0	
9.58009	1	5178702	5178702	0	
9.58009	1	5180080	5180080	0	
9.58219	1	5180146	5180146	0	
9.58219	1	5181540	5181540	0	
9.58436	1	5181590	5181590	0	
9.58436	1	5183000	5183000	0	
9.58645	1	5183034	5183034	0	
9.58645	1	5184460	5184460	0	
9.58854	1	5184478	5184478	0	
9.58854	1	5185920	5185920	0	
9.59063	1	5185922	5185922	0	
9.59273	1	5187374	5187374	0	
9.59273	1	5187380	5187380	0	
9.5949	1	5188819	5188819	0	
9.5949	1	5188840	5188840	0	
9.597	1	5190264	5190264	0	
9.597	1	5190300	5190300	0	
9.59909	1	5191709	5191709	0	
9.59909	1	5191760	5191760	0	
9.60119	1	5193154	5193154	0	
9.60119	1	5193220	5193220	0	
9.60328	1	5194598	5194598	0	
9.60328	1	5194680	5194680	0	
9.60537	1	5196042	5196042	0	
9.60537	1	5196140	5196140	0	
9.60747	1	5197486	5197486	0	
9.60747	1	5197600	5197600	0	
9.60956	1	5198930	5198930	0	
9.60956	1	5199060	5199060	0	
9.61173	1	5200374	5200374	0	
9.61173	1	5200520	5200520	0	
9.61383	1	5201818	5201818	0	
9.61383	1	5201980	5201980	0	
9.61592	1	5203262	5203262	0	
9.61592	1	5203440	5203440	0	
9.61802	1	5204706	5204706	0	
9.61802	1	5204900	5204900	0	
9.62011	1	5206150	5206150	0	
9.62011	1	5206360	5206360	0	
9.62229	1	5207594	5207594	0	
9.62229	1	5207820	5207820	0	
9.62438	1	5209038	5209038	0	
9.62438	1	5209280	5209280	0	
9.62647	1	5210482	5210482	0	
9.62647	1	5210740	5210740	0	
9.62856	1	5211926	5211926	0	
9.62856	1	5212200	5212200	0	
9.63066	1	5213370	5213370	0	
9.63066	1	5213660	5213660	0	
9.63275	1	5214814	5214814	0	
9.63275	1	5215120	5215120	0	
9.63484	1	5216258	5216258	0	
9.63484	1	5216580	5216580	0	
9.63694	1	5217702	5217702	0	
9.63694	1	5218040	5218040	0	
9.63912	1	5219146	5219146	0	
9.63912	1	5219500	5219500	0	
9.64121	1	5220590	5220590	0	
9.64121	1	5220960	5220960	0	
9.6433	1	5222034	5222034	0	
9.6433	1	5222420	5222420	0	
9.6454	1	5223478	5223478	0	
9.6454	1	5223880	5223880	0	
9.64749	1	5224922	5224922	0	
9.64749	1	5225340	5225340	0	
9.64966	1	5226366	5226366	0	
9.64966	1	5226800	5226800	0	
9.65176	1	5227810	5227810	0	
9.65176	1	5228260	5228260	0	
9.65399	1	5229254	5229254	0	
9.65399	1	5229720	5229720	0	
9.65623	1	5230698	5230698	0	
9.65623	1	5231180	5231180	0	
9.65848	1	5232142	5232142	0	
9.65848	1	5232640	5232640	0	
9.6608	1	5233586	5233586	0	
9.6608	1	5234100	5234100	0	
9.66304	1	5235030	5235030	0	
9.66304	1	5235560	5235560	0	
9.66528	1	5236474	5236474	0	
9.66528	1	5237020	5237020	0	
9.66752	1	5237918	5237918	0	
9.66752	1	5238480	5238480	0	
9.66976	1	5239362	5239362	0	
9.66976	1	5239940	5239940	0	
9.672	1	5240806	5240806	0	
9.672	1	5241400	5241400	0	
9.6731	1	5242250	5242250	0	
9.6731	1	5242860	5242860	0	
RESULT_ONE_PATH,0,10,5242880,8.669757507,8.673099572,5242880
DIAG_ONE_PATH,0.158581243,8.261997871,8.295663571
