elapsed_s,rx_app,packet_bytes
0.163581243,1456,1456
0.165872169,1460,4
0.165872169,2905,1445
0.169915245,2920,15
0.169915245,4354,1434
0.179915245,4380,26
0.179915245,5803,1423
0.277279882,5840,37
0.277279882,7252,1412
0.279359514,7300,48
0.279359514,8701,1401
0.281439146,8760,59
0.281439146,10150,1390
0.283518778,10220,70
0.283518778,11598,1378
0.285598410,11680,82
0.285598410,13046,1366
0.287678042,13140,94
0.287678042,14494,1354
0.297281512,14600,106
0.297281512,15942,1342
0.299361544,16060,118
0.299361544,17390,1330
0.388856799,17520,130
0.388856799,18834,1314
0.390993396,18980,146
0.390993396,20278,1298
0.393129993,20440,162
0.393129993,21722,1282
0.395266590,21900,178
0.395266590,23166,1266
0.397403187,23360,194
0.397403187,24610,1250
0.399539784,24820,210
0.399539784,26054,1234
0.401676221,26280,226
0.401676221,27498,1218
0.403810046,27740,242
0.403810046,28942,1202
0.405943871,29200,258
0.405943871,30386,1186
0.408078096,30660,274
0.408078096,31830,1170
0.410218449,32120,290
0.410218449,33274,1154
0.412352274,33580,306
0.412352274,34718,1138
0.414565078,35040,322
0.414565078,36162,1122
0.416698903,36500,338
0.416698903,37606,1106
0.418832728,37960,354
0.418832728,39050,1090
0.420966553,39420,370
0.420966553,40494,1074
0.498847035,40880,386
0.498847035,41938,1058
0.501283022,42340,402
0.501283022,43382,1042
0.503726107,43800,418
0.503726107,44826,1026
0.506161694,45260,434
0.506161694,46270,1010
0.508597281,46720,450
0.508597281,47714,994
0.511032868,48180,466
0.511032868,49158,978
0.513468295,49640,482
0.513468295,50602,962
0.515900723,51100,498
0.515900723,52046,946
0.518333151,52560,514
0.518333151,53490,930
0.520765579,54020,530
0.520765579,54934,914
0.523198007,55480,546
0.523198007,56378,898
0.525630435,56940,562
0.525630435,57822,882
0.528063263,58400,578
0.528063263,59266,866
0.530503189,59860,594
0.530503189,60710,850
0.532935617,61320,610
0.532935617,62154,834
0.535368045,62780,626
0.535368045,63598,818
0.537800473,64240,642
0.537800473,65042,802
0.540232901,65700,658
0.540232901,66486,786
0.542755360,67160,674
0.542755360,67930,770
0.545187788,68620,690
0.545187788,69374,754
0.547620216,70080,706
0.547620216,70818,738
0.550052644,71540,722
0.550052644,72262,722
0.552485472,73000,738
0.552485472,73706,706
0.554800792,74460,754
0.554800792,75150,690
0.557109018,75920,770
0.557109018,76594,674
0.559417244,77380,786
0.559417244,78038,658
0.561725470,78840,802
0.561725470,79482,642
0.564033696,80300,818
0.564033696,80926,626
0.566427356,81760,834
0.566427356,82370,610
0.568735582,83220,850
0.568735582,83814,594
0.571043808,84680,866
0.571043808,85258,578
0.573352034,86140,882
0.573352034,86702,562
0.610313697,87600,898
0.610313697,88146,546
0.612621923,89060,914
0.612621923,89590,530
0.614930149,90520,930
0.614930149,91034,514
0.617238375,91980,946
0.617238375,92478,498
0.619546601,93440,962
0.619546601,93922,482
0.621854827,94900,978
0.621854827,95366,466
0.624248487,96360,994
0.624248487,96810,450
0.626556713,97820,1010
0.626556713,98254,434
0.628864939,99280,1026
0.628864939,99698,418
0.631173565,100740,1042
0.631173565,101142,402
0.633488885,102200,1058
0.633488885,102586,386
0.635797111,103660,1074
0.635797111,104030,370
0.638105337,105120,1090
0.638105337,105474,354
0.640413563,106580,1106
0.640413563,106918,338
0.642721789,108040,1122
0.642721789,108362,322
0.645030015,109500,1138
0.645030015,109806,306
0.647338241,110960,1154
0.647338241,111250,290
0.649646467,112420,1170
0.649646467,112694,274
0.652040127,113880,1186
0.652040127,114138,258
0.656291988,115340,1202
0.656291988,115582,242
0.658626173,116800,1218
0.658626173,117026,226
0.660896622,118260,1234
0.660896622,118470,210
0.663167071,119720,1250
0.663167071,119914,194
0.665437520,121180,1266
0.665437520,121358,178
0.667707969,122640,1282
0.667707969,122802,162
0.669978418,124100,1298
0.669978418,124246,146
0.672248867,125560,1314
0.672248867,125690,130
0.674519316,127020,1330
0.674519316,127134,114
0.676789765,128480,1346
0.676789765,128578,98
0.679060214,129940,1362
0.679060214,130022,82
0.681422070,131400,1378
0.681422070,131466,66
0.683692439,132860,1394
0.683692439,132910,50
0.685961413,134320,1410
0.685961413,134354,34
0.688230387,135780,1426
0.688230387,135798,18
0.690499361,137240,1442
0.690499361,137242,2
0.692768415,138694,1452
0.695038864,138700,6
0.695038864,140139,1439
0.697309313,140160,21
0.697309313,141584,1424
0.699579762,141620,36
0.699579762,143029,1409
0.701850211,143080,51
0.701850211,144474,1394
0.704121060,144540,66
0.704121060,145918,1378
0.706398480,146000,82
0.706398480,147362,1362
0.708668929,147460,98
0.708668929,148806,1346
0.710939378,148920,114
0.710939378,150250,1330
0.713209827,150380,130
0.713209827,151694,1314
0.715480276,151840,146
0.715480276,153138,1298
0.717834761,153300,162
0.717834761,154582,1282
0.720105210,154760,178
0.720105210,156026,1266
0.722375659,156220,194
0.722375659,157470,1250
0.724646108,157680,210
0.724646108,158914,1234
0.726916957,159140,226
0.726916957,160358,1218
0.729194377,160600,242
0.729194377,161802,1202
0.731464826,162060,258
0.731464826,163246,1186
0.733735275,163520,274
0.733735275,164690,1170
0.736005724,164980,290
0.736005724,166134,1154
0.738276173,166440,306
0.738276173,167578,1138
0.740630658,167900,322
0.740630658,169022,1122
0.742901107,169360,338
0.742901107,170466,1106
0.745171556,170820,354
0.745171556,171910,1090
0.747442005,172280,370
0.747442005,173354,1074
0.749712854,173740,386
0.749712854,174798,1058
0.751990274,175200,402
0.751990274,176242,1042
0.754257683,176660,418
0.754257683,177686,1026
0.754724192,178120,434
0.754724192,179130,1010
0.757279001,179580,450
0.757279001,180574,994
0.759745670,181040,466
0.759745670,182018,978
0.762212339,182500,482
0.762212339,183462,962
0.764679008,183960,498
0.764679008,184906,946
0.767145677,185420,514
0.767145677,186350,930
0.769612346,186880,530
0.769612346,187794,914
0.772179633,188340,546
0.772179633,189238,898
0.774643102,189800,562
0.774643102,190682,882
0.777106571,191260,578
0.777106571,192126,866
0.779570040,192720,594
0.779570040,193570,850
0.782033509,194180,610
0.782033509,195014,834
0.784496978,195640,626
0.784496978,196458,818
0.786960447,197100,642
0.786960447,197902,802
0.789423916,198560,658
0.789423916,199346,786
0.791887385,200020,674
0.791887385,200790,770
0.794350854,201480,690
0.794350854,202234,754
0.796913501,202940,706
0.796913501,203678,738
0.799376970,204400,722
0.799376970,205122,722
0.801840439,205860,738
0.801840439,206566,706
0.804303908,207320,754
0.804303908,208010,690
0.806767377,208780,770
0.806767377,209454,674
0.809230846,210240,786
0.809230846,210898,658
0.811694315,211700,802
0.811694315,212342,642
0.814157784,213160,818
0.814157784,213786,626
0.816621253,214620,834
0.816621253,215230,610
0.819084722,216080,850
0.819084722,216674,594
0.821548591,217540,866
0.821548591,218118,578
0.824019659,219000,882
0.824019659,219562,562
0.826574308,220460,898
0.826574308,221006,546
0.829037777,221920,914
0.829037777,222450,530
0.831501246,223380,930
0.831501246,223894,514
0.833964715,224840,946
0.833964715,225338,498
0.836428184,226300,962
0.836428184,226782,482
0.838891653,227760,978
0.838891653,228226,466
0.841355122,229220,994
0.841355122,229670,450
0.843818591,230680,1010
0.843818591,231114,434
0.846282460,232140,1026
0.846282460,232558,418
0.848753528,233600,1042
0.848753528,234002,402
0.851216997,235060,1058
0.851216997,235446,386
0.853677426,236520,1074
0.853677426,236890,370
0.854118786,237980,1090
0.854118786,238334,354
0.856557106,239440,1106
0.856557106,239778,338
0.858995426,240900,1122
0.858995426,241222,322
0.861433746,242360,1138
0.861433746,242666,306
0.863962315,243820,1154
0.863962315,244110,290
0.866400635,245280,1170
0.866400635,245554,274
0.868839355,246740,1186
0.868839355,246998,258
0.871285191,248200,1202
0.871285191,248442,242
0.873723511,249660,1218
0.873723511,249886,226
0.876161831,251120,1234
0.876161831,251330,210
0.878600151,252580,1250
0.878600151,252774,194
0.881038471,254040,1266
0.881038471,254218,178
0.883476791,255500,1282
0.883476791,255662,162
0.885915111,256960,1298
0.885915111,257106,146
0.888353431,258420,1314
0.888353431,258550,130
0.890791751,259880,1330
0.890791751,259994,114
0.893320720,261340,1346
0.893320720,261438,98
0.895766556,262800,1362
0.895766556,262882,82
0.898204876,264260,1378
0.898204876,264326,66
0.900643116,265720,1394
0.900643116,265770,50
0.903079853,267180,1410
0.903079853,267214,34
0.905516590,268640,1426
0.905516590,268658,18
0.907953327,270100,1442
0.907953327,270102,2
0.910390144,271554,1452
0.912945756,271560,6
0.912945756,272999,1439
0.915323910,273020,21
0.915323910,274444,1424
0.922722758,274480,36
0.922722758,275889,1409
0.927130724,275940,51
0.927130724,277334,1394
0.929508878,277400,66
0.929508878,278778,1378
0.931887032,278860,82
0.931887032,280222,1362
0.934265186,280320,98
0.934265186,281666,1346
0.936643340,281780,114
0.936643340,283110,1330
0.939111743,283240,130
0.939111743,284554,1314
0.941489897,284700,146
0.941489897,285998,1298
0.943868051,286160,162
0.943868051,287442,1282
0.946246205,287620,178
0.946246205,288886,1266
0.948624359,289080,194
0.948624359,290330,1250
0.951002513,290540,210
0.951002513,291774,1234
0.957240669,292000,226
0.957240669,293218,1218
0.959478825,293460,242
0.959478825,294662,1202
0.961716981,294920,258
0.961716981,296106,1186
0.963955137,296380,274
0.963955137,297550,1170
0.966193293,297840,290
0.966193293,298994,1154
0.968431449,299300,306
0.968431449,300438,1138
0.970754541,300760,322
0.970754541,301882,1122
0.972992697,302220,338
0.972992697,303326,1106
0.975230853,303680,354
0.975230853,304770,1090
0.977469009,305140,370
0.977469009,306214,1074
0.979707165,306600,386
0.979707165,307658,1058
0.981945321,308060,402
0.981945321,309102,1042
0.984183477,309520,418
0.984183477,310546,1026
0.986421633,310980,434
0.986421633,311990,1010
0.988659789,312440,450
0.988659789,313434,994
0.990897945,313900,466
0.990897945,314878,978
0.993221037,315360,482
0.993221037,316322,962
0.995459193,316820,498
0.995459193,317766,946
0.997697349,318280,514
0.997697349,319210,930
0.999935505,319740,530
0.999935505,320654,914
1.002173661,321200,546
1.002173661,322098,898
1.004411817,322660,562
1.004411817,323542,882
1.006649973,324120,578
1.006649973,324986,866
1.008888129,325580,594
1.008888129,326430,850
1.011126285,327040,610
1.011126285,327874,834
1.013364441,328500,626
1.013364441,329318,818
1.015602597,329960,642
1.015602597,330762,802
1.017840753,331420,658
1.017840753,332206,786
1.020078909,332880,674
1.020078909,333650,770
1.022317065,334340,690
1.022317065,335094,754
1.024555221,335800,706
1.024555221,336538,738
1.026793377,337260,722
1.026793377,337982,722
1.029031533,338720,738
1.029031533,339426,706
1.031269689,340180,754
1.031269689,340870,690
1.033597252,341640,770
1.033597252,342314,674
1.035835408,343100,786
1.035835408,343758,658
1.038073564,344560,802
1.038073564,345202,642
1.040311720,346020,818
1.040311720,346646,626
1.042549876,347480,834
1.042549876,348090,610
1.044788032,348940,850
1.044788032,349534,594
1.047026188,350400,866
1.047026188,350978,578
1.049264344,351860,882
1.049264344,352422,562
1.051502500,353320,898
1.051502500,353866,546
1.053740656,354780,914
1.053740656,355310,530
1.056068219,356240,930
1.056068219,356754,514
1.058471135,357700,946
1.058471135,358198,498
1.060874051,359160,962
1.060874051,359642,482
1.063276967,360620,978
1.063276967,361086,466
1.065679883,362080,994
1.065679883,362530,450
1.068082799,363540,1010
1.068082799,363974,434
1.070485715,365000,1026
1.070485715,365418,418
1.072888631,366460,1042
1.072888631,366862,402
1.075291547,367920,1058
1.075291547,368306,386
1.078096014,369380,1074
1.078096014,369750,370
1.080498930,370840,1090
1.080498930,371194,354
1.082901846,372300,1106
1.082901846,372638,338
1.085304762,373760,1122
1.085304762,374082,322
1.087707678,375220,1138
1.087707678,375526,306
1.090110594,376680,1154
1.090110594,376970,290
1.092513510,378140,1170
1.092513510,378414,274
1.095012414,379600,1186
1.095012414,379858,258
1.097415330,381060,1202
1.097415330,381302,242
1.099818246,382520,1218
1.099818246,382746,226
1.102221162,383980,1234
1.102221162,384190,210
1.104624078,385440,1250
1.104624078,385634,194
1.107026994,386900,1266
1.107026994,387078,178
1.109429910,388360,1282
1.109429910,388522,162
1.111832826,389820,1298
1.111832826,389966,146
1.114235742,391280,1314
1.114235742,391410,130
1.116638658,392740,1330
1.116638658,392854,114
1.119137562,394200,1346
1.119137562,394298,98
1.121540478,395660,1362
1.121540478,395742,82
1.123943394,397120,1378
1.123943394,397186,66
1.126346310,398580,1394
1.126346310,398630,50
1.128749226,400040,1410
1.128749226,400074,34
1.131152142,401500,1426
1.131152142,401518,18
1.133555058,402960,1442
1.133555058,402962,2
1.739212980,532934,129972
1.742050803,534360,1426
1.742050803,534378,18
1.742050803,535820,1442
1.742050803,535822,2
1.742050803,652798,116976
1.811919042,654080,1282
1.811919042,699018,44938
1.877062367,699340,322
1.877062367,726454,27114
1.920407378,727080,626
1.920407378,749558,22478
1.948001721,750440,882
1.948001721,774106,23666
1.983729747,775260,1154
1.983729747,797210,21950
2.012773846,798620,1410
2.012773846,814550,15930
2.046355069,814680,130
2.046355069,938744,124064
2.093045037,938780,36
2.093045037,940189,1409
2.093045037,940240,51
2.093045037,943078,2838
2.093045037,943160,82
2.093045037,944522,1362
2.101480320,944620,98
2.101480320,961850,17230
2.124823589,962140,290
2.124823589,979178,17038
2.150368464,979660,482
2.150368464,1000838,21178
2.190697249,1001560,722
2.190697249,1091822,90262
2.193178237,1092080,258
2.193178237,1093266,1186
2.195652749,1093540,274
2.195652749,1094710,1170
2.198119668,1095000,290
2.198119668,1096154,1154
2.200682513,1096460,306
2.200682513,1097598,1138
2.203149432,1097920,322
2.203149432,1099042,1122
2.205616351,1099380,338
2.205616351,1100486,1106
2.208179196,1100840,354
2.208179196,1101930,1090
2.210646115,1102300,370
2.210646115,1103374,1074
2.213113034,1103760,386
2.213113034,1104818,1058
2.215580353,1105220,402
2.215580353,1106262,1042
2.218150791,1106680,418
2.218150791,1107706,1026
2.220617710,1108140,434
2.220617710,1109150,1010
2.223084629,1109600,450
2.223084629,1110594,994
2.225551548,1111060,466
2.225551548,1112038,978
2.228018467,1112520,482
2.228018467,1113482,962
2.230485386,1113980,498
2.230485386,1114926,946
2.232952305,1115440,514
2.232952305,1116370,930
2.235419224,1116900,530
2.235419224,1117814,914
2.237982469,1118360,546
2.237982469,1119258,898
2.240456981,1119820,562
2.240456981,1120702,882
2.242923900,1121280,578
2.242923900,1122146,866
2.245390819,1122740,594
2.245390819,1123590,850
2.247857738,1124200,610
2.247857738,1125034,834
2.250420583,1125660,626
2.250420583,1126478,818
2.252887502,1127120,642
2.252887502,1127922,802
2.255273220,1128580,658
2.255273220,1129366,786
2.257658938,1130040,674
2.257658938,1130810,770
2.260044656,1131500,690
2.260044656,1132254,754
2.262430774,1132960,706
2.262430774,1133698,738
2.264823823,1134420,722
2.264823823,1135142,722
2.267209541,1135880,738
2.267209541,1136586,706
2.269595259,1137340,754
2.269595259,1138030,690
2.271980977,1138800,770
2.271980977,1139474,674
2.274459464,1140260,786
2.274459464,1140918,658
2.276845182,1141720,802
2.276845182,1142362,642
2.279230900,1143180,818
2.279230900,1143806,626
2.281616618,1144640,834
2.281616618,1145250,610
2.284002336,1146100,850
2.284002336,1146694,594
2.286388454,1147560,866
2.286388454,1148138,578
2.288781503,1149020,882
2.288781503,1149582,562
2.291167221,1150480,898
2.291167221,1151026,546
2.293552939,1151940,914
2.293552939,1152470,530
2.296031426,1153400,930
2.296031426,1153914,514
2.298417144,1154860,946
2.298417144,1155358,498
2.300802862,1156320,962
2.300802862,1156802,482
2.303188580,1157780,978
2.303188580,1158246,466
2.305574298,1159240,994
2.305574298,1159690,450
2.308053185,1160700,1010
2.308053185,1161134,434
2.310446234,1162160,1026
2.310446234,1162578,418
2.312831952,1163620,1042
2.312831952,1164022,402
2.315217670,1165080,1058
2.315217670,1165466,386
2.317603388,1166540,1074
2.317603388,1166910,370
2.320081875,1168000,1090
2.320081875,1168354,354
2.322467593,1169460,1106
2.322467593,1169798,338
2.324853311,1170920,1122
2.324853311,1171242,322
2.327239029,1172380,1138
2.327239029,1172686,306
2.329624747,1173840,1154
2.329624747,1174130,290
2.332010865,1175300,1170
2.332010865,1175574,274
2.334403914,1176760,1186
2.334403914,1177018,258
2.336789632,1178220,1202
2.336789632,1178462,242
2.339268119,1179680,1218
2.339268119,1179906,226
2.341653837,1181140,1234
2.341653837,1181350,210
2.344039555,1182600,1250
2.344039555,1182794,194
2.346425273,1184060,1266
2.346425273,1184238,178
2.348810991,1185520,1282
2.348810991,1185682,162
2.351196709,1186980,1298
2.351196709,1187126,146
2.354522028,1188440,1314
2.354522028,1188570,130
2.356831896,1189900,1330
2.356831896,1190014,114
2.359175308,1191360,1346
2.359175308,1191458,98
2.361424377,1192820,1362
2.361424377,1192902,82
2.363673446,1194280,1378
2.363673446,1194346,66
2.366009890,1195740,1394
2.366009890,1195790,50
2.368257501,1197200,1410
2.368257501,1197234,34
2.370505112,1198660,1426
2.370505112,1198678,18
2.372752723,1200120,1442
2.372752723,1200122,2
2.375000414,1201574,1452
2.377249883,1201580,6
2.377249883,1203019,1439
2.379505840,1203040,21
2.379505840,1204464,1424
2.381842364,1204500,36
2.381842364,1205909,1409
2.384091433,1205960,51
2.384091433,1207354,1394
2.386340502,1207420,66
2.386340502,1208798,1378
2.388589571,1208880,82
2.388589571,1210242,1362
2.390838640,1210340,98
2.390838640,1211686,1346
2.393175164,1211800,114
2.393175164,1213130,1330
2.395424233,1213260,130
2.395424233,1214574,1314
2.397673702,1214720,146
2.397673702,1216018,1298
2.399929659,1216180,162
2.399929659,1217462,1282
2.402178728,1217640,178
2.402178728,1218906,1266
2.404427797,1219100,194
2.404427797,1220350,1250
2.406676866,1220560,210
2.406676866,1221794,1234
2.408925935,1222020,226
2.408925935,1223238,1218
2.411262459,1223480,242
2.411262459,1224682,1202
2.413511528,1224940,258
2.413511528,1226126,1186
2.415760597,1226400,274
2.415760597,1227570,1170
2.418009666,1227860,290
2.418009666,1229014,1154
2.420259135,1229320,306
2.420259135,1230458,1138
2.422602547,1230780,322
2.422602547,1231902,1122
2.424851616,1232240,338
2.424851616,1233346,1106
2.427100685,1233700,354
2.427100685,1234790,1090
2.429349754,1235160,370
2.429349754,1236234,1074
2.431598823,1236620,386
2.431598823,1237678,1058
2.433847892,1238080,402
2.433847892,1239122,1042
2.436184416,1239540,418
2.436184416,1240566,1026
2.438433485,1241000,434
2.438433485,1242010,1010
2.440682954,1242460,450
2.440682954,1243454,994
2.442938911,1243920,466
2.442938911,1244898,978
2.445187980,1245380,482
2.445187980,1246342,962
2.447437049,1246840,498
2.447437049,1247786,946
2.449686118,1248300,514
2.449686118,1249230,930
2.451935187,1249760,530
2.451935187,1250674,914
2.454268431,1251220,546
2.454268431,1252118,898
2.454702494,1252680,562
2.454702494,1253562,882
2.457133277,1254140,578
2.457133277,1255006,866
2.459564060,1255600,594
2.459564060,1256450,850
2.461995243,1257060,610
2.461995243,1257894,834
2.464528024,1258520,626
2.464528024,1259338,818
2.466958807,1259980,642
2.466958807,1260782,802
2.469389590,1261440,658
2.469389590,1262226,786
2.471820373,1262900,674
2.471820373,1263670,770
2.474251156,1264360,690
2.474251156,1265114,754
2.476681939,1265820,706
2.476681939,1266558,738
2.479112722,1267280,722
2.479112722,1268002,722
2.481543505,1268740,738
2.481543505,1269446,706
2.484069209,1270200,754
2.484069209,1270890,690
2.486507469,1271660,770
2.486507469,1272334,674
2.488938252,1273120,786
2.488938252,1273778,658
2.491369035,1274580,802
2.491369035,1275222,642
2.493799818,1276040,818
2.493799818,1276666,626
2.496325122,1277500,834
2.496325122,1278110,610
2.498755905,1278960,850
2.498755905,1279554,594
2.501186688,1280420,866
2.501186688,1280998,578
2.503617471,1281880,882
2.503617471,1282442,562
2.506048254,1283340,898
2.506048254,1283886,546
2.508581435,1284800,914
2.508581435,1285330,530
2.511012218,1286260,930
2.511012218,1286774,514
2.513443001,1287720,946
2.513443001,1288218,498
2.515873784,1289180,962
2.515873784,1289662,482
2.518304567,1290640,978
2.518304567,1291106,466
2.520735350,1292100,994
2.520735350,1292550,450
2.523166133,1293560,1010
2.523166133,1293994,434
2.525596916,1295020,1026
2.525596916,1295438,418
2.528122220,1296480,1042
2.528122220,1296882,402
2.530553403,1297940,1058
2.530553403,1298326,386
2.532991663,1299400,1074
2.532991663,1299770,370
2.535422446,1300860,1090
2.535422446,1301214,354
2.537853229,1302320,1106
2.537853229,1302658,338
2.540378533,1303780,1122
2.540378533,1304102,322
2.542809316,1305240,1138
2.542809316,1305546,306
2.545240099,1306700,1154
2.545240099,1306990,290
2.547670882,1308160,1170
2.547670882,1308434,274
2.550101665,1309620,1186
2.550101665,1309878,258
2.552529168,1311080,1202
2.552529168,1311322,242
2.553971587,1312540,1218
2.553971587,1312766,226
2.556417828,1314000,1234
2.556417828,1314210,210
2.558951398,1315460,1250
2.558951398,1315654,194
2.561390137,1316920,1266
2.561390137,1317098,178
2.563828876,1318380,1282
2.563828876,1318542,162
2.566267615,1319840,1298
2.566267615,1319986,146
2.568706354,1321300,1314
2.568706354,1321430,130
2.571239924,1322760,1330
2.571239924,1322874,114
2.573678663,1324220,1346
2.573678663,1324318,98
2.576117802,1325680,1362
2.576117802,1325762,82
2.578564043,1327140,1378
2.578564043,1327206,66
2.581002702,1328600,1394
2.581002702,1328650,50
2.583439860,1330060,1410
2.583439860,1330094,34
2.585877018,1331520,1426
2.585877018,1331538,18
2.588314176,1332980,1442
2.588314176,1332982,2
2.590846245,1334434,1452
2.593284984,1334440,6
2.593284984,1335879,1439
2.595723723,1335900,21
2.595723723,1337324,1424
2.598162462,1337360,36
2.598162462,1338769,1409
2.600601601,1338820,51
2.600601601,1340214,1394
2.603142673,1340280,66
2.603142673,1341658,1378
2.605581412,1341740,82
2.605581412,1343102,1362
2.608020151,1343200,98
2.608020151,1344546,1346
2.610458890,1344660,114
2.610458890,1345990,1330
2.612897629,1346120,130
2.612897629,1347434,1314
2.615431199,1347580,146
2.615431199,1348878,1298
2.617869938,1349040,162
2.617869938,1350322,1282
2.620308677,1350500,178
2.620308677,1351766,1266
2.622747816,1351960,194
2.622747816,1353210,1250
2.625194057,1353420,210
2.625194057,1354654,1234
2.627632796,1354880,226
2.627632796,1356098,1218
2.630071535,1356340,242
2.630071535,1357542,1202
2.632510274,1357800,258
2.632510274,1358986,1186
2.635043844,1359260,274
2.635043844,1360430,1170
2.637482583,1360720,290
2.637482583,1361874,1154
2.639921322,1362180,306
2.639921322,1363318,1138
2.642360061,1363640,322
2.642360061,1364762,1122
2.644798800,1365100,338
2.644798800,1366206,1106
2.647340272,1366560,354
2.647340272,1367650,1090
2.649779011,1368020,370
2.649779011,1369094,1074
2.655155451,1369480,386
2.655155451,1370538,1058
2.657395328,1370940,402
2.657395328,1371982,1042
2.659572906,1372400,418
2.659572906,1373426,1026
2.661750484,1373860,434
2.661750484,1374870,1010
2.663928062,1375320,450
2.663928062,1376314,994
2.666105640,1376780,466
2.666105640,1377758,978
2.668367893,1378240,482
2.668367893,1379202,962
2.670545871,1379700,498
2.670545871,1380646,946
2.672730106,1381160,514
2.672730106,1382090,930
2.674907684,1382620,530
2.674907684,1383534,914
2.677085262,1384080,546
2.677085262,1384978,898
2.679347515,1385540,562
2.679347515,1386422,882
2.681525093,1387000,578
2.681525093,1387866,866
2.683702671,1388460,594
2.683702671,1389310,850
2.685880249,1389920,610
2.685880249,1390754,834
2.688057827,1391380,626
2.688057827,1392198,818
2.690235405,1392840,642
2.690235405,1393642,802
2.692413383,1394300,658
2.692413383,1395086,786
2.694597618,1395760,674
2.694597618,1396530,770
2.696859871,1397220,690
2.696859871,1397974,754
2.699037449,1398680,706
2.699037449,1399418,738
2.701215027,1400140,722
2.701215027,1400862,722
2.703392605,1401600,738
2.703392605,1402306,706
2.705570183,1403060,754
2.705570183,1403750,690
2.707832436,1404520,770
2.707832436,1405194,674
2.710010014,1405980,786
2.710010014,1406638,658
2.712187992,1407440,802
2.712187992,1408082,642
2.714372227,1408900,818
2.714372227,1409526,626
2.716549805,1410360,834
2.716549805,1410970,610
2.718812058,1411820,850
2.718812058,1412414,594
2.720989636,1413280,866
2.720989636,1413858,578
2.723167214,1414740,882
2.723167214,1415302,562
2.725344792,1416200,898
2.725344792,1416746,546
2.727522370,1417660,914
2.727522370,1418190,530
2.729699948,1419120,930
2.729699948,1419634,514
2.731877526,1420580,946
2.731877526,1421078,498
2.734055504,1422040,962
2.734055504,1422522,482
2.736239739,1423500,978
2.736239739,1423966,466
2.738501992,1424960,994
2.738501992,1425410,450
2.740679570,1426420,1010
2.740679570,1426854,434
2.742857148,1427880,1026
2.742857148,1428298,418
2.745034726,1429340,1042
2.745034726,1429742,402
2.747212304,1430800,1058
2.747212304,1431186,386
2.749474557,1432260,1074
2.749474557,1432630,370
2.751652135,1433720,1090
2.751652135,1434074,354
2.753826433,1435180,1106
2.753826433,1435518,338
2.753949873,1436640,1122
2.753949873,1436962,322
2.755978592,1438100,1138
2.755978592,1438406,306
2.758049676,1439560,1154
2.758049676,1439850,290
2.760120760,1441020,1170
2.760120760,1441294,274
2.762191844,1442480,1186
2.762191844,1442738,258
2.764343462,1443940,1202
2.764343462,1444182,242
2.766414546,1445400,1218
2.766414546,1445626,226
2.768485630,1446860,1234
2.768485630,1447070,210
2.770556714,1448320,1250
2.770556714,1448514,194
2.772628198,1449780,1266
2.772628198,1449958,178
2.774786127,1451240,1282
2.774786127,1451402,162
2.776857211,1452700,1298
2.776857211,1452846,146
2.778928295,1454160,1314
2.778928295,1454290,130
2.780999379,1455620,1330
2.780999379,1455734,114
2.783070463,1457080,1346
2.783070463,1457178,98
2.785141547,1458540,1362
2.785141547,1458622,82
2.787212631,1460000,1378
2.787212631,1460066,66
2.789283635,1461460,1394
2.789283635,1461510,50
2.791434310,1462920,1410
2.791434310,1462954,34
2.793510363,1464380,1426
2.793510363,1464398,18
2.795580104,1465840,1442
2.795580104,1465842,2
2.797649925,1467294,1452
2.799721009,1467300,6
2.799721009,1468739,1439
2.801872627,1468760,21
2.801872627,1470184,1424
2.803943711,1470220,36
2.803943711,1471629,1409
2.806014795,1471680,51
2.806014795,1473074,1394
2.808085879,1473140,66
2.808085879,1474518,1378
2.810156963,1474600,82
2.810156963,1475962,1362
2.812315292,1476060,98
2.812315292,1477406,1346
2.814386376,1477520,114
2.814386376,1478850,1330
2.816457460,1478980,130
2.816457460,1480294,1314
2.818528544,1480440,146
2.818528544,1481738,1298
2.820599628,1481900,162
2.820599628,1483182,1282
2.822670712,1483360,178
2.822670712,1484626,1266
2.824741796,1484820,194
2.824741796,1486070,1250
2.826812880,1486280,210
2.826812880,1487514,1234
2.828964498,1487740,226
2.828964498,1488958,1218
2.831035982,1489200,242
2.831035982,1490402,1202
2.833113377,1490660,258
2.833113377,1491846,1186
2.835184461,1492120,274
2.835184461,1493290,1170
2.837255545,1493580,290
2.837255545,1494734,1154
2.839407163,1495040,306
2.839407163,1496178,1138
2.841478247,1496500,322
2.841478247,1497622,1122
2.843549331,1497960,338
2.843549331,1499066,1106
2.845620415,1499420,354
2.845620415,1500510,1090
2.847691499,1500880,370
2.847691499,1501954,1074
2.849762583,1502340,386
2.849762583,1503398,1058
2.852776259,1503800,402
2.852776259,1504842,1042
2.854931962,1505260,418
2.854931962,1506286,1026
2.857104809,1506720,434
2.857104809,1507730,1010
2.859196327,1508180,450
2.859196327,1509174,994
2.861287845,1509640,466
2.861287845,1510618,978
2.863379363,1511100,482
2.863379363,1512062,962
2.865470881,1512560,498
2.865470881,1513506,946
2.867643728,1514020,514
2.867643728,1514950,930
2.869735246,1515480,530
2.869735246,1516394,914
2.871827164,1516940,546
2.871827164,1517838,898
2.873925059,1518400,562
2.873925059,1519282,882
2.876016577,1519860,578
2.876016577,1520726,866
2.878189424,1521320,594
2.878189424,1522170,850
2.880280942,1522780,610
2.880280942,1523614,834
2.882372460,1524240,626
2.882372460,1525058,818
2.884463978,1525700,642
2.884463978,1526502,802
2.886555496,1527160,658
2.886555496,1527946,786
2.888647014,1528620,674
2.888647014,1529390,770
2.890738532,1530080,690
2.890738532,1530834,754
2.892830450,1531540,706
2.892830450,1532278,738
2.895009674,1533000,722
2.895009674,1533722,722
2.897101192,1534460,738
2.897101192,1535166,706
2.899192710,1535920,754
2.899192710,1536610,690
2.901284228,1537380,770
2.901284228,1538054,674
2.903375746,1538840,786
2.903375746,1539498,658
2.905548593,1540300,802
2.905548593,1540942,642
2.907640111,1541760,818
2.907640111,1542386,626
2.909731629,1543220,834
2.909731629,1543830,610
2.911823547,1544680,850
2.911823547,1545274,594
2.913921442,1546140,866
2.913921442,1546718,578
2.916012960,1547600,882
2.916012960,1548162,562
2.918104478,1549060,898
2.918104478,1549606,546
2.920195996,1550520,914
2.920195996,1551050,530
2.922368843,1551980,930
2.922368843,1552494,514
2.924460361,1553440,946
2.924460361,1553938,498
2.926551879,1554900,962
2.926551879,1555382,482
2.928643397,1556360,978
2.928643397,1556826,466
2.930734915,1557820,994
2.930734915,1558270,450
2.932914539,1559280,1010
2.932914539,1559714,434
2.935006057,1560740,1026
2.935006057,1561158,418
2.937097575,1562200,1042
2.937097575,1562602,402
2.939189093,1563660,1058
2.939189093,1564046,386
2.941280611,1565120,1074
2.941280611,1565490,370
2.943372129,1566580,1090
2.943372129,1566934,354
2.945463647,1568040,1106
2.945463647,1568378,338
2.947555165,1569500,1122
2.947555165,1569822,322
2.949728012,1570960,1138
2.949728012,1571266,306
2.951819930,1572420,1154
2.951819930,1572710,290
2.955862995,1573880,1170
2.955862995,1574154,274
2.958376474,1575340,1186
2.958376474,1575598,258
2.960835123,1576800,1202
2.960835123,1577042,242
2.963389377,1578260,1218
2.963389377,1578486,226
2.965848026,1579720,1234
2.965848026,1579930,210
2.968306675,1581180,1250
2.968306675,1581374,194
2.970765324,1582640,1266
2.970765324,1582818,178
2.973223973,1584100,1282
2.973223973,1584262,162
2.975778627,1585560,1298
2.975778627,1585706,146
2.978244843,1587020,1314
2.978244843,1587150,130
2.980703492,1588480,1330
2.980703492,1588594,114
2.983162141,1589940,1346
2.983162141,1590038,98
2.985620790,1591400,1362
2.985620790,1591482,82
2.988079439,1592860,1378
2.988079439,1592926,66
2.990538008,1594320,1394
2.990538008,1594370,50
2.992995063,1595780,1410
2.992995063,1595814,34
2.995547723,1597240,1426
2.995547723,1597258,18
2.998004778,1598700,1442
2.998004778,1598702,2
3.000462313,1600154,1452
3.002928529,1600160,6
3.002928529,1601599,1439
3.005387178,1601620,21
3.005387178,1603044,1424
3.007941432,1603080,36
3.007941432,1604489,1409
3.010400081,1604540,51
3.010400081,1605934,1394
3.012858730,1606000,66
3.012858730,1607378,1378
3.015317379,1607460,82
3.015317379,1608822,1362
3.017776028,1608920,98
3.017776028,1610266,1346
3.020234677,1610380,114
3.020234677,1611710,1330
3.022693326,1611840,130
3.022693326,1613154,1314
3.025152375,1613300,146
3.025152375,1614598,1298
3.027714196,1614760,162
3.027714196,1616042,1282
3.030172845,1616220,178
3.030172845,1617486,1266
3.032631494,1617680,194
3.032631494,1618930,1250
3.035090143,1619140,210
3.035090143,1620374,1234
3.037548792,1620600,226
3.037548792,1621818,1218
3.040103046,1622060,242
3.040103046,1623262,1202
3.042561695,1623520,258
3.042561695,1624706,1186
3.045020344,1624980,274
3.045020344,1626150,1170
3.047479393,1626440,290
3.047479393,1627594,1154
3.049945609,1627900,306
3.049945609,1629038,1138
3.052404258,1629360,322
3.052404258,1630482,1122
3.054859627,1630820,338
3.054859627,1633370,2550
3.055756761,1633740,370
3.055756761,1634814,1074
3.058157021,1635200,386
3.058157021,1636258,1058
3.060557281,1636660,402
3.060557281,1637702,1042
3.062957541,1638120,418
3.062957541,1639146,1026
3.065357801,1639580,434
3.065357801,1640590,1010
3.067859173,1641040,450
3.067859173,1642034,994
3.070259433,1642500,466
3.070259433,1643478,978
3.072659693,1643960,482
3.072659693,1644922,962
3.075059953,1645420,498
3.075059953,1646366,946
3.077460213,1646880,514
3.077460213,1647810,930
3.079953807,1648340,530
3.079953807,1649254,914
3.082354067,1649800,546
3.082354067,1650698,898
3.084754327,1651260,562
3.084754327,1652142,882
3.087154587,1652720,578
3.087154587,1653586,866
3.089555247,1654180,594
3.089555247,1655030,850
3.091962885,1655640,610
3.091962885,1656474,834
3.094363145,1657100,626
3.094363145,1657918,818
3.096763405,1658560,642
3.096763405,1659362,802
3.099256999,1660020,658
3.099256999,1660806,786
3.101657259,1661480,674
3.101657259,1662250,770
3.104057519,1662940,690
3.104057519,1663694,754
3.106457779,1664400,706
3.106457779,1665138,738
3.108858039,1665860,722
3.108858039,1666582,722
3.111352033,1667320,738
3.111352033,1668026,706
3.113759671,1668780,754
3.113759671,1669470,690
3.116159931,1670240,770
3.116159931,1670914,674
3.118560191,1671700,786
3.118560191,1672358,658
3.120960451,1673160,802
3.120960451,1673802,642
3.123360711,1674620,818
3.123360711,1675246,626
3.125760971,1676080,834
3.125760971,1676690,610
3.128161231,1677540,850
3.128161231,1678134,594
3.130654825,1679000,866
3.130654825,1679578,578
3.133055085,1680460,882
3.133055085,1681022,562
3.135455745,1681920,898
3.135455745,1682466,546
3.137863383,1683380,914
3.137863383,1683910,530
3.140263643,1684840,930
3.140263643,1685354,514
3.142757237,1686300,946
3.142757237,1686798,498
3.145157497,1687760,962
3.145157497,1688242,482
3.147557757,1689220,978
3.147557757,1689686,466
3.149958017,1690680,994
3.149958017,1691130,450
3.153292885,1692140,1010
3.153292885,1692574,434
3.155419425,1693600,1026
3.155419425,1694018,418
3.157480573,1695060,1042
3.157480573,1695462,402
3.159542121,1696520,1058
3.159542121,1696906,386
3.161689696,1697980,1074
3.161689696,1698350,370
3.163750844,1699440,1090
3.163750844,1699794,354
3.165811992,1700900,1106
3.165811992,1701238,338
3.167873140,1702360,1122
3.167873140,1702682,322
3.169934288,1703820,1138
3.169934288,1704126,306
3.171995436,1705280,1154
3.171995436,1705570,290
3.174136732,1706740,1170
3.174136732,1707014,274
3.176197880,1708200,1186
3.176197880,1708458,258
3.178259428,1709660,1202
3.178259428,1709902,242
3.180326855,1711120,1218
3.180326855,1711346,226
3.182388003,1712580,1234
3.182388003,1712790,210
3.184529299,1714040,1250
3.184529299,1714234,194
3.186590447,1715500,1266
3.186590447,1715678,178
3.188651595,1716960,1282
3.188651595,1717122,162
3.190712743,1718420,1298
3.190712743,1718566,146
3.192773891,1719880,1314
3.192773891,1720010,130
3.194835039,1721340,1330
3.194835039,1721454,114
3.196896187,1722800,1346
3.196896187,1722898,98
3.198957735,1724260,1362
3.198957735,1724342,82
3.201105310,1725720,1378
3.201105310,1725786,66
3.203166378,1727180,1394
3.203166378,1727230,50
3.205226190,1728640,1410
3.205226190,1728674,34
3.207286002,1730100,1426
3.207286002,1730118,18
3.209345814,1731560,1442
3.209345814,1731562,2
3.211485854,1733014,1452
3.213547002,1733020,6
3.213547002,1734459,1439
3.215608150,1734480,21
3.215608150,1735904,1424
3.217669698,1735940,36
3.217669698,1737349,1409
3.219737125,1737400,51
3.219737125,1738794,1394
3.221798273,1738860,66
3.221798273,1740238,1378
3.223859421,1740320,82
3.223859421,1741682,1362
3.225920569,1741780,98
3.225920569,1743126,1346
3.228061865,1743240,114
3.228061865,1744570,1330
3.230123013,1744700,130
3.230123013,1746014,1314
3.232184161,1746160,146
3.232184161,1747458,1298
3.234245309,1747620,162
3.234245309,1748902,1282
3.236306457,1749080,178
3.236306457,1750346,1266
3.238454432,1750540,194
3.238454432,1751790,1250
3.240515580,1752000,210
3.240515580,1753234,1234
3.242576728,1753460,226
3.242576728,1754678,1218
3.244637876,1754920,242
3.244637876,1756122,1202
3.246699024,1756380,258
3.246699024,1757566,1186
3.248760172,1757840,274
3.248760172,1759010,1170
3.250821320,1759300,290
3.250821320,1760454,1154
3.255817761,1760760,306
3.255817761,1761898,1138
3.258050573,1762220,322
3.258050573,1763342,1122
3.260137927,1763680,338
3.260137927,1764786,1106
3.262231244,1765140,354
3.262231244,1766230,1090
3.264318198,1766600,370
3.264318198,1767674,1074
3.266405152,1768060,386
3.266405152,1769118,1058
3.268573257,1769520,402
3.268573257,1770562,1042
3.270660211,1770980,418
3.270660211,1772006,1026
3.272747165,1772440,434
3.272747165,1773450,1010
3.274834119,1773900,450
3.274834119,1774894,994
3.276921073,1775360,466
3.276921073,1776338,978
3.279089578,1776820,482
3.279089578,1777782,962
3.281182895,1778280,498
3.281182895,1779226,946
3.283269849,1779740,514
3.283269849,1780670,930
3.285356803,1781200,530
3.285356803,1782114,914
3.287443757,1782660,546
3.287443757,1783558,898
3.289530711,1784120,562
3.289530711,1785002,882
3.291617665,1785580,578
3.291617665,1786446,866
3.293704619,1787040,594
3.293704619,1787890,850
3.295872724,1788500,610
3.295872724,1789334,834
3.297959678,1789960,626
3.297959678,1790778,818
3.300047032,1791420,642
3.300047032,1792222,802
3.302140349,1792880,658
3.302140349,1793666,786
3.304227303,1794340,674
3.304227303,1795110,770
3.306395408,1795800,690
3.306395408,1796554,754
3.308482362,1797260,706
3.308482362,1797998,738
3.310569316,1798720,722
3.310569316,1799442,722
3.312656270,1800180,738
3.312656270,1800886,706
3.314743224,1801640,754
3.314743224,1802330,690
3.316830178,1803100,770
3.316830178,1803774,674
3.318917132,1804560,786
3.318917132,1805218,658
3.321004486,1806020,802
3.321004486,1806662,642
3.323178954,1807480,818
3.323178954,1808106,626
3.325265908,1808940,834
3.325265908,1809550,610
3.327352862,1810400,850
3.327352862,1810994,594
3.329439816,1811860,866
3.329439816,1812438,578
3.331526770,1813320,882
3.331526770,1813882,562
3.333694875,1814780,898
3.333694875,1815326,546
3.335781829,1816240,914
3.335781829,1816770,530
3.337868783,1817700,930
3.337868783,1818214,514
3.339956137,1819160,946
3.339956137,1819658,498
3.342049454,1820620,962
3.342049454,1821102,482
3.344217559,1822080,978
3.344217559,1822546,466
3.346304513,1823540,994
3.346304513,1823990,450
3.348391467,1825000,1010
3.348391467,1825434,434
3.350478421,1826460,1026
3.350478421,1826878,418
3.352565375,1827920,1042
3.352565375,1828322,402
3.354652329,1829380,1058
3.354652329,1829766,386
3.357039679,1830840,1074
3.357039679,1831210,370
3.359427029,1832300,1090
3.359427029,1832654,354
3.361914947,1833760,1106
3.361914947,1834098,338
3.364302297,1835220,1122
3.364302297,1835542,322
3.366689647,1836680,1138
3.366689647,1836986,306
3.369076997,1838140,1154
3.369076997,1838430,290
3.371464347,1839600,1170
3.371464347,1839874,274
3.373944529,1841060,1186
3.373944529,1841318,258
3.376331879,1842520,1202
3.376331879,1842762,242
3.378719229,1843980,1218
3.378719229,1844206,226
3.381106579,1845440,1234
3.381106579,1845650,210
3.383494329,1846900,1250
3.383494329,1847094,194
3.385889015,1848360,1266
3.385889015,1848538,178
3.388276365,1849820,1282
3.388276365,1849982,162
3.390663715,1851280,1298
3.390663715,1851426,146
3.393143897,1852740,1314
3.393143897,1852870,130
3.395531247,1854200,1330
3.395531247,1854314,114
3.397918597,1855660,1346
3.397918597,1855758,98
3.400305947,1857120,1362
3.400305947,1857202,82
3.402693297,1858580,1378
3.402693297,1858646,66
3.405173799,1860040,1394
3.405173799,1860090,50
3.407566938,1861500,1410
3.407566938,1861534,34
3.409952741,1862960,1426
3.409952741,1862978,18
3.412338544,1864420,1442
3.412338544,1864422,2
3.414724427,1865874,1452
3.417111777,1865880,6
3.417111777,1867319,1439
3.419499127,1867340,21
3.419499127,1868764,1424
3.421886477,1868800,36
3.421886477,1870209,1409
3.424366659,1870260,51
3.424366659,1871654,1394
3.426754009,1871720,66
3.426754009,1873098,1378
3.429141759,1873180,82
3.429141759,1874542,1362
3.431536445,1874640,98
3.431536445,1875986,1346
3.433923795,1876100,114
3.433923795,1877430,1330
3.436403977,1877560,130
3.436403977,1878874,1314
3.438791327,1879020,146
3.438791327,1880318,1298
3.441178677,1880480,162
3.441178677,1881762,1282
3.443566027,1881940,178
3.443566027,1883206,1266
3.445953377,1883400,194
3.445953377,1884650,1250
3.448433559,1884860,210
3.448433559,1886094,1234
3.450821309,1886320,226
3.450821309,1887538,1218
3.453215995,1887780,242
3.453215995,1888982,1202
3.455600065,1889240,258
3.455600065,1891870,2630
3.456811335,1892160,290
3.456811335,1893314,1154
3.458915330,1893620,306
3.458915330,1894758,1138
3.461019325,1895080,322
3.461019325,1896202,1122
3.463205134,1896540,338
3.463205134,1897646,1106
3.465309129,1898000,354
3.465309129,1899090,1090
3.467413124,1899460,370
3.467413124,1900534,1074
3.469517519,1900920,386
3.469517519,1901978,1058
3.471627932,1902380,402
3.471627932,1903422,1042
3.473813741,1903840,418
3.473813741,1904866,1026
3.475917736,1905300,434
3.475917736,1906310,1010
3.478021731,1906760,450
3.478021731,1907754,994
3.480125726,1908220,466
3.480125726,1909198,978
3.482229721,1909680,482
3.482229721,1910642,962
3.484333716,1911140,498
3.484333716,1912086,946
3.486437711,1912600,514
3.486437711,1913530,930
3.488541706,1914060,530
3.488541706,1914974,914
3.490734333,1915520,546
3.490734333,1916418,898
3.492838328,1916980,562
3.492838328,1917862,882
3.494942323,1918440,578
3.494942323,1919306,866
3.497046318,1919900,594
3.497046318,1920750,850
3.499150313,1921360,610
3.499150313,1922194,834
3.501336122,1922820,626
3.501336122,1923638,818
3.503440117,1924280,642
3.503440117,1925082,802
3.505544112,1925740,658
3.505544112,1926526,786
3.507648107,1927200,674
3.507648107,1927970,770
3.509752502,1928660,690
3.509752502,1929414,754
3.511862915,1930120,706
3.511862915,1930858,738
3.513966910,1931580,722
3.513966910,1932302,722
3.516070905,1933040,738
3.516070905,1933746,706
3.518256714,1934500,754
3.518256714,1935190,690
3.520360709,1935960,770
3.520360709,1936634,674
3.522464704,1937420,786
3.522464704,1938078,658
3.524568699,1938880,802
3.524568699,1939522,642
3.526672694,1940340,818
3.526672694,1940966,626
3.528858903,1941800,834
3.528858903,1942410,610
3.530969316,1943260,850
3.530969316,1943854,594
3.533073311,1944720,866
3.533073311,1945298,578
3.535177306,1946180,882
3.535177306,1946742,562
3.537281301,1947640,898
3.537281301,1948186,546
3.539467110,1949100,914
3.539467110,1949630,530
3.541571105,1950560,930
3.541571105,1951074,514
3.543675100,1952020,946
3.543675100,1952518,498
3.545779095,1953480,962
3.545779095,1953962,482
3.547883090,1954940,978
3.547883090,1955406,466
3.549987485,1956400,994
3.549987485,1956850,450
3.553038254,1957860,1010
3.553038254,1958294,434
3.555375376,1959320,1026
3.555375376,1959738,418
3.557741414,1960780,1042
3.557741414,1961182,402
3.560018892,1962240,1058
3.560018892,1962626,386
3.562296370,1963700,1074
3.562296370,1964070,370
3.564573848,1965160,1090
3.564573848,1965514,354
3.566851326,1966620,1106
3.566851326,1966958,338
3.569217364,1968080,1122
3.569217364,1968402,322
3.571495242,1969540,1138
3.571495242,1969846,306
3.573779700,1971000,1154
3.573779700,1971290,290
3.576057178,1972460,1170
3.576057178,1972734,274
3.578334656,1973920,1186
3.578334656,1974178,258
3.580612134,1975380,1202
3.580612134,1975622,242
3.582889612,1976840,1218
3.582889612,1977066,226
3.585167090,1978300,1234
3.585167090,1978510,210
3.587533128,1979760,1250
3.587533128,1979954,194
3.589810606,1981220,1266
3.589810606,1981398,178
3.592088084,1982680,1282
3.592088084,1982842,162
3.594365962,1984140,1298
3.594365962,1984286,146
3.596650420,1985600,1314
3.596650420,1985730,130
3.598927898,1987060,1330
3.598927898,1987174,114
3.601293936,1988520,1346
3.601293936,1988618,98
3.603571414,1989980,1362
3.603571414,1990062,82
3.605848892,1991440,1378
3.605848892,1991506,66
3.608126290,1992900,1394
3.608126290,1992950,50
3.610402292,1994360,1410
3.610402292,1994394,34
3.612678294,1995820,1426
3.612678294,1995838,18
3.614954296,1997280,1442
3.614954296,1997282,2
3.617230778,1998734,1452
3.619603796,1998740,6
3.619603796,2000179,1439
3.621881274,2000200,21
3.621881274,2001624,1424
3.624158752,2001660,36
3.624158752,2003069,1409
3.626436230,2003120,51
3.626436230,2004514,1394
3.628713708,2004580,66
3.628713708,2005958,1378
3.631079746,2006040,82
3.631079746,2007402,1362
3.633357224,2007500,98
3.633357224,2008846,1346
3.635634702,2008960,114
3.635634702,2010290,1330
3.637912580,2010420,130
3.637912580,2011734,1314
3.640197038,2011880,146
3.640197038,2013178,1298
3.642563076,2013340,162
3.642563076,2014622,1282
3.644840554,2014800,178
3.644840554,2016066,1266
3.647118032,2016260,194
3.647118032,2017510,1250
3.649395510,2017720,210
3.649395510,2018954,1234
3.651672988,2019180,226
3.651672988,2020398,1218
3.655885501,2020640,242
3.655885501,2021842,1202
3.658027711,2022100,258
3.658027711,2023286,1186
3.660104956,2023560,274
3.660104956,2024730,1170
3.662269706,2025020,290
3.662269706,2026174,1154
3.664346951,2026480,306
3.664346951,2027618,1138
3.666424196,2027940,322
3.666424196,2029062,1122
3.668501441,2029400,338
3.668501441,2030506,1106
3.670578686,2030860,354
3.670578686,2031950,1090
3.672736705,2032320,370
3.672736705,2033394,1074
3.674813950,2033780,386
3.674813950,2034838,1058
3.676891195,2035240,402
3.676891195,2036282,1042
3.678968440,2036700,418
3.678968440,2037726,1026
3.681046085,2038160,434
3.681046085,2039170,1010
3.683129661,2039620,450
3.683129661,2040614,994
3.685206906,2041080,466
3.685206906,2042058,978
3.687284151,2042540,482
3.687284151,2043502,962
3.689442170,2044000,498
3.689442170,2044946,946
3.691519415,2045460,514
3.691519415,2046390,930
3.693596660,2046920,530
3.693596660,2047834,914
3.695673905,2048380,546
3.695673905,2049278,898
3.697751150,2049840,562
3.697751150,2050722,882
3.699909569,2051300,578
3.699909569,2052166,866
3.701993145,2052760,594
3.701993145,2053610,850
3.704070390,2054220,610
3.704070390,2055054,834
3.706147635,2055680,626
3.706147635,2056498,818
3.708224880,2057140,642
3.708224880,2057942,802
3.710382899,2058600,658
3.710382899,2059386,786
3.712460144,2060060,674
3.712460144,2060830,770
3.714537389,2061520,690
3.714537389,2062274,754
3.716614634,2062980,706
3.716614634,2063718,738
3.718691879,2064440,722
3.718691879,2065162,722
3.720769524,2065900,738
3.720769524,2066606,706
3.722853100,2067360,754
3.722853100,2068050,690
3.724930345,2068820,770
3.724930345,2069494,674
3.727088364,2070280,786
3.727088364,2070938,658
3.729165609,2071740,802
3.729165609,2072382,642
3.731242854,2073200,818
3.731242854,2073826,626
3.733320099,2074660,834
3.733320099,2075270,610
3.735397344,2076120,850
3.735397344,2076714,594
3.737555363,2077580,866
3.737555363,2078158,578
3.739633008,2079040,882
3.739633008,2079602,562
3.741716584,2080500,898
3.741716584,2081046,546
3.743793829,2081960,914
3.743793829,2082490,530
3.745871074,2083420,930
3.745871074,2083934,514
3.747948319,2084880,946
3.747948319,2085378,498
3.750025564,2086340,962
3.750025564,2086822,482
3.752102809,2087800,978
3.752102809,2088266,466
3.754257548,2089260,994
3.754257548,2091154,1894
3.754757590,2092180,1026
3.754757590,2092598,418
3.757006371,2093640,1042
3.757006371,2094042,402
3.759261637,2095100,1058
3.759261637,2095486,386
3.761597446,2096560,1074
3.761597446,2096930,370
3.763845827,2098020,1090
3.763845827,2098374,354
3.766094208,2099480,1106
3.766094208,2099818,338
3.768342589,2100940,1122
3.768342589,2101262,322
3.770590970,2102400,1138
3.770590970,2102706,306
3.772839351,2103860,1154
3.772839351,2104150,290
3.775087732,2105320,1170
3.775087732,2105594,274
3.777336113,2106780,1186
3.777336113,2107038,258
3.779679208,2108240,1202
3.779679208,2108482,242
3.781927589,2109700,1218
3.781927589,2109926,226
3.784175970,2111160,1234
3.784175970,2111370,210
3.786424351,2112620,1250
3.786424351,2112814,194
3.788672732,2114080,1266
3.788672732,2114258,178
3.791008541,2115540,1282
3.791008541,2115702,162
3.793256922,2117000,1298
3.793256922,2117146,146
3.795505303,2118460,1314
3.795505303,2118590,130
3.797753684,2119920,1330
3.797753684,2120034,114
3.800002465,2121380,1346
3.800002465,2121478,98
3.802345159,2122840,1362
3.802345159,2122922,82
3.804593540,2124300,1378
3.804593540,2124366,66
3.806841841,2125760,1394
3.806841841,2125810,50
3.809088764,2127220,1410
3.809088764,2127254,34
3.811335687,2128680,1426
3.811335687,2128698,18
3.813582610,2130140,1442
3.813582610,2130142,2
3.815829613,2131594,1452
3.818077994,2131600,6
3.818077994,2133039,1439
3.820414203,2133060,21
3.820414203,2134484,1424
3.822669469,2134520,36
3.822669469,2135929,1409
3.824917850,2135980,51
3.824917850,2137374,1394
3.827166231,2137440,66
3.827166231,2138818,1378
3.829414612,2138900,82
3.829414612,2140262,1362
3.831750421,2140360,98
3.831750421,2141706,1346
3.833998802,2141820,114
3.833998802,2143150,1330
3.836247183,2143280,130
3.836247183,2144594,1314
3.838495564,2144740,146
3.838495564,2146038,1298
3.840743945,2146200,162
3.840743945,2147482,1282
3.842992726,2147660,178
3.842992726,2148926,1266
3.845247992,2149120,194
3.845247992,2150370,1250
3.847496373,2150580,210
3.847496373,2151814,1234
3.849832182,2152040,226
3.849832182,2153258,1218
3.854022747,2153500,242
3.854022747,2154702,1202
3.856426829,2154960,258
3.856426829,2156146,1186
3.858773095,2156420,274
3.858773095,2157590,1170
3.861119361,2157880,290
3.861119361,2159034,1154
3.863556862,2159340,306
3.863556862,2160478,1138
3.865903528,2160800,322
3.865903528,2161922,1122
3.868256997,2162260,338
3.868256997,2163366,1106
3.870603263,2163720,354
3.870603263,2164810,1090
3.872949529,2165180,370
3.872949529,2166254,1074
3.875295795,2166640,386
3.875295795,2167698,1058
3.877642061,2168100,402
3.877642061,2169142,1042
3.879988327,2169560,418
3.879988327,2170586,1026
3.882425828,2171020,434
3.882425828,2172030,1010
3.884772094,2172480,450
3.884772094,2173474,994
3.887118360,2173940,466
3.887118360,2174918,978
3.889465026,2175400,482
3.889465026,2176362,962
3.891818495,2176860,498
3.891818495,2177806,946
3.894255996,2178320,514
3.894255996,2179250,930
3.896602262,2179780,530
3.896602262,2180694,914
3.898948528,2181240,546
3.898948528,2182138,898
3.901294794,2182700,562
3.901294794,2183582,882
3.903641060,2184160,578
3.903641060,2185026,866
3.906078561,2185620,594
3.906078561,2186470,850
3.908424827,2187080,610
3.908424827,2187914,834
3.910771493,2188540,626
3.910771493,2189358,818
3.913124962,2190000,642
3.913124962,2190802,802
3.915471228,2191460,658
3.915471228,2192246,786
3.917817494,2192920,674
3.917817494,2193690,770
3.920163760,2194380,690
3.920163760,2195134,754
3.922510026,2195840,706
3.922510026,2196578,738
3.924947527,2197300,722
3.924947527,2198022,722
3.927293793,2198760,738
3.927293793,2199466,706
3.929640059,2200220,754
3.929640059,2200910,690
3.931986325,2201680,770
3.931986325,2202354,674
3.934332991,2203140,786
3.934332991,2203798,658
3.936777695,2204600,802
3.936777695,2205242,642
3.939123961,2206060,818
3.939123961,2206686,626
3.941470227,2207520,834
3.941470227,2208130,610
3.943816493,2208980,850
3.943816493,2209574,594
3.946162759,2210440,866
3.946162759,2211018,578
3.948509025,2211900,882
3.948509025,2212462,562
3.950855291,2213360,898
3.950855291,2213906,546
3.954138217,2214820,914
3.954138217,2215350,530
3.956423492,2216280,930
3.956423492,2216794,514
3.958568405,2217740,946
3.958568405,2218238,498
3.960706789,2219200,962
3.960706789,2219682,482
3.962845173,2220660,978
3.962845173,2221126,466
3.964983557,2222120,994
3.964983557,2222570,450
3.967205092,2223580,1010
3.967205092,2224014,434
3.969343476,2225040,1026
3.969343476,2225458,418
3.971481860,2226500,1042
3.971481860,2226902,402
3.973620244,2227960,1058
3.973620244,2228346,386
3.975758628,2229420,1074
3.975758628,2229790,370
3.977897412,2230880,1090
3.977897412,2231234,354
3.980042325,2232340,1106
3.980042325,2232678,338
3.982180709,2233800,1122
3.982180709,2234122,322
3.984402244,2235260,1138
3.984402244,2235566,306
3.986540628,2236720,1154
3.986540628,2237010,290
3.988679012,2238180,1170
3.988679012,2238454,274
3.990817396,2239640,1186
3.990817396,2239898,258
3.992955780,2241100,1202
3.992955780,2241342,242
3.995177315,2242560,1218
3.995177315,2242786,226
3.997316099,2244020,1234
3.997316099,2244230,210
3.999461012,2245480,1250
3.999461012,2245674,194
4.001599396,2246940,1266
4.001599396,2247118,178
4.003737780,2248400,1282
4.003737780,2248562,162
4.005959315,2249860,1298
4.005959315,2250006,146
4.008097699,2251320,1314
4.008097699,2251450,130
4.010236083,2252780,1330
4.010236083,2252894,114
4.012374467,2254240,1346
4.012374467,2254338,98
4.014512851,2255700,1362
4.014512851,2255782,82
4.016651235,2257160,1378
4.016651235,2257226,66
4.018789939,2258620,1394
4.018789939,2258670,50
4.020933466,2260080,1410
4.020933466,2260114,34
4.023153615,2261540,1426
4.023153615,2261558,18
4.025290613,2263000,1442
4.025290613,2263002,2
4.027427691,2264454,1452
4.029566075,2264460,6
4.029566075,2265899,1439
4.031704459,2265920,21
4.031704459,2267344,1424
4.033925994,2267380,36
4.033925994,2268789,1409
4.036064378,2268840,51
4.036064378,2270234,1394
4.038203162,2270300,66
4.038203162,2271678,1378
4.040348075,2271760,82
4.040348075,2273122,1362
4.042486459,2273220,98
4.042486459,2274566,1346
4.044624843,2274680,114
4.044624843,2276010,1330
4.046763227,2276140,130
4.046763227,2277454,1314
4.048901611,2277600,146
4.048901611,2278898,1298
4.051039995,2279060,162
4.051039995,2280342,1282
4.053258250,2280520,178
4.053258250,2283230,2710
4.054961664,2283440,210
4.054961664,2284674,1234
4.057312131,2284900,226
4.057312131,2286118,1218
4.059669413,2286360,242
4.059669413,2287562,1202
4.062110863,2287820,258
4.062110863,2289006,1186
4.064460930,2289280,274
4.064460930,2290450,1170
4.066810997,2290740,290
4.066810997,2291894,1154
4.069161064,2292200,306
4.069161064,2293338,1138
4.071511131,2293660,322
4.071511131,2294782,1122
4.073861198,2295120,338
4.073861198,2296226,1106
4.076211265,2296580,354
4.076211265,2297670,1090
4.078561332,2298040,370
4.078561332,2299114,1074
4.081010397,2299500,386
4.081010397,2300558,1058
4.083360464,2300960,402
4.083360464,2302002,1042
4.085710531,2302420,418
4.085710531,2303446,1026
4.088060598,2303880,434
4.088060598,2304890,1010
4.090410665,2305340,450
4.090410665,2306334,994
4.092852115,2306800,466
4.092852115,2307778,978
4.095202182,2308260,482
4.095202182,2309222,962
4.097552249,2309720,498
4.097552249,2310666,946
4.099902316,2311180,514
4.099902316,2312110,930
4.102252783,2312640,530
4.102252783,2313554,914
4.104701448,2314100,546
4.104701448,2314998,898
4.107051515,2315560,562
4.107051515,2316442,882
4.109401582,2317020,578
4.109401582,2317886,866
4.111751649,2318480,594
4.111751649,2319330,850
4.114101716,2319940,610
4.114101716,2320774,834
4.116451783,2321400,626
4.116451783,2322218,818
4.118801850,2322860,642
4.118801850,2323662,802
4.121151917,2324320,658
4.121151917,2325106,786
4.123593767,2325780,674
4.123593767,2326550,770
4.125951049,2327240,690
4.125951049,2327994,754
4.128301116,2328700,706
4.128301116,2329438,738
4.130651183,2330160,722
4.130651183,2330882,722
4.133001250,2331620,738
4.133001250,2332326,706
4.135442700,2333080,754
4.135442700,2333770,690
4.137792767,2334540,770
4.137792767,2335214,674
4.140142834,2336000,786
4.140142834,2336658,658
4.142492901,2337460,802
4.142492901,2338102,642
4.144842968,2338920,818
4.144842968,2339546,626
4.147193435,2340380,834
4.147193435,2340990,610
4.149550717,2341840,850
4.149550717,2342434,594
4.155838156,2343300,866
4.155838156,2343878,578
4.158150146,2344760,882
4.158150146,2345322,562
4.160315315,2346220,898
4.160315315,2346766,546
4.162480484,2347680,914
4.162480484,2348210,530
4.164645653,2349140,930
4.164645653,2349654,514
4.166810822,2350600,946
4.166810822,2351098,498
4.169060184,2352060,962
4.169060184,2352542,482
4.171225753,2353520,978
4.171225753,2353986,466
4.173397538,2354980,994
4.173397538,2355430,450
4.175562707,2356440,1010
4.175562707,2356874,434
4.177727876,2357900,1026
4.177727876,2358318,418
4.179977238,2359360,1042
4.179977238,2359762,402
4.182142407,2360820,1058
4.182142407,2361206,386
4.184307576,2362280,1074
4.184307576,2362650,370
4.186472745,2363740,1090
4.186472745,2364094,354
4.188637914,2365200,1106
4.188637914,2365538,338
4.190803083,2366660,1122
4.190803083,2366982,322
4.192968652,2368120,1138
4.192968652,2368426,306
4.195140437,2369580,1154
4.195140437,2369870,290
4.197389799,2371040,1170
4.197389799,2371314,274
4.199554968,2372500,1186
4.199554968,2372758,258
4.201720137,2373960,1202
4.201720137,2374202,242
4.203885306,2375420,1218
4.203885306,2375646,226
4.206050475,2376880,1234
4.206050475,2377090,210
4.208299837,2378340,1250
4.208299837,2378534,194
4.210465006,2379800,1266
4.210465006,2379978,178
4.212630575,2381260,1282
4.212630575,2381422,162
4.214802360,2382720,1298
4.214802360,2382866,146
4.216967529,2384180,1314
4.216967529,2384310,130
4.219132698,2385640,1330
4.219132698,2385754,114
4.221297867,2387100,1346
4.221297867,2387198,98
4.223463036,2388560,1362
4.223463036,2388642,82
4.225712398,2390020,1378
4.225712398,2390086,66
4.227877487,2391480,1394
4.227877487,2391530,50
4.230041252,2392940,1410
4.230041252,2392974,34
4.232205017,2394400,1426
4.232205017,2394418,18
4.234369182,2395860,1442
4.234369182,2395862,2
4.236623836,2397314,1452
4.238789005,2397320,6
4.238789005,2398759,1439
4.240954174,2398780,21
4.240954174,2400204,1424
4.243119343,2400240,36
4.243119343,2401649,1409
4.245284512,2401700,51
4.245284512,2403094,1394
4.247449681,2403160,66
4.247449681,2404538,1378
4.249614850,2404620,82
4.249614850,2405982,1362
4.251780019,2406080,98
4.251780019,2407426,1346
4.254029781,2407540,114
4.254029781,2408870,1330
4.256198286,2409000,130
4.256198286,2411758,2758
4.257120532,2411920,162
4.257120532,2413202,1282
4.259580015,2413380,178
4.259580015,2414646,1266
4.262135135,2414840,194
4.262135135,2416090,1250
4.264594618,2416300,210
4.264594618,2417534,1234
4.267054101,2417760,226
4.267054101,2418978,1218
4.269513584,2419220,242
4.269513584,2420422,1202
4.271973067,2420680,258
4.271973067,2421866,1186
4.274536157,2422140,274
4.274536157,2423310,1170
4.276995640,2423600,290
4.276995640,2424754,1154
4.279455123,2425060,306
4.279455123,2426198,1138
4.281914606,2426520,322
4.281914606,2427642,1122
4.284374089,2427980,338
4.284374089,2429086,1106
4.286833572,2429440,354
4.286833572,2430530,1090
4.289293055,2430900,370
4.289293055,2431974,1074
4.291752538,2432360,386
4.291752538,2433418,1058
4.294307658,2433820,402
4.294307658,2434862,1042
4.296767541,2435280,418
4.296767541,2436306,1026
4.299234594,2436740,434
4.299234594,2437750,1010
4.301694077,2438200,450
4.301694077,2439194,994
4.304153560,2439660,466
4.304153560,2440638,978
4.306708680,2441120,482
4.306708680,2442082,962
4.309168163,2442580,498
4.309168163,2443526,946
4.311627646,2444040,514
4.311627646,2444970,930
4.314087129,2445500,530
4.314087129,2446414,914
4.316546612,2446960,546
4.316546612,2447858,898
4.319006095,2448420,562
4.319006095,2449302,882
4.321465978,2449880,578
4.321465978,2450746,866
4.323933031,2451340,594
4.323933031,2452190,850
4.326488151,2452800,610
4.326488151,2453634,834
4.328947634,2454260,626
4.328947634,2455078,818
4.331407117,2455720,642
4.331407117,2456522,802
4.333866600,2457180,658
4.333866600,2457966,786
4.336326083,2458640,674
4.336326083,2459410,770
4.338881203,2460100,690
4.338881203,2460854,754
4.341340686,2461560,706
4.341340686,2462298,738
4.343800569,2463020,722
4.343800569,2463742,722
4.346267622,2464480,738
4.346267622,2465186,706
4.348727105,2465940,754
4.348727105,2466630,690
4.355122455,2467400,770
4.355122455,2468074,674
4.357295136,2468860,786
4.357295136,2469518,658
4.359403684,2470320,802
4.359403684,2470962,642
4.361594223,2471780,818
4.361594223,2472406,626
4.363702771,2473240,834
4.363702771,2473850,610
4.365811319,2474700,850
4.365811319,2475294,594
4.367919867,2476160,866
4.367919867,2476738,578
4.370028815,2477620,882
4.370028815,2478182,562
4.372225787,2479080,898
4.372225787,2479626,546
4.374334335,2480540,914
4.374334335,2481070,530
4.376442883,2482000,930
4.376442883,2482514,514
4.378551431,2483460,946
4.378551431,2483958,498
4.380659979,2484920,962
4.380659979,2485402,482
4.382850518,2486380,978
4.382850518,2486846,466
4.384959066,2487840,994
4.384959066,2488290,450
4.387067614,2489300,1010
4.387067614,2489734,434
4.389176562,2490760,1026
4.389176562,2491178,418
4.391291543,2492220,1042
4.391291543,2492622,402
4.393400091,2493680,1058
4.393400091,2494066,386
4.395508639,2495140,1074
4.395508639,2495510,370
4.397617187,2496600,1090
4.397617187,2496954,354
4.399807726,2498060,1106
4.399807726,2498398,338
4.401916274,2499520,1122
4.401916274,2499842,322
4.404024822,2500980,1138
4.404024822,2501286,306
4.406133370,2502440,1154
4.406133370,2502730,290
4.408241918,2503900,1170
4.408241918,2504174,274
4.410439290,2505360,1186
4.410439290,2505618,258
4.412547838,2506820,1202
4.412547838,2507062,242
4.414656386,2508280,1218
4.414656386,2508506,226
4.416764934,2509740,1234
4.416764934,2509950,210
4.418873482,2511200,1250
4.418873482,2511394,194
4.420982030,2512660,1266
4.420982030,2512838,178
4.423090578,2514120,1282
4.423090578,2514282,162
4.425199126,2515580,1298
4.425199126,2515726,146
4.427389665,2517040,1314
4.427389665,2517170,130
4.429498613,2518500,1330
4.429498613,2518614,114
4.431613594,2519960,1346
4.431613594,2520058,98
4.433722142,2521420,1362
4.433722142,2521502,82
4.435830690,2522880,1378
4.435830690,2522946,66
4.438021149,2524340,1394
4.438021149,2524390,50
4.440128331,2525800,1410
4.440128331,2525834,34
4.442235513,2527260,1426
4.442235513,2527278,18
4.444342695,2528720,1442
4.444342695,2528722,2
4.446449957,2530174,1452
4.448558505,2530180,6
4.448558505,2531619,1439
4.450667453,2531640,21
4.450667453,2533064,1424
4.452782434,2533100,36
4.452782434,2534509,1409
4.454972973,2534560,51
4.454972973,2535954,1394
4.457308396,2536020,66
4.457308396,2537398,1378
4.459643819,2537480,82
4.459643819,2538842,1362
4.461979242,2538940,98
4.461979242,2540286,1346
4.464314665,2540400,114
4.464314665,2541730,1330
4.466740901,2541860,130
4.466740901,2543174,1314
4.469076324,2543320,146
4.469076324,2544618,1298
4.471412147,2544780,162
4.471412147,2546062,1282
4.473754738,2546240,178
4.473754738,2547506,1266
4.476090161,2547700,194
4.476090161,2548950,1250
4.478516397,2549160,210
4.478516397,2550394,1234
4.480851820,2550620,226
4.480851820,2551838,1218
4.483187243,2552080,242
4.483187243,2553282,1202
4.485522666,2553540,258
4.485522666,2554726,1186
4.487858089,2555000,274
4.487858089,2556170,1170
4.490193512,2556460,290
4.490193512,2557614,1154
4.492528935,2557920,306
4.492528935,2559058,1138
4.494864758,2559380,322
4.494864758,2560502,1122
4.497207349,2560840,338
4.497207349,2561946,1106
4.499633585,2562300,354
4.499633585,2563390,1090
4.501969008,2563760,370
4.501969008,2564834,1074
4.504304431,2565220,386
4.504304431,2566278,1058
4.506639854,2566680,402
4.506639854,2567722,1042
4.508975277,2568140,418
4.508975277,2569166,1026
4.511401513,2569600,434
4.511401513,2570610,1010
4.513736936,2571060,450
4.513736936,2572054,994
4.516072759,2572520,466
4.516072759,2573498,978
4.518415350,2573980,482
4.518415350,2574942,962
4.520750773,2575440,498
4.520750773,2576386,946
4.523086196,2576900,514
4.523086196,2577830,930
4.525421619,2578360,530
4.525421619,2579274,914
4.527757042,2579820,546
4.527757042,2580718,898
4.530183278,2581280,562
4.530183278,2582162,882
4.532518701,2582740,578
4.532518701,2583606,866
4.534854124,2584200,594
4.534854124,2585050,850
4.537189547,2585660,610
4.537189547,2586494,834
4.539525370,2587120,626
4.539525370,2587938,818
4.541958774,2588580,642
4.541958774,2589382,802
4.544294197,2590040,658
4.544294197,2590826,786
4.546629620,2591500,674
4.546629620,2592270,770
4.548965043,2592960,690
4.548965043,2593714,754
4.551300466,2594420,706
4.551300466,2595158,738
4.553726702,2595880,722
4.553726702,2596602,722
4.556058845,2597340,738
4.556058845,2599490,2150
4.556291715,2600260,770
4.556291715,2600934,674
4.558412762,2601720,786
4.558412762,2602378,658
4.560527357,2603180,802
4.560527357,2603822,642
4.562641952,2604640,818
4.562641952,2605266,626
4.564756547,2606100,834
4.564756547,2606710,610
4.566953368,2607560,850
4.566953368,2608154,594
4.569067963,2609020,866
4.569067963,2609598,578
4.571182558,2610480,882
4.571182558,2611042,562
4.573297153,2611940,898
4.573297153,2612486,546
4.575411748,2613400,914
4.575411748,2613930,530
4.577615421,2614860,930
4.577615421,2615374,514
4.579730016,2616320,946
4.579730016,2616818,498
4.581844611,2617780,962
4.581844611,2618262,482
4.583959206,2619240,978
4.583959206,2619706,466
4.586073801,2620700,994
4.586073801,2621150,450
4.588188396,2622160,1010
4.588188396,2622594,434
4.590302991,2623620,1026
4.590302991,2624038,418
4.592417586,2625080,1042
4.592417586,2625482,402
4.594614407,2626540,1058
4.594614407,2626926,386
4.596729402,2628000,1074
4.596729402,2628370,370
4.598850449,2629460,1090
4.598850449,2629814,354
4.600965044,2630920,1106
4.600965044,2631258,338
4.603079639,2632380,1122
4.603079639,2632702,322
4.605276460,2633840,1138
4.605276460,2634146,306
4.607391055,2635300,1154
4.607391055,2635590,290
4.609505650,2636760,1170
4.609505650,2637034,274
4.611620245,2638220,1186
4.611620245,2638478,258
4.613734840,2639680,1202
4.613734840,2639922,242
4.615849435,2641140,1218
4.615849435,2641366,226
4.617964430,2642600,1234
4.617964430,2642810,210
4.620085477,2644060,1250
4.620085477,2644254,194
4.622282298,2645520,1266
4.622282298,2645698,178
4.624396893,2646980,1282
4.624396893,2647142,162
4.626511488,2648440,1298
4.626511488,2648586,146
4.628626083,2649900,1314
4.628626083,2650030,130
4.630740678,2651360,1330
4.630740678,2651474,114
4.632937499,2652820,1346
4.632937499,2652918,98
4.635052094,2654280,1362
4.635052094,2654362,82
4.637167089,2655740,1378
4.637167089,2655806,66
4.639288056,2657200,1394
4.639288056,2657250,50
4.641401280,2658660,1410
4.641401280,2658694,34
4.643596730,2660120,1426
4.643596730,2660138,18
4.645709954,2661580,1442
4.645709954,2661582,2
4.647823258,2663034,1452
4.649937853,2663040,6
4.649937853,2664479,1439
4.652992871,2664500,21
4.652992871,2665924,1424
4.655332458,2665960,36
4.655332458,2667369,1409
4.657612468,2667420,51
4.657612468,2668814,1394
4.659892878,2668880,66
4.659892878,2670258,1378
4.662179876,2670340,82
4.662179876,2671702,1362
4.664548544,2671800,98
4.664548544,2673146,1346
4.666828554,2673260,114
4.666828554,2674590,1330
4.669108564,2674720,130
4.669108564,2676034,1314
4.671388574,2676180,146
4.671388574,2677478,1298
4.673668584,2677640,162
4.673668584,2678922,1282
4.676037252,2679100,178
4.676037252,2680366,1266
4.678317262,2680560,194
4.678317262,2681810,1250
4.680597672,2682020,210
4.680597672,2683254,1234
4.682884670,2683480,226
4.682884670,2684698,1218
4.685164680,2684940,242
4.685164680,2686142,1202
4.687444690,2686400,258
4.687444690,2687586,1186
4.689724700,2687860,274
4.689724700,2689030,1170
4.692004710,2689320,290
4.692004710,2690474,1154
4.694373378,2690780,306
4.694373378,2691918,1138
4.696653388,2692240,322
4.696653388,2693362,1122
4.698933398,2693700,338
4.698933398,2694806,1106
4.701213408,2695160,354
4.701213408,2696250,1090
4.703493818,2696620,370
4.703493818,2697694,1074
4.705869474,2698080,386
4.705869474,2699138,1058
4.708149484,2699540,402
4.708149484,2700582,1042
4.710429494,2701000,418
4.710429494,2702026,1026
4.712709504,2702460,434
4.712709504,2703470,1010
4.714989514,2703920,450
4.714989514,2704914,994
4.717269524,2705380,466
4.717269524,2706358,978
4.719549534,2706840,482
4.719549534,2707802,962
4.721918202,2708300,498
4.721918202,2709246,946
4.724198612,2709760,514
4.724198612,2710690,930
4.726485610,2711220,530
4.726485610,2712134,914
4.728765620,2712680,546
4.728765620,2713578,898
4.731045630,2714140,562
4.731045630,2715022,882
4.733325640,2715600,578
4.733325640,2716466,866
4.735694308,2717060,594
4.735694308,2717910,850
4.737974318,2718520,610
4.737974318,2719354,834
4.740254328,2719980,626
4.740254328,2720798,818
4.742534338,2721440,642
4.742534338,2722242,802
4.744814348,2722900,658
4.744814348,2723686,786
4.747190405,2724360,674
4.747190405,2725130,770
4.749470415,2725820,690
4.749470415,2726574,754
4.752689165,2727280,706
4.752689165,2728018,738
4.754967097,2728740,722
4.754967097,2729462,722
4.757183769,2730200,738
4.757183769,2730906,706
4.759400441,2731660,754
4.759400441,2732350,690
4.761617113,2733120,770
4.761617113,2733794,674
4.763833785,2734580,786
4.763833785,2735238,658
4.766136652,2736040,802
4.766136652,2736682,642
4.768353724,2737500,818
4.768353724,2738126,626
4.770577179,2738960,834
4.770577179,2739570,610
4.772793851,2740420,850
4.772793851,2741014,594
4.775010523,2741880,866
4.775010523,2742458,578
4.777313390,2743340,882
4.777313390,2743902,562
4.779530062,2744800,898
4.779530062,2745346,546
4.781746734,2746260,914
4.781746734,2746790,530
4.783963406,2747720,930
4.783963406,2748234,514
4.786180078,2749180,946
4.786180078,2749678,498
4.788396750,2750640,962
4.788396750,2751122,482
4.790613822,2752100,978
4.790613822,2752566,466
4.792837277,2753560,994
4.792837277,2754010,450
4.795140144,2755020,1010
4.795140144,2755454,434
4.797356816,2756480,1026
4.797356816,2756898,418
4.799573488,2757940,1042
4.799573488,2758342,402
4.801790160,2759400,1058
4.801790160,2759786,386
4.804006832,2760860,1074
4.804006832,2761230,370
4.806309699,2762320,1090
4.806309699,2762674,354
4.808526371,2763780,1106
4.808526371,2764118,338
4.810743443,2765240,1122
4.810743443,2765562,322
4.812966898,2766700,1138
4.812966898,2767006,306
4.815183570,2768160,1154
4.815183570,2768450,290
4.817400242,2769620,1170
4.817400242,2769894,274
4.819616914,2771080,1186
4.819616914,2771338,258
4.821919781,2772540,1202
4.821919781,2772782,242
4.824136453,2774000,1218
4.824136453,2774226,226
4.826353125,2775460,1234
4.826353125,2775670,210
4.828569797,2776920,1250
4.828569797,2777114,194
4.830786469,2778380,1266
4.830786469,2778558,178
4.833003541,2779840,1282
4.833003541,2780002,162
4.835313191,2781300,1298
4.835313191,2781446,146
4.837529863,2782760,1314
4.837529863,2782890,130
4.839746535,2784220,1330
4.839746535,2784334,114
4.841963207,2785680,1346
4.841963207,2785778,98
4.844179879,2787140,1362
4.844179879,2787222,82
4.846482746,2788600,1378
4.846482746,2788666,66
4.848699338,2790060,1394
4.848699338,2790110,50
4.850914573,2791520,1410
4.850914573,2791554,34
4.853126608,2792980,1426
4.853126608,2792998,18
4.853486838,2794440,1442
4.853486838,2794442,2
4.855836330,2795894,1452
4.858187266,2795900,6
4.858187266,2797339,1439
4.860538202,2797360,21
4.860538202,2798784,1424
4.862980554,2798820,36
4.862980554,2800229,1409
4.865331490,2800280,51
4.865331490,2801674,1394
4.867682426,2801740,66
4.867682426,2803118,1378
4.870033362,2803200,82
4.870033362,2804562,1362
4.872384298,2804660,98
4.872384298,2806006,1346
4.874834268,2806120,114
4.874834268,2807450,1330
4.877185204,2807580,130
4.877185204,2808894,1314
4.879536140,2809040,146
4.879536140,2810338,1298
4.881887076,2810500,162
4.881887076,2811782,1282
4.884238012,2811960,178
4.884238012,2813226,1266
4.886588948,2813420,194
4.886588948,2814670,1250
4.888939884,2814880,210
4.888939884,2816114,1234
4.891290820,2816340,226
4.891290820,2817558,1218
4.893733172,2817800,242
4.893733172,2819002,1202
4.896084508,2819260,258
4.896084508,2820446,1186
4.898442662,2820720,274
4.898442662,2821890,1170
4.900793598,2822180,290
4.900793598,2823334,1154
4.903144534,2823640,306
4.903144534,2824778,1138
4.905586886,2825100,322
4.905586886,2826222,1122
4.907937822,2826560,338
4.907937822,2827666,1106
4.910288758,2828020,354
4.910288758,2829110,1090
4.912639694,2829480,370
4.912639694,2830554,1074
4.914990630,2830940,386
4.914990630,2831998,1058
4.917341566,2832400,402
4.917341566,2833442,1042
4.919692902,2833860,418
4.919692902,2834886,1026
4.922142472,2835320,434
4.922142472,2836330,1010
4.924493408,2836780,450
4.924493408,2837774,994
4.926844344,2838240,466
4.926844344,2839218,978
4.929195280,2839700,482
4.929195280,2840662,962
4.931546216,2841160,498
4.931546216,2842106,946
4.933897152,2842620,514
4.933897152,2843550,930
4.936339504,2844080,530
4.936339504,2844994,914
4.938690440,2845540,546
4.938690440,2846438,898
4.941041776,2847000,562
4.941041776,2847882,882
4.943399930,2848460,578
4.943399930,2849326,866
4.945750866,2849920,594
4.945750866,2850770,850
4.948193218,2851380,610
4.948193218,2852214,834
4.951479387,2852840,626
4.951479387,2853658,818
4.953628826,2854300,642
4.953628826,2855102,802
4.955713498,2855760,658
4.955713498,2856546,786
4.957798170,2857220,674
4.957798170,2857990,770
4.959882842,2858680,690
4.959882842,2859434,754
4.961967514,2860140,706
4.961967514,2860878,738
4.964052586,2861600,722
4.964052586,2862322,722
4.966143613,2863060,738
4.966143613,2863766,706
4.968309348,2864520,754
4.968309348,2865210,690
4.970394020,2865980,770
4.970394020,2866654,674
4.972478692,2867440,786
4.972478692,2868098,658
4.974563364,2868900,802
4.974563364,2869542,642
4.976648036,2870360,818
4.976648036,2870986,626
4.978813771,2871820,834
4.978813771,2872430,610
4.980898443,2873280,850
4.980898443,2873874,594
4.982983515,2874740,866
4.982983515,2875318,578
4.985074542,2876200,882
4.985074542,2876762,562
4.987159214,2877660,898
4.987159214,2878206,546
4.989243886,2879120,914
4.989243886,2879650,530
4.991328558,2880580,930
4.991328558,2881094,514
4.993413230,2882040,946
4.993413230,2882538,498
4.995578965,2883500,962
4.995578965,2883982,482
4.997663637,2884960,978
4.997663637,2885426,466
4.999748309,2886420,994
4.999748309,2886870,450
5.001832981,2887880,1010
5.001832981,2888314,434
5.003918053,2889340,1026
5.003918053,2889758,418
5.006090143,2890800,1042
5.006090143,2891202,402
5.008174815,2892260,1058
5.008174815,2892646,386
5.010259487,2893720,1074
5.010259487,2894090,370
5.012344159,2895180,1090
5.012344159,2895534,354
5.014428831,2896640,1106
5.014428831,2896978,338
5.016594566,2898100,1122
5.016594566,2898422,322
5.018679238,2899560,1138
5.018679238,2899866,306
5.020763910,2901020,1154
5.020763910,2901310,290
5.022848982,2902480,1170
5.022848982,2902754,274
5.024940009,2903940,1186
5.024940009,2904198,258
5.027024681,2905400,1202
5.027024681,2905642,242
5.029109353,2906860,1218
5.029109353,2907086,226
5.031194025,2908320,1234
5.031194025,2908530,210
5.033359760,2909780,1250
5.033359760,2909974,194
5.035444432,2911240,1266
5.035444432,2911418,178
5.037529104,2912700,1282
5.037529104,2912862,162
5.039613776,2914160,1298
5.039613776,2914306,146
5.041698448,2915620,1314
5.041698448,2915750,130
5.043870938,2917080,1330
5.043870938,2917194,114
5.045955610,2918540,1346
5.045955610,2918638,98
5.048040282,2920000,1362
5.048040282,2920082,82
5.050124954,2921460,1378
5.050124954,2921526,66
5.052209546,2922920,1394
5.052209546,2922970,50
5.054573734,2924380,1410
5.054573734,2924414,34
5.056937922,2925840,1426
5.056937922,2925858,18
5.059302110,2927300,1442
5.059302110,2927302,2
5.061758369,2928754,1452
5.064124491,2928760,6
5.064124491,2930199,1439
5.066497479,2930220,21
5.066497479,2931644,1424
5.068863201,2931680,36
5.068863201,2933089,1409
5.071228923,2933140,51
5.071228923,2934534,1394
5.073686636,2934600,66
5.073686636,2935978,1378
5.076052358,2936060,82
5.076052358,2937422,1362
5.078418080,2937520,98
5.078418080,2938866,1346
5.080783802,2938980,114
5.080783802,2940310,1330
5.083149524,2940440,130
5.083149524,2941754,1314
5.085515246,2941900,146
5.085515246,2943198,1298
5.087881368,2943360,162
5.087881368,2944642,1282
5.090254356,2944820,178
5.090254356,2946086,1266
5.092712069,2946280,194
5.092712069,2947530,1250
5.095077791,2947740,210
5.095077791,2948974,1234
5.097443513,2949200,226
5.097443513,2950418,1218
5.099809235,2950660,242
5.099809235,2951862,1202
5.102174957,2952120,258
5.102174957,2953306,1186
5.104632670,2953580,274
5.104632670,2954750,1170
5.106998392,2955040,290
5.106998392,2956194,1154
5.109364514,2956500,306
5.109364514,2957638,1138
5.111737502,2957960,322
5.111737502,2959082,1122
5.114103224,2959420,338
5.114103224,2960526,1106
5.116560937,2960880,354
5.116560937,2961970,1090
5.118926659,2962340,370
5.118926659,2963414,1074
5.121292381,2963800,386
5.121292381,2964858,1058
5.123658103,2965260,402
5.123658103,2966302,1042
5.126023825,2966720,418
5.126023825,2967746,1026
5.128389547,2968180,434
5.128389547,2969190,1010
5.130755269,2969640,450
5.130755269,2970634,994
5.133121391,2971100,466
5.133121391,2972078,978
5.135586370,2972560,482
5.135586370,2973522,962
5.137952092,2974020,498
5.137952092,2974966,946
5.140317814,2975480,514
5.140317814,2976410,930
5.142683536,2976940,530
5.142683536,2977854,914
5.145049258,2978400,546
5.145049258,2979298,898
5.147506971,2979860,562
5.147506971,2980742,882
5.149872693,2981320,578
5.149872693,2982186,866
5.152238415,2982780,594
5.152238415,2983630,850
5.154332929,2984240,610
5.154332929,2985074,834
5.156433428,2985700,626
5.156433428,2986518,818
5.158527542,2987160,642
5.158527542,2987962,802
5.160621656,2988620,658
5.160621656,2989406,786
5.162715770,2990080,674
5.162715770,2990850,770
5.164891314,2991540,690
5.164891314,2992294,754
5.166985428,2993000,706
5.166985428,2993738,738
5.169079542,2994460,722
5.169079542,2995182,722
5.171173656,2995920,738
5.171173656,2996626,706
5.173267770,2997380,754
5.173267770,2998070,690
5.175450100,2998840,770
5.175450100,2999514,674
5.177544214,3000300,786
5.177544214,3000958,658
5.179638328,3001760,802
5.179638328,3002402,642
5.181732442,3003220,818
5.181732442,3003846,626
5.183826556,3004680,834
5.183826556,3005290,610
5.185920670,3006140,850
5.185920670,3006734,594
5.188014784,3007600,866
5.188014784,3008178,578
5.190190328,3009060,882
5.190190328,3009622,562
5.192284442,3010520,898
5.192284442,3011066,546
5.194378956,3011980,914
5.194378956,3012510,530
5.196479455,3013440,930
5.196479455,3013954,514
5.198573569,3014900,946
5.198573569,3015398,498
5.200667683,3016360,962
5.200667683,3016842,482
5.202843227,3017820,978
5.202843227,3018286,466
5.204937341,3019280,994
5.204937341,3019730,450
5.207031455,3020740,1010
5.207031455,3021174,434
5.209125569,3022200,1026
5.209125569,3022618,418
5.211219683,3023660,1042
5.211219683,3024062,402
5.213395627,3025120,1058
5.213395627,3025506,386
5.215496126,3026580,1074
5.215496126,3026950,370
5.217590240,3028040,1090
5.217590240,3028394,354
5.219684354,3029500,1106
5.219684354,3029838,338
5.221778468,3030960,1122
5.221778468,3031282,322
5.223872582,3032420,1138
5.223872582,3032726,306
5.225966696,3033880,1154
5.225966696,3034170,290
5.228060810,3035340,1170
5.228060810,3035614,274
5.230236354,3036800,1186
5.230236354,3037058,258
5.232330468,3038260,1202
5.232330468,3038502,242
5.234424982,3039720,1218
5.234424982,3039946,226
5.236525481,3041180,1234
5.236525481,3041390,210
5.238619595,3042640,1250
5.238619595,3042834,194
5.240795139,3044100,1266
5.240795139,3044278,178
5.242889253,3045560,1282
5.242889253,3045722,162
5.244983367,3047020,1298
5.244983367,3047166,146
5.247077481,3048480,1314
5.247077481,3048610,130
5.249171595,3049940,1330
5.249171595,3050054,114
5.253210440,3051400,1346
5.253210440,3051498,98
5.255707840,3052860,1362
5.255707840,3052942,82
5.258150371,3054320,1378
5.258150371,3054386,66
5.260694898,3055780,1394
5.260694898,3055830,50
5.263135446,3057240,1410
5.263135446,3057274,34
5.265575994,3058700,1426
5.265575994,3058718,18
5.268016542,3060160,1442
5.268016542,3060162,2
5.270457170,3061614,1452
5.272994264,3061620,6
5.272994264,3063059,1439
5.275436395,3063080,21
5.275436395,3064504,1424
5.277878526,3064540,36
5.277878526,3065949,1409
5.280321057,3066000,51
5.280321057,3067394,1394
5.282770701,3067460,66
5.282770701,3068838,1378
5.285212832,3068920,82
5.285212832,3070282,1362
5.287654963,3070380,98
5.287654963,3071726,1346
5.290192057,3071840,114
5.290192057,3073170,1330
5.292634188,3073300,130
5.292634188,3074614,1314
5.295076319,3074760,146
5.295076319,3076058,1298
5.297518450,3076220,162
5.297518450,3077502,1282
5.299960581,3077680,178
5.299960581,3078946,1266
5.302402712,3079140,194
5.302402712,3080390,1250
5.304947719,3080600,210
5.304947719,3081834,1234
5.307389850,3082060,226
5.307389850,3083278,1218
5.309831981,3083520,242
5.309831981,3084722,1202
5.312274112,3084980,258
5.312274112,3086166,1186
5.314716243,3086440,274
5.314716243,3087610,1170
5.317253337,3087900,290
5.317253337,3089054,1154
5.319695468,3089360,306
5.319695468,3090498,1138
5.322137599,3090820,322
5.322137599,3091942,1122
5.324579730,3092280,338
5.324579730,3093386,1106
5.327022261,3093740,354
5.327022261,3094830,1090
5.329471905,3095200,370
5.329471905,3096274,1074
5.331914036,3096660,386
5.331914036,3097718,1058
5.334356167,3098120,402
5.334356167,3099162,1042
5.336893261,3099580,418
5.336893261,3100606,1026
5.339335392,3101040,434
5.339335392,3102050,1010
5.341777523,3102500,450
5.341777523,3103494,994
5.344219654,3103960,466
5.344219654,3104938,978
5.346661785,3105420,482
5.346661785,3106382,962
5.349199279,3106880,498
5.349199279,3107826,946
5.351648923,3108340,514
5.351648923,3109270,930
5.354087774,3109800,530
5.354087774,3110714,914
5.354460224,3111260,546
5.354460224,3112158,898
5.356829394,3112720,562
5.356829394,3113602,882
5.359198564,3114180,578
5.359198564,3115046,866
5.361567734,3115640,594
5.361567734,3116490,850
5.363936904,3117100,610
5.363936904,3117934,834
5.366398199,3118560,626
5.366398199,3119378,818
5.368767369,3120020,642
5.368767369,3120822,802
5.371136939,3121480,658
5.371136939,3122266,786
5.373513386,3122940,674
5.373513386,3123710,770
5.375882556,3124400,690
5.375882556,3125154,754
5.378343851,3125860,706
5.378343851,3126598,738
5.380713021,3127320,722
5.380713021,3128042,722
5.383082191,3128780,738
5.383082191,3129486,706
5.385451361,3130240,754
5.385451361,3130930,690
5.387820531,3131700,770
5.387820531,3132374,674
5.390281826,3133160,786
5.390281826,3133818,658
5.392651396,3134620,802
5.392651396,3135262,642
5.395027843,3136080,818
5.395027843,3136706,626
5.397397013,3137540,834
5.397397013,3138150,610
5.399766183,3139000,850
5.399766183,3139594,594
5.402135353,3140460,866
5.402135353,3141038,578
5.404504523,3141920,882
5.404504523,3142482,562
5.406873693,3143380,898
5.406873693,3143926,546
5.409334988,3144840,914
5.409334988,3145370,530
5.411704158,3146300,930
5.411704158,3146814,514
5.414073328,3147760,946
5.414073328,3148258,498
5.416442898,3149220,962
5.416442898,3149702,482
5.418819345,3150680,978
5.418819345,3151146,466
5.421280640,3152140,994
5.421280640,3152590,450
5.423649810,3153600,1010
5.423649810,3154034,434
5.426018980,3155060,1026
5.426018980,3155478,418
5.428388150,3156520,1042
5.428388150,3156922,402
5.430757320,3157980,1058
5.430757320,3158366,386
5.433126490,3159440,1074
5.433126490,3159810,370
5.435495660,3160900,1090
5.435495660,3161254,354
5.437864830,3162360,1106
5.437864830,3162698,338
5.440234400,3163820,1122
5.440234400,3164142,322
5.442702972,3165280,1138
5.442702972,3165586,306
5.445072142,3166740,1154
5.445072142,3167030,290
5.447441312,3168200,1170
5.447441312,3168474,274
5.449810482,3169660,1186
5.449810482,3169918,258
5.452179652,3171120,1202
5.452179652,3171362,242
5.454518618,3172580,1218
5.454518618,3172806,226
5.456770037,3174040,1234
5.456770037,3174250,210
5.459021456,3175500,1250
5.459021456,3175694,194
5.461273275,3176960,1266
5.461273275,3177138,178
5.463531590,3178420,1282
5.463531590,3178582,162
5.465783009,3179880,1298
5.465783009,3180026,146
5.468034428,3181340,1314
5.468034428,3181470,130
5.470285847,3182800,1330
5.470285847,3182914,114
5.472624813,3184260,1346
5.472624813,3184358,98
5.474876232,3185720,1362
5.474876232,3185802,82
5.477127651,3187180,1378
5.477127651,3187246,66
5.479378990,3188640,1394
5.479378990,3188690,50
5.481628950,3190100,1410
5.481628950,3190134,34
5.483973752,3191560,1426
5.483973752,3191578,18
5.486223712,3193020,1442
5.486223712,3193022,2
5.488473752,3194474,1452
5.490725171,3194480,6
5.490725171,3195919,1439
5.492976590,3195940,21
5.492976590,3197364,1424
5.495315556,3197400,36
5.495315556,3198809,1409
5.497566975,3198860,51
5.497566975,3200254,1394
5.499818394,3200320,66
5.499818394,3201698,1378
5.502069813,3201780,82
5.502069813,3203142,1362
5.504321632,3203240,98
5.504321632,3204586,1346
5.506579947,3204700,114
5.506579947,3206030,1330
5.508831366,3206160,130
5.508831366,3207474,1314
5.511082785,3207620,146
5.511082785,3208918,1298
5.513421751,3209080,162
5.513421751,3210362,1282
5.515673170,3210540,178
5.515673170,3211806,1266
5.517924589,3212000,194
5.517924589,3213250,1250
5.520176008,3213460,210
5.520176008,3214694,1234
5.522427427,3214920,226
5.522427427,3216138,1218
5.524766793,3216380,242
5.524766793,3217582,1202
5.527025108,3217840,258
5.527025108,3219026,1186
5.529276527,3219300,274
5.529276527,3220470,1170
5.531527946,3220760,290
5.531527946,3221914,1154
5.533779365,3222220,306
5.533779365,3223358,1138
5.536030784,3223680,322
5.536030784,3224802,1122
5.538282203,3225140,338
5.538282203,3226246,1106
5.540533622,3226600,354
5.540533622,3227690,1090
5.542872588,3228060,370
5.542872588,3229134,1074
5.545124007,3229520,386
5.545124007,3230578,1058
5.547375826,3230980,402
5.547375826,3232022,1042
5.549634141,3232440,418
5.549634141,3233466,1026
5.554830567,3233900,434
5.554830567,3234910,1010
5.557433462,3235360,450
5.557433462,3236354,994
5.559885997,3236820,466
5.559885997,3237798,978
5.562338532,3238280,482
5.562338532,3239242,962
5.564791067,3239740,498
5.564791067,3240686,946
5.567243602,3241200,514
5.567243602,3242130,930
5.569696137,3242660,530
5.569696137,3243574,914
5.572148672,3244120,546
5.572148672,3245018,898
5.574704521,3245580,562
5.574704521,3246462,882
5.577157056,3247040,578
5.577157056,3247906,866
5.579609591,3248500,594
5.579609591,3249350,850
5.582062126,3249960,610
5.582062126,3250794,834
5.584514661,3251420,626
5.584514661,3252238,818
5.586967196,3252880,642
5.586967196,3253682,802
5.589515098,3254340,658
5.589515098,3255126,786
5.591967633,3255800,674
5.591967633,3256570,770
5.594420168,3257260,690
5.594420168,3258014,754
5.596873103,3258720,706
5.596873103,3259458,738
5.599333186,3260180,722
5.599333186,3260902,722
5.601881088,3261640,738
5.601881088,3262346,706
5.604333623,3263100,754
5.604333623,3263790,690
5.606786158,3264560,770
5.606786158,3265234,674
5.609238693,3266020,786
5.609238693,3266678,658
5.611691228,3267480,802
5.611691228,3268122,642
5.614143763,3268940,818
5.614143763,3269566,626
5.616596298,3270400,834
5.616596298,3271010,610
5.619048833,3271860,850
5.619048833,3272454,594
5.621604682,3273320,866
5.621604682,3273898,578
5.624057217,3274780,882
5.624057217,3275342,562
5.626509752,3276240,898
5.626509752,3276786,546
5.628962287,3277700,914
5.628962287,3278230,530
5.631414822,3279160,930
5.631414822,3279674,514
5.633962724,3280620,946
5.633962724,3281118,498
5.636415259,3282080,962
5.636415259,3282562,482
5.638867794,3283540,978
5.638867794,3284006,466
5.641320329,3285000,994
5.641320329,3285450,450
5.643773264,3286460,1010
5.643773264,3286894,434
5.646233347,3287920,1026
5.646233347,3288338,418
5.648685882,3289380,1042
5.648685882,3289782,402
5.651138417,3290840,1058
5.651138417,3291226,386
5.653686319,3292300,1074
5.653686319,3292670,370
5.656135574,3293760,1090
5.656135574,3294114,354
5.657509006,3295220,1106
5.657509006,3295558,338
5.659879158,3296680,1122
5.659879158,3297002,322
5.662249310,3298140,1138
5.662249310,3298446,306
5.664712026,3299600,1154
5.664712026,3299890,290
5.667089459,3301060,1170
5.667089459,3301334,274
5.669459611,3302520,1186
5.669459611,3302778,258
5.671829763,3303980,1202
5.671829763,3304222,242
5.674199915,3305440,1218
5.674199915,3305666,226
5.676662231,3306900,1234
5.676662231,3307110,210
5.679032383,3308360,1250
5.679032383,3308554,194
5.681402535,3309820,1266
5.681402535,3309998,178
5.683772687,3311280,1282
5.683772687,3311442,162
5.686142839,3312740,1298
5.686142839,3312886,146
5.688513391,3314200,1314
5.688513391,3314330,130
5.690890824,3315660,1330
5.690890824,3315774,114
5.693260976,3317120,1346
5.693260976,3317218,98
5.695723292,3318580,1362
5.695723292,3318662,82
5.698093444,3320040,1378
5.698093444,3320106,66
5.700463516,3321500,1394
5.700463516,3321550,50
5.702832132,3322960,1410
5.702832132,3322994,34
5.705200748,3324420,1426
5.705200748,3324438,18
5.707661528,3325880,1442
5.707661528,3325882,2
5.710030624,3327334,1452
5.712408057,3327340,6
5.712408057,3328779,1439
5.714778209,3328800,21
5.714778209,3330224,1424
5.717148361,3330260,36
5.717148361,3331669,1409
5.719518513,3331720,51
5.719518513,3333114,1394
5.721888665,3333180,66
5.721888665,3334558,1378
5.724258817,3334640,82
5.724258817,3336002,1362
5.726721133,3336100,98
5.726721133,3337446,1346
5.729091285,3337560,114
5.729091285,3338890,1330
5.731461437,3339020,130
5.731461437,3340334,1314
5.733831989,3340480,146
5.733831989,3341778,1298
5.736209422,3341940,162
5.736209422,3343222,1282
5.738671738,3343400,178
5.738671738,3344666,1266
5.741041890,3344860,194
5.741041890,3346110,1250
5.743412042,3346320,210
5.743412042,3347554,1234
5.745782194,3347780,226
5.745782194,3348998,1218
5.748152346,3349240,242
5.748152346,3350442,1202
5.750522498,3350700,258
5.750522498,3351886,1186
5.752892650,3352160,274
5.752892650,3353330,1170
5.755262802,3353620,290
5.755262802,3354774,1154
5.757473362,3355080,306
5.757473362,3356218,1138
5.759594565,3356540,322
5.759594565,3357662,1122
5.761715768,3358000,338
5.761715768,3359106,1106
5.763836971,3359460,354
5.763836971,3360550,1090
5.765958174,3360920,370
5.765958174,3361994,1074
5.768161860,3362380,386
5.768161860,3363438,1058
5.770283063,3363840,402
5.770283063,3364882,1042
5.772404266,3365300,418
5.772404266,3366326,1026
5.774525469,3366760,434
5.774525469,3367770,1010
5.776647072,3368220,450
5.776647072,3369214,994
5.778857232,3369680,466
5.778857232,3370658,978
5.780978435,3371140,482
5.780978435,3372102,962
5.783099638,3372600,498
5.783099638,3373546,946
5.785220841,3374060,514
5.785220841,3374990,930
5.787342044,3375520,530
5.787342044,3376434,914
5.789463247,3376980,546
5.789463247,3377878,898
5.791584450,3378440,562
5.791584450,3379322,882
5.793705653,3379900,578
5.793705653,3380766,866
5.795909739,3381360,594
5.795909739,3382210,850
5.798037416,3382820,610
5.798037416,3383654,834
5.800158619,3384280,626
5.800158619,3385098,818
5.802279822,3385740,642
5.802279822,3386542,802
5.804401025,3387200,658
5.804401025,3387986,786
5.806604711,3388660,674
5.806604711,3389430,770
5.808725914,3390120,690
5.808725914,3390874,754
5.810847117,3391580,706
5.810847117,3392318,738
5.812968320,3393040,722
5.812968320,3393762,722
5.815089523,3394500,738
5.815089523,3395206,706
5.817211126,3395960,754
5.817211126,3396650,690
5.819338803,3397420,770
5.819338803,3398094,674
5.821460006,3398880,786
5.821460006,3399538,658
5.823663692,3400340,802
5.823663692,3400982,642
5.825784895,3401800,818
5.825784895,3402426,626
5.827906098,3403260,834
5.827906098,3403870,610
5.830027301,3404720,850
5.830027301,3405314,594
5.832148504,3406180,866
5.832148504,3406758,578
5.834352190,3407640,882
5.834352190,3408202,562
5.836473793,3409100,898
5.836473793,3409646,546
5.838601470,3410560,914
5.838601470,3411090,530
5.840722673,3412020,930
5.840722673,3412534,514
5.842843876,3413480,946
5.842843876,3413978,498
5.844965079,3414940,962
5.844965079,3415422,482
5.847086282,3416400,978
5.847086282,3416866,466
5.849207485,3417860,994
5.849207485,3418310,450
5.851411171,3419320,1010
5.851411171,3419754,434
5.853532374,3420780,1026
5.853532374,3421198,418
5.855599276,3422240,1042
5.855599276,3422642,402
5.857666578,3423700,1058
5.857666578,3424086,386
5.859739778,3425160,1074
5.859739778,3425530,370
5.861887052,3426620,1090
5.861887052,3426974,354
5.863953954,3428080,1106
5.863953954,3428418,338
5.866020856,3429540,1122
5.866020856,3429862,322
5.868087758,3431000,1138
5.868087758,3431306,306
5.870154660,3432460,1154
5.870154660,3432750,290
5.872301934,3433920,1170
5.872301934,3434194,274
5.874368836,3435380,1186
5.874368836,3435638,258
5.876436138,3436840,1202
5.876436138,3437082,242
5.878509338,3438300,1218
5.878509338,3438526,226
5.880576240,3439760,1234
5.880576240,3439970,210
5.882643142,3441220,1250
5.882643142,3441414,194
5.884710044,3442680,1266
5.884710044,3442858,178
5.886776946,3444140,1282
5.886776946,3444302,162
5.888924220,3445600,1298
5.888924220,3445746,146
5.890991122,3447060,1314
5.890991122,3447190,130
5.893058024,3448520,1330
5.893058024,3448634,114
5.895124926,3449980,1346
5.895124926,3450078,98
5.897192228,3451440,1362
5.897192228,3451522,82
5.899345800,3452900,1378
5.899345800,3452966,66
5.901412622,3454360,1394
5.901412622,3454410,50
5.903478185,3455820,1410
5.903478185,3455854,34
5.905543748,3457280,1426
5.905543748,3457298,18
5.907609311,3458740,1442
5.907609311,3458742,2
5.909674954,3460194,1452
5.911741856,3460200,6
5.911741856,3461639,1439
5.913808758,3461660,21
5.913808758,3463084,1424
5.915956432,3463120,36
5.915956432,3464529,1409
5.918029632,3464580,51
5.918029632,3465974,1394
5.920096534,3466040,66
5.920096534,3467418,1378
5.922163436,3467500,82
5.922163436,3468862,1362
5.924230338,3468960,98
5.924230338,3470306,1346
5.926297240,3470420,114
5.926297240,3471750,1330
5.928444514,3471880,130
5.928444514,3473194,1314
5.930511416,3473340,146
5.930511416,3474638,1298
5.932578318,3474800,162
5.932578318,3476082,1282
5.934645220,3476260,178
5.934645220,3477526,1266
5.936712522,3477720,194
5.936712522,3478970,1250
5.938785722,3479180,210
5.938785722,3480414,1234
5.940852624,3480640,226
5.940852624,3481858,1218
5.942919526,3482100,242
5.942919526,3483302,1202
5.945066800,3483560,258
5.945066800,3484746,1186
5.947133702,3485020,274
5.947133702,3486190,1170
5.949200604,3486480,290
5.949200604,3487634,1154
5.951267506,3487940,306
5.951267506,3489078,1138
5.953331128,3489400,322
5.953331128,3490522,1122
5.954717749,3490860,338
5.954717749,3491966,1106
5.957018530,3492320,354
5.957018530,3493410,1090
5.959312278,3493780,370
5.959312278,3494854,1074
5.961606026,3495240,386
5.961606026,3496298,1058
5.963899774,3496700,402
5.963899774,3497742,1042
5.966282715,3498160,418
5.966282715,3499186,1026
5.968576463,3499620,434
5.968576463,3500630,1010
5.970870211,3501080,450
5.970870211,3502074,994
5.973163959,3502540,466
5.973163959,3503518,978
5.975457707,3504000,482
5.975457707,3504962,962
5.977751855,3505460,498
5.977751855,3506406,946
5.980052636,3506920,514
5.980052636,3507850,930
5.982346384,3508380,530
5.982346384,3509294,914
5.984729325,3509840,546
5.984729325,3510738,898
5.987023073,3511300,562
5.987023073,3512182,882
5.989316821,3512760,578
5.989316821,3513626,866
5.991610569,3514220,594
5.991610569,3515070,850
5.993904317,3515680,610
5.993904317,3516514,834
5.996287258,3517140,626
5.996287258,3517958,818
5.998581406,3518600,642
5.998581406,3519402,802
6.000882187,3520060,658
6.000882187,3520846,786
6.003175935,3521520,674
6.003175935,3522290,770
6.005469683,3522980,690
6.005469683,3523734,754
6.007763431,3524440,706
6.007763431,3525178,738
6.010057179,3525900,722
6.010057179,3526622,722
6.012350927,3527360,738
6.012350927,3528066,706
6.014733868,3528820,754
6.014733868,3529510,690
6.017027616,3530280,770
6.017027616,3530954,674
6.019321364,3531740,786
6.019321364,3532398,658
6.021615512,3533200,802
6.021615512,3533842,642
6.023916293,3534660,818
6.023916293,3535286,626
6.026299234,3536120,834
6.026299234,3536730,610
6.028592982,3537580,850
6.028592982,3538174,594
6.030886730,3539040,866
6.030886730,3539618,578
6.033180478,3540500,882
6.033180478,3541062,562
6.035474226,3541960,898
6.035474226,3542506,546
6.037857167,3543420,914
6.037857167,3543950,530
6.040150915,3544880,930
6.040150915,3545394,514
6.042445063,3546340,946
6.042445063,3546838,498
6.044745844,3547800,962
6.044745844,3548282,482
6.047039592,3549260,978
6.047039592,3549726,466
6.049333340,3550720,994
6.049333340,3551170,450
6.051627088,3552180,1010
6.051627088,3552614,434
6.054855790,3553640,1026
6.054855790,3554058,418
6.057075663,3555100,1042
6.057075663,3555502,402
6.059149836,3556560,1058
6.059149836,3556946,386
6.061224009,3558020,1074
6.061224009,3558390,370
6.063298182,3559480,1090
6.063298182,3559834,354
6.065372755,3560940,1106
6.065372755,3561278,338
6.067533903,3562400,1122
6.067533903,3562722,322
6.069608076,3563860,1138
6.069608076,3564166,306
6.071682249,3565320,1154
6.071682249,3565610,290
6.073756422,3566780,1170
6.073756422,3567054,274
6.075830595,3568240,1186
6.075830595,3568498,258
6.077904768,3569700,1202
6.077904768,3569942,242
6.079978941,3571160,1218
6.079978941,3571386,226
6.082053114,3572620,1234
6.082053114,3572830,210
6.084208341,3574080,1250
6.084208341,3574274,194
6.086288835,3575540,1266
6.086288835,3575718,178
6.088363008,3577000,1282
6.088363008,3577162,162
6.090437181,3578460,1298
6.090437181,3578606,146
6.092511354,3579920,1314
6.092511354,3580050,130
6.094666181,3581380,1330
6.094666181,3581494,114
6.096740354,3582840,1346
6.096740354,3582938,98
6.098814527,3584300,1362
6.098814527,3584382,82
6.100888700,3585760,1378
6.100888700,3585826,66
6.102962793,3587220,1394
6.102962793,3587270,50
6.105036021,3588680,1410
6.105036021,3588714,34
6.107115171,3590140,1426
6.107115171,3590158,18
6.109187999,3591600,1442
6.109187999,3591602,2
6.111341561,3593054,1452
6.113415734,3593060,6
6.113415734,3594499,1439
6.115489907,3594520,21
6.115489907,3595944,1424
6.117564080,3595980,36
6.117564080,3597389,1409
6.119638253,3597440,51
6.119638253,3598834,1394
6.121793080,3598900,66
6.121793080,3600278,1378
6.123867653,3600360,82
6.123867653,3601722,1362
6.125948147,3601820,98
6.125948147,3603166,1346
6.128022320,3603280,114
6.128022320,3604610,1330
6.130096493,3604740,130
6.130096493,3606054,1314
6.132251320,3606200,146
6.132251320,3607498,1298
6.134325493,3607660,162
6.134325493,3608942,1282
6.136399666,3609120,178
6.136399666,3610386,1266
6.138473839,3610580,194
6.138473839,3611830,1250
6.140548012,3612040,210
6.140548012,3613274,1234
6.142622185,3613500,226
6.142622185,3614718,1218
6.144696758,3614960,242
6.144696758,3616162,1202
6.146777252,3616420,258
6.146777252,3617606,1186
6.148932079,3617880,274
6.148932079,3619050,1170
6.151006252,3619340,290
6.151006252,3620494,1154
6.153080425,3620800,306
6.153080425,3621938,1138
6.153502224,3622260,322
6.153502224,3623382,1122
6.155933512,3623720,338
6.155933512,3624826,1106
6.158459341,3625180,354
6.158459341,3626270,1090
6.160890629,3626640,370
6.160890629,3627714,1074
6.163322317,3628100,386
6.163322317,3629158,1058
6.165761083,3629560,402
6.165761083,3630602,1042
6.168192371,3631020,418
6.168192371,3632046,1026
6.170623659,3632480,434
6.170623659,3633490,1010
6.173054947,3633940,450
6.173054947,3634934,994
6.175486235,3635400,466
6.175486235,3636378,978
6.178012064,3636860,482
6.178012064,3637822,962
6.180443352,3638320,498
6.180443352,3639266,946
6.182874640,3639780,514
6.182874640,3640710,930
6.185305928,3641240,530
6.185305928,3642154,914
6.187737616,3642700,546
6.187737616,3643598,898
6.190270923,3644160,562
6.190270923,3645042,882
6.192702211,3645620,578
6.192702211,3646486,866
6.195133499,3647080,594
6.195133499,3647930,850
6.197564787,3648540,610
6.197564787,3649374,834
6.199996075,3650000,626
6.199996075,3650818,818
6.202427363,3651460,642
6.202427363,3652262,802
6.204858651,3652920,658
6.204858651,3653706,786
6.207289939,3654380,674
6.207289939,3655150,770
6.209816168,3655840,690
6.209816168,3656594,754
6.212254934,3657300,706
6.212254934,3658038,738
6.214686222,3658760,722
6.214686222,3659482,722
6.217117510,3660220,738
6.217117510,3660926,706
6.219548798,3661680,754
6.219548798,3662370,690
6.222074627,3663140,770
6.222074627,3663814,674
6.224505915,3664600,786
6.224505915,3665258,658
6.226937203,3666060,802
6.226937203,3666702,642
6.229368491,3667520,818
6.229368491,3668146,626
6.231799779,3668980,834
6.231799779,3669590,610
6.234333486,3670440,850
6.234333486,3671034,594
6.236764774,3671900,866
6.236764774,3672478,578
6.239196062,3673360,882
6.239196062,3673922,562
6.241627350,3674820,898
6.241627350,3675366,546
6.244058638,3676280,914
6.244058638,3676810,530
6.246489926,3677740,930
6.246489926,3678254,514
6.248921214,3679200,946
6.248921214,3679698,498
6.251349222,3680660,962
6.251349222,3681142,482
6.252523218,3682120,978
6.252523218,3682586,466
6.254613085,3683580,994
6.254613085,3684030,450
6.256708923,3685040,1010
6.256708923,3685474,434
6.258798390,3686500,1026
6.258798390,3686918,418
6.260887857,3687960,1042
6.260887857,3688362,402
6.263058573,3689420,1058
6.263058573,3689806,386
6.265148040,3690880,1074
6.265148040,3691250,370
6.267237507,3692340,1090
6.267237507,3692694,354
6.269326974,3693800,1106
6.269326974,3694138,338
6.271416441,3695260,1122
6.271416441,3695582,322
6.273505908,3696720,1138
6.273505908,3697026,306
6.275595775,3698180,1154
6.275595775,3698470,290
6.277691613,3699640,1170
6.277691613,3699914,274
6.279862329,3701100,1186
6.279862329,3701358,258
6.281951796,3702560,1202
6.281951796,3702802,242
6.284041263,3704020,1218
6.284041263,3704246,226
6.286130730,3705480,1234
6.286130730,3705690,210
6.288220197,3706940,1250
6.288220197,3707134,194
6.290390913,3708400,1266
6.290390913,3708578,178
6.292480380,3709860,1282
6.292480380,3710022,162
6.294570247,3711320,1298
6.294570247,3711466,146
6.296666085,3712780,1314
6.296666085,3712910,130
6.298755552,3714240,1330
6.298755552,3714354,114
6.300845019,3715700,1346
6.300845019,3715798,98
6.302934486,3717160,1362
6.302934486,3717242,82
6.305023953,3718620,1378
6.305023953,3718686,66
6.307194589,3720080,1394
6.307194589,3720130,50
6.309282702,3721540,1410
6.309282702,3721574,34
6.311370815,3723000,1426
6.311370815,3723018,18
6.313458928,3724460,1442
6.313458928,3724462,2
6.315547521,3725914,1452
6.317724608,3725920,6
6.317724608,3727359,1439
6.319814075,3727380,21
6.319814075,3728804,1424
6.321903542,3728840,36
6.321903542,3730249,1409
6.323993009,3730300,51
6.323993009,3731694,1394
6.326082476,3731760,66
6.326082476,3733138,1378
6.328253192,3733220,82
6.328253192,3734582,1362
6.330342659,3734680,98
6.330342659,3736026,1346
6.332432126,3736140,114
6.332432126,3737470,1330
6.334521993,3737600,130
6.334521993,3738914,1314
6.336617831,3739060,146
6.336617831,3740358,1298
6.338707298,3740520,162
6.338707298,3741802,1282
6.340796765,3741980,178
6.340796765,3743246,1266
6.342886232,3743440,194
6.342886232,3744690,1250
6.345056948,3744900,210
6.345056948,3746134,1234
6.347146415,3746360,226
6.347146415,3747578,1218
6.349235882,3747820,242
6.349235882,3749022,1202
6.353261210,3749280,258
6.353261210,3750466,1186
6.355433675,3750740,274
6.355433675,3751910,1170
6.357630815,3752200,290
6.357630815,3753354,1154
6.359739141,3753660,306
6.359739141,3754798,1138
6.361847467,3755120,322
6.361847467,3756242,1122
6.363955793,3756580,338
6.363955793,3757686,1106
6.366064119,3758040,354
6.366064119,3759130,1090
6.368172445,3759500,370
6.368172445,3760574,1074
6.370280771,3760960,386
6.370280771,3762018,1058
6.372389097,3762420,402
6.372389097,3763462,1042
6.374579405,3763880,418
6.374579405,3764906,1026
6.376688131,3765340,434
6.376688131,3766350,1010
6.378802889,3766800,450
6.378802889,3767794,994
6.380911215,3768260,466
6.380911215,3769238,978
6.383019541,3769720,482
6.383019541,3770682,962
6.385209849,3771180,498
6.385209849,3772126,946
6.387318175,3772640,514
6.387318175,3773570,930
6.389426501,3774100,530
6.389426501,3775014,914
6.391534827,3775560,546
6.391534827,3776458,898
6.393643153,3777020,562
6.393643153,3777902,882
6.395751479,3778480,578
6.395751479,3779346,866
6.397948619,3779940,594
6.397948619,3780790,850
6.400056945,3781400,610
6.400056945,3782234,834
6.402165271,3782860,626
6.402165271,3783678,818
6.404273597,3784320,642
6.404273597,3785122,802
6.406381923,3785780,658
6.406381923,3786566,786
6.408490249,3787240,674
6.408490249,3788010,770
6.410598575,3788700,690
6.410598575,3789454,754
6.412706901,3790160,706
6.412706901,3790898,738
6.414897209,3791620,722
6.414897209,3792342,722
6.417005935,3793080,738
6.417005935,3793786,706
6.419120693,3794540,754
6.419120693,3795230,690
6.421229019,3796000,770
6.421229019,3796674,674
6.423337345,3797460,786
6.423337345,3798118,658
6.425527653,3798920,802
6.425527653,3799562,642
6.427635979,3800380,818
6.427635979,3801006,626
6.429744305,3801840,834
6.429744305,3802450,610
6.431852631,3803300,850
6.431852631,3803894,594
6.433960957,3804760,866
6.433960957,3805338,578
6.436069283,3806220,882
6.436069283,3806782,562
6.438178009,3807680,898
6.438178009,3808226,546
6.440292767,3809140,914
6.440292767,3809670,530
6.442483075,3810600,930
6.442483075,3811114,514
6.444591401,3812060,946
6.444591401,3812558,498
6.446699727,3813520,962
6.446699727,3814002,482
6.448808053,3814980,978
6.448808053,3815446,466
6.450916379,3816440,994
6.450916379,3816890,450
6.453106687,3817900,1010
6.453106687,3818334,434
6.455272143,3819360,1026
6.455272143,3819778,418
6.457437999,3820820,1042
6.457437999,3821222,402
6.459610072,3822280,1058
6.459610072,3822666,386
6.461775528,3823740,1074
6.461775528,3824110,370
6.463940984,3825200,1090
6.463940984,3825554,354
6.466106440,3826660,1106
6.466106440,3826998,338
6.468271896,3828120,1122
6.468271896,3828442,322
6.470521556,3829580,1138
6.470521556,3829886,306
6.472687012,3831040,1154
6.472687012,3831330,290
6.474852468,3832500,1170
6.474852468,3832774,274
6.477017924,3833960,1186
6.477017924,3834218,258
6.479183780,3835420,1202
6.479183780,3835662,242
6.481440057,3836880,1218
6.481440057,3837106,226
6.483605513,3838340,1234
6.483605513,3838550,210
6.485770969,3839800,1250
6.485770969,3839994,194
6.487936425,3841260,1266
6.487936425,3841438,178
6.490101881,3842720,1282
6.490101881,3842882,162
6.492351541,3844180,1298
6.492351541,3844326,146
6.494516997,3845640,1314
6.494516997,3845770,130
6.496682453,3847100,1330
6.496682453,3847214,114
6.498848309,3848560,1346
6.498848309,3848658,98
6.501020382,3850020,1362
6.501020382,3850102,82
6.503185838,3851480,1378
6.503185838,3851546,66
6.505351214,3852940,1394
6.505351214,3852990,50
6.507515267,3854400,1410
6.507515267,3854434,34
6.509763524,3855860,1426
6.509763524,3855878,18
6.511927577,3857320,1442
6.511927577,3857322,2
6.514091710,3858774,1452
6.516257166,3858780,6
6.516257166,3860219,1439
6.518422622,3860240,21
6.518422622,3861664,1424
6.520679299,3861700,36
6.520679299,3863109,1409
6.522844755,3863160,51
6.522844755,3864554,1394
6.525010211,3864620,66
6.525010211,3865998,1378
6.527175667,3866080,82
6.527175667,3867442,1362
6.529341123,3867540,98
6.529341123,3868886,1346
6.531506579,3869000,114
6.531506579,3870330,1330
6.533672035,3870460,130
6.533672035,3871774,1314
6.535837491,3871920,146
6.535837491,3873218,1298
6.538087151,3873380,162
6.538087151,3874662,1282
6.540253007,3874840,178
6.540253007,3876106,1266
6.542425080,3876300,194
6.542425080,3877550,1250
6.544590536,3877760,210
6.544590536,3878994,1234
6.546755992,3879220,226
6.546755992,3880438,1218
6.549005652,3880680,242
6.549005652,3881882,1202
6.551171108,3882140,258
6.551171108,3883326,1186
6.553333284,3883600,274
6.553333284,3884770,1170
6.554705833,3885060,290
6.554705833,3886214,1154
6.557075102,3886520,306
6.557075102,3887658,1138
6.559444371,3887980,322
6.559444371,3889102,1122
6.561814040,3889440,338
6.561814040,3890546,1106
6.564190586,3890900,354
6.564190586,3891990,1090
6.566651984,3892360,370
6.566651984,3893434,1074
6.569021253,3893820,386
6.569021253,3894878,1058
6.571390522,3895280,402
6.571390522,3896322,1042
6.573759791,3896740,418
6.573759791,3897766,1026
6.576129060,3898200,434
6.576129060,3899210,1010
6.578590458,3899660,450
6.578590458,3900654,994
6.580959727,3901120,466
6.580959727,3902098,978
6.583329396,3902580,482
6.583329396,3903542,962
6.585705942,3904040,498
6.585705942,3904986,946
6.588075211,3905500,514
6.588075211,3906430,930
6.590536609,3906960,530
6.590536609,3907874,914
6.592905878,3908420,546
6.592905878,3909318,898
6.595275147,3909880,562
6.595275147,3910762,882
6.597644416,3911340,578
6.597644416,3912206,866
6.600013685,3912800,594
6.600013685,3913650,850
6.602382954,3914260,610
6.602382954,3915094,834
6.604752223,3915720,626
6.604752223,3916538,818
6.607121892,3917180,642
6.607121892,3917982,802
6.609590567,3918640,658
6.609590567,3919426,786
6.611959836,3920100,674
6.611959836,3920870,770
6.614329105,3921560,690
6.614329105,3922314,754
6.616698374,3923020,706
6.616698374,3923758,738
6.619067643,3924480,722
6.619067643,3925202,722
6.621529041,3925940,738
6.621529041,3926646,706
6.623898310,3927400,754
6.623898310,3928090,690
6.626267579,3928860,770
6.626267579,3929534,674
6.628637248,3930320,786
6.628637248,3930978,658
6.631013794,3931780,802
6.631013794,3932422,642
6.633383063,3933240,818
6.633383063,3933866,626
6.635752332,3934700,834
6.635752332,3935310,610
6.638121601,3936160,850
6.638121601,3936754,594
6.640582999,3937620,866
6.640582999,3938198,578
6.642952268,3939080,882
6.642952268,3939642,562
6.645321537,3940540,898
6.645321537,3941086,546
6.647690806,3942000,914
6.647690806,3942530,530
6.650060075,3943460,930
6.650060075,3943974,514
6.652529151,3944920,946
6.652529151,3945418,498
6.654702983,3946380,962
6.654702983,3946862,482
6.656876815,3947840,978
6.656876815,3948306,466
6.659050647,3949300,994
6.659050647,3949750,450
6.661224479,3950760,1010
6.661224479,3951194,434
6.663398311,3952220,1026
6.663398311,3952638,418
6.665572143,3953680,1042
6.665572143,3954082,402
6.667745975,3955140,1058
6.667745975,3955526,386
6.670004337,3956600,1074
6.670004337,3956970,370
6.672178569,3958060,1090
6.672178569,3958414,354
6.674359045,3959520,1106
6.674359045,3959858,338
6.676532877,3960980,1122
6.676532877,3961302,322
6.678706709,3962440,1138
6.678706709,3962746,306
6.680965071,3963900,1154
6.680965071,3964190,290
6.683138903,3965360,1170
6.683138903,3965634,274
6.685312735,3966820,1186
6.685312735,3967078,258
6.687486567,3968280,1202
6.687486567,3968522,242
6.689660399,3969740,1218
6.689660399,3969966,226
6.691919161,3971200,1234
6.691919161,3971410,210
6.694099637,3972660,1250
6.694099637,3972854,194
6.696273469,3974120,1266
6.696273469,3974298,178
6.698447301,3975580,1282
6.698447301,3975742,162
6.700621133,3977040,1298
6.700621133,3977186,146
6.702794965,3978500,1314
6.702794965,3978630,130
6.704968797,3979960,1330
6.704968797,3980074,114
6.707142629,3981420,1346
6.707142629,3981518,98
6.709400991,3982880,1362
6.709400991,3982962,82
6.711574823,3984340,1378
6.711574823,3984406,66
6.713748975,3985800,1394
6.713748975,3985850,50
6.715928042,3987260,1410
6.715928042,3987294,34
6.718100465,3988720,1426
6.718100465,3988738,18
6.720357418,3990180,1442
6.720357418,3990182,2
6.722529921,3991634,1452
6.724703753,3991640,6
6.724703753,3993079,1439
6.726877585,3993100,21
6.726877585,3994524,1424
6.729051417,3994560,36
6.729051417,3995969,1409
6.731225249,3996020,51
6.731225249,3997414,1394
6.733399081,3997480,66
6.733399081,3998858,1378
6.735573313,3998940,82
6.735573313,4000302,1362
6.737838319,4000400,98
6.737838319,4001746,1346
6.740012151,4001860,114
6.740012151,4003190,1330
6.742185983,4003320,130
6.742185983,4004634,1314
6.744359815,4004780,146
6.744359815,4006078,1298
6.746533647,4006240,162
6.746533647,4007522,1282
6.748792009,4007700,178
6.748792009,4008966,1266
6.750965841,4009160,194
6.750965841,4010410,1250
6.754078024,4010620,210
6.754078024,4011854,1234
6.756342119,4012080,226
6.756342119,4013298,1218
6.758550901,4013540,242
6.758550901,4014742,1202
6.760752947,4015000,258
6.760752947,4016186,1186
6.762954993,4016460,274
6.762954993,4017630,1170
6.765157039,4017920,290
6.765157039,4019074,1154
6.767444712,4019380,306
6.767444712,4020518,1138
6.769646758,4020840,322
6.769646758,4021962,1122
6.771848804,4022300,338
6.771848804,4023406,1106
6.774050850,4023760,354
6.774050850,4024850,1090
6.776252896,4025220,370
6.776252896,4026294,1074
6.778547704,4026680,386
6.778547704,4027738,1058
6.780749750,4028140,402
6.780749750,4029182,1042
6.782951796,4029600,418
6.782951796,4030626,1026
6.785153842,4031060,434
6.785153842,4032070,1010
6.787355888,4032520,450
6.787355888,4033514,994
6.789643561,4033980,466
6.789643561,4034958,978
6.791845607,4035440,482
6.791845607,4036402,962
6.794047653,4036900,498
6.794047653,4037846,946
6.796249699,4038360,514
6.796249699,4039290,930
6.798452145,4039820,530
6.798452145,4040734,914
6.800660927,4041280,546
6.800660927,4042178,898
6.802862973,4042740,562
6.802862973,4043622,882
6.805065019,4044200,578
6.805065019,4045066,866
6.807352692,4045660,594
6.807352692,4046510,850
6.809554738,4047120,610
6.809554738,4047954,834
6.811756784,4048580,626
6.811756784,4049398,818
6.813958830,4050040,642
6.813958830,4050842,802
6.816160876,4051500,658
6.816160876,4052286,786
6.818448949,4052960,674
6.818448949,4053730,770
6.820657731,4054420,690
6.820657731,4055174,754
6.822859777,4055880,706
6.822859777,4056618,738
6.825061823,4057340,722
6.825061823,4058062,722
6.827263869,4058800,738
6.827263869,4059506,706
6.829465915,4060260,754
6.829465915,4060950,690
6.831667961,4061720,770
6.831667961,4062394,674
6.833870007,4063180,786
6.833870007,4063838,658
6.836157680,4064640,802
6.836157680,4065282,642
6.838359726,4066100,818
6.838359726,4066726,626
6.840562172,4067560,834
6.840562172,4068170,610
6.842770954,4069020,850
6.842770954,4069614,594
6.844973000,4070480,866
6.844973000,4071058,578
6.847260673,4071940,882
6.847260673,4072502,562
6.849462719,4073400,898
6.849462719,4073946,546
6.851664765,4074860,914
6.851664765,4075390,530
6.853866811,4076320,930
6.853866811,4076834,514
6.855993231,4077780,946
6.855993231,4078278,498
6.858202337,4079240,962
6.858202337,4079722,482
6.860329157,4080700,978
6.860329157,4081166,466
6.862462067,4082160,994
6.862462067,4082610,450
6.864588487,4083620,1010
6.864588487,4084054,434
6.866714907,4085080,1026
6.866714907,4085498,418
6.868841327,4086540,1042
6.868841327,4086942,402
6.870967747,4088000,1058
6.870967747,4088386,386
6.873094167,4089460,1074
6.873094167,4089830,370
6.875220587,4090920,1090
6.875220587,4091274,354
6.877429693,4092380,1106
6.877429693,4092718,338
6.879556113,4093840,1122
6.879556113,4094162,322
6.881682933,4095300,1138
6.881682933,4095606,306
6.883815843,4096760,1154
6.883815843,4097050,290
6.885942263,4098220,1170
6.885942263,4098494,274
6.888151369,4099680,1186
6.888151369,4099938,258
6.890277789,4101140,1202
6.890277789,4101382,242
6.892404209,4102600,1218
6.892404209,4102826,226
6.894530629,4104060,1234
6.894530629,4104270,210
6.896657049,4105520,1250
6.896657049,4105714,194
6.898783469,4106980,1266
6.898783469,4107158,178
6.900909889,4108440,1282
6.900909889,4108602,162
6.903036709,4109900,1298
6.903036709,4110046,146
6.905252305,4111360,1314
6.905252305,4111490,130
6.907378725,4112820,1330
6.907378725,4112934,114
6.909505145,4114280,1346
6.909505145,4114378,98
6.911631565,4115740,1362
6.911631565,4115822,82
6.913757985,4117200,1378
6.913757985,4117266,66
6.915967011,4118660,1394
6.915967011,4118710,50
6.918092053,4120120,1410
6.918092053,4120154,34
6.920217095,4121580,1426
6.920217095,4121598,18
6.922342537,4123040,1442
6.922342537,4123042,2
6.924474149,4124494,1452
6.926600569,4124500,6
6.926600569,4125939,1439
6.928726989,4125960,21
6.928726989,4127384,1424
6.930853409,4127420,36
6.930853409,4128829,1409
6.933062515,4128880,51
6.933062515,4130274,1394
6.935188935,4130340,66
6.935188935,4131718,1378
6.937315355,4131800,82
6.937315355,4133162,1362
6.939441775,4133260,98
6.939441775,4134606,1346
6.941568195,4134720,114
6.941568195,4136050,1330
6.943784192,4136180,130
6.943784192,4137494,1314
6.945910612,4137640,146
6.945910612,4138938,1298
6.948037032,4139100,162
6.948037032,4140382,1282
6.950163452,4140560,178
6.950163452,4141826,1266
6.952286592,4142020,194
6.952286592,4143270,1250
6.952697719,4143480,210
6.952697719,4144714,1234
6.955015441,4144940,226
6.955015441,4146158,1218
6.957333163,4146400,242
6.957333163,4147602,1202
6.959650885,4147860,258
6.959650885,4149046,1186
6.961969007,4149320,274
6.961969007,4150490,1170
6.964293840,4150780,290
6.964293840,4151934,1154
6.966611562,4152240,306
6.966611562,4153378,1138
6.968929284,4153700,322
6.968929284,4154822,1122
6.971337131,4155160,338
6.971337131,4156266,1106
6.973654853,4156620,354
6.973654853,4157710,1090
6.975972575,4158080,370
6.975972575,4159154,1074
6.978290297,4159540,386
6.978290297,4160598,1058
6.980608019,4161000,402
6.980608019,4162042,1042
6.983016266,4162460,418
6.983016266,4163486,1026
6.985341099,4163920,434
6.985341099,4164930,1010
6.987658821,4165380,450
6.987658821,4166374,994
6.989976543,4166840,466
6.989976543,4167818,978
6.992294265,4168300,482
6.992294265,4169262,962
6.994611987,4169760,498
6.994611987,4170706,946
6.996929709,4171220,514
6.996929709,4172150,930
6.999247431,4172680,530
6.999247431,4173594,914
7.001655278,4174140,546
7.001655278,4175038,898
7.003973000,4175600,562
7.003973000,4176482,882
7.006291122,4177060,578
7.006291122,4177926,866
7.008615955,4178520,594
7.008615955,4179370,850
7.010933677,4179980,610
7.010933677,4180814,834
7.013341524,4181440,626
7.013341524,4182258,818
7.015659246,4182900,642
7.015659246,4183702,802
7.017976968,4184360,658
7.017976968,4185146,786
7.020294690,4185820,674
7.020294690,4186590,770
7.022612412,4187280,690
7.022612412,4188034,754
7.024930134,4188740,706
7.024930134,4189478,738
7.027247856,4190200,722
7.027247856,4190922,722
7.029565978,4191660,738
7.029565978,4192366,706
7.031980936,4193120,754
7.031980936,4193810,690
7.034298658,4194580,770
7.034298658,4195254,674
7.036616380,4196040,786
7.036616380,4196698,658
7.038934102,4197500,802
7.038934102,4198142,642
7.041251824,4198960,818
7.041251824,4199586,626
7.043659671,4200420,834
7.043659671,4201030,610
7.045977393,4201880,850
7.045977393,4202474,594
7.048295115,4203340,866
7.048295115,4203918,578
7.052565078,4204800,882
7.052565078,4205362,562
7.055035843,4206260,898
7.055035843,4206806,546
7.057451023,4207720,914
7.057451023,4208250,530
7.059960117,4209180,930
7.059960117,4209694,514
7.062375297,4210640,946
7.062375297,4211138,498
7.064790477,4212100,962
7.064790477,4212582,482
7.067205657,4213560,978
7.067205657,4214026,466
7.069620837,4215020,994
7.069620837,4215470,450
7.072036017,4216480,1010
7.072036017,4216914,434
7.074451197,4217940,1026
7.074451197,4218358,418
7.076968118,4219400,1042
7.076968118,4219802,402
7.079383298,4220860,1058
7.079383298,4221246,386
7.081798478,4222320,1074
7.081798478,4222690,370
7.084213658,4223780,1090
7.084213658,4224134,354
7.086628838,4225240,1106
7.086628838,4225578,338
7.089044018,4226700,1122
7.089044018,4227022,322
7.091553112,4228160,1138
7.091553112,4228466,306
7.093968292,4229620,1154
7.093968292,4229910,290
7.096383472,4231080,1170
7.096383472,4231354,274
7.098799052,4232540,1186
7.098799052,4232798,258
7.101221658,4234000,1202
7.101221658,4234242,242
7.103636838,4235460,1218
7.103636838,4235686,226
7.106052018,4236920,1234
7.106052018,4237130,210
7.108561112,4238380,1250
7.108561112,4238574,194
7.110976292,4239840,1266
7.110976292,4240018,178
7.113391472,4241300,1282
7.113391472,4241462,162
7.115806652,4242760,1298
7.115806652,4242906,146
7.118221832,4244220,1314
7.118221832,4244350,130
7.120637012,4245680,1330
7.120637012,4245794,114
7.123153933,4247140,1346
7.123153933,4247238,98
7.125569113,4248600,1362
7.125569113,4248682,82
7.127984293,4250060,1378
7.127984293,4250126,66
7.130399393,4251520,1394
7.130399393,4251570,50
7.132813007,4252980,1410
7.132813007,4253014,34
7.135226621,4254440,1426
7.135226621,4254458,18
7.137640235,4255900,1442
7.137640235,4255902,2
7.140147843,4257354,1452
7.142563023,4257360,6
7.142563023,4258799,1439
7.144978603,4258820,21
7.144978603,4260244,1424
7.147401209,4260280,36
7.147401209,4261689,1409
7.149816389,4261740,51
7.149816389,4263134,1394
7.152322203,4263200,66
7.152322203,4264578,1378
7.152692533,4264660,82
7.152692533,4266022,1362
7.155059583,4266120,98
7.155059583,4267466,1346
7.157426633,4267580,114
7.157426633,4268910,1330
7.159793683,4269040,130
7.159793683,4270354,1314
7.162160733,4270500,146
7.162160733,4271798,1298
7.164620226,4271960,162
7.164620226,4273242,1282
7.166994546,4273420,178
7.166994546,4274686,1266
7.169361596,4274880,194
7.169361596,4276130,1250
7.171728646,4276340,210
7.171728646,4277574,1234
7.174095696,4277800,226
7.174095696,4279018,1218
7.176462746,4279260,242
7.176462746,4280462,1202
7.178829796,4280720,258
7.178829796,4281906,1186
7.181288889,4282180,274
7.181288889,4283350,1170
7.183655939,4283640,290
7.183655939,4284794,1154
7.186022989,4285100,306
7.186022989,4286238,1138
7.188390439,4286560,322
7.188390439,4287682,1122
7.190764759,4288020,338
7.190764759,4289126,1106
7.193131809,4289480,354
7.193131809,4290570,1090
7.195590902,4290940,370
7.195590902,4292014,1074
7.197957952,4292400,386
7.197957952,4293458,1058
7.200325002,4293860,402
7.200325002,4294902,1042
7.202692052,4295320,418
7.202692052,4296346,1026
7.205059102,4296780,434
7.205059102,4297790,1010
7.207426152,4298240,450
7.207426152,4299234,994
7.209793202,4299700,466
7.209793202,4300678,978
7.212259965,4301160,482
7.212259965,4302122,962
7.214627015,4302620,498
7.214627015,4303566,946
7.216994065,4304080,514
7.216994065,4305010,930
7.219361115,4305540,530
7.219361115,4306454,914
7.221728165,4307000,546
7.221728165,4307898,898
7.224095215,4308460,562
7.224095215,4309342,882
7.226554308,4309920,578
7.226554308,4310786,866
7.228921358,4311380,594
7.228921358,4312230,850
7.231288408,4312840,610
7.231288408,4313674,834
7.233655858,4314300,626
7.233655858,4315118,818
7.236030178,4315760,642
7.236030178,4316562,802
7.238489271,4317220,658
7.238489271,4318006,786
7.240856321,4318680,674
7.240856321,4319450,770
7.243223371,4320140,690
7.243223371,4320894,754
7.245590421,4321600,706
7.245590421,4322338,738
7.247957471,4323060,722
7.247957471,4323782,722
7.254266074,4324520,738
7.254266074,4325226,706
7.256647059,4325980,754
7.256647059,4326670,690
7.259060309,4327440,770
7.259060309,4328114,674
7.261389973,4328900,786
7.261389973,4329558,658
7.263712511,4330360,802
7.263712511,4331002,642
7.266035049,4331820,818
7.266035049,4332446,626
7.268357587,4333280,834
7.268357587,4333890,610
7.270680125,4334740,850
7.270680125,4335334,594
7.273092975,4336200,866
7.273092975,4336778,578
7.275415513,4337660,882
7.275415513,4338222,562
7.277738051,4339120,898
7.277738051,4339666,546
7.280060589,4340580,914
7.280060589,4341110,530
7.282383527,4342040,930
7.282383527,4342554,514
7.284713191,4343500,946
7.284713191,4343998,498
7.287035729,4344960,962
7.287035729,4345442,482
7.289448579,4346420,978
7.289448579,4346886,466
7.291771117,4347880,994
7.291771117,4348330,450
7.294093655,4349340,1010
7.294093655,4349774,434
7.296416193,4350800,1026
7.296416193,4351218,418
7.298738731,4352260,1042
7.298738731,4352662,402
7.301061269,4353720,1058
7.301061269,4354106,386
7.303474519,4355180,1074
7.303474519,4355550,370
7.305804183,4356640,1090
7.305804183,4356994,354
7.308126721,4358100,1106
7.308126721,4358438,338
7.310449259,4359560,1122
7.310449259,4359882,322
7.312771797,4361020,1138
7.312771797,4361326,306
7.315094335,4362480,1154
7.315094335,4362770,290
7.317416873,4363940,1170
7.317416873,4364214,274
7.319829723,4365400,1186
7.319829723,4365658,258
7.322152261,4366860,1202
7.322152261,4367102,242
7.324474799,4368320,1218
7.324474799,4368546,226
7.326797737,4369780,1234
7.326797737,4369990,210
7.329127401,4371240,1250
7.329127401,4371434,194
7.331449939,4372700,1266
7.331449939,4372878,178
7.333862789,4374160,1282
7.333862789,4374322,162
7.336185327,4375620,1298
7.336185327,4375766,146
7.338507865,4377080,1314
7.338507865,4377210,130
7.340830403,4378540,1330
7.340830403,4378654,114
7.343152941,4380000,1346
7.343152941,4380098,98
7.345565791,4381460,1362
7.345565791,4381542,82
7.347888729,4382920,1378
7.347888729,4382986,66
7.350218313,4384380,1394
7.350218313,4384430,50
7.352539346,4385840,1410
7.352539346,4385874,34
7.354860379,4387300,1426
7.354860379,4387318,18
7.357033853,4388760,1442
7.357033853,4388762,2
7.359207407,4390214,1452
7.361466862,4390220,6
7.361466862,4391659,1439
7.363641746,4391680,21
7.363641746,4393104,1424
7.365816630,4393140,36
7.365816630,4394549,1409
7.367991514,4394600,51
7.367991514,4395994,1394
7.370166798,4396060,66
7.370166798,4397438,1378
7.372348329,4397520,82
7.372348329,4398882,1362
7.374607784,4398980,98
7.374607784,4400326,1346
7.376782668,4400440,114
7.376782668,4401770,1330
7.378957552,4401900,130
7.378957552,4403214,1314
7.381132436,4403360,146
7.381132436,4404658,1298
7.383307320,4404820,162
7.383307320,4406102,1282
7.385482204,4406280,178
7.385482204,4407546,1266
7.387657088,4407740,194
7.387657088,4408990,1250
7.389831972,4409200,210
7.389831972,4410434,1234
7.392098474,4410660,226
7.392098474,4411878,1218
7.394273358,4412120,242
7.394273358,4413322,1202
7.396448242,4413580,258
7.396448242,4414766,1186
7.398623126,4415040,274
7.398623126,4416210,1170
7.400798010,4416500,290
7.400798010,4417654,1154
7.402972894,4417960,306
7.402972894,4419098,1138
7.405232349,4419420,322
7.405232349,4420542,1122
7.407407233,4420880,338
7.407407233,4421986,1106
7.409582117,4422340,354
7.409582117,4423430,1090
7.411757401,4423800,370
7.411757401,4424874,1074
7.413938932,4425260,386
7.413938932,4426318,1058
7.416113816,4426720,402
7.416113816,4427762,1042
7.418288700,4428180,418
7.418288700,4429206,1026
7.420548155,4429640,434
7.420548155,4430650,1010
7.422723039,4431100,450
7.422723039,4432094,994
7.424897923,4432560,466
7.424897923,4433538,978
7.427072807,4434020,482
7.427072807,4434982,962
7.429247691,4435480,498
7.429247691,4436426,946
7.431507546,4436940,514
7.431507546,4437870,930
7.433689077,4438400,530
7.433689077,4439314,914
7.435863961,4439860,546
7.435863961,4440758,898
7.438038845,4441320,562
7.438038845,4442202,882
7.440213729,4442780,578
7.440213729,4443646,866
7.442388613,4444240,594
7.442388613,4445090,850
7.444648068,4445700,610
7.444648068,4446534,834
7.446822952,4447160,626
7.446822952,4447978,818
7.448997836,4448620,642
7.448997836,4449422,802
7.451172720,4450080,658
7.451172720,4450866,786
7.453348004,4451540,674
7.453348004,4452310,770
7.455526255,4453000,690
7.455526255,4455198,2198
7.457469111,4455920,722
7.457469111,4456642,722
7.459891796,4457380,738
7.459891796,4458086,706
7.462314481,4458840,754
7.462314481,4459530,690
7.464737166,4460300,770
7.464737166,4460974,674
7.467159851,4461760,786
7.467159851,4462418,658
7.469582536,4463220,802
7.469582536,4463862,642
7.472099827,4464680,818
7.472099827,4465306,626
7.474529963,4466140,834
7.474529963,4466750,610
7.476952648,4467600,850
7.476952648,4468194,594
7.479375333,4469060,866
7.479375333,4469638,578
7.481798018,4470520,882
7.481798018,4471082,562
7.484220703,4471980,898
7.484220703,4472526,546
7.486643388,4473440,914
7.486643388,4473970,530
7.489160279,4474900,930
7.489160279,4475414,514
7.491582964,4476360,946
7.491582964,4476858,498
7.494005649,4477820,962
7.494005649,4478302,482
7.496428734,4479280,978
7.496428734,4479746,466
7.498858870,4480740,994
7.498858870,4481190,450
7.501281555,4482200,1010
7.501281555,4482634,434
7.503798446,4483660,1026
7.503798446,4484078,418
7.506221131,4485120,1042
7.506221131,4485522,402
7.508643816,4486580,1058
7.508643816,4486966,386
7.511066501,4488040,1074
7.511066501,4488410,370
7.513489186,4489500,1090
7.513489186,4489854,354
7.515911871,4490960,1106
7.515911871,4491298,338
7.518334556,4492420,1122
7.518334556,4492742,322
7.520859298,4493880,1138
7.520859298,4494186,306
7.523281983,4495340,1154
7.523281983,4495630,290
7.525704668,4496800,1170
7.525704668,4497074,274
7.528127353,4498260,1186
7.528127353,4498518,258
7.530550038,4499720,1202
7.530550038,4499962,242
7.533066929,4501180,1218
7.533066929,4501406,226
7.535489614,4502640,1234
7.535489614,4502850,210
7.537912299,4504100,1250
7.537912299,4504294,194
7.540334984,4505560,1266
7.540334984,4505738,178
7.542758069,4507020,1282
7.542758069,4507182,162
7.545188205,4508480,1298
7.545188205,4508626,146
7.547705096,4509940,1314
7.547705096,4510070,130
7.550127781,4511400,1330
7.550127781,4511514,114
7.553491759,4512860,1346
7.553491759,4512958,98
7.555863229,4514320,1362
7.555863229,4514402,82
7.558175992,4515780,1378
7.558175992,4515846,66
7.560488675,4517240,1394
7.560488675,4517290,50
7.562799940,4518700,1410
7.562799940,4518734,34
7.565201537,4520160,1426
7.565201537,4520178,18
7.567519896,4521620,1442
7.567519896,4521622,2
7.569831241,4523074,1452
7.572144004,4523080,6
7.572144004,4524519,1439
7.574456767,4524540,21
7.574456767,4525964,1424
7.576769530,4526000,36
7.576769530,4527409,1409
7.579172225,4527460,51
7.579172225,4528854,1394
7.581484988,4528920,66
7.581484988,4530298,1378
7.583797751,4530380,82
7.583797751,4531742,1362
7.586110514,4531840,98
7.586110514,4533186,1346
7.588423677,4533300,114
7.588423677,4534630,1330
7.590743535,4534760,130
7.590743535,4536074,1314
7.593056298,4536220,146
7.593056298,4537518,1298
7.595458993,4537680,162
7.595458993,4538962,1282
7.597771756,4539140,178
7.597771756,4540406,1266
7.600084519,4540600,194
7.600084519,4541850,1250
7.602397282,4542060,210
7.602397282,4543294,1234
7.604710045,4543520,226
7.604710045,4544738,1218
7.607022808,4544980,242
7.607022808,4546182,1202
7.609425903,4546440,258
7.609425903,4547626,1186
7.611745761,4547900,274
7.611745761,4549070,1170
7.614058524,4549360,290
7.614058524,4550514,1154
7.616371287,4550820,306
7.616371287,4551958,1138
7.618684050,4552280,322
7.618684050,4553402,1122
7.620996813,4553740,338
7.620996813,4554846,1106
7.623309576,4555200,354
7.623309576,4556290,1090
7.625712271,4556660,370
7.625712271,4557734,1074
7.628025034,4558120,386
7.628025034,4559178,1058
7.630337797,4559580,402
7.630337797,4560622,1042
7.632650960,4561040,418
7.632650960,4562066,1026
7.634970818,4562500,434
7.634970818,4563510,1010
7.637373513,4563960,450
7.637373513,4564954,994
7.639686276,4565420,466
7.639686276,4566398,978
7.641999039,4566880,482
7.641999039,4567842,962
7.644311802,4568340,498
7.644311802,4569286,946
7.646624565,4569800,514
7.646624565,4570730,930
7.648937328,4571260,530
7.648937328,4572174,914
7.651340023,4572720,546
7.651340023,4573618,898
7.653649506,4574180,562
7.653649506,4575062,882
7.654951092,4575640,578
7.654951092,4576506,866
7.657241975,4577100,594
7.657241975,4577950,850
7.659532858,4578560,610
7.659532858,4579394,834
7.661823741,4580020,626
7.661823741,4580838,818
7.664114624,4581480,642
7.664114624,4582282,802
7.666494588,4582940,658
7.666494588,4583726,786
7.668785471,4584400,674
7.668785471,4585170,770
7.671076354,4585860,690
7.671076354,4586614,754
7.673367237,4587320,706
7.673367237,4588058,738
7.675658520,4588780,722
7.675658520,4589502,722
7.677956426,4590240,738
7.677956426,4590946,706
7.680336390,4591700,754
7.680336390,4592390,690
7.682627273,4593160,770
7.682627273,4593834,674
7.684918156,4594620,786
7.684918156,4595278,658
7.687209039,4596080,802
7.687209039,4596722,642
7.689499922,4597540,818
7.689499922,4598166,626
7.691790805,4599000,834
7.691790805,4599610,610
7.694081688,4600460,850
7.694081688,4601054,594
7.696462052,4601920,866
7.696462052,4602498,578
7.698759958,4603380,882
7.698759958,4603942,562
7.701050841,4604840,898
7.701050841,4605386,546
7.703341724,4606300,914
7.703341724,4606830,530
7.705632607,4607760,930
7.705632607,4608274,514
7.707923490,4609220,946
7.707923490,4609718,498
7.710303454,4610680,962
7.710303454,4611162,482
7.712594337,4612140,978
7.712594337,4612606,466
7.714885220,4613600,994
7.714885220,4614050,450
7.717176103,4615060,1010
7.717176103,4615494,434
7.719467386,4616520,1026
7.719467386,4616938,418
7.721765292,4617980,1042
7.721765292,4618382,402
7.724056175,4619440,1058
7.724056175,4619826,386
7.726436139,4620900,1074
7.726436139,4621270,370
7.728727022,4622360,1090
7.728727022,4622714,354
7.731017905,4623820,1106
7.731017905,4624158,338
7.733308788,4625280,1122
7.733308788,4625602,322
7.735599671,4626740,1138
7.735599671,4627046,306
7.737979635,4628200,1154
7.737979635,4628490,290
7.740270918,4629660,1170
7.740270918,4629934,274
7.742568824,4631120,1186
7.742568824,4631378,258
7.744859707,4632580,1202
7.744859707,4632822,242
7.747150590,4634040,1218
7.747150590,4634266,226
7.749441473,4635500,1234
7.749441473,4635710,210
7.751818157,4636960,1250
7.751818157,4637154,194
7.752919462,4638420,1266
7.752919462,4638598,178
7.755017487,4639880,1282
7.755017487,4640042,162
7.757115512,4641340,1298
7.757115512,4641486,146
7.759213537,4642800,1314
7.759213537,4642930,130
7.761311962,4644260,1330
7.761311962,4644374,114
7.763416386,4645720,1346
7.763416386,4645818,98
7.765595993,4647180,1362
7.765595993,4647262,82
7.767694018,4648640,1378
7.767694018,4648706,66
7.769791963,4650100,1394
7.769791963,4650150,50
7.771888629,4651560,1410
7.771888629,4651594,34
7.773985295,4653020,1426
7.773985295,4653038,18
7.776081961,4654480,1442
7.776081961,4654482,2
7.778260289,4655934,1452
7.780358714,4655940,6
7.780358714,4657379,1439
7.782463138,4657400,21
7.782463138,4658824,1424
7.784561163,4658860,36
7.784561163,4660269,1409
7.786659188,4660320,51
7.786659188,4661714,1394
7.788757213,4661780,66
7.788757213,4663158,1378
7.790855238,4663240,82
7.790855238,4664602,1362
7.793034845,4664700,98
7.793034845,4666046,1346
7.795132870,4666160,114
7.795132870,4667490,1330
7.797230895,4667620,130
7.797230895,4668934,1314
7.799328920,4669080,146
7.799328920,4670378,1298
7.801427345,4670540,162
7.801427345,4671822,1282
7.803531769,4672000,178
7.803531769,4673266,1266
7.805711376,4673460,194
7.805711376,4674710,1250
7.807809401,4674920,210
7.807809401,4676154,1234
7.809907426,4676380,226
7.809907426,4677598,1218
7.812005451,4677840,242
7.812005451,4679042,1202
7.814103476,4679300,258
7.814103476,4680486,1186
7.816201501,4680760,274
7.816201501,4681930,1170
7.818299526,4682220,290
7.818299526,4683374,1154
7.820479533,4683680,306
7.820479533,4684818,1138
7.822583957,4685140,322
7.822583957,4686262,1122
7.824681982,4686600,338
7.824681982,4687706,1106
7.826780007,4688060,354
7.826780007,4689150,1090
7.828878032,4689520,370
7.828878032,4690594,1074
7.831057639,4690980,386
7.831057639,4692038,1058
7.833155664,4692440,402
7.833155664,4693482,1042
7.835253689,4693900,418
7.835253689,4694926,1026
7.837351714,4695360,434
7.837351714,4696370,1010
7.839449739,4696820,450
7.839449739,4697814,994
7.841548164,4698280,466
7.841548164,4699258,978
7.843734170,4699740,482
7.843734170,4700702,962
7.845832195,4701200,498
7.845832195,4702146,946
7.847930220,4702660,514
7.847930220,4703590,930
7.850028245,4704120,530
7.850028245,4705034,914
7.856062083,4705580,546
7.856062083,4706478,898
7.858232786,4707040,562
7.858232786,4707922,882
7.860339302,4708500,578
7.860339302,4709366,866
7.862527730,4709960,594
7.862527730,4710810,850
7.864634646,4711420,610
7.864634646,4712254,834
7.866747588,4712880,626
7.866747588,4713698,818
7.868854104,4714340,642
7.868854104,4715142,802
7.870960620,4715800,658
7.870960620,4716586,786
7.873067136,4717260,674
7.873067136,4718030,770
7.875255564,4718720,690
7.875255564,4719474,754
7.877362080,4720180,706
7.877362080,4720918,738
7.879468596,4721640,722
7.879468596,4722362,722
7.881575112,4723100,738
7.881575112,4723806,706
7.883681628,4724560,754
7.883681628,4725250,690
7.885788544,4726020,770
7.885788544,4726694,674
7.887901486,4727480,786
7.887901486,4728138,658
7.890008002,4728940,802
7.890008002,4729582,642
7.892196430,4730400,818
7.892196430,4731026,626
7.894302946,4731860,834
7.894302946,4732470,610
7.896409462,4733320,850
7.896409462,4733914,594
7.898515978,4734780,866
7.898515978,4735358,578
7.900622494,4736240,882
7.900622494,4736802,562
7.902729010,4737700,898
7.902729010,4738246,546
7.904917838,4739160,914
7.904917838,4739690,530
7.907030780,4740620,930
7.907030780,4741134,514
7.909137296,4742080,946
7.909137296,4742578,498
7.911243812,4743540,962
7.911243812,4744022,482
7.913350328,4745000,978
7.913350328,4745466,466
7.915538756,4746460,994
7.915538756,4746910,450
7.917645272,4747920,1010
7.917645272,4748354,434
7.919751788,4749380,1026
7.919751788,4749798,418
7.921858304,4750840,1042
7.921858304,4751242,402
7.923964820,4752300,1058
7.923964820,4752686,386
7.926071736,4753760,1074
7.926071736,4754130,370
7.928184678,4755220,1090
7.928184678,4755574,354
7.930373106,4756680,1106
7.930373106,4757018,338
7.932479622,4758140,1122
7.932479622,4758462,322
7.934586138,4759600,1138
7.934586138,4759906,306
7.936692654,4761060,1154
7.936692654,4761350,290
7.938799170,4762520,1170
7.938799170,4762794,274
7.940905686,4763980,1186
7.940905686,4764238,258
7.943094114,4765440,1202
7.943094114,4765682,242
7.945201030,4766900,1218
7.945201030,4767126,226
7.947313972,4768360,1234
7.947313972,4768570,210
7.949420488,4769820,1250
7.949420488,4770014,194
7.951527004,4771280,1266
7.951527004,4771458,178
7.953633520,4772740,1282
7.953633520,4772902,162
7.955736756,4774200,1298
7.955736756,4774346,146
7.957018654,4775660,1314
7.957018654,4775790,130
7.959211984,4777120,1330
7.959211984,4777234,114
7.961405314,4778580,1346
7.961405314,4778678,98
7.963598644,4780040,1362
7.963598644,4780122,82
7.965792374,4781500,1378
7.965792374,4781566,66
7.967992331,4782960,1394
7.967992331,4783010,50
7.970269527,4784420,1410
7.970269527,4784454,34
7.972461435,4785880,1426
7.972461435,4785898,18
7.974653343,4787340,1442
7.974653343,4787342,2
7.976845331,4788794,1452
7.979038661,4788800,6
7.979038661,4790239,1439
7.981231991,4790260,21
7.981231991,4791684,1424
7.983425321,4791720,36
7.983425321,4793129,1409
7.985704339,4793180,51
7.985704339,4794574,1394
7.987904376,4794640,66
7.987904376,4796018,1378
7.990097706,4796100,82
7.990097706,4797462,1362
7.992291036,4797560,98
7.992291036,4798906,1346
7.994484366,4799020,114
7.994484366,4800350,1330
7.996677696,4800480,130
7.996677696,4801794,1314
7.998956314,4801940,146
7.998956314,4803238,1298
8.001149644,4803400,162
8.001149644,4804682,1282
8.003342974,4804860,178
8.003342974,4806126,1266
8.005536304,4806320,194
8.005536304,4807570,1250
8.007730034,4807780,210
8.007730034,4809014,1234
8.010015359,4809240,226
8.010015359,4810458,1218
8.012208689,4810700,242
8.012208689,4811902,1202
8.014402019,4812160,258
8.014402019,4813346,1186
8.016595349,4813620,274
8.016595349,4814790,1170
8.018788679,4815080,290
8.018788679,4816234,1154
8.020982009,4816540,306
8.020982009,4817678,1138
8.023175339,4818000,322
8.023175339,4819122,1122
8.025453957,4819460,338
8.025453957,4820566,1106
8.027647687,4820920,354
8.027647687,4822010,1090
8.029847724,4822380,370
8.029847724,4823454,1074
8.032041054,4823840,386
8.032041054,4824898,1058
8.034234384,4825300,402
8.034234384,4826342,1042
8.036427714,4826760,418
8.036427714,4827786,1026
8.038706332,4828220,434
8.038706332,4829230,1010
8.040899662,4829680,450
8.040899662,4830674,994
8.043092992,4831140,466
8.043092992,4832118,978
8.045286322,4832600,482
8.045286322,4833562,962
8.047479652,4834060,498
8.047479652,4835006,946
8.049673382,4835520,514
8.049673382,4836450,930
8.051873419,4836980,530
8.051873419,4837894,914
8.054148757,4838440,546
8.054148757,4840782,2342
8.055831393,4841360,578
8.055831393,4842226,866
8.058171071,4842820,594
8.058171071,4843670,850
8.060510749,4844280,610
8.060510749,4845114,834
8.062850427,4845740,626
8.062850427,4846558,818
8.065281084,4847200,642
8.065281084,4848002,802
8.067621162,4848660,658
8.067621162,4849446,786
8.069968021,4850120,674
8.069968021,4850890,770
8.072307699,4851580,690
8.072307699,4852334,754
8.074647377,4853040,706
8.074647377,4853778,738
8.077078034,4854500,722
8.077078034,4855222,722
8.079417712,4855960,738
8.079417712,4856666,706
8.081757390,4857420,754
8.081757390,4858110,690
8.084097068,4858880,770
8.084097068,4859554,674
8.086436746,4860340,786
8.086436746,4860998,658
8.088776424,4861800,802
8.088776424,4862442,642
8.091116502,4863260,818
8.091116502,4863886,626
8.093463361,4864720,834
8.093463361,4865330,610
8.095894018,4866180,850
8.095894018,4866774,594
8.098233696,4867640,866
8.098233696,4868218,578
8.100573374,4869100,882
8.100573374,4869662,562
8.102913052,4870560,898
8.102913052,4871106,546
8.105252730,4872020,914
8.105252730,4872550,530
8.107683387,4873480,930
8.107683387,4873994,514
8.110023065,4874940,946
8.110023065,4875438,498
8.112363143,4876400,962
8.112363143,4876882,482
8.114710002,4877860,978
8.114710002,4878326,466
8.117049680,4879320,994
8.117049680,4879770,450
8.119389358,4880780,1010
8.119389358,4881214,434
8.121729036,4882240,1026
8.121729036,4882658,418
8.124068714,4883700,1042
8.124068714,4884102,402
8.126499371,4885160,1058
8.126499371,4885546,386
8.128839049,4886620,1074
8.128839049,4886990,370
8.131178727,4888080,1090
8.131178727,4888434,354
8.133518405,4889540,1106
8.133518405,4889878,338
8.135858483,4891000,1122
8.135858483,4891322,322
8.138296321,4892460,1138
8.138296321,4892766,306
8.140635999,4893920,1154
8.140635999,4894210,290
8.142975677,4895380,1170
8.142975677,4895654,274
8.145315355,4896840,1186
8.145315355,4897098,258
8.147655033,4898300,1202
8.147655033,4898542,242
8.149994711,4899760,1218
8.149994711,4899986,226
8.154278671,4901220,1234
8.154278671,4901430,210
8.156759629,4902680,1250
8.156759629,4902874,194
8.159279575,4904140,1266
8.159279575,4904318,178
8.161712274,4905600,1282
8.161712274,4905762,162
8.164137514,4907060,1298
8.164137514,4907206,146
8.166562754,4908520,1314
8.166562754,4908650,130
8.168987994,4909980,1330
8.168987994,4910094,114
8.171507540,4911440,1346
8.171507540,4911538,98
8.173932780,4912900,1362
8.173932780,4912982,82
8.176358020,4914360,1378
8.176358020,4914426,66
8.178783180,4915820,1394
8.178783180,4915870,50
8.181206848,4917280,1410
8.181206848,4917314,34
8.183732681,4918740,1426
8.183732681,4918758,18
8.186156349,4920200,1442
8.186156349,4920202,2
8.188580097,4921654,1452
8.191005337,4921660,6
8.191005337,4923099,1439
8.193430577,4923120,21
8.193430577,4924544,1424
8.195855817,4924580,36
8.195855817,4925989,1409
8.198281057,4926040,51
8.198281057,4927434,1394
8.200706297,4927500,66
8.200706297,4928878,1378
8.203225843,4928960,82
8.203225843,4930322,1362
8.205651483,4930420,98
8.205651483,4931766,1346
8.208084182,4931880,114
8.208084182,4933210,1330
8.210509422,4933340,130
8.210509422,4934654,1314
8.212934662,4934800,146
8.212934662,4936098,1298
8.215454208,4936260,162
8.215454208,4937542,1282
8.217879448,4937720,178
8.217879448,4938986,1266
8.220304688,4939180,194
8.220304688,4940430,1250
8.222729928,4940640,210
8.222729928,4941874,1234
8.225155168,4942100,226
8.225155168,4943318,1218
8.227580408,4943560,242
8.227580408,4944762,1202
8.230006048,4945020,258
8.230006048,4946206,1186
8.232438747,4946480,274
8.232438747,4947650,1170
8.234958293,4947940,290
8.234958293,4949094,1154
8.237383533,4949400,306
8.237383533,4950538,1138
8.239808773,4950860,322
8.239808773,4951982,1122
8.242234013,4952320,338
8.242234013,4953426,1106
8.244659253,4953780,354
8.244659253,4954870,1090
8.247178799,4955240,370
8.247178799,4956314,1074
8.249604039,4956700,386
8.249604039,4957758,1058
8.252029679,4958160,402
8.252029679,4959202,1042
8.254459098,4959620,418
8.254459098,4960646,1026
8.255846105,4961080,434
8.255846105,4962090,1010
8.258229832,4962540,450
8.258229832,4963534,994
8.260613559,4964000,466
8.260613559,4964978,978
8.262997286,4965460,482
8.262997286,4966422,962
8.265473704,4966920,498
8.265473704,4967866,946
8.267857431,4968380,514
8.267857431,4969310,930
8.270241158,4969840,530
8.270241158,4970754,914
8.272624885,4971300,546
8.272624885,4972198,898
8.275009012,4972760,562
8.275009012,4973642,882
8.277492754,4974220,578
8.277492754,4975086,866
8.279876481,4975680,594
8.279876481,4976530,850
8.282260208,4977140,610
8.282260208,4977974,834
8.284643935,4978600,626
8.284643935,4979418,818
8.287027662,4980060,642
8.287027662,4980862,802
8.289504080,4981520,658
8.289504080,4982306,786
8.291887807,4982980,674
8.291887807,4983750,770
8.294271534,4984440,690
8.294271534,4985194,754
8.296655661,4985900,706
8.296655661,4986638,738
8.299046712,4987360,722
8.299046712,4988082,722
8.301430439,4988820,738
8.301430439,4989526,706
8.303814166,4990280,754
8.303814166,4990970,690
8.306197893,4991740,770
8.306197893,4992414,674
8.308674311,4993200,786
8.308674311,4993858,658
8.311058038,4994660,802
8.311058038,4995302,642
8.313441765,4996120,818
8.313441765,4996746,626
8.315825492,4997580,834
8.315825492,4998190,610
8.318209219,4999040,850
8.318209219,4999634,594
8.320693362,5000500,866
8.320693362,5001078,578
8.323077089,5001960,882
8.323077089,5002522,562
8.325460816,5003420,898
8.325460816,5003966,546
8.327844543,5004880,914
8.327844543,5005410,530
8.330228270,5006340,930
8.330228270,5006854,514
8.332611997,5007800,946
8.332611997,5008298,498
8.334995724,5009260,962
8.334995724,5009742,482
8.337379451,5010720,978
8.337379451,5011186,466
8.339855869,5012180,994
8.339855869,5012630,450
8.342239996,5013640,1010
8.342239996,5014074,434
8.344631047,5015100,1026
8.344631047,5015518,418
8.347014774,5016560,1042
8.347014774,5016962,402
8.349398501,5018020,1058
8.349398501,5018406,386
8.353812370,5019480,1074
8.353812370,5019850,370
8.356043084,5020940,1090
8.356043084,5021294,354
8.358211249,5022400,1106
8.358211249,5022738,338
8.360379414,5023860,1122
8.360379414,5024182,322
8.362547579,5025320,1138
8.362547579,5025626,306
8.364715744,5026780,1154
8.364715744,5027070,290
8.366884309,5028240,1170
8.366884309,5028514,274
8.369059100,5029700,1186
8.369059100,5029958,258
8.371311574,5031160,1202
8.371311574,5031402,242
8.373479739,5032620,1218
8.373479739,5032846,226
8.375647904,5034080,1234
8.375647904,5034290,210
8.377816069,5035540,1250
8.377816069,5035734,194
8.379984234,5037000,1266
8.379984234,5037178,178
8.382236708,5038460,1282
8.382236708,5038622,162
8.384404873,5039920,1298
8.384404873,5040066,146
8.386573438,5041380,1314
8.386573438,5041510,130
8.388748229,5042840,1330
8.388748229,5042954,114
8.390916394,5044300,1346
8.390916394,5044398,98
8.393168868,5045760,1362
8.393168868,5045842,82
8.395337033,5047220,1378
8.395337033,5047286,66
8.397505118,5048680,1394
8.397505118,5048730,50
8.399671878,5050140,1410
8.399671878,5050174,34
8.401838638,5051600,1426
8.401838638,5051618,18
8.404005398,5053060,1442
8.404005398,5053062,2
8.406172238,5054514,1452
8.408340803,5054520,6
8.408340803,5055959,1439
8.410515594,5055980,21
8.410515594,5057404,1424
8.412768068,5057440,36
8.412768068,5058849,1409
8.414936233,5058900,51
8.414936233,5060294,1394
8.417104398,5060360,66
8.417104398,5061738,1378
8.419272563,5061820,82
8.419272563,5063182,1362
8.421440728,5063280,98
8.421440728,5064626,1346
8.423693202,5064740,114
8.423693202,5066070,1330
8.425861367,5066200,130
8.425861367,5067514,1314
8.428029932,5067660,146
8.428029932,5068958,1298
8.430204723,5069120,162
8.430204723,5070402,1282
8.432372888,5070580,178
8.432372888,5071846,1266
8.434541053,5072040,194
8.434541053,5073290,1250
8.436709218,5073500,210
8.436709218,5074734,1234
8.438877383,5074960,226
8.438877383,5076178,1218
8.441129857,5076420,242
8.441129857,5077622,1202
8.443298022,5077880,258
8.443298022,5079066,1186
8.445466187,5079340,274
8.445466187,5080510,1170
8.447634352,5080800,290
8.447634352,5081954,1154
8.449802917,5082260,306
8.449802917,5083398,1138
8.452062017,5083720,322
8.452062017,5084842,1122
8.454226902,5085180,338
8.454226902,5086286,1106
8.454639968,5086640,354
8.454639968,5087730,1090
8.457049754,5088100,370
8.457049754,5089174,1074
8.459459540,5089560,386
8.459459540,5090618,1058
8.461869326,5091020,402
8.461869326,5092062,1042
8.464279112,5092480,418
8.464279112,5093506,1026
8.466688898,5093940,434
8.466688898,5094950,1010
8.469192789,5095400,450
8.469192789,5096394,994
8.471609984,5096860,466
8.471609984,5097838,978
8.474019770,5098320,482
8.474019770,5099282,962
8.476429556,5099780,498
8.476429556,5100726,946
8.478839342,5101240,514
8.478839342,5102170,930
8.481342833,5102700,530
8.481342833,5103614,914
8.483752619,5104160,546
8.483752619,5105058,898
8.486162405,5105620,562
8.486162405,5106502,882
8.488572191,5107080,578
8.488572191,5107946,866
8.490981977,5108540,594
8.490981977,5109390,850
8.493493277,5110000,610
8.493493277,5110834,834
8.495903063,5111460,626
8.495903063,5112278,818
8.498312849,5112920,642
8.498312849,5113722,802
8.500722635,5114380,658
8.500722635,5115166,786
8.503132421,5115840,674
8.503132421,5116610,770
8.505542207,5117300,690
8.505542207,5118054,754
8.507951993,5118760,706
8.507951993,5119498,738
8.510361779,5120220,722
8.510361779,5120942,722
8.512865270,5121680,738
8.512865270,5122386,706
8.515275456,5123140,754
8.515275456,5123830,690
8.517692651,5124600,770
8.517692651,5125274,674
8.520102437,5126060,786
8.520102437,5126718,658
8.522512223,5127520,802
8.522512223,5128162,642
8.525015714,5128980,818
8.525015714,5129606,626
8.527425500,5130440,834
8.527425500,5131050,610
8.529835286,5131900,850
8.529835286,5132494,594
8.532245072,5133360,866
8.532245072,5133938,578
8.534654858,5134820,882
8.534654858,5135382,562
8.537064644,5136280,898
8.537064644,5136826,546
8.539474830,5137740,914
8.539474830,5138270,530
8.541892025,5139200,930
8.541892025,5139714,514
8.544395516,5140660,946
8.544395516,5141158,498
8.546805302,5142120,962
8.546805302,5142602,482
8.549215088,5143580,978
8.549215088,5144046,466
8.552560326,5145040,994
8.552560326,5145490,450
8.554717786,5146500,1010
8.554717786,5146934,434
8.556892081,5147960,1026
8.556892081,5148378,418
8.558984993,5149420,1042
8.558984993,5149822,402
8.561078305,5150880,1058
8.561078305,5151266,386
8.563177599,5152340,1074
8.563177599,5152710,370
8.565270511,5153800,1090
8.565270511,5154154,354
8.567444806,5155260,1106
8.567444806,5155598,338
8.569537718,5156720,1122
8.569537718,5157042,322
8.571630630,5158180,1138
8.571630630,5158486,306
8.573723542,5159640,1154
8.573723542,5159930,290
8.575816454,5161100,1170
8.575816454,5161374,274
8.577909366,5162560,1186
8.577909366,5162818,258
8.580002278,5164020,1202
8.580002278,5164262,242
8.582095590,5165480,1218
8.582095590,5165706,226
8.584276267,5166940,1234
8.584276267,5167150,210
8.586369179,5168400,1250
8.586369179,5168594,194
8.588462091,5169860,1266
8.588462091,5170038,178
8.590555003,5171320,1282
8.590555003,5171482,162
8.592647915,5172780,1298
8.592647915,5172926,146
8.594822210,5174240,1314
8.594822210,5174370,130
8.596915122,5175700,1330
8.596915122,5175814,114
8.599008034,5177160,1346
8.599008034,5177258,98
8.601101346,5178620,1362
8.601101346,5178702,82
8.603200640,5180080,1378
8.603200640,5180146,66
8.605293472,5181540,1394
8.605293472,5181590,50
8.607385027,5183000,1410
8.607385027,5183034,34
8.609476582,5184460,1426
8.609476582,5184478,18
8.611649520,5185920,1442
8.611649520,5185922,2
8.613741155,5187374,1452
8.615834067,5187380,6
8.615834067,5188819,1439
8.617926979,5188840,21
8.617926979,5190264,1424
8.620019891,5190300,36
8.620019891,5191709,1409
8.622200968,5191760,51
8.622200968,5193154,1394
8.624293880,5193220,66
8.624293880,5194598,1378
8.626386792,5194680,82
8.626386792,5196042,1362
8.628479704,5196140,98
8.628479704,5197486,1346
8.630572616,5197600,114
8.630572616,5198930,1330
8.632665528,5199060,130
8.632665528,5200374,1314
8.634758440,5200520,146
8.634758440,5201818,1298
8.636851352,5201980,162
8.636851352,5203262,1282
8.639025647,5203440,178
8.639025647,5204706,1266
8.641118959,5204900,194
8.641118959,5206150,1250
8.643218253,5206360,210
8.643218253,5207594,1234
8.645311165,5207820,226
8.645311165,5209038,1218
8.647404077,5209280,242
8.647404077,5210482,1202
8.649578372,5210740,258
8.649578372,5211926,1186
8.651671284,5212200,274
8.651671284,5213370,1170
8.655703512,5213660,290
8.655703512,5214814,1154
8.658002548,5215120,306
8.658002548,5216258,1138
8.660240900,5216580,322
8.660240900,5217702,1122
8.662566691,5218040,338
8.662566691,5219146,1106
8.664811896,5219500,354
8.664811896,5220590,1090
8.667050248,5220960,370
8.667050248,5222034,1074
8.669288600,5222420,386
8.669288600,5223478,1058
8.671526952,5223880,402
8.671526952,5224922,1042
8.673765304,5225340,418
8.673765304,5226366,1026
8.676003656,5226800,434
8.676003656,5227810,1010
8.678242008,5228260,450
8.678242008,5229254,994
8.680567399,5229720,466
8.680567399,5230698,978
8.682805751,5231180,482
8.682805751,5232142,962
8.685044503,5232640,498
8.685044503,5233586,946
8.687289708,5234100,514
8.687289708,5235030,930
8.689528060,5235560,530
8.689528060,5236474,914
8.691853451,5237020,546
8.691853451,5237918,898
8.694091803,5238480,562
8.694091803,5239362,882
8.696330155,5239940,578
8.696330155,5240806,866
8.698568507,5241400,594
8.698568507,5242250,850
8.699585181,5242860,610
8.699585181,5242880,20
