elapsed_s,rx_app,packet_bytes
0.161909749,1456,1456
0.164356688,1460,4
0.164356688,2905,1445
0.167982805,2920,15
0.167982805,4354,1434
0.177982805,4380,26
0.177982805,5803,1423
0.275479104,5840,37
0.275479104,7252,1412
0.277697135,7300,48
0.277697135,8701,1401
0.279915166,8760,59
0.279915166,10150,1390
0.282133197,10220,70
0.282133197,11598,1378
0.284351228,11680,82
0.284351228,13046,1366
0.286569259,13140,94
0.286569259,14494,1354
0.295480675,14600,106
0.295480675,15942,1342
0.297699106,16060,118
0.297699106,17390,1330
0.384447365,17520,130
0.384447365,18834,1314
0.386704969,18980,146
0.386704969,20278,1298
0.388962573,20440,162
0.388962573,21722,1282
0.391220177,21900,178
0.391220177,23166,1266
0.393477781,23360,194
0.393477781,24610,1250
0.395735385,24820,210
0.395735385,26054,1234
0.397992829,26280,226
0.397992829,27498,1218
0.400247504,27740,242
0.400247504,28942,1202
0.402502179,29200,258
0.402502179,30386,1186
0.404757254,30660,274
0.404757254,31830,1170
0.407018850,32120,290
0.407018850,33274,1154
0.409273525,33580,306
0.409273525,34718,1138
0.411611652,35040,322
0.411611652,36162,1122
0.413866327,36500,338
0.413866327,37606,1106
0.416121002,37960,354
0.416121002,39050,1090
0.418375677,39420,370
0.418375677,40494,1074
0.495512848,40880,386
0.495512848,41938,1058
0.497781336,42340,402
0.497781336,43382,1042
0.500056379,43800,418
0.500056379,44826,1026
0.502324467,45260,434
0.502324467,46270,1010
0.504592555,46720,450
0.504592555,47714,994
0.506860643,48180,466
0.506860643,49158,978
0.509128571,49640,482
0.509128571,50602,962
0.511393718,51100,498
0.511393718,52046,946
0.513658865,52560,514
0.513658865,53490,930
0.515924012,54020,530
0.515924012,54934,914
0.518189159,55480,546
0.518189159,56378,898
0.520454306,56940,562
0.520454306,57822,882
0.522719853,58400,578
0.522719853,59266,866
0.524991954,59860,594
0.524991954,60710,850
0.527257101,61320,610
0.527257101,62154,834
0.529522248,62780,626
0.529522248,63598,818
0.531787395,64240,642
0.531787395,65042,802
0.534052542,65700,658
0.534052542,66486,786
0.536401528,67160,674
0.536401528,67930,770
0.538666675,68620,690
0.538666675,69374,754
0.540931822,70080,706
0.540931822,70818,738
0.543196969,71540,722
0.543196969,72262,722
0.545462516,73000,738
0.545462516,73706,706
0.547734617,74460,754
0.547734617,75150,690
0.549999764,75920,770
0.549999764,76594,674
0.552264911,77380,786
0.552264911,78038,658
0.554527018,78840,802
0.554527018,79482,642
0.555992847,80300,818
0.555992847,80926,626
0.558546791,81760,834
0.558546791,82370,610
0.561009580,83220,850
0.561009580,83814,594
0.563472369,84680,866
0.563472369,85258,578
0.565935158,86140,882
0.565935158,86702,562
0.607095625,87600,898
0.607095625,88146,546
0.609558414,89060,914
0.609558414,89590,530
0.612021203,90520,930
0.612021203,91034,514
0.614483992,91980,946
0.614483992,92478,498
0.616946781,93440,962
0.616946781,93922,482
0.619409570,94900,978
0.619409570,95366,466
0.621872359,96360,994
0.621872359,96810,450
0.624335148,97820,1010
0.624335148,98254,434
0.626889092,99280,1026
0.626889092,99698,418
0.629352281,100740,1042
0.629352281,101142,402
0.631822666,102200,1058
0.631822666,102586,386
0.634285455,103660,1074
0.634285455,104030,370
0.636748244,105120,1090
0.636748244,105474,354
0.639211033,106580,1106
0.639211033,106918,338
0.641673822,108040,1122
0.641673822,108362,322
0.644136611,109500,1138
0.644136611,109806,306
0.646599400,110960,1154
0.646599400,111250,290
0.649062189,112420,1170
0.649062189,112694,274
0.651524978,113880,1186
0.651524978,114138,258
0.653984727,115340,1202
0.653984727,115582,242
0.654253779,116800,1218
0.654253779,117026,226
0.656432093,118260,1234
0.656432093,118470,210
0.658610407,119720,1250
0.658610407,119914,194
0.660788721,121180,1266
0.660788721,121358,178
0.662967035,122640,1282
0.662967035,122802,162
0.665145349,124100,1298
0.665145349,124246,146
0.667323663,125560,1314
0.667323663,125690,130
0.669501977,127020,1330
0.669501977,127134,114
0.671680291,128480,1346
0.671680291,128578,98
0.673858605,129940,1362
0.673858605,130022,82
0.676037319,131400,1378
0.676037319,131466,66
0.678222226,132860,1394
0.678222226,132910,50
0.680479751,134320,1410
0.680479751,134354,34
0.682656651,135780,1426
0.682656651,135798,18
0.684833551,137240,1442
0.684833551,137242,2
0.687010531,138694,1452
0.689188845,138700,6
0.689188845,140139,1439
0.691367159,140160,21
0.691367159,141584,1424
0.693545473,141620,36
0.693545473,143029,1409
0.695723787,143080,51
0.695723787,144474,1394
0.697902501,144540,66
0.697902501,145918,1378
0.700087488,146000,82
0.700087488,147362,1362
0.702265802,147460,98
0.702265802,148806,1346
0.704444116,148920,114
0.704444116,150250,1330
0.706622430,150380,130
0.706622430,151694,1314
0.708800744,151840,146
0.708800744,153138,1298
0.710979058,153300,162
0.710979058,154582,1282
0.713157372,154760,178
0.713157372,156026,1266
0.715416311,156220,194
0.715416311,157470,1250
0.717594625,157680,210
0.717594625,158914,1234
0.719773339,159140,226
0.719773339,160358,1218
0.721958326,160600,242
0.721958326,161802,1202
0.724136640,162060,258
0.724136640,163246,1186
0.726314954,163520,274
0.726314954,164690,1170
0.728493268,164980,290
0.728493268,166134,1154
0.730671582,166440,306
0.730671582,167578,1138
0.732849896,167900,322
0.732849896,169022,1122
0.735028210,169360,338
0.735028210,170466,1106
0.737287149,170820,354
0.737287149,171910,1090
0.739465463,172280,370
0.739465463,173354,1074
0.741644177,173740,386
0.741644177,174798,1058
0.743829164,175200,402
0.743829164,176242,1042
0.746007478,176660,418
0.746007478,177686,1026
0.748185792,178120,434
0.748185792,179130,1010
0.750444891,179580,450
0.750444891,180574,994
0.752622834,181040,466
0.752622834,182018,978
0.754092914,182500,482
0.754092914,183462,962
0.756559794,183960,498
0.756559794,184906,946
0.759026674,185420,514
0.759026674,186350,930
0.761493554,186880,530
0.761493554,187794,914
0.764061060,188340,546
0.764061060,189238,898
0.766524741,189800,562
0.766524741,190682,882
0.768988422,191260,578
0.768988422,192126,866
0.771452103,192720,594
0.771452103,193570,850
0.773915784,194180,610
0.773915784,195014,834
0.776379465,195640,626
0.776379465,196458,818
0.778843146,197100,642
0.778843146,197902,802
0.781306827,198560,658
0.781306827,199346,786
0.783770508,200020,674
0.783770508,200790,770
0.786234189,201480,690
0.786234189,202234,754
0.788797057,202940,706
0.788797057,203678,738
0.791260738,204400,722
0.791260738,205122,722
0.793724419,205860,738
0.793724419,206566,706
0.796188100,207320,754
0.796188100,208010,690
0.798651781,208780,770
0.798651781,209454,674
0.801115462,210240,786
0.801115462,210898,658
0.803579143,211700,802
0.803579143,212342,642
0.806042824,213160,818
0.806042824,213786,626
0.808506505,214620,834
0.808506505,215230,610
0.810970186,216080,850
0.810970186,216674,594
0.813434267,217540,866
0.813434267,218118,578
0.815905547,219000,882
0.815905547,219562,562
0.818460416,220460,898
0.818460416,221006,546
0.820924097,221920,914
0.820924097,222450,530
0.823387778,223380,930
0.823387778,223894,514
0.825851459,224840,946
0.825851459,225338,498
0.828315140,226300,962
0.828315140,226782,482
0.830778821,227760,978
0.830778821,228226,466
0.833242502,229220,994
0.833242502,229670,450
0.835706183,230680,1010
0.835706183,231114,434
0.838170264,232140,1026
0.838170264,232558,418
0.840641544,233600,1042
0.840641544,234002,402
0.843105225,235060,1058
0.843105225,235446,386
0.845568906,236520,1074
0.845568906,236890,370
0.848032587,237980,1090
0.848032587,238334,354
0.852428237,239440,1106
0.852428237,239778,338
0.854608896,240900,1122
0.854608896,241222,322
0.856721524,242360,1138
0.856721524,242666,306
0.858912346,243820,1154
0.858912346,244110,290
0.861024974,245280,1170
0.861024974,245554,274
0.863138002,246740,1186
0.863138002,246998,258
0.865257089,248200,1202
0.865257089,248442,242
0.867369717,249660,1218
0.867369717,249886,226
0.869482345,251120,1234
0.869482345,251330,210
0.871594973,252580,1250
0.871594973,252774,194
0.873707601,254040,1266
0.873707601,254218,178
0.875820229,255500,1282
0.875820229,255662,162
0.877932857,256960,1298
0.877932857,257106,146
0.880045485,258420,1314
0.880045485,258550,130
0.882158113,259880,1330
0.882158113,259994,114
0.884349335,261340,1346
0.884349335,261438,98
0.886468422,262800,1362
0.886468422,262882,82
0.888581050,264260,1378
0.888581050,264326,66
0.890693598,265720,1394
0.890693598,265770,50
0.892804854,267180,1410
0.892804854,267214,34
0.894963907,268640,1426
0.894963907,268658,18
0.897027366,270100,1442
0.897027366,270102,2
0.899292049,271554,1452
0.903316989,271560,6
0.903316989,272999,1439
0.907538118,273020,21
0.907538118,274444,1424
0.910900482,274480,36
0.910900482,275889,1409
0.912960981,275940,51
0.912960981,277334,1394
0.915021480,277400,66
0.915021480,278778,1378
0.917081979,278860,82
0.917081979,280222,1362
0.919142478,280320,98
0.919142478,281666,1346
0.921202977,281780,114
0.921202977,283110,1330
0.923341670,283240,130
0.923341670,284554,1314
0.925402169,284700,146
0.925402169,285998,1298
0.927462668,286160,162
0.927462668,287442,1282
0.929523167,287620,178
0.929523167,288886,1266
0.931583666,289080,194
0.931583666,290330,1250
0.933644165,290540,210
0.933644165,291774,1234
0.935704664,292000,226
0.935704664,293218,1218
0.937765163,293460,242
0.937765163,294662,1202
0.939825662,294920,258
0.939825662,296106,1186
0.941886161,296380,274
0.941886161,297550,1170
0.943946660,297840,290
0.943946660,298994,1154
0.946007159,299300,306
0.946007159,300438,1138
0.948145852,300760,322
0.948145852,301882,1122
0.950206351,302220,338
0.950206351,303326,1106
0.952266850,303680,354
0.952266850,304770,1090
0.953568226,305140,370
0.953568226,306214,1074
0.955869602,306600,386
0.955869602,307658,1058
0.958170978,308060,402
0.958170978,309102,1042
0.960472354,309520,418
0.960472354,310546,1026
0.962773730,310980,434
0.962773730,311990,1010
0.965075106,312440,450
0.965075106,313434,994
0.967376482,313900,466
0.967376482,314878,978
0.969677858,315360,482
0.969677858,316322,962
0.971979234,316820,498
0.971979234,317766,946
0.974430765,318280,514
0.974430765,319210,930
0.976794961,319740,530
0.976794961,320654,914
0.979355278,321200,546
0.979355278,322098,898
0.981656654,322660,562
0.981656654,323542,882
0.983958030,324120,578
0.983958030,324986,866
0.986259406,325580,594
0.986259406,326430,850
0.988560782,327040,610
0.988560782,327874,834
0.990862158,328500,626
0.990862158,329318,818
0.993163534,329960,642
0.993163534,330762,802
0.995464910,331420,658
0.995464910,332206,786
0.997766286,332880,674
0.997766286,333650,770
1.000067662,334340,690
1.000067662,335094,754
1.002369038,335800,706
1.002369038,336538,738
1.004670414,337260,722
1.004670414,337982,722
1.006971790,338720,738
1.006971790,339426,706
1.009273166,340180,754
1.009273166,340870,690
1.011666474,341640,770
1.011666474,342314,674
1.013967850,343100,786
1.013967850,343758,658
1.016269226,344560,802
1.016269226,345202,642
1.018570602,346020,818
1.018570602,346646,626
1.020871978,347480,834
1.020871978,348090,610
1.023173354,348940,850
1.023173354,349534,594
1.025474730,350400,866
1.025474730,350978,578
1.027776106,351860,882
1.027776106,352422,562
1.030077482,353320,898
1.030077482,353866,546
1.032378858,354780,914
1.032378858,355310,530
1.034772166,356240,930
1.034772166,356754,514
1.037073542,357700,946
1.037073542,358198,498
1.039374918,359160,962
1.039374918,359642,482
1.041676294,360620,978
1.041676294,361086,466
1.043977670,362080,994
1.043977670,362530,450
1.046279046,363540,1010
1.046279046,363974,434
1.048580422,365000,1026
1.048580422,365418,418
1.050881798,366460,1042
1.050881798,366862,402
1.053183174,367920,1058
1.053183174,368306,386
1.055408213,369380,1074
1.055408213,369750,370
1.057633252,370840,1090
1.057633252,371194,354
1.059858291,372300,1106
1.059858291,372638,338
1.062083330,373760,1122
1.062083330,374082,322
1.064308369,375220,1138
1.064308369,375526,306
1.066533408,376680,1154
1.066533408,376970,290
1.068758447,378140,1170
1.068758447,378414,274
1.071072369,379600,1186
1.071072369,379858,258
1.073297408,381060,1202
1.073297408,381302,242
1.075522447,382520,1218
1.075522447,382746,226
1.077747486,383980,1234
1.077747486,384190,210
1.079972525,385440,1250
1.079972525,385634,194
1.082197564,386900,1266
1.082197564,387078,178
1.084422603,388360,1282
1.084422603,388522,162
1.086647642,389820,1298
1.086647642,389966,146
1.088872681,391280,1314
1.088872681,391410,130
1.091097720,392740,1330
1.091097720,392854,114
1.093411642,394200,1346
1.093411642,394298,98
1.095636681,395660,1362
1.095636681,395742,82
1.097861720,397120,1378
1.097861720,397186,66
1.100086759,398580,1394
1.100086759,398630,50
1.102311798,400040,1410
1.102311798,400074,34
1.104536837,401500,1426
1.104536837,401518,18
1.733298312,402960,1442
1.733298312,532934,129974
1.736626052,534360,1426
1.736626052,534378,18
1.736626052,535820,1442
1.736626052,535822,2
1.736626052,651354,115532
1.800642120,652620,1266
1.800642120,701906,49286
1.875898170,702260,354
1.875898170,730786,28526
1.921925532,731460,674
1.921925532,751002,19542
1.946405116,751900,898
1.946405116,775550,23650
1.982584266,776720,1170
1.982584266,795766,19046
2.011345368,797160,1394
2.011345368,811662,14502
2.042582486,811760,98
2.042582486,813106,1346
2.042582486,813220,114
2.042582486,815994,2774
2.044963393,816140,146
2.044963393,935854,119714
2.084123461,935860,6
2.084123461,944522,8662
2.099371664,944620,98
2.099371664,950298,5678
2.108129619,950460,162
2.108129619,953186,2726
2.116796434,953380,194
2.116796434,969070,15690
2.138535683,969440,370
2.138535683,983510,14070
2.159371139,984040,530
2.159371139,996506,12466
2.182874952,997180,674
2.182874952,1087490,90310
2.185014076,1087700,210
2.185014076,1088934,1234
2.187141911,1089160,226
2.187141911,1090378,1218
2.189275840,1090620,242
2.189275840,1091822,1202
2.191486000,1092080,258
2.191486000,1093266,1186
2.193613435,1093540,274
2.193613435,1094710,1170
2.195740870,1095000,290
2.195740870,1096154,1154
2.197868305,1096460,306
2.197868305,1097598,1138
2.200078465,1097920,322
2.200078465,1099042,1122
2.202205900,1099380,338
2.202205900,1100486,1106
2.204416460,1100840,354
2.204416460,1101930,1090
2.206550389,1102300,370
2.206550389,1103374,1074
2.208677824,1103760,386
2.208677824,1104818,1058
2.210805259,1105220,402
2.210805259,1106262,1042
2.212932694,1106680,418
2.212932694,1107706,1026
2.215060129,1108140,434
2.215060129,1109150,1010
2.217187564,1109600,450
2.217187564,1110594,994
2.219314999,1111060,466
2.219314999,1112038,978
2.221525159,1112520,482
2.221525159,1113482,962
2.223652594,1113980,498
2.223652594,1114926,946
2.225780429,1115440,514
2.225780429,1116370,930
2.227914358,1116900,530
2.227914358,1117814,914
2.230041793,1118360,546
2.230041793,1119258,898
2.232251953,1119820,562
2.232251953,1120702,882
2.234379388,1121280,578
2.234379388,1122146,866
2.236506823,1122740,594
2.236506823,1123590,850
2.238634258,1124200,610
2.238634258,1125034,834
2.240761693,1125660,626
2.240761693,1126478,818
2.242889128,1127120,642
2.242889128,1127922,802
2.245016563,1128580,658
2.245016563,1129366,786
2.247144398,1130040,674
2.247144398,1130810,770
2.249361052,1131500,690
2.249361052,1132254,754
2.253432584,1132960,706
2.253432584,1133698,738
2.255906756,1134420,722
2.255906756,1135142,722
2.258325025,1135880,738
2.258325025,1136586,706
2.260743294,1137340,754
2.260743294,1138030,690
2.263161563,1138800,770
2.263161563,1139474,674
2.265579832,1140260,786
2.265579832,1140918,658
2.267998101,1141720,802
2.267998101,1142362,642
2.270510805,1143180,818
2.270510805,1143806,626
2.272936510,1144640,834
2.272936510,1145250,610
2.275354779,1146100,850
2.275354779,1146694,594
2.277773048,1147560,866
2.277773048,1148138,578
2.280191317,1149020,882
2.280191317,1149582,562
2.282609586,1150480,898
2.282609586,1151026,546
2.285027855,1151940,914
2.285027855,1152470,530
2.287446124,1153400,930
2.287446124,1153914,514
2.289958428,1154860,946
2.289958428,1155358,498
2.292376697,1156320,962
2.292376697,1156802,482
2.294795366,1157780,978
2.294795366,1158246,466
2.297221071,1159240,994
2.297221071,1159690,450
2.299639340,1160700,1010
2.299639340,1161134,434
2.302151644,1162160,1026
2.302151644,1162578,418
2.304569913,1163620,1042
2.304569913,1164022,402
2.306988182,1165080,1058
2.306988182,1165466,386
2.309406451,1166540,1074
2.309406451,1166910,370
2.311824720,1168000,1090
2.311824720,1168354,354
2.314242989,1169460,1106
2.314242989,1169798,338
2.316661258,1170920,1122
2.316661258,1171242,322
2.319079927,1172380,1138
2.319079927,1172686,306
2.321599667,1173840,1154
2.321599667,1174130,290
2.324017936,1175300,1170
2.324017936,1175574,274
2.326436205,1176760,1186
2.326436205,1177018,258
2.328854474,1178220,1202
2.328854474,1178462,242
2.331272743,1179680,1218
2.331272743,1179906,226
2.333691012,1181140,1234
2.333691012,1181350,210
2.336109281,1182600,1250
2.336109281,1182794,194
2.338527550,1184060,1266
2.338527550,1184238,178
2.341040254,1185520,1282
2.341040254,1185682,162
2.343465959,1186980,1298
2.343465959,1187126,146
2.345884228,1188440,1314
2.345884228,1188570,130
2.348396532,1189900,1330
2.348396532,1190014,114
2.350814801,1191360,1346
2.350814801,1191458,98
2.353229790,1192820,1362
2.353229790,1192902,82
2.354480254,1194280,1378
2.354480254,1194346,66
2.356727358,1195740,1394
2.356727358,1195790,50
2.358973085,1197200,1410
2.358973085,1197234,34
2.361218812,1198660,1426
2.361218812,1198678,18
2.363559203,1200120,1442
2.363559203,1200122,2
2.365805010,1201574,1452
2.368052194,1201580,6
2.368052194,1203019,1439
2.370299378,1203040,21
2.370299378,1204464,1424
2.372546562,1204500,36
2.372546562,1205909,1409
2.374793746,1205960,51
2.374793746,1207354,1394
2.377128312,1207420,66
2.377128312,1208798,1378
2.379375496,1208880,82
2.379375496,1210242,1362
2.381622680,1210340,98
2.381622680,1211686,1346
2.383870264,1211800,114
2.383870264,1213130,1330
2.386124330,1213260,130
2.386124330,1214574,1314
2.388371514,1214720,146
2.388371514,1216018,1298
2.390618698,1216180,162
2.390618698,1217462,1282
2.392865882,1217640,178
2.392865882,1218906,1266
2.395200448,1219100,194
2.395200448,1220350,1250
2.397447632,1220560,210
2.397447632,1221794,1234
2.399694816,1222020,226
2.399694816,1223238,1218
2.401942000,1223480,242
2.401942000,1224682,1202
2.404189184,1224940,258
2.404189184,1226126,1186
2.406531032,1226400,274
2.406531032,1227570,1170
2.408778216,1227860,290
2.408778216,1229014,1154
2.411025400,1229320,306
2.411025400,1230458,1138
2.413272584,1230780,322
2.413272584,1231902,1122
2.415519768,1232240,338
2.415519768,1233346,1106
2.417854334,1233700,354
2.417854334,1234790,1090
2.420101518,1235160,370
2.420101518,1236234,1074
2.422348702,1236620,386
2.422348702,1237678,1058
2.424595886,1238080,402
2.424595886,1239122,1042
2.426843470,1239540,418
2.426843470,1240566,1026
2.429097536,1241000,434
2.429097536,1242010,1010
2.431344720,1242460,450
2.431344720,1243454,994
2.433591904,1243920,466
2.433591904,1244898,978
2.435926470,1245380,482
2.435926470,1246342,962
2.438173654,1246840,498
2.438173654,1247786,946
2.440420838,1248300,514
2.440420838,1249230,930
2.442668022,1249760,530
2.442668022,1250674,914
2.444915206,1251220,546
2.444915206,1252118,898
2.447162390,1252680,562
2.447162390,1253562,882
2.449504238,1254140,578
2.449504238,1255006,866
2.451748142,1255600,594
2.451748142,1256450,850
2.453017657,1257060,610
2.453017657,1257894,834
2.455283892,1258520,626
2.455283892,1259338,818
2.457550127,1259980,642
2.457550127,1260782,802
2.459816362,1261440,658
2.459816362,1262226,786
2.462082597,1262900,674
2.462082597,1263670,770
2.464436955,1264360,690
2.464436955,1265114,754
2.466703190,1265820,706
2.466703190,1266558,738
2.468969825,1267280,722
2.468969825,1268002,722
2.471243004,1268740,738
2.471243004,1269446,706
2.473509239,1270200,754
2.473509239,1270890,690
2.475775474,1271660,770
2.475775474,1272334,674
2.478129832,1273120,786
2.478129832,1273778,658
2.480396067,1274580,802
2.480396067,1275222,642
2.482662302,1276040,818
2.482662302,1276666,626
2.484928537,1277500,834
2.484928537,1278110,610
2.487194772,1278960,850
2.487194772,1279554,594
2.489549530,1280420,866
2.489549530,1280998,578
2.491822709,1281880,882
2.491822709,1282442,562
2.494088944,1283340,898
2.494088944,1283886,546
2.496355179,1284800,914
2.496355179,1285330,530
2.498621414,1286260,930
2.498621414,1286774,514
2.500887649,1287720,946
2.500887649,1288218,498
2.503153884,1289180,962
2.503153884,1289662,482
2.505420119,1290640,978
2.505420119,1291106,466
2.507774477,1292100,994
2.507774477,1292550,450
2.510040712,1293560,1010
2.510040712,1293994,434
2.512307347,1295020,1026
2.512307347,1295438,418
2.514580526,1296480,1042
2.514580526,1296882,402
2.516846761,1297940,1058
2.516846761,1298326,386
2.519201119,1299400,1074
2.519201119,1299770,370
2.521467354,1300860,1090
2.521467354,1301214,354
2.523733589,1302320,1106
2.523733589,1302658,338
2.525999824,1303780,1122
2.525999824,1304102,322
2.528266059,1305240,1138
2.528266059,1305546,306
2.530532294,1306700,1154
2.530532294,1306990,290
2.532798529,1308160,1170
2.532798529,1308434,274
2.535065164,1309620,1186
2.535065164,1309878,258
2.537426466,1311080,1202
2.537426466,1311322,242
2.539692701,1312540,1218
2.539692701,1312766,226
2.541958936,1314000,1234
2.541958936,1314210,210
2.544225171,1315460,1250
2.544225171,1315654,194
2.546491406,1316920,1266
2.546491406,1317098,178
2.548845764,1318380,1282
2.548845764,1318542,162
2.551111999,1319840,1298
2.551111999,1319986,146
2.553562675,1321300,1314
2.553562675,1321430,130
2.556013751,1322760,1330
2.556013751,1322874,114
2.558471968,1324220,1346
2.558471968,1324318,98
2.560922644,1325680,1362
2.560922644,1325762,82
2.563373320,1327140,1378
2.563373320,1327206,66
2.565823916,1328600,1394
2.565823916,1328650,50
2.568368299,1330060,1410
2.568368299,1330094,34
2.570817387,1331520,1426
2.570817387,1331538,18
2.573266475,1332980,1442
2.573266475,1332982,2
2.575715643,1334434,1452
2.578166319,1334440,6
2.578166319,1335879,1439
2.580720231,1335900,21
2.580720231,1337324,1424
2.583170907,1337360,36
2.583170907,1338769,1409
2.585621583,1338820,51
2.585621583,1340214,1394
2.588072259,1340280,66
2.588072259,1341658,1378
2.590522935,1341740,82
2.590522935,1343102,1362
2.593068906,1343200,98
2.593068906,1344546,1346
2.595519582,1344660,114
2.595519582,1345990,1330
2.597970258,1346120,130
2.597970258,1347434,1314
2.600420934,1347580,146
2.600420934,1348878,1298
2.602872010,1349040,162
2.602872010,1350322,1282
2.605330227,1350500,178
2.605330227,1351766,1266
2.607780903,1351960,194
2.607780903,1353210,1250
2.610231579,1353420,210
2.610231579,1354654,1234
2.612777550,1354880,226
2.612777550,1356098,1218
2.615228226,1356340,242
2.615228226,1357542,1202
2.617678902,1357800,258
2.617678902,1358986,1186
2.620129578,1359260,274
2.620129578,1360430,1170
2.622580254,1360720,290
2.622580254,1361874,1154
2.625126625,1362180,306
2.625126625,1363318,1138
2.627584842,1363640,322
2.627584842,1364762,1122
2.630035518,1365100,338
2.630035518,1366206,1106
2.632486194,1366560,354
2.632486194,1367650,1090
2.634936870,1368020,370
2.634936870,1369094,1074
2.637387546,1369480,386
2.637387546,1370538,1058
2.639838222,1370940,402
2.639838222,1371982,1042
2.642288898,1372400,418
2.642288898,1373426,1026
2.644834869,1373860,434
2.644834869,1374870,1010
2.647285545,1375320,450
2.647285545,1376314,994
2.649736621,1376780,466
2.649736621,1377758,978
2.652194838,1378240,482
2.652194838,1379202,962
2.654663040,1379700,498
2.654663040,1380646,946
2.657227218,1381160,514
2.657227218,1382090,930
2.659695420,1382620,530
2.659695420,1383534,914
2.662163622,1384080,546
2.662163622,1384978,898
2.664631824,1385540,562
2.664631824,1386422,882
2.667100026,1387000,578
2.667100026,1387866,866
2.669568228,1388460,594
2.669568228,1389310,850
2.672036430,1389920,610
2.672036430,1390754,834
2.674505032,1391380,626
2.674505032,1392198,818
2.677076808,1392840,642
2.677076808,1393642,802
2.679545010,1394300,658
2.679545010,1395086,786
2.682013212,1395760,674
2.682013212,1396530,770
2.684481414,1397220,690
2.684481414,1397974,754
2.686949616,1398680,706
2.686949616,1399418,738
2.689513794,1400140,722
2.689513794,1400862,722
2.691981996,1401600,738
2.691981996,1402306,706
2.694450198,1403060,754
2.694450198,1403750,690
2.696918800,1404520,770
2.696918800,1405194,674
2.699394600,1405980,786
2.699394600,1406638,658
2.701958778,1407440,802
2.701958778,1408082,642
2.704426980,1408900,818
2.704426980,1409526,626
2.706895182,1410360,834
2.706895182,1410970,610
2.709363384,1411820,850
2.709363384,1412414,594
2.711831586,1413280,866
2.711831586,1413858,578
2.714299788,1414740,882
2.714299788,1415302,562
2.716767990,1416200,898
2.716767990,1416746,546
2.719236192,1417660,914
2.719236192,1418190,530
2.721808368,1419120,930
2.721808368,1419634,514
2.724276570,1420580,946
2.724276570,1421078,498
2.726744772,1422040,962
2.726744772,1422522,482
2.729212974,1423500,978
2.729212974,1423966,466
2.731681176,1424960,994
2.731681176,1425410,450
2.734245354,1426420,1010
2.734245354,1426854,434
2.736713556,1427880,1026
2.736713556,1428298,418
2.739181758,1429340,1042
2.739181758,1429742,402
2.741649960,1430800,1058
2.741649960,1431186,386
2.744118562,1432260,1074
2.744118562,1432630,370
2.746594362,1433720,1090
2.746594362,1434074,354
2.749062564,1435180,1106
2.749062564,1435518,338
2.754465491,1436640,1122
2.754465491,1436962,322
2.756676648,1438100,1138
2.756676648,1438406,306
2.758742210,1439560,1154
2.758742210,1439850,290
2.760807772,1441020,1170
2.760807772,1441294,274
2.762873334,1442480,1186
2.762873334,1442738,258
2.764938896,1443940,1202
2.764938896,1444182,242
2.767085178,1445400,1218
2.767085178,1445626,226
2.769157033,1446860,1234
2.769157033,1447070,210
2.771222595,1448320,1250
2.771222595,1448514,194
2.773288157,1449780,1266
2.773288157,1449958,178
2.775353719,1451240,1282
2.775353719,1451402,162
2.777419281,1452700,1298
2.777419281,1452846,146
2.779484843,1454160,1314
2.779484843,1454290,130
2.781550405,1455620,1330
2.781550405,1455734,114
2.783696287,1457080,1346
2.783696287,1457178,98
2.785761849,1458540,1362
2.785761849,1458622,82
2.787827811,1460000,1378
2.787827811,1460066,66
2.789899586,1461460,1394
2.789899586,1461510,50
2.791963809,1462920,1410
2.791963809,1462954,34
2.794108352,1464380,1426
2.794108352,1464398,18
2.796172575,1465840,1442
2.796172575,1465842,2
2.798236878,1467294,1452
2.800302440,1467300,6
2.800302440,1468739,1439
2.802368002,1468760,21
2.802368002,1470184,1424
2.804513884,1470220,36
2.804513884,1471629,1409
2.806579846,1471680,51
2.806579846,1473074,1394
2.808651701,1473140,66
2.808651701,1474518,1378
2.810717263,1474600,82
2.810717263,1475962,1362
2.812782825,1476060,98
2.812782825,1477406,1346
2.814848387,1477520,114
2.814848387,1478850,1330
2.816913949,1478980,130
2.816913949,1480294,1314
2.818979511,1480440,146
2.818979511,1481738,1298
2.821045073,1481900,162
2.821045073,1483182,1282
2.823190955,1483360,178
2.823190955,1484626,1266
2.825256517,1484820,194
2.825256517,1486070,1250
2.827322479,1486280,210
2.827322479,1487514,1234
2.829394334,1487740,226
2.829394334,1488958,1218
2.831459896,1489200,242
2.831459896,1490402,1202
2.833605778,1490660,258
2.833605778,1491846,1186
2.835671340,1492120,274
2.835671340,1493290,1170
2.837736902,1493580,290
2.837736902,1494734,1154
2.839802464,1495040,306
2.839802464,1496178,1138
2.841868026,1496500,322
2.841868026,1497622,1122
2.843933588,1497960,338
2.843933588,1499066,1106
2.845999150,1499420,354
2.845999150,1500510,1090
2.848065112,1500880,370
2.848065112,1501954,1074
2.850217287,1502340,386
2.850217287,1503398,1058
2.852282849,1503800,402
2.852282849,1504842,1042
2.854345131,1505260,418
2.854345131,1506286,1026
2.854749424,1506720,434
2.854749424,1507730,1010
2.857150437,1508180,450
2.857150437,1509174,994
2.859644814,1509640,466
2.859644814,1510618,978
2.862045827,1511100,482
2.862045827,1512062,962
2.864446840,1512560,498
2.864446840,1513506,946
2.866848253,1514020,514
2.866848253,1514950,930
2.869256647,1515480,530
2.869256647,1516394,914
2.871751024,1516940,546
2.871751024,1517838,898
2.874152037,1518400,562
2.874152037,1519282,882
2.876553050,1519860,578
2.876553050,1520726,866
2.878954063,1521320,594
2.878954063,1522170,850
2.881355076,1522780,610
2.881355076,1523614,834
2.883756089,1524240,626
2.883756089,1525058,818
2.886157102,1525700,642
2.886157102,1526502,802
2.888558115,1527160,658
2.888558115,1527946,786
2.891060272,1528620,674
2.891060272,1529390,770
2.893461285,1530080,690
2.893461285,1530834,754
2.895862298,1531540,706
2.895862298,1532278,738
2.898263311,1533000,722
2.898263311,1533722,722
2.900664324,1534460,738
2.900664324,1535166,706
2.903158701,1535920,754
2.903158701,1536610,690
2.905559714,1537380,770
2.905559714,1538054,674
2.907960727,1538840,786
2.907960727,1539498,658
2.910361740,1540300,802
2.910361740,1540942,642
2.912763153,1541760,818
2.912763153,1542386,626
2.915171547,1543220,834
2.915171547,1543830,610
2.917572560,1544680,850
2.917572560,1545274,594
2.919973573,1546140,866
2.919973573,1546718,578
2.922467950,1547600,882
2.922467950,1548162,562
2.924868963,1549060,898
2.924868963,1549606,546
2.927269976,1550520,914
2.927269976,1551050,530
2.929670989,1551980,930
2.929670989,1552494,514
2.932072002,1553440,946
2.932072002,1553938,498
2.934566779,1554900,962
2.934566779,1555382,482
2.936975173,1556360,978
2.936975173,1556826,466
2.939376186,1557820,994
2.939376186,1558270,450
2.941777199,1559280,1010
2.941777199,1559714,434
2.944178212,1560740,1026
2.944178212,1561158,418
2.946579225,1562200,1042
2.946579225,1562602,402
2.948980238,1563660,1058
2.948980238,1564046,386
2.952324018,1565120,1074
2.952324018,1565490,370
2.954841543,1566580,1090
2.954841543,1566934,354
2.957209747,1568040,1106
2.957209747,1568378,338
2.959578351,1569500,1122
2.959578351,1569822,322
2.961953829,1570960,1138
2.961953829,1571266,306
2.964322033,1572420,1154
2.964322033,1572710,290
2.966782325,1573880,1170
2.966782325,1574154,274
2.969150529,1575340,1186
2.969150529,1575598,258
2.971518733,1576800,1202
2.971518733,1577042,242
2.973886937,1578260,1218
2.973886937,1578486,226
2.976255141,1579720,1234
2.976255141,1579930,210
2.978715433,1581180,1250
2.978715433,1581374,194
2.981084037,1582640,1266
2.981084037,1582818,178
2.983459515,1584100,1282
2.983459515,1584262,162
2.985827719,1585560,1298
2.985827719,1585706,146
2.988195923,1587020,1314
2.988195923,1587150,130
2.990564127,1588480,1330
2.990564127,1588594,114
2.992932331,1589940,1346
2.992932331,1590038,98
2.995300535,1591400,1362
2.995300535,1591482,82
2.997760827,1592860,1378
2.997760827,1592926,66
3.000128951,1594320,1394
3.000128951,1594370,50
3.002495620,1595780,1410
3.002495620,1595814,34
3.004862689,1597240,1426
3.004862689,1597258,18
3.007236632,1598700,1442
3.007236632,1598702,2
3.009695469,1600154,1452
3.012063673,1600160,6
3.012063673,1601599,1439
3.014431877,1601620,21
3.014431877,1603044,1424
3.016800081,1603080,36
3.016800081,1604489,1409
3.019168285,1604540,51
3.019168285,1605934,1394
3.021536489,1606000,66
3.021536489,1607378,1378
3.023904693,1607460,82
3.023904693,1608822,1362
3.026272897,1608920,98
3.026272897,1610266,1346
3.028740863,1610380,114
3.028740863,1611710,1330
3.031109067,1611840,130
3.031109067,1613154,1314
3.033477271,1613300,146
3.033477271,1614598,1298
3.035845475,1614760,162
3.035845475,1616042,1282
3.038213679,1616220,178
3.038213679,1617486,1266
3.040673971,1617680,194
3.040673971,1618930,1250
3.043042175,1619140,210
3.043042175,1620374,1234
3.045410379,1620600,226
3.045410379,1621818,1218
3.047778583,1622060,242
3.047778583,1623262,1202
3.050147187,1623520,258
3.050147187,1624706,1186
3.053464559,1624980,274
3.053464559,1626150,1170
3.055858036,1626440,290
3.055858036,1627594,1154
3.058193407,1627900,306
3.058193407,1629038,1138
3.060619589,1629360,322
3.060619589,1630482,1122
3.062954960,1630820,338
3.062954960,1631926,1106
3.065290331,1632280,354
3.065290331,1633370,1090
3.067625702,1633740,370
3.067625702,1634814,1074
3.069961073,1635200,386
3.069961073,1636258,1058
3.072387655,1636660,402
3.072387655,1637702,1042
3.074730194,1638120,418
3.074730194,1639146,1026
3.077065565,1639580,434
3.077065565,1640590,1010
3.079400936,1641040,450
3.079400936,1642034,994
3.081736307,1642500,466
3.081736307,1643478,978
3.084162489,1643960,482
3.084162489,1644922,962
3.086497860,1645420,498
3.086497860,1646366,946
3.088833231,1646880,514
3.088833231,1647810,930
3.091168602,1648340,530
3.091168602,1649254,914
3.093503973,1649800,546
3.093503973,1650698,898
3.095839744,1651260,562
3.095839744,1652142,882
3.098182283,1652720,578
3.098182283,1653586,866
3.100517654,1654180,594
3.100517654,1655030,850
3.102943836,1655640,610
3.102943836,1656474,834
3.105279207,1657100,626
3.105279207,1657918,818
3.107614578,1658560,642
3.107614578,1659362,802
3.109949949,1660020,658
3.109949949,1660806,786
3.112285320,1661480,674
3.112285320,1662250,770
3.114711502,1662940,690
3.114711502,1663694,754
3.117047273,1664400,706
3.117047273,1665138,738
3.119389812,1665860,722
3.119389812,1666582,722
3.121725183,1667320,738
3.121725183,1668026,706
3.124060554,1668780,754
3.124060554,1669470,690
3.126395925,1670240,770
3.126395925,1670914,674
3.128731296,1671700,786
3.128731296,1672358,658
3.131066667,1673160,802
3.131066667,1673802,642
3.133492849,1674620,818
3.133492849,1675246,626
3.135828220,1676080,834
3.135828220,1676690,610
3.138163591,1677540,850
3.138163591,1678134,594
3.140499362,1679000,866
3.140499362,1679578,578
3.142841901,1680460,882
3.142841901,1681022,562
3.145268083,1681920,898
3.145268083,1682466,546
3.147603454,1683380,914
3.147603454,1683910,530
3.149938825,1684840,930
3.149938825,1685354,514
3.152274196,1686300,946
3.152274196,1686798,498
3.154609567,1687760,962
3.154609567,1688242,482
3.156898317,1689220,978
3.156898317,1689686,466
3.159187067,1690680,994
3.159187067,1691130,450
3.161475817,1692140,1010
3.161475817,1692574,434
3.163860982,1693600,1026
3.163860982,1694018,418
3.166149732,1695060,1042
3.166149732,1695462,402
3.168438482,1696520,1058
3.168438482,1696906,386
3.170727232,1697980,1074
3.170727232,1698350,370
3.173015982,1699440,1090
3.173015982,1699794,354
3.175393730,1700900,1106
3.175393730,1701238,338
3.177682480,1702360,1122
3.177682480,1702682,322
3.179971230,1703820,1138
3.179971230,1704126,306
3.182259980,1705280,1154
3.182259980,1705570,290
3.184549130,1706740,1170
3.184549130,1707014,274
3.186933895,1708200,1186
3.186933895,1708458,258
3.189222645,1709660,1202
3.189222645,1709902,242
3.191511395,1711120,1218
3.191511395,1711346,226
3.193800145,1712580,1234
3.193800145,1712790,210
3.196088895,1714040,1250
3.196088895,1714234,194
3.198377645,1715500,1266
3.198377645,1715678,178
3.200666395,1716960,1282
3.200666395,1717122,162
3.202955145,1718420,1298
3.202955145,1718566,146
3.205333293,1719880,1314
3.205333293,1720010,130
3.207629060,1721340,1330
3.207629060,1721454,114
3.209917810,1722800,1346
3.209917810,1722898,98
3.212206560,1724260,1362
3.212206560,1724342,82
3.214495310,1725720,1378
3.214495310,1725786,66
3.216872978,1727180,1394
3.216872978,1727230,50
3.219160245,1728640,1410
3.219160245,1728674,34
3.221447512,1730100,1426
3.221447512,1730118,18
3.223734779,1731560,1442
3.223734779,1731562,2
3.226022126,1733014,1452
3.228311276,1733020,6
3.228311276,1734459,1439
3.230607043,1734480,21
3.230607043,1735904,1424
3.232895793,1735940,36
3.232895793,1737349,1409
3.235273541,1737400,51
3.235273541,1738794,1394
3.237562291,1738860,66
3.237562291,1740238,1378
3.239851041,1740320,82
3.239851041,1741682,1362
3.242139791,1741780,98
3.242139791,1743126,1346
3.244428541,1743240,114
3.244428541,1744570,1330
3.246806289,1744700,130
3.246806289,1746014,1314
3.249095439,1746160,146
3.249095439,1747458,1298
3.251391206,1747620,162
3.251391206,1748902,1282
3.253676676,1749080,178
3.253676676,1751790,2710
3.254974340,1752000,210
3.254974340,1753234,1234
3.257121532,1753460,226
3.257121532,1754678,1218
3.259268724,1754920,242
3.259268724,1756122,1202
3.261499410,1756380,258
3.261499410,1757566,1186
3.263646602,1757840,274
3.263646602,1759010,1170
3.265793794,1759300,290
3.265793794,1760454,1154
3.267941386,1760760,306
3.267941386,1761898,1138
3.270095136,1762220,322
3.270095136,1763342,1122
3.272242328,1763680,338
3.272242328,1764786,1106
3.274473014,1765140,354
3.274473014,1766230,1090
3.276620206,1766600,370
3.276620206,1767674,1074
3.278767398,1768060,386
3.278767398,1769118,1058
3.280914590,1769520,402
3.280914590,1770562,1042
3.283061782,1770980,418
3.283061782,1772006,1026
3.285292468,1772440,434
3.285292468,1773450,1010
3.287440060,1773900,450
3.287440060,1774894,994
3.289593810,1775360,466
3.289593810,1776338,978
3.291741002,1776820,482
3.291741002,1777782,962
3.293888194,1778280,498
3.293888194,1779226,946
3.296035386,1779740,514
3.296035386,1780670,930
3.298182578,1781200,530
3.298182578,1782114,914
3.300329770,1782660,546
3.300329770,1783558,898
3.302560456,1784120,562
3.302560456,1785002,882
3.304707648,1785580,578
3.304707648,1786446,866
3.306854840,1787040,594
3.306854840,1787890,850
3.309002432,1788500,610
3.309002432,1789334,834
3.311156182,1789960,626
3.311156182,1790778,818
3.313386868,1791420,642
3.313386868,1792222,802
3.315534060,1792880,658
3.315534060,1793666,786
3.317681252,1794340,674
3.317681252,1795110,770
3.319828444,1795800,690
3.319828444,1796554,754
3.321975636,1797260,706
3.321975636,1797998,738
3.324122828,1798720,722
3.324122828,1799442,722
3.326270020,1800180,738
3.326270020,1800886,706
3.328417212,1801640,754
3.328417212,1802330,690
3.330654856,1803100,770
3.330654856,1803774,674
3.332802048,1804560,786
3.332802048,1805218,658
3.334949240,1806020,802
3.334949240,1806662,642
3.337096432,1807480,818
3.337096432,1808106,626
3.339243624,1808940,834
3.339243624,1809550,610
3.341474310,1810400,850
3.341474310,1810994,594
3.343621502,1811860,866
3.343621502,1812438,578
3.345768694,1813320,882
3.345768694,1813882,562
3.347915886,1814780,898
3.347915886,1815326,546
3.350063478,1816240,914
3.350063478,1816770,530
3.354318466,1817700,930
3.354318466,1818214,514
3.356483187,1819160,946
3.356483187,1819658,498
3.358647908,1820620,962
3.358647908,1821102,482
3.360812629,1822080,978
3.360812629,1822546,466
3.362977350,1823540,994
3.362977350,1823990,450
3.365142071,1825000,1010
3.365142071,1825434,434
3.367306792,1826460,1026
3.367306792,1826878,418
3.369471513,1827920,1042
3.369471513,1828322,402
3.371720809,1829380,1058
3.371720809,1829766,386
3.373892144,1830840,1074
3.373892144,1831210,370
3.376056865,1832300,1090
3.376056865,1832654,354
3.378221586,1833760,1106
3.378221586,1834098,338
3.380386307,1835220,1122
3.380386307,1835542,322
3.382635203,1836680,1138
3.382635203,1836986,306
3.384799924,1838140,1154
3.384799924,1838430,290
3.386964645,1839600,1170
3.386964645,1839874,274
3.389129366,1841060,1186
3.389129366,1841318,258
3.391294087,1842520,1202
3.391294087,1842762,242
3.393459208,1843980,1218
3.393459208,1844206,226
3.395630543,1845440,1234
3.395630543,1845650,210
3.397795264,1846900,1250
3.397795264,1847094,194
3.400044160,1848360,1266
3.400044160,1848538,178
3.402208881,1849820,1282
3.402208881,1849982,162
3.404373602,1851280,1298
3.404373602,1851426,146
3.406538323,1852740,1314
3.406538323,1852870,130
3.408703044,1854200,1330
3.408703044,1854314,114
3.410951940,1855660,1346
3.410951940,1855758,98
3.413117061,1857120,1362
3.413117061,1857202,82
3.415288396,1858580,1378
3.415288396,1858646,66
3.417453037,1860040,1394
3.417453037,1860090,50
3.419616355,1861500,1410
3.419616355,1861534,34
3.421779673,1862960,1426
3.421779673,1862978,18
3.423942991,1864420,1442
3.423942991,1864422,2
3.426106389,1865874,1452
3.428355285,1865880,6
3.428355285,1867319,1439
3.430520006,1867340,21
3.430520006,1868764,1424
3.432684727,1868800,36
3.432684727,1870209,1409
3.434849848,1870260,51
3.434849848,1871654,1394
3.437021183,1871720,66
3.437021183,1873098,1378
3.439270079,1873180,82
3.439270079,1874542,1362
3.441434800,1874640,98
3.441434800,1875986,1346
3.443599521,1876100,114
3.443599521,1877430,1330
3.445764242,1877560,130
3.445764242,1878874,1314
3.447928963,1879020,146
3.447928963,1880318,1298
3.450177859,1880480,162
3.450177859,1881762,1282
3.452342580,1881940,178
3.452342580,1883206,1266
3.454663208,1883400,194
3.454663208,1884650,1250
3.456990554,1884860,210
3.456990554,1886094,1234
3.459310782,1886320,226
3.459310782,1887538,1218
3.461631010,1887780,242
3.461631010,1888982,1202
3.463951238,1889240,258
3.463951238,1890426,1186
3.466271466,1890700,274
3.466271466,1891870,1170
3.468681916,1892160,290
3.468681916,1893314,1154
3.471002144,1893620,306
3.471002144,1894758,1138
3.473322372,1895080,322
3.473322372,1896202,1122
3.475642600,1896540,338
3.475642600,1897646,1106
3.477963228,1898000,354
3.477963228,1899090,1090
3.480380796,1899460,370
3.480380796,1900534,1074
3.482701024,1900920,386
3.482701024,1901978,1058
3.485021252,1902380,402
3.485021252,1903422,1042
3.487341480,1903840,418
3.487341480,1904866,1026
3.489661708,1905300,434
3.489661708,1906310,1010
3.491981936,1906760,450
3.491981936,1907754,994
3.494302164,1908220,466
3.494302164,1909198,978
3.496622392,1909680,482
3.496622392,1910642,962
3.499033242,1911140,498
3.499033242,1912086,946
3.501360588,1912600,514
3.501360588,1913530,930
3.503680816,1914060,530
3.503680816,1914974,914
3.506001044,1915520,546
3.506001044,1916418,898
3.508321272,1916980,562
3.508321272,1917862,882
3.510731722,1918440,578
3.510731722,1919306,866
3.513051950,1919900,594
3.513051950,1920750,850
3.515372178,1921360,610
3.515372178,1922194,834
3.517692406,1922820,626
3.517692406,1923638,818
3.520012634,1924280,642
3.520012634,1925082,802
3.522333262,1925740,658
3.522333262,1926526,786
3.524660608,1927200,674
3.524660608,1927970,770
3.526980836,1928660,690
3.526980836,1929414,754
3.529391286,1930120,706
3.529391286,1930858,738
3.531711514,1931580,722
3.531711514,1932302,722
3.534031742,1933040,738
3.534031742,1933746,706
3.536351970,1934500,754
3.536351970,1935190,690
3.538672198,1935960,770
3.538672198,1936634,674
3.541082648,1937420,786
3.541082648,1938078,658
3.543403276,1938880,802
3.543403276,1939522,642
3.545730622,1940340,818
3.545730622,1940966,626
3.548050850,1941800,834
3.548050850,1942410,610
3.550371078,1943260,850
3.550371078,1943854,594
3.553717417,1944720,866
3.553717417,1945298,578
3.555890886,1946180,882
3.555890886,1946742,562
3.558000244,1947640,898
3.558000244,1948186,546
3.560109602,1949100,914
3.560109602,1949630,530
3.562218960,1950560,930
3.562218960,1951074,514
3.564328318,1952020,946
3.564328318,1952518,498
3.566438076,1953480,962
3.566438076,1953962,482
3.568553869,1954940,978
3.568553869,1955406,466
3.570745250,1956400,994
3.570745250,1956850,450
3.572854608,1957860,1010
3.572854608,1958294,434
3.574963966,1959320,1026
3.574963966,1959738,418
3.577073324,1960780,1042
3.577073324,1961182,402
3.579182682,1962240,1058
3.579182682,1962626,386
3.581374063,1963700,1074
3.581374063,1964070,370
3.583483421,1965160,1090
3.583483421,1965514,354
3.585593179,1966620,1106
3.585593179,1966958,338
3.587708972,1968080,1122
3.587708972,1968402,322
3.589818330,1969540,1138
3.589818330,1969846,306
3.591927688,1971000,1154
3.591927688,1971290,290
3.594037046,1972460,1170
3.594037046,1972734,274
3.596146404,1973920,1186
3.596146404,1974178,258
3.598337785,1975380,1202
3.598337785,1975622,242
3.600447143,1976840,1218
3.600447143,1977066,226
3.602556501,1978300,1234
3.602556501,1978510,210
3.604665859,1979760,1250
3.604665859,1979954,194
3.606775617,1981220,1266
3.606775617,1981398,178
3.608973433,1982680,1282
3.608973433,1982842,162
3.611082791,1984140,1298
3.611082791,1984286,146
3.613192149,1985600,1314
3.613192149,1985730,130
3.615301507,1987060,1330
3.615301507,1987174,114
3.617410865,1988520,1346
3.617410865,1988618,98
3.619520223,1989980,1362
3.619520223,1990062,82
3.621629581,1991440,1378
3.621629581,1991506,66
3.623738859,1992900,1394
3.623738859,1992950,50
3.625929273,1994360,1410
3.625929273,1994394,34
3.628043699,1995820,1426
3.628043699,1995838,18
3.630151690,1997280,1442
3.630151690,1997282,2
3.632259761,1998734,1452
3.634369119,1998740,6
3.634369119,2000179,1439
3.636560500,2000200,21
3.636560500,2001624,1424
3.638669858,2001660,36
3.638669858,2003069,1409
3.640779216,2003120,51
3.640779216,2004514,1394
3.642888574,2004580,66
3.642888574,2005958,1378
3.644997932,2006040,82
3.644997932,2007402,1362
3.647196148,2007500,98
3.647196148,2008846,1346
3.649305506,2008960,114
3.649305506,2010290,1330
3.651414864,2010420,130
3.651414864,2011734,1314
3.653520942,2011880,146
3.653520942,2013178,1298
3.654824850,2013340,162
3.654824850,2014622,1282
3.657125478,2014800,178
3.657125478,2016066,1266
3.659426106,2016260,194
3.659426106,2017510,1250
3.661726734,2017720,210
3.661726734,2018954,1234
3.664116822,2019180,226
3.664116822,2020398,1218
3.666417850,2020640,242
3.666417850,2021842,1202
3.668725533,2022100,258
3.668725533,2023286,1186
3.671026161,2023560,274
3.671026161,2024730,1170
3.673326789,2025020,290
3.673326789,2026174,1154
3.675716877,2026480,306
3.675716877,2027618,1138
3.678017505,2027940,322
3.678017505,2029062,1122
3.680318133,2029400,338
3.680318133,2030506,1106
3.682618761,2030860,354
3.682618761,2031950,1090
3.684919389,2032320,370
3.684919389,2033394,1074
3.687220017,2033780,386
3.687220017,2034838,1058
3.689521045,2035240,402
3.689521045,2036282,1042
3.691828728,2036700,418
3.691828728,2037726,1026
3.694218816,2038160,434
3.694218816,2039170,1010
3.696519444,2039620,450
3.696519444,2040614,994
3.698820072,2041080,466
3.698820072,2042058,978
3.701120700,2042540,482
3.701120700,2043502,962
3.703421328,2044000,498
3.703421328,2044946,946
3.705721956,2045460,514
3.705721956,2046390,930
3.708112044,2046920,530
3.708112044,2047834,914
3.710413072,2048380,546
3.710413072,2049278,898
3.712720755,2049840,562
3.712720755,2050722,882
3.715021383,2051300,578
3.715021383,2052166,866
3.717322011,2052760,594
3.717322011,2053610,850
3.719712099,2054220,610
3.719712099,2055054,834
3.722012727,2055680,626
3.722012727,2056498,818
3.724313355,2057140,642
3.724313355,2057942,802
3.726613983,2058600,658
3.726613983,2059386,786
3.728914611,2060060,674
3.728914611,2060830,770
3.731215239,2061520,690
3.731215239,2062274,754
3.733516267,2062980,706
3.733516267,2063718,738
3.735823950,2064440,722
3.735823950,2065162,722
3.738214038,2065900,738
3.738214038,2066606,706
3.740514666,2067360,754
3.740514666,2068050,690
3.742815294,2068820,770
3.742815294,2069494,674
3.745115922,2070280,786
3.745115922,2070938,658
3.747416550,2071740,802
3.747416550,2072382,642
3.749806638,2073200,818
3.749806638,2073826,626
3.752107266,2074660,834
3.752107266,2075270,610
3.753279049,2076120,850
3.753279049,2076714,594
3.755453529,2077580,866
3.755453529,2078158,578
3.757621384,2079040,882
3.757621384,2079602,562
3.759789239,2080500,898
3.759789239,2081046,546
3.761957094,2081960,914
3.761957094,2082490,530
3.764124949,2083420,930
3.764124949,2083934,514
3.766377101,2084880,946
3.766377101,2085378,498
3.768544956,2086340,962
3.768544956,2086822,482
3.770712811,2087800,978
3.770712811,2088266,466
3.772880666,2089260,994
3.772880666,2089710,450
3.775048921,2090720,1010
3.775048921,2091154,434
3.777307698,2092180,1026
3.777307698,2092598,418
3.779475553,2093640,1042
3.779475553,2094042,402
3.781643408,2095100,1058
3.781643408,2095486,386
3.783811263,2096560,1074
3.783811263,2096930,370
3.785979118,2098020,1090
3.785979118,2098374,354
3.788146973,2099480,1106
3.788146973,2099818,338
3.790314828,2100940,1122
3.790314828,2101262,322
3.792482683,2102400,1138
3.792482683,2102706,306
3.794735235,2103860,1154
3.794735235,2104150,290
3.796909715,2105320,1170
3.796909715,2105594,274
3.799077570,2106780,1186
3.799077570,2107038,258
3.801245425,2108240,1202
3.801245425,2108482,242
3.803413280,2109700,1218
3.803413280,2109926,226
3.805665432,2111160,1234
3.805665432,2111370,210
3.807833287,2112620,1250
3.807833287,2112814,194
3.810001142,2114080,1266
3.810001142,2114258,178
3.812168997,2115540,1282
3.812168997,2115702,162
3.814336852,2117000,1298
3.814336852,2117146,146
3.816596029,2118460,1314
3.816596029,2118590,130
3.818763884,2119920,1330
3.818763884,2120034,114
3.820931739,2121380,1346
3.820931739,2121478,98
3.823099594,2122840,1362
3.823099594,2122922,82
3.825267449,2124300,1378
3.825267449,2124366,66
3.827435224,2125760,1394
3.827435224,2125810,50
3.829601674,2127220,1410
3.829601674,2127254,34
3.831768124,2128680,1426
3.831768124,2128698,18
3.834018871,2130140,1442
3.834018871,2130142,2
3.836185801,2131594,1452
3.838360281,2131600,6
3.838360281,2133039,1439
3.840528136,2133060,21
3.840528136,2134484,1424
3.842695991,2134520,36
3.842695991,2135929,1409
3.844948143,2135980,51
3.844948143,2137374,1394
3.847115998,2137440,66
3.847115998,2138818,1378
3.849283853,2138900,82
3.849283853,2140262,1362
3.853386612,2140360,98
3.853386612,2141706,1346
3.855524005,2141820,114
3.855524005,2143150,1330
3.857596302,2143280,130
3.857596302,2144594,1314
3.859668999,2144740,146
3.859668999,2146038,1298
3.861747611,2146200,162
3.861747611,2147482,1282
3.863900489,2147660,178
3.863900489,2148926,1266
3.865972786,2149120,194
3.865972786,2150370,1250
3.868045083,2150580,210
3.868045083,2151814,1234
3.870117380,2152040,226
3.870117380,2153258,1218
3.872189677,2153500,242
3.872189677,2154702,1202
3.874342555,2154960,258
3.874342555,2156146,1186
3.876414852,2156420,274
3.876414852,2157590,1170
3.878487549,2157880,290
3.878487549,2159034,1154
3.880566161,2159340,306
3.880566161,2160478,1138
3.882638458,2160800,322
3.882638458,2161922,1122
3.884710755,2162260,338
3.884710755,2163366,1106
3.886783052,2163720,354
3.886783052,2164810,1090
3.888855349,2165180,370
3.888855349,2166254,1074
3.891008227,2166640,386
3.891008227,2167698,1058
3.893080524,2168100,402
3.893080524,2169142,1042
3.895152821,2169560,418
3.895152821,2170586,1026
3.897225118,2171020,434
3.897225118,2172030,1010
3.899297815,2172480,450
3.899297815,2173474,994
3.901457008,2173940,466
3.901457008,2174918,978
3.903529305,2175400,482
3.903529305,2176362,962
3.905601602,2176860,498
3.905601602,2177806,946
3.907673899,2178320,514
3.907673899,2179250,930
3.909746196,2179780,530
3.909746196,2180694,914
3.911899074,2181240,546
3.911899074,2182138,898
3.913971371,2182700,562
3.913971371,2183582,882
3.916043668,2184160,578
3.916043668,2185026,866
3.918116365,2185620,594
3.918116365,2186470,850
3.920194977,2187080,610
3.920194977,2187914,834
3.922267274,2188540,626
3.922267274,2189358,818
3.924339571,2190000,642
3.924339571,2190802,802
3.926411868,2191460,658
3.926411868,2192246,786
3.928564746,2192920,674
3.928564746,2193690,770
3.930637043,2194380,690
3.930637043,2195134,754
3.932709340,2195840,706
3.932709340,2196578,738
3.934781637,2197300,722
3.934781637,2198022,722
3.936853934,2198760,738
3.936853934,2199466,706
3.939013528,2200220,754
3.939013528,2200910,690
3.941085825,2201680,770
3.941085825,2202354,674
3.943158122,2203140,786
3.943158122,2203798,658
3.945230419,2204600,802
3.945230419,2205242,642
3.947302716,2206060,818
3.947302716,2206686,626
3.949375013,2207520,834
3.949375013,2208130,610
3.951447310,2208980,850
3.951447310,2209574,594
3.953516327,2210440,866
3.953516327,2212462,2022
3.954812284,2213360,898
3.954812284,2213906,546
3.956923914,2214820,914
3.956923914,2215350,530
3.959029122,2216280,930
3.959029122,2216794,514
3.961134330,2217740,946
3.961134330,2218238,498
3.963321399,2219200,962
3.963321399,2219682,482
3.965426607,2220660,978
3.965426607,2221126,466
3.967531815,2222120,994
3.967531815,2222570,450
3.969637023,2223580,1010
3.969637023,2224014,434
3.971742231,2225040,1026
3.971742231,2225458,418
3.973847439,2226500,1042
3.973847439,2226902,402
3.975953047,2227960,1058
3.975953047,2228346,386
3.978064677,2229420,1074
3.978064677,2229790,370
3.980251746,2230880,1090
3.980251746,2231234,354
3.982356954,2232340,1106
3.982356954,2232678,338
3.984462162,2233800,1122
3.984462162,2234122,322
3.986567370,2235260,1138
3.986567370,2235566,306
3.988672578,2236720,1154
3.988672578,2237010,290
3.990859647,2238180,1170
3.990859647,2238454,274
3.992964855,2239640,1186
3.992964855,2239898,258
3.995070463,2241100,1202
3.995070463,2241342,242
3.997182093,2242560,1218
3.997182093,2242786,226
3.999287301,2244020,1234
3.999287301,2244230,210
4.001474370,2245480,1250
4.001474370,2245674,194
4.003579578,2246940,1266
4.003579578,2247118,178
4.005684786,2248400,1282
4.005684786,2248562,162
4.007789994,2249860,1298
4.007789994,2250006,146
4.009895202,2251320,1314
4.009895202,2251450,130
4.012000410,2252780,1330
4.012000410,2252894,114
4.014105618,2254240,1346
4.014105618,2254338,98
4.016211226,2255700,1362
4.016211226,2255782,82
4.018404717,2257160,1378
4.018404717,2257226,66
4.020509845,2258620,1394
4.020509845,2258670,50
4.022613689,2260080,1410
4.022613689,2260114,34
4.024717533,2261540,1426
4.024717533,2261558,18
4.026821377,2263000,1442
4.026821377,2263002,2
4.029007162,2264454,1452
4.031112370,2264460,6
4.031112370,2265899,1439
4.033217578,2265920,21
4.033217578,2267344,1424
4.035323186,2267380,36
4.035323186,2268789,1409
4.037434816,2268840,51
4.037434816,2270234,1394
4.039540024,2270300,66
4.039540024,2271678,1378
4.041645232,2271760,82
4.041645232,2273122,1362
4.043750440,2273220,98
4.043750440,2274566,1346
4.045937509,2274680,114
4.045937509,2276010,1330
4.048042717,2276140,130
4.048042717,2277454,1314
4.051084792,2277600,146
4.051084792,2278898,1298
4.053294120,2279060,162
4.053294120,2280342,1282
4.055440315,2280520,178
4.055440315,2281786,1266
4.057676920,2281980,194
4.057676920,2283230,1250
4.059823115,2283440,210
4.059823115,2284674,1234
4.061969310,2284900,226
4.061969310,2286118,1218
4.064115505,2286360,242
4.064115505,2287562,1202
4.066261700,2287820,258
4.066261700,2289006,1186
4.068407895,2289280,274
4.068407895,2290450,1170
4.070554090,2290740,290
4.070554090,2291894,1154
4.072700285,2292200,306
4.072700285,2293338,1138
4.074929935,2293660,322
4.074929935,2294782,1122
4.077076530,2295120,338
4.077076530,2296226,1106
4.079229280,2296580,354
4.079229280,2297670,1090
4.081375475,2298040,370
4.081375475,2299114,1074
4.083521670,2299500,386
4.083521670,2300558,1058
4.085751320,2300960,402
4.085751320,2302002,1042
4.087897515,2302420,418
4.087897515,2303446,1026
4.090043710,2303880,434
4.090043710,2304890,1010
4.092189905,2305340,450
4.092189905,2306334,994
4.094336100,2306800,466
4.094336100,2307778,978
4.096566150,2308260,482
4.096566150,2309222,962
4.098718900,2309720,498
4.098718900,2310666,946
4.100865095,2311180,514
4.100865095,2312110,930
4.103011290,2312640,530
4.103011290,2313554,914
4.105157485,2314100,546
4.105157485,2314998,898
4.107303680,2315560,562
4.107303680,2316442,882
4.109449875,2317020,578
4.109449875,2317886,866
4.111596070,2318480,594
4.111596070,2319330,850
4.113825720,2319940,610
4.113825720,2320774,834
4.115971915,2321400,626
4.115971915,2322218,818
4.118118510,2322860,642
4.118118510,2323662,802
4.120271260,2324320,658
4.120271260,2325106,786
4.122417455,2325780,674
4.122417455,2326550,770
4.124563650,2327240,690
4.124563650,2327994,754
4.126793300,2328700,706
4.126793300,2329438,738
4.128939495,2330160,722
4.128939495,2330882,722
4.131085690,2331620,738
4.131085690,2332326,706
4.133231885,2333080,754
4.133231885,2333770,690
4.135378080,2334540,770
4.135378080,2335214,674
4.137524275,2336000,786
4.137524275,2336658,658
4.139670870,2337460,802
4.139670870,2338102,642
4.141823620,2338920,818
4.141823620,2339546,626
4.144053270,2340380,834
4.144053270,2340990,610
4.146199465,2341840,850
4.146199465,2342434,594
4.148345660,2343300,866
4.148345660,2343878,578
4.150491855,2344760,882
4.150491855,2345322,562
4.152638050,2346220,898
4.152638050,2346766,546
4.155192273,2347680,914
4.155192273,2348210,530
4.157650892,2349140,930
4.157650892,2349654,514
4.160109911,2350600,946
4.160109911,2351098,498
4.162576097,2352060,962
4.162576097,2352542,482
4.165034716,2353520,978
4.165034716,2353986,466
4.167588939,2354980,994
4.167588939,2355430,450
4.170047558,2356440,1010
4.170047558,2356874,434
4.172506177,2357900,1026
4.172506177,2358318,418
4.174964796,2359360,1042
4.174964796,2359762,402
4.177423415,2360820,1058
4.177423415,2361206,386
4.179882034,2362280,1074
4.179882034,2362650,370
4.182340653,2363740,1090
4.182340653,2364094,354
4.184799672,2365200,1106
4.184799672,2365538,338
4.187361462,2366660,1122
4.187361462,2366982,322
4.189820081,2368120,1138
4.189820081,2368426,306
4.192278700,2369580,1154
4.192278700,2369870,290
4.194737319,2371040,1170
4.194737319,2371314,274
4.197195938,2372500,1186
4.197195938,2372758,258
4.199750161,2373960,1202
4.199750161,2374202,242
4.202208780,2375420,1218
4.202208780,2375646,226
4.204667399,2376880,1234
4.204667399,2377090,210
4.207126418,2378340,1250
4.207126418,2378534,194
4.209592604,2379800,1266
4.209592604,2379978,178
4.212051223,2381260,1282
4.212051223,2381422,162
4.214509842,2382720,1298
4.214509842,2382866,146
4.216968461,2384180,1314
4.216968461,2384310,130
4.219522684,2385640,1330
4.219522684,2385754,114
4.221981303,2387100,1346
4.221981303,2387198,98
4.224439922,2388560,1362
4.224439922,2388642,82
4.226898541,2390020,1378
4.226898541,2390086,66
4.229357080,2391480,1394
4.229357080,2391530,50
4.231917677,2392940,1410
4.231917677,2392974,34
4.234374703,2394400,1426
4.234374703,2394418,18
4.236831729,2395860,1442
4.236831729,2395862,2
4.239288835,2397314,1452
4.241747454,2397320,6
4.241747454,2398759,1439
4.244206073,2398780,21
4.244206073,2400204,1424
4.246664692,2400240,36
4.246664692,2401649,1409
4.249123311,2401700,51
4.249123311,2403094,1394
4.254617987,2403160,66
4.254617987,2404538,1378
4.256959059,2404620,82
4.256959059,2405982,1362
4.259247176,2406080,98
4.259247176,2407426,1346
4.261528301,2407540,114
4.261528301,2408870,1330
4.263809426,2409000,130
4.263809426,2410314,1314
4.266179253,2410460,146
4.266179253,2411758,1298
4.268460378,2411920,162
4.268460378,2413202,1282
4.270741503,2413380,178
4.270741503,2414646,1266
4.273022628,2414840,194
4.273022628,2416090,1250
4.275303753,2416300,210
4.275303753,2417534,1234
4.277673980,2417760,226
4.277673980,2418978,1218
4.279962097,2419220,242
4.279962097,2420422,1202
4.282243222,2420680,258
4.282243222,2421866,1186
4.284524347,2422140,274
4.284524347,2423310,1170
4.286805472,2423600,290
4.286805472,2424754,1154
4.289086597,2425060,306
4.289086597,2426198,1138
4.291367722,2426520,322
4.291367722,2427642,1122
4.293648847,2427980,338
4.293648847,2429086,1106
4.296018674,2429440,354
4.296018674,2430530,1090
4.298299799,2430900,370
4.298299799,2431974,1074
4.300581324,2432360,386
4.300581324,2433418,1058
4.302869441,2433820,402
4.302869441,2434862,1042
4.305150566,2435280,418
4.305150566,2436306,1026
4.307520393,2436740,434
4.307520393,2437750,1010
4.309801518,2438200,450
4.309801518,2439194,994
4.312082643,2439660,466
4.312082643,2440638,978
4.314363768,2441120,482
4.314363768,2442082,962
4.316644893,2442580,498
4.316644893,2443526,946
4.318926018,2444040,514
4.318926018,2444970,930
4.321207143,2445500,530
4.321207143,2446414,914
4.323488668,2446960,546
4.323488668,2447858,898
4.325865487,2448420,562
4.325865487,2449302,882
4.328146612,2449880,578
4.328146612,2450746,866
4.330427737,2451340,594
4.330427737,2452190,850
4.332708862,2452800,610
4.332708862,2453634,834
4.334989987,2454260,626
4.334989987,2455078,818
4.337359814,2455720,642
4.337359814,2456522,802
4.339640939,2457180,658
4.339640939,2457966,786
4.341922064,2458640,674
4.341922064,2459410,770
4.344203589,2460100,690
4.344203589,2460854,754
4.346491706,2461560,706
4.346491706,2462298,738
4.348772831,2463020,722
4.348772831,2463742,722
4.351053956,2464480,738
4.351053956,2465186,706
4.353335081,2465940,754
4.353335081,2466630,690
4.355701628,2467400,770
4.355701628,2469518,2118
4.356183406,2470320,802
4.356183406,2470962,642
4.358422655,2471780,818
4.358422655,2472406,626
4.360661904,2473240,834
4.360661904,2473850,610
4.362995483,2474700,850
4.362995483,2475294,594
4.365234732,2476160,866
4.365234732,2476738,578
4.367473981,2477620,882
4.367473981,2478182,562
4.369713230,2479080,898
4.369713230,2479626,546
4.371952479,2480540,914
4.371952479,2481070,530
4.374278801,2482000,930
4.374278801,2482514,514
4.376518050,2483460,946
4.376518050,2483958,498
4.378757299,2484920,962
4.378757299,2485402,482
4.380996548,2486380,978
4.380996548,2486846,466
4.383236197,2487840,994
4.383236197,2488290,450
4.385482302,2489300,1010
4.385482302,2489734,434
4.387721551,2490760,1026
4.387721551,2491178,418
4.389960800,2492220,1042
4.389960800,2492622,402
4.392287122,2493680,1058
4.392287122,2494066,386
4.394526371,2495140,1074
4.394526371,2495510,370
4.396765620,2496600,1090
4.396765620,2496954,354
4.399004869,2498060,1106
4.399004869,2498398,338
4.401244118,2499520,1122
4.401244118,2499842,322
4.403570840,2500980,1138
4.403570840,2501286,306
4.405816945,2502440,1154
4.405816945,2502730,290
4.408056194,2503900,1170
4.408056194,2504174,274
4.410295443,2505360,1186
4.410295443,2505618,258
4.412534692,2506820,1202
4.412534692,2507062,242
4.414773941,2508280,1218
4.414773941,2508506,226
4.417013190,2509740,1234
4.417013190,2509950,210
4.419252439,2511200,1250
4.419252439,2511394,194
4.421578761,2512660,1266
4.421578761,2512838,178
4.423818010,2514120,1282
4.423818010,2514282,162
4.426057659,2515580,1298
4.426057659,2515726,146
4.428303764,2517040,1314
4.428303764,2517170,130
4.430543013,2518500,1330
4.430543013,2518614,114
4.432869335,2519960,1346
4.432869335,2520058,98
4.435108584,2521420,1362
4.435108584,2521502,82
4.437347833,2522880,1378
4.437347833,2522946,66
4.439587002,2524340,1394
4.439587002,2524390,50
4.441824800,2525800,1410
4.441824800,2525834,34
4.444062598,2527260,1426
4.444062598,2527278,18
4.446300396,2528720,1442
4.446300396,2528722,2
4.448538674,2530174,1452
4.452806621,2530180,6
4.452806621,2531619,1439
4.454939063,2531640,21
4.454939063,2533064,1424
4.457006274,2533100,36
4.457006274,2534509,1409
4.459073485,2534560,51
4.459073485,2535954,1394
4.461140696,2536020,66
4.461140696,2537398,1378
4.463288291,2537480,82
4.463288291,2538842,1362
4.465355502,2538940,98
4.465355502,2540286,1346
4.467422713,2540400,114
4.467422713,2541730,1330
4.469490324,2541860,130
4.469490324,2543174,1314
4.471563833,2543320,146
4.471563833,2544618,1298
4.473711428,2544780,162
4.473711428,2546062,1282
4.475778639,2546240,178
4.475778639,2547506,1266
4.477845850,2547700,194
4.477845850,2548950,1250
4.479913061,2549160,210
4.479913061,2550394,1234
4.481980272,2550620,226
4.481980272,2551838,1218
4.484047483,2552080,242
4.484047483,2553282,1202
4.486114694,2553540,258
4.486114694,2554726,1186
4.488181905,2555000,274
4.488181905,2556170,1170
4.490336198,2556460,290
4.490336198,2557614,1154
4.492403409,2557920,306
4.492403409,2559058,1138
4.494470620,2559380,322
4.494470620,2560502,1122
4.496537831,2560840,338
4.496537831,2561946,1106
4.498605042,2562300,354
4.498605042,2563390,1090
4.500752637,2563760,370
4.500752637,2564834,1074
4.502819848,2565220,386
4.502819848,2566278,1058
4.504887059,2566680,402
4.504887059,2567722,1042
4.506954270,2568140,418
4.506954270,2569166,1026
4.509021881,2569600,434
4.509021881,2570610,1010
4.511095390,2571060,450
4.511095390,2572054,994
4.513162601,2572520,466
4.513162601,2573498,978
4.515229812,2573980,482
4.515229812,2574942,962
4.517377407,2575440,498
4.517377407,2576386,946
4.519444618,2576900,514
4.519444618,2577830,930
4.521511829,2578360,530
4.521511829,2579274,914
4.523579040,2579820,546
4.523579040,2580718,898
4.525646251,2581280,562
4.525646251,2582162,882
4.527794246,2582740,578
4.527794246,2583606,866
4.529867755,2584200,594
4.529867755,2585050,850
4.531934966,2585660,610
4.531934966,2586494,834
4.534002177,2587120,626
4.534002177,2587938,818
4.536069388,2588580,642
4.536069388,2589382,802
4.538216983,2590040,658
4.538216983,2590826,786
4.540284194,2591500,674
4.540284194,2592270,770
4.542351405,2592960,690
4.542351405,2593714,754
4.544418616,2594420,706
4.544418616,2595158,738
4.546485827,2595880,722
4.546485827,2596602,722
4.548553438,2597340,738
4.548553438,2598046,706
4.550626947,2598800,754
4.550626947,2599490,690
4.552694158,2600260,770
4.552694158,2600934,674
4.554942990,2601720,786
4.554942990,2602378,658
4.557107649,2603180,802
4.557107649,2603822,642
4.559272308,2604640,818
4.559272308,2605266,626
4.561436967,2606100,834
4.561436967,2606710,610
4.563601626,2607560,850
4.563601626,2608154,594
4.565850458,2609020,866
4.565850458,2609598,578
4.568015517,2610480,882
4.568015517,2611042,562
4.570186790,2611940,898
4.570186790,2612486,546
4.572351449,2613400,914
4.572351449,2613930,530
4.574516108,2614860,930
4.574516108,2615374,514
4.576680767,2616320,946
4.576680767,2616818,498
4.578845426,2617780,962
4.578845426,2618262,482
4.581010085,2619240,978
4.581010085,2619706,466
4.583174744,2620700,994
4.583174744,2621150,450
4.585423576,2622160,1010
4.585423576,2622594,434
4.587588235,2623620,1026
4.587588235,2624038,418
4.589753294,2625080,1042
4.589753294,2625482,402
4.591924567,2626540,1058
4.591924567,2626926,386
4.594089226,2628000,1074
4.594089226,2628370,370
4.596338058,2629460,1090
4.596338058,2629814,354
4.598502717,2630920,1106
4.598502717,2631258,338
4.600667376,2632380,1122
4.600667376,2632702,322
4.602832035,2633840,1138
4.602832035,2634146,306
4.604996694,2635300,1154
4.604996694,2635590,290
4.607161353,2636760,1170
4.607161353,2637034,274
4.609326012,2638220,1186
4.609326012,2638478,258
4.611491071,2639680,1202
4.611491071,2639922,242
4.613746517,2641140,1218
4.613746517,2641366,226
4.615911176,2642600,1234
4.615911176,2642810,210
4.618075835,2644060,1250
4.618075835,2644254,194
4.620240494,2645520,1266
4.620240494,2645698,178
4.622405153,2646980,1282
4.622405153,2647142,162
4.624653985,2648440,1298
4.624653985,2648586,146
4.626818644,2649900,1314
4.626818644,2650030,130
4.628983303,2651360,1330
4.628983303,2651474,114
4.631148362,2652820,1346
4.631148362,2652918,98
4.633319635,2654280,1362
4.633319635,2654362,82
4.635568467,2655740,1378
4.635568467,2655806,66
4.637733046,2657200,1394
4.637733046,2657250,50
4.639896302,2658660,1410
4.639896302,2658694,34
4.642059558,2660120,1426
4.642059558,2660138,18
4.644222814,2661580,1442
4.644222814,2661582,2
4.646386150,2663034,1452
4.648550809,2663040,6
4.648550809,2664479,1439
4.650715468,2664500,21
4.650715468,2665924,1424
4.653907237,2665960,36
4.653907237,2667369,1409
4.656081974,2667420,51
4.656081974,2668814,1394
4.658192634,2668880,66
4.658192634,2670258,1378
4.660303294,2670340,82
4.660303294,2671702,1362
4.662413954,2671800,98
4.662413954,2673146,1346
4.664606687,2673260,114
4.664606687,2674590,1330
4.666717347,2674720,130
4.666717347,2676034,1314
4.668828007,2676180,146
4.668828007,2677478,1298
4.670938667,2677640,162
4.670938667,2678922,1282
4.673049727,2679100,178
4.673049727,2680366,1266
4.675166827,2680560,194
4.675166827,2681810,1250
4.677277487,2682020,210
4.677277487,2683254,1234
4.679388147,2683480,226
4.679388147,2684698,1218
4.681580880,2684940,242
4.681580880,2686142,1202
4.683691540,2686400,258
4.683691540,2687586,1186
4.685802200,2687860,274
4.685802200,2689030,1170
4.687912860,2689320,290
4.687912860,2690474,1154
4.690023520,2690780,306
4.690023520,2691918,1138
4.692216653,2692240,322
4.692216653,2693362,1122
4.694333753,2693700,338
4.694333753,2694806,1106
4.696444413,2695160,354
4.696444413,2696250,1090
4.698555073,2696620,370
4.698555073,2697694,1074
4.700665733,2698080,386
4.700665733,2699138,1058
4.702776393,2699540,402
4.702776393,2700582,1042
4.704887053,2701000,418
4.704887053,2702026,1026
4.706997713,2702460,434
4.706997713,2703470,1010
4.709190446,2703920,450
4.709190446,2704914,994
4.711301106,2705380,466
4.711301106,2706358,978
4.713412166,2706840,482
4.713412166,2707802,962
4.715529266,2708300,498
4.715529266,2709246,946
4.717639926,2709760,514
4.717639926,2710690,930
4.719832659,2711220,530
4.719832659,2712134,914
4.721943319,2712680,546
4.721943319,2713578,898
4.724053979,2714140,562
4.724053979,2715022,882
4.726164639,2715600,578
4.726164639,2716466,866
4.728275299,2717060,594
4.728275299,2717910,850
4.730468032,2718520,610
4.730468032,2719354,834
4.732579092,2719980,626
4.732579092,2720798,818
4.734696192,2721440,642
4.734696192,2722242,802
4.736806852,2722900,658
4.736806852,2723686,786
4.738917512,2724360,674
4.738917512,2725130,770
4.741028172,2725820,690
4.741028172,2726574,754
4.743138832,2727280,706
4.743138832,2728018,738
4.745249492,2728740,722
4.745249492,2729462,722
4.747360152,2730200,738
4.747360152,2730906,706
4.749552885,2731660,754
4.749552885,2732350,690
4.751663545,2733120,770
4.751663545,2733794,674
4.753770925,2734580,786
4.753770925,2735238,658
4.754092773,2736040,802
4.754092773,2736682,642
4.756403852,2737500,818
4.756403852,2738126,626
4.758804797,2738960,834
4.758804797,2739570,610
4.761115876,2740420,850
4.761115876,2741014,594
4.763426955,2741880,866
4.763426955,2742458,578
4.765738034,2743340,882
4.765738034,2743902,562
4.768049113,2744800,898
4.768049113,2745346,546
4.770360192,2746260,914
4.770360192,2746790,530
4.772671271,2747720,930
4.772671271,2748234,514
4.774982750,2749180,946
4.774982750,2749678,498
4.777390784,2750640,962
4.777390784,2751122,482
4.779701863,2752100,978
4.779701863,2752566,466
4.782012942,2753560,994
4.782012942,2754010,450
4.784324021,2755020,1010
4.784324021,2755454,434
4.786635100,2756480,1026
4.786635100,2756898,418
4.789036045,2757940,1042
4.789036045,2758342,402
4.791347124,2759400,1058
4.791347124,2759786,386
4.793658203,2760860,1074
4.793658203,2761230,370
4.795969682,2762320,1090
4.795969682,2762674,354
4.798287850,2763780,1106
4.798287850,2764118,338
4.800598929,2765240,1122
4.800598929,2765562,322
4.802910008,2766700,1138
4.802910008,2767006,306
4.805310953,2768160,1154
4.805310953,2768450,290
4.807622032,2769620,1170
4.807622032,2769894,274
4.809933111,2771080,1186
4.809933111,2771338,258
4.812244190,2772540,1202
4.812244190,2772782,242
4.814555269,2774000,1218
4.814555269,2774226,226
4.816866348,2775460,1234
4.816866348,2775670,210
4.819274782,2776920,1250
4.819274782,2777114,194
4.821585861,2778380,1266
4.821585861,2778558,178
4.823896940,2779840,1282
4.823896940,2780002,162
4.826208019,2781300,1298
4.826208019,2781446,146
4.828519098,2782760,1314
4.828519098,2782890,130
4.830920043,2784220,1330
4.830920043,2784334,114
4.833231122,2785680,1346
4.833231122,2785778,98
4.835542201,2787140,1362
4.835542201,2787222,82
4.837853280,2788600,1378
4.837853280,2788666,66
4.840164679,2790060,1394
4.840164679,2790110,50
4.842481349,2791520,1410
4.842481349,2791554,34
4.844790930,2792980,1426
4.844790930,2792998,18
4.847100511,2794440,1442
4.847100511,2794442,2
4.849500038,2795894,1452
4.851811117,2795900,6
4.851811117,2797339,1439
4.854207821,2797360,21
4.854207821,2798784,1424
4.856604525,2798820,36
4.856604525,2800229,1409
4.859001229,2800280,51
4.859001229,2801674,1394
4.861491529,2801740,66
4.861491529,2803118,1378
4.863895599,2803200,82
4.863895599,2804562,1362
4.866292303,2804660,98
4.866292303,2806006,1346
4.868689007,2806120,114
4.868689007,2807450,1330
4.871085711,2807580,130
4.871085711,2808894,1314
4.873482415,2809040,146
4.873482415,2810338,1298
4.875879119,2810500,162
4.875879119,2811782,1282
4.878275823,2811960,178
4.878275823,2813226,1266
4.880765723,2813420,194
4.880765723,2814670,1250
4.883162427,2814880,210
4.883162427,2816114,1234
4.885559531,2816340,226
4.885559531,2817558,1218
4.887963601,2817800,242
4.887963601,2819002,1202
4.890360305,2819260,258
4.890360305,2820446,1186
4.892850205,2820720,274
4.892850205,2821890,1170
4.895246909,2822180,290
4.895246909,2823334,1154
4.897643613,2823640,306
4.897643613,2824778,1138
4.900040317,2825100,322
4.900040317,2826222,1122
4.902437021,2826560,338
4.902437021,2827666,1106
4.904833725,2828020,354
4.904833725,2829110,1090
4.907230429,2829480,370
4.907230429,2830554,1074
4.909728095,2830940,386
4.909728095,2831998,1058
4.912124799,2832400,402
4.912124799,2833442,1042
4.914521503,2833860,418
4.914521503,2834886,1026
4.916918207,2835320,434
4.916918207,2836330,1010
4.919314911,2836780,450
4.919314911,2837774,994
4.921711615,2838240,466
4.921711615,2839218,978
4.924201515,2839700,482
4.924201515,2840662,962
4.926598219,2841160,498
4.926598219,2842106,946
4.928994923,2842620,514
4.928994923,2843550,930
4.931392027,2844080,530
4.931392027,2844994,914
4.933796097,2845540,546
4.933796097,2846438,898
4.936285997,2847000,562
4.936285997,2847882,882
4.938682701,2848460,578
4.938682701,2849326,866
4.941079405,2849920,594
4.941079405,2850770,850
4.943476109,2851380,610
4.943476109,2852214,834
4.945872813,2852840,626
4.945872813,2853658,818
4.948269517,2854300,642
4.948269517,2855102,802
4.950666221,2855760,658
4.950666221,2856546,786
4.955004041,2857220,674
4.955004041,2857990,770
4.957466157,2858680,690
4.957466157,2859434,754
4.959772244,2860140,706
4.959772244,2860878,738
4.962078331,2861600,722
4.962078331,2862322,722
4.964384418,2863060,738
4.964384418,2863766,706
4.966690505,2864520,754
4.966690505,2865210,690
4.969086264,2865980,770
4.969086264,2866654,674
4.971392351,2867440,786
4.971392351,2868098,658
4.973698438,2868900,802
4.973698438,2869542,642
4.976004525,2870360,818
4.976004525,2870986,626
4.978311012,2871820,834
4.978311012,2872430,610
4.980624172,2873280,850
4.980624172,2873874,594
4.982930259,2874740,866
4.982930259,2875318,578
4.985236346,2876200,882
4.985236346,2876762,562
4.987632105,2877660,898
4.987632105,2878206,546
4.989938192,2879120,914
4.989938192,2879650,530
4.992244279,2880580,930
4.992244279,2881094,514
4.994550366,2882040,946
4.994550366,2882538,498
4.996856453,2883500,962
4.996856453,2883982,482
4.999252612,2884960,978
4.999252612,2885426,466
5.001565772,2886420,994
5.001565772,2886870,450
5.003871859,2887880,1010
5.003871859,2888314,434
5.006177946,2889340,1026
5.006177946,2889758,418
5.008484033,2890800,1042
5.008484033,2891202,402
5.010879792,2892260,1058
5.010879792,2892646,386
5.013185879,2893720,1074
5.013185879,2894090,370
5.015491966,2895180,1090
5.015491966,2895534,354
5.017798053,2896640,1106
5.017798053,2896978,338
5.020104140,2898100,1122
5.020104140,2898422,322
5.022410627,2899560,1138
5.022410627,2899866,306
5.024723787,2901020,1154
5.024723787,2901310,290
5.027029874,2902480,1170
5.027029874,2902754,274
5.029425633,2903940,1186
5.029425633,2904198,258
5.031731720,2905400,1202
5.031731720,2905642,242
5.034037807,2906860,1218
5.034037807,2907086,226
5.036343894,2908320,1234
5.036343894,2908530,210
5.038649981,2909780,1250
5.038649981,2909974,194
5.041045740,2911240,1266
5.041045740,2911418,178
5.043352227,2912700,1282
5.043352227,2912862,162
5.045665387,2914160,1298
5.045665387,2914306,146
5.047971474,2915620,1314
5.047971474,2915750,130
5.050277561,2917080,1330
5.050277561,2917194,114
5.052583648,2918540,1346
5.052583648,2918638,98
5.054889735,2920000,1362
5.054889735,2920082,82
5.057121634,2921460,1378
5.057121634,2921526,66
5.059353453,2922920,1394
5.059353453,2922970,50
5.061670693,2924380,1410
5.061670693,2924414,34
5.063901145,2925840,1426
5.063901145,2925858,18
5.066131997,2927300,1442
5.066131997,2927302,2
5.068369362,2928754,1452
5.070601261,2928760,6
5.070601261,2930199,1439
5.072919948,2930220,21
5.072919948,2931644,1424
5.075151847,2931680,36
5.075151847,2933089,1409
5.077383746,2933140,51
5.077383746,2934534,1394
5.079615645,2934600,66
5.079615645,2935978,1378
5.081847544,2936060,82
5.081847544,2937422,1362
5.084079443,2937520,98
5.084079443,2938866,1346
5.086311342,2938980,114
5.086311342,2940310,1330
5.088543641,2940440,130
5.088543641,2941754,1314
5.090869160,2941900,146
5.090869160,2943198,1298
5.093101059,2943360,162
5.093101059,2944642,1282
5.095332958,2944820,178
5.095332958,2946086,1266
5.097564857,2946280,194
5.097564857,2947530,1250
5.099796756,2947740,210
5.099796756,2948974,1234
5.102115443,2949200,226
5.102115443,2950418,1218
5.104347342,2950660,242
5.104347342,2951862,1202
5.106579241,2952120,258
5.106579241,2953306,1186
5.108811540,2953580,274
5.108811540,2954750,1170
5.111050271,2955040,290
5.111050271,2956194,1154
5.113368958,2956500,306
5.113368958,2957638,1138
5.115600857,2957960,322
5.115600857,2959082,1122
5.117832756,2959420,338
5.117832756,2960526,1106
5.120064655,2960880,354
5.120064655,2961970,1090
5.122296554,2962340,370
5.122296554,2963414,1074
5.124528453,2963800,386
5.124528453,2964858,1058
5.126760352,2965260,402
5.126760352,2966302,1042
5.128992251,2966720,418
5.128992251,2967746,1026
5.131318170,2968180,434
5.131318170,2969190,1010
5.133550069,2969640,450
5.133550069,2970634,994
5.135781968,2971100,466
5.135781968,2972078,978
5.138013867,2972560,482
5.138013867,2973522,962
5.140245766,2974020,498
5.140245766,2974966,946
5.142564453,2975480,514
5.142564453,2976410,930
5.144796352,2976940,530
5.144796352,2977854,914
5.147028251,2978400,546
5.147028251,2979298,898
5.149260150,2979860,562
5.149260150,2980742,882
5.151492449,2981320,578
5.151492449,2982186,866
5.153731180,2982780,594
5.153731180,2983630,850
5.155960639,2984240,610
5.155960639,2985074,834
5.158190098,2985700,626
5.158190098,2986518,818
5.160506250,2987160,642
5.160506250,2987962,802
5.162735709,2988620,658
5.162735709,2989406,786
5.164965168,2990080,674
5.164965168,2990850,770
5.167194627,2991540,690
5.167194627,2992294,754
5.169424086,2993000,706
5.169424086,2993738,738
5.171740638,2994460,722
5.171740638,2995182,722
5.173976921,2995920,738
5.173976921,2996626,706
5.176206380,2997380,754
5.176206380,2998070,690
5.178435839,2998840,770
5.178435839,2999514,674
5.180665298,3000300,786
5.180665298,3000958,658
5.182894757,3001760,802
5.182894757,3002402,642
5.185124216,3003220,818
5.185124216,3003846,626
5.187440368,3004680,834
5.187440368,3005290,610
5.189669827,3006140,850
5.189669827,3006734,594
5.191899286,3007600,866
5.191899286,3008178,578
5.194129145,3009060,882
5.194129145,3009622,562
5.196365428,3010520,898
5.196365428,3011066,546
5.198594887,3011980,914
5.198594887,3012510,530
5.200911039,3013440,930
5.200911039,3013954,514
5.203140498,3014900,946
5.203140498,3015398,498
5.205369957,3016360,962
5.205369957,3016842,482
5.207599416,3017820,978
5.207599416,3018286,466
5.209828875,3019280,994
5.209828875,3019730,450
5.212145027,3020740,1010
5.212145027,3021174,434
5.214374886,3022200,1026
5.214374886,3022618,418
5.216611169,3023660,1042
5.216611169,3024062,402
5.218840628,3025120,1058
5.218840628,3025506,386
5.221070087,3026580,1074
5.221070087,3026950,370
5.223299546,3028040,1090
5.223299546,3028394,354
5.225529005,3029500,1106
5.225529005,3029838,338
5.227758464,3030960,1122
5.227758464,3031282,322
5.230074616,3032420,1138
5.230074616,3032726,306
5.232304075,3033880,1154
5.232304075,3034170,290
5.234533534,3035340,1170
5.234533534,3035614,274
5.236763393,3036800,1186
5.236763393,3037058,258
5.238999676,3038260,1202
5.238999676,3038502,242
5.241315828,3039720,1218
5.241315828,3039946,226
5.243545287,3041180,1234
5.243545287,3041390,210
5.245774746,3042640,1250
5.245774746,3042834,194
5.248004205,3044100,1266
5.248004205,3044278,178
5.250233664,3045560,1282
5.250233664,3045722,162
5.252463123,3047020,1298
5.252463123,3047166,146
5.254689302,3048480,1314
5.254689302,3048610,130
5.254884046,3049940,1330
5.254884046,3050054,114
5.257167827,3051400,1346
5.257167827,3051498,98
5.259359291,3052860,1362
5.259359291,3052942,82
5.261550755,3054320,1378
5.261550755,3054386,66
5.263742139,3055780,1394
5.263742139,3055830,50
5.265932183,3057240,1410
5.265932183,3057274,34
5.268207442,3058700,1426
5.268207442,3058718,18
5.270397486,3060160,1442
5.270397486,3060162,2
5.272587610,3061614,1452
5.274779074,3061620,6
5.274779074,3063059,1439
5.276970938,3063080,21
5.276970938,3064504,1424
5.279169104,3064540,36
5.279169104,3065949,1409
5.281360568,3066000,51
5.281360568,3067394,1394
5.283637247,3067460,66
5.283637247,3068838,1378
5.285828711,3068920,82
5.285828711,3070282,1362
5.288020175,3070380,98
5.288020175,3071726,1346
5.290211639,3071840,114
5.290211639,3073170,1330
5.292403103,3073300,130
5.292403103,3074614,1314
5.294594567,3074760,146
5.294594567,3076058,1298
5.296871646,3076220,162
5.296871646,3077502,1282
5.299069812,3077680,178
5.299069812,3078946,1266
5.301261276,3079140,194
5.301261276,3080390,1250
5.303452740,3080600,210
5.303452740,3081834,1234
5.305644204,3082060,226
5.305644204,3083278,1218
5.307920883,3083520,242
5.307920883,3084722,1202
5.310112347,3084980,258
5.310112347,3086166,1186
5.312303811,3086440,274
5.312303811,3087610,1170
5.314495275,3087900,290
5.314495275,3089054,1154
5.316686739,3089360,306
5.316686739,3090498,1138
5.318878603,3090820,322
5.318878603,3091942,1122
5.321076769,3092280,338
5.321076769,3093386,1106
5.323268233,3093740,354
5.323268233,3094830,1090
5.325544912,3095200,370
5.325544912,3096274,1074
5.327736376,3096660,386
5.327736376,3097718,1058
5.329927840,3098120,402
5.329927840,3099162,1042
5.332119304,3099580,418
5.332119304,3100606,1026
5.334310768,3101040,434
5.334310768,3102050,1010
5.336587447,3102500,450
5.336587447,3103494,994
5.338779311,3103960,466
5.338779311,3104938,978
5.340977477,3105420,482
5.340977477,3106382,962
5.343168941,3106880,498
5.343168941,3107826,946
5.345360405,3108340,514
5.345360405,3109270,930
5.347551869,3109800,530
5.347551869,3110714,914
5.349743333,3111260,546
5.349743333,3112158,898
5.353873991,3112720,562
5.353873991,3113602,882
5.356255395,3114180,578
5.356255395,3115046,866
5.358489134,3115640,594
5.358489134,3116490,850
5.360722873,3117100,610
5.360722873,3117934,834
5.362957012,3118560,626
5.362957012,3119378,818
5.365197589,3120020,642
5.365197589,3120822,802
5.367518187,3121480,658
5.367518187,3122266,786
5.369751926,3122940,674
5.369751926,3123710,770
5.371985665,3124400,690
5.371985665,3125154,754
5.374219404,3125860,706
5.374219404,3126598,738
5.376453143,3127320,722
5.376453143,3128042,722
5.378773741,3128780,738
5.378773741,3129486,706
5.381007480,3130240,754
5.381007480,3130930,690
5.383241619,3131700,770
5.383241619,3132374,674
5.385482196,3133160,786
5.385482196,3133818,658
5.387715935,3134620,802
5.387715935,3135262,642
5.389949674,3136080,818
5.389949674,3136706,626
5.392183413,3137540,834
5.392183413,3138150,610
5.394417152,3139000,850
5.394417152,3139594,594
5.396737750,3140460,866
5.396737750,3141038,578
5.398971489,3141920,882
5.398971489,3142482,562
5.401205228,3143380,898
5.401205228,3143926,546
5.403438967,3144840,914
5.403438967,3145370,530
5.405673106,3146300,930
5.405673106,3146814,514
5.408000542,3147760,946
5.408000542,3148258,498
5.410234281,3149220,962
5.410234281,3149702,482
5.412468020,3150680,978
5.412468020,3151146,466
5.414701759,3152140,994
5.414701759,3152590,450
5.416935498,3153600,1010
5.416935498,3154034,434
5.419169237,3155060,1026
5.419169237,3155478,418
5.421402976,3156520,1042
5.421402976,3156922,402
5.423636715,3157980,1058
5.423636715,3158366,386
5.425957713,3159440,1074
5.425957713,3159810,370
5.428198290,3160900,1090
5.428198290,3161254,354
5.430432029,3162360,1106
5.430432029,3162698,338
5.432665768,3163820,1122
5.432665768,3164142,322
5.434899507,3165280,1138
5.434899507,3165586,306
5.437220105,3166740,1154
5.437220105,3167030,290
5.439453844,3168200,1170
5.439453844,3168474,274
5.441687583,3169660,1186
5.441687583,3169918,258
5.443921322,3171120,1202
5.443921322,3171362,242
5.446155061,3172580,1218
5.446155061,3172806,226
5.448389200,3174040,1234
5.448389200,3174250,210
5.450629777,3175500,1250
5.450629777,3175694,194
5.452863516,3176960,1266
5.452863516,3177138,178
5.455180834,3178420,1282
5.455180834,3178582,162
5.456609424,3179880,1298
5.456609424,3180026,146
5.459034734,3181340,1314
5.459034734,3181470,130
5.461460044,3182800,1330
5.461460044,3182914,114
5.463885354,3184260,1346
5.463885354,3184358,98
5.466404972,3185720,1362
5.466404972,3185802,82
5.468830682,3187180,1378
5.468830682,3187246,66
5.471263371,3188640,1394
5.471263371,3188690,50
5.473687109,3190100,1410
5.473687109,3190134,34
5.476110847,3191560,1426
5.476110847,3191578,18
5.478628893,3193020,1442
5.478628893,3193022,2
5.481052711,3194474,1452
5.483478021,3194480,6
5.483478021,3195919,1439
5.485903331,3195940,21
5.485903331,3197364,1424
5.488328641,3197400,36
5.488328641,3198809,1409
5.490753951,3198860,51
5.490753951,3200254,1394
5.493179661,3200320,66
5.493179661,3201698,1378
5.495612430,3201780,82
5.495612430,3203142,1362
5.498132048,3203240,98
5.498132048,3204586,1346
5.500557358,3204700,114
5.500557358,3206030,1330
5.502982668,3206160,130
5.502982668,3207474,1314
5.505407978,3207620,146
5.505407978,3208918,1298
5.507833288,3209080,162
5.507833288,3210362,1282
5.510352906,3210540,178
5.510352906,3211806,1266
5.512778216,3212000,194
5.512778216,3213250,1250
5.515203926,3213460,210
5.515203926,3214694,1234
5.517636695,3214920,226
5.517636695,3216138,1218
5.520062005,3216380,242
5.520062005,3217582,1202
5.522487315,3217840,258
5.522487315,3219026,1186
5.524912625,3219300,274
5.524912625,3220470,1170
5.527337935,3220760,290
5.527337935,3221914,1154
5.529763245,3222220,306
5.529763245,3223358,1138
5.532282863,3223680,322
5.532282863,3224802,1122
5.534708173,3225140,338
5.534708173,3226246,1106
5.537133483,3226600,354
5.537133483,3227690,1090
5.539559193,3228060,370
5.539559193,3229134,1074
5.541991962,3229520,386
5.541991962,3230578,1058
5.544511580,3230980,402
5.544511580,3232022,1042
5.546936890,3232440,418
5.546936890,3233466,1026
5.549362200,3233900,434
5.549362200,3234910,1010
5.551787510,3235360,450
5.551787510,3236354,994
5.554209540,3236820,466
5.554209540,3237798,978
5.555333820,3238280,482
5.555333820,3239242,962
5.557454820,3239740,498
5.557454820,3240686,946
5.559658695,3241200,514
5.559658695,3242130,930
5.561786168,3242660,530
5.561786168,3243574,914
5.563907168,3244120,546
5.563907168,3245018,898
5.566028168,3245580,562
5.566028168,3246462,882
5.568149168,3247040,578
5.568149168,3247906,866
5.570270168,3248500,594
5.570270168,3249350,850
5.572473643,3249960,610
5.572473643,3250794,834
5.574594643,3251420,626
5.574594643,3252238,818
5.576715643,3252880,642
5.576715643,3253682,802
5.578836643,3254340,658
5.578836643,3255126,786
5.580958043,3255800,674
5.580958043,3256570,770
5.583167991,3257260,690
5.583167991,3258014,754
5.585288991,3258720,706
5.585288991,3259458,738
5.587409991,3260180,722
5.587409991,3260902,722
5.589530991,3261640,738
5.589530991,3262346,706
5.591651991,3263100,754
5.591651991,3263790,690
5.593772991,3264560,770
5.593772991,3265234,674
5.595893991,3266020,786
5.595893991,3266678,658
5.598014991,3267480,802
5.598014991,3268122,642
5.600218866,3268940,818
5.600218866,3269566,626
5.602346339,3270400,834
5.602346339,3271010,610
5.604467339,3271860,850
5.604467339,3272454,594
5.606588339,3273320,866
5.606588339,3273898,578
5.608709339,3274780,882
5.608709339,3275342,562
5.610912814,3276240,898
5.610912814,3276786,546
5.613033814,3277700,914
5.613033814,3278230,530
5.615154814,3279160,930
5.615154814,3279674,514
5.617275814,3280620,946
5.617275814,3281118,498
5.619396814,3282080,962
5.619396814,3282562,482
5.621518214,3283540,978
5.621518214,3284006,466
5.623645687,3285000,994
5.623645687,3285450,450
5.625766687,3286460,1010
5.625766687,3286894,434
5.627970162,3287920,1026
5.627970162,3288338,418
5.630091162,3289380,1042
5.630091162,3289782,402
5.632212162,3290840,1058
5.632212162,3291226,386
5.634333162,3292300,1074
5.634333162,3292670,370
5.636454162,3293760,1090
5.636454162,3294114,354
5.638657637,3295220,1106
5.638657637,3295558,338
5.640779037,3296680,1122
5.640779037,3297002,322
5.642906510,3298140,1138
5.642906510,3298446,306
5.645027510,3299600,1154
5.645027510,3299890,290
5.647148510,3301060,1170
5.647148510,3301334,274
5.649269510,3302520,1186
5.649269510,3302778,258
5.651387230,3303980,1202
5.651387230,3304222,242
5.652630562,3305440,1218
5.652630562,3305666,226
5.654786770,3306900,1234
5.654786770,3307110,210
5.656942978,3308360,1250
5.656942978,3308554,194
5.659099186,3309820,1266
5.659099186,3309998,178
5.661255794,3311280,1282
5.661255794,3311442,162
5.663418590,3312740,1298
5.663418590,3312886,146
5.665658642,3314200,1314
5.665658642,3314330,130
5.667814850,3315660,1330
5.667814850,3315774,114
5.669971058,3317120,1346
5.669971058,3317218,98
5.672127266,3318580,1362
5.672127266,3318662,82
5.674283474,3320040,1378
5.674283474,3320106,66
5.676523446,3321500,1394
5.676523446,3321550,50
5.678678257,3322960,1410
5.678678257,3322994,34
5.680833468,3324420,1426
5.680833468,3324438,18
5.682994866,3325880,1442
5.682994866,3325882,2
5.685149757,3327334,1452
5.687305965,3327340,6
5.687305965,3328779,1439
5.689462173,3328800,21
5.689462173,3330224,1424
5.691618381,3330260,36
5.691618381,3331669,1409
5.693858433,3331720,51
5.693858433,3333114,1394
5.696014641,3333180,66
5.696014641,3334558,1378
5.698170849,3334640,82
5.698170849,3336002,1362
5.700327057,3336100,98
5.700327057,3337446,1346
5.702483665,3337560,114
5.702483665,3338890,1330
5.704730305,3339020,130
5.704730305,3340334,1314
5.706886513,3340480,146
5.706886513,3341778,1298
5.709042721,3341940,162
5.709042721,3343222,1282
5.711198929,3343400,178
5.711198929,3344666,1266
5.713355137,3344860,194
5.713355137,3346110,1250
5.715511345,3346320,210
5.715511345,3347554,1234
5.717667553,3347780,226
5.717667553,3348998,1218
5.719823761,3349240,242
5.719823761,3350442,1202
5.722064213,3350700,258
5.722064213,3351886,1186
5.724227009,3352160,274
5.724227009,3353330,1170
5.726383217,3353620,290
5.726383217,3354774,1154
5.728539425,3355080,306
5.728539425,3356218,1138
5.730695633,3356540,322
5.730695633,3357662,1122
5.732935685,3358000,338
5.732935685,3359106,1106
5.735091893,3359460,354
5.735091893,3360550,1090
5.737248101,3360920,370
5.737248101,3361994,1074
5.739404309,3362380,386
5.739404309,3363438,1058
5.741560517,3363840,402
5.741560517,3364882,1042
5.743807556,3365300,418
5.743807556,3366326,1026
5.745963764,3366760,434
5.745963764,3367770,1010
5.748119972,3368220,450
5.748119972,3369214,994
5.750276180,3369680,466
5.750276180,3370658,978
5.752444988,3371140,482
5.752444988,3372102,962
5.754613796,3372600,498
5.754613796,3373546,946
5.756782604,3374060,514
5.756782604,3374990,930
5.758951412,3375520,530
5.758951412,3376434,914
5.761204554,3376980,546
5.761204554,3377878,898
5.763373762,3378440,562
5.763373762,3379322,882
5.765549198,3379900,578
5.765549198,3380766,866
5.767718006,3381360,594
5.767718006,3382210,850
5.769886814,3382820,610
5.769886814,3383654,834
5.772139956,3384280,626
5.772139956,3385098,818
5.774308764,3385740,642
5.774308764,3386542,802
5.776477572,3387200,658
5.776477572,3387986,786
5.778646380,3388660,674
5.778646380,3389430,770
5.780815188,3390120,690
5.780815188,3390874,754
5.782983996,3391580,706
5.782983996,3392318,738
5.785153204,3393040,722
5.785153204,3393762,722
5.787328640,3394500,738
5.787328640,3395206,706
5.789581782,3395960,754
5.789581782,3396650,690
5.791750590,3397420,770
5.791750590,3398094,674
5.793919398,3398880,786
5.793919398,3399538,658
5.796088206,3400340,802
5.796088206,3400982,642
5.798257014,3401800,818
5.798257014,3402426,626
5.800510156,3403260,834
5.800510156,3403870,610
5.802678964,3404720,850
5.802678964,3405314,594
5.804848172,3406180,866
5.804848172,3406758,578
5.807023608,3407640,882
5.807023608,3408202,562
5.809192416,3409100,898
5.809192416,3409646,546
5.811361224,3410560,914
5.811361224,3411090,530
5.813530032,3412020,930
5.813530032,3412534,514
5.815698840,3413480,946
5.815698840,3413978,498
5.817951982,3414940,962
5.817951982,3415422,482
5.820120790,3416400,978
5.820120790,3416866,466
5.822289598,3417860,994
5.822289598,3418310,450
5.824458406,3419320,1010
5.824458406,3419754,434
5.826627614,3420780,1026
5.826627614,3421198,418
5.828887384,3422240,1042
5.828887384,3422642,402
5.831056192,3423700,1058
5.831056192,3424086,386
5.833225000,3425160,1074
5.833225000,3425530,370
5.835393808,3426620,1090
5.835393808,3426974,354
5.837562616,3428080,1106
5.837562616,3428418,338
5.839815758,3429540,1122
5.839815758,3429862,322
5.841984566,3431000,1138
5.841984566,3431306,306
5.844153374,3432460,1154
5.844153374,3432750,290
5.846322582,3433920,1170
5.846322582,3434194,274
5.848498018,3435380,1186
5.848498018,3435638,258
5.853603380,3436840,1202
5.853603380,3437082,242
5.855801235,3438300,1218
5.855801235,3438526,226
5.857935644,3439760,1234
5.857935644,3439970,210
5.860153050,3441220,1250
5.860153050,3441414,194
5.862287459,3442680,1266
5.862287459,3442858,178
5.864421868,3444140,1282
5.864421868,3444302,162
5.866556277,3445600,1298
5.866556277,3445746,146
5.868690686,3447060,1314
5.868690686,3447190,130
5.870915008,3448520,1330
5.870915008,3448634,114
5.873049417,3449980,1346
5.873049417,3450078,98
5.875183826,3451440,1362
5.875183826,3451522,82
5.877318235,3452900,1378
5.877318235,3452966,66
5.879452564,3454360,1394
5.879452564,3454410,50
5.881585590,3455820,1410
5.881585590,3455854,34
5.883718616,3457280,1426
5.883718616,3457298,18
5.885851642,3458740,1442
5.885851642,3458742,2
5.888067745,3460194,1452
5.890202554,3460200,6
5.890202554,3461639,1439
5.892343480,3461660,21
5.892343480,3463084,1424
5.894477889,3463120,36
5.894477889,3464529,1409
5.896612298,3464580,51
5.896612298,3465974,1394
5.898829704,3466040,66
5.898829704,3467418,1378
5.900964113,3467500,82
5.900964113,3468862,1362
5.903098522,3468960,98
5.903098522,3470306,1346
5.905232931,3470420,114
5.905232931,3471750,1330
5.907367340,3471880,130
5.907367340,3473194,1314
5.909501749,3473340,146
5.909501749,3474638,1298
5.911636558,3474800,162
5.911636558,3476082,1282
5.913777484,3476260,178
5.913777484,3477526,1266
5.915994890,3477720,194
5.915994890,3478970,1250
5.918129299,3479180,210
5.918129299,3480414,1234
5.920263708,3480640,226
5.920263708,3481858,1218
5.922398117,3482100,242
5.922398117,3483302,1202
5.924532526,3483560,258
5.924532526,3484746,1186
5.926749932,3485020,274
5.926749932,3486190,1170
5.928884341,3486480,290
5.928884341,3487634,1154
5.931019150,3487940,306
5.931019150,3489078,1138
5.933160076,3489400,322
5.933160076,3490522,1122
5.935294485,3490860,338
5.935294485,3491966,1106
5.937511891,3492320,354
5.937511891,3493410,1090
5.939646300,3493780,370
5.939646300,3494854,1074
5.941780709,3495240,386
5.941780709,3496298,1058
5.943915118,3496700,402
5.943915118,3497742,1042
5.946049527,3498160,418
5.946049527,3499186,1026
5.948183936,3499620,434
5.948183936,3500630,1010
5.950318345,3501080,450
5.950318345,3502074,994
5.952453154,3502540,466
5.952453154,3503518,978
5.954673797,3504000,482
5.954673797,3504962,962
5.956037779,3505460,498
5.956037779,3506406,946
5.958398481,3506920,514
5.958398481,3507850,930
5.960759183,3508380,530
5.960759183,3509294,914
5.963119885,3509840,546
5.963119885,3510738,898
5.965572383,3511300,562
5.965572383,3512182,882
5.967933085,3512760,578
5.967933085,3513626,866
5.970293787,3514220,594
5.970293787,3515070,850
5.972654889,3515680,610
5.972654889,3516514,834
5.975022841,3517140,626
5.975022841,3517958,818
5.977383543,3518600,642
5.977383543,3519402,802
5.979744245,3520060,658
5.979744245,3520846,786
5.982104947,3521520,674
5.982104947,3522290,770
5.984557445,3522980,690
5.984557445,3523734,754
5.986918147,3524440,706
5.986918147,3525178,738
5.989278849,3525900,722
5.989278849,3526622,722
5.991639551,3527360,738
5.991639551,3528066,706
5.994000253,3528820,754
5.994000253,3529510,690
5.996361355,3530280,770
5.996361355,3530954,674
5.998821103,3531740,786
5.998821103,3532398,658
6.001181805,3533200,802
6.001181805,3533842,642
6.003542507,3534660,818
6.003542507,3535286,626
6.005903209,3536120,834
6.005903209,3536730,610
6.008263911,3537580,850
6.008263911,3538174,594
6.010716409,3539040,866
6.010716409,3539618,578
6.013077111,3540500,882
6.013077111,3541062,562
6.015437813,3541960,898
6.015437813,3542506,546
6.017798915,3543420,914
6.017798915,3543950,530
6.020166867,3544880,930
6.020166867,3545394,514
6.022527569,3546340,946
6.022527569,3546838,498
6.024888271,3547800,962
6.024888271,3548282,482
6.027248973,3549260,978
6.027248973,3549726,466
6.029701471,3550720,994
6.029701471,3551170,450
6.032062173,3552180,1010
6.032062173,3552614,434
6.034422875,3553640,1026
6.034422875,3554058,418
6.036783577,3555100,1042
6.036783577,3555502,402
6.039144279,3556560,1058
6.039144279,3556946,386
6.041604427,3558020,1074
6.041604427,3558390,370
6.043965129,3559480,1090
6.043965129,3559834,354
6.046325831,3560940,1106
6.046325831,3561278,338
6.048686533,3562400,1122
6.048686533,3562722,322
6.051047235,3563860,1138
6.051047235,3564166,306
6.054351210,3565320,1154
6.054351210,3565610,290
6.056795201,3566780,1170
6.056795201,3567054,274
6.059182465,3568240,1186
6.059182465,3568498,258
6.061662558,3569700,1202
6.061662558,3569942,242
6.064050222,3571160,1218
6.064050222,3571386,226
6.066444822,3572620,1234
6.066444822,3572830,210
6.068832086,3574080,1250
6.068832086,3574274,194
6.071219350,3575540,1266
6.071219350,3575718,178
6.073699443,3577000,1282
6.073699443,3577162,162
6.076086707,3578460,1298
6.076086707,3578606,146
6.078473971,3579920,1314
6.078473971,3580050,130
6.080861235,3581380,1330
6.080861235,3581494,114
6.083248499,3582840,1346
6.083248499,3582938,98
6.085635763,3584300,1362
6.085635763,3584382,82
6.088023427,3585760,1378
6.088023427,3585826,66
6.090417947,3587220,1394
6.090417947,3587270,50
6.092896493,3588680,1410
6.092896493,3588714,34
6.095282210,3590140,1426
6.095282210,3590158,18
6.097667927,3591600,1442
6.097667927,3591602,2
6.100053724,3593054,1452
6.102440988,3593060,6
6.102440988,3594499,1439
6.104921081,3594520,21
6.104921081,3595944,1424
6.107308345,3595980,36
6.107308345,3597389,1409
6.109696009,3597440,51
6.109696009,3598834,1394
6.112090609,3598900,66
6.112090609,3600278,1378
6.114477873,3600360,82
6.114477873,3601722,1362
6.116957966,3601820,98
6.116957966,3603166,1346
6.119345230,3603280,114
6.119345230,3604610,1330
6.121732494,3604740,130
6.121732494,3606054,1314
6.124119758,3606200,146
6.124119758,3607498,1298
6.126507022,3607660,162
6.126507022,3608942,1282
6.128894286,3609120,178
6.128894286,3610386,1266
6.131281550,3610580,194
6.131281550,3611830,1250
6.133669214,3612040,210
6.133669214,3613274,1234
6.136156643,3613500,226
6.136156643,3614718,1218
6.138543907,3614960,242
6.138543907,3616162,1202
6.140931171,3616420,258
6.140931171,3617606,1186
6.143318435,3617880,274
6.143318435,3619050,1170
6.145705699,3619340,290
6.145705699,3620494,1154
6.148185792,3620800,306
6.148185792,3621938,1138
6.150573056,3622260,322
6.150573056,3623382,1122
6.152960320,3623720,338
6.152960320,3624826,1106
6.156292999,3625180,354
6.156292999,3626270,1090
6.158540883,3626640,370
6.158540883,3627714,1074
6.160727098,3628100,386
6.160727098,3629158,1058
6.162913313,3629560,402
6.162913313,3630602,1042
6.165099528,3631020,418
6.165099528,3632046,1026
6.167370754,3632480,434
6.167370754,3633490,1010
6.169556969,3633940,450
6.169556969,3634934,994
6.171743184,3635400,466
6.171743184,3636378,978
6.173929399,3636860,482
6.173929399,3637822,962
6.176115614,3638320,498
6.176115614,3639266,946
6.178393924,3639780,514
6.178393924,3640710,930
6.180580139,3641240,530
6.180580139,3642154,914
6.182766354,3642700,546
6.182766354,3643598,898
6.184952569,3644160,562
6.184952569,3645042,882
6.187138784,3645620,578
6.187138784,3646486,866
6.189324999,3647080,594
6.189324999,3647930,850
6.191511214,3648540,610
6.191511214,3649374,834
6.193697429,3650000,626
6.193697429,3650818,818
6.195968655,3651460,642
6.195968655,3652262,802
6.198155270,3652920,658
6.198155270,3653706,786
6.200348169,3654380,674
6.200348169,3655150,770
6.202534384,3655840,690
6.202534384,3656594,754
6.204720599,3657300,706
6.204720599,3658038,738
6.206991825,3658760,722
6.206991825,3659482,722
6.209178040,3660220,738
6.209178040,3660926,706
6.211364255,3661680,754
6.211364255,3662370,690
6.213550470,3663140,770
6.213550470,3663814,674
6.215736685,3664600,786
6.215736685,3665258,658
6.218008311,3666060,802
6.218008311,3666702,642
6.220201210,3667520,818
6.220201210,3668146,626
6.222387425,3668980,834
6.222387425,3669590,610
6.224573640,3670440,850
6.224573640,3671034,594
6.226759855,3671900,866
6.226759855,3672478,578
6.228946070,3673360,882
6.228946070,3673922,562
6.231132285,3674820,898
6.231132285,3675366,546
6.233318500,3676280,914
6.233318500,3676810,530
6.235589726,3677740,930
6.235589726,3678254,514
6.237775941,3679200,946
6.237775941,3679698,498
6.239962556,3680660,962
6.239962556,3681142,482
6.242155455,3682120,978
6.242155455,3682586,466
6.244341670,3683580,994
6.244341670,3684030,450
6.246612896,3685040,1010
6.246612896,3685474,434
6.248799111,3686500,1026
6.248799111,3686918,418
6.250985326,3687960,1042
6.250985326,3688362,402
6.253171541,3689420,1058
6.253171541,3689806,386
6.255354476,3690880,1074
6.255354476,3692694,1814
6.256655326,3693800,1106
6.256655326,3694138,338
6.258804511,3695260,1122
6.258804511,3695582,322
6.261043415,3696720,1138
6.261043415,3697026,306
6.263192200,3698180,1154
6.263192200,3698470,290
6.265340985,3699640,1170
6.265340985,3699914,274
6.267489770,3701100,1186
6.267489770,3701358,258
6.269638555,3702560,1202
6.269638555,3702802,242
6.271870896,3704020,1218
6.271870896,3704246,226
6.274019681,3705480,1234
6.274019681,3705690,210
6.276168466,3706940,1250
6.276168466,3707134,194
6.278317651,3708400,1266
6.278317651,3708578,178
6.280472999,3709860,1282
6.280472999,3710022,162
6.282621784,3711320,1298
6.282621784,3711466,146
6.284770569,3712780,1314
6.284770569,3712910,130
6.286919354,3714240,1330
6.286919354,3714354,114
6.289151695,3715700,1346
6.289151695,3715798,98
6.291300480,3717160,1362
6.291300480,3717242,82
6.293449265,3718620,1378
6.293449265,3718686,66
6.295597970,3720080,1394
6.295597970,3720130,50
6.297745363,3721540,1410
6.297745363,3721574,34
6.299983275,3723000,1426
6.299983275,3723018,18
6.302130668,3724460,1442
6.302130668,3724462,2
6.304278141,3725914,1452
6.306426926,3725920,6
6.306426926,3727359,1439
6.308575711,3727380,21
6.308575711,3728804,1424
6.310808052,3728840,36
6.310808052,3730249,1409
6.312956837,3730300,51
6.312956837,3731694,1394
6.315105622,3731760,66
6.315105622,3733138,1378
6.317254407,3733220,82
6.317254407,3734582,1362
6.319403592,3734680,98
6.319403592,3736026,1346
6.321558940,3736140,114
6.321558940,3737470,1330
6.323707725,3737600,130
6.323707725,3738914,1314
6.325856510,3739060,146
6.325856510,3740358,1298
6.328088851,3740520,162
6.328088851,3741802,1282
6.330237636,3741980,178
6.330237636,3743246,1266
6.332386421,3743440,194
6.332386421,3744690,1250
6.334535206,3744900,210
6.334535206,3746134,1234
6.336683991,3746360,226
6.336683991,3747578,1218
6.338916732,3747820,242
6.338916732,3749022,1202
6.341072080,3749280,258
6.341072080,3750466,1186
6.343220865,3750740,274
6.343220865,3751910,1170
6.345369650,3752200,290
6.345369650,3753354,1154
6.347518435,3753660,306
6.347518435,3754798,1138
6.349667220,3755120,322
6.349667220,3756242,1122
6.354753258,3756580,338
6.354753258,3757686,1106
6.356976717,3758040,354
6.356976717,3759130,1090
6.359221448,3759500,370
6.359221448,3760574,1074
6.361382160,3760960,386
6.361382160,3762018,1058
6.363543272,3762420,402
6.363543272,3763462,1042
6.365710586,3763880,418
6.365710586,3764906,1026
6.367871298,3765340,434
6.367871298,3766350,1010
6.370116029,3766800,450
6.370116029,3767794,994
6.372276741,3768260,466
6.372276741,3769238,978
6.374437453,3769720,482
6.374437453,3770682,962
6.376598165,3771180,498
6.376598165,3772126,946
6.378758877,3772640,514
6.378758877,3773570,930
6.381003608,3774100,530
6.381003608,3775014,914
6.383164720,3775560,546
6.383164720,3776458,898
6.385332034,3777020,562
6.385332034,3777902,882
6.387492746,3778480,578
6.387492746,3779346,866
6.389653458,3779940,594
6.389653458,3780790,850
6.391814170,3781400,610
6.391814170,3782234,834
6.393974882,3782860,626
6.393974882,3783678,818
6.396135594,3784320,642
6.396135594,3785122,802
6.398380325,3785780,658
6.398380325,3786566,786
6.400541037,3787240,674
6.400541037,3788010,770
6.402701749,3788700,690
6.402701749,3789454,754
6.404862861,3790160,706
6.404862861,3790898,738
6.407030175,3791620,722
6.407030175,3792342,722
6.409274906,3793080,738
6.409274906,3793786,706
6.411435618,3794540,754
6.411435618,3795230,690
6.413596330,3796000,770
6.413596330,3796674,674
6.415757042,3797460,786
6.415757042,3798118,658
6.417917754,3798920,802
6.417917754,3799562,642
6.420078466,3800380,818
6.420078466,3801006,626
6.422239178,3801840,834
6.422239178,3802450,610
6.424399890,3803300,850
6.424399890,3803894,594
6.426651623,3804760,866
6.426651623,3805338,578
6.428812335,3806220,882
6.428812335,3806782,562
6.430973047,3807680,898
6.430973047,3808226,546
6.433133759,3809140,914
6.433133759,3809670,530
6.435294471,3810600,930
6.435294471,3811114,514
6.437539202,3812060,946
6.437539202,3812558,498
6.439699914,3813520,962
6.439699914,3814002,482
6.441860626,3814980,978
6.441860626,3815446,466
6.444021338,3816440,994
6.444021338,3816890,450
6.446182450,3817900,1010
6.446182450,3818334,434
6.448349764,3819360,1026
6.448349764,3819778,418
6.450510476,3820820,1042
6.450510476,3821222,402
6.452671188,3822280,1058
6.452671188,3822666,386
6.454912639,3823740,1074
6.454912639,3825554,1814
6.455470687,3826660,1106
6.455470687,3826998,338
6.457748071,3828120,1122
6.457748071,3828442,322
6.460025455,3829580,1138
6.460025455,3829886,306
6.462391795,3831040,1154
6.462391795,3831330,290
6.464676159,3832500,1170
6.464676159,3832774,274
6.466953543,3833960,1186
6.466953543,3834218,258
6.469230927,3835420,1202
6.469230927,3835662,242
6.471508311,3836880,1218
6.471508311,3837106,226
6.473785695,3838340,1234
6.473785695,3838550,210
6.476151635,3839800,1250
6.476151635,3839994,194
6.478429019,3841260,1266
6.478429019,3841438,178
6.480706403,3842720,1282
6.480706403,3842882,162
6.482983787,3844180,1298
6.482983787,3844326,146
6.485261571,3845640,1314
6.485261571,3845770,130
6.487545935,3847100,1330
6.487545935,3847214,114
6.489823319,3848560,1346
6.489823319,3848658,98
6.492100703,3850020,1362
6.492100703,3850102,82
6.494466643,3851480,1378
6.494466643,3851546,66
6.496743947,3852940,1394
6.496743947,3852990,50
6.499019855,3854400,1410
6.499019855,3854434,34
6.501295763,3855860,1426
6.501295763,3855878,18
6.503571671,3857320,1442
6.503571671,3857322,2
6.505936615,3858774,1452
6.508220979,3858780,6
6.508220979,3860219,1439
6.510498363,3860240,21
6.510498363,3861664,1424
6.512775747,3861700,36
6.512775747,3863109,1409
6.515053131,3863160,51
6.515053131,3864554,1394
6.517330515,3864620,66
6.517330515,3865998,1378
6.519607899,3866080,82
6.519607899,3867442,1362
6.521885283,3867540,98
6.521885283,3868886,1346
6.524251223,3869000,114
6.524251223,3870330,1330
6.526528607,3870460,130
6.526528607,3871774,1314
6.528806391,3871920,146
6.528806391,3873218,1298
6.531090755,3873380,162
6.531090755,3874662,1282
6.533368139,3874840,178
6.533368139,3876106,1266
6.535734079,3876300,194
6.535734079,3877550,1250
6.538011463,3877760,210
6.538011463,3878994,1234
6.540288847,3879220,226
6.540288847,3880438,1218
6.542566231,3880680,242
6.542566231,3881882,1202
6.544843615,3882140,258
6.544843615,3883326,1186
6.547120999,3883600,274
6.547120999,3884770,1170
6.549398383,3885060,290
6.549398383,3886214,1154
6.555622600,3886520,306
6.555622600,3887658,1138
6.558003658,3887980,322
6.558003658,3889102,1122
6.560237450,3889440,338
6.560237450,3890546,1106
6.562471242,3890900,354
6.562471242,3891990,1090
6.564705034,3892360,370
6.564705034,3893434,1074
6.566938826,3893820,386
6.566938826,3894878,1058
6.569259479,3895280,402
6.569259479,3896322,1042
6.571493271,3896740,418
6.571493271,3897766,1026
6.573727063,3898200,434
6.573727063,3899210,1010
6.575961255,3899660,450
6.575961255,3900654,994
6.578201885,3901120,466
6.578201885,3902098,978
6.580522538,3902580,482
6.580522538,3903542,962
6.582756330,3904040,498
6.582756330,3904986,946
6.584990122,3905500,514
6.584990122,3906430,930
6.587223914,3906960,530
6.587223914,3907874,914
6.589457706,3908420,546
6.589457706,3909318,898
6.591691498,3909880,562
6.591691498,3910762,882
6.593925290,3911340,578
6.593925290,3912206,866
6.596159082,3912800,594
6.596159082,3913650,850
6.598486974,3914260,610
6.598486974,3915094,834
6.600720766,3915720,626
6.600720766,3916538,818
6.602954558,3917180,642
6.602954558,3917982,802
6.605188350,3918640,658
6.605188350,3919426,786
6.607422142,3920100,674
6.607422142,3920870,770
6.609742795,3921560,690
6.609742795,3922314,754
6.611976587,3923020,706
6.611976587,3923758,738
6.614210379,3924480,722
6.614210379,3925202,722
6.616444171,3925940,738
6.616444171,3926646,706
6.618678363,3927400,754
6.618678363,3928090,690
6.620918993,3928860,770
6.620918993,3929534,674
6.623152785,3930320,786
6.623152785,3930978,658
6.625386577,3931780,802
6.625386577,3932422,642
6.627707230,3933240,818
6.627707230,3933866,626
6.629941022,3934700,834
6.629941022,3935310,610
6.632174814,3936160,850
6.632174814,3936754,594
6.634408606,3937620,866
6.634408606,3938198,578
6.636642398,3939080,882
6.636642398,3939642,562
6.638963451,3940540,898
6.638963451,3941086,546
6.641204081,3942000,914
6.641204081,3942530,530
6.643437873,3943460,930
6.643437873,3943974,514
6.645671665,3944920,946
6.645671665,3945418,498
6.647905457,3946380,962
6.647905457,3946862,482
6.650139249,3947840,978
6.650139249,3948306,466
6.652373041,3949300,994
6.652373041,3949750,450
6.654603553,3950760,1010
6.654603553,3952638,1878
6.656261479,3953680,1042
6.656261479,3954082,402
6.658544816,3955140,1058
6.658544816,3955526,386
6.660834751,3956600,1074
6.660834751,3956970,370
6.663117688,3958060,1090
6.663117688,3958414,354
6.665489397,3959520,1106
6.665489397,3959858,338
6.667772334,3960980,1122
6.667772334,3961302,322
6.670055271,3962440,1138
6.670055271,3962746,306
6.672338208,3963900,1154
6.672338208,3964190,290
6.674621145,3965360,1170
6.674621145,3965634,274
6.676992854,3966820,1186
6.676992854,3967078,258
6.679276191,3968280,1202
6.679276191,3968522,242
6.681566126,3969740,1218
6.681566126,3969966,226
6.683849063,3971200,1234
6.683849063,3971410,210
6.686132000,3972660,1250
6.686132000,3972854,194
6.688414937,3974120,1266
6.688414937,3974298,178
6.690697874,3975580,1282
6.690697874,3975742,162
6.692980811,3977040,1298
6.692980811,3977186,146
6.695352520,3978500,1314
6.695352520,3978630,130
6.697635457,3979960,1330
6.697635457,3980074,114
6.699918394,3981420,1346
6.699918394,3981518,98
6.702201731,3982880,1362
6.702201731,3982962,82
6.704491666,3984340,1378
6.704491666,3984406,66
6.706863295,3985800,1394
6.706863295,3985850,50
6.709144752,3987260,1410
6.709144752,3987294,34
6.711426209,3988720,1426
6.711426209,3988738,18
6.713707666,3990180,1442
6.713707666,3990182,2
6.715989203,3991634,1452
6.718272140,3991640,6
6.718272140,3993079,1439
6.720555077,3993100,21
6.720555077,3994524,1424
6.722838014,3994560,36
6.722838014,3995969,1409
6.725217121,3996020,51
6.725217121,3997414,1394
6.727500058,3997480,66
6.727500058,3998858,1378
6.729782995,3998940,82
6.729782995,4000302,1362
6.732065932,4000400,98
6.732065932,4001746,1346
6.734348869,4001860,114
6.734348869,4003190,1330
6.736720578,4003320,130
6.736720578,4004634,1314
6.739003515,4004780,146
6.739003515,4006078,1298
6.741286452,4006240,162
6.741286452,4007522,1282
6.743569389,4007700,178
6.743569389,4008966,1266
6.745852726,4009160,194
6.745852726,4010410,1250
6.748142661,4010620,210
6.748142661,4011854,1234
6.750425598,4012080,226
6.750425598,4013298,1218
6.752708535,4013540,242
6.752708535,4014742,1202
6.755192161,4015000,258
6.755192161,4016186,1186
6.757582826,4016460,274
6.757582826,4017630,1170
6.759973491,4017920,290
6.759973491,4019074,1154
6.762364156,4019380,306
6.762364156,4020518,1138
6.764754821,4020840,322
6.764754821,4021962,1122
6.767238847,4022300,338
6.767238847,4023406,1106
6.769636859,4023760,354
6.769636859,4024850,1090
6.772027524,4025220,370
6.772027524,4026294,1074
6.774418189,4026680,386
6.774418189,4027738,1058
6.776808854,4028140,402
6.776808854,4029182,1042
6.779292480,4029600,418
6.779292480,4030626,1026
6.781683145,4031060,434
6.781683145,4032070,1010
6.784073810,4032520,450
6.784073810,4033514,994
6.786464475,4033980,466
6.786464475,4034958,978
6.788855140,4035440,482
6.788855140,4036402,962
6.791246205,4036900,498
6.791246205,4037846,946
6.793644217,4038360,514
6.793644217,4039290,930
6.796034882,4039820,530
6.796034882,4040734,914
6.798518508,4041280,546
6.798518508,4042178,898
6.800909173,4042740,562
6.800909173,4043622,882
6.803299838,4044200,578
6.803299838,4045066,866
6.805690503,4045660,594
6.805690503,4046510,850
6.808081168,4047120,610
6.808081168,4047954,834
6.810564794,4048580,626
6.810564794,4049398,818
6.812955859,4050040,642
6.812955859,4050842,802
6.815353871,4051500,658
6.815353871,4052286,786
6.817744536,4052960,674
6.817744536,4053730,770
6.820135201,4054420,690
6.820135201,4055174,754
6.822525866,4055880,706
6.822525866,4056618,738
6.824916531,4057340,722
6.824916531,4058062,722
6.827307196,4058800,738
6.827307196,4059506,706
6.829790822,4060260,754
6.829790822,4060950,690
6.832181487,4061720,770
6.832181487,4062394,674
6.834572152,4063180,786
6.834572152,4063838,658
6.836963217,4064640,802
6.836963217,4065282,642
6.839361229,4066100,818
6.839361229,4066726,626
6.841844855,4067560,834
6.841844855,4068170,610
6.844235520,4069020,850
6.844235520,4069614,594
6.846626185,4070480,866
6.846626185,4071058,578
6.849016850,4071940,882
6.849016850,4072502,562
6.853351883,4073400,898
6.853351883,4073946,546
6.855930415,4074860,914
6.855930415,4075390,530
6.858358884,4076320,930
6.858358884,4076834,514
6.860787753,4077780,946
6.860787753,4078278,498
6.863223691,4079240,962
6.863223691,4079722,482
6.865652160,4080700,978
6.865652160,4081166,466
6.868080629,4082160,994
6.868080629,4082610,450
6.870509098,4083620,1010
6.870509098,4084054,434
6.872937567,4085080,1026
6.872937567,4085498,418
6.875460467,4086540,1042
6.875460467,4086942,402
6.877888936,4088000,1058
6.877888936,4088386,386
6.880317405,4089460,1074
6.880317405,4089830,370
6.882745874,4090920,1090
6.882745874,4091274,354
6.885174743,4092380,1106
6.885174743,4092718,338
6.887705112,4093840,1122
6.887705112,4094162,322
6.890133581,4095300,1138
6.890133581,4095606,306
6.892562050,4096760,1154
6.892562050,4097050,290
6.894990519,4098220,1170
6.894990519,4098494,274
6.897418988,4099680,1186
6.897418988,4099938,258
6.899847457,4101140,1202
6.899847457,4101382,242
6.902275926,4102600,1218
6.902275926,4102826,226
6.904704395,4104060,1234
6.904704395,4104270,210
6.907227695,4105520,1250
6.907227695,4105714,194
6.909663633,4106980,1266
6.909663633,4107158,178
6.912092102,4108440,1282
6.912092102,4108602,162
6.914520571,4109900,1298
6.914520571,4110046,146
6.916949040,4111360,1314
6.916949040,4111490,130
6.919471940,4112820,1330
6.919471940,4112934,114
6.921900409,4114280,1346
6.921900409,4114378,98
6.924328878,4115740,1362
6.924328878,4115822,82
6.926757347,4117200,1378
6.926757347,4117266,66
6.929185736,4118660,1394
6.929185736,4118710,50
6.931613031,4120120,1410
6.931613031,4120154,34
6.934047395,4121580,1426
6.934047395,4121598,18
6.936474290,4123040,1442
6.936474290,4123042,2
6.938995696,4124494,1452
6.941424165,4124500,6
6.941424165,4125939,1439
6.943852634,4125960,21
6.943852634,4127384,1424
6.946281103,4127420,36
6.946281103,4128829,1409
6.948709572,4128880,51
6.948709572,4130274,1394
6.951232472,4130340,66
6.951232472,4131718,1378
6.953661341,4131800,82
6.953661341,4133162,1362
6.955797753,4133260,98
6.955797753,4134606,1346
6.957927663,4134720,114
6.957927663,4136050,1330
6.960057573,4136180,130
6.960057573,4137494,1314
6.962270305,4137640,146
6.962270305,4138938,1298
6.964400215,4139100,162
6.964400215,4140382,1282
6.966530125,4140560,178
6.966530125,4141826,1266
6.968660035,4142020,194
6.968660035,4143270,1250
6.970789945,4143480,210
6.970789945,4144714,1234
6.972919855,4144940,226
6.972919855,4146158,1218
6.975050165,4146400,242
6.975050165,4147602,1202
6.977186577,4147860,258
6.977186577,4149046,1186
6.979399309,4149320,274
6.979399309,4150490,1170
6.981529219,4150780,290
6.981529219,4151934,1154
6.983659129,4152240,306
6.983659129,4153378,1138
6.985789039,4153700,322
6.985789039,4154822,1122
6.987918949,4155160,338
6.987918949,4156266,1106
6.990048859,4156620,354
6.990048859,4157710,1090
6.992261591,4158080,370
6.992261591,4159154,1074
6.994391901,4159540,386
6.994391901,4160598,1058
6.996528313,4161000,402
6.996528313,4162042,1042
6.998658223,4162460,418
6.998658223,4163486,1026
7.000788133,4163920,434
7.000788133,4164930,1010
7.002918043,4165380,450
7.002918043,4166374,994
7.005047953,4166840,466
7.005047953,4167818,978
7.007177863,4168300,482
7.007177863,4169262,962
7.009390595,4169760,498
7.009390595,4170706,946
7.011520505,4171220,514
7.011520505,4172150,930
7.013650415,4172680,530
7.013650415,4173594,914
7.015780725,4174140,546
7.015780725,4175038,898
7.017917137,4175600,562
7.017917137,4176482,882
7.020129869,4177060,578
7.020129869,4177926,866
7.022259779,4178520,594
7.022259779,4179370,850
7.024389689,4179980,610
7.024389689,4180814,834
7.026519599,4181440,626
7.026519599,4182258,818
7.028649509,4182900,642
7.028649509,4183702,802
7.030779419,4184360,658
7.030779419,4185146,786
7.032909329,4185820,674
7.032909329,4186590,770
7.035039239,4187280,690
7.035039239,4188034,754
7.037258873,4188740,706
7.037258873,4189478,738
7.039388783,4190200,722
7.039388783,4190922,722
7.041518693,4191660,738
7.041518693,4192366,706
7.043648603,4193120,754
7.043648603,4193810,690
7.045778513,4194580,770
7.045778513,4195254,674
7.047991245,4196040,786
7.047991245,4196698,658
7.050121155,4197500,802
7.050121155,4198142,642
7.052251065,4198960,818
7.052251065,4199586,626
7.054377695,4200420,834
7.054377695,4201030,610
7.055559753,4201880,850
7.055559753,4202474,594
7.057829495,4203340,866
7.057829495,4203918,578
7.060007873,4204800,882
7.060007873,4205362,562
7.062186251,4206260,898
7.062186251,4206806,546
7.064364629,4207720,914
7.064364629,4208250,530
7.066543007,4209180,930
7.066543007,4209694,514
7.068721385,4210640,946
7.068721385,4211138,498
7.070899763,4212100,962
7.070899763,4212582,482
7.073078141,4213560,978
7.073078141,4214026,466
7.075341625,4215020,994
7.075341625,4215470,450
7.077526661,4216480,1010
7.077526661,4216914,434
7.079705039,4217940,1026
7.079705039,4218358,418
7.081883417,4219400,1042
7.081883417,4219802,402
7.084061795,4220860,1058
7.084061795,4221246,386
7.086324879,4222320,1074
7.086324879,4222690,370
7.088503257,4223780,1090
7.088503257,4224134,354
7.090681635,4225240,1106
7.090681635,4225578,338
7.092860013,4226700,1122
7.092860013,4227022,322
7.095038391,4228160,1138
7.095038391,4228466,306
7.097217169,4229620,1154
7.097217169,4229910,290
7.099402205,4231080,1170
7.099402205,4231354,274
7.101580583,4232540,1186
7.101580583,4232798,258
7.103843667,4234000,1202
7.103843667,4234242,242
7.106022045,4235460,1218
7.106022045,4235686,226
7.108200423,4236920,1234
7.108200423,4237130,210
7.110378801,4238380,1250
7.110378801,4238574,194
7.112557179,4239840,1266
7.112557179,4240018,178
7.114820263,4241300,1282
7.114820263,4241462,162
7.116999041,4242760,1298
7.116999041,4242906,146
7.119184077,4244220,1314
7.119184077,4244350,130
7.121362455,4245680,1330
7.121362455,4245794,114
7.123540833,4247140,1346
7.123540833,4247238,98
7.125719211,4248600,1362
7.125719211,4248682,82
7.127897589,4250060,1378
7.127897589,4250126,66
7.130075887,4251520,1394
7.130075887,4251570,50
7.132337559,4252980,1410
7.132337559,4253014,34
7.134514525,4254440,1426
7.134514525,4254458,18
7.136691491,4255900,1442
7.136691491,4255902,2
7.138868937,4257354,1452
7.141053973,4257360,6
7.141053973,4258799,1439
7.143317057,4258820,21
7.143317057,4260244,1424
7.145495435,4260280,36
7.145495435,4261689,1409
7.147673813,4261740,51
7.147673813,4263134,1394
7.149852191,4263200,66
7.149852191,4264578,1378
7.152030569,4264660,82
7.152030569,4266022,1362
7.153270571,4266120,98
7.153270571,4267466,1346
7.155425236,4267580,114
7.155425236,4268910,1330
7.157580301,4269040,130
7.157580301,4270354,1314
7.159741549,4270500,146
7.159741549,4271798,1298
7.161896214,4271960,162
7.161896214,4273242,1282
7.164050879,4273420,178
7.164050879,4274686,1266
7.166205544,4274880,194
7.166205544,4276130,1250
7.168360209,4276340,210
7.168360209,4277574,1234
7.170598658,4277800,226
7.170598658,4279018,1218
7.172753323,4279260,242
7.172753323,4280462,1202
7.174907988,4280720,258
7.174907988,4281906,1186
7.177062653,4282180,274
7.177062653,4283350,1170
7.179217718,4283640,290
7.179217718,4284794,1154
7.181378966,4285100,306
7.181378966,4286238,1138
7.183617415,4286560,322
7.183617415,4287682,1122
7.185772080,4288020,338
7.185772080,4289126,1106
7.187926745,4289480,354
7.187926745,4290570,1090
7.190081410,4290940,370
7.190081410,4292014,1074
7.192236075,4292400,386
7.192236075,4293458,1058
7.194390740,4293860,402
7.194390740,4294902,1042
7.196545405,4295320,418
7.196545405,4296346,1026
7.198784254,4296780,434
7.198784254,4297790,1010
7.200945502,4298240,450
7.200945502,4299234,994
7.203100167,4299700,466
7.203100167,4300678,978
7.205254832,4301160,482
7.205254832,4302122,962
7.207409497,4302620,498
7.207409497,4303566,946
7.209564162,4304080,514
7.209564162,4305010,930
7.211802611,4305540,530
7.211802611,4306454,914
7.213957276,4307000,546
7.213957276,4307898,898
7.216111941,4308460,562
7.216111941,4309342,882
7.218266606,4309920,578
7.218266606,4310786,866
7.220421671,4311380,594
7.220421671,4312230,850
7.222666703,4312840,610
7.222666703,4313674,834
7.224821368,4314300,626
7.224821368,4315118,818
7.226976033,4315760,642
7.226976033,4316562,802
7.229130698,4317220,658
7.229130698,4318006,786
7.231285363,4318680,674
7.231285363,4319450,770
7.233440028,4320140,690
7.233440028,4320894,754
7.235594693,4321600,706
7.235594693,4322338,738
7.237833142,4323060,722
7.237833142,4323782,722
7.239988207,4324520,738
7.239988207,4325226,706
7.242149455,4325980,754
7.242149455,4326670,690
7.244304120,4327440,770
7.244304120,4328114,674
7.246458785,4328900,786
7.246458785,4329558,658
7.248613450,4330360,802
7.248613450,4331002,642
7.250851899,4331820,818
7.250851899,4332446,626
7.253003284,4333280,834
7.253003284,4333890,610
7.254138911,4334740,850
7.254138911,4335334,594
7.256271258,4336200,866
7.256271258,4336778,578
7.258403605,4337660,882
7.258403605,4338222,562
7.260536352,4339120,898
7.260536352,4339666,546
7.262675209,4340580,914
7.262675209,4341110,530
7.264890472,4342040,930
7.264890472,4342554,514
7.267022819,4343500,946
7.267022819,4343998,498
7.269155166,4344960,962
7.269155166,4345442,482
7.271287513,4346420,978
7.271287513,4346886,466
7.273419860,4347880,994
7.273419860,4348330,450
7.275552207,4349340,1010
7.275552207,4349774,434
7.277767470,4350800,1026
7.277767470,4351218,418
7.279900217,4352260,1042
7.279900217,4352662,402
7.282039074,4353720,1058
7.282039074,4354106,386
7.284171421,4355180,1074
7.284171421,4355550,370
7.286303768,4356640,1090
7.286303768,4356994,354
7.288436115,4358100,1106
7.288436115,4358438,338
7.290568462,4359560,1122
7.290568462,4359882,322
7.292783725,4361020,1138
7.292783725,4361326,306
7.294916072,4362480,1154
7.294916072,4362770,290
7.297048419,4363940,1170
7.297048419,4364214,274
7.299180766,4365400,1186
7.299180766,4365658,258
7.301313513,4366860,1202
7.301313513,4367102,242
7.303452370,4368320,1218
7.303452370,4368546,226
7.305667633,4369780,1234
7.305667633,4369990,210
7.307799980,4371240,1250
7.307799980,4371434,194
7.309932327,4372700,1266
7.309932327,4372878,178
7.312064674,4374160,1282
7.312064674,4374322,162
7.314197021,4375620,1298
7.314197021,4375766,146
7.316412284,4377080,1314
7.316412284,4377210,130
7.318544631,4378540,1330
7.318544631,4378654,114
7.320677378,4380000,1346
7.320677378,4380098,98
7.322816235,4381460,1362
7.322816235,4381542,82
7.324948582,4382920,1378
7.324948582,4382986,66
7.327080849,4384380,1394
7.327080849,4384430,50
7.329211814,4385840,1410
7.329211814,4385874,34
7.331425695,4387300,1426
7.331425695,4387318,18
7.333556660,4388760,1442
7.333556660,4388762,2
7.335687705,4390214,1452
7.337820052,4390220,6
7.337820052,4391659,1439
7.339952399,4391680,21
7.339952399,4393104,1424
7.342085146,4393140,36
7.342085146,4394549,1409
7.344306919,4394600,51
7.344306919,4395994,1394
7.346439266,4396060,66
7.346439266,4397438,1378
7.348571613,4397520,82
7.348571613,4398882,1362
7.354640298,4398980,98
7.354640298,4400326,1346
7.356830247,4400440,114
7.356830247,4401770,1330
7.358956534,4401900,130
7.358956534,4403214,1314
7.361082821,4403360,146
7.361082821,4404658,1298
7.363291789,4404820,162
7.363291789,4406102,1282
7.365418476,4406280,178
7.365418476,4407546,1266
7.367551254,4407740,194
7.367551254,4408990,1250
7.369677541,4409200,210
7.369677541,4410434,1234
7.371803828,4410660,226
7.371803828,4411878,1218
7.373930115,4412120,242
7.373930115,4413322,1202
7.376139083,4413580,258
7.376139083,4414766,1186
7.378265370,4415040,274
7.378265370,4416210,1170
7.380391657,4416500,290
7.380391657,4417654,1154
7.382517944,4417960,306
7.382517944,4419098,1138
7.384644231,4419420,322
7.384644231,4420542,1122
7.386770918,4420880,338
7.386770918,4421986,1106
7.388903696,4422340,354
7.388903696,4423430,1090
7.391112664,4423800,370
7.391112664,4424874,1074
7.393238951,4425260,386
7.393238951,4426318,1058
7.395365238,4426720,402
7.395365238,4427762,1042
7.397491525,4428180,418
7.397491525,4429206,1026
7.399617812,4429640,434
7.399617812,4430650,1010
7.401826780,4431100,450
7.401826780,4432094,994
7.403953067,4432560,466
7.403953067,4433538,978
7.406079754,4434020,482
7.406079754,4434982,962
7.408212532,4435480,498
7.408212532,4436426,946
7.410338819,4436940,514
7.410338819,4437870,930
7.412465106,4438400,530
7.412465106,4439314,914
7.414674074,4439860,546
7.414674074,4440758,898
7.416800361,4441320,562
7.416800361,4442202,882
7.418926648,4442780,578
7.418926648,4443646,866
7.421052935,4444240,594
7.421052935,4445090,850
7.423179222,4445700,610
7.423179222,4446534,834
7.425305509,4447160,626
7.425305509,4447978,818
7.427432196,4448620,642
7.427432196,4449422,802
7.429647655,4450080,658
7.429647655,4450866,786
7.431773942,4451540,674
7.431773942,4452310,770
7.433900229,4453000,690
7.433900229,4453754,754
7.436026516,4454460,706
7.436026516,4455198,738
7.438152803,4455920,722
7.438152803,4456642,722
7.440279090,4457380,738
7.440279090,4458086,706
7.442488058,4458840,754
7.442488058,4459530,690
7.444614345,4460300,770
7.444614345,4460974,674
7.446741032,4461760,786
7.446741032,4462418,658
7.448873810,4463220,802
7.448873810,4463862,642
7.451000097,4464680,818
7.451000097,4465306,626
7.453126384,4466140,834
7.453126384,4466750,610
7.455252671,4467600,850
7.455252671,4468194,594
7.457434704,4469060,866
7.457434704,4469638,578
7.459701586,4470520,882
7.459701586,4471082,562
7.461883619,4471980,898
7.461883619,4472526,546
7.464065652,4473440,914
7.464065652,4473970,530
7.466247685,4474900,930
7.466247685,4475414,514
7.468430118,4476360,946
7.468430118,4476858,498
7.470618821,4477820,962
7.470618821,4478302,482
7.472885703,4479280,978
7.472885703,4479746,466
7.475067736,4480740,994
7.475067736,4481190,450
7.477249769,4482200,1010
7.477249769,4482634,434
7.479431802,4483660,1026
7.479431802,4484078,418
7.481613835,4485120,1042
7.481613835,4485522,402
7.483795868,4486580,1058
7.483795868,4486966,386
7.485977901,4488040,1074
7.485977901,4488410,370
7.488245183,4489500,1090
7.488245183,4489854,354
7.490433886,4490960,1106
7.490433886,4491298,338
7.492615919,4492420,1122
7.492615919,4492742,322
7.494797952,4493880,1138
7.494797952,4494186,306
7.496979985,4495340,1154
7.496979985,4495630,290
7.499246867,4496800,1170
7.499246867,4497074,274
7.501428900,4498260,1186
7.501428900,4498518,258
7.503610933,4499720,1202
7.503610933,4499962,242
7.505792966,4501180,1218
7.505792966,4501406,226
7.507974999,4502640,1234
7.507974999,4502850,210
7.510157432,4504100,1250
7.510157432,4504294,194
7.512430984,4505560,1266
7.512430984,4505738,178
7.514613017,4507020,1282
7.514613017,4507182,162
7.516795050,4508480,1298
7.516795050,4508626,146
7.518977083,4509940,1314
7.518977083,4510070,130
7.521159116,4511400,1330
7.521159116,4511514,114
7.523341149,4512860,1346
7.523341149,4512958,98
7.525523182,4514320,1362
7.525523182,4514402,82
7.527790064,4515780,1378
7.527790064,4515846,66
7.529972417,4517240,1394
7.529972417,4517290,50
7.532159706,4518700,1410
7.532159706,4518734,34
7.534340325,4520160,1426
7.534340325,4520178,18
7.536520944,4521620,1442
7.536520944,4521622,2
7.538701643,4523074,1452
7.540968525,4523080,6
7.540968525,4524519,1439
7.543150558,4524540,21
7.543150558,4525964,1424
7.545332591,4526000,36
7.545332591,4527409,1409
7.547514624,4527460,51
7.547514624,4528854,1394
7.549696657,4528920,66
7.549696657,4530298,1378
7.551879090,4530380,82
7.551879090,4531742,1362
7.554067793,4531840,98
7.554067793,4533186,1346
7.555279363,4533300,114
7.555279363,4534630,1330
7.557406757,4534760,130
7.557406757,4536074,1314
7.559534151,4536220,146
7.559534151,4537518,1298
7.561661545,4537680,162
7.561661545,4538962,1282
7.563788939,4539140,178
7.563788939,4540406,1266
7.565916333,4540600,194
7.565916333,4541850,1250
7.568126451,4542060,210
7.568126451,4543294,1234
7.570254245,4543520,226
7.570254245,4544738,1218
7.572388133,4544980,242
7.572388133,4546182,1202
7.574515527,4546440,258
7.574515527,4547626,1186
7.576642921,4547900,274
7.576642921,4549070,1170
7.578770315,4549360,290
7.578770315,4550514,1154
7.580897709,4550820,306
7.580897709,4551958,1138
7.583107827,4552280,322
7.583107827,4553402,1122
7.585235221,4553740,338
7.585235221,4554846,1106
7.587362615,4555200,354
7.587362615,4556290,1090
7.589490009,4556660,370
7.589490009,4557734,1074
7.591617803,4558120,386
7.591617803,4559178,1058
7.593834415,4559580,402
7.593834415,4560622,1042
7.595961809,4561040,418
7.595961809,4562066,1026
7.598089203,4562500,434
7.598089203,4563510,1010
7.600216597,4563960,450
7.600216597,4564954,994
7.602343991,4565420,466
7.602343991,4566398,978
7.604471385,4566880,482
7.604471385,4567842,962
7.606681503,4568340,498
7.606681503,4569286,946
7.608808897,4569800,514
7.608808897,4570730,930
7.610936691,4571260,530
7.610936691,4572174,914
7.613070579,4572720,546
7.613070579,4573618,898
7.615197973,4574180,562
7.615197973,4575062,882
7.617325367,4575640,578
7.617325367,4576506,866
7.619452761,4577100,594
7.619452761,4577950,850
7.621662879,4578560,610
7.621662879,4579394,834
7.623790273,4580020,626
7.623790273,4580838,818
7.625917667,4581480,642
7.625917667,4582282,802
7.628045061,4582940,658
7.628045061,4583726,786
7.630172455,4584400,674
7.630172455,4585170,770
7.632300249,4585860,690
7.632300249,4586614,754
7.634516861,4587320,706
7.634516861,4588058,738
7.636644255,4588780,722
7.636644255,4589502,722
7.638771649,4590240,738
7.638771649,4590946,706
7.640899043,4591700,754
7.640899043,4592390,690
7.643026437,4593160,770
7.643026437,4593834,674
7.645153831,4594620,786
7.645153831,4595278,658
7.647281225,4596080,802
7.647281225,4596722,642
7.649491343,4597540,818
7.649491343,4598166,626
7.651619137,4599000,834
7.651619137,4599610,610
7.653753025,4600460,850
7.653753025,4601054,594
7.656025069,4601920,866
7.656025069,4602498,578
7.658297113,4603380,882
7.658297113,4603942,562
7.660569157,4604840,898
7.660569157,4605386,546
7.662929550,4606300,914
7.662929550,4606830,530
7.665201594,4607760,930
7.665201594,4608274,514
7.667473638,4609220,946
7.667473638,4609718,498
7.669745682,4610680,962
7.669745682,4611162,482
7.672017726,4612140,978
7.672017726,4612606,466
7.674385481,4613600,994
7.674385481,4614050,450
7.676657525,4615060,1010
7.676657525,4615494,434
7.678929569,4616520,1026
7.678929569,4616938,418
7.681201613,4617980,1042
7.681201613,4618382,402
7.683473657,4619440,1058
7.683473657,4619826,386
7.685745701,4620900,1074
7.685745701,4621270,370
7.688017745,4622360,1090
7.688017745,4622714,354
7.690378138,4623820,1106
7.690378138,4624158,338
7.692650182,4625280,1122
7.692650182,4625602,322
7.694922626,4626740,1138
7.694922626,4627046,306
7.697201633,4628200,1154
7.697201633,4628490,290
7.699473677,4629660,1170
7.699473677,4629934,274
7.701745721,4631120,1186
7.701745721,4631378,258
7.704106114,4632580,1202
7.704106114,4632822,242
7.706378158,4634040,1218
7.706378158,4634266,226
7.708650202,4635500,1234
7.708650202,4635710,210
7.710922246,4636960,1250
7.710922246,4637154,194
7.713194290,4638420,1266
7.713194290,4638598,178
7.715466334,4639880,1282
7.715466334,4640042,162
7.717738778,4641340,1298
7.717738778,4641486,146
7.720106134,4642800,1314
7.720106134,4642930,130
7.722378178,4644260,1330
7.722378178,4644374,114
7.724650222,4645720,1346
7.724650222,4645818,98
7.726922266,4647180,1362
7.726922266,4647262,82
7.729194310,4648640,1378
7.729194310,4648706,66
7.731466274,4650100,1394
7.731466274,4650150,50
7.733825195,4651560,1410
7.733825195,4651594,34
7.736095767,4653020,1426
7.736095767,4653038,18
7.738366739,4654480,1442
7.738366739,4654482,2
7.740644353,4655934,1452
7.742916397,4655940,6
7.742916397,4657379,1439
7.745188441,4657400,21
7.745188441,4658824,1424
7.747460485,4658860,36
7.747460485,4660269,1409
7.749820878,4660320,51
7.749820878,4661714,1394
7.752092922,4661780,66
7.752092922,4663158,1378
7.755300116,4663240,82
7.755300116,4664602,1362
7.757446522,4664700,98
7.757446522,4666046,1346
7.759528078,4666160,114
7.759528078,4667490,1330
7.761610034,4667620,130
7.761610034,4668934,1314
7.763778876,4669080,146
7.763778876,4670378,1298
7.765860432,4670540,162
7.765860432,4671822,1282
7.767941988,4672000,178
7.767941988,4673266,1266
7.770023544,4673460,194
7.770023544,4674710,1250
7.772105100,4674920,210
7.772105100,4676154,1234
7.774267597,4676380,226
7.774267597,4677598,1218
7.776349153,4677840,242
7.776349153,4679042,1202
7.778430709,4679300,258
7.778430709,4680486,1186
7.780512665,4680760,274
7.780512665,4681930,1170
7.782600566,4682220,290
7.782600566,4683374,1154
7.784682122,4683680,306
7.784682122,4684818,1138
7.786763678,4685140,322
7.786763678,4686262,1122
7.788926175,4686600,338
7.788926175,4687706,1106
7.791007731,4688060,354
7.791007731,4689150,1090
7.793089287,4689520,370
7.793089287,4690594,1074
7.795170843,4690980,386
7.795170843,4692038,1058
7.797252399,4692440,402
7.797252399,4693482,1042
7.799333955,4693900,418
7.799333955,4694926,1026
7.801503198,4695360,434
7.801503198,4696370,1010
7.803584754,4696820,450
7.803584754,4697814,994
7.805666310,4698280,466
7.805666310,4699258,978
7.807747866,4699740,482
7.807747866,4700702,962
7.809829422,4701200,498
7.809829422,4702146,946
7.811910978,4702660,514
7.811910978,4703590,930
7.813992534,4704120,530
7.813992534,4705034,914
7.816155031,4705580,546
7.816155031,4706478,898
7.818236587,4707040,562
7.818236587,4707922,882
7.820318543,4708500,578
7.820318543,4709366,866
7.822406444,4709960,594
7.822406444,4710810,850
7.824488000,4711420,610
7.824488000,4712254,834
7.826569556,4712880,626
7.826569556,4713698,818
7.828732053,4714340,642
7.828732053,4715142,802
7.830813609,4715800,658
7.830813609,4716586,786
7.832895165,4717260,674
7.832895165,4718030,770
7.834976721,4718720,690
7.834976721,4719474,754
7.837058277,4720180,706
7.837058277,4720918,738
7.839139833,4721640,722
7.839139833,4722362,722
7.841221789,4723100,738
7.841221789,4723806,706
7.843390631,4724560,754
7.843390631,4725250,690
7.845472187,4726020,770
7.845472187,4726694,674
7.847553743,4727480,786
7.847553743,4728138,658
7.849635299,4728940,802
7.849635299,4729582,642
7.851716855,4730400,818
7.851716855,4731026,626
7.853879352,4731860,834
7.853879352,4732470,610
7.855957628,4733320,850
7.855957628,4733914,594
7.857282977,4734780,866
7.857282977,4735358,578
7.859605446,4736240,882
7.859605446,4736802,562
7.861934639,4737700,898
7.861934639,4738246,546
7.864256708,4739160,914
7.864256708,4739690,530
7.866669071,4740620,930
7.866669071,4741134,514
7.868991140,4742080,946
7.868991140,4742578,498
7.871313209,4743540,962
7.871313209,4744022,482
7.873635278,4745000,978
7.873635278,4745466,466
7.875957347,4746460,994
7.875957347,4746910,450
7.878279416,4747920,1010
7.878279416,4748354,434
7.880601485,4749380,1026
7.880601485,4749798,418
7.883021372,4750840,1042
7.883021372,4751242,402
7.885343441,4752300,1058
7.885343441,4752686,386
7.887665510,4753760,1074
7.887665510,4754130,370
7.889987579,4755220,1090
7.889987579,4755574,354
7.892309648,4756680,1106
7.892309648,4757018,338
7.894631717,4758140,1122
7.894631717,4758462,322
7.897044080,4759600,1138
7.897044080,4759906,306
7.899366149,4761060,1154
7.899366149,4761350,290
7.901688218,4762520,1170
7.901688218,4762794,274
7.904010687,4763980,1186
7.904010687,4764238,258
7.906339880,4765440,1202
7.906339880,4765682,242
7.908661949,4766900,1218
7.908661949,4767126,226
7.910984018,4768360,1234
7.910984018,4768570,210
7.913396381,4769820,1250
7.913396381,4770014,194
7.915718450,4771280,1266
7.915718450,4771458,178
7.918040519,4772740,1282
7.918040519,4772902,162
7.920362588,4774200,1298
7.920362588,4774346,146
7.922684657,4775660,1314
7.922684657,4775790,130
7.925006726,4777120,1330
7.925006726,4777234,114
7.927426613,4778580,1346
7.927426613,4778678,98
7.929748682,4780040,1362
7.929748682,4780122,82
7.932070751,4781500,1378
7.932070751,4781566,66
7.934392740,4782960,1394
7.934392740,4783010,50
7.936713304,4784420,1410
7.936713304,4784454,34
7.939033868,4785880,1426
7.939033868,4785898,18
7.941354432,4787340,1442
7.941354432,4787342,2
7.943675076,4788794,1452
7.946087439,4788800,6
7.946087439,4790239,1439
7.948409908,4790260,21
7.948409908,4791684,1424
7.950739101,4791720,36
7.950739101,4793129,1409
7.953061170,4793180,51
7.953061170,4794574,1394
7.956324082,4794640,66
7.956324082,4796018,1378
7.958768307,4796100,82
7.958768307,4797462,1362
7.961064103,4797560,98
7.961064103,4798906,1346
7.963359899,4799020,114
7.963359899,4800350,1330
7.965655695,4800480,130
7.965655695,4801794,1314
7.967951491,4801940,146
7.967951491,4803238,1298
7.970247287,4803400,162
7.970247287,4804682,1282
7.972639795,4804860,178
7.972639795,4806126,1266
7.974935591,4806320,194
7.974935591,4807570,1250
7.977231387,4807780,210
7.977231387,4809014,1234
7.979527183,4809240,226
7.979527183,4810458,1218
7.981822979,4810700,242
7.981822979,4811902,1202
7.984118775,4812160,258
7.984118775,4813346,1186
7.986414571,4813620,274
7.986414571,4814790,1170
7.988799639,4815080,290
7.988799639,4816234,1154
7.991095435,4816540,306
7.991095435,4817678,1138
7.993391631,4818000,322
7.993391631,4819122,1122
7.995694466,4819460,338
7.995694466,4820566,1106
7.997990262,4820920,354
7.997990262,4822010,1090
8.000286058,4822380,370
8.000286058,4823454,1074
8.002671126,4823840,386
8.002671126,4824898,1058
8.004966922,4825300,402
8.004966922,4826342,1042
8.007262718,4826760,418
8.007262718,4827786,1026
8.009558514,4828220,434
8.009558514,4829230,1010
8.011854310,4829680,450
8.011854310,4830674,994
8.014150106,4831140,466
8.014150106,4832118,978
8.016446302,4832600,482
8.016446302,4833562,962
8.018838409,4834060,498
8.018838409,4835006,946
8.021134205,4835520,514
8.021134205,4836450,930
8.023430001,4836980,530
8.023430001,4837894,914
8.025725797,4838440,546
8.025725797,4839338,898
8.028021593,4839900,562
8.028021593,4840782,882
8.030317389,4841360,578
8.030317389,4842226,866
8.032702457,4842820,594
8.032702457,4843670,850
8.034998253,4844280,610
8.034998253,4845114,834
8.037294449,4845740,626
8.037294449,4846558,818
8.039597284,4847200,642
8.039597284,4848002,802
8.041893080,4848660,658
8.041893080,4849446,786
8.044278148,4850120,674
8.044278148,4850890,770
8.046573944,4851580,690
8.046573944,4852334,754
8.048869740,4853040,706
8.048869740,4853778,738
8.051165536,4854500,722
8.051165536,4855222,722
8.053461332,4855960,738
8.053461332,4856666,706
8.055753848,4857420,754
8.055753848,4859554,2134
8.057286405,4860340,786
8.057286405,4860998,658
8.059504328,4861800,802
8.059504328,4862442,642
8.061722251,4863260,818
8.061722251,4863886,626
8.063940174,4864720,834
8.063940174,4865330,610
8.066158097,4866180,850
8.066158097,4866774,594
8.068376020,4867640,866
8.068376020,4868218,578
8.070680187,4869100,882
8.070680187,4869662,562
8.072898110,4870560,898
8.072898110,4871106,546
8.075116033,4872020,914
8.075116033,4872550,530
8.077334356,4873480,930
8.077334356,4873994,514
8.079559066,4874940,946
8.079559066,4875438,498
8.081776989,4876400,962
8.081776989,4876882,482
8.083994912,4877860,978
8.083994912,4878326,466
8.086299079,4879320,994
8.086299079,4879770,450
8.088517002,4880780,1010
8.088517002,4881214,434
8.090734925,4882240,1026
8.090734925,4882658,418
8.092952848,4883700,1042
8.092952848,4884102,402
8.095170771,4885160,1058
8.095170771,4885546,386
8.097388694,4886620,1074
8.097388694,4886990,370
8.099700048,4888080,1090
8.099700048,4888434,354
8.101917971,4889540,1106
8.101917971,4889878,338
8.104135894,4891000,1122
8.104135894,4891322,322
8.106353817,4892460,1138
8.106353817,4892766,306
8.108571740,4893920,1154
8.108571740,4894210,290
8.110789663,4895380,1170
8.110789663,4895654,274
8.113007586,4896840,1186
8.113007586,4897098,258
8.115311753,4898300,1202
8.115311753,4898542,242
8.117529676,4899760,1218
8.117529676,4899986,226
8.119747999,4901220,1234
8.119747999,4901430,210
8.121972709,4902680,1250
8.121972709,4902874,194
8.124190632,4904140,1266
8.124190632,4904318,178
8.126408555,4905600,1282
8.126408555,4905762,162
8.128712722,4907060,1298
8.128712722,4907206,146
8.130930645,4908520,1314
8.130930645,4908650,130
8.133148568,4909980,1330
8.133148568,4910094,114
8.135366491,4911440,1346
8.135366491,4911538,98
8.137584414,4912900,1362
8.137584414,4912982,82
8.139888981,4914360,1378
8.139888981,4914426,66
8.142113611,4915820,1394
8.142113611,4915870,50
8.144330097,4917280,1410
8.144330097,4917314,34
8.146546583,4918740,1426
8.146546583,4918758,18
8.148763069,4920200,1442
8.148763069,4920202,2
8.150979635,4921654,1452
8.155139828,4921660,6
8.155139828,4923099,1439
8.157547059,4923120,21
8.157547059,4924544,1424
8.159987921,4924580,36
8.159987921,4925989,1409
8.162337422,4926040,51
8.162337422,4927434,1394
8.164687323,4927500,66
8.164687323,4928878,1378
8.167044037,4928960,82
8.167044037,4930322,1362
8.169393538,4930420,98
8.169393538,4931766,1346
8.171834400,4931880,114
8.171834400,4933210,1330
8.174183901,4933340,130
8.174183901,4934654,1314
8.176533402,4934800,146
8.176533402,4936098,1298
8.178882903,4936260,162
8.178882903,4937542,1282
8.181232404,4937720,178
8.181232404,4938986,1266
8.183581905,4939180,194
8.183581905,4940430,1250
8.185931406,4940640,210
8.185931406,4941874,1234
8.188281307,4942100,226
8.188281307,4943318,1218
8.190729382,4943560,242
8.190729382,4944762,1202
8.193078883,4945020,258
8.193078883,4946206,1186
8.195428384,4946480,274
8.195428384,4947650,1170
8.197777885,4947940,290
8.197777885,4949094,1154
8.200127386,4949400,306
8.200127386,4950538,1138
8.202568248,4950860,322
8.202568248,4951982,1122
8.204917749,4952320,338
8.204917749,4953426,1106
8.207267250,4953780,354
8.207267250,4954870,1090
8.209617151,4955240,370
8.209617151,4956314,1074
8.211973865,4956700,386
8.211973865,4957758,1058
8.214323366,4958160,402
8.214323366,4959202,1042
8.216672867,4959620,418
8.216672867,4960646,1026
8.219022368,4961080,434
8.219022368,4962090,1010
8.221463230,4962540,450
8.221463230,4963534,994
8.223812731,4964000,466
8.223812731,4964978,978
8.226162232,4965460,482
8.226162232,4966422,962
8.228511733,4966920,498
8.228511733,4967866,946
8.230861234,4968380,514
8.230861234,4969310,930
8.233309709,4969840,530
8.233309709,4970754,914
8.235659210,4971300,546
8.235659210,4972198,898
8.238008711,4972760,562
8.238008711,4973642,882
8.240358212,4974220,578
8.240358212,4975086,866
8.242707713,4975680,594
8.242707713,4976530,850
8.245057214,4977140,610
8.245057214,4977974,834
8.247406715,4978600,626
8.247406715,4979418,818
8.249847577,4980060,642
8.249847577,4980862,802
8.252197078,4981520,658
8.252197078,4982306,786
8.254543299,4982980,674
8.254543299,4983750,770
8.255880070,4984440,690
8.255880070,4985194,754
8.258206024,4985900,706
8.258206024,4986638,738
8.260531978,4987360,722
8.260531978,4988082,722
8.262948377,4988820,738
8.262948377,4989526,706
8.265274331,4990280,754
8.265274331,4990970,690
8.267600285,4991740,770
8.267600285,4992414,674
8.269926239,4993200,786
8.269926239,4993858,658
8.272252193,4994660,802
8.272252193,4995302,642
8.274668992,4996120,818
8.274668992,4996746,626
8.277002083,4997580,834
8.277002083,4998190,610
8.279328037,4999040,850
8.279328037,4999634,594
8.281653991,5000500,866
8.281653991,5001078,578
8.283979945,5001960,882
8.283979945,5002522,562
8.286305899,5003420,898
8.286305899,5003966,546
8.288631853,5004880,914
8.288631853,5005410,530
8.290957807,5006340,930
8.290957807,5006854,514
8.293374206,5007800,946
8.293374206,5008298,498
8.295700160,5009260,962
8.295700160,5009742,482
8.298026514,5010720,978
8.298026514,5011186,466
8.300359605,5012180,994
8.300359605,5012630,450
8.302685559,5013640,1010
8.302685559,5014074,434
8.305101958,5015100,1026
8.305101958,5015518,418
8.307427912,5016560,1042
8.307427912,5016962,402
8.309753866,5018020,1058
8.309753866,5018406,386
8.312079820,5019480,1074
8.312079820,5019850,370
8.314405774,5020940,1090
8.314405774,5021294,354
8.316731728,5022400,1106
8.316731728,5022738,338
8.319057682,5023860,1122
8.319057682,5024182,322
8.321384036,5025320,1138
8.321384036,5025626,306
8.323807572,5026780,1154
8.323807572,5027070,290
8.326133526,5028240,1170
8.326133526,5028514,274
8.328459480,5029700,1186
8.328459480,5029958,258
8.330785434,5031160,1202
8.330785434,5031402,242
8.333111388,5032620,1218
8.333111388,5032846,226
8.335527787,5034080,1234
8.335527787,5034290,210
8.337853741,5035540,1250
8.337853741,5035734,194
8.340179695,5037000,1266
8.340179695,5037178,178
8.342506049,5038460,1282
8.342506049,5038622,162
8.344839140,5039920,1298
8.344839140,5040066,146
8.347255539,5041380,1314
8.347255539,5041510,130
8.349581493,5042840,1330
8.349581493,5042954,114
8.351907447,5044300,1346
8.351907447,5044398,98
8.356171645,5045760,1362
8.356171645,5045842,82
8.358431416,5047220,1378
8.358431416,5047286,66
8.360629351,5048680,1394
8.360629351,5048730,50
8.362825942,5050140,1410
8.362825942,5050174,34
8.365022533,5051600,1426
8.365022533,5051618,18
8.367311717,5053060,1442
8.367311717,5053062,2
8.369508388,5054514,1452
8.371706403,5054520,6
8.371706403,5055959,1439
8.373904418,5055980,21
8.373904418,5057404,1424
8.376102433,5057440,36
8.376102433,5058849,1409
8.378385918,5058900,51
8.378385918,5060294,1394
8.380583933,5060360,66
8.380583933,5061738,1378
8.382781948,5061820,82
8.382781948,5063182,1362
8.384979963,5063280,98
8.384979963,5064626,1346
8.387178378,5064740,114
8.387178378,5066070,1330
8.389383116,5066200,130
8.389383116,5067514,1314
8.391581131,5067660,146
8.391581131,5068958,1298
8.393779146,5069120,162
8.393779146,5070402,1282
8.396062631,5070580,178
8.396062631,5071846,1266
8.398260646,5072040,194
8.398260646,5073290,1250
8.400458661,5073500,210
8.400458661,5074734,1234
8.402656676,5074960,226
8.402656676,5076178,1218
8.404854691,5076420,242
8.404854691,5077622,1202
8.407138576,5077880,258
8.407138576,5079066,1186
8.409343314,5079340,274
8.409343314,5080510,1170
8.411541329,5080800,290
8.411541329,5081954,1154
8.413739344,5082260,306
8.413739344,5083398,1138
8.415937359,5083720,322
8.415937359,5084842,1122
8.418135374,5085180,338
8.418135374,5086286,1106
8.420333389,5086640,354
8.420333389,5087730,1090
8.422531404,5088100,370
8.422531404,5089174,1074
8.424814889,5089560,386
8.424814889,5090618,1058
8.427012904,5091020,402
8.427012904,5092062,1042
8.429211319,5092480,418
8.429211319,5093506,1026
8.431416057,5093940,434
8.431416057,5094950,1010
8.433614072,5095400,450
8.433614072,5096394,994
8.435897557,5096860,466
8.435897557,5097838,978
8.438095572,5098320,482
8.438095572,5099282,962
8.440293587,5099780,498
8.440293587,5100726,946
8.442491602,5101240,514
8.442491602,5102170,930
8.444689617,5102700,530
8.444689617,5103614,914
8.446973102,5104160,546
8.446973102,5105058,898
8.449171517,5105620,562
8.449171517,5106502,882
8.451376255,5107080,578
8.451376255,5107946,866
8.453574270,5108540,594
8.453574270,5109390,850
8.455772285,5110000,610
8.455772285,5110834,834
8.458027527,5111460,626
8.458027527,5112278,818
8.460282769,5112920,642
8.460282769,5113722,802
8.462538011,5114380,658
8.462538011,5115166,786
8.464793253,5115840,674
8.464793253,5116610,770
8.467136190,5117300,690
8.467136190,5118054,754
8.469391432,5118760,706
8.469391432,5119498,738
8.471647074,5120220,722
8.471647074,5120942,722
8.473909224,5121680,738
8.473909224,5122386,706
8.476164466,5123140,754
8.476164466,5123830,690
8.478507403,5124600,770
8.478507403,5125274,674
8.480762645,5126060,786
8.480762645,5126718,658
8.483017887,5127520,802
8.483017887,5128162,642
8.485273129,5128980,818
8.485273129,5129606,626
8.487528371,5130440,834
8.487528371,5131050,610
8.489783613,5131900,850
8.489783613,5132494,594
8.492038855,5133360,866
8.492038855,5133938,578
8.494294497,5134820,882
8.494294497,5135382,562
8.496644342,5136280,898
8.496644342,5136826,546
8.498899584,5137740,914
8.498899584,5138270,530
8.501154826,5139200,930
8.501154826,5139714,514
8.503410068,5140660,946
8.503410068,5141158,498
8.505665310,5142120,962
8.505665310,5142602,482
8.508008247,5143580,978
8.508008247,5144046,466
8.510263489,5145040,994
8.510263489,5145490,450
8.512518731,5146500,1010
8.512518731,5146934,434
8.514774373,5147960,1026
8.514774373,5148378,418
8.517036523,5149420,1042
8.517036523,5149822,402
8.519379460,5150880,1058
8.519379460,5151266,386
8.521634702,5152340,1074
8.521634702,5152710,370
8.523889944,5153800,1090
8.523889944,5154154,354
8.526145186,5155260,1106
8.526145186,5155598,338
8.528400428,5156720,1122
8.528400428,5157042,322
8.530655670,5158180,1138
8.530655670,5158486,306
8.532910912,5159640,1154
8.532910912,5159930,290
8.535166154,5161100,1170
8.535166154,5161374,274
8.537516399,5162560,1186
8.537516399,5162818,258
8.539771641,5164020,1202
8.539771641,5164262,242
8.542026883,5165480,1218
8.542026883,5165706,226
8.544282125,5166940,1234
8.544282125,5167150,210
8.546537367,5168400,1250
8.546537367,5168594,194
8.548880304,5169860,1266
8.548880304,5170038,178
8.551135546,5171320,1282
8.551135546,5171482,162
8.553390788,5172780,1298
8.553390788,5172926,146
8.555642750,5174240,1314
8.555642750,5175814,1574
8.556954942,5177160,1346
8.556954942,5177258,98
8.559105913,5178620,1362
8.559105913,5178702,82
8.561256884,5180080,1378
8.561256884,5180146,66
8.563491416,5181540,1394
8.563491416,5181590,50
8.565640993,5183000,1410
8.565640993,5183034,34
8.567790570,5184460,1426
8.567790570,5184478,18
8.569940147,5185920,1442
8.569940147,5185922,2
8.572089804,5187374,1452
8.574324816,5187380,6
8.574324816,5188819,1439
8.576482357,5188840,21
8.576482357,5190264,1424
8.578633328,5190300,36
8.578633328,5191709,1409
8.580784299,5191760,51
8.580784299,5193154,1394
8.582935270,5193220,66
8.582935270,5194598,1378
8.585086241,5194680,82
8.585086241,5196042,1362
8.587237212,5196140,98
8.587237212,5197486,1346
8.589388183,5197600,114
8.589388183,5198930,1330
8.591622795,5199060,130
8.591622795,5200374,1314
8.593773766,5200520,146
8.593773766,5201818,1298
8.595925137,5201980,162
8.595925137,5203262,1282
8.598082678,5203440,178
8.598082678,5204706,1266
8.600233649,5204900,194
8.600233649,5206150,1250
8.602468261,5206360,210
8.602468261,5207594,1234
8.604619232,5207820,226
8.604619232,5209038,1218
8.606770203,5209280,242
8.606770203,5210482,1202
8.608921174,5210740,258
8.608921174,5211926,1186
8.611072145,5212200,274
8.611072145,5213370,1170
8.613306757,5213660,290
8.613306757,5214814,1154
8.615458128,5215120,306
8.615458128,5216258,1138
8.617615669,5216580,322
8.617615669,5217702,1122
8.619766640,5218040,338
8.619766640,5219146,1106
8.621917611,5219500,354
8.621917611,5220590,1090
8.624068582,5220960,370
8.624068582,5222034,1074
8.626219553,5222420,386
8.626219553,5223478,1058
8.628370524,5223880,402
8.628370524,5224922,1042
8.630605136,5225340,418
8.630605136,5226366,1026
8.632756107,5226800,434
8.632756107,5227810,1010
8.634907078,5228260,450
8.634907078,5229254,994
8.637058449,5229720,466
8.637058449,5230698,978
8.639215990,5231180,482
8.639215990,5232142,962
8.641450602,5232640,498
8.641450602,5233586,946
8.643601573,5234100,514
8.643601573,5235030,930
8.645752544,5235560,530
8.645752544,5236474,914
8.647903515,5237020,546
8.647903515,5237918,898
8.650054486,5238480,562
8.650054486,5239362,882
8.654149499,5239940,578
8.654149499,5240806,866
8.656621650,5241400,594
8.656621650,5242250,850
8.657826605,5242860,610
8.657826605,5242880,20
