elapsed_s,rx_app,packet_bytes
0.158598287,1456,1456
0.160967387,1460,4
0.160967387,2905,1445
0.164798832,2920,15
0.164798832,4354,1434
0.174798832,4380,26
0.174798832,5803,1423
0.267330941,5840,37
0.267330941,7252,1412
0.269586498,7300,48
0.269586498,8701,1401
0.271842055,8760,59
0.271842055,10150,1390
0.274097612,10220,70
0.274097612,11598,1378
0.276353169,11680,82
0.276353169,13046,1366
0.278608726,13140,94
0.278608726,14494,1354
0.287332499,14600,106
0.287332499,15942,1342
0.289588456,16060,118
0.289588456,17390,1330
0.374405046,17520,130
0.374405046,18834,1314
0.376695073,18980,146
0.376695073,20278,1298
0.378985100,20440,162
0.378985100,21722,1282
0.381275127,21900,178
0.381275127,23166,1266
0.383565154,23360,194
0.383565154,24610,1250
0.385855181,24820,210
0.385855181,26054,1234
0.388145048,26280,226
0.388145048,27498,1218
0.390432104,27740,242
0.390432104,28942,1202
0.392719160,29200,258
0.392719160,30386,1186
0.395006616,30660,274
0.395006616,31830,1170
0.397300698,32120,290
0.397300698,33274,1154
0.399587754,33580,306
0.399587754,34718,1138
0.401959460,35040,322
0.401959460,36162,1122
0.404246516,36500,338
0.404246516,37606,1106
0.406533572,37960,354
0.406533572,39050,1090
0.408820628,39420,370
0.408820628,40494,1074
0.481712965,40880,386
0.481712965,41938,1058
0.484164655,42340,402
0.484164655,43382,1042
0.486623493,43800,418
0.486623493,44826,1026
0.489074783,45260,434
0.489074783,46270,1010
0.491526073,46720,450
0.491526073,47714,994
0.493977363,48180,466
0.493977363,49158,978
0.496428493,49640,482
0.496428493,50602,962
0.498876603,51100,498
0.498876603,52046,946
0.501324713,52560,514
0.501324713,53490,930
0.503772823,54020,530
0.503772823,54934,914
0.506220933,55480,546
0.506220933,56378,898
0.508669043,56940,562
0.508669043,57822,882
0.511117553,58400,578
0.511117553,59266,866
0.513573212,59860,594
0.513573212,60710,850
0.516021322,61320,610
0.516021322,62154,834
0.518469432,62780,626
0.518469432,63598,818
0.520917542,64240,642
0.520917542,65042,802
0.523365652,65700,658
0.523365652,66486,786
0.525904373,67160,674
0.525904373,67930,770
0.528352483,68620,690
0.528352483,69374,754
0.530800593,70080,706
0.530800593,70818,738
0.533248703,71540,722
0.533248703,72262,722
0.535697213,73000,738
0.535697213,73706,706
0.538152872,74460,754
0.538152872,75150,690
0.540600982,75920,770
0.540600982,76594,674
0.543049092,77380,786
0.543049092,78038,658
0.545497202,78840,802
0.545497202,79482,642
0.547945312,80300,818
0.547945312,80926,626
0.550484033,81760,834
0.550484033,82370,610
0.552867602,83220,850
0.552867602,83814,594
0.555251171,84680,866
0.555251171,85258,578
0.557634740,86140,882
0.557634740,86702,562
0.586821617,87600,898
0.586821617,88146,546
0.589205186,89060,914
0.589205186,89590,530
0.591588755,90520,930
0.591588755,91034,514
0.593972324,91980,946
0.593972324,92478,498
0.596355893,93440,962
0.596355893,93922,482
0.598739462,94900,978
0.598739462,95366,466
0.601123031,96360,994
0.601123031,96810,450
0.603506600,97820,1010
0.603506600,98254,434
0.605890169,99280,1026
0.605890169,99698,418
0.608273738,100740,1042
0.608273738,101142,402
0.610753268,102200,1058
0.610753268,102586,386
0.613136837,103660,1074
0.613136837,104030,370
0.615520406,105120,1090
0.615520406,105474,354
0.617903975,106580,1106
0.617903975,106918,338
0.620287544,108040,1122
0.620287544,108362,322
0.622671113,109500,1138
0.622671113,109806,306
0.625054682,110960,1154
0.625054682,111250,290
0.627438251,112420,1170
0.627438251,112694,274
0.629821820,113880,1186
0.629821820,114138,258
0.632205389,115340,1202
0.632205389,115582,242
0.634589358,116800,1218
0.634589358,117026,226
0.636980266,118260,1234
0.636980266,118470,210
0.639452058,119720,1250
0.639452058,119914,194
0.641835627,121180,1266
0.641835627,121358,178
0.644219196,122640,1282
0.644219196,122802,162
0.646602765,124100,1298
0.646602765,124246,146
0.648986334,125560,1314
0.648986334,125690,130
0.651369903,127020,1330
0.651369903,127134,114
0.653526341,128480,1346
0.653526341,128578,98
0.655682779,129940,1362
0.655682779,130022,82
0.657839617,131400,1378
0.657839617,131466,66
0.660002577,132860,1394
0.660002577,132910,50
0.662157615,134320,1410
0.662157615,134354,34
0.664312653,135780,1426
0.664312653,135798,18
0.666547507,137240,1442
0.666547507,137242,2
0.668702625,138694,1452
0.670859063,138700,6
0.670859063,140139,1439
0.673015501,140160,21
0.673015501,141584,1424
0.675171939,141620,36
0.675171939,143029,1409
0.677328377,143080,51
0.677328377,144474,1394
0.679485215,144540,66
0.679485215,145918,1378
0.681648255,146000,82
0.681648255,147362,1362
0.683804693,147460,98
0.683804693,148806,1346
0.685961131,148920,114
0.685961131,150250,1330
0.688117569,150380,130
0.688117569,151694,1314
0.690274007,151840,146
0.690274007,153138,1298
0.692430445,153300,162
0.692430445,154582,1282
0.694586883,154760,178
0.694586883,156026,1266
0.696743321,156220,194
0.696743321,157470,1250
0.698899759,157680,210
0.698899759,158914,1234
0.701136413,159140,226
0.701136413,160358,1218
0.703299453,160600,242
0.703299453,161802,1202
0.705455891,162060,258
0.705455891,163246,1186
0.707612329,163520,274
0.707612329,164690,1170
0.709768767,164980,290
0.709768767,166134,1154
0.711925205,166440,306
0.711925205,167578,1138
0.714081643,167900,322
0.714081643,169022,1122
0.716238081,169360,338
0.716238081,170466,1106
0.718394519,170820,354
0.718394519,171910,1090
0.720550957,172280,370
0.720550957,173354,1074
0.722787611,173740,386
0.722787611,174798,1058
0.724950651,175200,402
0.724950651,176242,1042
0.727107089,176660,418
0.727107089,177686,1026
0.729263527,178120,434
0.729263527,179130,1010
0.731499941,179580,450
0.731499941,180574,994
0.733659180,181040,466
0.733659180,182018,978
0.735818419,182500,482
0.735818419,183462,962
0.737977658,183960,498
0.737977658,184906,946
0.740136897,185420,514
0.740136897,186350,930
0.742296136,186880,530
0.742296136,187794,914
0.744455615,188340,546
0.744455615,189238,898
0.746618655,189800,562
0.746618655,190682,882
0.748775093,191260,578
0.748775093,192126,866
0.750931531,192720,594
0.750931531,193570,850
0.753395265,194180,610
0.753395265,195014,834
0.755858999,195640,626
0.755858999,196458,818
0.758413923,197100,642
0.758413923,197902,802
0.760877657,198560,658
0.760877657,199346,786
0.763341391,200020,674
0.763341391,200790,770
0.765805125,201480,690
0.765805125,202234,754
0.768269259,202940,706
0.768269259,203678,738
0.770740592,204400,722
0.770740592,205122,722
0.773204326,205860,738
0.773204326,206566,706
0.775668060,207320,754
0.775668060,208010,690
0.778131794,208780,770
0.778131794,209454,674
0.780595528,210240,786
0.780595528,210898,658
0.783059262,211700,802
0.783059262,212342,642
0.785522996,213160,818
0.785522996,213786,626
0.787986730,214620,834
0.787986730,215230,610
0.790450464,216080,850
0.790450464,216674,594
0.792914198,217540,866
0.792914198,218118,578
0.795378332,219000,882
0.795378332,219562,562
0.797940855,220460,898
0.797940855,221006,546
0.800404589,221920,914
0.800404589,222450,530
0.802868323,223380,930
0.802868323,223894,514
0.805332057,224840,946
0.805332057,225338,498
0.807795791,226300,962
0.807795791,226782,482
0.810259525,227760,978
0.810259525,228226,466
0.812723259,229220,994
0.812723259,229670,450
0.815186993,230680,1010
0.815186993,231114,434
0.817650727,232140,1026
0.817650727,232558,418
0.820114861,233600,1042
0.820114861,234002,402
0.822586194,235060,1058
0.822586194,235446,386
0.825049928,236520,1074
0.825049928,236890,370
0.827604852,237980,1090
0.827604852,238334,354
0.830068586,239440,1106
0.830068586,239778,338
0.832532320,240900,1122
0.832532320,241222,322
0.834996054,242360,1138
0.834996054,242666,306
0.837459788,243820,1154
0.837459788,244110,290
0.839923522,245280,1170
0.839923522,245554,274
0.842387256,246740,1186
0.842387256,246998,258
0.844851390,248200,1202
0.844851390,248442,242
0.847322723,249660,1218
0.847322723,249886,226
0.849786457,251120,1234
0.849786457,251330,210
0.852341381,252580,1250
0.852341381,252774,194
0.854570707,254040,1266
0.854570707,254218,178
0.856800033,255500,1282
0.856800033,255662,162
0.859029359,256960,1298
0.859029359,257106,146
0.861258685,258420,1314
0.861258685,258550,130
0.863488011,259880,1330
0.863488011,259994,114
0.865717337,261340,1346
0.865717337,261438,98
0.867947063,262800,1362
0.867947063,262882,82
0.870183227,264260,1378
0.870183227,264326,66
0.872412473,265720,1394
0.872412473,265770,50
0.874640351,267180,1410
0.874640351,267214,34
0.876868229,268640,1426
0.876868229,268658,18
0.879096107,270100,1442
0.879096107,270102,2
0.881324065,271554,1452
0.885765187,271560,6
0.885765187,272999,1439
0.890215146,273020,21
0.890215146,274444,1424
0.894178707,274480,36
0.894178707,275889,1409
0.896353024,275940,51
0.896353024,277334,1394
0.898617093,277400,66
0.898617093,278778,1378
0.900791410,278860,82
0.900791410,280222,1362
0.902965727,280320,98
0.902965727,281666,1346
0.905140044,281780,114
0.905140044,283110,1330
0.907314361,283240,130
0.907314361,284554,1314
0.909488678,284700,146
0.909488678,285998,1298
0.911662995,286160,162
0.911662995,287442,1282
0.913837312,287620,178
0.913837312,288886,1266
0.916011629,289080,194
0.916011629,290330,1250
0.918185946,290540,210
0.918185946,291774,1234
0.920450015,292000,226
0.920450015,293218,1218
0.922624332,293460,242
0.922624332,294662,1202
0.924798649,294920,258
0.924798649,296106,1186
0.926972966,296380,274
0.926972966,297550,1170
0.929147283,297840,290
0.929147283,298994,1154
0.931321600,299300,306
0.931321600,300438,1138
0.933495917,300760,322
0.933495917,301882,1122
0.935670234,302220,338
0.935670234,303326,1106
0.937844551,303680,354
0.937844551,304770,1090
0.940018868,305140,370
0.940018868,306214,1074
0.942193185,306600,386
0.942193185,307658,1058
0.944367502,308060,402
0.944367502,309102,1042
0.946541819,309520,418
0.946541819,310546,1026
0.948716136,310980,434
0.948716136,311990,1010
0.950890453,312440,450
0.950890453,313434,994
0.953004326,313900,466
0.953004326,314878,978
0.955118199,315360,482
0.955118199,316322,962
0.957232072,316820,498
0.957232072,317766,946
0.959426165,318280,514
0.959426165,319210,930
0.961540038,319740,530
0.961540038,320654,914
0.963653911,321200,546
0.963653911,322098,898
0.965767784,322660,562
0.965767784,323542,882
0.967881657,324120,578
0.967881657,324986,866
0.969995530,325580,594
0.969995530,326430,850
0.972109403,327040,610
0.972109403,327874,834
0.974223276,328500,626
0.974223276,329318,818
0.976337149,329960,642
0.976337149,330762,802
0.978451022,331420,658
0.978451022,332206,786
0.980645115,332880,674
0.980645115,333650,770
0.982758988,334340,690
0.982758988,335094,754
0.984872861,335800,706
0.984872861,336538,738
0.986986734,337260,722
0.986986734,337982,722
0.989100607,338720,738
0.989100607,339426,706
0.991214480,340180,754
0.991214480,340870,690
0.993328353,341640,770
0.993328353,342314,674
0.995442226,343100,786
0.995442226,343758,658
0.997556099,344560,802
0.997556099,345202,642
0.999669972,346020,818
0.999669972,346646,626
1.001783845,347480,834
1.001783845,348090,610
1.003897718,348940,850
1.003897718,349534,594
1.006096033,350400,866
1.006096033,350978,578
1.008209906,351860,882
1.008209906,352422,562
1.010323779,353320,898
1.010323779,353866,546
1.012437652,354780,914
1.012437652,355310,530
1.014551525,356240,930
1.014551525,356754,514
1.016665398,357700,946
1.016665398,358198,498
1.018779271,359160,962
1.018779271,359642,482
1.020893144,360620,978
1.020893144,361086,466
1.023007017,362080,994
1.023007017,362530,450
1.025120890,363540,1010
1.025120890,363974,434
1.027234763,365000,1026
1.027234763,365418,418
1.029348636,366460,1042
1.029348636,366862,402
1.031462509,367920,1058
1.031462509,368306,386
1.033922594,369380,1074
1.033922594,369750,370
1.036120909,370840,1090
1.036120909,371194,354
1.038234782,372300,1106
1.038234782,372638,338
1.040348655,373760,1122
1.040348655,374082,322
1.042462528,375220,1138
1.042462528,375526,306
1.044576401,376680,1154
1.044576401,376970,290
1.046690274,378140,1170
1.046690274,378414,274
1.048804147,379600,1186
1.048804147,379858,258
1.050918020,381060,1202
1.050918020,381302,242
1.053321078,382520,1218
1.053321078,382746,226
1.055724136,383980,1234
1.055724136,384190,210
1.058127194,385440,1250
1.058127194,385634,194
1.060530252,386900,1266
1.060530252,387078,178
1.063029304,388360,1282
1.063029304,388522,162
1.065432362,389820,1298
1.065432362,389966,146
1.067835420,391280,1314
1.067835420,391410,130
1.070238478,392740,1330
1.070238478,392854,114
1.072641536,394200,1346
1.072641536,394298,98
1.075044594,395660,1362
1.075044594,395742,82
1.077447652,397120,1378
1.077447652,397186,66
1.079850710,398580,1394
1.079850710,398630,50
1.082253768,400040,1410
1.082253768,400074,34
1.084656826,401500,1426
1.084656826,401518,18
1.087059884,402960,1442
1.087059884,402962,2
1.718739501,527158,124196
1.721750609,528520,1362
1.721750609,528602,82
1.721750609,529980,1378
1.721750609,530046,66
2.018904380,531440,1394
2.018904380,813106,281666
2.021212628,813220,114
2.021212628,815994,2774
2.021212628,816140,146
2.021212628,817438,1298
2.021212628,817600,162
2.021212628,856426,38826
2.023897387,857020,594
2.023897387,948854,91834
2.075714827,949000,146
2.075714827,969070,20070
2.109993173,969440,370
2.109993173,983510,14070
2.135231856,984040,530
2.135231856,1002282,18242
2.173602471,1003020,738
2.173602471,1094710,91690
2.176091601,1095000,290
2.176091601,1096154,1154
2.178559460,1096460,306
2.178559460,1097598,1138
2.181027319,1097920,322
2.181027319,1099042,1122
2.183495178,1099380,338
2.183495178,1100486,1106
2.185963037,1100840,354
2.185963037,1101930,1090
2.188526859,1102300,370
2.188526859,1103374,1074
2.191090681,1103760,386
2.191090681,1104818,1058
2.193558940,1105220,402
2.193558940,1106262,1042
2.196034395,1106680,418
2.196034395,1107706,1026
2.198502254,1108140,434
2.198502254,1109150,1010
2.200970113,1109600,450
2.200970113,1110594,994
2.203437972,1111060,466
2.203437972,1112038,978
2.205905831,1112520,482
2.205905831,1113482,962
2.208469653,1113980,498
2.208469653,1114926,946
2.210937512,1115440,514
2.210937512,1116370,930
2.213405371,1116900,530
2.213405371,1117814,914
2.215873230,1118360,546
2.215873230,1119258,898
2.218341489,1119820,562
2.218341489,1120702,882
2.220816944,1121280,578
2.220816944,1122146,866
2.223284803,1122740,594
2.223284803,1123590,850
2.225752662,1124200,610
2.225752662,1125034,834
2.228316484,1125660,626
2.228316484,1126478,818
2.230784343,1127120,642
2.230784343,1127922,802
2.233252202,1128580,658
2.233252202,1129366,786
2.235720061,1130040,674
2.235720061,1130810,770
2.238187920,1131500,690
2.238187920,1132254,754
2.240655779,1132960,706
2.240655779,1133698,738
2.243227598,1134420,722
2.243227598,1135142,722
2.245695457,1135880,738
2.245695457,1136586,706
2.248163316,1137340,754
2.248163316,1138030,690
2.250631175,1138800,770
2.250631175,1139474,674
2.253057723,1140260,786
2.253057723,1140918,658
2.255484271,1141720,802
2.255484271,1142362,642
2.257910819,1143180,818
2.257910819,1143806,626
2.260337367,1144640,834
2.260337367,1145250,610
2.262858272,1146100,850
2.262858272,1146694,594
2.265285220,1147560,866
2.265285220,1148138,578
2.267719231,1149020,882
2.267719231,1149582,562
2.270145779,1150480,898
2.270145779,1151026,546
2.272572327,1151940,914
2.272572327,1152470,530
2.274998875,1153400,930
2.274998875,1153914,514
2.277519780,1154860,946
2.277519780,1155358,498
2.279946328,1156320,962
2.279946328,1156802,482
2.282372876,1157780,978
2.282372876,1158246,466
2.284799424,1159240,994
2.284799424,1159690,450
2.287225972,1160700,1010
2.287225972,1161134,434
2.289652920,1162160,1026
2.289652920,1162578,418
2.292086931,1163620,1042
2.292086931,1164022,402
2.294513479,1165080,1058
2.294513479,1165466,386
2.297034384,1166540,1074
2.297034384,1166910,370
2.299460932,1168000,1090
2.299460932,1168354,354
2.301887480,1169460,1106
2.301887480,1169798,338
2.304314028,1170920,1122
2.304314028,1171242,322
2.306740576,1172380,1138
2.306740576,1172686,306
2.309167124,1173840,1154
2.309167124,1174130,290
2.311593672,1175300,1170
2.311593672,1175574,274
2.314020620,1176760,1186
2.314020620,1177018,258
2.316548988,1178220,1202
2.316548988,1178462,242
2.318975536,1179680,1218
2.318975536,1179906,226
2.321402084,1181140,1234
2.321402084,1181350,210
2.323828632,1182600,1250
2.323828632,1182794,194
2.326255180,1184060,1266
2.326255180,1184238,178
2.328681728,1185520,1282
2.328681728,1185682,162
2.331108276,1186980,1298
2.331108276,1187126,146
2.333534824,1188440,1314
2.333534824,1188570,130
2.336056129,1189900,1330
2.336056129,1190014,114
2.338490140,1191360,1346
2.338490140,1191458,98
2.340916688,1192820,1362
2.340916688,1192902,82
2.343343236,1194280,1378
2.343343236,1194346,66
2.345769704,1195740,1394
2.345769704,1195790,50
2.348289036,1197200,1410
2.348289036,1197234,34
2.350714011,1198660,1426
2.350714011,1198678,18
2.352861549,1200120,1442
2.352861549,1200122,2
2.355009167,1201574,1452
2.357158098,1201580,6
2.357158098,1203019,1439
2.359307429,1203040,21
2.359307429,1204464,1424
2.361546485,1204500,36
2.361546485,1205909,1409
2.363695416,1205960,51
2.363695416,1207354,1394
2.365844347,1207420,66
2.365844347,1208798,1378
2.367993278,1208880,82
2.367993278,1210242,1362
2.370225770,1210340,98
2.370225770,1211686,1346
2.372374701,1211800,114
2.372374701,1213130,1330
2.374523632,1213260,130
2.374523632,1214574,1314
2.376672563,1214720,146
2.376672563,1216018,1298
2.378821894,1216180,162
2.378821894,1217462,1282
2.380977389,1217640,178
2.380977389,1218906,1266
2.383126320,1219100,194
2.383126320,1220350,1250
2.385275251,1220560,210
2.385275251,1221794,1234
2.387507743,1222020,226
2.387507743,1223238,1218
2.389656674,1223480,242
2.389656674,1224682,1202
2.391805605,1224940,258
2.391805605,1226126,1186
2.393954536,1226400,274
2.393954536,1227570,1170
2.396103467,1227860,290
2.396103467,1229014,1154
2.398336359,1229320,306
2.398336359,1230458,1138
2.400491854,1230780,322
2.400491854,1231902,1122
2.402640785,1232240,338
2.402640785,1233346,1106
2.404789716,1233700,354
2.404789716,1234790,1090
2.406938647,1235160,370
2.406938647,1236234,1074
2.409087578,1236620,386
2.409087578,1237678,1058
2.411236509,1238080,402
2.411236509,1239122,1042
2.413385440,1239540,418
2.413385440,1240566,1026
2.415617932,1241000,434
2.415617932,1242010,1010
2.417766863,1242460,450
2.417766863,1243454,994
2.419916194,1243920,466
2.419916194,1244898,978
2.422071689,1245380,482
2.422071689,1246342,962
2.424220620,1246840,498
2.424220620,1247786,946
2.426453112,1248300,514
2.426453112,1249230,930
2.428602043,1249760,530
2.428602043,1250674,914
2.430750974,1251220,546
2.430750974,1252118,898
2.432899905,1252680,562
2.432899905,1253562,882
2.435048836,1254140,578
2.435048836,1255006,866
2.437197767,1255600,594
2.437197767,1256450,850
2.439430659,1257060,610
2.439430659,1257894,834
2.441586154,1258520,626
2.441586154,1259338,818
2.443735085,1259980,642
2.443735085,1260782,802
2.445884016,1261440,658
2.445884016,1262226,786
2.448032947,1262900,674
2.448032947,1263670,770
2.450181878,1264360,690
2.450181878,1265114,754
2.452410399,1265820,706
2.452410399,1266558,738
2.454638920,1267280,722
2.454638920,1268002,722
2.456954097,1268740,738
2.456954097,1269446,706
2.459182618,1270200,754
2.459182618,1270890,690
2.461411539,1271660,770
2.461411539,1272334,674
2.463646881,1273120,786
2.463646881,1273778,658
2.465875402,1274580,802
2.465875402,1275222,642
2.468190579,1276040,818
2.468190579,1276666,626
2.470419100,1277500,834
2.470419100,1278110,610
2.472647621,1278960,850
2.472647621,1279554,594
2.474876142,1280420,866
2.474876142,1280998,578
2.477104663,1281880,882
2.477104663,1282442,562
2.479333184,1283340,898
2.479333184,1283886,546
2.481561705,1284800,914
2.481561705,1285330,530
2.483790626,1286260,930
2.483790626,1286774,514
2.486112624,1287720,946
2.486112624,1288218,498
2.488341145,1289180,962
2.488341145,1289662,482
2.490569666,1290640,978
2.490569666,1291106,466
2.492798187,1292100,994
2.492798187,1292550,450
2.495026708,1293560,1010
2.495026708,1293994,434
2.497341885,1295020,1026
2.497341885,1295438,418
2.499570406,1296480,1042
2.499570406,1296882,402
2.501798927,1297940,1058
2.501798927,1298326,386
2.504027848,1299400,1074
2.504027848,1299770,370
2.506263190,1300860,1090
2.506263190,1301214,354
2.508491711,1302320,1106
2.508491711,1302658,338
2.510720232,1303780,1122
2.510720232,1304102,322
2.512948753,1305240,1138
2.512948753,1305546,306
2.515263930,1306700,1154
2.515263930,1306990,290
2.517492451,1308160,1170
2.517492451,1308434,274
2.519720972,1309620,1186
2.519720972,1309878,258
2.521949493,1311080,1202
2.521949493,1311322,242
2.524178014,1312540,1218
2.524178014,1312766,226
2.526500413,1314000,1234
2.526500413,1314210,210
2.528728934,1315460,1250
2.528728934,1315654,194
2.530957455,1316920,1266
2.530957455,1317098,178
2.533185976,1318380,1282
2.533185976,1318542,162
2.535414497,1319840,1298
2.535414497,1319986,146
2.537729674,1321300,1314
2.537729674,1321430,130
2.539958195,1322760,1330
2.539958195,1322874,114
2.542186716,1324220,1346
2.542186716,1324318,98
2.544415237,1325680,1362
2.544415237,1325762,82
2.546644158,1327140,1378
2.546644158,1327206,66
2.548879420,1328600,1394
2.548879420,1328650,50
2.551106497,1330060,1410
2.551106497,1330094,34
2.553336907,1331520,1426
2.553336907,1331538,18
2.555654103,1332980,1442
2.555654103,1332982,2
2.557884593,1334434,1452
2.560116450,1334440,6
2.560116450,1335879,1439
2.562348307,1335900,21
2.562348307,1337324,1424
2.564580164,1337360,36
2.564580164,1338769,1409
2.566899207,1338820,51
2.566899207,1340214,1394
2.569137896,1340280,66
2.569137896,1341658,1378
2.571369753,1341740,82
2.571369753,1343102,1362
2.573601610,1343200,98
2.573601610,1344546,1346
2.575833467,1344660,114
2.575833467,1345990,1330
2.578065324,1346120,130
2.578065324,1347434,1314
2.580297181,1347580,146
2.580297181,1348878,1298
2.582529038,1349040,162
2.582529038,1350322,1282
2.584847681,1350500,178
2.584847681,1351766,1266
2.587079538,1351960,194
2.587079538,1353210,1250
2.589311795,1353420,210
2.589311795,1354654,1234
2.591550484,1354880,226
2.591550484,1356098,1218
2.593782341,1356340,242
2.593782341,1357542,1202
2.596100984,1357800,258
2.596100984,1358986,1186
2.598332841,1359260,274
2.598332841,1360430,1170
2.600564698,1360720,290
2.600564698,1361874,1154
2.602796555,1362180,306
2.602796555,1363318,1138
2.605028412,1363640,322
2.605028412,1364762,1122
2.607260269,1365100,338
2.607260269,1366206,1106
2.609492126,1366560,354
2.609492126,1367650,1090
2.611724383,1368020,370
2.611724383,1369094,1074
2.614049858,1369480,386
2.614049858,1370538,1058
2.616281715,1370940,402
2.616281715,1371982,1042
2.618513572,1372400,418
2.618513572,1373426,1026
2.620745429,1373860,434
2.620745429,1374870,1010
2.622977286,1375320,450
2.622977286,1376314,994
2.625295929,1376780,466
2.625295929,1377758,978
2.627527786,1378240,482
2.627527786,1379202,962
2.629759643,1379700,498
2.629759643,1380646,946
2.631991900,1381160,514
2.631991900,1382090,930
2.634230589,1382620,530
2.634230589,1383534,914
2.636549232,1384080,546
2.636549232,1384978,898
2.638781089,1385540,562
2.638781089,1386422,882
2.641012946,1387000,578
2.641012946,1387866,866
2.643244803,1388460,594
2.643244803,1389310,850
2.645476660,1389920,610
2.645476660,1390754,834
2.647708517,1391380,626
2.647708517,1392198,818
2.649940374,1392840,642
2.649940374,1393642,802
2.652172231,1394300,658
2.652172231,1395086,786
2.654583773,1395760,674
2.654583773,1396530,770
2.656897834,1397220,690
2.656897834,1397974,754
2.659211895,1398680,706
2.659211895,1399418,738
2.661525956,1400140,722
2.661525956,1400862,722
2.663840017,1401600,738
2.663840017,1402306,706
2.666244060,1403060,754
2.666244060,1403750,690
2.668558121,1404520,770
2.668558121,1405194,674
2.670872182,1405980,786
2.670872182,1406638,658
2.673186243,1407440,802
2.673186243,1408082,642
2.675500704,1408900,818
2.675500704,1409526,626
2.677821863,1410360,834
2.677821863,1410970,610
2.680135924,1411820,850
2.680135924,1412414,594
2.682449985,1413280,866
2.682449985,1413858,578
2.684854028,1414740,882
2.684854028,1415302,562
2.687168089,1416200,898
2.687168089,1416746,546
2.689482150,1417660,914
2.689482150,1418190,530
2.691796211,1419120,930
2.691796211,1419634,514
2.694110272,1420580,946
2.694110272,1421078,498
2.696514715,1422040,962
2.696514715,1422522,482
2.698835874,1423500,978
2.698835874,1423966,466
2.701149935,1424960,994
2.701149935,1425410,450
2.703463996,1426420,1010
2.703463996,1426854,434
2.705778057,1427880,1026
2.705778057,1428298,418
2.708092118,1429340,1042
2.708092118,1429742,402
2.710496161,1430800,1058
2.710496161,1431186,386
2.712810222,1432260,1074
2.712810222,1432630,370
2.715124283,1433720,1090
2.715124283,1434074,354
2.717438344,1435180,1106
2.717438344,1435518,338
2.719752805,1436640,1122
2.719752805,1436962,322
2.722073964,1438100,1138
2.722073964,1438406,306
2.724388025,1439560,1154
2.724388025,1439850,290
2.726702086,1441020,1170
2.726702086,1441294,274
2.729106129,1442480,1186
2.729106129,1442738,258
2.731420190,1443940,1202
2.731420190,1444182,242
2.733734251,1445400,1218
2.733734251,1445626,226
2.736048312,1446860,1234
2.736048312,1447070,210
2.738362373,1448320,1250
2.738362373,1448514,194
2.740766816,1449780,1266
2.740766816,1449958,178
2.743087975,1451240,1282
2.743087975,1451402,162
2.745402036,1452700,1298
2.745402036,1452846,146
2.747716097,1454160,1314
2.747716097,1454290,130
2.750030158,1455620,1330
2.750030158,1455734,114
2.752344219,1457080,1346
2.752344219,1457178,98
2.754408403,1458540,1362
2.754408403,1458622,82
2.756472587,1460000,1378
2.756472587,1460066,66
2.758616957,1461460,1394
2.758616957,1461510,50
2.760679803,1462920,1410
2.760679803,1462954,34
2.762743049,1464380,1426
2.762743049,1464398,18
2.764812184,1465840,1442
2.764812184,1465842,2
2.766875110,1467294,1452
2.769019560,1467300,6
2.769019560,1468739,1439
2.771083744,1468760,21
2.771083744,1470184,1424
2.773147928,1470220,36
2.773147928,1471629,1409
2.775212112,1471680,51
2.775212112,1473074,1394
2.777276296,1473140,66
2.777276296,1474518,1378
2.779340480,1474600,82
2.779340480,1475962,1362
2.781404664,1476060,98
2.781404664,1477406,1346
2.783469248,1477520,114
2.783469248,1478850,1330
2.785619987,1478980,130
2.785619987,1480294,1314
2.787684171,1480440,146
2.787684171,1481738,1298
2.789748355,1481900,162
2.789748355,1483182,1282
2.791812539,1483360,178
2.791812539,1484626,1266
2.793876723,1484820,194
2.793876723,1486070,1250
2.796021173,1486280,210
2.796021173,1487514,1234
2.798085357,1487740,226
2.798085357,1488958,1218
2.800149541,1489200,242
2.800149541,1490402,1202
2.802214125,1490660,258
2.802214125,1491846,1186
2.804284598,1492120,274
2.804284598,1493290,1170
2.806429048,1493580,290
2.806429048,1494734,1154
2.808493232,1495040,306
2.808493232,1496178,1138
2.810557416,1496500,322
2.810557416,1497622,1122
2.812621600,1497960,338
2.812621600,1499066,1106
2.814685784,1499420,354
2.814685784,1500510,1090
2.816749968,1500880,370
2.816749968,1501954,1074
2.818814152,1502340,386
2.818814152,1503398,1058
2.820878336,1503800,402
2.820878336,1504842,1042
2.823029475,1505260,418
2.823029475,1506286,1026
2.825093659,1506720,434
2.825093659,1507730,1010
2.827157843,1508180,450
2.827157843,1509174,994
2.829222027,1509640,466
2.829222027,1510618,978
2.831286211,1511100,482
2.831286211,1512062,962
2.833430661,1512560,498
2.833430661,1513506,946
2.835494845,1514020,514
2.835494845,1514950,930
2.837559029,1515480,530
2.837559029,1516394,914
2.839623213,1516940,546
2.839623213,1517838,898
2.841687797,1518400,562
2.841687797,1519282,882
2.843758270,1519860,578
2.843758270,1520726,866
2.845822454,1521320,594
2.845822454,1522170,850
2.847886638,1522780,610
2.847886638,1523614,834
2.850031088,1524240,626
2.850031088,1525058,818
2.852095272,1525700,642
2.852095272,1526502,802
2.854169555,1527160,658
2.854169555,1527946,786
2.856243838,1528620,674
2.856243838,1529390,770
2.858318121,1530080,690
2.858318121,1530834,754
2.860473463,1531540,706
2.860473463,1532278,738
2.862554067,1533000,722
2.862554067,1533722,722
2.864628350,1534460,738
2.864628350,1535166,706
2.866702633,1535920,754
2.866702633,1536610,690
2.868776916,1537380,770
2.868776916,1538054,674
2.870851199,1538840,786
2.870851199,1539498,658
2.872925482,1540300,802
2.872925482,1540942,642
2.874999765,1541760,818
2.874999765,1542386,626
2.877154707,1543220,834
2.877154707,1543830,610
2.879228990,1544680,850
2.879228990,1545274,594
2.881303673,1546140,866
2.881303673,1546718,578
2.883384277,1547600,882
2.883384277,1548162,562
2.885458560,1549060,898
2.885458560,1549606,546
2.887613502,1550520,914
2.887613502,1551050,530
2.889687785,1551980,930
2.889687785,1552494,514
2.891762068,1553440,946
2.891762068,1553938,498
2.893836351,1554900,962
2.893836351,1555382,482
2.895910634,1556360,978
2.895910634,1556826,466
2.898065576,1557820,994
2.898065576,1558270,450
2.900140259,1559280,1010
2.900140259,1559714,434
2.902220863,1560740,1026
2.902220863,1561158,418
2.904295146,1562200,1042
2.904295146,1562602,402
2.906369429,1563660,1058
2.906369429,1564046,386
2.908443712,1565120,1074
2.908443712,1565490,370
2.910517995,1566580,1090
2.910517995,1566934,354
2.912592278,1568040,1106
2.912592278,1568378,338
2.914747220,1569500,1122
2.914747220,1569822,322
2.916821503,1570960,1138
2.916821503,1571266,306
2.918895786,1572420,1154
2.918895786,1572710,290
2.920970469,1573880,1170
2.920970469,1574154,274
2.923051073,1575340,1186
2.923051073,1575598,258
2.925206015,1576800,1202
2.925206015,1577042,242
2.927280298,1578260,1218
2.927280298,1578486,226
2.929354581,1579720,1234
2.929354581,1579930,210
2.931428864,1581180,1250
2.931428864,1581374,194
2.933503147,1582640,1266
2.933503147,1582818,178
2.935577430,1584100,1282
2.935577430,1584262,162
2.937651713,1585560,1298
2.937651713,1585706,146
2.939725996,1587020,1314
2.939725996,1587150,130
2.941887659,1588480,1330
2.941887659,1588594,114
2.943961942,1589940,1346
2.943961942,1590038,98
2.946036225,1591400,1362
2.946036225,1591482,82
2.948110508,1592860,1378
2.948110508,1592926,66
2.950184711,1594320,1394
2.950184711,1594370,50
2.952742629,1595780,1410
2.952742629,1595814,34
2.955204745,1597240,1426
2.955204745,1597258,18
2.957666861,1598700,1442
2.957666861,1598702,2
2.960129057,1600154,1452
2.962593169,1600160,6
2.962593169,1601599,1439
2.965064465,1601620,21
2.965064465,1603044,1424
2.967528177,1603080,36
2.967528177,1604489,1409
2.969991889,1604540,51
2.969991889,1605934,1394
2.972551403,1606000,66
2.972551403,1607378,1378
2.975015115,1607460,82
2.975015115,1608822,1362
2.977478827,1608920,98
2.977478827,1610266,1346
2.979942539,1610380,114
2.979942539,1611710,1330
2.982406251,1611840,130
2.982406251,1613154,1314
2.984966165,1613300,146
2.984966165,1614598,1298
2.987437461,1614760,162
2.987437461,1616042,1282
2.989901173,1616220,178
2.989901173,1617486,1266
2.992364885,1617680,194
2.992364885,1618930,1250
2.994828597,1619140,210
2.994828597,1620374,1234
2.997388111,1620600,226
2.997388111,1621818,1218
2.999851823,1622060,242
2.999851823,1623262,1202
3.002315535,1623520,258
3.002315535,1624706,1186
3.004779247,1624980,274
3.004779247,1626150,1170
3.007242959,1626440,290
3.007242959,1627594,1154
3.009707071,1627900,306
3.009707071,1629038,1138
3.012178367,1629360,322
3.012178367,1630482,1122
3.014642079,1630820,338
3.014642079,1631926,1106
3.017201593,1632280,354
3.017201593,1633370,1090
3.019665305,1633740,370
3.019665305,1634814,1074
3.022129017,1635200,386
3.022129017,1636258,1058
3.024592729,1636660,402
3.024592729,1637702,1042
3.027056441,1638120,418
3.027056441,1639146,1026
3.029615955,1639580,434
3.029615955,1640590,1010
3.032080067,1641040,450
3.032080067,1642034,994
3.034551363,1642500,466
3.034551363,1643478,978
3.037015075,1643960,482
3.037015075,1644922,962
3.039478787,1645420,498
3.039478787,1646366,946
3.041942499,1646880,514
3.041942499,1647810,930
3.044406211,1648340,530
3.044406211,1649254,914
3.046869923,1649800,546
3.046869923,1650698,898
3.049429437,1651260,562
3.049429437,1652142,882
3.051893149,1652720,578
3.051893149,1653586,866
3.054327196,1654180,594
3.054327196,1655030,850
3.056761643,1655640,610
3.056761643,1656474,834
3.059203177,1657100,626
3.059203177,1657918,818
3.061731872,1658560,642
3.061731872,1659362,802
3.064165919,1660020,658
3.064165919,1660806,786
3.066599966,1661480,674
3.066599966,1662250,770
3.069034013,1662940,690
3.069034013,1663694,754
3.071468060,1664400,706
3.071468060,1665138,738
3.073996755,1665860,722
3.073996755,1666582,722
3.076430802,1667320,738
3.076430802,1668026,706
3.078865249,1668780,754
3.078865249,1669470,690
3.081306783,1670240,770
3.081306783,1670914,674
3.083740830,1671700,786
3.083740830,1672358,658
3.086174877,1673160,802
3.086174877,1673802,642
3.088608924,1674620,818
3.088608924,1675246,626
3.091042971,1676080,834
3.091042971,1676690,610
3.093571666,1677540,850
3.093571666,1678134,594
3.096005713,1679000,866
3.096005713,1679578,578
3.098439760,1680460,882
3.098439760,1681022,562
3.100873807,1681920,898
3.100873807,1682466,546
3.103308254,1683380,914
3.103308254,1683910,530
3.105844436,1684840,930
3.105844436,1685354,514
3.108278483,1686300,946
3.108278483,1686798,498
3.110712530,1687760,962
3.110712530,1688242,482
3.113146577,1689220,978
3.113146577,1689686,466
3.115580624,1690680,994
3.115580624,1691130,450
3.118014671,1692140,1010
3.118014671,1692574,434
3.120448718,1693600,1026
3.120448718,1694018,418
3.122882765,1695060,1042
3.122882765,1695462,402
3.125411860,1696520,1058
3.125411860,1696906,386
3.127853394,1697980,1074
3.127853394,1698350,370
3.130287441,1699440,1090
3.130287441,1699794,354
3.132721488,1700900,1106
3.132721488,1701238,338
3.135155535,1702360,1122
3.135155535,1702682,322
3.137589582,1703820,1138
3.137589582,1704126,306
3.140118277,1705280,1154
3.140118277,1705570,290
3.142552324,1706740,1170
3.142552324,1707014,274
3.144986371,1708200,1186
3.144986371,1708458,258
3.147420418,1709660,1202
3.147420418,1709902,242
3.149854865,1711120,1218
3.149854865,1711346,226
3.152296399,1712580,1234
3.152296399,1712790,210
3.154355637,1714040,1250
3.154355637,1714234,194
3.156414875,1715500,1266
3.156414875,1715678,178
3.158554187,1716960,1282
3.158554187,1717122,162
3.160613425,1718420,1298
3.160613425,1718566,146
3.162672663,1719880,1314
3.162672663,1720010,130
3.164731901,1721340,1330
3.164731901,1721454,114
3.166791139,1722800,1346
3.166791139,1722898,98
3.168930851,1724260,1362
3.168930851,1724342,82
3.170996362,1725720,1378
3.170996362,1725786,66
3.173055520,1727180,1394
3.173055520,1727230,50
3.175113423,1728640,1410
3.175113423,1728674,34
3.177171326,1730100,1426
3.177171326,1730118,18
3.179309303,1731560,1442
3.179309303,1731562,2
3.181367286,1733014,1452
3.183426524,1733020,6
3.183426524,1734459,1439
3.185485762,1734480,21
3.185485762,1735904,1424
3.187545000,1735940,36
3.187545000,1737349,1409
3.189604638,1737400,51
3.189604638,1738794,1394
3.191670149,1738860,66
3.191670149,1740238,1378
3.193729387,1740320,82
3.193729387,1741682,1362
3.195868699,1741780,98
3.195868699,1743126,1346
3.197927937,1743240,114
3.197927937,1744570,1330
3.199987175,1744700,130
3.199987175,1746014,1314
3.202046413,1746160,146
3.202046413,1747458,1298
3.204105651,1747620,162
3.204105651,1748902,1282
3.206244963,1749080,178
3.206244963,1750346,1266
3.208304601,1750540,194
3.208304601,1751790,1250
3.210370112,1752000,210
3.210370112,1753234,1234
3.212429350,1753460,226
3.212429350,1754678,1218
3.214488588,1754920,242
3.214488588,1756122,1202
3.216547826,1756380,258
3.216547826,1757566,1186
3.218607064,1757840,274
3.218607064,1759010,1170
3.220666302,1759300,290
3.220666302,1760454,1154
3.222805614,1760760,306
3.222805614,1761898,1138
3.224864852,1762220,322
3.224864852,1763342,1122
3.226924090,1763680,338
3.226924090,1764786,1106
3.228983728,1765140,354
3.228983728,1766230,1090
3.231049239,1766600,370
3.231049239,1767674,1074
3.233188551,1768060,386
3.233188551,1769118,1058
3.235247789,1769520,402
3.235247789,1770562,1042
3.237307027,1770980,418
3.237307027,1772006,1026
3.239366265,1772440,434
3.239366265,1773450,1010
3.241425503,1773900,450
3.241425503,1774894,994
3.243484741,1775360,466
3.243484741,1776338,978
3.245543979,1776820,482
3.245543979,1777782,962
3.247603217,1778280,498
3.247603217,1779226,946
3.249749201,1779740,514
3.249749201,1780670,930
3.251808439,1781200,530
3.251808439,1782114,914
3.254070312,1782660,546
3.254070312,1783558,898
3.256332185,1784120,562
3.256332185,1785002,882
3.258594058,1785580,578
3.258594058,1786446,866
3.260943884,1787040,594
3.260943884,1787890,850
3.263205757,1788500,610
3.263205757,1789334,834
3.265467630,1789960,626
3.265467630,1790778,818
3.267729503,1791420,642
3.267729503,1792222,802
3.269991776,1792880,658
3.269991776,1793666,786
3.272348532,1794340,674
3.272348532,1795110,770
3.274610405,1795800,690
3.274610405,1796554,754
3.276872278,1797260,706
3.276872278,1797998,738
3.279134151,1798720,722
3.279134151,1799442,722
3.281396024,1800180,738
3.281396024,1800886,706
3.283657897,1801640,754
3.283657897,1802330,690
3.285919770,1803100,770
3.285919770,1803774,674
3.288181643,1804560,786
3.288181643,1805218,658
3.290531869,1806020,802
3.290531869,1806662,642
3.292800672,1807480,818
3.292800672,1808106,626
3.295062545,1808940,834
3.295062545,1809550,610
3.297324418,1810400,850
3.297324418,1810994,594
3.299586291,1811860,866
3.299586291,1812438,578
3.301936117,1813320,882
3.301936117,1813882,562
3.304197990,1814780,898
3.304197990,1815326,546
3.306459863,1816240,914
3.306459863,1816770,530
3.308721736,1817700,930
3.308721736,1818214,514
3.310983609,1819160,946
3.310983609,1819658,498
3.313245882,1820620,962
3.313245882,1821102,482
3.315514685,1822080,978
3.315514685,1822546,466
3.317776558,1823540,994
3.317776558,1823990,450
3.320126384,1825000,1010
3.320126384,1825434,434
3.322388257,1826460,1026
3.322388257,1826878,418
3.324650130,1827920,1042
3.324650130,1828322,402
3.326912003,1829380,1058
3.326912003,1829766,386
3.329173876,1830840,1074
3.329173876,1831210,370
3.331523702,1832300,1090
3.331523702,1832654,354
3.333785975,1833760,1106
3.333785975,1834098,338
3.336054778,1835220,1122
3.336054778,1835542,322
3.338316651,1836680,1138
3.338316651,1836986,306
3.340578524,1838140,1154
3.340578524,1838430,290
3.342840397,1839600,1170
3.342840397,1839874,274
3.345102270,1841060,1186
3.345102270,1841318,258
3.347364143,1842520,1202
3.347364143,1842762,242
3.349713969,1843980,1218
3.349713969,1844206,226
3.351975842,1845440,1234
3.351975842,1845650,210
3.354185930,1846900,1250
3.354185930,1847094,194
3.356396418,1848360,1266
3.356396418,1848538,178
3.358613268,1849820,1282
3.358613268,1849982,162
3.360909295,1851280,1298
3.360909295,1851426,146
3.363119383,1852740,1314
3.363119383,1852870,130
3.365329471,1854200,1330
3.365329471,1854314,114
3.367539559,1855660,1346
3.367539559,1855758,98
3.369749647,1857120,1362
3.369749647,1857202,82
3.372045674,1858580,1378
3.372045674,1858646,66
3.374255682,1860040,1394
3.374255682,1860090,50
3.376464738,1861500,1410
3.376464738,1861534,34
3.378680155,1862960,1426
3.378680155,1862978,18
3.380888811,1864420,1442
3.380888811,1864422,2
3.383097547,1865874,1452
3.385307635,1865880,6
3.385307635,1867319,1439
3.387517723,1867340,21
3.387517723,1868764,1424
3.389813750,1868800,36
3.389813750,1870209,1409
3.392023838,1870260,51
3.392023838,1871654,1394
3.394233926,1871720,66
3.394233926,1873098,1378
3.396444014,1873180,82
3.396444014,1874542,1362
3.398654502,1874640,98
3.398654502,1875986,1346
3.400957291,1876100,114
3.400957291,1877430,1330
3.403167379,1877560,130
3.403167379,1878874,1314
3.405377467,1879020,146
3.405377467,1880318,1298
3.407587555,1880480,162
3.407587555,1881762,1282
3.409797643,1881940,178
3.409797643,1883206,1266
3.412007731,1883400,194
3.412007731,1884650,1250
3.414217819,1884860,210
3.414217819,1886094,1234
3.416427907,1886320,226
3.416427907,1887538,1218
3.418724334,1887780,242
3.418724334,1888982,1202
3.420941184,1889240,258
3.420941184,1890426,1186
3.423151272,1890700,274
3.423151272,1891870,1170
3.425361360,1892160,290
3.425361360,1893314,1154
3.427571448,1893620,306
3.427571448,1894758,1138
3.429867475,1895080,322
3.429867475,1896202,1122
3.432077563,1896540,338
3.432077563,1897646,1106
3.434287651,1898000,354
3.434287651,1899090,1090
3.436497739,1899460,370
3.436497739,1900534,1074
3.438707827,1900920,386
3.438707827,1901978,1058
3.441011016,1902380,402
3.441011016,1903422,1042
3.443221104,1903840,418
3.443221104,1904866,1026
3.445431192,1905300,434
3.445431192,1906310,1010
3.447641280,1906760,450
3.447641280,1907754,994
3.449851368,1908220,466
3.449851368,1909198,978
3.452061456,1909680,482
3.452061456,1910642,962
3.454333300,1911140,498
3.454333300,1912086,946
3.456605144,1912600,514
3.456605144,1913530,930
3.458965329,1914060,530
3.458965329,1914974,914
3.461237573,1915520,546
3.461237573,1916418,898
3.463516379,1916980,562
3.463516379,1917862,882
3.465788223,1918440,578
3.465788223,1919306,866
3.468060067,1919900,594
3.468060067,1920750,850
3.470420252,1921360,610
3.470420252,1922194,834
3.472692096,1922820,626
3.472692096,1923638,818
3.474963940,1924280,642
3.474963940,1925082,802
3.477235784,1925740,658
3.477235784,1926526,786
3.479507628,1927200,674
3.479507628,1927970,770
3.481779472,1928660,690
3.481779472,1929414,754
3.484051716,1930120,706
3.484051716,1930858,738
3.486330522,1931580,722
3.486330522,1932302,722
3.488690707,1933040,738
3.488690707,1933746,706
3.490962551,1934500,754
3.490962551,1935190,690
3.493234395,1935960,770
3.493234395,1936634,674
3.495506239,1937420,786
3.495506239,1938078,658
3.497778083,1938880,802
3.497778083,1939522,642
3.500138268,1940340,818
3.500138268,1940966,626
3.502410112,1941800,834
3.502410112,1942410,610
3.504682356,1943260,850
3.504682356,1943854,594
3.506961162,1944720,866
3.506961162,1945298,578
3.509233006,1946180,882
3.509233006,1946742,562
3.511504850,1947640,898
3.511504850,1948186,546
3.513776694,1949100,914
3.513776694,1949630,530
3.516048538,1950560,930
3.516048538,1951074,514
3.518408723,1952020,946
3.518408723,1952518,498
3.520680567,1953480,962
3.520680567,1953962,482
3.522952411,1954940,978
3.522952411,1955406,466
3.525224255,1956400,994
3.525224255,1956850,450
3.527496499,1957860,1010
3.527496499,1958294,434
3.529863646,1959320,1026
3.529863646,1959738,418
3.532135490,1960780,1042
3.532135490,1961182,402
3.534407334,1962240,1058
3.534407334,1962626,386
3.536679178,1963700,1074
3.536679178,1964070,370
3.538951022,1965160,1090
3.538951022,1965514,354
3.541311207,1966620,1106
3.541311207,1966958,338
3.543583051,1968080,1122
3.543583051,1968402,322
3.545854895,1969540,1138
3.545854895,1969846,306
3.548127139,1971000,1154
3.548127139,1971290,290
3.550405945,1972460,1170
3.550405945,1972734,274
3.552567759,1973920,1186
3.552567759,1974178,258
3.554729573,1975380,1202
3.554729573,1975622,242
3.556891387,1976840,1218
3.556891387,1977066,226
3.559137263,1978300,1234
3.559137263,1978510,210
3.561299077,1979760,1250
3.561299077,1979954,194
3.563460891,1981220,1266
3.563460891,1981398,178
3.565622705,1982680,1282
3.565622705,1982842,162
3.567784519,1984140,1298
3.567784519,1984286,146
3.569946733,1985600,1314
3.569946733,1985730,130
3.572199215,1987060,1330
3.572199215,1987174,114
3.574361029,1988520,1346
3.574361029,1988618,98
3.576522843,1989980,1362
3.576522843,1990062,82
3.578684657,1991440,1378
3.578684657,1991506,66
3.580846391,1992900,1394
3.580846391,1992950,50
3.583006804,1994360,1410
3.583006804,1994394,34
3.585167217,1995820,1426
3.585167217,1995838,18
3.587327630,1997280,1442
3.587327630,1997282,2
3.589572585,1998734,1452
3.591741005,1998740,6
3.591741005,2000179,1439
3.593902819,2000200,21
3.593902819,2001624,1424
3.596064633,2001660,36
3.596064633,2003069,1409
3.598226447,2003120,51
3.598226447,2004514,1394
3.600472323,2004580,66
3.600472323,2005958,1378
3.602634137,2006040,82
3.602634137,2007402,1362
3.604795951,2007500,98
3.604795951,2008846,1346
3.606957765,2008960,114
3.606957765,2010290,1330
3.609119579,2010420,130
3.609119579,2011734,1314
3.611281793,2011880,146
3.611281793,2013178,1298
3.613450213,2013340,162
3.613450213,2014622,1282
3.615612027,2014800,178
3.615612027,2016066,1266
3.617857903,2016260,194
3.617857903,2017510,1250
3.620019717,2017720,210
3.620019717,2018954,1234
3.622181531,2019180,226
3.622181531,2020398,1218
3.624343345,2020640,242
3.624343345,2021842,1202
3.626505159,2022100,258
3.626505159,2023286,1186
3.628751035,2023560,274
3.628751035,2024730,1170
3.630913249,2025020,290
3.630913249,2026174,1154
3.633081669,2026480,306
3.633081669,2027618,1138
3.635243483,2027940,322
3.635243483,2029062,1122
3.637405297,2029400,338
3.637405297,2030506,1106
3.639651173,2030860,354
3.639651173,2031950,1090
3.641812987,2032320,370
3.641812987,2033394,1074
3.643974801,2033780,386
3.643974801,2034838,1058
3.646136615,2035240,402
3.646136615,2036282,1042
3.648298429,2036700,418
3.648298429,2037726,1026
3.650460243,2038160,434
3.650460243,2039170,1010
3.652527884,2039620,450
3.652527884,2040614,994
3.654601424,2041080,466
3.654601424,2042058,978
3.656749050,2042540,482
3.656749050,2043502,962
3.658816291,2044000,498
3.658816291,2044946,946
3.660883532,2045460,514
3.660883532,2046390,930
3.662950773,2046920,530
3.662950773,2047834,914
3.665018014,2048380,546
3.665018014,2049278,898
3.667165640,2049840,562
3.667165640,2050722,882
3.669232881,2051300,578
3.669232881,2052166,866
3.671300522,2052760,594
3.671300522,2053610,850
3.673374062,2054220,610
3.673374062,2055054,834
3.675441303,2055680,626
3.675441303,2056498,818
3.677508544,2057140,642
3.677508544,2057942,802
3.679575785,2058600,658
3.679575785,2059386,786
3.681643026,2060060,674
3.681643026,2060830,770
3.683790652,2061520,690
3.683790652,2062274,754
3.685857893,2062980,706
3.685857893,2063718,738
3.687925134,2064440,722
3.687925134,2065162,722
3.689992375,2065900,738
3.689992375,2066606,706
3.692060016,2067360,754
3.692060016,2068050,690
3.694213941,2068820,770
3.694213941,2069494,674
3.696281182,2070280,786
3.696281182,2070938,658
3.698348423,2071740,802
3.698348423,2072382,642
3.700415664,2073200,818
3.700415664,2073826,626
3.702482905,2074660,834
3.702482905,2075270,610
3.704550146,2076120,850
3.704550146,2076714,594
3.706617387,2077580,866
3.706617387,2078158,578
3.708684628,2079040,882
3.708684628,2079602,562
3.710832654,2080500,898
3.710832654,2081046,546
3.712906194,2081960,914
3.712906194,2082490,530
3.714973435,2083420,930
3.714973435,2083934,514
3.717040676,2084880,946
3.717040676,2085378,498
3.719107917,2086340,962
3.719107917,2086822,482
3.721255543,2087800,978
3.721255543,2088266,466
3.723322784,2089260,994
3.723322784,2089710,450
3.725390025,2090720,1010
3.725390025,2091154,434
3.727457266,2092180,1026
3.727457266,2092598,418
3.729524507,2093640,1042
3.729524507,2094042,402
3.731678832,2095100,1058
3.731678832,2095486,386
3.733746073,2096560,1074
3.733746073,2096930,370
3.735813314,2098020,1090
3.735813314,2098374,354
3.737880555,2099480,1106
3.737880555,2099818,338
3.739947796,2100940,1122
3.739947796,2101262,322
3.742015037,2102400,1138
3.742015037,2102706,306
3.744082278,2103860,1154
3.744082278,2104150,290
3.746149519,2105320,1170
3.746149519,2105594,274
3.748297145,2106780,1186
3.748297145,2107038,258
3.750364786,2108240,1202
3.750364786,2108482,242
3.752519965,2109700,1218
3.752519965,2109926,226
3.754668582,2111160,1234
3.754668582,2111370,210
3.756817199,2112620,1250
3.756817199,2112814,194
3.759049365,2114080,1266
3.759049365,2114258,178
3.761197982,2115540,1282
3.761197982,2115702,162
3.763346599,2117000,1298
3.763346599,2117146,146
3.765495216,2118460,1314
3.765495216,2118590,130
3.767643833,2119920,1330
3.767643833,2120034,114
3.769792450,2121380,1346
3.769792450,2121478,98
3.771941467,2122840,1362
3.771941467,2122922,82
3.774096646,2124300,1378
3.774096646,2124366,66
3.776328732,2125760,1394
3.776328732,2125810,50
3.778475956,2127220,1410
3.778475956,2127254,34
3.780623180,2128680,1426
3.780623180,2128698,18
3.782770404,2130140,1442
3.782770404,2130142,2
3.784917708,2131594,1452
3.787149874,2131600,6
3.787149874,2133039,1439
3.789298491,2133060,21
3.789298491,2134484,1424
3.791447508,2134520,36
3.791447508,2135929,1409
3.793602687,2135980,51
3.793602687,2137374,1394
3.795751304,2137440,66
3.795751304,2138818,1378
3.797899921,2138900,82
3.797899921,2140262,1362
3.800048538,2140360,98
3.800048538,2141706,1346
3.802197155,2141820,114
3.802197155,2143150,1330
3.804429321,2143280,130
3.804429321,2144594,1314
3.806577938,2144740,146
3.806577938,2146038,1298
3.808726555,2146200,162
3.808726555,2147482,1282
3.810875172,2147660,178
3.810875172,2148926,1266
3.813024189,2149120,194
3.813024189,2150370,1250
3.815262917,2150580,210
3.815262917,2151814,1234
3.817411534,2152040,226
3.817411534,2153258,1218
3.819560151,2153500,242
3.819560151,2154702,1202
3.821708768,2154960,258
3.821708768,2156146,1186
3.823857385,2156420,274
3.823857385,2157590,1170
3.826089551,2157880,290
3.826089551,2159034,1154
3.828238168,2159340,306
3.828238168,2160478,1138
3.830386785,2160800,322
3.830386785,2161922,1122
3.832535802,2162260,338
3.832535802,2163366,1106
3.834690981,2163720,354
3.834690981,2164810,1090
3.836839598,2165180,370
3.836839598,2166254,1074
3.838988215,2166640,386
3.838988215,2167698,1058
3.841136832,2168100,402
3.841136832,2169142,1042
3.843368998,2169560,418
3.843368998,2170586,1026
3.845517615,2171020,434
3.845517615,2172030,1010
3.847666232,2172480,450
3.847666232,2173474,994
3.849814849,2173940,466
3.849814849,2174918,978
3.851963466,2175400,482
3.851963466,2176362,962
3.854470792,2176860,498
3.854470792,2177806,946
3.856876765,2178320,514
3.856876765,2179250,930
3.859282738,2179780,530
3.859282738,2180694,914
3.861688711,2181240,546
3.861688711,2182138,898
3.864094684,2182700,562
3.864094684,2183582,882
3.866500657,2184160,578
3.866500657,2185026,866
3.868906630,2185620,594
3.868906630,2186470,850
3.871312603,2187080,610
3.871312603,2187914,834
3.873812133,2188540,626
3.873812133,2189358,818
3.876218506,2190000,642
3.876218506,2190802,802
3.878631876,2191460,658
3.878631876,2192246,786
3.881037849,2192920,674
3.881037849,2193690,770
3.883443822,2194380,690
3.883443822,2195134,754
3.885943352,2195840,706
3.885943352,2196578,738
3.888349325,2197300,722
3.888349325,2198022,722
3.890755298,2198760,738
3.890755298,2199466,706
3.893161271,2200220,754
3.893161271,2200910,690
3.895567244,2201680,770
3.895567244,2202354,674
3.898067174,2203140,786
3.898067174,2203798,658
3.900480544,2204600,802
3.900480544,2205242,642
3.902886517,2206060,818
3.902886517,2206686,626
3.905292490,2207520,834
3.905292490,2208130,610
3.907698463,2208980,850
3.907698463,2209574,594
3.910104436,2210440,866
3.910104436,2211018,578
3.912510409,2211900,882
3.912510409,2212462,562
3.914916382,2213360,898
3.914916382,2213906,546
3.917415912,2214820,914
3.917415912,2215350,530
3.919821885,2216280,930
3.919821885,2216794,514
3.922228258,2217740,946
3.922228258,2218238,498
3.924641628,2219200,962
3.924641628,2219682,482
3.927047601,2220660,978
3.927047601,2221126,466
3.929547131,2222120,994
3.929547131,2222570,450
3.931953104,2223580,1010
3.931953104,2224014,434
3.934359077,2225040,1026
3.934359077,2225458,418
3.936765050,2226500,1042
3.936765050,2226902,402
3.939171023,2227960,1058
3.939171023,2228346,386
3.941576996,2229420,1074
3.941576996,2229790,370
3.943982969,2230880,1090
3.943982969,2231234,354
3.946389342,2232340,1106
3.946389342,2232678,338
3.948896269,2233800,1122
3.948896269,2234122,322
3.951302242,2235260,1138
3.951302242,2235566,306
3.953593984,2236720,1154
3.953593984,2237010,290
3.955885726,2238180,1170
3.955885726,2238454,274
3.958177468,2239640,1186
3.958177468,2239898,258
3.960558325,2241100,1202
3.960558325,2241342,242
3.962850067,2242560,1218
3.962850067,2242786,226
3.965141809,2244020,1234
3.965141809,2244230,210
3.967433951,2245480,1250
3.967433951,2245674,194
3.969732719,2246940,1266
3.969732719,2247118,178
3.972024461,2248400,1282
3.972024461,2248562,162
3.974316203,2249860,1298
3.974316203,2250006,146
3.976607945,2251320,1314
3.976607945,2251450,130
3.978988802,2252780,1330
3.978988802,2252894,114
3.981280544,2254240,1346
3.981280544,2254338,98
3.983572286,2255700,1362
3.983572286,2255782,82
3.985864028,2257160,1378
3.985864028,2257226,66
3.988155690,2258620,1394
3.988155690,2258670,50
3.990542488,2260080,1410
3.990542488,2260114,34
3.992832745,2261540,1426
3.992832745,2261558,18
3.995123002,2263000,1442
3.995123002,2263002,2
3.997413339,2264454,1452
3.999705081,2264460,6
3.999705081,2265899,1439
4.002085938,2265920,21
4.002085938,2267344,1424
4.004377680,2267380,36
4.004377680,2268789,1409
4.006669422,2268840,51
4.006669422,2270234,1394
4.008961164,2270300,66
4.008961164,2271678,1378
4.011253306,2271760,82
4.011253306,2273122,1362
4.013552074,2273220,98
4.013552074,2274566,1346
4.015843816,2274680,114
4.015843816,2276010,1330
4.018135558,2276140,130
4.018135558,2277454,1314
4.020427300,2277600,146
4.020427300,2278898,1298
4.022808157,2279060,162
4.022808157,2280342,1282
4.025099899,2280520,178
4.025099899,2281786,1266
4.027391641,2281980,194
4.027391641,2283230,1250
4.029683383,2283440,210
4.029683383,2284674,1234
4.031975125,2284900,226
4.031975125,2286118,1218
4.034363408,2286360,242
4.034363408,2287562,1202
4.036655150,2287820,258
4.036655150,2289006,1186
4.038946892,2289280,274
4.038946892,2290450,1170
4.041238634,2290740,290
4.041238634,2291894,1154
4.043530376,2292200,306
4.043530376,2293338,1138
4.045822118,2293660,322
4.045822118,2294782,1122
4.048113860,2295120,338
4.048113860,2296226,1106
4.050405602,2296580,354
4.050405602,2297670,1090
4.052907206,2298040,370
4.052907206,2299114,1074
4.055315576,2299500,386
4.055315576,2300558,1058
4.057730949,2300960,402
4.057730949,2302002,1042
4.060138919,2302420,418
4.060138919,2303446,1026
4.062546889,2303880,434
4.062546889,2304890,1010
4.065048493,2305340,450
4.065048493,2306334,994
4.067456463,2306800,466
4.067456463,2307778,978
4.069864433,2308260,482
4.069864433,2309222,962
4.072272403,2309720,498
4.072272403,2310666,946
4.074680373,2311180,514
4.074680373,2312110,930
4.077088343,2312640,530
4.077088343,2313554,914
4.079496713,2314100,546
4.079496713,2314998,898
4.081912086,2315560,562
4.081912086,2316442,882
4.084413690,2317020,578
4.084413690,2317886,866
4.086821660,2318480,594
4.086821660,2319330,850
4.089229630,2319940,610
4.089229630,2320774,834
4.091637600,2321400,626
4.091637600,2322218,818
4.094045570,2322860,642
4.094045570,2323662,802
4.096547174,2324320,658
4.096547174,2325106,786
4.098955144,2325780,674
4.098955144,2326550,770
4.101363514,2327240,690
4.101363514,2327994,754
4.103778887,2328700,706
4.103778887,2329438,738
4.106186857,2330160,722
4.106186857,2330882,722
4.108688461,2331620,738
4.108688461,2332326,706
4.111096431,2333080,754
4.111096431,2333770,690
4.113504401,2334540,770
4.113504401,2335214,674
4.115912371,2336000,786
4.115912371,2336658,658
4.118320341,2337460,802
4.118320341,2338102,642
4.120728311,2338920,818
4.120728311,2339546,626
4.123136281,2340380,834
4.123136281,2340990,610
4.125544651,2341840,850
4.125544651,2342434,594
4.128053658,2343300,866
4.128053658,2343878,578
4.130461628,2344760,882
4.130461628,2345322,562
4.132869598,2346220,898
4.132869598,2346766,546
4.135277568,2347680,914
4.135277568,2348210,530
4.137685538,2349140,930
4.137685538,2349654,514
4.140187142,2350600,946
4.140187142,2351098,498
4.142595112,2352060,962
4.142595112,2352542,482
4.145003082,2353520,978
4.145003082,2353986,466
4.147411452,2354980,994
4.147411452,2355430,450
4.149826825,2356440,1010
4.149826825,2356874,434
4.152234795,2357900,1026
4.152234795,2358318,418
4.154344668,2359360,1042
4.154344668,2359762,402
4.156454541,2360820,1058
4.156454541,2361206,386
4.158646457,2362280,1074
4.158646457,2362650,370
4.160756330,2363740,1090
4.160756330,2364094,354
4.162866203,2365200,1106
4.162866203,2365538,338
4.164976076,2366660,1122
4.164976076,2366982,322
4.167085949,2368120,1138
4.167085949,2368426,306
4.169284701,2369580,1154
4.169284701,2369870,290
4.171394574,2371040,1170
4.171394574,2371314,274
4.173504447,2372500,1186
4.173504447,2372758,258
4.175614320,2373960,1202
4.175614320,2374202,242
4.177724193,2375420,1218
4.177724193,2375646,226
4.179834066,2376880,1234
4.179834066,2377090,210
4.181943939,2378340,1250
4.181943939,2378534,194
4.184053812,2379800,1266
4.184053812,2379978,178
4.186245728,2381260,1282
4.186245728,2381422,162
4.188356001,2382720,1298
4.188356001,2382866,146
4.190472311,2384180,1314
4.190472311,2384310,130
4.192582184,2385640,1330
4.192582184,2385754,114
4.194692057,2387100,1346
4.194692057,2387198,98
4.196883973,2388560,1362
4.196883973,2388642,82
4.198993846,2390020,1378
4.198993846,2390086,66
4.201103639,2391480,1394
4.201103639,2391530,50
4.203212145,2392940,1410
4.203212145,2392974,34
4.205320651,2394400,1426
4.205320651,2394418,18
4.207511600,2395860,1442
4.207511600,2395862,2
4.209626623,2397314,1452
4.211736496,2397320,6
4.211736496,2398759,1439
4.213846369,2398780,21
4.213846369,2400204,1424
4.215956242,2400240,36
4.215956242,2401649,1409
4.218066115,2401700,51
4.218066115,2403094,1394
4.220175988,2403160,66
4.220175988,2404538,1378
4.222285861,2404620,82
4.222285861,2405982,1362
4.224477777,2406080,98
4.224477777,2407426,1346
4.226587650,2407540,114
4.226587650,2408870,1330
4.228697923,2409000,130
4.228697923,2410314,1314
4.230814233,2410460,146
4.230814233,2411758,1298
4.232924106,2411920,162
4.232924106,2413202,1282
4.235116022,2413380,178
4.235116022,2414646,1266
4.237225895,2414840,194
4.237225895,2416090,1250
4.239335768,2416300,210
4.239335768,2417534,1234
4.241445641,2417760,226
4.241445641,2418978,1218
4.243555514,2419220,242
4.243555514,2420422,1202
4.245665387,2420680,258
4.245665387,2421866,1186
4.247775260,2422140,274
4.247775260,2423310,1170
4.249885533,2423600,290
4.249885533,2424754,1154
4.252083886,2425060,306
4.252083886,2426198,1138
4.254548016,2426520,322
4.254548016,2427642,1122
4.257012146,2427980,338
4.257012146,2429086,1106
4.259476276,2429440,354
4.259476276,2430530,1090
4.261940406,2430900,370
4.261940406,2431974,1074
4.264500354,2432360,386
4.264500354,2433418,1058
4.266964484,2433820,402
4.266964484,2434862,1042
4.269428614,2435280,418
4.269428614,2436306,1026
4.271893144,2436740,434
4.271893144,2437750,1010
4.274364859,2438200,450
4.274364859,2439194,994
4.276924807,2439660,466
4.276924807,2440638,978
4.279388937,2441120,482
4.279388937,2442082,962
4.281853067,2442580,498
4.281853067,2443526,946
4.284317197,2444040,514
4.284317197,2444970,930
4.286781327,2445500,530
4.286781327,2446414,914
4.289245457,2446960,546
4.289245457,2447858,898
4.291709587,2448420,562
4.291709587,2449302,882
4.294173717,2449880,578
4.294173717,2450746,866
4.296741650,2451340,594
4.296741650,2452190,850
4.299205780,2452800,610
4.299205780,2453634,834
4.301669910,2454260,626
4.301669910,2455078,818
4.304134040,2455720,642
4.304134040,2456522,802
4.306598170,2457180,658
4.306598170,2457966,786
4.309158118,2458640,674
4.309158118,2459410,770
4.311622248,2460100,690
4.311622248,2460854,754
4.314086378,2461560,706
4.314086378,2462298,738
4.316550508,2463020,722
4.316550508,2463742,722
4.319015038,2464480,738
4.319015038,2465186,706
4.321486753,2465940,754
4.321486753,2466630,690
4.323950883,2467400,770
4.323950883,2468074,674
4.326415013,2468860,786
4.326415013,2469518,658
4.328974961,2470320,802
4.328974961,2470962,642
4.331439091,2471780,818
4.331439091,2472406,626
4.333903221,2473240,834
4.333903221,2473850,610
4.336367351,2474700,850
4.336367351,2475294,594
4.338831481,2476160,866
4.338831481,2476738,578
4.341391829,2477620,882
4.341391829,2478182,562
4.343863544,2479080,898
4.343863544,2479626,546
4.346327674,2480540,914
4.346327674,2481070,530
4.348791804,2482000,930
4.348791804,2482514,514
4.351255934,2483460,946
4.351255934,2483958,498
4.353530432,2484920,962
4.353530432,2485402,482
4.355804930,2486380,978
4.355804930,2486846,466
4.358079428,2487840,994
4.358079428,2488290,450
4.360442370,2489300,1010
4.360442370,2489734,434
4.362716868,2490760,1026
4.362716868,2491178,418
4.364991766,2492220,1042
4.364991766,2492622,402
4.367273234,2493680,1058
4.367273234,2494066,386
4.369547732,2495140,1074
4.369547732,2495510,370
4.371910674,2496600,1090
4.371910674,2496954,354
4.374185172,2498060,1106
4.374185172,2498398,338
4.376459670,2499520,1122
4.376459670,2499842,322
4.378734168,2500980,1138
4.378734168,2501286,306
4.381008666,2502440,1154
4.381008666,2502730,290
4.383371608,2503900,1170
4.383371608,2504174,274
4.385646506,2505360,1186
4.385646506,2505618,258
4.387927974,2506820,1202
4.387927974,2507062,242
4.390202472,2508280,1218
4.390202472,2508506,226
4.392476970,2509740,1234
4.392476970,2509950,210
4.394751468,2511200,1250
4.394751468,2511394,194
4.397025966,2512660,1266
4.397025966,2512838,178
4.399300464,2514120,1282
4.399300464,2514282,162
4.401663406,2515580,1298
4.401663406,2515726,146
4.403937904,2517040,1314
4.403937904,2517170,130
4.406212402,2518500,1330
4.406212402,2518614,114
4.408487300,2519960,1346
4.408487300,2520058,98
4.410768768,2521420,1362
4.410768768,2521502,82
4.413131710,2522880,1378
4.413131710,2522946,66
4.415406128,2524340,1394
4.415406128,2524390,50
4.417679152,2525800,1410
4.417679152,2525834,34
4.419952176,2527260,1426
4.419952176,2527278,18
4.422225200,2528720,1442
4.422225200,2528722,2
4.424498304,2530174,1452
4.426772802,2530180,6
4.426772802,2531619,1439
4.429047300,2531640,21
4.429047300,2533064,1424
4.431417612,2533100,36
4.431417612,2534509,1409
4.433692110,2534560,51
4.433692110,2535954,1394
4.435966608,2536020,66
4.435966608,2537398,1378
4.438241106,2537480,82
4.438241106,2538842,1362
4.440515604,2538940,98
4.440515604,2540286,1346
4.442878546,2540400,114
4.442878546,2541730,1330
4.445153044,2541860,130
4.445153044,2543174,1314
4.447427542,2543320,146
4.447427542,2544618,1298
4.449702040,2544780,162
4.449702040,2546062,1282
4.451976938,2546240,178
4.451976938,2547506,1266
4.454171202,2547700,194
4.454171202,2548950,1250
4.456358777,2549160,210
4.456358777,2550394,1234
4.458546352,2550620,226
4.458546352,2551838,1218
4.460818991,2552080,242
4.460818991,2553282,1202
4.463006566,2553540,258
4.463006566,2554726,1186
4.465194141,2555000,274
4.465194141,2556170,1170
4.467381716,2556460,290
4.467381716,2557614,1154
4.469569291,2557920,306
4.469569291,2559058,1138
4.471842330,2559380,322
4.471842330,2560502,1122
4.474036594,2560840,338
4.474036594,2561946,1106
4.476224169,2562300,354
4.476224169,2563390,1090
4.478411744,2563760,370
4.478411744,2564834,1074
4.480599319,2565220,386
4.480599319,2566278,1058
4.482786894,2566680,402
4.482786894,2567722,1042
4.485059533,2568140,418
4.485059533,2569166,1026
4.487247108,2569600,434
4.487247108,2570610,1010
4.489434683,2571060,450
4.489434683,2572054,994
4.491622258,2572520,466
4.491622258,2573498,978
4.493810233,2573980,482
4.493810233,2574942,962
4.496004497,2575440,498
4.496004497,2576386,946
4.498192072,2576900,514
4.498192072,2577830,930
4.500379647,2578360,530
4.500379647,2579274,914
4.502652286,2579820,546
4.502652286,2580718,898
4.504839861,2581280,562
4.504839861,2582162,882
4.507027436,2582740,578
4.507027436,2583606,866
4.509215011,2584200,594
4.509215011,2585050,850
4.511402586,2585660,610
4.511402586,2586494,834
4.513675625,2587120,626
4.513675625,2587938,818
4.515869889,2588580,642
4.515869889,2589382,802
4.518057464,2590040,658
4.518057464,2590826,786
4.520245039,2591500,674
4.520245039,2592270,770
4.522432614,2592960,690
4.522432614,2593714,754
4.524620189,2594420,706
4.524620189,2595158,738
4.526807764,2595880,722
4.526807764,2596602,722
4.528995339,2597340,738
4.528995339,2598046,706
4.531267978,2598800,754
4.531267978,2599490,690
4.533455553,2600260,770
4.533455553,2600934,674
4.535643528,2601720,786
4.535643528,2602378,658
4.537837792,2603180,802
4.537837792,2603822,642
4.540025367,2604640,818
4.540025367,2605266,626
4.542298006,2606100,834
4.542298006,2606710,610
4.544485581,2607560,850
4.544485581,2608154,594
4.546673156,2609020,866
4.546673156,2609598,578
4.548860731,2610480,882
4.548860731,2611042,562
4.551048306,2611940,898
4.551048306,2612486,546
4.553133877,2613400,914
4.553133877,2613930,530
4.555219448,2614860,930
4.555219448,2615374,514
4.557305419,2616320,946
4.557305419,2616818,498
4.559478446,2617780,962
4.559478446,2618262,482
4.561564017,2619240,978
4.561564017,2619706,466
4.563649588,2620700,994
4.563649588,2621150,450
4.565735159,2622160,1010
4.565735159,2622594,434
4.567820730,2623620,1026
4.567820730,2624038,418
4.569987399,2625080,1042
4.569987399,2625482,402
4.572072970,2626540,1058
4.572072970,2626926,386
4.574158541,2628000,1074
4.574158541,2628370,370
4.576244512,2629460,1090
4.576244512,2629814,354
4.578336441,2630920,1106
4.578336441,2631258,338
4.580503110,2632380,1122
4.580503110,2632702,322
4.582588681,2633840,1138
4.582588681,2634146,306
4.584674252,2635300,1154
4.584674252,2635590,290
4.586759823,2636760,1170
4.586759823,2637034,274
4.588845394,2638220,1186
4.588845394,2638478,258
4.590930965,2639680,1202
4.590930965,2639922,242
4.593016536,2641140,1218
4.593016536,2641366,226
4.595102107,2642600,1234
4.595102107,2642810,210
4.597275534,2644060,1250
4.597275534,2644254,194
4.599361105,2645520,1266
4.599361105,2645698,178
4.601446676,2646980,1282
4.601446676,2647142,162
4.603532247,2648440,1298
4.603532247,2648586,146
4.605617818,2649900,1314
4.605617818,2650030,130
4.607784487,2651360,1330
4.607784487,2651474,114
4.609870058,2652820,1346
4.609870058,2652918,98
4.611955629,2654280,1362
4.611955629,2654362,82
4.614041200,2655740,1378
4.614041200,2655806,66
4.616127091,2657200,1394
4.616127091,2657250,50
4.618217668,2658660,1410
4.618217668,2658694,34
4.620301887,2660120,1426
4.620301887,2660138,18
4.622386106,2661580,1442
4.622386106,2661582,2
4.624551503,2663034,1452
4.626637074,2663040,6
4.626637074,2664479,1439
4.628722645,2664500,21
4.628722645,2665924,1424
4.630808216,2665960,36
4.630808216,2667369,1409
4.632893787,2667420,51
4.632893787,2668814,1394
4.635060856,2668880,66
4.635060856,2670258,1378
4.637152785,2670340,82
4.637152785,2671702,1362
4.639238356,2671800,98
4.639238356,2673146,1346
4.641323927,2673260,114
4.641323927,2674590,1330
4.643409498,2674720,130
4.643409498,2676034,1314
4.645495069,2676180,146
4.645495069,2677478,1298
4.647580640,2677640,162
4.647580640,2678922,1282
4.649666211,2679100,178
4.649666211,2680366,1266
4.651832880,2680560,194
4.651832880,2681810,1250
4.654203532,2682020,210
4.654203532,2683254,1234
4.656574584,2683480,226
4.656574584,2684698,1218
4.658952518,2684940,242
4.658952518,2686142,1202
4.661323170,2686400,258
4.661323170,2687586,1186
4.663693822,2687860,274
4.663693822,2689030,1170
4.666156657,2689320,290
4.666156657,2690474,1154
4.668527309,2690780,306
4.668527309,2691918,1138
4.670897961,2692240,322
4.670897961,2693362,1122
4.673268613,2693700,338
4.673268613,2694806,1106
4.675639265,2695160,354
4.675639265,2696250,1090
4.678102500,2696620,370
4.678102500,2697694,1074
4.680480434,2698080,386
4.680480434,2699138,1058
4.682851086,2699540,402
4.682851086,2700582,1042
4.685221738,2701000,418
4.685221738,2702026,1026
4.687592390,2702460,434
4.687592390,2703470,1010
4.689963042,2703920,450
4.689963042,2704914,994
4.692333694,2705380,466
4.692333694,2706358,978
4.694704346,2706840,482
4.694704346,2707802,962
4.697167181,2708300,498
4.697167181,2709246,946
4.699537833,2709760,514
4.699537833,2710690,930
4.701908885,2711220,530
4.701908885,2712134,914
4.704286819,2712680,546
4.704286819,2713578,898
4.706657471,2714140,562
4.706657471,2715022,882
4.709120306,2715600,578
4.709120306,2716466,866
4.711490958,2717060,594
4.711490958,2717910,850
4.713861610,2718520,610
4.713861610,2719354,834
4.716232262,2719980,626
4.716232262,2720798,818
4.718602914,2721440,642
4.718602914,2722242,802
4.720973566,2722900,658
4.720973566,2723686,786
4.723344218,2724360,674
4.723344218,2725130,770
4.725715270,2725820,690
4.725715270,2726574,754
4.728185387,2727280,706
4.728185387,2728018,738
4.730556039,2728740,722
4.730556039,2729462,722
4.732926691,2730200,738
4.732926691,2730906,706
4.735297343,2731660,754
4.735297343,2732350,690
4.737667995,2733120,770
4.737667995,2733794,674
4.740130830,2734580,786
4.740130830,2735238,658
4.742501482,2736040,802
4.742501482,2736682,642
4.744872134,2737500,818
4.744872134,2738126,626
4.747243186,2738960,834
4.747243186,2739570,610
4.749621120,2740420,850
4.749621120,2741014,594
4.752083955,2741880,866
4.752083955,2742458,578
4.754419908,2743340,882
4.754419908,2743902,562
4.756755861,2744800,898
4.756755861,2745346,546
4.759091814,2746260,914
4.759091814,2746790,530
4.761427767,2747720,930
4.761427767,2748234,514
4.763763720,2749180,946
4.763763720,2749678,498
4.766099673,2750640,962
4.766099673,2751122,482
4.768435626,2752100,978
4.768435626,2752566,466
4.770869982,2753560,994
4.770869982,2754010,450
4.773205935,2755020,1010
4.773205935,2755454,434
4.775541888,2756480,1026
4.775541888,2756898,418
4.777877841,2757940,1042
4.777877841,2758342,402
4.780213794,2759400,1058
4.780213794,2759786,386
4.782640581,2760860,1074
4.782640581,2761230,370
4.784976534,2762320,1090
4.784976534,2762674,354
4.787312487,2763780,1106
4.787312487,2764118,338
4.789648440,2765240,1122
4.789648440,2765562,322
4.791984793,2766700,1138
4.791984793,2767006,306
4.794327915,2768160,1154
4.794327915,2768450,290
4.796663868,2769620,1170
4.796663868,2769894,274
4.798999821,2771080,1186
4.798999821,2771338,258
4.801426608,2772540,1202
4.801426608,2772782,242
4.803762561,2774000,1218
4.803762561,2774226,226
4.806098514,2775460,1234
4.806098514,2775670,210
4.808434467,2776920,1250
4.808434467,2777114,194
4.810770420,2778380,1266
4.810770420,2778558,178
4.813197607,2779840,1282
4.813197607,2780002,162
4.815540729,2781300,1298
4.815540729,2781446,146
4.817876682,2782760,1314
4.817876682,2782890,130
4.820212635,2784220,1330
4.820212635,2784334,114
4.822548588,2785680,1346
4.822548588,2785778,98
4.824884541,2787140,1362
4.824884541,2787222,82
4.827220494,2788600,1378
4.827220494,2788666,66
4.829556367,2790060,1394
4.829556367,2790110,50
4.831981640,2791520,1410
4.831981640,2791554,34
4.834316079,2792980,1426
4.834316079,2792998,18
4.836650918,2794440,1442
4.836650918,2794442,2
4.838992606,2795894,1452
4.841328559,2795900,6
4.841328559,2797339,1439
4.843755346,2797360,21
4.843755346,2798784,1424
4.846091299,2798820,36
4.846091299,2800229,1409
4.848427252,2800280,51
4.848427252,2801674,1394
4.850763205,2801740,66
4.850763205,2803118,1378
4.852957561,2803200,82
4.852957561,2804562,1362
4.855237245,2804660,98
4.855237245,2806006,1346
4.857432001,2806120,114
4.857432001,2807450,1330
4.859633068,2807580,130
4.859633068,2808894,1314
4.861827424,2809040,146
4.861827424,2810338,1298
4.864021780,2810500,162
4.864021780,2811782,1282
4.866216136,2811960,178
4.866216136,2813226,1266
4.868410492,2813420,194
4.868410492,2814670,1250
4.870604848,2814880,210
4.870604848,2816114,1234
4.872884532,2816340,226
4.872884532,2817558,1218
4.875078888,2817800,242
4.875078888,2819002,1202
4.877273244,2819260,258
4.877273244,2820446,1186
4.879468000,2820720,274
4.879468000,2821890,1170
4.881669067,2822180,290
4.881669067,2823334,1154
4.883948751,2823640,306
4.883948751,2824778,1138
4.886143107,2825100,322
4.886143107,2826222,1122
4.888337463,2826560,338
4.888337463,2827666,1106
4.890531819,2828020,354
4.890531819,2829110,1090
4.892726175,2829480,370
4.892726175,2830554,1074
4.894920531,2830940,386
4.894920531,2831998,1058
4.897114887,2832400,402
4.897114887,2833442,1042
4.899309243,2833860,418
4.899309243,2834886,1026
4.901596037,2835320,434
4.901596037,2836330,1010
4.903790393,2836780,450
4.903790393,2837774,994
4.905984749,2838240,466
4.905984749,2839218,978
4.908179105,2839700,482
4.908179105,2840662,962
4.910373461,2841160,498
4.910373461,2842106,946
4.912653145,2842620,514
4.912653145,2843550,930
4.914847501,2844080,530
4.914847501,2844994,914
4.917041857,2845540,546
4.917041857,2846438,898
4.919236213,2847000,562
4.919236213,2847882,882
4.921430969,2848460,578
4.921430969,2849326,866
4.923632036,2849920,594
4.923632036,2850770,850
4.925826392,2851380,610
4.925826392,2852214,834
4.928106076,2852840,626
4.928106076,2853658,818
4.930300432,2854300,642
4.930300432,2855102,802
4.932494788,2855760,658
4.932494788,2856546,786
4.934689144,2857220,674
4.934689144,2857990,770
4.936883500,2858680,690
4.936883500,2859434,754
4.939077856,2860140,706
4.939077856,2860878,738
4.941272212,2861600,722
4.941272212,2862322,722
4.943559006,2863060,738
4.943559006,2863766,706
4.945753362,2864520,754
4.945753362,2865210,690
4.947947718,2865980,770
4.947947718,2866654,674
4.950142074,2867440,786
4.950142074,2868098,658
4.952212985,2868900,802
4.952212985,2869542,642
4.954364424,2870360,818
4.954364424,2870986,626
4.956435335,2871820,834
4.956435335,2872430,610
4.958506246,2873280,850
4.958506246,2873874,594
4.960577157,2874740,866
4.960577157,2875318,578
4.962648468,2876200,882
4.962648468,2876762,562
4.964725690,2877660,898
4.964725690,2878206,546
4.966796601,2879120,914
4.966796601,2879650,530
4.968867512,2880580,930
4.968867512,2881094,514
4.971018951,2882040,946
4.971018951,2882538,498
4.973089862,2883500,962
4.973089862,2883982,482
4.975160773,2884960,978
4.975160773,2885426,466
4.977231684,2886420,994
4.977231684,2886870,450
4.979302595,2887880,1010
4.979302595,2888314,434
4.981454434,2889340,1026
4.981454434,2889758,418
4.983531656,2890800,1042
4.983531656,2891202,402
4.985602567,2892260,1058
4.985602567,2892646,386
4.987673478,2893720,1074
4.987673478,2894090,370
4.989744389,2895180,1090
4.989744389,2895534,354
4.991815300,2896640,1106
4.991815300,2896978,338
4.993886211,2898100,1122
4.993886211,2898422,322
4.995957122,2899560,1138
4.995957122,2899866,306
4.998108561,2901020,1154
4.998108561,2901310,290
5.000179472,2902480,1170
5.000179472,2902754,274
5.002250783,2903940,1186
5.002250783,2904198,258
5.004328005,2905400,1202
5.004328005,2905642,242
5.006398916,2906860,1218
5.006398916,2907086,226
5.008550355,2908320,1234
5.008550355,2908530,210
5.010621266,2909780,1250
5.010621266,2909974,194
5.012692177,2911240,1266
5.012692177,2911418,178
5.014763088,2912700,1282
5.014763088,2912862,162
5.016833999,2914160,1298
5.016833999,2914306,146
5.018904910,2915620,1314
5.018904910,2915750,130
5.020975821,2917080,1330
5.020975821,2917194,114
5.023133970,2918540,1346
5.023133970,2918638,98
5.025204881,2920000,1362
5.025204881,2920082,82
5.027275792,2921460,1378
5.027275792,2921526,66
5.029346623,2922920,1394
5.029346623,2922970,50
5.031416192,2924380,1410
5.031416192,2924414,34
5.033485761,2925840,1426
5.033485761,2925858,18
5.035635858,2927300,1442
5.035635858,2927302,2
5.037705507,2928754,1452
5.039776418,2928760,6
5.039776418,2930199,1439
5.041847729,2930220,21
5.041847729,2931644,1424
5.043924951,2931680,36
5.043924951,2933089,1409
5.046076390,2933140,51
5.046076390,2934534,1394
5.048147301,2934600,66
5.048147301,2935978,1378
5.050218212,2936060,82
5.050218212,2937422,1362
5.052634374,2937520,98
5.052634374,2938866,1346
5.055050536,2938980,114
5.055050536,2940310,1330
5.057466698,2940440,130
5.057466698,2941754,1314
5.059882860,2941900,146
5.059882860,2943198,1298
5.062299022,2943360,162
5.062299022,2944642,1282
5.064816966,2944820,178
5.064816966,2946086,1266
5.067233128,2946280,194
5.067233128,2947530,1250
5.069649290,2947740,210
5.069649290,2948974,1234
5.072065452,2949200,226
5.072065452,2950418,1218
5.074481614,2950660,242
5.074481614,2951862,1202
5.076991729,2952120,258
5.076991729,2953306,1186
5.079407891,2953580,274
5.079407891,2954750,1170
5.081824053,2955040,290
5.081824053,2956194,1154
5.084240215,2956500,306
5.084240215,2957638,1138
5.086656777,2957960,322
5.086656777,2959082,1122
5.089080368,2959420,338
5.089080368,2960526,1106
5.091496530,2960880,354
5.091496530,2961970,1090
5.093912692,2962340,370
5.093912692,2963414,1074
5.096422807,2963800,386
5.096422807,2964858,1058
5.098838969,2965260,402
5.098838969,2966302,1042
5.101255131,2966720,418
5.101255131,2967746,1026
5.103671293,2968180,434
5.103671293,2969190,1010
5.106087455,2969640,450
5.106087455,2970634,994
5.108597970,2971100,466
5.108597970,2972078,978
5.111021561,2972560,482
5.111021561,2973522,962
5.113437723,2974020,498
5.113437723,2974966,946
5.115853885,2975480,514
5.115853885,2976410,930
5.118270047,2976940,530
5.118270047,2977854,914
5.120780162,2978400,546
5.120780162,2979298,898
5.123196324,2979860,562
5.123196324,2980742,882
5.125612486,2981320,578
5.125612486,2982186,866
5.128028648,2982780,594
5.128028648,2983630,850
5.130444810,2984240,610
5.130444810,2985074,834
5.132861372,2985700,626
5.132861372,2986518,818
5.135284963,2987160,642
5.135284963,2987962,802
5.137701125,2988620,658
5.137701125,2989406,786
5.140211240,2990080,674
5.140211240,2990850,770
5.142627402,2991540,690
5.142627402,2992294,754
5.145043564,2993000,706
5.145043564,2993738,738
5.147459726,2994460,722
5.147459726,2995182,722
5.149875888,2995920,738
5.149875888,2996626,706
5.152386003,2997380,754
5.152386003,2998070,690
5.154652476,2998840,770
5.154652476,2999514,674
5.156925492,3000300,786
5.156925492,3000958,658
5.159191565,3001760,802
5.159191565,3002402,642
5.161457638,3003220,818
5.161457638,3003846,626
5.163723711,3004680,834
5.163723711,3005290,610
5.165989784,3006140,850
5.165989784,3006734,594
5.168255857,3007600,866
5.168255857,3008178,578
5.170610046,3009060,882
5.170610046,3009622,562
5.172876119,3010520,898
5.172876119,3011066,546
5.175142192,3011980,914
5.175142192,3012510,530
5.177408665,3013440,930
5.177408665,3013954,514
5.179681681,3014900,946
5.179681681,3015398,498
5.182035870,3016360,962
5.182035870,3016842,482
5.184301943,3017820,978
5.184301943,3018286,466
5.186568016,3019280,994
5.186568016,3019730,450
5.188834089,3020740,1010
5.188834089,3021174,434
5.191100162,3022200,1026
5.191100162,3022618,418
5.193366235,3023660,1042
5.193366235,3024062,402
5.195632308,3025120,1058
5.195632308,3025506,386
5.197898381,3026580,1074
5.197898381,3026950,370
5.200259914,3028040,1090
5.200259914,3028394,354
5.202525987,3029500,1106
5.202525987,3029838,338
5.204792060,3030960,1122
5.204792060,3031282,322
5.207058133,3032420,1138
5.207058133,3032726,306
5.209324206,3033880,1154
5.209324206,3034170,290
5.211678395,3035340,1170
5.211678395,3035614,274
5.213944468,3036800,1186
5.213944468,3037058,258
5.216210541,3038260,1202
5.216210541,3038502,242
5.218476614,3039720,1218
5.218476614,3039946,226
5.220743087,3041180,1234
5.220743087,3041390,210
5.223104219,3042640,1250
5.223104219,3042834,194
5.225370292,3044100,1266
5.225370292,3044278,178
5.227636365,3045560,1282
5.227636365,3045722,162
5.229902438,3047020,1298
5.229902438,3047166,146
5.232168511,3048480,1314
5.232168511,3048610,130
5.234434584,3049940,1330
5.234434584,3050054,114
5.236700657,3051400,1346
5.236700657,3051498,98
5.238966730,3052860,1362
5.238966730,3052942,82
5.241321319,3054320,1378
5.241321319,3054386,66
5.243594255,3055780,1394
5.243594255,3055830,50
5.245858859,3057240,1410
5.245858859,3057274,34
5.248123463,3058700,1426
5.248123463,3058718,18
5.250388067,3060160,1442
5.250388067,3060162,2
5.252706818,3061614,1452
5.254940095,3061620,6
5.254940095,3063059,1439
5.257173372,3063080,21
5.257173372,3064504,1424
5.259406649,3064540,36
5.259406649,3065949,1409
5.261639926,3066000,51
5.261639926,3067394,1394
5.263873603,3067460,66
5.263873603,3068838,1378
5.266113717,3068920,82
5.266113717,3070282,1362
5.268346994,3070380,98
5.268346994,3071726,1346
5.270667112,3071840,114
5.270667112,3073170,1330
5.272900389,3073300,130
5.272900389,3074614,1314
5.275133666,3074760,146
5.275133666,3076058,1298
5.277366943,3076220,162
5.277366943,3077502,1282
5.279600220,3077680,178
5.279600220,3078946,1266
5.281920338,3079140,194
5.281920338,3080390,1250
5.284154015,3080600,210
5.284154015,3081834,1234
5.286394129,3082060,226
5.286394129,3083278,1218
5.288627406,3083520,242
5.288627406,3084722,1202
5.290860683,3084980,258
5.290860683,3086166,1186
5.293093960,3086440,274
5.293093960,3087610,1170
5.295327237,3087900,290
5.295327237,3089054,1154
5.297647355,3089360,306
5.297647355,3090498,1138
5.299880632,3090820,322
5.299880632,3091942,1122
5.302113909,3092280,338
5.302113909,3093386,1106
5.304347186,3093740,354
5.304347186,3094830,1090
5.306580863,3095200,370
5.306580863,3096274,1074
5.308820977,3096660,386
5.308820977,3097718,1058
5.311141095,3098120,402
5.311141095,3099162,1042
5.313374372,3099580,418
5.313374372,3100606,1026
5.315607649,3101040,434
5.315607649,3102050,1010
5.317840926,3102500,450
5.317840926,3103494,994
5.320074203,3103960,466
5.320074203,3104938,978
5.322394321,3105420,482
5.322394321,3106382,962
5.324627598,3106880,498
5.324627598,3107826,946
5.326861275,3108340,514
5.326861275,3109270,930
5.329101389,3109800,530
5.329101389,3110714,914
5.331334666,3111260,546
5.331334666,3112158,898
5.333567943,3112720,562
5.333567943,3113602,882
5.335801220,3114180,578
5.335801220,3115046,866
5.338034497,3115640,594
5.338034497,3116490,850
5.340354615,3117100,610
5.340354615,3117934,834
5.342587892,3118560,626
5.342587892,3119378,818
5.344821169,3120020,642
5.344821169,3120822,802
5.347054446,3121480,658
5.347054446,3122266,786
5.349288123,3122940,674
5.349288123,3123710,770
5.351615078,3124400,690
5.351615078,3125154,754
5.354033037,3125860,706
5.354033037,3126598,738
5.356450996,3127320,722
5.356450996,3128042,722
5.358868955,3128780,738
5.358868955,3129486,706
5.361286914,3130240,754
5.361286914,3130930,690
5.363704873,3131700,770
5.363704873,3132374,674
5.366122832,3133160,786
5.366122832,3133818,658
5.368540791,3134620,802
5.368540791,3135262,642
5.371053173,3136080,818
5.371053173,3136706,626
5.373478567,3137540,834
5.373478567,3138150,610
5.375896526,3139000,850
5.375896526,3139594,594
5.378314485,3140460,866
5.378314485,3141038,578
5.380732444,3141920,882
5.380732444,3142482,562
5.383244426,3143380,898
5.383244426,3143926,546
5.385662385,3144840,914
5.385662385,3145370,530
5.388080344,3146300,930
5.388080344,3146814,514
5.390498303,3147760,946
5.390498303,3148258,498
5.392916262,3149220,962
5.392916262,3149702,482
5.395334621,3150680,978
5.395334621,3151146,466
5.397760015,3152140,994
5.397760015,3152590,450
5.400271997,3153600,1010
5.400271997,3154034,434
5.402689956,3155060,1026
5.402689956,3155478,418
5.405107915,3156520,1042
5.405107915,3156922,402
5.407525874,3157980,1058
5.407525874,3158366,386
5.409943833,3159440,1074
5.409943833,3159810,370
5.412361792,3160900,1090
5.412361792,3161254,354
5.414873774,3162360,1106
5.414873774,3162698,338
5.417292133,3163820,1122
5.417292133,3164142,322
5.419717527,3165280,1138
5.419717527,3165586,306
5.422135486,3166740,1154
5.422135486,3167030,290
5.424553445,3168200,1170
5.424553445,3168474,274
5.426971404,3169660,1186
5.426971404,3169918,258
5.429483386,3171120,1202
5.429483386,3171362,242
5.431901345,3172580,1218
5.431901345,3172806,226
5.434319304,3174040,1234
5.434319304,3174250,210
5.436737263,3175500,1250
5.436737263,3175694,194
5.439155222,3176960,1266
5.439155222,3177138,178
5.441573581,3178420,1282
5.441573581,3178582,162
5.443998975,3179880,1298
5.443998975,3180026,146
5.446416934,3181340,1314
5.446416934,3181470,130
5.448928916,3182800,1330
5.448928916,3182914,114
5.451346875,3184260,1346
5.451346875,3184358,98
5.453496879,3185720,1362
5.453496879,3185802,82
5.455646883,3187180,1378
5.455646883,3187246,66
5.457796807,3188640,1394
5.457796807,3188690,50
5.460029020,3190100,1410
5.460029020,3190134,34
5.462178030,3191560,1426
5.462178030,3191578,18
5.464333207,3193020,1442
5.464333207,3193022,2
5.466481897,3194474,1452
5.468631901,3194480,6
5.468631901,3195919,1439
5.470781905,3195940,21
5.470781905,3197364,1424
5.472931909,3197400,36
5.472931909,3198809,1409
5.475081913,3198860,51
5.475081913,3200254,1394
5.477315520,3200320,66
5.477315520,3201698,1378
5.479465524,3201780,82
5.479465524,3203142,1362
5.481615528,3203240,98
5.481615528,3204586,1346
5.483765932,3204700,114
5.483765932,3206030,1330
5.485922503,3206160,130
5.485922503,3207474,1314
5.488156110,3207620,146
5.488156110,3208918,1298
5.490306114,3209080,162
5.490306114,3210362,1282
5.492456118,3210540,178
5.492456118,3211806,1266
5.494606122,3212000,194
5.494606122,3213250,1250
5.496756126,3213460,210
5.496756126,3214694,1234
5.498906130,3214920,226
5.498906130,3216138,1218
5.501056134,3216380,242
5.501056134,3217582,1202
5.503290141,3217840,258
5.503290141,3219026,1186
5.505446712,3219300,274
5.505446712,3220470,1170
5.507596716,3220760,290
5.507596716,3221914,1154
5.509746720,3222220,306
5.509746720,3223358,1138
5.511896724,3223680,322
5.511896724,3224802,1122
5.514046728,3225140,338
5.514046728,3226246,1106
5.516280335,3226600,354
5.516280335,3227690,1090
5.518430339,3228060,370
5.518430339,3229134,1074
5.520580343,3229520,386
5.520580343,3230578,1058
5.522730347,3230980,402
5.522730347,3232022,1042
5.524880751,3232440,418
5.524880751,3233466,1026
5.527120925,3233900,434
5.527120925,3234910,1010
5.529270929,3235360,450
5.529270929,3236354,994
5.531420933,3236820,466
5.531420933,3237798,978
5.533570937,3238280,482
5.533570937,3239242,962
5.535720941,3239740,498
5.535720941,3240686,946
5.537870945,3241200,514
5.537870945,3242130,930
5.540020949,3242660,530
5.540020949,3243574,914
5.542170953,3244120,546
5.542170953,3245018,898
5.544404960,3245580,562
5.544404960,3246462,882
5.546561531,3247040,578
5.546561531,3247906,866
5.548711535,3248500,594
5.548711535,3249350,850
5.550861539,3249960,610
5.550861539,3250794,834
5.553099156,3251420,626
5.553099156,3252238,818
5.555423783,3252880,642
5.555423783,3253682,802
5.557661400,3254340,658
5.557661400,3255126,786
5.559899017,3255800,674
5.559899017,3256570,770
5.562136634,3257260,690
5.562136634,3258014,754
5.564374251,3258720,706
5.564374251,3259458,738
5.566612268,3260180,722
5.566612268,3260902,722
5.568856735,3261640,738
5.568856735,3262346,706
5.571094352,3263100,754
5.571094352,3263790,690
5.573418979,3264560,770
5.573418979,3265234,674
5.575656596,3266020,786
5.575656596,3266678,658
5.577894213,3267480,802
5.577894213,3268122,642
5.580131830,3268940,818
5.580131830,3269566,626
5.582369447,3270400,834
5.582369447,3271010,610
5.584694074,3271860,850
5.584694074,3272454,594
5.586932091,3273320,866
5.586932091,3273898,578
5.589176558,3274780,882
5.589176558,3275342,562
5.591414175,3276240,898
5.591414175,3276786,546
5.593651792,3277700,914
5.593651792,3278230,530
5.595976419,3279160,930
5.595976419,3279674,514
5.598214036,3280620,946
5.598214036,3281118,498
5.600451653,3282080,962
5.600451653,3282562,482
5.602689270,3283540,978
5.602689270,3284006,466
5.604926887,3285000,994
5.604926887,3285450,450
5.607164504,3286460,1010
5.607164504,3286894,434
5.609402521,3287920,1026
5.609402521,3288338,418
5.611646988,3289380,1042
5.611646988,3289782,402
5.613971615,3290840,1058
5.613971615,3291226,386
5.616209232,3292300,1074
5.616209232,3292670,370
5.618446849,3293760,1090
5.618446849,3294114,354
5.620684466,3295220,1106
5.620684466,3295558,338
5.622922083,3296680,1122
5.622922083,3297002,322
5.625246710,3298140,1138
5.625246710,3298446,306
5.627484327,3299600,1154
5.627484327,3299890,290
5.629722344,3301060,1170
5.629722344,3301334,274
5.631966811,3302520,1186
5.631966811,3302778,258
5.634204428,3303980,1202
5.634204428,3304222,242
5.636442045,3305440,1218
5.636442045,3305666,226
5.638679662,3306900,1234
5.638679662,3307110,210
5.640917279,3308360,1250
5.640917279,3308554,194
5.643241906,3309820,1266
5.643241906,3309998,178
5.645479523,3311280,1282
5.645479523,3311442,162
5.647717140,3312740,1298
5.647717140,3312886,146
5.649954757,3314200,1314
5.649954757,3314330,130
5.652192774,3315660,1330
5.652192774,3315774,114
5.654487855,3317120,1346
5.654487855,3317218,98
5.656690547,3318580,1362
5.656690547,3318662,82
5.658893239,3320040,1378
5.658893239,3320106,66
5.661095851,3321500,1394
5.661095851,3321550,50
5.663297115,3322960,1410
5.663297115,3322994,34
5.665498379,3324420,1426
5.665498379,3324438,18
5.667699643,3325880,1442
5.667699643,3325882,2
5.669900987,3327334,1452
5.672189731,3327340,6
5.672189731,3328779,1439
5.674399160,3328800,21
5.674399160,3330224,1424
5.676601852,3330260,36
5.676601852,3331669,1409
5.678804544,3331720,51
5.678804544,3333114,1394
5.681007236,3333180,66
5.681007236,3334558,1378
5.683295580,3334640,82
5.683295580,3336002,1362
5.685498272,3336100,98
5.685498272,3337446,1346
5.687700964,3337560,114
5.687700964,3338890,1330
5.689903656,3339020,130
5.689903656,3340334,1314
5.692106348,3340480,146
5.692106348,3341778,1298
5.694401830,3341940,162
5.694401830,3343222,1282
5.696604522,3343400,178
5.696604522,3344666,1266
5.698807214,3344860,194
5.698807214,3346110,1250
5.701009906,3346320,210
5.701009906,3347554,1234
5.703212598,3347780,226
5.703212598,3348998,1218
5.705415290,3349240,242
5.705415290,3350442,1202
5.707617982,3350700,258
5.707617982,3351886,1186
5.709820674,3352160,274
5.709820674,3353330,1170
5.712109018,3353620,290
5.712109018,3354774,1154
5.714312110,3355080,306
5.714312110,3356218,1138
5.716521539,3356540,322
5.716521539,3357662,1122
5.718724231,3358000,338
5.718724231,3359106,1106
5.720926923,3359460,354
5.720926923,3360550,1090
5.723215267,3360920,370
5.723215267,3361994,1074
5.725417959,3362380,386
5.725417959,3363438,1058
5.727620651,3363840,402
5.727620651,3364882,1042
5.729823343,3365300,418
5.729823343,3366326,1026
5.732026035,3366760,434
5.732026035,3367770,1010
5.734228727,3368220,450
5.734228727,3369214,994
5.736431819,3369680,466
5.736431819,3370658,978
5.738641248,3371140,482
5.738641248,3372102,962
5.740929592,3372600,498
5.740929592,3373546,946
5.743132284,3374060,514
5.743132284,3374990,930
5.745334976,3375520,530
5.745334976,3376434,914
5.747537668,3376980,546
5.747537668,3377878,898
5.749740360,3378440,562
5.749740360,3379322,882
5.752028704,3379900,578
5.752028704,3380766,866
5.754117484,3381360,594
5.754117484,3382210,850
5.756206664,3382820,610
5.756206664,3383654,834
5.758301812,3384280,626
5.758301812,3385098,818
5.760390592,3385740,642
5.760390592,3386542,802
5.762560594,3387200,658
5.762560594,3387986,786
5.764649374,3388660,674
5.764649374,3389430,770
5.766738154,3390120,690
5.766738154,3390874,754
5.768826934,3391580,706
5.768826934,3392318,738
5.770915714,3393040,722
5.770915714,3393762,722
5.773004494,3394500,738
5.773004494,3395206,706
5.775093274,3395960,754
5.775093274,3396650,690
5.777182454,3397420,770
5.777182454,3398094,674
5.779358824,3398880,786
5.779358824,3399538,658
5.781447604,3400340,802
5.781447604,3400982,642
5.783536384,3401800,818
5.783536384,3402426,626
5.785625164,3403260,834
5.785625164,3403870,610
5.787713944,3404720,850
5.787713944,3405314,594
5.789883946,3406180,866
5.789883946,3406758,578
5.791972726,3407640,882
5.791972726,3408202,562
5.794061506,3409100,898
5.794061506,3409646,546
5.796150686,3410560,914
5.796150686,3411090,530
5.798245834,3412020,930
5.798245834,3412534,514
5.800334614,3413480,946
5.800334614,3413978,498
5.802423394,3414940,962
5.802423394,3415422,482
5.804512174,3416400,978
5.804512174,3416866,466
5.806682176,3417860,994
5.806682176,3418310,450
5.808770956,3419320,1010
5.808770956,3419754,434
5.810859736,3420780,1026
5.810859736,3421198,418
5.812948516,3422240,1042
5.812948516,3422642,402
5.815037296,3423700,1058
5.815037296,3424086,386
5.817214067,3425160,1074
5.817214067,3425530,370
5.819302847,3426620,1090
5.819302847,3426974,354
5.821391627,3428080,1106
5.821391627,3428418,338
5.823480407,3429540,1122
5.823480407,3429862,322
5.825569187,3431000,1138
5.825569187,3431306,306
5.827657967,3432460,1154
5.827657967,3432750,290
5.829746747,3433920,1170
5.829746747,3434194,274
5.831835527,3435380,1186
5.831835527,3435638,258
5.834005529,3436840,1202
5.834005529,3437082,242
5.836094709,3438300,1218
5.836094709,3438526,226
5.838189857,3439760,1234
5.838189857,3439970,210
5.840278637,3441220,1250
5.840278637,3441414,194
5.842367417,3442680,1266
5.842367417,3442858,178
5.844537419,3444140,1282
5.844537419,3444302,162
5.846626199,3445600,1298
5.846626199,3445746,146
5.848714979,3447060,1314
5.848714979,3447190,130
5.850803759,3448520,1330
5.850803759,3448634,114
5.853053803,3449980,1346
5.853053803,3450078,98
5.855391740,3451440,1362
5.855391740,3451522,82
5.857648675,3452900,1378
5.857648675,3452966,66
5.859898639,3454360,1394
5.859898639,3454410,50
5.862147225,3455820,1410
5.862147225,3455854,34
5.864395811,3457280,1426
5.864395811,3457298,18
5.866644397,3458740,1442
5.866644397,3458742,2
5.868893063,3460194,1452
5.871143107,3460200,6
5.871143107,3461639,1439
5.873480644,3461660,21
5.873480644,3463084,1424
5.875730688,3463120,36
5.875730688,3464529,1409
5.877981132,3464580,51
5.877981132,3465974,1394
5.880238067,3466040,66
5.880238067,3467418,1378
5.882488111,3467500,82
5.882488111,3468862,1362
5.884825648,3468960,98
5.884825648,3470306,1346
5.887075692,3470420,114
5.887075692,3471750,1330
5.889325736,3471880,130
5.889325736,3473194,1314
5.891575780,3473340,146
5.891575780,3474638,1298
5.893825824,3474800,162
5.893825824,3476082,1282
5.896075868,3476260,178
5.896075868,3477526,1266
5.898325912,3477720,194
5.898325912,3478970,1250
5.900576356,3479180,210
5.900576356,3480414,1234
5.902833291,3480640,226
5.902833291,3481858,1218
5.905170828,3482100,242
5.905170828,3483302,1202
5.907420872,3483560,258
5.907420872,3484746,1186
5.909670916,3485020,274
5.909670916,3486190,1170
5.911920960,3486480,290
5.911920960,3487634,1154
5.914171004,3487940,306
5.914171004,3489078,1138
5.916508541,3489400,322
5.916508541,3490522,1122
5.918758585,3490860,338
5.918758585,3491966,1106
5.921009029,3492320,354
5.921009029,3493410,1090
5.923265964,3493780,370
5.923265964,3494854,1074
5.925516008,3495240,386
5.925516008,3496298,1058
5.927766052,3496700,402
5.927766052,3497742,1042
5.930016096,3498160,418
5.930016096,3499186,1026
5.932266140,3499620,434
5.932266140,3500630,1010
5.934603677,3501080,450
5.934603677,3502074,994
5.936853721,3502540,466
5.936853721,3503518,978
5.939103765,3504000,482
5.939103765,3504962,962
5.941353809,3505460,498
5.941353809,3506406,946
5.943604253,3506920,514
5.943604253,3507850,930
5.945948681,3508380,530
5.945948681,3509294,914
5.948198725,3509840,546
5.948198725,3510738,898
5.950448769,3511300,562
5.950448769,3512182,882
5.952826824,3512760,578
5.952826824,3513626,866
5.955204879,3514220,594
5.955204879,3515070,850
5.957675405,3515680,610
5.957675405,3516514,834
5.960053460,3517140,626
5.960053460,3517958,818
5.962431515,3518600,642
5.962431515,3519402,802
5.964809970,3520060,658
5.964809970,3520846,786
5.967195331,3521520,674
5.967195331,3522290,770
5.969573386,3522980,690
5.969573386,3523734,754
5.971951441,3524440,706
5.971951441,3525178,738
5.974329496,3525900,722
5.974329496,3526622,722
5.976800022,3527360,738
5.976800022,3528066,706
5.979178077,3528820,754
5.979178077,3529510,690
5.981556132,3530280,770
5.981556132,3530954,674
5.983934187,3531740,786
5.983934187,3532398,658
5.986312242,3533200,802
5.986312242,3533842,642
5.988790474,3534660,818
5.988790474,3535286,626
5.991168529,3536120,834
5.991168529,3536730,610
5.993546584,3537580,850
5.993546584,3538174,594
5.995924639,3539040,866
5.995924639,3539618,578
5.998302694,3540500,882
5.998302694,3541062,562
6.000680749,3541960,898
6.000680749,3542506,546
6.003058804,3543420,914
6.003058804,3543950,530
6.005436859,3544880,930
6.005436859,3545394,514
6.007907385,3546340,946
6.007907385,3546838,498
6.010285840,3547800,962
6.010285840,3548282,482
6.012671201,3549260,978
6.012671201,3549726,466
6.015049256,3550720,994
6.015049256,3551170,450
6.017427311,3552180,1010
6.017427311,3552614,434
6.019897837,3553640,1026
6.019897837,3554058,418
6.022275892,3555100,1042
6.022275892,3555502,402
6.024653947,3556560,1058
6.024653947,3556946,386
6.027032002,3558020,1074
6.027032002,3558390,370
6.029410057,3559480,1090
6.029410057,3559834,354
6.031788112,3560940,1106
6.031788112,3561278,338
6.034166567,3562400,1122
6.034166567,3562722,322
6.036551928,3563860,1138
6.036551928,3564166,306
6.039022454,3565320,1154
6.039022454,3565610,290
6.041400509,3566780,1170
6.041400509,3567054,274
6.043778564,3568240,1186
6.043778564,3568498,258
6.046156619,3569700,1202
6.046156619,3569942,242
6.048534674,3571160,1218
6.048534674,3571386,226
6.051005200,3572620,1234
6.051005200,3572830,210
6.053070917,3574080,1250
6.053070917,3574274,194
6.055137034,3575540,1266
6.055137034,3575718,178
6.057209045,3577000,1282
6.057209045,3577162,162
6.059274762,3578460,1298
6.059274762,3578606,146
6.061420805,3579920,1314
6.061420805,3580050,130
6.063486522,3581380,1330
6.063486522,3581494,114
6.065552239,3582840,1346
6.065552239,3582938,98
6.067617956,3584300,1362
6.067617956,3584382,82
6.069683673,3585760,1378
6.069683673,3585826,66
6.071749310,3587220,1394
6.071749310,3587270,50
6.073813688,3588680,1410
6.073813688,3588714,34
6.075878466,3590140,1426
6.075878466,3590158,18
6.078029464,3591600,1442
6.078029464,3591602,2
6.080093922,3593054,1452
6.082159639,3593060,6
6.082159639,3594499,1439
6.084225356,3594520,21
6.084225356,3595944,1424
6.086291073,3595980,36
6.086291073,3597389,1409
6.088437116,3597440,51
6.088437116,3598834,1394
6.090502833,3598900,66
6.090502833,3600278,1378
6.092568550,3600360,82
6.092568550,3601722,1362
6.094634667,3601820,98
6.094634667,3603166,1346
6.096706678,3603280,114
6.096706678,3604610,1330
6.098772395,3604740,130
6.098772395,3606054,1314
6.100838112,3606200,146
6.100838112,3607498,1298
6.102903829,3607660,162
6.102903829,3608942,1282
6.105049872,3609120,178
6.105049872,3610386,1266
6.107115589,3610580,194
6.107115589,3611830,1250
6.109181306,3612040,210
6.109181306,3613274,1234
6.111247023,3613500,226
6.111247023,3614718,1218
6.113312740,3614960,242
6.113312740,3616162,1202
6.115465476,3616420,258
6.115465476,3617606,1186
6.117531193,3617880,274
6.117531193,3619050,1170
6.119596910,3619340,290
6.119596910,3620494,1154
6.121662627,3620800,306
6.121662627,3621938,1138
6.123728344,3622260,322
6.123728344,3623382,1122
6.125794061,3623720,338
6.125794061,3624826,1106
6.127859778,3625180,354
6.127859778,3626270,1090
6.129925495,3626640,370
6.129925495,3627714,1074
6.132071538,3628100,386
6.132071538,3629158,1058
6.134137655,3629560,402
6.134137655,3630602,1042
6.136209666,3631020,418
6.136209666,3632046,1026
6.138275383,3632480,434
6.138275383,3633490,1010
6.140341100,3633940,450
6.140341100,3634934,994
6.142487143,3635400,466
6.142487143,3636378,978
6.144552860,3636860,482
6.144552860,3637822,962
6.146618577,3638320,498
6.146618577,3639266,946
6.148684294,3639780,514
6.148684294,3640710,930
6.150750011,3641240,530
6.150750011,3642154,914
6.153065807,3642700,546
6.153065807,3643598,898
6.155301361,3644160,562
6.155301361,3645042,882
6.157530093,3645620,578
6.157530093,3646486,866
6.159758825,3647080,594
6.159758825,3647930,850
6.161987557,3648540,610
6.161987557,3649374,834
6.164216289,3650000,626
6.164216289,3650818,818
6.166445021,3651460,642
6.166445021,3652262,802
6.168673753,3652920,658
6.168673753,3653706,786
6.170989149,3654380,674
6.170989149,3655150,770
6.173217881,3655840,690
6.173217881,3656594,754
6.175447013,3657300,706
6.175447013,3658038,738
6.177682567,3658760,722
6.177682567,3659482,722
6.179911299,3660220,738
6.179911299,3660926,706
6.182226695,3661680,754
6.182226695,3662370,690
6.184455427,3663140,770
6.184455427,3663814,674
6.186684159,3664600,786
6.186684159,3665258,658
6.188912891,3666060,802
6.188912891,3666702,642
6.191141623,3667520,818
6.191141623,3668146,626
6.193370355,3668980,834
6.193370355,3669590,610
6.195599087,3670440,850
6.195599087,3671034,594
6.197828219,3671900,866
6.197828219,3672478,578
6.200150437,3673360,882
6.200150437,3673922,562
6.202379169,3674820,898
6.202379169,3675366,546
6.204607901,3676280,914
6.204607901,3676810,530
6.206836633,3677740,930
6.206836633,3678254,514
6.209065365,3679200,946
6.209065365,3679698,498
6.211380761,3680660,962
6.211380761,3681142,482
6.213609493,3682120,978
6.213609493,3682586,466
6.215838225,3683580,994
6.215838225,3684030,450
6.218067357,3685040,1010
6.218067357,3685474,434
6.220302911,3686500,1026
6.220302911,3686918,418
6.222618307,3687960,1042
6.222618307,3688362,402
6.224847039,3689420,1058
6.224847039,3689806,386
6.227075771,3690880,1074
6.227075771,3691250,370
6.229304503,3692340,1090
6.229304503,3692694,354
6.231533235,3693800,1106
6.231533235,3694138,338
6.233761967,3695260,1122
6.233761967,3695582,322
6.235990699,3696720,1138
6.235990699,3697026,306
6.238219431,3698180,1154
6.238219431,3698470,290
6.240542049,3699640,1170
6.240542049,3699914,274
6.242770781,3701100,1186
6.242770781,3701358,258
6.244999513,3702560,1202
6.244999513,3702802,242
6.247228245,3704020,1218
6.247228245,3704246,226
6.249456977,3705480,1234
6.249456977,3705690,210
6.251772373,3706940,1250
6.251772373,3707134,194
6.253845649,3708400,1266
6.253845649,3708578,178
6.255918925,3709860,1282
6.255918925,3710022,162
6.257992201,3711320,1298
6.257992201,3711466,146
6.260065877,3712780,1314
6.260065877,3712910,130
6.262145471,3714240,1330
6.262145471,3714354,114
6.264218747,3715700,1346
6.264218747,3715798,98
6.266292023,3717160,1362
6.266292023,3717242,82
6.268445918,3718620,1378
6.268445918,3718686,66
6.270519114,3720080,1394
6.270519114,3720130,50
6.272591046,3721540,1410
6.272591046,3721574,34
6.274662978,3723000,1426
6.274662978,3723018,18
6.276734910,3724460,1442
6.276734910,3724462,2
6.278887941,3725914,1452
6.280967535,3725920,6
6.280967535,3727359,1439
6.283040811,3727380,21
6.283040811,3728804,1424
6.285114087,3728840,36
6.285114087,3730249,1409
6.287187363,3730300,51
6.287187363,3731694,1394
6.289260639,3731760,66
6.289260639,3733138,1378
6.291333915,3733220,82
6.291333915,3734582,1362
6.293407191,3734680,98
6.293407191,3736026,1346
6.295561086,3736140,114
6.295561086,3737470,1330
6.297634362,3737600,130
6.297634362,3738914,1314
6.299708038,3739060,146
6.299708038,3740358,1298
6.301787632,3740520,162
6.301787632,3741802,1282
6.303860908,3741980,178
6.303860908,3743246,1266
6.306014803,3743440,194
6.306014803,3744690,1250
6.308088079,3744900,210
6.308088079,3746134,1234
6.310161355,3746360,226
6.310161355,3747578,1218
6.312234631,3747820,242
6.312234631,3749022,1202
6.314307907,3749280,258
6.314307907,3750466,1186
6.316461802,3750740,274
6.316461802,3751910,1170
6.318535478,3752200,290
6.318535478,3753354,1154
6.320615072,3753660,306
6.320615072,3754798,1138
6.322688348,3755120,322
6.322688348,3756242,1122
6.324761624,3756580,338
6.324761624,3757686,1106
6.326834900,3758040,354
6.326834900,3759130,1090
6.328908176,3759500,370
6.328908176,3760574,1074
6.330981452,3760960,386
6.330981452,3762018,1058
6.333135347,3762420,402
6.333135347,3763462,1042
6.335208623,3763880,418
6.335208623,3764906,1026
6.337281899,3765340,434
6.337281899,3766350,1010
6.339355575,3766800,450
6.339355575,3767794,994
6.341435169,3768260,466
6.341435169,3769238,978
6.343589064,3769720,482
6.343589064,3770682,962
6.345662340,3771180,498
6.345662340,3772126,946
6.347735616,3772640,514
6.347735616,3773570,930
6.349808892,3774100,530
6.349808892,3775014,914
6.351882168,3775560,546
6.351882168,3776458,898
6.353964685,3777020,562
6.353964685,3777902,882
6.356047202,3778480,578
6.356047202,3779346,866
6.358129719,3779940,594
6.358129719,3780790,850
6.360212636,3781400,610
6.360212636,3782234,834
6.362382481,3782860,626
6.362382481,3783678,818
6.364464998,3784320,642
6.364464998,3785122,802
6.366547515,3785780,658
6.366547515,3786566,786
6.368630032,3787240,674
6.368630032,3788010,770
6.370712549,3788700,690
6.370712549,3789454,754
6.372876045,3790160,706
6.372876045,3790898,738
6.374958562,3791620,722
6.374958562,3792342,722
6.377041079,3793080,738
6.377041079,3793786,706
6.379123996,3794540,754
6.379123996,3795230,690
6.381212862,3796000,770
6.381212862,3796674,674
6.383295379,3797460,786
6.383295379,3798118,658
6.385377896,3798920,802
6.385377896,3799562,642
6.387460413,3800380,818
6.387460413,3801006,626
6.389623909,3801840,834
6.389623909,3802450,610
6.391706426,3803300,850
6.391706426,3803894,594
6.393788943,3804760,866
6.393788943,3805338,578
6.395871460,3806220,882
6.395871460,3806782,562
6.397953977,3807680,898
6.397953977,3808226,546
6.400124221,3809140,914
6.400124221,3809670,530
6.402206738,3810600,930
6.402206738,3811114,514
6.404289255,3812060,946
6.404289255,3812558,498
6.406371772,3813520,962
6.406371772,3814002,482
6.408454289,3814980,978
6.408454289,3815446,466
6.410617785,3816440,994
6.410617785,3816890,450
6.412700302,3817900,1010
6.412700302,3818334,434
6.414782819,3819360,1026
6.414782819,3819778,418
6.416865336,3820820,1042
6.416865336,3821222,402
6.418948253,3822280,1058
6.418948253,3822666,386
6.421037119,3823740,1074
6.421037119,3824110,370
6.423119636,3825200,1090
6.423119636,3825554,354
6.425202153,3826660,1106
6.425202153,3826998,338
6.427365649,3828120,1122
6.427365649,3828442,322
6.429448166,3829580,1138
6.429448166,3829886,306
6.431530683,3831040,1154
6.431530683,3831330,290
6.433613200,3832500,1170
6.433613200,3832774,274
6.435695717,3833960,1186
6.435695717,3834218,258
6.437859613,3835420,1202
6.437859613,3835662,242
6.439948479,3836880,1218
6.439948479,3837106,226
6.442030996,3838340,1234
6.442030996,3838550,210
6.444113513,3839800,1250
6.444113513,3839994,194
6.446196030,3841260,1266
6.446196030,3841438,178
6.448278547,3842720,1282
6.448278547,3842882,162
6.450361064,3844180,1298
6.450361064,3844326,146
6.452668263,3845640,1314
6.452668263,3845770,130
6.455065178,3847100,1330
6.455065178,3847214,114
6.457372377,3848560,1346
6.457372377,3848658,98
6.459679976,3850020,1362
6.459679976,3850102,82
6.461994251,3851480,1378
6.461994251,3851546,66
6.464301370,3852940,1394
6.464301370,3852990,50
6.466696789,3854400,1410
6.466696789,3854434,34
6.469002492,3855860,1426
6.469002492,3855878,18
6.471308195,3857320,1442
6.471308195,3857322,2
6.473613978,3858774,1452
6.475921177,3858780,6
6.475921177,3860219,1439
6.478228376,3860240,21
6.478228376,3861664,1424
6.480535575,3861700,36
6.480535575,3863109,1409
6.482843174,3863160,51
6.482843174,3864554,1394
6.485247165,3864620,66
6.485247165,3865998,1378
6.487554364,3866080,82
6.487554364,3867442,1362
6.489861563,3867540,98
6.489861563,3868886,1346
6.492168762,3869000,114
6.492168762,3870330,1330
6.494475961,3870460,130
6.494475961,3871774,1314
6.496872876,3871920,146
6.496872876,3873218,1298
6.499180075,3873380,162
6.499180075,3874662,1282
6.501487274,3874840,178
6.501487274,3876106,1266
6.503794873,3876300,194
6.503794873,3877550,1250
6.506109148,3877760,210
6.506109148,3878994,1234
6.508506063,3879220,226
6.508506063,3880438,1218
6.510813262,3880680,242
6.510813262,3881882,1202
6.513120461,3882140,258
6.513120461,3883326,1186
6.515427660,3883600,274
6.515427660,3884770,1170
6.517734859,3885060,290
6.517734859,3886214,1154
6.520042058,3886520,306
6.520042058,3887658,1138
6.522349257,3887980,322
6.522349257,3889102,1122
6.524656456,3889440,338
6.524656456,3890546,1106
6.527060847,3890900,354
6.527060847,3891990,1090
6.529368046,3892360,370
6.529368046,3893434,1074
6.531675245,3893820,386
6.531675245,3894878,1058
6.533982444,3895280,402
6.533982444,3896322,1042
6.536289643,3896740,418
6.536289643,3897766,1026
6.538686558,3898200,434
6.538686558,3899210,1010
6.540993757,3899660,450
6.540993757,3900654,994
6.543300956,3901120,466
6.543300956,3902098,978
6.545608155,3902580,482
6.545608155,3903542,962
6.547915754,3904040,498
6.547915754,3904986,946
6.550230029,3905500,514
6.550230029,3906430,930
6.552648038,3906960,530
6.552648038,3907874,914
6.555066047,3908420,546
6.555066047,3909318,898
6.557578081,3909880,562
6.557578081,3910762,882
6.559996090,3911340,578
6.559996090,3912206,866
6.562414099,3912800,594
6.562414099,3913650,850
6.564832108,3914260,610
6.564832108,3915094,834
6.567250117,3915720,626
6.567250117,3916538,818
6.569762551,3917180,642
6.569762551,3917982,802
6.572187995,3918640,658
6.572187995,3919426,786
6.574606004,3920100,674
6.574606004,3920870,770
6.577024013,3921560,690
6.577024013,3922314,754
6.579442022,3923020,706
6.579442022,3923758,738
6.581954056,3924480,722
6.581954056,3925202,722
6.584372065,3925940,738
6.584372065,3926646,706
6.586790074,3927400,754
6.586790074,3928090,690
6.589208083,3928860,770
6.589208083,3929534,674
6.591626092,3930320,786
6.591626092,3930978,658
6.594044501,3931780,802
6.594044501,3932422,642
6.596469945,3933240,818
6.596469945,3933866,626
6.598887954,3934700,834
6.598887954,3935310,610
6.601399988,3936160,850
6.601399988,3936754,594
6.603817997,3937620,866
6.603817997,3938198,578
6.606236006,3939080,882
6.606236006,3939642,562
6.608654015,3940540,898
6.608654015,3941086,546
6.611072024,3942000,914
6.611072024,3942530,530
6.613584058,3943460,930
6.613584058,3943974,514
6.616002467,3944920,946
6.616002467,3945418,498
6.618427911,3946380,962
6.618427911,3946862,482
6.620845920,3947840,978
6.620845920,3948306,466
6.623263929,3949300,994
6.623263929,3949750,450
6.625681938,3950760,1010
6.625681938,3951194,434
6.628099947,3952220,1026
6.628099947,3952638,418
6.630517956,3953680,1042
6.630517956,3954082,402
6.633029990,3955140,1058
6.633029990,3955526,386
6.635447999,3956600,1074
6.635447999,3956970,370
6.637866008,3958060,1090
6.637866008,3958414,354
6.640284417,3959520,1106
6.640284417,3959858,338
6.642709861,3960980,1122
6.642709861,3961302,322
6.645221895,3962440,1138
6.645221895,3962746,306
6.647639904,3963900,1154
6.647639904,3964190,290
6.650057913,3965360,1170
6.650057913,3965634,274
6.652475922,3966820,1186
6.652475922,3967078,258
6.654589899,3968280,1202
6.654589899,3968522,242
6.656703876,3969740,1218
6.656703876,3969966,226
6.658817853,3971200,1234
6.658817853,3971410,210
6.660931830,3972660,1250
6.660931830,3972854,194
6.663134859,3974120,1266
6.663134859,3974298,178
6.665248836,3975580,1282
6.665248836,3975742,162
6.667362813,3977040,1298
6.667362813,3977186,146
6.669476790,3978500,1314
6.669476790,3978630,130
6.671590767,3979960,1330
6.671590767,3980074,114
6.673786946,3981420,1346
6.673786946,3981518,98
6.675900923,3982880,1362
6.675900923,3982962,82
6.678014900,3984340,1378
6.678014900,3984406,66
6.680128797,3985800,1394
6.680128797,3985850,50
6.682241804,3987260,1410
6.682241804,3987294,34
6.684443063,3988720,1426
6.684443063,3988738,18
6.686555670,3990180,1442
6.686555670,3990182,2
6.688668357,3991634,1452
6.690782334,3991640,6
6.690782334,3993079,1439
6.692896311,3993100,21
6.692896311,3994524,1424
6.695010288,3994560,36
6.695010288,3995969,1409
6.697124265,3996020,51
6.697124265,3997414,1394
6.699238242,3997480,66
6.699238242,3998858,1378
6.701434821,3998940,82
6.701434821,4000302,1362
6.703555249,4000400,98
6.703555249,4001746,1346
6.705669226,4001860,114
6.705669226,4003190,1330
6.707783203,4003320,130
6.707783203,4004634,1314
6.709897180,4004780,146
6.709897180,4006078,1298
6.712093359,4006240,162
6.712093359,4007522,1282
6.714207336,4007700,178
6.714207336,4008966,1266
6.716321313,4009160,194
6.716321313,4010410,1250
6.718435290,4010620,210
6.718435290,4011854,1234
6.720549267,4012080,226
6.720549267,4013298,1218
6.722663644,4013540,242
6.722663644,4014742,1202
6.724784072,4015000,258
6.724784072,4016186,1186
6.726898049,4016460,274
6.726898049,4017630,1170
6.729094228,4017920,290
6.729094228,4019074,1154
6.731208205,4019380,306
6.731208205,4020518,1138
6.733322182,4020840,322
6.733322182,4021962,1122
6.735436159,4022300,338
6.735436159,4023406,1106
6.737550136,4023760,354
6.737550136,4024850,1090
6.739746315,4025220,370
6.739746315,4026294,1074
6.741860692,4026680,386
6.741860692,4027738,1058
6.743981120,4028140,402
6.743981120,4029182,1042
6.746095097,4029600,418
6.746095097,4030626,1026
6.748209074,4031060,434
6.748209074,4032070,1010
6.750323051,4032520,450
6.750323051,4033514,994
6.752650857,4033980,466
6.752650857,4034958,978
6.754978663,4035440,482
6.754978663,4036402,962
6.757396986,4036900,498
6.757396986,4037846,946
6.759724792,4038360,514
6.759724792,4039290,930
6.762052598,4039820,530
6.762052598,4040734,914
6.764380804,4041280,546
6.764380804,4042178,898
6.766715753,4042740,562
6.766715753,4043622,882
6.769134076,4044200,578
6.769134076,4045066,866
6.771461882,4045660,594
6.771461882,4046510,850
6.773789688,4047120,610
6.773789688,4047954,834
6.776117494,4048580,626
6.776117494,4049398,818
6.778445300,4050040,642
6.778445300,4050842,802
6.780863623,4051500,658
6.780863623,4052286,786
6.783191429,4052960,674
6.783191429,4053730,770
6.785519635,4054420,690
6.785519635,4055174,754
6.787854584,4055880,706
6.787854584,4056618,738
6.790182390,4057340,722
6.790182390,4058062,722
6.792510196,4058800,738
6.792510196,4059506,706
6.794838002,4060260,754
6.794838002,4060950,690
6.797165808,4061720,770
6.797165808,4062394,674
6.799584131,4063180,786
6.799584131,4063838,658
6.801911937,4064640,802
6.801911937,4065282,642
6.804239743,4066100,818
6.804239743,4066726,626
6.806567549,4067560,834
6.806567549,4068170,610
6.808895755,4069020,850
6.808895755,4069614,594
6.811321221,4070480,866
6.811321221,4071058,578
6.813649027,4071940,882
6.813649027,4072502,562
6.815976833,4073400,898
6.815976833,4073946,546
6.818304639,4074860,914
6.818304639,4075390,530
6.820632445,4076320,930
6.820632445,4076834,514
6.822960251,4077780,946
6.822960251,4078278,498
6.825288057,4079240,962
6.825288057,4079722,482
6.827615863,4080700,978
6.827615863,4081166,466
6.830034586,4082160,994
6.830034586,4082610,450
6.832369535,4083620,1010
6.832369535,4084054,434
6.834697341,4085080,1026
6.834697341,4085498,418
6.837025147,4086540,1042
6.837025147,4086942,402
6.839352953,4088000,1058
6.839352953,4088386,386
6.841771276,4089460,1074
6.841771276,4089830,370
6.844099082,4090920,1090
6.844099082,4091274,354
6.846426888,4092380,1106
6.846426888,4092718,338
6.848754694,4093840,1122
6.848754694,4094162,322
6.851082500,4095300,1138
6.851082500,4095606,306
6.853367755,4096760,1154
6.853367755,4097050,290
6.855659614,4098220,1170
6.855659614,4098494,274
6.857944469,4099680,1186
6.857944469,4099938,258
6.860229324,4101140,1202
6.860229324,4101382,242
6.862603026,4102600,1218
6.862603026,4102826,226
6.864887881,4104060,1234
6.864887881,4104270,210
6.867172736,4105520,1250
6.867172736,4105714,194
6.869457591,4106980,1266
6.869457591,4107158,178
6.871742446,4108440,1282
6.871742446,4108602,162
6.874116548,4109900,1298
6.874116548,4110046,146
6.876408407,4111360,1314
6.876408407,4111490,130
6.878693262,4112820,1330
6.878693262,4112934,114
6.880978117,4114280,1346
6.880978117,4114378,98
6.883262972,4115740,1362
6.883262972,4115822,82
6.885636674,4117200,1378
6.885636674,4117266,66
6.887921449,4118660,1394
6.887921449,4118710,50
6.890204823,4120120,1410
6.890204823,4120154,34
6.892488197,4121580,1426
6.892488197,4121598,18
6.894771571,4123040,1442
6.894771571,4123042,2
6.897055425,4124494,1452
6.899347284,4124500,6
6.899347284,4125939,1439
6.901632139,4125960,21
6.901632139,4127384,1424
6.904005841,4127420,36
6.904005841,4128829,1409
6.906290696,4128880,51
6.906290696,4130274,1394
6.908575551,4130340,66
6.908575551,4131718,1378
6.910860406,4131800,82
6.910860406,4133162,1362
6.913145261,4133260,98
6.913145261,4134606,1346
6.915518963,4134720,114
6.915518963,4136050,1330
6.917804218,4136180,130
6.917804218,4137494,1314
6.920096077,4137640,146
6.920096077,4138938,1298
6.922380932,4139100,162
6.922380932,4140382,1282
6.924665787,4140560,178
6.924665787,4141826,1266
6.926950642,4142020,194
6.926950642,4143270,1250
6.929235497,4143480,210
6.929235497,4144714,1234
6.931520352,4144940,226
6.931520352,4146158,1218
6.933894054,4146400,242
6.933894054,4147602,1202
6.936178909,4147860,258
6.936178909,4149046,1186
6.938463764,4149320,274
6.938463764,4150490,1170
6.940749019,4150780,290
6.940749019,4151934,1154
6.943040878,4152240,306
6.943040878,4153378,1138
6.945414580,4153700,322
6.945414580,4154822,1122
6.947699435,4155160,338
6.947699435,4156266,1106
6.949984290,4156620,354
6.949984290,4157710,1090
6.952269145,4158080,370
6.952269145,4159154,1074
6.954448924,4159540,386
6.954448924,4160598,1058
6.956628703,4161000,402
6.956628703,4162042,1042
6.958808482,4162460,418
6.958808482,4163486,1026
6.960988261,4163920,434
6.960988261,4164930,1010
6.963259864,4165380,450
6.963259864,4166374,994
6.965439643,4166840,466
6.965439643,4167818,978
6.967619422,4168300,482
6.967619422,4169262,962
6.969799201,4169760,498
6.969799201,4170706,946
6.971978980,4171220,514
6.971978980,4172150,930
6.974243520,4172680,530
6.974243520,4173594,914
6.976423299,4174140,546
6.976423299,4175038,898
6.978603078,4175600,562
6.978603078,4176482,882
6.980782857,4177060,578
6.980782857,4177926,866
6.982963036,4178520,594
6.982963036,4179370,850
6.985234239,4179980,610
6.985234239,4180814,834
6.987414018,4181440,626
6.987414018,4182258,818
6.989593797,4182900,642
6.989593797,4183702,802
6.991773576,4184360,658
6.991773576,4185146,786
6.993953355,4185820,674
6.993953355,4186590,770
6.996133134,4187280,690
6.996133134,4188034,754
6.998312913,4188740,706
6.998312913,4189478,738
7.000492692,4190200,722
7.000492692,4190922,722
7.002757632,4191660,738
7.002757632,4192366,706
7.004944074,4193120,754
7.004944074,4193810,690
7.007123853,4194580,770
7.007123853,4195254,674
7.009303632,4196040,786
7.009303632,4196698,658
7.011483411,4197500,802
7.011483411,4198142,642
7.013747951,4198960,818
7.013747951,4199586,626
7.015927730,4200420,834
7.015927730,4201030,610
7.018107509,4201880,850
7.018107509,4202474,594
7.020287288,4203340,866
7.020287288,4203918,578
7.022467067,4204800,882
7.022467067,4205362,562
7.024647246,4206260,898
7.024647246,4206806,546
7.026833688,4207720,914
7.026833688,4208250,530
7.029013467,4209180,930
7.029013467,4209694,514
7.031278007,4210640,946
7.031278007,4211138,498
7.033457786,4212100,962
7.033457786,4212582,482
7.035637565,4213560,978
7.035637565,4214026,466
7.037817344,4215020,994
7.037817344,4215470,450
7.039997123,4216480,1010
7.039997123,4216914,434
7.042176902,4217940,1026
7.042176902,4218358,418
7.044441842,4219400,1042
7.044441842,4219802,402
7.046628284,4220860,1058
7.046628284,4221246,386
7.048808063,4222320,1074
7.048808063,4222690,370
7.050987842,4223780,1090
7.050987842,4224134,354
7.053209781,4225240,1106
7.053209781,4225578,338
7.055518120,4226700,1122
7.055518120,4227022,322
7.057740059,4228160,1138
7.057740059,4228466,306
7.059961998,4229620,1154
7.059961998,4229910,290
7.062183937,4231080,1170
7.062183937,4231354,274
7.064405876,4232540,1186
7.064405876,4232798,258
7.066628215,4234000,1202
7.066628215,4234242,242
7.068856954,4235460,1218
7.068856954,4235686,226
7.071165293,4236920,1234
7.071165293,4237130,210
7.073387232,4238380,1250
7.073387232,4238574,194
7.075609171,4239840,1266
7.075609171,4240018,178
7.077831110,4241300,1282
7.077831110,4241462,162
7.080053049,4242760,1298
7.080053049,4242906,146
7.082274988,4244220,1314
7.082274988,4244350,130
7.084583327,4245680,1330
7.084583327,4245794,114
7.086805666,4247140,1346
7.086805666,4247238,98
7.089034405,4248600,1362
7.089034405,4248682,82
7.091256344,4250060,1378
7.091256344,4250126,66
7.093478203,4251520,1394
7.093478203,4251570,50
7.095698702,4252980,1410
7.095698702,4253014,34
7.097919201,4254440,1426
7.097919201,4254458,18
7.100226100,4255900,1442
7.100226100,4255902,2
7.102446679,4257354,1452
7.104668618,4257360,6
7.104668618,4258799,1439
7.106890557,4258820,21
7.106890557,4260244,1424
7.109112896,4260280,36
7.109112896,4261689,1409
7.111341635,4261740,51
7.111341635,4263134,1394
7.113649974,4263200,66
7.113649974,4264578,1378
7.115871913,4264660,82
7.115871913,4266022,1362
7.118093852,4266120,98
7.118093852,4267466,1346
7.120315791,4267580,114
7.120315791,4268910,1330
7.122537730,4269040,130
7.122537730,4270354,1314
7.124759669,4270500,146
7.124759669,4271798,1298
7.126981608,4271960,162
7.126981608,4273242,1282
7.129290347,4273420,178
7.129290347,4274686,1266
7.131519086,4274880,194
7.131519086,4276130,1250
7.133741025,4276340,210
7.133741025,4277574,1234
7.135962964,4277800,226
7.135962964,4279018,1218
7.138184903,4279260,242
7.138184903,4280462,1202
7.140406842,4280720,258
7.140406842,4281906,1186
7.142715181,4282180,274
7.142715181,4283350,1170
7.144937120,4283640,290
7.144937120,4284794,1154
7.147159059,4285100,306
7.147159059,4286238,1138
7.149380998,4286560,322
7.149380998,4287682,1122
7.151603337,4288020,338
7.151603337,4289126,1106
7.153897021,4289480,354
7.153897021,4290570,1090
7.156098372,4290940,370
7.156098372,4292014,1074
7.158299723,4292400,386
7.158299723,4293458,1058
7.160501074,4293860,402
7.160501074,4294902,1042
7.162702425,4295320,418
7.162702425,4296346,1026
7.164903776,4296780,434
7.164903776,4297790,1010
7.167105127,4298240,450
7.167105127,4299234,994
7.169392078,4299700,466
7.169392078,4300678,978
7.171593829,4301160,482
7.171593829,4302122,962
7.173801913,4302620,498
7.173801913,4303566,946
7.176003264,4304080,514
7.176003264,4305010,930
7.178204615,4305540,530
7.178204615,4306454,914
7.180405966,4307000,546
7.180405966,4307898,898
7.182692917,4308460,562
7.182692917,4309342,882
7.184894268,4309920,578
7.184894268,4310786,866
7.187095619,4311380,594
7.187095619,4312230,850
7.189296970,4312840,610
7.189296970,4313674,834
7.191498321,4314300,626
7.191498321,4315118,818
7.193700072,4315760,642
7.193700072,4316562,802
7.195908156,4317220,658
7.195908156,4318006,786
7.198195107,4318680,674
7.198195107,4319450,770
7.200396458,4320140,690
7.200396458,4320894,754
7.202597809,4321600,706
7.202597809,4322338,738
7.204799160,4323060,722
7.204799160,4323782,722
7.207000511,4324520,738
7.207000511,4325226,706
7.209201862,4325980,754
7.209201862,4326670,690
7.211488813,4327440,770
7.211488813,4328114,674
7.213690564,4328900,786
7.213690564,4329558,658
7.215898648,4330360,802
7.215898648,4331002,642
7.218099999,4331820,818
7.218099999,4332446,626
7.220301350,4333280,834
7.220301350,4333890,610
7.222502701,4334740,850
7.222502701,4335334,594
7.224704052,4336200,866
7.224704052,4336778,578
7.226991003,4337660,882
7.226991003,4338222,562
7.229192354,4339120,898
7.229192354,4339666,546
7.231393705,4340580,914
7.231393705,4341110,530
7.233595056,4342040,930
7.233595056,4342554,514
7.235796807,4343500,946
7.235796807,4343998,498
7.238090491,4344960,962
7.238090491,4345442,482
7.240291842,4346420,978
7.240291842,4346886,466
7.242493193,4347880,994
7.242493193,4348330,450
7.244694544,4349340,1010
7.244694544,4349774,434
7.246895895,4350800,1026
7.246895895,4351218,418
7.249097246,4352260,1042
7.249097246,4352662,402
7.251384197,4353720,1058
7.251384197,4354106,386
7.253777632,4355180,1074
7.253777632,4355550,370
7.256171467,4356640,1090
7.256171467,4356994,354
7.258572258,4358100,1106
7.258572258,4358438,338
7.260965693,4359560,1122
7.260965693,4359882,322
7.263359128,4361020,1138
7.263359128,4361326,306
7.265752563,4362480,1154
7.265752563,4362770,290
7.268239067,4363940,1170
7.268239067,4364214,274
7.270632502,4365400,1186
7.270632502,4365658,258
7.273025937,4366860,1202
7.273025937,4367102,242
7.275419372,4368320,1218
7.275419372,4368546,226
7.277812807,4369780,1234
7.277812807,4369990,210
7.280206642,4371240,1250
7.280206642,4371434,194
7.282700502,4372700,1266
7.282700502,4372878,178
7.285093937,4374160,1282
7.285093937,4374322,162
7.287487372,4375620,1298
7.287487372,4375766,146
7.289880807,4377080,1314
7.289880807,4377210,130
7.292274242,4378540,1330
7.292274242,4378654,114
7.294667677,4380000,1346
7.294667677,4380098,98
7.297061112,4381460,1362
7.297061112,4381542,82
7.299547616,4382920,1378
7.299547616,4382986,66
7.301941371,4384380,1394
7.301941371,4384430,50
7.304340611,4385840,1410
7.304340611,4385874,34
7.306732495,4387300,1426
7.306732495,4387318,18
7.309124379,4388760,1442
7.309124379,4388762,2
7.311516343,4390214,1452
7.314002847,4390220,6
7.314002847,4391659,1439
7.316396282,4391680,21
7.316396282,4393104,1424
7.318789717,4393140,36
7.318789717,4394549,1409
7.321183152,4394600,51
7.321183152,4395994,1394
7.323576587,4396060,66
7.323576587,4397438,1378
7.325970422,4397520,82
7.325970422,4398882,1362
7.328371213,4398980,98
7.328371213,4400326,1346
7.330857717,4400440,114
7.330857717,4401770,1330
7.333251152,4401900,130
7.333251152,4403214,1314
7.335644587,4403360,146
7.335644587,4404658,1298
7.338038022,4404820,162
7.338038022,4406102,1282
7.340431457,4406280,178
7.340431457,4407546,1266
7.342917961,4407740,194
7.342917961,4408990,1250
7.345311396,4409200,210
7.345311396,4410434,1234
7.347705231,4410660,226
7.347705231,4411878,1218
7.350106022,4412120,242
7.350106022,4413322,1202
7.352420710,4413580,258
7.352420710,4414766,1186
7.354733248,4415040,274
7.354733248,4416210,1170
7.357045786,4416500,290
7.357045786,4417654,1154
7.359448247,4417960,306
7.359448247,4419098,1138
7.361760785,4419420,322
7.361760785,4420542,1122
7.364073323,4420880,338
7.364073323,4421986,1106
7.366385861,4422340,354
7.366385861,4423430,1090
7.368698399,4423800,370
7.368698399,4424874,1074
7.371011337,4425260,386
7.371011337,4426318,1058
7.373330969,4426720,402
7.373330969,4427762,1042
7.375733430,4428180,418
7.375733430,4429206,1026
7.378045968,4429640,434
7.378045968,4430650,1010
7.380358506,4431100,450
7.380358506,4432094,994
7.382671044,4432560,466
7.382671044,4433538,978
7.384983582,4434020,482
7.384983582,4434982,962
7.387296120,4435480,498
7.387296120,4436426,946
7.389698581,4436940,514
7.389698581,4437870,930
7.392011519,4438400,530
7.392011519,4439314,914
7.394331151,4439860,546
7.394331151,4440758,898
7.396643689,4441320,562
7.396643689,4442202,882
7.398956227,4442780,578
7.398956227,4443646,866
7.401268765,4444240,594
7.401268765,4445090,850
7.403581303,4445700,610
7.403581303,4446534,834
7.405983764,4447160,626
7.405983764,4447978,818
7.408296302,4448620,642
7.408296302,4449422,802
7.410608840,4450080,658
7.410608840,4450866,786
7.412921378,4451540,674
7.412921378,4452310,770
7.415234316,4453000,690
7.415234316,4453754,754
7.417553948,4454460,706
7.417553948,4455198,738
7.419956409,4455920,722
7.419956409,4456642,722
7.422268947,4457380,738
7.422268947,4458086,706
7.424581485,4458840,754
7.424581485,4459530,690
7.426894023,4460300,770
7.426894023,4460974,674
7.429206561,4461760,786
7.429206561,4462418,658
7.431609022,4463220,802
7.431609022,4463862,642
7.433921560,4464680,818
7.433921560,4465306,626
7.436234498,4466140,834
7.436234498,4466750,610
7.438554130,4467600,850
7.438554130,4468194,594
7.440866668,4469060,866
7.440866668,4469638,578
7.443179206,4470520,882
7.443179206,4471082,562
7.445491744,4471980,898
7.445491744,4472526,546
7.447894205,4473440,914
7.447894205,4473970,530
7.450206743,4474900,930
7.450206743,4475414,514
7.452652266,4476360,946
7.452652266,4476858,498
7.455097789,4477820,962
7.455097789,4478302,482
7.457543312,4479280,978
7.457543312,4479746,466
7.459989235,4480740,994
7.459989235,4481190,450
7.462537377,4482200,1010
7.462537377,4482634,434
7.464982900,4483660,1026
7.464982900,4484078,418
7.467428423,4485120,1042
7.467428423,4485522,402
7.469873946,4486580,1058
7.469873946,4486966,386
7.472319469,4488040,1074
7.472319469,4488410,370
7.474764992,4489500,1090
7.474764992,4489854,354
7.477210515,4490960,1106
7.477210515,4491298,338
7.479751132,4492420,1122
7.479751132,4492742,322
7.482197055,4493880,1138
7.482197055,4494186,306
7.484650103,4495340,1154
7.484650103,4495630,290
7.487095626,4496800,1170
7.487095626,4497074,274
7.489541149,4498260,1186
7.489541149,4498518,258
7.491986672,4499720,1202
7.491986672,4499962,242
7.494527289,4501180,1218
7.494527289,4501406,226
7.496972812,4502640,1234
7.496972812,4502850,210
7.499418335,4504100,1250
7.499418335,4504294,194
7.501863858,4505560,1266
7.501863858,4505738,178
7.504309381,4507020,1282
7.504309381,4507182,162
7.506755304,4508480,1298
7.506755304,4508626,146
7.509208352,4509940,1314
7.509208352,4510070,130
7.511748969,4511400,1330
7.511748969,4511514,114
7.514194492,4512860,1346
7.514194492,4512958,98
7.516640015,4514320,1362
7.516640015,4514402,82
7.519085538,4515780,1378
7.519085538,4515846,66
7.521530981,4517240,1394
7.521530981,4517290,50
7.523974919,4518700,1410
7.523974919,4518734,34
7.526513951,4520160,1426
7.526513951,4520178,18
7.528958289,4521620,1442
7.528958289,4521622,2
7.531409832,4523074,1452
7.533855355,4523080,6
7.533855355,4524519,1439
7.536300878,4524540,21
7.536300878,4525964,1424
7.538841495,4526000,36
7.538841495,4527409,1409
7.541287018,4527460,51
7.541287018,4528854,1394
7.543732541,4528920,66
7.543732541,4530298,1378
7.546178064,4530380,82
7.546178064,4531742,1362
7.548623587,4531840,98
7.548623587,4533186,1346
7.551069110,4533300,114
7.551069110,4534630,1330
7.553457744,4534760,130
7.553457744,4536074,1314
7.555946184,4536220,146
7.555946184,4537518,1298
7.558334418,4537680,162
7.558334418,4538962,1282
7.560722652,4539140,178
7.560722652,4540406,1266
7.563110886,4540600,194
7.563110886,4541850,1250
7.565499120,4542060,210
7.565499120,4543294,1234
7.567887354,4543520,226
7.567887354,4544738,1218
7.570368455,4544980,242
7.570368455,4546182,1202
7.572756689,4546440,258
7.572756689,4547626,1186
7.575145323,4547900,274
7.575145323,4549070,1170
7.577540896,4549360,290
7.577540896,4550514,1154
7.579929130,4550820,306
7.579929130,4551958,1138
7.582317364,4552280,322
7.582317364,4553402,1122
7.584705598,4553740,338
7.584705598,4554846,1106
7.587186699,4555200,354
7.587186699,4556290,1090
7.589574933,4556660,370
7.589574933,4557734,1074
7.591963167,4558120,386
7.591963167,4559178,1058
7.594351401,4559580,402
7.594351401,4560622,1042
7.596739635,4561040,418
7.596739635,4562066,1026
7.599128269,4562500,434
7.599128269,4563510,1010
7.601616709,4563960,450
7.601616709,4564954,994
7.604004943,4565420,466
7.604004943,4566398,978
7.606393177,4566880,482
7.606393177,4567842,962
7.608781411,4568340,498
7.608781411,4569286,946
7.611169645,4569800,514
7.611169645,4570730,930
7.613557879,4571260,530
7.613557879,4572174,914
7.615946113,4572720,546
7.615946113,4573618,898
7.618427214,4574180,562
7.618427214,4575062,882
7.620815848,4575640,578
7.620815848,4576506,866
7.623211421,4577100,594
7.623211421,4577950,850
7.625599655,4578560,610
7.625599655,4579394,834
7.627987889,4580020,626
7.627987889,4580838,818
7.630468990,4581480,642
7.630468990,4582282,802
7.632857224,4582940,658
7.632857224,4583726,786
7.635245458,4584400,674
7.635245458,4585170,770
7.637633692,4585860,690
7.637633692,4586614,754
7.640021926,4587320,706
7.640021926,4588058,738
7.642410160,4588780,722
7.642410160,4589502,722
7.644899000,4590240,738
7.644899000,4590946,706
7.647287234,4591700,754
7.647287234,4592390,690
7.649675468,4593160,770
7.649675468,4593834,674
7.652063702,4594620,786
7.652063702,4595278,658
7.654231536,4596080,802
7.654231536,4596722,642
7.656399370,4597540,818
7.656399370,4598166,626
7.658567204,4599000,834
7.658567204,4599610,610
7.660819334,4600460,850
7.660819334,4601054,594
7.662987168,4601920,866
7.662987168,4602498,578
7.665155402,4603380,882
7.665155402,4603942,562
7.667329861,4604840,898
7.667329861,4605386,546
7.669497695,4606300,914
7.669497695,4606830,530
7.671665529,4607760,930
7.671665529,4608274,514
7.673917659,4609220,946
7.673917659,4609718,498
7.676085493,4610680,962
7.676085493,4611162,482
7.678253327,4612140,978
7.678253327,4612606,466
7.680421161,4613600,994
7.680421161,4614050,450
7.682588995,4615060,1010
7.682588995,4615494,434
7.684756829,4616520,1026
7.684756829,4616938,418
7.686925063,4617980,1042
7.686925063,4618382,402
7.689183818,4619440,1058
7.689183818,4619826,386
7.691351652,4620900,1074
7.691351652,4621270,370
7.693519486,4622360,1090
7.693519486,4622714,354
7.695687320,4623820,1106
7.695687320,4624158,338
7.697855154,4625280,1122
7.697855154,4625602,322
7.700022988,4626740,1138
7.700022988,4627046,306
7.702275118,4628200,1154
7.702275118,4628490,290
7.704442952,4629660,1170
7.704442952,4629934,274
7.706611186,4631120,1186
7.706611186,4631378,258
7.708785645,4632580,1202
7.708785645,4632822,242
7.710953479,4634040,1218
7.710953479,4634266,226
7.713121313,4635500,1234
7.713121313,4635710,210
7.715289147,4636960,1250
7.715289147,4637154,194
7.717541277,4638420,1266
7.717541277,4638598,178
7.719709111,4639880,1282
7.719709111,4640042,162
7.721876945,4641340,1298
7.721876945,4641486,146
7.724044779,4642800,1314
7.724044779,4642930,130
7.726212613,4644260,1330
7.726212613,4644374,114
7.728471768,4645720,1346
7.728471768,4645818,98
7.730639602,4647180,1362
7.730639602,4647262,82
7.732807436,4648640,1378
7.732807436,4648706,66
7.734975190,4650100,1394
7.734975190,4650150,50
7.737141619,4651560,1410
7.737141619,4651594,34
7.739308048,4653020,1426
7.739308048,4653038,18
7.741558773,4654480,1442
7.741558773,4654482,2
7.743725282,4655934,1452
7.745893116,4655940,6
7.745893116,4657379,1439
7.748061350,4657400,21
7.748061350,4658824,1424
7.750235809,4658860,36
7.750235809,4660269,1409
7.752504168,4660320,51
7.752504168,4661714,1394
7.754772527,4661780,66
7.754772527,4663158,1378
7.757129091,4663240,82
7.757129091,4664602,1362
7.759397450,4664700,98
7.759397450,4666046,1346
7.761665809,4666160,114
7.761665809,4667490,1330
7.763934168,4667620,130
7.763934168,4668934,1314
7.766202527,4669080,146
7.766202527,4670378,1298
7.768470886,4670540,162
7.768470886,4671822,1282
7.770834801,4672000,178
7.770834801,4673266,1266
7.773103160,4673460,194
7.773103160,4674710,1250
7.775371519,4674920,210
7.775371519,4676154,1234
7.777639878,4676380,226
7.777639878,4677598,1218
7.779908237,4677840,242
7.779908237,4679042,1202
7.782176596,4679300,258
7.782176596,4680486,1186
7.784444955,4680760,274
7.784444955,4681930,1170
7.786801519,4682220,290
7.786801519,4683374,1154
7.789069878,4683680,306
7.789069878,4684818,1138
7.791338637,4685140,322
7.791338637,4686262,1122
7.793613947,4686600,338
7.793613947,4687706,1106
7.795882306,4688060,354
7.795882306,4689150,1090
7.798150665,4689520,370
7.798150665,4690594,1074
7.800507229,4690980,386
7.800507229,4692038,1058
7.802775588,4692440,402
7.802775588,4693482,1042
7.805043947,4693900,418
7.805043947,4694926,1026
7.807312306,4695360,434
7.807312306,4696370,1010
7.809580665,4696820,450
7.809580665,4697814,994
7.811849024,4698280,466
7.811849024,4699258,978
7.814117783,4699740,482
7.814117783,4700702,962
7.816481298,4701200,498
7.816481298,4702146,946
7.818749657,4702660,514
7.818749657,4703590,930
7.821018016,4704120,530
7.821018016,4705034,914
7.823286375,4705580,546
7.823286375,4706478,898
7.825554734,4707040,562
7.825554734,4707922,882
7.827911298,4708500,578
7.827911298,4709366,866
7.830179657,4709960,594
7.830179657,4710810,850
7.832448016,4711420,610
7.832448016,4712254,834
7.834716775,4712880,626
7.834716775,4713698,818
7.836992085,4714340,642
7.836992085,4715142,802
7.839260444,4715800,658
7.839260444,4716586,786
7.841617008,4717260,674
7.841617008,4718030,770
7.843885367,4718720,690
7.843885367,4719474,754
7.846153726,4720180,706
7.846153726,4720918,738
7.848422085,4721640,722
7.848422085,4722362,722
7.850690444,4723100,738
7.850690444,4723806,706
7.852963758,4724560,754
7.852963758,4725250,690
7.855237072,4726020,770
7.855237072,4726694,674
7.857606151,4727480,786
7.857606151,4728138,658
7.859879465,4728940,802
7.859879465,4729582,642
7.862152779,4730400,818
7.862152779,4731026,626
7.864426093,4731860,834
7.864426093,4732470,610
7.866699407,4733320,850
7.866699407,4733914,594
7.868972721,4734780,866
7.868972721,4735358,578
7.871246035,4736240,882
7.871246035,4736802,562
7.873607747,4737700,898
7.873607747,4738246,546
7.875881061,4739160,914
7.875881061,4739690,530
7.878154775,4740620,930
7.878154775,4741134,514
7.880435056,4742080,946
7.880435056,4742578,498
7.882708370,4743540,962
7.882708370,4744022,482
7.884981684,4745000,978
7.884981684,4745466,466
7.887254998,4746460,994
7.887254998,4746910,450
7.889616710,4747920,1010
7.889616710,4748354,434
7.891890024,4749380,1026
7.891890024,4749798,418
7.894163338,4750840,1042
7.894163338,4751242,402
7.896436652,4752300,1058
7.896436652,4752686,386
7.898709966,4753760,1074
7.898709966,4754130,370
7.900983680,4755220,1090
7.900983680,4755574,354
7.903352359,4756680,1106
7.903352359,4757018,338
7.905625673,4758140,1122
7.905625673,4758462,322
7.907898987,4759600,1138
7.907898987,4759906,306
7.910172301,4761060,1154
7.910172301,4761350,290
7.912445615,4762520,1170
7.912445615,4762794,274
7.914807327,4763980,1186
7.914807327,4764238,258
7.917080641,4765440,1202
7.917080641,4765682,242
7.919353955,4766900,1218
7.919353955,4767126,226
7.921627669,4768360,1234
7.921627669,4768570,210
7.923907950,4769820,1250
7.923907950,4770014,194
7.926181264,4771280,1266
7.926181264,4771458,178
7.928454578,4772740,1282
7.928454578,4772902,162
7.930816290,4774200,1298
7.930816290,4774346,146
7.933089604,4775660,1314
7.933089604,4775790,130
7.935362918,4777120,1330
7.935362918,4777234,114
7.937636232,4778580,1346
7.937636232,4778678,98
7.939909546,4780040,1362
7.939909546,4780122,82
7.942182860,4781500,1378
7.942182860,4781566,66
7.944551859,4782960,1394
7.944551859,4783010,50
7.946823700,4784420,1410
7.946823700,4784454,34
7.949095541,4785880,1426
7.949095541,4785898,18
7.951367382,4787340,1442
7.951367382,4787342,2
7.953489241,4788794,1452
7.955612396,4788800,6
7.955612396,4790239,1439
7.957735551,4790260,21
7.957735551,4791684,1424
7.959941265,4791720,36
7.959941265,4793129,1409
7.962064420,4793180,51
7.962064420,4794574,1394
7.964187975,4794640,66
7.964187975,4796018,1378
7.966317610,4796100,82
7.966317610,4797462,1362
7.968440765,4797560,98
7.968440765,4798906,1346
7.970563920,4799020,114
7.970563920,4800350,1330
7.972769634,4800480,130
7.972769634,4801794,1314
7.974892789,4801940,146
7.974892789,4803238,1298
7.977015944,4803400,162
7.977015944,4804682,1282
7.979139099,4804860,178
7.979139099,4806126,1266
7.981262254,4806320,194
7.981262254,4807570,1250
7.983385409,4807780,210
7.983385409,4809014,1234
7.985508964,4809240,226
7.985508964,4810458,1218
7.987721158,4810700,242
7.987721158,4811902,1202
7.989844313,4812160,258
7.989844313,4813346,1186
7.991967468,4813620,274
7.991967468,4814790,1170
7.994090623,4815080,290
7.994090623,4816234,1154
7.996213778,4816540,306
7.996213778,4817678,1138
7.998336933,4818000,322
7.998336933,4819122,1122
8.000542647,4819460,338
8.000542647,4820566,1106
8.002665802,4820920,354
8.002665802,4822010,1090
8.004789357,4822380,370
8.004789357,4823454,1074
8.006918992,4823840,386
8.006918992,4824898,1058
8.009042147,4825300,402
8.009042147,4826342,1042
8.011247861,4826760,418
8.011247861,4827786,1026
8.013371016,4828220,434
8.013371016,4829230,1010
8.015494171,4829680,450
8.015494171,4830674,994
8.017617326,4831140,466
8.017617326,4832118,978
8.019740481,4832600,482
8.019740481,4833562,962
8.021863636,4834060,498
8.021863636,4835006,946
8.023986791,4835520,514
8.023986791,4836450,930
8.026199385,4836980,530
8.026199385,4837894,914
8.028322540,4838440,546
8.028322540,4839338,898
8.030445695,4839900,562
8.030445695,4840782,882
8.032568850,4841360,578
8.032568850,4842226,866
8.034692005,4842820,594
8.034692005,4843670,850
8.036815160,4844280,610
8.036815160,4845114,834
8.039020874,4845740,626
8.039020874,4846558,818
8.041144029,4847200,642
8.041144029,4848002,802
8.043267184,4848660,658
8.043267184,4849446,786
8.045390739,4850120,674
8.045390739,4850890,770
8.047520374,4851580,690
8.047520374,4852334,754
8.049643529,4853040,706
8.049643529,4853778,738
8.051766684,4854500,722
8.051766684,4855222,722
8.053956123,4855960,738
8.053956123,4856666,706
8.056230699,4857420,754
8.056230699,4858110,690
8.058420138,4858880,770
8.058420138,4859554,674
8.060609577,4860340,786
8.060609577,4860998,658
8.062799016,4861800,802
8.062799016,4862442,642
8.064988455,4863260,818
8.064988455,4863886,626
8.067270125,4864720,834
8.067270125,4865330,610
8.069459564,4866180,850
8.069459564,4866774,594
8.071649003,4867640,866
8.071649003,4868218,578
8.073838442,4869100,882
8.073838442,4869662,562
8.076027881,4870560,898
8.076027881,4871106,546
8.078302457,4872020,914
8.078302457,4872550,530
8.080491896,4873480,930
8.080491896,4873994,514
8.082681335,4874940,946
8.082681335,4875438,498
8.084870774,4876400,962
8.084870774,4876882,482
8.087060613,4877860,978
8.087060613,4878326,466
8.089256747,4879320,994
8.089256747,4879770,450
8.091446186,4880780,1010
8.091446186,4881214,434
8.093635625,4882240,1026
8.093635625,4882658,418
8.095910201,4883700,1042
8.095910201,4884102,402
8.098099640,4885160,1058
8.098099640,4885546,386
8.100289079,4886620,1074
8.100289079,4886990,370
8.102478518,4888080,1090
8.102478518,4888434,354
8.104667957,4889540,1106
8.104667957,4889878,338
8.106942933,4891000,1122
8.106942933,4891322,322
8.109139067,4892460,1138
8.109139067,4892766,306
8.111328506,4893920,1154
8.111328506,4894210,290
8.113517945,4895380,1170
8.113517945,4895654,274
8.115707384,4896840,1186
8.115707384,4897098,258
8.117896823,4898300,1202
8.117896823,4898542,242
8.120086262,4899760,1218
8.120086262,4899986,226
8.122275701,4901220,1234
8.122275701,4901430,210
8.124550277,4902680,1250
8.124550277,4902874,194
8.126739716,4904140,1266
8.126739716,4904318,178
8.128929555,4905600,1282
8.128929555,4905762,162
8.131125689,4907060,1298
8.131125689,4907206,146
8.133315128,4908520,1314
8.133315128,4908650,130
8.135589704,4909980,1330
8.135589704,4910094,114
8.137779143,4911440,1346
8.137779143,4911538,98
8.139968582,4912900,1362
8.139968582,4912982,82
8.142158021,4914360,1378
8.142158021,4914426,66
8.144347380,4915820,1394
8.144347380,4915870,50
8.146535401,4917280,1410
8.146535401,4917314,34
8.148723422,4918740,1426
8.148723422,4918758,18
8.150911843,4920200,1442
8.150911843,4920202,2
8.153459836,4921654,1452
8.155906661,4921660,6
8.155906661,4923099,1439
8.158353486,4923120,21
8.158353486,4924544,1424
8.160800311,4924580,36
8.160800311,4925989,1409
8.163247136,4926040,51
8.163247136,4927434,1394
8.165789106,4927500,66
8.165789106,4928878,1378
8.168235931,4928960,82
8.168235931,4930322,1362
8.170682756,4930420,98
8.170682756,4931766,1346
8.173129981,4931880,114
8.173129981,4933210,1330
8.175584334,4933340,130
8.175584334,4934654,1314
8.178126304,4934800,146
8.178126304,4936098,1298
8.180573129,4936260,162
8.180573129,4937542,1282
8.183019954,4937720,178
8.183019954,4938986,1266
8.185466779,4939180,194
8.185466779,4940430,1250
8.187913604,4940640,210
8.187913604,4941874,1234
8.190360429,4942100,226
8.190360429,4943318,1218
8.192807254,4943560,242
8.192807254,4944762,1202
8.195254079,4945020,258
8.195254079,4946206,1186
8.197803978,4946480,274
8.197803978,4947650,1170
8.200250803,4947940,290
8.200250803,4949094,1154
8.202697628,4949400,306
8.202697628,4950538,1138
8.205144453,4950860,322
8.205144453,4951982,1122
8.207591278,4952320,338
8.207591278,4953426,1106
8.210133248,4953780,354
8.210133248,4954870,1090
8.212580073,4955240,370
8.212580073,4956314,1074
8.215026898,4956700,386
8.215026898,4957758,1058
8.217473723,4958160,402
8.217473723,4959202,1042
8.219920948,4959620,418
8.219920948,4960646,1026
8.222375301,4961080,434
8.222375301,4962090,1010
8.224822126,4962540,450
8.224822126,4963534,994
8.227268951,4964000,466
8.227268951,4964978,978
8.229810921,4965460,482
8.229810921,4966422,962
8.232257746,4966920,498
8.232257746,4967866,946
8.234704571,4968380,514
8.234704571,4969310,930
8.237151396,4969840,530
8.237151396,4970754,914
8.239598221,4971300,546
8.239598221,4972198,898
8.242140591,4972760,562
8.242140591,4973642,882
8.244594944,4974220,578
8.244594944,4975086,866
8.247041769,4975680,594
8.247041769,4976530,850
8.249488594,4977140,610
8.249488594,4977974,834
8.251935419,4978600,626
8.251935419,4979418,818
8.254360936,4980060,642
8.254360936,4980862,802
8.256786453,4981520,658
8.256786453,4982306,786
8.259211970,4982980,674
8.259211970,4983750,770
8.261731803,4984440,690
8.261731803,4985194,754
8.264157320,4985900,706
8.264157320,4986638,738
8.266583237,4987360,722
8.266583237,4988082,722
8.269016214,4988820,738
8.269016214,4989526,706
8.271441731,4990280,754
8.271441731,4990970,690
8.273961564,4991740,770
8.273961564,4992414,674
8.276387081,4993200,786
8.276387081,4993858,658
8.278812598,4994660,802
8.278812598,4995302,642
8.281238115,4996120,818
8.281238115,4996746,626
8.283663632,4997580,834
8.283663632,4998190,610
8.286183465,4999040,850
8.286183465,4999634,594
8.288609382,5000500,866
8.288609382,5001078,578
8.291042359,5001960,882
8.291042359,5002522,562
8.293467876,5003420,898
8.293467876,5003966,546
8.295893393,5004880,914
8.295893393,5005410,530
8.298318910,5006340,930
8.298318910,5006854,514
8.300744427,5007800,946
8.300744427,5008298,498
8.303169944,5009260,962
8.303169944,5009742,482
8.305689777,5010720,978
8.305689777,5011186,466
8.308115294,5012180,994
8.308115294,5012630,450
8.310540811,5013640,1010
8.310540811,5014074,434
8.312966728,5015100,1026
8.312966728,5015518,418
8.315399705,5016560,1042
8.315399705,5016962,402
8.317919538,5018020,1058
8.317919538,5018406,386
8.320345055,5019480,1074
8.320345055,5019850,370
8.322770572,5020940,1090
8.322770572,5021294,354
8.325196089,5022400,1106
8.325196089,5022738,338
8.327621606,5023860,1122
8.327621606,5024182,322
8.330047123,5025320,1138
8.330047123,5025626,306
8.332472640,5026780,1154
8.332472640,5027070,290
8.334898157,5028240,1170
8.334898157,5028514,274
8.337425850,5029700,1186
8.337425850,5029958,258
8.339851367,5031160,1202
8.339851367,5031402,242
8.342276884,5032620,1218
8.342276884,5032846,226
8.344702401,5034080,1234
8.344702401,5034290,210
8.347127918,5035540,1250
8.347127918,5035734,194
8.349647751,5037000,1266
8.349647751,5037178,178
8.352073268,5038460,1282
8.352073268,5038622,162
8.354382003,5039920,1298
8.354382003,5040066,146
8.356690738,5041380,1314
8.356690738,5041510,130
8.358999873,5042840,1330
8.358999873,5042954,114
8.361315690,5044300,1346
8.361315690,5044398,98
8.363624425,5045760,1362
8.363624425,5045842,82
8.365933160,5047220,1378
8.365933160,5047286,66
8.368331590,5048680,1394
8.368331590,5048730,50
8.370638829,5050140,1410
8.370638829,5050174,34
8.372946068,5051600,1426
8.372946068,5051618,18
8.375253307,5053060,1442
8.375253307,5053062,2
8.377560626,5054514,1452
8.379869361,5054520,6
8.379869361,5055959,1439
8.382275353,5055980,21
8.382275353,5057404,1424
8.384584088,5057440,36
8.384584088,5058849,1409
8.386892823,5058900,51
8.386892823,5060294,1394
8.389201558,5060360,66
8.389201558,5061738,1378
8.391510293,5061820,82
8.391510293,5063182,1362
8.393908803,5063280,98
8.393908803,5064626,1346
8.396217538,5064740,114
8.396217538,5066070,1330
8.398526273,5066200,130
8.398526273,5067514,1314
8.400835008,5067660,146
8.400835008,5068958,1298
8.403144143,5069120,162
8.403144143,5070402,1282
8.405459960,5070580,178
8.405459960,5071846,1266
8.407768695,5072040,194
8.407768695,5073290,1250
8.410077430,5073500,210
8.410077430,5074734,1234
8.412475940,5074960,226
8.412475940,5076178,1218
8.414784675,5076420,242
8.414784675,5077622,1202
8.417093410,5077880,258
8.417093410,5079066,1186
8.419402145,5079340,274
8.419402145,5080510,1170
8.421710880,5080800,290
8.421710880,5081954,1154
8.424109790,5082260,306
8.424109790,5083398,1138
8.426425607,5083720,322
8.426425607,5084842,1122
8.428734342,5085180,338
8.428734342,5086286,1106
8.431043077,5086640,354
8.431043077,5087730,1090
8.433351812,5088100,370
8.433351812,5089174,1074
8.435660547,5089560,386
8.435660547,5090618,1058
8.437969282,5091020,402
8.437969282,5092062,1042
8.440278017,5092480,418
8.440278017,5093506,1026
8.442676527,5093940,434
8.442676527,5094950,1010
8.444985262,5095400,450
8.444985262,5096394,994
8.447294397,5096860,466
8.447294397,5097838,978
8.449610214,5098320,482
8.449610214,5099282,962
8.451918949,5099780,498
8.451918949,5100726,946
8.454452723,5101240,514
8.454452723,5102170,930
8.456891659,5102700,530
8.456891659,5103614,914
8.459330595,5104160,546
8.459330595,5105058,898
8.461769531,5105620,562
8.461769531,5106502,882
8.464208467,5107080,578
8.464208467,5107946,866
8.466742241,5108540,594
8.466742241,5109390,850
8.469181577,5110000,610
8.469181577,5110834,834
8.471628016,5111460,626
8.471628016,5112278,818
8.474066952,5112920,642
8.474066952,5113722,802
8.476505888,5114380,658
8.476505888,5115166,786
8.478944824,5115840,674
8.478944824,5116610,770
8.481383760,5117300,690
8.481383760,5118054,754
8.483822696,5118760,706
8.483822696,5119498,738
8.486356470,5120220,722
8.486356470,5120942,722
8.488795406,5121680,738
8.488795406,5122386,706
8.491234342,5123140,754
8.491234342,5123830,690
8.493673678,5124600,770
8.493673678,5125274,674
8.496120117,5126060,786
8.496120117,5126718,658
8.498653891,5127520,802
8.498653891,5128162,642
8.501092827,5128980,818
8.501092827,5129606,626
8.503531763,5130440,834
8.503531763,5131050,610
8.505970699,5131900,850
8.505970699,5132494,594
8.508409635,5133360,866
8.508409635,5133938,578
8.510848571,5134820,882
8.510848571,5135382,562
8.513287507,5136280,898
8.513287507,5136826,546
8.515726443,5137740,914
8.515726443,5138270,530
8.518268120,5139200,930
8.518268120,5139714,514
8.520707056,5140660,946
8.520707056,5141158,498
8.523145992,5142120,962
8.523145992,5142602,482
8.525584928,5143580,978
8.525584928,5144046,466
8.528023864,5145040,994
8.528023864,5145490,450
8.530557638,5146500,1010
8.530557638,5146934,434
8.532996574,5147960,1026
8.532996574,5148378,418
8.535435510,5149420,1042
8.535435510,5149822,402
8.537874446,5150880,1058
8.537874446,5151266,386
8.540313782,5152340,1074
8.540313782,5152710,370
8.542760221,5153800,1090
8.542760221,5154154,354
8.545199157,5155260,1106
8.545199157,5155598,338
8.547638093,5156720,1122
8.547638093,5157042,322
8.550171867,5158180,1138
8.550171867,5158486,306
8.552437235,5159640,1154
8.552437235,5159930,290
8.554702603,5161100,1170
8.554702603,5161374,274
8.556967971,5162560,1186
8.556967971,5162818,258
8.559233339,5164020,1202
8.559233339,5164262,242
8.561587196,5165480,1218
8.561587196,5165706,226
8.563859505,5166940,1234
8.563859505,5167150,210
8.566124873,5168400,1250
8.566124873,5168594,194
8.568390241,5169860,1266
8.568390241,5170038,178
8.570655609,5171320,1282
8.570655609,5171482,162
8.573009066,5172780,1298
8.573009066,5172926,146
8.575274434,5174240,1314
8.575274434,5174370,130
8.577539802,5175700,1330
8.577539802,5175814,114
8.579805170,5177160,1346
8.579805170,5177258,98
8.582070538,5178620,1362
8.582070538,5178702,82
8.584336306,5180080,1378
8.584336306,5180146,66
8.586608535,5181540,1394
8.586608535,5181590,50
8.588872435,5183000,1410
8.588872435,5183034,34
8.591224424,5184460,1426
8.591224424,5184478,18
8.593488324,5185920,1442
8.593488324,5185922,2
8.595752304,5187374,1452
8.598017672,5187380,6
8.598017672,5188819,1439
8.600283040,5188840,21
8.600283040,5190264,1424
8.602636497,5190300,36
8.602636497,5191709,1409
8.604902265,5191760,51
8.604902265,5193154,1394
8.607174574,5193220,66
8.607174574,5194598,1378
8.609439942,5194680,82
8.609439942,5196042,1362
8.611705310,5196140,98
8.611705310,5197486,1346
8.613970678,5197600,114
8.613970678,5198930,1330
8.616236046,5199060,130
8.616236046,5200374,1314
8.618501414,5200520,146
8.618501414,5201818,1298
8.620854871,5201980,162
8.620854871,5203262,1282
8.623120239,5203440,178
8.623120239,5204706,1266
8.625385607,5204900,194
8.625385607,5206150,1250
8.627651375,5206360,210
8.627651375,5207594,1234
8.629923684,5207820,226
8.629923684,5209038,1218
8.632277141,5209280,242
8.632277141,5210482,1202
8.634542509,5210740,258
8.634542509,5211926,1186
8.636807877,5212200,274
8.636807877,5213370,1170
8.639073245,5213660,290
8.639073245,5214814,1154
8.641338613,5215120,306
8.641338613,5216258,1138
8.643603981,5216580,322
8.643603981,5217702,1122
8.645869349,5218040,338
8.645869349,5219146,1106
8.648134717,5219500,354
8.648134717,5220590,1090
8.650495515,5220960,370
8.650495515,5222034,1074
8.652843449,5222420,386
8.652843449,5223478,1058
8.655191383,5223880,402
8.655191383,5224922,1042
8.657539317,5225340,418
8.657539317,5226366,1026
8.659887251,5226800,434
8.659887251,5227810,1010
8.662326485,5228260,450
8.662326485,5229254,994
8.664674419,5229720,466
8.664674419,5230698,978
8.667022353,5231180,482
8.667022353,5232142,962
8.669370287,5232640,498
8.669370287,5233586,946
8.671718621,5234100,514
8.671718621,5235030,930
8.674165063,5235560,530
8.674165063,5236474,914
8.676512997,5237020,546
8.676512997,5237918,898
8.678860931,5238480,562
8.678860931,5239362,882
8.681208865,5239940,578
8.681208865,5240806,866
8.683556799,5241400,594
8.683556799,5242250,850
8.684626524,5242860,610
8.684626524,5242880,20
