elapsed_s,rx_app,packet_bytes
0.158086984,1456,1456
0.160249695,1460,4
0.160249695,2905,1445
0.164625356,2920,15
0.164625356,4354,1434
0.174625356,4380,26
0.174625356,5803,1423
0.267272816,5840,37
0.267272816,7252,1412
0.269648979,7300,48
0.269648979,8701,1401
0.272025142,8760,59
0.272025142,10150,1390
0.274401305,10220,70
0.274401305,11598,1378
0.276777468,11680,82
0.276777468,13046,1366
0.279153631,13140,94
0.279153631,14494,1354
0.287274334,14600,106
0.287274334,15942,1342
0.289650897,16060,118
0.289650897,17390,1330
0.374686292,17520,130
0.374686292,18834,1314
0.377079431,18980,146
0.377079431,20278,1298
0.379472570,20440,162
0.379472570,21722,1282
0.381865709,21900,178
0.381865709,23166,1266
0.384258848,23360,194
0.384258848,24610,1250
0.386651987,24820,210
0.386651987,26054,1234
0.389044966,26280,226
0.389044966,27498,1218
0.391435001,27740,242
0.391435001,28942,1202
0.393825036,29200,258
0.393825036,30386,1186
0.396215471,30660,274
0.396215471,31830,1170
0.398612866,32120,290
0.398612866,33274,1154
0.401002901,33580,306
0.401002901,34718,1138
0.403481398,35040,322
0.403481398,36162,1122
0.405871433,36500,338
0.405871433,37606,1106
0.408261468,37960,354
0.408261468,39050,1090
0.410651503,39420,370
0.410651503,40494,1074
0.481877351,40880,386
0.481877351,41938,1058
0.483999898,42340,402
0.483999898,43382,1042
0.486128526,43800,418
0.486128526,44826,1026
0.488250673,45260,434
0.488250673,46270,1010
0.490372820,46720,450
0.490372820,47714,994
0.492494967,48180,466
0.492494967,49158,978
0.494616954,49640,482
0.494616954,50602,962
0.496736348,51100,498
0.496736348,52046,946
0.498855742,52560,514
0.498855742,53490,930
0.500975136,54020,530
0.500975136,54934,914
0.503094530,55480,546
0.503094530,56378,898
0.505213924,56940,562
0.505213924,57822,882
0.507333718,58400,578
0.507333718,59266,866
0.509459593,59860,594
0.509459593,60710,850
0.511578987,61320,610
0.511578987,62154,834
0.513698381,62780,626
0.513698381,63598,818
0.515817775,64240,642
0.515817775,65042,802
0.517937169,65700,658
0.517937169,66486,786
0.520135008,67160,674
0.520135008,67930,770
0.522254402,68620,690
0.522254402,69374,754
0.524373796,70080,706
0.524373796,70818,738
0.526493190,71540,722
0.526493190,72262,722
0.528612984,73000,738
0.528612984,73706,706
0.530738859,74460,754
0.530738859,75150,690
0.532858253,75920,770
0.532858253,76594,674
0.534977647,77380,786
0.534977647,78038,658
0.537097041,78840,802
0.537097041,79482,642
0.539216435,80300,818
0.539216435,80926,626
0.541414274,81760,834
0.541414274,82370,610
0.543533668,83220,850
0.543533668,83814,594
0.545653062,84680,866
0.545653062,85258,578
0.547772456,86140,882
0.547772456,86702,562
0.586449991,87600,898
0.586449991,88146,546
0.588623794,89060,914
0.588623794,89590,530
0.590797597,90520,930
0.590797597,91034,514
0.592971400,91980,946
0.592971400,92478,498
0.595145203,93440,962
0.595145203,93922,482
0.597319006,94900,978
0.597319006,95366,466
0.599492809,96360,994
0.599492809,96810,450
0.601666612,97820,1010
0.601666612,98254,434
0.603840415,99280,1026
0.603840415,99698,418
0.606014218,100740,1042
0.606014218,101142,402
0.608275537,102200,1058
0.608275537,102586,386
0.610449340,103660,1074
0.610449340,104030,370
0.612623143,105120,1090
0.612623143,105474,354
0.614796946,106580,1106
0.614796946,106918,338
0.616970749,108040,1122
0.616970749,108362,322
0.619144552,109500,1138
0.619144552,109806,306
0.621318355,110960,1154
0.621318355,111250,290
0.623492158,112420,1170
0.623492158,112694,274
0.625665961,113880,1186
0.625665961,114138,258
0.627839764,115340,1202
0.627839764,115582,242
0.630013967,116800,1218
0.630013967,117026,226
0.632194428,118260,1234
0.632194428,118470,210
0.634448689,119720,1250
0.634448689,119914,194
0.636622492,121180,1266
0.636622492,121358,178
0.638796295,122640,1282
0.638796295,122802,162
0.640970098,124100,1298
0.640970098,124246,146
0.643143901,125560,1314
0.643143901,125690,130
0.645317704,127020,1330
0.645317704,127134,114
0.647491507,128480,1346
0.647491507,128578,98
0.649665310,129940,1362
0.649665310,130022,82
0.651839513,131400,1378
0.651839513,131466,66
0.653939197,132860,1394
0.653939197,132910,50
0.656031205,134320,1410
0.656031205,134354,34
0.658123213,135780,1426
0.658123213,135798,18
0.660292702,137240,1442
0.660292702,137242,2
0.662384790,138694,1452
0.664478157,138700,6
0.664478157,140139,1439
0.666571524,140160,21
0.666571524,141584,1424
0.668664891,141620,36
0.668664891,143029,1409
0.670758258,143080,51
0.670758258,144474,1394
0.672852025,144540,66
0.672852025,145918,1378
0.674951789,146000,82
0.674951789,147362,1362
0.677045156,147460,98
0.677045156,148806,1346
0.679138523,148920,114
0.679138523,150250,1330
0.681231890,150380,130
0.681231890,151694,1314
0.683325257,151840,146
0.683325257,153138,1298
0.685418624,153300,162
0.685418624,154582,1282
0.687511991,154760,178
0.687511991,156026,1266
0.689605358,156220,194
0.689605358,157470,1250
0.691698725,157680,210
0.691698725,158914,1234
0.693869973,159140,226
0.693869973,160358,1218
0.695969737,160600,242
0.695969737,161802,1202
0.698063104,162060,258
0.698063104,163246,1186
0.700156471,163520,274
0.700156471,164690,1170
0.702249838,164980,290
0.702249838,166134,1154
0.704343205,166440,306
0.704343205,167578,1138
0.706436572,167900,322
0.706436572,169022,1122
0.708529939,169360,338
0.708529939,170466,1106
0.710623306,170820,354
0.710623306,171910,1090
0.712716673,172280,370
0.712716673,173354,1074
0.714887921,173740,386
0.714887921,174798,1058
0.716987685,175200,402
0.716987685,176242,1042
0.719081052,176660,418
0.719081052,177686,1026
0.721174419,178120,434
0.721174419,179130,1010
0.723346627,179580,450
0.723346627,180574,994
0.725439994,181040,466
0.725439994,182018,978
0.727533361,182500,482
0.727533361,183462,962
0.729626728,183960,498
0.729626728,184906,946
0.731720095,185420,514
0.731720095,186350,930
0.733813462,186880,530
0.733813462,187794,914
0.735991107,188340,546
0.735991107,189238,898
0.738084474,189800,562
0.738084474,190682,882
0.740177841,191260,578
0.740177841,192126,866
0.742271208,192720,594
0.742271208,193570,850
0.744364575,194180,610
0.744364575,195014,834
0.746457942,195640,626
0.746457942,196458,818
0.748551309,197100,642
0.748551309,197902,802
0.750644676,198560,658
0.750644676,199346,786
0.753108567,200020,674
0.753108567,200790,770
0.755572458,201480,690
0.755572458,202234,754
0.758036749,202940,706
0.758036749,203678,738
0.760508239,204400,722
0.760508239,205122,722
0.762972130,205860,738
0.762972130,206566,706
0.765436021,207320,754
0.765436021,208010,690
0.767899912,208780,770
0.767899912,209454,674
0.770363803,210240,786
0.770363803,210898,658
0.772918890,211700,802
0.772918890,212342,642
0.775382781,213160,818
0.775382781,213786,626
0.777846672,214620,834
0.777846672,215230,610
0.780310563,216080,850
0.780310563,216674,594
0.782774854,217540,866
0.782774854,218118,578
0.785246344,219000,882
0.785246344,219562,562
0.787710235,220460,898
0.787710235,221006,546
0.790174126,221920,914
0.790174126,222450,530
0.792638017,223380,930
0.792638017,223894,514
0.795101908,224840,946
0.795101908,225338,498
0.797565799,226300,962
0.797565799,226782,482
0.800029690,227760,978
0.800029690,228226,466
0.802584777,229220,994
0.802584777,229670,450
0.805048668,230680,1010
0.805048668,231114,434
0.807512959,232140,1026
0.807512959,232558,418
0.809984449,233600,1042
0.809984449,234002,402
0.812448340,235060,1058
0.812448340,235446,386
0.814912231,236520,1074
0.814912231,236890,370
0.817376122,237980,1090
0.817376122,238334,354
0.819840013,239440,1106
0.819840013,239778,338
0.822303904,240900,1122
0.822303904,241222,322
0.824767795,242360,1138
0.824767795,242666,306
0.827231686,243820,1154
0.827231686,244110,290
0.829695577,245280,1170
0.829695577,245554,274
0.832159468,246740,1186
0.832159468,246998,258
0.834623759,248200,1202
0.834623759,248442,242
0.837095249,249660,1218
0.837095249,249886,226
0.839559140,251120,1234
0.839559140,251330,210
0.842114227,252580,1250
0.842114227,252774,194
0.844578118,254040,1266
0.844578118,254218,178
0.847042009,255500,1282
0.847042009,255662,162
0.849505900,256960,1298
0.849505900,257106,146
0.851969791,258420,1314
0.851969791,258550,130
0.854165659,259880,1330
0.854165659,259994,114
0.856361527,261340,1346
0.856361527,261438,98
0.858557795,262800,1362
0.858557795,262882,82
0.860760393,264260,1378
0.860760393,264326,66
0.862956181,265720,1394
0.862956181,265770,50
0.865150623,267180,1410
0.865150623,267214,34
0.867345065,268640,1426
0.867345065,268658,18
0.869620782,270100,1442
0.869620782,270102,2
0.871815304,271554,1452
0.874011172,271560,6
0.874011172,272999,1439
0.876207040,273020,21
0.876207040,274444,1424
0.878732096,274480,36
0.878732096,275889,1409
0.885403783,275940,51
0.885403783,277334,1394
1.331649242,277400,66
1.331649242,407304,129904
1.337194990,407340,36
1.337194990,408749,1409
1.337194990,408800,51
1.337194990,428966,20166
1.346621340,429240,274
1.346621340,569046,139806
1.348965003,569400,354
1.348965003,570490,1090
1.351295791,570860,370
1.351295791,571934,1074
1.353572407,572320,386
1.353572407,573378,1058
1.355937549,573780,402
1.355937549,574822,1042
1.358214165,575240,418
1.358214165,576266,1026
1.360490781,576700,434
1.360490781,577710,1010
1.362767397,578160,450
1.362767397,579154,994
1.365044013,579620,466
1.365044013,580598,978
1.367321029,581080,482
1.367321029,582042,962
1.369604622,582540,498
1.369604622,583486,946
1.371881238,584000,514
1.371881238,584930,930
1.374246380,585460,530
1.374246380,586374,914
1.376522996,586920,546
1.376522996,587818,898
1.378799612,588380,562
1.378799612,589262,882
1.381076228,589840,578
1.381076228,590706,866
1.383352844,591300,594
1.383352844,592150,850
1.385629460,592760,610
1.385629460,593594,834
1.387906076,594220,626
1.387906076,595038,818
1.390183092,595680,642
1.390183092,596482,802
1.392555211,597140,658
1.392555211,597926,786
1.394831827,598600,674
1.394831827,599370,770
1.397108443,600060,690
1.397108443,600814,754
1.399385059,601520,706
1.399385059,602258,738
1.401661675,602980,722
1.401661675,603702,722
1.403938291,604440,738
1.403938291,605146,706
1.406214907,605900,754
1.406214907,606590,690
1.408730215,607360,770
1.408730215,608034,674
1.410946338,608820,786
1.410946338,609478,658
1.414294123,610280,802
1.414294123,610922,642
1.416510246,611740,818
1.416510246,612366,626
1.418726369,613200,834
1.418726369,613810,610
1.420942492,614660,850
1.420942492,615254,594
1.423158615,616120,866
1.423158615,616698,578
1.425374738,617580,882
1.425374738,618142,562
1.427590861,619040,898
1.427590861,619586,546
1.429806984,620500,914
1.429806984,621030,530
1.432111633,621960,930
1.432111633,622474,514
1.434327756,623420,946
1.434327756,623918,498
1.436732735,624880,962
1.436732735,625362,482
1.438948858,626340,978
1.438948858,626806,466
1.441164981,627800,994
1.441164981,628250,450
1.443381104,629260,1010
1.443381104,629694,434
1.445778706,630720,1026
1.445778706,631138,418
1.447994829,632180,1042
1.447994829,632582,402
1.450210952,633640,1058
1.450210952,634026,386
1.452719879,635100,1074
1.452719879,635470,370
1.455085865,636560,1090
1.455085865,636914,354
1.457322310,638020,1106
1.457322310,638358,338
1.459558755,639480,1122
1.459558755,639802,322
1.461795200,640940,1138
1.461795200,641246,306
1.464214789,642400,1154
1.464214789,642690,290
1.466451234,643860,1170
1.466451234,644134,274
1.468687679,645320,1186
1.468687679,645578,258
1.471196606,646780,1202
1.471196606,647022,242
1.473433051,648240,1218
1.473433051,648466,226
1.475669496,649700,1234
1.475669496,649910,210
1.478086107,651160,1250
1.478086107,651354,194
1.480322552,652620,1266
1.480322552,652798,178
1.482558997,654080,1282
1.482558997,654242,162
1.484983053,655540,1298
1.484983053,655686,146
1.487219498,657000,1314
1.487219498,657130,130
1.489728425,658460,1330
1.489728425,658574,114
1.491964870,659920,1346
1.491964870,660018,98
1.712888654,661380,1362
1.712888654,804439,143059
1.715656616,804460,21
1.715656616,805884,1424
1.717947652,805920,36
1.717947652,807329,1409
1.720239088,807380,51
1.720239088,808774,1394
1.722537148,808840,66
1.722537148,810218,1378
1.724828184,810300,82
1.724828184,811662,1362
1.727208307,811760,98
1.727208307,813106,1346
1.729499343,813220,114
1.729499343,814550,1330
1.731790379,814680,130
1.731790379,815994,1314
1.734081415,816140,146
1.734081415,817438,1298
1.736372451,817600,162
1.736372451,818882,1282
1.738663487,819060,178
1.738663487,820326,1266
1.740954523,820520,194
1.740954523,821770,1250
1.743245959,821980,210
1.743245959,823214,1234
1.745633106,823440,226
1.745633106,824658,1218
1.747924142,824900,242
1.747924142,826102,1202
1.750215178,826360,258
1.750215178,827546,1186
1.752315111,827820,274
1.752315111,828990,1170
1.754415044,829280,290
1.754415044,830434,1154
1.756514977,830740,306
1.756514977,831878,1138
1.758614910,832200,322
1.758614910,833322,1122
1.760714843,833660,338
1.760714843,834766,1106
1.762896832,835120,354
1.762896832,836210,1090
1.765003170,836580,370
1.765003170,837654,1074
1.767103103,838040,386
1.767103103,839098,1058
1.769203036,839500,402
1.769203036,840542,1042
1.771302969,840960,418
1.771302969,841986,1026
1.773402902,842420,434
1.773402902,843430,1010
1.775502835,843880,450
1.775502835,844874,994
1.777684424,845340,466
1.777684424,846318,978
1.779784357,846800,482
1.779784357,847762,962
1.781884290,848260,498
1.781884290,849206,946
1.783984623,849720,514
1.783984623,850650,930
1.786090961,851180,530
1.786090961,852094,914
1.788190894,852640,546
1.788190894,853538,898
1.790290827,854100,562
1.790290827,854982,882
1.792390760,855560,578
1.792390760,856426,866
1.794572349,857020,594
1.794572349,857870,850
1.796672282,858480,610
1.796672282,859314,834
1.798772215,859940,626
1.798772215,860758,818
1.800872148,861400,642
1.800872148,862202,802
1.802972081,862860,658
1.802972081,863646,786
1.805072414,864320,674
1.805072414,865090,770
1.807178752,865780,690
1.807178752,866534,754
1.809278685,867240,706
1.809278685,867978,738
1.811460274,868700,722
1.811460274,869422,722
1.813560207,870160,738
1.813560207,870866,706
1.815660140,871620,754
1.815660140,872310,690
1.817760073,873080,770
1.817760073,873754,674
1.819860006,874540,786
1.819860006,875198,658
1.822640729,876000,802
1.822640729,876642,642
1.824741062,877460,818
1.824741062,878086,626
1.826847400,878920,834
1.826847400,879530,610
1.829028989,880380,850
1.829028989,880974,594
1.831128922,881840,866
1.831128922,882418,578
1.834192020,883300,882
1.834192020,883862,562
1.836291953,884760,898
1.836291953,885306,546
1.838391886,886220,914
1.838391886,886750,530
1.841139696,887680,930
1.841139696,888194,514
1.843239629,889140,946
1.843239629,889638,498
1.845339962,890600,962
1.845339962,891082,482
1.847446300,892060,978
1.847446300,892526,466
1.849546233,893520,994
1.849546233,893970,450
1.852895749,894980,1010
1.852895749,895414,434
1.855282226,896440,1026
1.855282226,896858,418
1.857668703,897900,1042
1.857668703,898302,402
1.860147978,899360,1058
1.860147978,899746,386
1.862534455,900820,1074
1.862534455,901190,370
1.864920932,902280,1090
1.864920932,902634,354
1.867307409,903740,1106
1.867307409,904078,338
1.869694286,905200,1122
1.869694286,905522,322
1.872180894,906660,1138
1.872180894,906966,306
1.874567371,908120,1154
1.874567371,908410,290
1.876953848,909580,1170
1.876953848,909854,274
1.879340325,911040,1186
1.879340325,911298,258
1.881726802,912500,1202
1.881726802,912742,242
1.884113279,913960,1218
1.884113279,914186,226
1.886499756,915420,1234
1.886499756,915630,210
1.888886233,916880,1250
1.888886233,917074,194
1.891365908,918340,1266
1.891365908,918518,178
1.893759718,919800,1282
1.893759718,919962,162
1.896146195,921260,1298
1.896146195,921406,146
1.898532672,922720,1314
1.898532672,922850,130
1.900919149,924180,1330
1.900919149,924294,114
1.903305626,925640,1346
1.903305626,925738,98
1.905784901,927100,1362
1.905784901,927182,82
1.908171378,928560,1378
1.908171378,928626,66
1.910557775,930020,1394
1.910557775,930070,50
1.912942705,931480,1410
1.912942705,931514,34
1.915328035,932940,1426
1.915328035,932958,18
1.917720299,934400,1442
1.917720299,934402,2
1.920105309,935854,1452
1.922491786,935860,6
1.922491786,937299,1439
1.924971061,937320,21
1.924971061,938744,1424
1.927357538,938780,36
1.927357538,940189,1409
1.929744015,940240,51
1.929744015,941634,1394
1.932130492,941700,66
1.932130492,943078,1378
1.934516969,943160,82
1.934516969,944522,1362
1.936996644,944620,98
1.936996644,945966,1346
1.939390454,946080,114
1.939390454,947410,1330
1.941776931,947540,130
1.941776931,948854,1314
1.944163408,949000,146
1.944163408,950298,1298
1.946642683,950460,162
1.946642683,951742,1282
1.949029160,951920,178
1.949029160,953186,1266
1.951415637,953380,194
1.951415637,954630,1250
1.953588005,954840,210
1.953588005,956074,1234
1.955760373,956300,226
1.955760373,957518,1218
1.957932741,957760,242
1.957932741,958962,1202
1.960105509,959220,258
1.960105509,960406,1186
1.962284516,960680,274
1.962284516,961850,1170
1.964541357,962140,290
1.964541357,963294,1154
1.966713725,963600,306
1.966713725,964738,1138
1.968886093,965060,322
1.968886093,966182,1122
1.971058461,966520,338
1.971058461,967626,1106
1.973230829,967980,354
1.973230829,969070,1090
1.975487670,969440,370
1.975487670,970514,1074
1.977660038,970900,386
1.977660038,971958,1058
1.979832806,972360,402
1.979832806,973402,1042
1.982011813,973820,418
1.982011813,974846,1026
1.984184181,975280,434
1.984184181,976290,1010
1.986356549,976740,450
1.986356549,977734,994
1.988528917,978200,466
1.988528917,979178,978
1.990701285,979660,482
1.990701285,980622,962
1.992958126,981120,498
1.992958126,982066,946
1.995130494,982580,514
1.995130494,983510,930
1.997302862,984040,530
1.997302862,984954,914
1.999475230,985500,546
1.999475230,986398,898
2.001647998,986960,562
2.001647998,987842,882
2.003911478,988420,578
2.003911478,989286,866
2.006083846,989880,594
2.006083846,990730,850
2.008256214,991340,610
2.008256214,992174,834
2.010428582,992800,626
2.010428582,993618,818
2.012600950,994260,642
2.012600950,995062,802
2.014773318,995720,658
2.014773318,996506,786
2.016945686,997180,674
2.016945686,997950,770
2.019118054,998640,690
2.019118054,999394,754
2.021375295,1000100,706
2.021375295,1000838,738
2.023554302,1001560,722
2.023554302,1002282,722
2.025726670,1003020,738
2.025726670,1003726,706
2.027899038,1004480,754
2.027899038,1005170,690
2.030071406,1005940,770
2.030071406,1006614,674
2.032243774,1007400,786
2.032243774,1008058,658
2.034500615,1008860,802
2.034500615,1009502,642
2.036672983,1010320,818
2.036672983,1010946,626
2.038845351,1011780,834
2.038845351,1012390,610
2.041017719,1013240,850
2.041017719,1013834,594
2.043190487,1014700,866
2.043190487,1015278,578
2.045369494,1016160,882
2.045369494,1016722,562
2.047626335,1017620,898
2.047626335,1018166,546
2.049798703,1019080,914
2.049798703,1019610,530
2.051971071,1020540,930
2.051971071,1021054,514
2.054187833,1022000,946
2.054187833,1022498,498
2.056404595,1023460,962
2.056404595,1023942,482
2.058621357,1024920,978
2.058621357,1025386,466
2.060838119,1026380,994
2.060838119,1026830,450
2.063141480,1027840,1010
2.063141480,1028274,434
2.065365026,1029300,1026
2.065365026,1029718,418
2.067581788,1030760,1042
2.067581788,1031162,402
2.069798550,1032220,1058
2.069798550,1032606,386
2.072015312,1033680,1074
2.072015312,1034050,370
2.074318273,1035140,1090
2.074318273,1035494,354
2.076535035,1036600,1106
2.076535035,1036938,338
2.078751797,1038060,1122
2.078751797,1038382,322
2.080968559,1039520,1138
2.080968559,1039826,306
2.083185321,1040980,1154
2.083185321,1041270,290
2.085402483,1042440,1170
2.085402483,1042714,274
2.087626029,1043900,1186
2.087626029,1044158,258
2.089842791,1045360,1202
2.089842791,1045602,242
2.092145752,1046820,1218
2.092145752,1047046,226
2.094362514,1048280,1234
2.094362514,1048490,210
2.096579276,1049740,1250
2.096579276,1049934,194
2.098796038,1051200,1266
2.098796038,1051378,178
2.101012800,1052660,1282
2.101012800,1052822,162
2.103315761,1054120,1298
2.103315761,1054266,146
2.105532923,1055580,1314
2.105532923,1055710,130
2.107756469,1057040,1330
2.107756469,1057154,114
2.109973231,1058500,1346
2.109973231,1058598,98
2.112189993,1059960,1362
2.112189993,1060042,82
2.114406755,1061420,1378
2.114406755,1061486,66
2.116623437,1062880,1394
2.116623437,1062930,50
2.118838763,1064340,1410
2.118838763,1064374,34
2.121140288,1065800,1426
2.121140288,1065818,18
2.123355614,1067260,1442
2.123355614,1067262,2
2.125571020,1068714,1452
2.127788182,1068720,6
2.127788182,1070159,1439
2.130011728,1070180,21
2.130011728,1071604,1424
2.132314689,1071640,36
2.132314689,1073049,1409
2.134531451,1073100,51
2.134531451,1074494,1394
2.136748213,1074560,66
2.136748213,1075938,1378
2.138964975,1076020,82
2.138964975,1077382,1362
2.141181737,1077480,98
2.141181737,1078826,1346
2.143398499,1078940,114
2.143398499,1080270,1330
2.145701460,1080400,130
2.145701460,1081714,1314
2.147918622,1081860,146
2.147918622,1083158,1298
2.150142168,1083320,162
2.150142168,1084602,1282
2.152346152,1084780,178
2.152346152,1086046,1266
2.154550136,1086240,194
2.154550136,1087490,1250
2.156754120,1087700,210
2.156754120,1088934,1234
2.158958104,1089160,226
2.158958104,1090378,1218
2.161247790,1090620,242
2.161247790,1091822,1202
2.163451774,1092080,258
2.163451774,1093266,1186
2.165655758,1093540,274
2.165655758,1094710,1170
2.167859742,1095000,290
2.167859742,1096154,1154
2.170064126,1096460,306
2.170064126,1097598,1138
2.172274852,1097920,322
2.172274852,1099042,1122
2.174564538,1099380,338
2.174564538,1100486,1106
2.176768522,1100840,354
2.176768522,1101930,1090
2.178972506,1102300,370
2.178972506,1103374,1074
2.181176490,1103760,386
2.181176490,1104818,1058
2.183380474,1105220,402
2.183380474,1106262,1042
2.185584458,1106680,418
2.185584458,1107706,1026
2.187788442,1108140,434
2.187788442,1109150,1010
2.190078528,1109600,450
2.190078528,1110594,994
2.192289254,1111060,466
2.192289254,1112038,978
2.194493238,1112520,482
2.194493238,1113482,962
2.196697222,1113980,498
2.196697222,1114926,946
2.198901206,1115440,514
2.198901206,1116370,930
2.201105190,1116900,530
2.201105190,1117814,914
2.203394876,1118360,546
2.203394876,1119258,898
2.205598860,1119820,562
2.205598860,1120702,882
2.207802844,1121280,578
2.207802844,1122146,866
2.210006828,1122740,594
2.210006828,1123590,850
2.212211212,1124200,610
2.212211212,1125034,834
2.214507640,1125660,626
2.214507640,1126478,818
2.216711624,1127120,642
2.216711624,1127922,802
2.218915608,1128580,658
2.218915608,1129366,786
2.221119592,1130040,674
2.221119592,1130810,770
2.223323576,1131500,690
2.223323576,1132254,754
2.225527560,1132960,706
2.225527560,1133698,738
2.227731544,1134420,722
2.227731544,1135142,722
2.229935528,1135880,738
2.229935528,1136586,706
2.232225614,1137340,754
2.232225614,1138030,690
2.234436340,1138800,770
2.234436340,1139474,674
2.236640324,1140260,786
2.236640324,1140918,658
2.238844308,1141720,802
2.238844308,1142362,642
2.241048292,1143180,818
2.241048292,1143806,626
2.243337978,1144640,834
2.243337978,1145250,610
2.245541962,1146100,850
2.245541962,1146694,594
2.247745946,1147560,866
2.247745946,1148138,578
2.249949930,1149020,882
2.249949930,1149582,562
2.252153914,1150480,898
2.252153914,1151026,546
2.254606036,1151940,914
2.254606036,1152470,530
2.257065302,1153400,930
2.257065302,1153914,514
2.259612359,1154860,946
2.259612359,1155358,498
2.262064081,1156320,962
2.262064081,1156802,482
2.264515803,1157780,978
2.264515803,1158246,466
2.266967525,1159240,994
2.266967525,1159690,450
2.269419247,1160700,1010
2.269419247,1161134,434
2.271870969,1162160,1026
2.271870969,1162578,418
2.274418026,1163620,1042
2.274418026,1164022,402
2.276870148,1165080,1058
2.276870148,1165466,386
2.279329414,1166540,1074
2.279329414,1166910,370
2.281781136,1168000,1090
2.281781136,1168354,354
2.284232858,1169460,1106
2.284232858,1169798,338
2.286684580,1170920,1122
2.286684580,1171242,322
2.289136302,1172380,1138
2.289136302,1172686,306
2.291683359,1173840,1154
2.291683359,1174130,290
2.294135081,1175300,1170
2.294135081,1175574,274
2.296586803,1176760,1186
2.296586803,1177018,258
2.299038525,1178220,1202
2.299038525,1178462,242
2.301490647,1179680,1218
2.301490647,1179906,226
2.303949913,1181140,1234
2.303949913,1181350,210
2.306496970,1182600,1250
2.306496970,1182794,194
2.308948692,1184060,1266
2.308948692,1184238,178
2.311400414,1185520,1282
2.311400414,1185682,162
2.313852136,1186980,1298
2.313852136,1187126,146
2.316303858,1188440,1314
2.316303858,1188570,130
2.318850915,1189900,1330
2.318850915,1190014,114
2.321302637,1191360,1346
2.321302637,1191458,98
2.323754759,1192820,1362
2.323754759,1192902,82
2.326214025,1194280,1378
2.326214025,1194346,66
2.328665667,1195740,1394
2.328665667,1195790,50
2.331115800,1197200,1410
2.331115800,1197234,34
2.333565933,1198660,1426
2.333565933,1198678,18
2.336111401,1200120,1442
2.336111401,1200122,2
2.338561614,1201574,1452
2.341013336,1201580,6
2.341013336,1203019,1439
2.343465058,1203040,21
2.343465058,1204464,1424
2.345916780,1204500,36
2.345916780,1205909,1409
2.348368902,1205960,51
2.348368902,1207354,1394
2.350828168,1207420,66
2.350828168,1208798,1378
2.353160779,1208880,82
2.353160779,1210242,1362
2.355406081,1210340,98
2.355406081,1211686,1346
2.357651383,1211800,114
2.357651383,1213130,1330
2.359896685,1213260,130
2.359896685,1214574,1314
2.362141987,1214720,146
2.362141987,1216018,1298
2.364387289,1216180,162
2.364387289,1217462,1282
2.366632591,1217640,178
2.366632591,1218906,1266
2.368965602,1219100,194
2.368965602,1220350,1250
2.371217780,1220560,210
2.371217780,1221794,1234
2.373463082,1222020,226
2.373463082,1223238,1218
2.375708384,1223480,242
2.375708384,1224682,1202
2.377953686,1224940,258
2.377953686,1226126,1186
2.380198988,1226400,274
2.380198988,1227570,1170
2.382531599,1227860,290
2.382531599,1229014,1154
2.384776901,1229320,306
2.384776901,1230458,1138
2.387022203,1230780,322
2.387022203,1231902,1122
2.389267505,1232240,338
2.389267505,1233346,1106
2.391513207,1233700,354
2.391513207,1234790,1090
2.393765385,1235160,370
2.393765385,1236234,1074
2.396010687,1236620,386
2.396010687,1237678,1058
2.398343298,1238080,402
2.398343298,1239122,1042
2.400588600,1239540,418
2.400588600,1240566,1026
2.402833902,1241000,434
2.402833902,1242010,1010
2.405079204,1242460,450
2.405079204,1243454,994
2.407324506,1243920,466
2.407324506,1244898,978
2.409569808,1245380,482
2.409569808,1246342,962
2.411902819,1246840,498
2.411902819,1247786,946
2.414154997,1248300,514
2.414154997,1249230,930
2.416400299,1249760,530
2.416400299,1250674,914
2.418645601,1251220,546
2.418645601,1252118,898
2.420890903,1252680,562
2.420890903,1253562,882
2.423223514,1254140,578
2.423223514,1255006,866
2.425468816,1255600,594
2.425468816,1256450,850
2.427714118,1257060,610
2.427714118,1257894,834
2.429959420,1258520,626
2.429959420,1259338,818
2.432204722,1259980,642
2.432204722,1260782,802
2.434450424,1261440,658
2.434450424,1262226,786
2.436702602,1262900,674
2.436702602,1263670,770
2.439035213,1264360,690
2.439035213,1265114,754
2.441280515,1265820,706
2.441280515,1266558,738
2.443525817,1267280,722
2.443525817,1268002,722
2.445771119,1268740,738
2.445771119,1269446,706
2.448016421,1270200,754
2.448016421,1270890,690
2.450261723,1271660,770
2.450261723,1272334,674
2.452466809,1273120,786
2.452466809,1273778,658
2.454589759,1274580,802
2.454589759,1275222,642
2.456718787,1276040,818
2.456718787,1276666,626
2.458841337,1277500,834
2.458841337,1278110,610
2.460963887,1278960,850
2.460963887,1279554,594
2.463086437,1280420,866
2.463086437,1280998,578
2.465208987,1281880,882
2.465208987,1282442,562
2.467414073,1283340,898
2.467414073,1283886,546
2.469536623,1284800,914
2.469536623,1285330,530
2.471659173,1286260,930
2.471659173,1286774,514
2.473781723,1287720,946
2.473781723,1288218,498
2.475904673,1289180,962
2.475904673,1289662,482
2.478033701,1290640,978
2.478033701,1291106,466
2.480238787,1292100,994
2.480238787,1292550,450
2.482361337,1293560,1010
2.482361337,1293994,434
2.484483887,1295020,1026
2.484483887,1295438,418
2.486606437,1296480,1042
2.486606437,1296882,402
2.488728987,1297940,1058
2.488728987,1298326,386
2.490851537,1299400,1074
2.490851537,1299770,370
2.492974087,1300860,1090
2.492974087,1301214,354
2.495179573,1302320,1106
2.495179573,1302658,338
2.497308601,1303780,1122
2.497308601,1304102,322
2.499431151,1305240,1138
2.499431151,1305546,306
2.501553701,1306700,1154
2.501553701,1306990,290
2.503676251,1308160,1170
2.503676251,1308434,274
2.505798801,1309620,1186
2.505798801,1309878,258
2.508003887,1311080,1202
2.508003887,1311322,242
2.510126437,1312540,1218
2.510126437,1312766,226
2.512248987,1314000,1234
2.512248987,1314210,210
2.514371537,1315460,1250
2.514371537,1315654,194
2.516494487,1316920,1266
2.516494487,1317098,178
2.518706051,1318380,1282
2.518706051,1318542,162
2.520828601,1319840,1298
2.520828601,1319986,146
2.522951151,1321300,1314
2.522951151,1321430,130
2.525073701,1322760,1330
2.525073701,1322874,114
2.527196251,1324220,1346
2.527196251,1324318,98
2.529318801,1325680,1362
2.529318801,1325762,82
2.531441351,1327140,1378
2.531441351,1327206,66
2.533646357,1328600,1394
2.533646357,1328650,50
2.535767932,1330060,1410
2.535767932,1330094,34
2.537895585,1331520,1426
2.537895585,1331538,18
2.540016760,1332980,1442
2.540016760,1332982,2
2.542138015,1334434,1452
2.544260565,1334440,6
2.544260565,1335879,1439
2.546465651,1335900,21
2.546465651,1337324,1424
2.548588201,1337360,36
2.548588201,1338769,1409
2.550710751,1338820,51
2.550710751,1340214,1394
2.553173478,1340280,66
2.553173478,1341658,1378
2.555636205,1341740,82
2.555636205,1343102,1362
2.558099332,1343200,98
2.558099332,1344546,1346
2.560569639,1344660,114
2.560569639,1345990,1330
2.563128129,1346120,130
2.563128129,1347434,1314
2.565590856,1347580,146
2.565590856,1348878,1298
2.568053583,1349040,162
2.568053583,1350322,1282
2.570516310,1350500,178
2.570516310,1351766,1266
2.572979037,1351960,194
2.572979037,1353210,1250
2.575441764,1353420,210
2.575441764,1354654,1234
2.578000254,1354880,226
2.578000254,1356098,1218
2.580463381,1356340,242
2.580463381,1357542,1202
2.582933688,1357800,258
2.582933688,1358986,1186
2.585396415,1359260,274
2.585396415,1360430,1170
2.587859142,1360720,290
2.587859142,1361874,1154
2.590417632,1362180,306
2.590417632,1363318,1138
2.592880359,1363640,322
2.592880359,1364762,1122
2.595343086,1365100,338
2.595343086,1366206,1106
2.597805813,1366560,354
2.597805813,1367650,1090
2.600268540,1368020,370
2.600268540,1369094,1074
2.602731267,1369480,386
2.602731267,1370538,1058
2.605194394,1370940,402
2.605194394,1371982,1042
2.607664701,1372400,418
2.607664701,1373426,1026
2.610223191,1373860,434
2.610223191,1374870,1010
2.612685918,1375320,450
2.612685918,1376314,994
2.615148645,1376780,466
2.615148645,1377758,978
2.617611372,1378240,482
2.617611372,1379202,962
2.620074099,1379700,498
2.620074099,1380646,946
2.622632589,1381160,514
2.622632589,1382090,930
2.625095316,1382620,530
2.625095316,1383534,914
2.627558443,1384080,546
2.627558443,1384978,898
2.630028750,1385540,562
2.630028750,1386422,882
2.632491477,1387000,578
2.632491477,1387866,866
2.634954204,1388460,594
2.634954204,1389310,850
2.637416931,1389920,610
2.637416931,1390754,834
2.639975421,1391380,626
2.639975421,1392198,818
2.642438148,1392840,642
2.642438148,1393642,802
2.644900875,1394300,658
2.644900875,1395086,786
2.647363602,1395760,674
2.647363602,1396530,770
2.649826329,1397220,690
2.649826329,1397974,754
2.652289456,1398680,706
2.652289456,1399418,738
2.654700871,1400140,722
2.654700871,1400862,722
2.657015194,1401600,738
2.657015194,1402306,706
2.659329517,1403060,754
2.659329517,1403750,690
2.661643840,1404520,770
2.661643840,1405194,674
2.663958163,1405980,786
2.663958163,1406638,658
2.666272486,1407440,802
2.666272486,1408082,642
2.668586809,1408900,818
2.668586809,1409526,626
2.670901132,1410360,834
2.670901132,1410970,610
2.673305848,1411820,850
2.673305848,1412414,594
2.675627270,1413280,866
2.675627270,1413858,578
2.677941593,1414740,882
2.677941593,1415302,562
2.680255916,1416200,898
2.680255916,1416746,546
2.682570239,1417660,914
2.682570239,1418190,530
2.684884562,1419120,930
2.684884562,1419634,514
2.687288878,1420580,946
2.687288878,1421078,498
2.689603201,1422040,962
2.689603201,1422522,482
2.691917524,1423500,978
2.691917524,1423966,466
2.694231847,1424960,994
2.694231847,1425410,450
2.696546570,1426420,1010
2.696546570,1426854,434
2.698957985,1427880,1026
2.698957985,1428298,418
2.701272308,1429340,1042
2.701272308,1429742,402
2.703586631,1430800,1058
2.703586631,1431186,386
2.705900954,1432260,1074
2.705900954,1432630,370
2.708215277,1433720,1090
2.708215277,1434074,354
2.710529600,1435180,1106
2.710529600,1435518,338
2.712843923,1436640,1122
2.712843923,1436962,322
2.715248239,1438100,1138
2.715248239,1438406,306
2.717562962,1439560,1154
2.717562962,1439850,290
2.719884384,1441020,1170
2.719884384,1441294,274
2.722198707,1442480,1186
2.722198707,1442738,258
2.724513030,1443940,1202
2.724513030,1444182,242
2.726827353,1445400,1218
2.726827353,1445626,226
2.729231669,1446860,1234
2.729231669,1447070,210
2.731545992,1448320,1250
2.731545992,1448514,194
2.733860315,1449780,1266
2.733860315,1449958,178
2.736174638,1451240,1282
2.736174638,1451402,162
2.738488961,1452700,1298
2.738488961,1452846,146
2.740803684,1454160,1314
2.740803684,1454290,130
2.743125106,1455620,1330
2.743125106,1455734,114
2.745529422,1457080,1346
2.745529422,1457178,98
2.747843745,1458540,1362
2.747843745,1458622,82
2.750158068,1460000,1378
2.750158068,1460066,66
2.752218056,1461460,1394
2.752218056,1461510,50
2.754276789,1462920,1410
2.754276789,1462954,34
2.756335522,1464380,1426
2.756335522,1464398,18
2.758474361,1465840,1442
2.758474361,1465842,2
2.760533574,1467294,1452
2.762599917,1467300,6
2.762599917,1468739,1439
2.764659985,1468760,21
2.764659985,1470184,1424
2.766720053,1470220,36
2.766720053,1471629,1409
2.768780121,1471680,51
2.768780121,1473074,1394
2.770840189,1473140,66
2.770840189,1474518,1378
2.772980363,1474600,82
2.772980363,1475962,1362
2.775040431,1476060,98
2.775040431,1477406,1346
2.777100499,1477520,114
2.777100499,1478850,1330
2.779160567,1478980,130
2.779160567,1480294,1314
2.781221035,1480440,146
2.781221035,1481738,1298
2.783287378,1481900,162
2.783287378,1483182,1282
2.785427552,1483360,178
2.785427552,1484626,1266
2.787487620,1484820,194
2.787487620,1486070,1250
2.789547688,1486280,210
2.789547688,1487514,1234
2.791607756,1487740,226
2.791607756,1488958,1218
2.793667824,1489200,242
2.793667824,1490402,1202
2.795807998,1490660,258
2.795807998,1491846,1186
2.797868066,1492120,274
2.797868066,1493290,1170
2.799928534,1493580,290
2.799928534,1494734,1154
2.801994877,1495040,306
2.801994877,1496178,1138
2.804054945,1496500,322
2.804054945,1497622,1122
2.806115013,1497960,338
2.806115013,1499066,1106
2.808175081,1499420,354
2.808175081,1500510,1090
2.810235149,1500880,370
2.810235149,1501954,1074
2.812375323,1502340,386
2.812375323,1503398,1058
2.814435391,1503800,402
2.814435391,1504842,1042
2.816495459,1505260,418
2.816495459,1506286,1026
2.818555527,1506720,434
2.818555527,1507730,1010
2.820615995,1508180,450
2.820615995,1509174,994
2.822762444,1509640,466
2.822762444,1510618,978
2.824822512,1511100,482
2.824822512,1512062,962
2.826882580,1512560,498
2.826882580,1513506,946
2.828942648,1514020,514
2.828942648,1514950,930
2.831002716,1515480,530
2.831002716,1516394,914
2.833062784,1516940,546
2.833062784,1517838,898
2.835122852,1518400,562
2.835122852,1519282,882
2.837182920,1519860,578
2.837182920,1520726,866
2.839323494,1521320,594
2.839323494,1522170,850
2.841389837,1522780,610
2.841389837,1523614,834
2.843449905,1524240,626
2.843449905,1525058,818
2.845509973,1525700,642
2.845509973,1526502,802
2.847570041,1527160,658
2.847570041,1527946,786
2.849710215,1528620,674
2.849710215,1529390,770
2.851770283,1530080,690
2.851770283,1530834,754
2.854064540,1531540,706
2.854064540,1532278,738
2.856358797,1533000,722
2.856358797,1533722,722
2.858653054,1534460,738
2.858653054,1535166,706
2.861043958,1535920,754
2.861043958,1536610,690
2.863338215,1537380,770
2.863338215,1538054,674
2.865632472,1538840,786
2.865632472,1539498,658
2.867926729,1540300,802
2.867926729,1540942,642
2.870220986,1541760,818
2.870220986,1542386,626
2.872515243,1543220,834
2.872515243,1543830,610
2.874809500,1544680,850
2.874809500,1545274,594
2.877103757,1546140,866
2.877103757,1546718,578
2.879487226,1547600,882
2.879487226,1548162,562
2.881781883,1549060,898
2.881781883,1549606,546
2.884083174,1550520,914
2.884083174,1551050,530
2.886377431,1551980,930
2.886377431,1552494,514
2.888671688,1553440,946
2.888671688,1553938,498
2.891055157,1554900,962
2.891055157,1555382,482
2.893349414,1556360,978
2.893349414,1556826,466
2.895643671,1557820,994
2.895643671,1558270,450
2.897937928,1559280,1010
2.897937928,1559714,434
2.900232185,1560740,1026
2.900232185,1561158,418
2.902526442,1562200,1042
2.902526442,1562602,402
2.904821099,1563660,1058
2.904821099,1564046,386
2.907122390,1565120,1074
2.907122390,1565490,370
2.909505859,1566580,1090
2.909505859,1566934,354
2.911800116,1568040,1106
2.911800116,1568378,338
2.914094373,1569500,1122
2.914094373,1569822,322
2.916388630,1570960,1138
2.916388630,1571266,306
2.918682887,1572420,1154
2.918682887,1572710,290
2.921066356,1573880,1170
2.921066356,1574154,274
2.923360613,1575340,1186
2.923360613,1575598,258
2.925655270,1576800,1202
2.925655270,1577042,242
2.927956561,1578260,1218
2.927956561,1578486,226
2.930250818,1579720,1234
2.930250818,1579930,210
2.932545075,1581180,1250
2.932545075,1581374,194
2.934839332,1582640,1266
2.934839332,1582818,178
2.937133589,1584100,1282
2.937133589,1584262,162
2.939517058,1585560,1298
2.939517058,1585706,146
2.941811315,1587020,1314
2.941811315,1587150,130
2.944105572,1588480,1330
2.944105572,1588594,114
2.946399829,1589940,1346
2.946399829,1590038,98
2.948694486,1591400,1362
2.948694486,1591482,82
2.951084989,1592860,1378
2.951084989,1592926,66
2.953369086,1594320,1394
2.953369086,1594370,50
2.955651782,1595780,1410
2.955651782,1595814,34
2.957934478,1597240,1426
2.957934478,1597258,18
2.960217174,1598700,1442
2.960217174,1598702,2
2.962588770,1600154,1452
2.964872947,1600160,6
2.964872947,1601599,1439
2.967157124,1601620,21
2.967157124,1603044,1424
2.969441701,1603080,36
2.969441701,1604489,1409
2.971732880,1604540,51
2.971732880,1605934,1394
2.974017057,1606000,66
2.974017057,1607378,1378
2.976301234,1607460,82
2.976301234,1608822,1362
2.978585411,1608920,98
2.978585411,1610266,1346
2.980869588,1610380,114
2.980869588,1611710,1330
2.983242585,1611840,130
2.983242585,1613154,1314
2.985526762,1613300,146
2.985526762,1614598,1298
2.987810939,1614760,162
2.987810939,1616042,1282
2.990095116,1616220,178
2.990095116,1617486,1266
2.992379693,1617680,194
2.992379693,1618930,1250
2.994759692,1619140,210
2.994759692,1620374,1234
2.997043869,1620600,226
2.997043869,1621818,1218
2.999328046,1622060,242
2.999328046,1623262,1202
3.001612223,1623520,258
3.001612223,1624706,1186
3.003896400,1624980,274
3.003896400,1626150,1170
3.006180577,1626440,290
3.006180577,1627594,1154
3.008464754,1627900,306
3.008464754,1629038,1138
3.010748931,1629360,322
3.010748931,1630482,1122
3.013122328,1630820,338
3.013122328,1631926,1106
3.015413507,1632280,354
3.015413507,1633370,1090
3.017697684,1633740,370
3.017697684,1634814,1074
3.019981861,1635200,386
3.019981861,1636258,1058
3.022266038,1636660,402
3.022266038,1637702,1042
3.024639035,1638120,418
3.024639035,1639146,1026
3.026923212,1639580,434
3.026923212,1640590,1010
3.029207389,1641040,450
3.029207389,1642034,994
3.031491566,1642500,466
3.031491566,1643478,978
3.033775743,1643960,482
3.033775743,1644922,962
3.036060320,1645420,498
3.036060320,1646366,946
3.038351499,1646880,514
3.038351499,1647810,930
3.040635676,1648340,530
3.040635676,1649254,914
3.043008673,1649800,546
3.043008673,1650698,898
3.045292850,1651260,562
3.045292850,1652142,882
3.047577027,1652720,578
3.047577027,1653586,866
3.049861204,1654180,594
3.049861204,1655030,850
3.052145381,1655640,610
3.052145381,1656474,834
3.054507702,1657100,626
3.054507702,1657918,818
3.056782002,1658560,642
3.056782002,1659362,802
3.059062870,1660020,658
3.059062870,1660806,786
3.061336770,1661480,674
3.061336770,1662250,770
3.063610670,1662940,690
3.063610670,1663694,754
3.065972991,1664400,706
3.065972991,1665138,738
3.068246891,1665860,722
3.068246891,1666582,722
3.070520791,1667320,738
3.070520791,1668026,706
3.072794691,1668780,754
3.072794691,1669470,690
3.075068591,1670240,770
3.075068591,1670914,674
3.077342491,1671700,786
3.077342491,1672358,658
3.079616791,1673160,802
3.079616791,1673802,642
3.081897659,1674620,818
3.081897659,1675246,626
3.084259980,1676080,834
3.084259980,1676690,610
3.086533880,1677540,850
3.086533880,1678134,594
3.088807780,1679000,866
3.088807780,1679578,578
3.091081680,1680460,882
3.091081680,1681022,562
3.093355580,1681920,898
3.093355580,1682466,546
3.095717901,1683380,914
3.095717901,1683910,530
3.097991801,1684840,930
3.097991801,1685354,514
3.100266101,1686300,946
3.100266101,1686798,498
3.102546969,1687760,962
3.102546969,1688242,482
3.104820869,1689220,978
3.104820869,1689686,466
3.107094769,1690680,994
3.107094769,1691130,450
3.109368669,1692140,1010
3.109368669,1692574,434
3.111642569,1693600,1026
3.111642569,1694018,418
3.114004890,1695060,1042
3.114004890,1695462,402
3.116278790,1696520,1058
3.116278790,1696906,386
3.118552690,1697980,1074
3.118552690,1698350,370
3.120826590,1699440,1090
3.120826590,1699794,354
3.123100890,1700900,1106
3.123100890,1701238,338
3.125470179,1702360,1122
3.125470179,1702682,322
3.127744079,1703820,1138
3.127744079,1704126,306
3.130017979,1705280,1154
3.130017979,1705570,290
3.132291879,1706740,1170
3.132291879,1707014,274
3.134565779,1708200,1186
3.134565779,1708458,258
3.136839679,1709660,1202
3.136839679,1709902,242
3.139113579,1711120,1218
3.139113579,1711346,226
3.141387479,1712580,1234
3.141387479,1712790,210
3.143750200,1714040,1250
3.143750200,1714234,194
3.146031068,1715500,1266
3.146031068,1715678,178
3.148304968,1716960,1282
3.148304968,1717122,162
3.150578868,1718420,1298
3.150578868,1718566,146
3.152707958,1719880,1314
3.152707958,1720010,130
3.154919838,1721340,1330
3.154919838,1721454,114
3.157048928,1722800,1346
3.157048928,1722898,98
3.159178018,1724260,1362
3.159178018,1724342,82
3.161307108,1725720,1378
3.161307108,1725786,66
3.163436118,1727180,1394
3.163436118,1727230,50
3.165653517,1728640,1410
3.165653517,1728674,34
3.167781227,1730100,1426
3.167781227,1730118,18
3.169908937,1731560,1442
3.169908937,1731562,2
3.172036727,1733014,1452
3.174165817,1733020,6
3.174165817,1734459,1439
3.176294907,1734480,21
3.176294907,1735904,1424
3.178423997,1735940,36
3.178423997,1737349,1409
3.180553087,1737400,51
3.180553087,1738794,1394
3.182764967,1738860,66
3.182764967,1740238,1378
3.184894457,1740320,82
3.184894457,1741682,1362
3.187030046,1741780,98
3.187030046,1743126,1346
3.189159136,1743240,114
3.189159136,1744570,1330
3.191288226,1744700,130
3.191288226,1746014,1314
3.193500106,1746160,146
3.193500106,1747458,1298
3.195629196,1747620,162
3.195629196,1748902,1282
3.197758286,1749080,178
3.197758286,1750346,1266
3.199887376,1750540,194
3.199887376,1751790,1250
3.202016466,1752000,210
3.202016466,1753234,1234
3.204145556,1753460,226
3.204145556,1754678,1218
3.206275046,1754920,242
3.206275046,1756122,1202
3.208410635,1756380,258
3.208410635,1757566,1186
3.210622515,1757840,274
3.210622515,1759010,1170
3.212751605,1759300,290
3.212751605,1760454,1154
3.214880695,1760760,306
3.214880695,1761898,1138
3.217009785,1762220,322
3.217009785,1763342,1122
3.219138875,1763680,338
3.219138875,1764786,1106
3.221350755,1765140,354
3.221350755,1766230,1090
3.223479845,1766600,370
3.223479845,1767674,1074
3.225609335,1768060,386
3.225609335,1769118,1058
3.227744924,1769520,402
3.227744924,1770562,1042
3.229874014,1770980,418
3.229874014,1772006,1026
3.232085894,1772440,434
3.232085894,1773450,1010
3.234214984,1773900,450
3.234214984,1774894,994
3.236344074,1775360,466
3.236344074,1776338,978
3.238473164,1776820,482
3.238473164,1777782,962
3.240602254,1778280,498
3.240602254,1779226,946
3.242731344,1779740,514
3.242731344,1780670,930
3.244860434,1781200,530
3.244860434,1782114,914
3.246989924,1782660,546
3.246989924,1783558,898
3.249208303,1784120,562
3.249208303,1785002,882
3.251337393,1785580,578
3.251337393,1786446,866
3.253548403,1787040,594
3.253548403,1787890,850
3.255759413,1788500,610
3.255759413,1789334,834
3.257970423,1789960,626
3.257970423,1790778,818
3.260267408,1791420,642
3.260267408,1792222,802
3.262478418,1792880,658
3.262478418,1793666,786
3.264689428,1794340,674
3.264689428,1795110,770
3.266900838,1795800,690
3.266900838,1796554,754
3.269118612,1797260,706
3.269118612,1797998,738
3.271329622,1798720,722
3.271329622,1799442,722
3.273540632,1800180,738
3.273540632,1800886,706
3.275751642,1801640,754
3.275751642,1802330,690
3.278048627,1803100,770
3.278048627,1803774,674
3.280259637,1804560,786
3.280259637,1805218,658
3.282470647,1806020,802
3.282470647,1806662,642
3.284681657,1807480,818
3.284681657,1808106,626
3.286892667,1808940,834
3.286892667,1809550,610
3.289196817,1810400,850
3.289196817,1810994,594
3.291407827,1811860,866
3.291407827,1812438,578
3.293618837,1813320,882
3.293618837,1813882,562
3.295829847,1814780,898
3.295829847,1815326,546
3.298040857,1816240,914
3.298040857,1816770,530
3.300251867,1817700,930
3.300251867,1818214,514
3.302462877,1819160,946
3.302462877,1819658,498
3.304673887,1820620,962
3.304673887,1821102,482
3.306884897,1822080,978
3.306884897,1822546,466
3.309182282,1823540,994
3.309182282,1823990,450
3.311400056,1825000,1010
3.311400056,1825434,434
3.313611066,1826460,1026
3.313611066,1826878,418
3.315822076,1827920,1042
3.315822076,1828322,402
3.318033086,1829380,1058
3.318033086,1829766,386
3.320330071,1830840,1074
3.320330071,1831210,370
3.322541081,1832300,1090
3.322541081,1832654,354
3.324752091,1833760,1106
3.324752091,1834098,338
3.326963101,1835220,1122
3.326963101,1835542,322
3.329174111,1836680,1138
3.329174111,1836986,306
3.331478261,1838140,1154
3.331478261,1838430,290
3.333689271,1839600,1170
3.333689271,1839874,274
3.335900281,1841060,1186
3.335900281,1841318,258
3.338111291,1842520,1202
3.338111291,1842762,242
3.340322301,1843980,1218
3.340322301,1844206,226
3.342533311,1845440,1234
3.342533311,1845650,210
3.344744321,1846900,1250
3.344744321,1847094,194
3.346955331,1848360,1266
3.346955331,1848538,178
3.349252316,1849820,1282
3.349252316,1849982,162
3.351463726,1851280,1298
3.351463726,1851426,146
3.353829340,1852740,1314
3.353829340,1852870,130
3.356187712,1854200,1330
3.356187712,1854314,114
3.358546084,1855660,1346
3.358546084,1855758,98
3.360996162,1857120,1362
3.360996162,1857202,82
3.363354534,1858580,1378
3.363354534,1858646,66
3.365712826,1860040,1394
3.365712826,1860090,50
3.368069670,1861500,1410
3.368069670,1861534,34
3.370426514,1862960,1426
3.370426514,1862978,18
3.372783358,1864420,1442
3.372783358,1864422,2
3.375140682,1865874,1452
3.377506296,1865880,6
3.377506296,1867319,1439
3.379956374,1867340,21
3.379956374,1868764,1424
3.382314746,1868800,36
3.382314746,1870209,1409
3.384673118,1870260,51
3.384673118,1871654,1394
3.387031490,1871720,66
3.387031490,1873098,1378
3.389389862,1873180,82
3.389389862,1874542,1362
3.391839940,1874640,98
3.391839940,1875986,1346
3.394198312,1876100,114
3.394198312,1877430,1330
3.396557084,1877560,130
3.396557084,1878874,1314
3.398922698,1879020,146
3.398922698,1880318,1298
3.401281070,1880480,162
3.401281070,1881762,1282
3.403639442,1881940,178
3.403639442,1883206,1266
3.405997814,1883400,194
3.405997814,1884650,1250
3.408356186,1884860,210
3.408356186,1886094,1234
3.410806264,1886320,226
3.410806264,1887538,1218
3.413164636,1887780,242
3.413164636,1888982,1202
3.415523008,1889240,258
3.415523008,1890426,1186
3.417881380,1890700,274
3.417881380,1891870,1170
3.420240152,1892160,290
3.420240152,1893314,1154
3.422697472,1893620,306
3.422697472,1894758,1138
3.425055844,1895080,322
3.425055844,1896202,1122
3.427414216,1896540,338
3.427414216,1897646,1106
3.429772588,1898000,354
3.429772588,1899090,1090
3.432130960,1899460,370
3.432130960,1900534,1074
3.434581038,1900920,386
3.434581038,1901978,1058
3.436939410,1902380,402
3.436939410,1903422,1042
3.439297782,1903840,418
3.439297782,1904866,1026
3.441656554,1905300,434
3.441656554,1906310,1010
3.444022168,1906760,450
3.444022168,1907754,994
3.446380540,1908220,466
3.446380540,1909198,978
3.448738912,1909680,482
3.448738912,1910642,962
3.451097284,1911140,498
3.451097284,1912086,946
3.453318508,1912600,514
3.453318508,1913530,930
3.455456592,1914060,530
3.455456592,1914974,914
3.457594676,1915520,546
3.457594676,1916418,898
3.459732760,1916980,562
3.459732760,1917862,882
3.461870844,1918440,578
3.461870844,1919306,866
3.464098996,1919900,594
3.464098996,1920750,850
3.466237080,1921360,610
3.466237080,1922194,834
3.468375164,1922820,626
3.468375164,1923638,818
3.470513248,1924280,642
3.470513248,1925082,802
3.472651332,1925740,658
3.472651332,1926526,786
3.474789416,1927200,674
3.474789416,1927970,770
3.476927500,1928660,690
3.476927500,1929414,754
3.479065584,1930120,706
3.479065584,1930858,738
3.481286808,1931580,722
3.481286808,1932302,722
3.483425292,1933040,738
3.483425292,1933746,706
3.485569904,1934500,754
3.485569904,1935190,690
3.487707988,1935960,770
3.487707988,1936634,674
3.489846072,1937420,786
3.489846072,1938078,658
3.492067296,1938880,802
3.492067296,1939522,642
3.494205380,1940340,818
3.494205380,1940966,626
3.496343464,1941800,834
3.496343464,1942410,610
3.498481548,1943260,850
3.498481548,1943854,594
3.500619632,1944720,866
3.500619632,1945298,578
3.502757716,1946180,882
3.502757716,1946742,562
3.504896200,1947640,898
3.504896200,1948186,546
3.507040812,1949100,914
3.507040812,1949630,530
3.509262036,1950560,930
3.509262036,1951074,514
3.511400120,1952020,946
3.511400120,1952518,498
3.513538204,1953480,962
3.513538204,1953962,482
3.515676288,1954940,978
3.515676288,1955406,466
3.517814372,1956400,994
3.517814372,1956850,450
3.520035596,1957860,1010
3.520035596,1958294,434
3.522173680,1959320,1026
3.522173680,1959738,418
3.524312164,1960780,1042
3.524312164,1961182,402
3.526456776,1962240,1058
3.526456776,1962626,386
3.528594860,1963700,1074
3.528594860,1964070,370
3.530816084,1965160,1090
3.530816084,1965514,354
3.532954168,1966620,1106
3.532954168,1966958,338
3.535092252,1968080,1122
3.535092252,1968402,322
3.537230336,1969540,1138
3.537230336,1969846,306
3.539368420,1971000,1154
3.539368420,1971290,290
3.541506504,1972460,1170
3.541506504,1972734,274
3.543644588,1973920,1186
3.543644588,1974178,258
3.545783072,1975380,1202
3.545783072,1975622,242
3.548010824,1976840,1218
3.548010824,1977066,226
3.550148908,1978300,1234
3.550148908,1978510,210
3.552485014,1979760,1250
3.552485014,1979954,194
3.554821120,1981220,1266
3.554821120,1981398,178
3.557157226,1982680,1282
3.557157226,1982842,162
3.559584172,1984140,1298
3.559584172,1984286,146
3.561920278,1985600,1314
3.561920278,1985730,130
3.564256384,1987060,1330
3.564256384,1987174,114
3.566592890,1988520,1346
3.566592890,1988618,98
3.568936166,1989980,1362
3.568936166,1990062,82
3.571272272,1991440,1378
3.571272272,1991506,66
3.573608298,1992900,1394
3.573608298,1992950,50
3.575942890,1994360,1410
3.575942890,1994394,34
3.578368322,1995820,1426
3.578368322,1995838,18
3.580702914,1997280,1442
3.580702914,1997282,2
3.583037586,1998734,1452
3.585373692,1998740,6
3.585373692,2000179,1439
3.587709798,2000200,21
3.587709798,2001624,1424
3.590144314,2001660,36
3.590144314,2003069,1409
3.592480420,2003120,51
3.592480420,2004514,1394
3.594816526,2004580,66
3.594816526,2005958,1378
3.597152632,2006040,82
3.597152632,2007402,1362
3.599488738,2007500,98
3.599488738,2008846,1346
3.601915684,2008960,114
3.601915684,2010290,1330
3.604251790,2010420,130
3.604251790,2011734,1314
3.606587896,2011880,146
3.606587896,2013178,1298
3.608924002,2013340,162
3.608924002,2014622,1282
3.611260508,2014800,178
3.611260508,2016066,1266
3.613603784,2016260,194
3.613603784,2017510,1250
3.615939890,2017720,210
3.615939890,2018954,1234
3.618275996,2019180,226
3.618275996,2020398,1218
3.620612102,2020640,242
3.620612102,2021842,1202
3.623039048,2022100,258
3.623039048,2023286,1186
3.625375154,2023560,274
3.625375154,2024730,1170
3.627711260,2025020,290
3.627711260,2026174,1154
3.630047366,2026480,306
3.630047366,2027618,1138
3.632383472,2027940,322
3.632383472,2029062,1122
3.634817988,2029400,338
3.634817988,2030506,1106
3.637154094,2030860,354
3.637154094,2031950,1090
3.639490200,2032320,370
3.639490200,2033394,1074
3.641826306,2033780,386
3.641826306,2034838,1058
3.644162412,2035240,402
3.644162412,2036282,1042
3.646498518,2036700,418
3.646498518,2037726,1026
3.648834624,2038160,434
3.648834624,2039170,1010
3.651170730,2039620,450
3.651170730,2040614,994
3.653386158,2041080,466
3.653386158,2042058,978
3.655519063,2042540,482
3.655519063,2043502,962
3.657658078,2044000,498
3.657658078,2044946,946
3.659790583,2045460,514
3.659790583,2046390,930
3.661923088,2046920,530
3.661923088,2047834,914
3.664138516,2048380,546
3.664138516,2049278,898
3.666271021,2049840,562
3.666271021,2050722,882
3.668403526,2051300,578
3.668403526,2052166,866
3.670536031,2052760,594
3.670536031,2053610,850
3.672668536,2054220,610
3.672668536,2055054,834
3.674801041,2055680,626
3.674801041,2056498,818
3.676933946,2057140,642
3.676933946,2057942,802
3.679072961,2058600,658
3.679072961,2059386,786
3.681288389,2060060,674
3.681288389,2060830,770
3.683420894,2061520,690
3.683420894,2062274,754
3.685553399,2062980,706
3.685553399,2063718,738
3.687685904,2064440,722
3.687685904,2065162,722
3.689818409,2065900,738
3.689818409,2066606,706
3.692033837,2067360,754
3.692033837,2068050,690
3.694166342,2068820,770
3.694166342,2069494,674
3.696299247,2070280,786
3.696299247,2070938,658
3.698438262,2071740,802
3.698438262,2072382,642
3.700570767,2073200,818
3.700570767,2073826,626
3.702786195,2074660,834
3.702786195,2075270,610
3.704918700,2076120,850
3.704918700,2076714,594
3.707051205,2077580,866
3.707051205,2078158,578
3.709183710,2079040,882
3.709183710,2079602,562
3.711316215,2080500,898
3.711316215,2081046,546
3.713448720,2081960,914
3.713448720,2082490,530
3.715581225,2083420,930
3.715581225,2083934,514
3.717714130,2084880,946
3.717714130,2085378,498
3.719936068,2086340,962
3.719936068,2086822,482
3.722068573,2087800,978
3.722068573,2088266,466
3.724201078,2089260,994
3.724201078,2089710,450
3.726333583,2090720,1010
3.726333583,2091154,434
3.728466088,2092180,1026
3.728466088,2092598,418
3.730681516,2093640,1042
3.730681516,2094042,402
3.732814021,2095100,1058
3.732814021,2095486,386
3.734946526,2096560,1074
3.734946526,2096930,370
3.737079431,2098020,1090
3.737079431,2098374,354
3.739218446,2099480,1106
3.739218446,2099818,338
3.741350951,2100940,1122
3.741350951,2101262,322
3.743483456,2102400,1138
3.743483456,2102706,306
3.745615961,2103860,1154
3.745615961,2104150,290
3.747831389,2105320,1170
3.747831389,2105594,274
3.749963894,2106780,1186
3.749963894,2107038,258
3.752096399,2108240,1202
3.752096399,2108482,242
3.754189298,2109700,1218
3.754189298,2109926,226
3.756282197,2111160,1234
3.756282197,2111370,210
3.758463260,2112620,1250
3.758463260,2112814,194
3.760556159,2114080,1266
3.760556159,2114258,178
3.762649058,2115540,1282
3.762649058,2115702,162
3.764741957,2117000,1298
3.764741957,2117146,146
3.766834856,2118460,1314
3.766834856,2118590,130
3.768927755,2119920,1330
3.768927755,2120034,114
3.771020654,2121380,1346
3.771020654,2121478,98
3.773113553,2122840,1362
3.773113553,2122922,82
3.775287835,2124300,1378
3.775287835,2124366,66
3.777381054,2125760,1394
3.777381054,2125810,50
3.779478979,2127220,1410
3.779478979,2127254,34
3.781570522,2128680,1426
3.781570522,2128698,18
3.783662065,2130140,1442
3.783662065,2130142,2
3.785835071,2131594,1452
3.787927970,2131600,6
3.787927970,2133039,1439
3.790020869,2133060,21
3.790020869,2134484,1424
3.792113768,2134520,36
3.792113768,2135929,1409
3.794206667,2135980,51
3.794206667,2137374,1394
3.796299566,2137440,66
3.796299566,2138818,1378
3.798480629,2138900,82
3.798480629,2140262,1362
3.800573528,2140360,98
3.800573528,2141706,1346
3.802666427,2141820,114
3.802666427,2143150,1330
3.804759326,2143280,130
3.804759326,2144594,1314
3.806852225,2144740,146
3.806852225,2146038,1298
3.808945124,2146200,162
3.808945124,2147482,1282
3.811038023,2147660,178
3.811038023,2148926,1266
3.813212305,2149120,194
3.813212305,2150370,1250
3.815305204,2150580,210
3.815305204,2151814,1234
3.817398503,2152040,226
3.817398503,2153258,1218
3.819497784,2153500,242
3.819497784,2154702,1202
3.821590683,2154960,258
3.821590683,2156146,1186
3.823764965,2156420,274
3.823764965,2157590,1170
3.825857864,2157880,290
3.825857864,2159034,1154
3.827950763,2159340,306
3.827950763,2160478,1138
3.830043662,2160800,322
3.830043662,2161922,1122
3.832136561,2162260,338
3.832136561,2163366,1106
3.834229460,2163720,354
3.834229460,2164810,1090
3.836322359,2165180,370
3.836322359,2166254,1074
3.838415658,2166640,386
3.838415658,2167698,1058
3.840596322,2168100,402
3.840596322,2169142,1042
3.842689221,2169560,418
3.842689221,2170586,1026
3.844782120,2171020,434
3.844782120,2172030,1010
3.846875019,2172480,450
3.846875019,2173474,994
3.848967918,2173940,466
3.848967918,2174918,978
3.851142200,2175400,482
3.851142200,2176362,962
3.853326117,2176860,498
3.853326117,2177806,946
3.855510034,2178320,514
3.855510034,2179250,930
3.857694351,2179780,530
3.857694351,2180694,914
3.859884945,2181240,546
3.859884945,2182138,898
3.862068862,2182700,562
3.862068862,2183582,882
3.864252779,2184160,578
3.864252779,2185026,866
3.866436696,2185620,594
3.866436696,2186470,850
3.868705535,2187080,610
3.868705535,2187914,834
3.870889452,2188540,626
3.870889452,2189358,818
3.873073369,2190000,642
3.873073369,2190802,802
3.875257286,2191460,658
3.875257286,2192246,786
3.877441203,2192920,674
3.877441203,2193690,770
3.879717119,2194380,690
3.879717119,2195134,754
3.881901036,2195840,706
3.881901036,2196578,738
3.884084953,2197300,722
3.884084953,2198022,722
3.886268870,2198760,738
3.886268870,2199466,706
3.888452787,2200220,754
3.888452787,2200910,690
3.890636704,2201680,770
3.890636704,2202354,674
3.892905543,2203140,786
3.892905543,2203798,658
3.895089460,2204600,802
3.895089460,2205242,642
3.897273377,2206060,818
3.897273377,2206686,626
3.899457694,2207520,834
3.899457694,2208130,610
3.901648288,2208980,850
3.901648288,2209574,594
3.903832205,2210440,866
3.903832205,2211018,578
3.906016122,2211900,882
3.906016122,2212462,562
3.908284961,2213360,898
3.908284961,2213906,546
3.910468878,2214820,914
3.910468878,2215350,530
3.912652795,2216280,930
3.912652795,2216794,514
3.914836712,2217740,946
3.914836712,2218238,498
3.917020629,2219200,962
3.917020629,2219682,482
3.919289868,2220660,978
3.919289868,2221126,466
3.921480462,2222120,994
3.921480462,2222570,450
3.923664379,2223580,1010
3.923664379,2224014,434
3.925848296,2225040,1026
3.925848296,2225458,418
3.928032213,2226500,1042
3.928032213,2226902,402
3.930216130,2227960,1058
3.930216130,2228346,386
3.932400047,2229420,1074
3.932400047,2229790,370
3.934583964,2230880,1090
3.934583964,2231234,354
3.936852803,2232340,1106
3.936852803,2232678,338
3.939036720,2233800,1122
3.939036720,2234122,322
3.941221037,2235260,1138
3.941221037,2235566,306
3.943411631,2236720,1154
3.943411631,2237010,290
3.945595548,2238180,1170
3.945595548,2238454,274
3.947779465,2239640,1186
3.947779465,2239898,258
3.950048304,2241100,1202
3.950048304,2241342,242
3.952232221,2242560,1218
3.952232221,2242786,226
3.954305269,2244020,1234
3.954305269,2244230,210
3.956378317,2245480,1250
3.956378317,2245674,194
3.958451365,2246940,1266
3.958451365,2247118,178
3.960524413,2248400,1282
3.960524413,2248562,162
3.962597861,2249860,1298
3.962597861,2250006,146
3.964677226,2251320,1314
3.964677226,2251450,130
3.966830885,2252780,1330
3.966830885,2252894,114
3.968903933,2254240,1346
3.968903933,2254338,98
3.970976981,2255700,1362
3.970976981,2255782,82
3.973050029,2257160,1378
3.973050029,2257226,66
3.975122997,2258620,1394
3.975122997,2258670,50
3.977275312,2260080,1410
3.977275312,2260114,34
3.979347016,2261540,1426
3.979347016,2261558,18
3.981419120,2263000,1442
3.981419120,2263002,2
3.983497222,2264454,1452
3.985570270,2264460,6
3.985570270,2265899,1439
3.987643318,2265920,21
3.987643318,2267344,1424
3.989796977,2267380,36
3.989796977,2268789,1409
3.991870025,2268840,51
3.991870025,2270234,1394
3.993943073,2270300,66
3.993943073,2271678,1378
3.996016121,2271760,82
3.996016121,2273122,1362
3.998089169,2273220,98
3.998089169,2274566,1346
4.000162217,2274680,114
4.000162217,2276010,1330
4.002235665,2276140,130
4.002235665,2277454,1314
4.004395641,2277600,146
4.004395641,2278898,1298
4.006468689,2279060,162
4.006468689,2280342,1282
4.008541737,2280520,178
4.008541737,2281786,1266
4.010614785,2281980,194
4.010614785,2283230,1250
4.012687833,2283440,210
4.012687833,2284674,1234
4.014841492,2284900,226
4.014841492,2286118,1218
4.016914540,2286360,242
4.016914540,2287562,1202
4.018987588,2287820,258
4.018987588,2289006,1186
4.021061036,2289280,274
4.021061036,2290450,1170
4.023140401,2290740,290
4.023140401,2291894,1154
4.025213449,2292200,306
4.025213449,2293338,1138
4.027286497,2293660,322
4.027286497,2294782,1122
4.029359545,2295120,338
4.029359545,2296226,1106
4.031513204,2296580,354
4.031513204,2297670,1090
4.033586252,2298040,370
4.033586252,2299114,1074
4.035659300,2299500,386
4.035659300,2300558,1058
4.037732348,2300960,402
4.037732348,2302002,1042
4.039805396,2302420,418
4.039805396,2303446,1026
4.041965772,2303880,434
4.041965772,2304890,1010
4.044038820,2305340,450
4.044038820,2306334,994
4.046111868,2306800,466
4.046111868,2307778,978
4.048184916,2308260,482
4.048184916,2309222,962
4.050257964,2309720,498
4.050257964,2310666,946
4.052608966,2311180,514
4.052608966,2312110,930
4.055051387,2312640,530
4.055051387,2313554,914
4.057402389,2314100,546
4.057402389,2314998,898
4.059753391,2315560,562
4.059753391,2316442,882
4.062104793,2317020,578
4.062104793,2317886,866
4.064463014,2318480,594
4.064463014,2319330,850
4.066814016,2319940,610
4.066814016,2320774,834
4.069165018,2321400,626
4.069165018,2322218,818
4.071607439,2322860,642
4.071607439,2323662,802
4.073958441,2324320,658
4.073958441,2325106,786
4.076309443,2325780,674
4.076309443,2326550,770
4.078660445,2327240,690
4.078660445,2327994,754
4.081011447,2328700,706
4.081011447,2329438,738
4.083362449,2330160,722
4.083362449,2330882,722
4.085812488,2331620,738
4.085812488,2332326,706
4.088163490,2333080,754
4.088163490,2333770,690
4.090514492,2334540,770
4.090514492,2335214,674
4.092865494,2336000,786
4.092865494,2336658,658
4.095216496,2337460,802
4.095216496,2338102,642
4.097567498,2338920,818
4.097567498,2339546,626
4.099918500,2340380,834
4.099918500,2340990,610
4.102360921,2341840,850
4.102360921,2342434,594
4.104711923,2343300,866
4.104711923,2343878,578
4.107063325,2344760,882
4.107063325,2345322,562
4.109421546,2346220,898
4.109421546,2346766,546
4.111772548,2347680,914
4.111772548,2348210,530
4.114214969,2349140,930
4.114214969,2349654,514
4.116565971,2350600,946
4.116565971,2351098,498
4.118916973,2352060,962
4.118916973,2352542,482
4.121267975,2353520,978
4.121267975,2353986,466
4.123618977,2354980,994
4.123618977,2355430,450
4.125969979,2356440,1010
4.125969979,2356874,434
4.128320981,2357900,1026
4.128320981,2358318,418
4.130672383,2359360,1042
4.130672383,2359762,402
4.133122023,2360820,1058
4.133122023,2361206,386
4.135473025,2362280,1074
4.135473025,2362650,370
4.137824027,2363740,1090
4.137824027,2364094,354
4.140175029,2365200,1106
4.140175029,2365538,338
4.142526031,2366660,1122
4.142526031,2366982,322
4.144968452,2368120,1138
4.144968452,2368426,306
4.147319454,2369580,1154
4.147319454,2369870,290
4.149670456,2371040,1170
4.149670456,2371314,274
4.152021858,2372500,1186
4.152021858,2372758,258
4.154340454,2373960,1202
4.154340454,2374202,242
4.156651960,2375420,1218
4.156651960,2375646,226
4.159053349,2376880,1234
4.159053349,2377090,210
4.161364855,2378340,1250
4.161364855,2378534,194
4.163676361,2379800,1266
4.163676361,2379978,178
4.165987867,2381260,1282
4.165987867,2381422,162
4.168299373,2382720,1298
4.168299373,2382866,146
4.170610879,2384180,1314
4.170610879,2384310,130
4.172922385,2385640,1330
4.172922385,2385754,114
4.175331264,2387100,1346
4.175331264,2387198,98
4.177642770,2388560,1362
4.177642770,2388642,82
4.179954276,2390020,1378
4.179954276,2390086,66
4.182265702,2391480,1394
4.182265702,2391530,50
4.184575710,2392940,1410
4.184575710,2392974,34
4.186975601,2394400,1426
4.186975601,2394418,18
4.189285609,2395860,1442
4.189285609,2395862,2
4.191595697,2397314,1452
4.193907203,2397320,6
4.193907203,2398759,1439
4.196219109,2398780,21
4.196219109,2400204,1424
4.198537705,2400240,36
4.198537705,2401649,1409
4.200849211,2401700,51
4.200849211,2403094,1394
4.203160717,2403160,66
4.203160717,2404538,1378
4.205562106,2404620,82
4.205562106,2405982,1362
4.207873612,2406080,98
4.207873612,2407426,1346
4.210185118,2407540,114
4.210185118,2408870,1330
4.212496624,2409000,130
4.212496624,2410314,1314
4.214808130,2410460,146
4.214808130,2411758,1298
4.217209919,2411920,162
4.217209919,2413202,1282
4.219528515,2413380,178
4.219528515,2414646,1266
4.221840021,2414840,194
4.221840021,2416090,1250
4.224151527,2416300,210
4.224151527,2417534,1234
4.226463033,2417760,226
4.226463033,2418978,1218
4.228774539,2419220,242
4.228774539,2420422,1202
4.231086045,2420680,258
4.231086045,2421866,1186
4.233397551,2422140,274
4.233397551,2423310,1170
4.235798940,2423600,290
4.235798940,2424754,1154
4.238110446,2425060,306
4.238110446,2426198,1138
4.240422352,2426520,322
4.240422352,2427642,1122
4.242740948,2427980,338
4.242740948,2429086,1106
4.245052454,2429440,354
4.245052454,2430530,1090
4.247453843,2430900,370
4.247453843,2431974,1074
4.249765349,2432360,386
4.249765349,2433418,1058
4.252076855,2433820,402
4.252076855,2434862,1042
4.254203740,2435280,418
4.254203740,2436306,1026
4.256330625,2436740,434
4.256330625,2437750,1010
4.258457510,2438200,450
4.258457510,2439194,994
4.260667499,2439660,466
4.260667499,2440638,978
4.262800876,2441120,482
4.262800876,2442082,962
4.264927761,2442580,498
4.264927761,2443526,946
4.267054646,2444040,514
4.267054646,2444970,930
4.269181531,2445500,530
4.269181531,2446414,914
4.271308416,2446960,546
4.271308416,2447858,898
4.273435301,2448420,562
4.273435301,2449302,882
4.275562186,2449880,578
4.275562186,2450746,866
4.277771775,2451340,594
4.277771775,2452190,850
4.279898660,2452800,610
4.279898660,2453634,834
4.282025945,2454260,626
4.282025945,2455078,818
4.284159322,2455720,642
4.284159322,2456522,802
4.286286207,2457180,658
4.286286207,2457966,786
4.288495796,2458640,674
4.288495796,2459410,770
4.290622681,2460100,690
4.290622681,2460854,754
4.292749566,2461560,706
4.292749566,2462298,738
4.294876451,2463020,722
4.294876451,2463742,722
4.297003336,2464480,738
4.297003336,2465186,706
4.299130221,2465940,754
4.299130221,2466630,690
4.301257106,2467400,770
4.301257106,2468074,674
4.303384391,2468860,786
4.303384391,2469518,658
4.305600472,2470320,802
4.305600472,2470962,642
4.307727357,2471780,818
4.307727357,2472406,626
4.309854242,2473240,834
4.309854242,2473850,610
4.311981127,2474700,850
4.311981127,2475294,594
4.314108012,2476160,866
4.314108012,2476738,578
4.316317601,2477620,882
4.316317601,2478182,562
4.318444486,2479080,898
4.318444486,2479626,546
4.320571371,2480540,914
4.320571371,2481070,530
4.322698656,2482000,930
4.322698656,2482514,514
4.324832033,2483460,946
4.324832033,2483958,498
4.326958918,2484920,962
4.326958918,2485402,482
4.329085803,2486380,978
4.329085803,2486846,466
4.331212688,2487840,994
4.331212688,2488290,450
4.333422277,2489300,1010
4.333422277,2489734,434
4.335549162,2490760,1026
4.335549162,2491178,418
4.337676047,2492220,1042
4.337676047,2492622,402
4.339802932,2493680,1058
4.339802932,2494066,386
4.341929817,2495140,1074
4.341929817,2495510,370
4.344146298,2496600,1090
4.344146298,2496954,354
4.346273183,2498060,1106
4.346273183,2498398,338
4.348400068,2499520,1122
4.348400068,2499842,322
4.350526953,2500980,1138
4.350526953,2501286,306
4.352914179,2502440,1154
4.352914179,2502730,290
4.355301405,2503900,1170
4.355301405,2504174,274
4.357781458,2505360,1186
4.357781458,2505618,258
4.360168684,2506820,1202
4.360168684,2507062,242
4.362555910,2508280,1218
4.362555910,2508506,226
4.364943536,2509740,1234
4.364943536,2509950,210
4.367338098,2511200,1250
4.367338098,2511394,194
4.369725324,2512660,1266
4.369725324,2512838,178
4.372112550,2514120,1282
4.372112550,2514282,162
4.374592603,2515580,1298
4.374592603,2515726,146
4.376979829,2517040,1314
4.376979829,2517170,130
4.379367055,2518500,1330
4.379367055,2518614,114
4.381754281,2519960,1346
4.381754281,2520058,98
4.384141507,2521420,1362
4.384141507,2521502,82
4.386621960,2522880,1378
4.386621960,2522946,66
4.389016442,2524340,1394
4.389016442,2524390,50
4.391402121,2525800,1410
4.391402121,2525834,34
4.393787800,2527260,1426
4.393787800,2527278,18
4.396173479,2528720,1442
4.396173479,2528722,2
4.398559238,2530174,1452
4.400946464,2530180,6
4.400946464,2531619,1439
4.403333690,2531640,21
4.403333690,2533064,1424
4.405813743,2533100,36
4.405813743,2534509,1409
4.408200969,2534560,51
4.408200969,2535954,1394
4.410588595,2536020,66
4.410588595,2537398,1378
4.412983157,2537480,82
4.412983157,2538842,1362
4.415370383,2538940,98
4.415370383,2540286,1346
4.417850436,2540400,114
4.417850436,2541730,1330
4.420237662,2541860,130
4.420237662,2543174,1314
4.422624888,2543320,146
4.422624888,2544618,1298
4.425012114,2544780,162
4.425012114,2546062,1282
4.427399340,2546240,178
4.427399340,2547506,1266
4.429786566,2547700,194
4.429786566,2548950,1250
4.432267019,2549160,210
4.432267019,2550394,1234
4.434661581,2550620,226
4.434661581,2551838,1218
4.437048807,2552080,242
4.437048807,2553282,1202
4.439436033,2553540,258
4.439436033,2554726,1186
4.441823259,2555000,274
4.441823259,2556170,1170
4.444210485,2556460,290
4.444210485,2557614,1154
4.446597711,2557920,306
4.446597711,2559058,1138
4.449077764,2559380,322
4.449077764,2560502,1122
4.451464990,2560840,338
4.451464990,2561946,1106
4.453647022,2562300,354
4.453647022,2563390,1090
4.455829454,2563760,370
4.455829454,2564834,1074
4.458018156,2565220,386
4.458018156,2566278,1058
4.460200188,2566680,402
4.460200188,2567722,1042
4.462467068,2568140,418
4.462467068,2569166,1026
4.464649100,2569600,434
4.464649100,2570610,1010
4.466831132,2571060,450
4.466831132,2572054,994
4.469013164,2572520,466
4.469013164,2573498,978
4.471195196,2573980,482
4.471195196,2574942,962
4.473377228,2575440,498
4.473377228,2576386,946
4.475559260,2576900,514
4.475559260,2577830,930
4.477833211,2578360,530
4.477833211,2579274,914
4.480015243,2579820,546
4.480015243,2580718,898
4.482197275,2581280,562
4.482197275,2582162,882
4.484379307,2582740,578
4.484379307,2583606,866
4.486561339,2584200,594
4.486561339,2585050,850
4.488743371,2585660,610
4.488743371,2586494,834
4.491010251,2587120,626
4.491010251,2587938,818
4.493192283,2588580,642
4.493192283,2589382,802
4.495374315,2590040,658
4.495374315,2590826,786
4.497556747,2591500,674
4.497556747,2592270,770
4.499745449,2592960,690
4.499745449,2593714,754
4.501927481,2594420,706
4.501927481,2595158,738
4.504109513,2595880,722
4.504109513,2596602,722
4.506376393,2597340,738
4.506376393,2598046,706
4.508558425,2598800,754
4.508558425,2599490,690
4.510740457,2600260,770
4.510740457,2600934,674
4.512922489,2601720,786
4.512922489,2602378,658
4.515104521,2603180,802
4.515104521,2603822,642
4.517371801,2604640,818
4.517371801,2605266,626
4.519560503,2606100,834
4.519560503,2606710,610
4.521742535,2607560,850
4.521742535,2608154,594
4.523924567,2609020,866
4.523924567,2609598,578
4.526106599,2610480,882
4.526106599,2611042,562
4.528288631,2611940,898
4.528288631,2612486,546
4.530555511,2613400,914
4.530555511,2613930,530
4.532737543,2614860,930
4.532737543,2615374,514
4.534919575,2616320,946
4.534919575,2616818,498
4.537101607,2617780,962
4.537101607,2618262,482
4.539284039,2619240,978
4.539284039,2619706,466
4.541472741,2620700,994
4.541472741,2621150,450
4.543654773,2622160,1010
4.543654773,2622594,434
4.545921653,2623620,1026
4.545921653,2624038,418
4.548103685,2625080,1042
4.548103685,2625482,402
4.550285717,2626540,1058
4.550285717,2626926,386
4.552502868,2628000,1074
4.552502868,2628370,370
4.554720019,2629460,1090
4.554720019,2629814,354
4.556937170,2630920,1106
4.556937170,2631258,338
4.559240935,2632380,1122
4.559240935,2632702,322
4.561464870,2633840,1138
4.561464870,2634146,306
4.563682021,2635300,1154
4.563682021,2635590,290
4.565899172,2636760,1170
4.565899172,2637034,274
4.568116323,2638220,1186
4.568116323,2638478,258
4.570333474,2639680,1202
4.570333474,2639922,242
4.572550625,2641140,1218
4.572550625,2641366,226
4.574853990,2642600,1234
4.574853990,2642810,210
4.577071141,2644060,1250
4.577071141,2644254,194
4.579288292,2645520,1266
4.579288292,2645698,178
4.581505843,2646980,1282
4.581505843,2647142,162
4.583729778,2648440,1298
4.583729778,2648586,146
4.585946929,2649900,1314
4.585946929,2650030,130
4.588250294,2651360,1330
4.588250294,2651474,114
4.590467445,2652820,1346
4.590467445,2652918,98
4.592684596,2654280,1362
4.592684596,2654362,82
4.594901747,2655740,1378
4.594901747,2655806,66
4.597118818,2657200,1394
4.597118818,2657250,50
4.599334532,2658660,1410
4.599334532,2658694,34
4.601550246,2660120,1426
4.601550246,2660138,18
4.603859359,2661580,1442
4.603859359,2661582,2
4.606075153,2663034,1452
4.608292304,2663040,6
4.608292304,2664479,1439
4.610509455,2664500,21
4.610509455,2665924,1424
4.612726606,2665960,36
4.612726606,2667369,1409
4.614943757,2667420,51
4.614943757,2668814,1394
4.617247122,2668880,66
4.617247122,2670258,1378
4.619464273,2670340,82
4.619464273,2671702,1362
4.621681424,2671800,98
4.621681424,2673146,1346
4.623898975,2673260,114
4.623898975,2674590,1330
4.626122910,2674720,130
4.626122910,2676034,1314
4.628340061,2676180,146
4.628340061,2677478,1298
4.630643426,2677640,162
4.630643426,2678922,1282
4.632860577,2679100,178
4.632860577,2680366,1266
4.635077728,2680560,194
4.635077728,2681810,1250
4.637294879,2682020,210
4.637294879,2683254,1234
4.639512030,2683480,226
4.639512030,2684698,1218
4.641729181,2684940,242
4.641729181,2686142,1202
4.643946332,2686400,258
4.643946332,2687586,1186
4.646256882,2687860,274
4.646256882,2689030,1170
4.648474033,2689320,290
4.648474033,2690474,1154
4.650691184,2690780,306
4.650691184,2691918,1138
4.653027821,2692240,322
4.653027821,2693362,1122
4.655364458,2693700,338
4.655364458,2694806,1106
4.657701095,2695160,354
4.657701095,2696250,1090
4.660128592,2696620,370
4.660128592,2697694,1074
4.662465229,2698080,386
4.662465229,2699138,1058
4.664801866,2699540,402
4.664801866,2700582,1042
4.667138903,2701000,418
4.667138903,2702026,1026
4.669482711,2702460,434
4.669482711,2703470,1010
4.671819348,2703920,450
4.671819348,2704914,994
4.674155985,2705380,466
4.674155985,2706358,978
4.676583482,2706840,482
4.676583482,2707802,962
4.678920119,2708300,498
4.678920119,2709246,946
4.681256756,2709760,514
4.681256756,2710690,930
4.683593393,2711220,530
4.683593393,2712134,914
4.685930030,2712680,546
4.685930030,2713578,898
4.688266667,2714140,562
4.688266667,2715022,882
4.690701736,2715600,578
4.690701736,2716466,866
4.693038373,2717060,594
4.693038373,2717910,850
4.695375010,2718520,610
4.695375010,2719354,834
4.697711647,2719980,626
4.697711647,2720798,818
4.700048284,2721440,642
4.700048284,2722242,802
4.702384921,2722900,658
4.702384921,2723686,786
4.704721558,2724360,674
4.704721558,2725130,770
4.707149055,2725820,690
4.707149055,2726574,754
4.709485692,2727280,706
4.709485692,2728018,738
4.711822729,2728740,722
4.711822729,2729462,722
4.714166537,2730200,738
4.714166537,2730906,706
4.716503174,2731660,754
4.716503174,2732350,690
4.718839811,2733120,770
4.718839811,2733794,674
4.721267308,2734580,786
4.721267308,2735238,658
4.723603945,2736040,802
4.723603945,2736682,642
4.725940582,2737500,818
4.725940582,2738126,626
4.728277219,2738960,834
4.728277219,2739570,610
4.730613856,2740420,850
4.730613856,2741014,594
4.733041753,2741880,866
4.733041753,2742458,578
4.735385561,2743340,882
4.735385561,2743902,562
4.737722198,2744800,898
4.737722198,2745346,546
4.740058835,2746260,914
4.740058835,2746790,530
4.742395472,2747720,930
4.742395472,2748234,514
4.744732109,2749180,946
4.744732109,2749678,498
4.747068746,2750640,962
4.747068746,2751122,482
4.749405383,2752100,978
4.749405383,2752566,466
4.751832880,2753560,994
4.751832880,2754010,450
4.754246766,2755020,1010
4.754246766,2755454,434
4.756661052,2756480,1026
4.756661052,2756898,418
4.759082360,2757940,1042
4.759082360,2758342,402
4.761496246,2759400,1058
4.761496246,2759786,386
4.764003996,2760860,1074
4.764003996,2761230,370
4.766417882,2762320,1090
4.766417882,2762674,354
4.768831768,2763780,1106
4.768831768,2764118,338
4.771245654,2765240,1122
4.771245654,2765562,322
4.773659540,2766700,1138
4.773659540,2767006,306
4.776073426,2768160,1154
4.776073426,2768450,290
4.778487312,2769620,1170
4.778487312,2769894,274
4.780901598,2771080,1186
4.780901598,2771338,258
4.783416770,2772540,1202
4.783416770,2772782,242
4.785830656,2774000,1218
4.785830656,2774226,226
4.788244542,2775460,1234
4.788244542,2775670,210
4.790658428,2776920,1250
4.790658428,2777114,194
4.793072314,2778380,1266
4.793072314,2778558,178
4.795580064,2779840,1282
4.795580064,2780002,162
4.797993950,2781300,1298
4.797993950,2781446,146
4.800407836,2782760,1314
4.800407836,2782890,130
4.802822122,2784220,1330
4.802822122,2784334,114
4.805243430,2785680,1346
4.805243430,2785778,98
4.807751180,2787140,1362
4.807751180,2787222,82
4.810165066,2788600,1378
4.810165066,2788666,66
4.812578872,2790060,1394
4.812578872,2790110,50
4.814991194,2791520,1410
4.814991194,2791554,34
4.817403516,2792980,1426
4.817403516,2792998,18
4.819815838,2794440,1442
4.819815838,2794442,2
4.822228240,2795894,1452
4.824642126,2795900,6
4.824642126,2797339,1439
4.827157698,2797360,21
4.827157698,2798784,1424
4.829571584,2798820,36
4.829571584,2800229,1409
4.831985470,2800280,51
4.831985470,2801674,1394
4.834399356,2801740,66
4.834399356,2803118,1378
4.836813242,2803200,82
4.836813242,2804562,1362
4.839320992,2804660,98
4.839320992,2806006,1346
4.841734878,2806120,114
4.841734878,2807450,1330
4.844148764,2807580,130
4.844148764,2808894,1314
4.846562650,2809040,146
4.846562650,2810338,1298
4.848976936,2810500,162
4.848976936,2811782,1282
4.851398244,2811960,178
4.851398244,2813226,1266
4.853842534,2813420,194
4.853842534,2814670,1250
4.856286824,2814880,210
4.856286824,2816114,1234
4.858826160,2816340,226
4.858826160,2817558,1218
4.861270450,2817800,242
4.861270450,2819002,1202
4.863714740,2819260,258
4.863714740,2820446,1186
4.866159030,2820720,274
4.866159030,2821890,1170
4.868603320,2822180,290
4.868603320,2823334,1154
4.871143056,2823640,306
4.871143056,2824778,1138
4.873594867,2825100,322
4.873594867,2826222,1122
4.876039157,2826560,338
4.876039157,2827666,1106
4.878483447,2828020,354
4.878483447,2829110,1090
4.880927737,2829480,370
4.880927737,2830554,1074
4.883372027,2830940,386
4.883372027,2831998,1058
4.885816317,2832400,402
4.885816317,2833442,1042
4.888260607,2833860,418
4.888260607,2834886,1026
4.890799943,2835320,434
4.890799943,2836330,1010
4.893244233,2836780,450
4.893244233,2837774,994
4.895688923,2838240,466
4.895688923,2839218,978
4.898140734,2839700,482
4.898140734,2840662,962
4.900585024,2841160,498
4.900585024,2842106,946
4.903124360,2842620,514
4.903124360,2843550,930
4.905568650,2844080,530
4.905568650,2844994,914
4.908012940,2845540,546
4.908012940,2846438,898
4.910457230,2847000,562
4.910457230,2847882,882
4.912901520,2848460,578
4.912901520,2849326,866
4.915440856,2849920,594
4.915440856,2850770,850
4.917885546,2851380,610
4.917885546,2852214,834
4.920337357,2852840,626
4.920337357,2853658,818
4.922781647,2854300,642
4.922781647,2855102,802
4.925225937,2855760,658
4.925225937,2856546,786
4.927670227,2857220,674
4.927670227,2857990,770
4.930114517,2858680,690
4.930114517,2859434,754
4.932558807,2860140,706
4.932558807,2860878,738
4.935098143,2861600,722
4.935098143,2862322,722
4.937542433,2863060,738
4.937542433,2863766,706
4.939986723,2864520,754
4.939986723,2865210,690
4.942431413,2865980,770
4.942431413,2866654,674
4.944883224,2867440,786
4.944883224,2868098,658
4.947422560,2868900,802
4.947422560,2869542,642
4.949866850,2870360,818
4.949866850,2870986,626
4.952311140,2871820,834
4.952311140,2872430,610
4.954445205,2873280,850
4.954445205,2873874,594
4.956579270,2874740,866
4.956579270,2875318,578
4.958713335,2876200,882
4.958713335,2876762,562
4.960847400,2877660,898
4.960847400,2878206,546
4.962981465,2879120,914
4.962981465,2879650,530
4.965205429,2880580,930
4.965205429,2881094,514
4.967339494,2882040,946
4.967339494,2882538,498
4.969473559,2883500,962
4.969473559,2883982,482
4.971607624,2884960,978
4.971607624,2885426,466
4.973741689,2886420,994
4.973741689,2886870,450
4.975958737,2887880,1010
4.975958737,2888314,434
4.978092802,2889340,1026
4.978092802,2889758,418
4.980226867,2890800,1042
4.980226867,2891202,402
4.982360932,2892260,1058
4.982360932,2892646,386
4.984495397,2893720,1074
4.984495397,2894090,370
4.986635977,2895180,1090
4.986635977,2895534,354
4.988770042,2896640,1106
4.988770042,2896978,338
4.990904107,2898100,1122
4.990904107,2898422,322
4.993038172,2899560,1138
4.993038172,2899866,306
4.995255220,2901020,1154
4.995255220,2901310,290
4.997389285,2902480,1170
4.997389285,2902754,274
4.999523350,2903940,1186
4.999523350,2904198,258
5.001657415,2905400,1202
5.001657415,2905642,242
5.003791480,2906860,1218
5.003791480,2907086,226
5.006015444,2908320,1234
5.006015444,2908530,210
5.008149509,2909780,1250
5.008149509,2909974,194
5.010283574,2911240,1266
5.010283574,2911418,178
5.012417639,2912700,1282
5.012417639,2912862,162
5.014551704,2914160,1298
5.014551704,2914306,146
5.016768752,2915620,1314
5.016768752,2915750,130
5.018902817,2917080,1330
5.018902817,2917194,114
5.021036882,2918540,1346
5.021036882,2918638,98
5.023170947,2920000,1362
5.023170947,2920082,82
5.025305412,2921460,1378
5.025305412,2921526,66
5.027445912,2922920,1394
5.027445912,2922970,50
5.029578594,2924380,1410
5.029578594,2924414,34
5.031711276,2925840,1426
5.031711276,2925858,18
5.033926941,2927300,1442
5.033926941,2927302,2
5.036059703,2928754,1452
5.038193768,2928760,6
5.038193768,2930199,1439
5.040327833,2930220,21
5.040327833,2931644,1424
5.042461898,2931680,36
5.042461898,2933089,1409
5.044679346,2933140,51
5.044679346,2934534,1394
5.046819926,2934600,66
5.046819926,2935978,1378
5.048953991,2936060,82
5.048953991,2937422,1362
5.051088056,2937520,98
5.051088056,2938866,1346
5.053200461,2938980,114
5.053200461,2940310,1330
5.055312866,2940440,130
5.055312866,2941754,1314
5.057425271,2941900,146
5.057425271,2943198,1298
5.059537676,2943360,162
5.059537676,2944642,1282
5.061732222,2944820,178
5.061732222,2946086,1266
5.063844627,2946280,194
5.063844627,2947530,1250
5.065957432,2947740,210
5.065957432,2948974,1234
5.068076282,2949200,226
5.068076282,2950418,1218
5.070188687,2950660,242
5.070188687,2951862,1202
5.072383233,2952120,258
5.072383233,2953306,1186
5.074495638,2953580,274
5.074495638,2954750,1170
5.076608043,2955040,290
5.076608043,2956194,1154
5.078720448,2956500,306
5.078720448,2957638,1138
5.080832853,2957960,322
5.080832853,2959082,1122
5.083027399,2959420,338
5.083027399,2960526,1106
5.085140204,2960880,354
5.085140204,2961970,1090
5.087259054,2962340,370
5.087259054,2963414,1074
5.089371459,2963800,386
5.089371459,2964858,1058
5.091483864,2965260,402
5.091483864,2966302,1042
5.093596269,2966720,418
5.093596269,2967746,1026
5.095708674,2968180,434
5.095708674,2969190,1010
5.097821079,2969640,450
5.097821079,2970634,994
5.100015625,2971100,466
5.100015625,2972078,978
5.102128030,2972560,482
5.102128030,2973522,962
5.104240435,2974020,498
5.104240435,2974966,946
5.106353240,2975480,514
5.106353240,2976410,930
5.108472090,2976940,530
5.108472090,2977854,914
5.110666636,2978400,546
5.110666636,2979298,898
5.112779041,2979860,562
5.112779041,2980742,882
5.114891446,2981320,578
5.114891446,2982186,866
5.117003851,2982780,594
5.117003851,2983630,850
5.119116256,2984240,610
5.119116256,2985074,834
5.121228661,2985700,626
5.121228661,2986518,818
5.123341066,2987160,642
5.123341066,2987962,802
5.125453471,2988620,658
5.125453471,2989406,786
5.127654862,2990080,674
5.127654862,2990850,770
5.129767267,2991540,690
5.129767267,2992294,754
5.131879672,2993000,706
5.131879672,2993738,738
5.133992077,2994460,722
5.133992077,2995182,722
5.136104482,2995920,738
5.136104482,2996626,706
5.138299028,2997380,754
5.138299028,2998070,690
5.140411433,2998840,770
5.140411433,2999514,674
5.142523838,3000300,786
5.142523838,3000958,658
5.144636243,3001760,802
5.144636243,3002402,642
5.146749048,3003220,818
5.146749048,3003846,626
5.148867898,3004680,834
5.148867898,3005290,610
5.150980303,3006140,850
5.150980303,3006734,594
5.153363808,3007600,866
5.153363808,3008178,578
5.155839996,3009060,882
5.155839996,3009622,562
5.158223501,3010520,898
5.158223501,3011066,546
5.160607006,3011980,914
5.160607006,3012510,530
5.162990511,3013440,930
5.162990511,3013954,514
5.165374016,3014900,946
5.165374016,3015398,498
5.167850604,3016360,962
5.167850604,3016842,482
5.170241433,3017820,978
5.170241433,3018286,466
5.172624938,3019280,994
5.172624938,3019730,450
5.175008443,3020740,1010
5.175008443,3021174,434
5.177391948,3022200,1026
5.177391948,3022618,418
5.179868136,3023660,1042
5.179868136,3024062,402
5.182251641,3025120,1058
5.182251641,3025506,386
5.184635146,3026580,1074
5.184635146,3026950,370
5.187018651,3028040,1090
5.187018651,3028394,354
5.189402156,3029500,1106
5.189402156,3029838,338
5.191786061,3030960,1122
5.191786061,3031282,322
5.194176890,3032420,1138
5.194176890,3032726,306
5.196560395,3033880,1154
5.196560395,3034170,290
5.199036583,3035340,1170
5.199036583,3035614,274
5.201420088,3036800,1186
5.201420088,3037058,258
5.203803593,3038260,1202
5.203803593,3038502,242
5.206187098,3039720,1218
5.206187098,3039946,226
5.208570603,3041180,1234
5.208570603,3041390,210
5.211046791,3042640,1250
5.211046791,3042834,194
5.213430696,3044100,1266
5.213430696,3044278,178
5.215821525,3045560,1282
5.215821525,3045722,162
5.218205030,3047020,1298
5.218205030,3047166,146
5.220588535,3048480,1314
5.220588535,3048610,130
5.222972040,3049940,1330
5.222972040,3050054,114
5.225355545,3051400,1346
5.225355545,3051498,98
5.227739050,3052860,1362
5.227739050,3052942,82
5.230215238,3054320,1378
5.230215238,3054386,66
5.232598663,3055780,1394
5.232598663,3055830,50
5.234980623,3057240,1410
5.234980623,3057274,34
5.237362983,3058700,1426
5.237362983,3058718,18
5.239752267,3060160,1442
5.239752267,3060162,2
5.242226990,3061614,1452
5.244610495,3061620,6
5.244610495,3063059,1439
5.246994000,3063080,21
5.246994000,3064504,1424
5.249377505,3064540,36
5.249377505,3065949,1409
5.251761010,3066000,51
5.251761010,3067394,1394
5.254129880,3067460,66
5.254129880,3068838,1378
5.256498750,3068920,82
5.256498750,3070282,1362
5.258867620,3070380,98
5.258867620,3071726,1346
5.261336280,3071840,114
5.261336280,3073170,1330
5.263705150,3073300,130
5.263705150,3074614,1314
5.266074020,3074760,146
5.266074020,3076058,1298
5.268442890,3076220,162
5.268442890,3077502,1282
5.270811760,3077680,178
5.270811760,3078946,1266
5.273272744,3079140,194
5.273272744,3080390,1250
5.275641614,3080600,210
5.275641614,3081834,1234
5.278010484,3082060,226
5.278010484,3083278,1218
5.280379354,3083520,242
5.280379354,3084722,1202
5.282748624,3084980,258
5.282748624,3086166,1186
5.285216884,3086440,274
5.285216884,3087610,1170
5.287585754,3087900,290
5.287585754,3089054,1154
5.289954624,3089360,306
5.289954624,3090498,1138
5.292323494,3090820,322
5.292323494,3091942,1122
5.294692364,3092280,338
5.294692364,3093386,1106
5.297061234,3093740,354
5.297061234,3094830,1090
5.299430104,3095200,370
5.299430104,3096274,1074
5.301798974,3096660,386
5.301798974,3097718,1058
5.304260358,3098120,402
5.304260358,3099162,1042
5.306636504,3099580,418
5.306636504,3100606,1026
5.309005374,3101040,434
5.309005374,3102050,1010
5.311374244,3102500,450
5.311374244,3103494,994
5.313743114,3103960,466
5.313743114,3104938,978
5.316204098,3105420,482
5.316204098,3106382,962
5.318572968,3106880,498
5.318572968,3107826,946
5.320941838,3108340,514
5.320941838,3109270,930
5.323310708,3109800,530
5.323310708,3110714,914
5.325679578,3111260,546
5.325679578,3112158,898
5.328048848,3112720,562
5.328048848,3113602,882
5.330424994,3114180,578
5.330424994,3115046,866
5.332793864,3115640,594
5.332793864,3116490,850
5.335254848,3117100,610
5.335254848,3117934,834
5.337623718,3118560,626
5.337623718,3119378,818
5.339992588,3120020,642
5.339992588,3120822,802
5.342361458,3121480,658
5.342361458,3122266,786
5.344730328,3122940,674
5.344730328,3123710,770
5.347191312,3124400,690
5.347191312,3125154,754
5.349560582,3125860,706
5.349560582,3126598,738
5.351936728,3127320,722
5.351936728,3128042,722
5.354049682,3128780,738
5.354049682,3129486,706
5.356162636,3130240,754
5.356162636,3130930,690
5.358275590,3131700,770
5.358275590,3132374,674
5.360388544,3133160,786
5.360388544,3133818,658
5.362501498,3134620,802
5.362501498,3135262,642
5.364614452,3136080,818
5.364614452,3136706,626
5.366809568,3137540,834
5.366809568,3138150,610
5.368922522,3139000,850
5.368922522,3139594,594
5.371035876,3140460,866
5.371035876,3141038,578
5.373155277,3141920,882
5.373155277,3142482,562
5.375268231,3143380,898
5.375268231,3143926,546
5.377463347,3144840,914
5.377463347,3145370,530
5.379576301,3146300,930
5.379576301,3146814,514
5.381689255,3147760,946
5.381689255,3148258,498
5.383802209,3149220,962
5.383802209,3149702,482
5.385915163,3150680,978
5.385915163,3151146,466
5.388110279,3152140,994
5.388110279,3152590,450
5.390223633,3153600,1010
5.390223633,3154034,434
5.392343034,3155060,1026
5.392343034,3155478,418
5.394455988,3156520,1042
5.394455988,3156922,402
5.396568942,3157980,1058
5.396568942,3158366,386
5.398681896,3159440,1074
5.398681896,3159810,370
5.400794850,3160900,1090
5.400794850,3161254,354
5.402907804,3162360,1106
5.402907804,3162698,338
5.405102920,3163820,1122
5.405102920,3164142,322
5.407215874,3165280,1138
5.407215874,3165586,306
5.409328828,3166740,1154
5.409328828,3167030,290
5.411442182,3168200,1170
5.411442182,3168474,274
5.413561583,3169660,1186
5.413561583,3169918,258
5.415756699,3171120,1202
5.415756699,3171362,242
5.417869653,3172580,1218
5.417869653,3172806,226
5.419982607,3174040,1234
5.419982607,3174250,210
5.422095561,3175500,1250
5.422095561,3175694,194
5.424208515,3176960,1266
5.424208515,3177138,178
5.426321469,3178420,1282
5.426321469,3178582,162
5.428434423,3179880,1298
5.428434423,3180026,146
5.430547377,3181340,1314
5.430547377,3181470,130
5.432749340,3182800,1330
5.432749340,3182914,114
5.434862294,3184260,1346
5.434862294,3184358,98
5.436975248,3185720,1362
5.436975248,3185802,82
5.439088202,3187180,1378
5.439088202,3187246,66
5.441201076,3188640,1394
5.441201076,3188690,50
5.443394823,3190100,1410
5.443394823,3190134,34
5.445506408,3191560,1426
5.445506408,3191578,18
5.447617993,3193020,1442
5.447617993,3193022,2
5.449729658,3194474,1452
5.451843012,3194480,6
5.451843012,3195919,1439
5.454016558,3195940,21
5.454016558,3197364,1424
5.456183482,3197400,36
5.456183482,3198809,1409
5.458350406,3198860,51
5.458350406,3200254,1394
5.460601591,3200320,66
5.460601591,3201698,1378
5.462768515,3201780,82
5.462768515,3203142,1362
5.464935439,3203240,98
5.464935439,3204586,1346
5.467102363,3204700,114
5.467102363,3206030,1330
5.469269287,3206160,130
5.469269287,3207474,1314
5.471520872,3207620,146
5.471520872,3208918,1298
5.473694418,3209080,162
5.473694418,3210362,1282
5.475861342,3210540,178
5.475861342,3211806,1266
5.478028266,3212000,194
5.478028266,3213250,1250
5.480195190,3213460,210
5.480195190,3214694,1234
5.482446375,3214920,226
5.482446375,3216138,1218
5.484613299,3216380,242
5.484613299,3217582,1202
5.486780223,3217840,258
5.486780223,3219026,1186
5.488947147,3219300,274
5.488947147,3220470,1170
5.491114071,3220760,290
5.491114071,3221914,1154
5.493281395,3222220,306
5.493281395,3223358,1138
5.495454941,3223680,322
5.495454941,3224802,1122
5.497621865,3225140,338
5.497621865,3226246,1106
5.499873050,3226600,354
5.499873050,3227690,1090
5.502039974,3228060,370
5.502039974,3229134,1074
5.504206898,3229520,386
5.504206898,3230578,1058
5.506373822,3230980,402
5.506373822,3232022,1042
5.508540746,3232440,418
5.508540746,3233466,1026
5.510791931,3233900,434
5.510791931,3234910,1010
5.512959255,3235360,450
5.512959255,3236354,994
5.515132801,3236820,466
5.515132801,3237798,978
5.517299725,3238280,482
5.517299725,3239242,962
5.519466649,3239740,498
5.519466649,3240686,946
5.521633573,3241200,514
5.521633573,3242130,930
5.523800497,3242660,530
5.523800497,3243574,914
5.525967421,3244120,546
5.525967421,3245018,898
5.528218606,3245580,562
5.528218606,3246462,882
5.530385530,3247040,578
5.530385530,3247906,866
5.532552454,3248500,594
5.532552454,3249350,850
5.534719778,3249960,610
5.534719778,3250794,834
5.536893324,3251420,626
5.536893324,3252238,818
5.539144509,3252880,642
5.539144509,3253682,802
5.541311433,3254340,658
5.541311433,3255126,786
5.543478357,3255800,674
5.543478357,3256570,770
5.545645281,3257260,690
5.545645281,3258014,754
5.547812205,3258720,706
5.547812205,3259458,738
5.550063390,3260180,722
5.550063390,3260902,722
5.552230314,3261640,738
5.552230314,3262346,706
5.554432391,3263100,754
5.554432391,3263790,690
5.556640802,3264560,770
5.556640802,3265234,674
5.558842479,3266020,786
5.558842479,3266678,658
5.561044156,3267480,802
5.561044156,3268122,642
5.563245833,3268940,818
5.563245833,3269566,626
5.565447510,3270400,834
5.565447510,3271010,610
5.567734799,3271860,850
5.567734799,3272454,594
5.569936476,3273320,866
5.569936476,3273898,578
5.572138153,3274780,882
5.572138153,3275342,562
5.574339830,3276240,898
5.574339830,3276786,546
5.576541907,3277700,914
5.576541907,3278230,530
5.578835930,3279160,930
5.578835930,3279674,514
5.581037607,3280620,946
5.581037607,3281118,498
5.583239284,3282080,962
5.583239284,3282562,482
5.585440961,3283540,978
5.585440961,3284006,466
5.587642638,3285000,994
5.587642638,3285450,450
5.589844315,3286460,1010
5.589844315,3286894,434
5.592045992,3287920,1026
5.592045992,3288338,418
5.594247669,3289380,1042
5.594247669,3289782,402
5.596535358,3290840,1058
5.596535358,3291226,386
5.598743769,3292300,1074
5.598743769,3292670,370
5.600945446,3293760,1090
5.600945446,3294114,354
5.603147123,3295220,1106
5.603147123,3295558,338
5.605348800,3296680,1122
5.605348800,3297002,322
5.607636089,3298140,1138
5.607636089,3298446,306
5.609837766,3299600,1154
5.609837766,3299890,290
5.612039443,3301060,1170
5.612039443,3301334,274
5.614241120,3302520,1186
5.614241120,3302778,258
5.616442797,3303980,1202
5.616442797,3304222,242
5.618644874,3305440,1218
5.618644874,3305666,226
5.620853285,3306900,1234
5.620853285,3307110,210
5.623054962,3308360,1250
5.623054962,3308554,194
5.625342251,3309820,1266
5.625342251,3309998,178
5.627543928,3311280,1282
5.627543928,3311442,162
5.629745605,3312740,1298
5.629745605,3312886,146
5.631947282,3314200,1314
5.631947282,3314330,130
5.634148959,3315660,1330
5.634148959,3315774,114
5.636436248,3317120,1346
5.636436248,3317218,98
5.638638325,3318580,1362
5.638638325,3318662,82
5.640846736,3320040,1378
5.640846736,3320106,66
5.643048333,3321500,1394
5.643048333,3321550,50
5.645248583,3322960,1410
5.645248583,3322994,34
5.647534445,3324420,1426
5.647534445,3324438,18
5.649734695,3325880,1442
5.649734695,3325882,2
5.651935025,3327334,1452
5.654290022,3327340,6
5.654290022,3328779,1439
5.656645019,3328800,21
5.656645019,3330224,1424
5.659000016,3330260,36
5.659000016,3331669,1409
5.661355413,3331720,51
5.661355413,3333114,1394
5.663717641,3333180,66
5.663717641,3334558,1378
5.666164212,3334640,82
5.666164212,3336002,1362
5.668519209,3336100,98
5.668519209,3337446,1346
5.670874206,3337560,114
5.670874206,3338890,1330
5.673229203,3339020,130
5.673229203,3340334,1314
5.675584200,3340480,146
5.675584200,3341778,1298
5.678030771,3341940,162
5.678030771,3343222,1282
5.680385768,3343400,178
5.680385768,3344666,1266
5.682741165,3344860,194
5.682741165,3346110,1250
5.685103393,3346320,210
5.685103393,3347554,1234
5.687458390,3347780,226
5.687458390,3348998,1218
5.689813387,3349240,242
5.689813387,3350442,1202
5.692168384,3350700,258
5.692168384,3351886,1186
5.694523381,3352160,274
5.694523381,3353330,1170
5.696969952,3353620,290
5.696969952,3354774,1154
5.699324949,3355080,306
5.699324949,3356218,1138
5.701679946,3356540,322
5.701679946,3357662,1122
5.704034943,3358000,338
5.704034943,3359106,1106
5.706390340,3359460,354
5.706390340,3360550,1090
5.708752568,3360920,370
5.708752568,3361994,1074
5.711199139,3362380,386
5.711199139,3363438,1058
5.713554136,3363840,402
5.713554136,3364882,1042
5.715909133,3365300,418
5.715909133,3366326,1026
5.718264130,3366760,434
5.718264130,3367770,1010
5.720619127,3368220,450
5.720619127,3369214,994
5.722974124,3369680,466
5.722974124,3370658,978
5.725329121,3371140,482
5.725329121,3372102,962
5.727684118,3372600,498
5.727684118,3373546,946
5.730138320,3374060,514
5.730138320,3374990,930
5.732493317,3375520,530
5.732493317,3376434,914
5.734848314,3376980,546
5.734848314,3377878,898
5.737203311,3378440,562
5.737203311,3379322,882
5.739558308,3379900,578
5.739558308,3380766,866
5.742004879,3381360,594
5.742004879,3382210,850
5.744359876,3382820,610
5.744359876,3383654,834
5.746714873,3384280,626
5.746714873,3385098,818
5.749069870,3385740,642
5.749069870,3386542,802
5.751425267,3387200,658
5.751425267,3387986,786
5.753736926,3388660,674
5.753736926,3389430,770
5.755955525,3390120,690
5.755955525,3390874,754
5.758174124,3391580,706
5.758174124,3392318,738
5.760392723,3393040,722
5.760392723,3393762,722
5.762611322,3394500,738
5.762611322,3395206,706
5.764829921,3395960,754
5.764829921,3396650,690
5.767048520,3397420,770
5.767048520,3398094,674
5.769267119,3398880,786
5.769267119,3399538,658
5.771572388,3400340,802
5.771572388,3400982,642
5.773797777,3401800,818
5.773797777,3402426,626
5.776016376,3403260,834
5.776016376,3403870,610
5.778234975,3404720,850
5.778234975,3405314,594
5.780453574,3406180,866
5.780453574,3406758,578
5.782758443,3407640,882
5.782758443,3408202,562
5.784977042,3409100,898
5.784977042,3409646,546
5.787195641,3410560,914
5.787195641,3411090,530
5.789414240,3412020,930
5.789414240,3412534,514
5.791632839,3413480,946
5.791632839,3413978,498
5.793851838,3414940,962
5.793851838,3415422,482
5.796077227,3416400,978
5.796077227,3416866,466
5.798295826,3417860,994
5.798295826,3418310,450
5.800600695,3419320,1010
5.800600695,3419754,434
5.802819294,3420780,1026
5.802819294,3421198,418
5.805037893,3422240,1042
5.805037893,3422642,402
5.807256492,3423700,1058
5.807256492,3424086,386
5.809475091,3425160,1074
5.809475091,3425530,370
5.811779960,3426620,1090
5.811779960,3426974,354
5.813998959,3428080,1106
5.813998959,3428418,338
5.816224348,3429540,1122
5.816224348,3429862,322
5.818442947,3431000,1138
5.818442947,3431306,306
5.820661546,3432460,1154
5.820661546,3432750,290
5.822880145,3433920,1170
5.822880145,3434194,274
5.825098744,3435380,1186
5.825098744,3435638,258
5.827317343,3436840,1202
5.827317343,3437082,242
5.829622212,3438300,1218
5.829622212,3438526,226
5.831840811,3439760,1234
5.831840811,3439970,210
5.834059410,3441220,1250
5.834059410,3441414,194
5.836278409,3442680,1266
5.836278409,3442858,178
5.838503798,3444140,1282
5.838503798,3444302,162
5.840808667,3445600,1298
5.840808667,3445746,146
5.843027266,3447060,1314
5.843027266,3447190,130
5.845245865,3448520,1330
5.845245865,3448634,114
5.847464464,3449980,1346
5.847464464,3450078,98
5.849683063,3451440,1362
5.849683063,3451522,82
5.851987932,3452900,1378
5.851987932,3452966,66
5.854194326,3454360,1394
5.854194326,3454410,50
5.856399770,3455820,1410
5.856399770,3455854,34
5.858611564,3457280,1426
5.858611564,3457298,18
5.860816608,3458740,1442
5.860816608,3458742,2
5.863021732,3460194,1452
5.865228206,3460200,6
5.865228206,3461639,1439
5.867434680,3461660,21
5.867434680,3463084,1424
5.869726953,3463120,36
5.869726953,3464529,1409
5.871933427,3464580,51
5.871933427,3465974,1394
5.874139901,3466040,66
5.874139901,3467418,1378
5.876346375,3467500,82
5.876346375,3468862,1362
5.878553249,3468960,98
5.878553249,3470306,1346
5.880852272,3470420,114
5.880852272,3471750,1330
5.883058746,3471880,130
5.883058746,3473194,1314
5.885265220,3473340,146
5.885265220,3474638,1298
5.887471694,3474800,162
5.887471694,3476082,1282
5.889678168,3476260,178
5.889678168,3477526,1266
5.891884642,3477720,194
5.891884642,3478970,1250
5.894091116,3479180,210
5.894091116,3480414,1234
5.896297590,3480640,226
5.896297590,3481858,1218
5.898590263,3482100,242
5.898590263,3483302,1202
5.900803487,3483560,258
5.900803487,3484746,1186
5.903009961,3485020,274
5.903009961,3486190,1170
5.905216435,3486480,290
5.905216435,3487634,1154
5.907422909,3487940,306
5.907422909,3489078,1138
5.909715182,3489400,322
5.909715182,3490522,1122
5.911921656,3490860,338
5.911921656,3491966,1106
5.914128130,3492320,354
5.914128130,3493410,1090
5.916334604,3493780,370
5.916334604,3494854,1074
5.918541078,3495240,386
5.918541078,3496298,1058
5.920840501,3496700,402
5.920840501,3497742,1042
5.923046975,3498160,418
5.923046975,3499186,1026
5.925253449,3499620,434
5.925253449,3500630,1010
5.927459923,3501080,450
5.927459923,3502074,994
5.929666397,3502540,466
5.929666397,3503518,978
5.931872871,3504000,482
5.931872871,3504962,962
5.934079345,3505460,498
5.934079345,3506406,946
5.936285819,3506920,514
5.936285819,3507850,930
5.938578092,3508380,530
5.938578092,3509294,914
5.940784966,3509840,546
5.940784966,3510738,898
5.942998190,3511300,562
5.942998190,3512182,882
5.945204664,3512760,578
5.945204664,3513626,866
5.947411138,3514220,594
5.947411138,3515070,850
5.949703411,3515680,610
5.949703411,3516514,834
5.951909885,3517140,626
5.951909885,3517958,818
5.954341567,3518600,642
5.954341567,3519402,802
5.956773249,3520060,658
5.956773249,3520846,786
5.959204931,3521520,674
5.959204931,3522290,770
5.961636613,3522980,690
5.961636613,3523734,754
5.964068695,3524440,706
5.964068695,3525178,738
5.966507857,3525900,722
5.966507857,3526622,722
5.969034095,3527360,738
5.969034095,3528066,706
5.971465777,3528820,754
5.971465777,3529510,690
5.973897459,3530280,770
5.973897459,3530954,674
5.976329141,3531740,786
5.976329141,3532398,658
5.978760823,3533200,802
5.978760823,3533842,642
5.981287061,3534660,818
5.981287061,3535286,626
5.983718743,3536120,834
5.983718743,3536730,610
5.986150825,3537580,850
5.986150825,3538174,594
5.988589987,3539040,866
5.988589987,3539618,578
5.991021669,3540500,882
5.991021669,3541062,562
5.993453351,3541960,898
5.993453351,3542506,546
5.995885033,3543420,914
5.995885033,3543950,530
5.998316715,3544880,930
5.998316715,3545394,514
6.000842953,3546340,946
6.000842953,3546838,498
6.003274635,3547800,962
6.003274635,3548282,482
6.005706317,3549260,978
6.005706317,3549726,466
6.008137999,3550720,994
6.008137999,3551170,450
6.010570081,3552180,1010
6.010570081,3552614,434
6.013103799,3553640,1026
6.013103799,3554058,418
6.015535481,3555100,1042
6.015535481,3555502,402
6.017967163,3556560,1058
6.017967163,3556946,386
6.020398845,3558020,1074
6.020398845,3558390,370
6.022830527,3559480,1090
6.022830527,3559834,354
6.025356765,3560940,1106
6.025356765,3561278,338
6.027788447,3562400,1122
6.027788447,3562722,322
6.030220129,3563860,1138
6.030220129,3564166,306
6.032652211,3565320,1154
6.032652211,3565610,290
6.035091373,3566780,1170
6.035091373,3567054,274
6.037523055,3568240,1186
6.037523055,3568498,258
6.039954737,3569700,1202
6.039954737,3569942,242
6.042386419,3571160,1218
6.042386419,3571386,226
6.044912657,3572620,1234
6.044912657,3572830,210
6.047344339,3574080,1250
6.047344339,3574274,194
6.049776021,3575540,1266
6.049776021,3575718,178
6.052207703,3577000,1282
6.052207703,3577162,162
6.054497759,3578460,1298
6.054497759,3578606,146
6.056884285,3579920,1314
6.056884285,3580050,130
6.059174341,3581380,1330
6.059174341,3581494,114
6.061464397,3582840,1346
6.061464397,3582938,98
6.063754453,3584300,1362
6.063754453,3584382,82
6.066044509,3585760,1378
6.066044509,3585826,66
6.068334485,3587220,1394
6.068334485,3587270,50
6.070623057,3588680,1410
6.070623057,3588714,34
6.072911629,3590140,1426
6.072911629,3590158,18
6.075289250,3591600,1442
6.075289250,3591602,2
6.077578302,3593054,1452
6.079875379,3593060,6
6.079875379,3594499,1439
6.082165435,3594520,21
6.082165435,3595944,1424
6.084455491,3595980,36
6.084455491,3597389,1409
6.086745547,3597440,51
6.086745547,3598834,1394
6.089124652,3598900,66
6.089124652,3600278,1378
6.091414708,3600360,82
6.091414708,3601722,1362
6.093704764,3601820,98
6.093704764,3603166,1346
6.095994820,3603280,114
6.095994820,3604610,1330
6.098284876,3604740,130
6.098284876,3606054,1314
6.100575332,3606200,146
6.100575332,3607498,1298
6.102872409,3607660,162
6.102872409,3608942,1282
6.105162465,3609120,178
6.105162465,3610386,1266
6.107541570,3610580,194
6.107541570,3611830,1250
6.109831626,3612040,210
6.109831626,3613274,1234
6.112121682,3613500,226
6.112121682,3614718,1218
6.114411738,3614960,242
6.114411738,3616162,1202
6.116701794,3616420,258
6.116701794,3617606,1186
6.119080899,3617880,274
6.119080899,3619050,1170
6.121371355,3619340,290
6.121371355,3620494,1154
6.123668432,3620800,306
6.123668432,3621938,1138
6.125958488,3622260,322
6.125958488,3623382,1122
6.128248544,3623720,338
6.128248544,3624826,1106
6.130627649,3625180,354
6.130627649,3626270,1090
6.132917705,3626640,370
6.132917705,3627714,1074
6.135207761,3628100,386
6.135207761,3629158,1058
6.137497817,3629560,402
6.137497817,3630602,1042
6.139787873,3631020,418
6.139787873,3632046,1026
6.142077929,3632480,434
6.142077929,3633490,1010
6.144368385,3633940,450
6.144368385,3634934,994
6.146665462,3635400,466
6.146665462,3636378,978
6.149044567,3636860,482
6.149044567,3637822,962
6.151334623,3638320,498
6.151334623,3639266,946
6.153701445,3639780,514
6.153701445,3640710,930
6.156068267,3641240,530
6.156068267,3642154,914
6.158435089,3642700,546
6.158435089,3643598,898
6.160893945,3644160,562
6.160893945,3645042,882
6.163260767,3645620,578
6.163260767,3646486,866
6.165627989,3647080,594
6.165627989,3647930,850
6.168002080,3648540,610
6.168002080,3649374,834
6.170368902,3650000,626
6.170368902,3650818,818
6.172735724,3651460,642
6.172735724,3652262,802
6.175102546,3652920,658
6.175102546,3653706,786
6.177469368,3654380,674
6.177469368,3655150,770
6.179928224,3655840,690
6.179928224,3656594,754
6.182295046,3657300,706
6.182295046,3658038,738
6.184661868,3658760,722
6.184661868,3659482,722
6.187028690,3660220,738
6.187028690,3660926,706
6.189395912,3661680,754
6.189395912,3662370,690
6.191862037,3663140,770
6.191862037,3663814,674
6.194228859,3664600,786
6.194228859,3665258,658
6.196595681,3666060,802
6.196595681,3666702,642
6.198962503,3667520,818
6.198962503,3668146,626
6.201329325,3668980,834
6.201329325,3669590,610
6.203696147,3670440,850
6.203696147,3671034,594
6.206062969,3671900,866
6.206062969,3672478,578
6.208429791,3673360,882
6.208429791,3673922,562
6.210889047,3674820,898
6.210889047,3675366,546
6.213263138,3676280,914
6.213263138,3676810,530
6.215629960,3677740,930
6.215629960,3678254,514
6.217996782,3679200,946
6.217996782,3679698,498
6.220363604,3680660,962
6.220363604,3681142,482
6.222822460,3682120,978
6.222822460,3682586,466
6.225189282,3683580,994
6.225189282,3684030,450
6.227556104,3685040,1010
6.227556104,3685474,434
6.229922926,3686500,1026
6.229922926,3686918,418
6.232289748,3687960,1042
6.232289748,3688362,402
6.234756274,3689420,1058
6.234756274,3689806,386
6.237123096,3690880,1074
6.237123096,3691250,370
6.239489918,3692340,1090
6.239489918,3692694,354
6.241856740,3693800,1106
6.241856740,3694138,338
6.244223562,3695260,1122
6.244223562,3695582,322
6.246590384,3696720,1138
6.246590384,3697026,306
6.248957206,3698180,1154
6.248957206,3698470,290
6.251324028,3699640,1170
6.251324028,3699914,274
6.253621597,3701100,1186
6.253621597,3701358,258
6.255833569,3702560,1202
6.255833569,3702802,242
6.258051907,3704020,1218
6.258051907,3704246,226
6.260263479,3705480,1234
6.260263479,3705690,210
6.262475051,3706940,1250
6.262475051,3707134,194
6.264772620,3708400,1266
6.264772620,3708578,178
6.266984192,3709860,1282
6.266984192,3710022,162
6.269195764,3711320,1298
6.269195764,3711466,146
6.271407336,3712780,1314
6.271407336,3712910,130
6.273618908,3714240,1330
6.273618908,3714354,114
6.275830480,3715700,1346
6.275830480,3715798,98
6.278042452,3717160,1362
6.278042452,3717242,82
6.280260790,3718620,1378
6.280260790,3718686,66
6.282558279,3720080,1394
6.282558279,3720130,50
6.284768417,3721540,1410
6.284768417,3721574,34
6.286978555,3723000,1426
6.286978555,3723018,18
6.289188693,3724460,1442
6.289188693,3724462,2
6.291398911,3725914,1452
6.293696480,3725920,6
6.293696480,3727359,1439
6.295908052,3727380,21
6.295908052,3728804,1424
6.298120024,3728840,36
6.298120024,3730249,1409
6.300338362,3730300,51
6.300338362,3731694,1394
6.302549934,3731760,66
6.302549934,3733138,1378
6.304761506,3733220,82
6.304761506,3734582,1362
6.306973078,3734680,98
6.306973078,3736026,1346
6.309184650,3736140,114
6.309184650,3737470,1330
6.311482219,3737600,130
6.311482219,3738914,1314
6.313693791,3739060,146
6.313693791,3740358,1298
6.315905363,3740520,162
6.315905363,3741802,1282
6.318116935,3741980,178
6.318116935,3743246,1266
6.320328907,3743440,194
6.320328907,3744690,1250
6.322633242,3744900,210
6.322633242,3746134,1234
6.324844814,3746360,226
6.324844814,3747578,1218
6.327056386,3747820,242
6.327056386,3749022,1202
6.329267958,3749280,258
6.329267958,3750466,1186
6.331479530,3750740,274
6.331479530,3751910,1170
6.333777099,3752200,290
6.333777099,3753354,1154
6.335988671,3753660,306
6.335988671,3754798,1138
6.338200243,3755120,322
6.338200243,3756242,1122
6.340412215,3756580,338
6.340412215,3757686,1106
6.342630553,3758040,354
6.342630553,3759130,1090
6.344842125,3759500,370
6.344842125,3760574,1074
6.347053697,3760960,386
6.347053697,3762018,1058
6.349265269,3762420,402
6.349265269,3763462,1042
6.351562838,3763880,418
6.351562838,3764906,1026
6.353778605,3765340,434
6.353778605,3766350,1010
6.355994372,3766800,450
6.355994372,3767794,994
6.358210139,3768260,466
6.358210139,3769238,978
6.360425906,3769720,482
6.360425906,3770682,962
6.362735013,3771180,498
6.362735013,3772126,946
6.364950780,3772640,514
6.364950780,3773570,930
6.367166547,3774100,530
6.367166547,3775014,914
6.369382314,3775560,546
6.369382314,3776458,898
6.371598081,3777020,562
6.371598081,3777902,882
6.373813848,3778480,578
6.373813848,3779346,866
6.376029615,3779940,594
6.376029615,3780790,850
6.378245382,3781400,610
6.378245382,3782234,834
6.380547309,3782860,626
6.380547309,3783678,818
6.382763476,3784320,642
6.382763476,3785122,802
6.384986023,3785780,658
6.384986023,3786566,786
6.387201790,3787240,674
6.387201790,3788010,770
6.389417557,3788700,690
6.389417557,3789454,754
6.391719484,3790160,706
6.391719484,3790898,738
6.393935251,3791620,722
6.393935251,3792342,722
6.396151018,3793080,738
6.396151018,3793786,706
6.398366785,3794540,754
6.398366785,3795230,690
6.400582552,3796000,770
6.400582552,3796674,674
6.402884879,3797460,786
6.402884879,3798118,658
6.405107426,3798920,802
6.405107426,3799562,642
6.407323193,3800380,818
6.407323193,3801006,626
6.409538960,3801840,834
6.409538960,3802450,610
6.411754727,3803300,850
6.411754727,3803894,594
6.413970494,3804760,866
6.413970494,3805338,578
6.416186261,3806220,882
6.416186261,3806782,562
6.418402028,3807680,898
6.418402028,3808226,546
6.420703955,3809140,914
6.420703955,3809670,530
6.422919722,3810600,930
6.422919722,3811114,514
6.425135889,3812060,946
6.425135889,3812558,498
6.427358436,3813520,962
6.427358436,3814002,482
6.429574203,3814980,978
6.429574203,3815446,466
6.431876130,3816440,994
6.431876130,3816890,450
6.434091897,3817900,1010
6.434091897,3818334,434
6.436307664,3819360,1026
6.436307664,3819778,418
6.438523431,3820820,1042
6.438523431,3821222,402
6.440739198,3822280,1058
6.440739198,3822666,386
6.442954965,3823740,1074
6.442954965,3824110,370
6.445170732,3825200,1090
6.445170732,3825554,354
6.447386899,3826660,1106
6.447386899,3826998,338
6.449695606,3828120,1122
6.449695606,3828442,322
6.451911373,3829580,1138
6.451911373,3829886,306
6.454312889,3831040,1154
6.454312889,3831330,290
6.456714405,3832500,1170
6.456714405,3832774,274
6.459115921,3833960,1186
6.459115921,3834218,258
6.461610820,3835420,1202
6.461610820,3835662,242
6.464012336,3836880,1218
6.464012336,3837106,226
6.466413852,3838340,1234
6.466413852,3838550,210
6.468815768,3839800,1250
6.468815768,3839994,194
6.471224666,3841260,1266
6.471224666,3841438,178
6.473626182,3842720,1282
6.473626182,3842882,162
6.476027698,3844180,1298
6.476027698,3844326,146
6.478429214,3845640,1314
6.478429214,3845770,130
6.480830730,3847100,1330
6.480830730,3847214,114
6.483325629,3848560,1346
6.483325629,3848658,98
6.485727145,3850020,1362
6.485727145,3850102,82
6.488128661,3851480,1378
6.488128661,3851546,66
6.490530097,3852940,1394
6.490530097,3852990,50
6.492930456,3854400,1410
6.492930456,3854434,34
6.495431180,3855860,1426
6.495431180,3855878,18
6.497831139,3857320,1442
6.497831139,3857322,2
6.500231178,3858774,1452
6.502632694,3858780,6
6.502632694,3860219,1439
6.505034210,3860240,21
6.505034210,3861664,1424
6.507529109,3861700,36
6.507529109,3863109,1409
6.509930625,3863160,51
6.509930625,3864554,1394
6.512332141,3864620,66
6.512332141,3865998,1378
6.514734057,3866080,82
6.514734057,3867442,1362
6.517142955,3867540,98
6.517142955,3868886,1346
6.519544471,3869000,114
6.519544471,3870330,1330
6.521945987,3870460,130
6.521945987,3871774,1314
6.524347503,3871920,146
6.524347503,3873218,1298
6.526842402,3873380,162
6.526842402,3874662,1282
6.529243918,3874840,178
6.529243918,3876106,1266
6.531645434,3876300,194
6.531645434,3877550,1250
6.534046950,3877760,210
6.534046950,3878994,1234
6.536448466,3879220,226
6.536448466,3880438,1218
6.538951147,3880680,242
6.538951147,3881882,1202
6.541352663,3882140,258
6.541352663,3883326,1186
6.543754179,3883600,274
6.543754179,3884770,1170
6.546155695,3885060,290
6.546155695,3886214,1154
6.548557211,3886520,306
6.548557211,3887658,1138
6.550958727,3887980,322
6.550958727,3889102,1122
6.553071697,3889440,338
6.553071697,3890546,1106
6.555184667,3890900,354
6.555184667,3891990,1090
6.557379800,3892360,370
6.557379800,3893434,1074
6.559493170,3893820,386
6.559493170,3894878,1058
6.561612587,3895280,402
6.561612587,3896322,1042
6.563725557,3896740,418
6.563725557,3897766,1026
6.565838527,3898200,434
6.565838527,3899210,1010
6.568033660,3899660,450
6.568033660,3900654,994
6.570146630,3901120,466
6.570146630,3902098,978
6.572259600,3902580,482
6.572259600,3903542,962
6.574372570,3904040,498
6.574372570,3904986,946
6.576485540,3905500,514
6.576485540,3906430,930
6.578598510,3906960,530
6.578598510,3907874,914
6.580711880,3908420,546
6.580711880,3909318,898
6.582831297,3909880,562
6.582831297,3910762,882
6.585026430,3911340,578
6.585026430,3912206,866
6.587139400,3912800,594
6.587139400,3913650,850
6.589252370,3914260,610
6.589252370,3915094,834
6.591365340,3915720,626
6.591365340,3916538,818
6.593478310,3917180,642
6.593478310,3917982,802
6.595673443,3918640,658
6.595673443,3919426,786
6.597786413,3920100,674
6.597786413,3920870,770
6.599899783,3921560,690
6.599899783,3922314,754
6.602019200,3923020,706
6.602019200,3923758,738
6.604132170,3924480,722
6.604132170,3925202,722
6.606327303,3925940,738
6.606327303,3926646,706
6.608440273,3927400,754
6.608440273,3928090,690
6.610553243,3928860,770
6.610553243,3929534,674
6.612666213,3930320,786
6.612666213,3930978,658
6.614779183,3931780,802
6.614779183,3932422,642
6.616892153,3933240,818
6.616892153,3933866,626
6.619005123,3934700,834
6.619005123,3935310,610
6.621118493,3936160,850
6.621118493,3936754,594
6.623237910,3937620,866
6.623237910,3938198,578
6.625433043,3939080,882
6.625433043,3939642,562
6.627546013,3940540,898
6.627546013,3941086,546
6.629658983,3942000,914
6.629658983,3942530,530
6.631771953,3943460,930
6.631771953,3943974,514
6.633884923,3944920,946
6.633884923,3945418,498
6.636080056,3946380,962
6.636080056,3946862,482
6.638193026,3947840,978
6.638193026,3948306,466
6.640306396,3949300,994
6.640306396,3949750,450
6.642425813,3950760,1010
6.642425813,3951194,434
6.644538783,3952220,1026
6.644538783,3952638,418
6.646651753,3953680,1042
6.646651753,3954082,402
6.648764723,3955140,1058
6.648764723,3955526,386
6.650959856,3956600,1074
6.650959856,3956970,370
6.653363425,3958060,1090
6.653363425,3958414,354
6.655766994,3959520,1106
6.655766994,3959858,338
6.658170563,3960980,1122
6.658170563,3961302,322
6.660574132,3962440,1138
6.660574132,3962746,306
6.662978101,3963900,1154
6.662978101,3964190,290
6.665482522,3965360,1170
6.665482522,3965634,274
6.667886091,3966820,1186
6.667886091,3967078,258
6.670289660,3968280,1202
6.670289660,3968522,242
6.672693229,3969740,1218
6.672693229,3969966,226
6.675096798,3971200,1234
6.675096798,3971410,210
6.677500367,3972660,1250
6.677500367,3972854,194
6.679903936,3974120,1266
6.679903936,3974298,178
6.682400968,3975580,1282
6.682400968,3975742,162
6.684804937,3977040,1298
6.684804937,3977186,146
6.687215895,3978500,1314
6.687215895,3978630,130
6.689619464,3979960,1330
6.689619464,3980074,114
6.692023033,3981420,1346
6.692023033,3981518,98
6.694426602,3982880,1362
6.694426602,3982962,82
6.696923634,3984340,1378
6.696923634,3984406,66
6.699327123,3985800,1394
6.699327123,3985850,50
6.701729135,3987260,1410
6.701729135,3987294,34
6.704131147,3988720,1426
6.704131147,3988738,18
6.706533159,3990180,1442
6.706533159,3990182,2
6.709036503,3991634,1452
6.711440072,3991640,6
6.711440072,3993079,1439
6.713843641,3993100,21
6.713843641,3994524,1424
6.716247210,3994560,36
6.716247210,3995969,1409
6.718650779,3996020,51
6.718650779,3997414,1394
6.721054348,3997480,66
6.721054348,3998858,1378
6.723457917,3998940,82
6.723457917,4000302,1362
6.725861486,4000400,98
6.725861486,4001746,1346
6.728358518,4001860,114
6.728358518,4003190,1330
6.730762487,4003320,130
6.730762487,4004634,1314
6.733173445,4004780,146
6.733173445,4006078,1298
6.735577014,4006240,162
6.735577014,4007522,1282
6.737980583,4007700,178
6.737980583,4008966,1266
6.740477615,4009160,194
6.740477615,4010410,1250
6.742881184,4010620,210
6.742881184,4011854,1234
6.745284753,4012080,226
6.745284753,4013298,1218
6.747688322,4013540,242
6.747688322,4014742,1202
6.750091891,4015000,258
6.750091891,4016186,1186
6.752256038,4016460,274
6.752256038,4017630,1170
6.754414050,4017920,290
6.754414050,4019074,1154
6.756662152,4019380,306
6.756662152,4020518,1138
6.758819764,4020840,322
6.758819764,4021962,1122
6.760977376,4022300,338
6.760977376,4023406,1106
6.763134988,4023760,354
6.763134988,4024850,1090
6.765292600,4025220,370
6.765292600,4026294,1074
6.767450212,4026680,386
6.767450212,4027738,1058
6.769691723,4028140,402
6.769691723,4029182,1042
6.771849335,4029600,418
6.771849335,4030626,1026
6.774007347,4031060,434
6.774007347,4032070,1010
6.776171550,4032520,450
6.776171550,4033514,994
6.778329162,4033980,466
6.778329162,4034958,978
6.780570673,4035440,482
6.780570673,4036402,962
6.782728285,4036900,498
6.782728285,4037846,946
6.784885897,4038360,514
6.784885897,4039290,930
6.787043509,4039820,530
6.787043509,4040734,914
6.789201121,4041280,546
6.789201121,4042178,898
6.791358733,4042740,562
6.791358733,4043622,882
6.793516345,4044200,578
6.793516345,4045066,866
6.795674357,4045660,594
6.795674357,4046510,850
6.797922459,4047120,610
6.797922459,4047954,834
6.800080071,4048580,626
6.800080071,4049398,818
6.802237683,4050040,642
6.802237683,4050842,802
6.804395295,4051500,658
6.804395295,4052286,786
6.806552907,4052960,674
6.806552907,4053730,770
6.808794418,4054420,690
6.808794418,4055174,754
6.810952030,4055880,706
6.810952030,4056618,738
6.813109642,4057340,722
6.813109642,4058062,722
6.815267654,4058800,738
6.815267654,4059506,706
6.817431857,4060260,754
6.817431857,4060950,690
6.819589469,4061720,770
6.819589469,4062394,674
6.821747081,4063180,786
6.821747081,4063838,658
6.823904693,4064640,802
6.823904693,4065282,642
6.826146204,4066100,818
6.826146204,4066726,626
6.828303816,4067560,834
6.828303816,4068170,610
6.830461428,4069020,850
6.830461428,4069614,594
6.832619040,4070480,866
6.832619040,4071058,578
6.834776652,4071940,882
6.834776652,4072502,562
6.837025155,4073400,898
6.837025155,4073946,546
6.839182767,4074860,914
6.839182767,4075390,530
6.841340379,4076320,930
6.841340379,4076834,514
6.843497991,4077780,946
6.843497991,4078278,498
6.845655603,4079240,962
6.845655603,4079722,482
6.847813215,4080700,978
6.847813215,4081166,466
6.849970827,4082160,994
6.849970827,4082610,450
6.852128439,4083620,1010
6.852128439,4084054,434
6.854520523,4085080,1026
6.854520523,4085498,418
6.856823472,4086540,1042
6.856823472,4086942,402
6.859133082,4088000,1058
6.859133082,4088386,386
6.861435631,4089460,1074
6.861435631,4089830,370
6.863738180,4090920,1090
6.863738180,4091274,354
6.866040729,4092380,1106
6.866040729,4092718,338
6.868432813,4093840,1122
6.868432813,4094162,322
6.870735362,4095300,1138
6.870735362,4095606,306
6.873037911,4096760,1154
6.873037911,4097050,290
6.875340460,4098220,1170
6.875340460,4098494,274
6.877643009,4099680,1186
6.877643009,4099938,258
6.880042554,4101140,1202
6.880042554,4101382,242
6.882345103,4102600,1218
6.882345103,4102826,226
6.884647652,4104060,1234
6.884647652,4104270,210
6.886950201,4105520,1250
6.886950201,4105714,194
6.889252750,4106980,1266
6.889252750,4107158,178
6.891555299,4108440,1282
6.891555299,4108602,162
6.893857848,4109900,1298
6.893857848,4110046,146
6.896160397,4111360,1314
6.896160397,4111490,130
6.898552481,4112820,1330
6.898552481,4112934,114
6.900855430,4114280,1346
6.900855430,4114378,98
6.903165040,4115740,1362
6.903165040,4115822,82
6.905467589,4117200,1378
6.905467589,4117266,66
6.907770058,4118660,1394
6.907770058,4118710,50
6.910160650,4120120,1410
6.910160650,4120154,34
6.912461707,4121580,1426
6.912461707,4121598,18
6.914762764,4123040,1442
6.914762764,4123042,2
6.917063901,4124494,1452
6.919366450,4124500,6
6.919366450,4125939,1439
6.921668999,4125960,21
6.921668999,4127384,1424
6.923971948,4127420,36
6.923971948,4128829,1409
6.926371093,4128880,51
6.926371093,4130274,1394
6.928673642,4130340,66
6.928673642,4131718,1378
6.930976191,4131800,82
6.930976191,4133162,1362
6.933278740,4133260,98
6.933278740,4134606,1346
6.935581289,4134720,114
6.935581289,4136050,1330
6.937883838,4136180,130
6.937883838,4137494,1314
6.940275922,4137640,146
6.940275922,4138938,1298
6.942578471,4139100,162
6.942578471,4140382,1282
6.944881420,4140560,178
6.944881420,4141826,1266
6.947191030,4142020,194
6.947191030,4143270,1250
6.949493579,4143480,210
6.949493579,4144714,1234
6.951796128,4144940,226
6.951796128,4146158,1218
6.954140583,4146400,242
6.954140583,4147602,1202
6.956576202,4147860,258
6.956576202,4149046,1186
6.958920657,4149320,274
6.958920657,4150490,1170
6.961265112,4150780,290
6.961265112,4151934,1154
6.963609567,4152240,306
6.963609567,4153378,1138
6.965954022,4153700,322
6.965954022,4154822,1122
6.968298877,4155160,338
6.968298877,4156266,1106
6.970741694,4156620,354
6.970741694,4157710,1090
6.973086149,4158080,370
6.973086149,4159154,1074
6.975430604,4159540,386
6.975430604,4160598,1058
6.977775059,4161000,402
6.977775059,4162042,1042
6.980119514,4162460,418
6.980119514,4163486,1026
6.982555133,4163920,434
6.982555133,4164930,1010
6.984899588,4165380,450
6.984899588,4166374,994
6.987244043,4166840,466
6.987244043,4167818,978
6.989588898,4168300,482
6.989588898,4169262,962
6.991940551,4169760,498
6.991940551,4170706,946
6.994285006,4171220,514
6.994285006,4172150,930
6.996629461,4172680,530
6.996629461,4173594,914
6.998973916,4174140,546
6.998973916,4175038,898
7.001409535,4175600,562
7.001409535,4176482,882
7.003753990,4177060,578
7.003753990,4177926,866
7.006098445,4178520,594
7.006098445,4179370,850
7.008442900,4179980,610
7.008442900,4180814,834
7.010787355,4181440,626
7.010787355,4182258,818
7.013230571,4182900,642
7.013230571,4183702,802
7.015575026,4184360,658
7.015575026,4185146,786
7.017919481,4185820,674
7.017919481,4186590,770
7.020263936,4187280,690
7.020263936,4188034,754
7.022608391,4188740,706
7.022608391,4189478,738
7.024952846,4190200,722
7.024952846,4190922,722
7.027297301,4191660,738
7.027297301,4192366,706
7.029732920,4193120,754
7.029732920,4193810,690
7.032077375,4194580,770
7.032077375,4195254,674
7.034422230,4196040,786
7.034422230,4196698,658
7.036773883,4197500,802
7.036773883,4198142,642
7.039118338,4198960,818
7.039118338,4199586,626
7.041462793,4200420,834
7.041462793,4201030,610
7.043898412,4201880,850
7.043898412,4202474,594
7.046242867,4203340,866
7.046242867,4203918,578
7.048587322,4204800,882
7.048587322,4205362,562
7.050931777,4206260,898
7.050931777,4206806,546
7.053295530,4207720,914
7.053295530,4208250,530
7.055659283,4209180,930
7.055659283,4209694,514
7.058023436,4210640,946
7.058023436,4211138,498
7.060486364,4212100,962
7.060486364,4212582,482
7.062850117,4213560,978
7.062850117,4214026,466
7.065213870,4215020,994
7.065213870,4215470,450
7.067577623,4216480,1010
7.067577623,4216914,434
7.069941376,4217940,1026
7.069941376,4218358,418
7.072305129,4219400,1042
7.072305129,4219802,402
7.074760797,4220860,1058
7.074760797,4221246,386
7.077124550,4222320,1074
7.077124550,4222690,370
7.079488703,4223780,1090
7.079488703,4224134,354
7.081859716,4225240,1106
7.081859716,4225578,338
7.084223469,4226700,1122
7.084223469,4227022,322
7.086679137,4228160,1138
7.086679137,4228466,306
7.089042890,4229620,1154
7.089042890,4229910,290
7.091406643,4231080,1170
7.091406643,4231354,274
7.093770396,4232540,1186
7.093770396,4232798,258
7.096134149,4234000,1202
7.096134149,4234242,242
7.098497902,4235460,1218
7.098497902,4235686,226
7.100861655,4236920,1234
7.100861655,4237130,210
7.103225808,4238380,1250
7.103225808,4238574,194
7.105688736,4239840,1266
7.105688736,4240018,178
7.108052489,4241300,1282
7.108052489,4241462,162
7.110416242,4242760,1298
7.110416242,4242906,146
7.112779995,4244220,1314
7.112779995,4244350,130
7.115143748,4245680,1330
7.115143748,4245794,114
7.117599416,4247140,1346
7.117599416,4247238,98
7.119963169,4248600,1362
7.119963169,4248682,82
7.122326922,4250060,1378
7.122326922,4250126,66
7.124690995,4251520,1394
7.124690995,4251570,50
7.127060476,4252980,1410
7.127060476,4253014,34
7.129422697,4254440,1426
7.129422697,4254458,18
7.131784918,4255900,1442
7.131784918,4255902,2
7.134239134,4257354,1452
7.136602887,4257360,6
7.136602887,4258799,1439
7.138966640,4258820,21
7.138966640,4260244,1424
7.141330393,4260280,36
7.141330393,4261689,1409
7.143694146,4261740,51
7.143694146,4263134,1394
7.146057899,4263200,66
7.146057899,4264578,1378
7.148521226,4264660,82
7.148521226,4266022,1362
7.150884979,4266120,98
7.150884979,4267466,1346
7.153239361,4267580,114
7.153239361,4268910,1330
7.155593743,4269040,130
7.155593743,4270354,1314
7.157948125,4270500,146
7.157948125,4271798,1298
7.160302507,4271960,162
7.160302507,4273242,1282
7.162656889,4273420,178
7.162656889,4274686,1266
7.165102821,4274880,194
7.165102821,4276130,1250
7.167457203,4276340,210
7.167457203,4277574,1234
7.169811985,4277800,226
7.169811985,4279018,1218
7.172173596,4279260,242
7.172173596,4280462,1202
7.174527978,4280720,258
7.174527978,4281906,1186
7.176882360,4282180,274
7.176882360,4283350,1170
7.179328292,4283640,290
7.179328292,4284794,1154
7.181682674,4285100,306
7.181682674,4286238,1138
7.184037056,4286560,322
7.184037056,4287682,1122
7.186391438,4288020,338
7.186391438,4289126,1106
7.188745820,4289480,354
7.188745820,4290570,1090
7.191192152,4290940,370
7.191192152,4292014,1074
7.193553763,4292400,386
7.193553763,4293458,1058
7.195908145,4293860,402
7.195908145,4294902,1042
7.198262527,4295320,418
7.198262527,4296346,1026
7.200616909,4296780,434
7.200616909,4297790,1010
7.202971291,4298240,450
7.202971291,4299234,994
7.205325673,4299700,466
7.205325673,4300678,978
7.207680055,4301160,482
7.207680055,4302122,962
7.210125987,4302620,498
7.210125987,4303566,946
7.212480369,4304080,514
7.212480369,4305010,930
7.214835151,4305540,530
7.214835151,4306454,914
7.217196762,4307000,546
7.217196762,4307898,898
7.219551144,4308460,562
7.219551144,4309342,882
7.221997076,4309920,578
7.221997076,4310786,866
7.224351458,4311380,594
7.224351458,4312230,850
7.226705840,4312840,610
7.226705840,4313674,834
7.229060222,4314300,626
7.229060222,4315118,818
7.231414604,4315760,642
7.231414604,4316562,802
7.233768986,4317220,658
7.233768986,4318006,786
7.236123368,4318680,674
7.236123368,4319450,770
7.238576930,4320140,690
7.238576930,4320894,754
7.240931312,4321600,706
7.240931312,4322338,738
7.243285694,4323060,722
7.243285694,4323782,722
7.245640076,4324520,738
7.245640076,4325226,706
7.247994458,4325980,754
7.247994458,4326670,690
7.250348840,4327440,770
7.250348840,4328114,674
7.252785484,4328900,786
7.252785484,4329558,658
7.255130925,4330360,802
7.255130925,4331002,642
7.257476366,4331820,818
7.257476366,4332446,626
7.259822207,4333280,834
7.259822207,4333890,610
7.262174848,4334740,850
7.262174848,4335334,594
7.264520289,4336200,866
7.264520289,4336778,578
7.266956933,4337660,882
7.266956933,4338222,562
7.269302374,4339120,898
7.269302374,4339666,546
7.271647815,4340580,914
7.271647815,4341110,530
7.273993256,4342040,930
7.273993256,4342554,514
7.276338697,4343500,946
7.276338697,4343998,498
7.278684138,4344960,962
7.278684138,4345442,482
7.281029579,4346420,978
7.281029579,4346886,466
7.283375420,4347880,994
7.283375420,4348330,450
7.285819264,4349340,1010
7.285819264,4349774,434
7.288164705,4350800,1026
7.288164705,4351218,418
7.290510146,4352260,1042
7.290510146,4352662,402
7.292855587,4353720,1058
7.292855587,4354106,386
7.295201028,4355180,1074
7.295201028,4355550,370
7.297637672,4356640,1090
7.297637672,4356994,354
7.299983113,4358100,1106
7.299983113,4358438,338
7.302328554,4359560,1122
7.302328554,4359882,322
7.304674395,4361020,1138
7.304674395,4361326,306
7.307027036,4362480,1154
7.307027036,4362770,290
7.309372477,4363940,1170
7.309372477,4364214,274
7.311717918,4365400,1186
7.311717918,4365658,258
7.314063359,4366860,1202
7.314063359,4367102,242
7.316500003,4368320,1218
7.316500003,4368546,226
7.318845444,4369780,1234
7.318845444,4369990,210
7.321190885,4371240,1250
7.321190885,4371434,194
7.323536326,4372700,1266
7.323536326,4372878,178
7.325881767,4374160,1282
7.325881767,4374322,162
7.328326011,4375620,1298
7.328326011,4375766,146
7.330671452,4377080,1314
7.330671452,4377210,130
7.333016893,4378540,1330
7.333016893,4378654,114
7.335362334,4380000,1346
7.335362334,4380098,98
7.337707775,4381460,1362
7.337707775,4381542,82
7.340053216,4382920,1378
7.340053216,4382986,66
7.342398577,4384380,1394
7.342398577,4384430,50
7.344833701,4385840,1410
7.344833701,4385874,34
7.347177622,4387300,1426
7.347177622,4387318,18
7.349521943,4388760,1442
7.349521943,4388762,2
7.351873144,4390214,1452
7.353952959,4390220,6
7.353952959,4391659,1439
7.356032774,4391680,21
7.356032774,4393104,1424
7.358193463,4393140,36
7.358193463,4394549,1409
7.360273278,4394600,51
7.360273278,4395994,1394
7.362353093,4396060,66
7.362353093,4397438,1378
7.364432908,4397520,82
7.364432908,4398882,1362
7.366512723,4398980,98
7.366512723,4400326,1346
7.368673812,4400440,114
7.368673812,4401770,1330
7.370759966,4401900,130
7.370759966,4403214,1314
7.372839781,4403360,146
7.372839781,4404658,1298
7.374919596,4404820,162
7.374919596,4406102,1282
7.376999411,4406280,178
7.376999411,4407546,1266
7.379079226,4407740,194
7.379079226,4408990,1250
7.381159041,4409200,210
7.381159041,4410434,1234
7.383238856,4410660,226
7.383238856,4411878,1218
7.385399545,4412120,242
7.385399545,4413322,1202
7.387479360,4413580,258
7.387479360,4414766,1186
7.389559575,4415040,274
7.389559575,4416210,1170
7.391645729,4416500,290
7.391645729,4417654,1154
7.393725544,4417960,306
7.393725544,4419098,1138
7.395886233,4419420,322
7.395886233,4420542,1122
7.397966048,4420880,338
7.397966048,4421986,1106
7.400045863,4422340,354
7.400045863,4423430,1090
7.402125678,4423800,370
7.402125678,4424874,1074
7.404205493,4425260,386
7.404205493,4426318,1058
7.406285308,4426720,402
7.406285308,4427762,1042
7.408365123,4428180,418
7.408365123,4429206,1026
7.410445338,4429640,434
7.410445338,4430650,1010
7.412612366,4431100,450
7.412612366,4432094,994
7.414692181,4432560,466
7.414692181,4433538,978
7.416771996,4434020,482
7.416771996,4434982,962
7.418851811,4435480,498
7.418851811,4436426,946
7.420931626,4436940,514
7.420931626,4437870,930
7.423092315,4438400,530
7.423092315,4439314,914
7.425172130,4439860,546
7.425172130,4440758,898
7.427251945,4441320,562
7.427251945,4442202,882
7.429332160,4442780,578
7.429332160,4443646,866
7.431418314,4444240,594
7.431418314,4445090,850
7.433579003,4445700,610
7.433579003,4446534,834
7.435658818,4447160,626
7.435658818,4447978,818
7.437738633,4448620,642
7.437738633,4449422,802
7.439818448,4450080,658
7.439818448,4450866,786
7.441898263,4451540,674
7.441898263,4452310,770
7.443978078,4453000,690
7.443978078,4453754,754
7.446057893,4454460,706
7.446057893,4455198,738
7.448137708,4455920,722
7.448137708,4456642,722
7.450305136,4457380,738
7.450305136,4458086,706
7.452670322,4458840,754
7.452670322,4459530,690
7.455035508,4460300,770
7.455035508,4460974,674
7.457400694,4461760,786
7.457400694,4462418,658
7.459765880,4463220,802
7.459765880,4463862,642
7.462223036,4464680,818
7.462223036,4465306,626
7.464588222,4466140,834
7.464588222,4466750,610
7.466953408,4467600,850
7.466953408,4468194,594
7.469318594,4469060,866
7.469318594,4469638,578
7.471684180,4470520,882
7.471684180,4471082,562
7.474056631,4471980,898
7.474056631,4472526,546
7.476421817,4473440,914
7.476421817,4473970,530
7.478787003,4474900,930
7.478787003,4475414,514
7.481244159,4476360,946
7.481244159,4476858,498
7.483609345,4477820,962
7.483609345,4478302,482
7.485974531,4479280,978
7.485974531,4479746,466
7.488339717,4480740,994
7.488339717,4481190,450
7.490704903,4482200,1010
7.490704903,4482634,434
7.493162459,4483660,1026
7.493162459,4484078,418
7.495534910,4485120,1042
7.495534910,4485522,402
7.497900096,4486580,1058
7.497900096,4486966,386
7.500265282,4488040,1074
7.500265282,4488410,370
7.502630468,4489500,1090
7.502630468,4489854,354
7.504995654,4490960,1106
7.504995654,4491298,338
7.507360840,4492420,1122
7.507360840,4492742,322
7.509726026,4493880,1138
7.509726026,4494186,306
7.512183182,4495340,1154
7.512183182,4495630,290
7.514548368,4496800,1170
7.514548368,4497074,274
7.516913954,4498260,1186
7.516913954,4498518,258
7.519286405,4499720,1202
7.519286405,4499962,242
7.521651591,4501180,1218
7.521651591,4501406,226
7.524108747,4502640,1234
7.524108747,4502850,210
7.526473933,4504100,1250
7.526473933,4504294,194
7.528839119,4505560,1266
7.528839119,4505738,178
7.531204305,4507020,1282
7.531204305,4507182,162
7.533569491,4508480,1298
7.533569491,4508626,146
7.536026647,4509940,1314
7.536026647,4510070,130
7.538392233,4511400,1330
7.538392233,4511514,114
7.540764684,4512860,1346
7.540764684,4512958,98
7.543129870,4514320,1362
7.543129870,4514402,82
7.545495056,4515780,1378
7.545495056,4515846,66
7.547860162,4517240,1394
7.547860162,4517290,50
7.550223815,4518700,1410
7.550223815,4518734,34
7.552565737,4520160,1426
7.552565737,4520178,18
7.554998784,4521620,1442
7.554998784,4521622,2
7.557340786,4523074,1452
7.559684227,4523080,6
7.559684227,4524519,1439
7.562028068,4524540,21
7.562028068,4525964,1424
7.564378702,4526000,36
7.564378702,4527409,1409
7.566813268,4527460,51
7.566813268,4528854,1394
7.569156709,4528920,66
7.569156709,4530298,1378
7.571500150,4530380,82
7.571500150,4531742,1362
7.573843591,4531840,98
7.573843591,4533186,1346
7.576187032,4533300,114
7.576187032,4534630,1330
7.578530473,4534760,130
7.578530473,4536074,1314
7.580873914,4536220,146
7.580873914,4537518,1298
7.583217355,4537680,162
7.583217355,4538962,1282
7.585659515,4539140,178
7.585659515,4540406,1266
7.588002956,4540600,194
7.588002956,4541850,1250
7.590346397,4542060,210
7.590346397,4543294,1234
7.592689838,4543520,226
7.592689838,4544738,1218
7.595033279,4544980,242
7.595033279,4546182,1202
7.597467845,4546440,258
7.597467845,4547626,1186
7.599811286,4547900,274
7.599811286,4549070,1170
7.602154727,4549360,290
7.602154727,4550514,1154
7.604498168,4550820,306
7.604498168,4551958,1138
7.606842009,4552280,322
7.606842009,4553402,1122
7.609192643,4553740,338
7.609192643,4554846,1106
7.611536084,4555200,354
7.611536084,4556290,1090
7.613879525,4556660,370
7.613879525,4557734,1074
7.616314091,4558120,386
7.616314091,4559178,1058
7.618657532,4559580,402
7.618657532,4560622,1042
7.621000973,4561040,418
7.621000973,4562066,1026
7.623344414,4562500,434
7.623344414,4563510,1010
7.625687855,4563960,450
7.625687855,4564954,994
7.628122821,4565420,466
7.628122821,4566398,978
7.630473455,4566880,482
7.630473455,4567842,962
7.632816896,4568340,498
7.632816896,4569286,946
7.635160337,4569800,514
7.635160337,4570730,930
7.637503778,4571260,530
7.637503778,4572174,914
7.639938344,4572720,546
7.639938344,4573618,898
7.642281785,4574180,562
7.642281785,4575062,882
7.644625226,4575640,578
7.644625226,4576506,866
7.646968667,4577100,594
7.646968667,4577950,850
7.649312108,4578560,610
7.649312108,4579394,834
7.651655949,4580020,626
7.651655949,4580838,818
7.653916365,4581480,642
7.653916365,4582282,802
7.656169879,4582940,658
7.656169879,4583726,786
7.658511021,4584400,674
7.658511021,4585170,770
7.660764535,4585860,690
7.660764535,4586614,754
7.663018049,4587320,706
7.663018049,4588058,738
7.665271563,4588780,722
7.665271563,4589502,722
7.667525077,4590240,738
7.667525077,4590946,706
7.669778591,4591700,754
7.669778591,4592390,690
7.672120133,4593160,770
7.672120133,4593834,674
7.674380549,4594620,786
7.674380549,4595278,658
7.676634063,4596080,802
7.676634063,4596722,642
7.678887577,4597540,818
7.678887577,4598166,626
7.681141091,4599000,834
7.681141091,4599610,610
7.683394605,4600460,850
7.683394605,4601054,594
7.685648119,4601920,866
7.685648119,4602498,578
7.687901633,4603380,882
7.687901633,4603942,562
7.690242775,4604840,898
7.690242775,4605386,546
7.692496289,4606300,914
7.692496289,4606830,530
7.694750203,4607760,930
7.694750203,4608274,514
7.697010619,4609220,946
7.697010619,4609718,498
7.699264133,4610680,962
7.699264133,4611162,482
7.701605275,4612140,978
7.701605275,4612606,466
7.703858789,4613600,994
7.703858789,4614050,450
7.706112303,4615060,1010
7.706112303,4615494,434
7.708365817,4616520,1026
7.708365817,4616938,418
7.710619331,4617980,1042
7.710619331,4618382,402
7.712872845,4619440,1058
7.712872845,4619826,386
7.715126359,4620900,1074
7.715126359,4621270,370
7.717380273,4622360,1090
7.717380273,4622714,354
7.719728317,4623820,1106
7.719728317,4624158,338
7.721981831,4625280,1122
7.721981831,4625602,322
7.724235345,4626740,1138
7.724235345,4627046,306
7.726488859,4628200,1154
7.726488859,4628490,290
7.728742373,4629660,1170
7.728742373,4629934,274
7.731083515,4631120,1186
7.731083515,4631378,258
7.733337029,4632580,1202
7.733337029,4632822,242
7.735590543,4634040,1218
7.735590543,4634266,226
7.737844457,4635500,1234
7.737844457,4635710,210
7.740104873,4636960,1250
7.740104873,4637154,194
7.742446015,4638420,1266
7.742446015,4638598,178
7.744699529,4639880,1282
7.744699529,4640042,162
7.746953043,4641340,1298
7.746953043,4641486,146
7.749206557,4642800,1314
7.749206557,4642930,130
7.751460071,4644260,1330
7.751460071,4644374,114
7.753525414,4645720,1346
7.753525414,4645818,98
7.755590757,4647180,1362
7.755590757,4647262,82
7.757656100,4648640,1378
7.757656100,4648706,66
7.759808367,4650100,1394
7.759808367,4650150,50
7.761872371,4651560,1410
7.761872371,4651594,34
7.763936375,4653020,1426
7.763936375,4653038,18
7.766000379,4654480,1442
7.766000379,4654482,2
7.768064463,4655934,1452
7.770210117,4655940,6
7.770210117,4657379,1439
7.772275460,4657400,21
7.772275460,4658824,1424
7.774340803,4658860,36
7.774340803,4660269,1409
7.776406146,4660320,51
7.776406146,4661714,1394
7.778471889,4661780,66
7.778471889,4663158,1378
7.780543525,4663240,82
7.780543525,4664602,1362
7.782608868,4664700,98
7.782608868,4666046,1346
7.784674211,4666160,114
7.784674211,4667490,1330
7.786819865,4667620,130
7.786819865,4668934,1314
7.788885208,4669080,146
7.788885208,4670378,1298
7.790950551,4670540,162
7.790950551,4671822,1282
7.793015894,4672000,178
7.793015894,4673266,1266
7.795081237,4673460,194
7.795081237,4674710,1250
7.797227291,4674920,210
7.797227291,4676154,1234
7.799298927,4676380,226
7.799298927,4677598,1218
7.801364270,4677840,242
7.801364270,4679042,1202
7.803429613,4679300,258
7.803429613,4680486,1186
7.805494956,4680760,274
7.805494956,4681930,1170
7.807640610,4682220,290
7.807640610,4683374,1154
7.809705953,4683680,306
7.809705953,4684818,1138
7.811771296,4685140,322
7.811771296,4686262,1122
7.813836639,4686600,338
7.813836639,4687706,1106
7.815901982,4688060,354
7.815901982,4689150,1090
7.817967725,4689520,370
7.817967725,4690594,1074
7.820039361,4690980,386
7.820039361,4692038,1058
7.822104704,4692440,402
7.822104704,4693482,1042
7.824250358,4693900,418
7.824250358,4694926,1026
7.826315701,4695360,434
7.826315701,4696370,1010
7.828381044,4696820,450
7.828381044,4697814,994
7.830446387,4698280,466
7.830446387,4699258,978
7.832511730,4699740,482
7.832511730,4700702,962
7.834657384,4701200,498
7.834657384,4702146,946
7.836723127,4702660,514
7.836723127,4703590,930
7.838794763,4704120,530
7.838794763,4705034,914
7.840860106,4705580,546
7.840860106,4706478,898
7.842925449,4707040,562
7.842925449,4707922,882
7.844990792,4708500,578
7.844990792,4709366,866
7.847056135,4709960,594
7.847056135,4710810,850
7.849121478,4711420,610
7.849121478,4712254,834
7.851267132,4712880,626
7.851267132,4713698,818
7.853405738,4714340,642
7.853405738,4715142,802
7.855544344,4715800,658
7.855544344,4716586,786
7.857683350,4717260,674
7.857683350,4718030,770
7.859828486,4718720,690
7.859828486,4719474,754
7.862050252,4720180,706
7.862050252,4720918,738
7.864188858,4721640,722
7.864188858,4722362,722
7.866327464,4723100,738
7.866327464,4723806,706
7.868466070,4724560,754
7.868466070,4725250,690
7.870604676,4726020,770
7.870604676,4726694,674
7.872743282,4727480,786
7.872743282,4728138,658
7.874881888,4728940,802
7.874881888,4729582,642
7.877020494,4730400,818
7.877020494,4731026,626
7.879249190,4731860,834
7.879249190,4732470,610
7.881387796,4733320,850
7.881387796,4733914,594
7.883526402,4734780,866
7.883526402,4735358,578
7.885665008,4736240,882
7.885665008,4736802,562
7.887803614,4737700,898
7.887803614,4738246,546
7.890025380,4739160,914
7.890025380,4739690,530
7.892163986,4740620,930
7.892163986,4741134,514
7.894302592,4742080,946
7.894302592,4742578,498
7.896441198,4743540,962
7.896441198,4744022,482
7.898580204,4745000,978
7.898580204,4745466,466
7.900808500,4746460,994
7.900808500,4746910,450
7.902947106,4747920,1010
7.902947106,4748354,434
7.905085712,4749380,1026
7.905085712,4749798,418
7.907224318,4750840,1042
7.907224318,4751242,402
7.909362924,4752300,1058
7.909362924,4752686,386
7.911501530,4753760,1074
7.911501530,4754130,370
7.913640136,4755220,1090
7.913640136,4755574,354
7.915778742,4756680,1106
7.915778742,4757018,338
7.918000908,4758140,1122
7.918000908,4758462,322
7.920146044,4759600,1138
7.920146044,4759906,306
7.922284650,4761060,1154
7.922284650,4761350,290
7.924423256,4762520,1170
7.924423256,4762794,274
7.926561862,4763980,1186
7.926561862,4764238,258
7.928783628,4765440,1202
7.928783628,4765682,242
7.930922234,4766900,1218
7.930922234,4767126,226
7.933060840,4768360,1234
7.933060840,4768570,210
7.935199446,4769820,1250
7.935199446,4770014,194
7.937338052,4771280,1266
7.937338052,4771458,178
7.939477058,4772740,1282
7.939477058,4772902,162
7.941622194,4774200,1298
7.941622194,4774346,146
7.943760800,4775660,1314
7.943760800,4775790,130
7.945982566,4777120,1330
7.945982566,4777234,114
7.948121172,4778580,1346
7.948121172,4778678,98
7.950259778,4780040,1362
7.950259778,4780122,82
7.952668082,4781500,1378
7.952668082,4781566,66
7.955076306,4782960,1394
7.955076306,4783010,50
7.957576696,4784420,1410
7.957576696,4784454,34
7.959983839,4785880,1426
7.959983839,4785898,18
7.962397986,4787340,1442
7.962397986,4787342,2
7.964804809,4788794,1452
7.967213113,4788800,6
7.967213113,4790239,1439
7.969621417,4790260,21
7.969621417,4791684,1424
7.972029721,4791720,36
7.972029721,4793129,1409
7.974438025,4793180,51
7.974438025,4794574,1394
7.976939976,4794640,66
7.976939976,4796018,1378
7.979348280,4796100,82
7.979348280,4797462,1362
7.981756584,4797560,98
7.981756584,4798906,1346
7.984165288,4799020,114
7.984165288,4800350,1330
7.986580996,4800480,130
7.986580996,4801794,1314
7.989082947,4801940,146
7.989082947,4803238,1298
7.991491251,4803400,162
7.991491251,4804682,1282
7.993899555,4804860,178
7.993899555,4806126,1266
7.996307859,4806320,194
7.996307859,4807570,1250
7.998716163,4807780,210
7.998716163,4809014,1234
8.001218114,4809240,226
8.001218114,4810458,1218
8.003626418,4810700,242
8.003626418,4811902,1202
8.006035122,4812160,258
8.006035122,4813346,1186
8.008450830,4813620,274
8.008450830,4814790,1170
8.010859134,4815080,290
8.010859134,4816234,1154
8.013267438,4816540,306
8.013267438,4817678,1138
8.015675742,4818000,322
8.015675742,4819122,1122
8.018084046,4819460,338
8.018084046,4820566,1106
8.020585997,4820920,354
8.020585997,4822010,1090
8.022994301,4822380,370
8.022994301,4823454,1074
8.025402605,4823840,386
8.025402605,4824898,1058
8.027810909,4825300,402
8.027810909,4826342,1042
8.030219613,4826760,418
8.030219613,4827786,1026
8.032728968,4828220,434
8.032728968,4829230,1010
8.035137272,4829680,450
8.035137272,4830674,994
8.037545576,4831140,466
8.037545576,4832118,978
8.039953880,4832600,482
8.039953880,4833562,962
8.042362184,4834060,498
8.042362184,4835006,946
8.044770488,4835520,514
8.044770488,4836450,930
8.047178792,4836980,530
8.047178792,4837894,914
8.049587096,4838440,546
8.049587096,4839338,898
8.052089447,4839900,562
8.052089447,4840782,882
8.054204093,4841360,578
8.054204093,4842226,866
8.056312307,4842820,594
8.056312307,4843670,850
8.058420521,4844280,610
8.058420521,4845114,834
8.060528735,4845740,626
8.060528735,4846558,818
8.062636949,4847200,642
8.062636949,4848002,802
8.064827141,4848660,658
8.064827141,4849446,786
8.066935355,4850120,674
8.066935355,4850890,770
8.069043569,4851580,690
8.069043569,4852334,754
8.071151783,4853040,706
8.071151783,4853778,738
8.073260397,4854500,722
8.073260397,4855222,722
8.075375043,4855960,738
8.075375043,4856666,706
8.077483257,4857420,754
8.077483257,4858110,690
8.079591471,4858880,770
8.079591471,4859554,674
8.081781663,4860340,786
8.081781663,4860998,658
8.083889877,4861800,802
8.083889877,4862442,642
8.085998091,4863260,818
8.085998091,4863886,626
8.088106305,4864720,834
8.088106305,4865330,610
8.090214519,4866180,850
8.090214519,4866774,594
8.092405111,4867640,866
8.092405111,4868218,578
8.094519757,4869100,882
8.094519757,4869662,562
8.096627971,4870560,898
8.096627971,4871106,546
8.098736185,4872020,914
8.098736185,4872550,530
8.100844399,4873480,930
8.100844399,4873994,514
8.103034591,4874940,946
8.103034591,4875438,498
8.105142805,4876400,962
8.105142805,4876882,482
8.107251019,4877860,978
8.107251019,4878326,466
8.109359233,4879320,994
8.109359233,4879770,450
8.111467447,4880780,1010
8.111467447,4881214,434
8.113576061,4882240,1026
8.113576061,4882658,418
8.115690707,4883700,1042
8.115690707,4884102,402
8.117798921,4885160,1058
8.117798921,4885546,386
8.119989113,4886620,1074
8.119989113,4886990,370
8.122097327,4888080,1090
8.122097327,4888434,354
8.124205541,4889540,1106
8.124205541,4889878,338
8.126313755,4891000,1122
8.126313755,4891322,322
8.128421969,4892460,1138
8.128421969,4892766,306
8.130612161,4893920,1154
8.130612161,4894210,290
8.132720775,4895380,1170
8.132720775,4895654,274
8.134835421,4896840,1186
8.134835421,4897098,258
8.136943635,4898300,1202
8.136943635,4898542,242
8.139051849,4899760,1218
8.139051849,4899986,226
8.141160063,4901220,1234
8.141160063,4901430,210
8.143268277,4902680,1250
8.143268277,4902874,194
8.145376491,4904140,1266
8.145376491,4904318,178
8.147566683,4905600,1282
8.147566683,4905762,162
8.149674897,4907060,1298
8.149674897,4907206,146
8.151783111,4908520,1314
8.151783111,4908650,130
8.154061858,4909980,1330
8.154061858,4910094,114
8.156347188,4911440,1346
8.156347188,4911538,98
8.158714129,4912900,1362
8.158714129,4912982,82
8.160992476,4914360,1378
8.160992476,4914426,66
8.163270743,4915820,1394
8.163270743,4915870,50
8.165547613,4917280,1410
8.165547613,4917314,34
8.167824483,4918740,1426
8.167824483,4918758,18
8.170101353,4920200,1442
8.170101353,4920202,2
8.172378303,4921654,1452
8.174656650,4921660,6
8.174656650,4923099,1439
8.177030974,4923120,21
8.177030974,4924544,1424
8.179309321,4924580,36
8.179309321,4925989,1409
8.181587668,4926040,51
8.181587668,4927434,1394
8.183866015,4927500,66
8.183866015,4928878,1378
8.186144362,4928960,82
8.186144362,4930322,1362
8.188511303,4930420,98
8.188511303,4931766,1346
8.190789650,4931880,114
8.190789650,4933210,1330
8.193067997,4933340,130
8.193067997,4934654,1314
8.195346344,4934800,146
8.195346344,4936098,1298
8.197625091,4936260,162
8.197625091,4937542,1282
8.199999015,4937720,178
8.199999015,4938986,1266
8.202277362,4939180,194
8.202277362,4940430,1250
8.204555709,4940640,210
8.204555709,4941874,1234
8.206834056,4942100,226
8.206834056,4943318,1218
8.209112403,4943560,242
8.209112403,4944762,1202
8.211390750,4945020,258
8.211390750,4946206,1186
8.213669097,4946480,274
8.213669097,4947650,1170
8.215947444,4947940,290
8.215947444,4949094,1154
8.218314785,4949400,306
8.218314785,4950538,1138
8.220600115,4950860,322
8.220600115,4951982,1122
8.222878462,4952320,338
8.222878462,4953426,1106
8.225156809,4953780,354
8.225156809,4954870,1090
8.227435156,4955240,370
8.227435156,4956314,1074
8.229802097,4956700,386
8.229802097,4957758,1058
8.232080444,4958160,402
8.232080444,4959202,1042
8.234358791,4959620,418
8.234358791,4960646,1026
8.236637138,4961080,434
8.236637138,4962090,1010
8.238915485,4962540,450
8.238915485,4963534,994
8.241194232,4964000,466
8.241194232,4964978,978
8.243479562,4965460,482
8.243479562,4966422,962
8.245757909,4966920,498
8.245757909,4967866,946
8.248124850,4968380,514
8.248124850,4969310,930
8.250403197,4969840,530
8.250403197,4970754,914
8.252674111,4971300,546
8.252674111,4972198,898
8.254945025,4972760,562
8.254945025,4973642,882
8.257215939,4974220,578
8.257215939,4975086,866
8.259575158,4975680,594
8.259575158,4976530,850
8.261846472,4977140,610
8.261846472,4977974,834
8.264124345,4978600,626
8.264124345,4979418,818
8.266395259,4980060,642
8.266395259,4980862,802
8.268666173,4981520,658
8.268666173,4982306,786
8.271025392,4982980,674
8.271025392,4983750,770
8.273296306,4984440,690
8.273296306,4985194,754
8.275567220,4985900,706
8.275567220,4986638,738
8.277838134,4987360,722
8.277838134,4988082,722
8.280109048,4988820,738
8.280109048,4989526,706
8.282379962,4990280,754
8.282379962,4990970,690
8.284651276,4991740,770
8.284651276,4992414,674
8.286929149,4993200,786
8.286929149,4993858,658
8.289288368,4994660,802
8.289288368,4995302,642
8.291559282,4996120,818
8.291559282,4996746,626
8.293830196,4997580,834
8.293830196,4998190,610
8.296101110,4999040,850
8.296101110,4999634,594
8.298372024,5000500,866
8.298372024,5001078,578
8.300731243,5001960,882
8.300731243,5002522,562
8.303002157,5003420,898
8.303002157,5003966,546
8.305273471,5004880,914
8.305273471,5005410,530
8.307551344,5006340,930
8.307551344,5006854,514
8.309822258,5007800,946
8.309822258,5008298,498
8.312093172,5009260,962
8.312093172,5009742,482
8.314364086,5010720,978
8.314364086,5011186,466
8.316635000,5012180,994
8.316635000,5012630,450
8.318994219,5013640,1010
8.318994219,5014074,434
8.321265133,5015100,1026
8.321265133,5015518,418
8.323536047,5016560,1042
8.323536047,5016962,402
8.325806961,5018020,1058
8.325806961,5018406,386
8.328078275,5019480,1074
8.328078275,5019850,370
8.330444453,5020940,1090
8.330444453,5021294,354
8.332715367,5022400,1106
8.332715367,5022738,338
8.334986281,5023860,1122
8.334986281,5024182,322
8.337257195,5025320,1138
8.337257195,5025626,306
8.339528109,5026780,1154
8.339528109,5027070,290
8.341799023,5028240,1170
8.341799023,5028514,274
8.344069937,5029700,1186
8.344069937,5029958,258
8.346340851,5031160,1202
8.346340851,5031402,242
8.348700470,5032620,1218
8.348700470,5032846,226
8.350978343,5034080,1234
8.350978343,5034290,210
8.353207040,5035540,1250
8.353207040,5035734,194
8.355435737,5037000,1266
8.355435737,5037178,178
8.357664434,5038460,1282
8.357664434,5038622,162
8.359979794,5039920,1298
8.359979794,5040066,146
8.362208491,5041380,1314
8.362208491,5041510,130
8.364437188,5042840,1330
8.364437188,5042954,114
8.366665885,5044300,1346
8.366665885,5044398,98
8.368894582,5045760,1362
8.368894582,5045842,82
8.371217164,5047220,1378
8.371217164,5047286,66
8.373445781,5048680,1394
8.373445781,5048730,50
8.375673033,5050140,1410
8.375673033,5050174,34
8.377900285,5051600,1426
8.377900285,5051618,18
8.380127537,5053060,1442
8.380127537,5053062,2
8.382354869,5054514,1452
8.384583566,5054520,6
8.384583566,5055959,1439
8.386812263,5055980,21
8.386812263,5057404,1424
8.389127623,5057440,36
8.389127623,5058849,1409
8.391356720,5058900,51
8.391356720,5060294,1394
8.393592239,5060360,66
8.393592239,5061738,1378
8.395820936,5061820,82
8.395820936,5063182,1362
8.398049633,5063280,98
8.398049633,5064626,1346
8.400364993,5064740,114
8.400364993,5066070,1330
8.402593690,5066200,130
8.402593690,5067514,1314
8.404822387,5067660,146
8.404822387,5068958,1298
8.407051084,5069120,162
8.407051084,5070402,1282
8.409279781,5070580,178
8.409279781,5071846,1266
8.411508478,5072040,194
8.411508478,5073290,1250
8.413737575,5073500,210
8.413737575,5074734,1234
8.415973094,5074960,226
8.415973094,5076178,1218
8.418288454,5076420,242
8.418288454,5077622,1202
8.420517151,5077880,258
8.420517151,5079066,1186
8.422745848,5079340,274
8.422745848,5080510,1170
8.424974545,5080800,290
8.424974545,5081954,1154
8.427203242,5082260,306
8.427203242,5083398,1138
8.429518602,5083720,322
8.429518602,5084842,1122
8.431747299,5085180,338
8.431747299,5086286,1106
8.433976396,5086640,354
8.433976396,5087730,1090
8.436211915,5088100,370
8.436211915,5089174,1074
8.438440612,5089560,386
8.438440612,5090618,1058
8.440669309,5091020,402
8.440669309,5092062,1042
8.442898006,5092480,418
8.442898006,5093506,1026
8.445126703,5093940,434
8.445126703,5094950,1010
8.447442063,5095400,450
8.447442063,5096394,994
8.449670760,5096860,466
8.449670760,5097838,978
8.451899457,5098320,482
8.451899457,5099282,962
8.454018782,5099780,498
8.454018782,5100726,946
8.456138507,5101240,514
8.456138507,5102170,930
8.458346710,5102700,530
8.458346710,5103614,914
8.460466035,5104160,546
8.460466035,5105058,898
8.462585360,5105620,562
8.462585360,5106502,882
8.464704685,5107080,578
8.464704685,5107946,866
8.466824010,5108540,594
8.466824010,5109390,850
8.468943335,5110000,610
8.468943335,5110834,834
8.471145070,5111460,626
8.471145070,5112278,818
8.473264395,5112920,642
8.473264395,5113722,802
8.475384120,5114380,658
8.475384120,5115166,786
8.477509913,5115840,674
8.477509913,5116610,770
8.479629238,5117300,690
8.479629238,5118054,754
8.481748563,5118760,706
8.481748563,5119498,738
8.483867888,5120220,722
8.483867888,5120942,722
8.485987213,5121680,738
8.485987213,5122386,706
8.488188948,5123140,754
8.488188948,5123830,690
8.490308273,5124600,770
8.490308273,5125274,674
8.492427598,5126060,786
8.492427598,5126718,658
8.494546923,5127520,802
8.494546923,5128162,642
8.496666648,5128980,818
8.496666648,5129606,626
8.498874851,5130440,834
8.498874851,5131050,610
8.500994176,5131900,850
8.500994176,5132494,594
8.503113501,5133360,866
8.503113501,5133938,578
8.505232826,5134820,882
8.505232826,5135382,562
8.507352151,5136280,898
8.507352151,5136826,546
8.509471476,5137740,914
8.509471476,5138270,530
8.511590801,5139200,930
8.511590801,5139714,514
8.513710126,5140660,946
8.513710126,5141158,498
8.515912261,5142120,962
8.515912261,5142602,482
8.518038054,5143580,978
8.518038054,5144046,466
8.520157379,5145040,994
8.520157379,5145490,450
8.522276704,5146500,1010
8.522276704,5146934,434
8.524396029,5147960,1026
8.524396029,5148378,418
8.526597764,5149420,1042
8.526597764,5149822,402
8.528717089,5150880,1058
8.528717089,5151266,386
8.530836414,5152340,1074
8.530836414,5152710,370
8.532955739,5153800,1090
8.532955739,5154154,354
8.535075064,5155260,1106
8.535075064,5155598,338
8.537194789,5156720,1122
8.537194789,5157042,322
8.539320582,5158180,1138
8.539320582,5158486,306
8.541439907,5159640,1154
8.541439907,5159930,290
8.543641642,5161100,1170
8.543641642,5161374,274
8.545760967,5162560,1186
8.545760967,5162818,258
8.547880292,5164020,1202
8.547880292,5164262,242
8.549999617,5165480,1218
8.549999617,5165706,226
8.552118942,5166940,1234
8.552118942,5167150,210
8.554417313,5168400,1250
8.554417313,5168594,194
8.556630057,5169860,1266
8.556630057,5170038,178
8.558849170,5171320,1282
8.558849170,5171482,162
8.561061514,5172780,1298
8.561061514,5172926,146
8.563273858,5174240,1314
8.563273858,5174370,130
8.565572229,5175700,1330
8.565572229,5175814,114
8.567784573,5177160,1346
8.567784573,5177258,98
8.569996917,5178620,1362
8.569996917,5178702,82
8.572209261,5180080,1378
8.572209261,5180146,66
8.574421525,5181540,1394
8.574421525,5181590,50
8.576632435,5183000,1410
8.576632435,5183034,34
8.578843745,5184460,1426
8.578843745,5184478,18
8.581061424,5185920,1442
8.581061424,5185922,2
8.583358441,5187374,1452
8.585570785,5187380,6
8.585570785,5188819,1439
8.587783129,5188840,21
8.587783129,5190264,1424
8.589995473,5190300,36
8.589995473,5191709,1409
8.592207817,5191760,51
8.592207817,5193154,1394
8.594506188,5193220,66
8.594506188,5194598,1378
8.596718532,5194680,82
8.596718532,5196042,1362
8.598931276,5196140,98
8.598931276,5197486,1346
8.601150389,5197600,114
8.601150389,5198930,1330
8.603362733,5199060,130
8.603362733,5200374,1314
8.605575077,5200520,146
8.605575077,5201818,1298
8.607787421,5201980,162
8.607787421,5203262,1282
8.609999765,5203440,178
8.609999765,5204706,1266
8.612298136,5204900,194
8.612298136,5206150,1250
8.614510480,5206360,210
8.614510480,5207594,1234
8.616722824,5207820,226
8.616722824,5209038,1218
8.618935168,5209280,242
8.618935168,5210482,1202
8.621147912,5210740,258
8.621147912,5211926,1186
8.623453052,5212200,274
8.623453052,5213370,1170
8.625665396,5213660,290
8.625665396,5214814,1154
8.627877740,5215120,306
8.627877740,5216258,1138
8.630090084,5216580,322
8.630090084,5217702,1122
8.632302428,5218040,338
8.632302428,5219146,1106
8.634514772,5219500,354
8.634514772,5220590,1090
8.636813143,5220960,370
8.636813143,5222034,1074
8.639025487,5222420,386
8.639025487,5223478,1058
8.641238231,5223880,402
8.641238231,5224922,1042
8.643457344,5225340,418
8.643457344,5226366,1026
8.645669688,5226800,434
8.645669688,5227810,1010
8.647882032,5228260,450
8.647882032,5229254,994
8.650094376,5229720,466
8.650094376,5230698,978
8.652344305,5231180,482
8.652344305,5232142,962
8.654508797,5232640,498
8.654508797,5233586,946
8.656673289,5234100,514
8.656673289,5235030,930
8.658837781,5235560,530
8.658837781,5236474,914
8.661002273,5237020,546
8.661002273,5237918,898
8.663167165,5238480,562
8.663167165,5239362,882
8.665422436,5239940,578
8.665422436,5240806,866
8.667586928,5241400,594
8.667586928,5242250,850
8.668567845,5242860,610
8.668567845,5242880,20
