elapsed_s,rx_app,packet_bytes
0.157761456,1456,1456
0.159858831,1460,4
0.159858831,2905,1445
0.164411853,2920,15
0.164411853,4354,1434
0.174411853,4380,26
0.174411853,5803,1423
0.266873555,5840,37
0.266873555,7252,1412
0.269055288,7300,48
0.269055288,8701,1401
0.271237021,8760,59
0.271237021,10150,1390
0.273418754,10220,70
0.273418754,11598,1378
0.275600487,11680,82
0.275600487,13046,1366
0.277782220,13140,94
0.277782220,14494,1354
0.286875141,14600,106
0.286875141,15942,1342
0.289057274,16060,118
0.289057274,17390,1330
0.373739323,17520,130
0.373739323,18834,1314
0.375965407,18980,146
0.375965407,20278,1298
0.378191491,20440,162
0.378191491,21722,1282
0.380417575,21900,178
0.380417575,23166,1266
0.382643659,23360,194
0.382643659,24610,1250
0.384869743,24820,210
0.384869743,26054,1234
0.387095667,26280,226
0.387095667,27498,1218
0.389318864,27740,242
0.389318864,28942,1202
0.391542061,29200,258
0.391542061,30386,1186
0.393765658,30660,274
0.393765658,31830,1170
0.395995673,32120,290
0.395995673,33274,1154
0.398218870,33580,306
0.398218870,34718,1138
0.400524354,35040,322
0.400524354,36162,1122
0.402747551,36500,338
0.402747551,37606,1106
0.404970748,37960,354
0.404970748,39050,1090
0.407193945,39420,370
0.407193945,40494,1074
0.480589010,40880,386
0.480589010,41938,1058
0.482699775,42340,402
0.482699775,43382,1042
0.484816583,43800,418
0.484816583,44826,1026
0.486926948,45260,434
0.486926948,46270,1010
0.489037313,46720,450
0.489037313,47714,994
0.491147678,48180,466
0.491147678,49158,978
0.493257883,49640,482
0.493257883,50602,962
0.495365511,51100,498
0.495365511,52046,946
0.497473139,52560,514
0.497473139,53490,930
0.499580767,54020,530
0.499580767,54934,914
0.501688395,55480,546
0.501688395,56378,898
0.503796023,56940,562
0.503796023,57822,882
0.505904051,58400,578
0.505904051,59266,866
0.508018122,59860,594
0.508018122,60710,850
0.510125750,61320,610
0.510125750,62154,834
0.512233378,62780,626
0.512233378,63598,818
0.514341006,64240,642
0.514341006,65042,802
0.516448634,65700,658
0.516448634,66486,786
0.518634271,67160,674
0.518634271,67930,770
0.520741899,68620,690
0.520741899,69374,754
0.522849527,70080,706
0.522849527,70818,738
0.524957155,71540,722
0.524957155,72262,722
0.527065183,73000,738
0.527065183,73706,706
0.529179254,74460,754
0.529179254,75150,690
0.531286882,75920,770
0.531286882,76594,674
0.533394510,77380,786
0.533394510,78038,658
0.535502138,78840,802
0.535502138,79482,642
0.537609766,80300,818
0.537609766,80926,626
0.539795403,81760,834
0.539795403,82370,610
0.541903031,83220,850
0.541903031,83814,594
0.544010659,84680,866
0.544010659,85258,578
0.546118287,86140,882
0.546118287,86702,562
0.585092450,87600,898
0.585092450,88146,546
0.587203410,89060,914
0.587203410,89590,530
0.589314370,90520,930
0.589314370,91034,514
0.591425330,91980,946
0.591425330,92478,498
0.593536290,93440,962
0.593536290,93922,482
0.595647250,94900,978
0.595647250,95366,466
0.597758210,96360,994
0.597758210,96810,450
0.599869170,97820,1010
0.599869170,98254,434
0.601980130,99280,1026
0.601980130,99698,418
0.604091090,100740,1042
0.604091090,101142,402
0.606287036,102200,1058
0.606287036,102586,386
0.608397996,103660,1074
0.608397996,104030,370
0.610508956,105120,1090
0.610508956,105474,354
0.612619916,106580,1106
0.612619916,106918,338
0.614730876,108040,1122
0.614730876,108362,322
0.616841836,109500,1138
0.616841836,109806,306
0.618952796,110960,1154
0.618952796,111250,290
0.621063756,112420,1170
0.621063756,112694,274
0.623174716,113880,1186
0.623174716,114138,258
0.625285676,115340,1202
0.625285676,115582,242
0.627397036,116800,1218
0.627397036,117026,226
0.629514450,118260,1234
0.629514450,118470,210
0.631703542,119720,1250
0.631703542,119914,194
0.633814502,121180,1266
0.633814502,121358,178
0.635925462,122640,1282
0.635925462,122802,162
0.638036422,124100,1298
0.638036422,124246,146
0.640147382,125560,1314
0.640147382,125690,130
0.642258342,127020,1330
0.642258342,127134,114
0.644369302,128480,1346
0.644369302,128578,98
0.646480262,129940,1362
0.646480262,130022,82
0.648591622,131400,1378
0.648591622,131466,66
0.650708956,132860,1394
0.650708956,132910,50
0.652908167,134320,1410
0.652908167,134354,34
0.655107378,135780,1426
0.655107378,135798,18
0.657388041,137240,1442
0.657388041,137242,2
0.659587332,138694,1452
0.661787972,138700,6
0.661787972,140139,1439
0.663988612,140160,21
0.663988612,141584,1424
0.666189252,141620,36
0.666189252,143029,1409
0.668389892,143080,51
0.668389892,144474,1394
0.670590932,144540,66
0.670590932,145918,1378
0.672798317,146000,82
0.672798317,147362,1362
0.674998957,147460,98
0.674998957,148806,1346
0.677199597,148920,114
0.677199597,150250,1330
0.679400237,150380,130
0.679400237,151694,1314
0.681600877,151840,146
0.681600877,153138,1298
0.683801517,153300,162
0.683801517,154582,1282
0.686002157,154760,178
0.686002157,156026,1266
0.688202797,156220,194
0.688202797,157470,1250
0.690403437,157680,210
0.690403437,158914,1234
0.692685929,159140,226
0.692685929,160358,1218
0.694893314,160600,242
0.694893314,161802,1202
0.697093954,162060,258
0.697093954,163246,1186
0.699294594,163520,274
0.699294594,164690,1170
0.701495234,164980,290
0.701495234,166134,1154
0.703695874,166440,306
0.703695874,167578,1138
0.705896514,167900,322
0.705896514,169022,1122
0.708097154,169360,338
0.708097154,170466,1106
0.710297794,170820,354
0.710297794,171910,1090
0.712498434,172280,370
0.712498434,173354,1074
0.714780926,173740,386
0.714780926,174798,1058
0.716988311,175200,402
0.716988311,176242,1042
0.719188951,176660,418
0.719188951,177686,1026
0.721389591,178120,434
0.721389591,179130,1010
0.723673112,179580,450
0.723673112,180574,994
0.725873752,181040,466
0.725873752,182018,978
0.728074392,182500,482
0.728074392,183462,962
0.730275032,183960,498
0.730275032,184906,946
0.732475672,185420,514
0.732475672,186350,930
0.734676312,186880,530
0.734676312,187794,914
0.736965549,188340,546
0.736965549,189238,898
0.739166189,189800,562
0.739166189,190682,882
0.741366829,191260,578
0.741366829,192126,866
0.743567469,192720,594
0.743567469,193570,850
0.745768109,194180,610
0.745768109,195014,834
0.747968749,195640,626
0.747968749,196458,818
0.750169389,197100,642
0.750169389,197902,802
0.752633018,198560,658
0.752633018,199346,786
0.755096647,200020,674
0.755096647,200790,770
0.757560276,201480,690
0.757560276,202234,754
0.760024305,202940,706
0.760024305,203678,738
0.762495533,204400,722
0.762495533,205122,722
0.764959162,205860,738
0.764959162,206566,706
0.767422791,207320,754
0.767422791,208010,690
0.769886420,208780,770
0.769886420,209454,674
0.772350049,210240,786
0.772350049,210898,658
0.774904864,211700,802
0.774904864,212342,642
0.777368493,213160,818
0.777368493,213786,626
0.779832122,214620,834
0.779832122,215230,610
0.782295751,216080,850
0.782295751,216674,594
0.784759780,217540,866
0.784759780,218118,578
0.787231008,219000,882
0.787231008,219562,562
0.789694637,220460,898
0.789694637,221006,546
0.792158266,221920,914
0.792158266,222450,530
0.794621895,223380,930
0.794621895,223894,514
0.797085524,224840,946
0.797085524,225338,498
0.799549153,226300,962
0.799549153,226782,482
0.802012782,227760,978
0.802012782,228226,466
0.804567597,229220,994
0.804567597,229670,450
0.807031226,230680,1010
0.807031226,231114,434
0.809495255,232140,1026
0.809495255,232558,418
0.811966483,233600,1042
0.811966483,234002,402
0.814430112,235060,1058
0.814430112,235446,386
0.816893741,236520,1074
0.816893741,236890,370
0.819357370,237980,1090
0.819357370,238334,354
0.821820999,239440,1106
0.821820999,239778,338
0.824284628,240900,1122
0.824284628,241222,322
0.826748257,242360,1138
0.826748257,242666,306
0.829211886,243820,1154
0.829211886,244110,290
0.831675515,245280,1170
0.831675515,245554,274
0.834139144,246740,1186
0.834139144,246998,258
0.836603173,248200,1202
0.836603173,248442,242
0.839074401,249660,1218
0.839074401,249886,226
0.841538030,251120,1234
0.841538030,251330,210
0.844092845,252580,1250
0.844092845,252774,194
0.846556474,254040,1266
0.846556474,254218,178
0.849020103,255500,1282
0.849020103,255662,162
0.851483732,256960,1298
0.851483732,257106,146
0.853882084,258420,1314
0.853882084,258550,130
0.856280436,259880,1330
0.856280436,259994,114
0.858678788,261340,1346
0.858678788,261438,98
0.861077540,262800,1362
0.861077540,262882,82
0.863483278,264260,1378
0.863483278,264326,66
0.865881550,265720,1394
0.865881550,265770,50
0.868278344,267180,1410
0.868278344,267214,34
0.870729800,268640,1426
0.870729800,268658,18
0.873160702,270100,1442
0.873160702,270102,2
0.875557576,271554,1452
0.880351232,271560,6
0.880351232,272999,1439
0.885138584,273020,21
0.885138584,274444,1424
0.889410445,274480,36
0.889410445,275889,1409
0.891749617,275940,51
0.891749617,277334,1394
0.894088789,277400,66
0.894088789,278778,1378
0.896427961,278860,82
0.896427961,280222,1362
0.898767133,280320,98
0.898767133,281666,1346
0.901106305,281780,114
0.901106305,283110,1330
0.903534247,283240,130
0.903534247,284554,1314
0.905873419,284700,146
0.905873419,285998,1298
0.908212591,286160,162
0.908212591,287442,1282
0.910551763,287620,178
0.910551763,288886,1266
0.912890935,289080,194
0.912890935,290330,1250
0.915230107,290540,210
0.915230107,291774,1234
0.917569279,292000,226
0.917569279,293218,1218
0.919908451,293460,242
0.919908451,294662,1202
0.922247623,294920,258
0.922247623,296106,1186
0.924586795,296380,274
0.924586795,297550,1170
0.926925967,297840,290
0.926925967,298994,1154
0.929265139,299300,306
0.929265139,300438,1138
0.931604311,300760,322
0.931604311,301882,1122
0.933943483,302220,338
0.933943483,303326,1106
0.936282655,303680,354
0.936282655,304770,1090
0.938621827,305140,370
0.938621827,306214,1074
0.940960999,306600,386
0.940960999,307658,1058
0.943300171,308060,402
0.943300171,309102,1042
0.945855817,309520,418
0.945855817,310546,1026
0.948258841,310980,434
0.948258841,311990,1010
0.950661865,312440,450
0.950661865,313434,994
0.952748666,313900,466
0.952748666,314878,978
0.954835467,315360,482
0.954835467,316322,962
0.956922268,316820,498
0.956922268,317766,946
0.959009069,318280,514
0.959009069,319210,930
0.961095870,319740,530
0.961095870,320654,914
0.963182671,321200,546
0.963182671,322098,898
0.965269472,322660,562
0.965269472,323542,882
0.967435465,324120,578
0.967435465,324986,866
0.969522266,325580,594
0.969522266,326430,850
0.971609067,327040,610
0.971609067,327874,834
0.973695868,328500,626
0.973695868,329318,818
0.975782669,329960,642
0.975782669,330762,802
0.977869470,331420,658
0.977869470,332206,786
0.979956271,332880,674
0.979956271,333650,770
0.982043072,334340,690
0.982043072,335094,754
0.984129873,335800,706
0.984129873,336538,738
0.986216674,337260,722
0.986216674,337982,722
0.988303475,338720,738
0.988303475,339426,706
0.990390276,340180,754
0.990390276,340870,690
0.992477077,341640,770
0.992477077,342314,674
0.994563878,343100,786
0.994563878,343758,658
0.996650679,344560,802
0.996650679,345202,642
0.998737480,346020,818
0.998737480,346646,626
1.000824281,347480,834
1.000824281,348090,610
1.002911082,348940,850
1.002911082,349534,594
1.005081243,350400,866
1.005081243,350978,578
1.007168044,351860,882
1.007168044,352422,562
1.009254845,353320,898
1.009254845,353866,546
1.011341646,354780,914
1.011341646,355310,530
1.013428447,356240,930
1.013428447,356754,514
1.015515248,357700,946
1.015515248,358198,498
1.017602049,359160,962
1.017602049,359642,482
1.019688850,360620,978
1.019688850,361086,466
1.021775651,362080,994
1.021775651,362530,450
1.023862452,363540,1010
1.023862452,363974,434
1.026146539,365000,1026
1.026146539,365418,418
1.028290303,366460,1042
1.028290303,366862,402
1.030434067,367920,1058
1.030434067,368306,386
1.032641741,369380,1074
1.032641741,369750,370
1.034728542,370840,1090
1.034728542,371194,354
1.036815343,372300,1106
1.036815343,372638,338
1.038902144,373760,1122
1.038902144,374082,322
1.040988945,375220,1138
1.040988945,375526,306
1.043075746,376680,1154
1.043075746,376970,290
1.045162547,378140,1170
1.045162547,378414,274
1.047249348,379600,1186
1.047249348,379858,258
1.049336149,381060,1202
1.049336149,381302,242
1.051422950,382520,1218
1.051422950,382746,226
1.053494527,383980,1234
1.053494527,384190,210
1.055648856,385440,1250
1.055648856,385634,194
1.057720433,386900,1266
1.057720433,387078,178
1.059792010,388360,1282
1.059792010,388522,162
1.061863587,389820,1298
1.061863587,389966,146
1.063935164,391280,1314
1.063935164,391410,130
1.066006741,392740,1330
1.066006741,392854,114
1.068078318,394200,1346
1.068078318,394298,98
1.070149895,395660,1362
1.070149895,395742,82
1.072221472,397120,1378
1.072221472,397186,66
1.074293049,398580,1394
1.074293049,398630,50
1.076364626,400040,1410
1.076364626,400074,34
1.676213731,401500,1426
1.676213731,527158,125658
1.679420995,528520,1362
1.679420995,528602,82
1.679420995,529980,1378
1.679420995,531490,1510
1.981454602,532900,1410
1.981454602,807329,274429
1.981454602,807380,51
1.981454602,810218,2838
1.983495380,810300,82
1.983495380,811662,1362
1.983495380,811760,98
1.983495380,931514,119754
2.026283621,932940,1426
2.026283621,940189,7249
2.038767099,940240,51
2.038767099,941634,1394
2.038767099,941700,66
2.038767099,943078,1378
2.038767099,943160,82
2.038767099,951742,8582
2.057600937,951920,178
2.057600937,970514,18594
2.082510435,970900,386
2.082510435,984954,14054
2.105273578,985500,546
2.105273578,995062,9562
2.130183076,995720,658
2.130183076,1087490,91770
2.132255254,1087700,210
2.132255254,1088934,1234
2.134396668,1089160,226
2.134396668,1090378,1218
2.136463824,1090620,242
2.136463824,1091822,1202
2.138524701,1092080,258
2.138524701,1093266,1186
2.140585578,1093540,274
2.140585578,1094710,1170
2.142646455,1095000,290
2.142646455,1096154,1154
2.144707332,1096460,306
2.144707332,1097598,1138
2.146768209,1097920,322
2.146768209,1099042,1122
2.148829086,1099380,338
2.148829086,1100486,1106
2.150970100,1100840,354
2.150970100,1101930,1090
2.153173334,1102300,370
2.153173334,1103374,1074
2.155376968,1103760,386
2.155376968,1104818,1058
2.157586941,1105220,402
2.157586941,1106262,1042
2.159790175,1106680,418
2.159790175,1107706,1026
2.161993409,1108140,434
2.161993409,1109150,1010
2.164196643,1109600,450
2.164196643,1110594,994
2.166399877,1111060,466
2.166399877,1112038,978
2.168688784,1112520,482
2.168688784,1113482,962
2.170892018,1113980,498
2.170892018,1114926,946
2.173095252,1115440,514
2.173095252,1116370,930
2.175298486,1116900,530
2.175298486,1117814,914
2.177502120,1118360,546
2.177502120,1119258,898
2.179712093,1119820,562
2.179712093,1120702,882
2.182001000,1121280,578
2.182001000,1122146,866
2.184204234,1122740,594
2.184204234,1123590,850
2.186407468,1124200,610
2.186407468,1125034,834
2.188610702,1125660,626
2.188610702,1126478,818
2.190813936,1127120,642
2.190813936,1127922,802
2.193017170,1128580,658
2.193017170,1129366,786
2.195220404,1130040,674
2.195220404,1130810,770
2.197423638,1131500,690
2.197423638,1132254,754
2.199627272,1132960,706
2.199627272,1133698,738
2.201837245,1134420,722
2.201837245,1135142,722
2.204126152,1135880,738
2.204126152,1136586,706
2.206329386,1137340,754
2.206329386,1138030,690
2.208532620,1138800,770
2.208532620,1139474,674
2.210735854,1140260,786
2.210735854,1140918,658
2.212939088,1141720,802
2.212939088,1142362,642
2.215227995,1143180,818
2.215227995,1143806,626
2.217431229,1144640,834
2.217431229,1145250,610
2.219634863,1146100,850
2.219634863,1146694,594
2.221844836,1147560,866
2.221844836,1148138,578
2.224048070,1149020,882
2.224048070,1149582,562
2.226251304,1150480,898
2.226251304,1151026,546
2.228454538,1151940,914
2.228454538,1152470,530
2.230657772,1153400,930
2.230657772,1153914,514
2.232946679,1154860,946
2.232946679,1155358,498
2.235149913,1156320,962
2.235149913,1156802,482
2.237353147,1157780,978
2.237353147,1158246,466
2.239556381,1159240,994
2.239556381,1159690,450
2.241760015,1160700,1010
2.241760015,1161134,434
2.243969988,1162160,1026
2.243969988,1162578,418
2.246258895,1163620,1042
2.246258895,1164022,402
2.248462129,1165080,1058
2.248462129,1165466,386
2.250665363,1166540,1074
2.250665363,1166910,370
2.253075412,1168000,1090
2.253075412,1168354,354
2.255485461,1169460,1106
2.255485461,1169798,338
2.257895510,1170920,1122
2.257895510,1171242,322
2.260305559,1172380,1138
2.260305559,1172686,306
2.262715608,1173840,1154
2.262715608,1174130,290
2.265227182,1175300,1170
2.265227182,1175574,274
2.267637231,1176760,1186
2.267637231,1177018,258
2.270047280,1178220,1202
2.270047280,1178462,242
2.272457329,1179680,1218
2.272457329,1179906,226
2.274867378,1181140,1234
2.274867378,1181350,210
2.277277427,1182600,1250
2.277277427,1182794,194
2.279687476,1184060,1266
2.279687476,1184238,178
2.282097525,1185520,1282
2.282097525,1185682,162
2.284601289,1186980,1298
2.284601289,1187126,146
2.287011738,1188440,1314
2.287011738,1188570,130
2.289522912,1189900,1330
2.289522912,1190014,114
2.291932961,1191360,1346
2.291932961,1191458,98
2.294343010,1192820,1362
2.294343010,1192902,82
2.296753059,1194280,1378
2.296753059,1194346,66
2.299163028,1195740,1394
2.299163028,1195790,50
2.301571516,1197200,1410
2.301571516,1197234,34
2.303980004,1198660,1426
2.303980004,1198678,18
2.306388492,1200120,1442
2.306388492,1200122,2
2.308891175,1201574,1452
2.311308634,1201580,6
2.311308634,1203019,1439
2.313718683,1203040,21
2.313718683,1204464,1424
2.316128732,1204500,36
2.316128732,1205909,1409
2.318538781,1205960,51
2.318538781,1207354,1394
2.321042545,1207420,66
2.321042545,1208798,1378
2.323452594,1208880,82
2.323452594,1210242,1362
2.325862643,1210340,98
2.325862643,1211686,1346
2.328272692,1211800,114
2.328272692,1213130,1330
2.330682741,1213260,130
2.330682741,1214574,1314
2.333093190,1214720,146
2.333093190,1216018,1298
2.335510649,1216180,162
2.335510649,1217462,1282
2.337920698,1217640,178
2.337920698,1218906,1266
2.340424462,1219100,194
2.340424462,1220350,1250
2.342834511,1220560,210
2.342834511,1221794,1234
2.345244560,1222020,226
2.345244560,1223238,1218
2.347654609,1223480,242
2.347654609,1224682,1202
2.350064658,1224940,258
2.350064658,1226126,1186
2.352512544,1226400,274
2.352512544,1227570,1170
2.354867795,1227860,290
2.354867795,1229014,1154
2.357229876,1229320,306
2.357229876,1230458,1138
2.359584727,1230780,322
2.359584727,1231902,1122
2.361939578,1232240,338
2.361939578,1233346,1106
2.364294429,1233700,354
2.364294429,1234790,1090
2.366740849,1235160,370
2.366740849,1236234,1074
2.369095700,1236620,386
2.369095700,1237678,1058
2.371450551,1238080,402
2.371450551,1239122,1042
2.373805402,1239540,418
2.373805402,1240566,1026
2.376160253,1241000,434
2.376160253,1242010,1010
2.378515504,1242460,450
2.378515504,1243454,994
2.380877585,1243920,466
2.380877585,1244898,978
2.383324005,1245380,482
2.383324005,1246342,962
2.385678856,1246840,498
2.385678856,1247786,946
2.388033707,1248300,514
2.388033707,1249230,930
2.390388558,1249760,530
2.390388558,1250674,914
2.392743409,1251220,546
2.392743409,1252118,898
2.395098260,1252680,562
2.395098260,1253562,882
2.397544680,1254140,578
2.397544680,1255006,866
2.399899931,1255600,594
2.399899931,1256450,850
2.402262012,1257060,610
2.402262012,1257894,834
2.404616863,1258520,626
2.404616863,1259338,818
2.406971714,1259980,642
2.406971714,1260782,802
2.409326565,1261440,658
2.409326565,1262226,786
2.411681416,1262900,674
2.411681416,1263670,770
2.414127836,1264360,690
2.414127836,1265114,754
2.416482687,1265820,706
2.416482687,1266558,738
2.418837538,1267280,722
2.418837538,1268002,722
2.421192389,1268740,738
2.421192389,1269446,706
2.423547640,1270200,754
2.423547640,1270890,690
2.425909721,1271660,770
2.425909721,1272334,674
2.428356141,1273120,786
2.428356141,1273778,658
2.430710992,1274580,802
2.430710992,1275222,642
2.433065843,1276040,818
2.433065843,1276666,626
2.435420694,1277500,834
2.435420694,1278110,610
2.437775545,1278960,850
2.437775545,1279554,594
2.440221965,1280420,866
2.440221965,1280998,578
2.442576816,1281880,882
2.442576816,1282442,562
2.444932067,1283340,898
2.444932067,1283886,546
2.447294148,1284800,914
2.447294148,1285330,530
2.449648999,1286260,930
2.449648999,1286774,514
2.452003850,1287720,946
2.452003850,1288218,498
2.454309099,1289180,962
2.454309099,1289662,482
2.456614348,1290640,978
2.456614348,1291106,466
2.459009237,1292100,994
2.459009237,1292550,450
2.461314486,1293560,1010
2.461314486,1293994,434
2.463619735,1295020,1026
2.463619735,1295438,418
2.465924984,1296480,1042
2.465924984,1296882,402
2.468230633,1297940,1058
2.468230633,1298326,386
2.470542952,1299400,1074
2.470542952,1299770,370
2.472937841,1300860,1090
2.472937841,1301214,354
2.475243090,1302320,1106
2.475243090,1302658,338
2.477548339,1303780,1122
2.477548339,1304102,322
2.479853588,1305240,1138
2.479853588,1305546,306
2.482158837,1306700,1154
2.482158837,1306990,290
2.484464086,1308160,1170
2.484464086,1308434,274
2.486769335,1309620,1186
2.486769335,1309878,258
2.489164624,1311080,1202
2.489164624,1311322,242
2.491476943,1312540,1218
2.491476943,1312766,226
2.493782192,1314000,1234
2.493782192,1314210,210
2.496087441,1315460,1250
2.496087441,1315654,194
2.498392690,1316920,1266
2.498392690,1317098,178
2.500697939,1318380,1282
2.500697939,1318542,162
2.503092828,1319840,1298
2.503092828,1319986,146
2.505398077,1321300,1314
2.505398077,1321430,130
2.507703326,1322760,1330
2.507703326,1322874,114
2.510008575,1324220,1346
2.510008575,1324318,98
2.512314224,1325680,1362
2.512314224,1325762,82
2.514626543,1327140,1378
2.514626543,1327206,66
2.516931712,1328600,1394
2.516931712,1328650,50
2.519325107,1330060,1410
2.519325107,1330094,34
2.521628862,1331520,1426
2.521628862,1331538,18
2.523932617,1332980,1442
2.523932617,1332982,2
2.526236452,1334434,1452
2.528541701,1334440,6
2.528541701,1335879,1439
2.530846950,1335900,21
2.530846950,1337324,1424
2.533242239,1337360,36
2.533242239,1338769,1409
2.535554558,1338820,51
2.535554558,1340214,1394
2.537859807,1340280,66
2.537859807,1341658,1378
2.540165056,1341740,82
2.540165056,1343102,1362
2.542470305,1343200,98
2.542470305,1344546,1346
2.544865194,1344660,114
2.544865194,1345990,1330
2.547170443,1346120,130
2.547170443,1347434,1314
2.549475692,1347580,146
2.549475692,1348878,1298
2.551780941,1349040,162
2.551780941,1350322,1282
2.554007837,1350500,178
2.554007837,1351766,1266
2.556235133,1351960,194
2.556235133,1353210,1250
2.558468845,1353420,210
2.558468845,1354654,1234
2.560695741,1354880,226
2.560695741,1356098,1218
2.563009230,1356340,242
2.563009230,1357542,1202
2.565236126,1357800,258
2.565236126,1358986,1186
2.567463022,1359260,274
2.567463022,1360430,1170
2.569689918,1360720,290
2.569689918,1361874,1154
2.571916814,1362180,306
2.571916814,1363318,1138
2.574230303,1363640,322
2.574230303,1364762,1122
2.576457599,1365100,338
2.576457599,1366206,1106
2.578691311,1366560,354
2.578691311,1367650,1090
2.580918207,1368020,370
2.580918207,1369094,1074
2.583145103,1369480,386
2.583145103,1370538,1058
2.585371999,1370940,402
2.585371999,1371982,1042
2.587598895,1372400,418
2.587598895,1373426,1026
2.589825791,1373860,434
2.589825791,1374870,1010
2.592139280,1375320,450
2.592139280,1376314,994
2.594366176,1376780,466
2.594366176,1377758,978
2.596593072,1378240,482
2.596593072,1379202,962
2.598820368,1379700,498
2.598820368,1380646,946
2.601054080,1381160,514
2.601054080,1382090,930
2.603367569,1382620,530
2.603367569,1383534,914
2.605594465,1384080,546
2.605594465,1384978,898
2.607821361,1385540,562
2.607821361,1386422,882
2.610048257,1387000,578
2.610048257,1387866,866
2.612275153,1388460,594
2.612275153,1389310,850
2.614588642,1389920,610
2.614588642,1390754,834
2.616815538,1391380,626
2.616815538,1392198,818
2.619042834,1392840,642
2.619042834,1393642,802
2.621276546,1394300,658
2.621276546,1395086,786
2.623503442,1395760,674
2.623503442,1396530,770
2.625730338,1397220,690
2.625730338,1397974,754
2.627957234,1398680,706
2.627957234,1399418,738
2.630184130,1400140,722
2.630184130,1400862,722
2.632497619,1401600,738
2.632497619,1402306,706
2.634724515,1403060,754
2.634724515,1403750,690
2.636951411,1404520,770
2.636951411,1405194,674
2.639178307,1405980,786
2.639178307,1406638,658
2.641405603,1407440,802
2.641405603,1408082,642
2.643725908,1408900,818
2.643725908,1409526,626
2.645952804,1410360,834
2.645952804,1410970,610
2.648179700,1411820,850
2.648179700,1412414,594
2.650406596,1413280,866
2.650406596,1413858,578
2.652584405,1414740,882
2.652584405,1415302,562
2.654762214,1416200,898
2.654762214,1416746,546
2.656940023,1417660,914
2.656940023,1418190,530
2.659117832,1419120,930
2.659117832,1419634,514
2.661380725,1420580,946
2.661380725,1421078,498
2.663565192,1422040,962
2.663565192,1422522,482
2.665743001,1423500,978
2.665743001,1423966,466
2.667920810,1424960,994
2.667920810,1425410,450
2.670098619,1426420,1010
2.670098619,1426854,434
2.672361112,1427880,1026
2.672361112,1428298,418
2.674538921,1429340,1042
2.674538921,1429742,402
2.676716730,1430800,1058
2.676716730,1431186,386
2.678894539,1432260,1074
2.678894539,1432630,370
2.681072348,1433720,1090
2.681072348,1434074,354
2.683250557,1435180,1106
2.683250557,1435518,338
2.685435024,1436640,1122
2.685435024,1436962,322
2.687612833,1438100,1138
2.687612833,1438406,306
2.689875326,1439560,1154
2.689875326,1439850,290
2.692053135,1441020,1170
2.692053135,1441294,274
2.694230944,1442480,1186
2.694230944,1442738,258
2.696408753,1443940,1202
2.696408753,1444182,242
2.698586562,1445400,1218
2.698586562,1445626,226
2.700849055,1446860,1234
2.700849055,1447070,210
2.703027264,1448320,1250
2.703027264,1448514,194
2.705211731,1449780,1266
2.705211731,1449958,178
2.707389540,1451240,1282
2.707389540,1451402,162
2.709567349,1452700,1298
2.709567349,1452846,146
2.711829842,1454160,1314
2.711829842,1454290,130
2.714007651,1455620,1330
2.714007651,1455734,114
2.716185460,1457080,1346
2.716185460,1457178,98
2.718363269,1458540,1362
2.718363269,1458622,82
2.720541078,1460000,1378
2.720541078,1460066,66
2.722718807,1461460,1394
2.722718807,1461510,50
2.724895605,1462920,1410
2.724895605,1462954,34
2.727078660,1464380,1426
2.727078660,1464398,18
2.729339742,1465840,1442
2.729339742,1465842,2
2.731516220,1467294,1452
2.733694029,1467300,6
2.733694029,1468739,1439
2.735871838,1468760,21
2.735871838,1470184,1424
2.738049647,1470220,36
2.738049647,1471629,1409
2.740312140,1471680,51
2.740312140,1473074,1394
2.742489949,1473140,66
2.742489949,1474518,1378
2.744668158,1474600,82
2.744668158,1475962,1362
2.746852625,1476060,98
2.746852625,1477406,1346
2.749030434,1477520,114
2.749030434,1478850,1330
2.751208243,1478980,130
2.751208243,1480294,1314
2.753275182,1480440,146
2.753275182,1481738,1298
2.755342121,1481900,162
2.755342121,1483182,1282
2.757489433,1483360,178
2.757489433,1484626,1266
2.759556372,1484820,194
2.759556372,1486070,1250
2.761623311,1486280,210
2.761623311,1487514,1234
2.763690250,1487740,226
2.763690250,1488958,1218
2.765757589,1489200,242
2.765757589,1490402,1202
2.767911199,1490660,258
2.767911199,1491846,1186
2.769978138,1492120,274
2.769978138,1493290,1170
2.772045077,1493580,290
2.772045077,1494734,1154
2.774112016,1495040,306
2.774112016,1496178,1138
2.776178955,1496500,322
2.776178955,1497622,1122
2.778245894,1497960,338
2.778245894,1499066,1106
2.780312833,1499420,354
2.780312833,1500510,1090
2.782379772,1500880,370
2.782379772,1501954,1074
2.784527484,1502340,386
2.784527484,1503398,1058
2.786600721,1503800,402
2.786600721,1504842,1042
2.788667660,1505260,418
2.788667660,1506286,1026
2.790734599,1506720,434
2.790734599,1507730,1010
2.792801538,1508180,450
2.792801538,1509174,994
2.794948850,1509640,466
2.794948850,1510618,978
2.797015789,1511100,482
2.797015789,1512062,962
2.799082728,1512560,498
2.799082728,1513506,946
2.801149667,1514020,514
2.801149667,1514950,930
2.803216606,1515480,530
2.803216606,1516394,914
2.805370616,1516940,546
2.805370616,1517838,898
2.807437555,1518400,562
2.807437555,1519282,882
2.809504494,1519860,578
2.809504494,1520726,866
2.811571433,1521320,594
2.811571433,1522170,850
2.813638372,1522780,610
2.813638372,1523614,834
2.815705311,1524240,626
2.815705311,1525058,818
2.817772250,1525700,642
2.817772250,1526502,802
2.819839189,1527160,658
2.819839189,1527946,786
2.821986501,1528620,674
2.821986501,1529390,770
2.824053840,1530080,690
2.824053840,1530834,754
2.826127077,1531540,706
2.826127077,1532278,738
2.828194016,1533000,722
2.828194016,1533722,722
2.830260955,1534460,738
2.830260955,1535166,706
2.832408267,1535920,754
2.832408267,1536610,690
2.834475206,1537380,770
2.834475206,1538054,674
2.836542145,1538840,786
2.836542145,1539498,658
2.838609084,1540300,802
2.838609084,1540942,642
2.840676023,1541760,818
2.840676023,1542386,626
2.842742962,1543220,834
2.842742962,1543830,610
2.844810301,1544680,850
2.844810301,1545274,594
2.846883538,1546140,866
2.846883538,1546718,578
2.849030850,1547600,882
2.849030850,1548162,562
2.851097789,1549060,898
2.851097789,1549606,546
2.853413147,1550520,914
2.853413147,1551050,530
2.855728505,1551980,930
2.855728505,1552494,514
2.858043863,1553440,946
2.858043863,1553938,498
2.860449254,1554900,962
2.860449254,1555382,482
2.862764612,1556360,978
2.862764612,1556826,466
2.865080370,1557820,994
2.865080370,1558270,450
2.867402831,1559280,1010
2.867402831,1559714,434
2.869718189,1560740,1026
2.869718189,1561158,418
2.872033547,1562200,1042
2.872033547,1562602,402
2.874348905,1563660,1058
2.874348905,1564046,386
2.876664263,1565120,1074
2.876664263,1565490,370
2.878979621,1566580,1090
2.878979621,1566934,354
2.881385012,1568040,1106
2.881385012,1568378,338
2.883700370,1569500,1122
2.883700370,1569822,322
2.886015728,1570960,1138
2.886015728,1571266,306
2.888331486,1572420,1154
2.888331486,1572710,290
2.890653947,1573880,1170
2.890653947,1574154,274
2.893059338,1575340,1186
2.893059338,1575598,258
2.895374696,1576800,1202
2.895374696,1577042,242
2.897690054,1578260,1218
2.897690054,1578486,226
2.900005412,1579720,1234
2.900005412,1579930,210
2.902320770,1581180,1250
2.902320770,1581374,194
2.904726161,1582640,1266
2.904726161,1582818,178
2.907041519,1584100,1282
2.907041519,1584262,162
2.909357277,1585560,1298
2.909357277,1585706,146
2.911679738,1587020,1314
2.911679738,1587150,130
2.913995096,1588480,1330
2.913995096,1588594,114
2.916310454,1589940,1346
2.916310454,1590038,98
2.918625812,1591400,1362
2.918625812,1591482,82
2.920941170,1592860,1378
2.920941170,1592926,66
2.923346481,1594320,1394
2.923346481,1594370,50
2.925660339,1595780,1410
2.925660339,1595814,34
2.927974197,1597240,1426
2.927974197,1597258,18
2.930288055,1598700,1442
2.930288055,1598702,2
2.932602393,1600154,1452
2.935014887,1600160,6
2.935014887,1601599,1439
2.937330245,1601620,21
2.937330245,1603044,1424
2.939645603,1603080,36
2.939645603,1604489,1409
2.941960961,1604540,51
2.941960961,1605934,1394
2.944276319,1606000,66
2.944276319,1607378,1378
2.946591677,1607460,82
2.946591677,1608822,1362
2.948907035,1608920,98
2.948907035,1610266,1346
2.951222393,1610380,114
2.951222393,1611710,1330
2.953591268,1611840,130
2.953591268,1613154,1314
2.955878080,1613300,146
2.955878080,1614598,1298
2.958157904,1614760,162
2.958157904,1616042,1282
2.960437728,1616220,178
2.960437728,1617486,1266
2.962717552,1617680,194
2.962717552,1618930,1250
2.965086027,1619140,210
2.965086027,1620374,1234
2.967365851,1620600,226
2.967365851,1621818,1218
2.969645675,1622060,242
2.969645675,1623262,1202
2.971925499,1623520,258
2.971925499,1624706,1186
2.974205323,1624980,274
2.974205323,1626150,1170
2.976485547,1626440,290
2.976485547,1627594,1154
2.978772359,1627900,306
2.978772359,1629038,1138
2.981052183,1629360,322
2.981052183,1630482,1122
2.983420658,1630820,338
2.983420658,1631926,1106
2.985700482,1632280,354
2.985700482,1633370,1090
2.987980306,1633740,370
2.987980306,1634814,1074
2.990260130,1635200,386
2.990260130,1636258,1058
2.992539954,1636660,402
2.992539954,1637702,1042
2.994908429,1638120,418
2.994908429,1639146,1026
2.997188653,1639580,434
2.997188653,1640590,1010
2.999475465,1641040,450
2.999475465,1642034,994
3.001755289,1642500,466
3.001755289,1643478,978
3.004035113,1643960,482
3.004035113,1644922,962
3.006403588,1645420,498
3.006403588,1646366,946
3.008683412,1646880,514
3.008683412,1647810,930
3.010963236,1648340,530
3.010963236,1649254,914
3.013243060,1649800,546
3.013243060,1650698,898
3.015522884,1651260,562
3.015522884,1652142,882
3.017802708,1652720,578
3.017802708,1653586,866
3.020082932,1654180,594
3.020082932,1655030,850
3.022369744,1655640,610
3.022369744,1656474,834
3.024738219,1657100,626
3.024738219,1657918,818
3.027018043,1658560,642
3.027018043,1659362,802
3.029297867,1660020,658
3.029297867,1660806,786
3.031577691,1661480,674
3.031577691,1662250,770
3.033857515,1662940,690
3.033857515,1663694,754
3.036225990,1664400,706
3.036225990,1665138,738
3.038505814,1665860,722
3.038505814,1666582,722
3.040786038,1667320,738
3.040786038,1668026,706
3.043072850,1668780,754
3.043072850,1669470,690
3.045352674,1670240,770
3.045352674,1670914,674
3.047632498,1671700,786
3.047632498,1672358,658
3.049912322,1673160,802
3.049912322,1673802,642
3.052192146,1674620,818
3.052192146,1675246,626
3.054523804,1676080,834
3.054523804,1676690,610
3.056768189,1677540,850
3.056768189,1678134,594
3.059012574,1679000,866
3.059012574,1679578,578
3.061256959,1680460,882
3.061256959,1681022,562
3.063501744,1681920,898
3.063501744,1682466,546
3.065840275,1683380,914
3.065840275,1683910,530
3.068084660,1684840,930
3.068084660,1685354,514
3.070329045,1686300,946
3.070329045,1686798,498
3.072573430,1687760,962
3.072573430,1688242,482
3.074817815,1689220,978
3.074817815,1689686,466
3.077149473,1690680,994
3.077149473,1691130,450
3.079393858,1692140,1010
3.079393858,1692574,434
3.081638243,1693600,1026
3.081638243,1694018,418
3.083883028,1695060,1042
3.083883028,1695462,402
3.086134286,1696520,1058
3.086134286,1696906,386
3.088378671,1697980,1074
3.088378671,1698350,370
3.090623056,1699440,1090
3.090623056,1699794,354
3.092867441,1700900,1106
3.092867441,1701238,338
3.095199099,1702360,1122
3.095199099,1702682,322
3.097443484,1703820,1138
3.097443484,1704126,306
3.099687869,1705280,1154
3.099687869,1705570,290
3.101932254,1706740,1170
3.101932254,1707014,274
3.104176639,1708200,1186
3.104176639,1708458,258
3.106515570,1709660,1202
3.106515570,1709902,242
3.108759955,1711120,1218
3.108759955,1711346,226
3.111004340,1712580,1234
3.111004340,1712790,210
3.113248725,1714040,1250
3.113248725,1714234,194
3.115493110,1715500,1266
3.115493110,1715678,178
3.117737495,1716960,1282
3.117737495,1717122,162
3.119981880,1718420,1298
3.119981880,1718566,146
3.122226265,1719880,1314
3.122226265,1720010,130
3.124557923,1721340,1330
3.124557923,1721454,114
3.126802708,1722800,1346
3.126802708,1722898,98
3.129053966,1724260,1362
3.129053966,1724342,82
3.131298351,1725720,1378
3.131298351,1725786,66
3.133542656,1727180,1394
3.133542656,1727230,50
3.135872860,1728640,1410
3.135872860,1728674,34
3.138115791,1730100,1426
3.138115791,1730118,18
3.140358722,1731560,1442
3.140358722,1731562,2
3.142601733,1733014,1452
3.144846118,1733020,6
3.144846118,1734459,1439
3.147090503,1734480,21
3.147090503,1735904,1424
3.149335288,1735940,36
3.149335288,1737349,1409
3.151586546,1737400,51
3.151586546,1738794,1394
3.153800547,1738860,66
3.153800547,1740238,1378
3.155931679,1740320,82
3.155931679,1741682,1362
3.158062811,1741780,98
3.158062811,1743126,1346
3.160193943,1743240,114
3.160193943,1744570,1330
3.162325075,1744700,130
3.162325075,1746014,1314
3.164539076,1746160,146
3.164539076,1747458,1298
3.166670208,1747620,162
3.166670208,1748902,1282
3.168801740,1749080,178
3.168801740,1750346,1266
3.170939378,1750540,194
3.170939378,1751790,1250
3.173070510,1752000,210
3.173070510,1753234,1234
3.175284511,1753460,226
3.175284511,1754678,1218
3.177415643,1754920,242
3.177415643,1756122,1202
3.179546775,1756380,258
3.179546775,1757566,1186
3.181677907,1757840,274
3.181677907,1759010,1170
3.183809039,1759300,290
3.183809039,1760454,1154
3.185940171,1760760,306
3.185940171,1761898,1138
3.188071303,1762220,322
3.188071303,1763342,1122
3.190202835,1763680,338
3.190202835,1764786,1106
3.192423342,1765140,354
3.192423342,1766230,1090
3.194554474,1766600,370
3.194554474,1767674,1074
3.196685606,1768060,386
3.196685606,1769118,1058
3.198816738,1769520,402
3.198816738,1770562,1042
3.200947870,1770980,418
3.200947870,1772006,1026
3.203161871,1772440,434
3.203161871,1773450,1010
3.205293003,1773900,450
3.205293003,1774894,994
3.207424135,1775360,466
3.207424135,1776338,978
3.209555667,1776820,482
3.209555667,1777782,962
3.211693305,1778280,498
3.211693305,1779226,946
3.213824437,1779740,514
3.213824437,1780670,930
3.215955569,1781200,530
3.215955569,1782114,914
3.218086701,1782660,546
3.218086701,1783558,898
3.220300702,1784120,562
3.220300702,1785002,882
3.222431834,1785580,578
3.222431834,1786446,866
3.224562966,1787040,594
3.224562966,1787890,850
3.226694098,1788500,610
3.226694098,1789334,834
3.228825230,1789960,626
3.228825230,1790778,818
3.231046137,1791420,642
3.231046137,1792222,802
3.233177269,1792880,658
3.233177269,1793666,786
3.235308401,1794340,674
3.235308401,1795110,770
3.237439533,1795800,690
3.237439533,1796554,754
3.239570665,1797260,706
3.239570665,1797998,738
3.241701797,1798720,722
3.241701797,1799442,722
3.243832929,1800180,738
3.243832929,1800886,706
3.245964061,1801640,754
3.245964061,1802330,690
3.248178062,1803100,770
3.248178062,1803774,674
3.250309594,1804560,786
3.250309594,1805218,658
3.252766147,1806020,802
3.252766147,1806662,642
3.255215164,1807480,818
3.255215164,1808106,626
3.257664181,1808940,834
3.257664181,1809550,610
3.260208428,1810400,850
3.260208428,1810994,594
3.262657445,1811860,866
3.262657445,1812438,578
3.265106462,1813320,882
3.265106462,1813882,562
3.267555479,1814780,898
3.267555479,1815326,546
3.270004496,1816240,914
3.270004496,1816770,530
3.272549143,1817700,930
3.272549143,1818214,514
3.275005696,1819160,946
3.275005696,1819658,498
3.277454713,1820620,962
3.277454713,1821102,482
3.279903730,1822080,978
3.279903730,1822546,466
3.282352747,1823540,994
3.282352747,1823990,450
3.284801764,1825000,1010
3.284801764,1825434,434
3.287250781,1826460,1026
3.287250781,1826878,418
3.289699798,1827920,1042
3.289699798,1828322,402
3.292244045,1829380,1058
3.292244045,1829766,386
3.294693062,1830840,1074
3.294693062,1831210,370
3.297142479,1832300,1090
3.297142479,1832654,354
3.299599032,1833760,1106
3.299599032,1834098,338
3.302048049,1835220,1122
3.302048049,1835542,322
3.304592296,1836680,1138
3.304592296,1836986,306
3.307041313,1838140,1154
3.307041313,1838430,290
3.309490330,1839600,1170
3.309490330,1839874,274
3.311939347,1841060,1186
3.311939347,1841318,258
3.314388364,1842520,1202
3.314388364,1842762,242
3.316837381,1843980,1218
3.316837381,1844206,226
3.319286398,1845440,1234
3.319286398,1845650,210
3.321735815,1846900,1250
3.321735815,1847094,194
3.324192368,1848360,1266
3.324192368,1848538,178
3.326736615,1849820,1282
3.326736615,1849982,162
3.329185632,1851280,1298
3.329185632,1851426,146
3.331634649,1852740,1314
3.331634649,1852870,130
3.334083666,1854200,1330
3.334083666,1854314,114
3.336532683,1855660,1346
3.336532683,1855758,98
3.339076930,1857120,1362
3.339076930,1857202,82
3.341525947,1858580,1378
3.341525947,1858646,66
3.343975284,1860040,1394
3.343975284,1860090,50
3.346430250,1861500,1410
3.346430250,1861534,34
3.348877680,1862960,1426
3.348877680,1862978,18
3.351325110,1864420,1442
3.351325110,1864422,2
3.353444991,1865874,1452
3.355566167,1865880,6
3.355566167,1867319,1439
3.357769825,1867340,21
3.357769825,1868764,1424
3.359891001,1868800,36
3.359891001,1870209,1409
3.362012177,1870260,51
3.362012177,1871654,1394
3.364133353,1871720,66
3.364133353,1873098,1378
3.366254929,1873180,82
3.366254929,1874542,1362
3.368465060,1874640,98
3.368465060,1875986,1346
3.370586236,1876100,114
3.370586236,1877430,1330
3.372707412,1877560,130
3.372707412,1878874,1314
3.374828588,1879020,146
3.374828588,1880318,1298
3.376949764,1880480,162
3.376949764,1881762,1282
3.379153422,1881940,178
3.379153422,1883206,1266
3.381274598,1883400,194
3.381274598,1884650,1250
3.383395774,1884860,210
3.383395774,1886094,1234
3.385517350,1886320,226
3.385517350,1887538,1218
3.387644999,1887780,242
3.387644999,1888982,1202
3.389766175,1889240,258
3.389766175,1890426,1186
3.391887351,1890700,274
3.391887351,1891870,1170
3.394008527,1892160,290
3.394008527,1893314,1154
3.396212185,1893620,306
3.396212185,1894758,1138
3.398333361,1895080,322
3.398333361,1896202,1122
3.400454537,1896540,338
3.400454537,1897646,1106
3.402575713,1898000,354
3.402575713,1899090,1090
3.404696889,1899460,370
3.404696889,1900534,1074
3.406907421,1900920,386
3.406907421,1901978,1058
3.409028597,1902380,402
3.409028597,1903422,1042
3.411149773,1903840,418
3.411149773,1904866,1026
3.413270949,1905300,434
3.413270949,1906310,1010
3.415392125,1906760,450
3.415392125,1907754,994
3.417513301,1908220,466
3.417513301,1909198,978
3.419634477,1909680,482
3.419634477,1910642,962
3.421755653,1911140,498
3.421755653,1912086,946
3.423959311,1912600,514
3.423959311,1913530,930
3.426080887,1914060,530
3.426080887,1914974,914
3.428208536,1915520,546
3.428208536,1916418,898
3.430329712,1916980,562
3.430329712,1917862,882
3.432450888,1918440,578
3.432450888,1919306,866
3.434654546,1919900,594
3.434654546,1920750,850
3.436775722,1921360,610
3.436775722,1922194,834
3.438896898,1922820,626
3.438896898,1923638,818
3.441018074,1924280,642
3.441018074,1925082,802
3.443139250,1925740,658
3.443139250,1926526,786
3.445343308,1927200,674
3.445343308,1927970,770
3.447470957,1928660,690
3.447470957,1929414,754
3.449592133,1930120,706
3.449592133,1930858,738
3.451713309,1931580,722
3.451713309,1932302,722
3.454084029,1933040,738
3.454084029,1933746,706
3.456454749,1934500,754
3.456454749,1935190,690
3.458825469,1935960,770
3.458825469,1936634,674
3.461196189,1937420,786
3.461196189,1938078,658
3.463659095,1938880,802
3.463659095,1939522,642
3.466029815,1940340,818
3.466029815,1940966,626
3.468400935,1941800,834
3.468400935,1942410,610
3.470778938,1943260,850
3.470778938,1943854,594
3.473149658,1944720,866
3.473149658,1945298,578
3.475612564,1946180,882
3.475612564,1946742,562
3.477983284,1947640,898
3.477983284,1948186,546
3.480354004,1949100,914
3.480354004,1949630,530
3.482724724,1950560,930
3.482724724,1951074,514
3.485095444,1952020,946
3.485095444,1952518,498
3.487466164,1953480,962
3.487466164,1953962,482
3.489836884,1954940,978
3.489836884,1955406,466
3.492208004,1956400,994
3.492208004,1956850,450
3.494678193,1957860,1010
3.494678193,1958294,434
3.497048913,1959320,1026
3.497048913,1959738,418
3.499419633,1960780,1042
3.499419633,1961182,402
3.501790353,1962240,1058
3.501790353,1962626,386
3.504161073,1963700,1074
3.504161073,1964070,370
3.506623979,1965160,1090
3.506623979,1965514,354
3.508994699,1966620,1106
3.508994699,1966958,338
3.511365419,1968080,1122
3.511365419,1968402,322
3.513736539,1969540,1138
3.513736539,1969846,306
3.516114542,1971000,1154
3.516114542,1971290,290
3.518485262,1972460,1170
3.518485262,1972734,274
3.520855982,1973920,1186
3.520855982,1974178,258
3.523226702,1975380,1202
3.523226702,1975622,242
3.525689608,1976840,1218
3.525689608,1977066,226
3.528060328,1978300,1234
3.528060328,1978510,210
3.530431048,1979760,1250
3.530431048,1979954,194
3.532801768,1981220,1266
3.532801768,1981398,178
3.535172488,1982680,1282
3.535172488,1982842,162
3.537643076,1984140,1298
3.537643076,1984286,146
3.540013796,1985600,1314
3.540013796,1985730,130
3.542384516,1987060,1330
3.542384516,1987174,114
3.544755236,1988520,1346
3.544755236,1988618,98
3.547125956,1989980,1362
3.547125956,1990062,82
3.549588862,1991440,1378
3.549588862,1991506,66
3.551959502,1992900,1394
3.551959502,1992950,50
3.554017553,1994360,1410
3.554017553,1994394,34
3.556075604,1995820,1426
3.556075604,1995838,18
3.558134055,1997280,1442
3.558134055,1997282,2
3.560198459,1998734,1452
3.562257845,1998740,6
3.562257845,2000179,1439
3.564317231,2000200,21
3.564317231,2001624,1424
3.566456696,2001660,36
3.566456696,2003069,1409
3.568516082,2003120,51
3.568516082,2004514,1394
3.570575468,2004580,66
3.570575468,2005958,1378
3.572634854,2006040,82
3.572634854,2007402,1362
3.574694240,2007500,98
3.574694240,2008846,1346
3.576834105,2008960,114
3.576834105,2010290,1330
3.578899764,2010420,130
3.578899764,2011734,1314
3.580959150,2011880,146
3.580959150,2013178,1298
3.583018536,2013340,162
3.583018536,2014622,1282
3.585077922,2014800,178
3.585077922,2016066,1266
3.587137308,2016260,194
3.587137308,2017510,1250
3.589196694,2017720,210
3.589196694,2018954,1234
3.591256080,2019180,226
3.591256080,2020398,1218
3.593395545,2020640,242
3.593395545,2021842,1202
3.595454931,2022100,258
3.595454931,2023286,1186
3.597514717,2023560,274
3.597514717,2024730,1170
3.599580376,2025020,290
3.599580376,2026174,1154
3.601639762,2026480,306
3.601639762,2027618,1138
3.603779227,2027940,322
3.603779227,2029062,1122
3.605838613,2029400,338
3.605838613,2030506,1106
3.607897999,2030860,354
3.607897999,2031950,1090
3.609957385,2032320,370
3.609957385,2033394,1074
3.612016771,2033780,386
3.612016771,2034838,1058
3.614076157,2035240,402
3.614076157,2036282,1042
3.616135543,2036700,418
3.616135543,2037726,1026
3.618195329,2038160,434
3.618195329,2039170,1010
3.620341067,2039620,450
3.620341067,2040614,994
3.622400453,2041080,466
3.622400453,2042058,978
3.624459839,2042540,482
3.624459839,2043502,962
3.626519225,2044000,498
3.626519225,2044946,946
3.628578611,2045460,514
3.628578611,2046390,930
3.630718076,2046920,530
3.630718076,2047834,914
3.632777462,2048380,546
3.632777462,2049278,898
3.634836848,2049840,562
3.634836848,2050722,882
3.636896634,2051300,578
3.636896634,2052166,866
3.638962293,2052760,594
3.638962293,2053610,850
3.641101758,2054220,610
3.641101758,2055054,834
3.643161144,2055680,626
3.643161144,2056498,818
3.645220530,2057140,642
3.645220530,2057942,802
3.647279916,2058600,658
3.647279916,2059386,786
3.649339302,2060060,674
3.649339302,2060830,770
3.651398688,2061520,690
3.651398688,2062274,754
3.653541841,2062980,706
3.653541841,2063718,738
3.655684994,2064440,722
3.655684994,2065162,722
3.657918428,2065900,738
3.657918428,2066606,706
3.660061581,2067360,754
3.660061581,2068050,690
3.662204734,2068820,770
3.662204734,2069494,674
3.664347887,2070280,786
3.664347887,2070938,658
3.666491040,2071740,802
3.666491040,2072382,642
3.668717530,2073200,818
3.668717530,2073826,626
3.670860683,2074660,834
3.670860683,2075270,610
3.673003836,2076120,850
3.673003836,2076714,594
3.675146989,2077580,866
3.675146989,2078158,578
3.677290542,2079040,882
3.677290542,2079602,562
3.679440239,2080500,898
3.679440239,2081046,546
3.681583392,2081960,914
3.681583392,2082490,530
3.683726545,2083420,930
3.683726545,2083934,514
3.685953035,2084880,946
3.685953035,2085378,498
3.688096188,2086340,962
3.688096188,2086822,482
3.690239341,2087800,978
3.690239341,2088266,466
3.692382494,2089260,994
3.692382494,2089710,450
3.694525647,2090720,1010
3.694525647,2091154,434
3.696752537,2092180,1026
3.696752537,2092598,418
3.698902234,2093640,1042
3.698902234,2094042,402
3.701045387,2095100,1058
3.701045387,2095486,386
3.703188540,2096560,1074
3.703188540,2096930,370
3.705331693,2098020,1090
3.705331693,2098374,354
3.707474846,2099480,1106
3.707474846,2099818,338
3.709617999,2100940,1122
3.709617999,2101262,322
3.711761152,2102400,1138
3.711761152,2102706,306
3.713987642,2103860,1154
3.713987642,2104150,290
3.716130795,2105320,1170
3.716130795,2105594,274
3.718274348,2106780,1186
3.718274348,2107038,258
3.720424045,2108240,1202
3.720424045,2108482,242
3.722567198,2109700,1218
3.722567198,2109926,226
3.724793688,2111160,1234
3.724793688,2111370,210
3.726936841,2112620,1250
3.726936841,2112814,194
3.729079994,2114080,1266
3.729079994,2114258,178
3.731223147,2115540,1282
3.731223147,2115702,162
3.733366300,2117000,1298
3.733366300,2117146,146
3.735592790,2118460,1314
3.735592790,2118590,130
3.737736343,2119920,1330
3.737736343,2120034,114
3.739886040,2121380,1346
3.739886040,2121478,98
3.742029193,2122840,1362
3.742029193,2122922,82
3.744172346,2124300,1378
3.744172346,2124366,66
3.746315419,2125760,1394
3.746315419,2125810,50
3.748457183,2127220,1410
3.748457183,2127254,34
3.750598947,2128680,1426
3.750598947,2128698,18
3.752784971,2130140,1442
3.752784971,2130142,2
3.755056134,2131594,1452
3.757243575,2131600,6
3.757243575,2133039,1439
3.759431416,2133060,21
3.759431416,2134484,1424
3.761625546,2134520,36
3.761625546,2135929,1409
3.763812987,2135980,51
3.763812987,2137374,1394
3.766085487,2137440,66
3.766085487,2138818,1378
3.768272928,2138900,82
3.768272928,2140262,1362
3.770460369,2140360,98
3.770460369,2141706,1346
3.772647810,2141820,114
3.772647810,2143150,1330
3.774835251,2143280,130
3.774835251,2144594,1314
3.777022692,2144740,146
3.777022692,2146038,1298
3.779210133,2146200,162
3.779210133,2147482,1282
3.781397974,2147660,178
3.781397974,2148926,1266
3.783677163,2149120,194
3.783677163,2150370,1250
3.785864604,2150580,210
3.785864604,2151814,1234
3.788052045,2152040,226
3.788052045,2153258,1218
3.790239486,2153500,242
3.790239486,2154702,1202
3.792426927,2154960,258
3.792426927,2156146,1186
3.794699427,2156420,274
3.794699427,2157590,1170
3.796886868,2157880,290
3.796886868,2159034,1154
3.799074309,2159340,306
3.799074309,2160478,1138
3.801262150,2160800,322
3.801262150,2161922,1122
3.803456280,2162260,338
3.803456280,2163366,1106
3.805643721,2163720,354
3.805643721,2164810,1090
3.807831162,2165180,370
3.807831162,2166254,1074
3.810018603,2166640,386
3.810018603,2167698,1058
3.812291103,2168100,402
3.812291103,2169142,1042
3.814478544,2169560,418
3.814478544,2170586,1026
3.816665985,2171020,434
3.816665985,2172030,1010
3.818853426,2172480,450
3.818853426,2173474,994
3.821040867,2173940,466
3.821040867,2174918,978
3.823320455,2175400,482
3.823320455,2176362,962
3.825507896,2176860,498
3.825507896,2177806,946
3.827695337,2178320,514
3.827695337,2179250,930
3.829882778,2179780,530
3.829882778,2180694,914
3.832070219,2181240,546
3.832070219,2182138,898
3.834342719,2182700,562
3.834342719,2183582,882
3.836530160,2184160,578
3.836530160,2185026,866
3.838717601,2185620,594
3.838717601,2186470,850
3.840905042,2187080,610
3.840905042,2187914,834
3.843092883,2188540,626
3.843092883,2189358,818
3.845287013,2190000,642
3.845287013,2190802,802
3.847474454,2191460,658
3.847474454,2192246,786
3.849661895,2192920,674
3.849661895,2193690,770
3.851934395,2194380,690
3.851934395,2195134,754
3.854069006,2195840,706
3.854069006,2196578,738
3.856203617,2197300,722
3.856203617,2198022,722
3.858338228,2198760,738
3.858338228,2199466,706
3.860472839,2200220,754
3.860472839,2200910,690
3.862690854,2201680,770
3.862690854,2202354,674
3.864831982,2203140,786
3.864831982,2203798,658
3.866966593,2204600,802
3.866966593,2205242,642
3.869101204,2206060,818
3.869101204,2206686,626
3.871235815,2207520,834
3.871235815,2208130,610
3.873370426,2208980,850
3.873370426,2209574,594
3.875505037,2210440,866
3.875505037,2211018,578
3.877639648,2211900,882
3.877639648,2212462,562
3.879857263,2213360,898
3.879857263,2213906,546
3.881991874,2214820,914
3.881991874,2215350,530
3.884126885,2216280,930
3.884126885,2216794,514
3.886268013,2217740,946
3.886268013,2218238,498
3.888402624,2219200,962
3.888402624,2219682,482
3.890620239,2220660,978
3.890620239,2221126,466
3.892754850,2222120,994
3.892754850,2222570,450
3.894889461,2223580,1010
3.894889461,2224014,434
3.897024072,2225040,1026
3.897024072,2225458,418
3.899158683,2226500,1042
3.899158683,2226902,402
3.901376298,2227960,1058
3.901376298,2228346,386
3.903511309,2229420,1074
3.903511309,2229790,370
3.905652437,2230880,1090
3.905652437,2231234,354
3.907787048,2232340,1106
3.907787048,2232678,338
3.909921659,2233800,1122
3.909921659,2234122,322
3.912056270,2235260,1138
3.912056270,2235566,306
3.914190881,2236720,1154
3.914190881,2237010,290
3.916325492,2238180,1170
3.916325492,2238454,274
3.918543107,2239640,1186
3.918543107,2239898,258
3.920677718,2241100,1202
3.920677718,2241342,242
3.922812329,2242560,1218
3.922812329,2242786,226
3.924947340,2244020,1234
3.924947340,2244230,210
3.927088468,2245480,1250
3.927088468,2245674,194
3.929306083,2246940,1266
3.929306083,2247118,178
3.931440694,2248400,1282
3.931440694,2248562,162
3.933575305,2249860,1298
3.933575305,2250006,146
3.935709916,2251320,1314
3.935709916,2251450,130
3.937844527,2252780,1330
3.937844527,2252894,114
3.939979138,2254240,1346
3.939979138,2254338,98
3.942113749,2255700,1362
3.942113749,2255782,82
3.944248360,2257160,1378
3.944248360,2257226,66
3.946472813,2258620,1394
3.946472813,2258670,50
3.948606040,2260080,1410
3.948606040,2260114,34
3.950739267,2261540,1426
3.950739267,2261558,18
3.953049028,2263000,1442
3.953049028,2263002,2
3.955358869,2264454,1452
3.957760001,2264460,6
3.957760001,2265899,1439
3.960071259,2265920,21
3.960071259,2267344,1424
3.962382517,2267380,36
3.962382517,2268789,1409
3.964693775,2268840,51
3.964693775,2270234,1394
3.967005433,2270300,66
3.967005433,2271678,1378
3.969323781,2271760,82
3.969323781,2273122,1362
3.971635039,2273220,98
3.971635039,2274566,1346
3.973946297,2274680,114
3.973946297,2276010,1330
3.976347429,2276140,130
3.976347429,2277454,1314
3.978658687,2277600,146
3.978658687,2278898,1298
3.980969945,2279060,162
3.980969945,2280342,1282
3.983281203,2280520,178
3.983281203,2281786,1266
3.985592461,2281980,194
3.985592461,2283230,1250
3.987993993,2283440,210
3.987993993,2284674,1234
3.990312341,2284900,226
3.990312341,2286118,1218
3.992623599,2286360,242
3.992623599,2287562,1202
3.994934857,2287820,258
3.994934857,2289006,1186
3.997246115,2289280,274
3.997246115,2290450,1170
3.999647247,2290740,290
3.999647247,2291894,1154
4.001958505,2292200,306
4.001958505,2293338,1138
4.004269763,2293660,322
4.004269763,2294782,1122
4.006581021,2295120,338
4.006581021,2296226,1106
4.008892279,2296580,354
4.008892279,2297670,1090
4.011203937,2298040,370
4.011203937,2299114,1074
4.013522285,2299500,386
4.013522285,2300558,1058
4.015833543,2300960,402
4.015833543,2302002,1042
4.018234675,2302420,418
4.018234675,2303446,1026
4.020545933,2303880,434
4.020545933,2304890,1010
4.022857191,2305340,450
4.022857191,2306334,994
4.025168449,2306800,466
4.025168449,2307778,978
4.027479707,2308260,482
4.027479707,2309222,962
4.029880839,2309720,498
4.029880839,2310666,946
4.032192497,2311180,514
4.032192497,2312110,930
4.034510845,2312640,530
4.034510845,2313554,914
4.036822103,2314100,546
4.036822103,2314998,898
4.039133361,2315560,562
4.039133361,2316442,882
4.041444619,2317020,578
4.041444619,2317886,866
4.043755877,2318480,594
4.043755877,2319330,850
4.046067135,2319940,610
4.046067135,2320774,834
4.048468267,2321400,626
4.048468267,2322218,818
4.050779525,2322860,642
4.050779525,2323662,802
4.053075300,2324320,658
4.053075300,2325106,786
4.055371475,2325780,674
4.055371475,2326550,770
4.057674289,2327240,690
4.057674289,2327994,754
4.060059335,2328700,706
4.060059335,2329438,738
4.062355110,2330160,722
4.062355110,2330882,722
4.064650885,2331620,738
4.064650885,2332326,706
4.066946660,2333080,754
4.066946660,2333770,690
4.069242435,2334540,770
4.069242435,2335214,674
4.071538210,2336000,786
4.071538210,2336658,658
4.073833985,2337460,802
4.073833985,2338102,642
4.076129760,2338920,818
4.076129760,2339546,626
4.078522246,2340380,834
4.078522246,2340990,610
4.080818021,2341840,850
4.080818021,2342434,594
4.083113796,2343300,866
4.083113796,2343878,578
4.085409571,2344760,882
4.085409571,2345322,562
4.087705346,2346220,898
4.087705346,2346766,546
4.090090392,2347680,914
4.090090392,2348210,530
4.092386167,2349140,930
4.092386167,2349654,514
4.094681942,2350600,946
4.094681942,2351098,498
4.096977717,2352060,962
4.096977717,2352542,482
4.099273892,2353520,978
4.099273892,2353986,466
4.101665977,2354980,994
4.101665977,2355430,450
4.103961752,2356440,1010
4.103961752,2356874,434
4.106257527,2357900,1026
4.106257527,2358318,418
4.108553302,2359360,1042
4.108553302,2359762,402
4.110849077,2360820,1058
4.110849077,2361206,386
4.113144852,2362280,1074
4.113144852,2362650,370
4.115440627,2363740,1090
4.115440627,2364094,354
4.117736402,2365200,1106
4.117736402,2365538,338
4.120121848,2366660,1122
4.120121848,2366982,322
4.122424662,2368120,1138
4.122424662,2368426,306
4.124720437,2369580,1154
4.124720437,2369870,290
4.127016212,2371040,1170
4.127016212,2371314,274
4.129311987,2372500,1186
4.129311987,2372758,258
4.131697033,2373960,1202
4.131697033,2374202,242
4.133992808,2375420,1218
4.133992808,2375646,226
4.136288583,2376880,1234
4.136288583,2377090,210
4.138584358,2378340,1250
4.138584358,2378534,194
4.140880133,2379800,1266
4.140880133,2379978,178
4.143176308,2381260,1282
4.143176308,2381422,162
4.145479122,2382720,1298
4.145479122,2382866,146
4.147774897,2384180,1314
4.147774897,2384310,130
4.150159943,2385640,1330
4.150159943,2385754,114
4.152537986,2387100,1346
4.152537986,2387198,98
4.154916029,2388560,1362
4.154916029,2388642,82
4.157294072,2390020,1378
4.157294072,2390086,66
4.159672035,2391480,1394
4.159672035,2391530,50
4.162141007,2392940,1410
4.162141007,2392974,34
4.164517909,2394400,1426
4.164517909,2394418,18
4.166901717,2395860,1442
4.166901717,2395862,2
4.169278299,2397314,1452
4.171656342,2397320,6
4.171656342,2398759,1439
4.174034385,2398780,21
4.174034385,2400204,1424
4.176412428,2400240,36
4.176412428,2401649,1409
4.178790471,2401700,51
4.178790471,2403094,1394
4.181260984,2403160,66
4.181260984,2404538,1378
4.183639027,2404620,82
4.183639027,2405982,1362
4.186017070,2406080,98
4.186017070,2407426,1346
4.188395513,2407540,114
4.188395513,2408870,1330
4.190780862,2409000,130
4.190780862,2410314,1314
4.193251375,2410460,146
4.193251375,2411758,1298
4.195629418,2411920,162
4.195629418,2413202,1282
4.198007461,2413380,178
4.198007461,2414646,1266
4.200385504,2414840,194
4.200385504,2416090,1250
4.202763547,2416300,210
4.202763547,2417534,1234
4.205141590,2417760,226
4.205141590,2418978,1218
4.207612103,2419220,242
4.207612103,2420422,1202
4.209990546,2420680,258
4.209990546,2421866,1186
4.212375895,2422140,274
4.212375895,2423310,1170
4.214753938,2423600,290
4.214753938,2424754,1154
4.217131981,2425060,306
4.217131981,2426198,1138
4.219510024,2426520,322
4.219510024,2427642,1122
4.221888067,2427980,338
4.221888067,2429086,1106
4.224266110,2429440,354
4.224266110,2430530,1090
4.226736623,2430900,370
4.226736623,2431974,1074
4.229114666,2432360,386
4.229114666,2433418,1058
4.231492709,2433820,402
4.231492709,2434862,1042
4.233871152,2435280,418
4.233871152,2436306,1026
4.236256501,2436740,434
4.236256501,2437750,1010
4.238727014,2438200,450
4.238727014,2439194,994
4.241105057,2439660,466
4.241105057,2440638,978
4.243483100,2441120,482
4.243483100,2442082,962
4.245861143,2442580,498
4.245861143,2443526,946
4.248239186,2444040,514
4.248239186,2444970,930
4.250617229,2445500,530
4.250617229,2446414,914
4.252740650,2446960,546
4.252740650,2447858,898
4.254864071,2448420,562
4.254864071,2449302,882
4.257076942,2449880,578
4.257076942,2450746,866
4.259200363,2451340,594
4.259200363,2452190,850
4.261323784,2452800,610
4.261323784,2453634,834
4.263447205,2454260,626
4.263447205,2455078,818
4.265570626,2455720,642
4.265570626,2456522,802
4.267776616,2457180,658
4.267776616,2457966,786
4.269900037,2458640,674
4.269900037,2459410,770
4.272023458,2460100,690
4.272023458,2460854,754
4.274146879,2461560,706
4.274146879,2462298,738
4.276270700,2463020,722
4.276270700,2463742,722
4.278483171,2464480,738
4.278483171,2465186,706
4.280606592,2465940,754
4.280606592,2466630,690
4.282730013,2467400,770
4.282730013,2468074,674
4.284853434,2468860,786
4.284853434,2469518,658
4.286976855,2470320,802
4.286976855,2470962,642
4.289100276,2471780,818
4.289100276,2472406,626
4.291223697,2473240,834
4.291223697,2473850,610
4.293347118,2474700,850
4.293347118,2475294,594
4.295553508,2476160,866
4.295553508,2476738,578
4.297683410,2477620,882
4.297683410,2478182,562
4.299806831,2479080,898
4.299806831,2479626,546
4.301930252,2480540,914
4.301930252,2481070,530
4.304053673,2482000,930
4.304053673,2482514,514
4.306259663,2483460,946
4.306259663,2483958,498
4.308383084,2484920,962
4.308383084,2485402,482
4.310506505,2486380,978
4.310506505,2486846,466
4.312629926,2487840,994
4.312629926,2488290,450
4.314753347,2489300,1010
4.314753347,2489734,434
4.316877168,2490760,1026
4.316877168,2491178,418
4.319007070,2492220,1042
4.319007070,2492622,402
4.321130491,2493680,1058
4.321130491,2494066,386
4.323336481,2495140,1074
4.323336481,2495510,370
4.325459902,2496600,1090
4.325459902,2496954,354
4.327583323,2498060,1106
4.327583323,2498398,338
4.329706744,2499520,1122
4.329706744,2499842,322
4.331830165,2500980,1138
4.331830165,2501286,306
4.334036155,2502440,1154
4.334036155,2502730,290
4.336159976,2503900,1170
4.336159976,2504174,274
4.338289878,2505360,1186
4.338289878,2505618,258
4.340413299,2506820,1202
4.340413299,2507062,242
4.342536720,2508280,1218
4.342536720,2508506,226
4.344660141,2509740,1234
4.344660141,2509950,210
4.346783562,2511200,1250
4.346783562,2511394,194
4.348906983,2512660,1266
4.348906983,2512838,178
4.351112973,2514120,1282
4.351112973,2514282,162
4.353318051,2515580,1298
4.353318051,2515726,146
4.355523129,2517040,1314
4.355523129,2517170,130
4.357728607,2518500,1330
4.357728607,2518614,114
4.359940430,2519960,1346
4.359940430,2520058,98
4.362231253,2521420,1362
4.362231253,2521502,82
4.364436331,2522880,1378
4.364436331,2522946,66
4.366641329,2524340,1394
4.366641329,2524390,50
4.368844978,2525800,1410
4.368844978,2525834,34
4.371048627,2527260,1426
4.371048627,2527278,18
4.373338021,2528720,1442
4.373338021,2528722,2
4.375541750,2530174,1452
4.377747228,2530180,6
4.377747228,2531619,1439
4.379959051,2531640,21
4.379959051,2533064,1424
4.382164129,2533100,36
4.382164129,2534509,1409
4.384369207,2534560,51
4.384369207,2535954,1394
4.386574285,2536020,66
4.386574285,2537398,1378
4.388779363,2537480,82
4.388779363,2538842,1362
4.391070186,2538940,98
4.391070186,2540286,1346
4.393275264,2540400,114
4.393275264,2541730,1330
4.395480342,2541860,130
4.395480342,2543174,1314
4.397685420,2543320,146
4.397685420,2544618,1298
4.399890898,2544780,162
4.399890898,2546062,1282
4.402188466,2546240,178
4.402188466,2547506,1266
4.404393544,2547700,194
4.404393544,2548950,1250
4.406598622,2549160,210
4.406598622,2550394,1234
4.408803700,2550620,226
4.408803700,2551838,1218
4.411008778,2552080,242
4.411008778,2553282,1202
4.413213856,2553540,258
4.413213856,2554726,1186
4.415418934,2555000,274
4.415418934,2556170,1170
4.417624012,2556460,290
4.417624012,2557614,1154
4.419915235,2557920,306
4.419915235,2559058,1138
4.422127058,2559380,322
4.422127058,2560502,1122
4.424332136,2560840,338
4.424332136,2561946,1106
4.426537214,2562300,354
4.426537214,2563390,1090
4.428742292,2563760,370
4.428742292,2564834,1074
4.431033115,2565220,386
4.431033115,2566278,1058
4.433238193,2566680,402
4.433238193,2567722,1042
4.435443271,2568140,418
4.435443271,2569166,1026
4.437648349,2569600,434
4.437648349,2570610,1010
4.439853427,2571060,450
4.439853427,2572054,994
4.442058905,2572520,466
4.442058905,2573498,978
4.444270728,2573980,482
4.444270728,2574942,962
4.446475806,2575440,498
4.446475806,2576386,946
4.448766629,2576900,514
4.448766629,2577830,930
4.450971707,2578360,530
4.450971707,2579274,914
4.453300814,2579820,546
4.453300814,2580718,898
4.455629921,2581280,562
4.455629921,2582162,882
4.457959028,2582740,578
4.457959028,2583606,866
4.460378703,2584200,594
4.460378703,2585050,850
4.462708210,2585660,610
4.462708210,2586494,834
4.465044464,2587120,626
4.465044464,2587938,818
4.467373571,2588580,642
4.467373571,2589382,802
4.469702678,2590040,658
4.469702678,2590826,786
4.472122353,2591500,674
4.472122353,2592270,770
4.474451460,2592960,690
4.474451460,2593714,754
4.476780567,2594420,706
4.476780567,2595158,738
4.479109674,2595880,722
4.479109674,2596602,722
4.481438781,2597340,738
4.481438781,2598046,706
4.483767888,2598800,754
4.483767888,2599490,690
4.486097395,2600260,770
4.486097395,2600934,674
4.488433649,2601720,786
4.488433649,2602378,658
4.490853324,2603180,802
4.490853324,2603822,642
4.493182431,2604640,818
4.493182431,2605266,626
4.495511538,2606100,834
4.495511538,2606710,610
4.497840645,2607560,850
4.497840645,2608154,594
4.500169752,2609020,866
4.500169752,2609598,578
4.502589427,2610480,882
4.502589427,2611042,562
4.504918534,2611940,898
4.504918534,2612486,546
4.507248041,2613400,914
4.507248041,2613930,530
4.509584295,2614860,930
4.509584295,2615374,514
4.511913402,2616320,946
4.511913402,2616818,498
4.514242509,2617780,962
4.514242509,2618262,482
4.516571616,2619240,978
4.516571616,2619706,466
4.518900723,2620700,994
4.518900723,2621150,450
4.521320398,2622160,1010
4.521320398,2622594,434
4.523649505,2623620,1026
4.523649505,2624038,418
4.525978612,2625080,1042
4.525978612,2625482,402
4.528307719,2626540,1058
4.528307719,2626926,386
4.530637226,2628000,1074
4.530637226,2628370,370
4.533064048,2629460,1090
4.533064048,2629814,354
4.535393155,2630920,1106
4.535393155,2631258,338
4.537722262,2632380,1122
4.537722262,2632702,322
4.540051369,2633840,1138
4.540051369,2634146,306
4.542380476,2635300,1154
4.542380476,2635590,290
4.544709583,2636760,1170
4.544709583,2637034,274
4.547038690,2638220,1186
4.547038690,2638478,258
4.549367797,2639680,1202
4.549367797,2639922,242
4.551787872,2641140,1218
4.551787872,2641366,226
4.554044744,2642600,1234
4.554044744,2642810,210
4.556294725,2644060,1250
4.556294725,2644254,194
4.558544706,2645520,1266
4.558544706,2645698,178
4.560794687,2646980,1282
4.560794687,2647142,162
4.563132159,2648440,1298
4.563132159,2648586,146
4.565382140,2649900,1314
4.565382140,2650030,130
4.567632121,2651360,1330
4.567632121,2651474,114
4.569882102,2652820,1346
4.569882102,2652918,98
4.572132083,2654280,1362
4.572132083,2654362,82
4.574476846,2655740,1378
4.574476846,2655806,66
4.576726747,2657200,1394
4.576726747,2657250,50
4.578975270,2658660,1410
4.578975270,2658694,34
4.581223793,2660120,1426
4.581223793,2660138,18
4.583472316,2661580,1442
4.583472316,2661582,2
4.585720919,2663034,1452
4.587970900,2663040,6
4.587970900,2664479,1439
4.590220881,2664500,21
4.590220881,2665924,1424
4.592558353,2665960,36
4.592558353,2667369,1409
4.594808734,2667420,51
4.594808734,2668814,1394
4.597065606,2668880,66
4.597065606,2670258,1378
4.599315587,2670340,82
4.599315587,2671702,1362
4.601565568,2671800,98
4.601565568,2673146,1346
4.603903040,2673260,114
4.603903040,2674590,1330
4.606153021,2674720,130
4.606153021,2676034,1314
4.608403002,2676180,146
4.608403002,2677478,1298
4.610652983,2677640,162
4.610652983,2678922,1282
4.612902964,2679100,178
4.612902964,2680366,1266
4.615152945,2680560,194
4.615152945,2681810,1250
4.617403326,2682020,210
4.617403326,2683254,1234
4.619660198,2683480,226
4.619660198,2684698,1218
4.621997670,2684940,242
4.621997670,2686142,1202
4.624247651,2686400,258
4.624247651,2687586,1186
4.626497632,2687860,274
4.626497632,2689030,1170
4.628747613,2689320,290
4.628747613,2690474,1154
4.630997594,2690780,306
4.630997594,2691918,1138
4.633335066,2692240,322
4.633335066,2693362,1122
4.635585047,2693700,338
4.635585047,2694806,1106
4.637835428,2695160,354
4.637835428,2696250,1090
4.640092300,2696620,370
4.640092300,2697694,1074
4.642342281,2698080,386
4.642342281,2699138,1058
4.644592262,2699540,402
4.644592262,2700582,1042
4.646842243,2701000,418
4.646842243,2702026,1026
4.649092224,2702460,434
4.649092224,2703470,1010
4.651429696,2703920,450
4.651429696,2704914,994
4.653678227,2705380,466
4.653678227,2706358,978
4.655926758,2706840,482
4.655926758,2707802,962
4.658175289,2708300,498
4.658175289,2709246,946
4.660424220,2709760,514
4.660424220,2710690,930
4.662679637,2711220,530
4.662679637,2712134,914
4.665015602,2712680,546
4.665015602,2713578,898
4.667264133,2714140,562
4.667264133,2715022,882
4.669512664,2715600,578
4.669512664,2716466,866
4.671761195,2717060,594
4.671761195,2717910,850
4.674009726,2718520,610
4.674009726,2719354,834
4.676345691,2719980,626
4.676345691,2720798,818
4.678594222,2721440,642
4.678594222,2722242,802
4.680843153,2722900,658
4.680843153,2723686,786
4.683098570,2724360,674
4.683098570,2725130,770
4.685347101,2725820,690
4.685347101,2726574,754
4.687595632,2727280,706
4.687595632,2728018,738
4.689844163,2728740,722
4.689844163,2729462,722
4.692092694,2730200,738
4.692092694,2730906,706
4.694428659,2731660,754
4.694428659,2732350,690
4.696677190,2733120,770
4.696677190,2733794,674
4.698925721,2734580,786
4.698925721,2735238,658
4.701174252,2736040,802
4.701174252,2736682,642
4.703423183,2737500,818
4.703423183,2738126,626
4.705766034,2738960,834
4.705766034,2739570,610
4.708014565,2740420,850
4.708014565,2741014,594
4.710263096,2741880,866
4.710263096,2742458,578
4.712511627,2743340,882
4.712511627,2743902,562
4.714760158,2744800,898
4.714760158,2745346,546
4.717008689,2746260,914
4.717008689,2746790,530
4.719257220,2747720,930
4.719257220,2748234,514
4.721505751,2749180,946
4.721505751,2749678,498
4.723842116,2750640,962
4.723842116,2751122,482
4.726097533,2752100,978
4.726097533,2752566,466
4.728346064,2753560,994
4.728346064,2754010,450
4.730594595,2755020,1010
4.730594595,2755454,434
4.732843126,2756480,1026
4.732843126,2756898,418
4.735179091,2757940,1042
4.735179091,2758342,402
4.737427622,2759400,1058
4.737427622,2759786,386
4.739676153,2760860,1074
4.739676153,2761230,370
4.741924684,2762320,1090
4.741924684,2762674,354
4.744173215,2763780,1106
4.744173215,2764118,338
4.746516467,2765240,1122
4.746516467,2765562,322
4.748764998,2766700,1138
4.748764998,2767006,306
4.751013529,2768160,1154
4.751013529,2768450,290
4.753300260,2769620,1170
4.753300260,2769894,274
4.755586991,2771080,1186
4.755586991,2771338,258
4.757873722,2772540,1202
4.757873722,2772782,242
4.760160453,2774000,1218
4.760160453,2774226,226
4.762447184,2775460,1234
4.762447184,2775670,210
4.764822835,2776920,1250
4.764822835,2777114,194
4.767109966,2778380,1266
4.767109966,2778558,178
4.769403707,2779840,1282
4.769403707,2780002,162
4.771690438,2781300,1298
4.771690438,2781446,146
4.773977169,2782760,1314
4.773977169,2782890,130
4.776352820,2784220,1330
4.776352820,2784334,114
4.778639551,2785680,1346
4.778639551,2785778,98
4.780926282,2787140,1362
4.780926282,2787222,82
4.783213013,2788600,1378
4.783213013,2788666,66
4.785499664,2790060,1394
4.785499664,2790110,50
4.787784913,2791520,1410
4.787784913,2791554,34
4.790070562,2792980,1426
4.790070562,2792998,18
4.792362821,2794440,1442
4.792362821,2794442,2
4.794737070,2795894,1452
4.797023801,2795900,6
4.797023801,2797339,1439
4.799310532,2797360,21
4.799310532,2798784,1424
4.801597263,2798820,36
4.801597263,2800229,1409
4.803883994,2800280,51
4.803883994,2801674,1394
4.806259645,2801740,66
4.806259645,2803118,1378
4.808546376,2803200,82
4.808546376,2804562,1362
4.810833507,2804660,98
4.810833507,2806006,1346
4.813127248,2806120,114
4.813127248,2807450,1330
4.815413979,2807580,130
4.815413979,2808894,1314
4.817700710,2809040,146
4.817700710,2810338,1298
4.819987441,2810500,162
4.819987441,2811782,1282
4.822274172,2811960,178
4.822274172,2813226,1266
4.824649823,2813420,194
4.824649823,2814670,1250
4.826936554,2814880,210
4.826936554,2816114,1234
4.829223285,2816340,226
4.829223285,2817558,1218
4.831510016,2817800,242
4.831510016,2819002,1202
4.833797147,2819260,258
4.833797147,2820446,1186
4.836090888,2820720,274
4.836090888,2821890,1170
4.838466539,2822180,290
4.838466539,2823334,1154
4.840753270,2823640,306
4.840753270,2824778,1138
4.843040001,2825100,322
4.843040001,2826222,1122
4.845326732,2826560,338
4.845326732,2827666,1106
4.847613463,2828020,354
4.847613463,2829110,1090
4.849989114,2829480,370
4.849989114,2830554,1074
4.852275845,2830940,386
4.852275845,2831998,1058
4.854451218,2832400,402
4.854451218,2833442,1042
4.856632839,2833860,418
4.856632839,2834886,1026
4.858807812,2835320,434
4.858807812,2836330,1010
4.860982785,2836780,450
4.860982785,2837774,994
4.863157758,2838240,466
4.863157758,2839218,978
4.865332731,2839700,482
4.865332731,2840662,962
4.867592278,2841160,498
4.867592278,2842106,946
4.869767251,2842620,514
4.869767251,2843550,930
4.871942224,2844080,530
4.871942224,2844994,914
4.874117197,2845540,546
4.874117197,2846438,898
4.876292570,2847000,562
4.876292570,2847882,882
4.878558765,2848460,578
4.878558765,2849326,866
4.880733738,2849920,594
4.880733738,2850770,850
4.882908711,2851380,610
4.882908711,2852214,834
4.885083684,2852840,626
4.885083684,2853658,818
4.887258657,2854300,642
4.887258657,2855102,802
4.889433630,2855760,658
4.889433630,2856546,786
4.891608603,2857220,674
4.891608603,2857990,770
4.893783576,2858680,690
4.893783576,2859434,754
4.896043523,2860140,706
4.896043523,2860878,738
4.898225144,2861600,722
4.898225144,2862322,722
4.900400117,2863060,738
4.900400117,2863766,706
4.902575090,2864520,754
4.902575090,2865210,690
4.904750063,2865980,770
4.904750063,2866654,674
4.907009610,2867440,786
4.907009610,2868098,658
4.909184583,2868900,802
4.909184583,2869542,642
4.911359556,2870360,818
4.911359556,2870986,626
4.913534529,2871820,834
4.913534529,2872430,610
4.915709502,2873280,850
4.915709502,2873874,594
4.917884875,2874740,866
4.917884875,2875318,578
4.920066496,2876200,882
4.920066496,2876762,562
4.922326043,2877660,898
4.922326043,2878206,546
4.924501016,2879120,914
4.924501016,2879650,530
4.926675989,2880580,930
4.926675989,2881094,514
4.928850962,2882040,946
4.928850962,2882538,498
4.931025935,2883500,962
4.931025935,2883982,482
4.933200908,2884960,978
4.933200908,2885426,466
4.935460455,2886420,994
4.935460455,2886870,450
4.937635828,2887880,1010
4.937635828,2888314,434
4.939817449,2889340,1026
4.939817449,2889758,418
4.941992422,2890800,1042
4.941992422,2891202,402
4.944167395,2892260,1058
4.944167395,2892646,386
4.946426942,2893720,1074
4.946426942,2894090,370
4.948601915,2895180,1090
4.948601915,2895534,354
4.950776888,2896640,1106
4.950776888,2896978,338
4.952925567,2898100,1122
4.952925567,2898422,322
4.955074246,2899560,1138
4.955074246,2899866,306
4.957222925,2901020,1154
4.957222925,2901310,290
4.959372004,2902480,1170
4.959372004,2902754,274
4.961527246,2903940,1186
4.961527246,2904198,258
4.963759477,2905400,1202
4.963759477,2905642,242
4.965908156,2906860,1218
4.965908156,2907086,226
4.968056835,2908320,1234
4.968056835,2908530,210
4.970205514,2909780,1250
4.970205514,2909974,194
4.972354193,2911240,1266
4.972354193,2911418,178
4.974586424,2912700,1282
4.974586424,2912862,162
4.976735103,2914160,1298
4.976735103,2914306,146
4.978884182,2915620,1314
4.978884182,2915750,130
4.981039424,2917080,1330
4.981039424,2917194,114
4.983188103,2918540,1346
4.983188103,2918638,98
4.985336782,2920000,1362
4.985336782,2920082,82
4.987485461,2921460,1378
4.987485461,2921526,66
4.989634060,2922920,1394
4.989634060,2922970,50
4.991864899,2924380,1410
4.991864899,2924414,34
4.994012186,2925840,1426
4.994012186,2925858,18
4.996159473,2927300,1442
4.996159473,2927302,2
4.998306840,2928754,1452
5.000455919,2928760,6
5.000455919,2930199,1439
5.002694713,2930220,21
5.002694713,2931644,1424
5.004843392,2931680,36
5.004843392,2933089,1409
5.006992071,2933140,51
5.006992071,2934534,1394
5.009140750,2934600,66
5.009140750,2935978,1378
5.011289429,2936060,82
5.011289429,2937422,1362
5.013438108,2937520,98
5.013438108,2938866,1346
5.015586787,2938980,114
5.015586787,2940310,1330
5.017819018,2940440,130
5.017819018,2941754,1314
5.019968097,2941900,146
5.019968097,2943198,1298
5.022123339,2943360,162
5.022123339,2944642,1282
5.024272018,2944820,178
5.024272018,2946086,1266
5.026420697,2946280,194
5.026420697,2947530,1250
5.028569376,2947740,210
5.028569376,2948974,1234
5.030801607,2949200,226
5.030801607,2950418,1218
5.032950286,2950660,242
5.032950286,2951862,1202
5.035098965,2952120,258
5.035098965,2953306,1186
5.037247644,2953580,274
5.037247644,2954750,1170
5.039396323,2955040,290
5.039396323,2956194,1154
5.041635516,2956500,306
5.041635516,2957638,1138
5.043784195,2957960,322
5.043784195,2959082,1122
5.045932874,2959420,338
5.045932874,2960526,1106
5.048081553,2960880,354
5.048081553,2961970,1090
5.050230232,2962340,370
5.050230232,2963414,1074
5.052303982,2963800,386
5.052303982,2964858,1058
5.054377732,2965260,402
5.054377732,2966302,1042
5.056451482,2966720,418
5.056451482,2967746,1026
5.058605870,2968180,434
5.058605870,2969190,1010
5.060680020,2969640,450
5.060680020,2970634,994
5.062760090,2971100,466
5.062760090,2972078,978
5.064833840,2972560,482
5.064833840,2973522,962
5.066907590,2974020,498
5.066907590,2974966,946
5.069061978,2975480,514
5.069061978,2976410,930
5.071135728,2976940,530
5.071135728,2977854,914
5.073209478,2978400,546
5.073209478,2979298,898
5.075283228,2979860,562
5.075283228,2980742,882
5.077356978,2981320,578
5.077356978,2982186,866
5.079430728,2982780,594
5.079430728,2983630,850
5.081504878,2984240,610
5.081504878,2985074,834
5.083584948,2985700,626
5.083584948,2986518,818
5.085739336,2987160,642
5.085739336,2987962,802
5.087813086,2988620,658
5.087813086,2989406,786
5.089886836,2990080,674
5.089886836,2990850,770
5.091960586,2991540,690
5.091960586,2992294,754
5.094034336,2993000,706
5.094034336,2993738,738
5.096188724,2994460,722
5.096188724,2995182,722
5.098262474,2995920,738
5.098262474,2996626,706
5.100336624,2997380,754
5.100336624,2998070,690
5.102416694,2998840,770
5.102416694,2999514,674
5.104490444,3000300,786
5.104490444,3000958,658
5.106644832,3001760,802
5.106644832,3002402,642
5.108718582,3003220,818
5.108718582,3003846,626
5.110792332,3004680,834
5.110792332,3005290,610
5.112866082,3006140,850
5.112866082,3006734,594
5.114939832,3007600,866
5.114939832,3008178,578
5.117013582,3009060,882
5.117013582,3009622,562
5.119087332,3010520,898
5.119087332,3011066,546
5.121161482,3011980,914
5.121161482,3012510,530
5.123241552,3013440,930
5.123241552,3013954,514
5.125395940,3014900,946
5.125395940,3015398,498
5.127469690,3016360,962
5.127469690,3016842,482
5.129543440,3017820,978
5.129543440,3018286,466
5.131617190,3019280,994
5.131617190,3019730,450
5.133690940,3020740,1010
5.133690940,3021174,434
5.135845328,3022200,1026
5.135845328,3022618,418
5.137919078,3023660,1042
5.137919078,3024062,402
5.139993228,3025120,1058
5.139993228,3025506,386
5.142073298,3026580,1074
5.142073298,3026950,370
5.144147048,3028040,1090
5.144147048,3028394,354
5.146220798,3029500,1106
5.146220798,3029838,338
5.148294548,3030960,1122
5.148294548,3031282,322
5.150368298,3032420,1138
5.150368298,3032726,306
5.152647621,3033880,1154
5.152647621,3034170,290
5.154841630,3035340,1170
5.154841630,3035614,274
5.157035639,3036800,1186
5.157035639,3037058,258
5.159229648,3038260,1202
5.159229648,3038502,242
5.161424057,3039720,1218
5.161424057,3039946,226
5.163710089,3041180,1234
5.163710089,3041390,210
5.165904098,3042640,1250
5.165904098,3042834,194
5.168098107,3044100,1266
5.168098107,3044278,178
5.170292116,3045560,1282
5.170292116,3045722,162
5.172486125,3047020,1298
5.172486125,3047166,146
5.174680134,3048480,1314
5.174680134,3048610,130
5.176874143,3049940,1330
5.176874143,3050054,114
5.179068152,3051400,1346
5.179068152,3051498,98
5.181347875,3052860,1362
5.181347875,3052942,82
5.183548593,3054320,1378
5.183548593,3054386,66
5.185742522,3055780,1394
5.185742522,3055830,50
5.187935109,3057240,1410
5.187935109,3057274,34
5.190127696,3058700,1426
5.190127696,3058718,18
5.192405597,3060160,1442
5.192405597,3060162,2
5.194598264,3061614,1452
5.196792273,3061620,6
5.196792273,3063059,1439
5.198986282,3063080,21
5.198986282,3064504,1424
5.201180291,3064540,36
5.201180291,3065949,1409
5.203466724,3066000,51
5.203466724,3067394,1394
5.205660733,3067460,66
5.205660733,3068838,1378
5.207854742,3068920,82
5.207854742,3070282,1362
5.210048751,3070380,98
5.210048751,3071726,1346
5.212242760,3071840,114
5.212242760,3073170,1330
5.214436769,3073300,130
5.214436769,3074614,1314
5.216630778,3074760,146
5.216630778,3076058,1298
5.218824787,3076220,162
5.218824787,3077502,1282
5.221104110,3077680,178
5.221104110,3078946,1266
5.223298519,3079140,194
5.223298519,3080390,1250
5.225499237,3080600,210
5.225499237,3081834,1234
5.227693246,3082060,226
5.227693246,3083278,1218
5.229887255,3083520,242
5.229887255,3084722,1202
5.232166578,3084980,258
5.232166578,3086166,1186
5.234360587,3086440,274
5.234360587,3087610,1170
5.236554596,3087900,290
5.236554596,3089054,1154
5.238748605,3089360,306
5.238748605,3090498,1138
5.240942614,3090820,322
5.240942614,3091942,1122
5.243136623,3092280,338
5.243136623,3093386,1106
5.245331032,3093740,354
5.245331032,3094830,1090
5.247531750,3095200,370
5.247531750,3096274,1074
5.249811073,3096660,386
5.249811073,3097718,1058
5.252005082,3098120,402
5.252005082,3099162,1042
5.254156271,3099580,418
5.254156271,3100606,1026
5.256307460,3101040,434
5.256307460,3102050,1010
5.258458649,3102500,450
5.258458649,3103494,994
5.260693487,3103960,466
5.260693487,3104938,978
5.262844676,3105420,482
5.262844676,3106382,962
5.264996265,3106880,498
5.264996265,3107826,946
5.267154025,3108340,514
5.267154025,3109270,930
5.269305214,3109800,530
5.269305214,3110714,914
5.271456403,3111260,546
5.271456403,3112158,898
5.273607592,3112720,562
5.273607592,3113602,882
5.275842430,3114180,578
5.275842430,3115046,866
5.277993619,3115640,594
5.277993619,3116490,850
5.280144808,3117100,610
5.280144808,3117934,834
5.282295997,3118560,626
5.282295997,3119378,818
5.284447186,3120020,642
5.284447186,3120822,802
5.286598775,3121480,658
5.286598775,3122266,786
5.288840184,3122940,674
5.288840184,3123710,770
5.290991373,3124400,690
5.290991373,3125154,754
5.293142562,3125860,706
5.293142562,3126598,738
5.295293751,3127320,722
5.295293751,3128042,722
5.297444940,3128780,738
5.297444940,3129486,706
5.299679778,3130240,754
5.299679778,3130930,690
5.301830967,3131700,770
5.301830967,3132374,674
5.303982156,3133160,786
5.303982156,3133818,658
5.306133745,3134620,802
5.306133745,3135262,642
5.308291505,3136080,818
5.308291505,3136706,626
5.310442694,3137540,834
5.310442694,3138150,610
5.312593883,3139000,850
5.312593883,3139594,594
5.314745072,3140460,866
5.314745072,3141038,578
5.316979910,3141920,882
5.316979910,3142482,562
5.319131099,3143380,898
5.319131099,3143926,546
5.321282288,3144840,914
5.321282288,3145370,530
5.323433477,3146300,930
5.323433477,3146814,514
5.325584666,3147760,946
5.325584666,3148258,498
5.327826475,3149220,962
5.327826475,3149702,482
5.329977664,3150680,978
5.329977664,3151146,466
5.332128853,3152140,994
5.332128853,3152590,450
5.334280042,3153600,1010
5.334280042,3154034,434
5.336431231,3155060,1026
5.336431231,3155478,418
5.338582420,3156520,1042
5.338582420,3156922,402
5.340733609,3157980,1058
5.340733609,3158366,386
5.342884798,3159440,1074
5.342884798,3159810,370
5.345119636,3160900,1090
5.345119636,3161254,354
5.347271225,3162360,1106
5.347271225,3162698,338
5.349428985,3163820,1122
5.349428985,3164142,322
5.351580174,3165280,1138
5.351580174,3165586,306
5.353655778,3166740,1154
5.353655778,3167030,290
5.355812092,3168200,1170
5.355812092,3168474,274
5.357887696,3169660,1186
5.357887696,3169918,258
5.359963300,3171120,1202
5.359963300,3171362,242
5.362038904,3172580,1218
5.362038904,3172806,226
5.364114508,3174040,1234
5.364114508,3174250,210
5.366190112,3175500,1250
5.366190112,3175694,194
5.368266116,3176960,1266
5.368266116,3177138,178
5.370428756,3178420,1282
5.370428756,3178582,162
5.372504360,3179880,1298
5.372504360,3180026,146
5.374579964,3181340,1314
5.374579964,3181470,130
5.376655568,3182800,1330
5.376655568,3182914,114
5.378731172,3184260,1346
5.378731172,3184358,98
5.380806776,3185720,1362
5.380806776,3185802,82
5.382963090,3187180,1378
5.382963090,3187246,66
5.385038614,3188640,1394
5.385038614,3188690,50
5.387113272,3190100,1410
5.387113272,3190134,34
5.389193856,3191560,1426
5.389193856,3191578,18
5.391268114,3193020,1442
5.391268114,3193022,2
5.393423162,3194474,1452
5.395498766,3194480,6
5.395498766,3195919,1439
5.397574370,3195940,21
5.397574370,3197364,1424
5.399649974,3197400,36
5.399649974,3198809,1409
5.401725578,3198860,51
5.401725578,3200254,1394
5.403801182,3200320,66
5.403801182,3201698,1378
5.405876786,3201780,82
5.405876786,3203142,1362
5.407952790,3203240,98
5.407952790,3204586,1346
5.410115430,3204700,114
5.410115430,3206030,1330
5.412191034,3206160,130
5.412191034,3207474,1314
5.414266638,3207620,146
5.414266638,3208918,1298
5.416342242,3209080,162
5.416342242,3210362,1282
5.418417846,3210540,178
5.418417846,3211806,1266
5.420574160,3212000,194
5.420574160,3213250,1250
5.422649764,3213460,210
5.422649764,3214694,1234
5.424725368,3214920,226
5.424725368,3216138,1218
5.426801372,3216380,242
5.426801372,3217582,1202
5.428883302,3217840,258
5.428883302,3219026,1186
5.430958906,3219300,274
5.430958906,3220470,1170
5.433034510,3220760,290
5.433034510,3221914,1154
5.435110114,3222220,306
5.435110114,3223358,1138
5.437266428,3223680,322
5.437266428,3224802,1122
5.439342032,3225140,338
5.439342032,3226246,1106
5.441417636,3226600,354
5.441417636,3227690,1090
5.443493240,3228060,370
5.443493240,3229134,1074
5.445568844,3229520,386
5.445568844,3230578,1058
5.447731884,3230980,402
5.447731884,3232022,1042
5.449807488,3232440,418
5.449807488,3233466,1026
5.451883092,3233900,434
5.451883092,3234910,1010
5.454153071,3235360,450
5.454153071,3236354,994
5.456423050,3236820,466
5.456423050,3237798,978
5.458781297,3238280,482
5.458781297,3239242,962
5.461051276,3239740,498
5.461051276,3240686,946
5.463321255,3241200,514
5.463321255,3242130,930
5.465591234,3242660,530
5.465591234,3243574,914
5.467861613,3244120,546
5.467861613,3245018,898
5.470138547,3245580,562
5.470138547,3246462,882
5.472408526,3247040,578
5.472408526,3247906,866
5.474678505,3248500,594
5.474678505,3249350,850
5.477036752,3249960,610
5.477036752,3250794,834
5.479306731,3251420,626
5.479306731,3252238,818
5.481576710,3252880,642
5.481576710,3253682,802
5.483846689,3254340,658
5.483846689,3255126,786
5.486116668,3255800,674
5.486116668,3256570,770
5.488475315,3257260,690
5.488475315,3258014,754
5.490752249,3258720,706
5.490752249,3259458,738
5.493022228,3260180,722
5.493022228,3260902,722
5.495292207,3261640,738
5.495292207,3262346,706
5.497562186,3263100,754
5.497562186,3263790,690
5.499832165,3264560,770
5.499832165,3265234,674
5.502102144,3266020,786
5.502102144,3266678,658
5.504372123,3267480,802
5.504372123,3268122,642
5.506730370,3268940,818
5.506730370,3269566,626
5.509000349,3270400,834
5.509000349,3271010,610
5.511270728,3271860,850
5.511270728,3272454,594
5.513547662,3273320,866
5.513547662,3273898,578
5.515817641,3274780,882
5.515817641,3275342,562
5.518175888,3276240,898
5.518175888,3276786,546
5.520445867,3277700,914
5.520445867,3278230,530
5.522715846,3279160,930
5.522715846,3279674,514
5.524985825,3280620,946
5.524985825,3281118,498
5.527255804,3282080,962
5.527255804,3282562,482
5.529525783,3283540,978
5.529525783,3284006,466
5.531795762,3285000,994
5.531795762,3285450,450
5.534066141,3286460,1010
5.534066141,3286894,434
5.536431343,3287920,1026
5.536431343,3288338,418
5.538701322,3289380,1042
5.538701322,3289782,402
5.540971301,3290840,1058
5.540971301,3291226,386
5.543241280,3292300,1074
5.543241280,3292670,370
5.545511259,3293760,1090
5.545511259,3294114,354
5.547869506,3295220,1106
5.547869506,3295558,338
5.550139485,3296680,1122
5.550139485,3297002,322
5.552548911,3298140,1138
5.552548911,3298446,306
5.554958737,3299600,1154
5.554958737,3299890,290
5.557375570,3301060,1170
5.557375570,3301334,274
5.559878687,3302520,1186
5.559878687,3302778,258
5.562288113,3303980,1202
5.562288113,3304222,242
5.564697539,3305440,1218
5.564697539,3305666,226
5.567106965,3306900,1234
5.567106965,3307110,210
5.569516391,3308360,1250
5.569516391,3308554,194
5.571925817,3309820,1266
5.571925817,3309998,178
5.574335243,3311280,1282
5.574335243,3311442,162
5.576744669,3312740,1298
5.576744669,3312886,146
5.579154495,3314200,1314
5.579154495,3314330,130
5.581665019,3315660,1330
5.581665019,3315774,114
5.584074445,3317120,1346
5.584074445,3317218,98
5.586483871,3318580,1362
5.586483871,3318662,82
5.588893297,3320040,1378
5.588893297,3320106,66
5.591302643,3321500,1394
5.591302643,3321550,50
5.593804198,3322960,1410
5.593804198,3322994,34
5.596212062,3324420,1426
5.596212062,3324438,18
5.598619926,3325880,1442
5.598619926,3325882,2
5.601028270,3327334,1452
5.603445103,3327340,6
5.603445103,3328779,1439
5.605854529,3328800,21
5.605854529,3330224,1424
5.608263955,3330260,36
5.608263955,3331669,1409
5.610673381,3331720,51
5.610673381,3333114,1394
5.613176498,3333180,66
5.613176498,3334558,1378
5.615585924,3334640,82
5.615585924,3336002,1362
5.617995350,3336100,98
5.617995350,3337446,1346
5.620404776,3337560,114
5.620404776,3338890,1330
5.622814202,3339020,130
5.622814202,3340334,1314
5.625325126,3340480,146
5.625325126,3341778,1298
5.627734552,3341940,162
5.627734552,3343222,1282
5.630143978,3343400,178
5.630143978,3344666,1266
5.632553404,3344860,194
5.632553404,3346110,1250
5.634962830,3346320,210
5.634962830,3347554,1234
5.637372256,3347780,226
5.637372256,3348998,1218
5.639781682,3349240,242
5.639781682,3350442,1202
5.642284799,3350700,258
5.642284799,3351886,1186
5.644694225,3352160,274
5.644694225,3353330,1170
5.647104051,3353620,290
5.647104051,3354774,1154
5.649520884,3355080,306
5.649520884,3356218,1138
5.651930310,3356540,322
5.651930310,3357662,1122
5.654041957,3358000,338
5.654041957,3359106,1106
5.656235716,3359460,354
5.656235716,3360550,1090
5.658347363,3360920,370
5.658347363,3361994,1074
5.660459010,3362380,386
5.660459010,3363438,1058
5.662570657,3363840,402
5.662570657,3364882,1042
5.664682304,3365300,418
5.664682304,3366326,1026
5.666876463,3366760,434
5.666876463,3367770,1010
5.668994553,3368220,450
5.668994553,3369214,994
5.671106200,3369680,466
5.671106200,3370658,978
5.673217847,3371140,482
5.673217847,3372102,962
5.675329494,3372600,498
5.675329494,3373546,946
5.677441141,3374060,514
5.677441141,3374990,930
5.679552788,3375520,530
5.679552788,3376434,914
5.681664435,3376980,546
5.681664435,3377878,898
5.683858194,3378440,562
5.683858194,3379322,882
5.685969841,3379900,578
5.685969841,3380766,866
5.688081888,3381360,594
5.688081888,3382210,850
5.690199978,3382820,610
5.690199978,3383654,834
5.692311625,3384280,626
5.692311625,3385098,818
5.694505384,3385740,642
5.694505384,3386542,802
5.696617031,3387200,658
5.696617031,3387986,786
5.698728678,3388660,674
5.698728678,3389430,770
5.700840325,3390120,690
5.700840325,3390874,754
5.702951972,3391580,706
5.702951972,3392318,738
5.705063619,3393040,722
5.705063619,3393762,722
5.707175266,3394500,738
5.707175266,3395206,706
5.709287313,3395960,754
5.709287313,3396650,690
5.711487515,3397420,770
5.711487515,3398094,674
5.713599162,3398880,786
5.713599162,3399538,658
5.715710809,3400340,802
5.715710809,3400982,642
5.717822456,3401800,818
5.717822456,3402426,626
5.719934103,3403260,834
5.719934103,3403870,610
5.722127862,3404720,850
5.722127862,3405314,594
5.724239509,3406180,866
5.724239509,3406758,578
5.726351156,3407640,882
5.726351156,3408202,562
5.728463203,3409100,898
5.728463203,3409646,546
5.730581293,3410560,914
5.730581293,3411090,530
5.732692940,3412020,930
5.732692940,3412534,514
5.734804587,3413480,946
5.734804587,3413978,498
5.736998346,3414940,962
5.736998346,3415422,482
5.739109993,3416400,978
5.739109993,3416866,466
5.741221640,3417860,994
5.741221640,3418310,450
5.743333287,3419320,1010
5.743333287,3419754,434
5.745444934,3420780,1026
5.745444934,3421198,418
5.747556581,3422240,1042
5.747556581,3422642,402
5.749757182,3423700,1058
5.749757182,3424086,386
5.751868829,3425160,1074
5.751868829,3425530,370
5.754124042,3426620,1090
5.754124042,3426974,354
5.756379255,3428080,1106
5.756379255,3428418,338
5.758634468,3429540,1122
5.758634468,3429862,322
5.760977375,3431000,1138
5.760977375,3431306,306
5.763232588,3432460,1154
5.763232588,3432750,290
5.765487801,3433920,1170
5.765487801,3434194,274
5.767743014,3435380,1186
5.767743014,3435638,258
5.769998627,3436840,1202
5.769998627,3437082,242
5.772260748,3438300,1218
5.772260748,3438526,226
5.774515961,3439760,1234
5.774515961,3439970,210
5.776771174,3441220,1250
5.776771174,3441414,194
5.779114081,3442680,1266
5.779114081,3442858,178
5.781369294,3444140,1282
5.781369294,3444302,162
5.783624507,3445600,1298
5.783624507,3445746,146
5.785879720,3447060,1314
5.785879720,3447190,130
5.788134933,3448520,1330
5.788134933,3448634,114
5.790478240,3449980,1346
5.790478240,3450078,98
5.792740361,3451440,1362
5.792740361,3451522,82
5.794995574,3452900,1378
5.794995574,3452966,66
5.797250707,3454360,1394
5.797250707,3454410,50
5.799504459,3455820,1410
5.799504459,3455854,34
5.801758211,3457280,1426
5.801758211,3457298,18
5.804011963,3458740,1442
5.804011963,3458742,2
5.806265795,3460194,1452
5.808608702,3460200,6
5.808608702,3461639,1439
5.810863915,3461660,21
5.810863915,3463084,1424
5.813119528,3463120,36
5.813119528,3464529,1409
5.815381649,3464580,51
5.815381649,3465974,1394
5.817636862,3466040,66
5.817636862,3467418,1378
5.819979769,3467500,82
5.819979769,3468862,1362
5.822234982,3468960,98
5.822234982,3470306,1346
5.824490195,3470420,114
5.824490195,3471750,1330
5.826745408,3471880,130
5.826745408,3473194,1314
5.829000621,3473340,146
5.829000621,3474638,1298
5.831343528,3474800,162
5.831343528,3476082,1282
5.833599141,3476260,178
5.833599141,3477526,1266
5.835861262,3477720,194
5.835861262,3478970,1250
5.838116475,3479180,210
5.838116475,3480414,1234
5.840371688,3480640,226
5.840371688,3481858,1218
5.842626901,3482100,242
5.842626901,3483302,1202
5.844882114,3483560,258
5.844882114,3484746,1186
5.847137327,3485020,274
5.847137327,3486190,1170
5.849480234,3486480,290
5.849480234,3487634,1154
5.851735447,3487940,306
5.851735447,3489078,1138
5.854165101,3489400,322
5.854165101,3490522,1122
5.856595155,3490860,338
5.856595155,3491966,1106
5.859032283,3492320,354
5.859032283,3493410,1090
5.861556414,3493780,370
5.861556414,3494854,1074
5.863986068,3495240,386
5.863986068,3496298,1058
5.866415722,3496700,402
5.866415722,3497742,1042
5.868845376,3498160,418
5.868845376,3499186,1026
5.871275030,3499620,434
5.871275030,3500630,1010
5.873704684,3501080,450
5.873704684,3502074,994
5.876134338,3502540,466
5.876134338,3503518,978
5.878563992,3504000,482
5.878563992,3504962,962
5.881095997,3505460,498
5.881095997,3506406,946
5.883525651,3506920,514
5.883525651,3507850,930
5.885955305,3508380,530
5.885955305,3509294,914
5.888384959,3509840,546
5.888384959,3510738,898
5.890814613,3511300,562
5.890814613,3512182,882
5.893338744,3512760,578
5.893338744,3513626,866
5.895768398,3514220,594
5.895768398,3515070,850
5.898198052,3515680,610
5.898198052,3516514,834
5.900627706,3517140,626
5.900627706,3517958,818
5.903057760,3518600,642
5.903057760,3519402,802
5.905494888,3520060,658
5.905494888,3520846,786
5.907924542,3521520,674
5.907924542,3522290,770
5.910354196,3522980,690
5.910354196,3523734,754
5.912878327,3524440,706
5.912878327,3525178,738
5.915307981,3525900,722
5.915307981,3526622,722
5.917737635,3527360,738
5.917737635,3528066,706
5.920167289,3528820,754
5.920167289,3529510,690
5.922596943,3530280,770
5.922596943,3530954,674
5.925121474,3531740,786
5.925121474,3532398,658
5.927558602,3533200,802
5.927558602,3533842,642
5.929988256,3534660,818
5.929988256,3535286,626
5.932417910,3536120,834
5.932417910,3536730,610
5.934847564,3537580,850
5.934847564,3538174,594
5.937371695,3539040,866
5.937371695,3539618,578
5.939801349,3540500,882
5.939801349,3541062,562
5.942231003,3541960,898
5.942231003,3542506,546
5.944660657,3543420,914
5.944660657,3543950,530
5.947090311,3544880,930
5.947090311,3545394,514
5.949520365,3546340,946
5.949520365,3546838,498
5.951957493,3547800,962
5.951957493,3548282,482
5.954301094,3549260,978
5.954301094,3549726,466
5.956735826,3550720,994
5.956735826,3551170,450
5.959079427,3552180,1010
5.959079427,3552614,434
5.961423028,3553640,1026
5.961423028,3554058,418
5.963766629,3555100,1042
5.963766629,3555502,402
5.966110230,3556560,1058
5.966110230,3556946,386
5.968544962,3558020,1074
5.968544962,3558390,370
5.970888963,3559480,1090
5.970888963,3559834,354
5.973239758,3560940,1106
5.973239758,3561278,338
5.975583359,3562400,1122
5.975583359,3562722,322
5.977926960,3563860,1138
5.977926960,3564166,306
5.980270561,3565320,1154
5.980270561,3565610,290
5.982614162,3566780,1170
5.982614162,3567054,274
5.984957763,3568240,1186
5.984957763,3568498,258
5.987392495,3569700,1202
5.987392495,3569942,242
5.989736096,3571160,1218
5.989736096,3571386,226
5.992079697,3572620,1234
5.992079697,3572830,210
5.994423698,3574080,1250
5.994423698,3574274,194
5.996774493,3575540,1266
5.996774493,3575718,178
5.999209225,3577000,1282
5.999209225,3577162,162
6.001552826,3578460,1298
6.001552826,3578606,146
6.003896427,3579920,1314
6.003896427,3580050,130
6.006240028,3581380,1330
6.006240028,3581494,114
6.008583629,3582840,1346
6.008583629,3582938,98
6.010927230,3584300,1362
6.010927230,3584382,82
6.013270831,3585760,1378
6.013270831,3585826,66
6.015614352,3587220,1394
6.015614352,3587270,50
6.018055159,3588680,1410
6.018055159,3588714,34
6.020397241,3590140,1426
6.020397241,3590158,18
6.022739323,3591600,1442
6.022739323,3591602,2
6.025081485,3593054,1452
6.027425086,3593060,6
6.027425086,3594499,1439
6.029859818,3594520,21
6.029859818,3595944,1424
6.032203419,3595980,36
6.032203419,3597389,1409
6.034547020,3597440,51
6.034547020,3598834,1394
6.036890621,3598900,66
6.036890621,3600278,1378
6.039234622,3600360,82
6.039234622,3601722,1362
6.041676548,3601820,98
6.041676548,3603166,1346
6.044020149,3603280,114
6.044020149,3604610,1330
6.046363750,3604740,130
6.046363750,3606054,1314
6.048707351,3606200,146
6.048707351,3607498,1298
6.051050952,3607660,162
6.051050952,3608942,1282
6.053351404,3609120,178
6.053351404,3610386,1266
6.055651856,3610580,194
6.055651856,3611830,1250
6.057952308,3612040,210
6.057952308,3613274,1234
6.060252760,3613500,226
6.060252760,3614718,1218
6.062650120,3614960,242
6.062650120,3616162,1202
6.064950572,3616420,258
6.064950572,3617606,1186
6.067251024,3617880,274
6.067251024,3619050,1170
6.069551476,3619340,290
6.069551476,3620494,1154
6.071851928,3620800,306
6.071851928,3621938,1138
6.074241833,3622260,322
6.074241833,3623382,1122
6.076542285,3623720,338
6.076542285,3624826,1106
6.078842737,3625180,354
6.078842737,3626270,1090
6.081143189,3626640,370
6.081143189,3627714,1074
6.083444041,3628100,386
6.083444041,3629158,1058
6.085751548,3629560,402
6.085751548,3630602,1042
6.088052000,3631020,418
6.088052000,3632046,1026
6.090352452,3632480,434
6.090352452,3633490,1010
6.092742357,3633940,450
6.092742357,3634934,994
6.095042809,3635400,466
6.095042809,3636378,978
6.097343261,3636860,482
6.097343261,3637822,962
6.099643713,3638320,498
6.099643713,3639266,946
6.101944165,3639780,514
6.101944165,3640710,930
6.104334470,3641240,530
6.104334470,3642154,914
6.106641977,3642700,546
6.106641977,3643598,898
6.108942429,3644160,562
6.108942429,3645042,882
6.111242881,3645620,578
6.111242881,3646486,866
6.113543333,3647080,594
6.113543333,3647930,850
6.115933238,3648540,610
6.115933238,3649374,834
6.118233690,3650000,626
6.118233690,3650818,818
6.120534142,3651460,642
6.120534142,3652262,802
6.122834594,3652920,658
6.122834594,3653706,786
6.125135046,3654380,674
6.125135046,3655150,770
6.127435898,3655840,690
6.127435898,3656594,754
6.129743405,3657300,706
6.129743405,3658038,738
6.132043857,3658760,722
6.132043857,3659482,722
6.134433762,3660220,738
6.134433762,3660926,706
6.136734214,3661680,754
6.136734214,3662370,690
6.139034666,3663140,770
6.139034666,3663814,674
6.141335118,3664600,786
6.141335118,3665258,658
6.143635570,3666060,802
6.143635570,3666702,642
6.146025475,3667520,818
6.146025475,3668146,626
6.148326327,3668980,834
6.148326327,3669590,610
6.150633834,3670440,850
6.150633834,3671034,594
6.152779123,3671900,866
6.152779123,3672478,578
6.154924412,3673360,882
6.154924412,3673922,562
6.157069701,3674820,898
6.157069701,3675366,546
6.159214990,3676280,914
6.159214990,3676810,530
6.161360279,3677740,930
6.161360279,3678254,514
6.163588988,3679200,946
6.163588988,3679698,498
6.165734277,3680660,962
6.165734277,3681142,482
6.167879566,3682120,978
6.167879566,3682586,466
6.170025255,3683580,994
6.170025255,3684030,450
6.172177096,3685040,1010
6.172177096,3685474,434
6.174405805,3686500,1026
6.174405805,3686918,418
6.176551094,3687960,1042
6.176551094,3688362,402
6.178696383,3689420,1058
6.178696383,3689806,386
6.180841672,3690880,1074
6.180841672,3691250,370
6.182986961,3692340,1090
6.182986961,3692694,354
6.185132250,3693800,1106
6.185132250,3694138,338
6.187277539,3695260,1122
6.187277539,3695582,322
6.189422828,3696720,1138
6.189422828,3697026,306
6.191658488,3698180,1154
6.191658488,3698470,290
6.193803777,3699640,1170
6.193803777,3699914,274
6.195949066,3701100,1186
6.195949066,3701358,258
6.198094355,3702560,1202
6.198094355,3702802,242
6.200239644,3704020,1218
6.200239644,3704246,226
6.202468353,3705480,1234
6.202468353,3705690,210
6.204613642,3706940,1250
6.204613642,3707134,194
6.206758931,3708400,1266
6.206758931,3708578,178
6.208904220,3709860,1282
6.208904220,3710022,162
6.211049909,3711320,1298
6.211049909,3711466,146
6.213285170,3712780,1314
6.213285170,3712910,130
6.215430459,3714240,1330
6.215430459,3714354,114
6.217575748,3715700,1346
6.217575748,3715798,98
6.219721037,3717160,1362
6.219721037,3717242,82
6.221866326,3718620,1378
6.221866326,3718686,66
6.224011535,3720080,1394
6.224011535,3720130,50
6.226155434,3721540,1410
6.226155434,3721574,34
6.228299333,3723000,1426
6.228299333,3723018,18
6.230527052,3724460,1442
6.230527052,3724462,2
6.232677583,3725914,1452
6.234822872,3725920,6
6.234822872,3727359,1439
6.236968161,3727380,21
6.236968161,3728804,1424
6.239113450,3728840,36
6.239113450,3730249,1409
6.241342159,3730300,51
6.241342159,3731694,1394
6.243487448,3731760,66
6.243487448,3733138,1378
6.245632737,3733220,82
6.245632737,3734582,1362
6.247778026,3734680,98
6.247778026,3736026,1346
6.249923315,3736140,114
6.249923315,3737470,1330
6.252069004,3737600,130
6.252069004,3738914,1314
6.254305836,3739060,146
6.254305836,3740358,1298
6.256535841,3740520,162
6.256535841,3741802,1282
6.258852560,3741980,178
6.258852560,3743246,1266
6.261082565,3743440,194
6.261082565,3744690,1250
6.263312570,3744900,210
6.263312570,3746134,1234
6.265542575,3746360,226
6.265542575,3747578,1218
6.267772580,3747820,242
6.267772580,3749022,1202
6.270089299,3749280,258
6.270089299,3750466,1186
6.272319704,3750740,274
6.272319704,3751910,1170
6.274556536,3752200,290
6.274556536,3753354,1154
6.276786541,3753660,306
6.276786541,3754798,1138
6.279016546,3755120,322
6.279016546,3756242,1122
6.281246551,3756580,338
6.281246551,3757686,1106
6.283476556,3758040,354
6.283476556,3759130,1090
6.285706561,3759500,370
6.285706561,3760574,1074
6.288023280,3760960,386
6.288023280,3762018,1058
6.290253285,3762420,402
6.290253285,3763462,1042
6.292483290,3763880,418
6.292483290,3764906,1026
6.294713695,3765340,434
6.294713695,3766350,1010
6.296950527,3766800,450
6.296950527,3767794,994
6.299267246,3768260,466
6.299267246,3769238,978
6.301497251,3769720,482
6.301497251,3770682,962
6.303727256,3771180,498
6.303727256,3772126,946
6.305957261,3772640,514
6.305957261,3773570,930
6.308187266,3774100,530
6.308187266,3775014,914
6.310503985,3775560,546
6.310503985,3776458,898
6.312733990,3777020,562
6.312733990,3777902,882
6.314964395,3778480,578
6.314964395,3779346,866
6.317201227,3779940,594
6.317201227,3780790,850
6.319431232,3781400,610
6.319431232,3782234,834
6.321661237,3782860,626
6.321661237,3783678,818
6.323891242,3784320,642
6.323891242,3785122,802
6.326121247,3785780,658
6.326121247,3786566,786
6.328437966,3787240,674
6.328437966,3788010,770
6.330667971,3788700,690
6.330667971,3789454,754
6.332897976,3790160,706
6.332897976,3790898,738
6.335127981,3791620,722
6.335127981,3792342,722
6.337358386,3793080,738
6.337358386,3793786,706
6.339681932,3794540,754
6.339681932,3795230,690
6.341911937,3796000,770
6.341911937,3796674,674
6.344141942,3797460,786
6.344141942,3798118,658
6.346371947,3798920,802
6.346371947,3799562,642
6.348601952,3800380,818
6.348601952,3801006,626
6.350831957,3801840,834
6.350831957,3802450,610
6.353076967,3803300,850
6.353076967,3803894,594
6.355321977,3804760,866
6.355321977,3805338,578
6.357654684,3806220,882
6.357654684,3806782,562
6.359906569,3807680,898
6.359906569,3808226,546
6.362151579,3809140,914
6.362151579,3809670,530
6.364396589,3810600,930
6.364396589,3811114,514
6.366641599,3812060,946
6.366641599,3812558,498
6.368973906,3813520,962
6.368973906,3814002,482
6.371218916,3814980,978
6.371218916,3815446,466
6.373463926,3816440,994
6.373463926,3816890,450
6.375708936,3817900,1010
6.375708936,3818334,434
6.377953946,3819360,1026
6.377953946,3819778,418
6.380199356,3820820,1042
6.380199356,3821222,402
6.382451241,3822280,1058
6.382451241,3822666,386
6.384696251,3823740,1074
6.384696251,3824110,370
6.387028558,3825200,1090
6.387028558,3825554,354
6.389273568,3826660,1106
6.389273568,3826998,338
6.391518578,3828120,1122
6.391518578,3828442,322
6.393763588,3829580,1138
6.393763588,3829886,306
6.396008598,3831040,1154
6.396008598,3831330,290
6.398340905,3832500,1170
6.398340905,3832774,274
6.400586315,3833960,1186
6.400586315,3834218,258
6.402838200,3835420,1202
6.402838200,3835662,242
6.405083210,3836880,1218
6.405083210,3837106,226
6.407328220,3838340,1234
6.407328220,3838550,210
6.409660527,3839800,1250
6.409660527,3839994,194
6.411905537,3841260,1266
6.411905537,3841438,178
6.414150547,3842720,1282
6.414150547,3842882,162
6.416395557,3844180,1298
6.416395557,3844326,146
6.418640567,3845640,1314
6.418640567,3845770,130
6.420885577,3847100,1330
6.420885577,3847214,114
6.423130987,3848560,1346
6.423130987,3848658,98
6.425382872,3850020,1362
6.425382872,3850102,82
6.427715179,3851480,1378
6.427715179,3851546,66
6.429960109,3852940,1394
6.429960109,3852990,50
6.432203664,3854400,1410
6.432203664,3854434,34
6.434447219,3855860,1426
6.434447219,3855878,18
6.436690774,3857320,1442
6.436690774,3857322,2
6.439021706,3858774,1452
6.441266716,3858780,6
6.441266716,3860219,1439
6.443512126,3860240,21
6.443512126,3861664,1424
6.445764011,3861700,36
6.445764011,3863109,1409
6.448009021,3863160,51
6.448009021,3864554,1394
6.450254031,3864620,66
6.450254031,3865998,1378
6.452502361,3866080,82
6.452502361,3867442,1362
6.454750691,3867540,98
6.454750691,3868886,1346
6.457086448,3869000,114
6.457086448,3870330,1330
6.459334778,3870460,130
6.459334778,3871774,1314
6.461583108,3871920,146
6.461583108,3873218,1298
6.463831438,3873380,162
6.463831438,3874662,1282
6.466080168,3874840,178
6.466080168,3876106,1266
6.468422811,3876300,194
6.468422811,3877550,1250
6.470671141,3877760,210
6.470671141,3878994,1234
6.472919471,3879220,226
6.472919471,3880438,1218
6.475167801,3880680,242
6.475167801,3881882,1202
6.477416131,3882140,258
6.477416131,3883326,1186
6.479664461,3883600,274
6.479664461,3884770,1170
6.481912791,3885060,290
6.481912791,3886214,1154
6.484161121,3886520,306
6.484161121,3887658,1138
6.486497278,3887980,322
6.486497278,3889102,1122
6.488752494,3889440,338
6.488752494,3890546,1106
6.491000824,3890900,354
6.491000824,3891990,1090
6.493249154,3892360,370
6.493249154,3893434,1074
6.495497484,3893820,386
6.495497484,3894878,1058
6.497833241,3895280,402
6.497833241,3896322,1042
6.500081571,3896740,418
6.500081571,3897766,1026
6.502329901,3898200,434
6.502329901,3899210,1010
6.504578231,3899660,450
6.504578231,3900654,994
6.506826561,3901120,466
6.506826561,3902098,978
6.509169603,3902580,482
6.509169603,3903542,962
6.511417933,3904040,498
6.511417933,3904986,946
6.513666263,3905500,514
6.513666263,3906430,930
6.515914593,3906960,530
6.515914593,3907874,914
6.518162923,3908420,546
6.518162923,3909318,898
6.520411253,3909880,562
6.520411253,3910762,882
6.522659583,3911340,578
6.522659583,3912206,866
6.524907913,3912800,594
6.524907913,3913650,850
6.527243670,3914260,610
6.527243670,3915094,834
6.529492400,3915720,626
6.529492400,3916538,818
6.531747616,3917180,642
6.531747616,3917982,802
6.533995946,3918640,658
6.533995946,3919426,786
6.536244276,3920100,674
6.536244276,3920870,770
6.538580033,3921560,690
6.538580033,3922314,754
6.540828363,3923020,706
6.540828363,3923758,738
6.543076693,3924480,722
6.543076693,3925202,722
6.545325023,3925940,738
6.545325023,3926646,706
6.547573353,3927400,754
6.547573353,3928090,690
6.549821683,3928860,770
6.549821683,3929534,674
6.552070413,3930320,786
6.552070413,3930978,658
6.554152396,3931780,802
6.554152396,3932422,642
6.556228053,3933240,818
6.556228053,3933866,626
6.558384422,3934700,834
6.558384422,3935310,610
6.560460079,3936160,850
6.560460079,3936754,594
6.562535736,3937620,866
6.562535736,3938198,578
6.564611393,3939080,882
6.564611393,3939642,562
6.566687050,3940540,898
6.566687050,3941086,546
6.568843419,3942000,914
6.568843419,3942530,530
6.570919476,3943460,930
6.570919476,3943974,514
6.573001459,3944920,946
6.573001459,3945418,498
6.575077116,3946380,962
6.575077116,3946862,482
6.577152773,3947840,978
6.577152773,3948306,466
6.579309142,3949300,994
6.579309142,3949750,450
6.581384799,3950760,1010
6.581384799,3951194,434
6.583460456,3952220,1026
6.583460456,3952638,418
6.585536113,3953680,1042
6.585536113,3954082,402
6.587611770,3955140,1058
6.587611770,3955526,386
6.589687427,3956600,1074
6.589687427,3956970,370
6.591763484,3958060,1090
6.591763484,3958414,354
6.593845467,3959520,1106
6.593845467,3959858,338
6.596001836,3960980,1122
6.596001836,3961302,322
6.598077493,3962440,1138
6.598077493,3962746,306
6.600153150,3963900,1154
6.600153150,3964190,290
6.602228807,3965360,1170
6.602228807,3965634,274
6.604304464,3966820,1186
6.604304464,3967078,258
6.606460833,3968280,1202
6.606460833,3968522,242
6.608536490,3969740,1218
6.608536490,3969966,226
6.610612547,3971200,1234
6.610612547,3971410,210
6.612694530,3972660,1250
6.612694530,3972854,194
6.614770187,3974120,1266
6.614770187,3974298,178
6.616845844,3975580,1282
6.616845844,3975742,162
6.618921501,3977040,1298
6.618921501,3977186,146
6.620997158,3978500,1314
6.620997158,3978630,130
6.623153527,3979960,1330
6.623153527,3980074,114
6.625229184,3981420,1346
6.625229184,3981518,98
6.627304841,3982880,1362
6.627304841,3982962,82
6.629380498,3984340,1378
6.629380498,3984406,66
6.631456475,3985800,1394
6.631456475,3985850,50
6.633617825,3987260,1410
6.633617825,3987294,34
6.635692137,3988720,1426
6.635692137,3988738,18
6.637766449,3990180,1442
6.637766449,3990182,2
6.639840841,3991634,1452
6.641916498,3991640,6
6.641916498,3993079,1439
6.643992155,3993100,21
6.643992155,3994524,1424
6.646067812,3994560,36
6.646067812,3995969,1409
6.648143469,3996020,51
6.648143469,3997414,1394
6.650300238,3997480,66
6.650300238,3998858,1378
6.652372502,3998940,82
6.652372502,4000302,1362
6.654438472,4000400,98
6.654438472,4001746,1346
6.656504442,4001860,114
6.656504442,4003190,1330
6.658570412,4003320,130
6.658570412,4004634,1314
6.660716717,4004780,146
6.660716717,4006078,1298
6.662782687,4006240,162
6.662782687,4007522,1282
6.664848657,4007700,178
6.664848657,4008966,1266
6.666914627,4009160,194
6.666914627,4010410,1250
6.668980597,4010620,210
6.668980597,4011854,1234
6.671133597,4012080,226
6.671133597,4013298,1218
6.673199567,4013540,242
6.673199567,4014742,1202
6.675265537,4015000,258
6.675265537,4016186,1186
6.677331507,4016460,274
6.677331507,4017630,1170
6.679397477,4017920,290
6.679397477,4019074,1154
6.681463447,4019380,306
6.681463447,4020518,1138
6.683529417,4020840,322
6.683529417,4021962,1122
6.685595387,4022300,338
6.685595387,4023406,1106
6.687741692,4023760,354
6.687741692,4024850,1090
6.689808062,4025220,370
6.689808062,4026294,1074
6.691880326,4026680,386
6.691880326,4027738,1058
6.693946296,4028140,402
6.693946296,4029182,1042
6.696012266,4029600,418
6.696012266,4030626,1026
6.698158571,4031060,434
6.698158571,4032070,1010
6.700224541,4032520,450
6.700224541,4033514,994
6.702290511,4033980,466
6.702290511,4034958,978
6.704356481,4035440,482
6.704356481,4036402,962
6.706422451,4036900,498
6.706422451,4037846,946
6.708488421,4038360,514
6.708488421,4039290,930
6.710554791,4039820,530
6.710554791,4040734,914
6.712627055,4041280,546
6.712627055,4042178,898
6.714773360,4042740,562
6.714773360,4043622,882
6.716839330,4044200,578
6.716839330,4045066,866
6.718905300,4045660,594
6.718905300,4046510,850
6.720971270,4047120,610
6.720971270,4047954,834
6.723037240,4048580,626
6.723037240,4049398,818
6.725183545,4050040,642
6.725183545,4050842,802
6.727249515,4051500,658
6.727249515,4052286,786
6.729315885,4052960,674
6.729315885,4053730,770
6.731388149,4054420,690
6.731388149,4055174,754
6.733454119,4055880,706
6.733454119,4056618,738
6.735520089,4057340,722
6.735520089,4058062,722
6.737586059,4058800,738
6.737586059,4059506,706
6.739652029,4060260,754
6.739652029,4060950,690
6.741798334,4061720,770
6.741798334,4062394,674
6.743864304,4063180,786
6.743864304,4063838,658
6.745930274,4064640,802
6.745930274,4065282,642
6.747996244,4066100,818
6.747996244,4066726,626
6.750062614,4067560,834
6.750062614,4068170,610
6.752611072,4069020,850
6.752611072,4069614,594
6.755068085,4070480,866
6.755068085,4071058,578
6.757525098,4071940,882
6.757525098,4072502,562
6.759982111,4073400,898
6.759982111,4073946,546
6.762439124,4074860,914
6.762439124,4075390,530
6.764991678,4076320,930
6.764991678,4076834,514
6.767448691,4077780,946
6.767448691,4078278,498
6.769905704,4079240,962
6.769905704,4079722,482
6.772363117,4080700,978
6.772363117,4081166,466
6.774827692,4082160,994
6.774827692,4082610,450
6.777284705,4083620,1010
6.777284705,4084054,434
6.779741718,4085080,1026
6.779741718,4085498,418
6.782198731,4086540,1042
6.782198731,4086942,402
6.784751285,4088000,1058
6.784751285,4088386,386
6.787208298,4089460,1074
6.787208298,4089830,370
6.789665311,4090920,1090
6.789665311,4091274,354
6.792122324,4092380,1106
6.792122324,4092718,338
6.794579337,4093840,1122
6.794579337,4094162,322
6.797139853,4095300,1138
6.797139853,4095606,306
6.799596866,4096760,1154
6.799596866,4097050,290
6.802053879,4098220,1170
6.802053879,4098494,274
6.804510892,4099680,1186
6.804510892,4099938,258
6.806967905,4101140,1202
6.806967905,4101382,242
6.809424918,4102600,1218
6.809424918,4102826,226
6.811881931,4104060,1234
6.811881931,4104270,210
6.814338944,4105520,1250
6.814338944,4105714,194
6.816891498,4106980,1266
6.816891498,4107158,178
6.819348911,4108440,1282
6.819348911,4108602,162
6.821813486,4109900,1298
6.821813486,4110046,146
6.824270499,4111360,1314
6.824270499,4111490,130
6.826727512,4112820,1330
6.826727512,4112934,114
6.829280066,4114280,1346
6.829280066,4114378,98
6.831737079,4115740,1362
6.831737079,4115822,82
6.834194092,4117200,1378
6.834194092,4117266,66
6.836651025,4118660,1394
6.836651025,4118710,50
6.839106446,4120120,1410
6.839106446,4120154,34
6.841561867,4121580,1426
6.841561867,4121598,18
6.844017688,4123040,1442
6.844017688,4123042,2
6.846480751,4124494,1452
6.849033305,4124500,6
6.849033305,4125939,1439
6.851490318,4125960,21
6.851490318,4127384,1424
6.853632055,4127420,36
6.853632055,4128829,1409
6.855773792,4128880,51
6.855773792,4130274,1394
6.857915529,4130340,66
6.857915529,4131718,1378
6.860140548,4131800,82
6.860140548,4133162,1362
6.862282285,4133260,98
6.862282285,4134606,1346
6.864424422,4134720,114
6.864424422,4136050,1330
6.866572699,4136180,130
6.866572699,4137494,1314
6.868714436,4137640,146
6.868714436,4138938,1298
6.870939455,4139100,162
6.870939455,4140382,1282
6.873081192,4140560,178
6.873081192,4141826,1266
6.875222929,4142020,194
6.875222929,4143270,1250
6.877364666,4143480,210
6.877364666,4144714,1234
6.879506403,4144940,226
6.879506403,4146158,1218
6.881648140,4146400,242
6.881648140,4147602,1202
6.883789877,4147860,258
6.883789877,4149046,1186
6.885932014,4149320,274
6.885932014,4150490,1170
6.888163573,4150780,290
6.888163573,4151934,1154
6.890305310,4152240,306
6.890305310,4153378,1138
6.892447047,4153700,322
6.892447047,4154822,1122
6.894588784,4155160,338
6.894588784,4156266,1106
6.896730521,4156620,354
6.896730521,4157710,1090
6.898955540,4158080,370
6.898955540,4159154,1074
6.901097277,4159540,386
6.901097277,4160598,1058
6.903239014,4161000,402
6.903239014,4162042,1042
6.905381151,4162460,418
6.905381151,4163486,1026
6.907529428,4163920,434
6.907529428,4164930,1010
6.909671165,4165380,450
6.909671165,4166374,994
6.911812902,4166840,466
6.911812902,4167818,978
6.913954639,4168300,482
6.913954639,4169262,962
6.916179658,4169760,498
6.916179658,4170706,946
6.918321395,4171220,514
6.918321395,4172150,930
6.920463132,4172680,530
6.920463132,4173594,914
6.922604869,4174140,546
6.922604869,4175038,898
6.924746606,4175600,562
6.924746606,4176482,882
6.926978565,4177060,578
6.926978565,4177926,866
6.929120302,4178520,594
6.929120302,4179370,850
6.931262039,4179980,610
6.931262039,4180814,834
6.933403776,4181440,626
6.933403776,4182258,818
6.935545513,4182900,642
6.935545513,4183702,802
6.937770532,4184360,658
6.937770532,4185146,786
6.939912269,4185820,674
6.939912269,4186590,770
6.942054006,4187280,690
6.942054006,4188034,754
6.944195743,4188740,706
6.944195743,4189478,738
6.946337880,4190200,722
6.946337880,4190922,722
6.948486157,4191660,738
6.948486157,4192366,706
6.950627894,4193120,754
6.950627894,4193810,690
6.952710163,4194580,770
6.952710163,4195254,674
6.954873401,4196040,786
6.954873401,4196698,658
6.956955670,4197500,802
6.956955670,4198142,642
6.959037939,4198960,818
6.959037939,4199586,626
6.961120208,4200420,834
6.961120208,4201030,610
6.963202477,4201880,850
6.963202477,4202474,594
6.965366115,4203340,866
6.965366115,4203918,578
6.967454731,4204800,882
6.967454731,4205362,562
6.969537000,4206260,898
6.969537000,4206806,546
6.971619269,4207720,914
6.971619269,4208250,530
6.973701538,4209180,930
6.973701538,4209694,514
6.975783807,4210640,946
6.975783807,4211138,498
6.977866076,4212100,962
6.977866076,4212582,482
6.979948345,4213560,978
6.979948345,4214026,466
6.982111583,4215020,994
6.982111583,4215470,450
6.984193852,4216480,1010
6.984193852,4216914,434
6.986276521,4217940,1026
6.986276521,4218358,418
6.988365137,4219400,1042
6.988365137,4219802,402
6.990447406,4220860,1058
6.990447406,4221246,386
6.992610644,4222320,1074
6.992610644,4222690,370
6.994692913,4223780,1090
6.994692913,4224134,354
6.996775182,4225240,1106
6.996775182,4225578,338
6.998857451,4226700,1122
6.998857451,4227022,322
7.000939720,4228160,1138
7.000939720,4228466,306
7.003021989,4229620,1154
7.003021989,4229910,290
7.005104258,4231080,1170
7.005104258,4231354,274
7.007186927,4232540,1186
7.007186927,4232798,258
7.009356512,4234000,1202
7.009356512,4234242,242
7.011438781,4235460,1218
7.011438781,4235686,226
7.013521050,4236920,1234
7.013521050,4237130,210
7.015603319,4238380,1250
7.015603319,4238574,194
7.017685588,4239840,1266
7.017685588,4240018,178
7.019767857,4241300,1282
7.019767857,4241462,162
7.021931095,4242760,1298
7.021931095,4242906,146
7.024013364,4244220,1314
7.024013364,4244350,130
7.026096033,4245680,1330
7.026096033,4245794,114
7.028184649,4247140,1346
7.028184649,4247238,98
7.030266918,4248600,1362
7.030266918,4248682,82
7.032430156,4250060,1378
7.032430156,4250126,66
7.034512345,4251520,1394
7.034512345,4251570,50
7.036593264,4252980,1410
7.036593264,4253014,34
7.038674183,4254440,1426
7.038674183,4254458,18
7.040755102,4255900,1442
7.040755102,4255902,2
7.042836101,4257354,1452
7.044918370,4257360,6
7.044918370,4258799,1439
7.047001039,4258820,21
7.047001039,4260244,1424
7.049170624,4260280,36
7.049170624,4261689,1409
7.051252893,4261740,51
7.051252893,4263134,1394
7.053389381,4263200,66
7.053389381,4264578,1378
7.055525869,4264660,82
7.055525869,4266022,1362
7.057662357,4266120,98
7.057662357,4267466,1346
7.059881923,4267580,114
7.059881923,4268910,1330
7.062018411,4269040,130
7.062018411,4270354,1314
7.064154899,4270500,146
7.064154899,4271798,1298
7.066291787,4271960,162
7.066291787,4273242,1282
7.068434799,4273420,178
7.068434799,4274686,1266
7.070571287,4274880,194
7.070571287,4276130,1250
7.072707775,4276340,210
7.072707775,4277574,1234
7.074844263,4277800,226
7.074844263,4279018,1218
7.077063829,4279260,242
7.077063829,4280462,1202
7.079200317,4280720,258
7.079200317,4281906,1186
7.081336805,4282180,274
7.081336805,4283350,1170
7.083473293,4283640,290
7.083473293,4284794,1154
7.085609781,4285100,306
7.085609781,4286238,1138
7.087836270,4286560,322
7.087836270,4287682,1122
7.089972758,4288020,338
7.089972758,4289126,1106
7.092109246,4289480,354
7.092109246,4290570,1090
7.094245734,4290940,370
7.094245734,4292014,1074
7.096382222,4292400,386
7.096382222,4293458,1058
7.098518710,4293860,402
7.098518710,4294902,1042
7.100655198,4295320,418
7.100655198,4296346,1026
7.102791686,4296780,434
7.102791686,4297790,1010
7.105011252,4298240,450
7.105011252,4299234,994
7.107148140,4299700,466
7.107148140,4300678,978
7.109291152,4301160,482
7.109291152,4302122,962
7.111427640,4302620,498
7.111427640,4303566,946
7.113564128,4304080,514
7.113564128,4305010,930
7.115783694,4305540,530
7.115783694,4306454,914
7.117920182,4307000,546
7.117920182,4307898,898
7.120056670,4308460,562
7.120056670,4309342,882
7.122193158,4309920,578
7.122193158,4310786,866
7.124329646,4311380,594
7.124329646,4312230,850
7.126549612,4312840,610
7.126549612,4313674,834
7.128692624,4314300,626
7.128692624,4315118,818
7.130829112,4315760,642
7.130829112,4316562,802
7.132965600,4317220,658
7.132965600,4318006,786
7.135102088,4318680,674
7.135102088,4319450,770
7.137238576,4320140,690
7.137238576,4320894,754
7.139375064,4321600,706
7.139375064,4322338,738
7.141511552,4323060,722
7.141511552,4323782,722
7.143731118,4324520,738
7.143731118,4325226,706
7.145867606,4325980,754
7.145867606,4326670,690
7.148004494,4327440,770
7.148004494,4328114,674
7.150147506,4328900,786
7.150147506,4329558,658
7.152257428,4330360,802
7.152257428,4331002,642
7.154449394,4331820,818
7.154449394,4332446,626
7.156559316,4333280,834
7.156559316,4333890,610
7.158669238,4334740,850
7.158669238,4335334,594
7.160779160,4336200,866
7.160779160,4336778,578
7.162889082,4337660,882
7.162889082,4338222,562
7.164999004,4339120,898
7.164999004,4339666,546
7.167108926,4340580,914
7.167108926,4341110,530
7.169219248,4342040,930
7.169219248,4342554,514
7.171417651,4343500,946
7.171417651,4343998,498
7.173527573,4344960,962
7.173527573,4345442,482
7.175637495,4346420,978
7.175637495,4346886,466
7.177747417,4347880,994
7.177747417,4348330,450
7.179857339,4349340,1010
7.179857339,4349774,434
7.182049305,4350800,1026
7.182049305,4351218,418
7.184159227,4352260,1042
7.184159227,4352662,402
7.186269149,4353720,1058
7.186269149,4354106,386
7.188379471,4355180,1074
7.188379471,4355550,370
7.190495830,4356640,1090
7.190495830,4356994,354
7.192605752,4358100,1106
7.192605752,4358438,338
7.194715674,4359560,1122
7.194715674,4359882,322
7.196825596,4361020,1138
7.196825596,4361326,306
7.199017562,4362480,1154
7.199017562,4362770,290
7.201127484,4363940,1170
7.201127484,4364214,274
7.203237406,4365400,1186
7.203237406,4365658,258
7.205347328,4366860,1202
7.205347328,4367102,242
7.207457250,4368320,1218
7.207457250,4368546,226
7.209656054,4369780,1234
7.209656054,4369990,210
7.211765976,4371240,1250
7.211765976,4371434,194
7.213875898,4372700,1266
7.213875898,4372878,178
7.215985820,4374160,1282
7.215985820,4374322,162
7.218095742,4375620,1298
7.218095742,4375766,146
7.220205664,4377080,1314
7.220205664,4377210,130
7.222397630,4378540,1330
7.222397630,4378654,114
7.224507552,4380000,1346
7.224507552,4380098,98
7.226617474,4381460,1362
7.226617474,4381542,82
7.228727796,4382920,1378
7.228727796,4382986,66
7.230844075,4384380,1394
7.230844075,4384430,50
7.232952629,4385840,1410
7.232952629,4385874,34
7.235061183,4387300,1426
7.235061183,4387318,18
7.237251781,4388760,1442
7.237251781,4388762,2
7.239360415,4390214,1452
7.241470337,4390220,6
7.241470337,4391659,1439
7.243580259,4391680,21
7.243580259,4393104,1424
7.245690181,4393140,36
7.245690181,4394549,1409
7.247800103,4394600,51
7.247800103,4395994,1394
7.249998907,4396060,66
7.249998907,4397438,1378
7.252108829,4397520,82
7.252108829,4398882,1362
7.254386145,4398980,98
7.254386145,4400326,1346
7.256663461,4400440,114
7.256663461,4401770,1330
7.258940777,4401900,130
7.258940777,4403214,1314
7.261218093,4403360,146
7.261218093,4404658,1298
7.263495409,4404820,162
7.263495409,4406102,1282
7.265861279,4406280,178
7.265861279,4407546,1266
7.268138595,4407740,194
7.268138595,4408990,1250
7.270416311,4409200,210
7.270416311,4410434,1234
7.272700607,4410660,226
7.272700607,4411878,1218
7.274977923,4412120,242
7.274977923,4413322,1202
7.277255239,4413580,258
7.277255239,4414766,1186
7.279621109,4415040,274
7.279621109,4416210,1170
7.281898425,4416500,290
7.281898425,4417654,1154
7.284175741,4417960,306
7.284175741,4419098,1138
7.286453057,4419420,322
7.286453057,4420542,1122
7.288730373,4420880,338
7.288730373,4421986,1106
7.291007689,4422340,354
7.291007689,4423430,1090
7.293285405,4423800,370
7.293285405,4424874,1074
7.295658255,4425260,386
7.295658255,4426318,1058
7.297935571,4426720,402
7.297935571,4427762,1042
7.300212887,4428180,418
7.300212887,4429206,1026
7.302490203,4429640,434
7.302490203,4430650,1010
7.304767519,4431100,450
7.304767519,4432094,994
7.307133389,4432560,466
7.307133389,4433538,978
7.309410705,4434020,482
7.309410705,4434982,962
7.311688021,4435480,498
7.311688021,4436426,946
7.313965737,4436940,514
7.313965737,4437870,930
7.316250033,4438400,530
7.316250033,4439314,914
7.318527349,4439860,546
7.318527349,4440758,898
7.320893219,4441320,562
7.320893219,4442202,882
7.323170535,4442780,578
7.323170535,4443646,866
7.325447851,4444240,594
7.325447851,4445090,850
7.327725167,4445700,610
7.327725167,4446534,834
7.330002483,4447160,626
7.330002483,4447978,818
7.332279799,4448620,642
7.332279799,4449422,802
7.334557115,4450080,658
7.334557115,4450866,786
7.336930364,4451540,674
7.336930364,4452310,770
7.339207680,4453000,690
7.339207680,4453754,754
7.341484996,4454460,706
7.341484996,4455198,738
7.343762312,4455920,722
7.343762312,4456642,722
7.346039628,4457380,738
7.346039628,4458086,706
7.348316944,4458840,754
7.348316944,4459530,690
7.350682814,4460300,770
7.350682814,4460974,674
7.353023800,4461760,786
7.353023800,4462418,658
7.355364786,4463220,802
7.355364786,4463862,642
7.357706172,4464680,818
7.357706172,4465306,626
7.360054344,4466140,834
7.360054344,4466750,610
7.362395330,4467600,850
7.362395330,4468194,594
7.364736316,4469060,866
7.364736316,4469638,578
7.367168331,4470520,882
7.367168331,4471082,562
7.369509317,4471980,898
7.369509317,4472526,546
7.371850303,4473440,914
7.371850303,4473970,530
7.374191289,4474900,930
7.374191289,4475414,514
7.376532275,4476360,946
7.376532275,4476858,498
7.378873261,4477820,962
7.378873261,4478302,482
7.381312862,4479280,978
7.381312862,4479746,466
7.383653848,4480740,994
7.383653848,4481190,450
7.385994834,4482200,1010
7.385994834,4482634,434
7.388335820,4483660,1026
7.388335820,4484078,418
7.390676806,4485120,1042
7.390676806,4485522,402
7.393108821,4486580,1058
7.393108821,4486966,386
7.395449807,4488040,1074
7.395449807,4488410,370
7.397790793,4489500,1090
7.397790793,4489854,354
7.400131779,4490960,1106
7.400131779,4491298,338
7.402473165,4492420,1122
7.402473165,4492742,322
7.404821337,4493880,1138
7.404821337,4494186,306
7.407162323,4495340,1154
7.407162323,4495630,290
7.409594338,4496800,1170
7.409594338,4497074,274
7.411935324,4498260,1186
7.411935324,4498518,258
7.414276310,4499720,1202
7.414276310,4499962,242
7.416617296,4501180,1218
7.416617296,4501406,226
7.418958282,4502640,1234
7.418958282,4502850,210
7.421299268,4504100,1250
7.421299268,4504294,194
7.423731683,4505560,1266
7.423731683,4505738,178
7.426079855,4507020,1282
7.426079855,4507182,162
7.428420841,4508480,1298
7.428420841,4508626,146
7.430761827,4509940,1314
7.430761827,4510070,130
7.433102813,4511400,1330
7.433102813,4511514,114
7.435443799,4512860,1346
7.435443799,4512958,98
7.437784785,4514320,1362
7.437784785,4514402,82
7.440216800,4515780,1378
7.440216800,4515846,66
7.442557706,4517240,1394
7.442557706,4517290,50
7.444897175,4518700,1410
7.444897175,4518734,34
7.447237044,4520160,1426
7.447237044,4520178,18
7.449583699,4521620,1442
7.449583699,4521622,2
7.451923248,4523074,1452
7.454358206,4523080,6
7.454358206,4524519,1439
7.456702024,4524540,21
7.456702024,4525964,1424
7.459045842,4526000,36
7.459045842,4527409,1409
7.461389660,4527460,51
7.461389660,4528854,1394
7.463733478,4528920,66
7.463733478,4530298,1378
7.466077296,4530380,82
7.466077296,4531742,1362
7.468421114,4531840,98
7.468421114,4533186,1346
7.470863667,4533300,114
7.470863667,4534630,1330
7.473207485,4534760,130
7.473207485,4536074,1314
7.475551303,4536220,146
7.475551303,4537518,1298
7.477895121,4537680,162
7.477895121,4538962,1282
7.480238939,4539140,178
7.480238939,4540406,1266
7.482582757,4540600,194
7.482582757,4541850,1250
7.485017715,4542060,210
7.485017715,4543294,1234
7.487361533,4543520,226
7.487361533,4544738,1218
7.489705351,4544980,242
7.489705351,4546182,1202
7.492049569,4546440,258
7.492049569,4547626,1186
7.494400582,4547900,274
7.494400582,4549070,1170
7.496835540,4549360,290
7.496835540,4550514,1154
7.499179358,4550820,306
7.499179358,4551958,1138
7.501523176,4552280,322
7.501523176,4553402,1122
7.503866994,4553740,338
7.503866994,4554846,1106
7.506210812,4555200,354
7.506210812,4556290,1090
7.508554630,4556660,370
7.508554630,4557734,1074
7.510898448,4558120,386
7.510898448,4559178,1058
7.513242266,4559580,402
7.513242266,4560622,1042
7.515684819,4561040,418
7.515684819,4562066,1026
7.518028637,4562500,434
7.518028637,4563510,1010
7.520372455,4563960,450
7.520372455,4564954,994
7.522716273,4565420,466
7.522716273,4566398,978
7.525060091,4566880,482
7.525060091,4567842,962
7.527403909,4568340,498
7.527403909,4569286,946
7.529838867,4569800,514
7.529838867,4570730,930
7.532182685,4571260,530
7.532182685,4572174,914
7.534526503,4572720,546
7.534526503,4573618,898
7.536870721,4574180,562
7.536870721,4575062,882
7.539221734,4575640,578
7.539221734,4576506,866
7.541565552,4577100,594
7.541565552,4577950,850
7.543909370,4578560,610
7.543909370,4579394,834
7.546344328,4580020,626
7.546344328,4580838,818
7.548688146,4581480,642
7.548688146,4582282,802
7.551031964,4582940,658
7.551031964,4583726,786
7.553302696,4584400,674
7.553302696,4585170,770
7.555573428,4585860,690
7.555573428,4586614,754
7.557844160,4587320,706
7.557844160,4588058,738
7.560210548,4588780,722
7.560210548,4589502,722
7.562481280,4590240,738
7.562481280,4590946,706
7.564752012,4591700,754
7.564752012,4592390,690
7.567022744,4593160,770
7.567022744,4593834,674
7.569293476,4594620,786
7.569293476,4595278,658
7.571564208,4596080,802
7.571564208,4596722,642
7.573834940,4597540,818
7.573834940,4598166,626
7.576193970,4599000,834
7.576193970,4599610,610
7.578464702,4600460,850
7.578464702,4601054,594
7.580735834,4601920,866
7.580735834,4602498,578
7.583013524,4603380,882
7.583013524,4603942,562
7.585284256,4604840,898
7.585284256,4605386,546
7.587643286,4606300,914
7.587643286,4606830,530
7.589914018,4607760,930
7.589914018,4608274,514
7.592184750,4609220,946
7.592184750,4609718,498
7.594455482,4610680,962
7.594455482,4611162,482
7.596726214,4612140,978
7.596726214,4612606,466
7.598996946,4613600,994
7.598996946,4614050,450
7.601356376,4615060,1010
7.601356376,4615494,434
7.603634066,4616520,1026
7.603634066,4616938,418
7.605904798,4617980,1042
7.605904798,4618382,402
7.608175530,4619440,1058
7.608175530,4619826,386
7.610446262,4620900,1074
7.610446262,4621270,370
7.612716994,4622360,1090
7.612716994,4622714,354
7.614987726,4623820,1106
7.614987726,4624158,338
7.617346756,4625280,1122
7.617346756,4625602,322
7.619617488,4626740,1138
7.619617488,4627046,306
7.621888220,4628200,1154
7.621888220,4628490,290
7.624159352,4629660,1170
7.624159352,4629934,274
7.626437042,4631120,1186
7.626437042,4631378,258
7.628707774,4632580,1202
7.628707774,4632822,242
7.631066804,4634040,1218
7.631066804,4634266,226
7.633337536,4635500,1234
7.633337536,4635710,210
7.635608268,4636960,1250
7.635608268,4637154,194
7.637879000,4638420,1266
7.637879000,4638598,178
7.640149732,4639880,1282
7.640149732,4640042,162
7.642420464,4641340,1298
7.642420464,4641486,146
7.644691196,4642800,1314
7.644691196,4642930,130
7.647057584,4644260,1330
7.647057584,4644374,114
7.649328316,4645720,1346
7.649328316,4645818,98
7.651599048,4647180,1362
7.651599048,4647262,82
7.653985828,4648640,1378
7.653985828,4648706,66
7.656372528,4650100,1394
7.656372528,4650150,50
7.658757761,4651560,1410
7.658757761,4651594,34
7.661235804,4653020,1426
7.661235804,4653038,18
7.663621037,4654480,1442
7.663621037,4654482,2
7.666006350,4655934,1452
7.668393530,4655940,6
7.668393530,4657379,1439
7.670787644,4657400,21
7.670787644,4658824,1424
7.673174424,4658860,36
7.673174424,4660269,1409
7.675561204,4660320,51
7.675561204,4661714,1394
7.678040794,4661780,66
7.678040794,4663158,1378
7.680427574,4663240,82
7.680427574,4664602,1362
7.682814354,4664700,98
7.682814354,4666046,1346
7.685201134,4666160,114
7.685201134,4667490,1330
7.687587914,4667620,130
7.687587914,4668934,1314
7.690067904,4669080,146
7.690067904,4670378,1298
7.692462018,4670540,162
7.692462018,4671822,1282
7.694848798,4672000,178
7.694848798,4673266,1266
7.697235578,4673460,194
7.697235578,4674710,1250
7.699622358,4674920,210
7.699622358,4676154,1234
7.702009138,4676380,226
7.702009138,4677598,1218
7.704488728,4677840,242
7.704488728,4679042,1202
7.706875508,4679300,258
7.706875508,4680486,1186
7.709262288,4680760,274
7.709262288,4681930,1170
7.711649068,4682220,290
7.711649068,4683374,1154
7.714036248,4683680,306
7.714036248,4684818,1138
7.716430362,4685140,322
7.716430362,4686262,1122
7.718817142,4686600,338
7.718817142,4687706,1106
7.721296732,4688060,354
7.721296732,4689150,1090
7.723683512,4689520,370
7.723683512,4690594,1074
7.726070292,4690980,386
7.726070292,4692038,1058
7.728457072,4692440,402
7.728457072,4693482,1042
7.730843852,4693900,418
7.730843852,4694926,1026
7.733230632,4695360,434
7.733230632,4696370,1010
7.735710622,4696820,450
7.735710622,4697814,994
7.738104736,4698280,466
7.738104736,4699258,978
7.740491516,4699740,482
7.740491516,4700702,962
7.742878296,4701200,498
7.742878296,4702146,946
7.745265076,4702660,514
7.745265076,4703590,930
7.747651856,4704120,530
7.747651856,4705034,914
7.750038636,4705580,546
7.750038636,4706478,898
7.752412437,4707040,562
7.752412437,4707922,882
7.754690540,4708500,578
7.754690540,4709366,866
7.756968643,4709960,594
7.756968643,4710810,850
7.759247146,4711420,610
7.759247146,4712254,834
7.761532231,4712880,626
7.761532231,4713698,818
7.763810334,4714340,642
7.763810334,4715142,802
7.766177021,4715800,658
7.766177021,4716586,786
7.768455124,4717260,674
7.768455124,4718030,770
7.770733227,4718720,690
7.770733227,4719474,754
7.773011330,4720180,706
7.773011330,4720918,738
7.775289433,4721640,722
7.775289433,4722362,722
7.777656120,4723100,738
7.777656120,4723806,706
7.779934623,4724560,754
7.779934623,4725250,690
7.782219708,4726020,770
7.782219708,4726694,674
7.784497811,4727480,786
7.784497811,4728138,658
7.786775914,4728940,802
7.786775914,4729582,642
7.789054017,4730400,818
7.789054017,4731026,626
7.791332120,4731860,834
7.791332120,4732470,610
7.793698807,4733320,850
7.793698807,4733914,594
7.795976910,4734780,866
7.795976910,4735358,578
7.798255013,4736240,882
7.798255013,4736802,562
7.800533116,4737700,898
7.800533116,4738246,546
7.802811619,4739160,914
7.802811619,4739690,530
7.805096704,4740620,930
7.805096704,4741134,514
7.807463391,4742080,946
7.807463391,4742578,498
7.809741494,4743540,962
7.809741494,4744022,482
7.812019597,4745000,978
7.812019597,4745466,466
7.814297700,4746460,994
7.814297700,4746910,450
7.816575803,4747920,1010
7.816575803,4748354,434
7.818853906,4749380,1026
7.818853906,4749798,418
7.821132009,4750840,1042
7.821132009,4751242,402
7.823499096,4752300,1058
7.823499096,4752686,386
7.825784181,4753760,1074
7.825784181,4754130,370
7.828062284,4755220,1090
7.828062284,4755574,354
7.830340387,4756680,1106
7.830340387,4757018,338
7.832618490,4758140,1122
7.832618490,4758462,322
7.834896593,4759600,1138
7.834896593,4759906,306
7.837263280,4761060,1154
7.837263280,4761350,290
7.839541383,4762520,1170
7.839541383,4762794,274
7.841819486,4763980,1186
7.841819486,4764238,258
7.844097589,4765440,1202
7.844097589,4765682,242
7.846376092,4766900,1218
7.846376092,4767126,226
7.848661177,4768360,1234
7.848661177,4768570,210
7.850939280,4769820,1250
7.850939280,4770014,194
7.853404514,4771280,1266
7.853404514,4771458,178
7.855777475,4772740,1282
7.855777475,4772902,162
7.858150436,4774200,1298
7.858150436,4774346,146
7.860523397,4775660,1314
7.860523397,4775790,130
7.862896358,4777120,1330
7.862896358,4777234,114
7.865269319,4778580,1346
7.865269319,4778678,98
7.867734953,4780040,1362
7.867734953,4780122,82
7.870115203,4781500,1378
7.870115203,4781566,66
7.872488084,4782960,1394
7.872488084,4783010,50
7.874859507,4784420,1410
7.874859507,4784454,34
7.877230930,4785880,1426
7.877230930,4785898,18
7.879694626,4787340,1442
7.879694626,4787342,2
7.882066129,4788794,1452
7.884439090,4788800,6
7.884439090,4790239,1439
7.886812051,4790260,21
7.886812051,4791684,1424
7.889185012,4791720,36
7.889185012,4793129,1409
7.891558373,4793180,51
7.891558373,4794574,1394
7.893938623,4794640,66
7.893938623,4796018,1378
7.896403857,4796100,82
7.896403857,4797462,1362
7.898776818,4797560,98
7.898776818,4798906,1346
7.901149779,4799020,114
7.901149779,4800350,1330
7.903522740,4800480,130
7.903522740,4801794,1314
7.905895701,4801940,146
7.905895701,4803238,1298
7.908268662,4803400,162
7.908268662,4804682,1282
7.910733896,4804860,178
7.910733896,4806126,1266
7.913107257,4806320,194
7.913107257,4807570,1250
7.915487507,4807780,210
7.915487507,4809014,1234
7.917860468,4809240,226
7.917860468,4810458,1218
7.920233429,4810700,242
7.920233429,4811902,1202
7.922606390,4812160,258
7.922606390,4813346,1186
7.924979351,4813620,274
7.924979351,4814790,1170
7.927444585,4815080,290
7.927444585,4816234,1154
7.929817546,4816540,306
7.929817546,4817678,1138
7.932190507,4818000,322
7.932190507,4819122,1122
7.934563468,4819460,338
7.934563468,4820566,1106
7.936936829,4820920,354
7.936936829,4822010,1090
7.939317079,4822380,370
7.939317079,4823454,1074
7.941782313,4823840,386
7.941782313,4824898,1058
7.944155274,4825300,402
7.944155274,4826342,1042
7.946528235,4826760,418
7.946528235,4827786,1026
7.948901196,4828220,434
7.948901196,4829230,1010
7.951274157,4829680,450
7.951274157,4830674,994
7.953352417,4831140,466
7.953352417,4832118,978
7.955430677,4832600,482
7.955430677,4833562,962
7.957590150,4834060,498
7.957590150,4835006,946
7.959674745,4835520,514
7.959674745,4836450,930
7.961753005,4836980,530
7.961753005,4837894,914
7.963831265,4838440,546
7.963831265,4839338,898
7.965909525,4839900,562
7.965909525,4840782,882
7.968068598,4841360,578
7.968068598,4842226,866
7.970146858,4842820,594
7.970146858,4843670,850
7.972225118,4844280,610
7.972225118,4845114,834
7.974303378,4845740,626
7.974303378,4846558,818
7.976381638,4847200,642
7.976381638,4848002,802
7.978460298,4848660,658
7.978460298,4849446,786
7.980625706,4850120,674
7.980625706,4850890,770
7.982703966,4851580,690
7.982703966,4852334,754
7.984782226,4853040,706
7.984782226,4853778,738
7.986860486,4854500,722
7.986860486,4855222,722
7.988938746,4855960,738
7.988938746,4856666,706
7.991017006,4857420,754
7.991017006,4858110,690
7.993095266,4858880,770
7.993095266,4859554,674
7.995254339,4860340,786
7.995254339,4860998,658
7.997332999,4861800,802
7.997332999,4862442,642
7.999417594,4863260,818
7.999417594,4863886,626
8.001495854,4864720,834
8.001495854,4865330,610
8.003574114,4866180,850
8.003574114,4866774,594
8.005652374,4867640,866
8.005652374,4868218,578
8.007811447,4869100,882
8.007811447,4869662,562
8.009889707,4870560,898
8.009889707,4871106,546
8.011967967,4872020,914
8.011967967,4872550,530
8.014046227,4873480,930
8.014046227,4873994,514
8.016124487,4874940,946
8.016124487,4875438,498
8.018203147,4876400,962
8.018203147,4876882,482
8.020287742,4877860,978
8.020287742,4878326,466
8.022366002,4879320,994
8.022366002,4879770,450
8.024525075,4880780,1010
8.024525075,4881214,434
8.026603335,4882240,1026
8.026603335,4882658,418
8.028681595,4883700,1042
8.028681595,4884102,402
8.030759855,4885160,1058
8.030759855,4885546,386
8.032838115,4886620,1074
8.032838115,4886990,370
8.034916375,4888080,1090
8.034916375,4888434,354
8.037075848,4889540,1106
8.037075848,4889878,338
8.039160443,4891000,1122
8.039160443,4891322,322
8.041238703,4892460,1138
8.041238703,4892766,306
8.043316963,4893920,1154
8.043316963,4894210,290
8.045395223,4895380,1170
8.045395223,4895654,274
8.047473483,4896840,1186
8.047473483,4897098,258
8.049551743,4898300,1202
8.049551743,4898542,242
8.051710816,4899760,1218
8.051710816,4899986,226
8.053957973,4901220,1234
8.053957973,4901430,210
8.056205130,4902680,1250
8.056205130,4902874,194
8.058452687,4904140,1266
8.058452687,4904318,178
8.060706726,4905600,1282
8.060706726,4905762,162
8.063041264,4907060,1298
8.063041264,4907206,146
8.065288421,4908520,1314
8.065288421,4908650,130
8.067535578,4909980,1330
8.067535578,4910094,114
8.069782735,4911440,1346
8.069782735,4911538,98
8.072029892,4912900,1362
8.072029892,4912982,82
8.074277049,4914360,1378
8.074277049,4914426,66
8.076611507,4915820,1394
8.076611507,4915870,50
8.078857608,4917280,1410
8.078857608,4917314,34
8.081110191,4918740,1426
8.081110191,4918758,18
8.083355892,4920200,1442
8.083355892,4920202,2
8.085601673,4921654,1452
8.087848830,4921660,6
8.087848830,4923099,1439
8.090095987,4923120,21
8.090095987,4924544,1424
8.092430525,4924580,36
8.092430525,4925989,1409
8.094677682,4926040,51
8.094677682,4927434,1394
8.096924839,4927500,66
8.096924839,4928878,1378
8.099171996,4928960,82
8.099171996,4930322,1362
8.101419553,4930420,98
8.101419553,4931766,1346
8.103673592,4931880,114
8.103673592,4933210,1330
8.106008130,4933340,130
8.106008130,4934654,1314
8.108255287,4934800,146
8.108255287,4936098,1298
8.110502444,4936260,162
8.110502444,4937542,1282
8.112749601,4937720,178
8.112749601,4938986,1266
8.114996758,4939180,194
8.114996758,4940430,1250
8.117243915,4940640,210
8.117243915,4941874,1234
8.119491072,4942100,226
8.119491072,4943318,1218
8.121826010,4943560,242
8.121826010,4944762,1202
8.124080049,4945020,258
8.124080049,4946206,1186
8.126327206,4946480,274
8.126327206,4947650,1170
8.128574363,4947940,290
8.128574363,4949094,1154
8.130821520,4949400,306
8.130821520,4950538,1138
8.133068677,4950860,322
8.133068677,4951982,1122
8.135403215,4952320,338
8.135403215,4953426,1106
8.137650372,4953780,354
8.137650372,4954870,1090
8.139897529,4955240,370
8.139897529,4956314,1074
8.142144686,4956700,386
8.142144686,4957758,1058
8.144392243,4958160,402
8.144392243,4959202,1042
8.146646282,4959620,418
8.146646282,4960646,1026
8.148893439,4961080,434
8.148893439,4962090,1010
8.151227977,4962540,450
8.151227977,4963534,994
8.153487598,4964000,466
8.153487598,4964978,978
8.155747219,4965460,482
8.155747219,4966422,962
8.158006840,4966920,498
8.158006840,4967866,946
8.160266461,4968380,514
8.160266461,4969310,930
8.162613948,4969840,530
8.162613948,4970754,914
8.164873969,4971300,546
8.164873969,4972198,898
8.167140512,4972760,562
8.167140512,4973642,882
8.169400133,4974220,578
8.169400133,4975086,866
8.171659754,4975680,594
8.171659754,4976530,850
8.173919375,4977140,610
8.173919375,4977974,834
8.176266862,4978600,626
8.176266862,4979418,818
8.178526483,4980060,642
8.178526483,4980862,802
8.180786104,4981520,658
8.180786104,4982306,786
8.183045725,4982980,674
8.183045725,4983750,770
8.185305346,4984440,690
8.185305346,4985194,754
8.187565367,4985900,706
8.187565367,4986638,738
8.189831910,4987360,722
8.189831910,4988082,722
8.192179397,4988820,738
8.192179397,4989526,706
8.194439018,4990280,754
8.194439018,4990970,690
8.196698639,4991740,770
8.196698639,4992414,674
8.198958260,4993200,786
8.198958260,4993858,658
8.201217881,4994660,802
8.201217881,4995302,642
8.203477502,4996120,818
8.203477502,4996746,626
8.205824989,4997580,834
8.205824989,4998190,610
8.208085010,4999040,850
8.208085010,4999634,594
8.210351553,5000500,866
8.210351553,5001078,578
8.212611174,5001960,882
8.212611174,5002522,562
8.214870795,5003420,898
8.214870795,5003966,546
8.217130416,5004880,914
8.217130416,5005410,530
8.219390037,5006340,930
8.219390037,5006854,514
8.221649658,5007800,946
8.221649658,5008298,498
8.223997145,5009260,962
8.223997145,5009742,482
8.226256766,5010720,978
8.226256766,5011186,466
8.228516387,5012180,994
8.228516387,5012630,450
8.230776408,5013640,1010
8.230776408,5014074,434
8.233042951,5015100,1026
8.233042951,5015518,418
8.235390438,5016560,1042
8.235390438,5016962,402
8.237650059,5018020,1058
8.237650059,5018406,386
8.239909680,5019480,1074
8.239909680,5019850,370
8.242169301,5020940,1090
8.242169301,5021294,354
8.244428922,5022400,1106
8.244428922,5022738,338
8.246776409,5023860,1122
8.246776409,5024182,322
8.249036030,5025320,1138
8.249036030,5025626,306
8.251296051,5026780,1154
8.251296051,5027070,290
8.253537133,5028240,1170
8.253537133,5028514,274
8.255771375,5029700,1186
8.255771375,5029958,258
8.258005617,5031160,1202
8.258005617,5031402,242
8.260239859,5032620,1218
8.260239859,5032846,226
8.262474101,5034080,1234
8.262474101,5034290,210
8.264795222,5035540,1250
8.264795222,5035734,194
8.267029464,5037000,1266
8.267029464,5037178,178
8.269263706,5038460,1282
8.269263706,5038622,162
8.271497948,5039920,1298
8.271497948,5040066,146
8.273732590,5041380,1314
8.273732590,5041510,130
8.276060551,5042840,1330
8.276060551,5042954,114
8.278294793,5044300,1346
8.278294793,5044398,98
8.280529035,5045760,1362
8.280529035,5045842,82
8.282763277,5047220,1378
8.282763277,5047286,66
8.284997439,5048680,1394
8.284997439,5048730,50
8.287230233,5050140,1410
8.287230233,5050174,34
8.289463027,5051600,1426
8.289463027,5051618,18
8.291695821,5053060,1442
8.291695821,5053062,2
8.294015974,5054514,1452
8.296257056,5054520,6
8.296257056,5055959,1439
8.298491298,5055980,21
8.298491298,5057404,1424
8.300725540,5057440,36
8.300725540,5058849,1409
8.302959782,5058900,51
8.302959782,5060294,1394
8.305280903,5060360,66
8.305280903,5061738,1378
8.307515145,5061820,82
8.307515145,5063182,1362
8.309749387,5063280,98
8.309749387,5064626,1346
8.311983629,5064740,114
8.311983629,5066070,1330
8.314217871,5066200,130
8.314217871,5067514,1314
8.316452513,5067660,146
8.316452513,5068958,1298
8.318693595,5069120,162
8.318693595,5070402,1282
8.320927837,5070580,178
8.320927837,5071846,1266
8.323248958,5072040,194
8.323248958,5073290,1250
8.325483200,5073500,210
8.325483200,5074734,1234
8.327717442,5074960,226
8.327717442,5076178,1218
8.329951684,5076420,242
8.329951684,5077622,1202
8.332185926,5077880,258
8.332185926,5079066,1186
8.334507047,5079340,274
8.334507047,5080510,1170
8.336741689,5080800,290
8.336741689,5081954,1154
8.338982771,5082260,306
8.338982771,5083398,1138
8.341217013,5083720,322
8.341217013,5084842,1122
8.343451255,5085180,338
8.343451255,5086286,1106
8.345772376,5086640,354
8.345772376,5087730,1090
8.348006618,5088100,370
8.348006618,5089174,1074
8.350240860,5089560,386
8.350240860,5090618,1058
8.352338287,5091020,402
8.352338287,5092062,1042
8.354435714,5092480,418
8.354435714,5093506,1026
8.356533141,5093940,434
8.356533141,5094950,1010
8.358630968,5095400,450
8.358630968,5096394,994
8.360734791,5096860,466
8.360734791,5097838,978
8.362913777,5098320,482
8.362913777,5099282,962
8.365011204,5099780,498
8.365011204,5100726,946
8.367108631,5101240,514
8.367108631,5102170,930
8.369206058,5102700,530
8.369206058,5103614,914
8.371303485,5104160,546
8.371303485,5105058,898
8.373482471,5105620,562
8.373482471,5106502,882
8.375579898,5107080,578
8.375579898,5107946,866
8.377677725,5108540,594
8.377677725,5109390,850
8.379781548,5110000,610
8.379781548,5110834,834
8.381878975,5111460,626
8.381878975,5112278,818
8.383976402,5112920,642
8.383976402,5113722,802
8.386073829,5114380,658
8.386073829,5115166,786
8.388171256,5115840,674
8.388171256,5116610,770
8.390350242,5117300,690
8.390350242,5118054,754
8.392447669,5118760,706
8.392447669,5119498,738
8.394545096,5120220,722
8.394545096,5120942,722
8.396642523,5121680,738
8.396642523,5122386,706
8.398740350,5123140,754
8.398740350,5123830,690
8.400925732,5124600,770
8.400925732,5125274,674
8.403023159,5126060,786
8.403023159,5126718,658
8.405120586,5127520,802
8.405120586,5128162,642
8.407218013,5128980,818
8.407218013,5129606,626
8.409315440,5130440,834
8.409315440,5131050,610
8.411494426,5131900,850
8.411494426,5132494,594
8.413591853,5133360,866
8.413591853,5133938,578
8.415689280,5134820,882
8.415689280,5135382,562
8.417787107,5136280,898
8.417787107,5136826,546
8.419890930,5137740,914
8.419890930,5138270,530
8.421988357,5139200,930
8.421988357,5139714,514
8.424085784,5140660,946
8.424085784,5141158,498
8.426183211,5142120,962
8.426183211,5142602,482
8.428362197,5143580,978
8.428362197,5144046,466
8.430459624,5145040,994
8.430459624,5145490,450
8.432557051,5146500,1010
8.432557051,5146934,434
8.434654478,5147960,1026
8.434654478,5148378,418
8.436751905,5149420,1042
8.436751905,5149822,402
8.438937687,5150880,1058
8.438937687,5151266,386
8.441035114,5152340,1074
8.441035114,5152710,370
8.443132541,5153800,1090
8.443132541,5154154,354
8.445229968,5155260,1106
8.445229968,5155598,338
8.447327395,5156720,1122
8.447327395,5157042,322
8.449424822,5158180,1138
8.449424822,5158486,306
8.451522249,5159640,1154
8.451522249,5159930,290
8.453619532,5161100,1170
8.453619532,5161374,274
8.455798368,5162560,1186
8.455798368,5162818,258
8.457896051,5164020,1202
8.457896051,5164262,242
8.459999730,5165480,1218
8.459999730,5165706,226
8.462097013,5166940,1234
8.462097013,5167150,210
8.464194296,5168400,1250
8.464194296,5168594,194
8.466373132,5169860,1266
8.466373132,5170038,178
8.468470415,5171320,1282
8.468470415,5171482,162
8.470567698,5172780,1298
8.470567698,5172926,146
8.472664981,5174240,1314
8.472664981,5174370,130
8.474762264,5175700,1330
8.474762264,5175814,114
8.476859547,5177160,1346
8.476859547,5177258,98
8.478957230,5178620,1362
8.478957230,5178702,82
8.481060909,5180080,1378
8.481060909,5180146,66
8.483239665,5181540,1394
8.483239665,5181590,50
8.485335588,5183000,1410
8.485335588,5183034,34
8.487431511,5184460,1426
8.487431511,5184478,18
8.489527434,5185920,1442
8.489527434,5185922,2
8.491623437,5187374,1452
8.493802273,5187380,6
8.493802273,5188819,1439
8.495899556,5188840,21
8.495899556,5190264,1424
8.497997239,5190300,36
8.497997239,5191709,1409
8.500100918,5191760,51
8.500100918,5193154,1394
8.502198201,5193220,66
8.502198201,5194598,1378
8.504377037,5194680,82
8.504377037,5196042,1362
8.506474320,5196140,98
8.506474320,5197486,1346
8.508571603,5197600,114
8.508571603,5198930,1330
8.510668886,5199060,130
8.510668886,5200374,1314
8.512766169,5200520,146
8.512766169,5201818,1298
8.514863452,5201980,162
8.514863452,5203262,1282
8.516960735,5203440,178
8.516960735,5204706,1266
8.519058418,5204900,194
8.519058418,5206150,1250
8.521162097,5206360,210
8.521162097,5207594,1234
8.523340933,5207820,226
8.523340933,5209038,1218
8.525438216,5209280,242
8.525438216,5210482,1202
8.527535499,5210740,258
8.527535499,5211926,1186
8.529632782,5212200,274
8.529632782,5213370,1170
8.531730065,5213660,290
8.531730065,5214814,1154
8.533908901,5215120,306
8.533908901,5216258,1138
8.536006184,5216580,322
8.536006184,5217702,1122
8.538103867,5218040,338
8.538103867,5219146,1106
8.540207546,5219500,354
8.540207546,5220590,1090
8.542304829,5220960,370
8.542304829,5222034,1074
8.544402112,5222420,386
8.544402112,5223478,1058
8.546499395,5223880,402
8.546499395,5224922,1042
8.548596678,5225340,418
8.548596678,5226366,1026
8.550775514,5226800,434
8.550775514,5227810,1010
8.553230270,5228260,450
8.553230270,5229254,994
8.555685026,5229720,466
8.555685026,5230698,978
8.558139782,5231180,482
8.558139782,5232142,962
8.560594938,5232640,498
8.560594938,5233586,946
8.563152702,5234100,514
8.563152702,5235030,930
8.565607458,5235560,530
8.565607458,5236474,914
8.568062214,5237020,546
8.568062214,5237918,898
8.570516970,5238480,562
8.570516970,5239362,882
8.572971726,5239940,578
8.572971726,5240806,866
8.575426482,5241400,594
8.575426482,5242250,850
8.576643375,5242860,610
8.576643375,5242880,20
