elapsed_s,rx_app,packet_bytes
0.158909749,1456,1456
0.161356688,1460,4
0.161356688,2905,1445
0.164982805,2920,15
0.164982805,4354,1434
0.174982805,4380,26
0.174982805,5803,1423
0.267479104,5840,37
0.267479104,7252,1412
0.269697135,7300,48
0.269697135,8701,1401
0.271915166,8760,59
0.271915166,10150,1390
0.274133197,10220,70
0.274133197,11598,1378
0.276351228,11680,82
0.276351228,13046,1366
0.278569259,13140,94
0.278569259,14494,1354
0.287480675,14600,106
0.287480675,15942,1342
0.289699106,16060,118
0.289699106,17390,1330
0.374447365,17520,130
0.374447365,18834,1314
0.376704969,18980,146
0.376704969,20278,1298
0.378962573,20440,162
0.378962573,21722,1282
0.381220177,21900,178
0.381220177,23166,1266
0.383477781,23360,194
0.383477781,24610,1250
0.385735385,24820,210
0.385735385,26054,1234
0.387992829,26280,226
0.387992829,27498,1218
0.390247504,27740,242
0.390247504,28942,1202
0.392502179,29200,258
0.392502179,30386,1186
0.394757254,30660,274
0.394757254,31830,1170
0.397018850,32120,290
0.397018850,33274,1154
0.399273525,33580,306
0.399273525,34718,1138
0.401611652,35040,322
0.401611652,36162,1122
0.403866327,36500,338
0.403866327,37606,1106
0.406121002,37960,354
0.406121002,39050,1090
0.408375677,39420,370
0.408375677,40494,1074
0.481512848,40880,386
0.481512848,41938,1058
0.483781336,42340,402
0.483781336,43382,1042
0.486056379,43800,418
0.486056379,44826,1026
0.488324467,45260,434
0.488324467,46270,1010
0.490592555,46720,450
0.490592555,47714,994
0.492860643,48180,466
0.492860643,49158,978
0.495128571,49640,482
0.495128571,50602,962
0.497393718,51100,498
0.497393718,52046,946
0.499658865,52560,514
0.499658865,53490,930
0.501924012,54020,530
0.501924012,54934,914
0.504189159,55480,546
0.504189159,56378,898
0.506454306,56940,562
0.506454306,57822,882
0.508719853,58400,578
0.508719853,59266,866
0.510991954,59860,594
0.510991954,60710,850
0.513257101,61320,610
0.513257101,62154,834
0.515522248,62780,626
0.515522248,63598,818
0.517787395,64240,642
0.517787395,65042,802
0.520052542,65700,658
0.520052542,66486,786
0.522401528,67160,674
0.522401528,67930,770
0.524666675,68620,690
0.524666675,69374,754
0.526931822,70080,706
0.526931822,70818,738
0.529196969,71540,722
0.529196969,72262,722
0.531462516,73000,738
0.531462516,73706,706
0.533734617,74460,754
0.533734617,75150,690
0.535999764,75920,770
0.535999764,76594,674
0.538264911,77380,786
0.538264911,78038,658
0.540530058,78840,802
0.540530058,79482,642
0.542795205,80300,818
0.542795205,80926,626
0.545144191,81760,834
0.545144191,82370,610
0.547409338,83220,850
0.547409338,83814,594
0.549674485,84680,866
0.549674485,85258,578
0.551939632,86140,882
0.551939632,86702,562
0.586516353,87600,898
0.586516353,88146,546
0.588979142,89060,914
0.588979142,89590,530
0.591441931,90520,930
0.591441931,91034,514
0.593904720,91980,946
0.593904720,92478,498
0.596367509,93440,962
0.596367509,93922,482
0.598830298,94900,978
0.598830298,95366,466
0.601293087,96360,994
0.601293087,96810,450
0.603755876,97820,1010
0.603755876,98254,434
0.606218665,99280,1026
0.606218665,99698,418
0.608681454,100740,1042
0.608681454,101142,402
0.611243394,102200,1058
0.611243394,102586,386
0.613706183,103660,1074
0.613706183,104030,370
0.616168972,105120,1090
0.616168972,105474,354
0.618631761,106580,1106
0.618631761,106918,338
0.621094550,108040,1122
0.621094550,108362,322
0.623557339,109500,1138
0.623557339,109806,306
0.626020128,110960,1154
0.626020128,111250,290
0.628482917,112420,1170
0.628482917,112694,274
0.630945706,113880,1186
0.630945706,114138,258
0.633408495,115340,1202
0.633408495,115582,242
0.635871684,116800,1218
0.635871684,117026,226
0.638342069,118260,1234
0.638342069,118470,210
0.640896013,119720,1250
0.640896013,119914,194
0.643358802,121180,1266
0.643358802,121358,178
0.645821591,122640,1282
0.645821591,122802,162
0.648284380,124100,1298
0.648284380,124246,146
0.650747169,125560,1314
0.650747169,125690,130
0.652925483,127020,1330
0.652925483,127134,114
0.655103797,128480,1346
0.655103797,128578,98
0.657282111,129940,1362
0.657282111,130022,82
0.659460825,131400,1378
0.659460825,131466,66
0.661645732,132860,1394
0.661645732,132910,50
0.663822632,134320,1410
0.663822632,134354,34
0.665999532,135780,1426
0.665999532,135798,18
0.668257057,137240,1442
0.668257057,137242,2
0.670434037,138694,1452
0.672612351,138700,6
0.672612351,140139,1439
0.674790665,140160,21
0.674790665,141584,1424
0.676968979,141620,36
0.676968979,143029,1409
0.679147293,143080,51
0.679147293,144474,1394
0.681326007,144540,66
0.681326007,145918,1378
0.683510994,146000,82
0.683510994,147362,1362
0.685689308,147460,98
0.685689308,148806,1346
0.687867622,148920,114
0.687867622,150250,1330
0.690045936,150380,130
0.690045936,151694,1314
0.692224250,151840,146
0.692224250,153138,1298
0.694402564,153300,162
0.694402564,154582,1282
0.696580878,154760,178
0.696580878,156026,1266
0.698759192,156220,194
0.698759192,157470,1250
0.700937506,157680,210
0.700937506,158914,1234
0.703196845,159140,226
0.703196845,160358,1218
0.705381832,160600,242
0.705381832,161802,1202
0.707560146,162060,258
0.707560146,163246,1186
0.709738460,163520,274
0.709738460,164690,1170
0.711916774,164980,290
0.711916774,166134,1154
0.714095088,166440,306
0.714095088,167578,1138
0.716273402,167900,322
0.716273402,169022,1122
0.718451716,169360,338
0.718451716,170466,1106
0.720630030,170820,354
0.720630030,171910,1090
0.722808344,172280,370
0.722808344,173354,1074
0.725067683,173740,386
0.725067683,174798,1058
0.727252670,175200,402
0.727252670,176242,1042
0.729430984,176660,418
0.729430984,177686,1026
0.731609298,178120,434
0.731609298,179130,1010
0.733868397,179580,450
0.733868397,180574,994
0.736049540,181040,466
0.736049540,182018,978
0.738230683,182500,482
0.738230683,183462,962
0.740411826,183960,498
0.740411826,184906,946
0.742592969,185420,514
0.742592969,186350,930
0.744774112,186880,530
0.744774112,187794,914
0.746955495,188340,546
0.746955495,189238,898
0.749140482,189800,562
0.749140482,190682,882
0.751318796,191260,578
0.751318796,192126,866
0.753782477,192720,594
0.753782477,193570,850
0.756246158,194180,610
0.756246158,195014,834
0.758709839,195640,626
0.758709839,196458,818
0.761264708,197100,642
0.761264708,197902,802
0.763728389,198560,658
0.763728389,199346,786
0.766192070,200020,674
0.766192070,200790,770
0.768655751,201480,690
0.768655751,202234,754
0.771119832,202940,706
0.771119832,203678,738
0.773591112,204400,722
0.773591112,205122,722
0.776054793,205860,738
0.776054793,206566,706
0.778518474,207320,754
0.778518474,208010,690
0.780982155,208780,770
0.780982155,209454,674
0.783445836,210240,786
0.783445836,210898,658
0.785909517,211700,802
0.785909517,212342,642
0.788373198,213160,818
0.788373198,213786,626
0.790836879,214620,834
0.790836879,215230,610
0.793300560,216080,850
0.793300560,216674,594
0.795764241,217540,866
0.795764241,218118,578
0.798228322,219000,882
0.798228322,219562,562
0.800790790,220460,898
0.800790790,221006,546
0.803254471,221920,914
0.803254471,222450,530
0.805718152,223380,930
0.805718152,223894,514
0.808181833,224840,946
0.808181833,225338,498
0.810645514,226300,962
0.810645514,226782,482
0.813109195,227760,978
0.813109195,228226,466
0.815572876,229220,994
0.815572876,229670,450
0.818036557,230680,1010
0.818036557,231114,434
0.820500238,232140,1026
0.820500238,232558,418
0.822964319,233600,1042
0.822964319,234002,402
0.825435599,235060,1058
0.825435599,235446,386
0.827899280,236520,1074
0.827899280,236890,370
0.830454149,237980,1090
0.830454149,238334,354
0.832917830,239440,1106
0.832917830,239778,338
0.835381511,240900,1122
0.835381511,241222,322
0.837845192,242360,1138
0.837845192,242666,306
0.840308873,243820,1154
0.840308873,244110,290
0.842772554,245280,1170
0.842772554,245554,274
0.845236235,246740,1186
0.845236235,246998,258
0.847700316,248200,1202
0.847700316,248442,242
0.850171596,249660,1218
0.850171596,249886,226
0.852284224,251120,1234
0.852284224,251330,210
0.854475046,252580,1250
0.854475046,252774,194
0.856587674,254040,1266
0.856587674,254218,178
0.858700302,255500,1282
0.858700302,255662,162
0.860812930,256960,1298
0.860812930,257106,146
0.862925558,258420,1314
0.862925558,258550,130
0.865038186,259880,1330
0.865038186,259994,114
0.867150814,261340,1346
0.867150814,261438,98
0.869263842,262800,1362
0.869263842,262882,82
0.871382929,264260,1378
0.871382929,264326,66
0.873495477,265720,1394
0.873495477,265770,50
0.875606733,267180,1410
0.875606733,267214,34
0.877765786,268640,1426
0.877765786,268658,18
0.879829245,270100,1442
0.879829245,270102,2
0.881940581,271554,1452
0.886149047,271560,6
0.886149047,272999,1439
0.890366060,273020,21
0.890366060,274444,1424
0.893777810,274480,36
0.893777810,275889,1409
0.895838309,275940,51
0.895838309,277334,1394
0.897983861,277400,66
0.897983861,278778,1378
0.900044360,278860,82
0.900044360,280222,1362
0.902104859,280320,98
0.902104859,281666,1346
0.904165358,281780,114
0.904165358,283110,1330
0.906225857,283240,130
0.906225857,284554,1314
0.908286356,284700,146
0.908286356,285998,1298
0.910346855,286160,162
0.910346855,287442,1282
0.912407354,287620,178
0.912407354,288886,1266
0.914467853,289080,194
0.914467853,290330,1250
0.916528352,290540,210
0.916528352,291774,1234
0.918673904,292000,226
0.918673904,293218,1218
0.920734403,293460,242
0.920734403,294662,1202
0.922794902,294920,258
0.922794902,296106,1186
0.924855401,296380,274
0.924855401,297550,1170
0.926915900,297840,290
0.926915900,298994,1154
0.928976399,299300,306
0.928976399,300438,1138
0.931036898,300760,322
0.931036898,301882,1122
0.933097397,302220,338
0.933097397,303326,1106
0.935157896,303680,354
0.935157896,304770,1090
0.937218395,305140,370
0.937218395,306214,1074
0.939278894,306600,386
0.939278894,307658,1058
0.941339393,308060,402
0.941339393,309102,1042
0.943399892,309520,418
0.943399892,310546,1026
0.945460391,310980,434
0.945460391,311990,1010
0.947520890,312440,450
0.947520890,313434,994
0.949581389,313900,466
0.949581389,314878,978
0.951641888,315360,482
0.951641888,316322,962
0.954006084,316820,498
0.954006084,317766,946
0.956520435,318280,514
0.956520435,319210,930
0.959017932,319740,530
0.959017932,320654,914
0.961319308,321200,546
0.961319308,322098,898
0.963620684,322660,562
0.963620684,323542,882
0.965922060,324120,578
0.965922060,324986,866
0.968223436,325580,594
0.968223436,326430,850
0.970524812,327040,610
0.970524812,327874,834
0.972826188,328500,626
0.972826188,329318,818
0.975127564,329960,642
0.975127564,330762,802
0.977428940,331420,658
0.977428940,332206,786
0.979817651,332880,674
0.979817651,333650,770
0.982119027,334340,690
0.982119027,335094,754
0.984420403,335800,706
0.984420403,336538,738
0.986721779,337260,722
0.986721779,337982,722
0.989023155,338720,738
0.989023155,339426,706
0.991324531,340180,754
0.991324531,340870,690
0.993625907,341640,770
0.993625907,342314,674
0.995927283,343100,786
0.995927283,343758,658
0.998228659,344560,802
0.998228659,345202,642
1.000530035,346020,818
1.000530035,346646,626
1.002831411,347480,834
1.002831411,348090,610
1.005132787,348940,850
1.005132787,349534,594
1.007526095,350400,866
1.007526095,350978,578
1.009827471,351860,882
1.009827471,352422,562
1.012128847,353320,898
1.012128847,353866,546
1.014430223,354780,914
1.014430223,355310,530
1.016731599,356240,930
1.016731599,356754,514
1.019032975,357700,946
1.019032975,358198,498
1.021334351,359160,962
1.021334351,359642,482
1.023635727,360620,978
1.023635727,361086,466
1.025937103,362080,994
1.025937103,362530,450
1.028238479,363540,1010
1.028238479,363974,434
1.030539855,365000,1026
1.030539855,365418,418
1.032841231,366460,1042
1.032841231,366862,402
1.035142607,367920,1058
1.035142607,368306,386
1.037443983,369380,1074
1.037443983,369750,370
1.039837291,370840,1090
1.039837291,371194,354
1.042138667,372300,1106
1.042138667,372638,338
1.044440043,373760,1122
1.044440043,374082,322
1.046741419,375220,1138
1.046741419,375526,306
1.049042795,376680,1154
1.049042795,376970,290
1.051344171,378140,1170
1.051344171,378414,274
1.053569210,379600,1186
1.053569210,379858,258
1.055794249,381060,1202
1.055794249,381302,242
1.058019288,382520,1218
1.058019288,382746,226
1.060244327,383980,1234
1.060244327,384190,210
1.062469366,385440,1250
1.062469366,385634,194
1.064694405,386900,1266
1.064694405,387078,178
1.067069063,388360,1282
1.067069063,388522,162
1.069354838,389820,1298
1.069354838,389966,146
1.071640613,391280,1314
1.071640613,391410,130
1.073926388,392740,1330
1.073926388,392854,114
1.076151427,394200,1346
1.076151427,394298,98
1.078497938,395660,1362
1.078497938,395742,82
1.080722977,397120,1378
1.080722977,397186,66
1.082948016,398580,1394
1.082948016,398630,50
1.703841827,400040,1410
1.703841827,524270,124230
1.707233085,525600,1330
1.707233085,525714,114
1.707233085,527060,1346
1.707233085,530046,2986
2.008255737,531440,1394
2.008255737,755334,223894
2.081128135,756280,946
2.081128135,958962,202682
2.100715735,959220,258
2.100715735,973402,14182
2.120291435,973820,418
2.120291435,992174,18354
2.150763399,992800,626
2.150763399,1075938,83138
2.152902523,1076020,82
2.152902523,1077382,1362
2.155030358,1077480,98
2.155030358,1078826,1346
2.157164287,1078940,114
2.157164287,1080270,1330
2.159291722,1080400,130
2.159291722,1081714,1314
2.161419157,1081860,146
2.161419157,1083158,1298
2.163629317,1083320,162
2.163629317,1084602,1282
2.165756752,1084780,178
2.165756752,1086046,1266
2.167884187,1086240,194
2.167884187,1087490,1250
2.170011622,1087700,210
2.170011622,1088934,1234
2.172221782,1089160,226
2.172221782,1090378,1218
2.174349617,1090620,242
2.174349617,1091822,1202
2.176483546,1092080,258
2.176483546,1093266,1186
2.178610981,1093540,274
2.178610981,1094710,1170
2.180738416,1095000,290
2.180738416,1096154,1154
2.182865851,1096460,306
2.182865851,1097598,1138
2.184993286,1097920,322
2.184993286,1099042,1122
2.187203446,1099380,338
2.187203446,1100486,1106
2.189330881,1100840,354
2.189330881,1101930,1090
2.191458316,1102300,370
2.191458316,1103374,1074
2.193585751,1103760,386
2.193585751,1104818,1058
2.195713586,1105220,402
2.195713586,1106262,1042
2.197847515,1106680,418
2.197847515,1107706,1026
2.199974950,1108140,434
2.199974950,1109150,1010
2.202102385,1109600,450
2.202102385,1110594,994
2.204312545,1111060,466
2.204312545,1112038,978
2.206439980,1112520,482
2.206439980,1113482,962
2.208567415,1113980,498
2.208567415,1114926,946
2.210694850,1115440,514
2.210694850,1116370,930
2.212822285,1116900,530
2.212822285,1117814,914
2.214949720,1118360,546
2.214949720,1119258,898
2.217077555,1119820,562
2.217077555,1120702,882
2.219211484,1121280,578
2.219211484,1122146,866
2.221338919,1122740,594
2.221338919,1123590,850
2.223549079,1124200,610
2.223549079,1125034,834
2.225676514,1125660,626
2.225676514,1126478,818
2.227803949,1127120,642
2.227803949,1127922,802
2.229931384,1128580,658
2.229931384,1129366,786
2.232058819,1130040,674
2.232058819,1130810,770
2.234186254,1131500,690
2.234186254,1132254,754
2.236396814,1132960,706
2.236396814,1133698,738
2.238530743,1134420,722
2.238530743,1135142,722
2.240658178,1135880,738
2.240658178,1136586,706
2.242785613,1137340,754
2.242785613,1138030,690
2.244913048,1138800,770
2.244913048,1139474,674
2.247123208,1140260,786
2.247123208,1140918,658
2.249250643,1141720,802
2.249250643,1142362,642
2.251378078,1143180,818
2.251378078,1143806,626
2.253796347,1144640,834
2.253796347,1145250,610
2.256214616,1146100,850
2.256214616,1146694,594
2.258633285,1147560,866
2.258633285,1148138,578
2.261058990,1149020,882
2.261058990,1149582,562
2.263477259,1150480,898
2.263477259,1151026,546
2.265989563,1151940,914
2.265989563,1152470,530
2.268407832,1153400,930
2.268407832,1153914,514
2.270826101,1154860,946
2.270826101,1155358,498
2.273244370,1156320,962
2.273244370,1156802,482
2.275662639,1157780,978
2.275662639,1158246,466
2.278080908,1159240,994
2.278080908,1159690,450
2.280593612,1160700,1010
2.280593612,1161134,434
2.283019317,1162160,1026
2.283019317,1162578,418
2.285437586,1163620,1042
2.285437586,1164022,402
2.287855855,1165080,1058
2.287855855,1165466,386
2.290274124,1166540,1074
2.290274124,1166910,370
2.292692393,1168000,1090
2.292692393,1168354,354
2.295110662,1169460,1106
2.295110662,1169798,338
2.297528931,1170920,1122
2.297528931,1171242,322
2.300041235,1172380,1138
2.300041235,1172686,306
2.302459504,1173840,1154
2.302459504,1174130,290
2.304979644,1175300,1170
2.304979644,1175574,274
2.307397913,1176760,1186
2.307397913,1177018,258
2.309816182,1178220,1202
2.309816182,1178462,242
2.312234451,1179680,1218
2.312234451,1179906,226
2.314652720,1181140,1234
2.314652720,1181350,210
2.317070989,1182600,1250
2.317070989,1182794,194
2.319489258,1184060,1266
2.319489258,1184238,178
2.321907527,1185520,1282
2.321907527,1185682,162
2.324419831,1186980,1298
2.324419831,1187126,146
2.326838500,1188440,1314
2.326838500,1188570,130
2.329264205,1189900,1330
2.329264205,1190014,114
2.331682474,1191360,1346
2.331682474,1191458,98
2.334100743,1192820,1362
2.334100743,1192902,82
2.336613047,1194280,1378
2.336613047,1194346,66
2.339031236,1195740,1394
2.339031236,1195790,50
2.341447938,1197200,1410
2.341447938,1197234,34
2.343864640,1198660,1426
2.343864640,1198678,18
2.346281342,1200120,1442
2.346281342,1200122,2
2.348698124,1201574,1452
2.351116793,1201580,6
2.351116793,1203019,1439
2.353370859,1203040,21
2.353370859,1204464,1424
2.355705425,1204500,36
2.355705425,1205909,1409
2.357952609,1205960,51
2.357952609,1207354,1394
2.360199793,1207420,66
2.360199793,1208798,1378
2.362446977,1208880,82
2.362446977,1210242,1362
2.364694161,1210340,98
2.364694161,1211686,1346
2.367028727,1211800,114
2.367028727,1213130,1330
2.369275911,1213260,130
2.369275911,1214574,1314
2.371523495,1214720,146
2.371523495,1216018,1298
2.373777561,1216180,162
2.373777561,1217462,1282
2.376024745,1217640,178
2.376024745,1218906,1266
2.378271929,1219100,194
2.378271929,1220350,1250
2.380606495,1220560,210
2.380606495,1221794,1234
2.382853679,1222020,226
2.382853679,1223238,1218
2.385100863,1223480,242
2.385100863,1224682,1202
2.387348047,1224940,258
2.387348047,1226126,1186
2.389595231,1226400,274
2.389595231,1227570,1170
2.391842415,1227860,290
2.391842415,1229014,1154
2.394089999,1229320,306
2.394089999,1230458,1138
2.396344065,1230780,322
2.396344065,1231902,1122
2.398678631,1232240,338
2.398678631,1233346,1106
2.400925815,1233700,354
2.400925815,1234790,1090
2.403172999,1235160,370
2.403172999,1236234,1074
2.405420183,1236620,386
2.405420183,1237678,1058
2.407667367,1238080,402
2.407667367,1239122,1042
2.410001933,1239540,418
2.410001933,1240566,1026
2.412249117,1241000,434
2.412249117,1242010,1010
2.414496701,1242460,450
2.414496701,1243454,994
2.416750767,1243920,466
2.416750767,1244898,978
2.418997951,1245380,482
2.418997951,1246342,962
2.421245135,1246840,498
2.421245135,1247786,946
2.423492319,1248300,514
2.423492319,1249230,930
2.425739503,1249760,530
2.425739503,1250674,914
2.428074069,1251220,546
2.428074069,1252118,898
2.430321253,1252680,562
2.430321253,1253562,882
2.432568437,1254140,578
2.432568437,1255006,866
2.434815621,1255600,594
2.434815621,1256450,850
2.437063205,1257060,610
2.437063205,1257894,834
2.439404653,1258520,626
2.439404653,1259338,818
2.441651837,1259980,642
2.441651837,1260782,802
2.443899021,1261440,658
2.443899021,1262226,786
2.446146205,1262900,674
2.446146205,1263670,770
2.448393389,1264360,690
2.448393389,1265114,754
2.450640573,1265820,706
2.450640573,1266558,738
2.452906808,1267280,722
2.452906808,1268002,722
2.455173043,1268740,738
2.455173043,1269446,706
2.457527801,1270200,754
2.457527801,1270890,690
2.459800980,1271660,770
2.459800980,1272334,674
2.462067215,1273120,786
2.462067215,1273778,658
2.464333450,1274580,802
2.464333450,1275222,642
2.466687808,1276040,818
2.466687808,1276666,626
2.468954043,1277500,834
2.468954043,1278110,610
2.471220278,1278960,850
2.471220278,1279554,594
2.473486513,1280420,866
2.473486513,1280998,578
2.475752748,1281880,882
2.475752748,1282442,562
2.478018983,1283340,898
2.478018983,1283886,546
2.480380684,1284800,914
2.480380684,1285330,530
2.482646919,1286260,930
2.482646919,1286774,514
2.484913154,1287720,946
2.484913154,1288218,498
2.487179389,1289180,962
2.487179389,1289662,482
2.489445624,1290640,978
2.489445624,1291106,466
2.491711859,1292100,994
2.491711859,1292550,450
2.493978094,1293560,1010
2.493978094,1293994,434
2.496332452,1295020,1026
2.496332452,1295438,418
2.498598687,1296480,1042
2.498598687,1296882,402
2.500865322,1297940,1058
2.500865322,1298326,386
2.503138501,1299400,1074
2.503138501,1299770,370
2.505404736,1300860,1090
2.505404736,1301214,354
2.507670971,1302320,1106
2.507670971,1302658,338
2.510025329,1303780,1122
2.510025329,1304102,322
2.512291564,1305240,1138
2.512291564,1305546,306
2.514557799,1306700,1154
2.514557799,1306990,290
2.516824034,1308160,1170
2.516824034,1308434,274
2.519090269,1309620,1186
2.519090269,1309878,258
2.521356504,1311080,1202
2.521356504,1311322,242
2.523623139,1312540,1218
2.523623139,1312766,226
2.525984441,1314000,1234
2.525984441,1314210,210
2.528250676,1315460,1250
2.528250676,1315654,194
2.530516911,1316920,1266
2.530516911,1317098,178
2.532783146,1318380,1282
2.532783146,1318542,162
2.535049381,1319840,1298
2.535049381,1319986,146
2.537315616,1321300,1314
2.537315616,1321430,130
2.539669974,1322760,1330
2.539669974,1322874,114
2.541936209,1324220,1346
2.541936209,1324318,98
2.544202844,1325680,1362
2.544202844,1325762,82
2.546476023,1327140,1378
2.546476023,1327206,66
2.548742178,1328600,1394
2.548742178,1328650,50
2.551006944,1330060,1410
2.551006944,1330094,34
2.553456032,1331520,1426
2.553456032,1331538,18
2.555905120,1332980,1442
2.555905120,1332982,2
2.558449583,1334434,1452
2.560900259,1334440,6
2.560900259,1335879,1439
2.563350935,1335900,21
2.563350935,1337324,1424
2.565801611,1337360,36
2.565801611,1338769,1409
2.568252687,1338820,51
2.568252687,1340214,1394
2.570710904,1340280,66
2.570710904,1341658,1378
2.573256875,1341740,82
2.573256875,1343102,1362
2.575707551,1343200,98
2.575707551,1344546,1346
2.578158227,1344660,114
2.578158227,1345990,1330
2.580608903,1346120,130
2.580608903,1347434,1314
2.583059579,1347580,146
2.583059579,1348878,1298
2.585605550,1349040,162
2.585605550,1350322,1282
2.588056226,1350500,178
2.588056226,1351766,1266
2.590507302,1351960,194
2.590507302,1353210,1250
2.592965519,1353420,210
2.592965519,1354654,1234
2.595416195,1354880,226
2.595416195,1356098,1218
2.597866871,1356340,242
2.597866871,1357542,1202
2.600317547,1357800,258
2.600317547,1358986,1186
2.602768223,1359260,274
2.602768223,1360430,1170
2.605314194,1360720,290
2.605314194,1361874,1154
2.607764870,1362180,306
2.607764870,1363318,1138
2.610215546,1363640,322
2.610215546,1364762,1122
2.612666222,1365100,338
2.612666222,1366206,1106
2.615117298,1366560,354
2.615117298,1367650,1090
2.617670810,1368020,370
2.617670810,1369094,1074
2.620121486,1369480,386
2.620121486,1370538,1058
2.622572162,1370940,402
2.622572162,1371982,1042
2.625022838,1372400,418
2.625022838,1373426,1026
2.627473514,1373860,434
2.627473514,1374870,1010
2.629924190,1375320,450
2.629924190,1376314,994
2.632374866,1376780,466
2.632374866,1377758,978
2.634920837,1378240,482
2.634920837,1379202,962
2.637371913,1379700,498
2.637371913,1380646,946
2.639830130,1381160,514
2.639830130,1382090,930
2.642280806,1382620,530
2.642280806,1383534,914
2.644731482,1384080,546
2.644731482,1384978,898
2.647182158,1385540,562
2.647182158,1386422,882
2.649728129,1387000,578
2.649728129,1387866,866
2.652178805,1388460,594
2.652178805,1389310,850
2.654647007,1389920,610
2.654647007,1390754,834
2.657115209,1391380,626
2.657115209,1392198,818
2.659583411,1392840,642
2.659583411,1393642,802
2.662052013,1394300,658
2.662052013,1395086,786
2.664527813,1395760,674
2.664527813,1396530,770
2.667091991,1397220,690
2.667091991,1397974,754
2.669560193,1398680,706
2.669560193,1399418,738
2.672028395,1400140,722
2.672028395,1400862,722
2.674496597,1401600,738
2.674496597,1402306,706
2.676964799,1403060,754
2.676964799,1403750,690
2.679433001,1404520,770
2.679433001,1405194,674
2.681997179,1405980,786
2.681997179,1406638,658
2.684465781,1407440,802
2.684465781,1408082,642
2.686941581,1408900,818
2.686941581,1409526,626
2.689409783,1410360,834
2.689409783,1410970,610
2.691877985,1411820,850
2.691877985,1412414,594
2.694442163,1413280,866
2.694442163,1413858,578
2.696910365,1414740,882
2.696910365,1415302,562
2.699378567,1416200,898
2.699378567,1416746,546
2.701846769,1417660,914
2.701846769,1418190,530
2.704314971,1419120,930
2.704314971,1419634,514
2.706783173,1420580,946
2.706783173,1421078,498
2.709251775,1422040,962
2.709251775,1422522,482
2.711727575,1423500,978
2.711727575,1423966,466
2.714291753,1424960,994
2.714291753,1425410,450
2.716759955,1426420,1010
2.716759955,1426854,434
2.719228157,1427880,1026
2.719228157,1428298,418
2.721696359,1429340,1042
2.721696359,1429742,402
2.724164561,1430800,1058
2.724164561,1431186,386
2.726728739,1432260,1074
2.726728739,1432630,370
2.729196941,1433720,1090
2.729196941,1434074,354
2.731665543,1435180,1106
2.731665543,1435518,338
2.734141343,1436640,1122
2.734141343,1436962,322
2.736609545,1438100,1138
2.736609545,1438406,306
2.739077747,1439560,1154
2.739077747,1439850,290
2.741545949,1441020,1170
2.741545949,1441294,274
2.744014151,1442480,1186
2.744014151,1442738,258
2.746578329,1443940,1202
2.746578329,1444182,242
2.749046531,1445400,1218
2.749046531,1445626,226
2.751514733,1446860,1234
2.751514733,1447070,210
2.753580295,1448320,1250
2.753580295,1448514,194
2.755646257,1449780,1266
2.755646257,1449958,178
2.757798432,1451240,1282
2.757798432,1451402,162
2.759863994,1452700,1298
2.759863994,1452846,146
2.761929556,1454160,1314
2.761929556,1454290,130
2.763995118,1455620,1330
2.763995118,1455734,114
2.766060680,1457080,1346
2.766060680,1457178,98
2.768206562,1458540,1362
2.768206562,1458622,82
2.770272124,1460000,1378
2.770272124,1460066,66
2.772337606,1461460,1394
2.772337606,1461510,50
2.774402229,1462920,1410
2.774402229,1462954,34
2.776472746,1464380,1426
2.776472746,1464398,18
2.778536969,1465840,1442
2.778536969,1465842,2
2.780601272,1467294,1452
2.782666834,1467300,6
2.782666834,1468739,1439
2.784812716,1468760,21
2.784812716,1470184,1424
2.786878278,1470220,36
2.786878278,1471629,1409
2.788943840,1471680,51
2.788943840,1473074,1394
2.791009402,1473140,66
2.791009402,1474518,1378
2.793074964,1474600,82
2.793074964,1475962,1362
2.795227539,1476060,98
2.795227539,1477406,1346
2.797293101,1477520,114
2.797293101,1478850,1330
2.799358663,1478980,130
2.799358663,1480294,1314
2.801424225,1480440,146
2.801424225,1481738,1298
2.803489787,1481900,162
2.803489787,1483182,1282
2.805555349,1483360,178
2.805555349,1484626,1266
2.807620911,1484820,194
2.807620911,1486070,1250
2.809686473,1486280,210
2.809686473,1487514,1234
2.811832355,1487740,226
2.811832355,1488958,1218
2.813898317,1489200,242
2.813898317,1490402,1202
2.815970172,1490660,258
2.815970172,1491846,1186
2.818035734,1492120,274
2.818035734,1493290,1170
2.820101296,1493580,290
2.820101296,1494734,1154
2.822247178,1495040,306
2.822247178,1496178,1138
2.824312740,1496500,322
2.824312740,1497622,1122
2.826378302,1497960,338
2.826378302,1499066,1106
2.828443864,1499420,354
2.828443864,1500510,1090
2.830509426,1500880,370
2.830509426,1501954,1074
2.832574988,1502340,386
2.832574988,1503398,1058
2.834640950,1503800,402
2.834640950,1504842,1042
2.836712805,1505260,418
2.836712805,1506286,1026
2.838858687,1506720,434
2.838858687,1507730,1010
2.840924249,1508180,450
2.840924249,1509174,994
2.842989811,1509640,466
2.842989811,1510618,978
2.845055373,1511100,482
2.845055373,1512062,962
2.847120935,1512560,498
2.847120935,1513506,946
2.849266817,1514020,514
2.849266817,1514950,930
2.851332379,1515480,530
2.851332379,1516394,914
2.853733792,1516940,546
2.853733792,1517838,898
2.856142186,1518400,562
2.856142186,1519282,882
2.858543199,1519860,578
2.858543199,1520726,866
2.861037576,1521320,594
2.861037576,1522170,850
2.863438589,1522780,610
2.863438589,1523614,834
2.865839602,1524240,626
2.865839602,1525058,818
2.868240615,1525700,642
2.868240615,1526502,802
2.870641628,1527160,658
2.870641628,1527946,786
2.873042641,1528620,674
2.873042641,1529390,770
2.875443654,1530080,690
2.875443654,1530834,754
2.877845067,1531540,706
2.877845067,1532278,738
2.880346825,1533000,722
2.880346825,1533722,722
2.882747838,1534460,738
2.882747838,1535166,706
2.885148851,1535920,754
2.885148851,1536610,690
2.887549864,1537380,770
2.887549864,1538054,674
2.889950877,1538840,786
2.889950877,1539498,658
2.892445254,1540300,802
2.892445254,1540942,642
2.894846267,1541760,818
2.894846267,1542386,626
2.897247280,1543220,834
2.897247280,1543830,610
2.899648693,1544680,850
2.899648693,1545274,594
2.902057087,1546140,866
2.902057087,1546718,578
2.904458100,1547600,882
2.904458100,1548162,562
2.906859113,1549060,898
2.906859113,1549606,546
2.909260126,1550520,914
2.909260126,1551050,530
2.911754503,1551980,930
2.911754503,1552494,514
2.914155516,1553440,946
2.914155516,1553938,498
2.916556529,1554900,962
2.916556529,1555382,482
2.918957542,1556360,978
2.918957542,1556826,466
2.921358555,1557820,994
2.921358555,1558270,450
2.923860712,1559280,1010
2.923860712,1559714,434
2.926261725,1560740,1026
2.926261725,1561158,418
2.928662738,1562200,1042
2.928662738,1562602,402
2.931063751,1563660,1058
2.931063751,1564046,386
2.933464764,1565120,1074
2.933464764,1565490,370
2.935865777,1566580,1090
2.935865777,1566934,354
2.938266790,1568040,1106
2.938266790,1568378,338
2.940667803,1569500,1122
2.940667803,1569822,322
2.943162180,1570960,1138
2.943162180,1571266,306
2.945563593,1572420,1154
2.945563593,1572710,290
2.947971987,1573880,1170
2.947971987,1574154,274
2.950373000,1575340,1186
2.950373000,1575598,258
2.952741204,1576800,1202
2.952741204,1577042,242
2.955201496,1578260,1218
2.955201496,1578486,226
2.957569700,1579720,1234
2.957569700,1579930,210
2.959937904,1581180,1250
2.959937904,1581374,194
2.962306108,1582640,1266
2.962306108,1582818,178
2.964674312,1584100,1282
2.964674312,1584262,162
2.967135004,1585560,1298
2.967135004,1585706,146
2.969510482,1587020,1314
2.969510482,1587150,130
2.971878686,1588480,1330
2.971878686,1588594,114
2.974246890,1589940,1346
2.974246890,1590038,98
2.976615094,1591400,1362
2.976615094,1591482,82
2.978983298,1592860,1378
2.978983298,1592926,66
2.981351422,1594320,1394
2.981351422,1594370,50
2.983718091,1595780,1410
2.983718091,1595814,34
2.986176848,1597240,1426
2.986176848,1597258,18
2.988543517,1598700,1442
2.988543517,1598702,2
2.990910666,1600154,1452
2.993286144,1600160,6
2.993286144,1601599,1439
2.995654348,1601620,21
2.995654348,1603044,1424
2.998114640,1603080,36
2.998114640,1604489,1409
3.000482844,1604540,51
3.000482844,1605934,1394
3.002851048,1606000,66
3.002851048,1607378,1378
3.005219252,1607460,82
3.005219252,1608822,1362
3.007587456,1608920,98
3.007587456,1610266,1346
3.009955660,1610380,114
3.009955660,1611710,1330
3.012323864,1611840,130
3.012323864,1613154,1314
3.014692468,1613300,146
3.014692468,1614598,1298
3.017067946,1614760,162
3.017067946,1616042,1282
3.019528238,1616220,178
3.019528238,1617486,1266
3.021896442,1617680,194
3.021896442,1618930,1250
3.024264646,1619140,210
3.024264646,1620374,1234
3.026632850,1620600,226
3.026632850,1621818,1218
3.029001054,1622060,242
3.029001054,1623262,1202
3.031461346,1623520,258
3.031461346,1624706,1186
3.033829550,1624980,274
3.033829550,1626150,1170
3.036198154,1626440,290
3.036198154,1627594,1154
3.038573632,1627900,306
3.038573632,1629038,1138
3.040941836,1629360,322
3.040941836,1630482,1122
3.043310040,1630820,338
3.043310040,1631926,1106
3.045678244,1632280,354
3.045678244,1633370,1090
3.048046448,1633740,370
3.048046448,1634814,1074
3.050506740,1635200,386
3.050506740,1636258,1058
3.052842111,1636660,402
3.052842111,1637702,1042
3.055177482,1638120,418
3.055177482,1639146,1026
3.057512853,1639580,434
3.057512853,1640590,1010
3.059848624,1641040,450
3.059848624,1642034,994
3.062281974,1642500,466
3.062281974,1643478,978
3.064617345,1643960,482
3.064617345,1644922,962
3.066952716,1645420,498
3.066952716,1646366,946
3.069288087,1646880,514
3.069288087,1647810,930
3.071623458,1648340,530
3.071623458,1649254,914
3.074049640,1649800,546
3.074049640,1650698,898
3.076385011,1651260,562
3.076385011,1652142,882
3.078720382,1652720,578
3.078720382,1653586,866
3.081056153,1654180,594
3.081056153,1655030,850
3.083398692,1655640,610
3.083398692,1656474,834
3.085734063,1657100,626
3.085734063,1657918,818
3.088069434,1658560,642
3.088069434,1659362,802
3.090404805,1660020,658
3.090404805,1660806,786
3.092830987,1661480,674
3.092830987,1662250,770
3.095166358,1662940,690
3.095166358,1663694,754
3.097501729,1664400,706
3.097501729,1665138,738
3.099837100,1665860,722
3.099837100,1666582,722
3.102172471,1667320,738
3.102172471,1668026,706
3.104606221,1668780,754
3.104606221,1669470,690
3.106941592,1670240,770
3.106941592,1670914,674
3.109276963,1671700,786
3.109276963,1672358,658
3.111612334,1673160,802
3.111612334,1673802,642
3.113947705,1674620,818
3.113947705,1675246,626
3.116283076,1676080,834
3.116283076,1676690,610
3.118618447,1677540,850
3.118618447,1678134,594
3.120953818,1679000,866
3.120953818,1679578,578
3.123380000,1680460,882
3.123380000,1681022,562
3.125715771,1681920,898
3.125715771,1682466,546
3.128058310,1683380,914
3.128058310,1683910,530
3.130393681,1684840,930
3.130393681,1685354,514
3.132729052,1686300,946
3.132729052,1686798,498
3.135155234,1687760,962
3.135155234,1688242,482
3.137490605,1689220,978
3.137490605,1689686,466
3.139825976,1690680,994
3.139825976,1691130,450
3.142161347,1692140,1010
3.142161347,1692574,434
3.144496718,1693600,1026
3.144496718,1694018,418
3.146923300,1695060,1042
3.146923300,1695462,402
3.149265839,1696520,1058
3.149265839,1696906,386
3.151601210,1697980,1074
3.151601210,1698350,370
3.153889960,1699440,1090
3.153889960,1699794,354
3.156178710,1700900,1106
3.156178710,1701238,338
3.158467460,1702360,1122
3.158467460,1702682,322
3.160756210,1703820,1138
3.160756210,1704126,306
3.163044960,1705280,1154
3.163044960,1705570,290
3.165422708,1706740,1170
3.165422708,1707014,274
3.167711458,1708200,1186
3.167711458,1708458,258
3.170000608,1709660,1202
3.170000608,1709902,242
3.172296375,1711120,1218
3.172296375,1711346,226
3.174585125,1712580,1234
3.174585125,1712790,210
3.176962873,1714040,1250
3.176962873,1714234,194
3.179251623,1715500,1266
3.179251623,1715678,178
3.181540373,1716960,1282
3.181540373,1717122,162
3.183829123,1718420,1298
3.183829123,1718566,146
3.186117873,1719880,1314
3.186117873,1720010,130
3.188406623,1721340,1330
3.188406623,1721454,114
3.190695373,1722800,1346
3.190695373,1722898,98
3.192984523,1724260,1362
3.192984523,1724342,82
3.195369288,1725720,1378
3.195369288,1725786,66
3.197657958,1727180,1394
3.197657958,1727230,50
3.199945225,1728640,1410
3.199945225,1728674,34
3.202232492,1730100,1426
3.202232492,1730118,18
3.204519759,1731560,1442
3.204519759,1731562,2
3.206896104,1733014,1452
3.209184854,1733020,6
3.209184854,1734459,1439
3.211473604,1734480,21
3.211473604,1735904,1424
3.213762754,1735940,36
3.213762754,1737349,1409
3.216058521,1737400,51
3.216058521,1738794,1394
3.218347271,1738860,66
3.218347271,1740238,1378
3.220636021,1740320,82
3.220636021,1741682,1362
3.222924771,1741780,98
3.222924771,1743126,1346
3.225302519,1743240,114
3.225302519,1744570,1330
3.227591269,1744700,130
3.227591269,1746014,1314
3.229880019,1746160,146
3.229880019,1747458,1298
3.232168769,1747620,162
3.232168769,1748902,1282
3.234457519,1749080,178
3.234457519,1750346,1266
3.236842684,1750540,194
3.236842684,1751790,1250
3.239131434,1752000,210
3.239131434,1753234,1234
3.241420184,1753460,226
3.241420184,1754678,1218
3.243708934,1754920,242
3.243708934,1756122,1202
3.245997684,1756380,258
3.245997684,1757566,1186
3.248375432,1757840,274
3.248375432,1759010,1170
3.250664182,1759300,290
3.250664182,1760454,1154
3.252811374,1760760,306
3.252811374,1761898,1138
3.254958566,1762220,322
3.254958566,1763342,1122
3.257106158,1763680,338
3.257106158,1764786,1106
3.259259908,1765140,354
3.259259908,1766230,1090
3.261407100,1766600,370
3.261407100,1767674,1074
3.263554292,1768060,386
3.263554292,1769118,1058
3.265784978,1769520,402
3.265784978,1770562,1042
3.267932170,1770980,418
3.267932170,1772006,1026
3.270079362,1772440,434
3.270079362,1773450,1010
3.272226554,1773900,450
3.272226554,1774894,994
3.274373746,1775360,466
3.274373746,1776338,978
3.276604832,1776820,482
3.276604832,1777782,962
3.278758582,1778280,498
3.278758582,1779226,946
3.280905774,1779740,514
3.280905774,1780670,930
3.283052966,1781200,530
3.283052966,1782114,914
3.285200158,1782660,546
3.285200158,1783558,898
3.287347350,1784120,562
3.287347350,1785002,882
3.289494542,1785580,578
3.289494542,1786446,866
3.291641734,1787040,594
3.291641734,1787890,850
3.293872420,1788500,610
3.293872420,1789334,834
3.296019612,1789960,626
3.296019612,1790778,818
3.298167204,1791420,642
3.298167204,1792222,802
3.300320954,1792880,658
3.300320954,1793666,786
3.302468146,1794340,674
3.302468146,1795110,770
3.304698832,1795800,690
3.304698832,1796554,754
3.306846024,1797260,706
3.306846024,1797998,738
3.308993216,1798720,722
3.308993216,1799442,722
3.311140408,1800180,738
3.311140408,1800886,706
3.313287600,1801640,754
3.313287600,1802330,690
3.315434792,1803100,770
3.315434792,1803774,674
3.317581984,1804560,786
3.317581984,1805218,658
3.319729576,1806020,802
3.319729576,1806662,642
3.321966820,1807480,818
3.321966820,1808106,626
3.324114012,1808940,834
3.324114012,1809550,610
3.326261204,1810400,850
3.326261204,1810994,594
3.328408396,1811860,866
3.328408396,1812438,578
3.330555588,1813320,882
3.330555588,1813882,562
3.332786274,1814780,898
3.332786274,1815326,546
3.334933466,1816240,914
3.334933466,1816770,530
3.337080658,1817700,930
3.337080658,1818214,514
3.339228250,1819160,946
3.339228250,1819658,498
3.341382000,1820620,962
3.341382000,1821102,482
3.343612686,1822080,978
3.343612686,1822546,466
3.345759878,1823540,994
3.345759878,1823990,450
3.347907070,1825000,1010
3.347907070,1825434,434
3.350054262,1826460,1026
3.350054262,1826878,418
3.352201454,1827920,1042
3.352201454,1828322,402
3.354366175,1829380,1058
3.354366175,1829766,386
3.356530896,1830840,1074
3.356530896,1831210,370
3.358695617,1832300,1090
3.358695617,1832654,354
3.360951528,1833760,1106
3.360951528,1834098,338
3.363116249,1835220,1122
3.363116249,1835542,322
3.365280970,1836680,1138
3.365280970,1836986,306
3.367445691,1838140,1154
3.367445691,1838430,290
3.369610412,1839600,1170
3.369610412,1839874,274
3.371859308,1841060,1186
3.371859308,1841318,258
3.374024029,1842520,1202
3.374024029,1842762,242
3.376188750,1843980,1218
3.376188750,1844206,226
3.378353471,1845440,1234
3.378353471,1845650,210
3.380518592,1846900,1250
3.380518592,1847094,194
3.382689927,1848360,1266
3.382689927,1848538,178
3.384854648,1849820,1282
3.384854648,1849982,162
3.387019369,1851280,1298
3.387019369,1851426,146
3.389268265,1852740,1314
3.389268265,1852870,130
3.391432986,1854200,1330
3.391432986,1854314,114
3.393597707,1855660,1346
3.393597707,1855758,98
3.395762428,1857120,1362
3.395762428,1857202,82
3.397927149,1858580,1378
3.397927149,1858646,66
3.400176365,1860040,1394
3.400176365,1860090,50
3.402346297,1861500,1410
3.402346297,1861534,34
3.404509615,1862960,1426
3.404509615,1862978,18
3.406672933,1864420,1442
3.406672933,1864422,2
3.408836331,1865874,1452
3.411001052,1865880,6
3.411001052,1867319,1439
3.413165773,1867340,21
3.413165773,1868764,1424
3.415330494,1868800,36
3.415330494,1870209,1409
3.417579390,1870260,51
3.417579390,1871654,1394
3.419744111,1871720,66
3.419744111,1873098,1378
3.421909232,1873180,82
3.421909232,1874542,1362
3.424080567,1874640,98
3.424080567,1875986,1346
3.426245288,1876100,114
3.426245288,1877430,1330
3.428494184,1877560,130
3.428494184,1878874,1314
3.430658905,1879020,146
3.430658905,1880318,1298
3.432823626,1880480,162
3.432823626,1881762,1282
3.434988347,1881940,178
3.434988347,1883206,1266
3.437153068,1883400,194
3.437153068,1884650,1250
3.439401964,1884860,210
3.439401964,1886094,1234
3.441567085,1886320,226
3.441567085,1887538,1218
3.443738420,1887780,242
3.443738420,1888982,1202
3.445903141,1889240,258
3.445903141,1890426,1186
3.448067862,1890700,274
3.448067862,1891870,1170
3.450232583,1892160,290
3.450232583,1893314,1154
3.452552811,1893620,306
3.452552811,1894758,1138
3.454873039,1895080,322
3.454873039,1896202,1122
3.457193267,1896540,338
3.457193267,1897646,1106
3.459603717,1898000,354
3.459603717,1899090,1090
3.461923945,1899460,370
3.461923945,1900534,1074
3.464244573,1900920,386
3.464244573,1901978,1058
3.466571919,1902380,402
3.466571919,1903422,1042
3.468892147,1903840,418
3.468892147,1904866,1026
3.471302597,1905300,434
3.471302597,1906310,1010
3.473622825,1906760,450
3.473622825,1907754,994
3.475943053,1908220,466
3.475943053,1909198,978
3.478263281,1909680,482
3.478263281,1910642,962
3.480583509,1911140,498
3.480583509,1912086,946
3.482903737,1912600,514
3.482903737,1913530,930
3.485223965,1914060,530
3.485223965,1914974,914
3.487544593,1915520,546
3.487544593,1916418,898
3.489962161,1916980,562
3.489962161,1917862,882
3.492282389,1918440,578
3.492282389,1919306,866
3.494602617,1919900,594
3.494602617,1920750,850
3.496922845,1921360,610
3.496922845,1922194,834
3.499243073,1922820,626
3.499243073,1923638,818
3.501653523,1924280,642
3.501653523,1925082,802
3.503973751,1925740,658
3.503973751,1926526,786
3.506293979,1927200,674
3.506293979,1927970,770
3.508614607,1928660,690
3.508614607,1929414,754
3.510941953,1930120,706
3.510941953,1930858,738
3.513352403,1931580,722
3.513352403,1932302,722
3.515672631,1933040,738
3.515672631,1933746,706
3.517992859,1934500,754
3.517992859,1935190,690
3.520313087,1935960,770
3.520313087,1936634,674
3.522633315,1937420,786
3.522633315,1938078,658
3.524953543,1938880,802
3.524953543,1939522,642
3.527273771,1940340,818
3.527273771,1940966,626
3.529593999,1941800,834
3.529593999,1942410,610
3.532011968,1943260,850
3.532011968,1943854,594
3.534332196,1944720,866
3.534332196,1945298,578
3.536652424,1946180,882
3.536652424,1946742,562
3.538972652,1947640,898
3.538972652,1948186,546
3.541292880,1949100,914
3.541292880,1949630,530
3.543703330,1950560,930
3.543703330,1951074,514
3.546023558,1952020,946
3.546023558,1952518,498
3.548343786,1953480,962
3.548343786,1953962,482
3.550664014,1954940,978
3.550664014,1955406,466
3.552773772,1956400,994
3.552773772,1956850,450
3.554889565,1957860,1010
3.554889565,1958294,434
3.556998923,1959320,1026
3.556998923,1959738,418
3.559108281,1960780,1042
3.559108281,1961182,402
3.561299662,1962240,1058
3.561299662,1962626,386
3.563409020,1963700,1074
3.563409020,1964070,370
3.565518378,1965160,1090
3.565518378,1965514,354
3.567627736,1966620,1106
3.567627736,1966958,338
3.569737094,1968080,1122
3.569737094,1968402,322
3.571928875,1969540,1138
3.571928875,1969846,306
3.574044668,1971000,1154
3.574044668,1971290,290
3.576154026,1972460,1170
3.576154026,1972734,274
3.578263384,1973920,1186
3.578263384,1974178,258
3.580372742,1975380,1202
3.580372742,1975622,242
3.582482100,1976840,1218
3.582482100,1977066,226
3.584591458,1978300,1234
3.584591458,1978510,210
3.586700816,1979760,1250
3.586700816,1979954,194
3.588892197,1981220,1266
3.588892197,1981398,178
3.591001555,1982680,1282
3.591001555,1982842,162
3.593111313,1984140,1298
3.593111313,1984286,146
3.595227106,1985600,1314
3.595227106,1985730,130
3.597336464,1987060,1330
3.597336464,1987174,114
3.599527845,1988520,1346
3.599527845,1988618,98
3.601637203,1989980,1362
3.601637203,1990062,82
3.603746561,1991440,1378
3.603746561,1991506,66
3.605855839,1992900,1394
3.605855839,1992950,50
3.607963830,1994360,1410
3.607963830,1994394,34
3.610153844,1995820,1426
3.610153844,1995838,18
3.612262235,1997280,1442
3.612262235,1997282,2
3.614376741,1998734,1452
3.616486099,1998740,6
3.616486099,2000179,1439
3.618595457,2000200,21
3.618595457,2001624,1424
3.620704815,2001660,36
3.620704815,2003069,1409
3.622814173,2003120,51
3.622814173,2004514,1394
3.624923531,2004580,66
3.624923531,2005958,1378
3.627114912,2006040,82
3.627114912,2007402,1362
3.629224270,2007500,98
3.629224270,2008846,1346
3.631333628,2008960,114
3.631333628,2010290,1330
3.633443386,2010420,130
3.633443386,2011734,1314
3.635559179,2011880,146
3.635559179,2013178,1298
3.637750560,2013340,162
3.637750560,2014622,1282
3.639859918,2014800,178
3.639859918,2016066,1266
3.641969276,2016260,194
3.641969276,2017510,1250
3.644078634,2017720,210
3.644078634,2018954,1234
3.646187992,2019180,226
3.646187992,2020398,1218
3.648297350,2020640,242
3.648297350,2021842,1202
3.650406708,2022100,258
3.650406708,2023286,1186
3.652707336,2023560,274
3.652707336,2024730,1170
3.655104879,2025020,290
3.655104879,2026174,1154
3.657405507,2026480,306
3.657405507,2027618,1138
3.659706135,2027940,322
3.659706135,2029062,1122
3.662006763,2029400,338
3.662006763,2030506,1106
3.664307391,2030860,354
3.664307391,2031950,1090
3.666697479,2032320,370
3.666697479,2033394,1074
3.668998107,2033780,386
3.668998107,2034838,1058
3.671298735,2035240,402
3.671298735,2036282,1042
3.673599363,2036700,418
3.673599363,2037726,1026
3.675900391,2038160,434
3.675900391,2039170,1010
3.678208074,2039620,450
3.678208074,2040614,994
3.680508702,2041080,466
3.680508702,2042058,978
3.682809330,2042540,482
3.682809330,2043502,962
3.685199418,2044000,498
3.685199418,2044946,946
3.687500046,2045460,514
3.687500046,2046390,930
3.689800674,2046920,530
3.689800674,2047834,914
3.692101302,2048380,546
3.692101302,2049278,898
3.694401930,2049840,562
3.694401930,2050722,882
3.696792418,2051300,578
3.696792418,2052166,866
3.699100101,2052760,594
3.699100101,2053610,850
3.701400729,2054220,610
3.701400729,2055054,834
3.703701357,2055680,626
3.703701357,2056498,818
3.706001985,2057140,642
3.706001985,2057942,802
3.708392073,2058600,658
3.708392073,2059386,786
3.710692701,2060060,674
3.710692701,2060830,770
3.712993329,2061520,690
3.712993329,2062274,754
3.715293957,2062980,706
3.715293957,2063718,738
3.717594585,2064440,722
3.717594585,2065162,722
3.719895613,2065900,738
3.719895613,2066606,706
3.722203296,2067360,754
3.722203296,2068050,690
3.724503924,2068820,770
3.724503924,2069494,674
3.726894012,2070280,786
3.726894012,2070938,658
3.729194640,2071740,802
3.729194640,2072382,642
3.731495268,2073200,818
3.731495268,2073826,626
3.733795896,2074660,834
3.733795896,2075270,610
3.736096524,2076120,850
3.736096524,2076714,594
3.738486612,2077580,866
3.738486612,2078158,578
3.740787640,2079040,882
3.740787640,2079602,562
3.743095323,2080500,898
3.743095323,2081046,546
3.745395951,2081960,914
3.745395951,2082490,530
3.747696579,2083420,930
3.747696579,2083934,514
3.749997207,2084880,946
3.749997207,2085378,498
3.752297835,2086340,962
3.752297835,2086822,482
3.754465690,2087800,978
3.754465690,2088266,466
3.756717842,2089260,994
3.756717842,2089710,450
3.758885697,2090720,1010
3.758885697,2091154,434
3.761053552,2092180,1026
3.761053552,2092598,418
3.763221807,2093640,1042
3.763221807,2094042,402
3.765396287,2095100,1058
3.765396287,2095486,386
3.767648439,2096560,1074
3.767648439,2096930,370
3.769816294,2098020,1090
3.769816294,2098374,354
3.771984149,2099480,1106
3.771984149,2099818,338
3.774152004,2100940,1122
3.774152004,2101262,322
3.776319859,2102400,1138
3.776319859,2102706,306
3.778487714,2103860,1154
3.778487714,2104150,290
3.780655569,2105320,1170
3.780655569,2105594,274
3.782823424,2106780,1186
3.782823424,2107038,258
3.785082601,2108240,1202
3.785082601,2108482,242
3.787250456,2109700,1218
3.787250456,2109926,226
3.789418311,2111160,1234
3.789418311,2111370,210
3.791586166,2112620,1250
3.791586166,2112814,194
3.793754021,2114080,1266
3.793754021,2114258,178
3.796006173,2115540,1282
3.796006173,2115702,162
3.798174028,2117000,1298
3.798174028,2117146,146
3.800341883,2118460,1314
3.800341883,2118590,130
3.802509738,2119920,1330
3.802509738,2120034,114
3.804677993,2121380,1346
3.804677993,2121478,98
3.806936770,2122840,1362
3.806936770,2122922,82
3.809104625,2124300,1378
3.809104625,2124366,66
3.811272400,2125760,1394
3.811272400,2125810,50
3.813438850,2127220,1410
3.813438850,2127254,34
3.815605300,2128680,1426
3.815605300,2128698,18
3.817771750,2130140,1442
3.817771750,2130142,2
3.819938280,2131594,1452
3.822106135,2131600,6
3.822106135,2133039,1439
3.824358687,2133060,21
3.824358687,2134484,1424
3.826533167,2134520,36
3.826533167,2135929,1409
3.828701022,2135980,51
3.828701022,2137374,1394
3.830868877,2137440,66
3.830868877,2138818,1378
3.833036732,2138900,82
3.833036732,2140262,1362
3.835288884,2140360,98
3.835288884,2141706,1346
3.837456739,2141820,114
3.837456739,2143150,1330
3.839624594,2143280,130
3.839624594,2144594,1314
3.841792449,2144740,146
3.841792449,2146038,1298
3.843960304,2146200,162
3.843960304,2147482,1282
3.846128559,2147660,178
3.846128559,2148926,1266
3.848303039,2149120,194
3.848303039,2150370,1250
3.850470894,2150580,210
3.850470894,2151814,1234
3.852623772,2152040,226
3.852623772,2153258,1218
3.854696069,2153500,242
3.854696069,2154702,1202
3.856768366,2154960,258
3.856768366,2156146,1186
3.858840663,2156420,274
3.858840663,2157590,1170
3.860912960,2157880,290
3.860912960,2159034,1154
3.863065838,2159340,306
3.863065838,2160478,1138
3.865138535,2160800,322
3.865138535,2161922,1122
3.867217147,2162260,338
3.867217147,2163366,1106
3.869289444,2163720,354
3.869289444,2164810,1090
3.871361741,2165180,370
3.871361741,2166254,1074
3.873514619,2166640,386
3.873514619,2167698,1058
3.875586916,2168100,402
3.875586916,2169142,1042
3.877659213,2169560,418
3.877659213,2170586,1026
3.879731510,2171020,434
3.879731510,2172030,1010
3.881803807,2172480,450
3.881803807,2173474,994
3.883876104,2173940,466
3.883876104,2174918,978
3.885948801,2175400,482
3.885948801,2176362,962
3.888027413,2176860,498
3.888027413,2177806,946
3.890099710,2178320,514
3.890099710,2179250,930
3.892252588,2179780,530
3.892252588,2180694,914
3.894324885,2181240,546
3.894324885,2182138,898
3.896397182,2182700,562
3.896397182,2183582,882
3.898469479,2184160,578
3.898469479,2185026,866
3.900541776,2185620,594
3.900541776,2186470,850
3.902694654,2187080,610
3.902694654,2187914,834
3.904767351,2188540,626
3.904767351,2189358,818
3.906845963,2190000,642
3.906845963,2190802,802
3.908918260,2191460,658
3.908918260,2192246,786
3.910990557,2192920,674
3.910990557,2193690,770
3.913062854,2194380,690
3.913062854,2195134,754
3.915135151,2195840,706
3.915135151,2196578,738
3.917207448,2197300,722
3.917207448,2198022,722
3.919360326,2198760,738
3.919360326,2199466,706
3.921432623,2200220,754
3.921432623,2200910,690
3.923504920,2201680,770
3.923504920,2202354,674
3.925577617,2203140,786
3.925577617,2203798,658
3.927656229,2204600,802
3.927656229,2205242,642
3.929809107,2206060,818
3.929809107,2206686,626
3.931881404,2207520,834
3.931881404,2208130,610
3.933953701,2208980,850
3.933953701,2209574,594
3.936025998,2210440,866
3.936025998,2211018,578
3.938098295,2211900,882
3.938098295,2212462,562
3.940170592,2213360,898
3.940170592,2213906,546
3.942242889,2214820,914
3.942242889,2215350,530
3.944315186,2216280,930
3.944315186,2216794,514
3.946474780,2217740,946
3.946474780,2218238,498
3.948547077,2219200,962
3.948547077,2219682,482
3.950619374,2220660,978
3.950619374,2221126,466
3.952724582,2222120,994
3.952724582,2222570,450
3.954829790,2223580,1010
3.954829790,2224014,434
3.957016859,2225040,1026
3.957016859,2225458,418
3.959122067,2226500,1042
3.959122067,2226902,402
3.961227275,2227960,1058
3.961227275,2228346,386
3.963332483,2229420,1074
3.963332483,2229790,370
3.965438091,2230880,1090
3.965438091,2231234,354
3.967631582,2232340,1106
3.967631582,2232678,338
3.969736790,2233800,1122
3.969736790,2234122,322
3.971841998,2235260,1138
3.971841998,2235566,306
3.973947206,2236720,1154
3.973947206,2237010,290
3.976052414,2238180,1170
3.976052414,2238454,274
3.978157622,2239640,1186
3.978157622,2239898,258
3.980262830,2241100,1202
3.980262830,2241342,242
3.982368038,2242560,1218
3.982368038,2242786,226
3.984555507,2244020,1234
3.984555507,2244230,210
3.986667137,2245480,1250
3.986667137,2245674,194
3.988772345,2246940,1266
3.988772345,2247118,178
3.990877553,2248400,1282
3.990877553,2248562,162
3.992982761,2249860,1298
3.992982761,2250006,146
3.995169830,2251320,1314
3.995169830,2251450,130
3.997275038,2252780,1330
3.997275038,2252894,114
3.999380246,2254240,1346
3.999380246,2254338,98
4.001485454,2255700,1362
4.001485454,2255782,82
4.003590662,2257160,1378
4.003590662,2257226,66
4.005696190,2258620,1394
4.005696190,2258670,50
4.007806456,2260080,1410
4.007806456,2260114,34
4.009910300,2261540,1426
4.009910300,2261558,18
4.012096005,2263000,1442
4.012096005,2263002,2
4.014199929,2264454,1452
4.016305137,2264460,6
4.016305137,2265899,1439
4.018410345,2265920,21
4.018410345,2267344,1424
4.020515553,2267380,36
4.020515553,2268789,1409
4.022702622,2268840,51
4.022702622,2270234,1394
4.024808230,2270300,66
4.024808230,2271678,1378
4.026919860,2271760,82
4.026919860,2273122,1362
4.029025068,2273220,98
4.029025068,2274566,1346
4.031130276,2274680,114
4.031130276,2276010,1330
4.033235484,2276140,130
4.033235484,2277454,1314
4.035340692,2277600,146
4.035340692,2278898,1298
4.037445900,2279060,162
4.037445900,2280342,1282
4.039632969,2280520,178
4.039632969,2281786,1266
4.041738177,2281980,194
4.041738177,2283230,1250
4.043843385,2283440,210
4.043843385,2284674,1234
4.045948993,2284900,226
4.045948993,2286118,1218
4.048060623,2286360,242
4.048060623,2287562,1202
4.050247692,2287820,258
4.050247692,2289006,1186
4.052393887,2289280,274
4.052393887,2290450,1170
4.054540082,2290740,290
4.054540082,2291894,1154
4.056686277,2292200,306
4.056686277,2293338,1138
4.058832472,2293660,322
4.058832472,2294782,1122
4.061062122,2295120,338
4.061062122,2296226,1106
4.063208317,2296580,354
4.063208317,2297670,1090
4.065354912,2298040,370
4.065354912,2299114,1074
4.067507662,2299500,386
4.067507662,2300558,1058
4.069653857,2300960,402
4.069653857,2302002,1042
4.071800052,2302420,418
4.071800052,2303446,1026
4.073946247,2303880,434
4.073946247,2304890,1010
4.076092442,2305340,450
4.076092442,2306334,994
4.078322092,2306800,466
4.078322092,2307778,978
4.080468287,2308260,482
4.080468287,2309222,962
4.082614482,2309720,498
4.082614482,2310666,946
4.084760677,2311180,514
4.084760677,2312110,930
4.086907272,2312640,530
4.086907272,2313554,914
4.089143477,2314100,546
4.089143477,2314998,898
4.091289672,2315560,562
4.091289672,2316442,882
4.093435867,2317020,578
4.093435867,2317886,866
4.095582062,2318480,594
4.095582062,2319330,850
4.097728257,2319940,610
4.097728257,2320774,834
4.099874452,2321400,626
4.099874452,2322218,818
4.102020647,2322860,642
4.102020647,2323662,802
4.104166842,2324320,658
4.104166842,2325106,786
4.106396892,2325780,674
4.106396892,2326550,770
4.108549642,2327240,690
4.108549642,2327994,754
4.110695837,2328700,706
4.110695837,2329438,738
4.112842032,2330160,722
4.112842032,2330882,722
4.114988227,2331620,738
4.114988227,2332326,706
4.117217877,2333080,754
4.117217877,2333770,690
4.119364072,2334540,770
4.119364072,2335214,674
4.121510267,2336000,786
4.121510267,2336658,658
4.123656462,2337460,802
4.123656462,2338102,642
4.125802657,2338920,818
4.125802657,2339546,626
4.127949252,2340380,834
4.127949252,2340990,610
4.130102002,2341840,850
4.130102002,2342434,594
4.132248197,2343300,866
4.132248197,2343878,578
4.134477847,2344760,882
4.134477847,2345322,562
4.136624042,2346220,898
4.136624042,2346766,546
4.138770237,2347680,914
4.138770237,2348210,530
4.140916432,2349140,930
4.140916432,2349654,514
4.143062627,2350600,946
4.143062627,2351098,498
4.145292277,2352060,962
4.145292277,2352542,482
4.147438872,2353520,978
4.147438872,2353986,466
4.149591622,2354980,994
4.149591622,2355430,450
4.151737817,2356440,1010
4.151737817,2356874,434
4.154196436,2357900,1026
4.154196436,2358318,418
4.156750659,2359360,1042
4.156750659,2359762,402
4.159209278,2360820,1058
4.159209278,2361206,386
4.161667897,2362280,1074
4.161667897,2362650,370
4.164126516,2363740,1090
4.164126516,2364094,354
4.166585135,2365200,1106
4.166585135,2365538,338
4.169043754,2366660,1122
4.169043754,2366982,322
4.171502773,2368120,1138
4.171502773,2368426,306
4.173968959,2369580,1154
4.173968959,2369870,290
4.176523182,2371040,1170
4.176523182,2371314,274
4.178981801,2372500,1186
4.178981801,2372758,258
4.181440420,2373960,1202
4.181440420,2374202,242
4.183899039,2375420,1218
4.183899039,2375646,226
4.186357658,2376880,1234
4.186357658,2377090,210
4.188911881,2378340,1250
4.188911881,2378534,194
4.191370500,2379800,1266
4.191370500,2379978,178
4.193829519,2381260,1282
4.193829519,2381422,162
4.196295705,2382720,1298
4.196295705,2382866,146
4.198754324,2384180,1314
4.198754324,2384310,130
4.201212943,2385640,1330
4.201212943,2385754,114
4.203671562,2387100,1346
4.203671562,2387198,98
4.206130181,2388560,1362
4.206130181,2388642,82
4.208684404,2390020,1378
4.208684404,2390086,66
4.211142943,2391480,1394
4.211142943,2391530,50
4.213599969,2392940,1410
4.213599969,2392974,34
4.216056995,2394400,1426
4.216056995,2394418,18
4.218514421,2395860,1442
4.218514421,2395862,2
4.221074698,2397314,1452
4.223533317,2397320,6
4.223533317,2398759,1439
4.225991936,2398780,21
4.225991936,2400204,1424
4.228450555,2400240,36
4.228450555,2401649,1409
4.230909174,2401700,51
4.230909174,2403094,1394
4.233367793,2403160,66
4.233367793,2404538,1378
4.235826412,2404620,82
4.235826412,2405982,1362
4.238285031,2406080,98
4.238285031,2407426,1346
4.240839654,2407540,114
4.240839654,2408870,1330
4.243305840,2409000,130
4.243305840,2410314,1314
4.245764459,2410460,146
4.245764459,2411758,1298
4.248223078,2411920,162
4.248223078,2413202,1282
4.250681697,2413380,178
4.250681697,2414646,1266
4.253051524,2414840,194
4.253051524,2416090,1250
4.255332649,2416300,210
4.255332649,2417534,1234
4.257613774,2417760,226
4.257613774,2418978,1218
4.259894899,2419220,242
4.259894899,2420422,1202
4.262176024,2420680,258
4.262176024,2421866,1186
4.264553243,2422140,274
4.264553243,2423310,1170
4.266834368,2423600,290
4.266834368,2424754,1154
4.269115493,2425060,306
4.269115493,2426198,1138
4.271396618,2426520,322
4.271396618,2427642,1122
4.273677743,2427980,338
4.273677743,2429086,1106
4.275958868,2429440,354
4.275958868,2430530,1090
4.278239993,2430900,370
4.278239993,2431974,1074
4.280521118,2432360,386
4.280521118,2433418,1058
4.282890945,2433820,402
4.282890945,2434862,1042
4.285172470,2435280,418
4.285172470,2436306,1026
4.287460587,2436740,434
4.287460587,2437750,1010
4.289741712,2438200,450
4.289741712,2439194,994
4.292022837,2439660,466
4.292022837,2440638,978
4.294392664,2441120,482
4.294392664,2442082,962
4.296673789,2442580,498
4.296673789,2443526,946
4.298954914,2444040,514
4.298954914,2444970,930
4.301236039,2445500,530
4.301236039,2446414,914
4.303517164,2446960,546
4.303517164,2447858,898
4.305798289,2448420,562
4.305798289,2449302,882
4.308079814,2449880,578
4.308079814,2450746,866
4.310367931,2451340,594
4.310367931,2452190,850
4.312737758,2452800,610
4.312737758,2453634,834
4.315018883,2454260,626
4.315018883,2455078,818
4.317300008,2455720,642
4.317300008,2456522,802
4.319581133,2457180,658
4.319581133,2457966,786
4.321862258,2458640,674
4.321862258,2459410,770
4.324232085,2460100,690
4.324232085,2460854,754
4.326513210,2461560,706
4.326513210,2462298,738
4.328794735,2463020,722
4.328794735,2463742,722
4.331082852,2464480,738
4.331082852,2465186,706
4.333363977,2465940,754
4.333363977,2466630,690
4.335645102,2467400,770
4.335645102,2468074,674
4.338014929,2468860,786
4.338014929,2469518,658
4.340296054,2470320,802
4.340296054,2470962,642
4.342577179,2471780,818
4.342577179,2472406,626
4.344858304,2473240,834
4.344858304,2473850,610
4.347139429,2474700,850
4.347139429,2475294,594
4.349420554,2476160,866
4.349420554,2476738,578
4.351702079,2477620,882
4.351702079,2478182,562
4.353948184,2479080,898
4.353948184,2479626,546
4.356274506,2480540,914
4.356274506,2481070,530
4.358513755,2482000,930
4.358513755,2482514,514
4.360753004,2483460,946
4.360753004,2483958,498
4.362992253,2484920,962
4.362992253,2485402,482
4.365231502,2486380,978
4.365231502,2486846,466
4.367557824,2487840,994
4.367557824,2488290,450
4.369797073,2489300,1010
4.369797073,2489734,434
4.372036722,2490760,1026
4.372036722,2491178,418
4.374282827,2492220,1042
4.374282827,2492622,402
4.376522076,2493680,1058
4.376522076,2494066,386
4.378761325,2495140,1074
4.378761325,2495510,370
4.381000574,2496600,1090
4.381000574,2496954,354
4.383239823,2498060,1106
4.383239823,2498398,338
4.385566145,2499520,1122
4.385566145,2499842,322
4.387805394,2500980,1138
4.387805394,2501286,306
4.390044643,2502440,1154
4.390044643,2502730,290
4.392283892,2503900,1170
4.392283892,2504174,274
4.394523541,2505360,1186
4.394523541,2505618,258
4.396856719,2506820,1202
4.396856719,2507062,242
4.399095968,2508280,1218
4.399095968,2508506,226
4.401335217,2509740,1234
4.401335217,2509950,210
4.403574466,2511200,1250
4.403574466,2511394,194
4.405813715,2512660,1266
4.405813715,2512838,178
4.408052964,2514120,1282
4.408052964,2514282,162
4.410292213,2515580,1298
4.410292213,2515726,146
4.412531462,2517040,1314
4.412531462,2517170,130
4.414858184,2518500,1330
4.414858184,2518614,114
4.417104289,2519960,1346
4.417104289,2520058,98
4.419343538,2521420,1362
4.419343538,2521502,82
4.421582787,2522880,1378
4.421582787,2522946,66
4.423821956,2524340,1394
4.423821956,2524390,50
4.426146827,2525800,1410
4.426146827,2525834,34
4.428384625,2527260,1426
4.428384625,2527278,18
4.430622423,2528720,1442
4.430622423,2528722,2
4.432860301,2530174,1452
4.435099550,2530180,6
4.435099550,2531619,1439
4.437433129,2531640,21
4.437433129,2533064,1424
4.439672378,2533100,36
4.439672378,2534509,1409
4.441911627,2534560,51
4.441911627,2535954,1394
4.444150876,2536020,66
4.444150876,2537398,1378
4.446390125,2537480,82
4.446390125,2538842,1362
4.448629374,2538940,98
4.448629374,2540286,1346
4.450868623,2540400,114
4.450868623,2541730,1330
4.452935834,2541860,130
4.452935834,2543174,1314
4.455083429,2543320,146
4.455083429,2544618,1298
4.457151040,2544780,162
4.457151040,2546062,1282
4.459224549,2546240,178
4.459224549,2547506,1266
4.461291760,2547700,194
4.461291760,2548950,1250
4.463358971,2549160,210
4.463358971,2550394,1234
4.465506566,2550620,226
4.465506566,2551838,1218
4.467573777,2552080,242
4.467573777,2553282,1202
4.469640988,2553540,258
4.469640988,2554726,1186
4.471708199,2555000,274
4.471708199,2556170,1170
4.473775410,2556460,290
4.473775410,2557614,1154
4.475842621,2557920,306
4.475842621,2559058,1138
4.477910232,2559380,322
4.477910232,2560502,1122
4.479983741,2560840,338
4.479983741,2561946,1106
4.482131336,2562300,354
4.482131336,2563390,1090
4.484198547,2563760,370
4.484198547,2564834,1074
4.486265758,2565220,386
4.486265758,2566278,1058
4.488332969,2566680,402
4.488332969,2567722,1042
4.490400180,2568140,418
4.490400180,2569166,1026
4.492547775,2569600,434
4.492547775,2570610,1010
4.494614986,2571060,450
4.494614986,2572054,994
4.496682597,2572520,466
4.496682597,2573498,978
4.498756106,2573980,482
4.498756106,2574942,962
4.500823317,2575440,498
4.500823317,2576386,946
4.502890528,2576900,514
4.502890528,2577830,930
4.504957739,2578360,530
4.504957739,2579274,914
4.507024950,2579820,546
4.507024950,2580718,898
4.509172545,2581280,562
4.509172545,2582162,882
4.511239756,2582740,578
4.511239756,2583606,866
4.513306967,2584200,594
4.513306967,2585050,850
4.515374178,2585660,610
4.515374178,2586494,834
4.517441789,2587120,626
4.517441789,2587938,818
4.519595682,2588580,642
4.519595682,2589382,802
4.521662893,2590040,658
4.521662893,2590826,786
4.523730104,2591500,674
4.523730104,2592270,770
4.525797315,2592960,690
4.525797315,2593714,754
4.527864526,2594420,706
4.527864526,2595158,738
4.530012121,2595880,722
4.530012121,2596602,722
4.532079332,2597340,738
4.532079332,2598046,706
4.534146543,2598800,754
4.534146543,2599490,690
4.536214154,2600260,770
4.536214154,2600934,674
4.538287663,2601720,786
4.538287663,2602378,658
4.540354874,2603180,802
4.540354874,2603822,642
4.542422085,2604640,818
4.542422085,2605266,626
4.544489296,2606100,834
4.544489296,2606710,610
4.546636891,2607560,850
4.546636891,2608154,594
4.548704102,2609020,866
4.548704102,2609598,578
4.550771313,2610480,882
4.550771313,2611042,562
4.552935972,2611940,898
4.552935972,2612486,546
4.555100631,2613400,914
4.555100631,2613930,530
4.557356477,2614860,930
4.557356477,2615374,514
4.559521136,2616320,946
4.559521136,2616818,498
4.561685795,2617780,962
4.561685795,2618262,482
4.563850454,2619240,978
4.563850454,2619706,466
4.566015113,2620700,994
4.566015113,2621150,450
4.568179772,2622160,1010
4.568179772,2622594,434
4.570344431,2623620,1026
4.570344431,2624038,418
4.572509090,2625080,1042
4.572509090,2625482,402
4.574757922,2626540,1058
4.574757922,2626926,386
4.576922981,2628000,1074
4.576922981,2628370,370
4.579094254,2629460,1090
4.579094254,2629814,354
4.581258913,2630920,1106
4.581258913,2631258,338
4.583423572,2632380,1122
4.583423572,2632702,322
4.585672404,2633840,1138
4.585672404,2634146,306
4.587837063,2635300,1154
4.587837063,2635590,290
4.590001722,2636760,1170
4.590001722,2637034,274
4.592166381,2638220,1186
4.592166381,2638478,258
4.594331040,2639680,1202
4.594331040,2639922,242
4.596495699,2641140,1218
4.596495699,2641366,226
4.598660758,2642600,1234
4.598660758,2642810,210
4.600832031,2644060,1250
4.600832031,2644254,194
4.603080863,2645520,1266
4.603080863,2645698,178
4.605245522,2646980,1282
4.605245522,2647142,162
4.607410181,2648440,1298
4.607410181,2648586,146
4.609574840,2649900,1314
4.609574840,2650030,130
4.611739499,2651360,1330
4.611739499,2651474,114
4.613988331,2652820,1346
4.613988331,2652918,98
4.616152990,2654280,1362
4.616152990,2654362,82
4.618318049,2655740,1378
4.618318049,2655806,66
4.620489242,2657200,1394
4.620489242,2657250,50
4.622652498,2658660,1410
4.622652498,2658694,34
4.624899927,2660120,1426
4.624899927,2660138,18
4.627063183,2661580,1442
4.627063183,2661582,2
4.629226519,2663034,1452
4.631391178,2663040,6
4.631391178,2664479,1439
4.633555837,2664500,21
4.633555837,2665924,1424
4.635720496,2665960,36
4.635720496,2667369,1409
4.637885155,2667420,51
4.637885155,2668814,1394
4.640050214,2668880,66
4.640050214,2670258,1378
4.642305660,2670340,82
4.642305660,2671702,1362
4.644470319,2671800,98
4.644470319,2673146,1346
4.646634978,2673260,114
4.646634978,2674590,1330
4.648799637,2674720,130
4.648799637,2676034,1314
4.650964296,2676180,146
4.650964296,2677478,1298
4.653157029,2677640,162
4.653157029,2678922,1282
4.655267689,2679100,178
4.655267689,2680366,1266
4.657378349,2680560,194
4.657378349,2681810,1250
4.659489409,2682020,210
4.659489409,2683254,1234
4.661606509,2683480,226
4.661606509,2684698,1218
4.663717169,2684940,242
4.663717169,2686142,1202
4.665827829,2686400,258
4.665827829,2687586,1186
4.667938489,2687860,274
4.667938489,2689030,1170
4.670131222,2689320,290
4.670131222,2690474,1154
4.672241882,2690780,306
4.672241882,2691918,1138
4.674352542,2692240,322
4.674352542,2693362,1122
4.676463202,2693700,338
4.676463202,2694806,1106
4.678573862,2695160,354
4.678573862,2696250,1090
4.680773435,2696620,370
4.680773435,2697694,1074
4.682884095,2698080,386
4.682884095,2699138,1058
4.684994755,2699540,402
4.684994755,2700582,1042
4.687105415,2701000,418
4.687105415,2702026,1026
4.689216075,2702460,434
4.689216075,2703470,1010
4.691408808,2703920,450
4.691408808,2704914,994
4.693519468,2705380,466
4.693519468,2706358,978
4.695630128,2706840,482
4.695630128,2707802,962
4.697740788,2708300,498
4.697740788,2709246,946
4.699851848,2709760,514
4.699851848,2710690,930
4.701968948,2711220,530
4.701968948,2712134,914
4.704079608,2712680,546
4.704079608,2713578,898
4.706190268,2714140,562
4.706190268,2715022,882
4.708383001,2715600,578
4.708383001,2716466,866
4.710493661,2717060,594
4.710493661,2717910,850
4.712604321,2718520,610
4.712604321,2719354,834
4.714714981,2719980,626
4.714714981,2720798,818
4.716825641,2721440,642
4.716825641,2722242,802
4.719018774,2722900,658
4.719018774,2723686,786
4.721135874,2724360,674
4.721135874,2725130,770
4.723246534,2725820,690
4.723246534,2726574,754
4.725357194,2727280,706
4.725357194,2728018,738
4.727467854,2728740,722
4.727467854,2729462,722
4.729578514,2730200,738
4.729578514,2730906,706
4.731689174,2731660,754
4.731689174,2732350,690
4.733799834,2733120,770
4.733799834,2733794,674
4.735992567,2734580,786
4.735992567,2735238,658
4.738103227,2736040,802
4.738103227,2736682,642
4.740214287,2737500,818
4.740214287,2738126,626
4.742331387,2738960,834
4.742331387,2739570,610
4.744442047,2740420,850
4.744442047,2741014,594
4.746634780,2741880,866
4.746634780,2742458,578
4.748745440,2743340,882
4.748745440,2743902,562
4.750856100,2744800,898
4.750856100,2745346,546
4.753167179,2746260,914
4.753167179,2746790,530
4.755478258,2747720,930
4.755478258,2748234,514
4.757789337,2749180,946
4.757789337,2749678,498
4.760100416,2750640,962
4.760100416,2751122,482
4.762411895,2752100,978
4.762411895,2752566,466
4.764819929,2753560,994
4.764819929,2754010,450
4.767131008,2755020,1010
4.767131008,2755454,434
4.769442087,2756480,1026
4.769442087,2756898,418
4.771753166,2757940,1042
4.771753166,2758342,402
4.774064245,2759400,1058
4.774064245,2759786,386
4.776375324,2760860,1074
4.776375324,2761230,370
4.778776269,2762320,1090
4.778776269,2762674,354
4.781087348,2763780,1106
4.781087348,2764118,338
4.783398827,2765240,1122
4.783398827,2765562,322
4.785716995,2766700,1138
4.785716995,2767006,306
4.788028074,2768160,1154
4.788028074,2768450,290
4.790429019,2769620,1170
4.790429019,2769894,274
4.792740098,2771080,1186
4.792740098,2771338,258
4.795051177,2772540,1202
4.795051177,2772782,242
4.797362256,2774000,1218
4.797362256,2774226,226
4.799673335,2775460,1234
4.799673335,2775670,210
4.801984414,2776920,1250
4.801984414,2777114,194
4.804295493,2778380,1266
4.804295493,2778558,178
4.806606972,2779840,1282
4.806606972,2780002,162
4.809015006,2781300,1298
4.809015006,2781446,146
4.811326085,2782760,1314
4.811326085,2782890,130
4.813637164,2784220,1330
4.813637164,2784334,114
4.815948243,2785680,1346
4.815948243,2785778,98
4.818259322,2787140,1362
4.818259322,2787222,82
4.820660267,2788600,1378
4.820660267,2788666,66
4.822971266,2790060,1394
4.822971266,2790110,50
4.825280847,2791520,1410
4.825280847,2791554,34
4.827590828,2792980,1426
4.827590828,2792998,18
4.829907498,2794440,1442
4.829907498,2794442,2
4.832217159,2795894,1452
4.834528238,2795900,6
4.834528238,2797339,1439
4.836839317,2797360,21
4.836839317,2798784,1424
4.839240262,2798820,36
4.839240262,2800229,1409
4.841551341,2800280,51
4.841551341,2801674,1394
4.843862420,2801740,66
4.843862420,2803118,1378
4.846173499,2803200,82
4.846173499,2804562,1362
4.848484578,2804660,98
4.848484578,2806006,1346
4.850893012,2806120,114
4.850893012,2807450,1330
4.853289716,2807580,130
4.853289716,2808894,1314
4.855686420,2809040,146
4.855686420,2810338,1298
4.858083124,2810500,162
4.858083124,2811782,1282
4.860479828,2811960,178
4.860479828,2813226,1266
4.862876532,2813420,194
4.862876532,2814670,1250
4.865273236,2814880,210
4.865273236,2816114,1234
4.867669940,2816340,226
4.867669940,2817558,1218
4.870159840,2817800,242
4.870159840,2819002,1202
4.872556944,2819260,258
4.872556944,2820446,1186
4.874961014,2820720,274
4.874961014,2821890,1170
4.877357718,2822180,290
4.877357718,2823334,1154
4.879754422,2823640,306
4.879754422,2824778,1138
4.882244322,2825100,322
4.882244322,2826222,1122
4.884641026,2826560,338
4.884641026,2827666,1106
4.887037730,2828020,354
4.887037730,2829110,1090
4.889434434,2829480,370
4.889434434,2830554,1074
4.891831138,2830940,386
4.891831138,2831998,1058
4.894321438,2832400,402
4.894321438,2833442,1042
4.896725508,2833860,418
4.896725508,2834886,1026
4.899122212,2835320,434
4.899122212,2836330,1010
4.901518916,2836780,450
4.901518916,2837774,994
4.903915620,2838240,466
4.903915620,2839218,978
4.906312324,2839700,482
4.906312324,2840662,962
4.908709028,2841160,498
4.908709028,2842106,946
4.911105732,2842620,514
4.911105732,2843550,930
4.913595632,2844080,530
4.913595632,2844994,914
4.915992336,2845540,546
4.915992336,2846438,898
4.918389440,2847000,562
4.918389440,2847882,882
4.920793510,2848460,578
4.920793510,2849326,866
4.923190214,2849920,594
4.923190214,2850770,850
4.925680114,2851380,610
4.925680114,2852214,834
4.928076818,2852840,626
4.928076818,2853658,818
4.930473522,2854300,642
4.930473522,2855102,802
4.932870226,2855760,658
4.932870226,2856546,786
4.935266930,2857220,674
4.935266930,2857990,770
4.937663634,2858680,690
4.937663634,2859434,754
4.940060338,2860140,706
4.940060338,2860878,738
4.942457442,2861600,722
4.942457442,2862322,722
4.944954708,2863060,738
4.944954708,2863766,706
4.947351412,2864520,754
4.947351412,2865210,690
4.949748116,2865980,770
4.949748116,2866654,674
4.952144820,2867440,786
4.952144820,2868098,658
4.954450907,2868900,802
4.954450907,2869542,642
4.956756994,2870360,818
4.956756994,2870986,626
4.959152753,2871820,834
4.959152753,2872430,610
4.961458840,2873280,850
4.961458840,2873874,594
4.963765327,2874740,866
4.963765327,2875318,578
4.966078487,2876200,882
4.966078487,2876762,562
4.968384574,2877660,898
4.968384574,2878206,546
4.970690661,2879120,914
4.970690661,2879650,530
4.972996748,2880580,930
4.972996748,2881094,514
4.975392507,2882040,946
4.975392507,2882538,498
4.977698594,2883500,962
4.977698594,2883982,482
4.980004681,2884960,978
4.980004681,2885426,466
4.982310768,2886420,994
4.982310768,2886870,450
4.984616855,2887880,1010
4.984616855,2888314,434
4.986923342,2889340,1026
4.986923342,2889758,418
4.989326174,2890800,1042
4.989326174,2891202,402
4.991632261,2892260,1058
4.991632261,2892646,386
4.993938348,2893720,1074
4.993938348,2894090,370
4.996244435,2895180,1090
4.996244435,2895534,354
4.998550522,2896640,1106
4.998550522,2896978,338
5.000946281,2898100,1122
5.000946281,2898422,322
5.003252368,2899560,1138
5.003252368,2899866,306
5.005558455,2901020,1154
5.005558455,2901310,290
5.007864942,2902480,1170
5.007864942,2902754,274
5.010178102,2903940,1186
5.010178102,2904198,258
5.012484189,2905400,1202
5.012484189,2905642,242
5.014790276,2906860,1218
5.014790276,2907086,226
5.017096363,2908320,1234
5.017096363,2908530,210
5.019492122,2909780,1250
5.019492122,2909974,194
5.021798209,2911240,1266
5.021798209,2911418,178
5.024104296,2912700,1282
5.024104296,2912862,162
5.026410383,2914160,1298
5.026410383,2914306,146
5.028716470,2915620,1314
5.028716470,2915750,130
5.031119702,2917080,1330
5.031119702,2917194,114
5.033425789,2918540,1346
5.033425789,2918638,98
5.035731876,2920000,1362
5.035731876,2920082,82
5.038037963,2921460,1378
5.038037963,2921526,66
5.040343970,2922920,1394
5.040343970,2922970,50
5.042648562,2924380,1410
5.042648562,2924414,34
5.044953154,2925840,1426
5.044953154,2925858,18
5.047257746,2927300,1442
5.047257746,2927302,2
5.049652090,2928754,1452
5.051958577,2928760,6
5.051958577,2930199,1439
5.054197308,2930220,21
5.054197308,2931644,1424
5.056429207,2931680,36
5.056429207,2933089,1409
5.058661106,2933140,51
5.058661106,2934534,1394
5.060979793,2934600,66
5.060979793,2935978,1378
5.063211692,2936060,82
5.063211692,2937422,1362
5.065443591,2937520,98
5.065443591,2938866,1346
5.067675490,2938980,114
5.067675490,2940310,1330
5.069907389,2940440,130
5.069907389,2941754,1314
5.072139288,2941900,146
5.072139288,2943198,1298
5.074371587,2943360,162
5.074371587,2944642,1282
5.076697106,2944820,178
5.076697106,2946086,1266
5.078929005,2946280,194
5.078929005,2947530,1250
5.081160904,2947740,210
5.081160904,2948974,1234
5.083392803,2949200,226
5.083392803,2950418,1218
5.085624702,2950660,242
5.085624702,2951862,1202
5.087856601,2952120,258
5.087856601,2953306,1186
5.090175288,2953580,274
5.090175288,2954750,1170
5.092407187,2955040,290
5.092407187,2956194,1154
5.094639486,2956500,306
5.094639486,2957638,1138
5.096878217,2957960,322
5.096878217,2959082,1122
5.099110116,2959420,338
5.099110116,2960526,1106
5.101428803,2960880,354
5.101428803,2961970,1090
5.103660702,2962340,370
5.103660702,2963414,1074
5.105892601,2963800,386
5.105892601,2964858,1058
5.108124500,2965260,402
5.108124500,2966302,1042
5.110356399,2966720,418
5.110356399,2967746,1026
5.112588298,2968180,434
5.112588298,2969190,1010
5.114820197,2969640,450
5.114820197,2970634,994
5.117052496,2971100,466
5.117052496,2972078,978
5.119378015,2972560,482
5.119378015,2973522,962
5.121609914,2974020,498
5.121609914,2974966,946
5.123841813,2975480,514
5.123841813,2976410,930
5.126073712,2976940,530
5.126073712,2977854,914
5.128305611,2978400,546
5.128305611,2979298,898
5.130624298,2979860,562
5.130624298,2980742,882
5.132856197,2981320,578
5.132856197,2982186,866
5.135088096,2982780,594
5.135088096,2983630,850
5.137320395,2984240,610
5.137320395,2985074,834
5.139559126,2985700,626
5.139559126,2986518,818
5.141791025,2987160,642
5.141791025,2987962,802
5.144022924,2988620,658
5.144022924,2989406,786
5.146254823,2990080,674
5.146254823,2990850,770
5.148573510,2991540,690
5.148573510,2992294,754
5.150805409,2993000,706
5.150805409,2993738,738
5.153034868,2994460,722
5.153034868,2995182,722
5.155264327,2995920,738
5.155264327,2996626,706
5.157493786,2997380,754
5.157493786,2998070,690
5.159817162,2998840,770
5.159817162,2999514,674
5.162046621,3000300,786
5.162046621,3000958,658
5.164276080,3001760,802
5.164276080,3002402,642
5.166505539,3003220,818
5.166505539,3003846,626
5.168734998,3004680,834
5.168734998,3005290,610
5.171051150,3006140,850
5.171051150,3006734,594
5.173280609,3007600,866
5.173280609,3008178,578
5.175510068,3009060,882
5.175510068,3009622,562
5.177739527,3010520,898
5.177739527,3011066,546
5.179969386,3011980,914
5.179969386,3012510,530
5.182205669,3013440,930
5.182205669,3013954,514
5.184435128,3014900,946
5.184435128,3015398,498
5.186664587,3016360,962
5.186664587,3016842,482
5.188980739,3017820,978
5.188980739,3018286,466
5.191210198,3019280,994
5.191210198,3019730,450
5.193439657,3020740,1010
5.193439657,3021174,434
5.195669116,3022200,1026
5.195669116,3022618,418
5.197898575,3023660,1042
5.197898575,3024062,402
5.200215127,3025120,1058
5.200215127,3025506,386
5.202451410,3026580,1074
5.202451410,3026950,370
5.204680869,3028040,1090
5.204680869,3028394,354
5.206910328,3029500,1106
5.206910328,3029838,338
5.209139787,3030960,1122
5.209139787,3031282,322
5.211369246,3032420,1138
5.211369246,3032726,306
5.213598705,3033880,1154
5.213598705,3034170,290
5.215828164,3035340,1170
5.215828164,3035614,274
5.218144316,3036800,1186
5.218144316,3037058,258
5.220373775,3038260,1202
5.220373775,3038502,242
5.222603634,3039720,1218
5.222603634,3039946,226
5.224839917,3041180,1234
5.224839917,3041390,210
5.227069376,3042640,1250
5.227069376,3042834,194
5.229385528,3044100,1266
5.229385528,3044278,178
5.231614987,3045560,1282
5.231614987,3045722,162
5.233844446,3047020,1298
5.233844446,3047166,146
5.236073905,3048480,1314
5.236073905,3048610,130
5.238303364,3049940,1330
5.238303364,3050054,114
5.240532823,3051400,1346
5.240532823,3051498,98
5.242762282,3052860,1362
5.242762282,3052942,82
5.244992141,3054320,1378
5.244992141,3054386,66
5.247228344,3055780,1394
5.247228344,3055830,50
5.249543051,3057240,1410
5.249543051,3057274,34
5.251771065,3058700,1426
5.251771065,3058718,18
5.253961109,3060160,1442
5.253961109,3060162,2
5.256151233,3061614,1452
5.258342697,3061620,6
5.258342697,3063059,1439
5.260619376,3063080,21
5.260619376,3064504,1424
5.262810840,3064540,36
5.262810840,3065949,1409
5.265002704,3066000,51
5.265002704,3067394,1394
5.267200870,3067460,66
5.267200870,3068838,1378
5.269392334,3068920,82
5.269392334,3070282,1362
5.271669013,3070380,98
5.271669013,3071726,1346
5.273860477,3071840,114
5.273860477,3073170,1330
5.276051941,3073300,130
5.276051941,3074614,1314
5.278243405,3074760,146
5.278243405,3076058,1298
5.280434869,3076220,162
5.280434869,3077502,1282
5.282626333,3077680,178
5.282626333,3078946,1266
5.284817797,3079140,194
5.284817797,3080390,1250
5.287009661,3080600,210
5.287009661,3081834,1234
5.289293042,3082060,226
5.289293042,3083278,1218
5.291484506,3083520,242
5.291484506,3084722,1202
5.293675970,3084980,258
5.293675970,3086166,1186
5.295867434,3086440,274
5.295867434,3087610,1170
5.298058898,3087900,290
5.298058898,3089054,1154
5.300335577,3089360,306
5.300335577,3090498,1138
5.302527041,3090820,322
5.302527041,3091942,1122
5.304718505,3092280,338
5.304718505,3093386,1106
5.306910369,3093740,354
5.306910369,3094830,1090
5.309108535,3095200,370
5.309108535,3096274,1074
5.311299999,3096660,386
5.311299999,3097718,1058
5.313491463,3098120,402
5.313491463,3099162,1042
5.315682927,3099580,418
5.315682927,3100606,1026
5.317959606,3101040,434
5.317959606,3102050,1010
5.320151070,3102500,450
5.320151070,3103494,994
5.322342534,3103960,466
5.322342534,3104938,978
5.324533998,3105420,482
5.324533998,3106382,962
5.326725462,3106880,498
5.326725462,3107826,946
5.329009243,3108340,514
5.329009243,3109270,930
5.331200707,3109800,530
5.331200707,3110714,914
5.333392171,3111260,546
5.333392171,3112158,898
5.335583635,3112720,562
5.335583635,3113602,882
5.337775099,3114180,578
5.337775099,3115046,866
5.339966563,3115640,594
5.339966563,3116490,850
5.342158027,3117100,610
5.342158027,3117934,834
5.344434706,3118560,626
5.344434706,3119378,818
5.346626170,3120020,642
5.346626170,3120822,802
5.348818034,3121480,658
5.348818034,3122266,786
5.351016200,3122940,674
5.351016200,3123710,770
5.353249939,3124400,690
5.353249939,3125154,754
5.355483678,3125860,706
5.355483678,3126598,738
5.357804276,3127320,722
5.357804276,3128042,722
5.360038015,3128780,738
5.360038015,3129486,706
5.362271754,3130240,754
5.362271754,3130930,690
5.364505493,3131700,770
5.364505493,3132374,674
5.366739232,3133160,786
5.366739232,3133818,658
5.369060230,3134620,802
5.369060230,3135262,642
5.371300807,3136080,818
5.371300807,3136706,626
5.373534546,3137540,834
5.373534546,3138150,610
5.375768285,3139000,850
5.375768285,3139594,594
5.378002024,3140460,866
5.378002024,3141038,578
5.380235763,3141920,882
5.380235763,3142482,562
5.382469502,3143380,898
5.382469502,3143926,546
5.384703241,3144840,914
5.384703241,3145370,530
5.387023839,3146300,930
5.387023839,3146814,514
5.389257578,3147760,946
5.389257578,3148258,498
5.391491717,3149220,962
5.391491717,3149702,482
5.393732294,3150680,978
5.393732294,3151146,466
5.395966033,3152140,994
5.395966033,3152590,450
5.398286631,3153600,1010
5.398286631,3154034,434
5.400520370,3155060,1026
5.400520370,3155478,418
5.402754109,3156520,1042
5.402754109,3156922,402
5.404987848,3157980,1058
5.404987848,3158366,386
5.407221587,3159440,1074
5.407221587,3159810,370
5.409455326,3160900,1090
5.409455326,3161254,354
5.411689065,3162360,1106
5.411689065,3162698,338
5.413923204,3163820,1122
5.413923204,3164142,322
5.416250640,3165280,1138
5.416250640,3165586,306
5.418484379,3166740,1154
5.418484379,3167030,290
5.420718118,3168200,1170
5.420718118,3168474,274
5.422951857,3169660,1186
5.422951857,3169918,258
5.425185596,3171120,1202
5.425185596,3171362,242
5.427506194,3172580,1218
5.427506194,3172806,226
5.429739933,3174040,1234
5.429739933,3174250,210
5.431973672,3175500,1250
5.431973672,3175694,194
5.434207811,3176960,1266
5.434207811,3177138,178
5.436448388,3178420,1282
5.436448388,3178582,162
5.438682127,3179880,1298
5.438682127,3180026,146
5.440915866,3181340,1314
5.440915866,3181470,130
5.443236464,3182800,1330
5.443236464,3182914,114
5.445470203,3184260,1346
5.445470203,3184358,98
5.447703942,3185720,1362
5.447703942,3185802,82
5.449937681,3187180,1378
5.449937681,3187246,66
5.452171340,3188640,1394
5.452171340,3188690,50
5.454595078,3190100,1410
5.454595078,3190134,34
5.457120983,3191560,1426
5.457120983,3191578,18
5.459544721,3193020,1442
5.459544721,3193022,2
5.461968539,3194474,1452
5.464393849,3194480,6
5.464393849,3195919,1439
5.466819159,3195940,21
5.466819159,3197364,1424
5.469338777,3197400,36
5.469338777,3198809,1409
5.471764087,3198860,51
5.471764087,3200254,1394
5.474189397,3200320,66
5.474189397,3201698,1378
5.476614707,3201780,82
5.476614707,3203142,1362
5.479040417,3203240,98
5.479040417,3204586,1346
5.481473186,3204700,114
5.481473186,3206030,1330
5.483898496,3206160,130
5.483898496,3207474,1314
5.486323806,3207620,146
5.486323806,3208918,1298
5.488843424,3209080,162
5.488843424,3210362,1282
5.491268734,3210540,178
5.491268734,3211806,1266
5.493694044,3212000,194
5.493694044,3213250,1250
5.496119354,3213460,210
5.496119354,3214694,1234
5.498544664,3214920,226
5.498544664,3216138,1218
5.501064682,3216380,242
5.501064682,3217582,1202
5.503497451,3217840,258
5.503497451,3219026,1186
5.505922761,3219300,274
5.505922761,3220470,1170
5.508348071,3220760,290
5.508348071,3221914,1154
5.510773381,3222220,306
5.510773381,3223358,1138
5.513198691,3223680,322
5.513198691,3224802,1122
5.515624001,3225140,338
5.515624001,3226246,1106
5.518049311,3226600,354
5.518049311,3227690,1090
5.520568929,3228060,370
5.520568929,3229134,1074
5.522994239,3229520,386
5.522994239,3230578,1058
5.525419949,3230980,402
5.525419949,3232022,1042
5.527852718,3232440,418
5.527852718,3233466,1026
5.530278028,3233900,434
5.530278028,3234910,1010
5.532797646,3235360,450
5.532797646,3236354,994
5.535222956,3236820,466
5.535222956,3237798,978
5.537648266,3238280,482
5.537648266,3239242,962
5.540073576,3239740,498
5.540073576,3240686,946
5.542498886,3241200,514
5.542498886,3242130,930
5.545018504,3242660,530
5.545018504,3243574,914
5.547444214,3244120,546
5.547444214,3245018,898
5.549876983,3245580,562
5.549876983,3246462,882
5.552302293,3247040,578
5.552302293,3247906,866
5.554423293,3248500,594
5.554423293,3249350,850
5.556544293,3249960,610
5.556544293,3250794,834
5.558665293,3251420,626
5.558665293,3252238,818
5.560786293,3252880,642
5.560786293,3253682,802
5.562989768,3254340,658
5.562989768,3255126,786
5.565110768,3255800,674
5.565110768,3256570,770
5.567231768,3257260,690
5.567231768,3258014,754
5.569353168,3258720,706
5.569353168,3259458,738
5.571480641,3260180,722
5.571480641,3260902,722
5.573684116,3261640,738
5.573684116,3262346,706
5.575805116,3263100,754
5.575805116,3263790,690
5.577926116,3264560,770
5.577926116,3265234,674
5.580047116,3266020,786
5.580047116,3266678,658
5.582168116,3267480,802
5.582168116,3268122,642
5.584289116,3268940,818
5.584289116,3269566,626
5.586410116,3270400,834
5.586410116,3271010,610
5.588531116,3271860,850
5.588531116,3272454,594
5.590741464,3273320,866
5.590741464,3273898,578
5.592862464,3274780,882
5.592862464,3275342,562
5.594983464,3276240,898
5.594983464,3276786,546
5.597104464,3277700,914
5.597104464,3278230,530
5.599225464,3279160,930
5.599225464,3279674,514
5.601428939,3280620,946
5.601428939,3281118,498
5.603549939,3282080,962
5.603549939,3282562,482
5.605670939,3283540,978
5.605670939,3284006,466
5.607791939,3285000,994
5.607791939,3285450,450
5.609913339,3286460,1010
5.609913339,3286894,434
5.612040812,3287920,1026
5.612040812,3288338,418
5.614161812,3289380,1042
5.614161812,3289782,402
5.616282812,3290840,1058
5.616282812,3291226,386
5.618486287,3292300,1074
5.618486287,3292670,370
5.620607287,3293760,1090
5.620607287,3294114,354
5.622728287,3295220,1106
5.622728287,3295558,338
5.624849287,3296680,1122
5.624849287,3297002,322
5.626970287,3298140,1138
5.626970287,3298446,306
5.629174162,3299600,1154
5.629174162,3299890,290
5.631301635,3301060,1170
5.631301635,3301334,274
5.633422635,3302520,1186
5.633422635,3302778,258
5.635543635,3303980,1202
5.635543635,3304222,242
5.637664635,3305440,1218
5.637664635,3305666,226
5.639868110,3306900,1234
5.639868110,3307110,210
5.641989110,3308360,1250
5.641989110,3308554,194
5.644110110,3309820,1266
5.644110110,3309998,178
5.646231110,3311280,1282
5.646231110,3311442,162
5.648352110,3312740,1298
5.648352110,3312886,146
5.650473510,3314200,1314
5.650473510,3314330,130
5.652636306,3315660,1330
5.652636306,3315774,114
5.654792514,3317120,1346
5.654792514,3317218,98
5.657032566,3318580,1362
5.657032566,3318662,82
5.659188774,3320040,1378
5.659188774,3320106,66
5.661344902,3321500,1394
5.661344902,3321550,50
5.663499713,3322960,1410
5.663499713,3322994,34
5.665654524,3324420,1426
5.665654524,3324438,18
5.667893179,3325880,1442
5.667893179,3325882,2
5.670048470,3327334,1452
5.672211266,3327340,6
5.672211266,3328779,1439
5.674367474,3328800,21
5.674367474,3330224,1424
5.676523682,3330260,36
5.676523682,3331669,1409
5.678679890,3331720,51
5.678679890,3333114,1394
5.680836098,3333180,66
5.680836098,3334558,1378
5.682992306,3334640,82
5.682992306,3336002,1362
5.685232358,3336100,98
5.685232358,3337446,1346
5.687388566,3337560,114
5.687388566,3338890,1330
5.689544774,3339020,130
5.689544774,3340334,1314
5.691701382,3340480,146
5.691701382,3341778,1298
5.693864178,3341940,162
5.693864178,3343222,1282
5.696104230,3343400,178
5.696104230,3344666,1266
5.698260438,3344860,194
5.698260438,3346110,1250
5.700416646,3346320,210
5.700416646,3347554,1234
5.702572854,3347780,226
5.702572854,3348998,1218
5.704729062,3349240,242
5.704729062,3350442,1202
5.706885270,3350700,258
5.706885270,3351886,1186
5.709041478,3352160,274
5.709041478,3353330,1170
5.711197686,3353620,290
5.711197686,3354774,1154
5.713444725,3355080,306
5.713444725,3356218,1138
5.715600933,3356540,322
5.715600933,3357662,1122
5.717757141,3358000,338
5.717757141,3359106,1106
5.719913349,3359460,354
5.719913349,3360550,1090
5.722069557,3360920,370
5.722069557,3361994,1074
5.724225765,3362380,386
5.724225765,3363438,1058
5.726465817,3363840,402
5.726465817,3364882,1042
5.728622025,3365300,418
5.728622025,3366326,1026
5.730778233,3366760,434
5.730778233,3367770,1010
5.732934841,3368220,450
5.732934841,3369214,994
5.735097637,3369680,466
5.735097637,3370658,978
5.737337689,3371140,482
5.737337689,3372102,962
5.739493897,3372600,498
5.739493897,3373546,946
5.741650105,3374060,514
5.741650105,3374990,930
5.743806313,3375520,530
5.743806313,3376434,914
5.745962521,3376980,546
5.745962521,3377878,898
5.748118729,3378440,562
5.748118729,3379322,882
5.750274937,3379900,578
5.750274937,3380766,866
5.752443745,3381360,594
5.752443745,3382210,850
5.754703915,3382820,610
5.754703915,3383654,834
5.756872723,3384280,626
5.756872723,3385098,818
5.759041531,3385740,642
5.759041531,3386542,802
5.761210339,3387200,658
5.761210339,3387986,786
5.763379147,3388660,674
5.763379147,3389430,770
5.765632289,3390120,690
5.765632289,3390874,754
5.767801097,3391580,706
5.767801097,3392318,738
5.769969905,3393040,722
5.769969905,3393762,722
5.772138713,3394500,738
5.772138713,3395206,706
5.774307921,3395960,754
5.774307921,3396650,690
5.776483357,3397420,770
5.776483357,3398094,674
5.778652165,3398880,786
5.778652165,3399538,658
5.780820973,3400340,802
5.780820973,3400982,642
5.783074115,3401800,818
5.783074115,3402426,626
5.785242923,3403260,834
5.785242923,3403870,610
5.787411731,3404720,850
5.787411731,3405314,594
5.789580539,3406180,866
5.789580539,3406758,578
5.791749347,3407640,882
5.791749347,3408202,562
5.794002889,3409100,898
5.794002889,3409646,546
5.796178325,3410560,914
5.796178325,3411090,530
5.798347133,3412020,930
5.798347133,3412534,514
5.800515941,3413480,946
5.800515941,3413978,498
5.802684749,3414940,962
5.802684749,3415422,482
5.804853557,3416400,978
5.804853557,3416866,466
5.807022365,3417860,994
5.807022365,3418310,450
5.809275507,3419320,1010
5.809275507,3419754,434
5.811444315,3420780,1026
5.811444315,3421198,418
5.813613123,3422240,1042
5.813613123,3422642,402
5.815782331,3423700,1058
5.815782331,3424086,386
5.817957767,3425160,1074
5.817957767,3425530,370
5.820126575,3426620,1090
5.820126575,3426974,354
5.822379717,3428080,1106
5.822379717,3428418,338
5.824548525,3429540,1122
5.824548525,3429862,322
5.826717333,3431000,1138
5.826717333,3431306,306
5.828886141,3432460,1154
5.828886141,3432750,290
5.831054949,3433920,1170
5.831054949,3434194,274
5.833308091,3435380,1186
5.833308091,3435638,258
5.835477299,3436840,1202
5.835477299,3437082,242
5.837652735,3438300,1218
5.837652735,3438526,226
5.839821543,3439760,1234
5.839821543,3439970,210
5.841990351,3441220,1250
5.841990351,3441414,194
5.844159159,3442680,1266
5.844159159,3442858,178
5.846327967,3444140,1282
5.846327967,3444302,162
5.848496775,3445600,1298
5.848496775,3445746,146
5.850749917,3447060,1314
5.850749917,3447190,130
5.852884326,3448520,1330
5.852884326,3448634,114
5.855018735,3449980,1346
5.855018735,3450078,98
5.857153544,3451440,1362
5.857153544,3451522,82
5.859294470,3452900,1378
5.859294470,3452966,66
5.861511796,3454360,1394
5.861511796,3454410,50
5.863644822,3455820,1410
5.863644822,3455854,34
5.865777848,3457280,1426
5.865777848,3457298,18
5.867910874,3458740,1442
5.867910874,3458742,2
5.870043980,3460194,1452
5.872178389,3460200,6
5.872178389,3461639,1439
5.874312798,3461660,21
5.874312798,3463084,1424
5.876447207,3463120,36
5.876447207,3464529,1409
5.878671529,3464580,51
5.878671529,3465974,1394
5.880805938,3466040,66
5.880805938,3467418,1378
5.882940347,3467500,82
5.882940347,3468862,1362
5.885074756,3468960,98
5.885074756,3470306,1346
5.887209165,3470420,114
5.887209165,3471750,1330
5.889426571,3471880,130
5.889426571,3473194,1314
5.891560980,3473340,146
5.891560980,3474638,1298
5.893695389,3474800,162
5.893695389,3476082,1282
5.895829798,3476260,178
5.895829798,3477526,1266
5.897964607,3477720,194
5.897964607,3478970,1250
5.900188530,3479180,210
5.900188530,3480414,1234
5.902322939,3480640,226
5.902322939,3481858,1218
5.904457348,3482100,242
5.904457348,3483302,1202
5.906591757,3483560,258
5.906591757,3484746,1186
5.908726166,3485020,274
5.908726166,3486190,1170
5.910860575,3486480,290
5.910860575,3487634,1154
5.912994984,3487940,306
5.912994984,3489078,1138
5.915129393,3489400,322
5.915129393,3490522,1122
5.917347199,3490860,338
5.917347199,3491966,1106
5.919488125,3492320,354
5.919488125,3493410,1090
5.921622534,3493780,370
5.921622534,3494854,1074
5.923756943,3495240,386
5.923756943,3496298,1058
5.925891352,3496700,402
5.925891352,3497742,1042
5.928108758,3498160,418
5.928108758,3499186,1026
5.930243167,3499620,434
5.930243167,3500630,1010
5.932377576,3501080,450
5.932377576,3502074,994
5.934511985,3502540,466
5.934511985,3503518,978
5.936646394,3504000,482
5.936646394,3504962,962
5.938781203,3505460,498
5.938781203,3506406,946
5.940922129,3506920,514
5.940922129,3507850,930
5.943056538,3508380,530
5.943056538,3509294,914
5.945273944,3509840,546
5.945273944,3510738,898
5.947408353,3511300,562
5.947408353,3512182,882
5.949542762,3512760,578
5.949542762,3513626,866
5.951677171,3514220,594
5.951677171,3515070,850
5.954037873,3515680,610
5.954037873,3516514,834
5.956490371,3517140,626
5.956490371,3517958,818
5.958851473,3518600,642
5.958851473,3519402,802
5.961219425,3520060,658
5.961219425,3520846,786
5.963580127,3521520,674
5.963580127,3522290,770
5.965940829,3522980,690
5.965940829,3523734,754
5.968301531,3524440,706
5.968301531,3525178,738
5.970662233,3525900,722
5.970662233,3526622,722
5.973022935,3527360,738
5.973022935,3528066,706
5.975475433,3528820,754
5.975475433,3529510,690
5.977836135,3530280,770
5.977836135,3530954,674
5.980196837,3531740,786
5.980196837,3532398,658
5.982557939,3533200,802
5.982557939,3533842,642
5.984925891,3534660,818
5.984925891,3535286,626
5.987378389,3536120,834
5.987378389,3536730,610
5.989739091,3537580,850
5.989739091,3538174,594
5.992099793,3539040,866
5.992099793,3539618,578
5.994460495,3540500,882
5.994460495,3541062,562
5.996821197,3541960,898
5.996821197,3542506,546
5.999273695,3543420,914
5.999273695,3543950,530
6.001634397,3544880,930
6.001634397,3545394,514
6.003995499,3546340,946
6.003995499,3546838,498
6.006363451,3547800,962
6.006363451,3548282,482
6.008724153,3549260,978
6.008724153,3549726,466
6.011084855,3550720,994
6.011084855,3551170,450
6.013445557,3552180,1010
6.013445557,3552614,434
6.015806259,3553640,1026
6.015806259,3554058,418
6.018258757,3555100,1042
6.018258757,3555502,402
6.020619459,3556560,1058
6.020619459,3556946,386
6.022980161,3558020,1074
6.022980161,3558390,370
6.025340863,3559480,1090
6.025340863,3559834,354
6.027701965,3560940,1106
6.027701965,3561278,338
6.030161713,3562400,1122
6.030161713,3562722,322
6.032522415,3563860,1138
6.032522415,3564166,306
6.034883117,3565320,1154
6.034883117,3565610,290
6.037243819,3566780,1170
6.037243819,3567054,274
6.039604521,3568240,1186
6.039604521,3568498,258
6.041965223,3569700,1202
6.041965223,3569942,242
6.044325925,3571160,1218
6.044325925,3571386,226
6.046686627,3572620,1234
6.046686627,3572830,210
6.049139525,3574080,1250
6.049139525,3574274,194
6.051507477,3575540,1266
6.051507477,3575718,178
6.053894741,3577000,1282
6.053894741,3577162,162
6.056282005,3578460,1298
6.056282005,3578606,146
6.058669269,3579920,1314
6.058669269,3580050,130
6.061149362,3581380,1330
6.061149362,3581494,114
6.063536626,3582840,1346
6.063536626,3582938,98
6.065923890,3584300,1362
6.065923890,3584382,82
6.068311154,3585760,1378
6.068311154,3585826,66
6.070698338,3587220,1394
6.070698338,3587270,50
6.073084455,3588680,1410
6.073084455,3588714,34
6.075477508,3590140,1426
6.075477508,3590158,18
6.077863225,3591600,1442
6.077863225,3591602,2
6.080341851,3593054,1452
6.082729115,3593060,6
6.082729115,3594499,1439
6.085116379,3594520,21
6.085116379,3595944,1424
6.087503643,3595980,36
6.087503643,3597389,1409
6.089890907,3597440,51
6.089890907,3598834,1394
6.092371000,3598900,66
6.092371000,3600278,1378
6.094758664,3600360,82
6.094758664,3601722,1362
6.097153264,3601820,98
6.097153264,3603166,1346
6.099540528,3603280,114
6.099540528,3604610,1330
6.101927792,3604740,130
6.101927792,3606054,1314
6.104407885,3606200,146
6.104407885,3607498,1298
6.106795149,3607660,162
6.106795149,3608942,1282
6.109182413,3609120,178
6.109182413,3610386,1266
6.111569677,3610580,194
6.111569677,3611830,1250
6.113956941,3612040,210
6.113956941,3613274,1234
6.116344205,3613500,226
6.116344205,3614718,1218
6.118731869,3614960,242
6.118731869,3616162,1202
6.121126469,3616420,258
6.121126469,3617606,1186
6.123606562,3617880,274
6.123606562,3619050,1170
6.125993826,3619340,290
6.125993826,3620494,1154
6.128381090,3620800,306
6.128381090,3621938,1138
6.130768354,3622260,322
6.130768354,3623382,1122
6.133155618,3623720,338
6.133155618,3624826,1106
6.135635711,3625180,354
6.135635711,3626270,1090
6.138022975,3626640,370
6.138022975,3627714,1074
6.140410639,3628100,386
6.140410639,3629158,1058
6.142805239,3629560,402
6.142805239,3630602,1042
6.145192503,3631020,418
6.145192503,3632046,1026
6.147579767,3632480,434
6.147579767,3633490,1010
6.149967031,3633940,450
6.149967031,3634934,994
6.152354295,3635400,466
6.152354295,3636378,978
6.154625521,3636860,482
6.154625521,3637822,962
6.156811736,3638320,498
6.156811736,3639266,946
6.158997951,3639780,514
6.158997951,3640710,930
6.161184166,3641240,530
6.161184166,3642154,914
6.163370781,3642700,546
6.163370781,3643598,898
6.165648691,3644160,562
6.165648691,3645042,882
6.167834906,3645620,578
6.167834906,3646486,866
6.170021121,3647080,594
6.170021121,3647930,850
6.172207336,3648540,610
6.172207336,3649374,834
6.174393551,3650000,626
6.174393551,3650818,818
6.176664777,3651460,642
6.176664777,3652262,802
6.178850992,3652920,658
6.178850992,3653706,786
6.181037207,3654380,674
6.181037207,3655150,770
6.183223822,3655840,690
6.183223822,3656594,754
6.185416721,3657300,706
6.185416721,3658038,738
6.187602936,3658760,722
6.187602936,3659482,722
6.189789151,3660220,738
6.189789151,3660926,706
6.191975366,3661680,754
6.191975366,3662370,690
6.194161581,3663140,770
6.194161581,3663814,674
6.196432807,3664600,786
6.196432807,3665258,658
6.198619022,3666060,802
6.198619022,3666702,642
6.200805237,3667520,818
6.200805237,3668146,626
6.202991452,3668980,834
6.202991452,3669590,610
6.205178067,3670440,850
6.205178067,3671034,594
6.207455977,3671900,866
6.207455977,3672478,578
6.209642192,3673360,882
6.209642192,3673922,562
6.211828407,3674820,898
6.211828407,3675366,546
6.214014622,3676280,914
6.214014622,3676810,530
6.216200837,3677740,930
6.216200837,3678254,514
6.218387052,3679200,946
6.218387052,3679698,498
6.220573267,3680660,962
6.220573267,3681142,482
6.222759482,3682120,978
6.222759482,3682586,466
6.225031108,3683580,994
6.225031108,3684030,450
6.227224007,3685040,1010
6.227224007,3685474,434
6.229410222,3686500,1026
6.229410222,3686918,418
6.231596437,3687960,1042
6.231596437,3688362,402
6.233782652,3689420,1058
6.233782652,3689806,386
6.236053878,3690880,1074
6.236053878,3691250,370
6.238240093,3692340,1090
6.238240093,3692694,354
6.240426308,3693800,1106
6.240426308,3694138,338
6.242612523,3695260,1122
6.242612523,3695582,322
6.244798738,3696720,1138
6.244798738,3697026,306
6.246985353,3698180,1154
6.246985353,3698470,290
6.249178252,3699640,1170
6.249178252,3699914,274
6.251364467,3701100,1186
6.251364467,3701358,258
6.253596808,3702560,1202
6.253596808,3702802,242
6.255745593,3704020,1218
6.255745593,3704246,226
6.257894378,3705480,1234
6.257894378,3705690,210
6.260043163,3706940,1250
6.260043163,3707134,194
6.262191948,3708400,1266
6.262191948,3708578,178
6.264424289,3709860,1282
6.264424289,3710022,162
6.266573474,3711320,1298
6.266573474,3711466,146
6.268728822,3712780,1314
6.268728822,3712910,130
6.270877607,3714240,1330
6.270877607,3714354,114
6.273026392,3715700,1346
6.273026392,3715798,98
6.275258733,3717160,1362
6.275258733,3717242,82
6.277407518,3718620,1378
6.277407518,3718686,66
6.279556223,3720080,1394
6.279556223,3720130,50
6.281703616,3721540,1410
6.281703616,3721574,34
6.283851009,3723000,1426
6.283851009,3723018,18
6.285998402,3724460,1442
6.285998402,3724462,2
6.288146275,3725914,1452
6.290301623,3725920,6
6.290301623,3727359,1439
6.292533964,3727380,21
6.292533964,3728804,1424
6.294682749,3728840,36
6.294682749,3730249,1409
6.296831534,3730300,51
6.296831534,3731694,1394
6.298980319,3731760,66
6.298980319,3733138,1378
6.301129104,3733220,82
6.301129104,3734582,1362
6.303361445,3734680,98
6.303361445,3736026,1346
6.305510230,3736140,114
6.305510230,3737470,1330
6.307659415,3737600,130
6.307659415,3738914,1314
6.309814763,3739060,146
6.309814763,3740358,1298
6.311963548,3740520,162
6.311963548,3741802,1282
6.314112333,3741980,178
6.314112333,3743246,1266
6.316261118,3743440,194
6.316261118,3744690,1250
6.318409903,3744900,210
6.318409903,3746134,1234
6.320642244,3746360,226
6.320642244,3747578,1218
6.322791029,3747820,242
6.322791029,3749022,1202
6.324939814,3749280,258
6.324939814,3750466,1186
6.327088599,3750740,274
6.327088599,3751910,1170
6.329237784,3752200,290
6.329237784,3753354,1154
6.331476688,3753660,306
6.331476688,3754798,1138
6.333625473,3755120,322
6.333625473,3756242,1122
6.335774258,3756580,338
6.335774258,3757686,1106
6.337923043,3758040,354
6.337923043,3759130,1090
6.340071828,3759500,370
6.340071828,3760574,1074
6.342220613,3760960,386
6.342220613,3762018,1058
6.344369398,3762420,402
6.344369398,3763462,1042
6.346518183,3763880,418
6.346518183,3764906,1026
6.348750924,3765340,434
6.348750924,3766350,1010
6.350906272,3766800,450
6.350906272,3767794,994
6.353066984,3768260,466
6.353066984,3769238,978
6.355227696,3769720,482
6.355227696,3770682,962
6.357388408,3771180,498
6.357388408,3772126,946
6.359633139,3772640,514
6.359633139,3773570,930
6.361793851,3774100,530
6.361793851,3775014,914
6.363954563,3775560,546
6.363954563,3776458,898
6.366115275,3777020,562
6.366115275,3777902,882
6.368275987,3778480,578
6.368275987,3779346,866
6.370527720,3779940,594
6.370527720,3780790,850
6.372688432,3781400,610
6.372688432,3782234,834
6.374849144,3782860,626
6.374849144,3783678,818
6.377009856,3784320,642
6.377009856,3785122,802
6.379170568,3785780,658
6.379170568,3786566,786
6.381331280,3787240,674
6.381331280,3788010,770
6.383491992,3788700,690
6.383491992,3789454,754
6.385652704,3790160,706
6.385652704,3790898,738
6.387897435,3791620,722
6.387897435,3792342,722
6.390058547,3793080,738
6.390058547,3793786,706
6.392225861,3794540,754
6.392225861,3795230,690
6.394386573,3796000,770
6.394386573,3796674,674
6.396547285,3797460,786
6.396547285,3798118,658
6.398792016,3798920,802
6.398792016,3799562,642
6.400952728,3800380,818
6.400952728,3801006,626
6.403113440,3801840,834
6.403113440,3802450,610
6.405274152,3803300,850
6.405274152,3803894,594
6.407434864,3804760,866
6.407434864,3805338,578
6.409595576,3806220,882
6.409595576,3806782,562
6.411756688,3807680,898
6.411756688,3808226,546
6.413924002,3809140,914
6.413924002,3809670,530
6.416168733,3810600,930
6.416168733,3811114,514
6.418329445,3812060,946
6.418329445,3812558,498
6.420490157,3813520,962
6.420490157,3814002,482
6.422650869,3814980,978
6.422650869,3815446,466
6.424811581,3816440,994
6.424811581,3816890,450
6.427056312,3817900,1010
6.427056312,3818334,434
6.429217024,3819360,1026
6.429217024,3819778,418
6.431378136,3820820,1042
6.431378136,3821222,402
6.433545450,3822280,1058
6.433545450,3822666,386
6.435706162,3823740,1074
6.435706162,3824110,370
6.437866874,3825200,1090
6.437866874,3825554,354
6.440027586,3826660,1106
6.440027586,3826998,338
6.442188298,3828120,1122
6.442188298,3828442,322
6.444433029,3829580,1138
6.444433029,3829886,306
6.446593741,3831040,1154
6.446593741,3831330,290
6.448754453,3832500,1170
6.448754453,3832774,274
6.450915165,3833960,1186
6.450915165,3834218,258
6.453192949,3835420,1202
6.453192949,3835662,242
6.455565869,3836880,1218
6.455565869,3837106,226
6.457843253,3838340,1234
6.457843253,3838550,210
6.460120637,3839800,1250
6.460120637,3839994,194
6.462398021,3841260,1266
6.462398021,3841438,178
6.464675405,3842720,1282
6.464675405,3842882,162
6.467041345,3844180,1298
6.467041345,3844326,146
6.469318729,3845640,1314
6.469318729,3845770,130
6.471596113,3847100,1330
6.471596113,3847214,114
6.473873897,3848560,1346
6.473873897,3848658,98
6.476158261,3850020,1362
6.476158261,3850102,82
6.478435645,3851480,1378
6.478435645,3851546,66
6.480712949,3852940,1394
6.480712949,3852990,50
6.482988857,3854400,1410
6.482988857,3854434,34
6.485353321,3855860,1426
6.485353321,3855878,18
6.487629229,3857320,1442
6.487629229,3857322,2
6.489905217,3858774,1452
6.492182601,3858780,6
6.492182601,3860219,1439
6.494459985,3860240,21
6.494459985,3861664,1424
6.496833305,3861700,36
6.496833305,3863109,1409
6.499110689,3863160,51
6.499110689,3864554,1394
6.501388073,3864620,66
6.501388073,3865998,1378
6.503665457,3866080,82
6.503665457,3867442,1362
6.505942841,3867540,98
6.505942841,3868886,1346
6.508220225,3869000,114
6.508220225,3870330,1330
6.510497609,3870460,130
6.510497609,3871774,1314
6.512774993,3871920,146
6.512774993,3873218,1298
6.515140933,3873380,162
6.515140933,3874662,1282
6.517418717,3874840,178
6.517418717,3876106,1266
6.519703081,3876300,194
6.519703081,3877550,1250
6.521980465,3877760,210
6.521980465,3878994,1234
6.524257849,3879220,226
6.524257849,3880438,1218
6.526623789,3880680,242
6.526623789,3881882,1202
6.528901173,3882140,258
6.528901173,3883326,1186
6.531178557,3883600,274
6.531178557,3884770,1170
6.533455941,3885060,290
6.533455941,3886214,1154
6.535733325,3886520,306
6.535733325,3887658,1138
6.538010709,3887980,322
6.538010709,3889102,1122
6.540288493,3889440,338
6.540288493,3890546,1106
6.542572857,3890900,354
6.542572857,3891990,1090
6.544938797,3892360,370
6.544938797,3893434,1074
6.547216181,3893820,386
6.547216181,3894878,1058
6.549493565,3895280,402
6.549493565,3896322,1042
6.551770949,3896740,418
6.551770949,3897766,1026
6.554004741,3898200,434
6.554004741,3899210,1010
6.556325394,3899660,450
6.556325394,3900654,994
6.558559186,3901120,466
6.558559186,3902098,978
6.560793378,3902580,482
6.560793378,3903542,962
6.563034008,3904040,498
6.563034008,3904986,946
6.565267800,3905500,514
6.565267800,3906430,930
6.567588453,3906960,530
6.567588453,3907874,914
6.569822245,3908420,546
6.569822245,3909318,898
6.572056037,3909880,562
6.572056037,3910762,882
6.574289829,3911340,578
6.574289829,3912206,866
6.576523621,3912800,594
6.576523621,3913650,850
6.578757413,3914260,610
6.578757413,3915094,834
6.580991205,3915720,626
6.580991205,3916538,818
6.583225397,3917180,642
6.583225397,3917982,802
6.585552888,3918640,658
6.585552888,3919426,786
6.587786680,3920100,674
6.587786680,3920870,770
6.590020472,3921560,690
6.590020472,3922314,754
6.592254264,3923020,706
6.592254264,3923758,738
6.594488056,3924480,722
6.594488056,3925202,722
6.596808709,3925940,738
6.596808709,3926646,706
6.599042501,3927400,754
6.599042501,3928090,690
6.601276293,3928860,770
6.601276293,3929534,674
6.603510485,3930320,786
6.603510485,3930978,658
6.605751115,3931780,802
6.605751115,3932422,642
6.607984907,3933240,818
6.607984907,3933866,626
6.610218699,3934700,834
6.610218699,3935310,610
6.612452491,3936160,850
6.612452491,3936754,594
6.614773144,3937620,866
6.614773144,3938198,578
6.617006936,3939080,882
6.617006936,3939642,562
6.619240728,3940540,898
6.619240728,3941086,546
6.621474520,3942000,914
6.621474520,3942530,530
6.623708312,3943460,930
6.623708312,3943974,514
6.626036204,3944920,946
6.626036204,3945418,498
6.628269996,3946380,962
6.628269996,3946862,482
6.630503788,3947840,978
6.630503788,3948306,466
6.632737580,3949300,994
6.632737580,3949750,450
6.634971372,3950760,1010
6.634971372,3951194,434
6.637292025,3952220,1026
6.637292025,3952638,418
6.639525817,3953680,1042
6.639525817,3954082,402
6.641759609,3955140,1058
6.641759609,3955526,386
6.643993401,3956600,1074
6.643993401,3956970,370
6.646227593,3958060,1090
6.646227593,3958414,354
6.648468223,3959520,1106
6.648468223,3959858,338
6.650702015,3960980,1122
6.650702015,3961302,322
6.652984952,3962440,1138
6.652984952,3962746,306
6.655356661,3963900,1154
6.655356661,3964190,290
6.657639598,3965360,1170
6.657639598,3965634,274
6.659922535,3966820,1186
6.659922535,3967078,258
6.662205472,3968280,1202
6.662205472,3968522,242
6.664488409,3969740,1218
6.664488409,3969966,226
6.666771346,3971200,1234
6.666771346,3971410,210
6.669150453,3972660,1250
6.669150453,3972854,194
6.671433390,3974120,1266
6.671433390,3974298,178
6.673716327,3975580,1282
6.673716327,3975742,162
6.675999264,3977040,1298
6.675999264,3977186,146
6.678282201,3978500,1314
6.678282201,3978630,130
6.680565138,3979960,1330
6.680565138,3980074,114
6.682848075,3981420,1346
6.682848075,3981518,98
6.685131012,3982880,1362
6.685131012,3982962,82
6.687502721,3984340,1378
6.687502721,3984406,66
6.689785978,3985800,1394
6.689785978,3985850,50
6.692074433,3987260,1410
6.692074433,3987294,34
6.694355890,3988720,1426
6.694355890,3988738,18
6.696637347,3990180,1442
6.696637347,3990182,2
6.699007656,3991634,1452
6.701290593,3991640,6
6.701290593,3993079,1439
6.703573530,3993100,21
6.703573530,3994524,1424
6.705856467,3994560,36
6.705856467,3995969,1409
6.708139404,3996020,51
6.708139404,3997414,1394
6.710422341,3997480,66
6.710422341,3998858,1378
6.712705678,3998940,82
6.712705678,4000302,1362
6.714995613,4000400,98
6.714995613,4001746,1346
6.717367322,4001860,114
6.717367322,4003190,1330
6.719650259,4003320,130
6.719650259,4004634,1314
6.721933196,4004780,146
6.721933196,4006078,1298
6.724216133,4006240,162
6.724216133,4007522,1282
6.726499070,4007700,178
6.726499070,4008966,1266
6.728870779,4009160,194
6.728870779,4010410,1250
6.731153716,4010620,210
6.731153716,4011854,1234
6.733437053,4012080,226
6.733437053,4013298,1218
6.735726988,4013540,242
6.735726988,4014742,1202
6.738009925,4015000,258
6.738009925,4016186,1186
6.740381634,4016460,274
6.740381634,4017630,1170
6.742664571,4017920,290
6.742664571,4019074,1154
6.744947508,4019380,306
6.744947508,4020518,1138
6.747230445,4020840,322
6.747230445,4021962,1122
6.749513382,4022300,338
6.749513382,4023406,1106
6.751796319,4023760,354
6.751796319,4024850,1090
6.754186984,4025220,370
6.754186984,4026294,1074
6.756578049,4026680,386
6.756578049,4027738,1058
6.759069022,4028140,402
6.759069022,4029182,1042
6.761459687,4029600,418
6.761459687,4030626,1026
6.763850352,4031060,434
6.763850352,4032070,1010
6.766241017,4032520,450
6.766241017,4033514,994
6.768631682,4033980,466
6.768631682,4034958,978
6.771115308,4035440,482
6.771115308,4036402,962
6.773505973,4036900,498
6.773505973,4037846,946
6.775896638,4038360,514
6.775896638,4039290,930
6.778287703,4039820,530
6.778287703,4040734,914
6.780685715,4041280,546
6.780685715,4042178,898
6.783076380,4042740,562
6.783076380,4043622,882
6.785467045,4044200,578
6.785467045,4045066,866
6.787857710,4045660,594
6.787857710,4046510,850
6.790341336,4047120,610
6.790341336,4047954,834
6.792732001,4048580,626
6.792732001,4049398,818
6.795122666,4050040,642
6.795122666,4050842,802
6.797513331,4051500,658
6.797513331,4052286,786
6.799903996,4052960,674
6.799903996,4053730,770
6.802395369,4054420,690
6.802395369,4055174,754
6.804786034,4055880,706
6.804786034,4056618,738
6.807176699,4057340,722
6.807176699,4058062,722
6.809567364,4058800,738
6.809567364,4059506,706
6.811958029,4060260,754
6.811958029,4060950,690
6.814348694,4061720,770
6.814348694,4062394,674
6.816739359,4063180,786
6.816739359,4063838,658
6.819130024,4064640,802
6.819130024,4065282,642
6.821613650,4066100,818
6.821613650,4066726,626
6.824004715,4067560,834
6.824004715,4068170,610
6.826402727,4069020,850
6.826402727,4069614,594
6.828793392,4070480,866
6.828793392,4071058,578
6.831184057,4071940,882
6.831184057,4072502,562
6.833667683,4073400,898
6.833667683,4073946,546
6.836058348,4074860,914
6.836058348,4075390,530
6.838449013,4076320,930
6.838449013,4076834,514
6.840839678,4077780,946
6.840839678,4078278,498
6.843230343,4079240,962
6.843230343,4079722,482
6.845714369,4080700,978
6.845714369,4081166,466
6.848112381,4082160,994
6.848112381,4082610,450
6.850503046,4083620,1010
6.850503046,4084054,434
6.852931515,4085080,1026
6.852931515,4085498,418
6.855359984,4086540,1042
6.855359984,4086942,402
6.857788453,4088000,1058
6.857788453,4088386,386
6.860216922,4089460,1074
6.860216922,4089830,370
6.862645391,4090920,1090
6.862645391,4091274,354
6.865168291,4092380,1106
6.865168291,4092718,338
6.867596760,4093840,1122
6.867596760,4094162,322
6.870025629,4095300,1138
6.870025629,4095606,306
6.872461567,4096760,1154
6.872461567,4097050,290
6.874890036,4098220,1170
6.874890036,4098494,274
6.877412936,4099680,1186
6.877412936,4099938,258
6.879841405,4101140,1202
6.879841405,4101382,242
6.882269874,4102600,1218
6.882269874,4102826,226
6.884698343,4104060,1234
6.884698343,4104270,210
6.887126812,4105520,1250
6.887126812,4105714,194
6.889555281,4106980,1266
6.889555281,4107158,178
6.891983750,4108440,1282
6.891983750,4108602,162
6.894412619,4109900,1298
6.894412619,4110046,146
6.896942988,4111360,1314
6.896942988,4111490,130
6.899371457,4112820,1330
6.899371457,4112934,114
6.901799926,4114280,1346
6.901799926,4114378,98
6.904228395,4115740,1362
6.904228395,4115822,82
6.906656864,4117200,1378
6.906656864,4117266,66
6.909179684,4118660,1394
6.909179684,4118710,50
6.911606579,4120120,1410
6.911606579,4120154,34
6.914033474,4121580,1426
6.914033474,4121598,18
6.916460769,4123040,1442
6.916460769,4123042,2
6.918895213,4124494,1452
6.921323682,4124500,6
6.921323682,4125939,1439
6.923752151,4125960,21
6.923752151,4127384,1424
6.926180620,4127420,36
6.926180620,4128829,1409
6.928703520,4128880,51
6.928703520,4130274,1394
6.931131989,4130340,66
6.931131989,4131718,1378
6.933560458,4131800,82
6.933560458,4133162,1362
6.935988927,4133260,98
6.935988927,4134606,1346
6.938417396,4134720,114
6.938417396,4136050,1330
6.940948166,4136180,130
6.940948166,4137494,1314
6.943376635,4137640,146
6.943376635,4138938,1298
6.945805104,4139100,162
6.945805104,4140382,1282
6.948233573,4140560,178
6.948233573,4141826,1266
6.950662042,4142020,194
6.950662042,4143270,1250
6.952874774,4143480,210
6.952874774,4144714,1234
6.955004684,4144940,226
6.955004684,4146158,1218
6.957134594,4146400,242
6.957134594,4147602,1202
6.959264504,4147860,258
6.959264504,4149046,1186
6.961394814,4149320,274
6.961394814,4150490,1170
6.963531226,4150780,290
6.963531226,4151934,1154
6.965661136,4152240,306
6.965661136,4153378,1138
6.967791046,4153700,322
6.967791046,4154822,1122
6.970003778,4155160,338
6.970003778,4156266,1106
6.972133688,4156620,354
6.972133688,4157710,1090
6.974263598,4158080,370
6.974263598,4159154,1074
6.976393508,4159540,386
6.976393508,4160598,1058
6.978523418,4161000,402
6.978523418,4162042,1042
6.980736550,4162460,418
6.980736550,4163486,1026
6.982872962,4163920,434
6.982872962,4164930,1010
6.985002872,4165380,450
6.985002872,4166374,994
6.987132782,4166840,466
6.987132782,4167818,978
6.989262692,4168300,482
6.989262692,4169262,962
6.991392602,4169760,498
6.991392602,4170706,946
6.993522512,4171220,514
6.993522512,4172150,930
6.995652422,4172680,530
6.995652422,4173594,914
6.997865154,4174140,546
6.997865154,4175038,898
6.999995064,4175600,562
6.999995064,4176482,882
7.002125374,4177060,578
7.002125374,4177926,866
7.004261786,4178520,594
7.004261786,4179370,850
7.006391696,4179980,610
7.006391696,4180814,834
7.008604428,4181440,626
7.008604428,4182258,818
7.010734338,4182900,642
7.010734338,4183702,802
7.012864248,4184360,658
7.012864248,4185146,786
7.014994158,4185820,674
7.014994158,4186590,770
7.017124068,4187280,690
7.017124068,4188034,754
7.019336800,4188740,706
7.019336800,4189478,738
7.021467110,4190200,722
7.021467110,4190922,722
7.023603522,4191660,738
7.023603522,4192366,706
7.025733432,4193120,754
7.025733432,4193810,690
7.027863342,4194580,770
7.027863342,4195254,674
7.029993252,4196040,786
7.029993252,4196698,658
7.032123162,4197500,802
7.032123162,4198142,642
7.034253072,4198960,818
7.034253072,4199586,626
7.036465804,4200420,834
7.036465804,4201030,610
7.038595714,4201880,850
7.038595714,4202474,594
7.040725624,4203340,866
7.040725624,4203918,578
7.042855934,4204800,882
7.042855934,4205362,562
7.044992346,4206260,898
7.044992346,4206806,546
7.047205078,4207720,914
7.047205078,4208250,530
7.049334988,4209180,930
7.049334988,4209694,514
7.051464898,4210640,946
7.051464898,4211138,498
7.053643276,4212100,962
7.053643276,4212582,482
7.055821654,4213560,978
7.055821654,4214026,466
7.058000032,4215020,994
7.058000032,4215470,450
7.060178410,4216480,1010
7.060178410,4216914,434
7.062356788,4217940,1026
7.062356788,4218358,418
7.064626931,4219400,1042
7.064626931,4219802,402
7.066805309,4220860,1058
7.066805309,4221246,386
7.068983687,4222320,1074
7.068983687,4222690,370
7.071162065,4223780,1090
7.071162065,4224134,354
7.073340443,4225240,1106
7.073340443,4225578,338
7.075603527,4226700,1122
7.075603527,4227022,322
7.077781905,4228160,1138
7.077781905,4228466,306
7.079960283,4229620,1154
7.079960283,4229910,290
7.082138661,4231080,1170
7.082138661,4231354,274
7.084317439,4232540,1186
7.084317439,4232798,258
7.086502475,4234000,1202
7.086502475,4234242,242
7.088680853,4235460,1218
7.088680853,4235686,226
7.090859231,4236920,1234
7.090859231,4237130,210
7.093122315,4238380,1250
7.093122315,4238574,194
7.095300693,4239840,1266
7.095300693,4240018,178
7.097479071,4241300,1282
7.097479071,4241462,162
7.099657449,4242760,1298
7.099657449,4242906,146
7.101835827,4244220,1314
7.101835827,4244350,130
7.104099311,4245680,1330
7.104099311,4245794,114
7.106284347,4247140,1346
7.106284347,4247238,98
7.108462725,4248600,1362
7.108462725,4248682,82
7.110641103,4250060,1378
7.110641103,4250126,66
7.112819401,4251520,1394
7.112819401,4251570,50
7.115081073,4252980,1410
7.115081073,4253014,34
7.117258039,4254440,1426
7.117258039,4254458,18
7.119435005,4255900,1442
7.119435005,4255902,2
7.121612051,4257354,1452
7.123790429,4257360,6
7.123790429,4258799,1439
7.125969207,4258820,21
7.125969207,4260244,1424
7.128154243,4260280,36
7.128154243,4261689,1409
7.130332621,4261740,51
7.130332621,4263134,1394
7.132595705,4263200,66
7.132595705,4264578,1378
7.134774083,4264660,82
7.134774083,4266022,1362
7.136952461,4266120,98
7.136952461,4267466,1346
7.139130839,4267580,114
7.139130839,4268910,1330
7.141309217,4269040,130
7.141309217,4270354,1314
7.143572301,4270500,146
7.143572301,4271798,1298
7.145751079,4271960,162
7.145751079,4273242,1282
7.147936115,4273420,178
7.147936115,4274686,1266
7.150114493,4274880,194
7.150114493,4276130,1250
7.152269789,4276340,210
7.152269789,4277574,1234
7.154424454,4277800,226
7.154424454,4279018,1218
7.156579119,4279260,242
7.156579119,4280462,1202
7.158733784,4280720,258
7.158733784,4281906,1186
7.160888449,4282180,274
7.160888449,4283350,1170
7.163126898,4283640,290
7.163126898,4284794,1154
7.165281563,4285100,306
7.165281563,4286238,1138
7.167436628,4286560,322
7.167436628,4287682,1122
7.169597876,4288020,338
7.169597876,4289126,1106
7.171752541,4289480,354
7.171752541,4290570,1090
7.173990990,4290940,370
7.173990990,4292014,1074
7.176145655,4292400,386
7.176145655,4293458,1058
7.178300320,4293860,402
7.178300320,4294902,1042
7.180454985,4295320,418
7.180454985,4296346,1026
7.182609650,4296780,434
7.182609650,4297790,1010
7.184764315,4298240,450
7.184764315,4299234,994
7.186918980,4299700,466
7.186918980,4300678,978
7.189074045,4301160,482
7.189074045,4302122,962
7.191319077,4302620,498
7.191319077,4303566,946
7.193473742,4304080,514
7.193473742,4305010,930
7.195628407,4305540,530
7.195628407,4306454,914
7.197783072,4307000,546
7.197783072,4307898,898
7.199937737,4308460,562
7.199937737,4309342,882
7.202176186,4309920,578
7.202176186,4310786,866
7.204330851,4311380,594
7.204330851,4312230,850
7.206485516,4312840,610
7.206485516,4313674,834
7.208640581,4314300,626
7.208640581,4315118,818
7.210801829,4315760,642
7.210801829,4316562,802
7.213040278,4317220,658
7.213040278,4318006,786
7.215194943,4318680,674
7.215194943,4319450,770
7.217349608,4320140,690
7.217349608,4320894,754
7.219504273,4321600,706
7.219504273,4322338,738
7.221658938,4323060,722
7.221658938,4323782,722
7.223813603,4324520,738
7.223813603,4325226,706
7.225968268,4325980,754
7.225968268,4326670,690
7.228122933,4327440,770
7.228122933,4328114,674
7.230368364,4328900,786
7.230368364,4329558,658
7.232523029,4330360,802
7.232523029,4331002,642
7.234677694,4331820,818
7.234677694,4332446,626
7.236832359,4333280,834
7.236832359,4333890,610
7.238987024,4334740,850
7.238987024,4335334,594
7.241225473,4336200,866
7.241225473,4336778,578
7.243380138,4337660,882
7.243380138,4338222,562
7.245534803,4339120,898
7.245534803,4339666,546
7.247689468,4340580,914
7.247689468,4341110,530
7.249844533,4342040,930
7.249844533,4342554,514
7.252005781,4343500,946
7.252005781,4343998,498
7.254138128,4344960,962
7.254138128,4345442,482
7.256270475,4346420,978
7.256270475,4346886,466
7.258485738,4347880,994
7.258485738,4348330,450
7.260618085,4349340,1010
7.260618085,4349774,434
7.262750432,4350800,1026
7.262750432,4351218,418
7.264882779,4352260,1042
7.264882779,4352662,402
7.267015126,4353720,1058
7.267015126,4354106,386
7.269230789,4355180,1074
7.269230789,4355550,370
7.271369646,4356640,1090
7.271369646,4356994,354
7.273501993,4358100,1106
7.273501993,4358438,338
7.275634340,4359560,1122
7.275634340,4359882,322
7.277766687,4361020,1138
7.277766687,4361326,306
7.279899034,4362480,1154
7.279899034,4362770,290
7.282031381,4363940,1170
7.282031381,4364214,274
7.284163728,4365400,1186
7.284163728,4365658,258
7.286378991,4366860,1202
7.286378991,4367102,242
7.288511338,4368320,1218
7.288511338,4368546,226
7.290644085,4369780,1234
7.290644085,4369990,210
7.292782942,4371240,1250
7.292782942,4371434,194
7.294915289,4372700,1266
7.294915289,4372878,178
7.297130552,4374160,1282
7.297130552,4374322,162
7.299262899,4375620,1298
7.299262899,4375766,146
7.301395246,4377080,1314
7.301395246,4377210,130
7.303527593,4378540,1330
7.303527593,4378654,114
7.305659940,4380000,1346
7.305659940,4380098,98
7.307875203,4381460,1362
7.307875203,4381542,82
7.310007950,4382920,1378
7.310007950,4382986,66
7.312146727,4384380,1394
7.312146727,4384430,50
7.314277692,4385840,1410
7.314277692,4385874,34
7.316408657,4387300,1426
7.316408657,4387318,18
7.318539622,4388760,1442
7.318539622,4388762,2
7.320670667,4390214,1452
7.322803014,4390220,6
7.322803014,4391659,1439
7.325018277,4391680,21
7.325018277,4393104,1424
7.327150624,4393140,36
7.327150624,4394549,1409
7.329282971,4394600,51
7.329282971,4395994,1394
7.331415718,4396060,66
7.331415718,4397438,1378
7.333554575,4397520,82
7.333554575,4398882,1362
7.335686922,4398980,98
7.335686922,4400326,1346
7.337902185,4400440,114
7.337902185,4401770,1330
7.340034532,4401900,130
7.340034532,4403214,1314
7.342166879,4403360,146
7.342166879,4404658,1298
7.344299226,4404820,162
7.344299226,4406102,1282
7.346431573,4406280,178
7.346431573,4407546,1266
7.348563920,4407740,194
7.348563920,4408990,1250
7.350696267,4409200,210
7.350696267,4410434,1234
7.352912125,4410660,226
7.352912125,4411878,1218
7.355038412,4412120,242
7.355038412,4413322,1202
7.357164699,4413580,258
7.357164699,4414766,1186
7.359290986,4415040,274
7.359290986,4416210,1170
7.361417273,4416500,290
7.361417273,4417654,1154
7.363543560,4417960,306
7.363543560,4419098,1138
7.365752528,4419420,322
7.365752528,4420542,1122
7.367878815,4420880,338
7.367878815,4421986,1106
7.370005102,4422340,354
7.370005102,4423430,1090
7.372131789,4423800,370
7.372131789,4424874,1074
7.374264567,4425260,386
7.374264567,4426318,1058
7.376390854,4426720,402
7.376390854,4427762,1042
7.378517141,4428180,418
7.378517141,4429206,1026
7.380726109,4429640,434
7.380726109,4430650,1010
7.382852396,4431100,450
7.382852396,4432094,994
7.384978683,4432560,466
7.384978683,4433538,978
7.387104970,4434020,482
7.387104970,4434982,962
7.389231257,4435480,498
7.389231257,4436426,946
7.391440625,4436940,514
7.391440625,4437870,930
7.393573403,4438400,530
7.393573403,4439314,914
7.395699690,4439860,546
7.395699690,4440758,898
7.397825977,4441320,562
7.397825977,4442202,882
7.399952264,4442780,578
7.399952264,4443646,866
7.402078551,4444240,594
7.402078551,4445090,850
7.404287519,4445700,610
7.404287519,4446534,834
7.406413806,4447160,626
7.406413806,4447978,818
7.408540093,4448620,642
7.408540093,4449422,802
7.410666380,4450080,658
7.410666380,4450866,786
7.412793067,4451540,674
7.412793067,4452310,770
7.414925845,4453000,690
7.414925845,4453754,754
7.417052132,4454460,706
7.417052132,4455198,738
7.419261100,4455920,722
7.419261100,4456642,722
7.421387387,4457380,738
7.421387387,4458086,706
7.423513674,4458840,754
7.423513674,4459530,690
7.425639961,4460300,770
7.425639961,4460974,674
7.427766248,4461760,786
7.427766248,4462418,658
7.429892535,4463220,802
7.429892535,4463862,642
7.432101903,4464680,818
7.432101903,4465306,626
7.434234681,4466140,834
7.434234681,4466750,610
7.436360968,4467600,850
7.436360968,4468194,594
7.438487255,4469060,866
7.438487255,4469638,578
7.440613542,4470520,882
7.440613542,4471082,562
7.442739829,4471980,898
7.442739829,4472526,546
7.444866116,4473440,914
7.444866116,4473970,530
7.447075084,4474900,930
7.447075084,4475414,514
7.449201371,4476360,946
7.449201371,4476858,498
7.451327658,4477820,962
7.451327658,4478302,482
7.453510091,4479280,978
7.453510091,4479746,466
7.455698794,4480740,994
7.455698794,4481190,450
7.457880827,4482200,1010
7.457880827,4482634,434
7.460147709,4483660,1026
7.460147709,4484078,418
7.462329742,4485120,1042
7.462329742,4485522,402
7.464511775,4486580,1058
7.464511775,4486966,386
7.466693808,4488040,1074
7.466693808,4488410,370
7.468875841,4489500,1090
7.468875841,4489854,354
7.471142723,4490960,1106
7.471142723,4491298,338
7.473325156,4492420,1122
7.473325156,4492742,322
7.475513859,4493880,1138
7.475513859,4494186,306
7.477695892,4495340,1154
7.477695892,4495630,290
7.479877925,4496800,1170
7.479877925,4497074,274
7.482059958,4498260,1186
7.482059958,4498518,258
7.484241991,4499720,1202
7.484241991,4499962,242
7.486508873,4501180,1218
7.486508873,4501406,226
7.488690906,4502640,1234
7.488690906,4502850,210
7.490872939,4504100,1250
7.490872939,4504294,194
7.493054972,4505560,1266
7.493054972,4505738,178
7.495237405,4507020,1282
7.495237405,4507182,162
7.497426108,4508480,1298
7.497426108,4508626,146
7.499692990,4509940,1314
7.499692990,4510070,130
7.501875023,4511400,1330
7.501875023,4511514,114
7.504057056,4512860,1346
7.504057056,4512958,98
7.506239089,4514320,1362
7.506239089,4514402,82
7.508421122,4515780,1378
7.508421122,4515846,66
7.510603075,4517240,1394
7.510603075,4517290,50
7.512783694,4518700,1410
7.512783694,4518734,34
7.515049562,4520160,1426
7.515049562,4520178,18
7.517236851,4521620,1442
7.517236851,4521622,2
7.519417550,4523074,1452
7.521599583,4523080,6
7.521599583,4524519,1439
7.523781616,4524540,21
7.523781616,4525964,1424
7.525963649,4526000,36
7.525963649,4527409,1409
7.528230531,4527460,51
7.528230531,4528854,1394
7.530412564,4528920,66
7.530412564,4530298,1378
7.532594597,4530380,82
7.532594597,4531742,1362
7.534776630,4531840,98
7.534776630,4533186,1346
7.536959063,4533300,114
7.536959063,4534630,1330
7.539147766,4534760,130
7.539147766,4536074,1314
7.541329799,4536220,146
7.541329799,4537518,1298
7.543596681,4537680,162
7.543596681,4538962,1282
7.545778714,4539140,178
7.545778714,4540406,1266
7.547960747,4540600,194
7.547960747,4541850,1250
7.550142780,4542060,210
7.550142780,4543294,1234
7.552270174,4543520,226
7.552270174,4544738,1218
7.554397568,4544980,242
7.554397568,4546182,1202
7.556608086,4546440,258
7.556608086,4547626,1186
7.558741974,4547900,274
7.558741974,4549070,1170
7.560869368,4549360,290
7.560869368,4550514,1154
7.562996762,4550820,306
7.562996762,4551958,1138
7.565124156,4552280,322
7.565124156,4553402,1122
7.567334274,4553740,338
7.567334274,4554846,1106
7.569461668,4555200,354
7.569461668,4556290,1090
7.571589062,4556660,370
7.571589062,4557734,1074
7.573716456,4558120,386
7.573716456,4559178,1058
7.575843850,4559580,402
7.575843850,4560622,1042
7.577971644,4561040,418
7.577971644,4562066,1026
7.580105532,4562500,434
7.580105532,4563510,1010
7.582315650,4563960,450
7.582315650,4564954,994
7.584443044,4565420,466
7.584443044,4566398,978
7.586570438,4566880,482
7.586570438,4567842,962
7.588697832,4568340,498
7.588697832,4569286,946
7.590825226,4569800,514
7.590825226,4570730,930
7.592952620,4571260,530
7.592952620,4572174,914
7.595162738,4572720,546
7.595162738,4573618,898
7.597290532,4574180,562
7.597290532,4575062,882
7.599424420,4575640,578
7.599424420,4576506,866
7.601551814,4577100,594
7.601551814,4577950,850
7.603679208,4578560,610
7.603679208,4579394,834
7.605806602,4580020,626
7.605806602,4580838,818
7.607933996,4581480,642
7.607933996,4582282,802
7.610144114,4582940,658
7.610144114,4583726,786
7.612271508,4584400,674
7.612271508,4585170,770
7.614398902,4585860,690
7.614398902,4586614,754
7.616526296,4587320,706
7.616526296,4588058,738
7.618654090,4588780,722
7.618654090,4589502,722
7.620787978,4590240,738
7.620787978,4590946,706
7.622998096,4591700,754
7.622998096,4592390,690
7.625125490,4593160,770
7.625125490,4593834,674
7.627252884,4594620,786
7.627252884,4595278,658
7.629380278,4596080,802
7.629380278,4596722,642
7.631507672,4597540,818
7.631507672,4598166,626
7.633635066,4599000,834
7.633635066,4599610,610
7.635762460,4600460,850
7.635762460,4601054,594
7.637889854,4601920,866
7.637889854,4602498,578
7.640106866,4603380,882
7.640106866,4603942,562
7.642234260,4604840,898
7.642234260,4605386,546
7.644361654,4606300,914
7.644361654,4606830,530
7.646489048,4607760,930
7.646489048,4608274,514
7.648616442,4609220,946
7.648616442,4609718,498
7.650826560,4610680,962
7.650826560,4611162,482
7.653098604,4612140,978
7.653098604,4612606,466
7.655370648,4613600,994
7.655370648,4614050,450
7.657642692,4615060,1010
7.657642692,4615494,434
7.659915136,4616520,1026
7.659915136,4616938,418
7.662194143,4617980,1042
7.662194143,4618382,402
7.664554536,4619440,1058
7.664554536,4619826,386
7.666826580,4620900,1074
7.666826580,4621270,370
7.669098624,4622360,1090
7.669098624,4622714,354
7.671370668,4623820,1106
7.671370668,4624158,338
7.673642712,4625280,1122
7.673642712,4625602,322
7.675914756,4626740,1138
7.675914756,4627046,306
7.678186800,4628200,1154
7.678186800,4628490,290
7.680547593,4629660,1170
7.680547593,4629934,274
7.682826600,4631120,1186
7.682826600,4631378,258
7.685098644,4632580,1202
7.685098644,4632822,242
7.687370688,4634040,1218
7.687370688,4634266,226
7.689642732,4635500,1234
7.689642732,4635710,210
7.691914776,4636960,1250
7.691914776,4637154,194
7.694275169,4638420,1266
7.694275169,4638598,178
7.696547213,4639880,1282
7.696547213,4640042,162
7.698819257,4641340,1298
7.698819257,4641486,146
7.701091301,4642800,1314
7.701091301,4642930,130
7.703363745,4644260,1330
7.703363745,4644374,114
7.705642752,4645720,1346
7.705642752,4645818,98
7.707914796,4647180,1362
7.707914796,4647262,82
7.710275189,4648640,1378
7.710275189,4648706,66
7.712547153,4650100,1394
7.712547153,4650150,50
7.714817725,4651560,1410
7.714817725,4651594,34
7.717088297,4653020,1426
7.717088297,4653038,18
7.719358869,4654480,1442
7.719358869,4654482,2
7.721629521,4655934,1452
7.723990314,4655940,6
7.723990314,4657379,1439
7.726269321,4657400,21
7.726269321,4658824,1424
7.728541365,4658860,36
7.728541365,4660269,1409
7.730813409,4660320,51
7.730813409,4661714,1394
7.733085453,4661780,66
7.733085453,4663158,1378
7.735357497,4663240,82
7.735357497,4664602,1362
7.737629541,4664700,98
7.737629541,4666046,1346
7.739989934,4666160,114
7.739989934,4667490,1330
7.742261978,4667620,130
7.742261978,4668934,1314
7.744534022,4669080,146
7.744534022,4670378,1298
7.746806466,4670540,162
7.746806466,4671822,1282
7.749085473,4672000,178
7.749085473,4673266,1266
7.751445866,4673460,194
7.751445866,4674710,1250
7.753527422,4674920,210
7.753527422,4676154,1234
7.755608978,4676380,226
7.755608978,4677598,1218
7.757690534,4677840,242
7.757690534,4679042,1202
7.759772090,4679300,258
7.759772090,4680486,1186
7.761853646,4680760,274
7.761853646,4681930,1170
7.764016143,4682220,290
7.764016143,4683374,1154
7.766098099,4683680,306
7.766098099,4684818,1138
7.768186000,4685140,322
7.768186000,4686262,1122
7.770267556,4686600,338
7.770267556,4687706,1106
7.772349112,4688060,354
7.772349112,4689150,1090
7.774430668,4689520,370
7.774430668,4690594,1074
7.776512224,4690980,386
7.776512224,4692038,1058
7.778674721,4692440,402
7.778674721,4693482,1042
7.780756277,4693900,418
7.780756277,4694926,1026
7.782837833,4695360,434
7.782837833,4696370,1010
7.784919389,4696820,450
7.784919389,4697814,994
7.787001345,4698280,466
7.787001345,4699258,978
7.789089246,4699740,482
7.789089246,4700702,962
7.791251743,4701200,498
7.791251743,4702146,946
7.793333299,4702660,514
7.793333299,4703590,930
7.795414855,4704120,530
7.795414855,4705034,914
7.797496411,4705580,546
7.797496411,4706478,898
7.799577967,4707040,562
7.799577967,4707922,882
7.801659523,4708500,578
7.801659523,4709366,866
7.803741079,4709960,594
7.803741079,4710810,850
7.805903976,4711420,610
7.805903976,4712254,834
7.807991877,4712880,626
7.807991877,4713698,818
7.810073433,4714340,642
7.810073433,4715142,802
7.812154989,4715800,658
7.812154989,4716586,786
7.814236545,4717260,674
7.814236545,4718030,770
7.816318101,4718720,690
7.816318101,4719474,754
7.818480598,4720180,706
7.818480598,4720918,738
7.820562154,4721640,722
7.820562154,4722362,722
7.822643710,4723100,738
7.822643710,4723806,706
7.824725266,4724560,754
7.824725266,4725250,690
7.826807222,4726020,770
7.826807222,4726694,674
7.828976064,4727480,786
7.828976064,4728138,658
7.831057620,4728940,802
7.831057620,4729582,642
7.833139176,4730400,818
7.833139176,4731026,626
7.835220732,4731860,834
7.835220732,4732470,610
7.837302288,4733320,850
7.837302288,4733914,594
7.839383844,4734780,866
7.839383844,4735358,578
7.841465400,4736240,882
7.841465400,4736802,562
7.843627897,4737700,898
7.843627897,4738246,546
7.845709853,4739160,914
7.845709853,4739690,530
7.847797754,4740620,930
7.847797754,4741134,514
7.849879310,4742080,946
7.849879310,4742578,498
7.851960866,4743540,962
7.851960866,4744022,482
7.854282935,4745000,978
7.854282935,4745466,466
7.856695298,4746460,994
7.856695298,4746910,450
7.859017367,4747920,1010
7.859017367,4748354,434
7.861339436,4749380,1026
7.861339436,4749798,418
7.863661505,4750840,1042
7.863661505,4751242,402
7.865983574,4752300,1058
7.865983574,4752686,386
7.868306043,4753760,1074
7.868306043,4754130,370
7.870635236,4755220,1090
7.870635236,4755574,354
7.873047599,4756680,1106
7.873047599,4757018,338
7.875369668,4758140,1122
7.875369668,4758462,322
7.877691737,4759600,1138
7.877691737,4759906,306
7.880013806,4761060,1154
7.880013806,4761350,290
7.882335875,4762520,1170
7.882335875,4762794,274
7.884657944,4763980,1186
7.884657944,4764238,258
7.887070307,4765440,1202
7.887070307,4765682,242
7.889392776,4766900,1218
7.889392776,4767126,226
7.891721969,4768360,1234
7.891721969,4768570,210
7.894044038,4769820,1250
7.894044038,4770014,194
7.896366107,4771280,1266
7.896366107,4771458,178
7.898688176,4772740,1282
7.898688176,4772902,162
7.901010245,4774200,1298
7.901010245,4774346,146
7.903422608,4775660,1314
7.903422608,4775790,130
7.905744677,4777120,1330
7.905744677,4777234,114
7.908066746,4778580,1346
7.908066746,4778678,98
7.910388815,4780040,1362
7.910388815,4780122,82
7.912711284,4781500,1378
7.912711284,4781566,66
7.915040397,4782960,1394
7.915040397,4783010,50
7.917451255,4784420,1410
7.917451255,4784454,34
7.919771819,4785880,1426
7.919771819,4785898,18
7.922092383,4787340,1442
7.922092383,4787342,2
7.924413027,4788794,1452
7.926735096,4788800,6
7.926735096,4790239,1439
7.929147459,4790260,21
7.929147459,4791684,1424
7.931469528,4791720,36
7.931469528,4793129,1409
7.933791997,4793180,51
7.933791997,4794574,1394
7.936121190,4794640,66
7.936121190,4796018,1378
7.938443259,4796100,82
7.938443259,4797462,1362
7.940765328,4797560,98
7.940765328,4798906,1346
7.943087397,4799020,114
7.943087397,4800350,1330
7.945499760,4800480,130
7.945499760,4801794,1314
7.947821829,4801940,146
7.947821829,4803238,1298
7.950143898,4803400,162
7.950143898,4804682,1282
7.952439694,4804860,178
7.952439694,4806126,1266
7.954735490,4806320,194
7.954735490,4807570,1250
7.957031686,4807780,210
7.957031686,4809014,1234
7.959423793,4809240,226
7.959423793,4810458,1218
7.961719589,4810700,242
7.961719589,4811902,1202
7.964015385,4812160,258
7.964015385,4813346,1186
7.966311181,4813620,274
7.966311181,4814790,1170
7.968606977,4815080,290
7.968606977,4816234,1154
7.970902773,4816540,306
7.970902773,4817678,1138
7.973198569,4818000,322
7.973198569,4819122,1122
7.975583637,4819460,338
7.975583637,4820566,1106
7.977879833,4820920,354
7.977879833,4822010,1090
7.980182668,4822380,370
7.980182668,4823454,1074
7.982478464,4823840,386
7.982478464,4824898,1058
7.984774260,4825300,402
7.984774260,4826342,1042
7.987070056,4826760,418
7.987070056,4827786,1026
7.989455124,4828220,434
7.989455124,4829230,1010
7.991750920,4829680,450
7.991750920,4830674,994
7.994046716,4831140,466
7.994046716,4832118,978
7.996342512,4832600,482
7.996342512,4833562,962
7.998638308,4834060,498
7.998638308,4835006,946
8.000934504,4835520,514
8.000934504,4836450,930
8.003237339,4836980,530
8.003237339,4837894,914
8.005622407,4838440,546
8.005622407,4839338,898
8.007918203,4839900,562
8.007918203,4840782,882
8.010213999,4841360,578
8.010213999,4842226,866
8.012509795,4842820,594
8.012509795,4843670,850
8.014805591,4844280,610
8.014805591,4845114,834
8.017190659,4845740,626
8.017190659,4846558,818
8.019486455,4847200,642
8.019486455,4848002,802
8.021782651,4848660,658
8.021782651,4849446,786
8.024085486,4850120,674
8.024085486,4850890,770
8.026381282,4851580,690
8.026381282,4852334,754
8.028677078,4853040,706
8.028677078,4853778,738
8.031062146,4854500,722
8.031062146,4855222,722
8.033357942,4855960,738
8.033357942,4856666,706
8.035653738,4857420,754
8.035653738,4858110,690
8.037949534,4858880,770
8.037949534,4859554,674
8.040245330,4860340,786
8.040245330,4860998,658
8.042541126,4861800,802
8.042541126,4862442,642
8.044837322,4863260,818
8.044837322,4863886,626
8.047229429,4864720,834
8.047229429,4865330,610
8.049525225,4866180,850
8.049525225,4866774,594
8.051821021,4867640,866
8.051821021,4868218,578
8.054038944,4869100,882
8.054038944,4869662,562
8.056256867,4870560,898
8.056256867,4871106,546
8.058474790,4872020,914
8.058474790,4872550,530
8.060778957,4873480,930
8.060778957,4873994,514
8.062996880,4874940,946
8.062996880,4875438,498
8.065215203,4876400,962
8.065215203,4876882,482
8.067439913,4877860,978
8.067439913,4878326,466
8.069657836,4879320,994
8.069657836,4879770,450
8.071875759,4880780,1010
8.071875759,4881214,434
8.074093682,4882240,1026
8.074093682,4882658,418
8.076397849,4883700,1042
8.076397849,4884102,402
8.078615772,4885160,1058
8.078615772,4885546,386
8.080833695,4886620,1074
8.080833695,4886990,370
8.083051618,4888080,1090
8.083051618,4888434,354
8.085269541,4889540,1106
8.085269541,4889878,338
8.087487864,4891000,1122
8.087487864,4891322,322
8.089798818,4892460,1138
8.089798818,4892766,306
8.092016741,4893920,1154
8.092016741,4894210,290
8.094234664,4895380,1170
8.094234664,4895654,274
8.096452587,4896840,1186
8.096452587,4897098,258
8.098670510,4898300,1202
8.098670510,4898542,242
8.100888433,4899760,1218
8.100888433,4899986,226
8.103106356,4901220,1234
8.103106356,4901430,210
8.105410523,4902680,1250
8.105410523,4902874,194
8.107628846,4904140,1266
8.107628846,4904318,178
8.109853556,4905600,1282
8.109853556,4905762,162
8.112071479,4907060,1298
8.112071479,4907206,146
8.114289402,4908520,1314
8.114289402,4908650,130
8.116593569,4909980,1330
8.116593569,4910094,114
8.118811492,4911440,1346
8.118811492,4911538,98
8.121029415,4912900,1362
8.121029415,4912982,82
8.123247338,4914360,1378
8.123247338,4914426,66
8.125465181,4915820,1394
8.125465181,4915870,50
8.127681667,4917280,1410
8.127681667,4917314,34
8.129991584,4918740,1426
8.129991584,4918758,18
8.132208070,4920200,1442
8.132208070,4920202,2
8.134424636,4921654,1452
8.136642559,4921660,6
8.136642559,4923099,1439
8.138860482,4923120,21
8.138860482,4924544,1424
8.141078405,4924580,36
8.141078405,4925989,1409
8.143296328,4926040,51
8.143296328,4927434,1394
8.145514251,4927500,66
8.145514251,4928878,1378
8.147818418,4928960,82
8.147818418,4930322,1362
8.150036741,4930420,98
8.150036741,4931766,1346
8.152261451,4931880,114
8.152261451,4933210,1330
8.154610952,4933340,130
8.154610952,4934654,1314
8.156960453,4934800,146
8.156960453,4936098,1298
8.159309954,4936260,162
8.159309954,4937542,1282
8.161750816,4937720,178
8.161750816,4938986,1266
8.164100317,4939180,194
8.164100317,4940430,1250
8.166449818,4940640,210
8.166449818,4941874,1234
8.168799319,4942100,226
8.168799319,4943318,1218
8.171148820,4943560,242
8.171148820,4944762,1202
8.173498721,4945020,258
8.173498721,4946206,1186
8.175855435,4946480,274
8.175855435,4947650,1170
8.178296297,4947940,290
8.178296297,4949094,1154
8.180645798,4949400,306
8.180645798,4950538,1138
8.182995299,4950860,322
8.182995299,4951982,1122
8.185344800,4952320,338
8.185344800,4953426,1106
8.187694301,4953780,354
8.187694301,4954870,1090
8.190043802,4955240,370
8.190043802,4956314,1074
8.192484664,4956700,386
8.192484664,4957758,1058
8.194834565,4958160,402
8.194834565,4959202,1042
8.197191279,4959620,418
8.197191279,4960646,1026
8.199540780,4961080,434
8.199540780,4962090,1010
8.201890281,4962540,450
8.201890281,4963534,994
8.204239782,4964000,466
8.204239782,4964978,978
8.206589283,4965460,482
8.206589283,4966422,962
8.209030145,4966920,498
8.209030145,4967866,946
8.211379646,4968380,514
8.211379646,4969310,930
8.213729147,4969840,530
8.213729147,4970754,914
8.216078648,4971300,546
8.216078648,4972198,898
8.218428549,4972760,562
8.218428549,4973642,882
8.220876624,4974220,578
8.220876624,4975086,866
8.223226125,4975680,594
8.223226125,4976530,850
8.225575626,4977140,610
8.225575626,4977974,834
8.227925127,4978600,626
8.227925127,4979418,818
8.230274628,4980060,642
8.230274628,4980862,802
8.232624129,4981520,658
8.232624129,4982306,786
8.235064991,4982980,674
8.235064991,4983750,770
8.237414492,4984440,690
8.237414492,4985194,754
8.239764393,4985900,706
8.239764393,4986638,738
8.242121107,4987360,722
8.242121107,4988082,722
8.244470608,4988820,738
8.244470608,4989526,706
8.246820109,4990280,754
8.246820109,4990970,690
8.249169610,4991740,770
8.249169610,4992414,674
8.251610472,4993200,786
8.251610472,4993858,658
8.253936426,4994660,802
8.253936426,4995302,642
8.256262380,4996120,818
8.256262380,4996746,626
8.258588334,4997580,834
8.258588334,4998190,610
8.260914288,4999040,850
8.260914288,4999634,594
8.263240642,5000500,866
8.263240642,5001078,578
8.265664178,5001960,882
8.265664178,5002522,562
8.267990132,5003420,898
8.267990132,5003966,546
8.270316086,5004880,914
8.270316086,5005410,530
8.272642040,5006340,930
8.272642040,5006854,514
8.274967994,5007800,946
8.274967994,5008298,498
8.277293948,5009260,962
8.277293948,5009742,482
8.279619902,5010720,978
8.279619902,5011186,466
8.282036301,5012180,994
8.282036301,5012630,450
8.284362655,5013640,1010
8.284362655,5014074,434
8.286695746,5015100,1026
8.286695746,5015518,418
8.289021700,5016560,1042
8.289021700,5016962,402
8.291347654,5018020,1058
8.291347654,5018406,386
8.293673608,5019480,1074
8.293673608,5019850,370
8.296090007,5020940,1090
8.296090007,5021294,354
8.298415961,5022400,1106
8.298415961,5022738,338
8.300741915,5023860,1122
8.300741915,5024182,322
8.303067869,5025320,1138
8.303067869,5025626,306
8.305393823,5026780,1154
8.305393823,5027070,290
8.307817759,5028240,1170
8.307817759,5028514,274
8.310143713,5029700,1186
8.310143713,5029958,258
8.312469667,5031160,1202
8.312469667,5031402,242
8.314795621,5032620,1218
8.314795621,5032846,226
8.317121575,5034080,1234
8.317121575,5034290,210
8.319447529,5035540,1250
8.319447529,5035734,194
8.321773483,5037000,1266
8.321773483,5037178,178
8.324189882,5038460,1282
8.324189882,5038622,162
8.326515836,5039920,1298
8.326515836,5040066,146
8.328842190,5041380,1314
8.328842190,5041510,130
8.331175281,5042840,1330
8.331175281,5042954,114
8.333501235,5044300,1346
8.333501235,5044398,98
8.335827189,5045760,1362
8.335827189,5045842,82
8.338243588,5047220,1378
8.338243588,5047286,66
8.340569462,5048680,1394
8.340569462,5048730,50
8.342893908,5050140,1410
8.342893908,5050174,34
8.345218354,5051600,1426
8.345218354,5051618,18
8.347542800,5053060,1442
8.347542800,5053062,2
8.349867326,5054514,1452
8.352193680,5054520,6
8.352193680,5055959,1439
8.354398418,5055980,21
8.354398418,5057404,1424
8.356681903,5057440,36
8.356681903,5058849,1409
8.358879918,5058900,51
8.358879918,5060294,1394
8.361077933,5060360,66
8.361077933,5061738,1378
8.363275948,5061820,82
8.363275948,5063182,1362
8.365473963,5063280,98
8.365473963,5064626,1346
8.367757448,5064740,114
8.367757448,5066070,1330
8.369955463,5066200,130
8.369955463,5067514,1314
8.372153878,5067660,146
8.372153878,5068958,1298
8.374358616,5069120,162
8.374358616,5070402,1282
8.376556631,5070580,178
8.376556631,5071846,1266
8.378754646,5072040,194
8.378754646,5073290,1250
8.380952661,5073500,210
8.380952661,5074734,1234
8.383150676,5074960,226
8.383150676,5076178,1218
8.385434161,5076420,242
8.385434161,5077622,1202
8.387632176,5077880,258
8.387632176,5079066,1186
8.389830191,5079340,274
8.389830191,5080510,1170
8.392028206,5080800,290
8.392028206,5081954,1154
8.394226621,5082260,306
8.394226621,5083398,1138
8.396516829,5083720,322
8.396516829,5084842,1122
8.398714844,5085180,338
8.398714844,5086286,1106
8.400912859,5086640,354
8.400912859,5087730,1090
8.403110874,5088100,370
8.403110874,5089174,1074
8.405308889,5089560,386
8.405308889,5090618,1058
8.407592374,5091020,402
8.407592374,5092062,1042
8.409790389,5092480,418
8.409790389,5093506,1026
8.411988404,5093940,434
8.411988404,5094950,1010
8.414186819,5095400,450
8.414186819,5096394,994
8.416391557,5096860,466
8.416391557,5097838,978
8.418589572,5098320,482
8.418589572,5099282,962
8.420787587,5099780,498
8.420787587,5100726,946
8.422985602,5101240,514
8.422985602,5102170,930
8.425269087,5102700,530
8.425269087,5103614,914
8.427467102,5104160,546
8.427467102,5105058,898
8.429665117,5105620,562
8.429665117,5106502,882
8.431863132,5107080,578
8.431863132,5107946,866
8.434061147,5108540,594
8.434061147,5109390,850
8.436351755,5110000,610
8.436351755,5110834,834
8.438549770,5111460,626
8.438549770,5112278,818
8.440747785,5112920,642
8.440747785,5113722,802
8.442945800,5114380,658
8.442945800,5115166,786
8.445143815,5115840,674
8.445143815,5116610,770
8.447341830,5117300,690
8.447341830,5118054,754
8.449539845,5118760,706
8.449539845,5119498,738
8.451737860,5120220,722
8.451737860,5120942,722
8.454080797,5121680,738
8.454080797,5122386,706
8.456336439,5123140,754
8.456336439,5123830,690
8.458598589,5124600,770
8.458598589,5125274,674
8.460853831,5126060,786
8.460853831,5126718,658
8.463109073,5127520,802
8.463109073,5128162,642
8.465452010,5128980,818
8.465452010,5129606,626
8.467707252,5130440,834
8.467707252,5131050,610
8.469962494,5131900,850
8.469962494,5132494,594
8.472217736,5133360,866
8.472217736,5133938,578
8.474472978,5134820,882
8.474472978,5135382,562
8.476816315,5136280,898
8.476816315,5136826,546
8.479078465,5137740,914
8.479078465,5138270,530
8.481333707,5139200,930
8.481333707,5139714,514
8.483588949,5140660,946
8.483588949,5141158,498
8.485844191,5142120,962
8.485844191,5142602,482
8.488099433,5143580,978
8.488099433,5144046,466
8.490354675,5145040,994
8.490354675,5145490,450
8.492609917,5146500,1010
8.492609917,5146934,434
8.494952854,5147960,1026
8.494952854,5148378,418
8.497208096,5149420,1042
8.497208096,5149822,402
8.499463738,5150880,1058
8.499463738,5151266,386
8.501725888,5152340,1074
8.501725888,5152710,370
8.503981130,5153800,1090
8.503981130,5154154,354
8.506324067,5155260,1106
8.506324067,5155598,338
8.508579309,5156720,1122
8.508579309,5157042,322
8.510834551,5158180,1138
8.510834551,5158486,306
8.513089793,5159640,1154
8.513089793,5159930,290
8.515345035,5161100,1170
8.515345035,5161374,274
8.517600277,5162560,1186
8.517600277,5162818,258
8.519855519,5164020,1202
8.519855519,5164262,242
8.522111161,5165480,1218
8.522111161,5165706,226
8.524461006,5166940,1234
8.524461006,5167150,210
8.526716248,5168400,1250
8.526716248,5168594,194
8.528971490,5169860,1266
8.528971490,5170038,178
8.531226732,5171320,1282
8.531226732,5171482,162
8.533481974,5172780,1298
8.533481974,5172926,146
8.535824911,5174240,1314
8.535824911,5174370,130
8.538080153,5175700,1330
8.538080153,5175814,114
8.540335395,5177160,1346
8.540335395,5177258,98
8.542591037,5178620,1362
8.542591037,5178702,82
8.544853187,5180080,1378
8.544853187,5180146,66
8.547108349,5181540,1394
8.547108349,5181590,50
8.549362129,5183000,1410
8.549362129,5183034,34
8.551615909,5184460,1426
8.551615909,5184478,18
8.553849127,5185920,1442
8.553849127,5185922,2
8.555998784,5187374,1452
8.558149755,5187380,6
8.558149755,5188819,1439
8.560300726,5188840,21
8.560300726,5190264,1424
8.562451697,5190300,36
8.562451697,5191709,1409
8.564693279,5191760,51
8.564693279,5193154,1394
8.566844250,5193220,66
8.566844250,5194598,1378
8.568995221,5194680,82
8.568995221,5196042,1362
8.571146192,5196140,98
8.571146192,5197486,1346
8.573297163,5197600,114
8.573297163,5198930,1330
8.575531775,5199060,130
8.575531775,5200374,1314
8.577682746,5200520,146
8.577682746,5201818,1298
8.579833717,5201980,162
8.579833717,5203262,1282
8.581984688,5203440,178
8.581984688,5204706,1266
8.584136059,5204900,194
8.584136059,5206150,1250
8.586293600,5206360,210
8.586293600,5207594,1234
8.588444571,5207820,226
8.588444571,5209038,1218
8.590595542,5209280,242
8.590595542,5210482,1202
8.592830154,5210740,258
8.592830154,5211926,1186
8.594981125,5212200,274
8.594981125,5213370,1170
8.597132096,5213660,290
8.597132096,5214814,1154
8.599283067,5215120,306
8.599283067,5216258,1138
8.601434038,5216580,322
8.601434038,5217702,1122
8.603669050,5218040,338
8.603669050,5219146,1106
8.605826591,5219500,354
8.605826591,5220590,1090
8.607977562,5220960,370
8.607977562,5222034,1074
8.610128533,5222420,386
8.610128533,5223478,1058
8.612279504,5223880,402
8.612279504,5224922,1042
8.614430475,5225340,418
8.614430475,5226366,1026
8.616581446,5226800,434
8.616581446,5227810,1010
8.618732417,5228260,450
8.618732417,5229254,994
8.620967029,5229720,466
8.620967029,5230698,978
8.623118000,5231180,482
8.623118000,5232142,962
8.625269371,5232640,498
8.625269371,5233586,946
8.627426912,5234100,514
8.627426912,5235030,930
8.629577883,5235560,530
8.629577883,5236474,914
8.631812495,5237020,546
8.631812495,5237918,898
8.633963466,5238480,562
8.633963466,5239362,882
8.636114437,5239940,578
8.636114437,5240806,866
8.638265408,5241400,594
8.638265408,5242250,850
8.639239779,5242860,610
8.639239779,5242880,20
