elapsed_s,rx_app,packet_bytes
0.164013879,1456,1456
0.166172033,1460,4
0.166172033,2905,1445
0.170564956,2920,15
0.170564956,4354,1434
0.180564956,4380,26
0.180564956,5803,1423
0.275993216,5840,37
0.275993216,7252,1412
0.278139819,7300,48
0.278139819,8701,1401
0.280286422,8760,59
0.280286422,10150,1390
0.282433025,10220,70
0.282433025,11598,1378
0.284579628,11680,82
0.284579628,13046,1366
0.286726231,13140,94
0.286726231,14494,1354
0.295994817,14600,106
0.295994817,15942,1342
0.298141820,16060,118
0.298141820,17390,1330
0.388759690,17520,130
0.388759690,18834,1314
0.390955123,18980,146
0.390955123,20278,1298
0.393150556,20440,162
0.393150556,21722,1282
0.395345989,21900,178
0.395345989,23166,1266
0.397541422,23360,194
0.397541422,24610,1250
0.399736855,24820,210
0.399736855,26054,1234
0.401932128,26280,226
0.401932128,27498,1218
0.404124713,27740,242
0.404124713,28942,1202
0.406317298,29200,258
0.406317298,30386,1186
0.408510283,30660,274
0.408510283,31830,1170
0.410709587,32120,290
0.410709587,33274,1154
0.412902172,33580,306
0.412902172,34718,1138
0.415175911,35040,322
0.415175911,36162,1122
0.417368496,36500,338
0.417368496,37606,1106
0.419561081,37960,354
0.419561081,39050,1090
0.421753666,39420,370
0.421753666,40494,1074
0.498781274,40880,386
0.498781274,41938,1058
0.501130531,42340,402
0.501130531,43382,1042
0.503486604,43800,418
0.503486604,44826,1026
0.505835461,45260,434
0.505835461,46270,1010
0.508184318,46720,450
0.508184318,47714,994
0.510533175,48180,466
0.510533175,49158,978
0.512881872,49640,482
0.512881872,50602,962
0.515227682,51100,498
0.515227682,52046,946
0.517573492,52560,514
0.517573492,53490,930
0.519919302,54020,530
0.519919302,54934,914
0.522265112,55480,546
0.522265112,56378,898
0.524610922,56940,562
0.524610922,57822,882
0.526957132,58400,578
0.526957132,59266,866
0.529310158,59860,594
0.529310158,60710,850
0.531655968,61320,610
0.531655968,62154,834
0.534001778,62780,626
0.534001778,63598,818
0.536347588,64240,642
0.536347588,65042,802
0.538693398,65700,658
0.538693398,66486,786
0.541126033,67160,674
0.541126033,67930,770
0.543471843,68620,690
0.543471843,69374,754
0.545817653,70080,706
0.545817653,70818,738
0.548163463,71540,722
0.548163463,72262,722
0.552450183,73000,738
0.552450183,73706,706
0.554689187,74460,754
0.554689187,75150,690
0.556862047,75920,770
0.556862047,76594,674
0.559034907,77380,786
0.559034907,78038,658
0.561207767,78840,802
0.561207767,79482,642
0.563380627,80300,818
0.563380627,80926,626
0.565633911,81760,834
0.565633911,82370,610
0.567806771,83220,850
0.567806771,83814,594
0.569979631,84680,866
0.569979631,85258,578
0.572152491,86140,882
0.572152491,86702,562
0.609940473,87600,898
0.609940473,88146,546
0.612113333,89060,914
0.612113333,89590,530
0.614286193,90520,930
0.614286193,91034,514
0.616459053,91980,946
0.616459053,92478,498
0.618631913,93440,962
0.618631913,93922,482
0.620804773,94900,978
0.620804773,95366,466
0.623058057,96360,994
0.623058057,96810,450
0.625230917,97820,1010
0.625230917,98254,434
0.627403777,99280,1026
0.627403777,99698,418
0.629577037,100740,1042
0.629577037,101142,402
0.631756551,102200,1058
0.631756551,102586,386
0.633929411,103660,1074
0.633929411,104030,370
0.636102271,105120,1090
0.636102271,105474,354
0.638275131,106580,1106
0.638275131,106918,338
0.640447991,108040,1122
0.640447991,108362,322
0.642620851,109500,1138
0.642620851,109806,306
0.644793711,110960,1154
0.644793711,111250,290
0.646966571,112420,1170
0.646966571,112694,274
0.649219855,113880,1186
0.649219855,114138,258
0.651393115,115340,1202
0.651393115,115582,242
0.653569589,116800,1218
0.653569589,117026,226
0.653796056,118260,1234
0.653796056,118470,210
0.656019483,119720,1250
0.656019483,119914,194
0.658242910,121180,1266
0.658242910,121358,178
0.660466337,122640,1282
0.660466337,122802,162
0.662689764,124100,1298
0.662689764,124246,146
0.664913191,125560,1314
0.664913191,125690,130
0.667136618,127020,1330
0.667136618,127134,114
0.669360045,128480,1346
0.669360045,128578,98
0.671583472,129940,1362
0.671583472,130022,82
0.673896413,131400,1378
0.673896413,131466,66
0.676119760,132860,1394
0.676119760,132910,50
0.678341744,134320,1410
0.678341744,134354,34
0.680563728,135780,1426
0.680563728,135798,18
0.682785712,137240,1442
0.682785712,137242,2
0.685007776,138694,1452
0.687231203,138700,6
0.687231203,140139,1439
0.689454630,140160,21
0.689454630,141584,1424
0.691678057,141620,36
0.691678057,143029,1409
0.693901484,143080,51
0.693901484,144474,1394
0.696125311,144540,66
0.696125311,145918,1378
0.698355557,146000,82
0.698355557,147362,1362
0.700578984,147460,98
0.700578984,148806,1346
0.702802411,148920,114
0.702802411,150250,1330
0.705025838,150380,130
0.705025838,151694,1314
0.707249265,151840,146
0.707249265,153138,1298
0.709554987,153300,162
0.709554987,154582,1282
0.711778414,154760,178
0.711778414,156026,1266
0.714001841,156220,194
0.714001841,157470,1250
0.716225268,157680,210
0.716225268,158914,1234
0.718449095,159140,226
0.718449095,160358,1218
0.720679341,160600,242
0.720679341,161802,1202
0.722902768,162060,258
0.722902768,163246,1186
0.725126195,163520,274
0.725126195,164690,1170
0.727349622,164980,290
0.727349622,166134,1154
0.729573049,166440,306
0.729573049,167578,1138
0.731878771,167900,322
0.731878771,169022,1122
0.734102198,169360,338
0.734102198,170466,1106
0.736325625,170820,354
0.736325625,171910,1090
0.738549052,172280,370
0.738549052,173354,1074
0.740772879,173740,386
0.740772879,174798,1058
0.743003125,175200,402
0.743003125,176242,1042
0.745226552,176660,418
0.745226552,177686,1026
0.747449979,178120,434
0.747449979,179130,1010
0.749755701,179580,450
0.749755701,180574,994
0.755919757,181040,466
0.755919757,182018,978
0.758442703,182500,482
0.758442703,183462,962
0.760906278,183960,498
0.760906278,184906,946
0.763369853,185420,514
0.763369853,186350,930
0.765833428,186880,530
0.765833428,187794,914
0.768396185,188340,546
0.768396185,189238,898
0.770859760,189800,562
0.770859760,190682,882
0.773323335,191260,578
0.773323335,192126,866
0.775786910,192720,594
0.775786910,193570,850
0.778250485,194180,610
0.778250485,195014,834
0.780714060,195640,626
0.780714060,196458,818
0.783177635,197100,642
0.783177635,197902,802
0.785641210,198560,658
0.785641210,199346,786
0.788104785,200020,674
0.788104785,200790,770
0.790568360,201480,690
0.790568360,202234,754
0.793032335,202940,706
0.793032335,203678,738
0.795503509,204400,722
0.795503509,205122,722
0.797967084,205860,738
0.797967084,206566,706
0.800430659,207320,754
0.800430659,208010,690
0.802894234,208780,770
0.802894234,209454,674
0.805357809,210240,786
0.805357809,210898,658
0.807912568,211700,802
0.807912568,212342,642
0.810376143,213160,818
0.810376143,213786,626
0.812839718,214620,834
0.812839718,215230,610
0.815303293,216080,850
0.815303293,216674,594
0.817767268,217540,866
0.817767268,218118,578
0.820238442,219000,882
0.820238442,219562,562
0.822702017,220460,898
0.822702017,221006,546
0.825165592,221920,914
0.825165592,222450,530
0.827629167,223380,930
0.827629167,223894,514
0.830092742,224840,946
0.830092742,225338,498
0.832556317,226300,962
0.832556317,226782,482
0.835019892,227760,978
0.835019892,228226,466
0.837574651,229220,994
0.837574651,229670,450
0.840038226,230680,1010
0.840038226,231114,434
0.842502201,232140,1026
0.842502201,232558,418
0.844973375,233600,1042
0.844973375,234002,402
0.847436950,235060,1058
0.847436950,235446,386
0.849900525,236520,1074
0.849900525,236890,370
0.852364100,237980,1090
0.852364100,238334,354
0.854824635,239440,1106
0.854824635,241222,1782
0.856355313,242360,1138
0.856355313,242666,306
0.858619132,243820,1154
0.858619132,244110,290
0.860882951,245280,1170
0.860882951,245554,274
0.863146770,246740,1186
0.863146770,246998,258
0.865410989,248200,1202
0.865410989,248442,242
0.867681758,249660,1218
0.867681758,249886,226
0.869945577,251120,1234
0.869945577,251330,210
0.872293186,252580,1250
0.872293186,252774,194
0.874557005,254040,1266
0.874557005,254218,178
0.876820824,255500,1282
0.876820824,255662,162
0.879084643,256960,1298
0.879084643,257106,146
0.881348462,258420,1314
0.881348462,258550,130
0.883612281,259880,1330
0.883612281,259994,114
0.885876100,261340,1346
0.885876100,261438,98
0.888140319,262800,1362
0.888140319,262882,82
0.890411088,264260,1378
0.890411088,264326,66
0.892726257,265720,1394
0.892726257,265770,50
0.895020966,267180,1410
0.895020966,267214,34
0.898576895,268640,1426
0.898576895,268658,18
0.900784854,270100,1442
0.900784854,270102,2
0.902992813,271554,1452
0.908051102,271560,6
0.908051102,272999,1439
0.910869111,273020,21
0.910869111,274444,1424
0.913438690,274480,36
0.913438690,275889,1409
0.915646649,275940,51
0.915646649,277334,1394
0.918219168,277400,66
0.918219168,278778,1378
0.920427127,278860,82
0.920427127,280222,1362
0.922635086,280320,98
0.922635086,281666,1346
0.924843045,281780,114
0.924843045,283110,1330
0.927134794,283240,130
0.927134794,284554,1314
0.929342753,284700,146
0.929342753,285998,1298
0.931550712,286160,162
0.931550712,287442,1282
0.933758671,287620,178
0.933758671,288886,1266
0.935966630,289080,194
0.935966630,290330,1250
0.938174589,290540,210
0.938174589,291774,1234
0.940382548,292000,226
0.940382548,293218,1218
0.942590507,293460,242
0.942590507,294662,1202
0.944798466,294920,258
0.944798466,296106,1186
0.947006425,296380,274
0.947006425,297550,1170
0.949273184,297840,290
0.949273184,298994,1154
0.951541413,299300,306
0.951541413,300438,1138
0.952810740,300760,322
0.952810740,301882,1122
0.955142012,302220,338
0.955142012,303326,1106
0.957473284,303680,354
0.957473284,304770,1090
0.959874056,305140,370
0.959874056,306214,1074
0.962143383,306600,386
0.962143383,307658,1058
0.964412710,308060,402
0.964412710,309102,1042
0.966768156,309520,418
0.966768156,310546,1026
0.969037483,310980,434
0.969037483,311990,1010
0.971368755,312440,450
0.971368755,313434,994
0.973700027,313900,466
0.973700027,314878,978
0.976031299,315360,482
0.976031299,316322,962
0.978300626,316820,498
0.978300626,317766,946
0.980631898,318280,514
0.980631898,319210,930
0.982963170,319740,530
0.982963170,320654,914
0.985294442,321200,546
0.985294442,322098,898
0.987563769,322660,562
0.987563769,323542,882
0.989919215,324120,578
0.989919215,324986,866
0.992188542,325580,594
0.992188542,326430,850
0.994457869,327040,610
0.994457869,327874,834
0.996727196,328500,626
0.996727196,329318,818
0.998996523,329960,642
0.998996523,330762,802
1.001265850,331420,658
1.001265850,332206,786
1.003535177,332880,674
1.003535177,333650,770
1.005804504,334340,690
1.005804504,335094,754
1.008073831,335800,706
1.008073831,336538,738
1.010343158,337260,722
1.010343158,337982,722
1.012612485,338720,738
1.012612485,339426,706
1.014881812,340180,754
1.014881812,340870,690
1.017151139,341640,770
1.017151139,342314,674
1.019420466,343100,786
1.019420466,343758,658
1.021689793,344560,802
1.021689793,345202,642
1.023959120,346020,818
1.023959120,346646,626
1.026319099,347480,834
1.026319099,348090,610
1.028588426,348940,850
1.028588426,349534,594
1.030857753,350400,866
1.030857753,350978,578
1.033127080,351860,882
1.033127080,352422,562
1.035396407,353320,898
1.035396407,353866,546
1.037665734,354780,914
1.037665734,355310,530
1.039935061,356240,930
1.039935061,356754,514
1.042204388,357700,946
1.042204388,358198,498
1.044473715,359160,962
1.044473715,359642,482
1.046743042,360620,978
1.046743042,361086,466
1.049012369,362080,994
1.049012369,362530,450
1.605808028,363540,1010
1.605808028,385634,22094
1.608147643,386900,1266
1.608147643,388522,1622
1.610307510,389820,1298
1.610307510,514162,124342
1.613321539,515380,1218
1.613321539,530046,14666
1.615567685,531440,1394
1.615567685,557494,26054
1.626872875,557720,226
1.626872875,582042,24322
1.664342489,582540,498
1.664342489,673024,90484
1.804818469,673060,36
1.804818469,696130,23070
1.840068210,696420,290
1.840068210,719234,22814
1.869050013,719780,546
1.869050013,746670,26890
1.924379081,747520,850
1.924379081,824658,77138
1.927085419,824900,242
1.927085419,888194,63294
2.009916935,889140,946
2.009916935,980622,91482
2.012083801,981120,498
2.012083801,982066,946
2.014245001,982580,514
2.014245001,983510,930
2.016399619,984040,530
2.016399619,984954,914
2.018638019,985500,546
2.018638019,986398,898
2.020792637,986960,562
2.020792637,987842,882
2.022947255,988420,578
2.022947255,989286,866
2.025101873,989880,594
2.025101873,990730,850
2.027256491,991340,610
2.027256491,992174,834
2.029411109,992800,626
2.029411109,993618,818
2.031565727,994260,642
2.031565727,995062,802
2.033811109,995720,658
2.033811109,996506,786
2.035965727,997180,674
2.035965727,997950,770
2.038120345,998640,690
2.038120345,999394,754
2.040274963,1000100,706
2.040274963,1000838,738
2.042429581,1001560,722
2.042429581,1002282,722
2.044584199,1003020,738
2.044584199,1003726,706
2.046738817,1004480,754
2.046738817,1005170,690
2.048977217,1005940,770
2.048977217,1006614,674
2.053073867,1007400,786
2.053073867,1008058,658
2.055472809,1008860,802
2.055472809,1009502,642
2.057820568,1010320,818
2.057820568,1010946,626
2.060161142,1011780,834
2.060161142,1012390,610
2.062501716,1013240,850
2.062501716,1013834,594
2.065024316,1014700,866
2.065024316,1015278,578
2.067364890,1016160,882
2.067364890,1016722,562
2.069705464,1017620,898
2.069705464,1018166,546
2.072046038,1019080,914
2.072046038,1019610,530
2.074386612,1020540,930
2.074386612,1021054,514
2.076727586,1022000,946
2.076727586,1022498,498
2.079166358,1023460,962
2.079166358,1023942,482
2.081506932,1024920,978
2.081506932,1025386,466
2.083847506,1026380,994
2.083847506,1026830,450
2.086188080,1027840,1010
2.086188080,1028274,434
2.088528654,1029300,1026
2.088528654,1029718,418
2.090869228,1030760,1042
2.090869228,1031162,402
2.093209802,1032220,1058
2.093209802,1032606,386
2.095550376,1033680,1074
2.095550376,1034050,370
2.097982363,1035140,1090
2.097982363,1035494,354
2.100330122,1036600,1106
2.100330122,1036938,338
2.102670696,1038060,1122
2.102670696,1038382,322
2.105011270,1039520,1138
2.105011270,1039826,306
2.107351844,1040980,1154
2.107351844,1041270,290
2.109692418,1042440,1170
2.109692418,1042714,274
2.112032992,1043900,1186
2.112032992,1044158,258
2.114373566,1045360,1202
2.114373566,1045602,242
2.116805153,1046820,1218
2.116805153,1047046,226
2.119145727,1048280,1234
2.119145727,1048490,210
2.121486701,1049740,1250
2.121486701,1049934,194
2.123834460,1051200,1266
2.123834460,1051378,178
2.126175034,1052660,1282
2.126175034,1052822,162
2.128515608,1054120,1298
2.128515608,1054266,146
2.130856182,1055580,1314
2.130856182,1055710,130
2.133196756,1057040,1330
2.133196756,1057154,114
2.135628343,1058500,1346
2.135628343,1058598,98
2.137968917,1059960,1362
2.137968917,1060042,82
2.140309491,1061420,1378
2.140309491,1061486,66
2.142649985,1062880,1394
2.142649985,1062930,50
2.144989442,1064340,1410
2.144989442,1064374,34
2.147335684,1065800,1426
2.147335684,1065818,18
2.149674741,1067260,1442
2.149674741,1067262,2
2.152013878,1068714,1452
2.156391011,1068720,6
2.156391011,1070159,1439
2.158675645,1070180,21
2.158675645,1071604,1424
2.160960279,1071640,36
2.160960279,1073049,1409
2.163333751,1073100,51
2.163333751,1074494,1394
2.165618385,1074560,66
2.165618385,1075938,1378
2.167903419,1076020,82
2.167903419,1077382,1362
2.170195056,1077480,98
2.170195056,1078826,1346
2.172479690,1078940,114
2.172479690,1080270,1330
2.174764324,1080400,130
2.174764324,1081714,1314
2.177048958,1081860,146
2.177048958,1083158,1298
2.179333592,1083320,162
2.179333592,1084602,1282
2.181707064,1084780,178
2.181707064,1086046,1266
2.183991698,1086240,194
2.183991698,1087490,1250
2.186276332,1087700,210
2.186276332,1088934,1234
2.188560966,1089160,226
2.188560966,1090378,1218
2.190846000,1090620,242
2.190846000,1091822,1202
2.193226475,1092080,258
2.193226475,1093266,1186
2.195511109,1093540,274
2.195511109,1094710,1170
2.197795743,1095000,290
2.197795743,1096154,1154
2.200080377,1096460,306
2.200080377,1097598,1138
2.202365011,1097920,322
2.202365011,1099042,1122
2.204649645,1099380,338
2.204649645,1100486,1106
2.206934279,1100840,354
2.206934279,1101930,1090
2.209218913,1102300,370
2.209218913,1103374,1074
2.211592785,1103760,386
2.211592785,1104818,1058
2.213884422,1105220,402
2.213884422,1106262,1042
2.216169056,1106680,418
2.216169056,1107706,1026
2.218453690,1108140,434
2.218453690,1109150,1010
2.220827162,1109600,450
2.220827162,1110594,994
2.223111796,1111060,466
2.223111796,1112038,978
2.225396430,1112520,482
2.225396430,1113482,962
2.227681064,1113980,498
2.227681064,1114926,946
2.229965698,1115440,514
2.229965698,1116370,930
2.232339570,1116900,530
2.232339570,1117814,914
2.234631207,1118360,546
2.234631207,1119258,898
2.236915841,1119820,562
2.236915841,1120702,882
2.239200475,1121280,578
2.239200475,1122146,866
2.241485109,1122740,594
2.241485109,1123590,850
2.243769743,1124200,610
2.243769743,1125034,834
2.246054377,1125660,626
2.246054377,1126478,818
2.248339011,1127120,642
2.248339011,1127922,802
2.250712483,1128580,658
2.250712483,1129366,786
2.252997117,1130040,674
2.252997117,1130810,770
2.255278471,1131500,690
2.255278471,1133698,2198
2.256093301,1134420,722
2.256093301,1135142,722
2.258495184,1135880,738
2.258495184,1136586,706
2.260990464,1137340,754
2.260990464,1138030,690
2.263392347,1138800,770
2.263392347,1139474,674
2.265794230,1140260,786
2.265794230,1140918,658
2.268196113,1141720,802
2.268196113,1142362,642
2.270597996,1143180,818
2.270597996,1143806,626
2.272999879,1144640,834
2.272999879,1145250,610
2.275402162,1146100,850
2.275402162,1146694,594
2.277811429,1147560,866
2.277811429,1148138,578
2.280306709,1149020,882
2.280306709,1149582,562
2.282708592,1150480,898
2.282708592,1151026,546
2.285110475,1151940,914
2.285110475,1152470,530
2.287512358,1153400,930
2.287512358,1153914,514
2.289914241,1154860,946
2.289914241,1155358,498
2.292409521,1156320,962
2.292409521,1156802,482
2.294811404,1157780,978
2.294811404,1158246,466
2.297213687,1159240,994
2.297213687,1159690,450
2.299622954,1160700,1010
2.299622954,1161134,434
2.302024837,1162160,1026
2.302024837,1162578,418
2.304426720,1163620,1042
2.304426720,1164022,402
2.306828603,1165080,1058
2.306828603,1165466,386
2.309323883,1166540,1074
2.309323883,1166910,370
2.311725766,1168000,1090
2.311725766,1168354,354
2.314127649,1169460,1106
2.314127649,1169798,338
2.316529532,1170920,1122
2.316529532,1171242,322
2.318931415,1172380,1138
2.318931415,1172686,306
2.321333698,1173840,1154
2.321333698,1174130,290
2.323836362,1175300,1170
2.323836362,1175574,274
2.326238245,1176760,1186
2.326238245,1177018,258
2.328640128,1178220,1202
2.328640128,1178462,242
2.331042011,1179680,1218
2.331042011,1179906,226
2.333443894,1181140,1234
2.333443894,1181350,210
2.335939174,1182600,1250
2.335939174,1182794,194
2.338341057,1184060,1266
2.338341057,1184238,178
2.340742940,1185520,1282
2.340742940,1185682,162
2.343145223,1186980,1298
2.343145223,1187126,146
2.345554490,1188440,1314
2.345554490,1188570,130
2.347956373,1189900,1330
2.347956373,1190014,114
2.354292846,1191360,1346
2.354292846,1191458,98
2.356418751,1192820,1362
2.356418751,1192902,82
2.358559368,1194280,1378
2.358559368,1194346,66
2.360619783,1195740,1394
2.360619783,1195790,50
2.362678943,1197200,1410
2.362678943,1197234,34
2.364738103,1198660,1426
2.364738103,1198678,18
2.366797263,1200120,1442
2.366797263,1200122,2
2.368943302,1201574,1452
2.371003797,1201580,6
2.371003797,1203019,1439
2.373064292,1203040,21
2.373064292,1204464,1424
2.375124787,1204500,36
2.375124787,1205909,1409
2.377185282,1205960,51
2.377185282,1207354,1394
2.379245777,1207420,66
2.379245777,1208798,1378
2.381306272,1208880,82
2.381306272,1210242,1362
2.383446889,1210340,98
2.383446889,1211686,1346
2.385507384,1211800,114
2.385507384,1213130,1330
2.387568279,1213260,130
2.387568279,1214574,1314
2.389635051,1214720,146
2.389635051,1216018,1298
2.391695546,1216180,162
2.391695546,1217462,1282
2.393756041,1217640,178
2.393756041,1218906,1266
2.395896658,1219100,194
2.395896658,1220350,1250
2.397957153,1220560,210
2.397957153,1221794,1234
2.400017648,1222020,226
2.400017648,1223238,1218
2.402078143,1223480,242
2.402078143,1224682,1202
2.404138638,1224940,258
2.404138638,1226126,1186
2.406279655,1226400,274
2.406279655,1227570,1170
2.408346427,1227860,290
2.408346427,1229014,1154
2.410406922,1229320,306
2.410406922,1230458,1138
2.412467417,1230780,322
2.412467417,1231902,1122
2.414527912,1232240,338
2.414527912,1233346,1106
2.416588407,1233700,354
2.416588407,1234790,1090
2.418648902,1235160,370
2.418648902,1236234,1074
2.420709397,1236620,386
2.420709397,1237678,1058
2.422850014,1238080,402
2.422850014,1239122,1042
2.424910509,1239540,418
2.424910509,1240566,1026
2.426971404,1241000,434
2.426971404,1242010,1010
2.429038176,1242460,450
2.429038176,1243454,994
2.431098671,1243920,466
2.431098671,1244898,978
2.433239288,1245380,482
2.433239288,1246342,962
2.435299783,1246840,498
2.435299783,1247786,946
2.437360278,1248300,514
2.437360278,1249230,930
2.439420773,1249760,530
2.439420773,1250674,914
2.441481268,1251220,546
2.441481268,1252118,898
2.443541763,1252680,562
2.443541763,1253562,882
2.445602258,1254140,578
2.445602258,1255006,866
2.447663153,1255600,594
2.447663153,1256450,850
2.449810047,1257060,610
2.449810047,1257894,834
2.451870542,1258520,626
2.451870542,1259338,818
2.453931037,1259980,642
2.453931037,1260782,802
2.455988252,1261440,658
2.455988252,1262226,786
2.457337161,1262900,674
2.457337161,1263670,770
2.459774000,1264360,690
2.459774000,1265114,754
2.462119629,1265820,706
2.462119629,1266558,738
2.464465258,1267280,722
2.464465258,1268002,722
2.466811287,1268740,738
2.466811287,1269446,706
2.469164117,1270200,754
2.469164117,1270890,690
2.471509746,1271660,770
2.471509746,1272334,674
2.473855375,1273120,786
2.473855375,1273778,658
2.476292214,1274580,802
2.476292214,1275222,642
2.478637843,1276040,818
2.478637843,1276666,626
2.480983472,1277500,834
2.480983472,1278110,610
2.483329101,1278960,850
2.483329101,1279554,594
2.485674730,1280420,866
2.485674730,1280998,578
2.488020359,1281880,882
2.488020359,1282442,562
2.490464799,1283340,898
2.490464799,1283886,546
2.492810428,1284800,914
2.492810428,1285330,530
2.495156057,1286260,930
2.495156057,1286774,514
2.497501686,1287720,946
2.497501686,1288218,498
2.499847315,1289180,962
2.499847315,1289662,482
2.502192944,1290640,978
2.502192944,1291106,466
2.504629783,1292100,994
2.504629783,1292550,450
2.506975412,1293560,1010
2.506975412,1293994,434
2.509321041,1295020,1026
2.509321041,1295438,418
2.511667070,1296480,1042
2.511667070,1296882,402
2.514019900,1297940,1058
2.514019900,1298326,386
2.516365529,1299400,1074
2.516365529,1299770,370
2.518711158,1300860,1090
2.518711158,1301214,354
2.521056787,1302320,1106
2.521056787,1302658,338
2.523493626,1303780,1122
2.523493626,1304102,322
2.525839255,1305240,1138
2.525839255,1305546,306
2.528184884,1306700,1154
2.528184884,1306990,290
2.530530513,1308160,1170
2.530530513,1308434,274
2.532876142,1309620,1186
2.532876142,1309878,258
2.535320582,1311080,1202
2.535320582,1311322,242
2.537666211,1312540,1218
2.537666211,1312766,226
2.540011840,1314000,1234
2.540011840,1314210,210
2.542357469,1315460,1250
2.542357469,1315654,194
2.544703098,1316920,1266
2.544703098,1317098,178
2.547048727,1318380,1282
2.547048727,1318542,162
2.549394356,1319840,1298
2.549394356,1319986,146
2.551831195,1321300,1314
2.551831195,1321430,130
2.554173544,1322760,1330
2.554173544,1324318,1558
2.556074130,1325680,1362
2.556074130,1325762,82
2.558518822,1327140,1378
2.558518822,1327206,66
2.560963434,1328600,1394
2.560963434,1328650,50
2.563501604,1330060,1410
2.563501604,1330094,34
2.565944712,1331520,1426
2.565944712,1331538,18
2.568387820,1332980,1442
2.568387820,1332982,2
2.570831008,1334434,1452
2.573275700,1334440,6
2.573275700,1335879,1439
2.575720392,1335900,21
2.575720392,1337324,1424
2.578165484,1337360,36
2.578165484,1338769,1409
2.580712760,1338820,51
2.580712760,1340214,1394
2.583157452,1340280,66
2.583157452,1341658,1378
2.585602144,1341740,82
2.585602144,1343102,1362
2.588046836,1343200,98
2.588046836,1344546,1346
2.590491528,1344660,114
2.590491528,1345990,1330
2.592936220,1346120,130
2.592936220,1347434,1314
2.595475974,1347580,146
2.595475974,1348878,1298
2.597920666,1349040,162
2.597920666,1350322,1282
2.600365758,1350500,178
2.600365758,1351766,1266
2.602817972,1351960,194
2.602817972,1353210,1250
2.605262664,1353420,210
2.605262664,1354654,1234
2.607802418,1354880,226
2.607802418,1356098,1218
2.610247110,1356340,242
2.610247110,1357542,1202
2.612691802,1357800,258
2.612691802,1358986,1186
2.615136494,1359260,274
2.615136494,1360430,1170
2.617581186,1360720,290
2.617581186,1361874,1154
2.620025878,1362180,306
2.620025878,1363318,1138
2.622470570,1363640,322
2.622470570,1364762,1122
2.624915662,1365100,338
2.624915662,1366206,1106
2.627462938,1366560,354
2.627462938,1367650,1090
2.629907630,1368020,370
2.629907630,1369094,1074
2.632352322,1369480,386
2.632352322,1370538,1058
2.634797014,1370940,402
2.634797014,1371982,1042
2.637241706,1372400,418
2.637241706,1373426,1026
2.639781460,1373860,434
2.639781460,1374870,1010
2.642226152,1375320,450
2.642226152,1376314,994
2.644670844,1376780,466
2.644670844,1377758,978
2.647115936,1378240,482
2.647115936,1379202,962
2.649568150,1379700,498
2.649568150,1380646,946
2.652954163,1381160,514
2.652954163,1382090,930
2.655326642,1382620,530
2.655326642,1383534,914
2.657640442,1384080,546
2.657640442,1384978,898
2.660044214,1385540,562
2.660044214,1386422,882
2.662358014,1387000,578
2.662358014,1387866,866
2.664671814,1388460,594
2.664671814,1389310,850
2.666985614,1389920,610
2.666985614,1390754,834
2.669299414,1391380,626
2.669299414,1392198,818
2.671710684,1392840,642
2.671710684,1393642,802
2.674024484,1394300,658
2.674024484,1395086,786
2.676338284,1395760,674
2.676338284,1396530,770
2.678652084,1397220,690
2.678652084,1397974,754
2.680965884,1398680,706
2.680965884,1399418,738
2.683369656,1400140,722
2.683369656,1400862,722
2.685683456,1401600,738
2.685683456,1402306,706
2.687997256,1403060,754
2.687997256,1403750,690
2.690311056,1404520,770
2.690311056,1405194,674
2.692625256,1405980,786
2.692625256,1406638,658
2.694946154,1407440,802
2.694946154,1408082,642
2.697259954,1408900,818
2.697259954,1409526,626
2.699573754,1410360,834
2.699573754,1410970,610
2.701977526,1411820,850
2.701977526,1412414,594
2.704291326,1413280,866
2.704291326,1413858,578
2.706605126,1414740,882
2.706605126,1415302,562
2.708918926,1416200,898
2.708918926,1416746,546
2.711232726,1417660,914
2.711232726,1418190,530
2.713636898,1419120,930
2.713636898,1419634,514
2.715957796,1420580,946
2.715957796,1421078,498
2.718271596,1422040,962
2.718271596,1422522,482
2.720585396,1423500,978
2.720585396,1423966,466
2.722899196,1424960,994
2.722899196,1425410,450
2.725212996,1426420,1010
2.725212996,1426854,434
2.727526796,1427880,1026
2.727526796,1428298,418
2.729840596,1429340,1042
2.729840596,1429742,402
2.732244368,1430800,1058
2.732244368,1431186,386
2.734558168,1432260,1074
2.734558168,1432630,370
2.736872368,1433720,1090
2.736872368,1434074,354
2.739193266,1435180,1106
2.739193266,1435518,338
2.741507066,1436640,1122
2.741507066,1436962,322
2.743910838,1438100,1138
2.743910838,1438406,306
2.746224638,1439560,1154
2.746224638,1439850,290
2.748538438,1441020,1170
2.748538438,1441294,274
2.750852238,1442480,1186
2.750852238,1442738,258
2.753162758,1443940,1202
2.753162758,1444182,242
2.754234357,1445400,1218
2.754234357,1445626,226
2.756302676,1446860,1234
2.756302676,1447070,210
2.758371395,1448320,1250
2.758371395,1448514,194
2.760526443,1449780,1266
2.760526443,1449958,178
2.762594762,1451240,1282
2.762594762,1451402,162
2.764663081,1452700,1298
2.764663081,1452846,146
2.766731400,1454160,1314
2.766731400,1454290,130
2.768799719,1455620,1330
2.768799719,1455734,114
2.770948465,1457080,1346
2.770948465,1457178,98
2.773016784,1458540,1362
2.773016784,1458622,82
2.775085103,1460000,1378
2.775085103,1460066,66
2.777153742,1461460,1394
2.777153742,1461510,50
2.779227023,1462920,1410
2.779227023,1462954,34
2.781374429,1464380,1426
2.781374429,1464398,18
2.783441408,1465840,1442
2.783441408,1465842,2
2.785508467,1467294,1452
2.787576786,1467300,6
2.787576786,1468739,1439
2.789645105,1468760,21
2.789645105,1470184,1424
2.791713424,1470220,36
2.791713424,1471629,1409
2.793781743,1471680,51
2.793781743,1473074,1394
2.795850062,1473140,66
2.795850062,1474518,1378
2.798005510,1474600,82
2.798005510,1475962,1362
2.800073829,1476060,98
2.800073829,1477406,1346
2.802142148,1477520,114
2.802142148,1478850,1330
2.804210467,1478980,130
2.804210467,1480294,1314
2.806278786,1480440,146
2.806278786,1481738,1298
2.808427532,1481900,162
2.808427532,1483182,1282
2.810495851,1483360,178
2.810495851,1484626,1266
2.812564170,1484820,194
2.812564170,1486070,1250
2.814632489,1486280,210
2.814632489,1487514,1234
2.816701208,1487740,226
2.816701208,1488958,1218
2.818775829,1489200,242
2.818775829,1490402,1202
2.820844148,1490660,258
2.820844148,1491846,1186
2.822912467,1492120,274
2.822912467,1493290,1170
2.825061213,1493580,290
2.825061213,1494734,1154
2.827129532,1495040,306
2.827129532,1496178,1138
2.829197851,1496500,322
2.829197851,1497622,1122
2.831266170,1497960,338
2.831266170,1499066,1106
2.833334489,1499420,354
2.833334489,1500510,1090
2.835483635,1500880,370
2.835483635,1501954,1074
2.837558256,1502340,386
2.837558256,1503398,1058
2.839626575,1503800,402
2.839626575,1504842,1042
2.841694894,1505260,418
2.841694894,1506286,1026
2.843763213,1506720,434
2.843763213,1507730,1010
2.845831532,1508180,450
2.845831532,1509174,994
2.847899851,1509640,466
2.847899851,1510618,978
2.849968170,1511100,482
2.849968170,1512062,962
2.854056159,1512560,498
2.854056159,1513506,946
2.856352519,1514020,514
2.856352519,1514950,930
2.858588522,1515480,530
2.858588522,1516394,914
2.860830969,1516940,546
2.860830969,1517838,898
2.863066572,1518400,562
2.863066572,1519282,882
2.865389107,1519860,578
2.865389107,1520726,866
2.867624710,1521320,594
2.867624710,1522170,850
2.869860313,1522780,610
2.869860313,1523614,834
2.872095916,1524240,626
2.872095916,1525058,818
2.874331519,1525700,642
2.874331519,1526502,802
2.876654054,1527160,658
2.876654054,1527946,786
2.878890057,1528620,674
2.878890057,1529390,770
2.881132504,1530080,690
2.881132504,1530834,754
2.883368107,1531540,706
2.883368107,1532278,738
2.885603710,1533000,722
2.885603710,1533722,722
2.887839313,1534460,738
2.887839313,1535166,706
2.890074916,1535920,754
2.890074916,1536610,690
2.892310519,1537380,770
2.892310519,1538054,674
2.894546122,1538840,786
2.894546122,1539498,658
2.896868657,1540300,802
2.896868657,1540942,642
2.899104260,1541760,818
2.899104260,1542386,626
2.901340263,1543220,834
2.901340263,1543830,610
2.903582710,1544680,850
2.903582710,1545274,594
2.905818313,1546140,866
2.905818313,1546718,578
2.908140848,1547600,882
2.908140848,1548162,562
2.910376451,1549060,898
2.910376451,1549606,546
2.912612054,1550520,914
2.912612054,1551050,530
2.914847657,1551980,930
2.914847657,1552494,514
2.917083260,1553440,946
2.917083260,1553938,498
2.919318863,1554900,962
2.919318863,1555382,482
2.921554466,1556360,978
2.921554466,1556826,466
2.923790469,1557820,994
2.923790469,1558270,450
2.926119848,1559280,1010
2.926119848,1559714,434
2.928355451,1560740,1026
2.928355451,1561158,418
2.930591054,1562200,1042
2.930591054,1562602,402
2.932826657,1563660,1058
2.932826657,1564046,386
2.935062260,1565120,1074
2.935062260,1565490,370
2.937384795,1566580,1090
2.937384795,1566934,354
2.939620398,1568040,1106
2.939620398,1568378,338
2.941856001,1569500,1122
2.941856001,1569822,322
2.944092004,1570960,1138
2.944092004,1571266,306
2.946334451,1572420,1154
2.946334451,1572710,290
2.948570054,1573880,1170
2.948570054,1574154,274
2.950805657,1575340,1186
2.950805657,1575598,258
2.953979499,1576800,1202
2.953979499,1577042,242
2.956324525,1578260,1218
2.956324525,1578486,226
2.958522328,1579720,1234
2.958522328,1579930,210
2.960720131,1581180,1250
2.960720131,1581374,194
2.962917934,1582640,1266
2.962917934,1582818,178
2.965115737,1584100,1282
2.965115737,1584262,162
2.967406124,1585560,1298
2.967406124,1585706,146
2.969603927,1587020,1314
2.969603927,1587150,130
2.971801730,1588480,1330
2.971801730,1588594,114
2.973999533,1589940,1346
2.973999533,1590038,98
2.976197336,1591400,1362
2.976197336,1591482,82
2.978480601,1592860,1378
2.978480601,1592926,66
2.980678324,1594320,1394
2.980678324,1594370,50
2.982874702,1595780,1410
2.982874702,1595814,34
2.985071080,1597240,1426
2.985071080,1597258,18
2.987267858,1598700,1442
2.987267858,1598702,2
2.989471038,1600154,1452
2.991668841,1600160,6
2.991668841,1601599,1439
2.993866644,1601620,21
2.993866644,1603044,1424
2.996149909,1603080,36
2.996149909,1604489,1409
2.998347712,1604540,51
2.998347712,1605934,1394
3.000545515,1606000,66
3.000545515,1607378,1378
3.002743318,1607460,82
3.002743318,1608822,1362
3.004941121,1608920,98
3.004941121,1610266,1346
3.007224786,1610380,114
3.007224786,1611710,1330
3.009429311,1611840,130
3.009429311,1613154,1314
3.011627114,1613300,146
3.011627114,1614598,1298
3.013824917,1614760,162
3.013824917,1616042,1282
3.016022720,1616220,178
3.016022720,1617486,1266
3.018220523,1617680,194
3.018220523,1618930,1250
3.020418326,1619140,210
3.020418326,1620374,1234
3.022616129,1620600,226
3.022616129,1621818,1218
3.024899394,1622060,242
3.024899394,1623262,1202
3.027097197,1623520,258
3.027097197,1624706,1186
3.029295400,1624980,274
3.029295400,1626150,1170
3.031499925,1626440,290
3.031499925,1627594,1154
3.033697728,1627900,306
3.033697728,1629038,1138
3.035980993,1629360,322
3.035980993,1630482,1122
3.038178796,1630820,338
3.038178796,1631926,1106
3.040376599,1632280,354
3.040376599,1633370,1090
3.042574402,1633740,370
3.042574402,1634814,1074
3.044772205,1635200,386
3.044772205,1636258,1058
3.047055470,1636660,402
3.047055470,1637702,1042
3.049253673,1638120,418
3.049253673,1639146,1026
3.051458198,1639580,434
3.051458198,1640590,1010
3.054593241,1641040,450
3.054593241,1642034,994
3.056816224,1642500,466
3.056816224,1643478,978
3.058976447,1643960,482
3.058976447,1644922,962
3.061136670,1645420,498
3.061136670,1646366,946
3.063296893,1646880,514
3.063296893,1647810,930
3.065541116,1648340,530
3.065541116,1649254,914
3.067701339,1649800,546
3.067701339,1650698,898
3.069861562,1651260,562
3.069861562,1652142,882
3.072022185,1652720,578
3.072022185,1653586,866
3.074189008,1654180,594
3.074189008,1655030,850
3.076433231,1655640,610
3.076433231,1656474,834
3.078593454,1657100,626
3.078593454,1657918,818
3.080753677,1658560,642
3.080753677,1659362,802
3.082913900,1660020,658
3.082913900,1660806,786
3.085074123,1661480,674
3.085074123,1662250,770
3.087234346,1662940,690
3.087234346,1663694,754
3.089394569,1664400,706
3.089394569,1665138,738
3.091554792,1665860,722
3.091554792,1666582,722
3.093806015,1667320,738
3.093806015,1668026,706
3.095966238,1668780,754
3.095966238,1669470,690
3.098126461,1670240,770
3.098126461,1670914,674
3.100286684,1671700,786
3.100286684,1672358,658
3.102446907,1673160,802
3.102446907,1673802,642
3.104691130,1674620,818
3.104691130,1675246,626
3.106851353,1676080,834
3.106851353,1676690,610
3.109011576,1677540,850
3.109011576,1678134,594
3.111171799,1679000,866
3.111171799,1679578,578
3.113332422,1680460,882
3.113332422,1681022,562
3.115499245,1681920,898
3.115499245,1682466,546
3.117659468,1683380,914
3.117659468,1683910,530
3.119819691,1684840,930
3.119819691,1685354,514
3.122063914,1686300,946
3.122063914,1686798,498
3.124224137,1687760,962
3.124224137,1688242,482
3.126384360,1689220,978
3.126384360,1689686,466
3.128544583,1690680,994
3.128544583,1691130,450
3.130704806,1692140,1010
3.130704806,1692574,434
3.132949429,1693600,1026
3.132949429,1694018,418
3.135116252,1695060,1042
3.135116252,1695462,402
3.137276475,1696520,1058
3.137276475,1696906,386
3.139436698,1697980,1074
3.139436698,1698350,370
3.141596921,1699440,1090
3.141596921,1699794,354
3.143841144,1700900,1106
3.143841144,1701238,338
3.146001367,1702360,1122
3.146001367,1702682,322
3.148161590,1703820,1138
3.148161590,1704126,306
3.150321813,1705280,1154
3.150321813,1705570,290
3.152482036,1706740,1170
3.152482036,1707014,274
3.154642659,1708200,1186
3.154642659,1708458,258
3.157027874,1709660,1202
3.157027874,1709902,242
3.159405783,1711120,1218
3.159405783,1711346,226
3.161876157,1712580,1234
3.161876157,1712790,210
3.164254066,1714040,1250
3.164254066,1714234,194
3.166631975,1715500,1266
3.166631975,1715678,178
3.169009884,1716960,1282
3.169009884,1717122,162
3.171387793,1718420,1298
3.171387793,1718566,146
3.173858167,1719880,1314
3.173858167,1720010,130
3.176236476,1721340,1330
3.176236476,1721454,114
3.178621691,1722800,1346
3.178621691,1722898,98
3.180999600,1724260,1362
3.180999600,1724342,82
3.183377509,1725720,1378
3.183377509,1725786,66
3.185755338,1727180,1394
3.185755338,1727230,50
3.188131706,1728640,1410
3.188131706,1728674,34
3.190508074,1730100,1426
3.190508074,1730118,18
3.192976907,1731560,1442
3.192976907,1731562,2
3.195353355,1733014,1452
3.197731264,1733020,6
3.197731264,1734459,1439
3.200109573,1734480,21
3.200109573,1735904,1424
3.202494788,1735940,36
3.202494788,1737349,1409
3.204965162,1737400,51
3.204965162,1738794,1394
3.207343071,1738860,66
3.207343071,1740238,1378
3.209720980,1740320,82
3.209720980,1741682,1362
3.212098889,1741780,98
3.212098889,1743126,1346
3.214476798,1743240,114
3.214476798,1744570,1330
3.216854707,1744700,130
3.216854707,1746014,1314
3.219232616,1746160,146
3.219232616,1747458,1298
3.221610525,1747620,162
3.221610525,1748902,1282
3.224088605,1749080,178
3.224088605,1750346,1266
3.226466514,1750540,194
3.226466514,1751790,1250
3.228844423,1752000,210
3.228844423,1753234,1234
3.231222332,1753460,226
3.231222332,1754678,1218
3.233600241,1754920,242
3.233600241,1756122,1202
3.236070615,1756380,258
3.236070615,1757566,1186
3.238448524,1757840,274
3.238448524,1759010,1170
3.240826433,1759300,290
3.240826433,1760454,1154
3.243204342,1760760,306
3.243204342,1761898,1138
3.245582651,1762220,322
3.245582651,1763342,1122
3.248060331,1763680,338
3.248060331,1764786,1106
3.250438240,1765140,354
3.250438240,1766230,1090
3.252816149,1766600,370
3.252816149,1767674,1074
3.255190778,1768060,386
3.255190778,1769118,1058
3.255509193,1769520,402
3.255509193,1770562,1042
3.257824328,1770980,418
3.257824328,1772006,1026
3.260139463,1772440,434
3.260139463,1773450,1010
3.262454598,1773900,450
3.262454598,1774894,994
3.264860157,1775360,466
3.264860157,1776338,978
3.267182394,1776820,482
3.267182394,1777782,962
3.269497529,1778280,498
3.269497529,1779226,946
3.271812664,1779740,514
3.271812664,1780670,930
3.274127799,1781200,530
3.274127799,1782114,914
3.276532958,1782660,546
3.276532958,1783558,898
3.278848093,1784120,562
3.278848093,1785002,882
3.281163228,1785580,578
3.281163228,1786446,866
3.283478363,1787040,594
3.283478363,1787890,850
3.285793498,1788500,610
3.285793498,1789334,834
3.288109033,1789960,626
3.288109033,1790778,818
3.290431270,1791420,642
3.290431270,1792222,802
3.292746405,1792880,658
3.292746405,1793666,786
3.295151564,1794340,674
3.295151564,1795110,770
3.297466699,1795800,690
3.297466699,1796554,754
3.299781834,1797260,706
3.299781834,1797998,738
3.302096969,1798720,722
3.302096969,1799442,722
3.304412104,1800180,738
3.304412104,1800886,706
3.306727239,1801640,754
3.306727239,1802330,690
3.309132798,1803100,770
3.309132798,1803774,674
3.311455035,1804560,786
3.311455035,1805218,658
3.313770170,1806020,802
3.313770170,1806662,642
3.316085305,1807480,818
3.316085305,1808106,626
3.318400440,1808940,834
3.318400440,1809550,610
3.320715575,1810400,850
3.320715575,1810994,594
3.323030710,1811860,866
3.323030710,1812438,578
3.325345845,1813320,882
3.325345845,1813882,562
3.327751004,1814780,898
3.327751004,1815326,546
3.330066139,1816240,914
3.330066139,1816770,530
3.332381674,1817700,930
3.332381674,1818214,514
3.334703911,1819160,946
3.334703911,1819658,498
3.337019046,1820620,962
3.337019046,1821102,482
3.339424205,1822080,978
3.339424205,1822546,466
3.341739340,1823540,994
3.341739340,1823990,450
3.344054475,1825000,1010
3.344054475,1825434,434
3.346369610,1826460,1026
3.346369610,1826878,418
3.348684745,1827920,1042
3.348684745,1828322,402
3.351089904,1829380,1058
3.351089904,1829766,386
3.354347268,1830840,1074
3.354347268,1831210,370
3.356491127,1832300,1090
3.356491127,1832654,354
3.358570477,1833760,1106
3.358570477,1834098,338
3.360649827,1835220,1122
3.360649827,1835542,322
3.362729177,1836680,1138
3.362729177,1836986,306
3.364808527,1838140,1154
3.364808527,1838430,290
3.366887877,1839600,1170
3.366887877,1839874,274
3.369048083,1841060,1186
3.369048083,1841318,258
3.371127433,1842520,1202
3.371127433,1842762,242
3.373206783,1843980,1218
3.373206783,1844206,226
3.375286533,1845440,1234
3.375286533,1845650,210
3.377372221,1846900,1250
3.377372221,1847094,194
3.379532427,1848360,1266
3.379532427,1848538,178
3.381611777,1849820,1282
3.381611777,1849982,162
3.383691127,1851280,1298
3.383691127,1851426,146
3.385770477,1852740,1314
3.385770477,1852870,130
3.387849827,1854200,1330
3.387849827,1854314,114
3.389929177,1855660,1346
3.389929177,1855758,98
3.392008527,1857120,1362
3.392008527,1857202,82
3.394087877,1858580,1378
3.394087877,1858646,66
3.396254741,1860040,1394
3.396254741,1860090,50
3.398332744,1861500,1410
3.398332744,1861534,34
3.400410747,1862960,1426
3.400410747,1862978,18
3.402488750,1864420,1442
3.402488750,1864422,2
3.404566833,1865874,1452
3.406727039,1865880,6
3.406727039,1867319,1439
3.408806389,1867340,21
3.408806389,1868764,1424
3.410885739,1868800,36
3.410885739,1870209,1409
3.412965089,1870260,51
3.412965089,1871654,1394
3.415044839,1871720,66
3.415044839,1873098,1378
3.417130527,1873180,82
3.417130527,1874542,1362
3.419209877,1874640,98
3.419209877,1875986,1346
3.421289227,1876100,114
3.421289227,1877430,1330
3.423449433,1877560,130
3.423449433,1878874,1314
3.425528783,1879020,146
3.425528783,1880318,1298
3.427608133,1880480,162
3.427608133,1881762,1282
3.429687483,1881940,178
3.429687483,1883206,1266
3.431766833,1883400,194
3.431766833,1884650,1250
3.433927439,1884860,210
3.433927439,1886094,1234
3.436013127,1886320,226
3.436013127,1887538,1218
3.438092477,1887780,242
3.438092477,1888982,1202
3.440171827,1889240,258
3.440171827,1890426,1186
3.442251177,1890700,274
3.442251177,1891870,1170
3.444411383,1892160,290
3.444411383,1893314,1154
3.446490733,1893620,306
3.446490733,1894758,1138
3.448570083,1895080,322
3.448570083,1896202,1122
3.450649433,1896540,338
3.450649433,1897646,1106
3.452728783,1898000,354
3.452728783,1899090,1090
3.454804853,1899460,370
3.454804853,1900534,1074
3.456239443,1900920,386
3.456239443,1901978,1058
3.458662900,1902380,402
3.458662900,1903422,1042
3.461180593,1903840,418
3.461180593,1904866,1026
3.463604050,1905300,434
3.463604050,1906310,1010
3.466027507,1906760,450
3.466027507,1907754,994
3.468450964,1908220,466
3.468450964,1909198,978
3.470874421,1909680,482
3.470874421,1910642,962
3.473392114,1911140,498
3.473392114,1912086,946
3.475815971,1912600,514
3.475815971,1913530,930
3.478246881,1914060,530
3.478246881,1914974,914
3.480670338,1915520,546
3.480670338,1916418,898
3.483093795,1916980,562
3.483093795,1917862,882
3.485517252,1918440,578
3.485517252,1919306,866
3.487940709,1919900,594
3.487940709,1920750,850
3.490364166,1921360,610
3.490364166,1922194,834
3.492881859,1922820,626
3.492881859,1923638,818
3.495305316,1924280,642
3.495305316,1925082,802
3.497728773,1925740,658
3.497728773,1926526,786
3.500152630,1927200,674
3.500152630,1927970,770
3.502583540,1928660,690
3.502583540,1929414,754
3.505101233,1930120,706
3.505101233,1930858,738
3.507524690,1931580,722
3.507524690,1932302,722
3.509948147,1933040,738
3.509948147,1933746,706
3.512371604,1934500,754
3.512371604,1935190,690
3.514795061,1935960,770
3.514795061,1936634,674
3.517312754,1937420,786
3.517312754,1938078,658
3.519736211,1938880,802
3.519736211,1939522,642
3.522160068,1940340,818
3.522160068,1940966,626
3.524590978,1941800,834
3.524590978,1942410,610
3.527014435,1943260,850
3.527014435,1943854,594
3.529437892,1944720,866
3.529437892,1945298,578
3.531861349,1946180,882
3.531861349,1946742,562
3.534284806,1947640,898
3.534284806,1948186,546
3.536802499,1949100,914
3.536802499,1949630,530
3.539225956,1950560,930
3.539225956,1951074,514
3.541649413,1952020,946
3.541649413,1952518,498
3.544072870,1953480,962
3.544072870,1953962,482
3.546496727,1954940,978
3.546496727,1955406,466
3.549021873,1956400,994
3.549021873,1956850,450
3.551445330,1957860,1010
3.551445330,1958294,434
3.553868787,1959320,1026
3.553868787,1959738,418
3.556272202,1960780,1042
3.556272202,1961182,402
3.558675617,1962240,1058
3.558675617,1962626,386
3.561079032,1963700,1074
3.561079032,1964070,370
3.563482447,1965160,1090
3.563482447,1965514,354
3.565885862,1966620,1106
3.565885862,1966958,338
3.568383134,1968080,1122
3.568383134,1968402,322
3.570793937,1969540,1138
3.570793937,1969846,306
3.573197352,1971000,1154
3.573197352,1971290,290
3.575600767,1972460,1170
3.575600767,1972734,274
3.578004182,1973920,1186
3.578004182,1974178,258
3.580501054,1975380,1202
3.580501054,1975622,242
3.582904469,1976840,1218
3.582904469,1977066,226
3.585307884,1978300,1234
3.585307884,1978510,210
3.587711299,1979760,1250
3.587711299,1979954,194
3.590114714,1981220,1266
3.590114714,1981398,178
3.592518529,1982680,1282
3.592518529,1982842,162
3.594929332,1984140,1298
3.594929332,1984286,146
3.597332747,1985600,1314
3.597332747,1985730,130
3.599829619,1987060,1330
3.599829619,1987174,114
3.602233034,1988520,1346
3.602233034,1988618,98
3.604636449,1989980,1362
3.604636449,1990062,82
3.607039864,1991440,1378
3.607039864,1991506,66
3.609443199,1992900,1394
3.609443199,1992950,50
3.611938514,1994360,1410
3.611938514,1994394,34
3.614340772,1995820,1426
3.614340772,1995838,18
3.616750018,1997280,1442
3.616750018,1997282,2
3.619151956,1998734,1452
3.621555371,1998740,6
3.621555371,2000179,1439
3.624052243,2000200,21
3.624052243,2001624,1424
3.626455658,2001660,36
3.626455658,2003069,1409
3.628859073,2003120,51
3.628859073,2004514,1394
3.631262488,2004580,66
3.631262488,2005958,1378
3.633665903,2006040,82
3.633665903,2007402,1362
3.636069318,2007500,98
3.636069318,2008846,1346
3.638473133,2008960,114
3.638473133,2010290,1330
3.640883936,2010420,130
3.640883936,2011734,1314
3.643380808,2011880,146
3.643380808,2013178,1298
3.645784223,2013340,162
3.645784223,2014622,1282
3.648187638,2014800,178
3.648187638,2016066,1266
3.650591053,2016260,194
3.650591053,2017510,1250
3.653937948,2017720,210
3.653937948,2018954,1234
3.656482638,2019180,226
3.656482638,2020398,1218
3.658877677,2020640,242
3.658877677,2021842,1202
3.661273116,2022100,258
3.661273116,2023286,1186
3.663675516,2023560,274
3.663675516,2024730,1170
3.666070555,2025020,290
3.666070555,2026174,1154
3.668465594,2026480,306
3.668465594,2027618,1138
3.670860633,2027940,322
3.670860633,2029062,1122
3.673255672,2029400,338
3.673255672,2030506,1106
3.675743842,2030860,354
3.675743842,2031950,1090
3.678138881,2032320,370
3.678138881,2033394,1074
3.680533920,2033780,386
3.680533920,2034838,1058
3.682928959,2035240,402
3.682928959,2036282,1042
3.685324398,2036700,418
3.685324398,2037726,1026
3.687819929,2038160,434
3.687819929,2039170,1010
3.690214968,2039620,450
3.690214968,2040614,994
3.692610007,2041080,466
3.692610007,2042058,978
3.695005046,2042540,482
3.695005046,2043502,962
3.697400085,2044000,498
3.697400085,2044946,946
3.699795124,2045460,514
3.699795124,2046390,930
3.702190163,2046920,530
3.702190163,2047834,914
3.704585202,2048380,546
3.704585202,2049278,898
3.707073772,2049840,562
3.707073772,2050722,882
3.709476172,2051300,578
3.709476172,2052166,866
3.711871211,2052760,594
3.711871211,2053610,850
3.714266250,2054220,610
3.714266250,2055054,834
3.716661289,2055680,626
3.716661289,2056498,818
3.719056328,2057140,642
3.719056328,2057942,802
3.721544498,2058600,658
3.721544498,2059386,786
3.723939537,2060060,674
3.723939537,2060830,770
3.726334576,2061520,690
3.726334576,2062274,754
3.728729615,2062980,706
3.728729615,2063718,738
3.731125054,2064440,722
3.731125054,2065162,722
3.733620585,2065900,738
3.733620585,2066606,706
3.736015624,2067360,754
3.736015624,2068050,690
3.738410663,2068820,770
3.738410663,2069494,674
3.740805702,2070280,786
3.740805702,2070938,658
3.743200741,2071740,802
3.743200741,2072382,642
3.745595780,2073200,818
3.745595780,2073826,626
3.747990819,2074660,834
3.747990819,2075270,610
3.750385858,2076120,850
3.750385858,2076714,594
3.752874428,2077580,866
3.752874428,2078158,578
3.755276828,2079040,882
3.755276828,2079602,562
3.757484213,2080500,898
3.757484213,2081046,546
3.759691598,2081960,914
3.759691598,2082490,530
3.761898983,2083420,930
3.761898983,2083934,514
3.764192202,2084880,946
3.764192202,2085378,498
3.766399587,2086340,962
3.766399587,2086822,482
3.768606972,2087800,978
3.768606972,2088266,466
3.770814357,2089260,994
3.770814357,2089710,450
3.773021742,2090720,1010
3.773021742,2091154,434
3.775229527,2092180,1026
3.775229527,2092598,418
3.777443665,2093640,1042
3.777443665,2094042,402
3.779651050,2095100,1058
3.779651050,2095486,386
3.781944269,2096560,1074
3.781944269,2096930,370
3.784151654,2098020,1090
3.784151654,2098374,354
3.786359039,2099480,1106
3.786359039,2099818,338
3.788566424,2100940,1122
3.788566424,2101262,322
3.790773809,2102400,1138
3.790773809,2102706,306
3.793067028,2103860,1154
3.793067028,2104150,290
3.795274813,2105320,1170
3.795274813,2105594,274
3.797488951,2106780,1186
3.797488951,2107038,258
3.799696336,2108240,1202
3.799696336,2108482,242
3.801903721,2109700,1218
3.801903721,2109926,226
3.804111106,2111160,1234
3.804111106,2111370,210
3.806318491,2112620,1250
3.806318491,2112814,194
3.808525876,2114080,1266
3.808525876,2114258,178
3.810819095,2115540,1282
3.810819095,2115702,162
3.813026480,2117000,1298
3.813026480,2117146,146
3.815233865,2118460,1314
3.815233865,2118590,130
3.817441650,2119920,1330
3.817441650,2120034,114
3.819655788,2121380,1346
3.819655788,2121478,98
3.821949007,2122840,1362
3.821949007,2122922,82
3.824156392,2124300,1378
3.824156392,2124366,66
3.826363697,2125760,1394
3.826363697,2125810,50
3.828569652,2127220,1410
3.828569652,2127254,34
3.830775607,2128680,1426
3.830775607,2128698,18
3.833067396,2130140,1442
3.833067396,2130142,2
3.835273431,2131594,1452
3.837481216,2131600,6
3.837481216,2133039,1439
3.839695354,2133060,21
3.839695354,2134484,1424
3.841902739,2134520,36
3.841902739,2135929,1409
3.844110124,2135980,51
3.844110124,2137374,1394
3.846317509,2137440,66
3.846317509,2138818,1378
3.848524894,2138900,82
3.848524894,2140262,1362
3.850818113,2140360,98
3.850818113,2141706,1346
3.853025498,2141820,114
3.853025498,2143150,1330
3.855229603,2143280,130
3.855229603,2144594,1314
3.856433671,2144740,146
3.856433671,2146038,1298
3.858634859,2146200,162
3.858634859,2147482,1282
3.860927957,2147660,178
3.860927957,2148926,1266
3.863128745,2149120,194
3.863128745,2150370,1250
3.865329533,2150580,210
3.865329533,2151814,1234
3.867530321,2152040,226
3.867530321,2153258,1218
3.869731109,2153500,242
3.869731109,2154702,1202
3.871931897,2154960,258
3.871931897,2156146,1186
3.874132685,2156420,274
3.874132685,2157590,1170
3.876333473,2157880,290
3.876333473,2159034,1154
3.878620239,2159340,306
3.878620239,2160478,1138
3.880827759,2160800,322
3.880827759,2161922,1122
3.883028547,2162260,338
3.883028547,2163366,1106
3.885229335,2163720,354
3.885229335,2164810,1090
3.887430123,2165180,370
3.887430123,2166254,1074
3.889716489,2166640,386
3.889716489,2167698,1058
3.891917277,2168100,402
3.891917277,2169142,1042
3.894118065,2169560,418
3.894118065,2170586,1026
3.896318853,2171020,434
3.896318853,2172030,1010
3.898519641,2172480,450
3.898519641,2173474,994
3.900720829,2173940,466
3.900720829,2174918,978
3.903013927,2175400,482
3.903013927,2176362,962
3.905214715,2176860,498
3.905214715,2177806,946
3.907415503,2178320,514
3.907415503,2179250,930
3.909616291,2179780,530
3.909616291,2180694,914
3.911817079,2181240,546
3.911817079,2182138,898
3.914017867,2182700,562
3.914017867,2183582,882
3.916218655,2184160,578
3.916218655,2185026,866
3.918505021,2185620,594
3.918505021,2186470,850
3.920706209,2187080,610
3.920706209,2187914,834
3.922913729,2188540,626
3.922913729,2189358,818
3.925114517,2190000,642
3.925114517,2190802,802
3.927315305,2191460,658
3.927315305,2192246,786
3.929516093,2192920,674
3.929516093,2193690,770
3.931802459,2194380,690
3.931802459,2195134,754
3.934003247,2195840,706
3.934003247,2196578,738
3.936204035,2197300,722
3.936204035,2198022,722
3.938404823,2198760,738
3.938404823,2199466,706
3.940605611,2200220,754
3.940605611,2200910,690
3.942806799,2201680,770
3.942806799,2202354,674
3.945014319,2203140,786
3.945014319,2203798,658
3.947300685,2204600,802
3.947300685,2205242,642
3.949501473,2206060,818
3.949501473,2206686,626
3.951702261,2207520,834
3.951702261,2208130,610
3.955839265,2208980,850
3.955839265,2209574,594
3.958024716,2210440,866
3.958024716,2211018,578
3.960146383,2211900,882
3.960146383,2212462,562
3.962350551,2213360,898
3.962350551,2213906,546
3.964472618,2214820,914
3.964472618,2215350,530
3.966600760,2216280,930
3.966600760,2216794,514
3.968722427,2217740,946
3.968722427,2218238,498
3.970844094,2219200,962
3.970844094,2219682,482
3.972965761,2220660,978
3.972965761,2221126,466
3.975087428,2222120,994
3.975087428,2222570,450
3.977291596,2223580,1010
3.977291596,2224014,434
3.979413263,2225040,1026
3.979413263,2225458,418
3.981534930,2226500,1042
3.981534930,2226902,402
3.983656597,2227960,1058
3.983656597,2228346,386
3.985778664,2229420,1074
3.985778664,2229790,370
3.987989307,2230880,1090
3.987989307,2231234,354
3.990110974,2232340,1106
3.990110974,2232678,338
3.992232641,2233800,1122
3.992232641,2234122,322
3.994354308,2235260,1138
3.994354308,2235566,306
3.996475975,2236720,1154
3.996475975,2237010,290
3.998597642,2238180,1170
3.998597642,2238454,274
4.000801810,2239640,1186
4.000801810,2239898,258
4.002923477,2241100,1202
4.002923477,2241342,242
4.005045544,2242560,1218
4.005045544,2242786,226
4.007173686,2244020,1234
4.007173686,2244230,210
4.009295353,2245480,1250
4.009295353,2245674,194
4.011417020,2246940,1266
4.011417020,2247118,178
4.013538687,2248400,1282
4.013538687,2248562,162
4.015742855,2249860,1298
4.015742855,2250006,146
4.017864522,2251320,1314
4.017864522,2251450,130
4.019986189,2252780,1330
4.019986189,2252894,114
4.022107856,2254240,1346
4.022107856,2254338,98
4.024229523,2255700,1362
4.024229523,2255782,82
4.026351590,2257160,1378
4.026351590,2257226,66
4.028562153,2258620,1394
4.028562153,2258670,50
4.030682445,2260080,1410
4.030682445,2260114,34
4.032802737,2261540,1426
4.032802737,2261558,18
4.034923029,2263000,1442
4.034923029,2263002,2
4.037043401,2264454,1452
4.039165068,2264460,6
4.039165068,2265899,1439
4.041286735,2265920,21
4.041286735,2267344,1424
4.043490903,2267380,36
4.043490903,2268789,1409
4.045612970,2268840,51
4.045612970,2270234,1394
4.047741112,2270300,66
4.047741112,2271678,1378
4.049862779,2271760,82
4.049862779,2273122,1362
4.051984446,2273220,98
4.051984446,2274566,1346
4.054185334,2274680,114
4.054185334,2276010,1330
4.055656381,2276140,130
4.055656381,2277454,1314
4.058124148,2277600,146
4.058124148,2278898,1298
4.060591915,2279060,162
4.060591915,2280342,1282
4.063059682,2280520,178
4.063059682,2281786,1266
4.065527449,2281980,194
4.065527449,2283230,1250
4.067995616,2283440,210
4.067995616,2284674,1234
4.070470980,2284900,226
4.070470980,2286118,1218
4.073034706,2286360,242
4.073034706,2287562,1202
4.075502473,2287820,258
4.075502473,2289006,1186
4.077970240,2289280,274
4.077970240,2290450,1170
4.080438007,2290740,290
4.080438007,2291894,1154
4.082905774,2292200,306
4.082905774,2293338,1138
4.085469500,2293660,322
4.085469500,2294782,1122
4.087937267,2295120,338
4.087937267,2296226,1106
4.090405434,2296580,354
4.090405434,2297670,1090
4.092880798,2298040,370
4.092880798,2299114,1074
4.095348565,2299500,386
4.095348565,2300558,1058
4.097816332,2300960,402
4.097816332,2302002,1042
4.100380058,2302420,418
4.100380058,2303446,1026
4.102847825,2303880,434
4.102847825,2304890,1010
4.105315592,2305340,450
4.105315592,2306334,994
4.107783359,2306800,466
4.107783359,2307778,978
4.110251126,2308260,482
4.110251126,2309222,962
4.112718893,2309720,498
4.112718893,2310666,946
4.115187060,2311180,514
4.115187060,2312110,930
4.117758383,2312640,530
4.117758383,2313554,914
4.120226150,2314100,546
4.120226150,2314998,898
4.122693917,2315560,562
4.122693917,2316442,882
4.125161684,2317020,578
4.125161684,2317886,866
4.127629451,2318480,594
4.127629451,2319330,850
4.130097218,2319940,610
4.130097218,2320774,834
4.132660944,2321400,626
4.132660944,2322218,818
4.135128711,2322860,642
4.135128711,2323662,802
4.137596878,2324320,658
4.137596878,2325106,786
4.140072242,2325780,674
4.140072242,2326550,770
4.142540009,2327240,690
4.142540009,2327994,754
4.145007776,2328700,706
4.145007776,2329438,738
4.147475543,2330160,722
4.147475543,2330882,722
4.149943310,2331620,738
4.149943310,2332326,706
4.152507036,2333080,754
4.152507036,2333770,690
4.154971523,2334540,770
4.154971523,2336658,2118
4.156579967,2337460,802
4.156579967,2338102,642
4.158882949,2338920,818
4.158882949,2339546,626
4.161282128,2340380,834
4.161282128,2340990,610
4.163584710,2341840,850
4.163584710,2342434,594
4.165887292,2343300,866
4.165887292,2343878,578
4.168189874,2344760,882
4.168189874,2345322,562
4.170492456,2346220,898
4.170492456,2346766,546
4.172795038,2347680,914
4.172795038,2348210,530
4.175097620,2349140,930
4.175097620,2349654,514
4.177400202,2350600,946
4.177400202,2351098,498
4.179792720,2352060,962
4.179792720,2352542,482
4.182102363,2353520,978
4.182102363,2353986,466
4.184404945,2354980,994
4.184404945,2355430,450
4.186707527,2356440,1010
4.186707527,2356874,434
4.189010109,2357900,1026
4.189010109,2358318,418
4.191402227,2359360,1042
4.191402227,2359762,402
4.193704809,2360820,1058
4.193704809,2361206,386
4.196007391,2362280,1074
4.196007391,2362650,370
4.198309973,2363740,1090
4.198309973,2364094,354
4.200612555,2365200,1106
4.200612555,2365538,338
4.202915537,2366660,1122
4.202915537,2366982,322
4.205314716,2368120,1138
4.205314716,2368426,306
4.207617298,2369580,1154
4.207617298,2369870,290
4.209919880,2371040,1170
4.209919880,2371314,274
4.212222462,2372500,1186
4.212222462,2372758,258
4.214525044,2373960,1202
4.214525044,2374202,242
4.216827626,2375420,1218
4.216827626,2375646,226
4.219130208,2376880,1234
4.219130208,2377090,210
4.221522326,2378340,1250
4.221522326,2378534,194
4.223825308,2379800,1266
4.223825308,2379978,178
4.226134951,2381260,1282
4.226134951,2381422,162
4.228437533,2382720,1298
4.228437533,2382866,146
4.230740115,2384180,1314
4.230740115,2384310,130
4.233042697,2385640,1330
4.233042697,2385754,114
4.235434815,2387100,1346
4.235434815,2387198,98
4.237737397,2388560,1362
4.237737397,2388642,82
4.240039979,2390020,1378
4.240039979,2390086,66
4.242342481,2391480,1394
4.242342481,2391530,50
4.244643571,2392940,1410
4.244643571,2392974,34
4.246945061,2394400,1426
4.246945061,2394418,18
4.249253212,2395860,1442
4.249253212,2395862,2
4.253586651,2397314,1452
4.256010865,2397320,6
4.256010865,2398759,1439
4.258377812,2398780,21
4.258377812,2400204,1424
4.260744759,2400240,36
4.260744759,2401649,1409
4.263111706,2401700,51
4.263111706,2403094,1394
4.265570692,2403160,66
4.265570692,2404538,1378
4.267937639,2404620,82
4.267937639,2405982,1362
4.270304986,2406080,98
4.270304986,2407426,1346
4.272679203,2407540,114
4.272679203,2408870,1330
4.275046150,2409000,130
4.275046150,2410314,1314
4.277413097,2410460,146
4.277413097,2411758,1298
4.279780044,2411920,162
4.279780044,2413202,1282
4.282146991,2413380,178
4.282146991,2414646,1266
4.284605977,2414840,194
4.284605977,2416090,1250
4.286972924,2416300,210
4.286972924,2417534,1234
4.289339871,2417760,226
4.289339871,2418978,1218
4.291706818,2419220,242
4.291706818,2420422,1202
4.294074165,2420680,258
4.294074165,2421866,1186
4.296540421,2422140,274
4.296540421,2423310,1170
4.298907368,2423600,290
4.298907368,2424754,1154
4.301274315,2425060,306
4.301274315,2426198,1138
4.303641262,2426520,322
4.303641262,2427642,1122
4.306008209,2427980,338
4.306008209,2429086,1106
4.308375156,2429440,354
4.308375156,2430530,1090
4.310834142,2430900,370
4.310834142,2431974,1074
4.313201089,2432360,386
4.313201089,2433418,1058
4.315568436,2433820,402
4.315568436,2434862,1042
4.317942653,2435280,418
4.317942653,2436306,1026
4.320309600,2436740,434
4.320309600,2437750,1010
4.322676547,2438200,450
4.322676547,2439194,994
4.325043494,2439660,466
4.325043494,2440638,978
4.327502480,2441120,482
4.327502480,2442082,962
4.329869427,2442580,498
4.329869427,2443526,946
4.332236374,2444040,514
4.332236374,2444970,930
4.334603321,2445500,530
4.334603321,2446414,914
4.336970268,2446960,546
4.336970268,2447858,898
4.339337615,2448420,562
4.339337615,2449302,882
4.341803871,2449880,578
4.341803871,2450746,866
4.344170818,2451340,594
4.344170818,2452190,850
4.346537765,2452800,610
4.346537765,2453634,834
4.348904712,2454260,626
4.348904712,2455078,818
4.351271659,2455720,642
4.351271659,2456522,802
4.353638606,2457180,658
4.353638606,2457966,786
4.355810539,2458640,674
4.355810539,2459410,770
4.358066928,2460100,690
4.358066928,2460854,754
4.360239261,2461560,706
4.360239261,2462298,738
4.362417832,2463020,722
4.362417832,2463742,722
4.364589765,2464480,738
4.364589765,2465186,706
4.366761698,2465940,754
4.366761698,2466630,690
4.369018087,2467400,770
4.369018087,2468074,674
4.371190020,2468860,786
4.371190020,2469518,658
4.373361953,2470320,802
4.373361953,2470962,642
4.375533886,2471780,818
4.375533886,2472406,626
4.377705819,2473240,834
4.377705819,2473850,610
4.379877752,2474700,850
4.379877752,2475294,594
4.382141179,2476160,866
4.382141179,2476738,578
4.384313112,2477620,882
4.384313112,2478182,562
4.386485045,2479080,898
4.386485045,2479626,546
4.388656978,2480540,914
4.388656978,2481070,530
4.390828911,2482000,930
4.390828911,2482514,514
4.393000844,2483460,946
4.393000844,2483958,498
4.395172777,2484920,962
4.395172777,2485402,482
4.397429166,2486380,978
4.397429166,2486846,466
4.399601099,2487840,994
4.399601099,2488290,450
4.401773432,2489300,1010
4.401773432,2489734,434
4.403952003,2490760,1026
4.403952003,2491178,418
4.406123936,2492220,1042
4.406123936,2492622,402
4.408295869,2493680,1058
4.408295869,2494066,386
4.410552258,2495140,1074
4.410552258,2495510,370
4.412724191,2496600,1090
4.412724191,2496954,354
4.414896124,2498060,1106
4.414896124,2498398,338
4.417068057,2499520,1122
4.417068057,2499842,322
4.419239990,2500980,1138
4.419239990,2501286,306
4.421411923,2502440,1154
4.421411923,2502730,290
4.423584256,2503900,1170
4.423584256,2504174,274
4.425847283,2505360,1186
4.425847283,2505618,258
4.428019216,2506820,1202
4.428019216,2507062,242
4.430191149,2508280,1218
4.430191149,2508506,226
4.432363082,2509740,1234
4.432363082,2509950,210
4.434535015,2511200,1250
4.434535015,2511394,194
4.436706948,2512660,1266
4.436706948,2512838,178
4.438963337,2514120,1282
4.438963337,2514282,162
4.441135270,2515580,1298
4.441135270,2515726,146
4.443307603,2517040,1314
4.443307603,2517170,130
4.445486174,2518500,1330
4.445486174,2518614,114
4.447658107,2519960,1346
4.447658107,2520058,98
4.449830040,2521420,1362
4.449830040,2521502,82
4.452001973,2522880,1378
4.452001973,2522946,66
4.455278932,2524340,1394
4.455278932,2524390,50
4.457470658,2525800,1410
4.457470658,2525834,34
4.459662384,2527260,1426
4.459662384,2527278,18
4.461854110,2528720,1442
4.461854110,2528722,2
4.464045916,2530174,1452
4.466331450,2530180,6
4.466331450,2531619,1439
4.468524597,2531640,21
4.468524597,2533064,1424
4.470717744,2533100,36
4.470717744,2534509,1409
4.472910891,2534560,51
4.472910891,2535954,1394
4.475104038,2536020,66
4.475104038,2537398,1378
4.477297185,2537480,82
4.477297185,2538842,1362
4.479575613,2538940,98
4.479575613,2540286,1346
4.481768760,2540400,114
4.481768760,2541730,1330
4.483961907,2541860,130
4.483961907,2543174,1314
4.486155454,2543320,146
4.486155454,2544618,1298
4.488355308,2544780,162
4.488355308,2546062,1282
4.490548455,2546240,178
4.490548455,2547506,1266
4.492741602,2547700,194
4.492741602,2548950,1250
4.495020030,2549160,210
4.495020030,2550394,1234
4.497213177,2550620,226
4.497213177,2551838,1218
4.499406324,2552080,242
4.499406324,2553282,1202
4.501599471,2553540,258
4.501599471,2554726,1186
4.503792618,2555000,274
4.503792618,2556170,1170
4.505985765,2556460,290
4.505985765,2557614,1154
4.508271299,2557920,306
4.508271299,2559058,1138
4.510464446,2559380,322
4.510464446,2560502,1122
4.512657593,2560840,338
4.512657593,2561946,1106
4.514850740,2562300,354
4.514850740,2563390,1090
4.517043887,2563760,370
4.517043887,2564834,1074
4.519237034,2565220,386
4.519237034,2566278,1058
4.521430181,2566680,402
4.521430181,2567722,1042
4.523708609,2568140,418
4.523708609,2569166,1026
4.525901756,2569600,434
4.525901756,2570610,1010
4.528095303,2571060,450
4.528095303,2572054,994
4.530295157,2572520,466
4.530295157,2573498,978
4.532488304,2573980,482
4.532488304,2574942,962
4.534766732,2575440,498
4.534766732,2576386,946
4.536959879,2576900,514
4.536959879,2577830,930
4.539153026,2578360,530
4.539153026,2579274,914
4.541346173,2579820,546
4.541346173,2580718,898
4.543539320,2581280,562
4.543539320,2582162,882
4.545732467,2582740,578
4.545732467,2583606,866
4.547925614,2584200,594
4.547925614,2585050,850
4.550119161,2585660,610
4.550119161,2586494,834
4.552404296,2587120,626
4.552404296,2587938,818
4.554594163,2588580,642
4.554594163,2589382,802
4.554939749,2590040,658
4.554939749,2590826,786
4.557282055,2591500,674
4.557282055,2592270,770
4.559624361,2592960,690
4.559624361,2593714,754
4.561966667,2594420,706
4.561966667,2595158,738
4.564400054,2595880,722
4.564400054,2596602,722
4.566742360,2597340,738
4.566742360,2598046,706
4.569085066,2598800,754
4.569085066,2599490,690
4.571434562,2600260,770
4.571434562,2600934,674
4.573776868,2601720,786
4.573776868,2602378,658
4.576119174,2603180,802
4.576119174,2603822,642
4.578552561,2604640,818
4.578552561,2605266,626
4.580894867,2606100,834
4.580894867,2606710,610
4.583237173,2607560,850
4.583237173,2608154,594
4.585579479,2609020,866
4.585579479,2609598,578
4.587921785,2610480,882
4.587921785,2611042,562
4.590264091,2611940,898
4.590264091,2612486,546
4.592606797,2613400,914
4.592606797,2613930,530
4.595047374,2614860,930
4.595047374,2615374,514
4.597389680,2616320,946
4.597389680,2616818,498
4.599731986,2617780,962
4.599731986,2618262,482
4.602074292,2619240,978
4.602074292,2619706,466
4.604416598,2620700,994
4.604416598,2621150,450
4.606758904,2622160,1010
4.606758904,2622594,434
4.609192291,2623620,1026
4.609192291,2624038,418
4.611534597,2625080,1042
4.611534597,2625482,402
4.613877303,2626540,1058
4.613877303,2626926,386
4.616226799,2628000,1074
4.616226799,2628370,370
4.618569105,2629460,1090
4.618569105,2629814,354
4.620911411,2630920,1106
4.620911411,2631258,338
4.623253717,2632380,1122
4.623253717,2632702,322
4.625687104,2633840,1138
4.625687104,2634146,306
4.628029410,2635300,1154
4.628029410,2635590,290
4.630371716,2636760,1170
4.630371716,2637034,274
4.632714022,2638220,1186
4.632714022,2638478,258
4.635056328,2639680,1202
4.635056328,2639922,242
4.637497305,2641140,1218
4.637497305,2641366,226
4.639839611,2642600,1234
4.639839611,2642810,210
4.642181917,2644060,1250
4.642181917,2644254,194
4.644524223,2645520,1266
4.644524223,2645698,178
4.646866529,2646980,1282
4.646866529,2647142,162
4.649208835,2648440,1298
4.649208835,2648586,146
4.654494903,2649900,1314
4.654494903,2650030,130
4.656956810,2651360,1330
4.656956810,2651474,114
4.659456024,2652820,1346
4.659456024,2652918,98
4.661862093,2654280,1362
4.661862093,2654362,82
4.664275157,2655740,1378
4.664275157,2655806,66
4.666680746,2657200,1394
4.666680746,2657250,50
4.669084856,2658660,1410
4.669084856,2658694,34
4.671582511,2660120,1426
4.671582511,2660138,18
4.673986621,2661580,1442
4.673986621,2661582,2
4.676390811,2663034,1452
4.678796480,2663040,6
4.678796480,2664479,1439
4.681202149,2664500,21
4.681202149,2665924,1424
4.683607818,2665960,36
4.683607818,2667369,1409
4.686114827,2667420,51
4.686114827,2668814,1394
4.688520496,2668880,66
4.688520496,2670258,1378
4.690926165,2670340,82
4.690926165,2671702,1362
4.693331834,2671800,98
4.693331834,2673146,1346
4.695737503,2673260,114
4.695737503,2674590,1330
4.698143172,2674720,130
4.698143172,2676034,1314
4.700548841,2676180,146
4.700548841,2677478,1298
4.703048055,2677640,162
4.703048055,2678922,1282
4.705453724,2679100,178
4.705453724,2680366,1266
4.707859793,2680560,194
4.707859793,2681810,1250
4.710272857,2682020,210
4.710272857,2683254,1234
4.712678526,2683480,226
4.712678526,2684698,1218
4.715084195,2684940,242
4.715084195,2686142,1202
4.717583409,2686400,258
4.717583409,2687586,1186
4.719989078,2687860,274
4.719989078,2689030,1170
4.722394747,2689320,290
4.722394747,2690474,1154
4.724800416,2690780,306
4.724800416,2691918,1138
4.727206085,2692240,322
4.727206085,2693362,1122
4.729611754,2693700,338
4.729611754,2694806,1106
4.732017823,2695160,354
4.732017823,2696250,1090
4.734524432,2696620,370
4.734524432,2697694,1074
4.736930101,2698080,386
4.736930101,2699138,1058
4.739335770,2699540,402
4.739335770,2700582,1042
4.741741439,2701000,418
4.741741439,2702026,1026
4.744147108,2702460,434
4.744147108,2703470,1010
4.746552777,2703920,450
4.746552777,2704914,994
4.749051991,2705380,466
4.749051991,2706358,978
4.751457660,2706840,482
4.751457660,2707802,962
4.753863729,2708300,498
4.753863729,2709246,946
4.756273513,2709760,514
4.756273513,2710690,930
4.756539684,2711220,530
4.756539684,2712134,914
4.758890568,2712680,546
4.758890568,2713578,898
4.761153459,2714140,562
4.761153459,2715022,882
4.763416350,2715600,578
4.763416350,2716466,866
4.765679241,2717060,594
4.765679241,2717910,850
4.767942132,2718520,610
4.767942132,2719354,834
4.770205023,2719980,626
4.770205023,2720798,818
4.772467914,2721440,642
4.772467914,2722242,802
4.774731205,2722900,658
4.774731205,2723686,786
4.777089022,2724360,674
4.777089022,2725130,770
4.779351913,2725820,690
4.779351913,2726574,754
4.781614804,2727280,706
4.781614804,2728018,738
4.783877695,2728740,722
4.783877695,2729462,722
4.786140586,2730200,738
4.786140586,2730906,706
4.788491470,2731660,754
4.788491470,2732350,690
4.790754361,2733120,770
4.790754361,2733794,674
4.793017252,2734580,786
4.793017252,2735238,658
4.795280543,2736040,802
4.795280543,2736682,642
4.797550367,2737500,818
4.797550367,2738126,626
4.799813258,2738960,834
4.799813258,2739570,610
4.802076149,2740420,850
4.802076149,2741014,594
4.804427033,2741880,866
4.804427033,2742458,578
4.806689924,2743340,882
4.806689924,2743902,562
4.808952815,2744800,898
4.808952815,2745346,546
4.811215706,2746260,914
4.811215706,2746790,530
4.813478597,2747720,930
4.813478597,2748234,514
4.815741488,2749180,946
4.815741488,2749678,498
4.818099704,2750640,962
4.818099704,2751122,482
4.820362595,2752100,978
4.820362595,2752566,466
4.822625486,2753560,994
4.822625486,2754010,450
4.824888377,2755020,1010
4.824888377,2755454,434
4.827151268,2756480,1026
4.827151268,2756898,418
4.829414159,2757940,1042
4.829414159,2758342,402
4.831677050,2759400,1058
4.831677050,2759786,386
4.834027934,2760860,1074
4.834027934,2761230,370
4.836290825,2762320,1090
4.836290825,2762674,354
4.838554116,2763780,1106
4.838554116,2764118,338
4.840823940,2765240,1122
4.840823940,2765562,322
4.843086831,2766700,1138
4.843086831,2767006,306
4.845349722,2768160,1154
4.845349722,2768450,290
4.847700606,2769620,1170
4.847700606,2769894,274
4.849963497,2771080,1186
4.849963497,2771338,258
4.853169298,2772540,1202
4.853169298,2772782,242
4.855599987,2774000,1218
4.855599987,2774226,226
4.857973586,2775460,1234
4.857973586,2775670,210
4.860439883,2776920,1250
4.860439883,2777114,194
4.862820773,2778380,1266
4.862820773,2778558,178
4.865194372,2779840,1282
4.865194372,2780002,162
4.867567971,2781300,1298
4.867567971,2781446,146
4.869941570,2782760,1314
4.869941570,2782890,130
4.872315169,2784220,1330
4.872315169,2784334,114
4.874688768,2785680,1346
4.874688768,2785778,98
4.877062367,2787140,1362
4.877062367,2787222,82
4.879528264,2788600,1378
4.879528264,2788666,66
4.881901783,2790060,1394
4.881901783,2790110,50
4.884274244,2791520,1410
4.884274244,2791554,34
4.886653596,2792980,1426
4.886653596,2792998,18
4.889025657,2794440,1442
4.889025657,2794442,2
4.891490096,2795894,1452
4.893863695,2795900,6
4.893863695,2797339,1439
4.896237294,2797360,21
4.896237294,2798784,1424
4.898610893,2798820,36
4.898610893,2800229,1409
4.900984492,2800280,51
4.900984492,2801674,1394
4.903358091,2801740,66
4.903358091,2803118,1378
4.905731690,2803200,82
4.905731690,2804562,1362
4.908105689,2804660,98
4.908105689,2806006,1346
4.910578877,2806120,114
4.910578877,2807450,1330
4.912952476,2807580,130
4.912952476,2808894,1314
4.915326075,2809040,146
4.915326075,2810338,1298
4.917699674,2810500,162
4.917699674,2811782,1282
4.920073273,2811960,178
4.920073273,2813226,1266
4.922539170,2813420,194
4.922539170,2814670,1250
4.924912769,2814880,210
4.924912769,2816114,1234
4.927286368,2816340,226
4.927286368,2817558,1218
4.929660367,2817800,242
4.929660367,2819002,1202
4.932041257,2819260,258
4.932041257,2820446,1186
4.934414856,2820720,274
4.934414856,2821890,1170
4.936788455,2822180,290
4.936788455,2823334,1154
4.939162054,2823640,306
4.939162054,2824778,1138
4.941627951,2825100,322
4.941627951,2826222,1122
4.944001550,2826560,338
4.944001550,2827666,1106
4.946375149,2828020,354
4.946375149,2829110,1090
4.948748748,2829480,370
4.948748748,2830554,1074
4.951122347,2830940,386
4.951122347,2831998,1058
4.954539624,2832400,402
4.954539624,2833442,1042
4.956998869,2833860,418
4.956998869,2834886,1026
4.959401803,2835320,434
4.959401803,2836330,1010
4.961804737,2836780,450
4.961804737,2837774,994
4.964207671,2838240,466
4.964207671,2839218,978
4.966704043,2839700,482
4.966704043,2840662,962
4.969106977,2841160,498
4.969106977,2842106,946
4.971509911,2842620,514
4.971509911,2843550,930
4.973912845,2844080,530
4.973912845,2844994,914
4.976316179,2845540,546
4.976316179,2846438,898
4.978726500,2847000,562
4.978726500,2847882,882
4.981129434,2848460,578
4.981129434,2849326,866
4.983532368,2849920,594
4.983532368,2850770,850
4.986028740,2851380,610
4.986028740,2852214,834
4.988431674,2852840,626
4.988431674,2853658,818
4.990834608,2854300,642
4.990834608,2855102,802
4.993237542,2855760,658
4.993237542,2856546,786
4.995640476,2857220,674
4.995640476,2857990,770
4.998137248,2858680,690
4.998137248,2859434,754
5.000547569,2860140,706
5.000547569,2860878,738
5.002950503,2861600,722
5.002950503,2862322,722
5.005353437,2863060,738
5.005353437,2863766,706
5.007756371,2864520,754
5.007756371,2865210,690
5.010159305,2865980,770
5.010159305,2866654,674
5.012562239,2867440,786
5.012562239,2868098,658
5.014965173,2868900,802
5.014965173,2869542,642
5.017368107,2870360,818
5.017368107,2870986,626
5.019864479,2871820,834
5.019864479,2872430,610
5.022267813,2873280,850
5.022267813,2873874,594
5.024678134,2874740,866
5.024678134,2875318,578
5.027081068,2876200,882
5.027081068,2876762,562
5.029484002,2877660,898
5.029484002,2878206,546
5.031980374,2879120,914
5.031980374,2879650,530
5.034383308,2880580,930
5.034383308,2881094,514
5.036786242,2882040,946
5.036786242,2882538,498
5.039189176,2883500,962
5.039189176,2883982,482
5.041592110,2884960,978
5.041592110,2885426,466
5.044088882,2886420,994
5.044088882,2886870,450
5.046499203,2887880,1010
5.046499203,2888314,434
5.048902137,2889340,1026
5.048902137,2889758,418
5.051305071,2890800,1042
5.051305071,2891202,402
5.053708005,2892260,1058
5.053708005,2892646,386
5.056107659,2893720,1074
5.056107659,2895534,1814
5.056704665,2896640,1106
5.056704665,2896978,338
5.059090842,2898100,1122
5.059090842,2898422,322
5.061387705,2899560,1138
5.061387705,2899866,306
5.063684968,2901020,1154
5.063684968,2901310,290
5.065988874,2902480,1170
5.065988874,2902754,274
5.068285737,2903940,1186
5.068285737,2904198,258
5.070671914,2905400,1202
5.070671914,2905642,242
5.072968777,2906860,1218
5.072968777,2907086,226
5.075265640,2908320,1234
5.075265640,2908530,210
5.077562503,2909780,1250
5.077562503,2909974,194
5.079859366,2911240,1266
5.079859366,2911418,178
5.082156229,2912700,1282
5.082156229,2912862,162
5.084453092,2914160,1298
5.084453092,2914306,146
5.086750355,2915620,1314
5.086750355,2915750,130
5.089143575,2917080,1330
5.089143575,2917194,114
5.091440438,2918540,1346
5.091440438,2918638,98
5.093737301,2920000,1362
5.093737301,2920082,82
5.096034164,2921460,1378
5.096034164,2921526,66
5.098330947,2922920,1394
5.098330947,2922970,50
5.100715635,2924380,1410
5.100715635,2924414,34
5.103011009,2925840,1426
5.103011009,2925858,18
5.105306383,2927300,1442
5.105306383,2927302,2
5.107602237,2928754,1452
5.109906143,2928760,6
5.109906143,2930199,1439
5.112203006,2930220,21
5.112203006,2931644,1424
5.114499869,2931680,36
5.114499869,2933089,1409
5.116796732,2933140,51
5.116796732,2934534,1394
5.119182909,2934600,66
5.119182909,2935978,1378
5.121479772,2936060,82
5.121479772,2937422,1362
5.123776635,2937520,98
5.123776635,2938866,1346
5.126073498,2938980,114
5.126073498,2940310,1330
5.128370361,2940440,130
5.128370361,2941754,1314
5.130763981,2941900,146
5.130763981,2943198,1298
5.133060844,2943360,162
5.133060844,2944642,1282
5.135357707,2944820,178
5.135357707,2946086,1266
5.137654570,2946280,194
5.137654570,2947530,1250
5.139951433,2947740,210
5.139951433,2948974,1234
5.142337610,2949200,226
5.142337610,2950418,1218
5.144634473,2950660,242
5.144634473,2951862,1202
5.146931336,2952120,258
5.146931336,2953306,1186
5.149228199,2953580,274
5.149228199,2954750,1170
5.155469686,2955040,290
5.155469686,2956194,1154
5.157691727,2956500,306
5.157691727,2957638,1138
5.159851393,2957960,322
5.159851393,2959082,1122
5.162011059,2959420,338
5.162011059,2960526,1106
5.164254704,2960880,354
5.164254704,2961970,1090
5.166414370,2962340,370
5.166414370,2963414,1074
5.168574036,2963800,386
5.168574036,2964858,1058
5.170733702,2965260,402
5.170733702,2966302,1042
5.172893368,2966720,418
5.172893368,2967746,1026
5.175137413,2968180,434
5.175137413,2969190,1010
5.177303678,2969640,450
5.177303678,2970634,994
5.179463344,2971100,466
5.179463344,2972078,978
5.181623010,2972560,482
5.181623010,2973522,962
5.183782676,2974020,498
5.183782676,2974966,946
5.185942342,2975480,514
5.185942342,2976410,930
5.188102008,2976940,530
5.188102008,2977854,914
5.190261674,2978400,546
5.190261674,2979298,898
5.192505319,2979860,562
5.192505319,2980742,882
5.194664985,2981320,578
5.194664985,2982186,866
5.196825051,2982780,594
5.196825051,2983630,850
5.198991316,2984240,610
5.198991316,2985074,834
5.201150982,2985700,626
5.201150982,2986518,818
5.203394627,2987160,642
5.203394627,2987962,802
5.205554293,2988620,658
5.205554293,2989406,786
5.207713959,2990080,674
5.207713959,2990850,770
5.209873625,2991540,690
5.209873625,2992294,754
5.212033291,2993000,706
5.212033291,2993738,738
5.214192957,2994460,722
5.214192957,2995182,722
5.216352623,2995920,738
5.216352623,2996626,706
5.218512689,2997380,754
5.218512689,2998070,690
5.220762933,2998840,770
5.220762933,2999514,674
5.222922599,3000300,786
5.222922599,3000958,658
5.225082265,3001760,802
5.225082265,3002402,642
5.227241931,3003220,818
5.227241931,3003846,626
5.229401597,3004680,834
5.229401597,3005290,610
5.231645242,3006140,850
5.231645242,3006734,594
5.233804908,3007600,866
5.233804908,3008178,578
5.235964574,3009060,882
5.235964574,3009622,562
5.238124640,3010520,898
5.238124640,3011066,546
5.240290905,3011980,914
5.240290905,3012510,530
5.242534550,3013440,930
5.242534550,3013954,514
5.244694216,3014900,946
5.244694216,3015398,498
5.246853882,3016360,962
5.246853882,3016842,482
5.249013548,3017820,978
5.249013548,3018286,466
5.251173214,3019280,994
5.251173214,3019730,450
5.253332880,3020740,1010
5.253332880,3021174,434
5.255489266,3022200,1026
5.255489266,3022618,418
5.255612706,3023660,1042
5.255612706,3024062,402
5.257806265,3025120,1058
5.257806265,3025506,386
5.259918632,3026580,1074
5.259918632,3026950,370
5.262030999,3028040,1090
5.262030999,3028394,354
5.264143366,3029500,1106
5.264143366,3029838,338
5.266255733,3030960,1122
5.266255733,3031282,322
5.268450240,3032420,1138
5.268450240,3032726,306
5.270562607,3033880,1154
5.270562607,3034170,290
5.272674974,3035340,1170
5.272674974,3035614,274
5.274787341,3036800,1186
5.274787341,3037058,258
5.276900108,3038260,1202
5.276900108,3038502,242
5.279018920,3039720,1218
5.279018920,3039946,226
5.281131287,3041180,1234
5.281131287,3041390,210
5.283243654,3042640,1250
5.283243654,3042834,194
5.285438161,3044100,1266
5.285438161,3044278,178
5.287550528,3045560,1282
5.287550528,3045722,162
5.289662895,3047020,1298
5.289662895,3047166,146
5.291775262,3048480,1314
5.291775262,3048610,130
5.293887629,3049940,1330
5.293887629,3050054,114
5.296082536,3051400,1346
5.296082536,3051498,98
5.298201348,3052860,1362
5.298201348,3052942,82
5.300313715,3054320,1378
5.300313715,3054386,66
5.302426002,3055780,1394
5.302426002,3055830,50
5.304537000,3057240,1410
5.304537000,3057274,34
5.306647998,3058700,1426
5.306647998,3058718,18
5.308758996,3060160,1442
5.308758996,3060162,2
5.310870074,3061614,1452
5.313064581,3061620,6
5.313064581,3063059,1439
5.315176948,3063080,21
5.315176948,3064504,1424
5.317289715,3064540,36
5.317289715,3065949,1409
5.319408527,3066000,51
5.319408527,3067394,1394
5.321520894,3067460,66
5.321520894,3068838,1378
5.323715401,3068920,82
5.323715401,3070282,1362
5.325827768,3070380,98
5.325827768,3071726,1346
5.327940135,3071840,114
5.327940135,3073170,1330
5.330052502,3073300,130
5.330052502,3074614,1314
5.332164869,3074760,146
5.332164869,3076058,1298
5.334359376,3076220,162
5.334359376,3077502,1282
5.336472143,3077680,178
5.336472143,3078946,1266
5.338590955,3079140,194
5.338590955,3080390,1250
5.340703322,3080600,210
5.340703322,3081834,1234
5.342815689,3082060,226
5.342815689,3083278,1218
5.344928056,3083520,242
5.344928056,3084722,1202
5.347040423,3084980,258
5.347040423,3086166,1186
5.349152790,3086440,274
5.349152790,3087610,1170
5.351347297,3087900,290
5.351347297,3089054,1154
5.353459664,3089360,306
5.353459664,3090498,1138
5.355759126,3090820,322
5.355759126,3091942,1122
5.358058988,3092280,338
5.358058988,3093386,1106
5.360365501,3093740,354
5.360365501,3094830,1090
5.362754378,3095200,370
5.362754378,3096274,1074
5.365053840,3096660,386
5.365053840,3097718,1058
5.367353302,3098120,402
5.367353302,3099162,1042
5.369652764,3099580,418
5.369652764,3100606,1026
5.371952226,3101040,434
5.371952226,3102050,1010
5.374251688,3102500,450
5.374251688,3103494,994
5.376551150,3103960,466
5.376551150,3104938,978
5.378850612,3105420,482
5.378850612,3106382,962
5.381246940,3106880,498
5.381246940,3107826,946
5.383546402,3108340,514
5.383546402,3109270,930
5.385845864,3109800,530
5.385845864,3110714,914
5.388145326,3111260,546
5.388145326,3112158,898
5.390444788,3112720,562
5.390444788,3113602,882
5.392833665,3114180,578
5.392833665,3115046,866
5.395133127,3115640,594
5.395133127,3116490,850
5.397432589,3117100,610
5.397432589,3117934,834
5.399732051,3118560,626
5.399732051,3119378,818
5.402031913,3120020,642
5.402031913,3120822,802
5.404427841,3121480,658
5.404427841,3122266,786
5.406727303,3122940,674
5.406727303,3123710,770
5.409026765,3124400,690
5.409026765,3125154,754
5.411326227,3125860,706
5.411326227,3126598,738
5.413625689,3127320,722
5.413625689,3128042,722
5.415925151,3128780,738
5.415925151,3129486,706
5.418224613,3130240,754
5.418224613,3130930,690
5.420524075,3131700,770
5.420524075,3132374,674
5.422913352,3133160,786
5.422913352,3133818,658
5.425219865,3134620,802
5.425219865,3135262,642
5.427519327,3136080,818
5.427519327,3136706,626
5.429818789,3137540,834
5.429818789,3138150,610
5.432118251,3139000,850
5.432118251,3139594,594
5.434507128,3140460,866
5.434507128,3141038,578
5.436806590,3141920,882
5.436806590,3142482,562
5.439106052,3143380,898
5.439106052,3143926,546
5.441405514,3144840,914
5.441405514,3145370,530
5.443704976,3146300,930
5.443704976,3146814,514
5.446004838,3147760,946
5.446004838,3148258,498
5.448311351,3149220,962
5.448311351,3149702,482
5.450610813,3150680,978
5.450610813,3151146,466
5.454846801,3152140,994
5.454846801,3152590,450
5.457126577,3153600,1010
5.457126577,3154034,434
5.459259924,3155060,1026
5.459259924,3155478,418
5.461393271,3156520,1042
5.461393271,3156922,402
5.463526618,3157980,1058
5.463526618,3158366,386
5.465659965,3159440,1074
5.465659965,3159810,370
5.467876667,3160900,1090
5.467876667,3161254,354
5.470016527,3162360,1106
5.470016527,3162698,338
5.472149874,3163820,1122
5.472149874,3164142,322
5.474283221,3165280,1138
5.474283221,3165586,306
5.476416568,3166740,1154
5.476416568,3167030,290
5.478549915,3168200,1170
5.478549915,3168474,274
5.480683262,3169660,1186
5.480683262,3169918,258
5.482816609,3171120,1202
5.482816609,3171362,242
5.485032911,3172580,1218
5.485032911,3172806,226
5.487166258,3174040,1234
5.487166258,3174250,210
5.489300005,3175500,1250
5.489300005,3175694,194
5.491439865,3176960,1266
5.491439865,3177138,178
5.493573212,3178420,1282
5.493573212,3178582,162
5.495789514,3179880,1298
5.495789514,3180026,146
5.497922861,3181340,1314
5.497922861,3181470,130
5.500056208,3182800,1330
5.500056208,3182914,114
5.502189555,3184260,1346
5.502189555,3184358,98
5.504322902,3185720,1362
5.504322902,3185802,82
5.506539204,3187180,1378
5.506539204,3187246,66
5.508672871,3188640,1394
5.508672871,3188690,50
5.510811348,3190100,1410
5.510811348,3190134,34
5.512943312,3191560,1426
5.512943312,3191578,18
5.515075276,3193020,1442
5.515075276,3193022,2
5.517207320,3194474,1452
5.519340667,3194480,6
5.519340667,3195919,1439
5.521474014,3195940,21
5.521474014,3197364,1424
5.523690316,3197400,36
5.523690316,3198809,1409
5.525823663,3198860,51
5.525823663,3200254,1394
5.527957010,3200320,66
5.527957010,3201698,1378
5.530090757,3201780,82
5.530090757,3203142,1362
5.532230617,3203240,98
5.532230617,3204586,1346
5.534446919,3204700,114
5.534446919,3206030,1330
5.536580266,3206160,130
5.536580266,3207474,1314
5.538713613,3207620,146
5.538713613,3208918,1298
5.540846960,3209080,162
5.540846960,3210362,1282
5.542980307,3210540,178
5.542980307,3211806,1266
5.545113654,3212000,194
5.545113654,3213250,1250
5.547247001,3213460,210
5.547247001,3214694,1234
5.549380348,3214920,226
5.549380348,3216138,1218
5.551603563,3216380,242
5.551603563,3217582,1202
5.553736910,3217840,258
5.553736910,3219026,1186
5.555866977,3219300,274
5.555866977,3221914,2614
5.556419757,3222220,306
5.556419757,3223358,1138
5.558782961,3223680,322
5.558782961,3224802,1122
5.561057711,3225140,338
5.561057711,3226246,1106
5.563332461,3226600,354
5.563332461,3227690,1090
5.565607211,3228060,370
5.565607211,3229134,1074
5.567882361,3229520,386
5.567882361,3230578,1058
5.570164083,3230980,402
5.570164083,3232022,1042
5.572438833,3232440,418
5.572438833,3233466,1026
5.574713583,3233900,434
5.574713583,3234910,1010
5.577076787,3235360,450
5.577076787,3236354,994
5.579351537,3236820,466
5.579351537,3237798,978
5.581626287,3238280,482
5.581626287,3239242,962
5.583901037,3239740,498
5.583901037,3240686,946
5.586175787,3241200,514
5.586175787,3242130,930
5.588539391,3242660,530
5.588539391,3243574,914
5.590821113,3244120,546
5.590821113,3245018,898
5.593095863,3245580,562
5.593095863,3246462,882
5.595370613,3247040,578
5.595370613,3247906,866
5.597645363,3248500,594
5.597645363,3249350,850
5.600008567,3249960,610
5.600008567,3250794,834
5.602283317,3251420,626
5.602283317,3252238,818
5.604558067,3252880,642
5.604558067,3253682,802
5.606832817,3254340,658
5.606832817,3255126,786
5.609107567,3255800,674
5.609107567,3256570,770
5.611382717,3257260,690
5.611382717,3258014,754
5.613664439,3258720,706
5.613664439,3259458,738
5.615939189,3260180,722
5.615939189,3260902,722
5.618302393,3261640,738
5.618302393,3262346,706
5.620577143,3263100,754
5.620577143,3263790,690
5.622851893,3264560,770
5.622851893,3265234,674
5.625126643,3266020,786
5.625126643,3266678,658
5.627401393,3267480,802
5.627401393,3268122,642
5.629764597,3268940,818
5.629764597,3269566,626
5.632039747,3270400,834
5.632039747,3271010,610
5.634321469,3271860,850
5.634321469,3272454,594
5.636596219,3273320,866
5.636596219,3273898,578
5.638870969,3274780,882
5.638870969,3275342,562
5.641145719,3276240,898
5.641145719,3276786,546
5.643420469,3277700,914
5.643420469,3278230,530
5.645695219,3279160,930
5.645695219,3279674,514
5.648058423,3280620,946
5.648058423,3281118,498
5.652267986,3282080,962
5.652267986,3282562,482
5.654402063,3283540,978
5.654402063,3284006,466
5.656471353,3285000,994
5.656471353,3285450,450
5.658546547,3286460,1010
5.658546547,3286894,434
5.660695886,3287920,1026
5.660695886,3288338,418
5.662764776,3289380,1042
5.662764776,3289782,402
5.664833666,3290840,1058
5.664833666,3291226,386
5.666902556,3292300,1074
5.666902556,3292670,370
5.668971446,3293760,1090
5.668971446,3294114,354
5.671040336,3295220,1106
5.671040336,3295558,338
5.673109226,3296680,1122
5.673109226,3297002,322
5.675178116,3298140,1138
5.675178116,3298446,306
5.677334159,3299600,1154
5.677334159,3299890,290
5.679403049,3301060,1170
5.679403049,3301334,274
5.681471939,3302520,1186
5.681471939,3302778,258
5.683540829,3303980,1202
5.683540829,3304222,242
5.685609719,3305440,1218
5.685609719,3305666,226
5.687759058,3306900,1234
5.687759058,3307110,210
5.689827948,3308360,1250
5.689827948,3308554,194
5.691896838,3309820,1266
5.691896838,3309998,178
5.693965728,3311280,1282
5.693965728,3311442,162
5.696035018,3312740,1298
5.696035018,3312886,146
5.698190661,3314200,1314
5.698190661,3314330,130
5.700259551,3315660,1330
5.700259551,3315774,114
5.702328441,3317120,1346
5.702328441,3317218,98
5.704397331,3318580,1362
5.704397331,3318662,82
5.706466221,3320040,1378
5.706466221,3320106,66
5.708535031,3321500,1394
5.708535031,3321550,50
5.710602580,3322960,1410
5.710602580,3322994,34
5.712670129,3324420,1426
5.712670129,3324438,18
5.714818527,3325880,1442
5.714818527,3325882,2
5.716892461,3327334,1452
5.718961351,3327340,6
5.718961351,3328779,1439
5.721030241,3328800,21
5.721030241,3330224,1424
5.723099131,3330260,36
5.723099131,3331669,1409
5.725248470,3331720,51
5.725248470,3333114,1394
5.727317360,3333180,66
5.727317360,3334558,1378
5.729386250,3334640,82
5.729386250,3336002,1362
5.731455140,3336100,98
5.731455140,3337446,1346
5.733524030,3337560,114
5.733524030,3338890,1330
5.735593320,3339020,130
5.735593320,3340334,1314
5.737668514,3340480,146
5.737668514,3341778,1298
5.739737404,3341940,162
5.739737404,3343222,1282
5.741886743,3343400,178
5.741886743,3344666,1266
5.743955633,3344860,194
5.743955633,3346110,1250
5.746024523,3346320,210
5.746024523,3347554,1234
5.748093413,3347780,226
5.748093413,3348998,1218
5.750162303,3349240,242
5.750162303,3350442,1202
5.752308362,3350700,258
5.752308362,3351886,1186
5.753660834,3352160,274
5.753660834,3353330,1170
5.756016837,3353620,290
5.756016837,3354774,1154
5.758365629,3355080,306
5.758365629,3356218,1138
5.760714421,3356540,322
5.760714421,3357662,1122
5.763063213,3358000,338
5.763063213,3359106,1106
5.765412005,3359460,354
5.765412005,3360550,1090
5.767760797,3360920,370
5.767760797,3361994,1074
5.770200922,3362380,386
5.770200922,3363438,1058
5.772549714,3363840,402
5.772549714,3364882,1042
5.774898506,3365300,418
5.774898506,3366326,1026
5.777247698,3366760,434
5.777247698,3367770,1010
5.779603701,3368220,450
5.779603701,3369214,994
5.782043826,3369680,466
5.782043826,3370658,978
5.784392618,3371140,482
5.784392618,3372102,962
5.786741410,3372600,498
5.786741410,3373546,946
5.789090202,3374060,514
5.789090202,3374990,930
5.791438994,3375520,530
5.791438994,3376434,914
5.793879119,3376980,546
5.793879119,3377878,898
5.796227911,3378440,562
5.796227911,3379322,882
5.798577103,3379900,578
5.798577103,3380766,866
5.800933106,3381360,594
5.800933106,3382210,850
5.803281898,3382820,610
5.803281898,3383654,834
5.805630690,3384280,626
5.805630690,3385098,818
5.807979482,3385740,642
5.807979482,3386542,802
5.810328274,3387200,658
5.810328274,3387986,786
5.812768399,3388660,674
5.812768399,3389430,770
5.815117191,3390120,690
5.815117191,3390874,754
5.817465983,3391580,706
5.817465983,3392318,738
5.819814775,3393040,722
5.819814775,3393762,722
5.822163967,3394500,738
5.822163967,3395206,706
5.824611303,3395960,754
5.824611303,3396650,690
5.826960095,3397420,770
5.826960095,3398094,674
5.829308887,3398880,786
5.829308887,3399538,658
5.831657679,3400340,802
5.831657679,3400982,642
5.834006471,3401800,818
5.834006471,3402426,626
5.836355263,3403260,834
5.836355263,3403870,610
5.838704055,3404720,850
5.838704055,3405314,594
5.841052847,3406180,866
5.841052847,3406758,578
5.843493372,3407640,882
5.843493372,3408202,562
5.845849375,3409100,898
5.845849375,3409646,546
5.848198167,3410560,914
5.848198167,3411090,530
5.850546959,3412020,930
5.850546959,3412534,514
5.852892471,3413480,946
5.852892471,3413978,498
5.854280379,3414940,962
5.854280379,3415422,482
5.856575751,3416400,978
5.856575751,3416866,466
5.858871123,3417860,994
5.858871123,3418310,450
5.861166495,3419320,1010
5.861166495,3419754,434
5.863461867,3420780,1026
5.863461867,3421198,418
5.865757639,3422240,1042
5.865757639,3422642,402
5.868149305,3423700,1058
5.868149305,3424086,386
5.870444677,3425160,1074
5.870444677,3425530,370
5.872740049,3426620,1090
5.872740049,3426974,354
5.875035421,3428080,1106
5.875035421,3428418,338
5.877330793,3429540,1122
5.877330793,3429862,322
5.879626165,3431000,1138
5.879626165,3431306,306
5.881921537,3432460,1154
5.881921537,3432750,290
5.884216909,3433920,1170
5.884216909,3434194,274
5.886601937,3435380,1186
5.886601937,3435638,258
5.888904347,3436840,1202
5.888904347,3437082,242
5.891199719,3438300,1218
5.891199719,3438526,226
5.893495091,3439760,1234
5.893495091,3439970,210
5.895790463,3441220,1250
5.895790463,3441414,194
5.898175091,3442680,1266
5.898175091,3442858,178
5.900470463,3444140,1282
5.900470463,3444302,162
5.902765835,3445600,1298
5.902765835,3445746,146
5.905061207,3447060,1314
5.905061207,3447190,130
5.907356579,3448520,1330
5.907356579,3448634,114
5.909652351,3449980,1346
5.909652351,3450078,98
5.911954761,3451440,1362
5.911954761,3451522,82
5.914250133,3452900,1378
5.914250133,3452966,66
5.916634681,3454360,1394
5.916634681,3454410,50
5.918928566,3455820,1410
5.918928566,3455854,34
5.921222451,3457280,1426
5.921222451,3457298,18
5.923516336,3458740,1442
5.923516336,3458742,2
5.925810301,3460194,1452
5.928194929,3460200,6
5.928194929,3461639,1439
5.930490701,3461660,21
5.930490701,3463084,1424
5.932793111,3463120,36
5.932793111,3464529,1409
5.935088483,3464580,51
5.935088483,3465974,1394
5.937383855,3466040,66
5.937383855,3467418,1378
5.939679227,3467500,82
5.939679227,3468862,1362
5.941974599,3468960,98
5.941974599,3470306,1346
5.944269971,3470420,114
5.944269971,3471750,1330
5.946654599,3471880,130
5.946654599,3473194,1314
5.948949971,3473340,146
5.948949971,3474638,1298
5.951245343,3474800,162
5.951245343,3476082,1282
5.953572486,3476260,178
5.953572486,3477526,1266
5.955906369,3477720,194
5.955906369,3478970,1250
5.958323588,3479180,210
5.958323588,3480414,1234
5.960650331,3480640,226
5.960650331,3481858,1218
5.962977074,3482100,242
5.962977074,3483302,1202
5.965303817,3483560,258
5.965303817,3484746,1186
5.967630560,3485020,274
5.967630560,3486190,1170
5.970047779,3486480,290
5.970047779,3487634,1154
5.972374522,3487940,306
5.972374522,3489078,1138
5.974701665,3489400,322
5.974701665,3490522,1122
5.977035548,3490860,338
5.977035548,3491966,1106
5.979362291,3492320,354
5.979362291,3493410,1090
5.981689034,3493780,370
5.981689034,3494854,1074
5.984015777,3495240,386
5.984015777,3496298,1058
5.986342520,3496700,402
5.986342520,3497742,1042
5.988759739,3498160,418
5.988759739,3499186,1026
5.991086482,3499620,434
5.991086482,3500630,1010
5.993413225,3501080,450
5.993413225,3502074,994
5.995739968,3502540,466
5.995739968,3503518,978
5.998067111,3504000,482
5.998067111,3504962,962
6.000491470,3505460,498
6.000491470,3506406,946
6.002818213,3506920,514
6.002818213,3507850,930
6.005144956,3508380,530
6.005144956,3509294,914
6.007471699,3509840,546
6.007471699,3510738,898
6.009798442,3511300,562
6.009798442,3512182,882
6.012125185,3512760,578
6.012125185,3513626,866
6.014451928,3514220,594
6.014451928,3515070,850
6.016778671,3515680,610
6.016778671,3516514,834
6.019196290,3517140,626
6.019196290,3517958,818
6.021530173,3518600,642
6.021530173,3519402,802
6.023856916,3520060,658
6.023856916,3520846,786
6.026183659,3521520,674
6.026183659,3522290,770
6.028510402,3522980,690
6.028510402,3523734,754
6.030927621,3524440,706
6.030927621,3525178,738
6.033254364,3525900,722
6.033254364,3526622,722
6.035581107,3527360,738
6.035581107,3528066,706
6.037907850,3528820,754
6.037907850,3529510,690
6.040234593,3530280,770
6.040234593,3530954,674
6.042561736,3531740,786
6.042561736,3532398,658
6.044895619,3533200,802
6.044895619,3533842,642
6.047222362,3534660,818
6.047222362,3535286,626
6.049639581,3536120,834
6.049639581,3536730,610
6.052905145,3537580,850
6.052905145,3538174,594
6.055186057,3539040,866
6.055186057,3539618,578
6.057405790,3540500,882
6.057405790,3541062,562
6.059625523,3541960,898
6.059625523,3542506,546
6.061931571,3543420,914
6.061931571,3543950,530
6.064151704,3544880,930
6.064151704,3545394,514
6.066378230,3546340,946
6.066378230,3546838,498
6.068597963,3547800,962
6.068597963,3548282,482
6.070817696,3549260,978
6.070817696,3549726,466
6.073123744,3550720,994
6.073123744,3551170,450
6.075343477,3552180,1010
6.075343477,3552614,434
6.077563210,3553640,1026
6.077563210,3554058,418
6.079782943,3555100,1042
6.079782943,3555502,402
6.082002676,3556560,1058
6.082002676,3556946,386
6.084222409,3558020,1074
6.084222409,3558390,370
6.086442542,3559480,1090
6.086442542,3559834,354
6.088669068,3560940,1106
6.088669068,3561278,338
6.090975116,3562400,1122
6.090975116,3562722,322
6.093194849,3563860,1138
6.093194849,3564166,306
6.095414582,3565320,1154
6.095414582,3565610,290
6.097634315,3566780,1170
6.097634315,3567054,274
6.099854048,3568240,1186
6.099854048,3568498,258
6.102160096,3569700,1202
6.102160096,3569942,242
6.104379829,3571160,1218
6.104379829,3571386,226
6.106599962,3572620,1234
6.106599962,3572830,210
6.108826488,3574080,1250
6.108826488,3574274,194
6.111046221,3575540,1266
6.111046221,3575718,178
6.113265954,3577000,1282
6.113265954,3577162,162
6.115485687,3578460,1298
6.115485687,3578606,146
6.117705420,3579920,1314
6.117705420,3580050,130
6.120011468,3581380,1330
6.120011468,3581494,114
6.122231201,3582840,1346
6.122231201,3582938,98
6.124450934,3584300,1362
6.124450934,3584382,82
6.126670667,3585760,1378
6.126670667,3585826,66
6.128890720,3587220,1394
6.128890720,3587270,50
6.131202123,3588680,1410
6.131202123,3588714,34
6.133420418,3590140,1426
6.133420418,3590158,18
6.135638713,3591600,1442
6.135638713,3591602,2
6.137857088,3593054,1452
6.140076821,3593060,6
6.140076821,3594499,1439
6.142296554,3594520,21
6.142296554,3595944,1424
6.144516287,3595980,36
6.144516287,3597389,1409
6.146736020,3597440,51
6.146736020,3598834,1394
6.149042468,3598900,66
6.149042468,3600278,1378
6.152204790,3600360,82
6.152204790,3601722,1362
6.154374863,3601820,98
6.154374863,3603166,1346
6.156480732,3603280,114
6.156480732,3604610,1330
6.158586601,3604740,130
6.158586601,3606054,1314
6.160774357,3606200,146
6.160774357,3607498,1298
6.162880226,3607660,162
6.162880226,3608942,1282
6.164986095,3609120,178
6.164986095,3610386,1266
6.167091964,3610580,194
6.167091964,3611830,1250
6.169197833,3612040,210
6.169197833,3613274,1234
6.171392413,3613500,226
6.171392413,3614718,1218
6.173498282,3614960,242
6.173498282,3616162,1202
6.175604151,3616420,258
6.175604151,3617606,1186
6.177710020,3617880,274
6.177710020,3619050,1170
6.179815889,3619340,290
6.179815889,3620494,1154
6.181921758,3620800,306
6.181921758,3621938,1138
6.184027627,3622260,322
6.184027627,3623382,1122
6.186133496,3623720,338
6.186133496,3624826,1106
6.188321252,3625180,354
6.188321252,3626270,1090
6.190427521,3626640,370
6.190427521,3627714,1074
6.192539814,3628100,386
6.192539814,3629158,1058
6.194645683,3629560,402
6.194645683,3630602,1042
6.196751552,3631020,418
6.196751552,3632046,1026
6.198939308,3632480,434
6.198939308,3633490,1010
6.201045177,3633940,450
6.201045177,3634934,994
6.203151046,3635400,466
6.203151046,3636378,978
6.205256915,3636860,482
6.205256915,3637822,962
6.207362784,3638320,498
6.207362784,3639266,946
6.209468653,3639780,514
6.209468653,3640710,930
6.211574922,3641240,530
6.211574922,3642154,914
6.213687215,3642700,546
6.213687215,3643598,898
6.215874971,3644160,562
6.215874971,3645042,882
6.217980840,3645620,578
6.217980840,3646486,866
6.220086709,3647080,594
6.220086709,3647930,850
6.222192578,3648540,610
6.222192578,3649374,834
6.224298447,3650000,626
6.224298447,3650818,818
6.226486203,3651460,642
6.226486203,3652262,802
6.228592072,3652920,658
6.228592072,3653706,786
6.230698341,3654380,674
6.230698341,3655150,770
6.232810634,3655840,690
6.232810634,3656594,754
6.234916503,3657300,706
6.234916503,3658038,738
6.237104259,3658760,722
6.237104259,3659482,722
6.239210128,3660220,738
6.239210128,3660926,706
6.241315997,3661680,754
6.241315997,3662370,690
6.243421866,3663140,770
6.243421866,3663814,674
6.245527735,3664600,786
6.245527735,3665258,658
6.247633604,3666060,802
6.247633604,3666702,642
6.249739473,3667520,818
6.249739473,3668146,626
6.251845742,3668980,834
6.251845742,3669590,610
6.254981344,3670440,850
6.254981344,3671034,594
6.257357529,3671900,866
6.257357529,3672478,578
6.259675136,3673360,882
6.259675136,3673922,562
6.261992743,3674820,898
6.261992743,3675366,546
6.264310350,3676280,914
6.264310350,3676810,530
6.266718077,3677740,930
6.266718077,3678254,514
6.269035684,3679200,946
6.269035684,3679698,498
6.271353291,3680660,962
6.271353291,3681142,482
6.273671298,3682120,978
6.273671298,3682586,466
6.275996015,3683580,994
6.275996015,3684030,450
6.278313622,3685040,1010
6.278313622,3685474,434
6.280631229,3686500,1026
6.280631229,3686918,418
6.282948836,3687960,1042
6.282948836,3688362,402
6.285356563,3689420,1058
6.285356563,3689806,386
6.287674170,3690880,1074
6.287674170,3691250,370
6.289991777,3692340,1090
6.289991777,3692694,354
6.292309384,3693800,1106
6.292309384,3694138,338
6.294626991,3695260,1122
6.294626991,3695582,322
6.297042228,3696720,1138
6.297042228,3697026,306
6.299359835,3698180,1154
6.299359835,3698470,290
6.301677442,3699640,1170
6.301677442,3699914,274
6.303995049,3701100,1186
6.303995049,3701358,258
6.306312656,3702560,1202
6.306312656,3702802,242
6.308630263,3704020,1218
6.308630263,3704246,226
6.310947870,3705480,1234
6.310947870,3705690,210
6.313265477,3706940,1250
6.313265477,3707134,194
6.315583084,3708400,1266
6.315583084,3708578,178
6.317991211,3709860,1282
6.317991211,3710022,162
6.320315928,3711320,1298
6.320315928,3711466,146
6.322633535,3712780,1314
6.322633535,3712910,130
6.324951142,3714240,1330
6.324951142,3714354,114
6.327268749,3715700,1346
6.327268749,3715798,98
6.329676476,3717160,1362
6.329676476,3717242,82
6.331994083,3718620,1378
6.331994083,3718686,66
6.334311610,3720080,1394
6.334311610,3720130,50
6.336627715,3721540,1410
6.336627715,3721574,34
6.338943820,3723000,1426
6.338943820,3723018,18
6.341357555,3724460,1442
6.341357555,3724462,2
6.343673740,3725914,1452
6.345991347,3725920,6
6.345991347,3727359,1439
6.348308954,3727380,21
6.348308954,3728804,1424
6.350626561,3728840,36
6.350626561,3730249,1409
6.352944168,3730300,51
6.352944168,3731694,1394
6.355258495,3731760,66
6.355258495,3733138,1378
6.355597926,3733220,82
6.355597926,3734582,1362
6.358024918,3734680,98
6.358024918,3736026,1346
6.360361469,3736140,114
6.360361469,3737470,1330
6.362704790,3737600,130
6.362704790,3738914,1314
6.365040941,3739060,146
6.365040941,3740358,1298
6.367377092,3740520,162
6.367377092,3741802,1282
6.369804084,3741980,178
6.369804084,3743246,1266
6.372140235,3743440,194
6.372140235,3744690,1250
6.374476386,3744900,210
6.374476386,3746134,1234
6.376812537,3746360,226
6.376812537,3747578,1218
6.379148688,3747820,242
6.379148688,3749022,1202
6.381484839,3749280,258
6.381484839,3750466,1186
6.383821390,3750740,274
6.383821390,3751910,1170
6.386164711,3752200,290
6.386164711,3753354,1154
6.388591703,3753660,306
6.388591703,3754798,1138
6.390927854,3755120,322
6.390927854,3756242,1122
6.393264005,3756580,338
6.393264005,3757686,1106
6.395600156,3758040,354
6.395600156,3759130,1090
6.397936307,3759500,370
6.397936307,3760574,1074
6.400363299,3760960,386
6.400363299,3762018,1058
6.402699450,3762420,402
6.402699450,3763462,1042
6.405036001,3763880,418
6.405036001,3764906,1026
6.407379322,3765340,434
6.407379322,3766350,1010
6.409715473,3766800,450
6.409715473,3767794,994
6.412051624,3768260,466
6.412051624,3769238,978
6.414387775,3769720,482
6.414387775,3770682,962
6.416723926,3771180,498
6.416723926,3772126,946
6.419150918,3772640,514
6.419150918,3773570,930
6.421487069,3774100,530
6.421487069,3775014,914
6.423823220,3775560,546
6.423823220,3776458,898
6.426159371,3777020,562
6.426159371,3777902,882
6.428495922,3778480,578
6.428495922,3779346,866
6.430930084,3779940,594
6.430930084,3780790,850
6.433266235,3781400,610
6.433266235,3782234,834
6.435602386,3782860,626
6.435602386,3783678,818
6.437938537,3784320,642
6.437938537,3785122,802
6.440274688,3785780,658
6.440274688,3786566,786
6.442701680,3787240,674
6.442701680,3788010,770
6.445037831,3788700,690
6.445037831,3789454,754
6.447373982,3790160,706
6.447373982,3790898,738
6.449710533,3791620,722
6.449710533,3792342,722
6.453992683,3793080,738
6.453992683,3793786,706
6.456273863,3794540,754
6.456273863,3795230,690
6.458493872,3796000,770
6.458493872,3796674,674
6.460713881,3797460,786
6.460713881,3798118,658
6.463020215,3798920,802
6.463020215,3799562,642
6.465240224,3800380,818
6.465240224,3801006,626
6.467460233,3801840,834
6.467460233,3802450,610
6.469680242,3803300,850
6.469680242,3803894,594
6.471900251,3804760,866
6.471900251,3805338,578
6.474213779,3806220,882
6.474213779,3806782,562
6.476433788,3807680,898
6.476433788,3808226,546
6.478653797,3809140,914
6.478653797,3809670,530
6.480873806,3810600,930
6.480873806,3811114,514
6.483093815,3812060,946
6.483093815,3812558,498
6.485313824,3813520,962
6.485313824,3814002,482
6.487533833,3814980,978
6.487533833,3815446,466
6.489753842,3816440,994
6.489753842,3816890,450
6.492060176,3817900,1010
6.492060176,3818334,434
6.494280585,3819360,1026
6.494280585,3819778,418
6.496507388,3820820,1042
6.496507388,3821222,402
6.498727397,3822280,1058
6.498727397,3822666,386
6.500947406,3823740,1074
6.500947406,3824110,370
6.503253740,3825200,1090
6.503253740,3825554,354
6.505473749,3826660,1106
6.505473749,3826998,338
6.507693758,3828120,1122
6.507693758,3828442,322
6.509913767,3829580,1138
6.509913767,3829886,306
6.512133776,3831040,1154
6.512133776,3831330,290
6.514353785,3832500,1170
6.514353785,3832774,274
6.516574194,3833960,1186
6.516574194,3834218,258
6.518800997,3835420,1202
6.518800997,3835662,242
6.521107331,3836880,1218
6.521107331,3837106,226
6.523327340,3838340,1234
6.523327340,3838550,210
6.525547349,3839800,1250
6.525547349,3839994,194
6.527767358,3841260,1266
6.527767358,3841438,178
6.529987367,3842720,1282
6.529987367,3842882,162
6.532293701,3844180,1298
6.532293701,3844326,146
6.534513710,3845640,1314
6.534513710,3845770,130
6.536734119,3847100,1330
6.536734119,3847214,114
6.538960922,3848560,1346
6.538960922,3848658,98
6.541180931,3850020,1362
6.541180931,3850102,82
6.543487265,3851480,1378
6.543487265,3851546,66
6.545707194,3852940,1394
6.545707194,3852990,50
6.547925764,3854400,1410
6.547925764,3854434,34
6.550144334,3855860,1426
6.550144334,3855878,18
6.552362904,3857320,1442
6.552362904,3857322,2
6.554578274,3860219,2897
6.556181024,3860240,21
6.556181024,3861664,1424
6.558577028,3861700,36
6.558577028,3863109,1409
6.560876563,3863160,51
6.560876563,3864554,1394
6.563176098,3864620,66
6.563176098,3865998,1378
6.565475633,3866080,82
6.565475633,3867442,1362
6.567775168,3867540,98
6.567775168,3868886,1346
6.570164121,3869000,114
6.570164121,3870330,1330
6.572463656,3870460,130
6.572463656,3871774,1314
6.574763191,3871920,146
6.574763191,3873218,1298
6.577063126,3873380,162
6.577063126,3874662,1282
6.579369712,3874840,178
6.579369712,3876106,1266
6.581669247,3876300,194
6.581669247,3877550,1250
6.583968782,3877760,210
6.583968782,3878994,1234
6.586268317,3879220,226
6.586268317,3880438,1218
6.588657270,3880680,242
6.588657270,3881882,1202
6.590956805,3882140,258
6.590956805,3883326,1186
6.593256340,3883600,274
6.593256340,3884770,1170
6.595555875,3885060,290
6.595555875,3886214,1154
6.597855410,3886520,306
6.597855410,3887658,1138
6.600251814,3887980,322
6.600251814,3889102,1122
6.602551349,3889440,338
6.602551349,3890546,1106
6.604850884,3890900,354
6.604850884,3891990,1090
6.607150419,3892360,370
6.607150419,3893434,1074
6.609449954,3893820,386
6.609449954,3894878,1058
6.611838907,3895280,402
6.611838907,3896322,1042
6.614138442,3896740,418
6.614138442,3897766,1026
6.616437977,3898200,434
6.616437977,3899210,1010
6.618737512,3899660,450
6.618737512,3900654,994
6.621037447,3901120,466
6.621037447,3902098,978
6.623344033,3902580,482
6.623344033,3903542,962
6.625643568,3904040,498
6.625643568,3904986,946
6.627943103,3905500,514
6.627943103,3906430,930
6.630332056,3906960,530
6.630332056,3907874,914
6.632631591,3908420,546
6.632631591,3909318,898
6.634931126,3909880,562
6.634931126,3910762,882
6.637230661,3911340,578
6.637230661,3912206,866
6.639530196,3912800,594
6.639530196,3913650,850
6.641919549,3914260,610
6.641919549,3915094,834
6.644226135,3915720,626
6.644226135,3916538,818
6.646525670,3917180,642
6.646525670,3917982,802
6.648825205,3918640,658
6.648825205,3919426,786
6.655063756,3920100,674
6.655063756,3920870,770
6.657351787,3921560,690
6.657351787,3922314,754
6.659578834,3923020,706
6.659578834,3923758,738
6.661805881,3924480,722
6.661805881,3925202,722
6.664119527,3925940,738
6.664119527,3926646,706
6.666346574,3927400,754
6.666346574,3928090,690
6.668574021,3928860,770
6.668574021,3929534,674
6.670807884,3930320,786
6.670807884,3930978,658
6.673034931,3931780,802
6.673034931,3932422,642
6.675348577,3933240,818
6.675348577,3933866,626
6.677575624,3934700,834
6.677575624,3935310,610
6.679802671,3936160,850
6.679802671,3936754,594
6.682029718,3937620,866
6.682029718,3938198,578
6.684256765,3939080,882
6.684256765,3939642,562
6.686483812,3940540,898
6.686483812,3941086,546
6.688710859,3942000,914
6.688710859,3942530,530
6.690938306,3943460,930
6.690938306,3943974,514
6.693258768,3944920,946
6.693258768,3945418,498
6.695485815,3946380,962
6.695485815,3946862,482
6.697712862,3947840,978
6.697712862,3948306,466
6.699939909,3949300,994
6.699939909,3949750,450
6.702166956,3950760,1010
6.702166956,3951194,434
6.704480602,3952220,1026
6.704480602,3952638,418
6.706707649,3953680,1042
6.706707649,3954082,402
6.708934696,3955140,1058
6.708934696,3955526,386
6.711162143,3956600,1074
6.711162143,3956970,370
6.713396006,3958060,1090
6.713396006,3958414,354
6.715709652,3959520,1106
6.715709652,3959858,338
6.717936699,3960980,1122
6.717936699,3961302,322
6.720163746,3962440,1138
6.720163746,3962746,306
6.722390793,3963900,1154
6.722390793,3964190,290
6.724617840,3965360,1170
6.724617840,3965634,274
6.726844887,3966820,1186
6.726844887,3967078,258
6.729071934,3968280,1202
6.729071934,3968522,242
6.731298981,3969740,1218
6.731298981,3969966,226
6.733619844,3971200,1234
6.733619844,3971410,210
6.735846891,3972660,1250
6.735846891,3972854,194
6.738073938,3974120,1266
6.738073938,3974298,178
6.740300985,3975580,1282
6.740300985,3975742,162
6.742528032,3977040,1298
6.742528032,3977186,146
6.744841678,3978500,1314
6.744841678,3978630,130
6.747068725,3979960,1330
6.747068725,3980074,114
6.749295772,3981420,1346
6.749295772,3981518,98
6.751522819,3982880,1362
6.751522819,3982962,82
6.753750266,3984340,1378
6.753750266,3984406,66
6.755980849,3985800,1394
6.755980849,3987294,1494
6.757176719,3988720,1426
6.757176719,3988738,18
6.759354623,3990180,1442
6.759354623,3990182,2
6.761451038,3991634,1452
6.763548733,3991640,6
6.763548733,3993079,1439
6.765646428,3993100,21
6.765646428,3994524,1424
6.767744123,3994560,36
6.767744123,3995969,1409
6.769841818,3996020,51
6.769841818,3997414,1394
6.772027879,3997480,66
6.772027879,3998858,1378
6.774125574,3998940,82
6.774125574,4000302,1362
6.776223269,4000400,98
6.776223269,4001746,1346
6.778320964,4001860,114
6.778320964,4003190,1330
6.780418659,4003320,130
6.780418659,4004634,1314
6.782516354,4004780,146
6.782516354,4006078,1298
6.784614049,4006240,162
6.784614049,4007522,1282
6.786711744,4007700,178
6.786711744,4008966,1266
6.788891008,4009160,194
6.788891008,4010410,1250
6.790989103,4010620,210
6.790989103,4011854,1234
6.793093195,4012080,226
6.793093195,4013298,1218
6.795190890,4013540,242
6.795190890,4014742,1202
6.797288585,4015000,258
6.797288585,4016186,1186
6.799467849,4016460,274
6.799467849,4017630,1170
6.801565544,4017920,290
6.801565544,4019074,1154
6.803663239,4019380,306
6.803663239,4020518,1138
6.805760934,4020840,322
6.805760934,4021962,1122
6.807858629,4022300,338
6.807858629,4023406,1106
6.810038293,4023760,354
6.810038293,4024850,1090
6.812142385,4025220,370
6.812142385,4026294,1074
6.814240080,4026680,386
6.814240080,4027738,1058
6.816337775,4028140,402
6.816337775,4029182,1042
6.818435470,4029600,418
6.818435470,4030626,1026
6.820533165,4031060,434
6.820533165,4032070,1010
6.822630860,4032520,450
6.822630860,4033514,994
6.824728555,4033980,466
6.824728555,4034958,978
6.826907819,4035440,482
6.826907819,4036402,962
6.829005514,4036900,498
6.829005514,4037846,946
6.831103609,4038360,514
6.831103609,4039290,930
6.833207701,4039820,530
6.833207701,4040734,914
6.835305396,4041280,546
6.835305396,4042178,898
6.837484660,4042740,562
6.837484660,4043622,882
6.839582355,4044200,578
6.839582355,4045066,866
6.841680050,4045660,594
6.841680050,4046510,850
6.843777745,4047120,610
6.843777745,4047954,834
6.845875440,4048580,626
6.845875440,4049398,818
6.847973135,4050040,642
6.847973135,4050842,802
6.850070830,4051500,658
6.850070830,4052286,786
6.853116361,4052960,674
6.853116361,4053730,770
6.855531789,4054420,690
6.855531789,4055174,754
6.857805095,4055880,706
6.857805095,4056618,738
6.860078401,4057340,722
6.860078401,4058062,722
6.862351387,4058800,738
6.862351387,4059506,706
6.864618815,4060260,754
6.864618815,4060950,690
6.866974412,4061720,770
6.866974412,4062394,674
6.869241840,4063180,786
6.869241840,4063838,658
6.871509268,4064640,802
6.871509268,4065282,642
6.873777096,4066100,818
6.873777096,4066726,626
6.876051471,4067560,834
6.876051471,4068170,610
6.878318899,4069020,850
6.878318899,4069614,594
6.880586327,4070480,866
6.880586327,4071058,578
6.882853755,4071940,882
6.882853755,4072502,562
6.885209352,4073400,898
6.885209352,4073946,546
6.887476780,4074860,914
6.887476780,4075390,530
6.889744208,4076320,930
6.889744208,4076834,514
6.892011636,4077780,946
6.892011636,4078278,498
6.894279064,4079240,962
6.894279064,4079722,482
6.896642009,4080700,978
6.896642009,4081166,466
6.898909437,4082160,994
6.898909437,4082610,450
6.901176865,4083620,1010
6.901176865,4084054,434
6.903444293,4085080,1026
6.903444293,4085498,418
6.905711721,4086540,1042
6.905711721,4086942,402
6.908067318,4088000,1058
6.908067318,4088386,386
6.910334746,4089460,1074
6.910334746,4089830,370
6.912602174,4090920,1090
6.912602174,4091274,354
6.914869602,4092380,1106
6.914869602,4092718,338
6.917137430,4093840,1122
6.917137430,4094162,322
6.919411805,4095300,1138
6.919411805,4095606,306
6.921679233,4096760,1154
6.921679233,4097050,290
6.923946661,4098220,1170
6.923946661,4098494,274
6.926302258,4099680,1186
6.926302258,4099938,258
6.928569686,4101140,1202
6.928569686,4101382,242
6.930837114,4102600,1218
6.930837114,4102826,226
6.933104542,4104060,1234
6.933104542,4104270,210
6.935371970,4105520,1250
6.935371970,4105714,194
6.937727967,4106980,1266
6.937727967,4107158,178
6.940002342,4108440,1282
6.940002342,4108602,162
6.942269770,4109900,1298
6.942269770,4110046,146
6.944537198,4111360,1314
6.944537198,4111490,130
6.946804626,4112820,1330
6.946804626,4112934,114
6.949072054,4114280,1346
6.949072054,4114378,98
6.951339482,4115740,1362
6.951339482,4115822,82
6.955551562,4117200,1378
6.955551562,4117266,66
6.958140847,4118660,1394
6.958140847,4118710,50
6.960578436,4120120,1410
6.960578436,4120154,34
6.963016425,4121580,1426
6.963016425,4121598,18
6.965461518,4123040,1442
6.965461518,4123042,2
6.967899187,4124494,1452
6.970433204,4124500,6
6.970433204,4125939,1439
6.972872374,4125960,21
6.972872374,4127384,1424
6.975311544,4127420,36
6.975311544,4128829,1409
6.977750714,4128880,51
6.977750714,4130274,1394
6.980189884,4130340,66
6.980189884,4131718,1378
6.982629054,4131800,82
6.982629054,4133162,1362
6.985068224,4133260,98
6.985068224,4134606,1346
6.987507794,4134720,114
6.987507794,4136050,1330
6.990049315,4136180,130
6.990049315,4137494,1314
6.992488485,4137640,146
6.992488485,4138938,1298
6.994927655,4139100,162
6.994927655,4140382,1282
6.997366825,4140560,178
6.997366825,4141826,1266
6.999805995,4142020,194
6.999805995,4143270,1250
7.002340012,4143480,210
7.002340012,4144714,1234
7.004779182,4144940,226
7.004779182,4146158,1218
7.007218352,4146400,242
7.007218352,4147602,1202
7.009657922,4147860,258
7.009657922,4149046,1186
7.012104596,4149320,274
7.012104596,4150490,1170
7.014638613,4150780,290
7.014638613,4151934,1154
7.017077783,4152240,306
7.017077783,4153378,1138
7.019516953,4153700,322
7.019516953,4154822,1122
7.021956123,4155160,338
7.021956123,4156266,1106
7.024395293,4156620,354
7.024395293,4157710,1090
7.026834463,4158080,370
7.026834463,4159154,1074
7.029273633,4159540,386
7.029273633,4160598,1058
7.031712803,4161000,402
7.031712803,4162042,1042
7.034254724,4162460,418
7.034254724,4163486,1026
7.036693894,4163920,434
7.036693894,4164930,1010
7.039133064,4165380,450
7.039133064,4166374,994
7.041572234,4166840,466
7.041572234,4167818,978
7.044011404,4168300,482
7.044011404,4169262,962
7.046545421,4169760,498
7.046545421,4170706,946
7.048984591,4171220,514
7.048984591,4172150,930
7.051423761,4172680,530
7.051423761,4173594,914
7.053862931,4174140,546
7.053862931,4175038,898
7.056298821,4175600,562
7.056298821,4177926,2326
7.056501254,4178520,594
7.056501254,4179370,850
7.058597434,4179980,610
7.058597434,4180814,834
7.060775124,4181440,626
7.060775124,4182258,818
7.062871304,4182900,642
7.062871304,4183702,802
7.064967484,4184360,658
7.064967484,4185146,786
7.067063664,4185820,674
7.067063664,4186590,770
7.069159844,4187280,690
7.069159844,4188034,754
7.071337934,4188740,706
7.071337934,4189478,738
7.073440507,4190200,722
7.073440507,4190922,722
7.075536687,4191660,738
7.075536687,4192366,706
7.077632867,4193120,754
7.077632867,4193810,690
7.079729047,4194580,770
7.079729047,4195254,674
7.081906737,4196040,786
7.081906737,4196698,658
7.084002917,4197500,802
7.084002917,4198142,642
7.086099097,4198960,818
7.086099097,4199586,626
7.088195277,4200420,834
7.088195277,4201030,610
7.090291457,4201880,850
7.090291457,4202474,594
7.092388037,4203340,866
7.092388037,4203918,578
7.094490610,4204800,882
7.094490610,4205362,562
7.096586790,4206260,898
7.096586790,4206806,546
7.098764480,4207720,914
7.098764480,4208250,530
7.100860660,4209180,930
7.100860660,4209694,514
7.102956840,4210640,946
7.102956840,4211138,498
7.105053020,4212100,962
7.105053020,4212582,482
7.107149200,4213560,978
7.107149200,4214026,466
7.109326890,4215020,994
7.109326890,4215470,450
7.111423470,4216480,1010
7.111423470,4216914,434
7.113526043,4217940,1026
7.113526043,4218358,418
7.115622223,4219400,1042
7.115622223,4219802,402
7.117718403,4220860,1058
7.117718403,4221246,386
7.119814583,4222320,1074
7.119814583,4222690,370
7.121910763,4223780,1090
7.121910763,4224134,354
7.124006943,4225240,1106
7.124006943,4225578,338
7.126184633,4226700,1122
7.126184633,4227022,322
7.128280813,4228160,1138
7.128280813,4228466,306
7.130376993,4229620,1154
7.130376993,4229910,290
7.132473573,4231080,1170
7.132473573,4231354,274
7.134576146,4232540,1186
7.134576146,4232798,258
7.136753836,4234000,1202
7.136753836,4234242,242
7.138850016,4235460,1218
7.138850016,4235686,226
7.140946196,4236920,1234
7.140946196,4237130,210
7.143042376,4238380,1250
7.143042376,4238574,194
7.145138556,4239840,1266
7.145138556,4240018,178
7.147234736,4241300,1282
7.147234736,4241462,162
7.149330916,4242760,1298
7.149330916,4242906,146
7.154361859,4244220,1314
7.154361859,4244350,130
7.156581166,4245680,1330
7.156581166,4245794,114
7.158648163,4247140,1346
7.158648163,4247238,98
7.160715160,4248600,1362
7.160715160,4248682,82
7.162782157,4250060,1378
7.162782157,4250126,66
7.164849074,4251520,1394
7.164849074,4251570,50
7.166995106,4252980,1410
7.166995106,4253014,34
7.169060763,4254440,1426
7.169060763,4254458,18
7.171126420,4255900,1442
7.171126420,4255902,2
7.173192157,4257354,1452
7.175259554,4257360,6
7.175259554,4258799,1439
7.177413224,4258820,21
7.177413224,4260244,1424
7.179480221,4260280,36
7.179480221,4261689,1409
7.181547218,4261740,51
7.181547218,4263134,1394
7.183614215,4263200,66
7.183614215,4264578,1378
7.185681212,4264660,82
7.185681212,4266022,1362
7.187748209,4266120,98
7.187748209,4267466,1346
7.189815206,4267580,114
7.189815206,4268910,1330
7.191882203,4269040,130
7.191882203,4270354,1314
7.194029975,4270500,146
7.194029975,4271798,1298
7.196103270,4271960,162
7.196103270,4273242,1282
7.198170267,4273420,178
7.198170267,4274686,1266
7.200237264,4274880,194
7.200237264,4276130,1250
7.202304261,4276340,210
7.202304261,4277574,1234
7.204451633,4277800,226
7.204451633,4279018,1218
7.206518630,4279260,242
7.206518630,4280462,1202
7.208585627,4280720,258
7.208585627,4281906,1186
7.210652624,4282180,274
7.210652624,4283350,1170
7.212719621,4283640,290
7.212719621,4284794,1154
7.214787018,4285100,306
7.214787018,4286238,1138
7.216860313,4286560,322
7.216860313,4287682,1122
7.218927310,4288020,338
7.218927310,4289126,1106
7.220994307,4289480,354
7.220994307,4290570,1090
7.223141679,4290940,370
7.223141679,4292014,1074
7.225208676,4292400,386
7.225208676,4293458,1058
7.227275673,4293860,402
7.227275673,4294902,1042
7.229342670,4295320,418
7.229342670,4296346,1026
7.231409667,4296780,434
7.231409667,4297790,1010
7.233557439,4298240,450
7.233557439,4299234,994
7.235630734,4299700,466
7.235630734,4300678,978
7.237697731,4301160,482
7.237697731,4302122,962
7.239764728,4302620,498
7.239764728,4303566,946
7.241831725,4304080,514
7.241831725,4305010,930
7.243898722,4305540,530
7.243898722,4306454,914
7.245965719,4307000,546
7.245965719,4307898,898
7.248032716,4308460,562
7.248032716,4309342,882
7.250180088,4309920,578
7.250180088,4310786,866
7.252247085,4311380,594
7.252247085,4312230,850
7.254310802,4312840,610
7.254310802,4313674,834
7.255765436,4314300,626
7.255765436,4315118,818
7.258208873,4315760,642
7.258208873,4316562,802
7.260747323,4317220,658
7.260747323,4318006,786
7.263190760,4318680,674
7.263190760,4319450,770
7.265634197,4320140,690
7.265634197,4320894,754
7.268077634,4321600,706
7.268077634,4322338,738
7.270521071,4323060,722
7.270521071,4323782,722
7.273059521,4324520,738
7.273059521,4325226,706
7.275503358,4325980,754
7.275503358,4326670,690
7.277954312,4327440,770
7.277954312,4328114,674
7.280397749,4328900,786
7.280397749,4329558,658
7.282841186,4330360,802
7.282841186,4331002,642
7.285284623,4331820,818
7.285284623,4332446,626
7.287728060,4333280,834
7.287728060,4333890,610
7.290171497,4334740,850
7.290171497,4335334,594
7.292709947,4336200,866
7.292709947,4336778,578
7.295153384,4337660,882
7.295153384,4338222,562
7.297596821,4339120,898
7.297596821,4339666,546
7.300040658,4340580,914
7.300040658,4341110,530
7.302491612,4342040,930
7.302491612,4342554,514
7.305030062,4343500,946
7.305030062,4343998,498
7.307473499,4344960,962
7.307473499,4345442,482
7.309916936,4346420,978
7.309916936,4346886,466
7.312360373,4347880,994
7.312360373,4348330,450
7.314803810,4349340,1010
7.314803810,4349774,434
7.317247247,4350800,1026
7.317247247,4351218,418
7.319690684,4352260,1042
7.319690684,4352662,402
7.322134121,4353720,1058
7.322134121,4354106,386
7.324680489,4355180,1074
7.324680489,4355550,370
7.327123926,4356640,1090
7.327123926,4356994,354
7.329567363,4358100,1106
7.329567363,4358438,338
7.332010800,4359560,1122
7.332010800,4359882,322
7.334454237,4361020,1138
7.334454237,4361326,306
7.336992687,4362480,1154
7.336992687,4362770,290
7.339436124,4363940,1170
7.339436124,4364214,274
7.341879561,4365400,1186
7.341879561,4365658,258
7.344322998,4366860,1202
7.344322998,4367102,242
7.346766835,4368320,1218
7.346766835,4368546,226
7.349217789,4369780,1234
7.349217789,4369990,210
7.351661226,4371240,1250
7.351661226,4371434,194
7.356041640,4372700,1266
7.356041640,4372878,178
7.358338589,4374160,1282
7.358338589,4374322,162
7.360488900,4375620,1298
7.360488900,4375766,146
7.362639211,4377080,1314
7.362639211,4377210,130
7.364789522,4378540,1330
7.364789522,4378654,114
7.366939833,4380000,1346
7.366939833,4380098,98
7.369174159,4381460,1362
7.369174159,4381542,82
7.371331038,4382920,1378
7.371331038,4382986,66
7.373481269,4384380,1394
7.373481269,4384430,50
7.375630186,4385840,1410
7.375630186,4385874,34
7.377779103,4387300,1426
7.377779103,4387318,18
7.380011635,4388760,1442
7.380011635,4388762,2
7.382160632,4390214,1452
7.384310943,4390220,6
7.384310943,4391659,1439
7.386461254,4391680,21
7.386461254,4393104,1424
7.388611565,4393140,36
7.388611565,4394549,1409
7.390762276,4394600,51
7.390762276,4395994,1394
7.392919155,4396060,66
7.392919155,4397438,1378
7.395069466,4397520,82
7.395069466,4398882,1362
7.397219777,4398980,98
7.397219777,4400326,1346
7.399453703,4400440,114
7.399453703,4401770,1330
7.401604014,4401900,130
7.401604014,4403214,1314
7.403754325,4403360,146
7.403754325,4404658,1298
7.405904636,4404820,162
7.405904636,4406102,1282
7.408054947,4406280,178
7.408054947,4407546,1266
7.410289273,4407740,194
7.410289273,4408990,1250
7.412446152,4409200,210
7.412446152,4410434,1234
7.414596463,4410660,226
7.414596463,4411878,1218
7.416746774,4412120,242
7.416746774,4413322,1202
7.418897085,4413580,258
7.418897085,4414766,1186
7.421047396,4415040,274
7.421047396,4416210,1170
7.423197707,4416500,290
7.423197707,4417654,1154
7.425348018,4417960,306
7.425348018,4419098,1138
7.427581944,4419420,322
7.427581944,4420542,1122
7.429732255,4420880,338
7.429732255,4421986,1106
7.431882966,4422340,354
7.431882966,4423430,1090
7.434039845,4423800,370
7.434039845,4424874,1074
7.436190156,4425260,386
7.436190156,4426318,1058
7.438424082,4426720,402
7.438424082,4427762,1042
7.440574393,4428180,418
7.440574393,4429206,1026
7.442724704,4429640,434
7.442724704,4430650,1010
7.444875015,4431100,450
7.444875015,4432094,994
7.447025326,4432560,466
7.447025326,4433538,978
7.449259252,4434020,482
7.449259252,4434982,962
7.451409963,4435480,498
7.451409963,4436426,946
7.453566842,4436940,514
7.453566842,4437870,930
7.455713873,4438400,530
7.455713873,4439314,914
7.456817851,4439860,546
7.456817851,4440758,898
7.458918549,4441320,562
7.458918549,4442202,882
7.461019247,4442780,578
7.461019247,4443646,866
7.463119945,4444240,594
7.463119945,4445090,850
7.465302329,4445700,610
7.465302329,4446534,834
7.467403027,4447160,626
7.467403027,4447978,818
7.469503725,4448620,642
7.469503725,4449422,802
7.471604823,4450080,658
7.471604823,4450866,786
7.473711929,4451540,674
7.473711929,4452310,770
7.475894313,4453000,690
7.475894313,4453754,754
7.477995011,4454460,706
7.477995011,4455198,738
7.480095709,4455920,722
7.480095709,4456642,722
7.482196407,4457380,738
7.482196407,4458086,706
7.484297105,4458840,754
7.484297105,4459530,690
7.486397803,4460300,770
7.486397803,4460974,674
7.488498501,4461760,786
7.488498501,4462418,658
7.490599199,4463220,802
7.490599199,4463862,642
7.492788390,4464680,818
7.492788390,4465306,626
7.494889088,4466140,834
7.494889088,4466750,610
7.496989786,4467600,850
7.496989786,4468194,594
7.499090484,4469060,866
7.499090484,4469638,578
7.501191182,4470520,882
7.501191182,4471082,562
7.503373566,4471980,898
7.503373566,4472526,546
7.505474264,4473440,914
7.505474264,4473970,530
7.507574962,4474900,930
7.507574962,4475414,514
7.509675660,4476360,946
7.509675660,4476858,498
7.511776758,4477820,962
7.511776758,4478302,482
7.513883864,4479280,978
7.513883864,4479746,466
7.515984562,4480740,994
7.515984562,4481190,450
7.518085260,4482200,1010
7.518085260,4482634,434
7.520267644,4483660,1026
7.520267644,4484078,418
7.522368342,4485120,1042
7.522368342,4485522,402
7.524469040,4486580,1058
7.524469040,4486966,386
7.526569738,4488040,1074
7.526569738,4488410,370
7.528670436,4489500,1090
7.528670436,4489854,354
7.530853220,4490960,1106
7.530853220,4491298,338
7.532960326,4492420,1122
7.532960326,4492742,322
7.535061024,4493880,1138
7.535061024,4494186,306
7.537161722,4495340,1154
7.537161722,4495630,290
7.539262420,4496800,1170
7.539262420,4497074,274
7.541444804,4498260,1186
7.541444804,4498518,258
7.543545502,4499720,1202
7.543545502,4499962,242
7.545646200,4501180,1218
7.545646200,4501406,226
7.547746898,4502640,1234
7.547746898,4502850,210
7.549847596,4504100,1250
7.549847596,4504294,194
7.551948694,4505560,1266
7.551948694,4505738,178
7.554055800,4507020,1282
7.554055800,4507182,162
7.556490575,4508480,1298
7.556490575,4508626,146
7.559020027,4509940,1314
7.559020027,4510070,130
7.561454802,4511400,1330
7.561454802,4511514,114
7.563889577,4512860,1346
7.563889577,4512958,98
7.566324352,4514320,1362
7.566324352,4514402,82
7.568759127,4515780,1378
7.568759127,4515846,66
7.571288499,4517240,1394
7.571288499,4517290,50
7.573722097,4518700,1410
7.573722097,4518734,34
7.576162784,4520160,1426
7.576162784,4520178,18
7.578595982,4521620,1442
7.578595982,4521622,2
7.581029260,4523074,1452
7.583464035,4523080,6
7.583464035,4524519,1439
7.585898810,4524540,21
7.585898810,4525964,1424
7.588333585,4526000,36
7.588333585,4527409,1409
7.590863037,4527460,51
7.590863037,4528854,1394
7.593297812,4528920,66
7.593297812,4530298,1378
7.595732587,4530380,82
7.595732587,4531742,1362
7.598167762,4531840,98
7.598167762,4533186,1346
7.600610027,4533300,114
7.600610027,4534630,1330
7.603139479,4534760,130
7.603139479,4536074,1314
7.605574254,4536220,146
7.605574254,4537518,1298
7.608009029,4537680,162
7.608009029,4538962,1282
7.610443804,4539140,178
7.610443804,4540406,1266
7.612878579,4540600,194
7.612878579,4541850,1250
7.615313354,4542060,210
7.615313354,4543294,1234
7.617748129,4543520,226
7.617748129,4544738,1218
7.620277981,4544980,242
7.620277981,4546182,1202
7.622720246,4546440,258
7.622720246,4547626,1186
7.625155021,4547900,274
7.625155021,4549070,1170
7.627589796,4549360,290
7.627589796,4550514,1154
7.630024571,4550820,306
7.630024571,4551958,1138
7.632459346,4552280,322
7.632459346,4553402,1122
7.634988798,4553740,338
7.634988798,4554846,1106
7.637423573,4555200,354
7.637423573,4556290,1090
7.639858348,4556660,370
7.639858348,4557734,1074
7.642293123,4558120,386
7.642293123,4559178,1058
7.644728298,4559580,402
7.644728298,4560622,1042
7.647265240,4561040,418
7.647265240,4562066,1026
7.649700015,4562500,434
7.649700015,4563510,1010
7.652134790,4563960,450
7.652134790,4564954,994
7.655504898,4565420,466
7.655504898,4566398,978
7.657657998,4566880,482
7.657657998,4567842,962
7.659746431,4568340,498
7.659746431,4569286,946
7.661834864,4569800,514
7.661834864,4570730,930
7.663923297,4571260,530
7.663923297,4572174,914
7.666093339,4572720,546
7.666093339,4573618,898
7.668188139,4574180,562
7.668188139,4575062,882
7.670276572,4575640,578
7.670276572,4576506,866
7.672365005,4577100,594
7.672365005,4577950,850
7.674453438,4578560,610
7.674453438,4579394,834
7.676623080,4580020,626
7.676623080,4580838,818
7.678711513,4581480,642
7.678711513,4582282,802
7.680799946,4582940,658
7.680799946,4583726,786
7.682888379,4584400,674
7.682888379,4585170,770
7.684976812,4585860,690
7.684976812,4586614,754
7.687065645,4587320,706
7.687065645,4588058,738
7.689160445,4588780,722
7.689160445,4589502,722
7.691248878,4590240,738
7.691248878,4590946,706
7.693337311,4591700,754
7.693337311,4592390,690
7.695506953,4593160,770
7.695506953,4593834,674
7.697595386,4594620,786
7.697595386,4595278,658
7.699683819,4596080,802
7.699683819,4596722,642
7.701772252,4597540,818
7.701772252,4598166,626
7.703860685,4599000,834
7.703860685,4599610,610
7.706030727,4600460,850
7.706030727,4601054,594
7.708125527,4601920,866
7.708125527,4602498,578
7.710213960,4603380,882
7.710213960,4603942,562
7.712302393,4604840,898
7.712302393,4605386,546
7.714390826,4606300,914
7.714390826,4606830,530
7.716479259,4607760,930
7.716479259,4608274,514
7.718567692,4609220,946
7.718567692,4609718,498
7.720737334,4610680,962
7.720737334,4611162,482
7.722825767,4612140,978
7.722825767,4612606,466
7.724914200,4613600,994
7.724914200,4614050,450
7.727003033,4615060,1010
7.727003033,4615494,434
7.729097833,4616520,1026
7.729097833,4616938,418
7.731186266,4617980,1042
7.731186266,4618382,402
7.733355908,4619440,1058
7.733355908,4619826,386
7.735444341,4620900,1074
7.735444341,4621270,370
7.737532774,4622360,1090
7.737532774,4622714,354
7.739621207,4623820,1106
7.739621207,4624158,338
7.741709640,4625280,1122
7.741709640,4625602,322
7.743879282,4626740,1138
7.743879282,4627046,306
7.745968115,4628200,1154
7.745968115,4628490,290
7.748062915,4629660,1170
7.748062915,4629934,274
7.750151348,4631120,1186
7.750151348,4631378,258
7.752239781,4632580,1202
7.752239781,4632822,242
7.754324934,4634040,1218
7.754324934,4634266,226
7.754448374,4635500,1234
7.754448374,4635710,210
7.756507730,4636960,1250
7.756507730,4637154,194
7.758678748,4638420,1266
7.758678748,4638598,178
7.760768506,4639880,1282
7.760768506,4640042,162
7.762858264,4641340,1298
7.762858264,4641486,146
7.764948422,4642800,1314
7.764948422,4642930,130
7.767044552,4644260,1330
7.767044552,4644374,114
7.769215570,4645720,1346
7.769215570,4645818,98
7.771305328,4647180,1362
7.771305328,4647262,82
7.773395086,4648640,1378
7.773395086,4648706,66
7.775484764,4650100,1394
7.775484764,4650150,50
7.777573167,4651560,1410
7.777573167,4651594,34
7.779661570,4653020,1426
7.779661570,4653038,18
7.781749973,4654480,1442
7.781749973,4654482,2
7.783838456,4655934,1452
7.786016246,4655940,6
7.786016246,4657379,1439
7.788106004,4657400,21
7.788106004,4658824,1424
7.790195762,4658860,36
7.790195762,4660269,1409
7.792285520,4660320,51
7.792285520,4661714,1394
7.794375278,4661780,66
7.794375278,4663158,1378
7.796546296,4663240,82
7.796546296,4664602,1362
7.798636054,4664700,98
7.798636054,4666046,1346
7.800725812,4666160,114
7.800725812,4667490,1330
7.802815570,4667620,130
7.802815570,4668934,1314
7.804905728,4669080,146
7.804905728,4670378,1298
7.807001858,4670540,162
7.807001858,4671822,1282
7.809091616,4672000,178
7.809091616,4673266,1266
7.811262634,4673460,194
7.811262634,4674710,1250
7.813352392,4674920,210
7.813352392,4676154,1234
7.815442150,4676380,226
7.815442150,4677598,1218
7.817531908,4677840,242
7.817531908,4679042,1202
7.819621666,4679300,258
7.819621666,4680486,1186
7.821711424,4680760,274
7.821711424,4681930,1170
7.823882842,4682220,290
7.823882842,4683374,1154
7.825978972,4683680,306
7.825978972,4684818,1138
7.828068730,4685140,322
7.828068730,4686262,1122
7.830158488,4686600,338
7.830158488,4687706,1106
7.832248246,4688060,354
7.832248246,4689150,1090
7.834419264,4689520,370
7.834419264,4690594,1074
7.836509022,4690980,386
7.836509022,4692038,1058
7.838598780,4692440,402
7.838598780,4693482,1042
7.840688538,4693900,418
7.840688538,4694926,1026
7.842778296,4695360,434
7.842778296,4696370,1010
7.844868454,4696820,450
7.844868454,4697814,994
7.846964584,4698280,466
7.846964584,4699258,978
7.849054342,4699740,482
7.849054342,4700702,962
7.851225360,4701200,498
7.851225360,4702146,946
7.853311838,4702660,514
7.853311838,4703590,930
7.854741252,4704120,530
7.854741252,4705034,914
7.857167386,4705580,546
7.857167386,4706478,898
7.859593520,4707040,562
7.859593520,4707922,882
7.862113994,4708500,578
7.862113994,4709366,866
7.864540528,4709960,594
7.864540528,4710810,850
7.866974124,4711420,610
7.866974124,4712254,834
7.869400258,4712880,626
7.869400258,4713698,818
7.871826392,4714340,642
7.871826392,4715142,802
7.874252526,4715800,658
7.874252526,4716586,786
7.876678660,4717260,674
7.876678660,4718030,770
7.879104794,4718720,690
7.879104794,4719474,754
7.881625268,4720180,706
7.881625268,4720918,738
7.884051402,4721640,722
7.884051402,4722362,722
7.886477536,4723100,738
7.886477536,4723806,706
7.888904070,4724560,754
7.888904070,4725250,690
7.891337666,4726020,770
7.891337666,4726694,674
7.893858140,4727480,786
7.893858140,4728138,658
7.896284274,4728940,802
7.896284274,4729582,642
7.898710408,4730400,818
7.898710408,4731026,626
7.901136542,4731860,834
7.901136542,4732470,610
7.903562676,4733320,850
7.903562676,4733914,594
7.906083150,4734780,866
7.906083150,4735358,578
7.908509284,4736240,882
7.908509284,4736802,562
7.910935818,4737700,898
7.910935818,4738246,546
7.913369414,4739160,914
7.913369414,4739690,530
7.915795548,4740620,930
7.915795548,4741134,514
7.918221682,4742080,946
7.918221682,4742578,498
7.920647816,4743540,962
7.920647816,4744022,482
7.923073950,4745000,978
7.923073950,4745466,466
7.925594424,4746460,994
7.925594424,4746910,450
7.928020558,4747920,1010
7.928020558,4748354,434
7.930446692,4749380,1026
7.930446692,4749798,418
7.932872826,4750840,1042
7.932872826,4751242,402
7.935299360,4752300,1058
7.935299360,4752686,386
7.937827296,4753760,1074
7.937827296,4754130,370
7.940253430,4755220,1090
7.940253430,4755574,354
7.942679564,4756680,1106
7.942679564,4757018,338
7.945105698,4758140,1122
7.945105698,4758462,322
7.947531832,4759600,1138
7.947531832,4759906,306
7.949957966,4761060,1154
7.949957966,4761350,290
7.954323550,4762520,1170
7.954323550,4762794,274
7.956627494,4763980,1186
7.956627494,4764238,258
7.958958523,4765440,1202
7.958958523,4765682,242
7.961208787,4766900,1218
7.961208787,4767126,226
7.963452181,4768360,1234
7.963452181,4768570,210
7.965695575,4769820,1250
7.965695575,4770014,194
7.967938969,4771280,1266
7.967938969,4771458,178
7.970269598,4772740,1282
7.970269598,4772902,162
7.972512992,4774200,1298
7.972512992,4774346,146
7.974756386,4775660,1314
7.974756386,4775790,130
7.976999780,4777120,1330
7.976999780,4777234,114
7.979243174,4778580,1346
7.979243174,4778678,98
7.981486968,4780040,1362
7.981486968,4780122,82
7.983737232,4781500,1378
7.983737232,4781566,66
7.985980546,4782960,1394
7.985980546,4783010,50
7.988309721,4784420,1410
7.988309721,4784454,34
7.990551661,4785880,1426
7.990551661,4785898,18
7.992793601,4787340,1442
7.992793601,4787342,2
7.995035621,4788794,1452
7.997279015,4788800,6
7.997279015,4790239,1439
7.999609644,4790260,21
7.999609644,4791684,1424
8.001853438,4791720,36
8.001853438,4793129,1409
8.004103702,4793180,51
8.004103702,4794574,1394
8.006347096,4794640,66
8.006347096,4796018,1378
8.008590490,4796100,82
8.008590490,4797462,1362
8.010921119,4797560,98
8.010921119,4798906,1346
8.013164513,4799020,114
8.013164513,4800350,1330
8.015407907,4800480,130
8.015407907,4801794,1314
8.017651301,4801940,146
8.017651301,4803238,1298
8.019894695,4803400,162
8.019894695,4804682,1282
8.022138089,4804860,178
8.022138089,4806126,1266
8.024381883,4806320,194
8.024381883,4807570,1250
8.026632147,4807780,210
8.026632147,4809014,1234
8.028962776,4809240,226
8.028962776,4810458,1218
8.031206170,4810700,242
8.031206170,4811902,1202
8.033449564,4812160,258
8.033449564,4813346,1186
8.035692958,4813620,274
8.035692958,4814790,1170
8.037936352,4815080,290
8.037936352,4816234,1154
8.040266981,4816540,306
8.040266981,4817678,1138
8.042510375,4818000,322
8.042510375,4819122,1122
8.044754169,4819460,338
8.044754169,4820566,1106
8.047004433,4820920,354
8.047004433,4822010,1090
8.049247827,4822380,370
8.049247827,4823454,1074
8.051491221,4823840,386
8.051491221,4824898,1058
8.053734615,4825300,402
8.053734615,4826342,1042
8.056011790,4826760,418
8.056011790,4827786,1026
8.058377513,4828220,434
8.058377513,4829230,1010
8.060654688,4829680,450
8.060654688,4830674,994
8.062931863,4831140,466
8.062931863,4832118,978
8.065209038,4832600,482
8.065209038,4833562,962
8.067486613,4834060,498
8.067486613,4835006,946
8.069859315,4835520,514
8.069859315,4836450,930
8.072136490,4836980,530
8.072136490,4837894,914
8.074413665,4838440,546
8.074413665,4839338,898
8.076690840,4839900,562
8.076690840,4840782,882
8.078968015,4841360,578
8.078968015,4842226,866
8.081245190,4842820,594
8.081245190,4843670,850
8.083522365,4844280,610
8.083522365,4845114,834
8.085888088,4845740,626
8.085888088,4846558,818
8.088165663,4847200,642
8.088165663,4848002,802
8.090449817,4848660,658
8.090449817,4849446,786
8.092726992,4850120,674
8.092726992,4850890,770
8.095004167,4851580,690
8.095004167,4852334,754
8.097281342,4853040,706
8.097281342,4853778,738
8.099647065,4854500,722
8.099647065,4855222,722
8.101924240,4855960,738
8.101924240,4856666,706
8.104201415,4857420,754
8.104201415,4858110,690
8.106478590,4858880,770
8.106478590,4859554,674
8.108755765,4860340,786
8.108755765,4860998,658
8.111128867,4861800,802
8.111128867,4862442,642
8.113406042,4863260,818
8.113406042,4863886,626
8.115683217,4864720,834
8.115683217,4865330,610
8.117960392,4866180,850
8.117960392,4866774,594
8.120237567,4867640,866
8.120237567,4868218,578
8.122514742,4869100,882
8.122514742,4869662,562
8.124791917,4870560,898
8.124791917,4871106,546
8.127069092,4872020,914
8.127069092,4872550,530
8.129434815,4873480,930
8.129434815,4873994,514
8.131712390,4874940,946
8.131712390,4875438,498
8.133996544,4876400,962
8.133996544,4876882,482
8.136273719,4877860,978
8.136273719,4878326,466
8.138550894,4879320,994
8.138550894,4879770,450
8.140916617,4880780,1010
8.140916617,4881214,434
8.143193792,4882240,1026
8.143193792,4882658,418
8.145470967,4883700,1042
8.145470967,4884102,402
8.147748142,4885160,1058
8.147748142,4885546,386
8.150025317,4886620,1074
8.150025317,4886990,370
8.152302492,4888080,1090
8.152302492,4888434,354
8.154580067,4889540,1106
8.154580067,4889878,338
8.156763083,4891000,1122
8.156763083,4891322,322
8.158939447,4892460,1138
8.158939447,4892766,306
8.161200439,4893920,1154
8.161200439,4894210,290
8.163376803,4895380,1170
8.163376803,4895654,274
8.165553167,4896840,1186
8.165553167,4897098,258
8.167729531,4898300,1202
8.167729531,4898542,242
8.169905895,4899760,1218
8.169905895,4899986,226
8.172166887,4901220,1234
8.172166887,4901430,210
8.174343651,4902680,1250
8.174343651,4902874,194
8.176526667,4904140,1266
8.176526667,4904318,178
8.178703031,4905600,1282
8.178703031,4905762,162
8.180879395,4907060,1298
8.180879395,4907206,146
8.183055759,4908520,1314
8.183055759,4908650,130
8.185232123,4909980,1330
8.185232123,4910094,114
8.187493115,4911440,1346
8.187493115,4911538,98
8.189669479,4912900,1362
8.189669479,4912982,82
8.191845843,4914360,1378
8.191845843,4914426,66
8.194022127,4915820,1394
8.194022127,4915870,50
8.196197481,4917280,1410
8.196197481,4917314,34
8.198379087,4918740,1426
8.198379087,4918758,18
8.200638669,4920200,1442
8.200638669,4920202,2
8.202813703,4921654,1452
8.204990067,4921660,6
8.204990067,4923099,1439
8.207166431,4923120,21
8.207166431,4924544,1424
8.209342795,4924580,36
8.209342795,4925989,1409
8.211603787,4926040,51
8.211603787,4927434,1394
8.213780151,4927500,66
8.213780151,4928878,1378
8.215956915,4928960,82
8.215956915,4930322,1362
8.218139931,4930420,98
8.218139931,4931766,1346
8.220316295,4931880,114
8.220316295,4933210,1330
8.222492659,4933340,130
8.222492659,4934654,1314
8.224669023,4934800,146
8.224669023,4936098,1298
8.226845387,4936260,162
8.226845387,4937542,1282
8.229106379,4937720,178
8.229106379,4938986,1266
8.231282743,4939180,194
8.231282743,4940430,1250
8.233459107,4940640,210
8.233459107,4941874,1234
8.235635471,4942100,226
8.235635471,4943318,1218
8.237812235,4943560,242
8.237812235,4944762,1202
8.240079879,4945020,258
8.240079879,4946206,1186
8.242256243,4946480,274
8.242256243,4947650,1170
8.244432607,4947940,290
8.244432607,4949094,1154
8.246608971,4949400,306
8.246608971,4950538,1138
8.248785335,4950860,322
8.248785335,4951982,1122
8.250961699,4952320,338
8.250961699,4953426,1106
8.253134783,4953780,354
8.253134783,4954870,1090
8.254287553,4955240,370
8.254287553,4956314,1074
8.256521026,4956700,386
8.256521026,4957758,1058
8.258677081,4958160,402
8.258677081,4959202,1042
8.260826571,4959620,418
8.260826571,4960646,1026
8.262976061,4961080,434
8.262976061,4962090,1010
8.265125551,4962540,450
8.265125551,4963534,994
8.267358624,4964000,466
8.267358624,4964978,978
8.269508114,4965460,482
8.269508114,4966422,962
8.271657604,4966920,498
8.271657604,4967866,946
8.273807094,4968380,514
8.273807094,4969310,930
8.275956584,4969840,530
8.275956584,4970754,914
8.278196622,4971300,546
8.278196622,4972198,898
8.280346112,4972760,562
8.280346112,4973642,882
8.282495602,4974220,578
8.282495602,4975086,866
8.284645092,4975680,594
8.284645092,4976530,850
8.286794582,4977140,610
8.286794582,4977974,834
8.288944072,4978600,626
8.288944072,4979418,818
8.291093562,4980060,642
8.291093562,4980862,802
8.293243052,4981520,658
8.293243052,4982306,786
8.295476125,4982980,674
8.295476125,4983750,770
8.297626015,4984440,690
8.297626015,4985194,754
8.299782070,4985900,706
8.299782070,4986638,738
8.301931560,4987360,722
8.301931560,4988082,722
8.304081050,4988820,738
8.304081050,4989526,706
8.306314123,4990280,754
8.306314123,4990970,690
8.308463613,4991740,770
8.308463613,4992414,674
8.310613103,4993200,786
8.310613103,4993858,658
8.312762593,4994660,802
8.312762593,4995302,642
8.314912083,4996120,818
8.314912083,4996746,626
8.317061573,4997580,834
8.317061573,4998190,610
8.319211463,4999040,850
8.319211463,4999634,594
8.321367518,5000500,866
8.321367518,5001078,578
8.323600591,5001960,882
8.323600591,5002522,562
8.325750081,5003420,898
8.325750081,5003966,546
8.327899571,5004880,914
8.327899571,5005410,530
8.330049061,5006340,930
8.330049061,5006854,514
8.332198551,5007800,946
8.332198551,5008298,498
8.334431624,5009260,962
8.334431624,5009742,482
8.336581114,5010720,978
8.336581114,5011186,466
8.338731004,5012180,994
8.338731004,5012630,450
8.340887059,5013640,1010
8.340887059,5014074,434
8.343036549,5015100,1026
8.343036549,5015518,418
8.345186039,5016560,1042
8.345186039,5016962,402
8.347335529,5018020,1058
8.347335529,5018406,386
8.349485019,5019480,1074
8.349485019,5019850,370
8.351718092,5020940,1090
8.351718092,5021294,354
8.353864302,5022400,1106
8.353864302,5022738,338
8.355262319,5023860,1122
8.355262319,5024182,322
8.357657056,5025320,1138
8.357657056,5025626,306
8.360052193,5026780,1154
8.360052193,5027070,290
8.362547410,5028240,1170
8.362547410,5028514,274
8.364942147,5029700,1186
8.364942147,5029958,258
8.367336884,5031160,1202
8.367336884,5031402,242
8.369731621,5032620,1218
8.369731621,5032846,226
8.372126358,5034080,1234
8.372126358,5034290,210
8.374614215,5035540,1250
8.374614215,5035734,194
8.377008952,5037000,1266
8.377008952,5037178,178
8.379403689,5038460,1282
8.379403689,5038622,162
8.381798826,5039920,1298
8.381798826,5040066,146
8.384200923,5041380,1314
8.384200923,5041510,130
8.386595660,5042840,1330
8.386595660,5042954,114
8.388990397,5044300,1346
8.388990397,5044398,98
8.391385134,5045760,1362
8.391385134,5045842,82
8.393872991,5047220,1378
8.393872991,5047286,66
8.396267648,5048680,1394
8.396267648,5048730,50
8.398660833,5050140,1410
8.398660833,5050174,34
8.401054018,5051600,1426
8.401054018,5051618,18
8.403447203,5053060,1442
8.403447203,5053062,2
8.405941348,5054514,1452
8.408336085,5054520,6
8.408336085,5055959,1439
8.410730822,5055980,21
8.410730822,5057404,1424
8.413125559,5057440,36
8.413125559,5058849,1409
8.415520296,5058900,51
8.415520296,5060294,1394
8.417915033,5060360,66
8.417915033,5061738,1378
8.420309770,5061820,82
8.420309770,5063182,1362
8.422704507,5063280,98
8.422704507,5064626,1346
8.425192364,5064740,114
8.425192364,5066070,1330
8.427587501,5066200,130
8.427587501,5067514,1314
8.429989598,5067660,146
8.429989598,5068958,1298
8.432384335,5069120,162
8.432384335,5070402,1282
8.434779072,5070580,178
8.434779072,5071846,1266
8.437266929,5072040,194
8.437266929,5073290,1250
8.439661666,5073500,210
8.439661666,5074734,1234
8.442056403,5074960,226
8.442056403,5076178,1218
8.444451140,5076420,242
8.444451140,5077622,1202
8.446845877,5077880,258
8.446845877,5079066,1186
8.449240614,5079340,274
8.449240614,5080510,1170
8.452585051,5080800,290
8.452585051,5081954,1154
8.454972855,5082260,306
8.454972855,5083398,1138
8.457393409,5083720,322
8.457393409,5084842,1122
8.459723363,5085180,338
8.459723363,5086286,1106
8.462053317,5086640,354
8.462053317,5087730,1090
8.464383271,5088100,370
8.464383271,5089174,1074
8.466713225,5089560,386
8.466713225,5090618,1058
8.469133779,5091020,402
8.469133779,5092062,1042
8.471463733,5092480,418
8.471463733,5093506,1026
8.473794087,5093940,434
8.473794087,5094950,1010
8.476131191,5095400,450
8.476131191,5096394,994
8.478461145,5096860,466
8.478461145,5097838,978
8.480881699,5098320,482
8.480881699,5099282,962
8.483211653,5099780,498
8.483211653,5100726,946
8.485541607,5101240,514
8.485541607,5102170,930
8.487871561,5102700,530
8.487871561,5103614,914
8.490201515,5104160,546
8.490201515,5105058,898
8.492531469,5105620,562
8.492531469,5106502,882
8.494861423,5107080,578
8.494861423,5107946,866
8.497191777,5108540,594
8.497191777,5109390,850
8.499619481,5110000,610
8.499619481,5110834,834
8.501949435,5111460,626
8.501949435,5112278,818
8.504279389,5112920,642
8.504279389,5113722,802
8.506609343,5114380,658
8.506609343,5115166,786
8.508939297,5115840,674
8.508939297,5116610,770
8.511359851,5117300,690
8.511359851,5118054,754
8.513689805,5118760,706
8.513689805,5119498,738
8.516019759,5120220,722
8.516019759,5120942,722
8.518350113,5121680,738
8.518350113,5122386,706
8.520687217,5123140,754
8.520687217,5123830,690
8.523017171,5124600,770
8.523017171,5125274,674
8.525347125,5126060,786
8.525347125,5126718,658
8.527677079,5127520,802
8.527677079,5128162,642
8.530097633,5128980,818
8.530097633,5129606,626
8.532427587,5130440,834
8.532427587,5131050,610
8.534757541,5131900,850
8.534757541,5132494,594
8.537087495,5133360,866
8.537087495,5133938,578
8.539417449,5134820,882
8.539417449,5135382,562
8.541845554,5136280,898
8.541845554,5136826,546
8.544175508,5137740,914
8.544175508,5138270,530
8.546505462,5139200,930
8.546505462,5139714,514
8.548835416,5140660,946
8.548835416,5141158,498
8.551165370,5142120,962
8.551165370,5142602,482
8.553585924,5143580,978
8.553585924,5144046,466
8.555906921,5145040,994
8.555906921,5145490,450
8.558227918,5146500,1010
8.558227918,5146934,434
8.560548915,5147960,1026
8.560548915,5148378,418
8.562870312,5149420,1042
8.562870312,5149822,402
8.565198430,5150880,1058
8.565198430,5151266,386
8.567519427,5152340,1074
8.567519427,5152710,370
8.569840424,5153800,1090
8.569840424,5154154,354
8.572251673,5155260,1106
8.572251673,5155598,338
8.574572670,5156720,1122
8.574572670,5157042,322
8.576893667,5158180,1138
8.576893667,5158486,306
8.579214664,5159640,1154
8.579214664,5159930,290
8.581535661,5161100,1170
8.581535661,5161374,274
8.583947310,5162560,1186
8.583947310,5162818,258
8.586275428,5164020,1202
8.586275428,5164262,242
8.588596425,5165480,1218
8.588596425,5165706,226
8.590917422,5166940,1234
8.590917422,5167150,210
8.593238419,5168400,1250
8.593238419,5168594,194
8.595559416,5169860,1266
8.595559416,5170038,178
8.597880413,5171320,1282
8.597880413,5171482,162
8.600201410,5172780,1298
8.600201410,5172926,146
8.602612659,5174240,1314
8.602612659,5174370,130
8.604933656,5175700,1330
8.604933656,5175814,114
8.607255053,5177160,1346
8.607255053,5177258,98
8.609583171,5178620,1362
8.609583171,5178702,82
8.611904168,5180080,1378
8.611904168,5180146,66
8.614315337,5181540,1394
8.614315337,5181590,50
8.616634830,5183000,1410
8.616634830,5183034,34
8.618954323,5184460,1426
8.618954323,5184478,18
8.621273816,5185920,1442
8.621273816,5185922,2
8.623593389,5187374,1452
8.625914386,5187380,6
8.625914386,5188819,1439
8.628235383,5188840,21
8.628235383,5190264,1424
8.630556780,5190300,36
8.630556780,5191709,1409
8.632975150,5191760,51
8.632975150,5193154,1394
8.635296147,5193220,66
8.635296147,5194598,1378
8.637617144,5194680,82
8.637617144,5196042,1362
8.639938141,5196140,98
8.639938141,5197486,1346
8.642259138,5197600,114
8.642259138,5198930,1330
8.644580135,5199060,130
8.644580135,5200374,1314
8.646991384,5200520,146
8.646991384,5201818,1298
8.649312381,5201980,162
8.649312381,5203262,1282
8.651633778,5203440,178
8.651633778,5204706,1266
8.653958616,5204900,194
8.653958616,5206150,1250
8.655085844,5206360,210
8.655085844,5207594,1234
8.657292382,5207820,226
8.657292382,5209038,1218
8.659416330,5209280,242
8.659416330,5210482,1202
8.661540278,5210740,258
8.661540278,5211926,1186
8.663664226,5212200,274
8.663664226,5213370,1170
8.665788174,5213660,290
8.665788174,5214814,1154
8.667912122,5215120,306
8.667912122,5216258,1138
8.670036070,5216580,322
8.670036070,5217702,1122
8.672160418,5218040,338
8.672160418,5219146,1106
8.674373439,5219500,354
8.674373439,5220590,1090
8.676497387,5220960,370
8.676497387,5222034,1074
8.678621335,5222420,386
8.678621335,5223478,1058
8.680745283,5223880,402
8.680745283,5224922,1042
8.682869231,5225340,418
8.682869231,5226366,1026
8.685075769,5226800,434
8.685075769,5227810,1010
8.687199717,5228260,450
8.687199717,5229254,994
8.689323665,5229720,466
8.689323665,5230698,978
8.691448013,5231180,482
8.691448013,5232142,962
8.693578444,5232640,498
8.693578444,5233586,946
8.695702392,5234100,514
8.695702392,5235030,930
8.697826340,5235560,530
8.697826340,5236474,914
8.699950288,5237020,546
8.699950288,5237918,898
8.702156826,5238480,562
8.702156826,5239362,882
8.704280774,5239940,578
8.704280774,5240806,866
8.706404722,5241400,594
8.706404722,5242250,850
8.707239295,5242800,550
