elapsed_s,rx_app,packet_bytes
0.166016082,1456,1456
0.168468882,1460,4
0.168468882,2905,1445
0.172091282,2920,15
0.172091282,4354,1434
0.182091282,4380,26
0.182091282,5803,1423
0.275838163,5840,37
0.275838163,7252,1412
0.278302163,7300,48
0.278302163,8701,1401
0.280766163,8760,59
0.280766163,10150,1390
0.283230163,10220,70
0.283230163,11598,1378
0.285694163,11680,82
0.285694163,13046,1366
0.288158163,13140,94
0.288158163,14494,1354
0.295839922,14600,106
0.295839922,15942,1342
0.298304322,16060,118
0.298304322,17390,1330
0.386513204,17520,130
0.386513204,18834,1314
0.388980404,18980,146
0.388980404,20278,1298
0.391447604,20440,162
0.391447604,21722,1282
0.393914804,21900,178
0.393914804,23166,1266
0.396382004,23360,194
0.396382004,24610,1250
0.398849204,24820,210
0.398849204,26054,1234
0.401316244,26280,226
0.401316244,27498,1218
0.403780244,27740,242
0.403780244,28942,1202
0.406244244,29200,258
0.406244244,30386,1186
0.408708644,30660,274
0.408708644,31830,1170
0.411180244,32120,290
0.411180244,33274,1154
0.413644244,33580,306
0.413644244,34718,1138
0.416199444,35040,322
0.416199444,36162,1122
0.418663444,36500,338
0.418663444,37606,1106
0.421127444,37960,354
0.421127444,39050,1090
0.423591444,39420,370
0.423591444,40494,1074
0.498203445,40880,386
0.498203445,41938,1058
0.500671045,42340,402
0.500671045,43382,1042
0.503145845,43800,418
0.503145845,44826,1026
0.505613045,45260,434
0.505613045,46270,1010
0.508080245,46720,450
0.508080245,47714,994
0.510547445,48180,466
0.510547445,49158,978
0.513014485,49640,482
0.513014485,50602,962
0.515478485,51100,498
0.515478485,52046,946
0.517942485,52560,514
0.517942485,53490,930
0.520406485,54020,530
0.520406485,54934,914
0.522870485,55480,546
0.522870485,56378,898
0.525334485,56940,562
0.525334485,57822,882
0.527798885,58400,578
0.527798885,59266,866
0.530270485,59860,594
0.530270485,60710,850
0.532734485,61320,610
0.532734485,62154,834
0.535198485,62780,626
0.535198485,63598,818
0.537662485,64240,642
0.537662485,65042,802
0.540126485,65700,658
0.540126485,66486,786
0.542681685,67160,674
0.542681685,67930,770
0.545145685,68620,690
0.545145685,69374,754
0.547609685,70080,706
0.547609685,70818,738
0.550073685,71540,722
0.550073685,72262,722
0.555486725,73000,738
0.555486725,73706,706
0.558009685,74460,754
0.558009685,75150,690
0.560473685,75920,770
0.560473685,76594,674
0.562937685,77380,786
0.562937685,78038,658
0.565401685,78840,802
0.565401685,79482,642
0.567865685,80300,818
0.567865685,80926,626
0.570420885,81760,834
0.570420885,82370,610
0.572884885,83220,850
0.572884885,83814,594
0.575348885,84680,866
0.575348885,85258,578
0.577812885,86140,882
0.577812885,86702,562
0.613892726,87600,898
0.613892726,88146,546
0.616356726,89060,914
0.616356726,89590,530
0.618820726,90520,930
0.618820726,91034,514
0.621284726,91980,946
0.621284726,92478,498
0.623748726,93440,962
0.623748726,93922,482
0.626212726,94900,978
0.626212726,95366,466
0.628767926,96360,994
0.628767926,96810,450
0.631231926,97820,1010
0.631231926,98254,434
0.633695926,99280,1026
0.633695926,99698,418
0.636160326,100740,1042
0.636160326,101142,402
0.638631926,102200,1058
0.638631926,102586,386
0.641095926,103660,1074
0.641095926,104030,370
0.643559926,105120,1090
0.643559926,105474,354
0.646023926,106580,1106
0.646023926,106918,338
0.648487926,108040,1122
0.648487926,108362,322
0.650951926,109500,1138
0.650951926,109806,306
0.653415926,110960,1154
0.653415926,111250,290
0.655876886,112420,1170
0.655876886,112694,274
0.657435126,113880,1186
0.657435126,114138,258
0.659899526,115340,1202
0.659899526,115582,242
0.662371126,116800,1218
0.662371126,117026,226
0.664835126,118260,1234
0.664835126,118470,210
0.667299126,119720,1250
0.667299126,119914,194
0.669763126,121180,1266
0.669763126,121358,178
0.672227126,122640,1282
0.672227126,122802,162
0.674691126,124100,1298
0.674691126,124246,146
0.677155126,125560,1314
0.677155126,125690,130
0.679619126,127020,1330
0.679619126,127134,114
0.682083126,128480,1346
0.682083126,128578,98
0.684547126,129940,1362
0.684547126,130022,82
0.687110326,131400,1378
0.687110326,131466,66
0.689574246,132860,1394
0.689574246,132910,50
0.692036646,134320,1410
0.692036646,134354,34
0.694499046,135780,1426
0.694499046,135798,18
0.696961446,137240,1442
0.696961446,137242,2
0.699423926,138694,1452
0.701887926,138700,6
0.701887926,140139,1439
0.704351926,140160,21
0.704351926,141584,1424
0.706815926,141620,36
0.706815926,143029,1409
0.709279926,143080,51
0.709279926,144474,1394
0.711744326,144540,66
0.711744326,145918,1378
0.714215926,146000,82
0.714215926,147362,1362
0.716679926,147460,98
0.716679926,148806,1346
0.719143926,148920,114
0.719143926,150250,1330
0.721607926,150380,130
0.721607926,151694,1314
0.724071926,151840,146
0.724071926,153138,1298
0.726627126,153300,162
0.726627126,154582,1282
0.729091126,154760,178
0.729091126,156026,1266
0.731555126,156220,194
0.731555126,157470,1250
0.734019126,157680,210
0.734019126,158914,1234
0.736483526,159140,226
0.736483526,160358,1218
0.738955126,160600,242
0.738955126,161802,1202
0.741419126,162060,258
0.741419126,163246,1186
0.743883126,163520,274
0.743883126,164690,1170
0.746347126,164980,290
0.746347126,166134,1154
0.748811126,166440,306
0.748811126,167578,1138
0.751366326,167900,322
0.751366326,169022,1122
0.753830326,169360,338
0.753830326,170466,1106
0.756294326,170820,354
0.756294326,171910,1090
0.758758326,172280,370
0.758758326,173354,1074
0.761222726,173740,386
0.761222726,174798,1058
0.763694326,175200,402
0.763694326,176242,1042
0.766158326,176660,418
0.766158326,177686,1026
0.768622326,178120,434
0.768622326,179130,1010
0.771177526,179580,450
0.771177526,180574,994
0.773641526,181040,466
0.773641526,182018,978
0.776105526,182500,482
0.776105526,183462,962
0.778569526,183960,498
0.778569526,184906,946
0.781033526,185420,514
0.781033526,186350,930
0.783497526,186880,530
0.783497526,187794,914
0.786060726,188340,546
0.786060726,189238,898
0.788524726,189800,562
0.788524726,190682,882
0.790988726,191260,578
0.790988726,192126,866
0.793452726,192720,594
0.793452726,193570,850
0.795916726,194180,610
0.795916726,195014,834
0.798380726,195640,626
0.798380726,196458,818
0.800844726,197100,642
0.800844726,197902,802
0.803308726,198560,658
0.803308726,199346,786
0.805772726,200020,674
0.805772726,200790,770
0.808236726,201480,690
0.808236726,202234,754
0.810701126,202940,706
0.810701126,203678,738
0.813172726,204400,722
0.813172726,205122,722
0.815636726,205860,738
0.815636726,206566,706
0.818100726,207320,754
0.818100726,208010,690
0.820564726,208780,770
0.820564726,209454,674
0.823028726,210240,786
0.823028726,210898,658
0.825583926,211700,802
0.825583926,212342,642
0.828047926,213160,818
0.828047926,213786,626
0.830511926,214620,834
0.830511926,215230,610
0.832975926,216080,850
0.832975926,216674,594
0.835440326,217540,866
0.835440326,218118,578
0.837911926,219000,882
0.837911926,219562,562
0.840375926,220460,898
0.840375926,221006,546
0.842839926,221920,914
0.842839926,222450,530
0.845303926,223380,930
0.845303926,223894,514
0.847767926,224840,946
0.847767926,225338,498
0.850231926,226300,962
0.850231926,226782,482
0.852695926,227760,978
0.852695926,228226,466
0.856191766,229220,994
0.856191766,229670,450
0.858715126,230680,1010
0.858715126,231114,434
0.861179526,232140,1026
0.861179526,232558,418
0.863651126,233600,1042
0.863651126,234002,402
0.866115126,235060,1058
0.866115126,235446,386
0.868579126,236520,1074
0.868579126,236890,370
0.871043126,237980,1090
0.871043126,238334,354
0.873507126,239440,1106
0.873507126,239778,338
0.875971126,240900,1122
0.875971126,241222,322
0.878435126,242360,1138
0.878435126,242666,306
0.880899126,243820,1154
0.880899126,244110,290
0.883363126,245280,1170
0.883363126,245554,274
0.885827126,246740,1186
0.885827126,246998,258
0.888291526,248200,1202
0.888291526,248442,242
0.890763126,249660,1218
0.890763126,249886,226
0.893227126,251120,1234
0.893227126,251330,210
0.895782326,252580,1250
0.895782326,252774,194
0.898246326,254040,1266
0.898246326,254218,178
0.900710326,255500,1282
0.900710326,255662,162
0.903174326,256960,1298
0.903174326,257106,146
0.905638326,258420,1314
0.905638326,258550,130
0.908102326,259880,1330
0.908102326,259994,114
0.910566326,261340,1346
0.910566326,261438,98
0.913030726,262800,1362
0.913030726,262882,82
0.915619286,264260,1378
0.915619286,264326,66
0.918022486,265720,1394
0.918022486,265770,50
0.921249686,267180,1410
0.921249686,267214,34
0.925006486,268640,1426
0.925006486,268658,18
0.928830486,270100,1442
0.928830486,270102,2
0.932963286,271554,1452
1.397758486,271560,6
1.397758486,392854,121294
1.403440406,394200,1346
1.403440406,394298,98
1.403440406,395660,1362
1.403440406,405859,10199
1.406010486,405880,21
1.406010486,550274,144394
1.633019286,550420,146
1.633019286,661462,111042
1.834688086,662840,1378
1.834688086,735118,72278
1.840244086,735840,722
1.840244086,802994,67154
1.842726566,803000,6
1.842726566,804439,1439
1.845195366,804460,21
1.845195366,805884,1424
1.847664166,805920,36
1.847664166,807329,1409
1.850133366,807380,51
1.850133366,808774,1394
1.853555206,808840,66
1.853555206,810218,1378
1.856078566,810300,82
1.856078566,811662,1362
1.858643366,811760,98
1.858643366,813106,1346
1.861112166,813220,114
1.861112166,814550,1330
1.863580966,814680,130
1.863580966,815994,1314
1.866049766,816140,146
1.866049766,817438,1298
1.868518566,817600,162
1.868518566,818882,1282
1.870987366,819060,178
1.870987366,820326,1266
1.873456166,820520,194
1.873456166,821770,1250
1.875925366,821980,210
1.875925366,823214,1234
1.878497766,823440,226
1.878497766,824658,1218
1.880966566,824900,242
1.880966566,826102,1202
1.883435366,826360,258
1.883435366,827546,1186
1.885904166,827820,274
1.885904166,828990,1170
1.888372966,829280,290
1.888372966,830434,1154
1.890841766,830740,306
1.890841766,831878,1138
1.893310566,832200,322
1.893310566,833322,1122
1.895779366,833660,338
1.895779366,834766,1106
1.898344566,835120,354
1.898344566,836210,1090
1.900820966,836580,370
1.900820966,837654,1074
1.903289766,838040,386
1.903289766,839098,1058
1.905758566,839500,402
1.905758566,840542,1042
1.908227366,840960,418
1.908227366,841986,1026
1.910696166,842420,434
1.910696166,843430,1010
1.913164966,843880,450
1.913164966,844874,994
1.915633766,845340,466
1.915633766,846318,978
1.918198566,846800,482
1.918198566,847762,962
1.920667366,848260,498
1.920667366,849206,946
1.923136566,849720,514
1.923136566,850650,930
1.925612966,851180,530
1.925612966,852094,914
1.928081766,852640,546
1.928081766,853538,898
1.930550566,854100,562
1.930550566,854982,882
1.933019366,855560,578
1.933019366,856426,866
1.935488166,857020,594
1.935488166,857870,850
1.938052966,858480,610
1.938052966,859314,834
1.940521766,859940,626
1.940521766,860758,818
1.942990566,861400,642
1.942990566,862202,802
1.945459366,862860,658
1.945459366,863646,786
1.947928566,864320,674
1.947928566,865090,770
1.950500966,865780,690
1.950500966,866534,754
1.952969766,867240,706
1.952969766,867978,738
1.955435286,868700,722
1.955435286,870866,2166
1.957472166,871620,754
1.957472166,872310,690
1.960036966,873080,770
1.960036966,873754,674
1.962505766,874540,786
1.962505766,875198,658
1.964974966,876000,802
1.964974966,876642,642
1.967451366,877460,818
1.967451366,878086,626
1.969920166,878920,834
1.969920166,879530,610
1.972388966,880380,850
1.972388966,880974,594
1.974857766,881840,866
1.974857766,882418,578
1.977326566,883300,882
1.977326566,883862,562
1.979891366,884760,898
1.979891366,885306,546
1.982360166,886220,914
1.982360166,886750,530
1.984828966,887680,930
1.984828966,888194,514
1.987297766,889140,946
1.987297766,889638,498
1.989766966,890600,962
1.989766966,891082,482
1.992243366,892060,978
1.992243366,892526,466
1.994808166,893520,994
1.994808166,893970,450
1.997276966,894980,1010
1.997276966,895414,434
1.999745766,896440,1026
1.999745766,896858,418
2.002214566,897900,1042
2.002214566,898302,402
2.004683366,899360,1058
2.004683366,899746,386
2.007248166,900820,1074
2.007248166,901190,370
2.009716966,902280,1090
2.009716966,902634,354
2.012186166,903740,1106
2.012186166,904078,338
2.014662566,905200,1122
2.014662566,905522,322
2.017131366,906660,1138
2.017131366,906966,306
2.019600166,908120,1154
2.019600166,908410,290
2.022068966,909580,1170
2.022068966,909854,274
2.024537766,911040,1186
2.024537766,911298,258
2.027102566,912500,1202
2.027102566,912742,242
2.029571366,913960,1218
2.029571366,914186,226
2.032040166,915420,1234
2.032040166,915630,210
2.034508966,916880,1250
2.034508966,917074,194
2.036978166,918340,1266
2.036978166,918518,178
2.039550566,919800,1282
2.039550566,919962,162
2.042019366,921260,1298
2.042019366,921406,146
2.044488166,922720,1314
2.044488166,922850,130
2.046956966,924180,1330
2.046956966,924294,114
2.049425766,925640,1346
2.049425766,925738,98
2.055840006,927100,1362
2.055840006,927182,82
2.058363366,928560,1378
2.058363366,928626,66
2.060832086,930020,1394
2.060832086,930070,50
2.063395686,931480,1410
2.063395686,931514,34
2.065870486,932940,1426
2.065870486,932958,18
2.068337686,934400,1442
2.068337686,934402,2
2.070804966,935854,1452
2.073369766,935860,6
2.073369766,937299,1439
2.075838566,937320,21
2.075838566,938744,1424
2.078307366,938780,36
2.078307366,940189,1409
2.080776166,940240,51
2.080776166,941634,1394
2.083244966,941700,66
2.083244966,943078,1378
2.085713766,943160,82
2.085713766,944522,1362
2.088182966,944620,98
2.088182966,945966,1346
2.090659366,946080,114
2.090659366,947410,1330
2.093224166,947540,130
2.093224166,948854,1314
2.095692966,949000,146
2.095692966,950298,1298
2.098161766,950460,162
2.098161766,951742,1282
2.100630566,951920,178
2.100630566,953186,1266
2.103099366,953380,194
2.103099366,954630,1250
2.105664166,954840,210
2.105664166,956074,1234
2.108132966,956300,226
2.108132966,957518,1218
2.110602166,957760,242
2.110602166,958962,1202
2.113078566,959220,258
2.113078566,960406,1186
2.115547366,960680,274
2.115547366,961850,1170
2.118112166,962140,290
2.118112166,963294,1154
2.120580966,963600,306
2.120580966,964738,1138
2.123049766,965060,322
2.123049766,966182,1122
2.125518566,966520,338
2.125518566,967626,1106
2.127987366,967980,354
2.127987366,969070,1090
2.130456166,969440,370
2.130456166,970514,1074
2.132924966,970900,386
2.132924966,971958,1058
2.135394166,972360,402
2.135394166,973402,1042
2.137966566,973820,418
2.137966566,974846,1026
2.140435366,975280,434
2.140435366,976290,1010
2.142904166,976740,450
2.142904166,977734,994
2.145372966,978200,466
2.145372966,979178,978
2.147841766,979660,482
2.147841766,980622,962
2.150406566,981120,498
2.150406566,982066,946
2.152875366,982580,514
2.152875366,983510,930
2.155340886,984040,530
2.155340886,984954,914
2.156813366,985500,546
2.156813366,986398,898
2.159289766,986960,562
2.159289766,987842,882
2.161758566,988420,578
2.161758566,989286,866
2.164227366,989880,594
2.164227366,990730,850
2.166696166,991340,610
2.166696166,992174,834
2.169260966,992800,626
2.169260966,993618,818
2.171729766,994260,642
2.171729766,995062,802
2.174198566,995720,658
2.174198566,996506,786
2.176667366,997180,674
2.176667366,997950,770
2.179136166,998640,690
2.179136166,999394,754
2.181708966,1000100,706
2.181708966,1000838,738
2.184177766,1001560,722
2.184177766,1002282,722
2.186646566,1003020,738
2.186646566,1003726,706
2.189115366,1004480,754
2.189115366,1005170,690
2.191584166,1005940,770
2.191584166,1006614,674
2.194052966,1007400,786
2.194052966,1008058,658
2.196521766,1008860,802
2.196521766,1009502,642
2.198990566,1010320,818
2.198990566,1010946,626
2.201459366,1011780,834
2.201459366,1012390,610
2.204024566,1013240,850
2.204024566,1013834,594
2.206500966,1014700,866
2.206500966,1015278,578
2.208969766,1016160,882
2.208969766,1016722,562
2.211438566,1017620,898
2.211438566,1018166,546
2.213907366,1019080,914
2.213907366,1019610,530
2.216472166,1020540,930
2.216472166,1021054,514
2.218940966,1022000,946
2.218940966,1022498,498
2.221409766,1023460,962
2.221409766,1023942,482
2.223878566,1024920,978
2.223878566,1025386,466
2.226347366,1026380,994
2.226347366,1026830,450
2.228920166,1027840,1010
2.228920166,1028274,434
2.231388966,1029300,1026
2.231388966,1029718,418
2.233857766,1030760,1042
2.233857766,1031162,402
2.236326566,1032220,1058
2.236326566,1032606,386
2.238795366,1033680,1074
2.238795366,1034050,370
2.241264166,1035140,1090
2.241264166,1035494,354
2.243732966,1036600,1106
2.243732966,1036938,338
2.246201766,1038060,1122
2.246201766,1038382,322
2.248766566,1039520,1138
2.248766566,1039826,306
2.251235766,1040980,1154
2.251235766,1041270,290
2.253708886,1042440,1170
2.253708886,1042714,274
2.255180966,1043900,1186
2.255180966,1044158,258
2.257649766,1045360,1202
2.257649766,1045602,242
2.260214566,1046820,1218
2.260214566,1047046,226
2.262683366,1048280,1234
2.262683366,1048490,210
2.265152166,1049740,1250
2.265152166,1049934,194
2.267620966,1051200,1266
2.267620966,1051378,178
2.270089766,1052660,1282
2.270089766,1052822,162
2.272558566,1054120,1298
2.272558566,1054266,146
2.275027766,1055580,1314
2.275027766,1055710,130
2.277504166,1057040,1330
2.277504166,1057154,114
2.280068966,1058500,1346
2.280068966,1058598,98
2.282537766,1059960,1362
2.282537766,1060042,82
2.285006566,1061420,1378
2.285006566,1061486,66
2.287475286,1062880,1394
2.287475286,1062930,50
2.289942486,1064340,1410
2.289942486,1064374,34
2.292505686,1065800,1426
2.292505686,1065818,18
2.294972886,1067260,1442
2.294972886,1067262,2
2.297440566,1068714,1452
2.299916966,1068720,6
2.299916966,1070159,1439
2.302385766,1070180,21
2.302385766,1071604,1424
2.304854566,1071640,36
2.304854566,1073049,1409
2.307323366,1073100,51
2.307323366,1074494,1394
2.309792166,1074560,66
2.309792166,1075938,1378
2.312356966,1076020,82
2.312356966,1077382,1362
2.314825766,1077480,98
2.314825766,1078826,1346
2.317294566,1078940,114
2.317294566,1080270,1330
2.319763366,1080400,130
2.319763366,1081714,1314
2.322232566,1081860,146
2.322232566,1083158,1298
2.324804966,1083320,162
2.324804966,1084602,1282
2.327273766,1084780,178
2.327273766,1086046,1266
2.329742566,1086240,194
2.329742566,1087490,1250
2.332211366,1087700,210
2.332211366,1088934,1234
2.334680166,1089160,226
2.334680166,1090378,1218
2.337244966,1090620,242
2.337244966,1091822,1202
2.339713766,1092080,258
2.339713766,1093266,1186
2.342182566,1093540,274
2.342182566,1094710,1170
2.344651766,1095000,290
2.344651766,1096154,1154
2.347128166,1096460,306
2.347128166,1097598,1138
2.349596966,1097920,322
2.349596966,1099042,1122
2.352065766,1099380,338
2.352065766,1100486,1106
2.355534566,1100840,354
2.355534566,1101930,1090
2.358099366,1102300,370
2.358099366,1103374,1074
2.360568166,1103760,386
2.360568166,1104818,1058
2.363036966,1105220,402
2.363036966,1106262,1042
2.365505766,1106680,418
2.365505766,1107706,1026
2.367974566,1108140,434
2.367974566,1109150,1010
2.370547366,1109600,450
2.370547366,1110594,994
2.373016166,1111060,466
2.373016166,1112038,978
2.375484966,1112520,482
2.375484966,1113482,962
2.377953766,1113980,498
2.377953766,1114926,946
2.380422566,1115440,514
2.380422566,1116370,930
2.382891366,1116900,530
2.382891366,1117814,914
2.385360166,1118360,546
2.385360166,1119258,898
2.387828966,1119820,562
2.387828966,1120702,882
2.390393766,1121280,578
2.390393766,1122146,866
2.392862966,1122740,594
2.392862966,1123590,850
2.395339366,1124200,610
2.395339366,1125034,834
2.397808166,1125660,626
2.397808166,1126478,818
2.400276966,1127120,642
2.400276966,1127922,802
2.402841766,1128580,658
2.402841766,1129366,786
2.405310566,1130040,674
2.405310566,1130810,770
2.407779366,1131500,690
2.407779366,1132254,754
2.410248166,1132960,706
2.410248166,1133698,738
2.412716966,1134420,722
2.412716966,1135142,722
2.415185766,1135880,738
2.415185766,1136586,706
2.417654966,1137340,754
2.417654966,1138030,690
2.420131366,1138800,770
2.420131366,1139474,674
2.422696166,1140260,786
2.422696166,1140918,658
2.425164966,1141720,802
2.425164966,1142362,642
2.427633766,1143180,818
2.427633766,1143806,626
2.430102566,1144640,834
2.430102566,1145250,610
2.432571366,1146100,850
2.432571366,1146694,594
2.435136166,1147560,866
2.435136166,1148138,578
2.437604966,1149020,882
2.437604966,1149582,562
2.440074166,1150480,898
2.440074166,1151026,546
2.442550566,1151940,914
2.442550566,1152470,530
2.445019366,1153400,930
2.445019366,1153914,514
2.447584166,1154860,946
2.447584166,1155358,498
2.450052966,1156320,962
2.450052966,1156802,482
2.452521766,1157780,978
2.452521766,1158246,466
2.454990566,1159240,994
2.454990566,1159690,450
2.457459366,1160700,1010
2.457459366,1161134,434
2.459928166,1162160,1026
2.459928166,1162578,418
2.462396966,1163620,1042
2.462396966,1164022,402
2.464866166,1165080,1058
2.464866166,1165466,386
2.467438566,1166540,1074
2.467438566,1166910,370
2.469907366,1168000,1090
2.469907366,1168354,354
2.472376166,1169460,1106
2.472376166,1169798,338
2.474844966,1170920,1122
2.474844966,1171242,322
2.477313766,1172380,1138
2.477313766,1172686,306
2.479878566,1173840,1154
2.479878566,1174130,290
2.482347366,1175300,1170
2.482347366,1175574,274
2.484816166,1176760,1186
2.484816166,1177018,258
2.487285366,1178220,1202
2.487285366,1178462,242
2.489761766,1179680,1218
2.489761766,1179906,226
2.492230566,1181140,1234
2.492230566,1181350,210
2.494699366,1182600,1250
2.494699366,1182794,194
2.497168166,1184060,1266
2.497168166,1184238,178
2.499732966,1185520,1282
2.499732966,1185682,162
2.502201766,1186980,1298
2.502201766,1187126,146
2.504670566,1188440,1314
2.504670566,1188570,130
2.507139366,1189900,1330
2.507139366,1190014,114
2.509608166,1191360,1346
2.509608166,1191458,98
2.512077366,1192820,1362
2.512077366,1192902,82
2.514649766,1194280,1378
2.514649766,1194346,66
2.517118486,1195740,1394
2.517118486,1195790,50
2.519585686,1197200,1410
2.519585686,1197234,34
2.522052886,1198660,1426
2.522052886,1198678,18
2.524520086,1200120,1442
2.524520086,1200122,2
2.526987366,1201574,1452
2.529456166,1201580,6
2.529456166,1203019,1439
2.531924966,1203040,21
2.531924966,1204464,1424
2.534490166,1204500,36
2.534490166,1205909,1409
2.536966566,1205960,51
2.536966566,1207354,1394
2.539435366,1207420,66
2.539435366,1208798,1378
2.541904166,1208880,82
2.541904166,1210242,1362
2.544372966,1210340,98
2.544372966,1211686,1346
2.546937766,1211800,114
2.546937766,1213130,1330
2.549406566,1213260,130
2.549406566,1214574,1314
2.551875366,1214720,146
2.551875366,1216018,1298
2.554340886,1216180,162
2.554340886,1218906,2726
2.556385766,1219100,194
2.556385766,1220350,1250
2.558854566,1220560,210
2.558854566,1221794,1234
2.561323366,1222020,226
2.561323366,1223238,1218
2.563792166,1223480,242
2.563792166,1224682,1202
2.566260966,1224940,258
2.566260966,1226126,1186
2.568729766,1226400,274
2.568729766,1227570,1170
2.571198566,1227860,290
2.571198566,1229014,1154
2.573667366,1229320,306
2.573667366,1230458,1138
2.576232166,1230780,322
2.576232166,1231902,1122
2.578701366,1232240,338
2.578701366,1233346,1106
2.581177766,1233700,354
2.581177766,1234790,1090
2.583646566,1235160,370
2.583646566,1236234,1074
2.586115366,1236620,386
2.586115366,1237678,1058
2.588680166,1238080,402
2.588680166,1239122,1042
2.591148966,1239540,418
2.591148966,1240566,1026
2.593617766,1241000,434
2.593617766,1242010,1010
2.596086566,1242460,450
2.596086566,1243454,994
2.598555366,1243920,466
2.598555366,1244898,978
2.601024166,1245380,482
2.601024166,1246342,962
2.603493366,1246840,498
2.603493366,1247786,946
2.605969766,1248300,514
2.605969766,1249230,930
2.608534566,1249760,530
2.608534566,1250674,914
2.611003366,1251220,546
2.611003366,1252118,898
2.613472166,1252680,562
2.613472166,1253562,882
2.615940966,1254140,578
2.615940966,1255006,866
2.618409766,1255600,594
2.618409766,1256450,850
2.620974566,1257060,610
2.620974566,1257894,834
2.623443366,1258520,626
2.623443366,1259338,818
2.625912566,1259980,642
2.625912566,1260782,802
2.628388966,1261440,658
2.628388966,1262226,786
2.630857766,1262900,674
2.630857766,1263670,770
2.633326566,1264360,690
2.633326566,1265114,754
2.635891366,1265820,706
2.635891366,1266558,738
2.638360166,1267280,722
2.638360166,1268002,722
2.640828966,1268740,738
2.640828966,1269446,706
2.643297766,1270200,754
2.643297766,1270890,690
2.645766566,1271660,770
2.645766566,1272334,674
2.648235366,1273120,786
2.648235366,1273778,658
2.651658006,1274580,802
2.651658006,1275222,642
2.654180966,1276040,818
2.654180966,1276666,626
2.656745766,1277500,834
2.656745766,1278110,610
2.659214566,1278960,850
2.659214566,1279554,594
2.661683366,1280420,866
2.661683366,1280998,578
2.664152166,1281880,882
2.664152166,1282442,562
2.666620966,1283340,898
2.666620966,1283886,546
2.669185766,1284800,914
2.669185766,1285330,530
2.671654566,1286260,930
2.671654566,1286774,514
2.674123766,1287720,946
2.674123766,1288218,498
2.676600166,1289180,962
2.676600166,1289662,482
2.679068966,1290640,978
2.679068966,1291106,466
2.681537766,1292100,994
2.681537766,1292550,450
2.684006566,1293560,1010
2.684006566,1293994,434
2.686571366,1295020,1026
2.686571366,1295438,418
2.689040166,1296480,1042
2.689040166,1296882,402
2.691508966,1297940,1058
2.691508966,1298326,386
2.693977766,1299400,1074
2.693977766,1299770,370
2.696446566,1300860,1090
2.696446566,1301214,354
2.698915766,1302320,1106
2.698915766,1302658,338
2.701488166,1303780,1122
2.701488166,1304102,322
2.703956966,1305240,1138
2.703956966,1305546,306
2.706425766,1306700,1154
2.706425766,1306990,290
2.708894566,1308160,1170
2.708894566,1308434,274
2.711363366,1309620,1186
2.711363366,1309878,258
2.713832166,1311080,1202
2.713832166,1311322,242
2.716300966,1312540,1218
2.716300966,1312766,226
2.718865766,1314000,1234
2.718865766,1314210,210
2.721334966,1315460,1250
2.721334966,1315654,194
2.723811366,1316920,1266
2.723811366,1317098,178
2.726280166,1318380,1282
2.726280166,1318542,162
2.728748966,1319840,1298
2.728748966,1319986,146
2.731217766,1321300,1314
2.731217766,1321430,130
2.733782566,1322760,1330
2.733782566,1322874,114
2.736251366,1324220,1346
2.736251366,1324318,98
2.738720166,1325680,1362
2.738720166,1325762,82
2.741188966,1327140,1378
2.741188966,1327206,66
2.743657686,1328600,1394
2.743657686,1328650,50
2.746228886,1330060,1410
2.746228886,1330094,34
2.748696086,1331520,1426
2.748696086,1331538,18
2.751163286,1332980,1442
2.751163286,1332982,2
2.753630566,1334434,1452
2.756099366,1334440,6
2.756099366,1335879,1439
2.758568166,1335900,21
2.758568166,1337324,1424
2.761036966,1337360,36
2.761036966,1338769,1409
2.763601766,1338820,51
2.763601766,1340214,1394
2.766070566,1340280,66
2.766070566,1341658,1378
2.768539766,1341740,82
2.768539766,1343102,1362
2.771016166,1343200,98
2.771016166,1344546,1346
2.773484966,1344660,114
2.773484966,1345990,1330
2.775953766,1346120,130
2.775953766,1347434,1314
2.778518566,1347580,146
2.778518566,1348878,1298
2.780987366,1349040,162
2.780987366,1350322,1282
2.783456166,1350500,178
2.783456166,1351766,1266
2.785924966,1351960,194
2.785924966,1353210,1250
2.788393766,1353420,210
2.788393766,1354654,1234
2.790862566,1354880,226
2.790862566,1356098,1218
2.793331766,1356340,242
2.793331766,1357542,1202
2.795904166,1357800,258
2.795904166,1358986,1186
2.798372966,1359260,274
2.798372966,1360430,1170
2.800841766,1360720,290
2.800841766,1361874,1154
2.803310566,1362180,306
2.803310566,1363318,1138
2.805779366,1363640,322
2.805779366,1364762,1122
2.808248166,1365100,338
2.808248166,1366206,1106
2.810812966,1366560,354
2.810812966,1367650,1090
2.813281766,1368020,370
2.813281766,1369094,1074
2.815750966,1369480,386
2.815750966,1370538,1058
2.818227366,1370940,402
2.818227366,1371982,1042
2.820696166,1372400,418
2.820696166,1373426,1026
2.823164966,1373860,434
2.823164966,1374870,1010
2.825633766,1375320,450
2.825633766,1376314,994
2.828198566,1376780,466
2.828198566,1377758,978
2.830667366,1378240,482
2.830667366,1379202,962
2.833136166,1379700,498
2.833136166,1380646,946
2.835604966,1381160,514
2.835604966,1382090,930
2.838073766,1382620,530
2.838073766,1383534,914
2.840542966,1384080,546
2.840542966,1384978,898
2.843019366,1385540,562
2.843019366,1386422,882
2.845584166,1387000,578
2.845584166,1387866,866
2.848052966,1388460,594
2.848052966,1389310,850
2.850521766,1389920,610
2.850521766,1390754,834
2.852987286,1391380,626
2.852987286,1392198,818
2.854459366,1392840,642
2.854459366,1393642,802
2.857024166,1394300,658
2.857024166,1395086,786
2.859492966,1395760,674
2.859492966,1396530,770
2.861962166,1397220,690
2.861962166,1397974,754
2.864438566,1398680,706
2.864438566,1399418,738
2.866907366,1400140,722
2.866907366,1400862,722
2.869376166,1401600,738
2.869376166,1402306,706
2.871844966,1403060,754
2.871844966,1403750,690
2.874409766,1404520,770
2.874409766,1405194,674
2.876878566,1405980,786
2.876878566,1406638,658
2.879347366,1407440,802
2.879347366,1408082,642
2.881816166,1408900,818
2.881816166,1409526,626
2.884284966,1410360,834
2.884284966,1410970,610
2.886754166,1411820,850
2.886754166,1412414,594
2.889326566,1413280,866
2.889326566,1413858,578
2.891795366,1414740,882
2.891795366,1415302,562
2.894264166,1416200,898
2.894264166,1416746,546
2.896732966,1417660,914
2.896732966,1418190,530
2.899201766,1419120,930
2.899201766,1419634,514
2.901670566,1420580,946
2.901670566,1421078,498
2.904139366,1422040,962
2.904139366,1422522,482
2.906704166,1423500,978
2.906704166,1423966,466
2.909173366,1424960,994
2.909173366,1425410,450
2.911649766,1426420,1010
2.911649766,1426854,434
2.914118566,1427880,1026
2.914118566,1428298,418
2.916587366,1429340,1042
2.916587366,1429742,402
2.919056166,1430800,1058
2.919056166,1431186,386
2.921620966,1432260,1074
2.921620966,1432630,370
2.924089766,1433720,1090
2.924089766,1434074,354
2.926558566,1435180,1106
2.926558566,1435518,338
2.929027366,1436640,1122
2.929027366,1436962,322
2.931496166,1438100,1138
2.931496166,1438406,306
2.933965366,1439560,1154
2.933965366,1439850,290
2.936441766,1441020,1170
2.936441766,1441294,274
2.939006566,1442480,1186
2.939006566,1442738,258
2.941475366,1443940,1202
2.941475366,1444182,242
2.943944166,1445400,1218
2.943944166,1445626,226
2.946412966,1446860,1234
2.946412966,1447070,210
2.948881766,1448320,1250
2.948881766,1448514,194
2.951350566,1449780,1266
2.951350566,1449958,178
2.953915366,1451240,1282
2.953915366,1451402,162
2.956384566,1452700,1298
2.956384566,1452846,146
2.958860966,1454160,1314
2.958860966,1454290,130
2.961329766,1455620,1330
2.961329766,1455734,114
2.963798566,1457080,1346
2.963798566,1457178,98
2.966363366,1458540,1362
2.966363366,1458622,82
2.968832166,1460000,1378
2.968832166,1460066,66
2.971300886,1461460,1394
2.971300886,1461510,50
2.973768086,1462920,1410
2.973768086,1462954,34
2.976235286,1464380,1426
2.976235286,1464398,18
2.978702486,1465840,1442
2.978702486,1465842,2
2.981170166,1467294,1452
2.983742566,1467300,6
2.983742566,1468739,1439
2.986211366,1468760,21
2.986211366,1470184,1424
2.988680166,1470220,36
2.988680166,1471629,1409
2.991148966,1471680,51
2.991148966,1473074,1394
2.993617766,1473140,66
2.993617766,1474518,1378
2.996086566,1474600,82
2.996086566,1475962,1362
2.998651366,1476060,98
2.998651366,1477406,1346
3.001120166,1477520,114
3.001120166,1478850,1330
3.003589366,1478980,130
3.003589366,1480294,1314
3.006065766,1480440,146
3.006065766,1481738,1298
3.008534566,1481900,162
3.008534566,1483182,1282
3.011003366,1483360,178
3.011003366,1484626,1266
3.013472166,1484820,194
3.013472166,1486070,1250
3.016036966,1486280,210
3.016036966,1487514,1234
3.018505766,1487740,226
3.018505766,1488958,1218
3.020974566,1489200,242
3.020974566,1490402,1202
3.023443366,1490660,258
3.023443366,1491846,1186
3.025912166,1492120,274
3.025912166,1493290,1170
3.028381366,1493580,290
3.028381366,1494734,1154
3.030953766,1495040,306
3.030953766,1496178,1138
3.033422566,1496500,322
3.033422566,1497622,1122
3.035891366,1497960,338
3.035891366,1499066,1106
3.038360166,1499420,354
3.038360166,1500510,1090
3.040828966,1500880,370
3.040828966,1501954,1074
3.043393766,1502340,386
3.043393766,1503398,1058
3.045862566,1503800,402
3.045862566,1504842,1042
3.048331366,1505260,418
3.048331366,1506286,1026
3.051754006,1506720,434
3.051754006,1507730,1010
3.054276966,1508180,450
3.054276966,1509174,994
3.056745766,1509640,466
3.056745766,1510618,978
3.059214566,1511100,482
3.059214566,1512062,962
3.061683366,1512560,498
3.061683366,1513506,946
3.064248166,1514020,514
3.064248166,1514950,930
3.066716966,1515480,530
3.066716966,1516394,914
3.069185766,1516940,546
3.069185766,1517838,898
3.071654566,1518400,562
3.071654566,1519282,882
3.074123366,1519860,578
3.074123366,1520726,866
3.076696166,1521320,594
3.076696166,1522170,850
3.079164966,1522780,610
3.079164966,1523614,834
3.081633766,1524240,626
3.081633766,1525058,818
3.084102566,1525700,642
3.084102566,1526502,802
3.086571366,1527160,658
3.086571366,1527946,786
3.089040166,1528620,674
3.089040166,1529390,770
3.091508966,1530080,690
3.091508966,1530834,754
3.094073766,1531540,706
3.094073766,1532278,738
3.096542566,1533000,722
3.096542566,1533722,722
3.099011766,1534460,738
3.099011766,1535166,706
3.101488166,1535920,754
3.101488166,1536610,690
3.103956966,1537380,770
3.103956966,1538054,674
3.106425766,1538840,786
3.106425766,1539498,658
3.108990566,1540300,802
3.108990566,1540942,642
3.111459366,1541760,818
3.111459366,1542386,626
3.113928166,1543220,834
3.113928166,1543830,610
3.116396966,1544680,850
3.116396966,1545274,594
3.118865766,1546140,866
3.118865766,1546718,578
3.121334566,1547600,882
3.121334566,1548162,562
3.123803766,1549060,898
3.123803766,1549606,546
3.126376166,1550520,914
3.126376166,1551050,530
3.128844966,1551980,930
3.128844966,1552494,514
3.131313766,1553440,946
3.131313766,1553938,498
3.133782566,1554900,962
3.133782566,1555382,482
3.136251366,1556360,978
3.136251366,1556826,466
3.138720166,1557820,994
3.138720166,1558270,450
3.141284966,1559280,1010
3.141284966,1559714,434
3.143753766,1560740,1026
3.143753766,1561158,418
3.146222966,1562200,1042
3.146222966,1562602,402
3.148699366,1563660,1058
3.148699366,1564046,386
3.151168166,1565120,1074
3.151168166,1565490,370
3.153732966,1566580,1090
3.153732966,1566934,354
3.156201766,1568040,1106
3.156201766,1568378,338
3.158670566,1569500,1122
3.158670566,1569822,322
3.161139366,1570960,1138
3.161139366,1571266,306
3.163608166,1572420,1154
3.163608166,1572710,290
3.166076966,1573880,1170
3.166076966,1574154,274
3.168545766,1575340,1186
3.168545766,1575598,258
3.171118566,1576800,1202
3.171118566,1577042,242
3.173587366,1578260,1218
3.173587366,1578486,226
3.176056166,1579720,1234
3.176056166,1579930,210
3.178524966,1581180,1250
3.178524966,1581374,194
3.180993766,1582640,1266
3.180993766,1582818,178
3.183462566,1584100,1282
3.183462566,1584262,162
3.185931366,1585560,1298
3.185931366,1585706,146
3.188496166,1587020,1314
3.188496166,1587150,130
3.190964966,1588480,1330
3.190964966,1588594,114
3.193434166,1589940,1346
3.193434166,1590038,98
3.195910566,1591400,1362
3.195910566,1591482,82
3.198379366,1592860,1378
3.198379366,1592926,66
3.200848086,1594320,1394
3.200848086,1594370,50
3.203315286,1595780,1410
3.203315286,1595814,34
3.205878486,1597240,1426
3.205878486,1597258,18
3.208345686,1598700,1442
3.208345686,1598702,2
3.210812966,1600154,1452
3.213281766,1600160,6
3.213281766,1601599,1439
3.215750566,1601620,21
3.215750566,1603044,1424
3.218219766,1603080,36
3.218219766,1604489,1409
3.220792166,1604540,51
3.220792166,1605934,1394
3.223260966,1606000,66
3.223260966,1607378,1378
3.225729766,1607460,82
3.225729766,1608822,1362
3.228198566,1608920,98
3.228198566,1610266,1346
3.230667366,1610380,114
3.230667366,1611710,1330
3.233136166,1611840,130
3.233136166,1613154,1314
3.235604966,1613300,146
3.235604966,1614598,1298
3.238169766,1614760,162
3.238169766,1616042,1282
3.240638966,1616220,178
3.240638966,1617486,1266
3.243115366,1617680,194
3.243115366,1618930,1250
3.245584166,1619140,210
3.245584166,1620374,1234
3.248052966,1620600,226
3.248052966,1621818,1218
3.250521766,1622060,242
3.250521766,1623262,1202
3.253086566,1623520,258
3.253086566,1624706,1186
3.255555366,1624980,274
3.255555366,1626150,1170
3.258024166,1626440,290
3.258024166,1627594,1154
3.260492966,1627900,306
3.260492966,1629038,1138
3.262961766,1629360,322
3.262961766,1630482,1122
3.265534566,1630820,338
3.265534566,1631926,1106
3.268003366,1632280,354
3.268003366,1633370,1090
3.270472166,1633740,370
3.270472166,1634814,1074
3.272940966,1635200,386
3.272940966,1636258,1058
3.275409766,1636660,402
3.275409766,1637702,1042
3.277878566,1638120,418
3.277878566,1639146,1026
3.280347366,1639580,434
3.280347366,1640590,1010
3.282912166,1641040,450
3.282912166,1642034,994
3.285380966,1642500,466
3.285380966,1643478,978
3.287850166,1643960,482
3.287850166,1644922,962
3.290326566,1645420,498
3.290326566,1646366,946
3.292795366,1646880,514
3.292795366,1647810,930
3.295264166,1648340,530
3.295264166,1649254,914
3.297828966,1649800,546
3.297828966,1650698,898
3.300297766,1651260,562
3.300297766,1652142,882
3.302766566,1652720,578
3.302766566,1653586,866
3.305235366,1654180,594
3.305235366,1655030,850
3.307704166,1655640,610
3.307704166,1656474,834
3.310172966,1657100,626
3.310172966,1657918,818
3.312642166,1658560,642
3.312642166,1659362,802
3.315118566,1660020,658
3.315118566,1660806,786
3.317683366,1661480,674
3.317683366,1662250,770
3.320152166,1662940,690
3.320152166,1663694,754
3.322620966,1664400,706
3.322620966,1665138,738
3.325089766,1665860,722
3.325089766,1666582,722
3.327558566,1667320,738
3.327558566,1668026,706
3.330123366,1668780,754
3.330123366,1669470,690
3.332592166,1670240,770
3.332592166,1670914,674
3.335061366,1671700,786
3.335061366,1672358,658
3.337537766,1673160,802
3.337537766,1673802,642
3.340006566,1674620,818
3.340006566,1675246,626
3.342571366,1676080,834
3.342571366,1676690,610
3.345040166,1677540,850
3.345040166,1678134,594
3.347508966,1679000,866
3.347508966,1679578,578
3.349977766,1680460,882
3.349977766,1681022,562
3.352443286,1681920,898
3.352443286,1682466,546
3.353915366,1683380,914
3.353915366,1683910,530
3.356384166,1684840,930
3.356384166,1685354,514
3.358853366,1686300,946
3.358853366,1686798,498
3.361425766,1687760,962
3.361425766,1688242,482
3.363894566,1689220,978
3.363894566,1689686,466
3.366363366,1690680,994
3.366363366,1691130,450
3.368832166,1692140,1010
3.368832166,1692574,434
3.371300966,1693600,1026
3.371300966,1694018,418
3.373865766,1695060,1042
3.373865766,1695462,402
3.376334566,1696520,1058
3.376334566,1696906,386
3.378803366,1697980,1074
3.378803366,1698350,370
3.381272566,1699440,1090
3.381272566,1699794,354
3.383748966,1700900,1106
3.383748966,1701238,338
3.386217766,1702360,1122
3.386217766,1702682,322
3.388686566,1703820,1138
3.388686566,1704126,306
3.391155366,1705280,1154
3.391155366,1705570,290
3.393720166,1706740,1170
3.393720166,1707014,274
3.396188966,1708200,1186
3.396188966,1708458,258
3.398657766,1709660,1202
3.398657766,1709902,242
3.401126566,1711120,1218
3.401126566,1711346,226
3.403595366,1712580,1234
3.403595366,1712790,210
3.406168166,1714040,1250
3.406168166,1714234,194
3.408636966,1715500,1266
3.408636966,1715678,178
3.411105766,1716960,1282
3.411105766,1717122,162
3.413574566,1718420,1298
3.413574566,1718566,146
3.416043366,1719880,1314
3.416043366,1720010,130
3.418512166,1721340,1330
3.418512166,1721454,114
3.420980966,1722800,1346
3.420980966,1722898,98
3.423449766,1724260,1362
3.423449766,1724342,82
3.426014566,1725720,1378
3.426014566,1725786,66
3.428483686,1727180,1394
3.428483686,1727230,50
3.430958486,1728640,1410
3.430958486,1728674,34
3.433425686,1730100,1426
3.433425686,1730118,18
3.435892886,1731560,1442
3.435892886,1731562,2
3.438456166,1733014,1452
3.440924966,1733020,6
3.440924966,1734459,1439
3.443393766,1734480,21
3.443393766,1735904,1424
3.445862566,1735940,36
3.445862566,1737349,1409
3.448331366,1737400,51
3.448331366,1738794,1394
3.454850006,1738860,66
3.454850006,1740238,1378
3.457372966,1740320,82
3.457372966,1741682,1362
3.459841766,1741780,98
3.459841766,1743126,1346
3.462310566,1743240,114
3.462310566,1744570,1330
3.464779366,1744700,130
3.464779366,1746014,1314
3.467248166,1746160,146
3.467248166,1747458,1298
3.469716966,1747620,162
3.469716966,1748902,1282
3.472185766,1749080,178
3.472185766,1750346,1266
3.474750566,1750540,194
3.474750566,1751790,1250
3.477219366,1752000,210
3.477219366,1753234,1234
3.479688566,1753460,226
3.479688566,1754678,1218
3.482164966,1754920,242
3.482164966,1756122,1202
3.484633766,1756380,258
3.484633766,1757566,1186
3.487198566,1757840,274
3.487198566,1759010,1170
3.489667366,1759300,290
3.489667366,1760454,1154
3.492136166,1760760,306
3.492136166,1761898,1138
3.494604966,1762220,322
3.494604966,1763342,1122
3.497073766,1763680,338
3.497073766,1764786,1106
3.499542566,1765140,354
3.499542566,1766230,1090
3.502011366,1766600,370
3.502011366,1767674,1074
3.504480566,1768060,386
3.504480566,1769118,1058
3.507052966,1769520,402
3.507052966,1770562,1042
3.509521766,1770980,418
3.509521766,1772006,1026
3.511990566,1772440,434
3.511990566,1773450,1010
3.514459366,1773900,450
3.514459366,1774894,994
3.516928166,1775360,466
3.516928166,1776338,978
3.519492966,1776820,482
3.519492966,1777782,962
3.521961766,1778280,498
3.521961766,1779226,946
3.524430566,1779740,514
3.524430566,1780670,930
3.526899766,1781200,530
3.526899766,1782114,914
3.529376166,1782660,546
3.529376166,1783558,898
3.531844966,1784120,562
3.531844966,1785002,882
3.534313766,1785580,578
3.534313766,1786446,866
3.536782566,1787040,594
3.536782566,1787890,850
3.539251366,1788500,610
3.539251366,1789334,834
3.541816166,1789960,626
3.541816166,1790778,818
3.544284966,1791420,642
3.544284966,1792222,802
3.546753766,1792880,658
3.546753766,1793666,786
3.549222566,1794340,674
3.549222566,1795110,770
3.551691766,1795800,690
3.551691766,1796554,754
3.554264166,1797260,706
3.554264166,1797998,738
3.556732966,1798720,722
3.556732966,1799442,722
3.559201766,1800180,738
3.559201766,1800886,706
3.561670566,1801640,754
3.561670566,1802330,690
3.564139366,1803100,770
3.564139366,1803774,674
3.566704166,1804560,786
3.566704166,1805218,658
3.569172966,1806020,802
3.569172966,1806662,642
3.571641766,1807480,818
3.571641766,1808106,626
3.574110966,1808940,834
3.574110966,1809550,610
3.576587366,1810400,850
3.576587366,1810994,594
3.579056166,1811860,866
3.579056166,1812438,578
3.581524966,1813320,882
3.581524966,1813882,562
3.583993766,1814780,898
3.583993766,1815326,546
3.586558566,1816240,914
3.586558566,1816770,530
3.589027366,1817700,930
3.589027366,1818214,514
3.591496166,1819160,946
3.591496166,1819658,498
3.593964966,1820620,962
3.593964966,1821102,482
3.596433766,1822080,978
3.596433766,1822546,466
3.599006566,1823540,994
3.599006566,1823990,450
3.601475366,1825000,1010
3.601475366,1825434,434
3.603944166,1826460,1026
3.603944166,1826878,418
3.606412966,1827920,1042
3.606412966,1828322,402
3.608881766,1829380,1058
3.608881766,1829766,386
3.611350566,1830840,1074
3.611350566,1831210,370
3.613819366,1832300,1090
3.613819366,1832654,354
3.616288166,1833760,1106
3.616288166,1834098,338
3.618852966,1835220,1122
3.618852966,1835542,322
3.621322166,1836680,1138
3.621322166,1836986,306
3.623798566,1838140,1154
3.623798566,1838430,290
3.626267366,1839600,1170
3.626267366,1839874,274
3.628736166,1841060,1186
3.628736166,1841318,258
3.631300966,1842520,1202
3.631300966,1842762,242
3.633769766,1843980,1218
3.633769766,1844206,226
3.636238566,1845440,1234
3.636238566,1845650,210
3.638707366,1846900,1250
3.638707366,1847094,194
3.641176166,1848360,1266
3.641176166,1848538,178
3.643644966,1849820,1282
3.643644966,1849982,162
3.646114166,1851280,1298
3.646114166,1851426,146
3.648590566,1852740,1314
3.648590566,1852870,130
3.651155366,1854200,1330
3.651155366,1854314,114
3.653624166,1855660,1346
3.653624166,1855758,98
3.656089686,1857120,1362
3.656089686,1858646,1526
3.657030486,1860040,1394
3.657030486,1860090,50
3.659593686,1861500,1410
3.659593686,1861534,34
3.662060886,1862960,1426
3.662060886,1862978,18
3.664528486,1864420,1442
3.664528486,1864422,2
3.667003366,1865874,1452
3.669472166,1865880,6
3.669472166,1867319,1439
3.672036966,1867340,21
3.672036966,1868764,1424
3.674505766,1868800,36
3.674505766,1870209,1409
3.676974566,1870260,51
3.676974566,1871654,1394
3.679443366,1871720,66
3.679443366,1873098,1378
3.681912166,1873180,82
3.681912166,1874542,1362
3.684380966,1874640,98
3.684380966,1875986,1346
3.686849766,1876100,114
3.686849766,1877430,1330
3.689318966,1877560,130
3.689318966,1878874,1314
3.691891366,1879020,146
3.691891366,1880318,1298
3.694360166,1880480,162
3.694360166,1881762,1282
3.696828966,1881940,178
3.696828966,1883206,1266
3.699297766,1883400,194
3.699297766,1884650,1250
3.701766566,1884860,210
3.701766566,1886094,1234
3.704331366,1886320,226
3.704331366,1887538,1218
3.706800166,1887780,242
3.706800166,1888982,1202
3.709268966,1889240,258
3.709268966,1890426,1186
3.711738166,1890700,274
3.711738166,1891870,1170
3.714214566,1892160,290
3.714214566,1893314,1154
3.716683366,1893620,306
3.716683366,1894758,1138
3.719152166,1895080,322
3.719152166,1896202,1122
3.721620966,1896540,338
3.721620966,1897646,1106
3.724185766,1898000,354
3.724185766,1899090,1090
3.726654566,1899460,370
3.726654566,1900534,1074
3.729123366,1900920,386
3.729123366,1901978,1058
3.731592166,1902380,402
3.731592166,1903422,1042
3.734060966,1903840,418
3.734060966,1904866,1026
3.736633766,1905300,434
3.736633766,1906310,1010
3.739102566,1906760,450
3.739102566,1907754,994
3.741571366,1908220,466
3.741571366,1909198,978
3.744040166,1909680,482
3.744040166,1910642,962
3.746508966,1911140,498
3.746508966,1912086,946
3.749073766,1912600,514
3.749073766,1913530,930
3.753488006,1914060,530
3.753488006,1914974,914
3.756011366,1915520,546
3.756011366,1916418,898
3.758480166,1916980,562
3.758480166,1917862,882
3.760949366,1918440,578
3.760949366,1919306,866
3.763425766,1919900,594
3.763425766,1920750,850
3.765894566,1921360,610
3.765894566,1922194,834
3.768363366,1922820,626
3.768363366,1923638,818
3.770928166,1924280,642
3.770928166,1925082,802
3.773396966,1925740,658
3.773396966,1926526,786
3.775865766,1927200,674
3.775865766,1927970,770
3.778334566,1928660,690
3.778334566,1929414,754
3.780803366,1930120,706
3.780803366,1930858,738
3.783368566,1931580,722
3.783368566,1932302,722
3.785844966,1933040,738
3.785844966,1933746,706
3.788313766,1934500,754
3.788313766,1935190,690
3.790782566,1935960,770
3.790782566,1936634,674
3.793251366,1937420,786
3.793251366,1938078,658
3.795720166,1938880,802
3.795720166,1939522,642
3.798188966,1940340,818
3.798188966,1940966,626
3.800657766,1941800,834
3.800657766,1942410,610
3.803222566,1943260,850
3.803222566,1943854,594
3.805691366,1944720,866
3.805691366,1945298,578
3.808160566,1946180,882
3.808160566,1946742,562
3.810636966,1947640,898
3.810636966,1948186,546
3.813105766,1949100,914
3.813105766,1949630,530
3.815670566,1950560,930
3.815670566,1951074,514
3.818139366,1952020,946
3.818139366,1952518,498
3.820608166,1953480,962
3.820608166,1953962,482
3.823076966,1954940,978
3.823076966,1955406,466
3.825545766,1956400,994
3.825545766,1956850,450
3.828014566,1957860,1010
3.828014566,1958294,434
3.830483366,1959320,1026
3.830483366,1959738,418
3.832952566,1960780,1042
3.832952566,1961182,402
3.835524966,1962240,1058
3.835524966,1962626,386
3.837993766,1963700,1074
3.837993766,1964070,370
3.840462566,1965160,1090
3.840462566,1965514,354
3.842931366,1966620,1106
3.842931366,1966958,338
3.845400166,1968080,1122
3.845400166,1968402,322
3.847964966,1969540,1138
3.847964966,1969846,306
3.850433766,1971000,1154
3.850433766,1971290,290
3.854848006,1972460,1170
3.854848006,1972734,274
3.857371766,1973920,1186
3.857371766,1974178,258
3.859848166,1975380,1202
3.859848166,1975622,242
3.862412966,1976840,1218
3.862412966,1977066,226
3.864881766,1978300,1234
3.864881766,1978510,210
3.867350566,1979760,1250
3.867350566,1979954,194
3.869819366,1981220,1266
3.869819366,1981398,178
3.872288166,1982680,1282
3.872288166,1982842,162
3.874756966,1984140,1298
3.874756966,1984286,146
3.877225766,1985600,1314
3.877225766,1985730,130
3.879694566,1987060,1330
3.879694566,1987174,114
3.882267366,1988520,1346
3.882267366,1988618,98
3.884736166,1989980,1362
3.884736166,1990062,82
3.887204966,1991440,1378
3.887204966,1991506,66
3.889673686,1992900,1394
3.889673686,1992950,50
3.892140886,1994360,1410
3.892140886,1994394,34
3.894608086,1995820,1426
3.894608086,1995838,18
3.897171286,1997280,1442
3.897171286,1997282,2
3.899638566,1998734,1452
3.902107366,1998740,6
3.902107366,2000179,1439
3.904576566,2000200,21
3.904576566,2001624,1424
3.907052966,2001660,36
3.907052966,2003069,1409
3.909521766,2003120,51
3.909521766,2004514,1394
3.911990566,2004580,66
3.911990566,2005958,1378
3.914459366,2006040,82
3.914459366,2007402,1362
3.917024166,2007500,98
3.917024166,2008846,1346
3.919492966,2008960,114
3.919492966,2010290,1330
3.921961766,2010420,130
3.921961766,2011734,1314
3.924430566,2011880,146
3.924430566,2013178,1298
3.926899366,2013340,162
3.926899366,2014622,1282
3.929472166,2014800,178
3.929472166,2016066,1266
3.931940966,2016260,194
3.931940966,2017510,1250
3.934409766,2017720,210
3.934409766,2018954,1234
3.936878566,2019180,226
3.936878566,2020398,1218
3.939347366,2020640,242
3.939347366,2021842,1202
3.941816166,2022100,258
3.941816166,2023286,1186
3.944284966,2023560,274
3.944284966,2024730,1170
3.946753766,2025020,290
3.946753766,2026174,1154
3.949318566,2026480,306
3.949318566,2027618,1138
3.951787766,2027940,322
3.951787766,2029062,1122
3.954260886,2029400,338
3.954260886,2030506,1106
3.955732966,2030860,354
3.955732966,2031950,1090
3.958201766,2032320,370
3.958201766,2033394,1074
3.960766566,2033780,386
3.960766566,2034838,1058
3.963235366,2035240,402
3.963235366,2036282,1042
3.965704166,2036700,418
3.965704166,2037726,1026
3.968172966,2038160,434
3.968172966,2039170,1010
3.970641766,2039620,450
3.970641766,2040614,994
3.973206966,2041080,466
3.973206966,2042058,978
3.975683366,2042540,482
3.975683366,2043502,962
3.978152166,2044000,498
3.978152166,2044946,946
3.980620966,2045460,514
3.980620966,2046390,930
3.983089766,2046920,530
3.983089766,2047834,914
3.985558566,2048380,546
3.985558566,2049278,898
3.988027366,2049840,562
3.988027366,2050722,882
3.990496166,2051300,578
3.990496166,2052166,866
3.993060966,2052760,594
3.993060966,2053610,850
3.995529766,2054220,610
3.995529766,2055054,834
3.997998966,2055680,626
3.997998966,2056498,818
4.000475366,2057140,642
4.000475366,2057942,802
4.002944166,2058600,658
4.002944166,2059386,786
4.005508966,2060060,674
4.005508966,2060830,770
4.007977766,2061520,690
4.007977766,2062274,754
4.010446566,2062980,706
4.010446566,2063718,738
4.012915366,2064440,722
4.012915366,2065162,722
4.015384166,2065900,738
4.015384166,2066606,706
4.017852966,2067360,754
4.017852966,2068050,690
4.020321766,2068820,770
4.020321766,2069494,674
4.022790966,2070280,786
4.022790966,2070938,658
4.025363366,2071740,802
4.025363366,2072382,642
4.027832166,2073200,818
4.027832166,2073826,626
4.030300966,2074660,834
4.030300966,2075270,610
4.032769766,2076120,850
4.032769766,2076714,594
4.035238566,2077580,866
4.035238566,2078158,578
4.037803366,2079040,882
4.037803366,2079602,562
4.040272166,2080500,898
4.040272166,2081046,546
4.042740966,2081960,914
4.042740966,2082490,530
4.045210166,2083420,930
4.045210166,2083934,514
4.047686566,2084880,946
4.047686566,2085378,498
4.050155366,2086340,962
4.050155366,2086822,482
4.052624166,2087800,978
4.052624166,2088266,466
4.055089686,2089260,994
4.055089686,2089710,450
4.056657766,2090720,1010
4.056657766,2091154,434
4.059126566,2092180,1026
4.059126566,2092598,418
4.061595366,2093640,1042
4.061595366,2094042,402
4.064064166,2095100,1058
4.064064166,2095486,386
4.066532966,2096560,1074
4.066532966,2096930,370
4.069105766,2098020,1090
4.069105766,2098374,354
4.071574566,2099480,1106
4.071574566,2099818,338
4.074043366,2100940,1122
4.074043366,2101262,322
4.076512166,2102400,1138
4.076512166,2102706,306
4.078980966,2103860,1154
4.078980966,2104150,290
4.081545766,2105320,1170
4.081545766,2105594,274
4.084014566,2106780,1186
4.084014566,2107038,258
4.086483366,2108240,1202
4.086483366,2108482,242
4.088952166,2109700,1218
4.088952166,2109926,226
4.091421366,2111160,1234
4.091421366,2111370,210
4.093897766,2112620,1250
4.093897766,2112814,194
4.096366566,2114080,1266
4.096366566,2114258,178
4.098835366,2115540,1282
4.098835366,2115702,162
4.101400166,2117000,1298
4.101400166,2117146,146
4.103868966,2118460,1314
4.103868966,2118590,130
4.106337766,2119920,1330
4.106337766,2120034,114
4.108806566,2121380,1346
4.108806566,2121478,98
4.111275366,2122840,1362
4.111275366,2122922,82
4.113840566,2124300,1378
4.113840566,2124366,66
4.116316886,2125760,1394
4.116316886,2125810,50
4.118784086,2127220,1410
4.118784086,2127254,34
4.121251286,2128680,1426
4.121251286,2128698,18
4.123718486,2130140,1442
4.123718486,2130142,2
4.126185766,2131594,1452
4.128654566,2131600,6
4.128654566,2133039,1439
4.131123366,2133060,21
4.131123366,2134484,1424
4.133688166,2134520,36
4.133688166,2135929,1409
4.136156966,2135980,51
4.136156966,2137374,1394
4.138626166,2137440,66
4.138626166,2138818,1378
4.141102566,2138900,82
4.141102566,2140262,1362
4.143571366,2140360,98
4.143571366,2141706,1346
4.146136166,2141820,114
4.146136166,2143150,1330
4.148604966,2143280,130
4.148604966,2144594,1314
4.151073766,2144740,146
4.151073766,2146038,1298
4.154488006,2146200,162
4.154488006,2147482,1282
4.157011366,2147660,178
4.157011366,2148926,1266
4.159576166,2149120,194
4.159576166,2150370,1250
4.162045366,2150580,210
4.162045366,2151814,1234
4.164521766,2152040,226
4.164521766,2153258,1218
4.166990566,2153500,242
4.166990566,2154702,1202
4.169459366,2154960,258
4.169459366,2156146,1186
4.171928166,2156420,274
4.171928166,2157590,1170
4.174396966,2157880,290
4.174396966,2159034,1154
4.176865766,2159340,306
4.176865766,2160478,1138
4.179430566,2160800,322
4.179430566,2161922,1122
4.181899366,2162260,338
4.181899366,2163366,1106
4.184368166,2163720,354
4.184368166,2164810,1090
4.186837366,2165180,370
4.186837366,2166254,1074
4.189313766,2166640,386
4.189313766,2167698,1058
4.191878566,2168100,402
4.191878566,2169142,1042
4.194347366,2169560,418
4.194347366,2170586,1026
4.196816166,2171020,434
4.196816166,2172030,1010
4.199284966,2172480,450
4.199284966,2173474,994
4.201753766,2173940,466
4.201753766,2174918,978
4.204222566,2175400,482
4.204222566,2176362,962
4.206691366,2176860,498
4.206691366,2177806,946
4.209160166,2178320,514
4.209160166,2179250,930
4.211732966,2179780,530
4.211732966,2180694,914
4.214201766,2181240,546
4.214201766,2182138,898
4.216670566,2182700,562
4.216670566,2183582,882
4.219139366,2184160,578
4.219139366,2185026,866
4.221608166,2185620,594
4.221608166,2186470,850
4.224172966,2187080,610
4.224172966,2187914,834
4.226641766,2188540,626
4.226641766,2189358,818
4.229110566,2190000,642
4.229110566,2190802,802
4.231579366,2191460,658
4.231579366,2192246,786
4.234048566,2192920,674
4.234048566,2193690,770
4.236524966,2194380,690
4.236524966,2195134,754
4.238993766,2195840,706
4.238993766,2196578,738
4.241462566,2197300,722
4.241462566,2198022,722
4.243931366,2198760,738
4.243931366,2199466,706
4.246496166,2200220,754
4.246496166,2200910,690
4.248964966,2201680,770
4.248964966,2202354,674
4.251433766,2203140,786
4.251433766,2203798,658
4.253902566,2204600,802
4.253902566,2205242,642
4.256371366,2206060,818
4.256371366,2206686,626
4.258944166,2207520,834
4.258944166,2208130,610
4.261412966,2208980,850
4.261412966,2209574,594
4.263881766,2210440,866
4.263881766,2211018,578
4.266350566,2211900,882
4.266350566,2212462,562
4.268819366,2213360,898
4.268819366,2213906,546
4.271384166,2214820,914
4.271384166,2215350,530
4.273852966,2216280,930
4.273852966,2216794,514
4.276321766,2217740,946
4.276321766,2218238,498
4.278790566,2219200,962
4.278790566,2219682,482
4.281259766,2220660,978
4.281259766,2221126,466
4.283736166,2222120,994
4.283736166,2222570,450
4.286204966,2223580,1010
4.286204966,2224014,434
4.288673766,2225040,1026
4.288673766,2225458,418
4.291238566,2226500,1042
4.291238566,2226902,402
4.293707366,2227960,1058
4.293707366,2228346,386
4.296176166,2229420,1074
4.296176166,2229790,370
4.298644966,2230880,1090
4.298644966,2231234,354
4.301113766,2232340,1106
4.301113766,2232678,338
4.303678966,2233800,1122
4.303678966,2234122,322
4.306155366,2235260,1138
4.306155366,2235566,306
4.308624166,2236720,1154
4.308624166,2237010,290
4.311092966,2238180,1170
4.311092966,2238454,274
4.313561766,2239640,1186
4.313561766,2239898,258
4.316030566,2241100,1202
4.316030566,2241342,242
4.318499366,2242560,1218
4.318499366,2242786,226
4.320968166,2244020,1234
4.320968166,2244230,210
4.323532966,2245480,1250
4.323532966,2245674,194
4.326001766,2246940,1266
4.326001766,2247118,178
4.328470966,2248400,1282
4.328470966,2248562,162
4.330947366,2249860,1298
4.330947366,2250006,146
4.333416166,2251320,1314
4.333416166,2251450,130
4.335980966,2252780,1330
4.335980966,2252894,114
4.338449766,2254240,1346
4.338449766,2254338,98
4.340918566,2255700,1362
4.340918566,2255782,82
4.343387366,2257160,1378
4.343387366,2257226,66
4.345856086,2258620,1394
4.345856086,2258670,50
4.348323286,2260080,1410
4.348323286,2260114,34
4.350790486,2261540,1426
4.350790486,2261558,18
4.353254486,2263000,1442
4.353254486,2263002,2
4.353828966,2264454,1452
4.356297766,2264460,6
4.356297766,2265899,1439
4.358766566,2265920,21
4.358766566,2267344,1424
4.361235366,2267380,36
4.361235366,2268789,1409
4.363704166,2268840,51
4.363704166,2270234,1394
4.366268966,2270300,66
4.366268966,2271678,1378
4.368737766,2271760,82
4.368737766,2273122,1362
4.371206566,2273220,98
4.371206566,2274566,1346
4.373675766,2274680,114
4.373675766,2276010,1330
4.376152166,2276140,130
4.376152166,2277454,1314
4.378620966,2277600,146
4.378620966,2278898,1298
4.381185766,2279060,162
4.381185766,2280342,1282
4.383654566,2280520,178
4.383654566,2281786,1266
4.386123366,2281980,194
4.386123366,2283230,1250
4.388592166,2283440,210
4.388592166,2284674,1234
4.391060966,2284900,226
4.391060966,2286118,1218
4.393529766,2286360,242
4.393529766,2287562,1202
4.395998566,2287820,258
4.395998566,2289006,1186
4.398571366,2289280,274
4.398571366,2290450,1170
4.401040166,2290740,290
4.401040166,2291894,1154
4.403508966,2292200,306
4.403508966,2293338,1138
4.405977766,2293660,322
4.405977766,2294782,1122
4.408446566,2295120,338
4.408446566,2296226,1106
4.411011366,2296580,354
4.411011366,2297670,1090
4.413480166,2298040,370
4.413480166,2299114,1074
4.415948966,2299500,386
4.415948966,2300558,1058
4.418417766,2300960,402
4.418417766,2302002,1042
4.420886966,2302420,418
4.420886966,2303446,1026
4.423363366,2303880,434
4.423363366,2304890,1010
4.425832166,2305340,450
4.425832166,2306334,994
4.428300966,2306800,466
4.428300966,2307778,978
4.430865766,2308260,482
4.430865766,2309222,962
4.433334566,2309720,498
4.433334566,2310666,946
4.435803366,2311180,514
4.435803366,2312110,930
4.438272166,2312640,530
4.438272166,2313554,914
4.440740966,2314100,546
4.440740966,2314998,898
4.443306166,2315560,562
4.443306166,2316442,882
4.445782566,2317020,578
4.445782566,2317886,866
4.448251366,2318480,594
4.448251366,2319330,850
4.450720166,2319940,610
4.450720166,2320774,834
4.453185686,2321400,626
4.453185686,2322218,818
4.454657766,2322860,642
4.454657766,2323662,802
4.457126566,2324320,658
4.457126566,2325106,786
4.459595366,2325780,674
4.459595366,2326550,770
4.462160166,2327240,690
4.462160166,2327994,754
4.464628966,2328700,706
4.464628966,2329438,738
4.467098166,2330160,722
4.467098166,2330882,722
4.469574566,2331620,738
4.469574566,2332326,706
4.472043366,2333080,754
4.472043366,2333770,690
4.474608166,2334540,770
4.474608166,2335214,674
4.477076966,2336000,786
4.477076966,2336658,658
4.479545766,2337460,802
4.479545766,2338102,642
4.482014566,2338920,818
4.482014566,2339546,626
4.484483366,2340380,834
4.484483366,2340990,610
4.487048166,2341840,850
4.487048166,2342434,594
4.489517366,2343300,866
4.489517366,2343878,578
4.491993766,2344760,882
4.491993766,2345322,562
4.494462566,2346220,898
4.494462566,2346766,546
4.496931366,2347680,914
4.496931366,2348210,530
4.499400166,2349140,930
4.499400166,2349654,514
4.501868966,2350600,946
4.501868966,2351098,498
4.504337766,2352060,962
4.504337766,2352542,482
4.506902566,2353520,978
4.506902566,2353986,466
4.509371366,2354980,994
4.509371366,2355430,450
4.511840166,2356440,1010
4.511840166,2356874,434
4.514309366,2357900,1026
4.514309366,2358318,418
4.516785766,2359360,1042
4.516785766,2359762,402
4.519350566,2360820,1058
4.519350566,2361206,386
4.521819366,2362280,1074
4.521819366,2362650,370
4.524288166,2363740,1090
4.524288166,2364094,354
4.526756966,2365200,1106
4.526756966,2365538,338
4.529225766,2366660,1122
4.529225766,2366982,322
4.531694566,2368120,1138
4.531694566,2368426,306
4.534163366,2369580,1154
4.534163366,2369870,290
4.536632166,2371040,1170
4.536632166,2371314,274
4.539204966,2372500,1186
4.539204966,2372758,258
4.541673766,2373960,1202
4.541673766,2374202,242
4.544142566,2375420,1218
4.544142566,2375646,226
4.546611366,2376880,1234
4.546611366,2377090,210
4.549080166,2378340,1250
4.549080166,2378534,194
4.555590406,2379800,1266
4.555590406,2379978,178
4.558113766,2381260,1282
4.558113766,2381422,162
4.560582566,2382720,1298
4.560582566,2382866,146
4.563051366,2384180,1314
4.563051366,2384310,130
4.565520566,2385640,1330
4.565520566,2385754,114
4.567996966,2387100,1346
4.567996966,2387198,98
4.570465766,2388560,1362
4.570465766,2388642,82
4.572934566,2390020,1378
4.572934566,2390086,66
4.575499286,2391480,1394
4.575499286,2391530,50
4.577966486,2392940,1410
4.577966486,2392974,34
4.580433686,2394400,1426
4.580433686,2394418,18
4.582900886,2395860,1442
4.582900886,2395862,2
4.585368166,2397314,1452
4.587933366,2397320,6
4.587933366,2398759,1439
4.590409766,2398780,21
4.590409766,2400204,1424
4.592878566,2400240,36
4.592878566,2401649,1409
4.595347366,2401700,51
4.595347366,2403094,1394
4.597816166,2403160,66
4.597816166,2404538,1378
4.600284966,2404620,82
4.600284966,2405982,1362
4.602849766,2406080,98
4.602849766,2407426,1346
4.605318566,2407540,114
4.605318566,2408870,1330
4.607787366,2409000,130
4.607787366,2410314,1314
4.610256166,2410460,146
4.610256166,2411758,1298
4.612725366,2411920,162
4.612725366,2413202,1282
4.615201766,2413380,178
4.615201766,2414646,1266
4.617670566,2414840,194
4.617670566,2416090,1250
4.620139366,2416300,210
4.620139366,2417534,1234
4.622704166,2417760,226
4.622704166,2418978,1218
4.625172966,2419220,242
4.625172966,2420422,1202
4.627641766,2420680,258
4.627641766,2421866,1186
4.630110566,2422140,274
4.630110566,2423310,1170
4.632579366,2423600,290
4.632579366,2424754,1154
4.635144566,2425060,306
4.635144566,2426198,1138
4.637620966,2426520,322
4.637620966,2427642,1122
4.640089766,2427980,338
4.640089766,2429086,1106
4.642558566,2429440,354
4.642558566,2430530,1090
4.645027366,2430900,370
4.645027366,2431974,1074
4.647496166,2432360,386
4.647496166,2433418,1058
4.649964966,2433820,402
4.649964966,2434862,1042
4.652433766,2435280,418
4.652433766,2436306,1026
4.654995286,2436740,434
4.654995286,2439194,2454
4.656936566,2439660,466
4.656936566,2440638,978
4.659412966,2441120,482
4.659412966,2442082,962
4.661881766,2442580,498
4.661881766,2443526,946
4.664446566,2444040,514
4.664446566,2444970,930
4.666915366,2445500,530
4.666915366,2446414,914
4.669384166,2446960,546
4.669384166,2447858,898
4.671852966,2448420,562
4.671852966,2449302,882
4.674321766,2449880,578
4.674321766,2450746,866
4.676790566,2451340,594
4.676790566,2452190,850
4.679355766,2452800,610
4.679355766,2453634,834
4.681832166,2454260,626
4.681832166,2455078,818
4.684300966,2455720,642
4.684300966,2456522,802
4.686769766,2457180,658
4.686769766,2457966,786
4.689238566,2458640,674
4.689238566,2459410,770
4.691707366,2460100,690
4.691707366,2460854,754
4.694176166,2461560,706
4.694176166,2462298,738
4.696740966,2463020,722
4.696740966,2463742,722
4.699209766,2464480,738
4.699209766,2465186,706
4.701678566,2465940,754
4.701678566,2466630,690
4.704147766,2467400,770
4.704147766,2468074,674
4.706624166,2468860,786
4.706624166,2469518,658
4.709092966,2470320,802
4.709092966,2470962,642
4.711657766,2471780,818
4.711657766,2472406,626
4.714126566,2473240,834
4.714126566,2473850,610
4.716595366,2474700,850
4.716595366,2475294,594
4.719064166,2476160,866
4.719064166,2476738,578
4.721532966,2477620,882
4.721532966,2478182,562
4.724001766,2479080,898
4.724001766,2479626,546
4.726470566,2480540,914
4.726470566,2481070,530
4.729043366,2482000,930
4.729043366,2482514,514
4.731512166,2483460,946
4.731512166,2483958,498
4.733980966,2484920,962
4.733980966,2485402,482
4.736449766,2486380,978
4.736449766,2486846,466
4.738918566,2487840,994
4.738918566,2488290,450
4.741483366,2489300,1010
4.741483366,2489734,434
4.743952166,2490760,1026
4.743952166,2491178,418
4.746420966,2492220,1042
4.746420966,2492622,402
4.748889766,2493680,1058
4.748889766,2494066,386
4.751355286,2495140,1074
4.751355286,2495510,370
4.752835366,2496600,1090
4.752835366,2496954,354
4.755304166,2498060,1106
4.755304166,2498398,338
4.757772966,2499520,1122
4.757772966,2499842,322
4.760337766,2500980,1138
4.760337766,2501286,306
4.762806566,2502440,1154
4.762806566,2502730,290
4.765275366,2503900,1170
4.765275366,2504174,274
4.767744166,2505360,1186
4.767744166,2505618,258
4.770212966,2506820,1202
4.770212966,2507062,242
4.772778166,2508280,1218
4.772778166,2508506,226
4.775254566,2509740,1234
4.775254566,2509950,210
4.777723366,2511200,1250
4.777723366,2511394,194
4.780192166,2512660,1266
4.780192166,2512838,178
4.782660966,2514120,1282
4.782660966,2514282,162
4.785129766,2515580,1298
4.785129766,2515726,146
4.787598566,2517040,1314
4.787598566,2517170,130
4.790067366,2518500,1330
4.790067366,2518614,114
4.792632166,2519960,1346
4.792632166,2520058,98
4.795100966,2521420,1362
4.795100966,2521502,82
4.797570166,2522880,1378
4.797570166,2522946,66
4.800046486,2524340,1394
4.800046486,2524390,50
4.802513686,2525800,1410
4.802513686,2525834,34
4.805076886,2527260,1426
4.805076886,2527278,18
4.807544086,2528720,1442
4.807544086,2528722,2
4.810011366,2530174,1452
4.812480166,2530180,6
4.812480166,2531619,1439
4.814948966,2531640,21
4.814948966,2533064,1424
4.817513766,2533100,36
4.817513766,2534509,1409
4.819982966,2534560,51
4.819982966,2535954,1394
4.822459366,2536020,66
4.822459366,2537398,1378
4.824928166,2537480,82
4.824928166,2538842,1362
4.827396966,2538940,98
4.827396966,2540286,1346
4.829865766,2540400,114
4.829865766,2541730,1330
4.832334566,2541860,130
4.832334566,2543174,1314
4.834803366,2543320,146
4.834803366,2544618,1298
4.837368166,2544780,162
4.837368166,2546062,1282
4.839836966,2546240,178
4.839836966,2547506,1266
4.842305766,2547700,194
4.842305766,2548950,1250
4.844774966,2549160,210
4.844774966,2550394,1234
4.847251366,2550620,226
4.847251366,2551838,1218
4.849816166,2552080,242
4.849816166,2553282,1202
4.854230406,2553540,258
4.854230406,2554726,1186
4.856753766,2555000,274
4.856753766,2556170,1170
4.859222566,2556460,290
4.859222566,2557614,1154
4.861691366,2557920,306
4.861691366,2559058,1138
4.864160166,2559380,322
4.864160166,2560502,1122
4.866628966,2560840,338
4.866628966,2561946,1106
4.869097766,2562300,354
4.869097766,2563390,1090
4.871670566,2563760,370
4.871670566,2564834,1074
4.874139366,2565220,386
4.874139366,2566278,1058
4.876608166,2566680,402
4.876608166,2567722,1042
4.879076966,2568140,418
4.879076966,2569166,1026
4.881545766,2569600,434
4.881545766,2570610,1010
4.884110566,2571060,450
4.884110566,2572054,994
4.886579366,2572520,466
4.886579366,2573498,978
4.889048166,2573980,482
4.889048166,2574942,962
4.891516966,2575440,498
4.891516966,2576386,946
4.893986166,2576900,514
4.893986166,2577830,930
4.896462566,2578360,530
4.896462566,2579274,914
4.899027366,2579820,546
4.899027366,2580718,898
4.901496166,2581280,562
4.901496166,2582162,882
4.903964966,2582740,578
4.903964966,2583606,866
4.906433766,2584200,594
4.906433766,2585050,850
4.908902566,2585660,610
4.908902566,2586494,834
4.911371366,2587120,626
4.911371366,2587938,818
4.913840166,2588580,642
4.913840166,2589382,802
4.916405366,2590040,658
4.916405366,2590826,786
4.918881766,2591500,674
4.918881766,2592270,770
4.921350566,2592960,690
4.921350566,2593714,754
4.923819366,2594420,706
4.923819366,2595158,738
4.926288166,2595880,722
4.926288166,2596602,722
4.928756966,2597340,738
4.928756966,2598046,706
4.931321766,2598800,754
4.931321766,2599490,690
4.933790566,2600260,770
4.933790566,2600934,674
4.936259366,2601720,786
4.936259366,2602378,658
4.938728166,2603180,802
4.938728166,2603822,642
4.941197366,2604640,818
4.941197366,2605266,626
4.943673766,2606100,834
4.943673766,2606710,610
4.946142566,2607560,850
4.946142566,2608154,594
4.948707366,2609020,866
4.948707366,2609598,578
4.951176166,2610480,882
4.951176166,2611042,562
4.953641686,2611940,898
4.953641686,2612486,546
4.955113766,2613400,914
4.955113766,2613930,530
4.957582566,2614860,930
4.957582566,2615374,514
4.960147366,2616320,946
4.960147366,2616818,498
4.962616566,2617780,962
4.962616566,2618262,482
4.965092966,2619240,978
4.965092966,2619706,466
4.967561766,2620700,994
4.967561766,2621150,450
4.970030566,2622160,1010
4.970030566,2622594,434
4.972499366,2623620,1026
4.972499366,2624038,418
4.974968166,2625080,1042
4.974968166,2625482,402
4.977436966,2626540,1058
4.977436966,2626926,386
4.979905766,2628000,1074
4.979905766,2628370,370
4.982470566,2629460,1090
4.982470566,2629814,354
4.984939366,2630920,1106
4.984939366,2631258,338
4.987408566,2632380,1122
4.987408566,2632702,322
4.989884966,2633840,1138
4.989884966,2634146,306
4.992353766,2635300,1154
4.992353766,2635590,290
4.994918566,2636760,1170
4.994918566,2637034,274
4.997387366,2638220,1186
4.997387366,2638478,258
4.999856166,2639680,1202
4.999856166,2639922,242
5.002324966,2641140,1218
5.002324966,2641366,226
5.004793766,2642600,1234
5.004793766,2642810,210
5.007262566,2644060,1250
5.007262566,2644254,194
5.009827766,2645520,1266
5.009827766,2645698,178
5.012304166,2646980,1282
5.012304166,2647142,162
5.014772966,2648440,1298
5.014772966,2648586,146
5.017241766,2649900,1314
5.017241766,2650030,130
5.019710566,2651360,1330
5.019710566,2651474,114
5.022179366,2652820,1346
5.022179366,2652918,98
5.024648166,2654280,1362
5.024648166,2654362,82
5.027212966,2655740,1378
5.027212966,2655806,66
5.029681686,2657200,1394
5.029681686,2657250,50
5.032148886,2658660,1410
5.032148886,2658694,34
5.034616486,2660120,1426
5.034616486,2660138,18
5.037091286,2661580,1442
5.037091286,2661582,2
5.039654566,2663034,1452
5.042123366,2663040,6
5.042123366,2664479,1439
5.044592166,2664500,21
5.044592166,2665924,1424
5.047060966,2665960,36
5.047060966,2667369,1409
5.049529766,2667420,51
5.049529766,2668814,1394
5.051998566,2668880,66
5.051998566,2670258,1378
5.054467366,2670340,82
5.054467366,2671702,1362
5.056936166,2671800,98
5.056936166,2673146,1346
5.059508966,2673260,114
5.059508966,2674590,1330
5.061977766,2674720,130
5.061977766,2676034,1314
5.064446566,2676180,146
5.064446566,2677478,1298
5.066915366,2677640,162
5.066915366,2678922,1282
5.069384166,2679100,178
5.069384166,2680366,1266
5.071948966,2680560,194
5.071948966,2681810,1250
5.074417766,2682020,210
5.074417766,2683254,1234
5.076886566,2683480,226
5.076886566,2684698,1218
5.079355366,2684940,242
5.079355366,2686142,1202
5.081824566,2686400,258
5.081824566,2687586,1186
5.084300966,2687860,274
5.084300966,2689030,1170
5.086769766,2689320,290
5.086769766,2690474,1154
5.089238566,2690780,306
5.089238566,2691918,1138
5.091803366,2692240,322
5.091803366,2693362,1122
5.094272166,2693700,338
5.094272166,2694806,1106
5.096740966,2695160,354
5.096740966,2696250,1090
5.099209766,2696620,370
5.099209766,2697694,1074
5.101678566,2698080,386
5.101678566,2699138,1058
5.104243766,2699540,402
5.104243766,2700582,1042
5.106720166,2701000,418
5.106720166,2702026,1026
5.109188966,2702460,434
5.109188966,2703470,1010
5.111657766,2703920,450
5.111657766,2704914,994
5.114126566,2705380,466
5.114126566,2706358,978
5.116595366,2706840,482
5.116595366,2707802,962
5.119160166,2708300,498
5.119160166,2709246,946
5.121628966,2709760,514
5.121628966,2710690,930
5.124097766,2711220,530
5.124097766,2712134,914
5.126566566,2712680,546
5.126566566,2713578,898
5.129035766,2714140,562
5.129035766,2715022,882
5.131512166,2715600,578
5.131512166,2716466,866
5.133980966,2717060,594
5.133980966,2717910,850
5.136545766,2718520,610
5.136545766,2719354,834
5.139014566,2719980,626
5.139014566,2720798,818
5.141483366,2721440,642
5.141483366,2722242,802
5.143952166,2722900,658
5.143952166,2723686,786
5.146420966,2724360,674
5.146420966,2725130,770
5.148889766,2725820,690
5.148889766,2726574,754
5.151454966,2727280,706
5.151454966,2728018,738
5.153931366,2728740,722
5.153931366,2729462,722
5.156400166,2730200,738
5.156400166,2730906,706
5.158868966,2731660,754
5.158868966,2732350,690
5.161337766,2733120,770
5.161337766,2733794,674
5.163806566,2734580,786
5.163806566,2735238,658
5.166275366,2736040,802
5.166275366,2736682,642
5.168840166,2737500,818
5.168840166,2738126,626
5.171308966,2738960,834
5.171308966,2739570,610
5.173777766,2740420,850
5.173777766,2741014,594
5.176246966,2741880,866
5.176246966,2742458,578
5.178723366,2743340,882
5.178723366,2743902,562
5.181288166,2744800,898
5.181288166,2745346,546
5.183756966,2746260,914
5.183756966,2746790,530
5.186225766,2747720,930
5.186225766,2748234,514
5.188694566,2749180,946
5.188694566,2749678,498
5.191163366,2750640,962
5.191163366,2751122,482
5.193632166,2752100,978
5.193632166,2752566,466
5.196100966,2753560,994
5.196100966,2754010,450
5.198569766,2755020,1010
5.198569766,2755454,434
5.201142566,2756480,1026
5.201142566,2756898,418
5.203611366,2757940,1042
5.203611366,2758342,402
5.206080166,2759400,1058
5.206080166,2759786,386
5.208548966,2760860,1074
5.208548966,2761230,370
5.211017766,2762320,1090
5.211017766,2762674,354
5.213582566,2763780,1106
5.213582566,2764118,338
5.216051366,2765240,1122
5.216051366,2765562,322
5.218520166,2766700,1138
5.218520166,2767006,306
5.220988966,2768160,1154
5.220988966,2768450,290
5.223458166,2769620,1170
5.223458166,2769894,274
5.225934566,2771080,1186
5.225934566,2771338,258
5.228499366,2772540,1202
5.228499366,2772782,242
5.230968166,2774000,1218
5.230968166,2774226,226
5.233436966,2775460,1234
5.233436966,2775670,210
5.235905766,2776920,1250
5.235905766,2777114,194
5.238374566,2778380,1266
5.238374566,2778558,178
5.240843366,2779840,1282
5.240843366,2780002,162
5.243312166,2781300,1298
5.243312166,2781446,146
5.245877366,2782760,1314
5.245877366,2782890,130
5.248353766,2784220,1330
5.248353766,2784334,114
5.250822566,2785680,1346
5.250822566,2785778,98
5.253288086,2787140,1362
5.253288086,2787222,82
5.254760166,2788600,1378
5.254760166,2788666,66
5.257228886,2790060,1394
5.257228886,2790110,50
5.259792086,2791520,1410
5.259792086,2791554,34
5.262259286,2792980,1426
5.262259286,2792998,18
5.264726486,2794440,1442
5.264726486,2794442,2
5.267193766,2795894,1452
5.269662966,2795900,6
5.269662966,2797339,1439
5.272139366,2797360,21
5.272139366,2798784,1424
5.274608166,2798820,36
5.274608166,2800229,1409
5.277172966,2800280,51
5.277172966,2801674,1394
5.279641766,2801740,66
5.279641766,2803118,1378
5.282110566,2803200,82
5.282110566,2804562,1362
5.284579366,2804660,98
5.284579366,2806006,1346
5.287048166,2806120,114
5.287048166,2807450,1330
5.289516966,2807580,130
5.289516966,2808894,1314
5.292082166,2809040,146
5.292082166,2810338,1298
5.294558566,2810500,162
5.294558566,2811782,1282
5.297027366,2811960,178
5.297027366,2813226,1266
5.299496166,2813420,194
5.299496166,2814670,1250
5.301964966,2814880,210
5.301964966,2816114,1234
5.304529766,2816340,226
5.304529766,2817558,1218
5.306998566,2817800,242
5.306998566,2819002,1202
5.309467366,2819260,258
5.309467366,2820446,1186
5.311936166,2820720,274
5.311936166,2821890,1170
5.314404966,2822180,290
5.314404966,2823334,1154
5.316874166,2823640,306
5.316874166,2824778,1138
5.319350566,2825100,322
5.319350566,2826222,1122
5.321915366,2826560,338
5.321915366,2827666,1106
5.324384166,2828020,354
5.324384166,2829110,1090
5.326852966,2829480,370
5.326852966,2830554,1074
5.329321766,2830940,386
5.329321766,2831998,1058
5.331790566,2832400,402
5.331790566,2833442,1042
5.334259366,2833860,418
5.334259366,2834886,1026
5.336824166,2835320,434
5.336824166,2836330,1010
5.339293366,2836780,450
5.339293366,2837774,994
5.341769766,2838240,466
5.341769766,2839218,978
5.344238566,2839700,482
5.344238566,2840662,962
5.346707366,2841160,498
5.346707366,2842106,946
5.349176166,2842620,514
5.349176166,2843550,930
5.355590406,2844080,530
5.355590406,2844994,914
5.358209766,2845540,546
5.358209766,2846438,898
5.360678566,2847000,562
5.360678566,2847882,882
5.363147366,2848460,578
5.363147366,2849326,866
5.365616166,2849920,594
5.365616166,2850770,850
5.368085366,2851380,610
5.368085366,2852214,834
5.370561766,2852840,626
5.370561766,2853658,818
5.373030566,2854300,642
5.373030566,2855102,802
5.375595366,2855760,658
5.375595366,2856546,786
5.378064166,2857220,674
5.378064166,2857990,770
5.380532966,2858680,690
5.380532966,2859434,754
5.383001766,2860140,706
5.383001766,2860878,738
5.385470566,2861600,722
5.385470566,2862322,722
5.387939366,2863060,738
5.387939366,2863766,706
5.390408166,2864520,754
5.390408166,2865210,690
5.392980966,2865980,770
5.392980966,2866654,674
5.395449766,2867440,786
5.395449766,2868098,658
5.397918566,2868900,802
5.397918566,2869542,642
5.400387366,2870360,818
5.400387366,2870986,626
5.402856166,2871820,834
5.402856166,2872430,610
5.405324966,2873280,850
5.405324966,2873874,594
5.407889766,2874740,866
5.407889766,2875318,578
5.410358566,2876200,882
5.410358566,2876762,562
5.412827366,2877660,898
5.412827366,2878206,546
5.415296566,2879120,914
5.415296566,2879650,530
5.417772966,2880580,930
5.417772966,2881094,514
5.420337766,2882040,946
5.420337766,2882538,498
5.422806566,2883500,962
5.422806566,2883982,482
5.425275366,2884960,978
5.425275366,2885426,466
5.427744166,2886420,994
5.427744166,2886870,450
5.430212966,2887880,1010
5.430212966,2888314,434
5.432681766,2889340,1026
5.432681766,2889758,418
5.435150566,2890800,1042
5.435150566,2891202,402
5.437619366,2892260,1058
5.437619366,2892646,386
5.440192166,2893720,1074
5.440192166,2894090,370
5.442660966,2895180,1090
5.442660966,2895534,354
5.445129766,2896640,1106
5.445129766,2896978,338
5.447598566,2898100,1122
5.447598566,2898422,322
5.450067366,2899560,1138
5.450067366,2899866,306
5.452632166,2901020,1154
5.452632166,2901310,290
5.455097686,2902480,1170
5.455097686,2902754,274
5.455569766,2903940,1186
5.455569766,2904198,258
5.458038566,2905400,1202
5.458038566,2905642,242
5.460507766,2906860,1218
5.460507766,2907086,226
5.462984166,2908320,1234
5.462984166,2908530,210
5.465452966,2909780,1250
5.465452966,2909974,194
5.468017766,2911240,1266
5.468017766,2911418,178
5.470486566,2912700,1282
5.470486566,2912862,162
5.472955366,2914160,1298
5.472955366,2914306,146
5.475424166,2915620,1314
5.475424166,2915750,130
5.477892966,2917080,1330
5.477892966,2917194,114
5.480361766,2918540,1346
5.480361766,2918638,98
5.482926966,2920000,1362
5.482926966,2920082,82
5.485403366,2921460,1378
5.485403366,2921526,66
5.487872086,2922920,1394
5.487872086,2922970,50
5.490339286,2924380,1410
5.490339286,2924414,34
5.492806486,2925840,1426
5.492806486,2925858,18
5.495273686,2927300,1442
5.495273686,2927302,2
5.497740966,2928754,1452
5.500305766,2928760,6
5.500305766,2930199,1439
5.502774566,2930220,21
5.502774566,2931644,1424
5.505243366,2931680,36
5.505243366,2933089,1409
5.507712566,2933140,51
5.507712566,2934534,1394
5.510188966,2934600,66
5.510188966,2935978,1378
5.512657766,2936060,82
5.512657766,2937422,1362
5.515222566,2937520,98
5.515222566,2938866,1346
5.517691366,2938980,114
5.517691366,2940310,1330
5.520160166,2940440,130
5.520160166,2941754,1314
5.522628966,2941900,146
5.522628966,2943198,1298
5.525097766,2943360,162
5.525097766,2944642,1282
5.527662566,2944820,178
5.527662566,2946086,1266
5.530131766,2946280,194
5.530131766,2947530,1250
5.532608166,2947740,210
5.532608166,2948974,1234
5.535076966,2949200,226
5.535076966,2950418,1218
5.537545766,2950660,242
5.537545766,2951862,1202
5.540014566,2952120,258
5.540014566,2953306,1186
5.542483366,2953580,274
5.542483366,2954750,1170
5.544952166,2955040,290
5.544952166,2956194,1154
5.547516966,2956500,306
5.547516966,2957638,1138
5.549985766,2957960,322
5.549985766,2959082,1122
5.553400006,2959420,338
5.553400006,2960526,1106
5.555923766,2960880,354
5.555923766,2961970,1090
5.558400166,2962340,370
5.558400166,2963414,1074
5.560964966,2963800,386
5.560964966,2964858,1058
5.563433766,2965260,402
5.563433766,2966302,1042
5.565902566,2966720,418
5.565902566,2967746,1026
5.568371366,2968180,434
5.568371366,2969190,1010
5.570840166,2969640,450
5.570840166,2970634,994
5.573308966,2971100,466
5.573308966,2972078,978
5.575777766,2972560,482
5.575777766,2973522,962
5.578246566,2974020,498
5.578246566,2974966,946
5.580819366,2975480,514
5.580819366,2976410,930
5.583288166,2976940,530
5.583288166,2977854,914
5.585756966,2978400,546
5.585756966,2979298,898
5.588225766,2979860,562
5.588225766,2980742,882
5.590694566,2981320,578
5.590694566,2982186,866
5.593259366,2982780,594
5.593259366,2983630,850
5.595728166,2984240,610
5.595728166,2985074,834
5.598196966,2985700,626
5.598196966,2986518,818
5.600665766,2987160,642
5.600665766,2987962,802
5.603134966,2988620,658
5.603134966,2989406,786
5.605707366,2990080,674
5.605707366,2990850,770
5.608176166,2991540,690
5.608176166,2992294,754
5.610644966,2993000,706
5.610644966,2993738,738
5.613113766,2994460,722
5.613113766,2995182,722
5.615582566,2995920,738
5.615582566,2996626,706
5.618051366,2997380,754
5.618051366,2998070,690
5.620520166,2998840,770
5.620520166,2999514,674
5.622988966,3000300,786
5.622988966,3000958,658
5.625554166,3001760,802
5.625554166,3002402,642
5.628030566,3003220,818
5.628030566,3003846,626
5.630499366,3004680,834
5.630499366,3005290,610
5.632968166,3006140,850
5.632968166,3006734,594
5.635436966,3007600,866
5.635436966,3008178,578
5.638001766,3009060,882
5.638001766,3009622,562
5.640470566,3010520,898
5.640470566,3011066,546
5.642939366,3011980,914
5.642939366,3012510,530
5.645408166,3013440,930
5.645408166,3013954,514
5.647876966,3014900,946
5.647876966,3015398,498
5.650346166,3016360,962
5.650346166,3016842,482
5.652822566,3017820,978
5.652822566,3018286,466
5.655288086,3019280,994
5.655288086,3019730,450
5.655856166,3020740,1010
5.655856166,3021174,434
5.658324966,3022200,1026
5.658324966,3022618,418
5.660793766,3023660,1042
5.660793766,3024062,402
5.663262566,3025120,1058
5.663262566,3025506,386
5.665731366,3026580,1074
5.665731366,3026950,370
5.668296166,3028040,1090
5.668296166,3028394,354
5.670765366,3029500,1106
5.670765366,3029838,338
5.673241766,3030960,1122
5.673241766,3031282,322
5.675710566,3032420,1138
5.675710566,3032726,306
5.678179366,3033880,1154
5.678179366,3034170,290
5.680648166,3035340,1170
5.680648166,3035614,274
5.683116966,3036800,1186
5.683116966,3037058,258
5.685585766,3038260,1202
5.685585766,3038502,242
5.688150566,3039720,1218
5.688150566,3039946,226
5.690619366,3041180,1234
5.690619366,3041390,210
5.693088166,3042640,1250
5.693088166,3042834,194
5.695557366,3044100,1266
5.695557366,3044278,178
5.698033766,3045560,1282
5.698033766,3045722,162
5.700598566,3047020,1298
5.700598566,3047166,146
5.703067366,3048480,1314
5.703067366,3048610,130
5.705536166,3049940,1330
5.705536166,3050054,114
5.708004966,3051400,1346
5.708004966,3051498,98
5.710473766,3052860,1362
5.710473766,3052942,82
5.713038566,3054320,1378
5.713038566,3054386,66
5.715507286,3055780,1394
5.715507286,3055830,50
5.717974886,3057240,1410
5.717974886,3057274,34
5.720449686,3058700,1426
5.720449686,3058718,18
5.722916886,3060160,1442
5.722916886,3060162,2
5.725384166,3061614,1452
5.727852966,3061620,6
5.727852966,3063059,1439
5.730321766,3063080,21
5.730321766,3064504,1424
5.732886566,3064540,36
5.732886566,3065949,1409
5.735355366,3066000,51
5.735355366,3067394,1394
5.737824166,3067460,66
5.737824166,3068838,1378
5.740292966,3068920,82
5.740292966,3070282,1362
5.742762166,3070380,98
5.742762166,3071726,1346
5.745334566,3071840,114
5.745334566,3073170,1330
5.747803366,3073300,130
5.747803366,3074614,1314
5.750272166,3074760,146
5.750272166,3076058,1298
5.752740966,3076220,162
5.752740966,3077502,1282
5.755209766,3077680,178
5.755209766,3078946,1266
5.757678566,3079140,194
5.757678566,3080390,1250
5.760147366,3080600,210
5.760147366,3081834,1234
5.762616166,3082060,226
5.762616166,3083278,1218
5.765084966,3083520,242
5.765084966,3084722,1202
5.767657766,3084980,258
5.767657766,3086166,1186
5.770126566,3086440,274
5.770126566,3087610,1170
5.772595366,3087900,290
5.772595366,3089054,1154
5.775064166,3089360,306
5.775064166,3090498,1138
5.777532966,3090820,322
5.777532966,3091942,1122
5.780097766,3092280,338
5.780097766,3093386,1106
5.782566566,3093740,354
5.782566566,3094830,1090
5.785035366,3095200,370
5.785035366,3096274,1074
5.787504166,3096660,386
5.787504166,3097718,1058
5.789973366,3098120,402
5.789973366,3099162,1042
5.792449766,3099580,418
5.792449766,3100606,1026
5.794918566,3101040,434
5.794918566,3102050,1010
5.797387366,3102500,450
5.797387366,3103494,994
5.799952166,3103960,466
5.799952166,3104938,978
5.802420966,3105420,482
5.802420966,3106382,962
5.804889766,3106880,498
5.804889766,3107826,946
5.807358566,3108340,514
5.807358566,3109270,930
5.809827366,3109800,530
5.809827366,3110714,914
5.812392566,3111260,546
5.812392566,3112158,898
5.814868966,3112720,562
5.814868966,3113602,882
5.817337766,3114180,578
5.817337766,3115046,866
5.819806566,3115640,594
5.819806566,3116490,850
5.822275366,3117100,610
5.822275366,3117934,834
5.824840166,3118560,626
5.824840166,3119378,818
5.827308966,3120020,642
5.827308966,3120822,802
5.829777766,3121480,658
5.829777766,3122266,786
5.832246566,3122940,674
5.832246566,3123710,770
5.834715366,3124400,690
5.834715366,3125154,754
5.837184566,3125860,706
5.837184566,3126598,738
5.839660966,3127320,722
5.839660966,3128042,722
5.842129766,3128780,738
5.842129766,3129486,706
5.844694566,3130240,754
5.844694566,3130930,690
5.847163366,3131700,770
5.847163366,3132374,674
5.849632166,3133160,786
5.849632166,3133818,658
5.853046406,3134620,802
5.853046406,3135262,642
5.855569766,3136080,818
5.855569766,3136706,626
5.858134566,3137540,834
5.858134566,3138150,610
5.860603766,3139000,850
5.860603766,3139594,594
5.863080166,3140460,866
5.863080166,3141038,578
5.865548966,3141920,882
5.865548966,3142482,562
5.868017766,3143380,898
5.868017766,3143926,546
5.870486566,3144840,914
5.870486566,3145370,530
5.872955366,3146300,930
5.872955366,3146814,514
5.875424166,3147760,946
5.875424166,3148258,498
5.877988966,3149220,962
5.877988966,3149702,482
5.880457766,3150680,978
5.880457766,3151146,466
5.882926566,3152140,994
5.882926566,3152590,450
5.885395766,3153600,1010
5.885395766,3154034,434
5.887872166,3155060,1026
5.887872166,3155478,418
5.890436966,3156520,1042
5.890436966,3156922,402
5.892905766,3157980,1058
5.892905766,3158366,386
5.895374566,3159440,1074
5.895374566,3159810,370
5.897843366,3160900,1090
5.897843366,3161254,354
5.900312166,3162360,1106
5.900312166,3162698,338
5.902780966,3163820,1122
5.902780966,3164142,322
5.905249766,3165280,1138
5.905249766,3165586,306
5.907718566,3166740,1154
5.907718566,3167030,290
5.910291366,3168200,1170
5.910291366,3168474,274
5.912760166,3169660,1186
5.912760166,3169918,258
5.915228966,3171120,1202
5.915228966,3171362,242
5.917697766,3172580,1218
5.917697766,3172806,226
5.920166566,3174040,1234
5.920166566,3174250,210
5.922731366,3175500,1250
5.922731366,3175694,194
5.925200166,3176960,1266
5.925200166,3177138,178
5.927668966,3178420,1282
5.927668966,3178582,162
5.930137766,3179880,1298
5.930137766,3180026,146
5.932606966,3181340,1314
5.932606966,3181470,130
5.935179366,3182800,1330
5.935179366,3182914,114
5.937648166,3184260,1346
5.937648166,3184358,98
5.940116966,3185720,1362
5.940116966,3185802,82
5.942585766,3187180,1378
5.942585766,3187246,66
5.945054486,3188640,1394
5.945054486,3188690,50
5.947521686,3190100,1410
5.947521686,3190134,34
5.949988886,3191560,1426
5.949988886,3191578,18
5.952456086,3193020,1442
5.952456086,3193022,2
5.955019766,3194474,1452
5.957496166,3194480,6
5.957496166,3195919,1439
5.959964966,3195940,21
5.959964966,3197364,1424
5.962433766,3197400,36
5.962433766,3198809,1409
5.964902566,3198860,51
5.964902566,3200254,1394
5.967467366,3200320,66
5.967467366,3201698,1378
5.969936166,3201780,82
5.969936166,3203142,1362
5.972404966,3203240,98
5.972404966,3204586,1346
5.974873766,3204700,114
5.974873766,3206030,1330
5.977342566,3206160,130
5.977342566,3207474,1314
5.979811766,3207620,146
5.979811766,3208918,1298
5.982288166,3209080,162
5.982288166,3210362,1282
5.984756966,3210540,178
5.984756966,3211806,1266
5.987321766,3212000,194
5.987321766,3213250,1250
5.989790566,3213460,210
5.989790566,3214694,1234
5.992259366,3214920,226
5.992259366,3216138,1218
5.994728166,3216380,242
5.994728166,3217582,1202
5.997196966,3217840,258
5.997196966,3219026,1186
5.999761766,3219300,274
5.999761766,3220470,1170
6.002230966,3220760,290
6.002230966,3221914,1154
6.004707366,3222220,306
6.004707366,3223358,1138
6.007176166,3223680,322
6.007176166,3224802,1122
6.009644966,3225140,338
6.009644966,3226246,1106
6.012209766,3226600,354
6.012209766,3227690,1090
6.014678566,3228060,370
6.014678566,3229134,1074
6.017147366,3229520,386
6.017147366,3230578,1058
6.019616166,3230980,402
6.019616166,3232022,1042
6.022084966,3232440,418
6.022084966,3233466,1026
6.024553766,3233900,434
6.024553766,3234910,1010
6.027022966,3235360,450
6.027022966,3236354,994
6.029499366,3236820,466
6.029499366,3237798,978
6.032064166,3238280,482
6.032064166,3239242,962
6.034532966,3239740,498
6.034532966,3240686,946
6.037001766,3241200,514
6.037001766,3242130,930
6.039470566,3242660,530
6.039470566,3243574,914
6.041939366,3244120,546
6.041939366,3245018,898
6.044504166,3245580,562
6.044504166,3246462,882
6.046972966,3247040,578
6.046972966,3247906,866
6.049442166,3248500,594
6.049442166,3249350,850
6.051918566,3249960,610
6.051918566,3250794,834
6.054387366,3251420,626
6.054387366,3252238,818
6.056856166,3252880,642
6.056856166,3253682,802
6.059324966,3254340,658
6.059324966,3255126,786
6.061793766,3255800,674
6.061793766,3256570,770
6.064358566,3257260,690
6.064358566,3258014,754
6.066827366,3258720,706
6.066827366,3259458,738
6.069296166,3260180,722
6.069296166,3260902,722
6.071764966,3261640,738
6.071764966,3262346,706
6.074234166,3263100,754
6.074234166,3263790,690
6.076806566,3264560,770
6.076806566,3265234,674
6.079275366,3266020,786
6.079275366,3266678,658
6.081744166,3267480,802
6.081744166,3268122,642
6.084212966,3268940,818
6.084212966,3269566,626
6.086681766,3270400,834
6.086681766,3271010,610
6.089150566,3271860,850
6.089150566,3272454,594
6.091619366,3273320,866
6.091619366,3273898,578
6.094088166,3274780,882
6.094088166,3275342,562
6.096653366,3276240,898
6.096653366,3276786,546
6.099129766,3277700,914
6.099129766,3278230,530
6.101598566,3279160,930
6.101598566,3279674,514
6.104067366,3280620,946
6.104067366,3281118,498
6.106536166,3282080,962
6.106536166,3282562,482
6.109100966,3283540,978
6.109100966,3284006,466
6.111569766,3285000,994
6.111569766,3285450,450
6.114038566,3286460,1010
6.114038566,3286894,434
6.116507366,3287920,1026
6.116507366,3288338,418
6.118976166,3289380,1042
6.118976166,3289782,402
6.121548966,3290840,1058
6.121548966,3291226,386
6.124017766,3292300,1074
6.124017766,3292670,370
6.126486566,3293760,1090
6.126486566,3294114,354
6.128955366,3295220,1106
6.128955366,3295558,338
6.131424166,3296680,1122
6.131424166,3297002,322
6.133892966,3298140,1138
6.133892966,3298446,306
6.136361766,3299600,1154
6.136361766,3299890,290
6.138830566,3301060,1170
6.138830566,3301334,274
6.141395366,3302520,1186
6.141395366,3302778,258
6.143864566,3303980,1202
6.143864566,3304222,242
6.146340966,3305440,1218
6.146340966,3305666,226
6.148809766,3306900,1234
6.148809766,3307110,210
6.151278566,3308360,1250
6.151278566,3308554,194
6.154692806,3309820,1266
6.154692806,3309998,178
6.157312166,3311280,1282
6.157312166,3311442,162
6.159780966,3312740,1298
6.159780966,3312886,146
6.162249766,3314200,1314
6.162249766,3314330,130
6.164718566,3315660,1330
6.164718566,3315774,114
6.167187366,3317120,1346
6.167187366,3317218,98
6.169656566,3318580,1362
6.169656566,3318662,82
6.172132966,3320040,1378
6.172132966,3320106,66
6.174601686,3321500,1394
6.174601686,3321550,50
6.177164886,3322960,1410
6.177164886,3322994,34
6.179632086,3324420,1426
6.179632086,3324438,18
6.182099286,3325880,1442
6.182099286,3325882,2
6.184566566,3327334,1452
6.187035366,3327340,6
6.187035366,3328779,1439
6.189600166,3328800,21
6.189600166,3330224,1424
6.192069366,3330260,36
6.192069366,3331669,1409
6.194545766,3331720,51
6.194545766,3333114,1394
6.197014566,3333180,66
6.197014566,3334558,1378
6.199483366,3334640,82
6.199483366,3336002,1362
6.201952166,3336100,98
6.201952166,3337446,1346
6.204420966,3337560,114
6.204420966,3338890,1330
6.206889766,3339020,130
6.206889766,3340334,1314
6.209454566,3340480,146
6.209454566,3341778,1298
6.211923366,3341940,162
6.211923366,3343222,1282
6.214392166,3343400,178
6.214392166,3344666,1266
6.216861366,3344860,194
6.216861366,3346110,1250
6.219337766,3346320,210
6.219337766,3347554,1234
6.221902566,3347780,226
6.221902566,3348998,1218
6.224371366,3349240,242
6.224371366,3350442,1202
6.226840166,3350700,258
6.226840166,3351886,1186
6.229308966,3352160,274
6.229308966,3353330,1170
6.231777766,3353620,290
6.231777766,3354774,1154
6.234342566,3355080,306
6.234342566,3356218,1138
6.236811366,3356540,322
6.236811366,3357662,1122
6.239280566,3358000,338
6.239280566,3359106,1106
6.241756966,3359460,354
6.241756966,3360550,1090
6.244225766,3360920,370
6.244225766,3361994,1074
6.246694566,3362380,386
6.246694566,3363438,1058
6.249163366,3363840,402
6.249163366,3364882,1042
6.251632166,3365300,418
6.251632166,3366326,1026
6.254193686,3366760,434
6.254193686,3367770,1010
6.255665766,3368220,450
6.255665766,3369214,994
6.258134566,3369680,466
6.258134566,3370658,978
6.260603366,3371140,482
6.260603366,3372102,962
6.263072566,3372600,498
6.263072566,3373546,946
6.265644966,3374060,514
6.265644966,3374990,930
6.268113766,3375520,530
6.268113766,3376434,914
6.270582566,3376980,546
6.270582566,3377878,898
6.273051366,3378440,562
6.273051366,3379322,882
6.275520166,3379900,578
6.275520166,3380766,866
6.277988966,3381360,594
6.277988966,3382210,850
6.280457766,3382820,610
6.280457766,3383654,834
6.282926566,3384280,626
6.282926566,3385098,818
6.285491766,3385740,642
6.285491766,3386542,802
6.287968166,3387200,658
6.287968166,3387986,786
6.290436966,3388660,674
6.290436966,3389430,770
6.292905766,3390120,690
6.292905766,3390874,754
6.295374566,3391580,706
6.295374566,3392318,738
6.297939366,3393040,722
6.297939366,3393762,722
6.300408166,3394500,738
6.300408166,3395206,706
6.302876966,3395960,754
6.302876966,3396650,690
6.305345766,3397420,770
6.305345766,3398094,674
6.307814566,3398880,786
6.307814566,3399538,658
6.310283766,3400340,802
6.310283766,3400982,642
6.312760166,3401800,818
6.312760166,3402426,626
6.315228966,3403260,834
6.315228966,3403870,610
6.317793766,3404720,850
6.317793766,3405314,594
6.320262566,3406180,866
6.320262566,3406758,578
6.322731366,3407640,882
6.322731366,3408202,562
6.325200166,3409100,898
6.325200166,3409646,546
6.327668966,3410560,914
6.327668966,3411090,530
6.330233766,3412020,930
6.330233766,3412534,514
6.332702966,3413480,946
6.332702966,3413978,498
6.335179366,3414940,962
6.335179366,3415422,482
6.337648166,3416400,978
6.337648166,3416866,466
6.340116966,3417860,994
6.340116966,3418310,450
6.342681766,3419320,1010
6.342681766,3419754,434
6.345150566,3420780,1026
6.345150566,3421198,418
6.347619366,3422240,1042
6.347619366,3422642,402
6.350088166,3423700,1058
6.350088166,3424086,386
6.352553686,3425160,1074
6.352553686,3425530,370
6.354025766,3426620,1090
6.354025766,3426974,354
6.356494966,3428080,1106
6.356494966,3428418,338
6.358971366,3429540,1122
6.358971366,3429862,322
6.361536166,3431000,1138
6.361536166,3431306,306
6.364004966,3432460,1154
6.364004966,3432750,290
6.366473766,3433920,1170
6.366473766,3434194,274
6.368942566,3435380,1186
6.368942566,3435638,258
6.371411366,3436840,1202
6.371411366,3437082,242
6.373976166,3438300,1218
6.373976166,3438526,226
6.376444966,3439760,1234
6.376444966,3439970,210
6.378914166,3441220,1250
6.378914166,3441414,194
6.381390566,3442680,1266
6.381390566,3442858,178
6.383859366,3444140,1282
6.383859366,3444302,162
6.386328166,3445600,1298
6.386328166,3445746,146
6.388796966,3447060,1314
6.388796966,3447190,130
6.391265766,3448520,1330
6.391265766,3448634,114
6.393830566,3449980,1346
6.393830566,3450078,98
6.396299366,3451440,1362
6.396299366,3451522,82
6.398768166,3452900,1378
6.398768166,3452966,66
6.401236886,3454360,1394
6.401236886,3454410,50
6.403704486,3455820,1410
6.403704486,3455854,34
6.406275286,3457280,1426
6.406275286,3457298,18
6.408742486,3458740,1442
6.408742486,3458742,2
6.411209766,3460194,1452
6.413678566,3460200,6
6.413678566,3461639,1439
6.416147366,3461660,21
6.416147366,3463084,1424
6.418616166,3463120,36
6.418616166,3464529,1409
6.421084966,3464580,51
6.421084966,3465974,1394
6.423553766,3466040,66
6.423553766,3467418,1378
6.426118966,3467500,82
6.426118966,3468862,1362
6.428595366,3468960,98
6.428595366,3470306,1346
6.431064166,3470420,114
6.431064166,3471750,1330
6.433532966,3471880,130
6.433532966,3473194,1314
6.436001766,3473340,146
6.436001766,3474638,1298
6.438566566,3474800,162
6.438566566,3476082,1282
6.441035366,3476260,178
6.441035366,3477526,1266
6.443504166,3477720,194
6.443504166,3478970,1250
6.445972966,3479180,210
6.445972966,3480414,1234
6.448441766,3480640,226
6.448441766,3481858,1218
6.451014566,3482100,242
6.451014566,3483302,1202
6.455428806,3483560,258
6.455428806,3484746,1186
6.457952166,3485020,274
6.457952166,3486190,1170
6.460420966,3486480,290
6.460420966,3487634,1154
6.462889766,3487940,306
6.462889766,3489078,1138
6.465358566,3489400,322
6.465358566,3490522,1122
6.467827366,3490860,338
6.467827366,3491966,1106
6.470296166,3492320,354
6.470296166,3493410,1090
6.472860966,3493780,370
6.472860966,3494854,1074
6.475330166,3495240,386
6.475330166,3496298,1058
6.477806566,3496700,402
6.477806566,3497742,1042
6.480275366,3498160,418
6.480275366,3499186,1026
6.482744166,3499620,434
6.482744166,3500630,1010
6.485308966,3501080,450
6.485308966,3502074,994
6.487777766,3502540,466
6.487777766,3503518,978
6.490246566,3504000,482
6.490246566,3504962,962
6.492715366,3505460,498
6.492715366,3506406,946
6.495184166,3506920,514
6.495184166,3507850,930
6.497652966,3508380,530
6.497652966,3509294,914
6.500122166,3509840,546
6.500122166,3510738,898
6.502598566,3511300,562
6.502598566,3512182,882
6.505163366,3512760,578
6.505163366,3513626,866
6.507632166,3514220,594
6.507632166,3515070,850
6.510100966,3515680,610
6.510100966,3516514,834
6.512569766,3517140,626
6.512569766,3517958,818
6.515038566,3518600,642
6.515038566,3519402,802
6.517603366,3520060,658
6.517603366,3520846,786
6.520072166,3521520,674
6.520072166,3522290,770
6.522541366,3522980,690
6.522541366,3523734,754
6.525017766,3524440,706
6.525017766,3525178,738
6.527486566,3525900,722
6.527486566,3526622,722
6.530051366,3527360,738
6.530051366,3528066,706
6.532520166,3528820,754
6.532520166,3529510,690
6.534988966,3530280,770
6.534988966,3530954,674
6.537457766,3531740,786
6.537457766,3532398,658
6.539926566,3533200,802
6.539926566,3533842,642
6.542395366,3534660,818
6.542395366,3535286,626
6.544864166,3536120,834
6.544864166,3536730,610
6.547333366,3537580,850
6.547333366,3538174,594
6.549809766,3539040,866
6.549809766,3539618,578
6.552374566,3540500,882
6.552374566,3541062,562
6.554840086,3541960,898
6.554840086,3542506,546
6.555312166,3543420,914
6.555312166,3543950,530
6.557780966,3544880,930
6.557780966,3545394,514
6.560249766,3546340,946
6.560249766,3546838,498
6.562814566,3547800,962
6.562814566,3548282,482
6.565283366,3549260,978
6.565283366,3549726,466
6.567752566,3550720,994
6.567752566,3551170,450
6.570228966,3552180,1010
6.570228966,3552614,434
6.572697766,3553640,1026
6.572697766,3554058,418
6.575166566,3555100,1042
6.575166566,3555502,402
6.577635366,3556560,1058
6.577635366,3556946,386
6.580104166,3558020,1074
6.580104166,3558390,370
6.582668966,3559480,1090
6.582668966,3559834,354
6.585137766,3560940,1106
6.585137766,3561278,338
6.587606566,3562400,1122
6.587606566,3562722,322
6.590075366,3563860,1138
6.590075366,3564166,306
6.592544566,3565320,1154
6.592544566,3565610,290
6.595116966,3566780,1170
6.595116966,3567054,274
6.597585766,3568240,1186
6.597585766,3568498,258
6.600054566,3569700,1202
6.600054566,3569942,242
6.602523366,3571160,1218
6.602523366,3571386,226
6.604992166,3572620,1234
6.604992166,3572830,210
6.607460966,3574080,1250
6.607460966,3574274,194
6.609929766,3575540,1266
6.609929766,3575718,178
6.612398566,3577000,1282
6.612398566,3577162,162
6.614963766,3578460,1298
6.614963766,3578606,146
6.617440166,3579920,1314
6.617440166,3580050,130
6.619908966,3581380,1330
6.619908966,3581494,114
6.622377766,3582840,1346
6.622377766,3582938,98
6.624846566,3584300,1362
6.624846566,3584382,82
6.627411366,3585760,1378
6.627411366,3585826,66
6.629880086,3587220,1394
6.629880086,3587270,50
6.632347286,3588680,1410
6.632347286,3588714,34
6.634814486,3590140,1426
6.634814486,3590158,18
6.637281686,3591600,1442
6.637281686,3591602,2
6.639852966,3593054,1452
6.642321766,3593060,6
6.642321766,3594499,1439
6.644790566,3594520,21
6.644790566,3595944,1424
6.647259366,3595980,36
6.647259366,3597389,1409
6.649728166,3597440,51
6.649728166,3598834,1394
6.653142406,3598900,66
6.653142406,3600278,1378
6.655665766,3600360,82
6.655665766,3601722,1362
6.658134566,3601820,98
6.658134566,3603166,1346
6.660699366,3603280,114
6.660699366,3604610,1330
6.663168566,3604740,130
6.663168566,3606054,1314
6.665644966,3606200,146
6.665644966,3607498,1298
6.668113766,3607660,162
6.668113766,3608942,1282
6.670582566,3609120,178
6.670582566,3610386,1266
6.673147366,3610580,194
6.673147366,3611830,1250
6.675616166,3612040,210
6.675616166,3613274,1234
6.678084966,3613500,226
6.678084966,3614718,1218
6.680553766,3614960,242
6.680553766,3616162,1202
6.683022566,3616420,258
6.683022566,3617606,1186
6.685491366,3617880,274
6.685491366,3619050,1170
6.687960566,3619340,290
6.687960566,3620494,1154
6.690436966,3620800,306
6.690436966,3621938,1138
6.693001766,3622260,322
6.693001766,3623382,1122
6.695470566,3623720,338
6.695470566,3624826,1106
6.697939366,3625180,354
6.697939366,3626270,1090
6.700408166,3626640,370
6.700408166,3627714,1074
6.702876966,3628100,386
6.702876966,3629158,1058
6.705441766,3629560,402
6.705441766,3630602,1042
6.707910566,3631020,418
6.707910566,3632046,1026
6.710379766,3632480,434
6.710379766,3633490,1010
6.712856166,3633940,450
6.712856166,3634934,994
6.715324966,3635400,466
6.715324966,3636378,978
6.717793766,3636860,482
6.717793766,3637822,962
6.720262566,3638320,498
6.720262566,3639266,946
6.722731366,3639780,514
6.722731366,3640710,930
6.725296166,3641240,530
6.725296166,3642154,914
6.727764966,3642700,546
6.727764966,3643598,898
6.730233766,3644160,562
6.730233766,3645042,882
6.732702566,3645620,578
6.732702566,3646486,866
6.735171766,3647080,594
6.735171766,3647930,850
6.737744166,3648540,610
6.737744166,3649374,834
6.740212966,3650000,626
6.740212966,3650818,818
6.742681766,3651460,642
6.742681766,3652262,802
6.745150566,3652920,658
6.745150566,3653706,786
6.747619366,3654380,674
6.747619366,3655150,770
6.750184166,3655840,690
6.750184166,3656594,754
6.752649686,3657300,706
6.752649686,3658038,738
6.753121766,3658760,722
6.753121766,3659482,722
6.755590966,3660220,738
6.755590966,3660926,706
6.758067366,3661680,754
6.758067366,3662370,690
6.760536166,3663140,770
6.760536166,3663814,674
6.763004966,3664600,786
6.763004966,3665258,658
6.765473766,3666060,802
6.765473766,3666702,642
6.768038566,3667520,818
6.768038566,3668146,626
6.770507366,3668980,834
6.770507366,3669590,610
6.772976166,3670440,850
6.772976166,3671034,594
6.775444966,3671900,866
6.775444966,3672478,578
6.777913766,3673360,882
6.777913766,3673922,562
6.780486566,3674820,898
6.780486566,3675366,546
6.782955366,3676280,914
6.782955366,3676810,530
6.785424166,3677740,930
6.785424166,3678254,514
6.787892966,3679200,946
6.787892966,3679698,498
6.790361766,3680660,962
6.790361766,3681142,482
6.792830566,3682120,978
6.792830566,3682586,466
6.795299366,3683580,994
6.795299366,3684030,450
6.797768166,3685040,1010
6.797768166,3685474,434
6.800332966,3686500,1026
6.800332966,3686918,418
6.802802166,3687960,1042
6.802802166,3688362,402
6.805278566,3689420,1058
6.805278566,3689806,386
6.807747366,3690880,1074
6.807747366,3691250,370
6.810216166,3692340,1090
6.810216166,3692694,354
6.812780966,3693800,1106
6.812780966,3694138,338
6.815249766,3695260,1122
6.815249766,3695582,322
6.817718566,3696720,1138
6.817718566,3697026,306
6.820187366,3698180,1154
6.820187366,3698470,290
6.822656166,3699640,1170
6.822656166,3699914,274
6.825124966,3701100,1186
6.825124966,3701358,258
6.827594166,3702560,1202
6.827594166,3702802,242
6.830070566,3704020,1218
6.830070566,3704246,226
6.832635366,3705480,1234
6.832635366,3705690,210
6.835104166,3706940,1250
6.835104166,3707134,194
6.837572966,3708400,1266
6.837572966,3708578,178
6.840041766,3709860,1282
6.840041766,3710022,162
6.842510566,3711320,1298
6.842510566,3711466,146
6.845075366,3712780,1314
6.845075366,3712910,130
6.847544166,3714240,1330
6.847544166,3714354,114
6.850013366,3715700,1346
6.850013366,3715798,98
6.856435206,3717160,1362
6.856435206,3717242,82
6.858958566,3718620,1378
6.858958566,3718686,66
6.861523286,3720080,1394
6.861523286,3720130,50
6.863990486,3721540,1410
6.863990486,3721574,34
6.866457686,3723000,1426
6.866457686,3723018,18
6.868924886,3724460,1442
6.868924886,3724462,2
6.871392166,3725914,1452
6.873860966,3725920,6
6.873860966,3727359,1439
6.876329766,3727380,21
6.876329766,3728804,1424
6.878798966,3728840,36
6.878798966,3730249,1409
6.881371366,3730300,51
6.881371366,3731694,1394
6.883840166,3731760,66
6.883840166,3733138,1378
6.886308966,3733220,82
6.886308966,3734582,1362
6.888777766,3734680,98
6.888777766,3736026,1346
6.891246566,3736140,114
6.891246566,3737470,1330
6.893811366,3737600,130
6.893811366,3738914,1314
6.896280166,3739060,146
6.896280166,3740358,1298
6.898748966,3740520,162
6.898748966,3741802,1282
6.901218166,3741980,178
6.901218166,3743246,1266
6.903694566,3743440,194
6.903694566,3744690,1250
6.906163366,3744900,210
6.906163366,3746134,1234
6.908632166,3746360,226
6.908632166,3747578,1218
6.911100966,3747820,242
6.911100966,3749022,1202
6.913665766,3749280,258
6.913665766,3750466,1186
6.916134566,3750740,274
6.916134566,3751910,1170
6.918603366,3752200,290
6.918603366,3753354,1154
6.921072166,3753660,306
6.921072166,3754798,1138
6.923540966,3755120,322
6.923540966,3756242,1122
6.926113766,3756580,338
6.926113766,3757686,1106
6.928582566,3758040,354
6.928582566,3759130,1090
6.931051366,3759500,370
6.931051366,3760574,1074
6.933520166,3760960,386
6.933520166,3762018,1058
6.935988966,3762420,402
6.935988966,3763462,1042
6.938553766,3763880,418
6.938553766,3764906,1026
6.941022566,3765340,434
6.941022566,3766350,1010
6.943491366,3766800,450
6.943491366,3767794,994
6.945960166,3768260,466
6.945960166,3769238,978
6.948429366,3769720,482
6.948429366,3770682,962
6.950905766,3771180,498
6.950905766,3772126,946
6.953374566,3772640,514
6.953374566,3773570,930
6.955840086,3774100,530
6.955840086,3776458,2358
6.957876966,3777020,562
6.957876966,3777902,882
6.960345766,3778480,578
6.960345766,3779346,866
6.962814566,3779940,594
6.962814566,3780790,850
6.965283366,3781400,610
6.965283366,3782234,834
6.967752166,3782860,626
6.967752166,3783678,818
6.970324966,3784320,642
6.970324966,3785122,802
6.972793766,3785780,658
6.972793766,3786566,786
6.975262566,3787240,674
6.975262566,3788010,770
6.977731366,3788700,690
6.977731366,3789454,754
6.980200166,3790160,706
6.980200166,3790898,738
6.982668966,3791620,722
6.982668966,3792342,722
6.985137766,3793080,738
6.985137766,3793786,706
6.987606566,3794540,754
6.987606566,3795230,690
6.990171366,3796000,770
6.990171366,3796674,674
6.992640566,3797460,786
6.992640566,3798118,658
6.995116966,3798920,802
6.995116966,3799562,642
6.997585766,3800380,818
6.997585766,3801006,626
7.000054566,3801840,834
7.000054566,3802450,610
7.002619366,3803300,850
7.002619366,3803894,594
7.005088166,3804760,866
7.005088166,3805338,578
7.007556966,3806220,882
7.007556966,3806782,562
7.010025766,3807680,898
7.010025766,3808226,546
7.012494566,3809140,914
7.012494566,3809670,530
7.014963366,3810600,930
7.014963366,3811114,514
7.017432566,3812060,946
7.017432566,3812558,498
7.019908966,3813520,962
7.019908966,3814002,482
7.022473766,3814980,978
7.022473766,3815446,466
7.024942566,3816440,994
7.024942566,3816890,450
7.027411366,3817900,1010
7.027411366,3818334,434
7.029880166,3819360,1026
7.029880166,3819778,418
7.032348966,3820820,1042
7.032348966,3821222,402
7.034913766,3822280,1058
7.034913766,3822666,386
7.037382566,3823740,1074
7.037382566,3824110,370
7.039851766,3825200,1090
7.039851766,3825554,354
7.042328166,3826660,1106
7.042328166,3826998,338
7.044796966,3828120,1122
7.044796966,3828442,322
7.047361766,3829580,1138
7.047361766,3829886,306
7.049830566,3831040,1154
7.049830566,3831330,290
7.053244806,3832500,1170
7.053244806,3832774,274
7.055768166,3833960,1186
7.055768166,3834218,258
7.058236966,3835420,1202
7.058236966,3835662,242
7.060705766,3836880,1218
7.060705766,3837106,226
7.063174566,3838340,1234
7.063174566,3838550,210
7.065643766,3839800,1250
7.065643766,3839994,194
7.068216166,3841260,1266
7.068216166,3841438,178
7.070684966,3842720,1282
7.070684966,3842882,162
7.073153766,3844180,1298
7.073153766,3844326,146
7.075622566,3845640,1314
7.075622566,3845770,130
7.078091366,3847100,1330
7.078091366,3847214,114
7.080656166,3848560,1346
7.080656166,3848658,98
7.083124966,3850020,1362
7.083124966,3850102,82
7.085593766,3851480,1378
7.085593766,3851546,66
7.088062886,3852940,1394
7.088062886,3852990,50
7.090537686,3854400,1410
7.090537686,3854434,34
7.093004886,3855860,1426
7.093004886,3855878,18
7.095472086,3857320,1442
7.095472086,3857322,2
7.097939366,3858774,1452
7.100504166,3858780,6
7.100504166,3860219,1439
7.102972966,3860240,21
7.102972966,3861664,1424
7.105441766,3861700,36
7.105441766,3863109,1409
7.107910566,3863160,51
7.107910566,3864554,1394
7.110379366,3864620,66
7.110379366,3865998,1378
7.112952166,3866080,82
7.112952166,3867442,1362
7.115420966,3867540,98
7.115420966,3868886,1346
7.117889766,3869000,114
7.117889766,3870330,1330
7.120358566,3870460,130
7.120358566,3871774,1314
7.122827366,3871920,146
7.122827366,3873218,1298
7.125296166,3873380,162
7.125296166,3874662,1282
7.127764966,3874840,178
7.127764966,3876106,1266
7.130233766,3876300,194
7.130233766,3877550,1250
7.132798566,3877760,210
7.132798566,3878994,1234
7.135267766,3879220,226
7.135267766,3880438,1218
7.137744166,3880680,242
7.137744166,3881882,1202
7.140212966,3882140,258
7.140212966,3883326,1186
7.142681766,3883600,274
7.142681766,3884770,1170
7.145246566,3885060,290
7.145246566,3886214,1154
7.147715366,3886520,306
7.147715366,3887658,1138
7.150184166,3887980,322
7.150184166,3889102,1122
7.152652966,3889440,338
7.152652966,3890546,1106
7.155121766,3890900,354
7.155121766,3891990,1090
7.157590566,3892360,370
7.157590566,3893434,1074
7.160059766,3893820,386
7.160059766,3894878,1058
7.162536166,3895280,402
7.162536166,3896322,1042
7.165100966,3896740,418
7.165100966,3897766,1026
7.167569766,3898200,434
7.167569766,3899210,1010
7.170038566,3899660,450
7.170038566,3900654,994
7.172507366,3901120,466
7.172507366,3902098,978
7.174976166,3902580,482
7.174976166,3903542,962
7.177540966,3904040,498
7.177540966,3904986,946
7.180009766,3905500,514
7.180009766,3906430,930
7.182478966,3906960,530
7.182478966,3907874,914
7.184955366,3908420,546
7.184955366,3909318,898
7.187424166,3909880,562
7.187424166,3910762,882
7.189988966,3911340,578
7.189988966,3912206,866
7.192457766,3912800,594
7.192457766,3913650,850
7.194926566,3914260,610
7.194926566,3915094,834
7.197395366,3915720,626
7.197395366,3916538,818
7.199864166,3917180,642
7.199864166,3917982,802
7.202332966,3918640,658
7.202332966,3919426,786
7.204801766,3920100,674
7.204801766,3920870,770
7.207270966,3921560,690
7.207270966,3922314,754
7.209843366,3923020,706
7.209843366,3923758,738
7.212312166,3924480,722
7.212312166,3925202,722
7.214780966,3925940,738
7.214780966,3926646,706
7.217249766,3927400,754
7.217249766,3928090,690
7.219718566,3928860,770
7.219718566,3929534,674
7.222283366,3930320,786
7.222283366,3930978,658
7.224752166,3931780,802
7.224752166,3932422,642
7.227220966,3933240,818
7.227220966,3933866,626
7.229690166,3934700,834
7.229690166,3935310,610
7.232166566,3936160,850
7.232166566,3936754,594
7.234635366,3937620,866
7.234635366,3938198,578
7.237104166,3939080,882
7.237104166,3939642,562
7.239572966,3940540,898
7.239572966,3941086,546
7.242137766,3942000,914
7.242137766,3942530,530
7.244606566,3943460,930
7.244606566,3943974,514
7.247075366,3944920,946
7.247075366,3945418,498
7.249544166,3946380,962
7.249544166,3946862,482
7.252012966,3947840,978
7.252012966,3948306,466
7.253585766,3949300,994
7.253585766,3949750,450
7.256054566,3950760,1010
7.256054566,3951194,434
7.258523366,3952220,1026
7.258523366,3952638,418
7.260992166,3953680,1042
7.260992166,3954082,402
7.263460966,3955140,1058
7.263460966,3955526,386
7.265929766,3956600,1074
7.265929766,3956970,370
7.268398566,3958060,1090
7.268398566,3958414,354
7.270867366,3959520,1106
7.270867366,3959858,338
7.273432166,3960980,1122
7.273432166,3961302,322
7.275901366,3962440,1138
7.275901366,3962746,306
7.278377766,3963900,1154
7.278377766,3964190,290
7.280846566,3965360,1170
7.280846566,3965634,274
7.283315366,3966820,1186
7.283315366,3967078,258
7.285880166,3968280,1202
7.285880166,3968522,242
7.288348966,3969740,1218
7.288348966,3969966,226
7.290817766,3971200,1234
7.290817766,3971410,210
7.293286566,3972660,1250
7.293286566,3972854,194
7.295755366,3974120,1266
7.295755366,3974298,178
7.298320566,3975580,1282
7.298320566,3975742,162
7.300796966,3977040,1298
7.300796966,3977186,146
7.303265766,3978500,1314
7.303265766,3978630,130
7.305734566,3979960,1330
7.305734566,3980074,114
7.308203366,3981420,1346
7.308203366,3981518,98
7.310672166,3982880,1362
7.310672166,3982962,82
7.313140966,3984340,1378
7.313140966,3984406,66
7.315609686,3985800,1394
7.315609686,3985850,50
7.318172886,3987260,1410
7.318172886,3987294,34
7.320640086,3988720,1426
7.320640086,3988738,18
7.323107686,3990180,1442
7.323107686,3990182,2
7.325582566,3991634,1452
7.328051366,3991640,6
7.328051366,3993079,1439
7.330616166,3993100,21
7.330616166,3994524,1424
7.333084966,3994560,36
7.333084966,3995969,1409
7.335553766,3996020,51
7.335553766,3997414,1394
7.338022566,3997480,66
7.338022566,3998858,1378
7.340491366,3998940,82
7.340491366,4000302,1362
7.342960166,4000400,98
7.342960166,4001746,1346
7.345428966,4001860,114
7.345428966,4003190,1330
7.347898166,4003320,130
7.347898166,4004634,1314
7.350470566,4004780,146
7.350470566,4006078,1298
7.355884806,4006240,162
7.355884806,4007522,1282
7.358408166,4007700,178
7.358408166,4008966,1266
7.360876966,4009160,194
7.360876966,4010410,1250
7.363345766,4010620,210
7.363345766,4011854,1234
7.365910566,4012080,226
7.365910566,4013298,1218
7.368379366,4013540,242
7.368379366,4014742,1202
7.370848166,4015000,258
7.370848166,4016186,1186
7.373317366,4016460,274
7.373317366,4017630,1170
7.375793766,4017920,290
7.375793766,4019074,1154
7.378262566,4019380,306
7.378262566,4020518,1138
7.380827366,4020840,322
7.380827366,4021962,1122
7.383296166,4022300,338
7.383296166,4023406,1106
7.385764966,4023760,354
7.385764966,4024850,1090
7.388233766,4025220,370
7.388233766,4026294,1074
7.390702566,4026680,386
7.390702566,4027738,1058
7.393171366,4028140,402
7.393171366,4029182,1042
7.395640166,4029600,418
7.395640166,4030626,1026
7.398109366,4031060,434
7.398109366,4032070,1010
7.400681766,4032520,450
7.400681766,4033514,994
7.403150566,4033980,466
7.403150566,4034958,978
7.405619366,4035440,482
7.405619366,4036402,962
7.408088166,4036900,498
7.408088166,4037846,946
7.410556966,4038360,514
7.410556966,4039290,930
7.413121766,4039820,530
7.413121766,4040734,914
7.415590566,4041280,546
7.415590566,4042178,898
7.418059366,4042740,562
7.418059366,4043622,882
7.420528566,4044200,578
7.420528566,4045066,866
7.423004966,4045660,594
7.423004966,4046510,850
7.425473766,4047120,610
7.425473766,4047954,834
7.427942566,4048580,626
7.427942566,4049398,818
7.430411366,4050040,642
7.430411366,4050842,802
7.432976166,4051500,658
7.432976166,4052286,786
7.435444966,4052960,674
7.435444966,4053730,770
7.437913766,4054420,690
7.437913766,4055174,754
7.440382566,4055880,706
7.440382566,4056618,738
7.442851366,4057340,722
7.442851366,4058062,722
7.445424166,4058800,738
7.445424166,4059506,706
7.447892966,4060260,754
7.447892966,4060950,690
7.450361766,4061720,770
7.450361766,4062394,674
7.452830566,4063180,786
7.452830566,4063838,658
7.455296086,4064640,802
7.455296086,4065282,642
7.456768166,4066100,818
7.456768166,4066726,626
7.459236966,4067560,834
7.459236966,4068170,610
7.461705766,4069020,850
7.461705766,4069614,594
7.464270566,4070480,866
7.464270566,4071058,578
7.466739766,4071940,882
7.466739766,4072502,562
7.469216166,4073400,898
7.469216166,4073946,546
7.471684966,4074860,914
7.471684966,4075390,530
7.474153766,4076320,930
7.474153766,4076834,514
7.476718566,4077780,946
7.476718566,4078278,498
7.479187366,4079240,962
7.479187366,4079722,482
7.481656166,4080700,978
7.481656166,4081166,466
7.484124966,4082160,994
7.484124966,4082610,450
7.486593766,4083620,1010
7.486593766,4084054,434
7.489158966,4085080,1026
7.489158966,4085498,418
7.491635366,4086540,1042
7.491635366,4086942,402
7.494104166,4088000,1058
7.494104166,4088386,386
7.496572966,4089460,1074
7.496572966,4089830,370
7.499041766,4090920,1090
7.499041766,4091274,354
7.501510566,4092380,1106
7.501510566,4092718,338
7.503979366,4093840,1122
7.503979366,4094162,322
7.506448166,4095300,1138
7.506448166,4095606,306
7.509012966,4096760,1154
7.509012966,4097050,290
7.511481766,4098220,1170
7.511481766,4098494,274
7.513950966,4099680,1186
7.513950966,4099938,258
7.516427366,4101140,1202
7.516427366,4101382,242
7.518896166,4102600,1218
7.518896166,4102826,226
7.521460966,4104060,1234
7.521460966,4104270,210
7.523929766,4105520,1250
7.523929766,4105714,194
7.526398566,4106980,1266
7.526398566,4107158,178
7.528867366,4108440,1282
7.528867366,4108602,162
7.531336166,4109900,1298
7.531336166,4110046,146
7.533804966,4111360,1314
7.533804966,4111490,130
7.536273766,4112820,1330
7.536273766,4112934,114
7.538742966,4114280,1346
7.538742966,4114378,98
7.541315366,4115740,1362
7.541315366,4115822,82
7.543784166,4117200,1378
7.543784166,4117266,66
7.546252886,4118660,1394
7.546252886,4118710,50
7.548720086,4120120,1410
7.548720086,4120154,34
7.551187286,4121580,1426
7.551187286,4121598,18
7.554598326,4123040,1442
7.554598326,4123042,2
7.557217766,4124494,1452
7.559686566,4124500,6
7.559686566,4125939,1439
7.562155766,4125960,21
7.562155766,4127384,1424
7.564632166,4127420,36
7.564632166,4128829,1409
7.567100966,4128880,51
7.567100966,4130274,1394
7.569569766,4130340,66
7.569569766,4131718,1378
7.572038566,4131800,82
7.572038566,4133162,1362
7.574603366,4133260,98
7.574603366,4134606,1346
7.577072166,4134720,114
7.577072166,4136050,1330
7.579540966,4136180,130
7.579540966,4137494,1314
7.582009766,4137640,146
7.582009766,4138938,1298
7.584478566,4139100,162
7.584478566,4140382,1282
7.586947766,4140560,178
7.586947766,4141826,1266
7.589520166,4142020,194
7.589520166,4143270,1250
7.591988966,4143480,210
7.591988966,4144714,1234
7.594457766,4144940,226
7.594457766,4146158,1218
7.596926566,4146400,242
7.596926566,4147602,1202
7.599395366,4147860,258
7.599395366,4149046,1186
7.601960166,4149320,274
7.601960166,4150490,1170
7.604428966,4150780,290
7.604428966,4151934,1154
7.606897766,4152240,306
7.606897766,4153378,1138
7.609366966,4153700,322
7.609366966,4154822,1122
7.611843366,4155160,338
7.611843366,4156266,1106
7.614312166,4156620,354
7.614312166,4157710,1090
7.616780966,4158080,370
7.616780966,4159154,1074
7.619249766,4159540,386
7.619249766,4160598,1058
7.621814566,4161000,402
7.621814566,4162042,1042
7.624283366,4162460,418
7.624283366,4163486,1026
7.626752166,4163920,434
7.626752166,4164930,1010
7.629220966,4165380,450
7.629220966,4166374,994
7.631689766,4166840,466
7.631689766,4167818,978
7.634262566,4168300,482
7.634262566,4169262,962
7.636731366,4169760,498
7.636731366,4170706,946
7.639200166,4171220,514
7.639200166,4172150,930
7.641668966,4172680,530
7.641668966,4173594,914
7.644137766,4174140,546
7.644137766,4175038,898
7.646606566,4175600,562
7.646606566,4176482,882
7.649075366,4177060,578
7.649075366,4177926,866
7.651640166,4178520,594
7.651640166,4179370,850
7.654108966,4179980,610
7.654108966,4182258,2278
7.656054566,4182900,642
7.656054566,4183702,802
7.658523366,4184360,658
7.658523366,4185146,786
7.660992166,4185820,674
7.660992166,4186590,770
7.663556966,4187280,690
7.663556966,4188034,754
7.666025766,4188740,706
7.666025766,4189478,738
7.668494566,4190200,722
7.668494566,4190922,722
7.670963366,4191660,738
7.670963366,4192366,706
7.673432166,4193120,754
7.673432166,4193810,690
7.675900966,4194580,770
7.675900966,4195254,674
7.678370166,4196040,786
7.678370166,4196698,658
7.680942566,4197500,802
7.680942566,4198142,642
7.683411366,4198960,818
7.683411366,4199586,626
7.685880166,4200420,834
7.685880166,4201030,610
7.688348966,4201880,850
7.688348966,4202474,594
7.690817766,4203340,866
7.690817766,4203918,578
7.693286566,4204800,882
7.693286566,4205362,562
7.695851366,4206260,898
7.695851366,4206806,546
7.698320166,4207720,914
7.698320166,4208250,530
7.700789366,4209180,930
7.700789366,4209694,514
7.703265766,4210640,946
7.703265766,4211138,498
7.705734566,4212100,962
7.705734566,4212582,482
7.708299366,4213560,978
7.708299366,4214026,466
7.710768166,4215020,994
7.710768166,4215470,450
7.713236966,4216480,1010
7.713236966,4216914,434
7.715705766,4217940,1026
7.715705766,4218358,418
7.718174566,4219400,1042
7.718174566,4219802,402
7.720643366,4220860,1058
7.720643366,4221246,386
7.723112166,4222320,1074
7.723112166,4222690,370
7.725581366,4223780,1090
7.725581366,4224134,354
7.728153766,4225240,1106
7.728153766,4225578,338
7.730622566,4226700,1122
7.730622566,4227022,322
7.733091366,4228160,1138
7.733091366,4228466,306
7.735560166,4229620,1154
7.735560166,4229910,290
7.738028966,4231080,1170
7.738028966,4231354,274
7.740593766,4232540,1186
7.740593766,4232798,258
7.743062566,4234000,1202
7.743062566,4234242,242
7.745531366,4235460,1218
7.745531366,4235686,226
7.748000566,4236920,1234
7.748000566,4237130,210
7.750476966,4238380,1250
7.750476966,4238574,194
7.754891206,4239840,1266
7.754891206,4240018,178
7.757414566,4241300,1282
7.757414566,4241462,162
7.759979366,4242760,1298
7.759979366,4242906,146
7.762448166,4244220,1314
7.762448166,4244350,130
7.764916966,4245680,1330
7.764916966,4245794,114
7.767385766,4247140,1346
7.767385766,4247238,98
7.769854566,4248600,1362
7.769854566,4248682,82
7.772323366,4250060,1378
7.772323366,4250126,66
7.774896086,4251520,1394
7.774896086,4251570,50
7.777363286,4252980,1410
7.777363286,4253014,34
7.779830486,4254440,1426
7.779830486,4254458,18
7.782297686,4255900,1442
7.782297686,4255902,2
7.784764966,4257354,1452
7.787233766,4257360,6
7.787233766,4258799,1439
7.789702566,4258820,21
7.789702566,4260244,1424
7.792171366,4260280,36
7.792171366,4261689,1409
7.794736166,4261740,51
7.794736166,4263134,1394
7.797205366,4263200,66
7.797205366,4264578,1378
7.799681766,4264660,82
7.799681766,4266022,1362
7.802150566,4266120,98
7.802150566,4267466,1346
7.804619366,4267580,114
7.804619366,4268910,1330
7.807088166,4269040,130
7.807088166,4270354,1314
7.809652966,4270500,146
7.809652966,4271798,1298
7.812121766,4271960,162
7.812121766,4273242,1282
7.814590566,4273420,178
7.814590566,4274686,1266
7.817059366,4274880,194
7.817059366,4276130,1250
7.819528166,4276340,210
7.819528166,4277574,1234
7.822100966,4277800,226
7.822100966,4279018,1218
7.824569766,4279260,242
7.824569766,4280462,1202
7.827038566,4280720,258
7.827038566,4281906,1186
7.829507366,4282180,274
7.829507366,4283350,1170
7.831976166,4283640,290
7.831976166,4284794,1154
7.834444966,4285100,306
7.834444966,4286238,1138
7.836913766,4286560,322
7.836913766,4287682,1122
7.839382566,4288020,338
7.839382566,4289126,1106
7.841947366,4289480,354
7.841947366,4290570,1090
7.844416566,4290940,370
7.844416566,4292014,1074
7.846892966,4292400,386
7.846892966,4293458,1058
7.849361766,4293860,402
7.849361766,4294902,1042
7.851830566,4295320,418
7.851830566,4296346,1026
7.854392086,4296780,434
7.854392086,4297790,1010
7.855864166,4298240,450
7.855864166,4299234,994
7.858332966,4299700,466
7.858332966,4300678,978
7.860801766,4301160,482
7.860801766,4302122,962
7.863270566,4302620,498
7.863270566,4303566,946
7.865739366,4304080,514
7.865739366,4305010,930
7.868208566,4305540,530
7.868208566,4306454,914
7.870780966,4307000,546
7.870780966,4307898,898
7.873249766,4308460,562
7.873249766,4309342,882
7.875718566,4309920,578
7.875718566,4310786,866
7.878187366,4311380,594
7.878187366,4312230,850
7.880656166,4312840,610
7.880656166,4313674,834
7.883124966,4314300,626
7.883124966,4315118,818
7.885689766,4315760,642
7.885689766,4316562,802
7.888158566,4317220,658
7.888158566,4318006,786
7.890627766,4318680,674
7.890627766,4319450,770
7.893104166,4320140,690
7.893104166,4320894,754
7.895572966,4321600,706
7.895572966,4322338,738
7.898137766,4323060,722
7.898137766,4323782,722
7.900606566,4324520,738
7.900606566,4325226,706
7.903075366,4325980,754
7.903075366,4326670,690
7.905544166,4327440,770
7.905544166,4328114,674
7.908012966,4328900,786
7.908012966,4329558,658
7.910481766,4330360,802
7.910481766,4331002,642
7.912950566,4331820,818
7.912950566,4332446,626
7.915419766,4333280,834
7.915419766,4333890,610
7.917992166,4334740,850
7.917992166,4335334,594
7.920460966,4336200,866
7.920460966,4336778,578
7.922929766,4337660,882
7.922929766,4338222,562
7.925398566,4339120,898
7.925398566,4339666,546
7.927867366,4340580,914
7.927867366,4341110,530
7.930432166,4342040,930
7.930432166,4342554,514
7.932900966,4343500,946
7.932900966,4343998,498
7.935369766,4344960,962
7.935369766,4345442,482
7.937838966,4346420,978
7.937838966,4346886,466
7.940315366,4347880,994
7.940315366,4348330,450
7.942784166,4349340,1010
7.942784166,4349774,434
7.945252966,4350800,1026
7.945252966,4351218,418
7.947721766,4352260,1042
7.947721766,4352662,402
7.950286566,4353720,1058
7.950286566,4354106,386
7.954700806,4355180,1074
7.954700806,4355550,370
7.957224166,4356640,1090
7.957224166,4356994,354
7.959692966,4358100,1106
7.959692966,4358438,338
7.962161766,4359560,1122
7.962161766,4359882,322
7.964734566,4361020,1138
7.964734566,4361326,306
7.967203366,4362480,1154
7.967203366,4362770,290
7.969672166,4363940,1170
7.969672166,4364214,274
7.972140966,4365400,1186
7.972140966,4365658,258
7.974609766,4366860,1202
7.974609766,4367102,242
7.977078566,4368320,1218
7.977078566,4368546,226
7.979547366,4369780,1234
7.979547366,4369990,210
7.982112166,4371240,1250
7.982112166,4371434,194
7.984580966,4372700,1266
7.984580966,4372878,178
7.987050166,4374160,1282
7.987050166,4374322,162
7.989526566,4375620,1298
7.989526566,4375766,146
7.991995366,4377080,1314
7.991995366,4377210,130
7.994464166,4378540,1330
7.994464166,4378654,114
7.997028966,4380000,1346
7.997028966,4380098,98
7.999497766,4381460,1362
7.999497766,4381542,82
8.001966566,4382920,1378
8.001966566,4382986,66
8.004435286,4384380,1394
8.004435286,4384430,50
8.006902486,4385840,1410
8.006902486,4385874,34
8.009466086,4387300,1426
8.009466086,4387318,18
8.011940886,4388760,1442
8.011940886,4388762,2
8.014408166,4390214,1452
8.016876966,4390220,6
8.016876966,4391659,1439
8.019345766,4391680,21
8.019345766,4393104,1424
8.021814566,4393140,36
8.021814566,4394549,1409
8.024283366,4394600,51
8.024283366,4395994,1394
8.026752166,4396060,66
8.026752166,4397438,1378
8.029316966,4397520,82
8.029316966,4398882,1362
8.031785766,4398980,98
8.031785766,4400326,1346
8.034254966,4400440,114
8.034254966,4401770,1330
8.036731366,4401900,130
8.036731366,4403214,1314
8.039200166,4403360,146
8.039200166,4404658,1298
8.041764966,4404820,162
8.041764966,4406102,1282
8.044233766,4406280,178
8.044233766,4407546,1266
8.046702566,4407740,194
8.046702566,4408990,1250
8.049171366,4409200,210
8.049171366,4410434,1234
8.051640166,4410660,226
8.051640166,4411878,1218
8.054108966,4412120,242
8.054108966,4413322,1202
8.054577766,4413580,258
8.054577766,4414766,1186
8.057150566,4415040,274
8.057150566,4416210,1170
8.059619366,4416500,290
8.059619366,4417654,1154
8.062088166,4417960,306
8.062088166,4419098,1138
8.064556966,4419420,322
8.064556966,4420542,1122
8.067025766,4420880,338
8.067025766,4421986,1106
8.069494566,4422340,354
8.069494566,4423430,1090
8.072059366,4423800,370
8.072059366,4424874,1074
8.074528166,4425260,386
8.074528166,4426318,1058
8.076996966,4426720,402
8.076996966,4427762,1042
8.079466166,4428180,418
8.079466166,4429206,1026
8.081942566,4429640,434
8.081942566,4430650,1010
8.084411366,4431100,450
8.084411366,4432094,994
8.086880166,4432560,466
8.086880166,4433538,978
8.089444966,4434020,482
8.089444966,4434982,962
8.091913766,4435480,498
8.091913766,4436426,946
8.094382566,4436940,514
8.094382566,4437870,930
8.096851366,4438400,530
8.096851366,4439314,914
8.099320166,4439860,546
8.099320166,4440758,898
8.101788966,4441320,562
8.101788966,4442202,882
8.104361766,4442780,578
8.104361766,4443646,866
8.106830566,4444240,594
8.106830566,4445090,850
8.109299366,4445700,610
8.109299366,4446534,834
8.111768166,4447160,626
8.111768166,4447978,818
8.114236966,4448620,642
8.114236966,4449422,802
8.116801766,4450080,658
8.116801766,4450866,786
8.119270566,4451540,674
8.119270566,4452310,770
8.121739366,4453000,690
8.121739366,4453754,754
8.124208166,4454460,706
8.124208166,4455198,738
8.126677366,4455920,722
8.126677366,4456642,722
8.129153766,4457380,738
8.129153766,4458086,706
8.131622566,4458840,754
8.131622566,4459530,690
8.134091366,4460300,770
8.134091366,4460974,674
8.136656166,4461760,786
8.136656166,4462418,658
8.139124966,4463220,802
8.139124966,4463862,642
8.141593766,4464680,818
8.141593766,4465306,626
8.144062566,4466140,834
8.144062566,4466750,610
8.146531366,4467600,850
8.146531366,4468194,594
8.149096566,4469060,866
8.149096566,4469638,578
8.151572966,4470520,882
8.151572966,4471082,562
8.155987206,4471980,898
8.155987206,4472526,546
8.158510566,4473440,914
8.158510566,4473970,530
8.160979366,4474900,930
8.160979366,4475414,514
8.163448166,4476360,946
8.163448166,4476858,498
8.165916966,4477820,962
8.165916966,4478302,482
8.168481766,4479280,978
8.168481766,4479746,466
8.170950566,4480740,994
8.170950566,4481190,450
8.173419366,4482200,1010
8.173419366,4482634,434
8.175888566,4483660,1026
8.175888566,4484078,418
8.178364966,4485120,1042
8.178364966,4485522,402
8.180833766,4486580,1058
8.180833766,4486966,386
8.183398566,4488040,1074
8.183398566,4488410,370
8.185867366,4489500,1090
8.185867366,4489854,354
8.188336166,4490960,1106
8.188336166,4491298,338
8.190804966,4492420,1122
8.190804966,4492742,322
8.193273766,4493880,1138
8.193273766,4494186,306
8.195742566,4495340,1154
8.195742566,4495630,290
8.198211366,4496800,1170
8.198211366,4497074,274
8.200784166,4498260,1186
8.200784166,4498518,258
8.203252966,4499720,1202
8.203252966,4499962,242
8.205721766,4501180,1218
8.205721766,4501406,226
8.208190566,4502640,1234
8.208190566,4502850,210
8.210659366,4504100,1250
8.210659366,4504294,194
8.213128166,4505560,1266
8.213128166,4505738,178
8.215692966,4507020,1282
8.215692966,4507182,162
8.218161766,4508480,1298
8.218161766,4508626,146
8.220630566,4509940,1314
8.220630566,4510070,130
8.223099766,4511400,1330
8.223099766,4511514,114
8.225576166,4512860,1346
8.225576166,4512958,98
8.228044966,4514320,1362
8.228044966,4514402,82
8.230609766,4515780,1378
8.230609766,4515846,66
8.233078486,4517240,1394
8.233078486,4517290,50
8.235545686,4518700,1410
8.235545686,4518734,34
8.238012886,4520160,1426
8.238012886,4520178,18
8.240480086,4521620,1442
8.240480086,4521622,2
8.242947366,4523074,1452
8.245416166,4523080,6
8.245416166,4524519,1439
8.247885366,4524540,21
8.247885366,4525964,1424
8.250457766,4526000,36
8.250457766,4527409,1409
8.252926566,4527460,51
8.252926566,4528854,1394
8.255395366,4528920,66
8.255395366,4530298,1378
8.257864166,4530380,82
8.257864166,4531742,1362
8.260332966,4531840,98
8.260332966,4533186,1346
8.262897766,4533300,114
8.262897766,4534630,1330
8.265366566,4534760,130
8.265366566,4536074,1314
8.267835366,4536220,146
8.267835366,4537518,1298
8.270304566,4537680,162
8.270304566,4538962,1282
8.272780966,4539140,178
8.272780966,4540406,1266
8.275249766,4540600,194
8.275249766,4541850,1250
8.277718566,4542060,210
8.277718566,4543294,1234
8.280283366,4543520,226
8.280283366,4544738,1218
8.282752166,4544980,242
8.282752166,4546182,1202
8.285220966,4546440,258
8.285220966,4547626,1186
8.287689766,4547900,274
8.287689766,4549070,1170
8.290158566,4549360,290
8.290158566,4550514,1154
8.292627366,4550820,306
8.292627366,4551958,1138
8.295200166,4552280,322
8.295200166,4553402,1122
8.297668966,4553740,338
8.297668966,4554846,1106
8.300137766,4555200,354
8.300137766,4556290,1090
8.302606566,4556660,370
8.302606566,4557734,1074
8.305075366,4558120,386
8.305075366,4559178,1058
8.307640166,4559580,402
8.307640166,4560622,1042
8.310108966,4561040,418
8.310108966,4562066,1026
8.312577766,4562500,434
8.312577766,4563510,1010
8.315046566,4563960,450
8.315046566,4564954,994
8.317515766,4565420,466
8.317515766,4566398,978
8.319992166,4566880,482
8.319992166,4567842,962
8.322460966,4568340,498
8.322460966,4569286,946
8.324929766,4569800,514
8.324929766,4570730,930
8.327494566,4571260,530
8.327494566,4572174,914
8.329963366,4572720,546
8.329963366,4573618,898
8.332432166,4574180,562
8.332432166,4575062,882
8.334900966,4575640,578
8.334900966,4576506,866
8.337369766,4577100,594
8.337369766,4577950,850
8.339934966,4578560,610
8.339934966,4579394,834
8.342411366,4580020,626
8.342411366,4580838,818
8.344880166,4581480,642
8.344880166,4582282,802
8.347348966,4582940,658
8.347348966,4583726,786
8.349817766,4584400,674
8.349817766,4585170,770
8.352286566,4585860,690
8.352286566,4586614,754
8.354752086,4587320,706
8.354752086,4589502,2182
8.356788966,4590240,738
8.356788966,4590946,706
8.359257766,4591700,754
8.359257766,4592390,690
8.361726966,4593160,770
8.361726966,4593834,674
8.364203366,4594620,786
8.364203366,4595278,658
8.366672166,4596080,802
8.366672166,4596722,642
8.369236966,4597540,818
8.369236966,4598166,626
8.371705766,4599000,834
8.371705766,4599610,610
8.374174566,4600460,850
8.374174566,4601054,594
8.376643366,4601920,866
8.376643366,4602498,578
8.379112166,4603380,882
8.379112166,4603942,562
8.381580966,4604840,898
8.381580966,4605386,546
8.384049766,4606300,914
8.384049766,4606830,530
8.386518966,4607760,930
8.386518966,4608274,514
8.389091366,4609220,946
8.389091366,4609718,498
8.391560166,4610680,962
8.391560166,4611162,482
8.394028966,4612140,978
8.394028966,4612606,466
8.396497766,4613600,994
8.396497766,4614050,450
8.398966566,4615060,1010
8.398966566,4615494,434
8.401531366,4616520,1026
8.401531366,4616938,418
8.404000166,4617980,1042
8.404000166,4618382,402
8.406468966,4619440,1058
8.406468966,4619826,386
8.408938166,4620900,1074
8.408938166,4621270,370
8.411414566,4622360,1090
8.411414566,4622714,354
8.413979366,4623820,1106
8.413979366,4624158,338
8.416448166,4625280,1122
8.416448166,4625602,322
8.418916966,4626740,1138
8.418916966,4627046,306
8.421385766,4628200,1154
8.421385766,4628490,290
8.423854566,4629660,1170
8.423854566,4629934,274
8.426323366,4631120,1186
8.426323366,4631378,258
8.428792166,4632580,1202
8.428792166,4632822,242
8.431260966,4634040,1218
8.431260966,4634266,226
8.433833766,4635500,1234
8.433833766,4635710,210
8.436302566,4636960,1250
8.436302566,4637154,194
8.438771366,4638420,1266
8.438771366,4638598,178
8.441240166,4639880,1282
8.441240166,4640042,162
8.443708966,4641340,1298
8.443708966,4641486,146
8.446273766,4642800,1314
8.446273766,4642930,130
8.448742566,4644260,1330
8.448742566,4644374,114
8.453156806,4645720,1346
8.453156806,4645818,98
8.455680166,4647180,1362
8.455680166,4647262,82
8.458149366,4648640,1378
8.458149366,4648706,66
8.460625686,4650100,1394
8.460625686,4650150,50
8.463092886,4651560,1410
8.463092886,4651594,34
8.465560086,4653020,1426
8.465560086,4653038,18
8.468123286,4654480,1442
8.468123286,4654482,2
8.470590566,4655934,1452
8.473059366,4655940,6
8.473059366,4657379,1439
8.475528166,4657400,21
8.475528166,4658824,1424
8.477996966,4658860,36
8.477996966,4660269,1409
8.480562166,4660320,51
8.480562166,4661714,1394
8.483038566,4661780,66
8.483038566,4663158,1378
8.485507366,4663240,82
8.485507366,4664602,1362
8.487976166,4664700,98
8.487976166,4666046,1346
8.490444966,4666160,114
8.490444966,4667490,1330
8.492913766,4667620,130
8.492913766,4668934,1314
8.495382566,4669080,146
8.495382566,4670378,1298
8.497851366,4670540,162
8.497851366,4671822,1282
8.500416166,4672000,178
8.500416166,4673266,1266
8.502884966,4673460,194
8.502884966,4674710,1250
8.505354166,4674920,210
8.505354166,4676154,1234
8.507830566,4676380,226
8.507830566,4677598,1218
8.510299366,4677840,242
8.510299366,4679042,1202
8.512864166,4679300,258
8.512864166,4680486,1186
8.515332966,4680760,274
8.515332966,4681930,1170
8.517801766,4682220,290
8.517801766,4683374,1154
8.520270566,4683680,306
8.520270566,4684818,1138
8.522739366,4685140,322
8.522739366,4686262,1122
8.525304166,4686600,338
8.525304166,4687706,1106
8.527773366,4688060,354
8.527773366,4689150,1090
8.530249766,4689520,370
8.530249766,4690594,1074
8.532718566,4690980,386
8.532718566,4692038,1058
8.535187366,4692440,402
8.535187366,4693482,1042
8.537656166,4693900,418
8.537656166,4694926,1026
8.540124966,4695360,434
8.540124966,4696370,1010
8.542593766,4696820,450
8.542593766,4697814,994
8.545158566,4698280,466
8.545158566,4699258,978
8.547627366,4699740,482
8.547627366,4700702,962
8.550096166,4701200,498
8.550096166,4702146,946
8.552565366,4702660,514
8.552565366,4703590,930
8.555038486,4704120,530
8.555038486,4706478,2358
8.557075366,4707040,562
8.557075366,4707922,882
8.559544166,4708500,578
8.559544166,4709366,866
8.562012966,4709960,594
8.562012966,4710810,850
8.564481766,4711420,610
8.564481766,4712254,834
8.566950566,4712880,626
8.566950566,4713698,818
8.569419366,4714340,642
8.569419366,4715142,802
8.571888166,4715800,658
8.571888166,4716586,786
8.574460966,4717260,674
8.574460966,4718030,770
8.576929766,4718720,690
8.576929766,4719474,754
8.579398566,4720180,706
8.579398566,4720918,738
8.581867366,4721640,722
8.581867366,4722362,722
8.584336166,4723100,738
8.584336166,4723806,706
8.586900966,4724560,754
8.586900966,4725250,690
8.589369766,4726020,770
8.589369766,4726694,674
8.591838566,4727480,786
8.591838566,4728138,658
8.594307366,4728940,802
8.594307366,4729582,642
8.596776566,4730400,818
8.596776566,4731026,626
8.599348966,4731860,834
8.599348966,4732470,610
8.601817766,4733320,850
8.601817766,4733914,594
8.604286566,4734780,866
8.604286566,4735358,578
8.606755366,4736240,882
8.606755366,4736802,562
8.609224166,4737700,898
8.609224166,4738246,546
8.611692966,4739160,914
8.611692966,4739690,530
8.614161766,4740620,930
8.614161766,4741134,514
8.616630566,4742080,946
8.616630566,4742578,498
8.619195766,4743540,962
8.619195766,4744022,482
8.621672166,4745000,978
8.621672166,4745466,466
8.624140966,4746460,994
8.624140966,4746910,450
8.626609766,4747920,1010
8.626609766,4748354,434
8.629078566,4749380,1026
8.629078566,4749798,418
8.631643366,4750840,1042
8.631643366,4751242,402
8.634112166,4752300,1058
8.634112166,4752686,386
8.636580966,4753760,1074
8.636580966,4754130,370
8.639049766,4755220,1090
8.639049766,4755574,354
8.641518566,4756680,1106
8.641518566,4757018,338
8.643987766,4758140,1122
8.643987766,4758462,322
8.646464166,4759600,1138
8.646464166,4759906,306
8.648932966,4761060,1154
8.648932966,4761350,290
8.653443206,4762520,1170
8.653443206,4762794,274
8.655966566,4763980,1186
8.655966566,4764238,258
8.658435366,4765440,1202
8.658435366,4765682,242
8.660904166,4766900,1218
8.660904166,4767126,226
8.663372966,4768360,1234
8.663372966,4768570,210
8.665841766,4769820,1250
8.665841766,4770014,194
8.668406966,4771280,1266
8.668406966,4771458,178
8.670883366,4772740,1282
8.670883366,4772902,162
8.673352166,4774200,1298
8.673352166,4774346,146
8.675820966,4775660,1314
8.675820966,4775790,130
8.678289766,4777120,1330
8.678289766,4777234,114
8.680758566,4778580,1346
8.680758566,4778678,98
8.683227366,4780040,1362
8.683227366,4780122,82
8.685696166,4781500,1378
8.685696166,4781566,66
8.688260886,4782960,1394
8.688260886,4783010,50
8.690728086,4784420,1410
8.690728086,4784454,34
8.693195686,4785880,1426
8.693195686,4785898,18
8.695670486,4787340,1442
8.695670486,4787342,2
8.698137766,4788794,1452
8.700702566,4788800,6
8.700702566,4790239,1439
8.703171366,4790260,21
8.703171366,4791684,1424
8.705640166,4791720,36
8.705640166,4793129,1409
8.708108966,4793180,51
8.708108966,4794574,1394
8.710577766,4794640,66
8.710577766,4796018,1378
8.713046566,4796100,82
8.713046566,4797462,1362
8.715515366,4797560,98
8.715515366,4798906,1346
8.718088166,4799020,114
8.718088166,4800350,1330
8.720556966,4800480,130
8.720556966,4801794,1314
8.723025766,4801940,146
8.723025766,4803238,1298
8.725494566,4803400,162
8.725494566,4804682,1282
8.727963366,4804860,178
8.727963366,4806126,1266
8.730432166,4806320,194
8.730432166,4807570,1250
8.732996966,4807780,210
8.732996966,4809014,1234
8.735465766,4809240,226
8.735465766,4810458,1218
8.737934566,4810700,242
8.737934566,4811902,1202
8.740403766,4812160,258
8.740403766,4813346,1186
8.742880166,4813620,274
8.742880166,4814790,1170
8.745444966,4815080,290
8.745444966,4816234,1154
8.747913766,4816540,306
8.747913766,4817678,1138
8.750382566,4818000,322
8.750382566,4819122,1122
8.754796806,4819460,338
8.754796806,4820566,1106
8.757320166,4820920,354
8.757320166,4822010,1090
8.759788966,4822380,370
8.759788966,4823454,1074
8.762257766,4823840,386
8.762257766,4824898,1058
8.764726566,4825300,402
8.764726566,4826342,1042
8.767299366,4826760,418
8.767299366,4827786,1026
8.769768166,4828220,434
8.769768166,4829230,1010
8.772236966,4829680,450
8.772236966,4830674,994
8.774705766,4831140,466
8.774705766,4832118,978
8.777174566,4832600,482
8.777174566,4833562,962
8.779739366,4834060,498
8.779739366,4835006,946
8.782208166,4835520,514
8.782208166,4836450,930
8.784676966,4836980,530
8.784676966,4837894,914
8.787145766,4838440,546
8.787145766,4839338,898
8.789614966,4839900,562
8.789614966,4840782,882
8.792091366,4841360,578
8.792091366,4842226,866
8.794560166,4842820,594
8.794560166,4843670,850
8.797028966,4844280,610
8.797028966,4845114,834
8.799593766,4845740,626
8.799593766,4846558,818
8.802062566,4847200,642
8.802062566,4848002,802
8.804531366,4848660,658
8.804531366,4849446,786
8.807000166,4850120,674
8.807000166,4850890,770
8.809468966,4851580,690
8.809468966,4852334,754
8.812034166,4853040,706
8.812034166,4853778,738
8.814510566,4854500,722
8.814510566,4855222,722
8.816979366,4855960,738
8.816979366,4856666,706
8.819448166,4857420,754
8.819448166,4858110,690
8.821916966,4858880,770
8.821916966,4859554,674
8.824385766,4860340,786
8.824385766,4860998,658
8.826854566,4861800,802
8.826854566,4862442,642
8.829323366,4863260,818
8.829323366,4863886,626
8.831888166,4864720,834
8.831888166,4865330,610
8.834356966,4866180,850
8.834356966,4866774,594
8.836826166,4867640,866
8.836826166,4868218,578
8.839302566,4869100,882
8.839302566,4869662,562
8.841771366,4870560,898
8.841771366,4871106,546
8.844336166,4872020,914
8.844336166,4872550,530
8.846804966,4873480,930
8.846804966,4873994,514
8.849273766,4874940,946
8.849273766,4875438,498
8.851742566,4876400,962
8.851742566,4876882,482
8.854208086,4877860,978
8.854208086,4878326,466
8.855776166,4879320,994
8.855776166,4879770,450
8.858245366,4880780,1010
8.858245366,4881214,434
8.860721766,4882240,1026
8.860721766,4882658,418
8.863190566,4883700,1042
8.863190566,4884102,402
8.865659366,4885160,1058
8.865659366,4885546,386
8.868128166,4886620,1074
8.868128166,4886990,370
8.870596966,4888080,1090
8.870596966,4888434,354
8.873065766,4889540,1106
8.873065766,4889878,338
8.875630566,4891000,1122
8.875630566,4891322,322
8.878099366,4892460,1138
8.878099366,4892766,306
8.880568166,4893920,1154
8.880568166,4894210,290
8.883037366,4895380,1170
8.883037366,4895654,274
8.885513766,4896840,1186
8.885513766,4897098,258
8.888078566,4898300,1202
8.888078566,4898542,242
8.890547366,4899760,1218
8.890547366,4899986,226
8.893016166,4901220,1234
8.893016166,4901430,210
8.895484966,4902680,1250
8.895484966,4902874,194
8.897953766,4904140,1266
8.897953766,4904318,178
8.900422566,4905600,1282
8.900422566,4905762,162
8.902891366,4907060,1298
8.902891366,4907206,146
8.905360166,4908520,1314
8.905360166,4908650,130
8.907932966,4909980,1330
8.907932966,4910094,114
8.910401766,4911440,1346
8.910401766,4911538,98
8.912870566,4912900,1362
8.912870566,4912982,82
8.915339366,4914360,1378
8.915339366,4914426,66
8.917808086,4915820,1394
8.917808086,4915870,50
8.920371286,4917280,1410
8.920371286,4917314,34
8.922838486,4918740,1426
8.922838486,4918758,18
8.925305686,4920200,1442
8.925305686,4920202,2
8.927772966,4921654,1452
8.930242166,4921660,6
8.930242166,4923099,1439
8.932718566,4923120,21
8.932718566,4924544,1424
8.935187366,4924580,36
8.935187366,4925989,1409
8.937656166,4926040,51
8.937656166,4927434,1394
8.940220966,4927500,66
8.940220966,4928878,1378
8.942689766,4928960,82
8.942689766,4930322,1362
8.945158566,4930420,98
8.945158566,4931766,1346
8.947627366,4931880,114
8.947627366,4933210,1330
8.950096166,4933340,130
8.950096166,4934654,1314
8.952661366,4934800,146
8.952661366,4936098,1298
8.955137766,4936260,162
8.955137766,4937542,1282
8.957606566,4937720,178
8.957606566,4938986,1266
8.960075366,4939180,194
8.960075366,4940430,1250
8.962544166,4940640,210
8.962544166,4941874,1234
8.965108966,4942100,226
8.965108966,4943318,1218
8.967577766,4943560,242
8.967577766,4944762,1202
8.970046566,4945020,258
8.970046566,4946206,1186
8.972515366,4946480,274
8.972515366,4947650,1170
8.974984166,4947940,290
8.974984166,4949094,1154
8.977453366,4949400,306
8.977453366,4950538,1138
8.979929766,4950860,322
8.979929766,4951982,1122
8.982398566,4952320,338
8.982398566,4953426,1106
8.984963366,4953780,354
8.984963366,4954870,1090
8.987432166,4955240,370
8.987432166,4956314,1074
8.989900966,4956700,386
8.989900966,4957758,1058
8.992369766,4958160,402
8.992369766,4959202,1042
8.994838566,4959620,418
8.994838566,4960646,1026
8.997403366,4961080,434
8.997403366,4962090,1010
8.999872566,4962540,450
8.999872566,4963534,994
9.002348966,4964000,466
9.002348966,4964978,978
9.004817766,4965460,482
9.004817766,4966422,962
9.007286566,4966920,498
9.007286566,4967866,946
9.009755366,4968380,514
9.009755366,4969310,930
9.012224166,4969840,530
9.012224166,4970754,914
9.014692966,4971300,546
9.014692966,4972198,898
9.017257766,4972760,562
9.017257766,4973642,882
9.019726566,4974220,578
9.019726566,4975086,866
9.022195366,4975680,594
9.022195366,4976530,850
9.024664566,4977140,610
9.024664566,4977974,834
9.027140966,4978600,626
9.027140966,4979418,818
9.029705766,4980060,642
9.029705766,4980862,802
9.032174566,4981520,658
9.032174566,4982306,786
9.034643366,4982980,674
9.034643366,4983750,770
9.037112166,4984440,690
9.037112166,4985194,754
9.039580966,4985900,706
9.039580966,4986638,738
9.042145766,4987360,722
9.042145766,4988082,722
9.044614566,4988820,738
9.044614566,4989526,706
9.047083766,4990280,754
9.047083766,4990970,690
9.049560166,4991740,770
9.049560166,4992414,674
9.052028966,4993200,786
9.052028966,4993858,658
9.054494486,4994660,802
9.054494486,4995302,642
9.055966566,4996120,818
9.055966566,4996746,626
9.058435366,4997580,834
9.058435366,4998190,610
9.061000166,4999040,850
9.061000166,4999634,594
9.063468966,5000500,866
9.063468966,5001078,578
9.065937766,5001960,882
9.065937766,5002522,562
9.068406566,5003420,898
9.068406566,5003966,546
9.070875766,5004880,914
9.070875766,5005410,530
9.073448166,5006340,930
9.073448166,5006854,514
9.075916966,5007800,946
9.075916966,5008298,498
9.078385766,5009260,962
9.078385766,5009742,482
9.080854566,5010720,978
9.080854566,5011186,466
9.083323366,5012180,994
9.083323366,5012630,450
9.085792166,5013640,1010
9.085792166,5014074,434
9.088260966,5015100,1026
9.088260966,5015518,418
9.090729766,5016560,1042
9.090729766,5016962,402
9.093294966,5018020,1058
9.093294966,5018406,386
9.095771366,5019480,1074
9.095771366,5019850,370
9.098240166,5020940,1090
9.098240166,5021294,354
9.100708966,5022400,1106
9.100708966,5022738,338
9.103177766,5023860,1122
9.103177766,5024182,322
9.105646566,5025320,1138
9.105646566,5025626,306
9.108211366,5026780,1154
9.108211366,5027070,290
9.110680166,5028240,1170
9.110680166,5028514,274
9.113148966,5029700,1186
9.113148966,5029958,258
9.115617766,5031160,1202
9.115617766,5031402,242
9.118086966,5032620,1218
9.118086966,5032846,226
9.120563366,5034080,1234
9.120563366,5034290,210
9.123032166,5035540,1250
9.123032166,5035734,194
9.125500966,5037000,1266
9.125500966,5037178,178
9.128065766,5038460,1282
9.128065766,5038622,162
9.130534566,5039920,1298
9.130534566,5040066,146
9.133003366,5041380,1314
9.133003366,5041510,130
9.135472166,5042840,1330
9.135472166,5042954,114
9.137940966,5044300,1346
9.137940966,5044398,98
9.140506166,5045760,1362
9.140506166,5045842,82
9.142982566,5047220,1378
9.142982566,5047286,66
9.145451286,5048680,1394
9.145451286,5048730,50
9.147918486,5050140,1410
9.147918486,5050174,34
9.150385686,5051600,1426
9.150385686,5051618,18
9.152948886,5053060,1442
9.152948886,5053062,2
9.155416166,5054514,1452
9.157884966,5054520,6
9.157884966,5055959,1439
9.160353766,5055980,21
9.160353766,5057404,1424
9.162822566,5057440,36
9.162822566,5058849,1409
9.165291766,5058900,51
9.165291766,5060294,1394
9.167768166,5060360,66
9.167768166,5061738,1378
9.170236966,5061820,82
9.170236966,5063182,1362
9.172801766,5063280,98
9.172801766,5064626,1346
9.175270566,5064740,114
9.175270566,5066070,1330
9.177739366,5066200,130
9.177739366,5067514,1314
9.180208166,5067660,146
9.180208166,5068958,1298
9.182676966,5069120,162
9.182676966,5070402,1282
9.185241766,5070580,178
9.185241766,5071846,1266
9.187710966,5072040,194
9.187710966,5073290,1250
9.190187366,5073500,210
9.190187366,5074734,1234
9.192656166,5074960,226
9.192656166,5076178,1218
9.195124966,5076420,242
9.195124966,5077622,1202
9.197593766,5077880,258
9.197593766,5079066,1186
9.200062566,5079340,274
9.200062566,5080510,1170
9.202531366,5080800,290
9.202531366,5081954,1154
9.205096166,5082260,306
9.205096166,5083398,1138
9.207564966,5083720,322
9.207564966,5084842,1122
9.210033766,5085180,338
9.210033766,5086286,1106
9.212502966,5086640,354
9.212502966,5087730,1090
9.214979366,5088100,370
9.214979366,5089174,1074
9.217544166,5089560,386
9.217544166,5090618,1058
9.220012966,5091020,402
9.220012966,5092062,1042
9.222481766,5092480,418
9.222481766,5093506,1026
9.224950566,5093940,434
9.224950566,5094950,1010
9.227419366,5095400,450
9.227419366,5096394,994
9.229888166,5096860,466
9.229888166,5097838,978
9.232356966,5098320,482
9.232356966,5099282,962
9.234825766,5099780,498
9.234825766,5100726,946
9.237398566,5101240,514
9.237398566,5102170,930
9.239867366,5102700,530
9.239867366,5103614,914
9.242336166,5104160,546
9.242336166,5105058,898
9.244804966,5105620,562
9.244804966,5106502,882
9.247273766,5107080,578
9.247273766,5107946,866
9.249838566,5108540,594
9.249838566,5109390,850
9.252307366,5110000,610
9.252307366,5110834,834
9.254776166,5111460,626
9.254776166,5112278,818
9.257244966,5112920,642
9.257244966,5113722,802
9.259714166,5114380,658
9.259714166,5115166,786
9.262286566,5115840,674
9.262286566,5116610,770
9.264755366,5117300,690
9.264755366,5118054,754
9.267224166,5118760,706
9.267224166,5119498,738
9.269692966,5120220,722
9.269692966,5120942,722
9.272161766,5121680,738
9.272161766,5122386,706
9.274630566,5123140,754
9.274630566,5123830,690
9.277099366,5124600,770
9.277099366,5125274,674
9.279568166,5126060,786
9.279568166,5126718,658
9.282133366,5127520,802
9.282133366,5128162,642
9.284609766,5128980,818
9.284609766,5129606,626
9.287078566,5130440,834
9.287078566,5131050,610
9.289547366,5131900,850
9.289547366,5132494,594
9.292016166,5133360,866
9.292016166,5133938,578
9.294580966,5134820,882
9.294580966,5135382,562
9.297049766,5136280,898
9.297049766,5136826,546
9.299518566,5137740,914
9.299518566,5138270,530
9.301987366,5139200,930
9.301987366,5139714,514
9.304456166,5140660,946
9.304456166,5141158,498
9.306925366,5142120,962
9.306925366,5142602,482
9.309401766,5143580,978
9.309401766,5144046,466
9.311870566,5145040,994
9.311870566,5145490,450
9.314435366,5146500,1010
9.314435366,5146934,434
9.316904166,5147960,1026
9.316904166,5148378,418
9.319372966,5149420,1042
9.319372966,5149822,402
9.321841766,5150880,1058
9.321841766,5151266,386
9.324310566,5152340,1074
9.324310566,5152710,370
9.326875366,5153800,1090
9.326875366,5154154,354
9.329344566,5155260,1106
9.329344566,5155598,338
9.331820966,5156720,1122
9.331820966,5157042,322
9.334289766,5158180,1138
9.334289766,5158486,306
9.336758566,5159640,1154
9.336758566,5159930,290
9.339227366,5161100,1170
9.339227366,5161374,274
9.341696166,5162560,1186
9.341696166,5162818,258
9.344164966,5164020,1202
9.344164966,5164262,242
9.346729766,5165480,1218
9.346729766,5165706,226
9.349198566,5166940,1234
9.349198566,5167150,210
9.351667366,5168400,1250
9.351667366,5168594,194
9.354136566,5169860,1266
9.354136566,5170038,178
9.356612966,5171320,1282
9.356612966,5171482,162
9.359177766,5172780,1298
9.359177766,5172926,146
9.361646566,5174240,1314
9.361646566,5174370,130
9.364115366,5175700,1330
9.364115366,5175814,114
9.366584166,5177160,1346
9.366584166,5177258,98
9.369052966,5178620,1362
9.369052966,5178702,82
9.371617766,5180080,1378
9.371617766,5180146,66
9.374086486,5181540,1394
9.374086486,5181590,50
9.376554086,5183000,1410
9.376554086,5183034,34
9.379028886,5184460,1426
9.379028886,5184478,18
9.381496086,5185920,1442
9.381496086,5185922,2
9.383963366,5187374,1452
9.386432166,5187380,6
9.386432166,5188819,1439
9.388900966,5188840,21
9.388900966,5190264,1424
9.391465766,5190300,36
9.391465766,5191709,1409
9.393934566,5191760,51
9.393934566,5193154,1394
9.396403366,5193220,66
9.396403366,5194598,1378
9.398872166,5194680,82
9.398872166,5196042,1362
9.401341366,5196140,98
9.401341366,5197486,1346
9.403913766,5197600,114
9.403913766,5198930,1330
9.406382566,5199060,130
9.406382566,5200374,1314
9.408851366,5200520,146
9.408851366,5201818,1298
9.411320166,5201980,162
9.411320166,5203262,1282
9.413788966,5203440,178
9.413788966,5204706,1266
9.416257766,5204900,194
9.416257766,5206150,1250
9.418726566,5206360,210
9.418726566,5207594,1234
9.421195366,5207820,226
9.421195366,5209038,1218
9.423760566,5209280,242
9.423760566,5210482,1202
9.426236966,5210740,258
9.426236966,5211926,1186
9.428705766,5212200,274
9.428705766,5213370,1170
9.431174566,5213660,290
9.431174566,5214814,1154
9.433643366,5215120,306
9.433643366,5216258,1138
9.436208166,5216580,322
9.436208166,5217702,1122
9.438676966,5218040,338
9.438676966,5219146,1106
9.441145766,5219500,354
9.441145766,5220590,1090
9.443614566,5220960,370
9.443614566,5222034,1074
9.446083366,5222420,386
9.446083366,5223478,1058
9.448656166,5223880,402
9.448656166,5224922,1042
9.451124966,5225340,418
9.451124966,5226366,1026
9.453593766,5226800,434
9.453593766,5227810,1010
9.456062566,5228260,450
9.456062566,5229254,994
9.458531366,5229720,466
9.458531366,5230698,978
9.461000166,5231180,482
9.461000166,5232142,962
9.463468966,5232640,498
9.463468966,5233586,946
9.465937766,5234100,514
9.465937766,5235030,930
9.468502566,5235560,530
9.468502566,5236474,914
9.470971766,5237020,546
9.470971766,5237918,898
9.473448166,5238480,562
9.473448166,5239362,882
9.475916966,5239940,578
9.475916966,5240806,866
9.478385766,5241400,594
9.478385766,5242250,850
9.479610006,5242860,610
9.479610006,5242880,20
