1.05522	0	0	0	0	
1.16157	0	1200	1200	0	
1.16359	0	2400	2400	0	
1.16602	1	0	0	0	
1.16847	1	1456	1456	0	
1.16847	1	1460	1460	0	
1.17209	1	2905	2905	0	
1.17209	1	2920	2920	0	
1.18209	1	4354	4354	0	
1.18209	1	4380	4380	0	
1.27584	1	5803	5803	0	
1.27584	1	5840	5840	0	
1.2783	1	7252	7252	0	
1.2783	1	7300	7300	0	
1.28077	1	8701	8701	0	
1.28077	1	8760	8760	0	
1.28323	1	10150	10150	0	
1.28323	1	10220	10220	0	
1.28569	1	11598	11598	0	
1.28569	1	11680	11680	0	
1.28816	1	13046	13046	0	
1.28816	1	13140	13140	0	
1.29584	1	14494	14494	0	
1.29584	1	14600	14600	0	
1.2983	1	15942	15942	0	
1.2983	1	16060	16060	0	
1.38651	1	17390	17390	0	
1.38651	1	17520	17520	0	
1.38898	1	18834	18834	0	
1.38898	1	18980	18980	0	
1.39145	1	20278	20278	0	
1.39145	1	20440	20440	0	
1.39391	1	21722	21722	0	
1.39391	1	21900	21900	0	
1.39638	1	23166	23166	0	
1.39638	1	23360	23360	0	
1.39885	1	24610	24610	0	
1.39885	1	24820	24820	0	
1.40132	1	26054	26054	0	
1.40132	1	26280	26280	0	
1.40378	1	27498	27498	0	
1.40378	1	27740	27740	0	
1.40624	1	28942	28942	0	
1.40624	1	29200	29200	0	
1.40871	1	30386	30386	0	
1.40871	1	30660	30660	0	
1.41118	1	31830	31830	0	
1.41118	1	32120	32120	0	
1.41364	1	33274	33274	0	
1.41364	1	33580	33580	0	
1.4162	1	34718	34718	0	
1.4162	1	35040	35040	0	
1.41866	1	36162	36162	0	
1.41866	1	36500	36500	0	
1.42113	1	37606	37606	0	
1.42113	1	37960	37960	0	
1.42359	1	39050	39050	0	
1.42359	1	39420	39420	0	
1.4982	1	40494	40494	0	
1.4982	1	40880	40880	0	
1.50067	1	41938	41938	0	
1.50067	1	42340	42340	0	
1.50315	1	43382	43382	0	
1.50315	1	43800	43800	0	
1.50561	1	44826	44826	0	
1.50561	1	45260	45260	0	
1.50808	1	46270	46270	0	
1.50808	1	46720	46720	0	
1.51055	1	47714	47714	0	
1.51055	1	48180	48180	0	
1.51301	1	49158	49158	0	
1.51301	1	49640	49640	0	
1.51548	1	50602	50602	0	
1.51548	1	51100	51100	0	
1.51794	1	52046	52046	0	
1.51794	1	52560	52560	0	
1.52041	1	53490	53490	0	
1.52041	1	54020	54020	0	
1.52287	1	54934	54934	0	
1.52287	1	55480	55480	0	
1.52533	1	56378	56378	0	
1.52533	1	56940	56940	0	
1.5278	1	57822	57822	0	
1.5278	1	58400	58400	0	
1.53027	1	59266	59266	0	
1.53027	1	59860	59860	0	
1.53273	1	60710	60710	0	
1.53273	1	61320	61320	0	
1.5352	1	62154	62154	0	
1.5352	1	62780	62780	0	
1.53766	1	63598	63598	0	
1.53766	1	64240	64240	0	
1.54013	1	65042	65042	0	
1.54013	1	65700	65700	0	
1.54268	1	66486	66486	0	
1.54268	1	67160	67160	0	
1.54515	1	67930	67930	0	
1.54515	1	68620	68620	0	
1.54761	1	69374	69374	0	
1.54761	1	70080	70080	0	
1.55007	1	70818	70818	0	
1.55007	1	71540	71540	0	
1.55549	1	72262	72262	0	
1.55549	1	73000	73000	0	
1.55801	1	73706	73706	0	
1.55801	1	74460	74460	0	
1.56047	1	75150	75150	0	
1.56047	1	75920	75920	0	
1.56294	1	76594	76594	0	
1.56294	1	77380	77380	0	
1.5654	1	78038	78038	0	
1.5654	1	78840	78840	0	
1.56787	1	79482	79482	0	
1.56787	1	80300	80300	0	
1.57042	1	80926	80926	0	
1.57042	1	81760	81760	0	
1.57288	1	82370	82370	0	
1.57288	1	83220	83220	0	
1.57535	1	83814	83814	0	
1.57535	1	84680	84680	0	
1.57781	1	85258	85258	0	
1.57781	1	86140	86140	0	
1.61389	1	86702	86702	0	
1.61389	1	87600	87600	0	
1.61636	1	88146	88146	0	
1.61636	1	89060	89060	0	
1.61882	1	89590	89590	0	
1.61882	1	90520	90520	0	
1.62128	1	91034	91034	0	
1.62128	1	91980	91980	0	
1.62375	1	92478	92478	0	
1.62375	1	93440	93440	0	
1.62621	1	93922	93922	0	
1.62621	1	94900	94900	0	
1.62877	1	95366	95366	0	
1.62877	1	96360	96360	0	
1.63123	1	96810	96810	0	
1.63123	1	97820	97820	0	
1.6337	1	98254	98254	0	
1.6337	1	99280	99280	0	
1.63616	1	99698	99698	0	
1.63616	1	100740	100740	0	
1.63863	1	101142	101142	0	
1.63863	1	102200	102200	0	
1.6411	1	102586	102586	0	
1.6411	1	103660	103660	0	
1.64356	1	104030	104030	0	
1.64356	1	105120	105120	0	
1.64602	1	105474	105474	0	
1.64602	1	106580	106580	0	
1.64849	1	106918	106918	0	
1.64849	1	108040	108040	0	
1.65095	1	108362	108362	0	
1.65095	1	109500	109500	0	
1.65342	1	109806	109806	0	
1.65342	1	110960	110960	0	
1.65588	1	111250	111250	0	
1.65588	1	112420	112420	0	
1.65744	1	112694	112694	0	
1.65744	1	113880	113880	0	
1.6599	1	114138	114138	0	
1.6599	1	115340	115340	0	
1.66237	1	115582	115582	0	
1.66237	1	116800	116800	0	
1.66484	1	117026	117026	0	
1.66484	1	118260	118260	0	
1.6673	1	118470	118470	0	
1.6673	1	119720	119720	0	
1.66976	1	119914	119914	0	
1.66976	1	121180	121180	0	
1.67223	1	121358	121358	0	
1.67223	1	122640	122640	0	
1.67469	1	122802	122802	0	
1.67469	1	124100	124100	0	
1.67716	1	124246	124246	0	
1.67716	1	125560	125560	0	
1.67962	1	125690	125690	0	
1.67962	1	127020	127020	0	
1.68208	1	127134	127134	0	
1.68208	1	128480	128480	0	
1.68455	1	128578	128578	0	
1.68455	1	129940	129940	0	
1.68711	1	130022	130022	0	
1.68711	1	131400	131400	0	
1.68957	1	131466	131466	0	
1.68957	1	132860	132860	0	
1.69204	1	132910	132910	0	
1.69204	1	134320	134320	0	
1.6945	1	134354	134354	0	
1.6945	1	135780	135780	0	
1.69696	1	135798	135798	0	
1.69696	1	137240	137240	0	
1.69942	1	137242	137242	0	
1.70189	1	138694	138694	0	
1.70189	1	138700	138700	0	
1.70435	1	140139	140139	0	
1.70435	1	140160	140160	0	
1.70682	1	141584	141584	0	
1.70682	1	141620	141620	0	
1.70928	1	143029	143029	0	
1.70928	1	143080	143080	0	
1.71174	1	144474	144474	0	
1.71174	1	144540	144540	0	
1.71422	1	145918	145918	0	
1.71422	1	146000	146000	0	
1.71668	1	147362	147362	0	
1.71668	1	147460	147460	0	
1.71914	1	148806	148806	0	
1.71914	1	148920	148920	0	
1.72161	1	150250	150250	0	
1.72161	1	150380	150380	0	
1.72407	1	151694	151694	0	
1.72407	1	151840	151840	0	
1.72663	1	153138	153138	0	
1.72663	1	153300	153300	0	
1.72909	1	154582	154582	0	
1.72909	1	154760	154760	0	
1.73156	1	156026	156026	0	
1.73156	1	156220	156220	0	
1.73402	1	157470	157470	0	
1.73402	1	157680	157680	0	
1.73648	1	158914	158914	0	
1.73648	1	159140	159140	0	
1.73896	1	160358	160358	0	
1.73896	1	160600	160600	0	
1.74142	1	161802	161802	0	
1.74142	1	162060	162060	0	
1.74388	1	163246	163246	0	
1.74388	1	163520	163520	0	
1.74635	1	164690	164690	0	
1.74635	1	164980	164980	0	
1.74881	1	166134	166134	0	
1.74881	1	166440	166440	0	
1.75137	1	167578	167578	0	
1.75137	1	167900	167900	0	
1.75383	1	169022	169022	0	
1.75383	1	169360	169360	0	
1.75629	1	170466	170466	0	
1.75629	1	170820	170820	0	
1.75876	1	171910	171910	0	
1.75876	1	172280	172280	0	
1.76122	1	173354	173354	0	
1.76122	1	173740	173740	0	
1.76369	1	174798	174798	0	
1.76369	1	175200	175200	0	
1.76616	1	176242	176242	0	
1.76616	1	176660	176660	0	
1.76862	1	177686	177686	0	
1.76862	1	178120	178120	0	
1.77118	1	179130	179130	0	
1.77118	1	179580	179580	0	
1.77364	1	180574	180574	0	
1.77364	1	181040	181040	0	
1.77611	1	182018	182018	0	
1.77611	1	182500	182500	0	
1.77857	1	183462	183462	0	
1.77857	1	183960	183960	0	
1.78103	1	184906	184906	0	
1.78103	1	185420	185420	0	
1.7835	1	186350	186350	0	
1.7835	1	186880	186880	0	
1.78606	1	187794	187794	0	
1.78606	1	188340	188340	0	
1.78852	1	189238	189238	0	
1.78852	1	189800	189800	0	
1.79099	1	190682	190682	0	
1.79099	1	191260	191260	0	
1.79345	1	192126	192126	0	
1.79345	1	192720	192720	0	
1.79592	1	193570	193570	0	
1.79592	1	194180	194180	0	
1.79838	1	195014	195014	0	
1.79838	1	195640	195640	0	
1.80084	1	196458	196458	0	
1.80084	1	197100	197100	0	
1.80331	1	197902	197902	0	
1.80331	1	198560	198560	0	
1.80577	1	199346	199346	0	
1.80577	1	200020	200020	0	
1.80824	1	200790	200790	0	
1.80824	1	201480	201480	0	
1.8107	1	202234	202234	0	
1.8107	1	202940	202940	0	
1.81317	1	203678	203678	0	
1.81317	1	204400	204400	0	
1.81564	1	205122	205122	0	
1.81564	1	205860	205860	0	
1.8181	1	206566	206566	0	
1.8181	1	207320	207320	0	
1.82056	1	208010	208010	0	
1.82056	1	208780	208780	0	
1.82303	1	209454	209454	0	
1.82303	1	210240	210240	0	
1.82558	1	210898	210898	0	
1.82558	1	211700	211700	0	
1.82805	1	212342	212342	0	
1.82805	1	213160	213160	0	
1.83051	1	213786	213786	0	
1.83051	1	214620	214620	0	
1.83298	1	215230	215230	0	
1.83298	1	216080	216080	0	
1.83544	1	216674	216674	0	
1.83544	1	217540	217540	0	
1.83791	1	218118	218118	0	
1.83791	1	219000	219000	0	
1.84038	1	219562	219562	0	
1.84038	1	220460	220460	0	
1.84284	1	221006	221006	0	
1.84284	1	221920	221920	0	
1.8453	1	222450	222450	0	
1.8453	1	223380	223380	0	
1.84777	1	223894	223894	0	
1.84777	1	224840	224840	0	
1.85023	1	225338	225338	0	
1.85023	1	226300	226300	0	
1.8527	1	226782	226782	0	
1.8527	1	227760	227760	0	
1.85619	1	228226	228226	0	
1.85619	1	229220	229220	0	
1.85872	1	229670	229670	0	
1.85872	1	230680	230680	0	
1.86118	1	231114	231114	0	
1.86118	1	232140	232140	0	
1.86365	1	232558	232558	0	
1.86365	1	233600	233600	0	
1.86612	1	234002	234002	0	
1.86612	1	235060	235060	0	
1.86858	1	235446	235446	0	
1.86858	1	236520	236520	0	
1.87104	1	236890	236890	0	
1.87104	1	237980	237980	0	
1.87351	1	238334	238334	0	
1.87351	1	239440	239440	0	
1.87597	1	239778	239778	0	
1.87597	1	240900	240900	0	
1.87844	1	241222	241222	0	
1.87844	1	242360	242360	0	
1.8809	1	242666	242666	0	
1.8809	1	243820	243820	0	
1.88336	1	244110	244110	0	
1.88336	1	245280	245280	0	
1.88583	1	245554	245554	0	
1.88583	1	246740	246740	0	
1.88829	1	246998	246998	0	
1.88829	1	248200	248200	0	
1.89076	1	248442	248442	0	
1.89076	1	249660	249660	0	
1.89323	1	249886	249886	0	
1.89323	1	251120	251120	0	
1.89578	1	251330	251330	0	
1.89578	1	252580	252580	0	
1.89825	1	252774	252774	0	
1.89825	1	254040	254040	0	
1.90071	1	254218	254218	0	
1.90071	1	255500	255500	0	
1.90317	1	255662	255662	0	
1.90317	1	256960	256960	0	
1.90564	1	257106	257106	0	
1.90564	1	258420	258420	0	
1.9081	1	258550	258550	0	
1.9081	1	259880	259880	0	
1.91057	1	259994	259994	0	
1.91057	1	261340	261340	0	
1.91303	1	261438	261438	0	
1.91303	1	262800	262800	0	
1.91562	1	262882	262882	0	
1.91562	1	264260	264260	0	
1.91802	1	264326	264326	0	
1.91802	1	265720	265720	0	
1.92125	1	265770	265770	0	
1.92125	1	267180	267180	0	
1.92501	1	267214	267214	0	
1.92501	1	268640	268640	0	
1.92883	1	268658	268658	0	
1.92883	1	270100	270100	0	
1.93296	1	270102	270102	0	
1.93616	1	271554	272999	0	
1.93616	1	271554	273020	21	
1.93896	1	271554	274444	1445	
1.93896	1	271554	274480	1481	
1.94136	1	271554	275889	2890	
1.94136	1	271554	275940	2941	
1.94377	1	271554	277334	4335	
1.94377	1	271554	277400	4401	
1.94617	1	271554	278778	5779	
1.94617	1	271554	278860	5861	
1.94857	1	271554	280222	7223	
1.94857	1	271554	280320	7321	
1.95098	1	271554	281666	8667	
1.95098	1	271554	281780	8781	
1.95347	1	271554	283110	10111	
1.95347	1	271554	283240	10241	
1.95587	1	271554	284554	11555	
1.95587	1	271554	284700	11701	
1.95728	1	271554	285998	12999	
1.95728	1	271554	286160	13161	
1.95968	1	271554	287442	14443	
1.95968	1	271554	287620	14621	
1.96208	1	271554	288886	15887	
1.96208	1	271554	289080	16081	
1.96449	1	271554	290330	17331	
1.96449	1	271554	290540	17541	
1.96689	1	271554	291774	18775	
1.96689	1	271554	292000	19001	
1.96929	1	271554	293218	20219	
1.96929	1	271554	293460	20461	
1.9717	1	271554	294662	21663	
1.9717	1	271554	294920	21921	
1.9741	1	271554	296106	23107	
1.9741	1	271554	296380	23381	
1.9765	1	271554	297550	24551	
1.9765	1	271554	297840	24841	
1.97891	1	271554	298994	25995	
1.97891	1	271554	299300	26301	
1.98131	1	271554	300438	27439	
1.98131	1	271554	300760	27761	
1.98371	1	271554	301882	28883	
1.98371	1	271554	302220	29221	
1.98612	1	271554	303326	30327	
1.98612	1	271554	303680	30681	
1.98852	1	271554	304770	31771	
1.98852	1	271554	305140	32141	
1.99092	1	271554	306214	33215	
1.99092	1	271554	306600	33601	
1.99332	1	271554	307658	34659	
1.99332	1	271554	308060	35061	
1.99582	1	271554	309102	36103	
1.99582	1	271554	309520	36521	
1.99822	1	271554	310546	37547	
1.99822	1	271554	310980	37981	
2.00063	1	271554	311990	38991	
2.00063	1	271554	312440	39441	
2.00303	1	271554	313434	40435	
2.00303	1	271554	313900	40901	
2.00543	1	271554	314878	41879	
2.00543	1	271554	315360	42361	
2.00823	1	271554	316322	43323	
2.00823	1	271554	316820	43821	
2.01063	1	271554	317766	44767	
2.01063	1	271554	318280	45281	
2.01304	1	271554	319210	46211	
2.01304	1	271554	319740	46741	
2.01544	1	271554	320654	47655	
2.01544	1	271554	321200	48201	
2.01784	1	271554	322098	49099	
2.01784	1	271554	322660	49661	
2.02034	1	271554	323542	50543	
2.02034	1	271554	324120	51121	
2.02274	1	271554	324986	51987	
2.02274	1	271554	325580	52581	
2.02514	1	271554	326430	53431	
2.02514	1	271554	327040	54041	
2.02755	1	271554	327874	54875	
2.02755	1	271554	328500	55501	
2.02995	1	271554	329318	56319	
2.02995	1	271554	329960	56961	
2.03235	1	271554	330762	57763	
2.03235	1	271554	331420	58421	
2.03476	1	271554	332206	59207	
2.03476	1	271554	332880	59881	
2.03716	1	271554	333650	60651	
2.03716	1	271554	334340	61341	
2.03956	1	271554	335094	62095	
2.03956	1	271554	335800	62801	
2.04196	1	271554	336538	63539	
2.04196	1	271554	337260	64261	
2.04437	1	271554	337982	64983	
2.04437	1	271554	338720	65721	
2.04677	1	271554	339426	66427	
2.04677	1	271554	340180	67181	
2.04917	1	271554	340870	67871	
2.04917	1	271554	341640	68641	
2.05158	1	271554	342314	69315	
2.05158	1	271554	343100	70101	
2.05398	1	271554	343758	70759	
2.05398	1	271554	344560	71561	
2.05638	1	271554	345202	72203	
2.05638	1	271554	346020	73021	
2.05888	1	271554	346646	73647	
2.05888	1	271554	347480	74481	
2.06129	1	271554	348090	75091	
2.06129	1	271554	348940	75941	
2.06369	1	271554	349534	76535	
2.06369	1	271554	350400	77401	
2.06609	1	271554	350978	77979	
2.06609	1	271554	351860	78861	
2.0685	1	271554	352422	79423	
2.0685	1	271554	353320	80321	
2.0709	1	271554	353866	80867	
2.0709	1	271554	354780	81781	
2.0733	1	271554	355310	82311	
2.0733	1	271554	356240	83241	
2.07571	1	271554	356754	83755	
2.07571	1	271554	357700	84701	
2.07811	1	271554	358198	85199	
2.07811	1	271554	359160	86161	
2.08051	1	271554	359642	86643	
2.08051	1	271554	360620	87621	
2.08292	1	271554	361086	88087	
2.08292	1	271554	362080	89081	
2.08532	1	271554	362530	89531	
2.08532	1	271554	363540	90541	
2.08782	1	271554	363974	90975	
2.08782	1	271554	365000	92001	
2.09022	1	271554	365418	92419	
2.09022	1	271554	366460	93461	
2.09262	1	271554	366862	93863	
2.09262	1	271554	367920	94921	
2.09503	1	271554	368306	95307	
2.09503	1	271554	369380	96381	
2.09743	1	271554	369750	96751	
2.09743	1	271554	370840	97841	
2.09983	1	271554	371194	98195	
2.09983	1	271554	372300	99301	
2.10224	1	271554	372638	99639	
2.10224	1	271554	373760	100761	
2.10464	1	271554	374082	101083	
2.10464	1	271554	375220	102221	
2.10744	1	271554	375526	102527	
2.10744	1	271554	376680	103681	
2.10985	1	271554	376970	103971	
2.10985	1	271554	378140	105141	
2.11225	1	271554	378414	105415	
2.11225	1	271554	379600	106601	
2.11465	1	271554	379858	106859	
2.11465	1	271554	381060	108061	
2.11706	1	271554	381302	108303	
2.11706	1	271554	382520	109521	
2.11946	1	271554	382746	109747	
2.11946	1	271554	383980	110981	
2.12196	1	271554	384190	111191	
2.12196	1	271554	385440	112441	
2.12436	1	271554	385634	112635	
2.12436	1	271554	386900	113901	
2.12677	1	271554	387078	114079	
2.12677	1	271554	388360	115361	
2.12917	1	271554	388522	115523	
2.12917	1	271554	389820	116821	
2.13164	1	271554	389966	116967	
2.13164	1	271554	391280	118281	
2.13424	1	271554	391410	118411	
2.13424	1	271554	392740	119741	
2.14168	1	271554	395742	119855	
2.14168	1	271554	397120	121233	
2.14456	1	271554	397186	121299	
2.14456	1	271554	398580	122693	
2.14696	1	271554	398630	122743	
2.14696	1	271554	400040	124153	
2.14936	1	271554	400074	124187	
2.14936	1	271554	401500	125613	
2.15186	1	271554	401518	125631	
2.15186	1	271554	402960	127073	
2.15427	1	271554	402962	127075	
2.15767	1	271554	404414	128527	
2.15767	1	271554	404420	128533	
2.16007	1	271554	407304	129972	
2.16007	1	271554	407340	130008	
2.16248	1	271554	408749	131417	
2.16248	1	271554	408800	131468	
2.16488	1	271554	410194	132862	
2.16488	1	271554	410260	132928	
2.16728	1	271554	411638	134306	
2.16728	1	271554	411720	134388	
2.16969	1	271554	413082	135750	
2.16969	1	271554	413180	135848	
2.17209	1	271554	414526	137194	
2.17209	1	271554	414640	137308	
2.17449	1	271554	415970	138638	
2.17449	1	271554	416100	138768	
2.1769	1	271554	417414	140082	
2.1769	1	271554	417560	140228	
2.1794	1	271554	418858	141526	
2.1794	1	271554	419020	141688	
2.1818	1	271554	420302	142970	
2.1818	1	271554	420480	143148	
2.1842	1	271554	421746	144414	
2.1842	1	271554	421940	144608	
2.1866	1	271554	423190	145858	
2.1866	1	271554	423400	146068	
2.18901	1	271554	424634	147302	
2.18901	1	271554	424860	147528	
2.19141	1	271554	426078	148746	
2.19141	1	271554	426320	148988	
2.19381	1	271554	427522	150190	
2.19381	1	271554	427780	150448	
2.19622	1	271554	428966	151634	
2.19622	1	271554	429240	151908	
2.19862	1	271554	430410	153078	
2.19862	1	271554	430700	153368	
2.20102	1	271554	431854	154522	
2.20102	1	271554	432160	154828	
2.20343	1	271554	433298	155966	
2.20343	1	271554	433620	156288	
2.20583	1	271554	434742	157410	
2.20583	1	271554	435080	157748	
2.20823	1	271554	436186	158854	
2.20823	1	271554	436540	159208	
2.21064	1	271554	437630	160298	
2.21064	1	271554	438000	160668	
2.21304	1	271554	439074	161742	
2.21304	1	271554	439460	162128	
2.21544	1	271554	440518	163186	
2.21544	1	271554	440920	163588	
2.21794	1	271554	441962	164630	
2.21794	1	271554	442380	165048	
2.22035	1	271554	443406	166074	
2.22035	1	271554	443840	166508	
2.22275	1	271554	444850	167518	
2.22275	1	271554	445300	167968	
2.22515	1	271554	446294	168962	
2.22515	1	271554	446760	169428	
2.22756	1	271554	447738	170406	
2.22756	1	271554	448220	170888	
2.22996	1	271554	449182	171850	
2.22996	1	271554	449680	172348	
2.23236	1	271554	450626	173294	
2.23236	1	271554	451140	173808	
2.23476	1	271554	452070	174738	
2.23476	1	271554	452600	175268	
2.23717	1	271554	453514	176182	
2.23717	1	271554	454060	176728	
2.23957	1	271554	454958	177626	
2.23957	1	271554	455520	178188	
2.24197	1	271554	456402	179070	
2.24197	1	271554	456980	179648	
2.24438	1	271554	457846	180514	
2.24438	1	271554	458440	181108	
2.24688	1	271554	459290	181958	
2.24688	1	271554	459900	182568	
2.24928	1	271554	460734	183402	
2.24928	1	271554	461360	184028	
2.25168	1	271554	462178	184846	
2.25168	1	271554	462820	185488	
2.25409	1	271554	463622	186290	
2.25409	1	271554	464280	186948	
2.25649	1	271554	465066	187734	
2.25649	1	271554	465740	188408	
2.25689	1	271554	466510	189178	
2.25689	1	271554	467200	189868	
2.2593	1	271554	467954	190622	
2.2593	1	271554	468660	191328	
2.2617	1	271554	469398	192066	
2.2617	1	271554	470120	192788	
2.2641	1	271554	470842	193510	
2.2641	1	271554	471580	194248	
2.26651	1	271554	472286	194954	
2.26651	1	271554	473040	195708	
2.269	1	271554	473730	196398	
2.269	1	271554	474500	197168	
2.27141	1	271554	475174	197842	
2.27141	1	271554	475960	198628	
2.27381	1	271554	476618	199286	
2.27381	1	271554	477420	200088	
2.27621	1	271554	478062	200730	
2.27621	1	271554	478880	201548	
2.27862	1	271554	479506	202174	
2.27862	1	271554	480340	203008	
2.28102	1	271554	480950	203618	
2.28102	1	271554	481800	204468	
2.28342	1	271554	482394	205062	
2.28342	1	271554	483260	205928	
2.28583	1	271554	483838	206506	
2.28583	1	271554	484720	207388	
2.28823	1	271554	485282	207950	
2.28823	1	271554	486180	208848	
2.29063	1	271554	486726	209394	
2.29063	1	271554	487640	210308	
2.29304	1	271554	488170	210838	
2.29304	1	271554	489100	211768	
2.29544	1	271554	489614	212282	
2.29544	1	271554	490560	213228	
2.29784	1	271554	491058	213726	
2.29784	1	271554	492020	214688	
2.30025	1	271554	492502	215170	
2.30025	1	271554	493480	216148	
2.30265	1	271554	493946	216614	
2.30265	1	271554	494940	217608	
2.30505	1	271554	495390	218058	
2.30505	1	271554	496400	219068	
2.30746	1	271554	496834	219502	
2.30746	1	271554	497860	220528	
2.30986	1	271554	498278	220946	
2.30986	1	271554	499320	221988	
2.31236	1	271554	499722	222390	
2.31236	1	271554	500780	223448	
2.31476	1	271554	501166	223834	
2.31476	1	271554	502240	224908	
2.31716	1	271554	502610	225278	
2.31716	1	271554	503700	226368	
2.31957	1	271554	504054	226722	
2.31957	1	271554	505160	227828	
2.32197	1	271554	505498	228166	
2.32197	1	271554	506620	229288	
2.32437	1	271554	506942	229610	
2.32437	1	271554	508080	230748	
2.32678	1	271554	508386	231054	
2.32678	1	271554	509540	232208	
2.32918	1	271554	509830	232498	
2.32918	1	271554	511000	233668	
2.33158	1	271554	511274	233942	
2.33158	1	271554	512460	235128	
2.33399	1	271554	512718	235386	
2.33399	1	271554	513920	236588	
2.33649	1	271554	514162	236830	
2.33649	1	271554	515380	238048	
2.33889	1	271554	515606	238274	
2.33889	1	271554	516840	239508	
2.34129	1	271554	517050	239718	
2.34129	1	271554	518300	240968	
2.3437	1	271554	518494	241162	
2.3437	1	271554	519760	242428	
2.3461	1	271554	519938	242606	
2.3461	1	271554	521220	243888	
2.3485	1	271554	521382	244050	
2.3485	1	271554	522680	245348	
2.35091	1	271554	522826	245494	
2.35091	1	271554	524140	246808	
2.35331	1	271554	524270	246938	
2.35331	1	271554	525600	248268	
2.35671	1	271554	525714	248382	
2.35671	1	271554	527060	249728	
2.35912	1	271554	527158	249826	
2.35912	1	271554	528520	251188	
2.36152	1	271554	528602	251270	
2.36152	1	271554	529980	252648	
2.36392	1	271554	530046	252714	
2.36392	1	271554	531440	254108	
2.36632	1	271554	531490	254158	
2.36632	1	271554	532900	255568	
2.36873	1	271554	532934	255602	
2.36873	1	271554	534360	257028	
2.37113	1	271554	534378	257046	
2.37113	1	271554	535820	258488	
2.37353	1	271554	535822	258490	
2.37603	1	271554	537274	259942	
2.37603	1	271554	537280	259948	
2.37844	1	271554	538719	261387	
2.37844	1	271554	538740	261408	
2.38084	1	271554	540164	262832	
2.38084	1	271554	540200	262868	
2.38324	1	271554	541609	264277	
2.38324	1	271554	541660	264328	
2.38565	1	271554	543054	265722	
2.38565	1	271554	543120	265788	
2.38805	1	271554	544498	267166	
2.38805	1	271554	544580	267248	
2.39045	1	271554	545942	268610	
2.39045	1	271554	546040	268708	
2.39286	1	271554	547386	270054	
2.39286	1	271554	547500	270168	
2.39526	1	271554	548830	271498	
2.39526	1	271554	548960	271628	
2.39776	1	271554	271554	272942	
2.39776	1	271560	271560	272942	
2.40344	1	392854	392854	153087	
2.40344	1	394200	394200	153087	
2.40344	1	394298	394298	153087	
2.40344	1	395660	395660	153087	
2.40601	1	405859	405859	142970	
2.40601	1	405880	405880	142970	
2.40859	1	550274	551718	0	
2.40859	1	550274	551880	162	
2.41107	1	550274	553162	1444	
2.41107	1	550274	553340	1622	
2.41353	1	550274	554606	2888	
2.41353	1	550274	554800	3082	
2.416	1	550274	556050	4332	
2.416	1	550274	556260	4542	
2.41857	1	550274	557494	5776	
2.41857	1	550274	557720	6002	
2.42104	1	550274	558938	7220	
2.42104	1	550274	559180	7462	
2.42351	1	550274	560382	8664	
2.42351	1	550274	560640	8922	
2.42597	1	550274	561826	10108	
2.42597	1	550274	562100	10382	
2.42844	1	550274	563270	11552	
2.42844	1	550274	563560	11842	
2.43091	1	550274	564714	12996	
2.43091	1	550274	565020	13302	
2.43338	1	550274	566158	14440	
2.43338	1	550274	566480	14762	
2.43586	1	550274	567602	15884	
2.43586	1	550274	567940	16222	
2.43833	1	550274	569046	17328	
2.43833	1	550274	569400	17682	
2.44089	1	550274	570490	18772	
2.44089	1	550274	570860	19142	
2.44336	1	550274	571934	20216	
2.44336	1	550274	572320	20602	
2.44583	1	550274	573378	21660	
2.44583	1	550274	573780	22062	
2.4483	1	550274	574822	23104	
2.4483	1	550274	575240	23522	
2.45077	1	550274	576266	24548	
2.45077	1	550274	576700	24982	
2.45323	1	550274	577710	25992	
2.45323	1	550274	578160	26442	
2.4537	1	550274	579154	27436	
2.4537	1	550274	579620	27902	
2.45617	1	550274	580598	28880	
2.45617	1	550274	581080	29362	
2.45875	1	550274	582042	30324	
2.45875	1	550274	582540	30822	
2.46121	1	550274	583486	31768	
2.46121	1	550274	584000	32282	
2.46368	1	550274	584930	33212	
2.46368	1	550274	585460	33742	
2.46615	1	550274	586374	34656	
2.46615	1	550274	586920	35202	
2.46862	1	550274	587818	36100	
2.46862	1	550274	588380	36662	
2.47109	1	550274	589262	37544	
2.47109	1	550274	589840	38122	
2.47356	1	550274	590706	38988	
2.47356	1	550274	591300	39582	
2.47603	1	550274	592150	40432	
2.47603	1	550274	592760	41042	
2.47859	1	550274	593594	41876	
2.47859	1	550274	594220	42502	
2.48107	1	550274	595038	43320	
2.48107	1	550274	595680	43962	
2.48354	1	550274	596482	44764	
2.48354	1	550274	597140	45422	
2.48601	1	550274	597926	46208	
2.48601	1	550274	598600	46882	
2.48894	1	550274	599370	47652	
2.48894	1	550274	600060	48342	
2.49174	1	550274	600814	49096	
2.49174	1	550274	601520	49802	
2.49414	1	550274	602258	50540	
2.49414	1	550274	602980	51262	
2.49654	1	550274	603702	51984	
2.49654	1	550274	604440	52722	
2.49895	1	550274	605146	53428	
2.49895	1	550274	605900	54182	
2.50144	1	550274	606590	54872	
2.50144	1	550274	607360	55642	
2.50385	1	550274	608034	56316	
2.50385	1	550274	608820	57102	
2.50632	1	550274	609478	57760	
2.50632	1	550274	610280	58562	
2.50885	1	550274	610922	59204	
2.50885	1	550274	611740	60022	
2.51125	1	550274	612366	60648	
2.51125	1	550274	613200	61482	
2.51366	1	550274	613810	62092	
2.51366	1	550274	614660	62942	
2.51606	1	550274	615254	63536	
2.51606	1	550274	616120	64402	
2.51846	1	550274	616698	64980	
2.51846	1	550274	617580	65862	
2.52117	1	550274	618142	66424	
2.52117	1	550274	619040	67322	
2.52357	1	550274	619586	67868	
2.52357	1	550274	620500	68782	
2.52597	1	550274	621030	69312	
2.52597	1	550274	621960	70242	
2.52857	1	550274	622474	70756	
2.52857	1	550274	623420	71702	
2.53098	1	550274	623918	72200	
2.53098	1	550274	624880	73162	
2.53351	1	550274	625362	73644	
2.53351	1	550274	626340	74622	
2.53592	1	550274	626806	75088	
2.53592	1	550274	627800	76082	
2.53838	1	550274	628250	76532	
2.53838	1	550274	629260	77542	
2.54093	1	550274	629694	77976	
2.54093	1	550274	630720	79002	
2.54362	1	550274	631138	79420	
2.54362	1	550274	632180	80462	
2.54603	1	550274	632582	80864	
2.54603	1	550274	633640	81922	
2.54843	1	550274	634026	82308	
2.54843	1	550274	635100	83382	
2.55083	1	550274	635470	83752	
2.55083	1	550274	636560	84842	
2.55343	1	550274	636914	85196	
2.55343	1	550274	638020	86302	
2.55597	1	550274	638358	86640	
2.55597	1	550274	639480	87762	
2.55837	1	550274	639802	88084	
2.55837	1	550274	640940	89222	
2.56077	1	550274	641246	89528	
2.56077	1	550274	642400	90682	
2.56348	1	550274	642690	90972	
2.56348	1	550274	643860	92142	
2.56588	1	550274	644134	92416	
2.56588	1	550274	645320	93602	
2.56828	1	550274	645578	93860	
2.56828	1	550274	646780	95062	
2.57069	1	550274	647022	95304	
2.57069	1	550274	648240	96522	
2.57329	1	550274	648466	96748	
2.57329	1	550274	649700	97982	
2.57569	1	550274	649910	98192	
2.57569	1	550274	651160	99442	
2.57809	1	550274	651354	99636	
2.57809	1	550274	652620	100902	
2.58069	1	550274	652798	101080	
2.58069	1	550274	654080	102362	
2.58319	1	550274	654242	102524	
2.58319	1	550274	655540	103822	
2.5858	1	550274	655686	103968	
2.5858	1	550274	657000	105282	
2.5882	1	550274	657130	105412	
2.5882	1	550274	658460	106742	
2.59073	1	550274	658574	106856	
2.59073	1	550274	659920	108202	
2.59313	1	550274	660018	108300	
2.59313	1	550274	661380	109662	
2.59554	1	550274	662906	109744	
2.59554	1	550274	664300	111138	
2.59794	1	550274	664350	111188	
2.59794	1	550274	665760	112598	
2.60054	1	550274	665794	112632	
2.60054	1	550274	667220	114058	
2.60304	1	550274	667238	114076	
2.60304	1	550274	668680	115518	
2.60544	1	550274	668682	115520	
2.60785	1	550274	670134	116972	
2.60785	1	550274	670140	116978	
2.61025	1	550274	671579	118417	
2.61025	1	550274	671600	118438	
2.61265	1	550274	673024	119862	
2.61265	1	550274	673060	119898	
2.61506	1	550274	674469	121307	
2.61506	1	550274	674520	121358	
2.61753	1	550274	675914	122752	
2.61753	1	550274	675980	122818	
2.62	1	550274	677358	124196	
2.62	1	550274	677440	124278	
2.62256	1	550274	678802	125640	
2.62256	1	550274	678900	125738	
2.62504	1	550274	680246	127084	
2.62504	1	550274	680360	127198	
2.62764	1	550274	681690	128528	
2.62764	1	550274	681820	128658	
2.63032	1	550274	683134	129972	
2.63032	1	550274	683280	130118	
2.63302	1	550274	550274	131416	
2.63302	1	550420	550420	131416	
2.63542	1	661462	684578	21672	
2.63542	1	661462	684740	21834	
2.63783	1	661462	686022	23116	
2.63783	1	661462	686200	23294	
2.64036	1	661462	687466	24560	
2.64036	1	661462	687660	24754	
2.64286	1	661462	688910	26004	
2.64286	1	661462	689120	26214	
2.64526	1	661462	690354	27448	
2.64526	1	661462	690580	27674	
2.64786	1	661462	691798	28892	
2.64786	1	661462	692040	29134	
2.65027	1	661462	693242	30336	
2.65027	1	661462	693500	30594	
2.65287	1	661462	694686	31780	
2.65287	1	661462	694960	32054	
2.65527	1	661462	696130	33224	
2.65527	1	661462	696420	33514	
2.65781	1	661462	697574	34668	
2.65781	1	661462	697880	34974	
2.66021	1	661462	699018	36112	
2.66021	1	661462	699340	36434	
2.66271	1	661462	700462	37556	
2.66271	1	661462	700800	37894	
2.66512	1	661462	701906	39000	
2.66512	1	661462	702260	39354	
2.66772	1	661462	703350	40444	
2.66772	1	661462	703720	40814	
2.67012	1	661462	704794	41888	
2.67012	1	661462	705180	42274	
2.67252	1	661462	706238	43332	
2.67252	1	661462	706640	43734	
2.67493	1	661462	707682	44776	
2.67493	1	661462	708100	45194	
2.67733	1	661462	709126	46220	
2.67733	1	661462	709560	46654	
2.68006	1	661462	710570	47664	
2.68006	1	661462	711020	48114	
2.68256	1	661462	712014	49108	
2.68256	1	661462	712480	49574	
2.68496	1	661462	713458	50552	
2.68496	1	661462	713940	51034	
2.68757	1	661462	714902	51996	
2.68757	1	661462	715400	52494	
2.68997	1	661462	716346	53440	
2.68997	1	661462	716860	53954	
2.69238	1	661462	717790	54884	
2.69238	1	661462	718320	55414	
2.69498	1	661462	719234	56328	
2.69498	1	661462	719780	56874	
2.69738	1	661462	720678	57772	
2.69738	1	661462	721240	58334	
2.69992	1	661462	722122	59216	
2.69992	1	661462	722700	59794	
2.70241	1	661462	723566	60660	
2.70241	1	661462	724160	61254	
2.70482	1	661462	725010	62104	
2.70482	1	661462	725620	62714	
2.70722	1	661462	726454	63548	
2.70722	1	661462	727080	64174	
2.70983	1	661462	727898	64992	
2.70983	1	661462	728540	65634	
2.71223	1	661462	729342	66436	
2.71223	1	661462	730000	67094	
2.71483	1	661462	730786	67880	
2.71483	1	661462	731460	68554	
2.71724	1	661462	732230	69324	
2.71724	1	661462	732920	70014	
2.71964	1	661462	733674	70768	
2.71964	1	661462	734380	71474	
2.72267	1	661462	736562	72212	
2.72267	1	661462	737300	72950	
2.72507	1	661462	738006	73656	
2.72507	1	661462	738760	74410	
2.72748	1	661462	739450	75100	
2.72748	1	661462	740220	75870	
2.72988	1	661462	740894	76544	
2.72988	1	661462	741680	77330	
2.73248	1	661462	742338	77988	
2.73248	1	661462	743140	78790	
2.73488	1	661462	743782	79432	
2.73488	1	661462	744600	80250	
2.73729	1	661462	745226	80876	
2.73729	1	661462	746060	81710	
2.73992	1	661462	746670	82320	
2.73992	1	661462	747520	83170	
2.74232	1	661462	748114	83764	
2.74232	1	661462	748980	84630	
2.74472	1	661462	749558	85208	
2.74472	1	661462	750440	86090	
2.74713	1	661462	751002	86652	
2.74713	1	661462	751900	87550	
2.74953	1	661462	752446	88096	
2.74953	1	661462	753360	89010	
2.75193	1	661462	753890	89540	
2.75193	1	661462	754820	90470	
2.75534	1	661462	755334	90984	
2.75534	1	661462	756280	91930	
2.75774	1	661462	756778	92428	
2.75774	1	661462	757740	93390	
2.76044	1	661462	758222	93872	
2.76044	1	661462	759200	94850	
2.76285	1	661462	759666	95316	
2.76285	1	661462	760660	96310	
2.76545	1	661462	761110	96760	
2.76545	1	661462	762120	97770	
2.76785	1	661462	762554	98204	
2.76785	1	661462	763580	99230	
2.77038	1	661462	763998	99648	
2.77038	1	661462	765040	100690	
2.77279	1	661462	765442	101092	
2.77279	1	661462	766500	102150	
2.77519	1	661462	766886	102536	
2.77519	1	661462	767960	103610	
2.77759	1	661462	768330	103980	
2.77759	1	661462	769420	105070	
2.78029	1	661462	769774	105424	
2.78029	1	661462	770880	106530	
2.78269	1	661462	771218	106868	
2.78269	1	661462	772340	107990	
2.7853	1	661462	772662	108312	
2.7853	1	661462	773800	109450	
2.7877	1	661462	774106	109756	
2.7877	1	661462	775260	110910	
2.79024	1	661462	775550	111200	
2.79024	1	661462	776720	112370	
2.79284	1	661462	776994	112644	
2.79284	1	661462	778180	113830	
2.79524	1	661462	778438	114088	
2.79524	1	661462	779640	115290	
2.79764	1	661462	779882	115532	
2.79764	1	661462	781100	116750	
2.80014	1	661462	781326	116976	
2.80014	1	661462	782560	118210	
2.80255	1	661462	782770	118420	
2.80255	1	661462	784020	119670	
2.80515	1	661462	784214	119864	
2.80515	1	661462	785480	121130	
2.80755	1	661462	785658	121308	
2.80755	1	661462	786940	122590	
2.81009	1	661462	787102	122752	
2.81009	1	661462	788400	124050	
2.8125	1	661462	788546	124196	
2.8125	1	661462	789860	125510	
2.8149	1	661462	789990	125640	
2.8149	1	661462	791320	126970	
2.8173	1	661462	791434	127084	
2.8173	1	661462	792780	128430	
2.82	1	661462	792878	128528	
2.82	1	661462	794240	129890	
2.8224	1	661462	794322	129972	
2.8224	1	661462	795700	131350	
2.82508	1	661462	795766	131416	
2.82508	1	661462	797160	132810	
2.82748	1	661462	797210	132860	
2.82748	1	661462	798620	134270	
2.82988	1	661462	798654	134304	
2.82988	1	661462	800080	135730	
2.83228	1	661462	800098	135748	
2.83228	1	661462	801540	137190	
2.83469	1	661462	661462	137192	
2.83469	1	662840	662840	137192	
2.83777	1	735118	801542	64980	
2.84024	1	735118	735118	66432	
2.84024	1	735840	735840	66432	
2.84273	1	802994	802994	0	
2.84273	1	803000	803000	0	
2.8452	1	804439	804439	0	
2.8452	1	804460	804460	0	
2.84766	1	805884	805884	0	
2.84766	1	805920	805920	0	
2.85013	1	807329	807329	0	
2.85013	1	807380	807380	0	
2.85356	1	808774	808774	0	
2.85356	1	808840	808840	0	
2.85608	1	810218	810218	0	
2.85608	1	810300	810300	0	
2.85864	1	811662	811662	0	
2.85864	1	811760	811760	0	
2.86111	1	813106	813106	0	
2.86111	1	813220	813220	0	
2.86358	1	814550	814550	0	
2.86358	1	814680	814680	0	
2.86605	1	815994	815994	0	
2.86605	1	816140	816140	0	
2.86852	1	817438	817438	0	
2.86852	1	817600	817600	0	
2.87099	1	818882	818882	0	
2.87099	1	819060	819060	0	
2.87346	1	820326	820326	0	
2.87346	1	820520	820520	0	
2.87593	1	821770	821770	0	
2.87593	1	821980	821980	0	
2.8785	1	823214	823214	0	
2.8785	1	823440	823440	0	
2.88097	1	824658	824658	0	
2.88097	1	824900	824900	0	
2.88344	1	826102	826102	0	
2.88344	1	826360	826360	0	
2.8859	1	827546	827546	0	
2.8859	1	827820	827820	0	
2.88837	1	828990	828990	0	
2.88837	1	829280	829280	0	
2.89084	1	830434	830434	0	
2.89084	1	830740	830740	0	
2.89331	1	831878	831878	0	
2.89331	1	832200	832200	0	
2.89578	1	833322	833322	0	
2.89578	1	833660	833660	0	
2.89834	1	834766	834766	0	
2.89834	1	835120	835120	0	
2.90082	1	836210	836210	0	
2.90082	1	836580	836580	0	
2.90329	1	837654	837654	0	
2.90329	1	838040	838040	0	
2.90576	1	839098	839098	0	
2.90576	1	839500	839500	0	
2.90823	1	840542	840542	0	
2.90823	1	840960	840960	0	
2.9107	1	841986	841986	0	
2.9107	1	842420	842420	0	
2.91316	1	843430	843430	0	
2.91316	1	843880	843880	0	
2.91563	1	844874	844874	0	
2.91563	1	845340	845340	0	
2.9182	1	846318	846318	0	
2.9182	1	846800	846800	0	
2.92067	1	847762	847762	0	
2.92067	1	848260	848260	0	
2.92314	1	849206	849206	0	
2.92314	1	849720	849720	0	
2.92561	1	850650	850650	0	
2.92561	1	851180	851180	0	
2.92808	1	852094	852094	0	
2.92808	1	852640	852640	0	
2.93055	1	853538	853538	0	
2.93055	1	854100	854100	0	
2.93302	1	854982	854982	0	
2.93302	1	855560	855560	0	
2.93549	1	856426	856426	0	
2.93549	1	857020	857020	0	
2.93805	1	857870	857870	0	
2.93805	1	858480	858480	0	
2.94052	1	859314	859314	0	
2.94052	1	859940	859940	0	
2.94299	1	860758	860758	0	
2.94299	1	861400	861400	0	
2.94546	1	862202	862202	0	
2.94546	1	862860	862860	0	
2.94793	1	863646	863646	0	
2.94793	1	864320	864320	0	
2.9505	1	865090	865090	0	
2.9505	1	865780	865780	0	
2.95297	1	866534	866534	0	
2.95297	1	867240	867240	0	
2.955	1	867978	869422	0	
2.955	1	867978	870160	738	
2.95544	1	867978	867978	1444	
2.95544	1	868700	868700	1444	
2.95747	1	870866	870866	0	
2.95747	1	871620	871620	0	
2.96004	1	872310	872310	0	
2.96004	1	873080	873080	0	
2.96251	1	873754	873754	0	
2.96251	1	874540	874540	0	
2.96497	1	875198	875198	0	
2.96497	1	876000	876000	0	
2.96745	1	876642	876642	0	
2.96745	1	877460	877460	0	
2.96992	1	878086	878086	0	
2.96992	1	878920	878920	0	
2.97239	1	879530	879530	0	
2.97239	1	880380	880380	0	
2.97486	1	880974	880974	0	
2.97486	1	881840	881840	0	
2.97733	1	882418	882418	0	
2.97733	1	883300	883300	0	
2.97989	1	883862	883862	0	
2.97989	1	884760	884760	0	
2.98236	1	885306	885306	0	
2.98236	1	886220	886220	0	
2.98483	1	886750	886750	0	
2.98483	1	887680	887680	0	
2.9873	1	888194	888194	0	
2.9873	1	889140	889140	0	
2.98977	1	889638	889638	0	
2.98977	1	890600	890600	0	
2.99224	1	891082	891082	0	
2.99224	1	892060	892060	0	
2.99481	1	892526	892526	0	
2.99481	1	893520	893520	0	
2.99728	1	893970	893970	0	
2.99728	1	894980	894980	0	
2.99975	1	895414	895414	0	
2.99975	1	896440	896440	0	
3.00221	1	896858	896858	0	
3.00221	1	897900	897900	0	
3.00468	1	898302	898302	0	
3.00468	1	899360	899360	0	
3.00725	1	899746	899746	0	
3.00725	1	900820	900820	0	
3.00972	1	901190	901190	0	
3.00972	1	902280	902280	0	
3.01219	1	902634	902634	0	
3.01219	1	903740	903740	0	
3.01466	1	904078	904078	0	
3.01466	1	905200	905200	0	
3.01713	1	905522	905522	0	
3.01713	1	906660	906660	0	
3.0196	1	906966	906966	0	
3.0196	1	908120	908120	0	
3.02207	1	908410	908410	0	
3.02207	1	909580	909580	0	
3.02454	1	909854	909854	0	
3.02454	1	911040	911040	0	
3.0271	1	911298	911298	0	
3.0271	1	912500	912500	0	
3.02957	1	912742	912742	0	
3.02957	1	913960	913960	0	
3.03204	1	914186	914186	0	
3.03204	1	915420	915420	0	
3.03451	1	915630	915630	0	
3.03451	1	916880	916880	0	
3.03698	1	917074	917074	0	
3.03698	1	918340	918340	0	
3.03955	1	918518	918518	0	
3.03955	1	919800	919800	0	
3.04202	1	919962	919962	0	
3.04202	1	921260	921260	0	
3.04449	1	921406	921406	0	
3.04449	1	922720	922720	0	
3.04696	1	922850	922850	0	
3.04696	1	924180	924180	0	
3.04943	1	924294	924294	0	
3.04943	1	925640	925640	0	
3.05584	1	925738	925738	0	
3.05584	1	927100	927100	0	
3.05836	1	927182	927182	0	
3.05836	1	928560	928560	0	
3.06083	1	928626	928626	0	
3.06083	1	930020	930020	0	
3.0634	1	930070	930070	0	
3.0634	1	931480	931480	0	
3.06587	1	931514	931514	0	
3.06587	1	932940	932940	0	
3.06834	1	932958	932958	0	
3.06834	1	934400	934400	0	
3.0708	1	934402	934402	0	
3.07337	1	935854	935854	0	
3.07337	1	935860	935860	0	
3.07584	1	937299	937299	0	
3.07584	1	937320	937320	0	
3.07831	1	938744	938744	0	
3.07831	1	938780	938780	0	
3.08078	1	940189	940189	0	
3.08078	1	940240	940240	0	
3.08324	1	941634	941634	0	
3.08324	1	941700	941700	0	
3.08571	1	943078	943078	0	
3.08571	1	943160	943160	0	
3.08818	1	944522	944522	0	
3.08818	1	944620	944620	0	
3.09066	1	945966	945966	0	
3.09066	1	946080	946080	0	
3.09322	1	947410	947410	0	
3.09322	1	947540	947540	0	
3.09569	1	948854	948854	0	
3.09569	1	949000	949000	0	
3.09816	1	950298	950298	0	
3.09816	1	950460	950460	0	
3.10063	1	951742	951742	0	
3.10063	1	951920	951920	0	
3.1031	1	953186	953186	0	
3.1031	1	953380	953380	0	
3.10566	1	954630	954630	0	
3.10566	1	954840	954840	0	
3.10813	1	956074	956074	0	
3.10813	1	956300	956300	0	
3.1106	1	957518	957518	0	
3.1106	1	957760	957760	0	
3.11308	1	958962	958962	0	
3.11308	1	959220	959220	0	
3.11555	1	960406	960406	0	
3.11555	1	960680	960680	0	
3.11811	1	961850	961850	0	
3.11811	1	962140	962140	0	
3.12058	1	963294	963294	0	
3.12058	1	963600	963600	0	
3.12305	1	964738	964738	0	
3.12305	1	965060	965060	0	
3.12552	1	966182	966182	0	
3.12552	1	966520	966520	0	
3.12799	1	967626	967626	0	
3.12799	1	967980	967980	0	
3.13046	1	969070	969070	0	
3.13046	1	969440	969440	0	
3.13292	1	970514	970514	0	
3.13292	1	970900	970900	0	
3.13539	1	971958	971958	0	
3.13539	1	972360	972360	0	
3.13797	1	973402	973402	0	
3.13797	1	973820	973820	0	
3.14044	1	974846	974846	0	
3.14044	1	975280	975280	0	
3.1429	1	976290	976290	0	
3.1429	1	976740	976740	0	
3.14537	1	977734	977734	0	
3.14537	1	978200	978200	0	
3.14784	1	979178	979178	0	
3.14784	1	979660	979660	0	
3.15041	1	980622	980622	0	
3.15041	1	981120	981120	0	
3.15288	1	982066	982066	0	
3.15288	1	982580	982580	0	
3.15534	1	983510	983510	0	
3.15534	1	984040	984040	0	
3.15681	1	984954	984954	0	
3.15681	1	985500	985500	0	
3.15929	1	986398	986398	0	
3.15929	1	986960	986960	0	
3.16176	1	987842	987842	0	
3.16176	1	988420	988420	0	
3.16423	1	989286	989286	0	
3.16423	1	989880	989880	0	
3.1667	1	990730	990730	0	
3.1667	1	991340	991340	0	
3.16926	1	992174	992174	0	
3.16926	1	992800	992800	0	
3.17173	1	993618	993618	0	
3.17173	1	994260	994260	0	
3.1742	1	995062	995062	0	
3.1742	1	995720	995720	0	
3.17667	1	996506	996506	0	
3.17667	1	997180	997180	0	
3.17914	1	997950	997950	0	
3.17914	1	998640	998640	0	
3.18171	1	999394	999394	0	
3.18171	1	1000100	1000100	0	
3.18418	1	1000838	1000838	0	
3.18418	1	1001560	1001560	0	
3.18665	1	1002282	1002282	0	
3.18665	1	1003020	1003020	0	
3.18912	1	1003726	1003726	0	
3.18912	1	1004480	1004480	0	
3.19158	1	1005170	1005170	0	
3.19158	1	1005940	1005940	0	
3.19405	1	1006614	1006614	0	
3.19405	1	1007400	1007400	0	
3.19652	1	1008058	1008058	0	
3.19652	1	1008860	1008860	0	
3.19899	1	1009502	1009502	0	
3.19899	1	1010320	1010320	0	
3.20146	1	1010946	1010946	0	
3.20146	1	1011780	1011780	0	
3.20402	1	1012390	1012390	0	
3.20402	1	1013240	1013240	0	
3.2065	1	1013834	1013834	0	
3.2065	1	1014700	1014700	0	
3.20897	1	1015278	1015278	0	
3.20897	1	1016160	1016160	0	
3.21144	1	1016722	1016722	0	
3.21144	1	1017620	1017620	0	
3.21391	1	1018166	1018166	0	
3.21391	1	1019080	1019080	0	
3.21647	1	1019610	1019610	0	
3.21647	1	1020540	1020540	0	
3.21894	1	1021054	1021054	0	
3.21894	1	1022000	1022000	0	
3.22141	1	1022498	1022498	0	
3.22141	1	1023460	1023460	0	
3.22388	1	1023942	1023942	0	
3.22388	1	1024920	1024920	0	
3.22635	1	1025386	1025386	0	
3.22635	1	1026380	1026380	0	
3.22892	1	1026830	1026830	0	
3.22892	1	1027840	1027840	0	
3.23139	1	1028274	1028274	0	
3.23139	1	1029300	1029300	0	
3.23386	1	1029718	1029718	0	
3.23386	1	1030760	1030760	0	
3.23633	1	1031162	1031162	0	
3.23633	1	1032220	1032220	0	
3.2388	1	1032606	1032606	0	
3.2388	1	1033680	1033680	0	
3.24126	1	1034050	1034050	0	
3.24126	1	1035140	1035140	0	
3.24373	1	1035494	1035494	0	
3.24373	1	1036600	1036600	0	
3.2462	1	1036938	1036938	0	
3.2462	1	1038060	1038060	0	
3.24877	1	1038382	1038382	0	
3.24877	1	1039520	1039520	0	
3.25124	1	1039826	1039826	0	
3.25124	1	1040980	1040980	0	
3.25371	1	1041270	1041270	0	
3.25371	1	1042440	1042440	0	
3.25518	1	1042714	1042714	0	
3.25518	1	1043900	1043900	0	
3.25765	1	1044158	1044158	0	
3.25765	1	1045360	1045360	0	
3.26021	1	1045602	1045602	0	
3.26021	1	1046820	1046820	0	
3.26268	1	1047046	1047046	0	
3.26268	1	1048280	1048280	0	
3.26515	1	1048490	1048490	0	
3.26515	1	1049740	1049740	0	
3.26762	1	1049934	1049934	0	
3.26762	1	1051200	1051200	0	
3.27009	1	1051378	1051378	0	
3.27009	1	1052660	1052660	0	
3.27256	1	1052822	1052822	0	
3.27256	1	1054120	1054120	0	
3.27503	1	1054266	1054266	0	
3.27503	1	1055580	1055580	0	
3.2775	1	1055710	1055710	0	
3.2775	1	1057040	1057040	0	
3.28007	1	1057154	1057154	0	
3.28007	1	1058500	1058500	0	
3.28254	1	1058598	1058598	0	
3.28254	1	1059960	1059960	0	
3.28501	1	1060042	1060042	0	
3.28501	1	1061420	1061420	0	
3.28748	1	1061486	1061486	0	
3.28748	1	1062880	1062880	0	
3.28994	1	1062930	1062930	0	
3.28994	1	1064340	1064340	0	
3.29251	1	1064374	1064374	0	
3.29251	1	1065800	1065800	0	
3.29497	1	1065818	1065818	0	
3.29497	1	1067260	1067260	0	
3.29744	1	1067262	1067262	0	
3.29992	1	1068714	1068714	0	
3.29992	1	1068720	1068720	0	
3.30239	1	1070159	1070159	0	
3.30239	1	1070180	1070180	0	
3.30485	1	1071604	1071604	0	
3.30485	1	1071640	1071640	0	
3.30732	1	1073049	1073049	0	
3.30732	1	1073100	1073100	0	
3.30979	1	1074494	1074494	0	
3.30979	1	1074560	1074560	0	
3.31236	1	1075938	1075938	0	
3.31236	1	1076020	1076020	0	
3.31483	1	1077382	1077382	0	
3.31483	1	1077480	1077480	0	
3.31729	1	1078826	1078826	0	
3.31729	1	1078940	1078940	0	
3.31976	1	1080270	1080270	0	
3.31976	1	1080400	1080400	0	
3.32223	1	1081714	1081714	0	
3.32223	1	1081860	1081860	0	
3.3248	1	1083158	1083158	0	
3.3248	1	1083320	1083320	0	
3.32727	1	1084602	1084602	0	
3.32727	1	1084780	1084780	0	
3.32974	1	1086046	1086046	0	
3.32974	1	1086240	1086240	0	
3.33221	1	1087490	1087490	0	
3.33221	1	1087700	1087700	0	
3.33468	1	1088934	1088934	0	
3.33468	1	1089160	1089160	0	
3.33724	1	1090378	1090378	0	
3.33724	1	1090620	1090620	0	
3.33971	1	1091822	1091822	0	
3.33971	1	1092080	1092080	0	
3.34218	1	1093266	1093266	0	
3.34218	1	1093540	1093540	0	
3.34465	1	1094710	1094710	0	
3.34465	1	1095000	1095000	0	
3.34713	1	1096154	1096154	0	
3.34713	1	1096460	1096460	0	
3.3496	1	1097598	1097598	0	
3.3496	1	1097920	1097920	0	
3.35207	1	1099042	1099042	0	
3.35207	1	1099380	1099380	0	
3.35553	1	1100486	1100486	0	
3.35553	1	1100840	1100840	0	
3.3581	1	1101930	1101930	0	
3.3581	1	1102300	1102300	0	
3.36057	1	1103374	1103374	0	
3.36057	1	1103760	1103760	0	
3.36304	1	1104818	1104818	0	
3.36304	1	1105220	1105220	0	
3.36551	1	1106262	1106262	0	
3.36551	1	1106680	1106680	0	
3.36797	1	1107706	1107706	0	
3.36797	1	1108140	1108140	0	
3.37055	1	1109150	1109150	0	
3.37055	1	1109600	1109600	0	
3.37302	1	1110594	1110594	0	
3.37302	1	1111060	1111060	0	
3.37548	1	1112038	1112038	0	
3.37548	1	1112520	1112520	0	
3.37795	1	1113482	1113482	0	
3.37795	1	1113980	1113980	0	
3.38042	1	1114926	1114926	0	
3.38042	1	1115440	1115440	0	
3.38289	1	1116370	1116370	0	
3.38289	1	1116900	1116900	0	
3.38536	1	1117814	1117814	0	
3.38536	1	1118360	1118360	0	
3.38783	1	1119258	1119258	0	
3.38783	1	1119820	1119820	0	
3.39039	1	1120702	1120702	0	
3.39039	1	1121280	1121280	0	
3.39286	1	1122146	1122146	0	
3.39286	1	1122740	1122740	0	
3.39534	1	1123590	1123590	0	
3.39534	1	1124200	1124200	0	
3.39781	1	1125034	1125034	0	
3.39781	1	1125660	1125660	0	
3.40028	1	1126478	1126478	0	
3.40028	1	1127120	1127120	0	
3.40284	1	1127922	1127922	0	
3.40284	1	1128580	1128580	0	
3.40531	1	1129366	1129366	0	
3.40531	1	1130040	1130040	0	
3.40778	1	1130810	1130810	0	
3.40778	1	1131500	1131500	0	
3.41025	1	1132254	1132254	0	
3.41025	1	1132960	1132960	0	
3.41272	1	1133698	1133698	0	
3.41272	1	1134420	1134420	0	
3.41519	1	1135142	1135142	0	
3.41519	1	1135880	1135880	0	
3.41765	1	1136586	1136586	0	
3.41765	1	1137340	1137340	0	
3.42013	1	1138030	1138030	0	
3.42013	1	1138800	1138800	0	
3.4227	1	1139474	1139474	0	
3.4227	1	1140260	1140260	0	
3.42516	1	1140918	1140918	0	
3.42516	1	1141720	1141720	0	
3.42763	1	1142362	1142362	0	
3.42763	1	1143180	1143180	0	
3.4301	1	1143806	1143806	0	
3.4301	1	1144640	1144640	0	
3.43257	1	1145250	1145250	0	
3.43257	1	1146100	1146100	0	
3.43514	1	1146694	1146694	0	
3.43514	1	1147560	1147560	0	
3.4376	1	1148138	1148138	0	
3.4376	1	1149020	1149020	0	
3.44007	1	1149582	1149582	0	
3.44007	1	1150480	1150480	0	
3.44255	1	1151026	1151026	0	
3.44255	1	1151940	1151940	0	
3.44502	1	1152470	1152470	0	
3.44502	1	1153400	1153400	0	
3.44758	1	1153914	1153914	0	
3.44758	1	1154860	1154860	0	
3.45005	1	1155358	1155358	0	
3.45005	1	1156320	1156320	0	
3.45252	1	1156802	1156802	0	
3.45252	1	1157780	1157780	0	
3.45499	1	1158246	1158246	0	
3.45499	1	1159240	1159240	0	
3.45746	1	1159690	1159690	0	
3.45746	1	1160700	1160700	0	
3.45993	1	1161134	1161134	0	
3.45993	1	1162160	1162160	0	
3.4624	1	1162578	1162578	0	
3.4624	1	1163620	1163620	0	
3.46487	1	1164022	1164022	0	
3.46487	1	1165080	1165080	0	
3.46744	1	1165466	1165466	0	
3.46744	1	1166540	1166540	0	
3.46991	1	1166910	1166910	0	
3.46991	1	1168000	1168000	0	
3.47238	1	1168354	1168354	0	
3.47238	1	1169460	1169460	0	
3.47484	1	1169798	1169798	0	
3.47484	1	1170920	1170920	0	
3.47731	1	1171242	1171242	0	
3.47731	1	1172380	1172380	0	
3.47988	1	1172686	1172686	0	
3.47988	1	1173840	1173840	0	
3.48235	1	1174130	1174130	0	
3.48235	1	1175300	1175300	0	
3.48482	1	1175574	1175574	0	
3.48482	1	1176760	1176760	0	
3.48729	1	1177018	1177018	0	
3.48729	1	1178220	1178220	0	
3.48976	1	1178462	1178462	0	
3.48976	1	1179680	1179680	0	
3.49223	1	1179906	1179906	0	
3.49223	1	1181140	1181140	0	
3.4947	1	1181350	1181350	0	
3.4947	1	1182600	1182600	0	
3.49717	1	1182794	1182794	0	
3.49717	1	1184060	1184060	0	
3.49973	1	1184238	1184238	0	
3.49973	1	1185520	1185520	0	
3.5022	1	1185682	1185682	0	
3.5022	1	1186980	1186980	0	
3.50467	1	1187126	1187126	0	
3.50467	1	1188440	1188440	0	
3.50714	1	1188570	1188570	0	
3.50714	1	1189900	1189900	0	
3.50961	1	1190014	1190014	0	
3.50961	1	1191360	1191360	0	
3.51208	1	1191458	1191458	0	
3.51208	1	1192820	1192820	0	
3.51465	1	1192902	1192902	0	
3.51465	1	1194280	1194280	0	
3.51712	1	1194346	1194346	0	
3.51712	1	1195740	1195740	0	
3.51959	1	1195790	1195790	0	
3.51959	1	1197200	1197200	0	
3.52205	1	1197234	1197234	0	
3.52205	1	1198660	1198660	0	
3.52452	1	1198678	1198678	0	
3.52452	1	1200120	1200120	0	
3.52699	1	1200122	1200122	0	
3.52946	1	1201574	1201574	0	
3.52946	1	1201580	1201580	0	
3.53192	1	1203019	1203019	0	
3.53192	1	1203040	1203040	0	
3.53449	1	1204464	1204464	0	
3.53449	1	1204500	1204500	0	
3.53697	1	1205909	1205909	0	
3.53697	1	1205960	1205960	0	
3.53944	1	1207354	1207354	0	
3.53944	1	1207420	1207420	0	
3.5419	1	1208798	1208798	0	
3.5419	1	1208880	1208880	0	
3.54437	1	1210242	1210242	0	
3.54437	1	1210340	1210340	0	
3.54694	1	1211686	1211686	0	
3.54694	1	1211800	1211800	0	
3.54941	1	1213130	1213130	0	
3.54941	1	1213260	1213260	0	
3.55188	1	1214574	1214574	0	
3.55188	1	1214720	1214720	0	
3.55381	1	1216018	1217462	0	
3.55381	1	1216018	1217640	178	
3.55434	1	1216018	1216018	1444	
3.55434	1	1216180	1216180	1444	
3.55639	1	1218906	1218906	0	
3.55639	1	1219100	1219100	0	
3.55885	1	1220350	1220350	0	
3.55885	1	1220560	1220560	0	
3.56132	1	1221794	1221794	0	
3.56132	1	1222020	1222020	0	
3.56379	1	1223238	1223238	0	
3.56379	1	1223480	1223480	0	
3.56626	1	1224682	1224682	0	
3.56626	1	1224940	1224940	0	
3.56873	1	1226126	1226126	0	
3.56873	1	1226400	1226400	0	
3.5712	1	1227570	1227570	0	
3.5712	1	1227860	1227860	0	
3.57367	1	1229014	1229014	0	
3.57367	1	1229320	1229320	0	
3.57623	1	1230458	1230458	0	
3.57623	1	1230780	1230780	0	
3.5787	1	1231902	1231902	0	
3.5787	1	1232240	1232240	0	
3.58118	1	1233346	1233346	0	
3.58118	1	1233700	1233700	0	
3.58365	1	1234790	1234790	0	
3.58365	1	1235160	1235160	0	
3.58612	1	1236234	1236234	0	
3.58612	1	1236620	1236620	0	
3.58868	1	1237678	1237678	0	
3.58868	1	1238080	1238080	0	
3.59115	1	1239122	1239122	0	
3.59115	1	1239540	1239540	0	
3.59362	1	1240566	1240566	0	
3.59362	1	1241000	1241000	0	
3.59609	1	1242010	1242010	0	
3.59609	1	1242460	1242460	0	
3.59856	1	1243454	1243454	0	
3.59856	1	1243920	1243920	0	
3.60102	1	1244898	1244898	0	
3.60102	1	1245380	1245380	0	
3.60349	1	1246342	1246342	0	
3.60349	1	1246840	1246840	0	
3.60597	1	1247786	1247786	0	
3.60597	1	1248300	1248300	0	
3.60853	1	1249230	1249230	0	
3.60853	1	1249760	1249760	0	
3.611	1	1250674	1250674	0	
3.611	1	1251220	1251220	0	
3.61347	1	1252118	1252118	0	
3.61347	1	1252680	1252680	0	
3.61594	1	1253562	1253562	0	
3.61594	1	1254140	1254140	0	
3.61841	1	1255006	1255006	0	
3.61841	1	1255600	1255600	0	
3.62097	1	1256450	1256450	0	
3.62097	1	1257060	1257060	0	
3.62344	1	1257894	1257894	0	
3.62344	1	1258520	1258520	0	
3.62591	1	1259338	1259338	0	
3.62591	1	1259980	1259980	0	
3.62839	1	1260782	1260782	0	
3.62839	1	1261440	1261440	0	
3.63086	1	1262226	1262226	0	
3.63086	1	1262900	1262900	0	
3.63333	1	1263670	1263670	0	
3.63333	1	1264360	1264360	0	
3.63589	1	1265114	1265114	0	
3.63589	1	1265820	1265820	0	
3.63836	1	1266558	1266558	0	
3.63836	1	1267280	1267280	0	
3.64083	1	1268002	1268002	0	
3.64083	1	1268740	1268740	0	
3.6433	1	1269446	1269446	0	
3.6433	1	1270200	1270200	0	
3.64577	1	1270890	1270890	0	
3.64577	1	1271660	1271660	0	
3.64824	1	1272334	1272334	0	
3.64824	1	1273120	1273120	0	
3.65166	1	1273778	1273778	0	
3.65166	1	1274580	1274580	0	
3.65418	1	1275222	1275222	0	
3.65418	1	1276040	1276040	0	
3.65675	1	1276666	1276666	0	
3.65675	1	1277500	1277500	0	
3.65921	1	1278110	1278110	0	
3.65921	1	1278960	1278960	0	
3.66168	1	1279554	1279554	0	
3.66168	1	1280420	1280420	0	
3.66415	1	1280998	1280998	0	
3.66415	1	1281880	1281880	0	
3.66662	1	1282442	1282442	0	
3.66662	1	1283340	1283340	0	
3.66919	1	1283886	1283886	0	
3.66919	1	1284800	1284800	0	
3.67165	1	1285330	1285330	0	
3.67165	1	1286260	1286260	0	
3.67412	1	1286774	1286774	0	
3.67412	1	1287720	1287720	0	
3.6766	1	1288218	1288218	0	
3.6766	1	1289180	1289180	0	
3.67907	1	1289662	1289662	0	
3.67907	1	1290640	1290640	0	
3.68154	1	1291106	1291106	0	
3.68154	1	1292100	1292100	0	
3.68401	1	1292550	1292550	0	
3.68401	1	1293560	1293560	0	
3.68657	1	1293994	1293994	0	
3.68657	1	1295020	1295020	0	
3.68904	1	1295438	1295438	0	
3.68904	1	1296480	1296480	0	
3.69151	1	1296882	1296882	0	
3.69151	1	1297940	1297940	0	
3.69398	1	1298326	1298326	0	
3.69398	1	1299400	1299400	0	
3.69645	1	1299770	1299770	0	
3.69645	1	1300860	1300860	0	
3.69892	1	1301214	1301214	0	
3.69892	1	1302320	1302320	0	
3.70149	1	1302658	1302658	0	
3.70149	1	1303780	1303780	0	
3.70396	1	1304102	1304102	0	
3.70396	1	1305240	1305240	0	
3.70643	1	1305546	1305546	0	
3.70643	1	1306700	1306700	0	
3.70889	1	1306990	1306990	0	
3.70889	1	1308160	1308160	0	
3.71136	1	1308434	1308434	0	
3.71136	1	1309620	1309620	0	
3.71383	1	1309878	1309878	0	
3.71383	1	1311080	1311080	0	
3.7163	1	1311322	1311322	0	
3.7163	1	1312540	1312540	0	
3.71887	1	1312766	1312766	0	
3.71887	1	1314000	1314000	0	
3.72133	1	1314210	1314210	0	
3.72133	1	1315460	1315460	0	
3.72381	1	1315654	1315654	0	
3.72381	1	1316920	1316920	0	
3.72628	1	1317098	1317098	0	
3.72628	1	1318380	1318380	0	
3.72875	1	1318542	1318542	0	
3.72875	1	1319840	1319840	0	
3.73122	1	1319986	1319986	0	
3.73122	1	1321300	1321300	0	
3.73378	1	1321430	1321430	0	
3.73378	1	1322760	1322760	0	
3.73625	1	1322874	1322874	0	
3.73625	1	1324220	1324220	0	
3.73872	1	1324318	1324318	0	
3.73872	1	1325680	1325680	0	
3.74119	1	1325762	1325762	0	
3.74119	1	1327140	1327140	0	
3.74366	1	1327206	1327206	0	
3.74366	1	1328600	1328600	0	
3.74623	1	1328650	1328650	0	
3.74623	1	1330060	1330060	0	
3.7487	1	1330094	1330094	0	
3.7487	1	1331520	1331520	0	
3.75116	1	1331538	1331538	0	
3.75116	1	1332980	1332980	0	
3.75363	1	1332982	1332982	0	
3.7561	1	1334434	1334434	0	
3.7561	1	1334440	1334440	0	
3.75857	1	1335879	1335879	0	
3.75857	1	1335900	1335900	0	
3.76104	1	1337324	1337324	0	
3.76104	1	1337360	1337360	0	
3.7636	1	1338769	1338769	0	
3.7636	1	1338820	1338820	0	
3.76607	1	1340214	1340214	0	
3.76607	1	1340280	1340280	0	
3.76854	1	1341658	1341658	0	
3.76854	1	1341740	1341740	0	
3.77102	1	1343102	1343102	0	
3.77102	1	1343200	1343200	0	
3.77348	1	1344546	1344546	0	
3.77348	1	1344660	1344660	0	
3.77595	1	1345990	1345990	0	
3.77595	1	1346120	1346120	0	
3.77852	1	1347434	1347434	0	
3.77852	1	1347580	1347580	0	
3.78099	1	1348878	1348878	0	
3.78099	1	1349040	1349040	0	
3.78346	1	1350322	1350322	0	
3.78346	1	1350500	1350500	0	
3.78592	1	1351766	1351766	0	
3.78592	1	1351960	1351960	0	
3.78839	1	1353210	1353210	0	
3.78839	1	1353420	1353420	0	
3.79086	1	1354654	1354654	0	
3.79086	1	1354880	1354880	0	
3.79333	1	1356098	1356098	0	
3.79333	1	1356340	1356340	0	
3.7959	1	1357542	1357542	0	
3.7959	1	1357800	1357800	0	
3.79837	1	1358986	1358986	0	
3.79837	1	1359260	1359260	0	
3.80084	1	1360430	1360430	0	
3.80084	1	1360720	1360720	0	
3.80331	1	1361874	1361874	0	
3.80331	1	1362180	1362180	0	
3.80578	1	1363318	1363318	0	
3.80578	1	1363640	1363640	0	
3.80825	1	1364762	1364762	0	
3.80825	1	1365100	1365100	0	
3.81081	1	1366206	1366206	0	
3.81081	1	1366560	1366560	0	
3.81328	1	1367650	1367650	0	
3.81328	1	1368020	1368020	0	
3.81575	1	1369094	1369094	0	
3.81575	1	1369480	1369480	0	
3.81823	1	1370538	1370538	0	
3.81823	1	1370940	1370940	0	
3.8207	1	1371982	1371982	0	
3.8207	1	1372400	1372400	0	
3.82316	1	1373426	1373426	0	
3.82316	1	1373860	1373860	0	
3.82563	1	1374870	1374870	0	
3.82563	1	1375320	1375320	0	
3.8282	1	1376314	1376314	0	
3.8282	1	1376780	1376780	0	
3.83067	1	1377758	1377758	0	
3.83067	1	1378240	1378240	0	
3.83314	1	1379202	1379202	0	
3.83314	1	1379700	1379700	0	
3.8356	1	1380646	1380646	0	
3.8356	1	1381160	1381160	0	
3.83807	1	1382090	1382090	0	
3.83807	1	1382620	1382620	0	
3.84054	1	1383534	1383534	0	
3.84054	1	1384080	1384080	0	
3.84302	1	1384978	1384978	0	
3.84302	1	1385540	1385540	0	
3.84558	1	1386422	1386422	0	
3.84558	1	1387000	1387000	0	
3.84805	1	1387866	1387866	0	
3.84805	1	1388460	1388460	0	
3.85052	1	1389310	1389310	0	
3.85052	1	1389920	1389920	0	
3.85299	1	1390754	1390754	0	
3.85299	1	1391380	1391380	0	
3.85446	1	1392198	1392198	0	
3.85446	1	1392840	1392840	0	
3.85702	1	1393642	1393642	0	
3.85702	1	1394300	1394300	0	
3.85949	1	1395086	1395086	0	
3.85949	1	1395760	1395760	0	
3.86196	1	1396530	1396530	0	
3.86196	1	1397220	1397220	0	
3.86444	1	1397974	1397974	0	
3.86444	1	1398680	1398680	0	
3.86691	1	1399418	1399418	0	
3.86691	1	1400140	1400140	0	
3.86938	1	1400862	1400862	0	
3.86938	1	1401600	1401600	0	
3.87184	1	1402306	1402306	0	
3.87184	1	1403060	1403060	0	
3.87441	1	1403750	1403750	0	
3.87441	1	1404520	1404520	0	
3.87688	1	1405194	1405194	0	
3.87688	1	1405980	1405980	0	
3.87935	1	1406638	1406638	0	
3.87935	1	1407440	1407440	0	
3.88182	1	1408082	1408082	0	
3.88182	1	1408900	1408900	0	
3.88428	1	1409526	1409526	0	
3.88428	1	1410360	1410360	0	
3.88675	1	1410970	1410970	0	
3.88675	1	1411820	1411820	0	
3.88933	1	1412414	1412414	0	
3.88933	1	1413280	1413280	0	
3.8918	1	1413858	1413858	0	
3.8918	1	1414740	1414740	0	
3.89426	1	1415302	1415302	0	
3.89426	1	1416200	1416200	0	
3.89673	1	1416746	1416746	0	
3.89673	1	1417660	1417660	0	
3.8992	1	1418190	1418190	0	
3.8992	1	1419120	1419120	0	
3.90167	1	1419634	1419634	0	
3.90167	1	1420580	1420580	0	
3.90414	1	1421078	1421078	0	
3.90414	1	1422040	1422040	0	
3.9067	1	1422522	1422522	0	
3.9067	1	1423500	1423500	0	
3.90917	1	1423966	1423966	0	
3.90917	1	1424960	1424960	0	
3.91165	1	1425410	1425410	0	
3.91165	1	1426420	1426420	0	
3.91412	1	1426854	1426854	0	
3.91412	1	1427880	1427880	0	
3.91659	1	1428298	1428298	0	
3.91659	1	1429340	1429340	0	
3.91906	1	1429742	1429742	0	
3.91906	1	1430800	1430800	0	
3.92162	1	1431186	1431186	0	
3.92162	1	1432260	1432260	0	
3.92409	1	1432630	1432630	0	
3.92409	1	1433720	1433720	0	
3.92656	1	1434074	1434074	0	
3.92656	1	1435180	1435180	0	
3.92903	1	1435518	1435518	0	
3.92903	1	1436640	1436640	0	
3.9315	1	1436962	1436962	0	
3.9315	1	1438100	1438100	0	
3.93397	1	1438406	1438406	0	
3.93397	1	1439560	1439560	0	
3.93644	1	1439850	1439850	0	
3.93644	1	1441020	1441020	0	
3.93901	1	1441294	1441294	0	
3.93901	1	1442480	1442480	0	
3.94148	1	1442738	1442738	0	
3.94148	1	1443940	1443940	0	
3.94394	1	1444182	1444182	0	
3.94394	1	1445400	1445400	0	
3.94641	1	1445626	1445626	0	
3.94641	1	1446860	1446860	0	
3.94888	1	1447070	1447070	0	
3.94888	1	1448320	1448320	0	
3.95135	1	1448514	1448514	0	
3.95135	1	1449780	1449780	0	
3.95392	1	1449958	1449958	0	
3.95392	1	1451240	1451240	0	
3.95638	1	1451402	1451402	0	
3.95638	1	1452700	1452700	0	
3.95886	1	1452846	1452846	0	
3.95886	1	1454160	1454160	0	
3.96133	1	1454290	1454290	0	
3.96133	1	1455620	1455620	0	
3.9638	1	1455734	1455734	0	
3.9638	1	1457080	1457080	0	
3.96636	1	1457178	1457178	0	
3.96636	1	1458540	1458540	0	
3.96883	1	1458622	1458622	0	
3.96883	1	1460000	1460000	0	
3.9713	1	1460066	1460066	0	
3.9713	1	1461460	1461460	0	
3.97377	1	1461510	1461510	0	
3.97377	1	1462920	1462920	0	
3.97624	1	1462954	1462954	0	
3.97624	1	1464380	1464380	0	
3.9787	1	1464398	1464398	0	
3.9787	1	1465840	1465840	0	
3.98117	1	1465842	1465842	0	
3.98374	1	1467294	1467294	0	
3.98374	1	1467300	1467300	0	
3.98621	1	1468739	1468739	0	
3.98621	1	1468760	1468760	0	
3.98868	1	1470184	1470184	0	
3.98868	1	1470220	1470220	0	
3.99115	1	1471629	1471629	0	
3.99115	1	1471680	1471680	0	
3.99362	1	1473074	1473074	0	
3.99362	1	1473140	1473140	0	
3.99609	1	1474518	1474518	0	
3.99609	1	1474600	1474600	0	
3.99865	1	1475962	1475962	0	
3.99865	1	1476060	1476060	0	
4.00112	1	1477406	1477406	0	
4.00112	1	1477520	1477520	0	
4.00359	1	1478850	1478850	0	
4.00359	1	1478980	1478980	0	
4.00607	1	1480294	1480294	0	
4.00607	1	1480440	1480440	0	
4.00853	1	1481738	1481738	0	
4.00853	1	1481900	1481900	0	
4.011	1	1483182	1483182	0	
4.011	1	1483360	1483360	0	
4.01347	1	1484626	1484626	0	
4.01347	1	1484820	1484820	0	
4.01604	1	1486070	1486070	0	
4.01604	1	1486280	1486280	0	
4.01851	1	1487514	1487514	0	
4.01851	1	1487740	1487740	0	
4.02097	1	1488958	1488958	0	
4.02097	1	1489200	1489200	0	
4.02344	1	1490402	1490402	0	
4.02344	1	1490660	1490660	0	
4.02591	1	1491846	1491846	0	
4.02591	1	1492120	1492120	0	
4.02838	1	1493290	1493290	0	
4.02838	1	1493580	1493580	0	
4.03095	1	1494734	1494734	0	
4.03095	1	1495040	1495040	0	
4.03342	1	1496178	1496178	0	
4.03342	1	1496500	1496500	0	
4.03589	1	1497622	1497622	0	
4.03589	1	1497960	1497960	0	
4.03836	1	1499066	1499066	0	
4.03836	1	1499420	1499420	0	
4.04083	1	1500510	1500510	0	
4.04083	1	1500880	1500880	0	
4.04339	1	1501954	1501954	0	
4.04339	1	1502340	1502340	0	
4.04586	1	1503398	1503398	0	
4.04586	1	1503800	1503800	0	
4.04833	1	1504842	1504842	0	
4.04833	1	1505260	1505260	0	
4.05175	1	1506286	1506286	0	
4.05175	1	1506720	1506720	0	
4.05428	1	1507730	1507730	0	
4.05428	1	1508180	1508180	0	
4.05675	1	1509174	1509174	0	
4.05675	1	1509640	1509640	0	
4.05921	1	1510618	1510618	0	
4.05921	1	1511100	1511100	0	
4.06168	1	1512062	1512062	0	
4.06168	1	1512560	1512560	0	
4.06425	1	1513506	1513506	0	
4.06425	1	1514020	1514020	0	
4.06672	1	1514950	1514950	0	
4.06672	1	1515480	1515480	0	
4.06919	1	1516394	1516394	0	
4.06919	1	1516940	1516940	0	
4.07165	1	1517838	1517838	0	
4.07165	1	1518400	1518400	0	
4.07412	1	1519282	1519282	0	
4.07412	1	1519860	1519860	0	
4.0767	1	1520726	1520726	0	
4.0767	1	1521320	1521320	0	
4.07916	1	1522170	1522170	0	
4.07916	1	1522780	1522780	0	
4.08163	1	1523614	1523614	0	
4.08163	1	1524240	1524240	0	
4.0841	1	1525058	1525058	0	
4.0841	1	1525700	1525700	0	
4.08657	1	1526502	1526502	0	
4.08657	1	1527160	1527160	0	
4.08904	1	1527946	1527946	0	
4.08904	1	1528620	1528620	0	
4.09151	1	1529390	1529390	0	
4.09151	1	1530080	1530080	0	
4.09407	1	1530834	1530834	0	
4.09407	1	1531540	1531540	0	
4.09654	1	1532278	1532278	0	
4.09654	1	1533000	1533000	0	
4.09901	1	1533722	1533722	0	
4.09901	1	1534460	1534460	0	
4.10149	1	1535166	1535166	0	
4.10149	1	1535920	1535920	0	
4.10396	1	1536610	1536610	0	
4.10396	1	1537380	1537380	0	
4.10643	1	1538054	1538054	0	
4.10643	1	1538840	1538840	0	
4.10899	1	1539498	1539498	0	
4.10899	1	1540300	1540300	0	
4.11146	1	1540942	1540942	0	
4.11146	1	1541760	1541760	0	
4.11393	1	1542386	1542386	0	
4.11393	1	1543220	1543220	0	
4.1164	1	1543830	1543830	0	
4.1164	1	1544680	1544680	0	
4.11887	1	1545274	1545274	0	
4.11887	1	1546140	1546140	0	
4.12133	1	1546718	1546718	0	
4.12133	1	1547600	1547600	0	
4.1238	1	1548162	1548162	0	
4.1238	1	1549060	1549060	0	
4.12638	1	1549606	1549606	0	
4.12638	1	1550520	1550520	0	
4.12884	1	1551050	1551050	0	
4.12884	1	1551980	1551980	0	
4.13131	1	1552494	1552494	0	
4.13131	1	1553440	1553440	0	
4.13378	1	1553938	1553938	0	
4.13378	1	1554900	1554900	0	
4.13625	1	1555382	1555382	0	
4.13625	1	1556360	1556360	0	
4.13872	1	1556826	1556826	0	
4.13872	1	1557820	1557820	0	
4.14128	1	1558270	1558270	0	
4.14128	1	1559280	1559280	0	
4.14375	1	1559714	1559714	0	
4.14375	1	1560740	1560740	0	
4.14622	1	1561158	1561158	0	
4.14622	1	1562200	1562200	0	
4.1487	1	1562602	1562602	0	
4.1487	1	1563660	1563660	0	
4.15117	1	1564046	1564046	0	
4.15117	1	1565120	1565120	0	
4.15373	1	1565490	1565490	0	
4.15373	1	1566580	1566580	0	
4.1562	1	1566934	1566934	0	
4.1562	1	1568040	1568040	0	
4.15867	1	1568378	1568378	0	
4.15867	1	1569500	1569500	0	
4.16114	1	1569822	1569822	0	
4.16114	1	1570960	1570960	0	
4.16361	1	1571266	1571266	0	
4.16361	1	1572420	1572420	0	
4.16608	1	1572710	1572710	0	
4.16608	1	1573880	1573880	0	
4.16855	1	1574154	1574154	0	
4.16855	1	1575340	1575340	0	
4.17112	1	1575598	1575598	0	
4.17112	1	1576800	1576800	0	
4.17359	1	1577042	1577042	0	
4.17359	1	1578260	1578260	0	
4.17606	1	1578486	1578486	0	
4.17606	1	1579720	1579720	0	
4.17852	1	1579930	1579930	0	
4.17852	1	1581180	1581180	0	
4.18099	1	1581374	1581374	0	
4.18099	1	1582640	1582640	0	
4.18346	1	1582818	1582818	0	
4.18346	1	1584100	1584100	0	
4.18593	1	1584262	1584262	0	
4.18593	1	1585560	1585560	0	
4.1885	1	1585706	1585706	0	
4.1885	1	1587020	1587020	0	
4.19096	1	1587150	1587150	0	
4.19096	1	1588480	1588480	0	
4.19343	1	1588594	1588594	0	
4.19343	1	1589940	1589940	0	
4.19591	1	1590038	1590038	0	
4.19591	1	1591400	1591400	0	
4.19838	1	1591482	1591482	0	
4.19838	1	1592860	1592860	0	
4.20085	1	1592926	1592926	0	
4.20085	1	1594320	1594320	0	
4.20332	1	1594370	1594370	0	
4.20332	1	1595780	1595780	0	
4.20588	1	1595814	1595814	0	
4.20588	1	1597240	1597240	0	
4.20835	1	1597258	1597258	0	
4.20835	1	1598700	1598700	0	
4.21081	1	1598702	1598702	0	
4.21328	1	1600154	1600154	0	
4.21328	1	1600160	1600160	0	
4.21575	1	1601599	1601599	0	
4.21575	1	1601620	1601620	0	
4.21822	1	1603044	1603044	0	
4.21822	1	1603080	1603080	0	
4.22079	1	1604489	1604489	0	
4.22079	1	1604540	1604540	0	
4.22326	1	1605934	1605934	0	
4.22326	1	1606000	1606000	0	
4.22573	1	1607378	1607378	0	
4.22573	1	1607460	1607460	0	
4.2282	1	1608822	1608822	0	
4.2282	1	1608920	1608920	0	
4.23067	1	1610266	1610266	0	
4.23067	1	1610380	1610380	0	
4.23314	1	1611710	1611710	0	
4.23314	1	1611840	1611840	0	
4.2356	1	1613154	1613154	0	
4.2356	1	1613300	1613300	0	
4.23817	1	1614598	1614598	0	
4.23817	1	1614760	1614760	0	
4.24064	1	1616042	1616042	0	
4.24064	1	1616220	1616220	0	
4.24312	1	1617486	1617486	0	
4.24312	1	1617680	1617680	0	
4.24558	1	1618930	1618930	0	
4.24558	1	1619140	1619140	0	
4.24805	1	1620374	1620374	0	
4.24805	1	1620600	1620600	0	
4.25052	1	1621818	1621818	0	
4.25052	1	1622060	1622060	0	
4.25309	1	1623262	1623262	0	
4.25309	1	1623520	1623520	0	
4.25556	1	1624706	1624706	0	
4.25556	1	1624980	1624980	0	
4.25802	1	1626150	1626150	0	
4.25802	1	1626440	1626440	0	
4.26049	1	1627594	1627594	0	
4.26049	1	1627900	1627900	0	
4.26296	1	1629038	1629038	0	
4.26296	1	1629360	1629360	0	
4.26553	1	1630482	1630482	0	
4.26553	1	1630820	1630820	0	
4.268	1	1631926	1631926	0	
4.268	1	1632280	1632280	0	
4.27047	1	1633370	1633370	0	
4.27047	1	1633740	1633740	0	
4.27294	1	1634814	1634814	0	
4.27294	1	1635200	1635200	0	
4.27541	1	1636258	1636258	0	
4.27541	1	1636660	1636660	0	
4.27788	1	1637702	1637702	0	
4.27788	1	1638120	1638120	0	
4.28035	1	1639146	1639146	0	
4.28035	1	1639580	1639580	0	
4.28291	1	1640590	1640590	0	
4.28291	1	1641040	1641040	0	
4.28538	1	1642034	1642034	0	
4.28538	1	1642500	1642500	0	
4.28785	1	1643478	1643478	0	
4.28785	1	1643960	1643960	0	
4.29033	1	1644922	1644922	0	
4.29033	1	1645420	1645420	0	
4.2928	1	1646366	1646366	0	
4.2928	1	1646880	1646880	0	
4.29526	1	1647810	1647810	0	
4.29526	1	1648340	1648340	0	
4.29783	1	1649254	1649254	0	
4.29783	1	1649800	1649800	0	
4.3003	1	1650698	1650698	0	
4.3003	1	1651260	1651260	0	
4.30277	1	1652142	1652142	0	
4.30277	1	1652720	1652720	0	
4.30524	1	1653586	1653586	0	
4.30524	1	1654180	1654180	0	
4.3077	1	1655030	1655030	0	
4.3077	1	1655640	1655640	0	
4.31017	1	1656474	1656474	0	
4.31017	1	1657100	1657100	0	
4.31264	1	1657918	1657918	0	
4.31264	1	1658560	1658560	0	
4.31512	1	1659362	1659362	0	
4.31512	1	1660020	1660020	0	
4.31768	1	1660806	1660806	0	
4.31768	1	1661480	1661480	0	
4.32015	1	1662250	1662250	0	
4.32015	1	1662940	1662940	0	
4.32262	1	1663694	1663694	0	
4.32262	1	1664400	1664400	0	
4.32509	1	1665138	1665138	0	
4.32509	1	1665860	1665860	0	
4.32756	1	1666582	1666582	0	
4.32756	1	1667320	1667320	0	
4.33012	1	1668026	1668026	0	
4.33012	1	1668780	1668780	0	
4.33259	1	1669470	1669470	0	
4.33259	1	1670240	1670240	0	
4.33506	1	1670914	1670914	0	
4.33506	1	1671700	1671700	0	
4.33754	1	1672358	1672358	0	
4.33754	1	1673160	1673160	0	
4.34001	1	1673802	1673802	0	
4.34001	1	1674620	1674620	0	
4.34257	1	1675246	1675246	0	
4.34257	1	1676080	1676080	0	
4.34504	1	1676690	1676690	0	
4.34504	1	1677540	1677540	0	
4.34751	1	1678134	1678134	0	
4.34751	1	1679000	1679000	0	
4.34998	1	1679578	1679578	0	
4.34998	1	1680460	1680460	0	
4.35244	1	1681022	1681022	0	
4.35244	1	1681920	1681920	0	
4.35392	1	1682466	1682466	0	
4.35392	1	1683380	1683380	0	
4.35638	1	1683910	1683910	0	
4.35638	1	1684840	1684840	0	
4.35885	1	1685354	1685354	0	
4.35885	1	1686300	1686300	0	
4.36143	1	1686798	1686798	0	
4.36143	1	1687760	1687760	0	
4.36389	1	1688242	1688242	0	
4.36389	1	1689220	1689220	0	
4.36636	1	1689686	1689686	0	
4.36636	1	1690680	1690680	0	
4.36883	1	1691130	1691130	0	
4.36883	1	1692140	1692140	0	
4.3713	1	1692574	1692574	0	
4.3713	1	1693600	1693600	0	
4.37387	1	1694018	1694018	0	
4.37387	1	1695060	1695060	0	
4.37633	1	1695462	1695462	0	
4.37633	1	1696520	1696520	0	
4.3788	1	1696906	1696906	0	
4.3788	1	1697980	1697980	0	
4.38127	1	1698350	1698350	0	
4.38127	1	1699440	1699440	0	
4.38375	1	1699794	1699794	0	
4.38375	1	1700900	1700900	0	
4.38622	1	1701238	1701238	0	
4.38622	1	1702360	1702360	0	
4.38869	1	1702682	1702682	0	
4.38869	1	1703820	1703820	0	
4.39116	1	1704126	1704126	0	
4.39116	1	1705280	1705280	0	
4.39372	1	1705570	1705570	0	
4.39372	1	1706740	1706740	0	
4.39619	1	1707014	1707014	0	
4.39619	1	1708200	1708200	0	
4.39866	1	1708458	1708458	0	
4.39866	1	1709660	1709660	0	
4.40113	1	1709902	1709902	0	
4.40113	1	1711120	1711120	0	
4.4036	1	1711346	1711346	0	
4.4036	1	1712580	1712580	0	
4.40617	1	1712790	1712790	0	
4.40617	1	1714040	1714040	0	
4.40864	1	1714234	1714234	0	
4.40864	1	1715500	1715500	0	
4.41111	1	1715678	1715678	0	
4.41111	1	1716960	1716960	0	
4.41357	1	1717122	1717122	0	
4.41357	1	1718420	1718420	0	
4.41604	1	1718566	1718566	0	
4.41604	1	1719880	1719880	0	
4.41851	1	1720010	1720010	0	
4.41851	1	1721340	1721340	0	
4.42098	1	1721454	1721454	0	
4.42098	1	1722800	1722800	0	
4.42345	1	1722898	1722898	0	
4.42345	1	1724260	1724260	0	
4.42601	1	1724342	1724342	0	
4.42601	1	1725720	1725720	0	
4.42848	1	1725786	1725786	0	
4.42848	1	1727180	1727180	0	
4.43096	1	1727230	1727230	0	
4.43096	1	1728640	1728640	0	
4.43343	1	1728674	1728674	0	
4.43343	1	1730100	1730100	0	
4.43589	1	1730118	1730118	0	
4.43589	1	1731560	1731560	0	
4.43846	1	1731562	1731562	0	
4.44092	1	1733014	1733014	0	
4.44092	1	1733020	1733020	0	
4.44339	1	1734459	1734459	0	
4.44339	1	1734480	1734480	0	
4.44586	1	1735904	1735904	0	
4.44586	1	1735940	1735940	0	
4.44833	1	1737349	1737349	0	
4.44833	1	1737400	1737400	0	
4.45485	1	1738794	1738794	0	
4.45485	1	1738860	1738860	0	
4.45737	1	1740238	1740238	0	
4.45737	1	1740320	1740320	0	
4.45984	1	1741682	1741682	0	
4.45984	1	1741780	1741780	0	
4.46231	1	1743126	1743126	0	
4.46231	1	1743240	1743240	0	
4.46478	1	1744570	1744570	0	
4.46478	1	1744700	1744700	0	
4.46725	1	1746014	1746014	0	
4.46725	1	1746160	1746160	0	
4.46972	1	1747458	1747458	0	
4.46972	1	1747620	1747620	0	
4.47219	1	1748902	1748902	0	
4.47219	1	1749080	1749080	0	
4.47475	1	1750346	1750346	0	
4.47475	1	1750540	1750540	0	
4.47722	1	1751790	1751790	0	
4.47722	1	1752000	1752000	0	
4.47969	1	1753234	1753234	0	
4.47969	1	1753460	1753460	0	
4.48216	1	1754678	1754678	0	
4.48216	1	1754920	1754920	0	
4.48463	1	1756122	1756122	0	
4.48463	1	1756380	1756380	0	
4.4872	1	1757566	1757566	0	
4.4872	1	1757840	1757840	0	
4.48967	1	1759010	1759010	0	
4.48967	1	1759300	1759300	0	
4.49214	1	1760454	1760454	0	
4.49214	1	1760760	1760760	0	
4.4946	1	1761898	1761898	0	
4.4946	1	1762220	1762220	0	
4.49707	1	1763342	1763342	0	
4.49707	1	1763680	1763680	0	
4.49954	1	1764786	1764786	0	
4.49954	1	1765140	1765140	0	
4.50201	1	1766230	1766230	0	
4.50201	1	1766600	1766600	0	
4.50448	1	1767674	1767674	0	
4.50448	1	1768060	1768060	0	
4.50705	1	1769118	1769118	0	
4.50705	1	1769520	1769520	0	
4.50952	1	1770562	1770562	0	
4.50952	1	1770980	1770980	0	
4.51199	1	1772006	1772006	0	
4.51199	1	1772440	1772440	0	
4.51446	1	1773450	1773450	0	
4.51446	1	1773900	1773900	0	
4.51693	1	1774894	1774894	0	
4.51693	1	1775360	1775360	0	
4.51949	1	1776338	1776338	0	
4.51949	1	1776820	1776820	0	
4.52196	1	1777782	1777782	0	
4.52196	1	1778280	1778280	0	
4.52443	1	1779226	1779226	0	
4.52443	1	1779740	1779740	0	
4.5269	1	1780670	1780670	0	
4.5269	1	1781200	1781200	0	
4.52938	1	1782114	1782114	0	
4.52938	1	1782660	1782660	0	
4.53184	1	1783558	1783558	0	
4.53184	1	1784120	1784120	0	
4.53431	1	1785002	1785002	0	
4.53431	1	1785580	1785580	0	
4.53678	1	1786446	1786446	0	
4.53678	1	1787040	1787040	0	
4.53925	1	1787890	1787890	0	
4.53925	1	1788500	1788500	0	
4.54182	1	1789334	1789334	0	
4.54182	1	1789960	1789960	0	
4.54428	1	1790778	1790778	0	
4.54428	1	1791420	1791420	0	
4.54675	1	1792222	1792222	0	
4.54675	1	1792880	1792880	0	
4.54922	1	1793666	1793666	0	
4.54922	1	1794340	1794340	0	
4.55169	1	1795110	1795110	0	
4.55169	1	1795800	1795800	0	
4.55426	1	1796554	1796554	0	
4.55426	1	1797260	1797260	0	
4.55673	1	1797998	1797998	0	
4.55673	1	1798720	1798720	0	
4.5592	1	1799442	1799442	0	
4.5592	1	1800180	1800180	0	
4.56167	1	1800886	1800886	0	
4.56167	1	1801640	1801640	0	
4.56414	1	1802330	1802330	0	
4.56414	1	1803100	1803100	0	
4.5667	1	1803774	1803774	0	
4.5667	1	1804560	1804560	0	
4.56917	1	1805218	1805218	0	
4.56917	1	1806020	1806020	0	
4.57164	1	1806662	1806662	0	
4.57164	1	1807480	1807480	0	
4.57411	1	1808106	1808106	0	
4.57411	1	1808940	1808940	0	
4.57659	1	1809550	1809550	0	
4.57659	1	1810400	1810400	0	
4.57906	1	1810994	1810994	0	
4.57906	1	1811860	1811860	0	
4.58152	1	1812438	1812438	0	
4.58152	1	1813320	1813320	0	
4.58399	1	1813882	1813882	0	
4.58399	1	1814780	1814780	0	
4.58656	1	1815326	1815326	0	
4.58656	1	1816240	1816240	0	
4.58903	1	1816770	1816770	0	
4.58903	1	1817700	1817700	0	
4.5915	1	1818214	1818214	0	
4.5915	1	1819160	1819160	0	
4.59396	1	1819658	1819658	0	
4.59396	1	1820620	1820620	0	
4.59643	1	1821102	1821102	0	
4.59643	1	1822080	1822080	0	
4.59901	1	1822546	1822546	0	
4.59901	1	1823540	1823540	0	
4.60148	1	1823990	1823990	0	
4.60148	1	1825000	1825000	0	
4.60394	1	1825434	1825434	0	
4.60394	1	1826460	1826460	0	
4.60641	1	1826878	1826878	0	
4.60641	1	1827920	1827920	0	
4.60888	1	1828322	1828322	0	
4.60888	1	1829380	1829380	0	
4.61135	1	1829766	1829766	0	
4.61135	1	1830840	1830840	0	
4.61382	1	1831210	1831210	0	
4.61382	1	1832300	1832300	0	
4.61629	1	1832654	1832654	0	
4.61629	1	1833760	1833760	0	
4.61885	1	1834098	1834098	0	
4.61885	1	1835220	1835220	0	
4.62132	1	1835542	1835542	0	
4.62132	1	1836680	1836680	0	
4.6238	1	1836986	1836986	0	
4.6238	1	1838140	1838140	0	
4.62627	1	1838430	1838430	0	
4.62627	1	1839600	1839600	0	
4.62874	1	1839874	1839874	0	
4.62874	1	1841060	1841060	0	
4.6313	1	1841318	1841318	0	
4.6313	1	1842520	1842520	0	
4.63377	1	1842762	1842762	0	
4.63377	1	1843980	1843980	0	
4.63624	1	1844206	1844206	0	
4.63624	1	1845440	1845440	0	
4.63871	1	1845650	1845650	0	
4.63871	1	1846900	1846900	0	
4.64118	1	1847094	1847094	0	
4.64118	1	1848360	1848360	0	
4.64364	1	1848538	1848538	0	
4.64364	1	1849820	1849820	0	
4.64611	1	1849982	1849982	0	
4.64611	1	1851280	1851280	0	
4.64859	1	1851426	1851426	0	
4.64859	1	1852740	1852740	0	
4.65116	1	1852870	1852870	0	
4.65116	1	1854200	1854200	0	
4.65362	1	1854314	1854314	0	
4.65362	1	1855660	1855660	0	
4.65456	1	1855758	1857202	0	
4.65456	1	1855758	1858580	1378	
4.65609	1	1855758	1855758	1444	
4.65609	1	1857120	1857120	1444	
4.65703	1	1858646	1858646	0	
4.65703	1	1860040	1860040	0	
4.65959	1	1860090	1860090	0	
4.65959	1	1861500	1861500	0	
4.66206	1	1861534	1861534	0	
4.66206	1	1862960	1862960	0	
4.66453	1	1862978	1862978	0	
4.66453	1	1864420	1864420	0	
4.667	1	1864422	1864422	0	
4.66947	1	1865874	1865874	0	
4.66947	1	1865880	1865880	0	
4.67204	1	1867319	1867319	0	
4.67204	1	1867340	1867340	0	
4.67451	1	1868764	1868764	0	
4.67451	1	1868800	1868800	0	
4.67697	1	1870209	1870209	0	
4.67697	1	1870260	1870260	0	
4.67944	1	1871654	1871654	0	
4.67944	1	1871720	1871720	0	
4.68191	1	1873098	1873098	0	
4.68191	1	1873180	1873180	0	
4.68438	1	1874542	1874542	0	
4.68438	1	1874640	1874640	0	
4.68685	1	1875986	1875986	0	
4.68685	1	1876100	1876100	0	
4.68932	1	1877430	1877430	0	
4.68932	1	1877560	1877560	0	
4.69189	1	1878874	1878874	0	
4.69189	1	1879020	1879020	0	
4.69436	1	1880318	1880318	0	
4.69436	1	1880480	1880480	0	
4.69683	1	1881762	1881762	0	
4.69683	1	1881940	1881940	0	
4.6993	1	1883206	1883206	0	
4.6993	1	1883400	1883400	0	
4.70177	1	1884650	1884650	0	
4.70177	1	1884860	1884860	0	
4.70433	1	1886094	1886094	0	
4.70433	1	1886320	1886320	0	
4.7068	1	1887538	1887538	0	
4.7068	1	1887780	1887780	0	
4.70927	1	1888982	1888982	0	
4.70927	1	1889240	1889240	0	
4.71174	1	1890426	1890426	0	
4.71174	1	1890700	1890700	0	
4.71421	1	1891870	1891870	0	
4.71421	1	1892160	1892160	0	
4.71668	1	1893314	1893314	0	
4.71668	1	1893620	1893620	0	
4.71915	1	1894758	1894758	0	
4.71915	1	1895080	1895080	0	
4.72162	1	1896202	1896202	0	
4.72162	1	1896540	1896540	0	
4.72419	1	1897646	1897646	0	
4.72419	1	1898000	1898000	0	
4.72665	1	1899090	1899090	0	
4.72665	1	1899460	1899460	0	
4.72912	1	1900534	1900534	0	
4.72912	1	1900920	1900920	0	
4.73159	1	1901978	1901978	0	
4.73159	1	1902380	1902380	0	
4.73406	1	1903422	1903422	0	
4.73406	1	1903840	1903840	0	
4.73663	1	1904866	1904866	0	
4.73663	1	1905300	1905300	0	
4.7391	1	1906310	1906310	0	
4.7391	1	1906760	1906760	0	
4.74157	1	1907754	1907754	0	
4.74157	1	1908220	1908220	0	
4.74404	1	1909198	1909198	0	
4.74404	1	1909680	1909680	0	
4.74651	1	1910642	1910642	0	
4.74651	1	1911140	1911140	0	
4.74907	1	1912086	1912086	0	
4.74907	1	1912600	1912600	0	
4.75349	1	1913530	1913530	0	
4.75349	1	1914060	1914060	0	
4.75601	1	1914974	1914974	0	
4.75601	1	1915520	1915520	0	
4.75848	1	1916418	1916418	0	
4.75848	1	1916980	1916980	0	
4.76095	1	1917862	1917862	0	
4.76095	1	1918440	1918440	0	
4.76343	1	1919306	1919306	0	
4.76343	1	1919900	1919900	0	
4.76589	1	1920750	1920750	0	
4.76589	1	1921360	1921360	0	
4.76836	1	1922194	1922194	0	
4.76836	1	1922820	1922820	0	
4.77093	1	1923638	1923638	0	
4.77093	1	1924280	1924280	0	
4.7734	1	1925082	1925082	0	
4.7734	1	1925740	1925740	0	
4.77587	1	1926526	1926526	0	
4.77587	1	1927200	1927200	0	
4.77833	1	1927970	1927970	0	
4.77833	1	1928660	1928660	0	
4.7808	1	1929414	1929414	0	
4.7808	1	1930120	1930120	0	
4.78337	1	1930858	1930858	0	
4.78337	1	1931580	1931580	0	
4.78584	1	1932302	1932302	0	
4.78584	1	1933040	1933040	0	
4.78831	1	1933746	1933746	0	
4.78831	1	1934500	1934500	0	
4.79078	1	1935190	1935190	0	
4.79078	1	1935960	1935960	0	
4.79325	1	1936634	1936634	0	
4.79325	1	1937420	1937420	0	
4.79572	1	1938078	1938078	0	
4.79572	1	1938880	1938880	0	
4.79819	1	1939522	1939522	0	
4.79819	1	1940340	1940340	0	
4.80066	1	1940966	1940966	0	
4.80066	1	1941800	1941800	0	
4.80322	1	1942410	1942410	0	
4.80322	1	1943260	1943260	0	
4.80569	1	1943854	1943854	0	
4.80569	1	1944720	1944720	0	
4.80816	1	1945298	1945298	0	
4.80816	1	1946180	1946180	0	
4.81064	1	1946742	1946742	0	
4.81064	1	1947640	1947640	0	
4.81311	1	1948186	1948186	0	
4.81311	1	1949100	1949100	0	
4.81567	1	1949630	1949630	0	
4.81567	1	1950560	1950560	0	
4.81814	1	1951074	1951074	0	
4.81814	1	1952020	1952020	0	
4.82061	1	1952518	1952518	0	
4.82061	1	1953480	1953480	0	
4.82308	1	1953962	1953962	0	
4.82308	1	1954940	1954940	0	
4.82555	1	1955406	1955406	0	
4.82555	1	1956400	1956400	0	
4.82801	1	1956850	1956850	0	
4.82801	1	1957860	1957860	0	
4.83048	1	1958294	1958294	0	
4.83048	1	1959320	1959320	0	
4.83295	1	1959738	1959738	0	
4.83295	1	1960780	1960780	0	
4.83552	1	1961182	1961182	0	
4.83552	1	1962240	1962240	0	
4.83799	1	1962626	1962626	0	
4.83799	1	1963700	1963700	0	
4.84046	1	1964070	1964070	0	
4.84046	1	1965160	1965160	0	
4.84293	1	1965514	1965514	0	
4.84293	1	1966620	1966620	0	
4.8454	1	1966958	1966958	0	
4.8454	1	1968080	1968080	0	
4.84796	1	1968402	1968402	0	
4.84796	1	1969540	1969540	0	
4.85043	1	1969846	1969846	0	
4.85043	1	1971000	1971000	0	
4.85485	1	1971290	1971290	0	
4.85485	1	1972460	1972460	0	
4.85737	1	1972734	1972734	0	
4.85737	1	1973920	1973920	0	
4.85985	1	1974178	1974178	0	
4.85985	1	1975380	1975380	0	
4.86241	1	1975622	1975622	0	
4.86241	1	1976840	1976840	0	
4.86488	1	1977066	1977066	0	
4.86488	1	1978300	1978300	0	
4.86735	1	1978510	1978510	0	
4.86735	1	1979760	1979760	0	
4.86982	1	1979954	1979954	0	
4.86982	1	1981220	1981220	0	
4.87229	1	1981398	1981398	0	
4.87229	1	1982680	1982680	0	
4.87476	1	1982842	1982842	0	
4.87476	1	1984140	1984140	0	
4.87723	1	1984286	1984286	0	
4.87723	1	1985600	1985600	0	
4.87969	1	1985730	1985730	0	
4.87969	1	1987060	1987060	0	
4.88227	1	1987174	1987174	0	
4.88227	1	1988520	1988520	0	
4.88474	1	1988618	1988618	0	
4.88474	1	1989980	1989980	0	
4.8872	1	1990062	1990062	0	
4.8872	1	1991440	1991440	0	
4.88967	1	1991506	1991506	0	
4.88967	1	1992900	1992900	0	
4.89214	1	1992950	1992950	0	
4.89214	1	1994360	1994360	0	
4.89461	1	1994394	1994394	0	
4.89461	1	1995820	1995820	0	
4.89717	1	1995838	1995838	0	
4.89717	1	1997280	1997280	0	
4.89964	1	1997282	1997282	0	
4.90211	1	1998734	1998734	0	
4.90211	1	1998740	1998740	0	
4.90458	1	2000179	2000179	0	
4.90458	1	2000200	2000200	0	
4.90705	1	2001624	2001624	0	
4.90705	1	2001660	2001660	0	
4.90952	1	2003069	2003069	0	
4.90952	1	2003120	2003120	0	
4.91199	1	2004514	2004514	0	
4.91199	1	2004580	2004580	0	
4.91446	1	2005958	2005958	0	
4.91446	1	2006040	2006040	0	
4.91702	1	2007402	2007402	0	
4.91702	1	2007500	2007500	0	
4.91949	1	2008846	2008846	0	
4.91949	1	2008960	2008960	0	
4.92196	1	2010290	2010290	0	
4.92196	1	2010420	2010420	0	
4.92443	1	2011734	2011734	0	
4.92443	1	2011880	2011880	0	
4.9269	1	2013178	2013178	0	
4.9269	1	2013340	2013340	0	
4.92947	1	2014622	2014622	0	
4.92947	1	2014800	2014800	0	
4.93194	1	2016066	2016066	0	
4.93194	1	2016260	2016260	0	
4.93441	1	2017510	2017510	0	
4.93441	1	2017720	2017720	0	
4.93688	1	2018954	2018954	0	
4.93688	1	2019180	2019180	0	
4.93935	1	2020398	2020398	0	
4.93935	1	2020640	2020640	0	
4.94182	1	2021842	2021842	0	
4.94182	1	2022100	2022100	0	
4.94428	1	2023286	2023286	0	
4.94428	1	2023560	2023560	0	
4.94675	1	2024730	2024730	0	
4.94675	1	2025020	2025020	0	
4.94932	1	2026174	2026174	0	
4.94932	1	2026480	2026480	0	
4.95179	1	2027618	2027618	0	
4.95179	1	2027940	2027940	0	
4.95426	1	2029062	2029062	0	
4.95426	1	2029400	2029400	0	
4.95573	1	2030506	2030506	0	
4.95573	1	2030860	2030860	0	
4.9582	1	2031950	2031950	0	
4.9582	1	2032320	2032320	0	
4.96077	1	2033394	2033394	0	
4.96077	1	2033780	2033780	0	
4.96324	1	2034838	2034838	0	
4.96324	1	2035240	2035240	0	
4.9657	1	2036282	2036282	0	
4.9657	1	2036700	2036700	0	
4.96817	1	2037726	2037726	0	
4.96817	1	2038160	2038160	0	
4.97064	1	2039170	2039170	0	
4.97064	1	2039620	2039620	0	
4.97321	1	2040614	2040614	0	
4.97321	1	2041080	2041080	0	
4.97568	1	2042058	2042058	0	
4.97568	1	2042540	2042540	0	
4.97815	1	2043502	2043502	0	
4.97815	1	2044000	2044000	0	
4.98062	1	2044946	2044946	0	
4.98062	1	2045460	2045460	0	
4.98309	1	2046390	2046390	0	
4.98309	1	2046920	2046920	0	
4.98556	1	2047834	2047834	0	
4.98556	1	2048380	2048380	0	
4.98803	1	2049278	2049278	0	
4.98803	1	2049840	2049840	0	
4.9905	1	2050722	2050722	0	
4.9905	1	2051300	2051300	0	
4.99306	1	2052166	2052166	0	
4.99306	1	2052760	2052760	0	
4.99553	1	2053610	2053610	0	
4.99553	1	2054220	2054220	0	
4.998	1	2055054	2055054	0	
4.998	1	2055680	2055680	0	
5.00048	1	2056498	2056498	0	
5.00048	1	2057140	2057140	0	
5.00294	1	2057942	2057942	0	
5.00294	1	2058600	2058600	0	
5.00551	1	2059386	2059386	0	
5.00551	1	2060060	2060060	0	
5.00798	1	2060830	2060830	0	
5.00798	1	2061520	2061520	0	
5.01045	1	2062274	2062274	0	
5.01045	1	2062980	2062980	0	
5.01292	1	2063718	2063718	0	
5.01292	1	2064440	2064440	0	
5.01538	1	2065162	2065162	0	
5.01538	1	2065900	2065900	0	
5.01785	1	2066606	2066606	0	
5.01785	1	2067360	2067360	0	
5.02032	1	2068050	2068050	0	
5.02032	1	2068820	2068820	0	
5.02279	1	2069494	2069494	0	
5.02279	1	2070280	2070280	0	
5.02536	1	2070938	2070938	0	
5.02536	1	2071740	2071740	0	
5.02783	1	2072382	2072382	0	
5.02783	1	2073200	2073200	0	
5.0303	1	2073826	2073826	0	
5.0303	1	2074660	2074660	0	
5.03277	1	2075270	2075270	0	
5.03277	1	2076120	2076120	0	
5.03524	1	2076714	2076714	0	
5.03524	1	2077580	2077580	0	
5.0378	1	2078158	2078158	0	
5.0378	1	2079040	2079040	0	
5.04027	1	2079602	2079602	0	
5.04027	1	2080500	2080500	0	
5.04274	1	2081046	2081046	0	
5.04274	1	2081960	2081960	0	
5.04521	1	2082490	2082490	0	
5.04521	1	2083420	2083420	0	
5.04769	1	2083934	2083934	0	
5.04769	1	2084880	2084880	0	
5.05016	1	2085378	2085378	0	
5.05016	1	2086340	2086340	0	
5.05262	1	2086822	2086822	0	
5.05262	1	2087800	2087800	0	
5.05509	1	2088266	2088266	0	
5.05509	1	2089260	2089260	0	
5.05666	1	2089710	2089710	0	
5.05666	1	2090720	2090720	0	
5.05913	1	2091154	2091154	0	
5.05913	1	2092180	2092180	0	
5.0616	1	2092598	2092598	0	
5.0616	1	2093640	2093640	0	
5.06406	1	2094042	2094042	0	
5.06406	1	2095100	2095100	0	
5.06653	1	2095486	2095486	0	
5.06653	1	2096560	2096560	0	
5.06911	1	2096930	2096930	0	
5.06911	1	2098020	2098020	0	
5.07157	1	2098374	2098374	0	
5.07157	1	2099480	2099480	0	
5.07404	1	2099818	2099818	0	
5.07404	1	2100940	2100940	0	
5.07651	1	2101262	2101262	0	
5.07651	1	2102400	2102400	0	
5.07898	1	2102706	2102706	0	
5.07898	1	2103860	2103860	0	
5.08155	1	2104150	2104150	0	
5.08155	1	2105320	2105320	0	
5.08401	1	2105594	2105594	0	
5.08401	1	2106780	2106780	0	
5.08648	1	2107038	2107038	0	
5.08648	1	2108240	2108240	0	
5.08895	1	2108482	2108482	0	
5.08895	1	2109700	2109700	0	
5.09142	1	2109926	2109926	0	
5.09142	1	2111160	2111160	0	
5.0939	1	2111370	2111370	0	
5.0939	1	2112620	2112620	0	
5.09637	1	2112814	2112814	0	
5.09637	1	2114080	2114080	0	
5.09884	1	2114258	2114258	0	
5.09884	1	2115540	2115540	0	
5.1014	1	2115702	2115702	0	
5.1014	1	2117000	2117000	0	
5.10387	1	2117146	2117146	0	
5.10387	1	2118460	2118460	0	
5.10634	1	2118590	2118590	0	
5.10634	1	2119920	2119920	0	
5.10881	1	2120034	2120034	0	
5.10881	1	2121380	2121380	0	
5.11128	1	2121478	2121478	0	
5.11128	1	2122840	2122840	0	
5.11384	1	2122922	2122922	0	
5.11384	1	2124300	2124300	0	
5.11632	1	2124366	2124366	0	
5.11632	1	2125760	2125760	0	
5.11878	1	2125810	2125810	0	
5.11878	1	2127220	2127220	0	
5.12125	1	2127254	2127254	0	
5.12125	1	2128680	2128680	0	
5.12372	1	2128698	2128698	0	
5.12372	1	2130140	2130140	0	
5.12619	1	2130142	2130142	0	
5.12865	1	2131594	2131594	0	
5.12865	1	2131600	2131600	0	
5.13112	1	2133039	2133039	0	
5.13112	1	2133060	2133060	0	
5.13369	1	2134484	2134484	0	
5.13369	1	2134520	2134520	0	
5.13616	1	2135929	2135929	0	
5.13616	1	2135980	2135980	0	
5.13863	1	2137374	2137374	0	
5.13863	1	2137440	2137440	0	
5.1411	1	2138818	2138818	0	
5.1411	1	2138900	2138900	0	
5.14357	1	2140262	2140262	0	
5.14357	1	2140360	2140360	0	
5.14614	1	2141706	2141706	0	
5.14614	1	2141820	2141820	0	
5.1486	1	2143150	2143150	0	
5.1486	1	2143280	2143280	0	
5.15107	1	2144594	2144594	0	
5.15107	1	2144740	2144740	0	
5.15449	1	2146038	2146038	0	
5.15449	1	2146200	2146200	0	
5.15701	1	2147482	2147482	0	
5.15701	1	2147660	2147660	0	
5.15958	1	2148926	2148926	0	
5.15958	1	2149120	2149120	0	
5.16205	1	2150370	2150370	0	
5.16205	1	2150580	2150580	0	
5.16452	1	2151814	2151814	0	
5.16452	1	2152040	2152040	0	
5.16699	1	2153258	2153258	0	
5.16699	1	2153500	2153500	0	
5.16946	1	2154702	2154702	0	
5.16946	1	2154960	2154960	0	
5.17193	1	2156146	2156146	0	
5.17193	1	2156420	2156420	0	
5.1744	1	2157590	2157590	0	
5.1744	1	2157880	2157880	0	
5.17687	1	2159034	2159034	0	
5.17687	1	2159340	2159340	0	
5.17943	1	2160478	2160478	0	
5.17943	1	2160800	2160800	0	
5.1819	1	2161922	2161922	0	
5.1819	1	2162260	2162260	0	
5.18437	1	2163366	2163366	0	
5.18437	1	2163720	2163720	0	
5.18684	1	2164810	2164810	0	
5.18684	1	2165180	2165180	0	
5.18931	1	2166254	2166254	0	
5.18931	1	2166640	2166640	0	
5.19188	1	2167698	2167698	0	
5.19188	1	2168100	2168100	0	
5.19435	1	2169142	2169142	0	
5.19435	1	2169560	2169560	0	
5.19682	1	2170586	2170586	0	
5.19682	1	2171020	2171020	0	
5.19928	1	2172030	2172030	0	
5.19928	1	2172480	2172480	0	
5.20175	1	2173474	2173474	0	
5.20175	1	2173940	2173940	0	
5.20422	1	2174918	2174918	0	
5.20422	1	2175400	2175400	0	
5.20669	1	2176362	2176362	0	
5.20669	1	2176860	2176860	0	
5.20916	1	2177806	2177806	0	
5.20916	1	2178320	2178320	0	
5.21173	1	2179250	2179250	0	
5.21173	1	2179780	2179780	0	
5.2142	1	2180694	2180694	0	
5.2142	1	2181240	2181240	0	
5.21667	1	2182138	2182138	0	
5.21667	1	2182700	2182700	0	
5.21914	1	2183582	2183582	0	
5.21914	1	2184160	2184160	0	
5.22161	1	2185026	2185026	0	
5.22161	1	2185620	2185620	0	
5.22417	1	2186470	2186470	0	
5.22417	1	2187080	2187080	0	
5.22664	1	2187914	2187914	0	
5.22664	1	2188540	2188540	0	
5.22911	1	2189358	2189358	0	
5.22911	1	2190000	2190000	0	
5.23158	1	2190802	2190802	0	
5.23158	1	2191460	2191460	0	
5.23405	1	2192246	2192246	0	
5.23405	1	2192920	2192920	0	
5.23652	1	2193690	2193690	0	
5.23652	1	2194380	2194380	0	
5.23899	1	2195134	2195134	0	
5.23899	1	2195840	2195840	0	
5.24146	1	2196578	2196578	0	
5.24146	1	2197300	2197300	0	
5.24393	1	2198022	2198022	0	
5.24393	1	2198760	2198760	0	
5.2465	1	2199466	2199466	0	
5.2465	1	2200220	2200220	0	
5.24896	1	2200910	2200910	0	
5.24896	1	2201680	2201680	0	
5.25143	1	2202354	2202354	0	
5.25143	1	2203140	2203140	0	
5.2539	1	2203798	2203798	0	
5.2539	1	2204600	2204600	0	
5.25637	1	2205242	2205242	0	
5.25637	1	2206060	2206060	0	
5.25894	1	2206686	2206686	0	
5.25894	1	2207520	2207520	0	
5.26141	1	2208130	2208130	0	
5.26141	1	2208980	2208980	0	
5.26388	1	2209574	2209574	0	
5.26388	1	2210440	2210440	0	
5.26635	1	2211018	2211018	0	
5.26635	1	2211900	2211900	0	
5.26882	1	2212462	2212462	0	
5.26882	1	2213360	2213360	0	
5.27138	1	2213906	2213906	0	
5.27138	1	2214820	2214820	0	
5.27385	1	2215350	2215350	0	
5.27385	1	2216280	2216280	0	
5.27632	1	2216794	2216794	0	
5.27632	1	2217740	2217740	0	
5.27879	1	2218238	2218238	0	
5.27879	1	2219200	2219200	0	
5.28126	1	2219682	2219682	0	
5.28126	1	2220660	2220660	0	
5.28374	1	2221126	2221126	0	
5.28374	1	2222120	2222120	0	
5.2862	1	2222570	2222570	0	
5.2862	1	2223580	2223580	0	
5.28867	1	2224014	2224014	0	
5.28867	1	2225040	2225040	0	
5.29124	1	2225458	2225458	0	
5.29124	1	2226500	2226500	0	
5.29371	1	2226902	2226902	0	
5.29371	1	2227960	2227960	0	
5.29618	1	2228346	2228346	0	
5.29618	1	2229420	2229420	0	
5.29864	1	2229790	2229790	0	
5.29864	1	2230880	2230880	0	
5.30111	1	2231234	2231234	0	
5.30111	1	2232340	2232340	0	
5.30368	1	2232678	2232678	0	
5.30368	1	2233800	2233800	0	
5.30616	1	2234122	2234122	0	
5.30616	1	2235260	2235260	0	
5.30862	1	2235566	2235566	0	
5.30862	1	2236720	2236720	0	
5.31109	1	2237010	2237010	0	
5.31109	1	2238180	2238180	0	
5.31356	1	2238454	2238454	0	
5.31356	1	2239640	2239640	0	
5.31603	1	2239898	2239898	0	
5.31603	1	2241100	2241100	0	
5.3185	1	2241342	2241342	0	
5.3185	1	2242560	2242560	0	
5.32097	1	2242786	2242786	0	
5.32097	1	2244020	2244020	0	
5.32353	1	2244230	2244230	0	
5.32353	1	2245480	2245480	0	
5.326	1	2245674	2245674	0	
5.326	1	2246940	2246940	0	
5.32847	1	2247118	2247118	0	
5.32847	1	2248400	2248400	0	
5.33095	1	2248562	2248562	0	
5.33095	1	2249860	2249860	0	
5.33342	1	2250006	2250006	0	
5.33342	1	2251320	2251320	0	
5.33598	1	2251450	2251450	0	
5.33598	1	2252780	2252780	0	
5.33845	1	2252894	2252894	0	
5.33845	1	2254240	2254240	0	
5.34092	1	2254338	2254338	0	
5.34092	1	2255700	2255700	0	
5.34339	1	2255782	2255782	0	
5.34339	1	2257160	2257160	0	
5.34586	1	2257226	2257226	0	
5.34586	1	2258620	2258620	0	
5.34832	1	2258670	2258670	0	
5.34832	1	2260080	2260080	0	
5.35079	1	2260114	2260114	0	
5.35079	1	2261540	2261540	0	
5.35325	1	2261558	2261558	0	
5.35325	1	2263000	2263000	0	
5.35383	1	2263002	2263002	0	
5.3563	1	2264454	2264454	0	
5.3563	1	2264460	2264460	0	
5.35877	1	2265899	2265899	0	
5.35877	1	2265920	2265920	0	
5.36124	1	2267344	2267344	0	
5.36124	1	2267380	2267380	0	
5.3637	1	2268789	2268789	0	
5.3637	1	2268840	2268840	0	
5.36627	1	2270234	2270234	0	
5.36627	1	2270300	2270300	0	
5.36874	1	2271678	2271678	0	
5.36874	1	2271760	2271760	0	
5.37121	1	2273122	2273122	0	
5.37121	1	2273220	2273220	0	
5.37368	1	2274566	2274566	0	
5.37368	1	2274680	2274680	0	
5.37615	1	2276010	2276010	0	
5.37615	1	2276140	2276140	0	
5.37862	1	2277454	2277454	0	
5.37862	1	2277600	2277600	0	
5.38119	1	2278898	2278898	0	
5.38119	1	2279060	2279060	0	
5.38365	1	2280342	2280342	0	
5.38365	1	2280520	2280520	0	
5.38612	1	2281786	2281786	0	
5.38612	1	2281980	2281980	0	
5.38859	1	2283230	2283230	0	
5.38859	1	2283440	2283440	0	
5.39106	1	2284674	2284674	0	
5.39106	1	2284900	2284900	0	
5.39353	1	2286118	2286118	0	
5.39353	1	2286360	2286360	0	
5.396	1	2287562	2287562	0	
5.396	1	2287820	2287820	0	
5.39857	1	2289006	2289006	0	
5.39857	1	2289280	2289280	0	
5.40104	1	2290450	2290450	0	
5.40104	1	2290740	2290740	0	
5.40351	1	2291894	2291894	0	
5.40351	1	2292200	2292200	0	
5.40598	1	2293338	2293338	0	
5.40598	1	2293660	2293660	0	
5.40845	1	2294782	2294782	0	
5.40845	1	2295120	2295120	0	
5.41101	1	2296226	2296226	0	
5.41101	1	2296580	2296580	0	
5.41348	1	2297670	2297670	0	
5.41348	1	2298040	2298040	0	
5.41595	1	2299114	2299114	0	
5.41595	1	2299500	2299500	0	
5.41842	1	2300558	2300558	0	
5.41842	1	2300960	2300960	0	
5.42089	1	2302002	2302002	0	
5.42089	1	2302420	2302420	0	
5.42336	1	2303446	2303446	0	
5.42336	1	2303880	2303880	0	
5.42583	1	2304890	2304890	0	
5.42583	1	2305340	2305340	0	
5.4283	1	2306334	2306334	0	
5.4283	1	2306800	2306800	0	
5.43087	1	2307778	2307778	0	
5.43087	1	2308260	2308260	0	
5.43333	1	2309222	2309222	0	
5.43333	1	2309720	2309720	0	
5.4358	1	2310666	2310666	0	
5.4358	1	2311180	2311180	0	
5.43827	1	2312110	2312110	0	
5.43827	1	2312640	2312640	0	
5.44074	1	2313554	2313554	0	
5.44074	1	2314100	2314100	0	
5.44331	1	2314998	2314998	0	
5.44331	1	2315560	2315560	0	
5.44578	1	2316442	2316442	0	
5.44578	1	2317020	2317020	0	
5.44825	1	2317886	2317886	0	
5.44825	1	2318480	2318480	0	
5.45072	1	2319330	2319330	0	
5.45072	1	2319940	2319940	0	
5.45319	1	2320774	2320774	0	
5.45319	1	2321400	2321400	0	
5.45466	1	2322218	2322218	0	
5.45466	1	2322860	2322860	0	
5.45713	1	2323662	2323662	0	
5.45713	1	2324320	2324320	0	
5.4596	1	2325106	2325106	0	
5.4596	1	2325780	2325780	0	
5.46216	1	2326550	2326550	0	
5.46216	1	2327240	2327240	0	
5.46463	1	2327994	2327994	0	
5.46463	1	2328700	2328700	0	
5.4671	1	2329438	2329438	0	
5.4671	1	2330160	2330160	0	
5.46957	1	2330882	2330882	0	
5.46957	1	2331620	2331620	0	
5.47204	1	2332326	2332326	0	
5.47204	1	2333080	2333080	0	
5.47461	1	2333770	2333770	0	
5.47461	1	2334540	2334540	0	
5.47708	1	2335214	2335214	0	
5.47708	1	2336000	2336000	0	
5.47955	1	2336658	2336658	0	
5.47955	1	2337460	2337460	0	
5.48201	1	2338102	2338102	0	
5.48201	1	2338920	2338920	0	
5.48448	1	2339546	2339546	0	
5.48448	1	2340380	2340380	0	
5.48705	1	2340990	2340990	0	
5.48705	1	2341840	2341840	0	
5.48952	1	2342434	2342434	0	
5.48952	1	2343300	2343300	0	
5.49199	1	2343878	2343878	0	
5.49199	1	2344760	2344760	0	
5.49446	1	2345322	2345322	0	
5.49446	1	2346220	2346220	0	
5.49693	1	2346766	2346766	0	
5.49693	1	2347680	2347680	0	
5.4994	1	2348210	2348210	0	
5.4994	1	2349140	2349140	0	
5.50187	1	2349654	2349654	0	
5.50187	1	2350600	2350600	0	
5.50434	1	2351098	2351098	0	
5.50434	1	2352060	2352060	0	
5.5069	1	2352542	2352542	0	
5.5069	1	2353520	2353520	0	
5.50937	1	2353986	2353986	0	
5.50937	1	2354980	2354980	0	
5.51184	1	2355430	2355430	0	
5.51184	1	2356440	2356440	0	
5.51431	1	2356874	2356874	0	
5.51431	1	2357900	2357900	0	
5.51679	1	2358318	2358318	0	
5.51679	1	2359360	2359360	0	
5.51935	1	2359762	2359762	0	
5.51935	1	2360820	2360820	0	
5.52182	1	2361206	2361206	0	
5.52182	1	2362280	2362280	0	
5.52429	1	2362650	2362650	0	
5.52429	1	2363740	2363740	0	
5.52676	1	2364094	2364094	0	
5.52676	1	2365200	2365200	0	
5.52923	1	2365538	2365538	0	
5.52923	1	2366660	2366660	0	
5.53169	1	2366982	2366982	0	
5.53169	1	2368120	2368120	0	
5.53416	1	2368426	2368426	0	
5.53416	1	2369580	2369580	0	
5.53663	1	2369870	2369870	0	
5.53663	1	2371040	2371040	0	
5.5392	1	2371314	2371314	0	
5.5392	1	2372500	2372500	0	
5.54167	1	2372758	2372758	0	
5.54167	1	2373960	2373960	0	
5.54414	1	2374202	2374202	0	
5.54414	1	2375420	2375420	0	
5.54661	1	2375646	2375646	0	
5.54661	1	2376880	2376880	0	
5.54908	1	2377090	2377090	0	
5.54908	1	2378340	2378340	0	
5.55559	1	2378534	2378534	0	
5.55559	1	2379800	2379800	0	
5.55811	1	2379978	2379978	0	
5.55811	1	2381260	2381260	0	
5.56058	1	2381422	2381422	0	
5.56058	1	2382720	2382720	0	
5.56305	1	2382866	2382866	0	
5.56305	1	2384180	2384180	0	
5.56552	1	2384310	2384310	0	
5.56552	1	2385640	2385640	0	
5.568	1	2385754	2385754	0	
5.568	1	2387100	2387100	0	
5.57047	1	2387198	2387198	0	
5.57047	1	2388560	2388560	0	
5.57293	1	2388642	2388642	0	
5.57293	1	2390020	2390020	0	
5.5755	1	2390086	2390086	0	
5.5755	1	2391480	2391480	0	
5.57797	1	2391530	2391530	0	
5.57797	1	2392940	2392940	0	
5.58043	1	2392974	2392974	0	
5.58043	1	2394400	2394400	0	
5.5829	1	2394418	2394418	0	
5.5829	1	2395860	2395860	0	
5.58537	1	2395862	2395862	0	
5.58793	1	2397314	2397314	0	
5.58793	1	2397320	2397320	0	
5.59041	1	2398759	2398759	0	
5.59041	1	2398780	2398780	0	
5.59288	1	2400204	2400204	0	
5.59288	1	2400240	2400240	0	
5.59535	1	2401649	2401649	0	
5.59535	1	2401700	2401700	0	
5.59782	1	2403094	2403094	0	
5.59782	1	2403160	2403160	0	
5.60028	1	2404538	2404538	0	
5.60028	1	2404620	2404620	0	
5.60285	1	2405982	2405982	0	
5.60285	1	2406080	2406080	0	
5.60532	1	2407426	2407426	0	
5.60532	1	2407540	2407540	0	
5.60779	1	2408870	2408870	0	
5.60779	1	2409000	2409000	0	
5.61026	1	2410314	2410314	0	
5.61026	1	2410460	2410460	0	
5.61273	1	2411758	2411758	0	
5.61273	1	2411920	2411920	0	
5.6152	1	2413202	2413202	0	
5.6152	1	2413380	2413380	0	
5.61767	1	2414646	2414646	0	
5.61767	1	2414840	2414840	0	
5.62014	1	2416090	2416090	0	
5.62014	1	2416300	2416300	0	
5.6227	1	2417534	2417534	0	
5.6227	1	2417760	2417760	0	
5.62517	1	2418978	2418978	0	
5.62517	1	2419220	2419220	0	
5.62764	1	2420422	2420422	0	
5.62764	1	2420680	2420680	0	
5.63011	1	2421866	2421866	0	
5.63011	1	2422140	2422140	0	
5.63258	1	2423310	2423310	0	
5.63258	1	2423600	2423600	0	
5.63514	1	2424754	2424754	0	
5.63514	1	2425060	2425060	0	
5.63762	1	2426198	2426198	0	
5.63762	1	2426520	2426520	0	
5.64009	1	2427642	2427642	0	
5.64009	1	2427980	2427980	0	
5.64256	1	2429086	2429086	0	
5.64256	1	2429440	2429440	0	
5.64503	1	2430530	2430530	0	
5.64503	1	2430900	2430900	0	
5.6475	1	2431974	2431974	0	
5.6475	1	2432360	2432360	0	
5.64996	1	2433418	2433418	0	
5.64996	1	2433820	2433820	0	
5.65243	1	2434862	2434862	0	
5.65243	1	2435280	2435280	0	
5.65447	1	2436306	2437750	0	
5.65447	1	2436306	2438200	450	
5.655	1	2436306	2436306	1444	
5.655	1	2436740	2436740	1444	
5.65694	1	2439194	2439194	0	
5.65694	1	2439660	2439660	0	
5.65941	1	2440638	2440638	0	
5.65941	1	2441120	2441120	0	
5.66188	1	2442082	2442082	0	
5.66188	1	2442580	2442580	0	
5.66445	1	2443526	2443526	0	
5.66445	1	2444040	2444040	0	
5.66692	1	2444970	2444970	0	
5.66692	1	2445500	2445500	0	
5.66938	1	2446414	2446414	0	
5.66938	1	2446960	2446960	0	
5.67185	1	2447858	2447858	0	
5.67185	1	2448420	2448420	0	
5.67432	1	2449302	2449302	0	
5.67432	1	2449880	2449880	0	
5.67679	1	2450746	2450746	0	
5.67679	1	2451340	2451340	0	
5.67936	1	2452190	2452190	0	
5.67936	1	2452800	2452800	0	
5.68183	1	2453634	2453634	0	
5.68183	1	2454260	2454260	0	
5.6843	1	2455078	2455078	0	
5.6843	1	2455720	2455720	0	
5.68677	1	2456522	2456522	0	
5.68677	1	2457180	2457180	0	
5.68924	1	2457966	2457966	0	
5.68924	1	2458640	2458640	0	
5.69171	1	2459410	2459410	0	
5.69171	1	2460100	2460100	0	
5.69418	1	2460854	2460854	0	
5.69418	1	2461560	2461560	0	
5.69674	1	2462298	2462298	0	
5.69674	1	2463020	2463020	0	
5.69921	1	2463742	2463742	0	
5.69921	1	2464480	2464480	0	
5.70168	1	2465186	2465186	0	
5.70168	1	2465940	2465940	0	
5.70415	1	2466630	2466630	0	
5.70415	1	2467400	2467400	0	
5.70662	1	2468074	2468074	0	
5.70662	1	2468860	2468860	0	
5.70909	1	2469518	2469518	0	
5.70909	1	2470320	2470320	0	
5.71166	1	2470962	2470962	0	
5.71166	1	2471780	2471780	0	
5.71413	1	2472406	2472406	0	
5.71413	1	2473240	2473240	0	
5.7166	1	2473850	2473850	0	
5.7166	1	2474700	2474700	0	
5.71906	1	2475294	2475294	0	
5.71906	1	2476160	2476160	0	
5.72153	1	2476738	2476738	0	
5.72153	1	2477620	2477620	0	
5.724	1	2478182	2478182	0	
5.724	1	2479080	2479080	0	
5.72647	1	2479626	2479626	0	
5.72647	1	2480540	2480540	0	
5.72904	1	2481070	2481070	0	
5.72904	1	2482000	2482000	0	
5.73151	1	2482514	2482514	0	
5.73151	1	2483460	2483460	0	
5.73398	1	2483958	2483958	0	
5.73398	1	2484920	2484920	0	
5.73645	1	2485402	2485402	0	
5.73645	1	2486380	2486380	0	
5.73892	1	2486846	2486846	0	
5.73892	1	2487840	2487840	0	
5.74148	1	2488290	2488290	0	
5.74148	1	2489300	2489300	0	
5.74395	1	2489734	2489734	0	
5.74395	1	2490760	2490760	0	
5.74642	1	2491178	2491178	0	
5.74642	1	2492220	2492220	0	
5.74889	1	2492622	2492622	0	
5.74889	1	2493680	2493680	0	
5.75136	1	2494066	2494066	0	
5.75136	1	2495140	2495140	0	
5.75284	1	2495510	2495510	0	
5.75284	1	2496600	2496600	0	
5.7553	1	2496954	2496954	0	
5.7553	1	2498060	2498060	0	
5.75777	1	2498398	2498398	0	
5.75777	1	2499520	2499520	0	
5.76034	1	2499842	2499842	0	
5.76034	1	2500980	2500980	0	
5.76281	1	2501286	2501286	0	
5.76281	1	2502440	2502440	0	
5.76528	1	2502730	2502730	0	
5.76528	1	2503900	2503900	0	
5.76774	1	2504174	2504174	0	
5.76774	1	2505360	2505360	0	
5.77021	1	2505618	2505618	0	
5.77021	1	2506820	2506820	0	
5.77278	1	2507062	2507062	0	
5.77278	1	2508280	2508280	0	
5.77525	1	2508506	2508506	0	
5.77525	1	2509740	2509740	0	
5.77772	1	2509950	2509950	0	
5.77772	1	2511200	2511200	0	
5.78019	1	2511394	2511394	0	
5.78019	1	2512660	2512660	0	
5.78266	1	2512838	2512838	0	
5.78266	1	2514120	2514120	0	
5.78513	1	2514282	2514282	0	
5.78513	1	2515580	2515580	0	
5.7876	1	2515726	2515726	0	
5.7876	1	2517040	2517040	0	
5.79007	1	2517170	2517170	0	
5.79007	1	2518500	2518500	0	
5.79263	1	2518614	2518614	0	
5.79263	1	2519960	2519960	0	
5.7951	1	2520058	2520058	0	
5.7951	1	2521420	2521420	0	
5.79757	1	2521502	2521502	0	
5.79757	1	2522880	2522880	0	
5.80005	1	2522946	2522946	0	
5.80005	1	2524340	2524340	0	
5.80251	1	2524390	2524390	0	
5.80251	1	2525800	2525800	0	
5.80508	1	2525834	2525834	0	
5.80508	1	2527260	2527260	0	
5.80754	1	2527278	2527278	0	
5.80754	1	2528720	2528720	0	
5.81001	1	2528722	2528722	0	
5.81248	1	2530174	2530174	0	
5.81248	1	2530180	2530180	0	
5.81495	1	2531619	2531619	0	
5.81495	1	2531640	2531640	0	
5.81751	1	2533064	2533064	0	
5.81751	1	2533100	2533100	0	
5.81998	1	2534509	2534509	0	
5.81998	1	2534560	2534560	0	
5.82246	1	2535954	2535954	0	
5.82246	1	2536020	2536020	0	
5.82493	1	2537398	2537398	0	
5.82493	1	2537480	2537480	0	
5.8274	1	2538842	2538842	0	
5.8274	1	2538940	2538940	0	
5.82987	1	2540286	2540286	0	
5.82987	1	2540400	2540400	0	
5.83233	1	2541730	2541730	0	
5.83233	1	2541860	2541860	0	
5.8348	1	2543174	2543174	0	
5.8348	1	2543320	2543320	0	
5.83737	1	2544618	2544618	0	
5.83737	1	2544780	2544780	0	
5.83984	1	2546062	2546062	0	
5.83984	1	2546240	2546240	0	
5.84231	1	2547506	2547506	0	
5.84231	1	2547700	2547700	0	
5.84477	1	2548950	2548950	0	
5.84477	1	2549160	2549160	0	
5.84725	1	2550394	2550394	0	
5.84725	1	2550620	2550620	0	
5.84982	1	2551838	2551838	0	
5.84982	1	2552080	2552080	0	
5.85423	1	2553282	2553282	0	
5.85423	1	2553540	2553540	0	
5.85675	1	2554726	2554726	0	
5.85675	1	2555000	2555000	0	
5.85922	1	2556170	2556170	0	
5.85922	1	2556460	2556460	0	
5.86169	1	2557614	2557614	0	
5.86169	1	2557920	2557920	0	
5.86416	1	2559058	2559058	0	
5.86416	1	2559380	2559380	0	
5.86663	1	2560502	2560502	0	
5.86663	1	2560840	2560840	0	
5.8691	1	2561946	2561946	0	
5.8691	1	2562300	2562300	0	
5.87167	1	2563390	2563390	0	
5.87167	1	2563760	2563760	0	
5.87414	1	2564834	2564834	0	
5.87414	1	2565220	2565220	0	
5.87661	1	2566278	2566278	0	
5.87661	1	2566680	2566680	0	
5.87908	1	2567722	2567722	0	
5.87908	1	2568140	2568140	0	
5.88155	1	2569166	2569166	0	
5.88155	1	2569600	2569600	0	
5.88411	1	2570610	2570610	0	
5.88411	1	2571060	2571060	0	
5.88658	1	2572054	2572054	0	
5.88658	1	2572520	2572520	0	
5.88905	1	2573498	2573498	0	
5.88905	1	2573980	2573980	0	
5.89152	1	2574942	2574942	0	
5.89152	1	2575440	2575440	0	
5.89399	1	2576386	2576386	0	
5.89399	1	2576900	2576900	0	
5.89646	1	2577830	2577830	0	
5.89646	1	2578360	2578360	0	
5.89903	1	2579274	2579274	0	
5.89903	1	2579820	2579820	0	
5.9015	1	2580718	2580718	0	
5.9015	1	2581280	2581280	0	
5.90396	1	2582162	2582162	0	
5.90396	1	2582740	2582740	0	
5.90643	1	2583606	2583606	0	
5.90643	1	2584200	2584200	0	
5.9089	1	2585050	2585050	0	
5.9089	1	2585660	2585660	0	
5.91137	1	2586494	2586494	0	
5.91137	1	2587120	2587120	0	
5.91384	1	2587938	2587938	0	
5.91384	1	2588580	2588580	0	
5.91641	1	2589382	2589382	0	
5.91641	1	2590040	2590040	0	
5.91888	1	2590826	2590826	0	
5.91888	1	2591500	2591500	0	
5.92135	1	2592270	2592270	0	
5.92135	1	2592960	2592960	0	
5.92382	1	2593714	2593714	0	
5.92382	1	2594420	2594420	0	
5.92629	1	2595158	2595158	0	
5.92629	1	2595880	2595880	0	
5.92876	1	2596602	2596602	0	
5.92876	1	2597340	2597340	0	
5.93132	1	2598046	2598046	0	
5.93132	1	2598800	2598800	0	
5.93379	1	2599490	2599490	0	
5.93379	1	2600260	2600260	0	
5.93626	1	2600934	2600934	0	
5.93626	1	2601720	2601720	0	
5.93873	1	2602378	2602378	0	
5.93873	1	2603180	2603180	0	
5.9412	1	2603822	2603822	0	
5.9412	1	2604640	2604640	0	
5.94367	1	2605266	2605266	0	
5.94367	1	2606100	2606100	0	
5.94614	1	2606710	2606710	0	
5.94614	1	2607560	2607560	0	
5.94871	1	2608154	2608154	0	
5.94871	1	2609020	2609020	0	
5.95118	1	2609598	2609598	0	
5.95118	1	2610480	2610480	0	
5.95364	1	2611042	2611042	0	
5.95364	1	2611940	2611940	0	
5.95511	1	2612486	2612486	0	
5.95511	1	2613400	2613400	0	
5.95758	1	2613930	2613930	0	
5.95758	1	2614860	2614860	0	
5.96015	1	2615374	2615374	0	
5.96015	1	2616320	2616320	0	
5.96262	1	2616818	2616818	0	
5.96262	1	2617780	2617780	0	
5.96509	1	2618262	2618262	0	
5.96509	1	2619240	2619240	0	
5.96756	1	2619706	2619706	0	
5.96756	1	2620700	2620700	0	
5.97003	1	2621150	2621150	0	
5.97003	1	2622160	2622160	0	
5.9725	1	2622594	2622594	0	
5.9725	1	2623620	2623620	0	
5.97497	1	2624038	2624038	0	
5.97497	1	2625080	2625080	0	
5.97744	1	2625482	2625482	0	
5.97744	1	2626540	2626540	0	
5.97991	1	2626926	2626926	0	
5.97991	1	2628000	2628000	0	
5.98247	1	2628370	2628370	0	
5.98247	1	2629460	2629460	0	
5.98494	1	2629814	2629814	0	
5.98494	1	2630920	2630920	0	
5.98741	1	2631258	2631258	0	
5.98741	1	2632380	2632380	0	
5.98988	1	2632702	2632702	0	
5.98988	1	2633840	2633840	0	
5.99235	1	2634146	2634146	0	
5.99235	1	2635300	2635300	0	
5.99492	1	2635590	2635590	0	
5.99492	1	2636760	2636760	0	
5.99739	1	2637034	2637034	0	
5.99739	1	2638220	2638220	0	
5.99986	1	2638478	2638478	0	
5.99986	1	2639680	2639680	0	
6.00232	1	2639922	2639922	0	
6.00232	1	2641140	2641140	0	
6.00479	1	2641366	2641366	0	
6.00479	1	2642600	2642600	0	
6.00726	1	2642810	2642810	0	
6.00726	1	2644060	2644060	0	
6.00983	1	2644254	2644254	0	
6.00983	1	2645520	2645520	0	
6.0123	1	2645698	2645698	0	
6.0123	1	2646980	2646980	0	
6.01477	1	2647142	2647142	0	
6.01477	1	2648440	2648440	0	
6.01724	1	2648586	2648586	0	
6.01724	1	2649900	2649900	0	
6.01971	1	2650030	2650030	0	
6.01971	1	2651360	2651360	0	
6.02218	1	2651474	2651474	0	
6.02218	1	2652820	2652820	0	
6.02465	1	2652918	2652918	0	
6.02465	1	2654280	2654280	0	
6.02721	1	2654362	2654362	0	
6.02721	1	2655740	2655740	0	
6.02968	1	2655806	2655806	0	
6.02968	1	2657200	2657200	0	
6.03215	1	2657250	2657250	0	
6.03215	1	2658660	2658660	0	
6.03462	1	2658694	2658694	0	
6.03462	1	2660120	2660120	0	
6.03709	1	2660138	2660138	0	
6.03709	1	2661580	2661580	0	
6.03965	1	2661582	2661582	0	
6.04212	1	2663034	2663034	0	
6.04212	1	2663040	2663040	0	
6.04459	1	2664479	2664479	0	
6.04459	1	2664500	2664500	0	
6.04706	1	2665924	2665924	0	
6.04706	1	2665960	2665960	0	
6.04953	1	2667369	2667369	0	
6.04953	1	2667420	2667420	0	
6.052	1	2668814	2668814	0	
6.052	1	2668880	2668880	0	
6.05447	1	2670258	2670258	0	
6.05447	1	2670340	2670340	0	
6.05694	1	2671702	2671702	0	
6.05694	1	2671800	2671800	0	
6.05951	1	2673146	2673146	0	
6.05951	1	2673260	2673260	0	
6.06198	1	2674590	2674590	0	
6.06198	1	2674720	2674720	0	
6.06445	1	2676034	2676034	0	
6.06445	1	2676180	2676180	0	
6.06692	1	2677478	2677478	0	
6.06692	1	2677640	2677640	0	
6.06938	1	2678922	2678922	0	
6.06938	1	2679100	2679100	0	
6.07195	1	2680366	2680366	0	
6.07195	1	2680560	2680560	0	
6.07442	1	2681810	2681810	0	
6.07442	1	2682020	2682020	0	
6.07689	1	2683254	2683254	0	
6.07689	1	2683480	2683480	0	
6.07936	1	2684698	2684698	0	
6.07936	1	2684940	2684940	0	
6.08182	1	2686142	2686142	0	
6.08182	1	2686400	2686400	0	
6.0843	1	2687586	2687586	0	
6.0843	1	2687860	2687860	0	
6.08677	1	2689030	2689030	0	
6.08677	1	2689320	2689320	0	
6.08924	1	2690474	2690474	0	
6.08924	1	2690780	2690780	0	
6.0918	1	2691918	2691918	0	
6.0918	1	2692240	2692240	0	
6.09427	1	2693362	2693362	0	
6.09427	1	2693700	2693700	0	
6.09674	1	2694806	2694806	0	
6.09674	1	2695160	2695160	0	
6.09921	1	2696250	2696250	0	
6.09921	1	2696620	2696620	0	
6.10168	1	2697694	2697694	0	
6.10168	1	2698080	2698080	0	
6.10424	1	2699138	2699138	0	
6.10424	1	2699540	2699540	0	
6.10672	1	2700582	2700582	0	
6.10672	1	2701000	2701000	0	
6.10919	1	2702026	2702026	0	
6.10919	1	2702460	2702460	0	
6.11166	1	2703470	2703470	0	
6.11166	1	2703920	2703920	0	
6.11413	1	2704914	2704914	0	
6.11413	1	2705380	2705380	0	
6.1166	1	2706358	2706358	0	
6.1166	1	2706840	2706840	0	
6.11916	1	2707802	2707802	0	
6.11916	1	2708300	2708300	0	
6.12163	1	2709246	2709246	0	
6.12163	1	2709760	2709760	0	
6.1241	1	2710690	2710690	0	
6.1241	1	2711220	2711220	0	
6.12657	1	2712134	2712134	0	
6.12657	1	2712680	2712680	0	
6.12904	1	2713578	2713578	0	
6.12904	1	2714140	2714140	0	
6.13151	1	2715022	2715022	0	
6.13151	1	2715600	2715600	0	
6.13398	1	2716466	2716466	0	
6.13398	1	2717060	2717060	0	
6.13655	1	2717910	2717910	0	
6.13655	1	2718520	2718520	0	
6.13901	1	2719354	2719354	0	
6.13901	1	2719980	2719980	0	
6.14148	1	2720798	2720798	0	
6.14148	1	2721440	2721440	0	
6.14395	1	2722242	2722242	0	
6.14395	1	2722900	2722900	0	
6.14642	1	2723686	2723686	0	
6.14642	1	2724360	2724360	0	
6.14889	1	2725130	2725130	0	
6.14889	1	2725820	2725820	0	
6.15145	1	2726574	2726574	0	
6.15145	1	2727280	2727280	0	
6.15393	1	2728018	2728018	0	
6.15393	1	2728740	2728740	0	
6.1564	1	2729462	2729462	0	
6.1564	1	2730200	2730200	0	
6.15887	1	2730906	2730906	0	
6.15887	1	2731660	2731660	0	
6.16134	1	2732350	2732350	0	
6.16134	1	2733120	2733120	0	
6.16381	1	2733794	2733794	0	
6.16381	1	2734580	2734580	0	
6.16628	1	2735238	2735238	0	
6.16628	1	2736040	2736040	0	
6.16884	1	2736682	2736682	0	
6.16884	1	2737500	2737500	0	
6.17131	1	2738126	2738126	0	
6.17131	1	2738960	2738960	0	
6.17378	1	2739570	2739570	0	
6.17378	1	2740420	2740420	0	
6.17625	1	2741014	2741014	0	
6.17625	1	2741880	2741880	0	
6.17872	1	2742458	2742458	0	
6.17872	1	2743340	2743340	0	
6.18129	1	2743902	2743902	0	
6.18129	1	2744800	2744800	0	
6.18376	1	2745346	2745346	0	
6.18376	1	2746260	2746260	0	
6.18623	1	2746790	2746790	0	
6.18623	1	2747720	2747720	0	
6.18869	1	2748234	2748234	0	
6.18869	1	2749180	2749180	0	
6.19116	1	2749678	2749678	0	
6.19116	1	2750640	2750640	0	
6.19363	1	2751122	2751122	0	
6.19363	1	2752100	2752100	0	
6.1961	1	2752566	2752566	0	
6.1961	1	2753560	2753560	0	
6.19857	1	2754010	2754010	0	
6.19857	1	2755020	2755020	0	
6.20114	1	2755454	2755454	0	
6.20114	1	2756480	2756480	0	
6.20361	1	2756898	2756898	0	
6.20361	1	2757940	2757940	0	
6.20608	1	2758342	2758342	0	
6.20608	1	2759400	2759400	0	
6.20855	1	2759786	2759786	0	
6.20855	1	2760860	2760860	0	
6.21102	1	2761230	2761230	0	
6.21102	1	2762320	2762320	0	
6.21358	1	2762674	2762674	0	
6.21358	1	2763780	2763780	0	
6.21605	1	2764118	2764118	0	
6.21605	1	2765240	2765240	0	
6.21852	1	2765562	2765562	0	
6.21852	1	2766700	2766700	0	
6.22099	1	2767006	2767006	0	
6.22099	1	2768160	2768160	0	
6.22346	1	2768450	2768450	0	
6.22346	1	2769620	2769620	0	
6.22593	1	2769894	2769894	0	
6.22593	1	2771080	2771080	0	
6.2285	1	2771338	2771338	0	
6.2285	1	2772540	2772540	0	
6.23097	1	2772782	2772782	0	
6.23097	1	2774000	2774000	0	
6.23344	1	2774226	2774226	0	
6.23344	1	2775460	2775460	0	
6.23591	1	2775670	2775670	0	
6.23591	1	2776920	2776920	0	
6.23837	1	2777114	2777114	0	
6.23837	1	2778380	2778380	0	
6.24084	1	2778558	2778558	0	
6.24084	1	2779840	2779840	0	
6.24331	1	2780002	2780002	0	
6.24331	1	2781300	2781300	0	
6.24588	1	2781446	2781446	0	
6.24588	1	2782760	2782760	0	
6.24835	1	2782890	2782890	0	
6.24835	1	2784220	2784220	0	
6.25082	1	2784334	2784334	0	
6.25082	1	2785680	2785680	0	
6.25329	1	2785778	2785778	0	
6.25329	1	2787140	2787140	0	
6.25476	1	2787222	2787222	0	
6.25476	1	2788600	2788600	0	
6.25723	1	2788666	2788666	0	
6.25723	1	2790060	2790060	0	
6.25979	1	2790110	2790110	0	
6.25979	1	2791520	2791520	0	
6.26226	1	2791554	2791554	0	
6.26226	1	2792980	2792980	0	
6.26473	1	2792998	2792998	0	
6.26473	1	2794440	2794440	0	
6.26719	1	2794442	2794442	0	
6.26966	1	2795894	2795894	0	
6.26966	1	2795900	2795900	0	
6.27214	1	2797339	2797339	0	
6.27214	1	2797360	2797360	0	
6.27461	1	2798784	2798784	0	
6.27461	1	2798820	2798820	0	
6.27717	1	2800229	2800229	0	
6.27717	1	2800280	2800280	0	
6.27964	1	2801674	2801674	0	
6.27964	1	2801740	2801740	0	
6.28211	1	2803118	2803118	0	
6.28211	1	2803200	2803200	0	
6.28458	1	2804562	2804562	0	
6.28458	1	2804660	2804660	0	
6.28705	1	2806006	2806006	0	
6.28705	1	2806120	2806120	0	
6.28952	1	2807450	2807450	0	
6.28952	1	2807580	2807580	0	
6.29208	1	2808894	2808894	0	
6.29208	1	2809040	2809040	0	
6.29456	1	2810338	2810338	0	
6.29456	1	2810500	2810500	0	
6.29703	1	2811782	2811782	0	
6.29703	1	2811960	2811960	0	
6.2995	1	2813226	2813226	0	
6.2995	1	2813420	2813420	0	
6.30196	1	2814670	2814670	0	
6.30196	1	2814880	2814880	0	
6.30453	1	2816114	2816114	0	
6.30453	1	2816340	2816340	0	
6.307	1	2817558	2817558	0	
6.307	1	2817800	2817800	0	
6.30947	1	2819002	2819002	0	
6.30947	1	2819260	2819260	0	
6.31194	1	2820446	2820446	0	
6.31194	1	2820720	2820720	0	
6.3144	1	2821890	2821890	0	
6.3144	1	2822180	2822180	0	
6.31687	1	2823334	2823334	0	
6.31687	1	2823640	2823640	0	
6.31935	1	2824778	2824778	0	
6.31935	1	2825100	2825100	0	
6.32192	1	2826222	2826222	0	
6.32192	1	2826560	2826560	0	
6.32438	1	2827666	2827666	0	
6.32438	1	2828020	2828020	0	
6.32685	1	2829110	2829110	0	
6.32685	1	2829480	2829480	0	
6.32932	1	2830554	2830554	0	
6.32932	1	2830940	2830940	0	
6.33179	1	2831998	2831998	0	
6.33179	1	2832400	2832400	0	
6.33426	1	2833442	2833442	0	
6.33426	1	2833860	2833860	0	
6.33682	1	2834886	2834886	0	
6.33682	1	2835320	2835320	0	
6.33929	1	2836330	2836330	0	
6.33929	1	2836780	2836780	0	
6.34177	1	2837774	2837774	0	
6.34177	1	2838240	2838240	0	
6.34424	1	2839218	2839218	0	
6.34424	1	2839700	2839700	0	
6.34671	1	2840662	2840662	0	
6.34671	1	2841160	2841160	0	
6.34918	1	2842106	2842106	0	
6.34918	1	2842620	2842620	0	
6.35559	1	2843550	2843550	0	
6.35559	1	2844080	2844080	0	
6.35821	1	2844994	2844994	0	
6.35821	1	2845540	2845540	0	
6.36068	1	2846438	2846438	0	
6.36068	1	2847000	2847000	0	
6.36315	1	2847882	2847882	0	
6.36315	1	2848460	2848460	0	
6.36562	1	2849326	2849326	0	
6.36562	1	2849920	2849920	0	
6.36809	1	2850770	2850770	0	
6.36809	1	2851380	2851380	0	
6.37056	1	2852214	2852214	0	
6.37056	1	2852840	2852840	0	
6.37303	1	2853658	2853658	0	
6.37303	1	2854300	2854300	0	
6.3756	1	2855102	2855102	0	
6.3756	1	2855760	2855760	0	
6.37806	1	2856546	2856546	0	
6.37806	1	2857220	2857220	0	
6.38053	1	2857990	2857990	0	
6.38053	1	2858680	2858680	0	
6.383	1	2859434	2859434	0	
6.383	1	2860140	2860140	0	
6.38547	1	2860878	2860878	0	
6.38547	1	2861600	2861600	0	
6.38794	1	2862322	2862322	0	
6.38794	1	2863060	2863060	0	
6.39041	1	2863766	2863766	0	
6.39041	1	2864520	2864520	0	
6.39298	1	2865210	2865210	0	
6.39298	1	2865980	2865980	0	
6.39545	1	2866654	2866654	0	
6.39545	1	2867440	2867440	0	
6.39792	1	2868098	2868098	0	
6.39792	1	2868900	2868900	0	
6.40039	1	2869542	2869542	0	
6.40039	1	2870360	2870360	0	
6.40286	1	2870986	2870986	0	
6.40286	1	2871820	2871820	0	
6.40532	1	2872430	2872430	0	
6.40532	1	2873280	2873280	0	
6.40789	1	2873874	2873874	0	
6.40789	1	2874740	2874740	0	
6.41036	1	2875318	2875318	0	
6.41036	1	2876200	2876200	0	
6.41283	1	2876762	2876762	0	
6.41283	1	2877660	2877660	0	
6.4153	1	2878206	2878206	0	
6.4153	1	2879120	2879120	0	
6.41777	1	2879650	2879650	0	
6.41777	1	2880580	2880580	0	
6.42034	1	2881094	2881094	0	
6.42034	1	2882040	2882040	0	
6.42281	1	2882538	2882538	0	
6.42281	1	2883500	2883500	0	
6.42528	1	2883982	2883982	0	
6.42528	1	2884960	2884960	0	
6.42774	1	2885426	2885426	0	
6.42774	1	2886420	2886420	0	
6.43021	1	2886870	2886870	0	
6.43021	1	2887880	2887880	0	
6.43268	1	2888314	2888314	0	
6.43268	1	2889340	2889340	0	
6.43515	1	2889758	2889758	0	
6.43515	1	2890800	2890800	0	
6.43762	1	2891202	2891202	0	
6.43762	1	2892260	2892260	0	
6.44019	1	2892646	2892646	0	
6.44019	1	2893720	2893720	0	
6.44266	1	2894090	2894090	0	
6.44266	1	2895180	2895180	0	
6.44513	1	2895534	2895534	0	
6.44513	1	2896640	2896640	0	
6.4476	1	2896978	2896978	0	
6.4476	1	2898100	2898100	0	
6.45007	1	2898422	2898422	0	
6.45007	1	2899560	2899560	0	
6.45263	1	2899866	2899866	0	
6.45263	1	2901020	2901020	0	
6.4551	1	2901310	2901310	0	
6.4551	1	2902480	2902480	0	
6.45557	1	2902754	2902754	0	
6.45557	1	2903940	2903940	0	
6.45804	1	2904198	2904198	0	
6.45804	1	2905400	2905400	0	
6.46051	1	2905642	2905642	0	
6.46051	1	2906860	2906860	0	
6.46298	1	2907086	2907086	0	
6.46298	1	2908320	2908320	0	
6.46545	1	2908530	2908530	0	
6.46545	1	2909780	2909780	0	
6.46802	1	2909974	2909974	0	
6.46802	1	2911240	2911240	0	
6.47049	1	2911418	2911418	0	
6.47049	1	2912700	2912700	0	
6.47296	1	2912862	2912862	0	
6.47296	1	2914160	2914160	0	
6.47542	1	2914306	2914306	0	
6.47542	1	2915620	2915620	0	
6.47789	1	2915750	2915750	0	
6.47789	1	2917080	2917080	0	
6.48036	1	2917194	2917194	0	
6.48036	1	2918540	2918540	0	
6.48293	1	2918638	2918638	0	
6.48293	1	2920000	2920000	0	
6.4854	1	2920082	2920082	0	
6.4854	1	2921460	2921460	0	
6.48787	1	2921526	2921526	0	
6.48787	1	2922920	2922920	0	
6.49034	1	2922970	2922970	0	
6.49034	1	2924380	2924380	0	
6.49281	1	2924414	2924414	0	
6.49281	1	2925840	2925840	0	
6.49527	1	2925858	2925858	0	
6.49527	1	2927300	2927300	0	
6.49774	1	2927302	2927302	0	
6.50031	1	2928754	2928754	0	
6.50031	1	2928760	2928760	0	
6.50277	1	2930199	2930199	0	
6.50277	1	2930220	2930220	0	
6.50524	1	2931644	2931644	0	
6.50524	1	2931680	2931680	0	
6.50771	1	2933089	2933089	0	
6.50771	1	2933140	2933140	0	
6.51019	1	2934534	2934534	0	
6.51019	1	2934600	2934600	0	
6.51266	1	2935978	2935978	0	
6.51266	1	2936060	2936060	0	
6.51522	1	2937422	2937422	0	
6.51522	1	2937520	2937520	0	
6.51769	1	2938866	2938866	0	
6.51769	1	2938980	2938980	0	
6.52016	1	2940310	2940310	0	
6.52016	1	2940440	2940440	0	
6.52263	1	2941754	2941754	0	
6.52263	1	2941900	2941900	0	
6.5251	1	2943198	2943198	0	
6.5251	1	2943360	2943360	0	
6.52766	1	2944642	2944642	0	
6.52766	1	2944820	2944820	0	
6.53013	1	2946086	2946086	0	
6.53013	1	2946280	2946280	0	
6.53261	1	2947530	2947530	0	
6.53261	1	2947740	2947740	0	
6.53508	1	2948974	2948974	0	
6.53508	1	2949200	2949200	0	
6.53755	1	2950418	2950418	0	
6.53755	1	2950660	2950660	0	
6.54001	1	2951862	2951862	0	
6.54001	1	2952120	2952120	0	
6.54248	1	2953306	2953306	0	
6.54248	1	2953580	2953580	0	
6.54495	1	2954750	2954750	0	
6.54495	1	2955040	2955040	0	
6.54752	1	2956194	2956194	0	
6.54752	1	2956500	2956500	0	
6.54999	1	2957638	2957638	0	
6.54999	1	2957960	2957960	0	
6.5534	1	2959082	2959082	0	
6.5534	1	2959420	2959420	0	
6.55592	1	2960526	2960526	0	
6.55592	1	2960880	2960880	0	
6.5584	1	2961970	2961970	0	
6.5584	1	2962340	2962340	0	
6.56096	1	2963414	2963414	0	
6.56096	1	2963800	2963800	0	
6.56343	1	2964858	2964858	0	
6.56343	1	2965260	2965260	0	
6.5659	1	2966302	2966302	0	
6.5659	1	2966720	2966720	0	
6.56837	1	2967746	2967746	0	
6.56837	1	2968180	2968180	0	
6.57084	1	2969190	2969190	0	
6.57084	1	2969640	2969640	0	
6.57331	1	2970634	2970634	0	
6.57331	1	2971100	2971100	0	
6.57578	1	2972078	2972078	0	
6.57578	1	2972560	2972560	0	
6.57825	1	2973522	2973522	0	
6.57825	1	2974020	2974020	0	
6.58082	1	2974966	2974966	0	
6.58082	1	2975480	2975480	0	
6.58329	1	2976410	2976410	0	
6.58329	1	2976940	2976940	0	
6.58576	1	2977854	2977854	0	
6.58576	1	2978400	2978400	0	
6.58823	1	2979298	2979298	0	
6.58823	1	2979860	2979860	0	
6.59069	1	2980742	2980742	0	
6.59069	1	2981320	2981320	0	
6.59326	1	2982186	2982186	0	
6.59326	1	2982780	2982780	0	
6.59573	1	2983630	2983630	0	
6.59573	1	2984240	2984240	0	
6.5982	1	2985074	2985074	0	
6.5982	1	2985700	2985700	0	
6.60067	1	2986518	2986518	0	
6.60067	1	2987160	2987160	0	
6.60313	1	2987962	2987962	0	
6.60313	1	2988620	2988620	0	
6.60571	1	2989406	2989406	0	
6.60571	1	2990080	2990080	0	
6.60818	1	2990850	2990850	0	
6.60818	1	2991540	2991540	0	
6.61064	1	2992294	2992294	0	
6.61064	1	2993000	2993000	0	
6.61311	1	2993738	2993738	0	
6.61311	1	2994460	2994460	0	
6.61558	1	2995182	2995182	0	
6.61558	1	2995920	2995920	0	
6.61805	1	2996626	2996626	0	
6.61805	1	2997380	2997380	0	
6.62052	1	2998070	2998070	0	
6.62052	1	2998840	2998840	0	
6.62299	1	2999514	2999514	0	
6.62299	1	3000300	3000300	0	
6.62555	1	3000958	3000958	0	
6.62555	1	3001760	3001760	0	
6.62803	1	3002402	3002402	0	
6.62803	1	3003220	3003220	0	
6.6305	1	3003846	3003846	0	
6.6305	1	3004680	3004680	0	
6.63297	1	3005290	3005290	0	
6.63297	1	3006140	3006140	0	
6.63544	1	3006734	3006734	0	
6.63544	1	3007600	3007600	0	
6.638	1	3008178	3008178	0	
6.638	1	3009060	3009060	0	
6.64047	1	3009622	3009622	0	
6.64047	1	3010520	3010520	0	
6.64294	1	3011066	3011066	0	
6.64294	1	3011980	3011980	0	
6.64541	1	3012510	3012510	0	
6.64541	1	3013440	3013440	0	
6.64788	1	3013954	3013954	0	
6.64788	1	3014900	3014900	0	
6.65035	1	3015398	3015398	0	
6.65035	1	3016360	3016360	0	
6.65282	1	3016842	3016842	0	
6.65282	1	3017820	3017820	0	
6.65529	1	3018286	3018286	0	
6.65529	1	3019280	3019280	0	
6.65586	1	3019730	3019730	0	
6.65586	1	3020740	3020740	0	
6.65832	1	3021174	3021174	0	
6.65832	1	3022200	3022200	0	
6.66079	1	3022618	3022618	0	
6.66079	1	3023660	3023660	0	
6.66326	1	3024062	3024062	0	
6.66326	1	3025120	3025120	0	
6.66573	1	3025506	3025506	0	
6.66573	1	3026580	3026580	0	
6.6683	1	3026950	3026950	0	
6.6683	1	3028040	3028040	0	
6.67077	1	3028394	3028394	0	
6.67077	1	3029500	3029500	0	
6.67324	1	3029838	3029838	0	
6.67324	1	3030960	3030960	0	
6.67571	1	3031282	3031282	0	
6.67571	1	3032420	3032420	0	
6.67818	1	3032726	3032726	0	
6.67818	1	3033880	3033880	0	
6.68065	1	3034170	3034170	0	
6.68065	1	3035340	3035340	0	
6.68312	1	3035614	3035614	0	
6.68312	1	3036800	3036800	0	
6.68559	1	3037058	3037058	0	
6.68559	1	3038260	3038260	0	
6.68815	1	3038502	3038502	0	
6.68815	1	3039720	3039720	0	
6.69062	1	3039946	3039946	0	
6.69062	1	3041180	3041180	0	
6.69309	1	3041390	3041390	0	
6.69309	1	3042640	3042640	0	
6.69556	1	3042834	3042834	0	
6.69556	1	3044100	3044100	0	
6.69803	1	3044278	3044278	0	
6.69803	1	3045560	3045560	0	
6.7006	1	3045722	3045722	0	
6.7006	1	3047020	3047020	0	
6.70307	1	3047166	3047166	0	
6.70307	1	3048480	3048480	0	
6.70554	1	3048610	3048610	0	
6.70554	1	3049940	3049940	0	
6.708	1	3050054	3050054	0	
6.708	1	3051400	3051400	0	
6.71047	1	3051498	3051498	0	
6.71047	1	3052860	3052860	0	
6.71304	1	3052942	3052942	0	
6.71304	1	3054320	3054320	0	
6.71551	1	3054386	3054386	0	
6.71551	1	3055780	3055780	0	
6.71797	1	3055830	3055830	0	
6.71797	1	3057240	3057240	0	
6.72045	1	3057274	3057274	0	
6.72045	1	3058700	3058700	0	
6.72292	1	3058718	3058718	0	
6.72292	1	3060160	3060160	0	
6.72538	1	3060162	3060162	0	
6.72785	1	3061614	3061614	0	
6.72785	1	3061620	3061620	0	
6.73032	1	3063059	3063059	0	
6.73032	1	3063080	3063080	0	
6.73289	1	3064504	3064504	0	
6.73289	1	3064540	3064540	0	
6.73536	1	3065949	3065949	0	
6.73536	1	3066000	3066000	0	
6.73782	1	3067394	3067394	0	
6.73782	1	3067460	3067460	0	
6.74029	1	3068838	3068838	0	
6.74029	1	3068920	3068920	0	
6.74276	1	3070282	3070282	0	
6.74276	1	3070380	3070380	0	
6.74533	1	3071726	3071726	0	
6.74533	1	3071840	3071840	0	
6.7478	1	3073170	3073170	0	
6.7478	1	3073300	3073300	0	
6.75027	1	3074614	3074614	0	
6.75027	1	3074760	3074760	0	
6.75274	1	3076058	3076058	0	
6.75274	1	3076220	3076220	0	
6.75521	1	3077502	3077502	0	
6.75521	1	3077680	3077680	0	
6.75768	1	3078946	3078946	0	
6.75768	1	3079140	3079140	0	
6.76015	1	3080390	3080390	0	
6.76015	1	3080600	3080600	0	
6.76262	1	3081834	3081834	0	
6.76262	1	3082060	3082060	0	
6.76508	1	3083278	3083278	0	
6.76508	1	3083520	3083520	0	
6.76766	1	3084722	3084722	0	
6.76766	1	3084980	3084980	0	
6.77013	1	3086166	3086166	0	
6.77013	1	3086440	3086440	0	
6.7726	1	3087610	3087610	0	
6.7726	1	3087900	3087900	0	
6.77506	1	3089054	3089054	0	
6.77506	1	3089360	3089360	0	
6.77753	1	3090498	3090498	0	
6.77753	1	3090820	3090820	0	
6.7801	1	3091942	3091942	0	
6.7801	1	3092280	3092280	0	
6.78257	1	3093386	3093386	0	
6.78257	1	3093740	3093740	0	
6.78504	1	3094830	3094830	0	
6.78504	1	3095200	3095200	0	
6.7875	1	3096274	3096274	0	
6.7875	1	3096660	3096660	0	
6.78997	1	3097718	3097718	0	
6.78997	1	3098120	3098120	0	
6.79245	1	3099162	3099162	0	
6.79245	1	3099580	3099580	0	
6.79492	1	3100606	3100606	0	
6.79492	1	3101040	3101040	0	
6.79739	1	3102050	3102050	0	
6.79739	1	3102500	3102500	0	
6.79995	1	3103494	3103494	0	
6.79995	1	3103960	3103960	0	
6.80242	1	3104938	3104938	0	
6.80242	1	3105420	3105420	0	
6.80489	1	3106382	3106382	0	
6.80489	1	3106880	3106880	0	
6.80736	1	3107826	3107826	0	
6.80736	1	3108340	3108340	0	
6.80983	1	3109270	3109270	0	
6.80983	1	3109800	3109800	0	
6.81239	1	3110714	3110714	0	
6.81239	1	3111260	3111260	0	
6.81487	1	3112158	3112158	0	
6.81487	1	3112720	3112720	0	
6.81734	1	3113602	3113602	0	
6.81734	1	3114180	3114180	0	
6.81981	1	3115046	3115046	0	
6.81981	1	3115640	3115640	0	
6.82228	1	3116490	3116490	0	
6.82228	1	3117100	3117100	0	
6.82484	1	3117934	3117934	0	
6.82484	1	3118560	3118560	0	
6.82731	1	3119378	3119378	0	
6.82731	1	3120020	3120020	0	
6.82978	1	3120822	3120822	0	
6.82978	1	3121480	3121480	0	
6.83225	1	3122266	3122266	0	
6.83225	1	3122940	3122940	0	
6.83472	1	3123710	3123710	0	
6.83472	1	3124400	3124400	0	
6.83718	1	3125154	3125154	0	
6.83718	1	3125860	3125860	0	
6.83966	1	3126598	3126598	0	
6.83966	1	3127320	3127320	0	
6.84213	1	3128042	3128042	0	
6.84213	1	3128780	3128780	0	
6.84469	1	3129486	3129486	0	
6.84469	1	3130240	3130240	0	
6.84716	1	3130930	3130930	0	
6.84716	1	3131700	3131700	0	
6.84963	1	3132374	3132374	0	
6.84963	1	3133160	3133160	0	
6.85305	1	3133818	3133818	0	
6.85305	1	3134620	3134620	0	
6.85557	1	3135262	3135262	0	
6.85557	1	3136080	3136080	0	
6.85813	1	3136706	3136706	0	
6.85813	1	3137540	3137540	0	
6.8606	1	3138150	3138150	0	
6.8606	1	3139000	3139000	0	
6.86308	1	3139594	3139594	0	
6.86308	1	3140460	3140460	0	
6.86555	1	3141038	3141038	0	
6.86555	1	3141920	3141920	0	
6.86802	1	3142482	3142482	0	
6.86802	1	3143380	3143380	0	
6.87049	1	3143926	3143926	0	
6.87049	1	3144840	3144840	0	
6.87296	1	3145370	3145370	0	
6.87296	1	3146300	3146300	0	
6.87542	1	3146814	3146814	0	
6.87542	1	3147760	3147760	0	
6.87799	1	3148258	3148258	0	
6.87799	1	3149220	3149220	0	
6.88046	1	3149702	3149702	0	
6.88046	1	3150680	3150680	0	
6.88293	1	3151146	3151146	0	
6.88293	1	3152140	3152140	0	
6.8854	1	3152590	3152590	0	
6.8854	1	3153600	3153600	0	
6.88787	1	3154034	3154034	0	
6.88787	1	3155060	3155060	0	
6.89044	1	3155478	3155478	0	
6.89044	1	3156520	3156520	0	
6.89291	1	3156922	3156922	0	
6.89291	1	3157980	3157980	0	
6.89537	1	3158366	3158366	0	
6.89537	1	3159440	3159440	0	
6.89784	1	3159810	3159810	0	
6.89784	1	3160900	3160900	0	
6.90031	1	3161254	3161254	0	
6.90031	1	3162360	3162360	0	
6.90278	1	3162698	3162698	0	
6.90278	1	3163820	3163820	0	
6.90525	1	3164142	3164142	0	
6.90525	1	3165280	3165280	0	
6.90772	1	3165586	3165586	0	
6.90772	1	3166740	3166740	0	
6.91029	1	3167030	3167030	0	
6.91029	1	3168200	3168200	0	
6.91276	1	3168474	3168474	0	
6.91276	1	3169660	3169660	0	
6.91523	1	3169918	3169918	0	
6.91523	1	3171120	3171120	0	
6.9177	1	3171362	3171362	0	
6.9177	1	3172580	3172580	0	
6.92017	1	3172806	3172806	0	
6.92017	1	3174040	3174040	0	
6.92273	1	3174250	3174250	0	
6.92273	1	3175500	3175500	0	
6.9252	1	3175694	3175694	0	
6.9252	1	3176960	3176960	0	
6.92767	1	3177138	3177138	0	
6.92767	1	3178420	3178420	0	
6.93014	1	3178582	3178582	0	
6.93014	1	3179880	3179880	0	
6.93261	1	3180026	3180026	0	
6.93261	1	3181340	3181340	0	
6.93518	1	3181470	3181470	0	
6.93518	1	3182800	3182800	0	
6.93765	1	3182914	3182914	0	
6.93765	1	3184260	3184260	0	
6.94012	1	3184358	3184358	0	
6.94012	1	3185720	3185720	0	
6.94259	1	3185802	3185802	0	
6.94259	1	3187180	3187180	0	
6.94505	1	3187246	3187246	0	
6.94505	1	3188640	3188640	0	
6.94752	1	3188690	3188690	0	
6.94752	1	3190100	3190100	0	
6.94999	1	3190134	3190134	0	
6.94999	1	3191560	3191560	0	
6.95246	1	3191578	3191578	0	
6.95246	1	3193020	3193020	0	
6.95502	1	3193022	3193022	0	
6.9575	1	3194474	3194474	0	
6.9575	1	3194480	3194480	0	
6.95996	1	3195919	3195919	0	
6.95996	1	3195940	3195940	0	
6.96243	1	3197364	3197364	0	
6.96243	1	3197400	3197400	0	
6.9649	1	3198809	3198809	0	
6.9649	1	3198860	3198860	0	
6.96747	1	3200254	3200254	0	
6.96747	1	3200320	3200320	0	
6.96994	1	3201698	3201698	0	
6.96994	1	3201780	3201780	0	
6.9724	1	3203142	3203142	0	
6.9724	1	3203240	3203240	0	
6.97487	1	3204586	3204586	0	
6.97487	1	3204700	3204700	0	
6.97734	1	3206030	3206030	0	
6.97734	1	3206160	3206160	0	
6.97981	1	3207474	3207474	0	
6.97981	1	3207620	3207620	0	
6.98229	1	3208918	3208918	0	
6.98229	1	3209080	3209080	0	
6.98476	1	3210362	3210362	0	
6.98476	1	3210540	3210540	0	
6.98732	1	3211806	3211806	0	
6.98732	1	3212000	3212000	0	
6.98979	1	3213250	3213250	0	
6.98979	1	3213460	3213460	0	
6.99226	1	3214694	3214694	0	
6.99226	1	3214920	3214920	0	
6.99473	1	3216138	3216138	0	
6.99473	1	3216380	3216380	0	
6.9972	1	3217582	3217582	0	
6.9972	1	3217840	3217840	0	
6.99976	1	3219026	3219026	0	
6.99976	1	3219300	3219300	0	
7.00223	1	3220470	3220470	0	
7.00223	1	3220760	3220760	0	
7.00471	1	3221914	3221914	0	
7.00471	1	3222220	3222220	0	
7.00718	1	3223358	3223358	0	
7.00718	1	3223680	3223680	0	
7.00964	1	3224802	3224802	0	
7.00964	1	3225140	3225140	0	
7.01221	1	3226246	3226246	0	
7.01221	1	3226600	3226600	0	
7.01468	1	3227690	3227690	0	
7.01468	1	3228060	3228060	0	
7.01715	1	3229134	3229134	0	
7.01715	1	3229520	3229520	0	
7.01962	1	3230578	3230578	0	
7.01962	1	3230980	3230980	0	
7.02208	1	3232022	3232022	0	
7.02208	1	3232440	3232440	0	
7.02455	1	3233466	3233466	0	
7.02455	1	3233900	3233900	0	
7.02702	1	3234910	3234910	0	
7.02702	1	3235360	3235360	0	
7.0295	1	3236354	3236354	0	
7.0295	1	3236820	3236820	0	
7.03206	1	3237798	3237798	0	
7.03206	1	3238280	3238280	0	
7.03453	1	3239242	3239242	0	
7.03453	1	3239740	3239740	0	
7.037	1	3240686	3240686	0	
7.037	1	3241200	3241200	0	
7.03947	1	3242130	3242130	0	
7.03947	1	3242660	3242660	0	
7.04194	1	3243574	3243574	0	
7.04194	1	3244120	3244120	0	
7.0445	1	3245018	3245018	0	
7.0445	1	3245580	3245580	0	
7.04697	1	3246462	3246462	0	
7.04697	1	3247040	3247040	0	
7.04944	1	3247906	3247906	0	
7.04944	1	3248500	3248500	0	
7.05192	1	3249350	3249350	0	
7.05192	1	3249960	3249960	0	
7.05439	1	3250794	3250794	0	
7.05439	1	3251420	3251420	0	
7.05686	1	3252238	3252238	0	
7.05686	1	3252880	3252880	0	
7.05932	1	3253682	3253682	0	
7.05932	1	3254340	3254340	0	
7.06179	1	3255126	3255126	0	
7.06179	1	3255800	3255800	0	
7.06436	1	3256570	3256570	0	
7.06436	1	3257260	3257260	0	
7.06683	1	3258014	3258014	0	
7.06683	1	3258720	3258720	0	
7.0693	1	3259458	3259458	0	
7.0693	1	3260180	3260180	0	
7.07176	1	3260902	3260902	0	
7.07176	1	3261640	3261640	0	
7.07423	1	3262346	3262346	0	
7.07423	1	3263100	3263100	0	
7.07681	1	3263790	3263790	0	
7.07681	1	3264560	3264560	0	
7.07928	1	3265234	3265234	0	
7.07928	1	3266020	3266020	0	
7.08174	1	3266678	3266678	0	
7.08174	1	3267480	3267480	0	
7.08421	1	3268122	3268122	0	
7.08421	1	3268940	3268940	0	
7.08668	1	3269566	3269566	0	
7.08668	1	3270400	3270400	0	
7.08915	1	3271010	3271010	0	
7.08915	1	3271860	3271860	0	
7.09162	1	3272454	3272454	0	
7.09162	1	3273320	3273320	0	
7.09409	1	3273898	3273898	0	
7.09409	1	3274780	3274780	0	
7.09665	1	3275342	3275342	0	
7.09665	1	3276240	3276240	0	
7.09913	1	3276786	3276786	0	
7.09913	1	3277700	3277700	0	
7.1016	1	3278230	3278230	0	
7.1016	1	3279160	3279160	0	
7.10407	1	3279674	3279674	0	
7.10407	1	3280620	3280620	0	
7.10654	1	3281118	3281118	0	
7.10654	1	3282080	3282080	0	
7.1091	1	3282562	3282562	0	
7.1091	1	3283540	3283540	0	
7.11157	1	3284006	3284006	0	
7.11157	1	3285000	3285000	0	
7.11404	1	3285450	3285450	0	
7.11404	1	3286460	3286460	0	
7.11651	1	3286894	3286894	0	
7.11651	1	3287920	3287920	0	
7.11898	1	3288338	3288338	0	
7.11898	1	3289380	3289380	0	
7.12155	1	3289782	3289782	0	
7.12155	1	3290840	3290840	0	
7.12402	1	3291226	3291226	0	
7.12402	1	3292300	3292300	0	
7.12649	1	3292670	3292670	0	
7.12649	1	3293760	3293760	0	
7.12896	1	3294114	3294114	0	
7.12896	1	3295220	3295220	0	
7.13142	1	3295558	3295558	0	
7.13142	1	3296680	3296680	0	
7.13389	1	3297002	3297002	0	
7.13389	1	3298140	3298140	0	
7.13636	1	3298446	3298446	0	
7.13636	1	3299600	3299600	0	
7.13883	1	3299890	3299890	0	
7.13883	1	3301060	3301060	0	
7.1414	1	3301334	3301334	0	
7.1414	1	3302520	3302520	0	
7.14386	1	3302778	3302778	0	
7.14386	1	3303980	3303980	0	
7.14634	1	3304222	3304222	0	
7.14634	1	3305440	3305440	0	
7.14881	1	3305666	3305666	0	
7.14881	1	3306900	3306900	0	
7.15128	1	3307110	3307110	0	
7.15128	1	3308360	3308360	0	
7.15469	1	3308554	3308554	0	
7.15469	1	3309820	3309820	0	
7.15731	1	3309998	3309998	0	
7.15731	1	3311280	3311280	0	
7.15978	1	3311442	3311442	0	
7.15978	1	3312740	3312740	0	
7.16225	1	3312886	3312886	0	
7.16225	1	3314200	3314200	0	
7.16472	1	3314330	3314330	0	
7.16472	1	3315660	3315660	0	
7.16719	1	3315774	3315774	0	
7.16719	1	3317120	3317120	0	
7.16966	1	3317218	3317218	0	
7.16966	1	3318580	3318580	0	
7.17213	1	3318662	3318662	0	
7.17213	1	3320040	3320040	0	
7.1746	1	3320106	3320106	0	
7.1746	1	3321500	3321500	0	
7.17716	1	3321550	3321550	0	
7.17716	1	3322960	3322960	0	
7.17963	1	3322994	3322994	0	
7.17963	1	3324420	3324420	0	
7.1821	1	3324438	3324438	0	
7.1821	1	3325880	3325880	0	
7.18457	1	3325882	3325882	0	
7.18704	1	3327334	3327334	0	
7.18704	1	3327340	3327340	0	
7.1896	1	3328779	3328779	0	
7.1896	1	3328800	3328800	0	
7.19207	1	3330224	3330224	0	
7.19207	1	3330260	3330260	0	
7.19455	1	3331669	3331669	0	
7.19455	1	3331720	3331720	0	
7.19701	1	3333114	3333114	0	
7.19701	1	3333180	3333180	0	
7.19948	1	3334558	3334558	0	
7.19948	1	3334640	3334640	0	
7.20195	1	3336002	3336002	0	
7.20195	1	3336100	3336100	0	
7.20442	1	3337446	3337446	0	
7.20442	1	3337560	3337560	0	
7.20689	1	3338890	3338890	0	
7.20689	1	3339020	3339020	0	
7.20945	1	3340334	3340334	0	
7.20945	1	3340480	3340480	0	
7.21192	1	3341778	3341778	0	
7.21192	1	3341940	3341940	0	
7.21439	1	3343222	3343222	0	
7.21439	1	3343400	3343400	0	
7.21686	1	3344666	3344666	0	
7.21686	1	3344860	3344860	0	
7.21934	1	3346110	3346110	0	
7.21934	1	3346320	3346320	0	
7.2219	1	3347554	3347554	0	
7.2219	1	3347780	3347780	0	
7.22437	1	3348998	3348998	0	
7.22437	1	3349240	3349240	0	
7.22684	1	3350442	3350442	0	
7.22684	1	3350700	3350700	0	
7.22931	1	3351886	3351886	0	
7.22931	1	3352160	3352160	0	
7.23178	1	3353330	3353330	0	
7.23178	1	3353620	3353620	0	
7.23434	1	3354774	3354774	0	
7.23434	1	3355080	3355080	0	
7.23681	1	3356218	3356218	0	
7.23681	1	3356540	3356540	0	
7.23928	1	3357662	3357662	0	
7.23928	1	3358000	3358000	0	
7.24176	1	3359106	3359106	0	
7.24176	1	3359460	3359460	0	
7.24423	1	3360550	3360550	0	
7.24423	1	3360920	3360920	0	
7.24669	1	3361994	3361994	0	
7.24669	1	3362380	3362380	0	
7.24916	1	3363438	3363438	0	
7.24916	1	3363840	3363840	0	
7.25163	1	3364882	3364882	0	
7.25163	1	3365300	3365300	0	
7.25419	1	3366326	3366326	0	
7.25419	1	3366760	3366760	0	
7.25567	1	3367770	3367770	0	
7.25567	1	3368220	3368220	0	
7.25813	1	3369214	3369214	0	
7.25813	1	3369680	3369680	0	
7.2606	1	3370658	3370658	0	
7.2606	1	3371140	3371140	0	
7.26307	1	3372102	3372102	0	
7.26307	1	3372600	3372600	0	
7.26564	1	3373546	3373546	0	
7.26564	1	3374060	3374060	0	
7.26811	1	3374990	3374990	0	
7.26811	1	3375520	3375520	0	
7.27058	1	3376434	3376434	0	
7.27058	1	3376980	3376980	0	
7.27305	1	3377878	3377878	0	
7.27305	1	3378440	3378440	0	
7.27552	1	3379322	3379322	0	
7.27552	1	3379900	3379900	0	
7.27799	1	3380766	3380766	0	
7.27799	1	3381360	3381360	0	
7.28046	1	3382210	3382210	0	
7.28046	1	3382820	3382820	0	
7.28293	1	3383654	3383654	0	
7.28293	1	3384280	3384280	0	
7.28549	1	3385098	3385098	0	
7.28549	1	3385740	3385740	0	
7.28797	1	3386542	3386542	0	
7.28797	1	3387200	3387200	0	
7.29044	1	3387986	3387986	0	
7.29044	1	3388660	3388660	0	
7.29291	1	3389430	3389430	0	
7.29291	1	3390120	3390120	0	
7.29537	1	3390874	3390874	0	
7.29537	1	3391580	3391580	0	
7.29794	1	3392318	3392318	0	
7.29794	1	3393040	3393040	0	
7.30041	1	3393762	3393762	0	
7.30041	1	3394500	3394500	0	
7.30288	1	3395206	3395206	0	
7.30288	1	3395960	3395960	0	
7.30535	1	3396650	3396650	0	
7.30535	1	3397420	3397420	0	
7.30781	1	3398094	3398094	0	
7.30781	1	3398880	3398880	0	
7.31028	1	3399538	3399538	0	
7.31028	1	3400340	3400340	0	
7.31276	1	3400982	3400982	0	
7.31276	1	3401800	3401800	0	
7.31523	1	3402426	3402426	0	
7.31523	1	3403260	3403260	0	
7.31779	1	3403870	3403870	0	
7.31779	1	3404720	3404720	0	
7.32026	1	3405314	3405314	0	
7.32026	1	3406180	3406180	0	
7.32273	1	3406758	3406758	0	
7.32273	1	3407640	3407640	0	
7.3252	1	3408202	3408202	0	
7.3252	1	3409100	3409100	0	
7.32767	1	3409646	3409646	0	
7.32767	1	3410560	3410560	0	
7.33023	1	3411090	3411090	0	
7.33023	1	3412020	3412020	0	
7.3327	1	3412534	3412534	0	
7.3327	1	3413480	3413480	0	
7.33518	1	3413978	3413978	0	
7.33518	1	3414940	3414940	0	
7.33765	1	3415422	3415422	0	
7.33765	1	3416400	3416400	0	
7.34012	1	3416866	3416866	0	
7.34012	1	3417860	3417860	0	
7.34268	1	3418310	3418310	0	
7.34268	1	3419320	3419320	0	
7.34515	1	3419754	3419754	0	
7.34515	1	3420780	3420780	0	
7.34762	1	3421198	3421198	0	
7.34762	1	3422240	3422240	0	
7.35009	1	3422642	3422642	0	
7.35009	1	3423700	3423700	0	
7.35255	1	3424086	3424086	0	
7.35255	1	3425160	3425160	0	
7.35403	1	3425530	3425530	0	
7.35403	1	3426620	3426620	0	
7.35649	1	3426974	3426974	0	
7.35649	1	3428080	3428080	0	
7.35897	1	3428418	3428418	0	
7.35897	1	3429540	3429540	0	
7.36154	1	3429862	3429862	0	
7.36154	1	3431000	3431000	0	
7.364	1	3431306	3431306	0	
7.364	1	3432460	3432460	0	
7.36647	1	3432750	3432750	0	
7.36647	1	3433920	3433920	0	
7.36894	1	3434194	3434194	0	
7.36894	1	3435380	3435380	0	
7.37141	1	3435638	3435638	0	
7.37141	1	3436840	3436840	0	
7.37398	1	3437082	3437082	0	
7.37398	1	3438300	3438300	0	
7.37644	1	3438526	3438526	0	
7.37644	1	3439760	3439760	0	
7.37891	1	3439970	3439970	0	
7.37891	1	3441220	3441220	0	
7.38139	1	3441414	3441414	0	
7.38139	1	3442680	3442680	0	
7.38386	1	3442858	3442858	0	
7.38386	1	3444140	3444140	0	
7.38633	1	3444302	3444302	0	
7.38633	1	3445600	3445600	0	
7.3888	1	3445746	3445746	0	
7.3888	1	3447060	3447060	0	
7.39127	1	3447190	3447190	0	
7.39127	1	3448520	3448520	0	
7.39383	1	3448634	3448634	0	
7.39383	1	3449980	3449980	0	
7.3963	1	3450078	3450078	0	
7.3963	1	3451440	3451440	0	
7.39877	1	3451522	3451522	0	
7.39877	1	3452900	3452900	0	
7.40124	1	3452966	3452966	0	
7.40124	1	3454360	3454360	0	
7.4037	1	3454410	3454410	0	
7.4037	1	3455820	3455820	0	
7.40628	1	3455854	3455854	0	
7.40628	1	3457280	3457280	0	
7.40874	1	3457298	3457298	0	
7.40874	1	3458740	3458740	0	
7.41121	1	3458742	3458742	0	
7.41368	1	3460194	3460194	0	
7.41368	1	3460200	3460200	0	
7.41615	1	3461639	3461639	0	
7.41615	1	3461660	3461660	0	
7.41862	1	3463084	3463084	0	
7.41862	1	3463120	3463120	0	
7.42108	1	3464529	3464529	0	
7.42108	1	3464580	3464580	0	
7.42355	1	3465974	3465974	0	
7.42355	1	3466040	3466040	0	
7.42612	1	3467418	3467418	0	
7.42612	1	3467500	3467500	0	
7.4286	1	3468862	3468862	0	
7.4286	1	3468960	3468960	0	
7.43106	1	3470306	3470306	0	
7.43106	1	3470420	3470420	0	
7.43353	1	3471750	3471750	0	
7.43353	1	3471880	3471880	0	
7.436	1	3473194	3473194	0	
7.436	1	3473340	3473340	0	
7.43857	1	3474638	3474638	0	
7.43857	1	3474800	3474800	0	
7.44104	1	3476082	3476082	0	
7.44104	1	3476260	3476260	0	
7.4435	1	3477526	3477526	0	
7.4435	1	3477720	3477720	0	
7.44597	1	3478970	3478970	0	
7.44597	1	3479180	3479180	0	
7.44844	1	3480414	3480414	0	
7.44844	1	3480640	3480640	0	
7.45101	1	3481858	3481858	0	
7.45101	1	3482100	3482100	0	
7.45543	1	3483302	3483302	0	
7.45543	1	3483560	3483560	0	
7.45795	1	3484746	3484746	0	
7.45795	1	3485020	3485020	0	
7.46042	1	3486190	3486190	0	
7.46042	1	3486480	3486480	0	
7.46289	1	3487634	3487634	0	
7.46289	1	3487940	3487940	0	
7.46536	1	3489078	3489078	0	
7.46536	1	3489400	3489400	0	
7.46783	1	3490522	3490522	0	
7.46783	1	3490860	3490860	0	
7.4703	1	3491966	3491966	0	
7.4703	1	3492320	3492320	0	
7.47286	1	3493410	3493410	0	
7.47286	1	3493780	3493780	0	
7.47533	1	3494854	3494854	0	
7.47533	1	3495240	3495240	0	
7.47781	1	3496298	3496298	0	
7.47781	1	3496700	3496700	0	
7.48028	1	3497742	3497742	0	
7.48028	1	3498160	3498160	0	
7.48274	1	3499186	3499186	0	
7.48274	1	3499620	3499620	0	
7.48531	1	3500630	3500630	0	
7.48531	1	3501080	3501080	0	
7.48778	1	3502074	3502074	0	
7.48778	1	3502540	3502540	0	
7.49025	1	3503518	3503518	0	
7.49025	1	3504000	3504000	0	
7.49272	1	3504962	3504962	0	
7.49272	1	3505460	3505460	0	
7.49518	1	3506406	3506406	0	
7.49518	1	3506920	3506920	0	
7.49765	1	3507850	3507850	0	
7.49765	1	3508380	3508380	0	
7.50012	1	3509294	3509294	0	
7.50012	1	3509840	3509840	0	
7.5026	1	3510738	3510738	0	
7.5026	1	3511300	3511300	0	
7.50516	1	3512182	3512182	0	
7.50516	1	3512760	3512760	0	
7.50763	1	3513626	3513626	0	
7.50763	1	3514220	3514220	0	
7.5101	1	3515070	3515070	0	
7.5101	1	3515680	3515680	0	
7.51257	1	3516514	3516514	0	
7.51257	1	3517140	3517140	0	
7.51504	1	3517958	3517958	0	
7.51504	1	3518600	3518600	0	
7.5176	1	3519402	3519402	0	
7.5176	1	3520060	3520060	0	
7.52007	1	3520846	3520846	0	
7.52007	1	3521520	3521520	0	
7.52254	1	3522290	3522290	0	
7.52254	1	3522980	3522980	0	
7.52502	1	3523734	3523734	0	
7.52502	1	3524440	3524440	0	
7.52749	1	3525178	3525178	0	
7.52749	1	3525900	3525900	0	
7.53005	1	3526622	3526622	0	
7.53005	1	3527360	3527360	0	
7.53252	1	3528066	3528066	0	
7.53252	1	3528820	3528820	0	
7.53499	1	3529510	3529510	0	
7.53499	1	3530280	3530280	0	
7.53746	1	3530954	3530954	0	
7.53746	1	3531740	3531740	0	
7.53993	1	3532398	3532398	0	
7.53993	1	3533200	3533200	0	
7.5424	1	3533842	3533842	0	
7.5424	1	3534660	3534660	0	
7.54486	1	3535286	3535286	0	
7.54486	1	3536120	3536120	0	
7.54733	1	3536730	3536730	0	
7.54733	1	3537580	3537580	0	
7.54981	1	3538174	3538174	0	
7.54981	1	3539040	3539040	0	
7.55237	1	3539618	3539618	0	
7.55237	1	3540500	3540500	0	
7.55484	1	3541062	3541062	0	
7.55484	1	3541960	3541960	0	
7.55531	1	3542506	3542506	0	
7.55531	1	3543420	3543420	0	
7.55778	1	3543950	3543950	0	
7.55778	1	3544880	3544880	0	
7.56025	1	3545394	3545394	0	
7.56025	1	3546340	3546340	0	
7.56281	1	3546838	3546838	0	
7.56281	1	3547800	3547800	0	
7.56528	1	3548282	3548282	0	
7.56528	1	3549260	3549260	0	
7.56775	1	3549726	3549726	0	
7.56775	1	3550720	3550720	0	
7.57023	1	3551170	3551170	0	
7.57023	1	3552180	3552180	0	
7.5727	1	3552614	3552614	0	
7.5727	1	3553640	3553640	0	
7.57517	1	3554058	3554058	0	
7.57517	1	3555100	3555100	0	
7.57764	1	3555502	3555502	0	
7.57764	1	3556560	3556560	0	
7.5801	1	3556946	3556946	0	
7.5801	1	3558020	3558020	0	
7.58267	1	3558390	3558390	0	
7.58267	1	3559480	3559480	0	
7.58514	1	3559834	3559834	0	
7.58514	1	3560940	3560940	0	
7.58761	1	3561278	3561278	0	
7.58761	1	3562400	3562400	0	
7.59008	1	3562722	3562722	0	
7.59008	1	3563860	3563860	0	
7.59254	1	3564166	3564166	0	
7.59254	1	3565320	3565320	0	
7.59512	1	3565610	3565610	0	
7.59512	1	3566780	3566780	0	
7.59759	1	3567054	3567054	0	
7.59759	1	3568240	3568240	0	
7.60005	1	3568498	3568498	0	
7.60005	1	3569700	3569700	0	
7.60252	1	3569942	3569942	0	
7.60252	1	3571160	3571160	0	
7.60499	1	3571386	3571386	0	
7.60499	1	3572620	3572620	0	
7.60746	1	3572830	3572830	0	
7.60746	1	3574080	3574080	0	
7.60993	1	3574274	3574274	0	
7.60993	1	3575540	3575540	0	
7.6124	1	3575718	3575718	0	
7.6124	1	3577000	3577000	0	
7.61496	1	3577162	3577162	0	
7.61496	1	3578460	3578460	0	
7.61744	1	3578606	3578606	0	
7.61744	1	3579920	3579920	0	
7.61991	1	3580050	3580050	0	
7.61991	1	3581380	3581380	0	
7.62238	1	3581494	3581494	0	
7.62238	1	3582840	3582840	0	
7.62485	1	3582938	3582938	0	
7.62485	1	3584300	3584300	0	
7.62741	1	3584382	3584382	0	
7.62741	1	3585760	3585760	0	
7.62988	1	3585826	3585826	0	
7.62988	1	3587220	3587220	0	
7.63235	1	3587270	3587270	0	
7.63235	1	3588680	3588680	0	
7.63481	1	3588714	3588714	0	
7.63481	1	3590140	3590140	0	
7.63728	1	3590158	3590158	0	
7.63728	1	3591600	3591600	0	
7.63985	1	3591602	3591602	0	
7.64232	1	3593054	3593054	0	
7.64232	1	3593060	3593060	0	
7.64479	1	3594499	3594499	0	
7.64479	1	3594520	3594520	0	
7.64726	1	3595944	3595944	0	
7.64726	1	3595980	3595980	0	
7.64973	1	3597389	3597389	0	
7.64973	1	3597440	3597440	0	
7.65314	1	3598834	3598834	0	
7.65314	1	3598900	3598900	0	
7.65567	1	3600278	3600278	0	
7.65567	1	3600360	3600360	0	
7.65813	1	3601722	3601722	0	
7.65813	1	3601820	3601820	0	
7.6607	1	3603166	3603166	0	
7.6607	1	3603280	3603280	0	
7.66317	1	3604610	3604610	0	
7.66317	1	3604740	3604740	0	
7.66564	1	3606054	3606054	0	
7.66564	1	3606200	3606200	0	
7.66811	1	3607498	3607498	0	
7.66811	1	3607660	3607660	0	
7.67058	1	3608942	3608942	0	
7.67058	1	3609120	3609120	0	
7.67315	1	3610386	3610386	0	
7.67315	1	3610580	3610580	0	
7.67562	1	3611830	3611830	0	
7.67562	1	3612040	3612040	0	
7.67808	1	3613274	3613274	0	
7.67808	1	3613500	3613500	0	
7.68055	1	3614718	3614718	0	
7.68055	1	3614960	3614960	0	
7.68302	1	3616162	3616162	0	
7.68302	1	3616420	3616420	0	
7.68549	1	3617606	3617606	0	
7.68549	1	3617880	3617880	0	
7.68796	1	3619050	3619050	0	
7.68796	1	3619340	3619340	0	
7.69044	1	3620494	3620494	0	
7.69044	1	3620800	3620800	0	
7.693	1	3621938	3621938	0	
7.693	1	3622260	3622260	0	
7.69547	1	3623382	3623382	0	
7.69547	1	3623720	3623720	0	
7.69794	1	3624826	3624826	0	
7.69794	1	3625180	3625180	0	
7.70041	1	3626270	3626270	0	
7.70041	1	3626640	3626640	0	
7.70288	1	3627714	3627714	0	
7.70288	1	3628100	3628100	0	
7.70544	1	3629158	3629158	0	
7.70544	1	3629560	3629560	0	
7.70791	1	3630602	3630602	0	
7.70791	1	3631020	3631020	0	
7.71038	1	3632046	3632046	0	
7.71038	1	3632480	3632480	0	
7.71286	1	3633490	3633490	0	
7.71286	1	3633940	3633940	0	
7.71532	1	3634934	3634934	0	
7.71532	1	3635400	3635400	0	
7.71779	1	3636378	3636378	0	
7.71779	1	3636860	3636860	0	
7.72026	1	3637822	3637822	0	
7.72026	1	3638320	3638320	0	
7.72273	1	3639266	3639266	0	
7.72273	1	3639780	3639780	0	
7.7253	1	3640710	3640710	0	
7.7253	1	3641240	3641240	0	
7.72776	1	3642154	3642154	0	
7.72776	1	3642700	3642700	0	
7.73023	1	3643598	3643598	0	
7.73023	1	3644160	3644160	0	
7.7327	1	3645042	3645042	0	
7.7327	1	3645620	3645620	0	
7.73517	1	3646486	3646486	0	
7.73517	1	3647080	3647080	0	
7.73774	1	3647930	3647930	0	
7.73774	1	3648540	3648540	0	
7.74021	1	3649374	3649374	0	
7.74021	1	3650000	3650000	0	
7.74268	1	3650818	3650818	0	
7.74268	1	3651460	3651460	0	
7.74515	1	3652262	3652262	0	
7.74515	1	3652920	3652920	0	
7.74762	1	3653706	3653706	0	
7.74762	1	3654380	3654380	0	
7.75018	1	3655150	3655150	0	
7.75018	1	3655840	3655840	0	
7.75265	1	3656594	3656594	0	
7.75265	1	3657300	3657300	0	
7.75312	1	3658038	3658038	0	
7.75312	1	3658760	3658760	0	
7.75559	1	3659482	3659482	0	
7.75559	1	3660220	3660220	0	
7.75807	1	3660926	3660926	0	
7.75807	1	3661680	3661680	0	
7.76054	1	3662370	3662370	0	
7.76054	1	3663140	3663140	0	
7.763	1	3663814	3663814	0	
7.763	1	3664600	3664600	0	
7.76547	1	3665258	3665258	0	
7.76547	1	3666060	3666060	0	
7.76804	1	3666702	3666702	0	
7.76804	1	3667520	3667520	0	
7.77051	1	3668146	3668146	0	
7.77051	1	3668980	3668980	0	
7.77298	1	3669590	3669590	0	
7.77298	1	3670440	3670440	0	
7.77544	1	3671034	3671034	0	
7.77544	1	3671900	3671900	0	
7.77791	1	3672478	3672478	0	
7.77791	1	3673360	3673360	0	
7.78049	1	3673922	3673922	0	
7.78049	1	3674820	3674820	0	
7.78296	1	3675366	3675366	0	
7.78296	1	3676280	3676280	0	
7.78542	1	3676810	3676810	0	
7.78542	1	3677740	3677740	0	
7.78789	1	3678254	3678254	0	
7.78789	1	3679200	3679200	0	
7.79036	1	3679698	3679698	0	
7.79036	1	3680660	3680660	0	
7.79283	1	3681142	3681142	0	
7.79283	1	3682120	3682120	0	
7.7953	1	3682586	3682586	0	
7.7953	1	3683580	3683580	0	
7.79777	1	3684030	3684030	0	
7.79777	1	3685040	3685040	0	
7.80033	1	3685474	3685474	0	
7.80033	1	3686500	3686500	0	
7.8028	1	3686918	3686918	0	
7.8028	1	3687960	3687960	0	
7.80528	1	3688362	3688362	0	
7.80528	1	3689420	3689420	0	
7.80775	1	3689806	3689806	0	
7.80775	1	3690880	3690880	0	
7.81022	1	3691250	3691250	0	
7.81022	1	3692340	3692340	0	
7.81278	1	3692694	3692694	0	
7.81278	1	3693800	3693800	0	
7.81525	1	3694138	3694138	0	
7.81525	1	3695260	3695260	0	
7.81772	1	3695582	3695582	0	
7.81772	1	3696720	3696720	0	
7.82019	1	3697026	3697026	0	
7.82019	1	3698180	3698180	0	
7.82266	1	3698470	3698470	0	
7.82266	1	3699640	3699640	0	
7.82512	1	3699914	3699914	0	
7.82512	1	3701100	3701100	0	
7.82759	1	3701358	3701358	0	
7.82759	1	3702560	3702560	0	
7.83007	1	3702802	3702802	0	
7.83007	1	3704020	3704020	0	
7.83264	1	3704246	3704246	0	
7.83264	1	3705480	3705480	0	
7.8351	1	3705690	3705690	0	
7.8351	1	3706940	3706940	0	
7.83757	1	3707134	3707134	0	
7.83757	1	3708400	3708400	0	
7.84004	1	3708578	3708578	0	
7.84004	1	3709860	3709860	0	
7.84251	1	3710022	3710022	0	
7.84251	1	3711320	3711320	0	
7.84508	1	3711466	3711466	0	
7.84508	1	3712780	3712780	0	
7.84754	1	3712910	3712910	0	
7.84754	1	3714240	3714240	0	
7.85001	1	3714354	3714354	0	
7.85001	1	3715700	3715700	0	
7.85644	1	3715798	3715798	0	
7.85644	1	3717160	3717160	0	
7.85896	1	3717242	3717242	0	
7.85896	1	3718620	3718620	0	
7.86152	1	3718686	3718686	0	
7.86152	1	3720080	3720080	0	
7.86399	1	3720130	3720130	0	
7.86399	1	3721540	3721540	0	
7.86646	1	3721574	3721574	0	
7.86646	1	3723000	3723000	0	
7.86892	1	3723018	3723018	0	
7.86892	1	3724460	3724460	0	
7.87139	1	3724462	3724462	0	
7.87386	1	3725914	3725914	0	
7.87386	1	3725920	3725920	0	
7.87633	1	3727359	3727359	0	
7.87633	1	3727380	3727380	0	
7.8788	1	3728804	3728804	0	
7.8788	1	3728840	3728840	0	
7.88137	1	3730249	3730249	0	
7.88137	1	3730300	3730300	0	
7.88384	1	3731694	3731694	0	
7.88384	1	3731760	3731760	0	
7.88631	1	3733138	3733138	0	
7.88631	1	3733220	3733220	0	
7.88878	1	3734582	3734582	0	
7.88878	1	3734680	3734680	0	
7.89125	1	3736026	3736026	0	
7.89125	1	3736140	3736140	0	
7.89381	1	3737470	3737470	0	
7.89381	1	3737600	3737600	0	
7.89628	1	3738914	3738914	0	
7.89628	1	3739060	3739060	0	
7.89875	1	3740358	3740358	0	
7.89875	1	3740520	3740520	0	
7.90122	1	3741802	3741802	0	
7.90122	1	3741980	3741980	0	
7.90369	1	3743246	3743246	0	
7.90369	1	3743440	3743440	0	
7.90616	1	3744690	3744690	0	
7.90616	1	3744900	3744900	0	
7.90863	1	3746134	3746134	0	
7.90863	1	3746360	3746360	0	
7.9111	1	3747578	3747578	0	
7.9111	1	3747820	3747820	0	
7.91367	1	3749022	3749022	0	
7.91367	1	3749280	3749280	0	
7.91613	1	3750466	3750466	0	
7.91613	1	3750740	3750740	0	
7.9186	1	3751910	3751910	0	
7.9186	1	3752200	3752200	0	
7.92107	1	3753354	3753354	0	
7.92107	1	3753660	3753660	0	
7.92354	1	3754798	3754798	0	
7.92354	1	3755120	3755120	0	
7.92611	1	3756242	3756242	0	
7.92611	1	3756580	3756580	0	
7.92858	1	3757686	3757686	0	
7.92858	1	3758040	3758040	0	
7.93105	1	3759130	3759130	0	
7.93105	1	3759500	3759500	0	
7.93352	1	3760574	3760574	0	
7.93352	1	3760960	3760960	0	
7.93599	1	3762018	3762018	0	
7.93599	1	3762420	3762420	0	
7.93855	1	3763462	3763462	0	
7.93855	1	3763880	3763880	0	
7.94102	1	3764906	3764906	0	
7.94102	1	3765340	3765340	0	
7.94349	1	3766350	3766350	0	
7.94349	1	3766800	3766800	0	
7.94596	1	3767794	3767794	0	
7.94596	1	3768260	3768260	0	
7.94843	1	3769238	3769238	0	
7.94843	1	3769720	3769720	0	
7.95091	1	3770682	3770682	0	
7.95091	1	3771180	3771180	0	
7.95337	1	3772126	3772126	0	
7.95337	1	3772640	3772640	0	
7.95531	1	3773570	3775014	0	
7.95531	1	3773570	3775560	546	
7.95584	1	3773570	3773570	1444	
7.95584	1	3774100	3774100	1444	
7.95788	1	3776458	3776458	0	
7.95788	1	3777020	3777020	0	
7.96035	1	3777902	3777902	0	
7.96035	1	3778480	3778480	0	
7.96281	1	3779346	3779346	0	
7.96281	1	3779940	3779940	0	
7.96528	1	3780790	3780790	0	
7.96528	1	3781400	3781400	0	
7.96775	1	3782234	3782234	0	
7.96775	1	3782860	3782860	0	
7.97032	1	3783678	3783678	0	
7.97032	1	3784320	3784320	0	
7.97279	1	3785122	3785122	0	
7.97279	1	3785780	3785780	0	
7.97526	1	3786566	3786566	0	
7.97526	1	3787240	3787240	0	
7.97773	1	3788010	3788010	0	
7.97773	1	3788700	3788700	0	
7.9802	1	3789454	3789454	0	
7.9802	1	3790160	3790160	0	
7.98267	1	3790898	3790898	0	
7.98267	1	3791620	3791620	0	
7.98514	1	3792342	3792342	0	
7.98514	1	3793080	3793080	0	
7.98761	1	3793786	3793786	0	
7.98761	1	3794540	3794540	0	
7.99017	1	3795230	3795230	0	
7.99017	1	3796000	3796000	0	
7.99264	1	3796674	3796674	0	
7.99264	1	3797460	3797460	0	
7.99512	1	3798118	3798118	0	
7.99512	1	3798920	3798920	0	
7.99759	1	3799562	3799562	0	
7.99759	1	3800380	3800380	0	
8.00005	1	3801006	3801006	0	
8.00005	1	3801840	3801840	0	
8.00262	1	3802450	3802450	0	
8.00262	1	3803300	3803300	0	
8.00509	1	3803894	3803894	0	
8.00509	1	3804760	3804760	0	
8.00756	1	3805338	3805338	0	
8.00756	1	3806220	3806220	0	
8.01003	1	3806782	3806782	0	
8.01003	1	3807680	3807680	0	
8.01249	1	3808226	3808226	0	
8.01249	1	3809140	3809140	0	
8.01496	1	3809670	3809670	0	
8.01496	1	3810600	3810600	0	
8.01743	1	3811114	3811114	0	
8.01743	1	3812060	3812060	0	
8.01991	1	3812558	3812558	0	
8.01991	1	3813520	3813520	0	
8.02247	1	3814002	3814002	0	
8.02247	1	3814980	3814980	0	
8.02494	1	3815446	3815446	0	
8.02494	1	3816440	3816440	0	
8.02741	1	3816890	3816890	0	
8.02741	1	3817900	3817900	0	
8.02988	1	3818334	3818334	0	
8.02988	1	3819360	3819360	0	
8.03235	1	3819778	3819778	0	
8.03235	1	3820820	3820820	0	
8.03491	1	3821222	3821222	0	
8.03491	1	3822280	3822280	0	
8.03738	1	3822666	3822666	0	
8.03738	1	3823740	3823740	0	
8.03985	1	3824110	3824110	0	
8.03985	1	3825200	3825200	0	
8.04233	1	3825554	3825554	0	
8.04233	1	3826660	3826660	0	
8.0448	1	3826998	3826998	0	
8.0448	1	3828120	3828120	0	
8.04736	1	3828442	3828442	0	
8.04736	1	3829580	3829580	0	
8.04983	1	3829886	3829886	0	
8.04983	1	3831040	3831040	0	
8.05324	1	3831330	3831330	0	
8.05324	1	3832500	3832500	0	
8.05577	1	3832774	3832774	0	
8.05577	1	3833960	3833960	0	
8.05824	1	3834218	3834218	0	
8.05824	1	3835420	3835420	0	
8.06071	1	3835662	3835662	0	
8.06071	1	3836880	3836880	0	
8.06317	1	3837106	3837106	0	
8.06317	1	3838340	3838340	0	
8.06564	1	3838550	3838550	0	
8.06564	1	3839800	3839800	0	
8.06822	1	3839994	3839994	0	
8.06822	1	3841260	3841260	0	
8.07068	1	3841438	3841438	0	
8.07068	1	3842720	3842720	0	
8.07315	1	3842882	3842882	0	
8.07315	1	3844180	3844180	0	
8.07562	1	3844326	3844326	0	
8.07562	1	3845640	3845640	0	
8.07809	1	3845770	3845770	0	
8.07809	1	3847100	3847100	0	
8.08066	1	3847214	3847214	0	
8.08066	1	3848560	3848560	0	
8.08312	1	3848658	3848658	0	
8.08312	1	3850020	3850020	0	
8.08559	1	3850102	3850102	0	
8.08559	1	3851480	3851480	0	
8.08806	1	3851546	3851546	0	
8.08806	1	3852940	3852940	0	
8.09054	1	3852990	3852990	0	
8.09054	1	3854400	3854400	0	
8.093	1	3854434	3854434	0	
8.093	1	3855860	3855860	0	
8.09547	1	3855878	3855878	0	
8.09547	1	3857320	3857320	0	
8.09794	1	3857322	3857322	0	
8.1005	1	3858774	3858774	0	
8.1005	1	3858780	3858780	0	
8.10297	1	3860219	3860219	0	
8.10297	1	3860240	3860240	0	
8.10544	1	3861664	3861664	0	
8.10544	1	3861700	3861700	0	
8.10791	1	3863109	3863109	0	
8.10791	1	3863160	3863160	0	
8.11038	1	3864554	3864554	0	
8.11038	1	3864620	3864620	0	
8.11295	1	3865998	3865998	0	
8.11295	1	3866080	3866080	0	
8.11542	1	3867442	3867442	0	
8.11542	1	3867540	3867540	0	
8.11789	1	3868886	3868886	0	
8.11789	1	3869000	3869000	0	
8.12036	1	3870330	3870330	0	
8.12036	1	3870460	3870460	0	
8.12283	1	3871774	3871774	0	
8.12283	1	3871920	3871920	0	
8.1253	1	3873218	3873218	0	
8.1253	1	3873380	3873380	0	
8.12776	1	3874662	3874662	0	
8.12776	1	3874840	3874840	0	
8.13023	1	3876106	3876106	0	
8.13023	1	3876300	3876300	0	
8.1328	1	3877550	3877550	0	
8.1328	1	3877760	3877760	0	
8.13527	1	3878994	3878994	0	
8.13527	1	3879220	3879220	0	
8.13774	1	3880438	3880438	0	
8.13774	1	3880680	3880680	0	
8.14021	1	3881882	3881882	0	
8.14021	1	3882140	3882140	0	
8.14268	1	3883326	3883326	0	
8.14268	1	3883600	3883600	0	
8.14525	1	3884770	3884770	0	
8.14525	1	3885060	3885060	0	
8.14772	1	3886214	3886214	0	
8.14772	1	3886520	3886520	0	
8.15018	1	3887658	3887658	0	
8.15018	1	3887980	3887980	0	
8.15265	1	3889102	3889102	0	
8.15265	1	3889440	3889440	0	
8.15512	1	3890546	3890546	0	
8.15512	1	3890900	3890900	0	
8.15759	1	3891990	3891990	0	
8.15759	1	3892360	3892360	0	
8.16006	1	3893434	3893434	0	
8.16006	1	3893820	3893820	0	
8.16254	1	3894878	3894878	0	
8.16254	1	3895280	3895280	0	
8.1651	1	3896322	3896322	0	
8.1651	1	3896740	3896740	0	
8.16757	1	3897766	3897766	0	
8.16757	1	3898200	3898200	0	
8.17004	1	3899210	3899210	0	
8.17004	1	3899660	3899660	0	
8.17251	1	3900654	3900654	0	
8.17251	1	3901120	3901120	0	
8.17498	1	3902098	3902098	0	
8.17498	1	3902580	3902580	0	
8.17754	1	3903542	3903542	0	
8.17754	1	3904040	3904040	0	
8.18001	1	3904986	3904986	0	
8.18001	1	3905500	3905500	0	
8.18248	1	3906430	3906430	0	
8.18248	1	3906960	3906960	0	
8.18496	1	3907874	3907874	0	
8.18496	1	3908420	3908420	0	
8.18742	1	3909318	3909318	0	
8.18742	1	3909880	3909880	0	
8.18999	1	3910762	3910762	0	
8.18999	1	3911340	3911340	0	
8.19246	1	3912206	3912206	0	
8.19246	1	3912800	3912800	0	
8.19493	1	3913650	3913650	0	
8.19493	1	3914260	3914260	0	
8.1974	1	3915094	3915094	0	
8.1974	1	3915720	3915720	0	
8.19986	1	3916538	3916538	0	
8.19986	1	3917180	3917180	0	
8.20233	1	3917982	3917982	0	
8.20233	1	3918640	3918640	0	
8.2048	1	3919426	3919426	0	
8.2048	1	3920100	3920100	0	
8.20727	1	3920870	3920870	0	
8.20727	1	3921560	3921560	0	
8.20984	1	3922314	3922314	0	
8.20984	1	3923020	3923020	0	
8.21231	1	3923758	3923758	0	
8.21231	1	3924480	3924480	0	
8.21478	1	3925202	3925202	0	
8.21478	1	3925940	3925940	0	
8.21725	1	3926646	3926646	0	
8.21725	1	3927400	3927400	0	
8.21972	1	3928090	3928090	0	
8.21972	1	3928860	3928860	0	
8.22228	1	3929534	3929534	0	
8.22228	1	3930320	3930320	0	
8.22475	1	3930978	3930978	0	
8.22475	1	3931780	3931780	0	
8.22722	1	3932422	3932422	0	
8.22722	1	3933240	3933240	0	
8.22969	1	3933866	3933866	0	
8.22969	1	3934700	3934700	0	
8.23217	1	3935310	3935310	0	
8.23217	1	3936160	3936160	0	
8.23464	1	3936754	3936754	0	
8.23464	1	3937620	3937620	0	
8.2371	1	3938198	3938198	0	
8.2371	1	3939080	3939080	0	
8.23957	1	3939642	3939642	0	
8.23957	1	3940540	3940540	0	
8.24214	1	3941086	3941086	0	
8.24214	1	3942000	3942000	0	
8.24461	1	3942530	3942530	0	
8.24461	1	3943460	3943460	0	
8.24708	1	3943974	3943974	0	
8.24708	1	3944920	3944920	0	
8.24954	1	3945418	3945418	0	
8.24954	1	3946380	3946380	0	
8.25201	1	3946862	3946862	0	
8.25201	1	3947840	3947840	0	
8.25359	1	3948306	3948306	0	
8.25359	1	3949300	3949300	0	
8.25605	1	3949750	3949750	0	
8.25605	1	3950760	3950760	0	
8.25852	1	3951194	3951194	0	
8.25852	1	3952220	3952220	0	
8.26099	1	3952638	3952638	0	
8.26099	1	3953680	3953680	0	
8.26346	1	3954082	3954082	0	
8.26346	1	3955140	3955140	0	
8.26593	1	3955526	3955526	0	
8.26593	1	3956600	3956600	0	
8.2684	1	3956970	3956970	0	
8.2684	1	3958060	3958060	0	
8.27087	1	3958414	3958414	0	
8.27087	1	3959520	3959520	0	
8.27343	1	3959858	3959858	0	
8.27343	1	3960980	3960980	0	
8.2759	1	3961302	3961302	0	
8.2759	1	3962440	3962440	0	
8.27838	1	3962746	3962746	0	
8.27838	1	3963900	3963900	0	
8.28085	1	3964190	3964190	0	
8.28085	1	3965360	3965360	0	
8.28332	1	3965634	3965634	0	
8.28332	1	3966820	3966820	0	
8.28588	1	3967078	3967078	0	
8.28588	1	3968280	3968280	0	
8.28835	1	3968522	3968522	0	
8.28835	1	3969740	3969740	0	
8.29082	1	3969966	3969966	0	
8.29082	1	3971200	3971200	0	
8.29329	1	3971410	3971410	0	
8.29329	1	3972660	3972660	0	
8.29576	1	3972854	3972854	0	
8.29576	1	3974120	3974120	0	
8.29832	1	3974298	3974298	0	
8.29832	1	3975580	3975580	0	
8.3008	1	3975742	3975742	0	
8.3008	1	3977040	3977040	0	
8.30327	1	3977186	3977186	0	
8.30327	1	3978500	3978500	0	
8.30573	1	3978630	3978630	0	
8.30573	1	3979960	3979960	0	
8.3082	1	3980074	3980074	0	
8.3082	1	3981420	3981420	0	
8.31067	1	3981518	3981518	0	
8.31067	1	3982880	3982880	0	
8.31314	1	3982962	3982962	0	
8.31314	1	3984340	3984340	0	
8.31561	1	3984406	3984406	0	
8.31561	1	3985800	3985800	0	
8.31817	1	3985850	3985850	0	
8.31817	1	3987260	3987260	0	
8.32064	1	3987294	3987294	0	
8.32064	1	3988720	3988720	0	
8.32311	1	3988738	3988738	0	
8.32311	1	3990180	3990180	0	
8.32558	1	3990182	3990182	0	
8.32805	1	3991634	3991634	0	
8.32805	1	3991640	3991640	0	
8.33062	1	3993079	3993079	0	
8.33062	1	3993100	3993100	0	
8.33308	1	3994524	3994524	0	
8.33308	1	3994560	3994560	0	
8.33555	1	3995969	3995969	0	
8.33555	1	3996020	3996020	0	
8.33802	1	3997414	3997414	0	
8.33802	1	3997480	3997480	0	
8.34049	1	3998858	3998858	0	
8.34049	1	3998940	3998940	0	
8.34296	1	4000302	4000302	0	
8.34296	1	4000400	4000400	0	
8.34543	1	4001746	4001746	0	
8.34543	1	4001860	4001860	0	
8.3479	1	4003190	4003190	0	
8.3479	1	4003320	4003320	0	
8.35047	1	4004634	4004634	0	
8.35047	1	4004780	4004780	0	
8.35588	1	4006078	4006078	0	
8.35588	1	4006240	4006240	0	
8.35841	1	4007522	4007522	0	
8.35841	1	4007700	4007700	0	
8.36088	1	4008966	4008966	0	
8.36088	1	4009160	4009160	0	
8.36335	1	4010410	4010410	0	
8.36335	1	4010620	4010620	0	
8.36591	1	4011854	4011854	0	
8.36591	1	4012080	4012080	0	
8.36838	1	4013298	4013298	0	
8.36838	1	4013540	4013540	0	
8.37085	1	4014742	4014742	0	
8.37085	1	4015000	4015000	0	
8.37332	1	4016186	4016186	0	
8.37332	1	4016460	4016460	0	
8.37579	1	4017630	4017630	0	
8.37579	1	4017920	4017920	0	
8.37826	1	4019074	4019074	0	
8.37826	1	4019380	4019380	0	
8.38083	1	4020518	4020518	0	
8.38083	1	4020840	4020840	0	
8.3833	1	4021962	4021962	0	
8.3833	1	4022300	4022300	0	
8.38576	1	4023406	4023406	0	
8.38576	1	4023760	4023760	0	
8.38823	1	4024850	4024850	0	
8.38823	1	4025220	4025220	0	
8.3907	1	4026294	4026294	0	
8.3907	1	4026680	4026680	0	
8.39317	1	4027738	4027738	0	
8.39317	1	4028140	4028140	0	
8.39564	1	4029182	4029182	0	
8.39564	1	4029600	4029600	0	
8.39811	1	4030626	4030626	0	
8.39811	1	4031060	4031060	0	
8.40068	1	4032070	4032070	0	
8.40068	1	4032520	4032520	0	
8.40315	1	4033514	4033514	0	
8.40315	1	4033980	4033980	0	
8.40562	1	4034958	4034958	0	
8.40562	1	4035440	4035440	0	
8.40809	1	4036402	4036402	0	
8.40809	1	4036900	4036900	0	
8.41056	1	4037846	4037846	0	
8.41056	1	4038360	4038360	0	
8.41312	1	4039290	4039290	0	
8.41312	1	4039820	4039820	0	
8.41559	1	4040734	4040734	0	
8.41559	1	4041280	4041280	0	
8.41806	1	4042178	4042178	0	
8.41806	1	4042740	4042740	0	
8.42053	1	4043622	4043622	0	
8.42053	1	4044200	4044200	0	
8.423	1	4045066	4045066	0	
8.423	1	4045660	4045660	0	
8.42547	1	4046510	4046510	0	
8.42547	1	4047120	4047120	0	
8.42794	1	4047954	4047954	0	
8.42794	1	4048580	4048580	0	
8.43041	1	4049398	4049398	0	
8.43041	1	4050040	4050040	0	
8.43298	1	4050842	4050842	0	
8.43298	1	4051500	4051500	0	
8.43544	1	4052286	4052286	0	
8.43544	1	4052960	4052960	0	
8.43791	1	4053730	4053730	0	
8.43791	1	4054420	4054420	0	
8.44038	1	4055174	4055174	0	
8.44038	1	4055880	4055880	0	
8.44285	1	4056618	4056618	0	
8.44285	1	4057340	4057340	0	
8.44542	1	4058062	4058062	0	
8.44542	1	4058800	4058800	0	
8.44789	1	4059506	4059506	0	
8.44789	1	4060260	4060260	0	
8.45036	1	4060950	4060950	0	
8.45036	1	4061720	4061720	0	
8.45283	1	4062394	4062394	0	
8.45283	1	4063180	4063180	0	
8.4553	1	4063838	4063838	0	
8.4553	1	4064640	4064640	0	
8.45677	1	4065282	4065282	0	
8.45677	1	4066100	4066100	0	
8.45924	1	4066726	4066726	0	
8.45924	1	4067560	4067560	0	
8.46171	1	4068170	4068170	0	
8.46171	1	4069020	4069020	0	
8.46427	1	4069614	4069614	0	
8.46427	1	4070480	4070480	0	
8.46674	1	4071058	4071058	0	
8.46674	1	4071940	4071940	0	
8.46922	1	4072502	4072502	0	
8.46922	1	4073400	4073400	0	
8.47168	1	4073946	4073946	0	
8.47168	1	4074860	4074860	0	
8.47415	1	4075390	4075390	0	
8.47415	1	4076320	4076320	0	
8.47672	1	4076834	4076834	0	
8.47672	1	4077780	4077780	0	
8.47919	1	4078278	4078278	0	
8.47919	1	4079240	4079240	0	
8.48166	1	4079722	4079722	0	
8.48166	1	4080700	4080700	0	
8.48412	1	4081166	4081166	0	
8.48412	1	4082160	4082160	0	
8.48659	1	4082610	4082610	0	
8.48659	1	4083620	4083620	0	
8.48916	1	4084054	4084054	0	
8.48916	1	4085080	4085080	0	
8.49164	1	4085498	4085498	0	
8.49164	1	4086540	4086540	0	
8.4941	1	4086942	4086942	0	
8.4941	1	4088000	4088000	0	
8.49657	1	4088386	4088386	0	
8.49657	1	4089460	4089460	0	
8.49904	1	4089830	4089830	0	
8.49904	1	4090920	4090920	0	
8.50151	1	4091274	4091274	0	
8.50151	1	4092380	4092380	0	
8.50398	1	4092718	4092718	0	
8.50398	1	4093840	4093840	0	
8.50645	1	4094162	4094162	0	
8.50645	1	4095300	4095300	0	
8.50901	1	4095606	4095606	0	
8.50901	1	4096760	4096760	0	
8.51148	1	4097050	4097050	0	
8.51148	1	4098220	4098220	0	
8.51395	1	4098494	4098494	0	
8.51395	1	4099680	4099680	0	
8.51643	1	4099938	4099938	0	
8.51643	1	4101140	4101140	0	
8.5189	1	4101382	4101382	0	
8.5189	1	4102600	4102600	0	
8.52146	1	4102826	4102826	0	
8.52146	1	4104060	4104060	0	
8.52393	1	4104270	4104270	0	
8.52393	1	4105520	4105520	0	
8.5264	1	4105714	4105714	0	
8.5264	1	4106980	4106980	0	
8.52887	1	4107158	4107158	0	
8.52887	1	4108440	4108440	0	
8.53134	1	4108602	4108602	0	
8.53134	1	4109900	4109900	0	
8.5338	1	4110046	4110046	0	
8.5338	1	4111360	4111360	0	
8.53627	1	4111490	4111490	0	
8.53627	1	4112820	4112820	0	
8.53874	1	4112934	4112934	0	
8.53874	1	4114280	4114280	0	
8.54132	1	4114378	4114378	0	
8.54132	1	4115740	4115740	0	
8.54378	1	4115822	4115822	0	
8.54378	1	4117200	4117200	0	
8.54625	1	4117266	4117266	0	
8.54625	1	4118660	4118660	0	
8.54872	1	4118710	4118710	0	
8.54872	1	4120120	4120120	0	
8.55119	1	4120154	4120154	0	
8.55119	1	4121580	4121580	0	
8.5546	1	4121598	4121598	0	
8.5546	1	4123040	4123040	0	
8.55722	1	4123042	4123042	0	
8.55969	1	4124494	4124494	0	
8.55969	1	4124500	4124500	0	
8.56216	1	4125939	4125939	0	
8.56216	1	4125960	4125960	0	
8.56463	1	4127384	4127384	0	
8.56463	1	4127420	4127420	0	
8.5671	1	4128829	4128829	0	
8.5671	1	4128880	4128880	0	
8.56957	1	4130274	4130274	0	
8.56957	1	4130340	4130340	0	
8.57204	1	4131718	4131718	0	
8.57204	1	4131800	4131800	0	
8.5746	1	4133162	4133162	0	
8.5746	1	4133260	4133260	0	
8.57707	1	4134606	4134606	0	
8.57707	1	4134720	4134720	0	
8.57954	1	4136050	4136050	0	
8.57954	1	4136180	4136180	0	
8.58201	1	4137494	4137494	0	
8.58201	1	4137640	4137640	0	
8.58448	1	4138938	4138938	0	
8.58448	1	4139100	4139100	0	
8.58695	1	4140382	4140382	0	
8.58695	1	4140560	4140560	0	
8.58952	1	4141826	4141826	0	
8.58952	1	4142020	4142020	0	
8.59199	1	4143270	4143270	0	
8.59199	1	4143480	4143480	0	
8.59446	1	4144714	4144714	0	
8.59446	1	4144940	4144940	0	
8.59693	1	4146158	4146158	0	
8.59693	1	4146400	4146400	0	
8.5994	1	4147602	4147602	0	
8.5994	1	4147860	4147860	0	
8.60196	1	4149046	4149046	0	
8.60196	1	4149320	4149320	0	
8.60443	1	4150490	4150490	0	
8.60443	1	4150780	4150780	0	
8.6069	1	4151934	4151934	0	
8.6069	1	4152240	4152240	0	
8.60937	1	4153378	4153378	0	
8.60937	1	4153700	4153700	0	
8.61184	1	4154822	4154822	0	
8.61184	1	4155160	4155160	0	
8.61431	1	4156266	4156266	0	
8.61431	1	4156620	4156620	0	
8.61678	1	4157710	4157710	0	
8.61678	1	4158080	4158080	0	
8.61925	1	4159154	4159154	0	
8.61925	1	4159540	4159540	0	
8.62181	1	4160598	4160598	0	
8.62181	1	4161000	4161000	0	
8.62428	1	4162042	4162042	0	
8.62428	1	4162460	4162460	0	
8.62675	1	4163486	4163486	0	
8.62675	1	4163920	4163920	0	
8.62922	1	4164930	4164930	0	
8.62922	1	4165380	4165380	0	
8.63169	1	4166374	4166374	0	
8.63169	1	4166840	4166840	0	
8.63426	1	4167818	4167818	0	
8.63426	1	4168300	4168300	0	
8.63673	1	4169262	4169262	0	
8.63673	1	4169760	4169760	0	
8.6392	1	4170706	4170706	0	
8.6392	1	4171220	4171220	0	
8.64167	1	4172150	4172150	0	
8.64167	1	4172680	4172680	0	
8.64414	1	4173594	4173594	0	
8.64414	1	4174140	4174140	0	
8.64661	1	4175038	4175038	0	
8.64661	1	4175600	4175600	0	
8.64908	1	4176482	4176482	0	
8.64908	1	4177060	4177060	0	
8.65164	1	4177926	4177926	0	
8.65164	1	4178520	4178520	0	
8.65358	1	4179370	4180814	0	
8.65358	1	4179370	4181440	626	
8.65411	1	4179370	4179370	1444	
8.65411	1	4179980	4179980	1444	
8.65605	1	4182258	4182258	0	
8.65605	1	4182900	4182900	0	
8.65852	1	4183702	4183702	0	
8.65852	1	4184360	4184360	0	
8.66099	1	4185146	4185146	0	
8.66099	1	4185820	4185820	0	
8.66356	1	4186590	4186590	0	
8.66356	1	4187280	4187280	0	
8.66603	1	4188034	4188034	0	
8.66603	1	4188740	4188740	0	
8.66849	1	4189478	4189478	0	
8.66849	1	4190200	4190200	0	
8.67096	1	4190922	4190922	0	
8.67096	1	4191660	4191660	0	
8.67343	1	4192366	4192366	0	
8.67343	1	4193120	4193120	0	
8.6759	1	4193810	4193810	0	
8.6759	1	4194580	4194580	0	
8.67837	1	4195254	4195254	0	
8.67837	1	4196040	4196040	0	
8.68094	1	4196698	4196698	0	
8.68094	1	4197500	4197500	0	
8.68341	1	4198142	4198142	0	
8.68341	1	4198960	4198960	0	
8.68588	1	4199586	4199586	0	
8.68588	1	4200420	4200420	0	
8.68835	1	4201030	4201030	0	
8.68835	1	4201880	4201880	0	
8.69082	1	4202474	4202474	0	
8.69082	1	4203340	4203340	0	
8.69329	1	4203918	4203918	0	
8.69329	1	4204800	4204800	0	
8.69585	1	4205362	4205362	0	
8.69585	1	4206260	4206260	0	
8.69832	1	4206806	4206806	0	
8.69832	1	4207720	4207720	0	
8.70079	1	4208250	4208250	0	
8.70079	1	4209180	4209180	0	
8.70327	1	4209694	4209694	0	
8.70327	1	4210640	4210640	0	
8.70573	1	4211138	4211138	0	
8.70573	1	4212100	4212100	0	
8.7083	1	4212582	4212582	0	
8.7083	1	4213560	4213560	0	
8.71077	1	4214026	4214026	0	
8.71077	1	4215020	4215020	0	
8.71324	1	4215470	4215470	0	
8.71324	1	4216480	4216480	0	
8.71571	1	4216914	4216914	0	
8.71571	1	4217940	4217940	0	
8.71817	1	4218358	4218358	0	
8.71817	1	4219400	4219400	0	
8.72064	1	4219802	4219802	0	
8.72064	1	4220860	4220860	0	
8.72311	1	4221246	4221246	0	
8.72311	1	4222320	4222320	0	
8.72558	1	4222690	4222690	0	
8.72558	1	4223780	4223780	0	
8.72815	1	4224134	4224134	0	
8.72815	1	4225240	4225240	0	
8.73062	1	4225578	4225578	0	
8.73062	1	4226700	4226700	0	
8.73309	1	4227022	4227022	0	
8.73309	1	4228160	4228160	0	
8.73556	1	4228466	4228466	0	
8.73556	1	4229620	4229620	0	
8.73803	1	4229910	4229910	0	
8.73803	1	4231080	4231080	0	
8.74059	1	4231354	4231354	0	
8.74059	1	4232540	4232540	0	
8.74306	1	4232798	4232798	0	
8.74306	1	4234000	4234000	0	
8.74553	1	4234242	4234242	0	
8.74553	1	4235460	4235460	0	
8.748	1	4235686	4235686	0	
8.748	1	4236920	4236920	0	
8.75048	1	4237130	4237130	0	
8.75048	1	4238380	4238380	0	
8.75489	1	4238574	4238574	0	
8.75489	1	4239840	4239840	0	
8.75741	1	4240018	4240018	0	
8.75741	1	4241300	4241300	0	
8.75998	1	4241462	4241462	0	
8.75998	1	4242760	4242760	0	
8.76245	1	4242906	4242906	0	
8.76245	1	4244220	4244220	0	
8.76492	1	4244350	4244350	0	
8.76492	1	4245680	4245680	0	
8.76739	1	4245794	4245794	0	
8.76739	1	4247140	4247140	0	
8.76985	1	4247238	4247238	0	
8.76985	1	4248600	4248600	0	
8.77232	1	4248682	4248682	0	
8.77232	1	4250060	4250060	0	
8.7749	1	4250126	4250126	0	
8.7749	1	4251520	4251520	0	
8.77736	1	4251570	4251570	0	
8.77736	1	4252980	4252980	0	
8.77983	1	4253014	4253014	0	
8.77983	1	4254440	4254440	0	
8.7823	1	4254458	4254458	0	
8.7823	1	4255900	4255900	0	
8.78476	1	4255902	4255902	0	
8.78723	1	4257354	4257354	0	
8.78723	1	4257360	4257360	0	
8.7897	1	4258799	4258799	0	
8.7897	1	4258820	4258820	0	
8.79217	1	4260244	4260244	0	
8.79217	1	4260280	4260280	0	
8.79474	1	4261689	4261689	0	
8.79474	1	4261740	4261740	0	
8.79721	1	4263134	4263134	0	
8.79721	1	4263200	4263200	0	
8.79968	1	4264578	4264578	0	
8.79968	1	4264660	4264660	0	
8.80215	1	4266022	4266022	0	
8.80215	1	4266120	4266120	0	
8.80462	1	4267466	4267466	0	
8.80462	1	4267580	4267580	0	
8.80709	1	4268910	4268910	0	
8.80709	1	4269040	4269040	0	
8.80965	1	4270354	4270354	0	
8.80965	1	4270500	4270500	0	
8.81212	1	4271798	4271798	0	
8.81212	1	4271960	4271960	0	
8.81459	1	4273242	4273242	0	
8.81459	1	4273420	4273420	0	
8.81706	1	4274686	4274686	0	
8.81706	1	4274880	4274880	0	
8.81953	1	4276130	4276130	0	
8.81953	1	4276340	4276340	0	
8.8221	1	4277574	4277574	0	
8.8221	1	4277800	4277800	0	
8.82457	1	4279018	4279018	0	
8.82457	1	4279260	4279260	0	
8.82704	1	4280462	4280462	0	
8.82704	1	4280720	4280720	0	
8.82951	1	4281906	4281906	0	
8.82951	1	4282180	4282180	0	
8.83198	1	4283350	4283350	0	
8.83198	1	4283640	4283640	0	
8.83444	1	4284794	4284794	0	
8.83444	1	4285100	4285100	0	
8.83691	1	4286238	4286238	0	
8.83691	1	4286560	4286560	0	
8.83938	1	4287682	4287682	0	
8.83938	1	4288020	4288020	0	
8.84195	1	4289126	4289126	0	
8.84195	1	4289480	4289480	0	
8.84442	1	4290570	4290570	0	
8.84442	1	4290940	4290940	0	
8.84689	1	4292014	4292014	0	
8.84689	1	4292400	4292400	0	
8.84936	1	4293458	4293458	0	
8.84936	1	4293860	4293860	0	
8.85183	1	4294902	4294902	0	
8.85183	1	4295320	4295320	0	
8.85439	1	4296346	4296346	0	
8.85439	1	4296780	4296780	0	
8.85586	1	4297790	4297790	0	
8.85586	1	4298240	4298240	0	
8.85833	1	4299234	4299234	0	
8.85833	1	4299700	4299700	0	
8.8608	1	4300678	4300678	0	
8.8608	1	4301160	4301160	0	
8.86327	1	4302122	4302122	0	
8.86327	1	4302620	4302620	0	
8.86574	1	4303566	4303566	0	
8.86574	1	4304080	4304080	0	
8.86821	1	4305010	4305010	0	
8.86821	1	4305540	4305540	0	
8.87078	1	4306454	4306454	0	
8.87078	1	4307000	4307000	0	
8.87325	1	4307898	4307898	0	
8.87325	1	4308460	4308460	0	
8.87572	1	4309342	4309342	0	
8.87572	1	4309920	4309920	0	
8.87819	1	4310786	4310786	0	
8.87819	1	4311380	4311380	0	
8.88066	1	4312230	4312230	0	
8.88066	1	4312840	4312840	0	
8.88312	1	4313674	4313674	0	
8.88312	1	4314300	4314300	0	
8.88569	1	4315118	4315118	0	
8.88569	1	4315760	4315760	0	
8.88816	1	4316562	4316562	0	
8.88816	1	4317220	4317220	0	
8.89063	1	4318006	4318006	0	
8.89063	1	4318680	4318680	0	
8.8931	1	4319450	4319450	0	
8.8931	1	4320140	4320140	0	
8.89557	1	4320894	4320894	0	
8.89557	1	4321600	4321600	0	
8.89814	1	4322338	4322338	0	
8.89814	1	4323060	4323060	0	
8.90061	1	4323782	4323782	0	
8.90061	1	4324520	4324520	0	
8.90308	1	4325226	4325226	0	
8.90308	1	4325980	4325980	0	
8.90554	1	4326670	4326670	0	
8.90554	1	4327440	4327440	0	
8.90801	1	4328114	4328114	0	
8.90801	1	4328900	4328900	0	
8.91048	1	4329558	4329558	0	
8.91048	1	4330360	4330360	0	
8.91295	1	4331002	4331002	0	
8.91295	1	4331820	4331820	0	
8.91542	1	4332446	4332446	0	
8.91542	1	4333280	4333280	0	
8.91799	1	4333890	4333890	0	
8.91799	1	4334740	4334740	0	
8.92046	1	4335334	4335334	0	
8.92046	1	4336200	4336200	0	
8.92293	1	4336778	4336778	0	
8.92293	1	4337660	4337660	0	
8.9254	1	4338222	4338222	0	
8.9254	1	4339120	4339120	0	
8.92787	1	4339666	4339666	0	
8.92787	1	4340580	4340580	0	
8.93043	1	4341110	4341110	0	
8.93043	1	4342040	4342040	0	
8.9329	1	4342554	4342554	0	
8.9329	1	4343500	4343500	0	
8.93537	1	4343998	4343998	0	
8.93537	1	4344960	4344960	0	
8.93784	1	4345442	4345442	0	
8.93784	1	4346420	4346420	0	
8.94032	1	4346886	4346886	0	
8.94032	1	4347880	4347880	0	
8.94278	1	4348330	4348330	0	
8.94278	1	4349340	4349340	0	
8.94525	1	4349774	4349774	0	
8.94525	1	4350800	4350800	0	
8.94772	1	4351218	4351218	0	
8.94772	1	4352260	4352260	0	
8.95029	1	4352662	4352662	0	
8.95029	1	4353720	4353720	0	
8.9547	1	4354106	4354106	0	
8.9547	1	4355180	4355180	0	
8.95722	1	4355550	4355550	0	
8.95722	1	4356640	4356640	0	
8.95969	1	4356994	4356994	0	
8.95969	1	4358100	4358100	0	
8.96216	1	4358438	4358438	0	
8.96216	1	4359560	4359560	0	
8.96473	1	4359882	4359882	0	
8.96473	1	4361020	4361020	0	
8.9672	1	4361326	4361326	0	
8.9672	1	4362480	4362480	0	
8.96967	1	4362770	4362770	0	
8.96967	1	4363940	4363940	0	
8.97214	1	4364214	4364214	0	
8.97214	1	4365400	4365400	0	
8.97461	1	4365658	4365658	0	
8.97461	1	4366860	4366860	0	
8.97708	1	4367102	4367102	0	
8.97708	1	4368320	4368320	0	
8.97955	1	4368546	4368546	0	
8.97955	1	4369780	4369780	0	
8.98211	1	4369990	4369990	0	
8.98211	1	4371240	4371240	0	
8.98458	1	4371434	4371434	0	
8.98458	1	4372700	4372700	0	
8.98705	1	4372878	4372878	0	
8.98705	1	4374160	4374160	0	
8.98953	1	4374322	4374322	0	
8.98953	1	4375620	4375620	0	
8.992	1	4375766	4375766	0	
8.992	1	4377080	4377080	0	
8.99446	1	4377210	4377210	0	
8.99446	1	4378540	4378540	0	
8.99703	1	4378654	4378654	0	
8.99703	1	4380000	4380000	0	
8.9995	1	4380098	4380098	0	
8.9995	1	4381460	4381460	0	
9.00197	1	4381542	4381542	0	
9.00197	1	4382920	4382920	0	
9.00444	1	4382986	4382986	0	
9.00444	1	4384380	4384380	0	
9.0069	1	4384430	4384430	0	
9.0069	1	4385840	4385840	0	
9.00947	1	4385874	4385874	0	
9.00947	1	4387300	4387300	0	
9.01194	1	4387318	4387318	0	
9.01194	1	4388760	4388760	0	
9.01441	1	4388762	4388762	0	
9.01688	1	4390214	4390214	0	
9.01688	1	4390220	4390220	0	
9.01935	1	4391659	4391659	0	
9.01935	1	4391680	4391680	0	
9.02181	1	4393104	4393104	0	
9.02181	1	4393140	4393140	0	
9.02428	1	4394549	4394549	0	
9.02428	1	4394600	4394600	0	
9.02675	1	4395994	4395994	0	
9.02675	1	4396060	4396060	0	
9.02932	1	4397438	4397438	0	
9.02932	1	4397520	4397520	0	
9.03179	1	4398882	4398882	0	
9.03179	1	4398980	4398980	0	
9.03425	1	4400326	4400326	0	
9.03425	1	4400440	4400440	0	
9.03673	1	4401770	4401770	0	
9.03673	1	4401900	4401900	0	
9.0392	1	4403214	4403214	0	
9.0392	1	4403360	4403360	0	
9.04176	1	4404658	4404658	0	
9.04176	1	4404820	4404820	0	
9.04423	1	4406102	4406102	0	
9.04423	1	4406280	4406280	0	
9.0467	1	4407546	4407546	0	
9.0467	1	4407740	4407740	0	
9.04917	1	4408990	4408990	0	
9.04917	1	4409200	4409200	0	
9.05164	1	4410434	4410434	0	
9.05164	1	4410660	4410660	0	
9.05411	1	4411878	4411878	0	
9.05411	1	4412120	4412120	0	
9.05458	1	4413322	4413322	0	
9.05458	1	4413580	4413580	0	
9.05715	1	4414766	4414766	0	
9.05715	1	4415040	4415040	0	
9.05962	1	4416210	4416210	0	
9.05962	1	4416500	4416500	0	
9.06209	1	4417654	4417654	0	
9.06209	1	4417960	4417960	0	
9.06456	1	4419098	4419098	0	
9.06456	1	4419420	4419420	0	
9.06703	1	4420542	4420542	0	
9.06703	1	4420880	4420880	0	
9.06949	1	4421986	4421986	0	
9.06949	1	4422340	4422340	0	
9.07206	1	4423430	4423430	0	
9.07206	1	4423800	4423800	0	
9.07453	1	4424874	4424874	0	
9.07453	1	4425260	4425260	0	
9.077	1	4426318	4426318	0	
9.077	1	4426720	4426720	0	
9.07947	1	4427762	4427762	0	
9.07947	1	4428180	4428180	0	
9.08194	1	4429206	4429206	0	
9.08194	1	4429640	4429640	0	
9.08441	1	4430650	4430650	0	
9.08441	1	4431100	4431100	0	
9.08688	1	4432094	4432094	0	
9.08688	1	4432560	4432560	0	
9.08944	1	4433538	4433538	0	
9.08944	1	4434020	4434020	0	
9.09191	1	4434982	4434982	0	
9.09191	1	4435480	4435480	0	
9.09438	1	4436426	4436426	0	
9.09438	1	4436940	4436940	0	
9.09685	1	4437870	4437870	0	
9.09685	1	4438400	4438400	0	
9.09932	1	4439314	4439314	0	
9.09932	1	4439860	4439860	0	
9.10179	1	4440758	4440758	0	
9.10179	1	4441320	4441320	0	
9.10436	1	4442202	4442202	0	
9.10436	1	4442780	4442780	0	
9.10683	1	4443646	4443646	0	
9.10683	1	4444240	4444240	0	
9.1093	1	4445090	4445090	0	
9.1093	1	4445700	4445700	0	
9.11177	1	4446534	4446534	0	
9.11177	1	4447160	4447160	0	
9.11424	1	4447978	4447978	0	
9.11424	1	4448620	4448620	0	
9.1168	1	4449422	4449422	0	
9.1168	1	4450080	4450080	0	
9.11927	1	4450866	4450866	0	
9.11927	1	4451540	4451540	0	
9.12174	1	4452310	4452310	0	
9.12174	1	4453000	4453000	0	
9.12421	1	4453754	4453754	0	
9.12421	1	4454460	4454460	0	
9.12668	1	4455198	4455198	0	
9.12668	1	4455920	4455920	0	
9.12915	1	4456642	4456642	0	
9.12915	1	4457380	4457380	0	
9.13162	1	4458086	4458086	0	
9.13162	1	4458840	4458840	0	
9.13409	1	4459530	4459530	0	
9.13409	1	4460300	4460300	0	
9.13666	1	4460974	4460974	0	
9.13666	1	4461760	4461760	0	
9.13912	1	4462418	4462418	0	
9.13912	1	4463220	4463220	0	
9.14159	1	4463862	4463862	0	
9.14159	1	4464680	4464680	0	
9.14406	1	4465306	4465306	0	
9.14406	1	4466140	4466140	0	
9.14653	1	4466750	4466750	0	
9.14653	1	4467600	4467600	0	
9.1491	1	4468194	4468194	0	
9.1491	1	4469060	4469060	0	
9.15157	1	4469638	4469638	0	
9.15157	1	4470520	4470520	0	
9.15599	1	4471082	4471082	0	
9.15599	1	4471980	4471980	0	
9.15851	1	4472526	4472526	0	
9.15851	1	4473440	4473440	0	
9.16098	1	4473970	4473970	0	
9.16098	1	4474900	4474900	0	
9.16345	1	4475414	4475414	0	
9.16345	1	4476360	4476360	0	
9.16592	1	4476858	4476858	0	
9.16592	1	4477820	4477820	0	
9.16848	1	4478302	4478302	0	
9.16848	1	4479280	4479280	0	
9.17095	1	4479746	4479746	0	
9.17095	1	4480740	4480740	0	
9.17342	1	4481190	4481190	0	
9.17342	1	4482200	4482200	0	
9.17589	1	4482634	4482634	0	
9.17589	1	4483660	4483660	0	
9.17836	1	4484078	4484078	0	
9.17836	1	4485120	4485120	0	
9.18083	1	4485522	4485522	0	
9.18083	1	4486580	4486580	0	
9.1834	1	4486966	4486966	0	
9.1834	1	4488040	4488040	0	
9.18587	1	4488410	4488410	0	
9.18587	1	4489500	4489500	0	
9.18834	1	4489854	4489854	0	
9.18834	1	4490960	4490960	0	
9.1908	1	4491298	4491298	0	
9.1908	1	4492420	4492420	0	
9.19327	1	4492742	4492742	0	
9.19327	1	4493880	4493880	0	
9.19574	1	4494186	4494186	0	
9.19574	1	4495340	4495340	0	
9.19821	1	4495630	4495630	0	
9.19821	1	4496800	4496800	0	
9.20078	1	4497074	4497074	0	
9.20078	1	4498260	4498260	0	
9.20325	1	4498518	4498518	0	
9.20325	1	4499720	4499720	0	
9.20572	1	4499962	4499962	0	
9.20572	1	4501180	4501180	0	
9.20819	1	4501406	4501406	0	
9.20819	1	4502640	4502640	0	
9.21066	1	4502850	4502850	0	
9.21066	1	4504100	4504100	0	
9.21313	1	4504294	4504294	0	
9.21313	1	4505560	4505560	0	
9.21569	1	4505738	4505738	0	
9.21569	1	4507020	4507020	0	
9.21816	1	4507182	4507182	0	
9.21816	1	4508480	4508480	0	
9.22063	1	4508626	4508626	0	
9.22063	1	4509940	4509940	0	
9.2231	1	4510070	4510070	0	
9.2231	1	4511400	4511400	0	
9.22558	1	4511514	4511514	0	
9.22558	1	4512860	4512860	0	
9.22804	1	4512958	4512958	0	
9.22804	1	4514320	4514320	0	
9.23061	1	4514402	4514402	0	
9.23061	1	4515780	4515780	0	
9.23308	1	4515846	4515846	0	
9.23308	1	4517240	4517240	0	
9.23555	1	4517290	4517290	0	
9.23555	1	4518700	4518700	0	
9.23801	1	4518734	4518734	0	
9.23801	1	4520160	4520160	0	
9.24048	1	4520178	4520178	0	
9.24048	1	4521620	4521620	0	
9.24295	1	4521622	4521622	0	
9.24542	1	4523074	4523074	0	
9.24542	1	4523080	4523080	0	
9.24789	1	4524519	4524519	0	
9.24789	1	4524540	4524540	0	
9.25046	1	4525964	4525964	0	
9.25046	1	4526000	4526000	0	
9.25293	1	4527409	4527409	0	
9.25293	1	4527460	4527460	0	
9.2554	1	4528854	4528854	0	
9.2554	1	4528920	4528920	0	
9.25786	1	4530298	4530298	0	
9.25786	1	4530380	4530380	0	
9.26033	1	4531742	4531742	0	
9.26033	1	4531840	4531840	0	
9.2629	1	4533186	4533186	0	
9.2629	1	4533300	4533300	0	
9.26537	1	4534630	4534630	0	
9.26537	1	4534760	4534760	0	
9.26784	1	4536074	4536074	0	
9.26784	1	4536220	4536220	0	
9.2703	1	4537518	4537518	0	
9.2703	1	4537680	4537680	0	
9.27278	1	4538962	4538962	0	
9.27278	1	4539140	4539140	0	
9.27525	1	4540406	4540406	0	
9.27525	1	4540600	4540600	0	
9.27772	1	4541850	4541850	0	
9.27772	1	4542060	4542060	0	
9.28028	1	4543294	4543294	0	
9.28028	1	4543520	4543520	0	
9.28275	1	4544738	4544738	0	
9.28275	1	4544980	4544980	0	
9.28522	1	4546182	4546182	0	
9.28522	1	4546440	4546440	0	
9.28769	1	4547626	4547626	0	
9.28769	1	4547900	4547900	0	
9.29016	1	4549070	4549070	0	
9.29016	1	4549360	4549360	0	
9.29263	1	4550514	4550514	0	
9.29263	1	4550820	4550820	0	
9.2952	1	4551958	4551958	0	
9.2952	1	4552280	4552280	0	
9.29767	1	4553402	4553402	0	
9.29767	1	4553740	4553740	0	
9.30014	1	4554846	4554846	0	
9.30014	1	4555200	4555200	0	
9.30261	1	4556290	4556290	0	
9.30261	1	4556660	4556660	0	
9.30508	1	4557734	4557734	0	
9.30508	1	4558120	4558120	0	
9.30764	1	4559178	4559178	0	
9.30764	1	4559580	4559580	0	
9.31011	1	4560622	4560622	0	
9.31011	1	4561040	4561040	0	
9.31258	1	4562066	4562066	0	
9.31258	1	4562500	4562500	0	
9.31505	1	4563510	4563510	0	
9.31505	1	4563960	4563960	0	
9.31752	1	4564954	4564954	0	
9.31752	1	4565420	4565420	0	
9.31999	1	4566398	4566398	0	
9.31999	1	4566880	4566880	0	
9.32246	1	4567842	4567842	0	
9.32246	1	4568340	4568340	0	
9.32493	1	4569286	4569286	0	
9.32493	1	4569800	4569800	0	
9.32749	1	4570730	4570730	0	
9.32749	1	4571260	4571260	0	
9.32996	1	4572174	4572174	0	
9.32996	1	4572720	4572720	0	
9.33243	1	4573618	4573618	0	
9.33243	1	4574180	4574180	0	
9.3349	1	4575062	4575062	0	
9.3349	1	4575640	4575640	0	
9.33737	1	4576506	4576506	0	
9.33737	1	4577100	4577100	0	
9.33993	1	4577950	4577950	0	
9.33993	1	4578560	4578560	0	
9.34241	1	4579394	4579394	0	
9.34241	1	4580020	4580020	0	
9.34488	1	4580838	4580838	0	
9.34488	1	4581480	4581480	0	
9.34735	1	4582282	4582282	0	
9.34735	1	4582940	4582940	0	
9.34982	1	4583726	4583726	0	
9.34982	1	4584400	4584400	0	
9.35229	1	4585170	4585170	0	
9.35229	1	4585860	4585860	0	
9.35422	1	4586614	4588058	0	
9.35422	1	4586614	4588780	722	
9.35475	1	4586614	4586614	1444	
9.35475	1	4587320	4587320	1444	
9.35679	1	4589502	4589502	0	
9.35679	1	4590240	4590240	0	
9.35926	1	4590946	4590946	0	
9.35926	1	4591700	4591700	0	
9.36173	1	4592390	4592390	0	
9.36173	1	4593160	4593160	0	
9.3642	1	4593834	4593834	0	
9.3642	1	4594620	4594620	0	
9.36667	1	4595278	4595278	0	
9.36667	1	4596080	4596080	0	
9.36924	1	4596722	4596722	0	
9.36924	1	4597540	4597540	0	
9.37171	1	4598166	4598166	0	
9.37171	1	4599000	4599000	0	
9.37417	1	4599610	4599610	0	
9.37417	1	4600460	4600460	0	
9.37664	1	4601054	4601054	0	
9.37664	1	4601920	4601920	0	
9.37911	1	4602498	4602498	0	
9.37911	1	4603380	4603380	0	
9.38158	1	4603942	4603942	0	
9.38158	1	4604840	4604840	0	
9.38405	1	4605386	4605386	0	
9.38405	1	4606300	4606300	0	
9.38652	1	4606830	4606830	0	
9.38652	1	4607760	4607760	0	
9.38909	1	4608274	4608274	0	
9.38909	1	4609220	4609220	0	
9.39156	1	4609718	4609718	0	
9.39156	1	4610680	4610680	0	
9.39403	1	4611162	4611162	0	
9.39403	1	4612140	4612140	0	
9.3965	1	4612606	4612606	0	
9.3965	1	4613600	4613600	0	
9.39897	1	4614050	4614050	0	
9.39897	1	4615060	4615060	0	
9.40153	1	4615494	4615494	0	
9.40153	1	4616520	4616520	0	
9.404	1	4616938	4616938	0	
9.404	1	4617980	4617980	0	
9.40647	1	4618382	4618382	0	
9.40647	1	4619440	4619440	0	
9.40894	1	4619826	4619826	0	
9.40894	1	4620900	4620900	0	
9.41141	1	4621270	4621270	0	
9.41141	1	4622360	4622360	0	
9.41398	1	4622714	4622714	0	
9.41398	1	4623820	4623820	0	
9.41645	1	4624158	4624158	0	
9.41645	1	4625280	4625280	0	
9.41892	1	4625602	4625602	0	
9.41892	1	4626740	4626740	0	
9.42139	1	4627046	4627046	0	
9.42139	1	4628200	4628200	0	
9.42385	1	4628490	4628490	0	
9.42385	1	4629660	4629660	0	
9.42632	1	4629934	4629934	0	
9.42632	1	4631120	4631120	0	
9.42879	1	4631378	4631378	0	
9.42879	1	4632580	4632580	0	
9.43126	1	4632822	4632822	0	
9.43126	1	4634040	4634040	0	
9.43383	1	4634266	4634266	0	
9.43383	1	4635500	4635500	0	
9.4363	1	4635710	4635710	0	
9.4363	1	4636960	4636960	0	
9.43877	1	4637154	4637154	0	
9.43877	1	4638420	4638420	0	
9.44124	1	4638598	4638598	0	
9.44124	1	4639880	4639880	0	
9.44371	1	4640042	4640042	0	
9.44371	1	4641340	4641340	0	
9.44627	1	4641486	4641486	0	
9.44627	1	4642800	4642800	0	
9.44874	1	4642930	4642930	0	
9.44874	1	4644260	4644260	0	
9.45316	1	4644374	4644374	0	
9.45316	1	4645720	4645720	0	
9.45568	1	4645818	4645818	0	
9.45568	1	4647180	4647180	0	
9.45815	1	4647262	4647262	0	
9.45815	1	4648640	4648640	0	
9.46063	1	4648706	4648706	0	
9.46063	1	4650100	4650100	0	
9.46309	1	4650150	4650150	0	
9.46309	1	4651560	4651560	0	
9.46556	1	4651594	4651594	0	
9.46556	1	4653020	4653020	0	
9.46812	1	4653038	4653038	0	
9.46812	1	4654480	4654480	0	
9.47059	1	4654482	4654482	0	
9.47306	1	4655934	4655934	0	
9.47306	1	4655940	4655940	0	
9.47553	1	4657379	4657379	0	
9.47553	1	4657400	4657400	0	
9.478	1	4658824	4658824	0	
9.478	1	4658860	4658860	0	
9.48056	1	4660269	4660269	0	
9.48056	1	4660320	4660320	0	
9.48304	1	4661714	4661714	0	
9.48304	1	4661780	4661780	0	
9.48551	1	4663158	4663158	0	
9.48551	1	4663240	4663240	0	
9.48798	1	4664602	4664602	0	
9.48798	1	4664700	4664700	0	
9.49044	1	4666046	4666046	0	
9.49044	1	4666160	4666160	0	
9.49291	1	4667490	4667490	0	
9.49291	1	4667620	4667620	0	
9.49538	1	4668934	4668934	0	
9.49538	1	4669080	4669080	0	
9.49785	1	4670378	4670378	0	
9.49785	1	4670540	4670540	0	
9.50042	1	4671822	4671822	0	
9.50042	1	4672000	4672000	0	
9.50288	1	4673266	4673266	0	
9.50288	1	4673460	4673460	0	
9.50535	1	4674710	4674710	0	
9.50535	1	4674920	4674920	0	
9.50783	1	4676154	4676154	0	
9.50783	1	4676380	4676380	0	
9.5103	1	4677598	4677598	0	
9.5103	1	4677840	4677840	0	
9.51286	1	4679042	4679042	0	
9.51286	1	4679300	4679300	0	
9.51533	1	4680486	4680486	0	
9.51533	1	4680760	4680760	0	
9.5178	1	4681930	4681930	0	
9.5178	1	4682220	4682220	0	
9.52027	1	4683374	4683374	0	
9.52027	1	4683680	4683680	0	
9.52274	1	4684818	4684818	0	
9.52274	1	4685140	4685140	0	
9.5253	1	4686262	4686262	0	
9.5253	1	4686600	4686600	0	
9.52777	1	4687706	4687706	0	
9.52777	1	4688060	4688060	0	
9.53025	1	4689150	4689150	0	
9.53025	1	4689520	4689520	0	
9.53272	1	4690594	4690594	0	
9.53272	1	4690980	4690980	0	
9.53519	1	4692038	4692038	0	
9.53519	1	4692440	4692440	0	
9.53766	1	4693482	4693482	0	
9.53766	1	4693900	4693900	0	
9.54012	1	4694926	4694926	0	
9.54012	1	4695360	4695360	0	
9.54259	1	4696370	4696370	0	
9.54259	1	4696820	4696820	0	
9.54516	1	4697814	4697814	0	
9.54516	1	4698280	4698280	0	
9.54763	1	4699258	4699258	0	
9.54763	1	4699740	4699740	0	
9.5501	1	4700702	4700702	0	
9.5501	1	4701200	4701200	0	
9.55257	1	4702146	4702146	0	
9.55257	1	4702660	4702660	0	
9.55461	1	4703590	4705034	0	
9.55461	1	4703590	4705580	546	
9.55504	1	4703590	4703590	1444	
9.55504	1	4704120	4704120	1444	
9.55708	1	4706478	4706478	0	
9.55708	1	4707040	4707040	0	
9.55954	1	4707922	4707922	0	
9.55954	1	4708500	4708500	0	
9.56201	1	4709366	4709366	0	
9.56201	1	4709960	4709960	0	
9.56448	1	4710810	4710810	0	
9.56448	1	4711420	4711420	0	
9.56695	1	4712254	4712254	0	
9.56695	1	4712880	4712880	0	
9.56942	1	4713698	4713698	0	
9.56942	1	4714340	4714340	0	
9.57189	1	4715142	4715142	0	
9.57189	1	4715800	4715800	0	
9.57446	1	4716586	4716586	0	
9.57446	1	4717260	4717260	0	
9.57693	1	4718030	4718030	0	
9.57693	1	4718720	4718720	0	
9.5794	1	4719474	4719474	0	
9.5794	1	4720180	4720180	0	
9.58187	1	4720918	4720918	0	
9.58187	1	4721640	4721640	0	
9.58434	1	4722362	4722362	0	
9.58434	1	4723100	4723100	0	
9.5869	1	4723806	4723806	0	
9.5869	1	4724560	4724560	0	
9.58937	1	4725250	4725250	0	
9.58937	1	4726020	4726020	0	
9.59184	1	4726694	4726694	0	
9.59184	1	4727480	4727480	0	
9.59431	1	4728138	4728138	0	
9.59431	1	4728940	4728940	0	
9.59678	1	4729582	4729582	0	
9.59678	1	4730400	4730400	0	
9.59935	1	4731026	4731026	0	
9.59935	1	4731860	4731860	0	
9.60182	1	4732470	4732470	0	
9.60182	1	4733320	4733320	0	
9.60429	1	4733914	4733914	0	
9.60429	1	4734780	4734780	0	
9.60676	1	4735358	4735358	0	
9.60676	1	4736240	4736240	0	
9.60922	1	4736802	4736802	0	
9.60922	1	4737700	4737700	0	
9.61169	1	4738246	4738246	0	
9.61169	1	4739160	4739160	0	
9.61416	1	4739690	4739690	0	
9.61416	1	4740620	4740620	0	
9.61663	1	4741134	4741134	0	
9.61663	1	4742080	4742080	0	
9.6192	1	4742578	4742578	0	
9.6192	1	4743540	4743540	0	
9.62167	1	4744022	4744022	0	
9.62167	1	4745000	4745000	0	
9.62414	1	4745466	4745466	0	
9.62414	1	4746460	4746460	0	
9.62661	1	4746910	4746910	0	
9.62661	1	4747920	4747920	0	
9.62908	1	4748354	4748354	0	
9.62908	1	4749380	4749380	0	
9.63164	1	4749798	4749798	0	
9.63164	1	4750840	4750840	0	
9.63411	1	4751242	4751242	0	
9.63411	1	4752300	4752300	0	
9.63658	1	4752686	4752686	0	
9.63658	1	4753760	4753760	0	
9.63905	1	4754130	4754130	0	
9.63905	1	4755220	4755220	0	
9.64152	1	4755574	4755574	0	
9.64152	1	4756680	4756680	0	
9.64399	1	4757018	4757018	0	
9.64399	1	4758140	4758140	0	
9.64646	1	4758462	4758462	0	
9.64646	1	4759600	4759600	0	
9.64893	1	4759906	4759906	0	
9.64893	1	4761060	4761060	0	
9.65344	1	4761350	4761350	0	
9.65344	1	4762520	4762520	0	
9.65597	1	4762794	4762794	0	
9.65597	1	4763980	4763980	0	
9.65844	1	4764238	4764238	0	
9.65844	1	4765440	4765440	0	
9.6609	1	4765682	4765682	0	
9.6609	1	4766900	4766900	0	
9.66337	1	4767126	4767126	0	
9.66337	1	4768360	4768360	0	
9.66584	1	4768570	4768570	0	
9.66584	1	4769820	4769820	0	
9.66841	1	4770014	4770014	0	
9.66841	1	4771280	4771280	0	
9.67088	1	4771458	4771458	0	
9.67088	1	4772740	4772740	0	
9.67335	1	4772902	4772902	0	
9.67335	1	4774200	4774200	0	
9.67582	1	4774346	4774346	0	
9.67582	1	4775660	4775660	0	
9.67829	1	4775790	4775790	0	
9.67829	1	4777120	4777120	0	
9.68076	1	4777234	4777234	0	
9.68076	1	4778580	4778580	0	
9.68323	1	4778678	4778678	0	
9.68323	1	4780040	4780040	0	
9.6857	1	4780122	4780122	0	
9.6857	1	4781500	4781500	0	
9.68826	1	4781566	4781566	0	
9.68826	1	4782960	4782960	0	
9.69073	1	4783010	4783010	0	
9.69073	1	4784420	4784420	0	
9.6932	1	4784454	4784454	0	
9.6932	1	4785880	4785880	0	
9.69567	1	4785898	4785898	0	
9.69567	1	4787340	4787340	0	
9.69814	1	4787342	4787342	0	
9.7007	1	4788794	4788794	0	
9.7007	1	4788800	4788800	0	
9.70317	1	4790239	4790239	0	
9.70317	1	4790260	4790260	0	
9.70564	1	4791684	4791684	0	
9.70564	1	4791720	4791720	0	
9.70811	1	4793129	4793129	0	
9.70811	1	4793180	4793180	0	
9.71058	1	4794574	4794574	0	
9.71058	1	4794640	4794640	0	
9.71305	1	4796018	4796018	0	
9.71305	1	4796100	4796100	0	
9.71552	1	4797462	4797462	0	
9.71552	1	4797560	4797560	0	
9.71809	1	4798906	4798906	0	
9.71809	1	4799020	4799020	0	
9.72056	1	4800350	4800350	0	
9.72056	1	4800480	4800480	0	
9.72303	1	4801794	4801794	0	
9.72303	1	4801940	4801940	0	
9.72549	1	4803238	4803238	0	
9.72549	1	4803400	4803400	0	
9.72796	1	4804682	4804682	0	
9.72796	1	4804860	4804860	0	
9.73043	1	4806126	4806126	0	
9.73043	1	4806320	4806320	0	
9.733	1	4807570	4807570	0	
9.733	1	4807780	4807780	0	
9.73547	1	4809014	4809014	0	
9.73547	1	4809240	4809240	0	
9.73793	1	4810458	4810458	0	
9.73793	1	4810700	4810700	0	
9.7404	1	4811902	4811902	0	
9.7404	1	4812160	4812160	0	
9.74288	1	4813346	4813346	0	
9.74288	1	4813620	4813620	0	
9.74544	1	4814790	4814790	0	
9.74544	1	4815080	4815080	0	
9.74791	1	4816234	4816234	0	
9.74791	1	4816540	4816540	0	
9.75038	1	4817678	4817678	0	
9.75038	1	4818000	4818000	0	
9.7548	1	4819122	4819122	0	
9.7548	1	4819460	4819460	0	
9.75732	1	4820566	4820566	0	
9.75732	1	4820920	4820920	0	
9.75979	1	4822010	4822010	0	
9.75979	1	4822380	4822380	0	
9.76226	1	4823454	4823454	0	
9.76226	1	4823840	4823840	0	
9.76473	1	4824898	4824898	0	
9.76473	1	4825300	4825300	0	
9.7673	1	4826342	4826342	0	
9.7673	1	4826760	4826760	0	
9.76977	1	4827786	4827786	0	
9.76977	1	4828220	4828220	0	
9.77224	1	4829230	4829230	0	
9.77224	1	4829680	4829680	0	
9.77471	1	4830674	4830674	0	
9.77471	1	4831140	4831140	0	
9.77717	1	4832118	4832118	0	
9.77717	1	4832600	4832600	0	
9.77974	1	4833562	4833562	0	
9.77974	1	4834060	4834060	0	
9.78221	1	4835006	4835006	0	
9.78221	1	4835520	4835520	0	
9.78468	1	4836450	4836450	0	
9.78468	1	4836980	4836980	0	
9.78715	1	4837894	4837894	0	
9.78715	1	4838440	4838440	0	
9.78961	1	4839338	4839338	0	
9.78961	1	4839900	4839900	0	
9.79209	1	4840782	4840782	0	
9.79209	1	4841360	4841360	0	
9.79456	1	4842226	4842226	0	
9.79456	1	4842820	4842820	0	
9.79703	1	4843670	4843670	0	
9.79703	1	4844280	4844280	0	
9.79959	1	4845114	4845114	0	
9.79959	1	4845740	4845740	0	
9.80206	1	4846558	4846558	0	
9.80206	1	4847200	4847200	0	
9.80453	1	4848002	4848002	0	
9.80453	1	4848660	4848660	0	
9.807	1	4849446	4849446	0	
9.807	1	4850120	4850120	0	
9.80947	1	4850890	4850890	0	
9.80947	1	4851580	4851580	0	
9.81203	1	4852334	4852334	0	
9.81203	1	4853040	4853040	0	
9.81451	1	4853778	4853778	0	
9.81451	1	4854500	4854500	0	
9.81698	1	4855222	4855222	0	
9.81698	1	4855960	4855960	0	
9.81945	1	4856666	4856666	0	
9.81945	1	4857420	4857420	0	
9.82192	1	4858110	4858110	0	
9.82192	1	4858880	4858880	0	
9.82439	1	4859554	4859554	0	
9.82439	1	4860340	4860340	0	
9.82685	1	4860998	4860998	0	
9.82685	1	4861800	4861800	0	
9.82932	1	4862442	4862442	0	
9.82932	1	4863260	4863260	0	
9.83189	1	4863886	4863886	0	
9.83189	1	4864720	4864720	0	
9.83436	1	4865330	4865330	0	
9.83436	1	4866180	4866180	0	
9.83683	1	4866774	4866774	0	
9.83683	1	4867640	4867640	0	
9.8393	1	4868218	4868218	0	
9.8393	1	4869100	4869100	0	
9.84177	1	4869662	4869662	0	
9.84177	1	4870560	4870560	0	
9.84434	1	4871106	4871106	0	
9.84434	1	4872020	4872020	0	
9.8468	1	4872550	4872550	0	
9.8468	1	4873480	4873480	0	
9.84927	1	4873994	4873994	0	
9.84927	1	4874940	4874940	0	
9.85174	1	4875438	4875438	0	
9.85174	1	4876400	4876400	0	
9.85421	1	4876882	4876882	0	
9.85421	1	4877860	4877860	0	
9.85578	1	4878326	4878326	0	
9.85578	1	4879320	4879320	0	
9.85825	1	4879770	4879770	0	
9.85825	1	4880780	4880780	0	
9.86072	1	4881214	4881214	0	
9.86072	1	4882240	4882240	0	
9.86319	1	4882658	4882658	0	
9.86319	1	4883700	4883700	0	
9.86566	1	4884102	4884102	0	
9.86566	1	4885160	4885160	0	
9.86813	1	4885546	4885546	0	
9.86813	1	4886620	4886620	0	
9.8706	1	4886990	4886990	0	
9.8706	1	4888080	4888080	0	
9.87307	1	4888434	4888434	0	
9.87307	1	4889540	4889540	0	
9.87563	1	4889878	4889878	0	
9.87563	1	4891000	4891000	0	
9.8781	1	4891322	4891322	0	
9.8781	1	4892460	4892460	0	
9.88057	1	4892766	4892766	0	
9.88057	1	4893920	4893920	0	
9.88304	1	4894210	4894210	0	
9.88304	1	4895380	4895380	0	
9.88551	1	4895654	4895654	0	
9.88551	1	4896840	4896840	0	
9.88808	1	4897098	4897098	0	
9.88808	1	4898300	4898300	0	
9.89055	1	4898542	4898542	0	
9.89055	1	4899760	4899760	0	
9.89302	1	4899986	4899986	0	
9.89302	1	4901220	4901220	0	
9.89548	1	4901430	4901430	0	
9.89548	1	4902680	4902680	0	
9.89795	1	4902874	4902874	0	
9.89795	1	4904140	4904140	0	
9.90042	1	4904318	4904318	0	
9.90042	1	4905600	4905600	0	
9.90289	1	4905762	4905762	0	
9.90289	1	4907060	4907060	0	
9.90536	1	4907206	4907206	0	
9.90536	1	4908520	4908520	0	
9.90793	1	4908650	4908650	0	
9.90793	1	4909980	4909980	0	
9.9104	1	4910094	4910094	0	
9.9104	1	4911440	4911440	0	
9.91287	1	4911538	4911538	0	
9.91287	1	4912900	4912900	0	
9.91534	1	4912982	4912982	0	
9.91534	1	4914360	4914360	0	
9.91781	1	4914426	4914426	0	
9.91781	1	4915820	4915820	0	
9.92037	1	4915870	4915870	0	
9.92037	1	4917280	4917280	0	
9.92284	1	4917314	4917314	0	
9.92284	1	4918740	4918740	0	
9.92531	1	4918758	4918758	0	
9.92531	1	4920200	4920200	0	
9.92777	1	4920202	4920202	0	
9.93024	1	4921654	4921654	0	
9.93024	1	4921660	4921660	0	
9.93272	1	4923099	4923099	0	
9.93272	1	4923120	4923120	0	
9.93519	1	4924544	4924544	0	
9.93519	1	4924580	4924580	0	
9.93766	1	4925989	4925989	0	
9.93766	1	4926040	4926040	0	
9.94022	1	4927434	4927434	0	
9.94022	1	4927500	4927500	0	
9.94269	1	4928878	4928878	0	
9.94269	1	4928960	4928960	0	
9.94516	1	4930322	4930322	0	
9.94516	1	4930420	4930420	0	
9.94763	1	4931766	4931766	0	
9.94763	1	4931880	4931880	0	
9.9501	1	4933210	4933210	0	
9.9501	1	4933340	4933340	0	
9.95266	1	4934654	4934654	0	
9.95266	1	4934800	4934800	0	
9.95514	1	4936098	4936098	0	
9.95514	1	4936260	4936260	0	
9.95761	1	4937542	4937542	0	
9.95761	1	4937720	4937720	0	
9.96008	1	4938986	4938986	0	
9.96008	1	4939180	4939180	0	
9.96254	1	4940430	4940430	0	
9.96254	1	4940640	4940640	0	
9.96511	1	4941874	4941874	0	
9.96511	1	4942100	4942100	0	
9.96758	1	4943318	4943318	0	
9.96758	1	4943560	4943560	0	
9.97005	1	4944762	4944762	0	
9.97005	1	4945020	4945020	0	
9.97252	1	4946206	4946206	0	
9.97252	1	4946480	4946480	0	
9.97498	1	4947650	4947650	0	
9.97498	1	4947940	4947940	0	
9.97745	1	4949094	4949094	0	
9.97745	1	4949400	4949400	0	
9.97993	1	4950538	4950538	0	
9.97993	1	4950860	4950860	0	
9.9824	1	4951982	4951982	0	
9.9824	1	4952320	4952320	0	
9.98496	1	4953426	4953426	0	
9.98496	1	4953780	4953780	0	
9.98743	1	4954870	4954870	0	
9.98743	1	4955240	4955240	0	
9.9899	1	4956314	4956314	0	
9.9899	1	4956700	4956700	0	
9.99237	1	4957758	4957758	0	
9.99237	1	4958160	4958160	0	
9.99484	1	4959202	4959202	0	
9.99484	1	4959620	4959620	0	
9.9974	1	4960646	4960646	0	
9.9974	1	4961080	4961080	0	
9.99987	1	4962090	4962090	0	
9.99987	1	4962540	4962540	0	
10.0023	1	4963534	4963534	0	
10.0023	1	4964000	4964000	0	
10.0048	1	4964978	4964978	0	
10.0048	1	4965460	4965460	0	
10.0073	1	4966422	4966422	0	
10.0073	1	4966920	4966920	0	
10.0098	1	4967866	4967866	0	
10.0098	1	4968380	4968380	0	
10.0122	1	4969310	4969310	0	
10.0122	1	4969840	4969840	0	
10.0147	1	4970754	4970754	0	
10.0147	1	4971300	4971300	0	
10.0173	1	4972198	4972198	0	
10.0173	1	4972760	4972760	0	
10.0197	1	4973642	4973642	0	
10.0197	1	4974220	4974220	0	
10.0222	1	4975086	4975086	0	
10.0222	1	4975680	4975680	0	
10.0247	1	4976530	4976530	0	
10.0247	1	4977140	4977140	0	
10.0271	1	4977974	4977974	0	
10.0271	1	4978600	4978600	0	
10.0297	1	4979418	4979418	0	
10.0297	1	4980060	4980060	0	
10.0322	1	4980862	4980862	0	
10.0322	1	4981520	4981520	0	
10.0346	1	4982306	4982306	0	
10.0346	1	4982980	4982980	0	
10.0371	1	4983750	4983750	0	
10.0371	1	4984440	4984440	0	
10.0396	1	4985194	4985194	0	
10.0396	1	4985900	4985900	0	
10.0421	1	4986638	4986638	0	
10.0421	1	4987360	4987360	0	
10.0446	1	4988082	4988082	0	
10.0446	1	4988820	4988820	0	
10.0471	1	4989526	4989526	0	
10.0471	1	4990280	4990280	0	
10.0496	1	4990970	4990970	0	
10.0496	1	4991740	4991740	0	
10.052	1	4992414	4992414	0	
10.052	1	4993200	4993200	0	
10.0545	1	4993858	4993858	0	
10.0545	1	4994660	4994660	0	
10.056	1	4995302	4995302	0	
10.056	1	4996120	4996120	0	
10.0584	1	4996746	4996746	0	
10.0584	1	4997580	4997580	0	
10.061	1	4998190	4998190	0	
10.061	1	4999040	4999040	0	
10.0635	1	4999634	4999634	0	
10.0635	1	5000500	5000500	0	
10.0659	1	5001078	5001078	0	
10.0659	1	5001960	5001960	0	
10.0684	1	5002522	5002522	0	
10.0684	1	5003420	5003420	0	
10.0709	1	5003966	5003966	0	
10.0709	1	5004880	5004880	0	
10.0734	1	5005410	5005410	0	
10.0734	1	5006340	5006340	0	
10.0759	1	5006854	5006854	0	
10.0759	1	5007800	5007800	0	
10.0784	1	5008298	5008298	0	
10.0784	1	5009260	5009260	0	
10.0809	1	5009742	5009742	0	
10.0809	1	5010720	5010720	0	
10.0833	1	5011186	5011186	0	
10.0833	1	5012180	5012180	0	
10.0858	1	5012630	5012630	0	
10.0858	1	5013640	5013640	0	
10.0883	1	5014074	5014074	0	
10.0883	1	5015100	5015100	0	
10.0907	1	5015518	5015518	0	
10.0907	1	5016560	5016560	0	
10.0933	1	5016962	5016962	0	
10.0933	1	5018020	5018020	0	
10.0958	1	5018406	5018406	0	
10.0958	1	5019480	5019480	0	
10.0982	1	5019850	5019850	0	
10.0982	1	5020940	5020940	0	
10.1007	1	5021294	5021294	0	
10.1007	1	5022400	5022400	0	
10.1032	1	5022738	5022738	0	
10.1032	1	5023860	5023860	0	
10.1056	1	5024182	5024182	0	
10.1056	1	5025320	5025320	0	
10.1082	1	5025626	5025626	0	
10.1082	1	5026780	5026780	0	
10.1107	1	5027070	5027070	0	
10.1107	1	5028240	5028240	0	
10.1131	1	5028514	5028514	0	
10.1131	1	5029700	5029700	0	
10.1156	1	5029958	5029958	0	
10.1156	1	5031160	5031160	0	
10.1181	1	5031402	5031402	0	
10.1181	1	5032620	5032620	0	
10.1206	1	5032846	5032846	0	
10.1206	1	5034080	5034080	0	
10.123	1	5034290	5034290	0	
10.123	1	5035540	5035540	0	
10.1255	1	5035734	5035734	0	
10.1255	1	5037000	5037000	0	
10.1281	1	5037178	5037178	0	
10.1281	1	5038460	5038460	0	
10.1305	1	5038622	5038622	0	
10.1305	1	5039920	5039920	0	
10.133	1	5040066	5040066	0	
10.133	1	5041380	5041380	0	
10.1355	1	5041510	5041510	0	
10.1355	1	5042840	5042840	0	
10.1379	1	5042954	5042954	0	
10.1379	1	5044300	5044300	0	
10.1405	1	5044398	5044398	0	
10.1405	1	5045760	5045760	0	
10.143	1	5045842	5045842	0	
10.143	1	5047220	5047220	0	
10.1455	1	5047286	5047286	0	
10.1455	1	5048680	5048680	0	
10.1479	1	5048730	5048730	0	
10.1479	1	5050140	5050140	0	
10.1504	1	5050174	5050174	0	
10.1504	1	5051600	5051600	0	
10.1529	1	5051618	5051618	0	
10.1529	1	5053060	5053060	0	
10.1554	1	5053062	5053062	0	
10.1579	1	5054514	5054514	0	
10.1579	1	5054520	5054520	0	
10.1604	1	5055959	5055959	0	
10.1604	1	5055980	5055980	0	
10.1628	1	5057404	5057404	0	
10.1628	1	5057440	5057440	0	
10.1653	1	5058849	5058849	0	
10.1653	1	5058900	5058900	0	
10.1678	1	5060294	5060294	0	
10.1678	1	5060360	5060360	0	
10.1702	1	5061738	5061738	0	
10.1702	1	5061820	5061820	0	
10.1728	1	5063182	5063182	0	
10.1728	1	5063280	5063280	0	
10.1753	1	5064626	5064626	0	
10.1753	1	5064740	5064740	0	
10.1777	1	5066070	5066070	0	
10.1777	1	5066200	5066200	0	
10.1802	1	5067514	5067514	0	
10.1802	1	5067660	5067660	0	
10.1827	1	5068958	5068958	0	
10.1827	1	5069120	5069120	0	
10.1852	1	5070402	5070402	0	
10.1852	1	5070580	5070580	0	
10.1877	1	5071846	5071846	0	
10.1877	1	5072040	5072040	0	
10.1902	1	5073290	5073290	0	
10.1902	1	5073500	5073500	0	
10.1927	1	5074734	5074734	0	
10.1927	1	5074960	5074960	0	
10.1951	1	5076178	5076178	0	
10.1951	1	5076420	5076420	0	
10.1976	1	5077622	5077622	0	
10.1976	1	5077880	5077880	0	
10.2001	1	5079066	5079066	0	
10.2001	1	5079340	5079340	0	
10.2025	1	5080510	5080510	0	
10.2025	1	5080800	5080800	0	
10.2051	1	5081954	5081954	0	
10.2051	1	5082260	5082260	0	
10.2076	1	5083398	5083398	0	
10.2076	1	5083720	5083720	0	
10.21	1	5084842	5084842	0	
10.21	1	5085180	5085180	0	
10.2125	1	5086286	5086286	0	
10.2125	1	5086640	5086640	0	
10.215	1	5087730	5087730	0	
10.215	1	5088100	5088100	0	
10.2175	1	5089174	5089174	0	
10.2175	1	5089560	5089560	0	
10.22	1	5090618	5090618	0	
10.22	1	5091020	5091020	0	
10.2225	1	5092062	5092062	0	
10.2225	1	5092480	5092480	0	
10.225	1	5093506	5093506	0	
10.225	1	5093940	5093940	0	
10.2274	1	5094950	5094950	0	
10.2274	1	5095400	5095400	0	
10.2299	1	5096394	5096394	0	
10.2299	1	5096860	5096860	0	
10.2324	1	5097838	5097838	0	
10.2324	1	5098320	5098320	0	
10.2348	1	5099282	5099282	0	
10.2348	1	5099780	5099780	0	
10.2374	1	5100726	5100726	0	
10.2374	1	5101240	5101240	0	
10.2399	1	5102170	5102170	0	
10.2399	1	5102700	5102700	0	
10.2423	1	5103614	5103614	0	
10.2423	1	5104160	5104160	0	
10.2448	1	5105058	5105058	0	
10.2448	1	5105620	5105620	0	
10.2473	1	5106502	5106502	0	
10.2473	1	5107080	5107080	0	
10.2498	1	5107946	5107946	0	
10.2498	1	5108540	5108540	0	
10.2523	1	5109390	5109390	0	
10.2523	1	5110000	5110000	0	
10.2548	1	5110834	5110834	0	
10.2548	1	5111460	5111460	0	
10.2572	1	5112278	5112278	0	
10.2572	1	5112920	5112920	0	
10.2597	1	5113722	5113722	0	
10.2597	1	5114380	5114380	0	
10.2623	1	5115166	5115166	0	
10.2623	1	5115840	5115840	0	
10.2648	1	5116610	5116610	0	
10.2648	1	5117300	5117300	0	
10.2672	1	5118054	5118054	0	
10.2672	1	5118760	5118760	0	
10.2697	1	5119498	5119498	0	
10.2697	1	5120220	5120220	0	
10.2722	1	5120942	5120942	0	
10.2722	1	5121680	5121680	0	
10.2746	1	5122386	5122386	0	
10.2746	1	5123140	5123140	0	
10.2771	1	5123830	5123830	0	
10.2771	1	5124600	5124600	0	
10.2796	1	5125274	5125274	0	
10.2796	1	5126060	5126060	0	
10.2821	1	5126718	5126718	0	
10.2821	1	5127520	5127520	0	
10.2846	1	5128162	5128162	0	
10.2846	1	5128980	5128980	0	
10.2871	1	5129606	5129606	0	
10.2871	1	5130440	5130440	0	
10.2895	1	5131050	5131050	0	
10.2895	1	5131900	5131900	0	
10.292	1	5132494	5132494	0	
10.292	1	5133360	5133360	0	
10.2946	1	5133938	5133938	0	
10.2946	1	5134820	5134820	0	
10.297	1	5135382	5135382	0	
10.297	1	5136280	5136280	0	
10.2995	1	5136826	5136826	0	
10.2995	1	5137740	5137740	0	
10.302	1	5138270	5138270	0	
10.302	1	5139200	5139200	0	
10.3045	1	5139714	5139714	0	
10.3045	1	5140660	5140660	0	
10.3069	1	5141158	5141158	0	
10.3069	1	5142120	5142120	0	
10.3094	1	5142602	5142602	0	
10.3094	1	5143580	5143580	0	
10.3119	1	5144046	5144046	0	
10.3119	1	5145040	5145040	0	
10.3144	1	5145490	5145490	0	
10.3144	1	5146500	5146500	0	
10.3169	1	5146934	5146934	0	
10.3169	1	5147960	5147960	0	
10.3194	1	5148378	5148378	0	
10.3194	1	5149420	5149420	0	
10.3218	1	5149822	5149822	0	
10.3218	1	5150880	5150880	0	
10.3243	1	5151266	5151266	0	
10.3243	1	5152340	5152340	0	
10.3269	1	5152710	5152710	0	
10.3269	1	5153800	5153800	0	
10.3293	1	5154154	5154154	0	
10.3293	1	5155260	5155260	0	
10.3318	1	5155598	5155598	0	
10.3318	1	5156720	5156720	0	
10.3343	1	5157042	5157042	0	
10.3343	1	5158180	5158180	0	
10.3368	1	5158486	5158486	0	
10.3368	1	5159640	5159640	0	
10.3392	1	5159930	5159930	0	
10.3392	1	5161100	5161100	0	
10.3417	1	5161374	5161374	0	
10.3417	1	5162560	5162560	0	
10.3442	1	5162818	5162818	0	
10.3442	1	5164020	5164020	0	
10.3467	1	5164262	5164262	0	
10.3467	1	5165480	5165480	0	
10.3492	1	5165706	5165706	0	
10.3492	1	5166940	5166940	0	
10.3517	1	5167150	5167150	0	
10.3517	1	5168400	5168400	0	
10.3541	1	5168594	5168594	0	
10.3541	1	5169860	5169860	0	
10.3566	1	5170038	5170038	0	
10.3566	1	5171320	5171320	0	
10.3592	1	5171482	5171482	0	
10.3592	1	5172780	5172780	0	
10.3616	1	5172926	5172926	0	
10.3616	1	5174240	5174240	0	
10.3641	1	5174370	5174370	0	
10.3641	1	5175700	5175700	0	
10.3666	1	5175814	5175814	0	
10.3666	1	5177160	5177160	0	
10.3691	1	5177258	5177258	0	
10.3691	1	5178620	5178620	0	
10.3716	1	5178702	5178702	0	
10.3716	1	5180080	5180080	0	
10.3741	1	5180146	5180146	0	
10.3741	1	5181540	5181540	0	
10.3766	1	5181590	5181590	0	
10.3766	1	5183000	5183000	0	
10.379	1	5183034	5183034	0	
10.379	1	5184460	5184460	0	
10.3815	1	5184478	5184478	0	
10.3815	1	5185920	5185920	0	
10.384	1	5185922	5185922	0	
10.3864	1	5187374	5187374	0	
10.3864	1	5187380	5187380	0	
10.3889	1	5188819	5188819	0	
10.3889	1	5188840	5188840	0	
10.3915	1	5190264	5190264	0	
10.3915	1	5190300	5190300	0	
10.3939	1	5191709	5191709	0	
10.3939	1	5191760	5191760	0	
10.3964	1	5193154	5193154	0	
10.3964	1	5193220	5193220	0	
10.3989	1	5194598	5194598	0	
10.3989	1	5194680	5194680	0	
10.4013	1	5196042	5196042	0	
10.4013	1	5196140	5196140	0	
10.4039	1	5197486	5197486	0	
10.4039	1	5197600	5197600	0	
10.4064	1	5198930	5198930	0	
10.4064	1	5199060	5199060	0	
10.4089	1	5200374	5200374	0	
10.4089	1	5200520	5200520	0	
10.4113	1	5201818	5201818	0	
10.4113	1	5201980	5201980	0	
10.4138	1	5203262	5203262	0	
10.4138	1	5203440	5203440	0	
10.4163	1	5204706	5204706	0	
10.4163	1	5204900	5204900	0	
10.4187	1	5206150	5206150	0	
10.4187	1	5206360	5206360	0	
10.4212	1	5207594	5207594	0	
10.4212	1	5207820	5207820	0	
10.4238	1	5209038	5209038	0	
10.4238	1	5209280	5209280	0	
10.4262	1	5210482	5210482	0	
10.4262	1	5210740	5210740	0	
10.4287	1	5211926	5211926	0	
10.4287	1	5212200	5212200	0	
10.4312	1	5213370	5213370	0	
10.4312	1	5213660	5213660	0	
10.4336	1	5214814	5214814	0	
10.4336	1	5215120	5215120	0	
10.4362	1	5216258	5216258	0	
10.4362	1	5216580	5216580	0	
10.4387	1	5217702	5217702	0	
10.4387	1	5218040	5218040	0	
10.4411	1	5219146	5219146	0	
10.4411	1	5219500	5219500	0	
10.4436	1	5220590	5220590	0	
10.4436	1	5220960	5220960	0	
10.4461	1	5222034	5222034	0	
10.4461	1	5222420	5222420	0	
10.4487	1	5223478	5223478	0	
10.4487	1	5223880	5223880	0	
10.4511	1	5224922	5224922	0	
10.4511	1	5225340	5225340	0	
10.4536	1	5226366	5226366	0	
10.4536	1	5226800	5226800	0	
10.4561	1	5227810	5227810	0	
10.4561	1	5228260	5228260	0	
10.4585	1	5229254	5229254	0	
10.4585	1	5229720	5229720	0	
10.461	1	5230698	5230698	0	
10.461	1	5231180	5231180	0	
10.4635	1	5232142	5232142	0	
10.4635	1	5232640	5232640	0	
10.4659	1	5233586	5233586	0	
10.4659	1	5234100	5234100	0	
10.4685	1	5235030	5235030	0	
10.4685	1	5235560	5235560	0	
10.471	1	5236474	5236474	0	
10.471	1	5237020	5237020	0	
10.4734	1	5237918	5237918	0	
10.4734	1	5238480	5238480	0	
10.4759	1	5239362	5239362	0	
10.4759	1	5239940	5239940	0	
10.4784	1	5240806	5240806	0	
10.4784	1	5241400	5241400	0	
10.4796	1	5242250	5242250	0	
10.4796	1	5242860	5242860	0	
RESULT_ONE_PATH,0,2,5242880,9.475916966,9.479610006,5242880
DIAG_ONE_PATH,0.166016082,9.029705766,9.063468966
