elapsed_s,rx_app,packet_bytes
0.158013879,1456,1456
0.160172033,1460,4
0.160172033,2905,1445
0.164564956,2920,15
0.164564956,4354,1434
0.174564956,4380,26
0.174564956,5803,1423
0.266993216,5840,37
0.266993216,7252,1412
0.269139819,7300,48
0.269139819,8701,1401
0.271286422,8760,59
0.271286422,10150,1390
0.273433025,10220,70
0.273433025,11598,1378
0.275579628,11680,82
0.275579628,13046,1366
0.277726231,13140,94
0.277726231,14494,1354
0.286994817,14600,106
0.286994817,15942,1342
0.289141820,16060,118
0.289141820,17390,1330
0.373759690,17520,130
0.373759690,18834,1314
0.375955123,18980,146
0.375955123,20278,1298
0.378150556,20440,162
0.378150556,21722,1282
0.380345989,21900,178
0.380345989,23166,1266
0.382541422,23360,194
0.382541422,24610,1250
0.384736855,24820,210
0.384736855,26054,1234
0.386932128,26280,226
0.386932128,27498,1218
0.389124713,27740,242
0.389124713,28942,1202
0.391317298,29200,258
0.391317298,30386,1186
0.393510283,30660,274
0.393510283,31830,1170
0.395709587,32120,290
0.395709587,33274,1154
0.397902172,33580,306
0.397902172,34718,1138
0.400175911,35040,322
0.400175911,36162,1122
0.402368496,36500,338
0.402368496,37606,1106
0.404561081,37960,354
0.404561081,39050,1090
0.406753666,39420,370
0.406753666,40494,1074
0.480781274,40880,386
0.480781274,41938,1058
0.483130531,42340,402
0.483130531,43382,1042
0.485486604,43800,418
0.485486604,44826,1026
0.487835461,45260,434
0.487835461,46270,1010
0.490184318,46720,450
0.490184318,47714,994
0.492533175,48180,466
0.492533175,49158,978
0.494881872,49640,482
0.494881872,50602,962
0.497227682,51100,498
0.497227682,52046,946
0.499573492,52560,514
0.499573492,53490,930
0.501919302,54020,530
0.501919302,54934,914
0.504265112,55480,546
0.504265112,56378,898
0.506610922,56940,562
0.506610922,57822,882
0.508957132,58400,578
0.508957132,59266,866
0.511310158,59860,594
0.511310158,60710,850
0.513655968,61320,610
0.513655968,62154,834
0.516001778,62780,626
0.516001778,63598,818
0.518347588,64240,642
0.518347588,65042,802
0.520693398,65700,658
0.520693398,66486,786
0.523126033,67160,674
0.523126033,67930,770
0.525471843,68620,690
0.525471843,69374,754
0.527817653,70080,706
0.527817653,70818,738
0.530163463,71540,722
0.530163463,72262,722
0.532509673,73000,738
0.532509673,73706,706
0.534862699,74460,754
0.534862699,75150,690
0.537208509,75920,770
0.537208509,76594,674
0.539554319,77380,786
0.539554319,78038,658
0.541900129,78840,802
0.541900129,79482,642
0.544245939,80300,818
0.544245939,80926,626
0.546678574,81760,834
0.546678574,82370,610
0.549024384,83220,850
0.549024384,83814,594
0.551370194,84680,866
0.551370194,85258,578
0.553543054,86140,882
0.553543054,86702,562
0.585584400,87600,898
0.585584400,88146,546
0.587757260,89060,914
0.587757260,89590,530
0.589930120,90520,930
0.589930120,91034,514
0.592102980,91980,946
0.592102980,92478,498
0.594275840,93440,962
0.594275840,93922,482
0.596448700,94900,978
0.596448700,95366,466
0.598621560,96360,994
0.598621560,96810,450
0.600794420,97820,1010
0.600794420,98254,434
0.602967280,99280,1026
0.602967280,99698,418
0.605140140,100740,1042
0.605140140,101142,402
0.607400478,102200,1058
0.607400478,102586,386
0.609573338,103660,1074
0.609573338,104030,370
0.611746198,105120,1090
0.611746198,105474,354
0.613919058,106580,1106
0.613919058,106918,338
0.616091918,108040,1122
0.616091918,108362,322
0.618264778,109500,1138
0.618264778,109806,306
0.620437638,110960,1154
0.620437638,111250,290
0.622610498,112420,1170
0.622610498,112694,274
0.624783358,113880,1186
0.624783358,114138,258
0.626956218,115340,1202
0.626956218,115582,242
0.629129478,116800,1218
0.629129478,117026,226
0.631308992,118260,1234
0.631308992,118470,210
0.633562276,119720,1250
0.633562276,119914,194
0.635735136,121180,1266
0.635735136,121358,178
0.637907996,122640,1282
0.637907996,122802,162
0.640080856,124100,1298
0.640080856,124246,146
0.642253716,125560,1314
0.642253716,125690,130
0.644426576,127020,1330
0.644426576,127134,114
0.646599436,128480,1346
0.646599436,128578,98
0.648772296,129940,1362
0.648772296,130022,82
0.650945556,131400,1378
0.650945556,131466,66
0.653175722,132860,1394
0.653175722,132910,50
0.655397706,134320,1410
0.655397706,134354,34
0.657619690,135780,1426
0.657619690,135798,18
0.659923969,137240,1442
0.659923969,137242,2
0.662146033,138694,1452
0.664369460,138700,6
0.664369460,140139,1439
0.666592887,140160,21
0.666592887,141584,1424
0.668816314,141620,36
0.668816314,143029,1409
0.671039741,143080,51
0.671039741,144474,1394
0.673263568,144540,66
0.673263568,145918,1378
0.675493814,146000,82
0.675493814,147362,1362
0.677717241,147460,98
0.677717241,148806,1346
0.679940668,148920,114
0.679940668,150250,1330
0.682164095,150380,130
0.682164095,151694,1314
0.684387522,151840,146
0.684387522,153138,1298
0.686610949,153300,162
0.686610949,154582,1282
0.688834376,154760,178
0.688834376,156026,1266
0.691057803,156220,194
0.691057803,157470,1250
0.693281230,157680,210
0.693281230,158914,1234
0.695587352,159140,226
0.695587352,160358,1218
0.697817598,160600,242
0.697817598,161802,1202
0.700041025,162060,258
0.700041025,163246,1186
0.702264452,163520,274
0.702264452,164690,1170
0.704487879,164980,290
0.704487879,166134,1154
0.706711306,166440,306
0.706711306,167578,1138
0.708934733,167900,322
0.708934733,169022,1122
0.711158160,169360,338
0.711158160,170466,1106
0.713381587,170820,354
0.713381587,171910,1090
0.715605014,172280,370
0.715605014,173354,1074
0.717911136,173740,386
0.717911136,174798,1058
0.720141382,175200,402
0.720141382,176242,1042
0.722364809,176660,418
0.722364809,177686,1026
0.724588236,178120,434
0.724588236,179130,1010
0.726893958,179580,450
0.726893958,180574,994
0.729117385,181040,466
0.729117385,182018,978
0.731340812,182500,482
0.731340812,183462,962
0.733564239,183960,498
0.733564239,184906,946
0.735787666,185420,514
0.735787666,186350,930
0.738011093,186880,530
0.738011093,187794,914
0.740234920,188340,546
0.740234920,189238,898
0.742465166,189800,562
0.742465166,190682,882
0.744688593,191260,578
0.744688593,192126,866
0.746912020,192720,594
0.746912020,193570,850
0.749135447,194180,610
0.749135447,195014,834
0.751358874,195640,626
0.751358874,196458,818
0.753913633,197100,642
0.753913633,197902,802
0.756377208,198560,658
0.756377208,199346,786
0.758840783,200020,674
0.758840783,200790,770
0.761304358,201480,690
0.761304358,202234,754
0.763768333,202940,706
0.763768333,203678,738
0.766239507,204400,722
0.766239507,205122,722
0.768703082,205860,738
0.768703082,206566,706
0.771166657,207320,754
0.771166657,208010,690
0.773630232,208780,770
0.773630232,209454,674
0.776093807,210240,786
0.776093807,210898,658
0.778557382,211700,802
0.778557382,212342,642
0.781020957,213160,818
0.781020957,213786,626
0.783484532,214620,834
0.783484532,215230,610
0.785948107,216080,850
0.785948107,216674,594
0.788411682,217540,866
0.788411682,218118,578
0.790875657,219000,882
0.790875657,219562,562
0.793438015,220460,898
0.793438015,221006,546
0.795901590,221920,914
0.795901590,222450,530
0.798365165,223380,930
0.798365165,223894,514
0.800828740,224840,946
0.800828740,225338,498
0.803292315,226300,962
0.803292315,226782,482
0.805755890,227760,978
0.805755890,228226,466
0.808219465,229220,994
0.808219465,229670,450
0.810683040,230680,1010
0.810683040,231114,434
0.813146615,232140,1026
0.813146615,232558,418
0.815610590,233600,1042
0.815610590,234002,402
0.818081764,235060,1058
0.818081764,235446,386
0.820545339,236520,1074
0.820545339,236890,370
0.823100098,237980,1090
0.823100098,238334,354
0.825563673,239440,1106
0.825563673,239778,338
0.828027248,240900,1122
0.828027248,241222,322
0.830490823,242360,1138
0.830490823,242666,306
0.832954398,243820,1154
0.832954398,244110,290
0.835417973,245280,1170
0.835417973,245554,274
0.837881548,246740,1186
0.837881548,246998,258
0.840345523,248200,1202
0.840345523,248442,242
0.842816697,249660,1218
0.842816697,249886,226
0.845280272,251120,1234
0.845280272,251330,210
0.847835031,252580,1250
0.847835031,252774,194
0.850298606,254040,1266
0.850298606,254218,178
0.852562425,255500,1282
0.852562425,255662,162
0.854826244,256960,1298
0.854826244,257106,146
0.857090063,258420,1314
0.857090063,258550,130
0.859353882,259880,1330
0.859353882,259994,114
0.861617701,261340,1346
0.861617701,261438,98
0.863881920,262800,1362
0.863881920,262882,82
0.866152689,264260,1378
0.866152689,264326,66
0.868416428,265720,1394
0.868416428,265770,50
0.870678777,267180,1410
0.870678777,267214,34
0.872992556,268640,1426
0.872992556,268658,18
0.875203475,270100,1442
0.875203475,270102,2
0.877965604,271554,1452
0.881975783,271560,6
0.881975783,272999,1439
0.886494582,273020,21
0.886494582,274444,1424
1.324555865,274480,36
1.324555865,400074,125594
1.330221001,401500,1426
1.330221001,401518,18
1.330221001,402960,1442
1.330221001,431854,28894
1.351838336,432160,306
1.351838336,567602,135442
1.354026966,567940,338
1.354026966,569046,1106
1.356197027,569400,354
1.356197027,570490,1090
1.358367088,570860,370
1.358367088,571934,1074
1.360537149,572320,386
1.360537149,573378,1058
1.362707210,573780,402
1.362707210,574822,1042
1.364877271,575240,418
1.364877271,576266,1026
1.367131715,576700,434
1.367131715,577710,1010
1.369301776,578160,450
1.369301776,579154,994
1.371471837,579620,466
1.371471837,580598,978
1.373642298,581080,482
1.373642298,582042,962
1.375818990,582540,498
1.375818990,583486,946
1.377989051,584000,514
1.377989051,584930,930
1.380159112,585460,530
1.380159112,586374,914
1.382329173,586920,546
1.382329173,587818,898
1.384583617,588380,562
1.384583617,589262,882
1.386753678,589840,578
1.386753678,590706,866
1.388923739,591300,594
1.388923739,592150,850
1.391093800,592760,610
1.391093800,593594,834
1.393263861,594220,626
1.393263861,595038,818
1.395434322,595680,642
1.395434322,596482,802
1.397611014,597140,658
1.397611014,597926,786
1.399781075,598600,674
1.399781075,599370,770
1.401951136,600060,690
1.401951136,600814,754
1.404205580,601520,706
1.404205580,602258,738
1.406430023,602980,722
1.406430023,603702,722
1.408715408,604440,738
1.408715408,605146,706
1.411469120,605900,754
1.411469120,606590,690
1.413581519,607360,770
1.413581519,608034,674
1.415693918,608820,786
1.415693918,609478,658
1.417806317,610280,802
1.417806317,610922,642
1.419918716,611740,818
1.419918716,612366,626
1.422115498,613200,834
1.422115498,613810,610
1.424400883,614660,850
1.424400883,615254,594
1.426513282,616120,866
1.426513282,616698,578
1.428625681,617580,882
1.428625681,618142,562
1.430738080,619040,898
1.430738080,619586,546
1.433023465,620500,914
1.433023465,621030,530
1.435135864,621960,930
1.435135864,622474,514
1.437248263,623420,946
1.437248263,623918,498
1.439625063,624880,962
1.439625063,625362,482
1.441917479,626340,978
1.441917479,626806,466
1.444145202,627800,994
1.444145202,628250,450
1.446257601,629260,1010
1.446257601,629694,434
1.448370000,630720,1026
1.448370000,631138,418
1.450482399,632180,1042
1.450482399,632582,402
1.452849803,633640,1058
1.452849803,634026,386
1.455038014,635100,1074
1.455038014,635470,370
1.457226225,636560,1090
1.457226225,636914,354
1.459688324,638020,1106
1.459688324,638358,338
1.461876535,639480,1122
1.461876535,639802,322
1.464064746,640940,1138
1.464064746,641246,306
1.466432150,642400,1154
1.466432150,642690,290
1.468620361,643860,1170
1.468620361,644134,274
1.470808572,645320,1186
1.470808572,645578,258
1.473116245,646780,1202
1.473116245,647022,242
1.475304456,648240,1218
1.475304456,648466,226
1.477580078,649700,1234
1.477580078,649910,210
1.479946025,651160,1250
1.479946025,651354,194
1.482134236,652620,1266
1.482134236,652798,178
1.484322447,654080,1282
1.484322447,654242,162
1.486510658,655540,1298
1.486510658,655686,146
1.488880975,657000,1314
1.488880975,657130,130
1.491069186,658460,1330
1.491069186,658574,114
1.493257397,659920,1346
1.493257397,660018,98
1.714977557,661380,1362
1.714977557,802994,141614
1.717750383,803000,6
1.717750383,804439,1439
1.719973802,804460,21
1.719973802,805884,1424
1.722197221,805920,36
1.722197221,807329,1409
1.724421040,807380,51
1.724421040,808774,1394
1.726651264,808840,66
1.726651264,810218,1378
1.728874683,810300,82
1.728874683,811662,1362
1.731098102,811760,98
1.731098102,813106,1346
1.733321521,813220,114
1.733321521,814550,1330
1.735631398,814680,130
1.735631398,815994,1314
1.737854817,816140,146
1.737854817,817438,1298
1.740078236,817600,162
1.740078236,818882,1282
1.742301655,819060,178
1.742301655,820326,1266
1.744525074,820520,194
1.744525074,821770,1250
1.746748893,821980,210
1.746748893,823214,1234
1.748979117,823440,226
1.748979117,824658,1218
1.751288994,824900,242
1.751288994,826102,1202
1.753528018,826360,258
1.753528018,827546,1186
1.755767042,827820,274
1.755767042,828990,1170
1.758006066,829280,290
1.758006066,830434,1154
1.760245090,830740,306
1.760245090,831878,1138
1.762484114,832200,322
1.762484114,833322,1122
1.764723138,833660,338
1.764723138,834766,1106
1.766962162,835120,354
1.766962162,836210,1090
1.769295506,836580,370
1.769295506,837654,1074
1.771534530,838040,386
1.771534530,839098,1058
1.773773554,839500,402
1.773773554,840542,1042
1.776012578,840960,418
1.776012578,841986,1026
1.778251602,842420,434
1.778251602,843430,1010
1.780490626,843880,450
1.780490626,844874,994
1.782729650,845340,466
1.782729650,846318,978
1.784968674,846800,482
1.784968674,847762,962
1.787294763,848260,498
1.787294763,849206,946
1.789534187,849720,514
1.789534187,850650,930
1.791780066,851180,530
1.791780066,852094,914
1.794019090,852640,546
1.794019090,853538,898
1.796258114,854100,562
1.796258114,854982,882
1.798497138,855560,578
1.798497138,856426,866
1.800736162,857020,594
1.800736162,857870,850
1.802975186,858480,610
1.802975186,859314,834
1.805301275,859940,626
1.805301275,860758,818
1.807540299,861400,642
1.807540299,862202,802
1.809779323,862860,658
1.809779323,863646,786
1.812018747,864320,674
1.812018747,865090,770
1.814264626,865780,690
1.814264626,866534,754
1.816503650,867240,706
1.816503650,867978,738
1.818742674,868700,722
1.818742674,869422,722
1.820981698,870160,738
1.820981698,870866,706
1.823307787,871620,754
1.823307787,872310,690
1.825633876,873080,770
1.825633876,873754,674
1.827872900,874540,786
1.827872900,875198,658
1.830111924,876000,802
1.830111924,876642,642
1.832351348,877460,818
1.832351348,878086,626
1.834597227,878920,834
1.834597227,879530,610
1.836836251,880380,850
1.836836251,880974,594
1.839075275,881840,866
1.839075275,882418,578
1.841401364,883300,882
1.841401364,883862,562
1.843640388,884760,898
1.843640388,885306,546
1.845879412,886220,914
1.845879412,886750,530
1.848118436,887680,930
1.848118436,888194,514
1.850357460,889140,946
1.850357460,889638,498
1.852611684,890600,962
1.852611684,891082,482
1.854787778,892060,978
1.854787778,892526,466
1.856957242,893520,994
1.856957242,893970,450
1.859126706,894980,1010
1.859126706,895414,434
1.861296170,896440,1026
1.861296170,896858,418
1.863465634,897900,1042
1.863465634,898302,402
1.865635098,899360,1058
1.865635098,899746,386
1.867804562,900820,1074
1.867804562,901190,370
1.870058386,902280,1090
1.870058386,902634,354
1.872227850,903740,1106
1.872227850,904078,338
1.874397714,905200,1122
1.874397714,905522,322
1.876573808,906660,1138
1.876573808,906966,306
1.878743272,908120,1154
1.878743272,908410,290
1.880997096,909580,1170
1.880997096,909854,274
1.883166560,911040,1186
1.883166560,911298,258
1.885336024,912500,1202
1.885336024,912742,242
1.887505488,913960,1218
1.887505488,914186,226
1.889674952,915420,1234
1.889674952,915630,210
1.891844416,916880,1250
1.891844416,917074,194
1.894013880,918340,1266
1.894013880,918518,178
1.896274734,919800,1282
1.896274734,919962,162
1.898444198,921260,1298
1.898444198,921406,146
1.900613662,922720,1314
1.900613662,922850,130
1.902783126,924180,1330
1.902783126,924294,114
1.904952590,925640,1346
1.904952590,925738,98
1.907122054,927100,1362
1.907122054,927182,82
1.909291518,928560,1378
1.909291518,928626,66
1.911460902,930020,1394
1.911460902,930070,50
1.913713320,931480,1410
1.913713320,931514,34
1.915881778,932940,1426
1.915881778,932958,18
1.918056466,934400,1442
1.918056466,934402,2
1.920224604,935854,1452
1.922394068,935860,6
1.922394068,937299,1439
1.924647892,937320,21
1.924647892,938744,1424
1.926817356,938780,36
1.926817356,940189,1409
1.928986820,940240,51
1.928986820,941634,1394
1.931156284,941700,66
1.931156284,943078,1378
1.933325748,943160,82
1.933325748,944522,1362
1.935495212,944620,98
1.935495212,945966,1346
1.937665076,946080,114
1.937665076,947410,1330
1.939925530,947540,130
1.939925530,948854,1314
1.942094994,949000,146
1.942094994,950298,1298
1.944264458,950460,162
1.944264458,951742,1282
1.946433922,951920,178
1.946433922,953186,1266
1.948603386,953380,194
1.948603386,954630,1250
1.950857210,954840,210
1.950857210,956074,1234
1.953011828,956300,226
1.953011828,957518,1218
1.955166446,957760,242
1.955166446,958962,1202
1.957321464,959220,258
1.957321464,960406,1186
1.959482664,960680,274
1.959482664,961850,1170
1.961637282,962140,290
1.961637282,963294,1154
1.963791900,963600,306
1.963791900,964738,1138
1.965946518,965060,322
1.965946518,966182,1122
1.968184918,966520,338
1.968184918,967626,1106
1.970339536,967980,354
1.970339536,969070,1090
1.972494154,969440,370
1.972494154,970514,1074
1.974648772,970900,386
1.974648772,971958,1058
1.976803390,972360,402
1.976803390,973402,1042
1.979048772,973820,418
1.979048772,974846,1026
1.981203390,975280,434
1.981203390,976290,1010
1.983358008,976740,450
1.983358008,977734,994
1.985512626,978200,466
1.985512626,979178,978
1.987667244,979660,482
1.987667244,980622,962
1.989968142,981120,498
1.989968142,982066,946
1.992122760,982580,514
1.992122760,983510,930
1.994277378,984040,530
1.994277378,984954,914
1.996476534,985500,546
1.996476534,986398,898
1.998631552,986960,562
1.998631552,987842,882
2.000792752,988420,578
2.000792752,989286,866
2.002947370,989880,594
2.002947370,990730,850
2.005101988,991340,610
2.005101988,992174,834
2.007415244,992800,626
2.007415244,993618,818
2.009569862,994260,642
2.009569862,995062,802
2.011724480,995720,658
2.011724480,996506,786
2.013931562,997180,674
2.013931562,997950,770
2.016086180,998640,690
2.016086180,999394,754
2.018240798,1000100,706
2.018240798,1000838,738
2.020486180,1001560,722
2.020486180,1002282,722
2.022640798,1003020,738
2.022640798,1003726,706
2.024856722,1004480,754
2.024856722,1005170,690
2.027011340,1005940,770
2.027011340,1006614,674
2.029165958,1007400,786
2.029165958,1008058,658
2.031320576,1008860,802
2.031320576,1009502,642
2.033475194,1010320,818
2.033475194,1010946,626
2.035869025,1011780,834
2.035869025,1012390,610
2.038023643,1013240,850
2.038023643,1013834,594
2.040178661,1014700,866
2.040178661,1015278,578
2.042339861,1016160,882
2.042339861,1016722,562
2.044494479,1017620,898
2.044494479,1018166,546
2.046732879,1019080,914
2.046732879,1019610,530
2.048887497,1020540,930
2.048887497,1021054,514
2.051042115,1022000,946
2.051042115,1022498,498
2.053382689,1023460,962
2.053382689,1023942,482
2.055723263,1024920,978
2.055723263,1025386,466
2.058063837,1026380,994
2.058063837,1026830,450
2.060404411,1027840,1010
2.060404411,1028274,434
2.062745385,1029300,1026
2.062745385,1029718,418
2.065184157,1030760,1042
2.065184157,1031162,402
2.067524731,1032220,1058
2.067524731,1032606,386
2.069865305,1033680,1074
2.069865305,1034050,370
2.072205879,1035140,1090
2.072205879,1035494,354
2.074546453,1036600,1106
2.074546453,1036938,338
2.076978040,1038060,1122
2.076978040,1038382,322
2.079318614,1039520,1138
2.079318614,1039826,306
2.081659188,1040980,1154
2.081659188,1041270,290
2.084000162,1042440,1170
2.084000162,1042714,274
2.086347921,1043900,1186
2.086347921,1044158,258
2.088779508,1045360,1202
2.088779508,1045602,242
2.091120082,1046820,1218
2.091120082,1047046,226
2.093460656,1048280,1234
2.093460656,1048490,210
2.095801230,1049740,1250
2.095801230,1049934,194
2.098141804,1051200,1266
2.098141804,1051378,178
2.100482378,1052660,1282
2.100482378,1052822,162
2.102822952,1054120,1298
2.102822952,1054266,146
2.105163526,1055580,1314
2.105163526,1055710,130
2.107602698,1057040,1330
2.107602698,1057154,114
2.109943272,1058500,1346
2.109943272,1058598,98
2.112283846,1059960,1362
2.112283846,1060042,82
2.114624420,1061420,1378
2.114624420,1061486,66
2.116964914,1062880,1394
2.116964914,1062930,50
2.119394984,1064340,1410
2.119394984,1064374,34
2.121734041,1065800,1426
2.121734041,1065818,18
2.124073098,1067260,1442
2.124073098,1067262,2
2.126412235,1068714,1452
2.128753209,1068720,6
2.128753209,1070159,1439
2.131100968,1070180,21
2.131100968,1071604,1424
2.133441542,1071640,36
2.133441542,1073049,1409
2.135782116,1073100,51
2.135782116,1074494,1394
2.138213703,1074560,66
2.138213703,1075938,1378
2.140554277,1076020,82
2.140554277,1077382,1362
2.142894851,1077480,98
2.142894851,1078826,1346
2.145235425,1078940,114
2.145235425,1080270,1330
2.147575999,1080400,130
2.147575999,1081714,1314
2.150007986,1081860,146
2.150007986,1083158,1298
2.152355745,1083320,162
2.152355745,1084602,1282
2.154640379,1084780,178
2.154640379,1086046,1266
2.156925013,1086240,194
2.156925013,1087490,1250
2.159209647,1087700,210
2.159209647,1088934,1234
2.161583119,1089160,226
2.161583119,1090378,1218
2.163867753,1090620,242
2.163867753,1091822,1202
2.166152387,1092080,258
2.166152387,1093266,1186
2.168437021,1093540,274
2.168437021,1094710,1170
2.170721655,1095000,290
2.170721655,1096154,1154
2.173006689,1096460,306
2.173006689,1097598,1138
2.175298326,1097920,322
2.175298326,1099042,1122
2.177582960,1099380,338
2.177582960,1100486,1106
2.179867594,1100840,354
2.179867594,1101930,1090
2.182241066,1102300,370
2.182241066,1103374,1074
2.184525700,1103760,386
2.184525700,1104818,1058
2.186810334,1105220,402
2.186810334,1106262,1042
2.189094968,1106680,418
2.189094968,1107706,1026
2.191379602,1108140,434
2.191379602,1109150,1010
2.193753474,1109600,450
2.193753474,1110594,994
2.196045111,1111060,466
2.196045111,1112038,978
2.198329745,1112520,482
2.198329745,1113482,962
2.200614379,1113980,498
2.200614379,1114926,946
2.202899013,1115440,514
2.202899013,1116370,930
2.205183647,1116900,530
2.205183647,1117814,914
2.207468281,1118360,546
2.207468281,1119258,898
2.209752915,1119820,562
2.209752915,1120702,882
2.212126387,1121280,578
2.212126387,1122146,866
2.214411021,1122740,594
2.214411021,1123590,850
2.216696055,1124200,610
2.216696055,1125034,834
2.218987692,1125660,626
2.218987692,1126478,818
2.221272326,1127120,642
2.221272326,1127922,802
2.223645798,1128580,658
2.223645798,1129366,786
2.225930432,1130040,674
2.225930432,1130810,770
2.228215066,1131500,690
2.228215066,1132254,754
2.230499700,1132960,706
2.230499700,1133698,738
2.232784334,1134420,722
2.232784334,1135142,722
2.235068968,1135880,738
2.235068968,1136586,706
2.237353602,1137340,754
2.237353602,1138030,690
2.239638636,1138800,770
2.239638636,1139474,674
2.242019111,1140260,786
2.242019111,1140918,658
2.244303745,1141720,802
2.244303745,1142362,642
2.246588379,1143180,818
2.246588379,1143806,626
2.248873013,1144640,834
2.248873013,1145250,610
2.251157647,1146100,850
2.251157647,1146694,594
2.253652927,1147560,866
2.253652927,1148138,578
2.256054810,1149020,882
2.256054810,1149582,562
2.258456693,1150480,898
2.258456693,1151026,546
2.260858976,1151940,914
2.260858976,1152470,530
2.263268243,1153400,930
2.263268243,1153914,514
2.265763523,1154860,946
2.265763523,1155358,498
2.268165406,1156320,962
2.268165406,1156802,482
2.270567289,1157780,978
2.270567289,1158246,466
2.272969172,1159240,994
2.272969172,1159690,450
2.275371055,1160700,1010
2.275371055,1161134,434
2.277772938,1162160,1026
2.277772938,1162578,418
2.280174821,1163620,1042
2.280174821,1164022,402
2.282576704,1165080,1058
2.282576704,1165466,386
2.285079768,1166540,1074
2.285079768,1166910,370
2.287481651,1168000,1090
2.287481651,1168354,354
2.289883534,1169460,1106
2.289883534,1169798,338
2.292285417,1170920,1122
2.292285417,1171242,322
2.294687300,1172380,1138
2.294687300,1172686,306
2.297089183,1173840,1154
2.297089183,1174130,290
2.299584463,1175300,1170
2.299584463,1175574,274
2.301986346,1176760,1186
2.301986346,1177018,258
2.304388229,1178220,1202
2.304388229,1178462,242
2.306790512,1179680,1218
2.306790512,1179906,226
2.309199779,1181140,1234
2.309199779,1181350,210
2.311601662,1182600,1250
2.311601662,1182794,194
2.314003545,1184060,1266
2.314003545,1184238,178
2.316498825,1185520,1282
2.316498825,1185682,162
2.318900708,1186980,1298
2.318900708,1187126,146
2.321302591,1188440,1314
2.321302591,1188570,130
2.323704474,1189900,1330
2.323704474,1190014,114
2.326106357,1191360,1346
2.326106357,1191458,98
2.328508240,1192820,1362
2.328508240,1192902,82
2.331011304,1194280,1378
2.331011304,1194346,66
2.333413107,1195740,1394
2.333413107,1195790,50
2.335813434,1197200,1410
2.335813434,1197234,34
2.338213761,1198660,1426
2.338213761,1198678,18
2.340614088,1200120,1442
2.340614088,1200122,2
2.343014495,1201574,1452
2.345416378,1201580,6
2.345416378,1203019,1439
2.347911658,1203040,21
2.347911658,1204464,1424
2.350313541,1204500,36
2.350313541,1205909,1409
2.352374436,1205960,51
2.352374436,1207354,1394
2.354441208,1207420,66
2.354441208,1208798,1378
2.356501703,1208880,82
2.356501703,1210242,1362
2.358562198,1210340,98
2.358562198,1211686,1346
2.360702815,1211800,114
2.360702815,1213130,1330
2.362763310,1213260,130
2.362763310,1214574,1314
2.364823805,1214720,146
2.364823805,1216018,1298
2.366884300,1216180,162
2.366884300,1217462,1282
2.368944795,1217640,178
2.368944795,1218906,1266
2.371085812,1219100,194
2.371085812,1220350,1250
2.373152584,1220560,210
2.373152584,1221794,1234
2.375213079,1222020,226
2.375213079,1223238,1218
2.377273574,1223480,242
2.377273574,1224682,1202
2.379334069,1224940,258
2.379334069,1226126,1186
2.381394564,1226400,274
2.381394564,1227570,1170
2.383455059,1227860,290
2.383455059,1229014,1154
2.385595676,1229320,306
2.385595676,1230458,1138
2.387656171,1230780,322
2.387656171,1231902,1122
2.389716666,1232240,338
2.389716666,1233346,1106
2.391777561,1233700,354
2.391777561,1234790,1090
2.393844333,1235160,370
2.393844333,1236234,1074
2.395904828,1236620,386
2.395904828,1237678,1058
2.398045445,1238080,402
2.398045445,1239122,1042
2.400105940,1239540,418
2.400105940,1240566,1026
2.402166435,1241000,434
2.402166435,1242010,1010
2.404226930,1242460,450
2.404226930,1243454,994
2.406287425,1243920,466
2.406287425,1244898,978
2.408347920,1245380,482
2.408347920,1246342,962
2.410408415,1246840,498
2.410408415,1247786,946
2.412555709,1248300,514
2.412555709,1249230,930
2.414616204,1249760,530
2.414616204,1250674,914
2.416676699,1251220,546
2.416676699,1252118,898
2.418737194,1252680,562
2.418737194,1253562,882
2.420797689,1254140,578
2.420797689,1255006,866
2.422858184,1255600,594
2.422858184,1256450,850
2.424998801,1257060,610
2.424998801,1257894,834
2.427059296,1258520,626
2.427059296,1259338,818
2.429119791,1259980,642
2.429119791,1260782,802
2.431180686,1261440,658
2.431180686,1262226,786
2.433247458,1262900,674
2.433247458,1263670,770
2.435307953,1264360,690
2.435307953,1265114,754
2.437368448,1265820,706
2.437368448,1266558,738
2.440584793,1267280,722
2.440584793,1268002,722
2.442645288,1268740,738
2.442645288,1269446,706
2.444705783,1270200,754
2.444705783,1270890,690
2.447787410,1271660,770
2.447787410,1272334,674
2.449847905,1273120,786
2.449847905,1273778,658
2.451908400,1274580,802
2.451908400,1275222,642
2.454352840,1276040,818
2.454352840,1276666,626
2.456698469,1277500,834
2.456698469,1278110,610
2.459150292,1278960,850
2.459150292,1279554,594
2.461495921,1280420,866
2.461495921,1280998,578
2.463841550,1281880,882
2.463841550,1282442,562
2.466278389,1283340,898
2.466278389,1283886,546
2.468624018,1284800,914
2.468624018,1285330,530
2.470969647,1286260,930
2.470969647,1286774,514
2.473315276,1287720,946
2.473315276,1288218,498
2.475661305,1289180,962
2.475661305,1289662,482
2.478014135,1290640,978
2.478014135,1291106,466
2.480359764,1292100,994
2.480359764,1292550,450
2.482796603,1293560,1010
2.482796603,1293994,434
2.485142232,1295020,1026
2.485142232,1295438,418
2.487487861,1296480,1042
2.487487861,1296882,402
2.489833490,1297940,1058
2.489833490,1298326,386
2.492179119,1299400,1074
2.492179119,1299770,370
2.494524748,1300860,1090
2.494524748,1301214,354
2.496870377,1302320,1106
2.496870377,1302658,338
2.499314817,1303780,1122
2.499314817,1304102,322
2.501660446,1305240,1138
2.501660446,1305546,306
2.504006075,1306700,1154
2.504006075,1306990,290
2.506351704,1308160,1170
2.506351704,1308434,274
2.508697333,1309620,1186
2.508697333,1309878,258
2.511042962,1311080,1202
2.511042962,1311322,242
2.513388591,1312540,1218
2.513388591,1312766,226
2.515825430,1314000,1234
2.515825430,1314210,210
2.518171059,1315460,1250
2.518171059,1315654,194
2.520517088,1316920,1266
2.520517088,1317098,178
2.522869918,1318380,1282
2.522869918,1318542,162
2.525215547,1319840,1298
2.525215547,1319986,146
2.527561176,1321300,1314
2.527561176,1321430,130
2.529998015,1322760,1330
2.529998015,1322874,114
2.532343644,1324220,1346
2.532343644,1324318,98
2.534689273,1325680,1362
2.534689273,1325762,82
2.537034902,1327140,1378
2.537034902,1327206,66
2.539380451,1328600,1394
2.539380451,1328650,50
2.541724559,1330060,1410
2.541724559,1330094,34
2.544069067,1331520,1426
2.544069067,1331538,18
2.546511586,1332980,1442
2.546511586,1332982,2
2.548855774,1334434,1452
2.551201403,1334440,6
2.551201403,1335879,1439
2.553646095,1335900,21
2.553646095,1337324,1424
2.556090787,1337360,36
2.556090787,1338769,1409
2.558535479,1338820,51
2.558535479,1340214,1394
2.561075233,1340280,66
2.561075233,1341658,1378
2.563519925,1341740,82
2.563519925,1343102,1362
2.565965017,1343200,98
2.565965017,1344546,1346
2.568417231,1344660,114
2.568417231,1345990,1330
2.570861923,1346120,130
2.570861923,1347434,1314
2.573401677,1347580,146
2.573401677,1348878,1298
2.575846369,1349040,162
2.575846369,1350322,1282
2.578291061,1350500,178
2.578291061,1351766,1266
2.580735753,1351960,194
2.580735753,1353210,1250
2.583180445,1353420,210
2.583180445,1354654,1234
2.585625137,1354880,226
2.585625137,1356098,1218
2.588069829,1356340,242
2.588069829,1357542,1202
2.590617505,1357800,258
2.590617505,1358986,1186
2.593062197,1359260,274
2.593062197,1360430,1170
2.595506889,1360720,290
2.595506889,1361874,1154
2.597951581,1362180,306
2.597951581,1363318,1138
2.600396273,1363640,322
2.600396273,1364762,1122
2.602840965,1365100,338
2.602840965,1366206,1106
2.605380719,1366560,354
2.605380719,1367650,1090
2.607825411,1368020,370
2.607825411,1369094,1074
2.610270103,1369480,386
2.610270103,1370538,1058
2.612715195,1370940,402
2.612715195,1371982,1042
2.615167409,1372400,418
2.615167409,1373426,1026
2.617612101,1373860,434
2.617612101,1374870,1010
2.620056793,1375320,450
2.620056793,1376314,994
2.622596547,1376780,466
2.622596547,1377758,978
2.625041239,1378240,482
2.625041239,1379202,962
2.627485931,1379700,498
2.627485931,1380646,946
2.629930623,1381160,514
2.629930623,1382090,930
2.632375315,1382620,530
2.632375315,1383534,914
2.634820007,1384080,546
2.634820007,1384978,898
2.637367683,1385540,562
2.637367683,1386422,882
2.639812375,1387000,578
2.639812375,1387866,866
2.642257067,1388460,594
2.642257067,1389310,850
2.644701759,1389920,610
2.644701759,1390754,834
2.647146451,1391380,626
2.647146451,1392198,818
2.649686205,1392840,642
2.649686205,1393642,802
2.652130897,1394300,658
2.652130897,1395086,786
2.654444697,1395760,674
2.654444697,1396530,770
2.656758497,1397220,690
2.656758497,1397974,754
2.659072697,1398680,706
2.659072697,1399418,738
2.661393595,1400140,722
2.661393595,1400862,722
2.663707395,1401600,738
2.663707395,1402306,706
2.666021195,1403060,754
2.666021195,1403750,690
2.668424967,1404520,770
2.668424967,1405194,674
2.670738767,1405980,786
2.670738767,1406638,658
2.673052567,1407440,802
2.673052567,1408082,642
2.675366367,1408900,818
2.675366367,1409526,626
2.677680167,1410360,834
2.677680167,1410970,610
2.680084339,1411820,850
2.680084339,1412414,594
2.682405237,1413280,866
2.682405237,1413858,578
2.684719037,1414740,882
2.684719037,1415302,562
2.687032837,1416200,898
2.687032837,1416746,546
2.689346637,1417660,914
2.689346637,1418190,530
2.691660437,1419120,930
2.691660437,1419634,514
2.693974237,1420580,946
2.693974237,1421078,498
2.696378009,1422040,962
2.696378009,1422522,482
2.698691809,1423500,978
2.698691809,1423966,466
2.701005609,1424960,994
2.701005609,1425410,450
2.703319809,1426420,1010
2.703319809,1426854,434
2.705640707,1427880,1026
2.705640707,1428298,418
2.707954507,1429340,1042
2.707954507,1429742,402
2.710358279,1430800,1058
2.710358279,1431186,386
2.712672079,1432260,1074
2.712672079,1432630,370
2.714985879,1433720,1090
2.714985879,1434074,354
2.717299679,1435180,1106
2.717299679,1435518,338
2.719613479,1436640,1122
2.719613479,1436962,322
2.721927279,1438100,1138
2.721927279,1438406,306
2.724241079,1439560,1154
2.724241079,1439850,290
2.726652349,1441020,1170
2.726652349,1441294,274
2.728966149,1442480,1186
2.728966149,1442738,258
2.731279949,1443940,1202
2.731279949,1444182,242
2.733593749,1445400,1218
2.733593749,1445626,226
2.735907549,1446860,1234
2.735907549,1447070,210
2.738221349,1448320,1250
2.738221349,1448514,194
2.740625121,1449780,1266
2.740625121,1449958,178
2.742938921,1451240,1282
2.742938921,1451402,162
2.745252721,1452700,1298
2.745252721,1452846,146
2.747566921,1454160,1314
2.747566921,1454290,130
2.749887819,1455620,1330
2.749887819,1455734,114
2.752291591,1457080,1346
2.752291591,1457178,98
2.754359910,1458540,1362
2.754359910,1458622,82
2.756428229,1460000,1378
2.756428229,1460066,66
2.758496468,1461460,1394
2.758496468,1461510,50
2.760563447,1462920,1410
2.760563447,1462954,34
2.762630426,1464380,1426
2.762630426,1464398,18
2.764697405,1465840,1442
2.764697405,1465842,2
2.766845291,1467294,1452
2.768919912,1467300,6
2.768919912,1468739,1439
2.770988231,1468760,21
2.770988231,1470184,1424
2.773056550,1470220,36
2.773056550,1471629,1409
2.775124869,1471680,51
2.775124869,1473074,1394
2.777193188,1473140,66
2.777193188,1474518,1378
2.779341934,1474600,82
2.779341934,1475962,1362
2.781410253,1476060,98
2.781410253,1477406,1346
2.783478572,1477520,114
2.783478572,1478850,1330
2.785546891,1478980,130
2.785546891,1480294,1314
2.787615610,1480440,146
2.787615610,1481738,1298
2.789690231,1481900,162
2.789690231,1483182,1282
2.791758550,1483360,178
2.791758550,1484626,1266
2.793907296,1484820,194
2.793907296,1486070,1250
2.795975615,1486280,210
2.795975615,1487514,1234
2.798043934,1487740,226
2.798043934,1488958,1218
2.800112253,1489200,242
2.800112253,1490402,1202
2.802180572,1490660,258
2.802180572,1491846,1186
2.804248891,1492120,274
2.804248891,1493290,1170
2.806317210,1493580,290
2.806317210,1494734,1154
2.808472658,1495040,306
2.808472658,1496178,1138
2.810540977,1496500,322
2.810540977,1497622,1122
2.812609296,1497960,338
2.812609296,1499066,1106
2.814677615,1499420,354
2.814677615,1500510,1090
2.816745934,1500880,370
2.816745934,1501954,1074
2.818814253,1502340,386
2.818814253,1503398,1058
2.820882572,1503800,402
2.820882572,1504842,1042
2.823031318,1505260,418
2.823031318,1506286,1026
2.825099637,1506720,434
2.825099637,1507730,1010
2.827168356,1508180,450
2.827168356,1509174,994
2.829242977,1509640,466
2.829242977,1510618,978
2.831311296,1511100,482
2.831311296,1512062,962
2.833379615,1512560,498
2.833379615,1513506,946
2.835528361,1514020,514
2.835528361,1514950,930
2.837596680,1515480,530
2.837596680,1516394,914
2.839664999,1516940,546
2.839664999,1517838,898
2.841733318,1518400,562
2.841733318,1519282,882
2.843801637,1519860,578
2.843801637,1520726,866
2.845950783,1521320,594
2.845950783,1522170,850
2.848025404,1522780,610
2.848025404,1523614,834
2.850093723,1524240,626
2.850093723,1525058,818
2.852324881,1525700,642
2.852324881,1526502,802
2.854560484,1527160,658
2.854560484,1527946,786
2.856796087,1528620,674
2.856796087,1529390,770
2.859031690,1530080,690
2.859031690,1530834,754
2.861354225,1531540,706
2.861354225,1532278,738
2.863589828,1533000,722
2.863589828,1533722,722
2.865825431,1534460,738
2.865825431,1535166,706
2.868061434,1535920,754
2.868061434,1536610,690
2.870303881,1537380,770
2.870303881,1538054,674
2.872539484,1538840,786
2.872539484,1539498,658
2.874862019,1540300,802
2.874862019,1540942,642
2.877097622,1541760,818
2.877097622,1542386,626
2.879333225,1543220,834
2.879333225,1543830,610
2.881568828,1544680,850
2.881568828,1545274,594
2.883804431,1546140,866
2.883804431,1546718,578
2.886040034,1547600,882
2.886040034,1548162,562
2.888275637,1549060,898
2.888275637,1549606,546
2.890605416,1550520,914
2.890605416,1551050,530
2.892841019,1551980,930
2.892841019,1552494,514
2.895076622,1553440,946
2.895076622,1553938,498
2.897312225,1554900,962
2.897312225,1555382,482
2.899547828,1556360,978
2.899547828,1556826,466
2.901783431,1557820,994
2.901783431,1558270,450
2.904105966,1559280,1010
2.904105966,1559714,434
2.906341569,1560740,1026
2.906341569,1561158,418
2.908577172,1562200,1042
2.908577172,1562602,402
2.910813175,1563660,1058
2.910813175,1564046,386
2.913055622,1565120,1074
2.913055622,1565490,370
2.915378157,1566580,1090
2.915378157,1566934,354
2.917613760,1568040,1106
2.917613760,1568378,338
2.919849363,1569500,1122
2.919849363,1569822,322
2.922084966,1570960,1138
2.922084966,1571266,306
2.924320569,1572420,1154
2.924320569,1572710,290
2.926556172,1573880,1170
2.926556172,1574154,274
2.928791775,1575340,1186
2.928791775,1575598,258
2.931027378,1576800,1202
2.931027378,1577042,242
2.933357157,1578260,1218
2.933357157,1578486,226
2.935592760,1579720,1234
2.935592760,1579930,210
2.937828363,1581180,1250
2.937828363,1581374,194
2.940063966,1582640,1266
2.940063966,1582818,178
2.942299569,1584100,1282
2.942299569,1584262,162
2.944622104,1585560,1298
2.944622104,1585706,146
2.946857707,1587020,1314
2.946857707,1587150,130
2.949093310,1588480,1330
2.949093310,1588594,114
2.951328913,1589940,1346
2.951328913,1590038,98
2.953527116,1591400,1362
2.953527116,1591482,82
2.955731641,1592860,1378
2.955731641,1592926,66
2.957929364,1594320,1394
2.957929364,1594370,50
2.960125742,1595780,1410
2.960125742,1595814,34
2.962407582,1597240,1426
2.962407582,1597258,18
2.964603960,1598700,1442
2.964603960,1598702,2
2.966800418,1600154,1452
2.968998221,1600160,6
2.968998221,1601599,1439
2.971196024,1601620,21
2.971196024,1603044,1424
2.973479689,1603080,36
2.973479689,1604489,1409
2.975684214,1604540,51
2.975684214,1605934,1394
2.977882017,1606000,66
2.977882017,1607378,1378
2.980079820,1607460,82
2.980079820,1608822,1362
2.982277623,1608920,98
2.982277623,1610266,1346
2.984475426,1610380,114
2.984475426,1611710,1330
2.986673229,1611840,130
2.986673229,1613154,1314
2.988871032,1613300,146
2.988871032,1614598,1298
2.991154297,1614760,162
2.991154297,1616042,1282
2.993352100,1616220,178
2.993352100,1617486,1266
2.995550303,1617680,194
2.995550303,1618930,1250
2.997754828,1619140,210
2.997754828,1620374,1234
2.999952631,1620600,226
2.999952631,1621818,1218
3.002235896,1622060,242
3.002235896,1623262,1202
3.004433699,1623520,258
3.004433699,1624706,1186
3.006631502,1624980,274
3.006631502,1626150,1170
3.008829305,1626440,290
3.008829305,1627594,1154
3.011027108,1627900,306
3.011027108,1629038,1138
3.013310373,1629360,322
3.013310373,1630482,1122
3.015508576,1630820,338
3.015508576,1631926,1106
3.017713101,1632280,354
3.017713101,1633370,1090
3.019910904,1633740,370
3.019910904,1634814,1074
3.022108707,1635200,386
3.022108707,1636258,1058
3.024306510,1636660,402
3.024306510,1637702,1042
3.026504313,1638120,418
3.026504313,1639146,1026
3.028702116,1639580,434
3.028702116,1640590,1010
3.030985381,1641040,450
3.030985381,1642034,994
3.033183184,1642500,466
3.033183184,1643478,978
3.035380987,1643960,482
3.035380987,1644922,962
3.037579190,1645420,498
3.037579190,1646366,946
3.039783715,1646880,514
3.039783715,1647810,930
3.042066980,1648340,530
3.042066980,1649254,914
3.044264783,1649800,546
3.044264783,1650698,898
3.046462586,1651260,562
3.046462586,1652142,882
3.048660389,1652720,578
3.048660389,1653586,866
3.050858192,1654180,594
3.050858192,1655030,850
3.053018415,1655640,610
3.053018415,1656474,834
3.055178638,1657100,626
3.055178638,1657918,818
3.057338861,1658560,642
3.057338861,1659362,802
3.059590084,1660020,658
3.059590084,1660806,786
3.061750307,1661480,674
3.061750307,1662250,770
3.063910530,1662940,690
3.063910530,1663694,754
3.066070753,1664400,706
3.066070753,1665138,738
3.068230976,1665860,722
3.068230976,1666582,722
3.070475199,1667320,738
3.070475199,1668026,706
3.072635422,1668780,754
3.072635422,1669470,690
3.074795645,1670240,770
3.074795645,1670914,674
3.076955868,1671700,786
3.076955868,1672358,658
3.079116491,1673160,802
3.079116491,1673802,642
3.081283314,1674620,818
3.081283314,1675246,626
3.083443537,1676080,834
3.083443537,1676690,610
3.085603760,1677540,850
3.085603760,1678134,594
3.087847983,1679000,866
3.087847983,1679578,578
3.090008206,1680460,882
3.090008206,1681022,562
3.092168429,1681920,898
3.092168429,1682466,546
3.094328652,1683380,914
3.094328652,1683910,530
3.096488875,1684840,930
3.096488875,1685354,514
3.098733498,1686300,946
3.098733498,1686798,498
3.100900321,1687760,962
3.100900321,1688242,482
3.103060544,1689220,978
3.103060544,1689686,466
3.105220767,1690680,994
3.105220767,1691130,450
3.107380990,1692140,1010
3.107380990,1692574,434
3.109625213,1693600,1026
3.109625213,1694018,418
3.111785436,1695060,1042
3.111785436,1695462,402
3.113945659,1696520,1058
3.113945659,1696906,386
3.116105882,1697980,1074
3.116105882,1698350,370
3.118266105,1699440,1090
3.118266105,1699794,354
3.120426728,1700900,1106
3.120426728,1701238,338
3.122593551,1702360,1122
3.122593551,1702682,322
3.124753774,1703820,1138
3.124753774,1704126,306
3.126913997,1705280,1154
3.126913997,1705570,290
3.129158220,1706740,1170
3.129158220,1707014,274
3.131318443,1708200,1186
3.131318443,1708458,258
3.133478666,1709660,1202
3.133478666,1709902,242
3.135638889,1711120,1218
3.135638889,1711346,226
3.137799112,1712580,1234
3.137799112,1712790,210
3.140043735,1714040,1250
3.140043735,1714234,194
3.142210558,1715500,1266
3.142210558,1715678,178
3.144370781,1716960,1282
3.144370781,1717122,162
3.146531004,1718420,1298
3.146531004,1718566,146
3.148691227,1719880,1314
3.148691227,1720010,130
3.150851450,1721340,1330
3.150851450,1721454,114
3.153229359,1722800,1346
3.153229359,1722898,98
3.155607268,1724260,1362
3.155607268,1724342,82
3.158077642,1725720,1378
3.158077642,1725786,66
3.160455471,1727180,1394
3.160455471,1727230,50
3.162832239,1728640,1410
3.162832239,1728674,34
3.165215913,1730100,1426
3.165215913,1730118,18
3.167592281,1731560,1442
3.167592281,1731562,2
3.170061194,1733014,1452
3.172439103,1733020,6
3.172439103,1734459,1439
3.174817012,1734480,21
3.174817012,1735904,1424
3.177194921,1735940,36
3.177194921,1737349,1409
3.179572830,1737400,51
3.179572830,1738794,1394
3.182043204,1738860,66
3.182043204,1740238,1378
3.184421513,1740320,82
3.184421513,1741682,1362
3.186806728,1741780,98
3.186806728,1743126,1346
3.189184637,1743240,114
3.189184637,1744570,1330
3.191562546,1744700,130
3.191562546,1746014,1314
3.193940455,1746160,146
3.193940455,1747458,1298
3.196318364,1747620,162
3.196318364,1748902,1282
3.198696273,1749080,178
3.198696273,1750346,1266
3.201166647,1750540,194
3.201166647,1751790,1250
3.203544556,1752000,210
3.203544556,1753234,1234
3.205922465,1753460,226
3.205922465,1754678,1218
3.208300774,1754920,242
3.208300774,1756122,1202
3.210685989,1756380,258
3.210685989,1757566,1186
3.213156363,1757840,274
3.213156363,1759010,1170
3.215534272,1759300,290
3.215534272,1760454,1154
3.217912181,1760760,306
3.217912181,1761898,1138
3.220290090,1762220,322
3.220290090,1763342,1122
3.222667999,1763680,338
3.222667999,1764786,1106
3.225045908,1765140,354
3.225045908,1766230,1090
3.227423817,1766600,370
3.227423817,1767674,1074
3.229801726,1768060,386
3.229801726,1769118,1058
3.232279806,1769520,402
3.232279806,1770562,1042
3.234657715,1770980,418
3.234657715,1772006,1026
3.237035624,1772440,434
3.237035624,1773450,1010
3.239413533,1773900,450
3.239413533,1774894,994
3.241791442,1775360,466
3.241791442,1776338,978
3.244261816,1776820,482
3.244261816,1777782,962
3.246639725,1778280,498
3.246639725,1779226,946
3.249017634,1779740,514
3.249017634,1780670,930
3.251395543,1781200,530
3.251395543,1782114,914
3.253711078,1782660,546
3.253711078,1783558,898
3.256033315,1784120,562
3.256033315,1785002,882
3.258348450,1785580,578
3.258348450,1786446,866
3.260663585,1787040,594
3.260663585,1787890,850
3.263068744,1788500,610
3.263068744,1789334,834
3.265383879,1789960,626
3.265383879,1790778,818
3.267699014,1791420,642
3.267699014,1792222,802
3.270014149,1792880,658
3.270014149,1793666,786
3.272329284,1794340,674
3.272329284,1795110,770
3.274734843,1795800,690
3.274734843,1796554,754
3.277057080,1797260,706
3.277057080,1797998,738
3.279372215,1798720,722
3.279372215,1799442,722
3.281687350,1800180,738
3.281687350,1800886,706
3.284002485,1801640,754
3.284002485,1802330,690
3.286407644,1803100,770
3.286407644,1803774,674
3.288722779,1804560,786
3.288722779,1805218,658
3.291037914,1806020,802
3.291037914,1806662,642
3.293353049,1807480,818
3.293353049,1808106,626
3.295668184,1808940,834
3.295668184,1809550,610
3.297983719,1810400,850
3.297983719,1810994,594
3.300305956,1811860,866
3.300305956,1812438,578
3.302621091,1813320,882
3.302621091,1813882,562
3.305026250,1814780,898
3.305026250,1815326,546
3.307341385,1816240,914
3.307341385,1816770,530
3.309656520,1817700,930
3.309656520,1818214,514
3.311971655,1819160,946
3.311971655,1819658,498
3.314286790,1820620,962
3.314286790,1821102,482
3.316691949,1822080,978
3.316691949,1822546,466
3.319007484,1823540,994
3.319007484,1823990,450
3.321329721,1825000,1010
3.321329721,1825434,434
3.323644856,1826460,1026
3.323644856,1826878,418
3.325959991,1827920,1042
3.325959991,1828322,402
3.328275126,1829380,1058
3.328275126,1829766,386
3.330590261,1830840,1074
3.330590261,1831210,370
3.332905396,1832300,1090
3.332905396,1832654,354
3.335310555,1833760,1106
3.335310555,1834098,338
3.337625690,1835220,1122
3.337625690,1835542,322
3.339940825,1836680,1138
3.339940825,1836986,306
3.342256360,1838140,1154
3.342256360,1838430,290
3.344578597,1839600,1170
3.344578597,1839874,274
3.346983756,1841060,1186
3.346983756,1841318,258
3.349298891,1842520,1202
3.349298891,1842762,242
3.351614026,1843980,1218
3.351614026,1844206,226
3.353693376,1845440,1234
3.353693376,1845650,210
3.355772726,1846900,1250
3.355772726,1847094,194
3.357852076,1848360,1266
3.357852076,1848538,178
3.359931426,1849820,1282
3.359931426,1849982,162
3.362010776,1851280,1298
3.362010776,1851426,146
3.364177720,1852740,1314
3.364177720,1852870,130
3.366257070,1854200,1330
3.366257070,1854314,114
3.368336420,1855660,1346
3.368336420,1855758,98
3.370415770,1857120,1362
3.370415770,1857202,82
3.372495120,1858580,1378
3.372495120,1858646,66
3.374655246,1860040,1394
3.374655246,1860090,50
3.376733249,1861500,1410
3.376733249,1861534,34
3.378811252,1862960,1426
3.378811252,1862978,18
3.380889255,1864420,1442
3.380889255,1864422,2
3.382967738,1865874,1452
3.385134282,1865880,6
3.385134282,1867319,1439
3.387213632,1867340,21
3.387213632,1868764,1424
3.389292982,1868800,36
3.389292982,1870209,1409
3.391372332,1870260,51
3.391372332,1871654,1394
3.393451682,1871720,66
3.393451682,1873098,1378
3.395531032,1873180,82
3.395531032,1874542,1362
3.397610382,1874640,98
3.397610382,1875986,1346
3.399689732,1876100,114
3.399689732,1877430,1330
3.401850338,1877560,130
3.401850338,1878874,1314
3.403936026,1879020,146
3.403936026,1880318,1298
3.406015376,1880480,162
3.406015376,1881762,1282
3.408094726,1881940,178
3.408094726,1883206,1266
3.410174076,1883400,194
3.410174076,1884650,1250
3.412334282,1884860,210
3.412334282,1886094,1234
3.414413632,1886320,226
3.414413632,1887538,1218
3.416492982,1887780,242
3.416492982,1888982,1202
3.418572332,1889240,258
3.418572332,1890426,1186
3.420651682,1890700,274
3.420651682,1891870,1170
3.422731432,1892160,290
3.422731432,1893314,1154
3.424817120,1893620,306
3.424817120,1894758,1138
3.426896470,1895080,322
3.426896470,1896202,1122
3.429056676,1896540,338
3.429056676,1897646,1106
3.431136026,1898000,354
3.431136026,1899090,1090
3.433215376,1899460,370
3.433215376,1900534,1074
3.435294726,1900920,386
3.435294726,1901978,1058
3.437374076,1902380,402
3.437374076,1903422,1042
3.439453426,1903840,418
3.439453426,1904866,1026
3.441614032,1905300,434
3.441614032,1906310,1010
3.443699720,1906760,450
3.443699720,1907754,994
3.445779070,1908220,466
3.445779070,1909198,978
3.447858420,1909680,482
3.447858420,1910642,962
3.449937770,1911140,498
3.449937770,1912086,946
3.452017120,1912600,514
3.452017120,1913530,930
3.454440577,1914060,530
3.454440577,1914974,914
3.456864034,1915520,546
3.456864034,1916418,898
3.459381727,1916980,562
3.459381727,1917862,882
3.461805184,1918440,578
3.461805184,1919306,866
3.464229041,1919900,594
3.464229041,1920750,850
3.466659951,1921360,610
3.466659951,1922194,834
3.469083408,1922820,626
3.469083408,1923638,818
3.471601101,1924280,642
3.471601101,1925082,802
3.474024558,1925740,658
3.474024558,1926526,786
3.476448015,1927200,674
3.476448015,1927970,770
3.478871472,1928660,690
3.478871472,1929414,754
3.481294929,1930120,706
3.481294929,1930858,738
3.483812622,1931580,722
3.483812622,1932302,722
3.486236479,1933040,738
3.486236479,1933746,706
3.488667389,1934500,754
3.488667389,1935190,690
3.491090846,1935960,770
3.491090846,1936634,674
3.493514303,1937420,786
3.493514303,1938078,658
3.495937760,1938880,802
3.495937760,1939522,642
3.498361217,1940340,818
3.498361217,1940966,626
3.500784674,1941800,834
3.500784674,1942410,610
3.503302367,1943260,850
3.503302367,1943854,594
3.505725824,1944720,866
3.505725824,1945298,578
3.508149281,1946180,882
3.508149281,1946742,562
3.510573138,1947640,898
3.510573138,1948186,546
3.513004048,1949100,914
3.513004048,1949630,530
3.515521741,1950560,930
3.515521741,1951074,514
3.517945198,1952020,946
3.517945198,1952518,498
3.520368655,1953480,962
3.520368655,1953962,482
3.522792112,1954940,978
3.522792112,1955406,466
3.525215569,1956400,994
3.525215569,1956850,450
3.527639026,1957860,1010
3.527639026,1958294,434
3.530062483,1959320,1026
3.530062483,1959738,418
3.532485940,1960780,1042
3.532485940,1961182,402
3.535011486,1962240,1058
3.535011486,1962626,386
3.537434943,1963700,1074
3.537434943,1964070,370
3.539858400,1965160,1090
3.539858400,1965514,354
3.542281857,1966620,1106
3.542281857,1966958,338
3.544705314,1968080,1122
3.544705314,1968402,322
3.547223007,1969540,1138
3.547223007,1969846,306
3.549646464,1971000,1154
3.549646464,1971290,290
3.552069921,1972460,1170
3.552069921,1972734,274
3.554473336,1973920,1186
3.554473336,1974178,258
3.556877151,1975380,1202
3.556877151,1975622,242
3.559287954,1976840,1218
3.559287954,1977066,226
3.561691369,1978300,1234
3.561691369,1978510,210
3.564094784,1979760,1250
3.564094784,1979954,194
3.566591656,1981220,1266
3.566591656,1981398,178
3.568995071,1982680,1282
3.568995071,1982842,162
3.571398486,1984140,1298
3.571398486,1984286,146
3.573801901,1985600,1314
3.573801901,1985730,130
3.576205316,1987060,1330
3.576205316,1987174,114
3.578702588,1988520,1346
3.578702588,1988618,98
3.581113391,1989980,1362
3.581113391,1990062,82
3.583516806,1991440,1378
3.583516806,1991506,66
3.585920141,1992900,1394
3.585920141,1992950,50
3.588321999,1994360,1410
3.588321999,1994394,34
3.590817314,1995820,1426
3.590817314,1995838,18
3.593219172,1997280,1442
3.593219172,1997282,2
3.595621110,1998734,1452
3.598024525,1998740,6
3.598024525,2000179,1439
3.600427940,2000200,21
3.600427940,2001624,1424
3.602831755,2001660,36
3.602831755,2003069,1409
3.605242558,2003120,51
3.605242558,2004514,1394
3.607645973,2004580,66
3.607645973,2005958,1378
3.610142845,2006040,82
3.610142845,2007402,1362
3.612546260,2007500,98
3.612546260,2008846,1346
3.614949675,2008960,114
3.614949675,2010290,1330
3.617353090,2010420,130
3.617353090,2011734,1314
3.619756505,2011880,146
3.619756505,2013178,1298
3.622253377,2013340,162
3.622253377,2014622,1282
3.624657192,2014800,178
3.624657192,2016066,1266
3.627067995,2016260,194
3.627067995,2017510,1250
3.629471410,2017720,210
3.629471410,2018954,1234
3.631874825,2019180,226
3.631874825,2020398,1218
3.634278240,2020640,242
3.634278240,2021842,1202
3.636681655,2022100,258
3.636681655,2023286,1186
3.639085070,2023560,274
3.639085070,2024730,1170
3.641581942,2025020,290
3.641581942,2026174,1154
3.643985357,2026480,306
3.643985357,2027618,1138
3.646388772,2027940,322
3.646388772,2029062,1122
3.648792587,2029400,338
3.648792587,2030506,1106
3.651203390,2030860,354
3.651203390,2031950,1090
3.653691560,2032320,370
3.653691560,2033394,1074
3.656086599,2033780,386
3.656086599,2034838,1058
3.658481638,2035240,402
3.658481638,2036282,1042
3.660876677,2036700,418
3.660876677,2037726,1026
3.663271716,2038160,434
3.663271716,2039170,1010
3.665759886,2039620,450
3.665759886,2040614,994
3.668154925,2041080,466
3.668154925,2042058,978
3.670550364,2042540,482
3.670550364,2043502,962
3.672952764,2044000,498
3.672952764,2044946,946
3.675347803,2045460,514
3.675347803,2046390,930
3.677742842,2046920,530
3.677742842,2047834,914
3.680137881,2048380,546
3.680137881,2049278,898
3.682532920,2049840,562
3.682532920,2050722,882
3.685021090,2051300,578
3.685021090,2052166,866
3.687416129,2052760,594
3.687416129,2053610,850
3.689811168,2054220,610
3.689811168,2055054,834
3.692206207,2055680,626
3.692206207,2056498,818
3.694601646,2057140,642
3.694601646,2057942,802
3.697097177,2058600,658
3.697097177,2059386,786
3.699492216,2060060,674
3.699492216,2060830,770
3.701887255,2061520,690
3.701887255,2062274,754
3.704282294,2062980,706
3.704282294,2063718,738
3.706677333,2064440,722
3.706677333,2065162,722
3.709072372,2065900,738
3.709072372,2066606,706
3.711467411,2067360,754
3.711467411,2068050,690
3.713862450,2068820,770
3.713862450,2069494,674
3.716351020,2070280,786
3.716351020,2070938,658
3.718753420,2071740,802
3.718753420,2072382,642
3.721148459,2073200,818
3.721148459,2073826,626
3.723543498,2074660,834
3.723543498,2075270,610
3.725938537,2076120,850
3.725938537,2076714,594
3.728426707,2077580,866
3.728426707,2078158,578
3.730821746,2079040,882
3.730821746,2079602,562
3.733216785,2080500,898
3.733216785,2081046,546
3.735611824,2081960,914
3.735611824,2082490,530
3.738006863,2083420,930
3.738006863,2083934,514
3.740402302,2084880,946
3.740402302,2085378,498
3.742804702,2086340,962
3.742804702,2086822,482
3.745199741,2087800,978
3.745199741,2088266,466
3.747687911,2089260,994
3.747687911,2089710,450
3.750082950,2090720,1010
3.750082950,2091154,434
3.752295322,2092180,1026
3.752295322,2092598,418
3.754502707,2093640,1042
3.754502707,2094042,402
3.756710092,2095100,1058
3.756710092,2095486,386
3.759003311,2096560,1074
3.759003311,2096930,370
3.761211096,2098020,1090
3.761211096,2098374,354
3.763425234,2099480,1106
3.763425234,2099818,338
3.765632619,2100940,1122
3.765632619,2101262,322
3.767840004,2102400,1138
3.767840004,2102706,306
3.770133223,2103860,1154
3.770133223,2104150,290
3.772340608,2105320,1170
3.772340608,2105594,274
3.774547993,2106780,1186
3.774547993,2107038,258
3.776755378,2108240,1202
3.776755378,2108482,242
3.778962763,2109700,1218
3.778962763,2109926,226
3.781170148,2111160,1234
3.781170148,2111370,210
3.783377933,2112620,1250
3.783377933,2112814,194
3.785592071,2114080,1266
3.785592071,2114258,178
3.787799456,2115540,1282
3.787799456,2115702,162
3.790092675,2117000,1298
3.790092675,2117146,146
3.792300060,2118460,1314
3.792300060,2118590,130
3.794507445,2119920,1330
3.794507445,2120034,114
3.796714830,2121380,1346
3.796714830,2121478,98
3.798922215,2122840,1362
3.798922215,2122922,82
3.801215434,2124300,1378
3.801215434,2124366,66
3.803423139,2125760,1394
3.803423139,2125810,50
3.805635847,2127220,1410
3.805635847,2127254,34
3.807841802,2128680,1426
3.807841802,2128698,18
3.810047757,2130140,1442
3.810047757,2130142,2
3.812253792,2131594,1452
3.814461177,2131600,6
3.814461177,2133039,1439
3.816668562,2133060,21
3.816668562,2134484,1424
3.818961781,2134520,36
3.818961781,2135929,1409
3.821169166,2135980,51
3.821169166,2137374,1394
3.823376551,2137440,66
3.823376551,2138818,1378
3.825584336,2138900,82
3.825584336,2140262,1362
3.827798474,2140360,98
3.827798474,2141706,1346
3.830091693,2141820,114
3.830091693,2143150,1330
3.832299078,2143280,130
3.832299078,2144594,1314
3.834506463,2144740,146
3.834506463,2146038,1298
3.836713848,2146200,162
3.836713848,2147482,1282
3.838921233,2147660,178
3.838921233,2148926,1266
3.841128618,2149120,194
3.841128618,2150370,1250
3.843336003,2150580,210
3.843336003,2151814,1234
3.845543388,2152040,226
3.845543388,2153258,1218
3.847843760,2153500,242
3.847843760,2154702,1202
3.850051145,2154960,258
3.850051145,2156146,1186
3.852258530,2156420,274
3.852258530,2157590,1170
3.854459318,2157880,290
3.854459318,2159034,1154
3.856660106,2159340,306
3.856660106,2160478,1138
3.858946472,2160800,322
3.858946472,2161922,1122
3.861147260,2162260,338
3.861147260,2163366,1106
3.863348048,2163720,354
3.863348048,2164810,1090
3.865548836,2165180,370
3.865548836,2166254,1074
3.867750024,2166640,386
3.867750024,2167698,1058
3.870043122,2168100,402
3.870043122,2169142,1042
3.872243910,2169560,418
3.872243910,2170586,1026
3.874444698,2171020,434
3.874444698,2172030,1010
3.876645486,2172480,450
3.876645486,2173474,994
3.878846274,2173940,466
3.878846274,2174918,978
3.881047062,2175400,482
3.881047062,2176362,962
3.883247850,2176860,498
3.883247850,2177806,946
3.885448638,2178320,514
3.885448638,2179250,930
3.887735404,2179780,530
3.887735404,2180694,914
3.889942924,2181240,546
3.889942924,2182138,898
3.892143712,2182700,562
3.892143712,2183582,882
3.894344500,2184160,578
3.894344500,2185026,866
3.896545288,2185620,594
3.896545288,2186470,850
3.898831654,2187080,610
3.898831654,2187914,834
3.901032442,2188540,626
3.901032442,2189358,818
3.903233230,2190000,642
3.903233230,2190802,802
3.905434018,2191460,658
3.905434018,2192246,786
3.907634806,2192920,674
3.907634806,2193690,770
3.909835994,2194380,690
3.909835994,2195134,754
3.912043514,2195840,706
3.912043514,2196578,738
3.914244302,2197300,722
3.914244302,2198022,722
3.916530668,2198760,738
3.916530668,2199466,706
3.918731456,2200220,754
3.918731456,2200910,690
3.920932244,2201680,770
3.920932244,2202354,674
3.923133032,2203140,786
3.923133032,2203798,658
3.925333820,2204600,802
3.925333820,2205242,642
3.927620186,2206060,818
3.927620186,2206686,626
3.929821374,2207520,834
3.929821374,2208130,610
3.932028894,2208980,850
3.932028894,2209574,594
3.934229682,2210440,866
3.934229682,2211018,578
3.936430470,2211900,882
3.936430470,2212462,562
3.938631258,2213360,898
3.938631258,2213906,546
3.940832046,2214820,914
3.940832046,2215350,530
3.943032834,2216280,930
3.943032834,2216794,514
3.945319200,2217740,946
3.945319200,2218238,498
3.947519988,2219200,962
3.947519988,2219682,482
3.949720776,2220660,978
3.949720776,2221126,466
3.951921964,2222120,994
3.951921964,2222570,450
3.954050106,2223580,1010
3.954050106,2224014,434
3.956254274,2225040,1026
3.956254274,2225458,418
3.958375941,2226500,1042
3.958375941,2226902,402
3.960497608,2227960,1058
3.960497608,2228346,386
3.962619275,2229420,1074
3.962619275,2229790,370
3.964740942,2230880,1090
3.964740942,2231234,354
3.966862609,2232340,1106
3.966862609,2232678,338
3.969066777,2233800,1122
3.969066777,2234122,322
3.971188844,2235260,1138
3.971188844,2235566,306
3.973316986,2236720,1154
3.973316986,2237010,290
3.975438653,2238180,1170
3.975438653,2238454,274
3.977560320,2239640,1186
3.977560320,2239898,258
3.979681987,2241100,1202
3.979681987,2241342,242
3.981803654,2242560,1218
3.981803654,2242786,226
3.984007822,2244020,1234
3.984007822,2244230,210
3.986129489,2245480,1250
3.986129489,2245674,194
3.988251156,2246940,1266
3.988251156,2247118,178
3.990372823,2248400,1282
3.990372823,2248562,162
3.992494890,2249860,1298
3.992494890,2250006,146
3.994705533,2251320,1314
3.994705533,2251450,130
3.996827200,2252780,1330
3.996827200,2252894,114
3.998948867,2254240,1346
3.998948867,2254338,98
4.001070534,2255700,1362
4.001070534,2255782,82
4.003192201,2257160,1378
4.003192201,2257226,66
4.005313788,2258620,1394
4.005313788,2258670,50
4.007434080,2260080,1410
4.007434080,2260114,34
4.009554372,2261540,1426
4.009554372,2261558,18
4.011757565,2263000,1442
4.011757565,2263002,2
4.013884412,2264454,1452
4.016006079,2264460,6
4.016006079,2265899,1439
4.018127746,2265920,21
4.018127746,2267344,1424
4.020249413,2267380,36
4.020249413,2268789,1409
4.022453581,2268840,51
4.022453581,2270234,1394
4.024575248,2270300,66
4.024575248,2271678,1378
4.026696915,2271760,82
4.026696915,2273122,1362
4.028818582,2273220,98
4.028818582,2274566,1346
4.030940249,2274680,114
4.030940249,2276010,1330
4.033062316,2276140,130
4.033062316,2277454,1314
4.035272959,2277600,146
4.035272959,2278898,1298
4.037394626,2279060,162
4.037394626,2280342,1282
4.039516293,2280520,178
4.039516293,2281786,1266
4.041637960,2281980,194
4.041637960,2283230,1250
4.043759627,2283440,210
4.043759627,2284674,1234
4.045881294,2284900,226
4.045881294,2286118,1218
4.048002961,2286360,242
4.048002961,2287562,1202
4.050207129,2287820,258
4.050207129,2289006,1186
4.052675296,2289280,274
4.052675296,2290450,1170
4.055150660,2290740,290
4.055150660,2291894,1154
4.057618427,2292200,306
4.057618427,2293338,1138
4.060086194,2293660,322
4.060086194,2294782,1122
4.062553961,2295120,338
4.062553961,2296226,1106
4.065117687,2296580,354
4.065117687,2297670,1090
4.067585454,2298040,370
4.067585454,2299114,1074
4.070053221,2299500,386
4.070053221,2300558,1058
4.072520988,2300960,402
4.072520988,2302002,1042
4.074988755,2302420,418
4.074988755,2303446,1026
4.077456922,2303880,434
4.077456922,2304890,1010
4.079932286,2305340,450
4.079932286,2306334,994
4.082496012,2306800,466
4.082496012,2307778,978
4.084963779,2308260,482
4.084963779,2309222,962
4.087431546,2309720,498
4.087431546,2310666,946
4.089899313,2311180,514
4.089899313,2312110,930
4.092367080,2312640,530
4.092367080,2313554,914
4.094930806,2314100,546
4.094930806,2314998,898
4.097398573,2315560,562
4.097398573,2316442,882
4.099866740,2317020,578
4.099866740,2317886,866
4.102342104,2318480,594
4.102342104,2319330,850
4.104809871,2319940,610
4.104809871,2320774,834
4.107277638,2321400,626
4.107277638,2322218,818
4.109745405,2322860,642
4.109745405,2323662,802
4.112213172,2324320,658
4.112213172,2325106,786
4.114680939,2325780,674
4.114680939,2326550,770
4.117244665,2327240,690
4.117244665,2327994,754
4.119712432,2328700,706
4.119712432,2329438,738
4.122180199,2330160,722
4.122180199,2330882,722
4.124648366,2331620,738
4.124648366,2332326,706
4.127123730,2333080,754
4.127123730,2333770,690
4.129687456,2334540,770
4.129687456,2335214,674
4.132155223,2336000,786
4.132155223,2336658,658
4.134622990,2337460,802
4.134622990,2338102,642
4.137090757,2338920,818
4.137090757,2339546,626
4.139558524,2340380,834
4.139558524,2340990,610
4.142026291,2341840,850
4.142026291,2342434,594
4.144590017,2343300,866
4.144590017,2343878,578
4.147058184,2344760,882
4.147058184,2345322,562
4.149533548,2346220,898
4.149533548,2346766,546
4.152001315,2347680,914
4.152001315,2348210,530
4.154303897,2349140,930
4.154303897,2349654,514
4.156606479,2350600,946
4.156606479,2351098,498
4.158909061,2352060,962
4.158909061,2352542,482
4.161301179,2353520,978
4.161301179,2353986,466
4.163603761,2354980,994
4.163603761,2355430,450
4.165906343,2356440,1010
4.165906343,2356874,434
4.168208925,2357900,1026
4.168208925,2358318,418
4.170511907,2359360,1042
4.170511907,2359762,402
4.172911086,2360820,1058
4.172911086,2361206,386
4.175213668,2362280,1074
4.175213668,2362650,370
4.177516250,2363740,1090
4.177516250,2364094,354
4.179818832,2365200,1106
4.179818832,2365538,338
4.182121414,2366660,1122
4.182121414,2366982,322
4.184423996,2368120,1138
4.184423996,2368426,306
4.186726578,2369580,1154
4.186726578,2369870,290
4.189029160,2371040,1170
4.189029160,2371314,274
4.191421678,2372500,1186
4.191421678,2372758,258
4.193731321,2373960,1202
4.193731321,2374202,242
4.196033903,2375420,1218
4.196033903,2375646,226
4.198336485,2376880,1234
4.198336485,2377090,210
4.200639067,2378340,1250
4.200639067,2378534,194
4.203031185,2379800,1266
4.203031185,2379978,178
4.205333767,2381260,1282
4.205333767,2381422,162
4.207636349,2382720,1298
4.207636349,2382866,146
4.209938931,2384180,1314
4.209938931,2384310,130
4.212241513,2385640,1330
4.212241513,2385754,114
4.214544495,2387100,1346
4.214544495,2387198,98
4.216854138,2388560,1362
4.216854138,2388642,82
4.219156720,2390020,1378
4.219156720,2390086,66
4.221548758,2391480,1394
4.221548758,2391530,50
4.223849848,2392940,1410
4.223849848,2392974,34
4.226150938,2394400,1426
4.226150938,2394418,18
4.228452028,2395860,1442
4.228452028,2395862,2
4.230753198,2397314,1452
4.233145316,2397320,6
4.233145316,2398759,1439
4.235448298,2398780,21
4.235448298,2400204,1424
4.237757941,2400240,36
4.237757941,2401649,1409
4.240060523,2401700,51
4.240060523,2403094,1394
4.242363105,2403160,66
4.242363105,2404538,1378
4.244665687,2404620,82
4.244665687,2405982,1362
4.247057805,2406080,98
4.247057805,2407426,1346
4.249360387,2407540,114
4.249360387,2408870,1330
4.251662969,2409000,130
4.251662969,2410314,1314
4.254029916,2410460,146
4.254029916,2411758,1298
4.256396863,2411920,162
4.256396863,2413202,1282
4.258764210,2413380,178
4.258764210,2414646,1266
4.261138427,2414840,194
4.261138427,2416090,1250
4.263597413,2416300,210
4.263597413,2417534,1234
4.265964360,2417760,226
4.265964360,2418978,1218
4.268331307,2419220,242
4.268331307,2420422,1202
4.270698254,2420680,258
4.270698254,2421866,1186
4.273065201,2422140,274
4.273065201,2423310,1170
4.275524187,2423600,290
4.275524187,2424754,1154
4.277891134,2425060,306
4.277891134,2426198,1138
4.280258481,2426520,322
4.280258481,2427642,1122
4.282632698,2427980,338
4.282632698,2429086,1106
4.284999645,2429440,354
4.284999645,2430530,1090
4.287366592,2430900,370
4.287366592,2431974,1074
4.289733539,2432360,386
4.289733539,2433418,1058
4.292100486,2433820,402
4.292100486,2434862,1042
4.294559472,2435280,418
4.294559472,2436306,1026
4.296926419,2436740,434
4.296926419,2437750,1010
4.299293366,2438200,450
4.299293366,2439194,994
4.301660313,2439660,466
4.301660313,2440638,978
4.304027660,2441120,482
4.304027660,2442082,962
4.306493916,2442580,498
4.306493916,2443526,946
4.308860863,2444040,514
4.308860863,2444970,930
4.311227810,2445500,530
4.311227810,2446414,914
4.313594757,2446960,546
4.313594757,2447858,898
4.315961704,2448420,562
4.315961704,2449302,882
4.318328651,2449880,578
4.318328651,2450746,866
4.320695598,2451340,594
4.320695598,2452190,850
4.323062545,2452800,610
4.323062545,2453634,834
4.325521931,2454260,626
4.325521931,2455078,818
4.327896148,2455720,642
4.327896148,2456522,802
4.330263095,2457180,658
4.330263095,2457966,786
4.332630042,2458640,674
4.332630042,2459410,770
4.334996989,2460100,690
4.334996989,2460854,754
4.337455975,2461560,706
4.337455975,2462298,738
4.339822922,2463020,722
4.339822922,2463742,722
4.342189869,2464480,738
4.342189869,2465186,706
4.344556816,2465940,754
4.344556816,2466630,690
4.346923763,2467400,770
4.346923763,2468074,674
4.349291110,2468860,786
4.349291110,2469518,658
4.351757366,2470320,802
4.351757366,2470962,642
4.353929299,2471780,818
4.353929299,2472406,626
4.356101232,2473240,834
4.356101232,2473850,610
4.358273165,2474700,850
4.358273165,2475294,594
4.360445098,2476160,866
4.360445098,2476738,578
4.362617031,2477620,882
4.362617031,2478182,562
4.364788964,2479080,898
4.364788964,2479626,546
4.367045353,2480540,914
4.367045353,2481070,530
4.369217686,2482000,930
4.369217686,2482514,514
4.371396257,2483460,946
4.371396257,2483958,498
4.373568190,2484920,962
4.373568190,2485402,482
4.375740123,2486380,978
4.375740123,2486846,466
4.377996512,2487840,994
4.377996512,2488290,450
4.380168445,2489300,1010
4.380168445,2489734,434
4.382340378,2490760,1026
4.382340378,2491178,418
4.384512311,2492220,1042
4.384512311,2492622,402
4.386684244,2493680,1058
4.386684244,2494066,386
4.388856177,2495140,1074
4.388856177,2495510,370
4.391028510,2496600,1090
4.391028510,2496954,354
4.393207081,2498060,1106
4.393207081,2498398,338
4.395463470,2499520,1122
4.395463470,2499842,322
4.397635403,2500980,1138
4.397635403,2501286,306
4.399807336,2502440,1154
4.399807336,2502730,290
4.401979269,2503900,1170
4.401979269,2504174,274
4.404151202,2505360,1186
4.404151202,2505618,258
4.406407591,2506820,1202
4.406407591,2507062,242
4.408579524,2508280,1218
4.408579524,2508506,226
4.410751857,2509740,1234
4.410751857,2509950,210
4.412930428,2511200,1250
4.412930428,2511394,194
4.415102361,2512660,1266
4.415102361,2512838,178
4.417274294,2514120,1282
4.417274294,2514282,162
4.419446227,2515580,1298
4.419446227,2515726,146
4.421618160,2517040,1314
4.421618160,2517170,130
4.423874549,2518500,1330
4.423874549,2518614,114
4.426046482,2519960,1346
4.426046482,2520058,98
4.428218415,2521420,1362
4.428218415,2521502,82
4.430390348,2522880,1378
4.430390348,2522946,66
4.432562601,2524340,1394
4.432562601,2524390,50
4.434824221,2525800,1410
4.434824221,2525834,34
4.436994747,2527260,1426
4.436994747,2527278,18
4.439165273,2528720,1442
4.439165273,2528722,2
4.441335879,2530174,1452
4.443507812,2530180,6
4.443507812,2531619,1439
4.445679745,2531640,21
4.445679745,2533064,1424
4.447936134,2533100,36
4.447936134,2534509,1409
4.450108067,2534560,51
4.450108067,2535954,1394
4.452301050,2536020,66
4.452301050,2537398,1378
4.454500904,2537480,82
4.454500904,2538842,1362
4.456694051,2538940,98
4.456694051,2540286,1346
4.458887198,2540400,114
4.458887198,2541730,1330
4.461080345,2541860,130
4.461080345,2543174,1314
4.463273492,2543320,146
4.463273492,2544618,1298
4.465551920,2544780,162
4.465551920,2546062,1282
4.467745067,2546240,178
4.467745067,2547506,1266
4.469938214,2547700,194
4.469938214,2548950,1250
4.472131361,2549160,210
4.472131361,2550394,1234
4.474324908,2550620,226
4.474324908,2551838,1218
4.476610043,2552080,242
4.476610043,2553282,1202
4.478803190,2553540,258
4.478803190,2554726,1186
4.480996337,2555000,274
4.480996337,2556170,1170
4.483189484,2556460,290
4.483189484,2557614,1154
4.485382631,2557920,306
4.485382631,2559058,1138
4.487575778,2559380,322
4.487575778,2560502,1122
4.489768925,2560840,338
4.489768925,2561946,1106
4.491962072,2562300,354
4.491962072,2563390,1090
4.494240900,2563760,370
4.494240900,2564834,1074
4.496440754,2565220,386
4.496440754,2566278,1058
4.498633901,2566680,402
4.498633901,2567722,1042
4.500827048,2568140,418
4.500827048,2569166,1026
4.503020195,2569600,434
4.503020195,2570610,1010
4.505298623,2571060,450
4.505298623,2572054,994
4.507491770,2572520,466
4.507491770,2573498,978
4.509684917,2573980,482
4.509684917,2574942,962
4.511878064,2575440,498
4.511878064,2576386,946
4.514071211,2576900,514
4.514071211,2577830,930
4.516264758,2578360,530
4.516264758,2579274,914
4.518549893,2579820,546
4.518549893,2580718,898
4.520743040,2581280,562
4.520743040,2582162,882
4.522936187,2582740,578
4.522936187,2583606,866
4.525129334,2584200,594
4.525129334,2585050,850
4.527322481,2585660,610
4.527322481,2586494,834
4.529515628,2587120,626
4.529515628,2587938,818
4.531708775,2588580,642
4.531708775,2589382,802
4.533987203,2590040,658
4.533987203,2590826,786
4.536180750,2591500,674
4.536180750,2592270,770
4.538380604,2592960,690
4.538380604,2593714,754
4.540573751,2594420,706
4.540573751,2595158,738
4.542766898,2595880,722
4.542766898,2596602,722
4.544960045,2597340,738
4.544960045,2598046,706
4.547238473,2598800,754
4.547238473,2599490,690
4.549431620,2600260,770
4.549431620,2600934,674
4.551624767,2601720,786
4.551624767,2602378,658
4.553967073,2603180,802
4.553967073,2603822,642
4.556309379,2604640,818
4.556309379,2605266,626
4.558652085,2606100,834
4.558652085,2606710,610
4.561001581,2607560,850
4.561001581,2608154,594
4.563434968,2609020,866
4.563434968,2609598,578
4.565777274,2610480,882
4.565777274,2611042,562
4.568119580,2611940,898
4.568119580,2612486,546
4.570461886,2613400,914
4.570461886,2613930,530
4.572804192,2614860,930
4.572804192,2615374,514
4.575237579,2616320,946
4.575237579,2616818,498
4.577579885,2617780,962
4.577579885,2618262,482
4.579922591,2619240,978
4.579922591,2619706,466
4.582272087,2620700,994
4.582272087,2621150,450
4.584614393,2622160,1010
4.584614393,2622594,434
4.586956699,2623620,1026
4.586956699,2624038,418
4.589299005,2625080,1042
4.589299005,2625482,402
4.591641311,2626540,1058
4.591641311,2626926,386
4.594074698,2628000,1074
4.594074698,2628370,370
4.596417004,2629460,1090
4.596417004,2629814,354
4.598759310,2630920,1106
4.598759310,2631258,338
4.601101616,2632380,1122
4.601101616,2632702,322
4.603444322,2633840,1138
4.603444322,2634146,306
4.605884899,2635300,1154
4.605884899,2635590,290
4.608227205,2636760,1170
4.608227205,2637034,274
4.610569511,2638220,1186
4.610569511,2638478,258
4.612911817,2639680,1202
4.612911817,2639922,242
4.615254123,2641140,1218
4.615254123,2641366,226
4.617596429,2642600,1234
4.617596429,2642810,210
4.620029816,2644060,1250
4.620029816,2644254,194
4.622372122,2645520,1266
4.622372122,2645698,178
4.624714828,2646980,1282
4.624714828,2647142,162
4.627064324,2648440,1298
4.627064324,2648586,146
4.629406630,2649900,1314
4.629406630,2650030,130
4.631748936,2651360,1330
4.631748936,2651474,114
4.634091242,2652820,1346
4.634091242,2652918,98
4.636524629,2654280,1362
4.636524629,2654362,82
4.638866935,2655740,1378
4.638866935,2655806,66
4.641209161,2657200,1394
4.641209161,2657250,50
4.643549949,2658660,1410
4.643549949,2658694,34
4.645890737,2660120,1426
4.645890737,2660138,18
4.648231925,2661580,1442
4.648231925,2661582,2
4.650671064,2663034,1452
4.653076733,2663040,6
4.653076733,2664479,1439
4.655482402,2664500,21
4.655482402,2665924,1424
4.657888071,2665960,36
4.657888071,2667369,1409
4.660293740,2667420,51
4.660293740,2668814,1394
4.662699409,2668880,66
4.662699409,2670258,1378
4.665105078,2670340,82
4.665105078,2671702,1362
4.667604292,2671800,98
4.667604292,2673146,1346
4.670010361,2673260,114
4.670010361,2674590,1330
4.672423425,2674720,130
4.672423425,2676034,1314
4.674829094,2676180,146
4.674829094,2677478,1298
4.677234763,2677640,162
4.677234763,2678922,1282
4.679640432,2679100,178
4.679640432,2680366,1266
4.682139646,2680560,194
4.682139646,2681810,1250
4.684545315,2682020,210
4.684545315,2683254,1234
4.686950984,2683480,226
4.686950984,2684698,1218
4.689356653,2684940,242
4.689356653,2686142,1202
4.691762322,2686400,258
4.691762322,2687586,1186
4.694168391,2687860,274
4.694168391,2689030,1170
4.696581455,2689320,290
4.696581455,2690474,1154
4.699080669,2690780,306
4.699080669,2691918,1138
4.701486338,2692240,322
4.701486338,2693362,1122
4.703892007,2693700,338
4.703892007,2694806,1106
4.706297676,2695160,354
4.706297676,2696250,1090
4.708703345,2696620,370
4.708703345,2697694,1074
4.711202559,2698080,386
4.711202559,2699138,1058
4.713608228,2699540,402
4.713608228,2700582,1042
4.716014297,2701000,418
4.716014297,2702026,1026
4.718427361,2702460,434
4.718427361,2703470,1010
4.720833030,2703920,450
4.720833030,2704914,994
4.723238699,2705380,466
4.723238699,2706358,978
4.725737913,2706840,482
4.725737913,2707802,962
4.728143582,2708300,498
4.728143582,2709246,946
4.730549251,2709760,514
4.730549251,2710690,930
4.732954920,2711220,530
4.732954920,2712134,914
4.735360589,2712680,546
4.735360589,2713578,898
4.737766258,2714140,562
4.737766258,2715022,882
4.740172327,2715600,578
4.740172327,2716466,866
4.742678936,2717060,594
4.742678936,2717910,850
4.745084605,2718520,610
4.745084605,2719354,834
4.747490274,2719980,626
4.747490274,2720798,818
4.749895943,2721440,642
4.749895943,2722242,802
4.752301612,2722900,658
4.752301612,2723686,786
4.754564503,2724360,674
4.754564503,2725130,770
4.756915387,2725820,690
4.756915387,2726574,754
4.759178278,2727280,706
4.759178278,2728018,738
4.761441569,2728740,722
4.761441569,2729462,722
4.763711393,2730200,738
4.763711393,2730906,706
4.765974284,2731660,754
4.765974284,2732350,690
4.768237175,2733120,770
4.768237175,2733794,674
4.770500066,2734580,786
4.770500066,2735238,658
4.772850950,2736040,802
4.772850950,2736682,642
4.775113841,2737500,818
4.775113841,2738126,626
4.777376732,2738960,834
4.777376732,2739570,610
4.779639623,2740420,850
4.779639623,2741014,594
4.781902514,2741880,866
4.781902514,2742458,578
4.784165805,2743340,882
4.784165805,2743902,562
4.786523622,2744800,898
4.786523622,2745346,546
4.788786513,2746260,914
4.788786513,2746790,530
4.791049404,2747720,930
4.791049404,2748234,514
4.793312295,2749180,946
4.793312295,2749678,498
4.795575186,2750640,962
4.795575186,2751122,482
4.797838077,2752100,978
4.797838077,2752566,466
4.800100968,2753560,994
4.800100968,2754010,450
4.802451852,2755020,1010
4.802451852,2755454,434
4.804715143,2756480,1026
4.804715143,2756898,418
4.806984967,2757940,1042
4.806984967,2758342,402
4.809247858,2759400,1058
4.809247858,2759786,386
4.811510749,2760860,1074
4.811510749,2761230,370
4.813773640,2762320,1090
4.813773640,2762674,354
4.816124524,2763780,1106
4.816124524,2764118,338
4.818387415,2765240,1122
4.818387415,2765562,322
4.820650306,2766700,1138
4.820650306,2767006,306
4.822913197,2768160,1154
4.822913197,2768450,290
4.825176088,2769620,1170
4.825176088,2769894,274
4.827439379,2771080,1186
4.827439379,2771338,258
4.829797196,2772540,1202
4.829797196,2772782,242
4.832060087,2774000,1218
4.832060087,2774226,226
4.834322978,2775460,1234
4.834322978,2775670,210
4.836585869,2776920,1250
4.836585869,2777114,194
4.838848760,2778380,1266
4.838848760,2778558,178
4.841111651,2779840,1282
4.841111651,2780002,162
4.843374542,2781300,1298
4.843374542,2781446,146
4.845725426,2782760,1314
4.845725426,2782890,130
4.847988717,2784220,1330
4.847988717,2784334,114
4.850258541,2785680,1346
4.850258541,2785778,98
4.852632140,2787140,1362
4.852632140,2787222,82
4.855005739,2788600,1378
4.855005739,2788666,66
4.857379258,2790060,1394
4.857379258,2790110,50
4.859843617,2791520,1410
4.859843617,2791554,34
4.862215678,2792980,1426
4.862215678,2792998,18
4.864587739,2794440,1442
4.864587739,2794442,2
4.866959880,2795894,1452
4.869333479,2795900,6
4.869333479,2797339,1439
4.871707478,2797360,21
4.871707478,2798784,1424
4.874088368,2798820,36
4.874088368,2800229,1409
4.876554265,2800280,51
4.876554265,2801674,1394
4.878927864,2801740,66
4.878927864,2803118,1378
4.881301463,2803200,82
4.881301463,2804562,1362
4.883675062,2804660,98
4.883675062,2806006,1346
4.886048661,2806120,114
4.886048661,2807450,1330
4.888422260,2807580,130
4.888422260,2808894,1314
4.890888157,2809040,146
4.890888157,2810338,1298
4.893262156,2810500,162
4.893262156,2811782,1282
4.895643046,2811960,178
4.895643046,2813226,1266
4.898016645,2813420,194
4.898016645,2814670,1250
4.900390244,2814880,210
4.900390244,2816114,1234
4.902856141,2816340,226
4.902856141,2817558,1218
4.905229740,2817800,242
4.905229740,2819002,1202
4.907603339,2819260,258
4.907603339,2820446,1186
4.909976938,2820720,274
4.909976938,2821890,1170
4.912350537,2822180,290
4.912350537,2823334,1154
4.914724136,2823640,306
4.914724136,2824778,1138
4.917098135,2825100,322
4.917098135,2826222,1122
4.919479025,2826560,338
4.919479025,2827666,1106
4.921944922,2828020,354
4.921944922,2829110,1090
4.924318521,2829480,370
4.924318521,2830554,1074
4.926692120,2830940,386
4.926692120,2831998,1058
4.929065719,2832400,402
4.929065719,2833442,1042
4.931439318,2833860,418
4.931439318,2834886,1026
4.933905215,2835320,434
4.933905215,2836330,1010
4.936278814,2836780,450
4.936278814,2837774,994
4.938652813,2838240,466
4.938652813,2839218,978
4.941033703,2839700,482
4.941033703,2840662,962
4.943407302,2841160,498
4.943407302,2842106,946
4.945780901,2842620,514
4.945780901,2843550,930
4.948154500,2844080,530
4.948154500,2844994,914
4.950528099,2845540,546
4.950528099,2846438,898
4.953024471,2847000,562
4.953024471,2847882,882
4.955427405,2848460,578
4.955427405,2849326,866
4.957830339,2849920,594
4.957830339,2850770,850
4.960233273,2851380,610
4.960233273,2852214,834
4.962636607,2852840,626
4.962636607,2853658,818
4.965140366,2854300,642
4.965140366,2855102,802
4.967543300,2855760,658
4.967543300,2856546,786
4.969946234,2857220,674
4.969946234,2857990,770
4.972349168,2858680,690
4.972349168,2859434,754
4.974752102,2860140,706
4.974752102,2860878,738
4.977155036,2861600,722
4.977155036,2862322,722
4.979557970,2863060,738
4.979557970,2863766,706
4.981960904,2864520,754
4.981960904,2865210,690
4.984457676,2865980,770
4.984457676,2866654,674
4.986867997,2867440,786
4.986867997,2868098,658
4.989270931,2868900,802
4.989270931,2869542,642
4.991673865,2870360,818
4.991673865,2870986,626
4.994076799,2871820,834
4.994076799,2872430,610
4.996573171,2873280,850
4.996573171,2873874,594
4.998976105,2874740,866
4.998976105,2875318,578
5.001379039,2876200,882
5.001379039,2876762,562
5.003781973,2877660,898
5.003781973,2878206,546
5.006184907,2879120,914
5.006184907,2879650,530
5.008689066,2880580,930
5.008689066,2881094,514
5.011092000,2882040,946
5.011092000,2882538,498
5.013494934,2883500,962
5.013494934,2883982,482
5.015897868,2884960,978
5.015897868,2885426,466
5.018300802,2886420,994
5.018300802,2886870,450
5.020703736,2887880,1010
5.020703736,2888314,434
5.023106670,2889340,1026
5.023106670,2889758,418
5.025509604,2890800,1042
5.025509604,2891202,402
5.028005976,2892260,1058
5.028005976,2892646,386
5.030409310,2893720,1074
5.030409310,2894090,370
5.032819631,2895180,1090
5.032819631,2895534,354
5.035222565,2896640,1106
5.035222565,2896978,338
5.037625499,2898100,1122
5.037625499,2898422,322
5.040121871,2899560,1138
5.040121871,2899866,306
5.042524805,2901020,1154
5.042524805,2901310,290
5.044927739,2902480,1170
5.044927739,2902754,274
5.047330673,2903940,1186
5.047330673,2904198,258
5.049733607,2905400,1202
5.049733607,2905642,242
5.052136541,2906860,1218
5.052136541,2907086,226
5.054433804,2908320,1234
5.054433804,2908530,210
5.056737710,2909780,1250
5.056737710,2909974,194
5.059123887,2911240,1266
5.059123887,2911418,178
5.061420750,2912700,1282
5.061420750,2912862,162
5.063717613,2914160,1298
5.063717613,2914306,146
5.066014476,2915620,1314
5.066014476,2915750,130
5.068311339,2917080,1330
5.068311339,2917194,114
5.070697516,2918540,1346
5.070697516,2918638,98
5.072994379,2920000,1362
5.072994379,2920082,82
5.075291642,2921460,1378
5.075291642,2921526,66
5.077595468,2922920,1394
5.077595468,2922970,50
5.079890842,2924380,1410
5.079890842,2924414,34
5.082186216,2925840,1426
5.082186216,2925858,18
5.084481590,2927300,1442
5.084481590,2927302,2
5.086777044,2928754,1452
5.089163221,2928760,6
5.089163221,2930199,1439
5.091460084,2930220,21
5.091460084,2931644,1424
5.093756947,2931680,36
5.093756947,2933089,1409
5.096053810,2933140,51
5.096053810,2934534,1394
5.098351073,2934600,66
5.098351073,2935978,1378
5.100744293,2936060,82
5.100744293,2937422,1362
5.103041156,2937520,98
5.103041156,2938866,1346
5.105338019,2938980,114
5.105338019,2940310,1330
5.107634882,2940440,130
5.107634882,2941754,1314
5.109931745,2941900,146
5.109931745,2943198,1298
5.112317922,2943360,162
5.112317922,2944642,1282
5.114614785,2944820,178
5.114614785,2946086,1266
5.116911648,2946280,194
5.116911648,2947530,1250
5.119208911,2947740,210
5.119208911,2948974,1234
5.121512817,2949200,226
5.121512817,2950418,1218
5.123809680,2950660,242
5.123809680,2951862,1202
5.126106543,2952120,258
5.126106543,2953306,1186
5.128403406,2953580,274
5.128403406,2954750,1170
5.130789583,2955040,290
5.130789583,2956194,1154
5.133086446,2956500,306
5.133086446,2957638,1138
5.135383309,2957960,322
5.135383309,2959082,1122
5.137680172,2959420,338
5.137680172,2960526,1106
5.139977035,2960880,354
5.139977035,2961970,1090
5.142370655,2962340,370
5.142370655,2963414,1074
5.144667518,2963800,386
5.144667518,2964858,1058
5.146964381,2965260,402
5.146964381,2966302,1042
5.149261244,2966720,418
5.149261244,2967746,1026
5.151558107,2968180,434
5.151558107,2969190,1010
5.153717773,2969640,450
5.153717773,2970634,994
5.155877439,2971100,466
5.155877439,2972078,978
5.158037105,2972560,482
5.158037105,2973522,962
5.160280750,2974020,498
5.160280750,2974966,946
5.162440816,2975480,514
5.162440816,2976410,930
5.164607081,2976940,530
5.164607081,2977854,914
5.166766747,2978400,546
5.166766747,2979298,898
5.168926413,2979860,562
5.168926413,2980742,882
5.171170058,2981320,578
5.171170058,2982186,866
5.173329724,2982780,594
5.173329724,2983630,850
5.175489390,2984240,610
5.175489390,2985074,834
5.177649056,2985700,626
5.177649056,2986518,818
5.179808722,2987160,642
5.179808722,2987962,802
5.181968388,2988620,658
5.181968388,2989406,786
5.184219031,2990080,674
5.184219031,2990850,770
5.186378697,2991540,690
5.186378697,2992294,754
5.188538363,2993000,706
5.188538363,2993738,738
5.190698029,2994460,722
5.190698029,2995182,722
5.192857695,2995920,738
5.192857695,2996626,706
5.195017361,2997380,754
5.195017361,2998070,690
5.197177027,2998840,770
5.197177027,2999514,674
5.199336693,3000300,786
5.199336693,3000958,658
5.201580338,3001760,802
5.201580338,3002402,642
5.203740404,3003220,818
5.203740404,3003846,626
5.205906669,3004680,834
5.205906669,3005290,610
5.208066335,3006140,850
5.208066335,3006734,594
5.210226001,3007600,866
5.210226001,3008178,578
5.212469646,3009060,882
5.212469646,3009622,562
5.214629312,3010520,898
5.214629312,3011066,546
5.216788978,3011980,914
5.216788978,3012510,530
5.218948644,3013440,930
5.218948644,3013954,514
5.221108310,3014900,946
5.221108310,3015398,498
5.223267976,3016360,962
5.223267976,3016842,482
5.225428042,3017820,978
5.225428042,3018286,466
5.227594307,3019280,994
5.227594307,3019730,450
5.229837952,3020740,1010
5.229837952,3021174,434
5.231997618,3022200,1026
5.231997618,3022618,418
5.234157284,3023660,1042
5.234157284,3024062,402
5.236316950,3025120,1058
5.236316950,3025506,386
5.238476616,3026580,1074
5.238476616,3026950,370
5.240720261,3028040,1090
5.240720261,3028394,354
5.242879927,3029500,1106
5.242879927,3029838,338
5.245039993,3030960,1122
5.245039993,3031282,322
5.247206258,3032420,1138
5.247206258,3032726,306
5.249365924,3033880,1154
5.249365924,3034170,290
5.251525590,3035340,1170
5.251525590,3035614,274
5.253637957,3036800,1186
5.253637957,3037058,258
5.255750324,3038260,1202
5.255750324,3038502,242
5.257944831,3039720,1218
5.257944831,3039946,226
5.260057198,3041180,1234
5.260057198,3041390,210
5.262169565,3042640,1250
5.262169565,3042834,194
5.264281932,3044100,1266
5.264281932,3044278,178
5.266394699,3045560,1282
5.266394699,3045722,162
5.268595651,3047020,1298
5.268595651,3047166,146
5.270708018,3048480,1314
5.270708018,3048610,130
5.272820385,3049940,1330
5.272820385,3050054,114
5.274932752,3051400,1346
5.274932752,3051498,98
5.277045119,3052860,1362
5.277045119,3052942,82
5.279239626,3054320,1378
5.279239626,3054386,66
5.281351913,3055780,1394
5.281351913,3055830,50
5.283462911,3057240,1410
5.283462911,3057274,34
5.285574309,3058700,1426
5.285574309,3058718,18
5.287691752,3060160,1442
5.287691752,3060162,2
5.289802830,3061614,1452
5.291915197,3061620,6
5.291915197,3063059,1439
5.294027564,3063080,21
5.294027564,3064504,1424
5.296222071,3064540,36
5.296222071,3065949,1409
5.298334438,3066000,51
5.298334438,3067394,1394
5.300446805,3067460,66
5.300446805,3068838,1378
5.302559172,3068920,82
5.302559172,3070282,1362
5.304671539,3070380,98
5.304671539,3071726,1346
5.306872891,3071840,114
5.306872891,3073170,1330
5.308985258,3073300,130
5.308985258,3074614,1314
5.311097625,3074760,146
5.311097625,3076058,1298
5.313209992,3076220,162
5.313209992,3077502,1282
5.315322359,3077680,178
5.315322359,3078946,1266
5.317434726,3079140,194
5.317434726,3080390,1250
5.319547093,3080600,210
5.319547093,3081834,1234
5.321659460,3082060,226
5.321659460,3083278,1218
5.323853967,3083520,242
5.323853967,3084722,1202
5.325966734,3084980,258
5.325966734,3086166,1186
5.328085546,3086440,274
5.328085546,3087610,1170
5.330197913,3087900,290
5.330197913,3089054,1154
5.332310280,3089360,306
5.332310280,3090498,1138
5.334504787,3090820,322
5.334504787,3091942,1122
5.336617154,3092280,338
5.336617154,3093386,1106
5.338729521,3093740,354
5.338729521,3094830,1090
5.340841888,3095200,370
5.340841888,3096274,1074
5.342954255,3096660,386
5.342954255,3097718,1058
5.345066622,3098120,402
5.345066622,3099162,1042
5.347179389,3099580,418
5.347179389,3100606,1026
5.349298201,3101040,434
5.349298201,3102050,1010
5.351492708,3102500,450
5.351492708,3103494,994
5.353792170,3103960,466
5.353792170,3104938,978
5.356091632,3105420,482
5.356091632,3106382,962
5.358391094,3106880,498
5.358391094,3107826,946
5.360690556,3108340,514
5.360690556,3109270,930
5.363079433,3109800,530
5.363079433,3110714,914
5.365378895,3111260,546
5.365378895,3112158,898
5.367678757,3112720,562
5.367678757,3113602,882
5.369985270,3114180,578
5.369985270,3115046,866
5.372284732,3115640,594
5.372284732,3116490,850
5.374673609,3117100,610
5.374673609,3117934,834
5.376973071,3118560,626
5.376973071,3119378,818
5.379272533,3120020,642
5.379272533,3120822,802
5.381571995,3121480,658
5.381571995,3122266,786
5.383871457,3122940,674
5.383871457,3123710,770
5.386170919,3124400,690
5.386170919,3125154,754
5.388470381,3125860,706
5.388470381,3126598,738
5.390770243,3127320,722
5.390770243,3128042,722
5.393166171,3128780,738
5.393166171,3129486,706
5.395465633,3130240,754
5.395465633,3130930,690
5.397765095,3131700,770
5.397765095,3132374,674
5.400064557,3133160,786
5.400064557,3133818,658
5.402364019,3134620,802
5.402364019,3135262,642
5.404752896,3136080,818
5.404752896,3136706,626
5.407052358,3137540,834
5.407052358,3138150,610
5.409351820,3139000,850
5.409351820,3139594,594
5.411651682,3140460,866
5.411651682,3141038,578
5.413958195,3141920,882
5.413958195,3142482,562
5.416257657,3143380,898
5.416257657,3143926,546
5.418557119,3144840,914
5.418557119,3145370,530
5.420856581,3146300,930
5.420856581,3146814,514
5.423245458,3147760,946
5.423245458,3148258,498
5.425544920,3149220,962
5.425544920,3149702,482
5.427844382,3150680,978
5.427844382,3151146,466
5.430143844,3152140,994
5.430143844,3152590,450
5.432443306,3153600,1010
5.432443306,3154034,434
5.434839634,3155060,1026
5.434839634,3155478,418
5.437139096,3156520,1042
5.437139096,3156922,402
5.439438558,3157980,1058
5.439438558,3158366,386
5.441738020,3159440,1074
5.441738020,3159810,370
5.444037482,3160900,1090
5.444037482,3161254,354
5.446336944,3162360,1106
5.446336944,3162698,338
5.448636406,3163820,1122
5.448636406,3164142,322
5.450935868,3165280,1138
5.450935868,3165586,306
5.453152170,3166740,1154
5.453152170,3167030,290
5.455285917,3168200,1170
5.455285917,3168474,274
5.457425777,3169660,1186
5.457425777,3169918,258
5.459559124,3171120,1202
5.459559124,3171362,242
5.461692471,3172580,1218
5.461692471,3172806,226
5.463908773,3174040,1234
5.463908773,3174250,210
5.466042120,3175500,1250
5.466042120,3175694,194
5.468175467,3176960,1266
5.468175467,3177138,178
5.470308814,3178420,1282
5.470308814,3178582,162
5.472442161,3179880,1298
5.472442161,3180026,146
5.474658863,3181340,1314
5.474658863,3181470,130
5.476798723,3182800,1330
5.476798723,3182914,114
5.478932070,3184260,1346
5.478932070,3184358,98
5.481065417,3185720,1362
5.481065417,3185802,82
5.483198764,3187180,1378
5.483198764,3187246,66
5.485332031,3188640,1394
5.485332031,3188690,50
5.487463995,3190100,1410
5.487463995,3190134,34
5.489595959,3191560,1426
5.489595959,3191578,18
5.491810878,3193020,1442
5.491810878,3193022,2
5.493942922,3194474,1452
5.496076669,3194480,6
5.496076669,3195919,1439
5.498216529,3195940,21
5.498216529,3197364,1424
5.500349876,3197400,36
5.500349876,3198809,1409
5.502566178,3198860,51
5.502566178,3200254,1394
5.504699525,3200320,66
5.504699525,3201698,1378
5.506832872,3201780,82
5.506832872,3203142,1362
5.508966219,3203240,98
5.508966219,3204586,1346
5.511099566,3204700,114
5.511099566,3206030,1330
5.513232913,3206160,130
5.513232913,3207474,1314
5.515366260,3207620,146
5.515366260,3208918,1298
5.517500007,3209080,162
5.517500007,3210362,1282
5.519722822,3210540,178
5.519722822,3211806,1266
5.521856169,3212000,194
5.521856169,3213250,1250
5.523989516,3213460,210
5.523989516,3214694,1234
5.526122863,3214920,226
5.526122863,3216138,1218
5.528256210,3216380,242
5.528256210,3217582,1202
5.530389557,3217840,258
5.530389557,3219026,1186
5.532605859,3219300,274
5.532605859,3220470,1170
5.534739206,3220760,290
5.534739206,3221914,1154
5.536872953,3222220,306
5.536872953,3223358,1138
5.539012813,3223680,322
5.539012813,3224802,1122
5.541146160,3225140,338
5.541146160,3226246,1106
5.543362462,3226600,354
5.543362462,3227690,1090
5.545495809,3228060,370
5.545495809,3229134,1074
5.547629156,3229520,386
5.547629156,3230578,1058
5.549762503,3230980,402
5.549762503,3232022,1042
5.551895850,3232440,418
5.551895850,3233466,1026
5.554170600,3233900,434
5.554170600,3234910,1010
5.556445350,3235360,450
5.556445350,3236354,994
5.558720500,3236820,466
5.558720500,3237798,978
5.561090676,3238280,482
5.561090676,3239242,962
5.563365426,3239740,498
5.563365426,3240686,946
5.565640176,3241200,514
5.565640176,3242130,930
5.567914926,3242660,530
5.567914926,3243574,914
5.570189676,3244120,546
5.570189676,3245018,898
5.572552880,3245580,562
5.572552880,3246462,882
5.574827630,3247040,578
5.574827630,3247906,866
5.577102380,3248500,594
5.577102380,3249350,850
5.579377530,3249960,610
5.579377530,3250794,834
5.581659252,3251420,626
5.581659252,3252238,818
5.583934002,3252880,642
5.583934002,3253682,802
5.586208752,3254340,658
5.586208752,3255126,786
5.588483502,3255800,674
5.588483502,3256570,770
5.590846706,3257260,690
5.590846706,3258014,754
5.593121456,3258720,706
5.593121456,3259458,738
5.595396206,3260180,722
5.595396206,3260902,722
5.597670956,3261640,738
5.597670956,3262346,706
5.599945706,3263100,754
5.599945706,3263790,690
5.602316281,3264560,770
5.602316281,3265234,674
5.604591031,3266020,786
5.604591031,3266678,658
5.606865781,3267480,802
5.606865781,3268122,642
5.609140531,3268940,818
5.609140531,3269566,626
5.611415281,3270400,834
5.611415281,3271010,610
5.613690031,3271860,850
5.613690031,3272454,594
5.615964781,3273320,866
5.615964781,3273898,578
5.618239531,3274780,882
5.618239531,3275342,562
5.620602735,3276240,898
5.620602735,3276786,546
5.622877885,3277700,914
5.622877885,3278230,530
5.625159607,3279160,930
5.625159607,3279674,514
5.627434357,3280620,946
5.627434357,3281118,498
5.629709107,3282080,962
5.629709107,3282562,482
5.632072311,3283540,978
5.632072311,3284006,466
5.634347061,3285000,994
5.634347061,3285450,450
5.636621811,3286460,1010
5.636621811,3286894,434
5.638896561,3287920,1026
5.638896561,3288338,418
5.641171311,3289380,1042
5.641171311,3289782,402
5.643534915,3290840,1058
5.643534915,3291226,386
5.645816637,3292300,1074
5.645816637,3292670,370
5.648091387,3293760,1090
5.648091387,3294114,354
5.650366137,3295220,1106
5.650366137,3295558,338
5.652435027,3296680,1122
5.652435027,3297002,322
5.654503917,3298140,1138
5.654503917,3298446,306
5.656572807,3299600,1154
5.656572807,3299890,290
5.658641697,3301060,1170
5.658641697,3301334,274
5.660791036,3302520,1186
5.660791036,3302778,258
5.662859926,3303980,1202
5.662859926,3304222,242
5.664929216,3305440,1218
5.664929216,3305666,226
5.667004410,3306900,1234
5.667004410,3307110,210
5.669073300,3308360,1250
5.669073300,3308554,194
5.671222639,3309820,1266
5.671222639,3309998,178
5.673291529,3311280,1282
5.673291529,3311442,162
5.675360419,3312740,1298
5.675360419,3312886,146
5.677429309,3314200,1314
5.677429309,3314330,130
5.679498199,3315660,1330
5.679498199,3315774,114
5.681567089,3317120,1346
5.681567089,3317218,98
5.683635979,3318580,1362
5.683635979,3318662,82
5.685705269,3320040,1378
5.685705269,3320106,66
5.687860832,3321500,1394
5.687860832,3321550,50
5.689928381,3322960,1410
5.689928381,3322994,34
5.691995930,3324420,1426
5.691995930,3324438,18
5.694063479,3325880,1442
5.694063479,3325882,2
5.696131108,3327334,1452
5.698280447,3327340,6
5.698280447,3328779,1439
5.700349337,3328800,21
5.700349337,3330224,1424
5.702418227,3330260,36
5.702418227,3331669,1409
5.704487517,3331720,51
5.704487517,3333114,1394
5.706562711,3333180,66
5.706562711,3334558,1378
5.708631601,3334640,82
5.708631601,3336002,1362
5.710700491,3336100,98
5.710700491,3337446,1346
5.712769381,3337560,114
5.712769381,3338890,1330
5.714918720,3339020,130
5.714918720,3340334,1314
5.716987610,3340480,146
5.716987610,3341778,1298
5.719056500,3341940,162
5.719056500,3343222,1282
5.721125390,3343400,178
5.721125390,3344666,1266
5.723194280,3344860,194
5.723194280,3346110,1250
5.725350323,3346320,210
5.725350323,3347554,1234
5.727419213,3347780,226
5.727419213,3348998,1218
5.729488103,3349240,242
5.729488103,3350442,1202
5.731556993,3350700,258
5.731556993,3351886,1186
5.733625883,3352160,274
5.733625883,3353330,1170
5.735775222,3353620,290
5.735775222,3354774,1154
5.737844112,3355080,306
5.737844112,3356218,1138
5.739913002,3356540,322
5.739913002,3357662,1122
5.741981892,3358000,338
5.741981892,3359106,1106
5.744051182,3359460,354
5.744051182,3360550,1090
5.746126376,3360920,370
5.746126376,3361994,1074
5.748195266,3362380,386
5.748195266,3363438,1058
5.750264156,3363840,402
5.750264156,3364882,1042
5.752704281,3365300,418
5.752704281,3366326,1026
5.755053073,3366760,434
5.755053073,3367770,1010
5.757401865,3368220,450
5.757401865,3369214,994
5.759750657,3369680,466
5.759750657,3370658,978
5.762099449,3371140,482
5.762099449,3372102,962
5.764539974,3372600,498
5.764539974,3373546,946
5.766895977,3374060,514
5.766895977,3374990,930
5.769244769,3375520,530
5.769244769,3376434,914
5.771593561,3376980,546
5.771593561,3377878,898
5.773942353,3378440,562
5.773942353,3379322,882
5.776291145,3379900,578
5.776291145,3380766,866
5.778639937,3381360,594
5.778639937,3382210,850
5.780988729,3382820,610
5.780988729,3383654,834
5.783428854,3384280,626
5.783428854,3385098,818
5.785777646,3385740,642
5.785777646,3386542,802
5.788126838,3387200,658
5.788126838,3387986,786
5.790482841,3388660,674
5.790482841,3389430,770
5.792831633,3390120,690
5.792831633,3390874,754
5.795271758,3391580,706
5.795271758,3392318,738
5.797620550,3393040,722
5.797620550,3393762,722
5.799969342,3394500,738
5.799969342,3395206,706
5.802318134,3395960,754
5.802318134,3396650,690
5.804666926,3397420,770
5.804666926,3398094,674
5.807015718,3398880,786
5.807015718,3399538,658
5.809364510,3400340,802
5.809364510,3400982,642
5.811713702,3401800,818
5.811713702,3402426,626
5.814161038,3403260,834
5.814161038,3403870,610
5.816509830,3404720,850
5.816509830,3405314,594
5.818858622,3406180,866
5.818858622,3406758,578
5.821207414,3407640,882
5.821207414,3408202,562
5.823556206,3409100,898
5.823556206,3409646,546
5.825996331,3410560,914
5.825996331,3411090,530
5.828345123,3412020,930
5.828345123,3412534,514
5.830693915,3413480,946
5.830693915,3413978,498
5.833043107,3414940,962
5.833043107,3415422,482
5.835399110,3416400,978
5.835399110,3416866,466
5.837839235,3417860,994
5.837839235,3418310,450
5.840188027,3419320,1010
5.840188027,3419754,434
5.842536819,3420780,1026
5.842536819,3421198,418
5.844885611,3422240,1042
5.844885611,3422642,402
5.847234403,3423700,1058
5.847234403,3424086,386
5.849583195,3425160,1074
5.849583195,3425530,370
5.851931987,3426620,1090
5.851931987,3426974,354
5.854227359,3428080,1106
5.854227359,3428418,338
5.856619425,3429540,1122
5.856619425,3429862,322
5.858914797,3431000,1138
5.858914797,3431306,306
5.861210169,3432460,1154
5.861210169,3432750,290
5.863505541,3433920,1170
5.863505541,3434194,274
5.865800913,3435380,1186
5.865800913,3435638,258
5.868185541,3436840,1202
5.868185541,3437082,242
5.870480913,3438300,1218
5.870480913,3438526,226
5.872776285,3439760,1234
5.872776285,3439970,210
5.875071657,3441220,1250
5.875071657,3441414,194
5.877367429,3442680,1266
5.877367429,3442858,178
5.879669839,3444140,1282
5.879669839,3444302,162
5.881965211,3445600,1298
5.881965211,3445746,146
5.884260583,3447060,1314
5.884260583,3447190,130
5.886645211,3448520,1330
5.886645211,3448634,114
5.888940583,3449980,1346
5.888940583,3450078,98
5.891235955,3451440,1362
5.891235955,3451522,82
5.893531327,3452900,1378
5.893531327,3452966,66
5.895826619,3454360,1394
5.895826619,3454410,50
5.898120504,3455820,1410
5.898120504,3455854,34
5.900511083,3457280,1426
5.900511083,3457298,18
5.902804968,3458740,1442
5.902804968,3458742,2
5.905098933,3460194,1452
5.907394305,3460200,6
5.907394305,3461639,1439
5.909689677,3461660,21
5.909689677,3463084,1424
5.911985049,3463120,36
5.911985049,3464529,1409
5.914280421,3464580,51
5.914280421,3465974,1394
5.916575793,3466040,66
5.916575793,3467418,1378
5.918960421,3467500,82
5.918960421,3468862,1362
5.921256193,3468960,98
5.921256193,3470306,1346
5.923558603,3470420,114
5.923558603,3471750,1330
5.925853975,3471880,130
5.925853975,3473194,1314
5.928149347,3473340,146
5.928149347,3474638,1298
5.930533975,3474800,162
5.930533975,3476082,1282
5.932829347,3476260,178
5.932829347,3477526,1266
5.935124719,3477720,194
5.935124719,3478970,1250
5.937420091,3479180,210
5.937420091,3480414,1234
5.939715463,3480640,226
5.939715463,3481858,1218
5.942100491,3482100,242
5.942100491,3483302,1202
5.944402901,3483560,258
5.944402901,3484746,1186
5.946698273,3485020,274
5.946698273,3486190,1170
5.948993645,3486480,290
5.948993645,3487634,1154
5.951289017,3487940,306
5.951289017,3489078,1138
5.953615760,3489400,322
5.953615760,3490522,1122
5.955942503,3490860,338
5.955942503,3491966,1106
5.958269246,3492320,354
5.958269246,3493410,1090
5.960686465,3493780,370
5.960686465,3494854,1074
5.963013208,3495240,386
5.963013208,3496298,1058
5.965340351,3496700,402
5.965340351,3497742,1042
5.967674234,3498160,418
5.967674234,3499186,1026
5.970000977,3499620,434
5.970000977,3500630,1010
5.972418196,3501080,450
5.972418196,3502074,994
5.974744939,3502540,466
5.974744939,3503518,978
5.977071682,3504000,482
5.977071682,3504962,962
5.979398425,3505460,498
5.979398425,3506406,946
5.981725168,3506920,514
5.981725168,3507850,930
5.984051911,3508380,530
5.984051911,3509294,914
5.986378654,3509840,546
5.986378654,3510738,898
5.988705797,3511300,562
5.988705797,3512182,882
5.991130156,3512760,578
5.991130156,3513626,866
5.993456899,3514220,594
5.993456899,3515070,850
5.995783642,3515680,610
5.995783642,3516514,834
5.998110385,3517140,626
5.998110385,3517958,818
6.000437128,3518600,642
6.000437128,3519402,802
6.002854347,3520060,658
6.002854347,3520846,786
6.005181090,3521520,674
6.005181090,3522290,770
6.007507833,3522980,690
6.007507833,3523734,754
6.009834976,3524440,706
6.009834976,3525178,738
6.012168859,3525900,722
6.012168859,3526622,722
6.014586078,3527360,738
6.014586078,3528066,706
6.016912821,3528820,754
6.016912821,3529510,690
6.019239564,3530280,770
6.019239564,3530954,674
6.021566307,3531740,786
6.021566307,3532398,658
6.023893050,3533200,802
6.023893050,3533842,642
6.026219793,3534660,818
6.026219793,3535286,626
6.028546536,3536120,834
6.028546536,3536730,610
6.030873279,3537580,850
6.030873279,3538174,594
6.033298037,3539040,866
6.033298037,3539618,578
6.035624780,3540500,882
6.035624780,3541062,562
6.037951523,3541960,898
6.037951523,3542506,546
6.040278266,3543420,914
6.040278266,3543950,530
6.042605009,3544880,930
6.042605009,3545394,514
6.045022228,3546340,946
6.045022228,3546838,498
6.047348971,3547800,962
6.047348971,3548282,482
6.049675714,3549260,978
6.049675714,3549726,466
6.052002457,3550720,994
6.052002457,3551170,450
6.054222590,3552180,1010
6.054222590,3552614,434
6.056449116,3553640,1026
6.056449116,3554058,418
6.058668849,3555100,1042
6.058668849,3555502,402
6.060888582,3556560,1058
6.060888582,3556946,386
6.063194630,3558020,1074
6.063194630,3558390,370
6.065414363,3559480,1090
6.065414363,3559834,354
6.067634096,3560940,1106
6.067634096,3561278,338
6.069853829,3562400,1122
6.069853829,3562722,322
6.072073562,3563860,1138
6.072073562,3564166,306
6.074380010,3565320,1154
6.074380010,3565610,290
6.076606536,3566780,1170
6.076606536,3567054,274
6.078826269,3568240,1186
6.078826269,3568498,258
6.081046002,3569700,1202
6.081046002,3569942,242
6.083265735,3571160,1218
6.083265735,3571386,226
6.085485468,3572620,1234
6.085485468,3572830,210
6.087705201,3574080,1250
6.087705201,3574274,194
6.089924934,3575540,1266
6.089924934,3575718,178
6.092230982,3577000,1282
6.092230982,3577162,162
6.094450715,3578460,1298
6.094450715,3578606,146
6.096670848,3579920,1314
6.096670848,3580050,130
6.098897374,3581380,1330
6.098897374,3581494,114
6.101117107,3582840,1346
6.101117107,3582938,98
6.103423155,3584300,1362
6.103423155,3584382,82
6.105642888,3585760,1378
6.105642888,3585826,66
6.107862541,3587220,1394
6.107862541,3587270,50
6.110080836,3588680,1410
6.110080836,3588714,34
6.112299131,3590140,1426
6.112299131,3590158,18
6.114603741,3591600,1442
6.114603741,3591602,2
6.116822516,3593054,1452
6.119049042,3593060,6
6.119049042,3594499,1439
6.121268775,3594520,21
6.121268775,3595944,1424
6.123488508,3595980,36
6.123488508,3597389,1409
6.125708241,3597440,51
6.125708241,3598834,1394
6.127927974,3598900,66
6.127927974,3600278,1378
6.130147707,3600360,82
6.130147707,3601722,1362
6.132453755,3601820,98
6.132453755,3603166,1346
6.134673488,3603280,114
6.134673488,3604610,1330
6.136893221,3604740,130
6.136893221,3606054,1314
6.139113354,3606200,146
6.139113354,3607498,1298
6.141339880,3607660,162
6.141339880,3608942,1282
6.143645928,3609120,178
6.143645928,3610386,1266
6.145865661,3610580,194
6.145865661,3611830,1250
6.148085394,3612040,210
6.148085394,3613274,1234
6.150305127,3613500,226
6.150305127,3614718,1218
6.152410996,3614960,242
6.152410996,3616162,1202
6.154516865,3616420,258
6.154516865,3617606,1186
6.156622734,3617880,274
6.156622734,3619050,1170
6.158728603,3619340,290
6.158728603,3620494,1154
6.160923183,3620800,306
6.160923183,3621938,1138
6.163029052,3622260,322
6.163029052,3623382,1122
6.165134921,3623720,338
6.165134921,3624826,1106
6.167240790,3625180,354
6.167240790,3626270,1090
6.169346659,3626640,370
6.169346659,3627714,1074
6.171534415,3628100,386
6.171534415,3629158,1058
6.173640284,3629560,402
6.173640284,3630602,1042
6.175746153,3631020,418
6.175746153,3632046,1026
6.177852022,3632480,434
6.177852022,3633490,1010
6.179958291,3633940,450
6.179958291,3634934,994
6.182070584,3635400,466
6.182070584,3636378,978
6.184176453,3636860,482
6.184176453,3637822,962
6.186282322,3638320,498
6.186282322,3639266,946
6.188470078,3639780,514
6.188470078,3640710,930
6.190575947,3641240,530
6.190575947,3642154,914
6.192681816,3642700,546
6.192681816,3643598,898
6.194787685,3644160,562
6.194787685,3645042,882
6.196893554,3645620,578
6.196893554,3646486,866
6.199081710,3647080,594
6.199081710,3647930,850
6.201194003,3648540,610
6.201194003,3649374,834
6.203299872,3650000,626
6.203299872,3650818,818
6.205405741,3651460,642
6.205405741,3652262,802
6.207511610,3652920,658
6.207511610,3653706,786
6.209699366,3654380,674
6.209699366,3655150,770
6.211805235,3655840,690
6.211805235,3656594,754
6.213911104,3657300,706
6.213911104,3658038,738
6.216016973,3658760,722
6.216016973,3659482,722
6.218122842,3660220,738
6.218122842,3660926,706
6.220229111,3661680,754
6.220229111,3662370,690
6.222341404,3663140,770
6.222341404,3663814,674
6.224447273,3664600,786
6.224447273,3665258,658
6.226635029,3666060,802
6.226635029,3666702,642
6.228740898,3667520,818
6.228740898,3668146,626
6.230846767,3668980,834
6.230846767,3669590,610
6.232952636,3670440,850
6.232952636,3671034,594
6.235058505,3671900,866
6.235058505,3672478,578
6.237246261,3673360,882
6.237246261,3673922,562
6.239352530,3674820,898
6.239352530,3675366,546
6.241464823,3676280,914
6.241464823,3676810,530
6.243570692,3677740,930
6.243570692,3678254,514
6.245676561,3679200,946
6.245676561,3679698,498
6.247782430,3680660,962
6.247782430,3681142,482
6.249888299,3682120,978
6.249888299,3682586,466
6.251994168,3683580,994
6.251994168,3684030,450
6.254401895,3685040,1010
6.254401895,3685474,434
6.256719502,3686500,1026
6.256719502,3686918,418
6.259037109,3687960,1042
6.259037109,3688362,402
6.261355116,3689420,1058
6.261355116,3689806,386
6.263679833,3690880,1074
6.263679833,3691250,370
6.265997440,3692340,1090
6.265997440,3692694,354
6.268405167,3693800,1106
6.268405167,3694138,338
6.270722774,3695260,1122
6.270722774,3695582,322
6.273040381,3696720,1138
6.273040381,3697026,306
6.275357988,3698180,1154
6.275357988,3698470,290
6.277675595,3699640,1170
6.277675595,3699914,274
6.279993202,3701100,1186
6.279993202,3701358,258
6.282310809,3702560,1202
6.282310809,3702802,242
6.284628816,3704020,1218
6.284628816,3704246,226
6.287043653,3705480,1234
6.287043653,3705690,210
6.289361260,3706940,1250
6.289361260,3707134,194
6.291678867,3708400,1266
6.291678867,3708578,178
6.293996474,3709860,1282
6.293996474,3710022,162
6.296314081,3711320,1298
6.296314081,3711466,146
6.298721808,3712780,1314
6.298721808,3712910,130
6.301039415,3714240,1330
6.301039415,3714354,114
6.303357022,3715700,1346
6.303357022,3715798,98
6.305675029,3717160,1362
6.305675029,3717242,82
6.307999746,3718620,1378
6.307999746,3718686,66
6.310407393,3720080,1394
6.310407393,3720130,50
6.312723498,3721540,1410
6.312723498,3721574,34
6.315039603,3723000,1426
6.315039603,3723018,18
6.317355708,3724460,1442
6.317355708,3724462,2
6.319671893,3725914,1452
6.321989500,3725920,6
6.321989500,3727359,1439
6.324307107,3727380,21
6.324307107,3728804,1424
6.326624714,3728840,36
6.326624714,3730249,1409
6.329039951,3730300,51
6.329039951,3731694,1394
6.331357558,3731760,66
6.331357558,3733138,1378
6.333675165,3733220,82
6.333675165,3734582,1362
6.335992772,3734680,98
6.335992772,3736026,1346
6.338310379,3736140,114
6.338310379,3737470,1330
6.340718106,3737600,130
6.340718106,3738914,1314
6.343035713,3739060,146
6.343035713,3740358,1298
6.345353320,3740520,162
6.345353320,3741802,1282
6.347670927,3741980,178
6.347670927,3743246,1266
6.349988934,3743440,194
6.349988934,3744690,1250
6.352313651,3744900,210
6.352313651,3746134,1234
6.354649802,3746360,226
6.354649802,3747578,1218
6.356985953,3747820,242
6.356985953,3749022,1202
6.359412945,3749280,258
6.359412945,3750466,1186
6.361749096,3750740,274
6.361749096,3751910,1170
6.364085247,3752200,290
6.364085247,3753354,1154
6.366421398,3753660,306
6.366421398,3754798,1138
6.368757549,3755120,322
6.368757549,3756242,1122
6.371184941,3756580,338
6.371184941,3757686,1106
6.373528262,3758040,354
6.373528262,3759130,1090
6.375864413,3759500,370
6.375864413,3760574,1074
6.378200564,3760960,386
6.378200564,3762018,1058
6.380536715,3762420,402
6.380536715,3763462,1042
6.382963707,3763880,418
6.382963707,3764906,1026
6.385299858,3765340,434
6.385299858,3766350,1010
6.387636009,3766800,450
6.387636009,3767794,994
6.389972160,3768260,466
6.389972160,3769238,978
6.392308311,3769720,482
6.392308311,3770682,962
6.394644862,3771180,498
6.394644862,3772126,946
6.396988183,3772640,514
6.396988183,3773570,930
6.399324334,3774100,530
6.399324334,3775014,914
6.401751326,3775560,546
6.401751326,3776458,898
6.404087477,3777020,562
6.404087477,3777902,882
6.406423628,3778480,578
6.406423628,3779346,866
6.408759779,3779940,594
6.408759779,3780790,850
6.411095930,3781400,610
6.411095930,3782234,834
6.413522922,3782860,626
6.413522922,3783678,818
6.415859473,3784320,642
6.415859473,3785122,802
6.418202794,3785780,658
6.418202794,3786566,786
6.420538945,3787240,674
6.420538945,3788010,770
6.422875096,3788700,690
6.422875096,3789454,754
6.425211247,3790160,706
6.425211247,3790898,738
6.427547398,3791620,722
6.427547398,3792342,722
6.429883549,3793080,738
6.429883549,3793786,706
6.432310541,3794540,754
6.432310541,3795230,690
6.434646692,3796000,770
6.434646692,3796674,674
6.436982843,3797460,786
6.436982843,3798118,658
6.439319394,3798920,802
6.439319394,3799562,642
6.441662715,3800380,818
6.441662715,3801006,626
6.444089707,3801840,834
6.444089707,3802450,610
6.446425858,3803300,850
6.446425858,3803894,594
6.448762009,3804760,866
6.448762009,3805338,578
6.451098160,3806220,882
6.451098160,3806782,562
6.453318169,3807680,898
6.453318169,3808226,546
6.455538178,3809140,914
6.455538178,3809670,530
6.457758187,3810600,930
6.457758187,3811114,514
6.459978196,3812060,946
6.459978196,3812558,498
6.462291724,3813520,962
6.462291724,3814002,482
6.464511733,3814980,978
6.464511733,3815446,466
6.466731742,3816440,994
6.466731742,3816890,450
6.468951751,3817900,1010
6.468951751,3818334,434
6.471171760,3819360,1026
6.471171760,3819778,418
6.473478094,3820820,1042
6.473478094,3821222,402
6.475698103,3822280,1058
6.475698103,3822666,386
6.477918112,3823740,1074
6.477918112,3824110,370
6.480138121,3825200,1090
6.480138121,3825554,354
6.482358530,3826660,1106
6.482358530,3826998,338
6.484671658,3828120,1122
6.484671658,3828442,322
6.486891667,3829580,1138
6.486891667,3829886,306
6.489111676,3831040,1154
6.489111676,3831330,290
6.491331685,3832500,1170
6.491331685,3832774,274
6.493551694,3833960,1186
6.493551694,3834218,258
6.495771703,3835420,1202
6.495771703,3835662,242
6.497991712,3836880,1218
6.497991712,3837106,226
6.500211721,3838340,1234
6.500211721,3838550,210
6.502518455,3839800,1250
6.502518455,3839994,194
6.504745258,3841260,1266
6.504745258,3841438,178
6.506965267,3842720,1282
6.506965267,3842882,162
6.509185276,3844180,1298
6.509185276,3844326,146
6.511405285,3845640,1314
6.511405285,3845770,130
6.513711619,3847100,1330
6.513711619,3847214,114
6.515931628,3848560,1346
6.515931628,3848658,98
6.518151637,3850020,1362
6.518151637,3850102,82
6.520371646,3851480,1378
6.520371646,3851546,66
6.522591575,3852940,1394
6.522591575,3852990,50
6.524810545,3854400,1410
6.524810545,3854434,34
6.527035909,3855860,1426
6.527035909,3855878,18
6.529254479,3857320,1442
6.529254479,3857322,2
6.531559454,3858774,1452
6.533779463,3858780,6
6.533779463,3860219,1439
6.535999472,3860240,21
6.535999472,3861664,1424
6.538219481,3861700,36
6.538219481,3863109,1409
6.540439490,3863160,51
6.540439490,3864554,1394
6.542745824,3864620,66
6.542745824,3865998,1378
6.544966233,3866080,82
6.544966233,3867442,1362
6.547193036,3867540,98
6.547193036,3868886,1346
6.549413045,3869000,114
6.549413045,3870330,1330
6.551633054,3870460,130
6.551633054,3871774,1314
6.553932589,3871920,146
6.553932589,3873218,1298
6.556232124,3873380,162
6.556232124,3874662,1282
6.558531659,3874840,178
6.558531659,3876106,1266
6.560920612,3876300,194
6.560920612,3877550,1250
6.563220147,3877760,210
6.563220147,3878994,1234
6.565519682,3879220,226
6.565519682,3880438,1218
6.567819617,3880680,242
6.567819617,3881882,1202
6.570126203,3882140,258
6.570126203,3883326,1186
6.572515156,3883600,274
6.572515156,3884770,1170
6.574814691,3885060,290
6.574814691,3886214,1154
6.577114226,3886520,306
6.577114226,3887658,1138
6.579413761,3887980,322
6.579413761,3889102,1122
6.581713296,3889440,338
6.581713296,3890546,1106
6.584102249,3890900,354
6.584102249,3891990,1090
6.586401784,3892360,370
6.586401784,3893434,1074
6.588701719,3893820,386
6.588701719,3894878,1058
6.591008305,3895280,402
6.591008305,3896322,1042
6.593307840,3896740,418
6.593307840,3897766,1026
6.595607375,3898200,434
6.595607375,3899210,1010
6.597906910,3899660,450
6.597906910,3900654,994
6.600206445,3901120,466
6.600206445,3902098,978
6.602595398,3902580,482
6.602595398,3903542,962
6.604894933,3904040,498
6.604894933,3904986,946
6.607194468,3905500,514
6.607194468,3906430,930
6.609494003,3906960,530
6.609494003,3907874,914
6.611793938,3908420,546
6.611793938,3909318,898
6.614189942,3909880,562
6.614189942,3910762,882
6.616489477,3911340,578
6.616489477,3912206,866
6.618789012,3912800,594
6.618789012,3913650,850
6.621088547,3914260,610
6.621088547,3915094,834
6.623388082,3915720,626
6.623388082,3916538,818
6.625687617,3917180,642
6.625687617,3917982,802
6.627987152,3918640,658
6.627987152,3919426,786
6.630286687,3920100,674
6.630286687,3920870,770
6.632676040,3921560,690
6.632676040,3922314,754
6.634982626,3923020,706
6.634982626,3923758,738
6.637282161,3924480,722
6.637282161,3925202,722
6.639581696,3925940,738
6.639581696,3926646,706
6.641881231,3927400,754
6.641881231,3928090,690
6.644270184,3928860,770
6.644270184,3929534,674
6.646569719,3930320,786
6.646569719,3930978,658
6.648869254,3931780,802
6.648869254,3932422,642
6.651168789,3933240,818
6.651168789,3933866,626
6.653395836,3934700,834
6.653395836,3935310,610
6.655623283,3936160,850
6.655623283,3936754,594
6.657857146,3937620,866
6.657857146,3938198,578
6.660084193,3939080,882
6.660084193,3939642,562
6.662311240,3940540,898
6.662311240,3941086,546
6.664624886,3942000,914
6.664624886,3942530,530
6.666851933,3943460,930
6.666851933,3943974,514
6.669078980,3944920,946
6.669078980,3945418,498
6.671306027,3946380,962
6.671306027,3946862,482
6.673533074,3947840,978
6.673533074,3948306,466
6.675847120,3949300,994
6.675847120,3949750,450
6.678080983,3950760,1010
6.678080983,3951194,434
6.680308030,3952220,1026
6.680308030,3952638,418
6.682535077,3953680,1042
6.682535077,3954082,402
6.684762124,3955140,1058
6.684762124,3955526,386
6.687075770,3956600,1074
6.687075770,3956970,370
6.689302817,3958060,1090
6.689302817,3958414,354
6.691529864,3959520,1106
6.691529864,3959858,338
6.693756911,3960980,1122
6.693756911,3961302,322
6.695983958,3962440,1138
6.695983958,3962746,306
6.698211405,3963900,1154
6.698211405,3964190,290
6.700445268,3965360,1170
6.700445268,3965634,274
6.702672315,3966820,1186
6.702672315,3967078,258
6.704985961,3968280,1202
6.704985961,3968522,242
6.707213008,3969740,1218
6.707213008,3969966,226
6.709440055,3971200,1234
6.709440055,3971410,210
6.711667102,3972660,1250
6.711667102,3972854,194
6.713894149,3974120,1266
6.713894149,3974298,178
6.716207795,3975580,1282
6.716207795,3975742,162
6.718435242,3977040,1298
6.718435242,3977186,146
6.720669105,3978500,1314
6.720669105,3978630,130
6.722896152,3979960,1330
6.722896152,3980074,114
6.725123199,3981420,1346
6.725123199,3981518,98
6.727350246,3982880,1362
6.727350246,3982962,82
6.729577293,3984340,1378
6.729577293,3984406,66
6.731804260,3985800,1394
6.731804260,3985850,50
6.734116462,3987260,1410
6.734116462,3987294,34
6.736342065,3988720,1426
6.736342065,3988738,18
6.738567668,3990180,1442
6.738567668,3990182,2
6.740793751,3991634,1452
6.743027614,3991640,6
6.743027614,3993079,1439
6.745341260,3993100,21
6.745341260,3994524,1424
6.747568307,3994560,36
6.747568307,3995969,1409
6.749795354,3996020,51
6.749795354,3997414,1394
6.752022401,3997480,66
6.752022401,3998858,1378
6.754120096,3998940,82
6.754120096,4000302,1362
6.756217791,4000400,98
6.756217791,4001746,1346
6.758315486,4001860,114
6.758315486,4003190,1330
6.760413181,4003320,130
6.760413181,4004634,1314
6.762599242,4004780,146
6.762599242,4006078,1298
6.764696937,4006240,162
6.764696937,4007522,1282
6.766794632,4007700,178
6.766794632,4008966,1266
6.768892327,4009160,194
6.768892327,4010410,1250
6.770990022,4010620,210
6.770990022,4011854,1234
6.773169286,4012080,226
6.773169286,4013298,1218
6.775266981,4013540,242
6.775266981,4014742,1202
6.777364676,4015000,258
6.777364676,4016186,1186
6.779462371,4016460,274
6.779462371,4017630,1170
6.781560466,4017920,290
6.781560466,4019074,1154
6.783746127,4019380,306
6.783746127,4020518,1138
6.785843822,4020840,322
6.785843822,4021962,1122
6.787941517,4022300,338
6.787941517,4023406,1106
6.790039212,4023760,354
6.790039212,4024850,1090
6.792136907,4025220,370
6.792136907,4026294,1074
6.794234602,4026680,386
6.794234602,4027738,1058
6.796332297,4028140,402
6.796332297,4029182,1042
6.798429992,4029600,418
6.798429992,4030626,1026
6.800527687,4031060,434
6.800527687,4032070,1010
6.802713748,4032520,450
6.802713748,4033514,994
6.804811443,4033980,466
6.804811443,4034958,978
6.806909138,4035440,482
6.806909138,4036402,962
6.809006833,4036900,498
6.809006833,4037846,946
6.811104528,4038360,514
6.811104528,4039290,930
6.813283792,4039820,530
6.813283792,4040734,914
6.815381487,4041280,546
6.815381487,4042178,898
6.817479182,4042740,562
6.817479182,4043622,882
6.819576877,4044200,578
6.819576877,4045066,866
6.821674972,4045660,594
6.821674972,4046510,850
6.823779064,4047120,610
6.823779064,4047954,834
6.825876759,4048580,626
6.825876759,4049398,818
6.828056023,4050040,642
6.828056023,4050842,802
6.830153718,4051500,658
6.830153718,4052286,786
6.832251413,4052960,674
6.832251413,4053730,770
6.834349108,4054420,690
6.834349108,4055174,754
6.836446803,4055880,706
6.836446803,4056618,738
6.838544498,4057340,722
6.838544498,4058062,722
6.840724162,4058800,738
6.840724162,4059506,706
6.842828254,4060260,754
6.842828254,4060950,690
6.844925949,4061720,770
6.844925949,4062394,674
6.847023644,4063180,786
6.847023644,4063838,658
6.849121339,4064640,802
6.849121339,4065282,642
6.851300603,4066100,818
6.851300603,4066726,626
6.853568031,4067560,834
6.853568031,4068170,610
6.855835459,4069020,850
6.855835459,4069614,594
6.858102887,4070480,866
6.858102887,4071058,578
6.860370315,4071940,882
6.860370315,4072502,562
6.862638143,4073400,898
6.862638143,4073946,546
6.864912518,4074860,914
6.864912518,4075390,530
6.867179946,4076320,930
6.867179946,4076834,514
6.869535543,4077780,946
6.869535543,4078278,498
6.871802971,4079240,962
6.871802971,4079722,482
6.874070399,4080700,978
6.874070399,4081166,466
6.876337827,4082160,994
6.876337827,4082610,450
6.878605255,4083620,1010
6.878605255,4084054,434
6.880960852,4085080,1026
6.880960852,4085498,418
6.883228680,4086540,1042
6.883228680,4086942,402
6.885503055,4088000,1058
6.885503055,4088386,386
6.887770483,4089460,1074
6.887770483,4089830,370
6.890037911,4090920,1090
6.890037911,4091274,354
6.892305339,4092380,1106
6.892305339,4092718,338
6.894572767,4093840,1122
6.894572767,4094162,322
6.896840195,4095300,1138
6.896840195,4095606,306
6.899195792,4096760,1154
6.899195792,4097050,290
6.901463220,4098220,1170
6.901463220,4098494,274
6.903730648,4099680,1186
6.903730648,4099938,258
6.905998476,4101140,1202
6.905998476,4101382,242
6.908272851,4102600,1218
6.908272851,4102826,226
6.910628448,4104060,1234
6.910628448,4104270,210
6.912895876,4105520,1250
6.912895876,4105714,194
6.915163304,4106980,1266
6.915163304,4107158,178
6.917430732,4108440,1282
6.917430732,4108602,162
6.919698160,4109900,1298
6.919698160,4110046,146
6.921965588,4111360,1314
6.921965588,4111490,130
6.924233016,4112820,1330
6.924233016,4112934,114
6.926589013,4114280,1346
6.926589013,4114378,98
6.928863388,4115740,1362
6.928863388,4115822,82
6.931130816,4117200,1378
6.931130816,4117266,66
6.933398164,4118660,1394
6.933398164,4118710,50
6.935664122,4120120,1410
6.935664122,4120154,34
6.937930080,4121580,1426
6.937930080,4121598,18
6.940284207,4123040,1442
6.940284207,4123042,2
6.942550245,4124494,1452
6.944817673,4124500,6
6.944817673,4125939,1439
6.947085101,4125960,21
6.947085101,4127384,1424
6.949352929,4127420,36
6.949352929,4128829,1409
6.951715473,4128880,51
6.951715473,4130274,1394
6.954154643,4130340,66
6.954154643,4131718,1378
6.956593813,4131800,82
6.956593813,4133162,1362
6.959032983,4133260,98
6.959032983,4134606,1346
6.961472153,4134720,114
6.961472153,4136050,1330
6.963911323,4136180,130
6.963911323,4137494,1314
6.966350493,4137640,146
6.966350493,4138938,1298
6.968789663,4139100,162
6.968789663,4140382,1282
6.971324080,4140560,178
6.971324080,4141826,1266
6.973770754,4142020,194
6.973770754,4143270,1250
6.976209924,4143480,210
6.976209924,4144714,1234
6.978649094,4144940,226
6.978649094,4146158,1218
6.981088264,4146400,242
6.981088264,4147602,1202
6.983622281,4147860,258
6.983622281,4149046,1186
6.986061451,4149320,274
6.986061451,4150490,1170
6.988500621,4150780,290
6.988500621,4151934,1154
6.990939791,4152240,306
6.990939791,4153378,1138
6.993378961,4153700,322
6.993378961,4154822,1122
6.995818531,4155160,338
6.995818531,4156266,1106
6.998265205,4156620,354
6.998265205,4157710,1090
7.000799222,4158080,370
7.000799222,4159154,1074
7.003238392,4159540,386
7.003238392,4160598,1058
7.005677562,4161000,402
7.005677562,4162042,1042
7.008116732,4162460,418
7.008116732,4163486,1026
7.010555902,4163920,434
7.010555902,4164930,1010
7.012995072,4165380,450
7.012995072,4166374,994
7.015529089,4166840,466
7.015529089,4167818,978
7.017968659,4168300,482
7.017968659,4169262,962
7.020415333,4169760,498
7.020415333,4170706,946
7.022854503,4171220,514
7.022854503,4172150,930
7.025293673,4172680,530
7.025293673,4173594,914
7.027732843,4174140,546
7.027732843,4175038,898
7.030172013,4175600,562
7.030172013,4176482,882
7.032611183,4177060,578
7.032611183,4177926,866
7.035145200,4178520,594
7.035145200,4179370,850
7.037584370,4179980,610
7.037584370,4180814,834
7.040023540,4181440,626
7.040023540,4182258,818
7.042463110,4182900,642
7.042463110,4183702,802
7.044909784,4184360,658
7.044909784,4185146,786
7.047348954,4185820,674
7.047348954,4186590,770
7.049882971,4187280,690
7.049882971,4188034,754
7.052322141,4188740,706
7.052322141,4189478,738
7.054418321,4190200,722
7.054418321,4190922,722
7.056514501,4191660,738
7.056514501,4192366,706
7.058610681,4193120,754
7.058610681,4193810,690
7.060788371,4194580,770
7.060788371,4195254,674
7.062884951,4196040,786
7.062884951,4196698,658
7.064987524,4197500,802
7.064987524,4198142,642
7.067083704,4198960,818
7.067083704,4199586,626
7.069179884,4200420,834
7.069179884,4201030,610
7.071276064,4201880,850
7.071276064,4202474,594
7.073372244,4203340,866
7.073372244,4203918,578
7.075468424,4204800,882
7.075468424,4205362,562
7.077646114,4206260,898
7.077646114,4206806,546
7.079742294,4207720,914
7.079742294,4208250,530
7.081838474,4209180,930
7.081838474,4209694,514
7.083935054,4210640,946
7.083935054,4211138,498
7.086037627,4212100,962
7.086037627,4212582,482
7.088215317,4213560,978
7.088215317,4214026,466
7.090311497,4215020,994
7.090311497,4215470,450
7.092407677,4216480,1010
7.092407677,4216914,434
7.094503857,4217940,1026
7.094503857,4218358,418
7.096600037,4219400,1042
7.096600037,4219802,402
7.098696217,4220860,1058
7.098696217,4221246,386
7.100792397,4222320,1074
7.100792397,4222690,370
7.102970487,4223780,1090
7.102970487,4224134,354
7.105073060,4225240,1106
7.105073060,4225578,338
7.107169240,4226700,1122
7.107169240,4227022,322
7.109265420,4228160,1138
7.109265420,4228466,306
7.111361600,4229620,1154
7.111361600,4229910,290
7.113457780,4231080,1170
7.113457780,4231354,274
7.115635470,4232540,1186
7.115635470,4232798,258
7.117731650,4234000,1202
7.117731650,4234242,242
7.119827830,4235460,1218
7.119827830,4235686,226
7.121924010,4236920,1234
7.121924010,4237130,210
7.124020590,4238380,1250
7.124020590,4238574,194
7.126123163,4239840,1266
7.126123163,4240018,178
7.128219343,4241300,1282
7.128219343,4241462,162
7.130397033,4242760,1298
7.130397033,4242906,146
7.132493213,4244220,1314
7.132493213,4244350,130
7.134589393,4245680,1330
7.134589393,4245794,114
7.136685573,4247140,1346
7.136685573,4247238,98
7.138781753,4248600,1362
7.138781753,4248682,82
7.140877933,4250060,1378
7.140877933,4250126,66
7.143055943,4251520,1394
7.143055943,4251570,50
7.145157157,4252980,1410
7.145157157,4253014,34
7.147251979,4254440,1426
7.147251979,4254458,18
7.149346801,4255900,1442
7.149346801,4255902,2
7.151441703,4257354,1452
7.153589075,4257360,6
7.153589075,4258799,1439
7.155656072,4258820,21
7.155656072,4260244,1424
7.157723069,4260280,36
7.157723069,4261689,1409
7.159790066,4261740,51
7.159790066,4263134,1394
7.161857063,4263200,66
7.161857063,4264578,1378
7.163924460,4264660,82
7.163924460,4266022,1362
7.165997755,4266120,98
7.165997755,4267466,1346
7.168064752,4267580,114
7.168064752,4268910,1330
7.170212124,4269040,130
7.170212124,4270354,1314
7.172279121,4270500,146
7.172279121,4271798,1298
7.174346118,4271960,162
7.174346118,4273242,1282
7.176413115,4273420,178
7.176413115,4274686,1266
7.178480112,4274880,194
7.178480112,4276130,1250
7.180627484,4276340,210
7.180627484,4277574,1234
7.182694881,4277800,226
7.182694881,4279018,1218
7.184768176,4279260,242
7.184768176,4280462,1202
7.186835173,4280720,258
7.186835173,4281906,1186
7.188902170,4282180,274
7.188902170,4283350,1170
7.190969167,4283640,290
7.190969167,4284794,1154
7.193036164,4285100,306
7.193036164,4286238,1138
7.195183536,4286560,322
7.195183536,4287682,1122
7.197250533,4288020,338
7.197250533,4289126,1106
7.199317530,4289480,354
7.199317530,4290570,1090
7.201384527,4290940,370
7.201384527,4292014,1074
7.203451924,4292400,386
7.203451924,4293458,1058
7.205525219,4293860,402
7.205525219,4294902,1042
7.207672591,4295320,418
7.207672591,4296346,1026
7.209739588,4296780,434
7.209739588,4297790,1010
7.211806585,4298240,450
7.211806585,4299234,994
7.213873582,4299700,466
7.213873582,4300678,978
7.215940579,4301160,482
7.215940579,4302122,962
7.218087951,4302620,498
7.218087951,4303566,946
7.220154948,4304080,514
7.220154948,4305010,930
7.222222345,4305540,530
7.222222345,4306454,914
7.224295640,4307000,546
7.224295640,4307898,898
7.226362637,4308460,562
7.226362637,4309342,882
7.228429634,4309920,578
7.228429634,4310786,866
7.230496631,4311380,594
7.230496631,4312230,850
7.232563628,4312840,610
7.232563628,4313674,834
7.234711000,4314300,626
7.234711000,4315118,818
7.236777997,4315760,642
7.236777997,4316562,802
7.238844994,4317220,658
7.238844994,4318006,786
7.240911991,4318680,674
7.240911991,4319450,770
7.242979388,4320140,690
7.242979388,4320894,754
7.245133058,4321600,706
7.245133058,4322338,738
7.247200055,4323060,722
7.247200055,4323782,722
7.249267052,4324520,738
7.249267052,4325226,706
7.251334049,4325980,754
7.251334049,4326670,690
7.253777486,4327440,770
7.253777486,4328114,674
7.256220923,4328900,786
7.256220923,4329558,658
7.258664360,4330360,802
7.258664360,4331002,642
7.261107797,4331820,818
7.261107797,4332446,626
7.263646647,4333280,834
7.263646647,4333890,610
7.266097601,4334740,850
7.266097601,4335334,594
7.268541038,4336200,866
7.268541038,4336778,578
7.270984475,4337660,882
7.270984475,4338222,562
7.273427912,4339120,898
7.273427912,4339666,546
7.275966362,4340580,914
7.275966362,4341110,530
7.278409799,4342040,930
7.278409799,4342554,514
7.280853236,4343500,946
7.280853236,4343998,498
7.283296673,4344960,962
7.283296673,4345442,482
7.285740110,4346420,978
7.285740110,4346886,466
7.288183947,4347880,994
7.288183947,4348330,450
7.290634901,4349340,1010
7.290634901,4349774,434
7.293173351,4350800,1026
7.293173351,4351218,418
7.295616788,4352260,1042
7.295616788,4352662,402
7.298060225,4353720,1058
7.298060225,4354106,386
7.300503662,4355180,1074
7.300503662,4355550,370
7.302947099,4356640,1090
7.302947099,4356994,354
7.305390536,4358100,1106
7.305390536,4358438,338
7.307928986,4359560,1122
7.307928986,4359882,322
7.310372823,4361020,1138
7.310372823,4361326,306
7.312823777,4362480,1154
7.312823777,4362770,290
7.315267214,4363940,1170
7.315267214,4364214,274
7.317710651,4365400,1186
7.317710651,4365658,258
7.320249101,4366860,1202
7.320249101,4367102,242
7.322692538,4368320,1218
7.322692538,4368546,226
7.325135975,4369780,1234
7.325135975,4369990,210
7.327579412,4371240,1250
7.327579412,4371434,194
7.330022849,4372700,1266
7.330022849,4372878,178
7.332466286,4374160,1282
7.332466286,4374322,162
7.334910123,4375620,1298
7.334910123,4375766,146
7.337361077,4377080,1314
7.337361077,4377210,130
7.339899527,4378540,1330
7.339899527,4378654,114
7.342342964,4380000,1346
7.342342964,4380098,98
7.344786401,4381460,1362
7.344786401,4381542,82
7.347229838,4382920,1378
7.347229838,4382986,66
7.349673195,4384380,1394
7.349673195,4384430,50
7.352210061,4385840,1410
7.352210061,4385874,34
7.354358978,4387300,1426
7.354358978,4387318,18
7.356508295,4388760,1442
7.356508295,4388762,2
7.358663860,4390214,1452
7.360814171,4390220,6
7.360814171,4391659,1439
7.362964482,4391680,21
7.362964482,4393104,1424
7.365114793,4393140,36
7.365114793,4394549,1409
7.367348719,4394600,51
7.367348719,4395994,1394
7.369499030,4396060,66
7.369499030,4397438,1378
7.371649341,4397520,82
7.371649341,4398882,1362
7.373799652,4398980,98
7.373799652,4400326,1346
7.375949963,4400440,114
7.375949963,4401770,1330
7.378100674,4401900,130
7.378100674,4403214,1314
7.380341168,4403360,146
7.380341168,4404658,1298
7.382491479,4404820,162
7.382491479,4406102,1282
7.384641790,4406280,178
7.384641790,4407546,1266
7.386792101,4407740,194
7.386792101,4408990,1250
7.388942412,4409200,210
7.388942412,4410434,1234
7.391092723,4410660,226
7.391092723,4411878,1218
7.393243034,4412120,242
7.393243034,4413322,1202
7.395476960,4413580,258
7.395476960,4414766,1186
7.397627671,4415040,274
7.397627671,4416210,1170
7.399784550,4416500,290
7.399784550,4417654,1154
7.401934861,4417960,306
7.401934861,4419098,1138
7.404085172,4419420,322
7.404085172,4420542,1122
7.406235483,4420880,338
7.406235483,4421986,1106
7.408469409,4422340,354
7.408469409,4423430,1090
7.410619720,4423800,370
7.410619720,4424874,1074
7.412770031,4425260,386
7.412770031,4426318,1058
7.414920342,4426720,402
7.414920342,4427762,1042
7.417070653,4428180,418
7.417070653,4429206,1026
7.419221364,4429640,434
7.419221364,4430650,1010
7.421461858,4431100,450
7.421461858,4432094,994
7.423612169,4432560,466
7.423612169,4433538,978
7.425762480,4434020,482
7.425762480,4434982,962
7.427912791,4435480,498
7.427912791,4436426,946
7.430063102,4436940,514
7.430063102,4437870,930
7.432213413,4438400,530
7.432213413,4439314,914
7.434363724,4439860,546
7.434363724,4440758,898
7.436514035,4441320,562
7.436514035,4442202,882
7.438748361,4442780,578
7.438748361,4443646,866
7.440905240,4444240,594
7.440905240,4445090,850
7.443055551,4445700,610
7.443055551,4446534,834
7.445205862,4447160,626
7.445205862,4447978,818
7.447356173,4448620,642
7.447356173,4449422,802
7.449590099,4450080,658
7.449590099,4450866,786
7.451740410,4451540,674
7.451740410,4452310,770
7.453841108,4453000,690
7.453841108,4453754,754
7.455941806,4454460,706
7.455941806,4455198,738
7.458042504,4455920,722
7.458042504,4456642,722
7.460143602,4457380,738
7.460143602,4458086,706
7.462250708,4458840,754
7.462250708,4459530,690
7.464433092,4460300,770
7.464433092,4460974,674
7.466533790,4461760,786
7.466533790,4462418,658
7.468634488,4463220,802
7.468634488,4463862,642
7.470735186,4464680,818
7.470735186,4465306,626
7.472835884,4466140,834
7.472835884,4466750,610
7.474936582,4467600,850
7.474936582,4468194,594
7.477118966,4469060,866
7.477118966,4469638,578
7.479220064,4470520,882
7.479220064,4471082,562
7.481327170,4471980,898
7.481327170,4472526,546
7.483427868,4473440,914
7.483427868,4473970,530
7.485528566,4474900,930
7.485528566,4475414,514
7.487629264,4476360,946
7.487629264,4476858,498
7.489729962,4477820,962
7.489729962,4478302,482
7.491912346,4479280,978
7.491912346,4479746,466
7.494013044,4480740,994
7.494013044,4481190,450
7.496113742,4482200,1010
7.496113742,4482634,434
7.498214440,4483660,1026
7.498214440,4484078,418
7.500315538,4485120,1042
7.500315538,4485522,402
7.502422644,4486580,1058
7.502422644,4486966,386
7.504605028,4488040,1074
7.504605028,4488410,370
7.506705726,4489500,1090
7.506705726,4489854,354
7.508806424,4490960,1106
7.508806424,4491298,338
7.510907122,4492420,1122
7.510907122,4492742,322
7.513007820,4493880,1138
7.513007820,4494186,306
7.515190204,4495340,1154
7.515190204,4495630,290
7.517290902,4496800,1170
7.517290902,4497074,274
7.519392000,4498260,1186
7.519392000,4498518,258
7.521499106,4499720,1202
7.521499106,4499962,242
7.523599804,4501180,1218
7.523599804,4501406,226
7.525700502,4502640,1234
7.525700502,4502850,210
7.527801200,4504100,1250
7.527801200,4504294,194
7.529901898,4505560,1266
7.529901898,4505738,178
7.532084282,4507020,1282
7.532084282,4507182,162
7.534184980,4508480,1298
7.534184980,4508626,146
7.536285678,4509940,1314
7.536285678,4510070,130
7.538386376,4511400,1330
7.538386376,4511514,114
7.540487474,4512860,1346
7.540487474,4512958,98
7.542676266,4514320,1362
7.542676266,4514402,82
7.544776964,4515780,1378
7.544776964,4515846,66
7.546877582,4517240,1394
7.546877582,4517290,50
7.548976919,4518700,1410
7.548976919,4518734,34
7.551076256,4520160,1426
7.551076256,4520178,18
7.553509454,4521620,1442
7.553509454,4521622,2
7.555942732,4523074,1452
7.558377507,4523080,6
7.558377507,4524519,1439
7.560907359,4524540,21
7.560907359,4525964,1424
7.563349624,4526000,36
7.563349624,4527409,1409
7.565784399,4527460,51
7.565784399,4528854,1394
7.568219174,4528920,66
7.568219174,4530298,1378
7.570653949,4530380,82
7.570653949,4531742,1362
7.573183401,4531840,98
7.573183401,4533186,1346
7.575618176,4533300,114
7.575618176,4534630,1330
7.578052951,4534760,130
7.578052951,4536074,1314
7.580487726,4536220,146
7.580487726,4537518,1298
7.582922501,4537680,162
7.582922501,4538962,1282
7.585459842,4539140,178
7.585459842,4540406,1266
7.587894617,4540600,194
7.587894617,4541850,1250
7.590329392,4542060,210
7.590329392,4543294,1234
7.592764167,4543520,226
7.592764167,4544738,1218
7.595198942,4544980,242
7.595198942,4546182,1202
7.597633717,4546440,258
7.597633717,4547626,1186
7.600068492,4547900,274
7.600068492,4549070,1170
7.602503267,4549360,290
7.602503267,4550514,1154
7.605032719,4550820,306
7.605032719,4551958,1138
7.607467894,4552280,322
7.607467894,4553402,1122
7.609910159,4553740,338
7.609910159,4554846,1106
7.612344934,4555200,354
7.612344934,4556290,1090
7.614779709,4556660,370
7.614779709,4557734,1074
7.617309161,4558120,386
7.617309161,4559178,1058
7.619743936,4559580,402
7.619743936,4560622,1042
7.622178711,4561040,418
7.622178711,4562066,1026
7.624613486,4562500,434
7.624613486,4563510,1010
7.627048261,4563960,450
7.627048261,4564954,994
7.629483036,4565420,466
7.629483036,4566398,978
7.631918211,4566880,482
7.631918211,4567842,962
7.634360476,4568340,498
7.634360476,4569286,946
7.636889928,4569800,514
7.636889928,4570730,930
7.639324703,4571260,530
7.639324703,4572174,914
7.641759478,4572720,546
7.641759478,4573618,898
7.644194253,4574180,562
7.644194253,4575062,882
7.646629028,4575640,578
7.646629028,4576506,866
7.649158480,4577100,594
7.649158480,4577950,850
7.651593255,4578560,610
7.651593255,4579394,834
7.653682088,4580020,626
7.653682088,4580838,818
7.655776888,4581480,642
7.655776888,4582282,802
7.657865321,4582940,658
7.657865321,4583726,786
7.659953754,4584400,674
7.659953754,4585170,770
7.662042187,4585860,690
7.662042187,4586614,754
7.664130620,4587320,706
7.664130620,4588058,738
7.666300262,4588780,722
7.666300262,4589502,722
7.668388695,4590240,738
7.668388695,4590946,706
7.670477128,4591700,754
7.670477128,4592390,690
7.672565561,4593160,770
7.672565561,4593834,674
7.674654394,4594620,786
7.674654394,4595278,658
7.676830403,4596080,802
7.676830403,4596722,642
7.678918836,4597540,818
7.678918836,4598166,626
7.681007269,4599000,834
7.681007269,4599610,610
7.683095702,4600460,850
7.683095702,4601054,594
7.685184135,4601920,866
7.685184135,4602498,578
7.687353777,4603380,882
7.687353777,4603942,562
7.689442210,4604840,898
7.689442210,4605386,546
7.691530643,4606300,914
7.691530643,4606830,530
7.693619476,4607760,930
7.693619476,4608274,514
7.695714276,4609220,946
7.695714276,4609718,498
7.697802709,4610680,962
7.697802709,4611162,482
7.699891142,4612140,978
7.699891142,4612606,466
7.701979575,4613600,994
7.701979575,4614050,450
7.704149217,4615060,1010
7.704149217,4615494,434
7.706237650,4616520,1026
7.706237650,4616938,418
7.708326083,4617980,1042
7.708326083,4618382,402
7.710414516,4619440,1058
7.710414516,4619826,386
7.712502949,4620900,1074
7.712502949,4621270,370
7.714679358,4622360,1090
7.714679358,4622714,354
7.716767791,4623820,1106
7.716767791,4624158,338
7.718856224,4625280,1122
7.718856224,4625602,322
7.720944657,4626740,1138
7.720944657,4627046,306
7.723033090,4628200,1154
7.723033090,4628490,290
7.725121523,4629660,1170
7.725121523,4629934,274
7.727209956,4631120,1186
7.727209956,4631378,258
7.729298389,4632580,1202
7.729298389,4632822,242
7.731468031,4634040,1218
7.731468031,4634266,226
7.733556864,4635500,1234
7.733556864,4635710,210
7.735651664,4636960,1250
7.735651664,4637154,194
7.737740097,4638420,1266
7.737740097,4638598,178
7.739828530,4639880,1282
7.739828530,4640042,162
7.741998172,4641340,1298
7.741998172,4641486,146
7.744086605,4642800,1314
7.744086605,4642930,130
7.746175038,4644260,1330
7.746175038,4644374,114
7.748263471,4645720,1346
7.748263471,4645818,98
7.750351904,4647180,1362
7.750351904,4647262,82
7.752441662,4648640,1378
7.752441662,4648706,66
7.754531740,4650100,1394
7.754531740,4650150,50
7.756626515,4651560,1410
7.756626515,4651594,34
7.758796178,4653020,1426
7.758796178,4653038,18
7.760884581,4654480,1442
7.760884581,4654482,2
7.762973064,4655934,1452
7.765062822,4655940,6
7.765062822,4657379,1439
7.767152580,4657400,21
7.767152580,4658824,1424
7.769323598,4658860,36
7.769323598,4660269,1409
7.771413356,4660320,51
7.771413356,4661714,1394
7.773503514,4661780,66
7.773503514,4663158,1378
7.775599644,4663240,82
7.775599644,4664602,1362
7.777689402,4664700,98
7.777689402,4666046,1346
7.779860420,4666160,114
7.779860420,4667490,1330
7.781950178,4667620,130
7.781950178,4668934,1314
7.784039936,4669080,146
7.784039936,4670378,1298
7.786129694,4670540,162
7.786129694,4671822,1282
7.788219452,4672000,178
7.788219452,4673266,1266
7.790309210,4673460,194
7.790309210,4674710,1250
7.792398968,4674920,210
7.792398968,4676154,1234
7.794489126,4676380,226
7.794489126,4677598,1218
7.796666516,4677840,242
7.796666516,4679042,1202
7.798756274,4679300,258
7.798756274,4680486,1186
7.800846032,4680760,274
7.800846032,4681930,1170
7.802935790,4682220,290
7.802935790,4683374,1154
7.805025548,4683680,306
7.805025548,4684818,1138
7.807115306,4685140,322
7.807115306,4686262,1122
7.809286324,4686600,338
7.809286324,4687706,1106
7.811376082,4688060,354
7.811376082,4689150,1090
7.813466240,4689520,370
7.813466240,4690594,1074
7.815562370,4690980,386
7.815562370,4692038,1058
7.817652128,4692440,402
7.817652128,4693482,1042
7.819741886,4693900,418
7.819741886,4694926,1026
7.821831644,4695360,434
7.821831644,4696370,1010
7.823921402,4696820,450
7.823921402,4697814,994
7.826092420,4698280,466
7.826092420,4699258,978
7.828182178,4699740,482
7.828182178,4700702,962
7.830271936,4701200,498
7.830271936,4702146,946
7.832361694,4702660,514
7.832361694,4703590,930
7.834451852,4704120,530
7.834451852,4705034,914
7.836629242,4705580,546
7.836629242,4706478,898
7.838719000,4707040,562
7.838719000,4707922,882
7.840808758,4708500,578
7.840808758,4709366,866
7.842898516,4709960,594
7.842898516,4710810,850
7.844988274,4711420,610
7.844988274,4712254,834
7.847159292,4712880,626
7.847159292,4713698,818
7.849249050,4714340,642
7.849249050,4715142,802
7.851338808,4715800,658
7.851338808,4716586,786
7.853765342,4717260,674
7.853765342,4718030,770
7.856198938,4718720,690
7.856198938,4719474,754
7.858625072,4720180,706
7.858625072,4720918,738
7.861051206,4721640,722
7.861051206,4722362,722
7.863477340,4723100,738
7.863477340,4723806,706
7.865997814,4724560,754
7.865997814,4725250,690
7.868423948,4726020,770
7.868423948,4726694,674
7.870850082,4727480,786
7.870850082,4728138,658
7.873276216,4728940,802
7.873276216,4729582,642
7.875702350,4730400,818
7.875702350,4731026,626
7.878230686,4731860,834
7.878230686,4732470,610
7.880656820,4733320,850
7.880656820,4733914,594
7.883082954,4734780,866
7.883082954,4735358,578
7.885509088,4736240,882
7.885509088,4736802,562
7.887935222,4737700,898
7.887935222,4738246,546
7.890361356,4739160,914
7.890361356,4739690,530
7.892787490,4740620,930
7.892787490,4741134,514
7.895213624,4742080,946
7.895213624,4742578,498
7.897734098,4743540,962
7.897734098,4744022,482
7.900160632,4745000,978
7.900160632,4745466,466
7.902594228,4746460,994
7.902594228,4746910,450
7.905020362,4747920,1010
7.905020362,4748354,434
7.907446496,4749380,1026
7.907446496,4749798,418
7.909966970,4750840,1042
7.909966970,4751242,402
7.912393104,4752300,1058
7.912393104,4752686,386
7.914819238,4753760,1074
7.914819238,4754130,370
7.917245372,4755220,1090
7.917245372,4755574,354
7.919671506,4756680,1106
7.919671506,4757018,338
7.922097640,4758140,1122
7.922097640,4758462,322
7.924524174,4759600,1138
7.924524174,4759906,306
7.926957770,4761060,1154
7.926957770,4761350,290
7.929478244,4762520,1170
7.929478244,4762794,274
7.931904378,4763980,1186
7.931904378,4764238,258
7.934330512,4765440,1202
7.934330512,4765682,242
7.936756646,4766900,1218
7.936756646,4767126,226
7.939182780,4768360,1234
7.939182780,4768570,210
7.941703254,4769820,1250
7.941703254,4770014,194
7.944129388,4771280,1266
7.944129388,4771458,178
7.946555922,4772740,1282
7.946555922,4772902,162
7.948989518,4774200,1298
7.948989518,4774346,146
7.951415652,4775660,1314
7.951415652,4775790,130
7.953746281,4777120,1330
7.953746281,4777234,114
7.955989675,4778580,1346
7.955989675,4778678,98
7.958233069,4780040,1362
7.958233069,4780122,82
7.960476463,4781500,1378
7.960476463,4781566,66
7.962719777,4782960,1394
7.962719777,4783010,50
7.964961717,4784420,1410
7.964961717,4784454,34
7.967203657,4785880,1426
7.967203657,4785898,18
7.969445997,4787340,1442
7.969445997,4787342,2
7.971782122,4788794,1452
7.974025516,4788800,6
7.974025516,4790239,1439
7.976268910,4790260,21
7.976268910,4791684,1424
7.978512304,4791720,36
7.978512304,4793129,1409
7.980755698,4793180,51
7.980755698,4794574,1394
7.983086327,4794640,66
7.983086327,4796018,1378
7.985329721,4796100,82
7.985329721,4797462,1362
7.987573115,4797560,98
7.987573115,4798906,1346
7.989816909,4799020,114
7.989816909,4800350,1330
7.992067173,4800480,130
7.992067173,4801794,1314
7.994310567,4801940,146
7.994310567,4803238,1298
7.996553961,4803400,162
7.996553961,4804682,1282
7.998797355,4804860,178
7.998797355,4806126,1266
8.001127984,4806320,194
8.001127984,4807570,1250
8.003371378,4807780,210
8.003371378,4809014,1234
8.005614772,4809240,226
8.005614772,4810458,1218
8.007858166,4810700,242
8.007858166,4811902,1202
8.010101560,4812160,258
8.010101560,4813346,1186
8.012439458,4813620,274
8.012439458,4814790,1170
8.014682852,4815080,290
8.014682852,4816234,1154
8.016926246,4816540,306
8.016926246,4817678,1138
8.019169640,4818000,322
8.019169640,4819122,1122
8.021413034,4819460,338
8.021413034,4820566,1106
8.023656428,4820920,354
8.023656428,4822010,1090
8.025899822,4822380,370
8.025899822,4823454,1074
8.028143216,4823840,386
8.028143216,4824898,1058
8.030473845,4825300,402
8.030473845,4826342,1042
8.032717639,4826760,418
8.032717639,4827786,1026
8.034967903,4828220,434
8.034967903,4829230,1010
8.037211297,4829680,450
8.037211297,4830674,994
8.039454691,4831140,466
8.039454691,4832118,978
8.041785320,4832600,482
8.041785320,4833562,962
8.044028714,4834060,498
8.044028714,4835006,946
8.046272108,4835520,514
8.046272108,4836450,930
8.048515502,4836980,530
8.048515502,4837894,914
8.050758896,4838440,546
8.050758896,4839338,898
8.053125019,4839900,562
8.053125019,4840782,882
8.055409173,4841360,578
8.055409173,4842226,866
8.057686348,4842820,594
8.057686348,4843670,850
8.059963523,4844280,610
8.059963523,4845114,834
8.062240698,4845740,626
8.062240698,4846558,818
8.064517873,4847200,642
8.064517873,4848002,802
8.066795048,4848660,658
8.066795048,4849446,786
8.069072223,4850120,674
8.069072223,4850890,770
8.071437946,4851580,690
8.071437946,4852334,754
8.073715121,4853040,706
8.073715121,4853778,738
8.075992696,4854500,722
8.075992696,4855222,722
8.078276850,4855960,738
8.078276850,4856666,706
8.080554025,4857420,754
8.080554025,4858110,690
8.082919748,4858880,770
8.082919748,4859554,674
8.085196923,4860340,786
8.085196923,4860998,658
8.087474098,4861800,802
8.087474098,4862442,642
8.089751273,4863260,818
8.089751273,4863886,626
8.092028448,4864720,834
8.092028448,4865330,610
8.094305623,4866180,850
8.094305623,4866774,594
8.096582798,4867640,866
8.096582798,4868218,578
8.098860373,4869100,882
8.098860373,4869662,562
8.101233075,4870560,898
8.101233075,4871106,546
8.103510250,4872020,914
8.103510250,4872550,530
8.105787425,4873480,930
8.105787425,4873994,514
8.108064600,4874940,946
8.108064600,4875438,498
8.110341775,4876400,962
8.110341775,4876882,482
8.112707498,4877860,978
8.112707498,4878326,466
8.114984673,4879320,994
8.114984673,4879770,450
8.117261848,4880780,1010
8.117261848,4881214,434
8.119539423,4882240,1026
8.119539423,4882658,418
8.121823577,4883700,1042
8.121823577,4884102,402
8.124100752,4885160,1058
8.124100752,4885546,386
8.126377927,4886620,1074
8.126377927,4886990,370
8.128655102,4888080,1090
8.128655102,4888434,354
8.131020825,4889540,1106
8.131020825,4889878,338
8.133298000,4891000,1122
8.133298000,4891322,322
8.135575175,4892460,1138
8.135575175,4892766,306
8.137852350,4893920,1154
8.137852350,4894210,290
8.140129525,4895380,1170
8.140129525,4895654,274
8.142502627,4896840,1186
8.142502627,4897098,258
8.144779802,4898300,1202
8.144779802,4898542,242
8.147056977,4899760,1218
8.147056977,4899986,226
8.149334152,4901220,1234
8.149334152,4901430,210
8.151611327,4902680,1250
8.151611327,4902874,194
8.153872319,4904140,1266
8.153872319,4904318,178
8.156048683,4905600,1282
8.156048683,4905762,162
8.158225047,4907060,1298
8.158225047,4907206,146
8.160401411,4908520,1314
8.160401411,4908650,130
8.162578175,4909980,1330
8.162578175,4910094,114
8.164761191,4911440,1346
8.164761191,4911538,98
8.166937555,4912900,1362
8.166937555,4912982,82
8.169113919,4914360,1378
8.169113919,4914426,66
8.171374831,4915820,1394
8.171374831,4915870,50
8.173549785,4917280,1410
8.173549785,4917314,34
8.175724739,4918740,1426
8.175724739,4918758,18
8.177899693,4920200,1442
8.177899693,4920202,2
8.180074727,4921654,1452
8.182336119,4921660,6
8.182336119,4923099,1439
8.184519135,4923120,21
8.184519135,4924544,1424
8.186695499,4924580,36
8.186695499,4925989,1409
8.188871863,4926040,51
8.188871863,4927434,1394
8.191048227,4927500,66
8.191048227,4928878,1378
8.193224591,4928960,82
8.193224591,4930322,1362
8.195400955,4930420,98
8.195400955,4931766,1346
8.197577319,4931880,114
8.197577319,4933210,1330
8.199838311,4933340,130
8.199838311,4934654,1314
8.202014675,4934800,146
8.202014675,4936098,1298
8.204191439,4936260,162
8.204191439,4937542,1282
8.206374455,4937720,178
8.206374455,4938986,1266
8.208550819,4939180,194
8.208550819,4940430,1250
8.210727183,4940640,210
8.210727183,4941874,1234
8.212988175,4942100,226
8.212988175,4943318,1218
8.215164539,4943560,242
8.215164539,4944762,1202
8.217340903,4945020,258
8.217340903,4946206,1186
8.219517267,4946480,274
8.219517267,4947650,1170
8.221693631,4947940,290
8.221693631,4949094,1154
8.223955023,4949400,306
8.223955023,4950538,1138
8.226138039,4950860,322
8.226138039,4951982,1122
8.228314403,4952320,338
8.228314403,4953426,1106
8.230490767,4953780,354
8.230490767,4954870,1090
8.232667131,4955240,370
8.232667131,4956314,1074
8.234843495,4956700,386
8.234843495,4957758,1058
8.237019859,4958160,402
8.237019859,4959202,1042
8.239196223,4959620,418
8.239196223,4960646,1026
8.241457215,4961080,434
8.241457215,4962090,1010
8.243633579,4962540,450
8.243633579,4963534,994
8.245810343,4964000,466
8.245810343,4964978,978
8.247993359,4965460,482
8.247993359,4966422,962
8.250169723,4966920,498
8.250169723,4967866,946
8.252402796,4968380,514
8.252402796,4969310,930
8.254552286,4969840,530
8.254552286,4970754,914
8.256701776,4971300,546
8.256701776,4972198,898
8.258851266,4972760,562
8.258851266,4973642,882
8.261000756,4974220,578
8.261000756,4975086,866
8.263150246,4975680,594
8.263150246,4976530,850
8.265299736,4977140,610
8.265299736,4977974,834
8.267449626,4978600,626
8.267449626,4979418,818
8.269689264,4980060,642
8.269689264,4980862,802
8.271838754,4981520,658
8.271838754,4982306,786
8.273988244,4982980,674
8.273988244,4983750,770
8.276137734,4984440,690
8.276137734,4985194,754
8.278287224,4985900,706
8.278287224,4986638,738
8.280520297,4987360,722
8.280520297,4988082,722
8.282669787,4988820,738
8.282669787,4989526,706
8.284819277,4990280,754
8.284819277,4990970,690
8.286969167,4991740,770
8.286969167,4992414,674
8.289125222,4993200,786
8.289125222,4993858,658
8.291274712,4994660,802
8.291274712,4995302,642
8.293424202,4996120,818
8.293424202,4996746,626
8.295573692,4997580,834
8.295573692,4998190,610
8.297806765,4999040,850
8.297806765,4999634,594
8.299956255,5000500,866
8.299956255,5001078,578
8.302105745,5001960,882
8.302105745,5002522,562
8.304255235,5003420,898
8.304255235,5003966,546
8.306404725,5004880,914
8.306404725,5005410,530
8.308644763,5006340,930
8.308644763,5006854,514
8.310794253,5007800,946
8.310794253,5008298,498
8.312943743,5009260,962
8.312943743,5009742,482
8.315093233,5010720,978
8.315093233,5011186,466
8.317242723,5012180,994
8.317242723,5012630,450
8.319475796,5013640,1010
8.319475796,5014074,434
8.321625286,5015100,1026
8.321625286,5015518,418
8.323774776,5016560,1042
8.323774776,5016962,402
8.325924266,5018020,1058
8.325924266,5018406,386
8.328074156,5019480,1074
8.328074156,5019850,370
8.330230211,5020940,1090
8.330230211,5021294,354
8.332379701,5022400,1106
8.332379701,5022738,338
8.334529191,5023860,1122
8.334529191,5024182,322
8.336762264,5025320,1138
8.336762264,5025626,306
8.338911754,5026780,1154
8.338911754,5027070,290
8.341061244,5028240,1170
8.341061244,5028514,274
8.343210734,5029700,1186
8.343210734,5029958,258
8.345360224,5031160,1202
8.345360224,5031402,242
8.347593697,5032620,1218
8.347593697,5032846,226
8.349749752,5034080,1234
8.349749752,5034290,210
8.351899242,5035540,1250
8.351899242,5035734,194
8.354293979,5037000,1266
8.354293979,5037178,178
8.356688716,5038460,1282
8.356688716,5038622,162
8.359083453,5039920,1298
8.359083453,5040066,146
8.361478190,5041380,1314
8.361478190,5041510,130
8.363872927,5042840,1330
8.363872927,5042954,114
8.366360784,5044300,1346
8.366360784,5044398,98
8.368755521,5045760,1362
8.368755521,5045842,82
8.371150658,5047220,1378
8.371150658,5047286,66
8.373552675,5048680,1394
8.373552675,5048730,50
8.375945860,5050140,1410
8.375945860,5050174,34
8.378432165,5051600,1426
8.378432165,5051618,18
8.380825350,5053060,1442
8.380825350,5053062,2
8.383218615,5054514,1452
8.385613352,5054520,6
8.385613352,5055959,1439
8.388008089,5055980,21
8.388008089,5057404,1424
8.390402826,5057440,36
8.390402826,5058849,1409
8.392797563,5058900,51
8.392797563,5060294,1394
8.395192700,5060360,66
8.395192700,5061738,1378
8.397687917,5061820,82
8.397687917,5063182,1362
8.400082654,5063280,98
8.400082654,5064626,1346
8.402477391,5064740,114
8.402477391,5066070,1330
8.404872128,5066200,130
8.404872128,5067514,1314
8.407266865,5067660,146
8.407266865,5068958,1298
8.409754722,5069120,162
8.409754722,5070402,1282
8.412149459,5070580,178
8.412149459,5071846,1266
8.414544196,5072040,194
8.414544196,5073290,1250
8.416939333,5073500,210
8.416939333,5074734,1234
8.419341430,5074960,226
8.419341430,5076178,1218
8.421829287,5076420,242
8.421829287,5077622,1202
8.424224024,5077880,258
8.424224024,5079066,1186
8.426618761,5079340,274
8.426618761,5080510,1170
8.429013498,5080800,290
8.429013498,5081954,1154
8.431408235,5082260,306
8.431408235,5083398,1138
8.433802972,5083720,322
8.433802972,5084842,1122
8.436197709,5085180,338
8.436197709,5086286,1106
8.438592446,5086640,354
8.438592446,5087730,1090
8.441088063,5088100,370
8.441088063,5089174,1074
8.443482800,5089560,386
8.443482800,5090618,1058
8.445877537,5091020,402
8.445877537,5092062,1042
8.448272274,5092480,418
8.448272274,5093506,1026
8.450667011,5093940,434
8.450667011,5094950,1010
8.453087565,5095400,450
8.453087565,5096394,994
8.455417519,5096860,466
8.455417519,5097838,978
8.457747473,5098320,482
8.457747473,5099282,962
8.460077427,5099780,498
8.460077427,5100726,946
8.462407781,5101240,514
8.462407781,5102170,930
8.464744885,5102700,530
8.464744885,5103614,914
8.467074839,5104160,546
8.467074839,5105058,898
8.469404793,5105620,562
8.469404793,5106502,882
8.471825347,5107080,578
8.471825347,5107946,866
8.474155301,5108540,594
8.474155301,5109390,850
8.476485255,5110000,610
8.476485255,5110834,834
8.478815209,5111460,626
8.478815209,5112278,818
8.481145163,5112920,642
8.481145163,5113722,802
8.483566117,5114380,658
8.483566117,5115166,786
8.485903221,5115840,674
8.485903221,5116610,770
8.488233175,5117300,690
8.488233175,5118054,754
8.490563129,5118760,706
8.490563129,5119498,738
8.492893083,5120220,722
8.492893083,5120942,722
8.495223037,5121680,738
8.495223037,5122386,706
8.497552991,5123140,754
8.497552991,5123830,690
8.499882945,5124600,770
8.499882945,5125274,674
8.502303499,5126060,786
8.502303499,5126718,658
8.504633453,5127520,802
8.504633453,5128162,642
8.506963807,5128980,818
8.506963807,5129606,626
8.509300911,5130440,834
8.509300911,5131050,610
8.511630865,5131900,850
8.511630865,5132494,594
8.514051419,5133360,866
8.514051419,5133938,578
8.516381373,5134820,882
8.516381373,5135382,562
8.518711327,5136280,898
8.518711327,5136826,546
8.521041281,5137740,914
8.521041281,5138270,530
8.523371235,5139200,930
8.523371235,5139714,514
8.525791789,5140660,946
8.525791789,5141158,498
8.528122143,5142120,962
8.528122143,5142602,482
8.530459247,5143580,978
8.530459247,5144046,466
8.532789201,5145040,994
8.532789201,5145490,450
8.535119155,5146500,1010
8.535119155,5146934,434
8.537449109,5147960,1026
8.537449109,5148378,418
8.539779063,5149420,1042
8.539779063,5149822,402
8.542109017,5150880,1058
8.542109017,5151266,386
8.544529571,5152340,1074
8.544529571,5152710,370
8.546859525,5153800,1090
8.546859525,5154154,354
8.549189479,5155260,1106
8.549189479,5155598,338
8.551519833,5156720,1122
8.551519833,5157042,322
8.553847951,5158180,1138
8.553847951,5158486,306
8.556259200,5159640,1154
8.556259200,5159930,290
8.558580197,5161100,1170
8.558580197,5161374,274
8.560901194,5162560,1186
8.560901194,5162818,258
8.563222191,5164020,1202
8.563222191,5164262,242
8.565543188,5165480,1218
8.565543188,5165706,226
8.567864185,5166940,1234
8.567864185,5167150,210
8.570185182,5168400,1250
8.570185182,5168594,194
8.572506179,5169860,1266
8.572506179,5170038,178
8.574924949,5171320,1282
8.574924949,5171482,162
8.577245946,5172780,1298
8.577245946,5172926,146
8.579566943,5174240,1314
8.579566943,5174370,130
8.581887940,5175700,1330
8.581887940,5175814,114
8.584208937,5177160,1346
8.584208937,5177258,98
8.586620186,5178620,1362
8.586620186,5178702,82
8.588941183,5180080,1378
8.588941183,5180146,66
8.591262100,5181540,1394
8.591262100,5181590,50
8.593581593,5183000,1410
8.593581593,5183034,34
8.595901486,5184460,1426
8.595901486,5184478,18
8.598228100,5185920,1442
8.598228100,5185922,2
8.600547673,5187374,1452
8.602868670,5187380,6
8.602868670,5188819,1439
8.605279919,5188840,21
8.605279919,5190264,1424
8.607600916,5190300,36
8.607600916,5191709,1409
8.609921913,5191760,51
8.609921913,5193154,1394
8.612242910,5193220,66
8.612242910,5194598,1378
8.614563907,5194680,82
8.614563907,5196042,1362
8.616975556,5196140,98
8.616975556,5197486,1346
8.619303674,5197600,114
8.619303674,5198930,1330
8.621624671,5199060,130
8.621624671,5200374,1314
8.623945668,5200520,146
8.623945668,5201818,1298
8.626266665,5201980,162
8.626266665,5203262,1282
8.628587662,5203440,178
8.628587662,5204706,1266
8.630998911,5204900,194
8.630998911,5206150,1250
8.633319908,5206360,210
8.633319908,5207594,1234
8.635640905,5207820,226
8.635640905,5209038,1218
8.637961902,5209280,242
8.637961902,5210482,1202
8.640283299,5210740,258
8.640283299,5211926,1186
8.642611417,5212200,274
8.642611417,5213370,1170
8.644932414,5213660,290
8.644932414,5214814,1154
8.647253411,5215120,306
8.647253411,5216258,1138
8.649664660,5216580,322
8.649664660,5217702,1122
8.651985657,5218040,338
8.651985657,5219146,1106
8.654109605,5219500,354
8.654109605,5220590,1090
8.656233553,5220960,370
8.656233553,5222034,1074
8.658357501,5222420,386
8.658357501,5223478,1058
8.660564439,5223880,402
8.660564439,5224922,1042
8.662694870,5225340,418
8.662694870,5226366,1026
8.664818818,5226800,434
8.664818818,5227810,1010
8.666942766,5228260,450
8.666942766,5229254,994
8.669066714,5229720,466
8.669066714,5230698,978
8.671190662,5231180,482
8.671190662,5232142,962
8.673314610,5232640,498
8.673314610,5233586,946
8.675438558,5234100,514
8.675438558,5235030,930
8.677645096,5235560,530
8.677645096,5236474,914
8.679769044,5237020,546
8.679769044,5237918,898
8.681893392,5238480,562
8.681893392,5239362,882
8.684023823,5239940,578
8.684023823,5240806,866
8.686147771,5241400,594
8.686147771,5242250,850
8.687191650,5242860,610
8.687191650,5242880,20
