1.052	0	0	0	0	
1.1541	0	1200	1200	0	
1.15588	0	2400	2400	0	
1.15801	1	0	0	0	
1.16017	1	1456	1456	0	
1.16017	1	1460	1460	0	
1.16456	1	2905	2905	0	
1.16456	1	2920	2920	0	
1.17456	1	4354	4354	0	
1.17456	1	4380	4380	0	
1.26699	1	5803	5803	0	
1.26699	1	5840	5840	0	
1.26914	1	7252	7252	0	
1.26914	1	7300	7300	0	
1.27129	1	8701	8701	0	
1.27129	1	8760	8760	0	
1.27343	1	10150	10150	0	
1.27343	1	10220	10220	0	
1.27558	1	11598	11598	0	
1.27558	1	11680	11680	0	
1.27773	1	13046	13046	0	
1.27773	1	13140	13140	0	
1.28699	1	14494	14494	0	
1.28699	1	14600	14600	0	
1.28914	1	15942	15942	0	
1.28914	1	16060	16060	0	
1.37376	1	17390	17390	0	
1.37376	1	17520	17520	0	
1.37596	1	18834	18834	0	
1.37596	1	18980	18980	0	
1.37815	1	20278	20278	0	
1.37815	1	20440	20440	0	
1.38035	1	21722	21722	0	
1.38035	1	21900	21900	0	
1.38254	1	23166	23166	0	
1.38254	1	23360	23360	0	
1.38474	1	24610	24610	0	
1.38474	1	24820	24820	0	
1.38693	1	26054	26054	0	
1.38693	1	26280	26280	0	
1.38912	1	27498	27498	0	
1.38912	1	27740	27740	0	
1.39132	1	28942	28942	0	
1.39132	1	29200	29200	0	
1.39351	1	30386	30386	0	
1.39351	1	30660	30660	0	
1.39571	1	31830	31830	0	
1.39571	1	32120	32120	0	
1.3979	1	33274	33274	0	
1.3979	1	33580	33580	0	
1.40018	1	34718	34718	0	
1.40018	1	35040	35040	0	
1.40237	1	36162	36162	0	
1.40237	1	36500	36500	0	
1.40456	1	37606	37606	0	
1.40456	1	37960	37960	0	
1.40675	1	39050	39050	0	
1.40675	1	39420	39420	0	
1.48078	1	40494	40494	0	
1.48078	1	40880	40880	0	
1.48313	1	41938	41938	0	
1.48313	1	42340	42340	0	
1.48549	1	43382	43382	0	
1.48549	1	43800	43800	0	
1.48784	1	44826	44826	0	
1.48784	1	45260	45260	0	
1.49018	1	46270	46270	0	
1.49018	1	46720	46720	0	
1.49253	1	47714	47714	0	
1.49253	1	48180	48180	0	
1.49488	1	49158	49158	0	
1.49488	1	49640	49640	0	
1.49723	1	50602	50602	0	
1.49723	1	51100	51100	0	
1.49957	1	52046	52046	0	
1.49957	1	52560	52560	0	
1.50192	1	53490	53490	0	
1.50192	1	54020	54020	0	
1.50427	1	54934	54934	0	
1.50427	1	55480	55480	0	
1.50661	1	56378	56378	0	
1.50661	1	56940	56940	0	
1.50896	1	57822	57822	0	
1.50896	1	58400	58400	0	
1.51131	1	59266	59266	0	
1.51131	1	59860	59860	0	
1.51366	1	60710	60710	0	
1.51366	1	61320	61320	0	
1.516	1	62154	62154	0	
1.516	1	62780	62780	0	
1.51835	1	63598	63598	0	
1.51835	1	64240	64240	0	
1.52069	1	65042	65042	0	
1.52069	1	65700	65700	0	
1.52313	1	66486	66486	0	
1.52313	1	67160	67160	0	
1.52547	1	67930	67930	0	
1.52547	1	68620	68620	0	
1.52782	1	69374	69374	0	
1.52782	1	70080	70080	0	
1.53016	1	70818	70818	0	
1.53016	1	71540	71540	0	
1.53251	1	72262	72262	0	
1.53251	1	73000	73000	0	
1.53486	1	73706	73706	0	
1.53486	1	74460	74460	0	
1.53721	1	75150	75150	0	
1.53721	1	75920	75920	0	
1.53955	1	76594	76594	0	
1.53955	1	77380	77380	0	
1.5419	1	78038	78038	0	
1.5419	1	78840	78840	0	
1.54425	1	79482	79482	0	
1.54425	1	80300	80300	0	
1.54668	1	80926	80926	0	
1.54668	1	81760	81760	0	
1.54902	1	82370	82370	0	
1.54902	1	83220	83220	0	
1.55137	1	83814	83814	0	
1.55137	1	84680	84680	0	
1.55354	1	85258	85258	0	
1.55354	1	86140	86140	0	
1.58558	1	86702	86702	0	
1.58558	1	87600	87600	0	
1.58776	1	88146	88146	0	
1.58776	1	89060	89060	0	
1.58993	1	89590	89590	0	
1.58993	1	90520	90520	0	
1.5921	1	91034	91034	0	
1.5921	1	91980	91980	0	
1.59428	1	92478	92478	0	
1.59428	1	93440	93440	0	
1.59645	1	93922	93922	0	
1.59645	1	94900	94900	0	
1.59862	1	95366	95366	0	
1.59862	1	96360	96360	0	
1.60079	1	96810	96810	0	
1.60079	1	97820	97820	0	
1.60297	1	98254	98254	0	
1.60297	1	99280	99280	0	
1.60514	1	99698	99698	0	
1.60514	1	100740	100740	0	
1.6074	1	101142	101142	0	
1.6074	1	102200	102200	0	
1.60957	1	102586	102586	0	
1.60957	1	103660	103660	0	
1.61175	1	104030	104030	0	
1.61175	1	105120	105120	0	
1.61392	1	105474	105474	0	
1.61392	1	106580	106580	0	
1.61609	1	106918	106918	0	
1.61609	1	108040	108040	0	
1.61826	1	108362	108362	0	
1.61826	1	109500	109500	0	
1.62044	1	109806	109806	0	
1.62044	1	110960	110960	0	
1.62261	1	111250	111250	0	
1.62261	1	112420	112420	0	
1.62478	1	112694	112694	0	
1.62478	1	113880	113880	0	
1.62696	1	114138	114138	0	
1.62696	1	115340	115340	0	
1.62913	1	115582	115582	0	
1.62913	1	116800	116800	0	
1.63131	1	117026	117026	0	
1.63131	1	118260	118260	0	
1.63356	1	118470	118470	0	
1.63356	1	119720	119720	0	
1.63574	1	119914	119914	0	
1.63574	1	121180	121180	0	
1.63791	1	121358	121358	0	
1.63791	1	122640	122640	0	
1.64008	1	122802	122802	0	
1.64008	1	124100	124100	0	
1.64225	1	124246	124246	0	
1.64225	1	125560	125560	0	
1.64443	1	125690	125690	0	
1.64443	1	127020	127020	0	
1.6466	1	127134	127134	0	
1.6466	1	128480	128480	0	
1.64877	1	128578	128578	0	
1.64877	1	129940	129940	0	
1.65095	1	130022	130022	0	
1.65095	1	131400	131400	0	
1.65318	1	131466	131466	0	
1.65318	1	132860	132860	0	
1.6554	1	132910	132910	0	
1.6554	1	134320	134320	0	
1.65762	1	134354	134354	0	
1.65762	1	135780	135780	0	
1.65992	1	135798	135798	0	
1.65992	1	137240	137240	0	
1.66215	1	137242	137242	0	
1.66437	1	138694	138694	0	
1.66437	1	138700	138700	0	
1.66659	1	140139	140139	0	
1.66659	1	140160	140160	0	
1.66882	1	141584	141584	0	
1.66882	1	141620	141620	0	
1.67104	1	143029	143029	0	
1.67104	1	143080	143080	0	
1.67326	1	144474	144474	0	
1.67326	1	144540	144540	0	
1.67549	1	145918	145918	0	
1.67549	1	146000	146000	0	
1.67772	1	147362	147362	0	
1.67772	1	147460	147460	0	
1.67994	1	148806	148806	0	
1.67994	1	148920	148920	0	
1.68216	1	150250	150250	0	
1.68216	1	150380	150380	0	
1.68439	1	151694	151694	0	
1.68439	1	151840	151840	0	
1.68661	1	153138	153138	0	
1.68661	1	153300	153300	0	
1.68883	1	154582	154582	0	
1.68883	1	154760	154760	0	
1.69106	1	156026	156026	0	
1.69106	1	156220	156220	0	
1.69328	1	157470	157470	0	
1.69328	1	157680	157680	0	
1.69559	1	158914	158914	0	
1.69559	1	159140	159140	0	
1.69782	1	160358	160358	0	
1.69782	1	160600	160600	0	
1.70004	1	161802	161802	0	
1.70004	1	162060	162060	0	
1.70226	1	163246	163246	0	
1.70226	1	163520	163520	0	
1.70449	1	164690	164690	0	
1.70449	1	164980	164980	0	
1.70671	1	166134	166134	0	
1.70671	1	166440	166440	0	
1.70893	1	167578	167578	0	
1.70893	1	167900	167900	0	
1.71116	1	169022	169022	0	
1.71116	1	169360	169360	0	
1.71338	1	170466	170466	0	
1.71338	1	170820	170820	0	
1.71561	1	171910	171910	0	
1.71561	1	172280	172280	0	
1.71791	1	173354	173354	0	
1.71791	1	173740	173740	0	
1.72014	1	174798	174798	0	
1.72014	1	175200	175200	0	
1.72236	1	176242	176242	0	
1.72236	1	176660	176660	0	
1.72459	1	177686	177686	0	
1.72459	1	178120	178120	0	
1.72689	1	179130	179130	0	
1.72689	1	179580	179580	0	
1.72912	1	180574	180574	0	
1.72912	1	181040	181040	0	
1.73134	1	182018	182018	0	
1.73134	1	182500	182500	0	
1.73356	1	183462	183462	0	
1.73356	1	183960	183960	0	
1.73579	1	184906	184906	0	
1.73579	1	185420	185420	0	
1.73801	1	186350	186350	0	
1.73801	1	186880	186880	0	
1.74023	1	187794	187794	0	
1.74023	1	188340	188340	0	
1.74247	1	189238	189238	0	
1.74247	1	189800	189800	0	
1.74469	1	190682	190682	0	
1.74469	1	191260	191260	0	
1.74691	1	192126	192126	0	
1.74691	1	192720	192720	0	
1.74914	1	193570	193570	0	
1.74914	1	194180	194180	0	
1.75136	1	195014	195014	0	
1.75136	1	195640	195640	0	
1.75391	1	196458	196458	0	
1.75391	1	197100	197100	0	
1.75638	1	197902	197902	0	
1.75638	1	198560	198560	0	
1.75884	1	199346	199346	0	
1.75884	1	200020	200020	0	
1.7613	1	200790	200790	0	
1.7613	1	201480	201480	0	
1.76377	1	202234	202234	0	
1.76377	1	202940	202940	0	
1.76624	1	203678	203678	0	
1.76624	1	204400	204400	0	
1.7687	1	205122	205122	0	
1.7687	1	205860	205860	0	
1.77117	1	206566	206566	0	
1.77117	1	207320	207320	0	
1.77363	1	208010	208010	0	
1.77363	1	208780	208780	0	
1.77609	1	209454	209454	0	
1.77609	1	210240	210240	0	
1.77856	1	210898	210898	0	
1.77856	1	211700	211700	0	
1.78102	1	212342	212342	0	
1.78102	1	213160	213160	0	
1.78348	1	213786	213786	0	
1.78348	1	214620	214620	0	
1.78595	1	215230	215230	0	
1.78595	1	216080	216080	0	
1.78841	1	216674	216674	0	
1.78841	1	217540	217540	0	
1.79088	1	218118	218118	0	
1.79088	1	219000	219000	0	
1.79344	1	219562	219562	0	
1.79344	1	220460	220460	0	
1.7959	1	221006	221006	0	
1.7959	1	221920	221920	0	
1.79837	1	222450	222450	0	
1.79837	1	223380	223380	0	
1.80083	1	223894	223894	0	
1.80083	1	224840	224840	0	
1.80329	1	225338	225338	0	
1.80329	1	226300	226300	0	
1.80576	1	226782	226782	0	
1.80576	1	227760	227760	0	
1.80822	1	228226	228226	0	
1.80822	1	229220	229220	0	
1.81068	1	229670	229670	0	
1.81068	1	230680	230680	0	
1.81315	1	231114	231114	0	
1.81315	1	232140	232140	0	
1.81561	1	232558	232558	0	
1.81561	1	233600	233600	0	
1.81808	1	234002	234002	0	
1.81808	1	235060	235060	0	
1.82055	1	235446	235446	0	
1.82055	1	236520	236520	0	
1.8231	1	236890	236890	0	
1.8231	1	237980	237980	0	
1.82556	1	238334	238334	0	
1.82556	1	239440	239440	0	
1.82803	1	239778	239778	0	
1.82803	1	240900	240900	0	
1.83049	1	241222	241222	0	
1.83049	1	242360	242360	0	
1.83295	1	242666	242666	0	
1.83295	1	243820	243820	0	
1.83542	1	244110	244110	0	
1.83542	1	245280	245280	0	
1.83788	1	245554	245554	0	
1.83788	1	246740	246740	0	
1.84035	1	246998	246998	0	
1.84035	1	248200	248200	0	
1.84282	1	248442	248442	0	
1.84282	1	249660	249660	0	
1.84528	1	249886	249886	0	
1.84528	1	251120	251120	0	
1.84784	1	251330	251330	0	
1.84784	1	252580	252580	0	
1.8503	1	252774	252774	0	
1.8503	1	254040	254040	0	
1.85256	1	254218	254218	0	
1.85256	1	255500	255500	0	
1.85483	1	255662	255662	0	
1.85483	1	256960	256960	0	
1.85709	1	257106	257106	0	
1.85709	1	258420	258420	0	
1.85935	1	258550	258550	0	
1.85935	1	259880	259880	0	
1.86162	1	259994	259994	0	
1.86162	1	261340	261340	0	
1.86388	1	261438	261438	0	
1.86388	1	262800	262800	0	
1.86615	1	262882	262882	0	
1.86615	1	264260	264260	0	
1.86842	1	264326	264326	0	
1.86842	1	265720	265720	0	
1.87068	1	265770	265770	0	
1.87068	1	267180	267180	0	
1.87299	1	267214	267214	0	
1.87299	1	268640	268640	0	
1.8752	1	268658	268658	0	
1.8752	1	270100	270100	0	
1.87797	1	270102	270102	0	
1.88198	1	271554	271554	0	
1.88198	1	271560	271560	0	
1.88649	1	272999	272999	0	
1.88649	1	273020	273020	0	
1.89015	1	274444	275889	0	
1.89015	1	274444	275940	51	
1.89245	1	274444	277334	1445	
1.89245	1	274444	277400	1511	
1.89466	1	274444	278778	2889	
1.89466	1	274444	278860	2971	
1.89723	1	274444	280222	4333	
1.89723	1	274444	280320	4431	
1.89944	1	274444	281666	5777	
1.89944	1	274444	281780	5891	
1.90165	1	274444	283110	7221	
1.90165	1	274444	283240	7351	
1.90386	1	274444	284554	8665	
1.90386	1	274444	284700	8811	
1.90607	1	274444	285998	10109	
1.90607	1	274444	286160	10271	
1.90827	1	274444	287442	11553	
1.90827	1	274444	287620	11731	
1.91048	1	274444	288886	12997	
1.91048	1	274444	289080	13191	
1.91269	1	274444	290330	14441	
1.91269	1	274444	290540	14651	
1.91499	1	274444	291774	15885	
1.91499	1	274444	292000	16111	
1.9172	1	274444	293218	17329	
1.9172	1	274444	293460	17571	
1.91941	1	274444	294662	18773	
1.91941	1	274444	294920	19031	
1.92161	1	274444	296106	20217	
1.92161	1	274444	296380	20491	
1.92382	1	274444	297550	21661	
1.92382	1	274444	297840	21951	
1.92603	1	274444	298994	23105	
1.92603	1	274444	299300	23411	
1.92824	1	274444	300438	24549	
1.92824	1	274444	300760	24871	
1.93045	1	274444	301882	25993	
1.93045	1	274444	302220	26331	
1.93265	1	274444	303326	27437	
1.93265	1	274444	303680	27791	
1.93486	1	274444	304770	28881	
1.93486	1	274444	305140	29251	
1.93707	1	274444	306214	30325	
1.93707	1	274444	306600	30711	
1.93928	1	274444	307658	31769	
1.93928	1	274444	308060	32171	
1.94148	1	274444	309102	33213	
1.94148	1	274444	309520	33631	
1.94369	1	274444	310546	34657	
1.94369	1	274444	310980	35091	
1.9459	1	274444	311990	36101	
1.9459	1	274444	312440	36551	
1.94811	1	274444	313434	37545	
1.94811	1	274444	313900	38011	
1.95032	1	274444	314878	38989	
1.95032	1	274444	315360	39471	
1.95259	1	274444	316322	40433	
1.95259	1	274444	316820	40931	
1.95494	1	274444	317766	41877	
1.95494	1	274444	318280	42391	
1.95721	1	274444	319210	43321	
1.95721	1	274444	319740	43851	
1.95948	1	274444	320654	44765	
1.95948	1	274444	321200	45311	
1.96175	1	274444	322098	46209	
1.96175	1	274444	322660	46771	
1.96402	1	274444	323542	47653	
1.96402	1	274444	324120	48231	
1.96629	1	274444	324986	49097	
1.96629	1	274444	325580	49691	
1.96856	1	274444	326430	50541	
1.96856	1	274444	327040	51151	
1.97083	1	274444	327874	51985	
1.97083	1	274444	328500	52611	
1.9731	1	274444	329318	53429	
1.9731	1	274444	329960	54071	
1.97537	1	274444	330762	54873	
1.97537	1	274444	331420	55531	
1.97772	1	274444	332206	56317	
1.97772	1	274444	332880	56991	
1.97999	1	274444	333650	57761	
1.97999	1	274444	334340	58451	
1.98226	1	274444	335094	59205	
1.98226	1	274444	335800	59911	
1.98453	1	274444	336538	60649	
1.98453	1	274444	337260	61371	
1.9868	1	274444	337982	62093	
1.9868	1	274444	338720	62831	
1.98907	1	274444	339426	63537	
1.98907	1	274444	340180	64291	
1.99134	1	274444	340870	64981	
1.99134	1	274444	341640	65751	
1.99361	1	274444	342314	66425	
1.99361	1	274444	343100	67211	
1.99588	1	274444	343758	67869	
1.99588	1	274444	344560	68671	
1.99814	1	274444	345202	69313	
1.99814	1	274444	346020	70131	
2.00041	1	274444	346646	70757	
2.00041	1	274444	347480	71591	
2.00268	1	274444	348090	72201	
2.00268	1	274444	348940	73051	
2.00504	1	274444	349534	73645	
2.00504	1	274444	350400	74511	
2.00731	1	274444	350978	75089	
2.00731	1	274444	351860	75971	
2.00958	1	274444	352422	76533	
2.00958	1	274444	353320	77431	
2.01185	1	274444	353866	77977	
2.01185	1	274444	354780	78891	
2.01412	1	274444	355310	79421	
2.01412	1	274444	356240	80351	
2.01639	1	274444	356754	80865	
2.01639	1	274444	357700	81811	
2.01872	1	274444	358198	82309	
2.01872	1	274444	359160	83271	
2.02105	1	274444	359642	83753	
2.02105	1	274444	360620	84731	
2.02338	1	274444	361086	85197	
2.02338	1	274444	362080	86191	
2.02572	1	274444	362530	86641	
2.02572	1	274444	363540	87651	
2.02811	1	274444	363974	88085	
2.02811	1	274444	365000	89111	
2.03038	1	274444	365418	89529	
2.03038	1	274444	366460	90571	
2.03265	1	274444	366862	90973	
2.03265	1	274444	367920	92031	
2.03492	1	274444	368306	92417	
2.03492	1	274444	369380	93491	
2.03728	1	274444	369750	93861	
2.03728	1	274444	370840	94951	
2.03955	1	274444	371194	95305	
2.03955	1	274444	372300	96411	
2.04181	1	274444	372638	96749	
2.04181	1	274444	373760	97871	
2.04408	1	274444	374082	98193	
2.04408	1	274444	375220	99331	
2.04635	1	274444	375526	99637	
2.04635	1	274444	376680	100791	
2.04862	1	274444	376970	101081	
2.04862	1	274444	378140	102251	
2.05089	1	274444	378414	102525	
2.05089	1	274444	379600	103711	
2.0532	1	274444	379858	103969	
2.0532	1	274444	381060	105171	
2.05551	1	274444	381302	105413	
2.05551	1	274444	382520	106631	
2.05782	1	274444	382746	106857	
2.05782	1	274444	383980	108091	
2.06013	1	274444	384190	108301	
2.06013	1	274444	385440	109551	
2.06245	1	274444	385634	109745	
2.06245	1	274444	386900	111011	
2.06485	1	274444	387078	111189	
2.06485	1	274444	388360	112471	
2.06716	1	274444	388522	112633	
2.06716	1	274444	389820	113931	
2.06947	1	274444	389966	114077	
2.06947	1	274444	391280	115391	
2.07178	1	274444	391410	115521	
2.07178	1	274444	392740	116851	
2.07409	1	274444	392854	116965	
2.07409	1	274444	394200	118311	
2.0764	1	274444	394298	118409	
2.0764	1	274444	395660	119771	
2.07871	1	274444	395742	119853	
2.07871	1	274444	397120	121231	
2.08141	1	274444	397186	121297	
2.08141	1	274444	398580	122691	
2.08372	1	274444	398630	122741	
2.08372	1	274444	400040	124151	
2.09093	1	274444	402962	124185	
2.09332	1	274444	404414	125637	
2.09332	1	274444	404420	125643	
2.09563	1	274444	405859	127082	
2.09563	1	274444	405880	127103	
2.09794	1	274444	407304	128527	
2.09794	1	274444	407340	128563	
2.10025	1	274444	408749	129972	
2.10025	1	274444	408800	130023	
2.10266	1	274444	410194	131417	
2.10266	1	274444	410260	131483	
2.10497	1	274444	411638	132861	
2.10497	1	274444	411720	132943	
2.10728	1	274444	413082	134305	
2.10728	1	274444	413180	134403	
2.10959	1	274444	414526	135749	
2.10959	1	274444	414640	135863	
2.1119	1	274444	415970	137193	
2.1119	1	274444	416100	137323	
2.11421	1	274444	417414	138637	
2.11421	1	274444	417560	138783	
2.11652	1	274444	418858	140081	
2.11652	1	274444	419020	140243	
2.11883	1	274444	420302	141525	
2.11883	1	274444	420480	141703	
2.12114	1	274444	421746	142969	
2.12114	1	274444	421940	143163	
2.12345	1	274444	423190	144413	
2.12345	1	274444	423400	144623	
2.12577	1	274444	424634	145857	
2.12577	1	274444	424860	146083	
2.12808	1	274444	426078	147301	
2.12808	1	274444	426320	147543	
2.13048	1	274444	427522	148745	
2.13048	1	274444	427780	149003	
2.13279	1	274444	428966	150189	
2.13279	1	274444	429240	150463	
2.1351	1	274444	430410	151633	
2.1351	1	274444	430700	151923	
2.13741	1	274444	433298	153077	
2.13741	1	274444	433620	153399	
2.13972	1	274444	434742	154521	
2.13972	1	274444	435080	154859	
2.14203	1	274444	436186	155965	
2.14203	1	274444	436540	156319	
2.14434	1	274444	437630	157409	
2.14434	1	274444	438000	157779	
2.14665	1	274444	439074	158853	
2.14665	1	274444	439460	159239	
2.14896	1	274444	440518	160297	
2.14896	1	274444	440920	160699	
2.15127	1	274444	441962	161741	
2.15127	1	274444	442380	162159	
2.15337	1	274444	443406	163185	
2.15337	1	274444	443840	163619	
2.15555	1	274444	444850	164629	
2.15555	1	274444	445300	165079	
2.15765	1	274444	446294	166073	
2.15765	1	274444	446760	166539	
2.15975	1	274444	447738	167517	
2.15975	1	274444	448220	167999	
2.16185	1	274444	449182	168961	
2.16185	1	274444	449680	169459	
2.16394	1	274444	450626	170405	
2.16394	1	274444	451140	170919	
2.16604	1	274444	452070	171849	
2.16604	1	274444	452600	172379	
2.16814	1	274444	453514	173293	
2.16814	1	274444	454060	173839	
2.17024	1	274444	454958	174737	
2.17024	1	274444	455520	175299	
2.17233	1	274444	456402	176181	
2.17233	1	274444	456980	176759	
2.17443	1	274444	457846	177625	
2.17443	1	274444	458440	178219	
2.17653	1	274444	459290	179069	
2.17653	1	274444	459900	179679	
2.17863	1	274444	460734	180513	
2.17863	1	274444	461360	181139	
2.18073	1	274444	462178	181957	
2.18073	1	274444	462820	182599	
2.18282	1	274444	463622	183401	
2.18282	1	274444	464280	184059	
2.18492	1	274444	465066	184845	
2.18492	1	274444	465740	185519	
2.18702	1	274444	466510	186289	
2.18702	1	274444	467200	186979	
2.1892	1	274444	467954	187733	
2.1892	1	274444	468660	188439	
2.1913	1	274444	469398	189177	
2.1913	1	274444	470120	189899	
2.1934	1	274444	470842	190621	
2.1934	1	274444	471580	191359	
2.19549	1	274444	472286	192065	
2.19549	1	274444	473040	192819	
2.19759	1	274444	473730	193509	
2.19759	1	274444	474500	194279	
2.19969	1	274444	475174	194953	
2.19969	1	274444	475960	195739	
2.20179	1	274444	476618	196397	
2.20179	1	274444	477420	197199	
2.20388	1	274444	478062	197841	
2.20388	1	274444	478880	198659	
2.20598	1	274444	479506	199285	
2.20598	1	274444	480340	200119	
2.20808	1	274444	480950	200729	
2.20808	1	274444	481800	201579	
2.21026	1	274444	482394	202173	
2.21026	1	274444	483260	203039	
2.21236	1	274444	483838	203617	
2.21236	1	274444	484720	204499	
2.21446	1	274444	485282	205061	
2.21446	1	274444	486180	205959	
2.21655	1	274444	486726	206505	
2.21655	1	274444	487640	207419	
2.21865	1	274444	488170	207949	
2.21865	1	274444	489100	208879	
2.22075	1	274444	489614	209393	
2.22075	1	274444	490560	210339	
2.22285	1	274444	491058	210837	
2.22285	1	274444	492020	211799	
2.22494	1	274444	492502	212281	
2.22494	1	274444	493480	213259	
2.22704	1	274444	493946	213725	
2.22704	1	274444	494940	214719	
2.22914	1	274444	495390	215169	
2.22914	1	274444	496400	216179	
2.23124	1	274444	496834	216613	
2.23124	1	274444	497860	217639	
2.23334	1	274444	498278	218057	
2.23334	1	274444	499320	219099	
2.23543	1	274444	499722	219501	
2.23543	1	274444	500780	220559	
2.23753	1	274444	501166	220945	
2.23753	1	274444	502240	222019	
2.23963	1	274444	502610	222389	
2.23963	1	274444	503700	223479	
2.24173	1	274444	504054	223833	
2.24173	1	274444	505160	224939	
2.24382	1	274444	505498	225277	
2.24382	1	274444	506620	226399	
2.24592	1	274444	506942	226721	
2.24592	1	274444	508080	227859	
2.2481	1	274444	508386	228165	
2.2481	1	274444	509540	229319	
2.2502	1	274444	509830	229609	
2.2502	1	274444	511000	230779	
2.25252	1	274444	511274	231053	
2.25252	1	274444	512460	232239	
2.25484	1	274444	512718	232497	
2.25484	1	274444	513920	233699	
2.25715	1	274444	514162	233941	
2.25715	1	274444	515380	235159	
2.25947	1	274444	515606	235385	
2.25947	1	274444	516840	236619	
2.26179	1	274444	517050	236829	
2.26179	1	274444	518300	238079	
2.26411	1	274444	518494	238273	
2.26411	1	274444	519760	239539	
2.26643	1	274444	519938	239717	
2.26643	1	274444	521220	240999	
2.26874	1	274444	521382	241161	
2.26874	1	274444	522680	242459	
2.27115	1	274444	522826	242605	
2.27115	1	274444	524140	243919	
2.27347	1	274444	524270	244049	
2.27347	1	274444	525600	245379	
2.27579	1	274444	525714	245493	
2.27579	1	274444	527060	246839	
2.27811	1	274444	527158	246937	
2.27811	1	274444	528520	248299	
2.28043	1	274444	528602	248381	
2.28043	1	274444	529980	249759	
2.28274	1	274444	530046	249825	
2.28274	1	274444	531440	251219	
2.28506	1	274444	531490	251269	
2.28506	1	274444	532900	252679	
2.28738	1	274444	532934	252713	
2.28738	1	274444	534360	254139	
2.2897	1	274444	534378	254157	
2.2897	1	274444	535820	255599	
2.29201	1	274444	535822	255601	
2.29433	1	274444	537274	257053	
2.29433	1	274444	537280	257059	
2.29665	1	274444	538719	258498	
2.29665	1	274444	538740	258519	
2.29906	1	274444	540164	259943	
2.29906	1	274444	540200	259979	
2.30138	1	274444	541609	261388	
2.30138	1	274444	541660	261439	
2.3037	1	274444	543054	262833	
2.3037	1	274444	543120	262899	
2.30601	1	274444	544498	264277	
2.30601	1	274444	544580	264359	
2.30833	1	274444	545942	265721	
2.30833	1	274444	546040	265819	
2.31065	1	274444	547386	267165	
2.31065	1	274444	547500	267279	
2.31297	1	274444	548830	268609	
2.31297	1	274444	548960	268739	
2.31528	1	274444	550274	270053	
2.31528	1	274444	550420	270199	
2.3176	1	274444	551718	271497	
2.3176	1	274444	551880	271659	
2.31992	1	274444	553162	272941	
2.31992	1	274444	553340	273119	
2.32224	1	274444	554606	274385	
2.32224	1	274444	554800	274579	
2.32456	1	274444	274444	275829	
2.32456	1	274480	274480	275829	
2.33022	1	400074	400074	151644	
2.33022	1	401500	401500	151644	
2.33022	1	401518	401518	151644	
2.33022	1	402960	402960	151644	
2.3327	1	431854	556050	122752	
2.3327	1	431854	556260	122962	
2.33508	1	431854	557494	124196	
2.33508	1	431854	557720	124422	
2.33746	1	431854	558938	125640	
2.33746	1	431854	559180	125882	
2.33984	1	431854	560382	127084	
2.33984	1	431854	560640	127342	
2.34222	1	431854	561826	128528	
2.34222	1	431854	562100	128802	
2.34469	1	431854	563270	129972	
2.34469	1	431854	563560	130262	
2.34708	1	431854	564714	131416	
2.34708	1	431854	565020	131722	
2.34946	1	431854	566158	132860	
2.34946	1	431854	566480	133182	
2.35184	1	431854	431854	134304	
2.35184	1	432160	432160	134304	
2.35403	1	567602	567602	0	
2.35403	1	567940	567940	0	
2.3562	1	569046	569046	0	
2.3562	1	569400	569400	0	
2.35837	1	570490	570490	0	
2.35837	1	570860	570860	0	
2.36054	1	571934	571934	0	
2.36054	1	572320	572320	0	
2.36271	1	573378	573378	0	
2.36271	1	573780	573780	0	
2.36488	1	574822	574822	0	
2.36488	1	575240	575240	0	
2.36713	1	576266	576266	0	
2.36713	1	576700	576700	0	
2.3693	1	577710	577710	0	
2.3693	1	578160	578160	0	
2.37147	1	579154	579154	0	
2.37147	1	579620	579620	0	
2.37364	1	580598	580598	0	
2.37364	1	581080	581080	0	
2.37582	1	582042	582042	0	
2.37582	1	582540	582540	0	
2.37799	1	583486	583486	0	
2.37799	1	584000	584000	0	
2.38016	1	584930	584930	0	
2.38016	1	585460	585460	0	
2.38233	1	586374	586374	0	
2.38233	1	586920	586920	0	
2.38458	1	587818	587818	0	
2.38458	1	588380	588380	0	
2.38675	1	589262	589262	0	
2.38675	1	589840	589840	0	
2.38892	1	590706	590706	0	
2.38892	1	591300	591300	0	
2.39109	1	592150	592150	0	
2.39109	1	592760	592760	0	
2.39326	1	593594	593594	0	
2.39326	1	594220	594220	0	
2.39543	1	595038	595038	0	
2.39543	1	595680	595680	0	
2.39761	1	596482	596482	0	
2.39761	1	597140	597140	0	
2.39978	1	597926	597926	0	
2.39978	1	598600	598600	0	
2.40195	1	599370	599370	0	
2.40195	1	600060	600060	0	
2.40421	1	600814	600814	0	
2.40421	1	601520	601520	0	
2.40643	1	602258	602258	0	
2.40643	1	602980	602980	0	
2.40872	1	603702	603702	0	
2.40872	1	604440	604440	0	
2.41147	1	605146	605146	0	
2.41147	1	605900	605900	0	
2.41358	1	606590	606590	0	
2.41358	1	607360	607360	0	
2.41569	1	608034	608034	0	
2.41569	1	608820	608820	0	
2.41781	1	609478	609478	0	
2.41781	1	610280	610280	0	
2.41992	1	610922	610922	0	
2.41992	1	611740	611740	0	
2.42212	1	612366	612366	0	
2.42212	1	613200	613200	0	
2.4244	1	613810	613810	0	
2.4244	1	614660	614660	0	
2.42651	1	615254	615254	0	
2.42651	1	616120	616120	0	
2.42863	1	616698	616698	0	
2.42863	1	617580	617580	0	
2.43074	1	618142	618142	0	
2.43074	1	619040	619040	0	
2.43302	1	619586	619586	0	
2.43302	1	620500	620500	0	
2.43514	1	621030	621030	0	
2.43514	1	621960	621960	0	
2.43725	1	622474	622474	0	
2.43725	1	623420	623420	0	
2.43963	1	623918	623918	0	
2.43963	1	624880	624880	0	
2.44192	1	625362	625362	0	
2.44192	1	626340	626340	0	
2.44415	1	626806	626806	0	
2.44415	1	627800	627800	0	
2.44626	1	628250	628250	0	
2.44626	1	629260	629260	0	
2.44837	1	629694	629694	0	
2.44837	1	630720	630720	0	
2.45048	1	631138	631138	0	
2.45048	1	632180	632180	0	
2.45285	1	632582	632582	0	
2.45285	1	633640	633640	0	
2.45504	1	634026	634026	0	
2.45504	1	635100	635100	0	
2.45723	1	635470	635470	0	
2.45723	1	636560	636560	0	
2.45969	1	636914	636914	0	
2.45969	1	638020	638020	0	
2.46188	1	638358	638358	0	
2.46188	1	639480	639480	0	
2.46406	1	639802	639802	0	
2.46406	1	640940	640940	0	
2.46643	1	641246	641246	0	
2.46643	1	642400	642400	0	
2.46862	1	642690	642690	0	
2.46862	1	643860	643860	0	
2.47081	1	644134	644134	0	
2.47081	1	645320	645320	0	
2.47312	1	645578	645578	0	
2.47312	1	646780	646780	0	
2.4753	1	647022	647022	0	
2.4753	1	648240	648240	0	
2.47758	1	648466	648466	0	
2.47758	1	649700	649700	0	
2.47995	1	649910	649910	0	
2.47995	1	651160	651160	0	
2.48213	1	651354	651354	0	
2.48213	1	652620	652620	0	
2.48432	1	652798	652798	0	
2.48432	1	654080	654080	0	
2.48651	1	654242	654242	0	
2.48651	1	655540	655540	0	
2.48888	1	655686	655686	0	
2.48888	1	657000	657000	0	
2.49107	1	657130	657130	0	
2.49107	1	658460	658460	0	
2.49326	1	658574	658574	0	
2.49326	1	659920	659920	0	
2.49583	1	660018	661462	0	
2.49583	1	660018	662840	1378	
2.49802	1	660018	662906	1444	
2.49802	1	660018	664300	2838	
2.50021	1	660018	664350	2888	
2.50021	1	660018	665760	4298	
2.5024	1	660018	665794	4332	
2.5024	1	660018	667220	5758	
2.50458	1	660018	667238	5776	
2.50458	1	660018	668680	7218	
2.50677	1	660018	668682	7220	
2.50902	1	660018	670134	8672	
2.50902	1	660018	670140	8678	
2.51127	1	660018	671579	10117	
2.51127	1	660018	671600	10138	
2.5136	1	660018	673024	11562	
2.5136	1	660018	673060	11598	
2.51579	1	660018	674469	13007	
2.51579	1	660018	674520	13058	
2.51798	1	660018	675914	14452	
2.51798	1	660018	675980	14518	
2.52017	1	660018	677358	15896	
2.52017	1	660018	677440	15978	
2.52236	1	660018	678802	17340	
2.52236	1	660018	678900	17438	
2.52455	1	660018	680246	18784	
2.52455	1	660018	680360	18898	
2.5268	1	660018	681690	20228	
2.5268	1	660018	681820	20358	
2.52905	1	660018	683134	21672	
2.52905	1	660018	683280	21818	
2.53139	1	660018	684578	23116	
2.53139	1	660018	684740	23278	
2.53363	1	660018	686022	24560	
2.53363	1	660018	686200	24738	
2.53594	1	660018	687466	26004	
2.53594	1	660018	687660	26198	
2.53813	1	660018	688910	27448	
2.53813	1	660018	689120	27658	
2.54038	1	660018	690354	28892	
2.54038	1	660018	690580	29118	
2.54284	1	660018	691798	30336	
2.54284	1	660018	692040	30578	
2.54503	1	660018	693242	31780	
2.54503	1	660018	693500	32038	
2.5473	1	660018	694686	33224	
2.5473	1	660018	694960	33498	
2.54955	1	660018	696130	34668	
2.54955	1	660018	696420	34958	
2.5518	1	660018	697574	36112	
2.5518	1	660018	697880	36418	
2.55402	1	660018	699018	37556	
2.55402	1	660018	699340	37878	
2.55624	1	660018	700462	39000	
2.55624	1	660018	700800	39338	
2.55846	1	660018	701906	40444	
2.55846	1	660018	702260	40798	
2.56068	1	660018	703350	41888	
2.56068	1	660018	703720	42258	
2.56289	1	660018	704794	43332	
2.56289	1	660018	705180	43718	
2.5652	1	660018	706238	44776	
2.5652	1	660018	706640	45178	
2.56743	1	660018	707682	46220	
2.56743	1	660018	708100	46638	
2.56964	1	660018	709126	47664	
2.56964	1	660018	709560	48098	
2.57195	1	660018	710570	49108	
2.57195	1	660018	711020	49558	
2.57417	1	660018	712014	50552	
2.57417	1	660018	712480	51018	
2.57639	1	660018	713458	51996	
2.57639	1	660018	713940	52478	
2.57861	1	660018	714902	53440	
2.57861	1	660018	715400	53938	
2.58082	1	660018	716346	54884	
2.58082	1	660018	716860	55398	
2.58304	1	660018	717790	56328	
2.58304	1	660018	718320	56858	
2.58526	1	660018	719234	57772	
2.58526	1	660018	719780	58318	
2.58748	1	660018	720678	59216	
2.58748	1	660018	721240	59778	
2.58979	1	660018	722122	60660	
2.58979	1	660018	722700	61238	
2.59201	1	660018	723566	62104	
2.59201	1	660018	724160	62698	
2.59423	1	660018	725010	63548	
2.59423	1	660018	725620	64158	
2.59645	1	660018	726454	64992	
2.59645	1	660018	727080	65618	
2.59872	1	660018	727898	66436	
2.59872	1	660018	728540	67078	
2.60097	1	660018	729342	67880	
2.60097	1	660018	730000	68538	
2.60331	1	660018	730786	69324	
2.60331	1	660018	731460	69998	
2.60547	1	660018	732230	70768	
2.60547	1	660018	732920	71458	
2.60763	1	660018	733674	72212	
2.60763	1	660018	734380	72918	
2.60986	1	660018	735118	73656	
2.60986	1	660018	735840	74378	
2.61208	1	660018	736562	75100	
2.61208	1	660018	737300	75838	
2.6145	1	660018	738006	76544	
2.6145	1	660018	738760	77298	
2.61665	1	660018	739450	77988	
2.61665	1	660018	740220	78758	
2.61882	1	660018	740894	79432	
2.61882	1	660018	741680	80218	
2.62115	1	660018	742338	80876	
2.62115	1	660018	743140	81678	
2.62331	1	660018	743782	82320	
2.62331	1	660018	744600	83138	
2.62577	1	660018	745226	83764	
2.62577	1	660018	746060	84598	
2.62793	1	660018	746670	85208	
2.62793	1	660018	747520	86058	
2.63027	1	660018	748114	86652	
2.63027	1	660018	748980	87518	
2.63269	1	660018	749558	88096	
2.63269	1	660018	750440	88978	
2.63498	1	660018	751002	89540	
2.63498	1	660018	751900	90438	
2.63714	1	660018	752446	90984	
2.63714	1	660018	753360	91898	
2.6393	1	660018	753890	92428	
2.6393	1	660018	754820	93358	
2.64146	1	660018	755334	93872	
2.64146	1	660018	756280	94818	
2.6437	1	660018	756778	95316	
2.6437	1	660018	757740	96278	
2.64604	1	660018	758222	96760	
2.64604	1	660018	759200	97738	
2.6482	1	660018	759666	98204	
2.6482	1	660018	760660	99198	
2.65036	1	660018	761110	99648	
2.65036	1	660018	762120	100658	
2.6527	1	660018	762554	101092	
2.6527	1	660018	763580	102118	
2.65487	1	660018	763998	102536	
2.65487	1	660018	765040	103578	
2.65703	1	660018	765442	103980	
2.65703	1	660018	766500	105038	
2.65938	1	660018	766886	105424	
2.65938	1	660018	767960	106498	
2.66175	1	660018	768330	106868	
2.66175	1	660018	769420	107958	
2.66391	1	660018	769774	108312	
2.66391	1	660018	770880	109418	
2.66608	1	660018	771218	109756	
2.66608	1	660018	772340	110878	
2.66824	1	660018	772662	111200	
2.66824	1	660018	773800	112338	
2.67058	1	660018	774106	112644	
2.67058	1	660018	775260	113798	
2.67275	1	660018	775550	114088	
2.67275	1	660018	776720	115258	
2.675	1	660018	776994	115532	
2.675	1	660018	778180	116718	
2.67734	1	660018	778438	116976	
2.67734	1	660018	779640	118178	
2.67963	1	660018	779882	118420	
2.67963	1	660018	781100	119638	
2.68179	1	660018	781326	119864	
2.68179	1	660018	782560	121098	
2.68396	1	660018	782770	121308	
2.68396	1	660018	784020	122558	
2.68639	1	660018	784214	122752	
2.68639	1	660018	785480	124018	
2.68855	1	660018	785658	124196	
2.68855	1	660018	786940	125478	
2.69071	1	660018	787102	125640	
2.69071	1	660018	788400	126938	
2.69288	1	660018	788546	127084	
2.69288	1	660018	789860	128398	
2.69522	1	660018	789990	128528	
2.69522	1	660018	791320	129858	
2.69738	1	660018	791434	129972	
2.69738	1	660018	792780	131318	
2.69966	1	660018	792878	131416	
2.69966	1	660018	794240	132778	
2.70183	1	660018	794322	132860	
2.70183	1	660018	795700	134238	
2.70408	1	660018	795766	134304	
2.70408	1	660018	797160	135698	
2.70624	1	660018	797210	135748	
2.70624	1	660018	798620	137158	
2.70848	1	660018	798654	137192	
2.70848	1	660018	800080	138618	
2.71065	1	660018	800098	138636	
2.71065	1	660018	801540	140078	
2.71281	1	660018	801542	140080	
2.71498	1	660018	660018	141532	
2.71498	1	661380	661380	141532	
2.71775	1	802994	802994	0	
2.71775	1	803000	803000	0	
2.71997	1	804439	804439	0	
2.71997	1	804460	804460	0	
2.7222	1	805884	805884	0	
2.7222	1	805920	805920	0	
2.72442	1	807329	807329	0	
2.72442	1	807380	807380	0	
2.72665	1	808774	808774	0	
2.72665	1	808840	808840	0	
2.72887	1	810218	810218	0	
2.72887	1	810300	810300	0	
2.7311	1	811662	811662	0	
2.7311	1	811760	811760	0	
2.73332	1	813106	813106	0	
2.73332	1	813220	813220	0	
2.73563	1	814550	814550	0	
2.73563	1	814680	814680	0	
2.73785	1	815994	815994	0	
2.73785	1	816140	816140	0	
2.74008	1	817438	817438	0	
2.74008	1	817600	817600	0	
2.7423	1	818882	818882	0	
2.7423	1	819060	819060	0	
2.74453	1	820326	820326	0	
2.74453	1	820520	820520	0	
2.74675	1	821770	821770	0	
2.74675	1	821980	821980	0	
2.74898	1	823214	823214	0	
2.74898	1	823440	823440	0	
2.75129	1	824658	824658	0	
2.75129	1	824900	824900	0	
2.75353	1	826102	826102	0	
2.75353	1	826360	826360	0	
2.75577	1	827546	827546	0	
2.75577	1	827820	827820	0	
2.75801	1	828990	828990	0	
2.75801	1	829280	829280	0	
2.76025	1	830434	830434	0	
2.76025	1	830740	830740	0	
2.76248	1	831878	831878	0	
2.76248	1	832200	832200	0	
2.76472	1	833322	833322	0	
2.76472	1	833660	833660	0	
2.76696	1	834766	834766	0	
2.76696	1	835120	835120	0	
2.7693	1	836210	836210	0	
2.7693	1	836580	836580	0	
2.77153	1	837654	837654	0	
2.77153	1	838040	838040	0	
2.77377	1	839098	839098	0	
2.77377	1	839500	839500	0	
2.77601	1	840542	840542	0	
2.77601	1	840960	840960	0	
2.77825	1	841986	841986	0	
2.77825	1	842420	842420	0	
2.78049	1	843430	843430	0	
2.78049	1	843880	843880	0	
2.78273	1	844874	844874	0	
2.78273	1	845340	845340	0	
2.78497	1	846318	846318	0	
2.78497	1	846800	846800	0	
2.78729	1	847762	847762	0	
2.78729	1	848260	848260	0	
2.78953	1	849206	849206	0	
2.78953	1	849720	849720	0	
2.79178	1	850650	850650	0	
2.79178	1	851180	851180	0	
2.79402	1	852094	852094	0	
2.79402	1	852640	852640	0	
2.79626	1	853538	853538	0	
2.79626	1	854100	854100	0	
2.7985	1	854982	854982	0	
2.7985	1	855560	855560	0	
2.80074	1	856426	856426	0	
2.80074	1	857020	857020	0	
2.80298	1	857870	857870	0	
2.80298	1	858480	858480	0	
2.8053	1	859314	859314	0	
2.8053	1	859940	859940	0	
2.80754	1	860758	860758	0	
2.80754	1	861400	861400	0	
2.80978	1	862202	862202	0	
2.80978	1	862860	862860	0	
2.81202	1	863646	863646	0	
2.81202	1	864320	864320	0	
2.81426	1	865090	865090	0	
2.81426	1	865780	865780	0	
2.8165	1	866534	866534	0	
2.8165	1	867240	867240	0	
2.81874	1	867978	867978	0	
2.81874	1	868700	868700	0	
2.82098	1	869422	869422	0	
2.82098	1	870160	870160	0	
2.82331	1	870866	870866	0	
2.82331	1	871620	871620	0	
2.82563	1	872310	872310	0	
2.82563	1	873080	873080	0	
2.82787	1	873754	873754	0	
2.82787	1	874540	874540	0	
2.83011	1	875198	875198	0	
2.83011	1	876000	876000	0	
2.83235	1	876642	876642	0	
2.83235	1	877460	877460	0	
2.8346	1	878086	878086	0	
2.8346	1	878920	878920	0	
2.83684	1	879530	879530	0	
2.83684	1	880380	880380	0	
2.83908	1	880974	880974	0	
2.83908	1	881840	881840	0	
2.8414	1	882418	882418	0	
2.8414	1	883300	883300	0	
2.84364	1	883862	883862	0	
2.84364	1	884760	884760	0	
2.84588	1	885306	885306	0	
2.84588	1	886220	886220	0	
2.84812	1	886750	886750	0	
2.84812	1	887680	887680	0	
2.85036	1	888194	888194	0	
2.85036	1	889140	889140	0	
2.85261	1	889638	889638	0	
2.85261	1	890600	890600	0	
2.85479	1	891082	891082	0	
2.85479	1	892060	892060	0	
2.85696	1	892526	892526	0	
2.85696	1	893520	893520	0	
2.85913	1	893970	893970	0	
2.85913	1	894980	894980	0	
2.8613	1	895414	895414	0	
2.8613	1	896440	896440	0	
2.86347	1	896858	896858	0	
2.86347	1	897900	897900	0	
2.86564	1	898302	898302	0	
2.86564	1	899360	899360	0	
2.8678	1	899746	899746	0	
2.8678	1	900820	900820	0	
2.87006	1	901190	901190	0	
2.87006	1	902280	902280	0	
2.87223	1	902634	902634	0	
2.87223	1	903740	903740	0	
2.8744	1	904078	904078	0	
2.8744	1	905200	905200	0	
2.87657	1	905522	905522	0	
2.87657	1	906660	906660	0	
2.87874	1	906966	906966	0	
2.87874	1	908120	908120	0	
2.881	1	908410	908410	0	
2.881	1	909580	909580	0	
2.88317	1	909854	909854	0	
2.88317	1	911040	911040	0	
2.88534	1	911298	911298	0	
2.88534	1	912500	912500	0	
2.88751	1	912742	912742	0	
2.88751	1	913960	913960	0	
2.88967	1	914186	914186	0	
2.88967	1	915420	915420	0	
2.89184	1	915630	915630	0	
2.89184	1	916880	916880	0	
2.89401	1	917074	917074	0	
2.89401	1	918340	918340	0	
2.89627	1	918518	918518	0	
2.89627	1	919800	919800	0	
2.89844	1	919962	919962	0	
2.89844	1	921260	921260	0	
2.90061	1	921406	921406	0	
2.90061	1	922720	922720	0	
2.90278	1	922850	922850	0	
2.90278	1	924180	924180	0	
2.90495	1	924294	924294	0	
2.90495	1	925640	925640	0	
2.90712	1	925738	925738	0	
2.90712	1	927100	927100	0	
2.90929	1	927182	927182	0	
2.90929	1	928560	928560	0	
2.91146	1	928626	928626	0	
2.91146	1	930020	930020	0	
2.91371	1	930070	930070	0	
2.91371	1	931480	931480	0	
2.91588	1	931514	931514	0	
2.91588	1	932940	932940	0	
2.91806	1	932958	932958	0	
2.91806	1	934400	934400	0	
2.92022	1	934402	934402	0	
2.92239	1	935854	935854	0	
2.92239	1	935860	935860	0	
2.92465	1	937299	937299	0	
2.92465	1	937320	937320	0	
2.92682	1	938744	938744	0	
2.92682	1	938780	938780	0	
2.92899	1	940189	940189	0	
2.92899	1	940240	940240	0	
2.93116	1	941634	941634	0	
2.93116	1	941700	941700	0	
2.93333	1	943078	943078	0	
2.93333	1	943160	943160	0	
2.9355	1	944522	944522	0	
2.9355	1	944620	944620	0	
2.93767	1	945966	945966	0	
2.93767	1	946080	946080	0	
2.93993	1	947410	947410	0	
2.93993	1	947540	947540	0	
2.94209	1	948854	948854	0	
2.94209	1	949000	949000	0	
2.94426	1	950298	950298	0	
2.94426	1	950460	950460	0	
2.94643	1	951742	951742	0	
2.94643	1	951920	951920	0	
2.9486	1	953186	953186	0	
2.9486	1	953380	953380	0	
2.95086	1	954630	954630	0	
2.95086	1	954840	954840	0	
2.95301	1	956074	956074	0	
2.95301	1	956300	956300	0	
2.95517	1	957518	957518	0	
2.95517	1	957760	957760	0	
2.95732	1	958962	958962	0	
2.95732	1	959220	959220	0	
2.95948	1	960406	960406	0	
2.95948	1	960680	960680	0	
2.96164	1	961850	961850	0	
2.96164	1	962140	962140	0	
2.96379	1	963294	963294	0	
2.96379	1	963600	963600	0	
2.96595	1	964738	964738	0	
2.96595	1	965060	965060	0	
2.96818	1	966182	966182	0	
2.96818	1	966520	966520	0	
2.97034	1	967626	967626	0	
2.97034	1	967980	967980	0	
2.97249	1	969070	969070	0	
2.97249	1	969440	969440	0	
2.97465	1	970514	970514	0	
2.97465	1	970900	970900	0	
2.9768	1	971958	971958	0	
2.9768	1	972360	972360	0	
2.97905	1	973402	973402	0	
2.97905	1	973820	973820	0	
2.9812	1	974846	974846	0	
2.9812	1	975280	975280	0	
2.98336	1	976290	976290	0	
2.98336	1	976740	976740	0	
2.98551	1	977734	977734	0	
2.98551	1	978200	978200	0	
2.98767	1	979178	979178	0	
2.98767	1	979660	979660	0	
2.98997	1	980622	980622	0	
2.98997	1	981120	981120	0	
2.99212	1	982066	982066	0	
2.99212	1	982580	982580	0	
2.99428	1	983510	983510	0	
2.99428	1	984040	984040	0	
2.99648	1	984954	984954	0	
2.99648	1	985500	985500	0	
2.99863	1	986398	986398	0	
2.99863	1	986960	986960	0	
3.00079	1	987842	987842	0	
3.00079	1	988420	988420	0	
3.00295	1	989286	989286	0	
3.00295	1	989880	989880	0	
3.0051	1	990730	990730	0	
3.0051	1	991340	991340	0	
3.00742	1	992174	992174	0	
3.00742	1	992800	992800	0	
3.00957	1	993618	993618	0	
3.00957	1	994260	994260	0	
3.01172	1	995062	995062	0	
3.01172	1	995720	995720	0	
3.01393	1	996506	996506	0	
3.01393	1	997180	997180	0	
3.01609	1	997950	997950	0	
3.01609	1	998640	998640	0	
3.01824	1	999394	999394	0	
3.01824	1	1000100	1000100	0	
3.02049	1	1000838	1000838	0	
3.02049	1	1001560	1001560	0	
3.02264	1	1002282	1002282	0	
3.02264	1	1003020	1003020	0	
3.02486	1	1003726	1003726	0	
3.02486	1	1004480	1004480	0	
3.02701	1	1005170	1005170	0	
3.02701	1	1005940	1005940	0	
3.02917	1	1006614	1006614	0	
3.02917	1	1007400	1007400	0	
3.03132	1	1008058	1008058	0	
3.03132	1	1008860	1008860	0	
3.03348	1	1009502	1009502	0	
3.03348	1	1010320	1010320	0	
3.03587	1	1010946	1010946	0	
3.03587	1	1011780	1011780	0	
3.03802	1	1012390	1012390	0	
3.03802	1	1013240	1013240	0	
3.04018	1	1013834	1013834	0	
3.04018	1	1014700	1014700	0	
3.04234	1	1015278	1015278	0	
3.04234	1	1016160	1016160	0	
3.04449	1	1016722	1016722	0	
3.04449	1	1017620	1017620	0	
3.04673	1	1018166	1018166	0	
3.04673	1	1019080	1019080	0	
3.04889	1	1019610	1019610	0	
3.04889	1	1020540	1020540	0	
3.05104	1	1021054	1021054	0	
3.05104	1	1022000	1022000	0	
3.05338	1	1022498	1022498	0	
3.05338	1	1023460	1023460	0	
3.05572	1	1023942	1023942	0	
3.05572	1	1024920	1024920	0	
3.05806	1	1025386	1025386	0	
3.05806	1	1026380	1026380	0	
3.0604	1	1026830	1026830	0	
3.0604	1	1027840	1027840	0	
3.06275	1	1028274	1028274	0	
3.06275	1	1029300	1029300	0	
3.06518	1	1029718	1029718	0	
3.06518	1	1030760	1030760	0	
3.06752	1	1031162	1031162	0	
3.06752	1	1032220	1032220	0	
3.06987	1	1032606	1032606	0	
3.06987	1	1033680	1033680	0	
3.07221	1	1034050	1034050	0	
3.07221	1	1035140	1035140	0	
3.07455	1	1035494	1035494	0	
3.07455	1	1036600	1036600	0	
3.07698	1	1036938	1036938	0	
3.07698	1	1038060	1038060	0	
3.07932	1	1038382	1038382	0	
3.07932	1	1039520	1039520	0	
3.08166	1	1039826	1039826	0	
3.08166	1	1040980	1040980	0	
3.084	1	1041270	1041270	0	
3.084	1	1042440	1042440	0	
3.08635	1	1042714	1042714	0	
3.08635	1	1043900	1043900	0	
3.08878	1	1044158	1044158	0	
3.08878	1	1045360	1045360	0	
3.09112	1	1045602	1045602	0	
3.09112	1	1046820	1046820	0	
3.09346	1	1047046	1047046	0	
3.09346	1	1048280	1048280	0	
3.0958	1	1048490	1048490	0	
3.0958	1	1049740	1049740	0	
3.09814	1	1049934	1049934	0	
3.09814	1	1051200	1051200	0	
3.10048	1	1051378	1051378	0	
3.10048	1	1052660	1052660	0	
3.10282	1	1052822	1052822	0	
3.10282	1	1054120	1054120	0	
3.10516	1	1054266	1054266	0	
3.10516	1	1055580	1055580	0	
3.1076	1	1055710	1055710	0	
3.1076	1	1057040	1057040	0	
3.10994	1	1057154	1057154	0	
3.10994	1	1058500	1058500	0	
3.11228	1	1058598	1058598	0	
3.11228	1	1059960	1059960	0	
3.11462	1	1060042	1060042	0	
3.11462	1	1061420	1061420	0	
3.11696	1	1061486	1061486	0	
3.11696	1	1062880	1062880	0	
3.11939	1	1062930	1062930	0	
3.11939	1	1064340	1064340	0	
3.12173	1	1064374	1064374	0	
3.12173	1	1065800	1065800	0	
3.12407	1	1065818	1065818	0	
3.12407	1	1067260	1067260	0	
3.12641	1	1067262	1067262	0	
3.12875	1	1068714	1068714	0	
3.12875	1	1068720	1068720	0	
3.1311	1	1070159	1070159	0	
3.1311	1	1070180	1070180	0	
3.13344	1	1071604	1071604	0	
3.13344	1	1071640	1071640	0	
3.13578	1	1073049	1073049	0	
3.13578	1	1073100	1073100	0	
3.13821	1	1074494	1074494	0	
3.13821	1	1074560	1074560	0	
3.14055	1	1075938	1075938	0	
3.14055	1	1076020	1076020	0	
3.14289	1	1077382	1077382	0	
3.14289	1	1077480	1077480	0	
3.14524	1	1078826	1078826	0	
3.14524	1	1078940	1078940	0	
3.14758	1	1080270	1080270	0	
3.14758	1	1080400	1080400	0	
3.15001	1	1081714	1081714	0	
3.15001	1	1081860	1081860	0	
3.15236	1	1083158	1083158	0	
3.15236	1	1083320	1083320	0	
3.15464	1	1084602	1084602	0	
3.15464	1	1084780	1084780	0	
3.15693	1	1086046	1086046	0	
3.15693	1	1086240	1086240	0	
3.15921	1	1087490	1087490	0	
3.15921	1	1087700	1087700	0	
3.16158	1	1088934	1088934	0	
3.16158	1	1089160	1089160	0	
3.16387	1	1090378	1090378	0	
3.16387	1	1090620	1090620	0	
3.16615	1	1091822	1091822	0	
3.16615	1	1092080	1092080	0	
3.16844	1	1093266	1093266	0	
3.16844	1	1093540	1093540	0	
3.17072	1	1094710	1094710	0	
3.17072	1	1095000	1095000	0	
3.17301	1	1096154	1096154	0	
3.17301	1	1096460	1096460	0	
3.1753	1	1097598	1097598	0	
3.1753	1	1097920	1097920	0	
3.17758	1	1099042	1099042	0	
3.17758	1	1099380	1099380	0	
3.17987	1	1100486	1100486	0	
3.17987	1	1100840	1100840	0	
3.18224	1	1101930	1101930	0	
3.18224	1	1102300	1102300	0	
3.18453	1	1103374	1103374	0	
3.18453	1	1103760	1103760	0	
3.18681	1	1104818	1104818	0	
3.18681	1	1105220	1105220	0	
3.18909	1	1106262	1106262	0	
3.18909	1	1106680	1106680	0	
3.19138	1	1107706	1107706	0	
3.19138	1	1108140	1108140	0	
3.19375	1	1109150	1109150	0	
3.19375	1	1109600	1109600	0	
3.19605	1	1110594	1110594	0	
3.19605	1	1111060	1111060	0	
3.19833	1	1112038	1112038	0	
3.19833	1	1112520	1112520	0	
3.20061	1	1113482	1113482	0	
3.20061	1	1113980	1113980	0	
3.2029	1	1114926	1114926	0	
3.2029	1	1115440	1115440	0	
3.20518	1	1116370	1116370	0	
3.20518	1	1116900	1116900	0	
3.20747	1	1117814	1117814	0	
3.20747	1	1118360	1118360	0	
3.20975	1	1119258	1119258	0	
3.20975	1	1119820	1119820	0	
3.21213	1	1120702	1120702	0	
3.21213	1	1121280	1121280	0	
3.21441	1	1122146	1122146	0	
3.21441	1	1122740	1122740	0	
3.2167	1	1123590	1123590	0	
3.2167	1	1124200	1124200	0	
3.21899	1	1125034	1125034	0	
3.21899	1	1125660	1125660	0	
3.22127	1	1126478	1126478	0	
3.22127	1	1127120	1127120	0	
3.22365	1	1127922	1127922	0	
3.22365	1	1128580	1128580	0	
3.22593	1	1129366	1129366	0	
3.22593	1	1130040	1130040	0	
3.22822	1	1130810	1130810	0	
3.22822	1	1131500	1131500	0	
3.2305	1	1132254	1132254	0	
3.2305	1	1132960	1132960	0	
3.23278	1	1133698	1133698	0	
3.23278	1	1134420	1134420	0	
3.23507	1	1135142	1135142	0	
3.23507	1	1135880	1135880	0	
3.23735	1	1136586	1136586	0	
3.23735	1	1137340	1137340	0	
3.23964	1	1138030	1138030	0	
3.23964	1	1138800	1138800	0	
3.24202	1	1139474	1139474	0	
3.24202	1	1140260	1140260	0	
3.2443	1	1140918	1140918	0	
3.2443	1	1141720	1141720	0	
3.24659	1	1142362	1142362	0	
3.24659	1	1143180	1143180	0	
3.24887	1	1143806	1143806	0	
3.24887	1	1144640	1144640	0	
3.25116	1	1145250	1145250	0	
3.25116	1	1146100	1146100	0	
3.25365	1	1146694	1146694	0	
3.25365	1	1147560	1147560	0	
3.25605	1	1148138	1148138	0	
3.25605	1	1149020	1149020	0	
3.25846	1	1149582	1149582	0	
3.25846	1	1150480	1150480	0	
3.26086	1	1151026	1151026	0	
3.26086	1	1151940	1151940	0	
3.26327	1	1152470	1152470	0	
3.26327	1	1153400	1153400	0	
3.26576	1	1153914	1153914	0	
3.26576	1	1154860	1154860	0	
3.26817	1	1155358	1155358	0	
3.26817	1	1156320	1156320	0	
3.27057	1	1156802	1156802	0	
3.27057	1	1157780	1157780	0	
3.27297	1	1158246	1158246	0	
3.27297	1	1159240	1159240	0	
3.27537	1	1159690	1159690	0	
3.27537	1	1160700	1160700	0	
3.27777	1	1161134	1161134	0	
3.27777	1	1162160	1162160	0	
3.28017	1	1162578	1162578	0	
3.28017	1	1163620	1163620	0	
3.28258	1	1164022	1164022	0	
3.28258	1	1165080	1165080	0	
3.28508	1	1165466	1165466	0	
3.28508	1	1166540	1166540	0	
3.28748	1	1166910	1166910	0	
3.28748	1	1168000	1168000	0	
3.28988	1	1168354	1168354	0	
3.28988	1	1169460	1169460	0	
3.29229	1	1169798	1169798	0	
3.29229	1	1170920	1170920	0	
3.29469	1	1171242	1171242	0	
3.29469	1	1172380	1172380	0	
3.29709	1	1172686	1172686	0	
3.29709	1	1173840	1173840	0	
3.29958	1	1174130	1174130	0	
3.29958	1	1175300	1175300	0	
3.30199	1	1175574	1175574	0	
3.30199	1	1176760	1176760	0	
3.30439	1	1177018	1177018	0	
3.30439	1	1178220	1178220	0	
3.30679	1	1178462	1178462	0	
3.30679	1	1179680	1179680	0	
3.3092	1	1179906	1179906	0	
3.3092	1	1181140	1181140	0	
3.3116	1	1181350	1181350	0	
3.3116	1	1182600	1182600	0	
3.314	1	1182794	1182794	0	
3.314	1	1184060	1184060	0	
3.3165	1	1184238	1184238	0	
3.3165	1	1185520	1185520	0	
3.3189	1	1185682	1185682	0	
3.3189	1	1186980	1186980	0	
3.3213	1	1187126	1187126	0	
3.3213	1	1188440	1188440	0	
3.3237	1	1188570	1188570	0	
3.3237	1	1189900	1189900	0	
3.32611	1	1190014	1190014	0	
3.32611	1	1191360	1191360	0	
3.32851	1	1191458	1191458	0	
3.32851	1	1192820	1192820	0	
3.33101	1	1192902	1192902	0	
3.33101	1	1194280	1194280	0	
3.33341	1	1194346	1194346	0	
3.33341	1	1195740	1195740	0	
3.33581	1	1195790	1195790	0	
3.33581	1	1197200	1197200	0	
3.33821	1	1197234	1197234	0	
3.33821	1	1198660	1198660	0	
3.34061	1	1198678	1198678	0	
3.34061	1	1200120	1200120	0	
3.34301	1	1200122	1200122	0	
3.34542	1	1201574	1201574	0	
3.34542	1	1201580	1201580	0	
3.34791	1	1203019	1203019	0	
3.34791	1	1203040	1203040	0	
3.35031	1	1204464	1204464	0	
3.35031	1	1204500	1204500	0	
3.35237	1	1205909	1205909	0	
3.35237	1	1205960	1205960	0	
3.35444	1	1207354	1207354	0	
3.35444	1	1207420	1207420	0	
3.3565	1	1208798	1208798	0	
3.3565	1	1208880	1208880	0	
3.35856	1	1210242	1210242	0	
3.35856	1	1210340	1210340	0	
3.3607	1	1211686	1211686	0	
3.3607	1	1211800	1211800	0	
3.36276	1	1213130	1213130	0	
3.36276	1	1213260	1213260	0	
3.36482	1	1214574	1214574	0	
3.36482	1	1214720	1214720	0	
3.36688	1	1216018	1216018	0	
3.36688	1	1216180	1216180	0	
3.36894	1	1217462	1217462	0	
3.36894	1	1217640	1217640	0	
3.37109	1	1218906	1218906	0	
3.37109	1	1219100	1219100	0	
3.37315	1	1220350	1220350	0	
3.37315	1	1220560	1220560	0	
3.37521	1	1221794	1221794	0	
3.37521	1	1222020	1222020	0	
3.37727	1	1223238	1223238	0	
3.37727	1	1223480	1223480	0	
3.37933	1	1224682	1224682	0	
3.37933	1	1224940	1224940	0	
3.38139	1	1226126	1226126	0	
3.38139	1	1226400	1226400	0	
3.38346	1	1227570	1227570	0	
3.38346	1	1227860	1227860	0	
3.3856	1	1229014	1229014	0	
3.3856	1	1229320	1229320	0	
3.38766	1	1230458	1230458	0	
3.38766	1	1230780	1230780	0	
3.38972	1	1231902	1231902	0	
3.38972	1	1232240	1232240	0	
3.39178	1	1233346	1233346	0	
3.39178	1	1233700	1233700	0	
3.39384	1	1234790	1234790	0	
3.39384	1	1235160	1235160	0	
3.3959	1	1236234	1236234	0	
3.3959	1	1236620	1236620	0	
3.39805	1	1237678	1237678	0	
3.39805	1	1238080	1238080	0	
3.40011	1	1239122	1239122	0	
3.40011	1	1239540	1239540	0	
3.40217	1	1240566	1240566	0	
3.40217	1	1241000	1241000	0	
3.40423	1	1242010	1242010	0	
3.40423	1	1242460	1242460	0	
3.40629	1	1243454	1243454	0	
3.40629	1	1243920	1243920	0	
3.40835	1	1244898	1244898	0	
3.40835	1	1245380	1245380	0	
3.41041	1	1246342	1246342	0	
3.41041	1	1246840	1246840	0	
3.41256	1	1247786	1247786	0	
3.41256	1	1248300	1248300	0	
3.41462	1	1249230	1249230	0	
3.41462	1	1249760	1249760	0	
3.41668	1	1250674	1250674	0	
3.41668	1	1251220	1251220	0	
3.41874	1	1252118	1252118	0	
3.41874	1	1252680	1252680	0	
3.4208	1	1253562	1253562	0	
3.4208	1	1254140	1254140	0	
3.42286	1	1255006	1255006	0	
3.42286	1	1255600	1255600	0	
3.425	1	1256450	1256450	0	
3.425	1	1257060	1257060	0	
3.42706	1	1257894	1257894	0	
3.42706	1	1258520	1258520	0	
3.42912	1	1259338	1259338	0	
3.42912	1	1259980	1259980	0	
3.43118	1	1260782	1260782	0	
3.43118	1	1261440	1261440	0	
3.43325	1	1262226	1262226	0	
3.43325	1	1262900	1262900	0	
3.43531	1	1263670	1263670	0	
3.43531	1	1264360	1264360	0	
3.43737	1	1265114	1265114	0	
3.43737	1	1265820	1265820	0	
3.44058	1	1266558	1266558	0	
3.44058	1	1267280	1267280	0	
3.44265	1	1268002	1268002	0	
3.44265	1	1268740	1268740	0	
3.44471	1	1269446	1269446	0	
3.44471	1	1270200	1270200	0	
3.44779	1	1270890	1270890	0	
3.44779	1	1271660	1271660	0	
3.44985	1	1272334	1272334	0	
3.44985	1	1273120	1273120	0	
3.45191	1	1273778	1273778	0	
3.45191	1	1274580	1274580	0	
3.45435	1	1275222	1275222	0	
3.45435	1	1276040	1276040	0	
3.4567	1	1276666	1276666	0	
3.4567	1	1277500	1277500	0	
3.45915	1	1278110	1278110	0	
3.45915	1	1278960	1278960	0	
3.4615	1	1279554	1279554	0	
3.4615	1	1280420	1280420	0	
3.46384	1	1280998	1280998	0	
3.46384	1	1281880	1281880	0	
3.46628	1	1282442	1282442	0	
3.46628	1	1283340	1283340	0	
3.46862	1	1283886	1283886	0	
3.46862	1	1284800	1284800	0	
3.47097	1	1285330	1285330	0	
3.47097	1	1286260	1286260	0	
3.47332	1	1286774	1286774	0	
3.47332	1	1287720	1287720	0	
3.47566	1	1288218	1288218	0	
3.47566	1	1289180	1289180	0	
3.47801	1	1289662	1289662	0	
3.47801	1	1290640	1290640	0	
3.48036	1	1291106	1291106	0	
3.48036	1	1292100	1292100	0	
3.4828	1	1292550	1292550	0	
3.4828	1	1293560	1293560	0	
3.48514	1	1293994	1293994	0	
3.48514	1	1295020	1295020	0	
3.48749	1	1295438	1295438	0	
3.48749	1	1296480	1296480	0	
3.48983	1	1296882	1296882	0	
3.48983	1	1297940	1297940	0	
3.49218	1	1298326	1298326	0	
3.49218	1	1299400	1299400	0	
3.49452	1	1299770	1299770	0	
3.49452	1	1300860	1300860	0	
3.49687	1	1301214	1301214	0	
3.49687	1	1302320	1302320	0	
3.49931	1	1302658	1302658	0	
3.49931	1	1303780	1303780	0	
3.50166	1	1304102	1304102	0	
3.50166	1	1305240	1305240	0	
3.50401	1	1305546	1305546	0	
3.50401	1	1306700	1306700	0	
3.50635	1	1306990	1306990	0	
3.50635	1	1308160	1308160	0	
3.5087	1	1308434	1308434	0	
3.5087	1	1309620	1309620	0	
3.51104	1	1309878	1309878	0	
3.51104	1	1311080	1311080	0	
3.51339	1	1311322	1311322	0	
3.51339	1	1312540	1312540	0	
3.51583	1	1312766	1312766	0	
3.51583	1	1314000	1314000	0	
3.51817	1	1314210	1314210	0	
3.51817	1	1315460	1315460	0	
3.52052	1	1315654	1315654	0	
3.52052	1	1316920	1316920	0	
3.52287	1	1317098	1317098	0	
3.52287	1	1318380	1318380	0	
3.52522	1	1318542	1318542	0	
3.52522	1	1319840	1319840	0	
3.52756	1	1319986	1319986	0	
3.52756	1	1321300	1321300	0	
3.53	1	1321430	1321430	0	
3.53	1	1322760	1322760	0	
3.53234	1	1322874	1322874	0	
3.53234	1	1324220	1324220	0	
3.53469	1	1324318	1324318	0	
3.53469	1	1325680	1325680	0	
3.53703	1	1325762	1325762	0	
3.53703	1	1327140	1327140	0	
3.53938	1	1327206	1327206	0	
3.53938	1	1328600	1328600	0	
3.54172	1	1328650	1328650	0	
3.54172	1	1330060	1330060	0	
3.54407	1	1330094	1330094	0	
3.54407	1	1331520	1331520	0	
3.54651	1	1331538	1331538	0	
3.54651	1	1332980	1332980	0	
3.54886	1	1332982	1332982	0	
3.5512	1	1334434	1334434	0	
3.5512	1	1334440	1334440	0	
3.55365	1	1335879	1335879	0	
3.55365	1	1335900	1335900	0	
3.55609	1	1337324	1337324	0	
3.55609	1	1337360	1337360	0	
3.55854	1	1338769	1338769	0	
3.55854	1	1338820	1338820	0	
3.56108	1	1340214	1340214	0	
3.56108	1	1340280	1340280	0	
3.56352	1	1341658	1341658	0	
3.56352	1	1341740	1341740	0	
3.56597	1	1343102	1343102	0	
3.56597	1	1343200	1343200	0	
3.56842	1	1344546	1344546	0	
3.56842	1	1344660	1344660	0	
3.57086	1	1345990	1345990	0	
3.57086	1	1346120	1346120	0	
3.5734	1	1347434	1347434	0	
3.5734	1	1347580	1347580	0	
3.57585	1	1348878	1348878	0	
3.57585	1	1349040	1349040	0	
3.57829	1	1350322	1350322	0	
3.57829	1	1350500	1350500	0	
3.58074	1	1351766	1351766	0	
3.58074	1	1351960	1351960	0	
3.58318	1	1353210	1353210	0	
3.58318	1	1353420	1353420	0	
3.58563	1	1354654	1354654	0	
3.58563	1	1354880	1354880	0	
3.58807	1	1356098	1356098	0	
3.58807	1	1356340	1356340	0	
3.59062	1	1357542	1357542	0	
3.59062	1	1357800	1357800	0	
3.59306	1	1358986	1358986	0	
3.59306	1	1359260	1359260	0	
3.59551	1	1360430	1360430	0	
3.59551	1	1360720	1360720	0	
3.59795	1	1361874	1361874	0	
3.59795	1	1362180	1362180	0	
3.6004	1	1363318	1363318	0	
3.6004	1	1363640	1363640	0	
3.60284	1	1364762	1364762	0	
3.60284	1	1365100	1365100	0	
3.60538	1	1366206	1366206	0	
3.60538	1	1366560	1366560	0	
3.60783	1	1367650	1367650	0	
3.60783	1	1368020	1368020	0	
3.61027	1	1369094	1369094	0	
3.61027	1	1369480	1369480	0	
3.61272	1	1370538	1370538	0	
3.61272	1	1370940	1370940	0	
3.61517	1	1371982	1371982	0	
3.61517	1	1372400	1372400	0	
3.61761	1	1373426	1373426	0	
3.61761	1	1373860	1373860	0	
3.62006	1	1374870	1374870	0	
3.62006	1	1375320	1375320	0	
3.6226	1	1376314	1376314	0	
3.6226	1	1376780	1376780	0	
3.62504	1	1377758	1377758	0	
3.62504	1	1378240	1378240	0	
3.62749	1	1379202	1379202	0	
3.62749	1	1379700	1379700	0	
3.62993	1	1380646	1380646	0	
3.62993	1	1381160	1381160	0	
3.63238	1	1382090	1382090	0	
3.63238	1	1382620	1382620	0	
3.63482	1	1383534	1383534	0	
3.63482	1	1384080	1384080	0	
3.63737	1	1384978	1384978	0	
3.63737	1	1385540	1385540	0	
3.63981	1	1386422	1386422	0	
3.63981	1	1387000	1387000	0	
3.64226	1	1387866	1387866	0	
3.64226	1	1388460	1388460	0	
3.6447	1	1389310	1389310	0	
3.6447	1	1389920	1389920	0	
3.64715	1	1390754	1390754	0	
3.64715	1	1391380	1391380	0	
3.64969	1	1392198	1392198	0	
3.64969	1	1392840	1392840	0	
3.65213	1	1393642	1393642	0	
3.65213	1	1394300	1394300	0	
3.65444	1	1395086	1395086	0	
3.65444	1	1395760	1395760	0	
3.65676	1	1396530	1396530	0	
3.65676	1	1397220	1397220	0	
3.65907	1	1397974	1397974	0	
3.65907	1	1398680	1398680	0	
3.66139	1	1399418	1399418	0	
3.66139	1	1400140	1400140	0	
3.66371	1	1400862	1400862	0	
3.66371	1	1401600	1401600	0	
3.66602	1	1402306	1402306	0	
3.66602	1	1403060	1403060	0	
3.66842	1	1403750	1403750	0	
3.66842	1	1404520	1404520	0	
3.67074	1	1405194	1405194	0	
3.67074	1	1405980	1405980	0	
3.67305	1	1406638	1406638	0	
3.67305	1	1407440	1407440	0	
3.67537	1	1408082	1408082	0	
3.67537	1	1408900	1408900	0	
3.67768	1	1409526	1409526	0	
3.67768	1	1410360	1410360	0	
3.68008	1	1410970	1410970	0	
3.68008	1	1411820	1411820	0	
3.68241	1	1412414	1412414	0	
3.68241	1	1413280	1413280	0	
3.68472	1	1413858	1413858	0	
3.68472	1	1414740	1414740	0	
3.68703	1	1415302	1415302	0	
3.68703	1	1416200	1416200	0	
3.68935	1	1416746	1416746	0	
3.68935	1	1417660	1417660	0	
3.69166	1	1418190	1418190	0	
3.69166	1	1419120	1419120	0	
3.69397	1	1419634	1419634	0	
3.69397	1	1420580	1420580	0	
3.69638	1	1421078	1421078	0	
3.69638	1	1422040	1422040	0	
3.69869	1	1422522	1422522	0	
3.69869	1	1423500	1423500	0	
3.70101	1	1423966	1423966	0	
3.70101	1	1424960	1424960	0	
3.70332	1	1425410	1425410	0	
3.70332	1	1426420	1426420	0	
3.70564	1	1426854	1426854	0	
3.70564	1	1427880	1427880	0	
3.70795	1	1428298	1428298	0	
3.70795	1	1429340	1429340	0	
3.71036	1	1429742	1429742	0	
3.71036	1	1430800	1430800	0	
3.71267	1	1431186	1431186	0	
3.71267	1	1432260	1432260	0	
3.71499	1	1432630	1432630	0	
3.71499	1	1433720	1433720	0	
3.7173	1	1434074	1434074	0	
3.7173	1	1435180	1435180	0	
3.71961	1	1435518	1435518	0	
3.71961	1	1436640	1436640	0	
3.72193	1	1436962	1436962	0	
3.72193	1	1438100	1438100	0	
3.72424	1	1438406	1438406	0	
3.72424	1	1439560	1439560	0	
3.72665	1	1439850	1439850	0	
3.72665	1	1441020	1441020	0	
3.72897	1	1441294	1441294	0	
3.72897	1	1442480	1442480	0	
3.73128	1	1442738	1442738	0	
3.73128	1	1443940	1443940	0	
3.73359	1	1444182	1444182	0	
3.73359	1	1445400	1445400	0	
3.73591	1	1445626	1445626	0	
3.73591	1	1446860	1446860	0	
3.73822	1	1447070	1447070	0	
3.73822	1	1448320	1448320	0	
3.74063	1	1448514	1448514	0	
3.74063	1	1449780	1449780	0	
3.74294	1	1449958	1449958	0	
3.74294	1	1451240	1451240	0	
3.74525	1	1451402	1451402	0	
3.74525	1	1452700	1452700	0	
3.74757	1	1452846	1452846	0	
3.74757	1	1454160	1454160	0	
3.74989	1	1454290	1454290	0	
3.74989	1	1455620	1455620	0	
3.75229	1	1455734	1455734	0	
3.75229	1	1457080	1457080	0	
3.75436	1	1457178	1457178	0	
3.75436	1	1458540	1458540	0	
3.75643	1	1458622	1458622	0	
3.75643	1	1460000	1460000	0	
3.7585	1	1460066	1460066	0	
3.7585	1	1461460	1461460	0	
3.76056	1	1461510	1461510	0	
3.76056	1	1462920	1462920	0	
3.76263	1	1462954	1462954	0	
3.76263	1	1464380	1464380	0	
3.7647	1	1464398	1464398	0	
3.7647	1	1465840	1465840	0	
3.76685	1	1465842	1465842	0	
3.76892	1	1467294	1467294	0	
3.76892	1	1467300	1467300	0	
3.77099	1	1468739	1468739	0	
3.77099	1	1468760	1468760	0	
3.77306	1	1470184	1470184	0	
3.77306	1	1470220	1470220	0	
3.77512	1	1471629	1471629	0	
3.77512	1	1471680	1471680	0	
3.77719	1	1473074	1473074	0	
3.77719	1	1473140	1473140	0	
3.77934	1	1474518	1474518	0	
3.77934	1	1474600	1474600	0	
3.78141	1	1475962	1475962	0	
3.78141	1	1476060	1476060	0	
3.78348	1	1477406	1477406	0	
3.78348	1	1477520	1477520	0	
3.78555	1	1478850	1478850	0	
3.78555	1	1478980	1478980	0	
3.78762	1	1480294	1480294	0	
3.78762	1	1480440	1480440	0	
3.78969	1	1481738	1481738	0	
3.78969	1	1481900	1481900	0	
3.79176	1	1483182	1483182	0	
3.79176	1	1483360	1483360	0	
3.79391	1	1484626	1484626	0	
3.79391	1	1484820	1484820	0	
3.79598	1	1486070	1486070	0	
3.79598	1	1486280	1486280	0	
3.79804	1	1487514	1487514	0	
3.79804	1	1487740	1487740	0	
3.80011	1	1488958	1488958	0	
3.80011	1	1489200	1489200	0	
3.80218	1	1490402	1490402	0	
3.80218	1	1490660	1490660	0	
3.80425	1	1491846	1491846	0	
3.80425	1	1492120	1492120	0	
3.80632	1	1493290	1493290	0	
3.80632	1	1493580	1493580	0	
3.80847	1	1494734	1494734	0	
3.80847	1	1495040	1495040	0	
3.81054	1	1496178	1496178	0	
3.81054	1	1496500	1496500	0	
3.81261	1	1497622	1497622	0	
3.81261	1	1497960	1497960	0	
3.81468	1	1499066	1499066	0	
3.81468	1	1499420	1499420	0	
3.81675	1	1500510	1500510	0	
3.81675	1	1500880	1500880	0	
3.81881	1	1501954	1501954	0	
3.81881	1	1502340	1502340	0	
3.82088	1	1503398	1503398	0	
3.82088	1	1503800	1503800	0	
3.82303	1	1504842	1504842	0	
3.82303	1	1505260	1505260	0	
3.8251	1	1506286	1506286	0	
3.8251	1	1506720	1506720	0	
3.82717	1	1507730	1507730	0	
3.82717	1	1508180	1508180	0	
3.82924	1	1509174	1509174	0	
3.82924	1	1509640	1509640	0	
3.83131	1	1510618	1510618	0	
3.83131	1	1511100	1511100	0	
3.83338	1	1512062	1512062	0	
3.83338	1	1512560	1512560	0	
3.83553	1	1513506	1513506	0	
3.83553	1	1514020	1514020	0	
3.8376	1	1514950	1514950	0	
3.8376	1	1515480	1515480	0	
3.83966	1	1516394	1516394	0	
3.83966	1	1516940	1516940	0	
3.84173	1	1517838	1517838	0	
3.84173	1	1518400	1518400	0	
3.8438	1	1519282	1519282	0	
3.8438	1	1519860	1519860	0	
3.84595	1	1520726	1520726	0	
3.84595	1	1521320	1521320	0	
3.84803	1	1522170	1522170	0	
3.84803	1	1522780	1522780	0	
3.85009	1	1523614	1523614	0	
3.85009	1	1524240	1524240	0	
3.85232	1	1525058	1525058	0	
3.85232	1	1525700	1525700	0	
3.85456	1	1526502	1526502	0	
3.85456	1	1527160	1527160	0	
3.8568	1	1527946	1527946	0	
3.8568	1	1528620	1528620	0	
3.85903	1	1529390	1529390	0	
3.85903	1	1530080	1530080	0	
3.86135	1	1530834	1530834	0	
3.86135	1	1531540	1531540	0	
3.86359	1	1532278	1532278	0	
3.86359	1	1533000	1533000	0	
3.86583	1	1533722	1533722	0	
3.86583	1	1534460	1534460	0	
3.86806	1	1535166	1535166	0	
3.86806	1	1535920	1535920	0	
3.8703	1	1536610	1536610	0	
3.8703	1	1537380	1537380	0	
3.87254	1	1538054	1538054	0	
3.87254	1	1538840	1538840	0	
3.87486	1	1539498	1539498	0	
3.87486	1	1540300	1540300	0	
3.8771	1	1540942	1540942	0	
3.8771	1	1541760	1541760	0	
3.87933	1	1542386	1542386	0	
3.87933	1	1543220	1543220	0	
3.88157	1	1543830	1543830	0	
3.88157	1	1544680	1544680	0	
3.8838	1	1545274	1545274	0	
3.8838	1	1546140	1546140	0	
3.88604	1	1546718	1546718	0	
3.88604	1	1547600	1547600	0	
3.88828	1	1548162	1548162	0	
3.88828	1	1549060	1549060	0	
3.89061	1	1549606	1549606	0	
3.89061	1	1550520	1550520	0	
3.89284	1	1551050	1551050	0	
3.89284	1	1551980	1551980	0	
3.89508	1	1552494	1552494	0	
3.89508	1	1553440	1553440	0	
3.89731	1	1553938	1553938	0	
3.89731	1	1554900	1554900	0	
3.89955	1	1555382	1555382	0	
3.89955	1	1556360	1556360	0	
3.90178	1	1556826	1556826	0	
3.90178	1	1557820	1557820	0	
3.90411	1	1558270	1558270	0	
3.90411	1	1559280	1559280	0	
3.90634	1	1559714	1559714	0	
3.90634	1	1560740	1560740	0	
3.90858	1	1561158	1561158	0	
3.90858	1	1562200	1562200	0	
3.91081	1	1562602	1562602	0	
3.91081	1	1563660	1563660	0	
3.91306	1	1564046	1564046	0	
3.91306	1	1565120	1565120	0	
3.91538	1	1565490	1565490	0	
3.91538	1	1566580	1566580	0	
3.91761	1	1566934	1566934	0	
3.91761	1	1568040	1568040	0	
3.91985	1	1568378	1568378	0	
3.91985	1	1569500	1569500	0	
3.92208	1	1569822	1569822	0	
3.92208	1	1570960	1570960	0	
3.92432	1	1571266	1571266	0	
3.92432	1	1572420	1572420	0	
3.92656	1	1572710	1572710	0	
3.92656	1	1573880	1573880	0	
3.92879	1	1574154	1574154	0	
3.92879	1	1575340	1575340	0	
3.93103	1	1575598	1575598	0	
3.93103	1	1576800	1576800	0	
3.93336	1	1577042	1577042	0	
3.93336	1	1578260	1578260	0	
3.93559	1	1578486	1578486	0	
3.93559	1	1579720	1579720	0	
3.93783	1	1579930	1579930	0	
3.93783	1	1581180	1581180	0	
3.94006	1	1581374	1581374	0	
3.94006	1	1582640	1582640	0	
3.9423	1	1582818	1582818	0	
3.9423	1	1584100	1584100	0	
3.94462	1	1584262	1584262	0	
3.94462	1	1585560	1585560	0	
3.94686	1	1585706	1585706	0	
3.94686	1	1587020	1587020	0	
3.94909	1	1587150	1587150	0	
3.94909	1	1588480	1588480	0	
3.95133	1	1588594	1588594	0	
3.95133	1	1589940	1589940	0	
3.95353	1	1590038	1590038	0	
3.95353	1	1591400	1591400	0	
3.95573	1	1591482	1591482	0	
3.95573	1	1592860	1592860	0	
3.95793	1	1592926	1592926	0	
3.95793	1	1594320	1594320	0	
3.96013	1	1594370	1594370	0	
3.96013	1	1595780	1595780	0	
3.96241	1	1595814	1595814	0	
3.96241	1	1597240	1597240	0	
3.9646	1	1597258	1597258	0	
3.9646	1	1598700	1598700	0	
3.9668	1	1598702	1598702	0	
3.969	1	1600154	1600154	0	
3.969	1	1600160	1600160	0	
3.9712	1	1601599	1601599	0	
3.9712	1	1601620	1601620	0	
3.97348	1	1603044	1603044	0	
3.97348	1	1603080	1603080	0	
3.97568	1	1604489	1604489	0	
3.97568	1	1604540	1604540	0	
3.97788	1	1605934	1605934	0	
3.97788	1	1606000	1606000	0	
3.98008	1	1607378	1607378	0	
3.98008	1	1607460	1607460	0	
3.98228	1	1608822	1608822	0	
3.98228	1	1608920	1608920	0	
3.98448	1	1610266	1610266	0	
3.98448	1	1610380	1610380	0	
3.98667	1	1611710	1611710	0	
3.98667	1	1611840	1611840	0	
3.98887	1	1613154	1613154	0	
3.98887	1	1613300	1613300	0	
3.99115	1	1614598	1614598	0	
3.99115	1	1614760	1614760	0	
3.99335	1	1616042	1616042	0	
3.99335	1	1616220	1616220	0	
3.99555	1	1617486	1617486	0	
3.99555	1	1617680	1617680	0	
3.99775	1	1618930	1618930	0	
3.99775	1	1619140	1619140	0	
3.99995	1	1620374	1620374	0	
3.99995	1	1620600	1620600	0	
4.00224	1	1621818	1621818	0	
4.00224	1	1622060	1622060	0	
4.00443	1	1623262	1623262	0	
4.00443	1	1623520	1623520	0	
4.00663	1	1624706	1624706	0	
4.00663	1	1624980	1624980	0	
4.00883	1	1626150	1626150	0	
4.00883	1	1626440	1626440	0	
4.01103	1	1627594	1627594	0	
4.01103	1	1627900	1627900	0	
4.01331	1	1629038	1629038	0	
4.01331	1	1629360	1629360	0	
4.01551	1	1630482	1630482	0	
4.01551	1	1630820	1630820	0	
4.01771	1	1631926	1631926	0	
4.01771	1	1632280	1632280	0	
4.01991	1	1633370	1633370	0	
4.01991	1	1633740	1633740	0	
4.02211	1	1634814	1634814	0	
4.02211	1	1635200	1635200	0	
4.02431	1	1636258	1636258	0	
4.02431	1	1636660	1636660	0	
4.0265	1	1637702	1637702	0	
4.0265	1	1638120	1638120	0	
4.0287	1	1639146	1639146	0	
4.0287	1	1639580	1639580	0	
4.03099	1	1640590	1640590	0	
4.03099	1	1641040	1641040	0	
4.03318	1	1642034	1642034	0	
4.03318	1	1642500	1642500	0	
4.03538	1	1643478	1643478	0	
4.03538	1	1643960	1643960	0	
4.03758	1	1644922	1644922	0	
4.03758	1	1645420	1645420	0	
4.03978	1	1646366	1646366	0	
4.03978	1	1646880	1646880	0	
4.04207	1	1647810	1647810	0	
4.04207	1	1648340	1648340	0	
4.04426	1	1649254	1649254	0	
4.04426	1	1649800	1649800	0	
4.04646	1	1650698	1650698	0	
4.04646	1	1651260	1651260	0	
4.04866	1	1652142	1652142	0	
4.04866	1	1652720	1652720	0	
4.05086	1	1653586	1653586	0	
4.05086	1	1654180	1654180	0	
4.05302	1	1655030	1655030	0	
4.05302	1	1655640	1655640	0	
4.05518	1	1656474	1656474	0	
4.05518	1	1657100	1657100	0	
4.05734	1	1657918	1657918	0	
4.05734	1	1658560	1658560	0	
4.05959	1	1659362	1659362	0	
4.05959	1	1660020	1660020	0	
4.06175	1	1660806	1660806	0	
4.06175	1	1661480	1661480	0	
4.06391	1	1662250	1662250	0	
4.06391	1	1662940	1662940	0	
4.06607	1	1663694	1663694	0	
4.06607	1	1664400	1664400	0	
4.06823	1	1665138	1665138	0	
4.06823	1	1665860	1665860	0	
4.07048	1	1666582	1666582	0	
4.07048	1	1667320	1667320	0	
4.07264	1	1668026	1668026	0	
4.07264	1	1668780	1668780	0	
4.0748	1	1669470	1669470	0	
4.0748	1	1670240	1670240	0	
4.07696	1	1670914	1670914	0	
4.07696	1	1671700	1671700	0	
4.07912	1	1672358	1672358	0	
4.07912	1	1673160	1673160	0	
4.08128	1	1673802	1673802	0	
4.08128	1	1674620	1674620	0	
4.08344	1	1675246	1675246	0	
4.08344	1	1676080	1676080	0	
4.0856	1	1676690	1676690	0	
4.0856	1	1677540	1677540	0	
4.08785	1	1678134	1678134	0	
4.08785	1	1679000	1679000	0	
4.09001	1	1679578	1679578	0	
4.09001	1	1680460	1680460	0	
4.09217	1	1681022	1681022	0	
4.09217	1	1681920	1681920	0	
4.09433	1	1682466	1682466	0	
4.09433	1	1683380	1683380	0	
4.09649	1	1683910	1683910	0	
4.09649	1	1684840	1684840	0	
4.09873	1	1685354	1685354	0	
4.09873	1	1686300	1686300	0	
4.1009	1	1686798	1686798	0	
4.1009	1	1687760	1687760	0	
4.10306	1	1688242	1688242	0	
4.10306	1	1689220	1689220	0	
4.10522	1	1689686	1689686	0	
4.10522	1	1690680	1690680	0	
4.10738	1	1691130	1691130	0	
4.10738	1	1692140	1692140	0	
4.10963	1	1692574	1692574	0	
4.10963	1	1693600	1693600	0	
4.11179	1	1694018	1694018	0	
4.11179	1	1695060	1695060	0	
4.11395	1	1695462	1695462	0	
4.11395	1	1696520	1696520	0	
4.11611	1	1696906	1696906	0	
4.11611	1	1697980	1697980	0	
4.11827	1	1698350	1698350	0	
4.11827	1	1699440	1699440	0	
4.12043	1	1699794	1699794	0	
4.12043	1	1700900	1700900	0	
4.12259	1	1701238	1701238	0	
4.12259	1	1702360	1702360	0	
4.12475	1	1702682	1702682	0	
4.12475	1	1703820	1703820	0	
4.12691	1	1704126	1704126	0	
4.12691	1	1705280	1705280	0	
4.12916	1	1705570	1705570	0	
4.12916	1	1706740	1706740	0	
4.13132	1	1707014	1707014	0	
4.13132	1	1708200	1708200	0	
4.13348	1	1708458	1708458	0	
4.13348	1	1709660	1709660	0	
4.13564	1	1709902	1709902	0	
4.13564	1	1711120	1711120	0	
4.1378	1	1711346	1711346	0	
4.1378	1	1712580	1712580	0	
4.14004	1	1712790	1712790	0	
4.14004	1	1714040	1714040	0	
4.14221	1	1714234	1714234	0	
4.14221	1	1715500	1715500	0	
4.14437	1	1715678	1715678	0	
4.14437	1	1716960	1716960	0	
4.14653	1	1717122	1717122	0	
4.14653	1	1718420	1718420	0	
4.14869	1	1718566	1718566	0	
4.14869	1	1719880	1719880	0	
4.15085	1	1720010	1720010	0	
4.15085	1	1721340	1721340	0	
4.15323	1	1721454	1721454	0	
4.15323	1	1722800	1722800	0	
4.15561	1	1722898	1722898	0	
4.15561	1	1724260	1724260	0	
4.15808	1	1724342	1724342	0	
4.15808	1	1725720	1725720	0	
4.16046	1	1725786	1725786	0	
4.16046	1	1727180	1727180	0	
4.16283	1	1727230	1727230	0	
4.16283	1	1728640	1728640	0	
4.16522	1	1728674	1728674	0	
4.16522	1	1730100	1730100	0	
4.16759	1	1730118	1730118	0	
4.16759	1	1731560	1731560	0	
4.17006	1	1731562	1731562	0	
4.17244	1	1733014	1733014	0	
4.17244	1	1733020	1733020	0	
4.17482	1	1734459	1734459	0	
4.17482	1	1734480	1734480	0	
4.17719	1	1735904	1735904	0	
4.17719	1	1735940	1735940	0	
4.17957	1	1737349	1737349	0	
4.17957	1	1737400	1737400	0	
4.18204	1	1738794	1738794	0	
4.18204	1	1738860	1738860	0	
4.18442	1	1740238	1740238	0	
4.18442	1	1740320	1740320	0	
4.18681	1	1741682	1741682	0	
4.18681	1	1741780	1741780	0	
4.18918	1	1743126	1743126	0	
4.18918	1	1743240	1743240	0	
4.19156	1	1744570	1744570	0	
4.19156	1	1744700	1744700	0	
4.19394	1	1746014	1746014	0	
4.19394	1	1746160	1746160	0	
4.19632	1	1747458	1747458	0	
4.19632	1	1747620	1747620	0	
4.1987	1	1748902	1748902	0	
4.1987	1	1749080	1749080	0	
4.20117	1	1750346	1750346	0	
4.20117	1	1750540	1750540	0	
4.20354	1	1751790	1751790	0	
4.20354	1	1752000	1752000	0	
4.20592	1	1753234	1753234	0	
4.20592	1	1753460	1753460	0	
4.2083	1	1754678	1754678	0	
4.2083	1	1754920	1754920	0	
4.21069	1	1756122	1756122	0	
4.21069	1	1756380	1756380	0	
4.21316	1	1757566	1757566	0	
4.21316	1	1757840	1757840	0	
4.21553	1	1759010	1759010	0	
4.21553	1	1759300	1759300	0	
4.21791	1	1760454	1760454	0	
4.21791	1	1760760	1760760	0	
4.22029	1	1761898	1761898	0	
4.22029	1	1762220	1762220	0	
4.22267	1	1763342	1763342	0	
4.22267	1	1763680	1763680	0	
4.22505	1	1764786	1764786	0	
4.22505	1	1765140	1765140	0	
4.22742	1	1766230	1766230	0	
4.22742	1	1766600	1766600	0	
4.2298	1	1767674	1767674	0	
4.2298	1	1768060	1768060	0	
4.23228	1	1769118	1769118	0	
4.23228	1	1769520	1769520	0	
4.23466	1	1770562	1770562	0	
4.23466	1	1770980	1770980	0	
4.23704	1	1772006	1772006	0	
4.23704	1	1772440	1772440	0	
4.23941	1	1773450	1773450	0	
4.23941	1	1773900	1773900	0	
4.24179	1	1774894	1774894	0	
4.24179	1	1775360	1775360	0	
4.24426	1	1776338	1776338	0	
4.24426	1	1776820	1776820	0	
4.24664	1	1777782	1777782	0	
4.24664	1	1778280	1778280	0	
4.24902	1	1779226	1779226	0	
4.24902	1	1779740	1779740	0	
4.2514	1	1780670	1780670	0	
4.2514	1	1781200	1781200	0	
4.25371	1	1782114	1782114	0	
4.25371	1	1782660	1782660	0	
4.25603	1	1783558	1783558	0	
4.25603	1	1784120	1784120	0	
4.25835	1	1785002	1785002	0	
4.25835	1	1785580	1785580	0	
4.26066	1	1786446	1786446	0	
4.26066	1	1787040	1787040	0	
4.26307	1	1787890	1787890	0	
4.26307	1	1788500	1788500	0	
4.26538	1	1789334	1789334	0	
4.26538	1	1789960	1789960	0	
4.2677	1	1790778	1790778	0	
4.2677	1	1791420	1791420	0	
4.27001	1	1792222	1792222	0	
4.27001	1	1792880	1792880	0	
4.27233	1	1793666	1793666	0	
4.27233	1	1794340	1794340	0	
4.27473	1	1795110	1795110	0	
4.27473	1	1795800	1795800	0	
4.27706	1	1796554	1796554	0	
4.27706	1	1797260	1797260	0	
4.27937	1	1797998	1797998	0	
4.27937	1	1798720	1798720	0	
4.28169	1	1799442	1799442	0	
4.28169	1	1800180	1800180	0	
4.284	1	1800886	1800886	0	
4.284	1	1801640	1801640	0	
4.28641	1	1802330	1802330	0	
4.28641	1	1803100	1803100	0	
4.28872	1	1803774	1803774	0	
4.28872	1	1804560	1804560	0	
4.29104	1	1805218	1805218	0	
4.29104	1	1806020	1806020	0	
4.29335	1	1806662	1806662	0	
4.29335	1	1807480	1807480	0	
4.29567	1	1808106	1808106	0	
4.29567	1	1808940	1808940	0	
4.29798	1	1809550	1809550	0	
4.29798	1	1810400	1810400	0	
4.30031	1	1810994	1810994	0	
4.30031	1	1811860	1811860	0	
4.30262	1	1812438	1812438	0	
4.30262	1	1813320	1813320	0	
4.30503	1	1813882	1813882	0	
4.30503	1	1814780	1814780	0	
4.30734	1	1815326	1815326	0	
4.30734	1	1816240	1816240	0	
4.30966	1	1816770	1816770	0	
4.30966	1	1817700	1817700	0	
4.31197	1	1818214	1818214	0	
4.31197	1	1819160	1819160	0	
4.31429	1	1819658	1819658	0	
4.31429	1	1820620	1820620	0	
4.31669	1	1821102	1821102	0	
4.31669	1	1822080	1822080	0	
4.31901	1	1822546	1822546	0	
4.31901	1	1823540	1823540	0	
4.32133	1	1823990	1823990	0	
4.32133	1	1825000	1825000	0	
4.32364	1	1825434	1825434	0	
4.32364	1	1826460	1826460	0	
4.32596	1	1826878	1826878	0	
4.32596	1	1827920	1827920	0	
4.32828	1	1828322	1828322	0	
4.32828	1	1829380	1829380	0	
4.33059	1	1829766	1829766	0	
4.33059	1	1830840	1830840	0	
4.33291	1	1831210	1831210	0	
4.33291	1	1832300	1832300	0	
4.33531	1	1832654	1832654	0	
4.33531	1	1833760	1833760	0	
4.33763	1	1834098	1834098	0	
4.33763	1	1835220	1835220	0	
4.33994	1	1835542	1835542	0	
4.33994	1	1836680	1836680	0	
4.34226	1	1836986	1836986	0	
4.34226	1	1838140	1838140	0	
4.34458	1	1838430	1838430	0	
4.34458	1	1839600	1839600	0	
4.34698	1	1839874	1839874	0	
4.34698	1	1841060	1841060	0	
4.3493	1	1841318	1841318	0	
4.3493	1	1842520	1842520	0	
4.35161	1	1842762	1842762	0	
4.35161	1	1843980	1843980	0	
4.35369	1	1844206	1844206	0	
4.35369	1	1845440	1845440	0	
4.35577	1	1845650	1845650	0	
4.35577	1	1846900	1846900	0	
4.35785	1	1847094	1847094	0	
4.35785	1	1848360	1848360	0	
4.35993	1	1848538	1848538	0	
4.35993	1	1849820	1849820	0	
4.36201	1	1849982	1849982	0	
4.36201	1	1851280	1851280	0	
4.36418	1	1851426	1851426	0	
4.36418	1	1852740	1852740	0	
4.36626	1	1852870	1852870	0	
4.36626	1	1854200	1854200	0	
4.36834	1	1854314	1854314	0	
4.36834	1	1855660	1855660	0	
4.37042	1	1855758	1855758	0	
4.37042	1	1857120	1857120	0	
4.3725	1	1857202	1857202	0	
4.3725	1	1858580	1858580	0	
4.37466	1	1858646	1858646	0	
4.37466	1	1860040	1860040	0	
4.37673	1	1860090	1860090	0	
4.37673	1	1861500	1861500	0	
4.37881	1	1861534	1861534	0	
4.37881	1	1862960	1862960	0	
4.38089	1	1862978	1862978	0	
4.38089	1	1864420	1864420	0	
4.38297	1	1864422	1864422	0	
4.38513	1	1865874	1865874	0	
4.38513	1	1865880	1865880	0	
4.38721	1	1867319	1867319	0	
4.38721	1	1867340	1867340	0	
4.38929	1	1868764	1868764	0	
4.38929	1	1868800	1868800	0	
4.39137	1	1870209	1870209	0	
4.39137	1	1870260	1870260	0	
4.39345	1	1871654	1871654	0	
4.39345	1	1871720	1871720	0	
4.39553	1	1873098	1873098	0	
4.39553	1	1873180	1873180	0	
4.39761	1	1874542	1874542	0	
4.39761	1	1874640	1874640	0	
4.39969	1	1875986	1875986	0	
4.39969	1	1876100	1876100	0	
4.40185	1	1877430	1877430	0	
4.40185	1	1877560	1877560	0	
4.40394	1	1878874	1878874	0	
4.40394	1	1879020	1879020	0	
4.40602	1	1880318	1880318	0	
4.40602	1	1880480	1880480	0	
4.40809	1	1881762	1881762	0	
4.40809	1	1881940	1881940	0	
4.41017	1	1883206	1883206	0	
4.41017	1	1883400	1883400	0	
4.41233	1	1884650	1884650	0	
4.41233	1	1884860	1884860	0	
4.41441	1	1886094	1886094	0	
4.41441	1	1886320	1886320	0	
4.41649	1	1887538	1887538	0	
4.41649	1	1887780	1887780	0	
4.41857	1	1888982	1888982	0	
4.41857	1	1889240	1889240	0	
4.42065	1	1890426	1890426	0	
4.42065	1	1890700	1890700	0	
4.42273	1	1891870	1891870	0	
4.42273	1	1892160	1892160	0	
4.42482	1	1893314	1893314	0	
4.42482	1	1893620	1893620	0	
4.4269	1	1894758	1894758	0	
4.4269	1	1895080	1895080	0	
4.42906	1	1896202	1896202	0	
4.42906	1	1896540	1896540	0	
4.43114	1	1897646	1897646	0	
4.43114	1	1898000	1898000	0	
4.43322	1	1899090	1899090	0	
4.43322	1	1899460	1899460	0	
4.43529	1	1900534	1900534	0	
4.43529	1	1900920	1900920	0	
4.43737	1	1901978	1901978	0	
4.43737	1	1902380	1902380	0	
4.43945	1	1903422	1903422	0	
4.43945	1	1903840	1903840	0	
4.44161	1	1904866	1904866	0	
4.44161	1	1905300	1905300	0	
4.4437	1	1906310	1906310	0	
4.4437	1	1906760	1906760	0	
4.44578	1	1907754	1907754	0	
4.44578	1	1908220	1908220	0	
4.44786	1	1909198	1909198	0	
4.44786	1	1909680	1909680	0	
4.44994	1	1910642	1910642	0	
4.44994	1	1911140	1911140	0	
4.45202	1	1912086	1912086	0	
4.45202	1	1912600	1912600	0	
4.45444	1	1913530	1913530	0	
4.45444	1	1914060	1914060	0	
4.45686	1	1914974	1914974	0	
4.45686	1	1915520	1915520	0	
4.45938	1	1916418	1916418	0	
4.45938	1	1916980	1916980	0	
4.46181	1	1917862	1917862	0	
4.46181	1	1918440	1918440	0	
4.46423	1	1919306	1919306	0	
4.46423	1	1919900	1919900	0	
4.46666	1	1920750	1920750	0	
4.46666	1	1921360	1921360	0	
4.46908	1	1922194	1922194	0	
4.46908	1	1922820	1922820	0	
4.4716	1	1923638	1923638	0	
4.4716	1	1924280	1924280	0	
4.47402	1	1925082	1925082	0	
4.47402	1	1925740	1925740	0	
4.47645	1	1926526	1926526	0	
4.47645	1	1927200	1927200	0	
4.47887	1	1927970	1927970	0	
4.47887	1	1928660	1928660	0	
4.48129	1	1929414	1929414	0	
4.48129	1	1930120	1930120	0	
4.48381	1	1930858	1930858	0	
4.48381	1	1931580	1931580	0	
4.48624	1	1932302	1932302	0	
4.48624	1	1933040	1933040	0	
4.48867	1	1933746	1933746	0	
4.48867	1	1934500	1934500	0	
4.49109	1	1935190	1935190	0	
4.49109	1	1935960	1935960	0	
4.49351	1	1936634	1936634	0	
4.49351	1	1937420	1937420	0	
4.49594	1	1938078	1938078	0	
4.49594	1	1938880	1938880	0	
4.49836	1	1939522	1939522	0	
4.49836	1	1940340	1940340	0	
4.50078	1	1940966	1940966	0	
4.50078	1	1941800	1941800	0	
4.5033	1	1942410	1942410	0	
4.5033	1	1943260	1943260	0	
4.50573	1	1943854	1943854	0	
4.50573	1	1944720	1944720	0	
4.50815	1	1945298	1945298	0	
4.50815	1	1946180	1946180	0	
4.51057	1	1946742	1946742	0	
4.51057	1	1947640	1947640	0	
4.513	1	1948186	1948186	0	
4.513	1	1949100	1949100	0	
4.51552	1	1949630	1949630	0	
4.51552	1	1950560	1950560	0	
4.51795	1	1951074	1951074	0	
4.51795	1	1952020	1952020	0	
4.52037	1	1952518	1952518	0	
4.52037	1	1953480	1953480	0	
4.52279	1	1953962	1953962	0	
4.52279	1	1954940	1954940	0	
4.52522	1	1955406	1955406	0	
4.52522	1	1956400	1956400	0	
4.52764	1	1956850	1956850	0	
4.52764	1	1957860	1957860	0	
4.53006	1	1958294	1958294	0	
4.53006	1	1959320	1959320	0	
4.53249	1	1959738	1959738	0	
4.53249	1	1960780	1960780	0	
4.53501	1	1961182	1961182	0	
4.53501	1	1962240	1962240	0	
4.53743	1	1962626	1962626	0	
4.53743	1	1963700	1963700	0	
4.53986	1	1964070	1964070	0	
4.53986	1	1965160	1965160	0	
4.54228	1	1965514	1965514	0	
4.54228	1	1966620	1966620	0	
4.54471	1	1966958	1966958	0	
4.54471	1	1968080	1968080	0	
4.54722	1	1968402	1968402	0	
4.54722	1	1969540	1969540	0	
4.54965	1	1969846	1969846	0	
4.54965	1	1971000	1971000	0	
4.55207	1	1971290	1971290	0	
4.55207	1	1972460	1972460	0	
4.55447	1	1972734	1972734	0	
4.55447	1	1973920	1973920	0	
4.55688	1	1974178	1974178	0	
4.55688	1	1975380	1975380	0	
4.55929	1	1975622	1975622	0	
4.55929	1	1976840	1976840	0	
4.56169	1	1977066	1977066	0	
4.56169	1	1978300	1978300	0	
4.56409	1	1978510	1978510	0	
4.56409	1	1979760	1979760	0	
4.56659	1	1979954	1979954	0	
4.56659	1	1981220	1981220	0	
4.569	1	1981398	1981398	0	
4.569	1	1982680	1982680	0	
4.5714	1	1982842	1982842	0	
4.5714	1	1984140	1984140	0	
4.5738	1	1984286	1984286	0	
4.5738	1	1985600	1985600	0	
4.57621	1	1985730	1985730	0	
4.57621	1	1987060	1987060	0	
4.5787	1	1987174	1987174	0	
4.5787	1	1988520	1988520	0	
4.58111	1	1988618	1988618	0	
4.58111	1	1989980	1989980	0	
4.58352	1	1990062	1990062	0	
4.58352	1	1991440	1991440	0	
4.58592	1	1991506	1991506	0	
4.58592	1	1992900	1992900	0	
4.58832	1	1992950	1992950	0	
4.58832	1	1994360	1994360	0	
4.59082	1	1994394	1994394	0	
4.59082	1	1995820	1995820	0	
4.59322	1	1995838	1995838	0	
4.59322	1	1997280	1997280	0	
4.59562	1	1997282	1997282	0	
4.59802	1	1998734	1998734	0	
4.59802	1	1998740	1998740	0	
4.60043	1	2000179	2000179	0	
4.60043	1	2000200	2000200	0	
4.60283	1	2001624	2001624	0	
4.60283	1	2001660	2001660	0	
4.60524	1	2003069	2003069	0	
4.60524	1	2003120	2003120	0	
4.60765	1	2004514	2004514	0	
4.60765	1	2004580	2004580	0	
4.61014	1	2005958	2005958	0	
4.61014	1	2006040	2006040	0	
4.61255	1	2007402	2007402	0	
4.61255	1	2007500	2007500	0	
4.61495	1	2008846	2008846	0	
4.61495	1	2008960	2008960	0	
4.61735	1	2010290	2010290	0	
4.61735	1	2010420	2010420	0	
4.61976	1	2011734	2011734	0	
4.61976	1	2011880	2011880	0	
4.62225	1	2013178	2013178	0	
4.62225	1	2013340	2013340	0	
4.62466	1	2014622	2014622	0	
4.62466	1	2014800	2014800	0	
4.62707	1	2016066	2016066	0	
4.62707	1	2016260	2016260	0	
4.62947	1	2017510	2017510	0	
4.62947	1	2017720	2017720	0	
4.63187	1	2018954	2018954	0	
4.63187	1	2019180	2019180	0	
4.63428	1	2020398	2020398	0	
4.63428	1	2020640	2020640	0	
4.63668	1	2021842	2021842	0	
4.63668	1	2022100	2022100	0	
4.63909	1	2023286	2023286	0	
4.63909	1	2023560	2023560	0	
4.64158	1	2024730	2024730	0	
4.64158	1	2025020	2025020	0	
4.64399	1	2026174	2026174	0	
4.64399	1	2026480	2026480	0	
4.64639	1	2027618	2027618	0	
4.64639	1	2027940	2027940	0	
4.64879	1	2029062	2029062	0	
4.64879	1	2029400	2029400	0	
4.6512	1	2030506	2030506	0	
4.6512	1	2030860	2030860	0	
4.65369	1	2031950	2031950	0	
4.65369	1	2032320	2032320	0	
4.65609	1	2033394	2033394	0	
4.65609	1	2033780	2033780	0	
4.65848	1	2034838	2034838	0	
4.65848	1	2035240	2035240	0	
4.66088	1	2036282	2036282	0	
4.66088	1	2036700	2036700	0	
4.66327	1	2037726	2037726	0	
4.66327	1	2038160	2038160	0	
4.66576	1	2039170	2039170	0	
4.66576	1	2039620	2039620	0	
4.66815	1	2040614	2040614	0	
4.66815	1	2041080	2041080	0	
4.67055	1	2042058	2042058	0	
4.67055	1	2042540	2042540	0	
4.67295	1	2043502	2043502	0	
4.67295	1	2044000	2044000	0	
4.67535	1	2044946	2044946	0	
4.67535	1	2045460	2045460	0	
4.67774	1	2046390	2046390	0	
4.67774	1	2046920	2046920	0	
4.68014	1	2047834	2047834	0	
4.68014	1	2048380	2048380	0	
4.68253	1	2049278	2049278	0	
4.68253	1	2049840	2049840	0	
4.68502	1	2050722	2050722	0	
4.68502	1	2051300	2051300	0	
4.68742	1	2052166	2052166	0	
4.68742	1	2052760	2052760	0	
4.68981	1	2053610	2053610	0	
4.68981	1	2054220	2054220	0	
4.69221	1	2055054	2055054	0	
4.69221	1	2055680	2055680	0	
4.6946	1	2056498	2056498	0	
4.6946	1	2057140	2057140	0	
4.6971	1	2057942	2057942	0	
4.6971	1	2058600	2058600	0	
4.69949	1	2059386	2059386	0	
4.69949	1	2060060	2060060	0	
4.70189	1	2060830	2060830	0	
4.70189	1	2061520	2061520	0	
4.70428	1	2062274	2062274	0	
4.70428	1	2062980	2062980	0	
4.70668	1	2063718	2063718	0	
4.70668	1	2064440	2064440	0	
4.70907	1	2065162	2065162	0	
4.70907	1	2065900	2065900	0	
4.71147	1	2066606	2066606	0	
4.71147	1	2067360	2067360	0	
4.71386	1	2068050	2068050	0	
4.71386	1	2068820	2068820	0	
4.71635	1	2069494	2069494	0	
4.71635	1	2070280	2070280	0	
4.71875	1	2070938	2070938	0	
4.71875	1	2071740	2071740	0	
4.72115	1	2072382	2072382	0	
4.72115	1	2073200	2073200	0	
4.72354	1	2073826	2073826	0	
4.72354	1	2074660	2074660	0	
4.72594	1	2075270	2075270	0	
4.72594	1	2076120	2076120	0	
4.72843	1	2076714	2076714	0	
4.72843	1	2077580	2077580	0	
4.73082	1	2078158	2078158	0	
4.73082	1	2079040	2079040	0	
4.73322	1	2079602	2079602	0	
4.73322	1	2080500	2080500	0	
4.73561	1	2081046	2081046	0	
4.73561	1	2081960	2081960	0	
4.73801	1	2082490	2082490	0	
4.73801	1	2083420	2083420	0	
4.7404	1	2083934	2083934	0	
4.7404	1	2084880	2084880	0	
4.7428	1	2085378	2085378	0	
4.7428	1	2086340	2086340	0	
4.7452	1	2086822	2086822	0	
4.7452	1	2087800	2087800	0	
4.74769	1	2088266	2088266	0	
4.74769	1	2089260	2089260	0	
4.75008	1	2089710	2089710	0	
4.75008	1	2090720	2090720	0	
4.7523	1	2091154	2091154	0	
4.7523	1	2092180	2092180	0	
4.7545	1	2092598	2092598	0	
4.7545	1	2093640	2093640	0	
4.75671	1	2094042	2094042	0	
4.75671	1	2095100	2095100	0	
4.759	1	2095486	2095486	0	
4.759	1	2096560	2096560	0	
4.76121	1	2096930	2096930	0	
4.76121	1	2098020	2098020	0	
4.76343	1	2098374	2098374	0	
4.76343	1	2099480	2099480	0	
4.76563	1	2099818	2099818	0	
4.76563	1	2100940	2100940	0	
4.76784	1	2101262	2101262	0	
4.76784	1	2102400	2102400	0	
4.77013	1	2102706	2102706	0	
4.77013	1	2103860	2103860	0	
4.77234	1	2104150	2104150	0	
4.77234	1	2105320	2105320	0	
4.77455	1	2105594	2105594	0	
4.77455	1	2106780	2106780	0	
4.77676	1	2107038	2107038	0	
4.77676	1	2108240	2108240	0	
4.77896	1	2108482	2108482	0	
4.77896	1	2109700	2109700	0	
4.78117	1	2109926	2109926	0	
4.78117	1	2111160	2111160	0	
4.78338	1	2111370	2111370	0	
4.78338	1	2112620	2112620	0	
4.78559	1	2112814	2112814	0	
4.78559	1	2114080	2114080	0	
4.7878	1	2114258	2114258	0	
4.7878	1	2115540	2115540	0	
4.79009	1	2115702	2115702	0	
4.79009	1	2117000	2117000	0	
4.7923	1	2117146	2117146	0	
4.7923	1	2118460	2118460	0	
4.79451	1	2118590	2118590	0	
4.79451	1	2119920	2119920	0	
4.79671	1	2120034	2120034	0	
4.79671	1	2121380	2121380	0	
4.79892	1	2121478	2121478	0	
4.79892	1	2122840	2122840	0	
4.80122	1	2122922	2122922	0	
4.80122	1	2124300	2124300	0	
4.80342	1	2124366	2124366	0	
4.80342	1	2125760	2125760	0	
4.80564	1	2125810	2125810	0	
4.80564	1	2127220	2127220	0	
4.80784	1	2127254	2127254	0	
4.80784	1	2128680	2128680	0	
4.81005	1	2128698	2128698	0	
4.81005	1	2130140	2130140	0	
4.81225	1	2130142	2130142	0	
4.81446	1	2131594	2131594	0	
4.81446	1	2131600	2131600	0	
4.81667	1	2133039	2133039	0	
4.81667	1	2133060	2133060	0	
4.81896	1	2134484	2134484	0	
4.81896	1	2134520	2134520	0	
4.82117	1	2135929	2135929	0	
4.82117	1	2135980	2135980	0	
4.82338	1	2137374	2137374	0	
4.82338	1	2137440	2137440	0	
4.82558	1	2138818	2138818	0	
4.82558	1	2138900	2138900	0	
4.8278	1	2140262	2140262	0	
4.8278	1	2140360	2140360	0	
4.83009	1	2141706	2141706	0	
4.83009	1	2141820	2141820	0	
4.8323	1	2143150	2143150	0	
4.8323	1	2143280	2143280	0	
4.83451	1	2144594	2144594	0	
4.83451	1	2144740	2144740	0	
4.83671	1	2146038	2146038	0	
4.83671	1	2146200	2146200	0	
4.83892	1	2147482	2147482	0	
4.83892	1	2147660	2147660	0	
4.84113	1	2148926	2148926	0	
4.84113	1	2149120	2149120	0	
4.84334	1	2150370	2150370	0	
4.84334	1	2150580	2150580	0	
4.84554	1	2151814	2151814	0	
4.84554	1	2152040	2152040	0	
4.84784	1	2153258	2153258	0	
4.84784	1	2153500	2153500	0	
4.85005	1	2154702	2154702	0	
4.85005	1	2154960	2154960	0	
4.85226	1	2156146	2156146	0	
4.85226	1	2156420	2156420	0	
4.85446	1	2157590	2157590	0	
4.85446	1	2157880	2157880	0	
4.85666	1	2159034	2159034	0	
4.85666	1	2159340	2159340	0	
4.85895	1	2160478	2160478	0	
4.85895	1	2160800	2160800	0	
4.86115	1	2161922	2161922	0	
4.86115	1	2162260	2162260	0	
4.86335	1	2163366	2163366	0	
4.86335	1	2163720	2163720	0	
4.86555	1	2164810	2164810	0	
4.86555	1	2165180	2165180	0	
4.86775	1	2166254	2166254	0	
4.86775	1	2166640	2166640	0	
4.87004	1	2167698	2167698	0	
4.87004	1	2168100	2168100	0	
4.87224	1	2169142	2169142	0	
4.87224	1	2169560	2169560	0	
4.87444	1	2170586	2170586	0	
4.87444	1	2171020	2171020	0	
4.87665	1	2172030	2172030	0	
4.87665	1	2172480	2172480	0	
4.87885	1	2173474	2173474	0	
4.87885	1	2173940	2173940	0	
4.88105	1	2174918	2174918	0	
4.88105	1	2175400	2175400	0	
4.88325	1	2176362	2176362	0	
4.88325	1	2176860	2176860	0	
4.88545	1	2177806	2177806	0	
4.88545	1	2178320	2178320	0	
4.88774	1	2179250	2179250	0	
4.88774	1	2179780	2179780	0	
4.88994	1	2180694	2180694	0	
4.88994	1	2181240	2181240	0	
4.89214	1	2182138	2182138	0	
4.89214	1	2182700	2182700	0	
4.89434	1	2183582	2183582	0	
4.89434	1	2184160	2184160	0	
4.89655	1	2185026	2185026	0	
4.89655	1	2185620	2185620	0	
4.89883	1	2186470	2186470	0	
4.89883	1	2187080	2187080	0	
4.90103	1	2187914	2187914	0	
4.90103	1	2188540	2188540	0	
4.90323	1	2189358	2189358	0	
4.90323	1	2190000	2190000	0	
4.90543	1	2190802	2190802	0	
4.90543	1	2191460	2191460	0	
4.90763	1	2192246	2192246	0	
4.90763	1	2192920	2192920	0	
4.90984	1	2193690	2193690	0	
4.90984	1	2194380	2194380	0	
4.91204	1	2195134	2195134	0	
4.91204	1	2195840	2195840	0	
4.91424	1	2196578	2196578	0	
4.91424	1	2197300	2197300	0	
4.91653	1	2198022	2198022	0	
4.91653	1	2198760	2198760	0	
4.91873	1	2199466	2199466	0	
4.91873	1	2200220	2200220	0	
4.92093	1	2200910	2200910	0	
4.92093	1	2201680	2201680	0	
4.92313	1	2202354	2202354	0	
4.92313	1	2203140	2203140	0	
4.92533	1	2203798	2203798	0	
4.92533	1	2204600	2204600	0	
4.92762	1	2205242	2205242	0	
4.92762	1	2206060	2206060	0	
4.92982	1	2206686	2206686	0	
4.92982	1	2207520	2207520	0	
4.93203	1	2208130	2208130	0	
4.93203	1	2208980	2208980	0	
4.93423	1	2209574	2209574	0	
4.93423	1	2210440	2210440	0	
4.93643	1	2211018	2211018	0	
4.93643	1	2211900	2211900	0	
4.93863	1	2212462	2212462	0	
4.93863	1	2213360	2213360	0	
4.94083	1	2213906	2213906	0	
4.94083	1	2214820	2214820	0	
4.94303	1	2215350	2215350	0	
4.94303	1	2216280	2216280	0	
4.94532	1	2216794	2216794	0	
4.94532	1	2217740	2217740	0	
4.94752	1	2218238	2218238	0	
4.94752	1	2219200	2219200	0	
4.94972	1	2219682	2219682	0	
4.94972	1	2220660	2220660	0	
4.95192	1	2221126	2221126	0	
4.95192	1	2222120	2222120	0	
4.95405	1	2222570	2222570	0	
4.95405	1	2223580	2223580	0	
4.95625	1	2224014	2224014	0	
4.95625	1	2225040	2225040	0	
4.95838	1	2225458	2225458	0	
4.95838	1	2226500	2226500	0	
4.9605	1	2226902	2226902	0	
4.9605	1	2227960	2227960	0	
4.96262	1	2228346	2228346	0	
4.96262	1	2229420	2229420	0	
4.96474	1	2229790	2229790	0	
4.96474	1	2230880	2230880	0	
4.96686	1	2231234	2231234	0	
4.96686	1	2232340	2232340	0	
4.96907	1	2232678	2232678	0	
4.96907	1	2233800	2233800	0	
4.97119	1	2234122	2234122	0	
4.97119	1	2235260	2235260	0	
4.97332	1	2235566	2235566	0	
4.97332	1	2236720	2236720	0	
4.97544	1	2237010	2237010	0	
4.97544	1	2238180	2238180	0	
4.97756	1	2238454	2238454	0	
4.97756	1	2239640	2239640	0	
4.97968	1	2239898	2239898	0	
4.97968	1	2241100	2241100	0	
4.9818	1	2241342	2241342	0	
4.9818	1	2242560	2242560	0	
4.98401	1	2242786	2242786	0	
4.98401	1	2244020	2244020	0	
4.98613	1	2244230	2244230	0	
4.98613	1	2245480	2245480	0	
4.98825	1	2245674	2245674	0	
4.98825	1	2246940	2246940	0	
4.99037	1	2247118	2247118	0	
4.99037	1	2248400	2248400	0	
4.99249	1	2248562	2248562	0	
4.99249	1	2249860	2249860	0	
4.99471	1	2250006	2250006	0	
4.99471	1	2251320	2251320	0	
4.99683	1	2251450	2251450	0	
4.99683	1	2252780	2252780	0	
4.99895	1	2252894	2252894	0	
4.99895	1	2254240	2254240	0	
5.00107	1	2254338	2254338	0	
5.00107	1	2255700	2255700	0	
5.00319	1	2255782	2255782	0	
5.00319	1	2257160	2257160	0	
5.00531	1	2257226	2257226	0	
5.00531	1	2258620	2258620	0	
5.00743	1	2258670	2258670	0	
5.00743	1	2260080	2260080	0	
5.00955	1	2260114	2260114	0	
5.00955	1	2261540	2261540	0	
5.01176	1	2261558	2261558	0	
5.01176	1	2263000	2263000	0	
5.01388	1	2263002	2263002	0	
5.01601	1	2264454	2264454	0	
5.01601	1	2264460	2264460	0	
5.01813	1	2265899	2265899	0	
5.01813	1	2265920	2265920	0	
5.02025	1	2267344	2267344	0	
5.02025	1	2267380	2267380	0	
5.02245	1	2268789	2268789	0	
5.02245	1	2268840	2268840	0	
5.02458	1	2270234	2270234	0	
5.02458	1	2270300	2270300	0	
5.0267	1	2271678	2271678	0	
5.0267	1	2271760	2271760	0	
5.02882	1	2273122	2273122	0	
5.02882	1	2273220	2273220	0	
5.03094	1	2274566	2274566	0	
5.03094	1	2274680	2274680	0	
5.03306	1	2276010	2276010	0	
5.03306	1	2276140	2276140	0	
5.03527	1	2277454	2277454	0	
5.03527	1	2277600	2277600	0	
5.03739	1	2278898	2278898	0	
5.03739	1	2279060	2279060	0	
5.03952	1	2280342	2280342	0	
5.03952	1	2280520	2280520	0	
5.04164	1	2281786	2281786	0	
5.04164	1	2281980	2281980	0	
5.04376	1	2283230	2283230	0	
5.04376	1	2283440	2283440	0	
5.04588	1	2284674	2284674	0	
5.04588	1	2284900	2284900	0	
5.048	1	2286118	2286118	0	
5.048	1	2286360	2286360	0	
5.05021	1	2287562	2287562	0	
5.05021	1	2287820	2287820	0	
5.05268	1	2289006	2289006	0	
5.05268	1	2289280	2289280	0	
5.05515	1	2290450	2290450	0	
5.05515	1	2290740	2290740	0	
5.05762	1	2291894	2291894	0	
5.05762	1	2292200	2292200	0	
5.06009	1	2293338	2293338	0	
5.06009	1	2293660	2293660	0	
5.06255	1	2294782	2294782	0	
5.06255	1	2295120	2295120	0	
5.06512	1	2296226	2296226	0	
5.06512	1	2296580	2296580	0	
5.06759	1	2297670	2297670	0	
5.06759	1	2298040	2298040	0	
5.07005	1	2299114	2299114	0	
5.07005	1	2299500	2299500	0	
5.07252	1	2300558	2300558	0	
5.07252	1	2300960	2300960	0	
5.07499	1	2302002	2302002	0	
5.07499	1	2302420	2302420	0	
5.07746	1	2303446	2303446	0	
5.07746	1	2303880	2303880	0	
5.07993	1	2304890	2304890	0	
5.07993	1	2305340	2305340	0	
5.0825	1	2306334	2306334	0	
5.0825	1	2306800	2306800	0	
5.08496	1	2307778	2307778	0	
5.08496	1	2308260	2308260	0	
5.08743	1	2309222	2309222	0	
5.08743	1	2309720	2309720	0	
5.0899	1	2310666	2310666	0	
5.0899	1	2311180	2311180	0	
5.09237	1	2312110	2312110	0	
5.09237	1	2312640	2312640	0	
5.09493	1	2313554	2313554	0	
5.09493	1	2314100	2314100	0	
5.0974	1	2314998	2314998	0	
5.0974	1	2315560	2315560	0	
5.09987	1	2316442	2316442	0	
5.09987	1	2317020	2317020	0	
5.10234	1	2317886	2317886	0	
5.10234	1	2318480	2318480	0	
5.10481	1	2319330	2319330	0	
5.10481	1	2319940	2319940	0	
5.10728	1	2320774	2320774	0	
5.10728	1	2321400	2321400	0	
5.10975	1	2322218	2322218	0	
5.10975	1	2322860	2322860	0	
5.11221	1	2323662	2323662	0	
5.11221	1	2324320	2324320	0	
5.11468	1	2325106	2325106	0	
5.11468	1	2325780	2325780	0	
5.11724	1	2326550	2326550	0	
5.11724	1	2327240	2327240	0	
5.11971	1	2327994	2327994	0	
5.11971	1	2328700	2328700	0	
5.12218	1	2329438	2329438	0	
5.12218	1	2330160	2330160	0	
5.12465	1	2330882	2330882	0	
5.12465	1	2331620	2331620	0	
5.12712	1	2332326	2332326	0	
5.12712	1	2333080	2333080	0	
5.12969	1	2333770	2333770	0	
5.12969	1	2334540	2334540	0	
5.13216	1	2335214	2335214	0	
5.13216	1	2336000	2336000	0	
5.13462	1	2336658	2336658	0	
5.13462	1	2337460	2337460	0	
5.13709	1	2338102	2338102	0	
5.13709	1	2338920	2338920	0	
5.13956	1	2339546	2339546	0	
5.13956	1	2340380	2340380	0	
5.14203	1	2340990	2340990	0	
5.14203	1	2341840	2341840	0	
5.14459	1	2342434	2342434	0	
5.14459	1	2343300	2343300	0	
5.14706	1	2343878	2343878	0	
5.14706	1	2344760	2344760	0	
5.14953	1	2345322	2345322	0	
5.14953	1	2346220	2346220	0	
5.152	1	2346766	2346766	0	
5.152	1	2347680	2347680	0	
5.1543	1	2348210	2348210	0	
5.1543	1	2349140	2349140	0	
5.15661	1	2349654	2349654	0	
5.15661	1	2350600	2350600	0	
5.15891	1	2351098	2351098	0	
5.15891	1	2352060	2352060	0	
5.1613	1	2352542	2352542	0	
5.1613	1	2353520	2353520	0	
5.1636	1	2353986	2353986	0	
5.1636	1	2354980	2354980	0	
5.16591	1	2355430	2355430	0	
5.16591	1	2356440	2356440	0	
5.16821	1	2356874	2356874	0	
5.16821	1	2357900	2357900	0	
5.17051	1	2358318	2358318	0	
5.17051	1	2359360	2359360	0	
5.17291	1	2359762	2359762	0	
5.17291	1	2360820	2360820	0	
5.17521	1	2361206	2361206	0	
5.17521	1	2362280	2362280	0	
5.17752	1	2362650	2362650	0	
5.17752	1	2363740	2363740	0	
5.17982	1	2364094	2364094	0	
5.17982	1	2365200	2365200	0	
5.18212	1	2365538	2365538	0	
5.18212	1	2366660	2366660	0	
5.18442	1	2366982	2366982	0	
5.18442	1	2368120	2368120	0	
5.18673	1	2368426	2368426	0	
5.18673	1	2369580	2369580	0	
5.18903	1	2369870	2369870	0	
5.18903	1	2371040	2371040	0	
5.19142	1	2371314	2371314	0	
5.19142	1	2372500	2372500	0	
5.19373	1	2372758	2372758	0	
5.19373	1	2373960	2373960	0	
5.19603	1	2374202	2374202	0	
5.19603	1	2375420	2375420	0	
5.19834	1	2375646	2375646	0	
5.19834	1	2376880	2376880	0	
5.20064	1	2377090	2377090	0	
5.20064	1	2378340	2378340	0	
5.20303	1	2378534	2378534	0	
5.20303	1	2379800	2379800	0	
5.20533	1	2379978	2379978	0	
5.20533	1	2381260	2381260	0	
5.20764	1	2381422	2381422	0	
5.20764	1	2382720	2382720	0	
5.20994	1	2382866	2382866	0	
5.20994	1	2384180	2384180	0	
5.21224	1	2384310	2384310	0	
5.21224	1	2385640	2385640	0	
5.21454	1	2385754	2385754	0	
5.21454	1	2387100	2387100	0	
5.21685	1	2387198	2387198	0	
5.21685	1	2388560	2388560	0	
5.21916	1	2388642	2388642	0	
5.21916	1	2390020	2390020	0	
5.22155	1	2390086	2390086	0	
5.22155	1	2391480	2391480	0	
5.22385	1	2391530	2391530	0	
5.22385	1	2392940	2392940	0	
5.22615	1	2392974	2392974	0	
5.22615	1	2394400	2394400	0	
5.22845	1	2394418	2394418	0	
5.22845	1	2395860	2395860	0	
5.23075	1	2395862	2395862	0	
5.23315	1	2397314	2397314	0	
5.23315	1	2397320	2397320	0	
5.23545	1	2398759	2398759	0	
5.23545	1	2398780	2398780	0	
5.23776	1	2400204	2400204	0	
5.23776	1	2400240	2400240	0	
5.24006	1	2401649	2401649	0	
5.24006	1	2401700	2401700	0	
5.24236	1	2403094	2403094	0	
5.24236	1	2403160	2403160	0	
5.24467	1	2404538	2404538	0	
5.24467	1	2404620	2404620	0	
5.24706	1	2405982	2405982	0	
5.24706	1	2406080	2406080	0	
5.24936	1	2407426	2407426	0	
5.24936	1	2407540	2407540	0	
5.25166	1	2408870	2408870	0	
5.25166	1	2409000	2409000	0	
5.25403	1	2410314	2410314	0	
5.25403	1	2410460	2410460	0	
5.2564	1	2411758	2411758	0	
5.2564	1	2411920	2411920	0	
5.25876	1	2413202	2413202	0	
5.25876	1	2413380	2413380	0	
5.26114	1	2414646	2414646	0	
5.26114	1	2414840	2414840	0	
5.2636	1	2416090	2416090	0	
5.2636	1	2416300	2416300	0	
5.26596	1	2417534	2417534	0	
5.26596	1	2417760	2417760	0	
5.26833	1	2418978	2418978	0	
5.26833	1	2419220	2419220	0	
5.2707	1	2420422	2420422	0	
5.2707	1	2420680	2420680	0	
5.27307	1	2421866	2421866	0	
5.27307	1	2422140	2422140	0	
5.27552	1	2423310	2423310	0	
5.27552	1	2423600	2423600	0	
5.27789	1	2424754	2424754	0	
5.27789	1	2425060	2425060	0	
5.28026	1	2426198	2426198	0	
5.28026	1	2426520	2426520	0	
5.28263	1	2427642	2427642	0	
5.28263	1	2427980	2427980	0	
5.285	1	2429086	2429086	0	
5.285	1	2429440	2429440	0	
5.28737	1	2430530	2430530	0	
5.28737	1	2430900	2430900	0	
5.28973	1	2431974	2431974	0	
5.28973	1	2432360	2432360	0	
5.2921	1	2433418	2433418	0	
5.2921	1	2433820	2433820	0	
5.29456	1	2434862	2434862	0	
5.29456	1	2435280	2435280	0	
5.29693	1	2436306	2436306	0	
5.29693	1	2436740	2436740	0	
5.29929	1	2437750	2437750	0	
5.29929	1	2438200	2438200	0	
5.30166	1	2439194	2439194	0	
5.30166	1	2439660	2439660	0	
5.30403	1	2440638	2440638	0	
5.30403	1	2441120	2441120	0	
5.30649	1	2442082	2442082	0	
5.30649	1	2442580	2442580	0	
5.30886	1	2443526	2443526	0	
5.30886	1	2444040	2444040	0	
5.31123	1	2444970	2444970	0	
5.31123	1	2445500	2445500	0	
5.31359	1	2446414	2446414	0	
5.31359	1	2446960	2446960	0	
5.31596	1	2447858	2447858	0	
5.31596	1	2448420	2448420	0	
5.31833	1	2449302	2449302	0	
5.31833	1	2449880	2449880	0	
5.3207	1	2450746	2450746	0	
5.3207	1	2451340	2451340	0	
5.32306	1	2452190	2452190	0	
5.32306	1	2452800	2452800	0	
5.32552	1	2453634	2453634	0	
5.32552	1	2454260	2454260	0	
5.3279	1	2455078	2455078	0	
5.3279	1	2455720	2455720	0	
5.33026	1	2456522	2456522	0	
5.33026	1	2457180	2457180	0	
5.33263	1	2457966	2457966	0	
5.33263	1	2458640	2458640	0	
5.335	1	2459410	2459410	0	
5.335	1	2460100	2460100	0	
5.33746	1	2460854	2460854	0	
5.33746	1	2461560	2461560	0	
5.33982	1	2462298	2462298	0	
5.33982	1	2463020	2463020	0	
5.34219	1	2463742	2463742	0	
5.34219	1	2464480	2464480	0	
5.34456	1	2465186	2465186	0	
5.34456	1	2465940	2465940	0	
5.34692	1	2466630	2466630	0	
5.34692	1	2467400	2467400	0	
5.34929	1	2468074	2468074	0	
5.34929	1	2468860	2468860	0	
5.35176	1	2469518	2469518	0	
5.35176	1	2470320	2470320	0	
5.35393	1	2470962	2470962	0	
5.35393	1	2471780	2471780	0	
5.3561	1	2472406	2472406	0	
5.3561	1	2473240	2473240	0	
5.35827	1	2473850	2473850	0	
5.35827	1	2474700	2474700	0	
5.36045	1	2475294	2475294	0	
5.36045	1	2476160	2476160	0	
5.36262	1	2476738	2476738	0	
5.36262	1	2477620	2477620	0	
5.36479	1	2478182	2478182	0	
5.36479	1	2479080	2479080	0	
5.36705	1	2479626	2479626	0	
5.36705	1	2480540	2480540	0	
5.36922	1	2481070	2481070	0	
5.36922	1	2482000	2482000	0	
5.3714	1	2482514	2482514	0	
5.3714	1	2483460	2483460	0	
5.37357	1	2483958	2483958	0	
5.37357	1	2484920	2484920	0	
5.37574	1	2485402	2485402	0	
5.37574	1	2486380	2486380	0	
5.378	1	2486846	2486846	0	
5.378	1	2487840	2487840	0	
5.38017	1	2488290	2488290	0	
5.38017	1	2489300	2489300	0	
5.38234	1	2489734	2489734	0	
5.38234	1	2490760	2490760	0	
5.38451	1	2491178	2491178	0	
5.38451	1	2492220	2492220	0	
5.38668	1	2492622	2492622	0	
5.38668	1	2493680	2493680	0	
5.38886	1	2494066	2494066	0	
5.38886	1	2495140	2495140	0	
5.39103	1	2495510	2495510	0	
5.39103	1	2496600	2496600	0	
5.39321	1	2496954	2496954	0	
5.39321	1	2498060	2498060	0	
5.39546	1	2498398	2498398	0	
5.39546	1	2499520	2499520	0	
5.39764	1	2499842	2499842	0	
5.39764	1	2500980	2500980	0	
5.39981	1	2501286	2501286	0	
5.39981	1	2502440	2502440	0	
5.40198	1	2502730	2502730	0	
5.40198	1	2503900	2503900	0	
5.40415	1	2504174	2504174	0	
5.40415	1	2505360	2505360	0	
5.40641	1	2505618	2505618	0	
5.40641	1	2506820	2506820	0	
5.40858	1	2507062	2507062	0	
5.40858	1	2508280	2508280	0	
5.41075	1	2508506	2508506	0	
5.41075	1	2509740	2509740	0	
5.41293	1	2509950	2509950	0	
5.41293	1	2511200	2511200	0	
5.4151	1	2511394	2511394	0	
5.4151	1	2512660	2512660	0	
5.41727	1	2512838	2512838	0	
5.41727	1	2514120	2514120	0	
5.41945	1	2514282	2514282	0	
5.41945	1	2515580	2515580	0	
5.42162	1	2515726	2515726	0	
5.42162	1	2517040	2517040	0	
5.42387	1	2517170	2517170	0	
5.42387	1	2518500	2518500	0	
5.42605	1	2518614	2518614	0	
5.42605	1	2519960	2519960	0	
5.42822	1	2520058	2520058	0	
5.42822	1	2521420	2521420	0	
5.43039	1	2521502	2521502	0	
5.43039	1	2522880	2522880	0	
5.43256	1	2522946	2522946	0	
5.43256	1	2524340	2524340	0	
5.43482	1	2524390	2524390	0	
5.43482	1	2525800	2525800	0	
5.43699	1	2525834	2525834	0	
5.43699	1	2527260	2527260	0	
5.43917	1	2527278	2527278	0	
5.43917	1	2528720	2528720	0	
5.44134	1	2528722	2528722	0	
5.44351	1	2530174	2530174	0	
5.44351	1	2530180	2530180	0	
5.44568	1	2531619	2531619	0	
5.44568	1	2531640	2531640	0	
5.44794	1	2533064	2533064	0	
5.44794	1	2533100	2533100	0	
5.45011	1	2534509	2534509	0	
5.45011	1	2534560	2534560	0	
5.4523	1	2535954	2535954	0	
5.4523	1	2536020	2536020	0	
5.4545	1	2537398	2537398	0	
5.4545	1	2537480	2537480	0	
5.45669	1	2538842	2538842	0	
5.45669	1	2538940	2538940	0	
5.45889	1	2540286	2540286	0	
5.45889	1	2540400	2540400	0	
5.46108	1	2541730	2541730	0	
5.46108	1	2541860	2541860	0	
5.46327	1	2543174	2543174	0	
5.46327	1	2543320	2543320	0	
5.46555	1	2544618	2544618	0	
5.46555	1	2544780	2544780	0	
5.46775	1	2546062	2546062	0	
5.46775	1	2546240	2546240	0	
5.46994	1	2547506	2547506	0	
5.46994	1	2547700	2547700	0	
5.47213	1	2548950	2548950	0	
5.47213	1	2549160	2549160	0	
5.47432	1	2550394	2550394	0	
5.47432	1	2550620	2550620	0	
5.47661	1	2551838	2551838	0	
5.47661	1	2552080	2552080	0	
5.4788	1	2553282	2553282	0	
5.4788	1	2553540	2553540	0	
5.481	1	2554726	2554726	0	
5.481	1	2555000	2555000	0	
5.48319	1	2556170	2556170	0	
5.48319	1	2556460	2556460	0	
5.48538	1	2557614	2557614	0	
5.48538	1	2557920	2557920	0	
5.48758	1	2559058	2559058	0	
5.48758	1	2559380	2559380	0	
5.48977	1	2560502	2560502	0	
5.48977	1	2560840	2560840	0	
5.49196	1	2561946	2561946	0	
5.49196	1	2562300	2562300	0	
5.49424	1	2563390	2563390	0	
5.49424	1	2563760	2563760	0	
5.49644	1	2564834	2564834	0	
5.49644	1	2565220	2565220	0	
5.49863	1	2566278	2566278	0	
5.49863	1	2566680	2566680	0	
5.50083	1	2567722	2567722	0	
5.50083	1	2568140	2568140	0	
5.50302	1	2569166	2569166	0	
5.50302	1	2569600	2569600	0	
5.5053	1	2570610	2570610	0	
5.5053	1	2571060	2571060	0	
5.50749	1	2572054	2572054	0	
5.50749	1	2572520	2572520	0	
5.50968	1	2573498	2573498	0	
5.50968	1	2573980	2573980	0	
5.51188	1	2574942	2574942	0	
5.51188	1	2575440	2575440	0	
5.51407	1	2576386	2576386	0	
5.51407	1	2576900	2576900	0	
5.51626	1	2577830	2577830	0	
5.51626	1	2578360	2578360	0	
5.51855	1	2579274	2579274	0	
5.51855	1	2579820	2579820	0	
5.52074	1	2580718	2580718	0	
5.52074	1	2581280	2581280	0	
5.52294	1	2582162	2582162	0	
5.52294	1	2582740	2582740	0	
5.52513	1	2583606	2583606	0	
5.52513	1	2584200	2584200	0	
5.52732	1	2585050	2585050	0	
5.52732	1	2585660	2585660	0	
5.52952	1	2586494	2586494	0	
5.52952	1	2587120	2587120	0	
5.53171	1	2587938	2587938	0	
5.53171	1	2588580	2588580	0	
5.53399	1	2589382	2589382	0	
5.53399	1	2590040	2590040	0	
5.53618	1	2590826	2590826	0	
5.53618	1	2591500	2591500	0	
5.53838	1	2592270	2592270	0	
5.53838	1	2592960	2592960	0	
5.54057	1	2593714	2593714	0	
5.54057	1	2594420	2594420	0	
5.54277	1	2595158	2595158	0	
5.54277	1	2595880	2595880	0	
5.54496	1	2596602	2596602	0	
5.54496	1	2597340	2597340	0	
5.54724	1	2598046	2598046	0	
5.54724	1	2598800	2598800	0	
5.54943	1	2599490	2599490	0	
5.54943	1	2600260	2600260	0	
5.55162	1	2600934	2600934	0	
5.55162	1	2601720	2601720	0	
5.55397	1	2602378	2602378	0	
5.55397	1	2603180	2603180	0	
5.55631	1	2603822	2603822	0	
5.55631	1	2604640	2604640	0	
5.55865	1	2605266	2605266	0	
5.55865	1	2606100	2606100	0	
5.561	1	2606710	2606710	0	
5.561	1	2607560	2607560	0	
5.56343	1	2608154	2608154	0	
5.56343	1	2609020	2609020	0	
5.56578	1	2609598	2609598	0	
5.56578	1	2610480	2610480	0	
5.56812	1	2611042	2611042	0	
5.56812	1	2611940	2611940	0	
5.57046	1	2612486	2612486	0	
5.57046	1	2613400	2613400	0	
5.5728	1	2613930	2613930	0	
5.5728	1	2614860	2614860	0	
5.57524	1	2615374	2615374	0	
5.57524	1	2616320	2616320	0	
5.57758	1	2616818	2616818	0	
5.57758	1	2617780	2617780	0	
5.57992	1	2618262	2618262	0	
5.57992	1	2619240	2619240	0	
5.58227	1	2619706	2619706	0	
5.58227	1	2620700	2620700	0	
5.58461	1	2621150	2621150	0	
5.58461	1	2622160	2622160	0	
5.58696	1	2622594	2622594	0	
5.58696	1	2623620	2623620	0	
5.5893	1	2624038	2624038	0	
5.5893	1	2625080	2625080	0	
5.59164	1	2625482	2625482	0	
5.59164	1	2626540	2626540	0	
5.59407	1	2626926	2626926	0	
5.59407	1	2628000	2628000	0	
5.59642	1	2628370	2628370	0	
5.59642	1	2629460	2629460	0	
5.59876	1	2629814	2629814	0	
5.59876	1	2630920	2630920	0	
5.6011	1	2631258	2631258	0	
5.6011	1	2632380	2632380	0	
5.60344	1	2632702	2632702	0	
5.60344	1	2633840	2633840	0	
5.60588	1	2634146	2634146	0	
5.60588	1	2635300	2635300	0	
5.60823	1	2635590	2635590	0	
5.60823	1	2636760	2636760	0	
5.61057	1	2637034	2637034	0	
5.61057	1	2638220	2638220	0	
5.61291	1	2638478	2638478	0	
5.61291	1	2639680	2639680	0	
5.61525	1	2639922	2639922	0	
5.61525	1	2641140	2641140	0	
5.6176	1	2641366	2641366	0	
5.6176	1	2642600	2642600	0	
5.62003	1	2642810	2642810	0	
5.62003	1	2644060	2644060	0	
5.62237	1	2644254	2644254	0	
5.62237	1	2645520	2645520	0	
5.62471	1	2645698	2645698	0	
5.62471	1	2646980	2646980	0	
5.62706	1	2647142	2647142	0	
5.62706	1	2648440	2648440	0	
5.62941	1	2648586	2648586	0	
5.62941	1	2649900	2649900	0	
5.63175	1	2650030	2650030	0	
5.63175	1	2651360	2651360	0	
5.63409	1	2651474	2651474	0	
5.63409	1	2652820	2652820	0	
5.63652	1	2652918	2652918	0	
5.63652	1	2654280	2654280	0	
5.63887	1	2654362	2654362	0	
5.63887	1	2655740	2655740	0	
5.64121	1	2655806	2655806	0	
5.64121	1	2657200	2657200	0	
5.64355	1	2657250	2657250	0	
5.64355	1	2658660	2658660	0	
5.64589	1	2658694	2658694	0	
5.64589	1	2660120	2660120	0	
5.64823	1	2660138	2660138	0	
5.64823	1	2661580	2661580	0	
5.65067	1	2661582	2661582	0	
5.65308	1	2663034	2663034	0	
5.65308	1	2663040	2663040	0	
5.65548	1	2664479	2664479	0	
5.65548	1	2664500	2664500	0	
5.65789	1	2665924	2665924	0	
5.65789	1	2665960	2665960	0	
5.66029	1	2667369	2667369	0	
5.66029	1	2667420	2667420	0	
5.6627	1	2668814	2668814	0	
5.6627	1	2668880	2668880	0	
5.66511	1	2670258	2670258	0	
5.66511	1	2670340	2670340	0	
5.6676	1	2671702	2671702	0	
5.6676	1	2671800	2671800	0	
5.67001	1	2673146	2673146	0	
5.67001	1	2673260	2673260	0	
5.67242	1	2674590	2674590	0	
5.67242	1	2674720	2674720	0	
5.67483	1	2676034	2676034	0	
5.67483	1	2676180	2676180	0	
5.67723	1	2677478	2677478	0	
5.67723	1	2677640	2677640	0	
5.67964	1	2678922	2678922	0	
5.67964	1	2679100	2679100	0	
5.68214	1	2680366	2680366	0	
5.68214	1	2680560	2680560	0	
5.68455	1	2681810	2681810	0	
5.68455	1	2682020	2682020	0	
5.68695	1	2683254	2683254	0	
5.68695	1	2683480	2683480	0	
5.68936	1	2684698	2684698	0	
5.68936	1	2684940	2684940	0	
5.69176	1	2686142	2686142	0	
5.69176	1	2686400	2686400	0	
5.69417	1	2687586	2687586	0	
5.69417	1	2687860	2687860	0	
5.69658	1	2689030	2689030	0	
5.69658	1	2689320	2689320	0	
5.69908	1	2690474	2690474	0	
5.69908	1	2690780	2690780	0	
5.70149	1	2691918	2691918	0	
5.70149	1	2692240	2692240	0	
5.70389	1	2693362	2693362	0	
5.70389	1	2693700	2693700	0	
5.7063	1	2694806	2694806	0	
5.7063	1	2695160	2695160	0	
5.7087	1	2696250	2696250	0	
5.7087	1	2696620	2696620	0	
5.7112	1	2697694	2697694	0	
5.7112	1	2698080	2698080	0	
5.71361	1	2699138	2699138	0	
5.71361	1	2699540	2699540	0	
5.71601	1	2700582	2700582	0	
5.71601	1	2701000	2701000	0	
5.71843	1	2702026	2702026	0	
5.71843	1	2702460	2702460	0	
5.72083	1	2703470	2703470	0	
5.72083	1	2703920	2703920	0	
5.72324	1	2704914	2704914	0	
5.72324	1	2705380	2705380	0	
5.72574	1	2706358	2706358	0	
5.72574	1	2706840	2706840	0	
5.72814	1	2707802	2707802	0	
5.72814	1	2708300	2708300	0	
5.73055	1	2709246	2709246	0	
5.73055	1	2709760	2709760	0	
5.73295	1	2710690	2710690	0	
5.73295	1	2711220	2711220	0	
5.73536	1	2712134	2712134	0	
5.73536	1	2712680	2712680	0	
5.73777	1	2713578	2713578	0	
5.73777	1	2714140	2714140	0	
5.74017	1	2715022	2715022	0	
5.74017	1	2715600	2715600	0	
5.74268	1	2716466	2716466	0	
5.74268	1	2717060	2717060	0	
5.74508	1	2717910	2717910	0	
5.74508	1	2718520	2718520	0	
5.74749	1	2719354	2719354	0	
5.74749	1	2719980	2719980	0	
5.7499	1	2720798	2720798	0	
5.7499	1	2721440	2721440	0	
5.7523	1	2722242	2722242	0	
5.7523	1	2722900	2722900	0	
5.75456	1	2723686	2723686	0	
5.75456	1	2724360	2724360	0	
5.75692	1	2725130	2725130	0	
5.75692	1	2725820	2725820	0	
5.75918	1	2726574	2726574	0	
5.75918	1	2727280	2727280	0	
5.76144	1	2728018	2728018	0	
5.76144	1	2728740	2728740	0	
5.76371	1	2729462	2729462	0	
5.76371	1	2730200	2730200	0	
5.76597	1	2730906	2730906	0	
5.76597	1	2731660	2731660	0	
5.76824	1	2732350	2732350	0	
5.76824	1	2733120	2733120	0	
5.7705	1	2733794	2733794	0	
5.7705	1	2734580	2734580	0	
5.77285	1	2735238	2735238	0	
5.77285	1	2736040	2736040	0	
5.77511	1	2736682	2736682	0	
5.77511	1	2737500	2737500	0	
5.77738	1	2738126	2738126	0	
5.77738	1	2738960	2738960	0	
5.77964	1	2739570	2739570	0	
5.77964	1	2740420	2740420	0	
5.7819	1	2741014	2741014	0	
5.7819	1	2741880	2741880	0	
5.78417	1	2742458	2742458	0	
5.78417	1	2743340	2743340	0	
5.78652	1	2743902	2743902	0	
5.78652	1	2744800	2744800	0	
5.78879	1	2745346	2745346	0	
5.78879	1	2746260	2746260	0	
5.79105	1	2746790	2746790	0	
5.79105	1	2747720	2747720	0	
5.79331	1	2748234	2748234	0	
5.79331	1	2749180	2749180	0	
5.79558	1	2749678	2749678	0	
5.79558	1	2750640	2750640	0	
5.79784	1	2751122	2751122	0	
5.79784	1	2752100	2752100	0	
5.8001	1	2752566	2752566	0	
5.8001	1	2753560	2753560	0	
5.80245	1	2754010	2754010	0	
5.80245	1	2755020	2755020	0	
5.80472	1	2755454	2755454	0	
5.80472	1	2756480	2756480	0	
5.80698	1	2756898	2756898	0	
5.80698	1	2757940	2757940	0	
5.80925	1	2758342	2758342	0	
5.80925	1	2759400	2759400	0	
5.81151	1	2759786	2759786	0	
5.81151	1	2760860	2760860	0	
5.81377	1	2761230	2761230	0	
5.81377	1	2762320	2762320	0	
5.81612	1	2762674	2762674	0	
5.81612	1	2763780	2763780	0	
5.81839	1	2764118	2764118	0	
5.81839	1	2765240	2765240	0	
5.82065	1	2765562	2765562	0	
5.82065	1	2766700	2766700	0	
5.82291	1	2767006	2767006	0	
5.82291	1	2768160	2768160	0	
5.82518	1	2768450	2768450	0	
5.82518	1	2769620	2769620	0	
5.82744	1	2769894	2769894	0	
5.82744	1	2771080	2771080	0	
5.8298	1	2771338	2771338	0	
5.8298	1	2772540	2772540	0	
5.83206	1	2772782	2772782	0	
5.83206	1	2774000	2774000	0	
5.83432	1	2774226	2774226	0	
5.83432	1	2775460	2775460	0	
5.83659	1	2775670	2775670	0	
5.83659	1	2776920	2776920	0	
5.83885	1	2777114	2777114	0	
5.83885	1	2778380	2778380	0	
5.84111	1	2778558	2778558	0	
5.84111	1	2779840	2779840	0	
5.84337	1	2780002	2780002	0	
5.84337	1	2781300	2781300	0	
5.84573	1	2781446	2781446	0	
5.84573	1	2782760	2782760	0	
5.84799	1	2782890	2782890	0	
5.84799	1	2784220	2784220	0	
5.85026	1	2784334	2784334	0	
5.85026	1	2785680	2785680	0	
5.85263	1	2785778	2785778	0	
5.85263	1	2787140	2787140	0	
5.85501	1	2787222	2787222	0	
5.85501	1	2788600	2788600	0	
5.85738	1	2788666	2788666	0	
5.85738	1	2790060	2790060	0	
5.85984	1	2790110	2790110	0	
5.85984	1	2791520	2791520	0	
5.86222	1	2791554	2791554	0	
5.86222	1	2792980	2792980	0	
5.86459	1	2792998	2792998	0	
5.86459	1	2794440	2794440	0	
5.86696	1	2794442	2794442	0	
5.86933	1	2795894	2795894	0	
5.86933	1	2795900	2795900	0	
5.87171	1	2797339	2797339	0	
5.87171	1	2797360	2797360	0	
5.87409	1	2798784	2798784	0	
5.87409	1	2798820	2798820	0	
5.87655	1	2800229	2800229	0	
5.87655	1	2800280	2800280	0	
5.87893	1	2801674	2801674	0	
5.87893	1	2801740	2801740	0	
5.8813	1	2803118	2803118	0	
5.8813	1	2803200	2803200	0	
5.88368	1	2804562	2804562	0	
5.88368	1	2804660	2804660	0	
5.88605	1	2806006	2806006	0	
5.88605	1	2806120	2806120	0	
5.88842	1	2807450	2807450	0	
5.88842	1	2807580	2807580	0	
5.89089	1	2808894	2808894	0	
5.89089	1	2809040	2809040	0	
5.89326	1	2810338	2810338	0	
5.89326	1	2810500	2810500	0	
5.89564	1	2811782	2811782	0	
5.89564	1	2811960	2811960	0	
5.89802	1	2813226	2813226	0	
5.89802	1	2813420	2813420	0	
5.90039	1	2814670	2814670	0	
5.90039	1	2814880	2814880	0	
5.90286	1	2816114	2816114	0	
5.90286	1	2816340	2816340	0	
5.90523	1	2817558	2817558	0	
5.90523	1	2817800	2817800	0	
5.9076	1	2819002	2819002	0	
5.9076	1	2819260	2819260	0	
5.90998	1	2820446	2820446	0	
5.90998	1	2820720	2820720	0	
5.91235	1	2821890	2821890	0	
5.91235	1	2822180	2822180	0	
5.91472	1	2823334	2823334	0	
5.91472	1	2823640	2823640	0	
5.9171	1	2824778	2824778	0	
5.9171	1	2825100	2825100	0	
5.91948	1	2826222	2826222	0	
5.91948	1	2826560	2826560	0	
5.92194	1	2827666	2827666	0	
5.92194	1	2828020	2828020	0	
5.92432	1	2829110	2829110	0	
5.92432	1	2829480	2829480	0	
5.92669	1	2830554	2830554	0	
5.92669	1	2830940	2830940	0	
5.92907	1	2831998	2831998	0	
5.92907	1	2832400	2832400	0	
5.93144	1	2833442	2833442	0	
5.93144	1	2833860	2833860	0	
5.93391	1	2834886	2834886	0	
5.93391	1	2835320	2835320	0	
5.93628	1	2836330	2836330	0	
5.93628	1	2836780	2836780	0	
5.93865	1	2837774	2837774	0	
5.93865	1	2838240	2838240	0	
5.94103	1	2839218	2839218	0	
5.94103	1	2839700	2839700	0	
5.94341	1	2840662	2840662	0	
5.94341	1	2841160	2841160	0	
5.94578	1	2842106	2842106	0	
5.94578	1	2842620	2842620	0	
5.94815	1	2843550	2843550	0	
5.94815	1	2844080	2844080	0	
5.95053	1	2844994	2844994	0	
5.95053	1	2845540	2845540	0	
5.95302	1	2846438	2846438	0	
5.95302	1	2847000	2847000	0	
5.95543	1	2847882	2847882	0	
5.95543	1	2848460	2848460	0	
5.95783	1	2849326	2849326	0	
5.95783	1	2849920	2849920	0	
5.96023	1	2850770	2850770	0	
5.96023	1	2851380	2851380	0	
5.96264	1	2852214	2852214	0	
5.96264	1	2852840	2852840	0	
5.96514	1	2853658	2853658	0	
5.96514	1	2854300	2854300	0	
5.96754	1	2855102	2855102	0	
5.96754	1	2855760	2855760	0	
5.96995	1	2856546	2856546	0	
5.96995	1	2857220	2857220	0	
5.97235	1	2857990	2857990	0	
5.97235	1	2858680	2858680	0	
5.97475	1	2859434	2859434	0	
5.97475	1	2860140	2860140	0	
5.97716	1	2860878	2860878	0	
5.97716	1	2861600	2861600	0	
5.97956	1	2862322	2862322	0	
5.97956	1	2863060	2863060	0	
5.98196	1	2863766	2863766	0	
5.98196	1	2864520	2864520	0	
5.98446	1	2865210	2865210	0	
5.98446	1	2865980	2865980	0	
5.98687	1	2866654	2866654	0	
5.98687	1	2867440	2867440	0	
5.98927	1	2868098	2868098	0	
5.98927	1	2868900	2868900	0	
5.99167	1	2869542	2869542	0	
5.99167	1	2870360	2870360	0	
5.99408	1	2870986	2870986	0	
5.99408	1	2871820	2871820	0	
5.99657	1	2872430	2872430	0	
5.99657	1	2873280	2873280	0	
5.99898	1	2873874	2873874	0	
5.99898	1	2874740	2874740	0	
6.00138	1	2875318	2875318	0	
6.00138	1	2876200	2876200	0	
6.00378	1	2876762	2876762	0	
6.00378	1	2877660	2877660	0	
6.00618	1	2878206	2878206	0	
6.00618	1	2879120	2879120	0	
6.00869	1	2879650	2879650	0	
6.00869	1	2880580	2880580	0	
6.01109	1	2881094	2881094	0	
6.01109	1	2882040	2882040	0	
6.01349	1	2882538	2882538	0	
6.01349	1	2883500	2883500	0	
6.0159	1	2883982	2883982	0	
6.0159	1	2884960	2884960	0	
6.0183	1	2885426	2885426	0	
6.0183	1	2886420	2886420	0	
6.0207	1	2886870	2886870	0	
6.0207	1	2887880	2887880	0	
6.02311	1	2888314	2888314	0	
6.02311	1	2889340	2889340	0	
6.02551	1	2889758	2889758	0	
6.02551	1	2890800	2890800	0	
6.02801	1	2891202	2891202	0	
6.02801	1	2892260	2892260	0	
6.03041	1	2892646	2892646	0	
6.03041	1	2893720	2893720	0	
6.03282	1	2894090	2894090	0	
6.03282	1	2895180	2895180	0	
6.03522	1	2895534	2895534	0	
6.03522	1	2896640	2896640	0	
6.03763	1	2896978	2896978	0	
6.03763	1	2898100	2898100	0	
6.04012	1	2898422	2898422	0	
6.04012	1	2899560	2899560	0	
6.04252	1	2899866	2899866	0	
6.04252	1	2901020	2901020	0	
6.04493	1	2901310	2901310	0	
6.04493	1	2902480	2902480	0	
6.04733	1	2902754	2902754	0	
6.04733	1	2903940	2903940	0	
6.04973	1	2904198	2904198	0	
6.04973	1	2905400	2905400	0	
6.05214	1	2905642	2905642	0	
6.05214	1	2906860	2906860	0	
6.05443	1	2907086	2907086	0	
6.05443	1	2908320	2908320	0	
6.05674	1	2908530	2908530	0	
6.05674	1	2909780	2909780	0	
6.05912	1	2909974	2909974	0	
6.05912	1	2911240	2911240	0	
6.06142	1	2911418	2911418	0	
6.06142	1	2912700	2912700	0	
6.06372	1	2912862	2912862	0	
6.06372	1	2914160	2914160	0	
6.06601	1	2914306	2914306	0	
6.06601	1	2915620	2915620	0	
6.06831	1	2915750	2915750	0	
6.06831	1	2917080	2917080	0	
6.0707	1	2917194	2917194	0	
6.0707	1	2918540	2918540	0	
6.07299	1	2918638	2918638	0	
6.07299	1	2920000	2920000	0	
6.07529	1	2920082	2920082	0	
6.07529	1	2921460	2921460	0	
6.0776	1	2921526	2921526	0	
6.0776	1	2922920	2922920	0	
6.07989	1	2922970	2922970	0	
6.07989	1	2924380	2924380	0	
6.08219	1	2924414	2924414	0	
6.08219	1	2925840	2925840	0	
6.08448	1	2925858	2925858	0	
6.08448	1	2927300	2927300	0	
6.08678	1	2927302	2927302	0	
6.08916	1	2928754	2928754	0	
6.08916	1	2928760	2928760	0	
6.09146	1	2930199	2930199	0	
6.09146	1	2930220	2930220	0	
6.09376	1	2931644	2931644	0	
6.09376	1	2931680	2931680	0	
6.09605	1	2933089	2933089	0	
6.09605	1	2933140	2933140	0	
6.09835	1	2934534	2934534	0	
6.09835	1	2934600	2934600	0	
6.10074	1	2935978	2935978	0	
6.10074	1	2936060	2936060	0	
6.10304	1	2937422	2937422	0	
6.10304	1	2937520	2937520	0	
6.10534	1	2938866	2938866	0	
6.10534	1	2938980	2938980	0	
6.10763	1	2940310	2940310	0	
6.10763	1	2940440	2940440	0	
6.10993	1	2941754	2941754	0	
6.10993	1	2941900	2941900	0	
6.11232	1	2943198	2943198	0	
6.11232	1	2943360	2943360	0	
6.11461	1	2944642	2944642	0	
6.11461	1	2944820	2944820	0	
6.11691	1	2946086	2946086	0	
6.11691	1	2946280	2946280	0	
6.11921	1	2947530	2947530	0	
6.11921	1	2947740	2947740	0	
6.12151	1	2948974	2948974	0	
6.12151	1	2949200	2949200	0	
6.12381	1	2950418	2950418	0	
6.12381	1	2950660	2950660	0	
6.12611	1	2951862	2951862	0	
6.12611	1	2952120	2952120	0	
6.1284	1	2953306	2953306	0	
6.1284	1	2953580	2953580	0	
6.13079	1	2954750	2954750	0	
6.13079	1	2955040	2955040	0	
6.13309	1	2956194	2956194	0	
6.13309	1	2956500	2956500	0	
6.13538	1	2957638	2957638	0	
6.13538	1	2957960	2957960	0	
6.13768	1	2959082	2959082	0	
6.13768	1	2959420	2959420	0	
6.13998	1	2960526	2960526	0	
6.13998	1	2960880	2960880	0	
6.14237	1	2961970	2961970	0	
6.14237	1	2962340	2962340	0	
6.14467	1	2963414	2963414	0	
6.14467	1	2963800	2963800	0	
6.14696	1	2964858	2964858	0	
6.14696	1	2965260	2965260	0	
6.14926	1	2966302	2966302	0	
6.14926	1	2966720	2966720	0	
6.15156	1	2967746	2967746	0	
6.15156	1	2968180	2968180	0	
6.15372	1	2969190	2969190	0	
6.15372	1	2969640	2969640	0	
6.15588	1	2970634	2970634	0	
6.15588	1	2971100	2971100	0	
6.15804	1	2972078	2972078	0	
6.15804	1	2972560	2972560	0	
6.16028	1	2973522	2973522	0	
6.16028	1	2974020	2974020	0	
6.16244	1	2974966	2974966	0	
6.16244	1	2975480	2975480	0	
6.16461	1	2976410	2976410	0	
6.16461	1	2976940	2976940	0	
6.16677	1	2977854	2977854	0	
6.16677	1	2978400	2978400	0	
6.16893	1	2979298	2979298	0	
6.16893	1	2979860	2979860	0	
6.17117	1	2980742	2980742	0	
6.17117	1	2981320	2981320	0	
6.17333	1	2982186	2982186	0	
6.17333	1	2982780	2982780	0	
6.17549	1	2983630	2983630	0	
6.17549	1	2984240	2984240	0	
6.17765	1	2985074	2985074	0	
6.17765	1	2985700	2985700	0	
6.17981	1	2986518	2986518	0	
6.17981	1	2987160	2987160	0	
6.18197	1	2987962	2987962	0	
6.18197	1	2988620	2988620	0	
6.18422	1	2989406	2989406	0	
6.18422	1	2990080	2990080	0	
6.18638	1	2990850	2990850	0	
6.18638	1	2991540	2991540	0	
6.18854	1	2992294	2992294	0	
6.18854	1	2993000	2993000	0	
6.1907	1	2993738	2993738	0	
6.1907	1	2994460	2994460	0	
6.19286	1	2995182	2995182	0	
6.19286	1	2995920	2995920	0	
6.19502	1	2996626	2996626	0	
6.19502	1	2997380	2997380	0	
6.19718	1	2998070	2998070	0	
6.19718	1	2998840	2998840	0	
6.19934	1	2999514	2999514	0	
6.19934	1	3000300	3000300	0	
6.20158	1	3000958	3000958	0	
6.20158	1	3001760	3001760	0	
6.20374	1	3002402	3002402	0	
6.20374	1	3003220	3003220	0	
6.20591	1	3003846	3003846	0	
6.20591	1	3004680	3004680	0	
6.20807	1	3005290	3005290	0	
6.20807	1	3006140	3006140	0	
6.21023	1	3006734	3006734	0	
6.21023	1	3007600	3007600	0	
6.21247	1	3008178	3008178	0	
6.21247	1	3009060	3009060	0	
6.21463	1	3009622	3009622	0	
6.21463	1	3010520	3010520	0	
6.21679	1	3011066	3011066	0	
6.21679	1	3011980	3011980	0	
6.21895	1	3012510	3012510	0	
6.21895	1	3013440	3013440	0	
6.22111	1	3013954	3013954	0	
6.22111	1	3014900	3014900	0	
6.22327	1	3015398	3015398	0	
6.22327	1	3016360	3016360	0	
6.22543	1	3016842	3016842	0	
6.22543	1	3017820	3017820	0	
6.22759	1	3018286	3018286	0	
6.22759	1	3019280	3019280	0	
6.22984	1	3019730	3019730	0	
6.22984	1	3020740	3020740	0	
6.232	1	3021174	3021174	0	
6.232	1	3022200	3022200	0	
6.23416	1	3022618	3022618	0	
6.23416	1	3023660	3023660	0	
6.23632	1	3024062	3024062	0	
6.23632	1	3025120	3025120	0	
6.23848	1	3025506	3025506	0	
6.23848	1	3026580	3026580	0	
6.24072	1	3026950	3026950	0	
6.24072	1	3028040	3028040	0	
6.24288	1	3028394	3028394	0	
6.24288	1	3029500	3029500	0	
6.24504	1	3029838	3029838	0	
6.24504	1	3030960	3030960	0	
6.24721	1	3031282	3031282	0	
6.24721	1	3032420	3032420	0	
6.24937	1	3032726	3032726	0	
6.24937	1	3033880	3033880	0	
6.25153	1	3034170	3034170	0	
6.25153	1	3035340	3035340	0	
6.25364	1	3035614	3035614	0	
6.25364	1	3036800	3036800	0	
6.25575	1	3037058	3037058	0	
6.25575	1	3038260	3038260	0	
6.25794	1	3038502	3038502	0	
6.25794	1	3039720	3039720	0	
6.26006	1	3039946	3039946	0	
6.26006	1	3041180	3041180	0	
6.26217	1	3041390	3041390	0	
6.26217	1	3042640	3042640	0	
6.26428	1	3042834	3042834	0	
6.26428	1	3044100	3044100	0	
6.26639	1	3044278	3044278	0	
6.26639	1	3045560	3045560	0	
6.2686	1	3045722	3045722	0	
6.2686	1	3047020	3047020	0	
6.27071	1	3047166	3047166	0	
6.27071	1	3048480	3048480	0	
6.27282	1	3048610	3048610	0	
6.27282	1	3049940	3049940	0	
6.27493	1	3050054	3050054	0	
6.27493	1	3051400	3051400	0	
6.27705	1	3051498	3051498	0	
6.27705	1	3052860	3052860	0	
6.27924	1	3052942	3052942	0	
6.27924	1	3054320	3054320	0	
6.28135	1	3054386	3054386	0	
6.28135	1	3055780	3055780	0	
6.28346	1	3055830	3055830	0	
6.28346	1	3057240	3057240	0	
6.28557	1	3057274	3057274	0	
6.28557	1	3058700	3058700	0	
6.28769	1	3058718	3058718	0	
6.28769	1	3060160	3060160	0	
6.2898	1	3060162	3060162	0	
6.29192	1	3061614	3061614	0	
6.29192	1	3061620	3061620	0	
6.29403	1	3063059	3063059	0	
6.29403	1	3063080	3063080	0	
6.29622	1	3064504	3064504	0	
6.29622	1	3064540	3064540	0	
6.29833	1	3065949	3065949	0	
6.29833	1	3066000	3066000	0	
6.30045	1	3067394	3067394	0	
6.30045	1	3067460	3067460	0	
6.30256	1	3068838	3068838	0	
6.30256	1	3068920	3068920	0	
6.30467	1	3070282	3070282	0	
6.30467	1	3070380	3070380	0	
6.30687	1	3071726	3071726	0	
6.30687	1	3071840	3071840	0	
6.30899	1	3073170	3073170	0	
6.30899	1	3073300	3073300	0	
6.3111	1	3074614	3074614	0	
6.3111	1	3074760	3074760	0	
6.31321	1	3076058	3076058	0	
6.31321	1	3076220	3076220	0	
6.31532	1	3077502	3077502	0	
6.31532	1	3077680	3077680	0	
6.31743	1	3078946	3078946	0	
6.31743	1	3079140	3079140	0	
6.31955	1	3080390	3080390	0	
6.31955	1	3080600	3080600	0	
6.32166	1	3081834	3081834	0	
6.32166	1	3082060	3082060	0	
6.32385	1	3083278	3083278	0	
6.32385	1	3083520	3083520	0	
6.32597	1	3084722	3084722	0	
6.32597	1	3084980	3084980	0	
6.32809	1	3086166	3086166	0	
6.32809	1	3086440	3086440	0	
6.3302	1	3087610	3087610	0	
6.3302	1	3087900	3087900	0	
6.33231	1	3089054	3089054	0	
6.33231	1	3089360	3089360	0	
6.3345	1	3090498	3090498	0	
6.3345	1	3090820	3090820	0	
6.33662	1	3091942	3091942	0	
6.33662	1	3092280	3092280	0	
6.33873	1	3093386	3093386	0	
6.33873	1	3093740	3093740	0	
6.34084	1	3094830	3094830	0	
6.34084	1	3095200	3095200	0	
6.34295	1	3096274	3096274	0	
6.34295	1	3096660	3096660	0	
6.34507	1	3097718	3097718	0	
6.34507	1	3098120	3098120	0	
6.34718	1	3099162	3099162	0	
6.34718	1	3099580	3099580	0	
6.3493	1	3100606	3100606	0	
6.3493	1	3101040	3101040	0	
6.35149	1	3102050	3102050	0	
6.35149	1	3102500	3102500	0	
6.35379	1	3103494	3103494	0	
6.35379	1	3103960	3103960	0	
6.35609	1	3104938	3104938	0	
6.35609	1	3105420	3105420	0	
6.35839	1	3106382	3106382	0	
6.35839	1	3106880	3106880	0	
6.36069	1	3107826	3107826	0	
6.36069	1	3108340	3108340	0	
6.36308	1	3109270	3109270	0	
6.36308	1	3109800	3109800	0	
6.36538	1	3110714	3110714	0	
6.36538	1	3111260	3111260	0	
6.36768	1	3112158	3112158	0	
6.36768	1	3112720	3112720	0	
6.36999	1	3113602	3113602	0	
6.36999	1	3114180	3114180	0	
6.37228	1	3115046	3115046	0	
6.37228	1	3115640	3115640	0	
6.37467	1	3116490	3116490	0	
6.37467	1	3117100	3117100	0	
6.37697	1	3117934	3117934	0	
6.37697	1	3118560	3118560	0	
6.37927	1	3119378	3119378	0	
6.37927	1	3120020	3120020	0	
6.38157	1	3120822	3120822	0	
6.38157	1	3121480	3121480	0	
6.38387	1	3122266	3122266	0	
6.38387	1	3122940	3122940	0	
6.38617	1	3123710	3123710	0	
6.38617	1	3124400	3124400	0	
6.38847	1	3125154	3125154	0	
6.38847	1	3125860	3125860	0	
6.39077	1	3126598	3126598	0	
6.39077	1	3127320	3127320	0	
6.39317	1	3128042	3128042	0	
6.39317	1	3128780	3128780	0	
6.39547	1	3129486	3129486	0	
6.39547	1	3130240	3130240	0	
6.39777	1	3130930	3130930	0	
6.39777	1	3131700	3131700	0	
6.40006	1	3132374	3132374	0	
6.40006	1	3133160	3133160	0	
6.40236	1	3133818	3133818	0	
6.40236	1	3134620	3134620	0	
6.40475	1	3135262	3135262	0	
6.40475	1	3136080	3136080	0	
6.40705	1	3136706	3136706	0	
6.40705	1	3137540	3137540	0	
6.40935	1	3138150	3138150	0	
6.40935	1	3139000	3139000	0	
6.41165	1	3139594	3139594	0	
6.41165	1	3140460	3140460	0	
6.41396	1	3141038	3141038	0	
6.41396	1	3141920	3141920	0	
6.41626	1	3142482	3142482	0	
6.41626	1	3143380	3143380	0	
6.41856	1	3143926	3143926	0	
6.41856	1	3144840	3144840	0	
6.42086	1	3145370	3145370	0	
6.42086	1	3146300	3146300	0	
6.42325	1	3146814	3146814	0	
6.42325	1	3147760	3147760	0	
6.42554	1	3148258	3148258	0	
6.42554	1	3149220	3149220	0	
6.42784	1	3149702	3149702	0	
6.42784	1	3150680	3150680	0	
6.43014	1	3151146	3151146	0	
6.43014	1	3152140	3152140	0	
6.43244	1	3152590	3152590	0	
6.43244	1	3153600	3153600	0	
6.43484	1	3154034	3154034	0	
6.43484	1	3155060	3155060	0	
6.43714	1	3155478	3155478	0	
6.43714	1	3156520	3156520	0	
6.43944	1	3156922	3156922	0	
6.43944	1	3157980	3157980	0	
6.44174	1	3158366	3158366	0	
6.44174	1	3159440	3159440	0	
6.44404	1	3159810	3159810	0	
6.44404	1	3160900	3160900	0	
6.44634	1	3161254	3161254	0	
6.44634	1	3162360	3162360	0	
6.44864	1	3162698	3162698	0	
6.44864	1	3163820	3163820	0	
6.45094	1	3164142	3164142	0	
6.45094	1	3165280	3165280	0	
6.45315	1	3165586	3165586	0	
6.45315	1	3166740	3166740	0	
6.45529	1	3167030	3167030	0	
6.45529	1	3168200	3168200	0	
6.45743	1	3168474	3168474	0	
6.45743	1	3169660	3169660	0	
6.45956	1	3169918	3169918	0	
6.45956	1	3171120	3171120	0	
6.46169	1	3171362	3171362	0	
6.46169	1	3172580	3172580	0	
6.46391	1	3172806	3172806	0	
6.46391	1	3174040	3174040	0	
6.46604	1	3174250	3174250	0	
6.46604	1	3175500	3175500	0	
6.46818	1	3175694	3175694	0	
6.46818	1	3176960	3176960	0	
6.47031	1	3177138	3177138	0	
6.47031	1	3178420	3178420	0	
6.47244	1	3178582	3178582	0	
6.47244	1	3179880	3179880	0	
6.47466	1	3180026	3180026	0	
6.47466	1	3181340	3181340	0	
6.4768	1	3181470	3181470	0	
6.4768	1	3182800	3182800	0	
6.47893	1	3182914	3182914	0	
6.47893	1	3184260	3184260	0	
6.48107	1	3184358	3184358	0	
6.48107	1	3185720	3185720	0	
6.4832	1	3185802	3185802	0	
6.4832	1	3187180	3187180	0	
6.48533	1	3187246	3187246	0	
6.48533	1	3188640	3188640	0	
6.48746	1	3188690	3188690	0	
6.48746	1	3190100	3190100	0	
6.4896	1	3190134	3190134	0	
6.4896	1	3191560	3191560	0	
6.49181	1	3191578	3191578	0	
6.49181	1	3193020	3193020	0	
6.49394	1	3193022	3193022	0	
6.49608	1	3194474	3194474	0	
6.49608	1	3194480	3194480	0	
6.49822	1	3195919	3195919	0	
6.49822	1	3195940	3195940	0	
6.50035	1	3197364	3197364	0	
6.50035	1	3197400	3197400	0	
6.50257	1	3198809	3198809	0	
6.50257	1	3198860	3198860	0	
6.5047	1	3200254	3200254	0	
6.5047	1	3200320	3200320	0	
6.50683	1	3201698	3201698	0	
6.50683	1	3201780	3201780	0	
6.50897	1	3203142	3203142	0	
6.50897	1	3203240	3203240	0	
6.5111	1	3204586	3204586	0	
6.5111	1	3204700	3204700	0	
6.51323	1	3206030	3206030	0	
6.51323	1	3206160	3206160	0	
6.51537	1	3207474	3207474	0	
6.51537	1	3207620	3207620	0	
6.5175	1	3208918	3208918	0	
6.5175	1	3209080	3209080	0	
6.51972	1	3210362	3210362	0	
6.51972	1	3210540	3210540	0	
6.52186	1	3211806	3211806	0	
6.52186	1	3212000	3212000	0	
6.52399	1	3213250	3213250	0	
6.52399	1	3213460	3213460	0	
6.52612	1	3214694	3214694	0	
6.52612	1	3214920	3214920	0	
6.52826	1	3216138	3216138	0	
6.52826	1	3216380	3216380	0	
6.53039	1	3217582	3217582	0	
6.53039	1	3217840	3217840	0	
6.53261	1	3219026	3219026	0	
6.53261	1	3219300	3219300	0	
6.53474	1	3220470	3220470	0	
6.53474	1	3220760	3220760	0	
6.53687	1	3221914	3221914	0	
6.53687	1	3222220	3222220	0	
6.53901	1	3223358	3223358	0	
6.53901	1	3223680	3223680	0	
6.54115	1	3224802	3224802	0	
6.54115	1	3225140	3225140	0	
6.54336	1	3226246	3226246	0	
6.54336	1	3226600	3226600	0	
6.5455	1	3227690	3227690	0	
6.5455	1	3228060	3228060	0	
6.54763	1	3229134	3229134	0	
6.54763	1	3229520	3229520	0	
6.54976	1	3230578	3230578	0	
6.54976	1	3230980	3230980	0	
6.5519	1	3232022	3232022	0	
6.5519	1	3232440	3232440	0	
6.55417	1	3233466	3233466	0	
6.55417	1	3233900	3233900	0	
6.55645	1	3234910	3234910	0	
6.55645	1	3235360	3235360	0	
6.55872	1	3236354	3236354	0	
6.55872	1	3236820	3236820	0	
6.56109	1	3237798	3237798	0	
6.56109	1	3238280	3238280	0	
6.56337	1	3239242	3239242	0	
6.56337	1	3239740	3239740	0	
6.56564	1	3240686	3240686	0	
6.56564	1	3241200	3241200	0	
6.56791	1	3242130	3242130	0	
6.56791	1	3242660	3242660	0	
6.57019	1	3243574	3243574	0	
6.57019	1	3244120	3244120	0	
6.57255	1	3245018	3245018	0	
6.57255	1	3245580	3245580	0	
6.57483	1	3246462	3246462	0	
6.57483	1	3247040	3247040	0	
6.5771	1	3247906	3247906	0	
6.5771	1	3248500	3248500	0	
6.57938	1	3249350	3249350	0	
6.57938	1	3249960	3249960	0	
6.58166	1	3250794	3250794	0	
6.58166	1	3251420	3251420	0	
6.58393	1	3252238	3252238	0	
6.58393	1	3252880	3252880	0	
6.58621	1	3253682	3253682	0	
6.58621	1	3254340	3254340	0	
6.58848	1	3255126	3255126	0	
6.58848	1	3255800	3255800	0	
6.59085	1	3256570	3256570	0	
6.59085	1	3257260	3257260	0	
6.59312	1	3258014	3258014	0	
6.59312	1	3258720	3258720	0	
6.5954	1	3259458	3259458	0	
6.5954	1	3260180	3260180	0	
6.59767	1	3260902	3260902	0	
6.59767	1	3261640	3261640	0	
6.59995	1	3262346	3262346	0	
6.59995	1	3263100	3263100	0	
6.60232	1	3263790	3263790	0	
6.60232	1	3264560	3264560	0	
6.60459	1	3265234	3265234	0	
6.60459	1	3266020	3266020	0	
6.60687	1	3266678	3266678	0	
6.60687	1	3267480	3267480	0	
6.60914	1	3268122	3268122	0	
6.60914	1	3268940	3268940	0	
6.61142	1	3269566	3269566	0	
6.61142	1	3270400	3270400	0	
6.61369	1	3271010	3271010	0	
6.61369	1	3271860	3271860	0	
6.61596	1	3272454	3272454	0	
6.61596	1	3273320	3273320	0	
6.61824	1	3273898	3273898	0	
6.61824	1	3274780	3274780	0	
6.6206	1	3275342	3275342	0	
6.6206	1	3276240	3276240	0	
6.62288	1	3276786	3276786	0	
6.62288	1	3277700	3277700	0	
6.62516	1	3278230	3278230	0	
6.62516	1	3279160	3279160	0	
6.62743	1	3279674	3279674	0	
6.62743	1	3280620	3280620	0	
6.62971	1	3281118	3281118	0	
6.62971	1	3282080	3282080	0	
6.63207	1	3282562	3282562	0	
6.63207	1	3283540	3283540	0	
6.63435	1	3284006	3284006	0	
6.63435	1	3285000	3285000	0	
6.63662	1	3285450	3285450	0	
6.63662	1	3286460	3286460	0	
6.6389	1	3286894	3286894	0	
6.6389	1	3287920	3287920	0	
6.64117	1	3288338	3288338	0	
6.64117	1	3289380	3289380	0	
6.64353	1	3289782	3289782	0	
6.64353	1	3290840	3290840	0	
6.64582	1	3291226	3291226	0	
6.64582	1	3292300	3292300	0	
6.64809	1	3292670	3292670	0	
6.64809	1	3293760	3293760	0	
6.65037	1	3294114	3294114	0	
6.65037	1	3295220	3295220	0	
6.65244	1	3295558	3295558	0	
6.65244	1	3296680	3296680	0	
6.6545	1	3297002	3297002	0	
6.6545	1	3298140	3298140	0	
6.65657	1	3298446	3298446	0	
6.65657	1	3299600	3299600	0	
6.65864	1	3299890	3299890	0	
6.65864	1	3301060	3301060	0	
6.66079	1	3301334	3301334	0	
6.66079	1	3302520	3302520	0	
6.66286	1	3302778	3302778	0	
6.66286	1	3303980	3303980	0	
6.66493	1	3304222	3304222	0	
6.66493	1	3305440	3305440	0	
6.667	1	3305666	3305666	0	
6.667	1	3306900	3306900	0	
6.66907	1	3307110	3307110	0	
6.66907	1	3308360	3308360	0	
6.67122	1	3308554	3308554	0	
6.67122	1	3309820	3309820	0	
6.67329	1	3309998	3309998	0	
6.67329	1	3311280	3311280	0	
6.67536	1	3311442	3311442	0	
6.67536	1	3312740	3312740	0	
6.67743	1	3312886	3312886	0	
6.67743	1	3314200	3314200	0	
6.6795	1	3314330	3314330	0	
6.6795	1	3315660	3315660	0	
6.68157	1	3315774	3315774	0	
6.68157	1	3317120	3317120	0	
6.68364	1	3317218	3317218	0	
6.68364	1	3318580	3318580	0	
6.68571	1	3318662	3318662	0	
6.68571	1	3320040	3320040	0	
6.68786	1	3320106	3320106	0	
6.68786	1	3321500	3321500	0	
6.68993	1	3321550	3321550	0	
6.68993	1	3322960	3322960	0	
6.692	1	3322994	3322994	0	
6.692	1	3324420	3324420	0	
6.69406	1	3324438	3324438	0	
6.69406	1	3325880	3325880	0	
6.69613	1	3325882	3325882	0	
6.69828	1	3327334	3327334	0	
6.69828	1	3327340	3327340	0	
6.70035	1	3328779	3328779	0	
6.70035	1	3328800	3328800	0	
6.70242	1	3330224	3330224	0	
6.70242	1	3330260	3330260	0	
6.70449	1	3331669	3331669	0	
6.70449	1	3331720	3331720	0	
6.70656	1	3333114	3333114	0	
6.70656	1	3333180	3333180	0	
6.70863	1	3334558	3334558	0	
6.70863	1	3334640	3334640	0	
6.7107	1	3336002	3336002	0	
6.7107	1	3336100	3336100	0	
6.71277	1	3337446	3337446	0	
6.71277	1	3337560	3337560	0	
6.71492	1	3338890	3338890	0	
6.71492	1	3339020	3339020	0	
6.71699	1	3340334	3340334	0	
6.71699	1	3340480	3340480	0	
6.71906	1	3341778	3341778	0	
6.71906	1	3341940	3341940	0	
6.72113	1	3343222	3343222	0	
6.72113	1	3343400	3343400	0	
6.72319	1	3344666	3344666	0	
6.72319	1	3344860	3344860	0	
6.72535	1	3346110	3346110	0	
6.72535	1	3346320	3346320	0	
6.72742	1	3347554	3347554	0	
6.72742	1	3347780	3347780	0	
6.72949	1	3348998	3348998	0	
6.72949	1	3349240	3349240	0	
6.73156	1	3350442	3350442	0	
6.73156	1	3350700	3350700	0	
6.73363	1	3351886	3351886	0	
6.73363	1	3352160	3352160	0	
6.73578	1	3353330	3353330	0	
6.73578	1	3353620	3353620	0	
6.73784	1	3354774	3354774	0	
6.73784	1	3355080	3355080	0	
6.73991	1	3356218	3356218	0	
6.73991	1	3356540	3356540	0	
6.74198	1	3357662	3357662	0	
6.74198	1	3358000	3358000	0	
6.74405	1	3359106	3359106	0	
6.74405	1	3359460	3359460	0	
6.74613	1	3360550	3360550	0	
6.74613	1	3360920	3360920	0	
6.7482	1	3361994	3361994	0	
6.7482	1	3362380	3362380	0	
6.75026	1	3363438	3363438	0	
6.75026	1	3363840	3363840	0	
6.7527	1	3364882	3364882	0	
6.7527	1	3365300	3365300	0	
6.75505	1	3366326	3366326	0	
6.75505	1	3366760	3366760	0	
6.7574	1	3367770	3367770	0	
6.7574	1	3368220	3368220	0	
6.75975	1	3369214	3369214	0	
6.75975	1	3369680	3369680	0	
6.7621	1	3370658	3370658	0	
6.7621	1	3371140	3371140	0	
6.76454	1	3372102	3372102	0	
6.76454	1	3372600	3372600	0	
6.7669	1	3373546	3373546	0	
6.7669	1	3374060	3374060	0	
6.76924	1	3374990	3374990	0	
6.76924	1	3375520	3375520	0	
6.77159	1	3376434	3376434	0	
6.77159	1	3376980	3376980	0	
6.77394	1	3377878	3377878	0	
6.77394	1	3378440	3378440	0	
6.77629	1	3379322	3379322	0	
6.77629	1	3379900	3379900	0	
6.77864	1	3380766	3380766	0	
6.77864	1	3381360	3381360	0	
6.78099	1	3382210	3382210	0	
6.78099	1	3382820	3382820	0	
6.78343	1	3383654	3383654	0	
6.78343	1	3384280	3384280	0	
6.78578	1	3385098	3385098	0	
6.78578	1	3385740	3385740	0	
6.78813	1	3386542	3386542	0	
6.78813	1	3387200	3387200	0	
6.79048	1	3387986	3387986	0	
6.79048	1	3388660	3388660	0	
6.79283	1	3389430	3389430	0	
6.79283	1	3390120	3390120	0	
6.79527	1	3390874	3390874	0	
6.79527	1	3391580	3391580	0	
6.79762	1	3392318	3392318	0	
6.79762	1	3393040	3393040	0	
6.79997	1	3393762	3393762	0	
6.79997	1	3394500	3394500	0	
6.80232	1	3395206	3395206	0	
6.80232	1	3395960	3395960	0	
6.80467	1	3396650	3396650	0	
6.80467	1	3397420	3397420	0	
6.80702	1	3398094	3398094	0	
6.80702	1	3398880	3398880	0	
6.80936	1	3399538	3399538	0	
6.80936	1	3400340	3400340	0	
6.81171	1	3400982	3400982	0	
6.81171	1	3401800	3401800	0	
6.81416	1	3402426	3402426	0	
6.81416	1	3403260	3403260	0	
6.81651	1	3403870	3403870	0	
6.81651	1	3404720	3404720	0	
6.81886	1	3405314	3405314	0	
6.81886	1	3406180	3406180	0	
6.82121	1	3406758	3406758	0	
6.82121	1	3407640	3407640	0	
6.82356	1	3408202	3408202	0	
6.82356	1	3409100	3409100	0	
6.826	1	3409646	3409646	0	
6.826	1	3410560	3410560	0	
6.82835	1	3411090	3411090	0	
6.82835	1	3412020	3412020	0	
6.83069	1	3412534	3412534	0	
6.83069	1	3413480	3413480	0	
6.83304	1	3413978	3413978	0	
6.83304	1	3414940	3414940	0	
6.8354	1	3415422	3415422	0	
6.8354	1	3416400	3416400	0	
6.83784	1	3416866	3416866	0	
6.83784	1	3417860	3417860	0	
6.84019	1	3418310	3418310	0	
6.84019	1	3419320	3419320	0	
6.84254	1	3419754	3419754	0	
6.84254	1	3420780	3420780	0	
6.84489	1	3421198	3421198	0	
6.84489	1	3422240	3422240	0	
6.84723	1	3422642	3422642	0	
6.84723	1	3423700	3423700	0	
6.84958	1	3424086	3424086	0	
6.84958	1	3425160	3425160	0	
6.85193	1	3425530	3425530	0	
6.85193	1	3426620	3426620	0	
6.85423	1	3426974	3426974	0	
6.85423	1	3428080	3428080	0	
6.85662	1	3428418	3428418	0	
6.85662	1	3429540	3429540	0	
6.85891	1	3429862	3429862	0	
6.85891	1	3431000	3431000	0	
6.86121	1	3431306	3431306	0	
6.86121	1	3432460	3432460	0	
6.86351	1	3432750	3432750	0	
6.86351	1	3433920	3433920	0	
6.8658	1	3434194	3434194	0	
6.8658	1	3435380	3435380	0	
6.86819	1	3435638	3435638	0	
6.86819	1	3436840	3436840	0	
6.87048	1	3437082	3437082	0	
6.87048	1	3438300	3438300	0	
6.87278	1	3438526	3438526	0	
6.87278	1	3439760	3439760	0	
6.87507	1	3439970	3439970	0	
6.87507	1	3441220	3441220	0	
6.87737	1	3441414	3441414	0	
6.87737	1	3442680	3442680	0	
6.87967	1	3442858	3442858	0	
6.87967	1	3444140	3444140	0	
6.88197	1	3444302	3444302	0	
6.88197	1	3445600	3445600	0	
6.88426	1	3445746	3445746	0	
6.88426	1	3447060	3447060	0	
6.88665	1	3447190	3447190	0	
6.88665	1	3448520	3448520	0	
6.88894	1	3448634	3448634	0	
6.88894	1	3449980	3449980	0	
6.89124	1	3450078	3450078	0	
6.89124	1	3451440	3451440	0	
6.89353	1	3451522	3451522	0	
6.89353	1	3452900	3452900	0	
6.89583	1	3452966	3452966	0	
6.89583	1	3454360	3454360	0	
6.89812	1	3454410	3454410	0	
6.89812	1	3455820	3455820	0	
6.90051	1	3455854	3455854	0	
6.90051	1	3457280	3457280	0	
6.9028	1	3457298	3457298	0	
6.9028	1	3458740	3458740	0	
6.9051	1	3458742	3458742	0	
6.90739	1	3460194	3460194	0	
6.90739	1	3460200	3460200	0	
6.90969	1	3461639	3461639	0	
6.90969	1	3461660	3461660	0	
6.91199	1	3463084	3463084	0	
6.91199	1	3463120	3463120	0	
6.91428	1	3464529	3464529	0	
6.91428	1	3464580	3464580	0	
6.91658	1	3465974	3465974	0	
6.91658	1	3466040	3466040	0	
6.91896	1	3467418	3467418	0	
6.91896	1	3467500	3467500	0	
6.92126	1	3468862	3468862	0	
6.92126	1	3468960	3468960	0	
6.92356	1	3470306	3470306	0	
6.92356	1	3470420	3470420	0	
6.92585	1	3471750	3471750	0	
6.92585	1	3471880	3471880	0	
6.92815	1	3473194	3473194	0	
6.92815	1	3473340	3473340	0	
6.93053	1	3474638	3474638	0	
6.93053	1	3474800	3474800	0	
6.93283	1	3476082	3476082	0	
6.93283	1	3476260	3476260	0	
6.93512	1	3477526	3477526	0	
6.93512	1	3477720	3477720	0	
6.93742	1	3478970	3478970	0	
6.93742	1	3479180	3479180	0	
6.93972	1	3480414	3480414	0	
6.93972	1	3480640	3480640	0	
6.9421	1	3481858	3481858	0	
6.9421	1	3482100	3482100	0	
6.9444	1	3483302	3483302	0	
6.9444	1	3483560	3483560	0	
6.9467	1	3484746	3484746	0	
6.9467	1	3485020	3485020	0	
6.94899	1	3486190	3486190	0	
6.94899	1	3486480	3486480	0	
6.95129	1	3487634	3487634	0	
6.95129	1	3487940	3487940	0	
6.95362	1	3489078	3489078	0	
6.95362	1	3489400	3489400	0	
6.95594	1	3490522	3490522	0	
6.95594	1	3490860	3490860	0	
6.95827	1	3491966	3491966	0	
6.95827	1	3492320	3492320	0	
6.96069	1	3493410	3493410	0	
6.96069	1	3493780	3493780	0	
6.96301	1	3494854	3494854	0	
6.96301	1	3495240	3495240	0	
6.96534	1	3496298	3496298	0	
6.96534	1	3496700	3496700	0	
6.96767	1	3497742	3497742	0	
6.96767	1	3498160	3498160	0	
6.97	1	3499186	3499186	0	
6.97	1	3499620	3499620	0	
6.97242	1	3500630	3500630	0	
6.97242	1	3501080	3501080	0	
6.97474	1	3502074	3502074	0	
6.97474	1	3502540	3502540	0	
6.97707	1	3503518	3503518	0	
6.97707	1	3504000	3504000	0	
6.9794	1	3504962	3504962	0	
6.9794	1	3505460	3505460	0	
6.98173	1	3506406	3506406	0	
6.98173	1	3506920	3506920	0	
6.98405	1	3507850	3507850	0	
6.98405	1	3508380	3508380	0	
6.98638	1	3509294	3509294	0	
6.98638	1	3509840	3509840	0	
6.98871	1	3510738	3510738	0	
6.98871	1	3511300	3511300	0	
6.99113	1	3512182	3512182	0	
6.99113	1	3512760	3512760	0	
6.99346	1	3513626	3513626	0	
6.99346	1	3514220	3514220	0	
6.99578	1	3515070	3515070	0	
6.99578	1	3515680	3515680	0	
6.99811	1	3516514	3516514	0	
6.99811	1	3517140	3517140	0	
7.00044	1	3517958	3517958	0	
7.00044	1	3518600	3518600	0	
7.00285	1	3519402	3519402	0	
7.00285	1	3520060	3520060	0	
7.00518	1	3520846	3520846	0	
7.00518	1	3521520	3521520	0	
7.00751	1	3522290	3522290	0	
7.00751	1	3522980	3522980	0	
7.00983	1	3523734	3523734	0	
7.00983	1	3524440	3524440	0	
7.01217	1	3525178	3525178	0	
7.01217	1	3525900	3525900	0	
7.01459	1	3526622	3526622	0	
7.01459	1	3527360	3527360	0	
7.01691	1	3528066	3528066	0	
7.01691	1	3528820	3528820	0	
7.01924	1	3529510	3529510	0	
7.01924	1	3530280	3530280	0	
7.02157	1	3530954	3530954	0	
7.02157	1	3531740	3531740	0	
7.02389	1	3532398	3532398	0	
7.02389	1	3533200	3533200	0	
7.02622	1	3533842	3533842	0	
7.02622	1	3534660	3534660	0	
7.02855	1	3535286	3535286	0	
7.02855	1	3536120	3536120	0	
7.03087	1	3536730	3536730	0	
7.03087	1	3537580	3537580	0	
7.0333	1	3538174	3538174	0	
7.0333	1	3539040	3539040	0	
7.03562	1	3539618	3539618	0	
7.03562	1	3540500	3540500	0	
7.03795	1	3541062	3541062	0	
7.03795	1	3541960	3541960	0	
7.04028	1	3542506	3542506	0	
7.04028	1	3543420	3543420	0	
7.04261	1	3543950	3543950	0	
7.04261	1	3544880	3544880	0	
7.04502	1	3545394	3545394	0	
7.04502	1	3546340	3546340	0	
7.04735	1	3546838	3546838	0	
7.04735	1	3547800	3547800	0	
7.04968	1	3548282	3548282	0	
7.04968	1	3549260	3549260	0	
7.052	1	3549726	3549726	0	
7.052	1	3550720	3550720	0	
7.05422	1	3551170	3551170	0	
7.05422	1	3552180	3552180	0	
7.05645	1	3552614	3552614	0	
7.05645	1	3553640	3553640	0	
7.05867	1	3554058	3554058	0	
7.05867	1	3555100	3555100	0	
7.06089	1	3555502	3555502	0	
7.06089	1	3556560	3556560	0	
7.06319	1	3556946	3556946	0	
7.06319	1	3558020	3558020	0	
7.06541	1	3558390	3558390	0	
7.06541	1	3559480	3559480	0	
7.06763	1	3559834	3559834	0	
7.06763	1	3560940	3560940	0	
7.06985	1	3561278	3561278	0	
7.06985	1	3562400	3562400	0	
7.07207	1	3562722	3562722	0	
7.07207	1	3563860	3563860	0	
7.07438	1	3564166	3564166	0	
7.07438	1	3565320	3565320	0	
7.07661	1	3565610	3565610	0	
7.07661	1	3566780	3566780	0	
7.07883	1	3567054	3567054	0	
7.07883	1	3568240	3568240	0	
7.08105	1	3568498	3568498	0	
7.08105	1	3569700	3569700	0	
7.08327	1	3569942	3569942	0	
7.08327	1	3571160	3571160	0	
7.08549	1	3571386	3571386	0	
7.08549	1	3572620	3572620	0	
7.08771	1	3572830	3572830	0	
7.08771	1	3574080	3574080	0	
7.08992	1	3574274	3574274	0	
7.08992	1	3575540	3575540	0	
7.09223	1	3575718	3575718	0	
7.09223	1	3577000	3577000	0	
7.09445	1	3577162	3577162	0	
7.09445	1	3578460	3578460	0	
7.09667	1	3578606	3578606	0	
7.09667	1	3579920	3579920	0	
7.0989	1	3580050	3580050	0	
7.0989	1	3581380	3581380	0	
7.10112	1	3581494	3581494	0	
7.10112	1	3582840	3582840	0	
7.10342	1	3582938	3582938	0	
7.10342	1	3584300	3584300	0	
7.10564	1	3584382	3584382	0	
7.10564	1	3585760	3585760	0	
7.10786	1	3585826	3585826	0	
7.10786	1	3587220	3587220	0	
7.11008	1	3587270	3587270	0	
7.11008	1	3588680	3588680	0	
7.1123	1	3588714	3588714	0	
7.1123	1	3590140	3590140	0	
7.1146	1	3590158	3590158	0	
7.1146	1	3591600	3591600	0	
7.11682	1	3591602	3591602	0	
7.11905	1	3593054	3593054	0	
7.11905	1	3593060	3593060	0	
7.12127	1	3594499	3594499	0	
7.12127	1	3594520	3594520	0	
7.12349	1	3595944	3595944	0	
7.12349	1	3595980	3595980	0	
7.12571	1	3597389	3597389	0	
7.12571	1	3597440	3597440	0	
7.12793	1	3598834	3598834	0	
7.12793	1	3598900	3598900	0	
7.13015	1	3600278	3600278	0	
7.13015	1	3600360	3600360	0	
7.13245	1	3601722	3601722	0	
7.13245	1	3601820	3601820	0	
7.13467	1	3603166	3603166	0	
7.13467	1	3603280	3603280	0	
7.13689	1	3604610	3604610	0	
7.13689	1	3604740	3604740	0	
7.13911	1	3606054	3606054	0	
7.13911	1	3606200	3606200	0	
7.14134	1	3607498	3607498	0	
7.14134	1	3607660	3607660	0	
7.14365	1	3608942	3608942	0	
7.14365	1	3609120	3609120	0	
7.14587	1	3610386	3610386	0	
7.14587	1	3610580	3610580	0	
7.14809	1	3611830	3611830	0	
7.14809	1	3612040	3612040	0	
7.15031	1	3613274	3613274	0	
7.15031	1	3613500	3613500	0	
7.15241	1	3614718	3614718	0	
7.15241	1	3614960	3614960	0	
7.15452	1	3616162	3616162	0	
7.15452	1	3616420	3616420	0	
7.15662	1	3617606	3617606	0	
7.15662	1	3617880	3617880	0	
7.15873	1	3619050	3619050	0	
7.15873	1	3619340	3619340	0	
7.16092	1	3620494	3620494	0	
7.16092	1	3620800	3620800	0	
7.16303	1	3621938	3621938	0	
7.16303	1	3622260	3622260	0	
7.16513	1	3623382	3623382	0	
7.16513	1	3623720	3623720	0	
7.16724	1	3624826	3624826	0	
7.16724	1	3625180	3625180	0	
7.16935	1	3626270	3626270	0	
7.16935	1	3626640	3626640	0	
7.17153	1	3627714	3627714	0	
7.17153	1	3628100	3628100	0	
7.17364	1	3629158	3629158	0	
7.17364	1	3629560	3629560	0	
7.17575	1	3630602	3630602	0	
7.17575	1	3631020	3631020	0	
7.17785	1	3632046	3632046	0	
7.17785	1	3632480	3632480	0	
7.17996	1	3633490	3633490	0	
7.17996	1	3633940	3633940	0	
7.18207	1	3634934	3634934	0	
7.18207	1	3635400	3635400	0	
7.18418	1	3636378	3636378	0	
7.18418	1	3636860	3636860	0	
7.18628	1	3637822	3637822	0	
7.18628	1	3638320	3638320	0	
7.18847	1	3639266	3639266	0	
7.18847	1	3639780	3639780	0	
7.19058	1	3640710	3640710	0	
7.19058	1	3641240	3641240	0	
7.19268	1	3642154	3642154	0	
7.19268	1	3642700	3642700	0	
7.19479	1	3643598	3643598	0	
7.19479	1	3644160	3644160	0	
7.19689	1	3645042	3645042	0	
7.19689	1	3645620	3645620	0	
7.19908	1	3646486	3646486	0	
7.19908	1	3647080	3647080	0	
7.20119	1	3647930	3647930	0	
7.20119	1	3648540	3648540	0	
7.2033	1	3649374	3649374	0	
7.2033	1	3650000	3650000	0	
7.20541	1	3650818	3650818	0	
7.20541	1	3651460	3651460	0	
7.20751	1	3652262	3652262	0	
7.20751	1	3652920	3652920	0	
7.2097	1	3653706	3653706	0	
7.2097	1	3654380	3654380	0	
7.21181	1	3655150	3655150	0	
7.21181	1	3655840	3655840	0	
7.21391	1	3656594	3656594	0	
7.21391	1	3657300	3657300	0	
7.21602	1	3658038	3658038	0	
7.21602	1	3658760	3658760	0	
7.21812	1	3659482	3659482	0	
7.21812	1	3660220	3660220	0	
7.22023	1	3660926	3660926	0	
7.22023	1	3661680	3661680	0	
7.22234	1	3662370	3662370	0	
7.22234	1	3663140	3663140	0	
7.22445	1	3663814	3663814	0	
7.22445	1	3664600	3664600	0	
7.22664	1	3665258	3665258	0	
7.22664	1	3666060	3666060	0	
7.22874	1	3666702	3666702	0	
7.22874	1	3667520	3667520	0	
7.23085	1	3668146	3668146	0	
7.23085	1	3668980	3668980	0	
7.23295	1	3669590	3669590	0	
7.23295	1	3670440	3670440	0	
7.23506	1	3671034	3671034	0	
7.23506	1	3671900	3671900	0	
7.23725	1	3672478	3672478	0	
7.23725	1	3673360	3673360	0	
7.23935	1	3673922	3673922	0	
7.23935	1	3674820	3674820	0	
7.24146	1	3675366	3675366	0	
7.24146	1	3676280	3676280	0	
7.24357	1	3676810	3676810	0	
7.24357	1	3677740	3677740	0	
7.24568	1	3678254	3678254	0	
7.24568	1	3679200	3679200	0	
7.24778	1	3679698	3679698	0	
7.24778	1	3680660	3680660	0	
7.24989	1	3681142	3681142	0	
7.24989	1	3682120	3682120	0	
7.25199	1	3682586	3682586	0	
7.25199	1	3683580	3683580	0	
7.2544	1	3684030	3684030	0	
7.2544	1	3685040	3685040	0	
7.25672	1	3685474	3685474	0	
7.25672	1	3686500	3686500	0	
7.25904	1	3686918	3686918	0	
7.25904	1	3687960	3687960	0	
7.26136	1	3688362	3688362	0	
7.26136	1	3689420	3689420	0	
7.26368	1	3689806	3689806	0	
7.26368	1	3690880	3690880	0	
7.266	1	3691250	3691250	0	
7.266	1	3692340	3692340	0	
7.26841	1	3692694	3692694	0	
7.26841	1	3693800	3693800	0	
7.27072	1	3694138	3694138	0	
7.27072	1	3695260	3695260	0	
7.27304	1	3695582	3695582	0	
7.27304	1	3696720	3696720	0	
7.27536	1	3697026	3697026	0	
7.27536	1	3698180	3698180	0	
7.27768	1	3698470	3698470	0	
7.27768	1	3699640	3699640	0	
7.27999	1	3699914	3699914	0	
7.27999	1	3701100	3701100	0	
7.28231	1	3701358	3701358	0	
7.28231	1	3702560	3702560	0	
7.28463	1	3702802	3702802	0	
7.28463	1	3704020	3704020	0	
7.28704	1	3704246	3704246	0	
7.28704	1	3705480	3705480	0	
7.28936	1	3705690	3705690	0	
7.28936	1	3706940	3706940	0	
7.29168	1	3707134	3707134	0	
7.29168	1	3708400	3708400	0	
7.294	1	3708578	3708578	0	
7.294	1	3709860	3709860	0	
7.29631	1	3710022	3710022	0	
7.29631	1	3711320	3711320	0	
7.29872	1	3711466	3711466	0	
7.29872	1	3712780	3712780	0	
7.30104	1	3712910	3712910	0	
7.30104	1	3714240	3714240	0	
7.30336	1	3714354	3714354	0	
7.30336	1	3715700	3715700	0	
7.30568	1	3715798	3715798	0	
7.30568	1	3717160	3717160	0	
7.308	1	3717242	3717242	0	
7.308	1	3718620	3718620	0	
7.31041	1	3718686	3718686	0	
7.31041	1	3720080	3720080	0	
7.31272	1	3720130	3720130	0	
7.31272	1	3721540	3721540	0	
7.31504	1	3721574	3721574	0	
7.31504	1	3723000	3723000	0	
7.31736	1	3723018	3723018	0	
7.31736	1	3724460	3724460	0	
7.31967	1	3724462	3724462	0	
7.32199	1	3725914	3725914	0	
7.32199	1	3725920	3725920	0	
7.32431	1	3727359	3727359	0	
7.32431	1	3727380	3727380	0	
7.32662	1	3728804	3728804	0	
7.32662	1	3728840	3728840	0	
7.32904	1	3730249	3730249	0	
7.32904	1	3730300	3730300	0	
7.33136	1	3731694	3731694	0	
7.33136	1	3731760	3731760	0	
7.33368	1	3733138	3733138	0	
7.33368	1	3733220	3733220	0	
7.33599	1	3734582	3734582	0	
7.33599	1	3734680	3734680	0	
7.33831	1	3736026	3736026	0	
7.33831	1	3736140	3736140	0	
7.34072	1	3737470	3737470	0	
7.34072	1	3737600	3737600	0	
7.34304	1	3738914	3738914	0	
7.34304	1	3739060	3739060	0	
7.34535	1	3740358	3740358	0	
7.34535	1	3740520	3740520	0	
7.34767	1	3741802	3741802	0	
7.34767	1	3741980	3741980	0	
7.34999	1	3743246	3743246	0	
7.34999	1	3743440	3743440	0	
7.35231	1	3744690	3744690	0	
7.35231	1	3744900	3744900	0	
7.35465	1	3746134	3746134	0	
7.35465	1	3746360	3746360	0	
7.35699	1	3747578	3747578	0	
7.35699	1	3747820	3747820	0	
7.35941	1	3749022	3749022	0	
7.35941	1	3749280	3749280	0	
7.36175	1	3750466	3750466	0	
7.36175	1	3750740	3750740	0	
7.36409	1	3751910	3751910	0	
7.36409	1	3752200	3752200	0	
7.36642	1	3753354	3753354	0	
7.36642	1	3753660	3753660	0	
7.36876	1	3754798	3754798	0	
7.36876	1	3755120	3755120	0	
7.37118	1	3756242	3756242	0	
7.37118	1	3756580	3756580	0	
7.37353	1	3757686	3757686	0	
7.37353	1	3758040	3758040	0	
7.37586	1	3759130	3759130	0	
7.37586	1	3759500	3759500	0	
7.3782	1	3760574	3760574	0	
7.3782	1	3760960	3760960	0	
7.38054	1	3762018	3762018	0	
7.38054	1	3762420	3762420	0	
7.38296	1	3763462	3763462	0	
7.38296	1	3763880	3763880	0	
7.3853	1	3764906	3764906	0	
7.3853	1	3765340	3765340	0	
7.38764	1	3766350	3766350	0	
7.38764	1	3766800	3766800	0	
7.38997	1	3767794	3767794	0	
7.38997	1	3768260	3768260	0	
7.39231	1	3769238	3769238	0	
7.39231	1	3769720	3769720	0	
7.39464	1	3770682	3770682	0	
7.39464	1	3771180	3771180	0	
7.39699	1	3772126	3772126	0	
7.39699	1	3772640	3772640	0	
7.39932	1	3773570	3773570	0	
7.39932	1	3774100	3774100	0	
7.40175	1	3775014	3775014	0	
7.40175	1	3775560	3775560	0	
7.40409	1	3776458	3776458	0	
7.40409	1	3777020	3777020	0	
7.40642	1	3777902	3777902	0	
7.40642	1	3778480	3778480	0	
7.40876	1	3779346	3779346	0	
7.40876	1	3779940	3779940	0	
7.4111	1	3780790	3780790	0	
7.4111	1	3781400	3781400	0	
7.41352	1	3782234	3782234	0	
7.41352	1	3782860	3782860	0	
7.41586	1	3783678	3783678	0	
7.41586	1	3784320	3784320	0	
7.4182	1	3785122	3785122	0	
7.4182	1	3785780	3785780	0	
7.42054	1	3786566	3786566	0	
7.42054	1	3787240	3787240	0	
7.42288	1	3788010	3788010	0	
7.42288	1	3788700	3788700	0	
7.42521	1	3789454	3789454	0	
7.42521	1	3790160	3790160	0	
7.42755	1	3790898	3790898	0	
7.42755	1	3791620	3791620	0	
7.42988	1	3792342	3792342	0	
7.42988	1	3793080	3793080	0	
7.43231	1	3793786	3793786	0	
7.43231	1	3794540	3794540	0	
7.43465	1	3795230	3795230	0	
7.43465	1	3796000	3796000	0	
7.43698	1	3796674	3796674	0	
7.43698	1	3797460	3797460	0	
7.43932	1	3798118	3798118	0	
7.43932	1	3798920	3798920	0	
7.44166	1	3799562	3799562	0	
7.44166	1	3800380	3800380	0	
7.44409	1	3801006	3801006	0	
7.44409	1	3801840	3801840	0	
7.44643	1	3802450	3802450	0	
7.44643	1	3803300	3803300	0	
7.44876	1	3803894	3803894	0	
7.44876	1	3804760	3804760	0	
7.4511	1	3805338	3805338	0	
7.4511	1	3806220	3806220	0	
7.45332	1	3806782	3806782	0	
7.45332	1	3807680	3807680	0	
7.45554	1	3808226	3808226	0	
7.45554	1	3809140	3809140	0	
7.45776	1	3809670	3809670	0	
7.45776	1	3810600	3810600	0	
7.45998	1	3811114	3811114	0	
7.45998	1	3812060	3812060	0	
7.46229	1	3812558	3812558	0	
7.46229	1	3813520	3813520	0	
7.46451	1	3814002	3814002	0	
7.46451	1	3814980	3814980	0	
7.46673	1	3815446	3815446	0	
7.46673	1	3816440	3816440	0	
7.46895	1	3816890	3816890	0	
7.46895	1	3817900	3817900	0	
7.47117	1	3818334	3818334	0	
7.47117	1	3819360	3819360	0	
7.47348	1	3819778	3819778	0	
7.47348	1	3820820	3820820	0	
7.4757	1	3821222	3821222	0	
7.4757	1	3822280	3822280	0	
7.47792	1	3822666	3822666	0	
7.47792	1	3823740	3823740	0	
7.48014	1	3824110	3824110	0	
7.48014	1	3825200	3825200	0	
7.48236	1	3825554	3825554	0	
7.48236	1	3826660	3826660	0	
7.48467	1	3826998	3826998	0	
7.48467	1	3828120	3828120	0	
7.48689	1	3828442	3828442	0	
7.48689	1	3829580	3829580	0	
7.48911	1	3829886	3829886	0	
7.48911	1	3831040	3831040	0	
7.49133	1	3831330	3831330	0	
7.49133	1	3832500	3832500	0	
7.49355	1	3832774	3832774	0	
7.49355	1	3833960	3833960	0	
7.49577	1	3834218	3834218	0	
7.49577	1	3835420	3835420	0	
7.49799	1	3835662	3835662	0	
7.49799	1	3836880	3836880	0	
7.50021	1	3837106	3837106	0	
7.50021	1	3838340	3838340	0	
7.50252	1	3838550	3838550	0	
7.50252	1	3839800	3839800	0	
7.50475	1	3839994	3839994	0	
7.50475	1	3841260	3841260	0	
7.50697	1	3841438	3841438	0	
7.50697	1	3842720	3842720	0	
7.50919	1	3842882	3842882	0	
7.50919	1	3844180	3844180	0	
7.51141	1	3844326	3844326	0	
7.51141	1	3845640	3845640	0	
7.51371	1	3845770	3845770	0	
7.51371	1	3847100	3847100	0	
7.51593	1	3847214	3847214	0	
7.51593	1	3848560	3848560	0	
7.51815	1	3848658	3848658	0	
7.51815	1	3850020	3850020	0	
7.52037	1	3850102	3850102	0	
7.52037	1	3851480	3851480	0	
7.52259	1	3851546	3851546	0	
7.52259	1	3852940	3852940	0	
7.52481	1	3852990	3852990	0	
7.52481	1	3854400	3854400	0	
7.52704	1	3854434	3854434	0	
7.52704	1	3855860	3855860	0	
7.52925	1	3855878	3855878	0	
7.52925	1	3857320	3857320	0	
7.53156	1	3857322	3857322	0	
7.53378	1	3858774	3858774	0	
7.53378	1	3858780	3858780	0	
7.536	1	3860219	3860219	0	
7.536	1	3860240	3860240	0	
7.53822	1	3861664	3861664	0	
7.53822	1	3861700	3861700	0	
7.54044	1	3863109	3863109	0	
7.54044	1	3863160	3863160	0	
7.54275	1	3864554	3864554	0	
7.54275	1	3864620	3864620	0	
7.54497	1	3865998	3865998	0	
7.54497	1	3866080	3866080	0	
7.54719	1	3867442	3867442	0	
7.54719	1	3867540	3867540	0	
7.54941	1	3868886	3868886	0	
7.54941	1	3869000	3869000	0	
7.55163	1	3870330	3870330	0	
7.55163	1	3870460	3870460	0	
7.55393	1	3871774	3871774	0	
7.55393	1	3871920	3871920	0	
7.55623	1	3873218	3873218	0	
7.55623	1	3873380	3873380	0	
7.55853	1	3874662	3874662	0	
7.55853	1	3874840	3874840	0	
7.56092	1	3876106	3876106	0	
7.56092	1	3876300	3876300	0	
7.56322	1	3877550	3877550	0	
7.56322	1	3877760	3877760	0	
7.56552	1	3878994	3878994	0	
7.56552	1	3879220	3879220	0	
7.56782	1	3880438	3880438	0	
7.56782	1	3880680	3880680	0	
7.57013	1	3881882	3881882	0	
7.57013	1	3882140	3882140	0	
7.57252	1	3883326	3883326	0	
7.57252	1	3883600	3883600	0	
7.57481	1	3884770	3884770	0	
7.57481	1	3885060	3885060	0	
7.57711	1	3886214	3886214	0	
7.57711	1	3886520	3886520	0	
7.57941	1	3887658	3887658	0	
7.57941	1	3887980	3887980	0	
7.58171	1	3889102	3889102	0	
7.58171	1	3889440	3889440	0	
7.5841	1	3890546	3890546	0	
7.5841	1	3890900	3890900	0	
7.5864	1	3891990	3891990	0	
7.5864	1	3892360	3892360	0	
7.5887	1	3893434	3893434	0	
7.5887	1	3893820	3893820	0	
7.59101	1	3894878	3894878	0	
7.59101	1	3895280	3895280	0	
7.59331	1	3896322	3896322	0	
7.59331	1	3896740	3896740	0	
7.59561	1	3897766	3897766	0	
7.59561	1	3898200	3898200	0	
7.59791	1	3899210	3899210	0	
7.59791	1	3899660	3899660	0	
7.60021	1	3900654	3900654	0	
7.60021	1	3901120	3901120	0	
7.6026	1	3902098	3902098	0	
7.6026	1	3902580	3902580	0	
7.60489	1	3903542	3903542	0	
7.60489	1	3904040	3904040	0	
7.60719	1	3904986	3904986	0	
7.60719	1	3905500	3905500	0	
7.60949	1	3906430	3906430	0	
7.60949	1	3906960	3906960	0	
7.61179	1	3907874	3907874	0	
7.61179	1	3908420	3908420	0	
7.61419	1	3909318	3909318	0	
7.61419	1	3909880	3909880	0	
7.61649	1	3910762	3910762	0	
7.61649	1	3911340	3911340	0	
7.61879	1	3912206	3912206	0	
7.61879	1	3912800	3912800	0	
7.62109	1	3913650	3913650	0	
7.62109	1	3914260	3914260	0	
7.62339	1	3915094	3915094	0	
7.62339	1	3915720	3915720	0	
7.62569	1	3916538	3916538	0	
7.62569	1	3917180	3917180	0	
7.62799	1	3917982	3917982	0	
7.62799	1	3918640	3918640	0	
7.63029	1	3919426	3919426	0	
7.63029	1	3920100	3920100	0	
7.63268	1	3920870	3920870	0	
7.63268	1	3921560	3921560	0	
7.63498	1	3922314	3922314	0	
7.63498	1	3923020	3923020	0	
7.63728	1	3923758	3923758	0	
7.63728	1	3924480	3924480	0	
7.63958	1	3925202	3925202	0	
7.63958	1	3925940	3925940	0	
7.64188	1	3926646	3926646	0	
7.64188	1	3927400	3927400	0	
7.64427	1	3928090	3928090	0	
7.64427	1	3928860	3928860	0	
7.64657	1	3929534	3929534	0	
7.64657	1	3930320	3930320	0	
7.64887	1	3930978	3930978	0	
7.64887	1	3931780	3931780	0	
7.65117	1	3932422	3932422	0	
7.65117	1	3933240	3933240	0	
7.6534	1	3933866	3933866	0	
7.6534	1	3934700	3934700	0	
7.65562	1	3935310	3935310	0	
7.65562	1	3936160	3936160	0	
7.65786	1	3936754	3936754	0	
7.65786	1	3937620	3937620	0	
7.66008	1	3938198	3938198	0	
7.66008	1	3939080	3939080	0	
7.66231	1	3939642	3939642	0	
7.66231	1	3940540	3940540	0	
7.66462	1	3941086	3941086	0	
7.66462	1	3942000	3942000	0	
7.66685	1	3942530	3942530	0	
7.66685	1	3943460	3943460	0	
7.66908	1	3943974	3943974	0	
7.66908	1	3944920	3944920	0	
7.67131	1	3945418	3945418	0	
7.67131	1	3946380	3946380	0	
7.67353	1	3946862	3946862	0	
7.67353	1	3947840	3947840	0	
7.67585	1	3948306	3948306	0	
7.67585	1	3949300	3949300	0	
7.67808	1	3949750	3949750	0	
7.67808	1	3950760	3950760	0	
7.68031	1	3951194	3951194	0	
7.68031	1	3952220	3952220	0	
7.68254	1	3952638	3952638	0	
7.68254	1	3953680	3953680	0	
7.68476	1	3954082	3954082	0	
7.68476	1	3955140	3955140	0	
7.68708	1	3955526	3955526	0	
7.68708	1	3956600	3956600	0	
7.6893	1	3956970	3956970	0	
7.6893	1	3958060	3958060	0	
7.69153	1	3958414	3958414	0	
7.69153	1	3959520	3959520	0	
7.69376	1	3959858	3959858	0	
7.69376	1	3960980	3960980	0	
7.69598	1	3961302	3961302	0	
7.69598	1	3962440	3962440	0	
7.69821	1	3962746	3962746	0	
7.69821	1	3963900	3963900	0	
7.70045	1	3964190	3964190	0	
7.70045	1	3965360	3965360	0	
7.70267	1	3965634	3965634	0	
7.70267	1	3966820	3966820	0	
7.70499	1	3967078	3967078	0	
7.70499	1	3968280	3968280	0	
7.70721	1	3968522	3968522	0	
7.70721	1	3969740	3969740	0	
7.70944	1	3969966	3969966	0	
7.70944	1	3971200	3971200	0	
7.71167	1	3971410	3971410	0	
7.71167	1	3972660	3972660	0	
7.71389	1	3972854	3972854	0	
7.71389	1	3974120	3974120	0	
7.71621	1	3974298	3974298	0	
7.71621	1	3975580	3975580	0	
7.71844	1	3975742	3975742	0	
7.71844	1	3977040	3977040	0	
7.72067	1	3977186	3977186	0	
7.72067	1	3978500	3978500	0	
7.7229	1	3978630	3978630	0	
7.7229	1	3979960	3979960	0	
7.72512	1	3980074	3980074	0	
7.72512	1	3981420	3981420	0	
7.72735	1	3981518	3981518	0	
7.72735	1	3982880	3982880	0	
7.72958	1	3982962	3982962	0	
7.72958	1	3984340	3984340	0	
7.7318	1	3984406	3984406	0	
7.7318	1	3985800	3985800	0	
7.73412	1	3985850	3985850	0	
7.73412	1	3987260	3987260	0	
7.73634	1	3987294	3987294	0	
7.73634	1	3988720	3988720	0	
7.73857	1	3988738	3988738	0	
7.73857	1	3990180	3990180	0	
7.74079	1	3990182	3990182	0	
7.74303	1	3991634	3991634	0	
7.74303	1	3991640	3991640	0	
7.74534	1	3993079	3993079	0	
7.74534	1	3993100	3993100	0	
7.74757	1	3994524	3994524	0	
7.74757	1	3994560	3994560	0	
7.7498	1	3995969	3995969	0	
7.7498	1	3996020	3996020	0	
7.75202	1	3997414	3997414	0	
7.75202	1	3997480	3997480	0	
7.75412	1	3998858	3998858	0	
7.75412	1	3998940	3998940	0	
7.75622	1	4000302	4000302	0	
7.75622	1	4000400	4000400	0	
7.75832	1	4001746	4001746	0	
7.75832	1	4001860	4001860	0	
7.76041	1	4003190	4003190	0	
7.76041	1	4003320	4003320	0	
7.7626	1	4004634	4004634	0	
7.7626	1	4004780	4004780	0	
7.7647	1	4006078	4006078	0	
7.7647	1	4006240	4006240	0	
7.76679	1	4007522	4007522	0	
7.76679	1	4007700	4007700	0	
7.76889	1	4008966	4008966	0	
7.76889	1	4009160	4009160	0	
7.77099	1	4010410	4010410	0	
7.77099	1	4010620	4010620	0	
7.77317	1	4011854	4011854	0	
7.77317	1	4012080	4012080	0	
7.77527	1	4013298	4013298	0	
7.77527	1	4013540	4013540	0	
7.77736	1	4014742	4014742	0	
7.77736	1	4015000	4015000	0	
7.77946	1	4016186	4016186	0	
7.77946	1	4016460	4016460	0	
7.78156	1	4017630	4017630	0	
7.78156	1	4017920	4017920	0	
7.78375	1	4019074	4019074	0	
7.78375	1	4019380	4019380	0	
7.78584	1	4020518	4020518	0	
7.78584	1	4020840	4020840	0	
7.78794	1	4021962	4021962	0	
7.78794	1	4022300	4022300	0	
7.79004	1	4023406	4023406	0	
7.79004	1	4023760	4023760	0	
7.79214	1	4024850	4024850	0	
7.79214	1	4025220	4025220	0	
7.79423	1	4026294	4026294	0	
7.79423	1	4026680	4026680	0	
7.79633	1	4027738	4027738	0	
7.79633	1	4028140	4028140	0	
7.79843	1	4029182	4029182	0	
7.79843	1	4029600	4029600	0	
7.80053	1	4030626	4030626	0	
7.80053	1	4031060	4031060	0	
7.80271	1	4032070	4032070	0	
7.80271	1	4032520	4032520	0	
7.80481	1	4033514	4033514	0	
7.80481	1	4033980	4033980	0	
7.80691	1	4034958	4034958	0	
7.80691	1	4035440	4035440	0	
7.80901	1	4036402	4036402	0	
7.80901	1	4036900	4036900	0	
7.8111	1	4037846	4037846	0	
7.8111	1	4038360	4038360	0	
7.81328	1	4039290	4039290	0	
7.81328	1	4039820	4039820	0	
7.81538	1	4040734	4040734	0	
7.81538	1	4041280	4041280	0	
7.81748	1	4042178	4042178	0	
7.81748	1	4042740	4042740	0	
7.81958	1	4043622	4043622	0	
7.81958	1	4044200	4044200	0	
7.82167	1	4045066	4045066	0	
7.82167	1	4045660	4045660	0	
7.82378	1	4046510	4046510	0	
7.82378	1	4047120	4047120	0	
7.82588	1	4047954	4047954	0	
7.82588	1	4048580	4048580	0	
7.82806	1	4049398	4049398	0	
7.82806	1	4050040	4050040	0	
7.83015	1	4050842	4050842	0	
7.83015	1	4051500	4051500	0	
7.83225	1	4052286	4052286	0	
7.83225	1	4052960	4052960	0	
7.83435	1	4053730	4053730	0	
7.83435	1	4054420	4054420	0	
7.83645	1	4055174	4055174	0	
7.83645	1	4055880	4055880	0	
7.83854	1	4056618	4056618	0	
7.83854	1	4057340	4057340	0	
7.84072	1	4058062	4058062	0	
7.84072	1	4058800	4058800	0	
7.84283	1	4059506	4059506	0	
7.84283	1	4060260	4060260	0	
7.84493	1	4060950	4060950	0	
7.84493	1	4061720	4061720	0	
7.84702	1	4062394	4062394	0	
7.84702	1	4063180	4063180	0	
7.84912	1	4063838	4063838	0	
7.84912	1	4064640	4064640	0	
7.8513	1	4065282	4065282	0	
7.8513	1	4066100	4066100	0	
7.85357	1	4066726	4066726	0	
7.85357	1	4067560	4067560	0	
7.85584	1	4068170	4068170	0	
7.85584	1	4069020	4069020	0	
7.8581	1	4069614	4069614	0	
7.8581	1	4070480	4070480	0	
7.86037	1	4071058	4071058	0	
7.86037	1	4071940	4071940	0	
7.86264	1	4072502	4072502	0	
7.86264	1	4073400	4073400	0	
7.86491	1	4073946	4073946	0	
7.86491	1	4074860	4074860	0	
7.86718	1	4075390	4075390	0	
7.86718	1	4076320	4076320	0	
7.86954	1	4076834	4076834	0	
7.86954	1	4077780	4077780	0	
7.8718	1	4078278	4078278	0	
7.8718	1	4079240	4079240	0	
7.87407	1	4079722	4079722	0	
7.87407	1	4080700	4080700	0	
7.87634	1	4081166	4081166	0	
7.87634	1	4082160	4082160	0	
7.87861	1	4082610	4082610	0	
7.87861	1	4083620	4083620	0	
7.88096	1	4084054	4084054	0	
7.88096	1	4085080	4085080	0	
7.88323	1	4085498	4085498	0	
7.88323	1	4086540	4086540	0	
7.8855	1	4086942	4086942	0	
7.8855	1	4088000	4088000	0	
7.88777	1	4088386	4088386	0	
7.88777	1	4089460	4089460	0	
7.89004	1	4089830	4089830	0	
7.89004	1	4090920	4090920	0	
7.89231	1	4091274	4091274	0	
7.89231	1	4092380	4092380	0	
7.89457	1	4092718	4092718	0	
7.89457	1	4093840	4093840	0	
7.89684	1	4094162	4094162	0	
7.89684	1	4095300	4095300	0	
7.8992	1	4095606	4095606	0	
7.8992	1	4096760	4096760	0	
7.90146	1	4097050	4097050	0	
7.90146	1	4098220	4098220	0	
7.90373	1	4098494	4098494	0	
7.90373	1	4099680	4099680	0	
7.906	1	4099938	4099938	0	
7.906	1	4101140	4101140	0	
7.90827	1	4101382	4101382	0	
7.90827	1	4102600	4102600	0	
7.91063	1	4102826	4102826	0	
7.91063	1	4104060	4104060	0	
7.9129	1	4104270	4104270	0	
7.9129	1	4105520	4105520	0	
7.91516	1	4105714	4105714	0	
7.91516	1	4106980	4106980	0	
7.91743	1	4107158	4107158	0	
7.91743	1	4108440	4108440	0	
7.9197	1	4108602	4108602	0	
7.9197	1	4109900	4109900	0	
7.92197	1	4110046	4110046	0	
7.92197	1	4111360	4111360	0	
7.92423	1	4111490	4111490	0	
7.92423	1	4112820	4112820	0	
7.92659	1	4112934	4112934	0	
7.92659	1	4114280	4114280	0	
7.92886	1	4114378	4114378	0	
7.92886	1	4115740	4115740	0	
7.93113	1	4115822	4115822	0	
7.93113	1	4117200	4117200	0	
7.9334	1	4117266	4117266	0	
7.9334	1	4118660	4118660	0	
7.93566	1	4118710	4118710	0	
7.93566	1	4120120	4120120	0	
7.93793	1	4120154	4120154	0	
7.93793	1	4121580	4121580	0	
7.94028	1	4121598	4121598	0	
7.94028	1	4123040	4123040	0	
7.94255	1	4123042	4123042	0	
7.94482	1	4124494	4124494	0	
7.94482	1	4124500	4124500	0	
7.94709	1	4125939	4125939	0	
7.94709	1	4125960	4125960	0	
7.94935	1	4127384	4127384	0	
7.94935	1	4127420	4127420	0	
7.95172	1	4128829	4128829	0	
7.95172	1	4128880	4128880	0	
7.95415	1	4130274	4130274	0	
7.95415	1	4130340	4130340	0	
7.95659	1	4131718	4131718	0	
7.95659	1	4131800	4131800	0	
7.95903	1	4133162	4133162	0	
7.95903	1	4133260	4133260	0	
7.96147	1	4134606	4134606	0	
7.96147	1	4134720	4134720	0	
7.96391	1	4136050	4136050	0	
7.96391	1	4136180	4136180	0	
7.96635	1	4137494	4137494	0	
7.96635	1	4137640	4137640	0	
7.96879	1	4138938	4138938	0	
7.96879	1	4139100	4139100	0	
7.97132	1	4140382	4140382	0	
7.97132	1	4140560	4140560	0	
7.97377	1	4141826	4141826	0	
7.97377	1	4142020	4142020	0	
7.97621	1	4143270	4143270	0	
7.97621	1	4143480	4143480	0	
7.97865	1	4144714	4144714	0	
7.97865	1	4144940	4144940	0	
7.98109	1	4146158	4146158	0	
7.98109	1	4146400	4146400	0	
7.98362	1	4147602	4147602	0	
7.98362	1	4147860	4147860	0	
7.98606	1	4149046	4149046	0	
7.98606	1	4149320	4149320	0	
7.9885	1	4150490	4150490	0	
7.9885	1	4150780	4150780	0	
7.99094	1	4151934	4151934	0	
7.99094	1	4152240	4152240	0	
7.99338	1	4153378	4153378	0	
7.99338	1	4153700	4153700	0	
7.99582	1	4154822	4154822	0	
7.99582	1	4155160	4155160	0	
7.99827	1	4156266	4156266	0	
7.99827	1	4156620	4156620	0	
8.0008	1	4157710	4157710	0	
8.0008	1	4158080	4158080	0	
8.00324	1	4159154	4159154	0	
8.00324	1	4159540	4159540	0	
8.00568	1	4160598	4160598	0	
8.00568	1	4161000	4161000	0	
8.00812	1	4162042	4162042	0	
8.00812	1	4162460	4162460	0	
8.01056	1	4163486	4163486	0	
8.01056	1	4163920	4163920	0	
8.013	1	4164930	4164930	0	
8.013	1	4165380	4165380	0	
8.01553	1	4166374	4166374	0	
8.01553	1	4166840	4166840	0	
8.01797	1	4167818	4167818	0	
8.01797	1	4168300	4168300	0	
8.02042	1	4169262	4169262	0	
8.02042	1	4169760	4169760	0	
8.02285	1	4170706	4170706	0	
8.02285	1	4171220	4171220	0	
8.02529	1	4172150	4172150	0	
8.02529	1	4172680	4172680	0	
8.02773	1	4173594	4173594	0	
8.02773	1	4174140	4174140	0	
8.03017	1	4175038	4175038	0	
8.03017	1	4175600	4175600	0	
8.03261	1	4176482	4176482	0	
8.03261	1	4177060	4177060	0	
8.03515	1	4177926	4177926	0	
8.03515	1	4178520	4178520	0	
8.03758	1	4179370	4179370	0	
8.03758	1	4179980	4179980	0	
8.04002	1	4180814	4180814	0	
8.04002	1	4181440	4181440	0	
8.04246	1	4182258	4182258	0	
8.04246	1	4182900	4182900	0	
8.04491	1	4183702	4183702	0	
8.04491	1	4184360	4184360	0	
8.04735	1	4185146	4185146	0	
8.04735	1	4185820	4185820	0	
8.04988	1	4186590	4186590	0	
8.04988	1	4187280	4187280	0	
8.05232	1	4188034	4188034	0	
8.05232	1	4188740	4188740	0	
8.05442	1	4189478	4189478	0	
8.05442	1	4190200	4190200	0	
8.05651	1	4190922	4190922	0	
8.05651	1	4191660	4191660	0	
8.05861	1	4192366	4192366	0	
8.05861	1	4193120	4193120	0	
8.06079	1	4193810	4193810	0	
8.06079	1	4194580	4194580	0	
8.06288	1	4195254	4195254	0	
8.06288	1	4196040	4196040	0	
8.06499	1	4196698	4196698	0	
8.06499	1	4197500	4197500	0	
8.06708	1	4198142	4198142	0	
8.06708	1	4198960	4198960	0	
8.06918	1	4199586	4199586	0	
8.06918	1	4200420	4200420	0	
8.07128	1	4201030	4201030	0	
8.07128	1	4201880	4201880	0	
8.07337	1	4202474	4202474	0	
8.07337	1	4203340	4203340	0	
8.07547	1	4203918	4203918	0	
8.07547	1	4204800	4204800	0	
8.07765	1	4205362	4205362	0	
8.07765	1	4206260	4206260	0	
8.07974	1	4206806	4206806	0	
8.07974	1	4207720	4207720	0	
8.08184	1	4208250	4208250	0	
8.08184	1	4209180	4209180	0	
8.08394	1	4209694	4209694	0	
8.08394	1	4210640	4210640	0	
8.08604	1	4211138	4211138	0	
8.08604	1	4212100	4212100	0	
8.08822	1	4212582	4212582	0	
8.08822	1	4213560	4213560	0	
8.09031	1	4214026	4214026	0	
8.09031	1	4215020	4215020	0	
8.09241	1	4215470	4215470	0	
8.09241	1	4216480	4216480	0	
8.0945	1	4216914	4216914	0	
8.0945	1	4217940	4217940	0	
8.0966	1	4218358	4218358	0	
8.0966	1	4219400	4219400	0	
8.0987	1	4219802	4219802	0	
8.0987	1	4220860	4220860	0	
8.10079	1	4221246	4221246	0	
8.10079	1	4222320	4222320	0	
8.10297	1	4222690	4222690	0	
8.10297	1	4223780	4223780	0	
8.10507	1	4224134	4224134	0	
8.10507	1	4225240	4225240	0	
8.10717	1	4225578	4225578	0	
8.10717	1	4226700	4226700	0	
8.10927	1	4227022	4227022	0	
8.10927	1	4228160	4228160	0	
8.11136	1	4228466	4228466	0	
8.11136	1	4229620	4229620	0	
8.11346	1	4229910	4229910	0	
8.11346	1	4231080	4231080	0	
8.11564	1	4231354	4231354	0	
8.11564	1	4232540	4232540	0	
8.11773	1	4232798	4232798	0	
8.11773	1	4234000	4234000	0	
8.11983	1	4234242	4234242	0	
8.11983	1	4235460	4235460	0	
8.12192	1	4235686	4235686	0	
8.12192	1	4236920	4236920	0	
8.12402	1	4237130	4237130	0	
8.12402	1	4238380	4238380	0	
8.12612	1	4238574	4238574	0	
8.12612	1	4239840	4239840	0	
8.12822	1	4240018	4240018	0	
8.12822	1	4241300	4241300	0	
8.1304	1	4241462	4241462	0	
8.1304	1	4242760	4242760	0	
8.13249	1	4242906	4242906	0	
8.13249	1	4244220	4244220	0	
8.13459	1	4244350	4244350	0	
8.13459	1	4245680	4245680	0	
8.13669	1	4245794	4245794	0	
8.13669	1	4247140	4247140	0	
8.13878	1	4247238	4247238	0	
8.13878	1	4248600	4248600	0	
8.14088	1	4248682	4248682	0	
8.14088	1	4250060	4250060	0	
8.14306	1	4250126	4250126	0	
8.14306	1	4251520	4251520	0	
8.14516	1	4251570	4251570	0	
8.14516	1	4252980	4252980	0	
8.14725	1	4253014	4253014	0	
8.14725	1	4254440	4254440	0	
8.14935	1	4254458	4254458	0	
8.14935	1	4255900	4255900	0	
8.15144	1	4255902	4255902	0	
8.15359	1	4257354	4257354	0	
8.15359	1	4257360	4257360	0	
8.15566	1	4258799	4258799	0	
8.15566	1	4258820	4258820	0	
8.15772	1	4260244	4260244	0	
8.15772	1	4260280	4260280	0	
8.15979	1	4261689	4261689	0	
8.15979	1	4261740	4261740	0	
8.16186	1	4263134	4263134	0	
8.16186	1	4263200	4263200	0	
8.16392	1	4264578	4264578	0	
8.16392	1	4264660	4264660	0	
8.166	1	4266022	4266022	0	
8.166	1	4266120	4266120	0	
8.16806	1	4267466	4267466	0	
8.16806	1	4267580	4267580	0	
8.17021	1	4268910	4268910	0	
8.17021	1	4269040	4269040	0	
8.17228	1	4270354	4270354	0	
8.17228	1	4270500	4270500	0	
8.17435	1	4271798	4271798	0	
8.17435	1	4271960	4271960	0	
8.17641	1	4273242	4273242	0	
8.17641	1	4273420	4273420	0	
8.17848	1	4274686	4274686	0	
8.17848	1	4274880	4274880	0	
8.18063	1	4276130	4276130	0	
8.18063	1	4276340	4276340	0	
8.18269	1	4277574	4277574	0	
8.18269	1	4277800	4277800	0	
8.18477	1	4279018	4279018	0	
8.18477	1	4279260	4279260	0	
8.18684	1	4280462	4280462	0	
8.18684	1	4280720	4280720	0	
8.1889	1	4281906	4281906	0	
8.1889	1	4282180	4282180	0	
8.19097	1	4283350	4283350	0	
8.19097	1	4283640	4283640	0	
8.19304	1	4284794	4284794	0	
8.19304	1	4285100	4285100	0	
8.19518	1	4286238	4286238	0	
8.19518	1	4286560	4286560	0	
8.19725	1	4287682	4287682	0	
8.19725	1	4288020	4288020	0	
8.19932	1	4289126	4289126	0	
8.19932	1	4289480	4289480	0	
8.20138	1	4290570	4290570	0	
8.20138	1	4290940	4290940	0	
8.20345	1	4292014	4292014	0	
8.20345	1	4292400	4292400	0	
8.20553	1	4293458	4293458	0	
8.20553	1	4293860	4293860	0	
8.20767	1	4294902	4294902	0	
8.20767	1	4295320	4295320	0	
8.20974	1	4296346	4296346	0	
8.20974	1	4296780	4296780	0	
8.21181	1	4297790	4297790	0	
8.21181	1	4298240	4298240	0	
8.21387	1	4299234	4299234	0	
8.21387	1	4299700	4299700	0	
8.21594	1	4300678	4300678	0	
8.21594	1	4301160	4301160	0	
8.21809	1	4302122	4302122	0	
8.21809	1	4302620	4302620	0	
8.22015	1	4303566	4303566	0	
8.22015	1	4304080	4304080	0	
8.22222	1	4305010	4305010	0	
8.22222	1	4305540	4305540	0	
8.2243	1	4306454	4306454	0	
8.2243	1	4307000	4307000	0	
8.22636	1	4307898	4307898	0	
8.22636	1	4308460	4308460	0	
8.22843	1	4309342	4309342	0	
8.22843	1	4309920	4309920	0	
8.2305	1	4310786	4310786	0	
8.2305	1	4311380	4311380	0	
8.23256	1	4312230	4312230	0	
8.23256	1	4312840	4312840	0	
8.23471	1	4313674	4313674	0	
8.23471	1	4314300	4314300	0	
8.23678	1	4315118	4315118	0	
8.23678	1	4315760	4315760	0	
8.23884	1	4316562	4316562	0	
8.23884	1	4317220	4317220	0	
8.24091	1	4318006	4318006	0	
8.24091	1	4318680	4318680	0	
8.24298	1	4319450	4319450	0	
8.24298	1	4320140	4320140	0	
8.24513	1	4320894	4320894	0	
8.24513	1	4321600	4321600	0	
8.2472	1	4322338	4322338	0	
8.2472	1	4323060	4323060	0	
8.24927	1	4323782	4323782	0	
8.24927	1	4324520	4324520	0	
8.25133	1	4325226	4325226	0	
8.25133	1	4325980	4325980	0	
8.25378	1	4326670	4326670	0	
8.25378	1	4327440	4327440	0	
8.25622	1	4328114	4328114	0	
8.25622	1	4328900	4328900	0	
8.25866	1	4329558	4329558	0	
8.25866	1	4330360	4330360	0	
8.26111	1	4331002	4331002	0	
8.26111	1	4331820	4331820	0	
8.26365	1	4332446	4332446	0	
8.26365	1	4333280	4333280	0	
8.2661	1	4333890	4333890	0	
8.2661	1	4334740	4334740	0	
8.26854	1	4335334	4335334	0	
8.26854	1	4336200	4336200	0	
8.27098	1	4336778	4336778	0	
8.27098	1	4337660	4337660	0	
8.27343	1	4338222	4338222	0	
8.27343	1	4339120	4339120	0	
8.27597	1	4339666	4339666	0	
8.27597	1	4340580	4340580	0	
8.27841	1	4341110	4341110	0	
8.27841	1	4342040	4342040	0	
8.28085	1	4342554	4342554	0	
8.28085	1	4343500	4343500	0	
8.2833	1	4343998	4343998	0	
8.2833	1	4344960	4344960	0	
8.28574	1	4345442	4345442	0	
8.28574	1	4346420	4346420	0	
8.28818	1	4346886	4346886	0	
8.28818	1	4347880	4347880	0	
8.29063	1	4348330	4348330	0	
8.29063	1	4349340	4349340	0	
8.29317	1	4349774	4349774	0	
8.29317	1	4350800	4350800	0	
8.29562	1	4351218	4351218	0	
8.29562	1	4352260	4352260	0	
8.29806	1	4352662	4352662	0	
8.29806	1	4353720	4353720	0	
8.3005	1	4354106	4354106	0	
8.3005	1	4355180	4355180	0	
8.30295	1	4355550	4355550	0	
8.30295	1	4356640	4356640	0	
8.30539	1	4356994	4356994	0	
8.30539	1	4358100	4358100	0	
8.30793	1	4358438	4358438	0	
8.30793	1	4359560	4359560	0	
8.31037	1	4359882	4359882	0	
8.31037	1	4361020	4361020	0	
8.31282	1	4361326	4361326	0	
8.31282	1	4362480	4362480	0	
8.31527	1	4362770	4362770	0	
8.31527	1	4363940	4363940	0	
8.31771	1	4364214	4364214	0	
8.31771	1	4365400	4365400	0	
8.32025	1	4365658	4365658	0	
8.32025	1	4366860	4366860	0	
8.32269	1	4367102	4367102	0	
8.32269	1	4368320	4368320	0	
8.32514	1	4368546	4368546	0	
8.32514	1	4369780	4369780	0	
8.32758	1	4369990	4369990	0	
8.32758	1	4371240	4371240	0	
8.33002	1	4371434	4371434	0	
8.33002	1	4372700	4372700	0	
8.33247	1	4372878	4372878	0	
8.33247	1	4374160	4374160	0	
8.33491	1	4374322	4374322	0	
8.33491	1	4375620	4375620	0	
8.33736	1	4375766	4375766	0	
8.33736	1	4377080	4377080	0	
8.3399	1	4377210	4377210	0	
8.3399	1	4378540	4378540	0	
8.34234	1	4378654	4378654	0	
8.34234	1	4380000	4380000	0	
8.34479	1	4380098	4380098	0	
8.34479	1	4381460	4381460	0	
8.34723	1	4381542	4381542	0	
8.34723	1	4382920	4382920	0	
8.34967	1	4382986	4382986	0	
8.34967	1	4384380	4384380	0	
8.35221	1	4384430	4384430	0	
8.35221	1	4385840	4385840	0	
8.35436	1	4385874	4385874	0	
8.35436	1	4387300	4387300	0	
8.35651	1	4387318	4387318	0	
8.35651	1	4388760	4388760	0	
8.35866	1	4388762	4388762	0	
8.36081	1	4390214	4390214	0	
8.36081	1	4390220	4390220	0	
8.36296	1	4391659	4391659	0	
8.36296	1	4391680	4391680	0	
8.36511	1	4393104	4393104	0	
8.36511	1	4393140	4393140	0	
8.36735	1	4394549	4394549	0	
8.36735	1	4394600	4394600	0	
8.3695	1	4395994	4395994	0	
8.3695	1	4396060	4396060	0	
8.37165	1	4397438	4397438	0	
8.37165	1	4397520	4397520	0	
8.3738	1	4398882	4398882	0	
8.3738	1	4398980	4398980	0	
8.37595	1	4400326	4400326	0	
8.37595	1	4400440	4400440	0	
8.3781	1	4401770	4401770	0	
8.3781	1	4401900	4401900	0	
8.38034	1	4403214	4403214	0	
8.38034	1	4403360	4403360	0	
8.38249	1	4404658	4404658	0	
8.38249	1	4404820	4404820	0	
8.38464	1	4406102	4406102	0	
8.38464	1	4406280	4406280	0	
8.38679	1	4407546	4407546	0	
8.38679	1	4407740	4407740	0	
8.38894	1	4408990	4408990	0	
8.38894	1	4409200	4409200	0	
8.39109	1	4410434	4410434	0	
8.39109	1	4410660	4410660	0	
8.39324	1	4411878	4411878	0	
8.39324	1	4412120	4412120	0	
8.39548	1	4413322	4413322	0	
8.39548	1	4413580	4413580	0	
8.39763	1	4414766	4414766	0	
8.39763	1	4415040	4415040	0	
8.39978	1	4416210	4416210	0	
8.39978	1	4416500	4416500	0	
8.40193	1	4417654	4417654	0	
8.40193	1	4417960	4417960	0	
8.40409	1	4419098	4419098	0	
8.40409	1	4419420	4419420	0	
8.40624	1	4420542	4420542	0	
8.40624	1	4420880	4420880	0	
8.40847	1	4421986	4421986	0	
8.40847	1	4422340	4422340	0	
8.41062	1	4423430	4423430	0	
8.41062	1	4423800	4423800	0	
8.41277	1	4424874	4424874	0	
8.41277	1	4425260	4425260	0	
8.41492	1	4426318	4426318	0	
8.41492	1	4426720	4426720	0	
8.41707	1	4427762	4427762	0	
8.41707	1	4428180	4428180	0	
8.41922	1	4429206	4429206	0	
8.41922	1	4429640	4429640	0	
8.42146	1	4430650	4430650	0	
8.42146	1	4431100	4431100	0	
8.42361	1	4432094	4432094	0	
8.42361	1	4432560	4432560	0	
8.42576	1	4433538	4433538	0	
8.42576	1	4434020	4434020	0	
8.42791	1	4434982	4434982	0	
8.42791	1	4435480	4435480	0	
8.43006	1	4436426	4436426	0	
8.43006	1	4436940	4436940	0	
8.43221	1	4437870	4437870	0	
8.43221	1	4438400	4438400	0	
8.43436	1	4439314	4439314	0	
8.43436	1	4439860	4439860	0	
8.43651	1	4440758	4440758	0	
8.43651	1	4441320	4441320	0	
8.43875	1	4442202	4442202	0	
8.43875	1	4442780	4442780	0	
8.44091	1	4443646	4443646	0	
8.44091	1	4444240	4444240	0	
8.44306	1	4445090	4445090	0	
8.44306	1	4445700	4445700	0	
8.44521	1	4446534	4446534	0	
8.44521	1	4447160	4447160	0	
8.44736	1	4447978	4447978	0	
8.44736	1	4448620	4448620	0	
8.44959	1	4449422	4449422	0	
8.44959	1	4450080	4450080	0	
8.45174	1	4450866	4450866	0	
8.45174	1	4451540	4451540	0	
8.45384	1	4452310	4452310	0	
8.45384	1	4453000	4453000	0	
8.45594	1	4453754	4453754	0	
8.45594	1	4454460	4454460	0	
8.45804	1	4455198	4455198	0	
8.45804	1	4455920	4455920	0	
8.46014	1	4456642	4456642	0	
8.46014	1	4457380	4457380	0	
8.46225	1	4458086	4458086	0	
8.46225	1	4458840	4458840	0	
8.46443	1	4459530	4459530	0	
8.46443	1	4460300	4460300	0	
8.46653	1	4460974	4460974	0	
8.46653	1	4461760	4461760	0	
8.46863	1	4462418	4462418	0	
8.46863	1	4463220	4463220	0	
8.47074	1	4463862	4463862	0	
8.47074	1	4464680	4464680	0	
8.47284	1	4465306	4465306	0	
8.47284	1	4466140	4466140	0	
8.47494	1	4466750	4466750	0	
8.47494	1	4467600	4467600	0	
8.47712	1	4468194	4468194	0	
8.47712	1	4469060	4469060	0	
8.47922	1	4469638	4469638	0	
8.47922	1	4470520	4470520	0	
8.48133	1	4471082	4471082	0	
8.48133	1	4471980	4471980	0	
8.48343	1	4472526	4472526	0	
8.48343	1	4473440	4473440	0	
8.48553	1	4473970	4473970	0	
8.48553	1	4474900	4474900	0	
8.48763	1	4475414	4475414	0	
8.48763	1	4476360	4476360	0	
8.48973	1	4476858	4476858	0	
8.48973	1	4477820	4477820	0	
8.49191	1	4478302	4478302	0	
8.49191	1	4479280	4479280	0	
8.49401	1	4479746	4479746	0	
8.49401	1	4480740	4480740	0	
8.49611	1	4481190	4481190	0	
8.49611	1	4482200	4482200	0	
8.49821	1	4482634	4482634	0	
8.49821	1	4483660	4483660	0	
8.50032	1	4484078	4484078	0	
8.50032	1	4485120	4485120	0	
8.50242	1	4485522	4485522	0	
8.50242	1	4486580	4486580	0	
8.50461	1	4486966	4486966	0	
8.50461	1	4488040	4488040	0	
8.50671	1	4488410	4488410	0	
8.50671	1	4489500	4489500	0	
8.50881	1	4489854	4489854	0	
8.50881	1	4490960	4490960	0	
8.51091	1	4491298	4491298	0	
8.51091	1	4492420	4492420	0	
8.51301	1	4492742	4492742	0	
8.51301	1	4493880	4493880	0	
8.51519	1	4494186	4494186	0	
8.51519	1	4495340	4495340	0	
8.51729	1	4495630	4495630	0	
8.51729	1	4496800	4496800	0	
8.51939	1	4497074	4497074	0	
8.51939	1	4498260	4498260	0	
8.5215	1	4498518	4498518	0	
8.5215	1	4499720	4499720	0	
8.5236	1	4499962	4499962	0	
8.5236	1	4501180	4501180	0	
8.5257	1	4501406	4501406	0	
8.5257	1	4502640	4502640	0	
8.5278	1	4502850	4502850	0	
8.5278	1	4504100	4504100	0	
8.5299	1	4504294	4504294	0	
8.5299	1	4505560	4505560	0	
8.53208	1	4505738	4505738	0	
8.53208	1	4507020	4507020	0	
8.53418	1	4507182	4507182	0	
8.53418	1	4508480	4508480	0	
8.53629	1	4508626	4508626	0	
8.53629	1	4509940	4509940	0	
8.53839	1	4510070	4510070	0	
8.53839	1	4511400	4511400	0	
8.54049	1	4511514	4511514	0	
8.54049	1	4512860	4512860	0	
8.54268	1	4512958	4512958	0	
8.54268	1	4514320	4514320	0	
8.54478	1	4514402	4514402	0	
8.54478	1	4515780	4515780	0	
8.54688	1	4515846	4515846	0	
8.54688	1	4517240	4517240	0	
8.54898	1	4517290	4517290	0	
8.54898	1	4518700	4518700	0	
8.55108	1	4518734	4518734	0	
8.55108	1	4520160	4520160	0	
8.55351	1	4520178	4520178	0	
8.55351	1	4521620	4521620	0	
8.55594	1	4521622	4521622	0	
8.55838	1	4523074	4523074	0	
8.55838	1	4523080	4523080	0	
8.56091	1	4524519	4524519	0	
8.56091	1	4524540	4524540	0	
8.56335	1	4525964	4525964	0	
8.56335	1	4526000	4526000	0	
8.56578	1	4527409	4527409	0	
8.56578	1	4527460	4527460	0	
8.56822	1	4528854	4528854	0	
8.56822	1	4528920	4528920	0	
8.57065	1	4530298	4530298	0	
8.57065	1	4530380	4530380	0	
8.57318	1	4531742	4531742	0	
8.57318	1	4531840	4531840	0	
8.57562	1	4533186	4533186	0	
8.57562	1	4533300	4533300	0	
8.57805	1	4534630	4534630	0	
8.57805	1	4534760	4534760	0	
8.58049	1	4536074	4536074	0	
8.58049	1	4536220	4536220	0	
8.58292	1	4537518	4537518	0	
8.58292	1	4537680	4537680	0	
8.58546	1	4538962	4538962	0	
8.58546	1	4539140	4539140	0	
8.58789	1	4540406	4540406	0	
8.58789	1	4540600	4540600	0	
8.59033	1	4541850	4541850	0	
8.59033	1	4542060	4542060	0	
8.59276	1	4543294	4543294	0	
8.59276	1	4543520	4543520	0	
8.5952	1	4544738	4544738	0	
8.5952	1	4544980	4544980	0	
8.59763	1	4546182	4546182	0	
8.59763	1	4546440	4546440	0	
8.60007	1	4547626	4547626	0	
8.60007	1	4547900	4547900	0	
8.6025	1	4549070	4549070	0	
8.6025	1	4549360	4549360	0	
8.60503	1	4550514	4550514	0	
8.60503	1	4550820	4550820	0	
8.60747	1	4551958	4551958	0	
8.60747	1	4552280	4552280	0	
8.60991	1	4553402	4553402	0	
8.60991	1	4553740	4553740	0	
8.61234	1	4554846	4554846	0	
8.61234	1	4555200	4555200	0	
8.61478	1	4556290	4556290	0	
8.61478	1	4556660	4556660	0	
8.61731	1	4557734	4557734	0	
8.61731	1	4558120	4558120	0	
8.61974	1	4559178	4559178	0	
8.61974	1	4559580	4559580	0	
8.62218	1	4560622	4560622	0	
8.62218	1	4561040	4561040	0	
8.62461	1	4562066	4562066	0	
8.62461	1	4562500	4562500	0	
8.62705	1	4563510	4563510	0	
8.62705	1	4563960	4563960	0	
8.62948	1	4564954	4564954	0	
8.62948	1	4565420	4565420	0	
8.63192	1	4566398	4566398	0	
8.63192	1	4566880	4566880	0	
8.63436	1	4567842	4567842	0	
8.63436	1	4568340	4568340	0	
8.63689	1	4569286	4569286	0	
8.63689	1	4569800	4569800	0	
8.63932	1	4570730	4570730	0	
8.63932	1	4571260	4571260	0	
8.64176	1	4572174	4572174	0	
8.64176	1	4572720	4572720	0	
8.64419	1	4573618	4573618	0	
8.64419	1	4574180	4574180	0	
8.64663	1	4575062	4575062	0	
8.64663	1	4575640	4575640	0	
8.64916	1	4576506	4576506	0	
8.64916	1	4577100	4577100	0	
8.65159	1	4577950	4577950	0	
8.65159	1	4578560	4578560	0	
8.65368	1	4579394	4579394	0	
8.65368	1	4580020	4580020	0	
8.65578	1	4580838	4580838	0	
8.65578	1	4581480	4581480	0	
8.65787	1	4582282	4582282	0	
8.65787	1	4582940	4582940	0	
8.65995	1	4583726	4583726	0	
8.65995	1	4584400	4584400	0	
8.66204	1	4585170	4585170	0	
8.66204	1	4585860	4585860	0	
8.66413	1	4586614	4586614	0	
8.66413	1	4587320	4587320	0	
8.6663	1	4588058	4588058	0	
8.6663	1	4588780	4588780	0	
8.66839	1	4589502	4589502	0	
8.66839	1	4590240	4590240	0	
8.67048	1	4590946	4590946	0	
8.67048	1	4591700	4591700	0	
8.67257	1	4592390	4592390	0	
8.67257	1	4593160	4593160	0	
8.67465	1	4593834	4593834	0	
8.67465	1	4594620	4594620	0	
8.67683	1	4595278	4595278	0	
8.67683	1	4596080	4596080	0	
8.67892	1	4596722	4596722	0	
8.67892	1	4597540	4597540	0	
8.68101	1	4598166	4598166	0	
8.68101	1	4599000	4599000	0	
8.6831	1	4599610	4599610	0	
8.6831	1	4600460	4600460	0	
8.68518	1	4601054	4601054	0	
8.68518	1	4601920	4601920	0	
8.68735	1	4602498	4602498	0	
8.68735	1	4603380	4603380	0	
8.68944	1	4603942	4603942	0	
8.68944	1	4604840	4604840	0	
8.69153	1	4605386	4605386	0	
8.69153	1	4606300	4606300	0	
8.69362	1	4606830	4606830	0	
8.69362	1	4607760	4607760	0	
8.69571	1	4608274	4608274	0	
8.69571	1	4609220	4609220	0	
8.6978	1	4609718	4609718	0	
8.6978	1	4610680	4610680	0	
8.69989	1	4611162	4611162	0	
8.69989	1	4612140	4612140	0	
8.70198	1	4612606	4612606	0	
8.70198	1	4613600	4613600	0	
8.70415	1	4614050	4614050	0	
8.70415	1	4615060	4615060	0	
8.70624	1	4615494	4615494	0	
8.70624	1	4616520	4616520	0	
8.70833	1	4616938	4616938	0	
8.70833	1	4617980	4617980	0	
8.71041	1	4618382	4618382	0	
8.71041	1	4619440	4619440	0	
8.7125	1	4619826	4619826	0	
8.7125	1	4620900	4620900	0	
8.71468	1	4621270	4621270	0	
8.71468	1	4622360	4622360	0	
8.71677	1	4622714	4622714	0	
8.71677	1	4623820	4623820	0	
8.71886	1	4624158	4624158	0	
8.71886	1	4625280	4625280	0	
8.72094	1	4625602	4625602	0	
8.72094	1	4626740	4626740	0	
8.72303	1	4627046	4627046	0	
8.72303	1	4628200	4628200	0	
8.72512	1	4628490	4628490	0	
8.72512	1	4629660	4629660	0	
8.72721	1	4629934	4629934	0	
8.72721	1	4631120	4631120	0	
8.7293	1	4631378	4631378	0	
8.7293	1	4632580	4632580	0	
8.73147	1	4632822	4632822	0	
8.73147	1	4634040	4634040	0	
8.73356	1	4634266	4634266	0	
8.73356	1	4635500	4635500	0	
8.73565	1	4635710	4635710	0	
8.73565	1	4636960	4636960	0	
8.73774	1	4637154	4637154	0	
8.73774	1	4638420	4638420	0	
8.73983	1	4638598	4638598	0	
8.73983	1	4639880	4639880	0	
8.742	1	4640042	4640042	0	
8.742	1	4641340	4641340	0	
8.74409	1	4641486	4641486	0	
8.74409	1	4642800	4642800	0	
8.74618	1	4642930	4642930	0	
8.74618	1	4644260	4644260	0	
8.74826	1	4644374	4644374	0	
8.74826	1	4645720	4645720	0	
8.75035	1	4645818	4645818	0	
8.75035	1	4647180	4647180	0	
8.75244	1	4647262	4647262	0	
8.75244	1	4648640	4648640	0	
8.75453	1	4648706	4648706	0	
8.75453	1	4650100	4650100	0	
8.75663	1	4650150	4650150	0	
8.75663	1	4651560	4651560	0	
8.7588	1	4651594	4651594	0	
8.7588	1	4653020	4653020	0	
8.76088	1	4653038	4653038	0	
8.76088	1	4654480	4654480	0	
8.76297	1	4654482	4654482	0	
8.76506	1	4655934	4655934	0	
8.76506	1	4655940	4655940	0	
8.76715	1	4657379	4657379	0	
8.76715	1	4657400	4657400	0	
8.76932	1	4658824	4658824	0	
8.76932	1	4658860	4658860	0	
8.77141	1	4660269	4660269	0	
8.77141	1	4660320	4660320	0	
8.7735	1	4661714	4661714	0	
8.7735	1	4661780	4661780	0	
8.7756	1	4663158	4663158	0	
8.7756	1	4663240	4663240	0	
8.77769	1	4664602	4664602	0	
8.77769	1	4664700	4664700	0	
8.77986	1	4666046	4666046	0	
8.77986	1	4666160	4666160	0	
8.78195	1	4667490	4667490	0	
8.78195	1	4667620	4667620	0	
8.78404	1	4668934	4668934	0	
8.78404	1	4669080	4669080	0	
8.78613	1	4670378	4670378	0	
8.78613	1	4670540	4670540	0	
8.78822	1	4671822	4671822	0	
8.78822	1	4672000	4672000	0	
8.79031	1	4673266	4673266	0	
8.79031	1	4673460	4673460	0	
8.7924	1	4674710	4674710	0	
8.7924	1	4674920	4674920	0	
8.79449	1	4676154	4676154	0	
8.79449	1	4676380	4676380	0	
8.79667	1	4677598	4677598	0	
8.79667	1	4677840	4677840	0	
8.79876	1	4679042	4679042	0	
8.79876	1	4679300	4679300	0	
8.80085	1	4680486	4680486	0	
8.80085	1	4680760	4680760	0	
8.80294	1	4681930	4681930	0	
8.80294	1	4682220	4682220	0	
8.80503	1	4683374	4683374	0	
8.80503	1	4683680	4683680	0	
8.80712	1	4684818	4684818	0	
8.80712	1	4685140	4685140	0	
8.80929	1	4686262	4686262	0	
8.80929	1	4686600	4686600	0	
8.81138	1	4687706	4687706	0	
8.81138	1	4688060	4688060	0	
8.81347	1	4689150	4689150	0	
8.81347	1	4689520	4689520	0	
8.81556	1	4690594	4690594	0	
8.81556	1	4690980	4690980	0	
8.81765	1	4692038	4692038	0	
8.81765	1	4692440	4692440	0	
8.81974	1	4693482	4693482	0	
8.81974	1	4693900	4693900	0	
8.82183	1	4694926	4694926	0	
8.82183	1	4695360	4695360	0	
8.82392	1	4696370	4696370	0	
8.82392	1	4696820	4696820	0	
8.82609	1	4697814	4697814	0	
8.82609	1	4698280	4698280	0	
8.82818	1	4699258	4699258	0	
8.82818	1	4699740	4699740	0	
8.83027	1	4700702	4700702	0	
8.83027	1	4701200	4701200	0	
8.83236	1	4702146	4702146	0	
8.83236	1	4702660	4702660	0	
8.83445	1	4703590	4703590	0	
8.83445	1	4704120	4704120	0	
8.83663	1	4705034	4705034	0	
8.83663	1	4705580	4705580	0	
8.83872	1	4706478	4706478	0	
8.83872	1	4707040	4707040	0	
8.84081	1	4707922	4707922	0	
8.84081	1	4708500	4708500	0	
8.8429	1	4709366	4709366	0	
8.8429	1	4709960	4709960	0	
8.84499	1	4710810	4710810	0	
8.84499	1	4711420	4711420	0	
8.84716	1	4712254	4712254	0	
8.84716	1	4712880	4712880	0	
8.84925	1	4713698	4713698	0	
8.84925	1	4714340	4714340	0	
8.85134	1	4715142	4715142	0	
8.85134	1	4715800	4715800	0	
8.85377	1	4716586	4716586	0	
8.85377	1	4717260	4717260	0	
8.8562	1	4718030	4718030	0	
8.8562	1	4718720	4718720	0	
8.85863	1	4719474	4719474	0	
8.85863	1	4720180	4720180	0	
8.86105	1	4720918	4720918	0	
8.86105	1	4721640	4721640	0	
8.86348	1	4722362	4722362	0	
8.86348	1	4723100	4723100	0	
8.866	1	4723806	4723806	0	
8.866	1	4724560	4724560	0	
8.86842	1	4725250	4725250	0	
8.86842	1	4726020	4726020	0	
8.87085	1	4726694	4726694	0	
8.87085	1	4727480	4727480	0	
8.87328	1	4728138	4728138	0	
8.87328	1	4728940	4728940	0	
8.8757	1	4729582	4729582	0	
8.8757	1	4730400	4730400	0	
8.87823	1	4731026	4731026	0	
8.87823	1	4731860	4731860	0	
8.88066	1	4732470	4732470	0	
8.88066	1	4733320	4733320	0	
8.88308	1	4733914	4733914	0	
8.88308	1	4734780	4734780	0	
8.88551	1	4735358	4735358	0	
8.88551	1	4736240	4736240	0	
8.88794	1	4736802	4736802	0	
8.88794	1	4737700	4737700	0	
8.89036	1	4738246	4738246	0	
8.89036	1	4739160	4739160	0	
8.89279	1	4739690	4739690	0	
8.89279	1	4740620	4740620	0	
8.89521	1	4741134	4741134	0	
8.89521	1	4742080	4742080	0	
8.89773	1	4742578	4742578	0	
8.89773	1	4743540	4743540	0	
8.90016	1	4744022	4744022	0	
8.90016	1	4745000	4745000	0	
8.90259	1	4745466	4745466	0	
8.90259	1	4746460	4746460	0	
8.90502	1	4746910	4746910	0	
8.90502	1	4747920	4747920	0	
8.90745	1	4748354	4748354	0	
8.90745	1	4749380	4749380	0	
8.90997	1	4749798	4749798	0	
8.90997	1	4750840	4750840	0	
8.91239	1	4751242	4751242	0	
8.91239	1	4752300	4752300	0	
8.91482	1	4752686	4752686	0	
8.91482	1	4753760	4753760	0	
8.91725	1	4754130	4754130	0	
8.91725	1	4755220	4755220	0	
8.91967	1	4755574	4755574	0	
8.91967	1	4756680	4756680	0	
8.9221	1	4757018	4757018	0	
8.9221	1	4758140	4758140	0	
8.92452	1	4758462	4758462	0	
8.92452	1	4759600	4759600	0	
8.92696	1	4759906	4759906	0	
8.92696	1	4761060	4761060	0	
8.92948	1	4761350	4761350	0	
8.92948	1	4762520	4762520	0	
8.9319	1	4762794	4762794	0	
8.9319	1	4763980	4763980	0	
8.93433	1	4764238	4764238	0	
8.93433	1	4765440	4765440	0	
8.93676	1	4765682	4765682	0	
8.93676	1	4766900	4766900	0	
8.93918	1	4767126	4767126	0	
8.93918	1	4768360	4768360	0	
8.9417	1	4768570	4768570	0	
8.9417	1	4769820	4769820	0	
8.94413	1	4770014	4770014	0	
8.94413	1	4771280	4771280	0	
8.94656	1	4771458	4771458	0	
8.94656	1	4772740	4772740	0	
8.94899	1	4772902	4772902	0	
8.94899	1	4774200	4774200	0	
8.95142	1	4774346	4774346	0	
8.95142	1	4775660	4775660	0	
8.95375	1	4775790	4775790	0	
8.95375	1	4777120	4777120	0	
8.95599	1	4777234	4777234	0	
8.95599	1	4778580	4778580	0	
8.95823	1	4778678	4778678	0	
8.95823	1	4780040	4780040	0	
8.96048	1	4780122	4780122	0	
8.96048	1	4781500	4781500	0	
8.96272	1	4781566	4781566	0	
8.96272	1	4782960	4782960	0	
8.96496	1	4783010	4783010	0	
8.96496	1	4784420	4784420	0	
8.9672	1	4784454	4784454	0	
8.9672	1	4785880	4785880	0	
8.96945	1	4785898	4785898	0	
8.96945	1	4787340	4787340	0	
8.97178	1	4787342	4787342	0	
8.97403	1	4788794	4788794	0	
8.97403	1	4788800	4788800	0	
8.97627	1	4790239	4790239	0	
8.97627	1	4790260	4790260	0	
8.97851	1	4791684	4791684	0	
8.97851	1	4791720	4791720	0	
8.98076	1	4793129	4793129	0	
8.98076	1	4793180	4793180	0	
8.98309	1	4794574	4794574	0	
8.98309	1	4794640	4794640	0	
8.98533	1	4796018	4796018	0	
8.98533	1	4796100	4796100	0	
8.98757	1	4797462	4797462	0	
8.98757	1	4797560	4797560	0	
8.98982	1	4798906	4798906	0	
8.98982	1	4799020	4799020	0	
8.99207	1	4800350	4800350	0	
8.99207	1	4800480	4800480	0	
8.99431	1	4801794	4801794	0	
8.99431	1	4801940	4801940	0	
8.99655	1	4803238	4803238	0	
8.99655	1	4803400	4803400	0	
8.9988	1	4804682	4804682	0	
8.9988	1	4804860	4804860	0	
9.00113	1	4806126	4806126	0	
9.00113	1	4806320	4806320	0	
9.00337	1	4807570	4807570	0	
9.00337	1	4807780	4807780	0	
9.00561	1	4809014	4809014	0	
9.00561	1	4809240	4809240	0	
9.00786	1	4810458	4810458	0	
9.00786	1	4810700	4810700	0	
9.0101	1	4811902	4811902	0	
9.0101	1	4812160	4812160	0	
9.01244	1	4813346	4813346	0	
9.01244	1	4813620	4813620	0	
9.01468	1	4814790	4814790	0	
9.01468	1	4815080	4815080	0	
9.01693	1	4816234	4816234	0	
9.01693	1	4816540	4816540	0	
9.01917	1	4817678	4817678	0	
9.01917	1	4818000	4818000	0	
9.02141	1	4819122	4819122	0	
9.02141	1	4819460	4819460	0	
9.02366	1	4820566	4820566	0	
9.02366	1	4820920	4820920	0	
9.0259	1	4822010	4822010	0	
9.0259	1	4822380	4822380	0	
9.02814	1	4823454	4823454	0	
9.02814	1	4823840	4823840	0	
9.03047	1	4824898	4824898	0	
9.03047	1	4825300	4825300	0	
9.03272	1	4826342	4826342	0	
9.03272	1	4826760	4826760	0	
9.03497	1	4827786	4827786	0	
9.03497	1	4828220	4828220	0	
9.03721	1	4829230	4829230	0	
9.03721	1	4829680	4829680	0	
9.03945	1	4830674	4830674	0	
9.03945	1	4831140	4831140	0	
9.04179	1	4832118	4832118	0	
9.04179	1	4832600	4832600	0	
9.04403	1	4833562	4833562	0	
9.04403	1	4834060	4834060	0	
9.04627	1	4835006	4835006	0	
9.04627	1	4835520	4835520	0	
9.04852	1	4836450	4836450	0	
9.04852	1	4836980	4836980	0	
9.05076	1	4837894	4837894	0	
9.05076	1	4838440	4838440	0	
9.05313	1	4839338	4839338	0	
9.05313	1	4839900	4839900	0	
9.05541	1	4840782	4840782	0	
9.05541	1	4841360	4841360	0	
9.05769	1	4842226	4842226	0	
9.05769	1	4842820	4842820	0	
9.05996	1	4843670	4843670	0	
9.05996	1	4844280	4844280	0	
9.06224	1	4845114	4845114	0	
9.06224	1	4845740	4845740	0	
9.06452	1	4846558	4846558	0	
9.06452	1	4847200	4847200	0	
9.0668	1	4848002	4848002	0	
9.0668	1	4848660	4848660	0	
9.06907	1	4849446	4849446	0	
9.06907	1	4850120	4850120	0	
9.07144	1	4850890	4850890	0	
9.07144	1	4851580	4851580	0	
9.07372	1	4852334	4852334	0	
9.07372	1	4853040	4853040	0	
9.07599	1	4853778	4853778	0	
9.07599	1	4854500	4854500	0	
9.07828	1	4855222	4855222	0	
9.07828	1	4855960	4855960	0	
9.08055	1	4856666	4856666	0	
9.08055	1	4857420	4857420	0	
9.08292	1	4858110	4858110	0	
9.08292	1	4858880	4858880	0	
9.0852	1	4859554	4859554	0	
9.0852	1	4860340	4860340	0	
9.08747	1	4860998	4860998	0	
9.08747	1	4861800	4861800	0	
9.08975	1	4862442	4862442	0	
9.08975	1	4863260	4863260	0	
9.09203	1	4863886	4863886	0	
9.09203	1	4864720	4864720	0	
9.09431	1	4865330	4865330	0	
9.09431	1	4866180	4866180	0	
9.09658	1	4866774	4866774	0	
9.09658	1	4867640	4867640	0	
9.09886	1	4868218	4868218	0	
9.09886	1	4869100	4869100	0	
9.10123	1	4869662	4869662	0	
9.10123	1	4870560	4870560	0	
9.10351	1	4871106	4871106	0	
9.10351	1	4872020	4872020	0	
9.10579	1	4872550	4872550	0	
9.10579	1	4873480	4873480	0	
9.10806	1	4873994	4873994	0	
9.10806	1	4874940	4874940	0	
9.11034	1	4875438	4875438	0	
9.11034	1	4876400	4876400	0	
9.11271	1	4876882	4876882	0	
9.11271	1	4877860	4877860	0	
9.11498	1	4878326	4878326	0	
9.11498	1	4879320	4879320	0	
9.11726	1	4879770	4879770	0	
9.11726	1	4880780	4880780	0	
9.11954	1	4881214	4881214	0	
9.11954	1	4882240	4882240	0	
9.12182	1	4882658	4882658	0	
9.12182	1	4883700	4883700	0	
9.1241	1	4884102	4884102	0	
9.1241	1	4885160	4885160	0	
9.12638	1	4885546	4885546	0	
9.12638	1	4886620	4886620	0	
9.12866	1	4886990	4886990	0	
9.12866	1	4888080	4888080	0	
9.13102	1	4888434	4888434	0	
9.13102	1	4889540	4889540	0	
9.1333	1	4889878	4889878	0	
9.1333	1	4891000	4891000	0	
9.13558	1	4891322	4891322	0	
9.13558	1	4892460	4892460	0	
9.13785	1	4892766	4892766	0	
9.13785	1	4893920	4893920	0	
9.14013	1	4894210	4894210	0	
9.14013	1	4895380	4895380	0	
9.1425	1	4895654	4895654	0	
9.1425	1	4896840	4896840	0	
9.14478	1	4897098	4897098	0	
9.14478	1	4898300	4898300	0	
9.14706	1	4898542	4898542	0	
9.14706	1	4899760	4899760	0	
9.14933	1	4899986	4899986	0	
9.14933	1	4901220	4901220	0	
9.15161	1	4901430	4901430	0	
9.15161	1	4902680	4902680	0	
9.15387	1	4902874	4902874	0	
9.15387	1	4904140	4904140	0	
9.15605	1	4904318	4904318	0	
9.15605	1	4905600	4905600	0	
9.15823	1	4905762	4905762	0	
9.15823	1	4907060	4907060	0	
9.1604	1	4907206	4907206	0	
9.1604	1	4908520	4908520	0	
9.16258	1	4908650	4908650	0	
9.16258	1	4909980	4909980	0	
9.16476	1	4910094	4910094	0	
9.16476	1	4911440	4911440	0	
9.16694	1	4911538	4911538	0	
9.16694	1	4912900	4912900	0	
9.16911	1	4912982	4912982	0	
9.16911	1	4914360	4914360	0	
9.17137	1	4914426	4914426	0	
9.17137	1	4915820	4915820	0	
9.17355	1	4915870	4915870	0	
9.17355	1	4917280	4917280	0	
9.17572	1	4917314	4917314	0	
9.17572	1	4918740	4918740	0	
9.1779	1	4918758	4918758	0	
9.1779	1	4920200	4920200	0	
9.18007	1	4920202	4920202	0	
9.18234	1	4921654	4921654	0	
9.18234	1	4921660	4921660	0	
9.18452	1	4923099	4923099	0	
9.18452	1	4923120	4923120	0	
9.1867	1	4924544	4924544	0	
9.1867	1	4924580	4924580	0	
9.18887	1	4925989	4925989	0	
9.18887	1	4926040	4926040	0	
9.19105	1	4927434	4927434	0	
9.19105	1	4927500	4927500	0	
9.19322	1	4928878	4928878	0	
9.19322	1	4928960	4928960	0	
9.1954	1	4930322	4930322	0	
9.1954	1	4930420	4930420	0	
9.19758	1	4931766	4931766	0	
9.19758	1	4931880	4931880	0	
9.19984	1	4933210	4933210	0	
9.19984	1	4933340	4933340	0	
9.20201	1	4934654	4934654	0	
9.20201	1	4934800	4934800	0	
9.20419	1	4936098	4936098	0	
9.20419	1	4936260	4936260	0	
9.20637	1	4937542	4937542	0	
9.20637	1	4937720	4937720	0	
9.20855	1	4938986	4938986	0	
9.20855	1	4939180	4939180	0	
9.21073	1	4940430	4940430	0	
9.21073	1	4940640	4940640	0	
9.21299	1	4941874	4941874	0	
9.21299	1	4942100	4942100	0	
9.21516	1	4943318	4943318	0	
9.21516	1	4943560	4943560	0	
9.21734	1	4944762	4944762	0	
9.21734	1	4945020	4945020	0	
9.21952	1	4946206	4946206	0	
9.21952	1	4946480	4946480	0	
9.22169	1	4947650	4947650	0	
9.22169	1	4947940	4947940	0	
9.22396	1	4949094	4949094	0	
9.22396	1	4949400	4949400	0	
9.22614	1	4950538	4950538	0	
9.22614	1	4950860	4950860	0	
9.22831	1	4951982	4951982	0	
9.22831	1	4952320	4952320	0	
9.23049	1	4953426	4953426	0	
9.23049	1	4953780	4953780	0	
9.23267	1	4954870	4954870	0	
9.23267	1	4955240	4955240	0	
9.23484	1	4956314	4956314	0	
9.23484	1	4956700	4956700	0	
9.23702	1	4957758	4957758	0	
9.23702	1	4958160	4958160	0	
9.2392	1	4959202	4959202	0	
9.2392	1	4959620	4959620	0	
9.24146	1	4960646	4960646	0	
9.24146	1	4961080	4961080	0	
9.24363	1	4962090	4962090	0	
9.24363	1	4962540	4962540	0	
9.24581	1	4963534	4963534	0	
9.24581	1	4964000	4964000	0	
9.24799	1	4964978	4964978	0	
9.24799	1	4965460	4965460	0	
9.25017	1	4966422	4966422	0	
9.25017	1	4966920	4966920	0	
9.2524	1	4967866	4967866	0	
9.2524	1	4968380	4968380	0	
9.25455	1	4969310	4969310	0	
9.25455	1	4969840	4969840	0	
9.2567	1	4970754	4970754	0	
9.2567	1	4971300	4971300	0	
9.25885	1	4972198	4972198	0	
9.25885	1	4972760	4972760	0	
9.261	1	4973642	4973642	0	
9.261	1	4974220	4974220	0	
9.26315	1	4975086	4975086	0	
9.26315	1	4975680	4975680	0	
9.2653	1	4976530	4976530	0	
9.2653	1	4977140	4977140	0	
9.26745	1	4977974	4977974	0	
9.26745	1	4978600	4978600	0	
9.26969	1	4979418	4979418	0	
9.26969	1	4980060	4980060	0	
9.27184	1	4980862	4980862	0	
9.27184	1	4981520	4981520	0	
9.27399	1	4982306	4982306	0	
9.27399	1	4982980	4982980	0	
9.27614	1	4983750	4983750	0	
9.27614	1	4984440	4984440	0	
9.27829	1	4985194	4985194	0	
9.27829	1	4985900	4985900	0	
9.28052	1	4986638	4986638	0	
9.28052	1	4987360	4987360	0	
9.28267	1	4988082	4988082	0	
9.28267	1	4988820	4988820	0	
9.28482	1	4989526	4989526	0	
9.28482	1	4990280	4990280	0	
9.28697	1	4990970	4990970	0	
9.28697	1	4991740	4991740	0	
9.28913	1	4992414	4992414	0	
9.28913	1	4993200	4993200	0	
9.29127	1	4993858	4993858	0	
9.29127	1	4994660	4994660	0	
9.29342	1	4995302	4995302	0	
9.29342	1	4996120	4996120	0	
9.29557	1	4996746	4996746	0	
9.29557	1	4997580	4997580	0	
9.29781	1	4998190	4998190	0	
9.29781	1	4999040	4999040	0	
9.29996	1	4999634	4999634	0	
9.29996	1	5000500	5000500	0	
9.30211	1	5001078	5001078	0	
9.30211	1	5001960	5001960	0	
9.30426	1	5002522	5002522	0	
9.30426	1	5003420	5003420	0	
9.3064	1	5003966	5003966	0	
9.3064	1	5004880	5004880	0	
9.30864	1	5005410	5005410	0	
9.30864	1	5006340	5006340	0	
9.31079	1	5006854	5006854	0	
9.31079	1	5007800	5007800	0	
9.31294	1	5008298	5008298	0	
9.31294	1	5009260	5009260	0	
9.31509	1	5009742	5009742	0	
9.31509	1	5010720	5010720	0	
9.31724	1	5011186	5011186	0	
9.31724	1	5012180	5012180	0	
9.31948	1	5012630	5012630	0	
9.31948	1	5013640	5013640	0	
9.32163	1	5014074	5014074	0	
9.32163	1	5015100	5015100	0	
9.32377	1	5015518	5015518	0	
9.32377	1	5016560	5016560	0	
9.32592	1	5016962	5016962	0	
9.32592	1	5018020	5018020	0	
9.32807	1	5018406	5018406	0	
9.32807	1	5019480	5019480	0	
9.33023	1	5019850	5019850	0	
9.33023	1	5020940	5020940	0	
9.33238	1	5021294	5021294	0	
9.33238	1	5022400	5022400	0	
9.33453	1	5022738	5022738	0	
9.33453	1	5023860	5023860	0	
9.33676	1	5024182	5024182	0	
9.33676	1	5025320	5025320	0	
9.33891	1	5025626	5025626	0	
9.33891	1	5026780	5026780	0	
9.34106	1	5027070	5027070	0	
9.34106	1	5028240	5028240	0	
9.34321	1	5028514	5028514	0	
9.34321	1	5029700	5029700	0	
9.34536	1	5029958	5029958	0	
9.34536	1	5031160	5031160	0	
9.34759	1	5031402	5031402	0	
9.34759	1	5032620	5032620	0	
9.34975	1	5032846	5032846	0	
9.34975	1	5034080	5034080	0	
9.3519	1	5034290	5034290	0	
9.3519	1	5035540	5035540	0	
9.35429	1	5035734	5035734	0	
9.35429	1	5037000	5037000	0	
9.35669	1	5037178	5037178	0	
9.35669	1	5038460	5038460	0	
9.35908	1	5038622	5038622	0	
9.35908	1	5039920	5039920	0	
9.36148	1	5040066	5040066	0	
9.36148	1	5041380	5041380	0	
9.36387	1	5041510	5041510	0	
9.36387	1	5042840	5042840	0	
9.36636	1	5042954	5042954	0	
9.36636	1	5044300	5044300	0	
9.36876	1	5044398	5044398	0	
9.36876	1	5045760	5045760	0	
9.37115	1	5045842	5045842	0	
9.37115	1	5047220	5047220	0	
9.37355	1	5047286	5047286	0	
9.37355	1	5048680	5048680	0	
9.37595	1	5048730	5048730	0	
9.37595	1	5050140	5050140	0	
9.37843	1	5050174	5050174	0	
9.37843	1	5051600	5051600	0	
9.38083	1	5051618	5051618	0	
9.38083	1	5053060	5053060	0	
9.38322	1	5053062	5053062	0	
9.38561	1	5054514	5054514	0	
9.38561	1	5054520	5054520	0	
9.38801	1	5055959	5055959	0	
9.38801	1	5055980	5055980	0	
9.3904	1	5057404	5057404	0	
9.3904	1	5057440	5057440	0	
9.3928	1	5058849	5058849	0	
9.3928	1	5058900	5058900	0	
9.39519	1	5060294	5060294	0	
9.39519	1	5060360	5060360	0	
9.39769	1	5061738	5061738	0	
9.39769	1	5061820	5061820	0	
9.40008	1	5063182	5063182	0	
9.40008	1	5063280	5063280	0	
9.40248	1	5064626	5064626	0	
9.40248	1	5064740	5064740	0	
9.40487	1	5066070	5066070	0	
9.40487	1	5066200	5066200	0	
9.40727	1	5067514	5067514	0	
9.40727	1	5067660	5067660	0	
9.40975	1	5068958	5068958	0	
9.40975	1	5069120	5069120	0	
9.41215	1	5070402	5070402	0	
9.41215	1	5070580	5070580	0	
9.41454	1	5071846	5071846	0	
9.41454	1	5072040	5072040	0	
9.41694	1	5073290	5073290	0	
9.41694	1	5073500	5073500	0	
9.41934	1	5074734	5074734	0	
9.41934	1	5074960	5074960	0	
9.42183	1	5076178	5076178	0	
9.42183	1	5076420	5076420	0	
9.42422	1	5077622	5077622	0	
9.42422	1	5077880	5077880	0	
9.42662	1	5079066	5079066	0	
9.42662	1	5079340	5079340	0	
9.42901	1	5080510	5080510	0	
9.42901	1	5080800	5080800	0	
9.43141	1	5081954	5081954	0	
9.43141	1	5082260	5082260	0	
9.4338	1	5083398	5083398	0	
9.4338	1	5083720	5083720	0	
9.4362	1	5084842	5084842	0	
9.4362	1	5085180	5085180	0	
9.43859	1	5086286	5086286	0	
9.43859	1	5086640	5086640	0	
9.44109	1	5087730	5087730	0	
9.44109	1	5088100	5088100	0	
9.44348	1	5089174	5089174	0	
9.44348	1	5089560	5089560	0	
9.44588	1	5090618	5090618	0	
9.44588	1	5091020	5091020	0	
9.44827	1	5092062	5092062	0	
9.44827	1	5092480	5092480	0	
9.45067	1	5093506	5093506	0	
9.45067	1	5093940	5093940	0	
9.45309	1	5094950	5094950	0	
9.45309	1	5095400	5095400	0	
9.45542	1	5096394	5096394	0	
9.45542	1	5096860	5096860	0	
9.45775	1	5097838	5097838	0	
9.45775	1	5098320	5098320	0	
9.46008	1	5099282	5099282	0	
9.46008	1	5099780	5099780	0	
9.46241	1	5100726	5100726	0	
9.46241	1	5101240	5101240	0	
9.46474	1	5102170	5102170	0	
9.46474	1	5102700	5102700	0	
9.46707	1	5103614	5103614	0	
9.46707	1	5104160	5104160	0	
9.4694	1	5105058	5105058	0	
9.4694	1	5105620	5105620	0	
9.47183	1	5106502	5106502	0	
9.47183	1	5107080	5107080	0	
9.47416	1	5107946	5107946	0	
9.47416	1	5108540	5108540	0	
9.47649	1	5109390	5109390	0	
9.47649	1	5110000	5110000	0	
9.47882	1	5110834	5110834	0	
9.47882	1	5111460	5111460	0	
9.48115	1	5112278	5112278	0	
9.48115	1	5112920	5112920	0	
9.48357	1	5113722	5113722	0	
9.48357	1	5114380	5114380	0	
9.4859	1	5115166	5115166	0	
9.4859	1	5115840	5115840	0	
9.48823	1	5116610	5116610	0	
9.48823	1	5117300	5117300	0	
9.49056	1	5118054	5118054	0	
9.49056	1	5118760	5118760	0	
9.49289	1	5119498	5119498	0	
9.49289	1	5120220	5120220	0	
9.49522	1	5120942	5120942	0	
9.49522	1	5121680	5121680	0	
9.49755	1	5122386	5122386	0	
9.49755	1	5123140	5123140	0	
9.49988	1	5123830	5123830	0	
9.49988	1	5124600	5124600	0	
9.5023	1	5125274	5125274	0	
9.5023	1	5126060	5126060	0	
9.50463	1	5126718	5126718	0	
9.50463	1	5127520	5127520	0	
9.50696	1	5128162	5128162	0	
9.50696	1	5128980	5128980	0	
9.5093	1	5129606	5129606	0	
9.5093	1	5130440	5130440	0	
9.51163	1	5131050	5131050	0	
9.51163	1	5131900	5131900	0	
9.51405	1	5132494	5132494	0	
9.51405	1	5133360	5133360	0	
9.51638	1	5133938	5133938	0	
9.51638	1	5134820	5134820	0	
9.51871	1	5135382	5135382	0	
9.51871	1	5136280	5136280	0	
9.52104	1	5136826	5136826	0	
9.52104	1	5137740	5137740	0	
9.52337	1	5138270	5138270	0	
9.52337	1	5139200	5139200	0	
9.52579	1	5139714	5139714	0	
9.52579	1	5140660	5140660	0	
9.52812	1	5141158	5141158	0	
9.52812	1	5142120	5142120	0	
9.53046	1	5142602	5142602	0	
9.53046	1	5143580	5143580	0	
9.53279	1	5144046	5144046	0	
9.53279	1	5145040	5145040	0	
9.53512	1	5145490	5145490	0	
9.53512	1	5146500	5146500	0	
9.53745	1	5146934	5146934	0	
9.53745	1	5147960	5147960	0	
9.53978	1	5148378	5148378	0	
9.53978	1	5149420	5149420	0	
9.54211	1	5149822	5149822	0	
9.54211	1	5150880	5150880	0	
9.54453	1	5151266	5151266	0	
9.54453	1	5152340	5152340	0	
9.54686	1	5152710	5152710	0	
9.54686	1	5153800	5153800	0	
9.54919	1	5154154	5154154	0	
9.54919	1	5155260	5155260	0	
9.55152	1	5155598	5155598	0	
9.55152	1	5156720	5156720	0	
9.55385	1	5157042	5157042	0	
9.55385	1	5158180	5158180	0	
9.55626	1	5158486	5158486	0	
9.55626	1	5159640	5159640	0	
9.55858	1	5159930	5159930	0	
9.55858	1	5161100	5161100	0	
9.5609	1	5161374	5161374	0	
9.5609	1	5162560	5162560	0	
9.56322	1	5162818	5162818	0	
9.56322	1	5164020	5164020	0	
9.56554	1	5164262	5164262	0	
9.56554	1	5165480	5165480	0	
9.56786	1	5165706	5165706	0	
9.56786	1	5166940	5166940	0	
9.57019	1	5167150	5167150	0	
9.57019	1	5168400	5168400	0	
9.57251	1	5168594	5168594	0	
9.57251	1	5169860	5169860	0	
9.57492	1	5170038	5170038	0	
9.57492	1	5171320	5171320	0	
9.57725	1	5171482	5171482	0	
9.57725	1	5172780	5172780	0	
9.57957	1	5172926	5172926	0	
9.57957	1	5174240	5174240	0	
9.58189	1	5174370	5174370	0	
9.58189	1	5175700	5175700	0	
9.58421	1	5175814	5175814	0	
9.58421	1	5177160	5177160	0	
9.58662	1	5177258	5177258	0	
9.58662	1	5178620	5178620	0	
9.58894	1	5178702	5178702	0	
9.58894	1	5180080	5180080	0	
9.59126	1	5180146	5180146	0	
9.59126	1	5181540	5181540	0	
9.59358	1	5181590	5181590	0	
9.59358	1	5183000	5183000	0	
9.5959	1	5183034	5183034	0	
9.5959	1	5184460	5184460	0	
9.59823	1	5184478	5184478	0	
9.59823	1	5185920	5185920	0	
9.60055	1	5185922	5185922	0	
9.60287	1	5187374	5187374	0	
9.60287	1	5187380	5187380	0	
9.60528	1	5188819	5188819	0	
9.60528	1	5188840	5188840	0	
9.6076	1	5190264	5190264	0	
9.6076	1	5190300	5190300	0	
9.60992	1	5191709	5191709	0	
9.60992	1	5191760	5191760	0	
9.61224	1	5193154	5193154	0	
9.61224	1	5193220	5193220	0	
9.61456	1	5194598	5194598	0	
9.61456	1	5194680	5194680	0	
9.61698	1	5196042	5196042	0	
9.61698	1	5196140	5196140	0	
9.6193	1	5197486	5197486	0	
9.6193	1	5197600	5197600	0	
9.62162	1	5198930	5198930	0	
9.62162	1	5199060	5199060	0	
9.62395	1	5200374	5200374	0	
9.62395	1	5200520	5200520	0	
9.62627	1	5201818	5201818	0	
9.62627	1	5201980	5201980	0	
9.62859	1	5203262	5203262	0	
9.62859	1	5203440	5203440	0	
9.631	1	5204706	5204706	0	
9.631	1	5204900	5204900	0	
9.63332	1	5206150	5206150	0	
9.63332	1	5206360	5206360	0	
9.63564	1	5207594	5207594	0	
9.63564	1	5207820	5207820	0	
9.63796	1	5209038	5209038	0	
9.63796	1	5209280	5209280	0	
9.64028	1	5210482	5210482	0	
9.64028	1	5210740	5210740	0	
9.64261	1	5211926	5211926	0	
9.64261	1	5212200	5212200	0	
9.64493	1	5213370	5213370	0	
9.64493	1	5213660	5213660	0	
9.64725	1	5214814	5214814	0	
9.64725	1	5215120	5215120	0	
9.64966	1	5216258	5216258	0	
9.64966	1	5216580	5216580	0	
9.65199	1	5217702	5217702	0	
9.65199	1	5218040	5218040	0	
9.65411	1	5219146	5219146	0	
9.65411	1	5219500	5219500	0	
9.65623	1	5220590	5220590	0	
9.65623	1	5220960	5220960	0	
9.65836	1	5222034	5222034	0	
9.65836	1	5222420	5222420	0	
9.66056	1	5223478	5223478	0	
9.66056	1	5223880	5223880	0	
9.66269	1	5224922	5224922	0	
9.66269	1	5225340	5225340	0	
9.66482	1	5226366	5226366	0	
9.66482	1	5226800	5226800	0	
9.66694	1	5227810	5227810	0	
9.66694	1	5228260	5228260	0	
9.66907	1	5229254	5229254	0	
9.66907	1	5229720	5229720	0	
9.67119	1	5230698	5230698	0	
9.67119	1	5231180	5231180	0	
9.67331	1	5232142	5232142	0	
9.67331	1	5232640	5232640	0	
9.67544	1	5233586	5233586	0	
9.67544	1	5234100	5234100	0	
9.67765	1	5235030	5235030	0	
9.67765	1	5235560	5235560	0	
9.67977	1	5236474	5236474	0	
9.67977	1	5237020	5237020	0	
9.68189	1	5237918	5237918	0	
9.68189	1	5238480	5238480	0	
9.68402	1	5239362	5239362	0	
9.68402	1	5239940	5239940	0	
9.68615	1	5240806	5240806	0	
9.68615	1	5241400	5241400	0	
9.68719	1	5242250	5242250	0	
9.68719	1	5242860	5242860	0	
RESULT_ONE_PATH,0,8,5242880,8.684023823,8.687191650,5242880
DIAG_ONE_PATH,0.158013879,8.269689264,8.299956255
