elapsed_s,rx_app,packet_bytes
0.158286219,1456,1456
0.160508777,1460,4
0.160508777,2905,1445
0.164732019,2920,15
0.164732019,4354,1434
0.174732019,4380,26
0.174732019,5803,1423
0.270127942,5840,37
0.270127942,7252,1412
0.272240529,7300,48
0.272240529,8701,1401
0.274353116,8760,59
0.274353116,10150,1390
0.276465703,10220,70
0.276465703,11598,1378
0.278578290,11680,82
0.278578290,13046,1366
0.280690877,13140,94
0.280690877,14494,1354
0.290129557,14600,106
0.290129557,15942,1342
0.292242544,16060,118
0.292242544,17390,1330
0.381798179,17520,130
0.381798179,18834,1314
0.383963794,18980,146
0.383963794,20278,1298
0.386129409,20440,162
0.386129409,21722,1282
0.388295024,21900,178
0.388295024,23166,1266
0.390460639,23360,194
0.390460639,24610,1250
0.392626254,24820,210
0.392626254,26054,1234
0.394791709,26280,226
0.394791709,27498,1218
0.396954515,27740,242
0.396954515,28942,1202
0.399117321,29200,258
0.399117321,30386,1186
0.401280527,30660,274
0.401280527,31830,1170
0.403449956,32120,290
0.403449956,33274,1154
0.405612762,33580,306
0.405612762,34718,1138
0.407855619,35040,322
0.407855619,36162,1122
0.410018425,36500,338
0.410018425,37606,1106
0.412181231,37960,354
0.412181231,39050,1090
0.414344037,39420,370
0.414344037,40494,1074
0.491596678,40880,386
0.491596678,41938,1058
0.493777197,42340,402
0.493777197,43382,1042
0.495963985,43800,418
0.495963985,44826,1026
0.498144104,45260,434
0.498144104,46270,1010
0.500324223,46720,450
0.500324223,47714,994
0.502504342,48180,466
0.502504342,49158,978
0.504684301,49640,482
0.504684301,50602,962
0.506861592,51100,498
0.506861592,52046,946
0.509038883,52560,514
0.509038883,53490,930
0.511216174,54020,530
0.511216174,54934,914
0.513393465,55480,546
0.513393465,56378,898
0.515570756,56940,562
0.515570756,57822,882
0.517748447,58400,578
0.517748447,59266,866
0.519932407,59860,594
0.519932407,60710,850
0.522109698,61320,610
0.522109698,62154,834
0.524286989,62780,626
0.524286989,63598,818
0.526464280,64240,642
0.526464280,65042,802
0.528641571,65700,658
0.528641571,66486,786
0.530899450,67160,674
0.530899450,67930,770
0.533076741,68620,690
0.533076741,69374,754
0.535254032,70080,706
0.535254032,70818,738
0.537431323,71540,722
0.537431323,72262,722
0.539609014,73000,738
0.539609014,73706,706
0.541792974,74460,754
0.541792974,75150,690
0.543970265,75920,770
0.543970265,76594,674
0.546147556,77380,786
0.546147556,78038,658
0.548324847,78840,802
0.548324847,79482,642
0.550502138,80300,818
0.550502138,80926,626
0.552756977,81760,834
0.552756977,82370,610
0.553998514,83220,850
0.553998514,83814,594
0.556237011,84680,866
0.556237011,85258,578
0.558475508,86140,882
0.558475508,86702,562
0.599482711,87600,898
0.599482711,88146,546
0.601721208,89060,914
0.601721208,89590,530
0.603959705,90520,930
0.603959705,91034,514
0.606198202,91980,946
0.606198202,92478,498
0.608436699,93440,962
0.608436699,93922,482
0.610675196,94900,978
0.610675196,95366,466
0.612996546,96360,994
0.612996546,96810,450
0.615235043,97820,1010
0.615235043,98254,434
0.617473540,99280,1026
0.617473540,99698,418
0.619712437,100740,1042
0.619712437,101142,402
0.621957802,102200,1058
0.621957802,102586,386
0.624196299,103660,1074
0.624196299,104030,370
0.626434796,105120,1090
0.626434796,105474,354
0.628673293,106580,1106
0.628673293,106918,338
0.630911790,108040,1122
0.630911790,108362,322
0.633150287,109500,1138
0.633150287,109806,306
0.635388784,110960,1154
0.635388784,111250,290
0.637627281,112420,1170
0.637627281,112694,274
0.639948631,113880,1186
0.639948631,114138,258
0.642187528,115340,1202
0.642187528,115582,242
0.644432893,116800,1218
0.644432893,117026,226
0.646671390,118260,1234
0.646671390,118470,210
0.648909887,119720,1250
0.648909887,119914,194
0.653083661,121180,1266
0.653083661,121358,178
0.655395075,122640,1282
0.655395075,122802,162
0.657641766,124100,1298
0.657641766,124246,146
0.659888457,125560,1314
0.659888457,125690,130
0.662135148,127020,1330
0.662135148,127134,114
0.664381839,128480,1346
0.664381839,128578,98
0.666628530,129940,1362
0.666628530,130022,82
0.668965672,131400,1378
0.668965672,131466,66
0.671212283,132860,1394
0.671212283,132910,50
0.673457515,134320,1410
0.673457515,134354,34
0.675702747,135780,1426
0.675702747,135798,18
0.677947979,137240,1442
0.677947979,137242,2
0.680193291,138694,1452
0.682439982,138700,6
0.682439982,140139,1439
0.684686673,140160,21
0.684686673,141584,1424
0.686933364,141620,36
0.686933364,143029,1409
0.689180055,143080,51
0.689180055,144474,1394
0.691427146,144540,66
0.691427146,145918,1378
0.693680732,146000,82
0.693680732,147362,1362
0.695927423,147460,98
0.695927423,148806,1346
0.698174114,148920,114
0.698174114,150250,1330
0.700420805,150380,130
0.700420805,151694,1314
0.702667496,151840,146
0.702667496,153138,1298
0.704997343,153300,162
0.704997343,154582,1282
0.707244034,154760,178
0.707244034,156026,1266
0.709490725,156220,194
0.709490725,157470,1250
0.711737416,157680,210
0.711737416,158914,1234
0.713984507,159140,226
0.713984507,160358,1218
0.716238093,160600,242
0.716238093,161802,1202
0.718484784,162060,258
0.718484784,163246,1186
0.720731475,163520,274
0.720731475,164690,1170
0.722978166,164980,290
0.722978166,166134,1154
0.725224857,166440,306
0.725224857,167578,1138
0.727554704,167900,322
0.727554704,169022,1122
0.729801395,169360,338
0.729801395,170466,1106
0.732048086,170820,354
0.732048086,171910,1090
0.734294777,172280,370
0.734294777,173354,1074
0.736541868,173740,386
0.736541868,174798,1058
0.738795454,175200,402
0.738795454,176242,1042
0.741042145,176660,418
0.741042145,177686,1026
0.743288836,178120,434
0.743288836,179130,1010
0.745620302,179580,450
0.745620302,180574,994
0.747869911,181040,466
0.747869911,182018,978
0.750119520,182500,482
0.750119520,183462,962
0.752365929,183960,498
0.752365929,184906,946
0.753835852,185420,514
0.753835852,186350,930
0.756302575,186880,530
0.756302575,187794,914
0.758868318,188340,546
0.758868318,189238,898
0.761331842,189800,562
0.761331842,190682,882
0.763795366,191260,578
0.763795366,192126,866
0.766258890,192720,594
0.766258890,193570,850
0.768722414,194180,610
0.768722414,195014,834
0.771185938,195640,626
0.771185938,196458,818
0.773649462,197100,642
0.773649462,197902,802
0.776112986,198560,658
0.776112986,199346,786
0.778576510,200020,674
0.778576510,200790,770
0.781040034,201480,690
0.781040034,202234,754
0.783602738,202940,706
0.783602738,203678,738
0.786066262,204400,722
0.786066262,205122,722
0.788529786,205860,738
0.788529786,206566,706
0.790993310,207320,754
0.790993310,208010,690
0.793456834,208780,770
0.793456834,209454,674
0.795920358,210240,786
0.795920358,210898,658
0.798383882,211700,802
0.798383882,212342,642
0.800847406,213160,818
0.800847406,213786,626
0.803310930,214620,834
0.803310930,215230,610
0.805774454,216080,850
0.805774454,216674,594
0.808238378,217540,866
0.808238378,218118,578
0.810709500,219000,882
0.810709500,219562,562
0.813264206,220460,898
0.813264206,221006,546
0.815727730,221920,914
0.815727730,222450,530
0.818191254,223380,930
0.818191254,223894,514
0.820654778,224840,946
0.820654778,225338,498
0.823118302,226300,962
0.823118302,226782,482
0.825581826,227760,978
0.825581826,228226,466
0.828045350,229220,994
0.828045350,229670,450
0.830508874,230680,1010
0.830508874,231114,434
0.832972798,232140,1026
0.832972798,232558,418
0.835443920,233600,1042
0.835443920,234002,402
0.837907444,235060,1058
0.837907444,235446,386
0.840370968,236520,1074
0.840370968,236890,370
0.842834492,237980,1090
0.842834492,238334,354
0.845298016,239440,1106
0.845298016,239778,338
0.847761540,240900,1122
0.847761540,241222,322
0.850225064,242360,1138
0.850225064,242666,306
0.854712503,243820,1154
0.854712503,244110,290
0.856923350,245280,1170
0.856923350,245554,274
0.859067330,246740,1186
0.859067330,246998,258
0.861217470,248200,1202
0.861217470,248442,242
0.863361050,249660,1218
0.863361050,249886,226
0.865504630,251120,1234
0.865504630,251330,210
0.867648210,252580,1250
0.867648210,252774,194
0.869791790,254040,1266
0.869791790,254218,178
0.871935370,255500,1282
0.871935370,255662,162
0.874078950,256960,1298
0.874078950,257106,146
0.876222530,258420,1314
0.876222530,258550,130
0.878366110,259880,1330
0.878366110,259994,114
0.880589430,261340,1346
0.880589430,261438,98
0.882739570,262800,1362
0.882739570,262882,82
0.884883150,264260,1378
0.884883150,264326,66
0.887026650,265720,1394
0.887026650,265770,50
0.889168838,267180,1410
0.889168838,267214,34
0.891311026,268640,1426
0.891311026,268658,18
0.893453214,270100,1442
0.893453214,270102,2
0.895751121,271554,1452
0.902255603,271560,6
0.902255603,272999,1439
0.905438953,273020,21
0.905438953,274444,1424
0.907529640,274480,36
0.907529640,275889,1409
0.909620327,275940,51
0.909620327,277334,1394
0.911711014,277400,66
0.911711014,278778,1378
0.913801701,278860,82
0.913801701,280222,1362
0.915892388,280320,98
0.915892388,281666,1346
0.917983075,281780,114
0.917983075,283110,1330
0.920153102,283240,130
0.920153102,284554,1314
0.922243789,284700,146
0.922243789,285998,1298
0.924334476,286160,162
0.924334476,287442,1282
0.926425163,287620,178
0.926425163,288886,1266
0.928515850,289080,194
0.928515850,290330,1250
0.930606537,290540,210
0.930606537,291774,1234
0.932697224,292000,226
0.932697224,293218,1218
0.934787911,293460,242
0.934787911,294662,1202
0.936878598,294920,258
0.936878598,296106,1186
0.938969285,296380,274
0.938969285,297550,1170
0.941059972,297840,290
0.941059972,298994,1154
0.943150659,299300,306
0.943150659,300438,1138
0.945320686,300760,322
0.945320686,301882,1122
0.947411373,302220,338
0.947411373,303326,1106
0.949502060,303680,354
0.949502060,304770,1090
0.951592747,305140,370
0.951592747,306214,1074
0.953683434,306600,386
0.953683434,307658,1058
0.954743849,308060,402
0.954743849,309102,1042
0.956804264,309520,418
0.956804264,310546,1026
0.958864679,310980,434
0.958864679,311990,1010
0.960925094,312440,450
0.960925094,313434,994
0.962985509,313900,466
0.962985509,314878,978
0.965124115,315360,482
0.965124115,316322,962
0.967184530,316820,498
0.967184530,317766,946
0.969244945,318280,514
0.969244945,319210,930
0.971305360,319740,530
0.971305360,320654,914
0.973365775,321200,546
0.973365775,322098,898
0.975426190,322660,562
0.975426190,323542,882
0.977486605,324120,578
0.977486605,324986,866
0.979603263,325580,594
0.979603263,326430,850
0.981663678,327040,610
0.981663678,327874,834
0.983780336,328500,626
0.983780336,329318,818
0.985896994,329960,642
0.985896994,330762,802
0.988013652,331420,658
0.988013652,332206,786
0.990130310,332880,674
0.990130310,333650,770
0.992253826,334340,690
0.992253826,335094,754
0.994314241,335800,706
0.994314241,336538,738
0.996374656,337260,722
0.996374656,337982,722
0.998435071,338720,738
0.998435071,339426,706
1.000495486,340180,754
1.000495486,340870,690
1.002638207,341640,770
1.002638207,342314,674
1.004698622,343100,786
1.004698622,343758,658
1.006759037,344560,802
1.006759037,345202,642
1.008819452,346020,818
1.008819452,346646,626
1.010879867,347480,834
1.010879867,348090,610
1.012940282,348940,850
1.012940282,349534,594
1.015000697,350400,866
1.015000697,350978,578
1.017061112,351860,882
1.017061112,352422,562
1.019121527,353320,898
1.019121527,353866,546
1.021181942,354780,914
1.021181942,355310,530
1.023324663,356240,930
1.023324663,356754,514
1.025385078,357700,946
1.025385078,358198,498
1.027445493,359160,962
1.027445493,359642,482
1.029505908,360620,978
1.029505908,361086,466
1.031566323,362080,994
1.031566323,362530,450
1.033626738,363540,1010
1.033626738,363974,434
1.035687153,365000,1026
1.035687153,365418,418
1.037747568,366460,1042
1.037747568,366862,402
1.039807983,367920,1058
1.039807983,368306,386
1.041868398,369380,1074
1.041868398,369750,370
1.043928813,370840,1090
1.043928813,371194,354
1.045989228,372300,1106
1.045989228,372638,338
1.048049643,373760,1122
1.048049643,374082,322
1.050110058,375220,1138
1.050110058,375526,306
1.052170473,376680,1154
1.052170473,376970,290
1.054315983,378140,1170
1.054315983,378414,274
1.056547199,379600,1186
1.056547199,379858,258
1.058692709,381060,1202
1.058692709,381302,242
1.060838219,382520,1218
1.060838219,382746,226
1.062983729,383980,1234
1.062983729,384190,210
1.065129239,385440,1250
1.065129239,385634,194
1.067274749,386900,1266
1.067274749,387078,178
1.069420259,388360,1282
1.069420259,388522,162
1.071565769,389820,1298
1.071565769,389966,146
1.073711279,391280,1314
1.073711279,391410,130
1.075856789,392740,1330
1.075856789,392854,114
1.078088005,394200,1346
1.078088005,394298,98
1.080233515,395660,1362
1.080233515,395742,82
1.082379025,397120,1378
1.082379025,397186,66
1.084524535,398580,1394
1.084524535,398630,50
1.086670045,400040,1410
1.086670045,400074,34
1.088815555,401500,1426
1.088815555,401518,18
2.000149505,402960,1442
2.000149505,530046,127086
2.000149505,531440,1394
2.000149505,811662,280222
2.000149505,811760,98
2.000149505,813106,1346
2.002306691,813220,114
2.002306691,814550,1330
2.002306691,814680,130
2.002306691,937299,122619
2.043103721,937320,21
2.043103721,943078,5758
2.051987708,943160,82
2.051987708,947410,4250
2.062040328,947540,130
2.062040328,950298,2758
2.062040328,950460,162
2.062040328,957518,7058
2.077678037,957760,242
2.077678037,1002282,44522
2.146899509,1003020,738
2.146899509,1088934,85914
2.149132622,1089160,226
2.149132622,1090378,1218
2.151353501,1090620,242
2.151353501,1091822,1202
2.154517255,1092080,258
2.154517255,1093266,1186
2.156947060,1093540,274
2.156947060,1094710,1170
2.159326627,1095000,290
2.159326627,1096154,1154
2.161791153,1096460,306
2.161791153,1097598,1138
2.164163433,1097920,322
2.164163433,1099042,1122
2.166535713,1099380,338
2.166535713,1100486,1106
2.169000239,1100840,354
2.169000239,1101930,1090
2.171372519,1102300,370
2.171372519,1103374,1074
2.173744799,1103760,386
2.173744799,1104818,1058
2.176117079,1105220,402
2.176117079,1106262,1042
2.178489759,1106680,418
2.178489759,1107706,1026
2.180869326,1108140,434
2.180869326,1109150,1010
2.183241606,1109600,450
2.183241606,1110594,994
2.185613886,1111060,466
2.185613886,1112038,978
2.188078412,1112520,482
2.188078412,1113482,962
2.190450692,1113980,498
2.190450692,1114926,946
2.192822972,1115440,514
2.192822972,1116370,930
2.195195252,1116900,530
2.195195252,1117814,914
2.197567532,1118360,546
2.197567532,1119258,898
2.199939812,1119820,562
2.199939812,1120702,882
2.202412026,1121280,578
2.202412026,1122146,866
2.204784306,1122740,594
2.204784306,1123590,850
2.207156586,1124200,610
2.207156586,1125034,834
2.209528866,1125660,626
2.209528866,1126478,818
2.211901146,1127120,642
2.211901146,1127922,802
2.214273426,1128580,658
2.214273426,1129366,786
2.216645706,1130040,674
2.216645706,1130810,770
2.219017986,1131500,690
2.219017986,1132254,754
2.221482512,1132960,706
2.221482512,1133698,738
2.223855192,1134420,722
2.223855192,1135142,722
2.226234759,1135880,738
2.226234759,1136586,706
2.228607039,1137340,754
2.228607039,1138030,690
2.230979319,1138800,770
2.230979319,1139474,674
2.233351599,1140260,786
2.233351599,1140918,658
2.235816125,1141720,802
2.235816125,1142362,642
2.238188405,1143180,818
2.238188405,1143806,626
2.240560685,1144640,834
2.240560685,1145250,610
2.242932965,1146100,850
2.242932965,1146694,594
2.245305245,1147560,866
2.245305245,1148138,578
2.247677925,1149020,882
2.247677925,1149582,562
2.250057492,1150480,898
2.250057492,1151026,546
2.252429772,1151940,914
2.252429772,1152470,530
2.254891018,1153400,930
2.254891018,1153914,514
2.255288073,1154860,946
2.255288073,1155358,498
2.257681848,1156320,962
2.257681848,1156802,482
2.260075623,1157780,978
2.260075623,1158246,466
2.262469398,1159240,994
2.262469398,1159690,450
2.264863173,1160700,1010
2.264863173,1161134,434
2.267256948,1162160,1026
2.267256948,1162578,418
2.269651123,1163620,1042
2.269651123,1164022,402
2.272052255,1165080,1058
2.272052255,1165466,386
2.274539112,1166540,1074
2.274539112,1166910,370
2.276932887,1168000,1090
2.276932887,1168354,354
2.279326662,1169460,1106
2.279326662,1169798,338
2.281720437,1170920,1122
2.281720437,1171242,322
2.284114212,1172380,1138
2.284114212,1172686,306
2.286507987,1173840,1154
2.286507987,1174130,290
2.288901762,1175300,1170
2.288901762,1175574,274
2.291295537,1176760,1186
2.291295537,1177018,258
2.293790151,1178220,1202
2.293790151,1178462,242
2.296183926,1179680,1218
2.296183926,1179906,226
2.298577701,1181140,1234
2.298577701,1181350,210
2.300971476,1182600,1250
2.300971476,1182794,194
2.303365251,1184060,1266
2.303365251,1184238,178
2.305759026,1185520,1282
2.305759026,1185682,162
2.308152801,1186980,1298
2.308152801,1187126,146
2.310546576,1188440,1314
2.310546576,1188570,130
2.313033433,1189900,1330
2.313033433,1190014,114
2.315427608,1191360,1346
2.315427608,1191458,98
2.317921822,1192820,1362
2.317921822,1192902,82
2.320315597,1194280,1378
2.320315597,1194346,66
2.322709292,1195740,1394
2.322709292,1195790,50
2.325101516,1197200,1410
2.325101516,1197234,34
2.327493740,1198660,1426
2.327493740,1198678,18
2.329885964,1200120,1442
2.329885964,1200122,2
2.332278268,1201574,1452
2.334765125,1201580,6
2.334765125,1203019,1439
2.337159300,1203040,21
2.337159300,1204464,1424
2.339560432,1204500,36
2.339560432,1205909,1409
2.341954207,1205960,51
2.341954207,1207354,1394
2.344347982,1207420,66
2.344347982,1208798,1378
2.346741757,1208880,82
2.346741757,1210242,1362
2.349228614,1210340,98
2.349228614,1211686,1346
2.354559375,1211800,114
2.354559375,1213130,1330
2.356773044,1213260,130
2.356773044,1214574,1314
2.358923699,1214720,146
2.358923699,1216018,1298
2.361074354,1216180,162
2.361074354,1217462,1282
2.363225409,1217640,178
2.363225409,1218906,1266
2.365382953,1219100,194
2.365382953,1220350,1250
2.367539183,1220560,210
2.367539183,1221794,1234
2.369695413,1222020,226
2.369695413,1223238,1218
2.371940527,1223480,242
2.371940527,1224682,1202
2.374091182,1224940,258
2.374091182,1226126,1186
2.376241837,1226400,274
2.376241837,1227570,1170
2.378392492,1227860,290
2.378392492,1229014,1154
2.380543147,1229320,306
2.380543147,1230458,1138
2.382777830,1230780,322
2.382777830,1231902,1122
2.384935054,1232240,338
2.384935054,1233346,1106
2.387085709,1233700,354
2.387085709,1234790,1090
2.389236364,1235160,370
2.389236364,1236234,1074
2.391387019,1236620,386
2.391387019,1237678,1058
2.393621302,1238080,402
2.393621302,1239122,1042
2.395771957,1239540,418
2.395771957,1240566,1026
2.397922612,1241000,434
2.397922612,1242010,1010
2.400073267,1242460,450
2.400073267,1243454,994
2.402223922,1243920,466
2.402223922,1244898,978
2.404374977,1245380,482
2.404374977,1246342,962
2.406532201,1246840,498
2.406532201,1247786,946
2.408682856,1248300,514
2.408682856,1249230,930
2.410917139,1249760,530
2.410917139,1250674,914
2.413067794,1251220,546
2.413067794,1252118,898
2.415218449,1252680,562
2.415218449,1253562,882
2.417369104,1254140,578
2.417369104,1255006,866
2.419519759,1255600,594
2.419519759,1256450,850
2.421754042,1257060,610
2.421754042,1257894,834
2.423905097,1258520,626
2.423905097,1259338,818
2.426062321,1259980,642
2.426062321,1260782,802
2.428212976,1261440,658
2.428212976,1262226,786
2.430363631,1262900,674
2.430363631,1263670,770
2.432514286,1264360,690
2.432514286,1265114,754
2.434664941,1265820,706
2.434664941,1266558,738
2.436815596,1267280,722
2.436815596,1268002,722
2.439049879,1268740,738
2.439049879,1269446,706
2.441200534,1270200,754
2.441200534,1270890,690
2.443351189,1271660,770
2.443351189,1272334,674
2.445502244,1273120,786
2.445502244,1273778,658
2.447659468,1274580,802
2.447659468,1275222,642
2.449810123,1276040,818
2.449810123,1276666,626
2.452044406,1277500,834
2.452044406,1278110,610
2.454191781,1278960,850
2.454191781,1279554,594
2.454582507,1280420,866
2.454582507,1280998,578
2.456969953,1281880,882
2.456969953,1282442,562
2.459357399,1283340,898
2.459357399,1283886,546
2.461837681,1284800,914
2.461837681,1285330,530
2.464225527,1286260,930
2.464225527,1286774,514
2.466620309,1287720,946
2.466620309,1288218,498
2.469007755,1289180,962
2.469007755,1289662,482
2.471395201,1290640,978
2.471395201,1291106,466
2.473782647,1292100,994
2.473782647,1292550,450
2.476170093,1293560,1010
2.476170093,1293994,434
2.478650375,1295020,1026
2.478650375,1295438,418
2.481037821,1296480,1042
2.481037821,1296882,402
2.483425267,1297940,1058
2.483425267,1298326,386
2.485812713,1299400,1074
2.485812713,1299770,370
2.488200559,1300860,1090
2.488200559,1301214,354
2.490595341,1302320,1106
2.490595341,1302658,338
2.493075623,1303780,1122
2.493075623,1304102,322
2.495463069,1305240,1138
2.495463069,1305546,306
2.497850515,1306700,1154
2.497850515,1306990,290
2.500237961,1308160,1170
2.500237961,1308434,274
2.502625407,1309620,1186
2.502625407,1309878,258
2.505012853,1311080,1202
2.505012853,1311322,242
2.507400299,1312540,1218
2.507400299,1312766,226
2.509880981,1314000,1234
2.509880981,1314210,210
2.512275763,1315460,1250
2.512275763,1315654,194
2.514663209,1316920,1266
2.514663209,1317098,178
2.517050655,1318380,1282
2.517050655,1318542,162
2.519438101,1319840,1298
2.519438101,1319986,146
2.521825547,1321300,1314
2.521825547,1321430,130
2.524305829,1322760,1330
2.524305829,1322874,114
2.526693275,1324220,1346
2.526693275,1324318,98
2.529080721,1325680,1362
2.529080721,1325762,82
2.531468167,1327140,1378
2.531468167,1327206,66
2.533855933,1328600,1394
2.533855933,1328650,50
2.536342004,1330060,1410
2.536342004,1330094,34
2.538727903,1331520,1426
2.538727903,1331538,18
2.541113802,1332980,1442
2.541113802,1332982,2
2.543499781,1334434,1452
2.545887227,1334440,6
2.545887227,1335879,1439
2.548274673,1335900,21
2.548274673,1337324,1424
2.550662119,1337360,36
2.550662119,1338769,1409
2.553046285,1338820,51
2.553046285,1340214,1394
2.553358320,1340280,66
2.553358320,1341658,1378
2.555587075,1341740,82
2.555587075,1343102,1362
2.557809029,1343200,98
2.557809029,1344546,1346
2.560030983,1344660,114
2.560030983,1345990,1330
2.562252937,1346120,130
2.562252937,1347434,1314
2.564561292,1347580,146
2.564561292,1348878,1298
2.566783246,1349040,162
2.566783246,1350322,1282
2.569005200,1350500,178
2.569005200,1351766,1266
2.571227154,1351960,194
2.571227154,1353210,1250
2.573449108,1353420,210
2.573449108,1354654,1234
2.575671462,1354880,226
2.575671462,1356098,1218
2.577900217,1356340,242
2.577900217,1357542,1202
2.580122171,1357800,258
2.580122171,1358986,1186
2.582430526,1359260,274
2.582430526,1360430,1170
2.584652480,1360720,290
2.584652480,1361874,1154
2.586874434,1362180,306
2.586874434,1363318,1138
2.589096388,1363640,322
2.589096388,1364762,1122
2.591318342,1365100,338
2.591318342,1366206,1106
2.593626697,1366560,354
2.593626697,1367650,1090
2.595849051,1368020,370
2.595849051,1369094,1074
2.598077806,1369480,386
2.598077806,1370538,1058
2.600299760,1370940,402
2.600299760,1371982,1042
2.602521714,1372400,418
2.602521714,1373426,1026
2.604743668,1373860,434
2.604743668,1374870,1010
2.606965622,1375320,450
2.606965622,1376314,994
2.609187576,1376780,466
2.609187576,1377758,978
2.611495931,1378240,482
2.611495931,1379202,962
2.613717885,1379700,498
2.613717885,1380646,946
2.615939839,1381160,514
2.615939839,1382090,930
2.618162193,1382620,530
2.618162193,1383534,914
2.620390948,1384080,546
2.620390948,1384978,898
2.622699303,1385540,562
2.622699303,1386422,882
2.624921257,1387000,578
2.624921257,1387866,866
2.627143211,1388460,594
2.627143211,1389310,850
2.629365165,1389920,610
2.629365165,1390754,834
2.631587119,1391380,626
2.631587119,1392198,818
2.633895474,1392840,642
2.633895474,1393642,802
2.636117428,1394300,658
2.636117428,1395086,786
2.638339782,1395760,674
2.638339782,1396530,770
2.640568537,1397220,690
2.640568537,1397974,754
2.642790491,1398680,706
2.642790491,1399418,738
2.645012445,1400140,722
2.645012445,1400862,722
2.647234399,1401600,738
2.647234399,1402306,706
2.649456353,1403060,754
2.649456353,1403750,690
2.653710124,1404520,770
2.653710124,1405194,674
2.656232612,1405980,786
2.656232612,1406638,658
2.658700516,1407440,802
2.658700516,1408082,642
2.661168420,1408900,818
2.661168420,1409526,626
2.663636724,1410360,834
2.663636724,1410970,610
2.666208190,1411820,850
2.666208190,1412414,594
2.668676094,1413280,866
2.668676094,1413858,578
2.671143998,1414740,882
2.671143998,1415302,562
2.673611902,1416200,898
2.673611902,1416746,546
2.676079806,1417660,914
2.676079806,1418190,530
2.678547710,1419120,930
2.678547710,1419634,514
2.681015614,1420580,946
2.681015614,1421078,498
2.683483518,1422040,962
2.683483518,1422522,482
2.686047787,1423500,978
2.686047787,1423966,466
2.688523288,1424960,994
2.688523288,1425410,450
2.690991192,1426420,1010
2.690991192,1426854,434
2.693459096,1427880,1026
2.693459096,1428298,418
2.695927000,1429340,1042
2.695927000,1429742,402
2.698490869,1430800,1058
2.698490869,1431186,386
2.700958773,1432260,1074
2.700958773,1432630,370
2.703426677,1433720,1090
2.703426677,1434074,354
2.705894581,1435180,1106
2.705894581,1435518,338
2.708362485,1436640,1122
2.708362485,1436962,322
2.710830789,1438100,1138
2.710830789,1438406,306
2.713306290,1439560,1154
2.713306290,1439850,290
2.715774194,1441020,1170
2.715774194,1441294,274
2.718338063,1442480,1186
2.718338063,1442738,258
2.720805967,1443940,1202
2.720805967,1444182,242
2.723273871,1445400,1218
2.723273871,1445626,226
2.725741775,1446860,1234
2.725741775,1447070,210
2.728209679,1448320,1250
2.728209679,1448514,194
2.730773548,1449780,1266
2.730773548,1449958,178
2.733241852,1451240,1282
2.733241852,1451402,162
2.735717353,1452700,1298
2.735717353,1452846,146
2.738185257,1454160,1314
2.738185257,1454290,130
2.740653161,1455620,1330
2.740653161,1455734,114
2.743217030,1457080,1346
2.743217030,1457178,98
2.745684934,1458540,1362
2.745684934,1458622,82
2.748152838,1460000,1378
2.748152838,1460066,66
2.750620662,1461460,1394
2.750620662,1461510,50
2.753083766,1462920,1410
2.753083766,1462954,34
2.753207126,1464380,1426
2.753207126,1464398,18
2.755224084,1465840,1442
2.755224084,1465842,2
2.757298830,1467294,1452
2.759449011,1467300,6
2.759449011,1468739,1439
2.761518712,1468760,21
2.761518712,1470184,1424
2.763588413,1470220,36
2.763588413,1471629,1409
2.765658114,1471680,51
2.765658114,1473074,1394
2.767727815,1473140,66
2.767727815,1474518,1378
2.769877996,1474600,82
2.769877996,1475962,1362
2.771947697,1476060,98
2.771947697,1477406,1346
2.774017798,1477520,114
2.774017798,1478850,1330
2.776093806,1478980,130
2.776093806,1480294,1314
2.778163507,1480440,146
2.778163507,1481738,1298
2.780233208,1481900,162
2.780233208,1483182,1282
2.782302909,1483360,178
2.782302909,1484626,1266
2.784372610,1484820,194
2.784372610,1486070,1250
2.786522791,1486280,210
2.786522791,1487514,1234
2.788592492,1487740,226
2.788592492,1488958,1218
2.790662193,1489200,242
2.790662193,1490402,1202
2.792731894,1490660,258
2.792731894,1491846,1186
2.794801995,1492120,274
2.794801995,1493290,1170
2.796878003,1493580,290
2.796878003,1494734,1154
2.799028184,1495040,306
2.799028184,1496178,1138
2.801097885,1496500,322
2.801097885,1497622,1122
2.803167586,1497960,338
2.803167586,1499066,1106
2.805237287,1499420,354
2.805237287,1500510,1090
2.807306988,1500880,370
2.807306988,1501954,1074
2.809457169,1502340,386
2.809457169,1503398,1058
2.811526870,1503800,402
2.811526870,1504842,1042
2.813596971,1505260,418
2.813596971,1506286,1026
2.815672979,1506720,434
2.815672979,1507730,1010
2.817742680,1508180,450
2.817742680,1509174,994
2.819812381,1509640,466
2.819812381,1510618,978
2.821882082,1511100,482
2.821882082,1512062,962
2.823951783,1512560,498
2.823951783,1513506,946
2.826101964,1514020,514
2.826101964,1514950,930
2.828171665,1515480,530
2.828171665,1516394,914
2.830241366,1516940,546
2.830241366,1517838,898
2.832311067,1518400,562
2.832311067,1519282,882
2.834381168,1519860,578
2.834381168,1520726,866
2.836537656,1521320,594
2.836537656,1522170,850
2.838607357,1522780,610
2.838607357,1523614,834
2.840677058,1524240,626
2.840677058,1525058,818
2.842746759,1525700,642
2.842746759,1526502,802
2.844816460,1527160,658
2.844816460,1527946,786
2.846886161,1528620,674
2.846886161,1529390,770
2.848955862,1530080,690
2.848955862,1530834,754
2.852962828,1531540,706
2.852962828,1532278,738
2.855271161,1533000,722
2.855271161,1533722,722
2.857438925,1534460,738
2.857438925,1535166,706
2.859600086,1535920,754
2.859600086,1536610,690
2.861761247,1537380,770
2.861761247,1538054,674
2.863922408,1538840,786
2.863922408,1539498,658
2.866167606,1540300,802
2.866167606,1540942,642
2.868328767,1541760,818
2.868328767,1542386,626
2.870489928,1543220,834
2.870489928,1543830,610
2.872651089,1544680,850
2.872651089,1545274,594
2.874812250,1546140,866
2.874812250,1546718,578
2.876973811,1547600,882
2.876973811,1548162,562
2.879141575,1549060,898
2.879141575,1549606,546
2.881302736,1550520,914
2.881302736,1551050,530
2.883547934,1551980,930
2.883547934,1552494,514
2.885709095,1553440,946
2.885709095,1553938,498
2.887870256,1554900,962
2.887870256,1555382,482
2.890031417,1556360,978
2.890031417,1556826,466
2.892192578,1557820,994
2.892192578,1558270,450
2.894437776,1559280,1010
2.894437776,1559714,434
2.896599337,1560740,1026
2.896599337,1561158,418
2.898767101,1562200,1042
2.898767101,1562602,402
2.900928262,1563660,1058
2.900928262,1564046,386
2.903089423,1565120,1074
2.903089423,1565490,370
2.905334621,1566580,1090
2.905334621,1566934,354
2.907495782,1568040,1106
2.907495782,1568378,338
2.909656943,1569500,1122
2.909656943,1569822,322
2.911818104,1570960,1138
2.911818104,1571266,306
2.913979265,1572420,1154
2.913979265,1572710,290
2.916140426,1573880,1170
2.916140426,1574154,274
2.918301987,1575340,1186
2.918301987,1575598,258
2.920469751,1576800,1202
2.920469751,1577042,242
2.922714949,1578260,1218
2.922714949,1578486,226
2.924876110,1579720,1234
2.924876110,1579930,210
2.927037271,1581180,1250
2.927037271,1581374,194
2.929198432,1582640,1266
2.929198432,1582818,178
2.931359593,1584100,1282
2.931359593,1584262,162
2.933604791,1585560,1298
2.933604791,1585706,146
2.935765952,1587020,1314
2.935765952,1587150,130
2.937927513,1588480,1330
2.937927513,1588594,114
2.940095277,1589940,1346
2.940095277,1590038,98
2.942256438,1591400,1362
2.942256438,1591482,82
2.944417599,1592860,1378
2.944417599,1592926,66
2.946578680,1594320,1394
2.946578680,1594370,50
2.948738440,1595780,1410
2.948738440,1595814,34
2.950982237,1597240,1426
2.950982237,1597258,18
2.955076833,1598700,1442
2.955076833,1598702,2
2.957262182,1600154,1452
2.959383662,1600160,6
2.959383662,1601599,1439
2.961505542,1601620,21
2.961505542,1603044,1424
2.963715990,1603080,36
2.963715990,1604489,1409
2.965837470,1604540,51
2.965837470,1605934,1394
2.967958950,1606000,66
2.967958950,1607378,1378
2.970080430,1607460,82
2.970080430,1608822,1362
2.972201910,1608920,98
2.972201910,1610266,1346
2.974323390,1610380,114
2.974323390,1611710,1330
2.976444870,1611840,130
2.976444870,1613154,1314
2.978566350,1613300,146
2.978566350,1614598,1298
2.980770724,1614760,162
2.980770724,1616042,1282
2.982898678,1616220,178
2.982898678,1617486,1266
2.985020158,1617680,194
2.985020158,1618930,1250
2.987141638,1619140,210
2.987141638,1620374,1234
2.989263118,1620600,226
2.989263118,1621818,1218
2.991467092,1622060,242
2.991467092,1623262,1202
2.993588572,1623520,258
2.993588572,1624706,1186
2.995710052,1624980,274
2.995710052,1626150,1170
2.997831532,1626440,290
2.997831532,1627594,1154
2.999953012,1627900,306
2.999953012,1629038,1138
3.002163860,1629360,322
3.002163860,1630482,1122
3.004285340,1630820,338
3.004285340,1631926,1106
3.006406820,1632280,354
3.006406820,1633370,1090
3.008528300,1633740,370
3.008528300,1634814,1074
3.010649780,1635200,386
3.010649780,1636258,1058
3.012771260,1636660,402
3.012771260,1637702,1042
3.014892740,1638120,418
3.014892740,1639146,1026
3.017014220,1639580,434
3.017014220,1640590,1010
3.019218194,1641040,450
3.019218194,1642034,994
3.021340074,1642500,466
3.021340074,1643478,978
3.023468028,1643960,482
3.023468028,1644922,962
3.025589508,1645420,498
3.025589508,1646366,946
3.027710988,1646880,514
3.027710988,1647810,930
3.029914962,1648340,530
3.029914962,1649254,914
3.032036442,1649800,546
3.032036442,1650698,898
3.034157922,1651260,562
3.034157922,1652142,882
3.036279402,1652720,578
3.036279402,1653586,866
3.038400882,1654180,594
3.038400882,1655030,850
3.040522362,1655640,610
3.040522362,1656474,834
3.042644242,1657100,626
3.042644242,1657918,818
3.044772196,1658560,642
3.044772196,1659362,802
3.046976170,1660020,658
3.046976170,1660806,786
3.049097650,1661480,674
3.049097650,1662250,770
3.051219130,1662940,690
3.051219130,1663694,754
3.053340610,1664400,706
3.053340610,1665138,738
3.055462090,1665860,722
3.055462090,1666582,722
3.057625199,1667320,738
3.057625199,1668026,706
3.059707344,1668780,754
3.059707344,1669470,690
3.061789889,1670240,770
3.061789889,1670914,674
3.063878382,1671700,786
3.063878382,1672358,658
3.065960527,1673160,802
3.065960527,1673802,642
3.068042672,1674620,818
3.068042672,1675246,626
3.070124817,1676080,834
3.070124817,1676690,610
3.072206962,1677540,850
3.072206962,1678134,594
3.074370071,1679000,866
3.074370071,1679578,578
3.076452216,1680460,882
3.076452216,1681022,562
3.078534361,1681920,898
3.078534361,1682466,546
3.080616506,1683380,914
3.080616506,1683910,530
3.082699051,1684840,930
3.082699051,1685354,514
3.084868508,1686300,946
3.084868508,1686798,498
3.086950653,1687760,962
3.086950653,1688242,482
3.089032798,1689220,978
3.089032798,1689686,466
3.091114943,1690680,994
3.091114943,1691130,450
3.093197088,1692140,1010
3.093197088,1692574,434
3.095360197,1693600,1026
3.095360197,1694018,418
3.097442342,1695060,1042
3.097442342,1695462,402
3.099524487,1696520,1058
3.099524487,1696906,386
3.101607032,1697980,1074
3.101607032,1698350,370
3.103695525,1699440,1090
3.103695525,1699794,354
3.105777670,1700900,1106
3.105777670,1701238,338
3.107859815,1702360,1122
3.107859815,1702682,322
3.109941960,1703820,1138
3.109941960,1704126,306
3.112105069,1705280,1154
3.112105069,1705570,290
3.114187214,1706740,1170
3.114187214,1707014,274
3.116269359,1708200,1186
3.116269359,1708458,258
3.118351504,1709660,1202
3.118351504,1709902,242
3.120433649,1711120,1218
3.120433649,1711346,226
3.122603505,1712580,1234
3.122603505,1712790,210
3.124685650,1714040,1250
3.124685650,1714234,194
3.126767795,1715500,1266
3.126767795,1715678,178
3.128849940,1716960,1282
3.128849940,1717122,162
3.130932085,1718420,1298
3.130932085,1718566,146
3.133014230,1719880,1314
3.133014230,1720010,130
3.135096375,1721340,1330
3.135096375,1721454,114
3.137178520,1722800,1346
3.137178520,1722898,98
3.139341629,1724260,1362
3.139341629,1724342,82
3.141424174,1725720,1378
3.141424174,1725786,66
3.143512587,1727180,1394
3.143512587,1727230,50
3.145593383,1728640,1410
3.145593383,1728674,34
3.147674179,1730100,1426
3.147674179,1730118,18
3.149835939,1731560,1442
3.149835939,1731562,2
3.151916815,1733014,1452
3.153998960,1733020,6
3.153998960,1734459,1439
3.156077825,1734480,21
3.156077825,1737349,2869
3.156497559,1737400,51
3.156497559,1738794,1394
3.158706186,1738860,66
3.158706186,1740238,1378
3.160921168,1740320,82
3.160921168,1741682,1362
3.163215262,1741780,98
3.163215262,1743126,1346
3.165423489,1743240,114
3.165423489,1744570,1330
3.167631716,1744700,130
3.167631716,1746014,1314
3.169839943,1746160,146
3.169839943,1747458,1298
3.172048170,1747620,162
3.172048170,1748902,1282
3.174342264,1749080,178
3.174342264,1750346,1266
3.176550491,1750540,194
3.176550491,1751790,1250
3.178759118,1752000,210
3.178759118,1753234,1234
3.180974100,1753460,226
3.180974100,1754678,1218
3.183182327,1754920,242
3.183182327,1756122,1202
3.185476421,1756380,258
3.185476421,1757566,1186
3.187684648,1757840,274
3.187684648,1759010,1170
3.189892875,1759300,290
3.189892875,1760454,1154
3.192101102,1760760,306
3.192101102,1761898,1138
3.194309329,1762220,322
3.194309329,1763342,1122
3.196517556,1763680,338
3.196517556,1764786,1106
3.198725783,1765140,354
3.198725783,1766230,1090
3.200934410,1766600,370
3.200934410,1767674,1074
3.203235259,1768060,386
3.203235259,1769118,1058
3.205443486,1769520,402
3.205443486,1770562,1042
3.207651713,1770980,418
3.207651713,1772006,1026
3.209859940,1772440,434
3.209859940,1773450,1010
3.212068167,1773900,450
3.212068167,1774894,994
3.214276394,1775360,466
3.214276394,1776338,978
3.216570488,1776820,482
3.216570488,1777782,962
3.218778715,1778280,498
3.218778715,1779226,946
3.220987342,1779740,514
3.220987342,1780670,930
3.223202324,1781200,530
3.223202324,1782114,914
3.225410551,1782660,546
3.225410551,1783558,898
3.227618778,1784120,562
3.227618778,1785002,882
3.229827005,1785580,578
3.229827005,1786446,866
3.232035232,1787040,594
3.232035232,1787890,850
3.234329326,1788500,610
3.234329326,1789334,834
3.236537553,1789960,626
3.236537553,1790778,818
3.238745780,1791420,642
3.238745780,1792222,802
3.240954007,1792880,658
3.240954007,1793666,786
3.243162634,1794340,674
3.243162634,1795110,770
3.245463483,1795800,690
3.245463483,1796554,754
3.247671710,1797260,706
3.247671710,1797998,738
3.249879937,1798720,722
3.249879937,1799442,722
3.252088164,1800180,738
3.252088164,1800886,706
3.254283294,1801640,754
3.254283294,1802330,690
3.256563782,1803100,770
3.256563782,1803774,674
3.258758912,1804560,786
3.258758912,1805218,658
3.260954042,1806020,802
3.260954042,1806662,642
3.263149572,1807480,818
3.263149572,1808106,626
3.265351415,1808940,834
3.265351415,1809550,610
3.267546545,1810400,850
3.267546545,1810994,594
3.269741675,1811860,866
3.269741675,1812438,578
3.271936805,1813320,882
3.271936805,1813882,562
3.274217293,1814780,898
3.274217293,1815326,546
3.276412423,1816240,914
3.276412423,1816770,530
3.278607553,1817700,930
3.278607553,1818214,514
3.280802683,1819160,946
3.280802683,1819658,498
3.282997813,1820620,962
3.282997813,1821102,482
3.285285414,1822080,978
3.285285414,1822546,466
3.287480544,1823540,994
3.287480544,1823990,450
3.289675674,1825000,1010
3.289675674,1825434,434
3.291870804,1826460,1026
3.291870804,1826878,418
3.294065934,1827920,1042
3.294065934,1828322,402
3.296261064,1829380,1058
3.296261064,1829766,386
3.298456194,1830840,1074
3.298456194,1831210,370
3.300651324,1832300,1090
3.300651324,1832654,354
3.302931812,1833760,1106
3.302931812,1834098,338
3.305127342,1835220,1122
3.305127342,1835542,322
3.307329185,1836680,1138
3.307329185,1836986,306
3.309524315,1838140,1154
3.309524315,1838430,290
3.311719445,1839600,1170
3.311719445,1839874,274
3.313999933,1841060,1186
3.313999933,1841318,258
3.316195063,1842520,1202
3.316195063,1842762,242
3.318390193,1843980,1218
3.318390193,1844206,226
3.320585323,1845440,1234
3.320585323,1845650,210
3.322780453,1846900,1250
3.322780453,1847094,194
3.324975583,1848360,1266
3.324975583,1848538,178
3.327171113,1849820,1282
3.327171113,1849982,162
3.329372956,1851280,1298
3.329372956,1851426,146
3.331653444,1852740,1314
3.331653444,1852870,130
3.333848574,1854200,1330
3.333848574,1854314,114
3.336043704,1855660,1346
3.336043704,1855758,98
3.338238834,1857120,1362
3.338238834,1857202,82
3.340433964,1858580,1378
3.340433964,1858646,66
3.342714372,1860040,1394
3.342714372,1860090,50
3.344908079,1861500,1410
3.344908079,1861534,34
3.347102186,1862960,1426
3.347102186,1862978,18
3.349302606,1864420,1442
3.349302606,1864422,2
3.355441138,1865874,1452
3.358034026,1865880,6
3.358034026,1867319,1439
3.360476676,1867340,21
3.360476676,1868764,1424
3.362919326,1868800,36
3.362919326,1870209,1409
3.365361976,1870260,51
3.365361976,1871654,1394
3.367804626,1871720,66
3.367804626,1873098,1378
3.370247276,1873180,82
3.370247276,1874542,1362
3.372689926,1874640,98
3.372689926,1875986,1346
3.375132976,1876100,114
3.375132976,1877430,1330
3.377678124,1877560,130
3.377678124,1878874,1314
3.380120774,1879020,146
3.380120774,1880318,1298
3.382563424,1880480,162
3.382563424,1881762,1282
3.385006074,1881940,178
3.385006074,1883206,1266
3.387448724,1883400,194
3.387448724,1884650,1250
3.389986357,1884860,210
3.389986357,1886094,1234
3.392429007,1886320,226
3.392429007,1887538,1218
3.394871657,1887780,242
3.394871657,1888982,1202
3.397314707,1889240,258
3.397314707,1890426,1186
3.399764872,1890700,274
3.399764872,1891870,1170
3.402207522,1892160,290
3.402207522,1893314,1154
3.404650172,1893620,306
3.404650172,1894758,1138
3.407092822,1895080,322
3.407092822,1896202,1122
3.409630455,1896540,338
3.409630455,1897646,1106
3.412073105,1898000,354
3.412073105,1899090,1090
3.414515755,1899460,370
3.414515755,1900534,1074
3.416958405,1900920,386
3.416958405,1901978,1058
3.419401055,1902380,402
3.419401055,1903422,1042
3.421946603,1903840,418
3.421946603,1904866,1026
3.424389253,1905300,434
3.424389253,1906310,1010
3.426831903,1906760,450
3.426831903,1907754,994
3.429274553,1908220,466
3.429274553,1909198,978
3.431717203,1909680,482
3.431717203,1910642,962
3.434159853,1911140,498
3.434159853,1912086,946
3.436602503,1912600,514
3.436602503,1913530,930
3.439045153,1914060,530
3.439045153,1914974,914
3.441582786,1915520,546
3.441582786,1916418,898
3.444025836,1916980,562
3.444025836,1917862,882
3.446476001,1918440,578
3.446476001,1919306,866
3.448918651,1919900,594
3.448918651,1920750,850
3.451361301,1921360,610
3.451361301,1922194,834
3.453898934,1922820,626
3.453898934,1923638,818
3.456338304,1924280,642
3.456338304,1926526,2246
3.457469842,1927200,674
3.457469842,1927970,770
3.459533971,1928660,690
3.459533971,1929414,754
3.461678764,1930120,706
3.461678764,1930858,738
3.463749181,1931580,722
3.463749181,1932302,722
3.465813310,1933040,738
3.465813310,1933746,706
3.467877439,1934500,754
3.467877439,1935190,690
3.469941568,1935960,770
3.469941568,1936634,674
3.472005697,1937420,786
3.472005697,1938078,658
3.474069826,1938880,802
3.474069826,1939522,642
3.476133955,1940340,818
3.476133955,1940966,626
3.478278348,1941800,834
3.478278348,1942410,610
3.480342477,1943260,850
3.480342477,1943854,594
3.482407006,1944720,866
3.482407006,1945298,578
3.484477423,1946180,882
3.484477423,1946742,562
3.486541552,1947640,898
3.486541552,1948186,546
3.488685945,1949100,914
3.488685945,1949630,530
3.490750074,1950560,930
3.490750074,1951074,514
3.492814203,1952020,946
3.492814203,1952518,498
3.494878332,1953480,962
3.494878332,1953962,482
3.496942461,1954940,978
3.496942461,1955406,466
3.499006590,1956400,994
3.499006590,1956850,450
3.501070719,1957860,1010
3.501070719,1958294,434
3.503135248,1959320,1026
3.503135248,1959738,418
3.505285929,1960780,1042
3.505285929,1961182,402
3.507350058,1962240,1058
3.507350058,1962626,386
3.509414187,1963700,1074
3.509414187,1964070,370
3.511478316,1965160,1090
3.511478316,1965514,354
3.513542445,1966620,1106
3.513542445,1966958,338
3.515686838,1968080,1122
3.515686838,1968402,322
3.517750967,1969540,1138
3.517750967,1969846,306
3.519815096,1971000,1154
3.519815096,1971290,290
3.521879625,1972460,1170
3.521879625,1972734,274
3.523950042,1973920,1186
3.523950042,1974178,258
3.526014171,1975380,1202
3.526014171,1975622,242
3.528078300,1976840,1218
3.528078300,1977066,226
3.530142429,1978300,1234
3.530142429,1978510,210
3.532286822,1979760,1250
3.532286822,1979954,194
3.534350951,1981220,1266
3.534350951,1981398,178
3.536415080,1982680,1282
3.536415080,1982842,162
3.538479209,1984140,1298
3.538479209,1984286,146
3.540543338,1985600,1314
3.540543338,1985730,130
3.542694419,1987060,1330
3.542694419,1987174,114
3.544758548,1988520,1346
3.544758548,1988618,98
3.546822677,1989980,1362
3.546822677,1990062,82
3.548886806,1991440,1378
3.548886806,1991506,66
3.550950855,1992900,1394
3.550950855,1992950,50
3.553090710,1994360,1410
3.553090710,1994394,34
3.554431148,1995820,1426
3.554431148,1995838,18
3.556768386,1997280,1442
3.556768386,1997282,2
3.559105704,1998734,1452
3.561444858,1998740,6
3.561444858,2000179,1439
3.563790791,2000200,21
3.563790791,2001624,1424
3.566129545,2001660,36
3.566129545,2003069,1409
3.568468299,2003120,51
3.568468299,2004514,1394
3.570897996,2004580,66
3.570897996,2005958,1378
3.573236750,2006040,82
3.573236750,2007402,1362
3.575575504,2007500,98
3.575575504,2008846,1346
3.577914258,2008960,114
3.577914258,2010290,1330
3.580253012,2010420,130
3.580253012,2011734,1314
3.582683109,2011880,146
3.582683109,2013178,1298
3.585029042,2013340,162
3.585029042,2014622,1282
3.587367796,2014800,178
3.587367796,2016066,1266
3.589706550,2016260,194
3.589706550,2017510,1250
3.592045304,2017720,210
3.592045304,2018954,1234
3.594384058,2019180,226
3.594384058,2020398,1218
3.596722812,2020640,242
3.596722812,2021842,1202
3.599061566,2022100,258
3.599061566,2023286,1186
3.601491263,2023560,274
3.601491263,2024730,1170
3.603830017,2025020,290
3.603830017,2026174,1154
3.606169171,2026480,306
3.606169171,2027618,1138
3.608515104,2027940,322
3.608515104,2029062,1122
3.610853858,2029400,338
3.610853858,2030506,1106
3.613283555,2030860,354
3.613283555,2031950,1090
3.615622309,2032320,370
3.615622309,2033394,1074
3.617961063,2033780,386
3.617961063,2034838,1058
3.620299817,2035240,402
3.620299817,2036282,1042
3.622638571,2036700,418
3.622638571,2037726,1026
3.625068268,2038160,434
3.625068268,2039170,1010
3.627407422,2039620,450
3.627407422,2040614,994
3.629753355,2041080,466
3.629753355,2042058,978
3.632092109,2042540,482
3.632092109,2043502,962
3.634430863,2044000,498
3.634430863,2044946,946
3.636769617,2045460,514
3.636769617,2046390,930
3.639108371,2046920,530
3.639108371,2047834,914
3.641447125,2048380,546
3.641447125,2049278,898
3.643876822,2049840,562
3.643876822,2050722,882
3.646215576,2051300,578
3.646215576,2052166,866
3.648554330,2052760,594
3.648554330,2053610,850
3.653839651,2054220,610
3.653839651,2055054,834
3.656125145,2055680,626
3.656125145,2056498,818
3.658349996,2057140,642
3.658349996,2057942,802
3.660661361,2058600,658
3.660661361,2059386,786
3.662886212,2060060,674
3.662886212,2060830,770
3.665111063,2061520,690
3.665111063,2062274,754
3.667335914,2062980,706
3.667335914,2063718,738
3.669560765,2064440,722
3.669560765,2065162,722
3.671785616,2065900,738
3.671785616,2066606,706
3.674010467,2067360,754
3.674010467,2068050,690
3.676235718,2068820,770
3.676235718,2069494,674
3.678553893,2070280,786
3.678553893,2070938,658
3.680778744,2071740,802
3.680778744,2072382,642
3.683003595,2073200,818
3.683003595,2073826,626
3.685228446,2074660,834
3.685228446,2075270,610
3.687453297,2076120,850
3.687453297,2076714,594
3.689764662,2077580,866
3.689764662,2078158,578
3.691989513,2079040,882
3.691989513,2079602,562
3.694214364,2080500,898
3.694214364,2081046,546
3.696439615,2081960,914
3.696439615,2082490,530
3.698671276,2083420,930
3.698671276,2083934,514
3.700896127,2084880,946
3.700896127,2085378,498
3.703120978,2086340,962
3.703120978,2086822,482
3.705345829,2087800,978
3.705345829,2088266,466
3.707657194,2089260,994
3.707657194,2089710,450
3.709882045,2090720,1010
3.709882045,2091154,434
3.712106896,2092180,1026
3.712106896,2092598,418
3.714331747,2093640,1042
3.714331747,2094042,402
3.716556598,2095100,1058
3.716556598,2095486,386
3.718875172,2096560,1074
3.718875172,2096930,370
3.721100023,2098020,1090
3.721100023,2098374,354
3.723324874,2099480,1106
3.723324874,2099818,338
3.725549725,2100940,1122
3.725549725,2101262,322
3.727774576,2102400,1138
3.727774576,2102706,306
3.730085941,2103860,1154
3.730085941,2104150,290
3.732310792,2105320,1170
3.732310792,2105594,274
3.734535643,2106780,1186
3.734535643,2107038,258
3.736760494,2108240,1202
3.736760494,2108482,242
3.738985745,2109700,1218
3.738985745,2109926,226
3.741217406,2111160,1234
3.741217406,2111370,210
3.743442257,2112620,1250
3.743442257,2112814,194
3.745667108,2114080,1266
3.745667108,2114258,178
3.747978473,2115540,1282
3.747978473,2115702,162
3.750203324,2117000,1298
3.750203324,2117146,146
3.752428175,2118460,1314
3.752428175,2118590,130
3.755592059,2119920,1330
3.755592059,2120034,114
3.757880719,2121380,1346
3.757880719,2121478,98
3.760195436,2122840,1362
3.760195436,2122922,82
3.762429948,2124300,1378
3.762429948,2124366,66
3.764657561,2125760,1394
3.764657561,2125810,50
3.766883810,2127220,1410
3.766883810,2127254,34
3.769110059,2128680,1426
3.769110059,2128698,18
3.771336308,2130140,1442
3.771336308,2130142,2
3.773562637,2131594,1452
3.775790330,2131600,6
3.775790330,2133039,1439
3.778104647,2133060,21
3.778104647,2134484,1424
3.780332340,2134520,36
3.780332340,2135929,1409
3.782560433,2135980,51
3.782560433,2137374,1394
3.784794945,2137440,66
3.784794945,2138818,1378
3.787022638,2138900,82
3.787022638,2140262,1362
3.789336955,2140360,98
3.789336955,2141706,1346
3.791564648,2141820,114
3.791564648,2143150,1330
3.793792341,2143280,130
3.793792341,2144594,1314
3.796020034,2144740,146
3.796020034,2146038,1298
3.798247727,2146200,162
3.798247727,2147482,1282
3.800475420,2147660,178
3.800475420,2148926,1266
3.802703113,2149120,194
3.802703113,2150370,1250
3.804931206,2150580,210
3.804931206,2151814,1234
3.807252342,2152040,226
3.807252342,2153258,1218
3.809480035,2153500,242
3.809480035,2154702,1202
3.811707728,2154960,258
3.811707728,2156146,1186
3.813935421,2156420,274
3.813935421,2157590,1170
3.816163114,2157880,290
3.816163114,2159034,1154
3.818477431,2159340,306
3.818477431,2160478,1138
3.820705124,2160800,322
3.820705124,2161922,1122
3.822932817,2162260,338
3.822932817,2163366,1106
3.825160910,2163720,354
3.825160910,2164810,1090
3.827395422,2165180,370
3.827395422,2166254,1074
3.829709739,2166640,386
3.829709739,2167698,1058
3.831937432,2168100,402
3.831937432,2169142,1042
3.834165125,2169560,418
3.834165125,2170586,1026
3.836392818,2171020,434
3.836392818,2172030,1010
3.838620511,2172480,450
3.838620511,2173474,994
3.840848204,2173940,466
3.840848204,2174918,978
3.843075897,2175400,482
3.843075897,2176362,962
3.845303590,2176860,498
3.845303590,2177806,946
3.847625126,2178320,514
3.847625126,2179250,930
3.849852819,2179780,530
3.849852819,2180694,914
3.852080512,2181240,546
3.852080512,2182138,898
3.854304925,2182700,562
3.854304925,2183582,882
3.854579404,2184160,578
3.854579404,2185026,866
3.856938919,2185620,594
3.856938919,2186470,850
3.859210118,2187080,610
3.859210118,2187914,834
3.861481317,2188540,626
3.861481317,2189358,818
3.863752516,2190000,642
3.863752516,2190802,802
3.866024115,2191460,658
3.866024115,2192246,786
3.868302274,2192920,674
3.868302274,2193690,770
3.870573473,2194380,690
3.870573473,2195134,754
3.872844672,2195840,706
3.872844672,2196578,738
3.875204187,2197300,722
3.875204187,2198022,722
3.877475386,2198760,738
3.877475386,2199466,706
3.879746585,2200220,754
3.879746585,2200910,690
3.882017784,2201680,770
3.882017784,2202354,674
3.884288983,2203140,786
3.884288983,2203798,658
3.886648898,2204600,802
3.886648898,2205242,642
3.888927057,2206060,818
3.888927057,2206686,626
3.891198256,2207520,834
3.891198256,2208130,610
3.893469455,2208980,850
3.893469455,2209574,594
3.895740654,2210440,866
3.895740654,2211018,578
3.898011853,2211900,882
3.898011853,2212462,562
3.900283052,2213360,898
3.900283052,2213906,546
3.902554251,2214820,914
3.902554251,2215350,530
3.904913766,2216280,930
3.904913766,2216794,514
3.907184965,2217740,946
3.907184965,2218238,498
3.909456564,2219200,962
3.909456564,2219682,482
3.911734723,2220660,978
3.911734723,2221126,466
3.914005922,2222120,994
3.914005922,2222570,450
3.916365437,2223580,1010
3.916365437,2224014,434
3.918636636,2225040,1026
3.918636636,2225458,418
3.920907835,2226500,1042
3.920907835,2226902,402
3.923179034,2227960,1058
3.923179034,2228346,386
3.925450233,2229420,1074
3.925450233,2229790,370
3.927809748,2230880,1090
3.927809748,2231234,354
3.930081347,2232340,1106
3.930081347,2232678,338
3.932359506,2233800,1122
3.932359506,2234122,322
3.934630705,2235260,1138
3.934630705,2235566,306
3.936901904,2236720,1154
3.936901904,2237010,290
3.939173103,2238180,1170
3.939173103,2238454,274
3.941444302,2239640,1186
3.941444302,2239898,258
3.943715501,2241100,1202
3.943715501,2241342,242
3.946075016,2242560,1218
3.946075016,2242786,226
3.948346215,2244020,1234
3.948346215,2244230,210
3.950617414,2245480,1250
3.950617414,2245674,194
3.953838348,2246940,1266
3.953838348,2247118,178
3.956227281,2248400,1282
3.956227281,2248562,162
3.958649041,2249860,1298
3.958649041,2250006,146
3.960980155,2251320,1314
3.960980155,2251450,130
3.963311269,2252780,1330
3.963311269,2252894,114
3.965642383,2254240,1346
3.965642383,2254338,98
3.967973497,2255700,1362
3.967973497,2255782,82
3.970304611,2257160,1378
3.970304611,2257226,66
3.972635645,2258620,1394
3.972635645,2258670,50
3.974965248,2260080,1410
3.974965248,2260114,34
3.977393050,2261540,1426
3.977393050,2261558,18
3.979722653,2263000,1442
3.979722653,2263002,2
3.982052336,2264454,1452
3.984383450,2264460,6
3.984383450,2265899,1439
3.986714564,2265920,21
3.986714564,2267344,1424
3.989136324,2267380,36
3.989136324,2268789,1409
3.991467438,2268840,51
3.991467438,2270234,1394
3.993798552,2270300,66
3.993798552,2271678,1378
3.996129666,2271760,82
3.996129666,2273122,1362
3.998461180,2273220,98
3.998461180,2274566,1346
4.000799448,2274680,114
4.000799448,2276010,1330
4.003130562,2276140,130
4.003130562,2277454,1314
4.005461676,2277600,146
4.005461676,2278898,1298
4.007883436,2279060,162
4.007883436,2280342,1282
4.010214550,2280520,178
4.010214550,2281786,1266
4.012545664,2281980,194
4.012545664,2283230,1250
4.014876778,2283440,210
4.014876778,2284674,1234
4.017207892,2284900,226
4.017207892,2286118,1218
4.019630052,2286360,242
4.019630052,2287562,1202
4.021968320,2287820,258
4.021968320,2289006,1186
4.024299434,2289280,274
4.024299434,2290450,1170
4.026630548,2290740,290
4.026630548,2291894,1154
4.028961662,2292200,306
4.028961662,2293338,1138
4.031383422,2293660,322
4.031383422,2294782,1122
4.033714536,2295120,338
4.033714536,2296226,1106
4.036045650,2296580,354
4.036045650,2297670,1090
4.038376764,2298040,370
4.038376764,2299114,1074
4.040707878,2299500,386
4.040707878,2300558,1058
4.043039392,2300960,402
4.043039392,2302002,1042
4.045377660,2302420,418
4.045377660,2303446,1026
4.047708774,2303880,434
4.047708774,2304890,1010
4.050130534,2305340,450
4.050130534,2306334,994
4.052461648,2306800,466
4.052461648,2307778,978
4.054789482,2308260,482
4.054789482,2309222,962
4.055986332,2309720,498
4.055986332,2310666,946
4.058179902,2311180,514
4.058179902,2312110,930
4.060458769,2312640,530
4.060458769,2313554,914
4.062652739,2314100,546
4.062652739,2314998,898
4.064853017,2315560,562
4.064853017,2316442,882
4.067046587,2317020,578
4.067046587,2317886,866
4.069240157,2318480,594
4.069240157,2319330,850
4.071433727,2319940,610
4.071433727,2320774,834
4.073627297,2321400,626
4.073627297,2322218,818
4.075820867,2322860,642
4.075820867,2323662,802
4.078099734,2324320,658
4.078099734,2325106,786
4.080293304,2325780,674
4.080293304,2326550,770
4.082486874,2327240,690
4.082486874,2327994,754
4.084680844,2328700,706
4.084680844,2329438,738
4.086881122,2330160,722
4.086881122,2330882,722
4.089159989,2331620,738
4.089159989,2332326,706
4.091353559,2333080,754
4.091353559,2333770,690
4.093547129,2334540,770
4.093547129,2335214,674
4.095740699,2336000,786
4.095740699,2336658,658
4.097934269,2337460,802
4.097934269,2338102,642
4.100213136,2338920,818
4.100213136,2339546,626
4.102406706,2340380,834
4.102406706,2340990,610
4.104600676,2341840,850
4.104600676,2342434,594
4.106800954,2343300,866
4.106800954,2343878,578
4.108994524,2344760,882
4.108994524,2345322,562
4.111188094,2346220,898
4.111188094,2346766,546
4.113381664,2347680,914
4.113381664,2348210,530
4.115575234,2349140,930
4.115575234,2349654,514
4.117768804,2350600,946
4.117768804,2351098,498
4.120047671,2352060,962
4.120047671,2352542,482
4.122241241,2353520,978
4.122241241,2353986,466
4.124434811,2354980,994
4.124434811,2355430,450
4.126628781,2356440,1010
4.126628781,2356874,434
4.128829059,2357900,1026
4.128829059,2358318,418
4.131107926,2359360,1042
4.131107926,2359762,402
4.133301496,2360820,1058
4.133301496,2361206,386
4.135495066,2362280,1074
4.135495066,2362650,370
4.137688636,2363740,1090
4.137688636,2364094,354
4.139882206,2365200,1106
4.139882206,2365538,338
4.142075776,2366660,1122
4.142075776,2366982,322
4.144269346,2368120,1138
4.144269346,2368426,306
4.146462916,2369580,1154
4.146462916,2369870,290
4.148748891,2371040,1170
4.148748891,2371314,274
4.150942461,2372500,1186
4.150942461,2372758,258
4.153136031,2373960,1202
4.153136031,2374202,242
4.155367793,2375420,1218
4.155367793,2375646,226
4.157599555,2376880,1234
4.157599555,2377090,210
4.159918099,2378340,1250
4.159918099,2378534,194
4.162149861,2379800,1266
4.162149861,2379978,178
4.164381623,2381260,1282
4.164381623,2381422,162
4.166613385,2382720,1298
4.166613385,2382866,146
4.168845547,2384180,1314
4.168845547,2384310,130
4.171084141,2385640,1330
4.171084141,2385754,114
4.173315903,2387100,1346
4.173315903,2387198,98
4.175547665,2388560,1362
4.175547665,2388642,82
4.177866209,2390020,1378
4.177866209,2390086,66
4.180097891,2391480,1394
4.180097891,2391530,50
4.182328207,2392940,1410
4.182328207,2392974,34
4.184558523,2394400,1426
4.184558523,2394418,18
4.186788839,2395860,1442
4.186788839,2395862,2
4.189106417,2397314,1452
4.191345011,2397320,6
4.191345011,2398759,1439
4.193576773,2398780,21
4.193576773,2400204,1424
4.195808535,2400240,36
4.195808535,2401649,1409
4.198040297,2401700,51
4.198040297,2403094,1394
4.200358841,2403160,66
4.200358841,2404538,1378
4.202590603,2404620,82
4.202590603,2405982,1362
4.204822365,2406080,98
4.204822365,2407426,1346
4.207054127,2407540,114
4.207054127,2408870,1330
4.209285889,2409000,130
4.209285889,2410314,1314
4.211518051,2410460,146
4.211518051,2411758,1298
4.213756645,2411920,162
4.213756645,2413202,1282
4.215988407,2413380,178
4.215988407,2414646,1266
4.218306951,2414840,194
4.218306951,2416090,1250
4.220538713,2416300,210
4.220538713,2417534,1234
4.222770475,2417760,226
4.222770475,2418978,1218
4.225002237,2419220,242
4.225002237,2420422,1202
4.227233999,2420680,258
4.227233999,2421866,1186
4.229552543,2422140,274
4.229552543,2423310,1170
4.231784705,2423600,290
4.231784705,2424754,1154
4.234023299,2425060,306
4.234023299,2426198,1138
4.236255061,2426520,322
4.236255061,2427642,1122
4.238486823,2427980,338
4.238486823,2429086,1106
4.240718585,2429440,354
4.240718585,2430530,1090
4.242950347,2430900,370
4.242950347,2431974,1074
4.245182109,2432360,386
4.245182109,2433418,1058
4.247500653,2433820,402
4.247500653,2434862,1042
4.249732415,2435280,418
4.249732415,2436306,1026
4.251964177,2436740,434
4.251964177,2437750,1010
4.254192659,2438200,450
4.254192659,2439194,994
4.255400655,2439660,466
4.255400655,2440638,978
4.257683704,2441120,482
4.257683704,2442082,962
4.259881299,2442580,498
4.259881299,2443526,946
4.262078894,2444040,514
4.262078894,2444970,930
4.264276489,2445500,530
4.264276489,2446414,914
4.266474084,2446960,546
4.266474084,2447858,898
4.268671679,2448420,562
4.268671679,2449302,882
4.270869274,2449880,578
4.270869274,2450746,866
4.273066869,2451340,594
4.273066869,2452190,850
4.275357039,2452800,610
4.275357039,2453634,834
4.277554634,2454260,626
4.277554634,2455078,818
4.279752229,2455720,642
4.279752229,2456522,802
4.281949824,2457180,658
4.281949824,2457966,786
4.284147419,2458640,674
4.284147419,2459410,770
4.286430468,2460100,690
4.286430468,2460854,754
4.288628063,2461560,706
4.288628063,2462298,738
4.290825658,2463020,722
4.290825658,2463742,722
4.293023253,2464480,738
4.293023253,2465186,706
4.295221248,2465940,754
4.295221248,2466630,690
4.297511018,2467400,770
4.297511018,2468074,674
4.299708613,2468860,786
4.299708613,2469518,658
4.301906208,2470320,802
4.301906208,2470962,642
4.304103803,2471780,818
4.304103803,2472406,626
4.306301398,2473240,834
4.306301398,2473850,610
4.308498993,2474700,850
4.308498993,2475294,594
4.310696588,2476160,866
4.310696588,2476738,578
4.312894183,2477620,882
4.312894183,2478182,562
4.315177632,2479080,898
4.315177632,2479626,546
4.317381948,2480540,914
4.317381948,2481070,530
4.319579543,2482000,930
4.319579543,2482514,514
4.321777138,2483460,946
4.321777138,2483958,498
4.323974733,2484920,962
4.323974733,2485402,482
4.326257782,2486380,978
4.326257782,2486846,466
4.328455377,2487840,994
4.328455377,2488290,450
4.330652972,2489300,1010
4.330652972,2489734,434
4.332850567,2490760,1026
4.332850567,2491178,418
4.335048162,2492220,1042
4.335048162,2492622,402
4.337246157,2493680,1058
4.337246157,2494066,386
4.339450473,2495140,1074
4.339450473,2495510,370
4.341648068,2496600,1090
4.341648068,2496954,354
4.343931117,2498060,1106
4.343931117,2498398,338
4.346128712,2499520,1122
4.346128712,2499842,322
4.348326307,2500980,1138
4.348326307,2501286,306
4.350523902,2502440,1154
4.350523902,2502730,290
4.354658194,2503900,1170
4.354658194,2504174,274
4.356944474,2505360,1186
4.356944474,2505618,258
4.359084646,2506820,1202
4.359084646,2507062,242
4.361230952,2508280,1218
4.361230952,2508506,226
4.363370724,2509740,1234
4.363370724,2509950,210
4.365510496,2511200,1250
4.365510496,2511394,194
4.367650268,2512660,1266
4.367650268,2512838,178
4.369790040,2514120,1282
4.369790040,2514282,162
4.371929812,2515580,1298
4.371929812,2515726,146
4.374152789,2517040,1314
4.374152789,2517170,130
4.376292561,2518500,1330
4.376292561,2518614,114
4.378432333,2519960,1346
4.378432333,2520058,98
4.380572505,2521420,1362
4.380572505,2521502,82
4.382718811,2522880,1378
4.382718811,2522946,66
4.384941708,2524340,1394
4.384941708,2524390,50
4.387080093,2525800,1410
4.387080093,2525834,34
4.389218478,2527260,1426
4.389218478,2527278,18
4.391356863,2528720,1442
4.391356863,2528722,2
4.393495328,2530174,1452
4.395718305,2530180,6
4.395718305,2531619,1439
4.397858077,2531640,21
4.397858077,2533064,1424
4.399998249,2533100,36
4.399998249,2534509,1409
4.402144555,2534560,51
4.402144555,2535954,1394
4.404284327,2536020,66
4.404284327,2537398,1378
4.406424099,2537480,82
4.406424099,2538842,1362
4.408563871,2538940,98
4.408563871,2540286,1346
4.410703643,2540400,114
4.410703643,2541730,1330
4.412926620,2541860,130
4.412926620,2543174,1314
4.415066392,2543320,146
4.415066392,2544618,1298
4.417206164,2544780,162
4.417206164,2546062,1282
4.419345936,2546240,178
4.419345936,2547506,1266
4.421486108,2547700,194
4.421486108,2548950,1250
4.423715619,2549160,210
4.423715619,2550394,1234
4.425855391,2550620,226
4.425855391,2551838,1218
4.427995163,2552080,242
4.427995163,2553282,1202
4.430134935,2553540,258
4.430134935,2554726,1186
4.432274707,2555000,274
4.432274707,2556170,1170
4.434414479,2556460,290
4.434414479,2557614,1154
4.436554251,2557920,306
4.436554251,2559058,1138
4.438694023,2559380,322
4.438694023,2560502,1122
4.440917400,2560840,338
4.440917400,2561946,1106
4.443063706,2562300,354
4.443063706,2563390,1090
4.445203478,2563760,370
4.445203478,2564834,1074
4.447343250,2565220,386
4.447343250,2566278,1058
4.449483022,2566680,402
4.449483022,2567722,1042
4.451705999,2568140,418
4.451705999,2569166,1026
4.454780672,2569600,434
4.454780672,2570610,1010
4.456917956,2571060,450
4.456917956,2572054,994
4.458990141,2572520,466
4.458990141,2573498,978
4.461062326,2573980,482
4.461062326,2574942,962
4.463221803,2575440,498
4.463221803,2576386,946
4.465293988,2576900,514
4.465293988,2577830,930
4.467366173,2578360,530
4.467366173,2579274,914
4.469438358,2579820,546
4.469438358,2580718,898
4.471510543,2581280,562
4.471510543,2582162,882
4.473582728,2582740,578
4.473582728,2583606,866
4.475654913,2584200,594
4.475654913,2585050,850
4.477727098,2585660,610
4.477727098,2586494,834
4.479879860,2587120,626
4.479879860,2587938,818
4.481952445,2588580,642
4.481952445,2589382,802
4.484030945,2590040,658
4.484030945,2590826,786
4.486103130,2591500,674
4.486103130,2592270,770
4.488175315,2592960,690
4.488175315,2593714,754
4.490328077,2594420,706
4.490328077,2595158,738
4.492400262,2595880,722
4.492400262,2596602,722
4.494472447,2597340,738
4.494472447,2598046,706
4.496544632,2598800,754
4.496544632,2599490,690
4.498616817,2600260,770
4.498616817,2600934,674
4.500689002,2601720,786
4.500689002,2602378,658
4.502761587,2603180,802
4.502761587,2603822,642
4.504840087,2604640,818
4.504840087,2605266,626
4.506992849,2606100,834
4.506992849,2606710,610
4.509065034,2607560,850
4.509065034,2608154,594
4.511137219,2609020,866
4.511137219,2609598,578
4.513209404,2610480,882
4.513209404,2611042,562
4.515281589,2611940,898
4.515281589,2612486,546
4.517434351,2613400,914
4.517434351,2613930,530
4.519506536,2614860,930
4.519506536,2615374,514
4.521579121,2616320,946
4.521579121,2616818,498
4.523657621,2617780,962
4.523657621,2618262,482
4.525729806,2619240,978
4.525729806,2619706,466
4.527801991,2620700,994
4.527801991,2621150,450
4.529874176,2622160,1010
4.529874176,2622594,434
4.531946361,2623620,1026
4.531946361,2624038,418
4.534099123,2625080,1042
4.534099123,2625482,402
4.536171308,2626540,1058
4.536171308,2626926,386
4.538243493,2628000,1074
4.538243493,2628370,370
4.540315678,2629460,1090
4.540315678,2629814,354
4.542388263,2630920,1106
4.542388263,2631258,338
4.544547340,2632380,1122
4.544547340,2632702,322
4.546619525,2633840,1138
4.546619525,2634146,306
4.548691710,2635300,1154
4.548691710,2635590,290
4.550763895,2636760,1170
4.550763895,2637034,274
4.552836080,2638220,1186
4.552836080,2638478,258
4.554904985,2639680,1202
4.554904985,2641366,1686
4.556888309,2642600,1234
4.556888309,2642810,210
4.559331242,2644060,1250
4.559331242,2644254,194
4.561781289,2645520,1266
4.561781289,2645698,178
4.564223822,2646980,1282
4.564223822,2647142,162
4.566666355,2648440,1298
4.566666355,2648586,146
4.569108888,2649900,1314
4.569108888,2650030,130
4.571551421,2651360,1330
4.571551421,2651474,114
4.574088932,2652820,1346
4.574088932,2652918,98
4.576531465,2654280,1362
4.576531465,2654362,82
4.578973998,2655740,1378
4.578973998,2655806,66
4.581416451,2657200,1394
4.581416451,2657250,50
4.583857801,2658660,1410
4.583857801,2658694,34
4.586401243,2660120,1426
4.586401243,2660138,18
4.588842193,2661580,1442
4.588842193,2661582,2
4.591283223,2663034,1452
4.593725756,2663040,6
4.593725756,2664479,1439
4.596168289,2664500,21
4.596168289,2665924,1424
4.598610822,2665960,36
4.598610822,2667369,1409
4.601053355,2667420,51
4.601053355,2668814,1394
4.603495888,2668880,66
4.603495888,2670258,1378
4.606033799,2670340,82
4.606033799,2671702,1362
4.608483846,2671800,98
4.608483846,2673146,1346
4.610926379,2673260,114
4.610926379,2674590,1330
4.613368912,2674720,130
4.613368912,2676034,1314
4.615811445,2676180,146
4.615811445,2677478,1298
4.618348956,2677640,162
4.618348956,2678922,1282
4.620791489,2679100,178
4.620791489,2680366,1266
4.623234022,2680560,194
4.623234022,2681810,1250
4.625676555,2682020,210
4.625676555,2683254,1234
4.628119088,2683480,226
4.628119088,2684698,1218
4.630562021,2684940,242
4.630562021,2686142,1202
4.633012068,2686400,258
4.633012068,2687586,1186
4.635454601,2687860,274
4.635454601,2689030,1170
4.637992112,2689320,290
4.637992112,2690474,1154
4.640434645,2690780,306
4.640434645,2691918,1138
4.642877178,2692240,322
4.642877178,2693362,1122
4.645319711,2693700,338
4.645319711,2694806,1106
4.647762244,2695160,354
4.647762244,2696250,1090
4.650299755,2696620,370
4.650299755,2697694,1074
4.654686277,2698080,386
4.654686277,2699138,1058
4.656887591,2699540,402
4.656887591,2700582,1042
4.659025965,2701000,418
4.659025965,2702026,1026
4.661164339,2702460,434
4.661164339,2703470,1010
4.663385864,2703920,450
4.663385864,2704914,994
4.665524238,2705380,466
4.665524238,2706358,978
4.667662612,2706840,482
4.667662612,2707802,962
4.669800986,2708300,498
4.669800986,2709246,946
4.671939360,2709760,514
4.671939360,2710690,930
4.674077734,2711220,530
4.674077734,2712134,914
4.676216508,2712680,546
4.676216508,2713578,898
4.678361411,2714140,562
4.678361411,2715022,882
4.680582936,2715600,578
4.680582936,2716466,866
4.682721310,2717060,594
4.682721310,2717910,850
4.684859684,2718520,610
4.684859684,2719354,834
4.686998058,2719980,626
4.686998058,2720798,818
4.689136432,2721440,642
4.689136432,2722242,802
4.691357957,2722900,658
4.691357957,2723686,786
4.693496331,2724360,674
4.693496331,2725130,770
4.695635105,2725820,690
4.695635105,2726574,754
4.697780008,2727280,706
4.697780008,2728018,738
4.699918382,2728740,722
4.699918382,2729462,722
4.702056756,2730200,738
4.702056756,2730906,706
4.704195130,2731660,754
4.704195130,2732350,690
4.706333504,2733120,770
4.706333504,2733794,674
4.708555029,2734580,786
4.708555029,2735238,658
4.710693403,2736040,802
4.710693403,2736682,642
4.712831777,2737500,818
4.712831777,2738126,626
4.714970151,2738960,834
4.714970151,2739570,610
4.717108925,2740420,850
4.717108925,2741014,594
4.719336979,2741880,866
4.719336979,2742458,578
4.721475353,2743340,882
4.721475353,2743902,562
4.723613727,2744800,898
4.723613727,2745346,546
4.725752101,2746260,914
4.725752101,2746790,530
4.727890475,2747720,930
4.727890475,2748234,514
4.730028849,2749180,946
4.730028849,2749678,498
4.732167223,2750640,962
4.732167223,2751122,482
4.734305597,2752100,978
4.734305597,2752566,466
4.736527522,2753560,994
4.736527522,2754010,450
4.738672425,2755020,1010
4.738672425,2755454,434
4.740810799,2756480,1026
4.740810799,2756898,418
4.742949173,2757940,1042
4.742949173,2758342,402
4.745087547,2759400,1058
4.745087547,2759786,386
4.747225921,2760860,1074
4.747225921,2761230,370
4.749447446,2762320,1090
4.749447446,2762674,354
4.751585820,2763780,1106
4.751585820,2764118,338
4.753720914,2765240,1122
4.753720914,2765562,322
4.754963738,2766700,1138
4.754963738,2767006,306
4.757203682,2768160,1154
4.757203682,2768450,290
4.759537168,2769620,1170
4.759537168,2769894,274
4.761776712,2771080,1186
4.761776712,2771338,258
4.764016256,2772540,1202
4.764016256,2772782,242
4.766255800,2774000,1218
4.766255800,2774226,226
4.768495344,2775460,1234
4.768495344,2775670,210
4.770734888,2776920,1250
4.770734888,2777114,194
4.772974432,2778380,1266
4.772974432,2778558,178
4.775213976,2779840,1282
4.775213976,2780002,162
4.777541005,2781300,1298
4.777541005,2781446,146
4.779787406,2782760,1314
4.779787406,2782890,130
4.782026950,2784220,1330
4.782026950,2784334,114
4.784266494,2785680,1346
4.784266494,2785778,98
4.786506038,2787140,1362
4.786506038,2787222,82
4.788832667,2788600,1378
4.788832667,2788666,66
4.791072131,2790060,1394
4.791072131,2790110,50
4.793310223,2791520,1410
4.793310223,2791554,34
4.795548315,2792980,1426
4.795548315,2792998,18
4.797786407,2794440,1442
4.797786407,2794442,2
4.800024979,2795894,1452
4.802271380,2795900,6
4.802271380,2797339,1439
4.804510924,2797360,21
4.804510924,2798784,1424
4.806837553,2798820,36
4.806837553,2800229,1409
4.809077097,2800280,51
4.809077097,2801674,1394
4.811316641,2801740,66
4.811316641,2803118,1378
4.813556185,2803200,82
4.813556185,2804562,1362
4.815795729,2804660,98
4.815795729,2806006,1346
4.818122358,2806120,114
4.818122358,2807450,1330
4.820362302,2807580,130
4.820362302,2808894,1314
4.822608703,2809040,146
4.822608703,2810338,1298
4.824848247,2810500,162
4.824848247,2811782,1282
4.827087791,2811960,178
4.827087791,2813226,1266
4.829327335,2813420,194
4.829327335,2814670,1250
4.831566879,2814880,210
4.831566879,2816114,1234
4.833893508,2816340,226
4.833893508,2817558,1218
4.836133052,2817800,242
4.836133052,2819002,1202
4.838372596,2819260,258
4.838372596,2820446,1186
4.840612140,2820720,274
4.840612140,2821890,1170
4.842852084,2822180,290
4.842852084,2823334,1154
4.845098485,2823640,306
4.845098485,2824778,1138
4.847425114,2825100,322
4.847425114,2826222,1122
4.849664658,2826560,338
4.849664658,2827666,1106
4.851904202,2828020,354
4.851904202,2829110,1090
4.856080872,2829480,370
4.856080872,2830554,1074
4.858299674,2830940,386
4.858299674,2831998,1058
4.860539435,2832400,402
4.860539435,2833442,1042
4.862695363,2833860,418
4.862695363,2834886,1026
4.864851691,2835320,434
4.864851691,2836330,1010
4.867014205,2836780,450
4.867014205,2837774,994
4.869170133,2838240,466
4.869170133,2839218,978
4.871326061,2839700,482
4.871326061,2840662,962
4.873481989,2841160,498
4.873481989,2842106,946
4.875637917,2842620,514
4.875637917,2843550,930
4.877877678,2844080,530
4.877877678,2844994,914
4.880033606,2845540,546
4.880033606,2846438,898
4.882189534,2847000,562
4.882189534,2847882,882
4.884345462,2848460,578
4.884345462,2849326,866
4.886501790,2849920,594
4.886501790,2850770,850
4.888748137,2851380,610
4.888748137,2852214,834
4.890904065,2852840,626
4.890904065,2853658,818
4.893059993,2854300,642
4.893059993,2855102,802
4.895215921,2855760,658
4.895215921,2856546,786
4.897371849,2857220,674
4.897371849,2857990,770
4.899527777,2858680,690
4.899527777,2859434,754
4.901683705,2860140,706
4.901683705,2860878,738
4.903839633,2861600,722
4.903839633,2862322,722
4.906079794,2863060,738
4.906079794,2863766,706
4.908242308,2864520,754
4.908242308,2865210,690
4.910398236,2865980,770
4.910398236,2866654,674
4.912554164,2867440,786
4.912554164,2868098,658
4.914710092,2868900,802
4.914710092,2869542,642
4.916949853,2870360,818
4.916949853,2870986,626
4.919105781,2871820,834
4.919105781,2872430,610
4.921261709,2873280,850
4.921261709,2873874,594
4.923417637,2874740,866
4.923417637,2875318,578
4.925573565,2876200,882
4.925573565,2876762,562
4.927820313,2877660,898
4.927820313,2878206,546
4.929976241,2879120,914
4.929976241,2879650,530
4.932132169,2880580,930
4.932132169,2881094,514
4.934288097,2882040,946
4.934288097,2882538,498
4.936444025,2883500,962
4.936444025,2883982,482
4.938599953,2884960,978
4.938599953,2885426,466
4.940755881,2886420,994
4.940755881,2886870,450
4.942911809,2887880,1010
4.942911809,2888314,434
4.945151570,2889340,1026
4.945151570,2889758,418
4.947307898,2890800,1042
4.947307898,2891202,402
4.949470412,2892260,1058
4.949470412,2892646,386
4.951626340,2893720,1074
4.951626340,2894090,370
4.953782268,2895180,1090
4.953782268,2895534,354
4.956018749,2896640,1106
4.956018749,2896978,338
4.957254545,2898100,1122
4.957254545,2898422,322
4.959487061,2899560,1138
4.959487061,2899866,306
4.961719577,2901020,1154
4.961719577,2901310,290
4.963952093,2902480,1170
4.963952093,2902754,274
4.966184609,2903940,1186
4.966184609,2904198,258
4.968417525,2905400,1202
4.968417525,2905642,242
4.970656875,2906860,1218
4.970656875,2907086,226
4.972976203,2908320,1234
4.972976203,2908530,210
4.975208719,2909780,1250
4.975208719,2909974,194
4.977441235,2911240,1266
4.977441235,2911418,178
4.979673751,2912700,1282
4.979673751,2912862,162
4.981906267,2914160,1298
4.981906267,2914306,146
4.984225595,2915620,1314
4.984225595,2915750,130
4.986458111,2917080,1330
4.986458111,2917194,114
4.988691027,2918540,1346
4.988691027,2918638,98
4.990930377,2920000,1362
4.990930377,2920082,82
4.993162893,2921460,1378
4.993162893,2921526,66
4.995395329,2922920,1394
4.995395329,2922970,50
4.997626398,2924380,1410
4.997626398,2924414,34
4.999857467,2925840,1426
4.999857467,2925858,18
5.002175348,2927300,1442
5.002175348,2927302,2
5.004406497,2928754,1452
5.006639013,2928760,6
5.006639013,2930199,1439
5.008871529,2930220,21
5.008871529,2931644,1424
5.011104445,2931680,36
5.011104445,2933089,1409
5.013343795,2933140,51
5.013343795,2934534,1394
5.015663123,2934600,66
5.015663123,2935978,1378
5.017895639,2936060,82
5.017895639,2937422,1362
5.020128155,2937520,98
5.020128155,2938866,1346
5.022360671,2938980,114
5.022360671,2940310,1330
5.024593187,2940440,130
5.024593187,2941754,1314
5.026912515,2941900,146
5.026912515,2943198,1298
5.029145031,2943360,162
5.029145031,2944642,1282
5.031377947,2944820,178
5.031377947,2946086,1266
5.033617297,2946280,194
5.033617297,2947530,1250
5.035849813,2947740,210
5.035849813,2948974,1234
5.038082329,2949200,226
5.038082329,2950418,1218
5.040314845,2950660,242
5.040314845,2951862,1202
5.042547361,2952120,258
5.042547361,2953306,1186
5.044866689,2953580,274
5.044866689,2954750,1170
5.047099205,2955040,290
5.047099205,2956194,1154
5.049331721,2956500,306
5.049331721,2957638,1138
5.051564237,2957960,322
5.051564237,2959082,1122
5.053793473,2959420,338
5.053793473,2961970,2550
5.055145906,2962340,370
5.055145906,2963414,1074
5.057275625,2963800,386
5.057275625,2964858,1058
5.059405344,2965260,402
5.059405344,2966302,1042
5.061535063,2966720,418
5.061535063,2967746,1026
5.063664782,2968180,434
5.063664782,2969190,1010
5.065794501,2969640,450
5.065794501,2970634,994
5.067924220,2971100,466
5.067924220,2972078,978
5.070137153,2972560,482
5.070137153,2973522,962
5.072273373,2974020,498
5.072273373,2974966,946
5.074403092,2975480,514
5.074403092,2976410,930
5.076532811,2976940,530
5.076532811,2977854,914
5.078662530,2978400,546
5.078662530,2979298,898
5.080875063,2979860,562
5.080875063,2980742,882
5.083004782,2981320,578
5.083004782,2982186,866
5.085134501,2982780,594
5.085134501,2983630,850
5.087264220,2984240,610
5.087264220,2985074,834
5.089393939,2985700,626
5.089393939,2986518,818
5.091524058,2987160,642
5.091524058,2987962,802
5.093660278,2988620,658
5.093660278,2989406,786
5.095872811,2990080,674
5.095872811,2990850,770
5.098002530,2991540,690
5.098002530,2992294,754
5.100132249,2993000,706
5.100132249,2993738,738
5.102261968,2994460,722
5.102261968,2995182,722
5.104391687,2995920,738
5.104391687,2996626,706
5.106521406,2997380,754
5.106521406,2998070,690
5.108733939,2998840,770
5.108733939,2999514,674
5.110864058,3000300,786
5.110864058,3000958,658
5.113000278,3001760,802
5.113000278,3002402,642
5.115129997,3003220,818
5.115129997,3003846,626
5.117259716,3004680,834
5.117259716,3005290,610
5.119472249,3006140,850
5.119472249,3006734,594
5.121601968,3007600,866
5.121601968,3008178,578
5.123731687,3009060,882
5.123731687,3009622,562
5.125861406,3010520,898
5.125861406,3011066,546
5.127991125,3011980,914
5.127991125,3012510,530
5.130120844,3013440,930
5.130120844,3013954,514
5.132250963,3014900,946
5.132250963,3015398,498
5.134387183,3016360,962
5.134387183,3016842,482
5.136599716,3017820,978
5.136599716,3018286,466
5.138729435,3019280,994
5.138729435,3019730,450
5.140859154,3020740,1010
5.140859154,3021174,434
5.142988873,3022200,1026
5.142988873,3022618,418
5.145118592,3023660,1042
5.145118592,3024062,402
5.147331125,3025120,1058
5.147331125,3025506,386
5.149460844,3026580,1074
5.149460844,3026950,370
5.151590963,3028040,1090
5.151590963,3028394,354
5.153723838,3029500,1106
5.153723838,3029838,338
5.155850223,3030960,1122
5.155850223,3031282,322
5.157976608,3032420,1138
5.157976608,3032726,306
5.160102993,3033880,1154
5.160102993,3034170,290
5.162229378,3035340,1170
5.162229378,3035614,274
5.164438448,3036800,1186
5.164438448,3037058,258
5.166564833,3038260,1202
5.166564833,3038502,242
5.168691218,3039720,1218
5.168691218,3039946,226
5.170817603,3041180,1234
5.170817603,3041390,210
5.172944388,3042640,1250
5.172944388,3042834,194
5.175159948,3044100,1266
5.175159948,3044278,178
5.177286333,3045560,1282
5.177286333,3045722,162
5.179412718,3047020,1298
5.179412718,3047166,146
5.181539103,3048480,1314
5.181539103,3048610,130
5.183665488,3049940,1330
5.183665488,3050054,114
5.185791873,3051400,1346
5.185791873,3051498,98
5.187918258,3052860,1362
5.187918258,3052942,82
5.190127328,3054320,1378
5.190127328,3054386,66
5.192254033,3055780,1394
5.192254033,3055830,50
5.194385530,3057240,1410
5.194385530,3057274,34
5.196510537,3058700,1426
5.196510537,3058718,18
5.198635544,3060160,1442
5.198635544,3060162,2
5.200760631,3061614,1452
5.202969701,3061620,6
5.202969701,3063059,1439
5.205096086,3063080,21
5.205096086,3064504,1424
5.207222471,3064540,36
5.207222471,3065949,1409
5.209348856,3066000,51
5.209348856,3067394,1394
5.211475241,3067460,66
5.211475241,3068838,1378
5.213691201,3068920,82
5.213691201,3070282,1362
5.215817586,3070380,98
5.215817586,3071726,1346
5.217943971,3071840,114
5.217943971,3073170,1330
5.220070356,3073300,130
5.220070356,3074614,1314
5.222196741,3074760,146
5.222196741,3076058,1298
5.224323126,3076220,162
5.224323126,3077502,1282
5.226449511,3077680,178
5.226449511,3078946,1266
5.228575896,3079140,194
5.228575896,3080390,1250
5.230784966,3080600,210
5.230784966,3081834,1234
5.232911751,3082060,226
5.232911751,3083278,1218
5.235044626,3083520,242
5.235044626,3084722,1202
5.237171011,3084980,258
5.237171011,3086166,1186
5.239297396,3086440,274
5.239297396,3087610,1170
5.241506466,3087900,290
5.241506466,3089054,1154
5.243632851,3089360,306
5.243632851,3090498,1138
5.245759236,3090820,322
5.245759236,3091942,1122
5.247885621,3092280,338
5.247885621,3093386,1106
5.250012006,3093740,354
5.250012006,3094830,1090
5.252138391,3095200,370
5.252138391,3096274,1074
5.254213712,3096660,386
5.254213712,3097718,1058
5.256294956,3098120,402
5.256294956,3099162,1042
5.258450560,3099580,418
5.258450560,3100606,1026
5.260525481,3101040,434
5.260525481,3102050,1010
5.262600402,3102500,450
5.262600402,3103494,994
5.264675323,3103960,466
5.264675323,3104938,978
5.266750244,3105420,482
5.266750244,3106382,962
5.268905848,3106880,498
5.268905848,3107826,946
5.270980769,3108340,514
5.270980769,3109270,930
5.273056090,3109800,530
5.273056090,3110714,914
5.275137334,3111260,546
5.275137334,3112158,898
5.277212255,3112720,562
5.277212255,3113602,882
5.279367859,3114180,578
5.279367859,3115046,866
5.281442780,3115640,594
5.281442780,3116490,850
5.283517701,3117100,610
5.283517701,3117934,834
5.285592622,3118560,626
5.285592622,3119378,818
5.287667543,3120020,642
5.287667543,3120822,802
5.289742464,3121480,658
5.289742464,3122266,786
5.291817385,3122940,674
5.291817385,3123710,770
5.293892706,3124400,690
5.293892706,3125154,754
5.296054633,3125860,706
5.296054633,3126598,738
5.298129554,3127320,722
5.298129554,3128042,722
5.300204475,3128780,738
5.300204475,3129486,706
5.302279396,3130240,754
5.302279396,3130930,690
5.304354317,3131700,770
5.304354317,3132374,674
5.306509921,3133160,786
5.306509921,3133818,658
5.308584842,3134620,802
5.308584842,3135262,642
5.310659763,3136080,818
5.310659763,3136706,626
5.312735084,3137540,834
5.312735084,3138150,610
5.314816328,3139000,850
5.314816328,3139594,594
5.316891249,3140460,866
5.316891249,3141038,578
5.318966170,3141920,882
5.318966170,3142482,562
5.321041091,3143380,898
5.321041091,3143926,546
5.323196695,3144840,914
5.323196695,3145370,530
5.325271616,3146300,930
5.325271616,3146814,514
5.327346537,3147760,946
5.327346537,3148258,498
5.329421458,3149220,962
5.329421458,3149702,482
5.331496379,3150680,978
5.331496379,3151146,466
5.333658707,3152140,994
5.333658707,3152590,450
5.335733628,3153600,1010
5.335733628,3154034,434
5.337808549,3155060,1026
5.337808549,3155478,418
5.339883470,3156520,1042
5.339883470,3156922,402
5.341958391,3157980,1058
5.341958391,3158366,386
5.344033312,3159440,1074
5.344033312,3159810,370
5.346108233,3160900,1090
5.346108233,3161254,354
5.348183154,3162360,1106
5.348183154,3162698,338
5.354275254,3163820,1122
5.354275254,3164142,322
5.356471391,3165280,1138
5.356471391,3165586,306
5.358610134,3166740,1154
5.358610134,3167030,290
5.360742367,3168200,1170
5.360742367,3168474,274
5.362874600,3169660,1186
5.362874600,3169918,258
5.365089745,3171120,1202
5.365089745,3171362,242
5.367221978,3172580,1218
5.367221978,3172806,226
5.369354211,3174040,1234
5.369354211,3174250,210
5.371486444,3175500,1250
5.371486444,3175694,194
5.373618677,3176960,1266
5.373618677,3177138,178
5.375834222,3178420,1282
5.375834222,3178582,162
5.377972965,3179880,1298
5.377972965,3180026,146
5.380105198,3181340,1314
5.380105198,3181470,130
5.382237431,3182800,1330
5.382237431,3182914,114
5.384369664,3184260,1346
5.384369664,3184358,98
5.386501897,3185720,1362
5.386501897,3185802,82
5.388634130,3187180,1378
5.388634130,3187246,66
5.390766283,3188640,1394
5.390766283,3188690,50
5.392980047,3190100,1410
5.392980047,3190134,34
5.395110899,3191560,1426
5.395110899,3191578,18
5.397242151,3193020,1442
5.397242151,3193022,2
5.399379592,3194474,1452
5.401511825,3194480,6
5.401511825,3195919,1439
5.403726970,3195940,21
5.403726970,3197364,1424
5.405859203,3197400,36
5.405859203,3198809,1409
5.407991436,3198860,51
5.407991436,3200254,1394
5.410123669,3200320,66
5.410123669,3201698,1378
5.412255902,3201780,82
5.412255902,3203142,1362
5.414388135,3203240,98
5.414388135,3204586,1346
5.416520368,3204700,114
5.416520368,3206030,1330
5.418653001,3206160,130
5.418653001,3207474,1314
5.420874656,3207620,146
5.420874656,3208918,1298
5.423006889,3209080,162
5.423006889,3210362,1282
5.425139122,3210540,178
5.425139122,3211806,1266
5.427271355,3212000,194
5.427271355,3213250,1250
5.429403588,3213460,210
5.429403588,3214694,1234
5.431618733,3214920,226
5.431618733,3216138,1218
5.433750966,3216380,242
5.433750966,3217582,1202
5.435883199,3217840,258
5.435883199,3219026,1186
5.438015832,3219300,274
5.438015832,3220470,1170
5.440154575,3220760,290
5.440154575,3221914,1154
5.442286808,3222220,306
5.442286808,3223358,1138
5.444419041,3223680,322
5.444419041,3224802,1122
5.446634186,3225140,338
5.446634186,3226246,1106
5.448766419,3226600,354
5.448766419,3227690,1090
5.450898652,3228060,370
5.450898652,3229134,1074
5.453030885,3229520,386
5.453030885,3230578,1058
5.455159838,3230980,402
5.455159838,3232022,1042
5.456567251,3232440,418
5.456567251,3233466,1026
5.458971784,3233900,434
5.458971784,3234910,1010
5.461476793,3235360,450
5.461476793,3236354,994
5.463880926,3236820,466
5.463880926,3237798,978
5.466285059,3238280,482
5.466285059,3239242,962
5.468689192,3239740,498
5.468689192,3240686,946
5.471093325,3241200,514
5.471093325,3242130,930
5.473590943,3242660,530
5.473590943,3243574,914
5.475995076,3244120,546
5.475995076,3245018,898
5.478399209,3245580,562
5.478399209,3246462,882
5.480803742,3247040,578
5.480803742,3247906,866
5.483215266,3248500,594
5.483215266,3249350,850
5.485619399,3249960,610
5.485619399,3250794,834
5.488023532,3251420,626
5.488023532,3252238,818
5.490427665,3252880,642
5.490427665,3253682,802
5.492925283,3254340,658
5.492925283,3255126,786
5.495329416,3255800,674
5.495329416,3256570,770
5.497733549,3257260,690
5.497733549,3258014,754
5.500137682,3258720,706
5.500137682,3259458,738
5.502541815,3260180,722
5.502541815,3260902,722
5.505047223,3261640,738
5.505047223,3262346,706
5.507451356,3263100,754
5.507451356,3263790,690
5.509855489,3264560,770
5.509855489,3265234,674
5.512259622,3266020,786
5.512259622,3266678,658
5.514663755,3267480,802
5.514663755,3268122,642
5.517067888,3268940,818
5.517067888,3269566,626
5.519472021,3270400,834
5.519472021,3271010,610
5.521876154,3271860,850
5.521876154,3272454,594
5.524373772,3273320,866
5.524373772,3273898,578
5.526778305,3274780,882
5.526778305,3275342,562
5.529189829,3276240,898
5.529189829,3276786,546
5.531593962,3277700,914
5.531593962,3278230,530
5.533998095,3279160,930
5.533998095,3279674,514
5.536495713,3280620,946
5.536495713,3281118,498
5.538899846,3282080,962
5.538899846,3282562,482
5.541303979,3283540,978
5.541303979,3284006,466
5.543708112,3285000,994
5.543708112,3285450,450
5.546112245,3286460,1010
5.546112245,3286894,434
5.548516378,3287920,1026
5.548516378,3288338,418
5.550920911,3289380,1042
5.550920911,3289782,402
5.553422640,3290840,1058
5.553422640,3291226,386
5.554580254,3292300,1074
5.554580254,3292670,370
5.556734588,3293760,1090
5.556734588,3294114,354
5.558888922,3295220,1106
5.558888922,3295558,338
5.561043256,3296680,1122
5.561043256,3297002,322
5.563197590,3298140,1138
5.563197590,3298446,306
5.565435695,3299600,1154
5.565435695,3299890,290
5.567590029,3301060,1170
5.567590029,3301334,274
5.569744763,3302520,1186
5.569744763,3302778,258
5.571905678,3303980,1202
5.571905678,3304222,242
5.574060012,3305440,1218
5.574060012,3305666,226
5.576298117,3306900,1234
5.576298117,3307110,210
5.578452451,3308360,1250
5.578452451,3308554,194
5.580606785,3309820,1266
5.580606785,3309998,178
5.582761119,3311280,1282
5.582761119,3311442,162
5.584915453,3312740,1298
5.584915453,3312886,146
5.587069787,3314200,1314
5.587069787,3314330,130
5.589224121,3315660,1330
5.589224121,3315774,114
5.591378855,3317120,1346
5.591378855,3317218,98
5.593623541,3318580,1362
5.593623541,3318662,82
5.595777875,3320040,1378
5.595777875,3320106,66
5.597932129,3321500,1394
5.597932129,3321550,50
5.600085066,3322960,1410
5.600085066,3322994,34
5.602238003,3324420,1426
5.602238003,3324438,18
5.604474711,3325880,1442
5.604474711,3325882,2
5.606627728,3327334,1452
5.608782062,3327340,6
5.608782062,3328779,1439
5.610936796,3328800,21
5.610936796,3330224,1424
5.613097711,3330260,36
5.613097711,3331669,1409
5.615252045,3331720,51
5.615252045,3333114,1394
5.617406379,3333180,66
5.617406379,3334558,1378
5.619560713,3334640,82
5.619560713,3336002,1362
5.621798818,3336100,98
5.621798818,3337446,1346
5.623953152,3337560,114
5.623953152,3338890,1330
5.626107486,3339020,130
5.626107486,3340334,1314
5.628261820,3340480,146
5.628261820,3341778,1298
5.630416154,3341940,162
5.630416154,3343222,1282
5.632661240,3343400,178
5.632661240,3344666,1266
5.634815574,3344860,194
5.634815574,3346110,1250
5.636969908,3346320,210
5.636969908,3347554,1234
5.639124242,3347780,226
5.639124242,3348998,1218
5.641278576,3349240,242
5.641278576,3350442,1202
5.643516681,3350700,258
5.643516681,3351886,1186
5.645671015,3352160,274
5.645671015,3353330,1170
5.647825349,3353620,290
5.647825349,3354774,1154
5.649979683,3355080,306
5.649979683,3356218,1138
5.652130737,3356540,322
5.652130737,3357662,1122
5.652568318,3358000,338
5.652568318,3359106,1106
5.654994756,3359460,354
5.654994756,3360550,1090
5.657421194,3360920,370
5.657421194,3361994,1074
5.659941984,3362380,386
5.659941984,3363438,1058
5.662368422,3363840,402
5.662368422,3364882,1042
5.664794860,3365300,418
5.664794860,3366326,1026
5.667221298,3366760,434
5.667221298,3367770,1010
5.669647736,3368220,450
5.669647736,3369214,994
5.672168926,3369680,466
5.672168926,3370658,978
5.674602827,3371140,482
5.674602827,3372102,962
5.677029265,3372600,498
5.677029265,3373546,946
5.679455703,3374060,514
5.679455703,3374990,930
5.681882141,3375520,530
5.681882141,3376434,914
5.684308579,3376980,546
5.684308579,3377878,898
5.686735017,3378440,562
5.686735017,3379322,882
5.689161455,3379900,578
5.689161455,3380766,866
5.691682245,3381360,594
5.691682245,3382210,850
5.694108683,3382820,610
5.694108683,3383654,834
5.696535521,3384280,626
5.696535521,3385098,818
5.698969422,3385740,642
5.698969422,3386542,802
5.701395860,3387200,658
5.701395860,3387986,786
5.703916650,3388660,674
5.703916650,3389430,770
5.706343088,3390120,690
5.706343088,3390874,754
5.708769526,3391580,706
5.708769526,3392318,738
5.711195964,3393040,722
5.711195964,3393762,722
5.713622402,3394500,738
5.713622402,3395206,706
5.716048840,3395960,754
5.716048840,3396650,690
5.718475278,3397420,770
5.718475278,3398094,674
5.720902116,3398880,786
5.720902116,3399538,658
5.723430369,3400340,802
5.723430369,3400982,642
5.725856807,3401800,818
5.725856807,3402426,626
5.728283245,3403260,834
5.728283245,3403870,610
5.730709683,3404720,850
5.730709683,3405314,594
5.733136121,3406180,866
5.733136121,3406758,578
5.735656911,3407640,882
5.735656911,3408202,562
5.738083349,3409100,898
5.738083349,3409646,546
5.740509787,3410560,914
5.740509787,3411090,530
5.742936625,3412020,930
5.742936625,3412534,514
5.745370526,3413480,946
5.745370526,3413978,498
5.747891316,3414940,962
5.747891316,3415422,482
5.750317754,3416400,978
5.750317754,3416866,466
5.752768223,3417860,994
5.752768223,3418310,450
5.755218692,3419320,1010
5.755218692,3419754,434
5.757669161,3420780,1026
5.757669161,3421198,418
5.760119630,3422240,1042
5.760119630,3422642,402
5.762570099,3423700,1058
5.762570099,3424086,386
5.765020568,3425160,1074
5.765020568,3425530,370
5.767574264,3426620,1090
5.767574264,3426974,354
5.770024733,3428080,1106
5.770024733,3428418,338
5.772475202,3429540,1122
5.772475202,3429862,322
5.774925671,3431000,1138
5.774925671,3431306,306
5.777376140,3432460,1154
5.777376140,3432750,290
5.779921896,3433920,1170
5.779921896,3434194,274
5.782372365,3435380,1186
5.782372365,3435638,258
5.784822834,3436840,1202
5.784822834,3437082,242
5.787273303,3438300,1218
5.787273303,3438526,226
5.789724172,3439760,1234
5.789724172,3439970,210
5.792182182,3441220,1250
5.792182182,3441414,194
5.794632651,3442680,1266
5.794632651,3442858,178
5.797083120,3444140,1282
5.797083120,3444302,162
5.799628876,3445600,1298
5.799628876,3445746,146
5.802079345,3447060,1314
5.802079345,3447190,130
5.804529814,3448520,1330
5.804529814,3448634,114
5.806980283,3449980,1346
5.806980283,3450078,98
5.809430752,3451440,1362
5.809430752,3451522,82
5.811976908,3452900,1378
5.811976908,3452966,66
5.814434838,3454360,1394
5.814434838,3454410,50
5.816883719,3455820,1410
5.816883719,3455854,34
5.819332600,3457280,1426
5.819332600,3457298,18
5.821781481,3458740,1442
5.821781481,3458742,2
5.824230442,3460194,1452
5.826680911,3460200,6
5.826680911,3461639,1439
5.829131380,3461660,21
5.829131380,3463084,1424
5.831677136,3463120,36
5.831677136,3464529,1409
5.834127605,3464580,51
5.834127605,3465974,1394
5.836578474,3466040,66
5.836578474,3467418,1378
5.839036484,3467500,82
5.839036484,3468862,1362
5.841486953,3468960,98
5.841486953,3470306,1346
5.844032709,3470420,114
5.844032709,3471750,1330
5.846483178,3471880,130
5.846483178,3473194,1314
5.848933647,3473340,146
5.848933647,3474638,1298
5.853321753,3474800,162
5.853321753,3476082,1282
5.855559270,3476260,178
5.855559270,3477526,1266
5.857819005,3477720,194
5.857819005,3478970,1250
5.859994559,3479180,210
5.859994559,3480414,1234
5.862176361,3480640,226
5.862176361,3481858,1218
5.864351515,3482100,242
5.864351515,3483302,1202
5.866526669,3483560,258
5.866526669,3484746,1186
5.868701823,3485020,274
5.868701823,3486190,1170
5.870876977,3486480,290
5.870876977,3487634,1154
5.873052131,3487940,306
5.873052131,3489078,1138
5.875311866,3489400,322
5.875311866,3490522,1122
5.877487020,3490860,338
5.877487020,3491966,1106
5.879662174,3492320,354
5.879662174,3493410,1090
5.881837728,3493780,370
5.881837728,3494854,1074
5.884019530,3495240,386
5.884019530,3496298,1058
5.886279265,3496700,402
5.886279265,3497742,1042
5.888454419,3498160,418
5.888454419,3499186,1026
5.890629573,3499620,434
5.890629573,3500630,1010
5.892804727,3501080,450
5.892804727,3502074,994
5.894979881,3502540,466
5.894979881,3503518,978
5.897155035,3504000,482
5.897155035,3504962,962
5.899330189,3505460,498
5.899330189,3506406,946
5.901505343,3506920,514
5.901505343,3507850,930
5.903772126,3508380,530
5.903772126,3509294,914
5.905947280,3509840,546
5.905947280,3510738,898
5.908122434,3511300,562
5.908122434,3512182,882
5.910297588,3512760,578
5.910297588,3513626,866
5.912472742,3514220,594
5.912472742,3515070,850
5.914732477,3515680,610
5.914732477,3516514,834
5.916907631,3517140,626
5.916907631,3517958,818
5.919082785,3518600,642
5.919082785,3519402,802
5.921257939,3520060,658
5.921257939,3520846,786
5.923433493,3521520,674
5.923433493,3522290,770
5.925699876,3522980,690
5.925699876,3523734,754
5.927875030,3524440,706
5.927875030,3525178,738
5.930050184,3525900,722
5.930050184,3526622,722
5.932225338,3527360,738
5.932225338,3528066,706
5.934400492,3528820,754
5.934400492,3529510,690
5.936575646,3530280,770
5.936575646,3530954,674
5.938750800,3531740,786
5.938750800,3532398,658
5.940925954,3533200,802
5.940925954,3533842,642
5.943186089,3534660,818
5.943186089,3535286,626
5.945367891,3536120,834
5.945367891,3536730,610
5.947543045,3537580,850
5.947543045,3538174,594
5.949718199,3539040,866
5.949718199,3539618,578
5.951893353,3540500,882
5.951893353,3541062,562
5.956009730,3541960,898
5.956009730,3542506,546
5.958468464,3543420,914
5.958468464,3543950,530
5.960778591,3544880,930
5.960778591,3545394,514
5.963088718,3546340,946
5.963088718,3546838,498
5.965398845,3547800,962
5.965398845,3548282,482
5.967709372,3549260,978
5.967709372,3549726,466
5.970026585,3550720,994
5.970026585,3551170,450
5.972336712,3552180,1010
5.972336712,3552614,434
5.974646839,3553640,1026
5.974646839,3554058,418
5.977046796,3555100,1042
5.977046796,3555502,402
5.979356923,3556560,1058
5.979356923,3556946,386
5.981667050,3558020,1074
5.981667050,3558390,370
5.983977177,3559480,1090
5.983977177,3559834,354
5.986287304,3560940,1106
5.986287304,3561278,338
5.988687661,3562400,1122
5.988687661,3562722,322
5.991004874,3563860,1138
5.991004874,3564166,306
5.993315001,3565320,1154
5.993315001,3565610,290
5.995625128,3566780,1170
5.995625128,3567054,274
5.997935255,3568240,1186
5.997935255,3568498,258
6.000245382,3569700,1202
6.000245382,3569942,242
6.002555509,3571160,1218
6.002555509,3571386,226
6.004865636,3572620,1234
6.004865636,3572830,210
6.007265593,3574080,1250
6.007265593,3574274,194
6.009575720,3575540,1266
6.009575720,3575718,178
6.011886247,3577000,1282
6.011886247,3577162,162
6.014203460,3578460,1298
6.014203460,3578606,146
6.016513587,3579920,1314
6.016513587,3580050,130
6.018913544,3581380,1330
6.018913544,3581494,114
6.021223671,3582840,1346
6.021223671,3582938,98
6.023533798,3584300,1362
6.023533798,3584382,82
6.025843925,3585760,1378
6.025843925,3585826,66
6.028153972,3587220,1394
6.028153972,3587270,50
6.030552432,3588680,1410
6.030552432,3588714,34
6.032861462,3590140,1426
6.032861462,3590158,18
6.035177178,3591600,1442
6.035177178,3591602,2
6.037485888,3593054,1452
6.039796015,3593060,6
6.039796015,3594499,1439
6.042106142,3594520,21
6.042106142,3595944,1424
6.044416269,3595980,36
6.044416269,3597389,1409
6.046726396,3597440,51
6.046726396,3598834,1394
6.049126353,3598900,66
6.049126353,3600278,1378
6.051436480,3600360,82
6.051436480,3601722,1362
6.053746607,3601820,98
6.053746607,3603166,1346
6.056057134,3603280,114
6.056057134,3604610,1330
6.058208169,3604740,130
6.058208169,3606054,1314
6.060436043,3606200,146
6.060436043,3607498,1298
6.062580529,3607660,162
6.062580529,3608942,1282
6.064725015,3609120,178
6.064725015,3610386,1266
6.066869501,3610580,194
6.066869501,3611830,1250
6.069013987,3612040,210
6.069013987,3613274,1234
6.071158473,3613500,226
6.071158473,3614718,1218
6.073302959,3614960,242
6.073302959,3616162,1202
6.075447445,3616420,258
6.075447445,3617606,1186
6.077682269,3617880,274
6.077682269,3619050,1170
6.079826755,3619340,290
6.079826755,3620494,1154
6.081971241,3620800,306
6.081971241,3621938,1138
6.084115727,3622260,322
6.084115727,3623382,1122
6.086260213,3623720,338
6.086260213,3624826,1106
6.088488087,3625180,354
6.088488087,3626270,1090
6.090632573,3626640,370
6.090632573,3627714,1074
6.092777059,3628100,386
6.092777059,3629158,1058
6.094921545,3629560,402
6.094921545,3630602,1042
6.097066431,3631020,418
6.097066431,3632046,1026
6.099217466,3632480,434
6.099217466,3633490,1010
6.101361952,3633940,450
6.101361952,3634934,994
6.103506438,3635400,466
6.103506438,3636378,978
6.105734312,3636860,482
6.105734312,3637822,962
6.107878798,3638320,498
6.107878798,3639266,946
6.110023284,3639780,514
6.110023284,3640710,930
6.112167770,3641240,530
6.112167770,3642154,914
6.114312256,3642700,546
6.114312256,3643598,898
6.116540530,3644160,562
6.116540530,3645042,882
6.118691565,3645620,578
6.118691565,3646486,866
6.120836051,3647080,594
6.120836051,3647930,850
6.122980537,3648540,610
6.122980537,3649374,834
6.125125023,3650000,626
6.125125023,3650818,818
6.127352897,3651460,642
6.127352897,3652262,802
6.129497383,3652920,658
6.129497383,3653706,786
6.131641869,3654380,674
6.131641869,3655150,770
6.133786355,3655840,690
6.133786355,3656594,754
6.135930841,3657300,706
6.135930841,3658038,738
6.138075727,3658760,722
6.138075727,3659482,722
6.140226762,3660220,738
6.140226762,3660926,706
6.142371248,3661680,754
6.142371248,3662370,690
6.144599122,3663140,770
6.144599122,3663814,674
6.146743608,3664600,786
6.146743608,3665258,658
6.148888094,3666060,802
6.148888094,3666702,642
6.151032580,3667520,818
6.151032580,3668146,626
6.153177066,3668980,834
6.153177066,3669590,610
6.155404940,3670440,850
6.155404940,3671034,594
6.157473208,3671900,866
6.157473208,3672478,578
6.159547377,3673360,882
6.159547377,3673922,562
6.161615245,3674820,898
6.161615245,3675366,546
6.163683113,3676280,914
6.163683113,3676810,530
6.165750981,3677740,930
6.165750981,3678254,514
6.167818849,3679200,946
6.167818849,3679698,498
6.169886717,3680660,962
6.169886717,3681142,482
6.172034994,3682120,978
6.172034994,3682586,466
6.174102862,3683580,994
6.174102862,3684030,450
6.176170730,3685040,1010
6.176170730,3685474,434
6.178238998,3686500,1026
6.178238998,3686918,418
6.180313167,3687960,1042
6.180313167,3688362,402
6.182461444,3689420,1058
6.182461444,3689806,386
6.184529312,3690880,1074
6.184529312,3691250,370
6.186597180,3692340,1090
6.186597180,3692694,354
6.188665048,3693800,1106
6.188665048,3694138,338
6.190732916,3695260,1122
6.190732916,3695582,322
6.192800784,3696720,1138
6.192800784,3697026,306
6.194868652,3698180,1154
6.194868652,3698470,290
6.196936520,3699640,1170
6.196936520,3699914,274
6.199091498,3701100,1186
6.199091498,3701358,258
6.201159366,3702560,1202
6.201159366,3702802,242
6.203227234,3704020,1218
6.203227234,3704246,226
6.205295102,3705480,1234
6.205295102,3705690,210
6.207362970,3706940,1250
6.207362970,3707134,194
6.209511247,3708400,1266
6.209511247,3708578,178
6.211579115,3709860,1282
6.211579115,3710022,162
6.213646983,3711320,1298
6.213646983,3711466,146
6.215714851,3712780,1314
6.215714851,3712910,130
6.217783119,3714240,1330
6.217783119,3714354,114
6.219937697,3715700,1346
6.219937697,3715798,98
6.222005565,3717160,1362
6.222005565,3717242,82
6.224073433,3718620,1378
6.224073433,3718686,66
6.226141221,3720080,1394
6.226141221,3720130,50
6.228207749,3721540,1410
6.228207749,3721574,34
6.230274277,3723000,1426
6.230274277,3723018,18
6.232340805,3724460,1442
6.232340805,3724462,2
6.234407413,3725914,1452
6.236556090,3725920,6
6.236556090,3727359,1439
6.238630259,3727380,21
6.238630259,3728804,1424
6.240698127,3728840,36
6.240698127,3730249,1409
6.242765995,3730300,51
6.242765995,3731694,1394
6.244833863,3731760,66
6.244833863,3733138,1378
6.246982140,3733220,82
6.246982140,3734582,1362
6.249050008,3734680,98
6.249050008,3736026,1346
6.251117876,3736140,114
6.251117876,3737470,1330
6.253185744,3737600,130
6.253185744,3738914,1314
6.255250332,3739060,146
6.255250332,3741802,2742
6.257086173,3741980,178
6.257086173,3743246,1266
6.259498545,3743440,194
6.259498545,3744690,1250
6.262004722,3744900,210
6.262004722,3746134,1234
6.264417094,3746360,226
6.264417094,3747578,1218
6.266829466,3747820,242
6.266829466,3749022,1202
6.269241838,3749280,258
6.269241838,3750466,1186
6.271654210,3750740,274
6.271654210,3751910,1170
6.274160387,3752200,290
6.274160387,3753354,1154
6.276573159,3753660,306
6.276573159,3754798,1138
6.278992948,3755120,322
6.278992948,3756242,1122
6.281405320,3756580,338
6.281405320,3757686,1106
6.283817692,3758040,354
6.283817692,3759130,1090
6.286230064,3759500,370
6.286230064,3760574,1074
6.288642436,3760960,386
6.288642436,3762018,1058
6.291054808,3762420,402
6.291054808,3763462,1042
6.293560985,3763880,418
6.293560985,3764906,1026
6.295973357,3765340,434
6.295973357,3766350,1010
6.298385729,3766800,450
6.298385729,3767794,994
6.300798501,3768260,466
6.300798501,3769238,978
6.303218290,3769720,482
6.303218290,3770682,962
6.305724467,3771180,498
6.305724467,3772126,946
6.308136839,3772640,514
6.308136839,3773570,930
6.310549211,3774100,530
6.310549211,3775014,914
6.312961583,3775560,546
6.312961583,3776458,898
6.315373955,3777020,562
6.315373955,3777902,882
6.317880132,3778480,578
6.317880132,3779346,866
6.320292504,3779940,594
6.320292504,3780790,850
6.322705276,3781400,610
6.322705276,3782234,834
6.325125065,3782860,626
6.325125065,3783678,818
6.327537437,3784320,642
6.327537437,3785122,802
6.329949809,3785780,658
6.329949809,3786566,786
6.332362181,3787240,674
6.332362181,3788010,770
6.334774553,3788700,690
6.334774553,3789454,754
6.337280730,3790160,706
6.337280730,3790898,738
6.339693102,3791620,722
6.339693102,3792342,722
6.342105474,3793080,738
6.342105474,3793786,706
6.344517846,3794540,754
6.344517846,3795230,690
6.346930618,3796000,770
6.346930618,3796674,674
6.349444212,3797460,786
6.349444212,3798118,658
6.354801126,3798920,802
6.354801126,3799562,642
6.357291591,3800380,818
6.357291591,3801006,626
6.359726598,3801840,834
6.359726598,3802450,610
6.362161605,3803300,850
6.362161605,3803894,594
6.364596612,3804760,866
6.364596612,3805338,578
6.367031619,3806220,882
6.367031619,3806782,562
6.369466626,3807680,898
6.369466626,3808226,546
6.371996718,3809140,914
6.371996718,3809670,530
6.374439215,3810600,930
6.374439215,3811114,514
6.376874222,3812060,946
6.376874222,3812558,498
6.379309229,3813520,962
6.379309229,3814002,482
6.381744236,3814980,978
6.381744236,3815446,466
6.384273928,3816440,994
6.384273928,3816890,450
6.386708935,3817900,1010
6.386708935,3818334,434
6.389143942,3819360,1026
6.389143942,3819778,418
6.391578949,3820820,1042
6.391578949,3821222,402
6.394013956,3822280,1058
6.394013956,3822666,386
6.396551539,3823740,1074
6.396551539,3824110,370
6.398986546,3825200,1090
6.398986546,3825554,354
6.401421553,3826660,1106
6.401421553,3826998,338
6.403856560,3828120,1122
6.403856560,3828442,322
6.406291567,3829580,1138
6.406291567,3829886,306
6.408726574,3831040,1154
6.408726574,3831330,290
6.411161581,3832500,1170
6.411161581,3832774,274
6.413596588,3833960,1186
6.413596588,3834218,258
6.416126280,3835420,1202
6.416126280,3835662,242
6.418561687,3836880,1218
6.418561687,3837106,226
6.421004184,3838340,1234
6.421004184,3838550,210
6.423439191,3839800,1250
6.423439191,3839994,194
6.425874198,3841260,1266
6.425874198,3841438,178
6.428403890,3842720,1282
6.428403890,3842882,162
6.430838897,3844180,1298
6.430838897,3844326,146
6.433273904,3845640,1314
6.433273904,3845770,130
6.435708911,3847100,1330
6.435708911,3847214,114
6.438143918,3848560,1346
6.438143918,3848658,98
6.440578925,3850020,1362
6.440578925,3850102,82
6.443014332,3851480,1378
6.443014332,3851546,66
6.445456749,3852940,1394
6.445456749,3852990,50
6.447890177,3854400,1410
6.447890177,3854434,34
6.450418290,3855860,1426
6.450418290,3855878,18
6.452851718,3857320,1442
6.452851718,3857322,2
6.455281946,3860219,2897
6.455670010,3860240,21
6.455670010,3861664,1424
6.457947653,3861700,36
6.457947653,3863109,1409
6.460140445,3863160,51
6.460140445,3864554,1394
6.462339541,3864620,66
6.462339541,3865998,1378
6.464531933,3866080,82
6.464531933,3867442,1362
6.466724325,3867540,98
6.466724325,3868886,1346
6.468916717,3869000,114
6.468916717,3870330,1330
6.471109109,3870460,130
6.471109109,3871774,1314
6.473301501,3871920,146
6.473301501,3873218,1298
6.475579144,3873380,162
6.475579144,3874662,1282
6.477771536,3874840,178
6.477771536,3876106,1266
6.479963928,3876300,194
6.479963928,3877550,1250
6.482156720,3877760,210
6.482156720,3878994,1234
6.484355816,3879220,226
6.484355816,3880438,1218
6.486633459,3880680,242
6.486633459,3881882,1202
6.488825851,3882140,258
6.488825851,3883326,1186
6.491018243,3883600,274
6.491018243,3884770,1170
6.493210635,3885060,290
6.493210635,3886214,1154
6.495403027,3886520,306
6.495403027,3887658,1138
6.497680670,3887980,322
6.497680670,3889102,1122
6.499873062,3889440,338
6.499873062,3890546,1106
6.502065854,3890900,354
6.502065854,3891990,1090
6.504264950,3892360,370
6.504264950,3893434,1074
6.506457342,3893820,386
6.506457342,3894878,1058
6.508649734,3895280,402
6.508649734,3896322,1042
6.510842126,3896740,418
6.510842126,3897766,1026
6.513034518,3898200,434
6.513034518,3899210,1010
6.515312161,3899660,450
6.515312161,3900654,994
6.517504553,3901120,466
6.517504553,3902098,978
6.519696945,3902580,482
6.519696945,3903542,962
6.521889337,3904040,498
6.521889337,3904986,946
6.524082129,3905500,514
6.524082129,3906430,930
6.526366476,3906960,530
6.526366476,3907874,914
6.528558868,3908420,546
6.528558868,3909318,898
6.530751260,3909880,562
6.530751260,3910762,882
6.532943652,3911340,578
6.532943652,3912206,866
6.535136044,3912800,594
6.535136044,3913650,850
6.537328436,3914260,610
6.537328436,3915094,834
6.539520828,3915720,626
6.539520828,3916538,818
6.541713220,3917180,642
6.541713220,3917982,802
6.543991263,3918640,658
6.543991263,3919426,786
6.546190359,3920100,674
6.546190359,3920870,770
6.548382751,3921560,690
6.548382751,3922314,754
6.553511641,3923020,706
6.553511641,3923758,738
6.555707446,3924480,722
6.555707446,3925202,722
6.557922664,3925940,738
6.557922664,3926646,706
6.560054967,3927400,754
6.560054967,3928090,690
6.562187270,3928860,770
6.562187270,3929534,674
6.564319573,3930320,786
6.564319573,3930978,658
6.566451876,3931780,802
6.566451876,3932422,642
6.568584579,3933240,818
6.568584579,3933866,626
6.570723392,3934700,834
6.570723392,3935310,610
6.572855695,3936160,850
6.572855695,3936754,594
6.575070913,3937620,866
6.575070913,3938198,578
6.577203216,3939080,882
6.577203216,3939642,562
6.579335519,3940540,898
6.579335519,3941086,546
6.581467822,3942000,914
6.581467822,3942530,530
6.583600125,3943460,930
6.583600125,3943974,514
6.585815343,3944920,946
6.585815343,3945418,498
6.587948046,3946380,962
6.587948046,3946862,482
6.590086859,3947840,978
6.590086859,3948306,466
6.592219162,3949300,994
6.592219162,3949750,450
6.594351465,3950760,1010
6.594351465,3951194,434
6.596566683,3952220,1026
6.596566683,3952638,418
6.598698986,3953680,1042
6.598698986,3954082,402
6.600831289,3955140,1058
6.600831289,3955526,386
6.602963592,3956600,1074
6.602963592,3956970,370
6.605095895,3958060,1090
6.605095895,3958414,354
6.607228198,3959520,1106
6.607228198,3959858,338
6.609360901,3960980,1122
6.609360901,3961302,322
6.611499714,3962440,1138
6.611499714,3962746,306
6.613714932,3963900,1154
6.613714932,3964190,290
6.615847235,3965360,1170
6.615847235,3965634,274
6.617979538,3966820,1186
6.617979538,3967078,258
6.620111841,3968280,1202
6.620111841,3968522,242
6.622244144,3969740,1218
6.622244144,3969966,226
6.624459362,3971200,1234
6.624459362,3971410,210
6.626591665,3972660,1250
6.626591665,3972854,194
6.628724368,3974120,1266
6.628724368,3974298,178
6.630863181,3975580,1282
6.630863181,3975742,162
6.632995484,3977040,1298
6.632995484,3977186,146
6.635127787,3978500,1314
6.635127787,3978630,130
6.637260090,3979960,1330
6.637260090,3980074,114
6.639392393,3981420,1346
6.639392393,3981518,98
6.641607611,3982880,1362
6.641607611,3982962,82
6.643739914,3984340,1378
6.643739914,3984406,66
6.645872137,3985800,1394
6.645872137,3985850,50
6.648003058,3987260,1410
6.648003058,3987294,34
6.650134379,3988720,1426
6.650134379,3988738,18
6.652354725,3990180,1442
6.652354725,3990182,2
6.654482446,3991634,1452
6.655901095,3991640,6
6.655901095,3993079,1439
6.658316464,3993100,21
6.658316464,3994524,1424
6.660731833,3994560,36
6.660731833,3995969,1409
6.663147202,3996020,51
6.663147202,3997414,1394
6.665562571,3997480,66
6.665562571,3998858,1378
6.667977940,3998940,82
6.667977940,4000302,1362
6.670487631,4000400,98
6.670487631,4001746,1346
6.672910427,4001860,114
6.672910427,4003190,1330
6.675325796,4003320,130
6.675325796,4004634,1314
6.677741165,4004780,146
6.677741165,4006078,1298
6.680156534,4006240,162
6.680156534,4007522,1282
6.682665825,4007700,178
6.682665825,4008966,1266
6.685081194,4009160,194
6.685081194,4010410,1250
6.687496563,4010620,210
6.687496563,4011854,1234
6.689911932,4012080,226
6.689911932,4013298,1218
6.692327301,4013540,242
6.692327301,4014742,1202
6.694844419,4015000,258
6.694844419,4016186,1186
6.697259788,4016460,274
6.697259788,4017630,1170
6.699675157,4017920,290
6.699675157,4019074,1154
6.702090526,4019380,306
6.702090526,4020518,1138
6.704505895,4020840,322
6.704505895,4021962,1122
6.706921264,4022300,338
6.706921264,4023406,1106
6.709336633,4023760,354
6.709336633,4024850,1090
6.711752002,4025220,370
6.711752002,4026294,1074
6.714261293,4026680,386
6.714261293,4027738,1058
6.716677062,4028140,402
6.716677062,4029182,1042
6.719099858,4029600,418
6.719099858,4030626,1026
6.721515227,4031060,434
6.721515227,4032070,1010
6.723930596,4032520,450
6.723930596,4033514,994
6.726439887,4033980,466
6.726439887,4034958,978
6.728855256,4035440,482
6.728855256,4036402,962
6.731270625,4036900,498
6.731270625,4037846,946
6.733685994,4038360,514
6.733685994,4039290,930
6.736101363,4039820,530
6.736101363,4040734,914
6.738516732,4041280,546
6.738516732,4042178,898
6.740932501,4042740,562
6.740932501,4043622,882
6.743355297,4044200,578
6.743355297,4045066,866
6.745864588,4045660,594
6.745864588,4046510,850
6.748279957,4047120,610
6.748279957,4047954,834
6.750695326,4048580,626
6.750695326,4049398,818
6.755047626,4050040,642
6.755047626,4050842,802
6.757259299,4051500,658
6.757259299,4052286,786
6.759491452,4052960,674
6.759491452,4053730,770
6.761640056,4054420,690
6.761640056,4055174,754
6.763789060,4055880,706
6.763789060,4056618,738
6.765944227,4057340,722
6.765944227,4058062,722
6.768092831,4058800,738
6.768092831,4059506,706
6.770324984,4060260,754
6.770324984,4060950,690
6.772473588,4061720,770
6.772473588,4062394,674
6.774622192,4063180,786
6.774622192,4063838,658
6.776770796,4064640,802
6.776770796,4065282,642
6.778919400,4066100,818
6.778919400,4066726,626
6.781068004,4067560,834
6.781068004,4068170,610
6.783216608,4069020,850
6.783216608,4069614,594
6.785365612,4070480,866
6.785365612,4071058,578
6.787604328,4071940,882
6.787604328,4072502,562
6.789752932,4073400,898
6.789752932,4073946,546
6.791901536,4074860,914
6.791901536,4075390,530
6.794050140,4076320,930
6.794050140,4076834,514
6.796198744,4077780,946
6.796198744,4078278,498
6.798430897,4079240,962
6.798430897,4079722,482
6.800579501,4080700,978
6.800579501,4081166,466
6.802728105,4082160,994
6.802728105,4082610,450
6.804877109,4083620,1010
6.804877109,4084054,434
6.807032276,4085080,1026
6.807032276,4085498,418
6.809180880,4086540,1042
6.809180880,4086942,402
6.811329484,4088000,1058
6.811329484,4088386,386
6.813478088,4089460,1074
6.813478088,4089830,370
6.815710241,4090920,1090
6.815710241,4091274,354
6.817858845,4092380,1106
6.817858845,4092718,338
6.820007449,4093840,1122
6.820007449,4094162,322
6.822156053,4095300,1138
6.822156053,4095606,306
6.824304657,4096760,1154
6.824304657,4097050,290
6.826543772,4098220,1170
6.826543772,4098494,274
6.828692376,4099680,1186
6.828692376,4099938,258
6.830840980,4101140,1202
6.830840980,4101382,242
6.832989584,4102600,1218
6.832989584,4102826,226
6.835138188,4104060,1234
6.835138188,4104270,210
6.837286792,4105520,1250
6.837286792,4105714,194
6.839435396,4106980,1266
6.839435396,4107158,178
6.841584000,4108440,1282
6.841584000,4108602,162
6.843816153,4109900,1298
6.843816153,4110046,146
6.845965157,4111360,1314
6.845965157,4111490,130
6.848120324,4112820,1330
6.848120324,4112934,114
6.850268928,4114280,1346
6.850268928,4114378,98
6.852417532,4115740,1362
6.852417532,4115822,82
6.854646405,4117200,1378
6.854646405,4118710,1510
6.855465632,4120120,1410
6.855465632,4120154,34
6.857872865,4121580,1426
6.857872865,4121598,18
6.860280098,4123040,1442
6.860280098,4123042,2
6.862781477,4124494,1452
6.865197677,4124500,6
6.865197677,4125939,1439
6.867606471,4125960,21
6.867606471,4127384,1424
6.870015265,4127420,36
6.870015265,4128829,1409
6.872424059,4128880,51
6.872424059,4130274,1394
6.874832853,4130340,66
6.874832853,4131718,1378
6.877241647,4131800,82
6.877241647,4133162,1362
6.879650441,4133260,98
6.879650441,4134606,1346
6.882152901,4134720,114
6.882152901,4136050,1330
6.884561695,4136180,130
6.884561695,4137494,1314
6.886970889,4137640,146
6.886970889,4138938,1298
6.889387089,4139100,162
6.889387089,4140382,1282
6.891795883,4140560,178
6.891795883,4141826,1266
6.894298343,4142020,194
6.894298343,4143270,1250
6.896707137,4143480,210
6.896707137,4144714,1234
6.899115931,4144940,226
6.899115931,4146158,1218
6.901524725,4146400,242
6.901524725,4147602,1202
6.903933519,4147860,258
6.903933519,4149046,1186
6.906342313,4149320,274
6.906342313,4150490,1170
6.908751107,4150780,290
6.908751107,4151934,1154
6.911160301,4152240,306
6.911160301,4153378,1138
6.913670167,4153700,322
6.913670167,4154822,1122
6.916078961,4155160,338
6.916078961,4156266,1106
6.918487755,4156620,354
6.918487755,4157710,1090
6.920896549,4158080,370
6.920896549,4159154,1074
6.923305343,4159540,386
6.923305343,4160598,1058
6.925714137,4161000,402
6.925714137,4162042,1042
6.928216597,4162460,418
6.928216597,4163486,1026
6.930625391,4163920,434
6.930625391,4164930,1010
6.933034585,4165380,450
6.933034585,4166374,994
6.935450785,4166840,466
6.935450785,4167818,978
6.937859579,4168300,482
6.937859579,4169262,962
6.940268373,4169760,498
6.940268373,4170706,946
6.942677167,4171220,514
6.942677167,4172150,930
6.945085961,4172680,530
6.945085961,4173594,914
6.947588421,4174140,546
6.947588421,4175038,898
6.949997215,4175600,562
6.949997215,4176482,882
6.952406009,4177060,578
6.952406009,4177926,866
6.954782904,4178520,594
6.954782904,4179370,850
6.957160199,4179980,610
6.957160199,4180814,834
6.959636823,4181440,626
6.959636823,4182258,818
6.962013718,4182900,642
6.962013718,4183702,802
6.964390613,4184360,658
6.964390613,4185146,786
6.966767508,4185820,674
6.966767508,4186590,770
6.969144403,4187280,690
6.969144403,4188034,754
6.971613724,4188740,706
6.971613724,4189478,738
6.973990619,4190200,722
6.973990619,4190922,722
6.976367514,4191660,738
6.976367514,4192366,706
6.978744809,4193120,754
6.978744809,4193810,690
6.981129007,4194580,770
6.981129007,4195254,674
6.983505902,4196040,786
6.983505902,4196698,658
6.985882797,4197500,802
6.985882797,4198142,642
6.988259692,4198960,818
6.988259692,4199586,626
6.990729013,4200420,834
6.990729013,4201030,610
6.993105908,4201880,850
6.993105908,4202474,594
6.995482803,4203340,866
6.995482803,4203918,578
6.997859698,4204800,882
6.997859698,4205362,562
7.000236593,4206260,898
7.000236593,4206806,546
7.002713616,4207720,914
7.002713616,4208250,530
7.005090511,4209180,930
7.005090511,4209694,514
7.007467406,4210640,946
7.007467406,4211138,498
7.009844301,4212100,962
7.009844301,4212582,482
7.012221196,4213560,978
7.012221196,4214026,466
7.014598091,4215020,994
7.014598091,4215470,450
7.016974986,4216480,1010
7.016974986,4216914,434
7.019351881,4217940,1026
7.019351881,4218358,418
7.021821202,4219400,1042
7.021821202,4219802,402
7.024198497,4220860,1058
7.024198497,4221246,386
7.026582695,4222320,1074
7.026582695,4222690,370
7.028959590,4223780,1090
7.028959590,4224134,354
7.031336485,4225240,1106
7.031336485,4225578,338
7.033805806,4226700,1122
7.033805806,4227022,322
7.036182701,4228160,1138
7.036182701,4228466,306
7.038559596,4229620,1154
7.038559596,4229910,290
7.040936491,4231080,1170
7.040936491,4231354,274
7.043313386,4232540,1186
7.043313386,4232798,258
7.045690281,4234000,1202
7.045690281,4234242,242
7.048067576,4235460,1218
7.048067576,4235686,226
7.051386281,4236920,1234
7.051386281,4237130,210
7.053589140,4238380,1250
7.053589140,4238574,194
7.055646505,4239840,1266
7.055646505,4240018,178
7.057703870,4241300,1282
7.057703870,4241462,162
7.059761235,4242760,1298
7.059761235,4242906,146
7.061818600,4244220,1314
7.061818600,4244350,130
7.063955966,4245680,1330
7.063955966,4245794,114
7.066013331,4247140,1346
7.066013331,4247238,98
7.068071096,4248600,1362
7.068071096,4248682,82
7.070134728,4250060,1378
7.070134728,4250126,66
7.072192013,4251520,1394
7.072192013,4251570,50
7.074328046,4252980,1410
7.074328046,4253014,34
7.076384078,4254440,1426
7.076384078,4254458,18
7.078440110,4255900,1442
7.078440110,4255902,2
7.080496222,4257354,1452
7.082553587,4257360,6
7.082553587,4258799,1439
7.084610952,4258820,21
7.084610952,4260244,1424
7.086668317,4260280,36
7.086668317,4261689,1409
7.088726082,4261740,51
7.088726082,4263134,1394
7.090869715,4263200,66
7.090869715,4264578,1378
7.092927080,4264660,82
7.092927080,4266022,1362
7.094984445,4266120,98
7.094984445,4267466,1346
7.097041810,4267580,114
7.097041810,4268910,1330
7.099099175,4269040,130
7.099099175,4270354,1314
7.101236541,4270500,146
7.101236541,4271798,1298
7.103293906,4271960,162
7.103293906,4273242,1282
7.105351271,4273420,178
7.105351271,4274686,1266
7.107409036,4274880,194
7.107409036,4276130,1250
7.109472668,4276340,210
7.109472668,4277574,1234
7.111530033,4277800,226
7.111530033,4279018,1218
7.113587398,4279260,242
7.113587398,4280462,1202
7.115644763,4280720,258
7.115644763,4281906,1186
7.117782129,4282180,274
7.117782129,4283350,1170
7.119839494,4283640,290
7.119839494,4284794,1154
7.121896859,4285100,306
7.121896859,4286238,1138
7.123954224,4286560,322
7.123954224,4287682,1122
7.126011589,4288020,338
7.126011589,4289126,1106
7.128069354,4289480,354
7.128069354,4290570,1090
7.130212987,4290940,370
7.130212987,4292014,1074
7.132270352,4292400,386
7.132270352,4293458,1058
7.134327717,4293860,402
7.134327717,4294902,1042
7.136385082,4295320,418
7.136385082,4296346,1026
7.138442447,4296780,434
7.138442447,4297790,1010
7.140499812,4298240,450
7.140499812,4299234,994
7.142557177,4299700,466
7.142557177,4300678,978
7.144694543,4301160,482
7.144694543,4302122,962
7.146752308,4302620,498
7.146752308,4303566,946
7.148815940,4304080,514
7.148815940,4305010,930
7.150873305,4305540,530
7.150873305,4306454,914
7.153874906,4307000,546
7.153874906,4307898,898
7.156448417,4308460,562
7.156448417,4309342,882
7.158871926,4309920,578
7.158871926,4310786,866
7.161295435,4311380,594
7.161295435,4312230,850
7.163718944,4312840,610
7.163718944,4313674,834
7.166142453,4314300,626
7.166142453,4315118,818
7.168565962,4315760,642
7.168565962,4316562,802
7.171091563,4317220,658
7.171091563,4318006,786
7.173515072,4318680,674
7.173515072,4319450,770
7.175938581,4320140,690
7.175938581,4320894,754
7.178362090,4321600,706
7.178362090,4322338,738
7.180785599,4323060,722
7.180785599,4323782,722
7.183209108,4324520,738
7.183209108,4325226,706
7.185632617,4325980,754
7.185632617,4326670,690
7.188150364,4327440,770
7.188150364,4328114,674
7.190573873,4328900,786
7.190573873,4329558,658
7.192997782,4330360,802
7.192997782,4331002,642
7.195428744,4331820,818
7.195428744,4332446,626
7.197852253,4333280,834
7.197852253,4333890,610
7.200275762,4334740,850
7.200275762,4335334,594
7.202793509,4336200,866
7.202793509,4336778,578
7.205217018,4337660,882
7.205217018,4338222,562
7.207640527,4339120,898
7.207640527,4339666,546
7.210064036,4340580,914
7.210064036,4341110,530
7.212487545,4342040,930
7.212487545,4342554,514
7.214911054,4343500,946
7.214911054,4343998,498
7.217334963,4344960,962
7.217334963,4345442,482
7.219860163,4346420,978
7.219860163,4346886,466
7.222283672,4347880,994
7.222283672,4348330,450
7.224707181,4349340,1010
7.224707181,4349774,434
7.227130690,4350800,1026
7.227130690,4351218,418
7.229554199,4352260,1042
7.229554199,4352662,402
7.231977708,4353720,1058
7.231977708,4354106,386
7.234495455,4355180,1074
7.234495455,4355550,370
7.236918964,4356640,1090
7.236918964,4356994,354
7.239342873,4358100,1106
7.239342873,4358438,338
7.241773835,4359560,1122
7.241773835,4359882,322
7.244197344,4361020,1138
7.244197344,4361326,306
7.246715091,4362480,1154
7.246715091,4362770,290
7.249138600,4363940,1170
7.249138600,4364214,274
7.251562109,4365400,1186
7.251562109,4365658,258
7.253982338,4366860,1202
7.253982338,4367102,242
7.255157561,4368320,1218
7.255157561,4368546,226
7.257329504,4369780,1234
7.257329504,4369990,210
7.259501447,4371240,1250
7.259501447,4371434,194
7.261764884,4372700,1266
7.261764884,4372878,178
7.263936827,4374160,1282
7.263936827,4374322,162
7.266108770,4375620,1298
7.266108770,4375766,146
7.268280713,4377080,1314
7.268280713,4377210,130
7.270452656,4378540,1330
7.270452656,4378654,114
7.272624599,4380000,1346
7.272624599,4380098,98
7.274880998,4381460,1362
7.274880998,4381542,82
7.277052941,4382920,1378
7.277052941,4382986,66
7.279224804,4384380,1394
7.279224804,4384430,50
7.281395739,4385840,1410
7.281395739,4385874,34
7.283572912,4387300,1426
7.283572912,4387318,18
7.285743447,4388760,1442
7.285743447,4388762,2
7.287914062,4390214,1452
7.290170461,4390220,6
7.290170461,4391659,1439
7.292342404,4391680,21
7.292342404,4393104,1424
7.294514347,4393140,36
7.294514347,4394549,1409
7.296686290,4394600,51
7.296686290,4395994,1394
7.298858233,4396060,66
7.298858233,4397438,1378
7.301030176,4397520,82
7.301030176,4398882,1362
7.303293613,4398980,98
7.303293613,4400326,1346
7.305465556,4400440,114
7.305465556,4401770,1330
7.307637499,4401900,130
7.307637499,4403214,1314
7.309809442,4403360,146
7.309809442,4404658,1298
7.311981385,4404820,162
7.311981385,4406102,1282
7.314153328,4406280,178
7.314153328,4407546,1266
7.316325271,4407740,194
7.316325271,4408990,1250
7.318581670,4409200,210
7.318581670,4410434,1234
7.320753613,4410660,226
7.320753613,4411878,1218
7.322925956,4412120,242
7.322925956,4413322,1202
7.325104537,4413580,258
7.325104537,4414766,1186
7.327276480,4415040,274
7.327276480,4416210,1170
7.329448423,4416500,290
7.329448423,4417654,1154
7.331704822,4417960,306
7.331704822,4419098,1138
7.333876765,4419420,322
7.333876765,4420542,1122
7.336048708,4420880,338
7.336048708,4421986,1106
7.338220651,4422340,354
7.338220651,4423430,1090
7.340392594,4423800,370
7.340392594,4424874,1074
7.342649393,4425260,386
7.342649393,4426318,1058
7.344827974,4426720,402
7.344827974,4427762,1042
7.346999917,4428180,418
7.346999917,4429206,1026
7.349171860,4429640,434
7.349171860,4430650,1010
7.352286621,4431100,450
7.352286621,4432094,994
7.354713943,4432560,466
7.354713943,4433538,978
7.357084083,4434020,482
7.357084083,4434982,962
7.359546386,4435480,498
7.359546386,4436426,946
7.361916526,4436940,514
7.361916526,4437870,930
7.364286666,4438400,530
7.364286666,4439314,914
7.366657206,4439860,546
7.366657206,4440758,898
7.369034626,4441320,562
7.369034626,4442202,882
7.371404766,4442780,578
7.371404766,4443646,866
7.373867069,4444240,594
7.373867069,4445090,850
7.376237209,4445700,610
7.376237209,4446534,834
7.378607349,4447160,626
7.378607349,4447978,818
7.380977489,4448620,642
7.380977489,4449422,802
7.383347629,4450080,658
7.383347629,4450866,786
7.385717769,4451540,674
7.385717769,4452310,770
7.388087909,4453000,690
7.388087909,4453754,754
7.390557892,4454460,706
7.390557892,4455198,738
7.392928032,4455920,722
7.392928032,4456642,722
7.395298172,4457380,738
7.395298172,4458086,706
7.397668312,4458840,754
7.397668312,4459530,690
7.400038452,4460300,770
7.400038452,4460974,674
7.402408592,4461760,786
7.402408592,4462418,658
7.404870895,4463220,802
7.404870895,4463862,642
7.407241035,4464680,818
7.407241035,4465306,626
7.409611175,4466140,834
7.409611175,4466750,610
7.411981715,4467600,850
7.411981715,4468194,594
7.414359135,4469060,866
7.414359135,4469638,578
7.416729275,4470520,882
7.416729275,4471082,562
7.419099415,4471980,898
7.419099415,4472526,546
7.421561718,4473440,914
7.421561718,4473970,530
7.423931858,4474900,930
7.423931858,4475414,514
7.426301998,4476360,946
7.426301998,4476858,498
7.428672138,4477820,962
7.428672138,4478302,482
7.431042278,4479280,978
7.431042278,4479746,466
7.433412418,4480740,994
7.433412418,4481190,450
7.435882401,4482200,1010
7.435882401,4482634,434
7.438252541,4483660,1026
7.438252541,4484078,418
7.440622681,4485120,1042
7.440622681,4485522,402
7.442992821,4486580,1058
7.442992821,4486966,386
7.445362961,4488040,1074
7.445362961,4488410,370
7.447733101,4489500,1090
7.447733101,4489854,354
7.450195404,4490960,1106
7.450195404,4491298,338
7.452565544,4492420,1122
7.452565544,4492742,322
7.454815775,4493880,1138
7.454815775,4494186,306
7.457066406,4495340,1154
7.457066406,4495630,290
7.459323529,4496800,1170
7.459323529,4497074,274
7.461573760,4498260,1186
7.461573760,4498518,258
7.463823991,4499720,1202
7.463823991,4499962,242
7.466161722,4501180,1218
7.466161722,4501406,226
7.468411953,4502640,1234
7.468411953,4502850,210
7.470662184,4504100,1250
7.470662184,4504294,194
7.472912415,4505560,1266
7.472912415,4505738,178
7.475162646,4507020,1282
7.475162646,4507182,162
7.477412877,4508480,1298
7.477412877,4508626,146
7.479757900,4509940,1314
7.479757900,4510070,130
7.482008131,4511400,1330
7.482008131,4511514,114
7.484258362,4512860,1346
7.484258362,4512958,98
7.486508593,4514320,1362
7.486508593,4514402,82
7.488758824,4515780,1378
7.488758824,4515846,66
7.491008975,4517240,1394
7.491008975,4517290,50
7.493257747,4518700,1410
7.493257747,4518734,34
7.495594019,4520160,1426
7.495594019,4520178,18
7.497842791,4521620,1442
7.497842791,4521622,2
7.500092043,4523074,1452
7.502349166,4523080,6
7.502349166,4524519,1439
7.504599397,4524540,21
7.504599397,4525964,1424
7.506849628,4526000,36
7.506849628,4527409,1409
7.509187359,4527460,51
7.509187359,4528854,1394
7.511437590,4528920,66
7.511437590,4530298,1378
7.513687821,4530380,82
7.513687821,4531742,1362
7.515938052,4531840,98
7.515938052,4533186,1346
7.518188283,4533300,114
7.518188283,4534630,1330
7.520438514,4534760,130
7.520438514,4536074,1314
7.522689145,4536220,146
7.522689145,4537518,1298
7.525033768,4537680,162
7.525033768,4538962,1282
7.527283999,4539140,178
7.527283999,4540406,1266
7.529534230,4540600,194
7.529534230,4541850,1250
7.531784461,4542060,210
7.531784461,4543294,1234
7.534034692,4543520,226
7.534034692,4544738,1218
7.536372423,4544980,242
7.536372423,4546182,1202
7.538622654,4546440,258
7.538622654,4547626,1186
7.540872885,4547900,274
7.540872885,4549070,1170
7.543123516,4549360,290
7.543123516,4550514,1154
7.545380639,4550820,306
7.545380639,4551958,1138
7.547630870,4552280,322
7.547630870,4553402,1122
7.549968601,4553740,338
7.549968601,4554846,1106
7.553156179,4555200,354
7.553156179,4556290,1090
7.555383078,4556660,370
7.555383078,4557734,1074
7.557547324,4558120,386
7.557547324,4559178,1058
7.559711570,4559580,402
7.559711570,4560622,1042
7.561875816,4561040,418
7.561875816,4562066,1026
7.564040062,4562500,434
7.564040062,4563510,1010
7.566295478,4563960,450
7.566295478,4564954,994
7.568459724,4565420,466
7.568459724,4566398,978
7.570623970,4566880,482
7.570623970,4567842,962
7.572788216,4568340,498
7.572788216,4569286,946
7.574952462,4569800,514
7.574952462,4570730,930
7.577116708,4571260,530
7.577116708,4572174,914
7.579365111,4572720,546
7.579365111,4573618,898
7.581529357,4574180,562
7.581529357,4575062,882
7.583693603,4575640,578
7.583693603,4576506,866
7.585858249,4577100,594
7.585858249,4577950,850
7.588029108,4578560,610
7.588029108,4579394,834
7.590193354,4580020,626
7.590193354,4580838,818
7.592357600,4581480,642
7.592357600,4582282,802
7.594606003,4582940,658
7.594606003,4583726,786
7.596770249,4584400,674
7.596770249,4585170,770
7.598934495,4585860,690
7.598934495,4586614,754
7.601098741,4587320,706
7.601098741,4588058,738
7.603262987,4588780,722
7.603262987,4589502,722
7.605427233,4590240,738
7.605427233,4590946,706
7.607682649,4591700,754
7.607682649,4592390,690
7.609846895,4593160,770
7.609846895,4593834,674
7.612011141,4594620,786
7.612011141,4595278,658
7.614175387,4596080,802
7.614175387,4596722,642
7.616339633,4597540,818
7.616339633,4598166,626
7.618588036,4599000,834
7.618588036,4599610,610
7.620752282,4600460,850
7.620752282,4601054,594
7.622916528,4601920,866
7.622916528,4602498,578
7.625080774,4603380,882
7.625080774,4603942,562
7.627245420,4604840,898
7.627245420,4605386,546
7.629416279,4606300,914
7.629416279,4606830,530
7.631580525,4607760,930
7.631580525,4608274,514
7.633828928,4609220,946
7.633828928,4609718,498
7.635993174,4610680,962
7.635993174,4611162,482
7.638157420,4612140,978
7.638157420,4612606,466
7.640321666,4613600,994
7.640321666,4614050,450
7.642485912,4615060,1010
7.642485912,4615494,434
7.644650158,4616520,1026
7.644650158,4616938,418
7.646898961,4617980,1042
7.646898961,4618382,402
7.649069820,4619440,1058
7.649069820,4619826,386
7.651234066,4620900,1074
7.651234066,4621270,370
7.653395032,4622360,1090
7.653395032,4624158,1798
7.654768270,4625280,1122
7.654768270,4625602,322
7.656953249,4626740,1138
7.656953249,4627046,306
7.659223191,4628200,1154
7.659223191,4628490,290
7.661408170,4629660,1170
7.661408170,4629934,274
7.663593149,4631120,1186
7.663593149,4631378,258
7.665778528,4632580,1202
7.665778528,4632822,242
7.667970187,4634040,1218
7.667970187,4634266,226
7.670155166,4635500,1234
7.670155166,4635710,210
7.672425108,4636960,1250
7.672425108,4637154,194
7.674610087,4638420,1266
7.674610087,4638598,178
7.676795066,4639880,1282
7.676795066,4640042,162
7.678980045,4641340,1298
7.678980045,4641486,146
7.681165024,4642800,1314
7.681165024,4642930,130
7.683350003,4644260,1330
7.683350003,4644374,114
7.685534982,4645720,1346
7.685534982,4645818,98
7.687812004,4647180,1362
7.687812004,4647262,82
7.689996983,4648640,1378
7.689996983,4648706,66
7.692181882,4650100,1394
7.692181882,4650150,50
7.694365445,4651560,1410
7.694365445,4651594,34
7.696549008,4653020,1426
7.696549008,4653038,18
7.698732571,4654480,1442
7.698732571,4654482,2
7.701001177,4655934,1452
7.703186156,4655940,6
7.703186156,4657379,1439
7.705371135,4657400,21
7.705371135,4658824,1424
7.707556514,4658860,36
7.707556514,4660269,1409
7.709748173,4660320,51
7.709748173,4661714,1394
7.712018115,4661780,66
7.712018115,4663158,1378
7.714203094,4663240,82
7.714203094,4664602,1362
7.716388073,4664700,98
7.716388073,4666046,1346
7.718573052,4666160,114
7.718573052,4667490,1330
7.720758031,4667620,130
7.720758031,4668934,1314
7.722943010,4669080,146
7.722943010,4670378,1298
7.725127989,4670540,162
7.725127989,4671822,1282
7.727398331,4672000,178
7.727398331,4673266,1266
7.729589990,4673460,194
7.729589990,4674710,1250
7.731774969,4674920,210
7.731774969,4676154,1234
7.733959948,4676380,226
7.733959948,4677598,1218
7.736144927,4677840,242
7.736144927,4679042,1202
7.738329906,4679300,258
7.738329906,4680486,1186
7.740599848,4680760,274
7.740599848,4681930,1170
7.742784827,4682220,290
7.742784827,4683374,1154
7.744969806,4683680,306
7.744969806,4684818,1138
7.747154785,4685140,322
7.747154785,4686262,1122
7.749340164,4686600,338
7.749340164,4687706,1106
7.754472457,4688060,354
7.754472457,4689150,1090
7.756819755,4689520,370
7.756819755,4690594,1074
7.759196653,4690980,386
7.759196653,4692038,1058
7.761484585,4692440,402
7.761484585,4693482,1042
7.763772517,4693900,418
7.763772517,4694926,1026
7.766060449,4695360,434
7.766060449,4696370,1010
7.768348381,4696820,450
7.768348381,4697814,994
7.770636313,4698280,466
7.770636313,4699258,978
7.773013611,4699740,482
7.773013611,4700702,962
7.775308556,4701200,498
7.775308556,4702146,946
7.777596488,4702660,514
7.777596488,4703590,930
7.779884420,4704120,530
7.779884420,4705034,914
7.782172352,4705580,546
7.782172352,4706478,898
7.784460284,4707040,562
7.784460284,4707922,882
7.786748216,4708500,578
7.786748216,4709366,866
7.789125114,4709960,594
7.789125114,4710810,850
7.791413046,4711420,610
7.791413046,4712254,834
7.793700978,4712880,626
7.793700978,4713698,818
7.795989310,4714340,642
7.795989310,4715142,802
7.798284255,4715800,658
7.798284255,4716586,786
7.800661153,4717260,674
7.800661153,4718030,770
7.802949085,4718720,690
7.802949085,4719474,754
7.805237017,4720180,706
7.805237017,4720918,738
7.807524949,4721640,722
7.807524949,4722362,722
7.809812881,4723100,738
7.809812881,4723806,706
7.812100813,4724560,754
7.812100813,4725250,690
7.814477711,4726020,770
7.814477711,4726694,674
7.816766043,4727480,786
7.816766043,4728138,658
7.819060988,4728940,802
7.819060988,4729582,642
7.821348920,4730400,818
7.821348920,4731026,626
7.823636852,4731860,834
7.823636852,4732470,610
7.825924784,4733320,850
7.825924784,4733914,594
7.828212716,4734780,866
7.828212716,4735358,578
7.830589614,4736240,882
7.830589614,4736802,562
7.832877546,4737700,898
7.832877546,4738246,546
7.835165478,4739160,914
7.835165478,4739690,530
7.837453410,4740620,930
7.837453410,4741134,514
7.839741742,4742080,946
7.839741742,4742578,498
7.842036687,4743540,962
7.842036687,4744022,482
7.844413585,4745000,978
7.844413585,4745466,466
7.846701517,4746460,994
7.846701517,4746910,450
7.848989449,4747920,1010
7.848989449,4748354,434
7.851277381,4749380,1026
7.851277381,4749798,418
7.853562033,4750840,1042
7.853562033,4751242,402
7.854631627,4752300,1058
7.854631627,4752686,386
7.856697941,4753760,1074
7.856697941,4754130,370
7.858845004,4755220,1090
7.858845004,4755574,354
7.860917614,4756680,1106
7.860917614,4757018,338
7.862983928,4758140,1122
7.862983928,4758462,322
7.865050242,4759600,1138
7.865050242,4759906,306
7.867116556,4761060,1154
7.867116556,4761350,290
7.869182870,4762520,1170
7.869182870,4762794,274
7.871329533,4763980,1186
7.871329533,4764238,258
7.873395847,4765440,1202
7.873395847,4765682,242
7.875462161,4766900,1218
7.875462161,4767126,226
7.877528475,4768360,1234
7.877528475,4768570,210
7.879595189,4769820,1250
7.879595189,4770014,194
7.881667799,4771280,1266
7.881667799,4771458,178
7.883734113,4772740,1282
7.883734113,4772902,162
7.885880776,4774200,1298
7.885880776,4774346,146
7.887947090,4775660,1314
7.887947090,4775790,130
7.890013404,4777120,1330
7.890013404,4777234,114
7.892079718,4778580,1346
7.892079718,4778678,98
7.894146032,4780040,1362
7.894146032,4780122,82
7.896292695,4781500,1378
7.896292695,4781566,66
7.898359329,4782960,1394
7.898359329,4783010,50
7.900430599,4784420,1410
7.900430599,4784454,34
7.902495574,4785880,1426
7.902495574,4785898,18
7.904560549,4787340,1442
7.904560549,4787342,2
7.906625604,4788794,1452
7.908772267,4788800,6
7.908772267,4790239,1439
7.910838581,4790260,21
7.910838581,4791684,1424
7.912904895,4791720,36
7.912904895,4793129,1409
7.914971209,4793180,51
7.914971209,4794574,1394
7.917037523,4794640,66
7.917037523,4796018,1378
7.919104237,4796100,82
7.919104237,4797462,1362
7.921176847,4797560,98
7.921176847,4798906,1346
7.923243161,4799020,114
7.923243161,4800350,1330
7.925389824,4800480,130
7.925389824,4801794,1314
7.927456138,4801940,146
7.927456138,4803238,1298
7.929522452,4803400,162
7.929522452,4804682,1282
7.931588766,4804860,178
7.931588766,4806126,1266
7.933655080,4806320,194
7.933655080,4807570,1250
7.935721394,4807780,210
7.935721394,4809014,1234
7.937868457,4809240,226
7.937868457,4810458,1218
7.939941067,4810700,242
7.939941067,4811902,1202
7.942007381,4812160,258
7.942007381,4813346,1186
7.944073695,4813620,274
7.944073695,4814790,1170
7.946140009,4815080,290
7.946140009,4816234,1154
7.948206323,4816540,306
7.948206323,4817678,1138
7.950272637,4818000,322
7.950272637,4819122,1122
7.952416020,4819460,338
7.952416020,4820566,1106
7.953856333,4820920,354
7.953856333,4822010,1090
7.956293366,4822380,370
7.956293366,4823454,1074
7.958730799,4823840,386
7.958730799,4824898,1058
7.961175330,4825300,402
7.961175330,4826342,1042
7.963612363,4826760,418
7.963612363,4827786,1026
7.966144160,4828220,434
7.966144160,4829230,1010
7.968581193,4829680,450
7.968581193,4830674,994
7.971018226,4831140,466
7.971018226,4832118,978
7.973455259,4832600,482
7.973455259,4833562,962
7.975892292,4834060,498
7.975892292,4835006,946
7.978329325,4835520,514
7.978329325,4836450,930
7.980766358,4836980,530
7.980766358,4837894,914
7.983306052,4838440,546
7.983306052,4839338,898
7.985743085,4839900,562
7.985743085,4840782,882
7.988180118,4841360,578
7.988180118,4842226,866
7.990617151,4842820,594
7.990617151,4843670,850
7.993054184,4844280,610
7.993054184,4845114,834
7.995585981,4845740,626
7.995585981,4846558,818
7.998023014,4847200,642
7.998023014,4848002,802
8.000460047,4848660,658
8.000460047,4849446,786
8.002897080,4850120,674
8.002897080,4850890,770
8.005334513,4851580,690
8.005334513,4852334,754
8.007779044,4853040,706
8.007779044,4853778,738
8.010310841,4854500,722
8.010310841,4855222,722
8.012747874,4855960,738
8.012747874,4856666,706
8.015184907,4857420,754
8.015184907,4858110,690
8.017621940,4858880,770
8.017621940,4859554,674
8.020058973,4860340,786
8.020058973,4860998,658
8.022496006,4861800,802
8.022496006,4862442,642
8.024933039,4863260,818
8.024933039,4863886,626
8.027465236,4864720,834
8.027465236,4865330,610
8.029909767,4866180,850
8.029909767,4866774,594
8.032346800,4867640,866
8.032346800,4868218,578
8.034783833,4869100,882
8.034783833,4869662,562
8.037220866,4870560,898
8.037220866,4871106,546
8.039657899,4872020,914
8.039657899,4872550,530
8.042189696,4873480,930
8.042189696,4873994,514
8.044626729,4874940,946
8.044626729,4875438,498
8.047063762,4876400,962
8.047063762,4876882,482
8.049500795,4877860,978
8.049500795,4878326,466
8.054886874,4879320,994
8.054886874,4879770,450
8.057253310,4880780,1010
8.057253310,4881214,434
8.059561313,4882240,1026
8.059561313,4882658,418
8.061959063,4883700,1042
8.061959063,4884102,402
8.064267066,4885160,1058
8.064267066,4885546,386
8.066575069,4886620,1074
8.066575069,4886990,370
8.068883072,4888080,1090
8.068883072,4888434,354
8.071191075,4889540,1106
8.071191075,4889878,338
8.073499078,4891000,1122
8.073499078,4891322,322
8.075897228,4892460,1138
8.075897228,4892766,306
8.078212310,4893920,1154
8.078212310,4894210,290
8.080520313,4895380,1170
8.080520313,4895654,274
8.082828316,4896840,1186
8.082828316,4897098,258
8.085136319,4898300,1202
8.085136319,4898542,242
8.087444322,4899760,1218
8.087444322,4899986,226
8.089752325,4901220,1234
8.089752325,4901430,210
8.092150075,4902680,1250
8.092150075,4902874,194
8.094458078,4904140,1266
8.094458078,4904318,178
8.096766081,4905600,1282
8.096766081,4905762,162
8.099074484,4907060,1298
8.099074484,4907206,146
8.101389566,4908520,1314
8.101389566,4908650,130
8.103787316,4909980,1330
8.103787316,4910094,114
8.106095319,4911440,1346
8.106095319,4911538,98
8.108403322,4912900,1362
8.108403322,4912982,82
8.110711325,4914360,1378
8.110711325,4914426,66
8.113019248,4915820,1394
8.113019248,4915870,50
8.115325755,4917280,1410
8.115325755,4917314,34
8.117722009,4918740,1426
8.117722009,4918758,18
8.120028916,4920200,1442
8.120028916,4920202,2
8.122342582,4921654,1452
8.124650585,4921660,6
8.124650585,4923099,1439
8.126958588,4923120,21
8.126958588,4924544,1424
8.129266591,4924580,36
8.129266591,4925989,1409
8.131574594,4926040,51
8.131574594,4927434,1394
8.133882597,4927500,66
8.133882597,4928878,1378
8.136280347,4928960,82
8.136280347,4930322,1362
8.138588350,4930420,98
8.138588350,4931766,1346
8.140896353,4931880,114
8.140896353,4933210,1330
8.143204756,4933340,130
8.143204756,4934654,1314
8.145519838,4934800,146
8.145519838,4936098,1298
8.147917588,4936260,162
8.147917588,4937542,1282
8.150225591,4937720,178
8.150225591,4938986,1266
8.152533594,4939180,194
8.152533594,4940430,1250
8.154838317,4940640,210
8.154838317,4943318,2678
8.155039647,4943560,242
8.155039647,4944762,1202
8.157138672,4945020,258
8.157138672,4946206,1186
8.159237697,4946480,274
8.159237697,4947650,1170
8.161425144,4947940,290
8.161425144,4949094,1154
8.163524169,4949400,306
8.163524169,4950538,1138
8.165623194,4950860,322
8.165623194,4951982,1122
8.167722219,4952320,338
8.167722219,4953426,1106
8.169821244,4953780,354
8.169821244,4954870,1090
8.172001890,4955240,370
8.172001890,4956314,1074
8.174100915,4956700,386
8.174100915,4957758,1058
8.176199940,4958160,402
8.176199940,4959202,1042
8.178298965,4959620,418
8.178298965,4960646,1026
8.180398390,4961080,434
8.180398390,4962090,1010
8.182503817,4962540,450
8.182503817,4963534,994
8.184602842,4964000,466
8.184602842,4964978,978
8.186783488,4965460,482
8.186783488,4966422,962
8.188882513,4966920,498
8.188882513,4967866,946
8.190981538,4968380,514
8.190981538,4969310,930
8.193080563,4969840,530
8.193080563,4970754,914
8.195179588,4971300,546
8.195179588,4972198,898
8.197278613,4972760,562
8.197278613,4973642,882
8.199459659,4974220,578
8.199459659,4975086,866
8.201565086,4975680,594
8.201565086,4976530,850
8.203664111,4977140,610
8.203664111,4977974,834
8.205763136,4978600,626
8.205763136,4979418,818
8.207862161,4980060,642
8.207862161,4980862,802
8.210042807,4981520,658
8.210042807,4982306,786
8.212141832,4982980,674
8.212141832,4983750,770
8.214240857,4984440,690
8.214240857,4985194,754
8.216339882,4985900,706
8.216339882,4986638,738
8.218438907,4987360,722
8.218438907,4988082,722
8.220538332,4988820,738
8.220538332,4989526,706
8.222643759,4990280,754
8.222643759,4990970,690
8.224742784,4991740,770
8.224742784,4992414,674
8.226923430,4993200,786
8.226923430,4993858,658
8.229022455,4994660,802
8.229022455,4995302,642
8.231121480,4996120,818
8.231121480,4996746,626
8.233220505,4997580,834
8.233220505,4998190,610
8.235319530,4999040,850
8.235319530,4999634,594
8.237500176,5000500,866
8.237500176,5001078,578
8.239599601,5001960,882
8.239599601,5002522,562
8.241705028,5003420,898
8.241705028,5003966,546
8.243804053,5004880,914
8.243804053,5005410,530
8.245903078,5006340,930
8.245903078,5006854,514
8.248002103,5007800,946
8.248002103,5008298,498
8.250101128,5009260,962
8.250101128,5009742,482
8.256172805,5010720,978
8.256172805,5011186,466
8.258324263,5012180,994
8.258324263,5012630,450
8.260395193,5013640,1010
8.260395193,5014074,434
8.262466123,5015100,1026
8.262466123,5015518,418
8.264537453,5016560,1042
8.264537453,5016962,402
8.266614694,5018020,1058
8.266614694,5018406,386
8.268766152,5019480,1074
8.268766152,5019850,370
8.270837082,5020940,1090
8.270837082,5021294,354
8.272908012,5022400,1106
8.272908012,5022738,338
8.274978942,5023860,1122
8.274978942,5024182,322
8.277049872,5025320,1138
8.277049872,5025626,306
8.279201330,5026780,1154
8.279201330,5027070,290
8.281272260,5028240,1170
8.281272260,5028514,274
8.283343590,5029700,1186
8.283343590,5029958,258
8.285420831,5031160,1202
8.285420831,5031402,242
8.287491761,5032620,1218
8.287491761,5032846,226
8.289562691,5034080,1234
8.289562691,5034290,210
8.291633621,5035540,1250
8.291633621,5035734,194
8.293704551,5037000,1266
8.293704551,5037178,178
8.295856009,5038460,1282
8.295856009,5038622,162
8.297926939,5039920,1298
8.297926939,5040066,146
8.299997869,5041380,1314
8.299997869,5041510,130
8.302068799,5042840,1330
8.302068799,5042954,114
8.304140129,5044300,1346
8.304140129,5044398,98
8.306297898,5045760,1362
8.306297898,5045842,82
8.308368828,5047220,1378
8.308368828,5047286,66
8.310439678,5048680,1394
8.310439678,5048730,50
8.312509266,5050140,1410
8.312509266,5050174,34
8.314578854,5051600,1426
8.314578854,5051618,18
8.316648442,5053060,1442
8.316648442,5053062,2
8.318718110,5054514,1452
8.320789040,5054520,6
8.320789040,5055959,1439
8.322940898,5055980,21
8.322940898,5057404,1424
8.325018139,5057440,36
8.325018139,5058849,1409
8.327089069,5058900,51
8.327089069,5060294,1394
8.329159999,5060360,66
8.329159999,5061738,1378
8.331230929,5061820,82
8.331230929,5063182,1362
8.333382387,5063280,98
8.333382387,5064626,1346
8.335453317,5064740,114
8.335453317,5066070,1330
8.337524247,5066200,130
8.337524247,5067514,1314
8.339595177,5067660,146
8.339595177,5068958,1298
8.341666107,5069120,162
8.341666107,5070402,1282
8.343737437,5070580,178
8.343737437,5071846,1266
8.345814678,5072040,194
8.345814678,5073290,1250
8.347885608,5073500,210
8.347885608,5074734,1234
8.350037066,5074960,226
8.350037066,5076178,1218
8.352107996,5076420,242
8.352107996,5077622,1202
8.354178926,5077880,258
8.354178926,5079066,1186
8.356454753,5079340,274
8.356454753,5080510,1170
8.358730580,5080800,290
8.358730580,5081954,1154
8.361094903,5082260,306
8.361094903,5083398,1138
8.363371130,5083720,322
8.363371130,5084842,1122
8.365653932,5085180,338
8.365653932,5086286,1106
8.367929759,5086640,354
8.367929759,5087730,1090
8.370205586,5088100,370
8.370205586,5089174,1074
8.372569909,5089560,386
8.372569909,5090618,1058
8.374845736,5091020,402
8.374845736,5092062,1042
8.377121563,5092480,418
8.377121563,5093506,1026
8.379397390,5093940,434
8.379397390,5094950,1010
8.381673217,5095400,450
8.381673217,5096394,994
8.383949044,5096860,466
8.383949044,5097838,978
8.386225271,5098320,482
8.386225271,5099282,962
8.388508073,5099780,498
8.388508073,5100726,946
8.390872396,5101240,514
8.390872396,5102170,930
8.393148223,5102700,530
8.393148223,5103614,914
8.395424050,5104160,546
8.395424050,5105058,898
8.397699877,5105620,562
8.397699877,5106502,882
8.399975704,5107080,578
8.399975704,5107946,866
8.402340027,5108540,594
8.402340027,5109390,850
8.404615854,5110000,610
8.404615854,5110834,834
8.406892081,5111460,626
8.406892081,5112278,818
8.409174883,5112920,642
8.409174883,5113722,802
8.411450710,5114380,658
8.411450710,5115166,786
8.413726537,5115840,674
8.413726537,5116610,770
8.416002364,5117300,690
8.416002364,5118054,754
8.418278191,5118760,706
8.418278191,5119498,738
8.420642514,5120220,722
8.420642514,5120942,722
8.422918341,5121680,738
8.422918341,5122386,706
8.425194168,5123140,754
8.425194168,5123830,690
8.427469995,5124600,770
8.427469995,5125274,674
8.429746222,5126060,786
8.429746222,5126718,658
8.432029024,5127520,802
8.432029024,5128162,642
8.434393347,5128980,818
8.434393347,5129606,626
8.436669174,5130440,834
8.436669174,5131050,610
8.438945001,5131900,850
8.438945001,5132494,594
8.441220828,5133360,866
8.441220828,5133938,578
8.443496655,5134820,882
8.443496655,5135382,562
8.445860978,5136280,898
8.445860978,5136826,546
8.448136805,5137740,914
8.448136805,5138270,530
8.450413032,5139200,930
8.450413032,5139714,514
8.452695834,5140660,946
8.452695834,5141158,498
8.454968381,5142120,962
8.454968381,5142602,482
8.455133407,5143580,978
8.455133407,5144046,466
8.457295153,5145040,994
8.457295153,5145490,450
8.459456899,5146500,1010
8.459456899,5146934,434
8.461702705,5147960,1026
8.461702705,5148378,418
8.463864451,5149420,1042
8.463864451,5149822,402
8.466026197,5150880,1058
8.466026197,5151266,386
8.468187943,5152340,1074
8.468187943,5152710,370
8.470350089,5153800,1090
8.470350089,5154154,354
8.472602500,5155260,1106
8.472602500,5155598,338
8.474764246,5156720,1122
8.474764246,5157042,322
8.476925992,5158180,1138
8.476925992,5158486,306
8.479087738,5159640,1154
8.479087738,5159930,290
8.481249484,5161100,1170
8.481249484,5161374,274
8.483411230,5162560,1186
8.483411230,5162818,258
8.485572976,5164020,1202
8.485572976,5164262,242
8.487734722,5165480,1218
8.487734722,5165706,226
8.489980928,5166940,1234
8.489980928,5167150,210
8.492149279,5168400,1250
8.492149279,5168594,194
8.494311025,5169860,1266
8.494311025,5170038,178
8.496472771,5171320,1282
8.496472771,5171482,162
8.498634517,5172780,1298
8.498634517,5172926,146
8.500880323,5174240,1314
8.500880323,5174370,130
8.503042069,5175700,1330
8.503042069,5175814,114
8.505203815,5177160,1346
8.505203815,5177258,98
8.507365561,5178620,1362
8.507365561,5178702,82
8.509527307,5180080,1378
8.509527307,5180146,66
8.511689373,5181540,1394
8.511689373,5181590,50
8.513856323,5183000,1410
8.513856323,5183034,34
8.516016668,5184460,1426
8.516016668,5184478,18
8.518261073,5185920,1442
8.518261073,5185922,2
8.520421498,5187374,1452
8.522583244,5187380,6
8.522583244,5188819,1439
8.524744990,5188840,21
8.524744990,5190264,1424
8.526906736,5190300,36
8.526906736,5191709,1409
8.529152542,5191760,51
8.529152542,5193154,1394
8.531314688,5193220,66
8.531314688,5194598,1378
8.533483039,5194680,82
8.533483039,5196042,1362
8.535644785,5196140,98
8.535644785,5197486,1346
8.537806531,5197600,114
8.537806531,5198930,1330
8.540052337,5199060,130
8.540052337,5200374,1314
8.542214083,5200520,146
8.542214083,5201818,1298
8.544375829,5201980,162
8.544375829,5203262,1282
8.546537575,5203440,178
8.546537575,5204706,1266
8.548699321,5204900,194
8.548699321,5206150,1250
8.550861067,5206360,210
8.550861067,5207594,1234
8.553023213,5207820,226
8.553023213,5209038,1218
8.555231007,5209280,242
8.555231007,5210482,1202
8.557517656,5210740,258
8.557517656,5211926,1186
8.559718717,5212200,274
8.559718717,5213370,1170
8.561919778,5213660,290
8.561919778,5214814,1154
8.564120839,5215120,306
8.564120839,5216258,1138
8.566321900,5216580,322
8.566321900,5217702,1122
8.568608549,5218040,338
8.568608549,5219146,1106
8.570809610,5219500,354
8.570809610,5220590,1090
8.573011071,5220960,370
8.573011071,5222034,1074
8.575218865,5222420,386
8.575218865,5223478,1058
8.577419926,5223880,402
8.577419926,5224922,1042
8.579620987,5225340,418
8.579620987,5226366,1026
8.581822048,5226800,434
8.581822048,5227810,1010
8.584023109,5228260,450
8.584023109,5229254,994
8.586309758,5229720,466
8.586309758,5230698,978
8.588510819,5231180,482
8.588510819,5232142,962
8.590711880,5232640,498
8.590711880,5233586,946
8.592912941,5234100,514
8.592912941,5235030,930
8.595114402,5235560,530
8.595114402,5236474,914
8.597407784,5237020,546
8.597407784,5237918,898
8.599608845,5238480,562
8.599608845,5239362,882
8.601809906,5239940,578
8.601809906,5240806,866
8.604010967,5241400,594
8.604010967,5242250,850
8.604878524,5242800,550
