1.05209	0	0	0	0	
1.15427	0	1200	1200	0	
1.15614	0	2400	2400	0	
1.15838	1	0	0	0	
1.16064	1	1456	1456	0	
1.16064	1	1460	1460	0	
1.16476	1	2905	2905	0	
1.16476	1	2920	2920	0	
1.17476	1	4354	4354	0	
1.17476	1	4380	4380	0	
1.26747	1	5803	5803	0	
1.26747	1	5840	5840	0	
1.26991	1	7252	7252	0	
1.26991	1	7300	7300	0	
1.27236	1	8701	8701	0	
1.27236	1	8760	8760	0	
1.2748	1	10150	10150	0	
1.2748	1	10220	10220	0	
1.27724	1	11598	11598	0	
1.27724	1	11680	11680	0	
1.27968	1	13046	13046	0	
1.27968	1	13140	13140	0	
1.28747	1	14494	14494	0	
1.28747	1	14600	14600	0	
1.28992	1	15942	15942	0	
1.28992	1	16060	16060	0	
1.37508	1	17390	17390	0	
1.37508	1	17520	17520	0	
1.37752	1	18834	18834	0	
1.37752	1	18980	18980	0	
1.37997	1	20278	20278	0	
1.37997	1	20440	20440	0	
1.38242	1	21722	21722	0	
1.38242	1	21900	21900	0	
1.38487	1	23166	23166	0	
1.38487	1	23360	23360	0	
1.38732	1	24610	24610	0	
1.38732	1	24820	24820	0	
1.38977	1	26054	26054	0	
1.38977	1	26280	26280	0	
1.39221	1	27498	27498	0	
1.39221	1	27740	27740	0	
1.39466	1	28942	28942	0	
1.39466	1	29200	29200	0	
1.3971	1	30386	30386	0	
1.3971	1	30660	30660	0	
1.39955	1	31830	31830	0	
1.39955	1	32120	32120	0	
1.402	1	33274	33274	0	
1.402	1	33580	33580	0	
1.40453	1	34718	34718	0	
1.40453	1	35040	35040	0	
1.40698	1	36162	36162	0	
1.40698	1	36500	36500	0	
1.40942	1	37606	37606	0	
1.40942	1	37960	37960	0	
1.41187	1	39050	39050	0	
1.41187	1	39420	39420	0	
1.48263	1	40494	40494	0	
1.48263	1	40880	40880	0	
1.485	1	41938	41938	0	
1.485	1	42340	42340	0	
1.48738	1	43382	43382	0	
1.48738	1	43800	43800	0	
1.48975	1	44826	44826	0	
1.48975	1	45260	45260	0	
1.49212	1	46270	46270	0	
1.49212	1	46720	46720	0	
1.49449	1	47714	47714	0	
1.49449	1	48180	48180	0	
1.49686	1	49158	49158	0	
1.49686	1	49640	49640	0	
1.49923	1	50602	50602	0	
1.49923	1	51100	51100	0	
1.50159	1	52046	52046	0	
1.50159	1	52560	52560	0	
1.50396	1	53490	53490	0	
1.50396	1	54020	54020	0	
1.50633	1	54934	54934	0	
1.50633	1	55480	55480	0	
1.5087	1	56378	56378	0	
1.5087	1	56940	56940	0	
1.51107	1	57822	57822	0	
1.51107	1	58400	58400	0	
1.51344	1	59266	59266	0	
1.51344	1	59860	59860	0	
1.51581	1	60710	60710	0	
1.51581	1	61320	61320	0	
1.51818	1	62154	62154	0	
1.51818	1	62780	62780	0	
1.52054	1	63598	63598	0	
1.52054	1	64240	64240	0	
1.52291	1	65042	65042	0	
1.52291	1	65700	65700	0	
1.52537	1	66486	66486	0	
1.52537	1	67160	67160	0	
1.52773	1	67930	67930	0	
1.52773	1	68620	68620	0	
1.5301	1	69374	69374	0	
1.5301	1	70080	70080	0	
1.53247	1	70818	70818	0	
1.53247	1	71540	71540	0	
1.53484	1	72262	72262	0	
1.53484	1	73000	73000	0	
1.53721	1	73706	73706	0	
1.53721	1	74460	74460	0	
1.53958	1	75150	75150	0	
1.53958	1	75920	75920	0	
1.54195	1	76594	76594	0	
1.54195	1	77380	77380	0	
1.54432	1	78038	78038	0	
1.54432	1	78840	78840	0	
1.54668	1	79482	79482	0	
1.54668	1	80300	80300	0	
1.54914	1	80926	80926	0	
1.54914	1	81760	81760	0	
1.55151	1	82370	82370	0	
1.55151	1	83220	83220	0	
1.55378	1	83814	83814	0	
1.55378	1	84680	84680	0	
1.55606	1	85258	85258	0	
1.55606	1	86140	86140	0	
1.58755	1	86702	86702	0	
1.58755	1	87600	87600	0	
1.58983	1	88146	88146	0	
1.58983	1	89060	89060	0	
1.5921	1	89590	89590	0	
1.5921	1	90520	90520	0	
1.59437	1	91034	91034	0	
1.59437	1	91980	91980	0	
1.59665	1	92478	92478	0	
1.59665	1	93440	93440	0	
1.59892	1	93922	93922	0	
1.59892	1	94900	94900	0	
1.6012	1	95366	95366	0	
1.6012	1	96360	96360	0	
1.60347	1	96810	96810	0	
1.60347	1	97820	97820	0	
1.60575	1	98254	98254	0	
1.60575	1	99280	99280	0	
1.60802	1	99698	99698	0	
1.60802	1	100740	100740	0	
1.61039	1	101142	101142	0	
1.61039	1	102200	102200	0	
1.61266	1	102586	102586	0	
1.61266	1	103660	103660	0	
1.61494	1	104030	104030	0	
1.61494	1	105120	105120	0	
1.61721	1	105474	105474	0	
1.61721	1	106580	106580	0	
1.61948	1	106918	106918	0	
1.61948	1	108040	108040	0	
1.62176	1	108362	108362	0	
1.62176	1	109500	109500	0	
1.62403	1	109806	109806	0	
1.62403	1	110960	110960	0	
1.62631	1	111250	111250	0	
1.62631	1	112420	112420	0	
1.62858	1	112694	112694	0	
1.62858	1	113880	113880	0	
1.63086	1	114138	114138	0	
1.63086	1	115340	115340	0	
1.63313	1	115582	115582	0	
1.63313	1	116800	116800	0	
1.63541	1	117026	117026	0	
1.63541	1	118260	118260	0	
1.63777	1	118470	118470	0	
1.63777	1	119720	119720	0	
1.64005	1	119914	119914	0	
1.64005	1	121180	121180	0	
1.64232	1	121358	121358	0	
1.64232	1	122640	122640	0	
1.64459	1	122802	122802	0	
1.64459	1	124100	124100	0	
1.64687	1	124246	124246	0	
1.64687	1	125560	125560	0	
1.64914	1	125690	125690	0	
1.64914	1	127020	127020	0	
1.65142	1	127134	127134	0	
1.65142	1	128480	128480	0	
1.65367	1	128578	128578	0	
1.65367	1	129940	129940	0	
1.65592	1	130022	130022	0	
1.65592	1	131400	131400	0	
1.65818	1	131466	131466	0	
1.65818	1	132860	132860	0	
1.66043	1	132910	132910	0	
1.66043	1	134320	134320	0	
1.66268	1	134354	134354	0	
1.66268	1	135780	135780	0	
1.66501	1	135798	135798	0	
1.66501	1	137240	137240	0	
1.66726	1	137242	137242	0	
1.66952	1	138694	138694	0	
1.66952	1	138700	138700	0	
1.67177	1	140139	140139	0	
1.67177	1	140160	140160	0	
1.67402	1	141584	141584	0	
1.67402	1	141620	141620	0	
1.67627	1	143029	143029	0	
1.67627	1	143080	143080	0	
1.67852	1	144474	144474	0	
1.67852	1	144540	144540	0	
1.68078	1	145918	145918	0	
1.68078	1	146000	146000	0	
1.68303	1	147362	147362	0	
1.68303	1	147460	147460	0	
1.68529	1	148806	148806	0	
1.68529	1	148920	148920	0	
1.68754	1	150250	150250	0	
1.68754	1	150380	150380	0	
1.68979	1	151694	151694	0	
1.68979	1	151840	151840	0	
1.69204	1	153138	153138	0	
1.69204	1	153300	153300	0	
1.69429	1	154582	154582	0	
1.69429	1	154760	154760	0	
1.69654	1	156026	156026	0	
1.69654	1	156220	156220	0	
1.6988	1	157470	157470	0	
1.6988	1	157680	157680	0	
1.70113	1	158914	158914	0	
1.70113	1	159140	159140	0	
1.70339	1	160358	160358	0	
1.70339	1	160600	160600	0	
1.70564	1	161802	161802	0	
1.70564	1	162060	162060	0	
1.70789	1	163246	163246	0	
1.70789	1	163520	163520	0	
1.71015	1	164690	164690	0	
1.71015	1	164980	164980	0	
1.7124	1	166134	166134	0	
1.7124	1	166440	166440	0	
1.71465	1	167578	167578	0	
1.71465	1	167900	167900	0	
1.7169	1	169022	169022	0	
1.7169	1	169360	169360	0	
1.71915	1	170466	170466	0	
1.71915	1	170820	170820	0	
1.7214	1	171910	171910	0	
1.7214	1	172280	172280	0	
1.72374	1	173354	173354	0	
1.72374	1	173740	173740	0	
1.726	1	174798	174798	0	
1.726	1	175200	175200	0	
1.72825	1	176242	176242	0	
1.72825	1	176660	176660	0	
1.7305	1	177686	177686	0	
1.7305	1	178120	178120	0	
1.73284	1	179130	179130	0	
1.73284	1	179580	179580	0	
1.73509	1	180574	180574	0	
1.73509	1	181040	181040	0	
1.73735	1	182018	182018	0	
1.73735	1	182500	182500	0	
1.7396	1	183462	183462	0	
1.7396	1	183960	183960	0	
1.74186	1	184906	184906	0	
1.74186	1	185420	185420	0	
1.74411	1	186350	186350	0	
1.74411	1	186880	186880	0	
1.74636	1	187794	187794	0	
1.74636	1	188340	188340	0	
1.74862	1	189238	189238	0	
1.74862	1	189800	189800	0	
1.75088	1	190682	190682	0	
1.75088	1	191260	191260	0	
1.75334	1	192126	192126	0	
1.75334	1	192720	192720	0	
1.7558	1	193570	193570	0	
1.7558	1	194180	194180	0	
1.75827	1	195014	195014	0	
1.75827	1	195640	195640	0	
1.76082	1	196458	196458	0	
1.76082	1	197100	197100	0	
1.76329	1	197902	197902	0	
1.76329	1	198560	198560	0	
1.76575	1	199346	199346	0	
1.76575	1	200020	200020	0	
1.76821	1	200790	200790	0	
1.76821	1	201480	201480	0	
1.77068	1	202234	202234	0	
1.77068	1	202940	202940	0	
1.77315	1	203678	203678	0	
1.77315	1	204400	204400	0	
1.77561	1	205122	205122	0	
1.77561	1	205860	205860	0	
1.77808	1	206566	206566	0	
1.77808	1	207320	207320	0	
1.78054	1	208010	208010	0	
1.78054	1	208780	208780	0	
1.78301	1	209454	209454	0	
1.78301	1	210240	210240	0	
1.78547	1	210898	210898	0	
1.78547	1	211700	211700	0	
1.78793	1	212342	212342	0	
1.78793	1	213160	213160	0	
1.7904	1	213786	213786	0	
1.7904	1	214620	214620	0	
1.79286	1	215230	215230	0	
1.79286	1	216080	216080	0	
1.79533	1	216674	216674	0	
1.79533	1	217540	217540	0	
1.79779	1	218118	218118	0	
1.79779	1	219000	219000	0	
1.80035	1	219562	219562	0	
1.80035	1	220460	220460	0	
1.80282	1	221006	221006	0	
1.80282	1	221920	221920	0	
1.80528	1	222450	222450	0	
1.80528	1	223380	223380	0	
1.80775	1	223894	223894	0	
1.80775	1	224840	224840	0	
1.81021	1	225338	225338	0	
1.81021	1	226300	226300	0	
1.81267	1	226782	226782	0	
1.81267	1	227760	227760	0	
1.81514	1	228226	228226	0	
1.81514	1	229220	229220	0	
1.8176	1	229670	229670	0	
1.8176	1	230680	230680	0	
1.82006	1	231114	231114	0	
1.82006	1	232140	232140	0	
1.82253	1	232558	232558	0	
1.82253	1	233600	233600	0	
1.825	1	234002	234002	0	
1.825	1	235060	235060	0	
1.82746	1	235446	235446	0	
1.82746	1	236520	236520	0	
1.83002	1	236890	236890	0	
1.83002	1	237980	237980	0	
1.83248	1	238334	238334	0	
1.83248	1	239440	239440	0	
1.83495	1	239778	239778	0	
1.83495	1	240900	240900	0	
1.83741	1	241222	241222	0	
1.83741	1	242360	242360	0	
1.83988	1	242666	242666	0	
1.83988	1	243820	243820	0	
1.84234	1	244110	244110	0	
1.84234	1	245280	245280	0	
1.8448	1	245554	245554	0	
1.8448	1	246740	246740	0	
1.84727	1	246998	246998	0	
1.84727	1	248200	248200	0	
1.84974	1	248442	248442	0	
1.84974	1	249660	249660	0	
1.8522	1	249886	249886	0	
1.8522	1	251120	251120	0	
1.85468	1	251330	251330	0	
1.85468	1	252580	252580	0	
1.85707	1	252774	252774	0	
1.85707	1	254040	254040	0	
1.85947	1	254218	254218	0	
1.85947	1	255500	255500	0	
1.86186	1	255662	255662	0	
1.86186	1	256960	256960	0	
1.86425	1	257106	257106	0	
1.86425	1	258420	258420	0	
1.86664	1	258550	258550	0	
1.86664	1	259880	259880	0	
1.86903	1	259994	259994	0	
1.86903	1	261340	261340	0	
1.87142	1	261438	261438	0	
1.87142	1	262800	262800	0	
1.87382	1	262882	262882	0	
1.87382	1	264260	264260	0	
1.87621	1	264326	264326	0	
1.87621	1	265720	265720	0	
1.87871	1	265770	265770	0	
1.87871	1	267180	267180	0	
1.88104	1	267214	267214	0	
1.88104	1	268640	268640	0	
1.88831	1	268658	268658	0	
1.88831	1	270100	270100	0	
1.89217	1	270102	270102	0	
1.8945	1	271554	271554	0	
1.8945	1	271560	271560	0	
1.89683	1	272999	272999	0	
1.89683	1	273020	273020	0	
1.89917	1	274444	274444	0	
1.89917	1	274480	274480	0	
1.9015	1	275889	275889	0	
1.9015	1	275940	275940	0	
1.90393	1	277334	277334	0	
1.90393	1	277400	277400	0	
1.90626	1	278778	278778	0	
1.90626	1	278860	278860	0	
1.90859	1	280222	280222	0	
1.90859	1	280320	280320	0	
1.91092	1	281666	281666	0	
1.91092	1	281780	281780	0	
1.91325	1	283110	283110	0	
1.91325	1	283240	283240	0	
1.91559	1	284554	284554	0	
1.91559	1	284700	284700	0	
1.91792	1	285998	285998	0	
1.91792	1	286160	286160	0	
1.92025	1	287442	287442	0	
1.92025	1	287620	287620	0	
1.92258	1	288886	288886	0	
1.92258	1	289080	289080	0	
1.92491	1	290330	290330	0	
1.92491	1	290540	290540	0	
1.92734	1	291774	291774	0	
1.92734	1	292000	292000	0	
1.92967	1	293218	293218	0	
1.92967	1	293460	293460	0	
1.93201	1	294662	294662	0	
1.93201	1	294920	294920	0	
1.93434	1	296106	296106	0	
1.93434	1	296380	296380	0	
1.93667	1	297550	297550	0	
1.93667	1	297840	297840	0	
1.939	1	298994	298994	0	
1.939	1	299300	299300	0	
1.94133	1	300438	300438	0	
1.94133	1	300760	300760	0	
1.94367	1	301882	301882	0	
1.94367	1	302220	302220	0	
1.946	1	303326	303326	0	
1.946	1	303680	303680	0	
1.94833	1	304770	304770	0	
1.94833	1	305140	305140	0	
1.95066	1	306214	306214	0	
1.95066	1	306600	306600	0	
1.95294	1	307658	307658	0	
1.95294	1	308060	308060	0	
1.95522	1	309102	309102	0	
1.95522	1	309520	309520	0	
1.9575	1	310546	310546	0	
1.9575	1	310980	310980	0	
1.95979	1	311990	311990	0	
1.95979	1	312440	312440	0	
1.96207	1	313434	313434	0	
1.96207	1	313900	313900	0	
1.96435	1	314878	314878	0	
1.96435	1	315360	315360	0	
1.96669	1	316322	316322	0	
1.96669	1	316820	316820	0	
1.96918	1	317766	317766	0	
1.96918	1	318280	318280	0	
1.97152	1	319210	319210	0	
1.97152	1	319740	319740	0	
1.97387	1	320654	320654	0	
1.97387	1	321200	321200	0	
1.97622	1	322098	322098	0	
1.97622	1	322660	322660	0	
1.9785	1	323542	323542	0	
1.9785	1	324120	324120	0	
1.98078	1	324986	324986	0	
1.98078	1	325580	325580	0	
1.98306	1	326430	326430	0	
1.98306	1	327040	327040	0	
1.98534	1	327874	327874	0	
1.98534	1	328500	328500	0	
1.98762	1	329318	329318	0	
1.98762	1	329960	329960	0	
1.9899	1	330762	330762	0	
1.9899	1	331420	331420	0	
1.99227	1	332206	332206	0	
1.99227	1	332880	332880	0	
1.99455	1	333650	333650	0	
1.99455	1	334340	334340	0	
1.99683	1	335094	335094	0	
1.99683	1	335800	335800	0	
1.99911	1	336538	336538	0	
1.99911	1	337260	337260	0	
2.00139	1	337982	337982	0	
2.00139	1	338720	338720	0	
2.00367	1	339426	339426	0	
2.00367	1	340180	340180	0	
2.00595	1	340870	340870	0	
2.00595	1	341640	341640	0	
2.00824	1	342314	342314	0	
2.00824	1	343100	343100	0	
2.01052	1	343758	343758	0	
2.01052	1	344560	344560	0	
2.0128	1	345202	345202	0	
2.0128	1	346020	346020	0	
2.01508	1	346646	346646	0	
2.01508	1	347480	347480	0	
2.01736	1	348090	348090	0	
2.01736	1	348940	348940	0	
2.01973	1	349534	349534	0	
2.01973	1	350400	350400	0	
2.02201	1	350978	350978	0	
2.02201	1	351860	351860	0	
2.02429	1	352422	352422	0	
2.02429	1	353320	353320	0	
2.02657	1	353866	353866	0	
2.02657	1	354780	354780	0	
2.02885	1	355310	355310	0	
2.02885	1	356240	356240	0	
2.03113	1	356754	356754	0	
2.03113	1	357700	357700	0	
2.03341	1	358198	358198	0	
2.03341	1	359160	359160	0	
2.0357	1	359642	359642	0	
2.0357	1	360620	360620	0	
2.03798	1	361086	361086	0	
2.03798	1	362080	362080	0	
2.04026	1	362530	362530	0	
2.04026	1	363540	363540	0	
2.04254	1	363974	363974	0	
2.04254	1	365000	365000	0	
2.04482	1	365418	365418	0	
2.04482	1	366460	366460	0	
2.0471	1	366862	366862	0	
2.0471	1	367920	367920	0	
2.04938	1	368306	368306	0	
2.04938	1	369380	369380	0	
2.05175	1	369750	369750	0	
2.05175	1	370840	370840	0	
2.05406	1	371194	371194	0	
2.05406	1	372300	372300	0	
2.05637	1	372638	372638	0	
2.05637	1	373760	373760	0	
2.05868	1	374082	374082	0	
2.05868	1	375220	375220	0	
2.06099	1	375526	375526	0	
2.06099	1	376680	376680	0	
2.06331	1	376970	376970	0	
2.06331	1	378140	378140	0	
2.06562	1	378414	378414	0	
2.06562	1	379600	379600	0	
2.06793	1	379858	379858	0	
2.06793	1	381060	381060	0	
2.07024	1	381302	381302	0	
2.07024	1	382520	382520	0	
2.07255	1	382746	382746	0	
2.07255	1	383980	383980	0	
2.07486	1	384190	384190	0	
2.07486	1	385440	385440	0	
2.07717	1	385634	385634	0	
2.07717	1	386900	386900	0	
2.07957	1	387078	387078	0	
2.07957	1	388360	388360	0	
2.08188	1	388522	388522	0	
2.08188	1	389820	389820	0	
2.08419	1	389966	389966	0	
2.08419	1	391280	391280	0	
2.08651	1	391410	391410	0	
2.08651	1	392740	392740	0	
2.08882	1	392854	392854	0	
2.08882	1	394200	394200	0	
2.09113	1	394298	394298	0	
2.09113	1	395660	395660	0	
2.09344	1	395742	395742	0	
2.09344	1	397120	397120	0	
2.10065	1	397186	398630	0	
2.10065	1	397186	400040	1410	
2.10539	1	397186	400074	1444	
2.10539	1	397186	401500	2870	
2.11013	1	397186	401518	2888	
2.11013	1	397186	402960	4330	
2.11363	1	397186	402962	4332	
2.11594	1	397186	404414	5784	
2.11594	1	397186	404420	5790	
2.11825	1	397186	405859	7229	
2.11825	1	397186	405880	7250	
2.12056	1	397186	407304	8674	
2.12056	1	397186	407340	8710	
2.12288	1	397186	408749	10119	
2.12288	1	397186	408800	10170	
2.12529	1	397186	410194	11564	
2.12529	1	397186	410260	11630	
2.1276	1	397186	411638	13008	
2.1276	1	397186	411720	13090	
2.12991	1	397186	413082	14452	
2.12991	1	397186	413180	14550	
2.13222	1	397186	414526	15896	
2.13222	1	397186	414640	16010	
2.13453	1	397186	415970	17340	
2.13453	1	397186	416100	17470	
2.13684	1	397186	417414	18784	
2.13684	1	397186	417560	18930	
2.13915	1	397186	418858	20228	
2.13915	1	397186	419020	20390	
2.14146	1	397186	420302	21672	
2.14146	1	397186	420480	21850	
2.14377	1	397186	421746	23116	
2.14377	1	397186	421940	23310	
2.14608	1	397186	423190	24560	
2.14608	1	397186	423400	24770	
2.14839	1	397186	424634	26004	
2.14839	1	397186	424860	26230	
2.1507	1	397186	426078	27448	
2.1507	1	397186	426320	27690	
2.15318	1	397186	427522	28892	
2.15318	1	397186	427780	29150	
2.15563	1	397186	428966	30336	
2.15563	1	397186	429240	30610	
2.15807	1	397186	430410	31780	
2.15807	1	397186	430700	32070	
2.16052	1	397186	431854	33224	
2.16052	1	397186	432160	33530	
2.16297	1	397186	433298	34668	
2.16297	1	397186	433620	34990	
2.16541	1	397186	434742	36112	
2.16541	1	397186	435080	36450	
2.16786	1	397186	436186	37556	
2.16786	1	397186	436540	37910	
2.17024	1	397186	437630	39000	
2.17024	1	397186	438000	39370	
2.17262	1	397186	439074	40444	
2.17262	1	397186	439460	40830	
2.17501	1	397186	440518	41888	
2.17501	1	397186	440920	42290	
2.17739	1	397186	441962	43332	
2.17739	1	397186	442380	43750	
2.17977	1	397186	443406	44776	
2.17977	1	397186	443840	45210	
2.18224	1	397186	444850	46220	
2.18224	1	397186	445300	46670	
2.18463	1	397186	446294	47664	
2.18463	1	397186	446760	48130	
2.18701	1	397186	447738	49108	
2.18701	1	397186	448220	49590	
2.18939	1	397186	449182	50552	
2.18939	1	397186	449680	51050	
2.19177	1	397186	450626	51996	
2.19177	1	397186	451140	52510	
2.19415	1	397186	452070	53440	
2.19415	1	397186	452600	53970	
2.19653	1	397186	453514	54884	
2.19653	1	397186	454060	55430	
2.19892	1	397186	454958	56328	
2.19892	1	397186	455520	56890	
2.2013	1	397186	456402	57772	
2.2013	1	397186	456980	58350	
2.20368	1	397186	457846	59216	
2.20368	1	397186	458440	59810	
2.20606	1	397186	459290	60660	
2.20606	1	397186	459900	61270	
2.20844	1	397186	460734	62104	
2.20844	1	397186	461360	62730	
2.21082	1	397186	462178	63548	
2.21082	1	397186	462820	64190	
2.2132	1	397186	463622	64992	
2.2132	1	397186	464280	65650	
2.21559	1	397186	465066	66436	
2.21559	1	397186	465740	67110	
2.21797	1	397186	466510	67880	
2.21797	1	397186	467200	68570	
2.22044	1	397186	467954	69324	
2.22044	1	397186	468660	70030	
2.22283	1	397186	469398	70768	
2.22283	1	397186	470120	71490	
2.22521	1	397186	470842	72212	
2.22521	1	397186	471580	72950	
2.22759	1	397186	472286	73656	
2.22759	1	397186	473040	74410	
2.22997	1	397186	473730	75100	
2.22997	1	397186	474500	75870	
2.23235	1	397186	475174	76544	
2.23235	1	397186	475960	77330	
2.23473	1	397186	476618	77988	
2.23473	1	397186	477420	78790	
2.23711	1	397186	478062	79432	
2.23711	1	397186	478880	80250	
2.2395	1	397186	479506	80876	
2.2395	1	397186	480340	81710	
2.24188	1	397186	480950	82320	
2.24188	1	397186	481800	83170	
2.24435	1	397186	482394	83764	
2.24435	1	397186	483260	84630	
2.24674	1	397186	483838	85208	
2.24674	1	397186	484720	86090	
2.24912	1	397186	485282	86652	
2.24912	1	397186	486180	87550	
2.2515	1	397186	486726	88096	
2.2515	1	397186	487640	89010	
2.25376	1	397186	488170	89540	
2.25376	1	397186	489100	90470	
2.25601	1	397186	489614	90984	
2.25601	1	397186	490560	91930	
2.25827	1	397186	491058	92428	
2.25827	1	397186	492020	93390	
2.26053	1	397186	492502	93872	
2.26053	1	397186	493480	94850	
2.26278	1	397186	493946	95316	
2.26278	1	397186	494940	96310	
2.26504	1	397186	495390	96760	
2.26504	1	397186	496400	97770	
2.2673	1	397186	496834	98204	
2.2673	1	397186	497860	99230	
2.26955	1	397186	498278	99648	
2.26955	1	397186	499320	100690	
2.27181	1	397186	499722	101092	
2.27181	1	397186	500780	102150	
2.27407	1	397186	501166	102536	
2.27407	1	397186	502240	103610	
2.27633	1	397186	502610	103980	
2.27633	1	397186	503700	105070	
2.27896	1	397186	504054	105424	
2.27896	1	397186	505160	106530	
2.28122	1	397186	505498	106868	
2.28122	1	397186	506620	107990	
2.28347	1	397186	506942	108312	
2.28347	1	397186	508080	109450	
2.28582	1	397186	508386	109756	
2.28582	1	397186	509540	110910	
2.28808	1	397186	509830	111200	
2.28808	1	397186	511000	112370	
2.29033	1	397186	511274	112644	
2.29033	1	397186	512460	113830	
2.29259	1	397186	512718	114088	
2.29259	1	397186	513920	115290	
2.29485	1	397186	514162	115532	
2.29485	1	397186	515380	116750	
2.29711	1	397186	515606	116976	
2.29711	1	397186	516840	118210	
2.29936	1	397186	517050	118420	
2.29936	1	397186	518300	119670	
2.30162	1	397186	518494	119864	
2.30162	1	397186	519760	121130	
2.30388	1	397186	519938	121308	
2.30388	1	397186	521220	122590	
2.30613	1	397186	521382	122752	
2.30613	1	397186	522680	124050	
2.31091	1	397186	524270	124196	
2.31091	1	397186	525600	125526	
2.31554	1	397186	528602	125640	
2.31554	1	397186	529980	127018	
2.3178	1	397186	530046	127084	
2.3178	1	397186	531440	128478	
2.32005	1	397186	531490	128528	
2.32005	1	397186	532900	129938	
2.32231	1	397186	532934	129972	
2.32231	1	397186	534360	131398	
2.32457	1	397186	534378	131416	
2.32457	1	397186	535820	132858	
2.32682	1	397186	535822	132860	
2.32908	1	397186	537274	134312	
2.32908	1	397186	537280	134318	
2.33134	1	397186	538719	135757	
2.33134	1	397186	538740	135778	
2.33369	1	397186	540164	137202	
2.33369	1	397186	540200	137238	
2.33594	1	397186	541609	138647	
2.33594	1	397186	541660	138698	
2.3382	1	397186	543054	140092	
2.3382	1	397186	543120	140158	
2.34046	1	397186	544498	141536	
2.34046	1	397186	544580	141618	
2.34271	1	397186	545942	142980	
2.34271	1	397186	546040	143078	
2.34497	1	397186	547386	144424	
2.34497	1	397186	547500	144538	
2.34723	1	397186	548830	145868	
2.34723	1	397186	548960	145998	
2.34948	1	397186	550274	147312	
2.34948	1	397186	550420	147458	
2.35174	1	397186	551718	148756	
2.35174	1	397186	551880	148918	
2.35409	1	397186	553162	150200	
2.35409	1	397186	553340	150378	
2.35645	1	397186	556050	151644	
2.35645	1	397186	556260	151854	
2.3588	1	397186	557494	153088	
2.3588	1	397186	557720	153314	
2.36115	1	397186	558938	154532	
2.36115	1	397186	559180	154774	
2.36351	1	397186	560382	155976	
2.36351	1	397186	560640	156234	
2.36586	1	397186	561826	157420	
2.36586	1	397186	562100	157694	
2.36831	1	397186	563270	158864	
2.36831	1	397186	563560	159154	
2.37066	1	397186	564714	160308	
2.37066	1	397186	565020	160614	
2.37302	1	397186	566158	161752	
2.37302	1	397186	566480	162074	
2.37537	1	397186	567602	163196	
2.37537	1	397186	567940	163534	
2.37772	1	397186	569046	164640	
2.37772	1	397186	569400	164994	
2.38008	1	397186	570490	166084	
2.38008	1	397186	570860	166454	
2.38243	1	397186	571934	167528	
2.38243	1	397186	572320	167914	
2.38478	1	397186	573378	168972	
2.38478	1	397186	573780	169374	
2.38714	1	397186	574822	170416	
2.38714	1	397186	575240	170834	
2.38949	1	397186	576266	171860	
2.38949	1	397186	576700	172294	
2.39184	1	397186	577710	173304	
2.39184	1	397186	578160	173754	
2.3942	1	397186	579154	174748	
2.3942	1	397186	579620	175214	
2.39665	1	397186	580598	176192	
2.39665	1	397186	581080	176674	
2.399	1	397186	582042	177636	
2.399	1	397186	582540	178134	
2.40135	1	397186	583486	179080	
2.40135	1	397186	584000	179594	
2.40371	1	397186	584930	180524	
2.40371	1	397186	585460	181054	
2.40606	1	397186	586374	181968	
2.40606	1	397186	586920	182514	
2.40841	1	397186	587818	183412	
2.40841	1	397186	588380	183974	
2.41077	1	397186	589262	184856	
2.41077	1	397186	589840	185434	
2.41312	1	397186	590706	186300	
2.41312	1	397186	591300	186894	
2.41547	1	397186	592150	187744	
2.41547	1	397186	592760	188354	
2.41783	1	397186	593594	189188	
2.41783	1	397186	594220	189814	
2.42018	1	397186	595038	190632	
2.42018	1	397186	595680	191274	
2.42253	1	397186	596482	192076	
2.42253	1	397186	597140	192734	
2.42489	1	397186	597926	193520	
2.42489	1	397186	598600	194194	
2.42724	1	397186	599370	194964	
2.42724	1	397186	600060	195654	
2.4296	1	397186	600814	196408	
2.4296	1	397186	601520	197114	
2.43195	1	397186	602258	197852	
2.43195	1	397186	602980	198574	
2.4344	1	397186	603702	199296	
2.4344	1	397186	604440	200034	
2.43675	1	397186	605146	200740	
2.43675	1	397186	605900	201494	
2.4391	1	397186	606590	202184	
2.4391	1	397186	607360	202954	
2.44146	1	397186	608034	203628	
2.44146	1	397186	608820	204414	
2.44381	1	397186	609478	205072	
2.44381	1	397186	610280	205874	
2.44616	1	397186	610922	206516	
2.44616	1	397186	611740	207334	
2.44852	1	397186	612366	207960	
2.44852	1	397186	613200	208794	
2.45087	1	397186	613810	209404	
2.45087	1	397186	614660	210254	
2.45312	1	397186	615254	210848	
2.45312	1	397186	616120	211714	
2.45537	1	397186	616698	212292	
2.45537	1	397186	617580	213174	
2.45762	1	397186	618142	213736	
2.45762	1	397186	619040	214634	
2.45987	1	397186	619586	215180	
2.45987	1	397186	620500	216094	
2.46221	1	397186	621030	216624	
2.46221	1	397186	621960	217554	
2.46445	1	397186	622474	218068	
2.46445	1	397186	623420	219014	
2.4667	1	397186	623918	219512	
2.4667	1	397186	624880	220474	
2.46895	1	397186	625362	220956	
2.46895	1	397186	626340	221934	
2.4712	1	397186	626806	222400	
2.4712	1	397186	627800	223394	
2.47345	1	397186	628250	223844	
2.47345	1	397186	629260	224854	
2.4757	1	397186	629694	225288	
2.4757	1	397186	630720	226314	
2.47795	1	397186	631138	226732	
2.47795	1	397186	632180	227774	
2.4802	1	397186	632582	228176	
2.4802	1	397186	633640	229234	
2.48244	1	397186	634026	229620	
2.48244	1	397186	635100	230694	
2.48469	1	397186	635470	231064	
2.48469	1	397186	636560	232154	
2.48694	1	397186	636914	232508	
2.48694	1	397186	638020	233614	
2.48928	1	397186	638358	233952	
2.48928	1	397186	639480	235074	
2.49153	1	397186	639802	235396	
2.49153	1	397186	640940	236534	
2.49378	1	397186	641246	236840	
2.49378	1	397186	642400	237994	
2.49603	1	397186	642690	238284	
2.49603	1	397186	643860	239454	
2.49828	1	397186	644134	239728	
2.49828	1	397186	645320	240914	
2.50053	1	397186	645578	241172	
2.50053	1	397186	646780	242374	
2.50277	1	397186	647022	242616	
2.50277	1	397186	648240	243834	
2.50502	1	397186	648466	244060	
2.50502	1	397186	649700	245294	
2.50727	1	397186	649910	245504	
2.50727	1	397186	651160	246754	
2.50952	1	397186	651354	246948	
2.50952	1	397186	652620	248214	
2.51177	1	397186	652798	248392	
2.51177	1	397186	654080	249674	
2.51402	1	397186	654242	249836	
2.51402	1	397186	655540	251134	
2.51627	1	397186	655686	251280	
2.51627	1	397186	657000	252594	
2.51852	1	397186	657130	252724	
2.51852	1	397186	658460	254054	
2.52076	1	397186	658574	254168	
2.52076	1	397186	659920	255514	
2.52301	1	397186	660018	255612	
2.52301	1	397186	661380	256974	
2.52536	1	397186	661462	257056	
2.52536	1	397186	662840	258434	
2.52761	1	397186	662906	258500	
2.52761	1	397186	664300	259894	
2.52986	1	397186	664350	259944	
2.52986	1	397186	665760	261354	
2.53211	1	397186	665794	261388	
2.53211	1	397186	667220	262814	
2.53436	1	397186	667238	262832	
2.53436	1	397186	668680	264274	
2.5366	1	397186	668682	264276	
2.53885	1	397186	670134	265728	
2.53885	1	397186	670140	265734	
2.5411	1	397186	671579	267173	
2.5411	1	397186	671600	267194	
2.54335	1	397186	673024	268618	
2.54335	1	397186	673060	268654	
2.5456	1	397186	674469	270063	
2.5456	1	397186	674520	270114	
2.54795	1	397186	675914	271508	
2.54795	1	397186	675980	271574	
2.55019	1	397186	677358	272952	
2.55019	1	397186	677440	273034	
2.55239	1	397186	678802	274396	
2.55239	1	397186	678900	274494	
2.55459	1	397186	680246	275840	
2.55459	1	397186	680360	275954	
2.55678	1	397186	681690	277284	
2.55678	1	397186	681820	277414	
2.55898	1	397186	683134	278728	
2.55898	1	397186	683280	278874	
2.56117	1	397186	686022	280172	
2.56117	1	397186	686200	280350	
2.56337	1	397186	687466	281616	
2.56337	1	397186	687660	281810	
2.56556	1	397186	688910	283060	
2.56556	1	397186	689120	283270	
2.56776	1	397186	690354	284504	
2.56776	1	397186	690580	284730	
2.56995	1	397186	691798	285948	
2.56995	1	397186	692040	286190	
2.57224	1	397186	693242	287392	
2.57224	1	397186	693500	287650	
2.57443	1	397186	694686	288836	
2.57443	1	397186	694960	289110	
2.57663	1	397186	696130	290280	
2.57663	1	397186	696420	290570	
2.57883	1	397186	697574	291724	
2.57883	1	397186	697880	292030	
2.58102	1	397186	699018	293168	
2.58102	1	397186	699340	293490	
2.58322	1	397186	700462	294612	
2.58322	1	397186	700800	294950	
2.58541	1	397186	701906	296056	
2.58541	1	397186	702260	296410	
2.58761	1	397186	703350	297500	
2.58761	1	397186	703720	297870	
2.5898	1	397186	704794	298944	
2.5898	1	397186	705180	299330	
2.592	1	397186	706238	300388	
2.592	1	397186	706640	300790	
2.59419	1	397186	707682	301832	
2.59419	1	397186	708100	302250	
2.59639	1	397186	709126	303276	
2.59639	1	397186	709560	303710	
2.59859	1	397186	712014	304720	
2.59859	1	397186	712480	305186	
2.60078	1	397186	713458	306164	
2.60078	1	397186	713940	306646	
2.60298	1	397186	714902	307608	
2.60298	1	397186	715400	308106	
2.60526	1	397186	716346	309052	
2.60526	1	397186	716860	309566	
2.60746	1	397186	717790	310496	
2.60746	1	397186	718320	311026	
2.60965	1	397186	719234	311940	
2.60965	1	397186	719780	312486	
2.61185	1	397186	720678	313384	
2.61185	1	397186	721240	313946	
2.61404	1	397186	722122	314828	
2.61404	1	397186	722700	315406	
2.61624	1	397186	723566	316272	
2.61624	1	397186	724160	316866	
2.61843	1	397186	725010	317716	
2.61843	1	397186	725620	318326	
2.62063	1	397186	726454	319160	
2.62063	1	397186	727080	319786	
2.62283	1	397186	727898	320604	
2.62283	1	397186	728540	321246	
2.62502	1	397186	729342	322048	
2.62502	1	397186	730000	322706	
2.62722	1	397186	730786	323492	
2.62722	1	397186	731460	324166	
2.62949	1	397186	732230	324936	
2.62949	1	397186	732920	325626	
2.63168	1	397186	733674	326380	
2.63168	1	397186	734380	327086	
2.63614	1	397186	735118	327824	
2.63614	1	397186	735840	328546	
2.63833	1	397186	736562	329268	
2.63833	1	397186	737300	330006	
2.64053	1	397186	738006	330712	
2.64053	1	397186	738760	331466	
2.64272	1	397186	739450	332156	
2.64272	1	397186	740220	332926	
2.64492	1	397186	740894	333600	
2.64492	1	397186	741680	334386	
2.64711	1	397186	742338	335044	
2.64711	1	397186	743140	335846	
2.64931	1	397186	743782	336488	
2.64931	1	397186	744600	337306	
2.65151	1	397186	745226	337932	
2.65151	1	397186	746060	338766	
2.65386	1	397186	746670	339376	
2.65386	1	397186	747520	340226	
2.65622	1	397186	748114	340820	
2.65622	1	397186	748980	341686	
2.65858	1	397186	749558	342264	
2.65858	1	397186	750440	343146	
2.66094	1	397186	751002	343708	
2.66094	1	397186	751900	344606	
2.66329	1	397186	752446	345152	
2.66329	1	397186	753360	346066	
2.66565	1	397186	755334	346596	
2.66565	1	397186	756280	347542	
2.6681	1	397186	756778	348040	
2.6681	1	397186	757740	349002	
2.67054	1	397186	758222	349484	
2.67054	1	397186	759200	350462	
2.6729	1	397186	759666	350928	
2.6729	1	397186	760660	351922	
2.67525	1	397186	761110	352372	
2.67525	1	397186	762120	353382	
2.67761	1	397186	762554	353816	
2.67761	1	397186	763580	354842	
2.67997	1	397186	763998	355260	
2.67997	1	397186	765040	356302	
2.68233	1	397186	765442	356704	
2.68233	1	397186	766500	357762	
2.68468	1	397186	766886	358148	
2.68468	1	397186	767960	359222	
2.68704	1	397186	768330	359592	
2.68704	1	397186	769420	360682	
2.6894	1	397186	769774	361036	
2.6894	1	397186	770880	362142	
2.69176	1	397186	771218	362480	
2.69176	1	397186	772340	363602	
2.69411	1	397186	772662	363924	
2.69411	1	397186	773800	365062	
2.69656	1	397186	774106	365368	
2.69656	1	397186	775260	366522	
2.69892	1	397186	776994	366812	
2.69892	1	397186	778180	367998	
2.70128	1	397186	778438	368256	
2.70128	1	397186	779640	369458	
2.70364	1	397186	779882	369700	
2.70364	1	397186	781100	370918	
2.70599	1	397186	781326	371144	
2.70599	1	397186	782560	372378	
2.70835	1	397186	782770	372588	
2.70835	1	397186	784020	373838	
2.71071	1	397186	784214	374032	
2.71071	1	397186	785480	375298	
2.71307	1	397186	785658	375476	
2.71307	1	397186	786940	376758	
2.71542	1	397186	787102	376920	
2.71542	1	397186	788400	378218	
2.71788	1	397186	788546	378364	
2.71788	1	397186	789860	379678	
2.72023	1	397186	789990	379808	
2.72023	1	397186	791320	381138	
2.72259	1	397186	791434	381252	
2.72259	1	397186	792780	382598	
2.72495	1	397186	792878	382696	
2.72495	1	397186	794240	384058	
2.72731	1	397186	794322	384140	
2.72731	1	397186	795700	385518	
2.72966	1	397186	797210	385584	
2.72966	1	397186	798620	386994	
2.73202	1	397186	798654	387028	
2.73202	1	397186	800080	388454	
2.73438	1	397186	800098	388472	
2.73438	1	397186	801540	389914	
2.73674	1	397186	801542	389916	
2.73909	1	397186	397186	391368	
2.73909	1	398580	398580	391368	
2.74243	1	522826	522826	267172	
2.74243	1	524140	524140	267172	
2.74602	1	525714	525714	265728	
2.74602	1	527060	527060	265728	
2.74602	1	527158	527158	265728	
2.74602	1	528520	528520	265728	
2.74958	1	554606	554606	239724	
2.74958	1	554800	554800	239724	
2.75284	1	684578	802994	111196	
2.75284	1	684578	803000	111202	
2.75651	1	684578	807329	112641	
2.75651	1	684578	807380	112692	
2.75953	1	684578	810218	114086	
2.75953	1	684578	810300	114168	
2.76173	1	684578	811662	115530	
2.76173	1	684578	811760	115628	
2.76392	1	684578	813106	116974	
2.76392	1	684578	813220	117088	
2.76612	1	684578	814550	118418	
2.76612	1	684578	814680	118548	
2.76832	1	684578	815994	119862	
2.76832	1	684578	816140	120008	
2.77051	1	684578	817438	121306	
2.77051	1	684578	817600	121468	
2.77271	1	684578	818882	122750	
2.77271	1	684578	819060	122928	
2.77491	1	684578	820326	124194	
2.77491	1	684578	820520	124388	
2.77719	1	684578	821770	125638	
2.77719	1	684578	821980	125848	
2.77939	1	684578	823214	127082	
2.77939	1	684578	823440	127308	
2.78159	1	684578	824658	128526	
2.78159	1	684578	824900	128768	
2.78378	1	684578	826102	129970	
2.78378	1	684578	826360	130228	
2.78598	1	684578	827546	131414	
2.78598	1	684578	827820	131688	
2.78818	1	684578	828990	132858	
2.78818	1	684578	829280	133148	
2.79037	1	684578	830434	134302	
2.79037	1	684578	830740	134608	
2.79257	1	684578	831878	135746	
2.79257	1	684578	832200	136068	
2.79497	1	684578	833322	137190	
2.79497	1	684578	833660	137528	
2.79723	1	684578	834766	138634	
2.79723	1	684578	835120	138988	
2.79943	1	684578	836210	140078	
2.79943	1	684578	836580	140448	
2.80162	1	684578	837654	141522	
2.80162	1	684578	838040	141908	
2.80382	1	684578	839098	142966	
2.80382	1	684578	839500	143368	
2.80602	1	684578	840542	144410	
2.80602	1	684578	840960	144828	
2.80821	1	684578	841986	145854	
2.80821	1	684578	842420	146288	
2.81041	1	684578	843430	147298	
2.81041	1	684578	843880	147748	
2.81261	1	684578	844874	148742	
2.81261	1	684578	845340	149208	
2.81489	1	684578	846318	150186	
2.81489	1	684578	846800	150668	
2.81709	1	684578	847762	151630	
2.81709	1	684578	848260	152128	
2.81929	1	684578	849206	153074	
2.81929	1	684578	849720	153588	
2.82148	1	684578	850650	154518	
2.82148	1	684578	851180	155048	
2.82368	1	684578	852094	155962	
2.82368	1	684578	852640	156508	
2.82588	1	684578	853538	157406	
2.82588	1	684578	854100	157968	
2.82807	1	684578	854982	158850	
2.82807	1	684578	855560	159428	
2.83027	1	684578	856426	160294	
2.83027	1	684578	857020	160888	
2.83255	1	684578	857870	161738	
2.83255	1	684578	858480	162348	
2.83475	1	684578	859314	163182	
2.83475	1	684578	859940	163808	
2.83695	1	684578	860758	164626	
2.83695	1	684578	861400	165268	
2.83915	1	684578	862202	166070	
2.83915	1	684578	862860	166728	
2.84134	1	684578	863646	167514	
2.84134	1	684578	864320	168188	
2.84354	1	684578	865090	168958	
2.84354	1	684578	865780	169648	
2.84574	1	684578	866534	170402	
2.84574	1	684578	867240	171108	
2.84799	1	684578	867978	171846	
2.84799	1	684578	868700	172568	
2.8504	1	684578	869422	173290	
2.8504	1	684578	870160	174028	
2.85267	1	684578	870866	174734	
2.85267	1	684578	871620	175488	
2.85494	1	684578	872310	176178	
2.85494	1	684578	873080	176948	
2.85721	1	684578	873754	177622	
2.85721	1	684578	874540	178408	
2.85948	1	684578	875198	179066	
2.85948	1	684578	876000	179868	
2.86175	1	684578	876642	180510	
2.86175	1	684578	877460	181328	
2.86402	1	684578	684578	181954	
2.86402	1	684740	684740	181954	
2.86629	1	710570	878086	157406	
2.86629	1	710570	878920	158240	
2.86856	1	710570	879530	158850	
2.86856	1	710570	880380	159700	
2.87083	1	710570	880974	160294	
2.87083	1	710570	881840	161160	
2.87319	1	710570	882418	161738	
2.87319	1	710570	883300	162620	
2.87546	1	710570	883862	163182	
2.87546	1	710570	884760	164080	
2.87773	1	710570	885306	164626	
2.87773	1	710570	886220	165540	
2.88	1	710570	886750	166070	
2.88	1	710570	887680	167000	
2.88227	1	710570	888194	167514	
2.88227	1	710570	889140	168460	
2.88454	1	710570	889638	168958	
2.88454	1	710570	890600	169920	
2.88681	1	710570	891082	170402	
2.88681	1	710570	892060	171380	
2.88908	1	710570	892526	171846	
2.88908	1	710570	893520	172840	
2.89145	1	710570	893970	173290	
2.89145	1	710570	894980	174300	
2.89372	1	710570	895414	174734	
2.89372	1	710570	896440	175760	
2.89599	1	710570	896858	176178	
2.89599	1	710570	897900	177220	
2.89826	1	710570	898302	177622	
2.89826	1	710570	899360	178680	
2.90053	1	710570	899746	179066	
2.90053	1	710570	900820	180140	
2.9028	1	710570	901190	180510	
2.9028	1	710570	902280	181600	
2.90507	1	710570	710570	181954	
2.90507	1	711020	711020	181954	
2.90734	1	753890	902634	140078	
2.90734	1	753890	903740	141184	
2.90961	1	753890	904078	141522	
2.90961	1	753890	905200	142644	
2.91188	1	753890	905522	142966	
2.91188	1	753890	906660	144104	
2.91425	1	753890	906966	144410	
2.91425	1	753890	908120	145564	
2.91652	1	753890	908410	145854	
2.91652	1	753890	909580	147024	
2.91879	1	753890	909854	147298	
2.91879	1	753890	911040	148484	
2.92106	1	753890	911298	148742	
2.92106	1	753890	912500	149944	
2.92333	1	753890	914186	150186	
2.92333	1	753890	915420	151420	
2.9256	1	753890	915630	151630	
2.9256	1	753890	916880	152880	
2.92793	1	753890	917074	153074	
2.92793	1	753890	918340	154340	
2.93042	1	753890	918518	154518	
2.93042	1	753890	919800	155800	
2.93269	1	753890	919962	155962	
2.93269	1	753890	921260	157260	
2.93496	1	753890	921406	157406	
2.93496	1	753890	922720	158720	
2.93723	1	753890	922850	158850	
2.93723	1	753890	924180	160180	
2.9395	1	753890	924294	160294	
2.9395	1	753890	925640	161640	
2.94177	1	753890	925738	161738	
2.94177	1	753890	927100	163100	
2.94404	1	753890	927182	163182	
2.94404	1	753890	928560	164560	
2.94631	1	753890	928626	164626	
2.94631	1	753890	930020	166020	
2.94858	1	753890	930070	166070	
2.94858	1	753890	931480	167480	
2.95189	1	753890	932958	167514	
2.95189	1	753890	934400	168956	
2.95411	1	753890	934402	168958	
2.95645	1	753890	935854	170410	
2.95645	1	753890	935860	170416	
2.95867	1	753890	937299	171855	
2.95867	1	753890	937320	171876	
2.96089	1	753890	940189	173300	
2.96089	1	753890	940240	173351	
2.96403	1	753890	943078	174745	
2.96403	1	753890	943160	174827	
2.96678	1	753890	944522	176189	
2.96678	1	753890	944620	176287	
2.969	1	753890	945966	177633	
2.969	1	753890	946080	177747	
2.97121	1	753890	947410	179077	
2.97121	1	753890	947540	179207	
2.97367	1	753890	948854	180521	
2.97367	1	753890	949000	180667	
2.97816	1	753890	951742	181965	
2.97816	1	753890	951920	182143	
2.98046	1	753890	953186	183409	
2.98046	1	753890	953380	183603	
2.98268	1	753890	954630	184853	
2.98268	1	753890	954840	185063	
2.98498	1	753890	956074	186297	
2.98498	1	753890	956300	186523	
2.9872	1	753890	957518	187741	
2.9872	1	753890	957760	187983	
2.98942	1	753890	958962	189185	
2.98942	1	753890	959220	189443	
2.99163	1	753890	960406	190629	
2.99163	1	753890	960680	190903	
2.99385	1	753890	963294	192073	
2.99385	1	753890	963600	192379	
2.99607	1	753890	964738	193517	
2.99607	1	753890	965060	193839	
2.99828	1	753890	966182	194961	
2.99828	1	753890	966520	195299	
3.00059	1	753890	775550	196405	
3.00059	1	753890	776720	197575	
3.00281	1	753890	967626	197849	
3.00281	1	753890	967980	198203	
3.00502	1	753890	969070	199293	
3.00502	1	753890	969440	199663	
3.00724	1	753890	970514	200737	
3.00724	1	753890	970900	201123	
3.00946	1	753890	971958	202181	
3.00946	1	753890	972360	202583	
3.01167	1	753890	974846	203625	
3.01167	1	753890	975280	204059	
3.01389	1	753890	976290	205069	
3.01389	1	753890	976740	205519	
3.01611	1	753890	977734	206513	
3.01611	1	753890	978200	206979	
3.01841	1	753890	979178	207957	
3.01841	1	753890	979660	208439	
3.02063	1	753890	980622	209401	
3.02063	1	753890	981120	209899	
3.02285	1	753890	982066	210845	
3.02285	1	753890	982580	211359	
3.02506	1	753890	795766	212289	
3.02506	1	753890	797160	213683	
3.02728	1	753890	983510	213733	
3.02728	1	753890	984040	214263	
3.0295	1	753890	984954	215177	
3.0295	1	753890	985500	215723	
3.03171	1	753890	987842	216621	
3.03171	1	753890	988420	217199	
3.03393	1	753890	989286	218065	
3.03393	1	753890	989880	218659	
3.03623	1	753890	990730	219509	
3.03623	1	753890	991340	220119	
3.03854	1	753890	992174	220953	
3.03854	1	753890	992800	221579	
3.04076	1	753890	993618	222397	
3.04076	1	753890	994260	223039	
3.04297	1	753890	995062	223841	
3.04297	1	753890	995720	224499	
3.04519	1	753890	996506	225285	
3.04519	1	753890	997180	225959	
3.04741	1	753890	804439	226729	
3.04741	1	753890	804460	226750	
3.04741	1	753890	805884	228174	
3.04741	1	753890	805920	228210	
3.04971	1	753890	808774	229619	
3.04971	1	753890	808840	229685	
3.05287	1	753890	997950	231063	
3.05287	1	753890	998640	231753	
3.05527	1	753890	999394	232507	
3.05527	1	753890	1000100	233213	
3.05768	1	753890	1000838	233951	
3.05768	1	753890	1001560	234673	
3.06008	1	753890	1002282	235395	
3.06008	1	753890	1003020	236133	
3.06248	1	753890	1003726	236839	
3.06248	1	753890	1004480	237593	
3.06488	1	753890	1005170	238283	
3.06488	1	753890	1005940	239053	
3.06728	1	753890	1006614	239727	
3.06728	1	753890	1007400	240513	
3.06977	1	753890	912742	241171	
3.06977	1	753890	913960	242389	
3.07219	1	753890	1008058	242615	
3.07219	1	753890	1008860	243417	
3.07459	1	753890	1009502	244059	
3.07459	1	753890	1010320	244877	
3.07699	1	753890	1010946	245503	
3.07699	1	753890	1011780	246337	
3.07939	1	753890	1012390	246947	
3.07939	1	753890	1013240	247797	
3.0818	1	753890	1013834	248391	
3.0818	1	753890	1014700	249257	
3.0842	1	753890	1015278	249835	
3.0842	1	753890	1016160	250717	
3.0866	1	753890	1016722	251279	
3.0866	1	753890	1017620	252177	
3.089	1	753890	1018166	252723	
3.089	1	753890	1019080	253637	
3.0914	1	753890	1019610	254167	
3.0914	1	753890	1020540	255097	
3.09389	1	753890	1021054	255611	
3.09389	1	753890	1022000	256557	
3.09629	1	753890	1022498	257055	
3.09629	1	753890	1023460	258017	
3.0987	1	753890	931514	258499	
3.0987	1	753890	932940	259925	
3.10111	1	753890	1023942	259943	
3.10111	1	753890	1024920	260921	
3.10351	1	753890	1025386	261387	
3.10351	1	753890	1026380	262381	
3.10592	1	753890	1026830	262831	
3.10592	1	753890	1027840	263841	
3.11065	1	753890	938744	264275	
3.11065	1	753890	938780	264311	
3.11065	1	753890	941634	265720	
3.11065	1	753890	941700	265786	
3.11305	1	753890	1028274	267164	
3.11305	1	753890	1029300	268190	
3.11545	1	753890	1029718	268608	
3.11545	1	753890	1030760	269650	
3.11795	1	753890	753890	270052	
3.11795	1	754820	754820	270052	
3.12037	1	950298	1031162	75088	
3.12037	1	950298	1032220	76146	
3.12278	1	950298	1032606	76532	
3.12278	1	950298	1033680	77606	
3.12518	1	950298	1034050	77976	
3.12518	1	950298	1035140	79066	
3.12758	1	950298	950298	79420	
3.12758	1	950460	950460	79420	
3.12999	1	961850	1035494	69312	
3.12999	1	961850	1036600	70418	
3.1324	1	961850	1036938	70756	
3.1324	1	961850	1038060	71878	
3.1348	1	961850	1038382	72200	
3.1348	1	961850	1039520	73338	
3.1372	1	961850	1039826	73644	
3.1372	1	961850	1040980	74798	
3.1396	1	961850	1041270	75088	
3.1396	1	961850	1042440	76258	
3.1421	1	961850	1042714	76532	
3.1421	1	961850	1043900	77718	
3.1445	1	961850	1044158	77976	
3.1445	1	961850	1045360	79178	
3.1469	1	961850	1045602	79420	
3.1469	1	961850	1046820	80638	
3.1493	1	961850	1047046	80864	
3.1493	1	961850	1048280	82098	
3.1517	1	961850	1048490	82308	
3.1517	1	961850	1049740	83558	
3.15398	1	961850	961850	83752	
3.15398	1	962140	962140	83752	
3.1563	1	973402	1049934	73644	
3.1563	1	973402	1051200	74910	
3.15858	1	973402	1051378	75088	
3.15858	1	973402	1052660	76370	
3.16087	1	973402	1052822	76532	
3.16087	1	973402	1054120	77830	
3.16324	1	973402	1054266	77976	
3.16324	1	973402	1055580	79290	
3.16553	1	973402	1055710	79420	
3.16553	1	973402	1057040	80750	
3.16782	1	973402	1057154	80864	
3.16782	1	973402	1058500	82210	
3.1701	1	973402	1058598	82308	
3.1701	1	973402	1059960	83670	
3.17239	1	973402	1060042	83752	
3.17239	1	973402	1061420	85130	
3.17467	1	973402	973402	85196	
3.17467	1	973820	973820	85196	
3.17697	1	986398	1061486	73644	
3.17697	1	986398	1062880	75038	
3.17926	1	986398	1062930	75088	
3.17926	1	986398	1064340	76498	
3.18155	1	986398	1064374	76532	
3.18155	1	986398	1065800	77958	
3.18392	1	986398	1065818	77976	
3.18392	1	986398	1067260	79418	
3.18621	1	986398	1067262	79420	
3.18849	1	986398	1068714	80872	
3.18849	1	986398	1068720	80878	
3.19078	1	986398	1070159	82317	
3.19078	1	986398	1070180	82338	
3.19306	1	986398	1071604	83762	
3.19306	1	986398	1071640	83798	
3.19535	1	986398	986398	85207	
3.19535	1	986960	986960	85207	
3.19765	1	1073049	1073049	0	
3.19765	1	1073100	1073100	0	
3.19993	1	1074494	1074494	0	
3.19993	1	1074560	1074560	0	
3.20232	1	1075938	1075938	0	
3.20232	1	1076020	1076020	0	
3.2046	1	1077382	1077382	0	
3.2046	1	1077480	1077480	0	
3.20689	1	1078826	1078826	0	
3.20689	1	1078940	1078940	0	
3.20917	1	1080270	1080270	0	
3.20917	1	1080400	1080400	0	
3.21146	1	1081714	1081714	0	
3.21146	1	1081860	1081860	0	
3.21375	1	1083158	1083158	0	
3.21375	1	1083320	1083320	0	
3.21612	1	1084602	1084602	0	
3.21612	1	1084780	1084780	0	
3.21841	1	1086046	1086046	0	
3.21841	1	1086240	1086240	0	
3.22069	1	1087490	1087490	0	
3.22069	1	1087700	1087700	0	
3.22307	1	1088934	1088934	0	
3.22307	1	1089160	1089160	0	
3.22536	1	1090378	1090378	0	
3.22536	1	1090620	1090620	0	
3.22765	1	1091822	1091822	0	
3.22765	1	1092080	1092080	0	
3.22993	1	1093266	1093266	0	
3.22993	1	1093540	1093540	0	
3.23222	1	1094710	1094710	0	
3.23222	1	1095000	1095000	0	
3.2345	1	1096154	1096154	0	
3.2345	1	1096460	1096460	0	
3.23679	1	1097598	1097598	0	
3.23679	1	1097920	1097920	0	
3.23907	1	1099042	1099042	0	
3.23907	1	1099380	1099380	0	
3.24145	1	1100486	1100486	0	
3.24145	1	1100840	1100840	0	
3.24374	1	1101930	1101930	0	
3.24374	1	1102300	1102300	0	
3.24603	1	1103374	1103374	0	
3.24603	1	1103760	1103760	0	
3.24831	1	1104818	1104818	0	
3.24831	1	1105220	1105220	0	
3.2506	1	1106262	1106262	0	
3.2506	1	1106680	1106680	0	
3.25306	1	1107706	1107706	0	
3.25306	1	1108140	1108140	0	
3.25553	1	1109150	1109150	0	
3.25553	1	1109600	1109600	0	
3.25799	1	1110594	1110594	0	
3.25799	1	1111060	1111060	0	
3.26055	1	1112038	1112038	0	
3.26055	1	1112520	1112520	0	
3.26302	1	1113482	1113482	0	
3.26302	1	1113980	1113980	0	
3.26548	1	1114926	1114926	0	
3.26548	1	1115440	1115440	0	
3.26796	1	1116370	1116370	0	
3.26796	1	1116900	1116900	0	
3.27042	1	1117814	1117814	0	
3.27042	1	1118360	1118360	0	
3.27288	1	1119258	1119258	0	
3.27288	1	1119820	1119820	0	
3.27535	1	1120702	1120702	0	
3.27535	1	1121280	1121280	0	
3.27781	1	1122146	1122146	0	
3.27781	1	1122740	1122740	0	
3.28028	1	1123590	1123590	0	
3.28028	1	1124200	1124200	0	
3.28284	1	1125034	1125034	0	
3.28284	1	1125660	1125660	0	
3.2853	1	1126478	1126478	0	
3.2853	1	1127120	1127120	0	
3.28777	1	1127922	1127922	0	
3.28777	1	1128580	1128580	0	
3.29023	1	1129366	1129366	0	
3.29023	1	1130040	1130040	0	
3.2927	1	1130810	1130810	0	
3.2927	1	1131500	1131500	0	
3.29517	1	1132254	1132254	0	
3.29517	1	1132960	1132960	0	
3.29763	1	1133698	1133698	0	
3.29763	1	1134420	1134420	0	
3.30019	1	1135142	1135142	0	
3.30019	1	1135880	1135880	0	
3.30266	1	1136586	1136586	0	
3.30266	1	1137340	1137340	0	
3.30512	1	1138030	1138030	0	
3.30512	1	1138800	1138800	0	
3.30759	1	1139474	1139474	0	
3.30759	1	1140260	1140260	0	
3.31005	1	1140918	1140918	0	
3.31005	1	1141720	1141720	0	
3.31252	1	1142362	1142362	0	
3.31252	1	1143180	1143180	0	
3.31498	1	1143806	1143806	0	
3.31498	1	1144640	1144640	0	
3.31745	1	1145250	1145250	0	
3.31745	1	1146100	1146100	0	
3.32001	1	1146694	1146694	0	
3.32001	1	1147560	1147560	0	
3.32248	1	1148138	1148138	0	
3.32248	1	1149020	1149020	0	
3.32494	1	1149582	1149582	0	
3.32494	1	1150480	1150480	0	
3.32741	1	1151026	1151026	0	
3.32741	1	1151940	1151940	0	
3.32987	1	1152470	1152470	0	
3.32987	1	1153400	1153400	0	
3.33234	1	1153914	1153914	0	
3.33234	1	1154860	1154860	0	
3.3348	1	1155358	1155358	0	
3.3348	1	1156320	1156320	0	
3.33727	1	1156802	1156802	0	
3.33727	1	1157780	1157780	0	
3.33983	1	1158246	1158246	0	
3.33983	1	1159240	1159240	0	
3.3423	1	1159690	1159690	0	
3.3423	1	1160700	1160700	0	
3.34476	1	1161134	1161134	0	
3.34476	1	1162160	1162160	0	
3.34723	1	1162578	1162578	0	
3.34723	1	1163620	1163620	0	
3.34969	1	1164022	1164022	0	
3.34969	1	1165080	1165080	0	
3.35225	1	1165466	1165466	0	
3.35225	1	1166540	1166540	0	
3.35455	1	1166910	1166910	0	
3.35455	1	1168000	1168000	0	
3.35685	1	1168354	1168354	0	
3.35685	1	1169460	1169460	0	
3.35914	1	1169798	1169798	0	
3.35914	1	1170920	1170920	0	
3.36144	1	1171242	1171242	0	
3.36144	1	1172380	1172380	0	
3.36374	1	1172686	1172686	0	
3.36374	1	1173840	1173840	0	
3.36613	1	1174130	1174130	0	
3.36613	1	1175300	1175300	0	
3.36843	1	1175574	1175574	0	
3.36843	1	1176760	1176760	0	
3.37072	1	1177018	1177018	0	
3.37072	1	1178220	1178220	0	
3.37302	1	1178462	1178462	0	
3.37302	1	1179680	1179680	0	
3.37532	1	1179906	1179906	0	
3.37532	1	1181140	1181140	0	
3.37761	1	1181350	1181350	0	
3.37761	1	1182600	1182600	0	
3.37991	1	1182794	1182794	0	
3.37991	1	1184060	1184060	0	
3.38221	1	1184238	1184238	0	
3.38221	1	1185520	1185520	0	
3.3846	1	1185682	1185682	0	
3.3846	1	1186980	1186980	0	
3.3869	1	1187126	1187126	0	
3.3869	1	1188440	1188440	0	
3.38919	1	1188570	1188570	0	
3.38919	1	1189900	1189900	0	
3.39149	1	1190014	1190014	0	
3.39149	1	1191360	1191360	0	
3.39388	1	1191458	1191458	0	
3.39388	1	1192820	1192820	0	
3.39617	1	1192902	1192902	0	
3.39617	1	1194280	1194280	0	
3.39847	1	1194346	1194346	0	
3.39847	1	1195740	1195740	0	
3.40077	1	1195790	1195790	0	
3.40077	1	1197200	1197200	0	
3.40306	1	1197234	1197234	0	
3.40306	1	1198660	1198660	0	
3.40536	1	1198678	1198678	0	
3.40536	1	1200120	1200120	0	
3.40766	1	1200122	1200122	0	
3.40996	1	1201574	1201574	0	
3.40996	1	1201580	1201580	0	
3.41234	1	1203019	1203019	0	
3.41234	1	1203040	1203040	0	
3.41464	1	1204464	1204464	0	
3.41464	1	1204500	1204500	0	
3.41694	1	1205909	1205909	0	
3.41694	1	1205960	1205960	0	
3.41923	1	1207354	1207354	0	
3.41923	1	1207420	1207420	0	
3.42153	1	1208798	1208798	0	
3.42153	1	1208880	1208880	0	
3.42383	1	1210242	1210242	0	
3.42383	1	1210340	1210340	0	
3.42621	1	1211686	1211686	0	
3.42621	1	1211800	1211800	0	
3.42852	1	1213130	1213130	0	
3.42852	1	1213260	1213260	0	
3.43081	1	1214574	1214574	0	
3.43081	1	1214720	1214720	0	
3.43311	1	1216018	1216018	0	
3.43311	1	1216180	1216180	0	
3.43541	1	1217462	1217462	0	
3.43541	1	1217640	1217640	0	
3.43779	1	1218906	1218906	0	
3.43779	1	1219100	1219100	0	
3.44009	1	1220350	1220350	0	
3.44009	1	1220560	1220560	0	
3.44239	1	1221794	1221794	0	
3.44239	1	1222020	1222020	0	
3.44468	1	1223238	1223238	0	
3.44468	1	1223480	1223480	0	
3.44698	1	1224682	1224682	0	
3.44698	1	1224940	1224940	0	
3.44928	1	1226126	1226126	0	
3.44928	1	1226400	1226400	0	
3.45158	1	1227570	1227570	0	
3.45158	1	1227860	1227860	0	
3.45385	1	1229014	1229014	0	
3.45385	1	1229320	1229320	0	
3.4562	1	1230458	1230458	0	
3.4562	1	1230780	1230780	0	
3.45846	1	1231902	1231902	0	
3.45846	1	1232240	1232240	0	
3.46072	1	1233346	1233346	0	
3.46072	1	1233700	1233700	0	
3.46299	1	1234790	1234790	0	
3.46299	1	1235160	1235160	0	
3.46525	1	1236234	1236234	0	
3.46525	1	1236620	1236620	0	
3.4676	1	1237678	1237678	0	
3.4676	1	1238080	1238080	0	
3.46986	1	1239122	1239122	0	
3.46986	1	1239540	1239540	0	
3.47214	1	1240566	1240566	0	
3.47214	1	1241000	1241000	0	
3.4744	1	1242010	1242010	0	
3.4744	1	1242460	1242460	0	
3.47666	1	1243454	1243454	0	
3.47666	1	1243920	1243920	0	
3.47893	1	1244898	1244898	0	
3.47893	1	1245380	1245380	0	
3.48119	1	1246342	1246342	0	
3.48119	1	1246840	1246840	0	
3.48345	1	1247786	1247786	0	
3.48345	1	1248300	1248300	0	
3.4858	1	1249230	1249230	0	
3.4858	1	1249760	1249760	0	
3.48807	1	1250674	1250674	0	
3.48807	1	1251220	1251220	0	
3.49033	1	1252118	1252118	0	
3.49033	1	1252680	1252680	0	
3.49259	1	1253562	1253562	0	
3.49259	1	1254140	1254140	0	
3.49486	1	1255006	1255006	0	
3.49486	1	1255600	1255600	0	
3.49713	1	1256450	1256450	0	
3.49713	1	1257060	1257060	0	
3.49948	1	1257894	1257894	0	
3.49948	1	1258520	1258520	0	
3.50174	1	1259338	1259338	0	
3.50174	1	1259980	1259980	0	
3.50401	1	1260782	1260782	0	
3.50401	1	1261440	1261440	0	
3.50627	1	1262226	1262226	0	
3.50627	1	1262900	1262900	0	
3.50853	1	1263670	1263670	0	
3.50853	1	1264360	1264360	0	
3.51088	1	1265114	1265114	0	
3.51088	1	1265820	1265820	0	
3.51315	1	1266558	1266558	0	
3.51315	1	1267280	1267280	0	
3.51542	1	1268002	1268002	0	
3.51542	1	1268740	1268740	0	
3.51768	1	1269446	1269446	0	
3.51768	1	1270200	1270200	0	
3.51994	1	1270890	1270890	0	
3.51994	1	1271660	1271660	0	
3.52221	1	1272334	1272334	0	
3.52221	1	1273120	1273120	0	
3.52447	1	1273778	1273778	0	
3.52447	1	1274580	1274580	0	
3.52682	1	1275222	1275222	0	
3.52682	1	1276040	1276040	0	
3.52909	1	1276666	1276666	0	
3.52909	1	1277500	1277500	0	
3.53135	1	1278110	1278110	0	
3.53135	1	1278960	1278960	0	
3.53361	1	1279554	1279554	0	
3.53361	1	1280420	1280420	0	
3.53588	1	1280998	1280998	0	
3.53588	1	1281880	1281880	0	
3.53815	1	1282442	1282442	0	
3.53815	1	1283340	1283340	0	
3.5405	1	1283886	1283886	0	
3.5405	1	1284800	1284800	0	
3.54276	1	1285330	1285330	0	
3.54276	1	1286260	1286260	0	
3.54502	1	1286774	1286774	0	
3.54502	1	1287720	1287720	0	
3.54729	1	1288218	1288218	0	
3.54729	1	1289180	1289180	0	
3.54955	1	1289662	1289662	0	
3.54955	1	1290640	1290640	0	
3.55181	1	1291106	1291106	0	
3.55181	1	1292100	1292100	0	
3.55416	1	1292550	1292550	0	
3.55416	1	1293560	1293560	0	
3.55661	1	1293994	1293994	0	
3.55661	1	1295020	1295020	0	
3.55896	1	1295438	1295438	0	
3.55896	1	1296480	1296480	0	
3.56131	1	1296882	1296882	0	
3.56131	1	1297940	1297940	0	
3.56366	1	1298326	1298326	0	
3.56366	1	1299400	1299400	0	
3.56601	1	1299770	1299770	0	
3.56601	1	1300860	1300860	0	
3.56836	1	1301214	1301214	0	
3.56836	1	1302320	1302320	0	
3.5708	1	1302658	1302658	0	
3.5708	1	1303780	1303780	0	
3.57315	1	1304102	1304102	0	
3.57315	1	1305240	1305240	0	
3.5755	1	1305546	1305546	0	
3.5755	1	1306700	1306700	0	
3.57785	1	1306990	1306990	0	
3.57785	1	1308160	1308160	0	
3.5802	1	1308434	1308434	0	
3.5802	1	1309620	1309620	0	
3.58256	1	1309878	1309878	0	
3.58256	1	1311080	1311080	0	
3.58491	1	1311322	1311322	0	
3.58491	1	1312540	1312540	0	
3.58735	1	1312766	1312766	0	
3.58735	1	1314000	1314000	0	
3.5897	1	1314210	1314210	0	
3.5897	1	1315460	1315460	0	
3.59205	1	1315654	1315654	0	
3.59205	1	1316920	1316920	0	
3.5944	1	1317098	1317098	0	
3.5944	1	1318380	1318380	0	
3.59675	1	1318542	1318542	0	
3.59675	1	1319840	1319840	0	
3.59919	1	1319986	1319986	0	
3.59919	1	1321300	1321300	0	
3.60154	1	1321430	1321430	0	
3.60154	1	1322760	1322760	0	
3.6039	1	1322874	1322874	0	
3.6039	1	1324220	1324220	0	
3.60625	1	1324318	1324318	0	
3.60625	1	1325680	1325680	0	
3.6086	1	1325762	1325762	0	
3.6086	1	1327140	1327140	0	
3.61095	1	1327206	1327206	0	
3.61095	1	1328600	1328600	0	
3.61339	1	1328650	1328650	0	
3.61339	1	1330060	1330060	0	
3.61574	1	1330094	1330094	0	
3.61574	1	1331520	1331520	0	
3.61808	1	1331538	1331538	0	
3.61808	1	1332980	1332980	0	
3.62043	1	1332982	1332982	0	
3.62278	1	1334434	1334434	0	
3.62278	1	1334440	1334440	0	
3.62513	1	1335879	1335879	0	
3.62513	1	1335900	1335900	0	
3.62749	1	1337324	1337324	0	
3.62749	1	1337360	1337360	0	
3.62993	1	1338769	1338769	0	
3.62993	1	1338820	1338820	0	
3.63228	1	1340214	1340214	0	
3.63228	1	1340280	1340280	0	
3.63463	1	1341658	1341658	0	
3.63463	1	1341740	1341740	0	
3.63698	1	1343102	1343102	0	
3.63698	1	1343200	1343200	0	
3.63933	1	1344546	1344546	0	
3.63933	1	1344660	1344660	0	
3.64168	1	1345990	1345990	0	
3.64168	1	1346120	1346120	0	
3.64412	1	1347434	1347434	0	
3.64412	1	1347580	1347580	0	
3.64647	1	1348878	1348878	0	
3.64647	1	1349040	1349040	0	
3.64883	1	1350322	1350322	0	
3.64883	1	1350500	1350500	0	
3.65118	1	1351766	1351766	0	
3.65118	1	1351960	1351960	0	
3.65349	1	1353210	1353210	0	
3.65349	1	1353420	1353420	0	
3.65581	1	1354654	1354654	0	
3.65581	1	1354880	1354880	0	
3.65812	1	1356098	1356098	0	
3.65812	1	1356340	1356340	0	
3.66044	1	1357542	1357542	0	
3.66044	1	1357800	1357800	0	
3.66284	1	1358986	1358986	0	
3.66284	1	1359260	1359260	0	
3.66516	1	1360430	1360430	0	
3.66516	1	1360720	1360720	0	
3.66747	1	1361874	1361874	0	
3.66747	1	1362180	1362180	0	
3.66979	1	1363318	1363318	0	
3.66979	1	1363640	1363640	0	
3.67211	1	1364762	1364762	0	
3.67211	1	1365100	1365100	0	
3.67451	1	1366206	1366206	0	
3.67451	1	1366560	1366560	0	
3.67683	1	1367650	1367650	0	
3.67683	1	1368020	1368020	0	
3.67914	1	1369094	1369094	0	
3.67914	1	1369480	1369480	0	
3.68145	1	1370538	1370538	0	
3.68145	1	1370940	1370940	0	
3.68377	1	1371982	1371982	0	
3.68377	1	1372400	1372400	0	
3.68608	1	1373426	1373426	0	
3.68608	1	1373860	1373860	0	
3.6884	1	1374870	1374870	0	
3.6884	1	1375320	1375320	0	
3.6908	1	1376314	1376314	0	
3.6908	1	1376780	1376780	0	
3.69312	1	1377758	1377758	0	
3.69312	1	1378240	1378240	0	
3.69544	1	1379202	1379202	0	
3.69544	1	1379700	1379700	0	
3.69775	1	1380646	1380646	0	
3.69775	1	1381160	1381160	0	
3.70007	1	1382090	1382090	0	
3.70007	1	1382620	1382620	0	
3.70238	1	1383534	1383534	0	
3.70238	1	1384080	1384080	0	
3.70479	1	1384978	1384978	0	
3.70479	1	1385540	1385540	0	
3.7071	1	1386422	1386422	0	
3.7071	1	1387000	1387000	0	
3.70942	1	1387866	1387866	0	
3.70942	1	1388460	1388460	0	
3.71173	1	1389310	1389310	0	
3.71173	1	1389920	1389920	0	
3.71404	1	1390754	1390754	0	
3.71404	1	1391380	1391380	0	
3.71646	1	1392198	1392198	0	
3.71646	1	1392840	1392840	0	
3.71877	1	1393642	1393642	0	
3.71877	1	1394300	1394300	0	
3.72109	1	1395086	1395086	0	
3.72109	1	1395760	1395760	0	
3.7234	1	1396530	1396530	0	
3.7234	1	1397220	1397220	0	
3.72571	1	1397974	1397974	0	
3.72571	1	1398680	1398680	0	
3.72803	1	1399418	1399418	0	
3.72803	1	1400140	1400140	0	
3.73034	1	1400862	1400862	0	
3.73034	1	1401600	1401600	0	
3.73266	1	1402306	1402306	0	
3.73266	1	1403060	1403060	0	
3.73497	1	1403750	1403750	0	
3.73497	1	1404520	1404520	0	
3.73738	1	1405194	1405194	0	
3.73738	1	1405980	1405980	0	
3.7397	1	1406638	1406638	0	
3.7397	1	1407440	1407440	0	
3.74201	1	1408082	1408082	0	
3.74201	1	1408900	1408900	0	
3.74433	1	1409526	1409526	0	
3.74433	1	1410360	1410360	0	
3.74664	1	1410970	1410970	0	
3.74664	1	1411820	1411820	0	
3.74905	1	1412414	1412414	0	
3.74905	1	1413280	1413280	0	
3.75136	1	1413858	1413858	0	
3.75136	1	1414740	1414740	0	
3.75361	1	1415302	1415302	0	
3.75361	1	1416200	1416200	0	
3.75585	1	1416746	1416746	0	
3.75585	1	1417660	1417660	0	
3.7581	1	1418190	1418190	0	
3.7581	1	1419120	1419120	0	
3.76035	1	1419634	1419634	0	
3.76035	1	1420580	1420580	0	
3.76259	1	1421078	1421078	0	
3.76259	1	1422040	1422040	0	
3.76493	1	1422522	1422522	0	
3.76493	1	1423500	1423500	0	
3.76717	1	1423966	1423966	0	
3.76717	1	1424960	1424960	0	
3.76942	1	1425410	1425410	0	
3.76942	1	1426420	1426420	0	
3.77166	1	1426854	1426854	0	
3.77166	1	1427880	1427880	0	
3.77391	1	1428298	1428298	0	
3.77391	1	1429340	1429340	0	
3.77615	1	1429742	1429742	0	
3.77615	1	1430800	1430800	0	
3.77849	1	1431186	1431186	0	
3.77849	1	1432260	1432260	0	
3.78074	1	1432630	1432630	0	
3.78074	1	1433720	1433720	0	
3.78298	1	1434074	1434074	0	
3.78298	1	1435180	1435180	0	
3.78523	1	1435518	1435518	0	
3.78523	1	1436640	1436640	0	
3.78747	1	1436962	1436962	0	
3.78747	1	1438100	1438100	0	
3.78972	1	1438406	1438406	0	
3.78972	1	1439560	1439560	0	
3.79196	1	1439850	1439850	0	
3.79196	1	1441020	1441020	0	
3.7943	1	1441294	1441294	0	
3.7943	1	1442480	1442480	0	
3.79654	1	1442738	1442738	0	
3.79654	1	1443940	1443940	0	
3.79879	1	1444182	1444182	0	
3.79879	1	1445400	1445400	0	
3.80103	1	1445626	1445626	0	
3.80103	1	1446860	1446860	0	
3.80328	1	1447070	1447070	0	
3.80328	1	1448320	1448320	0	
3.80553	1	1448514	1448514	0	
3.80553	1	1449780	1449780	0	
3.80786	1	1449958	1449958	0	
3.80786	1	1451240	1451240	0	
3.81011	1	1451402	1451402	0	
3.81011	1	1452700	1452700	0	
3.81235	1	1452846	1452846	0	
3.81235	1	1454160	1454160	0	
3.8146	1	1454290	1454290	0	
3.8146	1	1455620	1455620	0	
3.81684	1	1455734	1455734	0	
3.81684	1	1457080	1457080	0	
3.81917	1	1457178	1457178	0	
3.81917	1	1458540	1458540	0	
3.82142	1	1458622	1458622	0	
3.82142	1	1460000	1460000	0	
3.82367	1	1460066	1460066	0	
3.82367	1	1461460	1461460	0	
3.82592	1	1461510	1461510	0	
3.82592	1	1462920	1462920	0	
3.82816	1	1462954	1462954	0	
3.82816	1	1464380	1464380	0	
3.8304	1	1464398	1464398	0	
3.8304	1	1465840	1465840	0	
3.83265	1	1465842	1465842	0	
3.83489	1	1467294	1467294	0	
3.83489	1	1467300	1467300	0	
3.83722	1	1468739	1468739	0	
3.83722	1	1468760	1468760	0	
3.83947	1	1470184	1470184	0	
3.83947	1	1470220	1470220	0	
3.84171	1	1471629	1471629	0	
3.84171	1	1471680	1471680	0	
3.84396	1	1473074	1473074	0	
3.84396	1	1473140	1473140	0	
3.84621	1	1474518	1474518	0	
3.84621	1	1474600	1474600	0	
3.84855	1	1475962	1475962	0	
3.84855	1	1476060	1476060	0	
3.85079	1	1477406	1477406	0	
3.85079	1	1477520	1477520	0	
3.85321	1	1478850	1478850	0	
3.85321	1	1478980	1478980	0	
3.85564	1	1480294	1480294	0	
3.85564	1	1480440	1480440	0	
3.85806	1	1481738	1481738	0	
3.85806	1	1481900	1481900	0	
3.86048	1	1483182	1483182	0	
3.86048	1	1483360	1483360	0	
3.8629	1	1484626	1484626	0	
3.8629	1	1484820	1484820	0	
3.86533	1	1486070	1486070	0	
3.86533	1	1486280	1486280	0	
3.86785	1	1487514	1487514	0	
3.86785	1	1487740	1487740	0	
3.87027	1	1488958	1488958	0	
3.87027	1	1489200	1489200	0	
3.8727	1	1490402	1490402	0	
3.8727	1	1490660	1490660	0	
3.87512	1	1491846	1491846	0	
3.87512	1	1492120	1492120	0	
3.87754	1	1493290	1493290	0	
3.87754	1	1493580	1493580	0	
3.88006	1	1494734	1494734	0	
3.88006	1	1495040	1495040	0	
3.88248	1	1496178	1496178	0	
3.88248	1	1496500	1496500	0	
3.8849	1	1497622	1497622	0	
3.8849	1	1497960	1497960	0	
3.88733	1	1499066	1499066	0	
3.88733	1	1499420	1499420	0	
3.88975	1	1500510	1500510	0	
3.88975	1	1500880	1500880	0	
3.89227	1	1501954	1501954	0	
3.89227	1	1502340	1502340	0	
3.8947	1	1503398	1503398	0	
3.8947	1	1503800	1503800	0	
3.89712	1	1504842	1504842	0	
3.89712	1	1505260	1505260	0	
3.89954	1	1506286	1506286	0	
3.89954	1	1506720	1506720	0	
3.90197	1	1507730	1507730	0	
3.90197	1	1508180	1508180	0	
3.90439	1	1509174	1509174	0	
3.90439	1	1509640	1509640	0	
3.90681	1	1510618	1510618	0	
3.90681	1	1511100	1511100	0	
3.90923	1	1512062	1512062	0	
3.90923	1	1512560	1512560	0	
3.91175	1	1513506	1513506	0	
3.91175	1	1514020	1514020	0	
3.91418	1	1514950	1514950	0	
3.91418	1	1515480	1515480	0	
3.9166	1	1516394	1516394	0	
3.9166	1	1516940	1516940	0	
3.91903	1	1517838	1517838	0	
3.91903	1	1518400	1518400	0	
3.92145	1	1519282	1519282	0	
3.92145	1	1519860	1519860	0	
3.92397	1	1520726	1520726	0	
3.92397	1	1521320	1521320	0	
3.92639	1	1522170	1522170	0	
3.92639	1	1522780	1522780	0	
3.92881	1	1523614	1523614	0	
3.92881	1	1524240	1524240	0	
3.93123	1	1525058	1525058	0	
3.93123	1	1525700	1525700	0	
3.93366	1	1526502	1526502	0	
3.93366	1	1527160	1527160	0	
3.93608	1	1527946	1527946	0	
3.93608	1	1528620	1528620	0	
3.93851	1	1529390	1529390	0	
3.93851	1	1530080	1530080	0	
3.94093	1	1530834	1530834	0	
3.94093	1	1531540	1531540	0	
3.94345	1	1532278	1532278	0	
3.94345	1	1533000	1533000	0	
3.94587	1	1533722	1533722	0	
3.94587	1	1534460	1534460	0	
3.9483	1	1535166	1535166	0	
3.9483	1	1535920	1535920	0	
3.95072	1	1536610	1536610	0	
3.95072	1	1537380	1537380	0	
3.95314	1	1538054	1538054	0	
3.95314	1	1538840	1538840	0	
3.95565	1	1539498	1539498	0	
3.95565	1	1540300	1540300	0	
3.95807	1	1540942	1540942	0	
3.95807	1	1541760	1541760	0	
3.9605	1	1542386	1542386	0	
3.9605	1	1543220	1543220	0	
3.96292	1	1543830	1543830	0	
3.96292	1	1544680	1544680	0	
3.96534	1	1545274	1545274	0	
3.96534	1	1546140	1546140	0	
3.96776	1	1546718	1546718	0	
3.96776	1	1547600	1547600	0	
3.97018	1	1548162	1548162	0	
3.97018	1	1549060	1549060	0	
3.9726	1	1549606	1549606	0	
3.9726	1	1550520	1550520	0	
3.97511	1	1551050	1551050	0	
3.97511	1	1551980	1551980	0	
3.97753	1	1552494	1552494	0	
3.97753	1	1553440	1553440	0	
3.97995	1	1553938	1553938	0	
3.97995	1	1554900	1554900	0	
3.98237	1	1555382	1555382	0	
3.98237	1	1556360	1556360	0	
3.9848	1	1556826	1556826	0	
3.9848	1	1557820	1557820	0	
3.98731	1	1558270	1558270	0	
3.98731	1	1559280	1559280	0	
3.98973	1	1559714	1559714	0	
3.98973	1	1560740	1560740	0	
3.99215	1	1561158	1561158	0	
3.99215	1	1562200	1562200	0	
3.99457	1	1562602	1562602	0	
3.99457	1	1563660	1563660	0	
3.99699	1	1564046	1564046	0	
3.99699	1	1565120	1565120	0	
3.99951	1	1565490	1565490	0	
3.99951	1	1566580	1566580	0	
4.00193	1	1566934	1566934	0	
4.00193	1	1568040	1568040	0	
4.00435	1	1568378	1568378	0	
4.00435	1	1569500	1569500	0	
4.00678	1	1569822	1569822	0	
4.00678	1	1570960	1570960	0	
4.0092	1	1571266	1571266	0	
4.0092	1	1572420	1572420	0	
4.01162	1	1572710	1572710	0	
4.01162	1	1573880	1573880	0	
4.01404	1	1574154	1574154	0	
4.01404	1	1575340	1575340	0	
4.01646	1	1575598	1575598	0	
4.01646	1	1576800	1576800	0	
4.01897	1	1577042	1577042	0	
4.01897	1	1578260	1578260	0	
4.02139	1	1578486	1578486	0	
4.02139	1	1579720	1579720	0	
4.02381	1	1579930	1579930	0	
4.02381	1	1581180	1581180	0	
4.02623	1	1581374	1581374	0	
4.02623	1	1582640	1582640	0	
4.02865	1	1582818	1582818	0	
4.02865	1	1584100	1584100	0	
4.03117	1	1584262	1584262	0	
4.03117	1	1585560	1585560	0	
4.03359	1	1585706	1585706	0	
4.03359	1	1587020	1587020	0	
4.03601	1	1587150	1587150	0	
4.03601	1	1588480	1588480	0	
4.03843	1	1588594	1588594	0	
4.03843	1	1589940	1589940	0	
4.04085	1	1590038	1590038	0	
4.04085	1	1591400	1591400	0	
4.04327	1	1591482	1591482	0	
4.04327	1	1592860	1592860	0	
4.04569	1	1592926	1592926	0	
4.04569	1	1594320	1594320	0	
4.04811	1	1594370	1594370	0	
4.04811	1	1595780	1595780	0	
4.05062	1	1595814	1595814	0	
4.05062	1	1597240	1597240	0	
4.05304	1	1597258	1597258	0	
4.05304	1	1598700	1598700	0	
4.05546	1	1598702	1598702	0	
4.05788	1	1600154	1600154	0	
4.05788	1	1600160	1600160	0	
4.06029	1	1601599	1601599	0	
4.06029	1	1601620	1601620	0	
4.0628	1	1603044	1603044	0	
4.0628	1	1603080	1603080	0	
4.06522	1	1604489	1604489	0	
4.06522	1	1604540	1604540	0	
4.06764	1	1605934	1605934	0	
4.06764	1	1606000	1606000	0	
4.07006	1	1607378	1607378	0	
4.07006	1	1607460	1607460	0	
4.07247	1	1608822	1608822	0	
4.07247	1	1608920	1608920	0	
4.07489	1	1610266	1610266	0	
4.07489	1	1610380	1610380	0	
4.07731	1	1611710	1611710	0	
4.07731	1	1611840	1611840	0	
4.07973	1	1613154	1613154	0	
4.07973	1	1613300	1613300	0	
4.08224	1	1614598	1614598	0	
4.08224	1	1614760	1614760	0	
4.08466	1	1616042	1616042	0	
4.08466	1	1616220	1616220	0	
4.08708	1	1617486	1617486	0	
4.08708	1	1617680	1617680	0	
4.08949	1	1618930	1618930	0	
4.08949	1	1619140	1619140	0	
4.09191	1	1620374	1620374	0	
4.09191	1	1620600	1620600	0	
4.09442	1	1621818	1621818	0	
4.09442	1	1622060	1622060	0	
4.09684	1	1623262	1623262	0	
4.09684	1	1623520	1623520	0	
4.09926	1	1624706	1624706	0	
4.09926	1	1624980	1624980	0	
4.10168	1	1626150	1626150	0	
4.10168	1	1626440	1626440	0	
4.1041	1	1627594	1627594	0	
4.1041	1	1627900	1627900	0	
4.10661	1	1629038	1629038	0	
4.10661	1	1629360	1629360	0	
4.10903	1	1630482	1630482	0	
4.10903	1	1630820	1630820	0	
4.11144	1	1631926	1631926	0	
4.11144	1	1632280	1632280	0	
4.11386	1	1633370	1633370	0	
4.11386	1	1633740	1633740	0	
4.11628	1	1634814	1634814	0	
4.11628	1	1635200	1635200	0	
4.11869	1	1636258	1636258	0	
4.11869	1	1636660	1636660	0	
4.12111	1	1637702	1637702	0	
4.12111	1	1638120	1638120	0	
4.12354	1	1639146	1639146	0	
4.12354	1	1639580	1639580	0	
4.12605	1	1640590	1640590	0	
4.12605	1	1641040	1641040	0	
4.12846	1	1642034	1642034	0	
4.12846	1	1642500	1642500	0	
4.13088	1	1643478	1643478	0	
4.13088	1	1643960	1643960	0	
4.1333	1	1644922	1644922	0	
4.1333	1	1645420	1645420	0	
4.13571	1	1646366	1646366	0	
4.13571	1	1646880	1646880	0	
4.13823	1	1647810	1647810	0	
4.13823	1	1648340	1648340	0	
4.14064	1	1649254	1649254	0	
4.14064	1	1649800	1649800	0	
4.14306	1	1650698	1650698	0	
4.14306	1	1651260	1651260	0	
4.14548	1	1652142	1652142	0	
4.14548	1	1652720	1652720	0	
4.1479	1	1653586	1653586	0	
4.1479	1	1654180	1654180	0	
4.15032	1	1655030	1655030	0	
4.15032	1	1655640	1655640	0	
4.15269	1	1656474	1656474	0	
4.15269	1	1657100	1657100	0	
4.15507	1	1657918	1657918	0	
4.15507	1	1658560	1658560	0	
4.15753	1	1659362	1659362	0	
4.15753	1	1660020	1660020	0	
4.15991	1	1660806	1660806	0	
4.15991	1	1661480	1661480	0	
4.16228	1	1662250	1662250	0	
4.16228	1	1662940	1662940	0	
4.16466	1	1663694	1663694	0	
4.16466	1	1664400	1664400	0	
4.16703	1	1665138	1665138	0	
4.16703	1	1665860	1665860	0	
4.1695	1	1666582	1666582	0	
4.1695	1	1667320	1667320	0	
4.17188	1	1668026	1668026	0	
4.17188	1	1668780	1668780	0	
4.17425	1	1669470	1669470	0	
4.17425	1	1670240	1670240	0	
4.17663	1	1670914	1670914	0	
4.17663	1	1671700	1671700	0	
4.179	1	1672358	1672358	0	
4.179	1	1673160	1673160	0	
4.18147	1	1673802	1673802	0	
4.18147	1	1674620	1674620	0	
4.18384	1	1675246	1675246	0	
4.18384	1	1676080	1676080	0	
4.18621	1	1676690	1676690	0	
4.18621	1	1677540	1677540	0	
4.18859	1	1678134	1678134	0	
4.18859	1	1679000	1679000	0	
4.19097	1	1679578	1679578	0	
4.19097	1	1680460	1680460	0	
4.19334	1	1681022	1681022	0	
4.19334	1	1681920	1681920	0	
4.19572	1	1682466	1682466	0	
4.19572	1	1683380	1683380	0	
4.19809	1	1683910	1683910	0	
4.19809	1	1684840	1684840	0	
4.20047	1	1685354	1685354	0	
4.20047	1	1686300	1686300	0	
4.20293	1	1686798	1686798	0	
4.20293	1	1687760	1687760	0	
4.20531	1	1688242	1688242	0	
4.20531	1	1689220	1689220	0	
4.20768	1	1689686	1689686	0	
4.20768	1	1690680	1690680	0	
4.21006	1	1691130	1691130	0	
4.21006	1	1692140	1692140	0	
4.21243	1	1692574	1692574	0	
4.21243	1	1693600	1693600	0	
4.2149	1	1694018	1694018	0	
4.2149	1	1695060	1695060	0	
4.21728	1	1695462	1695462	0	
4.21728	1	1696520	1696520	0	
4.21965	1	1696906	1696906	0	
4.21965	1	1697980	1697980	0	
4.22203	1	1698350	1698350	0	
4.22203	1	1699440	1699440	0	
4.2244	1	1699794	1699794	0	
4.2244	1	1700900	1700900	0	
4.22677	1	1701238	1701238	0	
4.22677	1	1702360	1702360	0	
4.22915	1	1702682	1702682	0	
4.22915	1	1703820	1703820	0	
4.23152	1	1704126	1704126	0	
4.23152	1	1705280	1705280	0	
4.23399	1	1705570	1705570	0	
4.23399	1	1706740	1706740	0	
4.23637	1	1707014	1707014	0	
4.23637	1	1708200	1708200	0	
4.23874	1	1708458	1708458	0	
4.23874	1	1709660	1709660	0	
4.24112	1	1709902	1709902	0	
4.24112	1	1711120	1711120	0	
4.24349	1	1711346	1711346	0	
4.24349	1	1712580	1712580	0	
4.24596	1	1712790	1712790	0	
4.24596	1	1714040	1714040	0	
4.24833	1	1714234	1714234	0	
4.24833	1	1715500	1715500	0	
4.25071	1	1715678	1715678	0	
4.25071	1	1716960	1716960	0	
4.25311	1	1717122	1717122	0	
4.25311	1	1718420	1718420	0	
4.25551	1	1718566	1718566	0	
4.25551	1	1719880	1719880	0	
4.2579	1	1720010	1720010	0	
4.2579	1	1721340	1721340	0	
4.26031	1	1721454	1721454	0	
4.26031	1	1722800	1722800	0	
4.26271	1	1722898	1722898	0	
4.26271	1	1724260	1724260	0	
4.2652	1	1724342	1724342	0	
4.2652	1	1725720	1725720	0	
4.2676	1	1725786	1725786	0	
4.2676	1	1727180	1727180	0	
4.27	1	1727230	1727230	0	
4.27	1	1728640	1728640	0	
4.2724	1	1728674	1728674	0	
4.2724	1	1730100	1730100	0	
4.27479	1	1730118	1730118	0	
4.27479	1	1731560	1731560	0	
4.27728	1	1731562	1731562	0	
4.27968	1	1733014	1733014	0	
4.27968	1	1733020	1733020	0	
4.28209	1	1734459	1734459	0	
4.28209	1	1734480	1734480	0	
4.28449	1	1735904	1735904	0	
4.28449	1	1735940	1735940	0	
4.28689	1	1737349	1737349	0	
4.28689	1	1737400	1737400	0	
4.28938	1	1738794	1738794	0	
4.28938	1	1738860	1738860	0	
4.29178	1	1740238	1740238	0	
4.29178	1	1740320	1740320	0	
4.29418	1	1741682	1741682	0	
4.29418	1	1741780	1741780	0	
4.29658	1	1743126	1743126	0	
4.29658	1	1743240	1743240	0	
4.29897	1	1744570	1744570	0	
4.29897	1	1744700	1744700	0	
4.30137	1	1746014	1746014	0	
4.30137	1	1746160	1746160	0	
4.30377	1	1747458	1747458	0	
4.30377	1	1747620	1747620	0	
4.30618	1	1748902	1748902	0	
4.30618	1	1749080	1749080	0	
4.30867	1	1750346	1750346	0	
4.30867	1	1750540	1750540	0	
4.31107	1	1751790	1751790	0	
4.31107	1	1752000	1752000	0	
4.31347	1	1753234	1753234	0	
4.31347	1	1753460	1753460	0	
4.31587	1	1754678	1754678	0	
4.31587	1	1754920	1754920	0	
4.31827	1	1756122	1756122	0	
4.31827	1	1756380	1756380	0	
4.32076	1	1757566	1757566	0	
4.32076	1	1757840	1757840	0	
4.32316	1	1759010	1759010	0	
4.32316	1	1759300	1759300	0	
4.32556	1	1760454	1760454	0	
4.32556	1	1760760	1760760	0	
4.32796	1	1761898	1761898	0	
4.32796	1	1762220	1762220	0	
4.33036	1	1763342	1763342	0	
4.33036	1	1763680	1763680	0	
4.33276	1	1764786	1764786	0	
4.33276	1	1765140	1765140	0	
4.33516	1	1766230	1766230	0	
4.33516	1	1766600	1766600	0	
4.33756	1	1767674	1767674	0	
4.33756	1	1768060	1768060	0	
4.34005	1	1769118	1769118	0	
4.34005	1	1769520	1769520	0	
4.34245	1	1770562	1770562	0	
4.34245	1	1770980	1770980	0	
4.34485	1	1772006	1772006	0	
4.34485	1	1772440	1772440	0	
4.34725	1	1773450	1773450	0	
4.34725	1	1773900	1773900	0	
4.34965	1	1774894	1774894	0	
4.34965	1	1775360	1775360	0	
4.35215	1	1776338	1776338	0	
4.35215	1	1776820	1776820	0	
4.35459	1	1777782	1777782	0	
4.35459	1	1778280	1778280	0	
4.35703	1	1779226	1779226	0	
4.35703	1	1779740	1779740	0	
4.35947	1	1780670	1780670	0	
4.35947	1	1781200	1781200	0	
4.36191	1	1782114	1782114	0	
4.36191	1	1782660	1782660	0	
4.36435	1	1783558	1783558	0	
4.36435	1	1784120	1784120	0	
4.36679	1	1785002	1785002	0	
4.36679	1	1785580	1785580	0	
4.36923	1	1786446	1786446	0	
4.36923	1	1787040	1787040	0	
4.37176	1	1787890	1787890	0	
4.37176	1	1788500	1788500	0	
4.37421	1	1789334	1789334	0	
4.37421	1	1789960	1789960	0	
4.37665	1	1790778	1790778	0	
4.37665	1	1791420	1791420	0	
4.37909	1	1792222	1792222	0	
4.37909	1	1792880	1792880	0	
4.38153	1	1793666	1793666	0	
4.38153	1	1794340	1794340	0	
4.38407	1	1795110	1795110	0	
4.38407	1	1795800	1795800	0	
4.38651	1	1796554	1796554	0	
4.38651	1	1797260	1797260	0	
4.38895	1	1797998	1797998	0	
4.38895	1	1798720	1798720	0	
4.39139	1	1799442	1799442	0	
4.39139	1	1800180	1800180	0	
4.39383	1	1800886	1800886	0	
4.39383	1	1801640	1801640	0	
4.39637	1	1802330	1802330	0	
4.39637	1	1803100	1803100	0	
4.39881	1	1803774	1803774	0	
4.39881	1	1804560	1804560	0	
4.40125	1	1805218	1805218	0	
4.40125	1	1806020	1806020	0	
4.40369	1	1806662	1806662	0	
4.40369	1	1807480	1807480	0	
4.40613	1	1808106	1808106	0	
4.40613	1	1808940	1808940	0	
4.40857	1	1809550	1809550	0	
4.40857	1	1810400	1810400	0	
4.41101	1	1810994	1810994	0	
4.41101	1	1811860	1811860	0	
4.41345	1	1812438	1812438	0	
4.41345	1	1813320	1813320	0	
4.41599	1	1813882	1813882	0	
4.41599	1	1814780	1814780	0	
4.41843	1	1815326	1815326	0	
4.41843	1	1816240	1816240	0	
4.42088	1	1816770	1816770	0	
4.42088	1	1817700	1817700	0	
4.42332	1	1818214	1818214	0	
4.42332	1	1819160	1819160	0	
4.42576	1	1819658	1819658	0	
4.42576	1	1820620	1820620	0	
4.42829	1	1821102	1821102	0	
4.42829	1	1822080	1822080	0	
4.43073	1	1822546	1822546	0	
4.43073	1	1823540	1823540	0	
4.43317	1	1823990	1823990	0	
4.43317	1	1825000	1825000	0	
4.43561	1	1825434	1825434	0	
4.43561	1	1826460	1826460	0	
4.43805	1	1826878	1826878	0	
4.43805	1	1827920	1827920	0	
4.44049	1	1828322	1828322	0	
4.44049	1	1829380	1829380	0	
4.44293	1	1829766	1829766	0	
4.44293	1	1830840	1830840	0	
4.44538	1	1831210	1831210	0	
4.44538	1	1832300	1832300	0	
4.44792	1	1832654	1832654	0	
4.44792	1	1833760	1833760	0	
4.45036	1	1834098	1834098	0	
4.45036	1	1835220	1835220	0	
4.45262	1	1835542	1835542	0	
4.45262	1	1836680	1836680	0	
4.45489	1	1836986	1836986	0	
4.45489	1	1838140	1838140	0	
4.45716	1	1838430	1838430	0	
4.45716	1	1839600	1839600	0	
4.45952	1	1839874	1839874	0	
4.45952	1	1841060	1841060	0	
4.46178	1	1841318	1841318	0	
4.46178	1	1842520	1842520	0	
4.46405	1	1842762	1842762	0	
4.46405	1	1843980	1843980	0	
4.46633	1	1844206	1844206	0	
4.46633	1	1845440	1845440	0	
4.46859	1	1845650	1845650	0	
4.46859	1	1846900	1846900	0	
4.47086	1	1847094	1847094	0	
4.47086	1	1848360	1848360	0	
4.47313	1	1848538	1848538	0	
4.47313	1	1849820	1849820	0	
4.4754	1	1849982	1849982	0	
4.4754	1	1851280	1851280	0	
4.47775	1	1851426	1851426	0	
4.47775	1	1852740	1852740	0	
4.48002	1	1852870	1852870	0	
4.48002	1	1854200	1854200	0	
4.48229	1	1854314	1854314	0	
4.48229	1	1855660	1855660	0	
4.48456	1	1855758	1855758	0	
4.48456	1	1857120	1857120	0	
4.48682	1	1857202	1857202	0	
4.48682	1	1858580	1858580	0	
4.48919	1	1858646	1858646	0	
4.48919	1	1860040	1860040	0	
4.49145	1	1860090	1860090	0	
4.49145	1	1861500	1861500	0	
4.49372	1	1861534	1861534	0	
4.49372	1	1862960	1862960	0	
4.49599	1	1862978	1862978	0	
4.49599	1	1864420	1864420	0	
4.49825	1	1864422	1864422	0	
4.50061	1	1865874	1865874	0	
4.50061	1	1865880	1865880	0	
4.50288	1	1867319	1867319	0	
4.50288	1	1867340	1867340	0	
4.50514	1	1868764	1868764	0	
4.50514	1	1868800	1868800	0	
4.50741	1	1870209	1870209	0	
4.50741	1	1870260	1870260	0	
4.50969	1	1871654	1871654	0	
4.50969	1	1871720	1871720	0	
4.51195	1	1873098	1873098	0	
4.51195	1	1873180	1873180	0	
4.51422	1	1874542	1874542	0	
4.51422	1	1874640	1874640	0	
4.51649	1	1875986	1875986	0	
4.51649	1	1876100	1876100	0	
4.51884	1	1877430	1877430	0	
4.51884	1	1877560	1877560	0	
4.52111	1	1878874	1878874	0	
4.52111	1	1879020	1879020	0	
4.52338	1	1880318	1880318	0	
4.52338	1	1880480	1880480	0	
4.52565	1	1881762	1881762	0	
4.52565	1	1881940	1881940	0	
4.52792	1	1883206	1883206	0	
4.52792	1	1883400	1883400	0	
4.53028	1	1884650	1884650	0	
4.53028	1	1884860	1884860	0	
4.53255	1	1886094	1886094	0	
4.53255	1	1886320	1886320	0	
4.53481	1	1887538	1887538	0	
4.53481	1	1887780	1887780	0	
4.53708	1	1888982	1888982	0	
4.53708	1	1889240	1889240	0	
4.53935	1	1890426	1890426	0	
4.53935	1	1890700	1890700	0	
4.54162	1	1891870	1891870	0	
4.54162	1	1892160	1892160	0	
4.54389	1	1893314	1893314	0	
4.54389	1	1893620	1893620	0	
4.54615	1	1894758	1894758	0	
4.54615	1	1895080	1895080	0	
4.54851	1	1896202	1896202	0	
4.54851	1	1896540	1896540	0	
4.55078	1	1897646	1897646	0	
4.55078	1	1898000	1898000	0	
4.55322	1	1899090	1899090	0	
4.55322	1	1899460	1899460	0	
4.55565	1	1900534	1900534	0	
4.55565	1	1900920	1900920	0	
4.55809	1	1901978	1901978	0	
4.55809	1	1902380	1902380	0	
4.56062	1	1903422	1903422	0	
4.56062	1	1903840	1903840	0	
4.56305	1	1904866	1904866	0	
4.56305	1	1905300	1905300	0	
4.56548	1	1906310	1906310	0	
4.56548	1	1906760	1906760	0	
4.56792	1	1907754	1907754	0	
4.56792	1	1908220	1908220	0	
4.57035	1	1909198	1909198	0	
4.57035	1	1909680	1909680	0	
4.57288	1	1910642	1910642	0	
4.57288	1	1911140	1911140	0	
4.57532	1	1912086	1912086	0	
4.57532	1	1912600	1912600	0	
4.57776	1	1913530	1913530	0	
4.57776	1	1914060	1914060	0	
4.58019	1	1914974	1914974	0	
4.58019	1	1915520	1915520	0	
4.58263	1	1916418	1916418	0	
4.58263	1	1916980	1916980	0	
4.58506	1	1917862	1917862	0	
4.58506	1	1918440	1918440	0	
4.5875	1	1919306	1919306	0	
4.5875	1	1919900	1919900	0	
4.58993	1	1920750	1920750	0	
4.58993	1	1921360	1921360	0	
4.59246	1	1922194	1922194	0	
4.59246	1	1922820	1922820	0	
4.59489	1	1923638	1923638	0	
4.59489	1	1924280	1924280	0	
4.59733	1	1925082	1925082	0	
4.59733	1	1925740	1925740	0	
4.59977	1	1926526	1926526	0	
4.59977	1	1927200	1927200	0	
4.6022	1	1927970	1927970	0	
4.6022	1	1928660	1928660	0	
4.60473	1	1929414	1929414	0	
4.60473	1	1930120	1930120	0	
4.60717	1	1930858	1930858	0	
4.60717	1	1931580	1931580	0	
4.6096	1	1932302	1932302	0	
4.6096	1	1933040	1933040	0	
4.61203	1	1933746	1933746	0	
4.61203	1	1934500	1934500	0	
4.61447	1	1935190	1935190	0	
4.61447	1	1935960	1935960	0	
4.6169	1	1936634	1936634	0	
4.6169	1	1937420	1937420	0	
4.61934	1	1938078	1938078	0	
4.61934	1	1938880	1938880	0	
4.62177	1	1939522	1939522	0	
4.62177	1	1940340	1940340	0	
4.62431	1	1940966	1940966	0	
4.62431	1	1941800	1941800	0	
4.62674	1	1942410	1942410	0	
4.62674	1	1943260	1943260	0	
4.62918	1	1943854	1943854	0	
4.62918	1	1944720	1944720	0	
4.63161	1	1945298	1945298	0	
4.63161	1	1946180	1946180	0	
4.63405	1	1946742	1946742	0	
4.63405	1	1947640	1947640	0	
4.63657	1	1948186	1948186	0	
4.63657	1	1949100	1949100	0	
4.63901	1	1949630	1949630	0	
4.63901	1	1950560	1950560	0	
4.64144	1	1951074	1951074	0	
4.64144	1	1952020	1952020	0	
4.64388	1	1952518	1952518	0	
4.64388	1	1953480	1953480	0	
4.64632	1	1953962	1953962	0	
4.64632	1	1954940	1954940	0	
4.64875	1	1955406	1955406	0	
4.64875	1	1956400	1956400	0	
4.65119	1	1956850	1956850	0	
4.65119	1	1957860	1957860	0	
4.65356	1	1958294	1958294	0	
4.65356	1	1959320	1959320	0	
4.65594	1	1959738	1959738	0	
4.65594	1	1960780	1960780	0	
4.65841	1	1961182	1961182	0	
4.65841	1	1962240	1962240	0	
4.66078	1	1962626	1962626	0	
4.66078	1	1963700	1963700	0	
4.66316	1	1964070	1964070	0	
4.66316	1	1965160	1965160	0	
4.66553	1	1965514	1965514	0	
4.66553	1	1966620	1966620	0	
4.66791	1	1966958	1966958	0	
4.66791	1	1968080	1968080	0	
4.67038	1	1968402	1968402	0	
4.67038	1	1969540	1969540	0	
4.67276	1	1969846	1969846	0	
4.67276	1	1971000	1971000	0	
4.67513	1	1971290	1971290	0	
4.67513	1	1972460	1972460	0	
4.67751	1	1972734	1972734	0	
4.67751	1	1973920	1973920	0	
4.67988	1	1974178	1974178	0	
4.67988	1	1975380	1975380	0	
4.68235	1	1975622	1975622	0	
4.68235	1	1976840	1976840	0	
4.68472	1	1977066	1977066	0	
4.68472	1	1978300	1978300	0	
4.6871	1	1978510	1978510	0	
4.6871	1	1979760	1979760	0	
4.68948	1	1979954	1979954	0	
4.68948	1	1981220	1981220	0	
4.69186	1	1981398	1981398	0	
4.69186	1	1982680	1982680	0	
4.69423	1	1982842	1982842	0	
4.69423	1	1984140	1984140	0	
4.69661	1	1984286	1984286	0	
4.69661	1	1985600	1985600	0	
4.69898	1	1985730	1985730	0	
4.69898	1	1987060	1987060	0	
4.70145	1	1987174	1987174	0	
4.70145	1	1988520	1988520	0	
4.70383	1	1988618	1988618	0	
4.70383	1	1989980	1989980	0	
4.7062	1	1990062	1990062	0	
4.7062	1	1991440	1991440	0	
4.70858	1	1991506	1991506	0	
4.70858	1	1992900	1992900	0	
4.71095	1	1992950	1992950	0	
4.71095	1	1994360	1994360	0	
4.71342	1	1994394	1994394	0	
4.71342	1	1995820	1995820	0	
4.7158	1	1995838	1995838	0	
4.7158	1	1997280	1997280	0	
4.71817	1	1997282	1997282	0	
4.72055	1	1998734	1998734	0	
4.72055	1	1998740	1998740	0	
4.72292	1	2000179	2000179	0	
4.72292	1	2000200	2000200	0	
4.7253	1	2001624	2001624	0	
4.7253	1	2001660	2001660	0	
4.72767	1	2003069	2003069	0	
4.72767	1	2003120	2003120	0	
4.73005	1	2004514	2004514	0	
4.73005	1	2004580	2004580	0	
4.73251	1	2005958	2005958	0	
4.73251	1	2006040	2006040	0	
4.73489	1	2007402	2007402	0	
4.73489	1	2007500	2007500	0	
4.73727	1	2008846	2008846	0	
4.73727	1	2008960	2008960	0	
4.73965	1	2010290	2010290	0	
4.73965	1	2010420	2010420	0	
4.74202	1	2011734	2011734	0	
4.74202	1	2011880	2011880	0	
4.74449	1	2013178	2013178	0	
4.74449	1	2013340	2013340	0	
4.74687	1	2014622	2014622	0	
4.74687	1	2014800	2014800	0	
4.74924	1	2016066	2016066	0	
4.74924	1	2016260	2016260	0	
4.75162	1	2017510	2017510	0	
4.75162	1	2017720	2017720	0	
4.75387	1	2018954	2018954	0	
4.75387	1	2019180	2019180	0	
4.75612	1	2020398	2020398	0	
4.75612	1	2020640	2020640	0	
4.75838	1	2021842	2021842	0	
4.75838	1	2022100	2022100	0	
4.76064	1	2023286	2023286	0	
4.76064	1	2023560	2023560	0	
4.76298	1	2024730	2024730	0	
4.76298	1	2025020	2025020	0	
4.76524	1	2026174	2026174	0	
4.76524	1	2026480	2026480	0	
4.76749	1	2027618	2027618	0	
4.76749	1	2027940	2027940	0	
4.76975	1	2029062	2029062	0	
4.76975	1	2029400	2029400	0	
4.772	1	2030506	2030506	0	
4.772	1	2030860	2030860	0	
4.77435	1	2031950	2031950	0	
4.77435	1	2032320	2032320	0	
4.7766	1	2033394	2033394	0	
4.7766	1	2033780	2033780	0	
4.77886	1	2034838	2034838	0	
4.77886	1	2035240	2035240	0	
4.78112	1	2036282	2036282	0	
4.78112	1	2036700	2036700	0	
4.78337	1	2037726	2037726	0	
4.78337	1	2038160	2038160	0	
4.78572	1	2039170	2039170	0	
4.78572	1	2039620	2039620	0	
4.78797	1	2040614	2040614	0	
4.78797	1	2041080	2041080	0	
4.79022	1	2042058	2042058	0	
4.79022	1	2042540	2042540	0	
4.79248	1	2043502	2043502	0	
4.79248	1	2044000	2044000	0	
4.79473	1	2044946	2044946	0	
4.79473	1	2045460	2045460	0	
4.79699	1	2046390	2046390	0	
4.79699	1	2046920	2046920	0	
4.79924	1	2047834	2047834	0	
4.79924	1	2048380	2048380	0	
4.8015	1	2049278	2049278	0	
4.8015	1	2049840	2049840	0	
4.80385	1	2050722	2050722	0	
4.80385	1	2051300	2051300	0	
4.8061	1	2052166	2052166	0	
4.8061	1	2052760	2052760	0	
4.80836	1	2053610	2053610	0	
4.80836	1	2054220	2054220	0	
4.81061	1	2055054	2055054	0	
4.81061	1	2055680	2055680	0	
4.81287	1	2056498	2056498	0	
4.81287	1	2057140	2057140	0	
4.81521	1	2057942	2057942	0	
4.81521	1	2058600	2058600	0	
4.81747	1	2059386	2059386	0	
4.81747	1	2060060	2060060	0	
4.81972	1	2060830	2060830	0	
4.81972	1	2061520	2061520	0	
4.82198	1	2062274	2062274	0	
4.82198	1	2062980	2062980	0	
4.82424	1	2063718	2063718	0	
4.82424	1	2064440	2064440	0	
4.82649	1	2065162	2065162	0	
4.82649	1	2065900	2065900	0	
4.82875	1	2066606	2066606	0	
4.82875	1	2067360	2067360	0	
4.831	1	2068050	2068050	0	
4.831	1	2068820	2068820	0	
4.83334	1	2069494	2069494	0	
4.83334	1	2070280	2070280	0	
4.8356	1	2070938	2070938	0	
4.8356	1	2071740	2071740	0	
4.83785	1	2072382	2072382	0	
4.83785	1	2073200	2073200	0	
4.84011	1	2073826	2073826	0	
4.84011	1	2074660	2074660	0	
4.84236	1	2075270	2075270	0	
4.84236	1	2076120	2076120	0	
4.84471	1	2076714	2076714	0	
4.84471	1	2077580	2077580	0	
4.84697	1	2078158	2078158	0	
4.84697	1	2079040	2079040	0	
4.84922	1	2079602	2079602	0	
4.84922	1	2080500	2080500	0	
4.85148	1	2081046	2081046	0	
4.85148	1	2081960	2081960	0	
4.85376	1	2082490	2082490	0	
4.85376	1	2083420	2083420	0	
4.85604	1	2083934	2083934	0	
4.85604	1	2084880	2084880	0	
4.85832	1	2085378	2085378	0	
4.85832	1	2086340	2086340	0	
4.8606	1	2086822	2086822	0	
4.8606	1	2087800	2087800	0	
4.86297	1	2088266	2088266	0	
4.86297	1	2089260	2089260	0	
4.86525	1	2089710	2089710	0	
4.86525	1	2090720	2090720	0	
4.86754	1	2091154	2091154	0	
4.86754	1	2092180	2092180	0	
4.86982	1	2092598	2092598	0	
4.86982	1	2093640	2093640	0	
4.8721	1	2094042	2094042	0	
4.8721	1	2095100	2095100	0	
4.87447	1	2095486	2095486	0	
4.87447	1	2096560	2096560	0	
4.87675	1	2096930	2096930	0	
4.87675	1	2098020	2098020	0	
4.87903	1	2098374	2098374	0	
4.87903	1	2099480	2099480	0	
4.88131	1	2099818	2099818	0	
4.88131	1	2100940	2100940	0	
4.88359	1	2101262	2101262	0	
4.88359	1	2102400	2102400	0	
4.88596	1	2102706	2102706	0	
4.88596	1	2103860	2103860	0	
4.88824	1	2104150	2104150	0	
4.88824	1	2105320	2105320	0	
4.89053	1	2105594	2105594	0	
4.89053	1	2106780	2106780	0	
4.89281	1	2107038	2107038	0	
4.89281	1	2108240	2108240	0	
4.89509	1	2108482	2108482	0	
4.89509	1	2109700	2109700	0	
4.89737	1	2109926	2109926	0	
4.89737	1	2111160	2111160	0	
4.89965	1	2111370	2111370	0	
4.89965	1	2112620	2112620	0	
4.90193	1	2112814	2112814	0	
4.90193	1	2114080	2114080	0	
4.9043	1	2114258	2114258	0	
4.9043	1	2115540	2115540	0	
4.90658	1	2115702	2115702	0	
4.90658	1	2117000	2117000	0	
4.90886	1	2117146	2117146	0	
4.90886	1	2118460	2118460	0	
4.91114	1	2118590	2118590	0	
4.91114	1	2119920	2119920	0	
4.91343	1	2120034	2120034	0	
4.91343	1	2121380	2121380	0	
4.91579	1	2121478	2121478	0	
4.91579	1	2122840	2122840	0	
4.91807	1	2122922	2122922	0	
4.91807	1	2124300	2124300	0	
4.92036	1	2124366	2124366	0	
4.92036	1	2125760	2125760	0	
4.92263	1	2125810	2125810	0	
4.92263	1	2127220	2127220	0	
4.92491	1	2127254	2127254	0	
4.92491	1	2128680	2128680	0	
4.92719	1	2128698	2128698	0	
4.92719	1	2130140	2130140	0	
4.92947	1	2130142	2130142	0	
4.93175	1	2131594	2131594	0	
4.93175	1	2131600	2131600	0	
4.93413	1	2133039	2133039	0	
4.93413	1	2133060	2133060	0	
4.93641	1	2134484	2134484	0	
4.93641	1	2134520	2134520	0	
4.93869	1	2135929	2135929	0	
4.93869	1	2135980	2135980	0	
4.94097	1	2137374	2137374	0	
4.94097	1	2137440	2137440	0	
4.94325	1	2138818	2138818	0	
4.94325	1	2138900	2138900	0	
4.94562	1	2140262	2140262	0	
4.94562	1	2140360	2140360	0	
4.9479	1	2141706	2141706	0	
4.9479	1	2141820	2141820	0	
4.95018	1	2143150	2143150	0	
4.95018	1	2143280	2143280	0	
4.95254	1	2144594	2144594	0	
4.95254	1	2144740	2144740	0	
4.9549	1	2146038	2146038	0	
4.9549	1	2146200	2146200	0	
4.95726	1	2147482	2147482	0	
4.95726	1	2147660	2147660	0	
4.95961	1	2148926	2148926	0	
4.95961	1	2149120	2149120	0	
4.96197	1	2150370	2150370	0	
4.96197	1	2150580	2150580	0	
4.96442	1	2151814	2151814	0	
4.96442	1	2152040	2152040	0	
4.96677	1	2153258	2153258	0	
4.96677	1	2153500	2153500	0	
4.96913	1	2154702	2154702	0	
4.96913	1	2154960	2154960	0	
4.97149	1	2156146	2156146	0	
4.97149	1	2156420	2156420	0	
4.97384	1	2157590	2157590	0	
4.97384	1	2157880	2157880	0	
4.9763	1	2159034	2159034	0	
4.9763	1	2159340	2159340	0	
4.97865	1	2160478	2160478	0	
4.97865	1	2160800	2160800	0	
4.98101	1	2161922	2161922	0	
4.98101	1	2162260	2162260	0	
4.98337	1	2163366	2163366	0	
4.98337	1	2163720	2163720	0	
4.98572	1	2164810	2164810	0	
4.98572	1	2165180	2165180	0	
4.98817	1	2166254	2166254	0	
4.98817	1	2166640	2166640	0	
4.99053	1	2167698	2167698	0	
4.99053	1	2168100	2168100	0	
4.99288	1	2169142	2169142	0	
4.99288	1	2169560	2169560	0	
4.99524	1	2170586	2170586	0	
4.99524	1	2171020	2171020	0	
4.9976	1	2172030	2172030	0	
4.9976	1	2172480	2172480	0	
4.99996	1	2173474	2173474	0	
4.99996	1	2173940	2173940	0	
5.00232	1	2174918	2174918	0	
5.00232	1	2175400	2175400	0	
5.00467	1	2176362	2176362	0	
5.00467	1	2176860	2176860	0	
5.00712	1	2177806	2177806	0	
5.00712	1	2178320	2178320	0	
5.00948	1	2179250	2179250	0	
5.00948	1	2179780	2179780	0	
5.01183	1	2180694	2180694	0	
5.01183	1	2181240	2181240	0	
5.01419	1	2182138	2182138	0	
5.01419	1	2182700	2182700	0	
5.01655	1	2183582	2183582	0	
5.01655	1	2184160	2184160	0	
5.01899	1	2185026	2185026	0	
5.01899	1	2185620	2185620	0	
5.02136	1	2186470	2186470	0	
5.02136	1	2187080	2187080	0	
5.02371	1	2187914	2187914	0	
5.02371	1	2188540	2188540	0	
5.02607	1	2189358	2189358	0	
5.02607	1	2190000	2190000	0	
5.02843	1	2190802	2190802	0	
5.02843	1	2191460	2191460	0	
5.03078	1	2192246	2192246	0	
5.03078	1	2192920	2192920	0	
5.03314	1	2193690	2193690	0	
5.03314	1	2194380	2194380	0	
5.0355	1	2195134	2195134	0	
5.0355	1	2195840	2195840	0	
5.03794	1	2196578	2196578	0	
5.03794	1	2197300	2197300	0	
5.0403	1	2198022	2198022	0	
5.0403	1	2198760	2198760	0	
5.04266	1	2199466	2199466	0	
5.04266	1	2200220	2200220	0	
5.04502	1	2200910	2200910	0	
5.04502	1	2201680	2201680	0	
5.04738	1	2202354	2202354	0	
5.04738	1	2203140	2203140	0	
5.04983	1	2203798	2203798	0	
5.04983	1	2204600	2204600	0	
5.05218	1	2205242	2205242	0	
5.05218	1	2206060	2206060	0	
5.05451	1	2206686	2206686	0	
5.05451	1	2207520	2207520	0	
5.05683	1	2208130	2208130	0	
5.05683	1	2208980	2208980	0	
5.05915	1	2209574	2209574	0	
5.05915	1	2210440	2210440	0	
5.06157	1	2211018	2211018	0	
5.06157	1	2211900	2211900	0	
5.06389	1	2212462	2212462	0	
5.06389	1	2213360	2213360	0	
5.06622	1	2213906	2213906	0	
5.06622	1	2214820	2214820	0	
5.06854	1	2215350	2215350	0	
5.06854	1	2216280	2216280	0	
5.07087	1	2216794	2216794	0	
5.07087	1	2217740	2217740	0	
5.07319	1	2218238	2218238	0	
5.07319	1	2219200	2219200	0	
5.07551	1	2219682	2219682	0	
5.07551	1	2220660	2220660	0	
5.07784	1	2221126	2221126	0	
5.07784	1	2222120	2222120	0	
5.08025	1	2222570	2222570	0	
5.08025	1	2223580	2223580	0	
5.08258	1	2224014	2224014	0	
5.08258	1	2225040	2225040	0	
5.0849	1	2225458	2225458	0	
5.0849	1	2226500	2226500	0	
5.08722	1	2226902	2226902	0	
5.08722	1	2227960	2227960	0	
5.08955	1	2228346	2228346	0	
5.08955	1	2229420	2229420	0	
5.09197	1	2229790	2229790	0	
5.09197	1	2230880	2230880	0	
5.09429	1	2231234	2231234	0	
5.09429	1	2232340	2232340	0	
5.09661	1	2232678	2232678	0	
5.09661	1	2233800	2233800	0	
5.09894	1	2234122	2234122	0	
5.09894	1	2235260	2235260	0	
5.10126	1	2235566	2235566	0	
5.10126	1	2236720	2236720	0	
5.10359	1	2237010	2237010	0	
5.10359	1	2238180	2238180	0	
5.10591	1	2238454	2238454	0	
5.10591	1	2239640	2239640	0	
5.10823	1	2239898	2239898	0	
5.10823	1	2241100	2241100	0	
5.11056	1	2241342	2241342	0	
5.11056	1	2242560	2242560	0	
5.11298	1	2242786	2242786	0	
5.11298	1	2244020	2244020	0	
5.1153	1	2244230	2244230	0	
5.1153	1	2245480	2245480	0	
5.11762	1	2245674	2245674	0	
5.11762	1	2246940	2246940	0	
5.11995	1	2247118	2247118	0	
5.11995	1	2248400	2248400	0	
5.12227	1	2248562	2248562	0	
5.12227	1	2249860	2249860	0	
5.12469	1	2250006	2250006	0	
5.12469	1	2251320	2251320	0	
5.12701	1	2251450	2251450	0	
5.12701	1	2252780	2252780	0	
5.12933	1	2252894	2252894	0	
5.12933	1	2254240	2254240	0	
5.13166	1	2254338	2254338	0	
5.13166	1	2255700	2255700	0	
5.13399	1	2255782	2255782	0	
5.13399	1	2257160	2257160	0	
5.13631	1	2257226	2257226	0	
5.13631	1	2258620	2258620	0	
5.13863	1	2258670	2258670	0	
5.13863	1	2260080	2260080	0	
5.14095	1	2260114	2260114	0	
5.14095	1	2261540	2261540	0	
5.14337	1	2261558	2261558	0	
5.14337	1	2263000	2263000	0	
5.14569	1	2263002	2263002	0	
5.14801	1	2264454	2264454	0	
5.14801	1	2264460	2264460	0	
5.15034	1	2265899	2265899	0	
5.15034	1	2265920	2265920	0	
5.15276	1	2267344	2267344	0	
5.15276	1	2267380	2267380	0	
5.15529	1	2268789	2268789	0	
5.15529	1	2268840	2268840	0	
5.15772	1	2270234	2270234	0	
5.15772	1	2270300	2270300	0	
5.16015	1	2271678	2271678	0	
5.16015	1	2271760	2271760	0	
5.16258	1	2273122	2273122	0	
5.16258	1	2273220	2273220	0	
5.165	1	2274566	2274566	0	
5.165	1	2274680	2274680	0	
5.16752	1	2276010	2276010	0	
5.16752	1	2276140	2276140	0	
5.16995	1	2277454	2277454	0	
5.16995	1	2277600	2277600	0	
5.17238	1	2278898	2278898	0	
5.17238	1	2279060	2279060	0	
5.17481	1	2280342	2280342	0	
5.17481	1	2280520	2280520	0	
5.17724	1	2281786	2281786	0	
5.17724	1	2281980	2281980	0	
5.17967	1	2283230	2283230	0	
5.17967	1	2283440	2283440	0	
5.1821	1	2284674	2284674	0	
5.1821	1	2284900	2284900	0	
5.18453	1	2286118	2286118	0	
5.18453	1	2286360	2286360	0	
5.18705	1	2287562	2287562	0	
5.18705	1	2287820	2287820	0	
5.18947	1	2289006	2289006	0	
5.18947	1	2289280	2289280	0	
5.1919	1	2290450	2290450	0	
5.1919	1	2290740	2290740	0	
5.19433	1	2291894	2291894	0	
5.19433	1	2292200	2292200	0	
5.19676	1	2293338	2293338	0	
5.19676	1	2293660	2293660	0	
5.19928	1	2294782	2294782	0	
5.19928	1	2295120	2295120	0	
5.20171	1	2296226	2296226	0	
5.20171	1	2296580	2296580	0	
5.20414	1	2297670	2297670	0	
5.20414	1	2298040	2298040	0	
5.20657	1	2299114	2299114	0	
5.20657	1	2299500	2299500	0	
5.209	1	2300558	2300558	0	
5.209	1	2300960	2300960	0	
5.21142	1	2302002	2302002	0	
5.21142	1	2302420	2302420	0	
5.21385	1	2303446	2303446	0	
5.21385	1	2303880	2303880	0	
5.21628	1	2304890	2304890	0	
5.21628	1	2305340	2305340	0	
5.2188	1	2306334	2306334	0	
5.2188	1	2306800	2306800	0	
5.22123	1	2307778	2307778	0	
5.22123	1	2308260	2308260	0	
5.22366	1	2309222	2309222	0	
5.22366	1	2309720	2309720	0	
5.22609	1	2310666	2310666	0	
5.22609	1	2311180	2311180	0	
5.22852	1	2312110	2312110	0	
5.22852	1	2312640	2312640	0	
5.23104	1	2313554	2313554	0	
5.23104	1	2314100	2314100	0	
5.23347	1	2314998	2314998	0	
5.23347	1	2315560	2315560	0	
5.2359	1	2316442	2316442	0	
5.2359	1	2317020	2317020	0	
5.23832	1	2317886	2317886	0	
5.23832	1	2318480	2318480	0	
5.24075	1	2319330	2319330	0	
5.24075	1	2319940	2319940	0	
5.24318	1	2320774	2320774	0	
5.24318	1	2321400	2321400	0	
5.24561	1	2322218	2322218	0	
5.24561	1	2322860	2322860	0	
5.24803	1	2323662	2323662	0	
5.24803	1	2324320	2324320	0	
5.25056	1	2325106	2325106	0	
5.25056	1	2325780	2325780	0	
5.25294	1	2326550	2326550	0	
5.25294	1	2327240	2327240	0	
5.25531	1	2327994	2327994	0	
5.25531	1	2328700	2328700	0	
5.25768	1	2329438	2329438	0	
5.25768	1	2330160	2330160	0	
5.26006	1	2330882	2330882	0	
5.26006	1	2331620	2331620	0	
5.26252	1	2332326	2332326	0	
5.26252	1	2333080	2333080	0	
5.2649	1	2333770	2333770	0	
5.2649	1	2334540	2334540	0	
5.26727	1	2335214	2335214	0	
5.26727	1	2336000	2336000	0	
5.26964	1	2336658	2336658	0	
5.26964	1	2337460	2337460	0	
5.27202	1	2338102	2338102	0	
5.27202	1	2338920	2338920	0	
5.27449	1	2339546	2339546	0	
5.27449	1	2340380	2340380	0	
5.27686	1	2340990	2340990	0	
5.27686	1	2341840	2341840	0	
5.27924	1	2342434	2342434	0	
5.27924	1	2343300	2343300	0	
5.28161	1	2343878	2343878	0	
5.28161	1	2344760	2344760	0	
5.28398	1	2345322	2345322	0	
5.28398	1	2346220	2346220	0	
5.28636	1	2346766	2346766	0	
5.28636	1	2347680	2347680	0	
5.28873	1	2348210	2348210	0	
5.28873	1	2349140	2349140	0	
5.2911	1	2349654	2349654	0	
5.2911	1	2350600	2350600	0	
5.29358	1	2351098	2351098	0	
5.29358	1	2352060	2352060	0	
5.29595	1	2352542	2352542	0	
5.29595	1	2353520	2353520	0	
5.29832	1	2353986	2353986	0	
5.29832	1	2354980	2354980	0	
5.3007	1	2355430	2355430	0	
5.3007	1	2356440	2356440	0	
5.30307	1	2356874	2356874	0	
5.30307	1	2357900	2357900	0	
5.30554	1	2358318	2358318	0	
5.30554	1	2359360	2359360	0	
5.30791	1	2359762	2359762	0	
5.30791	1	2360820	2360820	0	
5.31028	1	2361206	2361206	0	
5.31028	1	2362280	2362280	0	
5.31266	1	2362650	2362650	0	
5.31266	1	2363740	2363740	0	
5.31503	1	2364094	2364094	0	
5.31503	1	2365200	2365200	0	
5.31741	1	2365538	2365538	0	
5.31741	1	2366660	2366660	0	
5.31978	1	2366982	2366982	0	
5.31978	1	2368120	2368120	0	
5.32216	1	2368426	2368426	0	
5.32216	1	2369580	2369580	0	
5.32462	1	2369870	2369870	0	
5.32462	1	2371040	2371040	0	
5.327	1	2371314	2371314	0	
5.327	1	2372500	2372500	0	
5.32937	1	2372758	2372758	0	
5.32937	1	2373960	2373960	0	
5.33174	1	2374202	2374202	0	
5.33174	1	2375420	2375420	0	
5.33412	1	2375646	2375646	0	
5.33412	1	2376880	2376880	0	
5.33658	1	2377090	2377090	0	
5.33658	1	2378340	2378340	0	
5.33896	1	2378534	2378534	0	
5.33896	1	2379800	2379800	0	
5.34134	1	2379978	2379978	0	
5.34134	1	2381260	2381260	0	
5.34371	1	2381422	2381422	0	
5.34371	1	2382720	2382720	0	
5.34608	1	2382866	2382866	0	
5.34608	1	2384180	2384180	0	
5.34846	1	2384310	2384310	0	
5.34846	1	2385640	2385640	0	
5.35083	1	2385754	2385754	0	
5.35083	1	2387100	2387100	0	
5.35328	1	2387198	2387198	0	
5.35328	1	2388560	2388560	0	
5.35582	1	2388642	2388642	0	
5.35582	1	2390020	2390020	0	
5.35827	1	2390086	2390086	0	
5.35827	1	2391480	2391480	0	
5.36072	1	2391530	2391530	0	
5.36072	1	2392940	2392940	0	
5.36317	1	2392974	2392974	0	
5.36317	1	2394400	2394400	0	
5.36562	1	2394418	2394418	0	
5.36562	1	2395860	2395860	0	
5.36816	1	2395862	2395862	0	
5.37061	1	2397314	2397314	0	
5.37061	1	2397320	2397320	0	
5.37305	1	2398759	2398759	0	
5.37305	1	2398780	2398780	0	
5.3755	1	2400204	2400204	0	
5.3755	1	2400240	2400240	0	
5.37795	1	2401649	2401649	0	
5.37795	1	2401700	2401700	0	
5.38049	1	2403094	2403094	0	
5.38049	1	2403160	2403160	0	
5.38294	1	2404538	2404538	0	
5.38294	1	2404620	2404620	0	
5.3854	1	2405982	2405982	0	
5.3854	1	2406080	2406080	0	
5.38784	1	2407426	2407426	0	
5.38784	1	2407540	2407540	0	
5.39029	1	2408870	2408870	0	
5.39029	1	2409000	2409000	0	
5.39274	1	2410314	2410314	0	
5.39274	1	2410460	2410460	0	
5.39519	1	2411758	2411758	0	
5.39519	1	2411920	2411920	0	
5.39764	1	2413202	2413202	0	
5.39764	1	2413380	2413380	0	
5.40018	1	2414646	2414646	0	
5.40018	1	2414840	2414840	0	
5.40263	1	2416090	2416090	0	
5.40263	1	2416300	2416300	0	
5.40507	1	2417534	2417534	0	
5.40507	1	2417760	2417760	0	
5.40752	1	2418978	2418978	0	
5.40752	1	2419220	2419220	0	
5.40998	1	2420422	2420422	0	
5.40998	1	2420680	2420680	0	
5.41252	1	2421866	2421866	0	
5.41252	1	2422140	2422140	0	
5.41497	1	2423310	2423310	0	
5.41497	1	2423600	2423600	0	
5.41742	1	2424754	2424754	0	
5.41742	1	2425060	2425060	0	
5.41987	1	2426198	2426198	0	
5.41987	1	2426520	2426520	0	
5.42231	1	2427642	2427642	0	
5.42231	1	2427980	2427980	0	
5.42476	1	2429086	2429086	0	
5.42476	1	2429440	2429440	0	
5.42721	1	2430530	2430530	0	
5.42721	1	2430900	2430900	0	
5.42966	1	2431974	2431974	0	
5.42966	1	2432360	2432360	0	
5.43221	1	2433418	2433418	0	
5.43221	1	2433820	2433820	0	
5.43466	1	2434862	2434862	0	
5.43466	1	2435280	2435280	0	
5.4371	1	2436306	2436306	0	
5.4371	1	2436740	2436740	0	
5.43955	1	2437750	2437750	0	
5.43955	1	2438200	2438200	0	
5.442	1	2439194	2439194	0	
5.442	1	2439660	2439660	0	
5.44454	1	2440638	2440638	0	
5.44454	1	2441120	2441120	0	
5.44699	1	2442082	2442082	0	
5.44699	1	2442580	2442580	0	
5.44944	1	2443526	2443526	0	
5.44944	1	2444040	2444040	0	
5.45189	1	2444970	2444970	0	
5.45189	1	2445500	2445500	0	
5.45428	1	2446414	2446414	0	
5.45428	1	2446960	2446960	0	
5.45677	1	2447858	2447858	0	
5.45677	1	2448420	2448420	0	
5.45916	1	2449302	2449302	0	
5.45916	1	2449880	2449880	0	
5.46155	1	2450746	2450746	0	
5.46155	1	2451340	2451340	0	
5.46394	1	2452190	2452190	0	
5.46394	1	2452800	2452800	0	
5.46633	1	2453634	2453634	0	
5.46633	1	2454260	2454260	0	
5.46872	1	2455078	2455078	0	
5.46872	1	2455720	2455720	0	
5.47111	1	2456522	2456522	0	
5.47111	1	2457180	2457180	0	
5.4735	1	2457966	2457966	0	
5.4735	1	2458640	2458640	0	
5.47598	1	2459410	2459410	0	
5.47598	1	2460100	2460100	0	
5.47838	1	2460854	2460854	0	
5.47838	1	2461560	2461560	0	
5.48077	1	2462298	2462298	0	
5.48077	1	2463020	2463020	0	
5.48316	1	2463742	2463742	0	
5.48316	1	2464480	2464480	0	
5.48555	1	2465186	2465186	0	
5.48555	1	2465940	2465940	0	
5.48803	1	2466630	2466630	0	
5.48803	1	2467400	2467400	0	
5.49042	1	2468074	2468074	0	
5.49042	1	2468860	2468860	0	
5.49281	1	2469518	2469518	0	
5.49281	1	2470320	2470320	0	
5.49521	1	2470962	2470962	0	
5.49521	1	2471780	2471780	0	
5.4976	1	2472406	2472406	0	
5.4976	1	2473240	2473240	0	
5.49999	1	2473850	2473850	0	
5.49999	1	2474700	2474700	0	
5.50238	1	2475294	2475294	0	
5.50238	1	2476160	2476160	0	
5.50477	1	2476738	2476738	0	
5.50477	1	2477620	2477620	0	
5.50726	1	2478182	2478182	0	
5.50726	1	2479080	2479080	0	
5.50965	1	2479626	2479626	0	
5.50965	1	2480540	2480540	0	
5.51204	1	2481070	2481070	0	
5.51204	1	2482000	2482000	0	
5.51443	1	2482514	2482514	0	
5.51443	1	2483460	2483460	0	
5.51682	1	2483958	2483958	0	
5.51682	1	2484920	2484920	0	
5.5193	1	2485402	2485402	0	
5.5193	1	2486380	2486380	0	
5.52169	1	2486846	2486846	0	
5.52169	1	2487840	2487840	0	
5.52409	1	2488290	2488290	0	
5.52409	1	2489300	2489300	0	
5.52648	1	2489734	2489734	0	
5.52648	1	2490760	2490760	0	
5.52887	1	2491178	2491178	0	
5.52887	1	2492220	2492220	0	
5.53126	1	2492622	2492622	0	
5.53126	1	2493680	2493680	0	
5.53365	1	2494066	2494066	0	
5.53365	1	2495140	2495140	0	
5.53604	1	2495510	2495510	0	
5.53604	1	2496600	2496600	0	
5.53852	1	2496954	2496954	0	
5.53852	1	2498060	2498060	0	
5.54091	1	2498398	2498398	0	
5.54091	1	2499520	2499520	0	
5.5433	1	2499842	2499842	0	
5.5433	1	2500980	2500980	0	
5.5457	1	2501286	2501286	0	
5.5457	1	2502440	2502440	0	
5.54809	1	2502730	2502730	0	
5.54809	1	2503900	2503900	0	
5.55058	1	2504174	2504174	0	
5.55058	1	2505360	2505360	0	
5.55287	1	2505618	2505618	0	
5.55287	1	2506820	2506820	0	
5.55516	1	2507062	2507062	0	
5.55516	1	2508280	2508280	0	
5.55744	1	2508506	2508506	0	
5.55744	1	2509740	2509740	0	
5.55973	1	2509950	2509950	0	
5.55973	1	2511200	2511200	0	
5.56211	1	2511394	2511394	0	
5.56211	1	2512660	2512660	0	
5.5644	1	2512838	2512838	0	
5.5644	1	2514120	2514120	0	
5.56669	1	2514282	2514282	0	
5.56669	1	2515580	2515580	0	
5.56899	1	2515726	2515726	0	
5.56899	1	2517040	2517040	0	
5.57128	1	2517170	2517170	0	
5.57128	1	2518500	2518500	0	
5.57357	1	2518614	2518614	0	
5.57357	1	2519960	2519960	0	
5.57586	1	2520058	2520058	0	
5.57586	1	2521420	2521420	0	
5.57815	1	2521502	2521502	0	
5.57815	1	2522880	2522880	0	
5.58052	1	2522946	2522946	0	
5.58052	1	2524340	2524340	0	
5.58281	1	2524390	2524390	0	
5.58281	1	2525800	2525800	0	
5.5851	1	2525834	2525834	0	
5.5851	1	2527260	2527260	0	
5.58739	1	2527278	2527278	0	
5.58739	1	2528720	2528720	0	
5.58968	1	2528722	2528722	0	
5.59197	1	2530174	2530174	0	
5.59197	1	2530180	2530180	0	
5.59435	1	2531619	2531619	0	
5.59435	1	2531640	2531640	0	
5.59664	1	2533064	2533064	0	
5.59664	1	2533100	2533100	0	
5.59893	1	2534509	2534509	0	
5.59893	1	2534560	2534560	0	
5.60122	1	2535954	2535954	0	
5.60122	1	2536020	2536020	0	
5.60351	1	2537398	2537398	0	
5.60351	1	2537480	2537480	0	
5.6058	1	2538842	2538842	0	
5.6058	1	2538940	2538940	0	
5.60809	1	2540286	2540286	0	
5.60809	1	2540400	2540400	0	
5.61038	1	2541730	2541730	0	
5.61038	1	2541860	2541860	0	
5.61276	1	2543174	2543174	0	
5.61276	1	2543320	2543320	0	
5.61505	1	2544618	2544618	0	
5.61505	1	2544780	2544780	0	
5.61734	1	2546062	2546062	0	
5.61734	1	2546240	2546240	0	
5.61963	1	2547506	2547506	0	
5.61963	1	2547700	2547700	0	
5.62192	1	2548950	2548950	0	
5.62192	1	2549160	2549160	0	
5.6243	1	2550394	2550394	0	
5.6243	1	2550620	2550620	0	
5.62659	1	2551838	2551838	0	
5.62659	1	2552080	2552080	0	
5.62888	1	2553282	2553282	0	
5.62888	1	2553540	2553540	0	
5.63117	1	2554726	2554726	0	
5.63117	1	2555000	2555000	0	
5.63346	1	2556170	2556170	0	
5.63346	1	2556460	2556460	0	
5.63575	1	2557614	2557614	0	
5.63575	1	2557920	2557920	0	
5.63804	1	2559058	2559058	0	
5.63804	1	2559380	2559380	0	
5.64033	1	2560502	2560502	0	
5.64033	1	2560840	2560840	0	
5.64271	1	2561946	2561946	0	
5.64271	1	2562300	2562300	0	
5.645	1	2563390	2563390	0	
5.645	1	2563760	2563760	0	
5.64729	1	2564834	2564834	0	
5.64729	1	2565220	2565220	0	
5.64958	1	2566278	2566278	0	
5.64958	1	2566680	2566680	0	
5.65187	1	2567722	2567722	0	
5.65187	1	2568140	2568140	0	
5.65428	1	2569166	2569166	0	
5.65428	1	2569600	2569600	0	
5.6566	1	2570610	2570610	0	
5.6566	1	2571060	2571060	0	
5.65892	1	2572054	2572054	0	
5.65892	1	2572520	2572520	0	
5.66124	1	2573498	2573498	0	
5.66124	1	2573980	2573980	0	
5.66356	1	2574942	2574942	0	
5.66356	1	2575440	2575440	0	
5.66597	1	2576386	2576386	0	
5.66597	1	2576900	2576900	0	
5.66829	1	2577830	2577830	0	
5.66829	1	2578360	2578360	0	
5.67061	1	2579274	2579274	0	
5.67061	1	2579820	2579820	0	
5.67293	1	2580718	2580718	0	
5.67293	1	2581280	2581280	0	
5.67525	1	2582162	2582162	0	
5.67525	1	2582740	2582740	0	
5.67757	1	2583606	2583606	0	
5.67757	1	2584200	2584200	0	
5.6799	1	2585050	2585050	0	
5.6799	1	2585660	2585660	0	
5.68222	1	2586494	2586494	0	
5.68222	1	2587120	2587120	0	
5.68463	1	2587938	2587938	0	
5.68463	1	2588580	2588580	0	
5.68695	1	2589382	2589382	0	
5.68695	1	2590040	2590040	0	
5.68927	1	2590826	2590826	0	
5.68927	1	2591500	2591500	0	
5.69159	1	2592270	2592270	0	
5.69159	1	2592960	2592960	0	
5.69391	1	2593714	2593714	0	
5.69391	1	2594420	2594420	0	
5.69632	1	2595158	2595158	0	
5.69632	1	2595880	2595880	0	
5.69864	1	2596602	2596602	0	
5.69864	1	2597340	2597340	0	
5.70097	1	2598046	2598046	0	
5.70097	1	2598800	2598800	0	
5.70329	1	2599490	2599490	0	
5.70329	1	2600260	2600260	0	
5.70561	1	2600934	2600934	0	
5.70561	1	2601720	2601720	0	
5.70793	1	2602378	2602378	0	
5.70793	1	2603180	2603180	0	
5.71025	1	2603822	2603822	0	
5.71025	1	2604640	2604640	0	
5.71257	1	2605266	2605266	0	
5.71257	1	2606100	2606100	0	
5.71498	1	2606710	2606710	0	
5.71498	1	2607560	2607560	0	
5.7173	1	2608154	2608154	0	
5.7173	1	2609020	2609020	0	
5.71962	1	2609598	2609598	0	
5.71962	1	2610480	2610480	0	
5.72194	1	2611042	2611042	0	
5.72194	1	2611940	2611940	0	
5.72427	1	2612486	2612486	0	
5.72427	1	2613400	2613400	0	
5.72668	1	2613930	2613930	0	
5.72668	1	2614860	2614860	0	
5.729	1	2615374	2615374	0	
5.729	1	2616320	2616320	0	
5.73132	1	2616818	2616818	0	
5.73132	1	2617780	2617780	0	
5.73364	1	2618262	2618262	0	
5.73364	1	2619240	2619240	0	
5.73596	1	2619706	2619706	0	
5.73596	1	2620700	2620700	0	
5.73828	1	2621150	2621150	0	
5.73828	1	2622160	2622160	0	
5.7406	1	2622594	2622594	0	
5.7406	1	2623620	2623620	0	
5.74292	1	2624038	2624038	0	
5.74292	1	2625080	2625080	0	
5.74534	1	2625482	2625482	0	
5.74534	1	2626540	2626540	0	
5.74766	1	2626926	2626926	0	
5.74766	1	2628000	2628000	0	
5.74998	1	2628370	2628370	0	
5.74998	1	2629460	2629460	0	
5.7523	1	2629814	2629814	0	
5.7523	1	2630920	2630920	0	
5.75475	1	2631258	2631258	0	
5.75475	1	2632380	2632380	0	
5.7573	1	2632702	2632702	0	
5.7573	1	2633840	2633840	0	
5.75976	1	2634146	2634146	0	
5.75976	1	2635300	2635300	0	
5.76221	1	2635590	2635590	0	
5.76221	1	2636760	2636760	0	
5.76466	1	2637034	2637034	0	
5.76466	1	2638220	2638220	0	
5.76712	1	2638478	2638478	0	
5.76712	1	2639680	2639680	0	
5.76968	1	2639922	2639922	0	
5.76968	1	2641140	2641140	0	
5.77213	1	2641366	2641366	0	
5.77213	1	2642600	2642600	0	
5.77459	1	2642810	2642810	0	
5.77459	1	2644060	2644060	0	
5.77704	1	2644254	2644254	0	
5.77704	1	2645520	2645520	0	
5.7795	1	2645698	2645698	0	
5.7795	1	2646980	2646980	0	
5.78195	1	2647142	2647142	0	
5.78195	1	2648440	2648440	0	
5.78441	1	2648586	2648586	0	
5.78441	1	2649900	2649900	0	
5.78686	1	2650030	2650030	0	
5.78686	1	2651360	2651360	0	
5.78941	1	2651474	2651474	0	
5.78941	1	2652820	2652820	0	
5.79187	1	2652918	2652918	0	
5.79187	1	2654280	2654280	0	
5.79433	1	2654362	2654362	0	
5.79433	1	2655740	2655740	0	
5.79678	1	2655806	2655806	0	
5.79678	1	2657200	2657200	0	
5.79924	1	2657250	2657250	0	
5.79924	1	2658660	2658660	0	
5.80179	1	2658694	2658694	0	
5.80179	1	2660120	2660120	0	
5.80424	1	2660138	2660138	0	
5.80424	1	2661580	2661580	0	
5.80669	1	2661582	2661582	0	
5.80915	1	2663034	2663034	0	
5.80915	1	2663040	2663040	0	
5.8116	1	2664479	2664479	0	
5.8116	1	2664500	2664500	0	
5.81406	1	2665924	2665924	0	
5.81406	1	2665960	2665960	0	
5.81652	1	2667369	2667369	0	
5.81652	1	2667420	2667420	0	
5.81898	1	2668814	2668814	0	
5.81898	1	2668880	2668880	0	
5.82153	1	2670258	2670258	0	
5.82153	1	2670340	2670340	0	
5.82398	1	2671702	2671702	0	
5.82398	1	2671800	2671800	0	
5.82644	1	2673146	2673146	0	
5.82644	1	2673260	2673260	0	
5.82889	1	2674590	2674590	0	
5.82889	1	2674720	2674720	0	
5.83134	1	2676034	2676034	0	
5.83134	1	2676180	2676180	0	
5.8339	1	2677478	2677478	0	
5.8339	1	2677640	2677640	0	
5.83635	1	2678922	2678922	0	
5.83635	1	2679100	2679100	0	
5.83881	1	2680366	2680366	0	
5.83881	1	2680560	2680560	0	
5.84127	1	2681810	2681810	0	
5.84127	1	2682020	2682020	0	
5.84372	1	2683254	2683254	0	
5.84372	1	2683480	2683480	0	
5.84618	1	2684698	2684698	0	
5.84618	1	2684940	2684940	0	
5.84863	1	2686142	2686142	0	
5.84863	1	2686400	2686400	0	
5.85109	1	2687586	2687586	0	
5.85109	1	2687860	2687860	0	
5.85352	1	2689030	2689030	0	
5.85352	1	2689320	2689320	0	
5.85587	1	2690474	2690474	0	
5.85587	1	2690780	2690780	0	
5.85822	1	2691918	2691918	0	
5.85822	1	2692240	2692240	0	
5.86056	1	2693362	2693362	0	
5.86056	1	2693700	2693700	0	
5.86291	1	2694806	2694806	0	
5.86291	1	2695160	2695160	0	
5.86535	1	2696250	2696250	0	
5.86535	1	2696620	2696620	0	
5.8677	1	2697694	2697694	0	
5.8677	1	2698080	2698080	0	
5.87004	1	2699138	2699138	0	
5.87004	1	2699540	2699540	0	
5.87239	1	2700582	2700582	0	
5.87239	1	2701000	2701000	0	
5.87473	1	2702026	2702026	0	
5.87473	1	2702460	2702460	0	
5.87717	1	2703470	2703470	0	
5.87717	1	2703920	2703920	0	
5.87952	1	2704914	2704914	0	
5.87952	1	2705380	2705380	0	
5.88186	1	2706358	2706358	0	
5.88186	1	2706840	2706840	0	
5.88421	1	2707802	2707802	0	
5.88421	1	2708300	2708300	0	
5.88656	1	2709246	2709246	0	
5.88656	1	2709760	2709760	0	
5.88891	1	2710690	2710690	0	
5.88891	1	2711220	2711220	0	
5.89125	1	2712134	2712134	0	
5.89125	1	2712680	2712680	0	
5.8936	1	2713578	2713578	0	
5.8936	1	2714140	2714140	0	
5.89603	1	2715022	2715022	0	
5.89603	1	2715600	2715600	0	
5.89838	1	2716466	2716466	0	
5.89838	1	2717060	2717060	0	
5.90073	1	2717910	2717910	0	
5.90073	1	2718520	2718520	0	
5.90307	1	2719354	2719354	0	
5.90307	1	2719980	2719980	0	
5.90542	1	2720798	2720798	0	
5.90542	1	2721440	2721440	0	
5.90786	1	2722242	2722242	0	
5.90786	1	2722900	2722900	0	
5.91021	1	2723686	2723686	0	
5.91021	1	2724360	2724360	0	
5.91255	1	2725130	2725130	0	
5.91255	1	2725820	2725820	0	
5.9149	1	2726574	2726574	0	
5.9149	1	2727280	2727280	0	
5.91724	1	2728018	2728018	0	
5.91724	1	2728740	2728740	0	
5.91959	1	2729462	2729462	0	
5.91959	1	2730200	2730200	0	
5.92193	1	2730906	2730906	0	
5.92193	1	2731660	2731660	0	
5.92428	1	2732350	2732350	0	
5.92428	1	2733120	2733120	0	
5.92672	1	2733794	2733794	0	
5.92672	1	2734580	2734580	0	
5.92907	1	2735238	2735238	0	
5.92907	1	2736040	2736040	0	
5.93142	1	2736682	2736682	0	
5.93142	1	2737500	2737500	0	
5.93376	1	2738126	2738126	0	
5.93376	1	2738960	2738960	0	
5.93611	1	2739570	2739570	0	
5.93611	1	2740420	2740420	0	
5.93854	1	2741014	2741014	0	
5.93854	1	2741880	2741880	0	
5.94089	1	2742458	2742458	0	
5.94089	1	2743340	2743340	0	
5.94324	1	2743902	2743902	0	
5.94324	1	2744800	2744800	0	
5.94558	1	2745346	2745346	0	
5.94558	1	2746260	2746260	0	
5.94793	1	2746790	2746790	0	
5.94793	1	2747720	2747720	0	
5.95037	1	2748234	2748234	0	
5.95037	1	2749180	2749180	0	
5.95275	1	2749678	2749678	0	
5.95275	1	2750640	2750640	0	
5.95512	1	2751122	2751122	0	
5.95512	1	2752100	2752100	0	
5.9575	1	2752566	2752566	0	
5.9575	1	2753560	2753560	0	
5.95987	1	2754010	2754010	0	
5.95987	1	2755020	2755020	0	
5.96225	1	2755454	2755454	0	
5.96225	1	2756480	2756480	0	
5.96463	1	2756898	2756898	0	
5.96463	1	2757940	2757940	0	
5.967	1	2758342	2758342	0	
5.967	1	2759400	2759400	0	
5.96947	1	2759786	2759786	0	
5.96947	1	2760860	2760860	0	
5.97184	1	2761230	2761230	0	
5.97184	1	2762320	2762320	0	
5.97423	1	2762674	2762674	0	
5.97423	1	2763780	2763780	0	
5.9766	1	2764118	2764118	0	
5.9766	1	2765240	2765240	0	
5.97898	1	2765562	2765562	0	
5.97898	1	2766700	2766700	0	
5.98145	1	2767006	2767006	0	
5.98145	1	2768160	2768160	0	
5.98382	1	2768450	2768450	0	
5.98382	1	2769620	2769620	0	
5.9862	1	2769894	2769894	0	
5.9862	1	2771080	2771080	0	
5.98857	1	2771338	2771338	0	
5.98857	1	2772540	2772540	0	
5.99095	1	2772782	2772782	0	
5.99095	1	2774000	2774000	0	
5.99333	1	2774226	2774226	0	
5.99333	1	2775460	2775460	0	
5.9957	1	2775670	2775670	0	
5.9957	1	2776920	2776920	0	
5.99808	1	2777114	2777114	0	
5.99808	1	2778380	2778380	0	
6.00055	1	2778558	2778558	0	
6.00055	1	2779840	2779840	0	
6.00293	1	2780002	2780002	0	
6.00293	1	2781300	2781300	0	
6.0053	1	2781446	2781446	0	
6.0053	1	2782760	2782760	0	
6.00768	1	2782890	2782890	0	
6.00768	1	2784220	2784220	0	
6.01005	1	2784334	2784334	0	
6.01005	1	2785680	2785680	0	
6.01252	1	2785778	2785778	0	
6.01252	1	2787140	2787140	0	
6.0149	1	2787222	2787222	0	
6.0149	1	2788600	2788600	0	
6.01727	1	2788666	2788666	0	
6.01727	1	2790060	2790060	0	
6.01966	1	2790110	2790110	0	
6.01966	1	2791520	2791520	0	
6.02203	1	2791554	2791554	0	
6.02203	1	2792980	2792980	0	
6.0244	1	2792998	2792998	0	
6.0244	1	2794440	2794440	0	
6.02678	1	2794442	2794442	0	
6.02915	1	2795894	2795894	0	
6.02915	1	2795900	2795900	0	
6.03162	1	2797339	2797339	0	
6.03162	1	2797360	2797360	0	
6.034	1	2798784	2798784	0	
6.034	1	2798820	2798820	0	
6.03637	1	2800229	2800229	0	
6.03637	1	2800280	2800280	0	
6.03875	1	2801674	2801674	0	
6.03875	1	2801740	2801740	0	
6.04113	1	2803118	2803118	0	
6.04113	1	2803200	2803200	0	
6.0436	1	2804562	2804562	0	
6.0436	1	2804660	2804660	0	
6.04598	1	2806006	2806006	0	
6.04598	1	2806120	2806120	0	
6.04835	1	2807450	2807450	0	
6.04835	1	2807580	2807580	0	
6.05073	1	2808894	2808894	0	
6.05073	1	2809040	2809040	0	
6.0531	1	2810338	2810338	0	
6.0531	1	2810500	2810500	0	
6.05556	1	2811782	2811782	0	
6.05556	1	2811960	2811960	0	
6.05793	1	2813226	2813226	0	
6.05793	1	2813420	2813420	0	
6.06029	1	2814670	2814670	0	
6.06029	1	2814880	2814880	0	
6.06266	1	2816114	2816114	0	
6.06266	1	2816340	2816340	0	
6.06504	1	2817558	2817558	0	
6.06504	1	2817800	2817800	0	
6.06741	1	2819002	2819002	0	
6.06741	1	2819260	2819260	0	
6.06978	1	2820446	2820446	0	
6.06978	1	2820720	2820720	0	
6.07215	1	2821890	2821890	0	
6.07215	1	2822180	2822180	0	
6.07452	1	2823334	2823334	0	
6.07452	1	2823640	2823640	0	
6.07698	1	2824778	2824778	0	
6.07698	1	2825100	2825100	0	
6.07935	1	2826222	2826222	0	
6.07935	1	2826560	2826560	0	
6.08171	1	2827666	2827666	0	
6.08171	1	2828020	2828020	0	
6.08408	1	2829110	2829110	0	
6.08408	1	2829480	2829480	0	
6.08645	1	2830554	2830554	0	
6.08645	1	2830940	2830940	0	
6.08892	1	2831998	2831998	0	
6.08892	1	2832400	2832400	0	
6.09129	1	2833442	2833442	0	
6.09129	1	2833860	2833860	0	
6.09366	1	2834886	2834886	0	
6.09366	1	2835320	2835320	0	
6.09603	1	2836330	2836330	0	
6.09603	1	2836780	2836780	0	
6.0984	1	2837774	2837774	0	
6.0984	1	2838240	2838240	0	
6.10077	1	2839218	2839218	0	
6.10077	1	2839700	2839700	0	
6.10313	1	2840662	2840662	0	
6.10313	1	2841160	2841160	0	
6.1055	1	2842106	2842106	0	
6.1055	1	2842620	2842620	0	
6.10796	1	2843550	2843550	0	
6.10796	1	2844080	2844080	0	
6.11034	1	2844994	2844994	0	
6.11034	1	2845540	2845540	0	
6.11271	1	2846438	2846438	0	
6.11271	1	2847000	2847000	0	
6.11508	1	2847882	2847882	0	
6.11508	1	2848460	2848460	0	
6.11745	1	2849326	2849326	0	
6.11745	1	2849920	2849920	0	
6.11991	1	2850770	2850770	0	
6.11991	1	2851380	2851380	0	
6.12228	1	2852214	2852214	0	
6.12228	1	2852840	2852840	0	
6.12465	1	2853658	2853658	0	
6.12465	1	2854300	2854300	0	
6.12702	1	2855102	2855102	0	
6.12702	1	2855760	2855760	0	
6.12938	1	2856546	2856546	0	
6.12938	1	2857220	2857220	0	
6.13175	1	2857990	2857990	0	
6.13175	1	2858680	2858680	0	
6.13413	1	2859434	2859434	0	
6.13413	1	2860140	2860140	0	
6.1365	1	2860878	2860878	0	
6.1365	1	2861600	2861600	0	
6.13896	1	2862322	2862322	0	
6.13896	1	2863060	2863060	0	
6.14133	1	2863766	2863766	0	
6.14133	1	2864520	2864520	0	
6.1437	1	2865210	2865210	0	
6.1437	1	2865980	2865980	0	
6.14607	1	2866654	2866654	0	
6.14607	1	2867440	2867440	0	
6.14843	1	2868098	2868098	0	
6.14843	1	2868900	2868900	0	
6.1509	1	2869542	2869542	0	
6.1509	1	2870360	2870360	0	
6.15334	1	2870986	2870986	0	
6.15334	1	2871820	2871820	0	
6.1558	1	2872430	2872430	0	
6.1558	1	2873280	2873280	0	
6.15824	1	2873874	2873874	0	
6.15824	1	2874740	2874740	0	
6.16069	1	2875318	2875318	0	
6.16069	1	2876200	2876200	0	
6.16323	1	2876762	2876762	0	
6.16323	1	2877660	2877660	0	
6.16568	1	2878206	2878206	0	
6.16568	1	2879120	2879120	0	
6.16813	1	2879650	2879650	0	
6.16813	1	2880580	2880580	0	
6.17057	1	2881094	2881094	0	
6.17057	1	2882040	2882040	0	
6.17302	1	2882538	2882538	0	
6.17302	1	2883500	2883500	0	
6.17547	1	2883982	2883982	0	
6.17547	1	2884960	2884960	0	
6.17792	1	2885426	2885426	0	
6.17792	1	2886420	2886420	0	
6.18037	1	2886870	2886870	0	
6.18037	1	2887880	2887880	0	
6.18291	1	2888314	2888314	0	
6.18291	1	2889340	2889340	0	
6.18536	1	2889758	2889758	0	
6.18536	1	2890800	2890800	0	
6.18781	1	2891202	2891202	0	
6.18781	1	2892260	2892260	0	
6.19025	1	2892646	2892646	0	
6.19025	1	2893720	2893720	0	
6.1927	1	2894090	2894090	0	
6.1927	1	2895180	2895180	0	
6.19524	1	2895534	2895534	0	
6.19524	1	2896640	2896640	0	
6.19769	1	2896978	2896978	0	
6.19769	1	2898100	2898100	0	
6.20014	1	2898422	2898422	0	
6.20014	1	2899560	2899560	0	
6.20259	1	2899866	2899866	0	
6.20259	1	2901020	2901020	0	
6.20504	1	2901310	2901310	0	
6.20504	1	2902480	2902480	0	
6.20748	1	2902754	2902754	0	
6.20748	1	2903940	2903940	0	
6.20993	1	2904198	2904198	0	
6.20993	1	2905400	2905400	0	
6.21238	1	2905642	2905642	0	
6.21238	1	2906860	2906860	0	
6.21492	1	2907086	2907086	0	
6.21492	1	2908320	2908320	0	
6.21737	1	2908530	2908530	0	
6.21737	1	2909780	2909780	0	
6.21981	1	2909974	2909974	0	
6.21981	1	2911240	2911240	0	
6.22226	1	2911418	2911418	0	
6.22226	1	2912700	2912700	0	
6.22471	1	2912862	2912862	0	
6.22471	1	2914160	2914160	0	
6.22726	1	2914306	2914306	0	
6.22726	1	2915620	2915620	0	
6.2297	1	2915750	2915750	0	
6.2297	1	2917080	2917080	0	
6.23215	1	2917194	2917194	0	
6.23215	1	2918540	2918540	0	
6.2346	1	2918638	2918638	0	
6.2346	1	2920000	2920000	0	
6.23705	1	2920082	2920082	0	
6.23705	1	2921460	2921460	0	
6.23949	1	2921526	2921526	0	
6.23949	1	2922920	2922920	0	
6.24194	1	2922970	2922970	0	
6.24194	1	2924380	2924380	0	
6.24438	1	2924414	2924414	0	
6.24438	1	2925840	2925840	0	
6.24692	1	2925858	2925858	0	
6.24692	1	2927300	2927300	0	
6.24938	1	2927302	2927302	0	
6.25182	1	2928754	2928754	0	
6.25182	1	2928760	2928760	0	
6.25427	1	2930199	2930199	0	
6.25427	1	2930220	2930220	0	
6.25671	1	2931644	2931644	0	
6.25671	1	2931680	2931680	0	
6.25915	1	2933089	2933089	0	
6.25915	1	2933140	2933140	0	
6.26169	1	2934534	2934534	0	
6.26169	1	2934600	2934600	0	
6.26413	1	2935978	2935978	0	
6.26413	1	2936060	2936060	0	
6.26658	1	2937422	2937422	0	
6.26658	1	2937520	2937520	0	
6.26902	1	2938866	2938866	0	
6.26902	1	2938980	2938980	0	
6.27146	1	2940310	2940310	0	
6.27146	1	2940440	2940440	0	
6.27401	1	2941754	2941754	0	
6.27401	1	2941900	2941900	0	
6.27645	1	2943198	2943198	0	
6.27645	1	2943360	2943360	0	
6.27889	1	2944642	2944642	0	
6.27889	1	2944820	2944820	0	
6.28134	1	2946086	2946086	0	
6.28134	1	2946280	2946280	0	
6.28378	1	2947530	2947530	0	
6.28378	1	2947740	2947740	0	
6.28622	1	2948974	2948974	0	
6.28622	1	2949200	2949200	0	
6.28867	1	2950418	2950418	0	
6.28867	1	2950660	2950660	0	
6.29111	1	2951862	2951862	0	
6.29111	1	2952120	2952120	0	
6.29365	1	2953306	2953306	0	
6.29365	1	2953580	2953580	0	
6.2961	1	2954750	2954750	0	
6.2961	1	2955040	2955040	0	
6.29854	1	2956194	2956194	0	
6.29854	1	2956500	2956500	0	
6.30098	1	2957638	2957638	0	
6.30098	1	2957960	2957960	0	
6.30343	1	2959082	2959082	0	
6.30343	1	2959420	2959420	0	
6.30597	1	2960526	2960526	0	
6.30597	1	2960880	2960880	0	
6.30841	1	2961970	2961970	0	
6.30841	1	2962340	2962340	0	
6.31085	1	2963414	2963414	0	
6.31085	1	2963800	2963800	0	
6.31329	1	2964858	2964858	0	
6.31329	1	2965260	2965260	0	
6.31574	1	2966302	2966302	0	
6.31574	1	2966720	2966720	0	
6.31818	1	2967746	2967746	0	
6.31818	1	2968180	2968180	0	
6.32063	1	2969190	2969190	0	
6.32063	1	2969640	2969640	0	
6.32308	1	2970634	2970634	0	
6.32308	1	2971100	2971100	0	
6.32561	1	2972078	2972078	0	
6.32561	1	2972560	2972560	0	
6.32806	1	2973522	2973522	0	
6.32806	1	2974020	2974020	0	
6.3305	1	2974966	2974966	0	
6.3305	1	2975480	2975480	0	
6.33294	1	2976410	2976410	0	
6.33294	1	2976940	2976940	0	
6.33539	1	2977854	2977854	0	
6.33539	1	2978400	2978400	0	
6.33792	1	2979298	2979298	0	
6.33792	1	2979860	2979860	0	
6.34037	1	2980742	2980742	0	
6.34037	1	2981320	2981320	0	
6.34282	1	2982186	2982186	0	
6.34282	1	2982780	2982780	0	
6.34526	1	2983630	2983630	0	
6.34526	1	2984240	2984240	0	
6.3477	1	2985074	2985074	0	
6.3477	1	2985700	2985700	0	
6.35024	1	2986518	2986518	0	
6.35024	1	2987160	2987160	0	
6.35261	1	2987962	2987962	0	
6.35261	1	2988620	2988620	0	
6.35498	1	2989406	2989406	0	
6.35498	1	2990080	2990080	0	
6.35735	1	2990850	2990850	0	
6.35735	1	2991540	2991540	0	
6.35972	1	2992294	2992294	0	
6.35972	1	2993000	2993000	0	
6.36209	1	2993738	2993738	0	
6.36209	1	2994460	2994460	0	
6.36446	1	2995182	2995182	0	
6.36446	1	2995920	2995920	0	
6.36683	1	2996626	2996626	0	
6.36683	1	2997380	2997380	0	
6.36929	1	2998070	2998070	0	
6.36929	1	2998840	2998840	0	
6.37166	1	2999514	2999514	0	
6.37166	1	3000300	3000300	0	
6.37403	1	3000958	3000958	0	
6.37403	1	3001760	3001760	0	
6.3764	1	3002402	3002402	0	
6.3764	1	3003220	3003220	0	
6.37877	1	3003846	3003846	0	
6.37877	1	3004680	3004680	0	
6.38123	1	3005290	3005290	0	
6.38123	1	3006140	3006140	0	
6.3836	1	3006734	3006734	0	
6.3836	1	3007600	3007600	0	
6.38597	1	3008178	3008178	0	
6.38597	1	3009060	3009060	0	
6.38835	1	3009622	3009622	0	
6.38835	1	3010520	3010520	0	
6.39071	1	3011066	3011066	0	
6.39071	1	3011980	3011980	0	
6.39308	1	3012510	3012510	0	
6.39308	1	3013440	3013440	0	
6.39545	1	3013954	3013954	0	
6.39545	1	3014900	3014900	0	
6.39782	1	3015398	3015398	0	
6.39782	1	3016360	3016360	0	
6.40028	1	3016842	3016842	0	
6.40028	1	3017820	3017820	0	
6.40265	1	3018286	3018286	0	
6.40265	1	3019280	3019280	0	
6.40502	1	3019730	3019730	0	
6.40502	1	3020740	3020740	0	
6.40739	1	3021174	3021174	0	
6.40739	1	3022200	3022200	0	
6.40976	1	3022618	3022618	0	
6.40976	1	3023660	3023660	0	
6.41223	1	3024062	3024062	0	
6.41223	1	3025120	3025120	0	
6.4146	1	3025506	3025506	0	
6.4146	1	3026580	3026580	0	
6.41697	1	3026950	3026950	0	
6.41697	1	3028040	3028040	0	
6.41934	1	3028394	3028394	0	
6.41934	1	3029500	3029500	0	
6.4217	1	3029838	3029838	0	
6.4217	1	3030960	3030960	0	
6.42407	1	3031282	3031282	0	
6.42407	1	3032420	3032420	0	
6.42644	1	3032726	3032726	0	
6.42644	1	3033880	3033880	0	
6.42881	1	3034170	3034170	0	
6.42881	1	3035340	3035340	0	
6.43127	1	3035614	3035614	0	
6.43127	1	3036800	3036800	0	
6.43365	1	3037058	3037058	0	
6.43365	1	3038260	3038260	0	
6.43602	1	3038502	3038502	0	
6.43602	1	3039720	3039720	0	
6.43839	1	3039946	3039946	0	
6.43839	1	3041180	3041180	0	
6.44076	1	3041390	3041390	0	
6.44076	1	3042640	3042640	0	
6.44322	1	3042834	3042834	0	
6.44322	1	3044100	3044100	0	
6.44559	1	3044278	3044278	0	
6.44559	1	3045560	3045560	0	
6.44796	1	3045722	3045722	0	
6.44796	1	3047020	3047020	0	
6.45033	1	3047166	3047166	0	
6.45033	1	3048480	3048480	0	
6.45271	1	3048610	3048610	0	
6.45271	1	3049940	3049940	0	
6.4552	1	3050054	3050054	0	
6.4552	1	3051400	3051400	0	
6.45758	1	3051498	3051498	0	
6.45758	1	3052860	3052860	0	
6.45997	1	3052942	3052942	0	
6.45997	1	3054320	3054320	0	
6.46235	1	3054386	3054386	0	
6.46235	1	3055780	3055780	0	
6.46474	1	3055830	3055830	0	
6.46474	1	3057240	3057240	0	
6.46712	1	3057274	3057274	0	
6.46712	1	3058700	3058700	0	
6.46951	1	3058718	3058718	0	
6.46951	1	3060160	3060160	0	
6.47189	1	3060162	3060162	0	
6.47437	1	3061614	3061614	0	
6.47437	1	3061620	3061620	0	
6.47676	1	3063059	3063059	0	
6.47676	1	3063080	3063080	0	
6.47915	1	3064504	3064504	0	
6.47915	1	3064540	3064540	0	
6.48153	1	3065949	3065949	0	
6.48153	1	3066000	3066000	0	
6.48392	1	3067394	3067394	0	
6.48392	1	3067460	3067460	0	
6.4864	1	3068838	3068838	0	
6.4864	1	3068920	3068920	0	
6.48878	1	3070282	3070282	0	
6.48878	1	3070380	3070380	0	
6.49117	1	3071726	3071726	0	
6.49117	1	3071840	3071840	0	
6.49356	1	3073170	3073170	0	
6.49356	1	3073300	3073300	0	
6.49594	1	3074614	3074614	0	
6.49594	1	3074760	3074760	0	
6.49833	1	3076058	3076058	0	
6.49833	1	3076220	3076220	0	
6.50071	1	3077502	3077502	0	
6.50071	1	3077680	3077680	0	
6.50311	1	3078946	3078946	0	
6.50311	1	3079140	3079140	0	
6.50558	1	3080390	3080390	0	
6.50558	1	3080600	3080600	0	
6.50797	1	3081834	3081834	0	
6.50797	1	3082060	3082060	0	
6.51036	1	3083278	3083278	0	
6.51036	1	3083520	3083520	0	
6.51274	1	3084722	3084722	0	
6.51274	1	3084980	3084980	0	
6.51513	1	3086166	3086166	0	
6.51513	1	3086440	3086440	0	
6.51761	1	3087610	3087610	0	
6.51761	1	3087900	3087900	0	
6.51999	1	3089054	3089054	0	
6.51999	1	3089360	3089360	0	
6.52238	1	3090498	3090498	0	
6.52238	1	3090820	3090820	0	
6.52477	1	3091942	3091942	0	
6.52477	1	3092280	3092280	0	
6.52716	1	3093386	3093386	0	
6.52716	1	3093740	3093740	0	
6.52954	1	3094830	3094830	0	
6.52954	1	3095200	3095200	0	
6.53193	1	3096274	3096274	0	
6.53193	1	3096660	3096660	0	
6.53441	1	3097718	3097718	0	
6.53441	1	3098120	3098120	0	
6.53679	1	3099162	3099162	0	
6.53679	1	3099580	3099580	0	
6.53918	1	3100606	3100606	0	
6.53918	1	3101040	3101040	0	
6.54156	1	3102050	3102050	0	
6.54156	1	3102500	3102500	0	
6.54395	1	3103494	3103494	0	
6.54395	1	3103960	3103960	0	
6.54634	1	3104938	3104938	0	
6.54634	1	3105420	3105420	0	
6.54882	1	3106382	3106382	0	
6.54882	1	3106880	3106880	0	
6.55121	1	3107826	3107826	0	
6.55121	1	3108340	3108340	0	
6.5536	1	3109270	3109270	0	
6.5536	1	3109800	3109800	0	
6.556	1	3110714	3110714	0	
6.556	1	3111260	3111260	0	
6.5584	1	3112158	3112158	0	
6.5584	1	3112720	3112720	0	
6.56088	1	3113602	3113602	0	
6.56088	1	3114180	3114180	0	
6.56328	1	3115046	3115046	0	
6.56328	1	3115640	3115640	0	
6.56568	1	3116490	3116490	0	
6.56568	1	3117100	3117100	0	
6.56807	1	3117934	3117934	0	
6.56807	1	3118560	3118560	0	
6.57048	1	3119378	3119378	0	
6.57048	1	3120020	3120020	0	
6.57287	1	3120822	3120822	0	
6.57287	1	3121480	3121480	0	
6.57527	1	3122266	3122266	0	
6.57527	1	3122940	3122940	0	
6.57766	1	3123710	3123710	0	
6.57766	1	3124400	3124400	0	
6.58006	1	3125154	3125154	0	
6.58006	1	3125860	3125860	0	
6.58255	1	3126598	3126598	0	
6.58255	1	3127320	3127320	0	
6.58495	1	3128042	3128042	0	
6.58495	1	3128780	3128780	0	
6.58734	1	3129486	3129486	0	
6.58734	1	3130240	3130240	0	
6.58974	1	3130930	3130930	0	
6.58974	1	3131700	3131700	0	
6.59214	1	3132374	3132374	0	
6.59214	1	3133160	3133160	0	
6.59463	1	3133818	3133818	0	
6.59463	1	3134620	3134620	0	
6.59703	1	3135262	3135262	0	
6.59703	1	3136080	3136080	0	
6.59942	1	3136706	3136706	0	
6.59942	1	3137540	3137540	0	
6.60182	1	3138150	3138150	0	
6.60182	1	3139000	3139000	0	
6.60422	1	3139594	3139594	0	
6.60422	1	3140460	3140460	0	
6.60661	1	3141038	3141038	0	
6.60661	1	3141920	3141920	0	
6.60901	1	3142482	3142482	0	
6.60901	1	3143380	3143380	0	
6.6114	1	3143926	3143926	0	
6.6114	1	3144840	3144840	0	
6.61389	1	3145370	3145370	0	
6.61389	1	3146300	3146300	0	
6.6163	1	3146814	3146814	0	
6.6163	1	3147760	3147760	0	
6.61869	1	3148258	3148258	0	
6.61869	1	3149220	3149220	0	
6.62109	1	3149702	3149702	0	
6.62109	1	3150680	3150680	0	
6.62349	1	3151146	3151146	0	
6.62349	1	3152140	3152140	0	
6.62598	1	3152590	3152590	0	
6.62598	1	3153600	3153600	0	
6.62837	1	3154034	3154034	0	
6.62837	1	3155060	3155060	0	
6.63077	1	3155478	3155478	0	
6.63077	1	3156520	3156520	0	
6.63316	1	3156922	3156922	0	
6.63316	1	3157980	3157980	0	
6.63556	1	3158366	3158366	0	
6.63556	1	3159440	3159440	0	
6.63796	1	3159810	3159810	0	
6.63796	1	3160900	3160900	0	
6.64036	1	3161254	3161254	0	
6.64036	1	3162360	3162360	0	
6.64285	1	3162698	3162698	0	
6.64285	1	3163820	3163820	0	
6.64525	1	3164142	3164142	0	
6.64525	1	3165280	3165280	0	
6.64764	1	3165586	3165586	0	
6.64764	1	3166740	3166740	0	
6.65004	1	3167030	3167030	0	
6.65004	1	3168200	3168200	0	
6.65243	1	3168474	3168474	0	
6.65243	1	3169660	3169660	0	
6.65487	1	3169918	3169918	0	
6.65487	1	3171120	3171120	0	
6.65741	1	3171362	3171362	0	
6.65741	1	3172580	3172580	0	
6.65985	1	3172806	3172806	0	
6.65985	1	3174040	3174040	0	
6.66229	1	3174250	3174250	0	
6.66229	1	3175500	3175500	0	
6.66473	1	3175694	3175694	0	
6.66473	1	3176960	3176960	0	
6.66717	1	3177138	3177138	0	
6.66717	1	3178420	3178420	0	
6.66971	1	3178582	3178582	0	
6.66971	1	3179880	3179880	0	
6.67215	1	3180026	3180026	0	
6.67215	1	3181340	3181340	0	
6.67459	1	3181470	3181470	0	
6.67459	1	3182800	3182800	0	
6.67702	1	3182914	3182914	0	
6.67702	1	3184260	3184260	0	
6.67946	1	3184358	3184358	0	
6.67946	1	3185720	3185720	0	
6.6819	1	3185802	3185802	0	
6.6819	1	3187180	3187180	0	
6.68434	1	3187246	3187246	0	
6.68434	1	3188640	3188640	0	
6.68679	1	3188690	3188690	0	
6.68679	1	3190100	3190100	0	
6.68932	1	3190134	3190134	0	
6.68932	1	3191560	3191560	0	
6.69176	1	3191578	3191578	0	
6.69176	1	3193020	3193020	0	
6.6942	1	3193022	3193022	0	
6.69664	1	3194474	3194474	0	
6.69664	1	3194480	3194480	0	
6.69908	1	3195919	3195919	0	
6.69908	1	3195940	3195940	0	
6.70161	1	3197364	3197364	0	
6.70161	1	3197400	3197400	0	
6.70405	1	3198809	3198809	0	
6.70405	1	3198860	3198860	0	
6.70649	1	3200254	3200254	0	
6.70649	1	3200320	3200320	0	
6.70894	1	3201698	3201698	0	
6.70894	1	3201780	3201780	0	
6.71137	1	3203142	3203142	0	
6.71137	1	3203240	3203240	0	
6.71381	1	3204586	3204586	0	
6.71381	1	3204700	3204700	0	
6.71625	1	3206030	3206030	0	
6.71625	1	3206160	3206160	0	
6.71869	1	3207474	3207474	0	
6.71869	1	3207620	3207620	0	
6.72123	1	3208918	3208918	0	
6.72123	1	3209080	3209080	0	
6.72367	1	3210362	3210362	0	
6.72367	1	3210540	3210540	0	
6.72611	1	3211806	3211806	0	
6.72611	1	3212000	3212000	0	
6.72854	1	3213250	3213250	0	
6.72854	1	3213460	3213460	0	
6.73098	1	3214694	3214694	0	
6.73098	1	3214920	3214920	0	
6.73353	1	3216138	3216138	0	
6.73353	1	3216380	3216380	0	
6.73597	1	3217582	3217582	0	
6.73597	1	3217840	3217840	0	
6.7384	1	3219026	3219026	0	
6.7384	1	3219300	3219300	0	
6.74084	1	3220470	3220470	0	
6.74084	1	3220760	3220760	0	
6.74328	1	3221914	3221914	0	
6.74328	1	3222220	3222220	0	
6.74572	1	3223358	3223358	0	
6.74572	1	3223680	3223680	0	
6.74816	1	3224802	3224802	0	
6.74816	1	3225140	3225140	0	
6.7507	1	3226246	3226246	0	
6.7507	1	3226600	3226600	0	
6.75299	1	3227690	3227690	0	
6.75299	1	3228060	3228060	0	
6.75528	1	3229134	3229134	0	
6.75528	1	3229520	3229520	0	
6.75757	1	3230578	3230578	0	
6.75757	1	3230980	3230980	0	
6.75986	1	3232022	3232022	0	
6.75986	1	3232440	3232440	0	
6.76215	1	3233466	3233466	0	
6.76215	1	3233900	3233900	0	
6.76453	1	3234910	3234910	0	
6.76453	1	3235360	3235360	0	
6.76682	1	3236354	3236354	0	
6.76682	1	3236820	3236820	0	
6.76911	1	3237798	3237798	0	
6.76911	1	3238280	3238280	0	
6.7714	1	3239242	3239242	0	
6.7714	1	3239740	3239740	0	
6.77369	1	3240686	3240686	0	
6.77369	1	3241200	3241200	0	
6.77608	1	3242130	3242130	0	
6.77608	1	3242660	3242660	0	
6.77837	1	3243574	3243574	0	
6.77837	1	3244120	3244120	0	
6.78066	1	3245018	3245018	0	
6.78066	1	3245580	3245580	0	
6.78295	1	3246462	3246462	0	
6.78295	1	3247040	3247040	0	
6.78524	1	3247906	3247906	0	
6.78524	1	3248500	3248500	0	
6.78753	1	3249350	3249350	0	
6.78753	1	3249960	3249960	0	
6.78982	1	3250794	3250794	0	
6.78982	1	3251420	3251420	0	
6.7921	1	3252238	3252238	0	
6.7921	1	3252880	3252880	0	
6.79448	1	3253682	3253682	0	
6.79448	1	3254340	3254340	0	
6.79677	1	3255126	3255126	0	
6.79677	1	3255800	3255800	0	
6.79907	1	3256570	3256570	0	
6.79907	1	3257260	3257260	0	
6.80136	1	3258014	3258014	0	
6.80136	1	3258720	3258720	0	
6.80365	1	3259458	3259458	0	
6.80365	1	3260180	3260180	0	
6.80603	1	3260902	3260902	0	
6.80603	1	3261640	3261640	0	
6.80832	1	3262346	3262346	0	
6.80832	1	3263100	3263100	0	
6.81061	1	3263790	3263790	0	
6.81061	1	3264560	3264560	0	
6.8129	1	3265234	3265234	0	
6.8129	1	3266020	3266020	0	
6.81519	1	3266678	3266678	0	
6.81519	1	3267480	3267480	0	
6.81748	1	3268122	3268122	0	
6.81748	1	3268940	3268940	0	
6.81977	1	3269566	3269566	0	
6.81977	1	3270400	3270400	0	
6.82206	1	3271010	3271010	0	
6.82206	1	3271860	3271860	0	
6.82444	1	3272454	3272454	0	
6.82444	1	3273320	3273320	0	
6.82673	1	3273898	3273898	0	
6.82673	1	3274780	3274780	0	
6.82902	1	3275342	3275342	0	
6.82902	1	3276240	3276240	0	
6.83131	1	3276786	3276786	0	
6.83131	1	3277700	3277700	0	
6.8336	1	3278230	3278230	0	
6.8336	1	3279160	3279160	0	
6.83598	1	3279674	3279674	0	
6.83598	1	3280620	3280620	0	
6.83827	1	3281118	3281118	0	
6.83827	1	3282080	3282080	0	
6.84056	1	3282562	3282562	0	
6.84056	1	3283540	3283540	0	
6.84286	1	3284006	3284006	0	
6.84286	1	3285000	3285000	0	
6.84515	1	3285450	3285450	0	
6.84515	1	3286460	3286460	0	
6.84753	1	3286894	3286894	0	
6.84753	1	3287920	3287920	0	
6.84982	1	3288338	3288338	0	
6.84982	1	3289380	3289380	0	
6.85211	1	3289782	3289782	0	
6.85211	1	3290840	3290840	0	
6.8545	1	3291226	3291226	0	
6.8545	1	3292300	3292300	0	
6.8569	1	3292670	3292670	0	
6.8569	1	3293760	3293760	0	
6.8593	1	3294114	3294114	0	
6.8593	1	3295220	3295220	0	
6.8617	1	3295558	3295558	0	
6.8617	1	3296680	3296680	0	
6.86409	1	3297002	3297002	0	
6.86409	1	3298140	3298140	0	
6.86659	1	3298446	3298446	0	
6.86659	1	3299600	3299600	0	
6.86899	1	3299890	3299890	0	
6.86899	1	3301060	3301060	0	
6.87139	1	3301334	3301334	0	
6.87139	1	3302520	3302520	0	
6.87378	1	3302778	3302778	0	
6.87378	1	3303980	3303980	0	
6.87618	1	3304222	3304222	0	
6.87618	1	3305440	3305440	0	
6.87867	1	3305666	3305666	0	
6.87867	1	3306900	3306900	0	
6.88107	1	3307110	3307110	0	
6.88107	1	3308360	3308360	0	
6.88347	1	3308554	3308554	0	
6.88347	1	3309820	3309820	0	
6.88587	1	3309998	3309998	0	
6.88587	1	3311280	3311280	0	
6.88827	1	3311442	3311442	0	
6.88827	1	3312740	3312740	0	
6.89067	1	3312886	3312886	0	
6.89067	1	3314200	3314200	0	
6.89307	1	3314330	3314330	0	
6.89307	1	3315660	3315660	0	
6.89546	1	3315774	3315774	0	
6.89546	1	3317120	3317120	0	
6.89795	1	3317218	3317218	0	
6.89795	1	3318580	3318580	0	
6.90035	1	3318662	3318662	0	
6.90035	1	3320040	3320040	0	
6.90275	1	3320106	3320106	0	
6.90275	1	3321500	3321500	0	
6.90515	1	3321550	3321550	0	
6.90515	1	3322960	3322960	0	
6.90754	1	3322994	3322994	0	
6.90754	1	3324420	3324420	0	
6.91004	1	3324438	3324438	0	
6.91004	1	3325880	3325880	0	
6.91243	1	3325882	3325882	0	
6.91483	1	3327334	3327334	0	
6.91483	1	3327340	3327340	0	
6.91723	1	3328779	3328779	0	
6.91723	1	3328800	3328800	0	
6.91963	1	3330224	3330224	0	
6.91963	1	3330260	3330260	0	
6.92202	1	3331669	3331669	0	
6.92202	1	3331720	3331720	0	
6.92442	1	3333114	3333114	0	
6.92442	1	3333180	3333180	0	
6.92682	1	3334558	3334558	0	
6.92682	1	3334640	3334640	0	
6.92931	1	3336002	3336002	0	
6.92931	1	3336100	3336100	0	
6.93171	1	3337446	3337446	0	
6.93171	1	3337560	3337560	0	
6.93411	1	3338890	3338890	0	
6.93411	1	3339020	3339020	0	
6.93651	1	3340334	3340334	0	
6.93651	1	3340480	3340480	0	
6.93891	1	3341778	3341778	0	
6.93891	1	3341940	3341940	0	
6.9414	1	3343222	3343222	0	
6.9414	1	3343400	3343400	0	
6.9438	1	3344666	3344666	0	
6.9438	1	3344860	3344860	0	
6.94619	1	3346110	3346110	0	
6.94619	1	3346320	3346320	0	
6.94859	1	3347554	3347554	0	
6.94859	1	3347780	3347780	0	
6.95099	1	3348998	3348998	0	
6.95099	1	3349240	3349240	0	
6.95354	1	3350442	3350442	0	
6.95354	1	3350700	3350700	0	
6.95601	1	3351886	3351886	0	
6.95601	1	3352160	3352160	0	
6.95847	1	3353330	3353330	0	
6.95847	1	3353620	3353620	0	
6.96093	1	3354774	3354774	0	
6.96093	1	3355080	3355080	0	
6.96339	1	3356218	3356218	0	
6.96339	1	3356540	3356540	0	
6.96585	1	3357662	3357662	0	
6.96585	1	3358000	3358000	0	
6.96831	1	3359106	3359106	0	
6.96831	1	3359460	3359460	0	
6.97077	1	3360550	3360550	0	
6.97077	1	3360920	3360920	0	
6.97332	1	3361994	3361994	0	
6.97332	1	3362380	3362380	0	
6.97578	1	3363438	3363438	0	
6.97578	1	3363840	3363840	0	
6.97824	1	3364882	3364882	0	
6.97824	1	3365300	3365300	0	
6.98071	1	3366326	3366326	0	
6.98071	1	3366760	3366760	0	
6.98317	1	3367770	3367770	0	
6.98317	1	3368220	3368220	0	
6.98572	1	3369214	3369214	0	
6.98572	1	3369680	3369680	0	
6.98818	1	3370658	3370658	0	
6.98818	1	3371140	3371140	0	
6.99064	1	3372102	3372102	0	
6.99064	1	3372600	3372600	0	
6.9931	1	3373546	3373546	0	
6.9931	1	3374060	3374060	0	
6.99556	1	3374990	3374990	0	
6.99556	1	3375520	3375520	0	
6.99802	1	3376434	3376434	0	
6.99802	1	3376980	3376980	0	
7.00048	1	3377878	3377878	0	
7.00048	1	3378440	3378440	0	
7.00294	1	3379322	3379322	0	
7.00294	1	3379900	3379900	0	
7.0055	1	3380766	3380766	0	
7.0055	1	3381360	3381360	0	
7.00796	1	3382210	3382210	0	
7.00796	1	3382820	3382820	0	
7.01042	1	3383654	3383654	0	
7.01042	1	3384280	3384280	0	
7.01288	1	3385098	3385098	0	
7.01288	1	3385740	3385740	0	
7.01534	1	3386542	3386542	0	
7.01534	1	3387200	3387200	0	
7.0179	1	3387986	3387986	0	
7.0179	1	3388660	3388660	0	
7.02035	1	3389430	3389430	0	
7.02035	1	3390120	3390120	0	
7.02281	1	3390874	3390874	0	
7.02281	1	3391580	3391580	0	
7.02527	1	3392318	3392318	0	
7.02527	1	3393040	3393040	0	
7.02774	1	3393762	3393762	0	
7.02774	1	3394500	3394500	0	
7.0302	1	3395206	3395206	0	
7.0302	1	3395960	3395960	0	
7.03266	1	3396650	3396650	0	
7.03266	1	3397420	3397420	0	
7.03521	1	3398094	3398094	0	
7.03521	1	3398880	3398880	0	
7.03767	1	3399538	3399538	0	
7.03767	1	3400340	3400340	0	
7.04013	1	3400982	3400982	0	
7.04013	1	3401800	3401800	0	
7.04259	1	3402426	3402426	0	
7.04259	1	3403260	3403260	0	
7.04505	1	3403870	3403870	0	
7.04505	1	3404720	3404720	0	
7.04751	1	3405314	3405314	0	
7.04751	1	3406180	3406180	0	
7.05007	1	3406758	3406758	0	
7.05007	1	3407640	3407640	0	
7.0525	1	3408202	3408202	0	
7.0525	1	3409100	3409100	0	
7.05492	1	3409646	3409646	0	
7.05492	1	3410560	3410560	0	
7.05734	1	3411090	3411090	0	
7.05734	1	3412020	3412020	0	
7.05976	1	3412534	3412534	0	
7.05976	1	3413480	3413480	0	
7.06228	1	3413978	3413978	0	
7.06228	1	3414940	3414940	0	
7.0647	1	3415422	3415422	0	
7.0647	1	3416400	3416400	0	
7.06712	1	3416866	3416866	0	
7.06712	1	3417860	3417860	0	
7.06954	1	3418310	3418310	0	
7.06954	1	3419320	3419320	0	
7.07196	1	3419754	3419754	0	
7.07196	1	3420780	3420780	0	
7.07439	1	3421198	3421198	0	
7.07439	1	3422240	3422240	0	
7.07682	1	3422642	3422642	0	
7.07682	1	3423700	3423700	0	
7.07924	1	3424086	3424086	0	
7.07924	1	3425160	3425160	0	
7.08166	1	3425530	3425530	0	
7.08166	1	3426620	3426620	0	
7.08417	1	3426974	3426974	0	
7.08417	1	3428080	3428080	0	
7.0866	1	3428418	3428418	0	
7.0866	1	3429540	3429540	0	
7.08902	1	3429862	3429862	0	
7.08902	1	3431000	3431000	0	
7.09144	1	3431306	3431306	0	
7.09144	1	3432460	3432460	0	
7.09386	1	3432750	3432750	0	
7.09386	1	3433920	3433920	0	
7.09638	1	3434194	3434194	0	
7.09638	1	3435380	3435380	0	
7.09881	1	3435638	3435638	0	
7.09881	1	3436840	3436840	0	
7.10123	1	3437082	3437082	0	
7.10123	1	3438300	3438300	0	
7.10365	1	3438526	3438526	0	
7.10365	1	3439760	3439760	0	
7.10607	1	3439970	3439970	0	
7.10607	1	3441220	3441220	0	
7.10849	1	3441414	3441414	0	
7.10849	1	3442680	3442680	0	
7.11091	1	3442858	3442858	0	
7.11091	1	3444140	3444140	0	
7.11333	1	3444302	3444302	0	
7.11333	1	3445600	3445600	0	
7.11585	1	3445746	3445746	0	
7.11585	1	3447060	3447060	0	
7.11827	1	3447190	3447190	0	
7.11827	1	3448520	3448520	0	
7.1207	1	3448634	3448634	0	
7.1207	1	3449980	3449980	0	
7.12312	1	3450078	3450078	0	
7.12312	1	3451440	3451440	0	
7.12554	1	3451522	3451522	0	
7.12554	1	3452900	3452900	0	
7.12806	1	3452966	3452966	0	
7.12806	1	3454360	3454360	0	
7.13048	1	3454410	3454410	0	
7.13048	1	3455820	3455820	0	
7.1329	1	3455854	3455854	0	
7.1329	1	3457280	3457280	0	
7.13532	1	3457298	3457298	0	
7.13532	1	3458740	3458740	0	
7.13774	1	3458742	3458742	0	
7.14016	1	3460194	3460194	0	
7.14016	1	3460200	3460200	0	
7.14258	1	3461639	3461639	0	
7.14258	1	3461660	3461660	0	
7.14511	1	3463084	3463084	0	
7.14511	1	3463120	3463120	0	
7.14753	1	3464529	3464529	0	
7.14753	1	3464580	3464580	0	
7.14995	1	3465974	3465974	0	
7.14995	1	3466040	3466040	0	
7.15237	1	3467418	3467418	0	
7.15237	1	3467500	3467500	0	
7.15481	1	3468862	3468862	0	
7.15481	1	3468960	3468960	0	
7.15726	1	3470306	3470306	0	
7.15726	1	3470420	3470420	0	
7.15979	1	3471750	3471750	0	
7.15979	1	3471880	3471880	0	
7.16224	1	3473194	3473194	0	
7.16224	1	3473340	3473340	0	
7.16468	1	3474638	3474638	0	
7.16468	1	3474800	3474800	0	
7.16713	1	3476082	3476082	0	
7.16713	1	3476260	3476260	0	
7.16957	1	3477526	3477526	0	
7.16957	1	3477720	3477720	0	
7.17211	1	3478970	3478970	0	
7.17211	1	3479180	3479180	0	
7.17455	1	3480414	3480414	0	
7.17455	1	3480640	3480640	0	
7.17699	1	3481858	3481858	0	
7.17699	1	3482100	3482100	0	
7.17944	1	3483302	3483302	0	
7.17944	1	3483560	3483560	0	
7.18188	1	3484746	3484746	0	
7.18188	1	3485020	3485020	0	
7.18432	1	3486190	3486190	0	
7.18432	1	3486480	3486480	0	
7.18676	1	3487634	3487634	0	
7.18676	1	3487940	3487940	0	
7.18921	1	3489078	3489078	0	
7.18921	1	3489400	3489400	0	
7.19175	1	3490522	3490522	0	
7.19175	1	3490860	3490860	0	
7.19419	1	3491966	3491966	0	
7.19419	1	3492320	3492320	0	
7.19664	1	3493410	3493410	0	
7.19664	1	3493780	3493780	0	
7.19908	1	3494854	3494854	0	
7.19908	1	3495240	3495240	0	
7.20152	1	3496298	3496298	0	
7.20152	1	3496700	3496700	0	
7.20406	1	3497742	3497742	0	
7.20406	1	3498160	3498160	0	
7.2065	1	3499186	3499186	0	
7.2065	1	3499620	3499620	0	
7.20894	1	3500630	3500630	0	
7.20894	1	3501080	3501080	0	
7.21139	1	3502074	3502074	0	
7.21139	1	3502540	3502540	0	
7.21384	1	3503518	3503518	0	
7.21384	1	3504000	3504000	0	
7.21628	1	3504962	3504962	0	
7.21628	1	3505460	3505460	0	
7.21872	1	3506406	3506406	0	
7.21872	1	3506920	3506920	0	
7.22116	1	3507850	3507850	0	
7.22116	1	3508380	3508380	0	
7.2237	1	3509294	3509294	0	
7.2237	1	3509840	3509840	0	
7.22614	1	3510738	3510738	0	
7.22614	1	3511300	3511300	0	
7.22859	1	3512182	3512182	0	
7.22859	1	3512760	3512760	0	
7.23103	1	3513626	3513626	0	
7.23103	1	3514220	3514220	0	
7.23347	1	3515070	3515070	0	
7.23347	1	3515680	3515680	0	
7.23602	1	3516514	3516514	0	
7.23602	1	3517140	3517140	0	
7.23846	1	3517958	3517958	0	
7.23846	1	3518600	3518600	0	
7.2409	1	3519402	3519402	0	
7.2409	1	3520060	3520060	0	
7.24334	1	3520846	3520846	0	
7.24334	1	3521520	3521520	0	
7.24579	1	3522290	3522290	0	
7.24579	1	3522980	3522980	0	
7.24832	1	3523734	3523734	0	
7.24832	1	3524440	3524440	0	
7.25077	1	3525178	3525178	0	
7.25077	1	3525900	3525900	0	
7.25305	1	3526622	3526622	0	
7.25305	1	3527360	3527360	0	
7.25534	1	3528066	3528066	0	
7.25534	1	3528820	3528820	0	
7.25763	1	3529510	3529510	0	
7.25763	1	3530280	3530280	0	
7.25993	1	3530954	3530954	0	
7.25993	1	3531740	3531740	0	
7.26221	1	3532398	3532398	0	
7.26221	1	3533200	3533200	0	
7.2645	1	3533842	3533842	0	
7.2645	1	3534660	3534660	0	
7.26688	1	3535286	3535286	0	
7.26688	1	3536120	3536120	0	
7.26917	1	3536730	3536730	0	
7.26917	1	3537580	3537580	0	
7.27145	1	3538174	3538174	0	
7.27145	1	3539040	3539040	0	
7.27374	1	3539618	3539618	0	
7.27374	1	3540500	3540500	0	
7.27603	1	3541062	3541062	0	
7.27603	1	3541960	3541960	0	
7.27841	1	3542506	3542506	0	
7.27841	1	3543420	3543420	0	
7.2807	1	3543950	3543950	0	
7.2807	1	3544880	3544880	0	
7.28299	1	3545394	3545394	0	
7.28299	1	3546340	3546340	0	
7.28528	1	3546838	3546838	0	
7.28528	1	3547800	3547800	0	
7.28757	1	3548282	3548282	0	
7.28757	1	3549260	3549260	0	
7.28985	1	3549726	3549726	0	
7.28985	1	3550720	3550720	0	
7.29214	1	3551170	3551170	0	
7.29214	1	3552180	3552180	0	
7.29443	1	3552614	3552614	0	
7.29443	1	3553640	3553640	0	
7.29681	1	3554058	3554058	0	
7.29681	1	3555100	3555100	0	
7.29909	1	3555502	3555502	0	
7.29909	1	3556560	3556560	0	
7.30138	1	3556946	3556946	0	
7.30138	1	3558020	3558020	0	
7.30368	1	3558390	3558390	0	
7.30368	1	3559480	3559480	0	
7.30597	1	3559834	3559834	0	
7.30597	1	3560940	3560940	0	
7.30834	1	3561278	3561278	0	
7.30834	1	3562400	3562400	0	
7.31063	1	3562722	3562722	0	
7.31063	1	3563860	3563860	0	
7.31292	1	3564166	3564166	0	
7.31292	1	3565320	3565320	0	
7.31521	1	3565610	3565610	0	
7.31521	1	3566780	3566780	0	
7.31749	1	3567054	3567054	0	
7.31749	1	3568240	3568240	0	
7.31978	1	3568498	3568498	0	
7.31978	1	3569700	3569700	0	
7.32207	1	3569942	3569942	0	
7.32207	1	3571160	3571160	0	
7.32436	1	3571386	3571386	0	
7.32436	1	3572620	3572620	0	
7.32674	1	3572830	3572830	0	
7.32674	1	3574080	3574080	0	
7.32903	1	3574274	3574274	0	
7.32903	1	3575540	3575540	0	
7.33132	1	3575718	3575718	0	
7.33132	1	3577000	3577000	0	
7.33361	1	3577162	3577162	0	
7.33361	1	3578460	3578460	0	
7.33589	1	3578606	3578606	0	
7.33589	1	3579920	3579920	0	
7.33827	1	3580050	3580050	0	
7.33827	1	3581380	3581380	0	
7.34056	1	3581494	3581494	0	
7.34056	1	3582840	3582840	0	
7.34285	1	3582938	3582938	0	
7.34285	1	3584300	3584300	0	
7.34513	1	3584382	3584382	0	
7.34513	1	3585760	3585760	0	
7.34743	1	3585826	3585826	0	
7.34743	1	3587220	3587220	0	
7.3498	1	3587270	3587270	0	
7.3498	1	3588680	3588680	0	
7.35209	1	3588714	3588714	0	
7.35209	1	3590140	3590140	0	
7.35438	1	3590158	3590158	0	
7.35438	1	3591600	3591600	0	
7.35667	1	3591602	3591602	0	
7.35895	1	3593054	3593054	0	
7.35895	1	3593060	3593060	0	
7.36124	1	3594499	3594499	0	
7.36124	1	3594520	3594520	0	
7.36353	1	3595944	3595944	0	
7.36353	1	3595980	3595980	0	
7.36582	1	3597389	3597389	0	
7.36582	1	3597440	3597440	0	
7.36821	1	3598834	3598834	0	
7.36821	1	3598900	3598900	0	
7.3705	1	3600278	3600278	0	
7.3705	1	3600360	3600360	0	
7.37279	1	3601722	3601722	0	
7.37279	1	3601820	3601820	0	
7.37507	1	3603166	3603166	0	
7.37507	1	3603280	3603280	0	
7.37736	1	3604610	3604610	0	
7.37736	1	3604740	3604740	0	
7.37974	1	3606054	3606054	0	
7.37974	1	3606200	3606200	0	
7.38203	1	3607498	3607498	0	
7.38203	1	3607660	3607660	0	
7.38432	1	3608942	3608942	0	
7.38432	1	3609120	3609120	0	
7.38661	1	3610386	3610386	0	
7.38661	1	3610580	3610580	0	
7.3889	1	3611830	3611830	0	
7.3889	1	3612040	3612040	0	
7.39119	1	3613274	3613274	0	
7.39119	1	3613500	3613500	0	
7.39348	1	3614718	3614718	0	
7.39348	1	3614960	3614960	0	
7.39577	1	3616162	3616162	0	
7.39577	1	3616420	3616420	0	
7.39815	1	3617606	3617606	0	
7.39815	1	3617880	3617880	0	
7.40044	1	3619050	3619050	0	
7.40044	1	3619340	3619340	0	
7.40273	1	3620494	3620494	0	
7.40273	1	3620800	3620800	0	
7.40502	1	3621938	3621938	0	
7.40502	1	3622260	3622260	0	
7.40731	1	3623382	3623382	0	
7.40731	1	3623720	3623720	0	
7.40968	1	3624826	3624826	0	
7.40968	1	3625180	3625180	0	
7.41198	1	3626270	3626270	0	
7.41198	1	3626640	3626640	0	
7.41427	1	3627714	3627714	0	
7.41427	1	3628100	3628100	0	
7.41656	1	3629158	3629158	0	
7.41656	1	3629560	3629560	0	
7.41885	1	3630602	3630602	0	
7.41885	1	3631020	3631020	0	
7.42114	1	3632046	3632046	0	
7.42114	1	3632480	3632480	0	
7.42342	1	3633490	3633490	0	
7.42342	1	3633940	3633940	0	
7.42571	1	3634934	3634934	0	
7.42571	1	3635400	3635400	0	
7.42809	1	3636378	3636378	0	
7.42809	1	3636860	3636860	0	
7.43038	1	3637822	3637822	0	
7.43038	1	3638320	3638320	0	
7.43267	1	3639266	3639266	0	
7.43267	1	3639780	3639780	0	
7.43497	1	3640710	3640710	0	
7.43497	1	3641240	3641240	0	
7.43726	1	3642154	3642154	0	
7.43726	1	3642700	3642700	0	
7.43963	1	3643598	3643598	0	
7.43963	1	3644160	3644160	0	
7.44192	1	3645042	3645042	0	
7.44192	1	3645620	3645620	0	
7.44421	1	3646486	3646486	0	
7.44421	1	3647080	3647080	0	
7.4465	1	3647930	3647930	0	
7.4465	1	3648540	3648540	0	
7.44879	1	3649374	3649374	0	
7.44879	1	3650000	3650000	0	
7.45117	1	3650818	3650818	0	
7.45117	1	3651460	3651460	0	
7.45362	1	3652262	3652262	0	
7.45362	1	3652920	3652920	0	
7.45608	1	3653706	3653706	0	
7.45608	1	3654380	3654380	0	
7.45853	1	3655150	3655150	0	
7.45853	1	3655840	3655840	0	
7.46098	1	3656594	3656594	0	
7.46098	1	3657300	3657300	0	
7.46343	1	3658038	3658038	0	
7.46343	1	3658760	3658760	0	
7.46589	1	3659482	3659482	0	
7.46589	1	3660220	3660220	0	
7.46834	1	3660926	3660926	0	
7.46834	1	3661680	3661680	0	
7.47088	1	3662370	3662370	0	
7.47088	1	3663140	3663140	0	
7.47334	1	3663814	3663814	0	
7.47334	1	3664600	3664600	0	
7.47579	1	3665258	3665258	0	
7.47579	1	3666060	3666060	0	
7.47824	1	3666702	3666702	0	
7.47824	1	3667520	3667520	0	
7.4807	1	3668146	3668146	0	
7.4807	1	3668980	3668980	0	
7.48325	1	3669590	3669590	0	
7.48325	1	3670440	3670440	0	
7.4857	1	3671034	3671034	0	
7.4857	1	3671900	3671900	0	
7.48815	1	3672478	3672478	0	
7.48815	1	3673360	3673360	0	
7.4906	1	3673922	3673922	0	
7.4906	1	3674820	3674820	0	
7.49305	1	3675366	3675366	0	
7.49305	1	3676280	3676280	0	
7.4955	1	3676810	3676810	0	
7.4955	1	3677740	3677740	0	
7.49795	1	3678254	3678254	0	
7.49795	1	3679200	3679200	0	
7.50041	1	3679698	3679698	0	
7.50041	1	3680660	3680660	0	
7.50296	1	3681142	3681142	0	
7.50296	1	3682120	3682120	0	
7.50541	1	3682586	3682586	0	
7.50541	1	3683580	3683580	0	
7.50786	1	3684030	3684030	0	
7.50786	1	3685040	3685040	0	
7.51032	1	3685474	3685474	0	
7.51032	1	3686500	3686500	0	
7.51277	1	3686918	3686918	0	
7.51277	1	3687960	3687960	0	
7.51531	1	3688362	3688362	0	
7.51531	1	3689420	3689420	0	
7.51777	1	3689806	3689806	0	
7.51777	1	3690880	3690880	0	
7.52022	1	3691250	3691250	0	
7.52022	1	3692340	3692340	0	
7.52267	1	3692694	3692694	0	
7.52267	1	3693800	3693800	0	
7.52512	1	3694138	3694138	0	
7.52512	1	3695260	3695260	0	
7.52768	1	3695582	3695582	0	
7.52768	1	3696720	3696720	0	
7.53013	1	3697026	3697026	0	
7.53013	1	3698180	3698180	0	
7.53258	1	3698470	3698470	0	
7.53258	1	3699640	3699640	0	
7.53503	1	3699914	3699914	0	
7.53503	1	3701100	3701100	0	
7.53748	1	3701358	3701358	0	
7.53748	1	3702560	3702560	0	
7.53993	1	3702802	3702802	0	
7.53993	1	3704020	3704020	0	
7.54239	1	3704246	3704246	0	
7.54239	1	3705480	3705480	0	
7.54484	1	3705690	3705690	0	
7.54484	1	3706940	3706940	0	
7.54738	1	3707134	3707134	0	
7.54738	1	3708400	3708400	0	
7.54984	1	3708578	3708578	0	
7.54984	1	3709860	3709860	0	
7.5523	1	3710022	3710022	0	
7.5523	1	3711320	3711320	0	
7.55466	1	3711466	3711466	0	
7.55466	1	3712780	3712780	0	
7.55703	1	3712910	3712910	0	
7.55703	1	3714240	3714240	0	
7.5595	1	3714354	3714354	0	
7.5595	1	3715700	3715700	0	
7.56186	1	3715798	3715798	0	
7.56186	1	3717160	3717160	0	
7.56423	1	3717242	3717242	0	
7.56423	1	3718620	3718620	0	
7.5666	1	3718686	3718686	0	
7.5666	1	3720080	3720080	0	
7.56897	1	3720130	3720130	0	
7.56897	1	3721540	3721540	0	
7.57134	1	3721574	3721574	0	
7.57134	1	3723000	3723000	0	
7.57371	1	3723018	3723018	0	
7.57371	1	3724460	3724460	0	
7.57608	1	3724462	3724462	0	
7.57854	1	3725914	3725914	0	
7.57854	1	3725920	3725920	0	
7.58091	1	3727359	3727359	0	
7.58091	1	3727380	3727380	0	
7.58328	1	3728804	3728804	0	
7.58328	1	3728840	3728840	0	
7.58565	1	3730249	3730249	0	
7.58565	1	3730300	3730300	0	
7.58802	1	3731694	3731694	0	
7.58802	1	3731760	3731760	0	
7.59039	1	3733138	3733138	0	
7.59039	1	3733220	3733220	0	
7.59285	1	3734582	3734582	0	
7.59285	1	3734680	3734680	0	
7.59522	1	3736026	3736026	0	
7.59522	1	3736140	3736140	0	
7.59759	1	3737470	3737470	0	
7.59759	1	3737600	3737600	0	
7.59996	1	3738914	3738914	0	
7.59996	1	3739060	3739060	0	
7.60233	1	3740358	3740358	0	
7.60233	1	3740520	3740520	0	
7.6047	1	3741802	3741802	0	
7.6047	1	3741980	3741980	0	
7.60707	1	3743246	3743246	0	
7.60707	1	3743440	3743440	0	
7.60944	1	3744690	3744690	0	
7.60944	1	3744900	3744900	0	
7.6119	1	3746134	3746134	0	
7.6119	1	3746360	3746360	0	
7.61427	1	3747578	3747578	0	
7.61427	1	3747820	3747820	0	
7.61664	1	3749022	3749022	0	
7.61664	1	3749280	3749280	0	
7.61901	1	3750466	3750466	0	
7.61901	1	3750740	3750740	0	
7.62138	1	3751910	3751910	0	
7.62138	1	3752200	3752200	0	
7.62385	1	3753354	3753354	0	
7.62385	1	3753660	3753660	0	
7.62621	1	3754798	3754798	0	
7.62621	1	3755120	3755120	0	
7.62858	1	3756242	3756242	0	
7.62858	1	3756580	3756580	0	
7.63095	1	3757686	3757686	0	
7.63095	1	3758040	3758040	0	
7.63332	1	3759130	3759130	0	
7.63332	1	3759500	3759500	0	
7.63578	1	3760574	3760574	0	
7.63578	1	3760960	3760960	0	
7.63815	1	3762018	3762018	0	
7.63815	1	3762420	3762420	0	
7.64053	1	3763462	3763462	0	
7.64053	1	3763880	3763880	0	
7.6429	1	3764906	3764906	0	
7.6429	1	3765340	3765340	0	
7.64527	1	3766350	3766350	0	
7.64527	1	3766800	3766800	0	
7.64764	1	3767794	3767794	0	
7.64764	1	3768260	3768260	0	
7.65	1	3769238	3769238	0	
7.65	1	3769720	3769720	0	
7.65237	1	3770682	3770682	0	
7.65237	1	3771180	3771180	0	
7.6548	1	3772126	3772126	0	
7.6548	1	3772640	3772640	0	
7.65714	1	3773570	3773570	0	
7.65714	1	3774100	3774100	0	
7.65947	1	3775014	3775014	0	
7.65947	1	3775560	3775560	0	
7.66181	1	3776458	3776458	0	
7.66181	1	3777020	3777020	0	
7.66415	1	3777902	3777902	0	
7.66415	1	3778480	3778480	0	
7.66658	1	3779346	3779346	0	
7.66658	1	3779940	3779940	0	
7.66892	1	3780790	3780790	0	
7.66892	1	3781400	3781400	0	
7.67125	1	3782234	3782234	0	
7.67125	1	3782860	3782860	0	
7.67359	1	3783678	3783678	0	
7.67359	1	3784320	3784320	0	
7.67592	1	3785122	3785122	0	
7.67592	1	3785780	3785780	0	
7.67826	1	3786566	3786566	0	
7.67826	1	3787240	3787240	0	
7.6806	1	3788010	3788010	0	
7.6806	1	3788700	3788700	0	
7.68293	1	3789454	3789454	0	
7.68293	1	3790160	3790160	0	
7.68537	1	3790898	3790898	0	
7.68537	1	3791620	3791620	0	
7.6877	1	3792342	3792342	0	
7.6877	1	3793080	3793080	0	
7.69004	1	3793786	3793786	0	
7.69004	1	3794540	3794540	0	
7.69238	1	3795230	3795230	0	
7.69238	1	3796000	3796000	0	
7.69471	1	3796674	3796674	0	
7.69471	1	3797460	3797460	0	
7.69714	1	3798118	3798118	0	
7.69714	1	3798920	3798920	0	
7.69947	1	3799562	3799562	0	
7.69947	1	3800380	3800380	0	
7.70181	1	3801006	3801006	0	
7.70181	1	3801840	3801840	0	
7.70415	1	3802450	3802450	0	
7.70415	1	3803300	3803300	0	
7.70648	1	3803894	3803894	0	
7.70648	1	3804760	3804760	0	
7.70883	1	3805338	3805338	0	
7.70883	1	3806220	3806220	0	
7.71116	1	3806782	3806782	0	
7.71116	1	3807680	3807680	0	
7.7135	1	3808226	3808226	0	
7.7135	1	3809140	3809140	0	
7.71593	1	3809670	3809670	0	
7.71593	1	3810600	3810600	0	
7.71826	1	3811114	3811114	0	
7.71826	1	3812060	3812060	0	
7.7206	1	3812558	3812558	0	
7.7206	1	3813520	3813520	0	
7.72293	1	3814002	3814002	0	
7.72293	1	3814980	3814980	0	
7.72527	1	3815446	3815446	0	
7.72527	1	3816440	3816440	0	
7.7277	1	3816890	3816890	0	
7.7277	1	3817900	3817900	0	
7.73004	1	3818334	3818334	0	
7.73004	1	3819360	3819360	0	
7.73238	1	3819778	3819778	0	
7.73238	1	3820820	3820820	0	
7.73471	1	3821222	3821222	0	
7.73471	1	3822280	3822280	0	
7.73705	1	3822666	3822666	0	
7.73705	1	3823740	3823740	0	
7.73948	1	3824110	3824110	0	
7.73948	1	3825200	3825200	0	
7.74181	1	3825554	3825554	0	
7.74181	1	3826660	3826660	0	
7.74415	1	3826998	3826998	0	
7.74415	1	3828120	3828120	0	
7.74649	1	3828442	3828442	0	
7.74649	1	3829580	3829580	0	
7.74882	1	3829886	3829886	0	
7.74882	1	3831040	3831040	0	
7.75116	1	3831330	3831330	0	
7.75116	1	3832500	3832500	0	
7.75344	1	3832774	3832774	0	
7.75344	1	3833960	3833960	0	
7.75571	1	3834218	3834218	0	
7.75571	1	3835420	3835420	0	
7.75807	1	3835662	3835662	0	
7.75807	1	3836880	3836880	0	
7.76035	1	3837106	3837106	0	
7.76035	1	3838340	3838340	0	
7.76262	1	3838550	3838550	0	
7.76262	1	3839800	3839800	0	
7.76489	1	3839994	3839994	0	
7.76489	1	3841260	3841260	0	
7.76717	1	3841438	3841438	0	
7.76717	1	3842720	3842720	0	
7.76953	1	3842882	3842882	0	
7.76953	1	3844180	3844180	0	
7.7718	1	3844326	3844326	0	
7.7718	1	3845640	3845640	0	
7.77408	1	3845770	3845770	0	
7.77408	1	3847100	3847100	0	
7.77635	1	3847214	3847214	0	
7.77635	1	3848560	3848560	0	
7.77863	1	3848658	3848658	0	
7.77863	1	3850020	3850020	0	
7.7809	1	3850102	3850102	0	
7.7809	1	3851480	3851480	0	
7.78317	1	3851546	3851546	0	
7.78317	1	3852940	3852940	0	
7.78545	1	3852990	3852990	0	
7.78545	1	3854400	3854400	0	
7.78781	1	3854434	3854434	0	
7.78781	1	3855860	3855860	0	
7.79008	1	3855878	3855878	0	
7.79008	1	3857320	3857320	0	
7.79235	1	3857322	3857322	0	
7.79462	1	3858774	3858774	0	
7.79462	1	3858780	3858780	0	
7.7969	1	3860219	3860219	0	
7.7969	1	3860240	3860240	0	
7.79926	1	3861664	3861664	0	
7.79926	1	3861700	3861700	0	
7.80154	1	3863109	3863109	0	
7.80154	1	3863160	3863160	0	
7.80381	1	3864554	3864554	0	
7.80381	1	3864620	3864620	0	
7.80608	1	3865998	3865998	0	
7.80608	1	3866080	3866080	0	
7.80836	1	3867442	3867442	0	
7.80836	1	3867540	3867540	0	
7.81063	1	3868886	3868886	0	
7.81063	1	3869000	3869000	0	
7.8129	1	3870330	3870330	0	
7.8129	1	3870460	3870460	0	
7.81518	1	3871774	3871774	0	
7.81518	1	3871920	3871920	0	
7.81755	1	3873218	3873218	0	
7.81755	1	3873380	3873380	0	
7.81982	1	3874662	3874662	0	
7.81982	1	3874840	3874840	0	
7.82209	1	3876106	3876106	0	
7.82209	1	3876300	3876300	0	
7.82436	1	3877550	3877550	0	
7.82436	1	3877760	3877760	0	
7.82664	1	3878994	3878994	0	
7.82664	1	3879220	3879220	0	
7.829	1	3880438	3880438	0	
7.829	1	3880680	3880680	0	
7.83127	1	3881882	3881882	0	
7.83127	1	3882140	3882140	0	
7.83355	1	3883326	3883326	0	
7.83355	1	3883600	3883600	0	
7.83582	1	3884770	3884770	0	
7.83582	1	3885060	3885060	0	
7.83809	1	3886214	3886214	0	
7.83809	1	3886520	3886520	0	
7.84046	1	3887658	3887658	0	
7.84046	1	3887980	3887980	0	
7.84273	1	3889102	3889102	0	
7.84273	1	3889440	3889440	0	
7.84501	1	3890546	3890546	0	
7.84501	1	3890900	3890900	0	
7.84728	1	3891990	3891990	0	
7.84728	1	3892360	3892360	0	
7.84955	1	3893434	3893434	0	
7.84955	1	3893820	3893820	0	
7.85183	1	3894878	3894878	0	
7.85183	1	3895280	3895280	0	
7.85414	1	3896322	3896322	0	
7.85414	1	3896740	3896740	0	
7.85645	1	3897766	3897766	0	
7.85645	1	3898200	3898200	0	
7.85885	1	3899210	3899210	0	
7.85885	1	3899660	3899660	0	
7.86117	1	3900654	3900654	0	
7.86117	1	3901120	3901120	0	
7.86348	1	3902098	3902098	0	
7.86348	1	3902580	3902580	0	
7.86579	1	3903542	3903542	0	
7.86579	1	3904040	3904040	0	
7.86811	1	3904986	3904986	0	
7.86811	1	3905500	3905500	0	
7.87051	1	3906430	3906430	0	
7.87051	1	3906960	3906960	0	
7.87282	1	3907874	3907874	0	
7.87282	1	3908420	3908420	0	
7.87513	1	3909318	3909318	0	
7.87513	1	3909880	3909880	0	
7.87744	1	3910762	3910762	0	
7.87744	1	3911340	3911340	0	
7.87975	1	3912206	3912206	0	
7.87975	1	3912800	3912800	0	
7.88206	1	3913650	3913650	0	
7.88206	1	3914260	3914260	0	
7.88438	1	3915094	3915094	0	
7.88438	1	3915720	3915720	0	
7.88669	1	3916538	3916538	0	
7.88669	1	3917180	3917180	0	
7.8891	1	3917982	3917982	0	
7.8891	1	3918640	3918640	0	
7.89141	1	3919426	3919426	0	
7.89141	1	3920100	3920100	0	
7.89372	1	3920870	3920870	0	
7.89372	1	3921560	3921560	0	
7.89603	1	3922314	3922314	0	
7.89603	1	3923020	3923020	0	
7.89834	1	3923758	3923758	0	
7.89834	1	3924480	3924480	0	
7.90074	1	3925202	3925202	0	
7.90074	1	3925940	3925940	0	
7.90306	1	3926646	3926646	0	
7.90306	1	3927400	3927400	0	
7.90537	1	3928090	3928090	0	
7.90537	1	3928860	3928860	0	
7.90769	1	3929534	3929534	0	
7.90769	1	3930320	3930320	0	
7.91	1	3930978	3930978	0	
7.91	1	3931780	3931780	0	
7.9124	1	3932422	3932422	0	
7.9124	1	3933240	3933240	0	
7.91471	1	3933866	3933866	0	
7.91471	1	3934700	3934700	0	
7.91702	1	3935310	3935310	0	
7.91702	1	3936160	3936160	0	
7.91933	1	3936754	3936754	0	
7.91933	1	3937620	3937620	0	
7.92164	1	3938198	3938198	0	
7.92164	1	3939080	3939080	0	
7.92396	1	3939642	3939642	0	
7.92396	1	3940540	3940540	0	
7.92627	1	3941086	3941086	0	
7.92627	1	3942000	3942000	0	
7.92859	1	3942530	3942530	0	
7.92859	1	3943460	3943460	0	
7.93099	1	3943974	3943974	0	
7.93099	1	3944920	3944920	0	
7.9333	1	3945418	3945418	0	
7.9333	1	3946380	3946380	0	
7.93561	1	3946862	3946862	0	
7.93561	1	3947840	3947840	0	
7.93792	1	3948306	3948306	0	
7.93792	1	3949300	3949300	0	
7.94023	1	3949750	3949750	0	
7.94023	1	3950760	3950760	0	
7.94263	1	3951194	3951194	0	
7.94263	1	3952220	3952220	0	
7.94495	1	3952638	3952638	0	
7.94495	1	3953680	3953680	0	
7.94726	1	3954082	3954082	0	
7.94726	1	3955140	3955140	0	
7.94958	1	3955526	3955526	0	
7.94958	1	3956600	3956600	0	
7.95189	1	3956970	3956970	0	
7.95189	1	3958060	3958060	0	
7.95432	1	3958414	3958414	0	
7.95432	1	3959520	3959520	0	
7.95676	1	3959858	3959858	0	
7.95676	1	3960980	3960980	0	
7.9592	1	3961302	3961302	0	
7.9592	1	3962440	3962440	0	
7.96173	1	3962746	3962746	0	
7.96173	1	3963900	3963900	0	
7.96417	1	3964190	3964190	0	
7.96417	1	3965360	3965360	0	
7.9666	1	3965634	3965634	0	
7.9666	1	3966820	3966820	0	
7.96904	1	3967078	3967078	0	
7.96904	1	3968280	3968280	0	
7.97148	1	3968522	3968522	0	
7.97148	1	3969740	3969740	0	
7.97401	1	3969966	3969966	0	
7.97401	1	3971200	3971200	0	
7.97645	1	3971410	3971410	0	
7.97645	1	3972660	3972660	0	
7.97889	1	3972854	3972854	0	
7.97889	1	3974120	3974120	0	
7.98132	1	3974298	3974298	0	
7.98132	1	3975580	3975580	0	
7.98376	1	3975742	3975742	0	
7.98376	1	3977040	3977040	0	
7.9862	1	3977186	3977186	0	
7.9862	1	3978500	3978500	0	
7.98863	1	3978630	3978630	0	
7.98863	1	3979960	3979960	0	
7.99107	1	3980074	3980074	0	
7.99107	1	3981420	3981420	0	
7.9936	1	3981518	3981518	0	
7.9936	1	3982880	3982880	0	
7.99605	1	3982962	3982962	0	
7.99605	1	3984340	3984340	0	
7.99848	1	3984406	3984406	0	
7.99848	1	3985800	3985800	0	
8.00092	1	3985850	3985850	0	
8.00092	1	3987260	3987260	0	
8.00335	1	3987294	3987294	0	
8.00335	1	3988720	3988720	0	
8.00588	1	3988738	3988738	0	
8.00588	1	3990180	3990180	0	
8.00832	1	3990182	3990182	0	
8.01075	1	3991634	3991634	0	
8.01075	1	3991640	3991640	0	
8.01319	1	3993079	3993079	0	
8.01319	1	3993100	3993100	0	
8.01563	1	3994524	3994524	0	
8.01563	1	3994560	3994560	0	
8.01816	1	3995969	3995969	0	
8.01816	1	3996020	3996020	0	
8.0206	1	3997414	3997414	0	
8.0206	1	3997480	3997480	0	
8.02304	1	3998858	3998858	0	
8.02304	1	3998940	3998940	0	
8.02547	1	4000302	4000302	0	
8.02547	1	4000400	4000400	0	
8.02791	1	4001746	4001746	0	
8.02791	1	4001860	4001860	0	
8.03035	1	4003190	4003190	0	
8.03035	1	4003320	4003320	0	
8.03278	1	4004634	4004634	0	
8.03278	1	4004780	4004780	0	
8.03522	1	4006078	4006078	0	
8.03522	1	4006240	4006240	0	
8.03775	1	4007522	4007522	0	
8.03775	1	4007700	4007700	0	
8.04019	1	4008966	4008966	0	
8.04019	1	4009160	4009160	0	
8.04263	1	4010410	4010410	0	
8.04263	1	4010620	4010620	0	
8.04507	1	4011854	4011854	0	
8.04507	1	4012080	4012080	0	
8.04751	1	4013298	4013298	0	
8.04751	1	4013540	4013540	0	
8.05004	1	4014742	4014742	0	
8.05004	1	4015000	4015000	0	
8.05247	1	4016186	4016186	0	
8.05247	1	4016460	4016460	0	
8.05491	1	4017630	4017630	0	
8.05491	1	4017920	4017920	0	
8.05736	1	4019074	4019074	0	
8.05736	1	4019380	4019380	0	
8.0598	1	4020518	4020518	0	
8.0598	1	4020840	4020840	0	
8.06224	1	4021962	4021962	0	
8.06224	1	4022300	4022300	0	
8.06468	1	4023406	4023406	0	
8.06468	1	4023760	4023760	0	
8.06713	1	4024850	4024850	0	
8.06713	1	4025220	4025220	0	
8.06967	1	4026294	4026294	0	
8.06967	1	4026680	4026680	0	
8.07211	1	4027738	4027738	0	
8.07211	1	4028140	4028140	0	
8.07455	1	4029182	4029182	0	
8.07455	1	4029600	4029600	0	
8.07699	1	4030626	4030626	0	
8.07699	1	4031060	4031060	0	
8.07943	1	4032070	4032070	0	
8.07943	1	4032520	4032520	0	
8.08197	1	4033514	4033514	0	
8.08197	1	4033980	4033980	0	
8.08441	1	4034958	4034958	0	
8.08441	1	4035440	4035440	0	
8.08685	1	4036402	4036402	0	
8.08685	1	4036900	4036900	0	
8.0893	1	4037846	4037846	0	
8.0893	1	4038360	4038360	0	
8.09175	1	4039290	4039290	0	
8.09175	1	4039820	4039820	0	
8.09419	1	4040734	4040734	0	
8.09419	1	4041280	4041280	0	
8.09663	1	4042178	4042178	0	
8.09663	1	4042740	4042740	0	
8.09907	1	4043622	4043622	0	
8.09907	1	4044200	4044200	0	
8.10151	1	4045066	4045066	0	
8.10151	1	4045660	4045660	0	
8.10405	1	4046510	4046510	0	
8.10405	1	4047120	4047120	0	
8.10649	1	4047954	4047954	0	
8.10649	1	4048580	4048580	0	
8.10893	1	4049398	4049398	0	
8.10893	1	4050040	4050040	0	
8.11137	1	4050842	4050842	0	
8.11137	1	4051500	4051500	0	
8.11382	1	4052286	4052286	0	
8.11382	1	4052960	4052960	0	
8.11636	1	4053730	4053730	0	
8.11636	1	4054420	4054420	0	
8.1188	1	4055174	4055174	0	
8.1188	1	4055880	4055880	0	
8.12124	1	4056618	4056618	0	
8.12124	1	4057340	4057340	0	
8.12368	1	4058062	4058062	0	
8.12368	1	4058800	4058800	0	
8.12613	1	4059506	4059506	0	
8.12613	1	4060260	4060260	0	
8.12866	1	4060950	4060950	0	
8.12866	1	4061720	4061720	0	
8.1311	1	4062394	4062394	0	
8.1311	1	4063180	4063180	0	
8.13355	1	4063838	4063838	0	
8.13355	1	4064640	4064640	0	
8.136	1	4065282	4065282	0	
8.136	1	4066100	4066100	0	
8.13844	1	4066726	4066726	0	
8.13844	1	4067560	4067560	0	
8.14088	1	4068170	4068170	0	
8.14088	1	4069020	4069020	0	
8.14332	1	4069614	4069614	0	
8.14332	1	4070480	4070480	0	
8.14576	1	4071058	4071058	0	
8.14576	1	4071940	4071940	0	
8.1483	1	4072502	4072502	0	
8.1483	1	4073400	4073400	0	
8.15074	1	4073946	4073946	0	
8.15074	1	4074860	4074860	0	
8.15318	1	4075390	4075390	0	
8.15318	1	4076320	4076320	0	
8.15562	1	4076834	4076834	0	
8.15562	1	4077780	4077780	0	
8.15806	1	4078278	4078278	0	
8.15806	1	4079240	4079240	0	
8.1606	1	4079722	4079722	0	
8.1606	1	4080700	4080700	0	
8.16304	1	4081166	4081166	0	
8.16304	1	4082160	4082160	0	
8.16548	1	4082610	4082610	0	
8.16548	1	4083620	4083620	0	
8.16792	1	4084054	4084054	0	
8.16792	1	4085080	4085080	0	
8.17036	1	4085498	4085498	0	
8.17036	1	4086540	4086540	0	
8.1728	1	4086942	4086942	0	
8.1728	1	4088000	4088000	0	
8.17524	1	4088386	4088386	0	
8.17524	1	4089460	4089460	0	
8.17767	1	4089830	4089830	0	
8.17767	1	4090920	4090920	0	
8.18021	1	4091274	4091274	0	
8.18021	1	4092380	4092380	0	
8.18266	1	4092718	4092718	0	
8.18266	1	4093840	4093840	0	
8.18509	1	4094162	4094162	0	
8.18509	1	4095300	4095300	0	
8.18753	1	4095606	4095606	0	
8.18753	1	4096760	4096760	0	
8.18997	1	4097050	4097050	0	
8.18997	1	4098220	4098220	0	
8.19251	1	4098494	4098494	0	
8.19251	1	4099680	4099680	0	
8.19495	1	4099938	4099938	0	
8.19495	1	4101140	4101140	0	
8.19739	1	4101382	4101382	0	
8.19739	1	4102600	4102600	0	
8.19982	1	4102826	4102826	0	
8.19982	1	4104060	4104060	0	
8.20226	1	4104270	4104270	0	
8.20226	1	4105520	4105520	0	
8.2047	1	4105714	4105714	0	
8.2047	1	4106980	4106980	0	
8.20715	1	4107158	4107158	0	
8.20715	1	4108440	4108440	0	
8.20959	1	4108602	4108602	0	
8.20959	1	4109900	4109900	0	
8.21212	1	4110046	4110046	0	
8.21212	1	4111360	4111360	0	
8.21456	1	4111490	4111490	0	
8.21456	1	4112820	4112820	0	
8.217	1	4112934	4112934	0	
8.217	1	4114280	4114280	0	
8.21944	1	4114378	4114378	0	
8.21944	1	4115740	4115740	0	
8.22188	1	4115822	4115822	0	
8.22188	1	4117200	4117200	0	
8.22441	1	4117266	4117266	0	
8.22441	1	4118660	4118660	0	
8.22685	1	4118710	4118710	0	
8.22685	1	4120120	4120120	0	
8.2293	1	4120154	4120154	0	
8.2293	1	4121580	4121580	0	
8.23173	1	4121598	4121598	0	
8.23173	1	4123040	4123040	0	
8.23417	1	4123042	4123042	0	
8.23671	1	4124494	4124494	0	
8.23671	1	4124500	4124500	0	
8.23915	1	4125939	4125939	0	
8.23915	1	4125960	4125960	0	
8.24158	1	4127384	4127384	0	
8.24158	1	4127420	4127420	0	
8.24402	1	4128829	4128829	0	
8.24402	1	4128880	4128880	0	
8.24646	1	4130274	4130274	0	
8.24646	1	4130340	4130340	0	
8.2489	1	4131718	4131718	0	
8.2489	1	4131800	4131800	0	
8.25134	1	4133162	4133162	0	
8.25134	1	4133260	4133260	0	
8.25367	1	4134606	4134606	0	
8.25367	1	4134720	4134720	0	
8.25608	1	4136050	4136050	0	
8.25608	1	4136180	4136180	0	
8.25841	1	4137494	4137494	0	
8.25841	1	4137640	4137640	0	
8.26073	1	4138938	4138938	0	
8.26073	1	4139100	4139100	0	
8.26305	1	4140382	4140382	0	
8.26305	1	4140560	4140560	0	
8.26537	1	4141826	4141826	0	
8.26537	1	4142020	4142020	0	
8.26778	1	4143270	4143270	0	
8.26778	1	4143480	4143480	0	
8.27011	1	4144714	4144714	0	
8.27011	1	4144940	4144940	0	
8.27243	1	4146158	4146158	0	
8.27243	1	4146400	4146400	0	
8.27476	1	4147602	4147602	0	
8.27476	1	4147860	4147860	0	
8.27708	1	4149046	4149046	0	
8.27708	1	4149320	4149320	0	
8.2794	1	4150490	4150490	0	
8.2794	1	4150780	4150780	0	
8.28172	1	4151934	4151934	0	
8.28172	1	4152240	4152240	0	
8.28405	1	4153378	4153378	0	
8.28405	1	4153700	4153700	0	
8.28646	1	4154822	4154822	0	
8.28646	1	4155160	4155160	0	
8.28878	1	4156266	4156266	0	
8.28878	1	4156620	4156620	0	
8.2911	1	4157710	4157710	0	
8.2911	1	4158080	4158080	0	
8.29343	1	4159154	4159154	0	
8.29343	1	4159540	4159540	0	
8.29575	1	4160598	4160598	0	
8.29575	1	4161000	4161000	0	
8.29817	1	4162042	4162042	0	
8.29817	1	4162460	4162460	0	
8.30049	1	4163486	4163486	0	
8.30049	1	4163920	4163920	0	
8.30281	1	4164930	4164930	0	
8.30281	1	4165380	4165380	0	
8.30513	1	4166374	4166374	0	
8.30513	1	4166840	4166840	0	
8.30746	1	4167818	4167818	0	
8.30746	1	4168300	4168300	0	
8.30987	1	4169262	4169262	0	
8.30987	1	4169760	4169760	0	
8.31219	1	4170706	4170706	0	
8.31219	1	4171220	4171220	0	
8.31451	1	4172150	4172150	0	
8.31451	1	4172680	4172680	0	
8.31684	1	4173594	4173594	0	
8.31684	1	4174140	4174140	0	
8.31917	1	4175038	4175038	0	
8.31917	1	4175600	4175600	0	
8.32149	1	4176482	4176482	0	
8.32149	1	4177060	4177060	0	
8.32381	1	4177926	4177926	0	
8.32381	1	4178520	4178520	0	
8.32613	1	4179370	4179370	0	
8.32613	1	4179980	4179980	0	
8.32854	1	4180814	4180814	0	
8.32854	1	4181440	4181440	0	
8.33087	1	4182258	4182258	0	
8.33087	1	4182900	4182900	0	
8.33319	1	4183702	4183702	0	
8.33319	1	4184360	4184360	0	
8.33551	1	4185146	4185146	0	
8.33551	1	4185820	4185820	0	
8.33783	1	4186590	4186590	0	
8.33783	1	4187280	4187280	0	
8.34025	1	4188034	4188034	0	
8.34025	1	4188740	4188740	0	
8.34258	1	4189478	4189478	0	
8.34258	1	4190200	4190200	0	
8.3449	1	4190922	4190922	0	
8.3449	1	4191660	4191660	0	
8.34722	1	4192366	4192366	0	
8.34722	1	4193120	4193120	0	
8.34954	1	4193810	4193810	0	
8.34954	1	4194580	4194580	0	
8.35186	1	4195254	4195254	0	
8.35186	1	4196040	4196040	0	
8.35422	1	4196698	4196698	0	
8.35422	1	4197500	4197500	0	
8.35658	1	4198142	4198142	0	
8.35658	1	4198960	4198960	0	
8.35903	1	4199586	4199586	0	
8.35903	1	4200420	4200420	0	
8.36139	1	4201030	4201030	0	
8.36139	1	4201880	4201880	0	
8.36376	1	4202474	4202474	0	
8.36376	1	4203340	4203340	0	
8.36611	1	4203918	4203918	0	
8.36611	1	4204800	4204800	0	
8.36847	1	4205362	4205362	0	
8.36847	1	4206260	4206260	0	
8.37092	1	4206806	4206806	0	
8.37092	1	4207720	4207720	0	
8.37328	1	4208250	4208250	0	
8.37328	1	4209180	4209180	0	
8.37564	1	4209694	4209694	0	
8.37564	1	4210640	4210640	0	
8.378	1	4211138	4211138	0	
8.378	1	4212100	4212100	0	
8.38036	1	4212582	4212582	0	
8.38036	1	4213560	4213560	0	
8.38272	1	4214026	4214026	0	
8.38272	1	4215020	4215020	0	
8.38507	1	4215470	4215470	0	
8.38507	1	4216480	4216480	0	
8.38744	1	4216914	4216914	0	
8.38744	1	4217940	4217940	0	
8.38989	1	4218358	4218358	0	
8.38989	1	4219400	4219400	0	
8.39225	1	4219802	4219802	0	
8.39225	1	4220860	4220860	0	
8.39461	1	4221246	4221246	0	
8.39461	1	4222320	4222320	0	
8.39697	1	4222690	4222690	0	
8.39697	1	4223780	4223780	0	
8.39932	1	4224134	4224134	0	
8.39932	1	4225240	4225240	0	
8.40177	1	4225578	4225578	0	
8.40177	1	4226700	4226700	0	
8.40413	1	4227022	4227022	0	
8.40413	1	4228160	4228160	0	
8.40649	1	4228466	4228466	0	
8.40649	1	4229620	4229620	0	
8.40886	1	4229910	4229910	0	
8.40886	1	4231080	4231080	0	
8.41122	1	4231354	4231354	0	
8.41122	1	4232540	4232540	0	
8.41367	1	4232798	4232798	0	
8.41367	1	4234000	4234000	0	
8.41603	1	4234242	4234242	0	
8.41603	1	4235460	4235460	0	
8.41838	1	4235686	4235686	0	
8.41838	1	4236920	4236920	0	
8.42074	1	4237130	4237130	0	
8.42074	1	4238380	4238380	0	
8.4231	1	4238574	4238574	0	
8.4231	1	4239840	4239840	0	
8.42546	1	4240018	4240018	0	
8.42546	1	4241300	4241300	0	
8.42782	1	4241462	4241462	0	
8.42782	1	4242760	4242760	0	
8.43018	1	4242906	4242906	0	
8.43018	1	4244220	4244220	0	
8.43263	1	4244350	4244350	0	
8.43263	1	4245680	4245680	0	
8.43499	1	4245794	4245794	0	
8.43499	1	4247140	4247140	0	
8.43735	1	4247238	4247238	0	
8.43735	1	4248600	4248600	0	
8.43971	1	4248682	4248682	0	
8.43971	1	4250060	4250060	0	
8.44207	1	4250126	4250126	0	
8.44207	1	4251520	4251520	0	
8.44452	1	4251570	4251570	0	
8.44452	1	4252980	4252980	0	
8.44687	1	4253014	4253014	0	
8.44687	1	4254440	4254440	0	
8.44923	1	4254458	4254458	0	
8.44923	1	4255900	4255900	0	
8.45159	1	4255902	4255902	0	
8.45392	1	4257354	4257354	0	
8.45392	1	4257360	4257360	0	
8.45625	1	4258799	4258799	0	
8.45625	1	4258820	4258820	0	
8.45858	1	4260244	4260244	0	
8.45858	1	4260280	4260280	0	
8.4609	1	4261689	4261689	0	
8.4609	1	4261740	4261740	0	
8.46332	1	4263134	4263134	0	
8.46332	1	4263200	4263200	0	
8.46565	1	4264578	4264578	0	
8.46565	1	4264660	4264660	0	
8.46797	1	4266022	4266022	0	
8.46797	1	4266120	4266120	0	
8.4703	1	4267466	4267466	0	
8.4703	1	4267580	4267580	0	
8.47263	1	4268910	4268910	0	
8.47263	1	4269040	4269040	0	
8.47505	1	4270354	4270354	0	
8.47505	1	4270500	4270500	0	
8.47738	1	4271798	4271798	0	
8.47738	1	4271960	4271960	0	
8.47971	1	4273242	4273242	0	
8.47971	1	4273420	4273420	0	
8.48203	1	4274686	4274686	0	
8.48203	1	4274880	4274880	0	
8.48436	1	4276130	4276130	0	
8.48436	1	4276340	4276340	0	
8.48669	1	4277574	4277574	0	
8.48669	1	4277800	4277800	0	
8.48902	1	4279018	4279018	0	
8.48902	1	4279260	4279260	0	
8.49134	1	4280462	4280462	0	
8.49134	1	4280720	4280720	0	
8.49376	1	4281906	4281906	0	
8.49376	1	4282180	4282180	0	
8.49609	1	4283350	4283350	0	
8.49609	1	4283640	4283640	0	
8.49842	1	4284794	4284794	0	
8.49842	1	4285100	4285100	0	
8.50075	1	4286238	4286238	0	
8.50075	1	4286560	4286560	0	
8.50308	1	4287682	4287682	0	
8.50308	1	4288020	4288020	0	
8.50549	1	4289126	4289126	0	
8.50549	1	4289480	4289480	0	
8.50782	1	4290570	4290570	0	
8.50782	1	4290940	4290940	0	
8.51015	1	4292014	4292014	0	
8.51015	1	4292400	4292400	0	
8.51247	1	4293458	4293458	0	
8.51247	1	4293860	4293860	0	
8.5148	1	4294902	4294902	0	
8.5148	1	4295320	4295320	0	
8.51722	1	4296346	4296346	0	
8.51722	1	4296780	4296780	0	
8.51955	1	4297790	4297790	0	
8.51955	1	4298240	4298240	0	
8.52188	1	4299234	4299234	0	
8.52188	1	4299700	4299700	0	
8.52421	1	4300678	4300678	0	
8.52421	1	4301160	4301160	0	
8.52653	1	4302122	4302122	0	
8.52653	1	4302620	4302620	0	
8.52886	1	4303566	4303566	0	
8.52886	1	4304080	4304080	0	
8.53119	1	4305010	4305010	0	
8.53119	1	4305540	4305540	0	
8.53351	1	4306454	4306454	0	
8.53351	1	4307000	4307000	0	
8.53593	1	4307898	4307898	0	
8.53593	1	4308460	4308460	0	
8.53826	1	4309342	4309342	0	
8.53826	1	4309920	4309920	0	
8.54059	1	4310786	4310786	0	
8.54059	1	4311380	4311380	0	
8.54292	1	4312230	4312230	0	
8.54292	1	4312840	4312840	0	
8.54525	1	4313674	4313674	0	
8.54525	1	4314300	4314300	0	
8.54766	1	4315118	4315118	0	
8.54766	1	4315760	4315760	0	
8.54999	1	4316562	4316562	0	
8.54999	1	4317220	4317220	0	
8.55232	1	4318006	4318006	0	
8.55232	1	4318680	4318680	0	
8.55464	1	4319450	4319450	0	
8.55464	1	4320140	4320140	0	
8.55696	1	4320894	4320894	0	
8.55696	1	4321600	4321600	0	
8.55928	1	4322338	4322338	0	
8.55928	1	4323060	4323060	0	
8.56161	1	4323782	4323782	0	
8.56161	1	4324520	4324520	0	
8.56393	1	4325226	4325226	0	
8.56393	1	4325980	4325980	0	
8.56635	1	4326670	4326670	0	
8.56635	1	4327440	4327440	0	
8.56867	1	4328114	4328114	0	
8.56867	1	4328900	4328900	0	
8.57099	1	4329558	4329558	0	
8.57099	1	4330360	4330360	0	
8.57331	1	4331002	4331002	0	
8.57331	1	4331820	4331820	0	
8.57563	1	4332446	4332446	0	
8.57563	1	4333280	4333280	0	
8.57805	1	4333890	4333890	0	
8.57805	1	4334740	4334740	0	
8.58037	1	4335334	4335334	0	
8.58037	1	4336200	4336200	0	
8.58269	1	4336778	4336778	0	
8.58269	1	4337660	4337660	0	
8.58501	1	4338222	4338222	0	
8.58501	1	4339120	4339120	0	
8.58734	1	4339666	4339666	0	
8.58734	1	4340580	4340580	0	
8.58966	1	4341110	4341110	0	
8.58966	1	4342040	4342040	0	
8.59198	1	4342554	4342554	0	
8.59198	1	4343500	4343500	0	
8.5943	1	4343998	4343998	0	
8.5943	1	4344960	4344960	0	
8.59672	1	4345442	4345442	0	
8.59672	1	4346420	4346420	0	
8.59904	1	4346886	4346886	0	
8.59904	1	4347880	4347880	0	
8.60136	1	4348330	4348330	0	
8.60136	1	4349340	4349340	0	
8.60368	1	4349774	4349774	0	
8.60368	1	4350800	4350800	0	
8.606	1	4351218	4351218	0	
8.606	1	4352260	4352260	0	
8.60832	1	4352662	4352662	0	
8.60832	1	4353720	4353720	0	
8.61074	1	4354106	4354106	0	
8.61074	1	4355180	4355180	0	
8.61307	1	4355550	4355550	0	
8.61307	1	4356640	4356640	0	
8.61539	1	4356994	4356994	0	
8.61539	1	4358100	4358100	0	
8.61771	1	4358438	4358438	0	
8.61771	1	4359560	4359560	0	
8.62003	1	4359882	4359882	0	
8.62003	1	4361020	4361020	0	
8.62244	1	4361326	4361326	0	
8.62244	1	4362480	4362480	0	
8.62476	1	4362770	4362770	0	
8.62476	1	4363940	4363940	0	
8.62709	1	4364214	4364214	0	
8.62709	1	4365400	4365400	0	
8.62941	1	4365658	4365658	0	
8.62941	1	4366860	4366860	0	
8.63174	1	4367102	4367102	0	
8.63174	1	4368320	4368320	0	
8.63406	1	4368546	4368546	0	
8.63406	1	4369780	4369780	0	
8.63638	1	4369990	4369990	0	
8.63638	1	4371240	4371240	0	
8.6387	1	4371434	4371434	0	
8.6387	1	4372700	4372700	0	
8.64111	1	4372878	4372878	0	
8.64111	1	4374160	4374160	0	
8.64344	1	4374322	4374322	0	
8.64344	1	4375620	4375620	0	
8.64576	1	4375766	4375766	0	
8.64576	1	4377080	4377080	0	
8.64808	1	4377210	4377210	0	
8.64808	1	4378540	4378540	0	
8.6504	1	4378654	4378654	0	
8.6504	1	4380000	4380000	0	
8.6528	1	4380098	4380098	0	
8.6528	1	4381460	4381460	0	
8.6551	1	4381542	4381542	0	
8.6551	1	4382920	4382920	0	
8.65739	1	4382986	4382986	0	
8.65739	1	4384380	4384380	0	
8.65969	1	4384430	4384430	0	
8.65969	1	4385840	4385840	0	
8.66199	1	4385874	4385874	0	
8.66199	1	4387300	4387300	0	
8.66429	1	4387318	4387318	0	
8.66429	1	4388760	4388760	0	
8.66658	1	4388762	4388762	0	
8.66888	1	4390214	4390214	0	
8.66888	1	4390220	4390220	0	
8.67127	1	4391659	4391659	0	
8.67127	1	4391680	4391680	0	
8.67357	1	4393104	4393104	0	
8.67357	1	4393140	4393140	0	
8.67588	1	4394549	4394549	0	
8.67588	1	4394600	4394600	0	
8.67818	1	4395994	4395994	0	
8.67818	1	4396060	4396060	0	
8.68047	1	4397438	4397438	0	
8.68047	1	4397520	4397520	0	
8.68286	1	4398882	4398882	0	
8.68286	1	4398980	4398980	0	
8.68516	1	4400326	4400326	0	
8.68516	1	4400440	4400440	0	
8.68746	1	4401770	4401770	0	
8.68746	1	4401900	4401900	0	
8.68976	1	4403214	4403214	0	
8.68976	1	4403360	4403360	0	
8.69206	1	4404658	4404658	0	
8.69206	1	4404820	4404820	0	
8.69436	1	4406102	4406102	0	
8.69436	1	4406280	4406280	0	
8.69666	1	4407546	4407546	0	
8.69666	1	4407740	4407740	0	
8.69896	1	4408990	4408990	0	
8.69896	1	4409200	4409200	0	
8.70135	1	4410434	4410434	0	
8.70135	1	4410660	4410660	0	
8.70365	1	4411878	4411878	0	
8.70365	1	4412120	4412120	0	
8.70595	1	4413322	4413322	0	
8.70595	1	4413580	4413580	0	
8.70825	1	4414766	4414766	0	
8.70825	1	4415040	4415040	0	
8.71055	1	4416210	4416210	0	
8.71055	1	4416500	4416500	0	
8.71294	1	4417654	4417654	0	
8.71294	1	4417960	4417960	0	
8.71523	1	4419098	4419098	0	
8.71523	1	4419420	4419420	0	
8.71753	1	4420542	4420542	0	
8.71753	1	4420880	4420880	0	
8.71984	1	4421986	4421986	0	
8.71984	1	4422340	4422340	0	
8.72214	1	4423430	4423430	0	
8.72214	1	4423800	4423800	0	
8.72453	1	4424874	4424874	0	
8.72453	1	4425260	4425260	0	
8.72683	1	4426318	4426318	0	
8.72683	1	4426720	4426720	0	
8.72912	1	4427762	4427762	0	
8.72912	1	4428180	4428180	0	
8.73142	1	4429206	4429206	0	
8.73142	1	4429640	4429640	0	
8.73372	1	4430650	4430650	0	
8.73372	1	4431100	4431100	0	
8.73602	1	4432094	4432094	0	
8.73602	1	4432560	4432560	0	
8.73832	1	4433538	4433538	0	
8.73832	1	4434020	4434020	0	
8.74062	1	4434982	4434982	0	
8.74062	1	4435480	4435480	0	
8.74302	1	4436426	4436426	0	
8.74302	1	4436940	4436940	0	
8.74531	1	4437870	4437870	0	
8.74531	1	4438400	4438400	0	
8.74761	1	4439314	4439314	0	
8.74761	1	4439860	4439860	0	
8.74991	1	4440758	4440758	0	
8.74991	1	4441320	4441320	0	
8.75221	1	4442202	4442202	0	
8.75221	1	4442780	4442780	0	
8.75466	1	4443646	4443646	0	
8.75466	1	4444240	4444240	0	
8.75701	1	4445090	4445090	0	
8.75701	1	4445700	4445700	0	
8.75936	1	4446534	4446534	0	
8.75936	1	4447160	4447160	0	
8.76172	1	4447978	4447978	0	
8.76172	1	4448620	4448620	0	
8.76408	1	4449422	4449422	0	
8.76408	1	4450080	4450080	0	
8.76643	1	4450866	4450866	0	
8.76643	1	4451540	4451540	0	
8.76879	1	4452310	4452310	0	
8.76879	1	4453000	4453000	0	
8.77114	1	4453754	4453754	0	
8.77114	1	4454460	4454460	0	
8.77359	1	4455198	4455198	0	
8.77359	1	4455920	4455920	0	
8.77594	1	4456642	4456642	0	
8.77594	1	4457380	4457380	0	
8.77829	1	4458086	4458086	0	
8.77829	1	4458840	4458840	0	
8.78065	1	4459530	4459530	0	
8.78065	1	4460300	4460300	0	
8.783	1	4460974	4460974	0	
8.783	1	4461760	4461760	0	
8.78545	1	4462418	4462418	0	
8.78545	1	4463220	4463220	0	
8.78781	1	4463862	4463862	0	
8.78781	1	4464680	4464680	0	
8.79016	1	4465306	4465306	0	
8.79016	1	4466140	4466140	0	
8.79252	1	4466750	4466750	0	
8.79252	1	4467600	4467600	0	
8.79487	1	4468194	4468194	0	
8.79487	1	4469060	4469060	0	
8.79722	1	4469638	4469638	0	
8.79722	1	4470520	4470520	0	
8.79967	1	4471082	4471082	0	
8.79967	1	4471980	4471980	0	
8.80202	1	4472526	4472526	0	
8.80202	1	4473440	4473440	0	
8.80438	1	4473970	4473970	0	
8.80438	1	4474900	4474900	0	
8.80673	1	4475414	4475414	0	
8.80673	1	4476360	4476360	0	
8.80909	1	4476858	4476858	0	
8.80909	1	4477820	4477820	0	
8.81145	1	4478302	4478302	0	
8.81145	1	4479280	4479280	0	
8.8138	1	4479746	4479746	0	
8.8138	1	4480740	4480740	0	
8.81625	1	4481190	4481190	0	
8.81625	1	4482200	4482200	0	
8.8186	1	4482634	4482634	0	
8.8186	1	4483660	4483660	0	
8.82095	1	4484078	4484078	0	
8.82095	1	4485120	4485120	0	
8.82331	1	4485522	4485522	0	
8.82331	1	4486580	4486580	0	
8.82566	1	4486966	4486966	0	
8.82566	1	4488040	4488040	0	
8.82801	1	4488410	4488410	0	
8.82801	1	4489500	4489500	0	
8.83047	1	4489854	4489854	0	
8.83047	1	4490960	4490960	0	
8.83282	1	4491298	4491298	0	
8.83282	1	4492420	4492420	0	
8.83518	1	4492742	4492742	0	
8.83518	1	4493880	4493880	0	
8.83753	1	4494186	4494186	0	
8.83753	1	4495340	4495340	0	
8.83988	1	4495630	4495630	0	
8.83988	1	4496800	4496800	0	
8.84224	1	4497074	4497074	0	
8.84224	1	4498260	4498260	0	
8.84459	1	4498518	4498518	0	
8.84459	1	4499720	4499720	0	
8.84704	1	4499962	4499962	0	
8.84704	1	4501180	4501180	0	
8.84939	1	4501406	4501406	0	
8.84939	1	4502640	4502640	0	
8.85174	1	4502850	4502850	0	
8.85174	1	4504100	4504100	0	
8.85402	1	4504294	4504294	0	
8.85402	1	4505560	4505560	0	
8.85629	1	4505738	4505738	0	
8.85629	1	4507020	4507020	0	
8.85855	1	4507182	4507182	0	
8.85855	1	4508480	4508480	0	
8.86091	1	4508626	4508626	0	
8.86091	1	4509940	4509940	0	
8.86318	1	4510070	4510070	0	
8.86318	1	4511400	4511400	0	
8.86545	1	4511514	4511514	0	
8.86545	1	4512860	4512860	0	
8.86771	1	4512958	4512958	0	
8.86771	1	4514320	4514320	0	
8.86998	1	4514402	4514402	0	
8.86998	1	4515780	4515780	0	
8.87225	1	4515846	4515846	0	
8.87225	1	4517240	4517240	0	
8.87452	1	4517290	4517290	0	
8.87452	1	4518700	4518700	0	
8.87688	1	4518734	4518734	0	
8.87688	1	4520160	4520160	0	
8.87914	1	4520178	4520178	0	
8.87914	1	4521620	4521620	0	
8.88141	1	4521622	4521622	0	
8.88368	1	4523074	4523074	0	
8.88368	1	4523080	4523080	0	
8.88595	1	4524519	4524519	0	
8.88595	1	4524540	4524540	0	
8.88821	1	4525964	4525964	0	
8.88821	1	4526000	4526000	0	
8.89057	1	4527409	4527409	0	
8.89057	1	4527460	4527460	0	
8.89284	1	4528854	4528854	0	
8.89284	1	4528920	4528920	0	
8.89511	1	4530298	4530298	0	
8.89511	1	4530380	4530380	0	
8.89738	1	4531742	4531742	0	
8.89738	1	4531840	4531840	0	
8.89965	1	4533186	4533186	0	
8.89965	1	4533300	4533300	0	
8.90201	1	4534630	4534630	0	
8.90201	1	4534760	4534760	0	
8.90427	1	4536074	4536074	0	
8.90427	1	4536220	4536220	0	
8.90654	1	4537518	4537518	0	
8.90654	1	4537680	4537680	0	
8.90881	1	4538962	4538962	0	
8.90881	1	4539140	4539140	0	
8.91108	1	4540406	4540406	0	
8.91108	1	4540600	4540600	0	
8.91335	1	4541850	4541850	0	
8.91335	1	4542060	4542060	0	
8.91561	1	4543294	4543294	0	
8.91561	1	4543520	4543520	0	
8.91798	1	4544738	4544738	0	
8.91798	1	4544980	4544980	0	
8.92024	1	4546182	4546182	0	
8.92024	1	4546440	4546440	0	
8.92251	1	4547626	4547626	0	
8.92251	1	4547900	4547900	0	
8.92478	1	4549070	4549070	0	
8.92478	1	4549360	4549360	0	
8.92705	1	4550514	4550514	0	
8.92705	1	4550820	4550820	0	
8.92932	1	4551958	4551958	0	
8.92932	1	4552280	4552280	0	
8.93167	1	4553402	4553402	0	
8.93167	1	4553740	4553740	0	
8.93394	1	4554846	4554846	0	
8.93394	1	4555200	4555200	0	
8.93621	1	4556290	4556290	0	
8.93621	1	4556660	4556660	0	
8.93848	1	4557734	4557734	0	
8.93848	1	4558120	4558120	0	
8.94075	1	4559178	4559178	0	
8.94075	1	4559580	4559580	0	
8.94302	1	4560622	4560622	0	
8.94302	1	4561040	4561040	0	
8.94529	1	4562066	4562066	0	
8.94529	1	4562500	4562500	0	
8.94764	1	4563510	4563510	0	
8.94764	1	4563960	4563960	0	
8.94991	1	4564954	4564954	0	
8.94991	1	4565420	4565420	0	
8.95218	1	4566398	4566398	0	
8.95218	1	4566880	4566880	0	
8.95452	1	4567842	4567842	0	
8.95452	1	4568340	4568340	0	
8.95685	1	4569286	4569286	0	
8.95685	1	4569800	4569800	0	
8.95919	1	4570730	4570730	0	
8.95919	1	4571260	4571260	0	
8.96163	1	4572174	4572174	0	
8.96163	1	4572720	4572720	0	
8.96396	1	4573618	4573618	0	
8.96396	1	4574180	4574180	0	
8.9663	1	4575062	4575062	0	
8.9663	1	4575640	4575640	0	
8.96864	1	4576506	4576506	0	
8.96864	1	4577100	4577100	0	
8.97097	1	4577950	4577950	0	
8.97097	1	4578560	4578560	0	
8.97331	1	4579394	4579394	0	
8.97331	1	4580020	4580020	0	
8.97565	1	4580838	4580838	0	
8.97565	1	4581480	4581480	0	
8.97808	1	4582282	4582282	0	
8.97808	1	4582940	4582940	0	
8.98041	1	4583726	4583726	0	
8.98041	1	4584400	4584400	0	
8.98275	1	4585170	4585170	0	
8.98275	1	4585860	4585860	0	
8.9851	1	4586614	4586614	0	
8.9851	1	4587320	4587320	0	
8.98743	1	4588058	4588058	0	
8.98743	1	4588780	4588780	0	
8.98986	1	4589502	4589502	0	
8.98986	1	4590240	4590240	0	
8.9922	1	4590946	4590946	0	
8.9922	1	4591700	4591700	0	
8.99454	1	4592390	4592390	0	
8.99454	1	4593160	4593160	0	
8.99687	1	4593834	4593834	0	
8.99687	1	4594620	4594620	0	
8.99921	1	4595278	4595278	0	
8.99921	1	4596080	4596080	0	
9.00155	1	4596722	4596722	0	
9.00155	1	4597540	4597540	0	
9.00398	1	4598166	4598166	0	
9.00398	1	4599000	4599000	0	
9.00632	1	4599610	4599610	0	
9.00632	1	4600460	4600460	0	
9.00866	1	4601054	4601054	0	
9.00866	1	4601920	4601920	0	
9.011	1	4602498	4602498	0	
9.011	1	4603380	4603380	0	
9.01333	1	4603942	4603942	0	
9.01333	1	4604840	4604840	0	
9.01567	1	4605386	4605386	0	
9.01567	1	4606300	4606300	0	
9.01801	1	4606830	4606830	0	
9.01801	1	4607760	4607760	0	
9.02044	1	4608274	4608274	0	
9.02044	1	4609220	4609220	0	
9.02277	1	4609718	4609718	0	
9.02277	1	4610680	4610680	0	
9.02511	1	4611162	4611162	0	
9.02511	1	4612140	4612140	0	
9.02745	1	4612606	4612606	0	
9.02745	1	4613600	4613600	0	
9.02979	1	4614050	4614050	0	
9.02979	1	4615060	4615060	0	
9.03213	1	4615494	4615494	0	
9.03213	1	4616520	4616520	0	
9.03456	1	4616938	4616938	0	
9.03456	1	4617980	4617980	0	
9.03689	1	4618382	4618382	0	
9.03689	1	4619440	4619440	0	
9.03923	1	4619826	4619826	0	
9.03923	1	4620900	4620900	0	
9.04157	1	4621270	4621270	0	
9.04157	1	4622360	4622360	0	
9.04391	1	4622714	4622714	0	
9.04391	1	4623820	4623820	0	
9.04624	1	4624158	4624158	0	
9.04624	1	4625280	4625280	0	
9.04858	1	4625602	4625602	0	
9.04858	1	4626740	4626740	0	
9.05102	1	4627046	4627046	0	
9.05102	1	4628200	4628200	0	
9.05328	1	4628490	4628490	0	
9.05328	1	4629660	4629660	0	
9.05554	1	4629934	4629934	0	
9.05554	1	4631120	4631120	0	
9.05779	1	4631378	4631378	0	
9.05779	1	4632580	4632580	0	
9.06005	1	4632822	4632822	0	
9.06005	1	4634040	4634040	0	
9.06231	1	4634266	4634266	0	
9.06231	1	4635500	4635500	0	
9.06466	1	4635710	4635710	0	
9.06466	1	4636960	4636960	0	
9.06692	1	4637154	4637154	0	
9.06692	1	4638420	4638420	0	
9.06918	1	4638598	4638598	0	
9.06918	1	4639880	4639880	0	
9.07144	1	4640042	4640042	0	
9.07144	1	4641340	4641340	0	
9.0737	1	4641486	4641486	0	
9.0737	1	4642800	4642800	0	
9.07596	1	4642930	4642930	0	
9.07596	1	4644260	4644260	0	
9.07822	1	4644374	4644374	0	
9.07822	1	4645720	4645720	0	
9.08057	1	4645818	4645818	0	
9.08057	1	4647180	4647180	0	
9.08283	1	4647262	4647262	0	
9.08283	1	4648640	4648640	0	
9.08509	1	4648706	4648706	0	
9.08509	1	4650100	4650100	0	
9.08735	1	4650150	4650150	0	
9.08735	1	4651560	4651560	0	
9.0896	1	4651594	4651594	0	
9.0896	1	4653020	4653020	0	
9.09195	1	4653038	4653038	0	
9.09195	1	4654480	4654480	0	
9.09421	1	4654482	4654482	0	
9.09647	1	4655934	4655934	0	
9.09647	1	4655940	4655940	0	
9.09873	1	4657379	4657379	0	
9.09873	1	4657400	4657400	0	
9.10099	1	4658824	4658824	0	
9.10099	1	4658860	4658860	0	
9.10325	1	4660269	4660269	0	
9.10325	1	4660320	4660320	0	
9.1056	1	4661714	4661714	0	
9.1056	1	4661780	4661780	0	
9.10786	1	4663158	4663158	0	
9.10786	1	4663240	4663240	0	
9.11012	1	4664602	4664602	0	
9.11012	1	4664700	4664700	0	
9.11238	1	4666046	4666046	0	
9.11238	1	4666160	4666160	0	
9.11464	1	4667490	4667490	0	
9.11464	1	4667620	4667620	0	
9.1169	1	4668934	4668934	0	
9.1169	1	4669080	4669080	0	
9.11916	1	4670378	4670378	0	
9.11916	1	4670540	4670540	0	
9.12142	1	4671822	4671822	0	
9.12142	1	4672000	4672000	0	
9.12377	1	4673266	4673266	0	
9.12377	1	4673460	4673460	0	
9.12603	1	4674710	4674710	0	
9.12603	1	4674920	4674920	0	
9.12829	1	4676154	4676154	0	
9.12829	1	4676380	4676380	0	
9.13055	1	4677598	4677598	0	
9.13055	1	4677840	4677840	0	
9.1328	1	4679042	4679042	0	
9.1328	1	4679300	4679300	0	
9.13506	1	4680486	4680486	0	
9.13506	1	4680760	4680760	0	
9.13742	1	4681930	4681930	0	
9.13742	1	4682220	4682220	0	
9.13968	1	4683374	4683374	0	
9.13968	1	4683680	4683680	0	
9.14194	1	4684818	4684818	0	
9.14194	1	4685140	4685140	0	
9.1442	1	4686262	4686262	0	
9.1442	1	4686600	4686600	0	
9.14646	1	4687706	4687706	0	
9.14646	1	4688060	4688060	0	
9.14871	1	4689150	4689150	0	
9.14871	1	4689520	4689520	0	
9.15097	1	4690594	4690594	0	
9.15097	1	4690980	4690980	0	
9.15349	1	4692038	4692038	0	
9.15349	1	4692440	4692440	0	
9.1559	1	4693482	4693482	0	
9.1559	1	4693900	4693900	0	
9.15832	1	4694926	4694926	0	
9.15832	1	4695360	4695360	0	
9.16075	1	4696370	4696370	0	
9.16075	1	4696820	4696820	0	
9.16317	1	4697814	4697814	0	
9.16317	1	4698280	4698280	0	
9.16559	1	4699258	4699258	0	
9.16559	1	4699740	4699740	0	
9.1681	1	4700702	4700702	0	
9.1681	1	4701200	4701200	0	
9.17052	1	4702146	4702146	0	
9.17052	1	4702660	4702660	0	
9.17293	1	4703590	4703590	0	
9.17293	1	4704120	4704120	0	
9.17535	1	4705034	4705034	0	
9.17535	1	4705580	4705580	0	
9.17777	1	4706478	4706478	0	
9.17777	1	4707040	4707040	0	
9.18028	1	4707922	4707922	0	
9.18028	1	4708500	4708500	0	
9.18271	1	4709366	4709366	0	
9.18271	1	4709960	4709960	0	
9.18513	1	4710810	4710810	0	
9.18513	1	4711420	4711420	0	
9.18755	1	4712254	4712254	0	
9.18755	1	4712880	4712880	0	
9.18996	1	4713698	4713698	0	
9.18996	1	4714340	4714340	0	
9.19238	1	4715142	4715142	0	
9.19238	1	4715800	4715800	0	
9.1948	1	4716586	4716586	0	
9.1948	1	4717260	4717260	0	
9.19731	1	4718030	4718030	0	
9.19731	1	4718720	4718720	0	
9.19973	1	4719474	4719474	0	
9.19973	1	4720180	4720180	0	
9.20215	1	4720918	4720918	0	
9.20215	1	4721640	4721640	0	
9.20457	1	4722362	4722362	0	
9.20457	1	4723100	4723100	0	
9.20699	1	4723806	4723806	0	
9.20699	1	4724560	4724560	0	
9.20941	1	4725250	4725250	0	
9.20941	1	4726020	4726020	0	
9.21192	1	4726694	4726694	0	
9.21192	1	4727480	4727480	0	
9.21434	1	4728138	4728138	0	
9.21434	1	4728940	4728940	0	
9.21676	1	4729582	4729582	0	
9.21676	1	4730400	4730400	0	
9.21918	1	4731026	4731026	0	
9.21918	1	4731860	4731860	0	
9.2216	1	4732470	4732470	0	
9.2216	1	4733320	4733320	0	
9.22402	1	4733914	4733914	0	
9.22402	1	4734780	4734780	0	
9.22643	1	4735358	4735358	0	
9.22643	1	4736240	4736240	0	
9.22895	1	4736802	4736802	0	
9.22895	1	4737700	4737700	0	
9.23137	1	4738246	4738246	0	
9.23137	1	4739160	4739160	0	
9.23379	1	4739690	4739690	0	
9.23379	1	4740620	4740620	0	
9.23621	1	4741134	4741134	0	
9.23621	1	4742080	4742080	0	
9.23863	1	4742578	4742578	0	
9.23863	1	4743540	4743540	0	
9.24104	1	4744022	4744022	0	
9.24104	1	4745000	4745000	0	
9.24356	1	4745466	4745466	0	
9.24356	1	4746460	4746460	0	
9.24598	1	4746910	4746910	0	
9.24598	1	4747920	4747920	0	
9.24839	1	4748354	4748354	0	
9.24839	1	4749380	4749380	0	
9.25081	1	4749798	4749798	0	
9.25081	1	4750840	4750840	0	
9.25324	1	4751242	4751242	0	
9.25324	1	4752300	4752300	0	
9.25565	1	4752686	4752686	0	
9.25565	1	4753760	4753760	0	
9.25807	1	4754130	4754130	0	
9.25807	1	4755220	4755220	0	
9.26058	1	4755574	4755574	0	
9.26058	1	4756680	4756680	0	
9.26299	1	4757018	4757018	0	
9.26299	1	4758140	4758140	0	
9.26541	1	4758462	4758462	0	
9.26541	1	4759600	4759600	0	
9.26783	1	4759906	4759906	0	
9.26783	1	4761060	4761060	0	
9.27024	1	4761350	4761350	0	
9.27024	1	4762520	4762520	0	
9.27266	1	4762794	4762794	0	
9.27266	1	4763980	4763980	0	
9.27518	1	4764238	4764238	0	
9.27518	1	4765440	4765440	0	
9.27759	1	4765682	4765682	0	
9.27759	1	4766900	4766900	0	
9.28001	1	4767126	4767126	0	
9.28001	1	4768360	4768360	0	
9.28243	1	4768570	4768570	0	
9.28243	1	4769820	4769820	0	
9.28484	1	4770014	4770014	0	
9.28484	1	4771280	4771280	0	
9.28735	1	4771458	4771458	0	
9.28735	1	4772740	4772740	0	
9.28977	1	4772902	4772902	0	
9.28977	1	4774200	4774200	0	
9.29218	1	4774346	4774346	0	
9.29218	1	4775660	4775660	0	
9.2946	1	4775790	4775790	0	
9.2946	1	4777120	4777120	0	
9.29702	1	4777234	4777234	0	
9.29702	1	4778580	4778580	0	
9.29944	1	4778678	4778678	0	
9.29944	1	4780040	4780040	0	
9.30186	1	4780122	4780122	0	
9.30186	1	4781500	4781500	0	
9.30437	1	4781566	4781566	0	
9.30437	1	4782960	4782960	0	
9.30678	1	4783010	4783010	0	
9.30678	1	4784420	4784420	0	
9.3092	1	4784454	4784454	0	
9.3092	1	4785880	4785880	0	
9.31161	1	4785898	4785898	0	
9.31161	1	4787340	4787340	0	
9.31403	1	4787342	4787342	0	
9.31644	1	4788794	4788794	0	
9.31644	1	4788800	4788800	0	
9.31895	1	4790239	4790239	0	
9.31895	1	4790260	4790260	0	
9.32138	1	4791684	4791684	0	
9.32138	1	4791720	4791720	0	
9.32379	1	4793129	4793129	0	
9.32379	1	4793180	4793180	0	
9.32621	1	4794574	4794574	0	
9.32621	1	4794640	4794640	0	
9.32862	1	4796018	4796018	0	
9.32862	1	4796100	4796100	0	
9.33104	1	4797462	4797462	0	
9.33104	1	4797560	4797560	0	
9.33346	1	4798906	4798906	0	
9.33346	1	4799020	4799020	0	
9.33597	1	4800350	4800350	0	
9.33597	1	4800480	4800480	0	
9.33838	1	4801794	4801794	0	
9.33838	1	4801940	4801940	0	
9.3408	1	4803238	4803238	0	
9.3408	1	4803400	4803400	0	
9.34322	1	4804682	4804682	0	
9.34322	1	4804860	4804860	0	
9.34564	1	4806126	4806126	0	
9.34564	1	4806320	4806320	0	
9.34806	1	4807570	4807570	0	
9.34806	1	4807780	4807780	0	
9.35057	1	4809014	4809014	0	
9.35057	1	4809240	4809240	0	
9.35297	1	4810458	4810458	0	
9.35297	1	4810700	4810700	0	
9.35537	1	4811902	4811902	0	
9.35537	1	4812160	4812160	0	
9.35778	1	4813346	4813346	0	
9.35778	1	4813620	4813620	0	
9.36018	1	4814790	4814790	0	
9.36018	1	4815080	4815080	0	
9.36259	1	4816234	4816234	0	
9.36259	1	4816540	4816540	0	
9.36499	1	4817678	4817678	0	
9.36499	1	4818000	4818000	0	
9.36749	1	4819122	4819122	0	
9.36749	1	4819460	4819460	0	
9.3699	1	4820566	4820566	0	
9.3699	1	4820920	4820920	0	
9.3723	1	4822010	4822010	0	
9.3723	1	4822380	4822380	0	
9.37471	1	4823454	4823454	0	
9.37471	1	4823840	4823840	0	
9.37711	1	4824898	4824898	0	
9.37711	1	4825300	4825300	0	
9.37961	1	4826342	4826342	0	
9.37961	1	4826760	4826760	0	
9.38201	1	4827786	4827786	0	
9.38201	1	4828220	4828220	0	
9.38442	1	4829230	4829230	0	
9.38442	1	4829680	4829680	0	
9.38682	1	4830674	4830674	0	
9.38682	1	4831140	4831140	0	
9.38923	1	4832118	4832118	0	
9.38923	1	4832600	4832600	0	
9.39164	1	4833562	4833562	0	
9.39164	1	4834060	4834060	0	
9.39413	1	4835006	4835006	0	
9.39413	1	4835520	4835520	0	
9.39654	1	4836450	4836450	0	
9.39654	1	4836980	4836980	0	
9.39894	1	4837894	4837894	0	
9.39894	1	4838440	4838440	0	
9.40135	1	4839338	4839338	0	
9.40135	1	4839900	4839900	0	
9.40375	1	4840782	4840782	0	
9.40375	1	4841360	4841360	0	
9.40615	1	4842226	4842226	0	
9.40615	1	4842820	4842820	0	
9.40856	1	4843670	4843670	0	
9.40856	1	4844280	4844280	0	
9.41106	1	4845114	4845114	0	
9.41106	1	4845740	4845740	0	
9.41347	1	4846558	4846558	0	
9.41347	1	4847200	4847200	0	
9.41587	1	4848002	4848002	0	
9.41587	1	4848660	4848660	0	
9.41828	1	4849446	4849446	0	
9.41828	1	4850120	4850120	0	
9.42068	1	4850890	4850890	0	
9.42068	1	4851580	4851580	0	
9.42308	1	4852334	4852334	0	
9.42308	1	4853040	4853040	0	
9.42558	1	4853778	4853778	0	
9.42558	1	4854500	4854500	0	
9.42799	1	4855222	4855222	0	
9.42799	1	4855960	4855960	0	
9.43039	1	4856666	4856666	0	
9.43039	1	4857420	4857420	0	
9.43279	1	4858110	4858110	0	
9.43279	1	4858880	4858880	0	
9.4352	1	4859554	4859554	0	
9.4352	1	4860340	4860340	0	
9.43761	1	4860998	4860998	0	
9.43761	1	4861800	4861800	0	
9.44001	1	4862442	4862442	0	
9.44001	1	4863260	4863260	0	
9.44251	1	4863886	4863886	0	
9.44251	1	4864720	4864720	0	
9.44492	1	4865330	4865330	0	
9.44492	1	4866180	4866180	0	
9.44732	1	4866774	4866774	0	
9.44732	1	4867640	4867640	0	
9.44972	1	4868218	4868218	0	
9.44972	1	4869100	4869100	0	
9.45213	1	4869662	4869662	0	
9.45213	1	4870560	4870560	0	
9.4545	1	4871106	4871106	0	
9.4545	1	4872020	4872020	0	
9.45696	1	4872550	4872550	0	
9.45696	1	4873480	4873480	0	
9.45934	1	4873994	4873994	0	
9.45934	1	4874940	4874940	0	
9.46171	1	4875438	4875438	0	
9.46171	1	4876400	4876400	0	
9.46408	1	4876882	4876882	0	
9.46408	1	4877860	4877860	0	
9.46645	1	4878326	4878326	0	
9.46645	1	4879320	4879320	0	
9.46882	1	4879770	4879770	0	
9.46882	1	4880780	4880780	0	
9.4712	1	4881214	4881214	0	
9.4712	1	4882240	4882240	0	
9.47366	1	4882658	4882658	0	
9.47366	1	4883700	4883700	0	
9.47603	1	4884102	4884102	0	
9.47603	1	4885160	4885160	0	
9.4784	1	4885546	4885546	0	
9.4784	1	4886620	4886620	0	
9.48077	1	4886990	4886990	0	
9.48077	1	4888080	4888080	0	
9.48315	1	4888434	4888434	0	
9.48315	1	4889540	4889540	0	
9.48561	1	4889878	4889878	0	
9.48561	1	4891000	4891000	0	
9.48799	1	4891322	4891322	0	
9.48799	1	4892460	4892460	0	
9.49036	1	4892766	4892766	0	
9.49036	1	4893920	4893920	0	
9.49273	1	4894210	4894210	0	
9.49273	1	4895380	4895380	0	
9.4951	1	4895654	4895654	0	
9.4951	1	4896840	4896840	0	
9.49747	1	4897098	4897098	0	
9.49747	1	4898300	4898300	0	
9.49993	1	4898542	4898542	0	
9.49993	1	4899760	4899760	0	
9.5023	1	4899986	4899986	0	
9.5023	1	4901220	4901220	0	
9.50468	1	4901430	4901430	0	
9.50468	1	4902680	4902680	0	
9.50705	1	4902874	4902874	0	
9.50705	1	4904140	4904140	0	
9.50942	1	4904318	4904318	0	
9.50942	1	4905600	4905600	0	
9.5118	1	4905762	4905762	0	
9.5118	1	4907060	4907060	0	
9.51417	1	4907206	4907206	0	
9.51417	1	4908520	4908520	0	
9.51663	1	4908650	4908650	0	
9.51663	1	4909980	4909980	0	
9.519	1	4910094	4910094	0	
9.519	1	4911440	4911440	0	
9.52137	1	4911538	4911538	0	
9.52137	1	4912900	4912900	0	
9.52374	1	4912982	4912982	0	
9.52374	1	4914360	4914360	0	
9.52611	1	4914426	4914426	0	
9.52611	1	4915820	4915820	0	
9.52849	1	4915870	4915870	0	
9.52849	1	4917280	4917280	0	
9.53095	1	4917314	4917314	0	
9.53095	1	4918740	4918740	0	
9.53332	1	4918758	4918758	0	
9.53332	1	4920200	4920200	0	
9.53569	1	4920202	4920202	0	
9.53806	1	4921654	4921654	0	
9.53806	1	4921660	4921660	0	
9.54043	1	4923099	4923099	0	
9.54043	1	4923120	4923120	0	
9.54281	1	4924544	4924544	0	
9.54281	1	4924580	4924580	0	
9.54518	1	4925989	4925989	0	
9.54518	1	4926040	4926040	0	
9.54764	1	4927434	4927434	0	
9.54764	1	4927500	4927500	0	
9.55002	1	4928878	4928878	0	
9.55002	1	4928960	4928960	0	
9.55239	1	4930322	4930322	0	
9.55239	1	4930420	4930420	0	
9.55479	1	4931766	4931766	0	
9.55479	1	4931880	4931880	0	
9.55719	1	4933210	4933210	0	
9.55719	1	4933340	4933340	0	
9.55959	1	4934654	4934654	0	
9.55959	1	4934800	4934800	0	
9.56208	1	4936098	4936098	0	
9.56208	1	4936260	4936260	0	
9.56448	1	4937542	4937542	0	
9.56448	1	4937720	4937720	0	
9.56688	1	4938986	4938986	0	
9.56688	1	4939180	4939180	0	
9.56928	1	4940430	4940430	0	
9.56928	1	4940640	4940640	0	
9.57168	1	4941874	4941874	0	
9.57168	1	4942100	4942100	0	
9.57408	1	4943318	4943318	0	
9.57408	1	4943560	4943560	0	
9.57648	1	4944762	4944762	0	
9.57648	1	4945020	4945020	0	
9.57898	1	4946206	4946206	0	
9.57898	1	4946480	4946480	0	
9.58138	1	4947650	4947650	0	
9.58138	1	4947940	4947940	0	
9.58377	1	4949094	4949094	0	
9.58377	1	4949400	4949400	0	
9.58617	1	4950538	4950538	0	
9.58617	1	4950860	4950860	0	
9.58857	1	4951982	4951982	0	
9.58857	1	4952320	4952320	0	
9.59107	1	4953426	4953426	0	
9.59107	1	4953780	4953780	0	
9.59347	1	4954870	4954870	0	
9.59347	1	4955240	4955240	0	
9.59587	1	4956314	4956314	0	
9.59587	1	4956700	4956700	0	
9.59827	1	4957758	4957758	0	
9.59827	1	4958160	4958160	0	
9.60067	1	4959202	4959202	0	
9.60067	1	4959620	4959620	0	
9.60307	1	4960646	4960646	0	
9.60307	1	4961080	4961080	0	
9.60556	1	4962090	4962090	0	
9.60556	1	4962540	4962540	0	
9.60796	1	4963534	4963534	0	
9.60796	1	4964000	4964000	0	
9.61036	1	4964978	4964978	0	
9.61036	1	4965460	4965460	0	
9.61276	1	4966422	4966422	0	
9.61276	1	4966920	4966920	0	
9.61516	1	4967866	4967866	0	
9.61516	1	4968380	4968380	0	
9.61756	1	4969310	4969310	0	
9.61756	1	4969840	4969840	0	
9.61997	1	4970754	4970754	0	
9.61997	1	4971300	4971300	0	
9.62246	1	4972198	4972198	0	
9.62246	1	4972760	4972760	0	
9.62486	1	4973642	4973642	0	
9.62486	1	4974220	4974220	0	
9.62726	1	4975086	4975086	0	
9.62726	1	4975680	4975680	0	
9.62966	1	4976530	4976530	0	
9.62966	1	4977140	4977140	0	
9.63206	1	4977974	4977974	0	
9.63206	1	4978600	4978600	0	
9.63445	1	4979418	4979418	0	
9.63445	1	4980060	4980060	0	
9.63695	1	4980862	4980862	0	
9.63695	1	4981520	4981520	0	
9.63935	1	4982306	4982306	0	
9.63935	1	4982980	4982980	0	
9.64175	1	4983750	4983750	0	
9.64175	1	4984440	4984440	0	
9.64415	1	4985194	4985194	0	
9.64415	1	4985900	4985900	0	
9.64655	1	4986638	4986638	0	
9.64655	1	4987360	4987360	0	
9.64895	1	4988082	4988082	0	
9.64895	1	4988820	4988820	0	
9.65135	1	4989526	4989526	0	
9.65135	1	4990280	4990280	0	
9.65363	1	4990970	4990970	0	
9.65363	1	4991740	4991740	0	
9.65599	1	4992414	4992414	0	
9.65599	1	4993200	4993200	0	
9.65826	1	4993858	4993858	0	
9.65826	1	4994660	4994660	0	
9.66054	1	4995302	4995302	0	
9.66054	1	4996120	4996120	0	
9.66281	1	4996746	4996746	0	
9.66281	1	4997580	4997580	0	
9.6651	1	4998190	4998190	0	
9.6651	1	4999040	4999040	0	
9.66737	1	4999634	4999634	0	
9.66737	1	5000500	5000500	0	
9.66974	1	5001078	5001078	0	
9.66974	1	5001960	5001960	0	
9.67201	1	5002522	5002522	0	
9.67201	1	5003420	5003420	0	
9.67429	1	5003966	5003966	0	
9.67429	1	5004880	5004880	0	
9.67656	1	5005410	5005410	0	
9.67656	1	5006340	5006340	0	
9.67884	1	5006854	5006854	0	
9.67884	1	5007800	5007800	0	
9.6812	1	5008298	5008298	0	
9.6812	1	5009260	5009260	0	
9.68347	1	5009742	5009742	0	
9.68347	1	5010720	5010720	0	
9.68576	1	5011186	5011186	0	
9.68576	1	5012180	5012180	0	
9.68803	1	5012630	5012630	0	
9.68803	1	5013640	5013640	0	
9.69031	1	5014074	5014074	0	
9.69031	1	5015100	5015100	0	
9.69258	1	5015518	5015518	0	
9.69258	1	5016560	5016560	0	
9.69486	1	5016962	5016962	0	
9.69486	1	5018020	5018020	0	
9.69722	1	5018406	5018406	0	
9.69722	1	5019480	5019480	0	
9.6995	1	5019850	5019850	0	
9.6995	1	5020940	5020940	0	
9.70177	1	5021294	5021294	0	
9.70177	1	5022400	5022400	0	
9.70405	1	5022738	5022738	0	
9.70405	1	5023860	5023860	0	
9.70632	1	5024182	5024182	0	
9.70632	1	5025320	5025320	0	
9.7086	1	5025626	5025626	0	
9.7086	1	5026780	5026780	0	
9.71097	1	5027070	5027070	0	
9.71097	1	5028240	5028240	0	
9.71324	1	5028514	5028514	0	
9.71324	1	5029700	5029700	0	
9.71552	1	5029958	5029958	0	
9.71552	1	5031160	5031160	0	
9.71779	1	5031402	5031402	0	
9.71779	1	5032620	5032620	0	
9.72007	1	5032846	5032846	0	
9.72007	1	5034080	5034080	0	
9.72234	1	5034290	5034290	0	
9.72234	1	5035540	5035540	0	
9.72462	1	5035734	5035734	0	
9.72462	1	5037000	5037000	0	
9.72698	1	5037178	5037178	0	
9.72698	1	5038460	5038460	0	
9.72926	1	5038622	5038622	0	
9.72926	1	5039920	5039920	0	
9.73154	1	5040066	5040066	0	
9.73154	1	5041380	5041380	0	
9.73381	1	5041510	5041510	0	
9.73381	1	5042840	5042840	0	
9.73609	1	5042954	5042954	0	
9.73609	1	5044300	5044300	0	
9.73836	1	5044398	5044398	0	
9.73836	1	5045760	5045760	0	
9.74073	1	5045842	5045842	0	
9.74073	1	5047220	5047220	0	
9.743	1	5047286	5047286	0	
9.743	1	5048680	5048680	0	
9.74528	1	5048730	5048730	0	
9.74528	1	5050140	5050140	0	
9.74755	1	5050174	5050174	0	
9.74755	1	5051600	5051600	0	
9.74982	1	5051618	5051618	0	
9.74982	1	5053060	5053060	0	
9.7521	1	5053062	5053062	0	
9.75442	1	5054514	5054514	0	
9.75442	1	5054520	5054520	0	
9.75682	1	5055959	5055959	0	
9.75682	1	5055980	5055980	0	
9.75913	1	5057404	5057404	0	
9.75913	1	5057440	5057440	0	
9.76144	1	5058849	5058849	0	
9.76144	1	5058900	5058900	0	
9.76375	1	5060294	5060294	0	
9.76375	1	5060360	5060360	0	
9.76606	1	5061738	5061738	0	
9.76606	1	5061820	5061820	0	
9.76838	1	5063182	5063182	0	
9.76838	1	5063280	5063280	0	
9.77078	1	5064626	5064626	0	
9.77078	1	5064740	5064740	0	
9.7731	1	5066070	5066070	0	
9.7731	1	5066200	5066200	0	
9.77541	1	5067514	5067514	0	
9.77541	1	5067660	5067660	0	
9.77772	1	5068958	5068958	0	
9.77772	1	5069120	5069120	0	
9.78003	1	5070402	5070402	0	
9.78003	1	5070580	5070580	0	
9.78243	1	5071846	5071846	0	
9.78243	1	5072040	5072040	0	
9.78475	1	5073290	5073290	0	
9.78475	1	5073500	5073500	0	
9.78706	1	5074734	5074734	0	
9.78706	1	5074960	5074960	0	
9.78937	1	5076178	5076178	0	
9.78937	1	5076420	5076420	0	
9.79168	1	5077622	5077622	0	
9.79168	1	5077880	5077880	0	
9.79399	1	5079066	5079066	0	
9.79399	1	5079340	5079340	0	
9.79631	1	5080510	5080510	0	
9.79631	1	5080800	5080800	0	
9.79871	1	5081954	5081954	0	
9.79871	1	5082260	5082260	0	
9.80103	1	5083398	5083398	0	
9.80103	1	5083720	5083720	0	
9.80334	1	5084842	5084842	0	
9.80334	1	5085180	5085180	0	
9.80565	1	5086286	5086286	0	
9.80565	1	5086640	5086640	0	
9.80796	1	5087730	5087730	0	
9.80796	1	5088100	5088100	0	
9.81027	1	5089174	5089174	0	
9.81027	1	5089560	5089560	0	
9.81267	1	5090618	5090618	0	
9.81267	1	5091020	5091020	0	
9.81499	1	5092062	5092062	0	
9.81499	1	5092480	5092480	0	
9.81731	1	5093506	5093506	0	
9.81731	1	5093940	5093940	0	
9.81962	1	5094950	5094950	0	
9.81962	1	5095400	5095400	0	
9.82193	1	5096394	5096394	0	
9.82193	1	5096860	5096860	0	
9.82424	1	5097838	5097838	0	
9.82424	1	5098320	5098320	0	
9.82655	1	5099282	5099282	0	
9.82655	1	5099780	5099780	0	
9.82895	1	5100726	5100726	0	
9.82895	1	5101240	5101240	0	
9.83127	1	5102170	5102170	0	
9.83127	1	5102700	5102700	0	
9.83358	1	5103614	5103614	0	
9.83358	1	5104160	5104160	0	
9.83589	1	5105058	5105058	0	
9.83589	1	5105620	5105620	0	
9.8382	1	5106502	5106502	0	
9.8382	1	5107080	5107080	0	
9.84052	1	5107946	5107946	0	
9.84052	1	5108540	5108540	0	
9.84292	1	5109390	5109390	0	
9.84292	1	5110000	5110000	0	
9.84523	1	5110834	5110834	0	
9.84523	1	5111460	5111460	0	
9.84755	1	5112278	5112278	0	
9.84755	1	5112920	5112920	0	
9.84986	1	5113722	5113722	0	
9.84986	1	5114380	5114380	0	
9.85217	1	5115166	5115166	0	
9.85217	1	5115840	5115840	0	
9.85451	1	5116610	5116610	0	
9.85451	1	5117300	5117300	0	
9.85677	1	5118054	5118054	0	
9.85677	1	5118760	5118760	0	
9.85903	1	5119498	5119498	0	
9.85903	1	5120220	5120220	0	
9.86129	1	5120942	5120942	0	
9.86129	1	5121680	5121680	0	
9.86355	1	5122386	5122386	0	
9.86355	1	5123140	5123140	0	
9.8658	1	5123830	5123830	0	
9.8658	1	5124600	5124600	0	
9.86806	1	5125274	5125274	0	
9.86806	1	5126060	5126060	0	
9.87031	1	5126718	5126718	0	
9.87031	1	5127520	5127520	0	
9.87266	1	5128162	5128162	0	
9.87266	1	5128980	5128980	0	
9.87492	1	5129606	5129606	0	
9.87492	1	5130440	5130440	0	
9.87717	1	5131050	5131050	0	
9.87717	1	5131900	5131900	0	
9.87943	1	5132494	5132494	0	
9.87943	1	5133360	5133360	0	
9.88168	1	5133938	5133938	0	
9.88168	1	5134820	5134820	0	
9.88404	1	5135382	5135382	0	
9.88404	1	5136280	5136280	0	
9.88629	1	5136826	5136826	0	
9.88629	1	5137740	5137740	0	
9.88855	1	5138270	5138270	0	
9.88855	1	5139200	5139200	0	
9.8908	1	5139714	5139714	0	
9.8908	1	5140660	5140660	0	
9.89306	1	5141158	5141158	0	
9.89306	1	5142120	5142120	0	
9.89532	1	5142602	5142602	0	
9.89532	1	5143580	5143580	0	
9.89757	1	5144046	5144046	0	
9.89757	1	5145040	5145040	0	
9.89983	1	5145490	5145490	0	
9.89983	1	5146500	5146500	0	
9.90217	1	5146934	5146934	0	
9.90217	1	5147960	5147960	0	
9.90444	1	5148378	5148378	0	
9.90444	1	5149420	5149420	0	
9.90669	1	5149822	5149822	0	
9.90669	1	5150880	5150880	0	
9.90895	1	5151266	5151266	0	
9.90895	1	5152340	5152340	0	
9.91121	1	5152710	5152710	0	
9.91121	1	5153800	5153800	0	
9.91355	1	5154154	5154154	0	
9.91355	1	5155260	5155260	0	
9.91581	1	5155598	5155598	0	
9.91581	1	5156720	5156720	0	
9.91806	1	5157042	5157042	0	
9.91806	1	5158180	5158180	0	
9.92032	1	5158486	5158486	0	
9.92032	1	5159640	5159640	0	
9.92258	1	5159930	5159930	0	
9.92258	1	5161100	5161100	0	
9.92483	1	5161374	5161374	0	
9.92483	1	5162560	5162560	0	
9.9271	1	5162818	5162818	0	
9.9271	1	5164020	5164020	0	
9.92935	1	5164262	5164262	0	
9.92935	1	5165480	5165480	0	
9.9317	1	5165706	5165706	0	
9.9317	1	5166940	5166940	0	
9.93395	1	5167150	5167150	0	
9.93395	1	5168400	5168400	0	
9.93621	1	5168594	5168594	0	
9.93621	1	5169860	5169860	0	
9.93847	1	5170038	5170038	0	
9.93847	1	5171320	5171320	0	
9.94072	1	5171482	5171482	0	
9.94072	1	5172780	5172780	0	
9.94307	1	5172926	5172926	0	
9.94307	1	5174240	5174240	0	
9.94532	1	5174370	5174370	0	
9.94532	1	5175700	5175700	0	
9.94759	1	5175814	5175814	0	
9.94759	1	5177160	5177160	0	
9.94984	1	5177258	5177258	0	
9.94984	1	5178620	5178620	0	
9.9521	1	5178702	5178702	0	
9.9521	1	5180080	5180080	0	
9.95458	1	5180146	5180146	0	
9.95458	1	5181540	5181540	0	
9.95697	1	5181590	5181590	0	
9.95697	1	5183000	5183000	0	
9.95936	1	5183034	5183034	0	
9.95936	1	5184460	5184460	0	
9.96175	1	5184478	5184478	0	
9.96175	1	5185920	5185920	0	
9.96413	1	5185922	5185922	0	
9.96652	1	5187374	5187374	0	
9.96652	1	5187380	5187380	0	
9.96891	1	5188819	5188819	0	
9.96891	1	5188840	5188840	0	
9.97131	1	5190264	5190264	0	
9.97131	1	5190300	5190300	0	
9.97379	1	5191709	5191709	0	
9.97379	1	5191760	5191760	0	
9.97618	1	5193154	5193154	0	
9.97618	1	5193220	5193220	0	
9.97857	1	5194598	5194598	0	
9.97857	1	5194680	5194680	0	
9.98096	1	5196042	5196042	0	
9.98096	1	5196140	5196140	0	
9.98335	1	5197486	5197486	0	
9.98335	1	5197600	5197600	0	
9.98584	1	5198930	5198930	0	
9.98584	1	5199060	5199060	0	
9.98823	1	5200374	5200374	0	
9.98823	1	5200520	5200520	0	
9.99062	1	5201818	5201818	0	
9.99062	1	5201980	5201980	0	
9.99301	1	5203262	5203262	0	
9.99301	1	5203440	5203440	0	
9.9954	1	5204706	5204706	0	
9.9954	1	5204900	5204900	0	
9.99779	1	5206150	5206150	0	
9.99779	1	5206360	5206360	0	
10.0002	1	5207594	5207594	0	
10.0002	1	5207820	5207820	0	
10.0026	1	5209038	5209038	0	
10.0026	1	5209280	5209280	0	
10.0051	1	5210482	5210482	0	
10.0051	1	5210740	5210740	0	
10.0074	1	5211926	5211926	0	
10.0074	1	5212200	5212200	0	
10.0098	1	5213370	5213370	0	
10.0098	1	5213660	5213660	0	
10.0122	1	5214814	5214814	0	
10.0122	1	5215120	5215120	0	
10.0146	1	5216258	5216258	0	
10.0146	1	5216580	5216580	0	
10.0171	1	5217702	5217702	0	
10.0171	1	5218040	5218040	0	
10.0195	1	5219146	5219146	0	
10.0195	1	5219500	5219500	0	
10.0219	1	5220590	5220590	0	
10.0219	1	5220960	5220960	0	
10.0243	1	5222034	5222034	0	
10.0243	1	5222420	5222420	0	
10.0267	1	5223478	5223478	0	
10.0267	1	5223880	5223880	0	
10.0291	1	5224922	5224922	0	
10.0291	1	5225340	5225340	0	
10.0314	1	5226366	5226366	0	
10.0314	1	5226800	5226800	0	
10.0338	1	5227810	5227810	0	
10.0338	1	5228260	5228260	0	
10.0363	1	5229254	5229254	0	
10.0363	1	5229720	5229720	0	
10.0387	1	5230698	5230698	0	
10.0387	1	5231180	5231180	0	
10.0411	1	5232142	5232142	0	
10.0411	1	5232640	5232640	0	
10.0435	1	5233586	5233586	0	
10.0435	1	5234100	5234100	0	
10.0459	1	5235030	5235030	0	
10.0459	1	5235560	5235560	0	
10.0484	1	5236474	5236474	0	
10.0484	1	5237020	5237020	0	
10.0508	1	5237918	5237918	0	
10.0508	1	5238480	5238480	0	
10.0532	1	5239362	5239362	0	
10.0532	1	5239940	5239940	0	
10.0556	1	5240806	5240806	0	
10.0556	1	5241400	5241400	0	
10.0568	1	5242250	5242250	0	
10.0568	1	5242860	5242860	0	
RESULT_ONE_PATH,4,1,5242880,9.053170178,9.056787214,5242880
