elapsed_s,rx_app,packet_bytes
0.167598287,1456,1456
0.169967387,1460,4
0.169967387,2905,1445
0.173798832,2920,15
0.173798832,4354,1434
0.183798832,4380,26
0.183798832,5803,1423
0.281330941,5840,37
0.281330941,7252,1412
0.283586498,7300,48
0.283586498,8701,1401
0.285842055,8760,59
0.285842055,10150,1390
0.288097612,10220,70
0.288097612,11598,1378
0.290353169,11680,82
0.290353169,13046,1366
0.292608726,13140,94
0.292608726,14494,1354
0.301332499,14600,106
0.301332499,15942,1342
0.303588456,16060,118
0.303588456,17390,1330
0.390405046,17520,130
0.390405046,18834,1314
0.392695073,18980,146
0.392695073,20278,1298
0.394985100,20440,162
0.394985100,21722,1282
0.397275127,21900,178
0.397275127,23166,1266
0.399565154,23360,194
0.399565154,24610,1250
0.401855181,24820,210
0.401855181,26054,1234
0.404145048,26280,226
0.404145048,27498,1218
0.406432104,27740,242
0.406432104,28942,1202
0.408719160,29200,258
0.408719160,30386,1186
0.411006616,30660,274
0.411006616,31830,1170
0.413300698,32120,290
0.413300698,33274,1154
0.415587754,33580,306
0.415587754,34718,1138
0.417959460,35040,322
0.417959460,36162,1122
0.420246516,36500,338
0.420246516,37606,1106
0.422533572,37960,354
0.422533572,39050,1090
0.424820628,39420,370
0.424820628,40494,1074
0.500712965,40880,386
0.500712965,41938,1058
0.503164655,42340,402
0.503164655,43382,1042
0.505623493,43800,418
0.505623493,44826,1026
0.508074783,45260,434
0.508074783,46270,1010
0.510526073,46720,450
0.510526073,47714,994
0.512977363,48180,466
0.512977363,49158,978
0.515428493,49640,482
0.515428493,50602,962
0.517876603,51100,498
0.517876603,52046,946
0.520324713,52560,514
0.520324713,53490,930
0.522772823,54020,530
0.522772823,54934,914
0.525220933,55480,546
0.525220933,56378,898
0.527669043,56940,562
0.527669043,57822,882
0.530117553,58400,578
0.530117553,59266,866
0.532573212,59860,594
0.532573212,60710,850
0.535021322,61320,610
0.535021322,62154,834
0.537469432,62780,626
0.537469432,63598,818
0.539917542,64240,642
0.539917542,65042,802
0.542365652,65700,658
0.542365652,66486,786
0.544904373,67160,674
0.544904373,67930,770
0.547352483,68620,690
0.547352483,69374,754
0.549800593,70080,706
0.549800593,70818,738
0.552248703,71540,722
0.552248703,72262,722
0.554693773,73000,738
0.554693773,73706,706
0.555088121,74460,754
0.555088121,75150,690
0.557471690,75920,770
0.557471690,76594,674
0.559855259,77380,786
0.559855259,78038,658
0.562238828,78840,802
0.562238828,79482,642
0.564622397,80300,818
0.564622397,80926,626
0.567094189,81760,834
0.567094189,82370,610
0.569477758,83220,850
0.569477758,83814,594
0.571861327,84680,866
0.571861327,85258,578
0.574244896,86140,882
0.574244896,86702,562
0.606840490,87600,898
0.606840490,88146,546
0.609224059,89060,914
0.609224059,89590,530
0.612731745,90520,930
0.612731745,91034,514
0.615115314,91980,946
0.615115314,92478,498
0.617498883,93440,962
0.617498883,93922,482
0.619882452,94900,978
0.619882452,95366,466
0.622266021,96360,994
0.622266021,96810,450
0.624649590,97820,1010
0.624649590,98254,434
0.627121382,99280,1026
0.627121382,99698,418
0.629505351,100740,1042
0.629505351,101142,402
0.631896259,102200,1058
0.631896259,102586,386
0.634279828,103660,1074
0.634279828,104030,370
0.636663397,105120,1090
0.636663397,105474,354
0.639046966,106580,1106
0.639046966,106918,338
0.641430535,108040,1122
0.641430535,108362,322
0.643814104,109500,1138
0.643814104,109806,306
0.646197673,110960,1154
0.646197673,111250,290
0.648581242,112420,1170
0.648581242,112694,274
0.650964811,113880,1186
0.650964811,114138,258
0.656281430,115340,1202
0.656281430,115582,242
0.658591635,116800,1218
0.658591635,117026,226
0.660748073,118260,1234
0.660748073,118470,210
0.662904511,119720,1250
0.662904511,119914,194
0.665060949,121180,1266
0.665060949,121358,178
0.667217387,122640,1282
0.667217387,122802,162
0.669373825,124100,1298
0.669373825,124246,146
0.671530263,125560,1314
0.671530263,125690,130
0.673686701,127020,1330
0.673686701,127134,114
0.675843139,128480,1346
0.675843139,128578,98
0.677999577,129940,1362
0.677999577,130022,82
0.680156415,131400,1378
0.680156415,131466,66
0.682319375,132860,1394
0.682319375,132910,50
0.684554229,134320,1410
0.684554229,134354,34
0.686709267,135780,1426
0.686709267,135798,18
0.688864305,137240,1442
0.688864305,137242,2
0.691019423,138694,1452
0.693175861,138700,6
0.693175861,140139,1439
0.695332299,140160,21
0.695332299,141584,1424
0.697488737,141620,36
0.697488737,143029,1409
0.699645175,143080,51
0.699645175,144474,1394
0.701802013,144540,66
0.701802013,145918,1378
0.703965053,146000,82
0.703965053,147362,1362
0.706121491,147460,98
0.706121491,148806,1346
0.708277929,148920,114
0.708277929,150250,1330
0.710434367,150380,130
0.710434367,151694,1314
0.712590805,151840,146
0.712590805,153138,1298
0.714747243,153300,162
0.714747243,154582,1282
0.716903681,154760,178
0.716903681,156026,1266
0.719139935,156220,194
0.719139935,157470,1250
0.721296373,157680,210
0.721296373,158914,1234
0.723453211,159140,226
0.723453211,160358,1218
0.725616251,160600,242
0.725616251,161802,1202
0.727772689,162060,258
0.727772689,163246,1186
0.729929127,163520,274
0.729929127,164690,1170
0.732085565,164980,290
0.732085565,166134,1154
0.734242003,166440,306
0.734242003,167578,1138
0.736398441,167900,322
0.736398441,169022,1122
0.738554879,169360,338
0.738554879,170466,1106
0.740791133,170820,354
0.740791133,171910,1090
0.742947571,172280,370
0.742947571,173354,1074
0.745104409,173740,386
0.745104409,174798,1058
0.747267449,175200,402
0.747267449,176242,1042
0.749423887,176660,418
0.749423887,177686,1026
0.751580325,178120,434
0.751580325,179130,1010
0.753816739,179580,450
0.753816739,180574,994
0.755972778,181040,466
0.755972778,182018,978
0.757442912,182500,482
0.757442912,183462,962
0.759909846,183960,498
0.759909846,184906,946
0.762376780,185420,514
0.762376780,186350,930
0.764843714,186880,530
0.764843714,187794,914
0.767409677,188340,546
0.767409677,189238,898
0.769873411,189800,562
0.769873411,190682,882
0.772337145,191260,578
0.772337145,192126,866
0.774800879,192720,594
0.774800879,193570,850
0.777264613,194180,610
0.777264613,195014,834
0.779728347,195640,626
0.779728347,196458,818
0.782192081,197100,642
0.782192081,197902,802
0.784655815,198560,658
0.784655815,199346,786
0.787119549,200020,674
0.787119549,200790,770
0.789583283,201480,690
0.789583283,202234,754
0.792047417,202940,706
0.792047417,203678,738
0.794518750,204400,722
0.794518750,205122,722
0.796982484,205860,738
0.796982484,206566,706
0.799446218,207320,754
0.799446218,208010,690
0.801909952,208780,770
0.801909952,209454,674
0.804373686,210240,786
0.804373686,210898,658
0.806928610,211700,802
0.806928610,212342,642
0.809392344,213160,818
0.809392344,213786,626
0.811856078,214620,834
0.811856078,215230,610
0.814319812,216080,850
0.814319812,216674,594
0.816783946,217540,866
0.816783946,218118,578
0.819255279,219000,882
0.819255279,219562,562
0.821719013,220460,898
0.821719013,221006,546
0.824182747,221920,914
0.824182747,222450,530
0.826646481,223380,930
0.826646481,223894,514
0.829110215,224840,946
0.829110215,225338,498
0.831573949,226300,962
0.831573949,226782,482
0.834037683,227760,978
0.834037683,228226,466
0.836592607,229220,994
0.836592607,229670,450
0.839056341,230680,1010
0.839056341,231114,434
0.841520475,232140,1026
0.841520475,232558,418
0.843991808,233600,1042
0.843991808,234002,402
0.846455542,235060,1058
0.846455542,235446,386
0.848919276,236520,1074
0.848919276,236890,370
0.851383010,237980,1090
0.851383010,238334,354
0.853843704,239440,1106
0.853843704,241222,1782
0.855305396,242360,1138
0.855305396,242666,306
0.857534722,243820,1154
0.857534722,244110,290
0.859764048,245280,1170
0.859764048,245554,274
0.861993374,246740,1186
0.861993374,246998,258
0.864223100,248200,1202
0.864223100,248442,242
0.866459264,249660,1218
0.866459264,249886,226
0.868688590,251120,1234
0.868688590,251330,210
0.871000430,252580,1250
0.871000430,252774,194
0.873229756,254040,1266
0.873229756,254218,178
0.875459082,255500,1282
0.875459082,255662,162
0.877688408,256960,1298
0.877688408,257106,146
0.879917734,258420,1314
0.879917734,258550,130
0.882147060,259880,1330
0.882147060,259994,114
0.884376386,261340,1346
0.884376386,261438,98
0.886606112,262800,1362
0.886606112,262882,82
0.888842276,264260,1378
0.888842276,264326,66
0.891071522,265720,1394
0.891071522,265770,50
0.893299400,267180,1410
0.893299400,267214,34
0.895527278,268640,1426
0.895527278,268658,18
0.897837670,270100,1442
0.897837670,270102,2
0.900065628,271554,1452
0.902294954,271560,6
0.902294954,272999,1439
0.904524280,273020,21
0.904524280,274444,1424
0.906753606,274480,36
0.906753606,275889,1409
0.908983332,275940,51
0.908983332,277334,1394
0.911436492,277400,66
0.911436492,278778,1378
0.913610809,278860,82
0.913610809,280222,1362
0.920401546,280320,98
0.920401546,281666,1346
1.371763845,281780,114
1.371763845,413082,131302
1.377573257,413180,98
1.377573257,414526,1346
1.377573257,414640,114
1.377573257,428966,14326
1.382557520,429240,274
1.382557520,570490,141250
1.385012885,570860,370
1.385012885,571934,1074
1.387454727,572320,386
1.387454727,573378,1058
1.389896569,573780,402
1.389896569,574822,1042
1.392433362,575240,418
1.392433362,576266,1026
1.394875204,576700,434
1.394875204,577710,1010
1.397317046,578160,450
1.397317046,579154,994
1.399758888,579620,466
1.399758888,580598,978
1.402201130,581080,482
1.402201130,582042,962
1.404650485,582540,498
1.404650485,583486,946
1.407092327,584000,514
1.407092327,584930,930
1.409534169,585460,530
1.409534169,586374,914
1.412070962,586920,546
1.412070962,587818,898
1.414512804,588380,562
1.414512804,589262,882
1.416954646,589840,578
1.416954646,590706,866
1.419396488,591300,594
1.419396488,592150,850
1.421838330,592760,610
1.421838330,593594,834
1.424280172,594220,626
1.424280172,595038,818
1.426722414,595680,642
1.426722414,596482,802
1.429171769,597140,658
1.429171769,597926,786
1.431708562,598600,674
1.431708562,599370,770
1.434150404,600060,690
1.434150404,600814,754
1.436592246,601520,706
1.436592246,602258,738
1.439034088,602980,722
1.439034088,603702,722
1.441475930,604440,738
1.441475930,605146,706
1.443917772,605900,754
1.443917772,606590,690
1.446359614,607360,770
1.446359614,608034,674
1.448801456,608820,786
1.448801456,609478,658
1.451243698,610280,802
1.451243698,610922,642
1.453784724,611740,818
1.453784724,612366,626
1.454117553,613200,834
1.454117553,613810,610
1.456332898,614660,850
1.456332898,615254,594
1.459582905,616120,866
1.459582905,616698,578
1.461794970,617580,882
1.461794970,618142,562
1.464188181,619040,898
1.464188181,619586,546
1.466400246,620500,914
1.466400246,621030,530
1.468612311,621960,930
1.468612311,622474,514
1.470912740,623420,946
1.470912740,623918,498
1.473124805,624880,962
1.473124805,625362,482
1.475336870,626340,978
1.475336870,626806,466
1.477548935,627800,994
1.477548935,628250,450
1.479761000,629260,1010
1.479761000,629694,434
1.481973065,630720,1026
1.481973065,631138,418
1.484366276,632180,1042
1.484366276,632582,402
1.486578341,633640,1058
1.486578341,634026,386
1.488790406,635100,1074
1.488790406,635470,370
1.491271981,636560,1090
1.491271981,636914,354
1.493612174,638020,1106
1.493612174,638358,338
1.495824239,639480,1122
1.495824239,639802,322
1.498096686,640940,1138
1.498096686,641246,306
1.500429515,642400,1154
1.500429515,642690,290
1.502641580,643860,1170
1.502641580,644134,274
1.505034791,645320,1186
1.505034791,645578,258
1.507246856,646780,1202
1.507246856,647022,242
1.509547285,648240,1218
1.509547285,648466,226
1.511943441,649700,1234
1.511943441,649910,210
1.514155506,651160,1250
1.514155506,651354,194
1.516367571,652620,1266
1.516367571,652798,178
1.518759309,654080,1282
1.518759309,654242,162
1.520971374,655540,1298
1.520971374,655686,146
1.523183439,657000,1314
1.523183439,657130,130
1.525576650,658460,1330
1.525576650,658574,114
1.527997843,659920,1346
1.527997843,660018,98
1.530209908,661380,1362
1.530209908,661462,82
1.532610483,662840,1378
1.532610483,662906,66
1.534822548,664300,1394
1.534822548,664350,50
1.537034613,665760,1410
1.537034613,665794,34
1.539427824,667220,1426
1.539427824,667238,18
1.541639889,668680,1442
1.541639889,668682,2
1.543851954,670134,1452
1.546245165,670140,6
1.546245165,671579,1439
1.548545594,671600,21
1.548545594,673024,1424
1.550878423,673060,36
1.550878423,674469,1409
1.553976531,674520,51
1.553976531,675914,1394
1.556074639,675980,66
1.556074639,677358,1378
1.558172747,677440,82
1.558172747,678802,1362
1.560270855,678900,98
1.560270855,680246,1346
1.562368963,680360,114
1.562368963,681690,1330
1.564467071,681820,130
1.564467071,683134,1314
1.566648991,683280,146
1.566648991,684578,1298
1.568747099,684740,162
1.568747099,686022,1282
1.570845207,686200,178
1.570845207,687466,1266
1.572943315,687660,194
1.572943315,688910,1250
1.575041423,689120,210
1.575041423,690354,1234
1.577139531,690580,226
1.577139531,691798,1218
1.579237639,692040,242
1.579237639,693242,1202
1.581335747,693500,258
1.581335747,694686,1186
1.583527931,694960,274
1.583527931,696130,1170
1.585794572,696420,290
1.585794572,697574,1154
1.587892680,697880,306
1.587892680,699018,1138
1.589994068,699340,322
1.589994068,700462,1122
1.592260709,700800,338
1.592260709,701906,1106
1.594645172,702260,354
1.594645172,703350,1090
1.596743280,703720,370
1.596743280,704794,1074
1.598841388,705180,386
1.598841388,706238,1058
1.601054038,706640,402
1.601054038,707682,1042
1.603326754,708100,418
1.603326754,709126,1026
1.605424862,709560,434
1.605424862,710570,1010
1.607522970,711020,450
1.607522970,712014,994
1.609621078,712480,466
1.609621078,713458,978
1.612089353,713940,482
1.612089353,714902,962
1.614302003,715400,498
1.614302003,716346,946
1.616457382,716860,514
1.616457382,717790,930
1.618555490,718320,530
1.618555490,719234,914
1.620653598,719780,546
1.620653598,720678,898
1.622842502,721240,562
1.622842502,722122,882
1.624940610,722700,578
1.624940610,723566,866
1.627038718,724160,594
1.627038718,725010,850
1.629423181,725620,610
1.629423181,726454,834
1.631521289,727080,626
1.631521289,727898,818
1.633619397,728540,642
1.633619397,729342,802
1.635980115,730000,658
1.635980115,730786,786
1.638078223,731460,674
1.638078223,732230,770
1.640176331,732920,690
1.640176331,733674,754
1.642274439,734380,706
1.642274439,735118,738
1.644372547,735840,722
1.644372547,736562,722
1.646642468,737300,738
1.646642468,738006,706
1.648740576,738760,754
1.648740576,739450,690
1.650953226,740220,770
1.650953226,740894,674
1.653135146,741680,786
1.653135146,742338,658
1.656147917,743140,802
1.656147917,743782,642
1.658163968,744600,818
1.658163968,745226,626
1.660338285,746060,834
1.660338285,746670,610
1.662351056,747520,850
1.662351056,748114,594
1.664454210,748980,866
1.664454210,749558,578
1.666521923,750440,882
1.666521923,751002,562
1.668751182,751900,898
1.668751182,752446,546
1.670928779,753360,914
1.670928779,753890,530
1.673387786,754820,930
1.673387786,755334,514
1.675480960,756280,946
1.675480960,756778,498
1.677493731,757740,962
1.677493731,758222,482
1.679506502,759200,978
1.679506502,759666,466
1.681684099,760660,994
1.681684099,761110,450
1.683696870,762120,1010
1.683696870,762554,434
1.685819525,763580,1026
1.685819525,763998,418
1.687832296,765040,1042
1.687832296,765442,402
1.689845067,766500,1058
1.689845067,766886,386
1.691938241,767960,1074
1.691938241,768330,370
1.693951012,769420,1090
1.693951012,769774,354
1.696128609,770880,1106
1.696128609,771218,338
1.698141380,772340,1122
1.698141380,772662,322
1.700154151,773800,1138
1.700154151,774106,306
1.702166922,775260,1154
1.702166922,775550,290
1.704548206,776720,1170
1.704548206,776994,274
1.706560977,778180,1186
1.706560977,778438,258
1.708573748,779640,1202
1.708573748,779882,242
1.710586519,781100,1218
1.710586519,781326,226
1.712599290,782560,1234
1.712599290,782770,210
1.714612061,784020,1250
1.714612061,784214,194
1.716624832,785480,1266
1.716624832,785658,178
1.718637603,786940,1282
1.718637603,787102,162
1.720895603,788400,1298
1.720895603,788546,146
1.723070520,789860,1314
1.723070520,789990,130
1.725083291,791320,1330
1.725083291,791434,114
1.727096062,792780,1346
1.727096062,792878,98
1.729108833,794240,1362
1.729108833,794322,82
1.731309211,795700,1378
1.731309211,795766,66
1.733321982,797160,1394
1.733321982,797210,50
1.735334753,798620,1410
1.735334753,798654,34
1.737347524,800080,1426
1.737347524,800098,18
1.739696647,801540,1442
1.739696647,801542,2
1.741709418,802994,1452
1.743722189,803000,6
1.743722189,804439,1439
1.745899786,804460,21
1.745899786,805884,1424
1.747992960,805920,36
1.747992960,807329,1409
1.750122315,807380,51
1.750122315,808774,1394
1.752135086,808840,66
1.752135086,810218,1378
1.755244748,810300,82
1.755244748,811662,1362
1.757354410,811760,98
1.757354410,813106,1346
1.971767510,813220,114
1.971767510,957518,144298
1.974797726,957760,242
1.974797726,958962,1202
1.977176266,959220,258
1.977176266,960406,1186
1.979547522,960680,274
1.979547522,961850,1170
1.981918778,962140,290
1.981918778,963294,1154
1.984290034,963600,306
1.984290034,964738,1138
1.986661290,965060,322
1.986661290,966182,1122
1.989032546,966520,338
1.989032546,967626,1106
1.991496009,967980,354
1.991496009,969070,1090
1.993867265,969440,370
1.993867265,970514,1074
1.996238521,970900,386
1.996238521,971958,1058
1.998610177,972360,402
1.998610177,973402,1042
2.000988717,973820,418
2.000988717,974846,1026
2.003359973,975280,434
2.003359973,976290,1010
2.005731229,976740,450
2.005731229,977734,994
2.008194692,978200,466
2.008194692,979178,978
2.010565948,979660,482
2.010565948,980622,962
2.012937204,981120,498
2.012937204,982066,946
2.015308460,982580,514
2.015308460,983510,930
2.017679716,984040,530
2.017679716,984954,914
2.020050972,985500,546
2.020050972,986398,898
2.022422628,986960,562
2.022422628,987842,882
2.024801168,988420,578
2.024801168,989286,866
2.027264631,989880,594
2.027264631,990730,850
2.029635887,991340,610
2.029635887,992174,834
2.032007143,992800,626
2.032007143,993618,818
2.034378399,994260,642
2.034378399,995062,802
2.036749655,995720,658
2.036749655,996506,786
2.039120911,997180,674
2.039120911,997950,770
2.041492167,998640,690
2.041492167,999394,754
2.043863423,1000100,706
2.043863423,1000838,738
2.046334569,1001560,722
2.046334569,1002282,722
2.048705825,1003020,738
2.048705825,1003726,706
2.051077081,1004480,754
2.051077081,1005170,690
2.054388680,1005940,770
2.054388680,1006614,674
2.056725323,1007400,786
2.056725323,1008058,658
2.059002309,1008860,802
2.059002309,1009502,642
2.061279295,1010320,818
2.061279295,1010946,626
2.063556281,1011780,834
2.063556281,1012390,610
2.065921808,1013240,850
2.065921808,1013834,594
2.068199194,1014700,866
2.068199194,1015278,578
2.070483158,1016160,882
2.070483158,1016722,562
2.072760144,1017620,898
2.072760144,1018166,546
2.075037130,1019080,914
2.075037130,1019610,530
2.077314116,1020540,930
2.077314116,1021054,514
2.079591102,1022000,946
2.079591102,1022498,498
2.081956629,1023460,962
2.081956629,1023942,482
2.084233615,1024920,978
2.084233615,1025386,466
2.086510601,1026380,994
2.086510601,1026830,450
2.088787587,1027840,1010
2.088787587,1028274,434
2.091064973,1029300,1026
2.091064973,1029718,418
2.093437478,1030760,1042
2.093437478,1031162,402
2.095714464,1032220,1058
2.095714464,1032606,386
2.097991450,1033680,1074
2.097991450,1034050,370
2.100356977,1035140,1090
2.100356977,1035494,354
2.102633963,1036600,1106
2.102633963,1036938,338
2.104910949,1038060,1122
2.104910949,1038382,322
2.107187935,1039520,1138
2.107187935,1039826,306
2.109464921,1040980,1154
2.109464921,1041270,290
2.111837826,1042440,1170
2.111837826,1042714,274
2.114114812,1043900,1186
2.114114812,1044158,258
2.116391798,1045360,1202
2.116391798,1045602,242
2.118668784,1046820,1218
2.118668784,1047046,226
2.120945770,1048280,1234
2.120945770,1048490,210
2.123222756,1049740,1250
2.123222756,1049934,194
2.125499742,1051200,1266
2.125499742,1051378,178
2.127776728,1052660,1282
2.127776728,1052822,162
2.130142255,1054120,1298
2.130142255,1054266,146
2.132419641,1055580,1314
2.132419641,1055710,130
2.134703605,1057040,1330
2.134703605,1057154,114
2.136980591,1058500,1346
2.136980591,1058598,98
2.139257577,1059960,1362
2.139257577,1060042,82
2.141534563,1061420,1378
2.141534563,1061486,66
2.143900010,1062880,1394
2.143900010,1062930,50
2.146175520,1064340,1410
2.146175520,1064374,34
2.148451030,1065800,1426
2.148451030,1065818,18
2.150726540,1067260,1442
2.150726540,1067262,2
2.153002130,1068714,1452
2.155275836,1068720,6
2.155275836,1070159,1439
2.155754971,1070180,21
2.155754971,1071604,1424
2.158222830,1071640,36
2.158222830,1073049,1409
2.160786652,1073100,51
2.160786652,1074494,1394
2.163254511,1074560,66
2.163254511,1075938,1378
2.165722370,1076020,82
2.165722370,1077382,1362
2.168190229,1077480,98
2.168190229,1078826,1346
2.170658088,1078940,114
2.170658088,1080270,1330
2.173221910,1080400,130
2.173221910,1081714,1314
2.175690169,1081860,146
2.175690169,1083158,1298
2.178165624,1083320,162
2.178165624,1084602,1282
2.180633483,1084780,178
2.180633483,1086046,1266
2.183101342,1086240,194
2.183101342,1087490,1250
2.185665164,1087700,210
2.185665164,1088934,1234
2.188133023,1089160,226
2.188133023,1090378,1218
2.190600882,1090620,242
2.190600882,1091822,1202
2.193068741,1092080,258
2.193068741,1093266,1186
2.195536600,1093540,274
2.195536600,1094710,1170
2.198004459,1095000,290
2.198004459,1096154,1154
2.200472718,1096460,306
2.200472718,1097598,1138
2.202948173,1097920,322
2.202948173,1099042,1122
2.205511995,1099380,338
2.205511995,1100486,1106
2.207979854,1100840,354
2.207979854,1101930,1090
2.210447713,1102300,370
2.210447713,1103374,1074
2.212915572,1103760,386
2.212915572,1104818,1058
2.215383431,1105220,402
2.215383431,1106262,1042
2.217947253,1106680,418
2.217947253,1107706,1026
2.220415112,1108140,434
2.220415112,1109150,1010
2.222883371,1109600,450
2.222883371,1110594,994
2.225358826,1111060,466
2.225358826,1112038,978
2.227826685,1112520,482
2.227826685,1113482,962
2.230294544,1113980,498
2.230294544,1114926,946
2.232762403,1115440,514
2.232762403,1116370,930
2.235326225,1116900,530
2.235326225,1117814,914
2.237794084,1118360,546
2.237794084,1119258,898
2.240261943,1119820,562
2.240261943,1120702,882
2.242729802,1121280,578
2.242729802,1122146,866
2.245197661,1122740,594
2.245197661,1123590,850
2.247665920,1124200,610
2.247665920,1125034,834
2.250237338,1125660,626
2.250237338,1126478,818
2.252705197,1127120,642
2.252705197,1127922,802
2.255131745,1128580,658
2.255131745,1129366,786
2.257558293,1130040,674
2.257558293,1130810,770
2.259984841,1131500,690
2.259984841,1132254,754
2.262411389,1132960,706
2.262411389,1133698,738
2.264837937,1134420,722
2.264837937,1135142,722
2.267358842,1135880,738
2.267358842,1136586,706
2.269785790,1137340,754
2.269785790,1138030,690
2.272219801,1138800,770
2.272219801,1139474,674
2.274646349,1140260,786
2.274646349,1140918,658
2.277072897,1141720,802
2.277072897,1142362,642
2.279499445,1143180,818
2.279499445,1143806,626
2.282020350,1144640,834
2.282020350,1145250,610
2.284446898,1146100,850
2.284446898,1146694,594
2.286873446,1147560,866
2.286873446,1148138,578
2.289299994,1149020,882
2.289299994,1149582,562
2.291726542,1150480,898
2.291726542,1151026,546
2.294153490,1151940,914
2.294153490,1152470,530
2.296587501,1153400,930
2.296587501,1153914,514
2.299108406,1154860,946
2.299108406,1155358,498
2.301534954,1156320,962
2.301534954,1156802,482
2.303961502,1157780,978
2.303961502,1158246,466
2.306388050,1159240,994
2.306388050,1159690,450
2.308814598,1160700,1010
2.308814598,1161134,434
2.311335503,1162160,1026
2.311335503,1162578,418
2.313762051,1163620,1042
2.313762051,1164022,402
2.316188999,1165080,1058
2.316188999,1165466,386
2.318623010,1166540,1074
2.318623010,1166910,370
2.321049558,1168000,1090
2.321049558,1168354,354
2.323476106,1169460,1106
2.323476106,1169798,338
2.325997011,1170920,1122
2.325997011,1171242,322
2.328423559,1172380,1138
2.328423559,1172686,306
2.330850107,1173840,1154
2.330850107,1174130,290
2.333276655,1175300,1170
2.333276655,1175574,274
2.335703203,1176760,1186
2.335703203,1177018,258
2.338129751,1178220,1202
2.338129751,1178462,242
2.340556699,1179680,1218
2.340556699,1179906,226
2.343085067,1181140,1234
2.343085067,1181350,210
2.345511615,1182600,1250
2.345511615,1182794,194
2.347938163,1184060,1266
2.347938163,1184238,178
2.350364711,1185520,1282
2.350364711,1185682,162
2.352791259,1186980,1298
2.352791259,1187126,146
2.354940190,1188440,1314
2.354940190,1188570,130
2.357089121,1189900,1330
2.357089121,1190014,114
2.359321613,1191360,1346
2.359321613,1191458,98
2.361470944,1192820,1362
2.361470944,1192902,82
2.363626439,1194280,1378
2.363626439,1194346,66
2.365775290,1195740,1394
2.365775290,1195790,50
2.367922828,1197200,1410
2.367922828,1197234,34
2.370070366,1198660,1426
2.370070366,1198678,18
2.372217904,1200120,1442
2.372217904,1200122,2
2.374449083,1201574,1452
2.376598014,1201580,6
2.376598014,1203019,1439
2.378746945,1203040,21
2.378746945,1204464,1424
2.380895876,1204500,36
2.380895876,1205909,1409
2.383045207,1205960,51
2.383045207,1207354,1394
2.385200702,1207420,66
2.385200702,1208798,1378
2.387433194,1208880,82
2.387433194,1210242,1362
2.389582125,1210340,98
2.389582125,1211686,1346
2.391731056,1211800,114
2.391731056,1213130,1330
2.393879987,1213260,130
2.393879987,1214574,1314
2.396028918,1214720,146
2.396028918,1216018,1298
2.398261410,1216180,162
2.398261410,1217462,1282
2.400410341,1217640,178
2.400410341,1218906,1266
2.402559672,1219100,194
2.402559672,1220350,1250
2.404715167,1220560,210
2.404715167,1221794,1234
2.406864098,1222020,226
2.406864098,1223238,1218
2.409013029,1223480,242
2.409013029,1224682,1202
2.411161960,1224940,258
2.411161960,1226126,1186
2.413310891,1226400,274
2.413310891,1227570,1170
2.415543383,1227860,290
2.415543383,1229014,1154
2.417692314,1229320,306
2.417692314,1230458,1138
2.419841245,1230780,322
2.419841245,1231902,1122
2.421990176,1232240,338
2.421990176,1233346,1106
2.424139507,1233700,354
2.424139507,1234790,1090
2.426378563,1235160,370
2.426378563,1236234,1074
2.428527494,1236620,386
2.428527494,1237678,1058
2.430676425,1238080,402
2.430676425,1239122,1042
2.432825356,1239540,418
2.432825356,1240566,1026
2.434974287,1241000,434
2.434974287,1242010,1010
2.437123218,1242460,450
2.437123218,1243454,994
2.439272149,1243920,466
2.439272149,1244898,978
2.441504641,1245380,482
2.441504641,1246342,962
2.443653972,1246840,498
2.443653972,1247786,946
2.445809467,1248300,514
2.445809467,1249230,930
2.447958398,1249760,530
2.447958398,1250674,914
2.450107329,1251220,546
2.450107329,1252118,898
2.452252980,1252680,562
2.452252980,1253562,882
2.453571437,1254140,578
2.453571437,1255006,866
2.455799958,1255600,594
2.455799958,1256450,850
2.458028479,1257060,610
2.458028479,1257894,834
2.460257000,1258520,626
2.460257000,1259338,818
2.462485521,1259980,642
2.462485521,1260782,802
2.464714442,1261440,658
2.464714442,1262226,786
2.466949784,1262900,674
2.466949784,1263670,770
2.469264961,1264360,690
2.469264961,1265114,754
2.471493482,1265820,706
2.471493482,1266558,738
2.473722003,1267280,722
2.473722003,1268002,722
2.475950524,1268740,738
2.475950524,1269446,706
2.478179045,1270200,754
2.478179045,1270890,690
2.480407566,1271660,770
2.480407566,1272334,674
2.482722743,1273120,786
2.482722743,1273778,658
2.484951664,1274580,802
2.484951664,1275222,642
2.487187006,1276040,818
2.487187006,1276666,626
2.489415527,1277500,834
2.489415527,1278110,610
2.491644048,1278960,850
2.491644048,1279554,594
2.493959225,1280420,866
2.493959225,1280998,578
2.496187746,1281880,882
2.496187746,1282442,562
2.498416267,1283340,898
2.498416267,1283886,546
2.500644788,1284800,914
2.500644788,1285330,530
2.502873309,1286260,930
2.502873309,1286774,514
2.505101830,1287720,946
2.505101830,1288218,498
2.507330751,1289180,962
2.507330751,1289662,482
2.509652749,1290640,978
2.509652749,1291106,466
2.511881270,1292100,994
2.511881270,1292550,450
2.514109791,1293560,1010
2.514109791,1293994,434
2.516338312,1295020,1026
2.516338312,1295438,418
2.518566833,1296480,1042
2.518566833,1296882,402
2.520795354,1297940,1058
2.520795354,1298326,386
2.523110531,1299400,1074
2.523110531,1299770,370
2.525339052,1300860,1090
2.525339052,1301214,354
2.527567973,1302320,1106
2.527567973,1302658,338
2.529803315,1303780,1122
2.529803315,1304102,322
2.532031836,1305240,1138
2.532031836,1305546,306
2.534260357,1306700,1154
2.534260357,1306990,290
2.536488878,1308160,1170
2.536488878,1308434,274
2.538804055,1309620,1186
2.538804055,1309878,258
2.541032576,1311080,1202
2.541032576,1311322,242
2.543261097,1312540,1218
2.543261097,1312766,226
2.545489618,1314000,1234
2.545489618,1314210,210
2.547718139,1315460,1250
2.547718139,1315654,194
2.549947060,1316920,1266
2.549947060,1317098,178
2.552269058,1318380,1282
2.552269058,1318542,162
2.554500915,1319840,1298
2.554500915,1319986,146
2.556732772,1321300,1314
2.556732772,1321430,130
2.558964629,1322760,1330
2.558964629,1322874,114
2.561196486,1324220,1346
2.561196486,1324318,98
2.563428343,1325680,1362
2.563428343,1325762,82
2.565660200,1327140,1378
2.565660200,1327206,66
2.567978763,1328600,1394
2.567978763,1328650,50
2.570209573,1330060,1410
2.570209573,1330094,34
2.572446815,1331520,1426
2.572446815,1331538,18
2.574677225,1332980,1442
2.574677225,1332982,2
2.576907715,1334434,1452
2.579139572,1334440,6
2.579139572,1335879,1439
2.581458215,1335900,21
2.581458215,1337324,1424
2.583690072,1337360,36
2.583690072,1338769,1409
2.585921929,1338820,51
2.585921929,1340214,1394
2.588153786,1340280,66
2.588153786,1341658,1378
2.590385643,1341740,82
2.590385643,1343102,1362
2.592711518,1343200,98
2.592711518,1344546,1346
2.594943375,1344660,114
2.594943375,1345990,1330
2.597175232,1346120,130
2.597175232,1347434,1314
2.599407089,1347580,146
2.599407089,1348878,1298
2.601638946,1349040,162
2.601638946,1350322,1282
2.603870803,1350500,178
2.603870803,1351766,1266
2.606102660,1351960,194
2.606102660,1353210,1250
2.608421303,1353420,210
2.608421303,1354654,1234
2.610653160,1354880,226
2.610653160,1356098,1218
2.612885417,1356340,242
2.612885417,1357542,1202
2.615124106,1357800,258
2.615124106,1358986,1186
2.617355963,1359260,274
2.617355963,1360430,1170
2.619587820,1360720,290
2.619587820,1361874,1154
2.621906463,1362180,306
2.621906463,1363318,1138
2.624138320,1363640,322
2.624138320,1364762,1122
2.626370177,1365100,338
2.626370177,1366206,1106
2.628602034,1366560,354
2.628602034,1367650,1090
2.630833891,1368020,370
2.630833891,1369094,1074
2.633065748,1369480,386
2.633065748,1370538,1058
2.635298005,1370940,402
2.635298005,1371982,1042
2.637623480,1372400,418
2.637623480,1373426,1026
2.639855337,1373860,434
2.639855337,1374870,1010
2.642087194,1375320,450
2.642087194,1376314,994
2.644319051,1376780,466
2.644319051,1377758,978
2.646550908,1378240,482
2.646550908,1379202,962
2.648782765,1379700,498
2.648782765,1380646,946
2.655042736,1381160,514
2.655042736,1382090,930
2.657415469,1382620,530
2.657415469,1383534,914
2.659729930,1384080,546
2.659729930,1384978,898
2.662051089,1385540,562
2.662051089,1386422,882
2.664365150,1387000,578
2.664365150,1387866,866
2.666679211,1388460,594
2.666679211,1389310,850
2.668993272,1389920,610
2.668993272,1390754,834
2.671307333,1391380,626
2.671307333,1392198,818
2.673711376,1392840,642
2.673711376,1393642,802
2.676025437,1394300,658
2.676025437,1395086,786
2.678339498,1395760,674
2.678339498,1396530,770
2.680653559,1397220,690
2.680653559,1397974,754
2.682968020,1398680,706
2.682968020,1399418,738
2.685289179,1400140,722
2.685289179,1400862,722
2.687693222,1401600,738
2.687693222,1402306,706
2.690007283,1403060,754
2.690007283,1403750,690
2.692321344,1404520,770
2.692321344,1405194,674
2.694635405,1405980,786
2.694635405,1406638,658
2.696949466,1407440,802
2.696949466,1408082,642
2.699353509,1408900,818
2.699353509,1409526,626
2.701667570,1410360,834
2.701667570,1410970,610
2.703982031,1411820,850
2.703982031,1412414,594
2.706303190,1413280,866
2.706303190,1413858,578
2.708617251,1414740,882
2.708617251,1415302,562
2.710931312,1416200,898
2.710931312,1416746,546
2.713245373,1417660,914
2.713245373,1418190,530
2.715649416,1419120,930
2.715649416,1419634,514
2.717963477,1420580,946
2.717963477,1421078,498
2.720277538,1422040,962
2.720277538,1422522,482
2.722591599,1423500,978
2.722591599,1423966,466
2.724905660,1424960,994
2.724905660,1425410,450
2.727220121,1426420,1010
2.727220121,1426854,434
2.729631262,1427880,1026
2.729631262,1428298,418
2.731945323,1429340,1042
2.731945323,1429742,402
2.734259384,1430800,1058
2.734259384,1431186,386
2.736573445,1432260,1074
2.736573445,1432630,370
2.738887506,1433720,1090
2.738887506,1434074,354
2.741201567,1435180,1106
2.741201567,1435518,338
2.743515628,1436640,1122
2.743515628,1436962,322
2.745919671,1438100,1138
2.745919671,1438406,306
2.748234132,1439560,1154
2.748234132,1439850,290
2.750555291,1441020,1170
2.750555291,1441294,274
2.752869352,1442480,1186
2.752869352,1442738,258
2.755180133,1443940,1202
2.755180133,1444182,242
2.756247597,1445400,1218
2.756247597,1445626,226
2.758392047,1446860,1234
2.758392047,1447070,210
2.760456231,1448320,1250
2.760456231,1448514,194
2.762520415,1449780,1266
2.762520415,1449958,178
2.764584599,1451240,1282
2.764584599,1451402,162
2.766648783,1452700,1298
2.766648783,1452846,146
2.768713367,1454160,1314
2.768713367,1454290,130
2.770783840,1455620,1330
2.770783840,1455734,114
2.772928290,1457080,1346
2.772928290,1457178,98
2.774992474,1458540,1362
2.774992474,1458622,82
2.777056658,1460000,1378
2.777056658,1460066,66
2.779120762,1461460,1394
2.779120762,1461510,50
2.781183608,1462920,1410
2.781183608,1462954,34
2.783246454,1464380,1426
2.783246454,1464398,18
2.785389566,1465840,1442
2.785389566,1465842,2
2.787452892,1467294,1452
2.789523365,1467300,6
2.789523365,1468739,1439
2.791587549,1468760,21
2.791587549,1470184,1424
2.793651733,1470220,36
2.793651733,1471629,1409
2.795796183,1471680,51
2.795796183,1473074,1394
2.797860367,1473140,66
2.797860367,1474518,1378
2.799924551,1474600,82
2.799924551,1475962,1362
2.801988735,1476060,98
2.801988735,1477406,1346
2.804052919,1477520,114
2.804052919,1478850,1330
2.806320866,1478980,130
2.806320866,1480294,1314
2.808385450,1480440,146
2.808385450,1481738,1298
2.810455923,1481900,162
2.810455923,1483182,1282
2.812600373,1483360,178
2.812600373,1484626,1266
2.814664557,1484820,194
2.814664557,1486070,1250
2.816988651,1486280,210
2.816988651,1487514,1234
2.819052835,1487740,226
2.819052835,1488958,1218
2.821117019,1489200,242
2.821117019,1490402,1202
2.823261469,1490660,258
2.823261469,1491846,1186
2.825325653,1492120,274
2.825325653,1493290,1170
2.828649338,1493580,290
2.828649338,1494734,1154
2.830719811,1495040,306
2.830719811,1496178,1138
2.832783995,1496500,322
2.832783995,1497622,1122
2.835591521,1497960,338
2.835591521,1499066,1106
2.837655705,1499420,354
2.837655705,1500510,1090
2.839719889,1500880,370
2.839719889,1501954,1074
2.841864339,1502340,386
2.841864339,1503398,1058
2.843928523,1503800,402
2.843928523,1504842,1042
2.847258906,1505260,418
2.847258906,1506286,1026
2.849323090,1506720,434
2.849323090,1507730,1010
2.851387674,1508180,450
2.851387674,1509174,994
2.853535133,1509640,466
2.853535133,1510618,978
2.853658573,1511100,482
2.853658573,1512062,962
2.856936521,1512560,498
2.856936521,1513506,946
2.859010804,1514020,514
2.859010804,1514950,930
2.861085087,1515480,530
2.861085087,1516394,914
2.863240029,1516940,546
2.863240029,1517838,898
2.865314312,1518400,562
2.865314312,1519282,882
2.867388595,1519860,578
2.867388595,1520726,866
2.869463278,1521320,594
2.869463278,1522170,850
2.871543882,1522780,610
2.871543882,1523614,834
2.873618165,1524240,626
2.873618165,1525058,818
2.875692448,1525700,642
2.875692448,1526502,802
2.877766731,1527160,658
2.877766731,1527946,786
2.879921673,1528620,674
2.879921673,1529390,770
2.881995956,1530080,690
2.881995956,1530834,754
2.884070239,1531540,706
2.884070239,1532278,738
2.886144522,1533000,722
2.886144522,1533722,722
2.888218805,1534460,738
2.888218805,1535166,706
2.890380468,1535920,754
2.890380468,1536610,690
2.892454751,1537380,770
2.892454751,1538054,674
2.894529034,1538840,786
2.894529034,1539498,658
2.896603317,1540300,802
2.896603317,1540942,642
2.898677600,1541760,818
2.898677600,1542386,626
2.900751883,1543220,834
2.900751883,1543830,610
2.902826166,1544680,850
2.902826166,1545274,594
2.904900449,1546140,866
2.904900449,1546718,578
2.907055391,1547600,882
2.907055391,1548162,562
2.909130074,1549060,898
2.909130074,1549606,546
2.911210678,1550520,914
2.911210678,1551050,530
2.913284961,1551980,930
2.913284961,1552494,514
2.915359244,1553440,946
2.915359244,1553938,498
2.917514186,1554900,962
2.917514186,1555382,482
2.919588469,1556360,978
2.919588469,1556826,466
2.921662752,1557820,994
2.921662752,1558270,450
2.923737035,1559280,1010
2.923737035,1559714,434
2.925811318,1560740,1026
2.925811318,1561158,418
2.927885601,1562200,1042
2.927885601,1562602,402
2.929960284,1563660,1058
2.929960284,1564046,386
2.932040888,1565120,1074
2.932040888,1565490,370
2.934195830,1566580,1090
2.934195830,1566934,354
2.936270113,1568040,1106
2.936270113,1568378,338
2.938344396,1569500,1122
2.938344396,1569822,322
2.940418679,1570960,1138
2.940418679,1571266,306
2.942492962,1572420,1154
2.942492962,1572710,290
2.944647904,1573880,1170
2.944647904,1574154,274
2.946722187,1575340,1186
2.946722187,1575598,258
2.948796870,1576800,1202
2.948796870,1577042,242
2.950877474,1578260,1218
2.950877474,1578486,226
2.953897061,1579720,1234
2.953897061,1579930,210
2.957147986,1581180,1250
2.957147986,1581374,194
2.959611698,1582640,1266
2.959611698,1582818,178
2.962075410,1584100,1282
2.962075410,1584262,162
2.964539122,1585560,1298
2.964539122,1585706,146
2.967002834,1587020,1314
2.967002834,1587150,130
2.969466546,1588480,1330
2.969466546,1588594,114
2.971930258,1589940,1346
2.971930258,1590038,98
2.974394370,1591400,1362
2.974394370,1591482,82
2.976865666,1592860,1378
2.976865666,1592926,66
2.979425100,1594320,1394
2.979425100,1594370,50
2.981887216,1595780,1410
2.981887216,1595814,34
2.984349332,1597240,1426
2.984349332,1597258,18
2.986811448,1598700,1442
2.986811448,1598702,2
2.989273644,1600154,1452
2.991833158,1600160,6
2.991833158,1601599,1439
2.994296870,1601620,21
2.994296870,1603044,1424
2.996760982,1603080,36
2.996760982,1604489,1409
2.999232278,1604540,51
2.999232278,1605934,1394
3.001695990,1606000,66
3.001695990,1607378,1378
3.004159702,1607460,82
3.004159702,1608822,1362
3.006623414,1608920,98
3.006623414,1610266,1346
3.009087126,1610380,114
3.009087126,1611710,1330
3.011646640,1611840,130
3.011646640,1613154,1314
3.014110352,1613300,146
3.014110352,1614598,1298
3.016574064,1614760,162
3.016574064,1616042,1282
3.019037776,1616220,178
3.019037776,1617486,1266
3.021501888,1617680,194
3.021501888,1618930,1250
3.024068986,1619140,210
3.024068986,1620374,1234
3.026532698,1620600,226
3.026532698,1621818,1218
3.028996410,1622060,242
3.028996410,1623262,1202
3.031460122,1623520,258
3.031460122,1624706,1186
3.033923834,1624980,274
3.033923834,1626150,1170
3.036483348,1626440,290
3.036483348,1627594,1154
3.038947060,1627900,306
3.038947060,1629038,1138
3.041410772,1629360,322
3.041410772,1630482,1122
3.043874884,1630820,338
3.043874884,1631926,1106
3.046346180,1632280,354
3.046346180,1633370,1090
3.048809892,1633740,370
3.048809892,1634814,1074
3.051273604,1635200,386
3.051273604,1636258,1058
3.053737316,1636660,402
3.053737316,1637702,1042
3.056266011,1638120,418
3.056266011,1639146,1026
3.058700058,1639580,434
3.058700058,1640590,1010
3.061134105,1641040,450
3.061134105,1642034,994
3.063568152,1642500,466
3.063568152,1643478,978
3.066002199,1643960,482
3.066002199,1644922,962
3.068538782,1645420,498
3.068538782,1646366,946
3.070972829,1646880,514
3.070972829,1647810,930
3.073406876,1648340,530
3.073406876,1649254,914
3.075840923,1649800,546
3.075840923,1650698,898
3.078274970,1651260,562
3.078274970,1652142,882
3.080709017,1652720,578
3.080709017,1653586,866
3.083143064,1654180,594
3.083143064,1655030,850
3.085577111,1655640,610
3.085577111,1656474,834
3.088105806,1657100,626
3.088105806,1657918,818
3.090540253,1658560,642
3.090540253,1659362,802
3.092981787,1660020,658
3.092981787,1660806,786
3.095415834,1661480,674
3.095415834,1662250,770
3.097849881,1662940,690
3.097849881,1663694,754
3.100378576,1664400,706
3.100378576,1665138,738
3.102812623,1665860,722
3.102812623,1666582,722
3.105246670,1667320,738
3.105246670,1668026,706
3.107680717,1668780,754
3.107680717,1669470,690
3.110114764,1670240,770
3.110114764,1670914,674
3.112548811,1671700,786
3.112548811,1672358,658
3.114983258,1673160,802
3.114983258,1673802,642
3.117424792,1674620,818
3.117424792,1675246,626
3.119953487,1676080,834
3.119953487,1676690,610
3.122387534,1677540,850
3.122387534,1678134,594
3.124821581,1679000,866
3.124821581,1679578,578
3.127255628,1680460,882
3.127255628,1681022,562
3.129689675,1681920,898
3.129689675,1682466,546
3.132218370,1683380,914
3.132218370,1683910,530
3.134652417,1684840,930
3.134652417,1685354,514
3.137086864,1686300,946
3.137086864,1686798,498
3.139528398,1687760,962
3.139528398,1688242,482
3.141962445,1689220,978
3.141962445,1689686,466
3.144491140,1690680,994
3.144491140,1691130,450
3.146925187,1692140,1010
3.146925187,1692574,434
3.149359234,1693600,1026
3.149359234,1694018,418
3.151793281,1695060,1042
3.151793281,1695462,402
3.155161885,1696520,1058
3.155161885,1696906,386
3.157286566,1697980,1074
3.157286566,1698350,370
3.159345804,1699440,1090
3.159345804,1699794,354
3.161405442,1700900,1106
3.161405442,1701238,338
3.163551027,1702360,1122
3.163551027,1702682,322
3.165610265,1703820,1138
3.165610265,1704126,306
3.167669503,1705280,1154
3.167669503,1705570,290
3.169728741,1706740,1170
3.169728741,1707014,274
3.171787979,1708200,1186
3.171787979,1708458,258
3.173927291,1709660,1202
3.173927291,1709902,242
3.175986529,1711120,1218
3.175986529,1711346,226
3.178045767,1712580,1234
3.178045767,1712790,210
3.180105405,1714040,1250
3.180105405,1714234,194
3.182170916,1715500,1266
3.182170916,1715678,178
3.184230154,1716960,1282
3.184230154,1717122,162
3.186289392,1718420,1298
3.186289392,1718566,146
3.188348630,1719880,1314
3.188348630,1720010,130
3.190487942,1721340,1330
3.190487942,1721454,114
3.192547180,1722800,1346
3.192547180,1722898,98
3.194606418,1724260,1362
3.194606418,1724342,82
3.196665656,1725720,1378
3.196665656,1725786,66
3.198724814,1727180,1394
3.198724814,1727230,50
3.200869463,1728640,1410
3.200869463,1728674,34
3.202927366,1730100,1426
3.202927366,1730118,18
3.204985269,1731560,1442
3.204985269,1731562,2
3.207043252,1733014,1452
3.209102490,1733020,6
3.209102490,1734459,1439
3.211161728,1734480,21
3.211161728,1735904,1424
3.213220966,1735940,36
3.213220966,1737349,1409
3.215280204,1737400,51
3.215280204,1738794,1394
3.217419516,1738860,66
3.217419516,1740238,1378
3.219479154,1740320,82
3.219479154,1741682,1362
3.221544665,1741780,98
3.221544665,1743126,1346
3.223603903,1743240,114
3.223603903,1744570,1330
3.225663141,1744700,130
3.225663141,1746014,1314
3.227802453,1746160,146
3.227802453,1747458,1298
3.229861691,1747620,162
3.229861691,1748902,1282
3.231920929,1749080,178
3.231920929,1750346,1266
3.233980167,1750540,194
3.233980167,1751790,1250
3.236039405,1752000,210
3.236039405,1753234,1234
3.238179117,1753460,226
3.238179117,1754678,1218
3.240244628,1754920,242
3.240244628,1756122,1202
3.242303866,1756380,258
3.242303866,1757566,1186
3.244363104,1757840,274
3.244363104,1759010,1170
3.246422342,1759300,290
3.246422342,1760454,1154
3.248481580,1760760,306
3.248481580,1761898,1138
3.250540818,1762220,322
3.250540818,1763342,1122
3.252600056,1763680,338
3.252600056,1764786,1106
3.254736088,1765140,354
3.254736088,1766230,1090
3.256001241,1766600,370
3.256001241,1767674,1074
3.259435723,1768060,386
3.259435723,1769118,1058
3.261704526,1769520,402
3.261704526,1770562,1042
3.263966399,1770980,418
3.263966399,1772006,1026
3.266909640,1772440,434
3.266909640,1773450,1010
3.269171513,1773900,450
3.269171513,1774894,994
3.271433386,1775360,466
3.271433386,1776338,978
3.273695259,1776820,482
3.273695259,1777782,962
3.275957132,1778280,498
3.275957132,1779226,946
3.278219005,1779740,514
3.278219005,1780670,930
3.280480878,1781200,530
3.280480878,1782114,914
3.282743151,1782660,546
3.282743151,1783558,898
3.285099907,1784120,562
3.285099907,1785002,882
3.287361780,1785580,578
3.287361780,1786446,866
3.289623653,1787040,594
3.289623653,1787890,850
3.291885526,1788500,610
3.291885526,1789334,834
3.294147399,1789960,626
3.294147399,1790778,818
3.296409272,1791420,642
3.296409272,1792222,802
3.298759098,1792880,658
3.298759098,1793666,786
3.301020971,1794340,674
3.301020971,1795110,770
3.303283244,1795800,690
3.303283244,1796554,754
3.305552047,1797260,706
3.305552047,1797998,738
3.307813920,1798720,722
3.307813920,1799442,722
3.310075793,1800180,738
3.310075793,1800886,706
3.312337666,1801640,754
3.312337666,1802330,690
3.314599539,1803100,770
3.314599539,1803774,674
3.316949365,1804560,786
3.316949365,1805218,658
3.319211238,1806020,802
3.319211238,1806662,642
3.321473111,1807480,818
3.321473111,1808106,626
3.323734984,1808940,834
3.323734984,1809550,610
3.325997257,1810400,850
3.325997257,1810994,594
3.328354013,1811860,866
3.328354013,1812438,578
3.330615886,1813320,882
3.330615886,1813882,562
3.332877759,1814780,898
3.332877759,1815326,546
3.335139632,1816240,914
3.335139632,1816770,530
3.337401505,1817700,930
3.337401505,1818214,514
3.339751331,1819160,946
3.339751331,1819658,498
3.342013204,1820620,962
3.342013204,1821102,482
3.344275077,1822080,978
3.344275077,1822546,466
3.346537350,1823540,994
3.346537350,1823990,450
3.348806153,1825000,1010
3.348806153,1825434,434
3.351068026,1826460,1026
3.351068026,1826878,418
3.353329899,1827920,1042
3.353329899,1828322,402
3.355539987,1829380,1058
3.355539987,1829766,386
3.357836014,1830840,1074
3.357836014,1831210,370
3.360046102,1832300,1090
3.360046102,1832654,354
3.362256190,1833760,1106
3.362256190,1834098,338
3.364466278,1835220,1122
3.364466278,1835542,322
3.366676366,1836680,1138
3.366676366,1836986,306
3.368979555,1838140,1154
3.368979555,1838430,290
3.371189643,1839600,1170
3.371189643,1839874,274
3.373399731,1841060,1186
3.373399731,1841318,258
3.375609819,1842520,1202
3.375609819,1842762,242
3.377819907,1843980,1218
3.377819907,1844206,226
3.380029995,1845440,1234
3.380029995,1845650,210
3.382240083,1846900,1250
3.382240083,1847094,194
3.384450171,1848360,1266
3.384450171,1848538,178
3.386746198,1849820,1282
3.386746198,1849982,162
3.388956686,1851280,1298
3.388956686,1851426,146
3.391173536,1852740,1314
3.391173536,1852870,130
3.393383624,1854200,1330
3.393383624,1854314,114
3.395593712,1855660,1346
3.395593712,1855758,98
3.397889739,1857120,1362
3.397889739,1857202,82
3.400099827,1858580,1378
3.400099827,1858646,66
3.402309835,1860040,1394
3.402309835,1860090,50
3.404518491,1861500,1410
3.404518491,1861534,34
3.406727147,1862960,1426
3.406727147,1862978,18
3.408935803,1864420,1442
3.408935803,1864422,2
3.411144939,1865874,1452
3.413361789,1865880,6
3.413361789,1867319,1439
3.415657816,1867340,21
3.415657816,1868764,1424
3.417867904,1868800,36
3.417867904,1870209,1409
3.420077992,1870260,51
3.420077992,1871654,1394
3.422288080,1871720,66
3.422288080,1873098,1378
3.424498168,1873180,82
3.424498168,1874542,1362
3.426794195,1874640,98
3.426794195,1875986,1346
3.429004283,1876100,114
3.429004283,1877430,1330
3.431214771,1877560,130
3.431214771,1878874,1314
3.433431621,1879020,146
3.433431621,1880318,1298
3.435641709,1880480,162
3.435641709,1881762,1282
3.437937736,1881940,178
3.437937736,1883206,1266
3.440147824,1883400,194
3.440147824,1884650,1250
3.442357912,1884860,210
3.442357912,1886094,1234
3.444568000,1886320,226
3.444568000,1887538,1218
3.446778088,1887780,242
3.446778088,1888982,1202
3.448988176,1889240,258
3.448988176,1890426,1186
3.451198264,1890700,274
3.451198264,1891870,1170
3.454356320,1892160,290
3.454356320,1893314,1154
3.456775899,1893620,306
3.456775899,1894758,1138
3.459047743,1895080,322
3.459047743,1896202,1122
3.461319587,1896540,338
3.461319587,1897646,1106
3.463591431,1898000,354
3.463591431,1899090,1090
3.465863275,1899460,370
3.465863275,1900534,1074
3.468223460,1900920,386
3.468223460,1901978,1058
3.470495304,1902380,402
3.470495304,1903422,1042
3.472767148,1903840,418
3.472767148,1904866,1026
3.475039392,1905300,434
3.475039392,1906310,1010
3.477318198,1906760,450
3.477318198,1907754,994
3.479590042,1908220,466
3.479590042,1909198,978
3.481861886,1909680,482
3.481861886,1910642,962
3.484133730,1911140,498
3.484133730,1912086,946
3.486493915,1912600,514
3.486493915,1913530,930
3.488765759,1914060,530
3.488765759,1914974,914
3.491037603,1915520,546
3.491037603,1916418,898
3.493309447,1916980,562
3.493309447,1917862,882
3.495581291,1918440,578
3.495581291,1919306,866
3.497948838,1919900,594
3.497948838,1920750,850
3.500220682,1921360,610
3.500220682,1922194,834
3.502492526,1922820,626
3.502492526,1923638,818
3.504764370,1924280,642
3.504764370,1925082,802
3.507036214,1925740,658
3.507036214,1926526,786
3.509396399,1927200,674
3.509396399,1927970,770
3.511668243,1928660,690
3.511668243,1929414,754
3.513940087,1930120,706
3.513940087,1930858,738
3.516211931,1931580,722
3.516211931,1932302,722
3.518484175,1933040,738
3.518484175,1933746,706
3.520762981,1934500,754
3.520762981,1935190,690
3.523034825,1935960,770
3.523034825,1936634,674
3.525306669,1937420,786
3.525306669,1938078,658
3.527666854,1938880,802
3.527666854,1939522,642
3.529938698,1940340,818
3.529938698,1940966,626
3.532210542,1941800,834
3.532210542,1942410,610
3.534482386,1943260,850
3.534482386,1943854,594
3.536754230,1944720,866
3.536754230,1945298,578
3.539114815,1946180,882
3.539114815,1946742,562
3.541393621,1947640,898
3.541393621,1948186,546
3.543665465,1949100,914
3.543665465,1949630,530
3.545937309,1950560,930
3.545937309,1951074,514
3.548209153,1952020,946
3.548209153,1952518,498
3.550480997,1953480,962
3.550480997,1953962,482
3.552752841,1954940,978
3.552752841,1955406,466
3.555021405,1956400,994
3.555021405,1956850,450
3.555270561,1957860,1010
3.555270561,1958294,434
3.557432375,1959320,1026
3.557432375,1959738,418
3.559594589,1960780,1042
3.559594589,1961182,402
3.561763009,1962240,1058
3.561763009,1962626,386
3.563924823,1963700,1074
3.563924823,1964070,370
3.566170699,1965160,1090
3.566170699,1965514,354
3.568332513,1966620,1106
3.568332513,1966958,338
3.570494327,1968080,1122
3.570494327,1968402,322
3.572656141,1969540,1138
3.572656141,1969846,306
3.574817955,1971000,1154
3.574817955,1971290,290
3.576979769,1972460,1170
3.576979769,1972734,274
3.579141583,1973920,1186
3.579141583,1974178,258
3.581303797,1975380,1202
3.581303797,1975622,242
3.583556279,1976840,1218
3.583556279,1977066,226
3.585718093,1978300,1234
3.585718093,1978510,210
3.587879907,1979760,1250
3.587879907,1979954,194
3.590041721,1981220,1266
3.590041721,1981398,178
3.592203535,1982680,1282
3.592203535,1982842,162
3.594449411,1984140,1298
3.594449411,1984286,146
3.596611225,1985600,1314
3.596611225,1985730,130
3.598773039,1987060,1330
3.598773039,1987174,114
3.600935253,1988520,1346
3.600935253,1988618,98
3.603103673,1989980,1362
3.603103673,1990062,82
3.605349549,1991440,1378
3.605349549,1991506,66
3.607511283,1992900,1394
3.607511283,1992950,50
3.609671696,1994360,1410
3.609671696,1994394,34
3.611832109,1995820,1426
3.611832109,1995838,18
3.613992522,1997280,1442
3.613992522,1997282,2
3.616153015,1998734,1452
3.618314829,1998740,6
3.618314829,2000179,1439
3.620476643,2000200,21
3.620476643,2001624,1424
3.622638857,2001660,36
3.622638857,2003069,1409
3.624891339,2003120,51
3.624891339,2004514,1394
3.627053153,2004580,66
3.627053153,2005958,1378
3.629214967,2006040,82
3.629214967,2007402,1362
3.631376781,2007500,98
3.631376781,2008846,1346
3.633538595,2008960,114
3.633538595,2010290,1330
3.635784471,2010420,130
3.635784471,2011734,1314
3.637946285,2011880,146
3.637946285,2013178,1298
3.640108099,2013340,162
3.640108099,2014622,1282
3.642270313,2014800,178
3.642270313,2016066,1266
3.644438733,2016260,194
3.644438733,2017510,1250
3.646600547,2017720,210
3.646600547,2018954,1234
3.648762361,2019180,226
3.648762361,2020398,1218
3.650924175,2020640,242
3.650924175,2021842,1202
3.654104820,2022100,258
3.654104820,2023286,1186
3.656237292,2023560,274
3.656237292,2024730,1170
3.658304533,2025020,290
3.658304533,2026174,1154
3.660371774,2026480,306
3.660371774,2027618,1138
3.662439015,2027940,322
3.662439015,2029062,1122
3.664593340,2029400,338
3.664593340,2030506,1106
3.666660581,2030860,354
3.666660581,2031950,1090
3.668727822,2032320,370
3.668727822,2033394,1074
3.670795063,2033780,386
3.670795063,2034838,1058
3.672862304,2035240,402
3.672862304,2036282,1042
3.674929545,2036700,418
3.674929545,2037726,1026
3.676996786,2038160,434
3.676996786,2039170,1010
3.679064027,2039620,450
3.679064027,2040614,994
3.681211653,2041080,466
3.681211653,2042058,978
3.683279294,2042540,482
3.683279294,2043502,962
3.685352834,2044000,498
3.685352834,2044946,946
3.687420075,2045460,514
3.687420075,2046390,930
3.689487316,2046920,530
3.689487316,2047834,914
3.691634942,2048380,546
3.691634942,2049278,898
3.693702183,2049840,562
3.693702183,2050722,882
3.695769424,2051300,578
3.695769424,2052166,866
3.697836665,2052760,594
3.697836665,2053610,850
3.699903906,2054220,610
3.699903906,2055054,834
3.702051932,2055680,626
3.702051932,2056498,818
3.704125472,2057140,642
3.704125472,2057942,802
3.706192713,2058600,658
3.706192713,2059386,786
3.708259954,2060060,674
3.708259954,2060830,770
3.710327195,2061520,690
3.710327195,2062274,754
3.712394436,2062980,706
3.712394436,2063718,738
3.714461677,2064440,722
3.714461677,2065162,722
3.716528918,2065900,738
3.716528918,2066606,706
3.718676544,2067360,754
3.718676544,2068050,690
3.720743785,2068820,770
3.720743785,2069494,674
3.722811426,2070280,786
3.722811426,2070938,658
3.724884966,2071740,802
3.724884966,2072382,642
3.726952207,2073200,818
3.726952207,2073826,626
3.729099833,2074660,834
3.729099833,2075270,610
3.731167074,2076120,850
3.731167074,2076714,594
3.733234315,2077580,866
3.733234315,2078158,578
3.735301556,2079040,882
3.735301556,2079602,562
3.737368797,2080500,898
3.737368797,2081046,546
3.739436038,2081960,914
3.739436038,2082490,530
3.741503279,2083420,930
3.741503279,2083934,514
3.743570920,2084880,946
3.743570920,2085378,498
3.745724845,2086340,962
3.745724845,2086822,482
3.747792086,2087800,978
3.747792086,2088266,466
3.749859327,2089260,994
3.749859327,2089710,450
3.751926568,2090720,1010
3.751926568,2091154,434
3.753990529,2092180,1026
3.753990529,2092598,418
3.754225975,2093640,1042
3.754225975,2094042,402
3.756374592,2095100,1058
3.756374592,2095486,386
3.758523209,2096560,1074
3.758523209,2096930,370
3.760672226,2098020,1090
3.760672226,2098374,354
3.762827405,2099480,1106
3.762827405,2099818,338
3.764976022,2100940,1122
3.764976022,2101262,322
3.767124639,2102400,1138
3.767124639,2102706,306
3.769273256,2103860,1154
3.769273256,2104150,290
3.771505422,2105320,1170
3.771505422,2105594,274
3.773654039,2106780,1186
3.773654039,2107038,258
3.775802656,2108240,1202
3.775802656,2108482,242
3.777951273,2109700,1218
3.777951273,2109926,226
3.780099890,2111160,1234
3.780099890,2111370,210
3.782339019,2112620,1250
3.782339019,2112814,194
3.784487636,2114080,1266
3.784487636,2114258,178
3.786636253,2115540,1282
3.786636253,2115702,162
3.788784870,2117000,1298
3.788784870,2117146,146
3.790933487,2118460,1314
3.790933487,2118590,130
3.793082104,2119920,1330
3.793082104,2120034,114
3.795314270,2121380,1346
3.795314270,2121478,98
3.797462887,2122840,1362
3.797462887,2122922,82
3.799611504,2124300,1378
3.799611504,2124366,66
3.801760441,2125760,1394
3.801760441,2125810,50
3.803914228,2127220,1410
3.803914228,2127254,34
3.806061452,2128680,1426
3.806061452,2128698,18
3.808208676,2130140,1442
3.808208676,2130142,2
3.810439529,2131594,1452
3.812588146,2131600,6
3.812588146,2133039,1439
3.814736763,2133060,21
3.814736763,2134484,1424
3.816885380,2134520,36
3.816885380,2135929,1409
3.819033997,2135980,51
3.819033997,2137374,1394
3.821266563,2137440,66
3.821266563,2138818,1378
3.823421742,2138900,82
3.823421742,2140262,1362
3.825570359,2140360,98
3.825570359,2141706,1346
3.827718976,2141820,114
3.827718976,2143150,1330
3.829867593,2143280,130
3.829867593,2144594,1314
3.832016210,2144740,146
3.832016210,2146038,1298
3.834164827,2146200,162
3.834164827,2147482,1282
3.836313444,2147660,178
3.836313444,2148926,1266
3.838545610,2149120,194
3.838545610,2150370,1250
3.840694227,2150580,210
3.840694227,2151814,1234
3.842843244,2152040,226
3.842843244,2153258,1218
3.844998423,2153500,242
3.844998423,2154702,1202
3.847147040,2154960,258
3.847147040,2156146,1186
3.849379206,2156420,274
3.849379206,2157590,1170
3.854471593,2157880,290
3.854471593,2159034,1154
3.856933796,2159340,306
3.856933796,2160478,1138
3.859339769,2160800,322
3.859339769,2161922,1122
3.861745742,2162260,338
3.861745742,2163366,1106
3.864151715,2163720,354
3.864151715,2164810,1090
3.866651645,2165180,370
3.866651645,2166254,1074
3.869065015,2166640,386
3.869065015,2167698,1058
3.871470988,2168100,402
3.871470988,2169142,1042
3.873876961,2169560,418
3.873876961,2170586,1026
3.876282934,2171020,434
3.876282934,2172030,1010
3.878688907,2172480,450
3.878688907,2173474,994
3.881094880,2173940,466
3.881094880,2174918,978
3.883594410,2175400,482
3.883594410,2176362,962
3.886000383,2176860,498
3.886000383,2177806,946
3.888406356,2178320,514
3.888406356,2179250,930
3.890812729,2179780,530
3.890812729,2180694,914
3.893226099,2181240,546
3.893226099,2182138,898
3.895632072,2182700,562
3.895632072,2183582,882
3.898131602,2184160,578
3.898131602,2185026,866
3.900537575,2185620,594
3.900537575,2186470,850
3.902943548,2187080,610
3.902943548,2187914,834
3.905349521,2188540,626
3.905349521,2189358,818
3.907755494,2190000,642
3.907755494,2190802,802
3.910161467,2191460,658
3.910161467,2192246,786
3.912567440,2192920,674
3.912567440,2193690,770
3.915074766,2194380,690
3.915074766,2195134,754
3.917480739,2195840,706
3.917480739,2196578,738
3.919886712,2197300,722
3.919886712,2198022,722
3.922292685,2198760,738
3.922292685,2199466,706
3.924698658,2200220,754
3.924698658,2200910,690
3.927198188,2201680,770
3.927198188,2202354,674
3.929604161,2203140,786
3.929604161,2203798,658
3.932010134,2204600,802
3.932010134,2205242,642
3.934416107,2206060,818
3.934416107,2206686,626
3.936822480,2207520,834
3.936822480,2208130,610
3.939235850,2208980,850
3.939235850,2209574,594
3.941641823,2210440,866
3.941641823,2211018,578
3.944047796,2211900,882
3.944047796,2212462,562
3.946547326,2213360,898
3.946547326,2213906,546
3.948953299,2214820,914
3.948953299,2215350,530
3.951359272,2216280,930
3.951359272,2216794,514
3.953761965,2217740,946
3.953761965,2218238,498
3.954056987,2219200,962
3.954056987,2219682,482
3.956348729,2220660,978
3.956348729,2221126,466
3.958737012,2222120,994
3.958737012,2222570,450
3.961028754,2223580,1010
3.961028754,2224014,434
3.963320496,2225040,1026
3.963320496,2225458,418
3.965612238,2226500,1042
3.965612238,2226902,402
3.967903980,2227960,1058
3.967903980,2228346,386
3.970195722,2229420,1074
3.970195722,2229790,370
3.972576579,2230880,1090
3.972576579,2231234,354
3.974868321,2232340,1106
3.974868321,2232678,338
3.977160063,2233800,1122
3.977160063,2234122,322
3.979452205,2235260,1138
3.979452205,2235566,306
3.981750973,2236720,1154
3.981750973,2237010,290
3.984042715,2238180,1170
3.984042715,2238454,274
3.986334457,2239640,1186
3.986334457,2239898,258
3.988715314,2241100,1202
3.988715314,2241342,242
3.991007056,2242560,1218
3.991007056,2242786,226
3.993298798,2244020,1234
3.993298798,2244230,210
3.995590540,2245480,1250
3.995590540,2245674,194
3.997882282,2246940,1266
3.997882282,2247118,178
4.000263539,2248400,1282
4.000263539,2248562,162
4.002562307,2249860,1298
4.002562307,2250006,146
4.004854049,2251320,1314
4.004854049,2251450,130
4.007145791,2252780,1330
4.007145791,2252894,114
4.009437533,2254240,1346
4.009437533,2254338,98
4.011729275,2255700,1362
4.011729275,2255782,82
4.014021017,2257160,1378
4.014021017,2257226,66
4.016312679,2258620,1394
4.016312679,2258670,50
4.018692051,2260080,1410
4.018692051,2260114,34
4.020982308,2261540,1426
4.020982308,2261558,18
4.023272965,2263000,1442
4.023272965,2263002,2
4.025570328,2264454,1452
4.027862070,2264460,6
4.027862070,2265899,1439
4.030242927,2265920,21
4.030242927,2267344,1424
4.032534669,2267380,36
4.032534669,2268789,1409
4.034826411,2268840,51
4.034826411,2270234,1394
4.037118153,2270300,66
4.037118153,2271678,1378
4.039409895,2271760,82
4.039409895,2273122,1362
4.041701637,2273220,98
4.041701637,2274566,1346
4.043993379,2274680,114
4.043993379,2276010,1330
4.046285521,2276140,130
4.046285521,2277454,1314
4.048673404,2277600,146
4.048673404,2278898,1298
4.050965146,2279060,162
4.050965146,2280342,1282
4.054200711,2280520,178
4.054200711,2281786,1266
4.056664858,2281980,194
4.056664858,2283230,1250
4.059072828,2283440,210
4.059072828,2284674,1234
4.061574432,2284900,226
4.061574432,2286118,1218
4.063982402,2286360,242
4.063982402,2287562,1202
4.066390372,2287820,258
4.066390372,2289006,1186
4.068798742,2289280,274
4.068798742,2290450,1170
4.071214115,2290740,290
4.071214115,2291894,1154
4.073622085,2292200,306
4.073622085,2293338,1138
4.076123689,2293660,322
4.076123689,2294782,1122
4.078531659,2295120,338
4.078531659,2296226,1106
4.080939629,2296580,354
4.080939629,2297670,1090
4.083347599,2298040,370
4.083347599,2299114,1074
4.085755569,2299500,386
4.085755569,2300558,1058
4.088163539,2300960,402
4.088163539,2302002,1042
4.090571509,2302420,418
4.090571509,2303446,1026
4.093080916,2303880,434
4.093080916,2304890,1010
4.095488886,2305340,450
4.095488886,2306334,994
4.097896856,2306800,466
4.097896856,2307778,978
4.100304826,2308260,482
4.100304826,2309222,962
4.102712796,2309720,498
4.102712796,2310666,946
4.105214400,2311180,514
4.105214400,2312110,930
4.107622370,2312640,530
4.107622370,2313554,914
4.110030340,2314100,546
4.110030340,2314998,898
4.112438310,2315560,562
4.112438310,2316442,882
4.114846680,2317020,578
4.114846680,2317886,866
4.117262053,2318480,594
4.117262053,2319330,850
4.119670023,2319940,610
4.119670023,2320774,834
4.122077993,2321400,626
4.122077993,2322218,818
4.124579597,2322860,642
4.124579597,2323662,802
4.126987567,2324320,658
4.126987567,2325106,786
4.129395537,2325780,674
4.129395537,2326550,770
4.131803507,2327240,690
4.131803507,2327994,754
4.134211477,2328700,706
4.134211477,2329438,738
4.136713481,2330160,722
4.136713481,2330882,722
4.139128854,2331620,738
4.139128854,2332326,706
4.141536824,2333080,754
4.141536824,2333770,690
4.143944794,2334540,770
4.143944794,2335214,674
4.146352764,2336000,786
4.146352764,2336658,658
4.148760734,2337460,802
4.148760734,2338102,642
4.151168704,2338920,818
4.151168704,2339546,626
4.155512576,2340380,834
4.155512576,2340990,610
4.157768590,2341840,850
4.157768590,2342434,594
4.159878463,2343300,866
4.159878463,2343878,578
4.161988736,2344760,882
4.161988736,2345322,562
4.164105046,2346220,898
4.164105046,2346766,546
4.166214919,2347680,914
4.166214919,2348210,530
4.168406835,2349140,930
4.168406835,2349654,514
4.170516708,2350600,946
4.170516708,2351098,498
4.172626581,2352060,962
4.172626581,2352542,482
4.174736454,2353520,978
4.174736454,2353986,466
4.176846327,2354980,994
4.176846327,2355430,450
4.178956200,2356440,1010
4.178956200,2356874,434
4.181148516,2357900,1026
4.181148516,2358318,418
4.183264826,2359360,1042
4.183264826,2359762,402
4.185374699,2360820,1058
4.185374699,2361206,386
4.187484572,2362280,1074
4.187484572,2362650,370
4.189594445,2363740,1090
4.189594445,2364094,354
4.191704318,2365200,1106
4.191704318,2365538,338
4.193814191,2366660,1122
4.193814191,2366982,322
4.196006107,2368120,1138
4.196006107,2368426,306
4.198115980,2369580,1154
4.198115980,2369870,290
4.200225853,2371040,1170
4.200225853,2371314,274
4.202336126,2372500,1186
4.202336126,2372758,258
4.204452436,2373960,1202
4.204452436,2374202,242
4.206644352,2375420,1218
4.206644352,2375646,226
4.208754225,2376880,1234
4.208754225,2377090,210
4.210864098,2378340,1250
4.210864098,2378534,194
4.212973971,2379800,1266
4.212973971,2379978,178
4.215083844,2381260,1282
4.215083844,2381422,162
4.217193717,2382720,1298
4.217193717,2382866,146
4.219303590,2384180,1314
4.219303590,2384310,130
4.221413463,2385640,1330
4.221413463,2385754,114
4.223612215,2387100,1346
4.223612215,2387198,98
4.225722088,2388560,1362
4.225722088,2388642,82
4.227831961,2390020,1378
4.227831961,2390086,66
4.229941754,2391480,1394
4.229941754,2391530,50
4.232050260,2392940,1410
4.232050260,2392974,34
4.234240809,2394400,1426
4.234240809,2394418,18
4.236349315,2395860,1442
4.236349315,2395862,2
4.238457901,2397314,1452
4.240567774,2397320,6
4.240567774,2398759,1439
4.242678047,2398780,21
4.242678047,2400204,1424
4.244794357,2400240,36
4.244794357,2401649,1409
4.246904230,2401700,51
4.246904230,2403094,1394
4.249014103,2403160,66
4.249014103,2404538,1378
4.251206019,2404620,82
4.251206019,2405982,1362
4.253315892,2406080,98
4.253315892,2407426,1346
4.255422485,2407540,114
4.255422485,2410314,2774
4.256354025,2410460,146
4.256354025,2411758,1298
4.258914373,2411920,162
4.258914373,2413202,1282
4.261386088,2413380,178
4.261386088,2414646,1266
4.263850218,2414840,194
4.263850218,2416090,1250
4.266314348,2416300,210
4.266314348,2417534,1234
4.268778478,2417760,226
4.268778478,2418978,1218
4.271242608,2419220,242
4.271242608,2420422,1202
4.273802556,2420680,258
4.273802556,2421866,1186
4.276266686,2422140,274
4.276266686,2423310,1170
4.278730816,2423600,290
4.278730816,2424754,1154
4.281194946,2425060,306
4.281194946,2426198,1138
4.283659476,2426520,322
4.283659476,2427642,1122
4.286131191,2427980,338
4.286131191,2429086,1106
4.288595321,2429440,354
4.288595321,2430530,1090
4.291155269,2430900,370
4.291155269,2431974,1074
4.293619399,2432360,386
4.293619399,2433418,1058
4.296083529,2433820,402
4.296083529,2434862,1042
4.298547659,2435280,418
4.298547659,2436306,1026
4.301011789,2436740,434
4.301011789,2437750,1010
4.303475919,2438200,450
4.303475919,2439194,994
4.306036267,2439660,466
4.306036267,2440638,978
4.308507982,2441120,482
4.308507982,2442082,962
4.310972112,2442580,498
4.310972112,2443526,946
4.313436242,2444040,514
4.313436242,2444970,930
4.315900372,2445500,530
4.315900372,2446414,914
4.318364502,2446960,546
4.318364502,2447858,898
4.320828632,2448420,562
4.320828632,2449302,882
4.323292762,2449880,578
4.323292762,2450746,866
4.325852710,2451340,594
4.325852710,2452190,850
4.328316840,2452800,610
4.328316840,2453634,834
4.330781370,2454260,626
4.330781370,2455078,818
4.333253085,2455720,642
4.333253085,2456522,802
4.335717215,2457180,658
4.335717215,2457966,786
4.338277163,2458640,674
4.338277163,2459410,770
4.340741293,2460100,690
4.340741293,2460854,754
4.343205423,2461560,706
4.343205423,2462298,738
4.345669553,2463020,722
4.345669553,2463742,722
4.348133683,2464480,738
4.348133683,2465186,706
4.354538090,2465940,754
4.354538090,2466630,690
4.356961155,2467400,770
4.356961155,2468074,674
4.359242623,2468860,786
4.359242623,2469518,658
4.361517121,2470320,802
4.361517121,2470962,642
4.363791619,2471780,818
4.363791619,2472406,626
4.366066117,2473240,834
4.366066117,2473850,610
4.368340615,2474700,850
4.368340615,2475294,594
4.370615113,2476160,866
4.370615113,2476738,578
4.372978055,2477620,882
4.372978055,2478182,562
4.375252553,2479080,898
4.375252553,2479626,546
4.377527051,2480540,914
4.377527051,2481070,530
4.379801949,2482000,930
4.379801949,2482514,514
4.382083417,2483460,946
4.382083417,2483958,498
4.384357915,2484920,962
4.384357915,2485402,482
4.386720857,2486380,978
4.386720857,2486846,466
4.388995355,2487840,994
4.388995355,2488290,450
4.391269853,2489300,1010
4.391269853,2489734,434
4.393544351,2490760,1026
4.393544351,2491178,418
4.395818849,2492220,1042
4.395818849,2492622,402
4.398093347,2493680,1058
4.398093347,2494066,386
4.400367845,2495140,1074
4.400367845,2495510,370
4.402738157,2496600,1090
4.402738157,2496954,354
4.405012655,2498060,1106
4.405012655,2498398,338
4.407287153,2499520,1122
4.407287153,2499842,322
4.409561651,2500980,1138
4.409561651,2501286,306
4.411836149,2502440,1154
4.411836149,2502730,290
4.414199091,2503900,1170
4.414199091,2504174,274
4.416473589,2505360,1186
4.416473589,2505618,258
4.418748087,2506820,1202
4.418748087,2507062,242
4.421022585,2508280,1218
4.421022585,2508506,226
4.423297483,2509740,1234
4.423297483,2509950,210
4.425578951,2511200,1250
4.425578951,2511394,194
4.427853449,2512660,1266
4.427853449,2512838,178
4.430127947,2514120,1282
4.430127947,2514282,162
4.432490889,2515580,1298
4.432490889,2515726,146
4.434765387,2517040,1314
4.434765387,2517170,130
4.437039885,2518500,1330
4.437039885,2518614,114
4.439314383,2519960,1346
4.439314383,2520058,98
4.441588881,2521420,1362
4.441588881,2521502,82
4.443952223,2522880,1378
4.443952223,2522946,66
4.446233611,2524340,1394
4.446233611,2524390,50
4.448506635,2525800,1410
4.448506635,2525834,34
4.450779659,2527260,1426
4.450779659,2527278,18
4.453052683,2528720,1442
4.453052683,2528722,2
4.455322507,2530174,1452
4.455598426,2530180,6
4.455598426,2531619,1439
4.457786001,2531640,21
4.457786001,2533064,1424
4.459973576,2533100,36
4.459973576,2534509,1409
4.462161151,2534560,51
4.462161151,2535954,1394
4.464349126,2536020,66
4.464349126,2537398,1378
4.466543390,2537480,82
4.466543390,2538842,1362
4.468730965,2538940,98
4.468730965,2540286,1346
4.471003604,2540400,114
4.471003604,2541730,1330
4.473191179,2541860,130
4.473191179,2543174,1314
4.475378754,2543320,146
4.475378754,2544618,1298
4.477566329,2544780,162
4.477566329,2546062,1282
4.479753904,2546240,178
4.479753904,2547506,1266
4.481941479,2547700,194
4.481941479,2548950,1250
4.484214518,2549160,210
4.484214518,2550394,1234
4.486408782,2550620,226
4.486408782,2551838,1218
4.488596357,2552080,242
4.488596357,2553282,1202
4.490783932,2553540,258
4.490783932,2554726,1186
4.492971507,2555000,274
4.492971507,2556170,1170
4.495159082,2556460,290
4.495159082,2557614,1154
4.497346657,2557920,306
4.497346657,2559058,1138
4.499619296,2559380,322
4.499619296,2560502,1122
4.501806871,2560840,338
4.501806871,2561946,1106
4.503994446,2562300,354
4.503994446,2563390,1090
4.506182421,2563760,370
4.506182421,2564834,1074
4.508376685,2565220,386
4.508376685,2566278,1058
4.510564260,2566680,402
4.510564260,2567722,1042
4.512836899,2568140,418
4.512836899,2569166,1026
4.515024474,2569600,434
4.515024474,2570610,1010
4.517212049,2571060,450
4.517212049,2572054,994
4.519399624,2572520,466
4.519399624,2573498,978
4.521587199,2573980,482
4.521587199,2574942,962
4.523774774,2575440,498
4.523774774,2576386,946
4.525962349,2576900,514
4.525962349,2577830,930
4.528242077,2578360,530
4.528242077,2579274,914
4.530429652,2579820,546
4.530429652,2580718,898
4.532617227,2581280,562
4.532617227,2582162,882
4.534804802,2582740,578
4.534804802,2583606,866
4.536992377,2584200,594
4.536992377,2585050,850
4.539265016,2585660,610
4.539265016,2586494,834
4.541452591,2587120,626
4.541452591,2587938,818
4.543640166,2588580,642
4.543640166,2589382,802
4.545827741,2590040,658
4.545827741,2590826,786
4.548015716,2591500,674
4.548015716,2592270,770
4.550209980,2592960,690
4.550209980,2593714,754
4.552482619,2594420,706
4.552482619,2595158,738
4.554568190,2595880,722
4.554568190,2596602,722
4.556653761,2597340,738
4.556653761,2598046,706
4.558739332,2598800,754
4.558739332,2599490,690
4.560824903,2600260,770
4.560824903,2600934,674
4.562910474,2601720,786
4.562910474,2602378,658
4.564996045,2603180,802
4.564996045,2603822,642
4.567163114,2604640,818
4.567163114,2605266,626
4.569255043,2606100,834
4.569255043,2606710,610
4.571340614,2607560,850
4.571340614,2608154,594
4.573426185,2609020,866
4.573426185,2609598,578
4.575511756,2610480,882
4.575511756,2611042,562
4.577678425,2611940,898
4.577678425,2612486,546
4.579763996,2613400,914
4.579763996,2613930,530
4.581849567,2614860,930
4.581849567,2615374,514
4.583935138,2616320,946
4.583935138,2616818,498
4.586020709,2617780,962
4.586020709,2618262,482
4.588106680,2619240,978
4.588106680,2619706,466
4.590198609,2620700,994
4.590198609,2621150,450
4.592284180,2622160,1010
4.592284180,2622594,434
4.594450849,2623620,1026
4.594450849,2624038,418
4.596536420,2625080,1042
4.596536420,2625482,402
4.598621991,2626540,1058
4.598621991,2626926,386
4.600707562,2628000,1074
4.600707562,2628370,370
4.602793133,2629460,1090
4.602793133,2629814,354
4.604878704,2630920,1106
4.604878704,2631258,338
4.607045773,2632380,1122
4.607045773,2632702,322
4.609137702,2633840,1138
4.609137702,2634146,306
4.611223273,2635300,1154
4.611223273,2635590,290
4.613308844,2636760,1170
4.613308844,2637034,274
4.615394415,2638220,1186
4.615394415,2638478,258
4.617479986,2639680,1202
4.617479986,2639922,242
4.619565557,2641140,1218
4.619565557,2641366,226
4.621732226,2642600,1234
4.621732226,2642810,210
4.623817797,2644060,1250
4.623817797,2644254,194
4.625903368,2645520,1266
4.625903368,2645698,178
4.627989339,2646980,1282
4.627989339,2647142,162
4.630081268,2648440,1298
4.630081268,2648586,146
4.632166839,2649900,1314
4.632166839,2650030,130
4.634333508,2651360,1330
4.634333508,2651474,114
4.636419079,2652820,1346
4.636419079,2652918,98
4.638504650,2654280,1362
4.638504650,2654362,82
4.640590221,2655740,1378
4.640590221,2655806,66
4.642675712,2657200,1394
4.642675712,2657250,50
4.644759931,2658660,1410
4.644759931,2658694,34
4.646925648,2660120,1426
4.646925648,2660138,18
4.649016225,2661580,1442
4.649016225,2661582,2
4.651100524,2663034,1452
4.653182815,2663040,6
4.653182815,2664479,1439
4.653556747,2664500,21
4.653556747,2665924,1424
4.655927399,2665960,36
4.655927399,2667369,1409
4.658298051,2667420,51
4.658298051,2668814,1394
4.660760886,2668880,66
4.660760886,2670258,1378
4.663131538,2670340,82
4.663131538,2671702,1362
4.665502190,2671800,98
4.665502190,2673146,1346
4.667873242,2673260,114
4.667873242,2674590,1330
4.670251176,2674720,130
4.670251176,2676034,1314
4.672621828,2676180,146
4.672621828,2677478,1298
4.675084663,2677640,162
4.675084663,2678922,1282
4.677455315,2679100,178
4.677455315,2680366,1266
4.679825967,2680560,194
4.679825967,2681810,1250
4.682196619,2682020,210
4.682196619,2683254,1234
4.684567271,2683480,226
4.684567271,2684698,1218
4.686937923,2684940,242
4.686937923,2686142,1202
4.689308575,2686400,258
4.689308575,2687586,1186
4.691779092,2687860,274
4.691779092,2689030,1170
4.694149744,2689320,290
4.694149744,2690474,1154
4.696520396,2690780,306
4.696520396,2691918,1138
4.698891048,2692240,322
4.698891048,2693362,1122
4.701261700,2693700,338
4.701261700,2694806,1106
4.703724535,2695160,354
4.703724535,2696250,1090
4.706095187,2696620,370
4.706095187,2697694,1074
4.708465839,2698080,386
4.708465839,2699138,1058
4.710836491,2699540,402
4.710836491,2700582,1042
4.713207543,2701000,418
4.713207543,2702026,1026
4.715585477,2702460,434
4.715585477,2703470,1010
4.718048312,2703920,450
4.718048312,2704914,994
4.720418964,2705380,466
4.720418964,2706358,978
4.722789616,2706840,482
4.722789616,2707802,962
4.725160268,2708300,498
4.725160268,2709246,946
4.727530920,2709760,514
4.727530920,2710690,930
4.729901572,2711220,530
4.729901572,2712134,914
4.732272224,2712680,546
4.732272224,2713578,898
4.734642876,2714140,562
4.734642876,2715022,882
4.737113393,2715600,578
4.737113393,2716466,866
4.739484045,2717060,594
4.739484045,2717910,850
4.741854697,2718520,610
4.741854697,2719354,834
4.744225349,2719980,626
4.744225349,2720798,818
4.746596001,2721440,642
4.746596001,2722242,802
4.749058836,2722900,658
4.749058836,2723686,786
4.752371398,2724360,674
4.752371398,2725130,770
4.754765441,2725820,690
4.754765441,2726574,754
4.757101394,2727280,706
4.757101394,2728018,738
4.759437747,2728740,722
4.759437747,2729462,722
4.761780869,2730200,738
4.761780869,2730906,706
4.764116822,2731660,754
4.764116822,2732350,690
4.766452775,2733120,770
4.766452775,2733794,674
4.768879562,2734580,786
4.768879562,2735238,658
4.771215515,2736040,802
4.771215515,2736682,642
4.773551468,2737500,818
4.773551468,2738126,626
4.775887421,2738960,834
4.775887421,2739570,610
4.778223374,2740420,850
4.778223374,2741014,594
4.780650561,2741880,866
4.780650561,2742458,578
4.782993683,2743340,882
4.782993683,2743902,562
4.785329636,2744800,898
4.785329636,2745346,546
4.787665589,2746260,914
4.787665589,2746790,530
4.790001542,2747720,930
4.790001542,2748234,514
4.792337495,2749180,946
4.792337495,2749678,498
4.794673448,2750640,962
4.794673448,2751122,482
4.797009401,2752100,978
4.797009401,2752566,466
4.799436188,2753560,994
4.799436188,2754010,450
4.801772141,2755020,1010
4.801772141,2755454,434
4.804108494,2756480,1026
4.804108494,2756898,418
4.806451616,2757940,1042
4.806451616,2758342,402
4.808787569,2759400,1058
4.808787569,2759786,386
4.811214356,2760860,1074
4.811214356,2761230,370
4.813550309,2762320,1090
4.813550309,2762674,354
4.815886262,2763780,1106
4.815886262,2764118,338
4.818222215,2765240,1122
4.818222215,2765562,322
4.820558168,2766700,1138
4.820558168,2767006,306
4.822984955,2768160,1154
4.822984955,2768450,290
4.825321308,2769620,1170
4.825321308,2769894,274
4.827664430,2771080,1186
4.827664430,2771338,258
4.830000383,2772540,1202
4.830000383,2772782,242
4.832336336,2774000,1218
4.832336336,2774226,226
4.834672289,2775460,1234
4.834672289,2775670,210
4.837008242,2776920,1250
4.837008242,2777114,194
4.839344195,2778380,1266
4.839344195,2778558,178
4.841770982,2779840,1282
4.841770982,2780002,162
4.844106935,2781300,1298
4.844106935,2781446,146
4.846442888,2782760,1314
4.846442888,2782890,130
4.848779241,2784220,1330
4.848779241,2784334,114
4.851122363,2785680,1346
4.851122363,2785778,98
4.852405810,2787140,1362
4.852405810,2787222,82
4.854600166,2788600,1378
4.854600166,2788666,66
4.856794442,2790060,1394
4.856794442,2790110,50
4.858987376,2791520,1410
4.858987376,2791554,34
4.861180310,2792980,1426
4.861180310,2792998,18
4.863373244,2794440,1442
4.863373244,2794442,2
4.865566258,2795894,1452
4.867760614,2795900,6
4.867760614,2797339,1439
4.870047408,2797360,21
4.870047408,2798784,1424
4.872241764,2798820,36
4.872241764,2800229,1409
4.874436120,2800280,51
4.874436120,2801674,1394
4.876630476,2801740,66
4.876630476,2803118,1378
4.878824832,2803200,82
4.878824832,2804562,1362
4.881104516,2804660,98
4.881104516,2806006,1346
4.883298872,2806120,114
4.883298872,2807450,1330
4.885493228,2807580,130
4.885493228,2808894,1314
4.887687584,2809040,146
4.887687584,2810338,1298
4.889882340,2810500,162
4.889882340,2811782,1282
4.892168735,2811960,178
4.892168735,2813226,1266
4.894363091,2813420,194
4.894363091,2814670,1250
4.896557447,2814880,210
4.896557447,2816114,1234
4.898751803,2816340,226
4.898751803,2817558,1218
4.900946159,2817800,242
4.900946159,2819002,1202
4.903140515,2819260,258
4.903140515,2820446,1186
4.905334871,2820720,274
4.905334871,2821890,1170
4.907529227,2822180,290
4.907529227,2823334,1154
4.909809311,2823640,306
4.909809311,2824778,1138
4.912010378,2825100,322
4.912010378,2826222,1122
4.914204734,2826560,338
4.914204734,2827666,1106
4.916399090,2828020,354
4.916399090,2829110,1090
4.918593446,2829480,370
4.918593446,2830554,1074
4.920873130,2830940,386
4.920873130,2831998,1058
4.923067486,2832400,402
4.923067486,2833442,1042
4.925261842,2833860,418
4.925261842,2834886,1026
4.927456198,2835320,434
4.927456198,2836330,1010
4.929650554,2836780,450
4.929650554,2837774,994
4.931845310,2838240,466
4.931845310,2839218,978
4.934046377,2839700,482
4.934046377,2840662,962
4.936240733,2841160,498
4.936240733,2842106,946
4.938520417,2842620,514
4.938520417,2843550,930
4.940714773,2844080,530
4.940714773,2844994,914
4.942909129,2845540,546
4.942909129,2846438,898
4.945103485,2847000,562
4.945103485,2847882,882
4.947297841,2848460,578
4.947297841,2849326,866
4.949577525,2849920,594
4.949577525,2850770,850
4.951772281,2851380,610
4.951772281,2852214,834
4.953849503,2852840,626
4.953849503,2853658,818
4.955920414,2854300,642
4.955920414,2855102,802
4.957991325,2855760,658
4.957991325,2856546,786
4.960062236,2857220,674
4.960062236,2857990,770
4.962133147,2858680,690
4.962133147,2859434,754
4.964204058,2860140,706
4.964204058,2860878,738
4.966355497,2861600,722
4.966355497,2862322,722
4.968426408,2863060,738
4.968426408,2863766,706
4.970497319,2864520,754
4.970497319,2865210,690
4.972568630,2865980,770
4.972568630,2866654,674
4.974645852,2867440,786
4.974645852,2868098,658
4.976797291,2868900,802
4.976797291,2869542,642
4.978868202,2870360,818
4.978868202,2870986,626
4.980939113,2871820,834
4.980939113,2872430,610
4.983010024,2873280,850
4.983010024,2873874,594
4.985080935,2874740,866
4.985080935,2875318,578
4.987232374,2876200,882
4.987232374,2876762,562
4.989303285,2877660,898
4.989303285,2878206,546
4.991374596,2879120,914
4.991374596,2879650,530
4.993451818,2880580,930
4.993451818,2881094,514
4.995522729,2882040,946
4.995522729,2882538,498
4.997593640,2883500,962
4.997593640,2883982,482
4.999664551,2884960,978
4.999664551,2885426,466
5.001735462,2886420,994
5.001735462,2886870,450
5.003806373,2887880,1010
5.003806373,2888314,434
5.005957812,2889340,1026
5.005957812,2889758,418
5.008028723,2890800,1042
5.008028723,2891202,402
5.010099634,2892260,1058
5.010099634,2892646,386
5.012170945,2893720,1074
5.012170945,2894090,370
5.014248167,2895180,1090
5.014248167,2895534,354
5.016399606,2896640,1106
5.016399606,2896978,338
5.018470517,2898100,1122
5.018470517,2898422,322
5.020541428,2899560,1138
5.020541428,2899866,306
5.022612339,2901020,1154
5.022612339,2901310,290
5.024683250,2902480,1170
5.024683250,2902754,274
5.026754161,2903940,1186
5.026754161,2904198,258
5.028825072,2905400,1202
5.028825072,2905642,242
5.030895983,2906860,1218
5.030895983,2907086,226
5.033054132,2908320,1234
5.033054132,2908530,210
5.035125043,2909780,1250
5.035125043,2909974,194
5.037195954,2911240,1266
5.037195954,2911418,178
5.039266865,2912700,1282
5.039266865,2912862,162
5.041337776,2914160,1298
5.041337776,2914306,146
5.043489215,2915620,1314
5.043489215,2915750,130
5.045560126,2917080,1330
5.045560126,2917194,114
5.047631037,2918540,1346
5.047631037,2918638,98
5.049701948,2920000,1362
5.049701948,2920082,82
5.054725129,2921460,1378
5.054725129,2921526,66
5.057196770,2922920,1394
5.057196770,2922970,50
5.059611366,2924380,1410
5.059611366,2924414,34
5.062025962,2925840,1426
5.062025962,2925858,18
5.064534511,2927300,1442
5.064534511,2927302,2
5.066949187,2928754,1452
5.069365349,2928760,6
5.069365349,2930199,1439
5.071781511,2930220,21
5.071781511,2931644,1424
5.074197673,2931680,36
5.074197673,2933089,1409
5.076708188,2933140,51
5.076708188,2934534,1394
5.079131779,2934600,66
5.079131779,2935978,1378
5.081547941,2936060,82
5.081547941,2937422,1362
5.083964103,2937520,98
5.083964103,2938866,1346
5.086380265,2938980,114
5.086380265,2940310,1330
5.088890380,2940440,130
5.088890380,2941754,1314
5.091306542,2941900,146
5.091306542,2943198,1298
5.093722704,2943360,162
5.093722704,2944642,1282
5.096138866,2944820,178
5.096138866,2946086,1266
5.098555028,2946280,194
5.098555028,2947530,1250
5.100971590,2947740,210
5.100971590,2948974,1234
5.103395181,2949200,226
5.103395181,2950418,1218
5.105811343,2950660,242
5.105811343,2951862,1202
5.108321458,2952120,258
5.108321458,2953306,1186
5.110737620,2953580,274
5.110737620,2954750,1170
5.113153782,2955040,290
5.113153782,2956194,1154
5.115569944,2956500,306
5.115569944,2957638,1138
5.117986106,2957960,322
5.117986106,2959082,1122
5.120496221,2959420,338
5.120496221,2960526,1106
5.122912783,2960880,354
5.122912783,2961970,1090
5.125336374,2962340,370
5.125336374,2963414,1074
5.127752536,2963800,386
5.127752536,2964858,1058
5.130168698,2965260,402
5.130168698,2966302,1042
5.132584860,2966720,418
5.132584860,2967746,1026
5.135001022,2968180,434
5.135001022,2969190,1010
5.137417184,2969640,450
5.137417184,2970634,994
5.139927299,2971100,466
5.139927299,2972078,978
5.142343461,2972560,482
5.142343461,2973522,962
5.144759623,2974020,498
5.144759623,2974966,946
5.147176185,2975480,514
5.147176185,2976410,930
5.149599776,2976940,530
5.149599776,2977854,914
5.152109891,2978400,546
5.152109891,2979298,898
5.154526053,2979860,562
5.154526053,2980742,882
5.156792126,2981320,578
5.156792126,2982186,866
5.159058199,2982780,594
5.159058199,2983630,850
5.161324272,2984240,610
5.161324272,2985074,834
5.163590345,2985700,626
5.163590345,2986518,818
5.165856418,2987160,642
5.165856418,2987962,802
5.168122491,2988620,658
5.168122491,2989406,786
5.170484024,2990080,674
5.170484024,2990850,770
5.172750097,2991540,690
5.172750097,2992294,754
5.175016170,2993000,706
5.175016170,2993738,738
5.177282243,2994460,722
5.177282243,2995182,722
5.179548316,2995920,738
5.179548316,2996626,706
5.181902505,2997380,754
5.181902505,2998070,690
5.184168578,2998840,770
5.184168578,2999514,674
5.186434651,3000300,786
5.186434651,3000958,658
5.188700724,3001760,802
5.188700724,3002402,642
5.190967197,3003220,818
5.190967197,3003846,626
5.193328329,3004680,834
5.193328329,3005290,610
5.195594402,3006140,850
5.195594402,3006734,594
5.197860475,3007600,866
5.197860475,3008178,578
5.200126548,3009060,882
5.200126548,3009622,562
5.202392621,3010520,898
5.202392621,3011066,546
5.204658694,3011980,914
5.204658694,3012510,530
5.206924767,3013440,930
5.206924767,3013954,514
5.209190840,3014900,946
5.209190840,3015398,498
5.211545429,3016360,962
5.211545429,3016842,482
5.213818445,3017820,978
5.213818445,3018286,466
5.216084518,3019280,994
5.216084518,3019730,450
5.218350591,3020740,1010
5.218350591,3021174,434
5.220616664,3022200,1026
5.220616664,3022618,418
5.222970853,3023660,1042
5.222970853,3024062,402
5.225236926,3025120,1058
5.225236926,3025506,386
5.227502999,3026580,1074
5.227502999,3026950,370
5.229769072,3028040,1090
5.229769072,3028394,354
5.232035145,3029500,1106
5.232035145,3029838,338
5.234301618,3030960,1122
5.234301618,3031282,322
5.236574634,3032420,1138
5.236574634,3032726,306
5.238840707,3033880,1154
5.238840707,3034170,290
5.241194896,3035340,1170
5.241194896,3035614,274
5.243460969,3036800,1186
5.243460969,3037058,258
5.245727042,3038260,1202
5.245727042,3038502,242
5.247993115,3039720,1218
5.247993115,3039946,226
5.250259188,3041180,1234
5.250259188,3041390,210
5.252613377,3042640,1250
5.252613377,3042834,194
5.255826268,3044100,1266
5.255826268,3044278,178
5.258119964,3045560,1282
5.258119964,3045722,162
5.260353241,3047020,1298
5.260353241,3047166,146
5.262586518,3048480,1314
5.262586518,3048610,130
5.264819795,3049940,1330
5.264819795,3050054,114
5.267053072,3051400,1346
5.267053072,3051498,98
5.269286349,3052860,1362
5.269286349,3052942,82
5.271606467,3054320,1378
5.271606467,3054386,66
5.273839664,3055780,1394
5.273839664,3055830,50
5.276071494,3057240,1410
5.276071494,3057274,34
5.278303724,3058700,1426
5.278303724,3058718,18
5.280542391,3060160,1442
5.280542391,3060162,2
5.282861142,3061614,1452
5.285094419,3061620,6
5.285094419,3063059,1439
5.287327696,3063080,21
5.287327696,3064504,1424
5.289560973,3064540,36
5.289560973,3065949,1409
5.291794250,3066000,51
5.291794250,3067394,1394
5.294114368,3067460,66
5.294114368,3068838,1378
5.296347645,3068920,82
5.296347645,3070282,1362
5.298581322,3070380,98
5.298581322,3071726,1346
5.300821436,3071840,114
5.300821436,3073170,1330
5.303054713,3073300,130
5.303054713,3074614,1314
5.305287990,3074760,146
5.305287990,3076058,1298
5.307521267,3076220,162
5.307521267,3077502,1282
5.309754544,3077680,178
5.309754544,3078946,1266
5.312074662,3079140,194
5.312074662,3080390,1250
5.314307939,3080600,210
5.314307939,3081834,1234
5.316541216,3082060,226
5.316541216,3083278,1218
5.318774493,3083520,242
5.318774493,3084722,1202
5.321008170,3084980,258
5.321008170,3086166,1186
5.323335125,3086440,274
5.323335125,3087610,1170
5.325568402,3087900,290
5.325568402,3089054,1154
5.327801679,3089360,306
5.327801679,3090498,1138
5.330034956,3090820,322
5.330034956,3091942,1122
5.332268233,3092280,338
5.332268233,3093386,1106
5.334501510,3093740,354
5.334501510,3094830,1090
5.336734787,3095200,370
5.336734787,3096274,1074
5.338968064,3096660,386
5.338968064,3097718,1058
5.341288582,3098120,402
5.341288582,3099162,1042
5.343528696,3099580,418
5.343528696,3100606,1026
5.345761973,3101040,434
5.345761973,3102050,1010
5.347995250,3102500,450
5.347995250,3103494,994
5.350228527,3103960,466
5.350228527,3104938,978
5.352548645,3105420,482
5.352548645,3106382,962
5.354778642,3106880,498
5.354778642,3109270,2390
5.355617840,3109800,530
5.355617840,3110714,914
5.358035799,3111260,546
5.358035799,3112158,898
5.360454158,3112720,562
5.360454158,3113602,882
5.362973575,3114180,578
5.362973575,3115046,866
5.365391534,3115640,594
5.365391534,3116490,850
5.367809493,3117100,610
5.367809493,3117934,834
5.370227452,3118560,626
5.370227452,3119378,818
5.372645411,3120020,642
5.372645411,3120822,802
5.375063370,3121480,658
5.375063370,3122266,786
5.377481329,3122940,674
5.377481329,3123710,770
5.379899288,3124400,690
5.379899288,3125154,754
5.382411670,3125860,706
5.382411670,3126598,738
5.384837064,3127320,722
5.384837064,3128042,722
5.387255023,3128780,738
5.387255023,3129486,706
5.389672982,3130240,754
5.389672982,3130930,690
5.392090941,3131700,770
5.392090941,3132374,674
5.394602923,3133160,786
5.394602923,3133818,658
5.397020882,3134620,802
5.397020882,3135262,642
5.399438841,3136080,818
5.399438841,3136706,626
5.401856800,3137540,834
5.401856800,3138150,610
5.404274759,3139000,850
5.404274759,3139594,594
5.406693118,3140460,866
5.406693118,3141038,578
5.409118512,3141920,882
5.409118512,3142482,562
5.411536471,3143380,898
5.411536471,3143926,546
5.414048453,3144840,914
5.414048453,3145370,530
5.416466412,3146300,930
5.416466412,3146814,514
5.418884371,3147760,946
5.418884371,3148258,498
5.421302330,3149220,962
5.421302330,3149702,482
5.423720289,3150680,978
5.423720289,3151146,466
5.426232271,3152140,994
5.426232271,3152590,450
5.428650630,3153600,1010
5.428650630,3154034,434
5.431076024,3155060,1026
5.431076024,3155478,418
5.433493983,3156520,1042
5.433493983,3156922,402
5.435911942,3157980,1058
5.435911942,3158366,386
5.438329901,3159440,1074
5.438329901,3159810,370
5.440747860,3160900,1090
5.440747860,3161254,354
5.443165819,3162360,1106
5.443165819,3162698,338
5.445677801,3163820,1122
5.445677801,3164142,322
5.448095760,3165280,1138
5.448095760,3165586,306
5.453450688,3166740,1154
5.453450688,3167030,290
5.455664123,3168200,1170
5.455664123,3168474,274
5.457820694,3169660,1186
5.457820694,3169918,258
5.460054301,3171120,1202
5.460054301,3171362,242
5.462204305,3172580,1218
5.462204305,3172806,226
5.464354309,3174040,1234
5.464354309,3174250,210
5.466504313,3175500,1250
5.466504313,3175694,194
5.468654317,3176960,1266
5.468654317,3177138,178
5.470887924,3178420,1282
5.470887924,3178582,162
5.473037928,3179880,1298
5.473037928,3180026,146
5.475188332,3181340,1314
5.475188332,3181470,130
5.477344903,3182800,1330
5.477344903,3182914,114
5.479494907,3184260,1346
5.479494907,3184358,98
5.481644911,3185720,1362
5.481644911,3185802,82
5.483794915,3187180,1378
5.483794915,3187246,66
5.485944839,3188640,1394
5.485944839,3188690,50
5.488177052,3190100,1410
5.488177052,3190134,34
5.490325662,3191560,1426
5.490325662,3191578,18
5.492474272,3193020,1442
5.492474272,3193022,2
5.494622962,3194474,1452
5.496773366,3194480,6
5.496773366,3195919,1439
5.499013540,3195940,21
5.499013540,3197364,1424
5.501163544,3197400,36
5.501163544,3198809,1409
5.503313548,3198860,51
5.503313548,3200254,1394
5.505463552,3200320,66
5.505463552,3201698,1378
5.507613556,3201780,82
5.507613556,3203142,1362
5.509763560,3203240,98
5.509763560,3204586,1346
5.511913564,3204700,114
5.511913564,3206030,1330
5.514063568,3206160,130
5.514063568,3207474,1314
5.516297575,3207620,146
5.516297575,3208918,1298
5.518454146,3209080,162
5.518454146,3210362,1282
5.520604150,3210540,178
5.520604150,3211806,1266
5.522754154,3212000,194
5.522754154,3213250,1250
5.524904158,3213460,210
5.524904158,3214694,1234
5.527137765,3214920,226
5.527137765,3216138,1218
5.529287769,3216380,242
5.529287769,3217582,1202
5.531437773,3217840,258
5.531437773,3219026,1186
5.533587777,3219300,274
5.533587777,3220470,1170
5.535737781,3220760,290
5.535737781,3221914,1154
5.537888185,3222220,306
5.537888185,3223358,1138
5.540044756,3223680,322
5.540044756,3224802,1122
5.542194760,3225140,338
5.542194760,3226246,1106
5.544428367,3226600,354
5.544428367,3227690,1090
5.546578371,3228060,370
5.546578371,3229134,1074
5.548728375,3229520,386
5.548728375,3230578,1058
5.550878379,3230980,402
5.550878379,3232022,1042
5.553028383,3232440,418
5.553028383,3233466,1026
5.556347275,3233900,434
5.556347275,3234910,1010
5.558585292,3235360,450
5.558585292,3236354,994
5.560829759,3236820,466
5.560829759,3237798,978
5.563067376,3238280,482
5.563067376,3239242,962
5.565304993,3239740,498
5.565304993,3240686,946
5.567629620,3241200,514
5.567629620,3242130,930
5.569867237,3242660,530
5.569867237,3243574,914
5.572104854,3244120,546
5.572104854,3245018,898
5.574342471,3245580,562
5.574342471,3246462,882
5.576580088,3247040,578
5.576580088,3247906,866
5.578817705,3248500,594
5.578817705,3249350,850
5.581055722,3249960,610
5.581055722,3250794,834
5.583300189,3251420,626
5.583300189,3252238,818
5.585624816,3252880,642
5.585624816,3253682,802
5.587862433,3254340,658
5.587862433,3255126,786
5.590100050,3255800,674
5.590100050,3256570,770
5.592337667,3257260,690
5.592337667,3258014,754
5.594575284,3258720,706
5.594575284,3259458,738
5.596899911,3260180,722
5.596899911,3260902,722
5.599137528,3261640,738
5.599137528,3262346,706
5.601375545,3263100,754
5.601375545,3263790,690
5.603620012,3264560,770
5.603620012,3265234,674
5.605857629,3266020,786
5.605857629,3266678,658
5.608095246,3267480,802
5.608095246,3268122,642
5.610332863,3268940,818
5.610332863,3269566,626
5.612570480,3270400,834
5.612570480,3271010,610
5.614895107,3271860,850
5.614895107,3272454,594
5.617132724,3273320,866
5.617132724,3273898,578
5.619370341,3274780,882
5.619370341,3275342,562
5.621607958,3276240,898
5.621607958,3276786,546
5.623845975,3277700,914
5.623845975,3278230,530
5.626177452,3279160,930
5.626177452,3279674,514
5.628415069,3280620,946
5.628415069,3281118,498
5.630652686,3282080,962
5.630652686,3282562,482
5.632890303,3283540,978
5.632890303,3284006,466
5.635127920,3285000,994
5.635127920,3285450,450
5.637365537,3286460,1010
5.637365537,3286894,434
5.639603154,3287920,1026
5.639603154,3288338,418
5.641840771,3289380,1042
5.641840771,3289782,402
5.644165798,3290840,1058
5.644165798,3291226,386
5.646410265,3292300,1074
5.646410265,3292670,370
5.648647882,3293760,1090
5.648647882,3294114,354
5.650885499,3295220,1106
5.650885499,3295558,338
5.653123116,3296680,1122
5.653123116,3297002,322
5.655444463,3298140,1138
5.655444463,3299890,1750
5.656853127,3301060,1170
5.656853127,3301334,274
5.659055819,3302520,1186
5.659055819,3302778,258
5.661258511,3303980,1202
5.661258511,3304222,242
5.663553993,3305440,1218
5.663553993,3305666,226
5.665756685,3306900,1234
5.665756685,3307110,210
5.667959377,3308360,1250
5.667959377,3308554,194
5.670162069,3309820,1266
5.670162069,3309998,178
5.672364761,3311280,1282
5.672364761,3311442,162
5.674567453,3312740,1298
5.674567453,3312886,146
5.676770145,3314200,1314
5.676770145,3314330,130
5.678972837,3315660,1330
5.678972837,3315774,114
5.681261181,3317120,1346
5.681261181,3317218,98
5.683464273,3318580,1362
5.683464273,3318662,82
5.685673702,3320040,1378
5.685673702,3320106,66
5.687876314,3321500,1394
5.687876314,3321550,50
5.690077578,3322960,1410
5.690077578,3322994,34
5.692364494,3324420,1426
5.692364494,3324438,18
5.694565758,3325880,1442
5.694565758,3325882,2
5.696767102,3327334,1452
5.698969794,3327340,6
5.698969794,3328779,1439
5.701172486,3328800,21
5.701172486,3330224,1424
5.703375178,3330260,36
5.703375178,3331669,1409
5.705578270,3331720,51
5.705578270,3333114,1394
5.707787699,3333180,66
5.707787699,3334558,1378
5.710076043,3334640,82
5.710076043,3336002,1362
5.712278735,3336100,98
5.712278735,3337446,1346
5.714481427,3337560,114
5.714481427,3338890,1330
5.716684119,3339020,130
5.716684119,3340334,1314
5.718886811,3340480,146
5.718886811,3341778,1298
5.721089503,3341940,162
5.721089503,3343222,1282
5.723377847,3343400,178
5.723377847,3344666,1266
5.725580939,3344860,194
5.725580939,3346110,1250
5.727790368,3346320,210
5.727790368,3347554,1234
5.729993060,3347780,226
5.729993060,3348998,1218
5.732195752,3349240,242
5.732195752,3350442,1202
5.734484096,3350700,258
5.734484096,3351886,1186
5.736686788,3352160,274
5.736686788,3353330,1170
5.738889480,3353620,290
5.738889480,3354774,1154
5.741092172,3355080,306
5.741092172,3356218,1138
5.743294864,3356540,322
5.743294864,3357662,1122
5.745497556,3358000,338
5.745497556,3359106,1106
5.747700648,3359460,354
5.747700648,3360550,1090
5.749910077,3360920,370
5.749910077,3361994,1074
5.752198421,3362380,386
5.752198421,3363438,1058
5.754287201,3363840,402
5.754287201,3364882,1042
5.756375981,3365300,418
5.756375981,3366326,1026
5.758464761,3366760,434
5.758464761,3367770,1010
5.760553541,3368220,450
5.760553541,3369214,994
5.762723543,3369680,466
5.762723543,3370658,978
5.764812323,3371140,482
5.764812323,3372102,962
5.766901503,3372600,498
5.766901503,3373546,946
5.768996651,3374060,514
5.768996651,3374990,930
5.771085431,3375520,530
5.771085431,3376434,914
5.773174211,3376980,546
5.773174211,3377878,898
5.775262991,3378440,562
5.775262991,3379322,882
5.777351771,3379900,578
5.777351771,3380766,866
5.779521773,3381360,594
5.779521773,3382210,850
5.781610553,3382820,610
5.781610553,3383654,834
5.783699333,3384280,626
5.783699333,3385098,818
5.785788113,3385740,642
5.785788113,3386542,802
5.787877293,3387200,658
5.787877293,3387986,786
5.790053663,3388660,674
5.790053663,3389430,770
5.792142443,3390120,690
5.792142443,3390874,754
5.794231223,3391580,706
5.794231223,3392318,738
5.796320003,3393040,722
5.796320003,3393762,722
5.798408783,3394500,738
5.798408783,3395206,706
5.800497563,3395960,754
5.800497563,3396650,690
5.802586343,3397420,770
5.802586343,3398094,674
5.804675123,3398880,786
5.804675123,3399538,658
5.806845525,3400340,802
5.806845525,3400982,642
5.808940673,3401800,818
5.808940673,3402426,626
5.811029453,3403260,834
5.811029453,3403870,610
5.813118233,3404720,850
5.813118233,3405314,594
5.815207013,3406180,866
5.815207013,3406758,578
5.817377015,3407640,882
5.817377015,3408202,562
5.819465795,3409100,898
5.819465795,3409646,546
5.821554575,3410560,914
5.821554575,3411090,530
5.823643355,3412020,930
5.823643355,3412534,514
5.825732135,3413480,946
5.825732135,3413978,498
5.827821315,3414940,962
5.827821315,3415422,482
5.829916463,3416400,978
5.829916463,3416866,466
5.832005243,3417860,994
5.832005243,3418310,450
5.834175245,3419320,1010
5.834175245,3419754,434
5.836264025,3420780,1026
5.836264025,3421198,418
5.838352805,3422240,1042
5.838352805,3422642,402
5.840441585,3423700,1058
5.840441585,3424086,386
5.842530365,3425160,1074
5.842530365,3425530,370
5.844700367,3426620,1090
5.844700367,3426974,354
5.846789547,3428080,1106
5.846789547,3428418,338
5.848884695,3429540,1122
5.848884695,3429862,322
5.850973475,3431000,1138
5.850973475,3431306,306
5.853062255,3432460,1154
5.853062255,3432750,290
5.855399792,3433920,1170
5.855399792,3434194,274
5.857649836,3435380,1186
5.857649836,3435638,258
5.859899880,3436840,1202
5.859899880,3437082,242
5.862149924,3438300,1218
5.862149924,3438526,226
5.864399968,3439760,1234
5.864399968,3439970,210
5.866650012,3441220,1250
5.866650012,3441414,194
5.868900456,3442680,1266
5.868900456,3442858,178
5.871157391,3444140,1282
5.871157391,3444302,162
5.873494928,3445600,1298
5.873494928,3445746,146
5.875744972,3447060,1314
5.875744972,3447190,130
5.877995016,3448520,1330
5.877995016,3448634,114
5.880245060,3449980,1346
5.880245060,3450078,98
5.882495104,3451440,1362
5.882495104,3451522,82
5.884832641,3452900,1378
5.884832641,3452966,66
5.887082605,3454360,1394
5.887082605,3454410,50
5.889331591,3455820,1410
5.889331591,3455854,34
5.891587068,3457280,1426
5.891587068,3457298,18
5.893835654,3458740,1442
5.893835654,3458742,2
5.896084320,3460194,1452
5.898334364,3460200,6
5.898334364,3461639,1439
5.900584408,3461660,21
5.900584408,3463084,1424
5.902921945,3463120,36
5.902921945,3464529,1409
5.905171989,3464580,51
5.905171989,3465974,1394
5.907422033,3466040,66
5.907422033,3467418,1378
5.909672077,3467500,82
5.909672077,3468862,1362
5.911922521,3468960,98
5.911922521,3470306,1346
5.914266949,3470420,114
5.914266949,3471750,1330
5.916516993,3471880,130
5.916516993,3473194,1314
5.918767037,3473340,146
5.918767037,3474638,1298
5.921017081,3474800,162
5.921017081,3476082,1282
5.923267125,3476260,178
5.923267125,3477526,1266
5.925517169,3477720,194
5.925517169,3478970,1250
5.927767213,3479180,210
5.927767213,3480414,1234
5.930017257,3480640,226
5.930017257,3481858,1218
5.932355194,3482100,242
5.932355194,3483302,1202
5.934612129,3483560,258
5.934612129,3484746,1186
5.936862173,3485020,274
5.936862173,3486190,1170
5.939112217,3486480,290
5.939112217,3487634,1154
5.941362261,3487940,306
5.941362261,3489078,1138
5.943699798,3489400,322
5.943699798,3490522,1122
5.945949842,3490860,338
5.945949842,3491966,1106
5.948199886,3492320,354
5.948199886,3493410,1090
5.950449930,3493780,370
5.950449930,3494854,1074
5.954643002,3495240,386
5.954643002,3496298,1058
5.957178206,3496700,402
5.957178206,3497742,1042
5.959556261,3498160,418
5.959556261,3499186,1026
5.961934316,3499620,434
5.961934316,3500630,1010
5.964312371,3501080,450
5.964312371,3502074,994
5.966690426,3502540,466
5.966690426,3503518,978
5.969068481,3504000,482
5.969068481,3504962,962
5.971446536,3505460,498
5.971446536,3506406,946
5.973824591,3506920,514
5.973824591,3507850,930
5.976295117,3508380,530
5.976295117,3509294,914
5.978673572,3509840,546
5.978673572,3510738,898
5.981058933,3511300,562
5.981058933,3512182,882
5.983436988,3512760,578
5.983436988,3513626,866
5.985815043,3514220,594
5.985815043,3515070,850
5.988285569,3515680,610
5.988285569,3516514,834
5.990663624,3517140,626
5.990663624,3517958,818
5.993041679,3518600,642
5.993041679,3519402,802
5.995419734,3520060,658
5.995419734,3520846,786
5.997797789,3521520,674
5.997797789,3522290,770
6.000175844,3522980,690
6.000175844,3523734,754
6.002554299,3524440,706
6.002554299,3525178,738
6.004939660,3525900,722
6.004939660,3526622,722
6.007410186,3527360,738
6.007410186,3528066,706
6.009788241,3528820,754
6.009788241,3529510,690
6.012166296,3530280,770
6.012166296,3530954,674
6.014544351,3531740,786
6.014544351,3532398,658
6.016922406,3533200,802
6.016922406,3533842,642
6.019392932,3534660,818
6.019392932,3535286,626
6.021770987,3536120,834
6.021770987,3536730,610
6.024149442,3537580,850
6.024149442,3538174,594
6.026534803,3539040,866
6.026534803,3539618,578
6.028912858,3540500,882
6.028912858,3541062,562
6.031290913,3541960,898
6.031290913,3542506,546
6.033668968,3543420,914
6.033668968,3543950,530
6.036047023,3544880,930
6.036047023,3545394,514
6.038517549,3546340,946
6.038517549,3546838,498
6.040895604,3547800,962
6.040895604,3548282,482
6.043273659,3549260,978
6.043273659,3549726,466
6.045651714,3550720,994
6.045651714,3551170,450
6.048030169,3552180,1010
6.048030169,3552614,434
6.050508001,3553640,1026
6.050508001,3554058,418
6.052886056,3555100,1042
6.052886056,3555502,402
6.056198840,3556560,1058
6.056198840,3556946,386
6.058329828,3558020,1074
6.058329828,3558390,370
6.060395545,3559480,1090
6.060395545,3559834,354
6.062541588,3560940,1106
6.062541588,3561278,338
6.064607305,3562400,1122
6.064607305,3562722,322
6.066673022,3563860,1138
6.066673022,3564166,306
6.068739139,3565320,1154
6.068739139,3565610,290
6.070811150,3566780,1170
6.070811150,3567054,274
6.072876867,3568240,1186
6.072876867,3568498,258
6.074942584,3569700,1202
6.074942584,3569942,242
6.077008301,3571160,1218
6.077008301,3571386,226
6.079154344,3572620,1234
6.079154344,3572830,210
6.081220061,3574080,1250
6.081220061,3574274,194
6.083285778,3575540,1266
6.083285778,3575718,178
6.085351495,3577000,1282
6.085351495,3577162,162
6.087417212,3578460,1298
6.087417212,3578606,146
6.089569948,3579920,1314
6.089569948,3580050,130
6.091635665,3581380,1330
6.091635665,3581494,114
6.093701382,3582840,1346
6.093701382,3582938,98
6.095767099,3584300,1362
6.095767099,3584382,82
6.097832816,3585760,1378
6.097832816,3585826,66
6.099898453,3587220,1394
6.099898453,3587270,50
6.101962831,3588680,1410
6.101962831,3588714,34
6.104027209,3590140,1426
6.104027209,3590158,18
6.106091587,3591600,1442
6.106091587,3591602,2
6.108236771,3593054,1452
6.110308782,3593060,6
6.110308782,3594499,1439
6.112374499,3594520,21
6.112374499,3595944,1424
6.114440216,3595980,36
6.114440216,3597389,1409
6.116505933,3597440,51
6.116505933,3598834,1394
6.118651976,3598900,66
6.118651976,3600278,1378
6.120717693,3600360,82
6.120717693,3601722,1362
6.122783410,3601820,98
6.122783410,3603166,1346
6.124849127,3603280,114
6.124849127,3604610,1330
6.126914844,3604740,130
6.126914844,3606054,1314
6.128980961,3606200,146
6.128980961,3607498,1298
6.131052972,3607660,162
6.131052972,3608942,1282
6.133118689,3609120,178
6.133118689,3610386,1266
6.135264732,3610580,194
6.135264732,3611830,1250
6.137330449,3612040,210
6.137330449,3613274,1234
6.139396166,3613500,226
6.139396166,3614718,1218
6.141461883,3614960,242
6.141461883,3616162,1202
6.143527600,3616420,258
6.143527600,3617606,1186
6.145673643,3617880,274
6.145673643,3619050,1170
6.147739760,3619340,290
6.147739760,3620494,1154
6.149811771,3620800,306
6.149811771,3621938,1138
6.151877488,3622260,322
6.151877488,3623382,1122
6.153943205,3623720,338
6.153943205,3624826,1106
6.156085968,3625180,354
6.156085968,3626270,1090
6.157317980,3626640,370
6.157317980,3627714,1074
6.159546712,3628100,386
6.159546712,3629158,1058
6.161775444,3629560,402
6.161775444,3630602,1042
6.164004176,3631020,418
6.164004176,3632046,1026
6.166232908,3632480,434
6.166232908,3633490,1010
6.168462040,3633940,450
6.168462040,3634934,994
6.170697594,3635400,466
6.170697594,3636378,978
6.173012990,3636860,482
6.173012990,3637822,962
6.175241722,3638320,498
6.175241722,3639266,946
6.177470454,3639780,514
6.177470454,3640710,930
6.179699186,3641240,530
6.179699186,3642154,914
6.181927918,3642700,546
6.181927918,3643598,898
6.184243314,3644160,562
6.184243314,3645042,882
6.186472046,3645620,578
6.186472046,3646486,866
6.188701178,3647080,594
6.188701178,3647930,850
6.190936732,3648540,610
6.190936732,3649374,834
6.193165464,3650000,626
6.193165464,3650818,818
6.195394196,3651460,642
6.195394196,3652262,802
6.197622928,3652920,658
6.197622928,3653706,786
6.199851660,3654380,674
6.199851660,3655150,770
6.202167056,3655840,690
6.202167056,3656594,754
6.204395788,3657300,706
6.204395788,3658038,738
6.206624520,3658760,722
6.206624520,3659482,722
6.208853252,3660220,738
6.208853252,3660926,706
6.211082384,3661680,754
6.211082384,3662370,690
6.213404602,3663140,770
6.213404602,3663814,674
6.215633334,3664600,786
6.215633334,3665258,658
6.217862066,3666060,802
6.217862066,3666702,642
6.220090798,3667520,818
6.220090798,3668146,626
6.222319530,3668980,834
6.222319530,3669590,610
6.224634926,3670440,850
6.224634926,3671034,594
6.226863658,3671900,866
6.226863658,3672478,578
6.229092390,3673360,882
6.229092390,3673922,562
6.231321522,3674820,898
6.231321522,3675366,546
6.233557076,3676280,914
6.233557076,3676810,530
6.235785808,3677740,930
6.235785808,3678254,514
6.238014540,3679200,946
6.238014540,3679698,498
6.240243272,3680660,962
6.240243272,3681142,482
6.242558668,3682120,978
6.242558668,3682586,466
6.244787400,3683580,994
6.244787400,3684030,450
6.247016132,3685040,1010
6.247016132,3685474,434
6.249244864,3686500,1026
6.249244864,3686918,418
6.251473596,3687960,1042
6.251473596,3688362,402
6.253792934,3689420,1058
6.253792934,3689806,386
6.254869490,3690880,1074
6.254869490,3691250,370
6.256942766,3692340,1090
6.256942766,3692694,354
6.259016042,3693800,1106
6.259016042,3694138,338
6.261089318,3695260,1122
6.261089318,3695582,322
6.263162594,3696720,1138
6.263162594,3697026,306
6.265235870,3698180,1154
6.265235870,3698470,290
6.267309146,3699640,1170
6.267309146,3699914,274
6.269463041,3701100,1186
6.269463041,3701358,258
6.271536717,3702560,1202
6.271536717,3702802,242
6.273616311,3704020,1218
6.273616311,3704246,226
6.275689587,3705480,1234
6.275689587,3705690,210
6.277762863,3706940,1250
6.277762863,3707134,194
6.279916758,3708400,1266
6.279916758,3708578,178
6.281990034,3709860,1282
6.281990034,3710022,162
6.284063310,3711320,1298
6.284063310,3711466,146
6.286136586,3712780,1314
6.286136586,3712910,130
6.288209862,3714240,1330
6.288209862,3714354,114
6.290283138,3715700,1346
6.290283138,3715798,98
6.292356814,3717160,1362
6.292356814,3717242,82
6.294436408,3718620,1378
6.294436408,3718686,66
6.296590223,3720080,1394
6.296590223,3720130,50
6.298662155,3721540,1410
6.298662155,3721574,34
6.300734087,3723000,1426
6.300734087,3723018,18
6.302806019,3724460,1442
6.302806019,3724462,2
6.304878031,3725914,1452
6.307031926,3725920,6
6.307031926,3727359,1439
6.309105202,3727380,21
6.309105202,3728804,1424
6.311178878,3728840,36
6.311178878,3730249,1409
6.313258472,3730300,51
6.313258472,3731694,1394
6.315331748,3731760,66
6.315331748,3733138,1378
6.317485643,3733220,82
6.317485643,3734582,1362
6.319558919,3734680,98
6.319558919,3736026,1346
6.321632195,3736140,114
6.321632195,3737470,1330
6.323705471,3737600,130
6.323705471,3738914,1314
6.325778747,3739060,146
6.325778747,3740358,1298
6.327852023,3740520,162
6.327852023,3741802,1282
6.329925299,3741980,178
6.329925299,3743246,1266
6.331998975,3743440,194
6.331998975,3744690,1250
6.334159188,3744900,210
6.334159188,3746134,1234
6.336232464,3746360,226
6.336232464,3747578,1218
6.338305740,3747820,242
6.338305740,3749022,1202
6.340379016,3749280,258
6.340379016,3750466,1186
6.342452292,3750740,274
6.342452292,3751910,1170
6.344606187,3752200,290
6.344606187,3753354,1154
6.346679463,3753660,306
6.346679463,3754798,1138
6.348752739,3755120,322
6.348752739,3756242,1122
6.350826415,3756580,338
6.350826415,3757686,1106
6.352902729,3758040,354
6.352902729,3759130,1090
6.353988526,3759500,370
6.353988526,3760574,1074
6.356071043,3760960,386
6.356071043,3762018,1058
6.358153560,3762420,402
6.358153560,3763462,1042
6.360317056,3763880,418
6.360317056,3764906,1026
6.362399573,3765340,434
6.362399573,3766350,1010
6.364482090,3766800,450
6.364482090,3767794,994
6.366564607,3768260,466
6.366564607,3769238,978
6.368647124,3769720,482
6.368647124,3770682,962
6.370817368,3771180,498
6.370817368,3772126,946
6.372899885,3772640,514
6.372899885,3773570,930
6.374982402,3774100,530
6.374982402,3775014,914
6.377064919,3775560,546
6.377064919,3776458,898
6.379147436,3777020,562
6.379147436,3777902,882
6.381229953,3778480,578
6.381229953,3779346,866
6.383312470,3779940,594
6.383312470,3780790,850
6.385394987,3781400,610
6.385394987,3782234,834
6.387558483,3782860,626
6.387558483,3783678,818
6.389641400,3784320,642
6.389641400,3785122,802
6.391730266,3785780,658
6.391730266,3786566,786
6.393812783,3787240,674
6.393812783,3788010,770
6.395895300,3788700,690
6.395895300,3789454,754
6.398058796,3790160,706
6.398058796,3790898,738
6.400141313,3791620,722
6.400141313,3792342,722
6.402223830,3793080,738
6.402223830,3793786,706
6.404306347,3794540,754
6.404306347,3795230,690
6.406388864,3796000,770
6.406388864,3796674,674
6.408552760,3797460,786
6.408552760,3798118,658
6.410641626,3798920,802
6.410641626,3799562,642
6.412724143,3800380,818
6.412724143,3801006,626
6.414806660,3801840,834
6.414806660,3802450,610
6.416889177,3803300,850
6.416889177,3803894,594
6.418971694,3804760,866
6.418971694,3805338,578
6.421054211,3806220,882
6.421054211,3806782,562
6.423136728,3807680,898
6.423136728,3808226,546
6.425300224,3809140,914
6.425300224,3809670,530
6.427382741,3810600,930
6.427382741,3811114,514
6.429465658,3812060,946
6.429465658,3812558,498
6.431554524,3813520,962
6.431554524,3814002,482
6.433637041,3814980,978
6.433637041,3815446,466
6.435800537,3816440,994
6.435800537,3816890,450
6.437883054,3817900,1010
6.437883054,3818334,434
6.439965571,3819360,1026
6.439965571,3819778,418
6.442048088,3820820,1042
6.442048088,3821222,402
6.444130605,3822280,1058
6.444130605,3822666,386
6.446213122,3823740,1074
6.446213122,3824110,370
6.448295639,3825200,1090
6.448295639,3825554,354
6.450378556,3826660,1106
6.450378556,3826998,338
6.454408568,3828120,1122
6.454408568,3828442,322
6.456864337,3829580,1138
6.456864337,3829886,306
6.459171536,3831040,1154
6.459171536,3831330,290
6.461478735,3832500,1170
6.461478735,3832774,274
6.463785934,3833960,1186
6.463785934,3834218,258
6.466093133,3835420,1202
6.466093133,3835662,242
6.468490048,3836880,1218
6.468490048,3837106,226
6.470797247,3838340,1234
6.470797247,3838550,210
6.473104846,3839800,1250
6.473104846,3839994,194
6.475419121,3841260,1266
6.475419121,3841438,178
6.477726320,3842720,1282
6.477726320,3842882,162
6.480033519,3844180,1298
6.480033519,3844326,146
6.482340718,3845640,1314
6.482340718,3845770,130
6.484647917,3847100,1330
6.484647917,3847214,114
6.487044832,3848560,1346
6.487044832,3848658,98
6.489352031,3850020,1362
6.489352031,3850102,82
6.491659230,3851480,1378
6.491659230,3851546,66
6.493966349,3852940,1394
6.493966349,3852990,50
6.496272452,3854400,1410
6.496272452,3854434,34
6.498674948,3855860,1426
6.498674948,3855878,18
6.500980651,3857320,1442
6.500980651,3857322,2
6.503286434,3858774,1452
6.505593633,3858780,6
6.505593633,3860219,1439
6.507900832,3860240,21
6.507900832,3861664,1424
6.510297747,3861700,36
6.510297747,3863109,1409
6.512604946,3863160,51
6.512604946,3864554,1394
6.514912145,3864620,66
6.514912145,3865998,1378
6.517219744,3866080,82
6.517219744,3867442,1362
6.519534019,3867540,98
6.519534019,3868886,1346
6.521841218,3869000,114
6.521841218,3870330,1330
6.524148417,3870460,130
6.524148417,3871774,1314
6.526455616,3871920,146
6.526455616,3873218,1298
6.528852531,3873380,162
6.528852531,3874662,1282
6.531159730,3874840,178
6.531159730,3876106,1266
6.533466929,3876300,194
6.533466929,3877550,1250
6.535774128,3877760,210
6.535774128,3878994,1234
6.538081327,3879220,226
6.538081327,3880438,1218
6.540485718,3880680,242
6.540485718,3881882,1202
6.542792917,3882140,258
6.542792917,3883326,1186
6.545100116,3883600,274
6.545100116,3884770,1170
6.547407315,3885060,290
6.547407315,3886214,1154
6.549714514,3886520,306
6.549714514,3887658,1138
6.552021713,3887980,322
6.552021713,3889102,1122
6.554325632,3889440,338
6.554325632,3891990,2550
6.556258955,3892360,370
6.556258955,3893434,1074
6.558677364,3893820,386
6.558677364,3894878,1058
6.561102808,3895280,402
6.561102808,3896322,1042
6.563520817,3896740,418
6.563520817,3897766,1026
6.565938826,3898200,434
6.565938826,3899210,1010
6.568450860,3899660,450
6.568450860,3900654,994
6.570868869,3901120,466
6.570868869,3902098,978
6.573286878,3902580,482
6.573286878,3903542,962
6.575704887,3904040,498
6.575704887,3904986,946
6.578122896,3905500,514
6.578122896,3906430,930
6.580635330,3906960,530
6.580635330,3907874,914
6.583060774,3908420,546
6.583060774,3909318,898
6.585478783,3909880,562
6.585478783,3910762,882
6.587896792,3911340,578
6.587896792,3912206,866
6.590314801,3912800,594
6.590314801,3913650,850
6.592732810,3914260,610
6.592732810,3915094,834
6.595150819,3915720,626
6.595150819,3916538,818
6.597568828,3917180,642
6.597568828,3917982,802
6.599986837,3918640,658
6.599986837,3919426,786
6.602498871,3920100,674
6.602498871,3920870,770
6.604917280,3921560,690
6.604917280,3922314,754
6.607342724,3923020,706
6.607342724,3923758,738
6.609760733,3924480,722
6.609760733,3925202,722
6.612178742,3925940,738
6.612178742,3926646,706
6.614690776,3927400,754
6.614690776,3928090,690
6.617108785,3928860,770
6.617108785,3929534,674
6.619526794,3930320,786
6.619526794,3930978,658
6.621944803,3931780,802
6.621944803,3932422,642
6.624362812,3933240,818
6.624362812,3933866,626
6.626780821,3934700,834
6.626780821,3935310,610
6.629199230,3936160,850
6.629199230,3936754,594
6.631624674,3937620,866
6.631624674,3938198,578
6.634136708,3939080,882
6.634136708,3939642,562
6.636554717,3940540,898
6.636554717,3941086,546
6.638972726,3942000,914
6.638972726,3942530,530
6.641390735,3943460,930
6.641390735,3943974,514
6.643808744,3944920,946
6.643808744,3945418,498
6.646320778,3946380,962
6.646320778,3946862,482
6.648738787,3947840,978
6.648738787,3948306,466
6.654100058,3949300,994
6.654100058,3949750,450
6.656277624,3950760,1010
6.656277624,3951194,434
6.658391601,3952220,1026
6.658391601,3952638,418
6.660505578,3953680,1042
6.660505578,3954082,402
6.662619555,3955140,1058
6.662619555,3955526,386
6.664815734,3956600,1074
6.664815734,3956970,370
6.666929711,3958060,1090
6.666929711,3958414,354
6.669043688,3959520,1106
6.669043688,3959858,338
6.671157665,3960980,1122
6.671157665,3961302,322
6.673271642,3962440,1138
6.673271642,3962746,306
6.675386019,3963900,1154
6.675386019,3964190,290
6.677588649,3965360,1170
6.677588649,3965634,274
6.679702626,3966820,1186
6.679702626,3967078,258
6.681816603,3968280,1202
6.681816603,3968522,242
6.683930580,3969740,1218
6.683930580,3969966,226
6.686044557,3971200,1234
6.686044557,3971410,210
6.688240736,3972660,1250
6.688240736,3972854,194
6.690354713,3974120,1266
6.690354713,3974298,178
6.692468690,3975580,1282
6.692468690,3975742,162
6.694583067,3977040,1298
6.694583067,3977186,146
6.696703495,3978500,1314
6.696703495,3978630,130
6.698817472,3979960,1330
6.698817472,3980074,114
6.700931449,3981420,1346
6.700931449,3981518,98
6.703127628,3982880,1362
6.703127628,3982962,82
6.705241605,3984340,1378
6.705241605,3984406,66
6.707355502,3985800,1394
6.707355502,3985850,50
6.709468109,3987260,1410
6.709468109,3987294,34
6.711580716,3988720,1426
6.711580716,3988738,18
6.713693323,3990180,1442
6.713693323,3990182,2
6.715895062,3991634,1452
6.718009039,3991640,6
6.718009039,3993079,1439
6.720123016,3993100,21
6.720123016,3994524,1424
6.722236993,3994560,36
6.722236993,3995969,1409
6.724350970,3996020,51
6.724350970,3997414,1394
6.726464947,3997480,66
6.726464947,3998858,1378
6.728578924,3998940,82
6.728578924,4000302,1362
6.730775103,4000400,98
6.730775103,4001746,1346
6.732889080,4001860,114
6.732889080,4003190,1330
6.735003457,4003320,130
6.735003457,4004634,1314
6.737123885,4004780,146
6.737123885,4006078,1298
6.739237862,4006240,162
6.739237862,4007522,1282
6.741351839,4007700,178
6.741351839,4008966,1266
6.743548018,4009160,194
6.743548018,4010410,1250
6.745661995,4010620,210
6.745661995,4011854,1234
6.747775972,4012080,226
6.747775972,4013298,1218
6.749889949,4013540,242
6.749889949,4014742,1202
6.752003926,4015000,258
6.752003926,4016186,1186
6.754117903,4016460,274
6.754117903,4017630,1170
6.756446109,4017920,290
6.756446109,4019074,1154
6.758871575,4019380,306
6.758871575,4020518,1138
6.761199381,4020840,322
6.761199381,4021962,1122
6.763527187,4022300,338
6.763527187,4023406,1106
6.765854993,4023760,354
6.765854993,4024850,1090
6.768182799,4025220,370
6.768182799,4026294,1074
6.770510605,4026680,386
6.770510605,4027738,1058
6.772928928,4028140,402
6.772928928,4029182,1042
6.775256734,4029600,418
6.775256734,4030626,1026
6.777584940,4031060,434
6.777584940,4032070,1010
6.779919889,4032520,450
6.779919889,4033514,994
6.782247695,4033980,466
6.782247695,4034958,978
6.784666018,4035440,482
6.784666018,4036402,962
6.786993824,4036900,498
6.786993824,4037846,946
6.789321630,4038360,514
6.789321630,4039290,930
6.791649436,4039820,530
6.791649436,4040734,914
6.793977242,4041280,546
6.793977242,4042178,898
6.796305048,4042740,562
6.796305048,4043622,882
6.798632854,4044200,578
6.798632854,4045066,866
6.800961060,4045660,594
6.800961060,4046510,850
6.803386526,4047120,610
6.803386526,4047954,834
6.805714332,4048580,626
6.805714332,4049398,818
6.808042138,4050040,642
6.808042138,4050842,802
6.810369944,4051500,658
6.810369944,4052286,786
6.812697750,4052960,674
6.812697750,4053730,770
6.815116073,4054420,690
6.815116073,4055174,754
6.817443879,4055880,706
6.817443879,4056618,738
6.819771685,4057340,722
6.819771685,4058062,722
6.822099891,4058800,738
6.822099891,4059506,706
6.824434840,4060260,754
6.824434840,4060950,690
6.826762646,4061720,770
6.826762646,4062394,674
6.829090452,4063180,786
6.829090452,4063838,658
6.831508775,4064640,802
6.831508775,4065282,642
6.833836581,4066100,818
6.833836581,4066726,626
6.836164387,4067560,834
6.836164387,4068170,610
6.838492193,4069020,850
6.838492193,4069614,594
6.840819999,4070480,866
6.840819999,4071058,578
6.843147805,4071940,882
6.843147805,4072502,562
6.845476011,4073400,898
6.845476011,4073946,546
6.847901477,4074860,914
6.847901477,4075390,530
6.850229283,4076320,930
6.850229283,4076834,514
6.852557089,4077780,946
6.852557089,4078278,498
6.854881615,4079240,962
6.854881615,4079722,482
6.855169750,4080700,978
6.855169750,4081166,466
6.857454605,4082160,994
6.857454605,4082610,450
6.859739460,4083620,1010
6.859739460,4084054,434
6.862113162,4085080,1026
6.862113162,4085498,418
6.864398417,4086540,1042
6.864398417,4086942,402
6.866690276,4088000,1058
6.866690276,4088386,386
6.868975131,4089460,1074
6.868975131,4089830,370
6.871259986,4090920,1090
6.871259986,4091274,354
6.873544841,4092380,1106
6.873544841,4092718,338
6.875918543,4093840,1122
6.875918543,4094162,322
6.878203398,4095300,1138
6.878203398,4095606,306
6.880488253,4096760,1154
6.880488253,4097050,290
6.882773108,4098220,1170
6.882773108,4098494,274
6.885057963,4099680,1186
6.885057963,4099938,258
6.887439069,4101140,1202
6.887439069,4101382,242
6.889723924,4102600,1218
6.889723924,4102826,226
6.892008779,4104060,1234
6.892008779,4104270,210
6.894293634,4105520,1250
6.894293634,4105714,194
6.896578489,4106980,1266
6.896578489,4107158,178
6.898863344,4108440,1282
6.898863344,4108602,162
6.901148199,4109900,1298
6.901148199,4110046,146
6.903433054,4111360,1314
6.903433054,4111490,130
6.905806756,4112820,1330
6.905806756,4112934,114
6.908092011,4114280,1346
6.908092011,4114378,98
6.910383870,4115740,1362
6.910383870,4115822,82
6.912668725,4117200,1378
6.912668725,4117266,66
6.914953500,4118660,1394
6.914953500,4118710,50
6.917325721,4120120,1410
6.917325721,4120154,34
6.919609095,4121580,1426
6.919609095,4121598,18
6.921892469,4123040,1442
6.921892469,4123042,2
6.924175923,4124494,1452
6.926460778,4124500,6
6.926460778,4125939,1439
6.928745633,4125960,21
6.928745633,4127384,1424
6.931030888,4127420,36
6.931030888,4128829,1409
6.933411594,4128880,51
6.933411594,4130274,1394
6.935696449,4130340,66
6.935696449,4131718,1378
6.937981304,4131800,82
6.937981304,4133162,1362
6.940266159,4133260,98
6.940266159,4134606,1346
6.942551014,4134720,114
6.942551014,4136050,1330
6.944835869,4136180,130
6.944835869,4137494,1314
6.947209571,4137640,146
6.947209571,4138938,1298
6.949494426,4139100,162
6.949494426,4140382,1282
6.952724504,4140560,178
6.952724504,4141826,1266
6.954966123,4142020,194
6.954966123,4143270,1250
6.957145902,4143480,210
6.957145902,4144714,1234
6.959325681,4144940,226
6.959325681,4146158,1218
6.961505460,4146400,242
6.961505460,4147602,1202
6.963770000,4147860,258
6.963770000,4149046,1186
6.965949779,4149320,274
6.965949779,4150490,1170
6.968129558,4150780,290
6.968129558,4151934,1154
6.970309337,4152240,306
6.970309337,4153378,1138
6.972489116,4153700,322
6.972489116,4154822,1122
6.974669295,4155160,338
6.974669295,4156266,1106
6.976940498,4156620,354
6.976940498,4157710,1090
6.979120277,4158080,370
6.979120277,4159154,1074
6.981300056,4159540,386
6.981300056,4160598,1058
6.983479835,4161000,402
6.983479835,4162042,1042
6.985659614,4162460,418
6.985659614,4163486,1026
6.987924154,4163920,434
6.987924154,4164930,1010
6.990103933,4165380,450
6.990103933,4166374,994
6.992283712,4166840,466
6.992283712,4167818,978
6.994463891,4168300,482
6.994463891,4169262,962
6.996650333,4169760,498
6.996650333,4170706,946
6.998830112,4171220,514
6.998830112,4172150,930
7.001009891,4172680,530
7.001009891,4173594,914
7.003189670,4174140,546
7.003189670,4175038,898
7.005454210,4175600,562
7.005454210,4176482,882
7.007633989,4177060,578
7.007633989,4177926,866
7.009813768,4178520,594
7.009813768,4179370,850
7.011993547,4179980,610
7.011993547,4180814,834
7.014173326,4181440,626
7.014173326,4182258,818
7.016444929,4182900,642
7.016444929,4183702,802
7.018624708,4184360,658
7.018624708,4185146,786
7.020804487,4185820,674
7.020804487,4186590,770
7.022984266,4187280,690
7.022984266,4188034,754
7.025164045,4188740,706
7.025164045,4189478,738
7.027343824,4190200,722
7.027343824,4190922,722
7.029523603,4191660,738
7.029523603,4192366,706
7.031788143,4193120,754
7.031788143,4193810,690
7.033967922,4194580,770
7.033967922,4195254,674
7.036148101,4196040,786
7.036148101,4196698,658
7.038334543,4197500,802
7.038334543,4198142,642
7.040514322,4198960,818
7.040514322,4199586,626
7.042694101,4200420,834
7.042694101,4201030,610
7.044958641,4201880,850
7.044958641,4202474,594
7.047138420,4203340,866
7.047138420,4203918,578
7.049318199,4204800,882
7.049318199,4205362,562
7.051497978,4206260,898
7.051497978,4206806,546
7.053674477,4207720,914
7.053674477,4208250,530
7.054986496,4209180,930
7.054986496,4209694,514
7.057215235,4210640,946
7.057215235,4211138,498
7.059437174,4212100,962
7.059437174,4212582,482
7.061659113,4213560,978
7.061659113,4214026,466
7.063881052,4215020,994
7.063881052,4215470,450
7.066102991,4216480,1010
7.066102991,4216914,434
7.068324930,4217940,1026
7.068324930,4218358,418
7.070546869,4219400,1042
7.070546869,4219802,402
7.072855208,4220860,1058
7.072855208,4221246,386
7.075077147,4222320,1074
7.075077147,4222690,370
7.077299486,4223780,1090
7.077299486,4224134,354
7.079528225,4225240,1106
7.079528225,4225578,338
7.081750164,4226700,1122
7.081750164,4227022,322
7.084058503,4228160,1138
7.084058503,4228466,306
7.086280442,4229620,1154
7.086280442,4229910,290
7.088502381,4231080,1170
7.088502381,4231354,274
7.090724320,4232540,1186
7.090724320,4232798,258
7.092946259,4234000,1202
7.092946259,4234242,242
7.095168198,4235460,1218
7.095168198,4235686,226
7.097390137,4236920,1234
7.097390137,4237130,210
7.099612476,4238380,1250
7.099612476,4238574,194
7.101927615,4239840,1266
7.101927615,4240018,178
7.104149554,4241300,1282
7.104149554,4241462,162
7.106371493,4242760,1298
7.106371493,4242906,146
7.108593432,4244220,1314
7.108593432,4244350,130
7.110815371,4245680,1330
7.110815371,4245794,114
7.113123710,4247140,1346
7.113123710,4247238,98
7.115345649,4248600,1362
7.115345649,4248682,82
7.117567588,4250060,1378
7.117567588,4250126,66
7.119789847,4251520,1394
7.119789847,4251570,50
7.122017146,4252980,1410
7.122017146,4253014,34
7.124237645,4254440,1426
7.124237645,4254458,18
7.126458144,4255900,1442
7.126458144,4255902,2
7.128765123,4257354,1452
7.130987062,4257360,6
7.130987062,4258799,1439
7.133209001,4258820,21
7.133209001,4260244,1424
7.135430940,4260280,36
7.135430940,4261689,1409
7.137652879,4261740,51
7.137652879,4263134,1394
7.139874818,4263200,66
7.139874818,4264578,1378
7.142190357,4264660,82
7.142190357,4266022,1362
7.144412296,4266120,98
7.144412296,4267466,1346
7.146634235,4267580,114
7.146634235,4268910,1330
7.148856174,4269040,130
7.148856174,4270354,1314
7.151078113,4270500,146
7.151078113,4271798,1298
7.154365611,4271960,162
7.154365611,4273242,1282
7.156566962,4273420,178
7.156566962,4274686,1266
7.158768313,4274880,194
7.158768313,4276130,1250
7.160969664,4276340,210
7.160969664,4277574,1234
7.163171415,4277800,226
7.163171415,4279018,1218
7.165379499,4279260,242
7.165379499,4280462,1202
7.167580850,4280720,258
7.167580850,4281906,1186
7.169782201,4282180,274
7.169782201,4283350,1170
7.172069152,4283640,290
7.172069152,4284794,1154
7.174270503,4285100,306
7.174270503,4286238,1138
7.176471854,4286560,322
7.176471854,4287682,1122
7.178673205,4288020,338
7.178673205,4289126,1106
7.180874556,4289480,354
7.180874556,4290570,1090
7.183161907,4290940,370
7.183161907,4292014,1074
7.185369991,4292400,386
7.185369991,4293458,1058
7.187571342,4293860,402
7.187571342,4294902,1042
7.189772693,4295320,418
7.189772693,4296346,1026
7.191974044,4296780,434
7.191974044,4297790,1010
7.194175395,4298240,450
7.194175395,4299234,994
7.196376746,4299700,466
7.196376746,4300678,978
7.198663697,4301160,482
7.198663697,4302122,962
7.200865048,4302620,498
7.200865048,4303566,946
7.203066399,4304080,514
7.203066399,4305010,930
7.205268150,4305540,530
7.205268150,4306454,914
7.207476234,4307000,546
7.207476234,4307898,898
7.209677585,4308460,562
7.209677585,4309342,882
7.211964536,4309920,578
7.211964536,4310786,866
7.214165887,4311380,594
7.214165887,4312230,850
7.216367238,4312840,610
7.216367238,4313674,834
7.218568589,4314300,626
7.218568589,4315118,818
7.220769940,4315760,642
7.220769940,4316562,802
7.222971291,4317220,658
7.222971291,4318006,786
7.225172642,4318680,674
7.225172642,4319450,770
7.227374393,4320140,690
7.227374393,4320894,754
7.229668077,4321600,706
7.229668077,4322338,738
7.231869428,4323060,722
7.231869428,4323782,722
7.234070779,4324520,738
7.234070779,4325226,706
7.236272130,4325980,754
7.236272130,4326670,690
7.238473481,4327440,770
7.238473481,4328114,674
7.240674832,4328900,786
7.240674832,4329558,658
7.242961783,4330360,802
7.242961783,4331002,642
7.245163134,4331820,818
7.245163134,4332446,626
7.247364885,4333280,834
7.247364885,4333890,610
7.249572969,4334740,850
7.249572969,4335334,594
7.251774320,4336200,866
7.251774320,4336778,578
7.254061271,4337660,882
7.254061271,4338222,562
7.256454706,4339120,898
7.256454706,4339666,546
7.258848141,4340580,914
7.258848141,4341110,530
7.261241576,4342040,930
7.261241576,4342554,514
7.263635011,4343500,946
7.263635011,4343998,498
7.266028446,4344960,962
7.266028446,4345442,482
7.268421881,4346420,978
7.268421881,4346886,466
7.270815716,4347880,994
7.270815716,4348330,450
7.273309576,4349340,1010
7.273309576,4349774,434
7.275703011,4350800,1026
7.275703011,4351218,418
7.278096446,4352260,1042
7.278096446,4352662,402
7.280489881,4353720,1058
7.280489881,4354106,386
7.282883316,4355180,1074
7.282883316,4355550,370
7.285369820,4356640,1090
7.285369820,4356994,354
7.287763255,4358100,1106
7.287763255,4358438,338
7.290156690,4359560,1122
7.290156690,4359882,322
7.292550525,4361020,1138
7.292550525,4361326,306
7.294951316,4362480,1154
7.294951316,4362770,290
7.297344751,4363940,1170
7.297344751,4364214,274
7.299738186,4365400,1186
7.299738186,4365658,258
7.302224690,4366860,1202
7.302224690,4367102,242
7.304618125,4368320,1218
7.304618125,4368546,226
7.307011560,4369780,1234
7.307011560,4369990,210
7.309404995,4371240,1250
7.309404995,4371434,194
7.311798430,4372700,1266
7.311798430,4372878,178
7.314191865,4374160,1282
7.314191865,4374322,162
7.316686125,4375620,1298
7.316686125,4375766,146
7.319079560,4377080,1314
7.319079560,4377210,130
7.321472995,4378540,1330
7.321472995,4378654,114
7.323866430,4380000,1346
7.323866430,4380098,98
7.326259865,4381460,1362
7.326259865,4381542,82
7.328653300,4382920,1378
7.328653300,4382986,66
7.331046655,4384380,1394
7.331046655,4384430,50
7.333531608,4385840,1410
7.333531608,4385874,34
7.335923492,4387300,1426
7.335923492,4387318,18
7.338315776,4388760,1442
7.338315776,4388762,2
7.340715096,4390214,1452
7.343108531,4390220,6
7.343108531,4391659,1439
7.345501966,4391680,21
7.345501966,4393104,1424
7.347988470,4393140,36
7.347988470,4394549,1409
7.350381905,4394600,51
7.350381905,4395994,1394
7.352775340,4396060,66
7.352775340,4397438,1378
7.355087878,4397520,82
7.355087878,4398882,1362
7.357400416,4398980,98
7.357400416,4400326,1346
7.359803277,4400440,114
7.359803277,4401770,1330
7.362122909,4401900,130
7.362122909,4403214,1314
7.364435447,4403360,146
7.364435447,4404658,1298
7.366747985,4404820,162
7.366747985,4406102,1282
7.369060523,4406280,178
7.369060523,4407546,1266
7.371373061,4407740,194
7.371373061,4408990,1250
7.373685599,4409200,210
7.373685599,4410434,1234
7.375998137,4410660,226
7.375998137,4411878,1218
7.378400598,4412120,242
7.378400598,4413322,1202
7.380713136,4413580,258
7.380713136,4414766,1186
7.383026074,4415040,274
7.383026074,4416210,1170
7.385345706,4416500,290
7.385345706,4417654,1154
7.387658244,4417960,306
7.387658244,4419098,1138
7.390060705,4419420,322
7.390060705,4420542,1122
7.392373243,4420880,338
7.392373243,4421986,1106
7.394685781,4422340,354
7.394685781,4423430,1090
7.396998319,4423800,370
7.396998319,4424874,1074
7.399310857,4425260,386
7.399310857,4426318,1058
7.401623395,4426720,402
7.401623395,4427762,1042
7.403935933,4428180,418
7.403935933,4429206,1026
7.406248871,4429640,434
7.406248871,4430650,1010
7.408658426,4431100,450
7.408658426,4432094,994
7.410970964,4432560,466
7.410970964,4433538,978
7.413283502,4434020,482
7.413283502,4434982,962
7.415596040,4435480,498
7.415596040,4436426,946
7.417908578,4436940,514
7.417908578,4437870,930
7.420311039,4438400,530
7.420311039,4439314,914
7.422623577,4439860,546
7.422623577,4440758,898
7.424936115,4441320,562
7.424936115,4442202,882
7.427249053,4442780,578
7.427249053,4443646,866
7.429568685,4444240,594
7.429568685,4445090,850
7.431971146,4445700,610
7.431971146,4446534,834
7.434283684,4447160,626
7.434283684,4447978,818
7.436596222,4448620,642
7.436596222,4449422,802
7.438908760,4450080,658
7.438908760,4450866,786
7.441221298,4451540,674
7.441221298,4452310,770
7.443533836,4453000,690
7.443533836,4453754,754
7.445846374,4454460,706
7.445846374,4455198,738
7.448158912,4455920,722
7.448158912,4456642,722
7.450568867,4457380,738
7.450568867,4458086,706
7.452878125,4458840,754
7.452878125,4459530,690
7.453326928,4460300,770
7.453326928,4460974,674
7.455772451,4461760,786
7.455772451,4462418,658
7.458217974,4463220,802
7.458217974,4463862,642
7.460758591,4464680,818
7.460758591,4465306,626
7.463204114,4466140,834
7.463204114,4466750,610
7.465649637,4467600,850
7.465649637,4468194,594
7.468095160,4469060,866
7.468095160,4469638,578
7.470541083,4470520,882
7.470541083,4471082,562
7.472994131,4471980,898
7.472994131,4472526,546
7.475439654,4473440,914
7.475439654,4473970,530
7.477885177,4474900,930
7.477885177,4475414,514
7.480425794,4476360,946
7.480425794,4476858,498
7.482871317,4477820,962
7.482871317,4478302,482
7.485316840,4479280,978
7.485316840,4479746,466
7.487762363,4480740,994
7.487762363,4481190,450
7.490207886,4482200,1010
7.490207886,4482634,434
7.492748903,4483660,1026
7.492748903,4484078,418
7.495201951,4485120,1042
7.495201951,4485522,402
7.497647474,4486580,1058
7.497647474,4486966,386
7.500092997,4488040,1074
7.500092997,4488410,370
7.502538520,4489500,1090
7.502538520,4489854,354
7.504984043,4490960,1106
7.504984043,4491298,338
7.507429566,4492420,1122
7.507429566,4492742,322
7.509875089,4493880,1138
7.509875089,4494186,306
7.512415706,4495340,1154
7.512415706,4495630,290
7.514861229,4496800,1170
7.514861229,4497074,274
7.517307152,4498260,1186
7.517307152,4498518,258
7.519760200,4499720,1202
7.519760200,4499962,242
7.522205723,4501180,1218
7.522205723,4501406,226
7.524746340,4502640,1234
7.524746340,4502850,210
7.527191863,4504100,1250
7.527191863,4504294,194
7.529637386,4505560,1266
7.529637386,4505738,178
7.532082909,4507020,1282
7.532082909,4507182,162
7.534528432,4508480,1298
7.534528432,4508626,146
7.537069049,4509940,1314
7.537069049,4510070,130
7.539514972,4511400,1330
7.539514972,4511514,114
7.541968020,4512860,1346
7.541968020,4512958,98
7.544413543,4514320,1362
7.544413543,4514402,82
7.546859066,4515780,1378
7.546859066,4515846,66
7.549304509,4517240,1394
7.549304509,4517290,50
7.554690198,4518700,1410
7.554690198,4518734,34
7.557135133,4520160,1426
7.557135133,4520178,18
7.559614686,4521620,1442
7.559614686,4521622,2
7.562001452,4523074,1452
7.564389686,4523080,6
7.564389686,4524519,1439
7.566778320,4524540,21
7.566778320,4525964,1424
7.569173893,4526000,36
7.569173893,4527409,1409
7.571654994,4527460,51
7.571654994,4528854,1394
7.574043228,4528920,66
7.574043228,4530298,1378
7.576431462,4530380,82
7.576431462,4531742,1362
7.578819696,4531840,98
7.578819696,4533186,1346
7.581207930,4533300,114
7.581207930,4534630,1330
7.583596164,4534760,130
7.583596164,4536074,1314
7.585984398,4536220,146
7.585984398,4537518,1298
7.588372632,4537680,162
7.588372632,4538962,1282
7.590861472,4539140,178
7.590861472,4540406,1266
7.593249706,4540600,194
7.593249706,4541850,1250
7.595637940,4542060,210
7.595637940,4543294,1234
7.598026174,4543520,226
7.598026174,4544738,1218
7.600414408,4544980,242
7.600414408,4546182,1202
7.602895509,4546440,258
7.602895509,4547626,1186
7.605283743,4547900,274
7.605283743,4549070,1170
7.607671977,4549360,290
7.607671977,4550514,1154
7.610060211,4550820,306
7.610060211,4551958,1138
7.612448845,4552280,322
7.612448845,4553402,1122
7.614937285,4553740,338
7.614937285,4554846,1106
7.617325519,4555200,354
7.617325519,4556290,1090
7.619713753,4556660,370
7.619713753,4557734,1074
7.622101987,4558120,386
7.622101987,4559178,1058
7.624490221,4559580,402
7.624490221,4560622,1042
7.626878455,4561040,418
7.626878455,4562066,1026
7.629266689,4562500,434
7.629266689,4563510,1010
7.631654923,4563960,450
7.631654923,4564954,994
7.634136424,4565420,466
7.634136424,4566398,978
7.636531997,4566880,482
7.636531997,4567842,962
7.638920231,4568340,498
7.638920231,4569286,946
7.641308465,4569800,514
7.641308465,4570730,930
7.643696699,4571260,530
7.643696699,4572174,914
7.646084933,4572720,546
7.646084933,4573618,898
7.648566034,4574180,562
7.648566034,4575062,882
7.650954268,4575640,578
7.650954268,4576506,866
7.653342502,4577100,594
7.653342502,4577950,850
7.655510336,4578560,610
7.655510336,4579394,834
7.657678570,4580020,626
7.657678570,4580838,818
7.659853029,4581480,642
7.659853029,4582282,802
7.662020863,4582940,658
7.662020863,4583726,786
7.664188697,4584400,674
7.664188697,4585170,770
7.666440827,4585860,690
7.666440827,4586614,754
7.668608661,4587320,706
7.668608661,4588058,738
7.670776495,4588780,722
7.670776495,4589502,722
7.672944329,4590240,738
7.672944329,4590946,706
7.675112163,4591700,754
7.675112163,4592390,690
7.677364693,4593160,770
7.677364693,4593834,674
7.679539152,4594620,786
7.679539152,4595278,658
7.681706986,4596080,802
7.681706986,4596722,642
7.683874820,4597540,818
7.683874820,4598166,626
7.686042654,4599000,834
7.686042654,4599610,610
7.688210488,4600460,850
7.688210488,4601054,594
7.690378322,4601920,866
7.690378322,4602498,578
7.692546156,4603380,882
7.692546156,4603942,562
7.694798286,4604840,898
7.694798286,4605386,546
7.696966120,4606300,914
7.696966120,4606830,530
7.699134354,4607760,930
7.699134354,4608274,514
7.701308813,4609220,946
7.701308813,4609718,498
7.703476647,4610680,962
7.703476647,4611162,482
7.705728777,4612140,978
7.705728777,4612606,466
7.707896611,4613600,994
7.707896611,4614050,450
7.710064445,4615060,1010
7.710064445,4615494,434
7.712232279,4616520,1026
7.712232279,4616938,418
7.714400113,4617980,1042
7.714400113,4618382,402
7.716652243,4619440,1058
7.716652243,4619826,386
7.718820477,4620900,1074
7.718820477,4621270,370
7.720994936,4622360,1090
7.720994936,4622714,354
7.723162770,4623820,1106
7.723162770,4624158,338
7.725330604,4625280,1122
7.725330604,4625602,322
7.727498438,4626740,1138
7.727498438,4627046,306
7.729666272,4628200,1154
7.729666272,4628490,290
7.731834106,4629660,1170
7.731834106,4629934,274
7.734086236,4631120,1186
7.734086236,4631378,258
7.736254070,4632580,1202
7.736254070,4632822,242
7.738421904,4634040,1218
7.738421904,4634266,226
7.740590138,4635500,1234
7.740590138,4635710,210
7.742764597,4636960,1250
7.742764597,4637154,194
7.745016727,4638420,1266
7.745016727,4638598,178
7.747184561,4639880,1282
7.747184561,4640042,162
7.749352395,4641340,1298
7.749352395,4641486,146
7.751520229,4642800,1314
7.751520229,4642930,130
7.753684783,4644260,1330
7.753684783,4644374,114
7.754956422,4645720,1346
7.754956422,4645818,98
7.757224781,4647180,1362
7.757224781,4647262,82
7.759493140,4648640,1378
7.759493140,4648706,66
7.761856975,4650100,1394
7.761856975,4650150,50
7.764123864,4651560,1410
7.764123864,4651594,34
7.766390753,4653020,1426
7.766390753,4653038,18
7.768657642,4654480,1442
7.768657642,4654482,2
7.770924611,4655934,1452
7.773281175,4655940,6
7.773281175,4657379,1439
7.775549534,4657400,21
7.775549534,4658824,1424
7.777817893,4658860,36
7.777817893,4660269,1409
7.780086252,4660320,51
7.780086252,4661714,1394
7.782355011,4661780,66
7.782355011,4663158,1378
7.784630321,4663240,82
7.784630321,4664602,1362
7.786898680,4664700,98
7.786898680,4666046,1346
7.789167039,4666160,114
7.789167039,4667490,1330
7.791523603,4667620,130
7.791523603,4668934,1314
7.793791962,4669080,146
7.793791962,4670378,1298
7.796060321,4670540,162
7.796060321,4671822,1282
7.798328680,4672000,178
7.798328680,4673266,1266
7.800597039,4673460,194
7.800597039,4674710,1250
7.802954003,4674920,210
7.802954003,4676154,1234
7.805229313,4676380,226
7.805229313,4677598,1218
7.807497672,4677840,242
7.807497672,4679042,1202
7.809766031,4679300,258
7.809766031,4680486,1186
7.812034390,4680760,274
7.812034390,4681930,1170
7.814390954,4682220,290
7.814390954,4683374,1154
7.816659313,4683680,306
7.816659313,4684818,1138
7.818927672,4685140,322
7.818927672,4686262,1122
7.821196031,4686600,338
7.821196031,4687706,1106
7.823464390,4688060,354
7.823464390,4689150,1090
7.825733149,4689520,370
7.825733149,4690594,1074
7.828008459,4690980,386
7.828008459,4692038,1058
7.830276818,4692440,402
7.830276818,4693482,1042
7.832633382,4693900,418
7.832633382,4694926,1026
7.834901741,4695360,434
7.834901741,4696370,1010
7.837170100,4696820,450
7.837170100,4697814,994
7.839438459,4698280,466
7.839438459,4699258,978
7.841706818,4699740,482
7.841706818,4700702,962
7.844063382,4701200,498
7.844063382,4702146,946
7.846332141,4702660,514
7.846332141,4703590,930
7.848607451,4704120,530
7.848607451,4705034,914
7.850875810,4705580,546
7.850875810,4706478,898
7.853144169,4707040,562
7.853144169,4707922,882
7.855417483,4708500,578
7.855417483,4709366,866
7.857690797,4709960,594
7.857690797,4710810,850
7.859964111,4711420,610
7.859964111,4712254,834
7.862325823,4712880,626
7.862325823,4713698,818
7.864599137,4714340,642
7.864599137,4715142,802
7.866872451,4715800,658
7.866872451,4716586,786
7.869146165,4717260,674
7.869146165,4718030,770
7.871426446,4718720,690
7.871426446,4719474,754
7.873788158,4720180,706
7.873788158,4720918,738
7.876061472,4721640,722
7.876061472,4722362,722
7.878334786,4723100,738
7.878334786,4723806,706
7.880608100,4724560,754
7.880608100,4725250,690
7.882881414,4726020,770
7.882881414,4726694,674
7.885154728,4727480,786
7.885154728,4728138,658
7.887428042,4728940,802
7.887428042,4729582,642
7.889701356,4730400,818
7.889701356,4731026,626
7.892070435,4731860,834
7.892070435,4732470,610
7.894343749,4733320,850
7.894343749,4733914,594
7.896617063,4734780,866
7.896617063,4735358,578
7.898890377,4736240,882
7.898890377,4736802,562
7.901163691,4737700,898
7.901163691,4738246,546
7.903525403,4739160,914
7.903525403,4739690,530
7.905798717,4740620,930
7.905798717,4741134,514
7.908072031,4742080,946
7.908072031,4742578,498
7.910345345,4743540,962
7.910345345,4744022,482
7.912619059,4745000,978
7.912619059,4745466,466
7.914987738,4746460,994
7.914987738,4746910,450
7.917261052,4747920,1010
7.917261052,4748354,434
7.919534366,4749380,1026
7.919534366,4749798,418
7.921807680,4750840,1042
7.921807680,4751242,402
7.924080994,4752300,1058
7.924080994,4752686,386
7.926354308,4753760,1074
7.926354308,4754130,370
7.928627622,4755220,1090
7.928627622,4755574,354
7.930900936,4756680,1106
7.930900936,4757018,338
7.933263048,4758140,1122
7.933263048,4758462,322
7.935543329,4759600,1138
7.935543329,4759906,306
7.937816643,4761060,1154
7.937816643,4761350,290
7.940089957,4762520,1170
7.940089957,4762794,274
7.942363271,4763980,1186
7.942363271,4764238,258
7.944724983,4765440,1202
7.944724983,4765682,242
7.946998297,4766900,1218
7.946998297,4767126,226
7.949271611,4768360,1234
7.949271611,4768570,210
7.951544925,4769820,1250
7.951544925,4770014,194
7.953814959,4771280,1266
7.953814959,4771458,178
7.954941794,4772740,1282
7.954941794,4772902,162
7.957071429,4774200,1298
7.957071429,4774346,146
7.959194584,4775660,1314
7.959194584,4775790,130
7.961400298,4777120,1330
7.961400298,4777234,114
7.963523453,4778580,1346
7.963523453,4778678,98
7.965646608,4780040,1362
7.965646608,4780122,82
7.967769763,4781500,1378
7.967769763,4781566,66
7.969892838,4782960,1394
7.969892838,4783010,50
7.972097176,4784420,1410
7.972097176,4784454,34
7.974219355,4785880,1426
7.974219355,4785898,18
7.976347614,4787340,1442
7.976347614,4787342,2
7.978469473,4788794,1452
7.980592628,4788800,6
7.980592628,4790239,1439
7.982715783,4790260,21
7.982715783,4791684,1424
7.984838938,4791720,36
7.984838938,4793129,1409
7.986962093,4793180,51
7.986962093,4794574,1394
7.989167807,4794640,66
7.989167807,4796018,1378
7.991290962,4796100,82
7.991290962,4797462,1362
7.993414117,4797560,98
7.993414117,4798906,1346
7.995537672,4799020,114
7.995537672,4800350,1330
7.997667307,4800480,130
7.997667307,4801794,1314
7.999873021,4801940,146
7.999873021,4803238,1298
8.001996176,4803400,162
8.001996176,4804682,1282
8.004119331,4804860,178
8.004119331,4806126,1266
8.006242486,4806320,194
8.006242486,4807570,1250
8.008365641,4807780,210
8.008365641,4809014,1234
8.010571355,4809240,226
8.010571355,4810458,1218
8.012694510,4810700,242
8.012694510,4811902,1202
8.014818065,4812160,258
8.014818065,4813346,1186
8.016947700,4813620,274
8.016947700,4814790,1170
8.019070855,4815080,290
8.019070855,4816234,1154
8.021194010,4816540,306
8.021194010,4817678,1138
8.023317165,4818000,322
8.023317165,4819122,1122
8.025440320,4819460,338
8.025440320,4820566,1106
8.027646034,4820920,354
8.027646034,4822010,1090
8.029769189,4822380,370
8.029769189,4823454,1074
8.031892344,4823840,386
8.031892344,4824898,1058
8.034015499,4825300,402
8.034015499,4826342,1042
8.036139054,4826760,418
8.036139054,4827786,1026
8.038268689,4828220,434
8.038268689,4829230,1010
8.040474403,4829680,450
8.040474403,4830674,994
8.042597558,4831140,466
8.042597558,4832118,978
8.044720713,4832600,482
8.044720713,4833562,962
8.046843868,4834060,498
8.046843868,4835006,946
8.048967023,4835520,514
8.048967023,4836450,930
8.051090178,4836980,530
8.051090178,4837894,914
8.052277856,4838440,546
8.052277856,4839338,898
8.054467295,4839900,562
8.054467295,4840782,882
8.056748965,4841360,578
8.056748965,4842226,866
8.058938404,4842820,594
8.058938404,4843670,850
8.061127843,4844280,610
8.061127843,4845114,834
8.063317282,4845740,626
8.063317282,4846558,818
8.065506721,4847200,642
8.065506721,4848002,802
8.067781297,4848660,658
8.067781297,4849446,786
8.069970736,4850120,674
8.069970736,4850890,770
8.072160175,4851580,690
8.072160175,4852334,754
8.074349614,4853040,706
8.074349614,4853778,738
8.076539453,4854500,722
8.076539453,4855222,722
8.078820724,4855960,738
8.078820724,4856666,706
8.081010163,4857420,754
8.081010163,4858110,690
8.083199602,4858880,770
8.083199602,4859554,674
8.085389041,4860340,786
8.085389041,4860998,658
8.087578480,4861800,802
8.087578480,4862442,642
8.089767919,4863260,818
8.089767919,4863886,626
8.091957358,4864720,834
8.091957358,4865330,610
8.094146797,4866180,850
8.094146797,4866774,594
8.096421773,4867640,866
8.096421773,4868218,578
8.098617907,4869100,882
8.098617907,4869662,562
8.100807346,4870560,898
8.100807346,4871106,546
8.102996785,4872020,914
8.102996785,4872550,530
8.105186224,4873480,930
8.105186224,4873994,514
8.107460800,4874940,946
8.107460800,4875438,498
8.109650239,4876400,962
8.109650239,4876882,482
8.111839678,4877860,978
8.111839678,4878326,466
8.114029117,4879320,994
8.114029117,4879770,450
8.116218556,4880780,1010
8.116218556,4881214,434
8.118408395,4882240,1026
8.118408395,4882658,418
8.120604529,4883700,1042
8.120604529,4884102,402
8.122793968,4885160,1058
8.122793968,4885546,386
8.125068544,4886620,1074
8.125068544,4886990,370
8.127257983,4888080,1090
8.127257983,4888434,354
8.129447422,4889540,1106
8.129447422,4889878,338
8.131636861,4891000,1122
8.131636861,4891322,322
8.133826300,4892460,1138
8.133826300,4892766,306
8.136100876,4893920,1154
8.136100876,4894210,290
8.138290715,4895380,1170
8.138290715,4895654,274
8.140486849,4896840,1186
8.140486849,4897098,258
8.142676288,4898300,1202
8.142676288,4898542,242
8.144865727,4899760,1218
8.144865727,4899986,226
8.147055166,4901220,1234
8.147055166,4901430,210
8.149244605,4902680,1250
8.149244605,4902874,194
8.152378900,4904140,1266
8.152378900,4904318,178
8.154976014,4905600,1282
8.154976014,4905762,162
8.157422839,4907060,1298
8.157422839,4907206,146
8.159869664,4908520,1314
8.159869664,4908650,130
8.162316889,4909980,1330
8.162316889,4910094,114
8.164771242,4911440,1346
8.164771242,4911538,98
8.167313212,4912900,1362
8.167313212,4912982,82
8.169760037,4914360,1378
8.169760037,4914426,66
8.172206782,4915820,1394
8.172206782,4915870,50
8.174652021,4917280,1410
8.174652021,4917314,34
8.177097260,4918740,1426
8.177097260,4918758,18
8.179637644,4920200,1442
8.179637644,4920202,2
8.182082963,4921654,1452
8.184530188,4921660,6
8.184530188,4923099,1439
8.186984541,4923120,21
8.186984541,4924544,1424
8.189431366,4924580,36
8.189431366,4925989,1409
8.191878191,4926040,51
8.191878191,4927434,1394
8.194325016,4927500,66
8.194325016,4928878,1378
8.196771841,4928960,82
8.196771841,4930322,1362
8.199313811,4930420,98
8.199313811,4931766,1346
8.201760636,4931880,114
8.201760636,4933210,1330
8.204207461,4933340,130
8.204207461,4934654,1314
8.206654286,4934800,146
8.206654286,4936098,1298
8.209101511,4936260,162
8.209101511,4937542,1282
8.211651009,4937720,178
8.211651009,4938986,1266
8.214097834,4939180,194
8.214097834,4940430,1250
8.216544659,4940640,210
8.216544659,4941874,1234
8.218991484,4942100,226
8.218991484,4943318,1218
8.221438309,4943560,242
8.221438309,4944762,1202
8.223885134,4945020,258
8.223885134,4946206,1186
8.226331959,4946480,274
8.226331959,4947650,1170
8.228778784,4947940,290
8.228778784,4949094,1154
8.231321154,4949400,306
8.231321154,4950538,1138
8.233775507,4950860,322
8.233775507,4951982,1122
8.236222332,4952320,338
8.236222332,4953426,1106
8.238669157,4953780,354
8.238669157,4954870,1090
8.241115982,4955240,370
8.241115982,4956314,1074
8.243657952,4956700,386
8.243657952,4957758,1058
8.246104777,4958160,402
8.246104777,4959202,1042
8.248551602,4959620,418
8.248551602,4960646,1026
8.250998427,4961080,434
8.250998427,4962090,1010
8.253441972,4962540,450
8.253441972,4963534,994
8.254871169,4964000,466
8.254871169,4964978,978
8.257304146,4965460,482
8.257304146,4966422,962
8.259729663,4966920,498
8.259729663,4967866,946
8.262249496,4968380,514
8.262249496,4969310,930
8.264675013,4969840,530
8.264675013,4970754,914
8.267100530,4971300,546
8.267100530,4972198,898
8.269526047,4972760,562
8.269526047,4973642,882
8.271951564,4974220,578
8.271951564,4975086,866
8.274471397,4975680,594
8.274471397,4976530,850
8.276897314,4977140,610
8.276897314,4977974,834
8.279330291,4978600,626
8.279330291,4979418,818
8.281755808,4980060,642
8.281755808,4980862,802
8.284181325,4981520,658
8.284181325,4982306,786
8.286701158,4982980,674
8.286701158,4983750,770
8.289126675,4984440,690
8.289126675,4985194,754
8.291552192,4985900,706
8.291552192,4986638,738
8.293977709,4987360,722
8.293977709,4988082,722
8.296403226,4988820,738
8.296403226,4989526,706
8.298828743,4990280,754
8.298828743,4990970,690
8.301254660,4991740,770
8.301254660,4992414,674
8.303687637,4993200,786
8.303687637,4993858,658
8.306207470,4994660,802
8.306207470,4995302,642
8.308632987,4996120,818
8.308632987,4996746,626
8.311058504,4997580,834
8.311058504,4998190,610
8.313484021,4999040,850
8.313484021,4999634,594
8.315909538,5000500,866
8.315909538,5001078,578
8.318429371,5001960,882
8.318429371,5002522,562
8.320854888,5003420,898
8.320854888,5003966,546
8.323280805,5004880,914
8.323280805,5005410,530
8.325713782,5006340,930
8.325713782,5006854,514
8.328139299,5007800,946
8.328139299,5008298,498
8.330564816,5009260,962
8.330564816,5009742,482
8.332990333,5010720,978
8.332990333,5011186,466
8.335415850,5012180,994
8.335415850,5012630,450
8.337935683,5013640,1010
8.337935683,5014074,434
8.340361200,5015100,1026
8.340361200,5015518,418
8.342786717,5016560,1042
8.342786717,5016962,402
8.345212234,5018020,1058
8.345212234,5018406,386
8.347638151,5019480,1074
8.347638151,5019850,370
8.351106630,5020940,1090
8.351106630,5021294,354
8.353474179,5022400,1106
8.353474179,5022738,338
8.355782914,5023860,1122
8.355782914,5024182,322
8.358091649,5025320,1138
8.358091649,5025626,306
8.360400384,5026780,1154
8.360400384,5027070,290
8.362709119,5028240,1170
8.362709119,5028514,274
8.365017854,5029700,1186
8.365017854,5029958,258
8.367326589,5031160,1202
8.367326589,5031402,242
8.369725499,5032620,1218
8.369725499,5032846,226
8.372041316,5034080,1234
8.372041316,5034290,210
8.374350051,5035540,1250
8.374350051,5035734,194
8.376658786,5037000,1266
8.376658786,5037178,178
8.378967521,5038460,1282
8.378967521,5038622,162
8.381366031,5039920,1298
8.381366031,5040066,146
8.383674766,5041380,1314
8.383674766,5041510,130
8.385983501,5042840,1330
8.385983501,5042954,114
8.388292236,5044300,1346
8.388292236,5044398,98
8.390600971,5045760,1362
8.390600971,5045842,82
8.393006963,5047220,1378
8.393006963,5047286,66
8.395315618,5048680,1394
8.395315618,5048730,50
8.397622857,5050140,1410
8.397622857,5050174,34
8.399930096,5051600,1426
8.399930096,5051618,18
8.402237335,5053060,1442
8.402237335,5053062,2
8.404544654,5054514,1452
8.406853389,5054520,6
8.406853389,5055959,1439
8.409162124,5055980,21
8.409162124,5057404,1424
8.411560634,5057440,36
8.411560634,5058849,1409
8.413869769,5058900,51
8.413869769,5060294,1394
8.416185586,5060360,66
8.416185586,5061738,1378
8.418494321,5061820,82
8.418494321,5063182,1362
8.420803056,5063280,98
8.420803056,5064626,1346
8.423201566,5064740,114
8.423201566,5066070,1330
8.425510301,5066200,130
8.425510301,5067514,1314
8.427819036,5067660,146
8.427819036,5068958,1298
8.430127771,5069120,162
8.430127771,5070402,1282
8.432436506,5070580,178
8.432436506,5071846,1266
8.434745241,5072040,194
8.434745241,5073290,1250
8.437054376,5073500,210
8.437054376,5074734,1234
8.439370193,5074960,226
8.439370193,5076178,1218
8.441768703,5076420,242
8.441768703,5077622,1202
8.444077438,5077880,258
8.444077438,5079066,1186
8.446386173,5079340,274
8.446386173,5080510,1170
8.448694908,5080800,290
8.448694908,5081954,1154
8.451003643,5082260,306
8.451003643,5083398,1138
8.452528894,5083720,322
8.452528894,5084842,1122
8.454967830,5085180,338
8.454967830,5086286,1106
8.457407166,5086640,354
8.457407166,5087730,1090
8.459853605,5088100,370
8.459853605,5089174,1074
8.462292541,5089560,386
8.462292541,5090618,1058
8.464731477,5091020,402
8.464731477,5092062,1042
8.467265251,5092480,418
8.467265251,5093506,1026
8.469704187,5093940,434
8.469704187,5094950,1010
8.472143123,5095400,450
8.472143123,5096394,994
8.474582059,5096860,466
8.474582059,5097838,978
8.477020995,5098320,482
8.477020995,5099282,962
8.479459931,5099780,498
8.479459931,5100726,946
8.481899267,5101240,514
8.481899267,5102170,930
8.484345706,5102700,530
8.484345706,5103614,914
8.486879480,5104160,546
8.486879480,5105058,898
8.489318416,5105620,562
8.489318416,5106502,882
8.491757352,5107080,578
8.491757352,5107946,866
8.494196288,5108540,594
8.494196288,5109390,850
8.496635224,5110000,610
8.496635224,5110834,834
8.499168998,5111460,626
8.499168998,5112278,818
8.501607934,5112920,642
8.501607934,5113722,802
8.504047270,5114380,658
8.504047270,5115166,786
8.506493709,5115840,674
8.506493709,5116610,770
8.508932645,5117300,690
8.508932645,5118054,754
8.511371581,5118760,706
8.511371581,5119498,738
8.513810517,5120220,722
8.513810517,5120942,722
8.516249453,5121680,738
8.516249453,5122386,706
8.518783227,5123140,754
8.518783227,5123830,690
8.521222163,5124600,770
8.521222163,5125274,674
8.523661099,5126060,786
8.523661099,5126718,658
8.526100035,5127520,802
8.526100035,5128162,642
8.528539371,5128980,818
8.528539371,5129606,626
8.531080648,5130440,834
8.531080648,5131050,610
8.533519584,5131900,850
8.533519584,5132494,594
8.535958520,5133360,866
8.535958520,5133938,578
8.538397456,5134820,882
8.538397456,5135382,562
8.540836392,5136280,898
8.540836392,5136826,546
8.543275328,5137740,914
8.543275328,5138270,530
8.545714264,5139200,930
8.545714264,5139714,514
8.548153200,5140660,946
8.548153200,5141158,498
8.551634749,5142120,962
8.551634749,5142602,482
8.553959683,5143580,978
8.553959683,5144046,466
8.556225051,5145040,994
8.556225051,5145490,450
8.558490419,5146500,1010
8.558490419,5146934,434
8.560755787,5147960,1026
8.560755787,5148378,418
8.563109244,5149420,1042
8.563109244,5149822,402
8.565374612,5150880,1058
8.565374612,5151266,386
8.567639980,5152340,1074
8.567639980,5152710,370
8.569905348,5153800,1090
8.569905348,5154154,354
8.572170716,5155260,1106
8.572170716,5155598,338
8.574531514,5156720,1122
8.574531514,5157042,322
8.576796882,5158180,1138
8.576796882,5158486,306
8.579062250,5159640,1154
8.579062250,5159930,290
8.581327618,5161100,1170
8.581327618,5161374,274
8.583592986,5162560,1186
8.583592986,5162818,258
8.585858354,5164020,1202
8.585858354,5164262,242
8.588123722,5165480,1218
8.588123722,5165706,226
8.590389090,5166940,1234
8.590389090,5167150,210
8.592742547,5168400,1250
8.592742547,5168594,194
8.595008315,5169860,1266
8.595008315,5170038,178
8.597280624,5171320,1282
8.597280624,5171482,162
8.599545992,5172780,1298
8.599545992,5172926,146
8.601811360,5174240,1314
8.601811360,5174370,130
8.604164817,5175700,1330
8.604164817,5175814,114
8.606430185,5177160,1346
8.606430185,5177258,98
8.608695553,5178620,1362
8.608695553,5178702,82
8.610960921,5180080,1378
8.610960921,5180146,66
8.613226209,5181540,1394
8.613226209,5181590,50
8.615490109,5183000,1410
8.615490109,5183034,34
8.617754409,5184460,1426
8.617754409,5184478,18
8.620025250,5185920,1442
8.620025250,5185922,2
8.622377319,5187374,1452
8.624642687,5187380,6
8.624642687,5188819,1439
8.626908055,5188840,21
8.626908055,5190264,1424
8.629173423,5190300,36
8.629173423,5191709,1409
8.631438791,5191760,51
8.631438791,5193154,1394
8.633792248,5193220,66
8.633792248,5194598,1378
8.636057616,5194680,82
8.636057616,5196042,1362
8.638323384,5196140,98
8.638323384,5197486,1346
8.640595693,5197600,114
8.640595693,5198930,1330
8.642861061,5199060,130
8.642861061,5200374,1314
8.645126429,5200520,146
8.645126429,5201818,1298
8.647391797,5201980,162
8.647391797,5203262,1282
8.649657165,5203440,178
8.649657165,5204706,1266
8.654952850,5204900,194
8.654952850,5206150,1250
8.657358556,5206360,210
8.657358556,5207594,1234
8.659706490,5207820,226
8.659706490,5209038,1218
8.662054424,5209280,242
8.662054424,5210482,1202
8.664402758,5210740,258
8.664402758,5211926,1186
8.666849200,5212200,274
8.666849200,5213370,1170
8.669197134,5213660,290
8.669197134,5214814,1154
8.671545068,5215120,306
8.671545068,5216258,1138
8.673893002,5216580,322
8.673893002,5217702,1122
8.676240936,5218040,338
8.676240936,5219146,1106
8.678588870,5219500,354
8.678588870,5220590,1090
8.681028104,5220960,370
8.681028104,5222034,1074
8.683376038,5222420,386
8.683376038,5223478,1058
8.685724372,5223880,402
8.685724372,5224922,1042
8.688079514,5225340,418
8.688079514,5226366,1026
8.690427448,5226800,434
8.690427448,5227810,1010
8.692775382,5228260,450
8.692775382,5229254,994
8.695123316,5229720,466
8.695123316,5230698,978
8.697562550,5231180,482
8.697562550,5232142,962
8.699910484,5232640,498
8.699910484,5233586,946
8.702258418,5234100,514
8.702258418,5235030,930
8.704606352,5235560,530
8.704606352,5236474,914
8.706954286,5237020,546
8.706954286,5237918,898
8.709302620,5238480,562
8.709302620,5239362,882
8.711749062,5239940,578
8.711749062,5240806,866
8.714096996,5241400,594
8.714096996,5242250,850
8.715166721,5242860,610
8.715166721,5242880,20
