elapsed_s,rx_app,packet_bytes
0.162310417,1456,1456
0.164606479,1460,4
0.164606479,2905,1445
0.168630548,2920,15
0.168630548,4354,1434
0.178630548,4380,26
0.178630548,5803,1423
0.274199743,5840,37
0.274199743,7252,1412
0.276494118,7300,48
0.276494118,8701,1401
0.278788493,8760,59
0.278788493,10150,1390
0.281082868,10220,70
0.281082868,11598,1378
0.283377243,11680,82
0.283377243,13046,1366
0.285671618,13140,94
0.285671618,14494,1354
0.294201287,14600,106
0.294201287,15942,1342
0.296496062,16060,118
0.296496062,17390,1330
0.383383214,17520,130
0.383383214,18834,1314
0.385706610,18980,146
0.385706610,20278,1298
0.388030006,20440,162
0.388030006,21722,1282
0.390353402,21900,178
0.390353402,23166,1266
0.392676798,23360,194
0.392676798,24610,1250
0.395000194,24820,210
0.395000194,26054,1234
0.397323430,26280,226
0.397323430,27498,1218
0.399643813,27740,242
0.399643813,28942,1202
0.401964196,29200,258
0.401964196,30386,1186
0.404284979,30660,274
0.404284979,31830,1170
0.406612495,32120,290
0.406612495,33274,1154
0.408932878,33580,306
0.408932878,34718,1138
0.411339145,35040,322
0.411339145,36162,1122
0.413659528,36500,338
0.413659528,37606,1106
0.415979911,37960,354
0.415979911,39050,1090
0.418300294,39420,370
0.418300294,40494,1074
0.493505138,40880,386
0.493505138,41938,1058
0.495698230,42340,402
0.495698230,43382,1042
0.497897632,43800,418
0.497897632,44826,1026
0.500090324,45260,434
0.500090324,46270,1010
0.502283016,46720,450
0.502283016,47714,994
0.504475708,48180,466
0.504475708,49158,978
0.506668240,49640,482
0.506668240,50602,962
0.508858088,51100,498
0.508858088,52046,946
0.511047936,52560,514
0.511047936,53490,930
0.513237784,54020,530
0.513237784,54934,914
0.515427632,55480,546
0.515427632,56378,898
0.517617480,56940,562
0.517617480,57822,882
0.519807728,58400,578
0.519807728,59266,866
0.522004286,59860,594
0.522004286,60710,850
0.524194134,61320,610
0.524194134,62154,834
0.526383982,62780,626
0.526383982,63598,818
0.528573830,64240,642
0.528573830,65042,802
0.530763678,65700,658
0.530763678,66486,786
0.533034578,67160,674
0.533034578,67930,770
0.535224426,68620,690
0.535224426,69374,754
0.537414274,70080,706
0.537414274,70818,738
0.539604122,71540,722
0.539604122,72262,722
0.541794370,73000,738
0.541794370,73706,706
0.543990928,74460,754
0.543990928,75150,690
0.546180776,75920,770
0.546180776,76594,674
0.548370624,77380,786
0.548370624,78038,658
0.550560472,78840,802
0.550560472,79482,642
0.553687142,80300,818
0.553687142,80926,626
0.556145082,81760,834
0.556145082,82370,610
0.558454371,83220,850
0.558454371,83814,594
0.560763660,84680,866
0.560763660,85258,578
0.563072949,86140,882
0.563072949,86702,562
0.602588768,87600,898
0.602588768,88146,546
0.604898057,89060,914
0.604898057,89590,530
0.608674065,90520,930
0.608674065,91034,514
0.610983354,91980,946
0.610983354,92478,498
0.613292643,93440,962
0.613292643,93922,482
0.615601932,94900,978
0.615601932,95366,466
0.617911221,96360,994
0.617911221,96810,450
0.620220510,97820,1010
0.620220510,98254,434
0.622615272,99280,1026
0.622615272,99698,418
0.624924961,100740,1042
0.624924961,101142,402
0.627241348,102200,1058
0.627241348,102586,386
0.629550637,103660,1074
0.629550637,104030,370
0.631859926,105120,1090
0.631859926,105474,354
0.634169215,106580,1106
0.634169215,106918,338
0.636478504,108040,1122
0.636478504,108362,322
0.638787793,109500,1138
0.638787793,109806,306
0.641097082,110960,1154
0.641097082,111250,290
0.643406371,112420,1170
0.643406371,112694,274
0.645715660,113880,1186
0.645715660,114138,258
0.648024949,115340,1202
0.648024949,115582,242
0.650427209,116800,1218
0.650427209,117026,226
0.652736498,118260,1234
0.652736498,118470,210
0.655042747,119720,1250
0.655042747,119914,194
0.656180783,121180,1266
0.656180783,121358,178
0.658315779,122640,1282
0.658315779,122802,162
0.660450775,124100,1298
0.660450775,124246,146
0.662585771,125560,1314
0.662585771,125690,130
0.664720767,127020,1330
0.664720767,127134,114
0.666855763,128480,1346
0.666855763,128578,98
0.668990759,129940,1362
0.668990759,130022,82
0.671126155,131400,1378
0.671126155,131466,66
0.673267603,132860,1394
0.673267603,132910,50
0.675480235,134320,1410
0.675480235,134354,34
0.677613845,135780,1426
0.677613845,135798,18
0.679747455,137240,1442
0.679747455,137242,2
0.681881145,138694,1452
0.684016141,138700,6
0.684016141,140139,1439
0.686151137,140160,21
0.686151137,141584,1424
0.688286133,141620,36
0.688286133,143029,1409
0.690421129,143080,51
0.690421129,144474,1394
0.692556525,144540,66
0.692556525,145918,1378
0.694698053,146000,82
0.694698053,147362,1362
0.696833049,147460,98
0.696833049,148806,1346
0.698968045,148920,114
0.698968045,150250,1330
0.701103041,150380,130
0.701103041,151694,1314
0.703238037,151840,146
0.703238037,153138,1298
0.705373033,153300,162
0.705373033,154582,1282
0.707508029,154760,178
0.707508029,156026,1266
0.709722047,156220,194
0.709722047,157470,1250
0.711857043,157680,210
0.711857043,158914,1234
0.713992439,159140,226
0.713992439,160358,1218
0.716133967,160600,242
0.716133967,161802,1202
0.718268963,162060,258
0.718268963,163246,1186
0.720403959,163520,274
0.720403959,164690,1170
0.722538955,164980,290
0.722538955,166134,1154
0.724673951,166440,306
0.724673951,167578,1138
0.726808947,167900,322
0.726808947,169022,1122
0.728943943,169360,338
0.728943943,170466,1106
0.731157961,170820,354
0.731157961,171910,1090
0.733292957,172280,370
0.733292957,173354,1074
0.735428353,173740,386
0.735428353,174798,1058
0.737569881,175200,402
0.737569881,176242,1042
0.739704877,176660,418
0.739704877,177686,1026
0.741839873,178120,434
0.741839873,179130,1010
0.744054051,179580,450
0.744054051,180574,994
0.746191820,181040,466
0.746191820,182018,978
0.748329589,182500,482
0.748329589,183462,962
0.750467358,183960,498
0.750467358,184906,946
0.752605127,185420,514
0.752605127,186350,930
0.755072112,186880,530
0.755072112,187794,914
0.757639728,188340,546
0.757639728,189238,898
0.760103513,189800,562
0.760103513,190682,882
0.762567298,191260,578
0.762567298,192126,866
0.765031083,192720,594
0.765031083,193570,850
0.767494868,194180,610
0.767494868,195014,834
0.769958653,195640,626
0.769958653,196458,818
0.772422438,197100,642
0.772422438,197902,802
0.774886223,198560,658
0.774886223,199346,786
0.777350008,200020,674
0.777350008,200790,770
0.779813793,201480,690
0.779813793,202234,754
0.782376769,202940,706
0.782376769,203678,738
0.784840554,204400,722
0.784840554,205122,722
0.787304339,205860,738
0.787304339,206566,706
0.789768124,207320,754
0.789768124,208010,690
0.792231909,208780,770
0.792231909,209454,674
0.794695694,210240,786
0.794695694,210898,658
0.797159479,211700,802
0.797159479,212342,642
0.799623264,213160,818
0.799623264,213786,626
0.802087049,214620,834
0.802087049,215230,610
0.804550834,216080,850
0.804550834,216674,594
0.807015019,217540,866
0.807015019,218118,578
0.809486404,219000,882
0.809486404,219562,562
0.812041381,220460,898
0.812041381,221006,546
0.814505166,221920,914
0.814505166,222450,530
0.816968951,223380,930
0.816968951,223894,514
0.819432736,224840,946
0.819432736,225338,498
0.821896521,226300,962
0.821896521,226782,482
0.824360306,227760,978
0.824360306,228226,466
0.826824091,229220,994
0.826824091,229670,450
0.829287876,230680,1010
0.829287876,231114,434
0.831752061,232140,1026
0.831752061,232558,418
0.834223446,233600,1042
0.834223446,234002,402
0.836687231,235060,1058
0.836687231,235446,386
0.839151016,236520,1074
0.839151016,236890,370
0.841614801,237980,1090
0.841614801,238334,354
0.844078586,239440,1106
0.844078586,239778,338
0.846542371,240900,1122
0.846542371,241222,322
0.849006156,242360,1138
0.849006156,242666,306
0.851561133,243820,1154
0.851561133,244110,290
0.854962983,245280,1170
0.854962983,245554,274
0.857384988,246740,1186
0.857384988,246998,258
0.859751919,248200,1202
0.859751919,248442,242
0.862111589,249660,1218
0.862111589,249886,226
0.864471259,251120,1234
0.864471259,251330,210
0.866830929,252580,1250
0.866830929,252774,194
0.869190599,254040,1266
0.869190599,254218,178
0.871550269,255500,1282
0.871550269,255662,162
0.873909939,256960,1298
0.873909939,257106,146
0.876269609,258420,1314
0.876269609,258550,130
0.878629279,259880,1330
0.878629279,259994,114
0.881076687,261340,1346
0.881076687,261438,98
0.883443618,262800,1362
0.883443618,262882,82
0.885803288,264260,1378
0.885803288,264326,66
0.888162878,265720,1394
0.888162878,265770,50
0.890521016,267180,1410
0.890521016,267214,34
0.892879154,268640,1426
0.892879154,268658,18
0.895237292,270100,1442
0.895237292,270102,2
0.897595510,271554,1452
0.899955180,271560,6
0.899955180,272999,1439
0.902370035,273020,21
0.902370035,274444,1424
0.904674520,274480,36
0.904674520,275889,1409
0.907329936,275940,51
0.907329936,277334,1394
0.911715226,277400,66
0.911715226,278778,1378
0.916434551,278860,82
0.916434551,280222,1362
1.361466171,280320,98
1.361466171,408749,128429
1.364354813,408800,51
1.364354813,424634,15834
1.366568302,424860,226
1.366568302,567602,142742
1.368698538,567940,338
1.368698538,569046,1106
1.370810730,569400,354
1.370810730,570490,1090
1.372922922,570860,370
1.372922922,571934,1074
1.375117247,572320,386
1.375117247,573378,1058
1.377229439,573780,402
1.377229439,574822,1042
1.379341631,575240,418
1.379341631,576266,1026
1.381453823,576700,434
1.381453823,577710,1010
1.383566015,578160,450
1.383566015,579154,994
1.385678207,579620,466
1.385678207,580598,978
1.387790799,581080,482
1.387790799,582042,962
1.389909435,582540,498
1.389909435,583486,946
1.392103760,584000,514
1.392103760,584930,930
1.394215952,585460,530
1.394215952,586374,914
1.396328144,586920,546
1.396328144,587818,898
1.398440336,588380,562
1.398440336,589262,882
1.400552528,589840,578
1.400552528,590706,866
1.402664720,591300,594
1.402664720,592150,850
1.404776912,592760,610
1.404776912,593594,834
1.406889104,594220,626
1.406889104,595038,818
1.409090273,595680,642
1.409090273,596482,802
1.411202465,597140,658
1.411202465,597926,786
1.413314657,598600,674
1.413314657,599370,770
1.415426849,600060,690
1.415426849,600814,754
1.417539041,601520,706
1.417539041,602258,738
1.419651233,602980,722
1.419651233,603702,722
1.421763425,604440,738
1.421763425,605146,706
1.423875617,605900,754
1.423875617,606590,690
1.425987809,607360,770
1.425987809,608034,674
1.428182534,608820,786
1.428182534,609478,658
1.430301170,610280,802
1.430301170,610922,642
1.432413362,611740,818
1.432413362,612366,626
1.434525554,613200,834
1.434525554,613810,610
1.436690590,614660,850
1.436690590,615254,594
1.438749938,616120,866
1.438749938,616698,578
1.441770522,617580,882
1.441770522,618142,562
1.443826590,619040,898
1.443826590,619586,546
1.445964791,620500,914
1.445964791,621030,530
1.448020859,621960,930
1.448020859,622474,514
1.450076927,623420,946
1.450076927,623918,498
1.452132995,624880,962
1.452132995,625362,482
1.454224326,626340,978
1.454224326,626806,466
1.456315657,627800,994
1.456315657,628250,450
1.458406988,629260,1010
1.458406988,629694,434
1.460498319,630720,1026
1.460498319,631138,418
1.462673191,632180,1042
1.462673191,632582,402
1.464935780,633640,1058
1.464935780,634026,386
1.467141283,635100,1074
1.467141283,635470,370
1.469232614,636560,1090
1.469232614,636914,354
1.471323945,638020,1106
1.471323945,638358,338
1.473415276,639480,1122
1.473415276,639802,322
1.475506607,640940,1138
1.475506607,641246,306
1.477769196,642400,1154
1.477769196,642690,290
1.479860527,643860,1170
1.479860527,644134,274
1.482213619,645320,1186
1.482213619,645578,258
1.484304950,646780,1202
1.484304950,647022,242
1.486396281,648240,1218
1.486396281,648466,226
1.488487612,649700,1234
1.488487612,649910,210
1.490750201,651160,1250
1.490750201,651354,194
1.492841532,652620,1266
1.492841532,652798,178
1.494932863,654080,1282
1.494932863,654242,162
1.497194060,655540,1298
1.497194060,655686,146
1.499487282,657000,1314
1.499487282,657130,130
1.501578613,658460,1330
1.501578613,658574,114
1.503669944,659920,1346
1.503669944,660018,98
1.505761275,661380,1362
1.505761275,661462,82
1.507852606,662840,1378
1.507852606,662906,66
1.509943937,664300,1394
1.509943937,664350,50
1.512205134,665760,1410
1.512205134,665794,34
1.514296465,667220,1426
1.514296465,667238,18
1.516642595,668680,1442
1.516642595,668682,2
1.518733926,670134,1452
1.520825257,670140,6
1.520825257,671579,1439
1.523087846,671600,21
1.523087846,673024,1424
1.525179177,673060,36
1.525179177,674469,1409
1.527270508,674520,51
1.527270508,675914,1394
1.529361839,675980,66
1.529361839,677358,1378
1.531624428,677440,82
1.531624428,678802,1362
1.533829931,678900,98
1.533829931,680246,1346
1.536011765,680360,114
1.536011765,681690,1330
1.538103096,681820,130
1.538103096,683134,1314
1.540194427,683280,146
1.540194427,684578,1298
1.542285758,684740,162
1.542285758,686022,1282
1.544377089,686200,178
1.544377089,687466,1266
1.546471700,687660,194
1.546471700,688910,1250
1.548620117,689120,210
1.548620117,690354,1234
1.550768534,690580,226
1.550768534,691798,1218
1.553937063,692040,242
1.553937063,693242,1202
1.556135921,693500,258
1.556135921,694686,1186
1.558277468,694960,274
1.558277468,696130,1170
1.560412497,696420,290
1.560412497,697574,1154
1.562547526,697880,306
1.562547526,699018,1138
1.564682555,699340,322
1.564682555,700462,1122
1.566817584,700800,338
1.566817584,701906,1106
1.568952613,702260,354
1.568952613,703350,1090
1.571087642,703720,370
1.571087642,704794,1074
1.573305692,705180,386
1.573305692,706238,1058
1.575440721,706640,402
1.575440721,707682,1042
1.577665689,708100,418
1.577665689,709126,1026
1.579883739,709560,434
1.579883739,710570,1010
1.582128950,711020,450
1.582128950,712014,994
1.584207248,712480,466
1.584207248,713458,978
1.586288826,713940,482
1.586288826,714902,962
1.588477306,715400,498
1.588477306,716346,946
1.590641905,716860,514
1.590641905,717790,930
1.592776934,718320,530
1.592776934,719234,914
1.594972332,719780,546
1.594972332,720678,898
1.597053910,721240,562
1.597053910,722122,882
1.599188939,722700,578
1.599188939,723566,866
1.601377419,724160,594
1.601377419,725010,850
1.603542018,725620,610
1.603542018,726454,834
1.605730498,727080,626
1.605730498,727898,818
1.607812076,728540,642
1.607812076,729342,802
1.609947105,730000,658
1.609947105,730786,786
1.612135585,731460,674
1.612135585,732230,770
1.614390994,732920,690
1.614390994,733674,754
1.616469292,734380,706
1.616469292,735118,738
1.618661052,735840,722
1.618661052,736562,722
1.620822371,737300,738
1.620822371,738006,706
1.622900669,738760,754
1.622900669,739450,690
1.624982247,740220,770
1.624982247,740894,674
1.627227458,741680,786
1.627227458,742338,658
1.629305756,743140,802
1.629305756,743782,642
1.631644186,744600,818
1.631644186,745226,626
1.633722484,746060,834
1.633722484,746670,610
1.635914244,747520,850
1.635914244,748114,594
1.637992542,748980,866
1.637992542,749558,578
1.640070840,750440,882
1.640070840,751002,562
1.642152418,751900,898
1.642152418,752446,546
1.644688202,753360,914
1.644688202,753890,530
1.646766500,754820,930
1.646766500,755334,514
1.648927819,756280,946
1.648927819,756778,498
1.651006117,757740,962
1.651006117,758222,482
1.653254608,759200,978
1.653254608,759666,466
1.654334975,760660,994
1.654334975,761110,450
1.656415342,762120,1010
1.656415342,762554,434
1.658862747,763580,1026
1.658862747,763998,418
1.660943114,765040,1042
1.660943114,765442,402
1.663023481,766500,1058
1.663023481,766886,386
1.665103848,767960,1074
1.665103848,768330,370
1.667184215,769420,1090
1.667184215,769774,354
1.669441868,770880,1106
1.669441868,771218,338
1.671605338,772340,1122
1.671605338,772662,322
1.673685705,773800,1138
1.673685705,774106,306
1.675766072,775260,1154
1.675766072,775550,290
1.678016800,776720,1170
1.678016800,776994,274
1.680097167,778180,1186
1.680097167,778438,258
1.682177534,779640,1202
1.682177534,779882,242
1.684428262,781100,1218
1.684428262,781326,226
1.686508629,782560,1234
1.686508629,782770,210
1.688792598,784020,1250
1.688792598,784214,194
1.690872965,785480,1266
1.690872965,785658,178
1.692953332,786940,1282
1.692953332,787102,162
1.695204060,788400,1298
1.695204060,788546,146
1.697284427,789860,1314
1.697284427,789990,130
1.699447897,791320,1330
1.699447897,791434,114
1.701695855,792780,1346
1.701695855,792878,98
1.703776222,794240,1362
1.703776222,794322,82
1.705856589,795700,1378
1.705856589,795766,66
1.708047760,797160,1394
1.708047760,797210,50
1.710128127,798620,1410
1.710128127,798654,34
1.712208494,800080,1426
1.712208494,800098,18
1.714288861,801540,1442
1.714288861,801542,2
1.716629617,802994,1452
1.718709984,803000,6
1.718709984,804439,1439
1.720790351,804460,21
1.720790351,805884,1424
1.723041079,805920,36
1.723041079,807329,1409
1.725178233,807380,51
1.725178233,808774,1394
1.727315387,808840,66
1.727315387,810218,1378
1.729478857,810300,82
1.729478857,811662,1362
1.731559224,811760,98
1.731559224,813106,1346
1.733642871,813220,114
1.733642871,814550,1330
1.735897244,814680,130
1.735897244,815994,1314
1.737977611,816140,146
1.737977611,817438,1298
1.740311442,817600,162
1.740311442,818882,1282
1.742391809,819060,178
1.742391809,820326,1266
1.744528963,820520,194
1.744528963,821770,1250
1.746666117,821980,210
1.746666117,823214,1234
1.748746484,823440,226
1.748746484,824658,1218
1.750830131,824900,242
1.750830131,826102,1202
1.754904103,826360,258
1.754904103,827546,1186
1.757165319,827820,274
1.757165319,828990,1170
1.759339740,829280,290
1.759339740,830434,1154
1.761601301,830740,306
1.761601301,831878,1138
1.763688659,832200,322
1.763688659,833322,1122
1.765779297,833660,338
1.765779297,834766,1106
1.767923633,835120,354
1.767923633,836210,1090
1.770151352,836580,370
1.770151352,837654,1074
1.772295688,838040,386
1.772295688,839098,1058
1.774493722,839500,402
1.774493722,840542,1042
1.776584360,840960,418
1.776584360,841986,1026
1.778728696,842420,434
1.778728696,843430,1010
1.780933679,843880,450
1.780933679,844874,994
1.783024317,845340,466
1.783024317,846318,978
1.785168653,846800,482
1.785168653,847762,962
1.787507048,848260,498
1.787507048,849206,946
1.789594406,849720,514
1.789594406,850650,930
1.791685044,851180,530
1.791685044,852094,914
1.793883078,852640,546
1.793883078,853538,898
1.796057099,854100,562
1.796057099,854982,882
1.798319060,855560,578
1.798319060,856426,866
1.800406418,857020,594
1.800406418,857870,850
1.802497056,858480,610
1.802497056,859314,834
1.804695090,859940,626
1.804695090,860758,818
1.806785728,861400,642
1.806785728,862202,802
1.808930064,862860,658
1.808930064,863646,786
1.811185076,864320,674
1.811185076,865090,770
1.813412795,865780,690
1.813412795,866534,754
1.815678036,867240,706
1.815678036,867978,738
1.817765394,868700,722
1.817765394,869422,722
1.819852752,870160,738
1.819852752,870866,706
1.821940110,871620,754
1.821940110,872310,690
1.824281785,873080,770
1.824281785,873754,674
1.826426121,874540,786
1.826426121,875198,658
1.828570457,876000,802
1.828570457,876642,642
1.830657815,877460,818
1.830657815,878086,626
1.832745173,878920,834
1.832745173,879530,610
1.835207753,880380,850
1.835207753,880974,594
1.837295111,881840,866
1.837295111,882418,578
1.839382469,883300,882
1.839382469,883862,562
1.841469827,884760,898
1.841469827,885306,546
1.843557185,886220,914
1.843557185,886750,530
1.845647823,887680,930
1.845647823,888194,514
1.847902835,889140,946
1.847902835,889638,498
1.849990193,890600,962
1.849990193,891082,482
1.852445824,892060,978
1.852445824,892526,466
1.854533182,893520,994
1.854533182,895414,1894
1.856029392,896440,1026
1.856029392,896858,418
1.858277497,897900,1042
1.858277497,898302,402
1.860626170,899360,1058
1.860626170,899746,386
1.863177825,900820,1074
1.863177825,901190,370
1.865425930,902280,1090
1.865425930,902634,354
1.867858133,903740,1106
1.867858133,904078,338
1.870106238,905200,1122
1.870106238,905522,322
1.872354343,906660,1138
1.872354343,906966,306
1.874794030,908120,1154
1.874794030,908410,290
1.877042135,909580,1170
1.877042135,909854,274
1.879502776,911040,1186
1.879502776,911298,258
1.881750881,912500,1202
1.881750881,912742,242
1.883998986,913960,1218
1.883998986,914186,226
1.886247091,915420,1234
1.886247091,915630,210
1.888495196,916880,1250
1.888495196,917074,194
1.891017203,918340,1266
1.891017203,918518,178
1.893449406,919800,1282
1.893449406,919962,162
1.895697511,921260,1298
1.895697511,921406,146
1.897945616,922720,1314
1.897945616,922850,130
1.900323937,924180,1330
1.900323937,924294,114
1.902572042,925640,1346
1.902572042,925738,98
1.904820147,927100,1362
1.904820147,927182,82
1.907247859,928560,1378
1.907247859,928626,66
1.909585768,930020,1394
1.909585768,930070,50
1.911833873,931480,1410
1.911833873,931514,34
1.914203213,932940,1426
1.914203213,932958,18
1.916451318,934400,1442
1.916451318,934402,2
1.918699423,935854,1452
1.921040612,935860,6
1.921040612,937299,1439
1.923477019,937320,21
1.923477019,938744,1424
1.925725124,938780,36
1.925725124,940189,1409
1.927976509,940240,51
1.927976509,941634,1394
1.930285980,941700,66
1.930285980,943078,1378
1.932653537,943160,82
1.932653537,944522,1362
1.935114178,944620,98
1.935114178,945966,1346
1.937362283,946080,114
1.937362283,947410,1330
1.939613668,947540,130
1.939613668,948854,1314
1.941923139,949000,146
1.941923139,950298,1298
1.944232610,950460,162
1.944232610,951742,1282
1.946542081,951920,178
1.946542081,953186,1266
1.948917122,953380,194
1.948917122,954630,1250
1.951439129,954840,210
1.951439129,956074,1234
1.952801304,956300,226
1.952801304,957518,1218
1.955041195,957760,242
1.955041195,958962,1202
1.957281086,959220,258
1.957281086,960406,1186
1.959520977,960680,274
1.959520977,961850,1170
1.961853624,962140,290
1.961853624,963294,1154
1.964273661,963600,306
1.964273661,964738,1138
1.966513552,965060,322
1.966513552,966182,1122
1.968944325,966520,338
1.968944325,967626,1106
1.971184216,967980,354
1.971184216,969070,1090
1.973424107,969440,370
1.973424107,970514,1074
1.975667278,970900,386
1.975667278,971958,1058
1.978026173,972360,402
1.978026173,973402,1042
1.980358820,973820,418
1.980358820,974846,1026
1.982778857,975280,434
1.982778857,976290,1010
1.985018748,976740,450
1.985018748,977734,994
1.987261919,978200,466
1.987261919,979178,978
1.989620814,979660,482
1.989620814,980622,962
1.991960917,981120,498
1.991960917,982066,946
1.994503238,982580,514
1.994503238,983510,930
1.996804271,984040,530
1.996804271,984954,914
1.999044162,985500,546
1.999044162,986398,898
2.001284053,986960,562
2.001284053,987842,882
2.003523944,988420,578
2.003523944,989286,866
2.005767115,989880,594
2.005767115,990730,850
2.008126010,991340,610
2.008126010,992174,834
2.010458657,992800,626
2.010458657,993618,818
2.013008434,994260,642
2.013008434,995062,802
2.015431751,995720,658
2.015431751,996506,786
2.017671642,997180,674
2.017671642,997950,770
2.019911533,998640,690
2.019911533,999394,754
2.022546610,1000100,706
2.022546610,1000838,738
2.024786501,1001560,722
2.024786501,1002282,722
2.027026392,1003020,738
2.027026392,1003726,706
2.029571993,1004480,754
2.029571993,1005170,690
2.031811884,1005940,770
2.031811884,1006614,674
2.034051775,1007400,786
2.034051775,1008058,658
2.036388598,1008860,802
2.036388598,1009502,642
2.038941655,1010320,818
2.038941655,1010946,626
2.041181546,1011780,834
2.041181546,1012390,610
2.043421437,1013240,850
2.043421437,1013834,594
2.045844754,1014700,866
2.045844754,1015278,578
2.048084645,1016160,882
2.048084645,1016722,562
2.050324536,1017620,898
2.050324536,1018166,546
2.055757103,1019080,914
2.055757103,1019610,530
2.058096230,1020540,930
2.058096230,1021054,514
2.060435357,1022000,946
2.060435357,1022498,498
2.062774484,1023460,962
2.062774484,1023942,482
2.065632205,1024920,978
2.065632205,1025386,466
2.068256325,1026380,994
2.068256325,1026830,450
2.070595452,1027840,1010
2.070595452,1028274,434
2.072934579,1029300,1026
2.072934579,1029718,418
2.075473045,1030760,1042
2.075473045,1031162,402
2.077812172,1032220,1058
2.077812172,1032606,386
2.080151299,1033680,1074
2.080151299,1034050,370
2.082681979,1035140,1090
2.082681979,1035494,354
2.085021106,1036600,1106
2.085021106,1036938,338
2.087581375,1038060,1122
2.087581375,1038382,322
2.089920502,1039520,1138
2.089920502,1039826,306
2.092259629,1040980,1154
2.092259629,1041270,290
2.094790309,1042440,1170
2.094790309,1042714,274
2.097129436,1043900,1186
2.097129436,1044158,258
2.099468563,1045360,1202
2.099468563,1045602,242
2.101901130,1046820,1218
2.101901130,1047046,226
2.337728763,1048280,1234
2.337728763,1094710,46430
2.340481669,1095000,290
2.340481669,1191458,96458
2.343127283,1192820,1362
2.343127283,1192902,82
2.345562163,1194280,1378
2.345562163,1194346,66
2.347996963,1195740,1394
2.347996963,1195790,50
2.352363479,1197200,1410
2.352363479,1197234,34
2.354567904,1198660,1426
2.354567904,1198678,18
2.356625482,1200120,1442
2.356625482,1200122,2
2.358683140,1201574,1452
2.360742052,1201580,6
2.360742052,1203019,1439
2.362801364,1203040,21
2.362801364,1204464,1424
2.364866548,1204500,36
2.364866548,1205909,1409
2.366925460,1205960,51
2.366925460,1207354,1394
2.368984372,1207420,66
2.368984372,1208798,1378
2.371123345,1208880,82
2.371123345,1210242,1362
2.373182257,1210340,98
2.373182257,1211686,1346
2.375241169,1211800,114
2.375241169,1213130,1330
2.377300081,1213260,130
2.377300081,1214574,1314
2.379358993,1214720,146
2.379358993,1216018,1298
2.381417905,1216180,162
2.381417905,1217462,1282
2.383477217,1217640,178
2.383477217,1218906,1266
2.385542401,1219100,194
2.385542401,1220350,1250
2.387681374,1220560,210
2.387681374,1221794,1234
2.389740286,1222020,226
2.389740286,1223238,1218
2.391799198,1223480,242
2.391799198,1224682,1202
2.393858110,1224940,258
2.393858110,1226126,1186
2.395917022,1226400,274
2.395917022,1227570,1170
2.397975934,1227860,290
2.397975934,1229014,1154
2.400034846,1229320,306
2.400034846,1230458,1138
2.402093758,1230780,322
2.402093758,1231902,1122
2.404239403,1232240,338
2.404239403,1233346,1106
2.406298315,1233700,354
2.406298315,1234790,1090
2.408357227,1235160,370
2.408357227,1236234,1074
2.410416139,1236620,386
2.410416139,1237678,1058
2.412475051,1238080,402
2.412475051,1239122,1042
2.414533963,1239540,418
2.414533963,1240566,1026
2.416592875,1241000,434
2.416592875,1242010,1010
2.418731848,1242460,450
2.418731848,1243454,994
2.420790760,1243920,466
2.420790760,1244898,978
2.422850072,1245380,482
2.422850072,1246342,962
2.424915256,1246840,498
2.424915256,1247786,946
2.426974168,1248300,514
2.426974168,1249230,930
2.429033080,1249760,530
2.429033080,1250674,914
2.431091992,1251220,546
2.431091992,1252118,898
2.433150904,1252680,562
2.433150904,1253562,882
2.436816052,1254140,578
2.436816052,1255006,866
2.438874964,1255600,594
2.438874964,1256450,850
2.440933876,1257060,610
2.440933876,1257894,834
2.442992788,1258520,626
2.442992788,1259338,818
2.445052100,1259980,642
2.445052100,1260782,802
2.447117284,1261440,658
2.447117284,1262226,786
2.449256257,1262900,674
2.449256257,1263670,770
2.451315169,1264360,690
2.451315169,1265114,754
2.457864486,1265820,706
2.457864486,1266558,738
2.460056527,1267280,722
2.460056527,1268002,722
2.462248568,1268740,738
2.462248568,1269446,706
2.464440609,1270200,754
2.464440609,1270890,690
2.466632650,1271660,770
2.466632650,1272334,674
2.468825091,1273120,786
2.468825091,1273778,658
2.471023835,1274580,802
2.471023835,1275222,642
2.473215876,1276040,818
2.473215876,1276666,626
2.475493155,1277500,834
2.475493155,1278110,610
2.477685196,1278960,850
2.477685196,1279554,594
2.479877237,1280420,866
2.479877237,1280998,578
2.482069278,1281880,882
2.482069278,1282442,562
2.484261319,1283340,898
2.484261319,1283886,546
2.486538598,1284800,914
2.486538598,1285330,530
2.488731039,1286260,930
2.488731039,1286774,514
2.490929783,1287720,946
2.490929783,1288218,498
2.493121824,1289180,962
2.493121824,1289662,482
2.495313865,1290640,978
2.495313865,1291106,466
2.497505906,1292100,994
2.497505906,1292550,450
2.499697947,1293560,1010
2.499697947,1293994,434
2.501889988,1295020,1026
2.501889988,1295438,418
2.504167267,1296480,1042
2.504167267,1296882,402
2.506359308,1297940,1058
2.506359308,1298326,386
2.508551349,1299400,1074
2.508551349,1299770,370
2.510743790,1300860,1090
2.510743790,1301214,354
2.512942534,1302320,1106
2.512942534,1302658,338
2.515134575,1303780,1122
2.515134575,1304102,322
2.517411854,1305240,1138
2.517411854,1305546,306
2.519603895,1306700,1154
2.519603895,1306990,290
2.521795936,1308160,1170
2.521795936,1308434,274
2.523987977,1309620,1186
2.523987977,1309878,258
2.526180018,1311080,1202
2.526180018,1311322,242
2.528457297,1312540,1218
2.528457297,1312766,226
2.530649738,1314000,1234
2.530649738,1314210,210
2.532848482,1315460,1250
2.532848482,1315654,194
2.535040523,1316920,1266
2.535040523,1317098,178
2.537232564,1318380,1282
2.537232564,1318542,162
2.539424605,1319840,1298
2.539424605,1319986,146
2.541616646,1321300,1314
2.541616646,1321430,130
2.543808687,1322760,1330
2.543808687,1322874,114
2.546085966,1324220,1346
2.546085966,1324318,98
2.548278007,1325680,1362
2.548278007,1325762,82
2.550470048,1327140,1378
2.550470048,1327206,66
2.552658809,1328600,1394
2.552658809,1328650,50
2.554125063,1330060,1410
2.554125063,1330094,34
2.556675684,1331520,1426
2.556675684,1331538,18
2.559130777,1332980,1442
2.559130777,1332982,2
2.561585950,1334434,1452
2.564042636,1334440,6
2.564042636,1335879,1439
2.566499322,1335900,21
2.566499322,1337324,1424
2.568956008,1337360,36
2.568956008,1338769,1409
2.571412694,1338820,51
2.571412694,1340214,1394
2.573965308,1340280,66
2.573965308,1341658,1378
2.576429554,1341740,82
2.576429554,1343102,1362
2.578886240,1343200,98
2.578886240,1344546,1346
2.581342926,1344660,114
2.581342926,1345990,1330
2.583799612,1346120,130
2.583799612,1347434,1314
2.586256298,1347580,146
2.586256298,1348878,1298
2.588808512,1349040,162
2.588808512,1350322,1282
2.591265198,1350500,178
2.591265198,1351766,1266
2.593721884,1351960,194
2.593721884,1353210,1250
2.596178570,1353420,210
2.596178570,1354654,1234
2.598635656,1354880,226
2.598635656,1356098,1218
2.601195430,1356340,242
2.601195430,1357542,1202
2.603652116,1357800,258
2.603652116,1358986,1186
2.606108802,1359260,274
2.606108802,1360430,1170
2.608565488,1360720,290
2.608565488,1361874,1154
2.611022174,1362180,306
2.611022174,1363318,1138
2.613478860,1363640,322
2.613478860,1364762,1122
2.615935546,1365100,338
2.615935546,1366206,1106
2.618392232,1366560,354
2.618392232,1367650,1090
2.620944846,1368020,370
2.620944846,1369094,1074
2.623409092,1369480,386
2.623409092,1370538,1058
2.625865778,1370940,402
2.625865778,1371982,1042
2.628322464,1372400,418
2.628322464,1373426,1026
2.630779150,1373860,434
2.630779150,1374870,1010
2.633331364,1375320,450
2.633331364,1376314,994
2.635788050,1376780,466
2.635788050,1377758,978
2.638244736,1378240,482
2.638244736,1379202,962
2.640701422,1379700,498
2.640701422,1380646,946
2.643158108,1381160,514
2.643158108,1382090,930
2.645615194,1382620,530
2.645615194,1383534,914
2.648079440,1384080,546
2.648079440,1384978,898
2.653569368,1385540,562
2.653569368,1386422,882
2.655809696,1387000,578
2.655809696,1387866,866
2.657987738,1388460,594
2.657987738,1389310,850
2.660165780,1389920,610
2.660165780,1390754,834
2.662343822,1391380,626
2.662343822,1392198,818
2.664521864,1392840,642
2.664521864,1393642,802
2.666784599,1394300,658
2.666784599,1395086,786
2.668963041,1395760,674
2.668963041,1396530,770
2.671147740,1397220,690
2.671147740,1397974,754
2.673325782,1398680,706
2.673325782,1399418,738
2.675503824,1400140,722
2.675503824,1400862,722
2.677681866,1401600,738
2.677681866,1402306,706
2.679859908,1403060,754
2.679859908,1403750,690
2.682037950,1404520,770
2.682037950,1405194,674
2.684300685,1405980,786
2.684300685,1406638,658
2.686478727,1407440,802
2.686478727,1408082,642
2.688656769,1408900,818
2.688656769,1409526,626
2.690835211,1410360,834
2.690835211,1410970,610
2.693019910,1411820,850
2.693019910,1412414,594
2.695197952,1413280,866
2.695197952,1413858,578
2.697460687,1414740,882
2.697460687,1415302,562
2.699638729,1416200,898
2.699638729,1416746,546
2.701816771,1417660,914
2.701816771,1418190,530
2.703994813,1419120,930
2.703994813,1419634,514
2.706172855,1420580,946
2.706172855,1421078,498
2.708435590,1422040,962
2.708435590,1422522,482
2.710614032,1423500,978
2.710614032,1423966,466
2.712798731,1424960,994
2.712798731,1425410,450
2.714976773,1426420,1010
2.714976773,1426854,434
2.717154815,1427880,1026
2.717154815,1428298,418
2.719332857,1429340,1042
2.719332857,1429742,402
2.721510899,1430800,1058
2.721510899,1431186,386
2.723773634,1432260,1074
2.723773634,1432630,370
2.725951676,1433720,1090
2.725951676,1434074,354
2.728129718,1435180,1106
2.728129718,1435518,338
2.730307760,1436640,1122
2.730307760,1436962,322
2.732486202,1438100,1138
2.732486202,1438406,306
2.734670901,1439560,1154
2.734670901,1439850,290
2.736933636,1441020,1170
2.736933636,1441294,274
2.739111678,1442480,1186
2.739111678,1442738,258
2.741289720,1443940,1202
2.741289720,1444182,242
2.743467762,1445400,1218
2.743467762,1445626,226
2.745645804,1446860,1234
2.745645804,1447070,210
2.747823846,1448320,1250
2.747823846,1448514,194
2.750001888,1449780,1266
2.750001888,1449958,178
2.752265023,1451240,1282
2.752265023,1451402,162
2.754446442,1452700,1298
2.754446442,1452846,146
2.755512533,1454160,1314
2.755512533,1454290,130
2.757575344,1455620,1330
2.757575344,1455734,114
2.759638155,1457080,1346
2.759638155,1457178,98
2.761700966,1458540,1362
2.761700966,1458622,82
2.763843990,1460000,1378
2.763843990,1460066,66
2.765906721,1461460,1394
2.765906721,1461510,50
2.769718953,1462920,1410
2.769718953,1462954,34
2.771780427,1464380,1426
2.771780427,1464398,18
2.773842301,1465840,1442
2.773842301,1465842,2
2.775910139,1467294,1452
2.777972950,1467300,6
2.777972950,1468739,1439
2.780700993,1468760,21
2.780700993,1470184,1424
2.782763804,1470220,36
2.782763804,1471629,1409
2.784826615,1471680,51
2.784826615,1473074,1394
2.787235119,1473140,66
2.787235119,1474518,1378
2.789297930,1474600,82
2.789297930,1475962,1362
2.791360741,1476060,98
2.791360741,1477406,1346
2.793504165,1477520,114
2.793504165,1478850,1330
2.795573260,1478980,130
2.795573260,1480294,1314
2.798210422,1480440,146
2.798210422,1481738,1298
2.800273233,1481900,162
2.800273233,1483182,1282
2.802336044,1483360,178
2.802336044,1484626,1266
2.804479068,1484820,194
2.804479068,1486070,1250
2.806541879,1486280,210
2.806541879,1487514,1234
2.808604690,1487740,226
2.808604690,1488958,1218
2.810667501,1489200,242
2.810667501,1490402,1202
2.812730312,1490660,258
2.812730312,1491846,1186
2.814793523,1492120,274
2.814793523,1493290,1170
2.816862618,1493580,290
2.816862618,1494734,1154
2.819173942,1495040,306
2.819173942,1496178,1138
2.821236753,1496500,322
2.821236753,1497622,1122
2.823299564,1497960,338
2.823299564,1499066,1106
2.825708068,1499420,354
2.825708068,1500510,1090
2.827770879,1500880,370
2.827770879,1501954,1074
2.829833690,1502340,386
2.829833690,1503398,1058
2.831976714,1503800,402
2.831976714,1504842,1042
2.834039925,1505260,418
2.834039925,1506286,1026
2.836682971,1506720,434
2.836682971,1507730,1010
2.838745782,1508180,450
2.838745782,1509174,994
2.840808593,1509640,466
2.840808593,1510618,978
2.842871404,1511100,482
2.842871404,1512062,962
2.844934215,1512560,498
2.844934215,1513506,946
2.847742043,1514020,514
2.847742043,1514950,930
2.849804854,1515480,530
2.849804854,1516394,914
2.851867665,1516940,546
2.851867665,1517838,898
2.853276887,1518400,562
2.853276887,1519282,882
2.855420052,1519860,578
2.855420052,1520726,866
2.857569361,1521320,594
2.857569361,1522170,850
2.859795448,1522780,610
2.859795448,1523614,834
2.861938213,1524240,626
2.861938213,1525058,818
2.864080978,1525700,642
2.864080978,1526502,802
2.866223743,1527160,658
2.866223743,1527946,786
2.868366508,1528620,674
2.868366508,1529390,770
2.870509273,1530080,690
2.870509273,1530834,754
2.872652038,1531540,706
2.872652038,1532278,738
2.875172394,1533000,722
2.875172394,1533722,722
2.877321703,1534460,738
2.877321703,1535166,706
2.879464468,1535920,754
2.879464468,1536610,690
2.881607233,1537380,770
2.881607233,1538054,674
2.883749998,1538840,786
2.883749998,1539498,658
2.885892763,1540300,802
2.885892763,1540942,642
2.888118850,1541760,818
2.888118850,1542386,626
2.890261615,1543220,834
2.890261615,1543830,610
2.892688160,1544680,850
2.892688160,1545274,594
2.894830925,1546140,866
2.894830925,1546718,578
2.896974090,1547600,882
2.896974090,1548162,562
2.899206721,1549060,898
2.899206721,1549606,546
2.901349486,1550520,914
2.901349486,1551050,530
2.903663463,1551980,930
2.903663463,1552494,514
2.905806228,1553440,946
2.905806228,1553938,498
2.907948993,1554900,962
2.907948993,1555382,482
2.910091758,1556360,978
2.910091758,1556826,466
2.912234523,1557820,994
2.912234523,1558270,450
2.914460610,1559280,1010
2.914460610,1559714,434
2.916603775,1560740,1026
2.916603775,1561158,418
2.918753084,1562200,1042
2.918753084,1562602,402
2.920895849,1563660,1058
2.920895849,1564046,386
2.923038614,1565120,1074
2.923038614,1565490,370
2.925181379,1566580,1090
2.925181379,1566934,354
2.927407466,1568040,1106
2.927407466,1568378,338
2.929550231,1569500,1122
2.929550231,1569822,322
2.931692996,1570960,1138
2.931692996,1571266,306
2.933835761,1572420,1154
2.933835761,1572710,290
2.935978526,1573880,1170
2.935978526,1574154,274
2.938121691,1575340,1186
2.938121691,1575598,258
2.940271000,1576800,1202
2.940271000,1577042,242
2.942497087,1578260,1218
2.942497087,1578486,226
2.944639852,1579720,1234
2.944639852,1579930,210
2.946782617,1581180,1250
2.946782617,1581374,194
2.948925382,1582640,1266
2.948925382,1582818,178
2.951068147,1584100,1282
2.951068147,1584262,162
2.953193860,1585560,1298
2.953193860,1585706,146
2.955401748,1587020,1314
2.955401748,1587150,130
2.957527396,1588480,1330
2.957527396,1588594,114
2.959659131,1589940,1346
2.959659131,1590038,98
2.961784379,1591400,1362
2.961784379,1591482,82
2.963909627,1592860,1378
2.963909627,1592926,66
2.966034795,1594320,1394
2.966034795,1594370,50
2.968158665,1595780,1410
2.968158665,1595814,34
2.970365175,1597240,1426
2.970365175,1597258,18
2.972489045,1598700,1442
2.972489045,1598702,2
2.974612995,1600154,1452
2.976738243,1600160,6
2.976738243,1601599,1439
2.978863891,1601620,21
2.978863891,1603044,1424
2.980995626,1603080,36
2.980995626,1604489,1409
2.983120874,1604540,51
2.983120874,1605934,1394
2.985328762,1606000,66
2.985328762,1607378,1378
2.987454010,1607460,82
2.987454010,1608822,1362
2.989579258,1608920,98
2.989579258,1610266,1346
2.991704506,1610380,114
2.991704506,1611710,1330
2.993829754,1611840,130
2.993829754,1613154,1314
2.996037642,1613300,146
2.996037642,1614598,1298
2.998163290,1614760,162
2.998163290,1616042,1282
3.000295025,1616220,178
3.000295025,1617486,1266
3.002420273,1617680,194
3.002420273,1618930,1250
3.004545521,1619140,210
3.004545521,1620374,1234
3.006670769,1620600,226
3.006670769,1621818,1218
3.008796017,1622060,242
3.008796017,1623262,1202
3.011003905,1623520,258
3.011003905,1624706,1186
3.013129153,1624980,274
3.013129153,1626150,1170
3.015254401,1626440,290
3.015254401,1627594,1154
3.017379649,1627900,306
3.017379649,1629038,1138
3.019505297,1629360,322
3.019505297,1630482,1122
3.021637032,1630820,338
3.021637032,1631926,1106
3.023844920,1632280,354
3.023844920,1633370,1090
3.025970168,1633740,370
3.025970168,1634814,1074
3.028095416,1635200,386
3.028095416,1636258,1058
3.030220664,1636660,402
3.030220664,1637702,1042
3.032345912,1638120,418
3.032345912,1639146,1026
3.034471160,1639580,434
3.034471160,1640590,1010
3.036596408,1641040,450
3.036596408,1642034,994
3.038804696,1642500,466
3.038804696,1643478,978
3.040936431,1643960,482
3.040936431,1644922,962
3.043061679,1645420,498
3.043061679,1646366,946
3.045186927,1646880,514
3.045186927,1647810,930
3.047312175,1648340,530
3.047312175,1649254,914
3.049437423,1649800,546
3.049437423,1650698,898
3.052581151,1651260,562
3.052581151,1652142,882
3.054752834,1652720,578
3.054752834,1653586,866
3.056860357,1654180,594
3.056860357,1655030,850
3.058967880,1655640,610
3.058967880,1656474,834
3.061075803,1657100,626
3.061075803,1657918,818
3.063271706,1658560,642
3.063271706,1659362,802
3.065379229,1660020,658
3.065379229,1660806,786
3.067486752,1661480,674
3.067486752,1662250,770
3.069594275,1662940,690
3.069594275,1663694,754
3.071701798,1664400,706
3.071701798,1665138,738
3.073809321,1665860,722
3.073809321,1666582,722
3.075916844,1667320,738
3.075916844,1668026,706
3.078024367,1668780,754
3.078024367,1669470,690
3.080214241,1670240,770
3.080214241,1670914,674
3.082328193,1671700,786
3.082328193,1672358,658
3.084435716,1673160,802
3.084435716,1673802,642
3.086543239,1674620,818
3.086543239,1675246,626
3.088650762,1676080,834
3.088650762,1676690,610
3.090840236,1677540,850
3.090840236,1678134,594
3.092947759,1679000,866
3.092947759,1679578,578
3.095055282,1680460,882
3.095055282,1681022,562
3.097162805,1681920,898
3.097162805,1682466,546
3.099270328,1683380,914
3.099270328,1683910,530
3.101378251,1684840,930
3.101378251,1685354,514
3.103492203,1686300,946
3.103492203,1686798,498
3.105599726,1687760,962
3.105599726,1688242,482
3.107789200,1689220,978
3.107789200,1689686,466
3.109896723,1690680,994
3.109896723,1691130,450
3.112004246,1692140,1010
3.112004246,1692574,434
3.114111769,1693600,1026
3.114111769,1694018,418
3.116219292,1695060,1042
3.116219292,1695462,402
3.118408766,1696520,1058
3.118408766,1696906,386
3.120516689,1697980,1074
3.120516689,1698350,370
3.122630641,1699440,1090
3.122630641,1699794,354
3.124738164,1700900,1106
3.124738164,1701238,338
3.126845687,1702360,1122
3.126845687,1702682,322
3.128953210,1703820,1138
3.128953210,1704126,306
3.131060733,1705280,1154
3.131060733,1705570,290
3.133168256,1706740,1170
3.133168256,1707014,274
3.135357730,1708200,1186
3.135357730,1708458,258
3.137465253,1709660,1202
3.137465253,1709902,242
3.139572776,1711120,1218
3.139572776,1711346,226
3.141680699,1712580,1234
3.141680699,1712790,210
3.143794651,1714040,1250
3.143794651,1714234,194
3.145984125,1715500,1266
3.145984125,1715678,178
3.148091648,1716960,1282
3.148091648,1717122,162
3.150199171,1718420,1298
3.150199171,1718566,146
3.152306694,1719880,1314
3.152306694,1720010,130
3.154512728,1721340,1330
3.154512728,1721454,114
3.156804544,1722800,1346
3.156804544,1722898,98
3.159010578,1724260,1362
3.159010578,1724342,82
3.161217012,1725720,1378
3.161217012,1725786,66
3.163429715,1727180,1394
3.163429715,1727230,50
3.165634320,1728640,1410
3.165634320,1728674,34
3.167838925,1730100,1426
3.167838925,1730118,18
3.170043530,1731560,1442
3.170043530,1731562,2
3.172248215,1733014,1452
3.174540031,1733020,6
3.174540031,1734459,1439
3.176746065,1734480,21
3.176746065,1735904,1424
3.178952099,1735940,36
3.178952099,1737349,1409
3.181158133,1737400,51
3.181158133,1738794,1394
3.183364567,1738860,66
3.183364567,1740238,1378
3.185663132,1740320,82
3.185663132,1741682,1362
3.187869166,1741780,98
3.187869166,1743126,1346
3.190075200,1743240,114
3.190075200,1744570,1330
3.192281234,1744700,130
3.192281234,1746014,1314
3.194487268,1746160,146
3.194487268,1747458,1298
3.196693302,1747620,162
3.196693302,1748902,1282
3.198899336,1749080,178
3.198899336,1750346,1266
3.201105370,1750540,194
3.201105370,1751790,1250
3.203397586,1752000,210
3.203397586,1753234,1234
3.205610369,1753460,226
3.205610369,1754678,1218
3.207816403,1754920,242
3.207816403,1756122,1202
3.210022437,1756380,258
3.210022437,1757566,1186
3.212228471,1757840,274
3.212228471,1759010,1170
3.214520287,1759300,290
3.214520287,1760454,1154
3.216726321,1760760,306
3.216726321,1761898,1138
3.218932355,1762220,322
3.218932355,1763342,1122
3.221138389,1763680,338
3.221138389,1764786,1106
3.223344423,1765140,354
3.223344423,1766230,1090
3.225643387,1766600,370
3.225643387,1767674,1074
3.227849421,1768060,386
3.227849421,1769118,1058
3.230055455,1769520,402
3.230055455,1770562,1042
3.232261489,1770980,418
3.232261489,1772006,1026
3.234467523,1772440,434
3.234467523,1773450,1010
3.236673557,1773900,450
3.236673557,1774894,994
3.238879591,1775360,466
3.238879591,1776338,978
3.241085625,1776820,482
3.241085625,1777782,962
3.243377441,1778280,498
3.243377441,1779226,946
3.245583875,1779740,514
3.245583875,1780670,930
3.247796658,1781200,530
3.247796658,1782114,914
3.250002692,1782660,546
3.250002692,1783558,898
3.253152058,1784120,562
3.253152058,1785002,882
3.255691141,1785580,578
3.255691141,1786446,866
3.258080640,1787040,594
3.258080640,1787890,850
3.260470139,1788500,610
3.260470139,1789334,834
3.262859638,1789960,626
3.262859638,1790778,818
3.265249137,1791420,642
3.265249137,1792222,802
3.267638636,1792880,658
3.267638636,1793666,786
3.270028535,1794340,674
3.270028535,1795110,770
3.272425377,1795800,690
3.272425377,1796554,754
3.274907792,1797260,706
3.274907792,1797998,738
3.277297291,1798720,722
3.277297291,1799442,722
3.279686790,1800180,738
3.279686790,1800886,706
3.282076289,1801640,754
3.282076289,1802330,690
3.284465788,1803100,770
3.284465788,1803774,674
3.286855287,1804560,786
3.286855287,1805218,658
3.289337702,1806020,802
3.289337702,1806662,642
3.291727601,1807480,818
3.291727601,1808106,626
3.294124443,1808940,834
3.294124443,1809550,610
3.296513942,1810400,850
3.296513942,1810994,594
3.298903441,1811860,866
3.298903441,1812438,578
3.301292940,1813320,882
3.301292940,1813882,562
3.303682439,1814780,898
3.303682439,1815326,546
3.306071938,1816240,914
3.306071938,1816770,530
3.308554353,1817700,930
3.308554353,1818214,514
3.310943852,1819160,946
3.310943852,1819658,498
3.313333351,1820620,962
3.313333351,1821102,482
3.315723250,1822080,978
3.315723250,1822546,466
3.318120092,1823540,994
3.318120092,1823990,450
3.320602507,1825000,1010
3.320602507,1825434,434
3.322992006,1826460,1026
3.322992006,1826878,418
3.325381505,1827920,1042
3.325381505,1828322,402
3.327771004,1829380,1058
3.327771004,1829766,386
3.330160503,1830840,1074
3.330160503,1831210,370
3.332642918,1832300,1090
3.332642918,1832654,354
3.335032417,1833760,1106
3.335032417,1834098,338
3.337422316,1835220,1122
3.337422316,1835542,322
3.339819158,1836680,1138
3.339819158,1836986,306
3.342208657,1838140,1154
3.342208657,1838430,290
3.344598156,1839600,1170
3.344598156,1839874,274
3.346987655,1841060,1186
3.346987655,1841318,258
3.349377154,1842520,1202
3.349377154,1842762,242
3.351859569,1843980,1218
3.351859569,1844206,226
3.354245788,1845440,1234
3.354245788,1845650,210
3.354506469,1846900,1250
3.354506469,1847094,194
3.356763870,1848360,1266
3.356763870,1848538,178
3.359021671,1849820,1282
3.359021671,1849982,162
3.361373766,1851280,1298
3.361373766,1851426,146
3.363631167,1852740,1314
3.363631167,1852870,130
3.365888568,1854200,1330
3.365888568,1854314,114
3.368145969,1855660,1346
3.368145969,1855758,98
3.370403370,1857120,1362
3.370403370,1857202,82
3.372660771,1858580,1378
3.372660771,1858646,66
3.374918092,1860040,1394
3.374918092,1860090,50
3.377174030,1861500,1410
3.377174030,1861534,34
3.379518147,1862960,1426
3.379518147,1862978,18
3.381781000,1864420,1442
3.381781000,1864422,2
3.384037018,1865874,1452
3.386294419,1865880,6
3.386294419,1867319,1439
3.388551820,1867340,21
3.388551820,1868764,1424
3.390897000,1868800,36
3.390897000,1870209,1409
3.393154401,1870260,51
3.393154401,1871654,1394
3.395411802,1871720,66
3.395411802,1873098,1378
3.397669203,1873180,82
3.397669203,1874542,1362
3.399926604,1874640,98
3.399926604,1875986,1346
3.402184405,1876100,114
3.402184405,1877430,1330
3.404448721,1877560,130
3.404448721,1878874,1314
3.406706122,1879020,146
3.406706122,1880318,1298
3.409051302,1880480,162
3.409051302,1881762,1282
3.411308703,1881940,178
3.411308703,1883206,1266
3.413566104,1883400,194
3.413566104,1884650,1250
3.415823505,1884860,210
3.415823505,1886094,1234
3.418080906,1886320,226
3.418080906,1887538,1218
3.420426086,1887780,242
3.420426086,1888982,1202
3.422683887,1889240,258
3.422683887,1890426,1186
3.424948203,1890700,274
3.424948203,1891870,1170
3.427205604,1892160,290
3.427205604,1893314,1154
3.429463005,1893620,306
3.429463005,1894758,1138
3.431808185,1895080,322
3.431808185,1896202,1122
3.434065586,1896540,338
3.434065586,1897646,1106
3.436322987,1898000,354
3.436322987,1899090,1090
3.438580388,1899460,370
3.438580388,1900534,1074
3.440837789,1900920,386
3.440837789,1901978,1058
3.443095190,1902380,402
3.443095190,1903422,1042
3.445352991,1903840,418
3.445352991,1904866,1026
3.447617307,1905300,434
3.447617307,1906310,1010
3.449962487,1906760,450
3.449962487,1907754,994
3.454158861,1908220,466
3.454158861,1909198,978
3.456445325,1909680,482
3.456445325,1910642,962
3.458670762,1911140,498
3.458670762,1912086,946
3.460896199,1912600,514
3.460896199,1913530,930
3.463208172,1914060,530
3.463208172,1914974,914
3.465433609,1915520,546
3.465433609,1916418,898
3.467659446,1916980,562
3.467659446,1917862,882
3.469891694,1918440,578
3.469891694,1919306,866
3.472117131,1919900,594
3.472117131,1920750,850
3.474342568,1921360,610
3.474342568,1922194,834
3.476568005,1922820,626
3.476568005,1923638,818
3.478793442,1924280,642
3.478793442,1925082,802
3.481105415,1925740,658
3.481105415,1926526,786
3.483330852,1927200,674
3.483330852,1927970,770
3.485556289,1928660,690
3.485556289,1929414,754
3.487781726,1930120,706
3.487781726,1930858,738
3.490007563,1931580,722
3.490007563,1932302,722
3.492326347,1933040,738
3.492326347,1933746,706
3.494551784,1934500,754
3.494551784,1935190,690
3.496777221,1935960,770
3.496777221,1936634,674
3.499002658,1937420,786
3.499002658,1938078,658
3.501228095,1938880,802
3.501228095,1939522,642
3.503453532,1940340,818
3.503453532,1940966,626
3.505678969,1941800,834
3.505678969,1942410,610
3.507904406,1943260,850
3.507904406,1943854,594
3.510216779,1944720,866
3.510216779,1945298,578
3.512449027,1946180,882
3.512449027,1946742,562
3.514674464,1947640,898
3.514674464,1948186,546
3.516899901,1949100,914
3.516899901,1949630,530
3.519125338,1950560,930
3.519125338,1951074,514
3.521437311,1952020,946
3.521437311,1952518,498
3.523662748,1953480,962
3.523662748,1953962,482
3.525888185,1954940,978
3.525888185,1955406,466
3.528113622,1956400,994
3.528113622,1956850,450
3.530339059,1957860,1010
3.530339059,1958294,434
3.532658244,1959320,1026
3.532658244,1959738,418
3.534883681,1960780,1042
3.534883681,1961182,402
3.537109118,1962240,1058
3.537109118,1962626,386
3.539334555,1963700,1074
3.539334555,1964070,370
3.541559992,1965160,1090
3.541559992,1965514,354
3.543785429,1966620,1106
3.543785429,1966958,338
3.546010866,1968080,1122
3.546010866,1968402,322
3.548236303,1969540,1138
3.548236303,1969846,306
3.550548276,1971000,1154
3.550548276,1971290,290
3.552774113,1972460,1170
3.552774113,1972734,274
3.555006361,1973920,1186
3.555006361,1974178,258
3.557223309,1975380,1202
3.557223309,1975622,242
3.559440257,1976840,1218
3.559440257,1977066,226
3.561743411,1978300,1234
3.561743411,1978510,210
3.563960359,1979760,1250
3.563960359,1979954,194
3.566177307,1981220,1266
3.566177307,1981398,178
3.568394255,1982680,1282
3.568394255,1982842,162
3.570611203,1984140,1298
3.570611203,1984286,146
3.572828151,1985600,1314
3.572828151,1985730,130
3.575045499,1987060,1330
3.575045499,1987174,114
3.577269231,1988520,1346
3.577269231,1988618,98
3.579572385,1989980,1362
3.579572385,1990062,82
3.581789333,1991440,1378
3.581789333,1991506,66
3.584006201,1992900,1394
3.584006201,1992950,50
3.586221713,1994360,1410
3.586221713,1994394,34
3.588437225,1995820,1426
3.588437225,1995838,18
3.590738943,1997280,1442
3.590738943,1997282,2
3.592954535,1998734,1452
3.595171883,1998740,6
3.595171883,2000179,1439
3.597395615,2000200,21
3.597395615,2001624,1424
3.599612563,2001660,36
3.599612563,2003069,1409
3.601829511,2003120,51
3.601829511,2004514,1394
3.604046459,2004580,66
3.604046459,2005958,1378
3.606263407,2006040,82
3.606263407,2007402,1362
3.608480355,2007500,98
3.608480355,2008846,1346
3.610783509,2008960,114
3.610783509,2010290,1330
3.613000457,2010420,130
3.613000457,2011734,1314
3.615217405,2011880,146
3.615217405,2013178,1298
3.617434753,2013340,162
3.617434753,2014622,1282
3.619658485,2014800,178
3.619658485,2016066,1266
3.621961639,2016260,194
3.621961639,2017510,1250
3.624178587,2017720,210
3.624178587,2018954,1234
3.626395535,2019180,226
3.626395535,2020398,1218
3.628612483,2020640,242
3.628612483,2021842,1202
3.630829431,2022100,258
3.630829431,2023286,1186
3.633132585,2023560,274
3.633132585,2024730,1170
3.635349533,2025020,290
3.635349533,2026174,1154
3.637566881,2026480,306
3.637566881,2027618,1138
3.639790613,2027940,322
3.639790613,2029062,1122
3.642007561,2029400,338
3.642007561,2030506,1106
3.644224509,2030860,354
3.644224509,2031950,1090
3.646441457,2032320,370
3.646441457,2033394,1074
3.648658405,2033780,386
3.648658405,2034838,1058
3.650961559,2035240,402
3.650961559,2036282,1042
3.653175227,2036700,418
3.653175227,2037726,1026
3.653391886,2038160,434
3.653391886,2039170,1010
3.655605265,2039620,450
3.655605265,2040614,994
3.657819044,2041080,466
3.657819044,2042058,978
3.660125262,2042540,482
3.660125262,2043502,962
3.662338641,2044000,498
3.662338641,2044946,946
3.664552020,2045460,514
3.664552020,2046390,930
3.666765399,2046920,530
3.666765399,2047834,914
3.668978778,2048380,546
3.668978778,2049278,898
3.671192157,2049840,562
3.671192157,2050722,882
3.673405536,2051300,578
3.673405536,2052166,866
3.675618915,2052760,594
3.675618915,2053610,850
3.677918761,2054220,610
3.677918761,2055054,834
3.680138912,2055680,626
3.680138912,2056498,818
3.682352291,2057140,642
3.682352291,2057942,802
3.684565670,2058600,658
3.684565670,2059386,786
3.686779049,2060060,674
3.686779049,2060830,770
3.689078495,2061520,690
3.689078495,2062274,754
3.691291874,2062980,706
3.691291874,2063718,738
3.693505253,2064440,722
3.693505253,2065162,722
3.695718632,2065900,738
3.695718632,2066606,706
3.697932011,2067360,754
3.697932011,2068050,690
3.700238630,2068820,770
3.700238630,2069494,674
3.702452009,2070280,786
3.702452009,2070938,658
3.704665388,2071740,802
3.704665388,2072382,642
3.706878767,2073200,818
3.706878767,2073826,626
3.709092146,2074660,834
3.709092146,2075270,610
3.711305525,2076120,850
3.711305525,2076714,594
3.713518904,2077580,866
3.713518904,2078158,578
3.715732283,2079040,882
3.715732283,2079602,562
3.718031729,2080500,898
3.718031729,2081046,546
3.720245508,2081960,914
3.720245508,2082490,530
3.722465659,2083420,930
3.722465659,2083934,514
3.724679038,2084880,946
3.724679038,2085378,498
3.726892417,2086340,962
3.726892417,2086822,482
3.729191863,2087800,978
3.729191863,2088266,466
3.731405242,2089260,994
3.731405242,2089710,450
3.733618621,2090720,1010
3.733618621,2091154,434
3.735832000,2092180,1026
3.735832000,2092598,418
3.738045379,2093640,1042
3.738045379,2094042,402
3.740258758,2095100,1058
3.740258758,2095486,386
3.742472537,2096560,1074
3.742472537,2096930,370
3.744692688,2098020,1090
3.744692688,2098374,354
3.746992134,2099480,1106
3.746992134,2099818,338
3.749205513,2100940,1122
3.749205513,2101262,322
3.754355322,2102400,1138
3.754355322,2102706,306
3.756548611,2103860,1154
3.756548611,2104150,290
3.758678330,2105320,1170
3.758678330,2105594,274
3.760890863,2106780,1186
3.760890863,2107038,258
3.763020582,2108240,1202
3.763020582,2108482,242
3.765150701,2109700,1218
3.765150701,2109926,226
3.767286921,2111160,1234
3.767286921,2111370,210
3.769416640,2112620,1250
3.769416640,2112814,194
3.771546359,2114080,1266
3.771546359,2114258,178
3.773676078,2115540,1282
3.773676078,2115702,162
3.775805797,2117000,1298
3.775805797,2117146,146
3.778018330,2118460,1314
3.778018330,2118590,130
3.780148049,2119920,1330
3.780148049,2120034,114
3.782277768,2121380,1346
3.782277768,2121478,98
3.784407487,2122840,1362
3.784407487,2122922,82
3.786537606,2124300,1378
3.786537606,2124366,66
3.788756560,2125760,1394
3.788756560,2125810,50
3.790884898,2127220,1410
3.790884898,2127254,34
3.793013236,2128680,1426
3.793013236,2128698,18
3.795141574,2130140,1442
3.795141574,2130142,2
3.797269992,2131594,1452
3.799482525,2131600,6
3.799482525,2133039,1439
3.801612244,2133060,21
3.801612244,2134484,1424
3.803741963,2134520,36
3.803741963,2135929,1409
3.805872082,2135980,51
3.805872082,2137374,1394
3.808008302,2137440,66
3.808008302,2138818,1378
3.810138021,2138900,82
3.810138021,2140262,1362
3.812267740,2140360,98
3.812267740,2141706,1346
3.814397459,2141820,114
3.814397459,2143150,1330
3.816609992,2143280,130
3.816609992,2144594,1314
3.818739711,2144740,146
3.818739711,2146038,1298
3.820869430,2146200,162
3.820869430,2147482,1282
3.822999149,2147660,178
3.822999149,2148926,1266
3.825128868,2149120,194
3.825128868,2150370,1250
3.827348303,2150580,210
3.827348303,2151814,1234
3.829478022,2152040,226
3.829478022,2153258,1218
3.831607741,2153500,242
3.831607741,2154702,1202
3.833737460,2154960,258
3.833737460,2156146,1186
3.835867179,2156420,274
3.835867179,2157590,1170
3.837996898,2157880,290
3.837996898,2159034,1154
3.840126617,2159340,306
3.840126617,2160478,1138
3.842256336,2160800,322
3.842256336,2161922,1122
3.844468869,2162260,338
3.844468869,2163366,1106
3.846598988,2163720,354
3.846598988,2164810,1090
3.848735208,2165180,370
3.848735208,2166254,1074
3.850864927,2166640,386
3.850864927,2167698,1058
3.852994646,2168100,402
3.852994646,2169142,1042
3.855203899,2169560,418
3.855203899,2170586,1026
3.856534280,2171020,434
3.856534280,2172030,1010
3.858861381,2172480,450
3.858861381,2173474,994
3.861188482,2173940,466
3.861188482,2174918,978
3.863515583,2175400,482
3.863515583,2176362,962
3.865842684,2176860,498
3.865842684,2177806,946
3.868170185,2178320,514
3.868170185,2179250,930
3.870504427,2179780,530
3.870504427,2180694,914
3.872922018,2181240,546
3.872922018,2182138,898
3.875249119,2182700,562
3.875249119,2183582,882
3.877576220,2184160,578
3.877576220,2185026,866
3.879903321,2185620,594
3.879903321,2186470,850
3.882230422,2187080,610
3.882230422,2187914,834
3.884648013,2188540,626
3.884648013,2189358,818
3.886975114,2190000,642
3.886975114,2190802,802
3.889302615,2191460,658
3.889302615,2192246,786
3.891636857,2192920,674
3.891636857,2193690,770
3.893963958,2194380,690
3.893963958,2195134,754
3.896381549,2195840,706
3.896381549,2196578,738
3.898708650,2197300,722
3.898708650,2198022,722
3.901035751,2198760,738
3.901035751,2199466,706
3.903362852,2200220,754
3.903362852,2200910,690
3.905689953,2201680,770
3.905689953,2202354,674
3.908017054,2203140,786
3.908017054,2203798,658
3.910344155,2204600,802
3.910344155,2205242,642
3.912671656,2206060,818
3.912671656,2206686,626
3.915096388,2207520,834
3.915096388,2208130,610
3.917423489,2208980,850
3.917423489,2209574,594
3.919750590,2210440,866
3.919750590,2211018,578
3.922077691,2211900,882
3.922077691,2212462,562
3.924404792,2213360,898
3.924404792,2213906,546
3.926822383,2214820,914
3.926822383,2215350,530
3.929149484,2216280,930
3.929149484,2216794,514
3.931476585,2217740,946
3.931476585,2218238,498
3.933804086,2219200,962
3.933804086,2219682,482
3.936138328,2220660,978
3.936138328,2221126,466
3.938465429,2222120,994
3.938465429,2222570,450
3.940792530,2223580,1010
3.940792530,2224014,434
3.943119631,2225040,1026
3.943119631,2225458,418
3.945446732,2226500,1042
3.945446732,2226902,402
3.947864323,2227960,1058
3.947864323,2228346,386
3.950191424,2229420,1074
3.950191424,2229790,370
3.952518525,2230880,1090
3.952518525,2231234,354
3.954842346,2232340,1106
3.954842346,2232678,338
3.955935030,2233800,1122
3.955935030,2234122,322
3.958111634,2235260,1138
3.958111634,2235566,306
3.960200638,2236720,1154
3.960200638,2237010,290
3.962289642,2238180,1170
3.962289642,2238454,274
3.964378646,2239640,1186
3.964378646,2239898,258
3.966467650,2241100,1202
3.966467650,2241342,242
3.968556654,2242560,1218
3.968556654,2242786,226
3.970645658,2244020,1234
3.970645658,2244230,210
3.972734662,2245480,1250
3.972734662,2245674,194
3.974905297,2246940,1266
3.974905297,2247118,178
3.977000670,2248400,1282
3.977000670,2248562,162
3.979089674,2249860,1298
3.979089674,2250006,146
3.981178678,2251320,1314
3.981178678,2251450,130
3.983267682,2252780,1330
3.983267682,2252894,114
3.985437917,2254240,1346
3.985437917,2254338,98
3.987526921,2255700,1362
3.987526921,2255782,82
3.989615925,2257160,1378
3.989615925,2257226,66
3.991704849,2258620,1394
3.991704849,2258670,50
3.993792499,2260080,1410
3.993792499,2260114,34
3.995968149,2261540,1426
3.995968149,2261558,18
3.998055799,2263000,1442
3.998055799,2263002,2
4.000143529,2264454,1452
4.002232533,2264460,6
4.002232533,2265899,1439
4.004321537,2265920,21
4.004321537,2267344,1424
4.006410541,2267380,36
4.006410541,2268789,1409
4.008499545,2268840,51
4.008499545,2270234,1394
4.010588549,2270300,66
4.010588549,2271678,1378
4.012758784,2271760,82
4.012758784,2273122,1362
4.014848188,2273220,98
4.014848188,2274566,1346
4.016943561,2274680,114
4.016943561,2276010,1330
4.019032565,2276140,130
4.019032565,2277454,1314
4.021121569,2277600,146
4.021121569,2278898,1298
4.023291804,2279060,162
4.023291804,2280342,1282
4.025380808,2280520,178
4.025380808,2281786,1266
4.027469812,2281980,194
4.027469812,2283230,1250
4.029558816,2283440,210
4.029558816,2284674,1234
4.031647820,2284900,226
4.031647820,2286118,1218
4.033736824,2286360,242
4.033736824,2287562,1202
4.035826228,2287820,258
4.035826228,2289006,1186
4.037921601,2289280,274
4.037921601,2290450,1170
4.040091836,2290740,290
4.040091836,2291894,1154
4.042180840,2292200,306
4.042180840,2293338,1138
4.044269844,2293660,322
4.044269844,2294782,1122
4.046358848,2295120,338
4.046358848,2296226,1106
4.048447852,2296580,354
4.048447852,2297670,1090
4.050618087,2298040,370
4.050618087,2299114,1074
4.054646556,2299500,386
4.054646556,2300558,1058
4.056951428,2300960,402
4.056951428,2302002,1042
4.059202236,2302420,418
4.059202236,2303446,1026
4.061446173,2303880,434
4.061446173,2304890,1010
4.063690110,2305340,450
4.063690110,2306334,994
4.066021303,2306800,466
4.066021303,2307778,978
4.068265240,2308260,482
4.068265240,2309222,962
4.070509177,2309720,498
4.070509177,2310666,946
4.072753114,2311180,514
4.072753114,2312110,930
4.074997051,2312640,530
4.074997051,2313554,914
4.077240988,2314100,546
4.077240988,2314998,898
4.079485325,2315560,562
4.079485325,2316442,882
4.081823389,2317020,578
4.081823389,2317886,866
4.084067326,2318480,594
4.084067326,2319330,850
4.086311263,2319940,610
4.086311263,2320774,834
4.088555200,2321400,626
4.088555200,2322218,818
4.090799137,2322860,642
4.090799137,2323662,802
4.093043074,2324320,658
4.093043074,2325106,786
4.095374267,2325780,674
4.095374267,2326550,770
4.097618204,2327240,690
4.097618204,2327994,754
4.099862541,2328700,706
4.099862541,2329438,738
4.102113349,2330160,722
4.102113349,2330882,722
4.104357286,2331620,738
4.104357286,2332326,706
4.106601223,2333080,754
4.106601223,2333770,690
4.108845160,2334540,770
4.108845160,2335214,674
4.111176353,2336000,786
4.111176353,2336658,658
4.113420290,2337460,802
4.113420290,2338102,642
4.115664227,2338920,818
4.115664227,2339546,626
4.117908164,2340380,834
4.117908164,2340990,610
4.120152101,2341840,850
4.120152101,2342434,594
4.122490565,2343300,866
4.122490565,2343878,578
4.124734502,2344760,882
4.124734502,2345322,562
4.126978439,2346220,898
4.126978439,2346766,546
4.129222376,2347680,914
4.129222376,2348210,530
4.131466313,2349140,930
4.131466313,2349654,514
4.133710250,2350600,946
4.133710250,2351098,498
4.135954187,2352060,962
4.135954187,2352542,482
4.138198124,2353520,978
4.138198124,2353986,466
4.140529317,2354980,994
4.140529317,2355430,450
4.142773654,2356440,1010
4.142773654,2356874,434
4.145024462,2357900,1026
4.145024462,2358318,418
4.147268399,2359360,1042
4.147268399,2359762,402
4.149512336,2360820,1058
4.149512336,2361206,386
4.151843529,2362280,1074
4.151843529,2362650,370
4.154087466,2363740,1090
4.154087466,2364094,354
4.154262408,2365200,1106
4.154262408,2365538,338
4.156435466,2366660,1122
4.156435466,2366982,322
4.158608524,2368120,1138
4.158608524,2368426,306
4.160781582,2369580,1154
4.160781582,2369870,290
4.163046181,2371040,1170
4.163046181,2371314,274
4.165219239,2372500,1186
4.165219239,2372758,258
4.167392297,2373960,1202
4.167392297,2374202,242
4.169565355,2375420,1218
4.169565355,2375646,226
4.171738413,2376880,1234
4.171738413,2377090,210
4.173911471,2378340,1250
4.173911471,2378534,194
4.176084529,2379800,1266
4.176084529,2379978,178
4.178342087,2381260,1282
4.178342087,2381422,162
4.180515145,2382720,1298
4.180515145,2382866,146
4.182688603,2384180,1314
4.182688603,2384310,130
4.184868303,2385640,1330
4.184868303,2385754,114
4.187041361,2387100,1346
4.187041361,2387198,98
4.189298919,2388560,1362
4.189298919,2388642,82
4.191471977,2390020,1378
4.191471977,2390086,66
4.193644955,2391480,1394
4.193644955,2391530,50
4.195816605,2392940,1410
4.195816605,2392974,34
4.197988255,2394400,1426
4.197988255,2394418,18
4.200159905,2395860,1442
4.200159905,2395862,2
4.202331635,2397314,1452
4.204505093,2397320,6
4.204505093,2398759,1439
4.206769293,2398780,21
4.206769293,2400204,1424
4.208942351,2400240,36
4.208942351,2401649,1409
4.211115409,2401700,51
4.211115409,2403094,1394
4.213288467,2403160,66
4.213288467,2404538,1378
4.215461525,2404620,82
4.215461525,2405982,1362
4.217719083,2406080,98
4.217719083,2407426,1346
4.219892141,2407540,114
4.219892141,2408870,1330
4.222065199,2409000,130
4.222065199,2410314,1314
4.224238657,2410460,146
4.224238657,2411758,1298
4.226418357,2411920,162
4.226418357,2413202,1282
4.228591415,2413380,178
4.228591415,2414646,1266
4.230764473,2414840,194
4.230764473,2416090,1250
4.232937531,2416300,210
4.232937531,2417534,1234
4.235195089,2417760,226
4.235195089,2418978,1218
4.237368147,2419220,242
4.237368147,2420422,1202
4.239541205,2420680,258
4.239541205,2421866,1186
4.241714263,2422140,274
4.241714263,2423310,1170
4.243887321,2423600,290
4.243887321,2424754,1154
4.246151920,2425060,306
4.246151920,2426198,1138
4.248324978,2426520,322
4.248324978,2427642,1122
4.250498036,2427980,338
4.250498036,2429086,1106
4.252667814,2429440,354
4.252667814,2430530,1090
4.253872399,2430900,370
4.253872399,2431974,1074
4.256073704,2432360,386
4.256073704,2433418,1058
4.258275009,2433820,402
4.258275009,2434862,1042
4.260561912,2435280,418
4.260561912,2436306,1026
4.262763217,2436740,434
4.262763217,2437750,1010
4.264964922,2438200,450
4.264964922,2439194,994
4.267172960,2439660,466
4.267172960,2440638,978
4.269374265,2441120,482
4.269374265,2442082,962
4.271575570,2442580,498
4.271575570,2443526,946
4.273776875,2444040,514
4.273776875,2444970,930
4.276063778,2445500,530
4.276063778,2446414,914
4.278265083,2446960,546
4.278265083,2447858,898
4.280466388,2448420,562
4.280466388,2449302,882
4.282667693,2449880,578
4.282667693,2450746,866
4.284868998,2451340,594
4.284868998,2452190,850
4.287163034,2452800,610
4.287163034,2453634,834
4.289364339,2454260,626
4.289364339,2455078,818
4.291565644,2455720,642
4.291565644,2456522,802
4.293766949,2457180,658
4.293766949,2457966,786
4.295968254,2458640,674
4.295968254,2459410,770
4.298169559,2460100,690
4.298169559,2460854,754
4.300370864,2461560,706
4.300370864,2462298,738
4.302572169,2463020,722
4.302572169,2463742,722
4.304859072,2464480,738
4.304859072,2465186,706
4.307060777,2465940,754
4.307060777,2466630,690
4.309268815,2467400,770
4.309268815,2468074,674
4.311470120,2468860,786
4.311470120,2469518,658
4.313671425,2470320,802
4.313671425,2470962,642
4.315958328,2471780,818
4.315958328,2472406,626
4.318159633,2473240,834
4.318159633,2473850,610
4.320360938,2474700,850
4.320360938,2475294,594
4.322562243,2476160,866
4.322562243,2476738,578
4.324763548,2477620,882
4.324763548,2478182,562
4.326964853,2479080,898
4.326964853,2479626,546
4.329166558,2480540,914
4.329166558,2481070,530
4.331374596,2482000,930
4.331374596,2482514,514
4.333661499,2483460,946
4.333661499,2483958,498
4.335862804,2484920,962
4.335862804,2485402,482
4.338064109,2486380,978
4.338064109,2486846,466
4.340265414,2487840,994
4.340265414,2488290,450
4.342466719,2489300,1010
4.342466719,2489734,434
4.344753622,2490760,1026
4.344753622,2491178,418
4.346954927,2492220,1042
4.346954927,2492622,402
4.349156632,2493680,1058
4.349156632,2494066,386
4.353305913,2495140,1074
4.353305913,2495510,370
4.355675541,2496600,1090
4.355675541,2496954,354
4.357986412,2498060,1106
4.357986412,2498398,338
4.360387141,2499520,1122
4.360387141,2499842,322
4.362698012,2500980,1138
4.362698012,2501286,306
4.365008883,2502440,1154
4.365008883,2502730,290
4.367319754,2503900,1170
4.367319754,2504174,274
4.369630625,2505360,1186
4.369630625,2505618,258
4.371941496,2506820,1202
4.371941496,2507062,242
4.374252767,2508280,1218
4.374252767,2508506,226
4.376660584,2509740,1234
4.376660584,2509950,210
4.378971455,2511200,1250
4.378971455,2511394,194
4.381282326,2512660,1266
4.381282326,2512838,178
4.383593197,2514120,1282
4.383593197,2514282,162
4.385904068,2515580,1298
4.385904068,2515726,146
4.388304797,2517040,1314
4.388304797,2517170,130
4.390615668,2518500,1330
4.390615668,2518614,114
4.392926539,2519960,1346
4.392926539,2520058,98
4.395237810,2521420,1362
4.395237810,2521502,82
4.397555769,2522880,1378
4.397555769,2522946,66
4.399866560,2524340,1394
4.399866560,2524390,50
4.402175933,2525800,1410
4.402175933,2525834,34
4.404485306,2527260,1426
4.404485306,2527278,18
4.406884537,2528720,1442
4.406884537,2528722,2
4.409193990,2530174,1452
4.411504861,2530180,6
4.411504861,2531619,1439
4.413815732,2531640,21
4.413815732,2533064,1424
4.416126603,2533100,36
4.416126603,2534509,1409
4.418534821,2534560,51
4.418534821,2535954,1394
4.420845692,2536020,66
4.420845692,2537398,1378
4.423156563,2537480,82
4.423156563,2538842,1362
4.425467434,2538940,98
4.425467434,2540286,1346
4.427778305,2540400,114
4.427778305,2541730,1330
4.430089176,2541860,130
4.430089176,2543174,1314
4.432489905,2543320,146
4.432489905,2544618,1298
4.434800776,2544780,162
4.434800776,2546062,1282
4.437111647,2546240,178
4.437111647,2547506,1266
4.439422918,2547700,194
4.439422918,2548950,1250
4.441740877,2549160,210
4.441740877,2550394,1234
4.444051748,2550620,226
4.444051748,2551838,1218
4.446362619,2552080,242
4.446362619,2553282,1202
4.448763348,2553540,258
4.448763348,2554726,1186
4.451074219,2555000,274
4.451074219,2556170,1170
4.453381810,2556460,290
4.453381810,2557614,1154
4.453707914,2557920,306
4.453707914,2559058,1138
4.456030738,2559380,322
4.456030738,2560502,1122
4.458353562,2560840,338
4.458353562,2561946,1106
4.460774236,2562300,354
4.460774236,2563390,1090
4.463097060,2563760,370
4.463097060,2564834,1074
4.465419884,2565220,386
4.465419884,2566278,1058
4.467742708,2566680,402
4.467742708,2567722,1042
4.470065532,2568140,418
4.470065532,2569166,1026
4.472388356,2569600,434
4.472388356,2570610,1010
4.474711180,2571060,450
4.474711180,2572054,994
4.477124327,2572520,466
4.477124327,2573498,978
4.479447151,2573980,482
4.479447151,2574942,962
4.481770375,2575440,498
4.481770375,2576386,946
4.484100326,2576900,514
4.484100326,2577830,930
4.486423150,2578360,530
4.486423150,2579274,914
4.488836297,2579820,546
4.488836297,2580718,898
4.491159121,2581280,562
4.491159121,2582162,882
4.493481945,2582740,578
4.493481945,2583606,866
4.495804769,2584200,594
4.495804769,2585050,850
4.498127593,2585660,610
4.498127593,2586494,834
4.500450417,2587120,626
4.500450417,2587938,818
4.502773241,2588580,642
4.502773241,2589382,802
4.505096465,2590040,658
4.505096465,2590826,786
4.507516739,2591500,674
4.507516739,2592270,770
4.509839563,2592960,690
4.509839563,2593714,754
4.512162387,2594420,706
4.512162387,2595158,738
4.514485211,2595880,722
4.514485211,2596602,722
4.516808035,2597340,738
4.516808035,2598046,706
4.519221182,2598800,754
4.519221182,2599490,690
4.521544006,2600260,770
4.521544006,2600934,674
4.523866830,2601720,786
4.523866830,2602378,658
4.526190054,2603180,802
4.526190054,2603822,642
4.528520005,2604640,818
4.528520005,2605266,626
4.530842829,2606100,834
4.530842829,2606710,610
4.533255976,2607560,850
4.533255976,2608154,594
4.535578800,2609020,866
4.535578800,2609598,578
4.537901624,2610480,882
4.537901624,2611042,562
4.540224448,2611940,898
4.540224448,2612486,546
4.542547272,2613400,914
4.542547272,2613930,530
4.544870096,2614860,930
4.544870096,2615374,514
4.547192920,2616320,946
4.547192920,2616818,498
4.549613594,2617780,962
4.549613594,2618262,482
4.553880133,2619240,978
4.553880133,2619706,466
4.556340308,2620700,994
4.556340308,2621150,450
4.558744198,2622160,1010
4.558744198,2622594,434
4.561148088,2623620,1026
4.561148088,2624038,418
4.563645453,2625080,1042
4.563645453,2625482,402
4.566049343,2626540,1058
4.566049343,2626926,386
4.568453233,2628000,1074
4.568453233,2628370,370
4.570857123,2629460,1090
4.570857123,2629814,354
4.573261413,2630920,1106
4.573261413,2631258,338
4.575672692,2632380,1122
4.575672692,2632702,322
4.578076582,2633840,1138
4.578076582,2634146,306
4.580480472,2635300,1154
4.580480472,2635590,290
4.582977837,2636760,1170
4.582977837,2637034,274
4.585381727,2638220,1186
4.585381727,2638478,258
4.587785617,2639680,1202
4.587785617,2639922,242
4.590189507,2641140,1218
4.590189507,2641366,226
4.592593397,2642600,1234
4.592593397,2642810,210
4.595091162,2644060,1250
4.595091162,2644254,194
4.597502441,2645520,1266
4.597502441,2645698,178
4.599906331,2646980,1282
4.599906331,2647142,162
4.602310221,2648440,1298
4.602310221,2648586,146
4.604714111,2649900,1314
4.604714111,2650030,130
4.607118001,2651360,1330
4.607118001,2651474,114
4.609521891,2652820,1346
4.609521891,2652918,98
4.611925781,2654280,1362
4.611925781,2654362,82
4.614329671,2655740,1378
4.614329671,2655806,66
4.616826956,2657200,1394
4.616826956,2657250,50
4.619229688,2658660,1410
4.619229688,2658694,34
4.621639409,2660120,1426
4.621639409,2660138,18
4.624041741,2661580,1442
4.624041741,2661582,2
4.626444153,2663034,1452
4.628941518,2663040,6
4.628941518,2664479,1439
4.631345408,2664500,21
4.631345408,2665924,1424
4.633749298,2665960,36
4.633749298,2667369,1409
4.636153188,2667420,51
4.636153188,2668814,1394
4.638557078,2668880,66
4.638557078,2670258,1378
4.640960968,2670340,82
4.640960968,2671702,1362
4.643466123,2671800,98
4.643466123,2673146,1346
4.645870013,2673260,114
4.645870013,2674590,1330
4.648273903,2674720,130
4.648273903,2676034,1314
4.650677793,2676180,146
4.650677793,2677478,1298
4.653081683,2677640,162
4.653081683,2678922,1282
4.654304532,2679100,178
4.654304532,2680366,1266
4.656522439,2680560,194
4.656522439,2681810,1250
4.658826589,2682020,210
4.658826589,2683254,1234
4.661044496,2683480,226
4.661044496,2684698,1218
4.663262803,2684940,242
4.663262803,2686142,1202
4.665487497,2686400,258
4.665487497,2687586,1186
4.667705404,2687860,274
4.667705404,2689030,1170
4.670009554,2689320,290
4.670009554,2690474,1154
4.672227461,2690780,306
4.672227461,2691918,1138
4.674445368,2692240,322
4.674445368,2693362,1122
4.676663275,2693700,338
4.676663275,2694806,1106
4.678881182,2695160,354
4.678881182,2696250,1090
4.681099089,2696620,370
4.681099089,2697694,1074
4.683316996,2698080,386
4.683316996,2699138,1058
4.685535303,2699540,402
4.685535303,2700582,1042
4.687846240,2701000,418
4.687846240,2702026,1026
4.690064147,2702460,434
4.690064147,2703470,1010
4.692282054,2703920,450
4.692282054,2704914,994
4.694499961,2705380,466
4.694499961,2706358,978
4.696717868,2706840,482
4.696717868,2707802,962
4.699022018,2708300,498
4.699022018,2709246,946
4.701239925,2709760,514
4.701239925,2710690,930
4.703457832,2711220,530
4.703457832,2712134,914
4.705676139,2712680,546
4.705676139,2713578,898
4.707900833,2714140,562
4.707900833,2715022,882
4.710118740,2715600,578
4.710118740,2716466,866
4.712336647,2717060,594
4.712336647,2717910,850
4.714554554,2718520,610
4.714554554,2719354,834
4.716858704,2719980,626
4.716858704,2720798,818
4.719076611,2721440,642
4.719076611,2722242,802
4.721294518,2722900,658
4.721294518,2723686,786
4.723512425,2724360,674
4.723512425,2725130,770
4.725730332,2725820,690
4.725730332,2726574,754
4.728041669,2727280,706
4.728041669,2728018,738
4.730259576,2728740,722
4.730259576,2729462,722
4.732477483,2730200,738
4.732477483,2730906,706
4.734695390,2731660,754
4.734695390,2732350,690
4.736913297,2733120,770
4.736913297,2733794,674
4.739131204,2734580,786
4.739131204,2735238,658
4.741435354,2736040,802
4.741435354,2736682,642
4.743653261,2737500,818
4.743653261,2738126,626
4.745871168,2738960,834
4.745871168,2739570,610
4.748089475,2740420,850
4.748089475,2741014,594
4.750314169,2741880,866
4.750314169,2742458,578
4.752528796,2743340,882
4.752528796,2743902,562
4.753893441,2744800,898
4.753893441,2745346,546
4.756346628,2746260,914
4.756346628,2746790,530
4.758707993,2747720,930
4.758707993,2748234,514
4.761069358,2749180,946
4.761069358,2749678,498
4.763430723,2750640,962
4.763430723,2751122,482
4.765792088,2752100,978
4.765792088,2752566,466
4.768153453,2753560,994
4.768153453,2754010,450
4.770614292,2755020,1010
4.770614292,2755454,434
4.772975657,2756480,1026
4.772975657,2756898,418
4.775337022,2757940,1042
4.775337022,2758342,402
4.777698387,2759400,1058
4.777698387,2759786,386
4.780059752,2760860,1074
4.780059752,2761230,370
4.782421117,2762320,1090
4.782421117,2762674,354
4.784782482,2763780,1106
4.784782482,2764118,338
4.787235669,2765240,1122
4.787235669,2765562,322
4.789597034,2766700,1138
4.789597034,2767006,306
4.791958799,2768160,1154
4.791958799,2768450,290
4.794327416,2769620,1170
4.794327416,2769894,274
4.796688781,2771080,1186
4.796688781,2771338,258
4.799141968,2772540,1202
4.799141968,2772782,242
4.801503333,2774000,1218
4.801503333,2774226,226
4.803864698,2775460,1234
4.803864698,2775670,210
4.806226063,2776920,1250
4.806226063,2777114,194
4.808587428,2778380,1266
4.808587428,2778558,178
4.810948793,2779840,1282
4.810948793,2780002,162
4.813310158,2781300,1298
4.813310158,2781446,146
4.815671923,2782760,1314
4.815671923,2782890,130
4.818132362,2784220,1330
4.818132362,2784334,114
4.820493727,2785680,1346
4.820493727,2785778,98
4.822855092,2787140,1362
4.822855092,2787222,82
4.825216457,2788600,1378
4.825216457,2788666,66
4.827577742,2790060,1394
4.827577742,2790110,50
4.830029398,2791520,1410
4.830029398,2791554,34
4.832389232,2792980,1426
4.832389232,2792998,18
4.834749066,2794440,1442
4.834749066,2794442,2
4.837109380,2795894,1452
4.839477997,2795900,6
4.839477997,2797339,1439
4.841839362,2797360,21
4.841839362,2798784,1424
4.844292549,2798820,36
4.844292549,2800229,1409
4.846653914,2800280,51
4.846653914,2801674,1394
4.849015279,2801740,66
4.849015279,2803118,1378
4.854320794,2803200,82
4.854320794,2804562,1362
4.856796908,2804660,98
4.856796908,2806006,1346
4.859217172,2806120,114
4.859217172,2807450,1330
4.861637436,2807580,130
4.861637436,2808894,1314
4.864159655,2809040,146
4.864159655,2810338,1298
4.866579919,2810500,162
4.866579919,2811782,1282
4.869000183,2811960,178
4.869000183,2813226,1266
4.871420447,2813420,194
4.871420447,2814670,1250
4.873840711,2814880,210
4.873840711,2816114,1234
4.876260975,2816340,226
4.876260975,2817558,1218
4.878775351,2817800,242
4.878775351,2819002,1202
4.881195615,2819260,258
4.881195615,2820446,1186
4.883615879,2820720,274
4.883615879,2821890,1170
4.886036543,2822180,290
4.886036543,2823334,1154
4.888464250,2823640,306
4.888464250,2824778,1138
4.890884514,2825100,322
4.890884514,2826222,1122
4.893304778,2826560,338
4.893304778,2827666,1106
4.895819154,2828020,354
4.895819154,2829110,1090
4.898239418,2829480,370
4.898239418,2830554,1074
4.900659682,2830940,386
4.900659682,2831998,1058
4.903079946,2832400,402
4.903079946,2833442,1042
4.905500210,2833860,418
4.905500210,2834886,1026
4.907920474,2835320,434
4.907920474,2836330,1010
4.910442693,2836780,450
4.910442693,2837774,994
4.912862957,2838240,466
4.912862957,2839218,978
4.915283221,2839700,482
4.915283221,2840662,962
4.917703485,2841160,498
4.917703485,2842106,946
4.920123749,2842620,514
4.920123749,2843550,930
4.922638125,2844080,530
4.922638125,2844994,914
4.925058389,2845540,546
4.925058389,2846438,898
4.927478653,2847000,562
4.927478653,2847882,882
4.929898917,2848460,578
4.929898917,2849326,866
4.932319581,2849920,594
4.932319581,2850770,850
4.934747288,2851380,610
4.934747288,2852214,834
4.937167552,2852840,626
4.937167552,2853658,818
4.939681928,2854300,642
4.939681928,2855102,802
4.942102192,2855760,658
4.942102192,2856546,786
4.944522456,2857220,674
4.944522456,2857990,770
4.946942720,2858680,690
4.946942720,2859434,754
4.949362984,2860140,706
4.949362984,2860878,738
4.951783248,2861600,722
4.951783248,2862322,722
4.954294344,2863060,738
4.954294344,2863766,706
4.954521551,2864520,754
4.954521551,2865210,690
4.956738295,2865980,770
4.956738295,2866654,674
4.958955039,2867440,786
4.958955039,2868098,658
4.961171783,2868900,802
4.961171783,2869542,642
4.963388527,2870360,818
4.963388527,2870986,626
4.965605271,2871820,834
4.965605271,2872430,610
4.967822015,2873280,850
4.967822015,2873874,594
4.970124957,2874740,866
4.970124957,2875318,578
4.972341701,2876200,882
4.972341701,2876762,562
4.974558845,2877660,898
4.974558845,2878206,546
4.976782372,2879120,914
4.976782372,2879650,530
4.978999116,2880580,930
4.978999116,2881094,514
4.981215860,2882040,946
4.981215860,2882538,498
4.983518802,2883500,962
4.983518802,2883982,482
4.985735546,2884960,978
4.985735546,2885426,466
4.987952290,2886420,994
4.987952290,2886870,450
4.990169034,2887880,1010
4.990169034,2888314,434
4.992385778,2889340,1026
4.992385778,2889758,418
4.994602522,2890800,1042
4.994602522,2891202,402
4.996819666,2892260,1058
4.996819666,2892646,386
4.999129391,2893720,1074
4.999129391,2894090,370
5.001346135,2895180,1090
5.001346135,2895534,354
5.003562879,2896640,1106
5.003562879,2896978,338
5.005779623,2898100,1122
5.005779623,2898422,322
5.007996367,2899560,1138
5.007996367,2899866,306
5.010213111,2901020,1154
5.010213111,2901310,290
5.012516053,2902480,1170
5.012516053,2902754,274
5.014732797,2903940,1186
5.014732797,2904198,258
5.016949941,2905400,1202
5.016949941,2905642,242
5.019173468,2906860,1218
5.019173468,2907086,226
5.021390212,2908320,1234
5.021390212,2908530,210
5.023693154,2909780,1250
5.023693154,2909974,194
5.025909898,2911240,1266
5.025909898,2911418,178
5.028126642,2912700,1282
5.028126642,2912862,162
5.030343386,2914160,1298
5.030343386,2914306,146
5.032560130,2915620,1314
5.032560130,2915750,130
5.034776874,2917080,1330
5.034776874,2917194,114
5.036993618,2918540,1346
5.036993618,2918638,98
5.039210762,2920000,1362
5.039210762,2920082,82
5.041520487,2921460,1378
5.041520487,2921526,66
5.043737151,2922920,1394
5.043737151,2922970,50
5.045952458,2924380,1410
5.045952458,2924414,34
5.048167765,2925840,1426
5.048167765,2925858,18
5.050383072,2927300,1442
5.050383072,2927302,2
5.052684657,2928754,1452
5.054855165,2928760,6
5.054855165,2930199,1439
5.057025673,2930220,21
5.057025673,2931644,1424
5.059196581,2931680,36
5.059196581,2933089,1409
5.061373723,2933140,51
5.061373723,2934534,1394
5.063544231,2934600,66
5.063544231,2935978,1378
5.065714739,2936060,82
5.065714739,2937422,1362
5.067969647,2937520,98
5.067969647,2938866,1346
5.070140155,2938980,114
5.070140155,2940310,1330
5.072310663,2940440,130
5.072310663,2941754,1314
5.074481171,2941900,146
5.074481171,2943198,1298
5.076651679,2943360,162
5.076651679,2944642,1282
5.078822187,2944820,178
5.078822187,2946086,1266
5.081084129,2946280,194
5.081084129,2947530,1250
5.083254637,2947740,210
5.083254637,2948974,1234
5.085425145,2949200,226
5.085425145,2950418,1218
5.087595653,2950660,242
5.087595653,2951862,1202
5.089766161,2952120,258
5.089766161,2953306,1186
5.092021069,2953580,274
5.092021069,2954750,1170
5.094191577,2955040,290
5.094191577,2956194,1154
5.096362085,2956500,306
5.096362085,2957638,1138
5.098532593,2957960,322
5.098532593,2959082,1122
5.100703501,2959420,338
5.100703501,2960526,1106
5.102880643,2960880,354
5.102880643,2961970,1090
5.105051151,2962340,370
5.105051151,2963414,1074
5.107221659,2963800,386
5.107221659,2964858,1058
5.109476567,2965260,402
5.109476567,2966302,1042
5.111647075,2966720,418
5.111647075,2967746,1026
5.113817583,2968180,434
5.113817583,2969190,1010
5.115988091,2969640,450
5.115988091,2970634,994
5.118158599,2971100,466
5.118158599,2972078,978
5.120413907,2972560,482
5.120413907,2973522,962
5.122591049,2974020,498
5.122591049,2974966,946
5.124761557,2975480,514
5.124761557,2976410,930
5.126932065,2976940,530
5.126932065,2977854,914
5.129102573,2978400,546
5.129102573,2979298,898
5.131273081,2979860,562
5.131273081,2980742,882
5.133443589,2981320,578
5.133443589,2982186,866
5.135614097,2982780,594
5.135614097,2983630,850
5.137869005,2984240,610
5.137869005,2985074,834
5.140039513,2985700,626
5.140039513,2986518,818
5.142210421,2987160,642
5.142210421,2987962,802
5.144387563,2988620,658
5.144387563,2989406,786
5.146558071,2990080,674
5.146558071,2990850,770
5.148812979,2991540,690
5.148812979,2992294,754
5.150983487,2993000,706
5.150983487,2993738,738
5.153153995,2994460,722
5.153153995,2995182,722
5.155457904,2995920,738
5.155457904,2996626,706
5.157761813,2997380,754
5.157761813,2998070,690
5.160065722,2998840,770
5.160065722,2999514,674
5.162369631,3000300,786
5.162369631,3000958,658
5.164673940,3001760,802
5.164673940,3002402,642
5.167074503,3003220,818
5.167074503,3003846,626
5.169378412,3004680,834
5.169378412,3005290,610
5.171682321,3006140,850
5.171682321,3006734,594
5.173986230,3007600,866
5.173986230,3008178,578
5.176290139,3009060,882
5.176290139,3009622,562
5.178683636,3010520,898
5.178683636,3011066,546
5.180987545,3011980,914
5.180987545,3012510,530
5.183291454,3013440,930
5.183291454,3013954,514
5.185595763,3014900,946
5.185595763,3015398,498
5.187906738,3016360,962
5.187906738,3016842,482
5.190300235,3017820,978
5.190300235,3018286,466
5.192604144,3019280,994
5.192604144,3019730,450
5.194908053,3020740,1010
5.194908053,3021174,434
5.197211962,3022200,1026
5.197211962,3022618,418
5.199515871,3023660,1042
5.199515871,3024062,402
5.201819780,3025120,1058
5.201819780,3025506,386
5.204123689,3026580,1074
5.204123689,3026950,370
5.206427598,3028040,1090
5.206427598,3028394,354
5.208828560,3029500,1106
5.208828560,3029838,338
5.211132469,3030960,1122
5.211132469,3031282,322
5.213436378,3032420,1138
5.213436378,3032726,306
5.215740287,3033880,1154
5.215740287,3034170,290
5.218044196,3035340,1170
5.218044196,3035614,274
5.220437693,3036800,1186
5.220437693,3037058,258
5.222741602,3038260,1202
5.222741602,3038502,242
5.225045511,3039720,1218
5.225045511,3039946,226
5.227349420,3041180,1234
5.227349420,3041390,210
5.229653729,3042640,1250
5.229653729,3042834,194
5.231964704,3044100,1266
5.231964704,3044278,178
5.234268613,3045560,1282
5.234268613,3045722,162
5.236572522,3047020,1298
5.236572522,3047166,146
5.238966019,3048480,1314
5.238966019,3048610,130
5.241269928,3049940,1330
5.241269928,3050054,114
5.243573837,3051400,1346
5.243573837,3051498,98
5.245877746,3052860,1362
5.245877746,3052942,82
5.248181655,3054320,1378
5.248181655,3054386,66
5.250575472,3055780,1394
5.250575472,3055830,50
5.252881754,3057240,1410
5.252881754,3057274,34
5.254160195,3058700,1426
5.254160195,3058718,18
5.256435436,3060160,1442
5.256435436,3060162,2
5.258710757,3061614,1452
5.260987474,3061620,6
5.260987474,3063059,1439
5.263264191,3063080,21
5.263264191,3064504,1424
5.265540908,3064540,36
5.265540908,3065949,1409
5.267906155,3066000,51
5.267906155,3067394,1394
5.270182872,3067460,66
5.270182872,3068838,1378
5.272459989,3068920,82
5.272459989,3070282,1362
5.274743683,3070380,98
5.274743683,3071726,1346
5.277020400,3071840,114
5.277020400,3073170,1330
5.279385647,3073300,130
5.279385647,3074614,1314
5.281662364,3074760,146
5.281662364,3076058,1298
5.283939081,3076220,162
5.283939081,3077502,1282
5.286215798,3077680,178
5.286215798,3078946,1266
5.288492515,3079140,194
5.288492515,3080390,1250
5.290857762,3080600,210
5.290857762,3081834,1234
5.293134879,3082060,226
5.293134879,3083278,1218
5.295418573,3083520,242
5.295418573,3084722,1202
5.297695290,3084980,258
5.297695290,3086166,1186
5.299972007,3086440,274
5.299972007,3087610,1170
5.302248724,3087900,290
5.302248724,3089054,1154
5.304525441,3089360,306
5.304525441,3090498,1138
5.306802158,3090820,322
5.306802158,3091942,1122
5.309167405,3092280,338
5.309167405,3093386,1106
5.311444122,3093740,354
5.311444122,3094830,1090
5.313720839,3095200,370
5.313720839,3096274,1074
5.315997956,3096660,386
5.315997956,3097718,1058
5.318281650,3098120,402
5.318281650,3099162,1042
5.320558367,3099580,418
5.320558367,3100606,1026
5.322923614,3101040,434
5.322923614,3102050,1010
5.325200331,3102500,450
5.325200331,3103494,994
5.327477048,3103960,466
5.327477048,3104938,978
5.329753765,3105420,482
5.329753765,3106382,962
5.332030482,3106880,498
5.332030482,3107826,946
5.334307199,3108340,514
5.334307199,3109270,930
5.336583916,3109800,530
5.336583916,3110714,914
5.338861033,3111260,546
5.338861033,3112158,898
5.341233257,3112720,562
5.341233257,3113602,882
5.343509974,3114180,578
5.343509974,3115046,866
5.345786691,3115640,594
5.345786691,3116490,850
5.348063408,3117100,610
5.348063408,3117934,834
5.350340125,3118560,626
5.350340125,3119378,818
5.354642916,3120020,642
5.354642916,3120822,802
5.356877040,3121480,658
5.356877040,3122266,786
5.359048708,3122940,674
5.359048708,3123710,770
5.361220776,3124400,690
5.361220776,3125154,754
5.363399081,3125860,706
5.363399081,3126598,738
5.365570749,3127320,722
5.365570749,3128042,722
5.367742417,3128780,738
5.367742417,3129486,706
5.369914085,3130240,754
5.369914085,3130930,690
5.372170198,3131700,770
5.372170198,3132374,674
5.374341866,3133160,786
5.374341866,3133818,658
5.376513534,3134620,802
5.376513534,3135262,642
5.378685202,3136080,818
5.378685202,3136706,626
5.380856870,3137540,834
5.380856870,3138150,610
5.383120021,3139000,850
5.383120021,3139594,594
5.385291689,3140460,866
5.385291689,3141038,578
5.387463357,3141920,882
5.387463357,3142482,562
5.389635025,3143380,898
5.389635025,3143926,546
5.391806693,3144840,914
5.391806693,3145370,530
5.394062806,3146300,930
5.394062806,3146814,514
5.396234474,3147760,946
5.396234474,3148258,498
5.398406142,3149220,962
5.398406142,3149702,482
5.400577810,3150680,978
5.400577810,3151146,466
5.402749878,3152140,994
5.402749878,3152590,450
5.404928183,3153600,1010
5.404928183,3154034,434
5.407099851,3155060,1026
5.407099851,3155478,418
5.409271519,3156520,1042
5.409271519,3156922,402
5.411527632,3157980,1058
5.411527632,3158366,386
5.413699300,3159440,1074
5.413699300,3159810,370
5.415870968,3160900,1090
5.415870968,3161254,354
5.418042636,3162360,1106
5.418042636,3162698,338
5.420214304,3163820,1122
5.420214304,3164142,322
5.422470817,3165280,1138
5.422470817,3165586,306
5.424649122,3166740,1154
5.424649122,3167030,290
5.426820790,3168200,1170
5.426820790,3168474,274
5.428992458,3169660,1186
5.428992458,3169918,258
5.431164126,3171120,1202
5.431164126,3171362,242
5.433335794,3172580,1218
5.433335794,3172806,226
5.435507462,3174040,1234
5.435507462,3174250,210
5.437679130,3175500,1250
5.437679130,3175694,194
5.439935243,3176960,1266
5.439935243,3177138,178
5.442106911,3178420,1282
5.442106911,3178582,162
5.444278979,3179880,1298
5.444278979,3180026,146
5.446457284,3181340,1314
5.446457284,3181470,130
5.448628952,3182800,1330
5.448628952,3182914,114
5.450885065,3184260,1346
5.450885065,3184358,98
5.453056733,3185720,1362
5.453056733,3185802,82
5.456169059,3187180,1378
5.456169059,3187246,66
5.458517169,3188640,1394
5.458517169,3188690,50
5.460804534,3190100,1410
5.460804534,3190134,34
5.463091899,3191560,1426
5.463091899,3191578,18
5.465379264,3193020,1442
5.465379264,3193022,2
5.467667109,3194474,1452
5.470051976,3194480,6
5.470051976,3195919,1439
5.472340824,3195940,21
5.472340824,3197364,1424
5.474629672,3197400,36
5.474629672,3198809,1409
5.476918520,3198860,51
5.476918520,3200254,1394
5.479207368,3200320,66
5.479207368,3201698,1378
5.481585218,3201780,82
5.481585218,3203142,1362
5.483874066,3203240,98
5.483874066,3204586,1346
5.486162914,3204700,114
5.486162914,3206030,1330
5.488452162,3206160,130
5.488452162,3207474,1314
5.490748027,3207620,146
5.490748027,3208918,1298
5.493125877,3209080,162
5.493125877,3210362,1282
5.495414725,3210540,178
5.495414725,3211806,1266
5.497703573,3212000,194
5.497703573,3213250,1250
5.499992421,3213460,210
5.499992421,3214694,1234
5.502281269,3214920,226
5.502281269,3216138,1218
5.504570117,3216380,242
5.504570117,3217582,1202
5.506858965,3217840,258
5.506858965,3219026,1186
5.509147813,3219300,274
5.509147813,3220470,1170
5.511533080,3220760,290
5.511533080,3221914,1154
5.513821928,3222220,306
5.513821928,3223358,1138
5.516110776,3223680,322
5.516110776,3224802,1122
5.518399624,3225140,338
5.518399624,3226246,1106
5.520688472,3226600,354
5.520688472,3227690,1090
5.523066322,3228060,370
5.523066322,3229134,1074
5.525355170,3229520,386
5.525355170,3230578,1058
5.527644018,3230980,402
5.527644018,3232022,1042
5.529932866,3232440,418
5.529932866,3233466,1026
5.532222114,3233900,434
5.532222114,3234910,1010
5.534517979,3235360,450
5.534517979,3236354,994
5.536806827,3236820,466
5.536806827,3237798,978
5.539095675,3238280,482
5.539095675,3239242,962
5.541473525,3239740,498
5.541473525,3240686,946
5.543762373,3241200,514
5.543762373,3242130,930
5.546051221,3242660,530
5.546051221,3243574,914
5.548340069,3244120,546
5.548340069,3245018,898
5.550628917,3245580,562
5.550628917,3246462,882
5.553007167,3247040,578
5.553007167,3247906,866
5.555299752,3248500,594
5.555299752,3249350,850
5.555670836,3249960,610
5.555670836,3250794,834
5.558038640,3251420,626
5.558038640,3252238,818
5.560406444,3252880,642
5.560406444,3253682,802
5.562866320,3254340,658
5.562866320,3255126,786
5.565234124,3255800,674
5.565234124,3256570,770
5.567601928,3257260,690
5.567601928,3258014,754
5.569969732,3258720,706
5.569969732,3259458,738
5.572337536,3260180,722
5.572337536,3260902,722
5.574705740,3261640,738
5.574705740,3262346,706
5.577080817,3263100,754
5.577080817,3263790,690
5.579448621,3264560,770
5.579448621,3265234,674
5.581908497,3266020,786
5.581908497,3266678,658
5.584276301,3267480,802
5.584276301,3268122,642
5.586644105,3268940,818
5.586644105,3269566,626
5.589011909,3270400,834
5.589011909,3271010,610
5.591379713,3271860,850
5.591379713,3272454,594
5.593839589,3273320,866
5.593839589,3273898,578
5.596207793,3274780,882
5.596207793,3275342,562
5.598582870,3276240,898
5.598582870,3276786,546
5.600950674,3277700,914
5.600950674,3278230,530
5.603318478,3279160,930
5.603318478,3279674,514
5.605686282,3280620,946
5.605686282,3281118,498
5.608054086,3282080,962
5.608054086,3282562,482
5.610421890,3283540,978
5.610421890,3284006,466
5.612881766,3285000,994
5.612881766,3285450,450
5.615249570,3286460,1010
5.615249570,3286894,434
5.617617374,3287920,1026
5.617617374,3288338,418
5.619985578,3289380,1042
5.619985578,3289782,402
5.622360655,3290840,1058
5.622360655,3291226,386
5.624820531,3292300,1074
5.624820531,3292670,370
5.627188335,3293760,1090
5.627188335,3294114,354
5.629556139,3295220,1106
5.629556139,3295558,338
5.631923943,3296680,1122
5.631923943,3297002,322
5.634291747,3298140,1138
5.634291747,3298446,306
5.636659551,3299600,1154
5.636659551,3299890,290
5.639027355,3301060,1170
5.639027355,3301334,274
5.641395159,3302520,1186
5.641395159,3302778,258
5.643862708,3303980,1202
5.643862708,3304222,242
5.646230512,3305440,1218
5.646230512,3305666,226
5.648598316,3306900,1234
5.648598316,3307110,210
5.650966120,3308360,1250
5.650966120,3308554,194
5.654273582,3309820,1266
5.654273582,3309998,178
5.656672686,3311280,1282
5.656672686,3311442,162
5.658923909,3312740,1298
5.658923909,3312886,146
5.661175132,3314200,1314
5.661175132,3314330,130
5.663426355,3315660,1330
5.663426355,3315774,114
5.665677978,3317120,1346
5.665677978,3317218,98
5.668023635,3318580,1362
5.668023635,3318662,82
5.670274858,3320040,1378
5.670274858,3320106,66
5.672526001,3321500,1394
5.672526001,3321550,50
5.674775765,3322960,1410
5.674775765,3322994,34
5.677025529,3324420,1426
5.677025529,3324438,18
5.679275293,3325880,1442
5.679275293,3325882,2
5.681525137,3327334,1452
5.683776360,3327340,6
5.683776360,3328779,1439
5.686027583,3328800,21
5.686027583,3330224,1424
5.688373640,3330260,36
5.688373640,3331669,1409
5.690624863,3331720,51
5.690624863,3333114,1394
5.692876086,3333180,66
5.692876086,3334558,1378
5.695127309,3334640,82
5.695127309,3336002,1362
5.697378532,3336100,98
5.697378532,3337446,1346
5.699717294,3337560,114
5.699717294,3338890,1330
5.701968517,3339020,130
5.701968517,3340334,1314
5.704219740,3340480,146
5.704219740,3341778,1298
5.706470963,3341940,162
5.706470963,3343222,1282
5.708722586,3343400,178
5.708722586,3344666,1266
5.710980704,3344860,194
5.710980704,3346110,1250
5.713231927,3346320,210
5.713231927,3347554,1234
5.715483150,3347780,226
5.715483150,3348998,1218
5.717821912,3349240,242
5.717821912,3350442,1202
5.720073135,3350700,258
5.720073135,3351886,1186
5.722324358,3352160,274
5.722324358,3353330,1170
5.724575581,3353620,290
5.724575581,3354774,1154
5.726826804,3355080,306
5.726826804,3356218,1138
5.729165966,3356540,322
5.729165966,3357662,1122
5.731424084,3358000,338
5.731424084,3359106,1106
5.733675307,3359460,354
5.733675307,3360550,1090
5.735926530,3360920,370
5.735926530,3361994,1074
5.738177753,3362380,386
5.738177753,3363438,1058
5.740428976,3363840,402
5.740428976,3364882,1042
5.742680199,3365300,418
5.742680199,3366326,1026
5.744931422,3366760,434
5.744931422,3367770,1010
5.747270184,3368220,450
5.747270184,3369214,994
5.749521407,3369680,466
5.749521407,3370658,978
5.751773030,3371140,482
5.751773030,3372102,962
5.754031148,3372600,498
5.754031148,3373546,946
5.756438448,3374060,514
5.756438448,3374990,930
5.758939356,3375520,530
5.758939356,3376434,914
5.761346656,3376980,546
5.761346656,3377878,898
5.763753956,3378440,562
5.763753956,3379322,882
5.766161256,3379900,578
5.766161256,3380766,866
5.768568556,3381360,594
5.768568556,3382210,850
5.771069464,3382820,610
5.771069464,3383654,834
5.773477164,3384280,626
5.773477164,3385098,818
5.775891865,3385740,642
5.775891865,3386542,802
5.778299165,3387200,658
5.778299165,3387986,786
5.780706465,3388660,674
5.780706465,3389430,770
5.783113765,3390120,690
5.783113765,3390874,754
5.785521065,3391580,706
5.785521065,3392318,738
5.787928365,3393040,722
5.787928365,3393762,722
5.790429273,3394500,738
5.790429273,3395206,706
5.792836573,3395960,754
5.792836573,3396650,690
5.795243873,3397420,770
5.795243873,3398094,674
5.797651573,3398880,786
5.797651573,3399538,658
5.800066274,3400340,802
5.800066274,3400982,642
5.802567182,3401800,818
5.802567182,3402426,626
5.804974482,3403260,834
5.804974482,3403870,610
5.807381782,3404720,850
5.807381782,3405314,594
5.809789082,3406180,866
5.809789082,3406758,578
5.812196382,3407640,882
5.812196382,3408202,562
5.814603682,3409100,898
5.814603682,3409646,546
5.817010982,3410560,914
5.817010982,3411090,530
5.819418282,3412020,930
5.819418282,3412534,514
5.821926991,3413480,946
5.821926991,3413978,498
5.824334291,3414940,962
5.824334291,3415422,482
5.826741591,3416400,978
5.826741591,3416866,466
5.829148891,3417860,994
5.829148891,3418310,450
5.831556191,3419320,1010
5.831556191,3419754,434
5.834057099,3420780,1026
5.834057099,3421198,418
5.836464399,3422240,1042
5.836464399,3422642,402
5.838871699,3423700,1058
5.838871699,3424086,386
5.841278999,3425160,1074
5.841278999,3425530,370
5.843686699,3426620,1090
5.843686699,3426974,354
5.846101400,3428080,1106
5.846101400,3428418,338
5.848508700,3429540,1122
5.848508700,3429862,322
5.850916000,3431000,1138
5.850916000,3431306,306
5.853413628,3432460,1154
5.853413628,3434194,1734
5.855174768,3435380,1186
5.855174768,3435638,258
5.857553698,3436840,1202
5.857553698,3437082,242
5.859932628,3438300,1218
5.859932628,3438526,226
5.862404463,3439760,1234
5.862404463,3439970,210
5.864790701,3441220,1250
5.864790701,3441414,194
5.867169631,3442680,1266
5.867169631,3442858,178
5.869548561,3444140,1282
5.869548561,3444302,162
5.871927491,3445600,1298
5.871927491,3445746,146
5.874398926,3447060,1314
5.874398926,3447190,130
5.876777856,3448520,1330
5.876777856,3448634,114
5.879156786,3449980,1346
5.879156786,3450078,98
5.881535716,3451440,1362
5.881535716,3451522,82
5.883914646,3452900,1378
5.883914646,3452966,66
5.886293896,3454360,1394
5.886293896,3454410,50
5.888678593,3455820,1410
5.888678593,3455854,34
5.891055981,3457280,1426
5.891055981,3457298,18
5.893525874,3458740,1442
5.893525874,3458742,2
5.895903342,3460194,1452
5.898282272,3460200,6
5.898282272,3461639,1439
5.900661202,3461660,21
5.900661202,3463084,1424
5.903040132,3463120,36
5.903040132,3464529,1409
5.905511567,3464580,51
5.905511567,3465974,1394
5.907890897,3466040,66
5.907890897,3467418,1378
5.910277135,3467500,82
5.910277135,3468862,1362
5.912656065,3468960,98
5.912656065,3470306,1346
5.915034995,3470420,114
5.915034995,3471750,1330
5.917413925,3471880,130
5.917413925,3473194,1314
5.919792855,3473340,146
5.919792855,3474638,1298
5.922171785,3474800,162
5.922171785,3476082,1282
5.924643220,3476260,178
5.924643220,3477526,1266
5.927022150,3477720,194
5.927022150,3478970,1250
5.929401080,3479180,210
5.929401080,3480414,1234
5.931780410,3480640,226
5.931780410,3481858,1218
5.934166648,3482100,242
5.934166648,3483302,1202
5.936638083,3483560,258
5.936638083,3484746,1186
5.939017013,3485020,274
5.939017013,3486190,1170
5.941395943,3486480,290
5.941395943,3487634,1154
5.943774873,3487940,306
5.943774873,3489078,1138
5.946153803,3489400,322
5.946153803,3490522,1122
5.948625238,3490860,338
5.948625238,3491966,1106
5.951004168,3492320,354
5.951004168,3493410,1090
5.953400233,3493780,370
5.953400233,3494854,1074
5.955803261,3495240,386
5.955803261,3496298,1058
5.958198926,3496700,402
5.958198926,3497742,1042
5.960594591,3498160,418
5.960594591,3499186,1026
5.962990256,3499620,434
5.962990256,3500630,1010
5.965385921,3501080,450
5.965385921,3502074,994
5.967874742,3502540,466
5.967874742,3503518,978
5.970270407,3504000,482
5.970270407,3504962,962
5.972666072,3505460,498
5.972666072,3506406,946
5.975061737,3506920,514
5.975061737,3507850,930
5.977457802,3508380,530
5.977457802,3509294,914
5.979953986,3509840,546
5.979953986,3510738,898
5.982349651,3511300,562
5.982349651,3512182,882
5.984745316,3512760,578
5.984745316,3513626,866
5.987140981,3514220,594
5.987140981,3515070,850
5.989536646,3515680,610
5.989536646,3516514,834
5.991932311,3517140,626
5.991932311,3517958,818
5.994327976,3518600,642
5.994327976,3519402,802
5.996723641,3520060,658
5.996723641,3520846,786
5.999212862,3521520,674
5.999212862,3522290,770
6.001615890,3522980,690
6.001615890,3523734,754
6.004011555,3524440,706
6.004011555,3525178,738
6.006407220,3525900,722
6.006407220,3526622,722
6.008802885,3527360,738
6.008802885,3528066,706
6.011291706,3528820,754
6.011291706,3529510,690
6.013687371,3530280,770
6.013687371,3530954,674
6.016083036,3531740,786
6.016083036,3532398,658
6.018478701,3533200,802
6.018478701,3533842,642
6.020874366,3534660,818
6.020874366,3535286,626
6.023270431,3536120,834
6.023270431,3536730,610
6.025673459,3537580,850
6.025673459,3538174,594
6.028069124,3539040,866
6.028069124,3539618,578
6.030557945,3540500,882
6.030557945,3541062,562
6.032953610,3541960,898
6.032953610,3542506,546
6.035349275,3543420,914
6.035349275,3543950,530
6.037744940,3544880,930
6.037744940,3545394,514
6.040140605,3546340,946
6.040140605,3546838,498
6.042629426,3547800,962
6.042629426,3548282,482
6.045025491,3549260,978
6.045025491,3549726,466
6.047428519,3550720,994
6.047428519,3551170,450
6.049824184,3552180,1010
6.049824184,3552614,434
6.052219849,3553640,1026
6.052219849,3554058,418
6.054438335,3555100,1042
6.054438335,3555502,402
6.056573784,3556560,1058
6.056573784,3556946,386
6.058709233,3558020,1074
6.058709233,3558390,370
6.060844682,3559480,1090
6.060844682,3559834,354
6.062980131,3560940,1106
6.062980131,3561278,338
6.065115580,3562400,1122
6.065115580,3562722,322
6.067251429,3563860,1138
6.067251429,3564166,306
6.069393398,3565320,1154
6.069393398,3565610,290
6.071528847,3566780,1170
6.071528847,3567054,274
6.073747333,3568240,1186
6.073747333,3568498,258
6.075882782,3569700,1202
6.075882782,3569942,242
6.078018231,3571160,1218
6.078018231,3571386,226
6.080153680,3572620,1234
6.080153680,3572830,210
6.082289129,3574080,1250
6.082289129,3574274,194
6.084507615,3575540,1266
6.084507615,3575718,178
6.086643464,3577000,1282
6.086643464,3577162,162
6.088785433,3578460,1298
6.088785433,3578606,146
6.090920882,3579920,1314
6.090920882,3580050,130
6.093056331,3581380,1330
6.093056331,3581494,114
6.095191780,3582840,1346
6.095191780,3582938,98
6.097327229,3584300,1362
6.097327229,3584382,82
6.099462678,3585760,1378
6.099462678,3585826,66
6.101681084,3587220,1394
6.101681084,3587270,50
6.103815149,3588680,1410
6.103815149,3588714,34
6.105949214,3590140,1426
6.105949214,3590158,18
6.108083679,3591600,1442
6.108083679,3591602,2
6.110224344,3593054,1452
6.112442830,3593060,6
6.112442830,3594499,1439
6.114578279,3594520,21
6.114578279,3595944,1424
6.116713728,3595980,36
6.116713728,3597389,1409
6.118849177,3597440,51
6.118849177,3598834,1394
6.120984626,3598900,66
6.120984626,3600278,1378
6.123120075,3600360,82
6.123120075,3601722,1362
6.125255524,3601820,98
6.125255524,3603166,1346
6.127390973,3603280,114
6.127390973,3604610,1330
6.129616379,3604740,130
6.129616379,3606054,1314
6.131751828,3606200,146
6.131751828,3607498,1298
6.133887277,3607660,162
6.133887277,3608942,1282
6.136022726,3609120,178
6.136022726,3610386,1266
6.138158175,3610580,194
6.138158175,3611830,1250
6.140376661,3612040,210
6.140376661,3613274,1234
6.142512110,3613500,226
6.142512110,3614718,1218
6.144647559,3614960,242
6.144647559,3616162,1202
6.146783008,3616420,258
6.146783008,3617606,1186
6.148918857,3617880,274
6.148918857,3619050,1170
6.152084098,3619340,290
6.152084098,3620494,1154
6.154416800,3620800,306
6.154416800,3621938,1138
6.156689737,3622260,322
6.156689737,3623382,1122
6.158962674,3623720,338
6.158962674,3624826,1106
6.161235611,3625180,354
6.161235611,3626270,1090
6.163508548,3626640,370
6.163508548,3627714,1074
6.165781485,3628100,386
6.165781485,3629158,1058
6.168054422,3629560,402
6.168054422,3630602,1042
6.170416142,3631020,418
6.170416142,3632046,1026
6.172696044,3632480,434
6.172696044,3633490,1010
6.174968981,3633940,450
6.174968981,3634934,994
6.177241918,3635400,466
6.177241918,3636378,978
6.179514855,3636860,482
6.179514855,3637822,962
6.181876175,3638320,498
6.181876175,3639266,946
6.184149112,3639780,514
6.184149112,3640710,930
6.186422049,3641240,530
6.186422049,3642154,914
6.188694986,3642700,546
6.188694986,3643598,898
6.190967923,3644160,562
6.190967923,3645042,882
6.193241260,3645620,578
6.193241260,3646486,866
6.195521162,3647080,594
6.195521162,3647930,850
6.197794099,3648540,610
6.197794099,3649374,834
6.200155419,3650000,626
6.200155419,3650818,818
6.202428356,3651460,642
6.202428356,3652262,802
6.204701293,3652920,658
6.204701293,3653706,786
6.206974230,3654380,674
6.206974230,3655150,770
6.209247167,3655840,690
6.209247167,3656594,754
6.211608487,3657300,706
6.211608487,3658038,738
6.213881824,3658760,722
6.213881824,3659482,722
6.216161726,3660220,738
6.216161726,3660926,706
6.218434663,3661680,754
6.218434663,3662370,690
6.220707600,3663140,770
6.220707600,3663814,674
6.222980537,3664600,786
6.222980537,3665258,658
6.225253474,3666060,802
6.225253474,3666702,642
6.227526411,3667520,818
6.227526411,3668146,626
6.229887731,3668980,834
6.229887731,3669590,610
6.232160668,3670440,850
6.232160668,3671034,594
6.234433605,3671900,866
6.234433605,3672478,578
6.236706942,3673360,882
6.236706942,3673922,562
6.238986844,3674820,898
6.238986844,3675366,546
6.241348164,3676280,914
6.241348164,3676810,530
6.243621101,3677740,930
6.243621101,3678254,514
6.245894038,3679200,946
6.245894038,3679698,498
6.248166975,3680660,962
6.248166975,3681142,482
6.250439912,3682120,978
6.250439912,3682586,466
6.255744599,3683580,994
6.255744599,3684030,450
6.258192047,3685040,1010
6.258192047,3685474,434
6.260583262,3686500,1026
6.260583262,3686918,418
6.262981425,3687960,1042
6.262981425,3688362,402
6.265372240,3689420,1058
6.265372240,3689806,386
6.267763055,3690880,1074
6.267763055,3691250,370
6.270153870,3692340,1090
6.270153870,3692694,354
6.272544685,3693800,1106
6.272544685,3694138,338
6.275028467,3695260,1122
6.275028467,3695582,322
6.277419282,3696720,1138
6.277419282,3697026,306
6.279810097,3698180,1154
6.279810097,3698470,290
6.282200912,3699640,1170
6.282200912,3699914,274
6.284592127,3701100,1186
6.284592127,3701358,258
6.287083257,3702560,1202
6.287083257,3702802,242
6.289474072,3704020,1218
6.289474072,3704246,226
6.291864887,3705480,1234
6.291864887,3705690,210
6.294255702,3706940,1250
6.294255702,3707134,194
6.296646517,3708400,1266
6.296646517,3708578,178
6.299037332,3709860,1282
6.299037332,3710022,162
6.301428147,3711320,1298
6.301428147,3711466,146
6.303818962,3712780,1314
6.303818962,3712910,130
6.306303144,3714240,1330
6.306303144,3714354,114
6.308701307,3715700,1346
6.308701307,3715798,98
6.311092122,3717160,1362
6.311092122,3717242,82
6.313482937,3718620,1378
6.313482937,3718686,66
6.315873672,3720080,1394
6.315873672,3720130,50
6.318355905,3721540,1410
6.318355905,3721574,34
6.320745171,3723000,1426
6.320745171,3723018,18
6.323134437,3724460,1442
6.323134437,3724462,2
6.325523783,3725914,1452
6.327914598,3725920,6
6.327914598,3727359,1439
6.330305813,3727380,21
6.330305813,3728804,1424
6.332703976,3728840,36
6.332703976,3730249,1409
6.335094791,3730300,51
6.335094791,3731694,1394
6.337578573,3731760,66
6.337578573,3733138,1378
6.339969388,3733220,82
6.339969388,3734582,1362
6.342360203,3734680,98
6.342360203,3736026,1346
6.344751018,3736140,114
6.344751018,3737470,1330
6.347141833,3737600,130
6.347141833,3738914,1314
6.349625615,3739060,146
6.349625615,3740358,1298
6.352016830,3740520,162
6.352016830,3741802,1282
6.354411713,3741980,178
6.354411713,3743246,1266
6.355815635,3743440,194
6.355815635,3744690,1250
6.358216277,3744900,210
6.358216277,3746134,1234
6.360710268,3746360,226
6.360710268,3747578,1218
6.363110910,3747820,242
6.363110910,3749022,1202
6.365511552,3749280,258
6.365511552,3750466,1186
6.367912194,3750740,274
6.367912194,3751910,1170
6.370312836,3752200,290
6.370312836,3753354,1154
6.372713478,3753660,306
6.372713478,3754798,1138
6.375114520,3755120,322
6.375114520,3756242,1122
6.377522542,3756580,338
6.377522542,3757686,1106
6.380016533,3758040,354
6.380016533,3759130,1090
6.382417175,3759500,370
6.382417175,3760574,1074
6.384817817,3760960,386
6.384817817,3762018,1058
6.387218459,3762420,402
6.387218459,3763462,1042
6.389619101,3763880,418
6.389619101,3764906,1026
6.392113092,3765340,434
6.392113092,3766350,1010
6.394513734,3766800,450
6.394513734,3767794,994
6.396914776,3768260,466
6.396914776,3769238,978
6.399322798,3769720,482
6.399322798,3770682,962
6.401723440,3771180,498
6.401723440,3772126,946
6.404124082,3772640,514
6.404124082,3773570,930
6.406524724,3774100,530
6.406524724,3775014,914
6.408925366,3775560,546
6.408925366,3776458,898
6.411419357,3777020,562
6.411419357,3777902,882
6.413819999,3778480,578
6.413819999,3779346,866
6.416220641,3779940,594
6.416220641,3780790,850
6.418621283,3781400,610
6.418621283,3782234,834
6.421022325,3782860,626
6.421022325,3783678,818
6.423523696,3784320,642
6.423523696,3785122,802
6.425924338,3785780,658
6.425924338,3786566,786
6.428324980,3787240,674
6.428324980,3788010,770
6.430725622,3788700,690
6.430725622,3789454,754
6.433126264,3790160,706
6.433126264,3790898,738
6.435620255,3791620,722
6.435620255,3792342,722
6.438020897,3793080,738
6.438020897,3793786,706
6.440421539,3794540,754
6.440421539,3795230,690
6.442822581,3796000,770
6.442822581,3796674,674
6.445230603,3797460,786
6.445230603,3798118,658
6.447631245,3798920,802
6.447631245,3799562,642
6.450031887,3800380,818
6.450031887,3801006,626
6.452432529,3801840,834
6.452432529,3802450,610
6.454829891,3803300,850
6.454829891,3803894,594
6.455261881,3804760,866
6.455261881,3805338,578
6.457599685,3806220,882
6.457599685,3806782,562
6.459937489,3807680,898
6.459937489,3808226,546
6.462275293,3809140,914
6.462275293,3809670,530
6.464613497,3810600,930
6.464613497,3811114,514
6.467049382,3812060,946
6.467049382,3812558,498
6.469387186,3813520,962
6.469387186,3814002,482
6.471724990,3814980,978
6.471724990,3815446,466
6.474062794,3816440,994
6.474062794,3816890,450
6.476400598,3817900,1010
6.476400598,3818334,434
6.478738402,3819360,1026
6.478738402,3819778,418
6.481076206,3820820,1042
6.481076206,3821222,402
6.483414010,3822280,1058
6.483414010,3822666,386
6.485843120,3823740,1074
6.485843120,3824110,370
6.488188099,3825200,1090
6.488188099,3825554,354
6.490525903,3826660,1106
6.490525903,3826998,338
6.492863707,3828120,1122
6.492863707,3828442,322
6.495201511,3829580,1138
6.495201511,3829886,306
6.497630221,3831040,1154
6.497630221,3831330,290
6.499968025,3832500,1170
6.499968025,3832774,274
6.502305829,3833960,1186
6.502305829,3834218,258
6.504643633,3835420,1202
6.504643633,3835662,242
6.506981437,3836880,1218
6.506981437,3837106,226
6.509319641,3838340,1234
6.509319641,3838550,210
6.511664620,3839800,1250
6.511664620,3839994,194
6.514002424,3841260,1266
6.514002424,3841438,178
6.516431134,3842720,1282
6.516431134,3842882,162
6.518768938,3844180,1298
6.518768938,3844326,146
6.521106742,3845640,1314
6.521106742,3845770,130
6.523444546,3847100,1330
6.523444546,3847214,114
6.525782350,3848560,1346
6.525782350,3848658,98
6.528211060,3850020,1362
6.528211060,3850102,82
6.530549264,3851480,1378
6.530549264,3851546,66
6.532894163,3852940,1394
6.532894163,3852990,50
6.535230452,3854400,1410
6.535230452,3854434,34
6.537566741,3855860,1426
6.537566741,3855878,18
6.539993936,3857320,1442
6.539993936,3857322,2
6.542330305,3858774,1452
6.544668109,3858780,6
6.544668109,3860219,1439
6.547005913,3860240,21
6.547005913,3861664,1424
6.549343717,3861700,36
6.549343717,3863109,1409
6.552619066,3863160,51
6.552619066,3864554,1394
6.554853622,3864620,66
6.554853622,3865998,1378
6.557031960,3866080,82
6.557031960,3867442,1362
6.559288108,3867540,98
6.559288108,3868886,1346
6.561459809,3869000,114
6.561459809,3870330,1330
6.563631510,3870460,130
6.563631510,3871774,1314
6.565803211,3871920,146
6.565803211,3873218,1298
6.567974912,3873380,162
6.567974912,3874662,1282
6.570231060,3874840,178
6.570231060,3876106,1266
6.572402761,3876300,194
6.572402761,3877550,1250
6.574574862,3877760,210
6.574574862,3878994,1234
6.576753200,3879220,226
6.576753200,3880438,1218
6.578924901,3880680,242
6.578924901,3881882,1202
6.581096602,3882140,258
6.581096602,3883326,1186
6.583268303,3883600,274
6.583268303,3884770,1170
6.585440004,3885060,290
6.585440004,3886214,1154
6.587696152,3886520,306
6.587696152,3887658,1138
6.589867853,3887980,322
6.589867853,3889102,1122
6.592039554,3889440,338
6.592039554,3890546,1106
6.594211255,3890900,354
6.594211255,3891990,1090
6.596383356,3892360,370
6.596383356,3893434,1074
6.598646141,3893820,386
6.598646141,3894878,1058
6.600817842,3895280,402
6.600817842,3896322,1042
6.602989543,3896740,418
6.602989543,3897766,1026
6.605161244,3898200,434
6.605161244,3899210,1010
6.607332945,3899660,450
6.607332945,3900654,994
6.609504646,3901120,466
6.609504646,3902098,978
6.611676347,3902580,482
6.611676347,3903542,962
6.613848048,3904040,498
6.613848048,3904986,946
6.616104596,3905500,514
6.616104596,3906430,930
6.618282934,3906960,530
6.618282934,3907874,914
6.620454635,3908420,546
6.620454635,3909318,898
6.622626336,3909880,562
6.622626336,3910762,882
6.624798037,3911340,578
6.624798037,3912206,866
6.627054185,3912800,594
6.627054185,3913650,850
6.629225886,3914260,610
6.629225886,3915094,834
6.631397587,3915720,626
6.631397587,3916538,818
6.633569288,3917180,642
6.633569288,3917982,802
6.635740989,3918640,658
6.635740989,3919426,786
6.638004174,3920100,674
6.638004174,3920870,770
6.640175875,3921560,690
6.640175875,3922314,754
6.642347576,3923020,706
6.642347576,3923758,738
6.644519277,3924480,722
6.644519277,3925202,722
6.646690978,3925940,738
6.646690978,3926646,706
6.648862679,3927400,754
6.648862679,3928090,690
6.651034380,3928860,770
6.651034380,3929534,674
6.655148143,3930320,786
6.655148143,3930978,658
6.657638838,3931780,802
6.657638838,3932422,642
6.659980938,3933240,818
6.659980938,3933866,626
6.662329826,3934700,834
6.662329826,3935310,610
6.664671526,3936160,850
6.664671526,3936754,594
6.667013226,3937620,866
6.667013226,3938198,578
6.669445983,3939080,882
6.669445983,3939642,562
6.671787683,3940540,898
6.671787683,3941086,546
6.674129383,3942000,914
6.674129383,3942530,530
6.676471083,3943460,930
6.676471083,3943974,514
6.678812783,3944920,946
6.678812783,3945418,498
6.681154483,3946380,962
6.681154483,3946862,482
6.683496583,3947840,978
6.683496583,3948306,466
6.685845471,3949300,994
6.685845471,3949750,450
6.688278228,3950760,1010
6.688278228,3951194,434
6.690619928,3952220,1026
6.690619928,3952638,418
6.692961628,3953680,1042
6.692961628,3954082,402
6.695303328,3955140,1058
6.695303328,3955526,386
6.697645028,3956600,1074
6.697645028,3956970,370
6.700077785,3958060,1090
6.700077785,3958414,354
6.702419485,3959520,1106
6.702419485,3959858,338
6.704761585,3960980,1122
6.704761585,3961302,322
6.707110473,3962440,1138
6.707110473,3962746,306
6.709452173,3963900,1154
6.709452173,3964190,290
6.711793873,3965360,1170
6.711793873,3965634,274
6.714135573,3966820,1186
6.714135573,3967078,258
6.716477273,3968280,1202
6.716477273,3968522,242
6.718910030,3969740,1218
6.718910030,3969966,226
6.721251730,3971200,1234
6.721251730,3971410,210
6.723593430,3972660,1250
6.723593430,3972854,194
6.725935130,3974120,1266
6.725935130,3974298,178
6.728277230,3975580,1282
6.728277230,3975742,162
6.730717175,3977040,1298
6.730717175,3977186,146
6.733058875,3978500,1314
6.733058875,3978630,130
6.735400575,3979960,1330
6.735400575,3980074,114
6.737742275,3981420,1346
6.737742275,3981518,98
6.740083975,3982880,1362
6.740083975,3982962,82
6.742516732,3984340,1378
6.742516732,3984406,66
6.744858352,3985800,1394
6.744858352,3985850,50
6.747198535,3987260,1410
6.747198535,3987294,34
6.749539118,3988720,1426
6.749539118,3988738,18
6.751886489,3990180,1442
6.751886489,3990182,2
6.754223472,3993079,2897
6.754763086,3993100,21
6.754763086,3994524,1424
6.757119451,3994560,36
6.757119451,3995969,1409
6.759387618,3996020,51
6.759387618,3997414,1394
6.761655785,3997480,66
6.761655785,3998858,1378
6.763923952,3998940,82
6.763923952,4000302,1362
6.766192119,4000400,98
6.766192119,4001746,1346
6.768555834,4001860,114
6.768555834,4003190,1330
6.770824001,4003320,130
6.770824001,4004634,1314
6.773092168,4004780,146
6.773092168,4006078,1298
6.775360335,4006240,162
6.775360335,4007522,1282
6.777628502,4007700,178
6.777628502,4008966,1266
6.779896669,4009160,194
6.779896669,4010410,1250
6.782164836,4010620,210
6.782164836,4011854,1234
6.784433003,4012080,226
6.784433003,4013298,1218
6.786789368,4013540,242
6.786789368,4014742,1202
6.789057935,4015000,258
6.789057935,4016186,1186
6.791333052,4016460,274
6.791333052,4017630,1170
6.793601219,4017920,290
6.793601219,4019074,1154
6.795869386,4019380,306
6.795869386,4020518,1138
6.798225751,4020840,322
6.798225751,4021962,1122
6.800493918,4022300,338
6.800493918,4023406,1106
6.802762085,4023760,354
6.802762085,4024850,1090
6.805030252,4025220,370
6.805030252,4026294,1074
6.807298419,4026680,386
6.807298419,4027738,1058
6.809655184,4028140,402
6.809655184,4029182,1042
6.811930301,4029600,418
6.811930301,4030626,1026
6.814198468,4031060,434
6.814198468,4032070,1010
6.816466635,4032520,450
6.816466635,4033514,994
6.818734802,4033980,466
6.818734802,4034958,978
6.821002969,4035440,482
6.821002969,4036402,962
6.823271136,4036900,498
6.823271136,4037846,946
6.825539303,4038360,514
6.825539303,4039290,930
6.827807470,4039820,530
6.827807470,4040734,914
6.830163835,4041280,546
6.830163835,4042178,898
6.832432402,4042740,562
6.832432402,4043622,882
6.834707519,4044200,578
6.834707519,4045066,866
6.836975686,4045660,594
6.836975686,4046510,850
6.839243853,4047120,610
6.839243853,4047954,834
6.841600218,4048580,626
6.841600218,4049398,818
6.843868385,4050040,642
6.843868385,4050842,802
6.846136552,4051500,658
6.846136552,4052286,786
6.848404719,4052960,674
6.848404719,4053730,770
6.853610048,4054420,690
6.853610048,4055174,754
6.855830162,4055880,706
6.855830162,4056618,738
6.857987838,4057340,722
6.857987838,4058062,722
6.860151704,4058800,738
6.860151704,4059506,706
6.862392866,4060260,754
6.862392866,4060950,690
6.864550142,4061720,770
6.864550142,4062394,674
6.866707418,4063180,786
6.866707418,4063838,658
6.868864694,4064640,802
6.868864694,4065282,642
6.871021970,4066100,818
6.871021970,4066726,626
6.873263132,4067560,834
6.873263132,4068170,610
6.875420408,4069020,850
6.875420408,4069614,594
6.877578084,4070480,866
6.877578084,4071058,578
6.879741950,4071940,882
6.879741950,4072502,562
6.881899226,4073400,898
6.881899226,4073946,546
6.884056502,4074860,914
6.884056502,4075390,530
6.886213778,4076320,930
6.886213778,4076834,514
6.888371054,4077780,946
6.888371054,4078278,498
6.890612216,4079240,962
6.890612216,4079722,482
6.892769492,4080700,978
6.892769492,4081166,466
6.894926768,4082160,994
6.894926768,4082610,450
6.897084044,4083620,1010
6.897084044,4084054,434
6.899241720,4085080,1026
6.899241720,4085498,418
6.901489472,4086540,1042
6.901489472,4086942,402
6.903646748,4088000,1058
6.903646748,4088386,386
6.905804024,4089460,1074
6.905804024,4089830,370
6.907961300,4090920,1090
6.907961300,4091274,354
6.910118576,4092380,1106
6.910118576,4092718,338
6.912359738,4093840,1122
6.912359738,4094162,322
6.914517014,4095300,1138
6.914517014,4095606,306
6.916674290,4096760,1154
6.916674290,4097050,290
6.918831966,4098220,1170
6.918831966,4098494,274
6.920995832,4099680,1186
6.920995832,4099938,258
6.923153108,4101140,1202
6.923153108,4101382,242
6.925310384,4102600,1218
6.925310384,4102826,226
6.927467660,4104060,1234
6.927467660,4104270,210
6.929708822,4105520,1250
6.929708822,4105714,194
6.931866098,4106980,1266
6.931866098,4107158,178
6.934023374,4108440,1282
6.934023374,4108602,162
6.936180650,4109900,1298
6.936180650,4110046,146
6.938337926,4111360,1314
6.938337926,4111490,130
6.940586078,4112820,1330
6.940586078,4112934,114
6.942743354,4114280,1346
6.942743354,4114378,98
6.944900630,4115740,1362
6.944900630,4115822,82
6.947057906,4117200,1378
6.947057906,4117266,66
6.949215102,4118660,1394
6.949215102,4118710,50
6.951370980,4120120,1410
6.951370980,4120154,34
6.953523658,4121580,1426
6.953523658,4121598,18
6.954757450,4123040,1442
6.954757450,4123042,2
6.957074915,4124494,1452
6.959307353,4124500,6
6.959307353,4125939,1439
6.961546224,4125960,21
6.961546224,4127384,1424
6.963778262,4127420,36
6.963778262,4128829,1409
6.966010300,4128880,51
6.966010300,4130274,1394
6.968242338,4130340,66
6.968242338,4131718,1378
6.970561169,4131800,82
6.970561169,4133162,1362
6.972793207,4133260,98
6.972793207,4134606,1346
6.975025245,4134720,114
6.975025245,4136050,1330
6.977257283,4136180,130
6.977257283,4137494,1314
6.979489321,4137640,146
6.979489321,4138938,1298
6.981721759,4139100,162
6.981721759,4140382,1282
6.983960630,4140560,178
6.983960630,4141826,1266
6.986279461,4142020,194
6.986279461,4143270,1250
6.988511499,4143480,210
6.988511499,4144714,1234
6.990743537,4144940,226
6.990743537,4146158,1218
6.992975575,4146400,242
6.992975575,4147602,1202
6.995207613,4147860,258
6.995207613,4149046,1186
6.997439651,4149320,274
6.997439651,4150490,1170
6.999758482,4150780,290
6.999758482,4151934,1154
7.001990920,4152240,306
7.001990920,4153378,1138
7.004229791,4153700,322
7.004229791,4154822,1122
7.006461829,4155160,338
7.006461829,4156266,1106
7.008693867,4156620,354
7.008693867,4157710,1090
7.011012698,4158080,370
7.011012698,4159154,1074
7.013244736,4159540,386
7.013244736,4160598,1058
7.015476774,4161000,402
7.015476774,4162042,1042
7.017708812,4162460,418
7.017708812,4163486,1026
7.019940850,4163920,434
7.019940850,4164930,1010
7.022172888,4165380,450
7.022172888,4166374,994
7.024405326,4166840,466
7.024405326,4167818,978
7.026644197,4168300,482
7.026644197,4169262,962
7.028963028,4169760,498
7.028963028,4170706,946
7.031195066,4171220,514
7.031195066,4172150,930
7.033427104,4172680,530
7.033427104,4173594,914
7.035659142,4174140,546
7.035659142,4175038,898
7.037891180,4175600,562
7.037891180,4176482,882
7.040210011,4177060,578
7.040210011,4177926,866
7.042442049,4178520,594
7.042442049,4179370,850
7.044674487,4179980,610
7.044674487,4180814,834
7.046913358,4181440,626
7.046913358,4182258,818
7.049145396,4182900,642
7.049145396,4183702,802
7.051377434,4184360,658
7.051377434,4185146,786
7.053606192,4185820,674
7.053606192,4186590,770
7.053964916,4187280,690
7.053964916,4188034,754
7.056232197,4188740,706
7.056232197,4189478,738
7.058499478,4190200,722
7.058499478,4190922,722
7.060766759,4191660,738
7.060766759,4192366,706
7.063034040,4193120,754
7.063034040,4193810,690
7.065301721,4194580,770
7.065301721,4195254,674
7.067664112,4196040,786
7.067664112,4196698,658
7.069931393,4197500,802
7.069931393,4198142,642
7.072198674,4198960,818
7.072198674,4199586,626
7.074465955,4200420,834
7.074465955,4201030,610
7.076733236,4201880,850
7.076733236,4202474,594
7.079000517,4203340,866
7.079000517,4203918,578
7.081267798,4204800,882
7.081267798,4205362,562
7.083623242,4206260,898
7.083623242,4206806,546
7.085890923,4207720,914
7.085890923,4208250,530
7.088165151,4209180,930
7.088165151,4209694,514
7.090432432,4210640,946
7.090432432,4211138,498
7.092699713,4212100,962
7.092699713,4212582,482
7.094966994,4213560,978
7.094966994,4214026,466
7.097322438,4215020,994
7.097322438,4215470,450
7.099589719,4216480,1010
7.099589719,4216914,434
7.101857000,4217940,1026
7.101857000,4218358,418
7.104124281,4219400,1042
7.104124281,4219802,402
7.106391562,4220860,1058
7.106391562,4221246,386
7.108754353,4222320,1074
7.108754353,4222690,370
7.111021634,4223780,1090
7.111021634,4224134,354
7.113288915,4225240,1106
7.113288915,4225578,338
7.115556196,4226700,1122
7.115556196,4227022,322
7.117823477,4228160,1138
7.117823477,4228466,306
7.120090758,4229620,1154
7.120090758,4229910,290
7.122358039,4231080,1170
7.122358039,4231354,274
7.124625320,4232540,1186
7.124625320,4232798,258
7.126980764,4234000,1202
7.126980764,4234242,242
7.129248445,4235460,1218
7.129248445,4235686,226
7.131522673,4236920,1234
7.131522673,4237130,210
7.133789954,4238380,1250
7.133789954,4238574,194
7.136057235,4239840,1266
7.136057235,4240018,178
7.138412679,4241300,1282
7.138412679,4241462,162
7.140679960,4242760,1298
7.140679960,4242906,146
7.142947241,4244220,1314
7.142947241,4244350,130
7.145214522,4245680,1330
7.145214522,4245794,114
7.147481803,4247140,1346
7.147481803,4247238,98
7.149749084,4248600,1362
7.149749084,4248682,82
7.155963685,4250060,1378
7.155963685,4250126,66
7.158361172,4251520,1394
7.158361172,4251570,50
7.160609814,4252980,1410
7.160609814,4253014,34
7.162858456,4254440,1426
7.162858456,4254458,18
7.165107098,4255900,1442
7.165107098,4255902,2
7.167355820,4257354,1452
7.169605920,4257360,6
7.169605920,4258799,1439
7.171943515,4258820,21
7.171943515,4260244,1424
7.174193615,4260280,36
7.174193615,4261689,1409
7.176444115,4261740,51
7.176444115,4263134,1394
7.178701107,4263200,66
7.178701107,4264578,1378
7.180951207,4264660,82
7.180951207,4266022,1362
7.183201307,4266120,98
7.183201307,4267466,1346
7.185451407,4267580,114
7.185451407,4268910,1330
7.187789002,4269040,130
7.187789002,4270354,1314
7.190039102,4270500,146
7.190039102,4271798,1298
7.192289202,4271960,162
7.192289202,4273242,1282
7.194539302,4273420,178
7.194539302,4274686,1266
7.196789402,4274880,194
7.196789402,4276130,1250
7.199134289,4276340,210
7.199134289,4277574,1234
7.201384389,4277800,226
7.201384389,4279018,1218
7.203634489,4279260,242
7.203634489,4280462,1202
7.205884589,4280720,258
7.205884589,4281906,1186
7.208134689,4282180,274
7.208134689,4283350,1170
7.210384789,4283640,290
7.210384789,4284794,1154
7.212634889,4285100,306
7.212634889,4286238,1138
7.214972484,4286560,322
7.214972484,4287682,1122
7.217222584,4288020,338
7.217222584,4289126,1106
7.219473084,4289480,354
7.219473084,4290570,1090
7.221730076,4290940,370
7.221730076,4292014,1074
7.223980176,4292400,386
7.223980176,4293458,1058
7.226230276,4293860,402
7.226230276,4294902,1042
7.228480376,4295320,418
7.228480376,4296346,1026
7.230730476,4296780,434
7.230730476,4297790,1010
7.233068071,4298240,450
7.233068071,4299234,994
7.235318171,4299700,466
7.235318171,4300678,978
7.237568271,4301160,482
7.237568271,4302122,962
7.239818371,4302620,498
7.239818371,4303566,946
7.242068871,4304080,514
7.242068871,4305010,930
7.244413358,4305540,530
7.244413358,4306454,914
7.246663458,4307000,546
7.246663458,4307898,898
7.248913558,4308460,562
7.248913558,4309342,882
7.251163658,4309920,578
7.251163658,4310786,866
7.253413758,4311380,594
7.253413758,4312230,850
7.255660578,4312840,610
7.255660578,4313674,834
7.256897682,4314300,626
7.256897682,4315118,818
7.259218368,4315760,642
7.259218368,4316562,802
7.261452592,4317220,658
7.261452592,4318006,786
7.263693254,4318680,674
7.263693254,4319450,770
7.265927078,4320140,690
7.265927078,4320894,754
7.268160902,4321600,706
7.268160902,4322338,738
7.270394726,4323060,722
7.270394726,4323782,722
7.272715412,4324520,738
7.272715412,4325226,706
7.274949236,4325980,754
7.274949236,4326670,690
7.277183060,4327440,770
7.277183060,4328114,674
7.279416884,4328900,786
7.279416884,4329558,658
7.281650708,4330360,802
7.281650708,4331002,642
7.283978633,4331820,818
7.283978633,4332446,626
7.286212457,4333280,834
7.286212457,4333890,610
7.288446281,4334740,850
7.288446281,4335334,594
7.290680105,4336200,866
7.290680105,4336778,578
7.292913929,4337660,882
7.292913929,4338222,562
7.295147753,4339120,898
7.295147753,4339666,546
7.297381577,4340580,914
7.297381577,4341110,530
7.299615401,4342040,930
7.299615401,4342554,514
7.301936087,4343500,946
7.301936087,4343998,498
7.304170311,4344960,962
7.304170311,4345442,482
7.306410973,4346420,978
7.306410973,4346886,466
7.308644797,4347880,994
7.308644797,4348330,450
7.310878621,4349340,1010
7.310878621,4349774,434
7.313199307,4350800,1026
7.313199307,4351218,418
7.315433131,4352260,1042
7.315433131,4352662,402
7.317666955,4353720,1058
7.317666955,4354106,386
7.319900779,4355180,1074
7.319900779,4355550,370
7.322134603,4356640,1090
7.322134603,4356994,354
7.324368427,4358100,1106
7.324368427,4358438,338
7.326602651,4359560,1122
7.326602651,4359882,322
7.328843313,4361020,1138
7.328843313,4361326,306
7.331163999,4362480,1154
7.331163999,4362770,290
7.333397823,4363940,1170
7.333397823,4364214,274
7.335631647,4365400,1186
7.335631647,4365658,258
7.337865471,4366860,1202
7.337865471,4367102,242
7.340099295,4368320,1218
7.340099295,4368546,226
7.342419981,4369780,1234
7.342419981,4369990,210
7.344653805,4371240,1250
7.344653805,4371434,194
7.346888029,4372700,1266
7.346888029,4372878,178
7.349128691,4374160,1282
7.349128691,4374322,162
7.351362515,4375620,1298
7.351362515,4375766,146
7.354532053,4377080,1314
7.354532053,4377210,130
7.356699133,4378540,1330
7.356699133,4378654,114
7.358883694,4380000,1346
7.358883694,4380098,98
7.360986488,4381460,1362
7.360986488,4381542,82
7.363089282,4382920,1378
7.363089282,4382986,66
7.365191996,4384380,1394
7.365191996,4384430,50
7.367293427,4385840,1410
7.367293427,4385874,34
7.369395258,4387300,1426
7.369395258,4387318,18
7.371584870,4388760,1442
7.371584870,4388762,2
7.373686381,4390214,1452
7.375789175,4390220,6
7.375789175,4391659,1439
7.377891969,4391680,21
7.377891969,4393104,1424
7.379994763,4393140,36
7.379994763,4394549,1409
7.382179324,4394600,51
7.382179324,4395994,1394
7.384282118,4396060,66
7.384282118,4397438,1378
7.386384912,4397520,82
7.386384912,4398882,1362
7.388488106,4398980,98
7.388488106,4400326,1346
7.390597314,4400440,114
7.390597314,4401770,1330
7.392700108,4401900,130
7.392700108,4403214,1314
7.394802902,4403360,146
7.394802902,4404658,1298
7.396905696,4404820,162
7.396905696,4406102,1282
7.399090257,4406280,178
7.399090257,4407546,1266
7.401193051,4407740,194
7.401193051,4408990,1250
7.403295845,4409200,210
7.403295845,4410434,1234
7.405398639,4410660,226
7.405398639,4411878,1218
7.407501433,4412120,242
7.407501433,4413322,1202
7.409692808,4413580,258
7.409692808,4414766,1186
7.411795602,4415040,274
7.411795602,4416210,1170
7.413898396,4416500,290
7.413898396,4417654,1154
7.416001190,4417960,306
7.416001190,4419098,1138
7.418103984,4419420,322
7.418103984,4420542,1122
7.420206778,4420880,338
7.420206778,4421986,1106
7.422309572,4422340,354
7.422309572,4423430,1090
7.424494133,4423800,370
7.424494133,4424874,1074
7.426596927,4425260,386
7.426596927,4426318,1058
7.428700121,4426720,402
7.428700121,4427762,1042
7.430809329,4428180,418
7.430809329,4429206,1026
7.432912123,4429640,434
7.432912123,4430650,1010
7.435014917,4431100,450
7.435014917,4432094,994
7.437199478,4432560,466
7.437199478,4433538,978
7.439302272,4434020,482
7.439302272,4434982,962
7.441405066,4435480,498
7.441405066,4436426,946
7.443507860,4436940,514
7.443507860,4437870,930
7.445610654,4438400,530
7.445610654,4439314,914
7.447713448,4439860,546
7.447713448,4440758,898
7.449816642,4441320,562
7.449816642,4442202,882
7.452007617,4442780,578
7.452007617,4443646,866
7.454110411,4444240,594
7.454110411,4446534,2294
7.455645814,4447160,626
7.455645814,4447978,818
7.457915736,4448620,642
7.457915736,4449422,802
7.460185658,4450080,658
7.460185658,4450866,786
7.462543846,4451540,674
7.462543846,4452310,770
7.464813768,4453000,690
7.464813768,4453754,754
7.467084090,4454460,706
7.467084090,4455198,738
7.469360968,4455920,722
7.469360968,4456642,722
7.471630890,4457380,738
7.471630890,4458086,706
7.473989078,4458840,754
7.473989078,4459530,690
7.476259000,4460300,770
7.476259000,4460974,674
7.478528922,4461760,786
7.478528922,4462418,658
7.480798844,4463220,802
7.480798844,4463862,642
7.483068766,4464680,818
7.483068766,4465306,626
7.485338688,4466140,834
7.485338688,4466750,610
7.487608610,4467600,850
7.487608610,4468194,594
7.489878932,4469060,866
7.489878932,4469638,578
7.492244076,4470520,882
7.492244076,4471082,562
7.494513998,4471980,898
7.494513998,4472526,546
7.496783920,4473440,914
7.496783920,4473970,530
7.499053842,4474900,930
7.499053842,4475414,514
7.501323764,4476360,946
7.501323764,4476858,498
7.503681952,4477820,962
7.503681952,4478302,482
7.505951874,4479280,978
7.505951874,4479746,466
7.508221796,4480740,994
7.508221796,4481190,450
7.510492118,4482200,1010
7.510492118,4482634,434
7.512768996,4483660,1026
7.512768996,4484078,418
7.515038918,4485120,1042
7.515038918,4485522,402
7.517308840,4486580,1058
7.517308840,4486966,386
7.519667028,4488040,1074
7.519667028,4488410,370
7.521936950,4489500,1090
7.521936950,4489854,354
7.524206872,4490960,1106
7.524206872,4491298,338
7.526476794,4492420,1122
7.526476794,4492742,322
7.528746716,4493880,1138
7.528746716,4494186,306
7.531016638,4495340,1154
7.531016638,4495630,290
7.533382182,4496800,1170
7.533382182,4497074,274
7.535652104,4498260,1186
7.535652104,4498518,258
7.537922026,4499720,1202
7.537922026,4499962,242
7.540191948,4501180,1218
7.540191948,4501406,226
7.542461870,4502640,1234
7.542461870,4502850,210
7.544731792,4504100,1250
7.544731792,4504294,194
7.547001714,4505560,1266
7.547001714,4505738,178
7.549359902,4507020,1282
7.549359902,4507182,162
7.554568923,4508480,1298
7.554568923,4508626,146
7.556860421,4509940,1314
7.556860421,4510070,130
7.559097445,4511400,1330
7.559097445,4511514,114
7.561327642,4512860,1346
7.561327642,4512958,98
7.563557839,4514320,1362
7.563557839,4514402,82
7.565874757,4515780,1378
7.565874757,4515846,66
7.568104874,4517240,1394
7.568104874,4517290,50
7.570333626,4518700,1410
7.570333626,4518734,34
7.572562378,4520160,1426
7.572562378,4520178,18
7.574791130,4521620,1442
7.574791130,4521622,2
7.577107083,4523074,1452
7.579344107,4523080,6
7.579344107,4524519,1439
7.581574304,4524540,21
7.581574304,4525964,1424
7.583804501,4526000,36
7.583804501,4527409,1409
7.586034698,4527460,51
7.586034698,4528854,1394
7.588264895,4528920,66
7.588264895,4530298,1378
7.590495092,4530380,82
7.590495092,4531742,1362
7.592725289,4531840,98
7.592725289,4533186,1346
7.594955486,4533300,114
7.594955486,4534630,1330
7.597272404,4534760,130
7.597272404,4536074,1314
7.599503001,4536220,146
7.599503001,4537518,1298
7.601740025,4537680,162
7.601740025,4538962,1282
7.603970222,4539140,178
7.603970222,4540406,1266
7.606200419,4540600,194
7.606200419,4541850,1250
7.608517337,4542060,210
7.608517337,4543294,1234
7.610747534,4543520,226
7.610747534,4544738,1218
7.612977731,4544980,242
7.612977731,4546182,1202
7.615207928,4546440,258
7.615207928,4547626,1186
7.617438125,4547900,274
7.617438125,4549070,1170
7.619668322,4549360,290
7.619668322,4550514,1154
7.621898919,4550820,306
7.621898919,4551958,1138
7.624222664,4552280,322
7.624222664,4553402,1122
7.626452861,4553740,338
7.626452861,4554846,1106
7.628683058,4555200,354
7.628683058,4556290,1090
7.630913255,4556660,370
7.630913255,4557734,1074
7.633143452,4558120,386
7.633143452,4559178,1058
7.635373649,4559580,402
7.635373649,4560622,1042
7.637690567,4561040,418
7.637690567,4562066,1026
7.639920764,4562500,434
7.639920764,4563510,1010
7.642151361,4563960,450
7.642151361,4564954,994
7.644388385,4565420,466
7.644388385,4566398,978
7.646618582,4566880,482
7.646618582,4567842,962
7.648848779,4568340,498
7.648848779,4569286,946
7.651078976,4569800,514
7.651078976,4570730,930
7.653395894,4571260,530
7.653395894,4572174,914
7.655622811,4572720,546
7.655622811,4573618,898
7.655746251,4574180,562
7.655746251,4575062,882
7.657771621,4575640,578
7.657771621,4576506,866
7.659844386,4577100,594
7.659844386,4577950,850
7.661917551,4578560,610
7.661917551,4579394,834
7.664077233,4580020,626
7.664077233,4580838,818
7.666149998,4581480,642
7.666149998,4582282,802
7.668222763,4582940,658
7.668222763,4583726,786
7.670295528,4584400,674
7.670295528,4585170,770
7.672368293,4585860,690
7.672368293,4586614,754
7.674521658,4587320,706
7.674521658,4588058,738
7.676594423,4588780,722
7.676594423,4589502,722
7.678667188,4590240,738
7.678667188,4590946,706
7.680740353,4591700,754
7.680740353,4592390,690
7.682819435,4593160,770
7.682819435,4593834,674
7.684892200,4594620,786
7.684892200,4595278,658
7.686964965,4596080,802
7.686964965,4596722,642
7.689037730,4597540,818
7.689037730,4598166,626
7.691191095,4599000,834
7.691191095,4599610,610
7.693263860,4600460,850
7.693263860,4601054,594
7.695336625,4601920,866
7.695336625,4602498,578
7.697409390,4603380,882
7.697409390,4603942,562
7.699482155,4604840,898
7.699482155,4605386,546
7.701642236,4606300,914
7.701642236,4606830,530
7.703715001,4607760,930
7.703715001,4608274,514
7.705787766,4609220,946
7.705787766,4609718,498
7.707860531,4610680,962
7.707860531,4611162,482
7.709933296,4612140,978
7.709933296,4612606,466
7.712006061,4613600,994
7.712006061,4614050,450
7.714078826,4615060,1010
7.714078826,4615494,434
7.716232191,4616520,1026
7.716232191,4616938,418
7.718304956,4617980,1042
7.718304956,4618382,402
7.720378121,4619440,1058
7.720378121,4619826,386
7.722457203,4620900,1074
7.722457203,4621270,370
7.724529968,4622360,1090
7.724529968,4622714,354
7.726602733,4623820,1106
7.726602733,4624158,338
7.728756098,4625280,1122
7.728756098,4625602,322
7.730828863,4626740,1138
7.730828863,4627046,306
7.732901628,4628200,1154
7.732901628,4628490,290
7.734974393,4629660,1170
7.734974393,4629934,274
7.737047158,4631120,1186
7.737047158,4631378,258
7.739200923,4632580,1202
7.739200923,4632822,242
7.741280005,4634040,1218
7.741280005,4634266,226
7.743352770,4635500,1234
7.743352770,4635710,210
7.745425535,4636960,1250
7.745425535,4637154,194
7.747498300,4638420,1266
7.747498300,4638598,178
7.749571065,4639880,1282
7.749571065,4640042,162
7.751643830,4641340,1298
7.751643830,4641486,146
7.753713315,4642800,1314
7.753713315,4642930,130
7.754870638,4644260,1330
7.754870638,4644374,114
7.756944056,4645720,1346
7.756944056,4645818,98
7.759017874,4647180,1362
7.759017874,4647262,82
7.761097610,4648640,1378
7.761097610,4648706,66
7.763170948,4650100,1394
7.763170948,4650150,50
7.765323647,4651560,1410
7.765323647,4651594,34
7.767395721,4653020,1426
7.767395721,4653038,18
7.769467795,4654480,1442
7.769467795,4654482,2
7.771539949,4655934,1452
7.773613367,4655940,6
7.773613367,4657379,1439
7.775686785,4657400,21
7.775686785,4658824,1424
7.777760203,4658860,36
7.777760203,4660269,1409
7.779834021,4660320,51
7.779834021,4661714,1394
7.781994382,4661780,66
7.781994382,4663158,1378
7.784067800,4663240,82
7.784067800,4664602,1362
7.786141218,4664700,98
7.786141218,4666046,1346
7.788214636,4666160,114
7.788214636,4667490,1330
7.790288054,4667620,130
7.790288054,4668934,1314
7.792442097,4669080,146
7.792442097,4670378,1298
7.794515515,4670540,162
7.794515515,4671822,1282
7.796588933,4672000,178
7.796588933,4673266,1266
7.798662751,4673460,194
7.798662751,4674710,1250
7.800742487,4674920,210
7.800742487,4676154,1234
7.802815905,4676380,226
7.802815905,4677598,1218
7.804889323,4677840,242
7.804889323,4679042,1202
7.806962741,4679300,258
7.806962741,4680486,1186
7.809116784,4680760,274
7.809116784,4681930,1170
7.811190202,4682220,290
7.811190202,4683374,1154
7.813263620,4683680,306
7.813263620,4684818,1138
7.815337038,4685140,322
7.815337038,4686262,1122
7.817410456,4686600,338
7.817410456,4687706,1106
7.819571218,4688060,354
7.819571218,4689150,1090
7.821644636,4689520,370
7.821644636,4690594,1074
7.823718054,4690980,386
7.823718054,4692038,1058
7.825791472,4692440,402
7.825791472,4693482,1042
7.827864890,4693900,418
7.827864890,4694926,1026
7.830018933,4695360,434
7.830018933,4696370,1010
7.832092351,4696820,450
7.832092351,4697814,994
7.834165769,4698280,466
7.834165769,4699258,978
7.836239187,4699740,482
7.836239187,4700702,962
7.838313005,4701200,498
7.838313005,4702146,946
7.840392741,4702660,514
7.840392741,4703590,930
7.842466159,4704120,530
7.842466159,4705034,914
7.844539577,4705580,546
7.844539577,4706478,898
7.846693620,4707040,562
7.846693620,4707922,882
7.848767038,4708500,578
7.848767038,4709366,866
7.850840456,4709960,594
7.850840456,4710810,850
7.852910594,4711420,610
7.852910594,4712254,834
7.854140439,4712880,626
7.854140439,4713698,818
7.856453984,4714340,642
7.856453984,4715142,802
7.858687364,4715800,658
7.858687364,4716586,786
7.860913929,4717260,674
7.860913929,4718030,770
7.863140494,4718720,690
7.863140494,4719474,754
7.865367059,4720180,706
7.865367059,4720918,738
7.867593624,4721640,722
7.867593624,4722362,722
7.869820189,4723100,738
7.869820189,4723806,706
7.872046754,4724560,754
7.872046754,4725250,690
7.874359899,4726020,770
7.874359899,4726694,674
7.876586464,4727480,786
7.876586464,4728138,658
7.878813429,4728940,802
7.878813429,4729582,642
7.881046809,4730400,818
7.881046809,4731026,626
7.883273374,4731860,834
7.883273374,4732470,610
7.885586519,4733320,850
7.885586519,4733914,594
7.887813084,4734780,866
7.887813084,4735358,578
7.890039649,4736240,882
7.890039649,4736802,562
7.892266214,4737700,898
7.892266214,4738246,546
7.894492779,4739160,914
7.894492779,4739690,530
7.896719344,4740620,930
7.896719344,4741134,514
7.898945909,4742080,946
7.898945909,4742578,498
7.901172874,4743540,962
7.901172874,4744022,482
7.903492834,4745000,978
7.903492834,4745466,466
7.905719399,4746460,994
7.905719399,4746910,450
7.907945964,4747920,1010
7.907945964,4748354,434
7.910172529,4749380,1026
7.910172529,4749798,418
7.912399094,4750840,1042
7.912399094,4751242,402
7.914712239,4752300,1058
7.914712239,4752686,386
7.916938804,4753760,1074
7.916938804,4754130,370
7.919165369,4755220,1090
7.919165369,4755574,354
7.921392334,4756680,1106
7.921392334,4757018,338
7.923625714,4758140,1122
7.923625714,4758462,322
7.925938859,4759600,1138
7.925938859,4759906,306
7.928165424,4761060,1154
7.928165424,4761350,290
7.930391989,4762520,1170
7.930391989,4762794,274
7.932618554,4763980,1186
7.932618554,4764238,258
7.934845119,4765440,1202
7.934845119,4765682,242
7.937071684,4766900,1218
7.937071684,4767126,226
7.939298249,4768360,1234
7.939298249,4768570,210
7.941524814,4769820,1250
7.941524814,4770014,194
7.943845174,4771280,1266
7.943845174,4771458,178
7.946071739,4772740,1282
7.946071739,4772902,162
7.948298304,4774200,1298
7.948298304,4774346,146
7.954467171,4775660,1314
7.954467171,4775790,130
7.956875575,4777120,1330
7.956875575,4777234,114
7.959317688,4778580,1346
7.959317688,4778678,98
7.961668394,4780040,1362
7.961668394,4780122,82
7.964019100,4781500,1378
7.964019100,4781566,66
7.966369726,4782960,1394
7.966369726,4783010,50
7.968719308,4784420,1410
7.968719308,4784454,34
7.971075707,4785880,1426
7.971075707,4785898,18
7.973424889,4787340,1442
7.973424889,4787342,2
7.975774151,4788794,1452
7.978124857,4788800,6
7.978124857,4790239,1439
7.980566970,4790260,21
7.980566970,4791684,1424
7.982917676,4791720,36
7.982917676,4793129,1409
7.985268382,4793180,51
7.985268382,4794574,1394
7.987619088,4794640,66
7.987619088,4796018,1378
7.989969794,4796100,82
7.989969794,4797462,1362
7.992419525,4797560,98
7.992419525,4798906,1346
7.994770231,4799020,114
7.994770231,4800350,1330
7.997120937,4800480,130
7.997120937,4801794,1314
7.999471643,4801940,146
7.999471643,4803238,1298
8.001822349,4803400,162
8.001822349,4804682,1282
8.004173055,4804860,178
8.004173055,4806126,1266
8.006523761,4806320,194
8.006523761,4807570,1250
8.008874467,4807780,210
8.008874467,4809014,1234
8.011316580,4809240,226
8.011316580,4810458,1218
8.013667686,4810700,242
8.013667686,4811902,1202
8.016025609,4812160,258
8.016025609,4813346,1186
8.018376315,4813620,274
8.018376315,4814790,1170
8.020727021,4815080,290
8.020727021,4816234,1154
8.023169134,4816540,306
8.023169134,4817678,1138
8.025519840,4818000,322
8.025519840,4819122,1122
8.027870546,4819460,338
8.027870546,4820566,1106
8.030221252,4820920,354
8.030221252,4822010,1090
8.032571958,4822380,370
8.032571958,4823454,1074
8.035014471,4823840,386
8.035014471,4824898,1058
8.037372394,4825300,402
8.037372394,4826342,1042
8.039723100,4826760,418
8.039723100,4827786,1026
8.042073806,4828220,434
8.042073806,4829230,1010
8.044424512,4829680,450
8.044424512,4830674,994
8.046775218,4831140,466
8.046775218,4832118,978
8.049125924,4832600,482
8.049125924,4833562,962
8.051476630,4834060,498
8.051476630,4835006,946
8.053918743,4835520,514
8.053918743,4836450,930
8.056269449,4836980,530
8.056269449,4837894,914
8.058431528,4838440,546
8.058431528,4839338,898
8.060599812,4839900,562
8.060599812,4840782,882
8.062761491,4841360,578
8.062761491,4842226,866
8.065007227,4842820,594
8.065007227,4843670,850
8.067168906,4844280,610
8.067168906,4845114,834
8.069330585,4845740,626
8.069330585,4846558,818
8.071492264,4847200,642
8.071492264,4848002,802
8.073653943,4848660,658
8.073653943,4849446,786
8.075815622,4850120,674
8.075815622,4850890,770
8.077977301,4851580,690
8.077977301,4852334,754
8.080139380,4853040,706
8.080139380,4853778,738
8.082391721,4854500,722
8.082391721,4855222,722
8.084553400,4855960,738
8.084553400,4856666,706
8.086715079,4857420,754
8.086715079,4858110,690
8.088876758,4858880,770
8.088876758,4859554,674
8.091038437,4860340,786
8.091038437,4860998,658
8.093284173,4861800,802
8.093284173,4862442,642
8.095445852,4863260,818
8.095445852,4863886,626
8.097607531,4864720,834
8.097607531,4865330,610
8.099769610,4866180,850
8.099769610,4866774,594
8.101937894,4867640,866
8.101937894,4868218,578
8.104183630,4869100,882
8.104183630,4869662,562
8.106345309,4870560,898
8.106345309,4871106,546
8.108506988,4872020,914
8.108506988,4872550,530
8.110668667,4873480,930
8.110668667,4873994,514
8.112830346,4874940,946
8.112830346,4875438,498
8.114992025,4876400,962
8.114992025,4876882,482
8.117153704,4877860,978
8.117153704,4878326,466
8.119315383,4879320,994
8.119315383,4879770,450
8.121568124,4880780,1010
8.121568124,4881214,434
8.123729803,4882240,1026
8.123729803,4882658,418
8.125891482,4883700,1042
8.125891482,4884102,402
8.128053161,4885160,1058
8.128053161,4885546,386
8.130214840,4886620,1074
8.130214840,4886990,370
8.132460576,4888080,1090
8.132460576,4888434,354
8.134622255,4889540,1106
8.134622255,4889878,338
8.136783934,4891000,1122
8.136783934,4891322,322
8.138945613,4892460,1138
8.138945613,4892766,306
8.141107692,4893920,1154
8.141107692,4894210,290
8.143275976,4895380,1170
8.143275976,4895654,274
8.145437655,4896840,1186
8.145437655,4897098,258
8.147599334,4898300,1202
8.147599334,4898542,242
8.149845070,4899760,1218
8.149845070,4899986,226
8.152006749,4901220,1234
8.152006749,4901430,210
8.154168428,4902680,1250
8.154168428,4902874,194
8.156283602,4904140,1266
8.156283602,4904318,178
8.158398776,4905600,1282
8.158398776,4905762,162
8.160596599,4907060,1298
8.160596599,4907206,146
8.162718227,4908520,1314
8.162718227,4908650,130
8.164833401,4909980,1330
8.164833401,4910094,114
8.166948575,4911440,1346
8.166948575,4911538,98
8.169063749,4912900,1362
8.169063749,4912982,82
8.171178923,4914360,1378
8.171178923,4914426,66
8.173294017,4915820,1394
8.173294017,4915870,50
8.175407820,4917280,1410
8.175407820,4917314,34
8.177603872,4918740,1426
8.177603872,4918758,18
8.179717675,4920200,1442
8.179717675,4920202,2
8.181831958,4921654,1452
8.183953586,4921660,6
8.183953586,4923099,1439
8.186068760,4923120,21
8.186068760,4924544,1424
8.188266183,4924580,36
8.188266183,4925989,1409
8.190381357,4926040,51
8.190381357,4927434,1394
8.192496531,4927500,66
8.192496531,4928878,1378
8.194611705,4928960,82
8.194611705,4930322,1362
8.196726879,4930420,98
8.196726879,4931766,1346
8.198924302,4931880,114
8.198924302,4933210,1330
8.201039876,4933340,130
8.201039876,4934654,1314
8.203161504,4934800,146
8.203161504,4936098,1298
8.205276678,4936260,162
8.205276678,4937542,1282
8.207391852,4937720,178
8.207391852,4938986,1266
8.209507026,4939180,194
8.209507026,4940430,1250
8.211622200,4940640,210
8.211622200,4941874,1234
8.213737374,4942100,226
8.213737374,4943318,1218
8.215934797,4943560,242
8.215934797,4944762,1202
8.218049971,4945020,258
8.218049971,4946206,1186
8.220165145,4946480,274
8.220165145,4947650,1170
8.222280719,4947940,290
8.222280719,4949094,1154
8.224402347,4949400,306
8.224402347,4950538,1138
8.226599770,4950860,322
8.226599770,4951982,1122
8.228714944,4952320,338
8.228714944,4953426,1106
8.230830118,4953780,354
8.230830118,4954870,1090
8.232945292,4955240,370
8.232945292,4956314,1074
8.235060466,4956700,386
8.235060466,4957758,1058
8.237175640,4958160,402
8.237175640,4959202,1042
8.239290814,4959620,418
8.239290814,4960646,1026
8.241405988,4961080,434
8.241405988,4962090,1010
8.243610265,4962540,450
8.243610265,4963534,994
8.245725439,4964000,466
8.245725439,4964978,978
8.247840613,4965460,482
8.247840613,4966422,962
8.249955787,4966920,498
8.249955787,4967866,946
8.252070961,4968380,514
8.252070961,4969310,930
8.254265104,4969840,530
8.254265104,4970754,914
8.255370785,4971300,546
8.255370785,4972198,898
8.257473186,4972760,562
8.257473186,4973642,882
8.259575587,4974220,578
8.259575587,4975086,866
8.261678388,4975680,594
8.261678388,4976530,850
8.263787201,4977140,610
8.263787201,4977974,834
8.265889602,4978600,626
8.265889602,4979418,818
8.267992003,4980060,642
8.267992003,4980862,802
8.270176156,4981520,658
8.270176156,4982306,786
8.272278557,4982980,674
8.272278557,4983750,770
8.274380958,4984440,690
8.274380958,4985194,754
8.276483359,4985900,706
8.276483359,4986638,738
8.278585760,4987360,722
8.278585760,4988082,722
8.280770313,4988820,738
8.280770313,4989526,706
8.282879126,4990280,754
8.282879126,4990970,690
8.284981527,4991740,770
8.284981527,4992414,674
8.287083928,4993200,786
8.287083928,4993858,658
8.289186329,4994660,802
8.289186329,4995302,642
8.291370482,4996120,818
8.291370482,4996746,626
8.293472883,4997580,834
8.293472883,4998190,610
8.295575284,4999040,850
8.295575284,4999634,594
8.297677685,5000500,866
8.297677685,5001078,578
8.299780086,5001960,882
8.299780086,5002522,562
8.301882887,5003420,898
8.301882887,5003966,546
8.303991700,5004880,914
8.303991700,5005410,530
8.306094101,5006340,930
8.306094101,5006854,514
8.308278254,5007800,946
8.308278254,5008298,498
8.310380655,5009260,962
8.310380655,5009742,482
8.312483056,5010720,978
8.312483056,5011186,466
8.314585457,5012180,994
8.314585457,5012630,450
8.316687858,5013640,1010
8.316687858,5014074,434
8.318872011,5015100,1026
8.318872011,5015518,418
8.320974812,5016560,1042
8.320974812,5016962,402
8.323083625,5018020,1058
8.323083625,5018406,386
8.325186026,5019480,1074
8.325186026,5019850,370
8.327288427,5020940,1090
8.327288427,5021294,354
8.329390828,5022400,1106
8.329390828,5022738,338
8.331493229,5023860,1122
8.331493229,5024182,322
8.333595630,5025320,1138
8.333595630,5025626,306
8.335779783,5026780,1154
8.335779783,5027070,290
8.337882184,5028240,1170
8.337882184,5028514,274
8.339984585,5029700,1186
8.339984585,5029958,258
8.342087386,5031160,1202
8.342087386,5031402,242
8.344196199,5032620,1218
8.344196199,5032846,226
8.346380352,5034080,1234
8.346380352,5034290,210
8.348482753,5035540,1250
8.348482753,5035734,194
8.350585154,5037000,1266
8.350585154,5037178,178
8.352687555,5038460,1282
8.352687555,5038622,162
8.354789956,5039920,1298
8.354789956,5040066,146
8.357221161,5041380,1314
8.357221161,5041510,130
8.359652366,5042840,1330
8.359652366,5042954,114
8.362083571,5044300,1346
8.362083571,5044398,98
8.364515176,5045760,1362
8.364515176,5045842,82
8.367048397,5047220,1378
8.367048397,5047286,66
8.369479522,5048680,1394
8.369479522,5048730,50
8.371909151,5050140,1410
8.371909151,5050174,34
8.374338780,5051600,1426
8.374338780,5051618,18
8.376768409,5053060,1442
8.376768409,5053062,2
8.379292656,5054514,1452
8.381723861,5054520,6
8.381723861,5055959,1439
8.384155066,5055980,21
8.384155066,5057404,1424
8.386586671,5057440,36
8.386586671,5058849,1409
8.389025354,5058900,51
8.389025354,5060294,1394
8.391551097,5060360,66
8.391551097,5061738,1378
8.393982302,5061820,82
8.393982302,5063182,1362
8.396413507,5063280,98
8.396413507,5064626,1346
8.398844712,5064740,114
8.398844712,5066070,1330
8.401275917,5066200,130
8.401275917,5067514,1314
8.403707122,5067660,146
8.403707122,5068958,1298
8.406138327,5069120,162
8.406138327,5070402,1282
8.408569532,5070580,178
8.408569532,5071846,1266
8.411103153,5072040,194
8.411103153,5073290,1250
8.413534358,5073500,210
8.413534358,5074734,1234
8.415965563,5074960,226
8.415965563,5076178,1218
8.418396768,5076420,242
8.418396768,5077622,1202
8.420827973,5077880,258
8.420827973,5079066,1186
8.423353716,5079340,274
8.423353716,5080510,1170
8.425784921,5080800,290
8.425784921,5081954,1154
8.428216126,5082260,306
8.428216126,5083398,1138
8.430647331,5083720,322
8.430647331,5084842,1122
8.433078936,5085180,338
8.433078936,5086286,1106
8.435517619,5086640,354
8.435517619,5087730,1090
8.437948824,5088100,370
8.437948824,5089174,1074
8.440380029,5089560,386
8.440380029,5090618,1058
8.442905772,5091020,402
8.442905772,5092062,1042
8.445336977,5092480,418
8.445336977,5093506,1026
8.447768182,5093940,434
8.447768182,5094950,1010
8.450199387,5095400,450
8.450199387,5096394,994
8.452630592,5096860,466
8.452630592,5097838,978
8.455153055,5098320,482
8.455153055,5099282,962
8.455348588,5099780,498
8.455348588,5100726,946
8.457533760,5101240,514
8.457533760,5102170,930
8.459718932,5102700,530
8.459718932,5103614,914
8.461904104,5104160,546
8.461904104,5105058,898
8.464174247,5105620,562
8.464174247,5106502,882
8.466359419,5107080,578
8.466359419,5107946,866
8.468544591,5108540,594
8.468544591,5109390,850
8.470729763,5110000,610
8.470729763,5110834,834
8.472914935,5111460,626
8.472914935,5112278,818
8.475100507,5112920,642
8.475100507,5113722,802
8.477292360,5114380,658
8.477292360,5115166,786
8.479477532,5115840,674
8.479477532,5116610,770
8.481747675,5117300,690
8.481747675,5118054,754
8.483932847,5118760,706
8.483932847,5119498,738
8.486118019,5120220,722
8.486118019,5120942,722
8.488303191,5121680,738
8.488303191,5122386,706
8.490488363,5123140,754
8.490488363,5123830,690
8.492758506,5124600,770
8.492758506,5125274,674
8.494944078,5126060,786
8.494944078,5126718,658
8.497135931,5127520,802
8.497135931,5128162,642
8.499321103,5128980,818
8.499321103,5129606,626
8.501506275,5130440,834
8.501506275,5131050,610
8.503691447,5131900,850
8.503691447,5132494,594
8.505876619,5133360,866
8.505876619,5133938,578
8.508061791,5134820,882
8.508061791,5135382,562
8.510331934,5136280,898
8.510331934,5136826,546
8.512517106,5137740,914
8.512517106,5138270,530
8.514702278,5139200,930
8.514702278,5139714,514
8.516887850,5140660,946
8.516887850,5141158,498
8.519079703,5142120,962
8.519079703,5142602,482
8.521349846,5143580,978
8.521349846,5144046,466
8.523535018,5145040,994
8.523535018,5145490,450
8.525720190,5146500,1010
8.525720190,5146934,434
8.527905362,5147960,1026
8.527905362,5148378,418
8.530090534,5149420,1042
8.530090534,5149822,402
8.532275706,5150880,1058
8.532275706,5151266,386
8.534460878,5152340,1074
8.534460878,5152710,370
8.536646050,5153800,1090
8.536646050,5154154,354
8.538923274,5155260,1106
8.538923274,5155598,338
8.541108446,5156720,1122
8.541108446,5157042,322
8.543293618,5158180,1138
8.543293618,5158486,306
8.545478790,5159640,1154
8.545478790,5159930,290
8.547663962,5161100,1170
8.547663962,5161374,274
8.549934105,5162560,1186
8.549934105,5162818,258
8.552119277,5164020,1202
8.552119277,5164262,242
8.554511894,5165480,1218
8.554511894,5165706,226
8.556904511,5166940,1234
8.556904511,5167150,210
8.559297528,5168400,1250
8.559297528,5168594,194
8.561790535,5169860,1266
8.561790535,5170038,178
8.564183152,5171320,1282
8.564183152,5171482,162
8.566575769,5172780,1298
8.566575769,5172926,146
8.568968386,5174240,1314
8.568968386,5174370,130
8.571361003,5175700,1330
8.571361003,5175814,114
8.573753620,5177160,1346
8.573753620,5177258,98
8.576146237,5178620,1362
8.576146237,5178702,82
8.578538854,5180080,1378
8.578538854,5180146,66
8.581024828,5181540,1394
8.581024828,5181590,50
8.583423248,5183000,1410
8.583423248,5183034,34
8.585814315,5184460,1426
8.585814315,5184478,18
8.588205382,5185920,1442
8.588205382,5185922,2
8.590596529,5187374,1452
8.593082183,5187380,6
8.593082183,5188819,1439
8.595474800,5188840,21
8.595474800,5190264,1424
8.597867417,5190300,36
8.597867417,5191709,1409
8.600260034,5191760,51
8.600260034,5193154,1394
8.602652651,5193220,66
8.602652651,5194598,1378
8.605045668,5194680,82
8.605045668,5196042,1362
8.607445638,5196140,98
8.607445638,5197486,1346
8.609838255,5197600,114
8.609838255,5198930,1330
8.612323909,5199060,130
8.612323909,5200374,1314
8.614716526,5200520,146
8.614716526,5201818,1298
8.617109143,5201980,162
8.617109143,5203262,1282
8.619501760,5203440,178
8.619501760,5204706,1266
8.621894377,5204900,194
8.621894377,5206150,1250
8.624380031,5206360,210
8.624380031,5207594,1234
8.626773048,5207820,226
8.626773048,5209038,1218
8.629173018,5209280,242
8.629173018,5210482,1202
8.631565635,5210740,258
8.631565635,5211926,1186
8.633958252,5212200,274
8.633958252,5213370,1170
8.636350869,5213660,290
8.636350869,5214814,1154
8.638743486,5215120,306
8.638743486,5216258,1138
8.641136103,5216580,322
8.641136103,5217702,1122
8.643621757,5218040,338
8.643621757,5219146,1106
8.646014374,5219500,354
8.646014374,5220590,1090
8.648406991,5220960,370
8.648406991,5222034,1074
8.650800008,5222420,386
8.650800008,5223478,1058
8.653196698,5223880,402
8.653196698,5224922,1042
8.654572196,5225340,418
8.654572196,5226366,1026
8.656855623,5226800,434
8.656855623,5227810,1010
8.659139050,5228260,450
8.659139050,5229254,994
8.661422477,5229720,466
8.661422477,5230698,978
8.663705904,5231180,482
8.663705904,5232142,962
8.666078122,5232640,498
8.666078122,5233586,946
8.668361549,5234100,514
8.668361549,5235030,930
8.670645376,5235560,530
8.670645376,5236474,914
8.672935802,5237020,546
8.672935802,5237918,898
8.675219229,5238480,562
8.675219229,5239362,882
8.677502656,5239940,578
8.677502656,5240806,866
8.679786083,5241400,594
8.679786083,5242250,850
8.680913371,5242860,610
8.680913371,5242880,20
