elapsed_s,rx_app,packet_bytes
0.161016082,1456,1456
0.163468882,1460,4
0.163468882,2905,1445
0.167091282,2920,15
0.167091282,4354,1434
0.177091282,4380,26
0.177091282,5803,1423
0.269838163,5840,37
0.269838163,7252,1412
0.272302163,7300,48
0.272302163,8701,1401
0.274766163,8760,59
0.274766163,10150,1390
0.277230163,10220,70
0.277230163,11598,1378
0.279694163,11680,82
0.279694163,13046,1366
0.282158163,13140,94
0.282158163,14494,1354
0.289839922,14600,106
0.289839922,15942,1342
0.292304322,16060,118
0.292304322,17390,1330
0.381513204,17520,130
0.381513204,18834,1314
0.383980404,18980,146
0.383980404,20278,1298
0.386447604,20440,162
0.386447604,21722,1282
0.388914804,21900,178
0.388914804,23166,1266
0.391382004,23360,194
0.391382004,24610,1250
0.393849204,24820,210
0.393849204,26054,1234
0.396316244,26280,226
0.396316244,27498,1218
0.398780244,27740,242
0.398780244,28942,1202
0.401244244,29200,258
0.401244244,30386,1186
0.403708644,30660,274
0.403708644,31830,1170
0.406180244,32120,290
0.406180244,33274,1154
0.408644244,33580,306
0.408644244,34718,1138
0.411199444,35040,322
0.411199444,36162,1122
0.413663444,36500,338
0.413663444,37606,1106
0.416127444,37960,354
0.416127444,39050,1090
0.418591444,39420,370
0.418591444,40494,1074
0.493203445,40880,386
0.493203445,41938,1058
0.495671045,42340,402
0.495671045,43382,1042
0.498145845,43800,418
0.498145845,44826,1026
0.500613045,45260,434
0.500613045,46270,1010
0.503080245,46720,450
0.503080245,47714,994
0.505547445,48180,466
0.505547445,49158,978
0.508014485,49640,482
0.508014485,50602,962
0.510478485,51100,498
0.510478485,52046,946
0.512942485,52560,514
0.512942485,53490,930
0.515406485,54020,530
0.515406485,54934,914
0.517870485,55480,546
0.517870485,56378,898
0.520334485,56940,562
0.520334485,57822,882
0.522798885,58400,578
0.522798885,59266,866
0.525270485,59860,594
0.525270485,60710,850
0.527734485,61320,610
0.527734485,62154,834
0.530198485,62780,626
0.530198485,63598,818
0.532662485,64240,642
0.532662485,65042,802
0.535126485,65700,658
0.535126485,66486,786
0.537681685,67160,674
0.537681685,67930,770
0.540145685,68620,690
0.540145685,69374,754
0.542609685,70080,706
0.542609685,70818,738
0.545073685,71540,722
0.545073685,72262,722
0.547538085,73000,738
0.547538085,73706,706
0.550009685,74460,754
0.550009685,75150,690
0.554414325,75920,770
0.554414325,76594,674
0.556937685,77380,786
0.556937685,78038,658
0.559401685,78840,802
0.559401685,79482,642
0.561865685,80300,818
0.561865685,80926,626
0.564420885,81760,834
0.564420885,82370,610
0.566884885,83220,850
0.566884885,83814,594
0.569348885,84680,866
0.569348885,85258,578
0.571812885,86140,882
0.571812885,86702,562
0.602892726,87600,898
0.602892726,88146,546
0.605356726,89060,914
0.605356726,89590,530
0.607820726,90520,930
0.607820726,91034,514
0.610284726,91980,946
0.610284726,92478,498
0.612748726,93440,962
0.612748726,93922,482
0.615212726,94900,978
0.615212726,95366,466
0.617767926,96360,994
0.617767926,96810,450
0.620231926,97820,1010
0.620231926,98254,434
0.622695926,99280,1026
0.622695926,99698,418
0.625160326,100740,1042
0.625160326,101142,402
0.627631926,102200,1058
0.627631926,102586,386
0.630095926,103660,1074
0.630095926,104030,370
0.632559926,105120,1090
0.632559926,105474,354
0.635023926,106580,1106
0.635023926,106918,338
0.637487926,108040,1122
0.637487926,108362,322
0.639951926,109500,1138
0.639951926,109806,306
0.642415926,110960,1154
0.642415926,111250,290
0.644879926,112420,1170
0.644879926,112694,274
0.647435126,113880,1186
0.647435126,114138,258
0.649899526,115340,1202
0.649899526,115582,242
0.652368086,116800,1218
0.652368086,117026,226
0.653835126,118260,1234
0.653835126,118470,210
0.656299126,119720,1250
0.656299126,119914,194
0.658763126,121180,1266
0.658763126,121358,178
0.661227126,122640,1282
0.661227126,122802,162
0.663691126,124100,1298
0.663691126,124246,146
0.666155126,125560,1314
0.666155126,125690,130
0.668619126,127020,1330
0.668619126,127134,114
0.671083126,128480,1346
0.671083126,128578,98
0.673547126,129940,1362
0.673547126,130022,82
0.676110326,131400,1378
0.676110326,131466,66
0.678574246,132860,1394
0.678574246,132910,50
0.681036646,134320,1410
0.681036646,134354,34
0.683499046,135780,1426
0.683499046,135798,18
0.685961446,137240,1442
0.685961446,137242,2
0.688423926,138694,1452
0.690887926,138700,6
0.690887926,140139,1439
0.693351926,140160,21
0.693351926,141584,1424
0.695815926,141620,36
0.695815926,143029,1409
0.698279926,143080,51
0.698279926,144474,1394
0.700744326,144540,66
0.700744326,145918,1378
0.703215926,146000,82
0.703215926,147362,1362
0.705679926,147460,98
0.705679926,148806,1346
0.708143926,148920,114
0.708143926,150250,1330
0.710607926,150380,130
0.710607926,151694,1314
0.713071926,151840,146
0.713071926,153138,1298
0.715627126,153300,162
0.715627126,154582,1282
0.718091126,154760,178
0.718091126,156026,1266
0.720555126,156220,194
0.720555126,157470,1250
0.723019126,157680,210
0.723019126,158914,1234
0.725483526,159140,226
0.725483526,160358,1218
0.727955126,160600,242
0.727955126,161802,1202
0.730419126,162060,258
0.730419126,163246,1186
0.732883126,163520,274
0.732883126,164690,1170
0.735347126,164980,290
0.735347126,166134,1154
0.737811126,166440,306
0.737811126,167578,1138
0.740366326,167900,322
0.740366326,169022,1122
0.742830326,169360,338
0.742830326,170466,1106
0.745294326,170820,354
0.745294326,171910,1090
0.747758326,172280,370
0.747758326,173354,1074
0.750222726,173740,386
0.750222726,174798,1058
0.752694326,175200,402
0.752694326,176242,1042
0.755158326,176660,418
0.755158326,177686,1026
0.757622326,178120,434
0.757622326,179130,1010
0.760177526,179580,450
0.760177526,180574,994
0.762641526,181040,466
0.762641526,182018,978
0.765105526,182500,482
0.765105526,183462,962
0.767569526,183960,498
0.767569526,184906,946
0.770033526,185420,514
0.770033526,186350,930
0.772497526,186880,530
0.772497526,187794,914
0.775060726,188340,546
0.775060726,189238,898
0.777524726,189800,562
0.777524726,190682,882
0.779988726,191260,578
0.779988726,192126,866
0.782452726,192720,594
0.782452726,193570,850
0.784916726,194180,610
0.784916726,195014,834
0.787380726,195640,626
0.787380726,196458,818
0.789844726,197100,642
0.789844726,197902,802
0.792308726,198560,658
0.792308726,199346,786
0.794772726,200020,674
0.794772726,200790,770
0.797236726,201480,690
0.797236726,202234,754
0.799701126,202940,706
0.799701126,203678,738
0.802172726,204400,722
0.802172726,205122,722
0.804636726,205860,738
0.804636726,206566,706
0.807100726,207320,754
0.807100726,208010,690
0.809564726,208780,770
0.809564726,209454,674
0.812028726,210240,786
0.812028726,210898,658
0.814583926,211700,802
0.814583926,212342,642
0.817047926,213160,818
0.817047926,213786,626
0.819511926,214620,834
0.819511926,215230,610
0.821975926,216080,850
0.821975926,216674,594
0.824440326,217540,866
0.824440326,218118,578
0.826911926,219000,882
0.826911926,219562,562
0.829375926,220460,898
0.829375926,221006,546
0.831839926,221920,914
0.831839926,222450,530
0.834303926,223380,930
0.834303926,223894,514
0.836767926,224840,946
0.836767926,225338,498
0.839231926,226300,962
0.839231926,226782,482
0.841695926,227760,978
0.841695926,228226,466
0.844251126,229220,994
0.844251126,229670,450
0.846715126,230680,1010
0.846715126,231114,434
0.849179526,232140,1026
0.849179526,232558,418
0.852591766,233600,1042
0.852591766,234002,402
0.855115126,235060,1058
0.855115126,235446,386
0.857579126,236520,1074
0.857579126,236890,370
0.860043126,237980,1090
0.860043126,238334,354
0.862507126,239440,1106
0.862507126,239778,338
0.864971126,240900,1122
0.864971126,241222,322
0.867435126,242360,1138
0.867435126,242666,306
0.869899126,243820,1154
0.869899126,244110,290
0.872363126,245280,1170
0.872363126,245554,274
0.874827126,246740,1186
0.874827126,246998,258
0.877291526,248200,1202
0.877291526,248442,242
0.879763126,249660,1218
0.879763126,249886,226
0.882227126,251120,1234
0.882227126,251330,210
0.884782326,252580,1250
0.884782326,252774,194
0.887246326,254040,1266
0.887246326,254218,178
0.889710326,255500,1282
0.889710326,255662,162
0.892174326,256960,1298
0.892174326,257106,146
0.894756886,258420,1314
0.894756886,258550,130
0.897160086,259880,1330
0.897160086,259994,114
0.899812886,261340,1346
0.899812886,261438,98
0.902216086,262800,1362
0.902216086,262882,82
0.906089686,264260,1378
0.906089686,264326,66
0.910529686,265720,1394
0.910529686,265770,50
0.914662486,267180,1410
0.914662486,267214,34
0.917459286,268640,1426
0.917459286,268658,18
0.919862486,270100,1442
0.919862486,270102,2
0.922662486,271554,1452
0.925465686,271560,6
0.925465686,272999,1439
0.927868886,273020,21
0.927868886,274444,1424
0.930272086,274480,36
0.930272086,275889,1409
0.932675286,275940,51
0.932675286,277334,1394
0.935078486,277400,66
0.935078486,278778,1378
0.937481686,278860,82
0.937481686,280222,1362
0.939884886,280320,98
0.939884886,281666,1346
0.942288086,281780,114
0.942288086,283110,1330
0.944782486,283240,130
0.944782486,284554,1314
0.947185686,284700,146
0.947185686,285998,1298
0.949588886,286160,162
0.949588886,287442,1282
0.951992086,287620,178
0.951992086,288886,1266
0.954395286,289080,194
0.954395286,290330,1250
0.955798486,290540,210
0.955798486,291774,1234
0.958201686,292000,226
0.958201686,293218,1218
0.960604886,293460,242
0.960604886,294662,1202
0.963008086,294920,258
0.963008086,296106,1186
0.965411286,296380,274
0.965411286,297550,1170
0.967814486,297840,290
0.967814486,298994,1154
0.970217686,299300,306
0.970217686,300438,1138
0.972620886,300760,322
0.972620886,301882,1122
0.975024086,302220,338
0.975024086,303326,1106
0.977427286,303680,354
0.977427286,304770,1090
0.979830486,305140,370
0.979830486,306214,1074
0.982233686,306600,386
0.982233686,307658,1058
0.984636886,308060,402
0.984636886,309102,1042
0.987131286,309520,418
0.987131286,310546,1026
0.989534486,310980,434
0.989534486,311990,1010
0.991937686,312440,450
0.991937686,313434,994
0.994340886,313900,466
0.994340886,314878,978
0.996744086,315360,482
0.996744086,316322,962
0.999147286,316820,498
0.999147286,317766,946
1.001550486,318280,514
1.001550486,319210,930
1.003953686,319740,530
1.003953686,320654,914
1.006356886,321200,546
1.006356886,322098,898
1.008760086,322660,562
1.008760086,323542,882
1.011254486,324120,578
1.011254486,324986,866
1.013657686,325580,594
1.013657686,326430,850
1.016060886,327040,610
1.016060886,327874,834
1.018464086,328500,626
1.018464086,329318,818
1.020867286,329960,642
1.020867286,330762,802
1.023270486,331420,658
1.023270486,332206,786
1.025673686,332880,674
1.025673686,333650,770
1.028076886,334340,690
1.028076886,335094,754
1.030480086,335800,706
1.030480086,336538,738
1.032883286,337260,722
1.032883286,337982,722
1.035286486,338720,738
1.035286486,339426,706
1.037689686,340180,754
1.037689686,340870,690
1.040092886,341640,770
1.040092886,342314,674
1.042889686,343100,786
1.042889686,343758,658
1.045292886,344560,802
1.045292886,345202,642
1.047696086,346020,818
1.047696086,346646,626
1.050195286,347480,834
1.050195286,348090,610
1.052598486,348940,850
1.052598486,349534,594
1.055001686,350400,866
1.055001686,350978,578
1.057404886,351860,882
1.057404886,352422,562
1.059808086,353320,898
1.059808086,353866,546
1.062211286,354780,914
1.062211286,355310,530
1.064614486,356240,930
1.064614486,356754,514
1.067017686,357700,946
1.067017686,358198,498
1.069420886,359160,962
1.069420886,359642,482
1.071824086,360620,978
1.071824086,361086,466
1.074227286,362080,994
1.074227286,362530,450
1.076630486,363540,1010
1.076630486,363974,434
1.079129686,365000,1026
1.079129686,365418,418
1.081532886,366460,1042
1.081532886,366862,402
1.083936086,367920,1058
1.083936086,368306,386
1.086339286,369380,1074
1.086339286,369750,370
1.088742486,370840,1090
1.088742486,371194,354
1.091145686,372300,1106
1.091145686,372638,338
1.093548886,373760,1122
1.093548886,374082,322
1.095952086,375220,1138
1.095952086,375526,306
1.098355286,376680,1154
1.098355286,376970,290
1.100758486,378140,1170
1.100758486,378414,274
1.103161686,379600,1186
1.103161686,379858,258
1.105966486,381060,1202
1.105966486,381302,242
1.108369686,382520,1218
1.108369686,382746,226
1.111035286,383980,1234
1.111035286,384190,210
1.113534486,385440,1250
1.113534486,385634,194
1.115937686,386900,1266
1.115937686,387078,178
1.118340886,388360,1282
1.118340886,388522,162
1.770558486,389820,1298
1.770558486,389966,146
1.770558486,391280,1314
1.770558486,392854,1574
2.108321686,394200,1346
2.108321686,524270,130070
2.108321686,525600,1330
2.108321686,785658,260058
2.110828886,786940,1282
2.110828886,904078,117138
2.158650886,905200,1122
2.158650886,930070,24870
2.208257206,931480,1410
2.208257206,1021054,89574
2.210745766,1022000,946
2.210745766,1022498,498
2.213214566,1023460,962
2.213214566,1023942,482
2.215683766,1024920,978
2.215683766,1025386,466
2.218256166,1026380,994
2.218256166,1026830,450
2.220724966,1027840,1010
2.220724966,1028274,434
2.223193766,1029300,1026
2.223193766,1029718,418
2.225662566,1030760,1042
2.225662566,1031162,402
2.228131366,1032220,1058
2.228131366,1032606,386
2.230600166,1033680,1074
2.230600166,1034050,370
2.233068966,1035140,1090
2.233068966,1035494,354
2.235537766,1036600,1106
2.235537766,1036938,338
2.238102966,1038060,1122
2.238102966,1038382,322
2.240579366,1039520,1138
2.240579366,1039826,306
2.243048166,1040980,1154
2.243048166,1041270,290
2.245516966,1042440,1170
2.245516966,1042714,274
2.247985766,1043900,1186
2.247985766,1044158,258
2.250454566,1045360,1202
2.250454566,1045602,242
2.252923366,1046820,1218
2.252923366,1047046,226
2.255388886,1048280,1234
2.255388886,1049934,1654
2.257425766,1051200,1266
2.257425766,1051378,178
2.259894966,1052660,1282
2.259894966,1052822,162
2.262371366,1054120,1298
2.262371366,1054266,146
2.264840166,1055580,1314
2.264840166,1055710,130
2.267308966,1057040,1330
2.267308966,1057154,114
2.269777766,1058500,1346
2.269777766,1058598,98
2.272342566,1059960,1362
2.272342566,1060042,82
2.274811366,1061420,1378
2.274811366,1061486,66
2.277280086,1062880,1394
2.277280086,1062930,50
2.279843286,1064340,1410
2.279843286,1064374,34
2.282310886,1065800,1426
2.282310886,1065818,18
2.284785686,1067260,1442
2.284785686,1067262,2
2.287252966,1068714,1452
2.289817766,1068720,6
2.289817766,1070159,1439
2.292286566,1070180,21
2.292286566,1071604,1424
2.294755366,1071640,36
2.294755366,1073049,1409
2.297224166,1073100,51
2.297224166,1074494,1394
2.299692966,1074560,66
2.299692966,1075938,1378
2.302161766,1076020,82
2.302161766,1077382,1362
2.304630566,1077480,98
2.304630566,1078826,1346
2.307099766,1078940,114
2.307099766,1080270,1330
2.309672166,1080400,130
2.309672166,1081714,1314
2.312140966,1081860,146
2.312140966,1083158,1298
2.314609766,1083320,162
2.314609766,1084602,1282
2.317078566,1084780,178
2.317078566,1086046,1266
2.319547366,1086240,194
2.319547366,1087490,1250
2.322112166,1087700,210
2.322112166,1088934,1234
2.324580966,1089160,226
2.324580966,1090378,1218
2.327049766,1090620,242
2.327049766,1091822,1202
2.329518966,1092080,258
2.329518966,1093266,1186
2.331995366,1093540,274
2.331995366,1094710,1170
2.334464166,1095000,290
2.334464166,1096154,1154
2.336932966,1096460,306
2.336932966,1097598,1138
2.339401766,1097920,322
2.339401766,1099042,1122
2.341966566,1099380,338
2.341966566,1100486,1106
2.344435366,1100840,354
2.344435366,1101930,1090
2.346904166,1102300,370
2.346904166,1103374,1074
2.349372966,1103760,386
2.349372966,1104818,1058
2.354787206,1105220,402
2.354787206,1106262,1042
2.357310966,1106680,418
2.357310966,1107706,1026
2.359787366,1108140,434
2.359787366,1109150,1010
2.362256166,1109600,450
2.362256166,1110594,994
2.364820966,1111060,466
2.364820966,1112038,978
2.367289766,1112520,482
2.367289766,1113482,962
2.369758566,1113980,498
2.369758566,1114926,946
2.372227366,1115440,514
2.372227366,1116370,930
2.374696166,1116900,530
2.374696166,1117814,914
2.377164966,1118360,546
2.377164966,1119258,898
2.379730166,1119820,562
2.379730166,1120702,882
2.382206566,1121280,578
2.382206566,1122146,866
2.384675366,1122740,594
2.384675366,1123590,850
2.387144166,1124200,610
2.387144166,1125034,834
2.389612966,1125660,626
2.389612966,1126478,818
2.392177766,1127120,642
2.392177766,1127922,802
2.394646566,1128580,658
2.394646566,1129366,786
2.397115366,1130040,674
2.397115366,1130810,770
2.399584166,1131500,690
2.399584166,1132254,754
2.402052966,1132960,706
2.402052966,1133698,738
2.404522166,1134420,722
2.404522166,1135142,722
2.407094566,1135880,738
2.407094566,1136586,706
2.409563366,1137340,754
2.409563366,1138030,690
2.412032166,1138800,770
2.412032166,1139474,674
2.414500966,1140260,786
2.414500966,1140918,658
2.416969766,1141720,802
2.416969766,1142362,642
2.419438566,1143180,818
2.419438566,1143806,626
2.421907366,1144640,834
2.421907366,1145250,610
2.424472166,1146100,850
2.424472166,1146694,594
2.426941366,1147560,866
2.426941366,1148138,578
2.429417766,1149020,882
2.429417766,1149582,562
2.431886566,1150480,898
2.431886566,1151026,546
2.434355366,1151940,914
2.434355366,1152470,530
2.436824166,1153400,930
2.436824166,1153914,514
2.439388966,1154860,946
2.439388966,1155358,498
2.441857766,1156320,962
2.441857766,1156802,482
2.444326566,1157780,978
2.444326566,1158246,466
2.446795366,1159240,994
2.446795366,1159690,450
2.449264166,1160700,1010
2.449264166,1161134,434
2.451733366,1162160,1026
2.451733366,1162578,418
2.454209766,1163620,1042
2.454209766,1164022,402
2.456774566,1165080,1058
2.456774566,1165466,386
2.459243366,1166540,1074
2.459243366,1166910,370
2.461712166,1168000,1090
2.461712166,1168354,354
2.464180966,1169460,1106
2.464180966,1169798,338
2.466649766,1170920,1122
2.466649766,1171242,322
2.469214566,1172380,1138
2.469214566,1172686,306
2.471683366,1173840,1154
2.471683366,1174130,290
2.474152566,1175300,1170
2.474152566,1175574,274
2.476628966,1176760,1186
2.476628966,1177018,258
2.479097766,1178220,1202
2.479097766,1178462,242
2.481566566,1179680,1218
2.481566566,1179906,226
2.484035366,1181140,1234
2.484035366,1181350,210
2.486504166,1182600,1250
2.486504166,1182794,194
2.489068966,1184060,1266
2.489068966,1184238,178
2.491537766,1185520,1282
2.491537766,1185682,162
2.494006566,1186980,1298
2.494006566,1187126,146
2.496475366,1188440,1314
2.496475366,1188570,130
2.498944566,1189900,1330
2.498944566,1190014,114
2.501516966,1191360,1346
2.501516966,1191458,98
2.503985766,1192820,1362
2.503985766,1192902,82
2.506454566,1194280,1378
2.506454566,1194346,66
2.508923286,1195740,1394
2.508923286,1195790,50
2.511390486,1197200,1410
2.511390486,1197234,34
2.513953686,1198660,1426
2.513953686,1198678,18
2.516420886,1200120,1442
2.516420886,1200122,2
2.518888166,1201574,1452
2.521357366,1201580,6
2.521357366,1203019,1439
2.523833766,1203040,21
2.523833766,1204464,1424
2.526302566,1204500,36
2.526302566,1205909,1409
2.528771366,1205960,51
2.528771366,1207354,1394
2.531240166,1207420,66
2.531240166,1208798,1378
2.533804966,1208880,82
2.533804966,1210242,1362
2.536273766,1210340,98
2.536273766,1211686,1346
2.538742566,1211800,114
2.538742566,1213130,1330
2.541211366,1213260,130
2.541211366,1214574,1314
2.543680166,1214720,146
2.543680166,1216018,1298
2.546149366,1216180,162
2.546149366,1217462,1282
2.548721766,1217640,178
2.548721766,1218906,1266
2.551190566,1219100,194
2.551190566,1220350,1250
2.553659366,1220560,210
2.553659366,1221794,1234
2.556124886,1222020,226
2.556124886,1224682,2662
2.557065766,1224940,258
2.557065766,1226126,1186
2.559534566,1226400,274
2.559534566,1227570,1170
2.562099366,1227860,290
2.562099366,1229014,1154
2.564568566,1229320,306
2.564568566,1230458,1138
2.567044966,1230780,322
2.567044966,1231902,1122
2.569513766,1232240,338
2.569513766,1233346,1106
2.571982566,1233700,354
2.571982566,1234790,1090
2.574451366,1235160,370
2.574451366,1236234,1074
2.577016166,1236620,386
2.577016166,1237678,1058
2.579484966,1238080,402
2.579484966,1239122,1042
2.581953766,1239540,418
2.581953766,1240566,1026
2.584422566,1241000,434
2.584422566,1242010,1010
2.586891366,1242460,450
2.586891366,1243454,994
2.589360566,1243920,466
2.589360566,1244898,978
2.591932966,1245380,482
2.591932966,1246342,962
2.594401766,1246840,498
2.594401766,1247786,946
2.596870566,1248300,514
2.596870566,1249230,930
2.599339366,1249760,530
2.599339366,1250674,914
2.601808166,1251220,546
2.601808166,1252118,898
2.604276966,1252680,562
2.604276966,1253562,882
2.606745766,1254140,578
2.606745766,1255006,866
2.609310566,1255600,594
2.609310566,1256450,850
2.611779766,1257060,610
2.611779766,1257894,834
2.614256166,1258520,626
2.614256166,1259338,818
2.616724966,1259980,642
2.616724966,1260782,802
2.619193766,1261440,658
2.619193766,1262226,786
2.621662566,1262900,674
2.621662566,1263670,770
2.624227366,1264360,690
2.624227366,1265114,754
2.626696166,1265820,706
2.626696166,1266558,738
2.629164966,1267280,722
2.629164966,1268002,722
2.631633766,1268740,738
2.631633766,1269446,706
2.634102566,1270200,754
2.634102566,1270890,690
2.636571766,1271660,770
2.636571766,1272334,674
2.639048166,1273120,786
2.639048166,1273778,658
2.641612966,1274580,802
2.641612966,1275222,642
2.644081766,1276040,818
2.644081766,1276666,626
2.646550566,1277500,834
2.646550566,1278110,610
2.649019366,1278960,850
2.649019366,1279554,594
2.651488166,1280420,866
2.651488166,1280998,578
2.653956966,1281880,882
2.653956966,1282442,562
2.656521766,1283340,898
2.656521766,1283886,546
2.658990966,1284800,914
2.658990966,1285330,530
2.661467366,1286260,930
2.661467366,1286774,514
2.663936166,1287720,946
2.663936166,1288218,498
2.666404966,1289180,962
2.666404966,1289662,482
2.668873766,1290640,978
2.668873766,1291106,466
2.671342566,1292100,994
2.671342566,1292550,450
2.673907366,1293560,1010
2.673907366,1293994,434
2.676376166,1295020,1026
2.676376166,1295438,418
2.678844966,1296480,1042
2.678844966,1296882,402
2.681313766,1297940,1058
2.681313766,1298326,386
2.683782966,1299400,1074
2.683782966,1299770,370
2.686355366,1300860,1090
2.686355366,1301214,354
2.688824166,1302320,1106
2.688824166,1302658,338
2.691292966,1303780,1122
2.691292966,1304102,322
2.693761766,1305240,1138
2.693761766,1305546,306
2.696230566,1306700,1154
2.696230566,1306990,290
2.698699366,1308160,1170
2.698699366,1308434,274
2.701264166,1309620,1186
2.701264166,1309878,258
2.703732966,1311080,1202
2.703732966,1311322,242
2.706202166,1312540,1218
2.706202166,1312766,226
2.708678566,1314000,1234
2.708678566,1314210,210
2.711147366,1315460,1250
2.711147366,1315654,194
2.713616166,1316920,1266
2.713616166,1317098,178
2.716084966,1318380,1282
2.716084966,1318542,162
2.718649766,1319840,1298
2.718649766,1319986,146
2.721118566,1321300,1314
2.721118566,1321430,130
2.723587366,1322760,1330
2.723587366,1322874,114
2.726056166,1324220,1346
2.726056166,1324318,98
2.728524966,1325680,1362
2.728524966,1325762,82
2.730994166,1327140,1378
2.730994166,1327206,66
2.733566486,1328600,1394
2.733566486,1328650,50
2.736033686,1330060,1410
2.736033686,1330094,34
2.738500886,1331520,1426
2.738500886,1331538,18
2.740968086,1332980,1442
2.740968086,1332982,2
2.743435366,1334434,1452
2.745904166,1334440,6
2.745904166,1335879,1439
2.748372966,1335900,21
2.748372966,1337324,1424
2.750937766,1337360,36
2.750937766,1338769,1409
2.753406966,1338820,51
2.753406966,1340214,1394
2.755883366,1340280,66
2.755883366,1341658,1378
2.758352166,1341740,82
2.758352166,1343102,1362
2.760820966,1343200,98
2.760820966,1344546,1346
2.763385766,1344660,114
2.763385766,1345990,1330
2.765854566,1346120,130
2.765854566,1347434,1314
2.768323366,1347580,146
2.768323366,1348878,1298
2.770792166,1349040,162
2.770792166,1350322,1282
2.773260966,1350500,178
2.773260966,1351766,1266
2.775729766,1351960,194
2.775729766,1353210,1250
2.778198966,1353420,210
2.778198966,1354654,1234
2.780675366,1354880,226
2.780675366,1356098,1218
2.783240166,1356340,242
2.783240166,1357542,1202
2.785708966,1357800,258
2.785708966,1358986,1186
2.788177766,1359260,274
2.788177766,1360430,1170
2.790646566,1360720,290
2.790646566,1361874,1154
2.793115366,1362180,306
2.793115366,1363318,1138
2.795680166,1363640,322
2.795680166,1364762,1122
2.798148966,1365100,338
2.798148966,1366206,1106
2.800618166,1366560,354
2.800618166,1367650,1090
2.803094566,1368020,370
2.803094566,1369094,1074
2.805563366,1369480,386
2.805563366,1370538,1058
2.808032166,1370940,402
2.808032166,1371982,1042
2.810596966,1372400,418
2.810596966,1373426,1026
2.813065766,1373860,434
2.813065766,1374870,1010
2.815534566,1375320,450
2.815534566,1376314,994
2.818003366,1376780,466
2.818003366,1377758,978
2.820472166,1378240,482
2.820472166,1379202,962
2.822940966,1379700,498
2.822940966,1380646,946
2.825410166,1381160,514
2.825410166,1382090,930
2.827982566,1382620,530
2.827982566,1383534,914
2.830451366,1384080,546
2.830451366,1384978,898
2.832920166,1385540,562
2.832920166,1386422,882
2.835388966,1387000,578
2.835388966,1387866,866
2.837857766,1388460,594
2.837857766,1389310,850
2.840326566,1389920,610
2.840326566,1390754,834
2.842891366,1391380,626
2.842891366,1392198,818
2.845360166,1392840,642
2.845360166,1393642,802
2.847829366,1394300,658
2.847829366,1395086,786
2.850305766,1395760,674
2.850305766,1396530,770
2.852774566,1397220,690
2.852774566,1397974,754
2.855243366,1398680,706
2.855243366,1399418,738
2.857712166,1400140,722
2.857712166,1400862,722
2.860276966,1401600,738
2.860276966,1402306,706
2.862745766,1403060,754
2.862745766,1403750,690
2.865214566,1404520,770
2.865214566,1405194,674
2.867683366,1405980,786
2.867683366,1406638,658
2.870152166,1407440,802
2.870152166,1408082,642
2.872724966,1408900,818
2.872724966,1409526,626
2.875193766,1410360,834
2.875193766,1410970,610
2.877662566,1411820,850
2.877662566,1412414,594
2.880131366,1413280,866
2.880131366,1413858,578
2.882600166,1414740,882
2.882600166,1415302,562
2.885068966,1416200,898
2.885068966,1416746,546
2.887537766,1417660,914
2.887537766,1418190,530
2.890006566,1419120,930
2.890006566,1419634,514
2.892571366,1420580,946
2.892571366,1421078,498
2.895040566,1422040,962
2.895040566,1422522,482
2.897516966,1423500,978
2.897516966,1423966,466
2.899985766,1424960,994
2.899985766,1425410,450
2.902454566,1426420,1010
2.902454566,1426854,434
2.905019366,1427880,1026
2.905019366,1428298,418
2.907488166,1429340,1042
2.907488166,1429742,402
2.909956966,1430800,1058
2.909956966,1431186,386
2.912425766,1432260,1074
2.912425766,1432630,370
2.914894566,1433720,1090
2.914894566,1434074,354
2.917363366,1435180,1106
2.917363366,1435518,338
2.919936166,1436640,1122
2.919936166,1436962,322
2.922404966,1438100,1138
2.922404966,1438406,306
2.924873766,1439560,1154
2.924873766,1439850,290
2.927342566,1441020,1170
2.927342566,1441294,274
2.929811366,1442480,1186
2.929811366,1442738,258
2.932280166,1443940,1202
2.932280166,1444182,242
2.934748966,1445400,1218
2.934748966,1445626,226
2.937313766,1446860,1234
2.937313766,1447070,210
2.939782566,1448320,1250
2.939782566,1448514,194
2.942251766,1449780,1266
2.942251766,1449958,178
2.944728166,1451240,1282
2.944728166,1451402,162
2.947196966,1452700,1298
2.947196966,1452846,146
2.949665766,1454160,1314
2.949665766,1454290,130
2.952230566,1455620,1330
2.952230566,1455734,114
2.954699366,1457080,1346
2.954699366,1457178,98
2.957168166,1458540,1362
2.957168166,1458622,82
2.959636966,1460000,1378
2.959636966,1460066,66
2.962105686,1461460,1394
2.962105686,1461510,50
2.964572886,1462920,1410
2.964572886,1462954,34
2.967040486,1464380,1426
2.967040486,1464398,18
2.969611286,1465840,1442
2.969611286,1465842,2
2.972078566,1467294,1452
2.974547366,1467300,6
2.974547366,1468739,1439
2.977016166,1468760,21
2.977016166,1470184,1424
2.979484966,1470220,36
2.979484966,1471629,1409
2.982049766,1471680,51
2.982049766,1473074,1394
2.984518566,1473140,66
2.984518566,1474518,1378
2.986987366,1474600,82
2.986987366,1475962,1362
2.989456566,1476060,98
2.989456566,1477406,1346
2.991932966,1477520,114
2.991932966,1478850,1330
2.994401766,1478980,130
2.994401766,1480294,1314
2.996870566,1480440,146
2.996870566,1481738,1298
2.999339366,1481900,162
2.999339366,1483182,1282
3.001904166,1483360,178
3.001904166,1484626,1266
3.004372966,1484820,194
3.004372966,1486070,1250
3.006841766,1486280,210
3.006841766,1487514,1234
3.009310566,1487740,226
3.009310566,1488958,1218
3.011779366,1489200,242
3.011779366,1490402,1202
3.014352166,1490660,258
3.014352166,1491846,1186
3.016820966,1492120,274
3.016820966,1493290,1170
3.019289766,1493580,290
3.019289766,1494734,1154
3.021758566,1495040,306
3.021758566,1496178,1138
3.024227366,1496500,322
3.024227366,1497622,1122
3.026696166,1497960,338
3.026696166,1499066,1106
3.029260966,1499420,354
3.029260966,1500510,1090
3.031729766,1500880,370
3.031729766,1501954,1074
3.034198566,1502340,386
3.034198566,1503398,1058
3.036667766,1503800,402
3.036667766,1504842,1042
3.039144166,1505260,418
3.039144166,1506286,1026
3.041612966,1506720,434
3.041612966,1507730,1010
3.044081766,1508180,450
3.044081766,1509174,994
3.046550566,1509640,466
3.046550566,1510618,978
3.049115366,1511100,482
3.049115366,1512062,962
3.051584166,1512560,498
3.051584166,1513506,946
3.054052966,1514020,514
3.054052966,1514950,930
3.056521766,1515480,530
3.056521766,1516394,914
3.058990566,1516940,546
3.058990566,1517838,898
3.061459766,1518400,562
3.061459766,1519282,882
3.064032166,1519860,578
3.064032166,1520726,866
3.066500966,1521320,594
3.066500966,1522170,850
3.068969766,1522780,610
3.068969766,1523614,834
3.071438566,1524240,626
3.071438566,1525058,818
3.073907366,1525700,642
3.073907366,1526502,802
3.076376166,1527160,658
3.076376166,1527946,786
3.078844966,1528620,674
3.078844966,1529390,770
3.081409766,1530080,690
3.081409766,1530834,754
3.083878966,1531540,706
3.083878966,1532278,738
3.086355366,1533000,722
3.086355366,1533722,722
3.088824166,1534460,738
3.088824166,1535166,706
3.091292966,1535920,754
3.091292966,1536610,690
3.093857766,1537380,770
3.093857766,1538054,674
3.096326566,1538840,786
3.096326566,1539498,658
3.098795366,1540300,802
3.098795366,1540942,642
3.101264166,1541760,818
3.101264166,1542386,626
3.103732966,1543220,834
3.103732966,1543830,610
3.106201766,1544680,850
3.106201766,1545274,594
3.108774566,1546140,866
3.108774566,1546718,578
3.111243366,1547600,882
3.111243366,1548162,562
3.113712166,1549060,898
3.113712166,1549606,546
3.116180966,1550520,914
3.116180966,1551050,530
3.118649766,1551980,930
3.118649766,1552494,514
3.121118566,1553440,946
3.121118566,1553938,498
3.123587366,1554900,962
3.123587366,1555382,482
3.126152166,1556360,978
3.126152166,1556826,466
3.128620966,1557820,994
3.128620966,1558270,450
3.131090166,1559280,1010
3.131090166,1559714,434
3.133566566,1560740,1026
3.133566566,1561158,418
3.136035366,1562200,1042
3.136035366,1562602,402
3.138504166,1563660,1058
3.138504166,1564046,386
3.141068966,1565120,1074
3.141068966,1565490,370
3.143537766,1566580,1090
3.143537766,1566934,354
3.146006566,1568040,1106
3.146006566,1568378,338
3.148475366,1569500,1122
3.148475366,1569822,322
3.150944166,1570960,1138
3.150944166,1571266,306
3.153412966,1572420,1154
3.153412966,1572710,290
3.155882166,1573880,1170
3.155882166,1574154,274
3.158454566,1575340,1186
3.158454566,1575598,258
3.160923366,1576800,1202
3.160923366,1577042,242
3.163392166,1578260,1218
3.163392166,1578486,226
3.165860966,1579720,1234
3.165860966,1579930,210
3.168329766,1581180,1250
3.168329766,1581374,194
3.170798566,1582640,1266
3.170798566,1582818,178
3.173363366,1584100,1282
3.173363366,1584262,162
3.175832166,1585560,1298
3.175832166,1585706,146
3.178301366,1587020,1314
3.178301366,1587150,130
3.180777766,1588480,1330
3.180777766,1588594,114
3.183246566,1589940,1346
3.183246566,1590038,98
3.185715366,1591400,1362
3.185715366,1591482,82
3.188184166,1592860,1378
3.188184166,1592926,66
3.190748886,1594320,1394
3.190748886,1594370,50
3.193216086,1595780,1410
3.193216086,1595814,34
3.195683286,1597240,1426
3.195683286,1597258,18
3.198150486,1598700,1442
3.198150486,1598702,2
3.200617766,1600154,1452
3.203190566,1600160,6
3.203190566,1601599,1439
3.205659366,1601620,21
3.205659366,1603044,1424
3.208128166,1603080,36
3.208128166,1604489,1409
3.210596966,1604540,51
3.210596966,1605934,1394
3.213065766,1606000,66
3.213065766,1607378,1378
3.215534566,1607460,82
3.215534566,1608822,1362
3.218099366,1608920,98
3.218099366,1610266,1346
3.220568166,1610380,114
3.220568166,1611710,1330
3.223036966,1611840,130
3.223036966,1613154,1314
3.225506166,1613300,146
3.225506166,1614598,1298
3.227982566,1614760,162
3.227982566,1616042,1282
3.230451366,1616220,178
3.230451366,1617486,1266
3.232920166,1617680,194
3.232920166,1618930,1250
3.235388966,1619140,210
3.235388966,1620374,1234
3.237953766,1620600,226
3.237953766,1621818,1218
3.240422566,1622060,242
3.240422566,1623262,1202
3.242891366,1623520,258
3.242891366,1624706,1186
3.245360166,1624980,274
3.245360166,1626150,1170
3.247828966,1626440,290
3.247828966,1627594,1154
3.253347206,1627900,306
3.253347206,1629038,1138
3.255870566,1629360,322
3.255870566,1630482,1122
3.258339366,1630820,338
3.258339366,1631926,1106
3.260808166,1632280,354
3.260808166,1633370,1090
3.263276966,1633740,370
3.263276966,1634814,1074
3.265745766,1635200,386
3.265745766,1636258,1058
3.268214566,1636660,402
3.268214566,1637702,1042
3.270779366,1638120,418
3.270779366,1639146,1026
3.273248166,1639580,434
3.273248166,1640590,1010
3.275717366,1641040,450
3.275717366,1642034,994
3.278193766,1642500,466
3.278193766,1643478,978
3.280662566,1643960,482
3.280662566,1644922,962
3.283131366,1645420,498
3.283131366,1646366,946
3.285696166,1646880,514
3.285696166,1647810,930
3.288164966,1648340,530
3.288164966,1649254,914
3.290633766,1649800,546
3.290633766,1650698,898
3.293102566,1651260,562
3.293102566,1652142,882
3.295571366,1652720,578
3.295571366,1653586,866
3.298040166,1654180,594
3.298040166,1655030,850
3.300509366,1655640,610
3.300509366,1656474,834
3.303081766,1657100,626
3.303081766,1657918,818
3.305550566,1658560,642
3.305550566,1659362,802
3.308019366,1660020,658
3.308019366,1660806,786
3.310488166,1661480,674
3.310488166,1662250,770
3.312956966,1662940,690
3.312956966,1663694,754
3.315425766,1664400,706
3.315425766,1665138,738
3.317990566,1665860,722
3.317990566,1666582,722
3.320459366,1667320,738
3.320459366,1668026,706
3.322928566,1668780,754
3.322928566,1669470,690
3.325404966,1670240,770
3.325404966,1670914,674
3.327873766,1671700,786
3.327873766,1672358,658
3.330438566,1673160,802
3.330438566,1673802,642
3.332907366,1674620,818
3.332907366,1675246,626
3.335376166,1676080,834
3.335376166,1676690,610
3.337844966,1677540,850
3.337844966,1678134,594
3.340313766,1679000,866
3.340313766,1679578,578
3.342782566,1680460,882
3.342782566,1681022,562
3.345251366,1681920,898
3.345251366,1682466,546
3.347720566,1683380,914
3.347720566,1683910,530
3.350292966,1684840,930
3.350292966,1685354,514
3.352761766,1686300,946
3.352761766,1686798,498
3.355227286,1687760,962
3.355227286,1689686,1926
3.357168166,1690680,994
3.357168166,1691130,450
3.359732966,1692140,1010
3.359732966,1692574,434
3.362201766,1693600,1026
3.362201766,1694018,418
3.364670566,1695060,1042
3.364670566,1695462,402
3.367139766,1696520,1058
3.367139766,1696906,386
3.369616166,1697980,1074
3.369616166,1698350,370
3.372084966,1699440,1090
3.372084966,1699794,354
3.374553766,1700900,1106
3.374553766,1701238,338
3.377118566,1702360,1122
3.377118566,1702682,322
3.379587366,1703820,1138
3.379587366,1704126,306
3.382056166,1705280,1154
3.382056166,1705570,290
3.384524966,1706740,1170
3.384524966,1707014,274
3.386993766,1708200,1186
3.386993766,1708458,258
3.389462566,1709660,1202
3.389462566,1709902,242
3.392035366,1711120,1218
3.392035366,1711346,226
3.394504166,1712580,1234
3.394504166,1712790,210
3.396972966,1714040,1250
3.396972966,1714234,194
3.399441766,1715500,1266
3.399441766,1715678,178
3.401910566,1716960,1282
3.401910566,1717122,162
3.404475366,1718420,1298
3.404475366,1718566,146
3.406944166,1719880,1314
3.406944166,1720010,130
3.409412966,1721340,1330
3.409412966,1721454,114
3.411881766,1722800,1346
3.411881766,1722898,98
3.414350966,1724260,1362
3.414350966,1724342,82
3.416827366,1725720,1378
3.416827366,1725786,66
3.419296086,1727180,1394
3.419296086,1727230,50
3.421763286,1728640,1410
3.421763286,1728674,34
3.424326486,1730100,1426
3.424326486,1730118,18
3.426793686,1731560,1442
3.426793686,1731562,2
3.429260966,1733014,1452
3.431729766,1733020,6
3.431729766,1734459,1439
3.434198566,1734480,21
3.434198566,1735904,1424
3.436763766,1735940,36
3.436763766,1737349,1409
3.439240166,1737400,51
3.439240166,1738794,1394
3.441708966,1738860,66
3.441708966,1740238,1378
3.444177766,1740320,82
3.444177766,1741682,1362
3.446646566,1741780,98
3.446646566,1743126,1346
3.449115366,1743240,114
3.449115366,1744570,1330
3.455529606,1744700,130
3.455529606,1746014,1314
3.458052966,1746160,146
3.458052966,1747458,1298
3.460617766,1747620,162
3.460617766,1748902,1282
3.463086566,1749080,178
3.463086566,1750346,1266
3.465555766,1750540,194
3.465555766,1751790,1250
3.468032166,1752000,210
3.468032166,1753234,1234
3.470500966,1753460,226
3.470500966,1754678,1218
3.473065766,1754920,242
3.473065766,1756122,1202
3.475534566,1756380,258
3.475534566,1757566,1186
3.478003366,1757840,274
3.478003366,1759010,1170
3.480472166,1759300,290
3.480472166,1760454,1154
3.482940966,1760760,306
3.482940966,1761898,1138
3.485409766,1762220,322
3.485409766,1763342,1122
3.487878566,1763680,338
3.487878566,1764786,1106
3.490347766,1765140,354
3.490347766,1766230,1090
3.492920166,1766600,370
3.492920166,1767674,1074
3.495388966,1768060,386
3.495388966,1769118,1058
3.497857766,1769520,402
3.497857766,1770562,1042
3.500326566,1770980,418
3.500326566,1772006,1026
3.502795366,1772440,434
3.502795366,1773450,1010
3.505360166,1773900,450
3.505360166,1774894,994
3.507828966,1775360,466
3.507828966,1776338,978
3.510297766,1776820,482
3.510297766,1777782,962
3.512766966,1778280,498
3.512766966,1779226,946
3.515243366,1779740,514
3.515243366,1780670,930
3.517712166,1781200,530
3.517712166,1782114,914
3.520276966,1782660,546
3.520276966,1783558,898
3.522745766,1784120,562
3.522745766,1785002,882
3.525214566,1785580,578
3.525214566,1786446,866
3.527683366,1787040,594
3.527683366,1787890,850
3.530152166,1788500,610
3.530152166,1789334,834
3.532620966,1789960,626
3.532620966,1790778,818
3.535089766,1791420,642
3.535089766,1792222,802
3.537558966,1792880,658
3.537558966,1793666,786
3.540131366,1794340,674
3.540131366,1795110,770
3.542600166,1795800,690
3.542600166,1796554,754
3.545068966,1797260,706
3.545068966,1797998,738
3.547537766,1798720,722
3.547537766,1799442,722
3.550006566,1800180,738
3.550006566,1800886,706
3.552571366,1801640,754
3.552571366,1802330,690
3.555036886,1803100,770
3.555036886,1803774,674
3.555508966,1804560,786
3.555508966,1805218,658
3.557978166,1806020,802
3.557978166,1806662,642
3.560454566,1807480,818
3.560454566,1808106,626
3.562923366,1808940,834
3.562923366,1809550,610
3.565392166,1810400,850
3.565392166,1810994,594
3.567860966,1811860,866
3.567860966,1812438,578
3.570425766,1813320,882
3.570425766,1813882,562
3.572894566,1814780,898
3.572894566,1815326,546
3.575363366,1816240,914
3.575363366,1816770,530
3.577832166,1817700,930
3.577832166,1818214,514
3.580300966,1819160,946
3.580300966,1819658,498
3.582873766,1820620,962
3.582873766,1821102,482
3.585342566,1822080,978
3.585342566,1822546,466
3.587811366,1823540,994
3.587811366,1823990,450
3.590280166,1825000,1010
3.590280166,1825434,434
3.592748966,1826460,1026
3.592748966,1826878,418
3.595217766,1827920,1042
3.595217766,1828322,402
3.597686566,1829380,1058
3.597686566,1829766,386
3.600155366,1830840,1074
3.600155366,1831210,370
3.602720166,1832300,1090
3.602720166,1832654,354
3.605189366,1833760,1106
3.605189366,1834098,338
3.607665766,1835220,1122
3.607665766,1835542,322
3.610134566,1836680,1138
3.610134566,1836986,306
3.612603366,1838140,1154
3.612603366,1838430,290
3.615168166,1839600,1170
3.615168166,1839874,274
3.617636966,1841060,1186
3.617636966,1841318,258
3.620105766,1842520,1202
3.620105766,1842762,242
3.622574566,1843980,1218
3.622574566,1844206,226
3.625043366,1845440,1234
3.625043366,1845650,210
3.627608566,1846900,1250
3.627608566,1847094,194
3.630084966,1848360,1266
3.630084966,1848538,178
3.632553766,1849820,1282
3.632553766,1849982,162
3.635022566,1851280,1298
3.635022566,1851426,146
3.637491366,1852740,1314
3.637491366,1852870,130
3.639960166,1854200,1330
3.639960166,1854314,114
3.642428966,1855660,1346
3.642428966,1855758,98
3.644897766,1857120,1362
3.644897766,1857202,82
3.647462566,1858580,1378
3.647462566,1858646,66
3.649931286,1860040,1394
3.649931286,1860090,50
3.652395286,1861500,1410
3.652395286,1861534,34
3.652873686,1862960,1426
3.652873686,1862978,18
3.655340886,1864420,1442
3.655340886,1864422,2
3.657904166,1865874,1452
3.660372966,1865880,6
3.660372966,1867319,1439
3.662841766,1867340,21
3.662841766,1868764,1424
3.665310566,1868800,36
3.665310566,1870209,1409
3.667779366,1870260,51
3.667779366,1871654,1394
3.670248166,1871720,66
3.670248166,1873098,1378
3.672716966,1873180,82
3.672716966,1874542,1362
3.675186166,1874640,98
3.675186166,1875986,1346
3.677758566,1876100,114
3.677758566,1877430,1330
3.680227366,1877560,130
3.680227366,1878874,1314
3.682696166,1879020,146
3.682696166,1880318,1298
3.685164966,1880480,162
3.685164966,1881762,1282
3.687633766,1881940,178
3.687633766,1883206,1266
3.690198566,1883400,194
3.690198566,1884650,1250
3.692667366,1884860,210
3.692667366,1886094,1234
3.695136166,1886320,226
3.695136166,1887538,1218
3.697605366,1887780,242
3.697605366,1888982,1202
3.700081766,1889240,258
3.700081766,1890426,1186
3.702550566,1890700,274
3.702550566,1891870,1170
3.705019366,1892160,290
3.705019366,1893314,1154
3.707488166,1893620,306
3.707488166,1894758,1138
3.710052966,1895080,322
3.710052966,1896202,1122
3.712521766,1896540,338
3.712521766,1897646,1106
3.714990566,1898000,354
3.714990566,1899090,1090
3.717459366,1899460,370
3.717459366,1900534,1074
3.719928166,1900920,386
3.719928166,1901978,1058
3.722500966,1902380,402
3.722500966,1903422,1042
3.724969766,1903840,418
3.724969766,1904866,1026
3.727438566,1905300,434
3.727438566,1906310,1010
3.729907366,1906760,450
3.729907366,1907754,994
3.732376166,1908220,466
3.732376166,1909198,978
3.734940966,1909680,482
3.734940966,1910642,962
3.737409766,1911140,498
3.737409766,1912086,946
3.739878566,1912600,514
3.739878566,1913530,930
3.742347366,1914060,530
3.742347366,1914974,914
3.744816566,1915520,546
3.744816566,1916418,898
3.747292966,1916980,562
3.747292966,1917862,882
3.749761766,1918440,578
3.749761766,1919306,866
3.753176006,1919900,594
3.753176006,1920750,850
3.755795366,1921360,610
3.755795366,1922194,834
3.758264166,1922820,626
3.758264166,1923638,818
3.760732966,1924280,642
3.760732966,1925082,802
3.763201766,1925740,658
3.763201766,1926526,786
3.765670566,1927200,674
3.765670566,1927970,770
3.768235766,1928660,690
3.768235766,1929414,754
3.770712166,1930120,706
3.770712166,1930858,738
3.773180966,1931580,722
3.773180966,1932302,722
3.775649766,1933040,738
3.775649766,1933746,706
3.778118566,1934500,754
3.778118566,1935190,690
3.780587366,1935960,770
3.780587366,1936634,674
3.783056166,1937420,786
3.783056166,1938078,658
3.785524966,1938880,802
3.785524966,1939522,642
3.788089766,1940340,818
3.788089766,1940966,626
3.790558566,1941800,834
3.790558566,1942410,610
3.793027766,1943260,850
3.793027766,1943854,594
3.795504166,1944720,866
3.795504166,1945298,578
3.797972966,1946180,882
3.797972966,1946742,562
3.800537766,1947640,898
3.800537766,1948186,546
3.803006566,1949100,914
3.803006566,1949630,530
3.805475366,1950560,930
3.805475366,1951074,514
3.807944166,1952020,946
3.807944166,1952518,498
3.810412966,1953480,962
3.810412966,1953962,482
3.812977766,1954940,978
3.812977766,1955406,466
3.815446966,1956400,994
3.815446966,1956850,450
3.817923366,1957860,1010
3.817923366,1958294,434
3.820392166,1959320,1026
3.820392166,1959738,418
3.822860966,1960780,1042
3.822860966,1961182,402
3.825329766,1962240,1058
3.825329766,1962626,386
3.827798566,1963700,1074
3.827798566,1964070,370
3.830267366,1965160,1090
3.830267366,1965514,354
3.832832166,1966620,1106
3.832832166,1966958,338
3.835300966,1968080,1122
3.835300966,1968402,322
3.837769766,1969540,1138
3.837769766,1969846,306
3.840238966,1971000,1154
3.840238966,1971290,290
3.842715366,1972460,1170
3.842715366,1972734,274
3.845280166,1973920,1186
3.845280166,1974178,258
3.847748966,1975380,1202
3.847748966,1975622,242
3.850217766,1976840,1218
3.850217766,1977066,226
3.855632006,1978300,1234
3.855632006,1978510,210
3.858155366,1979760,1250
3.858155366,1979954,194
3.860624166,1981220,1266
3.860624166,1981398,178
3.863092966,1982680,1282
3.863092966,1982842,162
3.865561766,1984140,1298
3.865561766,1984286,146
3.868134566,1985600,1314
3.868134566,1985730,130
3.870603366,1987060,1330
3.870603366,1987174,114
3.873072166,1988520,1346
3.873072166,1988618,98
3.875540966,1989980,1362
3.875540966,1990062,82
3.878009766,1991440,1378
3.878009766,1991506,66
3.880574486,1992900,1394
3.880574486,1992950,50
3.883041686,1994360,1410
3.883041686,1994394,34
3.885508886,1995820,1426
3.885508886,1995838,18
3.887976086,1997280,1442
3.887976086,1997282,2
3.890443766,1998734,1452
3.892920166,1998740,6
3.892920166,2000179,1439
3.895388966,2000200,21
3.895388966,2001624,1424
3.897857766,2001660,36
3.897857766,2003069,1409
3.900422566,2003120,51
3.900422566,2004514,1394
3.902891366,2004580,66
3.902891366,2005958,1378
3.905360166,2006040,82
3.905360166,2007402,1362
3.907828966,2007500,98
3.907828966,2008846,1346
3.910297766,2008960,114
3.910297766,2010290,1330
3.912862966,2010420,130
3.912862966,2011734,1314
3.915339366,2011880,146
3.915339366,2013178,1298
3.917808166,2013340,162
3.917808166,2014622,1282
3.920276966,2014800,178
3.920276966,2016066,1266
3.922745766,2016260,194
3.922745766,2017510,1250
3.925310566,2017720,210
3.925310566,2018954,1234
3.927779366,2019180,226
3.927779366,2020398,1218
3.930248166,2020640,242
3.930248166,2021842,1202
3.932716966,2022100,258
3.932716966,2023286,1186
3.935185766,2023560,274
3.935185766,2024730,1170
3.937654966,2025020,290
3.937654966,2026174,1154
3.940131366,2026480,306
3.940131366,2027618,1138
3.942600166,2027940,322
3.942600166,2029062,1122
3.945164966,2029400,338
3.945164966,2030506,1106
3.947633766,2030860,354
3.947633766,2031950,1090
3.950102566,2032320,370
3.950102566,2033394,1074
3.952571366,2033780,386
3.952571366,2034838,1058
3.955040166,2035240,402
3.955040166,2036282,1042
3.957604966,2036700,418
3.957604966,2037726,1026
3.960074166,2038160,434
3.960074166,2039170,1010
3.962550566,2039620,450
3.962550566,2040614,994
3.965019366,2041080,466
3.965019366,2042058,978
3.967488166,2042540,482
3.967488166,2043502,962
3.969956966,2044000,498
3.969956966,2044946,946
3.972425766,2045460,514
3.972425766,2046390,930
3.974894566,2046920,530
3.974894566,2047834,914
3.977459366,2048380,546
3.977459366,2049278,898
3.979928166,2049840,562
3.979928166,2050722,882
3.982396966,2051300,578
3.982396966,2052166,866
3.984866166,2052760,594
3.984866166,2053610,850
3.987342566,2054220,610
3.987342566,2055054,834
3.989811366,2055680,626
3.989811366,2056498,818
3.992376166,2057140,642
3.992376166,2057942,802
3.994844966,2058600,658
3.994844966,2059386,786
3.997313766,2060060,674
3.997313766,2060830,770
3.999782566,2061520,690
3.999782566,2062274,754
4.002251366,2062980,706
4.002251366,2063718,738
4.004720166,2064440,722
4.004720166,2065162,722
4.007188966,2065900,738
4.007188966,2066606,706
4.009658166,2067360,754
4.009658166,2068050,690
4.012230566,2068820,770
4.012230566,2069494,674
4.014699366,2070280,786
4.014699366,2070938,658
4.017168166,2071740,802
4.017168166,2072382,642
4.019636966,2073200,818
4.019636966,2073826,626
4.022105766,2074660,834
4.022105766,2075270,610
4.024670566,2076120,850
4.024670566,2076714,594
4.027139366,2077580,866
4.027139366,2078158,578
4.029608166,2079040,882
4.029608166,2079602,562
4.032077366,2080500,898
4.032077366,2081046,546
4.034553766,2081960,914
4.034553766,2082490,530
4.037118566,2083420,930
4.037118566,2083934,514
4.039587366,2084880,946
4.039587366,2085378,498
4.042056166,2086340,962
4.042056166,2086822,482
4.044524966,2087800,978
4.044524966,2088266,466
4.046993766,2089260,994
4.046993766,2089710,450
4.049462566,2090720,1010
4.049462566,2091154,434
4.051931366,2092180,1026
4.051931366,2092598,418
4.054396886,2093640,1042
4.054396886,2094042,402
4.055972966,2095100,1058
4.055972966,2095486,386
4.058441766,2096560,1074
4.058441766,2096930,370
4.060910566,2098020,1090
4.060910566,2098374,354
4.063379366,2099480,1106
4.063379366,2099818,338
4.065848166,2100940,1122
4.065848166,2101262,322
4.068412966,2102400,1138
4.068412966,2102706,306
4.070881766,2103860,1154
4.070881766,2104150,290
4.073350566,2105320,1170
4.073350566,2105594,274
4.075819366,2106780,1186
4.075819366,2107038,258
4.078288566,2108240,1202
4.078288566,2108482,242
4.080764966,2109700,1218
4.080764966,2109926,226
4.083233766,2111160,1234
4.083233766,2111370,210
4.085702566,2112620,1250
4.085702566,2112814,194
4.088267366,2114080,1266
4.088267366,2114258,178
4.090736166,2115540,1282
4.090736166,2115702,162
4.093204966,2117000,1298
4.093204966,2117146,146
4.095673766,2118460,1314
4.095673766,2118590,130
4.098142566,2119920,1330
4.098142566,2120034,114
4.100707766,2121380,1346
4.100707766,2121478,98
4.103184166,2122840,1362
4.103184166,2122922,82
4.105652966,2124300,1378
4.105652966,2124366,66
4.108121686,2125760,1394
4.108121686,2125810,50
4.110588886,2127220,1410
4.110588886,2127254,34
4.113056086,2128680,1426
4.113056086,2128698,18
4.115523286,2130140,1442
4.115523286,2130142,2
4.117990566,2131594,1452
4.120555366,2131600,6
4.120555366,2133039,1439
4.123024166,2133060,21
4.123024166,2134484,1424
4.125493366,2134520,36
4.125493366,2135929,1409
4.127969766,2135980,51
4.127969766,2137374,1394
4.130438566,2137440,66
4.130438566,2138818,1378
4.133003366,2138900,82
4.133003366,2140262,1362
4.135472166,2140360,98
4.135472166,2141706,1346
4.137940966,2141820,114
4.137940966,2143150,1330
4.140409766,2143280,130
4.140409766,2144594,1314
4.142878566,2144740,146
4.142878566,2146038,1298
4.145443366,2146200,162
4.145443366,2147482,1282
4.147912566,2147660,178
4.147912566,2148926,1266
4.150388966,2149120,194
4.150388966,2150370,1250
4.152857766,2150580,210
4.152857766,2151814,1234
4.155323286,2152040,226
4.155323286,2153258,1218
4.155795366,2153500,242
4.155795366,2154702,1202
4.158264166,2154960,258
4.158264166,2156146,1186
4.160732966,2156420,274
4.160732966,2157590,1170
4.163297766,2157880,290
4.163297766,2159034,1154
4.165766566,2159340,306
4.165766566,2160478,1138
4.168235366,2160800,322
4.168235366,2161922,1122
4.170704566,2162260,338
4.170704566,2163366,1106
4.173180966,2163720,354
4.173180966,2164810,1090
4.175745766,2165180,370
4.175745766,2166254,1074
4.178214566,2166640,386
4.178214566,2167698,1058
4.180683366,2168100,402
4.180683366,2169142,1042
4.183152166,2169560,418
4.183152166,2170586,1026
4.185620966,2171020,434
4.185620966,2172030,1010
4.188089766,2172480,450
4.188089766,2173474,994
4.190558566,2173940,466
4.190558566,2174918,978
4.193027366,2175400,482
4.193027366,2176362,962
4.195600166,2176860,498
4.195600166,2177806,946
4.198068966,2178320,514
4.198068966,2179250,930
4.200537766,2179780,530
4.200537766,2180694,914
4.203006566,2181240,546
4.203006566,2182138,898
4.205475366,2182700,562
4.205475366,2183582,882
4.208040166,2184160,578
4.208040166,2185026,866
4.210508966,2185620,594
4.210508966,2186470,850
4.212977766,2187080,610
4.212977766,2187914,834
4.215446566,2188540,626
4.215446566,2189358,818
4.217915766,2190000,642
4.217915766,2190802,802
4.220488166,2191460,658
4.220488166,2192246,786
4.222956966,2192920,674
4.222956966,2193690,770
4.225425766,2194380,690
4.225425766,2195134,754
4.227894566,2195840,706
4.227894566,2196578,738
4.230363366,2197300,722
4.230363366,2198022,722
4.232832166,2198760,738
4.232832166,2199466,706
4.235300966,2200220,754
4.235300966,2200910,690
4.237769766,2201680,770
4.237769766,2202354,674
4.240334966,2203140,786
4.240334966,2203798,658
4.242811366,2204600,802
4.242811366,2205242,642
4.245280166,2206060,818
4.245280166,2206686,626
4.247748966,2207520,834
4.247748966,2208130,610
4.250217766,2208980,850
4.250217766,2209574,594
4.255728006,2210440,866
4.255728006,2211018,578
4.258251366,2211900,882
4.258251366,2212462,562
4.260720166,2213360,898
4.260720166,2213906,546
4.263188966,2214820,914
4.263188966,2215350,530
4.265657766,2216280,930
4.265657766,2216794,514
4.268126966,2217740,946
4.268126966,2218238,498
4.270603366,2219200,962
4.270603366,2219682,482
4.273072166,2220660,978
4.273072166,2221126,466
4.275636966,2222120,994
4.275636966,2222570,450
4.278105766,2223580,1010
4.278105766,2224014,434
4.280574566,2225040,1026
4.280574566,2225458,418
4.283043366,2226500,1042
4.283043366,2226902,402
4.285512166,2227960,1058
4.285512166,2228346,386
4.288076966,2229420,1074
4.288076966,2229790,370
4.290546166,2230880,1090
4.290546166,2231234,354
4.293022566,2232340,1106
4.293022566,2232678,338
4.295491366,2233800,1122
4.295491366,2234122,322
4.297960166,2235260,1138
4.297960166,2235566,306
4.300428966,2236720,1154
4.300428966,2237010,290
4.302897766,2238180,1170
4.302897766,2238454,274
4.305366566,2239640,1186
4.305366566,2239898,258
4.307931366,2241100,1202
4.307931366,2241342,242
4.310400166,2242560,1218
4.310400166,2242786,226
4.312868966,2244020,1234
4.312868966,2244230,210
4.315338166,2245480,1250
4.315338166,2245674,194
4.317814566,2246940,1266
4.317814566,2247118,178
4.320379366,2248400,1282
4.320379366,2248562,162
4.322848166,2249860,1298
4.322848166,2250006,146
4.325316966,2251320,1314
4.325316966,2251450,130
4.327785766,2252780,1330
4.327785766,2252894,114
4.330254566,2254240,1346
4.330254566,2254338,98
4.332819366,2255700,1362
4.332819366,2255782,82
4.335288166,2257160,1378
4.335288166,2257226,66
4.337757286,2258620,1394
4.337757286,2258670,50
4.340232086,2260080,1410
4.340232086,2260114,34
4.342699286,2261540,1426
4.342699286,2261558,18
4.345166486,2263000,1442
4.345166486,2263002,2
4.347633766,2264454,1452
4.350102566,2264460,6
4.350102566,2265899,1439
4.352667366,2265920,21
4.352667366,2267344,1424
4.355132886,2267380,36
4.355132886,2270234,2854
4.356073766,2270300,66
4.356073766,2271678,1378
4.358542966,2271760,82
4.358542966,2273122,1362
4.361115366,2273220,98
4.361115366,2274566,1346
4.363584166,2274680,114
4.363584166,2276010,1330
4.366052966,2276140,130
4.366052966,2277454,1314
4.368521766,2277600,146
4.368521766,2278898,1298
4.370990566,2279060,162
4.370990566,2280342,1282
4.373459366,2280520,178
4.373459366,2281786,1266
4.375928166,2281980,194
4.375928166,2283230,1250
4.378396966,2283440,210
4.378396966,2284674,1234
4.380962166,2284900,226
4.380962166,2286118,1218
4.383438566,2286360,242
4.383438566,2287562,1202
4.385907366,2287820,258
4.385907366,2289006,1186
4.388376166,2289280,274
4.388376166,2290450,1170
4.390844966,2290740,290
4.390844966,2291894,1154
4.393409766,2292200,306
4.393409766,2293338,1138
4.395878566,2293660,322
4.395878566,2294782,1122
4.398347366,2295120,338
4.398347366,2296226,1106
4.400816166,2296580,354
4.400816166,2297670,1090
4.403284966,2298040,370
4.403284966,2299114,1074
4.405754166,2299500,386
4.405754166,2300558,1058
4.408230566,2300960,402
4.408230566,2302002,1042
4.410699366,2302420,418
4.410699366,2303446,1026
4.413264166,2303880,434
4.413264166,2304890,1010
4.415732966,2305340,450
4.415732966,2306334,994
4.418201766,2306800,466
4.418201766,2307778,978
4.420670566,2308260,482
4.420670566,2309222,962
4.423139366,2309720,498
4.423139366,2310666,946
4.425704166,2311180,514
4.425704166,2312110,930
4.428173366,2312640,530
4.428173366,2313554,914
4.430649766,2314100,546
4.430649766,2314998,898
4.433118566,2315560,562
4.433118566,2316442,882
4.435587366,2317020,578
4.435587366,2317886,866
4.438152166,2318480,594
4.438152166,2319330,850
4.440620966,2319940,610
4.440620966,2320774,834
4.443089766,2321400,626
4.443089766,2322218,818
4.445558566,2322860,642
4.445558566,2323662,802
4.448027366,2324320,658
4.448027366,2325106,786
4.450496166,2325780,674
4.450496166,2326550,770
4.452965366,2327240,690
4.452965366,2327994,754
4.455441766,2328700,706
4.455441766,2329438,738
4.458006566,2330160,722
4.458006566,2330882,722
4.460475366,2331620,738
4.460475366,2332326,706
4.462944166,2333080,754
4.462944166,2333770,690
4.465412966,2334540,770
4.465412966,2335214,674
4.467881766,2336000,786
4.467881766,2336658,658
4.470350566,2337460,802
4.470350566,2338102,642
4.472915366,2338920,818
4.472915366,2339546,626
4.475384566,2340380,834
4.475384566,2340990,610
4.477860966,2341840,850
4.477860966,2342434,594
4.480329766,2343300,866
4.480329766,2343878,578
4.482798566,2344760,882
4.482798566,2345322,562
4.485267366,2346220,898
4.485267366,2346766,546
4.487736166,2347680,914
4.487736166,2348210,530
4.490204966,2349140,930
4.490204966,2349654,514
4.492769766,2350600,946
4.492769766,2351098,498
4.495238566,2352060,962
4.495238566,2352542,482
4.497707366,2353520,978
4.497707366,2353986,466
4.500176566,2354980,994
4.500176566,2355430,450
4.502652966,2356440,1010
4.502652966,2356874,434
4.505217766,2357900,1026
4.505217766,2358318,418
4.507686566,2359360,1042
4.507686566,2359762,402
4.510155366,2360820,1058
4.510155366,2361206,386
4.512624166,2362280,1074
4.512624166,2362650,370
4.515092966,2363740,1090
4.515092966,2364094,354
4.517561766,2365200,1106
4.517561766,2365538,338
4.520030566,2366660,1122
4.520030566,2366982,322
4.522499366,2368120,1138
4.522499366,2368426,306
4.525072166,2369580,1154
4.525072166,2369870,290
4.527540966,2371040,1170
4.527540966,2371314,274
4.530009766,2372500,1186
4.530009766,2372758,258
4.532478566,2373960,1202
4.532478566,2374202,242
4.534947366,2375420,1218
4.534947366,2375646,226
4.537512166,2376880,1234
4.537512166,2377090,210
4.539980966,2378340,1250
4.539980966,2378534,194
4.542449766,2379800,1266
4.542449766,2379978,178
4.544918566,2381260,1282
4.544918566,2381422,162
4.547387766,2382720,1298
4.547387766,2382866,146
4.549960166,2384180,1314
4.549960166,2384310,130
4.556374406,2385640,1330
4.556374406,2385754,114
4.558897766,2387100,1346
4.558897766,2387198,98
4.561366566,2388560,1362
4.561366566,2388642,82
4.563835366,2390020,1378
4.563835366,2390086,66
4.566304086,2391480,1394
4.566304086,2391530,50
4.568771286,2392940,1410
4.568771286,2392974,34
4.571238486,2394400,1426
4.571238486,2394418,18
4.573802086,2395860,1442
4.573802086,2395862,2
4.576276966,2397314,1452
4.578745766,2397320,6
4.578745766,2398759,1439
4.581214566,2398780,21
4.581214566,2400204,1424
4.583683366,2400240,36
4.583683366,2401649,1409
4.586248166,2401700,51
4.586248166,2403094,1394
4.588716966,2403160,66
4.588716966,2404538,1378
4.591185766,2404620,82
4.591185766,2405982,1362
4.593654566,2406080,98
4.593654566,2407426,1346
4.596123366,2407540,114
4.596123366,2408870,1330
4.598592566,2409000,130
4.598592566,2410314,1314
4.601068966,2410460,146
4.601068966,2411758,1298
4.603537766,2411920,162
4.603537766,2413202,1282
4.606102566,2413380,178
4.606102566,2414646,1266
4.608571366,2414840,194
4.608571366,2416090,1250
4.611040166,2416300,210
4.611040166,2417534,1234
4.613508966,2417760,226
4.613508966,2418978,1218
4.615977766,2419220,242
4.615977766,2420422,1202
4.618542566,2420680,258
4.618542566,2421866,1186
4.621011766,2422140,274
4.621011766,2423310,1170
4.623488166,2423600,290
4.623488166,2424754,1154
4.625956966,2425060,306
4.625956966,2426198,1138
4.628425766,2426520,322
4.628425766,2427642,1122
4.630894566,2427980,338
4.630894566,2429086,1106
4.633363366,2429440,354
4.633363366,2430530,1090
4.635832166,2430900,370
4.635832166,2431974,1074
4.638396966,2432360,386
4.638396966,2433418,1058
4.640865766,2433820,402
4.640865766,2434862,1042
4.643334566,2435280,418
4.643334566,2436306,1026
4.645803766,2436740,434
4.645803766,2437750,1010
4.648280166,2438200,450
4.648280166,2439194,994
4.650844966,2439660,466
4.650844966,2440638,978
4.653313766,2441120,482
4.653313766,2442082,962
4.655779286,2442580,498
4.655779286,2443526,946
4.657251366,2444040,514
4.657251366,2444970,930
4.659720166,2445500,530
4.659720166,2446414,914
4.662284966,2446960,546
4.662284966,2447858,898
4.664753766,2448420,562
4.664753766,2449302,882
4.667222966,2449880,578
4.667222966,2450746,866
4.669699366,2451340,594
4.669699366,2452190,850
4.672168166,2452800,610
4.672168166,2453634,834
4.674636966,2454260,626
4.674636966,2455078,818
4.677105766,2455720,642
4.677105766,2456522,802
4.679574566,2457180,658
4.679574566,2457966,786
4.682139366,2458640,674
4.682139366,2459410,770
4.684608166,2460100,690
4.684608166,2460854,754
4.687076966,2461560,706
4.687076966,2462298,738
4.689545766,2463020,722
4.689545766,2463742,722
4.692014966,2464480,738
4.692014966,2465186,706
4.694587366,2465940,754
4.694587366,2466630,690
4.697056166,2467400,770
4.697056166,2468074,674
4.699524966,2468860,786
4.699524966,2469518,658
4.701993766,2470320,802
4.701993766,2470962,642
4.704462566,2471780,818
4.704462566,2472406,626
4.706931366,2473240,834
4.706931366,2473850,610
4.709400166,2474700,850
4.709400166,2475294,594
4.711868966,2476160,866
4.711868966,2476738,578
4.714434166,2477620,882
4.714434166,2478182,562
4.716910566,2479080,898
4.716910566,2479626,546
4.719379366,2480540,914
4.719379366,2481070,530
4.721848166,2482000,930
4.721848166,2482514,514
4.724316966,2483460,946
4.724316966,2483958,498
4.726881766,2484920,962
4.726881766,2485402,482
4.729350566,2486380,978
4.729350566,2486846,466
4.731819366,2487840,994
4.731819366,2488290,450
4.734288166,2489300,1010
4.734288166,2489734,434
4.736756966,2490760,1026
4.736756966,2491178,418
4.739329766,2492220,1042
4.739329766,2492622,402
4.741798566,2493680,1058
4.741798566,2494066,386
4.744267366,2495140,1074
4.744267366,2495510,370
4.746736166,2496600,1090
4.746736166,2496954,354
4.749204966,2498060,1106
4.749204966,2498398,338
4.751673766,2499520,1122
4.751673766,2499842,322
4.754139286,2500980,1138
4.754139286,2502730,1750
4.756176166,2503900,1170
4.756176166,2504174,274
4.758645366,2505360,1186
4.758645366,2505618,258
4.761121766,2506820,1202
4.761121766,2507062,242
4.763590566,2508280,1218
4.763590566,2508506,226
4.766059366,2509740,1234
4.766059366,2509950,210
4.768624166,2511200,1250
4.768624166,2511394,194
4.771092966,2512660,1266
4.771092966,2512838,178
4.773561766,2514120,1282
4.773561766,2514282,162
4.776030566,2515580,1298
4.776030566,2515726,146
4.778499366,2517040,1314
4.778499366,2517170,130
4.780968166,2518500,1330
4.780968166,2518614,114
4.783437366,2519960,1346
4.783437366,2520058,98
4.785913766,2521420,1362
4.785913766,2521502,82
4.788478566,2522880,1378
4.788478566,2522946,66
4.790947286,2524340,1394
4.790947286,2524390,50
4.793414486,2525800,1410
4.793414486,2525834,34
4.795881686,2527260,1426
4.795881686,2527278,18
4.798348886,2528720,1442
4.798348886,2528722,2
4.800912166,2530174,1452
4.803380966,2530180,6
4.803380966,2531619,1439
4.805850166,2531640,21
4.805850166,2533064,1424
4.808326566,2533100,36
4.808326566,2534509,1409
4.810795366,2534560,51
4.810795366,2535954,1394
4.813264166,2536020,66
4.813264166,2537398,1378
4.815732966,2537480,82
4.815732966,2538842,1362
4.818201766,2538940,98
4.818201766,2540286,1346
4.820766566,2540400,114
4.820766566,2541730,1330
4.823235366,2541860,130
4.823235366,2543174,1314
4.825704166,2543320,146
4.825704166,2544618,1298
4.828172966,2544780,162
4.828172966,2546062,1282
4.830642166,2546240,178
4.830642166,2547506,1266
4.833214566,2547700,194
4.833214566,2548950,1250
4.835683366,2549160,210
4.835683366,2550394,1234
4.838152166,2550620,226
4.838152166,2551838,1218
4.840620966,2552080,242
4.840620966,2553282,1202
4.843089766,2553540,258
4.843089766,2554726,1186
4.845654566,2555000,274
4.845654566,2556170,1170
4.848123366,2556460,290
4.848123366,2557614,1154
4.851537606,2557920,306
4.851537606,2559058,1138
4.854061366,2559380,322
4.854061366,2560502,1122
4.856537766,2560840,338
4.856537766,2561946,1106
4.859006566,2562300,354
4.859006566,2563390,1090
4.861475366,2563760,370
4.861475366,2564834,1074
4.863944166,2565220,386
4.863944166,2566278,1058
4.866508966,2566680,402
4.866508966,2567722,1042
4.868977766,2568140,418
4.868977766,2569166,1026
4.871446566,2569600,434
4.871446566,2570610,1010
4.873915366,2571060,450
4.873915366,2572054,994
4.876384166,2572520,466
4.876384166,2573498,978
4.878956966,2573980,482
4.878956966,2574942,962
4.881425766,2575440,498
4.881425766,2576386,946
4.883894566,2576900,514
4.883894566,2577830,930
4.886363366,2578360,530
4.886363366,2579274,914
4.888832166,2579820,546
4.888832166,2580718,898
4.891300966,2581280,562
4.891300966,2582162,882
4.893769766,2582740,578
4.893769766,2583606,866
4.896238566,2584200,594
4.896238566,2585050,850
4.898803366,2585660,610
4.898803366,2586494,834
4.901272566,2587120,626
4.901272566,2587938,818
4.903748966,2588580,642
4.903748966,2589382,802
4.906217766,2590040,658
4.906217766,2590826,786
4.908686566,2591500,674
4.908686566,2592270,770
4.911251366,2592960,690
4.911251366,2593714,754
4.913720166,2594420,706
4.913720166,2595158,738
4.916188966,2595880,722
4.916188966,2596602,722
4.918657766,2597340,738
4.918657766,2598046,706
4.921126566,2598800,754
4.921126566,2599490,690
4.923595366,2600260,770
4.923595366,2600934,674
4.926064566,2601720,786
4.926064566,2602378,658
4.928540966,2603180,802
4.928540966,2603822,642
4.931105766,2604640,818
4.931105766,2605266,626
4.933574566,2606100,834
4.933574566,2606710,610
4.936043366,2607560,850
4.936043366,2608154,594
4.938512166,2609020,866
4.938512166,2609598,578
4.940980966,2610480,882
4.940980966,2611042,562
4.943545766,2611940,898
4.943545766,2612486,546
4.946014566,2613400,914
4.946014566,2613930,530
4.948483766,2614860,930
4.948483766,2615374,514
4.950960166,2616320,946
4.950960166,2616818,498
4.955374406,2617780,962
4.955374406,2618262,482
4.957897766,2619240,978
4.957897766,2619706,466
4.960462566,2620700,994
4.960462566,2621150,450
4.962931366,2622160,1010
4.962931366,2622594,434
4.965400166,2623620,1026
4.965400166,2624038,418
4.967868966,2625080,1042
4.967868966,2625482,402
4.970337766,2626540,1058
4.970337766,2626926,386
4.972806566,2628000,1074
4.972806566,2628370,370
4.975275766,2629460,1090
4.975275766,2629814,354
4.977752166,2630920,1106
4.977752166,2631258,338
4.980316966,2632380,1122
4.980316966,2632702,322
4.982785766,2633840,1138
4.982785766,2634146,306
4.985254566,2635300,1154
4.985254566,2635590,290
4.987723366,2636760,1170
4.987723366,2637034,274
4.990192166,2638220,1186
4.990192166,2638478,258
4.992756966,2639680,1202
4.992756966,2639922,242
4.995225766,2641140,1218
4.995225766,2641366,226
4.997694966,2642600,1234
4.997694966,2642810,210
5.000171366,2644060,1250
5.000171366,2644254,194
5.002640166,2645520,1266
5.002640166,2645698,178
5.005108966,2646980,1282
5.005108966,2647142,162
5.007577766,2648440,1298
5.007577766,2648586,146
5.010046566,2649900,1314
5.010046566,2650030,130
5.012611366,2651360,1330
5.012611366,2651474,114
5.015080166,2652820,1346
5.015080166,2652918,98
5.017548966,2654280,1362
5.017548966,2654362,82
5.020017766,2655740,1378
5.020017766,2655806,66
5.022486886,2657200,1394
5.022486886,2657250,50
5.025057686,2658660,1410
5.025057686,2658694,34
5.027524886,2660120,1426
5.027524886,2660138,18
5.029992086,2661580,1442
5.029992086,2661582,2
5.032459366,2663034,1452
5.034928166,2663040,6
5.034928166,2664479,1439
5.037396966,2664500,21
5.037396966,2665924,1424
5.039865766,2665960,36
5.039865766,2667369,1409
5.042334566,2667420,51
5.042334566,2668814,1394
5.044899766,2668880,66
5.044899766,2670258,1378
5.047376166,2670340,82
5.047376166,2671702,1362
5.049844966,2671800,98
5.049844966,2673146,1346
5.052313766,2673260,114
5.052313766,2674590,1330
5.054779286,2674720,130
5.054779286,2677478,2758
5.056816166,2677640,162
5.056816166,2678922,1282
5.059284966,2679100,178
5.059284966,2680366,1266
5.061753766,2680560,194
5.061753766,2681810,1250
5.064222566,2682020,210
5.064222566,2683254,1234
5.066795366,2683480,226
5.066795366,2684698,1218
5.069264166,2684940,242
5.069264166,2686142,1202
5.071732966,2686400,258
5.071732966,2687586,1186
5.074201766,2687860,274
5.074201766,2689030,1170
5.076670566,2689320,290
5.076670566,2690474,1154
5.079139366,2690780,306
5.079139366,2691918,1138
5.081608166,2692240,322
5.081608166,2693362,1122
5.084076966,2693700,338
5.084076966,2694806,1106
5.086641766,2695160,354
5.086641766,2696250,1090
5.089110966,2696620,370
5.089110966,2697694,1074
5.091587366,2698080,386
5.091587366,2699138,1058
5.094056166,2699540,402
5.094056166,2700582,1042
5.096524966,2701000,418
5.096524966,2702026,1026
5.099089766,2702460,434
5.099089766,2703470,1010
5.101558566,2703920,450
5.101558566,2704914,994
5.104027366,2705380,466
5.104027366,2706358,978
5.106496166,2706840,482
5.106496166,2707802,962
5.108964966,2708300,498
5.108964966,2709246,946
5.111433766,2709760,514
5.111433766,2710690,930
5.113902966,2711220,530
5.113902966,2712134,914
5.116379366,2712680,546
5.116379366,2713578,898
5.118944166,2714140,562
5.118944166,2715022,882
5.121412966,2715600,578
5.121412966,2716466,866
5.123881766,2717060,594
5.123881766,2717910,850
5.126350566,2718520,610
5.126350566,2719354,834
5.128819366,2719980,626
5.128819366,2720798,818
5.131384166,2721440,642
5.131384166,2722242,802
5.133852966,2722900,658
5.133852966,2723686,786
5.136322166,2724360,674
5.136322166,2725130,770
5.138798566,2725820,690
5.138798566,2726574,754
5.141267366,2727280,706
5.141267366,2728018,738
5.143832166,2728740,722
5.143832166,2729462,722
5.146300966,2730200,738
5.146300966,2730906,706
5.148769766,2731660,754
5.148769766,2732350,690
5.151238566,2733120,770
5.151238566,2733794,674
5.153707366,2734580,786
5.153707366,2735238,658
5.156176166,2736040,802
5.156176166,2736682,642
5.158644966,2737500,818
5.158644966,2738126,626
5.161114166,2738960,834
5.161114166,2739570,610
5.163686566,2740420,850
5.163686566,2741014,594
5.166155366,2741880,866
5.166155366,2742458,578
5.168624166,2743340,882
5.168624166,2743902,562
5.171092966,2744800,898
5.171092966,2745346,546
5.173561766,2746260,914
5.173561766,2746790,530
5.176126566,2747720,930
5.176126566,2748234,514
5.178595366,2749180,946
5.178595366,2749678,498
5.181064166,2750640,962
5.181064166,2751122,482
5.183533366,2752100,978
5.183533366,2752566,466
5.186009766,2753560,994
5.186009766,2754010,450
5.188478566,2755020,1010
5.188478566,2755454,434
5.190947366,2756480,1026
5.190947366,2756898,418
5.193416166,2757940,1042
5.193416166,2758342,402
5.195980966,2759400,1058
5.195980966,2759786,386
5.198449766,2760860,1074
5.198449766,2761230,370
5.200918566,2762320,1090
5.200918566,2762674,354
5.203387366,2763780,1106
5.203387366,2764118,338
5.205856166,2765240,1122
5.205856166,2765562,322
5.208428966,2766700,1138
5.208428966,2767006,306
5.210897766,2768160,1154
5.210897766,2768450,290
5.213366566,2769620,1170
5.213366566,2769894,274
5.215835366,2771080,1186
5.215835366,2771338,258
5.218304166,2772540,1202
5.218304166,2772782,242
5.220772966,2774000,1218
5.220772966,2774226,226
5.223241766,2775460,1234
5.223241766,2775670,210
5.225710566,2776920,1250
5.225710566,2777114,194
5.228275366,2778380,1266
5.228275366,2778558,178
5.230744566,2779840,1282
5.230744566,2780002,162
5.233220966,2781300,1298
5.233220966,2781446,146
5.235689766,2782760,1314
5.235689766,2782890,130
5.238158566,2784220,1330
5.238158566,2784334,114
5.240723366,2785680,1346
5.240723366,2785778,98
5.243192166,2787140,1362
5.243192166,2787222,82
5.245660966,2788600,1378
5.245660966,2788666,66
5.248129686,2790060,1394
5.248129686,2790110,50
5.252540726,2791520,1410
5.252540726,2791554,34
5.255160486,2792980,1426
5.255160486,2792998,18
5.257635286,2794440,1442
5.257635286,2794442,2
5.260102566,2795894,1452
5.262571366,2795900,6
5.262571366,2797339,1439
5.265040166,2797360,21
5.265040166,2798784,1424
5.267508966,2798820,36
5.267508966,2800229,1409
5.269977766,2800280,51
5.269977766,2801674,1394
5.272446566,2801740,66
5.272446566,2803118,1378
5.275011366,2803200,82
5.275011366,2804562,1362
5.277480166,2804660,98
5.277480166,2806006,1346
5.279949366,2806120,114
5.279949366,2807450,1330
5.282425766,2807580,130
5.282425766,2808894,1314
5.284894566,2809040,146
5.284894566,2810338,1298
5.287459366,2810500,162
5.287459366,2811782,1282
5.289928166,2811960,178
5.289928166,2813226,1266
5.292396966,2813420,194
5.292396966,2814670,1250
5.294865766,2814880,210
5.294865766,2816114,1234
5.297334566,2816340,226
5.297334566,2817558,1218
5.299803366,2817800,242
5.299803366,2819002,1202
5.302272166,2819260,258
5.302272166,2820446,1186
5.304741366,2820720,274
5.304741366,2821890,1170
5.307313766,2822180,290
5.307313766,2823334,1154
5.309782566,2823640,306
5.309782566,2824778,1138
5.312251366,2825100,322
5.312251366,2826222,1122
5.314720166,2826560,338
5.314720166,2827666,1106
5.317188966,2828020,354
5.317188966,2829110,1090
5.319753766,2829480,370
5.319753766,2830554,1074
5.322222566,2830940,386
5.322222566,2831998,1058
5.324691366,2832400,402
5.324691366,2833442,1042
5.327160566,2833860,418
5.327160566,2834886,1026
5.329636966,2835320,434
5.329636966,2836330,1010
5.332105766,2836780,450
5.332105766,2837774,994
5.334574566,2838240,466
5.334574566,2839218,978
5.337043366,2839700,482
5.337043366,2840662,962
5.339608166,2841160,498
5.339608166,2842106,946
5.342076966,2842620,514
5.342076966,2843550,930
5.344545766,2844080,530
5.344545766,2844994,914
5.347014566,2845540,546
5.347014566,2846438,898
5.349483366,2847000,562
5.349483366,2847882,882
5.352056166,2848460,578
5.352056166,2849326,866
5.354524966,2849920,594
5.354524966,2850770,850
5.356993766,2851380,610
5.356993766,2852214,834
5.359462566,2852840,626
5.359462566,2853658,818
5.361931366,2854300,642
5.361931366,2855102,802
5.364496166,2855760,658
5.364496166,2856546,786
5.366964966,2857220,674
5.366964966,2857990,770
5.369433766,2858680,690
5.369433766,2859434,754
5.371902566,2860140,706
5.371902566,2860878,738
5.374371766,2861600,722
5.374371766,2862322,722
5.376848166,2863060,738
5.376848166,2863766,706
5.379316966,2864520,754
5.379316966,2865210,690
5.381785766,2865980,770
5.381785766,2866654,674
5.384350566,2867440,786
5.384350566,2868098,658
5.386819366,2868900,802
5.386819366,2869542,642
5.389288166,2870360,818
5.389288166,2870986,626
5.391756966,2871820,834
5.391756966,2872430,610
5.394225766,2873280,850
5.394225766,2873874,594
5.396790966,2874740,866
5.396790966,2875318,578
5.399267366,2876200,882
5.399267366,2876762,562
5.401736166,2877660,898
5.401736166,2878206,546
5.404204966,2879120,914
5.404204966,2879650,530
5.406673766,2880580,930
5.406673766,2881094,514
5.409142566,2882040,946
5.409142566,2882538,498
5.411611366,2883500,962
5.411611366,2883982,482
5.414080166,2884960,978
5.414080166,2885426,466
5.416644966,2886420,994
5.416644966,2886870,450
5.419113766,2887880,1010
5.419113766,2888314,434
5.421582966,2889340,1026
5.421582966,2889758,418
5.424059366,2890800,1042
5.424059366,2891202,402
5.426528166,2892260,1058
5.426528166,2892646,386
5.429092966,2893720,1074
5.429092966,2894090,370
5.431561766,2895180,1090
5.431561766,2895534,354
5.434030566,2896640,1106
5.434030566,2896978,338
5.436499366,2898100,1122
5.436499366,2898422,322
5.438968166,2899560,1138
5.438968166,2899866,306
5.441436966,2901020,1154
5.441436966,2901310,290
5.443905766,2902480,1170
5.443905766,2902754,274
5.446374966,2903940,1186
5.446374966,2904198,258
5.448947366,2905400,1202
5.448947366,2905642,242
5.451416166,2906860,1218
5.451416166,2907086,226
5.454830406,2908320,1234
5.454830406,2908530,210
5.457353766,2909780,1250
5.457353766,2909974,194
5.459822566,2911240,1266
5.459822566,2911418,178
5.462291366,2912700,1282
5.462291366,2912862,162
5.464856166,2914160,1298
5.464856166,2914306,146
5.467324966,2915620,1314
5.467324966,2915750,130
5.469794166,2917080,1330
5.469794166,2917194,114
5.472270566,2918540,1346
5.472270566,2918638,98
5.474739366,2920000,1362
5.474739366,2920082,82
5.477304166,2921460,1378
5.477304166,2921526,66
5.479772886,2922920,1394
5.479772886,2922970,50
5.482240086,2924380,1410
5.482240086,2924414,34
5.484707286,2925840,1426
5.484707286,2925858,18
5.487174486,2927300,1442
5.487174486,2927302,2
5.489641766,2928754,1452
5.492110566,2928760,6
5.492110566,2930199,1439
5.494579766,2930220,21
5.494579766,2931644,1424
5.497152166,2931680,36
5.497152166,2933089,1409
5.499620966,2933140,51
5.499620966,2934534,1394
5.502089766,2934600,66
5.502089766,2935978,1378
5.504558566,2936060,82
5.504558566,2937422,1362
5.507027366,2937520,98
5.507027366,2938866,1346
5.509592166,2938980,114
5.509592166,2940310,1330
5.512060966,2940440,130
5.512060966,2941754,1314
5.514529766,2941900,146
5.514529766,2943198,1298
5.516998966,2943360,162
5.516998966,2944642,1282
5.519475366,2944820,178
5.519475366,2946086,1266
5.521944166,2946280,194
5.521944166,2947530,1250
5.524412966,2947740,210
5.524412966,2948974,1234
5.526881766,2949200,226
5.526881766,2950418,1218
5.529446566,2950660,242
5.529446566,2951862,1202
5.531915366,2952120,258
5.531915366,2953306,1186
5.534384166,2953580,274
5.534384166,2954750,1170
5.536852966,2955040,290
5.536852966,2956194,1154
5.539321766,2956500,306
5.539321766,2957638,1138
5.541894566,2957960,322
5.541894566,2959082,1122
5.544363366,2959420,338
5.544363366,2960526,1106
5.546832166,2960880,354
5.546832166,2961970,1090
5.549300966,2962340,370
5.549300966,2963414,1074
5.551769766,2963800,386
5.551769766,2964858,1058
5.554235286,2965260,402
5.554235286,2966302,1042
5.554707366,2966720,418
5.554707366,2967746,1026
5.557176166,2968180,434
5.557176166,2969190,1010
5.559740966,2969640,450
5.559740966,2970634,994
5.562210166,2971100,466
5.562210166,2972078,978
5.564686566,2972560,482
5.564686566,2973522,962
5.567155366,2974020,498
5.567155366,2974966,946
5.569624166,2975480,514
5.569624166,2976410,930
5.572188966,2976940,530
5.572188966,2977854,914
5.574657766,2978400,546
5.574657766,2979298,898
5.577126566,2979860,562
5.577126566,2980742,882
5.579595366,2981320,578
5.579595366,2982186,866
5.582064166,2982780,594
5.582064166,2983630,850
5.584629366,2984240,610
5.584629366,2985074,834
5.587105766,2985700,626
5.587105766,2986518,818
5.589574566,2987160,642
5.589574566,2987962,802
5.592043366,2988620,658
5.592043366,2989406,786
5.594512166,2990080,674
5.594512166,2990850,770
5.596980966,2991540,690
5.596980966,2992294,754
5.599449766,2993000,706
5.599449766,2993738,738
5.601918566,2994460,722
5.601918566,2995182,722
5.604483366,2995920,738
5.604483366,2996626,706
5.606952166,2997380,754
5.606952166,2998070,690
5.609421366,2998840,770
5.609421366,2999514,674
5.611897766,3000300,786
5.611897766,3000958,658
5.614366566,3001760,802
5.614366566,3002402,642
5.616931366,3003220,818
5.616931366,3003846,626
5.619400166,3004680,834
5.619400166,3005290,610
5.621868966,3006140,850
5.621868966,3006734,594
5.624337766,3007600,866
5.624337766,3008178,578
5.626806566,3009060,882
5.626806566,3009622,562
5.629275366,3010520,898
5.629275366,3011066,546
5.631744166,3011980,914
5.631744166,3012510,530
5.634213366,3013440,930
5.634213366,3013954,514
5.636785766,3014900,946
5.636785766,3015398,498
5.639254566,3016360,962
5.639254566,3016842,482
5.641723366,3017820,978
5.641723366,3018286,466
5.644192166,3019280,994
5.644192166,3019730,450
5.646660966,3020740,1010
5.646660966,3021174,434
5.649225766,3022200,1026
5.649225766,3022618,418
5.653640006,3023660,1042
5.653640006,3024062,402
5.656163366,3025120,1058
5.656163366,3025506,386
5.658632566,3026580,1074
5.658632566,3026950,370
5.661108966,3028040,1090
5.661108966,3028394,354
5.663673766,3029500,1106
5.663673766,3029838,338
5.666142566,3030960,1122
5.666142566,3031282,322
5.668611366,3032420,1138
5.668611366,3032726,306
5.671080166,3033880,1154
5.671080166,3034170,290
5.673548966,3035340,1170
5.673548966,3035614,274
5.676017766,3036800,1186
5.676017766,3037058,258
5.678486566,3038260,1202
5.678486566,3038502,242
5.680955366,3039720,1218
5.680955366,3039946,226
5.683528166,3041180,1234
5.683528166,3041390,210
5.685996966,3042640,1250
5.685996966,3042834,194
5.688465766,3044100,1266
5.688465766,3044278,178
5.690934566,3045560,1282
5.690934566,3045722,162
5.693403366,3047020,1298
5.693403366,3047166,146
5.695968166,3048480,1314
5.695968166,3048610,130
5.698436966,3049940,1330
5.698436966,3050054,114
5.700905766,3051400,1346
5.700905766,3051498,98
5.703374566,3052860,1362
5.703374566,3052942,82
5.705843766,3054320,1378
5.705843766,3054386,66
5.708320086,3055780,1394
5.708320086,3055830,50
5.710787286,3057240,1410
5.710787286,3057274,34
5.713254486,3058700,1426
5.713254486,3058718,18
5.715817686,3060160,1442
5.715817686,3060162,2
5.718284966,3061614,1452
5.720753766,3061620,6
5.720753766,3063059,1439
5.723222566,3063080,21
5.723222566,3064504,1424
5.725691366,3064540,36
5.725691366,3065949,1409
5.728256566,3066000,51
5.728256566,3067394,1394
5.730732966,3067460,66
5.730732966,3068838,1378
5.733201766,3068920,82
5.733201766,3070282,1362
5.735670566,3070380,98
5.735670566,3071726,1346
5.738139366,3071840,114
5.738139366,3073170,1330
5.740608166,3073300,130
5.740608166,3074614,1314
5.743076966,3074760,146
5.743076966,3076058,1298
5.745545766,3076220,162
5.745545766,3077502,1282
5.748110566,3077680,178
5.748110566,3078946,1266
5.750579366,3079140,194
5.750579366,3080390,1250
5.753048566,3080600,210
5.753048566,3081834,1234
5.755524966,3082060,226
5.755524966,3083278,1218
5.757993766,3083520,242
5.757993766,3084722,1202
5.760558566,3084980,258
5.760558566,3086166,1186
5.763027366,3086440,274
5.763027366,3087610,1170
5.765496166,3087900,290
5.765496166,3089054,1154
5.767964966,3089360,306
5.767964966,3090498,1138
5.770433766,3090820,322
5.770433766,3091942,1122
5.772998566,3092280,338
5.772998566,3093386,1106
5.775467766,3093740,354
5.775467766,3094830,1090
5.777944166,3095200,370
5.777944166,3096274,1074
5.780412966,3096660,386
5.780412966,3097718,1058
5.782881766,3098120,402
5.782881766,3099162,1042
5.785350566,3099580,418
5.785350566,3100606,1026
5.787819366,3101040,434
5.787819366,3102050,1010
5.790288166,3102500,450
5.790288166,3103494,994
5.792852966,3103960,466
5.792852966,3104938,978
5.795321766,3105420,482
5.795321766,3106382,962
5.797790566,3106880,498
5.797790566,3107826,946
5.800259766,3108340,514
5.800259766,3109270,930
5.802736166,3109800,530
5.802736166,3110714,914
5.805300966,3111260,546
5.805300966,3112158,898
5.807769766,3112720,562
5.807769766,3113602,882
5.810238566,3114180,578
5.810238566,3115046,866
5.812707366,3115640,594
5.812707366,3116490,850
5.815176166,3117100,610
5.815176166,3117934,834
5.817644966,3118560,626
5.817644966,3119378,818
5.820113766,3120020,642
5.820113766,3120822,802
5.822582566,3121480,658
5.822582566,3122266,786
5.825155366,3122940,674
5.825155366,3123710,770
5.827624166,3124400,690
5.827624166,3125154,754
5.830092966,3125860,706
5.830092966,3126598,738
5.832561766,3127320,722
5.832561766,3128042,722
5.835030566,3128780,738
5.835030566,3129486,706
5.837595366,3130240,754
5.837595366,3130930,690
5.840064166,3131700,770
5.840064166,3132374,674
5.842532966,3133160,786
5.842532966,3133818,658
5.845001766,3134620,802
5.845001766,3135262,642
5.847470966,3136080,818
5.847470966,3136706,626
5.849947366,3137540,834
5.849947366,3138150,610
5.852416166,3139000,850
5.852416166,3139594,594
5.854881686,3140460,866
5.854881686,3141038,578
5.855449766,3141920,882
5.855449766,3142482,562
5.857918566,3143380,898
5.857918566,3143926,546
5.860387366,3144840,914
5.860387366,3145370,530
5.862856166,3146300,930
5.862856166,3146814,514
5.865324966,3147760,946
5.865324966,3148258,498
5.867890166,3149220,962
5.867890166,3149702,482
5.870366566,3150680,978
5.870366566,3151146,466
5.872835366,3152140,994
5.872835366,3152590,450
5.875304166,3153600,1010
5.875304166,3154034,434
5.877772966,3155060,1026
5.877772966,3155478,418
5.880337766,3156520,1042
5.880337766,3156922,402
5.882806566,3157980,1058
5.882806566,3158366,386
5.885275366,3159440,1074
5.885275366,3159810,370
5.887744166,3160900,1090
5.887744166,3161254,354
5.890212966,3162360,1106
5.890212966,3162698,338
5.892682166,3163820,1122
5.892682166,3164142,322
5.895158566,3165280,1138
5.895158566,3165586,306
5.897627366,3166740,1154
5.897627366,3167030,290
5.900192166,3168200,1170
5.900192166,3168474,274
5.902660966,3169660,1186
5.902660966,3169918,258
5.905129766,3171120,1202
5.905129766,3171362,242
5.907598566,3172580,1218
5.907598566,3172806,226
5.910067366,3174040,1234
5.910067366,3174250,210
5.912632166,3175500,1250
5.912632166,3175694,194
5.915101366,3176960,1266
5.915101366,3177138,178
5.917577766,3178420,1282
5.917577766,3178582,162
5.920046566,3179880,1298
5.920046566,3180026,146
5.922515366,3181340,1314
5.922515366,3181470,130
5.924984166,3182800,1330
5.924984166,3182914,114
5.927452966,3184260,1346
5.927452966,3184358,98
5.929921766,3185720,1362
5.929921766,3185802,82
5.932486566,3187180,1378
5.932486566,3187246,66
5.934955286,3188640,1394
5.934955286,3188690,50
5.937422486,3190100,1410
5.937422486,3190134,34
5.939890086,3191560,1426
5.939890086,3191578,18
5.942364886,3193020,1442
5.942364886,3193022,2
5.944928166,3194474,1452
5.947396966,3194480,6
5.947396966,3195919,1439
5.949865766,3195940,21
5.949865766,3197364,1424
5.954280006,3197400,36
5.954280006,3198809,1409
5.956803366,3198860,51
5.956803366,3200254,1394
5.959272166,3200320,66
5.959272166,3201698,1378
5.961740966,3201780,82
5.961740966,3203142,1362
5.964209766,3203240,98
5.964209766,3204586,1346
5.966678966,3204700,114
5.966678966,3206030,1330
5.969251366,3206160,130
5.969251366,3207474,1314
5.971720166,3207620,146
5.971720166,3208918,1298
5.974188966,3209080,162
5.974188966,3210362,1282
5.976657766,3210540,178
5.976657766,3211806,1266
5.979126566,3212000,194
5.979126566,3213250,1250
5.981691366,3213460,210
5.981691366,3214694,1234
5.984160166,3214920,226
5.984160166,3216138,1218
5.986628966,3216380,242
5.986628966,3217582,1202
5.989098166,3217840,258
5.989098166,3219026,1186
5.991574566,3219300,274
5.991574566,3220470,1170
5.994139366,3220760,290
5.994139366,3221914,1154
5.996608166,3222220,306
5.996608166,3223358,1138
5.999076966,3223680,322
5.999076966,3224802,1122
6.001545766,3225140,338
6.001545766,3226246,1106
6.004014566,3226600,354
6.004014566,3227690,1090
6.006483366,3228060,370
6.006483366,3229134,1074
6.008952166,3229520,386
6.008952166,3230578,1058
6.011420966,3230980,402
6.011420966,3232022,1042
6.013993766,3232440,418
6.013993766,3233466,1026
6.016462566,3233900,434
6.016462566,3234910,1010
6.018931366,3235360,450
6.018931366,3236354,994
6.021400166,3236820,466
6.021400166,3237798,978
6.023868966,3238280,482
6.023868966,3239242,962
6.026433766,3239740,498
6.026433766,3240686,946
6.028902566,3241200,514
6.028902566,3242130,930
6.031371366,3242660,530
6.031371366,3243574,914
6.033840166,3244120,546
6.033840166,3245018,898
6.036309366,3245580,562
6.036309366,3246462,882
6.038785766,3247040,578
6.038785766,3247906,866
6.041254566,3248500,594
6.041254566,3249350,850
6.043723366,3249960,610
6.043723366,3250794,834
6.046288166,3251420,626
6.046288166,3252238,818
6.048756966,3252880,642
6.048756966,3253682,802
6.051225766,3254340,658
6.051225766,3255126,786
6.053694566,3255800,674
6.053694566,3256570,770
6.056163366,3257260,690
6.056163366,3258014,754
6.058728566,3258720,706
6.058728566,3259458,738
6.061204966,3260180,722
6.061204966,3260902,722
6.063673766,3261640,738
6.063673766,3262346,706
6.066142566,3263100,754
6.066142566,3263790,690
6.068611366,3264560,770
6.068611366,3265234,674
6.071176166,3266020,786
6.071176166,3266678,658
6.073644966,3267480,802
6.073644966,3268122,642
6.076113766,3268940,818
6.076113766,3269566,626
6.078582566,3270400,834
6.078582566,3271010,610
6.081051366,3271860,850
6.081051366,3272454,594
6.083520566,3273320,866
6.083520566,3273898,578
6.085996966,3274780,882
6.085996966,3275342,562
6.088465766,3276240,898
6.088465766,3276786,546
6.091030566,3277700,914
6.091030566,3278230,530
6.093499366,3279160,930
6.093499366,3279674,514
6.095968166,3280620,946
6.095968166,3281118,498
6.098436966,3282080,962
6.098436966,3282562,482
6.100905766,3283540,978
6.100905766,3284006,466
6.103470566,3285000,994
6.103470566,3285450,450
6.105939766,3286460,1010
6.105939766,3286894,434
6.108416166,3287920,1026
6.108416166,3288338,418
6.110884966,3289380,1042
6.110884966,3289782,402
6.113353766,3290840,1058
6.113353766,3291226,386
6.115822566,3292300,1074
6.115822566,3292670,370
6.118291366,3293760,1090
6.118291366,3294114,354
6.120760166,3295220,1106
6.120760166,3295558,338
6.123324966,3296680,1122
6.123324966,3297002,322
6.125793766,3298140,1138
6.125793766,3298446,306
6.128262566,3299600,1154
6.128262566,3299890,290
6.130731766,3301060,1170
6.130731766,3301334,274
6.133208166,3302520,1186
6.133208166,3302778,258
6.135772966,3303980,1202
6.135772966,3304222,242
6.138241766,3305440,1218
6.138241766,3305666,226
6.140710566,3306900,1234
6.140710566,3307110,210
6.143179366,3308360,1250
6.143179366,3308554,194
6.145648166,3309820,1266
6.145648166,3309998,178
6.148116966,3311280,1282
6.148116966,3311442,162
6.150585766,3312740,1298
6.150585766,3312886,146
6.153054566,3314200,1314
6.153054566,3314330,130
6.155520086,3315660,1330
6.155520086,3315774,114
6.156096166,3317120,1346
6.156096166,3317218,98
6.158564966,3318580,1362
6.158564966,3318662,82
6.161033766,3320040,1378
6.161033766,3320106,66
6.163502486,3321500,1394
6.163502486,3321550,50
6.165969686,3322960,1410
6.165969686,3322994,34
6.168532886,3324420,1426
6.168532886,3324438,18
6.171000086,3325880,1442
6.171000086,3325882,2
6.173467366,3327334,1452
6.175936566,3327340,6
6.175936566,3328779,1439
6.178412966,3328800,21
6.178412966,3330224,1424
6.180977766,3330260,36
6.180977766,3331669,1409
6.183446566,3331720,51
6.183446566,3333114,1394
6.185915366,3333180,66
6.185915366,3334558,1378
6.188384166,3334640,82
6.188384166,3336002,1362
6.190852966,3336100,98
6.190852966,3337446,1346
6.193321766,3337560,114
6.193321766,3338890,1330
6.195790566,3339020,130
6.195790566,3340334,1314
6.198259366,3340480,146
6.198259366,3341778,1298
6.200832166,3341940,162
6.200832166,3343222,1282
6.203300966,3343400,178
6.203300966,3344666,1266
6.205769766,3344860,194
6.205769766,3346110,1250
6.208238566,3346320,210
6.208238566,3347554,1234
6.210707366,3347780,226
6.210707366,3348998,1218
6.213272166,3349240,242
6.213272166,3350442,1202
6.215740966,3350700,258
6.215740966,3351886,1186
6.218209766,3352160,274
6.218209766,3353330,1170
6.220678566,3353620,290
6.220678566,3354774,1154
6.223147766,3355080,306
6.223147766,3356218,1138
6.225624166,3356540,322
6.225624166,3357662,1122
6.228092966,3358000,338
6.228092966,3359106,1106
6.230561766,3359460,354
6.230561766,3360550,1090
6.233126566,3360920,370
6.233126566,3361994,1074
6.235595366,3362380,386
6.235595366,3363438,1058
6.238064166,3363840,402
6.238064166,3364882,1042
6.240532966,3365300,418
6.240532966,3366326,1026
6.243001766,3366760,434
6.243001766,3367770,1010
6.245566966,3368220,450
6.245566966,3369214,994
6.248043366,3369680,466
6.248043366,3370658,978
6.250512166,3371140,482
6.250512166,3372102,962
6.254926406,3372600,498
6.254926406,3373546,946
6.257449766,3374060,514
6.257449766,3374990,930
6.259918566,3375520,530
6.259918566,3376434,914
6.262387366,3376980,546
6.262387366,3377878,898
6.264952166,3378440,562
6.264952166,3379322,882
6.267420966,3379900,578
6.267420966,3380766,866
6.269889766,3381360,594
6.269889766,3382210,850
6.272358966,3382820,610
6.272358966,3383654,834
6.274835366,3384280,626
6.274835366,3385098,818
6.277304166,3385740,642
6.277304166,3386542,802
6.279868966,3387200,658
6.279868966,3387986,786
6.282337766,3388660,674
6.282337766,3389430,770
6.284806566,3390120,690
6.284806566,3390874,754
6.287275366,3391580,706
6.287275366,3392318,738
6.289744166,3393040,722
6.289744166,3393762,722
6.292308966,3394500,738
6.292308966,3395206,706
6.294778166,3395960,754
6.294778166,3396650,690
6.297254566,3397420,770
6.297254566,3398094,674
6.299723366,3398880,786
6.299723366,3399538,658
6.302192166,3400340,802
6.302192166,3400982,642
6.304660966,3401800,818
6.304660966,3402426,626
6.307129766,3403260,834
6.307129766,3403870,610
6.309598566,3404720,850
6.309598566,3405314,594
6.312163366,3406180,866
6.312163366,3406758,578
6.314632166,3407640,882
6.314632166,3408202,562
6.317100966,3409100,898
6.317100966,3409646,546
6.319570166,3410560,914
6.319570166,3411090,530
6.322046566,3412020,930
6.322046566,3412534,514
6.324611366,3413480,946
6.324611366,3413978,498
6.327080166,3414940,962
6.327080166,3415422,482
6.329548966,3416400,978
6.329548966,3416866,466
6.332017766,3417860,994
6.332017766,3418310,450
6.334486566,3419320,1010
6.334486566,3419754,434
6.336955366,3420780,1026
6.336955366,3421198,418
6.339424166,3422240,1042
6.339424166,3422642,402
6.341892966,3423700,1058
6.341892966,3424086,386
6.344465766,3425160,1074
6.344465766,3425530,370
6.346934566,3426620,1090
6.346934566,3426974,354
6.349403366,3428080,1106
6.349403366,3428418,338
6.351872166,3429540,1122
6.351872166,3429862,322
6.354340966,3431000,1138
6.354340966,3431306,306
6.356905766,3432460,1154
6.356905766,3432750,290
6.359374566,3433920,1170
6.359374566,3434194,274
6.361843366,3435380,1186
6.361843366,3435638,258
6.364312166,3436840,1202
6.364312166,3437082,242
6.366781366,3438300,1218
6.366781366,3438526,226
6.369257766,3439760,1234
6.369257766,3439970,210
6.371726566,3441220,1250
6.371726566,3441414,194
6.374291366,3442680,1266
6.374291366,3442858,178
6.376760166,3444140,1282
6.376760166,3444302,162
6.379228966,3445600,1298
6.379228966,3445746,146
6.381697766,3447060,1314
6.381697766,3447190,130
6.384166566,3448520,1330
6.384166566,3448634,114
6.386635366,3449980,1346
6.386635366,3450078,98
6.389200566,3451440,1362
6.389200566,3451522,82
6.391676966,3452900,1378
6.391676966,3452966,66
6.394145686,3454360,1394
6.394145686,3454410,50
6.396612886,3455820,1410
6.396612886,3455854,34
6.399080086,3457280,1426
6.399080086,3457298,18
6.401643286,3458740,1442
6.401643286,3458742,2
6.404110566,3460194,1452
6.406579366,3460200,6
6.406579366,3461639,1439
6.409048166,3461660,21
6.409048166,3463084,1424
6.411516966,3463120,36
6.411516966,3464529,1409
6.413986166,3464580,51
6.413986166,3465974,1394
6.416462566,3466040,66
6.416462566,3467418,1378
6.418931366,3467500,82
6.418931366,3468862,1362
6.421496166,3468960,98
6.421496166,3470306,1346
6.423964966,3470420,114
6.423964966,3471750,1330
6.426433766,3471880,130
6.426433766,3473194,1314
6.428902566,3473340,146
6.428902566,3474638,1298
6.431371366,3474800,162
6.431371366,3476082,1282
6.433936166,3476260,178
6.433936166,3477526,1266
6.436405366,3477720,194
6.436405366,3478970,1250
6.438881766,3479180,210
6.438881766,3480414,1234
6.441350566,3480640,226
6.441350566,3481858,1218
6.443819366,3482100,242
6.443819366,3483302,1202
6.446288166,3483560,258
6.446288166,3484746,1186
6.448756966,3485020,274
6.448756966,3486190,1170
6.451225766,3486480,290
6.451225766,3487634,1154
6.453787286,3487940,306
6.453787286,3489078,1138
6.454259366,3489400,322
6.454259366,3490522,1122
6.456728166,3490860,338
6.456728166,3491966,1106
6.459197366,3492320,354
6.459197366,3493410,1090
6.461673766,3493780,370
6.461673766,3494854,1074
6.464238566,3495240,386
6.464238566,3496298,1058
6.466707366,3496700,402
6.466707366,3497742,1042
6.469176166,3498160,418
6.469176166,3499186,1026
6.471644966,3499620,434
6.471644966,3500630,1010
6.474113766,3501080,450
6.474113766,3502074,994
6.476582566,3502540,466
6.476582566,3503518,978
6.479147366,3504000,482
6.479147366,3504962,962
6.481616566,3505460,498
6.481616566,3506406,946
6.484092966,3506920,514
6.484092966,3507850,930
6.486561766,3508380,530
6.486561766,3509294,914
6.489030566,3509840,546
6.489030566,3510738,898
6.491499366,3511300,562
6.491499366,3512182,882
6.493968166,3512760,578
6.493968166,3513626,866
6.496436966,3514220,594
6.496436966,3515070,850
6.499001766,3515680,610
6.499001766,3516514,834
6.501470566,3517140,626
6.501470566,3517958,818
6.503939366,3518600,642
6.503939366,3519402,802
6.506408566,3520060,658
6.506408566,3520846,786
6.508884966,3521520,674
6.508884966,3522290,770
6.511449766,3522980,690
6.511449766,3523734,754
6.513918566,3524440,706
6.513918566,3525178,738
6.516387366,3525900,722
6.516387366,3526622,722
6.518856166,3527360,738
6.518856166,3528066,706
6.521324966,3528820,754
6.521324966,3529510,690
6.523793766,3530280,770
6.523793766,3530954,674
6.526262566,3531740,786
6.526262566,3532398,658
6.528731366,3533200,802
6.528731366,3533842,642
6.531304166,3534660,818
6.531304166,3535286,626
6.533772966,3536120,834
6.533772966,3536730,610
6.536241766,3537580,850
6.536241766,3538174,594
6.538710566,3539040,866
6.538710566,3539618,578
6.541179366,3540500,882
6.541179366,3541062,562
6.543744166,3541960,898
6.543744166,3542506,546
6.546212966,3543420,914
6.546212966,3543950,530
6.548681766,3544880,930
6.548681766,3545394,514
6.553096006,3546340,946
6.553096006,3546838,498
6.555619766,3547800,962
6.555619766,3548282,482
6.558096166,3549260,978
6.558096166,3549726,466
6.560564966,3550720,994
6.560564966,3551170,450
6.563033766,3552180,1010
6.563033766,3552614,434
6.565598566,3553640,1026
6.565598566,3554058,418
6.568067366,3555100,1042
6.568067366,3555502,402
6.570536166,3556560,1058
6.570536166,3556946,386
6.573004966,3558020,1074
6.573004966,3558390,370
6.575473766,3559480,1090
6.575473766,3559834,354
6.578038966,3560940,1106
6.578038966,3561278,338
6.580515366,3562400,1122
6.580515366,3562722,322
6.582984166,3563860,1138
6.582984166,3564166,306
6.585452966,3565320,1154
6.585452966,3565610,290
6.587921766,3566780,1170
6.587921766,3567054,274
6.590486566,3568240,1186
6.590486566,3568498,258
6.592955366,3569700,1202
6.592955366,3569942,242
6.595424166,3571160,1218
6.595424166,3571386,226
6.597892966,3572620,1234
6.597892966,3572830,210
6.600361766,3574080,1250
6.600361766,3574274,194
6.602830966,3575540,1266
6.602830966,3575718,178
6.605307366,3577000,1282
6.605307366,3577162,162
6.607776166,3578460,1298
6.607776166,3578606,146
6.610340966,3579920,1314
6.610340966,3580050,130
6.612809766,3581380,1330
6.612809766,3581494,114
6.615278566,3582840,1346
6.615278566,3582938,98
6.617747366,3584300,1362
6.617747366,3584382,82
6.620216166,3585760,1378
6.620216166,3585826,66
6.622780886,3587220,1394
6.622780886,3587270,50
6.625248486,3588680,1410
6.625248486,3588714,34
6.627723286,3590140,1426
6.627723286,3590158,18
6.630190486,3591600,1442
6.630190486,3591602,2
6.632657766,3593054,1452
6.635126566,3593060,6
6.635126566,3594499,1439
6.637595366,3594520,21
6.637595366,3595944,1424
6.640064166,3595980,36
6.640064166,3597389,1409
6.642628966,3597440,51
6.642628966,3598834,1394
6.645097766,3598900,66
6.645097766,3600278,1378
6.647566566,3600360,82
6.647566566,3601722,1362
6.650035766,3601820,98
6.650035766,3603166,1346
6.652512166,3603280,114
6.652512166,3604610,1330
6.655076966,3604740,130
6.655076966,3606054,1314
6.657545766,3606200,146
6.657545766,3607498,1298
6.660014566,3607660,162
6.660014566,3608942,1282
6.662483366,3609120,178
6.662483366,3610386,1266
6.664952166,3610580,194
6.664952166,3611830,1250
6.667420966,3612040,210
6.667420966,3613274,1234
6.669889766,3613500,226
6.669889766,3614718,1218
6.672454966,3614960,242
6.672454966,3616162,1202
6.674931366,3616420,258
6.674931366,3617606,1186
6.677400166,3617880,274
6.677400166,3619050,1170
6.679868966,3619340,290
6.679868966,3620494,1154
6.682337766,3620800,306
6.682337766,3621938,1138
6.684806566,3622260,322
6.684806566,3623382,1122
6.687371366,3623720,338
6.687371366,3624826,1106
6.689840166,3625180,354
6.689840166,3626270,1090
6.692308966,3626640,370
6.692308966,3627714,1074
6.694777766,3628100,386
6.694777766,3629158,1058
6.697246966,3629560,402
6.697246966,3630602,1042
6.699819366,3631020,418
6.699819366,3632046,1026
6.702288166,3632480,434
6.702288166,3633490,1010
6.704756966,3633940,450
6.704756966,3634934,994
6.707225766,3635400,466
6.707225766,3636378,978
6.709694566,3636860,482
6.709694566,3637822,962
6.712163366,3638320,498
6.712163366,3639266,946
6.714632166,3639780,514
6.714632166,3640710,930
6.717100966,3641240,530
6.717100966,3642154,914
6.719666166,3642700,546
6.719666166,3643598,898
6.722142566,3644160,562
6.722142566,3645042,882
6.724611366,3645620,578
6.724611366,3646486,866
6.727080166,3647080,594
6.727080166,3647930,850
6.729548966,3648540,610
6.729548966,3649374,834
6.732113766,3650000,626
6.732113766,3650818,818
6.734582566,3651460,642
6.734582566,3652262,802
6.737051366,3652920,658
6.737051366,3653706,786
6.739520166,3654380,674
6.739520166,3655150,770
6.741988966,3655840,690
6.741988966,3656594,754
6.744458166,3657300,706
6.744458166,3658038,738
6.746934566,3658760,722
6.746934566,3659482,722
6.749403366,3660220,738
6.749403366,3660926,706
6.751968166,3661680,754
6.751968166,3662370,690
6.754433686,3663140,770
6.754433686,3663814,674
6.755905766,3664600,786
6.755905766,3665258,658
6.758374566,3666060,802
6.758374566,3666702,642
6.760843366,3667520,818
6.760843366,3668146,626
6.763408166,3668980,834
6.763408166,3669590,610
6.765877366,3670440,850
6.765877366,3671034,594
6.768353766,3671900,866
6.768353766,3672478,578
6.770822566,3673360,882
6.770822566,3673922,562
6.773291366,3674820,898
6.773291366,3675366,546
6.775760166,3676280,914
6.775760166,3676810,530
6.778228966,3677740,930
6.778228966,3678254,514
6.780793766,3679200,946
6.780793766,3679698,498
6.783262566,3680660,962
6.783262566,3681142,482
6.785731366,3682120,978
6.785731366,3682586,466
6.788200166,3683580,994
6.788200166,3684030,450
6.790669366,3685040,1010
6.790669366,3685474,434
6.793145766,3686500,1026
6.793145766,3686918,418
6.795710566,3687960,1042
6.795710566,3688362,402
6.798179366,3689420,1058
6.798179366,3689806,386
6.800648166,3690880,1074
6.800648166,3691250,370
6.803116966,3692340,1090
6.803116966,3692694,354
6.805585766,3693800,1106
6.805585766,3694138,338
6.808150566,3695260,1122
6.808150566,3695582,322
6.810619366,3696720,1138
6.810619366,3697026,306
6.813088566,3698180,1154
6.813088566,3698470,290
6.815564966,3699640,1170
6.815564966,3699914,274
6.818033766,3701100,1186
6.818033766,3701358,258
6.820502566,3702560,1202
6.820502566,3702802,242
6.822971366,3704020,1218
6.822971366,3704246,226
6.825440166,3705480,1234
6.825440166,3705690,210
6.828004966,3706940,1250
6.828004966,3707134,194
6.830473766,3708400,1266
6.830473766,3708578,178
6.832942566,3709860,1282
6.832942566,3710022,162
6.835411366,3711320,1298
6.835411366,3711466,146
6.837880566,3712780,1314
6.837880566,3712910,130
6.840452966,3714240,1330
6.840452966,3714354,114
6.842921766,3715700,1346
6.842921766,3715798,98
6.845390566,3717160,1362
6.845390566,3717242,82
6.847859366,3718620,1378
6.847859366,3718686,66
6.850328086,3720080,1394
6.850328086,3720130,50
6.852795286,3721540,1410
6.852795286,3721574,34
6.855262486,3723000,1426
6.855262486,3723018,18
6.857729686,3724460,1442
6.857729686,3724462,2
6.860293366,3725914,1452
6.862769766,3725920,6
6.862769766,3727359,1439
6.865238566,3727380,21
6.865238566,3728804,1424
6.867707366,3728840,36
6.867707366,3730249,1409
6.870176166,3730300,51
6.870176166,3731694,1394
6.872740966,3731760,66
6.872740966,3733138,1378
6.875209766,3733220,82
6.875209766,3734582,1362
6.877678566,3734680,98
6.877678566,3736026,1346
6.880147366,3736140,114
6.880147366,3737470,1330
6.882616166,3737600,130
6.882616166,3738914,1314
6.885085366,3739060,146
6.885085366,3740358,1298
6.887561766,3740520,162
6.887561766,3741802,1282
6.890126566,3741980,178
6.890126566,3743246,1266
6.892595366,3743440,194
6.892595366,3744690,1250
6.895064166,3744900,210
6.895064166,3746134,1234
6.897532966,3746360,226
6.897532966,3747578,1218
6.900001766,3747820,242
6.900001766,3749022,1202
6.902470566,3749280,258
6.902470566,3750466,1186
6.905035366,3750740,274
6.905035366,3751910,1170
6.907504566,3752200,290
6.907504566,3753354,1154
6.909980966,3753660,306
6.909980966,3754798,1138
6.912449766,3755120,322
6.912449766,3756242,1122
6.914918566,3756580,338
6.914918566,3757686,1106
6.917483366,3758040,354
6.917483366,3759130,1090
6.919952166,3759500,370
6.919952166,3760574,1074
6.922420966,3760960,386
6.922420966,3762018,1058
6.924889766,3762420,402
6.924889766,3763462,1042
6.927358566,3763880,418
6.927358566,3764906,1026
6.929827366,3765340,434
6.929827366,3766350,1010
6.932296566,3766800,450
6.932296566,3767794,994
6.934772966,3768260,466
6.934772966,3769238,978
6.937337766,3769720,482
6.937337766,3770682,962
6.939806566,3771180,498
6.939806566,3772126,946
6.942275366,3772640,514
6.942275366,3773570,930
6.944744166,3774100,530
6.944744166,3775014,914
6.947212966,3775560,546
6.947212966,3776458,898
6.949777766,3777020,562
6.949777766,3777902,882
6.952243286,3778480,578
6.952243286,3779346,866
6.952715766,3779940,594
6.952715766,3780790,850
6.955192166,3781400,610
6.955192166,3782234,834
6.957660966,3782860,626
6.957660966,3783678,818
6.960129766,3784320,642
6.960129766,3785122,802
6.962598566,3785780,658
6.962598566,3786566,786
6.965067366,3787240,674
6.965067366,3788010,770
6.967632166,3788700,690
6.967632166,3789454,754
6.970100966,3790160,706
6.970100966,3790898,738
6.972569766,3791620,722
6.972569766,3792342,722
6.975038566,3793080,738
6.975038566,3793786,706
6.977507766,3794540,754
6.977507766,3795230,690
6.980080166,3796000,770
6.980080166,3796674,674
6.982548966,3797460,786
6.982548966,3798118,658
6.985017766,3798920,802
6.985017766,3799562,642
6.987486566,3800380,818
6.987486566,3801006,626
6.989955366,3801840,834
6.989955366,3802450,610
6.992520166,3803300,850
6.992520166,3803894,594
6.994988966,3804760,866
6.994988966,3805338,578
6.997457766,3806220,882
6.997457766,3806782,562
6.999926966,3807680,898
6.999926966,3808226,546
7.002403366,3809140,914
7.002403366,3809670,530
7.004872166,3810600,930
7.004872166,3811114,514
7.007340966,3812060,946
7.007340966,3812558,498
7.009809766,3813520,962
7.009809766,3814002,482
7.012278566,3814980,978
7.012278566,3815446,466
7.014843366,3816440,994
7.014843366,3816890,450
7.017312166,3817900,1010
7.017312166,3818334,434
7.019780966,3819360,1026
7.019780966,3819778,418
7.022249766,3820820,1042
7.022249766,3821222,402
7.024718966,3822280,1058
7.024718966,3822666,386
7.027291366,3823740,1074
7.027291366,3824110,370
7.029760166,3825200,1090
7.029760166,3825554,354
7.032228966,3826660,1106
7.032228966,3826998,338
7.034697766,3828120,1122
7.034697766,3828442,322
7.037166566,3829580,1138
7.037166566,3829886,306
7.039635366,3831040,1154
7.039635366,3831330,290
7.042104166,3832500,1170
7.042104166,3832774,274
7.044572966,3833960,1186
7.044572966,3834218,258
7.047138166,3835420,1202
7.047138166,3835662,242
7.049614566,3836880,1218
7.049614566,3837106,226
7.053028806,3838340,1234
7.053028806,3838550,210
7.055552166,3839800,1250
7.055552166,3839994,194
7.058020966,3841260,1266
7.058020966,3841438,178
7.060585766,3842720,1282
7.060585766,3842882,162
7.063054566,3844180,1298
7.063054566,3844326,146
7.065523366,3845640,1314
7.065523366,3845770,130
7.067992166,3847100,1330
7.067992166,3847214,114
7.070460966,3848560,1346
7.070460966,3848658,98
7.072930166,3850020,1362
7.072930166,3850102,82
7.075406566,3851480,1378
7.075406566,3851546,66
7.077875286,3852940,1394
7.077875286,3852990,50
7.080438486,3854400,1410
7.080438486,3854434,34
7.082905686,3855860,1426
7.082905686,3855878,18
7.085372886,3857320,1442
7.085372886,3857322,2
7.087840166,3858774,1452
7.090308966,3858780,6
7.090308966,3860219,1439
7.092873766,3860240,21
7.092873766,3861664,1424
7.095342966,3861700,36
7.095342966,3863109,1409
7.097819366,3863160,51
7.097819366,3864554,1394
7.100288166,3864620,66
7.100288166,3865998,1378
7.102756966,3866080,82
7.102756966,3867442,1362
7.105321766,3867540,98
7.105321766,3868886,1346
7.107790566,3869000,114
7.107790566,3870330,1330
7.110259366,3870460,130
7.110259366,3871774,1314
7.112728166,3871920,146
7.112728166,3873218,1298
7.115196966,3873380,162
7.115196966,3874662,1282
7.117665766,3874840,178
7.117665766,3876106,1266
7.120134966,3876300,194
7.120134966,3877550,1250
7.122611366,3877760,210
7.122611366,3878994,1234
7.125176166,3879220,226
7.125176166,3880438,1218
7.127644966,3880680,242
7.127644966,3881882,1202
7.130113766,3882140,258
7.130113766,3883326,1186
7.132582566,3883600,274
7.132582566,3884770,1170
7.135051366,3885060,290
7.135051366,3886214,1154
7.137616166,3886520,306
7.137616166,3887658,1138
7.140084966,3887980,322
7.140084966,3889102,1122
7.142554166,3889440,338
7.142554166,3890546,1106
7.145030566,3890900,354
7.145030566,3891990,1090
7.147499366,3892360,370
7.147499366,3893434,1074
7.149968166,3893820,386
7.149968166,3894878,1058
7.154382406,3895280,402
7.154382406,3896322,1042
7.156905766,3896740,418
7.156905766,3897766,1026
7.159470566,3898200,434
7.159470566,3899210,1010
7.161939366,3899660,450
7.161939366,3900654,994
7.164408166,3901120,466
7.164408166,3902098,978
7.166876966,3902580,482
7.166876966,3903542,962
7.169346166,3904040,498
7.169346166,3904986,946
7.171918566,3905500,514
7.171918566,3906430,930
7.174387366,3906960,530
7.174387366,3907874,914
7.176856166,3908420,546
7.176856166,3909318,898
7.179324966,3909880,562
7.179324966,3910762,882
7.181793766,3911340,578
7.181793766,3912206,866
7.184262566,3912800,594
7.184262566,3913650,850
7.186731366,3914260,610
7.186731366,3915094,834
7.189296166,3915720,626
7.189296166,3916538,818
7.191765366,3917180,642
7.191765366,3917982,802
7.194241766,3918640,658
7.194241766,3919426,786
7.196710566,3920100,674
7.196710566,3920870,770
7.199179366,3921560,690
7.199179366,3922314,754
7.201648166,3923020,706
7.201648166,3923758,738
7.204212966,3924480,722
7.204212966,3925202,722
7.206681766,3925940,738
7.206681766,3926646,706
7.209150566,3927400,754
7.209150566,3928090,690
7.211619366,3928860,770
7.211619366,3929534,674
7.214088166,3930320,786
7.214088166,3930978,658
7.216660966,3931780,802
7.216660966,3932422,642
7.219129766,3933240,818
7.219129766,3933866,626
7.221598566,3934700,834
7.221598566,3935310,610
7.224067366,3936160,850
7.224067366,3936754,594
7.226536166,3937620,866
7.226536166,3938198,578
7.229004966,3939080,882
7.229004966,3939642,562
7.231473766,3940540,898
7.231473766,3941086,546
7.233942566,3942000,914
7.233942566,3942530,530
7.236507366,3943460,930
7.236507366,3943974,514
7.238976566,3944920,946
7.238976566,3945418,498
7.241452966,3946380,962
7.241452966,3946862,482
7.243921766,3947840,978
7.243921766,3948306,466
7.246390566,3949300,994
7.246390566,3949750,450
7.248955366,3950760,1010
7.248955366,3951194,434
7.251424166,3952220,1026
7.251424166,3952638,418
7.253892966,3953680,1042
7.253892966,3954082,402
7.256361766,3955140,1058
7.256361766,3955526,386
7.258830566,3956600,1074
7.258830566,3956970,370
7.261299366,3958060,1090
7.261299366,3958414,354
7.263768566,3959520,1106
7.263768566,3959858,338
7.266244966,3960980,1122
7.266244966,3961302,322
7.268809766,3962440,1138
7.268809766,3962746,306
7.271278566,3963900,1154
7.271278566,3964190,290
7.273747366,3965360,1170
7.273747366,3965634,274
7.276216166,3966820,1186
7.276216166,3967078,258
7.278684966,3968280,1202
7.278684966,3968522,242
7.281249766,3969740,1218
7.281249766,3969966,226
7.283718566,3971200,1234
7.283718566,3971410,210
7.286187766,3972660,1250
7.286187766,3972854,194
7.288664166,3974120,1266
7.288664166,3974298,178
7.291132966,3975580,1282
7.291132966,3975742,162
7.293697766,3977040,1298
7.293697766,3977186,146
7.296166566,3978500,1314
7.296166566,3978630,130
7.298635366,3979960,1330
7.298635366,3980074,114
7.301104166,3981420,1346
7.301104166,3981518,98
7.303572966,3982880,1362
7.303572966,3982962,82
7.306041766,3984340,1378
7.306041766,3984406,66
7.308510486,3985800,1394
7.308510486,3985850,50
7.310978086,3987260,1410
7.310978086,3987294,34
7.313548886,3988720,1426
7.313548886,3988738,18
7.316016086,3990180,1442
7.316016086,3990182,2
7.318483366,3991634,1452
7.320952166,3991640,6
7.320952166,3993079,1439
7.323420966,3993100,21
7.323420966,3994524,1424
7.325985766,3994560,36
7.325985766,3995969,1409
7.328454566,3996020,51
7.328454566,3997414,1394
7.330923366,3997480,66
7.330923366,3998858,1378
7.333392566,3998940,82
7.333392566,4000302,1362
7.335868966,4000400,98
7.335868966,4001746,1346
7.338337766,4001860,114
7.338337766,4003190,1330
7.340806566,4003320,130
7.340806566,4004634,1314
7.343275366,4004780,146
7.343275366,4006078,1298
7.345840166,4006240,162
7.345840166,4007522,1282
7.348308966,4007700,178
7.348308966,4008966,1266
7.350777766,4009160,194
7.350777766,4010410,1250
7.353243286,4010620,210
7.353243286,4011854,1234
7.354715366,4012080,226
7.354715366,4013298,1218
7.357288166,4013540,242
7.357288166,4014742,1202
7.359756966,4015000,258
7.359756966,4016186,1186
7.362225766,4016460,274
7.362225766,4017630,1170
7.364694566,4017920,290
7.364694566,4019074,1154
7.367163366,4019380,306
7.367163366,4020518,1138
7.369632166,4020840,322
7.369632166,4021962,1122
7.372100966,4022300,338
7.372100966,4023406,1106
7.374569766,4023760,354
7.374569766,4024850,1090
7.377134566,4025220,370
7.377134566,4026294,1074
7.379603766,4026680,386
7.379603766,4027738,1058
7.382080166,4028140,402
7.382080166,4029182,1042
7.384548966,4029600,418
7.384548966,4030626,1026
7.387017766,4031060,434
7.387017766,4032070,1010
7.389582566,4032520,450
7.389582566,4033514,994
7.392051366,4033980,466
7.392051366,4034958,978
7.394520166,4035440,482
7.394520166,4036402,962
7.396988966,4036900,498
7.396988966,4037846,946
7.399457766,4038360,514
7.399457766,4039290,930
7.402022966,4039820,530
7.402022966,4040734,914
7.404499366,4041280,546
7.404499366,4042178,898
7.406968166,4042740,562
7.406968166,4043622,882
7.409436966,4044200,578
7.409436966,4045066,866
7.411905766,4045660,594
7.411905766,4046510,850
7.414374566,4047120,610
7.414374566,4047954,834
7.416843366,4048580,626
7.416843366,4049398,818
7.419312166,4050040,642
7.419312166,4050842,802
7.421876966,4051500,658
7.421876966,4052286,786
7.424345766,4052960,674
7.424345766,4053730,770
7.426814966,4054420,690
7.426814966,4055174,754
7.429291366,4055880,706
7.429291366,4056618,738
7.431760166,4057340,722
7.431760166,4058062,722
7.434324966,4058800,738
7.434324966,4059506,706
7.436793766,4060260,754
7.436793766,4060950,690
7.439262566,4061720,770
7.439262566,4062394,674
7.441731366,4063180,786
7.441731366,4063838,658
7.444200166,4064640,802
7.444200166,4065282,642
7.446668966,4066100,818
7.446668966,4066726,626
7.449137766,4067560,834
7.449137766,4068170,610
7.451606966,4069020,850
7.451606966,4069614,594
7.456124806,4070480,866
7.456124806,4071058,578
7.458648166,4071940,882
7.458648166,4072502,562
7.461116966,4073400,898
7.461116966,4073946,546
7.463585766,4074860,914
7.463585766,4075390,530
7.466054566,4076320,930
7.466054566,4076834,514
7.468619366,4077780,946
7.468619366,4078278,498
7.471088166,4079240,962
7.471088166,4079722,482
7.473556966,4080700,978
7.473556966,4081166,466
7.476026166,4082160,994
7.476026166,4082610,450
7.478502566,4083620,1010
7.478502566,4084054,434
7.480971366,4085080,1026
7.480971366,4085498,418
7.483440166,4086540,1042
7.483440166,4086942,402
7.485908966,4088000,1058
7.485908966,4088386,386
7.488473766,4089460,1074
7.488473766,4089830,370
7.490942566,4090920,1090
7.490942566,4091274,354
7.493411366,4092380,1106
7.493411366,4092718,338
7.495880166,4093840,1122
7.495880166,4094162,322
7.498348966,4095300,1138
7.498348966,4095606,306
7.500921766,4096760,1154
7.500921766,4097050,290
7.503390566,4098220,1170
7.503390566,4098494,274
7.505859366,4099680,1186
7.505859366,4099938,258
7.508328166,4101140,1202
7.508328166,4101382,242
7.510796966,4102600,1218
7.510796966,4102826,226
7.513361766,4104060,1234
7.513361766,4104270,210
7.515830566,4105520,1250
7.515830566,4105714,194
7.518299366,4106980,1266
7.518299366,4107158,178
7.520768166,4108440,1282
7.520768166,4108602,162
7.523237366,4109900,1298
7.523237366,4110046,146
7.525713766,4111360,1314
7.525713766,4111490,130
7.528182566,4112820,1330
7.528182566,4112934,114
7.530651366,4114280,1346
7.530651366,4114378,98
7.533120166,4115740,1362
7.533120166,4115822,82
7.535684966,4117200,1378
7.535684966,4117266,66
7.538153686,4118660,1394
7.538153686,4118710,50
7.540620886,4120120,1410
7.540620886,4120154,34
7.543088086,4121580,1426
7.543088086,4121598,18
7.545555286,4123040,1442
7.545555286,4123042,2
7.548126566,4124494,1452
7.550595366,4124500,6
7.550595366,4125939,1439
7.553064166,4125960,21
7.553064166,4127384,1424
7.555532966,4127420,36
7.555532966,4128829,1409
7.558001766,4128880,51
7.558001766,4130274,1394
7.560470566,4130340,66
7.560470566,4131718,1378
7.562939366,4131800,82
7.562939366,4133162,1362
7.565408166,4133260,98
7.565408166,4134606,1346
7.567972966,4134720,114
7.567972966,4136050,1330
7.570442166,4136180,130
7.570442166,4137494,1314
7.572918566,4137640,146
7.572918566,4138938,1298
7.575387366,4139100,162
7.575387366,4140382,1282
7.577856166,4140560,178
7.577856166,4141826,1266
7.580420966,4142020,194
7.580420966,4143270,1250
7.582889766,4143480,210
7.582889766,4144714,1234
7.585358566,4144940,226
7.585358566,4146158,1218
7.587827366,4146400,242
7.587827366,4147602,1202
7.590296166,4147860,258
7.590296166,4149046,1186
7.592764966,4149320,274
7.592764966,4150490,1170
7.595234166,4150780,290
7.595234166,4151934,1154
7.597710566,4152240,306
7.597710566,4153378,1138
7.600275366,4153700,322
7.600275366,4154822,1122
7.602744166,4155160,338
7.602744166,4156266,1106
7.605212966,4156620,354
7.605212966,4157710,1090
7.607681766,4158080,370
7.607681766,4159154,1074
7.610150566,4159540,386
7.610150566,4160598,1058
7.612715366,4161000,402
7.612715366,4162042,1042
7.615184166,4162460,418
7.615184166,4163486,1026
7.617653366,4163920,434
7.617653366,4164930,1010
7.620129766,4165380,450
7.620129766,4166374,994
7.622598566,4166840,466
7.622598566,4167818,978
7.625163366,4168300,482
7.625163366,4169262,962
7.627632166,4169760,498
7.627632166,4170706,946
7.630100966,4171220,514
7.630100966,4172150,930
7.632569766,4172680,530
7.632569766,4173594,914
7.635038566,4174140,546
7.635038566,4175038,898
7.637507366,4175600,562
7.637507366,4176482,882
7.639976166,4177060,578
7.639976166,4177926,866
7.642445366,4178520,594
7.642445366,4179370,850
7.645017766,4179980,610
7.645017766,4180814,834
7.647486566,4181440,626
7.647486566,4182258,818
7.649955366,4182900,642
7.649955366,4183702,802
7.652424166,4184360,658
7.652424166,4185146,786
7.654889686,4185820,674
7.654889686,4188034,2214
7.655926566,4188740,706
7.655926566,4189478,738
7.658395366,4190200,722
7.658395366,4190922,722
7.660864566,4191660,738
7.660864566,4192366,706
7.663340966,4193120,754
7.663340966,4193810,690
7.665809766,4194580,770
7.665809766,4195254,674
7.668278566,4196040,786
7.668278566,4196698,658
7.670747366,4197500,802
7.670747366,4198142,642
7.673312166,4198960,818
7.673312166,4199586,626
7.675780966,4200420,834
7.675780966,4201030,610
7.678249766,4201880,850
7.678249766,4202474,594
7.680718566,4203340,866
7.680718566,4203918,578
7.683187366,4204800,882
7.683187366,4205362,562
7.685760166,4206260,898
7.685760166,4206806,546
7.688228966,4207720,914
7.688228966,4208250,530
7.690697766,4209180,930
7.690697766,4209694,514
7.693166566,4210640,946
7.693166566,4211138,498
7.695635366,4212100,962
7.695635366,4212582,482
7.698200166,4213560,978
7.698200166,4214026,466
7.700668966,4215020,994
7.700668966,4215470,450
7.703137766,4216480,1010
7.703137766,4216914,434
7.705606566,4217940,1026
7.705606566,4218358,418
7.708075766,4219400,1042
7.708075766,4219802,402
7.710552166,4220860,1058
7.710552166,4221246,386
7.713020966,4222320,1074
7.713020966,4222690,370
7.715489766,4223780,1090
7.715489766,4224134,354
7.718054566,4225240,1106
7.718054566,4225578,338
7.720523366,4226700,1122
7.720523366,4227022,322
7.722992166,4228160,1138
7.722992166,4228466,306
7.725460966,4229620,1154
7.725460966,4229910,290
7.727929766,4231080,1170
7.727929766,4231354,274
7.730494966,4232540,1186
7.730494966,4232798,258
7.732971366,4234000,1202
7.732971366,4234242,242
7.735440166,4235460,1218
7.735440166,4235686,226
7.737908966,4236920,1234
7.737908966,4237130,210
7.740377766,4238380,1250
7.740377766,4238574,194
7.742846566,4239840,1266
7.742846566,4240018,178
7.745315366,4241300,1282
7.745315366,4241462,162
7.747784166,4242760,1298
7.747784166,4242906,146
7.751294406,4244220,1314
7.751294406,4244350,130
7.753817766,4245680,1330
7.753817766,4245794,114
7.756286966,4247140,1346
7.756286966,4247238,98
7.758763366,4248600,1362
7.758763366,4248682,82
7.761232166,4250060,1378
7.761232166,4250126,66
7.763796886,4251520,1394
7.763796886,4251570,50
7.766264086,4252980,1410
7.766264086,4253014,34
7.768731286,4254440,1426
7.768731286,4254458,18
7.771198486,4255900,1442
7.771198486,4255902,2
7.773665766,4257354,1452
7.776134566,4257360,6
7.776134566,4258799,1439
7.778603366,4258820,21
7.778603366,4260244,1424
7.781072566,4260280,36
7.781072566,4261689,1409
7.783644966,4261740,51
7.783644966,4263134,1394
7.786113766,4263200,66
7.786113766,4264578,1378
7.788582566,4264660,82
7.788582566,4266022,1362
7.791051366,4266120,98
7.791051366,4267466,1346
7.793520166,4267580,114
7.793520166,4268910,1330
7.796084966,4269040,130
7.796084966,4270354,1314
7.798553766,4270500,146
7.798553766,4271798,1298
7.801022566,4271960,162
7.801022566,4273242,1282
7.803491766,4273420,178
7.803491766,4274686,1266
7.805968166,4274880,194
7.805968166,4276130,1250
7.808532966,4276340,210
7.808532966,4277574,1234
7.811001766,4277800,226
7.811001766,4279018,1218
7.813470566,4279260,242
7.813470566,4280462,1202
7.815939366,4280720,258
7.815939366,4281906,1186
7.818408166,4282180,274
7.818408166,4283350,1170
7.820876966,4283640,290
7.820876966,4284794,1154
7.823345766,4285100,306
7.823345766,4286238,1138
7.825814566,4286560,322
7.825814566,4287682,1122
7.828387366,4288020,338
7.828387366,4289126,1106
7.830856166,4289480,354
7.830856166,4290570,1090
7.833324966,4290940,370
7.833324966,4292014,1074
7.835793766,4292400,386
7.835793766,4293458,1058
7.838262566,4293860,402
7.838262566,4294902,1042
7.840827366,4295320,418
7.840827366,4296346,1026
7.843296166,4296780,434
7.843296166,4297790,1010
7.845764966,4298240,450
7.845764966,4299234,994
7.848233766,4299700,466
7.848233766,4300678,978
7.850702966,4301160,482
7.850702966,4302122,962
7.853179366,4302620,498
7.853179366,4303566,946
7.855648166,4304080,514
7.855648166,4305010,930
7.858116966,4305540,530
7.858116966,4306454,914
7.860681766,4307000,546
7.860681766,4307898,898
7.863150566,4308460,562
7.863150566,4309342,882
7.865619366,4309920,578
7.865619366,4310786,866
7.868088166,4311380,594
7.868088166,4312230,850
7.870556966,4312840,610
7.870556966,4313674,834
7.873122166,4314300,626
7.873122166,4315118,818
7.875598566,4315760,642
7.875598566,4316562,802
7.878067366,4317220,658
7.878067366,4318006,786
7.880536166,4318680,674
7.880536166,4319450,770
7.883004966,4320140,690
7.883004966,4320894,754
7.885473766,4321600,706
7.885473766,4322338,738
7.887942566,4323060,722
7.887942566,4323782,722
7.890411366,4324520,738
7.890411366,4325226,706
7.892976166,4325980,754
7.892976166,4326670,690
7.895444966,4327440,770
7.895444966,4328114,674
7.897914166,4328900,786
7.897914166,4329558,658
7.900390566,4330360,802
7.900390566,4331002,642
7.902859366,4331820,818
7.902859366,4332446,626
7.905424166,4333280,834
7.905424166,4333890,610
7.907892966,4334740,850
7.907892966,4335334,594
7.910361766,4336200,866
7.910361766,4336778,578
7.912830566,4337660,882
7.912830566,4338222,562
7.915299366,4339120,898
7.915299366,4339666,546
7.917864166,4340580,914
7.917864166,4341110,530
7.920333366,4342040,930
7.920333366,4342554,514
7.922809766,4343500,946
7.922809766,4343998,498
7.925278566,4344960,962
7.925278566,4345442,482
7.927747366,4346420,978
7.927747366,4346886,466
7.930216166,4347880,994
7.930216166,4348330,450
7.932684966,4349340,1010
7.932684966,4349774,434
7.935153766,4350800,1026
7.935153766,4351218,418
7.937718566,4352260,1042
7.937718566,4352662,402
7.940187366,4353720,1058
7.940187366,4354106,386
7.942656166,4355180,1074
7.942656166,4355550,370
7.945125366,4356640,1090
7.945125366,4356994,354
7.947601766,4358100,1106
7.947601766,4358438,338
7.950166566,4359560,1122
7.950166566,4359882,322
7.953580806,4361020,1138
7.953580806,4361326,306
7.956104166,4362480,1154
7.956104166,4362770,290
7.958572966,4363940,1170
7.958572966,4364214,274
7.961041766,4365400,1186
7.961041766,4365658,258
7.963510566,4366860,1202
7.963510566,4367102,242
7.965979366,4368320,1218
7.965979366,4368546,226
7.968448166,4369780,1234
7.968448166,4369990,210
7.971020966,4371240,1250
7.971020966,4371434,194
7.973489766,4372700,1266
7.973489766,4372878,178
7.975958566,4374160,1282
7.975958566,4374322,162
7.978427366,4375620,1298
7.978427366,4375766,146
7.980896166,4377080,1314
7.980896166,4377210,130
7.983460966,4378540,1330
7.983460966,4378654,114
7.985929766,4380000,1346
7.985929766,4380098,98
7.988398566,4381460,1362
7.988398566,4381542,82
7.990867366,4382920,1378
7.990867366,4382986,66
7.993336486,4384380,1394
7.993336486,4384430,50
7.995811286,4385840,1410
7.995811286,4385874,34
7.998278486,4387300,1426
7.998278486,4387318,18
8.000745686,4388760,1442
8.000745686,4388762,2
8.003308966,4390214,1452
8.005777766,4390220,6
8.005777766,4391659,1439
8.008246566,4391680,21
8.008246566,4393104,1424
8.010715366,4393140,36
8.010715366,4394549,1409
8.013184166,4394600,51
8.013184166,4395994,1394
8.015749366,4396060,66
8.015749366,4397438,1378
8.018225766,4397520,82
8.018225766,4398882,1362
8.020694566,4398980,98
8.020694566,4400326,1346
8.023163366,4400440,114
8.023163366,4401770,1330
8.025632166,4401900,130
8.025632166,4403214,1314
8.028196966,4403360,146
8.028196966,4404658,1298
8.030665766,4404820,162
8.030665766,4406102,1282
8.033134566,4406280,178
8.033134566,4407546,1266
8.035603366,4407740,194
8.035603366,4408990,1250
8.038072166,4409200,210
8.038072166,4410434,1234
8.040541366,4410660,226
8.040541366,4411878,1218
8.043017766,4412120,242
8.043017766,4413322,1202
8.045486566,4413580,258
8.045486566,4414766,1186
8.048051366,4415040,274
8.048051366,4416210,1170
8.050520166,4416500,290
8.050520166,4417654,1154
8.052985686,4417960,306
8.052985686,4419098,1138
8.054457766,4419420,322
8.054457766,4420542,1122
8.056926566,4420880,338
8.056926566,4421986,1106
8.059395366,4422340,354
8.059395366,4423430,1090
8.061960566,4423800,370
8.061960566,4424874,1074
8.064436966,4425260,386
8.064436966,4426318,1058
8.066905766,4426720,402
8.066905766,4427762,1042
8.069374566,4428180,418
8.069374566,4429206,1026
8.071843366,4429640,434
8.071843366,4430650,1010
8.074312166,4431100,450
8.074312166,4432094,994
8.076780966,4432560,466
8.076780966,4433538,978
8.079249766,4434020,482
8.079249766,4434982,962
8.081814566,4435480,498
8.081814566,4436426,946
8.084283366,4436940,514
8.084283366,4437870,930
8.086752566,4438400,530
8.086752566,4439314,914
8.089228966,4439860,546
8.089228966,4440758,898
8.091697766,4441320,562
8.091697766,4442202,882
8.094262566,4442780,578
8.094262566,4443646,866
8.096731366,4444240,594
8.096731366,4445090,850
8.099200166,4445700,610
8.099200166,4446534,834
8.101668966,4447160,626
8.101668966,4447978,818
8.104137766,4448620,642
8.104137766,4449422,802
8.106702566,4450080,658
8.106702566,4450866,786
8.109171766,4451540,674
8.109171766,4452310,770
8.111648166,4453000,690
8.111648166,4453754,754
8.114116966,4454460,706
8.114116966,4455198,738
8.116585766,4455920,722
8.116585766,4456642,722
8.119054566,4457380,738
8.119054566,4458086,706
8.121523366,4458840,754
8.121523366,4459530,690
8.123992166,4460300,770
8.123992166,4460974,674
8.126556966,4461760,786
8.126556966,4462418,658
8.129025766,4463220,802
8.129025766,4463862,642
8.131494566,4464680,818
8.131494566,4465306,626
8.133963766,4466140,834
8.133963766,4466750,610
8.136440166,4467600,850
8.136440166,4468194,594
8.139004966,4469060,866
8.139004966,4469638,578
8.141473766,4470520,882
8.141473766,4471082,562
8.143942566,4471980,898
8.143942566,4472526,546
8.146411366,4473440,914
8.146411366,4473970,530
8.148880166,4474900,930
8.148880166,4475414,514
8.152294406,4476360,946
8.152294406,4476858,498
8.154817766,4477820,962
8.154817766,4478302,482
8.157286566,4479280,978
8.157286566,4479746,466
8.159859366,4480740,994
8.159859366,4481190,450
8.162328166,4482200,1010
8.162328166,4482634,434
8.164796966,4483660,1026
8.164796966,4484078,418
8.167265766,4485120,1042
8.167265766,4485522,402
8.169734566,4486580,1058
8.169734566,4486966,386
8.172299366,4488040,1074
8.172299366,4488410,370
8.174768166,4489500,1090
8.174768166,4489854,354
8.177236966,4490960,1106
8.177236966,4491298,338
8.179705766,4492420,1122
8.179705766,4492742,322
8.182174966,4493880,1138
8.182174966,4494186,306
8.184651366,4495340,1154
8.184651366,4495630,290
8.187120166,4496800,1170
8.187120166,4497074,274
8.189588966,4498260,1186
8.189588966,4498518,258
8.192153766,4499720,1202
8.192153766,4499962,242
8.194622566,4501180,1218
8.194622566,4501406,226
8.197091366,4502640,1234
8.197091366,4502850,210
8.199560166,4504100,1250
8.199560166,4504294,194
8.202028966,4505560,1266
8.202028966,4505738,178
8.204594166,4507020,1282
8.204594166,4507182,162
8.207070566,4508480,1298
8.207070566,4508626,146
8.209539366,4509940,1314
8.209539366,4510070,130
8.212008166,4511400,1330
8.212008166,4511514,114
8.214476966,4512860,1346
8.214476966,4512958,98
8.217041766,4514320,1362
8.217041766,4514402,82
8.219510566,4515780,1378
8.219510566,4515846,66
8.221979286,4517240,1394
8.221979286,4517290,50
8.224446486,4518700,1410
8.224446486,4518734,34
8.226913686,4520160,1426
8.226913686,4520178,18
8.229381286,4521620,1442
8.229381286,4521622,2
8.231856166,4523074,1452
8.234324966,4523080,6
8.234324966,4524519,1439
8.236889766,4524540,21
8.236889766,4525964,1424
8.239358566,4526000,36
8.239358566,4527409,1409
8.241827366,4527460,51
8.241827366,4528854,1394
8.244296166,4528920,66
8.244296166,4530298,1378
8.246764966,4530380,82
8.246764966,4531742,1362
8.249329766,4531840,98
8.249329766,4533186,1346
8.251798966,4533300,114
8.251798966,4534630,1330
8.254275366,4534760,130
8.254275366,4536074,1314
8.256744166,4536220,146
8.256744166,4537518,1298
8.259212966,4537680,162
8.259212966,4538962,1282
8.261681766,4539140,178
8.261681766,4540406,1266
8.264150566,4540600,194
8.264150566,4541850,1250
8.266619366,4542060,210
8.266619366,4543294,1234
8.269184166,4543520,226
8.269184166,4544738,1218
8.271652966,4544980,242
8.271652966,4546182,1202
8.274121766,4546440,258
8.274121766,4547626,1186
8.276590966,4547900,274
8.276590966,4549070,1170
8.279067366,4549360,290
8.279067366,4550514,1154
8.281632166,4550820,306
8.281632166,4551958,1138
8.284100966,4552280,322
8.284100966,4553402,1122
8.286569766,4553740,338
8.286569766,4554846,1106
8.289038566,4555200,354
8.289038566,4556290,1090
8.291507366,4556660,370
8.291507366,4557734,1074
8.293976166,4558120,386
8.293976166,4559178,1058
8.296444966,4559580,402
8.296444966,4560622,1042
8.298913766,4561040,418
8.298913766,4562066,1026
8.301486566,4562500,434
8.301486566,4563510,1010
8.303955366,4563960,450
8.303955366,4564954,994
8.306424166,4565420,466
8.306424166,4566398,978
8.308892966,4566880,482
8.308892966,4567842,962
8.311361766,4568340,498
8.311361766,4569286,946
8.313926566,4569800,514
8.313926566,4570730,930
8.316395366,4571260,530
8.316395366,4572174,914
8.318864166,4572720,546
8.318864166,4573618,898
8.321332966,4574180,562
8.321332966,4575062,882
8.323802166,4575640,578
8.323802166,4576506,866
8.326374566,4577100,594
8.326374566,4577950,850
8.328843366,4578560,610
8.328843366,4579394,834
8.331312166,4580020,626
8.331312166,4580838,818
8.333780966,4581480,642
8.333780966,4582282,802
8.336249766,4582940,658
8.336249766,4583726,786
8.338718566,4584400,674
8.338718566,4585170,770
8.341187366,4585860,690
8.341187366,4586614,754
8.343656166,4587320,706
8.343656166,4588058,738
8.346221366,4588780,722
8.346221366,4589502,722
8.348697766,4590240,738
8.348697766,4590946,706
8.351166566,4591700,754
8.351166566,4592390,690
8.354580806,4593160,770
8.354580806,4593834,674
8.357104166,4594620,786
8.357104166,4595278,658
8.359668966,4596080,802
8.359668966,4596722,642
8.362137766,4597540,818
8.362137766,4598166,626
8.364606566,4599000,834
8.364606566,4599610,610
8.367075366,4600460,850
8.367075366,4601054,594
8.369544166,4601920,866
8.369544166,4602498,578
8.372013366,4603380,882
8.372013366,4603942,562
8.374489766,4604840,898
8.374489766,4605386,546
8.376958566,4606300,914
8.376958566,4606830,530
8.379523366,4607760,930
8.379523366,4608274,514
8.381992166,4609220,946
8.381992166,4609718,498
8.384460966,4610680,962
8.384460966,4611162,482
8.386929766,4612140,978
8.386929766,4612606,466
8.389398566,4613600,994
8.389398566,4614050,450
8.391963366,4615060,1010
8.391963366,4615494,434
8.394432566,4616520,1026
8.394432566,4616938,418
8.396908966,4617980,1042
8.396908966,4618382,402
8.399377766,4619440,1058
8.399377766,4619826,386
8.401846566,4620900,1074
8.401846566,4621270,370
8.404315366,4622360,1090
8.404315366,4622714,354
8.406784166,4623820,1106
8.406784166,4624158,338
8.409252966,4625280,1122
8.409252966,4625602,322
8.411817766,4626740,1138
8.411817766,4627046,306
8.414286566,4628200,1154
8.414286566,4628490,290
8.416755366,4629660,1170
8.416755366,4629934,274
8.419224566,4631120,1186
8.419224566,4631378,258
8.421700966,4632580,1202
8.421700966,4632822,242
8.424265766,4634040,1218
8.424265766,4634266,226
8.426734566,4635500,1234
8.426734566,4635710,210
8.429203366,4636960,1250
8.429203366,4637154,194
8.431672166,4638420,1266
8.431672166,4638598,178
8.434140966,4639880,1282
8.434140966,4640042,162
8.436705766,4641340,1298
8.436705766,4641486,146
8.439174566,4642800,1314
8.439174566,4642930,130
8.441643766,4644260,1330
8.441643766,4644374,114
8.444120166,4645720,1346
8.444120166,4645818,98
8.446588966,4647180,1362
8.446588966,4647262,82
8.449057766,4648640,1378
8.449057766,4648706,66
8.451526486,4650100,1394
8.451526486,4650150,50
8.454937526,4651560,1410
8.454937526,4651594,34
8.457556886,4653020,1426
8.457556886,4653038,18
8.460024086,4654480,1442
8.460024086,4654482,2
8.462491366,4655934,1452
8.464960166,4655940,6
8.464960166,4657379,1439
8.467429366,4657400,21
8.467429366,4658824,1424
8.470001766,4658860,36
8.470001766,4660269,1409
8.472470566,4660320,51
8.472470566,4661714,1394
8.474939366,4661780,66
8.474939366,4663158,1378
8.477408166,4663240,82
8.477408166,4664602,1362
8.479876966,4664700,98
8.479876966,4666046,1346
8.482345766,4666160,114
8.482345766,4667490,1330
8.484814566,4667620,130
8.484814566,4668934,1314
8.487283366,4669080,146
8.487283366,4670378,1298
8.489848566,4670540,162
8.489848566,4671822,1282
8.492324966,4672000,178
8.492324966,4673266,1266
8.494793766,4673460,194
8.494793766,4674710,1250
8.497262566,4674920,210
8.497262566,4676154,1234
8.499731366,4676380,226
8.499731366,4677598,1218
8.502296166,4677840,242
8.502296166,4679042,1202
8.504764966,4679300,258
8.504764966,4680486,1186
8.507233766,4680760,274
8.507233766,4681930,1170
8.509702566,4682220,290
8.509702566,4683374,1154
8.512171366,4683680,306
8.512171366,4684818,1138
8.514640566,4685140,322
8.514640566,4686262,1122
8.517116966,4686600,338
8.517116966,4687706,1106
8.519585766,4688060,354
8.519585766,4689150,1090
8.522150566,4689520,370
8.522150566,4690594,1074
8.524619366,4690980,386
8.524619366,4692038,1058
8.527088166,4692440,402
8.527088166,4693482,1042
8.529556966,4693900,418
8.529556966,4694926,1026
8.532025766,4695360,434
8.532025766,4696370,1010
8.534590566,4696820,450
8.534590566,4697814,994
8.537059766,4698280,466
8.537059766,4699258,978
8.539536166,4699740,482
8.539536166,4700702,962
8.542004966,4701200,498
8.542004966,4702146,946
8.544473766,4702660,514
8.544473766,4703590,930
8.547038566,4704120,530
8.547038566,4705034,914
8.549507366,4705580,546
8.549507366,4706478,898
8.551976166,4707040,562
8.551976166,4707922,882
8.554441686,4708500,578
8.554441686,4710810,2310
8.555382566,4711420,610
8.555382566,4712254,834
8.557851766,4712880,626
8.557851766,4713698,818
8.560328166,4714340,642
8.560328166,4715142,802
8.562892966,4715800,658
8.562892966,4716586,786
8.565361766,4717260,674
8.565361766,4718030,770
8.567830566,4718720,690
8.567830566,4719474,754
8.570299366,4720180,706
8.570299366,4720918,738
8.572768166,4721640,722
8.572768166,4722362,722
8.575332966,4723100,738
8.575332966,4723806,706
8.577801766,4724560,754
8.577801766,4725250,690
8.580270966,4726020,770
8.580270966,4726694,674
8.582747366,4727480,786
8.582747366,4728138,658
8.585216166,4728940,802
8.585216166,4729582,642
8.587684966,4730400,818
8.587684966,4731026,626
8.590153766,4731860,834
8.590153766,4732470,610
8.592622566,4733320,850
8.592622566,4733914,594
8.595091366,4734780,866
8.595091366,4735358,578
8.597656166,4736240,882
8.597656166,4736802,562
8.600124966,4737700,898
8.600124966,4738246,546
8.602593766,4739160,914
8.602593766,4739690,530
8.605062966,4740620,930
8.605062966,4741134,514
8.607539366,4742080,946
8.607539366,4742578,498
8.610104166,4743540,962
8.610104166,4744022,482
8.612572966,4745000,978
8.612572966,4745466,466
8.615041766,4746460,994
8.615041766,4746910,450
8.617510566,4747920,1010
8.617510566,4748354,434
8.619979366,4749380,1026
8.619979366,4749798,418
8.622544166,4750840,1042
8.622544166,4751242,402
8.625012966,4752300,1058
8.625012966,4752686,386
8.627482166,4753760,1074
8.627482166,4754130,370
8.629958566,4755220,1090
8.629958566,4755574,354
8.632427366,4756680,1106
8.632427366,4757018,338
8.634896166,4758140,1122
8.634896166,4758462,322
8.637364966,4759600,1138
8.637364966,4759906,306
8.639833766,4761060,1154
8.639833766,4761350,290
8.642398566,4762520,1170
8.642398566,4762794,274
8.644867366,4763980,1186
8.644867366,4764238,258
8.647336166,4765440,1202
8.647336166,4765682,242
8.649804966,4766900,1218
8.649804966,4767126,226
8.655227606,4768360,1234
8.655227606,4768570,210
8.657846566,4769820,1250
8.657846566,4770014,194
8.660315366,4771280,1266
8.660315366,4771458,178
8.662784166,4772740,1282
8.662784166,4772902,162
8.665252966,4774200,1298
8.665252966,4774346,146
8.667721766,4775660,1314
8.667721766,4775790,130
8.670190566,4777120,1330
8.670190566,4777234,114
8.672659366,4778580,1346
8.672659366,4778678,98
8.675128166,4780040,1362
8.675128166,4780122,82
8.677693366,4781500,1378
8.677693366,4781566,66
8.680169686,4782960,1394
8.680169686,4783010,50
8.682636886,4784420,1410
8.682636886,4784454,34
8.685104086,4785880,1426
8.685104086,4785898,18
8.687571286,4787340,1442
8.687571286,4787342,2
8.690134566,4788794,1452
8.692603366,4788800,6
8.692603366,4790239,1439
8.695072166,4790260,21
8.695072166,4791684,1424
8.697540966,4791720,36
8.697540966,4793129,1409
8.700009766,4793180,51
8.700009766,4794574,1394
8.702478966,4794640,66
8.702478966,4796018,1378
8.704955366,4796100,82
8.704955366,4797462,1362
8.707424166,4797560,98
8.707424166,4798906,1346
8.709988966,4799020,114
8.709988966,4800350,1330
8.712457766,4800480,130
8.712457766,4801794,1314
8.714926566,4801940,146
8.714926566,4803238,1298
8.717395366,4803400,162
8.717395366,4804682,1282
8.719864166,4804860,178
8.719864166,4806126,1266
8.722428966,4806320,194
8.722428966,4807570,1250
8.724898166,4807780,210
8.724898166,4809014,1234
8.727374566,4809240,226
8.727374566,4810458,1218
8.729843366,4810700,242
8.729843366,4811902,1202
8.732312166,4812160,258
8.732312166,4813346,1186
8.734876966,4813620,274
8.734876966,4814790,1170
8.737345766,4815080,290
8.737345766,4816234,1154
8.739814566,4816540,306
8.739814566,4817678,1138
8.742283366,4818000,322
8.742283366,4819122,1122
8.744752166,4819460,338
8.744752166,4820566,1106
8.747220966,4820920,354
8.747220966,4822010,1090
8.749690166,4822380,370
8.749690166,4823454,1074
8.752166566,4823840,386
8.752166566,4824898,1058
8.754728086,4825300,402
8.754728086,4826342,1042
8.756200166,4826760,418
8.756200166,4827786,1026
8.758668966,4828220,434
8.758668966,4829230,1010
8.761137766,4829680,450
8.761137766,4830674,994
8.763606566,4831140,466
8.763606566,4832118,978
8.766171366,4832600,482
8.766171366,4833562,962
8.768640166,4834060,498
8.768640166,4835006,946
8.771109366,4835520,514
8.771109366,4836450,930
8.773585766,4836980,530
8.773585766,4837894,914
8.776054566,4838440,546
8.776054566,4839338,898
8.778523366,4839900,562
8.778523366,4840782,882
8.780992166,4841360,578
8.780992166,4842226,866
8.783460966,4842820,594
8.783460966,4843670,850
8.786025766,4844280,610
8.786025766,4845114,834
8.788494566,4845740,626
8.788494566,4846558,818
8.790963366,4847200,642
8.790963366,4848002,802
8.793432166,4848660,658
8.793432166,4849446,786
8.795901366,4850120,674
8.795901366,4850890,770
8.798377766,4851580,690
8.798377766,4852334,754
8.800942566,4853040,706
8.800942566,4853778,738
8.803411366,4854500,722
8.803411366,4855222,722
8.805880166,4855960,738
8.805880166,4856666,706
8.808348966,4857420,754
8.808348966,4858110,690
8.810817766,4858880,770
8.810817766,4859554,674
8.813286566,4860340,786
8.813286566,4860998,658
8.815755366,4861800,802
8.815755366,4862442,642
8.818320566,4863260,818
8.818320566,4863886,626
8.820796966,4864720,834
8.820796966,4865330,610
8.823265766,4866180,850
8.823265766,4866774,594
8.825734566,4867640,866
8.825734566,4868218,578
8.828203366,4869100,882
8.828203366,4869662,562
8.830768166,4870560,898
8.830768166,4871106,546
8.833236966,4872020,914
8.833236966,4872550,530
8.835705766,4873480,930
8.835705766,4873994,514
8.838174566,4874940,946
8.838174566,4875438,498
8.840643366,4876400,962
8.840643366,4876882,482
8.843112566,4877860,978
8.843112566,4878326,466
8.845684966,4879320,994
8.845684966,4879770,450
8.848153766,4880780,1010
8.848153766,4881214,434
8.850622566,4882240,1026
8.850622566,4882658,418
8.853088086,4883700,1042
8.853088086,4884102,402
8.854560166,4885160,1058
8.854560166,4885546,386
8.857028966,4886620,1074
8.857028966,4886990,370
8.859497766,4888080,1090
8.859497766,4888434,354
8.862062566,4889540,1106
8.862062566,4889878,338
8.864531766,4891000,1122
8.864531766,4891322,322
8.867008166,4892460,1138
8.867008166,4892766,306
8.869476966,4893920,1154
8.869476966,4894210,290
8.871945766,4895380,1170
8.871945766,4895654,274
8.874414566,4896840,1186
8.874414566,4897098,258
8.876979366,4898300,1202
8.876979366,4898542,242
8.879448166,4899760,1218
8.879448166,4899986,226
8.881916966,4901220,1234
8.881916966,4901430,210
8.884385766,4902680,1250
8.884385766,4902874,194
8.886854566,4904140,1266
8.886854566,4904318,178
8.889323766,4905600,1282
8.889323766,4905762,162
8.891800166,4907060,1298
8.891800166,4907206,146
8.894364966,4908520,1314
8.894364966,4908650,130
8.896833766,4909980,1330
8.896833766,4910094,114
8.899302566,4911440,1346
8.899302566,4911538,98
8.901771366,4912900,1362
8.901771366,4912982,82
8.904240166,4914360,1378
8.904240166,4914426,66
8.906708886,4915820,1394
8.906708886,4915870,50
8.909272086,4917280,1410
8.909272086,4917314,34
8.911739686,4918740,1426
8.911739686,4918758,18
8.914214486,4920200,1442
8.914214486,4920202,2
8.916681766,4921654,1452
8.919150566,4921660,6
8.919150566,4923099,1439
8.921619366,4923120,21
8.921619366,4924544,1424
8.924088166,4924580,36
8.924088166,4925989,1409
8.926652966,4926040,51
8.926652966,4927434,1394
8.929121766,4927500,66
8.929121766,4928878,1378
8.931590566,4928960,82
8.931590566,4930322,1362
8.934059366,4930420,98
8.934059366,4931766,1346
8.936528566,4931880,114
8.936528566,4933210,1330
8.939100966,4933340,130
8.939100966,4934654,1314
8.941569766,4934800,146
8.941569766,4936098,1298
8.944038566,4936260,162
8.944038566,4937542,1282
8.946507366,4937720,178
8.946507366,4938986,1266
8.948976166,4939180,194
8.948976166,4940430,1250
8.954390406,4940640,210
8.954390406,4941874,1234
8.957009766,4942100,226
8.957009766,4943318,1218
8.959478566,4943560,242
8.959478566,4944762,1202
8.961947766,4945020,258
8.961947766,4946206,1186
8.964424166,4946480,274
8.964424166,4947650,1170
8.966892966,4947940,290
8.966892966,4949094,1154
8.969361766,4949400,306
8.969361766,4950538,1138
8.971830566,4950860,322
8.971830566,4951982,1122
8.974395366,4952320,338
8.974395366,4953426,1106
8.976864166,4953780,354
8.976864166,4954870,1090
8.979332966,4955240,370
8.979332966,4956314,1074
8.981801766,4956700,386
8.981801766,4957758,1058
8.984270566,4958160,402
8.984270566,4959202,1042
8.986739766,4959620,418
8.986739766,4960646,1026
8.989312166,4961080,434
8.989312166,4962090,1010
8.991780966,4962540,450
8.991780966,4963534,994
8.994249766,4964000,466
8.994249766,4964978,978
8.996718566,4965460,482
8.996718566,4966422,962
8.999187366,4966920,498
8.999187366,4967866,946
9.001656166,4968380,514
9.001656166,4969310,930
9.004124966,4969840,530
9.004124966,4970754,914
9.006689766,4971300,546
9.006689766,4972198,898
9.009158966,4972760,562
9.009158966,4973642,882
9.011635366,4974220,578
9.011635366,4975086,866
9.014104166,4975680,594
9.014104166,4976530,850
9.016572966,4977140,610
9.016572966,4977974,834
9.019041766,4978600,626
9.019041766,4979418,818
9.021606566,4980060,642
9.021606566,4980862,802
9.024075366,4981520,658
9.024075366,4982306,786
9.026544166,4982980,674
9.026544166,4983750,770
9.029012966,4984440,690
9.029012966,4985194,754
9.031481766,4985900,706
9.031481766,4986638,738
9.034054566,4987360,722
9.034054566,4988082,722
9.036523366,4988820,738
9.036523366,4989526,706
9.038992166,4990280,754
9.038992166,4990970,690
9.041460966,4991740,770
9.041460966,4992414,674
9.043929766,4993200,786
9.043929766,4993858,658
9.046398566,4994660,802
9.046398566,4995302,642
9.048867366,4996120,818
9.048867366,4996746,626
9.051432166,4997580,834
9.051432166,4998190,610
9.053900966,4999040,850
9.053900966,4999634,594
9.056366486,5000500,866
9.056366486,5001078,578
9.057846566,5001960,882
9.057846566,5002522,562
9.060315366,5003420,898
9.060315366,5003966,546
9.062784166,5004880,914
9.062784166,5005410,530
9.065348966,5006340,930
9.065348966,5006854,514
9.067817766,5007800,946
9.067817766,5008298,498
9.070286566,5009260,962
9.070286566,5009742,482
9.072755366,5010720,978
9.072755366,5011186,466
9.075224166,5012180,994
9.075224166,5012630,450
9.077692966,5013640,1010
9.077692966,5014074,434
9.080162166,5015100,1026
9.080162166,5015518,418
9.082734566,5016560,1042
9.082734566,5016962,402
9.085203366,5018020,1058
9.085203366,5018406,386
9.087672166,5019480,1074
9.087672166,5019850,370
9.090140966,5020940,1090
9.090140966,5021294,354
9.092609766,5022400,1106
9.092609766,5022738,338
9.095078566,5023860,1122
9.095078566,5024182,322
9.097643366,5025320,1138
9.097643366,5025626,306
9.100112166,5026780,1154
9.100112166,5027070,290
9.102581366,5028240,1170
9.102581366,5028514,274
9.105057766,5029700,1186
9.105057766,5029958,258
9.107526566,5031160,1202
9.107526566,5031402,242
9.109995366,5032620,1218
9.109995366,5032846,226
9.112464166,5034080,1234
9.112464166,5034290,210
9.115028966,5035540,1250
9.115028966,5035734,194
9.117497766,5037000,1266
9.117497766,5037178,178
9.119966566,5038460,1282
9.119966566,5038622,162
9.122435366,5039920,1298
9.122435366,5040066,146
9.124904166,5041380,1314
9.124904166,5041510,130
9.127373366,5042840,1330
9.127373366,5042954,114
9.129945766,5044300,1346
9.129945766,5044398,98
9.132414566,5045760,1362
9.132414566,5045842,82
9.134883366,5047220,1378
9.134883366,5047286,66
9.137352086,5048680,1394
9.137352086,5048730,50
9.139819286,5050140,1410
9.139819286,5050174,34
9.142286486,5051600,1426
9.142286486,5051618,18
9.144849686,5053060,1442
9.144849686,5053062,2
9.147316966,5054514,1452
9.149786166,5054520,6
9.149786166,5055959,1439
9.152262566,5055980,21
9.152262566,5057404,1424
9.154728086,5057440,36
9.154728086,5058849,1409
9.155200166,5058900,51
9.155200166,5060294,1394
9.157668966,5060360,66
9.157668966,5061738,1378
9.160233766,5061820,82
9.160233766,5063182,1362
9.162702566,5063280,98
9.162702566,5064626,1346
9.165171366,5064740,114
9.165171366,5066070,1330
9.167640166,5066200,130
9.167640166,5067514,1314
9.170108966,5067660,146
9.170108966,5068958,1298
9.172578166,5069120,162
9.172578166,5070402,1282
9.175150566,5070580,178
9.175150566,5071846,1266
9.177619366,5072040,194
9.177619366,5073290,1250
9.180088166,5073500,210
9.180088166,5074734,1234
9.182556966,5074960,226
9.182556966,5076178,1218
9.185025766,5076420,242
9.185025766,5077622,1202
9.187494566,5077880,258
9.187494566,5079066,1186
9.189963366,5079340,274
9.189963366,5080510,1170
9.192528166,5080800,290
9.192528166,5081954,1154
9.194997366,5082260,306
9.194997366,5083398,1138
9.197473766,5083720,322
9.197473766,5084842,1122
9.199942566,5085180,338
9.199942566,5086286,1106
9.202411366,5086640,354
9.202411366,5087730,1090
9.204880166,5088100,370
9.204880166,5089174,1074
9.207444966,5089560,386
9.207444966,5090618,1058
9.209913766,5091020,402
9.209913766,5092062,1042
9.212382566,5092480,418
9.212382566,5093506,1026
9.214851366,5093940,434
9.214851366,5094950,1010
9.217320166,5095400,450
9.217320166,5096394,994
9.219789366,5096860,466
9.219789366,5097838,978
9.222265766,5098320,482
9.222265766,5099282,962
9.224830566,5099780,498
9.224830566,5100726,946
9.227299366,5101240,514
9.227299366,5102170,930
9.229768166,5102700,530
9.229768166,5103614,914
9.232236966,5104160,546
9.232236966,5105058,898
9.234705766,5105620,562
9.234705766,5106502,882
9.237270566,5107080,578
9.237270566,5107946,866
9.239739366,5108540,594
9.239739366,5109390,850
9.242208566,5110000,610
9.242208566,5110834,834
9.244684966,5111460,626
9.244684966,5112278,818
9.247153766,5112920,642
9.247153766,5113722,802
9.249622566,5114380,658
9.249622566,5115166,786
9.252187366,5115840,674
9.252187366,5116610,770
9.254656166,5117300,690
9.254656166,5118054,754
9.257124966,5118760,706
9.257124966,5119498,738
9.259593766,5120220,722
9.259593766,5120942,722
9.262062566,5121680,738
9.262062566,5122386,706
9.264531366,5123140,754
9.264531366,5123830,690
9.267000566,5124600,770
9.267000566,5125274,674
9.269572966,5126060,786
9.269572966,5126718,658
9.272041766,5127520,802
9.272041766,5128162,642
9.274510566,5128980,818
9.274510566,5129606,626
9.276979366,5130440,834
9.276979366,5131050,610
9.279448166,5131900,850
9.279448166,5132494,594
9.281916966,5133360,866
9.281916966,5133938,578
9.284481766,5134820,882
9.284481766,5135382,562
9.286950566,5136280,898
9.286950566,5136826,546
9.289419766,5137740,914
9.289419766,5138270,530
9.291896166,5139200,930
9.291896166,5139714,514
9.294364966,5140660,946
9.294364966,5141158,498
9.296833766,5142120,962
9.296833766,5142602,482
9.299302566,5143580,978
9.299302566,5144046,466
9.301867366,5145040,994
9.301867366,5145490,450
9.304336166,5146500,1010
9.304336166,5146934,434
9.306804966,5147960,1026
9.306804966,5148378,418
9.309273766,5149420,1042
9.309273766,5149822,402
9.311742566,5150880,1058
9.311742566,5151266,386
9.314211766,5152340,1074
9.314211766,5152710,370
9.316784166,5153800,1090
9.316784166,5154154,354
9.319252966,5155260,1106
9.319252966,5155598,338
9.321721766,5156720,1122
9.321721766,5157042,322
9.324190566,5158180,1138
9.324190566,5158486,306
9.326659366,5159640,1154
9.326659366,5159930,290
9.329128166,5161100,1170
9.329128166,5161374,274
9.331596966,5162560,1186
9.331596966,5162818,258
9.334161766,5164020,1202
9.334161766,5164262,242
9.336630966,5165480,1218
9.336630966,5165706,226
9.339107366,5166940,1234
9.339107366,5167150,210
9.341576166,5168400,1250
9.341576166,5168594,194
9.344044966,5169860,1266
9.344044966,5170038,178
9.346609766,5171320,1282
9.346609766,5171482,162
9.349078566,5172780,1298
9.349078566,5172926,146
9.351547366,5174240,1314
9.351547366,5174370,130
9.354016166,5175700,1330
9.354016166,5175814,114
9.356484966,5177160,1346
9.356484966,5177258,98
9.358953766,5178620,1362
9.358953766,5178702,82
9.361526566,5180080,1378
9.361526566,5180146,66
9.363995286,5181540,1394
9.363995286,5181590,50
9.366462486,5183000,1410
9.366462486,5183034,34
9.368929686,5184460,1426
9.368929686,5184478,18
9.371396886,5185920,1442
9.371396886,5185922,2
9.373864166,5187374,1452
9.376332966,5187380,6
9.376332966,5188819,1439
9.378897766,5188840,21
9.378897766,5190264,1424
9.381366566,5190300,36
9.381366566,5191709,1409
9.383835766,5191760,51
9.383835766,5193154,1394
9.386312166,5193220,66
9.386312166,5194598,1378
9.388780966,5194680,82
9.388780966,5196042,1362
9.391249766,5196140,98
9.391249766,5197486,1346
9.393814566,5197600,114
9.393814566,5198930,1330
9.396283366,5199060,130
9.396283366,5200374,1314
9.398752166,5200520,146
9.398752166,5201818,1298
9.401220966,5201980,162
9.401220966,5203262,1282
9.403689766,5203440,178
9.403689766,5204706,1266
9.406158566,5204900,194
9.406158566,5206150,1250
9.408627766,5206360,210
9.408627766,5207594,1234
9.411200166,5207820,226
9.411200166,5209038,1218
9.413668966,5209280,242
9.413668966,5210482,1202
9.416137766,5210740,258
9.416137766,5211926,1186
9.418606566,5212200,274
9.418606566,5213370,1170
9.421075366,5213660,290
9.421075366,5214814,1154
9.423544166,5215120,306
9.423544166,5216258,1138
9.426108966,5216580,322
9.426108966,5217702,1122
9.428577766,5218040,338
9.428577766,5219146,1106
9.431046966,5219500,354
9.431046966,5220590,1090
9.433523366,5220960,370
9.433523366,5222034,1074
9.435992166,5222420,386
9.435992166,5223478,1058
9.438460966,5223880,402
9.438460966,5224922,1042
9.440929766,5225340,418
9.440929766,5226366,1026
9.443494566,5226800,434
9.443494566,5227810,1010
9.445963366,5228260,450
9.445963366,5229254,994
9.448432166,5229720,466
9.448432166,5230698,978
9.450900966,5231180,482
9.450900966,5232142,962
9.455315206,5232640,498
9.455315206,5233586,946
9.457942566,5234100,514
9.457942566,5235030,930
9.460411366,5235560,530
9.460411366,5236474,914
9.462880166,5237020,546
9.462880166,5237918,898
9.465348966,5238480,562
9.465348966,5239362,882
9.467817766,5239940,578
9.467817766,5240806,866
9.470286566,5241400,594
9.470286566,5242250,850
9.471510806,5242860,610
9.471510806,5242880,20
