1.05322	0	0	0	0	
1.15657	0	1200	1200	0	
1.15859	0	2400	2400	0	
1.16102	1	0	0	0	
1.16347	1	1456	1456	0	
1.16347	1	1460	1460	0	
1.16709	1	2905	2905	0	
1.16709	1	2920	2920	0	
1.17709	1	4354	4354	0	
1.17709	1	4380	4380	0	
1.26984	1	5803	5803	0	
1.26984	1	5840	5840	0	
1.2723	1	7252	7252	0	
1.2723	1	7300	7300	0	
1.27477	1	8701	8701	0	
1.27477	1	8760	8760	0	
1.27723	1	10150	10150	0	
1.27723	1	10220	10220	0	
1.27969	1	11598	11598	0	
1.27969	1	11680	11680	0	
1.28216	1	13046	13046	0	
1.28216	1	13140	13140	0	
1.28984	1	14494	14494	0	
1.28984	1	14600	14600	0	
1.2923	1	15942	15942	0	
1.2923	1	16060	16060	0	
1.38151	1	17390	17390	0	
1.38151	1	17520	17520	0	
1.38398	1	18834	18834	0	
1.38398	1	18980	18980	0	
1.38645	1	20278	20278	0	
1.38645	1	20440	20440	0	
1.38891	1	21722	21722	0	
1.38891	1	21900	21900	0	
1.39138	1	23166	23166	0	
1.39138	1	23360	23360	0	
1.39385	1	24610	24610	0	
1.39385	1	24820	24820	0	
1.39632	1	26054	26054	0	
1.39632	1	26280	26280	0	
1.39878	1	27498	27498	0	
1.39878	1	27740	27740	0	
1.40124	1	28942	28942	0	
1.40124	1	29200	29200	0	
1.40371	1	30386	30386	0	
1.40371	1	30660	30660	0	
1.40618	1	31830	31830	0	
1.40618	1	32120	32120	0	
1.40864	1	33274	33274	0	
1.40864	1	33580	33580	0	
1.4112	1	34718	34718	0	
1.4112	1	35040	35040	0	
1.41366	1	36162	36162	0	
1.41366	1	36500	36500	0	
1.41613	1	37606	37606	0	
1.41613	1	37960	37960	0	
1.41859	1	39050	39050	0	
1.41859	1	39420	39420	0	
1.4932	1	40494	40494	0	
1.4932	1	40880	40880	0	
1.49567	1	41938	41938	0	
1.49567	1	42340	42340	0	
1.49815	1	43382	43382	0	
1.49815	1	43800	43800	0	
1.50061	1	44826	44826	0	
1.50061	1	45260	45260	0	
1.50308	1	46270	46270	0	
1.50308	1	46720	46720	0	
1.50555	1	47714	47714	0	
1.50555	1	48180	48180	0	
1.50801	1	49158	49158	0	
1.50801	1	49640	49640	0	
1.51048	1	50602	50602	0	
1.51048	1	51100	51100	0	
1.51294	1	52046	52046	0	
1.51294	1	52560	52560	0	
1.51541	1	53490	53490	0	
1.51541	1	54020	54020	0	
1.51787	1	54934	54934	0	
1.51787	1	55480	55480	0	
1.52033	1	56378	56378	0	
1.52033	1	56940	56940	0	
1.5228	1	57822	57822	0	
1.5228	1	58400	58400	0	
1.52527	1	59266	59266	0	
1.52527	1	59860	59860	0	
1.52773	1	60710	60710	0	
1.52773	1	61320	61320	0	
1.5302	1	62154	62154	0	
1.5302	1	62780	62780	0	
1.53266	1	63598	63598	0	
1.53266	1	64240	64240	0	
1.53513	1	65042	65042	0	
1.53513	1	65700	65700	0	
1.53768	1	66486	66486	0	
1.53768	1	67160	67160	0	
1.54015	1	67930	67930	0	
1.54015	1	68620	68620	0	
1.54261	1	69374	69374	0	
1.54261	1	70080	70080	0	
1.54507	1	70818	70818	0	
1.54507	1	71540	71540	0	
1.54754	1	72262	72262	0	
1.54754	1	73000	73000	0	
1.55001	1	73706	73706	0	
1.55001	1	74460	74460	0	
1.55441	1	75150	75150	0	
1.55441	1	75920	75920	0	
1.55694	1	76594	76594	0	
1.55694	1	77380	77380	0	
1.5594	1	78038	78038	0	
1.5594	1	78840	78840	0	
1.56187	1	79482	79482	0	
1.56187	1	80300	80300	0	
1.56442	1	80926	80926	0	
1.56442	1	81760	81760	0	
1.56688	1	82370	82370	0	
1.56688	1	83220	83220	0	
1.56935	1	83814	83814	0	
1.56935	1	84680	84680	0	
1.57181	1	85258	85258	0	
1.57181	1	86140	86140	0	
1.60289	1	86702	86702	0	
1.60289	1	87600	87600	0	
1.60536	1	88146	88146	0	
1.60536	1	89060	89060	0	
1.60782	1	89590	89590	0	
1.60782	1	90520	90520	0	
1.61028	1	91034	91034	0	
1.61028	1	91980	91980	0	
1.61275	1	92478	92478	0	
1.61275	1	93440	93440	0	
1.61521	1	93922	93922	0	
1.61521	1	94900	94900	0	
1.61777	1	95366	95366	0	
1.61777	1	96360	96360	0	
1.62023	1	96810	96810	0	
1.62023	1	97820	97820	0	
1.6227	1	98254	98254	0	
1.6227	1	99280	99280	0	
1.62516	1	99698	99698	0	
1.62516	1	100740	100740	0	
1.62763	1	101142	101142	0	
1.62763	1	102200	102200	0	
1.6301	1	102586	102586	0	
1.6301	1	103660	103660	0	
1.63256	1	104030	104030	0	
1.63256	1	105120	105120	0	
1.63502	1	105474	105474	0	
1.63502	1	106580	106580	0	
1.63749	1	106918	106918	0	
1.63749	1	108040	108040	0	
1.63995	1	108362	108362	0	
1.63995	1	109500	109500	0	
1.64242	1	109806	109806	0	
1.64242	1	110960	110960	0	
1.64488	1	111250	111250	0	
1.64488	1	112420	112420	0	
1.64744	1	112694	112694	0	
1.64744	1	113880	113880	0	
1.6499	1	114138	114138	0	
1.6499	1	115340	115340	0	
1.65237	1	115582	115582	0	
1.65237	1	116800	116800	0	
1.65384	1	117026	117026	0	
1.65384	1	118260	118260	0	
1.6563	1	118470	118470	0	
1.6563	1	119720	119720	0	
1.65876	1	119914	119914	0	
1.65876	1	121180	121180	0	
1.66123	1	121358	121358	0	
1.66123	1	122640	122640	0	
1.66369	1	122802	122802	0	
1.66369	1	124100	124100	0	
1.66616	1	124246	124246	0	
1.66616	1	125560	125560	0	
1.66862	1	125690	125690	0	
1.66862	1	127020	127020	0	
1.67108	1	127134	127134	0	
1.67108	1	128480	128480	0	
1.67355	1	128578	128578	0	
1.67355	1	129940	129940	0	
1.67611	1	130022	130022	0	
1.67611	1	131400	131400	0	
1.67857	1	131466	131466	0	
1.67857	1	132860	132860	0	
1.68104	1	132910	132910	0	
1.68104	1	134320	134320	0	
1.6835	1	134354	134354	0	
1.6835	1	135780	135780	0	
1.68596	1	135798	135798	0	
1.68596	1	137240	137240	0	
1.68842	1	137242	137242	0	
1.69089	1	138694	138694	0	
1.69089	1	138700	138700	0	
1.69335	1	140139	140139	0	
1.69335	1	140160	140160	0	
1.69582	1	141584	141584	0	
1.69582	1	141620	141620	0	
1.69828	1	143029	143029	0	
1.69828	1	143080	143080	0	
1.70074	1	144474	144474	0	
1.70074	1	144540	144540	0	
1.70322	1	145918	145918	0	
1.70322	1	146000	146000	0	
1.70568	1	147362	147362	0	
1.70568	1	147460	147460	0	
1.70814	1	148806	148806	0	
1.70814	1	148920	148920	0	
1.71061	1	150250	150250	0	
1.71061	1	150380	150380	0	
1.71307	1	151694	151694	0	
1.71307	1	151840	151840	0	
1.71563	1	153138	153138	0	
1.71563	1	153300	153300	0	
1.71809	1	154582	154582	0	
1.71809	1	154760	154760	0	
1.72056	1	156026	156026	0	
1.72056	1	156220	156220	0	
1.72302	1	157470	157470	0	
1.72302	1	157680	157680	0	
1.72548	1	158914	158914	0	
1.72548	1	159140	159140	0	
1.72796	1	160358	160358	0	
1.72796	1	160600	160600	0	
1.73042	1	161802	161802	0	
1.73042	1	162060	162060	0	
1.73288	1	163246	163246	0	
1.73288	1	163520	163520	0	
1.73535	1	164690	164690	0	
1.73535	1	164980	164980	0	
1.73781	1	166134	166134	0	
1.73781	1	166440	166440	0	
1.74037	1	167578	167578	0	
1.74037	1	167900	167900	0	
1.74283	1	169022	169022	0	
1.74283	1	169360	169360	0	
1.74529	1	170466	170466	0	
1.74529	1	170820	170820	0	
1.74776	1	171910	171910	0	
1.74776	1	172280	172280	0	
1.75022	1	173354	173354	0	
1.75022	1	173740	173740	0	
1.75269	1	174798	174798	0	
1.75269	1	175200	175200	0	
1.75516	1	176242	176242	0	
1.75516	1	176660	176660	0	
1.75762	1	177686	177686	0	
1.75762	1	178120	178120	0	
1.76018	1	179130	179130	0	
1.76018	1	179580	179580	0	
1.76264	1	180574	180574	0	
1.76264	1	181040	181040	0	
1.76511	1	182018	182018	0	
1.76511	1	182500	182500	0	
1.76757	1	183462	183462	0	
1.76757	1	183960	183960	0	
1.77003	1	184906	184906	0	
1.77003	1	185420	185420	0	
1.7725	1	186350	186350	0	
1.7725	1	186880	186880	0	
1.77506	1	187794	187794	0	
1.77506	1	188340	188340	0	
1.77752	1	189238	189238	0	
1.77752	1	189800	189800	0	
1.77999	1	190682	190682	0	
1.77999	1	191260	191260	0	
1.78245	1	192126	192126	0	
1.78245	1	192720	192720	0	
1.78492	1	193570	193570	0	
1.78492	1	194180	194180	0	
1.78738	1	195014	195014	0	
1.78738	1	195640	195640	0	
1.78984	1	196458	196458	0	
1.78984	1	197100	197100	0	
1.79231	1	197902	197902	0	
1.79231	1	198560	198560	0	
1.79477	1	199346	199346	0	
1.79477	1	200020	200020	0	
1.79724	1	200790	200790	0	
1.79724	1	201480	201480	0	
1.7997	1	202234	202234	0	
1.7997	1	202940	202940	0	
1.80217	1	203678	203678	0	
1.80217	1	204400	204400	0	
1.80464	1	205122	205122	0	
1.80464	1	205860	205860	0	
1.8071	1	206566	206566	0	
1.8071	1	207320	207320	0	
1.80956	1	208010	208010	0	
1.80956	1	208780	208780	0	
1.81203	1	209454	209454	0	
1.81203	1	210240	210240	0	
1.81458	1	210898	210898	0	
1.81458	1	211700	211700	0	
1.81705	1	212342	212342	0	
1.81705	1	213160	213160	0	
1.81951	1	213786	213786	0	
1.81951	1	214620	214620	0	
1.82198	1	215230	215230	0	
1.82198	1	216080	216080	0	
1.82444	1	216674	216674	0	
1.82444	1	217540	217540	0	
1.82691	1	218118	218118	0	
1.82691	1	219000	219000	0	
1.82938	1	219562	219562	0	
1.82938	1	220460	220460	0	
1.83184	1	221006	221006	0	
1.83184	1	221920	221920	0	
1.8343	1	222450	222450	0	
1.8343	1	223380	223380	0	
1.83677	1	223894	223894	0	
1.83677	1	224840	224840	0	
1.83923	1	225338	225338	0	
1.83923	1	226300	226300	0	
1.8417	1	226782	226782	0	
1.8417	1	227760	227760	0	
1.84425	1	228226	228226	0	
1.84425	1	229220	229220	0	
1.84672	1	229670	229670	0	
1.84672	1	230680	230680	0	
1.84918	1	231114	231114	0	
1.84918	1	232140	232140	0	
1.85259	1	232558	232558	0	
1.85259	1	233600	233600	0	
1.85512	1	234002	234002	0	
1.85512	1	235060	235060	0	
1.85758	1	235446	235446	0	
1.85758	1	236520	236520	0	
1.86004	1	236890	236890	0	
1.86004	1	237980	237980	0	
1.86251	1	238334	238334	0	
1.86251	1	239440	239440	0	
1.86497	1	239778	239778	0	
1.86497	1	240900	240900	0	
1.86744	1	241222	241222	0	
1.86744	1	242360	242360	0	
1.8699	1	242666	242666	0	
1.8699	1	243820	243820	0	
1.87236	1	244110	244110	0	
1.87236	1	245280	245280	0	
1.87483	1	245554	245554	0	
1.87483	1	246740	246740	0	
1.87729	1	246998	246998	0	
1.87729	1	248200	248200	0	
1.87976	1	248442	248442	0	
1.87976	1	249660	249660	0	
1.88223	1	249886	249886	0	
1.88223	1	251120	251120	0	
1.88478	1	251330	251330	0	
1.88478	1	252580	252580	0	
1.88725	1	252774	252774	0	
1.88725	1	254040	254040	0	
1.88971	1	254218	254218	0	
1.88971	1	255500	255500	0	
1.89217	1	255662	255662	0	
1.89217	1	256960	256960	0	
1.89476	1	257106	257106	0	
1.89476	1	258420	258420	0	
1.89716	1	258550	258550	0	
1.89716	1	259880	259880	0	
1.89981	1	259994	259994	0	
1.89981	1	261340	261340	0	
1.90222	1	261438	261438	0	
1.90222	1	262800	262800	0	
1.90609	1	262882	262882	0	
1.90609	1	264260	264260	0	
1.91053	1	264326	264326	0	
1.91053	1	265720	265720	0	
1.91466	1	265770	265770	0	
1.91466	1	267180	267180	0	
1.91746	1	267214	267214	0	
1.91746	1	268640	268640	0	
1.91986	1	268658	268658	0	
1.91986	1	270100	270100	0	
1.92266	1	270102	270102	0	
1.92547	1	271554	271554	0	
1.92547	1	271560	271560	0	
1.92787	1	272999	272999	0	
1.92787	1	273020	273020	0	
1.93027	1	274444	274444	0	
1.93027	1	274480	274480	0	
1.93268	1	275889	275889	0	
1.93268	1	275940	275940	0	
1.93508	1	277334	277334	0	
1.93508	1	277400	277400	0	
1.93748	1	278778	278778	0	
1.93748	1	278860	278860	0	
1.93988	1	280222	280222	0	
1.93988	1	280320	280320	0	
1.94229	1	281666	281666	0	
1.94229	1	281780	281780	0	
1.94478	1	283110	283110	0	
1.94478	1	283240	283240	0	
1.94719	1	284554	284554	0	
1.94719	1	284700	284700	0	
1.94959	1	285998	285998	0	
1.94959	1	286160	286160	0	
1.95199	1	287442	287442	0	
1.95199	1	287620	287620	0	
1.9544	1	288886	288886	0	
1.9544	1	289080	289080	0	
1.9558	1	290330	290330	0	
1.9558	1	290540	290540	0	
1.9582	1	291774	291774	0	
1.9582	1	292000	292000	0	
1.9606	1	293218	293218	0	
1.9606	1	293460	293460	0	
1.96301	1	294662	294662	0	
1.96301	1	294920	294920	0	
1.96541	1	296106	296106	0	
1.96541	1	296380	296380	0	
1.96781	1	297550	297550	0	
1.96781	1	297840	297840	0	
1.97022	1	298994	298994	0	
1.97022	1	299300	299300	0	
1.97262	1	300438	300438	0	
1.97262	1	300760	300760	0	
1.97502	1	301882	301882	0	
1.97502	1	302220	302220	0	
1.97743	1	303326	303326	0	
1.97743	1	303680	303680	0	
1.97983	1	304770	304770	0	
1.97983	1	305140	305140	0	
1.98223	1	306214	306214	0	
1.98223	1	306600	306600	0	
1.98464	1	307658	307658	0	
1.98464	1	308060	308060	0	
1.98713	1	309102	309102	0	
1.98713	1	309520	309520	0	
1.98953	1	310546	310546	0	
1.98953	1	310980	310980	0	
1.99194	1	311990	311990	0	
1.99194	1	312440	312440	0	
1.99434	1	313434	313434	0	
1.99434	1	313900	313900	0	
1.99674	1	314878	314878	0	
1.99674	1	315360	315360	0	
1.99915	1	316322	316322	0	
1.99915	1	316820	316820	0	
2.00155	1	317766	317766	0	
2.00155	1	318280	318280	0	
2.00395	1	319210	319210	0	
2.00395	1	319740	319740	0	
2.00636	1	320654	320654	0	
2.00636	1	321200	321200	0	
2.00876	1	322098	322098	0	
2.00876	1	322660	322660	0	
2.01125	1	323542	323542	0	
2.01125	1	324120	324120	0	
2.01366	1	324986	324986	0	
2.01366	1	325580	325580	0	
2.01606	1	326430	326430	0	
2.01606	1	327040	327040	0	
2.01846	1	327874	327874	0	
2.01846	1	328500	328500	0	
2.02087	1	329318	329318	0	
2.02087	1	329960	329960	0	
2.02327	1	330762	330762	0	
2.02327	1	331420	331420	0	
2.02567	1	332206	332206	0	
2.02567	1	332880	332880	0	
2.02808	1	333650	333650	0	
2.02808	1	334340	334340	0	
2.03048	1	335094	335094	0	
2.03048	1	335800	335800	0	
2.03288	1	336538	336538	0	
2.03288	1	337260	337260	0	
2.03529	1	337982	337982	0	
2.03529	1	338720	338720	0	
2.03769	1	339426	339426	0	
2.03769	1	340180	340180	0	
2.04009	1	340870	340870	0	
2.04009	1	341640	341640	0	
2.04289	1	342314	342314	0	
2.04289	1	343100	343100	0	
2.04529	1	343758	343758	0	
2.04529	1	344560	344560	0	
2.0477	1	345202	345202	0	
2.0477	1	346020	346020	0	
2.0502	1	346646	346646	0	
2.0502	1	347480	347480	0	
2.0526	1	348090	348090	0	
2.0526	1	348940	348940	0	
2.055	1	349534	349534	0	
2.055	1	350400	350400	0	
2.0574	1	350978	350978	0	
2.0574	1	351860	351860	0	
2.05981	1	352422	352422	0	
2.05981	1	353320	353320	0	
2.06221	1	353866	353866	0	
2.06221	1	354780	354780	0	
2.06461	1	355310	355310	0	
2.06461	1	356240	356240	0	
2.06702	1	356754	356754	0	
2.06702	1	357700	357700	0	
2.06942	1	358198	358198	0	
2.06942	1	359160	359160	0	
2.07182	1	359642	359642	0	
2.07182	1	360620	360620	0	
2.07423	1	361086	361086	0	
2.07423	1	362080	362080	0	
2.07663	1	362530	362530	0	
2.07663	1	363540	363540	0	
2.07913	1	363974	363974	0	
2.07913	1	365000	365000	0	
2.08153	1	365418	365418	0	
2.08153	1	366460	366460	0	
2.08394	1	366862	366862	0	
2.08394	1	367920	367920	0	
2.08634	1	368306	368306	0	
2.08634	1	369380	369380	0	
2.08874	1	369750	369750	0	
2.08874	1	370840	370840	0	
2.09115	1	371194	371194	0	
2.09115	1	372300	372300	0	
2.09355	1	372638	372638	0	
2.09355	1	373760	373760	0	
2.09595	1	374082	374082	0	
2.09595	1	375220	375220	0	
2.09836	1	375526	375526	0	
2.09836	1	376680	376680	0	
2.10076	1	376970	376970	0	
2.10076	1	378140	378140	0	
2.10316	1	378414	378414	0	
2.10316	1	379600	379600	0	
2.10597	1	379858	379858	0	
2.10597	1	381060	381060	0	
2.10837	1	381302	381302	0	
2.10837	1	382520	382520	0	
2.11104	1	382746	382746	0	
2.11104	1	383980	383980	0	
2.11353	1	384190	384190	0	
2.11353	1	385440	385440	0	
2.11594	1	385634	385634	0	
2.11594	1	386900	386900	0	
2.11834	1	387078	387078	0	
2.11834	1	388360	388360	0	
2.12579	1	388522	391410	0	
2.12579	1	388522	392740	1330	
2.13076	1	388522	394298	1444	
2.13076	1	388522	395660	2806	
2.13568	1	388522	395742	2888	
2.13568	1	388522	397120	4266	
2.13842	1	388522	397186	4332	
2.13842	1	388522	398580	5726	
2.14083	1	388522	398630	5776	
2.14083	1	388522	400040	7186	
2.14323	1	388522	400074	7220	
2.14323	1	388522	401500	8646	
2.14573	1	388522	401518	8664	
2.14573	1	388522	402960	10106	
2.14813	1	388522	402962	10108	
2.15054	1	388522	404414	11560	
2.15054	1	388522	404420	11566	
2.15294	1	388522	405859	13005	
2.15294	1	388522	405880	13026	
2.15834	1	388522	407304	14450	
2.15834	1	388522	407340	14486	
2.16075	1	388522	408749	15895	
2.16075	1	388522	408800	15946	
2.16315	1	388522	410194	17340	
2.16315	1	388522	410260	17406	
2.16555	1	388522	411638	18784	
2.16555	1	388522	411720	18866	
2.16796	1	388522	413082	20228	
2.16796	1	388522	413180	20326	
2.17036	1	388522	414526	21672	
2.17036	1	388522	414640	21786	
2.17276	1	388522	415970	23116	
2.17276	1	388522	416100	23246	
2.17516	1	388522	417414	24560	
2.17516	1	388522	417560	24706	
2.17786	1	388522	418858	26004	
2.17786	1	388522	419020	26166	
2.18032	1	388522	420302	27448	
2.18032	1	388522	420480	27626	
2.18279	1	388522	421746	28892	
2.18279	1	388522	421940	29086	
2.18526	1	388522	423190	30336	
2.18526	1	388522	423400	30546	
2.18766	1	388522	424634	31780	
2.18766	1	388522	424860	32006	
2.19007	1	388522	426078	33224	
2.19007	1	388522	426320	33466	
2.19247	1	388522	427522	34668	
2.19247	1	388522	427780	34926	
2.19487	1	388522	428966	36112	
2.19487	1	388522	429240	36386	
2.19728	1	388522	430410	37556	
2.19728	1	388522	430700	37846	
2.19968	1	388522	431854	39000	
2.19968	1	388522	432160	39306	
2.20208	1	388522	433298	40444	
2.20208	1	388522	433620	40766	
2.20449	1	388522	434742	41888	
2.20449	1	388522	435080	42226	
2.20689	1	388522	436186	43332	
2.20689	1	388522	436540	43686	
2.20929	1	388522	437630	44776	
2.20929	1	388522	438000	45146	
2.2117	1	388522	439074	46220	
2.2117	1	388522	439460	46606	
2.2141	1	388522	440518	47664	
2.2141	1	388522	440920	48066	
2.2166	1	388522	441962	49108	
2.2166	1	388522	442380	49526	
2.219	1	388522	443406	50552	
2.219	1	388522	443840	50986	
2.2214	1	388522	444850	51996	
2.2214	1	388522	445300	52446	
2.22381	1	388522	446294	53440	
2.22381	1	388522	446760	53906	
2.22621	1	388522	447738	54884	
2.22621	1	388522	448220	55366	
2.22861	1	388522	449182	56328	
2.22861	1	388522	449680	56826	
2.23102	1	388522	450626	57772	
2.23102	1	388522	451140	58286	
2.23342	1	388522	452070	59216	
2.23342	1	388522	452600	59746	
2.23582	1	388522	453514	60660	
2.23582	1	388522	454060	61206	
2.23823	1	388522	454958	62104	
2.23823	1	388522	455520	62666	
2.24063	1	388522	456402	63548	
2.24063	1	388522	456980	64126	
2.24303	1	388522	457846	64992	
2.24303	1	388522	458440	65586	
2.24553	1	388522	459290	66436	
2.24553	1	388522	459900	67046	
2.24794	1	388522	460734	67880	
2.24794	1	388522	461360	68506	
2.25034	1	388522	462178	69324	
2.25034	1	388522	462820	69966	
2.25274	1	388522	463622	70768	
2.25274	1	388522	464280	71426	
2.25455	1	388522	466510	72212	
2.25455	1	388522	467200	72902	
2.25515	1	388522	465066	73656	
2.25515	1	388522	465740	74330	
2.25695	1	388522	467954	75100	
2.25695	1	388522	468660	75806	
2.25936	1	388522	469398	76544	
2.25936	1	388522	470120	77266	
2.26176	1	388522	470842	77988	
2.26176	1	388522	471580	78726	
2.26416	1	388522	472286	79432	
2.26416	1	388522	473040	80186	
2.26666	1	388522	473730	80876	
2.26666	1	388522	474500	81646	
2.26906	1	388522	475174	82320	
2.26906	1	388522	475960	83106	
2.27147	1	388522	476618	83764	
2.27147	1	388522	477420	84566	
2.27387	1	388522	478062	85208	
2.27387	1	388522	478880	86026	
2.27627	1	388522	479506	86652	
2.27627	1	388522	480340	87486	
2.27868	1	388522	480950	88096	
2.27868	1	388522	481800	88946	
2.28108	1	388522	482394	89540	
2.28108	1	388522	483260	90406	
2.28348	1	388522	483838	90984	
2.28348	1	388522	484720	91866	
2.28589	1	388522	485282	92428	
2.28589	1	388522	486180	93326	
2.28829	1	388522	486726	93872	
2.28829	1	388522	487640	94786	
2.29069	1	388522	488170	95316	
2.29069	1	388522	489100	96246	
2.2931	1	388522	489614	96760	
2.2931	1	388522	490560	97706	
2.2955	1	388522	491058	98204	
2.2955	1	388522	492020	99166	
2.2979	1	388522	492502	99648	
2.2979	1	388522	493480	100626	
2.30031	1	388522	493946	101092	
2.30031	1	388522	494940	102086	
2.30271	1	388522	495390	102536	
2.30271	1	388522	496400	103546	
2.30511	1	388522	496834	103980	
2.30511	1	388522	497860	105006	
2.30752	1	388522	498278	105424	
2.30752	1	388522	499320	106466	
2.31001	1	388522	499722	106868	
2.31001	1	388522	500780	107926	
2.31242	1	388522	501166	108312	
2.31242	1	388522	502240	109386	
2.31482	1	388522	502610	109756	
2.31482	1	388522	503700	110846	
2.31722	1	388522	504054	111200	
2.31722	1	388522	505160	112306	
2.31963	1	388522	505498	112644	
2.31963	1	388522	506620	113766	
2.3221	1	388522	506942	114088	
2.3221	1	388522	508080	115226	
2.32463	1	388522	508386	115532	
2.32463	1	388522	509540	116686	
2.32711	1	388522	509830	116976	
2.32711	1	388522	511000	118146	
2.32964	1	388522	511274	118420	
2.32964	1	388522	512460	119606	
2.33204	1	388522	512718	119864	
2.33204	1	388522	513920	121066	
2.33454	1	388522	514162	121308	
2.33454	1	388522	515380	122526	
2.33695	1	388522	515606	122752	
2.33695	1	388522	516840	123986	
2.34653	1	388522	522826	124196	
2.34653	1	388522	524140	125510	
2.34908	1	388522	525714	125640	
2.34908	1	388522	527060	126986	
2.35148	1	388522	527158	127084	
2.35148	1	388522	528520	128446	
2.35689	1	388522	528602	128528	
2.35689	1	388522	529980	129906	
2.35929	1	388522	530046	129972	
2.35929	1	388522	531440	131366	
2.36169	1	388522	531490	131416	
2.36169	1	388522	532900	132826	
2.3641	1	388522	532934	132860	
2.3641	1	388522	534360	134286	
2.3665	1	388522	534378	134304	
2.3665	1	388522	535820	135746	
2.3689	1	388522	535822	135748	
2.37131	1	388522	537274	137200	
2.37131	1	388522	537280	137206	
2.37371	1	388522	538719	138645	
2.37371	1	388522	538740	138666	
2.37621	1	388522	540164	140090	
2.37621	1	388522	540200	140126	
2.37861	1	388522	541609	141535	
2.37861	1	388522	541660	141586	
2.38102	1	388522	543054	142980	
2.38102	1	388522	543120	143046	
2.38342	1	388522	544498	144424	
2.38342	1	388522	544580	144506	
2.38582	1	388522	545942	145868	
2.38582	1	388522	546040	145966	
2.38823	1	388522	547386	147312	
2.38823	1	388522	547500	147426	
2.39063	1	388522	548830	148756	
2.39063	1	388522	548960	148886	
2.39303	1	388522	550274	150200	
2.39303	1	388522	550420	150346	
2.39544	1	388522	551718	151644	
2.39544	1	388522	551880	151806	
2.39784	1	388522	554606	153088	
2.39784	1	388522	554800	153282	
2.40024	1	388522	556050	154532	
2.40024	1	388522	556260	154742	
2.40275	1	388522	557494	155976	
2.40275	1	388522	557720	156202	
2.40515	1	388522	558938	157420	
2.40515	1	388522	559180	157662	
2.40756	1	388522	560382	158864	
2.40756	1	388522	560640	159122	
2.40996	1	388522	561826	160308	
2.40996	1	388522	562100	160582	
2.41236	1	388522	563270	161752	
2.41236	1	388522	563560	162042	
2.41476	1	388522	564714	163196	
2.41476	1	388522	565020	163502	
2.41717	1	388522	566158	164640	
2.41717	1	388522	566480	164962	
2.41957	1	388522	567602	166084	
2.41957	1	388522	567940	166422	
2.42197	1	388522	569046	167528	
2.42197	1	388522	569400	167882	
2.42438	1	388522	570490	168972	
2.42438	1	388522	570860	169342	
2.42688	1	388522	571934	170416	
2.42688	1	388522	572320	170802	
2.42929	1	388522	573378	171860	
2.42929	1	388522	573780	172262	
2.43169	1	388522	574822	173304	
2.43169	1	388522	575240	173722	
2.43409	1	388522	576266	174748	
2.43409	1	388522	576700	175182	
2.4365	1	388522	577710	176192	
2.4365	1	388522	578160	176642	
2.4389	1	388522	579154	177636	
2.4389	1	388522	579620	178102	
2.4413	1	388522	580598	179080	
2.4413	1	388522	581080	179562	
2.44371	1	388522	582042	180524	
2.44371	1	388522	582540	181022	
2.44611	1	388522	583486	181968	
2.44611	1	388522	584000	182482	
2.44851	1	388522	584930	183412	
2.44851	1	388522	585460	183942	
2.45092	1	388522	586374	184856	
2.45092	1	388522	586920	185402	
2.45332	1	388522	587818	186300	
2.45332	1	388522	588380	186862	
2.45572	1	388522	589262	187744	
2.45572	1	388522	589840	188322	
2.45713	1	388522	590706	189188	
2.45713	1	388522	591300	189782	
2.45953	1	388522	592150	190632	
2.45953	1	388522	592760	191242	
2.46193	1	388522	593594	192076	
2.46193	1	388522	594220	192702	
2.46434	1	388522	595038	193520	
2.46434	1	388522	595680	194162	
2.46674	1	388522	596482	194964	
2.46674	1	388522	597140	195622	
2.46924	1	388522	597926	196408	
2.46924	1	388522	598600	197082	
2.47164	1	388522	599370	197852	
2.47164	1	388522	600060	198542	
2.47404	1	388522	600814	199296	
2.47404	1	388522	601520	200002	
2.47645	1	388522	602258	200740	
2.47645	1	388522	602980	201462	
2.47885	1	388522	603702	202184	
2.47885	1	388522	604440	202922	
2.48125	1	388522	605146	203628	
2.48125	1	388522	605900	204382	
2.48366	1	388522	606590	205072	
2.48366	1	388522	607360	205842	
2.48606	1	388522	608034	206516	
2.48606	1	388522	608820	207302	
2.48846	1	388522	609478	207960	
2.48846	1	388522	610280	208762	
2.49087	1	388522	610922	209404	
2.49087	1	388522	611740	210222	
2.49327	1	388522	612366	210848	
2.49327	1	388522	613200	211682	
2.49567	1	388522	613810	212292	
2.49567	1	388522	614660	213142	
2.49817	1	388522	615254	213736	
2.49817	1	388522	616120	214602	
2.50058	1	388522	616698	215180	
2.50058	1	388522	617580	216062	
2.50298	1	388522	618142	216624	
2.50298	1	388522	619040	217522	
2.50538	1	388522	619586	218068	
2.50538	1	388522	620500	218982	
2.50779	1	388522	621030	219512	
2.50779	1	388522	621960	220442	
2.51019	1	388522	622474	220956	
2.51019	1	388522	623420	221902	
2.51259	1	388522	623918	222400	
2.51259	1	388522	624880	223362	
2.515	1	388522	625362	223844	
2.515	1	388522	626340	224822	
2.5174	1	388522	626806	225288	
2.5174	1	388522	627800	226282	
2.5198	1	388522	628250	226732	
2.5198	1	388522	629260	227742	
2.5223	1	388522	629694	228176	
2.5223	1	388522	630720	229202	
2.5247	1	388522	631138	229620	
2.5247	1	388522	632180	230662	
2.52711	1	388522	632582	231064	
2.52711	1	388522	633640	232122	
2.52951	1	388522	634026	232508	
2.52951	1	388522	635100	233582	
2.53191	1	388522	635470	233952	
2.53191	1	388522	636560	235042	
2.53432	1	388522	636914	235396	
2.53432	1	388522	638020	236502	
2.53672	1	388522	638358	236840	
2.53672	1	388522	639480	237962	
2.53912	1	388522	639802	238284	
2.53912	1	388522	640940	239422	
2.54153	1	388522	641246	239728	
2.54153	1	388522	642400	240882	
2.54393	1	388522	642690	241172	
2.54393	1	388522	643860	242342	
2.54633	1	388522	644134	242616	
2.54633	1	388522	645320	243802	
2.54874	1	388522	645578	244060	
2.54874	1	388522	646780	245262	
2.55114	1	388522	647022	245504	
2.55114	1	388522	648240	246722	
2.55354	1	388522	648466	246948	
2.55354	1	388522	649700	248182	
2.55595	1	388522	649910	248392	
2.55595	1	388522	651160	249642	
2.55835	1	388522	651354	249836	
2.55835	1	388522	652620	251102	
2.56085	1	388522	652798	251280	
2.56085	1	388522	654080	252562	
2.56325	1	388522	654242	252724	
2.56325	1	388522	655540	254022	
2.56565	1	388522	655686	254168	
2.56565	1	388522	657000	255482	
2.56806	1	388522	657130	255612	
2.56806	1	388522	658460	256942	
2.57046	1	388522	658574	257056	
2.57046	1	388522	659920	258402	
2.57286	1	388522	660018	258500	
2.57286	1	388522	661380	259862	
2.57527	1	388522	661462	259944	
2.57527	1	388522	662840	261322	
2.57767	1	388522	662906	261388	
2.57767	1	388522	664300	262782	
2.58007	1	388522	664350	262832	
2.58007	1	388522	665760	264242	
2.58248	1	388522	665794	264276	
2.58248	1	388522	667220	265702	
2.58488	1	388522	667238	265720	
2.58488	1	388522	668680	267162	
2.58728	1	388522	668682	267164	
2.58969	1	388522	670134	268616	
2.58969	1	388522	670140	268622	
2.59209	1	388522	671579	270061	
2.59209	1	388522	671600	270082	
2.59449	1	388522	673024	271506	
2.59449	1	388522	673060	271542	
2.5969	1	388522	674469	272951	
2.5969	1	388522	674520	273002	
2.5993	1	388522	675914	274396	
2.5993	1	388522	675980	274462	
2.6017	1	388522	677358	275840	
2.6017	1	388522	677440	275922	
2.60411	1	388522	678802	277284	
2.60411	1	388522	678900	277382	
2.60651	1	388522	680246	278728	
2.60651	1	388522	680360	278842	
2.60891	1	388522	681690	280172	
2.60891	1	388522	681820	280302	
2.61132	1	388522	683134	281616	
2.61132	1	388522	683280	281762	
2.61372	1	388522	684578	283060	
2.61372	1	388522	684740	283222	
2.61612	1	388522	686022	284504	
2.61612	1	388522	686200	284682	
2.61852	1	388522	687466	285948	
2.61852	1	388522	687660	286142	
2.62093	1	388522	688910	287392	
2.62093	1	388522	689120	287602	
2.62333	1	388522	691798	288836	
2.62333	1	388522	692040	289078	
2.62573	1	388522	693242	290280	
2.62573	1	388522	693500	290538	
2.62814	1	388522	694686	291724	
2.62814	1	388522	694960	291998	
2.63064	1	388522	696130	293168	
2.63064	1	388522	696420	293458	
2.63304	1	388522	697574	294612	
2.63304	1	388522	697880	294918	
2.63544	1	388522	699018	296056	
2.63544	1	388522	699340	296378	
2.63785	1	388522	700462	297500	
2.63785	1	388522	700800	297838	
2.64025	1	388522	701906	298944	
2.64025	1	388522	702260	299298	
2.64265	1	388522	703350	300388	
2.64265	1	388522	703720	300758	
2.64506	1	388522	704794	301832	
2.64506	1	388522	705180	302218	
2.64746	1	388522	706238	303276	
2.64746	1	388522	706640	303678	
2.64986	1	388522	707682	304720	
2.64986	1	388522	708100	305138	
2.65236	1	388522	710570	306164	
2.65236	1	388522	711020	306614	
2.65417	1	388522	713458	307608	
2.65417	1	388522	713940	308090	
2.65476	1	388522	712014	309052	
2.65476	1	388522	712480	309518	
2.65657	1	388522	714902	310496	
2.65657	1	388522	715400	310994	
2.65897	1	388522	716346	311940	
2.65897	1	388522	716860	312454	
2.66138	1	388522	717790	313384	
2.66138	1	388522	718320	313914	
2.66378	1	388522	719234	314828	
2.66378	1	388522	719780	315374	
2.66618	1	388522	720678	316272	
2.66618	1	388522	721240	316834	
2.66859	1	388522	722122	317716	
2.66859	1	388522	722700	318294	
2.67099	1	388522	723566	319160	
2.67099	1	388522	724160	319754	
2.67339	1	388522	725010	320604	
2.67339	1	388522	725620	321214	
2.67589	1	388522	727898	322048	
2.67589	1	388522	728540	322690	
2.6783	1	388522	729342	323492	
2.6783	1	388522	730000	324150	
2.6807	1	388522	730786	324936	
2.6807	1	388522	731460	325610	
2.68791	1	388522	732230	326380	
2.68791	1	388522	732920	327070	
2.69271	1	388522	733674	327824	
2.69271	1	388522	734380	328530	
2.69519	1	388522	735118	329268	
2.69519	1	388522	735840	329990	
2.69759	1	388522	736562	330712	
2.69759	1	388522	737300	331450	
2.7	1	388522	739450	332156	
2.7	1	388522	740220	332926	
2.7024	1	388522	740894	333600	
2.7024	1	388522	741680	334386	
2.7048	1	388522	742338	335044	
2.7048	1	388522	743140	335846	
2.70721	1	388522	743782	336488	
2.70721	1	388522	744600	337306	
2.70961	1	388522	745226	337932	
2.70961	1	388522	746060	338766	
2.71201	1	388522	746670	339376	
2.71201	1	388522	747520	340226	
2.71442	1	388522	748114	340820	
2.71442	1	388522	748980	341686	
2.71682	1	388522	749558	342264	
2.71682	1	388522	750440	343146	
2.71932	1	388522	751002	343708	
2.71932	1	388522	751900	344606	
2.72172	1	388522	752446	345152	
2.72172	1	388522	753360	346066	
2.72412	1	388522	753890	346596	
2.72412	1	388522	754820	347526	
2.72653	1	388522	756778	348040	
2.72653	1	388522	757740	349002	
2.72893	1	388522	758222	349484	
2.72893	1	388522	759200	350462	
2.73133	1	388522	759666	350928	
2.73133	1	388522	760660	351922	
2.73374	1	388522	761110	352372	
2.73374	1	388522	762120	353382	
2.73614	1	388522	762554	353816	
2.73614	1	388522	763580	354842	
2.73862	1	388522	763998	355260	
2.73862	1	388522	765040	356302	
2.74103	1	388522	765442	356704	
2.74103	1	388522	766500	357762	
2.74343	1	388522	766886	358148	
2.74343	1	388522	767960	359222	
2.74593	1	388522	768330	359592	
2.74593	1	388522	769420	360682	
2.74833	1	388522	771218	361036	
2.74833	1	388522	772340	362158	
2.75074	1	388522	772662	362480	
2.75074	1	388522	773800	363618	
2.75614	1	388522	774106	363924	
2.75614	1	388522	775260	365078	
2.75854	1	388522	775550	365368	
2.75854	1	388522	776720	366538	
2.76095	1	388522	776994	366812	
2.76095	1	388522	778180	367998	
2.76335	1	388522	778438	368256	
2.76335	1	388522	779640	369458	
2.76575	1	388522	779882	369700	
2.76575	1	388522	781100	370918	
2.76816	1	388522	781326	371144	
2.76816	1	388522	782560	372378	
2.77056	1	388522	388522	372588	
2.77056	1	389820	389820	372588	
2.77056	1	389966	389966	372588	
2.77056	1	391280	391280	372588	
2.77403	1	392854	517050	371144	
2.77403	1	392854	518300	372394	
2.77403	1	392854	518494	372588	
2.77403	1	392854	519760	373854	
2.77403	1	392854	519938	374032	
2.77403	1	392854	521220	375314	
2.77403	1	392854	521382	375476	
2.77403	1	392854	522680	376774	
2.77662	1	392854	553162	376920	
2.77662	1	392854	553340	377098	
2.7808	1	392854	782770	378364	
2.7808	1	392854	784020	379614	
2.78453	1	392854	784214	379808	
2.78453	1	392854	785480	381074	
2.78943	1	392854	787102	381252	
2.78943	1	392854	788400	382550	
2.79216	1	392854	788546	382696	
2.79216	1	392854	789860	384010	
2.79456	1	392854	789990	384140	
2.79456	1	392854	791320	385470	
2.79696	1	392854	791434	385584	
2.79696	1	392854	792780	386930	
2.79937	1	392854	792878	387028	
2.79937	1	392854	794240	388390	
2.80187	1	392854	794322	388472	
2.80187	1	392854	795700	389850	
2.80428	1	392854	795766	389916	
2.80428	1	392854	797160	391310	
2.80688	1	392854	797210	391360	
2.80688	1	392854	798620	392770	
2.80928	1	392854	798654	392804	
2.80928	1	392854	800080	394230	
2.81168	1	392854	800098	394248	
2.81168	1	392854	801540	395690	
2.81416	1	392854	801542	395692	
2.81663	1	392854	802994	397144	
2.81663	1	392854	803000	397150	
2.81903	1	392854	804439	398589	
2.81903	1	392854	804460	398610	
2.82153	1	392854	805884	400034	
2.82153	1	392854	805920	400070	
2.82393	1	392854	807329	401479	
2.82393	1	392854	807380	401530	
2.82634	1	392854	808774	402924	
2.82634	1	392854	808840	402990	
2.82874	1	392854	810218	404368	
2.82874	1	392854	810300	404450	
2.83114	1	392854	811662	405812	
2.83114	1	392854	811760	405910	
2.83355	1	392854	813106	407256	
2.83355	1	392854	813220	407370	
2.83595	1	392854	814550	408700	
2.83595	1	392854	814680	408830	
2.83835	1	392854	815994	410144	
2.83835	1	392854	816140	410290	
2.84085	1	392854	817438	411588	
2.84085	1	392854	817600	411750	
2.84326	1	392854	818882	413032	
2.84326	1	392854	819060	413210	
2.84566	1	392854	820326	414476	
2.84566	1	392854	820520	414670	
2.84806	1	392854	821770	415920	
2.84806	1	392854	821980	416130	
2.85047	1	392854	823214	417364	
2.85047	1	392854	823440	417590	
2.85287	1	392854	824658	418808	
2.85287	1	392854	824900	419050	
2.85527	1	392854	826102	420252	
2.85527	1	392854	826360	420510	
2.85868	1	392854	827546	421696	
2.85868	1	392854	827820	421970	
2.86108	1	392854	828990	423140	
2.86108	1	392854	829280	423430	
2.86358	1	392854	830434	424584	
2.86358	1	392854	830740	424890	
2.86598	1	392854	831878	426028	
2.86598	1	392854	832200	426350	
2.86838	1	392854	833322	427472	
2.86838	1	392854	833660	427810	
2.87079	1	392854	834766	428916	
2.87079	1	392854	835120	429270	
2.87319	1	392854	836210	430360	
2.87319	1	392854	836580	430730	
2.87559	1	392854	837654	431804	
2.87559	1	392854	838040	432190	
2.878	1	392854	839098	433248	
2.878	1	392854	839500	433650	
2.8804	1	392854	840542	434692	
2.8804	1	392854	840960	435110	
2.8829	1	392854	841986	436136	
2.8829	1	392854	842420	436570	
2.8853	1	392854	843430	437580	
2.8853	1	392854	843880	438030	
2.88771	1	392854	844874	439024	
2.88771	1	392854	845340	439490	
2.89011	1	392854	846318	440468	
2.89011	1	392854	846800	440950	
2.89251	1	392854	847762	441912	
2.89251	1	392854	848260	442410	
2.89492	1	392854	849206	443356	
2.89492	1	392854	849720	443870	
2.89732	1	392854	850650	444800	
2.89732	1	392854	851180	445330	
2.89972	1	392854	852094	446244	
2.89972	1	392854	852640	446790	
2.90212	1	392854	853538	447688	
2.90212	1	392854	854100	448250	
2.9049	1	392854	854982	449132	
2.9049	1	392854	855560	449710	
2.9073	1	392854	856426	450576	
2.9073	1	392854	857020	451170	
2.90971	1	392854	857870	452020	
2.90971	1	392854	858480	452630	
2.91211	1	392854	859314	453464	
2.91211	1	392854	859940	454090	
2.91451	1	392854	860758	454908	
2.91451	1	392854	861400	455550	
2.91692	1	392854	862202	456352	
2.91692	1	392854	862860	457010	
2.91932	1	392854	863646	457796	
2.91932	1	392854	864320	458470	
2.92172	1	392854	865090	459240	
2.92172	1	392854	865780	459930	
2.92413	1	392854	866534	460684	
2.92413	1	392854	867240	461390	
2.92663	1	392854	867978	462128	
2.92663	1	392854	868700	462850	
2.92903	1	392854	869422	463572	
2.92903	1	392854	870160	464310	
2.93143	1	392854	870866	465016	
2.93143	1	392854	871620	465770	
2.93384	1	392854	872310	466460	
2.93384	1	392854	873080	467230	
2.93624	1	392854	873754	467904	
2.93624	1	392854	874540	468690	
2.93864	1	392854	875198	469348	
2.93864	1	392854	876000	470150	
2.94104	1	392854	690354	470792	
2.94104	1	392854	690580	471018	
2.94345	1	392854	876642	472236	
2.94345	1	392854	877460	473054	
2.94585	1	392854	878086	473680	
2.94585	1	392854	878920	474514	
2.94835	1	392854	879530	475124	
2.94835	1	392854	880380	475974	
2.95075	1	392854	880974	476568	
2.95075	1	392854	881840	477434	
2.95316	1	392854	882418	478012	
2.95316	1	392854	883300	478894	
2.95556	1	392854	883862	479456	
2.95556	1	392854	884760	480354	
2.95596	1	392854	885306	480900	
2.95596	1	392854	886220	481814	
2.95837	1	392854	886750	482344	
2.95837	1	392854	887680	483274	
2.96077	1	392854	888194	483788	
2.96077	1	392854	889140	484734	
2.96317	1	392854	889638	485232	
2.96317	1	392854	890600	486194	
2.96567	1	392854	709126	486676	
2.96567	1	392854	709560	487110	
2.96808	1	392854	891082	488120	
2.96808	1	392854	892060	489098	
2.97048	1	392854	892526	489564	
2.97048	1	392854	893520	490558	
2.97288	1	392854	893970	491008	
2.97288	1	392854	894980	492018	
2.97528	1	392854	895414	492452	
2.97528	1	392854	896440	493478	
2.97769	1	392854	896858	493896	
2.97769	1	392854	897900	494938	
2.98009	1	392854	898302	495340	
2.98009	1	392854	899360	496398	
2.98249	1	392854	899746	496784	
2.98249	1	392854	900820	497858	
2.9849	1	392854	901190	498228	
2.9849	1	392854	902280	499318	
2.9873	1	392854	902634	499672	
2.9873	1	392854	903740	500778	
2.9898	1	392854	905522	501116	
2.9898	1	392854	906660	502254	
2.9922	1	392854	726454	502560	
2.9922	1	392854	727080	503186	
2.99461	1	392854	906966	504004	
2.99461	1	392854	908120	505158	
2.99721	1	392854	908410	505448	
2.99721	1	392854	909580	506618	
2.99961	1	392854	909854	506892	
2.99961	1	392854	911040	508078	
3.00201	1	392854	911298	508336	
3.00201	1	392854	912500	509538	
3.00442	1	392854	912742	509780	
3.00442	1	392854	913960	510998	
3.00682	1	392854	914186	511224	
3.00682	1	392854	915420	512458	
3.00952	1	392854	915630	512668	
3.00952	1	392854	916880	513918	
3.01273	1	392854	917074	514112	
3.01273	1	392854	918340	515378	
3.01575	1	392854	918518	515556	
3.01575	1	392854	919800	516838	
3.01815	1	392854	738006	517000	
3.01815	1	392854	738760	517754	
3.02405	1	392854	919962	518444	
3.02405	1	392854	921260	519742	
3.02646	1	392854	921406	519888	
3.02646	1	392854	922720	521202	
3.02886	1	392854	922850	521332	
3.02886	1	392854	924180	522662	
3.03126	1	392854	924294	522776	
3.03126	1	392854	925640	524122	
3.03375	1	392854	925738	524220	
3.03375	1	392854	927100	525582	
3.03615	1	392854	927182	525664	
3.03615	1	392854	928560	527042	
3.03865	1	392854	928626	527108	
3.03865	1	392854	930020	528502	
3.04105	1	392854	931514	528552	
3.04105	1	392854	932940	529978	
3.04345	1	392854	932958	529996	
3.04345	1	392854	934400	531438	
3.04586	1	392854	934402	531440	
3.04826	1	392854	755334	532892	
3.04826	1	392854	756280	533838	
3.05066	1	392854	935854	534336	
3.05066	1	392854	935860	534342	
3.05307	1	392854	937299	535781	
3.05307	1	392854	937320	535802	
3.05747	1	392854	938744	537226	
3.05747	1	392854	938780	537262	
3.05997	1	392854	940189	538671	
3.05997	1	392854	940240	538722	
3.06237	1	392854	941634	540116	
3.06237	1	392854	941700	540182	
3.06478	1	392854	943078	541560	
3.06478	1	392854	943160	541642	
3.06718	1	392854	944522	543004	
3.06718	1	392854	944620	543102	
3.06958	1	392854	945966	544448	
3.06958	1	392854	946080	544562	
3.07199	1	392854	769774	545892	
3.07199	1	392854	770880	546998	
3.07439	1	392854	947410	547336	
3.07439	1	392854	947540	547466	
3.07679	1	392854	948854	548780	
3.07679	1	392854	949000	548926	
3.0792	1	392854	950298	550224	
3.0792	1	392854	950460	550386	
3.08169	1	392854	951742	551668	
3.08169	1	392854	951920	551846	
3.0841	1	392854	953186	553112	
3.0841	1	392854	953380	553306	
3.0865	1	392854	954630	554556	
3.0865	1	392854	954840	554766	
3.0889	1	392854	956074	556000	
3.0889	1	392854	956300	556226	
3.09131	1	392854	957518	557444	
3.09131	1	392854	957760	557686	
3.09371	1	392854	958962	558888	
3.09371	1	392854	959220	559146	
3.09621	1	392854	960406	560332	
3.09621	1	392854	960680	560606	
3.09861	1	392854	961850	561776	
3.09861	1	392854	962140	562066	
3.10102	1	392854	963294	563220	
3.10102	1	392854	963600	563526	
3.10342	1	392854	964738	564664	
3.10342	1	392854	965060	564986	
3.10592	1	392854	966182	566108	
3.10592	1	392854	966520	566446	
3.10832	1	392854	392854	567552	
3.10832	1	394200	394200	567552	
3.10832	1	524270	524270	437580	
3.10832	1	525600	525600	437580	
3.11083	1	785658	785658	177636	
3.11083	1	786940	786940	177636	
3.114	1	904078	967626	60660	
3.114	1	904078	967980	61014	
3.11647	1	904078	969070	62104	
3.11647	1	904078	969440	62474	
3.11895	1	904078	970514	63548	
3.11895	1	904078	970900	63934	
3.12142	1	904078	971958	64992	
3.12142	1	904078	972360	65394	
3.12389	1	904078	973402	66436	
3.12389	1	904078	973820	66854	
3.12636	1	904078	974846	67880	
3.12636	1	904078	975280	68314	
3.12882	1	904078	976290	69324	
3.12882	1	904078	976740	69774	
3.13139	1	904078	977734	70768	
3.13139	1	904078	978200	71234	
3.13386	1	904078	979178	72212	
3.13386	1	904078	979660	72694	
3.13633	1	904078	980622	73656	
3.13633	1	904078	981120	74154	
3.1388	1	904078	982066	75100	
3.1388	1	904078	982580	75614	
3.14126	1	904078	983510	76544	
3.14126	1	904078	984040	77074	
3.14374	1	904078	984954	77988	
3.14374	1	904078	985500	78534	
3.14621	1	904078	986398	79432	
3.14621	1	904078	986960	79994	
3.14868	1	904078	987842	80876	
3.14868	1	904078	988420	81454	
3.15115	1	904078	989286	82320	
3.15115	1	904078	989880	82914	
3.15371	1	904078	990730	83764	
3.15371	1	904078	991340	84374	
3.15618	1	904078	992174	85208	
3.15618	1	904078	992800	85834	
3.15865	1	904078	904078	86652	
3.15865	1	905200	905200	86652	
3.16114	1	930070	993618	62104	
3.16114	1	930070	994260	62746	
3.16361	1	930070	995062	63548	
3.16361	1	930070	995720	64206	
3.16608	1	930070	996506	64992	
3.16608	1	930070	997180	65666	
3.16856	1	930070	997950	66436	
3.16856	1	930070	998640	67126	
3.17102	1	930070	999394	67880	
3.17102	1	930070	1000100	68586	
3.17349	1	930070	1000838	69324	
3.17349	1	930070	1001560	70046	
3.17606	1	930070	1002282	70768	
3.17606	1	930070	1003020	71506	
3.17853	1	930070	1003726	72212	
3.17853	1	930070	1004480	72966	
3.181	1	930070	1005170	73656	
3.181	1	930070	1005940	74426	
3.18346	1	930070	1006614	75100	
3.18346	1	930070	1007400	75886	
3.18593	1	930070	1008058	76544	
3.18593	1	930070	1008860	77346	
3.1884	1	930070	1009502	77988	
3.1884	1	930070	1010320	78806	
3.19087	1	930070	1010946	79432	
3.19087	1	930070	1011780	80266	
3.19335	1	930070	1012390	80876	
3.19335	1	930070	1013240	81726	
3.19591	1	930070	1013834	82320	
3.19591	1	930070	1014700	83186	
3.19838	1	930070	1015278	83764	
3.19838	1	930070	1016160	84646	
3.20085	1	930070	1016722	85208	
3.20085	1	930070	1017620	86106	
3.20332	1	930070	1018166	86652	
3.20332	1	930070	1019080	87566	
3.20579	1	930070	1019610	88096	
3.20579	1	930070	1020540	89026	
3.20826	1	930070	930070	89540	
3.20826	1	931480	931480	89540	
3.21075	1	1021054	1021054	0	
3.21075	1	1022000	1022000	0	
3.21321	1	1022498	1022498	0	
3.21321	1	1023460	1023460	0	
3.21568	1	1023942	1023942	0	
3.21568	1	1024920	1024920	0	
3.21826	1	1025386	1025386	0	
3.21826	1	1026380	1026380	0	
3.22072	1	1026830	1026830	0	
3.22072	1	1027840	1027840	0	
3.22319	1	1028274	1028274	0	
3.22319	1	1029300	1029300	0	
3.22566	1	1029718	1029718	0	
3.22566	1	1030760	1030760	0	
3.22813	1	1031162	1031162	0	
3.22813	1	1032220	1032220	0	
3.2306	1	1032606	1032606	0	
3.2306	1	1033680	1033680	0	
3.23307	1	1034050	1034050	0	
3.23307	1	1035140	1035140	0	
3.23554	1	1035494	1035494	0	
3.23554	1	1036600	1036600	0	
3.2381	1	1036938	1036938	0	
3.2381	1	1038060	1038060	0	
3.24058	1	1038382	1038382	0	
3.24058	1	1039520	1039520	0	
3.24305	1	1039826	1039826	0	
3.24305	1	1040980	1040980	0	
3.24552	1	1041270	1041270	0	
3.24552	1	1042440	1042440	0	
3.24799	1	1042714	1042714	0	
3.24799	1	1043900	1043900	0	
3.25045	1	1044158	1044158	0	
3.25045	1	1045360	1045360	0	
3.25292	1	1045602	1045602	0	
3.25292	1	1046820	1046820	0	
3.25496	1	1047046	1048490	0	
3.25496	1	1047046	1049740	1250	
3.25539	1	1047046	1047046	1444	
3.25539	1	1048280	1048280	1444	
3.25743	1	1049934	1049934	0	
3.25743	1	1051200	1051200	0	
3.25989	1	1051378	1051378	0	
3.25989	1	1052660	1052660	0	
3.26237	1	1052822	1052822	0	
3.26237	1	1054120	1054120	0	
3.26484	1	1054266	1054266	0	
3.26484	1	1055580	1055580	0	
3.26731	1	1055710	1055710	0	
3.26731	1	1057040	1057040	0	
3.26978	1	1057154	1057154	0	
3.26978	1	1058500	1058500	0	
3.27234	1	1058598	1058598	0	
3.27234	1	1059960	1059960	0	
3.27481	1	1060042	1060042	0	
3.27481	1	1061420	1061420	0	
3.27728	1	1061486	1061486	0	
3.27728	1	1062880	1062880	0	
3.27984	1	1062930	1062930	0	
3.27984	1	1064340	1064340	0	
3.28231	1	1064374	1064374	0	
3.28231	1	1065800	1065800	0	
3.28479	1	1065818	1065818	0	
3.28479	1	1067260	1067260	0	
3.28725	1	1067262	1067262	0	
3.28982	1	1068714	1068714	0	
3.28982	1	1068720	1068720	0	
3.29229	1	1070159	1070159	0	
3.29229	1	1070180	1070180	0	
3.29476	1	1071604	1071604	0	
3.29476	1	1071640	1071640	0	
3.29722	1	1073049	1073049	0	
3.29722	1	1073100	1073100	0	
3.29969	1	1074494	1074494	0	
3.29969	1	1074560	1074560	0	
3.30216	1	1075938	1075938	0	
3.30216	1	1076020	1076020	0	
3.30463	1	1077382	1077382	0	
3.30463	1	1077480	1077480	0	
3.3071	1	1078826	1078826	0	
3.3071	1	1078940	1078940	0	
3.30967	1	1080270	1080270	0	
3.30967	1	1080400	1080400	0	
3.31214	1	1081714	1081714	0	
3.31214	1	1081860	1081860	0	
3.31461	1	1083158	1083158	0	
3.31461	1	1083320	1083320	0	
3.31708	1	1084602	1084602	0	
3.31708	1	1084780	1084780	0	
3.31955	1	1086046	1086046	0	
3.31955	1	1086240	1086240	0	
3.32211	1	1087490	1087490	0	
3.32211	1	1087700	1087700	0	
3.32458	1	1088934	1088934	0	
3.32458	1	1089160	1089160	0	
3.32705	1	1090378	1090378	0	
3.32705	1	1090620	1090620	0	
3.32952	1	1091822	1091822	0	
3.32952	1	1092080	1092080	0	
3.332	1	1093266	1093266	0	
3.332	1	1093540	1093540	0	
3.33446	1	1094710	1094710	0	
3.33446	1	1095000	1095000	0	
3.33693	1	1096154	1096154	0	
3.33693	1	1096460	1096460	0	
3.3394	1	1097598	1097598	0	
3.3394	1	1097920	1097920	0	
3.34197	1	1099042	1099042	0	
3.34197	1	1099380	1099380	0	
3.34444	1	1100486	1100486	0	
3.34444	1	1100840	1100840	0	
3.3469	1	1101930	1101930	0	
3.3469	1	1102300	1102300	0	
3.34937	1	1103374	1103374	0	
3.34937	1	1103760	1103760	0	
3.35479	1	1104818	1104818	0	
3.35479	1	1105220	1105220	0	
3.35731	1	1106262	1106262	0	
3.35731	1	1106680	1106680	0	
3.35979	1	1107706	1107706	0	
3.35979	1	1108140	1108140	0	
3.36226	1	1109150	1109150	0	
3.36226	1	1109600	1109600	0	
3.36482	1	1110594	1110594	0	
3.36482	1	1111060	1111060	0	
3.36729	1	1112038	1112038	0	
3.36729	1	1112520	1112520	0	
3.36976	1	1113482	1113482	0	
3.36976	1	1113980	1113980	0	
3.37223	1	1114926	1114926	0	
3.37223	1	1115440	1115440	0	
3.3747	1	1116370	1116370	0	
3.3747	1	1116900	1116900	0	
3.37716	1	1117814	1117814	0	
3.37716	1	1118360	1118360	0	
3.37973	1	1119258	1119258	0	
3.37973	1	1119820	1119820	0	
3.38221	1	1120702	1120702	0	
3.38221	1	1121280	1121280	0	
3.38468	1	1122146	1122146	0	
3.38468	1	1122740	1122740	0	
3.38714	1	1123590	1123590	0	
3.38714	1	1124200	1124200	0	
3.38961	1	1125034	1125034	0	
3.38961	1	1125660	1125660	0	
3.39218	1	1126478	1126478	0	
3.39218	1	1127120	1127120	0	
3.39465	1	1127922	1127922	0	
3.39465	1	1128580	1128580	0	
3.39712	1	1129366	1129366	0	
3.39712	1	1130040	1130040	0	
3.39958	1	1130810	1130810	0	
3.39958	1	1131500	1131500	0	
3.40205	1	1132254	1132254	0	
3.40205	1	1132960	1132960	0	
3.40452	1	1133698	1133698	0	
3.40452	1	1134420	1134420	0	
3.40709	1	1135142	1135142	0	
3.40709	1	1135880	1135880	0	
3.40956	1	1136586	1136586	0	
3.40956	1	1137340	1137340	0	
3.41203	1	1138030	1138030	0	
3.41203	1	1138800	1138800	0	
3.4145	1	1139474	1139474	0	
3.4145	1	1140260	1140260	0	
3.41697	1	1140918	1140918	0	
3.41697	1	1141720	1141720	0	
3.41944	1	1142362	1142362	0	
3.41944	1	1143180	1143180	0	
3.42191	1	1143806	1143806	0	
3.42191	1	1144640	1144640	0	
3.42447	1	1145250	1145250	0	
3.42447	1	1146100	1146100	0	
3.42694	1	1146694	1146694	0	
3.42694	1	1147560	1147560	0	
3.42942	1	1148138	1148138	0	
3.42942	1	1149020	1149020	0	
3.43189	1	1149582	1149582	0	
3.43189	1	1150480	1150480	0	
3.43436	1	1151026	1151026	0	
3.43436	1	1151940	1151940	0	
3.43682	1	1152470	1152470	0	
3.43682	1	1153400	1153400	0	
3.43939	1	1153914	1153914	0	
3.43939	1	1154860	1154860	0	
3.44186	1	1155358	1155358	0	
3.44186	1	1156320	1156320	0	
3.44433	1	1156802	1156802	0	
3.44433	1	1157780	1157780	0	
3.4468	1	1158246	1158246	0	
3.4468	1	1159240	1159240	0	
3.44926	1	1159690	1159690	0	
3.44926	1	1160700	1160700	0	
3.45173	1	1161134	1161134	0	
3.45173	1	1162160	1162160	0	
3.45421	1	1162578	1162578	0	
3.45421	1	1163620	1163620	0	
3.45677	1	1164022	1164022	0	
3.45677	1	1165080	1165080	0	
3.45924	1	1165466	1165466	0	
3.45924	1	1166540	1166540	0	
3.46171	1	1166910	1166910	0	
3.46171	1	1168000	1168000	0	
3.46418	1	1168354	1168354	0	
3.46418	1	1169460	1169460	0	
3.46665	1	1169798	1169798	0	
3.46665	1	1170920	1170920	0	
3.46921	1	1171242	1171242	0	
3.46921	1	1172380	1172380	0	
3.47168	1	1172686	1172686	0	
3.47168	1	1173840	1173840	0	
3.47415	1	1174130	1174130	0	
3.47415	1	1175300	1175300	0	
3.47663	1	1175574	1175574	0	
3.47663	1	1176760	1176760	0	
3.4791	1	1177018	1177018	0	
3.4791	1	1178220	1178220	0	
3.48157	1	1178462	1178462	0	
3.48157	1	1179680	1179680	0	
3.48404	1	1179906	1179906	0	
3.48404	1	1181140	1181140	0	
3.4865	1	1181350	1181350	0	
3.4865	1	1182600	1182600	0	
3.48907	1	1182794	1182794	0	
3.48907	1	1184060	1184060	0	
3.49154	1	1184238	1184238	0	
3.49154	1	1185520	1185520	0	
3.49401	1	1185682	1185682	0	
3.49401	1	1186980	1186980	0	
3.49648	1	1187126	1187126	0	
3.49648	1	1188440	1188440	0	
3.49894	1	1188570	1188570	0	
3.49894	1	1189900	1189900	0	
3.50152	1	1190014	1190014	0	
3.50152	1	1191360	1191360	0	
3.50399	1	1191458	1191458	0	
3.50399	1	1192820	1192820	0	
3.50645	1	1192902	1192902	0	
3.50645	1	1194280	1194280	0	
3.50892	1	1194346	1194346	0	
3.50892	1	1195740	1195740	0	
3.51139	1	1195790	1195790	0	
3.51139	1	1197200	1197200	0	
3.51395	1	1197234	1197234	0	
3.51395	1	1198660	1198660	0	
3.51642	1	1198678	1198678	0	
3.51642	1	1200120	1200120	0	
3.51889	1	1200122	1200122	0	
3.52136	1	1201574	1201574	0	
3.52136	1	1201580	1201580	0	
3.52383	1	1203019	1203019	0	
3.52383	1	1203040	1203040	0	
3.5263	1	1204464	1204464	0	
3.5263	1	1204500	1204500	0	
3.52877	1	1205909	1205909	0	
3.52877	1	1205960	1205960	0	
3.53124	1	1207354	1207354	0	
3.53124	1	1207420	1207420	0	
3.5338	1	1208798	1208798	0	
3.5338	1	1208880	1208880	0	
3.53627	1	1210242	1210242	0	
3.53627	1	1210340	1210340	0	
3.53874	1	1211686	1211686	0	
3.53874	1	1211800	1211800	0	
3.54121	1	1213130	1213130	0	
3.54121	1	1213260	1213260	0	
3.54368	1	1214574	1214574	0	
3.54368	1	1214720	1214720	0	
3.54615	1	1216018	1216018	0	
3.54615	1	1216180	1216180	0	
3.54872	1	1217462	1217462	0	
3.54872	1	1217640	1217640	0	
3.55119	1	1218906	1218906	0	
3.55119	1	1219100	1219100	0	
3.55366	1	1220350	1220350	0	
3.55366	1	1220560	1220560	0	
3.5546	1	1221794	1223238	0	
3.5546	1	1221794	1223480	242	
3.55612	1	1221794	1221794	1444	
3.55612	1	1222020	1222020	1444	
3.55707	1	1224682	1224682	0	
3.55707	1	1224940	1224940	0	
3.55953	1	1226126	1226126	0	
3.55953	1	1226400	1226400	0	
3.5621	1	1227570	1227570	0	
3.5621	1	1227860	1227860	0	
3.56457	1	1229014	1229014	0	
3.56457	1	1229320	1229320	0	
3.56704	1	1230458	1230458	0	
3.56704	1	1230780	1230780	0	
3.56951	1	1231902	1231902	0	
3.56951	1	1232240	1232240	0	
3.57198	1	1233346	1233346	0	
3.57198	1	1233700	1233700	0	
3.57445	1	1234790	1234790	0	
3.57445	1	1235160	1235160	0	
3.57702	1	1236234	1236234	0	
3.57702	1	1236620	1236620	0	
3.57948	1	1237678	1237678	0	
3.57948	1	1238080	1238080	0	
3.58195	1	1239122	1239122	0	
3.58195	1	1239540	1239540	0	
3.58442	1	1240566	1240566	0	
3.58442	1	1241000	1241000	0	
3.58689	1	1242010	1242010	0	
3.58689	1	1242460	1242460	0	
3.58936	1	1243454	1243454	0	
3.58936	1	1243920	1243920	0	
3.59193	1	1244898	1244898	0	
3.59193	1	1245380	1245380	0	
3.5944	1	1246342	1246342	0	
3.5944	1	1246840	1246840	0	
3.59687	1	1247786	1247786	0	
3.59687	1	1248300	1248300	0	
3.59934	1	1249230	1249230	0	
3.59934	1	1249760	1249760	0	
3.60181	1	1250674	1250674	0	
3.60181	1	1251220	1251220	0	
3.60428	1	1252118	1252118	0	
3.60428	1	1252680	1252680	0	
3.60675	1	1253562	1253562	0	
3.60675	1	1254140	1254140	0	
3.60931	1	1255006	1255006	0	
3.60931	1	1255600	1255600	0	
3.61178	1	1256450	1256450	0	
3.61178	1	1257060	1257060	0	
3.61426	1	1257894	1257894	0	
3.61426	1	1258520	1258520	0	
3.61672	1	1259338	1259338	0	
3.61672	1	1259980	1259980	0	
3.61919	1	1260782	1260782	0	
3.61919	1	1261440	1261440	0	
3.62166	1	1262226	1262226	0	
3.62166	1	1262900	1262900	0	
3.62423	1	1263670	1263670	0	
3.62423	1	1264360	1264360	0	
3.6267	1	1265114	1265114	0	
3.6267	1	1265820	1265820	0	
3.62916	1	1266558	1266558	0	
3.62916	1	1267280	1267280	0	
3.63163	1	1268002	1268002	0	
3.63163	1	1268740	1268740	0	
3.6341	1	1269446	1269446	0	
3.6341	1	1270200	1270200	0	
3.63657	1	1270890	1270890	0	
3.63657	1	1271660	1271660	0	
3.63905	1	1272334	1272334	0	
3.63905	1	1273120	1273120	0	
3.64161	1	1273778	1273778	0	
3.64161	1	1274580	1274580	0	
3.64408	1	1275222	1275222	0	
3.64408	1	1276040	1276040	0	
3.64655	1	1276666	1276666	0	
3.64655	1	1277500	1277500	0	
3.64902	1	1278110	1278110	0	
3.64902	1	1278960	1278960	0	
3.65149	1	1279554	1279554	0	
3.65149	1	1280420	1280420	0	
3.65396	1	1280998	1280998	0	
3.65396	1	1281880	1281880	0	
3.65652	1	1282442	1282442	0	
3.65652	1	1283340	1283340	0	
3.65899	1	1283886	1283886	0	
3.65899	1	1284800	1284800	0	
3.66147	1	1285330	1285330	0	
3.66147	1	1286260	1286260	0	
3.66394	1	1286774	1286774	0	
3.66394	1	1287720	1287720	0	
3.6664	1	1288218	1288218	0	
3.6664	1	1289180	1289180	0	
3.66887	1	1289662	1289662	0	
3.66887	1	1290640	1290640	0	
3.67134	1	1291106	1291106	0	
3.67134	1	1292100	1292100	0	
3.67391	1	1292550	1292550	0	
3.67391	1	1293560	1293560	0	
3.67638	1	1293994	1293994	0	
3.67638	1	1295020	1295020	0	
3.67884	1	1295438	1295438	0	
3.67884	1	1296480	1296480	0	
3.68131	1	1296882	1296882	0	
3.68131	1	1297940	1297940	0	
3.68378	1	1298326	1298326	0	
3.68378	1	1299400	1299400	0	
3.68636	1	1299770	1299770	0	
3.68636	1	1300860	1300860	0	
3.68882	1	1301214	1301214	0	
3.68882	1	1302320	1302320	0	
3.69129	1	1302658	1302658	0	
3.69129	1	1303780	1303780	0	
3.69376	1	1304102	1304102	0	
3.69376	1	1305240	1305240	0	
3.69623	1	1305546	1305546	0	
3.69623	1	1306700	1306700	0	
3.6987	1	1306990	1306990	0	
3.6987	1	1308160	1308160	0	
3.70126	1	1308434	1308434	0	
3.70126	1	1309620	1309620	0	
3.70373	1	1309878	1309878	0	
3.70373	1	1311080	1311080	0	
3.7062	1	1311322	1311322	0	
3.7062	1	1312540	1312540	0	
3.70868	1	1312766	1312766	0	
3.70868	1	1314000	1314000	0	
3.71115	1	1314210	1314210	0	
3.71115	1	1315460	1315460	0	
3.71362	1	1315654	1315654	0	
3.71362	1	1316920	1316920	0	
3.71608	1	1317098	1317098	0	
3.71608	1	1318380	1318380	0	
3.71865	1	1318542	1318542	0	
3.71865	1	1319840	1319840	0	
3.72112	1	1319986	1319986	0	
3.72112	1	1321300	1321300	0	
3.72359	1	1321430	1321430	0	
3.72359	1	1322760	1322760	0	
3.72606	1	1322874	1322874	0	
3.72606	1	1324220	1324220	0	
3.72852	1	1324318	1324318	0	
3.72852	1	1325680	1325680	0	
3.73099	1	1325762	1325762	0	
3.73099	1	1327140	1327140	0	
3.73357	1	1327206	1327206	0	
3.73357	1	1328600	1328600	0	
3.73603	1	1328650	1328650	0	
3.73603	1	1330060	1330060	0	
3.7385	1	1330094	1330094	0	
3.7385	1	1331520	1331520	0	
3.74097	1	1331538	1331538	0	
3.74097	1	1332980	1332980	0	
3.74344	1	1332982	1332982	0	
3.7459	1	1334434	1334434	0	
3.7459	1	1334440	1334440	0	
3.74837	1	1335879	1335879	0	
3.74837	1	1335900	1335900	0	
3.75094	1	1337324	1337324	0	
3.75094	1	1337360	1337360	0	
3.75341	1	1338769	1338769	0	
3.75341	1	1338820	1338820	0	
3.75588	1	1340214	1340214	0	
3.75588	1	1340280	1340280	0	
3.75835	1	1341658	1341658	0	
3.75835	1	1341740	1341740	0	
3.76082	1	1343102	1343102	0	
3.76082	1	1343200	1343200	0	
3.76339	1	1344546	1344546	0	
3.76339	1	1344660	1344660	0	
3.76585	1	1345990	1345990	0	
3.76585	1	1346120	1346120	0	
3.76832	1	1347434	1347434	0	
3.76832	1	1347580	1347580	0	
3.77079	1	1348878	1348878	0	
3.77079	1	1349040	1349040	0	
3.77326	1	1350322	1350322	0	
3.77326	1	1350500	1350500	0	
3.77573	1	1351766	1351766	0	
3.77573	1	1351960	1351960	0	
3.7782	1	1353210	1353210	0	
3.7782	1	1353420	1353420	0	
3.78068	1	1354654	1354654	0	
3.78068	1	1354880	1354880	0	
3.78324	1	1356098	1356098	0	
3.78324	1	1356340	1356340	0	
3.78571	1	1357542	1357542	0	
3.78571	1	1357800	1357800	0	
3.78818	1	1358986	1358986	0	
3.78818	1	1359260	1359260	0	
3.79065	1	1360430	1360430	0	
3.79065	1	1360720	1360720	0	
3.79312	1	1361874	1361874	0	
3.79312	1	1362180	1362180	0	
3.79568	1	1363318	1363318	0	
3.79568	1	1363640	1363640	0	
3.79815	1	1364762	1364762	0	
3.79815	1	1365100	1365100	0	
3.80062	1	1366206	1366206	0	
3.80062	1	1366560	1366560	0	
3.80309	1	1367650	1367650	0	
3.80309	1	1368020	1368020	0	
3.80556	1	1369094	1369094	0	
3.80556	1	1369480	1369480	0	
3.80803	1	1370538	1370538	0	
3.80803	1	1370940	1370940	0	
3.8106	1	1371982	1371982	0	
3.8106	1	1372400	1372400	0	
3.81307	1	1373426	1373426	0	
3.81307	1	1373860	1373860	0	
3.81553	1	1374870	1374870	0	
3.81553	1	1375320	1375320	0	
3.818	1	1376314	1376314	0	
3.818	1	1376780	1376780	0	
3.82047	1	1377758	1377758	0	
3.82047	1	1378240	1378240	0	
3.82294	1	1379202	1379202	0	
3.82294	1	1379700	1379700	0	
3.82541	1	1380646	1380646	0	
3.82541	1	1381160	1381160	0	
3.82798	1	1382090	1382090	0	
3.82798	1	1382620	1382620	0	
3.83045	1	1383534	1383534	0	
3.83045	1	1384080	1384080	0	
3.83292	1	1384978	1384978	0	
3.83292	1	1385540	1385540	0	
3.83539	1	1386422	1386422	0	
3.83539	1	1387000	1387000	0	
3.83786	1	1387866	1387866	0	
3.83786	1	1388460	1388460	0	
3.84033	1	1389310	1389310	0	
3.84033	1	1389920	1389920	0	
3.84289	1	1390754	1390754	0	
3.84289	1	1391380	1391380	0	
3.84536	1	1392198	1392198	0	
3.84536	1	1392840	1392840	0	
3.84783	1	1393642	1393642	0	
3.84783	1	1394300	1394300	0	
3.85031	1	1395086	1395086	0	
3.85031	1	1395760	1395760	0	
3.85277	1	1396530	1396530	0	
3.85277	1	1397220	1397220	0	
3.85524	1	1397974	1397974	0	
3.85524	1	1398680	1398680	0	
3.85771	1	1399418	1399418	0	
3.85771	1	1400140	1400140	0	
3.86028	1	1400862	1400862	0	
3.86028	1	1401600	1401600	0	
3.86275	1	1402306	1402306	0	
3.86275	1	1403060	1403060	0	
3.86521	1	1403750	1403750	0	
3.86521	1	1404520	1404520	0	
3.86768	1	1405194	1405194	0	
3.86768	1	1405980	1405980	0	
3.87015	1	1406638	1406638	0	
3.87015	1	1407440	1407440	0	
3.87272	1	1408082	1408082	0	
3.87272	1	1408900	1408900	0	
3.87519	1	1409526	1409526	0	
3.87519	1	1410360	1410360	0	
3.87766	1	1410970	1410970	0	
3.87766	1	1411820	1411820	0	
3.88013	1	1412414	1412414	0	
3.88013	1	1413280	1413280	0	
3.8826	1	1413858	1413858	0	
3.8826	1	1414740	1414740	0	
3.88507	1	1415302	1415302	0	
3.88507	1	1416200	1416200	0	
3.88754	1	1416746	1416746	0	
3.88754	1	1417660	1417660	0	
3.89001	1	1418190	1418190	0	
3.89001	1	1419120	1419120	0	
3.89257	1	1419634	1419634	0	
3.89257	1	1420580	1420580	0	
3.89504	1	1421078	1421078	0	
3.89504	1	1422040	1422040	0	
3.89752	1	1422522	1422522	0	
3.89752	1	1423500	1423500	0	
3.89999	1	1423966	1423966	0	
3.89999	1	1424960	1424960	0	
3.90245	1	1425410	1425410	0	
3.90245	1	1426420	1426420	0	
3.90502	1	1426854	1426854	0	
3.90502	1	1427880	1427880	0	
3.90749	1	1428298	1428298	0	
3.90749	1	1429340	1429340	0	
3.90996	1	1429742	1429742	0	
3.90996	1	1430800	1430800	0	
3.91243	1	1431186	1431186	0	
3.91243	1	1432260	1432260	0	
3.91489	1	1432630	1432630	0	
3.91489	1	1433720	1433720	0	
3.91736	1	1434074	1434074	0	
3.91736	1	1435180	1435180	0	
3.91994	1	1435518	1435518	0	
3.91994	1	1436640	1436640	0	
3.9224	1	1436962	1436962	0	
3.9224	1	1438100	1438100	0	
3.92487	1	1438406	1438406	0	
3.92487	1	1439560	1439560	0	
3.92734	1	1439850	1439850	0	
3.92734	1	1441020	1441020	0	
3.92981	1	1441294	1441294	0	
3.92981	1	1442480	1442480	0	
3.93228	1	1442738	1442738	0	
3.93228	1	1443940	1443940	0	
3.93475	1	1444182	1444182	0	
3.93475	1	1445400	1445400	0	
3.93731	1	1445626	1445626	0	
3.93731	1	1446860	1446860	0	
3.93978	1	1447070	1447070	0	
3.93978	1	1448320	1448320	0	
3.94225	1	1448514	1448514	0	
3.94225	1	1449780	1449780	0	
3.94473	1	1449958	1449958	0	
3.94473	1	1451240	1451240	0	
3.9472	1	1451402	1451402	0	
3.9472	1	1452700	1452700	0	
3.94967	1	1452846	1452846	0	
3.94967	1	1454160	1454160	0	
3.95223	1	1454290	1454290	0	
3.95223	1	1455620	1455620	0	
3.9547	1	1455734	1455734	0	
3.9547	1	1457080	1457080	0	
3.95717	1	1457178	1457178	0	
3.95717	1	1458540	1458540	0	
3.95964	1	1458622	1458622	0	
3.95964	1	1460000	1460000	0	
3.96211	1	1460066	1460066	0	
3.96211	1	1461460	1461460	0	
3.96457	1	1461510	1461510	0	
3.96457	1	1462920	1462920	0	
3.96704	1	1462954	1462954	0	
3.96704	1	1464380	1464380	0	
3.96961	1	1464398	1464398	0	
3.96961	1	1465840	1465840	0	
3.97208	1	1465842	1465842	0	
3.97455	1	1467294	1467294	0	
3.97455	1	1467300	1467300	0	
3.97702	1	1468739	1468739	0	
3.97702	1	1468760	1468760	0	
3.97948	1	1470184	1470184	0	
3.97948	1	1470220	1470220	0	
3.98205	1	1471629	1471629	0	
3.98205	1	1471680	1471680	0	
3.98452	1	1473074	1473074	0	
3.98452	1	1473140	1473140	0	
3.98699	1	1474518	1474518	0	
3.98699	1	1474600	1474600	0	
3.98946	1	1475962	1475962	0	
3.98946	1	1476060	1476060	0	
3.99193	1	1477406	1477406	0	
3.99193	1	1477520	1477520	0	
3.9944	1	1478850	1478850	0	
3.9944	1	1478980	1478980	0	
3.99687	1	1480294	1480294	0	
3.99687	1	1480440	1480440	0	
3.99934	1	1481738	1481738	0	
3.99934	1	1481900	1481900	0	
4.0019	1	1483182	1483182	0	
4.0019	1	1483360	1483360	0	
4.00437	1	1484626	1484626	0	
4.00437	1	1484820	1484820	0	
4.00684	1	1486070	1486070	0	
4.00684	1	1486280	1486280	0	
4.00931	1	1487514	1487514	0	
4.00931	1	1487740	1487740	0	
4.01178	1	1488958	1488958	0	
4.01178	1	1489200	1489200	0	
4.01435	1	1490402	1490402	0	
4.01435	1	1490660	1490660	0	
4.01682	1	1491846	1491846	0	
4.01682	1	1492120	1492120	0	
4.01929	1	1493290	1493290	0	
4.01929	1	1493580	1493580	0	
4.02176	1	1494734	1494734	0	
4.02176	1	1495040	1495040	0	
4.02423	1	1496178	1496178	0	
4.02423	1	1496500	1496500	0	
4.0267	1	1497622	1497622	0	
4.0267	1	1497960	1497960	0	
4.02926	1	1499066	1499066	0	
4.02926	1	1499420	1499420	0	
4.03173	1	1500510	1500510	0	
4.03173	1	1500880	1500880	0	
4.0342	1	1501954	1501954	0	
4.0342	1	1502340	1502340	0	
4.03667	1	1503398	1503398	0	
4.03667	1	1503800	1503800	0	
4.03914	1	1504842	1504842	0	
4.03914	1	1505260	1505260	0	
4.04161	1	1506286	1506286	0	
4.04161	1	1506720	1506720	0	
4.04408	1	1507730	1507730	0	
4.04408	1	1508180	1508180	0	
4.04655	1	1509174	1509174	0	
4.04655	1	1509640	1509640	0	
4.04912	1	1510618	1510618	0	
4.04912	1	1511100	1511100	0	
4.05158	1	1512062	1512062	0	
4.05158	1	1512560	1512560	0	
4.05405	1	1513506	1513506	0	
4.05405	1	1514020	1514020	0	
4.05652	1	1514950	1514950	0	
4.05652	1	1515480	1515480	0	
4.05899	1	1516394	1516394	0	
4.05899	1	1516940	1516940	0	
4.06146	1	1517838	1517838	0	
4.06146	1	1518400	1518400	0	
4.06403	1	1519282	1519282	0	
4.06403	1	1519860	1519860	0	
4.0665	1	1520726	1520726	0	
4.0665	1	1521320	1521320	0	
4.06897	1	1522170	1522170	0	
4.06897	1	1522780	1522780	0	
4.07144	1	1523614	1523614	0	
4.07144	1	1524240	1524240	0	
4.07391	1	1525058	1525058	0	
4.07391	1	1525700	1525700	0	
4.07638	1	1526502	1526502	0	
4.07638	1	1527160	1527160	0	
4.07884	1	1527946	1527946	0	
4.07884	1	1528620	1528620	0	
4.08141	1	1529390	1529390	0	
4.08141	1	1530080	1530080	0	
4.08388	1	1530834	1530834	0	
4.08388	1	1531540	1531540	0	
4.08636	1	1532278	1532278	0	
4.08636	1	1533000	1533000	0	
4.08882	1	1533722	1533722	0	
4.08882	1	1534460	1534460	0	
4.09129	1	1535166	1535166	0	
4.09129	1	1535920	1535920	0	
4.09386	1	1536610	1536610	0	
4.09386	1	1537380	1537380	0	
4.09633	1	1538054	1538054	0	
4.09633	1	1538840	1538840	0	
4.0988	1	1539498	1539498	0	
4.0988	1	1540300	1540300	0	
4.10126	1	1540942	1540942	0	
4.10126	1	1541760	1541760	0	
4.10373	1	1542386	1542386	0	
4.10373	1	1543220	1543220	0	
4.1062	1	1543830	1543830	0	
4.1062	1	1544680	1544680	0	
4.10877	1	1545274	1545274	0	
4.10877	1	1546140	1546140	0	
4.11124	1	1546718	1546718	0	
4.11124	1	1547600	1547600	0	
4.11371	1	1548162	1548162	0	
4.11371	1	1549060	1549060	0	
4.11618	1	1549606	1549606	0	
4.11618	1	1550520	1550520	0	
4.11865	1	1551050	1551050	0	
4.11865	1	1551980	1551980	0	
4.12112	1	1552494	1552494	0	
4.12112	1	1553440	1553440	0	
4.12359	1	1553938	1553938	0	
4.12359	1	1554900	1554900	0	
4.12615	1	1555382	1555382	0	
4.12615	1	1556360	1556360	0	
4.12862	1	1556826	1556826	0	
4.12862	1	1557820	1557820	0	
4.13109	1	1558270	1558270	0	
4.13109	1	1559280	1559280	0	
4.13357	1	1559714	1559714	0	
4.13357	1	1560740	1560740	0	
4.13604	1	1561158	1561158	0	
4.13604	1	1562200	1562200	0	
4.1385	1	1562602	1562602	0	
4.1385	1	1563660	1563660	0	
4.14107	1	1564046	1564046	0	
4.14107	1	1565120	1565120	0	
4.14354	1	1565490	1565490	0	
4.14354	1	1566580	1566580	0	
4.14601	1	1566934	1566934	0	
4.14601	1	1568040	1568040	0	
4.14848	1	1568378	1568378	0	
4.14848	1	1569500	1569500	0	
4.15094	1	1569822	1569822	0	
4.15094	1	1570960	1570960	0	
4.15341	1	1571266	1571266	0	
4.15341	1	1572420	1572420	0	
4.15588	1	1572710	1572710	0	
4.15588	1	1573880	1573880	0	
4.15845	1	1574154	1574154	0	
4.15845	1	1575340	1575340	0	
4.16092	1	1575598	1575598	0	
4.16092	1	1576800	1576800	0	
4.16339	1	1577042	1577042	0	
4.16339	1	1578260	1578260	0	
4.16586	1	1578486	1578486	0	
4.16586	1	1579720	1579720	0	
4.16833	1	1579930	1579930	0	
4.16833	1	1581180	1581180	0	
4.1708	1	1581374	1581374	0	
4.1708	1	1582640	1582640	0	
4.17336	1	1582818	1582818	0	
4.17336	1	1584100	1584100	0	
4.17583	1	1584262	1584262	0	
4.17583	1	1585560	1585560	0	
4.1783	1	1585706	1585706	0	
4.1783	1	1587020	1587020	0	
4.18078	1	1587150	1587150	0	
4.18078	1	1588480	1588480	0	
4.18325	1	1588594	1588594	0	
4.18325	1	1589940	1589940	0	
4.18572	1	1590038	1590038	0	
4.18572	1	1591400	1591400	0	
4.18818	1	1591482	1591482	0	
4.18818	1	1592860	1592860	0	
4.19075	1	1592926	1592926	0	
4.19075	1	1594320	1594320	0	
4.19322	1	1594370	1594370	0	
4.19322	1	1595780	1595780	0	
4.19568	1	1595814	1595814	0	
4.19568	1	1597240	1597240	0	
4.19815	1	1597258	1597258	0	
4.19815	1	1598700	1598700	0	
4.20062	1	1598702	1598702	0	
4.20319	1	1600154	1600154	0	
4.20319	1	1600160	1600160	0	
4.20566	1	1601599	1601599	0	
4.20566	1	1601620	1601620	0	
4.20813	1	1603044	1603044	0	
4.20813	1	1603080	1603080	0	
4.2106	1	1604489	1604489	0	
4.2106	1	1604540	1604540	0	
4.21307	1	1605934	1605934	0	
4.21307	1	1606000	1606000	0	
4.21553	1	1607378	1607378	0	
4.21553	1	1607460	1607460	0	
4.2181	1	1608822	1608822	0	
4.2181	1	1608920	1608920	0	
4.22057	1	1610266	1610266	0	
4.22057	1	1610380	1610380	0	
4.22304	1	1611710	1611710	0	
4.22304	1	1611840	1611840	0	
4.22551	1	1613154	1613154	0	
4.22551	1	1613300	1613300	0	
4.22798	1	1614598	1614598	0	
4.22798	1	1614760	1614760	0	
4.23045	1	1616042	1616042	0	
4.23045	1	1616220	1616220	0	
4.23292	1	1617486	1617486	0	
4.23292	1	1617680	1617680	0	
4.23539	1	1618930	1618930	0	
4.23539	1	1619140	1619140	0	
4.23795	1	1620374	1620374	0	
4.23795	1	1620600	1620600	0	
4.24042	1	1621818	1621818	0	
4.24042	1	1622060	1622060	0	
4.24289	1	1623262	1623262	0	
4.24289	1	1623520	1623520	0	
4.24536	1	1624706	1624706	0	
4.24536	1	1624980	1624980	0	
4.24783	1	1626150	1626150	0	
4.24783	1	1626440	1626440	0	
4.25335	1	1627594	1627594	0	
4.25335	1	1627900	1627900	0	
4.25587	1	1629038	1629038	0	
4.25587	1	1629360	1629360	0	
4.25834	1	1630482	1630482	0	
4.25834	1	1630820	1630820	0	
4.26081	1	1631926	1631926	0	
4.26081	1	1632280	1632280	0	
4.26328	1	1633370	1633370	0	
4.26328	1	1633740	1633740	0	
4.26575	1	1634814	1634814	0	
4.26575	1	1635200	1635200	0	
4.26821	1	1636258	1636258	0	
4.26821	1	1636660	1636660	0	
4.27078	1	1637702	1637702	0	
4.27078	1	1638120	1638120	0	
4.27325	1	1639146	1639146	0	
4.27325	1	1639580	1639580	0	
4.27572	1	1640590	1640590	0	
4.27572	1	1641040	1641040	0	
4.27819	1	1642034	1642034	0	
4.27819	1	1642500	1642500	0	
4.28066	1	1643478	1643478	0	
4.28066	1	1643960	1643960	0	
4.28313	1	1644922	1644922	0	
4.28313	1	1645420	1645420	0	
4.2857	1	1646366	1646366	0	
4.2857	1	1646880	1646880	0	
4.28816	1	1647810	1647810	0	
4.28816	1	1648340	1648340	0	
4.29063	1	1649254	1649254	0	
4.29063	1	1649800	1649800	0	
4.2931	1	1650698	1650698	0	
4.2931	1	1651260	1651260	0	
4.29557	1	1652142	1652142	0	
4.29557	1	1652720	1652720	0	
4.29804	1	1653586	1653586	0	
4.29804	1	1654180	1654180	0	
4.30051	1	1655030	1655030	0	
4.30051	1	1655640	1655640	0	
4.30308	1	1656474	1656474	0	
4.30308	1	1657100	1657100	0	
4.30555	1	1657918	1657918	0	
4.30555	1	1658560	1658560	0	
4.30802	1	1659362	1659362	0	
4.30802	1	1660020	1660020	0	
4.31049	1	1660806	1660806	0	
4.31049	1	1661480	1661480	0	
4.31296	1	1662250	1662250	0	
4.31296	1	1662940	1662940	0	
4.31543	1	1663694	1663694	0	
4.31543	1	1664400	1664400	0	
4.31799	1	1665138	1665138	0	
4.31799	1	1665860	1665860	0	
4.32046	1	1666582	1666582	0	
4.32046	1	1667320	1667320	0	
4.32293	1	1668026	1668026	0	
4.32293	1	1668780	1668780	0	
4.3254	1	1669470	1669470	0	
4.3254	1	1670240	1670240	0	
4.32787	1	1670914	1670914	0	
4.32787	1	1671700	1671700	0	
4.33044	1	1672358	1672358	0	
4.33044	1	1673160	1673160	0	
4.33291	1	1673802	1673802	0	
4.33291	1	1674620	1674620	0	
4.33538	1	1675246	1675246	0	
4.33538	1	1676080	1676080	0	
4.33784	1	1676690	1676690	0	
4.33784	1	1677540	1677540	0	
4.34031	1	1678134	1678134	0	
4.34031	1	1679000	1679000	0	
4.34278	1	1679578	1679578	0	
4.34278	1	1680460	1680460	0	
4.34525	1	1681022	1681022	0	
4.34525	1	1681920	1681920	0	
4.34772	1	1682466	1682466	0	
4.34772	1	1683380	1683380	0	
4.35029	1	1683910	1683910	0	
4.35029	1	1684840	1684840	0	
4.35276	1	1685354	1685354	0	
4.35276	1	1686300	1686300	0	
4.3547	1	1686798	1688242	0	
4.3547	1	1686798	1689220	978	
4.35523	1	1686798	1686798	1444	
4.35523	1	1687760	1687760	1444	
4.35717	1	1689686	1689686	0	
4.35717	1	1690680	1690680	0	
4.35973	1	1691130	1691130	0	
4.35973	1	1692140	1692140	0	
4.3622	1	1692574	1692574	0	
4.3622	1	1693600	1693600	0	
4.36467	1	1694018	1694018	0	
4.36467	1	1695060	1695060	0	
4.36714	1	1695462	1695462	0	
4.36714	1	1696520	1696520	0	
4.36962	1	1696906	1696906	0	
4.36962	1	1697980	1697980	0	
4.37208	1	1698350	1698350	0	
4.37208	1	1699440	1699440	0	
4.37455	1	1699794	1699794	0	
4.37455	1	1700900	1700900	0	
4.37712	1	1701238	1701238	0	
4.37712	1	1702360	1702360	0	
4.37959	1	1702682	1702682	0	
4.37959	1	1703820	1703820	0	
4.38206	1	1704126	1704126	0	
4.38206	1	1705280	1705280	0	
4.38452	1	1705570	1705570	0	
4.38452	1	1706740	1706740	0	
4.38699	1	1707014	1707014	0	
4.38699	1	1708200	1708200	0	
4.38946	1	1708458	1708458	0	
4.38946	1	1709660	1709660	0	
4.39204	1	1709902	1709902	0	
4.39204	1	1711120	1711120	0	
4.3945	1	1711346	1711346	0	
4.3945	1	1712580	1712580	0	
4.39697	1	1712790	1712790	0	
4.39697	1	1714040	1714040	0	
4.39944	1	1714234	1714234	0	
4.39944	1	1715500	1715500	0	
4.40191	1	1715678	1715678	0	
4.40191	1	1716960	1716960	0	
4.40448	1	1717122	1717122	0	
4.40448	1	1718420	1718420	0	
4.40694	1	1718566	1718566	0	
4.40694	1	1719880	1719880	0	
4.40941	1	1720010	1720010	0	
4.40941	1	1721340	1721340	0	
4.41188	1	1721454	1721454	0	
4.41188	1	1722800	1722800	0	
4.41435	1	1722898	1722898	0	
4.41435	1	1724260	1724260	0	
4.41683	1	1724342	1724342	0	
4.41683	1	1725720	1725720	0	
4.4193	1	1725786	1725786	0	
4.4193	1	1727180	1727180	0	
4.42176	1	1727230	1727230	0	
4.42176	1	1728640	1728640	0	
4.42433	1	1728674	1728674	0	
4.42433	1	1730100	1730100	0	
4.42679	1	1730118	1730118	0	
4.42679	1	1731560	1731560	0	
4.42926	1	1731562	1731562	0	
4.43173	1	1733014	1733014	0	
4.43173	1	1733020	1733020	0	
4.4342	1	1734459	1734459	0	
4.4342	1	1734480	1734480	0	
4.43676	1	1735904	1735904	0	
4.43676	1	1735940	1735940	0	
4.43924	1	1737349	1737349	0	
4.43924	1	1737400	1737400	0	
4.44171	1	1738794	1738794	0	
4.44171	1	1738860	1738860	0	
4.44418	1	1740238	1740238	0	
4.44418	1	1740320	1740320	0	
4.44665	1	1741682	1741682	0	
4.44665	1	1741780	1741780	0	
4.44912	1	1743126	1743126	0	
4.44912	1	1743240	1743240	0	
4.45553	1	1744570	1744570	0	
4.45553	1	1744700	1744700	0	
4.45805	1	1746014	1746014	0	
4.45805	1	1746160	1746160	0	
4.46062	1	1747458	1747458	0	
4.46062	1	1747620	1747620	0	
4.46309	1	1748902	1748902	0	
4.46309	1	1749080	1749080	0	
4.46556	1	1750346	1750346	0	
4.46556	1	1750540	1750540	0	
4.46803	1	1751790	1751790	0	
4.46803	1	1752000	1752000	0	
4.4705	1	1753234	1753234	0	
4.4705	1	1753460	1753460	0	
4.47307	1	1754678	1754678	0	
4.47307	1	1754920	1754920	0	
4.47553	1	1756122	1756122	0	
4.47553	1	1756380	1756380	0	
4.478	1	1757566	1757566	0	
4.478	1	1757840	1757840	0	
4.48047	1	1759010	1759010	0	
4.48047	1	1759300	1759300	0	
4.48294	1	1760454	1760454	0	
4.48294	1	1760760	1760760	0	
4.48541	1	1761898	1761898	0	
4.48541	1	1762220	1762220	0	
4.48788	1	1763342	1763342	0	
4.48788	1	1763680	1763680	0	
4.49035	1	1764786	1764786	0	
4.49035	1	1765140	1765140	0	
4.49292	1	1766230	1766230	0	
4.49292	1	1766600	1766600	0	
4.49539	1	1767674	1767674	0	
4.49539	1	1768060	1768060	0	
4.49786	1	1769118	1769118	0	
4.49786	1	1769520	1769520	0	
4.50033	1	1770562	1770562	0	
4.50033	1	1770980	1770980	0	
4.5028	1	1772006	1772006	0	
4.5028	1	1772440	1772440	0	
4.50536	1	1773450	1773450	0	
4.50536	1	1773900	1773900	0	
4.50783	1	1774894	1774894	0	
4.50783	1	1775360	1775360	0	
4.5103	1	1776338	1776338	0	
4.5103	1	1776820	1776820	0	
4.51277	1	1777782	1777782	0	
4.51277	1	1778280	1778280	0	
4.51524	1	1779226	1779226	0	
4.51524	1	1779740	1779740	0	
4.51771	1	1780670	1780670	0	
4.51771	1	1781200	1781200	0	
4.52028	1	1782114	1782114	0	
4.52028	1	1782660	1782660	0	
4.52275	1	1783558	1783558	0	
4.52275	1	1784120	1784120	0	
4.52521	1	1785002	1785002	0	
4.52521	1	1785580	1785580	0	
4.52768	1	1786446	1786446	0	
4.52768	1	1787040	1787040	0	
4.53015	1	1787890	1787890	0	
4.53015	1	1788500	1788500	0	
4.53262	1	1789334	1789334	0	
4.53262	1	1789960	1789960	0	
4.53509	1	1790778	1790778	0	
4.53509	1	1791420	1791420	0	
4.53756	1	1792222	1792222	0	
4.53756	1	1792880	1792880	0	
4.54013	1	1793666	1793666	0	
4.54013	1	1794340	1794340	0	
4.5426	1	1795110	1795110	0	
4.5426	1	1795800	1795800	0	
4.54507	1	1796554	1796554	0	
4.54507	1	1797260	1797260	0	
4.54754	1	1797998	1797998	0	
4.54754	1	1798720	1798720	0	
4.55001	1	1799442	1799442	0	
4.55001	1	1800180	1800180	0	
4.55257	1	1800886	1800886	0	
4.55257	1	1801640	1801640	0	
4.55504	1	1802330	1802330	0	
4.55504	1	1803100	1803100	0	
4.55551	1	1803774	1803774	0	
4.55551	1	1804560	1804560	0	
4.55798	1	1805218	1805218	0	
4.55798	1	1806020	1806020	0	
4.56045	1	1806662	1806662	0	
4.56045	1	1807480	1807480	0	
4.56292	1	1808106	1808106	0	
4.56292	1	1808940	1808940	0	
4.56539	1	1809550	1809550	0	
4.56539	1	1810400	1810400	0	
4.56786	1	1810994	1810994	0	
4.56786	1	1811860	1811860	0	
4.57043	1	1812438	1812438	0	
4.57043	1	1813320	1813320	0	
4.57289	1	1813882	1813882	0	
4.57289	1	1814780	1814780	0	
4.57536	1	1815326	1815326	0	
4.57536	1	1816240	1816240	0	
4.57783	1	1816770	1816770	0	
4.57783	1	1817700	1817700	0	
4.5803	1	1818214	1818214	0	
4.5803	1	1819160	1819160	0	
4.58287	1	1819658	1819658	0	
4.58287	1	1820620	1820620	0	
4.58534	1	1821102	1821102	0	
4.58534	1	1822080	1822080	0	
4.58781	1	1822546	1822546	0	
4.58781	1	1823540	1823540	0	
4.59028	1	1823990	1823990	0	
4.59028	1	1825000	1825000	0	
4.59275	1	1825434	1825434	0	
4.59275	1	1826460	1826460	0	
4.59522	1	1826878	1826878	0	
4.59522	1	1827920	1827920	0	
4.59769	1	1828322	1828322	0	
4.59769	1	1829380	1829380	0	
4.60016	1	1829766	1829766	0	
4.60016	1	1830840	1830840	0	
4.60272	1	1831210	1831210	0	
4.60272	1	1832300	1832300	0	
4.60519	1	1832654	1832654	0	
4.60519	1	1833760	1833760	0	
4.60767	1	1834098	1834098	0	
4.60767	1	1835220	1835220	0	
4.61013	1	1835542	1835542	0	
4.61013	1	1836680	1836680	0	
4.6126	1	1836986	1836986	0	
4.6126	1	1838140	1838140	0	
4.61517	1	1838430	1838430	0	
4.61517	1	1839600	1839600	0	
4.61764	1	1839874	1839874	0	
4.61764	1	1841060	1841060	0	
4.62011	1	1841318	1841318	0	
4.62011	1	1842520	1842520	0	
4.62257	1	1842762	1842762	0	
4.62257	1	1843980	1843980	0	
4.62504	1	1844206	1844206	0	
4.62504	1	1845440	1845440	0	
4.62761	1	1845650	1845650	0	
4.62761	1	1846900	1846900	0	
4.63008	1	1847094	1847094	0	
4.63008	1	1848360	1848360	0	
4.63255	1	1848538	1848538	0	
4.63255	1	1849820	1849820	0	
4.63502	1	1849982	1849982	0	
4.63502	1	1851280	1851280	0	
4.63749	1	1851426	1851426	0	
4.63749	1	1852740	1852740	0	
4.63996	1	1852870	1852870	0	
4.63996	1	1854200	1854200	0	
4.64243	1	1854314	1854314	0	
4.64243	1	1855660	1855660	0	
4.6449	1	1855758	1855758	0	
4.6449	1	1857120	1857120	0	
4.64746	1	1857202	1857202	0	
4.64746	1	1858580	1858580	0	
4.64993	1	1858646	1858646	0	
4.64993	1	1860040	1860040	0	
4.6524	1	1860090	1860090	0	
4.6524	1	1861500	1861500	0	
4.65287	1	1861534	1861534	0	
4.65287	1	1862960	1862960	0	
4.65534	1	1862978	1862978	0	
4.65534	1	1864420	1864420	0	
4.6579	1	1864422	1864422	0	
4.66037	1	1865874	1865874	0	
4.66037	1	1865880	1865880	0	
4.66284	1	1867319	1867319	0	
4.66284	1	1867340	1867340	0	
4.66531	1	1868764	1868764	0	
4.66531	1	1868800	1868800	0	
4.66778	1	1870209	1870209	0	
4.66778	1	1870260	1870260	0	
4.67025	1	1871654	1871654	0	
4.67025	1	1871720	1871720	0	
4.67272	1	1873098	1873098	0	
4.67272	1	1873180	1873180	0	
4.67519	1	1874542	1874542	0	
4.67519	1	1874640	1874640	0	
4.67776	1	1875986	1875986	0	
4.67776	1	1876100	1876100	0	
4.68023	1	1877430	1877430	0	
4.68023	1	1877560	1877560	0	
4.6827	1	1878874	1878874	0	
4.6827	1	1879020	1879020	0	
4.68516	1	1880318	1880318	0	
4.68516	1	1880480	1880480	0	
4.68763	1	1881762	1881762	0	
4.68763	1	1881940	1881940	0	
4.6902	1	1883206	1883206	0	
4.6902	1	1883400	1883400	0	
4.69267	1	1884650	1884650	0	
4.69267	1	1884860	1884860	0	
4.69514	1	1886094	1886094	0	
4.69514	1	1886320	1886320	0	
4.69761	1	1887538	1887538	0	
4.69761	1	1887780	1887780	0	
4.70008	1	1888982	1888982	0	
4.70008	1	1889240	1889240	0	
4.70255	1	1890426	1890426	0	
4.70255	1	1890700	1890700	0	
4.70502	1	1891870	1891870	0	
4.70502	1	1892160	1892160	0	
4.70749	1	1893314	1893314	0	
4.70749	1	1893620	1893620	0	
4.71005	1	1894758	1894758	0	
4.71005	1	1895080	1895080	0	
4.71252	1	1896202	1896202	0	
4.71252	1	1896540	1896540	0	
4.71499	1	1897646	1897646	0	
4.71499	1	1898000	1898000	0	
4.71746	1	1899090	1899090	0	
4.71746	1	1899460	1899460	0	
4.71993	1	1900534	1900534	0	
4.71993	1	1900920	1900920	0	
4.7225	1	1901978	1901978	0	
4.7225	1	1902380	1902380	0	
4.72497	1	1903422	1903422	0	
4.72497	1	1903840	1903840	0	
4.72744	1	1904866	1904866	0	
4.72744	1	1905300	1905300	0	
4.72991	1	1906310	1906310	0	
4.72991	1	1906760	1906760	0	
4.73238	1	1907754	1907754	0	
4.73238	1	1908220	1908220	0	
4.73494	1	1909198	1909198	0	
4.73494	1	1909680	1909680	0	
4.73741	1	1910642	1910642	0	
4.73741	1	1911140	1911140	0	
4.73988	1	1912086	1912086	0	
4.73988	1	1912600	1912600	0	
4.74235	1	1913530	1913530	0	
4.74235	1	1914060	1914060	0	
4.74482	1	1914974	1914974	0	
4.74482	1	1915520	1915520	0	
4.74729	1	1916418	1916418	0	
4.74729	1	1916980	1916980	0	
4.74976	1	1917862	1917862	0	
4.74976	1	1918440	1918440	0	
4.75318	1	1919306	1919306	0	
4.75318	1	1919900	1919900	0	
4.7558	1	1920750	1920750	0	
4.7558	1	1921360	1921360	0	
4.75826	1	1922194	1922194	0	
4.75826	1	1922820	1922820	0	
4.76073	1	1923638	1923638	0	
4.76073	1	1924280	1924280	0	
4.7632	1	1925082	1925082	0	
4.7632	1	1925740	1925740	0	
4.76567	1	1926526	1926526	0	
4.76567	1	1927200	1927200	0	
4.76824	1	1927970	1927970	0	
4.76824	1	1928660	1928660	0	
4.77071	1	1929414	1929414	0	
4.77071	1	1930120	1930120	0	
4.77318	1	1930858	1930858	0	
4.77318	1	1931580	1931580	0	
4.77565	1	1932302	1932302	0	
4.77565	1	1933040	1933040	0	
4.77812	1	1933746	1933746	0	
4.77812	1	1934500	1934500	0	
4.78059	1	1935190	1935190	0	
4.78059	1	1935960	1935960	0	
4.78306	1	1936634	1936634	0	
4.78306	1	1937420	1937420	0	
4.78552	1	1938078	1938078	0	
4.78552	1	1938880	1938880	0	
4.78809	1	1939522	1939522	0	
4.78809	1	1940340	1940340	0	
4.79056	1	1940966	1940966	0	
4.79056	1	1941800	1941800	0	
4.79303	1	1942410	1942410	0	
4.79303	1	1943260	1943260	0	
4.7955	1	1943854	1943854	0	
4.7955	1	1944720	1944720	0	
4.79797	1	1945298	1945298	0	
4.79797	1	1946180	1946180	0	
4.80054	1	1946742	1946742	0	
4.80054	1	1947640	1947640	0	
4.80301	1	1948186	1948186	0	
4.80301	1	1949100	1949100	0	
4.80548	1	1949630	1949630	0	
4.80548	1	1950560	1950560	0	
4.80794	1	1951074	1951074	0	
4.80794	1	1952020	1952020	0	
4.81041	1	1952518	1952518	0	
4.81041	1	1953480	1953480	0	
4.81298	1	1953962	1953962	0	
4.81298	1	1954940	1954940	0	
4.81545	1	1955406	1955406	0	
4.81545	1	1956400	1956400	0	
4.81792	1	1956850	1956850	0	
4.81792	1	1957860	1957860	0	
4.82039	1	1958294	1958294	0	
4.82039	1	1959320	1959320	0	
4.82286	1	1959738	1959738	0	
4.82286	1	1960780	1960780	0	
4.82533	1	1961182	1961182	0	
4.82533	1	1962240	1962240	0	
4.8278	1	1962626	1962626	0	
4.8278	1	1963700	1963700	0	
4.83027	1	1964070	1964070	0	
4.83027	1	1965160	1965160	0	
4.83283	1	1965514	1965514	0	
4.83283	1	1966620	1966620	0	
4.8353	1	1966958	1966958	0	
4.8353	1	1968080	1968080	0	
4.83777	1	1968402	1968402	0	
4.83777	1	1969540	1969540	0	
4.84024	1	1969846	1969846	0	
4.84024	1	1971000	1971000	0	
4.84272	1	1971290	1971290	0	
4.84272	1	1972460	1972460	0	
4.84528	1	1972734	1972734	0	
4.84528	1	1973920	1973920	0	
4.84775	1	1974178	1974178	0	
4.84775	1	1975380	1975380	0	
4.85022	1	1975622	1975622	0	
4.85022	1	1976840	1976840	0	
4.85563	1	1977066	1977066	0	
4.85563	1	1978300	1978300	0	
4.85816	1	1978510	1978510	0	
4.85816	1	1979760	1979760	0	
4.86062	1	1979954	1979954	0	
4.86062	1	1981220	1981220	0	
4.86309	1	1981398	1981398	0	
4.86309	1	1982680	1982680	0	
4.86556	1	1982842	1982842	0	
4.86556	1	1984140	1984140	0	
4.86813	1	1984286	1984286	0	
4.86813	1	1985600	1985600	0	
4.8706	1	1985730	1985730	0	
4.8706	1	1987060	1987060	0	
4.87307	1	1987174	1987174	0	
4.87307	1	1988520	1988520	0	
4.87554	1	1988618	1988618	0	
4.87554	1	1989980	1989980	0	
4.87801	1	1990062	1990062	0	
4.87801	1	1991440	1991440	0	
4.88057	1	1991506	1991506	0	
4.88057	1	1992900	1992900	0	
4.88304	1	1992950	1992950	0	
4.88304	1	1994360	1994360	0	
4.88551	1	1994394	1994394	0	
4.88551	1	1995820	1995820	0	
4.88798	1	1995838	1995838	0	
4.88798	1	1997280	1997280	0	
4.89044	1	1997282	1997282	0	
4.89292	1	1998734	1998734	0	
4.89292	1	1998740	1998740	0	
4.89539	1	2000179	2000179	0	
4.89539	1	2000200	2000200	0	
4.89786	1	2001624	2001624	0	
4.89786	1	2001660	2001660	0	
4.90042	1	2003069	2003069	0	
4.90042	1	2003120	2003120	0	
4.90289	1	2004514	2004514	0	
4.90289	1	2004580	2004580	0	
4.90536	1	2005958	2005958	0	
4.90536	1	2006040	2006040	0	
4.90783	1	2007402	2007402	0	
4.90783	1	2007500	2007500	0	
4.9103	1	2008846	2008846	0	
4.9103	1	2008960	2008960	0	
4.91286	1	2010290	2010290	0	
4.91286	1	2010420	2010420	0	
4.91534	1	2011734	2011734	0	
4.91534	1	2011880	2011880	0	
4.91781	1	2013178	2013178	0	
4.91781	1	2013340	2013340	0	
4.92028	1	2014622	2014622	0	
4.92028	1	2014800	2014800	0	
4.92275	1	2016066	2016066	0	
4.92275	1	2016260	2016260	0	
4.92531	1	2017510	2017510	0	
4.92531	1	2017720	2017720	0	
4.92778	1	2018954	2018954	0	
4.92778	1	2019180	2019180	0	
4.93025	1	2020398	2020398	0	
4.93025	1	2020640	2020640	0	
4.93272	1	2021842	2021842	0	
4.93272	1	2022100	2022100	0	
4.93519	1	2023286	2023286	0	
4.93519	1	2023560	2023560	0	
4.93765	1	2024730	2024730	0	
4.93765	1	2025020	2025020	0	
4.94013	1	2026174	2026174	0	
4.94013	1	2026480	2026480	0	
4.9426	1	2027618	2027618	0	
4.9426	1	2027940	2027940	0	
4.94516	1	2029062	2029062	0	
4.94516	1	2029400	2029400	0	
4.94763	1	2030506	2030506	0	
4.94763	1	2030860	2030860	0	
4.9501	1	2031950	2031950	0	
4.9501	1	2032320	2032320	0	
4.95257	1	2033394	2033394	0	
4.95257	1	2033780	2033780	0	
4.95504	1	2034838	2034838	0	
4.95504	1	2035240	2035240	0	
4.9576	1	2036282	2036282	0	
4.9576	1	2036700	2036700	0	
4.96007	1	2037726	2037726	0	
4.96007	1	2038160	2038160	0	
4.96255	1	2039170	2039170	0	
4.96255	1	2039620	2039620	0	
4.96502	1	2040614	2040614	0	
4.96502	1	2041080	2041080	0	
4.96749	1	2042058	2042058	0	
4.96749	1	2042540	2042540	0	
4.96996	1	2043502	2043502	0	
4.96996	1	2044000	2044000	0	
4.97243	1	2044946	2044946	0	
4.97243	1	2045460	2045460	0	
4.97489	1	2046390	2046390	0	
4.97489	1	2046920	2046920	0	
4.97746	1	2047834	2047834	0	
4.97746	1	2048380	2048380	0	
4.97993	1	2049278	2049278	0	
4.97993	1	2049840	2049840	0	
4.9824	1	2050722	2050722	0	
4.9824	1	2051300	2051300	0	
4.98487	1	2052166	2052166	0	
4.98487	1	2052760	2052760	0	
4.98734	1	2053610	2053610	0	
4.98734	1	2054220	2054220	0	
4.98981	1	2055054	2055054	0	
4.98981	1	2055680	2055680	0	
4.99238	1	2056498	2056498	0	
4.99238	1	2057140	2057140	0	
4.99484	1	2057942	2057942	0	
4.99484	1	2058600	2058600	0	
4.99731	1	2059386	2059386	0	
4.99731	1	2060060	2060060	0	
4.99978	1	2060830	2060830	0	
4.99978	1	2061520	2061520	0	
5.00225	1	2062274	2062274	0	
5.00225	1	2062980	2062980	0	
5.00472	1	2063718	2063718	0	
5.00472	1	2064440	2064440	0	
5.00719	1	2065162	2065162	0	
5.00719	1	2065900	2065900	0	
5.00966	1	2066606	2066606	0	
5.00966	1	2067360	2067360	0	
5.01223	1	2068050	2068050	0	
5.01223	1	2068820	2068820	0	
5.0147	1	2069494	2069494	0	
5.0147	1	2070280	2070280	0	
5.01717	1	2070938	2070938	0	
5.01717	1	2071740	2071740	0	
5.01964	1	2072382	2072382	0	
5.01964	1	2073200	2073200	0	
5.02211	1	2073826	2073826	0	
5.02211	1	2074660	2074660	0	
5.02467	1	2075270	2075270	0	
5.02467	1	2076120	2076120	0	
5.02714	1	2076714	2076714	0	
5.02714	1	2077580	2077580	0	
5.02961	1	2078158	2078158	0	
5.02961	1	2079040	2079040	0	
5.03208	1	2079602	2079602	0	
5.03208	1	2080500	2080500	0	
5.03455	1	2081046	2081046	0	
5.03455	1	2081960	2081960	0	
5.03712	1	2082490	2082490	0	
5.03712	1	2083420	2083420	0	
5.03959	1	2083934	2083934	0	
5.03959	1	2084880	2084880	0	
5.04206	1	2085378	2085378	0	
5.04206	1	2086340	2086340	0	
5.04452	1	2086822	2086822	0	
5.04452	1	2087800	2087800	0	
5.04699	1	2088266	2088266	0	
5.04699	1	2089260	2089260	0	
5.04946	1	2089710	2089710	0	
5.04946	1	2090720	2090720	0	
5.05193	1	2091154	2091154	0	
5.05193	1	2092180	2092180	0	
5.0544	1	2092598	2092598	0	
5.0544	1	2093640	2093640	0	
5.05597	1	2094042	2094042	0	
5.05597	1	2095100	2095100	0	
5.05844	1	2095486	2095486	0	
5.05844	1	2096560	2096560	0	
5.06091	1	2096930	2096930	0	
5.06091	1	2098020	2098020	0	
5.06338	1	2098374	2098374	0	
5.06338	1	2099480	2099480	0	
5.06585	1	2099818	2099818	0	
5.06585	1	2100940	2100940	0	
5.06841	1	2101262	2101262	0	
5.06841	1	2102400	2102400	0	
5.07088	1	2102706	2102706	0	
5.07088	1	2103860	2103860	0	
5.07335	1	2104150	2104150	0	
5.07335	1	2105320	2105320	0	
5.07582	1	2105594	2105594	0	
5.07582	1	2106780	2106780	0	
5.07829	1	2107038	2107038	0	
5.07829	1	2108240	2108240	0	
5.08076	1	2108482	2108482	0	
5.08076	1	2109700	2109700	0	
5.08323	1	2109926	2109926	0	
5.08323	1	2111160	2111160	0	
5.0857	1	2111370	2111370	0	
5.0857	1	2112620	2112620	0	
5.08827	1	2112814	2112814	0	
5.08827	1	2114080	2114080	0	
5.09074	1	2114258	2114258	0	
5.09074	1	2115540	2115540	0	
5.0932	1	2115702	2115702	0	
5.0932	1	2117000	2117000	0	
5.09567	1	2117146	2117146	0	
5.09567	1	2118460	2118460	0	
5.09814	1	2118590	2118590	0	
5.09814	1	2119920	2119920	0	
5.10071	1	2120034	2120034	0	
5.10071	1	2121380	2121380	0	
5.10318	1	2121478	2121478	0	
5.10318	1	2122840	2122840	0	
5.10565	1	2122922	2122922	0	
5.10565	1	2124300	2124300	0	
5.10812	1	2124366	2124366	0	
5.10812	1	2125760	2125760	0	
5.11059	1	2125810	2125810	0	
5.11059	1	2127220	2127220	0	
5.11306	1	2127254	2127254	0	
5.11306	1	2128680	2128680	0	
5.11552	1	2128698	2128698	0	
5.11552	1	2130140	2130140	0	
5.11799	1	2130142	2130142	0	
5.12056	1	2131594	2131594	0	
5.12056	1	2131600	2131600	0	
5.12302	1	2133039	2133039	0	
5.12302	1	2133060	2133060	0	
5.12549	1	2134484	2134484	0	
5.12549	1	2134520	2134520	0	
5.12797	1	2135929	2135929	0	
5.12797	1	2135980	2135980	0	
5.13044	1	2137374	2137374	0	
5.13044	1	2137440	2137440	0	
5.133	1	2138818	2138818	0	
5.133	1	2138900	2138900	0	
5.13547	1	2140262	2140262	0	
5.13547	1	2140360	2140360	0	
5.13794	1	2141706	2141706	0	
5.13794	1	2141820	2141820	0	
5.14041	1	2143150	2143150	0	
5.14041	1	2143280	2143280	0	
5.14288	1	2144594	2144594	0	
5.14288	1	2144740	2144740	0	
5.14544	1	2146038	2146038	0	
5.14544	1	2146200	2146200	0	
5.14791	1	2147482	2147482	0	
5.14791	1	2147660	2147660	0	
5.15039	1	2148926	2148926	0	
5.15039	1	2149120	2149120	0	
5.15286	1	2150370	2150370	0	
5.15286	1	2150580	2150580	0	
5.15532	1	2151814	2151814	0	
5.15532	1	2152040	2152040	0	
5.1558	1	2153258	2153258	0	
5.1558	1	2153500	2153500	0	
5.15826	1	2154702	2154702	0	
5.15826	1	2154960	2154960	0	
5.16073	1	2156146	2156146	0	
5.16073	1	2156420	2156420	0	
5.1633	1	2157590	2157590	0	
5.1633	1	2157880	2157880	0	
5.16577	1	2159034	2159034	0	
5.16577	1	2159340	2159340	0	
5.16824	1	2160478	2160478	0	
5.16824	1	2160800	2160800	0	
5.1707	1	2161922	2161922	0	
5.1707	1	2162260	2162260	0	
5.17318	1	2163366	2163366	0	
5.17318	1	2163720	2163720	0	
5.17575	1	2164810	2164810	0	
5.17575	1	2165180	2165180	0	
5.17821	1	2166254	2166254	0	
5.17821	1	2166640	2166640	0	
5.18068	1	2167698	2167698	0	
5.18068	1	2168100	2168100	0	
5.18315	1	2169142	2169142	0	
5.18315	1	2169560	2169560	0	
5.18562	1	2170586	2170586	0	
5.18562	1	2171020	2171020	0	
5.18809	1	2172030	2172030	0	
5.18809	1	2172480	2172480	0	
5.19056	1	2173474	2173474	0	
5.19056	1	2173940	2173940	0	
5.19303	1	2174918	2174918	0	
5.19303	1	2175400	2175400	0	
5.1956	1	2176362	2176362	0	
5.1956	1	2176860	2176860	0	
5.19807	1	2177806	2177806	0	
5.19807	1	2178320	2178320	0	
5.20054	1	2179250	2179250	0	
5.20054	1	2179780	2179780	0	
5.20301	1	2180694	2180694	0	
5.20301	1	2181240	2181240	0	
5.20548	1	2182138	2182138	0	
5.20548	1	2182700	2182700	0	
5.20804	1	2183582	2183582	0	
5.20804	1	2184160	2184160	0	
5.21051	1	2185026	2185026	0	
5.21051	1	2185620	2185620	0	
5.21298	1	2186470	2186470	0	
5.21298	1	2187080	2187080	0	
5.21545	1	2187914	2187914	0	
5.21545	1	2188540	2188540	0	
5.21792	1	2189358	2189358	0	
5.21792	1	2190000	2190000	0	
5.22049	1	2190802	2190802	0	
5.22049	1	2191460	2191460	0	
5.22296	1	2192246	2192246	0	
5.22296	1	2192920	2192920	0	
5.22543	1	2193690	2193690	0	
5.22543	1	2194380	2194380	0	
5.22789	1	2195134	2195134	0	
5.22789	1	2195840	2195840	0	
5.23036	1	2196578	2196578	0	
5.23036	1	2197300	2197300	0	
5.23283	1	2198022	2198022	0	
5.23283	1	2198760	2198760	0	
5.2353	1	2199466	2199466	0	
5.2353	1	2200220	2200220	0	
5.23777	1	2200910	2200910	0	
5.23777	1	2201680	2201680	0	
5.24033	1	2202354	2202354	0	
5.24033	1	2203140	2203140	0	
5.24281	1	2203798	2203798	0	
5.24281	1	2204600	2204600	0	
5.24528	1	2205242	2205242	0	
5.24528	1	2206060	2206060	0	
5.24775	1	2206686	2206686	0	
5.24775	1	2207520	2207520	0	
5.25022	1	2208130	2208130	0	
5.25022	1	2208980	2208980	0	
5.25573	1	2209574	2209574	0	
5.25573	1	2210440	2210440	0	
5.25825	1	2211018	2211018	0	
5.25825	1	2211900	2211900	0	
5.26072	1	2212462	2212462	0	
5.26072	1	2213360	2213360	0	
5.26319	1	2213906	2213906	0	
5.26319	1	2214820	2214820	0	
5.26566	1	2215350	2215350	0	
5.26566	1	2216280	2216280	0	
5.26813	1	2216794	2216794	0	
5.26813	1	2217740	2217740	0	
5.2706	1	2218238	2218238	0	
5.2706	1	2219200	2219200	0	
5.27307	1	2219682	2219682	0	
5.27307	1	2220660	2220660	0	
5.27564	1	2221126	2221126	0	
5.27564	1	2222120	2222120	0	
5.27811	1	2222570	2222570	0	
5.27811	1	2223580	2223580	0	
5.28057	1	2224014	2224014	0	
5.28057	1	2225040	2225040	0	
5.28304	1	2225458	2225458	0	
5.28304	1	2226500	2226500	0	
5.28551	1	2226902	2226902	0	
5.28551	1	2227960	2227960	0	
5.28808	1	2228346	2228346	0	
5.28808	1	2229420	2229420	0	
5.29055	1	2229790	2229790	0	
5.29055	1	2230880	2230880	0	
5.29302	1	2231234	2231234	0	
5.29302	1	2232340	2232340	0	
5.29549	1	2232678	2232678	0	
5.29549	1	2233800	2233800	0	
5.29796	1	2234122	2234122	0	
5.29796	1	2235260	2235260	0	
5.30043	1	2235566	2235566	0	
5.30043	1	2236720	2236720	0	
5.3029	1	2237010	2237010	0	
5.3029	1	2238180	2238180	0	
5.30537	1	2238454	2238454	0	
5.30537	1	2239640	2239640	0	
5.30793	1	2239898	2239898	0	
5.30793	1	2241100	2241100	0	
5.3104	1	2241342	2241342	0	
5.3104	1	2242560	2242560	0	
5.31287	1	2242786	2242786	0	
5.31287	1	2244020	2244020	0	
5.31534	1	2244230	2244230	0	
5.31534	1	2245480	2245480	0	
5.31781	1	2245674	2245674	0	
5.31781	1	2246940	2246940	0	
5.32038	1	2247118	2247118	0	
5.32038	1	2248400	2248400	0	
5.32285	1	2248562	2248562	0	
5.32285	1	2249860	2249860	0	
5.32532	1	2250006	2250006	0	
5.32532	1	2251320	2251320	0	
5.32779	1	2251450	2251450	0	
5.32779	1	2252780	2252780	0	
5.33025	1	2252894	2252894	0	
5.33025	1	2254240	2254240	0	
5.33282	1	2254338	2254338	0	
5.33282	1	2255700	2255700	0	
5.33529	1	2255782	2255782	0	
5.33529	1	2257160	2257160	0	
5.33776	1	2257226	2257226	0	
5.33776	1	2258620	2258620	0	
5.34023	1	2258670	2258670	0	
5.34023	1	2260080	2260080	0	
5.3427	1	2260114	2260114	0	
5.3427	1	2261540	2261540	0	
5.34517	1	2261558	2261558	0	
5.34517	1	2263000	2263000	0	
5.34763	1	2263002	2263002	0	
5.3501	1	2264454	2264454	0	
5.3501	1	2264460	2264460	0	
5.35267	1	2265899	2265899	0	
5.35267	1	2265920	2265920	0	
5.3536	1	2267344	2268789	0	
5.3536	1	2267344	2268840	51	
5.35513	1	2267344	2267344	1445	
5.35513	1	2267380	2267380	1445	
5.35607	1	2270234	2270234	0	
5.35607	1	2270300	2270300	0	
5.35854	1	2271678	2271678	0	
5.35854	1	2271760	2271760	0	
5.36112	1	2273122	2273122	0	
5.36112	1	2273220	2273220	0	
5.36358	1	2274566	2274566	0	
5.36358	1	2274680	2274680	0	
5.36605	1	2276010	2276010	0	
5.36605	1	2276140	2276140	0	
5.36852	1	2277454	2277454	0	
5.36852	1	2277600	2277600	0	
5.37099	1	2278898	2278898	0	
5.37099	1	2279060	2279060	0	
5.37346	1	2280342	2280342	0	
5.37346	1	2280520	2280520	0	
5.37593	1	2281786	2281786	0	
5.37593	1	2281980	2281980	0	
5.3784	1	2283230	2283230	0	
5.3784	1	2283440	2283440	0	
5.38096	1	2284674	2284674	0	
5.38096	1	2284900	2284900	0	
5.38344	1	2286118	2286118	0	
5.38344	1	2286360	2286360	0	
5.38591	1	2287562	2287562	0	
5.38591	1	2287820	2287820	0	
5.38838	1	2289006	2289006	0	
5.38838	1	2289280	2289280	0	
5.39084	1	2290450	2290450	0	
5.39084	1	2290740	2290740	0	
5.39341	1	2291894	2291894	0	
5.39341	1	2292200	2292200	0	
5.39588	1	2293338	2293338	0	
5.39588	1	2293660	2293660	0	
5.39835	1	2294782	2294782	0	
5.39835	1	2295120	2295120	0	
5.40082	1	2296226	2296226	0	
5.40082	1	2296580	2296580	0	
5.40328	1	2297670	2297670	0	
5.40328	1	2298040	2298040	0	
5.40575	1	2299114	2299114	0	
5.40575	1	2299500	2299500	0	
5.40823	1	2300558	2300558	0	
5.40823	1	2300960	2300960	0	
5.4107	1	2302002	2302002	0	
5.4107	1	2302420	2302420	0	
5.41326	1	2303446	2303446	0	
5.41326	1	2303880	2303880	0	
5.41573	1	2304890	2304890	0	
5.41573	1	2305340	2305340	0	
5.4182	1	2306334	2306334	0	
5.4182	1	2306800	2306800	0	
5.42067	1	2307778	2307778	0	
5.42067	1	2308260	2308260	0	
5.42314	1	2309222	2309222	0	
5.42314	1	2309720	2309720	0	
5.4257	1	2310666	2310666	0	
5.4257	1	2311180	2311180	0	
5.42817	1	2312110	2312110	0	
5.42817	1	2312640	2312640	0	
5.43065	1	2313554	2313554	0	
5.43065	1	2314100	2314100	0	
5.43312	1	2314998	2314998	0	
5.43312	1	2315560	2315560	0	
5.43559	1	2316442	2316442	0	
5.43559	1	2317020	2317020	0	
5.43815	1	2317886	2317886	0	
5.43815	1	2318480	2318480	0	
5.44062	1	2319330	2319330	0	
5.44062	1	2319940	2319940	0	
5.44309	1	2320774	2320774	0	
5.44309	1	2321400	2321400	0	
5.44556	1	2322218	2322218	0	
5.44556	1	2322860	2322860	0	
5.44803	1	2323662	2323662	0	
5.44803	1	2324320	2324320	0	
5.4505	1	2325106	2325106	0	
5.4505	1	2325780	2325780	0	
5.45297	1	2326550	2326550	0	
5.45297	1	2327240	2327240	0	
5.45544	1	2327994	2327994	0	
5.45544	1	2328700	2328700	0	
5.45801	1	2329438	2329438	0	
5.45801	1	2330160	2330160	0	
5.46048	1	2330882	2330882	0	
5.46048	1	2331620	2331620	0	
5.46294	1	2332326	2332326	0	
5.46294	1	2333080	2333080	0	
5.46541	1	2333770	2333770	0	
5.46541	1	2334540	2334540	0	
5.46788	1	2335214	2335214	0	
5.46788	1	2336000	2336000	0	
5.47035	1	2336658	2336658	0	
5.47035	1	2337460	2337460	0	
5.47292	1	2338102	2338102	0	
5.47292	1	2338920	2338920	0	
5.47538	1	2339546	2339546	0	
5.47538	1	2340380	2340380	0	
5.47786	1	2340990	2340990	0	
5.47786	1	2341840	2341840	0	
5.48033	1	2342434	2342434	0	
5.48033	1	2343300	2343300	0	
5.4828	1	2343878	2343878	0	
5.4828	1	2344760	2344760	0	
5.48527	1	2345322	2345322	0	
5.48527	1	2346220	2346220	0	
5.48774	1	2346766	2346766	0	
5.48774	1	2347680	2347680	0	
5.4902	1	2348210	2348210	0	
5.4902	1	2349140	2349140	0	
5.49277	1	2349654	2349654	0	
5.49277	1	2350600	2350600	0	
5.49524	1	2351098	2351098	0	
5.49524	1	2352060	2352060	0	
5.49771	1	2352542	2352542	0	
5.49771	1	2353520	2353520	0	
5.50018	1	2353986	2353986	0	
5.50018	1	2354980	2354980	0	
5.50265	1	2355430	2355430	0	
5.50265	1	2356440	2356440	0	
5.50522	1	2356874	2356874	0	
5.50522	1	2357900	2357900	0	
5.50769	1	2358318	2358318	0	
5.50769	1	2359360	2359360	0	
5.51016	1	2359762	2359762	0	
5.51016	1	2360820	2360820	0	
5.51262	1	2361206	2361206	0	
5.51262	1	2362280	2362280	0	
5.51509	1	2362650	2362650	0	
5.51509	1	2363740	2363740	0	
5.51756	1	2364094	2364094	0	
5.51756	1	2365200	2365200	0	
5.52003	1	2365538	2365538	0	
5.52003	1	2366660	2366660	0	
5.5225	1	2366982	2366982	0	
5.5225	1	2368120	2368120	0	
5.52507	1	2368426	2368426	0	
5.52507	1	2369580	2369580	0	
5.52754	1	2369870	2369870	0	
5.52754	1	2371040	2371040	0	
5.53001	1	2371314	2371314	0	
5.53001	1	2372500	2372500	0	
5.53248	1	2372758	2372758	0	
5.53248	1	2373960	2373960	0	
5.53495	1	2374202	2374202	0	
5.53495	1	2375420	2375420	0	
5.53751	1	2375646	2375646	0	
5.53751	1	2376880	2376880	0	
5.53998	1	2377090	2377090	0	
5.53998	1	2378340	2378340	0	
5.54245	1	2378534	2378534	0	
5.54245	1	2379800	2379800	0	
5.54492	1	2379978	2379978	0	
5.54492	1	2381260	2381260	0	
5.54739	1	2381422	2381422	0	
5.54739	1	2382720	2382720	0	
5.54996	1	2382866	2382866	0	
5.54996	1	2384180	2384180	0	
5.55637	1	2384310	2384310	0	
5.55637	1	2385640	2385640	0	
5.5589	1	2385754	2385754	0	
5.5589	1	2387100	2387100	0	
5.56137	1	2387198	2387198	0	
5.56137	1	2388560	2388560	0	
5.56384	1	2388642	2388642	0	
5.56384	1	2390020	2390020	0	
5.5663	1	2390086	2390086	0	
5.5663	1	2391480	2391480	0	
5.56877	1	2391530	2391530	0	
5.56877	1	2392940	2392940	0	
5.57124	1	2392974	2392974	0	
5.57124	1	2394400	2394400	0	
5.5738	1	2394418	2394418	0	
5.5738	1	2395860	2395860	0	
5.57628	1	2395862	2395862	0	
5.57875	1	2397314	2397314	0	
5.57875	1	2397320	2397320	0	
5.58121	1	2398759	2398759	0	
5.58121	1	2398780	2398780	0	
5.58368	1	2400204	2400204	0	
5.58368	1	2400240	2400240	0	
5.58625	1	2401649	2401649	0	
5.58625	1	2401700	2401700	0	
5.58872	1	2403094	2403094	0	
5.58872	1	2403160	2403160	0	
5.59119	1	2404538	2404538	0	
5.59119	1	2404620	2404620	0	
5.59365	1	2405982	2405982	0	
5.59365	1	2406080	2406080	0	
5.59612	1	2407426	2407426	0	
5.59612	1	2407540	2407540	0	
5.59859	1	2408870	2408870	0	
5.59859	1	2409000	2409000	0	
5.60107	1	2410314	2410314	0	
5.60107	1	2410460	2410460	0	
5.60354	1	2411758	2411758	0	
5.60354	1	2411920	2411920	0	
5.6061	1	2413202	2413202	0	
5.6061	1	2413380	2413380	0	
5.60857	1	2414646	2414646	0	
5.60857	1	2414840	2414840	0	
5.61104	1	2416090	2416090	0	
5.61104	1	2416300	2416300	0	
5.61351	1	2417534	2417534	0	
5.61351	1	2417760	2417760	0	
5.61598	1	2418978	2418978	0	
5.61598	1	2419220	2419220	0	
5.61854	1	2420422	2420422	0	
5.61854	1	2420680	2420680	0	
5.62101	1	2421866	2421866	0	
5.62101	1	2422140	2422140	0	
5.62349	1	2423310	2423310	0	
5.62349	1	2423600	2423600	0	
5.62596	1	2424754	2424754	0	
5.62596	1	2425060	2425060	0	
5.62843	1	2426198	2426198	0	
5.62843	1	2426520	2426520	0	
5.63089	1	2427642	2427642	0	
5.63089	1	2427980	2427980	0	
5.63336	1	2429086	2429086	0	
5.63336	1	2429440	2429440	0	
5.63583	1	2430530	2430530	0	
5.63583	1	2430900	2430900	0	
5.6384	1	2431974	2431974	0	
5.6384	1	2432360	2432360	0	
5.64087	1	2433418	2433418	0	
5.64087	1	2433820	2433820	0	
5.64333	1	2434862	2434862	0	
5.64333	1	2435280	2435280	0	
5.6458	1	2436306	2436306	0	
5.6458	1	2436740	2436740	0	
5.64828	1	2437750	2437750	0	
5.64828	1	2438200	2438200	0	
5.65084	1	2439194	2439194	0	
5.65084	1	2439660	2439660	0	
5.65331	1	2440638	2440638	0	
5.65331	1	2441120	2441120	0	
5.65578	1	2442082	2442082	0	
5.65578	1	2442580	2442580	0	
5.65725	1	2443526	2443526	0	
5.65725	1	2444040	2444040	0	
5.65972	1	2444970	2444970	0	
5.65972	1	2445500	2445500	0	
5.66228	1	2446414	2446414	0	
5.66228	1	2446960	2446960	0	
5.66475	1	2447858	2447858	0	
5.66475	1	2448420	2448420	0	
5.66722	1	2449302	2449302	0	
5.66722	1	2449880	2449880	0	
5.6697	1	2450746	2450746	0	
5.6697	1	2451340	2451340	0	
5.67217	1	2452190	2452190	0	
5.67217	1	2452800	2452800	0	
5.67464	1	2453634	2453634	0	
5.67464	1	2454260	2454260	0	
5.67711	1	2455078	2455078	0	
5.67711	1	2455720	2455720	0	
5.67957	1	2456522	2456522	0	
5.67957	1	2457180	2457180	0	
5.68214	1	2457966	2457966	0	
5.68214	1	2458640	2458640	0	
5.68461	1	2459410	2459410	0	
5.68461	1	2460100	2460100	0	
5.68708	1	2460854	2460854	0	
5.68708	1	2461560	2461560	0	
5.68955	1	2462298	2462298	0	
5.68955	1	2463020	2463020	0	
5.69201	1	2463742	2463742	0	
5.69201	1	2464480	2464480	0	
5.69459	1	2465186	2465186	0	
5.69459	1	2465940	2465940	0	
5.69706	1	2466630	2466630	0	
5.69706	1	2467400	2467400	0	
5.69952	1	2468074	2468074	0	
5.69952	1	2468860	2468860	0	
5.70199	1	2469518	2469518	0	
5.70199	1	2470320	2470320	0	
5.70446	1	2470962	2470962	0	
5.70446	1	2471780	2471780	0	
5.70693	1	2472406	2472406	0	
5.70693	1	2473240	2473240	0	
5.7094	1	2473850	2473850	0	
5.7094	1	2474700	2474700	0	
5.71187	1	2475294	2475294	0	
5.71187	1	2476160	2476160	0	
5.71443	1	2476738	2476738	0	
5.71443	1	2477620	2477620	0	
5.71691	1	2478182	2478182	0	
5.71691	1	2479080	2479080	0	
5.71938	1	2479626	2479626	0	
5.71938	1	2480540	2480540	0	
5.72185	1	2481070	2481070	0	
5.72185	1	2482000	2482000	0	
5.72432	1	2482514	2482514	0	
5.72432	1	2483460	2483460	0	
5.72688	1	2483958	2483958	0	
5.72688	1	2484920	2484920	0	
5.72935	1	2485402	2485402	0	
5.72935	1	2486380	2486380	0	
5.73182	1	2486846	2486846	0	
5.73182	1	2487840	2487840	0	
5.73429	1	2488290	2488290	0	
5.73429	1	2489300	2489300	0	
5.73676	1	2489734	2489734	0	
5.73676	1	2490760	2490760	0	
5.73933	1	2491178	2491178	0	
5.73933	1	2492220	2492220	0	
5.7418	1	2492622	2492622	0	
5.7418	1	2493680	2493680	0	
5.74427	1	2494066	2494066	0	
5.74427	1	2495140	2495140	0	
5.74674	1	2495510	2495510	0	
5.74674	1	2496600	2496600	0	
5.7492	1	2496954	2496954	0	
5.7492	1	2498060	2498060	0	
5.75167	1	2498398	2498398	0	
5.75167	1	2499520	2499520	0	
5.75361	1	2499842	2501286	0	
5.75361	1	2499842	2502440	1154	
5.75414	1	2499842	2499842	1444	
5.75414	1	2500980	2500980	1444	
5.75618	1	2502730	2502730	0	
5.75618	1	2503900	2503900	0	
5.75865	1	2504174	2504174	0	
5.75865	1	2505360	2505360	0	
5.76112	1	2505618	2505618	0	
5.76112	1	2506820	2506820	0	
5.76359	1	2507062	2507062	0	
5.76359	1	2508280	2508280	0	
5.76606	1	2508506	2508506	0	
5.76606	1	2509740	2509740	0	
5.76862	1	2509950	2509950	0	
5.76862	1	2511200	2511200	0	
5.77109	1	2511394	2511394	0	
5.77109	1	2512660	2512660	0	
5.77356	1	2512838	2512838	0	
5.77356	1	2514120	2514120	0	
5.77603	1	2514282	2514282	0	
5.77603	1	2515580	2515580	0	
5.7785	1	2515726	2515726	0	
5.7785	1	2517040	2517040	0	
5.78097	1	2517170	2517170	0	
5.78097	1	2518500	2518500	0	
5.78344	1	2518614	2518614	0	
5.78344	1	2519960	2519960	0	
5.78591	1	2520058	2520058	0	
5.78591	1	2521420	2521420	0	
5.78848	1	2521502	2521502	0	
5.78848	1	2522880	2522880	0	
5.79095	1	2522946	2522946	0	
5.79095	1	2524340	2524340	0	
5.79341	1	2524390	2524390	0	
5.79341	1	2525800	2525800	0	
5.79588	1	2525834	2525834	0	
5.79588	1	2527260	2527260	0	
5.79835	1	2527278	2527278	0	
5.79835	1	2528720	2528720	0	
5.80091	1	2528722	2528722	0	
5.80338	1	2530174	2530174	0	
5.80338	1	2530180	2530180	0	
5.80585	1	2531619	2531619	0	
5.80585	1	2531640	2531640	0	
5.80833	1	2533064	2533064	0	
5.80833	1	2533100	2533100	0	
5.8108	1	2534509	2534509	0	
5.8108	1	2534560	2534560	0	
5.81326	1	2535954	2535954	0	
5.81326	1	2536020	2536020	0	
5.81573	1	2537398	2537398	0	
5.81573	1	2537480	2537480	0	
5.8182	1	2538842	2538842	0	
5.8182	1	2538940	2538940	0	
5.82077	1	2540286	2540286	0	
5.82077	1	2540400	2540400	0	
5.82324	1	2541730	2541730	0	
5.82324	1	2541860	2541860	0	
5.8257	1	2543174	2543174	0	
5.8257	1	2543320	2543320	0	
5.82817	1	2544618	2544618	0	
5.82817	1	2544780	2544780	0	
5.83064	1	2546062	2546062	0	
5.83064	1	2546240	2546240	0	
5.83321	1	2547506	2547506	0	
5.83321	1	2547700	2547700	0	
5.83568	1	2548950	2548950	0	
5.83568	1	2549160	2549160	0	
5.83815	1	2550394	2550394	0	
5.83815	1	2550620	2550620	0	
5.84062	1	2551838	2551838	0	
5.84062	1	2552080	2552080	0	
5.84309	1	2553282	2553282	0	
5.84309	1	2553540	2553540	0	
5.84565	1	2554726	2554726	0	
5.84565	1	2555000	2555000	0	
5.84812	1	2556170	2556170	0	
5.84812	1	2556460	2556460	0	
5.85154	1	2557614	2557614	0	
5.85154	1	2557920	2557920	0	
5.85406	1	2559058	2559058	0	
5.85406	1	2559380	2559380	0	
5.85654	1	2560502	2560502	0	
5.85654	1	2560840	2560840	0	
5.85901	1	2561946	2561946	0	
5.85901	1	2562300	2562300	0	
5.86148	1	2563390	2563390	0	
5.86148	1	2563760	2563760	0	
5.86394	1	2564834	2564834	0	
5.86394	1	2565220	2565220	0	
5.86651	1	2566278	2566278	0	
5.86651	1	2566680	2566680	0	
5.86898	1	2567722	2567722	0	
5.86898	1	2568140	2568140	0	
5.87145	1	2569166	2569166	0	
5.87145	1	2569600	2569600	0	
5.87392	1	2570610	2570610	0	
5.87392	1	2571060	2571060	0	
5.87638	1	2572054	2572054	0	
5.87638	1	2572520	2572520	0	
5.87896	1	2573498	2573498	0	
5.87896	1	2573980	2573980	0	
5.88143	1	2574942	2574942	0	
5.88143	1	2575440	2575440	0	
5.88389	1	2576386	2576386	0	
5.88389	1	2576900	2576900	0	
5.88636	1	2577830	2577830	0	
5.88636	1	2578360	2578360	0	
5.88883	1	2579274	2579274	0	
5.88883	1	2579820	2579820	0	
5.8913	1	2580718	2580718	0	
5.8913	1	2581280	2581280	0	
5.89377	1	2582162	2582162	0	
5.89377	1	2582740	2582740	0	
5.89624	1	2583606	2583606	0	
5.89624	1	2584200	2584200	0	
5.8988	1	2585050	2585050	0	
5.8988	1	2585660	2585660	0	
5.90127	1	2586494	2586494	0	
5.90127	1	2587120	2587120	0	
5.90375	1	2587938	2587938	0	
5.90375	1	2588580	2588580	0	
5.90622	1	2589382	2589382	0	
5.90622	1	2590040	2590040	0	
5.90869	1	2590826	2590826	0	
5.90869	1	2591500	2591500	0	
5.91125	1	2592270	2592270	0	
5.91125	1	2592960	2592960	0	
5.91372	1	2593714	2593714	0	
5.91372	1	2594420	2594420	0	
5.91619	1	2595158	2595158	0	
5.91619	1	2595880	2595880	0	
5.91866	1	2596602	2596602	0	
5.91866	1	2597340	2597340	0	
5.92113	1	2598046	2598046	0	
5.92113	1	2598800	2598800	0	
5.9236	1	2599490	2599490	0	
5.9236	1	2600260	2600260	0	
5.92606	1	2600934	2600934	0	
5.92606	1	2601720	2601720	0	
5.92854	1	2602378	2602378	0	
5.92854	1	2603180	2603180	0	
5.93111	1	2603822	2603822	0	
5.93111	1	2604640	2604640	0	
5.93357	1	2605266	2605266	0	
5.93357	1	2606100	2606100	0	
5.93604	1	2606710	2606710	0	
5.93604	1	2607560	2607560	0	
5.93851	1	2608154	2608154	0	
5.93851	1	2609020	2609020	0	
5.94098	1	2609598	2609598	0	
5.94098	1	2610480	2610480	0	
5.94355	1	2611042	2611042	0	
5.94355	1	2611940	2611940	0	
5.94601	1	2612486	2612486	0	
5.94601	1	2613400	2613400	0	
5.94848	1	2613930	2613930	0	
5.94848	1	2614860	2614860	0	
5.95096	1	2615374	2615374	0	
5.95096	1	2616320	2616320	0	
5.95537	1	2616818	2616818	0	
5.95537	1	2617780	2617780	0	
5.9579	1	2618262	2618262	0	
5.9579	1	2619240	2619240	0	
5.96046	1	2619706	2619706	0	
5.96046	1	2620700	2620700	0	
5.96293	1	2621150	2621150	0	
5.96293	1	2622160	2622160	0	
5.9654	1	2622594	2622594	0	
5.9654	1	2623620	2623620	0	
5.96787	1	2624038	2624038	0	
5.96787	1	2625080	2625080	0	
5.97034	1	2625482	2625482	0	
5.97034	1	2626540	2626540	0	
5.97281	1	2626926	2626926	0	
5.97281	1	2628000	2628000	0	
5.97528	1	2628370	2628370	0	
5.97528	1	2629460	2629460	0	
5.97775	1	2629814	2629814	0	
5.97775	1	2630920	2630920	0	
5.98032	1	2631258	2631258	0	
5.98032	1	2632380	2632380	0	
5.98279	1	2632702	2632702	0	
5.98279	1	2633840	2633840	0	
5.98525	1	2634146	2634146	0	
5.98525	1	2635300	2635300	0	
5.98772	1	2635590	2635590	0	
5.98772	1	2636760	2636760	0	
5.99019	1	2637034	2637034	0	
5.99019	1	2638220	2638220	0	
5.99276	1	2638478	2638478	0	
5.99276	1	2639680	2639680	0	
5.99523	1	2639922	2639922	0	
5.99523	1	2641140	2641140	0	
5.99769	1	2641366	2641366	0	
5.99769	1	2642600	2642600	0	
6.00017	1	2642810	2642810	0	
6.00017	1	2644060	2644060	0	
6.00264	1	2644254	2644254	0	
6.00264	1	2645520	2645520	0	
6.00511	1	2645698	2645698	0	
6.00511	1	2646980	2646980	0	
6.00758	1	2647142	2647142	0	
6.00758	1	2648440	2648440	0	
6.01005	1	2648586	2648586	0	
6.01005	1	2649900	2649900	0	
6.01261	1	2650030	2650030	0	
6.01261	1	2651360	2651360	0	
6.01508	1	2651474	2651474	0	
6.01508	1	2652820	2652820	0	
6.01755	1	2652918	2652918	0	
6.01755	1	2654280	2654280	0	
6.02002	1	2654362	2654362	0	
6.02002	1	2655740	2655740	0	
6.02249	1	2655806	2655806	0	
6.02249	1	2657200	2657200	0	
6.02506	1	2657250	2657250	0	
6.02506	1	2658660	2658660	0	
6.02752	1	2658694	2658694	0	
6.02752	1	2660120	2660120	0	
6.02999	1	2660138	2660138	0	
6.02999	1	2661580	2661580	0	
6.03246	1	2661582	2661582	0	
6.03493	1	2663034	2663034	0	
6.03493	1	2663040	2663040	0	
6.0374	1	2664479	2664479	0	
6.0374	1	2664500	2664500	0	
6.03987	1	2665924	2665924	0	
6.03987	1	2665960	2665960	0	
6.04233	1	2667369	2667369	0	
6.04233	1	2667420	2667420	0	
6.0449	1	2668814	2668814	0	
6.0449	1	2668880	2668880	0	
6.04738	1	2670258	2670258	0	
6.04738	1	2670340	2670340	0	
6.04984	1	2671702	2671702	0	
6.04984	1	2671800	2671800	0	
6.05231	1	2673146	2673146	0	
6.05231	1	2673260	2673260	0	
6.05435	1	2674590	2676034	0	
6.05435	1	2674590	2676180	146	
6.05478	1	2674590	2674590	1444	
6.05478	1	2674720	2674720	1444	
6.05682	1	2677478	2677478	0	
6.05682	1	2677640	2677640	0	
6.05928	1	2678922	2678922	0	
6.05928	1	2679100	2679100	0	
6.06175	1	2680366	2680366	0	
6.06175	1	2680560	2680560	0	
6.06422	1	2681810	2681810	0	
6.06422	1	2682020	2682020	0	
6.0668	1	2683254	2683254	0	
6.0668	1	2683480	2683480	0	
6.06926	1	2684698	2684698	0	
6.06926	1	2684940	2684940	0	
6.07173	1	2686142	2686142	0	
6.07173	1	2686400	2686400	0	
6.0742	1	2687586	2687586	0	
6.0742	1	2687860	2687860	0	
6.07667	1	2689030	2689030	0	
6.07667	1	2689320	2689320	0	
6.07914	1	2690474	2690474	0	
6.07914	1	2690780	2690780	0	
6.08161	1	2691918	2691918	0	
6.08161	1	2692240	2692240	0	
6.08408	1	2693362	2693362	0	
6.08408	1	2693700	2693700	0	
6.08664	1	2694806	2694806	0	
6.08664	1	2695160	2695160	0	
6.08911	1	2696250	2696250	0	
6.08911	1	2696620	2696620	0	
6.09159	1	2697694	2697694	0	
6.09159	1	2698080	2698080	0	
6.09406	1	2699138	2699138	0	
6.09406	1	2699540	2699540	0	
6.09652	1	2700582	2700582	0	
6.09652	1	2701000	2701000	0	
6.09909	1	2702026	2702026	0	
6.09909	1	2702460	2702460	0	
6.10156	1	2703470	2703470	0	
6.10156	1	2703920	2703920	0	
6.10403	1	2704914	2704914	0	
6.10403	1	2705380	2705380	0	
6.1065	1	2706358	2706358	0	
6.1065	1	2706840	2706840	0	
6.10896	1	2707802	2707802	0	
6.10896	1	2708300	2708300	0	
6.11143	1	2709246	2709246	0	
6.11143	1	2709760	2709760	0	
6.1139	1	2710690	2710690	0	
6.1139	1	2711220	2711220	0	
6.11638	1	2712134	2712134	0	
6.11638	1	2712680	2712680	0	
6.11894	1	2713578	2713578	0	
6.11894	1	2714140	2714140	0	
6.12141	1	2715022	2715022	0	
6.12141	1	2715600	2715600	0	
6.12388	1	2716466	2716466	0	
6.12388	1	2717060	2717060	0	
6.12635	1	2717910	2717910	0	
6.12635	1	2718520	2718520	0	
6.12882	1	2719354	2719354	0	
6.12882	1	2719980	2719980	0	
6.13138	1	2720798	2720798	0	
6.13138	1	2721440	2721440	0	
6.13385	1	2722242	2722242	0	
6.13385	1	2722900	2722900	0	
6.13632	1	2723686	2723686	0	
6.13632	1	2724360	2724360	0	
6.1388	1	2725130	2725130	0	
6.1388	1	2725820	2725820	0	
6.14127	1	2726574	2726574	0	
6.14127	1	2727280	2727280	0	
6.14383	1	2728018	2728018	0	
6.14383	1	2728740	2728740	0	
6.1463	1	2729462	2729462	0	
6.1463	1	2730200	2730200	0	
6.14877	1	2730906	2730906	0	
6.14877	1	2731660	2731660	0	
6.15124	1	2732350	2732350	0	
6.15124	1	2733120	2733120	0	
6.15371	1	2733794	2733794	0	
6.15371	1	2734580	2734580	0	
6.15618	1	2735238	2735238	0	
6.15618	1	2736040	2736040	0	
6.15864	1	2736682	2736682	0	
6.15864	1	2737500	2737500	0	
6.16111	1	2738126	2738126	0	
6.16111	1	2738960	2738960	0	
6.16369	1	2739570	2739570	0	
6.16369	1	2740420	2740420	0	
6.16616	1	2741014	2741014	0	
6.16616	1	2741880	2741880	0	
6.16862	1	2742458	2742458	0	
6.16862	1	2743340	2743340	0	
6.17109	1	2743902	2743902	0	
6.17109	1	2744800	2744800	0	
6.17356	1	2745346	2745346	0	
6.17356	1	2746260	2746260	0	
6.17613	1	2746790	2746790	0	
6.17613	1	2747720	2747720	0	
6.1786	1	2748234	2748234	0	
6.1786	1	2749180	2749180	0	
6.18106	1	2749678	2749678	0	
6.18106	1	2750640	2750640	0	
6.18353	1	2751122	2751122	0	
6.18353	1	2752100	2752100	0	
6.18601	1	2752566	2752566	0	
6.18601	1	2753560	2753560	0	
6.18848	1	2754010	2754010	0	
6.18848	1	2755020	2755020	0	
6.19095	1	2755454	2755454	0	
6.19095	1	2756480	2756480	0	
6.19342	1	2756898	2756898	0	
6.19342	1	2757940	2757940	0	
6.19598	1	2758342	2758342	0	
6.19598	1	2759400	2759400	0	
6.19845	1	2759786	2759786	0	
6.19845	1	2760860	2760860	0	
6.20092	1	2761230	2761230	0	
6.20092	1	2762320	2762320	0	
6.20339	1	2762674	2762674	0	
6.20339	1	2763780	2763780	0	
6.20586	1	2764118	2764118	0	
6.20586	1	2765240	2765240	0	
6.20843	1	2765562	2765562	0	
6.20843	1	2766700	2766700	0	
6.2109	1	2767006	2767006	0	
6.2109	1	2768160	2768160	0	
6.21337	1	2768450	2768450	0	
6.21337	1	2769620	2769620	0	
6.21584	1	2769894	2769894	0	
6.21584	1	2771080	2771080	0	
6.2183	1	2771338	2771338	0	
6.2183	1	2772540	2772540	0	
6.22077	1	2772782	2772782	0	
6.22077	1	2774000	2774000	0	
6.22324	1	2774226	2774226	0	
6.22324	1	2775460	2775460	0	
6.22571	1	2775670	2775670	0	
6.22571	1	2776920	2776920	0	
6.22828	1	2777114	2777114	0	
6.22828	1	2778380	2778380	0	
6.23074	1	2778558	2778558	0	
6.23074	1	2779840	2779840	0	
6.23322	1	2780002	2780002	0	
6.23322	1	2781300	2781300	0	
6.23569	1	2781446	2781446	0	
6.23569	1	2782760	2782760	0	
6.23816	1	2782890	2782890	0	
6.23816	1	2784220	2784220	0	
6.24072	1	2784334	2784334	0	
6.24072	1	2785680	2785680	0	
6.24319	1	2785778	2785778	0	
6.24319	1	2787140	2787140	0	
6.24566	1	2787222	2787222	0	
6.24566	1	2788600	2788600	0	
6.24813	1	2788666	2788666	0	
6.24813	1	2790060	2790060	0	
6.25254	1	2790110	2790110	0	
6.25254	1	2791520	2791520	0	
6.25516	1	2791554	2791554	0	
6.25516	1	2792980	2792980	0	
6.25764	1	2792998	2792998	0	
6.25764	1	2794440	2794440	0	
6.2601	1	2794442	2794442	0	
6.26257	1	2795894	2795894	0	
6.26257	1	2795900	2795900	0	
6.26504	1	2797339	2797339	0	
6.26504	1	2797360	2797360	0	
6.26751	1	2798784	2798784	0	
6.26751	1	2798820	2798820	0	
6.26998	1	2800229	2800229	0	
6.26998	1	2800280	2800280	0	
6.27245	1	2801674	2801674	0	
6.27245	1	2801740	2801740	0	
6.27501	1	2803118	2803118	0	
6.27501	1	2803200	2803200	0	
6.27748	1	2804562	2804562	0	
6.27748	1	2804660	2804660	0	
6.27995	1	2806006	2806006	0	
6.27995	1	2806120	2806120	0	
6.28243	1	2807450	2807450	0	
6.28243	1	2807580	2807580	0	
6.28489	1	2808894	2808894	0	
6.28489	1	2809040	2809040	0	
6.28746	1	2810338	2810338	0	
6.28746	1	2810500	2810500	0	
6.28993	1	2811782	2811782	0	
6.28993	1	2811960	2811960	0	
6.2924	1	2813226	2813226	0	
6.2924	1	2813420	2813420	0	
6.29487	1	2814670	2814670	0	
6.29487	1	2814880	2814880	0	
6.29733	1	2816114	2816114	0	
6.29733	1	2816340	2816340	0	
6.2998	1	2817558	2817558	0	
6.2998	1	2817800	2817800	0	
6.30227	1	2819002	2819002	0	
6.30227	1	2819260	2819260	0	
6.30474	1	2820446	2820446	0	
6.30474	1	2820720	2820720	0	
6.30731	1	2821890	2821890	0	
6.30731	1	2822180	2822180	0	
6.30978	1	2823334	2823334	0	
6.30978	1	2823640	2823640	0	
6.31225	1	2824778	2824778	0	
6.31225	1	2825100	2825100	0	
6.31472	1	2826222	2826222	0	
6.31472	1	2826560	2826560	0	
6.31719	1	2827666	2827666	0	
6.31719	1	2828020	2828020	0	
6.31975	1	2829110	2829110	0	
6.31975	1	2829480	2829480	0	
6.32222	1	2830554	2830554	0	
6.32222	1	2830940	2830940	0	
6.32469	1	2831998	2831998	0	
6.32469	1	2832400	2832400	0	
6.32716	1	2833442	2833442	0	
6.32716	1	2833860	2833860	0	
6.32964	1	2834886	2834886	0	
6.32964	1	2835320	2835320	0	
6.33211	1	2836330	2836330	0	
6.33211	1	2836780	2836780	0	
6.33457	1	2837774	2837774	0	
6.33457	1	2838240	2838240	0	
6.33704	1	2839218	2839218	0	
6.33704	1	2839700	2839700	0	
6.33961	1	2840662	2840662	0	
6.33961	1	2841160	2841160	0	
6.34208	1	2842106	2842106	0	
6.34208	1	2842620	2842620	0	
6.34455	1	2843550	2843550	0	
6.34455	1	2844080	2844080	0	
6.34701	1	2844994	2844994	0	
6.34701	1	2845540	2845540	0	
6.34948	1	2846438	2846438	0	
6.34948	1	2847000	2847000	0	
6.35206	1	2847882	2847882	0	
6.35206	1	2848460	2848460	0	
6.35452	1	2849326	2849326	0	
6.35452	1	2849920	2849920	0	
6.35699	1	2850770	2850770	0	
6.35699	1	2851380	2851380	0	
6.35946	1	2852214	2852214	0	
6.35946	1	2852840	2852840	0	
6.36193	1	2853658	2853658	0	
6.36193	1	2854300	2854300	0	
6.3645	1	2855102	2855102	0	
6.3645	1	2855760	2855760	0	
6.36696	1	2856546	2856546	0	
6.36696	1	2857220	2857220	0	
6.36943	1	2857990	2857990	0	
6.36943	1	2858680	2858680	0	
6.3719	1	2859434	2859434	0	
6.3719	1	2860140	2860140	0	
6.37437	1	2860878	2860878	0	
6.37437	1	2861600	2861600	0	
6.37685	1	2862322	2862322	0	
6.37685	1	2863060	2863060	0	
6.37932	1	2863766	2863766	0	
6.37932	1	2864520	2864520	0	
6.38179	1	2865210	2865210	0	
6.38179	1	2865980	2865980	0	
6.38435	1	2866654	2866654	0	
6.38435	1	2867440	2867440	0	
6.38682	1	2868098	2868098	0	
6.38682	1	2868900	2868900	0	
6.38929	1	2869542	2869542	0	
6.38929	1	2870360	2870360	0	
6.39176	1	2870986	2870986	0	
6.39176	1	2871820	2871820	0	
6.39423	1	2872430	2872430	0	
6.39423	1	2873280	2873280	0	
6.39679	1	2873874	2873874	0	
6.39679	1	2874740	2874740	0	
6.39927	1	2875318	2875318	0	
6.39927	1	2876200	2876200	0	
6.40174	1	2876762	2876762	0	
6.40174	1	2877660	2877660	0	
6.4042	1	2878206	2878206	0	
6.4042	1	2879120	2879120	0	
6.40667	1	2879650	2879650	0	
6.40667	1	2880580	2880580	0	
6.40914	1	2881094	2881094	0	
6.40914	1	2882040	2882040	0	
6.41161	1	2882538	2882538	0	
6.41161	1	2883500	2883500	0	
6.41408	1	2883982	2883982	0	
6.41408	1	2884960	2884960	0	
6.41664	1	2885426	2885426	0	
6.41664	1	2886420	2886420	0	
6.41911	1	2886870	2886870	0	
6.41911	1	2887880	2887880	0	
6.42158	1	2888314	2888314	0	
6.42158	1	2889340	2889340	0	
6.42406	1	2889758	2889758	0	
6.42406	1	2890800	2890800	0	
6.42653	1	2891202	2891202	0	
6.42653	1	2892260	2892260	0	
6.42909	1	2892646	2892646	0	
6.42909	1	2893720	2893720	0	
6.43156	1	2894090	2894090	0	
6.43156	1	2895180	2895180	0	
6.43403	1	2895534	2895534	0	
6.43403	1	2896640	2896640	0	
6.4365	1	2896978	2896978	0	
6.4365	1	2898100	2898100	0	
6.43897	1	2898422	2898422	0	
6.43897	1	2899560	2899560	0	
6.44144	1	2899866	2899866	0	
6.44144	1	2901020	2901020	0	
6.44391	1	2901310	2901310	0	
6.44391	1	2902480	2902480	0	
6.44637	1	2902754	2902754	0	
6.44637	1	2903940	2903940	0	
6.44895	1	2904198	2904198	0	
6.44895	1	2905400	2905400	0	
6.45142	1	2905642	2905642	0	
6.45142	1	2906860	2906860	0	
6.45483	1	2907086	2907086	0	
6.45483	1	2908320	2908320	0	
6.45735	1	2908530	2908530	0	
6.45735	1	2909780	2909780	0	
6.45982	1	2909974	2909974	0	
6.45982	1	2911240	2911240	0	
6.46229	1	2911418	2911418	0	
6.46229	1	2912700	2912700	0	
6.46486	1	2912862	2912862	0	
6.46486	1	2914160	2914160	0	
6.46732	1	2914306	2914306	0	
6.46732	1	2915620	2915620	0	
6.46979	1	2915750	2915750	0	
6.46979	1	2917080	2917080	0	
6.47227	1	2917194	2917194	0	
6.47227	1	2918540	2918540	0	
6.47474	1	2918638	2918638	0	
6.47474	1	2920000	2920000	0	
6.4773	1	2920082	2920082	0	
6.4773	1	2921460	2921460	0	
6.47977	1	2921526	2921526	0	
6.47977	1	2922920	2922920	0	
6.48224	1	2922970	2922970	0	
6.48224	1	2924380	2924380	0	
6.48471	1	2924414	2924414	0	
6.48471	1	2925840	2925840	0	
6.48717	1	2925858	2925858	0	
6.48717	1	2927300	2927300	0	
6.48964	1	2927302	2927302	0	
6.49211	1	2928754	2928754	0	
6.49211	1	2928760	2928760	0	
6.49458	1	2930199	2930199	0	
6.49458	1	2930220	2930220	0	
6.49715	1	2931644	2931644	0	
6.49715	1	2931680	2931680	0	
6.49962	1	2933089	2933089	0	
6.49962	1	2933140	2933140	0	
6.50209	1	2934534	2934534	0	
6.50209	1	2934600	2934600	0	
6.50456	1	2935978	2935978	0	
6.50456	1	2936060	2936060	0	
6.50703	1	2937422	2937422	0	
6.50703	1	2937520	2937520	0	
6.50959	1	2938866	2938866	0	
6.50959	1	2938980	2938980	0	
6.51206	1	2940310	2940310	0	
6.51206	1	2940440	2940440	0	
6.51453	1	2941754	2941754	0	
6.51453	1	2941900	2941900	0	
6.517	1	2943198	2943198	0	
6.517	1	2943360	2943360	0	
6.51948	1	2944642	2944642	0	
6.51948	1	2944820	2944820	0	
6.52194	1	2946086	2946086	0	
6.52194	1	2946280	2946280	0	
6.52441	1	2947530	2947530	0	
6.52441	1	2947740	2947740	0	
6.52688	1	2948974	2948974	0	
6.52688	1	2949200	2949200	0	
6.52945	1	2950418	2950418	0	
6.52945	1	2950660	2950660	0	
6.53192	1	2951862	2951862	0	
6.53192	1	2952120	2952120	0	
6.53438	1	2953306	2953306	0	
6.53438	1	2953580	2953580	0	
6.53685	1	2954750	2954750	0	
6.53685	1	2955040	2955040	0	
6.53932	1	2956194	2956194	0	
6.53932	1	2956500	2956500	0	
6.54189	1	2957638	2957638	0	
6.54189	1	2957960	2957960	0	
6.54436	1	2959082	2959082	0	
6.54436	1	2959420	2959420	0	
6.54683	1	2960526	2960526	0	
6.54683	1	2960880	2960880	0	
6.5493	1	2961970	2961970	0	
6.5493	1	2962340	2962340	0	
6.55177	1	2963414	2963414	0	
6.55177	1	2963800	2963800	0	
6.55424	1	2964858	2964858	0	
6.55424	1	2965260	2965260	0	
6.55471	1	2966302	2966302	0	
6.55471	1	2966720	2966720	0	
6.55718	1	2967746	2967746	0	
6.55718	1	2968180	2968180	0	
6.55974	1	2969190	2969190	0	
6.55974	1	2969640	2969640	0	
6.56221	1	2970634	2970634	0	
6.56221	1	2971100	2971100	0	
6.56469	1	2972078	2972078	0	
6.56469	1	2972560	2972560	0	
6.56716	1	2973522	2973522	0	
6.56716	1	2974020	2974020	0	
6.56962	1	2974966	2974966	0	
6.56962	1	2975480	2975480	0	
6.57219	1	2976410	2976410	0	
6.57219	1	2976940	2976940	0	
6.57466	1	2977854	2977854	0	
6.57466	1	2978400	2978400	0	
6.57713	1	2979298	2979298	0	
6.57713	1	2979860	2979860	0	
6.5796	1	2980742	2980742	0	
6.5796	1	2981320	2981320	0	
6.58206	1	2982186	2982186	0	
6.58206	1	2982780	2982780	0	
6.58463	1	2983630	2983630	0	
6.58463	1	2984240	2984240	0	
6.58711	1	2985074	2985074	0	
6.58711	1	2985700	2985700	0	
6.58957	1	2986518	2986518	0	
6.58957	1	2987160	2987160	0	
6.59204	1	2987962	2987962	0	
6.59204	1	2988620	2988620	0	
6.59451	1	2989406	2989406	0	
6.59451	1	2990080	2990080	0	
6.59698	1	2990850	2990850	0	
6.59698	1	2991540	2991540	0	
6.59945	1	2992294	2992294	0	
6.59945	1	2993000	2993000	0	
6.60192	1	2993738	2993738	0	
6.60192	1	2994460	2994460	0	
6.60448	1	2995182	2995182	0	
6.60448	1	2995920	2995920	0	
6.60695	1	2996626	2996626	0	
6.60695	1	2997380	2997380	0	
6.60942	1	2998070	2998070	0	
6.60942	1	2998840	2998840	0	
6.6119	1	2999514	2999514	0	
6.6119	1	3000300	3000300	0	
6.61437	1	3000958	3000958	0	
6.61437	1	3001760	3001760	0	
6.61693	1	3002402	3002402	0	
6.61693	1	3003220	3003220	0	
6.6194	1	3003846	3003846	0	
6.6194	1	3004680	3004680	0	
6.62187	1	3005290	3005290	0	
6.62187	1	3006140	3006140	0	
6.62434	1	3006734	3006734	0	
6.62434	1	3007600	3007600	0	
6.62681	1	3008178	3008178	0	
6.62681	1	3009060	3009060	0	
6.62928	1	3009622	3009622	0	
6.62928	1	3010520	3010520	0	
6.63174	1	3011066	3011066	0	
6.63174	1	3011980	3011980	0	
6.63421	1	3012510	3012510	0	
6.63421	1	3013440	3013440	0	
6.63679	1	3013954	3013954	0	
6.63679	1	3014900	3014900	0	
6.63925	1	3015398	3015398	0	
6.63925	1	3016360	3016360	0	
6.64172	1	3016842	3016842	0	
6.64172	1	3017820	3017820	0	
6.64419	1	3018286	3018286	0	
6.64419	1	3019280	3019280	0	
6.64666	1	3019730	3019730	0	
6.64666	1	3020740	3020740	0	
6.64923	1	3021174	3021174	0	
6.64923	1	3022200	3022200	0	
6.65364	1	3022618	3022618	0	
6.65364	1	3023660	3023660	0	
6.65616	1	3024062	3024062	0	
6.65616	1	3025120	3025120	0	
6.65863	1	3025506	3025506	0	
6.65863	1	3026580	3026580	0	
6.66111	1	3026950	3026950	0	
6.66111	1	3028040	3028040	0	
6.66367	1	3028394	3028394	0	
6.66367	1	3029500	3029500	0	
6.66614	1	3029838	3029838	0	
6.66614	1	3030960	3030960	0	
6.66861	1	3031282	3031282	0	
6.66861	1	3032420	3032420	0	
6.67108	1	3032726	3032726	0	
6.67108	1	3033880	3033880	0	
6.67355	1	3034170	3034170	0	
6.67355	1	3035340	3035340	0	
6.67602	1	3035614	3035614	0	
6.67602	1	3036800	3036800	0	
6.67849	1	3037058	3037058	0	
6.67849	1	3038260	3038260	0	
6.68096	1	3038502	3038502	0	
6.68096	1	3039720	3039720	0	
6.68353	1	3039946	3039946	0	
6.68353	1	3041180	3041180	0	
6.686	1	3041390	3041390	0	
6.686	1	3042640	3042640	0	
6.68847	1	3042834	3042834	0	
6.68847	1	3044100	3044100	0	
6.69093	1	3044278	3044278	0	
6.69093	1	3045560	3045560	0	
6.6934	1	3045722	3045722	0	
6.6934	1	3047020	3047020	0	
6.69597	1	3047166	3047166	0	
6.69597	1	3048480	3048480	0	
6.69844	1	3048610	3048610	0	
6.69844	1	3049940	3049940	0	
6.70091	1	3050054	3050054	0	
6.70091	1	3051400	3051400	0	
6.70337	1	3051498	3051498	0	
6.70337	1	3052860	3052860	0	
6.70584	1	3052942	3052942	0	
6.70584	1	3054320	3054320	0	
6.70832	1	3054386	3054386	0	
6.70832	1	3055780	3055780	0	
6.71079	1	3055830	3055830	0	
6.71079	1	3057240	3057240	0	
6.71325	1	3057274	3057274	0	
6.71325	1	3058700	3058700	0	
6.71582	1	3058718	3058718	0	
6.71582	1	3060160	3060160	0	
6.71828	1	3060162	3060162	0	
6.72075	1	3061614	3061614	0	
6.72075	1	3061620	3061620	0	
6.72322	1	3063059	3063059	0	
6.72322	1	3063080	3063080	0	
6.72569	1	3064504	3064504	0	
6.72569	1	3064540	3064540	0	
6.72826	1	3065949	3065949	0	
6.72826	1	3066000	3066000	0	
6.73073	1	3067394	3067394	0	
6.73073	1	3067460	3067460	0	
6.7332	1	3068838	3068838	0	
6.7332	1	3068920	3068920	0	
6.73567	1	3070282	3070282	0	
6.73567	1	3070380	3070380	0	
6.73814	1	3071726	3071726	0	
6.73814	1	3071840	3071840	0	
6.74061	1	3073170	3073170	0	
6.74061	1	3073300	3073300	0	
6.74308	1	3074614	3074614	0	
6.74308	1	3074760	3074760	0	
6.74555	1	3076058	3076058	0	
6.74555	1	3076220	3076220	0	
6.74811	1	3077502	3077502	0	
6.74811	1	3077680	3077680	0	
6.75058	1	3078946	3078946	0	
6.75058	1	3079140	3079140	0	
6.75305	1	3080390	3080390	0	
6.75305	1	3080600	3080600	0	
6.75552	1	3081834	3081834	0	
6.75552	1	3082060	3082060	0	
6.75799	1	3083278	3083278	0	
6.75799	1	3083520	3083520	0	
6.76056	1	3084722	3084722	0	
6.76056	1	3084980	3084980	0	
6.76303	1	3086166	3086166	0	
6.76303	1	3086440	3086440	0	
6.7655	1	3087610	3087610	0	
6.7655	1	3087900	3087900	0	
6.76796	1	3089054	3089054	0	
6.76796	1	3089360	3089360	0	
6.77043	1	3090498	3090498	0	
6.77043	1	3090820	3090820	0	
6.773	1	3091942	3091942	0	
6.773	1	3092280	3092280	0	
6.77547	1	3093386	3093386	0	
6.77547	1	3093740	3093740	0	
6.77794	1	3094830	3094830	0	
6.77794	1	3095200	3095200	0	
6.78041	1	3096274	3096274	0	
6.78041	1	3096660	3096660	0	
6.78288	1	3097718	3097718	0	
6.78288	1	3098120	3098120	0	
6.78535	1	3099162	3099162	0	
6.78535	1	3099580	3099580	0	
6.78782	1	3100606	3100606	0	
6.78782	1	3101040	3101040	0	
6.79029	1	3102050	3102050	0	
6.79029	1	3102500	3102500	0	
6.79285	1	3103494	3103494	0	
6.79285	1	3103960	3103960	0	
6.79532	1	3104938	3104938	0	
6.79532	1	3105420	3105420	0	
6.79779	1	3106382	3106382	0	
6.79779	1	3106880	3106880	0	
6.80026	1	3107826	3107826	0	
6.80026	1	3108340	3108340	0	
6.80274	1	3109270	3109270	0	
6.80274	1	3109800	3109800	0	
6.8053	1	3110714	3110714	0	
6.8053	1	3111260	3111260	0	
6.80777	1	3112158	3112158	0	
6.80777	1	3112720	3112720	0	
6.81024	1	3113602	3113602	0	
6.81024	1	3114180	3114180	0	
6.81271	1	3115046	3115046	0	
6.81271	1	3115640	3115640	0	
6.81518	1	3116490	3116490	0	
6.81518	1	3117100	3117100	0	
6.81764	1	3117934	3117934	0	
6.81764	1	3118560	3118560	0	
6.82011	1	3119378	3119378	0	
6.82011	1	3120020	3120020	0	
6.82258	1	3120822	3120822	0	
6.82258	1	3121480	3121480	0	
6.82516	1	3122266	3122266	0	
6.82516	1	3122940	3122940	0	
6.82762	1	3123710	3123710	0	
6.82762	1	3124400	3124400	0	
6.83009	1	3125154	3125154	0	
6.83009	1	3125860	3125860	0	
6.83256	1	3126598	3126598	0	
6.83256	1	3127320	3127320	0	
6.83503	1	3128042	3128042	0	
6.83503	1	3128780	3128780	0	
6.8376	1	3129486	3129486	0	
6.8376	1	3130240	3130240	0	
6.84006	1	3130930	3130930	0	
6.84006	1	3131700	3131700	0	
6.84253	1	3132374	3132374	0	
6.84253	1	3133160	3133160	0	
6.845	1	3133818	3133818	0	
6.845	1	3134620	3134620	0	
6.84747	1	3135262	3135262	0	
6.84747	1	3136080	3136080	0	
6.84995	1	3136706	3136706	0	
6.84995	1	3137540	3137540	0	
6.85242	1	3138150	3138150	0	
6.85242	1	3139000	3139000	0	
6.85488	1	3139594	3139594	0	
6.85488	1	3140460	3140460	0	
6.85545	1	3141038	3141038	0	
6.85545	1	3141920	3141920	0	
6.85792	1	3142482	3142482	0	
6.85792	1	3143380	3143380	0	
6.86039	1	3143926	3143926	0	
6.86039	1	3144840	3144840	0	
6.86286	1	3145370	3145370	0	
6.86286	1	3146300	3146300	0	
6.86532	1	3146814	3146814	0	
6.86532	1	3147760	3147760	0	
6.86789	1	3148258	3148258	0	
6.86789	1	3149220	3149220	0	
6.87037	1	3149702	3149702	0	
6.87037	1	3150680	3150680	0	
6.87284	1	3151146	3151146	0	
6.87284	1	3152140	3152140	0	
6.8753	1	3152590	3152590	0	
6.8753	1	3153600	3153600	0	
6.87777	1	3154034	3154034	0	
6.87777	1	3155060	3155060	0	
6.88034	1	3155478	3155478	0	
6.88034	1	3156520	3156520	0	
6.88281	1	3156922	3156922	0	
6.88281	1	3157980	3157980	0	
6.88528	1	3158366	3158366	0	
6.88528	1	3159440	3159440	0	
6.88774	1	3159810	3159810	0	
6.88774	1	3160900	3160900	0	
6.89021	1	3161254	3161254	0	
6.89021	1	3162360	3162360	0	
6.89268	1	3162698	3162698	0	
6.89268	1	3163820	3163820	0	
6.89516	1	3164142	3164142	0	
6.89516	1	3165280	3165280	0	
6.89763	1	3165586	3165586	0	
6.89763	1	3166740	3166740	0	
6.90019	1	3167030	3167030	0	
6.90019	1	3168200	3168200	0	
6.90266	1	3168474	3168474	0	
6.90266	1	3169660	3169660	0	
6.90513	1	3169918	3169918	0	
6.90513	1	3171120	3171120	0	
6.9076	1	3171362	3171362	0	
6.9076	1	3172580	3172580	0	
6.91007	1	3172806	3172806	0	
6.91007	1	3174040	3174040	0	
6.91263	1	3174250	3174250	0	
6.91263	1	3175500	3175500	0	
6.9151	1	3175694	3175694	0	
6.9151	1	3176960	3176960	0	
6.91758	1	3177138	3177138	0	
6.91758	1	3178420	3178420	0	
6.92005	1	3178582	3178582	0	
6.92005	1	3179880	3179880	0	
6.92252	1	3180026	3180026	0	
6.92252	1	3181340	3181340	0	
6.92498	1	3181470	3181470	0	
6.92498	1	3182800	3182800	0	
6.92745	1	3182914	3182914	0	
6.92745	1	3184260	3184260	0	
6.92992	1	3184358	3184358	0	
6.92992	1	3185720	3185720	0	
6.93249	1	3185802	3185802	0	
6.93249	1	3187180	3187180	0	
6.93496	1	3187246	3187246	0	
6.93496	1	3188640	3188640	0	
6.93742	1	3188690	3188690	0	
6.93742	1	3190100	3190100	0	
6.93989	1	3190134	3190134	0	
6.93989	1	3191560	3191560	0	
6.94236	1	3191578	3191578	0	
6.94236	1	3193020	3193020	0	
6.94493	1	3193022	3193022	0	
6.9474	1	3194474	3194474	0	
6.9474	1	3194480	3194480	0	
6.94987	1	3195919	3195919	0	
6.94987	1	3195940	3195940	0	
6.95428	1	3197364	3197364	0	
6.95428	1	3197400	3197400	0	
6.9568	1	3198809	3198809	0	
6.9568	1	3198860	3198860	0	
6.95927	1	3200254	3200254	0	
6.95927	1	3200320	3200320	0	
6.96174	1	3201698	3201698	0	
6.96174	1	3201780	3201780	0	
6.96421	1	3203142	3203142	0	
6.96421	1	3203240	3203240	0	
6.96668	1	3204586	3204586	0	
6.96668	1	3204700	3204700	0	
6.96925	1	3206030	3206030	0	
6.96925	1	3206160	3206160	0	
6.97172	1	3207474	3207474	0	
6.97172	1	3207620	3207620	0	
6.97419	1	3208918	3208918	0	
6.97419	1	3209080	3209080	0	
6.97666	1	3210362	3210362	0	
6.97666	1	3210540	3210540	0	
6.97913	1	3211806	3211806	0	
6.97913	1	3212000	3212000	0	
6.98169	1	3213250	3213250	0	
6.98169	1	3213460	3213460	0	
6.98416	1	3214694	3214694	0	
6.98416	1	3214920	3214920	0	
6.98663	1	3216138	3216138	0	
6.98663	1	3216380	3216380	0	
6.9891	1	3217582	3217582	0	
6.9891	1	3217840	3217840	0	
6.99157	1	3219026	3219026	0	
6.99157	1	3219300	3219300	0	
6.99414	1	3220470	3220470	0	
6.99414	1	3220760	3220760	0	
6.99661	1	3221914	3221914	0	
6.99661	1	3222220	3222220	0	
6.99908	1	3223358	3223358	0	
6.99908	1	3223680	3223680	0	
7.00155	1	3224802	3224802	0	
7.00155	1	3225140	3225140	0	
7.00401	1	3226246	3226246	0	
7.00401	1	3226600	3226600	0	
7.00648	1	3227690	3227690	0	
7.00648	1	3228060	3228060	0	
7.00895	1	3229134	3229134	0	
7.00895	1	3229520	3229520	0	
7.01142	1	3230578	3230578	0	
7.01142	1	3230980	3230980	0	
7.01399	1	3232022	3232022	0	
7.01399	1	3232440	3232440	0	
7.01646	1	3233466	3233466	0	
7.01646	1	3233900	3233900	0	
7.01893	1	3234910	3234910	0	
7.01893	1	3235360	3235360	0	
7.0214	1	3236354	3236354	0	
7.0214	1	3236820	3236820	0	
7.02387	1	3237798	3237798	0	
7.02387	1	3238280	3238280	0	
7.02643	1	3239242	3239242	0	
7.02643	1	3239740	3239740	0	
7.0289	1	3240686	3240686	0	
7.0289	1	3241200	3241200	0	
7.03137	1	3242130	3242130	0	
7.03137	1	3242660	3242660	0	
7.03384	1	3243574	3243574	0	
7.03384	1	3244120	3244120	0	
7.03631	1	3245018	3245018	0	
7.03631	1	3245580	3245580	0	
7.03879	1	3246462	3246462	0	
7.03879	1	3247040	3247040	0	
7.04125	1	3247906	3247906	0	
7.04125	1	3248500	3248500	0	
7.04372	1	3249350	3249350	0	
7.04372	1	3249960	3249960	0	
7.04629	1	3250794	3250794	0	
7.04629	1	3251420	3251420	0	
7.04876	1	3252238	3252238	0	
7.04876	1	3252880	3252880	0	
7.05123	1	3253682	3253682	0	
7.05123	1	3254340	3254340	0	
7.05369	1	3255126	3255126	0	
7.05369	1	3255800	3255800	0	
7.05616	1	3256570	3256570	0	
7.05616	1	3257260	3257260	0	
7.05873	1	3258014	3258014	0	
7.05873	1	3258720	3258720	0	
7.0612	1	3259458	3259458	0	
7.0612	1	3260180	3260180	0	
7.06367	1	3260902	3260902	0	
7.06367	1	3261640	3261640	0	
7.06614	1	3262346	3262346	0	
7.06614	1	3263100	3263100	0	
7.06861	1	3263790	3263790	0	
7.06861	1	3264560	3264560	0	
7.07118	1	3265234	3265234	0	
7.07118	1	3266020	3266020	0	
7.07364	1	3266678	3266678	0	
7.07364	1	3267480	3267480	0	
7.07611	1	3268122	3268122	0	
7.07611	1	3268940	3268940	0	
7.07858	1	3269566	3269566	0	
7.07858	1	3270400	3270400	0	
7.08105	1	3271010	3271010	0	
7.08105	1	3271860	3271860	0	
7.08352	1	3272454	3272454	0	
7.08352	1	3273320	3273320	0	
7.086	1	3273898	3273898	0	
7.086	1	3274780	3274780	0	
7.08847	1	3275342	3275342	0	
7.08847	1	3276240	3276240	0	
7.09103	1	3276786	3276786	0	
7.09103	1	3277700	3277700	0	
7.0935	1	3278230	3278230	0	
7.0935	1	3279160	3279160	0	
7.09597	1	3279674	3279674	0	
7.09597	1	3280620	3280620	0	
7.09844	1	3281118	3281118	0	
7.09844	1	3282080	3282080	0	
7.10091	1	3282562	3282562	0	
7.10091	1	3283540	3283540	0	
7.10347	1	3284006	3284006	0	
7.10347	1	3285000	3285000	0	
7.10594	1	3285450	3285450	0	
7.10594	1	3286460	3286460	0	
7.10842	1	3286894	3286894	0	
7.10842	1	3287920	3287920	0	
7.11088	1	3288338	3288338	0	
7.11088	1	3289380	3289380	0	
7.11335	1	3289782	3289782	0	
7.11335	1	3290840	3290840	0	
7.11582	1	3291226	3291226	0	
7.11582	1	3292300	3292300	0	
7.11829	1	3292670	3292670	0	
7.11829	1	3293760	3293760	0	
7.12076	1	3294114	3294114	0	
7.12076	1	3295220	3295220	0	
7.12332	1	3295558	3295558	0	
7.12332	1	3296680	3296680	0	
7.12579	1	3297002	3297002	0	
7.12579	1	3298140	3298140	0	
7.12826	1	3298446	3298446	0	
7.12826	1	3299600	3299600	0	
7.13073	1	3299890	3299890	0	
7.13073	1	3301060	3301060	0	
7.13321	1	3301334	3301334	0	
7.13321	1	3302520	3302520	0	
7.13577	1	3302778	3302778	0	
7.13577	1	3303980	3303980	0	
7.13824	1	3304222	3304222	0	
7.13824	1	3305440	3305440	0	
7.14071	1	3305666	3305666	0	
7.14071	1	3306900	3306900	0	
7.14318	1	3307110	3307110	0	
7.14318	1	3308360	3308360	0	
7.14565	1	3308554	3308554	0	
7.14565	1	3309820	3309820	0	
7.14812	1	3309998	3309998	0	
7.14812	1	3311280	3311280	0	
7.15059	1	3311442	3311442	0	
7.15059	1	3312740	3312740	0	
7.15305	1	3312886	3312886	0	
7.15305	1	3314200	3314200	0	
7.15552	1	3314330	3314330	0	
7.15552	1	3315660	3315660	0	
7.1561	1	3315774	3315774	0	
7.1561	1	3317120	3317120	0	
7.15856	1	3317218	3317218	0	
7.15856	1	3318580	3318580	0	
7.16103	1	3318662	3318662	0	
7.16103	1	3320040	3320040	0	
7.1635	1	3320106	3320106	0	
7.1635	1	3321500	3321500	0	
7.16597	1	3321550	3321550	0	
7.16597	1	3322960	3322960	0	
7.16853	1	3322994	3322994	0	
7.16853	1	3324420	3324420	0	
7.171	1	3324438	3324438	0	
7.171	1	3325880	3325880	0	
7.17347	1	3325882	3325882	0	
7.17594	1	3327334	3327334	0	
7.17594	1	3327340	3327340	0	
7.17841	1	3328779	3328779	0	
7.17841	1	3328800	3328800	0	
7.18098	1	3330224	3330224	0	
7.18098	1	3330260	3330260	0	
7.18345	1	3331669	3331669	0	
7.18345	1	3331720	3331720	0	
7.18592	1	3333114	3333114	0	
7.18592	1	3333180	3333180	0	
7.18838	1	3334558	3334558	0	
7.18838	1	3334640	3334640	0	
7.19085	1	3336002	3336002	0	
7.19085	1	3336100	3336100	0	
7.19332	1	3337446	3337446	0	
7.19332	1	3337560	3337560	0	
7.19579	1	3338890	3338890	0	
7.19579	1	3339020	3339020	0	
7.19826	1	3340334	3340334	0	
7.19826	1	3340480	3340480	0	
7.20083	1	3341778	3341778	0	
7.20083	1	3341940	3341940	0	
7.2033	1	3343222	3343222	0	
7.2033	1	3343400	3343400	0	
7.20577	1	3344666	3344666	0	
7.20577	1	3344860	3344860	0	
7.20824	1	3346110	3346110	0	
7.20824	1	3346320	3346320	0	
7.21071	1	3347554	3347554	0	
7.21071	1	3347780	3347780	0	
7.21327	1	3348998	3348998	0	
7.21327	1	3349240	3349240	0	
7.21574	1	3350442	3350442	0	
7.21574	1	3350700	3350700	0	
7.21821	1	3351886	3351886	0	
7.21821	1	3352160	3352160	0	
7.22068	1	3353330	3353330	0	
7.22068	1	3353620	3353620	0	
7.22315	1	3354774	3354774	0	
7.22315	1	3355080	3355080	0	
7.22562	1	3356218	3356218	0	
7.22562	1	3356540	3356540	0	
7.22809	1	3357662	3357662	0	
7.22809	1	3358000	3358000	0	
7.23056	1	3359106	3359106	0	
7.23056	1	3359460	3359460	0	
7.23313	1	3360550	3360550	0	
7.23313	1	3360920	3360920	0	
7.2356	1	3361994	3361994	0	
7.2356	1	3362380	3362380	0	
7.23806	1	3363438	3363438	0	
7.23806	1	3363840	3363840	0	
7.24053	1	3364882	3364882	0	
7.24053	1	3365300	3365300	0	
7.243	1	3366326	3366326	0	
7.243	1	3366760	3366760	0	
7.24557	1	3367770	3367770	0	
7.24557	1	3368220	3368220	0	
7.24804	1	3369214	3369214	0	
7.24804	1	3369680	3369680	0	
7.25051	1	3370658	3370658	0	
7.25051	1	3371140	3371140	0	
7.25493	1	3372102	3372102	0	
7.25493	1	3372600	3372600	0	
7.25745	1	3373546	3373546	0	
7.25745	1	3374060	3374060	0	
7.25992	1	3374990	3374990	0	
7.25992	1	3375520	3375520	0	
7.26239	1	3376434	3376434	0	
7.26239	1	3376980	3376980	0	
7.26495	1	3377878	3377878	0	
7.26495	1	3378440	3378440	0	
7.26742	1	3379322	3379322	0	
7.26742	1	3379900	3379900	0	
7.26989	1	3380766	3380766	0	
7.26989	1	3381360	3381360	0	
7.27236	1	3382210	3382210	0	
7.27236	1	3382820	3382820	0	
7.27484	1	3383654	3383654	0	
7.27484	1	3384280	3384280	0	
7.2773	1	3385098	3385098	0	
7.2773	1	3385740	3385740	0	
7.27987	1	3386542	3386542	0	
7.27987	1	3387200	3387200	0	
7.28234	1	3387986	3387986	0	
7.28234	1	3388660	3388660	0	
7.28481	1	3389430	3389430	0	
7.28481	1	3390120	3390120	0	
7.28728	1	3390874	3390874	0	
7.28728	1	3391580	3391580	0	
7.28974	1	3392318	3392318	0	
7.28974	1	3393040	3393040	0	
7.29231	1	3393762	3393762	0	
7.29231	1	3394500	3394500	0	
7.29478	1	3395206	3395206	0	
7.29478	1	3395960	3395960	0	
7.29725	1	3396650	3396650	0	
7.29725	1	3397420	3397420	0	
7.29972	1	3398094	3398094	0	
7.29972	1	3398880	3398880	0	
7.30219	1	3399538	3399538	0	
7.30219	1	3400340	3400340	0	
7.30466	1	3400982	3400982	0	
7.30466	1	3401800	3401800	0	
7.30713	1	3402426	3402426	0	
7.30713	1	3403260	3403260	0	
7.3096	1	3403870	3403870	0	
7.3096	1	3404720	3404720	0	
7.31216	1	3405314	3405314	0	
7.31216	1	3406180	3406180	0	
7.31463	1	3406758	3406758	0	
7.31463	1	3407640	3407640	0	
7.3171	1	3408202	3408202	0	
7.3171	1	3409100	3409100	0	
7.31957	1	3409646	3409646	0	
7.31957	1	3410560	3410560	0	
7.32205	1	3411090	3411090	0	
7.32205	1	3412020	3412020	0	
7.32461	1	3412534	3412534	0	
7.32461	1	3413480	3413480	0	
7.32708	1	3413978	3413978	0	
7.32708	1	3414940	3414940	0	
7.32955	1	3415422	3415422	0	
7.32955	1	3416400	3416400	0	
7.33202	1	3416866	3416866	0	
7.33202	1	3417860	3417860	0	
7.33449	1	3418310	3418310	0	
7.33449	1	3419320	3419320	0	
7.33696	1	3419754	3419754	0	
7.33696	1	3420780	3420780	0	
7.33942	1	3421198	3421198	0	
7.33942	1	3422240	3422240	0	
7.34189	1	3422642	3422642	0	
7.34189	1	3423700	3423700	0	
7.34447	1	3424086	3424086	0	
7.34447	1	3425160	3425160	0	
7.34693	1	3425530	3425530	0	
7.34693	1	3426620	3426620	0	
7.3494	1	3426974	3426974	0	
7.3494	1	3428080	3428080	0	
7.35187	1	3428418	3428418	0	
7.35187	1	3429540	3429540	0	
7.35434	1	3429862	3429862	0	
7.35434	1	3431000	3431000	0	
7.35691	1	3431306	3431306	0	
7.35691	1	3432460	3432460	0	
7.35937	1	3432750	3432750	0	
7.35937	1	3433920	3433920	0	
7.36184	1	3434194	3434194	0	
7.36184	1	3435380	3435380	0	
7.36431	1	3435638	3435638	0	
7.36431	1	3436840	3436840	0	
7.36678	1	3437082	3437082	0	
7.36678	1	3438300	3438300	0	
7.36926	1	3438526	3438526	0	
7.36926	1	3439760	3439760	0	
7.37173	1	3439970	3439970	0	
7.37173	1	3441220	3441220	0	
7.37429	1	3441414	3441414	0	
7.37429	1	3442680	3442680	0	
7.37676	1	3442858	3442858	0	
7.37676	1	3444140	3444140	0	
7.37923	1	3444302	3444302	0	
7.37923	1	3445600	3445600	0	
7.3817	1	3445746	3445746	0	
7.3817	1	3447060	3447060	0	
7.38417	1	3447190	3447190	0	
7.38417	1	3448520	3448520	0	
7.38664	1	3448634	3448634	0	
7.38664	1	3449980	3449980	0	
7.3892	1	3450078	3450078	0	
7.3892	1	3451440	3451440	0	
7.39168	1	3451522	3451522	0	
7.39168	1	3452900	3452900	0	
7.39415	1	3452966	3452966	0	
7.39415	1	3454360	3454360	0	
7.39661	1	3454410	3454410	0	
7.39661	1	3455820	3455820	0	
7.39908	1	3455854	3455854	0	
7.39908	1	3457280	3457280	0	
7.40164	1	3457298	3457298	0	
7.40164	1	3458740	3458740	0	
7.40411	1	3458742	3458742	0	
7.40658	1	3460194	3460194	0	
7.40658	1	3460200	3460200	0	
7.40905	1	3461639	3461639	0	
7.40905	1	3461660	3461660	0	
7.41152	1	3463084	3463084	0	
7.41152	1	3463120	3463120	0	
7.41399	1	3464529	3464529	0	
7.41399	1	3464580	3464580	0	
7.41646	1	3465974	3465974	0	
7.41646	1	3466040	3466040	0	
7.41893	1	3467418	3467418	0	
7.41893	1	3467500	3467500	0	
7.4215	1	3468862	3468862	0	
7.4215	1	3468960	3468960	0	
7.42396	1	3470306	3470306	0	
7.42396	1	3470420	3470420	0	
7.42643	1	3471750	3471750	0	
7.42643	1	3471880	3471880	0	
7.4289	1	3473194	3473194	0	
7.4289	1	3473340	3473340	0	
7.43137	1	3474638	3474638	0	
7.43137	1	3474800	3474800	0	
7.43394	1	3476082	3476082	0	
7.43394	1	3476260	3476260	0	
7.43641	1	3477526	3477526	0	
7.43641	1	3477720	3477720	0	
7.43888	1	3478970	3478970	0	
7.43888	1	3479180	3479180	0	
7.44135	1	3480414	3480414	0	
7.44135	1	3480640	3480640	0	
7.44382	1	3481858	3481858	0	
7.44382	1	3482100	3482100	0	
7.44629	1	3483302	3483302	0	
7.44629	1	3483560	3483560	0	
7.44876	1	3484746	3484746	0	
7.44876	1	3485020	3485020	0	
7.45123	1	3486190	3486190	0	
7.45123	1	3486480	3486480	0	
7.45379	1	3487634	3487634	0	
7.45379	1	3487940	3487940	0	
7.45426	1	3489078	3489078	0	
7.45426	1	3489400	3489400	0	
7.45673	1	3490522	3490522	0	
7.45673	1	3490860	3490860	0	
7.4592	1	3491966	3491966	0	
7.4592	1	3492320	3492320	0	
7.46167	1	3493410	3493410	0	
7.46167	1	3493780	3493780	0	
7.46424	1	3494854	3494854	0	
7.46424	1	3495240	3495240	0	
7.46671	1	3496298	3496298	0	
7.46671	1	3496700	3496700	0	
7.46918	1	3497742	3497742	0	
7.46918	1	3498160	3498160	0	
7.47164	1	3499186	3499186	0	
7.47164	1	3499620	3499620	0	
7.47411	1	3500630	3500630	0	
7.47411	1	3501080	3501080	0	
7.47658	1	3502074	3502074	0	
7.47658	1	3502540	3502540	0	
7.47915	1	3503518	3503518	0	
7.47915	1	3504000	3504000	0	
7.48162	1	3504962	3504962	0	
7.48162	1	3505460	3505460	0	
7.48409	1	3506406	3506406	0	
7.48409	1	3506920	3506920	0	
7.48656	1	3507850	3507850	0	
7.48656	1	3508380	3508380	0	
7.48903	1	3509294	3509294	0	
7.48903	1	3509840	3509840	0	
7.4915	1	3510738	3510738	0	
7.4915	1	3511300	3511300	0	
7.49397	1	3512182	3512182	0	
7.49397	1	3512760	3512760	0	
7.49644	1	3513626	3513626	0	
7.49644	1	3514220	3514220	0	
7.499	1	3515070	3515070	0	
7.499	1	3515680	3515680	0	
7.50147	1	3516514	3516514	0	
7.50147	1	3517140	3517140	0	
7.50394	1	3517958	3517958	0	
7.50394	1	3518600	3518600	0	
7.50641	1	3519402	3519402	0	
7.50641	1	3520060	3520060	0	
7.50888	1	3520846	3520846	0	
7.50888	1	3521520	3521520	0	
7.51145	1	3522290	3522290	0	
7.51145	1	3522980	3522980	0	
7.51392	1	3523734	3523734	0	
7.51392	1	3524440	3524440	0	
7.51639	1	3525178	3525178	0	
7.51639	1	3525900	3525900	0	
7.51886	1	3526622	3526622	0	
7.51886	1	3527360	3527360	0	
7.52132	1	3528066	3528066	0	
7.52132	1	3528820	3528820	0	
7.52379	1	3529510	3529510	0	
7.52379	1	3530280	3530280	0	
7.52626	1	3530954	3530954	0	
7.52626	1	3531740	3531740	0	
7.52873	1	3532398	3532398	0	
7.52873	1	3533200	3533200	0	
7.5313	1	3533842	3533842	0	
7.5313	1	3534660	3534660	0	
7.53377	1	3535286	3535286	0	
7.53377	1	3536120	3536120	0	
7.53624	1	3536730	3536730	0	
7.53624	1	3537580	3537580	0	
7.53871	1	3538174	3538174	0	
7.53871	1	3539040	3539040	0	
7.54118	1	3539618	3539618	0	
7.54118	1	3540500	3540500	0	
7.54374	1	3541062	3541062	0	
7.54374	1	3541960	3541960	0	
7.54621	1	3542506	3542506	0	
7.54621	1	3543420	3543420	0	
7.54868	1	3543950	3543950	0	
7.54868	1	3544880	3544880	0	
7.5531	1	3545394	3545394	0	
7.5531	1	3546340	3546340	0	
7.55562	1	3546838	3546838	0	
7.55562	1	3547800	3547800	0	
7.5581	1	3548282	3548282	0	
7.5581	1	3549260	3549260	0	
7.56056	1	3549726	3549726	0	
7.56056	1	3550720	3550720	0	
7.56303	1	3551170	3551170	0	
7.56303	1	3552180	3552180	0	
7.5656	1	3552614	3552614	0	
7.5656	1	3553640	3553640	0	
7.56807	1	3554058	3554058	0	
7.56807	1	3555100	3555100	0	
7.57054	1	3555502	3555502	0	
7.57054	1	3556560	3556560	0	
7.573	1	3556946	3556946	0	
7.573	1	3558020	3558020	0	
7.57547	1	3558390	3558390	0	
7.57547	1	3559480	3559480	0	
7.57804	1	3559834	3559834	0	
7.57804	1	3560940	3560940	0	
7.58052	1	3561278	3561278	0	
7.58052	1	3562400	3562400	0	
7.58298	1	3562722	3562722	0	
7.58298	1	3563860	3563860	0	
7.58545	1	3564166	3564166	0	
7.58545	1	3565320	3565320	0	
7.58792	1	3565610	3565610	0	
7.58792	1	3566780	3566780	0	
7.59049	1	3567054	3567054	0	
7.59049	1	3568240	3568240	0	
7.59296	1	3568498	3568498	0	
7.59296	1	3569700	3569700	0	
7.59542	1	3569942	3569942	0	
7.59542	1	3571160	3571160	0	
7.59789	1	3571386	3571386	0	
7.59789	1	3572620	3572620	0	
7.60036	1	3572830	3572830	0	
7.60036	1	3574080	3574080	0	
7.60283	1	3574274	3574274	0	
7.60283	1	3575540	3575540	0	
7.60531	1	3575718	3575718	0	
7.60531	1	3577000	3577000	0	
7.60778	1	3577162	3577162	0	
7.60778	1	3578460	3578460	0	
7.61034	1	3578606	3578606	0	
7.61034	1	3579920	3579920	0	
7.61281	1	3580050	3580050	0	
7.61281	1	3581380	3581380	0	
7.61528	1	3581494	3581494	0	
7.61528	1	3582840	3582840	0	
7.61775	1	3582938	3582938	0	
7.61775	1	3584300	3584300	0	
7.62022	1	3584382	3584382	0	
7.62022	1	3585760	3585760	0	
7.62278	1	3585826	3585826	0	
7.62278	1	3587220	3587220	0	
7.62525	1	3587270	3587270	0	
7.62525	1	3588680	3588680	0	
7.62772	1	3588714	3588714	0	
7.62772	1	3590140	3590140	0	
7.63019	1	3590158	3590158	0	
7.63019	1	3591600	3591600	0	
7.63266	1	3591602	3591602	0	
7.63513	1	3593054	3593054	0	
7.63513	1	3593060	3593060	0	
7.6376	1	3594499	3594499	0	
7.6376	1	3594520	3594520	0	
7.64006	1	3595944	3595944	0	
7.64006	1	3595980	3595980	0	
7.64263	1	3597389	3597389	0	
7.64263	1	3597440	3597440	0	
7.6451	1	3598834	3598834	0	
7.6451	1	3598900	3598900	0	
7.64757	1	3600278	3600278	0	
7.64757	1	3600360	3600360	0	
7.65004	1	3601722	3601722	0	
7.65004	1	3601820	3601820	0	
7.65251	1	3603166	3603166	0	
7.65251	1	3603280	3603280	0	
7.65508	1	3604610	3604610	0	
7.65508	1	3604740	3604740	0	
7.65755	1	3606054	3606054	0	
7.65755	1	3606200	3606200	0	
7.66001	1	3607498	3607498	0	
7.66001	1	3607660	3607660	0	
7.66248	1	3608942	3608942	0	
7.66248	1	3609120	3609120	0	
7.66495	1	3610386	3610386	0	
7.66495	1	3610580	3610580	0	
7.66742	1	3611830	3611830	0	
7.66742	1	3612040	3612040	0	
7.66989	1	3613274	3613274	0	
7.66989	1	3613500	3613500	0	
7.67245	1	3614718	3614718	0	
7.67245	1	3614960	3614960	0	
7.67493	1	3616162	3616162	0	
7.67493	1	3616420	3616420	0	
7.6774	1	3617606	3617606	0	
7.6774	1	3617880	3617880	0	
7.67987	1	3619050	3619050	0	
7.67987	1	3619340	3619340	0	
7.68234	1	3620494	3620494	0	
7.68234	1	3620800	3620800	0	
7.68481	1	3621938	3621938	0	
7.68481	1	3622260	3622260	0	
7.68737	1	3623382	3623382	0	
7.68737	1	3623720	3623720	0	
7.68984	1	3624826	3624826	0	
7.68984	1	3625180	3625180	0	
7.69231	1	3626270	3626270	0	
7.69231	1	3626640	3626640	0	
7.69478	1	3627714	3627714	0	
7.69478	1	3628100	3628100	0	
7.69725	1	3629158	3629158	0	
7.69725	1	3629560	3629560	0	
7.69982	1	3630602	3630602	0	
7.69982	1	3631020	3631020	0	
7.70229	1	3632046	3632046	0	
7.70229	1	3632480	3632480	0	
7.70476	1	3633490	3633490	0	
7.70476	1	3633940	3633940	0	
7.70723	1	3634934	3634934	0	
7.70723	1	3635400	3635400	0	
7.70969	1	3636378	3636378	0	
7.70969	1	3636860	3636860	0	
7.71216	1	3637822	3637822	0	
7.71216	1	3638320	3638320	0	
7.71463	1	3639266	3639266	0	
7.71463	1	3639780	3639780	0	
7.7171	1	3640710	3640710	0	
7.7171	1	3641240	3641240	0	
7.71967	1	3642154	3642154	0	
7.71967	1	3642700	3642700	0	
7.72214	1	3643598	3643598	0	
7.72214	1	3644160	3644160	0	
7.72461	1	3645042	3645042	0	
7.72461	1	3645620	3645620	0	
7.72708	1	3646486	3646486	0	
7.72708	1	3647080	3647080	0	
7.72955	1	3647930	3647930	0	
7.72955	1	3648540	3648540	0	
7.73211	1	3649374	3649374	0	
7.73211	1	3650000	3650000	0	
7.73458	1	3650818	3650818	0	
7.73458	1	3651460	3651460	0	
7.73705	1	3652262	3652262	0	
7.73705	1	3652920	3652920	0	
7.73952	1	3653706	3653706	0	
7.73952	1	3654380	3654380	0	
7.74199	1	3655150	3655150	0	
7.74199	1	3655840	3655840	0	
7.74446	1	3656594	3656594	0	
7.74446	1	3657300	3657300	0	
7.74693	1	3658038	3658038	0	
7.74693	1	3658760	3658760	0	
7.7494	1	3659482	3659482	0	
7.7494	1	3660220	3660220	0	
7.75197	1	3660926	3660926	0	
7.75197	1	3661680	3661680	0	
7.75443	1	3662370	3662370	0	
7.75443	1	3663140	3663140	0	
7.75591	1	3663814	3663814	0	
7.75591	1	3664600	3664600	0	
7.75837	1	3665258	3665258	0	
7.75837	1	3666060	3666060	0	
7.76084	1	3666702	3666702	0	
7.76084	1	3667520	3667520	0	
7.76341	1	3668146	3668146	0	
7.76341	1	3668980	3668980	0	
7.76588	1	3669590	3669590	0	
7.76588	1	3670440	3670440	0	
7.76835	1	3671034	3671034	0	
7.76835	1	3671900	3671900	0	
7.77082	1	3672478	3672478	0	
7.77082	1	3673360	3673360	0	
7.77329	1	3673922	3673922	0	
7.77329	1	3674820	3674820	0	
7.77576	1	3675366	3675366	0	
7.77576	1	3676280	3676280	0	
7.77823	1	3676810	3676810	0	
7.77823	1	3677740	3677740	0	
7.78079	1	3678254	3678254	0	
7.78079	1	3679200	3679200	0	
7.78326	1	3679698	3679698	0	
7.78326	1	3680660	3680660	0	
7.78573	1	3681142	3681142	0	
7.78573	1	3682120	3682120	0	
7.7882	1	3682586	3682586	0	
7.7882	1	3683580	3683580	0	
7.79067	1	3684030	3684030	0	
7.79067	1	3685040	3685040	0	
7.79315	1	3685474	3685474	0	
7.79315	1	3686500	3686500	0	
7.79571	1	3686918	3686918	0	
7.79571	1	3687960	3687960	0	
7.79818	1	3688362	3688362	0	
7.79818	1	3689420	3689420	0	
7.80065	1	3689806	3689806	0	
7.80065	1	3690880	3690880	0	
7.80312	1	3691250	3691250	0	
7.80312	1	3692340	3692340	0	
7.80559	1	3692694	3692694	0	
7.80559	1	3693800	3693800	0	
7.80815	1	3694138	3694138	0	
7.80815	1	3695260	3695260	0	
7.81062	1	3695582	3695582	0	
7.81062	1	3696720	3696720	0	
7.81309	1	3697026	3697026	0	
7.81309	1	3698180	3698180	0	
7.81556	1	3698470	3698470	0	
7.81556	1	3699640	3699640	0	
7.81803	1	3699914	3699914	0	
7.81803	1	3701100	3701100	0	
7.8205	1	3701358	3701358	0	
7.8205	1	3702560	3702560	0	
7.82297	1	3702802	3702802	0	
7.82297	1	3704020	3704020	0	
7.82544	1	3704246	3704246	0	
7.82544	1	3705480	3705480	0	
7.828	1	3705690	3705690	0	
7.828	1	3706940	3706940	0	
7.83047	1	3707134	3707134	0	
7.83047	1	3708400	3708400	0	
7.83294	1	3708578	3708578	0	
7.83294	1	3709860	3709860	0	
7.83541	1	3710022	3710022	0	
7.83541	1	3711320	3711320	0	
7.83788	1	3711466	3711466	0	
7.83788	1	3712780	3712780	0	
7.84045	1	3712910	3712910	0	
7.84045	1	3714240	3714240	0	
7.84292	1	3714354	3714354	0	
7.84292	1	3715700	3715700	0	
7.84539	1	3715798	3715798	0	
7.84539	1	3717160	3717160	0	
7.84786	1	3717242	3717242	0	
7.84786	1	3718620	3718620	0	
7.85033	1	3718686	3718686	0	
7.85033	1	3720080	3720080	0	
7.8528	1	3720130	3720130	0	
7.8528	1	3721540	3721540	0	
7.85526	1	3721574	3721574	0	
7.85526	1	3723000	3723000	0	
7.85773	1	3723018	3723018	0	
7.85773	1	3724460	3724460	0	
7.86029	1	3724462	3724462	0	
7.86277	1	3725914	3725914	0	
7.86277	1	3725920	3725920	0	
7.86524	1	3727359	3727359	0	
7.86524	1	3727380	3727380	0	
7.86771	1	3728804	3728804	0	
7.86771	1	3728840	3728840	0	
7.87018	1	3730249	3730249	0	
7.87018	1	3730300	3730300	0	
7.87274	1	3731694	3731694	0	
7.87274	1	3731760	3731760	0	
7.87521	1	3733138	3733138	0	
7.87521	1	3733220	3733220	0	
7.87768	1	3734582	3734582	0	
7.87768	1	3734680	3734680	0	
7.88015	1	3736026	3736026	0	
7.88015	1	3736140	3736140	0	
7.88262	1	3737470	3737470	0	
7.88262	1	3737600	3737600	0	
7.88509	1	3738914	3738914	0	
7.88509	1	3739060	3739060	0	
7.88756	1	3740358	3740358	0	
7.88756	1	3740520	3740520	0	
7.89013	1	3741802	3741802	0	
7.89013	1	3741980	3741980	0	
7.8926	1	3743246	3743246	0	
7.8926	1	3743440	3743440	0	
7.89506	1	3744690	3744690	0	
7.89506	1	3744900	3744900	0	
7.89753	1	3746134	3746134	0	
7.89753	1	3746360	3746360	0	
7.9	1	3747578	3747578	0	
7.9	1	3747820	3747820	0	
7.90247	1	3749022	3749022	0	
7.90247	1	3749280	3749280	0	
7.90504	1	3750466	3750466	0	
7.90504	1	3750740	3750740	0	
7.9075	1	3751910	3751910	0	
7.9075	1	3752200	3752200	0	
7.90998	1	3753354	3753354	0	
7.90998	1	3753660	3753660	0	
7.91245	1	3754798	3754798	0	
7.91245	1	3755120	3755120	0	
7.91492	1	3756242	3756242	0	
7.91492	1	3756580	3756580	0	
7.91748	1	3757686	3757686	0	
7.91748	1	3758040	3758040	0	
7.91995	1	3759130	3759130	0	
7.91995	1	3759500	3759500	0	
7.92242	1	3760574	3760574	0	
7.92242	1	3760960	3760960	0	
7.92489	1	3762018	3762018	0	
7.92489	1	3762420	3762420	0	
7.92736	1	3763462	3763462	0	
7.92736	1	3763880	3763880	0	
7.92983	1	3764906	3764906	0	
7.92983	1	3765340	3765340	0	
7.9323	1	3766350	3766350	0	
7.9323	1	3766800	3766800	0	
7.93477	1	3767794	3767794	0	
7.93477	1	3768260	3768260	0	
7.93734	1	3769238	3769238	0	
7.93734	1	3769720	3769720	0	
7.93981	1	3770682	3770682	0	
7.93981	1	3771180	3771180	0	
7.94228	1	3772126	3772126	0	
7.94228	1	3772640	3772640	0	
7.94474	1	3773570	3773570	0	
7.94474	1	3774100	3774100	0	
7.94721	1	3775014	3775014	0	
7.94721	1	3775560	3775560	0	
7.94978	1	3776458	3776458	0	
7.94978	1	3777020	3777020	0	
7.95224	1	3777902	3777902	0	
7.95224	1	3778480	3778480	0	
7.95272	1	3779346	3779346	0	
7.95272	1	3779940	3779940	0	
7.95519	1	3780790	3780790	0	
7.95519	1	3781400	3781400	0	
7.95766	1	3782234	3782234	0	
7.95766	1	3782860	3782860	0	
7.96013	1	3783678	3783678	0	
7.96013	1	3784320	3784320	0	
7.9626	1	3785122	3785122	0	
7.9626	1	3785780	3785780	0	
7.96507	1	3786566	3786566	0	
7.96507	1	3787240	3787240	0	
7.96763	1	3788010	3788010	0	
7.96763	1	3788700	3788700	0	
7.9701	1	3789454	3789454	0	
7.9701	1	3790160	3790160	0	
7.97257	1	3790898	3790898	0	
7.97257	1	3791620	3791620	0	
7.97504	1	3792342	3792342	0	
7.97504	1	3793080	3793080	0	
7.97751	1	3793786	3793786	0	
7.97751	1	3794540	3794540	0	
7.98008	1	3795230	3795230	0	
7.98008	1	3796000	3796000	0	
7.98255	1	3796674	3796674	0	
7.98255	1	3797460	3797460	0	
7.98502	1	3798118	3798118	0	
7.98502	1	3798920	3798920	0	
7.98749	1	3799562	3799562	0	
7.98749	1	3800380	3800380	0	
7.98996	1	3801006	3801006	0	
7.98996	1	3801840	3801840	0	
7.99252	1	3802450	3802450	0	
7.99252	1	3803300	3803300	0	
7.99499	1	3803894	3803894	0	
7.99499	1	3804760	3804760	0	
7.99746	1	3805338	3805338	0	
7.99746	1	3806220	3806220	0	
7.99993	1	3806782	3806782	0	
7.99993	1	3807680	3807680	0	
8.0024	1	3808226	3808226	0	
8.0024	1	3809140	3809140	0	
8.00487	1	3809670	3809670	0	
8.00487	1	3810600	3810600	0	
8.00734	1	3811114	3811114	0	
8.00734	1	3812060	3812060	0	
8.00981	1	3812558	3812558	0	
8.00981	1	3813520	3813520	0	
8.01228	1	3814002	3814002	0	
8.01228	1	3814980	3814980	0	
8.01484	1	3815446	3815446	0	
8.01484	1	3816440	3816440	0	
8.01731	1	3816890	3816890	0	
8.01731	1	3817900	3817900	0	
8.01978	1	3818334	3818334	0	
8.01978	1	3819360	3819360	0	
8.02225	1	3819778	3819778	0	
8.02225	1	3820820	3820820	0	
8.02472	1	3821222	3821222	0	
8.02472	1	3822280	3822280	0	
8.02729	1	3822666	3822666	0	
8.02729	1	3823740	3823740	0	
8.02976	1	3824110	3824110	0	
8.02976	1	3825200	3825200	0	
8.03223	1	3825554	3825554	0	
8.03223	1	3826660	3826660	0	
8.0347	1	3826998	3826998	0	
8.0347	1	3828120	3828120	0	
8.03717	1	3828442	3828442	0	
8.03717	1	3829580	3829580	0	
8.03964	1	3829886	3829886	0	
8.03964	1	3831040	3831040	0	
8.0421	1	3831330	3831330	0	
8.0421	1	3832500	3832500	0	
8.04457	1	3832774	3832774	0	
8.04457	1	3833960	3833960	0	
8.04714	1	3834218	3834218	0	
8.04714	1	3835420	3835420	0	
8.04961	1	3835662	3835662	0	
8.04961	1	3836880	3836880	0	
8.05303	1	3837106	3837106	0	
8.05303	1	3838340	3838340	0	
8.05555	1	3838550	3838550	0	
8.05555	1	3839800	3839800	0	
8.05802	1	3839994	3839994	0	
8.05802	1	3841260	3841260	0	
8.06059	1	3841438	3841438	0	
8.06059	1	3842720	3842720	0	
8.06305	1	3842882	3842882	0	
8.06305	1	3844180	3844180	0	
8.06552	1	3844326	3844326	0	
8.06552	1	3845640	3845640	0	
8.06799	1	3845770	3845770	0	
8.06799	1	3847100	3847100	0	
8.07046	1	3847214	3847214	0	
8.07046	1	3848560	3848560	0	
8.07293	1	3848658	3848658	0	
8.07293	1	3850020	3850020	0	
8.07541	1	3850102	3850102	0	
8.07541	1	3851480	3851480	0	
8.07788	1	3851546	3851546	0	
8.07788	1	3852940	3852940	0	
8.08044	1	3852990	3852990	0	
8.08044	1	3854400	3854400	0	
8.08291	1	3854434	3854434	0	
8.08291	1	3855860	3855860	0	
8.08537	1	3855878	3855878	0	
8.08537	1	3857320	3857320	0	
8.08784	1	3857322	3857322	0	
8.09031	1	3858774	3858774	0	
8.09031	1	3858780	3858780	0	
8.09287	1	3860219	3860219	0	
8.09287	1	3860240	3860240	0	
8.09534	1	3861664	3861664	0	
8.09534	1	3861700	3861700	0	
8.09782	1	3863109	3863109	0	
8.09782	1	3863160	3863160	0	
8.10029	1	3864554	3864554	0	
8.10029	1	3864620	3864620	0	
8.10276	1	3865998	3865998	0	
8.10276	1	3866080	3866080	0	
8.10532	1	3867442	3867442	0	
8.10532	1	3867540	3867540	0	
8.10779	1	3868886	3868886	0	
8.10779	1	3869000	3869000	0	
8.11026	1	3870330	3870330	0	
8.11026	1	3870460	3870460	0	
8.11273	1	3871774	3871774	0	
8.11273	1	3871920	3871920	0	
8.1152	1	3873218	3873218	0	
8.1152	1	3873380	3873380	0	
8.11767	1	3874662	3874662	0	
8.11767	1	3874840	3874840	0	
8.12013	1	3876106	3876106	0	
8.12013	1	3876300	3876300	0	
8.12261	1	3877550	3877550	0	
8.12261	1	3877760	3877760	0	
8.12518	1	3878994	3878994	0	
8.12518	1	3879220	3879220	0	
8.12764	1	3880438	3880438	0	
8.12764	1	3880680	3880680	0	
8.13011	1	3881882	3881882	0	
8.13011	1	3882140	3882140	0	
8.13258	1	3883326	3883326	0	
8.13258	1	3883600	3883600	0	
8.13505	1	3884770	3884770	0	
8.13505	1	3885060	3885060	0	
8.13762	1	3886214	3886214	0	
8.13762	1	3886520	3886520	0	
8.14008	1	3887658	3887658	0	
8.14008	1	3887980	3887980	0	
8.14255	1	3889102	3889102	0	
8.14255	1	3889440	3889440	0	
8.14503	1	3890546	3890546	0	
8.14503	1	3890900	3890900	0	
8.1475	1	3891990	3891990	0	
8.1475	1	3892360	3892360	0	
8.14997	1	3893434	3893434	0	
8.14997	1	3893820	3893820	0	
8.15438	1	3894878	3894878	0	
8.15438	1	3895280	3895280	0	
8.15691	1	3896322	3896322	0	
8.15691	1	3896740	3896740	0	
8.15947	1	3897766	3897766	0	
8.15947	1	3898200	3898200	0	
8.16194	1	3899210	3899210	0	
8.16194	1	3899660	3899660	0	
8.16441	1	3900654	3900654	0	
8.16441	1	3901120	3901120	0	
8.16688	1	3902098	3902098	0	
8.16688	1	3902580	3902580	0	
8.16935	1	3903542	3903542	0	
8.16935	1	3904040	3904040	0	
8.17192	1	3904986	3904986	0	
8.17192	1	3905500	3905500	0	
8.17439	1	3906430	3906430	0	
8.17439	1	3906960	3906960	0	
8.17686	1	3907874	3907874	0	
8.17686	1	3908420	3908420	0	
8.17932	1	3909318	3909318	0	
8.17932	1	3909880	3909880	0	
8.18179	1	3910762	3910762	0	
8.18179	1	3911340	3911340	0	
8.18426	1	3912206	3912206	0	
8.18426	1	3912800	3912800	0	
8.18673	1	3913650	3913650	0	
8.18673	1	3914260	3914260	0	
8.1893	1	3915094	3915094	0	
8.1893	1	3915720	3915720	0	
8.19177	1	3916538	3916538	0	
8.19177	1	3917180	3917180	0	
8.19424	1	3917982	3917982	0	
8.19424	1	3918640	3918640	0	
8.19671	1	3919426	3919426	0	
8.19671	1	3920100	3920100	0	
8.19918	1	3920870	3920870	0	
8.19918	1	3921560	3921560	0	
8.20165	1	3922314	3922314	0	
8.20165	1	3923020	3923020	0	
8.20421	1	3923758	3923758	0	
8.20421	1	3924480	3924480	0	
8.20668	1	3925202	3925202	0	
8.20668	1	3925940	3925940	0	
8.20915	1	3926646	3926646	0	
8.20915	1	3927400	3927400	0	
8.21162	1	3928090	3928090	0	
8.21162	1	3928860	3928860	0	
8.21409	1	3929534	3929534	0	
8.21409	1	3930320	3930320	0	
8.21666	1	3930978	3930978	0	
8.21666	1	3931780	3931780	0	
8.21913	1	3932422	3932422	0	
8.21913	1	3933240	3933240	0	
8.2216	1	3933866	3933866	0	
8.2216	1	3934700	3934700	0	
8.22407	1	3935310	3935310	0	
8.22407	1	3936160	3936160	0	
8.22654	1	3936754	3936754	0	
8.22654	1	3937620	3937620	0	
8.229	1	3938198	3938198	0	
8.229	1	3939080	3939080	0	
8.23147	1	3939642	3939642	0	
8.23147	1	3940540	3940540	0	
8.23394	1	3941086	3941086	0	
8.23394	1	3942000	3942000	0	
8.23651	1	3942530	3942530	0	
8.23651	1	3943460	3943460	0	
8.23898	1	3943974	3943974	0	
8.23898	1	3944920	3944920	0	
8.24145	1	3945418	3945418	0	
8.24145	1	3946380	3946380	0	
8.24392	1	3946862	3946862	0	
8.24392	1	3947840	3947840	0	
8.24639	1	3948306	3948306	0	
8.24639	1	3949300	3949300	0	
8.24896	1	3949750	3949750	0	
8.24896	1	3950760	3950760	0	
8.25142	1	3951194	3951194	0	
8.25142	1	3952220	3952220	0	
8.25389	1	3952638	3952638	0	
8.25389	1	3953680	3953680	0	
8.25636	1	3954082	3954082	0	
8.25636	1	3955140	3955140	0	
8.25883	1	3955526	3955526	0	
8.25883	1	3956600	3956600	0	
8.2613	1	3956970	3956970	0	
8.2613	1	3958060	3958060	0	
8.26377	1	3958414	3958414	0	
8.26377	1	3959520	3959520	0	
8.26624	1	3959858	3959858	0	
8.26624	1	3960980	3960980	0	
8.26881	1	3961302	3961302	0	
8.26881	1	3962440	3962440	0	
8.27128	1	3962746	3962746	0	
8.27128	1	3963900	3963900	0	
8.27375	1	3964190	3964190	0	
8.27375	1	3965360	3965360	0	
8.27622	1	3965634	3965634	0	
8.27622	1	3966820	3966820	0	
8.27868	1	3967078	3967078	0	
8.27868	1	3968280	3968280	0	
8.28125	1	3968522	3968522	0	
8.28125	1	3969740	3969740	0	
8.28372	1	3969966	3969966	0	
8.28372	1	3971200	3971200	0	
8.28619	1	3971410	3971410	0	
8.28619	1	3972660	3972660	0	
8.28866	1	3972854	3972854	0	
8.28866	1	3974120	3974120	0	
8.29113	1	3974298	3974298	0	
8.29113	1	3975580	3975580	0	
8.2937	1	3975742	3975742	0	
8.2937	1	3977040	3977040	0	
8.29617	1	3977186	3977186	0	
8.29617	1	3978500	3978500	0	
8.29864	1	3978630	3978630	0	
8.29864	1	3979960	3979960	0	
8.3011	1	3980074	3980074	0	
8.3011	1	3981420	3981420	0	
8.30357	1	3981518	3981518	0	
8.30357	1	3982880	3982880	0	
8.30604	1	3982962	3982962	0	
8.30604	1	3984340	3984340	0	
8.30851	1	3984406	3984406	0	
8.30851	1	3985800	3985800	0	
8.31098	1	3985850	3985850	0	
8.31098	1	3987260	3987260	0	
8.31355	1	3987294	3987294	0	
8.31355	1	3988720	3988720	0	
8.31602	1	3988738	3988738	0	
8.31602	1	3990180	3990180	0	
8.31848	1	3990182	3990182	0	
8.32095	1	3991634	3991634	0	
8.32095	1	3991640	3991640	0	
8.32342	1	3993079	3993079	0	
8.32342	1	3993100	3993100	0	
8.32599	1	3994524	3994524	0	
8.32599	1	3994560	3994560	0	
8.32845	1	3995969	3995969	0	
8.32845	1	3996020	3996020	0	
8.33092	1	3997414	3997414	0	
8.33092	1	3997480	3997480	0	
8.33339	1	3998858	3998858	0	
8.33339	1	3998940	3998940	0	
8.33587	1	4000302	4000302	0	
8.33587	1	4000400	4000400	0	
8.33834	1	4001746	4001746	0	
8.33834	1	4001860	4001860	0	
8.34081	1	4003190	4003190	0	
8.34081	1	4003320	4003320	0	
8.34328	1	4004634	4004634	0	
8.34328	1	4004780	4004780	0	
8.34584	1	4006078	4006078	0	
8.34584	1	4006240	4006240	0	
8.34831	1	4007522	4007522	0	
8.34831	1	4007700	4007700	0	
8.35078	1	4008966	4008966	0	
8.35078	1	4009160	4009160	0	
8.35324	1	4010410	4010410	0	
8.35324	1	4010620	4010620	0	
8.35472	1	4011854	4011854	0	
8.35472	1	4012080	4012080	0	
8.35729	1	4013298	4013298	0	
8.35729	1	4013540	4013540	0	
8.35976	1	4014742	4014742	0	
8.35976	1	4015000	4015000	0	
8.36223	1	4016186	4016186	0	
8.36223	1	4016460	4016460	0	
8.36469	1	4017630	4017630	0	
8.36469	1	4017920	4017920	0	
8.36716	1	4019074	4019074	0	
8.36716	1	4019380	4019380	0	
8.36963	1	4020518	4020518	0	
8.36963	1	4020840	4020840	0	
8.3721	1	4021962	4021962	0	
8.3721	1	4022300	4022300	0	
8.37457	1	4023406	4023406	0	
8.37457	1	4023760	4023760	0	
8.37713	1	4024850	4024850	0	
8.37713	1	4025220	4025220	0	
8.3796	1	4026294	4026294	0	
8.3796	1	4026680	4026680	0	
8.38208	1	4027738	4027738	0	
8.38208	1	4028140	4028140	0	
8.38455	1	4029182	4029182	0	
8.38455	1	4029600	4029600	0	
8.38702	1	4030626	4030626	0	
8.38702	1	4031060	4031060	0	
8.38958	1	4032070	4032070	0	
8.38958	1	4032520	4032520	0	
8.39205	1	4033514	4033514	0	
8.39205	1	4033980	4033980	0	
8.39452	1	4034958	4034958	0	
8.39452	1	4035440	4035440	0	
8.39699	1	4036402	4036402	0	
8.39699	1	4036900	4036900	0	
8.39946	1	4037846	4037846	0	
8.39946	1	4038360	4038360	0	
8.40202	1	4039290	4039290	0	
8.40202	1	4039820	4039820	0	
8.4045	1	4040734	4040734	0	
8.4045	1	4041280	4041280	0	
8.40697	1	4042178	4042178	0	
8.40697	1	4042740	4042740	0	
8.40944	1	4043622	4043622	0	
8.40944	1	4044200	4044200	0	
8.41191	1	4045066	4045066	0	
8.41191	1	4045660	4045660	0	
8.41437	1	4046510	4046510	0	
8.41437	1	4047120	4047120	0	
8.41684	1	4047954	4047954	0	
8.41684	1	4048580	4048580	0	
8.41931	1	4049398	4049398	0	
8.41931	1	4050040	4050040	0	
8.42188	1	4050842	4050842	0	
8.42188	1	4051500	4051500	0	
8.42435	1	4052286	4052286	0	
8.42435	1	4052960	4052960	0	
8.42681	1	4053730	4053730	0	
8.42681	1	4054420	4054420	0	
8.42929	1	4055174	4055174	0	
8.42929	1	4055880	4055880	0	
8.43176	1	4056618	4056618	0	
8.43176	1	4057340	4057340	0	
8.43432	1	4058062	4058062	0	
8.43432	1	4058800	4058800	0	
8.43679	1	4059506	4059506	0	
8.43679	1	4060260	4060260	0	
8.43926	1	4060950	4060950	0	
8.43926	1	4061720	4061720	0	
8.44173	1	4062394	4062394	0	
8.44173	1	4063180	4063180	0	
8.4442	1	4063838	4063838	0	
8.4442	1	4064640	4064640	0	
8.44667	1	4065282	4065282	0	
8.44667	1	4066100	4066100	0	
8.44914	1	4066726	4066726	0	
8.44914	1	4067560	4067560	0	
8.45161	1	4068170	4068170	0	
8.45161	1	4069020	4069020	0	
8.45612	1	4069614	4069614	0	
8.45612	1	4070480	4070480	0	
8.45865	1	4071058	4071058	0	
8.45865	1	4071940	4071940	0	
8.46112	1	4072502	4072502	0	
8.46112	1	4073400	4073400	0	
8.46359	1	4073946	4073946	0	
8.46359	1	4074860	4074860	0	
8.46605	1	4075390	4075390	0	
8.46605	1	4076320	4076320	0	
8.46862	1	4076834	4076834	0	
8.46862	1	4077780	4077780	0	
8.47109	1	4078278	4078278	0	
8.47109	1	4079240	4079240	0	
8.47356	1	4079722	4079722	0	
8.47356	1	4080700	4080700	0	
8.47603	1	4081166	4081166	0	
8.47603	1	4082160	4082160	0	
8.4785	1	4082610	4082610	0	
8.4785	1	4083620	4083620	0	
8.48097	1	4084054	4084054	0	
8.48097	1	4085080	4085080	0	
8.48344	1	4085498	4085498	0	
8.48344	1	4086540	4086540	0	
8.48591	1	4086942	4086942	0	
8.48591	1	4088000	4088000	0	
8.48847	1	4088386	4088386	0	
8.48847	1	4089460	4089460	0	
8.49094	1	4089830	4089830	0	
8.49094	1	4090920	4090920	0	
8.49341	1	4091274	4091274	0	
8.49341	1	4092380	4092380	0	
8.49588	1	4092718	4092718	0	
8.49588	1	4093840	4093840	0	
8.49835	1	4094162	4094162	0	
8.49835	1	4095300	4095300	0	
8.50092	1	4095606	4095606	0	
8.50092	1	4096760	4096760	0	
8.50339	1	4097050	4097050	0	
8.50339	1	4098220	4098220	0	
8.50586	1	4098494	4098494	0	
8.50586	1	4099680	4099680	0	
8.50833	1	4099938	4099938	0	
8.50833	1	4101140	4101140	0	
8.5108	1	4101382	4101382	0	
8.5108	1	4102600	4102600	0	
8.51336	1	4102826	4102826	0	
8.51336	1	4104060	4104060	0	
8.51583	1	4104270	4104270	0	
8.51583	1	4105520	4105520	0	
8.5183	1	4105714	4105714	0	
8.5183	1	4106980	4106980	0	
8.52077	1	4107158	4107158	0	
8.52077	1	4108440	4108440	0	
8.52324	1	4108602	4108602	0	
8.52324	1	4109900	4109900	0	
8.52571	1	4110046	4110046	0	
8.52571	1	4111360	4111360	0	
8.52818	1	4111490	4111490	0	
8.52818	1	4112820	4112820	0	
8.53065	1	4112934	4112934	0	
8.53065	1	4114280	4114280	0	
8.53312	1	4114378	4114378	0	
8.53312	1	4115740	4115740	0	
8.53568	1	4115822	4115822	0	
8.53568	1	4117200	4117200	0	
8.53815	1	4117266	4117266	0	
8.53815	1	4118660	4118660	0	
8.54062	1	4118710	4118710	0	
8.54062	1	4120120	4120120	0	
8.54309	1	4120154	4120154	0	
8.54309	1	4121580	4121580	0	
8.54556	1	4121598	4121598	0	
8.54556	1	4123040	4123040	0	
8.54813	1	4123042	4123042	0	
8.5506	1	4124494	4124494	0	
8.5506	1	4124500	4124500	0	
8.55306	1	4125939	4125939	0	
8.55306	1	4125960	4125960	0	
8.55553	1	4127384	4127384	0	
8.55553	1	4127420	4127420	0	
8.558	1	4128829	4128829	0	
8.558	1	4128880	4128880	0	
8.56047	1	4130274	4130274	0	
8.56047	1	4130340	4130340	0	
8.56294	1	4131718	4131718	0	
8.56294	1	4131800	4131800	0	
8.56541	1	4133162	4133162	0	
8.56541	1	4133260	4133260	0	
8.56797	1	4134606	4134606	0	
8.56797	1	4134720	4134720	0	
8.57044	1	4136050	4136050	0	
8.57044	1	4136180	4136180	0	
8.57292	1	4137494	4137494	0	
8.57292	1	4137640	4137640	0	
8.57539	1	4138938	4138938	0	
8.57539	1	4139100	4139100	0	
8.57786	1	4140382	4140382	0	
8.57786	1	4140560	4140560	0	
8.58042	1	4141826	4141826	0	
8.58042	1	4142020	4142020	0	
8.58289	1	4143270	4143270	0	
8.58289	1	4143480	4143480	0	
8.58536	1	4144714	4144714	0	
8.58536	1	4144940	4144940	0	
8.58783	1	4146158	4146158	0	
8.58783	1	4146400	4146400	0	
8.5903	1	4147602	4147602	0	
8.5903	1	4147860	4147860	0	
8.59276	1	4149046	4149046	0	
8.59276	1	4149320	4149320	0	
8.59523	1	4150490	4150490	0	
8.59523	1	4150780	4150780	0	
8.59771	1	4151934	4151934	0	
8.59771	1	4152240	4152240	0	
8.60028	1	4153378	4153378	0	
8.60028	1	4153700	4153700	0	
8.60274	1	4154822	4154822	0	
8.60274	1	4155160	4155160	0	
8.60521	1	4156266	4156266	0	
8.60521	1	4156620	4156620	0	
8.60768	1	4157710	4157710	0	
8.60768	1	4158080	4158080	0	
8.61015	1	4159154	4159154	0	
8.61015	1	4159540	4159540	0	
8.61272	1	4160598	4160598	0	
8.61272	1	4161000	4161000	0	
8.61518	1	4162042	4162042	0	
8.61518	1	4162460	4162460	0	
8.61765	1	4163486	4163486	0	
8.61765	1	4163920	4163920	0	
8.62013	1	4164930	4164930	0	
8.62013	1	4165380	4165380	0	
8.6226	1	4166374	4166374	0	
8.6226	1	4166840	4166840	0	
8.62516	1	4167818	4167818	0	
8.62516	1	4168300	4168300	0	
8.62763	1	4169262	4169262	0	
8.62763	1	4169760	4169760	0	
8.6301	1	4170706	4170706	0	
8.6301	1	4171220	4171220	0	
8.63257	1	4172150	4172150	0	
8.63257	1	4172680	4172680	0	
8.63504	1	4173594	4173594	0	
8.63504	1	4174140	4174140	0	
8.63751	1	4175038	4175038	0	
8.63751	1	4175600	4175600	0	
8.63998	1	4176482	4176482	0	
8.63998	1	4177060	4177060	0	
8.64245	1	4177926	4177926	0	
8.64245	1	4178520	4178520	0	
8.64502	1	4179370	4179370	0	
8.64502	1	4179980	4179980	0	
8.64749	1	4180814	4180814	0	
8.64749	1	4181440	4181440	0	
8.64996	1	4182258	4182258	0	
8.64996	1	4182900	4182900	0	
8.65242	1	4183702	4183702	0	
8.65242	1	4184360	4184360	0	
8.65346	1	4185146	4186590	0	
8.65346	1	4185146	4187280	690	
8.65489	1	4185146	4185146	1444	
8.65489	1	4185820	4185820	1444	
8.65593	1	4188034	4188034	0	
8.65593	1	4188740	4188740	0	
8.6584	1	4189478	4189478	0	
8.6584	1	4190200	4190200	0	
8.66086	1	4190922	4190922	0	
8.66086	1	4191660	4191660	0	
8.66334	1	4192366	4192366	0	
8.66334	1	4193120	4193120	0	
8.66581	1	4193810	4193810	0	
8.66581	1	4194580	4194580	0	
8.66828	1	4195254	4195254	0	
8.66828	1	4196040	4196040	0	
8.67075	1	4196698	4196698	0	
8.67075	1	4197500	4197500	0	
8.67331	1	4198142	4198142	0	
8.67331	1	4198960	4198960	0	
8.67578	1	4199586	4199586	0	
8.67578	1	4200420	4200420	0	
8.67825	1	4201030	4201030	0	
8.67825	1	4201880	4201880	0	
8.68072	1	4202474	4202474	0	
8.68072	1	4203340	4203340	0	
8.68319	1	4203918	4203918	0	
8.68319	1	4204800	4204800	0	
8.68576	1	4205362	4205362	0	
8.68576	1	4206260	4206260	0	
8.68823	1	4206806	4206806	0	
8.68823	1	4207720	4207720	0	
8.6907	1	4208250	4208250	0	
8.6907	1	4209180	4209180	0	
8.69317	1	4209694	4209694	0	
8.69317	1	4210640	4210640	0	
8.69564	1	4211138	4211138	0	
8.69564	1	4212100	4212100	0	
8.6982	1	4212582	4212582	0	
8.6982	1	4213560	4213560	0	
8.70067	1	4214026	4214026	0	
8.70067	1	4215020	4215020	0	
8.70314	1	4215470	4215470	0	
8.70314	1	4216480	4216480	0	
8.70561	1	4216914	4216914	0	
8.70561	1	4217940	4217940	0	
8.70808	1	4218358	4218358	0	
8.70808	1	4219400	4219400	0	
8.71055	1	4219802	4219802	0	
8.71055	1	4220860	4220860	0	
8.71302	1	4221246	4221246	0	
8.71302	1	4222320	4222320	0	
8.71549	1	4222690	4222690	0	
8.71549	1	4223780	4223780	0	
8.71805	1	4224134	4224134	0	
8.71805	1	4225240	4225240	0	
8.72052	1	4225578	4225578	0	
8.72052	1	4226700	4226700	0	
8.72299	1	4227022	4227022	0	
8.72299	1	4228160	4228160	0	
8.72546	1	4228466	4228466	0	
8.72546	1	4229620	4229620	0	
8.72793	1	4229910	4229910	0	
8.72793	1	4231080	4231080	0	
8.73049	1	4231354	4231354	0	
8.73049	1	4232540	4232540	0	
8.73297	1	4232798	4232798	0	
8.73297	1	4234000	4234000	0	
8.73544	1	4234242	4234242	0	
8.73544	1	4235460	4235460	0	
8.73791	1	4235686	4235686	0	
8.73791	1	4236920	4236920	0	
8.74038	1	4237130	4237130	0	
8.74038	1	4238380	4238380	0	
8.74285	1	4238574	4238574	0	
8.74285	1	4239840	4239840	0	
8.74532	1	4240018	4240018	0	
8.74532	1	4241300	4241300	0	
8.74778	1	4241462	4241462	0	
8.74778	1	4242760	4242760	0	
8.75129	1	4242906	4242906	0	
8.75129	1	4244220	4244220	0	
8.75382	1	4244350	4244350	0	
8.75382	1	4245680	4245680	0	
8.75629	1	4245794	4245794	0	
8.75629	1	4247140	4247140	0	
8.75876	1	4247238	4247238	0	
8.75876	1	4248600	4248600	0	
8.76123	1	4248682	4248682	0	
8.76123	1	4250060	4250060	0	
8.7638	1	4250126	4250126	0	
8.7638	1	4251520	4251520	0	
8.76626	1	4251570	4251570	0	
8.76626	1	4252980	4252980	0	
8.76873	1	4253014	4253014	0	
8.76873	1	4254440	4254440	0	
8.7712	1	4254458	4254458	0	
8.7712	1	4255900	4255900	0	
8.77367	1	4255902	4255902	0	
8.77613	1	4257354	4257354	0	
8.77613	1	4257360	4257360	0	
8.7786	1	4258799	4258799	0	
8.7786	1	4258820	4258820	0	
8.78107	1	4260244	4260244	0	
8.78107	1	4260280	4260280	0	
8.78364	1	4261689	4261689	0	
8.78364	1	4261740	4261740	0	
8.78611	1	4263134	4263134	0	
8.78611	1	4263200	4263200	0	
8.78858	1	4264578	4264578	0	
8.78858	1	4264660	4264660	0	
8.79105	1	4266022	4266022	0	
8.79105	1	4266120	4266120	0	
8.79352	1	4267466	4267466	0	
8.79352	1	4267580	4267580	0	
8.79608	1	4268910	4268910	0	
8.79608	1	4269040	4269040	0	
8.79855	1	4270354	4270354	0	
8.79855	1	4270500	4270500	0	
8.80102	1	4271798	4271798	0	
8.80102	1	4271960	4271960	0	
8.80349	1	4273242	4273242	0	
8.80349	1	4273420	4273420	0	
8.80597	1	4274686	4274686	0	
8.80597	1	4274880	4274880	0	
8.80853	1	4276130	4276130	0	
8.80853	1	4276340	4276340	0	
8.811	1	4277574	4277574	0	
8.811	1	4277800	4277800	0	
8.81347	1	4279018	4279018	0	
8.81347	1	4279260	4279260	0	
8.81594	1	4280462	4280462	0	
8.81594	1	4280720	4280720	0	
8.81841	1	4281906	4281906	0	
8.81841	1	4282180	4282180	0	
8.82088	1	4283350	4283350	0	
8.82088	1	4283640	4283640	0	
8.82335	1	4284794	4284794	0	
8.82335	1	4285100	4285100	0	
8.82581	1	4286238	4286238	0	
8.82581	1	4286560	4286560	0	
8.82839	1	4287682	4287682	0	
8.82839	1	4288020	4288020	0	
8.83086	1	4289126	4289126	0	
8.83086	1	4289480	4289480	0	
8.83332	1	4290570	4290570	0	
8.83332	1	4290940	4290940	0	
8.83579	1	4292014	4292014	0	
8.83579	1	4292400	4292400	0	
8.83826	1	4293458	4293458	0	
8.83826	1	4293860	4293860	0	
8.84083	1	4294902	4294902	0	
8.84083	1	4295320	4295320	0	
8.8433	1	4296346	4296346	0	
8.8433	1	4296780	4296780	0	
8.84576	1	4297790	4297790	0	
8.84576	1	4298240	4298240	0	
8.84823	1	4299234	4299234	0	
8.84823	1	4299700	4299700	0	
8.8507	1	4300678	4300678	0	
8.8507	1	4301160	4301160	0	
8.85318	1	4302122	4302122	0	
8.85318	1	4302620	4302620	0	
8.85565	1	4303566	4303566	0	
8.85565	1	4304080	4304080	0	
8.85812	1	4305010	4305010	0	
8.85812	1	4305540	4305540	0	
8.86068	1	4306454	4306454	0	
8.86068	1	4307000	4307000	0	
8.86315	1	4307898	4307898	0	
8.86315	1	4308460	4308460	0	
8.86562	1	4309342	4309342	0	
8.86562	1	4309920	4309920	0	
8.86809	1	4310786	4310786	0	
8.86809	1	4311380	4311380	0	
8.87056	1	4312230	4312230	0	
8.87056	1	4312840	4312840	0	
8.87312	1	4313674	4313674	0	
8.87312	1	4314300	4314300	0	
8.8756	1	4315118	4315118	0	
8.8756	1	4315760	4315760	0	
8.87807	1	4316562	4316562	0	
8.87807	1	4317220	4317220	0	
8.88054	1	4318006	4318006	0	
8.88054	1	4318680	4318680	0	
8.883	1	4319450	4319450	0	
8.883	1	4320140	4320140	0	
8.88547	1	4320894	4320894	0	
8.88547	1	4321600	4321600	0	
8.88794	1	4322338	4322338	0	
8.88794	1	4323060	4323060	0	
8.89041	1	4323782	4323782	0	
8.89041	1	4324520	4324520	0	
8.89298	1	4325226	4325226	0	
8.89298	1	4325980	4325980	0	
8.89544	1	4326670	4326670	0	
8.89544	1	4327440	4327440	0	
8.89791	1	4328114	4328114	0	
8.89791	1	4328900	4328900	0	
8.90039	1	4329558	4329558	0	
8.90039	1	4330360	4330360	0	
8.90286	1	4331002	4331002	0	
8.90286	1	4331820	4331820	0	
8.90542	1	4332446	4332446	0	
8.90542	1	4333280	4333280	0	
8.90789	1	4333890	4333890	0	
8.90789	1	4334740	4334740	0	
8.91036	1	4335334	4335334	0	
8.91036	1	4336200	4336200	0	
8.91283	1	4336778	4336778	0	
8.91283	1	4337660	4337660	0	
8.9153	1	4338222	4338222	0	
8.9153	1	4339120	4339120	0	
8.91786	1	4339666	4339666	0	
8.91786	1	4340580	4340580	0	
8.92033	1	4341110	4341110	0	
8.92033	1	4342040	4342040	0	
8.92281	1	4342554	4342554	0	
8.92281	1	4343500	4343500	0	
8.92528	1	4343998	4343998	0	
8.92528	1	4344960	4344960	0	
8.92775	1	4345442	4345442	0	
8.92775	1	4346420	4346420	0	
8.93022	1	4346886	4346886	0	
8.93022	1	4347880	4347880	0	
8.93268	1	4348330	4348330	0	
8.93268	1	4349340	4349340	0	
8.93515	1	4349774	4349774	0	
8.93515	1	4350800	4350800	0	
8.93772	1	4351218	4351218	0	
8.93772	1	4352260	4352260	0	
8.94019	1	4352662	4352662	0	
8.94019	1	4353720	4353720	0	
8.94266	1	4354106	4354106	0	
8.94266	1	4355180	4355180	0	
8.94513	1	4355550	4355550	0	
8.94513	1	4356640	4356640	0	
8.9476	1	4356994	4356994	0	
8.9476	1	4358100	4358100	0	
8.95017	1	4358438	4358438	0	
8.95017	1	4359560	4359560	0	
8.95358	1	4359882	4359882	0	
8.95358	1	4361020	4361020	0	
8.9561	1	4361326	4361326	0	
8.9561	1	4362480	4362480	0	
8.95857	1	4362770	4362770	0	
8.95857	1	4363940	4363940	0	
8.96104	1	4364214	4364214	0	
8.96104	1	4365400	4365400	0	
8.96351	1	4365658	4365658	0	
8.96351	1	4366860	4366860	0	
8.96598	1	4367102	4367102	0	
8.96598	1	4368320	4368320	0	
8.96845	1	4368546	4368546	0	
8.96845	1	4369780	4369780	0	
8.97102	1	4369990	4369990	0	
8.97102	1	4371240	4371240	0	
8.97349	1	4371434	4371434	0	
8.97349	1	4372700	4372700	0	
8.97596	1	4372878	4372878	0	
8.97596	1	4374160	4374160	0	
8.97843	1	4374322	4374322	0	
8.97843	1	4375620	4375620	0	
8.9809	1	4375766	4375766	0	
8.9809	1	4377080	4377080	0	
8.98346	1	4377210	4377210	0	
8.98346	1	4378540	4378540	0	
8.98593	1	4378654	4378654	0	
8.98593	1	4380000	4380000	0	
8.9884	1	4380098	4380098	0	
8.9884	1	4381460	4381460	0	
8.99087	1	4381542	4381542	0	
8.99087	1	4382920	4382920	0	
8.99334	1	4382986	4382986	0	
8.99334	1	4384380	4384380	0	
8.99581	1	4384430	4384430	0	
8.99581	1	4385840	4385840	0	
8.99828	1	4385874	4385874	0	
8.99828	1	4387300	4387300	0	
9.00075	1	4387318	4387318	0	
9.00075	1	4388760	4388760	0	
9.00331	1	4388762	4388762	0	
9.00578	1	4390214	4390214	0	
9.00578	1	4390220	4390220	0	
9.00825	1	4391659	4391659	0	
9.00825	1	4391680	4391680	0	
9.01072	1	4393104	4393104	0	
9.01072	1	4393140	4393140	0	
9.01318	1	4394549	4394549	0	
9.01318	1	4394600	4394600	0	
9.01575	1	4395994	4395994	0	
9.01575	1	4396060	4396060	0	
9.01823	1	4397438	4397438	0	
9.01823	1	4397520	4397520	0	
9.02069	1	4398882	4398882	0	
9.02069	1	4398980	4398980	0	
9.02316	1	4400326	4400326	0	
9.02316	1	4400440	4400440	0	
9.02563	1	4401770	4401770	0	
9.02563	1	4401900	4401900	0	
9.0282	1	4403214	4403214	0	
9.0282	1	4403360	4403360	0	
9.03067	1	4404658	4404658	0	
9.03067	1	4404820	4404820	0	
9.03313	1	4406102	4406102	0	
9.03313	1	4406280	4406280	0	
9.0356	1	4407546	4407546	0	
9.0356	1	4407740	4407740	0	
9.03807	1	4408990	4408990	0	
9.03807	1	4409200	4409200	0	
9.04054	1	4410434	4410434	0	
9.04054	1	4410660	4410660	0	
9.04302	1	4411878	4411878	0	
9.04302	1	4412120	4412120	0	
9.04549	1	4413322	4413322	0	
9.04549	1	4413580	4413580	0	
9.04805	1	4414766	4414766	0	
9.04805	1	4415040	4415040	0	
9.05052	1	4416210	4416210	0	
9.05052	1	4416500	4416500	0	
9.05299	1	4417654	4417654	0	
9.05299	1	4417960	4417960	0	
9.05446	1	4419098	4419098	0	
9.05446	1	4419420	4419420	0	
9.05693	1	4420542	4420542	0	
9.05693	1	4420880	4420880	0	
9.0594	1	4421986	4421986	0	
9.0594	1	4422340	4422340	0	
9.06196	1	4423430	4423430	0	
9.06196	1	4423800	4423800	0	
9.06444	1	4424874	4424874	0	
9.06444	1	4425260	4425260	0	
9.06691	1	4426318	4426318	0	
9.06691	1	4426720	4426720	0	
9.06937	1	4427762	4427762	0	
9.06937	1	4428180	4428180	0	
9.07184	1	4429206	4429206	0	
9.07184	1	4429640	4429640	0	
9.07431	1	4430650	4430650	0	
9.07431	1	4431100	4431100	0	
9.07678	1	4432094	4432094	0	
9.07678	1	4432560	4432560	0	
9.07925	1	4433538	4433538	0	
9.07925	1	4434020	4434020	0	
9.08181	1	4434982	4434982	0	
9.08181	1	4435480	4435480	0	
9.08428	1	4436426	4436426	0	
9.08428	1	4436940	4436940	0	
9.08675	1	4437870	4437870	0	
9.08675	1	4438400	4438400	0	
9.08923	1	4439314	4439314	0	
9.08923	1	4439860	4439860	0	
9.0917	1	4440758	4440758	0	
9.0917	1	4441320	4441320	0	
9.09426	1	4442202	4442202	0	
9.09426	1	4442780	4442780	0	
9.09673	1	4443646	4443646	0	
9.09673	1	4444240	4444240	0	
9.0992	1	4445090	4445090	0	
9.0992	1	4445700	4445700	0	
9.10167	1	4446534	4446534	0	
9.10167	1	4447160	4447160	0	
9.10414	1	4447978	4447978	0	
9.10414	1	4448620	4448620	0	
9.1067	1	4449422	4449422	0	
9.1067	1	4450080	4450080	0	
9.10917	1	4450866	4450866	0	
9.10917	1	4451540	4451540	0	
9.11165	1	4452310	4452310	0	
9.11165	1	4453000	4453000	0	
9.11412	1	4453754	4453754	0	
9.11412	1	4454460	4454460	0	
9.11659	1	4455198	4455198	0	
9.11659	1	4455920	4455920	0	
9.11905	1	4456642	4456642	0	
9.11905	1	4457380	4457380	0	
9.12152	1	4458086	4458086	0	
9.12152	1	4458840	4458840	0	
9.12399	1	4459530	4459530	0	
9.12399	1	4460300	4460300	0	
9.12656	1	4460974	4460974	0	
9.12656	1	4461760	4461760	0	
9.12903	1	4462418	4462418	0	
9.12903	1	4463220	4463220	0	
9.13149	1	4463862	4463862	0	
9.13149	1	4464680	4464680	0	
9.13396	1	4465306	4465306	0	
9.13396	1	4466140	4466140	0	
9.13644	1	4466750	4466750	0	
9.13644	1	4467600	4467600	0	
9.139	1	4468194	4468194	0	
9.139	1	4469060	4469060	0	
9.14147	1	4469638	4469638	0	
9.14147	1	4470520	4470520	0	
9.14394	1	4471082	4471082	0	
9.14394	1	4471980	4471980	0	
9.14641	1	4472526	4472526	0	
9.14641	1	4473440	4473440	0	
9.14888	1	4473970	4473970	0	
9.14888	1	4474900	4474900	0	
9.15229	1	4475414	4475414	0	
9.15229	1	4476360	4476360	0	
9.15482	1	4476858	4476858	0	
9.15482	1	4477820	4477820	0	
9.15729	1	4478302	4478302	0	
9.15729	1	4479280	4479280	0	
9.15986	1	4479746	4479746	0	
9.15986	1	4480740	4480740	0	
9.16233	1	4481190	4481190	0	
9.16233	1	4482200	4482200	0	
9.1648	1	4482634	4482634	0	
9.1648	1	4483660	4483660	0	
9.16727	1	4484078	4484078	0	
9.16727	1	4485120	4485120	0	
9.16973	1	4485522	4485522	0	
9.16973	1	4486580	4486580	0	
9.1723	1	4486966	4486966	0	
9.1723	1	4488040	4488040	0	
9.17477	1	4488410	4488410	0	
9.17477	1	4489500	4489500	0	
9.17724	1	4489854	4489854	0	
9.17724	1	4490960	4490960	0	
9.17971	1	4491298	4491298	0	
9.17971	1	4492420	4492420	0	
9.18217	1	4492742	4492742	0	
9.18217	1	4493880	4493880	0	
9.18465	1	4494186	4494186	0	
9.18465	1	4495340	4495340	0	
9.18712	1	4495630	4495630	0	
9.18712	1	4496800	4496800	0	
9.18959	1	4497074	4497074	0	
9.18959	1	4498260	4498260	0	
9.19215	1	4498518	4498518	0	
9.19215	1	4499720	4499720	0	
9.19462	1	4499962	4499962	0	
9.19462	1	4501180	4501180	0	
9.19709	1	4501406	4501406	0	
9.19709	1	4502640	4502640	0	
9.19956	1	4502850	4502850	0	
9.19956	1	4504100	4504100	0	
9.20203	1	4504294	4504294	0	
9.20203	1	4505560	4505560	0	
9.20459	1	4505738	4505738	0	
9.20459	1	4507020	4507020	0	
9.20707	1	4507182	4507182	0	
9.20707	1	4508480	4508480	0	
9.20954	1	4508626	4508626	0	
9.20954	1	4509940	4509940	0	
9.21201	1	4510070	4510070	0	
9.21201	1	4511400	4511400	0	
9.21448	1	4511514	4511514	0	
9.21448	1	4512860	4512860	0	
9.21704	1	4512958	4512958	0	
9.21704	1	4514320	4514320	0	
9.21951	1	4514402	4514402	0	
9.21951	1	4515780	4515780	0	
9.22198	1	4515846	4515846	0	
9.22198	1	4517240	4517240	0	
9.22445	1	4517290	4517290	0	
9.22445	1	4518700	4518700	0	
9.22691	1	4518734	4518734	0	
9.22691	1	4520160	4520160	0	
9.22938	1	4520178	4520178	0	
9.22938	1	4521620	4521620	0	
9.23186	1	4521622	4521622	0	
9.23432	1	4523074	4523074	0	
9.23432	1	4523080	4523080	0	
9.23689	1	4524519	4524519	0	
9.23689	1	4524540	4524540	0	
9.23936	1	4525964	4525964	0	
9.23936	1	4526000	4526000	0	
9.24183	1	4527409	4527409	0	
9.24183	1	4527460	4527460	0	
9.2443	1	4528854	4528854	0	
9.2443	1	4528920	4528920	0	
9.24676	1	4530298	4530298	0	
9.24676	1	4530380	4530380	0	
9.24933	1	4531742	4531742	0	
9.24933	1	4531840	4531840	0	
9.2518	1	4533186	4533186	0	
9.2518	1	4533300	4533300	0	
9.25428	1	4534630	4534630	0	
9.25428	1	4534760	4534760	0	
9.25674	1	4536074	4536074	0	
9.25674	1	4536220	4536220	0	
9.25921	1	4537518	4537518	0	
9.25921	1	4537680	4537680	0	
9.26168	1	4538962	4538962	0	
9.26168	1	4539140	4539140	0	
9.26415	1	4540406	4540406	0	
9.26415	1	4540600	4540600	0	
9.26662	1	4541850	4541850	0	
9.26662	1	4542060	4542060	0	
9.26918	1	4543294	4543294	0	
9.26918	1	4543520	4543520	0	
9.27165	1	4544738	4544738	0	
9.27165	1	4544980	4544980	0	
9.27412	1	4546182	4546182	0	
9.27412	1	4546440	4546440	0	
9.27659	1	4547626	4547626	0	
9.27659	1	4547900	4547900	0	
9.27907	1	4549070	4549070	0	
9.27907	1	4549360	4549360	0	
9.28163	1	4550514	4550514	0	
9.28163	1	4550820	4550820	0	
9.2841	1	4551958	4551958	0	
9.2841	1	4552280	4552280	0	
9.28657	1	4553402	4553402	0	
9.28657	1	4553740	4553740	0	
9.28904	1	4554846	4554846	0	
9.28904	1	4555200	4555200	0	
9.29151	1	4556290	4556290	0	
9.29151	1	4556660	4556660	0	
9.29398	1	4557734	4557734	0	
9.29398	1	4558120	4558120	0	
9.29644	1	4559178	4559178	0	
9.29644	1	4559580	4559580	0	
9.29891	1	4560622	4560622	0	
9.29891	1	4561040	4561040	0	
9.30149	1	4562066	4562066	0	
9.30149	1	4562500	4562500	0	
9.30396	1	4563510	4563510	0	
9.30396	1	4563960	4563960	0	
9.30642	1	4564954	4564954	0	
9.30642	1	4565420	4565420	0	
9.30889	1	4566398	4566398	0	
9.30889	1	4566880	4566880	0	
9.31136	1	4567842	4567842	0	
9.31136	1	4568340	4568340	0	
9.31393	1	4569286	4569286	0	
9.31393	1	4569800	4569800	0	
9.3164	1	4570730	4570730	0	
9.3164	1	4571260	4571260	0	
9.31886	1	4572174	4572174	0	
9.31886	1	4572720	4572720	0	
9.32133	1	4573618	4573618	0	
9.32133	1	4574180	4574180	0	
9.3238	1	4575062	4575062	0	
9.3238	1	4575640	4575640	0	
9.32637	1	4576506	4576506	0	
9.32637	1	4577100	4577100	0	
9.32884	1	4577950	4577950	0	
9.32884	1	4578560	4578560	0	
9.33131	1	4579394	4579394	0	
9.33131	1	4580020	4580020	0	
9.33378	1	4580838	4580838	0	
9.33378	1	4581480	4581480	0	
9.33625	1	4582282	4582282	0	
9.33625	1	4582940	4582940	0	
9.33872	1	4583726	4583726	0	
9.33872	1	4584400	4584400	0	
9.34119	1	4585170	4585170	0	
9.34119	1	4585860	4585860	0	
9.34366	1	4586614	4586614	0	
9.34366	1	4587320	4587320	0	
9.34622	1	4588058	4588058	0	
9.34622	1	4588780	4588780	0	
9.3487	1	4589502	4589502	0	
9.3487	1	4590240	4590240	0	
9.35117	1	4590946	4590946	0	
9.35117	1	4591700	4591700	0	
9.35458	1	4592390	4592390	0	
9.35458	1	4593160	4593160	0	
9.3571	1	4593834	4593834	0	
9.3571	1	4594620	4594620	0	
9.35967	1	4595278	4595278	0	
9.35967	1	4596080	4596080	0	
9.36214	1	4596722	4596722	0	
9.36214	1	4597540	4597540	0	
9.36461	1	4598166	4598166	0	
9.36461	1	4599000	4599000	0	
9.36708	1	4599610	4599610	0	
9.36708	1	4600460	4600460	0	
9.36954	1	4601054	4601054	0	
9.36954	1	4601920	4601920	0	
9.37201	1	4602498	4602498	0	
9.37201	1	4603380	4603380	0	
9.37449	1	4603942	4603942	0	
9.37449	1	4604840	4604840	0	
9.37696	1	4605386	4605386	0	
9.37696	1	4606300	4606300	0	
9.37952	1	4606830	4606830	0	
9.37952	1	4607760	4607760	0	
9.38199	1	4608274	4608274	0	
9.38199	1	4609220	4609220	0	
9.38446	1	4609718	4609718	0	
9.38446	1	4610680	4610680	0	
9.38693	1	4611162	4611162	0	
9.38693	1	4612140	4612140	0	
9.3894	1	4612606	4612606	0	
9.3894	1	4613600	4613600	0	
9.39196	1	4614050	4614050	0	
9.39196	1	4615060	4615060	0	
9.39443	1	4615494	4615494	0	
9.39443	1	4616520	4616520	0	
9.39691	1	4616938	4616938	0	
9.39691	1	4617980	4617980	0	
9.39938	1	4618382	4618382	0	
9.39938	1	4619440	4619440	0	
9.40185	1	4619826	4619826	0	
9.40185	1	4620900	4620900	0	
9.40432	1	4621270	4621270	0	
9.40432	1	4622360	4622360	0	
9.40678	1	4622714	4622714	0	
9.40678	1	4623820	4623820	0	
9.40925	1	4624158	4624158	0	
9.40925	1	4625280	4625280	0	
9.41182	1	4625602	4625602	0	
9.41182	1	4626740	4626740	0	
9.41429	1	4627046	4627046	0	
9.41429	1	4628200	4628200	0	
9.41676	1	4628490	4628490	0	
9.41676	1	4629660	4629660	0	
9.41922	1	4629934	4629934	0	
9.41922	1	4631120	4631120	0	
9.4217	1	4631378	4631378	0	
9.4217	1	4632580	4632580	0	
9.42427	1	4632822	4632822	0	
9.42427	1	4634040	4634040	0	
9.42673	1	4634266	4634266	0	
9.42673	1	4635500	4635500	0	
9.4292	1	4635710	4635710	0	
9.4292	1	4636960	4636960	0	
9.43167	1	4637154	4637154	0	
9.43167	1	4638420	4638420	0	
9.43414	1	4638598	4638598	0	
9.43414	1	4639880	4639880	0	
9.43671	1	4640042	4640042	0	
9.43671	1	4641340	4641340	0	
9.43917	1	4641486	4641486	0	
9.43917	1	4642800	4642800	0	
9.44164	1	4642930	4642930	0	
9.44164	1	4644260	4644260	0	
9.44412	1	4644374	4644374	0	
9.44412	1	4645720	4645720	0	
9.44659	1	4645818	4645818	0	
9.44659	1	4647180	4647180	0	
9.44906	1	4647262	4647262	0	
9.44906	1	4648640	4648640	0	
9.45153	1	4648706	4648706	0	
9.45153	1	4650100	4650100	0	
9.45494	1	4650150	4650150	0	
9.45494	1	4651560	4651560	0	
9.45756	1	4651594	4651594	0	
9.45756	1	4653020	4653020	0	
9.46002	1	4653038	4653038	0	
9.46002	1	4654480	4654480	0	
9.46249	1	4654482	4654482	0	
9.46496	1	4655934	4655934	0	
9.46496	1	4655940	4655940	0	
9.46743	1	4657379	4657379	0	
9.46743	1	4657400	4657400	0	
9.47	1	4658824	4658824	0	
9.47	1	4658860	4658860	0	
9.47247	1	4660269	4660269	0	
9.47247	1	4660320	4660320	0	
9.47494	1	4661714	4661714	0	
9.47494	1	4661780	4661780	0	
9.47741	1	4663158	4663158	0	
9.47741	1	4663240	4663240	0	
9.47988	1	4664602	4664602	0	
9.47988	1	4664700	4664700	0	
9.48235	1	4666046	4666046	0	
9.48235	1	4666160	4666160	0	
9.48481	1	4667490	4667490	0	
9.48481	1	4667620	4667620	0	
9.48728	1	4668934	4668934	0	
9.48728	1	4669080	4669080	0	
9.48985	1	4670378	4670378	0	
9.48985	1	4670540	4670540	0	
9.49232	1	4671822	4671822	0	
9.49232	1	4672000	4672000	0	
9.49479	1	4673266	4673266	0	
9.49479	1	4673460	4673460	0	
9.49726	1	4674710	4674710	0	
9.49726	1	4674920	4674920	0	
9.49973	1	4676154	4676154	0	
9.49973	1	4676380	4676380	0	
9.5023	1	4677598	4677598	0	
9.5023	1	4677840	4677840	0	
9.50476	1	4679042	4679042	0	
9.50476	1	4679300	4679300	0	
9.50723	1	4680486	4680486	0	
9.50723	1	4680760	4680760	0	
9.5097	1	4681930	4681930	0	
9.5097	1	4682220	4682220	0	
9.51217	1	4683374	4683374	0	
9.51217	1	4683680	4683680	0	
9.51464	1	4684818	4684818	0	
9.51464	1	4685140	4685140	0	
9.51712	1	4686262	4686262	0	
9.51712	1	4686600	4686600	0	
9.51959	1	4687706	4687706	0	
9.51959	1	4688060	4688060	0	
9.52215	1	4689150	4689150	0	
9.52215	1	4689520	4689520	0	
9.52462	1	4690594	4690594	0	
9.52462	1	4690980	4690980	0	
9.52709	1	4692038	4692038	0	
9.52709	1	4692440	4692440	0	
9.52956	1	4693482	4693482	0	
9.52956	1	4693900	4693900	0	
9.53203	1	4694926	4694926	0	
9.53203	1	4695360	4695360	0	
9.53459	1	4696370	4696370	0	
9.53459	1	4696820	4696820	0	
9.53706	1	4697814	4697814	0	
9.53706	1	4698280	4698280	0	
9.53954	1	4699258	4699258	0	
9.53954	1	4699740	4699740	0	
9.542	1	4700702	4700702	0	
9.542	1	4701200	4701200	0	
9.54447	1	4702146	4702146	0	
9.54447	1	4702660	4702660	0	
9.54704	1	4703590	4703590	0	
9.54704	1	4704120	4704120	0	
9.54951	1	4705034	4705034	0	
9.54951	1	4705580	4705580	0	
9.55198	1	4706478	4706478	0	
9.55198	1	4707040	4707040	0	
9.55291	1	4707922	4709366	0	
9.55291	1	4707922	4709960	594	
9.55444	1	4707922	4707922	1444	
9.55444	1	4708500	4708500	1444	
9.55538	1	4710810	4710810	0	
9.55538	1	4711420	4711420	0	
9.55785	1	4712254	4712254	0	
9.55785	1	4712880	4712880	0	
9.56033	1	4713698	4713698	0	
9.56033	1	4714340	4714340	0	
9.56289	1	4715142	4715142	0	
9.56289	1	4715800	4715800	0	
9.56536	1	4716586	4716586	0	
9.56536	1	4717260	4717260	0	
9.56783	1	4718030	4718030	0	
9.56783	1	4718720	4718720	0	
9.5703	1	4719474	4719474	0	
9.5703	1	4720180	4720180	0	
9.57277	1	4720918	4720918	0	
9.57277	1	4721640	4721640	0	
9.57533	1	4722362	4722362	0	
9.57533	1	4723100	4723100	0	
9.5778	1	4723806	4723806	0	
9.5778	1	4724560	4724560	0	
9.58027	1	4725250	4725250	0	
9.58027	1	4726020	4726020	0	
9.58275	1	4726694	4726694	0	
9.58275	1	4727480	4727480	0	
9.58522	1	4728138	4728138	0	
9.58522	1	4728940	4728940	0	
9.58768	1	4729582	4729582	0	
9.58768	1	4730400	4730400	0	
9.59015	1	4731026	4731026	0	
9.59015	1	4731860	4731860	0	
9.59262	1	4732470	4732470	0	
9.59262	1	4733320	4733320	0	
9.59509	1	4733914	4733914	0	
9.59509	1	4734780	4734780	0	
9.59766	1	4735358	4735358	0	
9.59766	1	4736240	4736240	0	
9.60012	1	4736802	4736802	0	
9.60012	1	4737700	4737700	0	
9.60259	1	4738246	4738246	0	
9.60259	1	4739160	4739160	0	
9.60506	1	4739690	4739690	0	
9.60506	1	4740620	4740620	0	
9.60754	1	4741134	4741134	0	
9.60754	1	4742080	4742080	0	
9.6101	1	4742578	4742578	0	
9.6101	1	4743540	4743540	0	
9.61257	1	4744022	4744022	0	
9.61257	1	4745000	4745000	0	
9.61504	1	4745466	4745466	0	
9.61504	1	4746460	4746460	0	
9.61751	1	4746910	4746910	0	
9.61751	1	4747920	4747920	0	
9.61998	1	4748354	4748354	0	
9.61998	1	4749380	4749380	0	
9.62254	1	4749798	4749798	0	
9.62254	1	4750840	4750840	0	
9.62501	1	4751242	4751242	0	
9.62501	1	4752300	4752300	0	
9.62748	1	4752686	4752686	0	
9.62748	1	4753760	4753760	0	
9.62996	1	4754130	4754130	0	
9.62996	1	4755220	4755220	0	
9.63243	1	4755574	4755574	0	
9.63243	1	4756680	4756680	0	
9.6349	1	4757018	4757018	0	
9.6349	1	4758140	4758140	0	
9.63736	1	4758462	4758462	0	
9.63736	1	4759600	4759600	0	
9.63983	1	4759906	4759906	0	
9.63983	1	4761060	4761060	0	
9.6424	1	4761350	4761350	0	
9.6424	1	4762520	4762520	0	
9.64487	1	4762794	4762794	0	
9.64487	1	4763980	4763980	0	
9.64734	1	4764238	4764238	0	
9.64734	1	4765440	4765440	0	
9.6498	1	4765682	4765682	0	
9.6498	1	4766900	4766900	0	
9.65523	1	4767126	4767126	0	
9.65523	1	4768360	4768360	0	
9.65785	1	4768570	4768570	0	
9.65785	1	4769820	4769820	0	
9.66032	1	4770014	4770014	0	
9.66032	1	4771280	4771280	0	
9.66278	1	4771458	4771458	0	
9.66278	1	4772740	4772740	0	
9.66525	1	4772902	4772902	0	
9.66525	1	4774200	4774200	0	
9.66772	1	4774346	4774346	0	
9.66772	1	4775660	4775660	0	
9.67019	1	4775790	4775790	0	
9.67019	1	4777120	4777120	0	
9.67266	1	4777234	4777234	0	
9.67266	1	4778580	4778580	0	
9.67513	1	4778678	4778678	0	
9.67513	1	4780040	4780040	0	
9.67769	1	4780122	4780122	0	
9.67769	1	4781500	4781500	0	
9.68017	1	4781566	4781566	0	
9.68017	1	4782960	4782960	0	
9.68264	1	4783010	4783010	0	
9.68264	1	4784420	4784420	0	
9.6851	1	4784454	4784454	0	
9.6851	1	4785880	4785880	0	
9.68757	1	4785898	4785898	0	
9.68757	1	4787340	4787340	0	
9.69013	1	4787342	4787342	0	
9.6926	1	4788794	4788794	0	
9.6926	1	4788800	4788800	0	
9.69507	1	4790239	4790239	0	
9.69507	1	4790260	4790260	0	
9.69754	1	4791684	4791684	0	
9.69754	1	4791720	4791720	0	
9.70001	1	4793129	4793129	0	
9.70001	1	4793180	4793180	0	
9.70248	1	4794574	4794574	0	
9.70248	1	4794640	4794640	0	
9.70496	1	4796018	4796018	0	
9.70496	1	4796100	4796100	0	
9.70742	1	4797462	4797462	0	
9.70742	1	4797560	4797560	0	
9.70999	1	4798906	4798906	0	
9.70999	1	4799020	4799020	0	
9.71246	1	4800350	4800350	0	
9.71246	1	4800480	4800480	0	
9.71493	1	4801794	4801794	0	
9.71493	1	4801940	4801940	0	
9.7174	1	4803238	4803238	0	
9.7174	1	4803400	4803400	0	
9.71986	1	4804682	4804682	0	
9.71986	1	4804860	4804860	0	
9.72243	1	4806126	4806126	0	
9.72243	1	4806320	4806320	0	
9.7249	1	4807570	4807570	0	
9.7249	1	4807780	4807780	0	
9.72737	1	4809014	4809014	0	
9.72737	1	4809240	4809240	0	
9.72984	1	4810458	4810458	0	
9.72984	1	4810700	4810700	0	
9.73231	1	4811902	4811902	0	
9.73231	1	4812160	4812160	0	
9.73488	1	4813346	4813346	0	
9.73488	1	4813620	4813620	0	
9.73735	1	4814790	4814790	0	
9.73735	1	4815080	4815080	0	
9.73981	1	4816234	4816234	0	
9.73981	1	4816540	4816540	0	
9.74228	1	4817678	4817678	0	
9.74228	1	4818000	4818000	0	
9.74475	1	4819122	4819122	0	
9.74475	1	4819460	4819460	0	
9.74722	1	4820566	4820566	0	
9.74722	1	4820920	4820920	0	
9.74969	1	4822010	4822010	0	
9.74969	1	4822380	4822380	0	
9.75217	1	4823454	4823454	0	
9.75217	1	4823840	4823840	0	
9.75473	1	4824898	4824898	0	
9.75473	1	4825300	4825300	0	
9.7562	1	4826342	4826342	0	
9.7562	1	4826760	4826760	0	
9.75867	1	4827786	4827786	0	
9.75867	1	4828220	4828220	0	
9.76114	1	4829230	4829230	0	
9.76114	1	4829680	4829680	0	
9.76361	1	4830674	4830674	0	
9.76361	1	4831140	4831140	0	
9.76617	1	4832118	4832118	0	
9.76617	1	4832600	4832600	0	
9.76864	1	4833562	4833562	0	
9.76864	1	4834060	4834060	0	
9.77111	1	4835006	4835006	0	
9.77111	1	4835520	4835520	0	
9.77359	1	4836450	4836450	0	
9.77359	1	4836980	4836980	0	
9.77605	1	4837894	4837894	0	
9.77605	1	4838440	4838440	0	
9.77852	1	4839338	4839338	0	
9.77852	1	4839900	4839900	0	
9.78099	1	4840782	4840782	0	
9.78099	1	4841360	4841360	0	
9.78346	1	4842226	4842226	0	
9.78346	1	4842820	4842820	0	
9.78603	1	4843670	4843670	0	
9.78603	1	4844280	4844280	0	
9.78849	1	4845114	4845114	0	
9.78849	1	4845740	4845740	0	
9.79096	1	4846558	4846558	0	
9.79096	1	4847200	4847200	0	
9.79343	1	4848002	4848002	0	
9.79343	1	4848660	4848660	0	
9.7959	1	4849446	4849446	0	
9.7959	1	4850120	4850120	0	
9.79838	1	4850890	4850890	0	
9.79838	1	4851580	4851580	0	
9.80094	1	4852334	4852334	0	
9.80094	1	4853040	4853040	0	
9.80341	1	4853778	4853778	0	
9.80341	1	4854500	4854500	0	
9.80588	1	4855222	4855222	0	
9.80588	1	4855960	4855960	0	
9.80835	1	4856666	4856666	0	
9.80835	1	4857420	4857420	0	
9.81082	1	4858110	4858110	0	
9.81082	1	4858880	4858880	0	
9.81329	1	4859554	4859554	0	
9.81329	1	4860340	4860340	0	
9.81576	1	4860998	4860998	0	
9.81576	1	4861800	4861800	0	
9.81832	1	4862442	4862442	0	
9.81832	1	4863260	4863260	0	
9.8208	1	4863886	4863886	0	
9.8208	1	4864720	4864720	0	
9.82327	1	4865330	4865330	0	
9.82327	1	4866180	4866180	0	
9.82573	1	4866774	4866774	0	
9.82573	1	4867640	4867640	0	
9.8282	1	4868218	4868218	0	
9.8282	1	4869100	4869100	0	
9.83077	1	4869662	4869662	0	
9.83077	1	4870560	4870560	0	
9.83324	1	4871106	4871106	0	
9.83324	1	4872020	4872020	0	
9.83571	1	4872550	4872550	0	
9.83571	1	4873480	4873480	0	
9.83817	1	4873994	4873994	0	
9.83817	1	4874940	4874940	0	
9.84064	1	4875438	4875438	0	
9.84064	1	4876400	4876400	0	
9.84311	1	4876882	4876882	0	
9.84311	1	4877860	4877860	0	
9.84568	1	4878326	4878326	0	
9.84568	1	4879320	4879320	0	
9.84815	1	4879770	4879770	0	
9.84815	1	4880780	4880780	0	
9.85062	1	4881214	4881214	0	
9.85062	1	4882240	4882240	0	
9.85309	1	4882658	4882658	0	
9.85309	1	4883700	4883700	0	
9.85456	1	4884102	4884102	0	
9.85456	1	4885160	4885160	0	
9.85703	1	4885546	4885546	0	
9.85703	1	4886620	4886620	0	
9.8595	1	4886990	4886990	0	
9.8595	1	4888080	4888080	0	
9.86206	1	4888434	4888434	0	
9.86206	1	4889540	4889540	0	
9.86453	1	4889878	4889878	0	
9.86453	1	4891000	4891000	0	
9.86701	1	4891322	4891322	0	
9.86701	1	4892460	4892460	0	
9.86948	1	4892766	4892766	0	
9.86948	1	4893920	4893920	0	
9.87195	1	4894210	4894210	0	
9.87195	1	4895380	4895380	0	
9.87441	1	4895654	4895654	0	
9.87441	1	4896840	4896840	0	
9.87698	1	4897098	4897098	0	
9.87698	1	4898300	4898300	0	
9.87945	1	4898542	4898542	0	
9.87945	1	4899760	4899760	0	
9.88192	1	4899986	4899986	0	
9.88192	1	4901220	4901220	0	
9.88439	1	4901430	4901430	0	
9.88439	1	4902680	4902680	0	
9.88685	1	4902874	4902874	0	
9.88685	1	4904140	4904140	0	
9.88932	1	4904318	4904318	0	
9.88932	1	4905600	4905600	0	
9.8918	1	4905762	4905762	0	
9.8918	1	4907060	4907060	0	
9.89436	1	4907206	4907206	0	
9.89436	1	4908520	4908520	0	
9.89683	1	4908650	4908650	0	
9.89683	1	4909980	4909980	0	
9.8993	1	4910094	4910094	0	
9.8993	1	4911440	4911440	0	
9.90177	1	4911538	4911538	0	
9.90177	1	4912900	4912900	0	
9.90424	1	4912982	4912982	0	
9.90424	1	4914360	4914360	0	
9.90671	1	4914426	4914426	0	
9.90671	1	4915820	4915820	0	
9.90927	1	4915870	4915870	0	
9.90927	1	4917280	4917280	0	
9.91174	1	4917314	4917314	0	
9.91174	1	4918740	4918740	0	
9.91421	1	4918758	4918758	0	
9.91421	1	4920200	4920200	0	
9.91668	1	4920202	4920202	0	
9.91915	1	4921654	4921654	0	
9.91915	1	4921660	4921660	0	
9.92162	1	4923099	4923099	0	
9.92162	1	4923120	4923120	0	
9.92409	1	4924544	4924544	0	
9.92409	1	4924580	4924580	0	
9.92665	1	4925989	4925989	0	
9.92665	1	4926040	4926040	0	
9.92912	1	4927434	4927434	0	
9.92912	1	4927500	4927500	0	
9.93159	1	4928878	4928878	0	
9.93159	1	4928960	4928960	0	
9.93406	1	4930322	4930322	0	
9.93406	1	4930420	4930420	0	
9.93653	1	4931766	4931766	0	
9.93653	1	4931880	4931880	0	
9.9391	1	4933210	4933210	0	
9.9391	1	4933340	4933340	0	
9.94157	1	4934654	4934654	0	
9.94157	1	4934800	4934800	0	
9.94404	1	4936098	4936098	0	
9.94404	1	4936260	4936260	0	
9.94651	1	4937542	4937542	0	
9.94651	1	4937720	4937720	0	
9.94898	1	4938986	4938986	0	
9.94898	1	4939180	4939180	0	
9.95439	1	4940430	4940430	0	
9.95439	1	4940640	4940640	0	
9.95701	1	4941874	4941874	0	
9.95701	1	4942100	4942100	0	
9.95948	1	4943318	4943318	0	
9.95948	1	4943560	4943560	0	
9.96195	1	4944762	4944762	0	
9.96195	1	4945020	4945020	0	
9.96442	1	4946206	4946206	0	
9.96442	1	4946480	4946480	0	
9.96689	1	4947650	4947650	0	
9.96689	1	4947940	4947940	0	
9.96936	1	4949094	4949094	0	
9.96936	1	4949400	4949400	0	
9.97183	1	4950538	4950538	0	
9.97183	1	4950860	4950860	0	
9.9744	1	4951982	4951982	0	
9.9744	1	4952320	4952320	0	
9.97686	1	4953426	4953426	0	
9.97686	1	4953780	4953780	0	
9.97933	1	4954870	4954870	0	
9.97933	1	4955240	4955240	0	
9.9818	1	4956314	4956314	0	
9.9818	1	4956700	4956700	0	
9.98427	1	4957758	4957758	0	
9.98427	1	4958160	4958160	0	
9.98674	1	4959202	4959202	0	
9.98674	1	4959620	4959620	0	
9.98931	1	4960646	4960646	0	
9.98931	1	4961080	4961080	0	
9.99178	1	4962090	4962090	0	
9.99178	1	4962540	4962540	0	
9.99425	1	4963534	4963534	0	
9.99425	1	4964000	4964000	0	
9.99672	1	4964978	4964978	0	
9.99672	1	4965460	4965460	0	
9.99919	1	4966422	4966422	0	
9.99919	1	4966920	4966920	0	
10.0017	1	4967866	4967866	0	
10.0017	1	4968380	4968380	0	
10.0041	1	4969310	4969310	0	
10.0041	1	4969840	4969840	0	
10.0067	1	4970754	4970754	0	
10.0067	1	4971300	4971300	0	
10.0092	1	4972198	4972198	0	
10.0092	1	4972760	4972760	0	
10.0116	1	4973642	4973642	0	
10.0116	1	4974220	4974220	0	
10.0141	1	4975086	4975086	0	
10.0141	1	4975680	4975680	0	
10.0166	1	4976530	4976530	0	
10.0166	1	4977140	4977140	0	
10.019	1	4977974	4977974	0	
10.019	1	4978600	4978600	0	
10.0216	1	4979418	4979418	0	
10.0216	1	4980060	4980060	0	
10.0241	1	4980862	4980862	0	
10.0241	1	4981520	4981520	0	
10.0265	1	4982306	4982306	0	
10.0265	1	4982980	4982980	0	
10.029	1	4983750	4983750	0	
10.029	1	4984440	4984440	0	
10.0315	1	4985194	4985194	0	
10.0315	1	4985900	4985900	0	
10.0341	1	4986638	4986638	0	
10.0341	1	4987360	4987360	0	
10.0365	1	4988082	4988082	0	
10.0365	1	4988820	4988820	0	
10.039	1	4989526	4989526	0	
10.039	1	4990280	4990280	0	
10.0415	1	4990970	4990970	0	
10.0415	1	4991740	4991740	0	
10.0439	1	4992414	4992414	0	
10.0439	1	4993200	4993200	0	
10.0464	1	4993858	4993858	0	
10.0464	1	4994660	4994660	0	
10.0489	1	4995302	4995302	0	
10.0489	1	4996120	4996120	0	
10.0514	1	4996746	4996746	0	
10.0514	1	4997580	4997580	0	
10.0539	1	4998190	4998190	0	
10.0539	1	4999040	4999040	0	
10.0564	1	4999634	4999634	0	
10.0564	1	5000500	5000500	0	
10.0578	1	5001078	5001078	0	
10.0578	1	5001960	5001960	0	
10.0603	1	5002522	5002522	0	
10.0603	1	5003420	5003420	0	
10.0628	1	5003966	5003966	0	
10.0628	1	5004880	5004880	0	
10.0653	1	5005410	5005410	0	
10.0653	1	5006340	5006340	0	
10.0678	1	5006854	5006854	0	
10.0678	1	5007800	5007800	0	
10.0703	1	5008298	5008298	0	
10.0703	1	5009260	5009260	0	
10.0728	1	5009742	5009742	0	
10.0728	1	5010720	5010720	0	
10.0752	1	5011186	5011186	0	
10.0752	1	5012180	5012180	0	
10.0777	1	5012630	5012630	0	
10.0777	1	5013640	5013640	0	
10.0802	1	5014074	5014074	0	
10.0802	1	5015100	5015100	0	
10.0827	1	5015518	5015518	0	
10.0827	1	5016560	5016560	0	
10.0852	1	5016962	5016962	0	
10.0852	1	5018020	5018020	0	
10.0877	1	5018406	5018406	0	
10.0877	1	5019480	5019480	0	
10.0901	1	5019850	5019850	0	
10.0901	1	5020940	5020940	0	
10.0926	1	5021294	5021294	0	
10.0926	1	5022400	5022400	0	
10.0951	1	5022738	5022738	0	
10.0951	1	5023860	5023860	0	
10.0976	1	5024182	5024182	0	
10.0976	1	5025320	5025320	0	
10.1001	1	5025626	5025626	0	
10.1001	1	5026780	5026780	0	
10.1026	1	5027070	5027070	0	
10.1026	1	5028240	5028240	0	
10.1051	1	5028514	5028514	0	
10.1051	1	5029700	5029700	0	
10.1075	1	5029958	5029958	0	
10.1075	1	5031160	5031160	0	
10.11	1	5031402	5031402	0	
10.11	1	5032620	5032620	0	
10.1125	1	5032846	5032846	0	
10.1125	1	5034080	5034080	0	
10.115	1	5034290	5034290	0	
10.115	1	5035540	5035540	0	
10.1175	1	5035734	5035734	0	
10.1175	1	5037000	5037000	0	
10.12	1	5037178	5037178	0	
10.12	1	5038460	5038460	0	
10.1224	1	5038622	5038622	0	
10.1224	1	5039920	5039920	0	
10.1249	1	5040066	5040066	0	
10.1249	1	5041380	5041380	0	
10.1274	1	5041510	5041510	0	
10.1274	1	5042840	5042840	0	
10.1299	1	5042954	5042954	0	
10.1299	1	5044300	5044300	0	
10.1324	1	5044398	5044398	0	
10.1324	1	5045760	5045760	0	
10.1349	1	5045842	5045842	0	
10.1349	1	5047220	5047220	0	
10.1374	1	5047286	5047286	0	
10.1374	1	5048680	5048680	0	
10.1398	1	5048730	5048730	0	
10.1398	1	5050140	5050140	0	
10.1423	1	5050174	5050174	0	
10.1423	1	5051600	5051600	0	
10.1448	1	5051618	5051618	0	
10.1448	1	5053060	5053060	0	
10.1473	1	5053062	5053062	0	
10.1498	1	5054514	5054514	0	
10.1498	1	5054520	5054520	0	
10.1523	1	5055959	5055959	0	
10.1523	1	5055980	5055980	0	
10.1547	1	5057404	5057404	0	
10.1547	1	5057440	5057440	0	
10.1552	1	5058849	5058849	0	
10.1552	1	5058900	5058900	0	
10.1577	1	5060294	5060294	0	
10.1577	1	5060360	5060360	0	
10.1602	1	5061738	5061738	0	
10.1602	1	5061820	5061820	0	
10.1627	1	5063182	5063182	0	
10.1627	1	5063280	5063280	0	
10.1652	1	5064626	5064626	0	
10.1652	1	5064740	5064740	0	
10.1676	1	5066070	5066070	0	
10.1676	1	5066200	5066200	0	
10.1701	1	5067514	5067514	0	
10.1701	1	5067660	5067660	0	
10.1726	1	5068958	5068958	0	
10.1726	1	5069120	5069120	0	
10.1752	1	5070402	5070402	0	
10.1752	1	5070580	5070580	0	
10.1776	1	5071846	5071846	0	
10.1776	1	5072040	5072040	0	
10.1801	1	5073290	5073290	0	
10.1801	1	5073500	5073500	0	
10.1826	1	5074734	5074734	0	
10.1826	1	5074960	5074960	0	
10.185	1	5076178	5076178	0	
10.185	1	5076420	5076420	0	
10.1875	1	5077622	5077622	0	
10.1875	1	5077880	5077880	0	
10.19	1	5079066	5079066	0	
10.19	1	5079340	5079340	0	
10.1925	1	5080510	5080510	0	
10.1925	1	5080800	5080800	0	
10.195	1	5081954	5081954	0	
10.195	1	5082260	5082260	0	
10.1975	1	5083398	5083398	0	
10.1975	1	5083720	5083720	0	
10.1999	1	5084842	5084842	0	
10.1999	1	5085180	5085180	0	
10.2024	1	5086286	5086286	0	
10.2024	1	5086640	5086640	0	
10.2049	1	5087730	5087730	0	
10.2049	1	5088100	5088100	0	
10.2074	1	5089174	5089174	0	
10.2074	1	5089560	5089560	0	
10.2099	1	5090618	5090618	0	
10.2099	1	5091020	5091020	0	
10.2124	1	5092062	5092062	0	
10.2124	1	5092480	5092480	0	
10.2149	1	5093506	5093506	0	
10.2149	1	5093940	5093940	0	
10.2173	1	5094950	5094950	0	
10.2173	1	5095400	5095400	0	
10.2198	1	5096394	5096394	0	
10.2198	1	5096860	5096860	0	
10.2223	1	5097838	5097838	0	
10.2223	1	5098320	5098320	0	
10.2248	1	5099282	5099282	0	
10.2248	1	5099780	5099780	0	
10.2273	1	5100726	5100726	0	
10.2273	1	5101240	5101240	0	
10.2298	1	5102170	5102170	0	
10.2298	1	5102700	5102700	0	
10.2322	1	5103614	5103614	0	
10.2322	1	5104160	5104160	0	
10.2347	1	5105058	5105058	0	
10.2347	1	5105620	5105620	0	
10.2373	1	5106502	5106502	0	
10.2373	1	5107080	5107080	0	
10.2397	1	5107946	5107946	0	
10.2397	1	5108540	5108540	0	
10.2422	1	5109390	5109390	0	
10.2422	1	5110000	5110000	0	
10.2447	1	5110834	5110834	0	
10.2447	1	5111460	5111460	0	
10.2472	1	5112278	5112278	0	
10.2472	1	5112920	5112920	0	
10.2496	1	5113722	5113722	0	
10.2496	1	5114380	5114380	0	
10.2522	1	5115166	5115166	0	
10.2522	1	5115840	5115840	0	
10.2547	1	5116610	5116610	0	
10.2547	1	5117300	5117300	0	
10.2571	1	5118054	5118054	0	
10.2571	1	5118760	5118760	0	
10.2596	1	5119498	5119498	0	
10.2596	1	5120220	5120220	0	
10.2621	1	5120942	5120942	0	
10.2621	1	5121680	5121680	0	
10.2645	1	5122386	5122386	0	
10.2645	1	5123140	5123140	0	
10.267	1	5123830	5123830	0	
10.267	1	5124600	5124600	0	
10.2696	1	5125274	5125274	0	
10.2696	1	5126060	5126060	0	
10.272	1	5126718	5126718	0	
10.272	1	5127520	5127520	0	
10.2745	1	5128162	5128162	0	
10.2745	1	5128980	5128980	0	
10.277	1	5129606	5129606	0	
10.277	1	5130440	5130440	0	
10.2794	1	5131050	5131050	0	
10.2794	1	5131900	5131900	0	
10.2819	1	5132494	5132494	0	
10.2819	1	5133360	5133360	0	
10.2845	1	5133938	5133938	0	
10.2845	1	5134820	5134820	0	
10.287	1	5135382	5135382	0	
10.287	1	5136280	5136280	0	
10.2894	1	5136826	5136826	0	
10.2894	1	5137740	5137740	0	
10.2919	1	5138270	5138270	0	
10.2919	1	5139200	5139200	0	
10.2944	1	5139714	5139714	0	
10.2944	1	5140660	5140660	0	
10.2968	1	5141158	5141158	0	
10.2968	1	5142120	5142120	0	
10.2993	1	5142602	5142602	0	
10.2993	1	5143580	5143580	0	
10.3019	1	5144046	5144046	0	
10.3019	1	5145040	5145040	0	
10.3043	1	5145490	5145490	0	
10.3043	1	5146500	5146500	0	
10.3068	1	5146934	5146934	0	
10.3068	1	5147960	5147960	0	
10.3093	1	5148378	5148378	0	
10.3093	1	5149420	5149420	0	
10.3117	1	5149822	5149822	0	
10.3117	1	5150880	5150880	0	
10.3142	1	5151266	5151266	0	
10.3142	1	5152340	5152340	0	
10.3168	1	5152710	5152710	0	
10.3168	1	5153800	5153800	0	
10.3193	1	5154154	5154154	0	
10.3193	1	5155260	5155260	0	
10.3217	1	5155598	5155598	0	
10.3217	1	5156720	5156720	0	
10.3242	1	5157042	5157042	0	
10.3242	1	5158180	5158180	0	
10.3267	1	5158486	5158486	0	
10.3267	1	5159640	5159640	0	
10.3291	1	5159930	5159930	0	
10.3291	1	5161100	5161100	0	
10.3316	1	5161374	5161374	0	
10.3316	1	5162560	5162560	0	
10.3342	1	5162818	5162818	0	
10.3342	1	5164020	5164020	0	
10.3366	1	5164262	5164262	0	
10.3366	1	5165480	5165480	0	
10.3391	1	5165706	5165706	0	
10.3391	1	5166940	5166940	0	
10.3416	1	5167150	5167150	0	
10.3416	1	5168400	5168400	0	
10.344	1	5168594	5168594	0	
10.344	1	5169860	5169860	0	
10.3466	1	5170038	5170038	0	
10.3466	1	5171320	5171320	0	
10.3491	1	5171482	5171482	0	
10.3491	1	5172780	5172780	0	
10.3515	1	5172926	5172926	0	
10.3515	1	5174240	5174240	0	
10.354	1	5174370	5174370	0	
10.354	1	5175700	5175700	0	
10.3565	1	5175814	5175814	0	
10.3565	1	5177160	5177160	0	
10.359	1	5177258	5177258	0	
10.359	1	5178620	5178620	0	
10.3615	1	5178702	5178702	0	
10.3615	1	5180080	5180080	0	
10.364	1	5180146	5180146	0	
10.364	1	5181540	5181540	0	
10.3665	1	5181590	5181590	0	
10.3665	1	5183000	5183000	0	
10.3689	1	5183034	5183034	0	
10.3689	1	5184460	5184460	0	
10.3714	1	5184478	5184478	0	
10.3714	1	5185920	5185920	0	
10.3739	1	5185922	5185922	0	
10.3763	1	5187374	5187374	0	
10.3763	1	5187380	5187380	0	
10.3789	1	5188819	5188819	0	
10.3789	1	5188840	5188840	0	
10.3814	1	5190264	5190264	0	
10.3814	1	5190300	5190300	0	
10.3838	1	5191709	5191709	0	
10.3838	1	5191760	5191760	0	
10.3863	1	5193154	5193154	0	
10.3863	1	5193220	5193220	0	
10.3888	1	5194598	5194598	0	
10.3888	1	5194680	5194680	0	
10.3912	1	5196042	5196042	0	
10.3912	1	5196140	5196140	0	
10.3938	1	5197486	5197486	0	
10.3938	1	5197600	5197600	0	
10.3963	1	5198930	5198930	0	
10.3963	1	5199060	5199060	0	
10.3988	1	5200374	5200374	0	
10.3988	1	5200520	5200520	0	
10.4012	1	5201818	5201818	0	
10.4012	1	5201980	5201980	0	
10.4037	1	5203262	5203262	0	
10.4037	1	5203440	5203440	0	
10.4062	1	5204706	5204706	0	
10.4062	1	5204900	5204900	0	
10.4086	1	5206150	5206150	0	
10.4086	1	5206360	5206360	0	
10.4112	1	5207594	5207594	0	
10.4112	1	5207820	5207820	0	
10.4137	1	5209038	5209038	0	
10.4137	1	5209280	5209280	0	
10.4161	1	5210482	5210482	0	
10.4161	1	5210740	5210740	0	
10.4186	1	5211926	5211926	0	
10.4186	1	5212200	5212200	0	
10.4211	1	5213370	5213370	0	
10.4211	1	5213660	5213660	0	
10.4235	1	5214814	5214814	0	
10.4235	1	5215120	5215120	0	
10.4261	1	5216258	5216258	0	
10.4261	1	5216580	5216580	0	
10.4286	1	5217702	5217702	0	
10.4286	1	5218040	5218040	0	
10.431	1	5219146	5219146	0	
10.431	1	5219500	5219500	0	
10.4335	1	5220590	5220590	0	
10.4335	1	5220960	5220960	0	
10.436	1	5222034	5222034	0	
10.436	1	5222420	5222420	0	
10.4385	1	5223478	5223478	0	
10.4385	1	5223880	5223880	0	
10.4409	1	5224922	5224922	0	
10.4409	1	5225340	5225340	0	
10.4435	1	5226366	5226366	0	
10.4435	1	5226800	5226800	0	
10.446	1	5227810	5227810	0	
10.446	1	5228260	5228260	0	
10.4484	1	5229254	5229254	0	
10.4484	1	5229720	5229720	0	
10.4509	1	5230698	5230698	0	
10.4509	1	5231180	5231180	0	
10.4553	1	5232142	5232142	0	
10.4553	1	5232640	5232640	0	
10.4579	1	5233586	5233586	0	
10.4579	1	5234100	5234100	0	
10.4604	1	5235030	5235030	0	
10.4604	1	5235560	5235560	0	
10.4629	1	5236474	5236474	0	
10.4629	1	5237020	5237020	0	
10.4653	1	5237918	5237918	0	
10.4653	1	5238480	5238480	0	
10.4678	1	5239362	5239362	0	
10.4678	1	5239940	5239940	0	
10.4703	1	5240806	5240806	0	
10.4703	1	5241400	5241400	0	
10.4715	1	5242250	5242250	0	
10.4715	1	5242860	5242860	0	
RESULT_ONE_PATH,0,1,5242880,9.467817766,9.471510806,5242880
DIAG_ONE_PATH,0.161016082,9.021606566,9.056366486
